AGY,AGYT,AGYSUB,AGYSUBT,ACC,ACCT,EFDATE,AGELVLT,EDLVL,EDLVLT,LOS,OCC,OCCT,OCCFAM,OCCFAMT,PAYPLAN,PAYPLANT,STEMAGGT,STEMTYPT,SUPERVIS,SUPERVIST,TOA,TOAT,WORKSCH,WORKSCHT,COUNT,LOC,STATE,STATET,COUNTRY,COUNTRYT,SALARY,GRD
SB,SMALL BUSINESS ADMINISTRATION,SB00,SMALL BUSINESS ADMINISTRATION,AC,New Hire - Competitive Service Appointment,202407,55-59,21,DOCTORATE DEGREE,4.9,0110,ECONOMIST,01,"SOCIAL SCIENCE, PSYCHOLOGY, AND WELFARE GROUP",GS,GENERAL SCHEDULE,STEM OCCUPATIONS,SCIENCE OCCUPATIONS,8,ALL OTHER POSITIONS,10,CAREER (COMPETITIVE SERVICE PERMANENT),F,FULL-TIME,1,11,DC,DISTRICT OF COLUMBIA,US,UNITED STATES,139395,14
IN,DEPARTMENT OF INTERIOR,IN08,GEOLOGICAL SURVEY,AC,New Hire - Competitive Service Appointment,202406,25-29,19,SIXTH-YEAR DEGREE,0.0,0110,ECONOMIST,01,"SOCIAL SCIENCE, PSYCHOLOGY, AND WELFARE GROUP",GS,GENERAL SCHEDULE,STEM OCCUPATIONS,SCIENCE OCCUPATIONS,8,ALL OTHER POSITIONS,20,NONPERMANENT (COMPETITTIVE SERVICE NONPERMANENT),F,FULL-TIME,1,08,CO,COLORADO,US,UNITED STATES,96684,12
IN,DEPARTMENT OF INTERIOR,IN07,BUREAU OF RECLAMATION,AC,New Hire - Competitive Service Appointment,202405,35-39,21,DOCTORATE DEGREE,0.0,0110,ECONOMIST,01,"SOCIAL SCIENCE, PSYCHOLOGY, AND WELFARE GROUP",GS,GENERAL SCHEDULE,STEM OCCUPATIONS,SCIENCE OCCUPATIONS,8,ALL OTHER POSITIONS,15,CAREER-CONDITIONAL (COMPETITIVE SERVICE PERMANENT),F,FULL-TIME,1,06,CA,CALIFORNIA,US,UNITED STATES,137202,13
IN,DEPARTMENT OF INTERIOR,IN05,BUREAU OF LAND MANAGEMENT,AC,New Hire - Competitive Service Appointment,202404,25-29,17,MASTER'S DEGREE,0.0,0110,ECONOMIST,01,"SOCIAL SCIENCE, PSYCHOLOGY, AND WELFARE GROUP",GS,GENERAL SCHEDULE,STEM OCCUPATIONS,SCIENCE OCCUPATIONS,8,ALL OTHER POSITIONS,15,CAREER-CONDITIONAL (COMPETITIVE SERVICE PERMANENT),F,FULL-TIME,1,06,CA,CALIFORNIA,US,UNITED STATES,96148,12
IN,DEPARTMENT OF INTERIOR,IN08,GEOLOGICAL SURVEY,AC,New Hire - Competitive Service Appointment,202410,35-39,21,DOCTORATE DEGREE,0.0,0110,ECONOMIST,01,"SOCIAL SCIENCE, PSYCHOLOGY, AND WELFARE GROUP",GS,GENERAL SCHEDULE,STEM OCCUPATIONS,SCIENCE OCCUPATIONS,8,ALL OTHER POSITIONS,15,CAREER-CONDITIONAL (COMPETITIVE SERVICE PERMANENT),F,FULL-TIME,1,51,VA,VIRGINIA,US,UNITED STATES,153354,13
MC,FEDERAL MARITIME COMMISSION,MC00,FEDERAL MARITIME COMMISSION,AC,New Hire - Competitive Service Appointment,202407,35-39,17,MASTER'S DEGREE,0.0,0110,ECONOMIST,01,"SOCIAL SCIENCE, PSYCHOLOGY, AND WELFARE GROUP",GS,GENERAL SCHEDULE,STEM OCCUPATIONS,SCIENCE OCCUPATIONS,8,ALL OTHER POSITIONS,15,CAREER-CONDITIONAL (COMPETITIVE SERVICE PERMANENT),F,FULL-TIME,1,11,DC,DISTRICT OF COLUMBIA,US,UNITED STATES,82764,11
IN,DEPARTMENT OF INTERIOR,IN05,BUREAU OF LAND MANAGEMENT,AC,New Hire - Competitive Service Appointment,202409,30-34,13,BACHELOR'S DEGREE,11.3,0110,ECONOMIST,01,"SOCIAL SCIENCE, PSYCHOLOGY, AND WELFARE GROUP",GS,GENERAL SCHEDULE,STEM OCCUPATIONS,SCIENCE OCCUPATIONS,8,ALL OTHER POSITIONS,15,CAREER-CONDITIONAL (COMPETITIVE SERVICE PERMANENT),F,FULL-TIME,1,56,WY,WYOMING,US,UNITED STATES,86962,12
IN,DEPARTMENT OF INTERIOR,IN08,GEOLOGICAL SURVEY,AC,New Hire - Competitive Service Appointment,202408,35-39,17,MASTER'S DEGREE,0.0,0110,ECONOMIST,01,"SOCIAL SCIENCE, PSYCHOLOGY, AND WELFARE GROUP",GS,GENERAL SCHEDULE,STEM OCCUPATIONS,SCIENCE OCCUPATIONS,8,ALL OTHER POSITIONS,15,CAREER-CONDITIONAL (COMPETITIVE SERVICE PERMANENT),F,FULL-TIME,1,51,VA,VIRGINIA,US,UNITED STATES,82764,11
HS,DEPARTMENT OF HOMELAND SECURITY,HSBC,TRANSPORTATION SECURITY ADMINISTRATION,AD,New Hire - Excepted Service Appointment,202410,60-64,04,HIGH SCHOOL GRADUATE OR CERTIFICATE OF EQUIVALENCY,18.8,0110,ECONOMIST,01,"SOCIAL SCIENCE, PSYCHOLOGY, AND WELFARE GROUP",SV,TRANSPORTATION SECURITY ADMINISTRATION EMPLOYEES OTHER THAN EXECUTIVES,STEM OCCUPATIONS,SCIENCE OCCUPATIONS,2,SUPERVISOR OR MANAGER,38,OTHER (EXCEPTED SERVICE PERMANENT),F,FULL-TIME,1,51,VA,VIRGINIA,US,UNITED STATES,196754,K
CE,COUNCIL OF ECONOMIC ADVISERS,CE00,COUNCIL OF ECONOMIC ADVISERS,AD,New Hire - Excepted Service Appointment,202503,25-29,20,POST-SIXTH YEAR,0.0,0110,ECONOMIST,01,"SOCIAL SCIENCE, PSYCHOLOGY, AND WELFARE GROUP",AD,"ADMINISTRATIVELY DETERMINED RATES, NOT ELSEWHERE SPECIFIED",STEM OCCUPATIONS,SCIENCE OCCUPATIONS,8,ALL OTHER POSITIONS,48,OTHER (EXCEPTED SERVICE NONPERMANENT),F,FULL-TIME,1,11,DC,DISTRICT OF COLUMBIA,US,UNITED STATES,66000,00
CM,DEPARTMENT OF COMMERCE,CM55,INTERNATIONAL TRADE ADMINISTRATION,AC,New Hire - Competitive Service Appointment,202501,35-39,17,MASTER'S DEGREE,7.1,0110,ECONOMIST,01,"SOCIAL SCIENCE, PSYCHOLOGY, AND WELFARE GROUP",GS,GENERAL SCHEDULE,STEM OCCUPATIONS,SCIENCE OCCUPATIONS,8,ALL OTHER POSITIONS,15,CAREER-CONDITIONAL (COMPETITIVE SERVICE PERMANENT),F,FULL-TIME,1,11,DC,DISTRICT OF COLUMBIA,US,UNITED STATES,156755,13
CE,COUNCIL OF ECONOMIC ADVISERS,CE00,COUNCIL OF ECONOMIC ADVISERS,AD,New Hire - Excepted Service Appointment,202503,25-29,17,MASTER'S DEGREE,0.0,0110,ECONOMIST,01,"SOCIAL SCIENCE, PSYCHOLOGY, AND WELFARE GROUP",AD,"ADMINISTRATIVELY DETERMINED RATES, NOT ELSEWHERE SPECIFIED",STEM OCCUPATIONS,SCIENCE OCCUPATIONS,8,ALL OTHER POSITIONS,48,OTHER (EXCEPTED SERVICE NONPERMANENT),F,FULL-TIME,1,11,DC,DISTRICT OF COLUMBIA,US,UNITED STATES,65000,00
RR,RAILROAD RETIREMENT BOARD,RR00,RAILROAD RETIREMENT BOARD,AD,New Hire - Excepted Service Appointment,202404,30-34,17,MASTER'S DEGREE,0.0,0110,ECONOMIST,01,"SOCIAL SCIENCE, PSYCHOLOGY, AND WELFARE GROUP",GS,GENERAL SCHEDULE,STEM OCCUPATIONS,SCIENCE OCCUPATIONS,8,ALL OTHER POSITIONS,35,SCHEDULE D (EXCEPTED SERVICE PERMANENT),F,FULL-TIME,1,17,IL,ILLINOIS,US,UNITED STATES,66942,09
RR,RAILROAD RETIREMENT BOARD,RR00,RAILROAD RETIREMENT BOARD,AD,New Hire - Excepted Service Appointment,202404,25-29,17,MASTER'S DEGREE,0.0,0110,ECONOMIST,01,"SOCIAL SCIENCE, PSYCHOLOGY, AND WELFARE GROUP",GS,GENERAL SCHEDULE,STEM OCCUPATIONS,SCIENCE OCCUPATIONS,8,ALL OTHER POSITIONS,35,SCHEDULE D (EXCEPTED SERVICE PERMANENT),F,FULL-TIME,1,17,IL,ILLINOIS,US,UNITED STATES,66942,09
RR,RAILROAD RETIREMENT BOARD,RR00,RAILROAD RETIREMENT BOARD,AD,New Hire - Excepted Service Appointment,202404,40-44,17,MASTER'S DEGREE,0.0,0110,ECONOMIST,01,"SOCIAL SCIENCE, PSYCHOLOGY, AND WELFARE GROUP",GS,GENERAL SCHEDULE,STEM OCCUPATIONS,SCIENCE OCCUPATIONS,8,ALL OTHER POSITIONS,38,OTHER (EXCEPTED SERVICE PERMANENT),F,FULL-TIME,1,17,IL,ILLINOIS,US,UNITED STATES,87024,09
AG,DEPARTMENT OF AGRICULTURE,AG02,AGRICULTURAL MARKETING SERVICE,AC,New Hire - Competitive Service Appointment,202501,30-34,21,DOCTORATE DEGREE,0.0,0110,ECONOMIST,01,"SOCIAL SCIENCE, PSYCHOLOGY, AND WELFARE GROUP",GS,GENERAL SCHEDULE,STEM OCCUPATIONS,SCIENCE OCCUPATIONS,8,ALL OTHER POSITIONS,15,CAREER-CONDITIONAL (COMPETITIVE SERVICE PERMANENT),F,FULL-TIME,1,27,MN,MINNESOTA,US,UNITED STATES,73939,11
AG,DEPARTMENT OF AGRICULTURE,AG16,NATURAL RESOURCES CONSERVATION SERVICE,AC,New Hire - Competitive Service Appointment,202411,20-24,13,BACHELOR'S DEGREE,0.0,0110,ECONOMIST,01,"SOCIAL SCIENCE, PSYCHOLOGY, AND WELFARE GROUP",GS,GENERAL SCHEDULE,STEM OCCUPATIONS,SCIENCE OCCUPATIONS,8,ALL OTHER POSITIONS,15,CAREER-CONDITIONAL (COMPETITIVE SERVICE PERMANENT),F,FULL-TIME,1,16,ID,IDAHO,US,UNITED STATES,49025,07
AG,DEPARTMENT OF AGRICULTURE,AG18,ECONOMIC RESEARCH SERVICE,AC,New Hire - Competitive Service Appointment,202411,40-44,13,BACHELOR'S DEGREE,0.0,0110,ECONOMIST,01,"SOCIAL SCIENCE, PSYCHOLOGY, AND WELFARE GROUP",GS,GENERAL SCHEDULE,STEM OCCUPATIONS,SCIENCE OCCUPATIONS,8,ALL OTHER POSITIONS,15,CAREER-CONDITIONAL (COMPETITIVE SERVICE PERMANENT),F,FULL-TIME,1,11,DC,DISTRICT OF COLUMBIA,US,UNITED STATES,117962,13
AG,DEPARTMENT OF AGRICULTURE,AG10,FOREIGN AGRICULTURAL SERVICE,AA,Transfer In - Individual Transfer,202410,45-49,17,MASTER'S DEGREE,13.0,0110,ECONOMIST,01,"SOCIAL SCIENCE, PSYCHOLOGY, AND WELFARE GROUP",GS,GENERAL SCHEDULE,STEM OCCUPATIONS,SCIENCE OCCUPATIONS,8,ALL OTHER POSITIONS,10,CAREER (COMPETITIVE SERVICE PERMANENT),F,FULL-TIME,1,11,DC,DISTRICT OF COLUMBIA,US,UNITED STATES,153354,13
AG,DEPARTMENT OF AGRICULTURE,AG02,AGRICULTURAL MARKETING SERVICE,AC,New Hire - Competitive Service Appointment,202410,20-24,04,HIGH SCHOOL GRADUATE OR CERTIFICATE OF EQUIVALENCY,0.0,0110,ECONOMIST,01,"SOCIAL SCIENCE, PSYCHOLOGY, AND WELFARE GROUP",GS,GENERAL SCHEDULE,STEM OCCUPATIONS,SCIENCE OCCUPATIONS,8,ALL OTHER POSITIONS,15,CAREER-CONDITIONAL (COMPETITIVE SERVICE PERMANENT),F,FULL-TIME,1,51,VA,VIRGINIA,US,UNITED STATES,78238,11
AG,DEPARTMENT OF AGRICULTURE,AG18,ECONOMIC RESEARCH SERVICE,AC,New Hire - Competitive Service Appointment,202501,40-44,17,MASTER'S DEGREE,0.0,0110,ECONOMIST,01,"SOCIAL SCIENCE, PSYCHOLOGY, AND WELFARE GROUP",GS,GENERAL SCHEDULE,STEM OCCUPATIONS,SCIENCE OCCUPATIONS,8,ALL OTHER POSITIONS,15,CAREER-CONDITIONAL (COMPETITIVE SERVICE PERMANENT),F,FULL-TIME,1,18,IN,INDIANA,US,UNITED STATES,125690,14
AM,U.S. AGENCY FOR INTERNATIONAL DEV,AM00,U.S. AGENCY FOR INTERNATIONAL DEVELOPMENT,AD,New Hire - Excepted Service Appointment,202407,25-29,17,MASTER'S DEGREE,0.0,0110,ECONOMIST,01,"SOCIAL SCIENCE, PSYCHOLOGY, AND WELFARE GROUP",FP,FOREIGN SERVICE PERSONNEL,STEM OCCUPATIONS,SCIENCE OCCUPATIONS,8,ALL OTHER POSITIONS,48,OTHER (EXCEPTED SERVICE NONPERMANENT),F,FULL-TIME,1,11,DC,DISTRICT OF COLUMBIA,US,UNITED STATES,84402,05
AM,U.S. AGENCY FOR INTERNATIONAL DEV,AM00,U.S. AGENCY FOR INTERNATIONAL DEVELOPMENT,AD,New Hire - Excepted Service Appointment,202408,45-49,17,MASTER'S DEGREE,9.0,0110,ECONOMIST,01,"SOCIAL SCIENCE, PSYCHOLOGY, AND WELFARE GROUP",FP,FOREIGN SERVICE PERSONNEL,STEM OCCUPATIONS,SCIENCE OCCUPATIONS,8,ALL OTHER POSITIONS,48,OTHER (EXCEPTED SERVICE NONPERMANENT),F,FULL-TIME,1,36,NY,NEW YORK,US,UNITED STATES,186854,01
DL,DEPARTMENT OF LABOR,DLLS,BUREAU OF LABOR STATISTICS,AC,New Hire - Competitive Service Appointment,202405,25-29,17,MASTER'S DEGREE,0.0,0119,ECONOMICS ASSISTANT,01,"SOCIAL SCIENCE, PSYCHOLOGY, AND WELFARE GROUP",GS,GENERAL SCHEDULE,ALL OTHER OCCUPATIONS,ALL OTHER OCCUPATIONS,8,ALL OTHER POSITIONS,15,CAREER-CONDITIONAL (COMPETITIVE SERVICE PERMANENT),P,PART-TIME,1,34,NJ,NEW JERSEY,US,UNITED STATES,46494,05
DL,DEPARTMENT OF LABOR,DLLS,BUREAU OF LABOR STATISTICS,AD,New Hire - Excepted Service Appointment,202405,20-24,13,BACHELOR'S DEGREE,0.0,0110,ECONOMIST,01,"SOCIAL SCIENCE, PSYCHOLOGY, AND WELFARE GROUP",GS,GENERAL SCHEDULE,STEM OCCUPATIONS,SCIENCE OCCUPATIONS,8,ALL OTHER POSITIONS,35,SCHEDULE D (EXCEPTED SERVICE PERMANENT),F,FULL-TIME,1,06,CA,CALIFORNIA,US,UNITED STATES,57007,07
DN,DEPARTMENT OF ENERGY,DN00,DEPARTMENT OF ENERGY,AC,New Hire - Competitive Service Appointment,202404,35-39,04,HIGH SCHOOL GRADUATE OR CERTIFICATE OF EQUIVALENCY,1.8,0110,ECONOMIST,01,"SOCIAL SCIENCE, PSYCHOLOGY, AND WELFARE GROUP",GS,GENERAL SCHEDULE,STEM OCCUPATIONS,SCIENCE OCCUPATIONS,8,ALL OTHER POSITIONS,15,CAREER-CONDITIONAL (COMPETITIVE SERVICE PERMANENT),F,FULL-TIME,1,11,DC,DISTRICT OF COLUMBIA,US,UNITED STATES,169429,15
DL,DEPARTMENT OF LABOR,DLLS,BUREAU OF LABOR STATISTICS,AC,New Hire - Competitive Service Appointment,202404,55-59,04,HIGH SCHOOL GRADUATE OR CERTIFICATE OF EQUIVALENCY,0.0,0119,ECONOMICS ASSISTANT,01,"SOCIAL SCIENCE, PSYCHOLOGY, AND WELFARE GROUP",GS,GENERAL SCHEDULE,ALL OTHER OCCUPATIONS,ALL OTHER OCCUPATIONS,8,ALL OTHER POSITIONS,15,CAREER-CONDITIONAL (COMPETITIVE SERVICE PERMANENT),P,PART-TIME,1,20,KS,KANSAS,US,UNITED STATES,39576,05
EP,ENVIRONMENTAL PROTECTION AGENCY,EP00,ENVIRONMENTAL PROTECTION AGENCY,AC,New Hire - Competitive Service Appointment,202404,20-24,17,MASTER'S DEGREE,1.5,0110,ECONOMIST,01,"SOCIAL SCIENCE, PSYCHOLOGY, AND WELFARE GROUP",GS,GENERAL SCHEDULE,STEM OCCUPATIONS,SCIENCE OCCUPATIONS,8,ALL OTHER POSITIONS,15,CAREER-CONDITIONAL (COMPETITIVE SERVICE PERMANENT),F,FULL-TIME,1,11,DC,DISTRICT OF COLUMBIA,US,UNITED STATES,82764,11
DL,DEPARTMENT OF LABOR,DLLS,BUREAU OF LABOR STATISTICS,AC,New Hire - Competitive Service Appointment,202405,55-59,13,BACHELOR'S DEGREE,0.0,0119,ECONOMICS ASSISTANT,01,"SOCIAL SCIENCE, PSYCHOLOGY, AND WELFARE GROUP",GS,GENERAL SCHEDULE,ALL OTHER OCCUPATIONS,ALL OTHER OCCUPATIONS,8,ALL OTHER POSITIONS,15,CAREER-CONDITIONAL (COMPETITIVE SERVICE PERMANENT),P,PART-TIME,1,40,OK,OKLAHOMA,US,UNITED STATES,39576,05
EP,ENVIRONMENTAL PROTECTION AGENCY,EP00,ENVIRONMENTAL PROTECTION AGENCY,AC,New Hire - Competitive Service Appointment,202405,25-29,17,MASTER'S DEGREE,0.9,0110,ECONOMIST,01,"SOCIAL SCIENCE, PSYCHOLOGY, AND WELFARE GROUP",GS,GENERAL SCHEDULE,STEM OCCUPATIONS,SCIENCE OCCUPATIONS,8,ALL OTHER POSITIONS,15,CAREER-CONDITIONAL (COMPETITIVE SERVICE PERMANENT),F,FULL-TIME,1,11,DC,DISTRICT OF COLUMBIA,US,UNITED STATES,117962,13
DL,DEPARTMENT OF LABOR,DLLS,BUREAU OF LABOR STATISTICS,AD,New Hire - Excepted Service Appointment,202405,20-24,13,BACHELOR'S DEGREE,0.0,0110,ECONOMIST,01,"SOCIAL SCIENCE, PSYCHOLOGY, AND WELFARE GROUP",GS,GENERAL SCHEDULE,STEM OCCUPATIONS,SCIENCE OCCUPATIONS,8,ALL OTHER POSITIONS,35,SCHEDULE D (EXCEPTED SERVICE PERMANENT),F,FULL-TIME,1,06,CA,CALIFORNIA,US,UNITED STATES,57007,07
FD,FEDERAL DEPOSIT INSURANCE CORPORATION,FD00,FEDERAL DEPOSIT INSURANCE CORPORATION,AD,New Hire - Excepted Service Appointment,202405,20-24,13,BACHELOR'S DEGREE,0.0,0110,ECONOMIST,01,"SOCIAL SCIENCE, PSYCHOLOGY, AND WELFARE GROUP",CG,CORPORATE GRADED,STEM OCCUPATIONS,SCIENCE OCCUPATIONS,8,ALL OTHER POSITIONS,40,SCHEDULE A (EXCEPTED SERVICE NONPERMANENT),F,FULL-TIME,1,11,DC,DISTRICT OF COLUMBIA,US,UNITED STATES,61586,07
DL,DEPARTMENT OF LABOR,DLLS,BUREAU OF LABOR STATISTICS,AC,New Hire - Competitive Service Appointment,202405,20-24,17,MASTER'S DEGREE,0.0,0110,ECONOMIST,01,"SOCIAL SCIENCE, PSYCHOLOGY, AND WELFARE GROUP",GS,GENERAL SCHEDULE,STEM OCCUPATIONS,SCIENCE OCCUPATIONS,8,ALL OTHER POSITIONS,15,CAREER-CONDITIONAL (COMPETITIVE SERVICE PERMANENT),F,FULL-TIME,1,29,MO,MISSOURI,US,UNITED STATES,49793,07
DL,DEPARTMENT OF LABOR,DLLS,BUREAU OF LABOR STATISTICS,AC,New Hire - Competitive Service Appointment,202404,65 or more,04,HIGH SCHOOL GRADUATE OR CERTIFICATE OF EQUIVALENCY,0.0,0119,ECONOMICS ASSISTANT,01,"SOCIAL SCIENCE, PSYCHOLOGY, AND WELFARE GROUP",GS,GENERAL SCHEDULE,ALL OTHER OCCUPATIONS,ALL OTHER OCCUPATIONS,8,ALL OTHER POSITIONS,15,CAREER-CONDITIONAL (COMPETITIVE SERVICE PERMANENT),P,PART-TIME,1,34,NJ,NEW JERSEY,US,UNITED STATES,46494,05
HE,DEPARTMENT OF HEALTH AND HUMAN SERVICES,HE10,OFFICE OF THE SECRETARY OF HEALTH AND HUMAN SERVICES,AC,New Hire - Competitive Service Appointment,202405,25-29,14,POST-BACHELOR'S,0.0,0110,ECONOMIST,01,"SOCIAL SCIENCE, PSYCHOLOGY, AND WELFARE GROUP",GS,GENERAL SCHEDULE,STEM OCCUPATIONS,SCIENCE OCCUPATIONS,8,ALL OTHER POSITIONS,15,CAREER-CONDITIONAL (COMPETITIVE SERVICE PERMANENT),F,FULL-TIME,1,11,DC,DISTRICT OF COLUMBIA,US,UNITED STATES,117962,13
DL,DEPARTMENT OF LABOR,DLLS,BUREAU OF LABOR STATISTICS,AC,New Hire - Competitive Service Appointment,202405,20-24,13,BACHELOR'S DEGREE,0.0,0119,ECONOMICS ASSISTANT,01,"SOCIAL SCIENCE, PSYCHOLOGY, AND WELFARE GROUP",GS,GENERAL SCHEDULE,ALL OTHER OCCUPATIONS,ALL OTHER OCCUPATIONS,8,ALL OTHER POSITIONS,15,CAREER-CONDITIONAL (COMPETITIVE SERVICE PERMANENT),P,PART-TIME,1,06,CA,CALIFORNIA,US,UNITED STATES,46020,05
DL,DEPARTMENT OF LABOR,DLLS,BUREAU OF LABOR STATISTICS,AC,New Hire - Competitive Service Appointment,202404,20-24,04,HIGH SCHOOL GRADUATE OR CERTIFICATE OF EQUIVALENCY,0.0,0119,ECONOMICS ASSISTANT,01,"SOCIAL SCIENCE, PSYCHOLOGY, AND WELFARE GROUP",GS,GENERAL SCHEDULE,ALL OTHER OCCUPATIONS,ALL OTHER OCCUPATIONS,8,ALL OTHER POSITIONS,15,CAREER-CONDITIONAL (COMPETITIVE SERVICE PERMANENT),P,PART-TIME,1,04,AZ,ARIZONA,US,UNITED STATES,39576,05
DL,DEPARTMENT OF LABOR,DLLS,BUREAU OF LABOR STATISTICS,AC,New Hire - Competitive Service Appointment,202404,55-59,04,HIGH SCHOOL GRADUATE OR CERTIFICATE OF EQUIVALENCY,0.0,0119,ECONOMICS ASSISTANT,01,"SOCIAL SCIENCE, PSYCHOLOGY, AND WELFARE GROUP",GS,GENERAL SCHEDULE,ALL OTHER OCCUPATIONS,ALL OTHER OCCUPATIONS,8,ALL OTHER POSITIONS,15,CAREER-CONDITIONAL (COMPETITIVE SERVICE PERMANENT),P,PART-TIME,1,06,CA,CALIFORNIA,US,UNITED STATES,64037,05
DL,DEPARTMENT OF LABOR,DLLS,BUREAU OF LABOR STATISTICS,AC,New Hire - Competitive Service Appointment,202404,30-34,04,HIGH SCHOOL GRADUATE OR CERTIFICATE OF EQUIVALENCY,0.3,0110,ECONOMIST,01,"SOCIAL SCIENCE, PSYCHOLOGY, AND WELFARE GROUP",GS,GENERAL SCHEDULE,STEM OCCUPATIONS,SCIENCE OCCUPATIONS,8,ALL OTHER POSITIONS,15,CAREER-CONDITIONAL (COMPETITIVE SERVICE PERMANENT),F,FULL-TIME,1,11,DC,DISTRICT OF COLUMBIA,US,UNITED STATES,68405,09
FT,FEDERAL TRADE COMMISSION,FT00,FEDERAL TRADE COMMISSION,AC,New Hire - Competitive Service Appointment,202404,40-44,21,DOCTORATE DEGREE,0.0,0110,ECONOMIST,01,"SOCIAL SCIENCE, PSYCHOLOGY, AND WELFARE GROUP",GS,GENERAL SCHEDULE,STEM OCCUPATIONS,SCIENCE OCCUPATIONS,8,ALL OTHER POSITIONS,15,CAREER-CONDITIONAL (COMPETITIVE SERVICE PERMANENT),F,FULL-TIME,1,11,DC,DISTRICT OF COLUMBIA,US,UNITED STATES,181216,14
FD,FEDERAL DEPOSIT INSURANCE CORPORATION,FD00,FEDERAL DEPOSIT INSURANCE CORPORATION,AC,New Hire - Competitive Service Appointment,202405,50-54,21,DOCTORATE DEGREE,2.3,0110,ECONOMIST,01,"SOCIAL SCIENCE, PSYCHOLOGY, AND WELFARE GROUP",CG,CORPORATE GRADED,STEM OCCUPATIONS,SCIENCE OCCUPATIONS,8,ALL OTHER POSITIONS,15,CAREER-CONDITIONAL (COMPETITIVE SERVICE PERMANENT),F,FULL-TIME,1,11,DC,DISTRICT OF COLUMBIA,US,UNITED STATES,234579,14
DL,DEPARTMENT OF LABOR,DLLS,BUREAU OF LABOR STATISTICS,AC,New Hire - Competitive Service Appointment,202405,30-34,17,MASTER'S DEGREE,0.9,0110,ECONOMIST,01,"SOCIAL SCIENCE, PSYCHOLOGY, AND WELFARE GROUP",GS,GENERAL SCHEDULE,STEM OCCUPATIONS,SCIENCE OCCUPATIONS,8,ALL OTHER POSITIONS,15,CAREER-CONDITIONAL (COMPETITIVE SERVICE PERMANENT),F,FULL-TIME,1,17,IL,ILLINOIS,US,UNITED STATES,66942,09
DL,DEPARTMENT OF LABOR,DLLS,BUREAU OF LABOR STATISTICS,AC,New Hire - Competitive Service Appointment,202404,20-24,13,BACHELOR'S DEGREE,0.0,0110,ECONOMIST,01,"SOCIAL SCIENCE, PSYCHOLOGY, AND WELFARE GROUP",GS,GENERAL SCHEDULE,STEM OCCUPATIONS,SCIENCE OCCUPATIONS,8,ALL OTHER POSITIONS,15,CAREER-CONDITIONAL (COMPETITIVE SERVICE PERMANENT),F,FULL-TIME,1,11,DC,DISTRICT OF COLUMBIA,US,UNITED STATES,55924,07
DL,DEPARTMENT OF LABOR,DLLS,BUREAU OF LABOR STATISTICS,AC,New Hire - Competitive Service Appointment,202405,20-24,13,BACHELOR'S DEGREE,0.0,0119,ECONOMICS ASSISTANT,01,"SOCIAL SCIENCE, PSYCHOLOGY, AND WELFARE GROUP",GS,GENERAL SCHEDULE,ALL OTHER OCCUPATIONS,ALL OTHER OCCUPATIONS,8,ALL OTHER POSITIONS,15,CAREER-CONDITIONAL (COMPETITIVE SERVICE PERMANENT),P,PART-TIME,1,12,FL,FLORIDA,US,UNITED STATES,39576,05
DL,DEPARTMENT OF LABOR,DLLS,BUREAU OF LABOR STATISTICS,AC,New Hire - Competitive Service Appointment,202404,65 or more,04,HIGH SCHOOL GRADUATE OR CERTIFICATE OF EQUIVALENCY,0.0,0119,ECONOMICS ASSISTANT,01,"SOCIAL SCIENCE, PSYCHOLOGY, AND WELFARE GROUP",GS,GENERAL SCHEDULE,ALL OTHER OCCUPATIONS,ALL OTHER OCCUPATIONS,8,ALL OTHER POSITIONS,15,CAREER-CONDITIONAL (COMPETITIVE SERVICE PERMANENT),P,PART-TIME,1,06,CA,CALIFORNIA,US,UNITED STATES,46020,05
FR,FEDERAL RESERVE SYSTEM,FRFT,BUREAU OF CONSUMER FINANCIAL PROTECTION,AC,New Hire - Competitive Service Appointment,202405,50-54,21,DOCTORATE DEGREE,22.4,0110,ECONOMIST,01,"SOCIAL SCIENCE, PSYCHOLOGY, AND WELFARE GROUP",CN,BUREAU OF CONSUMER FINANCIAL PROTECT(CFPB) INDEPENDENT AGCY WITHIN THE FED RES SYST(USE BY CFPB ONLY),STEM OCCUPATIONS,SCIENCE OCCUPATIONS,2,SUPERVISOR OR MANAGER,15,CAREER-CONDITIONAL (COMPETITIVE SERVICE PERMANENT),F,FULL-TIME,1,11,DC,DISTRICT OF COLUMBIA,US,UNITED STATES,255000,72
DL,DEPARTMENT OF LABOR,DLLS,BUREAU OF LABOR STATISTICS,AC,New Hire - Competitive Service Appointment,202404,20-24,13,BACHELOR'S DEGREE,0.0,0110,ECONOMIST,01,"SOCIAL SCIENCE, PSYCHOLOGY, AND WELFARE GROUP",GS,GENERAL SCHEDULE,STEM OCCUPATIONS,SCIENCE OCCUPATIONS,8,ALL OTHER POSITIONS,15,CAREER-CONDITIONAL (COMPETITIVE SERVICE PERMANENT),F,FULL-TIME,1,11,DC,DISTRICT OF COLUMBIA,US,UNITED STATES,55924,07
DL,DEPARTMENT OF LABOR,DLLS,BUREAU OF LABOR STATISTICS,AC,New Hire - Competitive Service Appointment,202404,30-34,13,BACHELOR'S DEGREE,0.0,0119,ECONOMICS ASSISTANT,01,"SOCIAL SCIENCE, PSYCHOLOGY, AND WELFARE GROUP",GS,GENERAL SCHEDULE,ALL OTHER OCCUPATIONS,ALL OTHER OCCUPATIONS,8,ALL OTHER POSITIONS,15,CAREER-CONDITIONAL (COMPETITIVE SERVICE PERMANENT),P,PART-TIME,1,25,MA,MASSACHUSETTS,US,UNITED STATES,44709,05
DL,DEPARTMENT OF LABOR,DLLS,BUREAU OF LABOR STATISTICS,AC,New Hire - Competitive Service Appointment,202404,40-44,13,BACHELOR'S DEGREE,0.0,0119,ECONOMICS ASSISTANT,01,"SOCIAL SCIENCE, PSYCHOLOGY, AND WELFARE GROUP",GS,GENERAL SCHEDULE,ALL OTHER OCCUPATIONS,ALL OTHER OCCUPATIONS,8,ALL OTHER POSITIONS,15,CAREER-CONDITIONAL (COMPETITIVE SERVICE PERMANENT),P,PART-TIME,1,17,IL,ILLINOIS,US,UNITED STATES,44180,05
DL,DEPARTMENT OF LABOR,DLLS,BUREAU OF LABOR STATISTICS,AD,New Hire - Excepted Service Appointment,202405,25-29,17,MASTER'S DEGREE,0.0,0110,ECONOMIST,01,"SOCIAL SCIENCE, PSYCHOLOGY, AND WELFARE GROUP",GS,GENERAL SCHEDULE,STEM OCCUPATIONS,SCIENCE OCCUPATIONS,8,ALL OTHER POSITIONS,35,SCHEDULE D (EXCEPTED SERVICE PERMANENT),F,FULL-TIME,1,06,CA,CALIFORNIA,US,UNITED STATES,61023,07
DL,DEPARTMENT OF LABOR,DLLS,BUREAU OF LABOR STATISTICS,AC,New Hire - Competitive Service Appointment,202405,45-49,04,HIGH SCHOOL GRADUATE OR CERTIFICATE OF EQUIVALENCY,0.0,0119,ECONOMICS ASSISTANT,01,"SOCIAL SCIENCE, PSYCHOLOGY, AND WELFARE GROUP",GS,GENERAL SCHEDULE,ALL OTHER OCCUPATIONS,ALL OTHER OCCUPATIONS,8,ALL OTHER POSITIONS,15,CAREER-CONDITIONAL (COMPETITIVE SERVICE PERMANENT),P,PART-TIME,1,06,CA,CALIFORNIA,US,UNITED STATES,46020,05
TR,DEPARTMENT OF TREASURY,TR91,DEPARTMENTAL OFFICES,AC,New Hire - Competitive Service Appointment,202501,30-34,17,MASTER'S DEGREE,0.0,0110,ECONOMIST,01,"SOCIAL SCIENCE, PSYCHOLOGY, AND WELFARE GROUP",GS,GENERAL SCHEDULE,STEM OCCUPATIONS,SCIENCE OCCUPATIONS,8,ALL OTHER POSITIONS,15,CAREER-CONDITIONAL (COMPETITIVE SERVICE PERMANENT),F,FULL-TIME,1,11,DC,DISTRICT OF COLUMBIA,US,UNITED STATES,136658,13
TC,U.S. INTERNATIONAL TRADE COMMISSION,TC00,U.S. INTERNATIONAL TRADE COMMISSION,AA,Transfer In - Individual Transfer,202405,25-29,17,MASTER'S DEGREE,4.3,0110,ECONOMIST,01,"SOCIAL SCIENCE, PSYCHOLOGY, AND WELFARE GROUP",GS,GENERAL SCHEDULE,STEM OCCUPATIONS,SCIENCE OCCUPATIONS,8,ALL OTHER POSITIONS,10,CAREER (COMPETITIVE SERVICE PERMANENT),F,FULL-TIME,1,11,DC,DISTRICT OF COLUMBIA,US,UNITED STATES,99200,12
EP,ENVIRONMENTAL PROTECTION AGENCY,EP00,ENVIRONMENTAL PROTECTION AGENCY,AD,New Hire - Excepted Service Appointment,202410,50-54,NA,No Data Reported,0.0,0110,ECONOMIST,01,"SOCIAL SCIENCE, PSYCHOLOGY, AND WELFARE GROUP",EH,ADVISORY COMMITTEE MEMBER (5 U.S.C. 3109),STEM OCCUPATIONS,SCIENCE OCCUPATIONS,8,ALL OTHER POSITIONS,48,OTHER (EXCEPTED SERVICE NONPERMANENT),I,INTERMITTENT,1,06,CA,CALIFORNIA,US,UNITED STATES,0,00
DL,DEPARTMENT OF LABOR,DLLS,BUREAU OF LABOR STATISTICS,AC,New Hire - Competitive Service Appointment,202410,60-64,04,HIGH SCHOOL GRADUATE OR CERTIFICATE OF EQUIVALENCY,5.8,0119,ECONOMICS ASSISTANT,01,"SOCIAL SCIENCE, PSYCHOLOGY, AND WELFARE GROUP",GS,GENERAL SCHEDULE,ALL OTHER OCCUPATIONS,ALL OTHER OCCUPATIONS,8,ALL OTHER POSITIONS,15,CAREER-CONDITIONAL (COMPETITIVE SERVICE PERMANENT),P,PART-TIME,1,12,FL,FLORIDA,US,UNITED STATES,51446,05
TR,DEPARTMENT OF TREASURY,TR93,INTERNAL REVENUE SERVICE,AC,New Hire - Competitive Service Appointment,202408,25-29,04,HIGH SCHOOL GRADUATE OR CERTIFICATE OF EQUIVALENCY,0.0,0110,ECONOMIST,01,"SOCIAL SCIENCE, PSYCHOLOGY, AND WELFARE GROUP",GS,GENERAL SCHEDULE,STEM OCCUPATIONS,SCIENCE OCCUPATIONS,8,ALL OTHER POSITIONS,15,CAREER-CONDITIONAL (COMPETITIVE SERVICE PERMANENT),F,FULL-TIME,1,08,CO,COLORADO,US,UNITED STATES,118803,13
TR,DEPARTMENT OF TREASURY,TR93,INTERNAL REVENUE SERVICE,AC,New Hire - Competitive Service Appointment,202408,20-24,04,HIGH SCHOOL GRADUATE OR CERTIFICATE OF EQUIVALENCY,0.0,0110,ECONOMIST,01,"SOCIAL SCIENCE, PSYCHOLOGY, AND WELFARE GROUP",GS,GENERAL SCHEDULE,STEM OCCUPATIONS,SCIENCE OCCUPATIONS,8,ALL OTHER POSITIONS,15,CAREER-CONDITIONAL (COMPETITIVE SERVICE PERMANENT),F,FULL-TIME,1,04,AZ,ARIZONA,US,UNITED STATES,108012,13
TR,DEPARTMENT OF TREASURY,TR93,INTERNAL REVENUE SERVICE,AC,New Hire - Competitive Service Appointment,202411,30-34,13,BACHELOR'S DEGREE,1.0,0110,ECONOMIST,01,"SOCIAL SCIENCE, PSYCHOLOGY, AND WELFARE GROUP",GS,GENERAL SCHEDULE,STEM OCCUPATIONS,SCIENCE OCCUPATIONS,8,ALL OTHER POSITIONS,15,CAREER-CONDITIONAL (COMPETITIVE SERVICE PERMANENT),F,FULL-TIME,1,17,IL,ILLINOIS,US,UNITED STATES,115439,13
TR,DEPARTMENT OF TREASURY,TR93,INTERNAL REVENUE SERVICE,AC,New Hire - Competitive Service Appointment,202407,25-29,04,HIGH SCHOOL GRADUATE OR CERTIFICATE OF EQUIVALENCY,0.0,0110,ECONOMIST,01,"SOCIAL SCIENCE, PSYCHOLOGY, AND WELFARE GROUP",GS,GENERAL SCHEDULE,STEM OCCUPATIONS,SCIENCE OCCUPATIONS,8,ALL OTHER POSITIONS,15,CAREER-CONDITIONAL (COMPETITIVE SERVICE PERMANENT),F,FULL-TIME,1,48,TX,TEXAS,US,UNITED STATES,112341,13
TR,DEPARTMENT OF TREASURY,TR93,INTERNAL REVENUE SERVICE,AC,New Hire - Competitive Service Appointment,202412,35-39,04,HIGH SCHOOL GRADUATE OR CERTIFICATE OF EQUIVALENCY,0.0,0110,ECONOMIST,01,"SOCIAL SCIENCE, PSYCHOLOGY, AND WELFARE GROUP",GS,GENERAL SCHEDULE,STEM OCCUPATIONS,SCIENCE OCCUPATIONS,8,ALL OTHER POSITIONS,15,CAREER-CONDITIONAL (COMPETITIVE SERVICE PERMANENT),F,FULL-TIME,1,53,WA,WASHINGTON,US,UNITED STATES,177885,14
TR,DEPARTMENT OF TREASURY,TR93,INTERNAL REVENUE SERVICE,AD,New Hire - Excepted Service Appointment,202409,25-29,17,MASTER'S DEGREE,0.0,0110,ECONOMIST,01,"SOCIAL SCIENCE, PSYCHOLOGY, AND WELFARE GROUP",GS,GENERAL SCHEDULE,STEM OCCUPATIONS,SCIENCE OCCUPATIONS,8,ALL OTHER POSITIONS,35,SCHEDULE D (EXCEPTED SERVICE PERMANENT),F,FULL-TIME,1,11,DC,DISTRICT OF COLUMBIA,US,UNITED STATES,68405,09
TR,DEPARTMENT OF TREASURY,TR93,INTERNAL REVENUE SERVICE,AC,New Hire - Competitive Service Appointment,202409,25-29,04,HIGH SCHOOL GRADUATE OR CERTIFICATE OF EQUIVALENCY,0.0,0110,ECONOMIST,01,"SOCIAL SCIENCE, PSYCHOLOGY, AND WELFARE GROUP",GS,GENERAL SCHEDULE,STEM OCCUPATIONS,SCIENCE OCCUPATIONS,8,ALL OTHER POSITIONS,15,CAREER-CONDITIONAL (COMPETITIVE SERVICE PERMANENT),F,FULL-TIME,1,11,DC,DISTRICT OF COLUMBIA,US,UNITED STATES,55924,07
TR,DEPARTMENT OF TREASURY,TR93,INTERNAL REVENUE SERVICE,AC,New Hire - Competitive Service Appointment,202408,30-34,04,HIGH SCHOOL GRADUATE OR CERTIFICATE OF EQUIVALENCY,0.0,0110,ECONOMIST,01,"SOCIAL SCIENCE, PSYCHOLOGY, AND WELFARE GROUP",GS,GENERAL SCHEDULE,STEM OCCUPATIONS,SCIENCE OCCUPATIONS,8,ALL OTHER POSITIONS,15,CAREER-CONDITIONAL (COMPETITIVE SERVICE PERMANENT),F,FULL-TIME,1,06,CA,CALIFORNIA,US,UNITED STATES,151568,14
TR,DEPARTMENT OF TREASURY,TR93,INTERNAL REVENUE SERVICE,AC,New Hire - Competitive Service Appointment,202408,40-44,04,HIGH SCHOOL GRADUATE OR CERTIFICATE OF EQUIVALENCY,0.0,0110,ECONOMIST,01,"SOCIAL SCIENCE, PSYCHOLOGY, AND WELFARE GROUP",GS,GENERAL SCHEDULE,STEM OCCUPATIONS,SCIENCE OCCUPATIONS,8,ALL OTHER POSITIONS,15,CAREER-CONDITIONAL (COMPETITIVE SERVICE PERMANENT),F,FULL-TIME,1,06,CA,CALIFORNIA,US,UNITED STATES,165778,14
TR,DEPARTMENT OF TREASURY,TR93,INTERNAL REVENUE SERVICE,AD,New Hire - Excepted Service Appointment,202411,25-29,04,HIGH SCHOOL GRADUATE OR CERTIFICATE OF EQUIVALENCY,0.0,0110,ECONOMIST,01,"SOCIAL SCIENCE, PSYCHOLOGY, AND WELFARE GROUP",GS,GENERAL SCHEDULE,STEM OCCUPATIONS,SCIENCE OCCUPATIONS,8,ALL OTHER POSITIONS,35,SCHEDULE D (EXCEPTED SERVICE PERMANENT),F,FULL-TIME,1,49,UT,UTAH,US,UNITED STATES,67961,09
TR,DEPARTMENT OF TREASURY,TR93,INTERNAL REVENUE SERVICE,AD,New Hire - Excepted Service Appointment,202408,25-29,04,HIGH SCHOOL GRADUATE OR CERTIFICATE OF EQUIVALENCY,0.0,0110,ECONOMIST,01,"SOCIAL SCIENCE, PSYCHOLOGY, AND WELFARE GROUP",GS,GENERAL SCHEDULE,STEM OCCUPATIONS,SCIENCE OCCUPATIONS,8,ALL OTHER POSITIONS,35,SCHEDULE D (EXCEPTED SERVICE PERMANENT),F,FULL-TIME,1,11,DC,DISTRICT OF COLUMBIA,US,UNITED STATES,55924,07
TR,DEPARTMENT OF TREASURY,TR93,INTERNAL REVENUE SERVICE,AD,New Hire - Excepted Service Appointment,202409,20-24,04,HIGH SCHOOL GRADUATE OR CERTIFICATE OF EQUIVALENCY,0.0,0110,ECONOMIST,01,"SOCIAL SCIENCE, PSYCHOLOGY, AND WELFARE GROUP",GS,GENERAL SCHEDULE,STEM OCCUPATIONS,SCIENCE OCCUPATIONS,8,ALL OTHER POSITIONS,35,SCHEDULE D (EXCEPTED SERVICE PERMANENT),F,FULL-TIME,1,11,DC,DISTRICT OF COLUMBIA,US,UNITED STATES,55924,07
TR,DEPARTMENT OF TREASURY,TRAJ,OFFICE OF THE COMPTROLLER OF THE CURRENCY,AC,New Hire - Competitive Service Appointment,202412,25-29,04,HIGH SCHOOL GRADUATE OR CERTIFICATE OF EQUIVALENCY,0.0,0110,ECONOMIST,01,"SOCIAL SCIENCE, PSYCHOLOGY, AND WELFARE GROUP",NB,OFFICE OF THE COMPTROLLER OF THE CURRENCY ONLY,STEM OCCUPATIONS,SCIENCE OCCUPATIONS,8,ALL OTHER POSITIONS,15,CAREER-CONDITIONAL (COMPETITIVE SERVICE PERMANENT),F,FULL-TIME,1,11,DC,DISTRICT OF COLUMBIA,US,UNITED STATES,109035,05
TR,DEPARTMENT OF TREASURY,TR93,INTERNAL REVENUE SERVICE,AD,New Hire - Excepted Service Appointment,202408,20-24,04,HIGH SCHOOL GRADUATE OR CERTIFICATE OF EQUIVALENCY,0.0,0110,ECONOMIST,01,"SOCIAL SCIENCE, PSYCHOLOGY, AND WELFARE GROUP",GS,GENERAL SCHEDULE,STEM OCCUPATIONS,SCIENCE OCCUPATIONS,8,ALL OTHER POSITIONS,35,SCHEDULE D (EXCEPTED SERVICE PERMANENT),F,FULL-TIME,1,17,IL,ILLINOIS,US,UNITED STATES,54728,07
TR,DEPARTMENT OF TREASURY,TR93,INTERNAL REVENUE SERVICE,AD,New Hire - Excepted Service Appointment,202408,20-24,04,HIGH SCHOOL GRADUATE OR CERTIFICATE OF EQUIVALENCY,0.0,0110,ECONOMIST,01,"SOCIAL SCIENCE, PSYCHOLOGY, AND WELFARE GROUP",GS,GENERAL SCHEDULE,STEM OCCUPATIONS,SCIENCE OCCUPATIONS,8,ALL OTHER POSITIONS,35,SCHEDULE D (EXCEPTED SERVICE PERMANENT),F,FULL-TIME,1,11,DC,DISTRICT OF COLUMBIA,US,UNITED STATES,55924,07
TR,DEPARTMENT OF TREASURY,TR93,INTERNAL REVENUE SERVICE,AC,New Hire - Competitive Service Appointment,202408,40-44,21,DOCTORATE DEGREE,0.0,0110,ECONOMIST,01,"SOCIAL SCIENCE, PSYCHOLOGY, AND WELFARE GROUP",GS,GENERAL SCHEDULE,STEM OCCUPATIONS,SCIENCE OCCUPATIONS,8,ALL OTHER POSITIONS,15,CAREER-CONDITIONAL (COMPETITIVE SERVICE PERMANENT),F,FULL-TIME,1,06,CA,CALIFORNIA,US,UNITED STATES,187598,14
TR,DEPARTMENT OF TREASURY,TR93,INTERNAL REVENUE SERVICE,AC,New Hire - Competitive Service Appointment,202410,25-29,17,MASTER'S DEGREE,5.2,0110,ECONOMIST,01,"SOCIAL SCIENCE, PSYCHOLOGY, AND WELFARE GROUP",GS,GENERAL SCHEDULE,STEM OCCUPATIONS,SCIENCE OCCUPATIONS,5,MANAGEMENT OFFICIAL (CSRA),15,CAREER-CONDITIONAL (COMPETITIVE SERVICE PERMANENT),F,FULL-TIME,1,11,DC,DISTRICT OF COLUMBIA,US,UNITED STATES,117962,13
TR,DEPARTMENT OF TREASURY,TR93,INTERNAL REVENUE SERVICE,AD,New Hire - Excepted Service Appointment,202408,20-24,04,HIGH SCHOOL GRADUATE OR CERTIFICATE OF EQUIVALENCY,0.0,0110,ECONOMIST,01,"SOCIAL SCIENCE, PSYCHOLOGY, AND WELFARE GROUP",GS,GENERAL SCHEDULE,STEM OCCUPATIONS,SCIENCE OCCUPATIONS,8,ALL OTHER POSITIONS,35,SCHEDULE D (EXCEPTED SERVICE PERMANENT),F,FULL-TIME,1,11,DC,DISTRICT OF COLUMBIA,US,UNITED STATES,55924,07
TR,DEPARTMENT OF TREASURY,TR93,INTERNAL REVENUE SERVICE,AC,New Hire - Competitive Service Appointment,202407,30-34,04,HIGH SCHOOL GRADUATE OR CERTIFICATE OF EQUIVALENCY,0.0,0110,ECONOMIST,01,"SOCIAL SCIENCE, PSYCHOLOGY, AND WELFARE GROUP",GS,GENERAL SCHEDULE,STEM OCCUPATIONS,SCIENCE OCCUPATIONS,8,ALL OTHER POSITIONS,15,CAREER-CONDITIONAL (COMPETITIVE SERVICE PERMANENT),F,FULL-TIME,1,27,MN,MINNESOTA,US,UNITED STATES,119888,12
TR,DEPARTMENT OF TREASURY,TR93,INTERNAL REVENUE SERVICE,AD,New Hire - Excepted Service Appointment,202408,20-24,04,HIGH SCHOOL GRADUATE OR CERTIFICATE OF EQUIVALENCY,0.0,0110,ECONOMIST,01,"SOCIAL SCIENCE, PSYCHOLOGY, AND WELFARE GROUP",GS,GENERAL SCHEDULE,STEM OCCUPATIONS,SCIENCE OCCUPATIONS,8,ALL OTHER POSITIONS,35,SCHEDULE D (EXCEPTED SERVICE PERMANENT),F,FULL-TIME,1,11,DC,DISTRICT OF COLUMBIA,US,UNITED STATES,55924,07
TR,DEPARTMENT OF TREASURY,TR93,INTERNAL REVENUE SERVICE,AC,New Hire - Competitive Service Appointment,202406,30-34,04,HIGH SCHOOL GRADUATE OR CERTIFICATE OF EQUIVALENCY,0.0,0110,ECONOMIST,01,"SOCIAL SCIENCE, PSYCHOLOGY, AND WELFARE GROUP",GS,GENERAL SCHEDULE,STEM OCCUPATIONS,SCIENCE OCCUPATIONS,8,ALL OTHER POSITIONS,15,CAREER-CONDITIONAL (COMPETITIVE SERVICE PERMANENT),F,FULL-TIME,1,17,IL,ILLINOIS,US,UNITED STATES,136414,14
TR,DEPARTMENT OF TREASURY,TR93,INTERNAL REVENUE SERVICE,AC,New Hire - Competitive Service Appointment,202407,35-39,04,HIGH SCHOOL GRADUATE OR CERTIFICATE OF EQUIVALENCY,0.0,0110,ECONOMIST,01,"SOCIAL SCIENCE, PSYCHOLOGY, AND WELFARE GROUP",GS,GENERAL SCHEDULE,STEM OCCUPATIONS,SCIENCE OCCUPATIONS,8,ALL OTHER POSITIONS,15,CAREER-CONDITIONAL (COMPETITIVE SERVICE PERMANENT),F,FULL-TIME,1,53,WA,WASHINGTON,US,UNITED STATES,177885,14
TR,DEPARTMENT OF TREASURY,TR93,INTERNAL REVENUE SERVICE,AD,New Hire - Excepted Service Appointment,202410,20-24,13,BACHELOR'S DEGREE,0.0,0110,ECONOMIST,01,"SOCIAL SCIENCE, PSYCHOLOGY, AND WELFARE GROUP",GS,GENERAL SCHEDULE,STEM OCCUPATIONS,SCIENCE OCCUPATIONS,8,ALL OTHER POSITIONS,35,SCHEDULE D (EXCEPTED SERVICE PERMANENT),F,FULL-TIME,1,11,DC,DISTRICT OF COLUMBIA,US,UNITED STATES,55924,07
TR,DEPARTMENT OF TREASURY,TR93,INTERNAL REVENUE SERVICE,AD,New Hire - Excepted Service Appointment,202408,20-24,04,HIGH SCHOOL GRADUATE OR CERTIFICATE OF EQUIVALENCY,0.0,0110,ECONOMIST,01,"SOCIAL SCIENCE, PSYCHOLOGY, AND WELFARE GROUP",GS,GENERAL SCHEDULE,STEM OCCUPATIONS,SCIENCE OCCUPATIONS,8,ALL OTHER POSITIONS,35,SCHEDULE D (EXCEPTED SERVICE PERMANENT),F,FULL-TIME,1,27,MN,MINNESOTA,US,UNITED STATES,53360,07
TR,DEPARTMENT OF TREASURY,TR93,INTERNAL REVENUE SERVICE,AC,New Hire - Competitive Service Appointment,202409,40-44,04,HIGH SCHOOL GRADUATE OR CERTIFICATE OF EQUIVALENCY,0.0,0110,ECONOMIST,01,"SOCIAL SCIENCE, PSYCHOLOGY, AND WELFARE GROUP",GS,GENERAL SCHEDULE,STEM OCCUPATIONS,SCIENCE OCCUPATIONS,8,ALL OTHER POSITIONS,15,CAREER-CONDITIONAL (COMPETITIVE SERVICE PERMANENT),F,FULL-TIME,1,42,PA,PENNSYLVANIA,US,UNITED STATES,95694,12
TR,DEPARTMENT OF TREASURY,TR93,INTERNAL REVENUE SERVICE,AC,New Hire - Competitive Service Appointment,202407,50-54,13,BACHELOR'S DEGREE,0.0,0110,ECONOMIST,01,"SOCIAL SCIENCE, PSYCHOLOGY, AND WELFARE GROUP",GS,GENERAL SCHEDULE,STEM OCCUPATIONS,SCIENCE OCCUPATIONS,8,ALL OTHER POSITIONS,15,CAREER-CONDITIONAL (COMPETITIVE SERVICE PERMANENT),F,FULL-TIME,1,36,NY,NEW YORK,US,UNITED STATES,186629,14
TR,DEPARTMENT OF TREASURY,TR93,INTERNAL REVENUE SERVICE,AC,New Hire - Competitive Service Appointment,202412,30-34,21,DOCTORATE DEGREE,4.3,0110,ECONOMIST,01,"SOCIAL SCIENCE, PSYCHOLOGY, AND WELFARE GROUP",GS,GENERAL SCHEDULE,STEM OCCUPATIONS,SCIENCE OCCUPATIONS,5,MANAGEMENT OFFICIAL (CSRA),10,CAREER (COMPETITIVE SERVICE PERMANENT),F,FULL-TIME,1,27,MN,MINNESOTA,US,UNITED STATES,146305,14
TR,DEPARTMENT OF TREASURY,TR93,INTERNAL REVENUE SERVICE,AC,New Hire - Competitive Service Appointment,202412,35-39,04,HIGH SCHOOL GRADUATE OR CERTIFICATE OF EQUIVALENCY,0.0,0110,ECONOMIST,01,"SOCIAL SCIENCE, PSYCHOLOGY, AND WELFARE GROUP",GS,GENERAL SCHEDULE,STEM OCCUPATIONS,SCIENCE OCCUPATIONS,5,MANAGEMENT OFFICIAL (CSRA),15,CAREER-CONDITIONAL (COMPETITIVE SERVICE PERMANENT),F,FULL-TIME,1,55,WI,WISCONSIN,US,UNITED STATES,122198,14
TR,DEPARTMENT OF TREASURY,TR93,INTERNAL REVENUE SERVICE,AD,New Hire - Excepted Service Appointment,202408,20-24,13,BACHELOR'S DEGREE,0.0,0110,ECONOMIST,01,"SOCIAL SCIENCE, PSYCHOLOGY, AND WELFARE GROUP",GS,GENERAL SCHEDULE,STEM OCCUPATIONS,SCIENCE OCCUPATIONS,8,ALL OTHER POSITIONS,35,SCHEDULE D (EXCEPTED SERVICE PERMANENT),F,FULL-TIME,1,11,DC,DISTRICT OF COLUMBIA,US,UNITED STATES,55924,07
TR,DEPARTMENT OF TREASURY,TR93,INTERNAL REVENUE SERVICE,AC,New Hire - Competitive Service Appointment,202407,45-49,04,HIGH SCHOOL GRADUATE OR CERTIFICATE OF EQUIVALENCY,0.0,0110,ECONOMIST,01,"SOCIAL SCIENCE, PSYCHOLOGY, AND WELFARE GROUP",GS,GENERAL SCHEDULE,STEM OCCUPATIONS,SCIENCE OCCUPATIONS,8,ALL OTHER POSITIONS,15,CAREER-CONDITIONAL (COMPETITIVE SERVICE PERMANENT),F,FULL-TIME,1,53,WA,WASHINGTON,US,UNITED STATES,177885,14
TR,DEPARTMENT OF TREASURY,TR93,INTERNAL REVENUE SERVICE,AC,New Hire - Competitive Service Appointment,202408,25-29,04,HIGH SCHOOL GRADUATE OR CERTIFICATE OF EQUIVALENCY,0.0,0110,ECONOMIST,01,"SOCIAL SCIENCE, PSYCHOLOGY, AND WELFARE GROUP",GS,GENERAL SCHEDULE,STEM OCCUPATIONS,SCIENCE OCCUPATIONS,8,ALL OTHER POSITIONS,15,CAREER-CONDITIONAL (COMPETITIVE SERVICE PERMANENT),F,FULL-TIME,1,48,TX,TEXAS,US,UNITED STATES,116086,13
TR,DEPARTMENT OF TREASURY,TR93,INTERNAL REVENUE SERVICE,AC,New Hire - Competitive Service Appointment,202408,25-29,17,MASTER'S DEGREE,0.0,0110,ECONOMIST,01,"SOCIAL SCIENCE, PSYCHOLOGY, AND WELFARE GROUP",GS,GENERAL SCHEDULE,STEM OCCUPATIONS,SCIENCE OCCUPATIONS,8,ALL OTHER POSITIONS,15,CAREER-CONDITIONAL (COMPETITIVE SERVICE PERMANENT),F,FULL-TIME,1,11,DC,DISTRICT OF COLUMBIA,US,UNITED STATES,68405,09
TR,DEPARTMENT OF TREASURY,TR93,INTERNAL REVENUE SERVICE,AC,New Hire - Competitive Service Appointment,202406,55-59,04,HIGH SCHOOL GRADUATE OR CERTIFICATE OF EQUIVALENCY,0.0,0110,ECONOMIST,01,"SOCIAL SCIENCE, PSYCHOLOGY, AND WELFARE GROUP",GS,GENERAL SCHEDULE,STEM OCCUPATIONS,SCIENCE OCCUPATIONS,5,MANAGEMENT OFFICIAL (CSRA),15,CAREER-CONDITIONAL (COMPETITIVE SERVICE PERMANENT),F,FULL-TIME,1,35,NM,NEW MEXICO,US,UNITED STATES,160533,14
TR,DEPARTMENT OF TREASURY,TR93,INTERNAL REVENUE SERVICE,AD,New Hire - Excepted Service Appointment,202408,20-24,04,HIGH SCHOOL GRADUATE OR CERTIFICATE OF EQUIVALENCY,0.0,0110,ECONOMIST,01,"SOCIAL SCIENCE, PSYCHOLOGY, AND WELFARE GROUP",GS,GENERAL SCHEDULE,STEM OCCUPATIONS,SCIENCE OCCUPATIONS,8,ALL OTHER POSITIONS,35,SCHEDULE D (EXCEPTED SERVICE PERMANENT),F,FULL-TIME,1,11,DC,DISTRICT OF COLUMBIA,US,UNITED STATES,55924,07
TR,DEPARTMENT OF TREASURY,TR93,INTERNAL REVENUE SERVICE,AD,New Hire - Excepted Service Appointment,202409,30-34,04,HIGH SCHOOL GRADUATE OR CERTIFICATE OF EQUIVALENCY,0.0,0110,ECONOMIST,01,"SOCIAL SCIENCE, PSYCHOLOGY, AND WELFARE GROUP",GS,GENERAL SCHEDULE,STEM OCCUPATIONS,SCIENCE OCCUPATIONS,8,ALL OTHER POSITIONS,35,SCHEDULE D (EXCEPTED SERVICE PERMANENT),F,FULL-TIME,1,11,DC,DISTRICT OF COLUMBIA,US,UNITED STATES,55924,07
TR,DEPARTMENT OF TREASURY,TRAJ,OFFICE OF THE COMPTROLLER OF THE CURRENCY,AC,New Hire - Competitive Service Appointment,202408,30-34,21,DOCTORATE DEGREE,0.0,0110,ECONOMIST,01,"SOCIAL SCIENCE, PSYCHOLOGY, AND WELFARE GROUP",NB,OFFICE OF THE COMPTROLLER OF THE CURRENCY ONLY,STEM OCCUPATIONS,SCIENCE OCCUPATIONS,8,ALL OTHER POSITIONS,15,CAREER-CONDITIONAL (COMPETITIVE SERVICE PERMANENT),F,FULL-TIME,1,11,DC,DISTRICT OF COLUMBIA,US,UNITED STATES,170492,05
TR,DEPARTMENT OF TREASURY,TRAJ,OFFICE OF THE COMPTROLLER OF THE CURRENCY,AC,New Hire - Competitive Service Appointment,202409,45-49,04,HIGH SCHOOL GRADUATE OR CERTIFICATE OF EQUIVALENCY,0.0,0110,ECONOMIST,01,"SOCIAL SCIENCE, PSYCHOLOGY, AND WELFARE GROUP",NB,OFFICE OF THE COMPTROLLER OF THE CURRENCY ONLY,STEM OCCUPATIONS,SCIENCE OCCUPATIONS,8,ALL OTHER POSITIONS,15,CAREER-CONDITIONAL (COMPETITIVE SERVICE PERMANENT),F,FULL-TIME,1,11,DC,DISTRICT OF COLUMBIA,US,UNITED STATES,198814,05
TR,DEPARTMENT OF TREASURY,TRAJ,OFFICE OF THE COMPTROLLER OF THE CURRENCY,AC,New Hire - Competitive Service Appointment,202408,25-29,04,HIGH SCHOOL GRADUATE OR CERTIFICATE OF EQUIVALENCY,0.0,0110,ECONOMIST,01,"SOCIAL SCIENCE, PSYCHOLOGY, AND WELFARE GROUP",NB,OFFICE OF THE COMPTROLLER OF THE CURRENCY ONLY,STEM OCCUPATIONS,SCIENCE OCCUPATIONS,8,ALL OTHER POSITIONS,15,CAREER-CONDITIONAL (COMPETITIVE SERVICE PERMANENT),F,FULL-TIME,1,11,DC,DISTRICT OF COLUMBIA,US,UNITED STATES,170492,05
TR,DEPARTMENT OF TREASURY,TRAJ,OFFICE OF THE COMPTROLLER OF THE CURRENCY,AC,New Hire - Competitive Service Appointment,202409,30-34,04,HIGH SCHOOL GRADUATE OR CERTIFICATE OF EQUIVALENCY,0.0,0110,ECONOMIST,01,"SOCIAL SCIENCE, PSYCHOLOGY, AND WELFARE GROUP",NB,OFFICE OF THE COMPTROLLER OF THE CURRENCY ONLY,STEM OCCUPATIONS,SCIENCE OCCUPATIONS,8,ALL OTHER POSITIONS,15,CAREER-CONDITIONAL (COMPETITIVE SERVICE PERMANENT),F,FULL-TIME,1,11,DC,DISTRICT OF COLUMBIA,US,UNITED STATES,170492,05
TR,DEPARTMENT OF TREASURY,TR93,INTERNAL REVENUE SERVICE,AC,New Hire - Competitive Service Appointment,202411,35-39,13,BACHELOR'S DEGREE,15.5,0110,ECONOMIST,01,"SOCIAL SCIENCE, PSYCHOLOGY, AND WELFARE GROUP",GS,GENERAL SCHEDULE,STEM OCCUPATIONS,SCIENCE OCCUPATIONS,8,ALL OTHER POSITIONS,10,CAREER (COMPETITIVE SERVICE PERMANENT),F,FULL-TIME,1,17,IL,ILLINOIS,US,UNITED STATES,113256,12
TR,DEPARTMENT OF TREASURY,TRAJ,OFFICE OF THE COMPTROLLER OF THE CURRENCY,AC,New Hire - Competitive Service Appointment,202411,40-44,04,HIGH SCHOOL GRADUATE OR CERTIFICATE OF EQUIVALENCY,0.0,0110,ECONOMIST,01,"SOCIAL SCIENCE, PSYCHOLOGY, AND WELFARE GROUP",NB,OFFICE OF THE COMPTROLLER OF THE CURRENCY ONLY,STEM OCCUPATIONS,SCIENCE OCCUPATIONS,4,SUPERVISOR (CSRA),15,CAREER-CONDITIONAL (COMPETITIVE SERVICE PERMANENT),F,FULL-TIME,1,11,DC,DISTRICT OF COLUMBIA,US,UNITED STATES,261407,06
TR,DEPARTMENT OF TREASURY,TRAJ,OFFICE OF THE COMPTROLLER OF THE CURRENCY,AC,New Hire - Competitive Service Appointment,202406,30-34,21,DOCTORATE DEGREE,0.0,0110,ECONOMIST,01,"SOCIAL SCIENCE, PSYCHOLOGY, AND WELFARE GROUP",NB,OFFICE OF THE COMPTROLLER OF THE CURRENCY ONLY,STEM OCCUPATIONS,SCIENCE OCCUPATIONS,8,ALL OTHER POSITIONS,15,CAREER-CONDITIONAL (COMPETITIVE SERVICE PERMANENT),F,FULL-TIME,1,11,DC,DISTRICT OF COLUMBIA,US,UNITED STATES,175056,05
TR,DEPARTMENT OF TREASURY,TR93,INTERNAL REVENUE SERVICE,AA,Transfer In - Individual Transfer,202406,30-34,13,BACHELOR'S DEGREE,9.8,0110,ECONOMIST,01,"SOCIAL SCIENCE, PSYCHOLOGY, AND WELFARE GROUP",GS,GENERAL SCHEDULE,STEM OCCUPATIONS,SCIENCE OCCUPATIONS,5,MANAGEMENT OFFICIAL (CSRA),10,CAREER (COMPETITIVE SERVICE PERMANENT),F,FULL-TIME,1,24,MD,MARYLAND,US,UNITED STATES,139395,14
TR,DEPARTMENT OF TREASURY,TR93,INTERNAL REVENUE SERVICE,AC,New Hire - Competitive Service Appointment,202409,20-24,04,HIGH SCHOOL GRADUATE OR CERTIFICATE OF EQUIVALENCY,0.0,0110,ECONOMIST,01,"SOCIAL SCIENCE, PSYCHOLOGY, AND WELFARE GROUP",GS,GENERAL SCHEDULE,STEM OCCUPATIONS,SCIENCE OCCUPATIONS,8,ALL OTHER POSITIONS,15,CAREER-CONDITIONAL (COMPETITIVE SERVICE PERMANENT),F,FULL-TIME,1,11,DC,DISTRICT OF COLUMBIA,US,UNITED STATES,55924,07
TR,DEPARTMENT OF TREASURY,TR93,INTERNAL REVENUE SERVICE,AC,New Hire - Competitive Service Appointment,202408,25-29,04,HIGH SCHOOL GRADUATE OR CERTIFICATE OF EQUIVALENCY,0.0,0110,ECONOMIST,01,"SOCIAL SCIENCE, PSYCHOLOGY, AND WELFARE GROUP",GS,GENERAL SCHEDULE,STEM OCCUPATIONS,SCIENCE OCCUPATIONS,8,ALL OTHER POSITIONS,15,CAREER-CONDITIONAL (COMPETITIVE SERVICE PERMANENT),F,FULL-TIME,1,25,MA,MASSACHUSETTS,US,UNITED STATES,116820,13
TR,DEPARTMENT OF TREASURY,TRAJ,OFFICE OF THE COMPTROLLER OF THE CURRENCY,AC,New Hire - Competitive Service Appointment,202409,35-39,04,HIGH SCHOOL GRADUATE OR CERTIFICATE OF EQUIVALENCY,0.0,0110,ECONOMIST,01,"SOCIAL SCIENCE, PSYCHOLOGY, AND WELFARE GROUP",NB,OFFICE OF THE COMPTROLLER OF THE CURRENCY ONLY,STEM OCCUPATIONS,SCIENCE OCCUPATIONS,8,ALL OTHER POSITIONS,15,CAREER-CONDITIONAL (COMPETITIVE SERVICE PERMANENT),F,FULL-TIME,1,11,DC,DISTRICT OF COLUMBIA,US,UNITED STATES,170492,05
TR,DEPARTMENT OF TREASURY,TR93,INTERNAL REVENUE SERVICE,AC,New Hire - Competitive Service Appointment,202408,25-29,04,HIGH SCHOOL GRADUATE OR CERTIFICATE OF EQUIVALENCY,5.2,0110,ECONOMIST,01,"SOCIAL SCIENCE, PSYCHOLOGY, AND WELFARE GROUP",GS,GENERAL SCHEDULE,STEM OCCUPATIONS,SCIENCE OCCUPATIONS,5,MANAGEMENT OFFICIAL (CSRA),15,CAREER-CONDITIONAL (COMPETITIVE SERVICE PERMANENT),F,FULL-TIME,1,11,DC,DISTRICT OF COLUMBIA,US,UNITED STATES,117962,13
TR,DEPARTMENT OF TREASURY,TR93,INTERNAL REVENUE SERVICE,AC,New Hire - Competitive Service Appointment,202410,40-44,04,HIGH SCHOOL GRADUATE OR CERTIFICATE OF EQUIVALENCY,0.0,0110,ECONOMIST,01,"SOCIAL SCIENCE, PSYCHOLOGY, AND WELFARE GROUP",GS,GENERAL SCHEDULE,STEM OCCUPATIONS,SCIENCE OCCUPATIONS,8,ALL OTHER POSITIONS,15,CAREER-CONDITIONAL (COMPETITIVE SERVICE PERMANENT),F,FULL-TIME,1,08,CO,COLORADO,US,UNITED STATES,134134,13
TR,DEPARTMENT OF TREASURY,TR93,INTERNAL REVENUE SERVICE,AC,New Hire - Competitive Service Appointment,202410,35-39,04,HIGH SCHOOL GRADUATE OR CERTIFICATE OF EQUIVALENCY,3.0,0110,ECONOMIST,01,"SOCIAL SCIENCE, PSYCHOLOGY, AND WELFARE GROUP",GS,GENERAL SCHEDULE,STEM OCCUPATIONS,SCIENCE OCCUPATIONS,5,MANAGEMENT OFFICIAL (CSRA),15,CAREER-CONDITIONAL (COMPETITIVE SERVICE PERMANENT),F,FULL-TIME,1,53,WA,WASHINGTON,US,UNITED STATES,107186,13
TR,DEPARTMENT OF TREASURY,TR93,INTERNAL REVENUE SERVICE,AC,New Hire - Competitive Service Appointment,202409,30-34,22,POST-DOCTORATE,3.2,0110,ECONOMIST,01,"SOCIAL SCIENCE, PSYCHOLOGY, AND WELFARE GROUP",GS,GENERAL SCHEDULE,STEM OCCUPATIONS,SCIENCE OCCUPATIONS,5,MANAGEMENT OFFICIAL (CSRA),15,CAREER-CONDITIONAL (COMPETITIVE SERVICE PERMANENT),F,FULL-TIME,1,53,WA,WASHINGTON,US,UNITED STATES,150517,14
TR,DEPARTMENT OF TREASURY,TR93,INTERNAL REVENUE SERVICE,AA,Transfer In - Individual Transfer,202404,25-29,13,BACHELOR'S DEGREE,3.4,0110,ECONOMIST,01,"SOCIAL SCIENCE, PSYCHOLOGY, AND WELFARE GROUP",GS,GENERAL SCHEDULE,STEM OCCUPATIONS,SCIENCE OCCUPATIONS,8,ALL OTHER POSITIONS,15,CAREER-CONDITIONAL (COMPETITIVE SERVICE PERMANENT),F,FULL-TIME,1,11,DC,DISTRICT OF COLUMBIA,US,UNITED STATES,84366,09
HE,DEPARTMENT OF HEALTH AND HUMAN SERVICES,HE70,CENTERS FOR MEDICARE & MEDICAID SERVICES,AC,New Hire - Competitive Service Appointment,202405,25-29,17,MASTER'S DEGREE,0.0,0110,ECONOMIST,01,"SOCIAL SCIENCE, PSYCHOLOGY, AND WELFARE GROUP",GS,GENERAL SCHEDULE,STEM OCCUPATIONS,SCIENCE OCCUPATIONS,8,ALL OTHER POSITIONS,15,CAREER-CONDITIONAL (COMPETITIVE SERVICE PERMANENT),F,FULL-TIME,1,24,MD,MARYLAND,US,UNITED STATES,82764,11
HE,DEPARTMENT OF HEALTH AND HUMAN SERVICES,HE70,CENTERS FOR MEDICARE & MEDICAID SERVICES,AC,New Hire - Competitive Service Appointment,202405,45-49,17,MASTER'S DEGREE,0.0,0110,ECONOMIST,01,"SOCIAL SCIENCE, PSYCHOLOGY, AND WELFARE GROUP",GS,GENERAL SCHEDULE,STEM OCCUPATIONS,SCIENCE OCCUPATIONS,8,ALL OTHER POSITIONS,15,CAREER-CONDITIONAL (COMPETITIVE SERVICE PERMANENT),F,FULL-TIME,1,24,MD,MARYLAND,US,UNITED STATES,145489,13
HS,DEPARTMENT OF HOMELAND SECURITY,HSBB,IMMIGRATION AND CUSTOMS ENFORCEMENT,AC,New Hire - Competitive Service Appointment,202412,30-34,21,DOCTORATE DEGREE,5.4,0110,ECONOMIST,01,"SOCIAL SCIENCE, PSYCHOLOGY, AND WELFARE GROUP",GS,GENERAL SCHEDULE,STEM OCCUPATIONS,SCIENCE OCCUPATIONS,8,ALL OTHER POSITIONS,15,CAREER-CONDITIONAL (COMPETITIVE SERVICE PERMANENT),F,FULL-TIME,1,REDACTED,REDACTED,REDACTED,REDACTED,REDACTED,REDACTED,14
HS,DEPARTMENT OF HOMELAND SECURITY,HSAB,CITIZENSHIP AND IMMIGRATION SERVICES,AC,New Hire - Competitive Service Appointment,202411,45-49,17,MASTER'S DEGREE,0.0,0110,ECONOMIST,01,"SOCIAL SCIENCE, PSYCHOLOGY, AND WELFARE GROUP",GS,GENERAL SCHEDULE,STEM OCCUPATIONS,SCIENCE OCCUPATIONS,8,ALL OTHER POSITIONS,15,CAREER-CONDITIONAL (COMPETITIVE SERVICE PERMANENT),F,FULL-TIME,1,11,DC,DISTRICT OF COLUMBIA,US,UNITED STATES,117962,13
HS,DEPARTMENT OF HOMELAND SECURITY,HSAB,CITIZENSHIP AND IMMIGRATION SERVICES,AC,New Hire - Competitive Service Appointment,202412,35-39,17,MASTER'S DEGREE,15.8,0110,ECONOMIST,01,"SOCIAL SCIENCE, PSYCHOLOGY, AND WELFARE GROUP",GS,GENERAL SCHEDULE,STEM OCCUPATIONS,SCIENCE OCCUPATIONS,8,ALL OTHER POSITIONS,15,CAREER-CONDITIONAL (COMPETITIVE SERVICE PERMANENT),F,FULL-TIME,1,11,DC,DISTRICT OF COLUMBIA,US,UNITED STATES,153336,14
HS,DEPARTMENT OF HOMELAND SECURITY,HSAB,CITIZENSHIP AND IMMIGRATION SERVICES,AC,New Hire - Competitive Service Appointment,202501,25-29,13,BACHELOR'S DEGREE,4.3,0110,ECONOMIST,01,"SOCIAL SCIENCE, PSYCHOLOGY, AND WELFARE GROUP",GS,GENERAL SCHEDULE,STEM OCCUPATIONS,SCIENCE OCCUPATIONS,8,ALL OTHER POSITIONS,10,CAREER (COMPETITIVE SERVICE PERMANENT),F,FULL-TIME,1,11,DC,DISTRICT OF COLUMBIA,US,UNITED STATES,120579,13
NU,NUCLEAR REGULATORY COMMISSION,NU00,NUCLEAR REGULATORY COMMISSION,AD,New Hire - Excepted Service Appointment,202501,55-59,13,BACHELOR'S DEGREE,20.3,0110,ECONOMIST,01,"SOCIAL SCIENCE, PSYCHOLOGY, AND WELFARE GROUP",GG,GRADES SIMILAR TO GENERAL SCHEDULE,STEM OCCUPATIONS,SCIENCE OCCUPATIONS,8,ALL OTHER POSITIONS,38,OTHER (EXCEPTED SERVICE PERMANENT),F,FULL-TIME,1,24,MD,MARYLAND,US,UNITED STATES,175735,14
NU,NUCLEAR REGULATORY COMMISSION,NU00,NUCLEAR REGULATORY COMMISSION,AD,New Hire - Excepted Service Appointment,202411,50-54,18,POST-MASTER'S,19.8,0110,ECONOMIST,01,"SOCIAL SCIENCE, PSYCHOLOGY, AND WELFARE GROUP",GG,GRADES SIMILAR TO GENERAL SCHEDULE,STEM OCCUPATIONS,SCIENCE OCCUPATIONS,8,ALL OTHER POSITIONS,38,OTHER (EXCEPTED SERVICE PERMANENT),F,FULL-TIME,1,24,MD,MARYLAND,US,UNITED STATES,157982,14
AG,DEPARTMENT OF AGRICULTURE,AG10,FOREIGN AGRICULTURAL SERVICE,AD,New Hire - Excepted Service Appointment,202406,Less than 20,01,NO FORMAL EDUCATION OR SOME ELEMENTARY SCHOOL - DID NOT COMPLETE,0.0,0119,ECONOMICS ASSISTANT,01,"SOCIAL SCIENCE, PSYCHOLOGY, AND WELFARE GROUP",GS,GENERAL SCHEDULE,ALL OTHER OCCUPATIONS,ALL OTHER OCCUPATIONS,8,ALL OTHER POSITIONS,40,SCHEDULE A (EXCEPTED SERVICE NONPERMANENT),F,FULL-TIME,1,11,DC,DISTRICT OF COLUMBIA,US,UNITED STATES,0,02
AG,DEPARTMENT OF AGRICULTURE,AG10,FOREIGN AGRICULTURAL SERVICE,AD,New Hire - Excepted Service Appointment,202406,Less than 20,04,HIGH SCHOOL GRADUATE OR CERTIFICATE OF EQUIVALENCY,0.0,0119,ECONOMICS ASSISTANT,01,"SOCIAL SCIENCE, PSYCHOLOGY, AND WELFARE GROUP",GS,GENERAL SCHEDULE,ALL OTHER OCCUPATIONS,ALL OTHER OCCUPATIONS,8,ALL OTHER POSITIONS,40,SCHEDULE A (EXCEPTED SERVICE NONPERMANENT),F,FULL-TIME,1,11,DC,DISTRICT OF COLUMBIA,US,UNITED STATES,0,02
CM,DEPARTMENT OF COMMERCE,CM63,U.S. CENSUS BUREAU,AC,New Hire - Competitive Service Appointment,202408,25-29,21,DOCTORATE DEGREE,0.0,0110,ECONOMIST,01,"SOCIAL SCIENCE, PSYCHOLOGY, AND WELFARE GROUP",GS,GENERAL SCHEDULE,STEM OCCUPATIONS,SCIENCE OCCUPATIONS,8,ALL OTHER POSITIONS,15,CAREER-CONDITIONAL (COMPETITIVE SERVICE PERMANENT),F,FULL-TIME,1,24,MD,MARYLAND,US,UNITED STATES,153354,13
CM,DEPARTMENT OF COMMERCE,CM53,BUREAU OF ECONOMIC ANALYSIS,AC,New Hire - Competitive Service Appointment,202406,30-34,21,DOCTORATE DEGREE,0.0,0110,ECONOMIST,01,"SOCIAL SCIENCE, PSYCHOLOGY, AND WELFARE GROUP",ZP,SCIENTIFIC AND ENGINEERING PROFESSIONAL,STEM OCCUPATIONS,SCIENCE OCCUPATIONS,8,ALL OTHER POSITIONS,15,CAREER-CONDITIONAL (COMPETITIVE SERVICE PERMANENT),F,FULL-TIME,1,11,DC,DISTRICT OF COLUMBIA,US,UNITED STATES,163230,04
CM,DEPARTMENT OF COMMERCE,CM53,BUREAU OF ECONOMIC ANALYSIS,AC,New Hire - Competitive Service Appointment,202408,35-39,04,HIGH SCHOOL GRADUATE OR CERTIFICATE OF EQUIVALENCY,0.0,0110,ECONOMIST,01,"SOCIAL SCIENCE, PSYCHOLOGY, AND WELFARE GROUP",ZP,SCIENTIFIC AND ENGINEERING PROFESSIONAL,STEM OCCUPATIONS,SCIENCE OCCUPATIONS,2,SUPERVISOR OR MANAGER,15,CAREER-CONDITIONAL (COMPETITIVE SERVICE PERMANENT),F,FULL-TIME,1,11,DC,DISTRICT OF COLUMBIA,US,UNITED STATES,187000,05
CM,DEPARTMENT OF COMMERCE,CM63,U.S. CENSUS BUREAU,AC,New Hire - Competitive Service Appointment,202407,35-39,21,DOCTORATE DEGREE,0.0,0110,ECONOMIST,01,"SOCIAL SCIENCE, PSYCHOLOGY, AND WELFARE GROUP",GS,GENERAL SCHEDULE,STEM OCCUPATIONS,SCIENCE OCCUPATIONS,8,ALL OTHER POSITIONS,15,CAREER-CONDITIONAL (COMPETITIVE SERVICE PERMANENT),F,FULL-TIME,1,24,MD,MARYLAND,US,UNITED STATES,99200,12
CE,COUNCIL OF ECONOMIC ADVISERS,CE00,COUNCIL OF ECONOMIC ADVISERS,AD,New Hire - Excepted Service Appointment,202407,25-29,17,MASTER'S DEGREE,0.0,0110,ECONOMIST,01,"SOCIAL SCIENCE, PSYCHOLOGY, AND WELFARE GROUP",AD,"ADMINISTRATIVELY DETERMINED RATES, NOT ELSEWHERE SPECIFIED",STEM OCCUPATIONS,SCIENCE OCCUPATIONS,8,ALL OTHER POSITIONS,48,OTHER (EXCEPTED SERVICE NONPERMANENT),F,FULL-TIME,1,11,DC,DISTRICT OF COLUMBIA,US,UNITED STATES,64000,00
CM,DEPARTMENT OF COMMERCE,CM54,NATIONAL OCEANIC AND ATMOSPHERIC ADMINISTRATION,AC,New Hire - Competitive Service Appointment,202408,30-34,21,DOCTORATE DEGREE,0.0,0110,ECONOMIST,01,"SOCIAL SCIENCE, PSYCHOLOGY, AND WELFARE GROUP",ZP,SCIENTIFIC AND ENGINEERING PROFESSIONAL,STEM OCCUPATIONS,SCIENCE OCCUPATIONS,8,ALL OTHER POSITIONS,15,CAREER-CONDITIONAL (COMPETITIVE SERVICE PERMANENT),F,FULL-TIME,1,12,FL,FLORIDA,US,UNITED STATES,90551,03
CM,DEPARTMENT OF COMMERCE,CM53,BUREAU OF ECONOMIC ANALYSIS,AC,New Hire - Competitive Service Appointment,202411,25-29,14,POST-BACHELOR'S,4.7,0110,ECONOMIST,01,"SOCIAL SCIENCE, PSYCHOLOGY, AND WELFARE GROUP",ZP,SCIENTIFIC AND ENGINEERING PROFESSIONAL,STEM OCCUPATIONS,SCIENCE OCCUPATIONS,8,ALL OTHER POSITIONS,15,CAREER-CONDITIONAL (COMPETITIVE SERVICE PERMANENT),F,FULL-TIME,1,11,DC,DISTRICT OF COLUMBIA,US,UNITED STATES,110000,03
CM,DEPARTMENT OF COMMERCE,CM63,U.S. CENSUS BUREAU,AD,New Hire - Excepted Service Appointment,202411,35-39,21,DOCTORATE DEGREE,0.0,0110,ECONOMIST,01,"SOCIAL SCIENCE, PSYCHOLOGY, AND WELFARE GROUP",GS,GENERAL SCHEDULE,STEM OCCUPATIONS,SCIENCE OCCUPATIONS,8,ALL OTHER POSITIONS,40,SCHEDULE A (EXCEPTED SERVICE NONPERMANENT),I,INTERMITTENT,1,25,MA,MASSACHUSETTS,US,UNITED STATES,98240,12
CE,COUNCIL OF ECONOMIC ADVISERS,CE00,COUNCIL OF ECONOMIC ADVISERS,AD,New Hire - Excepted Service Appointment,202407,30-34,21,DOCTORATE DEGREE,0.0,0110,ECONOMIST,01,"SOCIAL SCIENCE, PSYCHOLOGY, AND WELFARE GROUP",AD,"ADMINISTRATIVELY DETERMINED RATES, NOT ELSEWHERE SPECIFIED",STEM OCCUPATIONS,SCIENCE OCCUPATIONS,8,ALL OTHER POSITIONS,48,OTHER (EXCEPTED SERVICE NONPERMANENT),F,FULL-TIME,1,11,DC,DISTRICT OF COLUMBIA,US,UNITED STATES,115000,00
CE,COUNCIL OF ECONOMIC ADVISERS,CE00,COUNCIL OF ECONOMIC ADVISERS,AD,New Hire - Excepted Service Appointment,202407,30-34,18,POST-MASTER'S,0.0,0110,ECONOMIST,01,"SOCIAL SCIENCE, PSYCHOLOGY, AND WELFARE GROUP",AD,"ADMINISTRATIVELY DETERMINED RATES, NOT ELSEWHERE SPECIFIED",STEM OCCUPATIONS,SCIENCE OCCUPATIONS,8,ALL OTHER POSITIONS,48,OTHER (EXCEPTED SERVICE NONPERMANENT),F,FULL-TIME,1,11,DC,DISTRICT OF COLUMBIA,US,UNITED STATES,64000,00
CM,DEPARTMENT OF COMMERCE,CM63,U.S. CENSUS BUREAU,AD,New Hire - Excepted Service Appointment,202409,20-24,13,BACHELOR'S DEGREE,0.0,0110,ECONOMIST,01,"SOCIAL SCIENCE, PSYCHOLOGY, AND WELFARE GROUP",GS,GENERAL SCHEDULE,STEM OCCUPATIONS,SCIENCE OCCUPATIONS,8,ALL OTHER POSITIONS,40,SCHEDULE A (EXCEPTED SERVICE NONPERMANENT),F,FULL-TIME,1,24,MD,MARYLAND,US,UNITED STATES,55924,07
CM,DEPARTMENT OF COMMERCE,CM55,INTERNATIONAL TRADE ADMINISTRATION,AD,New Hire - Excepted Service Appointment,202407,20-24,17,MASTER'S DEGREE,0.0,0110,ECONOMIST,01,"SOCIAL SCIENCE, PSYCHOLOGY, AND WELFARE GROUP",GS,GENERAL SCHEDULE,STEM OCCUPATIONS,SCIENCE OCCUPATIONS,8,ALL OTHER POSITIONS,35,SCHEDULE D (EXCEPTED SERVICE PERMANENT),F,FULL-TIME,1,11,DC,DISTRICT OF COLUMBIA,US,UNITED STATES,68405,09
CM,DEPARTMENT OF COMMERCE,CM63,U.S. CENSUS BUREAU,AC,New Hire - Competitive Service Appointment,202409,30-34,21,DOCTORATE DEGREE,0.0,0110,ECONOMIST,01,"SOCIAL SCIENCE, PSYCHOLOGY, AND WELFARE GROUP",GS,GENERAL SCHEDULE,STEM OCCUPATIONS,SCIENCE OCCUPATIONS,8,ALL OTHER POSITIONS,15,CAREER-CONDITIONAL (COMPETITIVE SERVICE PERMANENT),F,FULL-TIME,1,24,MD,MARYLAND,US,UNITED STATES,119037,12
CM,DEPARTMENT OF COMMERCE,CM63,U.S. CENSUS BUREAU,AC,New Hire - Competitive Service Appointment,202406,25-29,21,DOCTORATE DEGREE,0.0,0110,ECONOMIST,01,"SOCIAL SCIENCE, PSYCHOLOGY, AND WELFARE GROUP",GS,GENERAL SCHEDULE,STEM OCCUPATIONS,SCIENCE OCCUPATIONS,8,ALL OTHER POSITIONS,15,CAREER-CONDITIONAL (COMPETITIVE SERVICE PERMANENT),F,FULL-TIME,1,24,MD,MARYLAND,US,UNITED STATES,128956,12
CM,DEPARTMENT OF COMMERCE,CM61,NATIONAL TELECOMMUNICATIONS AND INFORMATION ADMINISTRATION,AC,New Hire - Competitive Service Appointment,202409,40-44,04,HIGH SCHOOL GRADUATE OR CERTIFICATE OF EQUIVALENCY,0.0,0110,ECONOMIST,01,"SOCIAL SCIENCE, PSYCHOLOGY, AND WELFARE GROUP",GS,GENERAL SCHEDULE,STEM OCCUPATIONS,SCIENCE OCCUPATIONS,8,ALL OTHER POSITIONS,15,CAREER-CONDITIONAL (COMPETITIVE SERVICE PERMANENT),F,FULL-TIME,1,11,DC,DISTRICT OF COLUMBIA,US,UNITED STATES,171923,14
CM,DEPARTMENT OF COMMERCE,CM63,U.S. CENSUS BUREAU,AC,New Hire - Competitive Service Appointment,202407,25-29,21,DOCTORATE DEGREE,0.0,0110,ECONOMIST,01,"SOCIAL SCIENCE, PSYCHOLOGY, AND WELFARE GROUP",GS,GENERAL SCHEDULE,STEM OCCUPATIONS,SCIENCE OCCUPATIONS,8,ALL OTHER POSITIONS,15,CAREER-CONDITIONAL (COMPETITIVE SERVICE PERMANENT),F,FULL-TIME,1,24,MD,MARYLAND,US,UNITED STATES,109119,12
CM,DEPARTMENT OF COMMERCE,CM54,NATIONAL OCEANIC AND ATMOSPHERIC ADMINISTRATION,AC,New Hire - Competitive Service Appointment,202408,30-34,21,DOCTORATE DEGREE,0.0,0110,ECONOMIST,01,"SOCIAL SCIENCE, PSYCHOLOGY, AND WELFARE GROUP",ZP,SCIENTIFIC AND ENGINEERING PROFESSIONAL,STEM OCCUPATIONS,SCIENCE OCCUPATIONS,8,ALL OTHER POSITIONS,20,NONPERMANENT (COMPETITTIVE SERVICE NONPERMANENT),F,FULL-TIME,1,24,MD,MARYLAND,US,UNITED STATES,99200,03
CM,DEPARTMENT OF COMMERCE,CM63,U.S. CENSUS BUREAU,AD,New Hire - Excepted Service Appointment,202408,30-34,18,POST-MASTER'S,2.3,0110,ECONOMIST,01,"SOCIAL SCIENCE, PSYCHOLOGY, AND WELFARE GROUP",GS,GENERAL SCHEDULE,STEM OCCUPATIONS,SCIENCE OCCUPATIONS,8,ALL OTHER POSITIONS,40,SCHEDULE A (EXCEPTED SERVICE NONPERMANENT),P,PART-TIME,1,24,MD,MARYLAND,US,UNITED STATES,82764,11
CM,DEPARTMENT OF COMMERCE,CM54,NATIONAL OCEANIC AND ATMOSPHERIC ADMINISTRATION,AC,New Hire - Competitive Service Appointment,202408,25-29,17,MASTER'S DEGREE,3.6,0110,ECONOMIST,01,"SOCIAL SCIENCE, PSYCHOLOGY, AND WELFARE GROUP",ZP,SCIENTIFIC AND ENGINEERING PROFESSIONAL,STEM OCCUPATIONS,SCIENCE OCCUPATIONS,8,ALL OTHER POSITIONS,20,NONPERMANENT (COMPETITTIVE SERVICE NONPERMANENT),F,FULL-TIME,1,06,CA,CALIFORNIA,US,UNITED STATES,100000,03
CE,COUNCIL OF ECONOMIC ADVISERS,CE00,COUNCIL OF ECONOMIC ADVISERS,AD,New Hire - Excepted Service Appointment,202407,25-29,18,POST-MASTER'S,0.0,0110,ECONOMIST,01,"SOCIAL SCIENCE, PSYCHOLOGY, AND WELFARE GROUP",AD,"ADMINISTRATIVELY DETERMINED RATES, NOT ELSEWHERE SPECIFIED",STEM OCCUPATIONS,SCIENCE OCCUPATIONS,8,ALL OTHER POSITIONS,48,OTHER (EXCEPTED SERVICE NONPERMANENT),F,FULL-TIME,1,11,DC,DISTRICT OF COLUMBIA,US,UNITED STATES,64000,00
CE,COUNCIL OF ECONOMIC ADVISERS,CE00,COUNCIL OF ECONOMIC ADVISERS,AD,New Hire - Excepted Service Appointment,202407,25-29,13,BACHELOR'S DEGREE,0.0,0110,ECONOMIST,01,"SOCIAL SCIENCE, PSYCHOLOGY, AND WELFARE GROUP",AD,"ADMINISTRATIVELY DETERMINED RATES, NOT ELSEWHERE SPECIFIED",STEM OCCUPATIONS,SCIENCE OCCUPATIONS,8,ALL OTHER POSITIONS,48,OTHER (EXCEPTED SERVICE NONPERMANENT),F,FULL-TIME,1,11,DC,DISTRICT OF COLUMBIA,US,UNITED STATES,64000,00
BO,OFFICE OF MANAGEMENT AND BUDGET,BO00,OFFICE OF MANAGEMENT AND BUDGET,AC,New Hire - Competitive Service Appointment,202407,30-34,21,DOCTORATE DEGREE,0.0,0110,ECONOMIST,01,"SOCIAL SCIENCE, PSYCHOLOGY, AND WELFARE GROUP",GS,GENERAL SCHEDULE,STEM OCCUPATIONS,SCIENCE OCCUPATIONS,8,ALL OTHER POSITIONS,15,CAREER-CONDITIONAL (COMPETITIVE SERVICE PERMANENT),F,FULL-TIME,1,11,DC,DISTRICT OF COLUMBIA,US,UNITED STATES,117962,13
CM,DEPARTMENT OF COMMERCE,CM53,BUREAU OF ECONOMIC ANALYSIS,AD,New Hire - Excepted Service Appointment,202407,20-24,17,MASTER'S DEGREE,0.0,0110,ECONOMIST,01,"SOCIAL SCIENCE, PSYCHOLOGY, AND WELFARE GROUP",ZP,SCIENTIFIC AND ENGINEERING PROFESSIONAL,STEM OCCUPATIONS,SCIENCE OCCUPATIONS,8,ALL OTHER POSITIONS,35,SCHEDULE D (EXCEPTED SERVICE PERMANENT),F,FULL-TIME,1,24,MD,MARYLAND,US,UNITED STATES,78500,02
CE,COUNCIL OF ECONOMIC ADVISERS,CE00,COUNCIL OF ECONOMIC ADVISERS,AD,New Hire - Excepted Service Appointment,202408,25-29,13,BACHELOR'S DEGREE,0.0,0110,ECONOMIST,01,"SOCIAL SCIENCE, PSYCHOLOGY, AND WELFARE GROUP",AD,"ADMINISTRATIVELY DETERMINED RATES, NOT ELSEWHERE SPECIFIED",STEM OCCUPATIONS,SCIENCE OCCUPATIONS,8,ALL OTHER POSITIONS,48,OTHER (EXCEPTED SERVICE NONPERMANENT),F,FULL-TIME,1,11,DC,DISTRICT OF COLUMBIA,US,UNITED STATES,64000,00
HU,DEPARTMENT OF HOUSING AND URBAN DEVELOPM,HUAA,OFFICE OF THE SECRETARY OF HOUSING AND URBAN DEVELOPMENT,AC,New Hire - Competitive Service Appointment,202412,25-29,13,BACHELOR'S DEGREE,0.0,0110,ECONOMIST,01,"SOCIAL SCIENCE, PSYCHOLOGY, AND WELFARE GROUP",GS,GENERAL SCHEDULE,STEM OCCUPATIONS,SCIENCE OCCUPATIONS,8,ALL OTHER POSITIONS,15,CAREER-CONDITIONAL (COMPETITIVE SERVICE PERMANENT),F,FULL-TIME,1,06,CA,CALIFORNIA,US,UNITED STATES,74642,09
HU,DEPARTMENT OF HOUSING AND URBAN DEVELOPM,HURR,ASSISTANT SECRETARY FOR POLICY DEVELOPMENT AND RESEARCH,AC,New Hire - Competitive Service Appointment,202408,25-29,04,HIGH SCHOOL GRADUATE OR CERTIFICATE OF EQUIVALENCY,0.0,0110,ECONOMIST,01,"SOCIAL SCIENCE, PSYCHOLOGY, AND WELFARE GROUP",GS,GENERAL SCHEDULE,STEM OCCUPATIONS,SCIENCE OCCUPATIONS,8,ALL OTHER POSITIONS,15,CAREER-CONDITIONAL (COMPETITIVE SERVICE PERMANENT),F,FULL-TIME,1,13,GA,GEORGIA,US,UNITED STATES,63369,09
HU,DEPARTMENT OF HOUSING AND URBAN DEVELOPM,HURR,ASSISTANT SECRETARY FOR POLICY DEVELOPMENT AND RESEARCH,AA,Transfer In - Individual Transfer,202409,30-34,17,MASTER'S DEGREE,9.1,0110,ECONOMIST,01,"SOCIAL SCIENCE, PSYCHOLOGY, AND WELFARE GROUP",GS,GENERAL SCHEDULE,STEM OCCUPATIONS,SCIENCE OCCUPATIONS,8,ALL OTHER POSITIONS,10,CAREER (COMPETITIVE SERVICE PERMANENT),F,FULL-TIME,1,08,CO,COLORADO,US,UNITED STATES,75559,09
DL,DEPARTMENT OF LABOR,DLLS,BUREAU OF LABOR STATISTICS,AC,New Hire - Competitive Service Appointment,202407,45-49,17,MASTER'S DEGREE,0.0,0119,ECONOMICS ASSISTANT,01,"SOCIAL SCIENCE, PSYCHOLOGY, AND WELFARE GROUP",GS,GENERAL SCHEDULE,ALL OTHER OCCUPATIONS,ALL OTHER OCCUPATIONS,8,ALL OTHER POSITIONS,15,CAREER-CONDITIONAL (COMPETITIVE SERVICE PERMANENT),P,PART-TIME,1,06,CA,CALIFORNIA,US,UNITED STATES,46020,05
FD,FEDERAL DEPOSIT INSURANCE CORPORATION,FD00,FEDERAL DEPOSIT INSURANCE CORPORATION,AD,New Hire - Excepted Service Appointment,202407,20-24,11,THREE YEARS COLLEGE,0.0,0110,ECONOMIST,01,"SOCIAL SCIENCE, PSYCHOLOGY, AND WELFARE GROUP",CG,CORPORATE GRADED,STEM OCCUPATIONS,SCIENCE OCCUPATIONS,8,ALL OTHER POSITIONS,40,SCHEDULE A (EXCEPTED SERVICE NONPERMANENT),F,FULL-TIME,1,11,DC,DISTRICT OF COLUMBIA,US,UNITED STATES,61586,07
DL,DEPARTMENT OF LABOR,DLLS,BUREAU OF LABOR STATISTICS,AC,New Hire - Competitive Service Appointment,202406,60-64,04,HIGH SCHOOL GRADUATE OR CERTIFICATE OF EQUIVALENCY,0.0,0119,ECONOMICS ASSISTANT,01,"SOCIAL SCIENCE, PSYCHOLOGY, AND WELFARE GROUP",GS,GENERAL SCHEDULE,ALL OTHER OCCUPATIONS,ALL OTHER OCCUPATIONS,8,ALL OTHER POSITIONS,15,CAREER-CONDITIONAL (COMPETITIVE SERVICE PERMANENT),P,PART-TIME,1,11,DC,DISTRICT OF COLUMBIA,US,UNITED STATES,45146,05
FR,FEDERAL RESERVE SYSTEM,FRFT,BUREAU OF CONSUMER FINANCIAL PROTECTION,AC,New Hire - Competitive Service Appointment,202406,35-39,21,DOCTORATE DEGREE,6.4,0110,ECONOMIST,01,"SOCIAL SCIENCE, PSYCHOLOGY, AND WELFARE GROUP",CN,BUREAU OF CONSUMER FINANCIAL PROTECT(CFPB) INDEPENDENT AGCY WITHIN THE FED RES SYST(USE BY CFPB ONLY),STEM OCCUPATIONS,SCIENCE OCCUPATIONS,8,ALL OTHER POSITIONS,10,CAREER (COMPETITIVE SERVICE PERMANENT),F,FULL-TIME,1,11,DC,DISTRICT OF COLUMBIA,US,UNITED STATES,219513,60
FD,FEDERAL DEPOSIT INSURANCE CORPORATION,FD00,FEDERAL DEPOSIT INSURANCE CORPORATION,AC,New Hire - Competitive Service Appointment,202411,45-49,21,DOCTORATE DEGREE,0.0,0110,ECONOMIST,01,"SOCIAL SCIENCE, PSYCHOLOGY, AND WELFARE GROUP",CG,CORPORATE GRADED,STEM OCCUPATIONS,SCIENCE OCCUPATIONS,8,ALL OTHER POSITIONS,15,CAREER-CONDITIONAL (COMPETITIVE SERVICE PERMANENT),F,FULL-TIME,1,11,DC,DISTRICT OF COLUMBIA,US,UNITED STATES,194576,14
DL,DEPARTMENT OF LABOR,DLLS,BUREAU OF LABOR STATISTICS,AC,New Hire - Competitive Service Appointment,202411,25-29,17,MASTER'S DEGREE,0.0,0110,ECONOMIST,01,"SOCIAL SCIENCE, PSYCHOLOGY, AND WELFARE GROUP",GS,GENERAL SCHEDULE,STEM OCCUPATIONS,SCIENCE OCCUPATIONS,8,ALL OTHER POSITIONS,15,CAREER-CONDITIONAL (COMPETITIVE SERVICE PERMANENT),F,FULL-TIME,1,11,DC,DISTRICT OF COLUMBIA,US,UNITED STATES,68405,09
EP,ENVIRONMENTAL PROTECTION AGENCY,EP00,ENVIRONMENTAL PROTECTION AGENCY,AC,New Hire - Competitive Service Appointment,202406,25-29,13,BACHELOR'S DEGREE,0.0,0110,ECONOMIST,01,"SOCIAL SCIENCE, PSYCHOLOGY, AND WELFARE GROUP",GS,GENERAL SCHEDULE,STEM OCCUPATIONS,SCIENCE OCCUPATIONS,8,ALL OTHER POSITIONS,15,CAREER-CONDITIONAL (COMPETITIVE SERVICE PERMANENT),F,FULL-TIME,1,11,DC,DISTRICT OF COLUMBIA,US,UNITED STATES,82764,11
DL,DEPARTMENT OF LABOR,DLLS,BUREAU OF LABOR STATISTICS,AC,New Hire - Competitive Service Appointment,202406,50-54,04,HIGH SCHOOL GRADUATE OR CERTIFICATE OF EQUIVALENCY,0.0,0119,ECONOMICS ASSISTANT,01,"SOCIAL SCIENCE, PSYCHOLOGY, AND WELFARE GROUP",GS,GENERAL SCHEDULE,ALL OTHER OCCUPATIONS,ALL OTHER OCCUPATIONS,8,ALL OTHER POSITIONS,15,CAREER-CONDITIONAL (COMPETITIVE SERVICE PERMANENT),P,PART-TIME,1,06,CA,CALIFORNIA,US,UNITED STATES,46020,05
DL,DEPARTMENT OF LABOR,DLLS,BUREAU OF LABOR STATISTICS,AC,New Hire - Competitive Service Appointment,202406,20-24,13,BACHELOR'S DEGREE,0.0,0119,ECONOMICS ASSISTANT,01,"SOCIAL SCIENCE, PSYCHOLOGY, AND WELFARE GROUP",GS,GENERAL SCHEDULE,ALL OTHER OCCUPATIONS,ALL OTHER OCCUPATIONS,8,ALL OTHER POSITIONS,15,CAREER-CONDITIONAL (COMPETITIVE SERVICE PERMANENT),P,PART-TIME,1,06,CA,CALIFORNIA,US,UNITED STATES,49262,05
DL,DEPARTMENT OF LABOR,DLLS,BUREAU OF LABOR STATISTICS,AC,New Hire - Competitive Service Appointment,202410,35-39,13,BACHELOR'S DEGREE,0.0,0119,ECONOMICS ASSISTANT,01,"SOCIAL SCIENCE, PSYCHOLOGY, AND WELFARE GROUP",GS,GENERAL SCHEDULE,ALL OTHER OCCUPATIONS,ALL OTHER OCCUPATIONS,8,ALL OTHER POSITIONS,15,CAREER-CONDITIONAL (COMPETITIVE SERVICE PERMANENT),P,PART-TIME,1,42,PA,PENNSYLVANIA,US,UNITED STATES,40918,05
DN,DEPARTMENT OF ENERGY,DN00,DEPARTMENT OF ENERGY,AC,New Hire - Competitive Service Appointment,202407,25-29,17,MASTER'S DEGREE,0.0,0110,ECONOMIST,01,"SOCIAL SCIENCE, PSYCHOLOGY, AND WELFARE GROUP",GS,GENERAL SCHEDULE,STEM OCCUPATIONS,SCIENCE OCCUPATIONS,8,ALL OTHER POSITIONS,15,CAREER-CONDITIONAL (COMPETITIVE SERVICE PERMANENT),F,FULL-TIME,1,51,VA,VIRGINIA,US,UNITED STATES,75715,11
DL,DEPARTMENT OF LABOR,DLLS,BUREAU OF LABOR STATISTICS,AC,New Hire - Competitive Service Appointment,202409,60-64,17,MASTER'S DEGREE,20.3,0110,ECONOMIST,01,"SOCIAL SCIENCE, PSYCHOLOGY, AND WELFARE GROUP",GS,GENERAL SCHEDULE,STEM OCCUPATIONS,SCIENCE OCCUPATIONS,8,ALL OTHER POSITIONS,20,NONPERMANENT (COMPETITTIVE SERVICE NONPERMANENT),I,INTERMITTENT,1,27,MN,MINNESOTA,US,UNITED STATES,191900,15
DL,DEPARTMENT OF LABOR,DLLS,BUREAU OF LABOR STATISTICS,AC,New Hire - Competitive Service Appointment,202409,20-24,17,MASTER'S DEGREE,0.0,0110,ECONOMIST,01,"SOCIAL SCIENCE, PSYCHOLOGY, AND WELFARE GROUP",GS,GENERAL SCHEDULE,STEM OCCUPATIONS,SCIENCE OCCUPATIONS,8,ALL OTHER POSITIONS,15,CAREER-CONDITIONAL (COMPETITIVE SERVICE PERMANENT),F,FULL-TIME,1,11,DC,DISTRICT OF COLUMBIA,US,UNITED STATES,68405,09
DL,DEPARTMENT OF LABOR,DLLS,BUREAU OF LABOR STATISTICS,AC,New Hire - Competitive Service Appointment,202410,40-44,13,BACHELOR'S DEGREE,0.0,0119,ECONOMICS ASSISTANT,01,"SOCIAL SCIENCE, PSYCHOLOGY, AND WELFARE GROUP",GS,GENERAL SCHEDULE,ALL OTHER OCCUPATIONS,ALL OTHER OCCUPATIONS,8,ALL OTHER POSITIONS,15,CAREER-CONDITIONAL (COMPETITIVE SERVICE PERMANENT),P,PART-TIME,1,06,CA,CALIFORNIA,US,UNITED STATES,45075,05
DL,DEPARTMENT OF LABOR,DLPW,EMPLOYEE BENEFITS SECURITY ADMINISTRATION,AC,New Hire - Competitive Service Appointment,202411,50-54,21,DOCTORATE DEGREE,20.0,0110,ECONOMIST,01,"SOCIAL SCIENCE, PSYCHOLOGY, AND WELFARE GROUP",GS,GENERAL SCHEDULE,STEM OCCUPATIONS,SCIENCE OCCUPATIONS,8,ALL OTHER POSITIONS,15,CAREER-CONDITIONAL (COMPETITIVE SERVICE PERMANENT),F,FULL-TIME,1,11,DC,DISTRICT OF COLUMBIA,US,UNITED STATES,153354,13
DL,DEPARTMENT OF LABOR,DLLS,BUREAU OF LABOR STATISTICS,AC,New Hire - Competitive Service Appointment,202406,60-64,10,ASSOCIATE DEGREE,10.8,0119,ECONOMICS ASSISTANT,01,"SOCIAL SCIENCE, PSYCHOLOGY, AND WELFARE GROUP",GS,GENERAL SCHEDULE,ALL OTHER OCCUPATIONS,ALL OTHER OCCUPATIONS,8,ALL OTHER POSITIONS,15,CAREER-CONDITIONAL (COMPETITIVE SERVICE PERMANENT),P,PART-TIME,1,48,TX,TEXAS,US,UNITED STATES,59329,05
FD,FEDERAL DEPOSIT INSURANCE CORPORATION,FD00,FEDERAL DEPOSIT INSURANCE CORPORATION,AC,New Hire - Competitive Service Appointment,202410,25-29,21,DOCTORATE DEGREE,0.0,0110,ECONOMIST,01,"SOCIAL SCIENCE, PSYCHOLOGY, AND WELFARE GROUP",CG,CORPORATE GRADED,STEM OCCUPATIONS,SCIENCE OCCUPATIONS,8,ALL OTHER POSITIONS,15,CAREER-CONDITIONAL (COMPETITIVE SERVICE PERMANENT),F,FULL-TIME,1,11,DC,DISTRICT OF COLUMBIA,US,UNITED STATES,126785,12
DL,DEPARTMENT OF LABOR,DLLS,BUREAU OF LABOR STATISTICS,AC,New Hire - Competitive Service Appointment,202409,65 or more,13,BACHELOR'S DEGREE,0.0,0119,ECONOMICS ASSISTANT,01,"SOCIAL SCIENCE, PSYCHOLOGY, AND WELFARE GROUP",GS,GENERAL SCHEDULE,ALL OTHER OCCUPATIONS,ALL OTHER OCCUPATIONS,8,ALL OTHER POSITIONS,15,CAREER-CONDITIONAL (COMPETITIVE SERVICE PERMANENT),P,PART-TIME,1,12,FL,FLORIDA,US,UNITED STATES,39576,05
FD,FEDERAL DEPOSIT INSURANCE CORPORATION,FD00,FEDERAL DEPOSIT INSURANCE CORPORATION,AD,New Hire - Excepted Service Appointment,202407,20-24,13,BACHELOR'S DEGREE,0.0,0110,ECONOMIST,01,"SOCIAL SCIENCE, PSYCHOLOGY, AND WELFARE GROUP",CG,CORPORATE GRADED,STEM OCCUPATIONS,SCIENCE OCCUPATIONS,8,ALL OTHER POSITIONS,40,SCHEDULE A (EXCEPTED SERVICE NONPERMANENT),F,FULL-TIME,1,11,DC,DISTRICT OF COLUMBIA,US,UNITED STATES,61586,07
FD,FEDERAL DEPOSIT INSURANCE CORPORATION,FD00,FEDERAL DEPOSIT INSURANCE CORPORATION,AD,New Hire - Excepted Service Appointment,202409,20-24,07,SOME COLLEGE - LESS THAN ONE YEAR,0.0,0110,ECONOMIST,01,"SOCIAL SCIENCE, PSYCHOLOGY, AND WELFARE GROUP",CG,CORPORATE GRADED,STEM OCCUPATIONS,SCIENCE OCCUPATIONS,8,ALL OTHER POSITIONS,40,SCHEDULE A (EXCEPTED SERVICE NONPERMANENT),F,FULL-TIME,1,29,MO,MISSOURI,US,UNITED STATES,54772,07
DN,DEPARTMENT OF ENERGY,DN00,DEPARTMENT OF ENERGY,AC,New Hire - Competitive Service Appointment,202408,25-29,17,MASTER'S DEGREE,0.0,0110,ECONOMIST,01,"SOCIAL SCIENCE, PSYCHOLOGY, AND WELFARE GROUP",GS,GENERAL SCHEDULE,STEM OCCUPATIONS,SCIENCE OCCUPATIONS,8,ALL OTHER POSITIONS,15,CAREER-CONDITIONAL (COMPETITIVE SERVICE PERMANENT),F,FULL-TIME,1,53,WA,WASHINGTON,US,UNITED STATES,97376,12
DL,DEPARTMENT OF LABOR,DLLS,BUREAU OF LABOR STATISTICS,AC,New Hire - Competitive Service Appointment,202410,20-24,04,HIGH SCHOOL GRADUATE OR CERTIFICATE OF EQUIVALENCY,0.0,0119,ECONOMICS ASSISTANT,01,"SOCIAL SCIENCE, PSYCHOLOGY, AND WELFARE GROUP",GS,GENERAL SCHEDULE,ALL OTHER OCCUPATIONS,ALL OTHER OCCUPATIONS,8,ALL OTHER POSITIONS,15,CAREER-CONDITIONAL (COMPETITIVE SERVICE PERMANENT),P,PART-TIME,1,36,NY,NEW YORK,US,UNITED STATES,46494,05
DL,DEPARTMENT OF LABOR,DLMS,MINE SAFETY AND HEALTH ADMINISTRATION,AC,New Hire - Competitive Service Appointment,202406,25-29,21,DOCTORATE DEGREE,0.0,0110,ECONOMIST,01,"SOCIAL SCIENCE, PSYCHOLOGY, AND WELFARE GROUP",GS,GENERAL SCHEDULE,STEM OCCUPATIONS,SCIENCE OCCUPATIONS,8,ALL OTHER POSITIONS,15,CAREER-CONDITIONAL (COMPETITIVE SERVICE PERMANENT),F,FULL-TIME,1,51,VA,VIRGINIA,US,UNITED STATES,82764,11
DL,DEPARTMENT OF LABOR,DLLS,BUREAU OF LABOR STATISTICS,AC,New Hire - Competitive Service Appointment,202410,35-39,04,HIGH SCHOOL GRADUATE OR CERTIFICATE OF EQUIVALENCY,0.0,0119,ECONOMICS ASSISTANT,01,"SOCIAL SCIENCE, PSYCHOLOGY, AND WELFARE GROUP",GS,GENERAL SCHEDULE,ALL OTHER OCCUPATIONS,ALL OTHER OCCUPATIONS,8,ALL OTHER POSITIONS,15,CAREER-CONDITIONAL (COMPETITIVE SERVICE PERMANENT),P,PART-TIME,1,39,OH,OHIO,US,UNITED STATES,41040,05
DL,DEPARTMENT OF LABOR,DLLS,BUREAU OF LABOR STATISTICS,AC,New Hire - Competitive Service Appointment,202409,30-34,13,BACHELOR'S DEGREE,0.0,0119,ECONOMICS ASSISTANT,01,"SOCIAL SCIENCE, PSYCHOLOGY, AND WELFARE GROUP",GS,GENERAL SCHEDULE,ALL OTHER OCCUPATIONS,ALL OTHER OCCUPATIONS,8,ALL OTHER POSITIONS,15,CAREER-CONDITIONAL (COMPETITIVE SERVICE PERMANENT),P,PART-TIME,1,11,DC,DISTRICT OF COLUMBIA,US,UNITED STATES,45146,05
GB,DFC,GB00,DEVELOPMENT FINANCE CORPORATION,AA,Transfer In - Individual Transfer,202409,35-39,17,MASTER'S DEGREE,4.0,0110,ECONOMIST,01,"SOCIAL SCIENCE, PSYCHOLOGY, AND WELFARE GROUP",GS,GENERAL SCHEDULE,STEM OCCUPATIONS,SCIENCE OCCUPATIONS,8,ALL OTHER POSITIONS,15,CAREER-CONDITIONAL (COMPETITIVE SERVICE PERMANENT),F,FULL-TIME,1,11,DC,DISTRICT OF COLUMBIA,US,UNITED STATES,0,14
DL,DEPARTMENT OF LABOR,DLLS,BUREAU OF LABOR STATISTICS,AC,New Hire - Competitive Service Appointment,202408,35-39,04,HIGH SCHOOL GRADUATE OR CERTIFICATE OF EQUIVALENCY,0.0,0119,ECONOMICS ASSISTANT,01,"SOCIAL SCIENCE, PSYCHOLOGY, AND WELFARE GROUP",GS,GENERAL SCHEDULE,ALL OTHER OCCUPATIONS,ALL OTHER OCCUPATIONS,8,ALL OTHER POSITIONS,15,CAREER-CONDITIONAL (COMPETITIVE SERVICE PERMANENT),P,PART-TIME,1,20,KS,KANSAS,US,UNITED STATES,39576,05
FR,FEDERAL RESERVE SYSTEM,FRFT,BUREAU OF CONSUMER FINANCIAL PROTECTION,AC,New Hire - Competitive Service Appointment,202406,45-49,21,DOCTORATE DEGREE,9.2,0110,ECONOMIST,01,"SOCIAL SCIENCE, PSYCHOLOGY, AND WELFARE GROUP",CN,BUREAU OF CONSUMER FINANCIAL PROTECT(CFPB) INDEPENDENT AGCY WITHIN THE FED RES SYST(USE BY CFPB ONLY),STEM OCCUPATIONS,SCIENCE OCCUPATIONS,8,ALL OTHER POSITIONS,10,CAREER (COMPETITIVE SERVICE PERMANENT),F,FULL-TIME,1,11,DC,DISTRICT OF COLUMBIA,US,UNITED STATES,238674,60
DL,DEPARTMENT OF LABOR,DLLS,BUREAU OF LABOR STATISTICS,AC,New Hire - Competitive Service Appointment,202408,55-59,17,MASTER'S DEGREE,0.0,0119,ECONOMICS ASSISTANT,01,"SOCIAL SCIENCE, PSYCHOLOGY, AND WELFARE GROUP",GS,GENERAL SCHEDULE,ALL OTHER OCCUPATIONS,ALL OTHER OCCUPATIONS,8,ALL OTHER POSITIONS,15,CAREER-CONDITIONAL (COMPETITIVE SERVICE PERMANENT),P,PART-TIME,1,11,DC,DISTRICT OF COLUMBIA,US,UNITED STATES,58686,05
FT,FEDERAL TRADE COMMISSION,FT00,FEDERAL TRADE COMMISSION,AC,New Hire - Competitive Service Appointment,202408,30-34,17,MASTER'S DEGREE,0.0,0110,ECONOMIST,01,"SOCIAL SCIENCE, PSYCHOLOGY, AND WELFARE GROUP",GS,GENERAL SCHEDULE,STEM OCCUPATIONS,SCIENCE OCCUPATIONS,8,ALL OTHER POSITIONS,15,CAREER-CONDITIONAL (COMPETITIVE SERVICE PERMANENT),F,FULL-TIME,1,11,DC,DISTRICT OF COLUMBIA,US,UNITED STATES,153354,13
FD,FEDERAL DEPOSIT INSURANCE CORPORATION,FD00,FEDERAL DEPOSIT INSURANCE CORPORATION,AD,New Hire - Excepted Service Appointment,202407,20-24,13,BACHELOR'S DEGREE,0.0,0110,ECONOMIST,01,"SOCIAL SCIENCE, PSYCHOLOGY, AND WELFARE GROUP",CG,CORPORATE GRADED,STEM OCCUPATIONS,SCIENCE OCCUPATIONS,8,ALL OTHER POSITIONS,40,SCHEDULE A (EXCEPTED SERVICE NONPERMANENT),F,FULL-TIME,1,06,CA,CALIFORNIA,US,UNITED STATES,70052,07
DL,DEPARTMENT OF LABOR,DLLS,BUREAU OF LABOR STATISTICS,AC,New Hire - Competitive Service Appointment,202409,50-54,17,MASTER'S DEGREE,0.0,0119,ECONOMICS ASSISTANT,01,"SOCIAL SCIENCE, PSYCHOLOGY, AND WELFARE GROUP",GS,GENERAL SCHEDULE,ALL OTHER OCCUPATIONS,ALL OTHER OCCUPATIONS,8,ALL OTHER POSITIONS,15,CAREER-CONDITIONAL (COMPETITIVE SERVICE PERMANENT),P,PART-TIME,1,12,FL,FLORIDA,US,UNITED STATES,53389,05
DN,DEPARTMENT OF ENERGY,DN00,DEPARTMENT OF ENERGY,AC,New Hire - Competitive Service Appointment,202409,30-34,17,MASTER'S DEGREE,0.0,0110,ECONOMIST,01,"SOCIAL SCIENCE, PSYCHOLOGY, AND WELFARE GROUP",GS,GENERAL SCHEDULE,STEM OCCUPATIONS,SCIENCE OCCUPATIONS,8,ALL OTHER POSITIONS,15,CAREER-CONDITIONAL (COMPETITIVE SERVICE PERMANENT),F,FULL-TIME,1,26,MI,MICHIGAN,US,UNITED STATES,80006,11
DL,DEPARTMENT OF LABOR,DLLS,BUREAU OF LABOR STATISTICS,AC,New Hire - Competitive Service Appointment,202409,20-24,13,BACHELOR'S DEGREE,0.0,0110,ECONOMIST,01,"SOCIAL SCIENCE, PSYCHOLOGY, AND WELFARE GROUP",GS,GENERAL SCHEDULE,STEM OCCUPATIONS,SCIENCE OCCUPATIONS,8,ALL OTHER POSITIONS,15,CAREER-CONDITIONAL (COMPETITIVE SERVICE PERMANENT),F,FULL-TIME,1,42,PA,PENNSYLVANIA,US,UNITED STATES,53947,07
DN,DEPARTMENT OF ENERGY,DNFE,FEDERAL ENERGY REGULATORY COMMISSION,AC,New Hire - Competitive Service Appointment,202409,25-29,15,FIRST PROFESSIONAL,2.3,0110,ECONOMIST,01,"SOCIAL SCIENCE, PSYCHOLOGY, AND WELFARE GROUP",GS,GENERAL SCHEDULE,STEM OCCUPATIONS,SCIENCE OCCUPATIONS,8,ALL OTHER POSITIONS,15,CAREER-CONDITIONAL (COMPETITIVE SERVICE PERMANENT),F,FULL-TIME,1,11,DC,DISTRICT OF COLUMBIA,US,UNITED STATES,0,11
DL,DEPARTMENT OF LABOR,DLLS,BUREAU OF LABOR STATISTICS,AC,New Hire - Competitive Service Appointment,202410,20-24,17,MASTER'S DEGREE,0.0,0110,ECONOMIST,01,"SOCIAL SCIENCE, PSYCHOLOGY, AND WELFARE GROUP",GS,GENERAL SCHEDULE,STEM OCCUPATIONS,SCIENCE OCCUPATIONS,8,ALL OTHER POSITIONS,15,CAREER-CONDITIONAL (COMPETITIVE SERVICE PERMANENT),F,FULL-TIME,1,11,DC,DISTRICT OF COLUMBIA,US,UNITED STATES,68405,09
DL,DEPARTMENT OF LABOR,DLLS,BUREAU OF LABOR STATISTICS,AC,New Hire - Competitive Service Appointment,202406,60-64,04,HIGH SCHOOL GRADUATE OR CERTIFICATE OF EQUIVALENCY,0.0,0119,ECONOMICS ASSISTANT,01,"SOCIAL SCIENCE, PSYCHOLOGY, AND WELFARE GROUP",GS,GENERAL SCHEDULE,ALL OTHER OCCUPATIONS,ALL OTHER OCCUPATIONS,8,ALL OTHER POSITIONS,15,CAREER-CONDITIONAL (COMPETITIVE SERVICE PERMANENT),P,PART-TIME,1,32,NV,NEVADA,US,UNITED STATES,40393,05
DL,DEPARTMENT OF LABOR,DLLS,BUREAU OF LABOR STATISTICS,AC,New Hire - Competitive Service Appointment,202406,20-24,13,BACHELOR'S DEGREE,0.0,0110,ECONOMIST,01,"SOCIAL SCIENCE, PSYCHOLOGY, AND WELFARE GROUP",GS,GENERAL SCHEDULE,STEM OCCUPATIONS,SCIENCE OCCUPATIONS,8,ALL OTHER POSITIONS,15,CAREER-CONDITIONAL (COMPETITIVE SERVICE PERMANENT),F,FULL-TIME,1,29,MO,MISSOURI,US,UNITED STATES,49793,07
DL,DEPARTMENT OF LABOR,DLLS,BUREAU OF LABOR STATISTICS,AC,New Hire - Competitive Service Appointment,202410,35-39,04,HIGH SCHOOL GRADUATE OR CERTIFICATE OF EQUIVALENCY,0.0,0119,ECONOMICS ASSISTANT,01,"SOCIAL SCIENCE, PSYCHOLOGY, AND WELFARE GROUP",GS,GENERAL SCHEDULE,ALL OTHER OCCUPATIONS,ALL OTHER OCCUPATIONS,8,ALL OTHER POSITIONS,15,CAREER-CONDITIONAL (COMPETITIVE SERVICE PERMANENT),P,PART-TIME,1,36,NY,NEW YORK,US,UNITED STATES,46494,05
DL,DEPARTMENT OF LABOR,DLLS,BUREAU OF LABOR STATISTICS,AD,New Hire - Excepted Service Appointment,202408,30-34,17,MASTER'S DEGREE,0.8,0119,ECONOMICS ASSISTANT,01,"SOCIAL SCIENCE, PSYCHOLOGY, AND WELFARE GROUP",GS,GENERAL SCHEDULE,ALL OTHER OCCUPATIONS,ALL OTHER OCCUPATIONS,8,ALL OTHER POSITIONS,38,OTHER (EXCEPTED SERVICE PERMANENT),P,PART-TIME,1,48,TX,TEXAS,US,UNITED STATES,39576,05
DL,DEPARTMENT OF LABOR,DLLS,BUREAU OF LABOR STATISTICS,AC,New Hire - Competitive Service Appointment,202410,45-49,04,HIGH SCHOOL GRADUATE OR CERTIFICATE OF EQUIVALENCY,0.0,0119,ECONOMICS ASSISTANT,01,"SOCIAL SCIENCE, PSYCHOLOGY, AND WELFARE GROUP",GS,GENERAL SCHEDULE,ALL OTHER OCCUPATIONS,ALL OTHER OCCUPATIONS,8,ALL OTHER POSITIONS,15,CAREER-CONDITIONAL (COMPETITIVE SERVICE PERMANENT),P,PART-TIME,1,53,WA,WASHINGTON,US,UNITED STATES,57607,05
DL,DEPARTMENT OF LABOR,DLLS,BUREAU OF LABOR STATISTICS,AA,Transfer In - Individual Transfer,202410,50-54,04,HIGH SCHOOL GRADUATE OR CERTIFICATE OF EQUIVALENCY,0.0,0119,ECONOMICS ASSISTANT,01,"SOCIAL SCIENCE, PSYCHOLOGY, AND WELFARE GROUP",GS,GENERAL SCHEDULE,ALL OTHER OCCUPATIONS,ALL OTHER OCCUPATIONS,8,ALL OTHER POSITIONS,15,CAREER-CONDITIONAL (COMPETITIVE SERVICE PERMANENT),P,PART-TIME,1,42,PA,PENNSYLVANIA,US,UNITED STATES,45001,05
DL,DEPARTMENT OF LABOR,DLLS,BUREAU OF LABOR STATISTICS,AC,New Hire - Competitive Service Appointment,202409,20-24,04,HIGH SCHOOL GRADUATE OR CERTIFICATE OF EQUIVALENCY,0.0,0110,ECONOMIST,01,"SOCIAL SCIENCE, PSYCHOLOGY, AND WELFARE GROUP",GS,GENERAL SCHEDULE,STEM OCCUPATIONS,SCIENCE OCCUPATIONS,8,ALL OTHER POSITIONS,15,CAREER-CONDITIONAL (COMPETITIVE SERVICE PERMANENT),F,FULL-TIME,1,29,MO,MISSOURI,US,UNITED STATES,50204,07
DN,DEPARTMENT OF ENERGY,DN00,DEPARTMENT OF ENERGY,AC,New Hire - Competitive Service Appointment,202407,20-24,13,BACHELOR'S DEGREE,0.0,0110,ECONOMIST,01,"SOCIAL SCIENCE, PSYCHOLOGY, AND WELFARE GROUP",GS,GENERAL SCHEDULE,STEM OCCUPATIONS,SCIENCE OCCUPATIONS,8,ALL OTHER POSITIONS,15,CAREER-CONDITIONAL (COMPETITIVE SERVICE PERMANENT),F,FULL-TIME,1,26,MI,MICHIGAN,US,UNITED STATES,80006,11
DL,DEPARTMENT OF LABOR,DLLS,BUREAU OF LABOR STATISTICS,AC,New Hire - Competitive Service Appointment,202410,25-29,13,BACHELOR'S DEGREE,0.0,0119,ECONOMICS ASSISTANT,01,"SOCIAL SCIENCE, PSYCHOLOGY, AND WELFARE GROUP",GS,GENERAL SCHEDULE,ALL OTHER OCCUPATIONS,ALL OTHER OCCUPATIONS,8,ALL OTHER POSITIONS,15,CAREER-CONDITIONAL (COMPETITIVE SERVICE PERMANENT),P,PART-TIME,1,17,IL,ILLINOIS,US,UNITED STATES,44180,05
DL,DEPARTMENT OF LABOR,DLLS,BUREAU OF LABOR STATISTICS,AC,New Hire - Competitive Service Appointment,202410,20-24,17,MASTER'S DEGREE,0.0,0110,ECONOMIST,01,"SOCIAL SCIENCE, PSYCHOLOGY, AND WELFARE GROUP",GS,GENERAL SCHEDULE,STEM OCCUPATIONS,SCIENCE OCCUPATIONS,8,ALL OTHER POSITIONS,15,CAREER-CONDITIONAL (COMPETITIVE SERVICE PERMANENT),F,FULL-TIME,1,13,GA,GEORGIA,US,UNITED STATES,63369,09
DL,DEPARTMENT OF LABOR,DLLS,BUREAU OF LABOR STATISTICS,AC,New Hire - Competitive Service Appointment,202406,25-29,17,MASTER'S DEGREE,0.0,0110,ECONOMIST,01,"SOCIAL SCIENCE, PSYCHOLOGY, AND WELFARE GROUP",GS,GENERAL SCHEDULE,STEM OCCUPATIONS,SCIENCE OCCUPATIONS,8,ALL OTHER POSITIONS,15,CAREER-CONDITIONAL (COMPETITIVE SERVICE PERMANENT),F,FULL-TIME,1,48,TX,TEXAS,US,UNITED STATES,56537,07
EP,ENVIRONMENTAL PROTECTION AGENCY,EP00,ENVIRONMENTAL PROTECTION AGENCY,AD,New Hire - Excepted Service Appointment,202408,50-54,NA,No Data Reported,0.0,0110,ECONOMIST,01,"SOCIAL SCIENCE, PSYCHOLOGY, AND WELFARE GROUP",EH,ADVISORY COMMITTEE MEMBER (5 U.S.C. 3109),STEM OCCUPATIONS,SCIENCE OCCUPATIONS,8,ALL OTHER POSITIONS,48,OTHER (EXCEPTED SERVICE NONPERMANENT),I,INTERMITTENT,1,06,CA,CALIFORNIA,US,UNITED STATES,110256,00
DN,DEPARTMENT OF ENERGY,DN00,DEPARTMENT OF ENERGY,AC,New Hire - Competitive Service Appointment,202406,45-49,17,MASTER'S DEGREE,0.0,0110,ECONOMIST,01,"SOCIAL SCIENCE, PSYCHOLOGY, AND WELFARE GROUP",GS,GENERAL SCHEDULE,STEM OCCUPATIONS,SCIENCE OCCUPATIONS,8,ALL OTHER POSITIONS,15,CAREER-CONDITIONAL (COMPETITIVE SERVICE PERMANENT),F,FULL-TIME,1,11,DC,DISTRICT OF COLUMBIA,US,UNITED STATES,174894,15
DL,DEPARTMENT OF LABOR,DLLS,BUREAU OF LABOR STATISTICS,AC,New Hire - Competitive Service Appointment,202408,30-34,17,MASTER'S DEGREE,0.0,0110,ECONOMIST,01,"SOCIAL SCIENCE, PSYCHOLOGY, AND WELFARE GROUP",GS,GENERAL SCHEDULE,STEM OCCUPATIONS,SCIENCE OCCUPATIONS,8,ALL OTHER POSITIONS,15,CAREER-CONDITIONAL (COMPETITIVE SERVICE PERMANENT),F,FULL-TIME,1,11,DC,DISTRICT OF COLUMBIA,US,UNITED STATES,128956,12
DL,DEPARTMENT OF LABOR,DLLS,BUREAU OF LABOR STATISTICS,AC,New Hire - Competitive Service Appointment,202410,25-29,04,HIGH SCHOOL GRADUATE OR CERTIFICATE OF EQUIVALENCY,0.0,0119,ECONOMICS ASSISTANT,01,"SOCIAL SCIENCE, PSYCHOLOGY, AND WELFARE GROUP",GS,GENERAL SCHEDULE,ALL OTHER OCCUPATIONS,ALL OTHER OCCUPATIONS,8,ALL OTHER POSITIONS,15,CAREER-CONDITIONAL (COMPETITIVE SERVICE PERMANENT),P,PART-TIME,1,36,NY,NEW YORK,US,UNITED STATES,46494,05
DL,DEPARTMENT OF LABOR,DLLS,BUREAU OF LABOR STATISTICS,AC,New Hire - Competitive Service Appointment,202410,35-39,04,HIGH SCHOOL GRADUATE OR CERTIFICATE OF EQUIVALENCY,0.0,0119,ECONOMICS ASSISTANT,01,"SOCIAL SCIENCE, PSYCHOLOGY, AND WELFARE GROUP",GS,GENERAL SCHEDULE,ALL OTHER OCCUPATIONS,ALL OTHER OCCUPATIONS,8,ALL OTHER POSITIONS,15,CAREER-CONDITIONAL (COMPETITIVE SERVICE PERMANENT),P,PART-TIME,1,27,MN,MINNESOTA,US,UNITED STATES,43076,05
DL,DEPARTMENT OF LABOR,DLLS,BUREAU OF LABOR STATISTICS,AC,New Hire - Competitive Service Appointment,202410,60-64,04,HIGH SCHOOL GRADUATE OR CERTIFICATE OF EQUIVALENCY,0.0,0119,ECONOMICS ASSISTANT,01,"SOCIAL SCIENCE, PSYCHOLOGY, AND WELFARE GROUP",GS,GENERAL SCHEDULE,ALL OTHER OCCUPATIONS,ALL OTHER OCCUPATIONS,8,ALL OTHER POSITIONS,15,CAREER-CONDITIONAL (COMPETITIVE SERVICE PERMANENT),P,PART-TIME,1,27,MN,MINNESOTA,US,UNITED STATES,43076,05
DL,DEPARTMENT OF LABOR,DLLS,BUREAU OF LABOR STATISTICS,AC,New Hire - Competitive Service Appointment,202411,55-59,04,HIGH SCHOOL GRADUATE OR CERTIFICATE OF EQUIVALENCY,0.0,0119,ECONOMICS ASSISTANT,01,"SOCIAL SCIENCE, PSYCHOLOGY, AND WELFARE GROUP",GS,GENERAL SCHEDULE,ALL OTHER OCCUPATIONS,ALL OTHER OCCUPATIONS,8,ALL OTHER POSITIONS,15,CAREER-CONDITIONAL (COMPETITIVE SERVICE PERMANENT),P,PART-TIME,1,26,MI,MICHIGAN,US,UNITED STATES,43642,05
FD,FEDERAL DEPOSIT INSURANCE CORPORATION,FD00,FEDERAL DEPOSIT INSURANCE CORPORATION,AD,New Hire - Excepted Service Appointment,202407,20-24,11,THREE YEARS COLLEGE,0.0,0110,ECONOMIST,01,"SOCIAL SCIENCE, PSYCHOLOGY, AND WELFARE GROUP",CG,CORPORATE GRADED,STEM OCCUPATIONS,SCIENCE OCCUPATIONS,8,ALL OTHER POSITIONS,40,SCHEDULE A (EXCEPTED SERVICE NONPERMANENT),F,FULL-TIME,1,11,DC,DISTRICT OF COLUMBIA,US,UNITED STATES,61586,07
DL,DEPARTMENT OF LABOR,DLLS,BUREAU OF LABOR STATISTICS,AC,New Hire - Competitive Service Appointment,202409,20-24,17,MASTER'S DEGREE,0.0,0110,ECONOMIST,01,"SOCIAL SCIENCE, PSYCHOLOGY, AND WELFARE GROUP",GS,GENERAL SCHEDULE,STEM OCCUPATIONS,SCIENCE OCCUPATIONS,8,ALL OTHER POSITIONS,15,CAREER-CONDITIONAL (COMPETITIVE SERVICE PERMANENT),F,FULL-TIME,1,48,TX,TEXAS,US,UNITED STATES,53259,07
DL,DEPARTMENT OF LABOR,DLLS,BUREAU OF LABOR STATISTICS,AC,New Hire - Competitive Service Appointment,202408,25-29,13,BACHELOR'S DEGREE,0.0,0110,ECONOMIST,01,"SOCIAL SCIENCE, PSYCHOLOGY, AND WELFARE GROUP",GS,GENERAL SCHEDULE,STEM OCCUPATIONS,SCIENCE OCCUPATIONS,8,ALL OTHER POSITIONS,15,CAREER-CONDITIONAL (COMPETITIVE SERVICE PERMANENT),F,FULL-TIME,1,48,TX,TEXAS,US,UNITED STATES,53259,07
DL,DEPARTMENT OF LABOR,DLLS,BUREAU OF LABOR STATISTICS,AC,New Hire - Competitive Service Appointment,202409,20-24,13,BACHELOR'S DEGREE,0.0,0110,ECONOMIST,01,"SOCIAL SCIENCE, PSYCHOLOGY, AND WELFARE GROUP",GS,GENERAL SCHEDULE,STEM OCCUPATIONS,SCIENCE OCCUPATIONS,8,ALL OTHER POSITIONS,15,CAREER-CONDITIONAL (COMPETITIVE SERVICE PERMANENT),F,FULL-TIME,1,27,MN,MINNESOTA,US,UNITED STATES,53360,07
DL,DEPARTMENT OF LABOR,DLLS,BUREAU OF LABOR STATISTICS,AC,New Hire - Competitive Service Appointment,202409,30-34,17,MASTER'S DEGREE,0.0,0119,ECONOMICS ASSISTANT,01,"SOCIAL SCIENCE, PSYCHOLOGY, AND WELFARE GROUP",GS,GENERAL SCHEDULE,ALL OTHER OCCUPATIONS,ALL OTHER OCCUPATIONS,8,ALL OTHER POSITIONS,15,CAREER-CONDITIONAL (COMPETITIVE SERVICE PERMANENT),P,PART-TIME,1,34,NJ,NEW JERSEY,US,UNITED STATES,46494,05
DL,DEPARTMENT OF LABOR,DLLS,BUREAU OF LABOR STATISTICS,AC,New Hire - Competitive Service Appointment,202408,35-39,17,MASTER'S DEGREE,0.0,0110,ECONOMIST,01,"SOCIAL SCIENCE, PSYCHOLOGY, AND WELFARE GROUP",GS,GENERAL SCHEDULE,STEM OCCUPATIONS,SCIENCE OCCUPATIONS,8,ALL OTHER POSITIONS,15,CAREER-CONDITIONAL (COMPETITIVE SERVICE PERMANENT),F,FULL-TIME,1,53,WA,WASHINGTON,US,UNITED STATES,67147,09
FD,FEDERAL DEPOSIT INSURANCE CORPORATION,FD00,FEDERAL DEPOSIT INSURANCE CORPORATION,AD,New Hire - Excepted Service Appointment,202409,20-24,12,FOUR YEARS COLLEGE,0.0,0110,ECONOMIST,01,"SOCIAL SCIENCE, PSYCHOLOGY, AND WELFARE GROUP",CG,CORPORATE GRADED,STEM OCCUPATIONS,SCIENCE OCCUPATIONS,8,ALL OTHER POSITIONS,40,SCHEDULE A (EXCEPTED SERVICE NONPERMANENT),F,FULL-TIME,1,13,GA,GEORGIA,US,UNITED STATES,56988,07
DL,DEPARTMENT OF LABOR,DLEH,OFFICE OF DISABILITY EMPLOYMENT POLICY,AC,New Hire - Competitive Service Appointment,202410,65 or more,21,DOCTORATE DEGREE,0.0,0110,ECONOMIST,01,"SOCIAL SCIENCE, PSYCHOLOGY, AND WELFARE GROUP",GS,GENERAL SCHEDULE,STEM OCCUPATIONS,SCIENCE OCCUPATIONS,8,ALL OTHER POSITIONS,15,CAREER-CONDITIONAL (COMPETITIVE SERVICE PERMANENT),F,FULL-TIME,1,11,DC,DISTRICT OF COLUMBIA,US,UNITED STATES,139395,14
DL,DEPARTMENT OF LABOR,DLLS,BUREAU OF LABOR STATISTICS,AC,New Hire - Competitive Service Appointment,202408,25-29,10,ASSOCIATE DEGREE,0.0,0119,ECONOMICS ASSISTANT,01,"SOCIAL SCIENCE, PSYCHOLOGY, AND WELFARE GROUP",GS,GENERAL SCHEDULE,ALL OTHER OCCUPATIONS,ALL OTHER OCCUPATIONS,8,ALL OTHER POSITIONS,15,CAREER-CONDITIONAL (COMPETITIVE SERVICE PERMANENT),P,PART-TIME,1,06,CA,CALIFORNIA,US,UNITED STATES,49262,05
DL,DEPARTMENT OF LABOR,DLLS,BUREAU OF LABOR STATISTICS,AC,New Hire - Competitive Service Appointment,202409,30-34,13,BACHELOR'S DEGREE,0.0,0119,ECONOMICS ASSISTANT,01,"SOCIAL SCIENCE, PSYCHOLOGY, AND WELFARE GROUP",GS,GENERAL SCHEDULE,ALL OTHER OCCUPATIONS,ALL OTHER OCCUPATIONS,8,ALL OTHER POSITIONS,15,CAREER-CONDITIONAL (COMPETITIVE SERVICE PERMANENT),P,PART-TIME,1,55,WI,WISCONSIN,US,UNITED STATES,41382,05
EP,ENVIRONMENTAL PROTECTION AGENCY,EP00,ENVIRONMENTAL PROTECTION AGENCY,AC,New Hire - Competitive Service Appointment,202406,35-39,17,MASTER'S DEGREE,8.7,0110,ECONOMIST,01,"SOCIAL SCIENCE, PSYCHOLOGY, AND WELFARE GROUP",GS,GENERAL SCHEDULE,STEM OCCUPATIONS,SCIENCE OCCUPATIONS,2,SUPERVISOR OR MANAGER,15,CAREER-CONDITIONAL (COMPETITIVE SERVICE PERMANENT),F,FULL-TIME,1,11,DC,DISTRICT OF COLUMBIA,US,UNITED STATES,163964,15
EP,ENVIRONMENTAL PROTECTION AGENCY,EP00,ENVIRONMENTAL PROTECTION AGENCY,AC,New Hire - Competitive Service Appointment,202408,30-34,21,DOCTORATE DEGREE,0.0,0110,ECONOMIST,01,"SOCIAL SCIENCE, PSYCHOLOGY, AND WELFARE GROUP",GS,GENERAL SCHEDULE,STEM OCCUPATIONS,SCIENCE OCCUPATIONS,8,ALL OTHER POSITIONS,15,CAREER-CONDITIONAL (COMPETITIVE SERVICE PERMANENT),F,FULL-TIME,1,11,DC,DISTRICT OF COLUMBIA,US,UNITED STATES,117962,13
EP,ENVIRONMENTAL PROTECTION AGENCY,EP00,ENVIRONMENTAL PROTECTION AGENCY,AC,New Hire - Competitive Service Appointment,202406,40-44,21,DOCTORATE DEGREE,0.0,0110,ECONOMIST,01,"SOCIAL SCIENCE, PSYCHOLOGY, AND WELFARE GROUP",GS,GENERAL SCHEDULE,STEM OCCUPATIONS,SCIENCE OCCUPATIONS,8,ALL OTHER POSITIONS,15,CAREER-CONDITIONAL (COMPETITIVE SERVICE PERMANENT),F,FULL-TIME,1,26,MI,MICHIGAN,US,UNITED STATES,129237,13
FT,FEDERAL TRADE COMMISSION,FT00,FEDERAL TRADE COMMISSION,AC,New Hire - Competitive Service Appointment,202406,30-34,18,POST-MASTER'S,0.0,0110,ECONOMIST,01,"SOCIAL SCIENCE, PSYCHOLOGY, AND WELFARE GROUP",GS,GENERAL SCHEDULE,STEM OCCUPATIONS,SCIENCE OCCUPATIONS,8,ALL OTHER POSITIONS,15,CAREER-CONDITIONAL (COMPETITIVE SERVICE PERMANENT),F,FULL-TIME,1,11,DC,DISTRICT OF COLUMBIA,US,UNITED STATES,153354,13
DL,DEPARTMENT OF LABOR,DLLS,BUREAU OF LABOR STATISTICS,AC,New Hire - Competitive Service Appointment,202408,45-49,17,MASTER'S DEGREE,0.0,0119,ECONOMICS ASSISTANT,01,"SOCIAL SCIENCE, PSYCHOLOGY, AND WELFARE GROUP",GS,GENERAL SCHEDULE,ALL OTHER OCCUPATIONS,ALL OTHER OCCUPATIONS,8,ALL OTHER POSITIONS,15,CAREER-CONDITIONAL (COMPETITIVE SERVICE PERMANENT),P,PART-TIME,1,36,NY,NEW YORK,US,UNITED STATES,41328,05
FT,FEDERAL TRADE COMMISSION,FT00,FEDERAL TRADE COMMISSION,AC,New Hire - Competitive Service Appointment,202408,30-34,21,DOCTORATE DEGREE,0.0,0110,ECONOMIST,01,"SOCIAL SCIENCE, PSYCHOLOGY, AND WELFARE GROUP",GS,GENERAL SCHEDULE,STEM OCCUPATIONS,SCIENCE OCCUPATIONS,8,ALL OTHER POSITIONS,15,CAREER-CONDITIONAL (COMPETITIVE SERVICE PERMANENT),F,FULL-TIME,1,11,DC,DISTRICT OF COLUMBIA,US,UNITED STATES,153354,13
DL,DEPARTMENT OF LABOR,DLLS,BUREAU OF LABOR STATISTICS,AC,New Hire - Competitive Service Appointment,202407,35-39,04,HIGH SCHOOL GRADUATE OR CERTIFICATE OF EQUIVALENCY,0.0,0119,ECONOMICS ASSISTANT,01,"SOCIAL SCIENCE, PSYCHOLOGY, AND WELFARE GROUP",GS,GENERAL SCHEDULE,ALL OTHER OCCUPATIONS,ALL OTHER OCCUPATIONS,8,ALL OTHER POSITIONS,15,CAREER-CONDITIONAL (COMPETITIVE SERVICE PERMANENT),P,PART-TIME,1,18,IN,INDIANA,US,UNITED STATES,39576,05
GB,DFC,GB00,DEVELOPMENT FINANCE CORPORATION,AC,New Hire - Competitive Service Appointment,202408,35-39,17,MASTER'S DEGREE,3.0,0110,ECONOMIST,01,"SOCIAL SCIENCE, PSYCHOLOGY, AND WELFARE GROUP",GS,GENERAL SCHEDULE,STEM OCCUPATIONS,SCIENCE OCCUPATIONS,8,ALL OTHER POSITIONS,15,CAREER-CONDITIONAL (COMPETITIVE SERVICE PERMANENT),F,FULL-TIME,1,11,DC,DISTRICT OF COLUMBIA,US,UNITED STATES,139395,14
DL,DEPARTMENT OF LABOR,DLLS,BUREAU OF LABOR STATISTICS,AC,New Hire - Competitive Service Appointment,202410,35-39,04,HIGH SCHOOL GRADUATE OR CERTIFICATE OF EQUIVALENCY,0.0,0110,ECONOMIST,01,"SOCIAL SCIENCE, PSYCHOLOGY, AND WELFARE GROUP",GS,GENERAL SCHEDULE,STEM OCCUPATIONS,SCIENCE OCCUPATIONS,8,ALL OTHER POSITIONS,15,CAREER-CONDITIONAL (COMPETITIVE SERVICE PERMANENT),F,FULL-TIME,1,11,DC,DISTRICT OF COLUMBIA,US,UNITED STATES,68405,09
FT,FEDERAL TRADE COMMISSION,FT00,FEDERAL TRADE COMMISSION,AC,New Hire - Competitive Service Appointment,202409,35-39,17,MASTER'S DEGREE,0.0,0110,ECONOMIST,01,"SOCIAL SCIENCE, PSYCHOLOGY, AND WELFARE GROUP",GS,GENERAL SCHEDULE,STEM OCCUPATIONS,SCIENCE OCCUPATIONS,8,ALL OTHER POSITIONS,15,CAREER-CONDITIONAL (COMPETITIVE SERVICE PERMANENT),F,FULL-TIME,1,11,DC,DISTRICT OF COLUMBIA,US,UNITED STATES,153354,13
EP,ENVIRONMENTAL PROTECTION AGENCY,EP00,ENVIRONMENTAL PROTECTION AGENCY,AC,New Hire - Competitive Service Appointment,202407,40-44,21,DOCTORATE DEGREE,0.0,0110,ECONOMIST,01,"SOCIAL SCIENCE, PSYCHOLOGY, AND WELFARE GROUP",GS,GENERAL SCHEDULE,STEM OCCUPATIONS,SCIENCE OCCUPATIONS,8,ALL OTHER POSITIONS,15,CAREER-CONDITIONAL (COMPETITIVE SERVICE PERMANENT),F,FULL-TIME,1,11,DC,DISTRICT OF COLUMBIA,US,UNITED STATES,112425,12
EP,ENVIRONMENTAL PROTECTION AGENCY,EP00,ENVIRONMENTAL PROTECTION AGENCY,AC,New Hire - Competitive Service Appointment,202406,25-29,14,POST-BACHELOR'S,0.8,0110,ECONOMIST,01,"SOCIAL SCIENCE, PSYCHOLOGY, AND WELFARE GROUP",GS,GENERAL SCHEDULE,STEM OCCUPATIONS,SCIENCE OCCUPATIONS,8,ALL OTHER POSITIONS,15,CAREER-CONDITIONAL (COMPETITIVE SERVICE PERMANENT),F,FULL-TIME,1,11,DC,DISTRICT OF COLUMBIA,US,UNITED STATES,82764,11
DN,DEPARTMENT OF ENERGY,DN00,DEPARTMENT OF ENERGY,AC,New Hire - Competitive Service Appointment,202408,30-34,04,HIGH SCHOOL GRADUATE OR CERTIFICATE OF EQUIVALENCY,0.0,0110,ECONOMIST,01,"SOCIAL SCIENCE, PSYCHOLOGY, AND WELFARE GROUP",GS,GENERAL SCHEDULE,STEM OCCUPATIONS,SCIENCE OCCUPATIONS,8,ALL OTHER POSITIONS,15,CAREER-CONDITIONAL (COMPETITIVE SERVICE PERMANENT),F,FULL-TIME,1,36,NY,NEW YORK,US,UNITED STATES,85236,11
DL,DEPARTMENT OF LABOR,DLLS,BUREAU OF LABOR STATISTICS,AC,New Hire - Competitive Service Appointment,202406,25-29,09,TWO YEARS COLLEGE,0.0,0119,ECONOMICS ASSISTANT,01,"SOCIAL SCIENCE, PSYCHOLOGY, AND WELFARE GROUP",GS,GENERAL SCHEDULE,ALL OTHER OCCUPATIONS,ALL OTHER OCCUPATIONS,8,ALL OTHER POSITIONS,15,CAREER-CONDITIONAL (COMPETITIVE SERVICE PERMANENT),P,PART-TIME,1,28,MS,MISSISSIPPI,US,UNITED STATES,39576,05
DL,DEPARTMENT OF LABOR,DLLS,BUREAU OF LABOR STATISTICS,AC,New Hire - Competitive Service Appointment,202410,30-34,04,HIGH SCHOOL GRADUATE OR CERTIFICATE OF EQUIVALENCY,0.0,0119,ECONOMICS ASSISTANT,01,"SOCIAL SCIENCE, PSYCHOLOGY, AND WELFARE GROUP",GS,GENERAL SCHEDULE,ALL OTHER OCCUPATIONS,ALL OTHER OCCUPATIONS,8,ALL OTHER POSITIONS,15,CAREER-CONDITIONAL (COMPETITIVE SERVICE PERMANENT),P,PART-TIME,1,34,NJ,NEW JERSEY,US,UNITED STATES,46494,05
DL,DEPARTMENT OF LABOR,DLLS,BUREAU OF LABOR STATISTICS,AC,New Hire - Competitive Service Appointment,202409,60-64,17,MASTER'S DEGREE,18.2,0119,ECONOMICS ASSISTANT,01,"SOCIAL SCIENCE, PSYCHOLOGY, AND WELFARE GROUP",GS,GENERAL SCHEDULE,ALL OTHER OCCUPATIONS,ALL OTHER OCCUPATIONS,8,ALL OTHER POSITIONS,15,CAREER-CONDITIONAL (COMPETITIVE SERVICE PERMANENT),P,PART-TIME,1,12,FL,FLORIDA,US,UNITED STATES,51446,05
DL,DEPARTMENT OF LABOR,DLLS,BUREAU OF LABOR STATISTICS,AC,New Hire - Competitive Service Appointment,202410,35-39,17,MASTER'S DEGREE,5.3,0110,ECONOMIST,01,"SOCIAL SCIENCE, PSYCHOLOGY, AND WELFARE GROUP",GS,GENERAL SCHEDULE,STEM OCCUPATIONS,SCIENCE OCCUPATIONS,2,SUPERVISOR OR MANAGER,15,CAREER-CONDITIONAL (COMPETITIVE SERVICE PERMANENT),F,FULL-TIME,1,11,DC,DISTRICT OF COLUMBIA,US,UNITED STATES,129759,13
DL,DEPARTMENT OF LABOR,DLLS,BUREAU OF LABOR STATISTICS,AC,New Hire - Competitive Service Appointment,202406,40-44,04,HIGH SCHOOL GRADUATE OR CERTIFICATE OF EQUIVALENCY,0.0,0119,ECONOMICS ASSISTANT,01,"SOCIAL SCIENCE, PSYCHOLOGY, AND WELFARE GROUP",GS,GENERAL SCHEDULE,ALL OTHER OCCUPATIONS,ALL OTHER OCCUPATIONS,8,ALL OTHER POSITIONS,15,CAREER-CONDITIONAL (COMPETITIVE SERVICE PERMANENT),P,PART-TIME,1,48,TX,TEXAS,US,UNITED STATES,45640,05
FT,FEDERAL TRADE COMMISSION,FT00,FEDERAL TRADE COMMISSION,AC,New Hire - Competitive Service Appointment,202408,30-34,21,DOCTORATE DEGREE,0.0,0110,ECONOMIST,01,"SOCIAL SCIENCE, PSYCHOLOGY, AND WELFARE GROUP",GS,GENERAL SCHEDULE,STEM OCCUPATIONS,SCIENCE OCCUPATIONS,8,ALL OTHER POSITIONS,15,CAREER-CONDITIONAL (COMPETITIVE SERVICE PERMANENT),F,FULL-TIME,1,11,DC,DISTRICT OF COLUMBIA,US,UNITED STATES,153354,13
DL,DEPARTMENT OF LABOR,DLLS,BUREAU OF LABOR STATISTICS,AC,New Hire - Competitive Service Appointment,202406,65 or more,04,HIGH SCHOOL GRADUATE OR CERTIFICATE OF EQUIVALENCY,0.0,0119,ECONOMICS ASSISTANT,01,"SOCIAL SCIENCE, PSYCHOLOGY, AND WELFARE GROUP",GS,GENERAL SCHEDULE,ALL OTHER OCCUPATIONS,ALL OTHER OCCUPATIONS,8,ALL OTHER POSITIONS,15,CAREER-CONDITIONAL (COMPETITIVE SERVICE PERMANENT),P,PART-TIME,1,48,TX,TEXAS,US,UNITED STATES,40142,05
EP,ENVIRONMENTAL PROTECTION AGENCY,EP00,ENVIRONMENTAL PROTECTION AGENCY,AC,New Hire - Competitive Service Appointment,202409,50-54,21,DOCTORATE DEGREE,0.0,0110,ECONOMIST,01,"SOCIAL SCIENCE, PSYCHOLOGY, AND WELFARE GROUP",GS,GENERAL SCHEDULE,STEM OCCUPATIONS,SCIENCE OCCUPATIONS,8,ALL OTHER POSITIONS,15,CAREER-CONDITIONAL (COMPETITIVE SERVICE PERMANENT),F,FULL-TIME,1,11,DC,DISTRICT OF COLUMBIA,US,UNITED STATES,107590,11
DL,DEPARTMENT OF LABOR,DLLS,BUREAU OF LABOR STATISTICS,AC,New Hire - Competitive Service Appointment,202408,35-39,13,BACHELOR'S DEGREE,0.0,0119,ECONOMICS ASSISTANT,01,"SOCIAL SCIENCE, PSYCHOLOGY, AND WELFARE GROUP",GS,GENERAL SCHEDULE,ALL OTHER OCCUPATIONS,ALL OTHER OCCUPATIONS,8,ALL OTHER POSITIONS,15,CAREER-CONDITIONAL (COMPETITIVE SERVICE PERMANENT),P,PART-TIME,1,32,NV,NEVADA,US,UNITED STATES,40393,05
DL,DEPARTMENT OF LABOR,DLLS,BUREAU OF LABOR STATISTICS,AC,New Hire - Competitive Service Appointment,202406,40-44,04,HIGH SCHOOL GRADUATE OR CERTIFICATE OF EQUIVALENCY,0.0,0119,ECONOMICS ASSISTANT,01,"SOCIAL SCIENCE, PSYCHOLOGY, AND WELFARE GROUP",GS,GENERAL SCHEDULE,ALL OTHER OCCUPATIONS,ALL OTHER OCCUPATIONS,8,ALL OTHER POSITIONS,15,CAREER-CONDITIONAL (COMPETITIVE SERVICE PERMANENT),P,PART-TIME,1,36,NY,NEW YORK,US,UNITED STATES,46494,05
HU,DEPARTMENT OF HOUSING AND URBAN DEVELOPM,HUMM,ASSISTANT SECRETARY FOR HOUSING--FEDERAL HOUSING COMMISSIONER,AC,New Hire - Competitive Service Appointment,202405,45-49,17,MASTER'S DEGREE,0.0,0110,ECONOMIST,01,"SOCIAL SCIENCE, PSYCHOLOGY, AND WELFARE GROUP",GS,GENERAL SCHEDULE,STEM OCCUPATIONS,SCIENCE OCCUPATIONS,8,ALL OTHER POSITIONS,15,CAREER-CONDITIONAL (COMPETITIVE SERVICE PERMANENT),F,FULL-TIME,1,11,DC,DISTRICT OF COLUMBIA,US,UNITED STATES,171923,14
HU,DEPARTMENT OF HOUSING AND URBAN DEVELOPM,HUTT,GOVERNMENT NATIONAL MORTGAGE ASSOCIATION (GINNIE MAE),AA,Transfer In - Individual Transfer,202407,45-49,21,DOCTORATE DEGREE,1.8,0110,ECONOMIST,01,"SOCIAL SCIENCE, PSYCHOLOGY, AND WELFARE GROUP",GS,GENERAL SCHEDULE,STEM OCCUPATIONS,SCIENCE OCCUPATIONS,8,ALL OTHER POSITIONS,15,CAREER-CONDITIONAL (COMPETITIVE SERVICE PERMANENT),F,FULL-TIME,1,11,DC,DISTRICT OF COLUMBIA,US,UNITED STATES,173780,14
HS,DEPARTMENT OF HOMELAND SECURITY,HSCB,FEDERAL EMERGENCY MANAGEMENT AGENCY,AC,New Hire - Competitive Service Appointment,202404,40-44,17,MASTER'S DEGREE,0.0,0110,ECONOMIST,01,"SOCIAL SCIENCE, PSYCHOLOGY, AND WELFARE GROUP",GS,GENERAL SCHEDULE,STEM OCCUPATIONS,SCIENCE OCCUPATIONS,8,ALL OTHER POSITIONS,15,CAREER-CONDITIONAL (COMPETITIVE SERVICE PERMANENT),F,FULL-TIME,1,11,DC,DISTRICT OF COLUMBIA,US,UNITED STATES,139395,14
TW,SURFACE TRANSPORTATION BOARD,TW00,SURFACE TRANSPORTATION BOARD,AC,New Hire - Competitive Service Appointment,202501,35-39,17,MASTER'S DEGREE,0.0,0110,ECONOMIST,01,"SOCIAL SCIENCE, PSYCHOLOGY, AND WELFARE GROUP",GS,GENERAL SCHEDULE,STEM OCCUPATIONS,SCIENCE OCCUPATIONS,8,ALL OTHER POSITIONS,15,CAREER-CONDITIONAL (COMPETITIVE SERVICE PERMANENT),F,FULL-TIME,1,11,DC,DISTRICT OF COLUMBIA,US,UNITED STATES,120579,13
TW,SURFACE TRANSPORTATION BOARD,TW00,SURFACE TRANSPORTATION BOARD,AC,New Hire - Competitive Service Appointment,202501,35-39,17,MASTER'S DEGREE,0.0,0110,ECONOMIST,01,"SOCIAL SCIENCE, PSYCHOLOGY, AND WELFARE GROUP",GS,GENERAL SCHEDULE,STEM OCCUPATIONS,SCIENCE OCCUPATIONS,8,ALL OTHER POSITIONS,10,CAREER (COMPETITIVE SERVICE PERMANENT),F,FULL-TIME,1,11,DC,DISTRICT OF COLUMBIA,US,UNITED STATES,120579,13
TW,SURFACE TRANSPORTATION BOARD,TW00,SURFACE TRANSPORTATION BOARD,AC,New Hire - Competitive Service Appointment,202501,35-39,17,MASTER'S DEGREE,9.8,0110,ECONOMIST,01,"SOCIAL SCIENCE, PSYCHOLOGY, AND WELFARE GROUP",GS,GENERAL SCHEDULE,STEM OCCUPATIONS,SCIENCE OCCUPATIONS,8,ALL OTHER POSITIONS,10,CAREER (COMPETITIVE SERVICE PERMANENT),F,FULL-TIME,1,11,DC,DISTRICT OF COLUMBIA,US,UNITED STATES,151987,14
TR,DEPARTMENT OF TREASURY,TR93,INTERNAL REVENUE SERVICE,AC,New Hire - Competitive Service Appointment,202501,35-39,04,HIGH SCHOOL GRADUATE OR CERTIFICATE OF EQUIVALENCY,0.0,0110,ECONOMIST,01,"SOCIAL SCIENCE, PSYCHOLOGY, AND WELFARE GROUP",GS,GENERAL SCHEDULE,STEM OCCUPATIONS,SCIENCE OCCUPATIONS,8,ALL OTHER POSITIONS,15,CAREER-CONDITIONAL (COMPETITIVE SERVICE PERMANENT),F,FULL-TIME,1,36,NY,NEW YORK,US,UNITED STATES,190779,14
TW,SURFACE TRANSPORTATION BOARD,TW00,SURFACE TRANSPORTATION BOARD,AC,New Hire - Competitive Service Appointment,202501,35-39,17,MASTER'S DEGREE,3.3,0110,ECONOMIST,01,"SOCIAL SCIENCE, PSYCHOLOGY, AND WELFARE GROUP",GS,GENERAL SCHEDULE,STEM OCCUPATIONS,SCIENCE OCCUPATIONS,8,ALL OTHER POSITIONS,10,CAREER (COMPETITIVE SERVICE PERMANENT),F,FULL-TIME,1,11,DC,DISTRICT OF COLUMBIA,US,UNITED STATES,142488,14
TW,SURFACE TRANSPORTATION BOARD,TW00,SURFACE TRANSPORTATION BOARD,AC,New Hire - Competitive Service Appointment,202501,40-44,17,MASTER'S DEGREE,20.2,0110,ECONOMIST,01,"SOCIAL SCIENCE, PSYCHOLOGY, AND WELFARE GROUP",GS,GENERAL SCHEDULE,STEM OCCUPATIONS,SCIENCE OCCUPATIONS,8,ALL OTHER POSITIONS,10,CAREER (COMPETITIVE SERVICE PERMANENT),F,FULL-TIME,1,11,DC,DISTRICT OF COLUMBIA,US,UNITED STATES,185234,14
TD,DEPARTMENT OF TRANSPORTATION,TD01,OFFICE OF THE SECRETARY OF TRANSPORTATION,AC,New Hire - Competitive Service Appointment,202410,45-49,13,BACHELOR'S DEGREE,24.3,0110,ECONOMIST,01,"SOCIAL SCIENCE, PSYCHOLOGY, AND WELFARE GROUP",GS,GENERAL SCHEDULE,STEM OCCUPATIONS,SCIENCE OCCUPATIONS,8,ALL OTHER POSITIONS,15,CAREER-CONDITIONAL (COMPETITIVE SERVICE PERMANENT),F,FULL-TIME,1,37,NC,NORTH CAROLINA,US,UNITED STATES,144515,14
TC,U.S. INTERNATIONAL TRADE COMMISSION,TC00,U.S. INTERNATIONAL TRADE COMMISSION,AA,Transfer In - Individual Transfer,202409,30-34,17,MASTER'S DEGREE,5.2,0110,ECONOMIST,01,"SOCIAL SCIENCE, PSYCHOLOGY, AND WELFARE GROUP",GS,GENERAL SCHEDULE,STEM OCCUPATIONS,SCIENCE OCCUPATIONS,8,ALL OTHER POSITIONS,10,CAREER (COMPETITIVE SERVICE PERMANENT),F,FULL-TIME,1,11,DC,DISTRICT OF COLUMBIA,US,UNITED STATES,121894,13
TD,DEPARTMENT OF TRANSPORTATION,TD01,OFFICE OF THE SECRETARY OF TRANSPORTATION,AC,New Hire - Competitive Service Appointment,202411,20-24,13,BACHELOR'S DEGREE,0.0,0110,ECONOMIST,01,"SOCIAL SCIENCE, PSYCHOLOGY, AND WELFARE GROUP",GS,GENERAL SCHEDULE,STEM OCCUPATIONS,SCIENCE OCCUPATIONS,8,ALL OTHER POSITIONS,15,CAREER-CONDITIONAL (COMPETITIVE SERVICE PERMANENT),F,FULL-TIME,1,11,DC,DISTRICT OF COLUMBIA,US,UNITED STATES,55924,07
TD,DEPARTMENT OF TRANSPORTATION,TD01,OFFICE OF THE SECRETARY OF TRANSPORTATION,AC,New Hire - Competitive Service Appointment,202410,20-24,13,BACHELOR'S DEGREE,0.0,0110,ECONOMIST,01,"SOCIAL SCIENCE, PSYCHOLOGY, AND WELFARE GROUP",GS,GENERAL SCHEDULE,STEM OCCUPATIONS,SCIENCE OCCUPATIONS,8,ALL OTHER POSITIONS,15,CAREER-CONDITIONAL (COMPETITIVE SERVICE PERMANENT),F,FULL-TIME,1,25,MA,MASSACHUSETTS,US,UNITED STATES,55383,07
TD,DEPARTMENT OF TRANSPORTATION,TD01,OFFICE OF THE SECRETARY OF TRANSPORTATION,AC,New Hire - Competitive Service Appointment,202410,20-24,13,BACHELOR'S DEGREE,0.0,0110,ECONOMIST,01,"SOCIAL SCIENCE, PSYCHOLOGY, AND WELFARE GROUP",GS,GENERAL SCHEDULE,STEM OCCUPATIONS,SCIENCE OCCUPATIONS,8,ALL OTHER POSITIONS,15,CAREER-CONDITIONAL (COMPETITIVE SERVICE PERMANENT),F,FULL-TIME,1,11,DC,DISTRICT OF COLUMBIA,US,UNITED STATES,55924,07
TR,DEPARTMENT OF TREASURY,TR91,DEPARTMENTAL OFFICES,AC,New Hire - Competitive Service Appointment,202501,30-34,17,MASTER'S DEGREE,0.0,0110,ECONOMIST,01,"SOCIAL SCIENCE, PSYCHOLOGY, AND WELFARE GROUP",GS,GENERAL SCHEDULE,STEM OCCUPATIONS,SCIENCE OCCUPATIONS,8,ALL OTHER POSITIONS,15,CAREER-CONDITIONAL (COMPETITIVE SERVICE PERMANENT),F,FULL-TIME,1,11,DC,DISTRICT OF COLUMBIA,US,UNITED STATES,98698,11
TD,DEPARTMENT OF TRANSPORTATION,TD16,PIPELINE AND HAZARDOUS MATERIALS SAFETY ADMINISTRATION,AC,New Hire - Competitive Service Appointment,202412,30-34,21,DOCTORATE DEGREE,0.0,0110,ECONOMIST,01,"SOCIAL SCIENCE, PSYCHOLOGY, AND WELFARE GROUP",GS,GENERAL SCHEDULE,STEM OCCUPATIONS,SCIENCE OCCUPATIONS,8,ALL OTHER POSITIONS,15,CAREER-CONDITIONAL (COMPETITIVE SERVICE PERMANENT),F,FULL-TIME,1,11,DC,DISTRICT OF COLUMBIA,US,UNITED STATES,82764,11
TR,DEPARTMENT OF TREASURY,TR91,DEPARTMENTAL OFFICES,AC,New Hire - Competitive Service Appointment,202408,30-34,21,DOCTORATE DEGREE,0.0,0110,ECONOMIST,01,"SOCIAL SCIENCE, PSYCHOLOGY, AND WELFARE GROUP",GS,GENERAL SCHEDULE,STEM OCCUPATIONS,SCIENCE OCCUPATIONS,8,ALL OTHER POSITIONS,15,CAREER-CONDITIONAL (COMPETITIVE SERVICE PERMANENT),F,FULL-TIME,1,11,DC,DISTRICT OF COLUMBIA,US,UNITED STATES,128956,12
TD,DEPARTMENT OF TRANSPORTATION,TD16,PIPELINE AND HAZARDOUS MATERIALS SAFETY ADMINISTRATION,AC,New Hire - Competitive Service Appointment,202412,25-29,21,DOCTORATE DEGREE,0.0,0110,ECONOMIST,01,"SOCIAL SCIENCE, PSYCHOLOGY, AND WELFARE GROUP",GS,GENERAL SCHEDULE,STEM OCCUPATIONS,SCIENCE OCCUPATIONS,8,ALL OTHER POSITIONS,15,CAREER-CONDITIONAL (COMPETITIVE SERVICE PERMANENT),F,FULL-TIME,1,11,DC,DISTRICT OF COLUMBIA,US,UNITED STATES,82764,11
TR,DEPARTMENT OF TREASURY,TR91,DEPARTMENTAL OFFICES,AC,New Hire - Competitive Service Appointment,202408,25-29,21,DOCTORATE DEGREE,0.0,0110,ECONOMIST,01,"SOCIAL SCIENCE, PSYCHOLOGY, AND WELFARE GROUP",GS,GENERAL SCHEDULE,STEM OCCUPATIONS,SCIENCE OCCUPATIONS,8,ALL OTHER POSITIONS,15,CAREER-CONDITIONAL (COMPETITIVE SERVICE PERMANENT),F,FULL-TIME,1,11,DC,DISTRICT OF COLUMBIA,US,UNITED STATES,128956,12
TR,DEPARTMENT OF TREASURY,TR91,DEPARTMENTAL OFFICES,AC,New Hire - Competitive Service Appointment,202409,30-34,21,DOCTORATE DEGREE,0.0,0110,ECONOMIST,01,"SOCIAL SCIENCE, PSYCHOLOGY, AND WELFARE GROUP",GS,GENERAL SCHEDULE,STEM OCCUPATIONS,SCIENCE OCCUPATIONS,8,ALL OTHER POSITIONS,15,CAREER-CONDITIONAL (COMPETITIVE SERVICE PERMANENT),F,FULL-TIME,1,11,DC,DISTRICT OF COLUMBIA,US,UNITED STATES,128956,12
TR,DEPARTMENT OF TREASURY,TR91,DEPARTMENTAL OFFICES,AE,New Hire - Senior Executive Service (SES) Appt,202410,65 or more,17,MASTER'S DEGREE,0.0,0110,ECONOMIST,01,"SOCIAL SCIENCE, PSYCHOLOGY, AND WELFARE GROUP",ES,SENIOR EXECUTIVE SERVICE,STEM OCCUPATIONS,SCIENCE OCCUPATIONS,2,SUPERVISOR OR MANAGER,55,NONCAREER (SENIOR EXECUTIVE SERVICE PERMANENT),F,FULL-TIME,1,11,DC,DISTRICT OF COLUMBIA,US,UNITED STATES,160000,00
TR,DEPARTMENT OF TREASURY,TR91,DEPARTMENTAL OFFICES,AC,New Hire - Competitive Service Appointment,202410,40-44,17,MASTER'S DEGREE,2.2,0110,ECONOMIST,01,"SOCIAL SCIENCE, PSYCHOLOGY, AND WELFARE GROUP",GS,GENERAL SCHEDULE,STEM OCCUPATIONS,SCIENCE OCCUPATIONS,8,ALL OTHER POSITIONS,15,CAREER-CONDITIONAL (COMPETITIVE SERVICE PERMANENT),F,FULL-TIME,1,11,DC,DISTRICT OF COLUMBIA,US,UNITED STATES,117962,13
TR,DEPARTMENT OF TREASURY,TR91,DEPARTMENTAL OFFICES,AC,New Hire - Competitive Service Appointment,202409,30-34,21,DOCTORATE DEGREE,0.0,0110,ECONOMIST,01,"SOCIAL SCIENCE, PSYCHOLOGY, AND WELFARE GROUP",OR,EMPLOYEES OF THE OFFICE OF FINANCIAL RESEARCH (OFR) WITHIN THE DEPARTMENT OF THE TREASURY,STEM OCCUPATIONS,SCIENCE OCCUPATIONS,8,ALL OTHER POSITIONS,15,CAREER-CONDITIONAL (COMPETITIVE SERVICE PERMANENT),F,FULL-TIME,1,11,DC,DISTRICT OF COLUMBIA,US,UNITED STATES,170001,53
TR,DEPARTMENT OF TREASURY,TR91,DEPARTMENTAL OFFICES,AC,New Hire - Competitive Service Appointment,202409,30-34,21,DOCTORATE DEGREE,0.0,0110,ECONOMIST,01,"SOCIAL SCIENCE, PSYCHOLOGY, AND WELFARE GROUP",GS,GENERAL SCHEDULE,STEM OCCUPATIONS,SCIENCE OCCUPATIONS,8,ALL OTHER POSITIONS,15,CAREER-CONDITIONAL (COMPETITIVE SERVICE PERMANENT),F,FULL-TIME,1,11,DC,DISTRICT OF COLUMBIA,US,UNITED STATES,181216,14
TD,DEPARTMENT OF TRANSPORTATION,TD03,FEDERAL AVIATION ADMINISTRATION,AD,New Hire - Excepted Service Appointment,202408,20-24,17,MASTER'S DEGREE,0.0,0110,ECONOMIST,01,"SOCIAL SCIENCE, PSYCHOLOGY, AND WELFARE GROUP",FV,FEDERAL AVIATION ADMINISTRATION CORE COMPENSATION PLAN,STEM OCCUPATIONS,SCIENCE OCCUPATIONS,8,ALL OTHER POSITIONS,48,OTHER (EXCEPTED SERVICE NONPERMANENT),F,FULL-TIME,1,11,DC,DISTRICT OF COLUMBIA,US,UNITED STATES,83333,G
TD,DEPARTMENT OF TRANSPORTATION,TD03,FEDERAL AVIATION ADMINISTRATION,AD,New Hire - Excepted Service Appointment,202409,25-29,14,POST-BACHELOR'S,0.0,0110,ECONOMIST,01,"SOCIAL SCIENCE, PSYCHOLOGY, AND WELFARE GROUP",FV,FEDERAL AVIATION ADMINISTRATION CORE COMPENSATION PLAN,STEM OCCUPATIONS,SCIENCE OCCUPATIONS,8,ALL OTHER POSITIONS,48,OTHER (EXCEPTED SERVICE NONPERMANENT),F,FULL-TIME,1,11,DC,DISTRICT OF COLUMBIA,US,UNITED STATES,101011,G
TR,DEPARTMENT OF TREASURY,TR91,DEPARTMENTAL OFFICES,AC,New Hire - Competitive Service Appointment,202408,30-34,21,DOCTORATE DEGREE,0.0,0110,ECONOMIST,01,"SOCIAL SCIENCE, PSYCHOLOGY, AND WELFARE GROUP",OR,EMPLOYEES OF THE OFFICE OF FINANCIAL RESEARCH (OFR) WITHIN THE DEPARTMENT OF THE TREASURY,STEM OCCUPATIONS,SCIENCE OCCUPATIONS,8,ALL OTHER POSITIONS,15,CAREER-CONDITIONAL (COMPETITIVE SERVICE PERMANENT),F,FULL-TIME,1,11,DC,DISTRICT OF COLUMBIA,US,UNITED STATES,170001,53
TD,DEPARTMENT OF TRANSPORTATION,TD05,FEDERAL RAILROAD ADMINISTRATION,AA,Transfer In - Individual Transfer,202501,40-44,17,MASTER'S DEGREE,14.4,0110,ECONOMIST,01,"SOCIAL SCIENCE, PSYCHOLOGY, AND WELFARE GROUP",GS,GENERAL SCHEDULE,STEM OCCUPATIONS,SCIENCE OCCUPATIONS,2,SUPERVISOR OR MANAGER,10,CAREER (COMPETITIVE SERVICE PERMANENT),F,FULL-TIME,1,11,DC,DISTRICT OF COLUMBIA,US,UNITED STATES,195200,15
TR,DEPARTMENT OF TREASURY,TR91,DEPARTMENTAL OFFICES,AC,New Hire - Competitive Service Appointment,202408,40-44,21,DOCTORATE DEGREE,0.0,0110,ECONOMIST,01,"SOCIAL SCIENCE, PSYCHOLOGY, AND WELFARE GROUP",GS,GENERAL SCHEDULE,STEM OCCUPATIONS,SCIENCE OCCUPATIONS,8,ALL OTHER POSITIONS,15,CAREER-CONDITIONAL (COMPETITIVE SERVICE PERMANENT),F,FULL-TIME,1,11,DC,DISTRICT OF COLUMBIA,US,UNITED STATES,145489,13
TD,DEPARTMENT OF TRANSPORTATION,TD03,FEDERAL AVIATION ADMINISTRATION,AD,New Hire - Excepted Service Appointment,202410,35-39,13,BACHELOR'S DEGREE,0.0,0110,ECONOMIST,01,"SOCIAL SCIENCE, PSYCHOLOGY, AND WELFARE GROUP",FV,FEDERAL AVIATION ADMINISTRATION CORE COMPENSATION PLAN,STEM OCCUPATIONS,SCIENCE OCCUPATIONS,8,ALL OTHER POSITIONS,38,OTHER (EXCEPTED SERVICE PERMANENT),F,FULL-TIME,1,11,DC,DISTRICT OF COLUMBIA,US,UNITED STATES,142270,I
TD,DEPARTMENT OF TRANSPORTATION,TD05,FEDERAL RAILROAD ADMINISTRATION,AC,New Hire - Competitive Service Appointment,202501,25-29,17,MASTER'S DEGREE,0.0,0110,ECONOMIST,01,"SOCIAL SCIENCE, PSYCHOLOGY, AND WELFARE GROUP",GS,GENERAL SCHEDULE,STEM OCCUPATIONS,SCIENCE OCCUPATIONS,8,ALL OTHER POSITIONS,15,CAREER-CONDITIONAL (COMPETITIVE SERVICE PERMANENT),F,FULL-TIME,1,36,NY,NEW YORK,US,UNITED STATES,77318,11
TD,DEPARTMENT OF TRANSPORTATION,TD05,FEDERAL RAILROAD ADMINISTRATION,AC,New Hire - Competitive Service Appointment,202501,40-44,17,MASTER'S DEGREE,14.4,0110,ECONOMIST,01,"SOCIAL SCIENCE, PSYCHOLOGY, AND WELFARE GROUP",GS,GENERAL SCHEDULE,STEM OCCUPATIONS,SCIENCE OCCUPATIONS,2,SUPERVISOR OR MANAGER,15,CAREER-CONDITIONAL (COMPETITIVE SERVICE PERMANENT),F,FULL-TIME,1,11,DC,DISTRICT OF COLUMBIA,US,UNITED STATES,195200,15
TR,DEPARTMENT OF TREASURY,TR91,DEPARTMENTAL OFFICES,AD,New Hire - Excepted Service Appointment,202501,30-34,17,MASTER'S DEGREE,0.0,0110,ECONOMIST,01,"SOCIAL SCIENCE, PSYCHOLOGY, AND WELFARE GROUP",GS,GENERAL SCHEDULE,STEM OCCUPATIONS,SCIENCE OCCUPATIONS,8,ALL OTHER POSITIONS,38,OTHER (EXCEPTED SERVICE PERMANENT),F,FULL-TIME,1,11,DC,DISTRICT OF COLUMBIA,US,UNITED STATES,69923,09
DL,DEPARTMENT OF LABOR,DLLS,BUREAU OF LABOR STATISTICS,AC,New Hire - Competitive Service Appointment,202412,35-39,04,HIGH SCHOOL GRADUATE OR CERTIFICATE OF EQUIVALENCY,0.0,0119,ECONOMICS ASSISTANT,01,"SOCIAL SCIENCE, PSYCHOLOGY, AND WELFARE GROUP",GS,GENERAL SCHEDULE,ALL OTHER OCCUPATIONS,ALL OTHER OCCUPATIONS,8,ALL OTHER POSITIONS,15,CAREER-CONDITIONAL (COMPETITIVE SERVICE PERMANENT),P,PART-TIME,1,42,PA,PENNSYLVANIA,US,UNITED STATES,43550,05
DL,DEPARTMENT OF LABOR,DLLS,BUREAU OF LABOR STATISTICS,AC,New Hire - Competitive Service Appointment,202501,60-64,04,HIGH SCHOOL GRADUATE OR CERTIFICATE OF EQUIVALENCY,0.0,0119,ECONOMICS ASSISTANT,01,"SOCIAL SCIENCE, PSYCHOLOGY, AND WELFARE GROUP",GS,GENERAL SCHEDULE,ALL OTHER OCCUPATIONS,ALL OTHER OCCUPATIONS,8,ALL OTHER POSITIONS,15,CAREER-CONDITIONAL (COMPETITIVE SERVICE PERMANENT),P,PART-TIME,1,34,NJ,NEW JERSEY,US,UNITED STATES,47529,05
FR,FEDERAL RESERVE SYSTEM,FRFT,BUREAU OF CONSUMER FINANCIAL PROTECTION,AC,New Hire - Competitive Service Appointment,202412,35-39,21,DOCTORATE DEGREE,0.0,0110,ECONOMIST,01,"SOCIAL SCIENCE, PSYCHOLOGY, AND WELFARE GROUP",CN,BUREAU OF CONSUMER FINANCIAL PROTECT(CFPB) INDEPENDENT AGCY WITHIN THE FED RES SYST(USE BY CFPB ONLY),STEM OCCUPATIONS,SCIENCE OCCUPATIONS,8,ALL OTHER POSITIONS,15,CAREER-CONDITIONAL (COMPETITIVE SERVICE PERMANENT),F,FULL-TIME,1,11,DC,DISTRICT OF COLUMBIA,US,UNITED STATES,226818,60
DL,DEPARTMENT OF LABOR,DLLS,BUREAU OF LABOR STATISTICS,AC,New Hire - Competitive Service Appointment,202412,25-29,13,BACHELOR'S DEGREE,0.0,0110,ECONOMIST,01,"SOCIAL SCIENCE, PSYCHOLOGY, AND WELFARE GROUP",GS,GENERAL SCHEDULE,STEM OCCUPATIONS,SCIENCE OCCUPATIONS,8,ALL OTHER POSITIONS,15,CAREER-CONDITIONAL (COMPETITIVE SERVICE PERMANENT),F,FULL-TIME,1,06,CA,CALIFORNIA,US,UNITED STATES,61023,07
DL,DEPARTMENT OF LABOR,DLLS,BUREAU OF LABOR STATISTICS,AC,New Hire - Competitive Service Appointment,202412,50-54,04,HIGH SCHOOL GRADUATE OR CERTIFICATE OF EQUIVALENCY,0.0,0119,ECONOMICS ASSISTANT,01,"SOCIAL SCIENCE, PSYCHOLOGY, AND WELFARE GROUP",GS,GENERAL SCHEDULE,ALL OTHER OCCUPATIONS,ALL OTHER OCCUPATIONS,8,ALL OTHER POSITIONS,15,CAREER-CONDITIONAL (COMPETITIVE SERVICE PERMANENT),P,PART-TIME,1,36,NY,NEW YORK,US,UNITED STATES,51142,05
FD,FEDERAL DEPOSIT INSURANCE CORPORATION,FD00,FEDERAL DEPOSIT INSURANCE CORPORATION,AC,New Hire - Competitive Service Appointment,202412,40-44,21,DOCTORATE DEGREE,5.7,0110,ECONOMIST,01,"SOCIAL SCIENCE, PSYCHOLOGY, AND WELFARE GROUP",CG,CORPORATE GRADED,STEM OCCUPATIONS,SCIENCE OCCUPATIONS,8,ALL OTHER POSITIONS,15,CAREER-CONDITIONAL (COMPETITIVE SERVICE PERMANENT),F,FULL-TIME,1,11,DC,DISTRICT OF COLUMBIA,US,UNITED STATES,212019,14
DL,DEPARTMENT OF LABOR,DLLS,BUREAU OF LABOR STATISTICS,AC,New Hire - Competitive Service Appointment,202501,35-39,17,MASTER'S DEGREE,0.0,0119,ECONOMICS ASSISTANT,01,"SOCIAL SCIENCE, PSYCHOLOGY, AND WELFARE GROUP",GS,GENERAL SCHEDULE,ALL OTHER OCCUPATIONS,ALL OTHER OCCUPATIONS,8,ALL OTHER POSITIONS,15,CAREER-CONDITIONAL (COMPETITIVE SERVICE PERMANENT),P,PART-TIME,1,11,DC,DISTRICT OF COLUMBIA,US,UNITED STATES,46148,05
DL,DEPARTMENT OF LABOR,DLLS,BUREAU OF LABOR STATISTICS,AC,New Hire - Competitive Service Appointment,202501,50-54,10,ASSOCIATE DEGREE,0.0,0119,ECONOMICS ASSISTANT,01,"SOCIAL SCIENCE, PSYCHOLOGY, AND WELFARE GROUP",GS,GENERAL SCHEDULE,ALL OTHER OCCUPATIONS,ALL OTHER OCCUPATIONS,8,ALL OTHER POSITIONS,15,CAREER-CONDITIONAL (COMPETITIVE SERVICE PERMANENT),P,PART-TIME,1,48,TX,TEXAS,US,UNITED STATES,46513,05
DL,DEPARTMENT OF LABOR,DLLS,BUREAU OF LABOR STATISTICS,AC,New Hire - Competitive Service Appointment,202501,30-34,04,HIGH SCHOOL GRADUATE OR CERTIFICATE OF EQUIVALENCY,0.0,0119,ECONOMICS ASSISTANT,01,"SOCIAL SCIENCE, PSYCHOLOGY, AND WELFARE GROUP",GS,GENERAL SCHEDULE,ALL OTHER OCCUPATIONS,ALL OTHER OCCUPATIONS,8,ALL OTHER POSITIONS,15,CAREER-CONDITIONAL (COMPETITIVE SERVICE PERMANENT),P,PART-TIME,1,12,FL,FLORIDA,US,UNITED STATES,42954,05
DL,DEPARTMENT OF LABOR,DLLS,BUREAU OF LABOR STATISTICS,AC,New Hire - Competitive Service Appointment,202412,55-59,17,MASTER'S DEGREE,0.0,0119,ECONOMICS ASSISTANT,01,"SOCIAL SCIENCE, PSYCHOLOGY, AND WELFARE GROUP",GS,GENERAL SCHEDULE,ALL OTHER OCCUPATIONS,ALL OTHER OCCUPATIONS,8,ALL OTHER POSITIONS,15,CAREER-CONDITIONAL (COMPETITIVE SERVICE PERMANENT),P,PART-TIME,1,37,NC,NORTH CAROLINA,US,UNITED STATES,39576,05
DL,DEPARTMENT OF LABOR,DLLS,BUREAU OF LABOR STATISTICS,AC,New Hire - Competitive Service Appointment,202501,40-44,04,HIGH SCHOOL GRADUATE OR CERTIFICATE OF EQUIVALENCY,0.0,0119,ECONOMICS ASSISTANT,01,"SOCIAL SCIENCE, PSYCHOLOGY, AND WELFARE GROUP",GS,GENERAL SCHEDULE,ALL OTHER OCCUPATIONS,ALL OTHER OCCUPATIONS,8,ALL OTHER POSITIONS,15,CAREER-CONDITIONAL (COMPETITIVE SERVICE PERMANENT),P,PART-TIME,1,29,MO,MISSOURI,US,UNITED STATES,41355,05
DL,DEPARTMENT OF LABOR,DLLS,BUREAU OF LABOR STATISTICS,AC,New Hire - Competitive Service Appointment,202501,45-49,04,HIGH SCHOOL GRADUATE OR CERTIFICATE OF EQUIVALENCY,0.0,0119,ECONOMICS ASSISTANT,01,"SOCIAL SCIENCE, PSYCHOLOGY, AND WELFARE GROUP",GS,GENERAL SCHEDULE,ALL OTHER OCCUPATIONS,ALL OTHER OCCUPATIONS,8,ALL OTHER POSITIONS,15,CAREER-CONDITIONAL (COMPETITIVE SERVICE PERMANENT),P,PART-TIME,1,39,OH,OHIO,US,UNITED STATES,54742,05
DL,DEPARTMENT OF LABOR,DLLS,BUREAU OF LABOR STATISTICS,AC,New Hire - Competitive Service Appointment,202501,50-54,04,HIGH SCHOOL GRADUATE OR CERTIFICATE OF EQUIVALENCY,0.0,0119,ECONOMICS ASSISTANT,01,"SOCIAL SCIENCE, PSYCHOLOGY, AND WELFARE GROUP",GS,GENERAL SCHEDULE,ALL OTHER OCCUPATIONS,ALL OTHER OCCUPATIONS,8,ALL OTHER POSITIONS,15,CAREER-CONDITIONAL (COMPETITIVE SERVICE PERMANENT),P,PART-TIME,1,48,TX,TEXAS,US,UNITED STATES,43846,05
DL,DEPARTMENT OF LABOR,DLLS,BUREAU OF LABOR STATISTICS,AC,New Hire - Competitive Service Appointment,202501,30-34,17,MASTER'S DEGREE,0.0,0119,ECONOMICS ASSISTANT,01,"SOCIAL SCIENCE, PSYCHOLOGY, AND WELFARE GROUP",GS,GENERAL SCHEDULE,ALL OTHER OCCUPATIONS,ALL OTHER OCCUPATIONS,8,ALL OTHER POSITIONS,15,CAREER-CONDITIONAL (COMPETITIVE SERVICE PERMANENT),P,PART-TIME,1,37,NC,NORTH CAROLINA,US,UNITED STATES,54746,05
DL,DEPARTMENT OF LABOR,DLLS,BUREAU OF LABOR STATISTICS,AC,New Hire - Competitive Service Appointment,202501,50-54,17,MASTER'S DEGREE,0.0,0119,ECONOMICS ASSISTANT,01,"SOCIAL SCIENCE, PSYCHOLOGY, AND WELFARE GROUP",GS,GENERAL SCHEDULE,ALL OTHER OCCUPATIONS,ALL OTHER OCCUPATIONS,8,ALL OTHER POSITIONS,15,CAREER-CONDITIONAL (COMPETITIVE SERVICE PERMANENT),P,PART-TIME,1,25,MA,MASSACHUSETTS,US,UNITED STATES,45679,05
DL,DEPARTMENT OF LABOR,DLLS,BUREAU OF LABOR STATISTICS,AC,New Hire - Competitive Service Appointment,202412,30-34,10,ASSOCIATE DEGREE,0.0,0119,ECONOMICS ASSISTANT,01,"SOCIAL SCIENCE, PSYCHOLOGY, AND WELFARE GROUP",GS,GENERAL SCHEDULE,ALL OTHER OCCUPATIONS,ALL OTHER OCCUPATIONS,8,ALL OTHER POSITIONS,15,CAREER-CONDITIONAL (COMPETITIVE SERVICE PERMANENT),P,PART-TIME,1,28,MS,MISSISSIPPI,US,UNITED STATES,39576,05
DL,DEPARTMENT OF LABOR,DLLS,BUREAU OF LABOR STATISTICS,AC,New Hire - Competitive Service Appointment,202501,65 or more,04,HIGH SCHOOL GRADUATE OR CERTIFICATE OF EQUIVALENCY,0.0,0119,ECONOMICS ASSISTANT,01,"SOCIAL SCIENCE, PSYCHOLOGY, AND WELFARE GROUP",GS,GENERAL SCHEDULE,ALL OTHER OCCUPATIONS,ALL OTHER OCCUPATIONS,8,ALL OTHER POSITIONS,15,CAREER-CONDITIONAL (COMPETITIVE SERVICE PERMANENT),P,PART-TIME,1,53,WA,WASHINGTON,US,UNITED STATES,45331,05
HS,DEPARTMENT OF HOMELAND SECURITY,HSAB,CITIZENSHIP AND IMMIGRATION SERVICES,AC,New Hire - Competitive Service Appointment,202502,45-49,17,MASTER'S DEGREE,0.3,0110,ECONOMIST,01,"SOCIAL SCIENCE, PSYCHOLOGY, AND WELFARE GROUP",GS,GENERAL SCHEDULE,STEM OCCUPATIONS,SCIENCE OCCUPATIONS,8,ALL OTHER POSITIONS,15,CAREER-CONDITIONAL (COMPETITIVE SERVICE PERMANENT),F,FULL-TIME,1,11,DC,DISTRICT OF COLUMBIA,US,UNITED STATES,120579,13
HS,DEPARTMENT OF HOMELAND SECURITY,HSBB,IMMIGRATION AND CUSTOMS ENFORCEMENT,AC,New Hire - Competitive Service Appointment,202503,25-29,17,MASTER'S DEGREE,0.0,0110,ECONOMIST,01,"SOCIAL SCIENCE, PSYCHOLOGY, AND WELFARE GROUP",GS,GENERAL SCHEDULE,STEM OCCUPATIONS,SCIENCE OCCUPATIONS,8,ALL OTHER POSITIONS,15,CAREER-CONDITIONAL (COMPETITIVE SERVICE PERMANENT),F,FULL-TIME,1,11,DC,DISTRICT OF COLUMBIA,US,UNITED STATES,84601,11
HS,DEPARTMENT OF HOMELAND SECURITY,HSAB,CITIZENSHIP AND IMMIGRATION SERVICES,AC,New Hire - Competitive Service Appointment,202502,45-49,17,MASTER'S DEGREE,0.4,0110,ECONOMIST,01,"SOCIAL SCIENCE, PSYCHOLOGY, AND WELFARE GROUP",GS,GENERAL SCHEDULE,STEM OCCUPATIONS,SCIENCE OCCUPATIONS,8,ALL OTHER POSITIONS,15,CAREER-CONDITIONAL (COMPETITIVE SERVICE PERMANENT),F,FULL-TIME,1,11,DC,DISTRICT OF COLUMBIA,US,UNITED STATES,142488,14
HS,DEPARTMENT OF HOMELAND SECURITY,HSAB,CITIZENSHIP AND IMMIGRATION SERVICES,AC,New Hire - Competitive Service Appointment,202502,40-44,13,BACHELOR'S DEGREE,0.5,0110,ECONOMIST,01,"SOCIAL SCIENCE, PSYCHOLOGY, AND WELFARE GROUP",GS,GENERAL SCHEDULE,STEM OCCUPATIONS,SCIENCE OCCUPATIONS,8,ALL OTHER POSITIONS,15,CAREER-CONDITIONAL (COMPETITIVE SERVICE PERMANENT),F,FULL-TIME,1,11,DC,DISTRICT OF COLUMBIA,US,UNITED STATES,142488,14
CM,DEPARTMENT OF COMMERCE,CM63,U.S. CENSUS BUREAU,AC,New Hire - Competitive Service Appointment,202405,25-29,21,DOCTORATE DEGREE,0.0,0110,ECONOMIST,01,"SOCIAL SCIENCE, PSYCHOLOGY, AND WELFARE GROUP",GS,GENERAL SCHEDULE,STEM OCCUPATIONS,SCIENCE OCCUPATIONS,8,ALL OTHER POSITIONS,15,CAREER-CONDITIONAL (COMPETITIVE SERVICE PERMANENT),F,FULL-TIME,1,24,MD,MARYLAND,US,UNITED STATES,112425,12
CM,DEPARTMENT OF COMMERCE,CM53,BUREAU OF ECONOMIC ANALYSIS,AD,New Hire - Excepted Service Appointment,202405,25-29,17,MASTER'S DEGREE,0.0,0110,ECONOMIST,01,"SOCIAL SCIENCE, PSYCHOLOGY, AND WELFARE GROUP",ZP,SCIENTIFIC AND ENGINEERING PROFESSIONAL,STEM OCCUPATIONS,SCIENCE OCCUPATIONS,8,ALL OTHER POSITIONS,35,SCHEDULE D (EXCEPTED SERVICE PERMANENT),F,FULL-TIME,1,24,MD,MARYLAND,US,UNITED STATES,80500,02
CE,COUNCIL OF ECONOMIC ADVISERS,CE00,COUNCIL OF ECONOMIC ADVISERS,AD,New Hire - Excepted Service Appointment,202503,25-29,17,MASTER'S DEGREE,0.0,0110,ECONOMIST,01,"SOCIAL SCIENCE, PSYCHOLOGY, AND WELFARE GROUP",AD,"ADMINISTRATIVELY DETERMINED RATES, NOT ELSEWHERE SPECIFIED",STEM OCCUPATIONS,SCIENCE OCCUPATIONS,8,ALL OTHER POSITIONS,48,OTHER (EXCEPTED SERVICE NONPERMANENT),F,FULL-TIME,1,11,DC,DISTRICT OF COLUMBIA,US,UNITED STATES,64000,00
CE,COUNCIL OF ECONOMIC ADVISERS,CE00,COUNCIL OF ECONOMIC ADVISERS,AD,New Hire - Excepted Service Appointment,202503,40-44,21,DOCTORATE DEGREE,0.0,0110,ECONOMIST,01,"SOCIAL SCIENCE, PSYCHOLOGY, AND WELFARE GROUP",AD,"ADMINISTRATIVELY DETERMINED RATES, NOT ELSEWHERE SPECIFIED",STEM OCCUPATIONS,SCIENCE OCCUPATIONS,8,ALL OTHER POSITIONS,48,OTHER (EXCEPTED SERVICE NONPERMANENT),F,FULL-TIME,1,11,DC,DISTRICT OF COLUMBIA,US,UNITED STATES,140000,00
CM,DEPARTMENT OF COMMERCE,CM55,INTERNATIONAL TRADE ADMINISTRATION,AC,New Hire - Competitive Service Appointment,202501,55-59,21,DOCTORATE DEGREE,0.0,0110,ECONOMIST,01,"SOCIAL SCIENCE, PSYCHOLOGY, AND WELFARE GROUP",GS,GENERAL SCHEDULE,STEM OCCUPATIONS,SCIENCE OCCUPATIONS,8,ALL OTHER POSITIONS,15,CAREER-CONDITIONAL (COMPETITIVE SERVICE PERMANENT),F,FULL-TIME,1,11,DC,DISTRICT OF COLUMBIA,US,UNITED STATES,128619,13
CM,DEPARTMENT OF COMMERCE,CM54,NATIONAL OCEANIC AND ATMOSPHERIC ADMINISTRATION,AC,New Hire - Competitive Service Appointment,202501,30-34,18,POST-MASTER'S,0.0,0110,ECONOMIST,01,"SOCIAL SCIENCE, PSYCHOLOGY, AND WELFARE GROUP",ZP,SCIENTIFIC AND ENGINEERING PROFESSIONAL,STEM OCCUPATIONS,SCIENCE OCCUPATIONS,8,ALL OTHER POSITIONS,15,CAREER-CONDITIONAL (COMPETITIVE SERVICE PERMANENT),F,FULL-TIME,1,53,WA,WASHINGTON,US,UNITED STATES,115000,03
CE,COUNCIL OF ECONOMIC ADVISERS,CE00,COUNCIL OF ECONOMIC ADVISERS,AA,Transfer In - Individual Transfer,202501,30-34,21,DOCTORATE DEGREE,5.7,0110,ECONOMIST,01,"SOCIAL SCIENCE, PSYCHOLOGY, AND WELFARE GROUP",GS,GENERAL SCHEDULE,STEM OCCUPATIONS,SCIENCE OCCUPATIONS,8,ALL OTHER POSITIONS,10,CAREER (COMPETITIVE SERVICE PERMANENT),F,FULL-TIME,1,11,DC,DISTRICT OF COLUMBIA,US,UNITED STATES,142488,14
CM,DEPARTMENT OF COMMERCE,CM56,PATENT AND TRADEMARK OFFICE,AA,Transfer In - Individual Transfer,202501,25-29,13,BACHELOR'S DEGREE,4.7,0110,ECONOMIST,01,"SOCIAL SCIENCE, PSYCHOLOGY, AND WELFARE GROUP",GS,GENERAL SCHEDULE,STEM OCCUPATIONS,SCIENCE OCCUPATIONS,8,ALL OTHER POSITIONS,10,CAREER (COMPETITIVE SERVICE PERMANENT),F,FULL-TIME,1,11,DC,DISTRICT OF COLUMBIA,US,UNITED STATES,107156,11
HS,DEPARTMENT OF HOMELAND SECURITY,HSAB,CITIZENSHIP AND IMMIGRATION SERVICES,AC,New Hire - Competitive Service Appointment,202407,45-49,13,BACHELOR'S DEGREE,2.8,0110,ECONOMIST,01,"SOCIAL SCIENCE, PSYCHOLOGY, AND WELFARE GROUP",GS,GENERAL SCHEDULE,STEM OCCUPATIONS,SCIENCE OCCUPATIONS,8,ALL OTHER POSITIONS,15,CAREER-CONDITIONAL (COMPETITIVE SERVICE PERMANENT),F,FULL-TIME,1,11,DC,DISTRICT OF COLUMBIA,US,UNITED STATES,139395,14
HS,DEPARTMENT OF HOMELAND SECURITY,HSBB,IMMIGRATION AND CUSTOMS ENFORCEMENT,AC,New Hire - Competitive Service Appointment,202409,35-39,04,HIGH SCHOOL GRADUATE OR CERTIFICATE OF EQUIVALENCY,3.9,0110,ECONOMIST,01,"SOCIAL SCIENCE, PSYCHOLOGY, AND WELFARE GROUP",GS,GENERAL SCHEDULE,STEM OCCUPATIONS,SCIENCE OCCUPATIONS,8,ALL OTHER POSITIONS,10,CAREER (COMPETITIVE SERVICE PERMANENT),F,FULL-TIME,1,11,DC,DISTRICT OF COLUMBIA,US,UNITED STATES,139395,14
AM,U.S. AGENCY FOR INTERNATIONAL DEV,AM00,U.S. AGENCY FOR INTERNATIONAL DEVELOPMENT,AD,New Hire - Excepted Service Appointment,202501,50-54,17,MASTER'S DEGREE,0.0,0110,ECONOMIST,01,"SOCIAL SCIENCE, PSYCHOLOGY, AND WELFARE GROUP",FP,FOREIGN SERVICE PERSONNEL,STEM OCCUPATIONS,SCIENCE OCCUPATIONS,8,ALL OTHER POSITIONS,48,OTHER (EXCEPTED SERVICE NONPERMANENT),F,FULL-TIME,1,11,DC,DISTRICT OF COLUMBIA,US,UNITED STATES,130948,04
AM,U.S. AGENCY FOR INTERNATIONAL DEV,AM00,U.S. AGENCY FOR INTERNATIONAL DEVELOPMENT,AD,New Hire - Excepted Service Appointment,202409,25-29,17,MASTER'S DEGREE,3.0,0110,ECONOMIST,01,"SOCIAL SCIENCE, PSYCHOLOGY, AND WELFARE GROUP",FP,FOREIGN SERVICE PERSONNEL,STEM OCCUPATIONS,SCIENCE OCCUPATIONS,8,ALL OTHER POSITIONS,48,OTHER (EXCEPTED SERVICE NONPERMANENT),F,FULL-TIME,1,11,DC,DISTRICT OF COLUMBIA,US,UNITED STATES,101127,04
AM,U.S. AGENCY FOR INTERNATIONAL DEV,AM00,U.S. AGENCY FOR INTERNATIONAL DEVELOPMENT,AD,New Hire - Excepted Service Appointment,202409,35-39,17,MASTER'S DEGREE,0.0,0110,ECONOMIST,01,"SOCIAL SCIENCE, PSYCHOLOGY, AND WELFARE GROUP",FP,FOREIGN SERVICE PERSONNEL,STEM OCCUPATIONS,SCIENCE OCCUPATIONS,8,ALL OTHER POSITIONS,48,OTHER (EXCEPTED SERVICE NONPERMANENT),F,FULL-TIME,1,11,DC,DISTRICT OF COLUMBIA,US,UNITED STATES,110505,04
TC,U.S. INTERNATIONAL TRADE COMMISSION,TC00,U.S. INTERNATIONAL TRADE COMMISSION,AC,New Hire - Competitive Service Appointment,202405,45-49,21,DOCTORATE DEGREE,0.0,0110,ECONOMIST,01,"SOCIAL SCIENCE, PSYCHOLOGY, AND WELFARE GROUP",GS,GENERAL SCHEDULE,STEM OCCUPATIONS,SCIENCE OCCUPATIONS,8,ALL OTHER POSITIONS,15,CAREER-CONDITIONAL (COMPETITIVE SERVICE PERMANENT),F,FULL-TIME,1,11,DC,DISTRICT OF COLUMBIA,US,UNITED STATES,122343,12
SZ,SOCIAL SECURITY ADMINISTRATION,SZ00,SOCIAL SECURITY ADMINISTRATION,AC,New Hire - Competitive Service Appointment,202404,60-64,21,DOCTORATE DEGREE,23.0,0110,ECONOMIST,01,"SOCIAL SCIENCE, PSYCHOLOGY, AND WELFARE GROUP",GS,GENERAL SCHEDULE,STEM OCCUPATIONS,SCIENCE OCCUPATIONS,8,ALL OTHER POSITIONS,15,CAREER-CONDITIONAL (COMPETITIVE SERVICE PERMANENT),F,FULL-TIME,1,24,MD,MARYLAND,US,UNITED STATES,181216,14
TC,U.S. INTERNATIONAL TRADE COMMISSION,TC00,U.S. INTERNATIONAL TRADE COMMISSION,AA,Transfer In - Individual Transfer,202405,25-29,13,BACHELOR'S DEGREE,4.7,0110,ECONOMIST,01,"SOCIAL SCIENCE, PSYCHOLOGY, AND WELFARE GROUP",GS,GENERAL SCHEDULE,STEM OCCUPATIONS,SCIENCE OCCUPATIONS,8,ALL OTHER POSITIONS,15,CAREER-CONDITIONAL (COMPETITIVE SERVICE PERMANENT),F,FULL-TIME,1,11,DC,DISTRICT OF COLUMBIA,US,UNITED STATES,99200,12
TC,U.S. INTERNATIONAL TRADE COMMISSION,TC00,U.S. INTERNATIONAL TRADE COMMISSION,AC,New Hire - Competitive Service Appointment,202406,25-29,21,DOCTORATE DEGREE,0.0,0110,ECONOMIST,01,"SOCIAL SCIENCE, PSYCHOLOGY, AND WELFARE GROUP",GS,GENERAL SCHEDULE,STEM OCCUPATIONS,SCIENCE OCCUPATIONS,8,ALL OTHER POSITIONS,15,CAREER-CONDITIONAL (COMPETITIVE SERVICE PERMANENT),F,FULL-TIME,1,11,DC,DISTRICT OF COLUMBIA,US,UNITED STATES,122343,12
TC,U.S. INTERNATIONAL TRADE COMMISSION,TC00,U.S. INTERNATIONAL TRADE COMMISSION,AC,New Hire - Competitive Service Appointment,202408,25-29,17,MASTER'S DEGREE,0.0,0110,ECONOMIST,01,"SOCIAL SCIENCE, PSYCHOLOGY, AND WELFARE GROUP",GS,GENERAL SCHEDULE,STEM OCCUPATIONS,SCIENCE OCCUPATIONS,8,ALL OTHER POSITIONS,15,CAREER-CONDITIONAL (COMPETITIVE SERVICE PERMANENT),F,FULL-TIME,1,11,DC,DISTRICT OF COLUMBIA,US,UNITED STATES,68405,09
TD,DEPARTMENT OF TRANSPORTATION,TD01,OFFICE OF THE SECRETARY OF TRANSPORTATION,AC,New Hire - Competitive Service Appointment,202405,30-34,17,MASTER'S DEGREE,9.2,0110,ECONOMIST,01,"SOCIAL SCIENCE, PSYCHOLOGY, AND WELFARE GROUP",GS,GENERAL SCHEDULE,STEM OCCUPATIONS,SCIENCE OCCUPATIONS,8,ALL OTHER POSITIONS,15,CAREER-CONDITIONAL (COMPETITIVE SERVICE PERMANENT),F,FULL-TIME,1,24,MD,MARYLAND,US,UNITED STATES,171923,14
IN,DEPARTMENT OF INTERIOR,IN07,BUREAU OF RECLAMATION,AD,New Hire - Excepted Service Appointment,202412,30-34,17,MASTER'S DEGREE,0.0,0110,ECONOMIST,01,"SOCIAL SCIENCE, PSYCHOLOGY, AND WELFARE GROUP",GS,GENERAL SCHEDULE,STEM OCCUPATIONS,SCIENCE OCCUPATIONS,8,ALL OTHER POSITIONS,35,SCHEDULE D (EXCEPTED SERVICE PERMANENT),F,FULL-TIME,1,32,NV,NEVADA,US,UNITED STATES,61203,09
IN,DEPARTMENT OF INTERIOR,IN07,BUREAU OF RECLAMATION,AC,New Hire - Competitive Service Appointment,202412,20-24,17,MASTER'S DEGREE,0.0,0110,ECONOMIST,01,"SOCIAL SCIENCE, PSYCHOLOGY, AND WELFARE GROUP",GS,GENERAL SCHEDULE,STEM OCCUPATIONS,SCIENCE OCCUPATIONS,8,ALL OTHER POSITIONS,15,CAREER-CONDITIONAL (COMPETITIVE SERVICE PERMANENT),F,FULL-TIME,1,06,CA,CALIFORNIA,US,UNITED STATES,80217,11
IN,DEPARTMENT OF INTERIOR,IN08,GEOLOGICAL SURVEY,AC,New Hire - Competitive Service Appointment,202412,35-39,21,DOCTORATE DEGREE,0.0,0110,ECONOMIST,01,"SOCIAL SCIENCE, PSYCHOLOGY, AND WELFARE GROUP",GS,GENERAL SCHEDULE,STEM OCCUPATIONS,SCIENCE OCCUPATIONS,8,ALL OTHER POSITIONS,15,CAREER-CONDITIONAL (COMPETITIVE SERVICE PERMANENT),F,FULL-TIME,1,51,VA,VIRGINIA,US,UNITED STATES,88281,11
IN,DEPARTMENT OF INTERIOR,IN08,GEOLOGICAL SURVEY,AC,New Hire - Competitive Service Appointment,202411,30-34,21,DOCTORATE DEGREE,0.0,0110,ECONOMIST,01,"SOCIAL SCIENCE, PSYCHOLOGY, AND WELFARE GROUP",GS,GENERAL SCHEDULE,STEM OCCUPATIONS,SCIENCE OCCUPATIONS,8,ALL OTHER POSITIONS,10,CAREER (COMPETITIVE SERVICE PERMANENT),F,FULL-TIME,1,39,OH,OHIO,US,UNITED STATES,107817,13
IN,DEPARTMENT OF INTERIOR,IN27,BUREAU OF OCEAN ENERGY MANAGEMENT,AC,New Hire - Competitive Service Appointment,202411,30-34,21,DOCTORATE DEGREE,0.0,0110,ECONOMIST,01,"SOCIAL SCIENCE, PSYCHOLOGY, AND WELFARE GROUP",GS,GENERAL SCHEDULE,STEM OCCUPATIONS,SCIENCE OCCUPATIONS,8,ALL OTHER POSITIONS,15,CAREER-CONDITIONAL (COMPETITIVE SERVICE PERMANENT),F,FULL-TIME,1,51,VA,VIRGINIA,US,UNITED STATES,99315,11
IN,DEPARTMENT OF INTERIOR,IN08,GEOLOGICAL SURVEY,AC,New Hire - Competitive Service Appointment,202412,50-54,21,DOCTORATE DEGREE,0.0,0110,ECONOMIST,01,"SOCIAL SCIENCE, PSYCHOLOGY, AND WELFARE GROUP",GS,GENERAL SCHEDULE,STEM OCCUPATIONS,SCIENCE OCCUPATIONS,8,ALL OTHER POSITIONS,15,CAREER-CONDITIONAL (COMPETITIVE SERVICE PERMANENT),F,FULL-TIME,1,08,CO,COLORADO,US,UNITED STATES,119240,12
IN,DEPARTMENT OF INTERIOR,IN10,NATIONAL PARK SERVICE,AC,New Hire - Competitive Service Appointment,202501,40-44,17,MASTER'S DEGREE,13.9,0110,ECONOMIST,01,"SOCIAL SCIENCE, PSYCHOLOGY, AND WELFARE GROUP",GS,GENERAL SCHEDULE,STEM OCCUPATIONS,SCIENCE OCCUPATIONS,8,ALL OTHER POSITIONS,10,CAREER (COMPETITIVE SERVICE PERMANENT),F,FULL-TIME,1,08,CO,COLORADO,US,UNITED STATES,133168,13
IN,DEPARTMENT OF INTERIOR,IN08,GEOLOGICAL SURVEY,AC,New Hire - Competitive Service Appointment,202411,35-39,17,MASTER'S DEGREE,0.0,0110,ECONOMIST,01,"SOCIAL SCIENCE, PSYCHOLOGY, AND WELFARE GROUP",GS,GENERAL SCHEDULE,STEM OCCUPATIONS,SCIENCE OCCUPATIONS,2,SUPERVISOR OR MANAGER,15,CAREER-CONDITIONAL (COMPETITIVE SERVICE PERMANENT),F,FULL-TIME,1,51,VA,VIRGINIA,US,UNITED STATES,191289,15
HS,DEPARTMENT OF HOMELAND SECURITY,HSAB,CITIZENSHIP AND IMMIGRATION SERVICES,AC,New Hire - Competitive Service Appointment,202409,45-49,17,MASTER'S DEGREE,0.0,0110,ECONOMIST,01,"SOCIAL SCIENCE, PSYCHOLOGY, AND WELFARE GROUP",GS,GENERAL SCHEDULE,STEM OCCUPATIONS,SCIENCE OCCUPATIONS,8,ALL OTHER POSITIONS,15,CAREER-CONDITIONAL (COMPETITIVE SERVICE PERMANENT),F,FULL-TIME,1,11,DC,DISTRICT OF COLUMBIA,US,UNITED STATES,139395,14
HS,DEPARTMENT OF HOMELAND SECURITY,HSAB,CITIZENSHIP AND IMMIGRATION SERVICES,AA,Transfer In - Individual Transfer,202405,55-59,17,MASTER'S DEGREE,12.9,0110,ECONOMIST,01,"SOCIAL SCIENCE, PSYCHOLOGY, AND WELFARE GROUP",GS,GENERAL SCHEDULE,STEM OCCUPATIONS,SCIENCE OCCUPATIONS,8,ALL OTHER POSITIONS,10,CAREER (COMPETITIVE SERVICE PERMANENT),F,FULL-TIME,1,11,DC,DISTRICT OF COLUMBIA,US,UNITED STATES,181216,14
HS,DEPARTMENT OF HOMELAND SECURITY,HSAB,CITIZENSHIP AND IMMIGRATION SERVICES,AC,New Hire - Competitive Service Appointment,202408,50-54,17,MASTER'S DEGREE,17.6,0110,ECONOMIST,01,"SOCIAL SCIENCE, PSYCHOLOGY, AND WELFARE GROUP",GS,GENERAL SCHEDULE,STEM OCCUPATIONS,SCIENCE OCCUPATIONS,8,ALL OTHER POSITIONS,15,CAREER-CONDITIONAL (COMPETITIVE SERVICE PERMANENT),F,FULL-TIME,1,11,DC,DISTRICT OF COLUMBIA,US,UNITED STATES,129759,13
HS,DEPARTMENT OF HOMELAND SECURITY,HSAB,CITIZENSHIP AND IMMIGRATION SERVICES,AC,New Hire - Competitive Service Appointment,202407,35-39,13,BACHELOR'S DEGREE,8.8,0110,ECONOMIST,01,"SOCIAL SCIENCE, PSYCHOLOGY, AND WELFARE GROUP",GS,GENERAL SCHEDULE,STEM OCCUPATIONS,SCIENCE OCCUPATIONS,8,ALL OTHER POSITIONS,15,CAREER-CONDITIONAL (COMPETITIVE SERVICE PERMANENT),F,FULL-TIME,1,11,DC,DISTRICT OF COLUMBIA,US,UNITED STATES,139395,14
HS,DEPARTMENT OF HOMELAND SECURITY,HSAB,CITIZENSHIP AND IMMIGRATION SERVICES,AC,New Hire - Competitive Service Appointment,202406,45-49,21,DOCTORATE DEGREE,5.2,0110,ECONOMIST,01,"SOCIAL SCIENCE, PSYCHOLOGY, AND WELFARE GROUP",GS,GENERAL SCHEDULE,STEM OCCUPATIONS,SCIENCE OCCUPATIONS,8,ALL OTHER POSITIONS,15,CAREER-CONDITIONAL (COMPETITIVE SERVICE PERMANENT),F,FULL-TIME,1,11,DC,DISTRICT OF COLUMBIA,US,UNITED STATES,137624,13
HS,DEPARTMENT OF HOMELAND SECURITY,HSAB,CITIZENSHIP AND IMMIGRATION SERVICES,AC,New Hire - Competitive Service Appointment,202407,40-44,13,BACHELOR'S DEGREE,0.0,0110,ECONOMIST,01,"SOCIAL SCIENCE, PSYCHOLOGY, AND WELFARE GROUP",GS,GENERAL SCHEDULE,STEM OCCUPATIONS,SCIENCE OCCUPATIONS,8,ALL OTHER POSITIONS,15,CAREER-CONDITIONAL (COMPETITIVE SERVICE PERMANENT),F,FULL-TIME,1,11,DC,DISTRICT OF COLUMBIA,US,UNITED STATES,139395,14
HS,DEPARTMENT OF HOMELAND SECURITY,HSAB,CITIZENSHIP AND IMMIGRATION SERVICES,AC,New Hire - Competitive Service Appointment,202408,35-39,17,MASTER'S DEGREE,10.5,0110,ECONOMIST,01,"SOCIAL SCIENCE, PSYCHOLOGY, AND WELFARE GROUP",GS,GENERAL SCHEDULE,STEM OCCUPATIONS,SCIENCE OCCUPATIONS,8,ALL OTHER POSITIONS,15,CAREER-CONDITIONAL (COMPETITIVE SERVICE PERMANENT),F,FULL-TIME,1,24,MD,MARYLAND,US,UNITED STATES,129759,13
DJ,DEPARTMENT OF JUSTICE,DJ01,"OFFICES, BOARDS AND DIVISIONS",AC,New Hire - Competitive Service Appointment,202409,30-34,21,DOCTORATE DEGREE,0.0,0110,ECONOMIST,01,"SOCIAL SCIENCE, PSYCHOLOGY, AND WELFARE GROUP",GS,GENERAL SCHEDULE,STEM OCCUPATIONS,SCIENCE OCCUPATIONS,8,ALL OTHER POSITIONS,15,CAREER-CONDITIONAL (COMPETITIVE SERVICE PERMANENT),F,FULL-TIME,1,11,DC,DISTRICT OF COLUMBIA,US,UNITED STATES,153354,13
DJ,DEPARTMENT OF JUSTICE,DJ01,"OFFICES, BOARDS AND DIVISIONS",AC,New Hire - Competitive Service Appointment,202407,30-34,13,BACHELOR'S DEGREE,0.0,0110,ECONOMIST,01,"SOCIAL SCIENCE, PSYCHOLOGY, AND WELFARE GROUP",GS,GENERAL SCHEDULE,STEM OCCUPATIONS,SCIENCE OCCUPATIONS,8,ALL OTHER POSITIONS,15,CAREER-CONDITIONAL (COMPETITIVE SERVICE PERMANENT),F,FULL-TIME,1,11,DC,DISTRICT OF COLUMBIA,US,UNITED STATES,128956,12
DJ,DEPARTMENT OF JUSTICE,DJ01,"OFFICES, BOARDS AND DIVISIONS",AC,New Hire - Competitive Service Appointment,202408,30-34,21,DOCTORATE DEGREE,0.0,0110,ECONOMIST,01,"SOCIAL SCIENCE, PSYCHOLOGY, AND WELFARE GROUP",GS,GENERAL SCHEDULE,STEM OCCUPATIONS,SCIENCE OCCUPATIONS,8,ALL OTHER POSITIONS,15,CAREER-CONDITIONAL (COMPETITIVE SERVICE PERMANENT),F,FULL-TIME,1,11,DC,DISTRICT OF COLUMBIA,US,UNITED STATES,128956,12
DJ,DEPARTMENT OF JUSTICE,DJ01,"OFFICES, BOARDS AND DIVISIONS",AC,New Hire - Competitive Service Appointment,202409,30-34,21,DOCTORATE DEGREE,0.0,0110,ECONOMIST,01,"SOCIAL SCIENCE, PSYCHOLOGY, AND WELFARE GROUP",GS,GENERAL SCHEDULE,STEM OCCUPATIONS,SCIENCE OCCUPATIONS,8,ALL OTHER POSITIONS,15,CAREER-CONDITIONAL (COMPETITIVE SERVICE PERMANENT),F,FULL-TIME,1,11,DC,DISTRICT OF COLUMBIA,US,UNITED STATES,153354,13
DJ,DEPARTMENT OF JUSTICE,DJ01,"OFFICES, BOARDS AND DIVISIONS",AC,New Hire - Competitive Service Appointment,202406,30-34,21,DOCTORATE DEGREE,0.0,0110,ECONOMIST,01,"SOCIAL SCIENCE, PSYCHOLOGY, AND WELFARE GROUP",GS,GENERAL SCHEDULE,STEM OCCUPATIONS,SCIENCE OCCUPATIONS,8,ALL OTHER POSITIONS,15,CAREER-CONDITIONAL (COMPETITIVE SERVICE PERMANENT),F,FULL-TIME,1,11,DC,DISTRICT OF COLUMBIA,US,UNITED STATES,153354,13
DJ,DEPARTMENT OF JUSTICE,DJ01,"OFFICES, BOARDS AND DIVISIONS",AC,New Hire - Competitive Service Appointment,202408,30-34,13,BACHELOR'S DEGREE,0.0,0110,ECONOMIST,01,"SOCIAL SCIENCE, PSYCHOLOGY, AND WELFARE GROUP",GS,GENERAL SCHEDULE,STEM OCCUPATIONS,SCIENCE OCCUPATIONS,8,ALL OTHER POSITIONS,15,CAREER-CONDITIONAL (COMPETITIVE SERVICE PERMANENT),F,FULL-TIME,1,11,DC,DISTRICT OF COLUMBIA,US,UNITED STATES,153354,13
HF,FEDERAL HOUSING FINANCE AGENCY,HFHA,FEDERAL HOUSING FINANCE AGENCY,AC,New Hire - Competitive Service Appointment,202501,30-34,17,MASTER'S DEGREE,0.0,0110,ECONOMIST,01,"SOCIAL SCIENCE, PSYCHOLOGY, AND WELFARE GROUP",EL,NON-EXECUTIVE POSITIONS AT THE FEDERAL HOUSING FINANCE AGENCY,STEM OCCUPATIONS,SCIENCE OCCUPATIONS,8,ALL OTHER POSITIONS,15,CAREER-CONDITIONAL (COMPETITIVE SERVICE PERMANENT),F,FULL-TIME,1,11,DC,DISTRICT OF COLUMBIA,US,UNITED STATES,76500,09
HF,FEDERAL HOUSING FINANCE AGENCY,HFHA,FEDERAL HOUSING FINANCE AGENCY,AC,New Hire - Competitive Service Appointment,202501,30-34,17,MASTER'S DEGREE,0.0,0110,ECONOMIST,01,"SOCIAL SCIENCE, PSYCHOLOGY, AND WELFARE GROUP",EL,NON-EXECUTIVE POSITIONS AT THE FEDERAL HOUSING FINANCE AGENCY,STEM OCCUPATIONS,SCIENCE OCCUPATIONS,8,ALL OTHER POSITIONS,15,CAREER-CONDITIONAL (COMPETITIVE SERVICE PERMANENT),F,FULL-TIME,1,11,DC,DISTRICT OF COLUMBIA,US,UNITED STATES,76500,09
TC,U.S. INTERNATIONAL TRADE COMMISSION,TC00,U.S. INTERNATIONAL TRADE COMMISSION,AA,Transfer In - Individual Transfer,202411,30-34,17,MASTER'S DEGREE,4.8,0110,ECONOMIST,01,"SOCIAL SCIENCE, PSYCHOLOGY, AND WELFARE GROUP",GS,GENERAL SCHEDULE,STEM OCCUPATIONS,SCIENCE OCCUPATIONS,8,ALL OTHER POSITIONS,10,CAREER (COMPETITIVE SERVICE PERMANENT),F,FULL-TIME,1,11,DC,DISTRICT OF COLUMBIA,US,UNITED STATES,121894,13
TD,DEPARTMENT OF TRANSPORTATION,TD01,OFFICE OF THE SECRETARY OF TRANSPORTATION,AC,New Hire - Competitive Service Appointment,202410,20-24,13,BACHELOR'S DEGREE,0.0,0110,ECONOMIST,01,"SOCIAL SCIENCE, PSYCHOLOGY, AND WELFARE GROUP",GS,GENERAL SCHEDULE,STEM OCCUPATIONS,SCIENCE OCCUPATIONS,8,ALL OTHER POSITIONS,15,CAREER-CONDITIONAL (COMPETITIVE SERVICE PERMANENT),F,FULL-TIME,1,25,MA,MASSACHUSETTS,US,UNITED STATES,55383,07
TR,DEPARTMENT OF TREASURY,TR91,DEPARTMENTAL OFFICES,AC,New Hire - Competitive Service Appointment,202407,30-34,21,DOCTORATE DEGREE,0.0,0110,ECONOMIST,01,"SOCIAL SCIENCE, PSYCHOLOGY, AND WELFARE GROUP",OR,EMPLOYEES OF THE OFFICE OF FINANCIAL RESEARCH (OFR) WITHIN THE DEPARTMENT OF THE TREASURY,STEM OCCUPATIONS,SCIENCE OCCUPATIONS,8,ALL OTHER POSITIONS,15,CAREER-CONDITIONAL (COMPETITIVE SERVICE PERMANENT),F,FULL-TIME,1,11,DC,DISTRICT OF COLUMBIA,US,UNITED STATES,170001,53
TR,DEPARTMENT OF TREASURY,TR91,DEPARTMENTAL OFFICES,AD,New Hire - Excepted Service Appointment,202407,30-34,13,BACHELOR'S DEGREE,0.0,0110,ECONOMIST,01,"SOCIAL SCIENCE, PSYCHOLOGY, AND WELFARE GROUP",GS,GENERAL SCHEDULE,STEM OCCUPATIONS,SCIENCE OCCUPATIONS,8,ALL OTHER POSITIONS,38,OTHER (EXCEPTED SERVICE PERMANENT),F,FULL-TIME,1,11,DC,DISTRICT OF COLUMBIA,US,UNITED STATES,125650,12
TR,DEPARTMENT OF TREASURY,TR91,DEPARTMENTAL OFFICES,AC,New Hire - Competitive Service Appointment,202407,30-34,13,BACHELOR'S DEGREE,0.0,0110,ECONOMIST,01,"SOCIAL SCIENCE, PSYCHOLOGY, AND WELFARE GROUP",GS,GENERAL SCHEDULE,STEM OCCUPATIONS,SCIENCE OCCUPATIONS,8,ALL OTHER POSITIONS,15,CAREER-CONDITIONAL (COMPETITIVE SERVICE PERMANENT),F,FULL-TIME,1,11,DC,DISTRICT OF COLUMBIA,US,UNITED STATES,128956,12
TD,DEPARTMENT OF TRANSPORTATION,TD03,FEDERAL AVIATION ADMINISTRATION,AD,New Hire - Excepted Service Appointment,202406,25-29,13,BACHELOR'S DEGREE,0.0,0110,ECONOMIST,01,"SOCIAL SCIENCE, PSYCHOLOGY, AND WELFARE GROUP",FV,FEDERAL AVIATION ADMINISTRATION CORE COMPENSATION PLAN,STEM OCCUPATIONS,SCIENCE OCCUPATIONS,8,ALL OTHER POSITIONS,48,OTHER (EXCEPTED SERVICE NONPERMANENT),F,FULL-TIME,1,11,DC,DISTRICT OF COLUMBIA,US,UNITED STATES,83430,G
TR,DEPARTMENT OF TREASURY,TR91,DEPARTMENTAL OFFICES,AD,New Hire - Excepted Service Appointment,202407,20-24,13,BACHELOR'S DEGREE,0.0,0110,ECONOMIST,01,"SOCIAL SCIENCE, PSYCHOLOGY, AND WELFARE GROUP",GS,GENERAL SCHEDULE,STEM OCCUPATIONS,SCIENCE OCCUPATIONS,8,ALL OTHER POSITIONS,40,SCHEDULE A (EXCEPTED SERVICE NONPERMANENT),F,FULL-TIME,1,11,DC,DISTRICT OF COLUMBIA,US,UNITED STATES,55924,07
TR,DEPARTMENT OF TREASURY,TR91,DEPARTMENTAL OFFICES,AD,New Hire - Excepted Service Appointment,202407,30-34,17,MASTER'S DEGREE,0.0,0110,ECONOMIST,01,"SOCIAL SCIENCE, PSYCHOLOGY, AND WELFARE GROUP",GS,GENERAL SCHEDULE,STEM OCCUPATIONS,SCIENCE OCCUPATIONS,8,ALL OTHER POSITIONS,38,OTHER (EXCEPTED SERVICE PERMANENT),F,FULL-TIME,1,11,DC,DISTRICT OF COLUMBIA,US,UNITED STATES,128956,12
TR,DEPARTMENT OF TREASURY,TR91,DEPARTMENTAL OFFICES,AC,New Hire - Competitive Service Appointment,202406,65 or more,04,HIGH SCHOOL GRADUATE OR CERTIFICATE OF EQUIVALENCY,0.0,0110,ECONOMIST,01,"SOCIAL SCIENCE, PSYCHOLOGY, AND WELFARE GROUP",OR,EMPLOYEES OF THE OFFICE OF FINANCIAL RESEARCH (OFR) WITHIN THE DEPARTMENT OF THE TREASURY,STEM OCCUPATIONS,SCIENCE OCCUPATIONS,8,ALL OTHER POSITIONS,10,CAREER (COMPETITIVE SERVICE PERMANENT),F,FULL-TIME,1,11,DC,DISTRICT OF COLUMBIA,US,UNITED STATES,302200,70
TR,DEPARTMENT OF TREASURY,TR91,DEPARTMENTAL OFFICES,AC,New Hire - Competitive Service Appointment,202404,25-29,13,BACHELOR'S DEGREE,2.1,0110,ECONOMIST,01,"SOCIAL SCIENCE, PSYCHOLOGY, AND WELFARE GROUP",GS,GENERAL SCHEDULE,STEM OCCUPATIONS,SCIENCE OCCUPATIONS,8,ALL OTHER POSITIONS,15,CAREER-CONDITIONAL (COMPETITIVE SERVICE PERMANENT),F,FULL-TIME,1,11,DC,DISTRICT OF COLUMBIA,US,UNITED STATES,99200,12
TR,DEPARTMENT OF TREASURY,TR91,DEPARTMENTAL OFFICES,AC,New Hire - Competitive Service Appointment,202406,25-29,04,HIGH SCHOOL GRADUATE OR CERTIFICATE OF EQUIVALENCY,0.0,0110,ECONOMIST,01,"SOCIAL SCIENCE, PSYCHOLOGY, AND WELFARE GROUP",GS,GENERAL SCHEDULE,STEM OCCUPATIONS,SCIENCE OCCUPATIONS,8,ALL OTHER POSITIONS,15,CAREER-CONDITIONAL (COMPETITIVE SERVICE PERMANENT),F,FULL-TIME,1,11,DC,DISTRICT OF COLUMBIA,US,UNITED STATES,99200,12
TR,DEPARTMENT OF TREASURY,TR91,DEPARTMENTAL OFFICES,AC,New Hire - Competitive Service Appointment,202406,30-34,18,POST-MASTER'S,0.0,0110,ECONOMIST,01,"SOCIAL SCIENCE, PSYCHOLOGY, AND WELFARE GROUP",GS,GENERAL SCHEDULE,STEM OCCUPATIONS,SCIENCE OCCUPATIONS,8,ALL OTHER POSITIONS,15,CAREER-CONDITIONAL (COMPETITIVE SERVICE PERMANENT),F,FULL-TIME,1,11,DC,DISTRICT OF COLUMBIA,US,UNITED STATES,153354,13
TR,DEPARTMENT OF TREASURY,TR91,DEPARTMENTAL OFFICES,AD,New Hire - Excepted Service Appointment,202406,25-29,17,MASTER'S DEGREE,0.0,0110,ECONOMIST,01,"SOCIAL SCIENCE, PSYCHOLOGY, AND WELFARE GROUP",GS,GENERAL SCHEDULE,STEM OCCUPATIONS,SCIENCE OCCUPATIONS,8,ALL OTHER POSITIONS,38,OTHER (EXCEPTED SERVICE PERMANENT),F,FULL-TIME,1,11,DC,DISTRICT OF COLUMBIA,US,UNITED STATES,82764,11
TR,DEPARTMENT OF TREASURY,TR91,DEPARTMENTAL OFFICES,AC,New Hire - Competitive Service Appointment,202405,40-44,04,HIGH SCHOOL GRADUATE OR CERTIFICATE OF EQUIVALENCY,0.0,0110,ECONOMIST,01,"SOCIAL SCIENCE, PSYCHOLOGY, AND WELFARE GROUP",OR,EMPLOYEES OF THE OFFICE OF FINANCIAL RESEARCH (OFR) WITHIN THE DEPARTMENT OF THE TREASURY,STEM OCCUPATIONS,SCIENCE OCCUPATIONS,2,SUPERVISOR OR MANAGER,15,CAREER-CONDITIONAL (COMPETITIVE SERVICE PERMANENT),F,FULL-TIME,1,11,DC,DISTRICT OF COLUMBIA,US,UNITED STATES,190000,60
TR,DEPARTMENT OF TREASURY,TR91,DEPARTMENTAL OFFICES,AC,New Hire - Competitive Service Appointment,202407,20-24,13,BACHELOR'S DEGREE,0.0,0110,ECONOMIST,01,"SOCIAL SCIENCE, PSYCHOLOGY, AND WELFARE GROUP",OR,EMPLOYEES OF THE OFFICE OF FINANCIAL RESEARCH (OFR) WITHIN THE DEPARTMENT OF THE TREASURY,STEM OCCUPATIONS,SCIENCE OCCUPATIONS,8,ALL OTHER POSITIONS,15,CAREER-CONDITIONAL (COMPETITIVE SERVICE PERMANENT),F,FULL-TIME,1,11,DC,DISTRICT OF COLUMBIA,US,UNITED STATES,105651,51
TR,DEPARTMENT OF TREASURY,TR91,DEPARTMENTAL OFFICES,AC,New Hire - Competitive Service Appointment,202404,40-44,04,HIGH SCHOOL GRADUATE OR CERTIFICATE OF EQUIVALENCY,0.0,0110,ECONOMIST,01,"SOCIAL SCIENCE, PSYCHOLOGY, AND WELFARE GROUP",GS,GENERAL SCHEDULE,STEM OCCUPATIONS,SCIENCE OCCUPATIONS,8,ALL OTHER POSITIONS,15,CAREER-CONDITIONAL (COMPETITIVE SERVICE PERMANENT),F,FULL-TIME,1,11,DC,DISTRICT OF COLUMBIA,US,UNITED STATES,191900,15
TR,DEPARTMENT OF TREASURY,TR91,DEPARTMENTAL OFFICES,AC,New Hire - Competitive Service Appointment,202407,30-34,21,DOCTORATE DEGREE,0.0,0110,ECONOMIST,01,"SOCIAL SCIENCE, PSYCHOLOGY, AND WELFARE GROUP",OR,EMPLOYEES OF THE OFFICE OF FINANCIAL RESEARCH (OFR) WITHIN THE DEPARTMENT OF THE TREASURY,STEM OCCUPATIONS,SCIENCE OCCUPATIONS,8,ALL OTHER POSITIONS,15,CAREER-CONDITIONAL (COMPETITIVE SERVICE PERMANENT),F,FULL-TIME,1,11,DC,DISTRICT OF COLUMBIA,US,UNITED STATES,170001,53
TD,DEPARTMENT OF TRANSPORTATION,TD17,FEDERAL MOTOR CARRIER SAFETY ADMINISTRATION,AC,New Hire - Competitive Service Appointment,202405,40-44,21,DOCTORATE DEGREE,0.0,0110,ECONOMIST,01,"SOCIAL SCIENCE, PSYCHOLOGY, AND WELFARE GROUP",GS,GENERAL SCHEDULE,STEM OCCUPATIONS,SCIENCE OCCUPATIONS,8,ALL OTHER POSITIONS,15,CAREER-CONDITIONAL (COMPETITIVE SERVICE PERMANENT),F,FULL-TIME,1,13,GA,GEORGIA,US,UNITED STATES,129134,14
TR,DEPARTMENT OF TREASURY,TR91,DEPARTMENTAL OFFICES,AC,New Hire - Competitive Service Appointment,202406,25-29,17,MASTER'S DEGREE,3.5,0110,ECONOMIST,01,"SOCIAL SCIENCE, PSYCHOLOGY, AND WELFARE GROUP",GS,GENERAL SCHEDULE,STEM OCCUPATIONS,SCIENCE OCCUPATIONS,8,ALL OTHER POSITIONS,15,CAREER-CONDITIONAL (COMPETITIVE SERVICE PERMANENT),F,FULL-TIME,1,11,DC,DISTRICT OF COLUMBIA,US,UNITED STATES,99200,12
TR,DEPARTMENT OF TREASURY,TR91,DEPARTMENTAL OFFICES,AC,New Hire - Competitive Service Appointment,202405,20-24,13,BACHELOR'S DEGREE,0.0,0110,ECONOMIST,01,"SOCIAL SCIENCE, PSYCHOLOGY, AND WELFARE GROUP",GS,GENERAL SCHEDULE,STEM OCCUPATIONS,SCIENCE OCCUPATIONS,8,ALL OTHER POSITIONS,15,CAREER-CONDITIONAL (COMPETITIVE SERVICE PERMANENT),F,FULL-TIME,1,11,DC,DISTRICT OF COLUMBIA,US,UNITED STATES,82764,11
TR,DEPARTMENT OF TREASURY,TR91,DEPARTMENTAL OFFICES,AD,New Hire - Excepted Service Appointment,202404,20-24,13,BACHELOR'S DEGREE,0.0,0110,ECONOMIST,01,"SOCIAL SCIENCE, PSYCHOLOGY, AND WELFARE GROUP",GS,GENERAL SCHEDULE,STEM OCCUPATIONS,SCIENCE OCCUPATIONS,8,ALL OTHER POSITIONS,40,SCHEDULE A (EXCEPTED SERVICE NONPERMANENT),F,FULL-TIME,1,11,DC,DISTRICT OF COLUMBIA,US,UNITED STATES,55924,07
TR,DEPARTMENT OF TREASURY,TR91,DEPARTMENTAL OFFICES,AC,New Hire - Competitive Service Appointment,202404,25-29,13,BACHELOR'S DEGREE,0.0,0110,ECONOMIST,01,"SOCIAL SCIENCE, PSYCHOLOGY, AND WELFARE GROUP",OR,EMPLOYEES OF THE OFFICE OF FINANCIAL RESEARCH (OFR) WITHIN THE DEPARTMENT OF THE TREASURY,STEM OCCUPATIONS,SCIENCE OCCUPATIONS,8,ALL OTHER POSITIONS,15,CAREER-CONDITIONAL (COMPETITIVE SERVICE PERMANENT),F,FULL-TIME,1,11,DC,DISTRICT OF COLUMBIA,US,UNITED STATES,105651,51
TD,DEPARTMENT OF TRANSPORTATION,TD16,PIPELINE AND HAZARDOUS MATERIALS SAFETY ADMINISTRATION,AC,New Hire - Competitive Service Appointment,202407,40-44,21,DOCTORATE DEGREE,0.0,0110,ECONOMIST,01,"SOCIAL SCIENCE, PSYCHOLOGY, AND WELFARE GROUP",GS,GENERAL SCHEDULE,STEM OCCUPATIONS,SCIENCE OCCUPATIONS,8,ALL OTHER POSITIONS,15,CAREER-CONDITIONAL (COMPETITIVE SERVICE PERMANENT),F,FULL-TIME,1,11,DC,DISTRICT OF COLUMBIA,US,UNITED STATES,82764,11
HE,DEPARTMENT OF HEALTH AND HUMAN SERVICES,HE70,CENTERS FOR MEDICARE & MEDICAID SERVICES,AC,New Hire - Competitive Service Appointment,202406,30-34,18,POST-MASTER'S,0.0,0110,ECONOMIST,01,"SOCIAL SCIENCE, PSYCHOLOGY, AND WELFARE GROUP",GS,GENERAL SCHEDULE,STEM OCCUPATIONS,SCIENCE OCCUPATIONS,8,ALL OTHER POSITIONS,15,CAREER-CONDITIONAL (COMPETITIVE SERVICE PERMANENT),F,FULL-TIME,1,36,NY,NEW YORK,US,UNITED STATES,103409,13
HE,DEPARTMENT OF HEALTH AND HUMAN SERVICES,HE38,NATIONAL INSTITUTES OF HEALTH,AD,New Hire - Excepted Service Appointment,202406,50-54,21,DOCTORATE DEGREE,0.0,0110,ECONOMIST,01,"SOCIAL SCIENCE, PSYCHOLOGY, AND WELFARE GROUP",EI,ADVISORY COMMITTEE MEMBER (OTHER),STEM OCCUPATIONS,SCIENCE OCCUPATIONS,8,ALL OTHER POSITIONS,48,OTHER (EXCEPTED SERVICE NONPERMANENT),I,INTERMITTENT,1,37,NC,NORTH CAROLINA,US,UNITED STATES,52175,00
HE,DEPARTMENT OF HEALTH AND HUMAN SERVICES,HE39,CENTERS FOR DISEASE CONTROL AND PREVENTION,AD,New Hire - Excepted Service Appointment,202409,35-39,21,DOCTORATE DEGREE,0.0,0110,ECONOMIST,01,"SOCIAL SCIENCE, PSYCHOLOGY, AND WELFARE GROUP",AD,"ADMINISTRATIVELY DETERMINED RATES, NOT ELSEWHERE SPECIFIED",STEM OCCUPATIONS,SCIENCE OCCUPATIONS,8,ALL OTHER POSITIONS,48,OTHER (EXCEPTED SERVICE NONPERMANENT),F,FULL-TIME,1,13,GA,GEORGIA,US,UNITED STATES,98023,00
HE,DEPARTMENT OF HEALTH AND HUMAN SERVICES,HE10,OFFICE OF THE SECRETARY OF HEALTH AND HUMAN SERVICES,AC,New Hire - Competitive Service Appointment,202408,25-29,17,MASTER'S DEGREE,0.0,0110,ECONOMIST,01,"SOCIAL SCIENCE, PSYCHOLOGY, AND WELFARE GROUP",GS,GENERAL SCHEDULE,STEM OCCUPATIONS,SCIENCE OCCUPATIONS,8,ALL OTHER POSITIONS,15,CAREER-CONDITIONAL (COMPETITIVE SERVICE PERMANENT),F,FULL-TIME,1,51,VA,VIRGINIA,US,UNITED STATES,86962,12
HE,DEPARTMENT OF HEALTH AND HUMAN SERVICES,HE39,CENTERS FOR DISEASE CONTROL AND PREVENTION,AC,New Hire - Competitive Service Appointment,202406,50-54,21,DOCTORATE DEGREE,1.2,0110,ECONOMIST,01,"SOCIAL SCIENCE, PSYCHOLOGY, AND WELFARE GROUP",GS,GENERAL SCHEDULE,STEM OCCUPATIONS,SCIENCE OCCUPATIONS,8,ALL OTHER POSITIONS,15,CAREER-CONDITIONAL (COMPETITIVE SERVICE PERMANENT),F,FULL-TIME,1,13,GA,GEORGIA,US,UNITED STATES,127493,13
HF,FEDERAL HOUSING FINANCE AGENCY,HFHA,FEDERAL HOUSING FINANCE AGENCY,AC,New Hire - Competitive Service Appointment,202408,25-29,13,BACHELOR'S DEGREE,0.0,0110,ECONOMIST,01,"SOCIAL SCIENCE, PSYCHOLOGY, AND WELFARE GROUP",EL,NON-EXECUTIVE POSITIONS AT THE FEDERAL HOUSING FINANCE AGENCY,STEM OCCUPATIONS,SCIENCE OCCUPATIONS,8,ALL OTHER POSITIONS,15,CAREER-CONDITIONAL (COMPETITIVE SERVICE PERMANENT),F,FULL-TIME,1,11,DC,DISTRICT OF COLUMBIA,US,UNITED STATES,80000,09
HE,DEPARTMENT OF HEALTH AND HUMAN SERVICES,HE70,CENTERS FOR MEDICARE & MEDICAID SERVICES,AC,New Hire - Competitive Service Appointment,202410,25-29,13,BACHELOR'S DEGREE,0.0,0110,ECONOMIST,01,"SOCIAL SCIENCE, PSYCHOLOGY, AND WELFARE GROUP",GS,GENERAL SCHEDULE,STEM OCCUPATIONS,SCIENCE OCCUPATIONS,8,ALL OTHER POSITIONS,15,CAREER-CONDITIONAL (COMPETITIVE SERVICE PERMANENT),F,FULL-TIME,1,24,MD,MARYLAND,US,UNITED STATES,115731,12
HF,FEDERAL HOUSING FINANCE AGENCY,HFHA,FEDERAL HOUSING FINANCE AGENCY,AC,New Hire - Competitive Service Appointment,202408,25-29,17,MASTER'S DEGREE,0.0,0110,ECONOMIST,01,"SOCIAL SCIENCE, PSYCHOLOGY, AND WELFARE GROUP",EL,NON-EXECUTIVE POSITIONS AT THE FEDERAL HOUSING FINANCE AGENCY,STEM OCCUPATIONS,SCIENCE OCCUPATIONS,8,ALL OTHER POSITIONS,20,NONPERMANENT (COMPETITTIVE SERVICE NONPERMANENT),F,FULL-TIME,1,11,DC,DISTRICT OF COLUMBIA,US,UNITED STATES,78000,09
HE,DEPARTMENT OF HEALTH AND HUMAN SERVICES,HE36,FOOD AND DRUG ADMINISTRATION,AD,New Hire - Excepted Service Appointment,202407,35-39,21,DOCTORATE DEGREE,0.0,0110,ECONOMIST,01,"SOCIAL SCIENCE, PSYCHOLOGY, AND WELFARE GROUP",RG,SCIENTISTS APPOINTED AS FELLOWS AND COMPENSATED UNDER 42 U.S.C. 209(G). INCLUDES NON-CITIZENS WHOSE EMPLOYMENT,STEM OCCUPATIONS,SCIENCE OCCUPATIONS,8,ALL OTHER POSITIONS,48,OTHER (EXCEPTED SERVICE NONPERMANENT),F,FULL-TIME,1,24,MD,MARYLAND,US,UNITED STATES,128956,00
HE,DEPARTMENT OF HEALTH AND HUMAN SERVICES,HE70,CENTERS FOR MEDICARE & MEDICAID SERVICES,AD,New Hire - Excepted Service Appointment,202408,30-34,17,MASTER'S DEGREE,0.0,0110,ECONOMIST,01,"SOCIAL SCIENCE, PSYCHOLOGY, AND WELFARE GROUP",GS,GENERAL SCHEDULE,STEM OCCUPATIONS,SCIENCE OCCUPATIONS,8,ALL OTHER POSITIONS,40,SCHEDULE A (EXCEPTED SERVICE NONPERMANENT),F,FULL-TIME,1,24,MD,MARYLAND,US,UNITED STATES,153354,13
HE,DEPARTMENT OF HEALTH AND HUMAN SERVICES,HE39,CENTERS FOR DISEASE CONTROL AND PREVENTION,AD,New Hire - Excepted Service Appointment,202408,30-34,17,MASTER'S DEGREE,0.0,0110,ECONOMIST,01,"SOCIAL SCIENCE, PSYCHOLOGY, AND WELFARE GROUP",AD,"ADMINISTRATIVELY DETERMINED RATES, NOT ELSEWHERE SPECIFIED",STEM OCCUPATIONS,SCIENCE OCCUPATIONS,8,ALL OTHER POSITIONS,48,OTHER (EXCEPTED SERVICE NONPERMANENT),F,FULL-TIME,1,13,GA,GEORGIA,US,UNITED STATES,98023,00
HE,DEPARTMENT OF HEALTH AND HUMAN SERVICES,HE70,CENTERS FOR MEDICARE & MEDICAID SERVICES,AD,New Hire - Excepted Service Appointment,202408,25-29,17,MASTER'S DEGREE,0.0,0110,ECONOMIST,01,"SOCIAL SCIENCE, PSYCHOLOGY, AND WELFARE GROUP",GS,GENERAL SCHEDULE,STEM OCCUPATIONS,SCIENCE OCCUPATIONS,8,ALL OTHER POSITIONS,40,SCHEDULE A (EXCEPTED SERVICE NONPERMANENT),F,FULL-TIME,1,24,MD,MARYLAND,US,UNITED STATES,117962,13
HE,DEPARTMENT OF HEALTH AND HUMAN SERVICES,HE70,CENTERS FOR MEDICARE & MEDICAID SERVICES,AC,New Hire - Competitive Service Appointment,202407,25-29,13,BACHELOR'S DEGREE,0.0,0110,ECONOMIST,01,"SOCIAL SCIENCE, PSYCHOLOGY, AND WELFARE GROUP",GS,GENERAL SCHEDULE,STEM OCCUPATIONS,SCIENCE OCCUPATIONS,8,ALL OTHER POSITIONS,15,CAREER-CONDITIONAL (COMPETITIVE SERVICE PERMANENT),F,FULL-TIME,1,11,DC,DISTRICT OF COLUMBIA,US,UNITED STATES,125650,12
HE,DEPARTMENT OF HEALTH AND HUMAN SERVICES,HE38,NATIONAL INSTITUTES OF HEALTH,AD,New Hire - Excepted Service Appointment,202407,45-49,13,BACHELOR'S DEGREE,2.6,0110,ECONOMIST,01,"SOCIAL SCIENCE, PSYCHOLOGY, AND WELFARE GROUP",AD,"ADMINISTRATIVELY DETERMINED RATES, NOT ELSEWHERE SPECIFIED",STEM OCCUPATIONS,SCIENCE OCCUPATIONS,2,SUPERVISOR OR MANAGER,48,OTHER (EXCEPTED SERVICE NONPERMANENT),F,FULL-TIME,1,11,DC,DISTRICT OF COLUMBIA,US,UNITED STATES,345000,00
HE,DEPARTMENT OF HEALTH AND HUMAN SERVICES,HE70,CENTERS FOR MEDICARE & MEDICAID SERVICES,AA,Transfer In - Individual Transfer,202408,35-39,17,MASTER'S DEGREE,1.8,0110,ECONOMIST,01,"SOCIAL SCIENCE, PSYCHOLOGY, AND WELFARE GROUP",GS,GENERAL SCHEDULE,STEM OCCUPATIONS,SCIENCE OCCUPATIONS,8,ALL OTHER POSITIONS,15,CAREER-CONDITIONAL (COMPETITIVE SERVICE PERMANENT),F,FULL-TIME,1,24,MD,MARYLAND,US,UNITED STATES,137624,13
HE,DEPARTMENT OF HEALTH AND HUMAN SERVICES,HE70,CENTERS FOR MEDICARE & MEDICAID SERVICES,AC,New Hire - Competitive Service Appointment,202409,35-39,17,MASTER'S DEGREE,0.0,0110,ECONOMIST,01,"SOCIAL SCIENCE, PSYCHOLOGY, AND WELFARE GROUP",GS,GENERAL SCHEDULE,STEM OCCUPATIONS,SCIENCE OCCUPATIONS,8,ALL OTHER POSITIONS,15,CAREER-CONDITIONAL (COMPETITIVE SERVICE PERMANENT),F,FULL-TIME,1,11,DC,DISTRICT OF COLUMBIA,US,UNITED STATES,137624,13
DL,DEPARTMENT OF LABOR,DLPE,OFFICE OF THE ASSISTANT SECRETARY FOR POLICY,AD,New Hire - Excepted Service Appointment,202503,35-39,04,HIGH SCHOOL GRADUATE OR CERTIFICATE OF EQUIVALENCY,0.0,0110,ECONOMIST,01,"SOCIAL SCIENCE, PSYCHOLOGY, AND WELFARE GROUP",SL,SENIOR LEVEL POSITIONS,STEM OCCUPATIONS,SCIENCE OCCUPATIONS,2,SUPERVISOR OR MANAGER,44,SCHEDULE C (EXCEPTED SERVICE NONPERMANENT),F,FULL-TIME,1,11,DC,DISTRICT OF COLUMBIA,US,UNITED STATES,195200,00
DN,DEPARTMENT OF ENERGY,DNFE,FEDERAL ENERGY REGULATORY COMMISSION,AC,New Hire - Competitive Service Appointment,202501,35-39,21,DOCTORATE DEGREE,1.5,0110,ECONOMIST,01,"SOCIAL SCIENCE, PSYCHOLOGY, AND WELFARE GROUP",GS,GENERAL SCHEDULE,STEM OCCUPATIONS,SCIENCE OCCUPATIONS,8,ALL OTHER POSITIONS,15,CAREER-CONDITIONAL (COMPETITIVE SERVICE PERMANENT),F,FULL-TIME,1,11,DC,DISTRICT OF COLUMBIA,US,UNITED STATES,101401,12
DN,DEPARTMENT OF ENERGY,DNFE,FEDERAL ENERGY REGULATORY COMMISSION,AC,New Hire - Competitive Service Appointment,202502,30-34,21,DOCTORATE DEGREE,0.0,0110,ECONOMIST,01,"SOCIAL SCIENCE, PSYCHOLOGY, AND WELFARE GROUP",GS,GENERAL SCHEDULE,STEM OCCUPATIONS,SCIENCE OCCUPATIONS,8,ALL OTHER POSITIONS,15,CAREER-CONDITIONAL (COMPETITIVE SERVICE PERMANENT),F,FULL-TIME,1,11,DC,DISTRICT OF COLUMBIA,US,UNITED STATES,84601,11
OM,OFFICE OF PERSONNEL MANAGEMENT,OM00,OFFICE OF PERSONNEL MANAGEMENT,AC,New Hire - Competitive Service Appointment,202411,25-29,17,MASTER'S DEGREE,1.5,0110,ECONOMIST,01,"SOCIAL SCIENCE, PSYCHOLOGY, AND WELFARE GROUP",GS,GENERAL SCHEDULE,STEM OCCUPATIONS,SCIENCE OCCUPATIONS,8,ALL OTHER POSITIONS,15,CAREER-CONDITIONAL (COMPETITIVE SERVICE PERMANENT),F,FULL-TIME,1,04,AZ,ARIZONA,US,UNITED STATES,90833,12
AG,DEPARTMENT OF AGRICULTURE,AG18,ECONOMIC RESEARCH SERVICE,AC,New Hire - Competitive Service Appointment,202404,50-54,17,MASTER'S DEGREE,0.0,0110,ECONOMIST,01,"SOCIAL SCIENCE, PSYCHOLOGY, AND WELFARE GROUP",GS,GENERAL SCHEDULE,STEM OCCUPATIONS,SCIENCE OCCUPATIONS,8,ALL OTHER POSITIONS,15,CAREER-CONDITIONAL (COMPETITIVE SERVICE PERMANENT),F,FULL-TIME,1,29,MO,MISSOURI,US,UNITED STATES,105029,13
AG,DEPARTMENT OF AGRICULTURE,AG10,FOREIGN AGRICULTURAL SERVICE,AD,New Hire - Excepted Service Appointment,202407,20-24,13,BACHELOR'S DEGREE,0.0,0110,ECONOMIST,01,"SOCIAL SCIENCE, PSYCHOLOGY, AND WELFARE GROUP",GS,GENERAL SCHEDULE,STEM OCCUPATIONS,SCIENCE OCCUPATIONS,8,ALL OTHER POSITIONS,38,OTHER (EXCEPTED SERVICE PERMANENT),F,FULL-TIME,1,11,DC,DISTRICT OF COLUMBIA,US,UNITED STATES,55924,07
AG,DEPARTMENT OF AGRICULTURE,AG10,FOREIGN AGRICULTURAL SERVICE,AD,New Hire - Excepted Service Appointment,202406,Less than 20,04,HIGH SCHOOL GRADUATE OR CERTIFICATE OF EQUIVALENCY,0.0,0119,ECONOMICS ASSISTANT,01,"SOCIAL SCIENCE, PSYCHOLOGY, AND WELFARE GROUP",GS,GENERAL SCHEDULE,ALL OTHER OCCUPATIONS,ALL OTHER OCCUPATIONS,8,ALL OTHER POSITIONS,40,SCHEDULE A (EXCEPTED SERVICE NONPERMANENT),F,FULL-TIME,1,11,DC,DISTRICT OF COLUMBIA,US,UNITED STATES,0,02
AG,DEPARTMENT OF AGRICULTURE,AG16,NATURAL RESOURCES CONSERVATION SERVICE,AC,New Hire - Competitive Service Appointment,202406,30-34,17,MASTER'S DEGREE,3.0,0110,ECONOMIST,01,"SOCIAL SCIENCE, PSYCHOLOGY, AND WELFARE GROUP",GS,GENERAL SCHEDULE,STEM OCCUPATIONS,SCIENCE OCCUPATIONS,8,ALL OTHER POSITIONS,10,CAREER (COMPETITIVE SERVICE PERMANENT),F,FULL-TIME,1,49,UT,UTAH,US,UNITED STATES,86962,12
AG,DEPARTMENT OF AGRICULTURE,AG18,ECONOMIC RESEARCH SERVICE,AC,New Hire - Competitive Service Appointment,202409,55-59,21,DOCTORATE DEGREE,0.0,0110,ECONOMIST,01,"SOCIAL SCIENCE, PSYCHOLOGY, AND WELFARE GROUP",GS,GENERAL SCHEDULE,STEM OCCUPATIONS,SCIENCE OCCUPATIONS,8,ALL OTHER POSITIONS,15,CAREER-CONDITIONAL (COMPETITIVE SERVICE PERMANENT),F,FULL-TIME,1,37,NC,NORTH CAROLINA,US,UNITED STATES,174983,15
AG,DEPARTMENT OF AGRICULTURE,AG10,FOREIGN AGRICULTURAL SERVICE,AC,New Hire - Competitive Service Appointment,202404,40-44,07,SOME COLLEGE - LESS THAN ONE YEAR,0.0,0110,ECONOMIST,01,"SOCIAL SCIENCE, PSYCHOLOGY, AND WELFARE GROUP",GS,GENERAL SCHEDULE,STEM OCCUPATIONS,SCIENCE OCCUPATIONS,8,ALL OTHER POSITIONS,15,CAREER-CONDITIONAL (COMPETITIVE SERVICE PERMANENT),F,FULL-TIME,1,11,DC,DISTRICT OF COLUMBIA,US,UNITED STATES,68405,09
AG,DEPARTMENT OF AGRICULTURE,AG18,ECONOMIC RESEARCH SERVICE,AC,New Hire - Competitive Service Appointment,202405,35-39,21,DOCTORATE DEGREE,0.0,0110,ECONOMIST,01,"SOCIAL SCIENCE, PSYCHOLOGY, AND WELFARE GROUP",GS,GENERAL SCHEDULE,STEM OCCUPATIONS,SCIENCE OCCUPATIONS,8,ALL OTHER POSITIONS,15,CAREER-CONDITIONAL (COMPETITIVE SERVICE PERMANENT),F,FULL-TIME,1,12,FL,FLORIDA,US,UNITED STATES,98555,12
AG,DEPARTMENT OF AGRICULTURE,AG10,FOREIGN AGRICULTURAL SERVICE,AD,New Hire - Excepted Service Appointment,202406,Less than 20,04,HIGH SCHOOL GRADUATE OR CERTIFICATE OF EQUIVALENCY,0.0,0119,ECONOMICS ASSISTANT,01,"SOCIAL SCIENCE, PSYCHOLOGY, AND WELFARE GROUP",GS,GENERAL SCHEDULE,ALL OTHER OCCUPATIONS,ALL OTHER OCCUPATIONS,8,ALL OTHER POSITIONS,40,SCHEDULE A (EXCEPTED SERVICE NONPERMANENT),F,FULL-TIME,1,11,DC,DISTRICT OF COLUMBIA,US,UNITED STATES,0,02
AG,DEPARTMENT OF AGRICULTURE,AG18,ECONOMIC RESEARCH SERVICE,AC,New Hire - Competitive Service Appointment,202409,25-29,17,MASTER'S DEGREE,0.0,0110,ECONOMIST,01,"SOCIAL SCIENCE, PSYCHOLOGY, AND WELFARE GROUP",GS,GENERAL SCHEDULE,STEM OCCUPATIONS,SCIENCE OCCUPATIONS,8,ALL OTHER POSITIONS,15,CAREER-CONDITIONAL (COMPETITIVE SERVICE PERMANENT),F,FULL-TIME,1,53,WA,WASHINGTON,US,UNITED STATES,67147,09
AG,DEPARTMENT OF AGRICULTURE,AG11,FOREST SERVICE,AC,New Hire - Competitive Service Appointment,202407,35-39,21,DOCTORATE DEGREE,0.0,0110,ECONOMIST,01,"SOCIAL SCIENCE, PSYCHOLOGY, AND WELFARE GROUP",GS,GENERAL SCHEDULE,STEM OCCUPATIONS,SCIENCE OCCUPATIONS,8,ALL OTHER POSITIONS,15,CAREER-CONDITIONAL (COMPETITIVE SERVICE PERMANENT),F,FULL-TIME,1,08,CO,COLORADO,US,UNITED STATES,114970,13
AG,DEPARTMENT OF AGRICULTURE,AG18,ECONOMIC RESEARCH SERVICE,AA,Transfer In - Individual Transfer,202409,50-54,17,MASTER'S DEGREE,22.1,0110,ECONOMIST,01,"SOCIAL SCIENCE, PSYCHOLOGY, AND WELFARE GROUP",GS,GENERAL SCHEDULE,STEM OCCUPATIONS,SCIENCE OCCUPATIONS,2,SUPERVISOR OR MANAGER,10,CAREER (COMPETITIVE SERVICE PERMANENT),F,FULL-TIME,1,51,VA,VIRGINIA,US,UNITED STATES,191289,15
AG,DEPARTMENT OF AGRICULTURE,AG16,NATURAL RESOURCES CONSERVATION SERVICE,AD,New Hire - Excepted Service Appointment,202404,20-24,01,NO FORMAL EDUCATION OR SOME ELEMENTARY SCHOOL - DID NOT COMPLETE,0.0,0110,ECONOMIST,01,"SOCIAL SCIENCE, PSYCHOLOGY, AND WELFARE GROUP",GS,GENERAL SCHEDULE,STEM OCCUPATIONS,SCIENCE OCCUPATIONS,8,ALL OTHER POSITIONS,35,SCHEDULE D (EXCEPTED SERVICE PERMANENT),F,FULL-TIME,1,45,SC,SOUTH CAROLINA,US,UNITED STATES,39576,05
AG,DEPARTMENT OF AGRICULTURE,AG18,ECONOMIC RESEARCH SERVICE,AD,New Hire - Excepted Service Appointment,202406,Less than 20,07,SOME COLLEGE - LESS THAN ONE YEAR,0.0,0119,ECONOMICS ASSISTANT,01,"SOCIAL SCIENCE, PSYCHOLOGY, AND WELFARE GROUP",GS,GENERAL SCHEDULE,ALL OTHER OCCUPATIONS,ALL OTHER OCCUPATIONS,8,ALL OTHER POSITIONS,40,SCHEDULE A (EXCEPTED SERVICE NONPERMANENT),F,FULL-TIME,1,34,NJ,NEW JERSEY,US,UNITED STATES,41556,04
AG,DEPARTMENT OF AGRICULTURE,AG38,OFFICE OF THE CHIEF ECONOMIST,AA,Transfer In - Individual Transfer,202408,45-49,22,POST-DOCTORATE,10.8,0110,ECONOMIST,01,"SOCIAL SCIENCE, PSYCHOLOGY, AND WELFARE GROUP",GS,GENERAL SCHEDULE,STEM OCCUPATIONS,SCIENCE OCCUPATIONS,8,ALL OTHER POSITIONS,10,CAREER (COMPETITIVE SERVICE PERMANENT),F,FULL-TIME,1,11,DC,DISTRICT OF COLUMBIA,US,UNITED STATES,180359,15
AG,DEPARTMENT OF AGRICULTURE,AG18,ECONOMIC RESEARCH SERVICE,AD,New Hire - Excepted Service Appointment,202404,40-44,17,MASTER'S DEGREE,0.0,0110,ECONOMIST,01,"SOCIAL SCIENCE, PSYCHOLOGY, AND WELFARE GROUP",GS,GENERAL SCHEDULE,STEM OCCUPATIONS,SCIENCE OCCUPATIONS,8,ALL OTHER POSITIONS,48,OTHER (EXCEPTED SERVICE NONPERMANENT),F,FULL-TIME,1,11,DC,DISTRICT OF COLUMBIA,US,UNITED STATES,117962,13
AG,DEPARTMENT OF AGRICULTURE,AG16,NATURAL RESOURCES CONSERVATION SERVICE,AC,New Hire - Competitive Service Appointment,202405,50-54,13,BACHELOR'S DEGREE,0.0,0110,ECONOMIST,01,"SOCIAL SCIENCE, PSYCHOLOGY, AND WELFARE GROUP",GS,GENERAL SCHEDULE,STEM OCCUPATIONS,SCIENCE OCCUPATIONS,8,ALL OTHER POSITIONS,15,CAREER-CONDITIONAL (COMPETITIVE SERVICE PERMANENT),F,FULL-TIME,1,05,AR,ARKANSAS,US,UNITED STATES,86962,12
