AGY,AGYT,AGYSUB,AGYSUBT,SEP,SEPT,EFDATE,AGELVLT,EDLVL,EDLVLT,LOS,OCC,OCCT,OCCFAM,OCCFAMT,PAYPLAN,PAYPLANT,STEMAGGT,STEMTYPT,SUPERVIS,SUPERVIST,TOA,TOAT,WORKSCH,WORKSCHT,COUNT,LOC,STATE,STATET,COUNTRY,COUNTRYT,SALARY,GRD
OM,OFFICE OF PERSONNEL MANAGEMENT,OM00,OFFICE OF PERSONNEL MANAGEMENT,SA,Transfer Out - Individual Transfer,202408,35-39,17,MASTER'S DEGREE,1.8,0110,ECONOMIST,01,"SOCIAL SCIENCE, PSYCHOLOGY, AND WELFARE GROUP",GS,GENERAL SCHEDULE,STEM OCCUPATIONS,SCIENCE OCCUPATIONS,8,ALL OTHER POSITIONS,15,CAREER-CONDITIONAL (COMPETITIVE SERVICE PERMANENT),F,FULL-TIME,1,11,DC,DISTRICT OF COLUMBIA,US,UNITED STATES,137624,13
MC,FEDERAL MARITIME COMMISSION,MC00,FEDERAL MARITIME COMMISSION,SA,Transfer Out - Individual Transfer,202409,35-39,17,MASTER'S DEGREE,3.9,0110,ECONOMIST,01,"SOCIAL SCIENCE, PSYCHOLOGY, AND WELFARE GROUP",GS,GENERAL SCHEDULE,STEM OCCUPATIONS,SCIENCE OCCUPATIONS,8,ALL OTHER POSITIONS,10,CAREER (COMPETITIVE SERVICE PERMANENT),F,FULL-TIME,1,11,DC,DISTRICT OF COLUMBIA,US,UNITED STATES,129759,13
IN,DEPARTMENT OF INTERIOR,IN27,BUREAU OF OCEAN ENERGY MANAGEMENT,SA,Transfer Out - Individual Transfer,202410,45-49,17,MASTER'S DEGREE,13.0,0110,ECONOMIST,01,"SOCIAL SCIENCE, PSYCHOLOGY, AND WELFARE GROUP",GS,GENERAL SCHEDULE,STEM OCCUPATIONS,SCIENCE OCCUPATIONS,8,ALL OTHER POSITIONS,10,CAREER (COMPETITIVE SERVICE PERMANENT),F,FULL-TIME,1,51,VA,VIRGINIA,US,UNITED STATES,153336,14
IN,DEPARTMENT OF INTERIOR,IN08,GEOLOGICAL SURVEY,SJ,Termination (Expired Appt/Other),202409,55-59,21,DOCTORATE DEGREE,1.0,0110,ECONOMIST,01,"SOCIAL SCIENCE, PSYCHOLOGY, AND WELFARE GROUP",GS,GENERAL SCHEDULE,STEM OCCUPATIONS,SCIENCE OCCUPATIONS,8,ALL OTHER POSITIONS,20,NONPERMANENT (COMPETITTIVE SERVICE NONPERMANENT),F,FULL-TIME,1,08,CO,COLORADO,US,UNITED STATES,99906,12
IN,DEPARTMENT OF INTERIOR,IN08,GEOLOGICAL SURVEY,SJ,Termination (Expired Appt/Other),202408,25-29,21,DOCTORATE DEGREE,1.0,0110,ECONOMIST,01,"SOCIAL SCIENCE, PSYCHOLOGY, AND WELFARE GROUP",GS,GENERAL SCHEDULE,STEM OCCUPATIONS,SCIENCE OCCUPATIONS,8,ALL OTHER POSITIONS,40,SCHEDULE A (EXCEPTED SERVICE NONPERMANENT),F,FULL-TIME,1,08,CO,COLORADO,US,UNITED STATES,99906,12
NU,NUCLEAR REGULATORY COMMISSION,NU00,NUCLEAR REGULATORY COMMISSION,SD,Retirement - Voluntary,202404,65 or more,17,MASTER'S DEGREE,21.7,0110,ECONOMIST,01,"SOCIAL SCIENCE, PSYCHOLOGY, AND WELFARE GROUP",GG,GRADES SIMILAR TO GENERAL SCHEDULE,STEM OCCUPATIONS,SCIENCE OCCUPATIONS,8,ALL OTHER POSITIONS,38,OTHER (EXCEPTED SERVICE PERMANENT),F,FULL-TIME,1,24,MD,MARYLAND,US,UNITED STATES,181216,14
IN,DEPARTMENT OF INTERIOR,IN07,BUREAU OF RECLAMATION,SA,Transfer Out - Individual Transfer,202406,30-34,17,MASTER'S DEGREE,3.0,0110,ECONOMIST,01,"SOCIAL SCIENCE, PSYCHOLOGY, AND WELFARE GROUP",GS,GENERAL SCHEDULE,STEM OCCUPATIONS,SCIENCE OCCUPATIONS,8,ALL OTHER POSITIONS,10,CAREER (COMPETITIVE SERVICE PERMANENT),F,FULL-TIME,1,49,UT,UTAH,US,UNITED STATES,79808,11
IN,DEPARTMENT OF INTERIOR,IN08,GEOLOGICAL SURVEY,SC,Quit,202406,25-29,18,POST-MASTER'S,0.8,0110,ECONOMIST,01,"SOCIAL SCIENCE, PSYCHOLOGY, AND WELFARE GROUP",GS,GENERAL SCHEDULE,STEM OCCUPATIONS,SCIENCE OCCUPATIONS,8,ALL OTHER POSITIONS,20,NONPERMANENT (COMPETITTIVE SERVICE NONPERMANENT),F,FULL-TIME,1,08,CO,COLORADO,US,UNITED STATES,80665,11
VA,DEPARTMENT OF VETERANS AFFAIRS,VAHA,OFFICE OF ENTERPRISE INTEGRATION,SD,Retirement - Voluntary,202502,65 or more,17,MASTER'S DEGREE,41.0,0110,ECONOMIST,01,"SOCIAL SCIENCE, PSYCHOLOGY, AND WELFARE GROUP",GM,EMPLOYEES COVERED BY THE PERFORMANCE MANAGEMENT AND RECOGNITION SYSTEM (PMRS) TERMINATION PROVISIONS,STEM OCCUPATIONS,SCIENCE OCCUPATIONS,8,ALL OTHER POSITIONS,10,CAREER (COMPETITIVE SERVICE PERMANENT),F,FULL-TIME,1,51,VA,VIRGINIA,US,UNITED STATES,169108,14
HU,DEPARTMENT OF HOUSING AND URBAN DEVELOPM,HUCC,OFFICE OF GENERAL COUNSEL,SC,Quit,202503,50-54,17,MASTER'S DEGREE,0.8,0110,ECONOMIST,01,"SOCIAL SCIENCE, PSYCHOLOGY, AND WELFARE GROUP",GS,GENERAL SCHEDULE,STEM OCCUPATIONS,SCIENCE OCCUPATIONS,8,ALL OTHER POSITIONS,15,CAREER-CONDITIONAL (COMPETITIVE SERVICE PERMANENT),F,FULL-TIME,1,11,DC,DISTRICT OF COLUMBIA,US,UNITED STATES,175735,14
CM,DEPARTMENT OF COMMERCE,CM53,BUREAU OF ECONOMIC ANALYSIS,SD,Retirement - Voluntary,202503,60-64,13,BACHELOR'S DEGREE,40.8,0110,ECONOMIST,01,"SOCIAL SCIENCE, PSYCHOLOGY, AND WELFARE GROUP",ZP,SCIENTIFIC AND ENGINEERING PROFESSIONAL,STEM OCCUPATIONS,SCIENCE OCCUPATIONS,8,ALL OTHER POSITIONS,10,CAREER (COMPETITIVE SERVICE PERMANENT),F,FULL-TIME,1,24,MD,MARYLAND,US,UNITED STATES,195200,05
CM,DEPARTMENT OF COMMERCE,CM54,NATIONAL OCEANIC AND ATMOSPHERIC ADMINISTRATION,SD,Retirement - Voluntary,202503,65 or more,16,POST-FIRST PROFESSIONAL,24.8,0110,ECONOMIST,01,"SOCIAL SCIENCE, PSYCHOLOGY, AND WELFARE GROUP",ZP,SCIENTIFIC AND ENGINEERING PROFESSIONAL,STEM OCCUPATIONS,SCIENCE OCCUPATIONS,8,ALL OTHER POSITIONS,10,CAREER (COMPETITIVE SERVICE PERMANENT),F,FULL-TIME,1,12,FL,FLORIDA,US,UNITED STATES,150394,04
CM,DEPARTMENT OF COMMERCE,CM54,NATIONAL OCEANIC AND ATMOSPHERIC ADMINISTRATION,SL,Other Separation,202502,30-34,21,DOCTORATE DEGREE,0.5,0110,ECONOMIST,01,"SOCIAL SCIENCE, PSYCHOLOGY, AND WELFARE GROUP",ZP,SCIENTIFIC AND ENGINEERING PROFESSIONAL,STEM OCCUPATIONS,SCIENCE OCCUPATIONS,8,ALL OTHER POSITIONS,15,CAREER-CONDITIONAL (COMPETITIVE SERVICE PERMANENT),F,FULL-TIME,1,12,FL,FLORIDA,US,UNITED STATES,92284,03
CM,DEPARTMENT OF COMMERCE,CM53,BUREAU OF ECONOMIC ANALYSIS,SD,Retirement - Voluntary,202502,55-59,17,MASTER'S DEGREE,30.0,0110,ECONOMIST,01,"SOCIAL SCIENCE, PSYCHOLOGY, AND WELFARE GROUP",ZP,SCIENTIFIC AND ENGINEERING PROFESSIONAL,STEM OCCUPATIONS,SCIENCE OCCUPATIONS,8,ALL OTHER POSITIONS,10,CAREER (COMPETITIVE SERVICE PERMANENT),F,FULL-TIME,1,24,MD,MARYLAND,US,UNITED STATES,195200,05
CM,DEPARTMENT OF COMMERCE,CM63,U.S. CENSUS BUREAU,SC,Quit,202503,30-34,04,HIGH SCHOOL GRADUATE OR CERTIFICATE OF EQUIVALENCY,5.7,0110,ECONOMIST,01,"SOCIAL SCIENCE, PSYCHOLOGY, AND WELFARE GROUP",GS,GENERAL SCHEDULE,STEM OCCUPATIONS,SCIENCE OCCUPATIONS,8,ALL OTHER POSITIONS,15,CAREER-CONDITIONAL (COMPETITIVE SERVICE PERMANENT),F,FULL-TIME,1,24,MD,MARYLAND,US,UNITED STATES,128619,13
CM,DEPARTMENT OF COMMERCE,CM53,BUREAU OF ECONOMIC ANALYSIS,SC,Quit,202503,35-39,13,BACHELOR'S DEGREE,9.8,0110,ECONOMIST,01,"SOCIAL SCIENCE, PSYCHOLOGY, AND WELFARE GROUP",ZP,SCIENTIFIC AND ENGINEERING PROFESSIONAL,STEM OCCUPATIONS,SCIENCE OCCUPATIONS,8,ALL OTHER POSITIONS,40,SCHEDULE A (EXCEPTED SERVICE NONPERMANENT),F,FULL-TIME,1,13,GA,GEORGIA,US,UNITED STATES,114332,04
CM,DEPARTMENT OF COMMERCE,CM54,NATIONAL OCEANIC AND ATMOSPHERIC ADMINISTRATION,SL,Other Separation,202502,55-59,21,DOCTORATE DEGREE,1.3,0110,ECONOMIST,01,"SOCIAL SCIENCE, PSYCHOLOGY, AND WELFARE GROUP",ZP,SCIENTIFIC AND ENGINEERING PROFESSIONAL,STEM OCCUPATIONS,SCIENCE OCCUPATIONS,8,ALL OTHER POSITIONS,15,CAREER-CONDITIONAL (COMPETITIVE SERVICE PERMANENT),F,FULL-TIME,1,24,MD,MARYLAND,US,UNITED STATES,131826,03
CM,DEPARTMENT OF COMMERCE,CM53,BUREAU OF ECONOMIC ANALYSIS,SE,Retirement - Early Out,202502,55-59,21,DOCTORATE DEGREE,25.7,0110,ECONOMIST,01,"SOCIAL SCIENCE, PSYCHOLOGY, AND WELFARE GROUP",ZP,SCIENTIFIC AND ENGINEERING PROFESSIONAL,STEM OCCUPATIONS,SCIENCE OCCUPATIONS,8,ALL OTHER POSITIONS,10,CAREER (COMPETITIVE SERVICE PERMANENT),F,FULL-TIME,1,24,MD,MARYLAND,US,UNITED STATES,195200,05
CM,DEPARTMENT OF COMMERCE,CM54,NATIONAL OCEANIC AND ATMOSPHERIC ADMINISTRATION,SD,Retirement - Voluntary,202503,65 or more,21,DOCTORATE DEGREE,31.6,0110,ECONOMIST,01,"SOCIAL SCIENCE, PSYCHOLOGY, AND WELFARE GROUP",ZP,SCIENTIFIC AND ENGINEERING PROFESSIONAL,STEM OCCUPATIONS,SCIENCE OCCUPATIONS,8,ALL OTHER POSITIONS,10,CAREER (COMPETITIVE SERVICE PERMANENT),F,FULL-TIME,1,33,NH,NEW HAMPSHIRE,US,UNITED STATES,183353,04
CM,DEPARTMENT OF COMMERCE,CM53,BUREAU OF ECONOMIC ANALYSIS,SE,Retirement - Early Out,202503,55-59,13,BACHELOR'S DEGREE,31.7,0110,ECONOMIST,01,"SOCIAL SCIENCE, PSYCHOLOGY, AND WELFARE GROUP",ZP,SCIENTIFIC AND ENGINEERING PROFESSIONAL,STEM OCCUPATIONS,SCIENCE OCCUPATIONS,2,SUPERVISOR OR MANAGER,10,CAREER (COMPETITIVE SERVICE PERMANENT),F,FULL-TIME,1,24,MD,MARYLAND,US,UNITED STATES,195200,04
CM,DEPARTMENT OF COMMERCE,CM63,U.S. CENSUS BUREAU,SJ,Termination (Expired Appt/Other),202503,65 or more,17,MASTER'S DEGREE,2.9,0110,ECONOMIST,01,"SOCIAL SCIENCE, PSYCHOLOGY, AND WELFARE GROUP",GS,GENERAL SCHEDULE,STEM OCCUPATIONS,SCIENCE OCCUPATIONS,8,ALL OTHER POSITIONS,40,SCHEDULE A (EXCEPTED SERVICE NONPERMANENT),I,INTERMITTENT,1,24,MD,MARYLAND,US,UNITED STATES,195200,15
CM,DEPARTMENT OF COMMERCE,CM53,BUREAU OF ECONOMIC ANALYSIS,SC,Quit,202503,35-39,04,HIGH SCHOOL GRADUATE OR CERTIFICATE OF EQUIVALENCY,0.5,0110,ECONOMIST,01,"SOCIAL SCIENCE, PSYCHOLOGY, AND WELFARE GROUP",ZP,SCIENTIFIC AND ENGINEERING PROFESSIONAL,STEM OCCUPATIONS,SCIENCE OCCUPATIONS,2,SUPERVISOR OR MANAGER,15,CAREER-CONDITIONAL (COMPETITIVE SERVICE PERMANENT),F,FULL-TIME,1,11,DC,DISTRICT OF COLUMBIA,US,UNITED STATES,191149,05
CM,DEPARTMENT OF COMMERCE,CM53,BUREAU OF ECONOMIC ANALYSIS,SD,Retirement - Voluntary,202503,65 or more,17,MASTER'S DEGREE,8.9,0110,ECONOMIST,01,"SOCIAL SCIENCE, PSYCHOLOGY, AND WELFARE GROUP",ST,SCIENTIFIC AND PROFESSIONAL,STEM OCCUPATIONS,SCIENCE OCCUPATIONS,4,SUPERVISOR (CSRA),10,CAREER (COMPETITIVE SERVICE PERMANENT),F,FULL-TIME,1,24,MD,MARYLAND,US,UNITED STATES,225700,00
AM,U.S. AGENCY FOR INTERNATIONAL DEV,AM00,U.S. AGENCY FOR INTERNATIONAL DEVELOPMENT,SA,Transfer Out - Individual Transfer,202408,45-49,21,DOCTORATE DEGREE,10.8,0110,ECONOMIST,01,"SOCIAL SCIENCE, PSYCHOLOGY, AND WELFARE GROUP",GS,GENERAL SCHEDULE,STEM OCCUPATIONS,SCIENCE OCCUPATIONS,8,ALL OTHER POSITIONS,10,CAREER (COMPETITIVE SERVICE PERMANENT),F,FULL-TIME,1,36,NY,NEW YORK,US,UNITED STATES,162751,15
SB,SMALL BUSINESS ADMINISTRATION,SB00,SMALL BUSINESS ADMINISTRATION,SA,Transfer Out - Individual Transfer,202405,55-59,17,MASTER'S DEGREE,12.8,0110,ECONOMIST,01,"SOCIAL SCIENCE, PSYCHOLOGY, AND WELFARE GROUP",GS,GENERAL SCHEDULE,STEM OCCUPATIONS,SCIENCE OCCUPATIONS,8,ALL OTHER POSITIONS,10,CAREER (COMPETITIVE SERVICE PERMANENT),F,FULL-TIME,1,11,DC,DISTRICT OF COLUMBIA,US,UNITED STATES,181216,14
AG,DEPARTMENT OF AGRICULTURE,AG38,OFFICE OF THE CHIEF ECONOMIST,SJ,Termination (Expired Appt/Other),202501,65 or more,21,DOCTORATE DEGREE,37.6,0110,ECONOMIST,01,"SOCIAL SCIENCE, PSYCHOLOGY, AND WELFARE GROUP",GS,GENERAL SCHEDULE,STEM OCCUPATIONS,SCIENCE OCCUPATIONS,8,ALL OTHER POSITIONS,48,OTHER (EXCEPTED SERVICE NONPERMANENT),P,PART-TIME,1,11,DC,DISTRICT OF COLUMBIA,US,UNITED STATES,191900,15
AG,DEPARTMENT OF AGRICULTURE,AG02,AGRICULTURAL MARKETING SERVICE,SA,Transfer Out - Individual Transfer,202410,45-49,13,BACHELOR'S DEGREE,24.3,0110,ECONOMIST,01,"SOCIAL SCIENCE, PSYCHOLOGY, AND WELFARE GROUP",GS,GENERAL SCHEDULE,STEM OCCUPATIONS,SCIENCE OCCUPATIONS,8,ALL OTHER POSITIONS,10,CAREER (COMPETITIVE SERVICE PERMANENT),P,PART-TIME,1,37,NC,NORTH CAROLINA,US,UNITED STATES,136684,13
AG,DEPARTMENT OF AGRICULTURE,AG99,FPAC BUSINESS CENTER,SD,Retirement - Voluntary,202410,65 or more,21,DOCTORATE DEGREE,33.9,0110,ECONOMIST,01,"SOCIAL SCIENCE, PSYCHOLOGY, AND WELFARE GROUP",GS,GENERAL SCHEDULE,STEM OCCUPATIONS,SCIENCE OCCUPATIONS,2,SUPERVISOR OR MANAGER,10,CAREER (COMPETITIVE SERVICE PERMANENT),F,FULL-TIME,1,11,DC,DISTRICT OF COLUMBIA,US,UNITED STATES,191900,15
AG,DEPARTMENT OF AGRICULTURE,AG18,ECONOMIC RESEARCH SERVICE,SD,Retirement - Voluntary,202501,65 or more,21,DOCTORATE DEGREE,24.0,0110,ECONOMIST,01,"SOCIAL SCIENCE, PSYCHOLOGY, AND WELFARE GROUP",GS,GENERAL SCHEDULE,STEM OCCUPATIONS,SCIENCE OCCUPATIONS,8,ALL OTHER POSITIONS,10,CAREER (COMPETITIVE SERVICE PERMANENT),F,FULL-TIME,1,51,VA,VIRGINIA,US,UNITED STATES,185234,14
AG,DEPARTMENT OF AGRICULTURE,AG38,OFFICE OF THE CHIEF ECONOMIST,SD,Retirement - Voluntary,202410,65 or more,17,MASTER'S DEGREE,39.9,0110,ECONOMIST,01,"SOCIAL SCIENCE, PSYCHOLOGY, AND WELFARE GROUP",GS,GENERAL SCHEDULE,STEM OCCUPATIONS,SCIENCE OCCUPATIONS,8,ALL OTHER POSITIONS,10,CAREER (COMPETITIVE SERVICE PERMANENT),F,FULL-TIME,1,11,DC,DISTRICT OF COLUMBIA,US,UNITED STATES,191900,15
AG,DEPARTMENT OF AGRICULTURE,AG16,NATURAL RESOURCES CONSERVATION SERVICE,SD,Retirement - Voluntary,202412,60-64,17,MASTER'S DEGREE,26.2,0110,ECONOMIST,01,"SOCIAL SCIENCE, PSYCHOLOGY, AND WELFARE GROUP",GS,GENERAL SCHEDULE,STEM OCCUPATIONS,SCIENCE OCCUPATIONS,8,ALL OTHER POSITIONS,10,CAREER (COMPETITIVE SERVICE PERMANENT),F,FULL-TIME,1,41,OR,OREGON,US,UNITED STATES,115366,12
AG,DEPARTMENT OF AGRICULTURE,AG99,FPAC BUSINESS CENTER,SJ,Termination (Expired Appt/Other),202412,65 or more,17,MASTER'S DEGREE,43.9,0110,ECONOMIST,01,"SOCIAL SCIENCE, PSYCHOLOGY, AND WELFARE GROUP",GS,GENERAL SCHEDULE,STEM OCCUPATIONS,SCIENCE OCCUPATIONS,8,ALL OTHER POSITIONS,20,NONPERMANENT (COMPETITTIVE SERVICE NONPERMANENT),P,PART-TIME,1,51,VA,VIRGINIA,US,UNITED STATES,191900,15
AG,DEPARTMENT OF AGRICULTURE,AG18,ECONOMIC RESEARCH SERVICE,SA,Transfer Out - Individual Transfer,202501,40-44,17,MASTER'S DEGREE,13.9,0110,ECONOMIST,01,"SOCIAL SCIENCE, PSYCHOLOGY, AND WELFARE GROUP",GS,GENERAL SCHEDULE,STEM OCCUPATIONS,SCIENCE OCCUPATIONS,8,ALL OTHER POSITIONS,10,CAREER (COMPETITIVE SERVICE PERMANENT),F,FULL-TIME,1,08,CO,COLORADO,US,UNITED STATES,130301,13
AG,DEPARTMENT OF AGRICULTURE,AG18,ECONOMIC RESEARCH SERVICE,SC,Quit,202411,35-39,21,DOCTORATE DEGREE,4.2,0110,ECONOMIST,01,"SOCIAL SCIENCE, PSYCHOLOGY, AND WELFARE GROUP",GS,GENERAL SCHEDULE,STEM OCCUPATIONS,SCIENCE OCCUPATIONS,8,ALL OTHER POSITIONS,10,CAREER (COMPETITIVE SERVICE PERMANENT),F,FULL-TIME,1,17,IL,ILLINOIS,US,UNITED STATES,126984,13
AG,DEPARTMENT OF AGRICULTURE,AG02,AGRICULTURAL MARKETING SERVICE,SD,Retirement - Voluntary,202410,65 or more,17,MASTER'S DEGREE,39.6,0110,ECONOMIST,01,"SOCIAL SCIENCE, PSYCHOLOGY, AND WELFARE GROUP",GS,GENERAL SCHEDULE,STEM OCCUPATIONS,SCIENCE OCCUPATIONS,8,ALL OTHER POSITIONS,10,CAREER (COMPETITIVE SERVICE PERMANENT),P,PART-TIME,1,11,DC,DISTRICT OF COLUMBIA,US,UNITED STATES,153354,13
AM,U.S. AGENCY FOR INTERNATIONAL DEV,AM00,U.S. AGENCY FOR INTERNATIONAL DEVELOPMENT,SA,Transfer Out - Individual Transfer,202406,40-44,17,MASTER'S DEGREE,16.4,0110,ECONOMIST,01,"SOCIAL SCIENCE, PSYCHOLOGY, AND WELFARE GROUP",GS,GENERAL SCHEDULE,STEM OCCUPATIONS,SCIENCE OCCUPATIONS,2,SUPERVISOR OR MANAGER,10,CAREER (COMPETITIVE SERVICE PERMANENT),F,FULL-TIME,1,11,DC,DISTRICT OF COLUMBIA,US,UNITED STATES,185824,15
DL,DEPARTMENT OF LABOR,DLLS,BUREAU OF LABOR STATISTICS,SA,Transfer Out - Individual Transfer,202405,55-59,04,HIGH SCHOOL GRADUATE OR CERTIFICATE OF EQUIVALENCY,4.2,0119,ECONOMICS ASSISTANT,01,"SOCIAL SCIENCE, PSYCHOLOGY, AND WELFARE GROUP",GS,GENERAL SCHEDULE,ALL OTHER OCCUPATIONS,ALL OTHER OCCUPATIONS,8,ALL OTHER POSITIONS,15,CAREER-CONDITIONAL (COMPETITIVE SERVICE PERMANENT),P,PART-TIME,1,48,TX,TEXAS,US,UNITED STATES,62750,06
DL,DEPARTMENT OF LABOR,DLLS,BUREAU OF LABOR STATISTICS,SA,Transfer Out - Individual Transfer,202404,45-49,04,HIGH SCHOOL GRADUATE OR CERTIFICATE OF EQUIVALENCY,1.6,0119,ECONOMICS ASSISTANT,01,"SOCIAL SCIENCE, PSYCHOLOGY, AND WELFARE GROUP",GS,GENERAL SCHEDULE,ALL OTHER OCCUPATIONS,ALL OTHER OCCUPATIONS,8,ALL OTHER POSITIONS,15,CAREER-CONDITIONAL (COMPETITIVE SERVICE PERMANENT),P,PART-TIME,1,18,IN,INDIANA,US,UNITED STATES,45653,05
DL,DEPARTMENT OF LABOR,DLLS,BUREAU OF LABOR STATISTICS,SC,Quit,202405,25-29,13,BACHELOR'S DEGREE,1.8,0110,ECONOMIST,01,"SOCIAL SCIENCE, PSYCHOLOGY, AND WELFARE GROUP",GS,GENERAL SCHEDULE,STEM OCCUPATIONS,SCIENCE OCCUPATIONS,8,ALL OTHER POSITIONS,15,CAREER-CONDITIONAL (COMPETITIVE SERVICE PERMANENT),F,FULL-TIME,1,19,IA,IOWA,US,UNITED STATES,60407,09
DL,DEPARTMENT OF LABOR,DLLS,BUREAU OF LABOR STATISTICS,SC,Quit,202405,40-44,13,BACHELOR'S DEGREE,1.3,0119,ECONOMICS ASSISTANT,01,"SOCIAL SCIENCE, PSYCHOLOGY, AND WELFARE GROUP",GS,GENERAL SCHEDULE,ALL OTHER OCCUPATIONS,ALL OTHER OCCUPATIONS,8,ALL OTHER POSITIONS,15,CAREER-CONDITIONAL (COMPETITIVE SERVICE PERMANENT),P,PART-TIME,1,06,CA,CALIFORNIA,US,UNITED STATES,51300,06
DL,DEPARTMENT OF LABOR,DLLS,BUREAU OF LABOR STATISTICS,SA,Transfer Out - Individual Transfer,202404,40-44,17,MASTER'S DEGREE,0.1,0119,ECONOMICS ASSISTANT,01,"SOCIAL SCIENCE, PSYCHOLOGY, AND WELFARE GROUP",GS,GENERAL SCHEDULE,ALL OTHER OCCUPATIONS,ALL OTHER OCCUPATIONS,8,ALL OTHER POSITIONS,15,CAREER-CONDITIONAL (COMPETITIVE SERVICE PERMANENT),P,PART-TIME,1,36,NY,NEW YORK,US,UNITED STATES,60439,05
FR,FEDERAL RESERVE SYSTEM,FRFT,BUREAU OF CONSUMER FINANCIAL PROTECTION,SC,Quit,202405,50-54,21,DOCTORATE DEGREE,18.8,0110,ECONOMIST,01,"SOCIAL SCIENCE, PSYCHOLOGY, AND WELFARE GROUP",CN,BUREAU OF CONSUMER FINANCIAL PROTECT(CFPB) INDEPENDENT AGCY WITHIN THE FED RES SYST(USE BY CFPB ONLY),STEM OCCUPATIONS,SCIENCE OCCUPATIONS,2,SUPERVISOR OR MANAGER,10,CAREER (COMPETITIVE SERVICE PERMANENT),F,FULL-TIME,1,11,DC,DISTRICT OF COLUMBIA,US,UNITED STATES,255000,72
FL,FARM CREDIT ADMINISTRATION,FL00,FARM CREDIT ADMINISTRATION,SA,Transfer Out - Individual Transfer,202405,30-34,17,MASTER'S DEGREE,9.2,0110,ECONOMIST,01,"SOCIAL SCIENCE, PSYCHOLOGY, AND WELFARE GROUP",VH,"PROFESSIONAL, ADMINISTRATIVE, AND MANAGERIAL",STEM OCCUPATIONS,SCIENCE OCCUPATIONS,8,ALL OTHER POSITIONS,10,CAREER (COMPETITIVE SERVICE PERMANENT),F,FULL-TIME,1,51,VA,VIRGINIA,US,UNITED STATES,REDACTED,40
DL,DEPARTMENT OF LABOR,DLLS,BUREAU OF LABOR STATISTICS,SD,Retirement - Voluntary,202404,60-64,13,BACHELOR'S DEGREE,17.3,0119,ECONOMICS ASSISTANT,01,"SOCIAL SCIENCE, PSYCHOLOGY, AND WELFARE GROUP",GS,GENERAL SCHEDULE,ALL OTHER OCCUPATIONS,ALL OTHER OCCUPATIONS,8,ALL OTHER POSITIONS,10,CAREER (COMPETITIVE SERVICE PERMANENT),P,PART-TIME,1,36,NY,NEW YORK,US,UNITED STATES,71034,07
DL,DEPARTMENT OF LABOR,DLET,EMPLOYMENT AND TRAINING ADMINISTRATION,SA,Transfer Out - Individual Transfer,202405,25-29,13,BACHELOR'S DEGREE,4.6,0110,ECONOMIST,01,"SOCIAL SCIENCE, PSYCHOLOGY, AND WELFARE GROUP",GS,GENERAL SCHEDULE,STEM OCCUPATIONS,SCIENCE OCCUPATIONS,8,ALL OTHER POSITIONS,10,CAREER (COMPETITIVE SERVICE PERMANENT),F,FULL-TIME,1,11,DC,DISTRICT OF COLUMBIA,US,UNITED STATES,109119,12
DL,DEPARTMENT OF LABOR,DLLS,BUREAU OF LABOR STATISTICS,SC,Quit,202404,55-59,04,HIGH SCHOOL GRADUATE OR CERTIFICATE OF EQUIVALENCY,0.0,0119,ECONOMICS ASSISTANT,01,"SOCIAL SCIENCE, PSYCHOLOGY, AND WELFARE GROUP",GS,GENERAL SCHEDULE,ALL OTHER OCCUPATIONS,ALL OTHER OCCUPATIONS,8,ALL OTHER POSITIONS,15,CAREER-CONDITIONAL (COMPETITIVE SERVICE PERMANENT),P,PART-TIME,1,20,KS,KANSAS,US,UNITED STATES,39576,05
DL,DEPARTMENT OF LABOR,DLLS,BUREAU OF LABOR STATISTICS,SA,Transfer Out - Individual Transfer,202405,30-34,17,MASTER'S DEGREE,0.8,0119,ECONOMICS ASSISTANT,01,"SOCIAL SCIENCE, PSYCHOLOGY, AND WELFARE GROUP",GS,GENERAL SCHEDULE,ALL OTHER OCCUPATIONS,ALL OTHER OCCUPATIONS,8,ALL OTHER POSITIONS,15,CAREER-CONDITIONAL (COMPETITIVE SERVICE PERMANENT),P,PART-TIME,1,06,CA,CALIFORNIA,US,UNITED STATES,46020,05
DN,DEPARTMENT OF ENERGY,DNFE,FEDERAL ENERGY REGULATORY COMMISSION,SL,Other Separation,202404,65 or more,21,DOCTORATE DEGREE,0.9,0110,ECONOMIST,01,"SOCIAL SCIENCE, PSYCHOLOGY, AND WELFARE GROUP",GS,GENERAL SCHEDULE,STEM OCCUPATIONS,SCIENCE OCCUPATIONS,8,ALL OTHER POSITIONS,15,CAREER-CONDITIONAL (COMPETITIVE SERVICE PERMANENT),F,FULL-TIME,1,11,DC,DISTRICT OF COLUMBIA,US,UNITED STATES,109119,12
DL,DEPARTMENT OF LABOR,DLLS,BUREAU OF LABOR STATISTICS,SA,Transfer Out - Individual Transfer,202405,25-29,17,MASTER'S DEGREE,4.3,0110,ECONOMIST,01,"SOCIAL SCIENCE, PSYCHOLOGY, AND WELFARE GROUP",GS,GENERAL SCHEDULE,STEM OCCUPATIONS,SCIENCE OCCUPATIONS,8,ALL OTHER POSITIONS,10,CAREER (COMPETITIVE SERVICE PERMANENT),F,FULL-TIME,1,17,IL,ILLINOIS,US,UNITED STATES,97079,12
DL,DEPARTMENT OF LABOR,DLPW,EMPLOYEE BENEFITS SECURITY ADMINISTRATION,SA,Transfer Out - Individual Transfer,202404,30-34,17,MASTER'S DEGREE,2.3,0110,ECONOMIST,01,"SOCIAL SCIENCE, PSYCHOLOGY, AND WELFARE GROUP",GS,GENERAL SCHEDULE,STEM OCCUPATIONS,SCIENCE OCCUPATIONS,8,ALL OTHER POSITIONS,15,CAREER-CONDITIONAL (COMPETITIVE SERVICE PERMANENT),F,FULL-TIME,1,11,DC,DISTRICT OF COLUMBIA,US,UNITED STATES,129759,13
FD,FEDERAL DEPOSIT INSURANCE CORPORATION,FD00,FEDERAL DEPOSIT INSURANCE CORPORATION,SC,Quit,202404,20-24,13,BACHELOR'S DEGREE,0.8,0110,ECONOMIST,01,"SOCIAL SCIENCE, PSYCHOLOGY, AND WELFARE GROUP",CG,CORPORATE GRADED,STEM OCCUPATIONS,SCIENCE OCCUPATIONS,8,ALL OTHER POSITIONS,40,SCHEDULE A (EXCEPTED SERVICE NONPERMANENT),F,FULL-TIME,1,11,DC,DISTRICT OF COLUMBIA,US,UNITED STATES,61586,07
DL,DEPARTMENT OF LABOR,DLLS,BUREAU OF LABOR STATISTICS,SC,Quit,202405,30-34,04,HIGH SCHOOL GRADUATE OR CERTIFICATE OF EQUIVALENCY,1.9,0119,ECONOMICS ASSISTANT,01,"SOCIAL SCIENCE, PSYCHOLOGY, AND WELFARE GROUP",GS,GENERAL SCHEDULE,ALL OTHER OCCUPATIONS,ALL OTHER OCCUPATIONS,8,ALL OTHER POSITIONS,15,CAREER-CONDITIONAL (COMPETITIVE SERVICE PERMANENT),P,PART-TIME,1,06,CA,CALIFORNIA,US,UNITED STATES,50246,06
TD,DEPARTMENT OF TRANSPORTATION,TD04,FEDERAL HIGHWAY ADMINISTRATION,SC,Quit,202503,30-34,18,POST-MASTER'S,3.8,0110,ECONOMIST,01,"SOCIAL SCIENCE, PSYCHOLOGY, AND WELFARE GROUP",GS,GENERAL SCHEDULE,STEM OCCUPATIONS,SCIENCE OCCUPATIONS,8,ALL OTHER POSITIONS,10,CAREER (COMPETITIVE SERVICE PERMANENT),F,FULL-TIME,1,41,OR,OREGON,US,UNITED STATES,112409,13
TR,DEPARTMENT OF TREASURY,TR91,DEPARTMENTAL OFFICES,SD,Retirement - Voluntary,202502,65 or more,13,BACHELOR'S DEGREE,27.9,0110,ECONOMIST,01,"SOCIAL SCIENCE, PSYCHOLOGY, AND WELFARE GROUP",GS,GENERAL SCHEDULE,STEM OCCUPATIONS,SCIENCE OCCUPATIONS,8,ALL OTHER POSITIONS,10,CAREER (COMPETITIVE SERVICE PERMANENT),F,FULL-TIME,1,11,DC,DISTRICT OF COLUMBIA,US,UNITED STATES,195200,15
TR,DEPARTMENT OF TREASURY,TR91,DEPARTMENTAL OFFICES,SA,Transfer Out - Individual Transfer,202501,30-34,21,DOCTORATE DEGREE,1.4,0110,ECONOMIST,01,"SOCIAL SCIENCE, PSYCHOLOGY, AND WELFARE GROUP",OR,EMPLOYEES OF THE OFFICE OF FINANCIAL RESEARCH (OFR) WITHIN THE DEPARTMENT OF THE TREASURY,STEM OCCUPATIONS,SCIENCE OCCUPATIONS,8,ALL OTHER POSITIONS,15,CAREER-CONDITIONAL (COMPETITIVE SERVICE PERMANENT),F,FULL-TIME,1,11,DC,DISTRICT OF COLUMBIA,US,UNITED STATES,166895,53
TD,DEPARTMENT OF TRANSPORTATION,TD04,FEDERAL HIGHWAY ADMINISTRATION,SD,Retirement - Voluntary,202503,65 or more,18,POST-MASTER'S,10.1,0110,ECONOMIST,01,"SOCIAL SCIENCE, PSYCHOLOGY, AND WELFARE GROUP",GS,GENERAL SCHEDULE,STEM OCCUPATIONS,SCIENCE OCCUPATIONS,8,ALL OTHER POSITIONS,10,CAREER (COMPETITIVE SERVICE PERMANENT),F,FULL-TIME,1,11,DC,DISTRICT OF COLUMBIA,US,UNITED STATES,166236,14
EP,ENVIRONMENTAL PROTECTION AGENCY,EP00,ENVIRONMENTAL PROTECTION AGENCY,SA,Transfer Out - Individual Transfer,202410,20-24,17,MASTER'S DEGREE,2.0,0110,ECONOMIST,01,"SOCIAL SCIENCE, PSYCHOLOGY, AND WELFARE GROUP",GS,GENERAL SCHEDULE,STEM OCCUPATIONS,SCIENCE OCCUPATIONS,8,ALL OTHER POSITIONS,15,CAREER-CONDITIONAL (COMPETITIVE SERVICE PERMANENT),F,FULL-TIME,1,11,DC,DISTRICT OF COLUMBIA,US,UNITED STATES,82764,11
DN,DEPARTMENT OF ENERGY,DNFE,FEDERAL ENERGY REGULATORY COMMISSION,SD,Retirement - Voluntary,202411,60-64,21,DOCTORATE DEGREE,14.4,0110,ECONOMIST,01,"SOCIAL SCIENCE, PSYCHOLOGY, AND WELFARE GROUP",GS,GENERAL SCHEDULE,STEM OCCUPATIONS,SCIENCE OCCUPATIONS,8,ALL OTHER POSITIONS,10,CAREER (COMPETITIVE SERVICE PERMANENT),F,FULL-TIME,1,11,DC,DISTRICT OF COLUMBIA,US,UNITED STATES,153354,13
EP,ENVIRONMENTAL PROTECTION AGENCY,EP00,ENVIRONMENTAL PROTECTION AGENCY,SD,Retirement - Voluntary,202411,65 or more,17,MASTER'S DEGREE,38.7,0110,ECONOMIST,01,"SOCIAL SCIENCE, PSYCHOLOGY, AND WELFARE GROUP",GS,GENERAL SCHEDULE,STEM OCCUPATIONS,SCIENCE OCCUPATIONS,2,SUPERVISOR OR MANAGER,10,CAREER (COMPETITIVE SERVICE PERMANENT),F,FULL-TIME,1,11,DC,DISTRICT OF COLUMBIA,US,UNITED STATES,191900,15
EP,ENVIRONMENTAL PROTECTION AGENCY,EP00,ENVIRONMENTAL PROTECTION AGENCY,SJ,Termination (Expired Appt/Other),202411,65 or more,21,DOCTORATE DEGREE,2.9,0110,ECONOMIST,01,"SOCIAL SCIENCE, PSYCHOLOGY, AND WELFARE GROUP",EF,CONSULTANT (5 U.S.C. 3109),STEM OCCUPATIONS,SCIENCE OCCUPATIONS,8,ALL OTHER POSITIONS,48,OTHER (EXCEPTED SERVICE NONPERMANENT),I,INTERMITTENT,1,51,VA,VIRGINIA,US,UNITED STATES,110256,00
TR,DEPARTMENT OF TREASURY,TRAJ,OFFICE OF THE COMPTROLLER OF THE CURRENCY,SC,Quit,202407,25-29,13,BACHELOR'S DEGREE,3.2,0110,ECONOMIST,01,"SOCIAL SCIENCE, PSYCHOLOGY, AND WELFARE GROUP",NB,OFFICE OF THE COMPTROLLER OF THE CURRENCY ONLY,STEM OCCUPATIONS,SCIENCE OCCUPATIONS,8,ALL OTHER POSITIONS,10,CAREER (COMPETITIVE SERVICE PERMANENT),F,FULL-TIME,1,11,DC,DISTRICT OF COLUMBIA,US,UNITED STATES,93855,04
TR,DEPARTMENT OF TREASURY,TRAJ,OFFICE OF THE COMPTROLLER OF THE CURRENCY,SL,Other Separation,202409,50-54,04,HIGH SCHOOL GRADUATE OR CERTIFICATE OF EQUIVALENCY,18.1,0110,ECONOMIST,01,"SOCIAL SCIENCE, PSYCHOLOGY, AND WELFARE GROUP",NB,OFFICE OF THE COMPTROLLER OF THE CURRENCY ONLY,STEM OCCUPATIONS,SCIENCE OCCUPATIONS,8,ALL OTHER POSITIONS,10,CAREER (COMPETITIVE SERVICE PERMANENT),F,FULL-TIME,1,11,DC,DISTRICT OF COLUMBIA,US,UNITED STATES,175995,05
TR,DEPARTMENT OF TREASURY,TR93,INTERNAL REVENUE SERVICE,SD,Retirement - Voluntary,202412,65 or more,21,DOCTORATE DEGREE,45.8,0110,ECONOMIST,01,"SOCIAL SCIENCE, PSYCHOLOGY, AND WELFARE GROUP",GS,GENERAL SCHEDULE,STEM OCCUPATIONS,SCIENCE OCCUPATIONS,8,ALL OTHER POSITIONS,10,CAREER (COMPETITIVE SERVICE PERMANENT),F,FULL-TIME,1,36,NY,NEW YORK,US,UNITED STATES,186629,14
TR,DEPARTMENT OF TREASURY,TR93,INTERNAL REVENUE SERVICE,SD,Retirement - Voluntary,202407,60-64,17,MASTER'S DEGREE,35.5,0110,ECONOMIST,01,"SOCIAL SCIENCE, PSYCHOLOGY, AND WELFARE GROUP",GS,GENERAL SCHEDULE,STEM OCCUPATIONS,SCIENCE OCCUPATIONS,8,ALL OTHER POSITIONS,10,CAREER (COMPETITIVE SERVICE PERMANENT),F,FULL-TIME,1,36,NY,NEW YORK,US,UNITED STATES,186629,14
TR,DEPARTMENT OF TREASURY,TRAJ,OFFICE OF THE COMPTROLLER OF THE CURRENCY,SC,Quit,202407,35-39,21,DOCTORATE DEGREE,6.9,0110,ECONOMIST,01,"SOCIAL SCIENCE, PSYCHOLOGY, AND WELFARE GROUP",NB,OFFICE OF THE COMPTROLLER OF THE CURRENCY ONLY,STEM OCCUPATIONS,SCIENCE OCCUPATIONS,8,ALL OTHER POSITIONS,10,CAREER (COMPETITIVE SERVICE PERMANENT),F,FULL-TIME,1,11,DC,DISTRICT OF COLUMBIA,US,UNITED STATES,238555,06
TR,DEPARTMENT OF TREASURY,TR93,INTERNAL REVENUE SERVICE,SD,Retirement - Voluntary,202406,60-64,17,MASTER'S DEGREE,20.0,0110,ECONOMIST,01,"SOCIAL SCIENCE, PSYCHOLOGY, AND WELFARE GROUP",GS,GENERAL SCHEDULE,STEM OCCUPATIONS,SCIENCE OCCUPATIONS,8,ALL OTHER POSITIONS,10,CAREER (COMPETITIVE SERVICE PERMANENT),F,FULL-TIME,1,36,NY,NEW YORK,US,UNITED STATES,186629,14
HS,DEPARTMENT OF HOMELAND SECURITY,HSAB,CITIZENSHIP AND IMMIGRATION SERVICES,SL,Other Separation,202502,40-44,13,BACHELOR'S DEGREE,0.5,0110,ECONOMIST,01,"SOCIAL SCIENCE, PSYCHOLOGY, AND WELFARE GROUP",GS,GENERAL SCHEDULE,STEM OCCUPATIONS,SCIENCE OCCUPATIONS,8,ALL OTHER POSITIONS,15,CAREER-CONDITIONAL (COMPETITIVE SERVICE PERMANENT),F,FULL-TIME,1,11,DC,DISTRICT OF COLUMBIA,US,UNITED STATES,142488,14
HS,DEPARTMENT OF HOMELAND SECURITY,HSAB,CITIZENSHIP AND IMMIGRATION SERVICES,SL,Other Separation,202502,45-49,17,MASTER'S DEGREE,0.4,0110,ECONOMIST,01,"SOCIAL SCIENCE, PSYCHOLOGY, AND WELFARE GROUP",GS,GENERAL SCHEDULE,STEM OCCUPATIONS,SCIENCE OCCUPATIONS,8,ALL OTHER POSITIONS,15,CAREER-CONDITIONAL (COMPETITIVE SERVICE PERMANENT),F,FULL-TIME,1,11,DC,DISTRICT OF COLUMBIA,US,UNITED STATES,142488,14
HS,DEPARTMENT OF HOMELAND SECURITY,HSAB,CITIZENSHIP AND IMMIGRATION SERVICES,SA,Transfer Out - Individual Transfer,202501,55-59,13,BACHELOR'S DEGREE,20.3,0110,ECONOMIST,01,"SOCIAL SCIENCE, PSYCHOLOGY, AND WELFARE GROUP",GS,GENERAL SCHEDULE,STEM OCCUPATIONS,SCIENCE OCCUPATIONS,8,ALL OTHER POSITIONS,10,CAREER (COMPETITIVE SERVICE PERMANENT),F,FULL-TIME,1,11,DC,DISTRICT OF COLUMBIA,US,UNITED STATES,171923,14
HS,DEPARTMENT OF HOMELAND SECURITY,HSBB,IMMIGRATION AND CUSTOMS ENFORCEMENT,SA,Transfer Out - Individual Transfer,202501,40-44,17,MASTER'S DEGREE,9.8,0110,ECONOMIST,01,"SOCIAL SCIENCE, PSYCHOLOGY, AND WELFARE GROUP",GS,GENERAL SCHEDULE,STEM OCCUPATIONS,SCIENCE OCCUPATIONS,2,SUPERVISOR OR MANAGER,10,CAREER (COMPETITIVE SERVICE PERMANENT),F,FULL-TIME,1,REDACTED,REDACTED,REDACTED,REDACTED,REDACTED,REDACTED,15
HS,DEPARTMENT OF HOMELAND SECURITY,HSAA,DHS HEADQUARTERS,SD,Retirement - Voluntary,202501,55-59,17,MASTER'S DEGREE,33.0,0110,ECONOMIST,01,"SOCIAL SCIENCE, PSYCHOLOGY, AND WELFARE GROUP",SL,SENIOR LEVEL POSITIONS,STEM OCCUPATIONS,SCIENCE OCCUPATIONS,2,SUPERVISOR OR MANAGER,10,CAREER (COMPETITIVE SERVICE PERMANENT),F,FULL-TIME,1,11,DC,DISTRICT OF COLUMBIA,US,UNITED STATES,225700,00
HS,DEPARTMENT OF HOMELAND SECURITY,HSAB,CITIZENSHIP AND IMMIGRATION SERVICES,SL,Other Separation,202502,45-49,17,MASTER'S DEGREE,0.3,0110,ECONOMIST,01,"SOCIAL SCIENCE, PSYCHOLOGY, AND WELFARE GROUP",GS,GENERAL SCHEDULE,STEM OCCUPATIONS,SCIENCE OCCUPATIONS,8,ALL OTHER POSITIONS,15,CAREER-CONDITIONAL (COMPETITIVE SERVICE PERMANENT),F,FULL-TIME,1,11,DC,DISTRICT OF COLUMBIA,US,UNITED STATES,120579,13
IN,DEPARTMENT OF INTERIOR,IN05,BUREAU OF LAND MANAGEMENT,SJ,Termination (Expired Appt/Other),202502,25-29,17,MASTER'S DEGREE,0.8,0110,ECONOMIST,01,"SOCIAL SCIENCE, PSYCHOLOGY, AND WELFARE GROUP",GS,GENERAL SCHEDULE,STEM OCCUPATIONS,SCIENCE OCCUPATIONS,8,ALL OTHER POSITIONS,15,CAREER-CONDITIONAL (COMPETITIVE SERVICE PERMANENT),F,FULL-TIME,1,06,CA,CALIFORNIA,US,UNITED STATES,98236,12
CE,COUNCIL OF ECONOMIC ADVISERS,CE00,COUNCIL OF ECONOMIC ADVISERS,SC,Quit,202408,30-34,17,MASTER'S DEGREE,0.9,0110,ECONOMIST,01,"SOCIAL SCIENCE, PSYCHOLOGY, AND WELFARE GROUP",AD,"ADMINISTRATIVELY DETERMINED RATES, NOT ELSEWHERE SPECIFIED",STEM OCCUPATIONS,SCIENCE OCCUPATIONS,8,ALL OTHER POSITIONS,48,OTHER (EXCEPTED SERVICE NONPERMANENT),F,FULL-TIME,1,11,DC,DISTRICT OF COLUMBIA,US,UNITED STATES,64239,00
BG,PENSION BENEFIT GUARANTY CORPORATION,BG00,PENSION BENEFIT GUARANTY CORPORATION,SA,Transfer Out - Individual Transfer,202407,45-49,17,MASTER'S DEGREE,1.8,0110,ECONOMIST,01,"SOCIAL SCIENCE, PSYCHOLOGY, AND WELFARE GROUP",GS,GENERAL SCHEDULE,STEM OCCUPATIONS,SCIENCE OCCUPATIONS,8,ALL OTHER POSITIONS,15,CAREER-CONDITIONAL (COMPETITIVE SERVICE PERMANENT),F,FULL-TIME,1,11,DC,DISTRICT OF COLUMBIA,US,UNITED STATES,145489,13
BO,OFFICE OF MANAGEMENT AND BUDGET,BO00,OFFICE OF MANAGEMENT AND BUDGET,SC,Quit,202407,25-29,13,BACHELOR'S DEGREE,0.7,0110,ECONOMIST,01,"SOCIAL SCIENCE, PSYCHOLOGY, AND WELFARE GROUP",GS,GENERAL SCHEDULE,STEM OCCUPATIONS,SCIENCE OCCUPATIONS,8,ALL OTHER POSITIONS,20,NONPERMANENT (COMPETITTIVE SERVICE NONPERMANENT),F,FULL-TIME,1,11,DC,DISTRICT OF COLUMBIA,US,UNITED STATES,139395,14
CE,COUNCIL OF ECONOMIC ADVISERS,CE00,COUNCIL OF ECONOMIC ADVISERS,SC,Quit,202408,25-29,17,MASTER'S DEGREE,0.9,0110,ECONOMIST,01,"SOCIAL SCIENCE, PSYCHOLOGY, AND WELFARE GROUP",AD,"ADMINISTRATIVELY DETERMINED RATES, NOT ELSEWHERE SPECIFIED",STEM OCCUPATIONS,SCIENCE OCCUPATIONS,8,ALL OTHER POSITIONS,48,OTHER (EXCEPTED SERVICE NONPERMANENT),F,FULL-TIME,1,11,DC,DISTRICT OF COLUMBIA,US,UNITED STATES,64239,00
CM,DEPARTMENT OF COMMERCE,CM53,BUREAU OF ECONOMIC ANALYSIS,SA,Transfer Out - Individual Transfer,202406,45-49,04,HIGH SCHOOL GRADUATE OR CERTIFICATE OF EQUIVALENCY,5.2,0110,ECONOMIST,01,"SOCIAL SCIENCE, PSYCHOLOGY, AND WELFARE GROUP",ZP,SCIENTIFIC AND ENGINEERING PROFESSIONAL,STEM OCCUPATIONS,SCIENCE OCCUPATIONS,8,ALL OTHER POSITIONS,10,CAREER (COMPETITIVE SERVICE PERMANENT),F,FULL-TIME,1,24,MD,MARYLAND,US,UNITED STATES,127099,03
CM,DEPARTMENT OF COMMERCE,CM53,BUREAU OF ECONOMIC ANALYSIS,SD,Retirement - Voluntary,202407,65 or more,13,BACHELOR'S DEGREE,46.5,0110,ECONOMIST,01,"SOCIAL SCIENCE, PSYCHOLOGY, AND WELFARE GROUP",ZP,SCIENTIFIC AND ENGINEERING PROFESSIONAL,STEM OCCUPATIONS,SCIENCE OCCUPATIONS,8,ALL OTHER POSITIONS,10,CAREER (COMPETITIVE SERVICE PERMANENT),F,FULL-TIME,1,24,MD,MARYLAND,US,UNITED STATES,191900,05
CM,DEPARTMENT OF COMMERCE,CM53,BUREAU OF ECONOMIC ANALYSIS,SA,Transfer Out - Individual Transfer,202408,35-39,17,MASTER'S DEGREE,10.5,0110,ECONOMIST,01,"SOCIAL SCIENCE, PSYCHOLOGY, AND WELFARE GROUP",ZP,SCIENTIFIC AND ENGINEERING PROFESSIONAL,STEM OCCUPATIONS,SCIENCE OCCUPATIONS,8,ALL OTHER POSITIONS,15,CAREER-CONDITIONAL (COMPETITIVE SERVICE PERMANENT),F,FULL-TIME,1,24,MD,MARYLAND,US,UNITED STATES,128956,03
CM,DEPARTMENT OF COMMERCE,CM63,U.S. CENSUS BUREAU,SC,Quit,202409,35-39,04,HIGH SCHOOL GRADUATE OR CERTIFICATE OF EQUIVALENCY,5.1,0110,ECONOMIST,01,"SOCIAL SCIENCE, PSYCHOLOGY, AND WELFARE GROUP",GS,GENERAL SCHEDULE,STEM OCCUPATIONS,SCIENCE OCCUPATIONS,8,ALL OTHER POSITIONS,10,CAREER (COMPETITIVE SERVICE PERMANENT),F,FULL-TIME,1,24,MD,MARYLAND,US,UNITED STATES,129759,13
CM,DEPARTMENT OF COMMERCE,CM53,BUREAU OF ECONOMIC ANALYSIS,SD,Retirement - Voluntary,202406,60-64,08,ONE YEAR COLLEGE,41.3,0110,ECONOMIST,01,"SOCIAL SCIENCE, PSYCHOLOGY, AND WELFARE GROUP",ZP,SCIENTIFIC AND ENGINEERING PROFESSIONAL,STEM OCCUPATIONS,SCIENCE OCCUPATIONS,8,ALL OTHER POSITIONS,10,CAREER (COMPETITIVE SERVICE PERMANENT),F,FULL-TIME,1,24,MD,MARYLAND,US,UNITED STATES,128956,03
CM,DEPARTMENT OF COMMERCE,CM53,BUREAU OF ECONOMIC ANALYSIS,SC,Quit,202411,35-39,17,MASTER'S DEGREE,8.5,0110,ECONOMIST,01,"SOCIAL SCIENCE, PSYCHOLOGY, AND WELFARE GROUP",ZP,SCIENTIFIC AND ENGINEERING PROFESSIONAL,STEM OCCUPATIONS,SCIENCE OCCUPATIONS,8,ALL OTHER POSITIONS,10,CAREER (COMPETITIVE SERVICE PERMANENT),F,FULL-TIME,1,24,MD,MARYLAND,US,UNITED STATES,114237,03
CM,DEPARTMENT OF COMMERCE,CM55,INTERNATIONAL TRADE ADMINISTRATION,SD,Retirement - Voluntary,202407,60-64,21,DOCTORATE DEGREE,33.3,0110,ECONOMIST,01,"SOCIAL SCIENCE, PSYCHOLOGY, AND WELFARE GROUP",ES,SENIOR EXECUTIVE SERVICE,STEM OCCUPATIONS,SCIENCE OCCUPATIONS,2,SUPERVISOR OR MANAGER,50,CAREER (SENIOR EXECUTIVE SERVICE PERMANENT),F,FULL-TIME,1,11,DC,DISTRICT OF COLUMBIA,US,UNITED STATES,205044,00
CM,DEPARTMENT OF COMMERCE,CM63,U.S. CENSUS BUREAU,SJ,Termination (Expired Appt/Other),202408,50-54,21,DOCTORATE DEGREE,0.5,0110,ECONOMIST,01,"SOCIAL SCIENCE, PSYCHOLOGY, AND WELFARE GROUP",GS,GENERAL SCHEDULE,STEM OCCUPATIONS,SCIENCE OCCUPATIONS,8,ALL OTHER POSITIONS,40,SCHEDULE A (EXCEPTED SERVICE NONPERMANENT),I,INTERMITTENT,1,24,MD,MARYLAND,US,UNITED STATES,163964,15
CM,DEPARTMENT OF COMMERCE,CM63,U.S. CENSUS BUREAU,SC,Quit,202407,30-34,04,HIGH SCHOOL GRADUATE OR CERTIFICATE OF EQUIVALENCY,3.9,0110,ECONOMIST,01,"SOCIAL SCIENCE, PSYCHOLOGY, AND WELFARE GROUP",GS,GENERAL SCHEDULE,STEM OCCUPATIONS,SCIENCE OCCUPATIONS,8,ALL OTHER POSITIONS,40,SCHEDULE A (EXCEPTED SERVICE NONPERMANENT),P,PART-TIME,1,24,MD,MARYLAND,US,UNITED STATES,85522,11
CM,DEPARTMENT OF COMMERCE,CM59,MINORITY BUSINESS DEVELOPMENT AGENCY,SJ,Termination (Expired Appt/Other),202410,65 or more,18,POST-MASTER'S,0.9,0110,ECONOMIST,01,"SOCIAL SCIENCE, PSYCHOLOGY, AND WELFARE GROUP",ED,EXPERT (5 U.S.C. 3109),STEM OCCUPATIONS,SCIENCE OCCUPATIONS,8,ALL OTHER POSITIONS,48,OTHER (EXCEPTED SERVICE NONPERMANENT),F,FULL-TIME,1,11,DC,DISTRICT OF COLUMBIA,US,UNITED STATES,152768,00
CM,DEPARTMENT OF COMMERCE,CM53,BUREAU OF ECONOMIC ANALYSIS,SC,Quit,202406,25-29,04,HIGH SCHOOL GRADUATE OR CERTIFICATE OF EQUIVALENCY,2.8,0110,ECONOMIST,01,"SOCIAL SCIENCE, PSYCHOLOGY, AND WELFARE GROUP",ZP,SCIENTIFIC AND ENGINEERING PROFESSIONAL,STEM OCCUPATIONS,SCIENCE OCCUPATIONS,8,ALL OTHER POSITIONS,15,CAREER-CONDITIONAL (COMPETITIVE SERVICE PERMANENT),F,FULL-TIME,1,11,DC,DISTRICT OF COLUMBIA,US,UNITED STATES,105308,03
CM,DEPARTMENT OF COMMERCE,CM53,BUREAU OF ECONOMIC ANALYSIS,SA,Transfer Out - Individual Transfer,202407,55-59,21,DOCTORATE DEGREE,4.9,0110,ECONOMIST,01,"SOCIAL SCIENCE, PSYCHOLOGY, AND WELFARE GROUP",ZP,SCIENTIFIC AND ENGINEERING PROFESSIONAL,STEM OCCUPATIONS,SCIENCE OCCUPATIONS,8,ALL OTHER POSITIONS,10,CAREER (COMPETITIVE SERVICE PERMANENT),F,FULL-TIME,1,24,MD,MARYLAND,US,UNITED STATES,128956,03
CE,COUNCIL OF ECONOMIC ADVISERS,CE00,COUNCIL OF ECONOMIC ADVISERS,SC,Quit,202407,25-29,17,MASTER'S DEGREE,0.9,0110,ECONOMIST,01,"SOCIAL SCIENCE, PSYCHOLOGY, AND WELFARE GROUP",AD,"ADMINISTRATIVELY DETERMINED RATES, NOT ELSEWHERE SPECIFIED",STEM OCCUPATIONS,SCIENCE OCCUPATIONS,8,ALL OTHER POSITIONS,48,OTHER (EXCEPTED SERVICE NONPERMANENT),F,FULL-TIME,1,11,DC,DISTRICT OF COLUMBIA,US,UNITED STATES,64239,00
CM,DEPARTMENT OF COMMERCE,CM53,BUREAU OF ECONOMIC ANALYSIS,SC,Quit,202406,25-29,13,BACHELOR'S DEGREE,8.0,0110,ECONOMIST,01,"SOCIAL SCIENCE, PSYCHOLOGY, AND WELFARE GROUP",ZP,SCIENTIFIC AND ENGINEERING PROFESSIONAL,STEM OCCUPATIONS,SCIENCE OCCUPATIONS,8,ALL OTHER POSITIONS,10,CAREER (COMPETITIVE SERVICE PERMANENT),F,FULL-TIME,1,24,MD,MARYLAND,US,UNITED STATES,123150,03
CE,COUNCIL OF ECONOMIC ADVISERS,CE00,COUNCIL OF ECONOMIC ADVISERS,SC,Quit,202407,30-34,18,POST-MASTER'S,0.8,0110,ECONOMIST,01,"SOCIAL SCIENCE, PSYCHOLOGY, AND WELFARE GROUP",AD,"ADMINISTRATIVELY DETERMINED RATES, NOT ELSEWHERE SPECIFIED",STEM OCCUPATIONS,SCIENCE OCCUPATIONS,8,ALL OTHER POSITIONS,48,OTHER (EXCEPTED SERVICE NONPERMANENT),F,FULL-TIME,1,11,DC,DISTRICT OF COLUMBIA,US,UNITED STATES,64239,00
CM,DEPARTMENT OF COMMERCE,CM54,NATIONAL OCEANIC AND ATMOSPHERIC ADMINISTRATION,SD,Retirement - Voluntary,202410,60-64,21,DOCTORATE DEGREE,26.7,0110,ECONOMIST,01,"SOCIAL SCIENCE, PSYCHOLOGY, AND WELFARE GROUP",ZP,SCIENTIFIC AND ENGINEERING PROFESSIONAL,STEM OCCUPATIONS,SCIENCE OCCUPATIONS,2,SUPERVISOR OR MANAGER,10,CAREER (COMPETITIVE SERVICE PERMANENT),F,FULL-TIME,1,12,FL,FLORIDA,US,UNITED STATES,150059,04
CM,DEPARTMENT OF COMMERCE,CM63,U.S. CENSUS BUREAU,SA,Transfer Out - Individual Transfer,202411,30-34,21,DOCTORATE DEGREE,4.3,0110,ECONOMIST,01,"SOCIAL SCIENCE, PSYCHOLOGY, AND WELFARE GROUP",GS,GENERAL SCHEDULE,STEM OCCUPATIONS,SCIENCE OCCUPATIONS,8,ALL OTHER POSITIONS,10,CAREER (COMPETITIVE SERVICE PERMANENT),F,FULL-TIME,1,24,MD,MARYLAND,US,UNITED STATES,141557,13
CE,COUNCIL OF ECONOMIC ADVISERS,CE00,COUNCIL OF ECONOMIC ADVISERS,SC,Quit,202408,25-29,17,MASTER'S DEGREE,1.0,0110,ECONOMIST,01,"SOCIAL SCIENCE, PSYCHOLOGY, AND WELFARE GROUP",AD,"ADMINISTRATIVELY DETERMINED RATES, NOT ELSEWHERE SPECIFIED",STEM OCCUPATIONS,SCIENCE OCCUPATIONS,8,ALL OTHER POSITIONS,48,OTHER (EXCEPTED SERVICE NONPERMANENT),F,FULL-TIME,1,11,DC,DISTRICT OF COLUMBIA,US,UNITED STATES,64239,00
CM,DEPARTMENT OF COMMERCE,CM53,BUREAU OF ECONOMIC ANALYSIS,SA,Transfer Out - Individual Transfer,202410,35-39,17,MASTER'S DEGREE,5.3,0110,ECONOMIST,01,"SOCIAL SCIENCE, PSYCHOLOGY, AND WELFARE GROUP",ZP,SCIENTIFIC AND ENGINEERING PROFESSIONAL,STEM OCCUPATIONS,SCIENCE OCCUPATIONS,8,ALL OTHER POSITIONS,10,CAREER (COMPETITIVE SERVICE PERMANENT),F,FULL-TIME,1,24,MD,MARYLAND,US,UNITED STATES,119664,03
CM,DEPARTMENT OF COMMERCE,CM63,U.S. CENSUS BUREAU,SA,Transfer Out - Individual Transfer,202409,30-34,22,POST-DOCTORATE,3.2,0110,ECONOMIST,01,"SOCIAL SCIENCE, PSYCHOLOGY, AND WELFARE GROUP",GS,GENERAL SCHEDULE,STEM OCCUPATIONS,SCIENCE OCCUPATIONS,8,ALL OTHER POSITIONS,10,CAREER (COMPETITIVE SERVICE PERMANENT),F,FULL-TIME,1,24,MD,MARYLAND,US,UNITED STATES,141557,13
CM,DEPARTMENT OF COMMERCE,CM53,BUREAU OF ECONOMIC ANALYSIS,SA,Transfer Out - Individual Transfer,202406,25-29,13,BACHELOR'S DEGREE,0.8,0110,ECONOMIST,01,"SOCIAL SCIENCE, PSYCHOLOGY, AND WELFARE GROUP",ZP,SCIENTIFIC AND ENGINEERING PROFESSIONAL,STEM OCCUPATIONS,SCIENCE OCCUPATIONS,8,ALL OTHER POSITIONS,35,SCHEDULE D (EXCEPTED SERVICE PERMANENT),F,FULL-TIME,1,24,MD,MARYLAND,US,UNITED STATES,85195,02
CM,DEPARTMENT OF COMMERCE,CM63,U.S. CENSUS BUREAU,SC,Quit,202409,25-29,14,POST-BACHELOR'S,3.1,0110,ECONOMIST,01,"SOCIAL SCIENCE, PSYCHOLOGY, AND WELFARE GROUP",GS,GENERAL SCHEDULE,STEM OCCUPATIONS,SCIENCE OCCUPATIONS,8,ALL OTHER POSITIONS,40,SCHEDULE A (EXCEPTED SERVICE NONPERMANENT),I,INTERMITTENT,1,24,MD,MARYLAND,US,UNITED STATES,82764,11
CM,DEPARTMENT OF COMMERCE,CM63,U.S. CENSUS BUREAU,SC,Quit,202406,30-34,13,BACHELOR'S DEGREE,3.6,0110,ECONOMIST,01,"SOCIAL SCIENCE, PSYCHOLOGY, AND WELFARE GROUP",GS,GENERAL SCHEDULE,STEM OCCUPATIONS,SCIENCE OCCUPATIONS,8,ALL OTHER POSITIONS,40,SCHEDULE A (EXCEPTED SERVICE NONPERMANENT),P,PART-TIME,1,25,MA,MASSACHUSETTS,US,UNITED STATES,90158,11
CM,DEPARTMENT OF COMMERCE,CM63,U.S. CENSUS BUREAU,SJ,Termination (Expired Appt/Other),202410,45-49,04,HIGH SCHOOL GRADUATE OR CERTIFICATE OF EQUIVALENCY,13.8,0110,ECONOMIST,01,"SOCIAL SCIENCE, PSYCHOLOGY, AND WELFARE GROUP",GS,GENERAL SCHEDULE,STEM OCCUPATIONS,SCIENCE OCCUPATIONS,8,ALL OTHER POSITIONS,40,SCHEDULE A (EXCEPTED SERVICE NONPERMANENT),I,INTERMITTENT,1,24,MD,MARYLAND,US,UNITED STATES,180359,15
CM,DEPARTMENT OF COMMERCE,CM63,U.S. CENSUS BUREAU,SC,Quit,202408,25-29,17,MASTER'S DEGREE,3.8,0110,ECONOMIST,01,"SOCIAL SCIENCE, PSYCHOLOGY, AND WELFARE GROUP",GG,GRADES SIMILAR TO GENERAL SCHEDULE,STEM OCCUPATIONS,SCIENCE OCCUPATIONS,8,ALL OTHER POSITIONS,40,SCHEDULE A (EXCEPTED SERVICE NONPERMANENT),I,INTERMITTENT,1,24,MD,MARYLAND,US,UNITED STATES,85522,11
CM,DEPARTMENT OF COMMERCE,CM55,INTERNATIONAL TRADE ADMINISTRATION,SC,Quit,202406,25-29,17,MASTER'S DEGREE,0.9,0110,ECONOMIST,01,"SOCIAL SCIENCE, PSYCHOLOGY, AND WELFARE GROUP",GS,GENERAL SCHEDULE,STEM OCCUPATIONS,SCIENCE OCCUPATIONS,8,ALL OTHER POSITIONS,15,CAREER-CONDITIONAL (COMPETITIVE SERVICE PERMANENT),F,FULL-TIME,1,11,DC,DISTRICT OF COLUMBIA,US,UNITED STATES,82764,11
HU,DEPARTMENT OF HOUSING AND URBAN DEVELOPM,HUAA,OFFICE OF THE SECRETARY OF HOUSING AND URBAN DEVELOPMENT,SD,Retirement - Voluntary,202411,65 or more,21,DOCTORATE DEGREE,19.2,0110,ECONOMIST,01,"SOCIAL SCIENCE, PSYCHOLOGY, AND WELFARE GROUP",GS,GENERAL SCHEDULE,STEM OCCUPATIONS,SCIENCE OCCUPATIONS,8,ALL OTHER POSITIONS,10,CAREER (COMPETITIVE SERVICE PERMANENT),F,FULL-TIME,1,11,DC,DISTRICT OF COLUMBIA,US,UNITED STATES,162629,14
HU,DEPARTMENT OF HOUSING AND URBAN DEVELOPM,HUAA,OFFICE OF THE SECRETARY OF HOUSING AND URBAN DEVELOPMENT,SG,Retirement - Other,202501,65 or more,17,MASTER'S DEGREE,46.3,0110,ECONOMIST,01,"SOCIAL SCIENCE, PSYCHOLOGY, AND WELFARE GROUP",GS,GENERAL SCHEDULE,STEM OCCUPATIONS,SCIENCE OCCUPATIONS,2,SUPERVISOR OR MANAGER,10,CAREER (COMPETITIVE SERVICE PERMANENT),R,A SCHEDULE REQUIRED WHEN AN EMPLOYEE HAS ELECTED PHASED EMPLOYMENT/PHASED RETIREMENT STATUS AND HAS A LESS THA,1,11,DC,DISTRICT OF COLUMBIA,US,UNITED STATES,191900,15
HU,DEPARTMENT OF HOUSING AND URBAN DEVELOPM,HURR,ASSISTANT SECRETARY FOR POLICY DEVELOPMENT AND RESEARCH,SA,Transfer Out - Individual Transfer,202409,50-54,20,POST-SIXTH YEAR,22.1,0110,ECONOMIST,01,"SOCIAL SCIENCE, PSYCHOLOGY, AND WELFARE GROUP",GS,GENERAL SCHEDULE,STEM OCCUPATIONS,SCIENCE OCCUPATIONS,8,ALL OTHER POSITIONS,10,CAREER (COMPETITIVE SERVICE PERMANENT),F,FULL-TIME,1,11,DC,DISTRICT OF COLUMBIA,US,UNITED STATES,181216,14
DL,DEPARTMENT OF LABOR,DLLS,BUREAU OF LABOR STATISTICS,SL,Other Separation,202406,30-34,13,BACHELOR'S DEGREE,0.9,0119,ECONOMICS ASSISTANT,01,"SOCIAL SCIENCE, PSYCHOLOGY, AND WELFARE GROUP",GS,GENERAL SCHEDULE,ALL OTHER OCCUPATIONS,ALL OTHER OCCUPATIONS,8,ALL OTHER POSITIONS,15,CAREER-CONDITIONAL (COMPETITIVE SERVICE PERMANENT),P,PART-TIME,1,12,FL,FLORIDA,US,UNITED STATES,42151,05
DL,DEPARTMENT OF LABOR,DLLS,BUREAU OF LABOR STATISTICS,SL,Other Separation,202409,65 or more,04,HIGH SCHOOL GRADUATE OR CERTIFICATE OF EQUIVALENCY,0.4,0119,ECONOMICS ASSISTANT,01,"SOCIAL SCIENCE, PSYCHOLOGY, AND WELFARE GROUP",GS,GENERAL SCHEDULE,ALL OTHER OCCUPATIONS,ALL OTHER OCCUPATIONS,8,ALL OTHER POSITIONS,15,CAREER-CONDITIONAL (COMPETITIVE SERVICE PERMANENT),P,PART-TIME,1,06,CA,CALIFORNIA,US,UNITED STATES,46020,05
DL,DEPARTMENT OF LABOR,DLSH,OCCUPATIONAL SAFETY AND HEALTH ADMINISTRATION,SA,Transfer Out - Individual Transfer,202410,60-64,21,DOCTORATE DEGREE,14.1,0110,ECONOMIST,01,"SOCIAL SCIENCE, PSYCHOLOGY, AND WELFARE GROUP",GS,GENERAL SCHEDULE,STEM OCCUPATIONS,SCIENCE OCCUPATIONS,2,SUPERVISOR OR MANAGER,10,CAREER (COMPETITIVE SERVICE PERMANENT),F,FULL-TIME,1,11,DC,DISTRICT OF COLUMBIA,US,UNITED STATES,185824,15
DL,DEPARTMENT OF LABOR,DLLS,BUREAU OF LABOR STATISTICS,SL,Other Separation,202409,60-64,04,HIGH SCHOOL GRADUATE OR CERTIFICATE OF EQUIVALENCY,5.1,0119,ECONOMICS ASSISTANT,01,"SOCIAL SCIENCE, PSYCHOLOGY, AND WELFARE GROUP",GS,GENERAL SCHEDULE,ALL OTHER OCCUPATIONS,ALL OTHER OCCUPATIONS,8,ALL OTHER POSITIONS,10,CAREER (COMPETITIVE SERVICE PERMANENT),P,PART-TIME,1,31,NE,NEBRASKA,US,UNITED STATES,52795,07
DL,DEPARTMENT OF LABOR,DLLS,BUREAU OF LABOR STATISTICS,SC,Quit,202411,30-34,13,BACHELOR'S DEGREE,0.5,0119,ECONOMICS ASSISTANT,01,"SOCIAL SCIENCE, PSYCHOLOGY, AND WELFARE GROUP",GS,GENERAL SCHEDULE,ALL OTHER OCCUPATIONS,ALL OTHER OCCUPATIONS,8,ALL OTHER POSITIONS,15,CAREER-CONDITIONAL (COMPETITIVE SERVICE PERMANENT),P,PART-TIME,1,25,MA,MASSACHUSETTS,US,UNITED STATES,44709,05
DL,DEPARTMENT OF LABOR,DLLS,BUREAU OF LABOR STATISTICS,SD,Retirement - Voluntary,202410,65 or more,21,DOCTORATE DEGREE,24.2,0110,ECONOMIST,01,"SOCIAL SCIENCE, PSYCHOLOGY, AND WELFARE GROUP",GS,GENERAL SCHEDULE,STEM OCCUPATIONS,SCIENCE OCCUPATIONS,8,ALL OTHER POSITIONS,10,CAREER (COMPETITIVE SERVICE PERMANENT),F,FULL-TIME,1,55,WI,WISCONSIN,US,UNITED STATES,118205,12
DL,DEPARTMENT OF LABOR,DLBL,BUREAU OF INTERNATIONAL LABOR AFFAIRS,SC,Quit,202407,25-29,17,MASTER'S DEGREE,2.1,0110,ECONOMIST,01,"SOCIAL SCIENCE, PSYCHOLOGY, AND WELFARE GROUP",GS,GENERAL SCHEDULE,STEM OCCUPATIONS,SCIENCE OCCUPATIONS,8,ALL OTHER POSITIONS,15,CAREER-CONDITIONAL (COMPETITIVE SERVICE PERMANENT),F,FULL-TIME,1,11,DC,DISTRICT OF COLUMBIA,US,UNITED STATES,109119,12
DL,DEPARTMENT OF LABOR,DLLS,BUREAU OF LABOR STATISTICS,SC,Quit,202407,35-39,04,HIGH SCHOOL GRADUATE OR CERTIFICATE OF EQUIVALENCY,4.3,0119,ECONOMICS ASSISTANT,01,"SOCIAL SCIENCE, PSYCHOLOGY, AND WELFARE GROUP",GS,GENERAL SCHEDULE,ALL OTHER OCCUPATIONS,ALL OTHER OCCUPATIONS,8,ALL OTHER POSITIONS,10,CAREER (COMPETITIVE SERVICE PERMANENT),P,PART-TIME,1,28,MS,MISSISSIPPI,US,UNITED STATES,47059,06
DL,DEPARTMENT OF LABOR,DLLS,BUREAU OF LABOR STATISTICS,SL,Other Separation,202407,20-24,13,BACHELOR'S DEGREE,0.9,0110,ECONOMIST,01,"SOCIAL SCIENCE, PSYCHOLOGY, AND WELFARE GROUP",GS,GENERAL SCHEDULE,STEM OCCUPATIONS,SCIENCE OCCUPATIONS,8,ALL OTHER POSITIONS,35,SCHEDULE D (EXCEPTED SERVICE PERMANENT),F,FULL-TIME,1,11,DC,DISTRICT OF COLUMBIA,US,UNITED STATES,55924,07
DL,DEPARTMENT OF LABOR,DLLS,BUREAU OF LABOR STATISTICS,SD,Retirement - Voluntary,202411,65 or more,13,BACHELOR'S DEGREE,18.0,0119,ECONOMICS ASSISTANT,01,"SOCIAL SCIENCE, PSYCHOLOGY, AND WELFARE GROUP",GS,GENERAL SCHEDULE,ALL OTHER OCCUPATIONS,ALL OTHER OCCUPATIONS,8,ALL OTHER POSITIONS,10,CAREER (COMPETITIVE SERVICE PERMANENT),P,PART-TIME,1,22,LA,LOUISIANA,US,UNITED STATES,63733,07
DL,DEPARTMENT OF LABOR,DLLS,BUREAU OF LABOR STATISTICS,SL,Other Separation,202409,50-54,04,HIGH SCHOOL GRADUATE OR CERTIFICATE OF EQUIVALENCY,0.3,0119,ECONOMICS ASSISTANT,01,"SOCIAL SCIENCE, PSYCHOLOGY, AND WELFARE GROUP",GS,GENERAL SCHEDULE,ALL OTHER OCCUPATIONS,ALL OTHER OCCUPATIONS,8,ALL OTHER POSITIONS,15,CAREER-CONDITIONAL (COMPETITIVE SERVICE PERMANENT),P,PART-TIME,1,06,CA,CALIFORNIA,US,UNITED STATES,46020,05
DL,DEPARTMENT OF LABOR,DLLS,BUREAU OF LABOR STATISTICS,SD,Retirement - Voluntary,202408,65 or more,13,BACHELOR'S DEGREE,20.3,0119,ECONOMICS ASSISTANT,01,"SOCIAL SCIENCE, PSYCHOLOGY, AND WELFARE GROUP",GS,GENERAL SCHEDULE,ALL OTHER OCCUPATIONS,ALL OTHER OCCUPATIONS,8,ALL OTHER POSITIONS,10,CAREER (COMPETITIVE SERVICE PERMANENT),P,PART-TIME,1,53,WA,WASHINGTON,US,UNITED STATES,64046,07
DL,DEPARTMENT OF LABOR,DLLS,BUREAU OF LABOR STATISTICS,SC,Quit,202410,30-34,13,BACHELOR'S DEGREE,0.8,0110,ECONOMIST,01,"SOCIAL SCIENCE, PSYCHOLOGY, AND WELFARE GROUP",GS,GENERAL SCHEDULE,STEM OCCUPATIONS,SCIENCE OCCUPATIONS,8,ALL OTHER POSITIONS,15,CAREER-CONDITIONAL (COMPETITIVE SERVICE PERMANENT),F,FULL-TIME,1,06,CA,CALIFORNIA,US,UNITED STATES,61023,07
FD,FEDERAL DEPOSIT INSURANCE CORPORATION,FD00,FEDERAL DEPOSIT INSURANCE CORPORATION,SC,Quit,202408,20-24,13,BACHELOR'S DEGREE,0.8,0110,ECONOMIST,01,"SOCIAL SCIENCE, PSYCHOLOGY, AND WELFARE GROUP",CG,CORPORATE GRADED,STEM OCCUPATIONS,SCIENCE OCCUPATIONS,8,ALL OTHER POSITIONS,40,SCHEDULE A (EXCEPTED SERVICE NONPERMANENT),F,FULL-TIME,1,11,DC,DISTRICT OF COLUMBIA,US,UNITED STATES,61586,07
DL,DEPARTMENT OF LABOR,DLLS,BUREAU OF LABOR STATISTICS,SC,Quit,202407,35-39,13,BACHELOR'S DEGREE,9.8,0110,ECONOMIST,01,"SOCIAL SCIENCE, PSYCHOLOGY, AND WELFARE GROUP",GS,GENERAL SCHEDULE,STEM OCCUPATIONS,SCIENCE OCCUPATIONS,8,ALL OTHER POSITIONS,10,CAREER (COMPETITIVE SERVICE PERMANENT),F,FULL-TIME,1,51,VA,VIRGINIA,US,UNITED STATES,129759,13
DL,DEPARTMENT OF LABOR,DLLS,BUREAU OF LABOR STATISTICS,SA,Transfer Out - Individual Transfer,202409,30-34,17,MASTER'S DEGREE,9.1,0110,ECONOMIST,01,"SOCIAL SCIENCE, PSYCHOLOGY, AND WELFARE GROUP",GS,GENERAL SCHEDULE,STEM OCCUPATIONS,SCIENCE OCCUPATIONS,8,ALL OTHER POSITIONS,10,CAREER (COMPETITIVE SERVICE PERMANENT),F,FULL-TIME,1,29,MO,MISSOURI,US,UNITED STATES,69026,09
DL,DEPARTMENT OF LABOR,DLMS,MINE SAFETY AND HEALTH ADMINISTRATION,SA,Transfer Out - Individual Transfer,202409,40-44,21,DOCTORATE DEGREE,2.2,0110,ECONOMIST,01,"SOCIAL SCIENCE, PSYCHOLOGY, AND WELFARE GROUP",GS,GENERAL SCHEDULE,STEM OCCUPATIONS,SCIENCE OCCUPATIONS,8,ALL OTHER POSITIONS,15,CAREER-CONDITIONAL (COMPETITIVE SERVICE PERMANENT),F,FULL-TIME,1,51,VA,VIRGINIA,US,UNITED STATES,117962,13
EP,ENVIRONMENTAL PROTECTION AGENCY,EP00,ENVIRONMENTAL PROTECTION AGENCY,SC,Quit,202406,40-44,14,POST-BACHELOR'S,17.8,0110,ECONOMIST,01,"SOCIAL SCIENCE, PSYCHOLOGY, AND WELFARE GROUP",GS,GENERAL SCHEDULE,STEM OCCUPATIONS,SCIENCE OCCUPATIONS,8,ALL OTHER POSITIONS,10,CAREER (COMPETITIVE SERVICE PERMANENT),F,FULL-TIME,1,11,DC,DISTRICT OF COLUMBIA,US,UNITED STATES,181216,14
DL,DEPARTMENT OF LABOR,DLLS,BUREAU OF LABOR STATISTICS,SC,Quit,202411,40-44,04,HIGH SCHOOL GRADUATE OR CERTIFICATE OF EQUIVALENCY,2.1,0119,ECONOMICS ASSISTANT,01,"SOCIAL SCIENCE, PSYCHOLOGY, AND WELFARE GROUP",GS,GENERAL SCHEDULE,ALL OTHER OCCUPATIONS,ALL OTHER OCCUPATIONS,8,ALL OTHER POSITIONS,15,CAREER-CONDITIONAL (COMPETITIVE SERVICE PERMANENT),P,PART-TIME,1,40,OK,OKLAHOMA,US,UNITED STATES,42214,05
DL,DEPARTMENT OF LABOR,DLLS,BUREAU OF LABOR STATISTICS,SC,Quit,202411,25-29,13,BACHELOR'S DEGREE,2.6,0110,ECONOMIST,01,"SOCIAL SCIENCE, PSYCHOLOGY, AND WELFARE GROUP",GS,GENERAL SCHEDULE,STEM OCCUPATIONS,SCIENCE OCCUPATIONS,8,ALL OTHER POSITIONS,15,CAREER-CONDITIONAL (COMPETITIVE SERVICE PERMANENT),F,FULL-TIME,1,06,CA,CALIFORNIA,US,UNITED STATES,69729,09
DL,DEPARTMENT OF LABOR,DLLS,BUREAU OF LABOR STATISTICS,SL,Other Separation,202407,30-34,17,MASTER'S DEGREE,0.8,0110,ECONOMIST,01,"SOCIAL SCIENCE, PSYCHOLOGY, AND WELFARE GROUP",GS,GENERAL SCHEDULE,STEM OCCUPATIONS,SCIENCE OCCUPATIONS,8,ALL OTHER POSITIONS,35,SCHEDULE D (EXCEPTED SERVICE PERMANENT),F,FULL-TIME,1,55,WI,WISCONSIN,US,UNITED STATES,62702,09
DL,DEPARTMENT OF LABOR,DLLS,BUREAU OF LABOR STATISTICS,SA,Transfer Out - Individual Transfer,202407,35-39,13,BACHELOR'S DEGREE,8.8,0110,ECONOMIST,01,"SOCIAL SCIENCE, PSYCHOLOGY, AND WELFARE GROUP",GS,GENERAL SCHEDULE,STEM OCCUPATIONS,SCIENCE OCCUPATIONS,8,ALL OTHER POSITIONS,10,CAREER (COMPETITIVE SERVICE PERMANENT),F,FULL-TIME,1,51,VA,VIRGINIA,US,UNITED STATES,129759,13
DL,DEPARTMENT OF LABOR,DLLS,BUREAU OF LABOR STATISTICS,SC,Quit,202409,60-64,04,HIGH SCHOOL GRADUATE OR CERTIFICATE OF EQUIVALENCY,0.3,0119,ECONOMICS ASSISTANT,01,"SOCIAL SCIENCE, PSYCHOLOGY, AND WELFARE GROUP",GS,GENERAL SCHEDULE,ALL OTHER OCCUPATIONS,ALL OTHER OCCUPATIONS,8,ALL OTHER POSITIONS,15,CAREER-CONDITIONAL (COMPETITIVE SERVICE PERMANENT),P,PART-TIME,1,11,DC,DISTRICT OF COLUMBIA,US,UNITED STATES,45146,05
DL,DEPARTMENT OF LABOR,DLLS,BUREAU OF LABOR STATISTICS,SA,Transfer Out - Individual Transfer,202411,30-34,13,BACHELOR'S DEGREE,1.0,0110,ECONOMIST,01,"SOCIAL SCIENCE, PSYCHOLOGY, AND WELFARE GROUP",GS,GENERAL SCHEDULE,STEM OCCUPATIONS,SCIENCE OCCUPATIONS,8,ALL OTHER POSITIONS,15,CAREER-CONDITIONAL (COMPETITIVE SERVICE PERMANENT),F,FULL-TIME,1,12,FL,FLORIDA,US,UNITED STATES,89860,12
FD,FEDERAL DEPOSIT INSURANCE CORPORATION,FD00,FEDERAL DEPOSIT INSURANCE CORPORATION,SL,Other Separation,202411,55-59,17,MASTER'S DEGREE,24.5,0110,ECONOMIST,01,"SOCIAL SCIENCE, PSYCHOLOGY, AND WELFARE GROUP",CG,CORPORATE GRADED,STEM OCCUPATIONS,SCIENCE OCCUPATIONS,8,ALL OTHER POSITIONS,10,CAREER (COMPETITIVE SERVICE PERMANENT),F,FULL-TIME,1,11,DC,DISTRICT OF COLUMBIA,US,UNITED STATES,227183,14
DL,DEPARTMENT OF LABOR,DLLS,BUREAU OF LABOR STATISTICS,SC,Quit,202405,55-59,17,MASTER'S DEGREE,0.9,0119,ECONOMICS ASSISTANT,01,"SOCIAL SCIENCE, PSYCHOLOGY, AND WELFARE GROUP",GS,GENERAL SCHEDULE,ALL OTHER OCCUPATIONS,ALL OTHER OCCUPATIONS,8,ALL OTHER POSITIONS,15,CAREER-CONDITIONAL (COMPETITIVE SERVICE PERMANENT),P,PART-TIME,1,42,PA,PENNSYLVANIA,US,UNITED STATES,43550,05
DL,DEPARTMENT OF LABOR,DLLS,BUREAU OF LABOR STATISTICS,SC,Quit,202406,35-39,04,HIGH SCHOOL GRADUATE OR CERTIFICATE OF EQUIVALENCY,0.8,0119,ECONOMICS ASSISTANT,01,"SOCIAL SCIENCE, PSYCHOLOGY, AND WELFARE GROUP",GS,GENERAL SCHEDULE,ALL OTHER OCCUPATIONS,ALL OTHER OCCUPATIONS,8,ALL OTHER POSITIONS,15,CAREER-CONDITIONAL (COMPETITIVE SERVICE PERMANENT),P,PART-TIME,1,06,CA,CALIFORNIA,US,UNITED STATES,45075,05
FC,FEDERAL COMMUNICATIONS COMMISSION,FC00,FEDERAL COMMUNICATIONS COMMISSION,SC,Quit,202411,45-49,21,DOCTORATE DEGREE,9.0,0110,ECONOMIST,01,"SOCIAL SCIENCE, PSYCHOLOGY, AND WELFARE GROUP",ES,SENIOR EXECUTIVE SERVICE,STEM OCCUPATIONS,SCIENCE OCCUPATIONS,2,SUPERVISOR OR MANAGER,50,CAREER (SENIOR EXECUTIVE SERVICE PERMANENT),F,FULL-TIME,1,11,DC,DISTRICT OF COLUMBIA,US,UNITED STATES,221900,00
DL,DEPARTMENT OF LABOR,DLLS,BUREAU OF LABOR STATISTICS,SC,Quit,202410,50-54,13,BACHELOR'S DEGREE,1.3,0119,ECONOMICS ASSISTANT,01,"SOCIAL SCIENCE, PSYCHOLOGY, AND WELFARE GROUP",GS,GENERAL SCHEDULE,ALL OTHER OCCUPATIONS,ALL OTHER OCCUPATIONS,8,ALL OTHER POSITIONS,10,CAREER (COMPETITIVE SERVICE PERMANENT),P,PART-TIME,1,37,NC,NORTH CAROLINA,US,UNITED STATES,51446,05
DL,DEPARTMENT OF LABOR,DLLS,BUREAU OF LABOR STATISTICS,SA,Transfer Out - Individual Transfer,202406,25-29,13,BACHELOR'S DEGREE,3.9,0110,ECONOMIST,01,"SOCIAL SCIENCE, PSYCHOLOGY, AND WELFARE GROUP",GS,GENERAL SCHEDULE,STEM OCCUPATIONS,SCIENCE OCCUPATIONS,8,ALL OTHER POSITIONS,10,CAREER (COMPETITIVE SERVICE PERMANENT),F,FULL-TIME,1,24,MD,MARYLAND,US,UNITED STATES,99200,12
DL,DEPARTMENT OF LABOR,DLLS,BUREAU OF LABOR STATISTICS,SC,Quit,202407,30-34,10,ASSOCIATE DEGREE,1.5,0119,ECONOMICS ASSISTANT,01,"SOCIAL SCIENCE, PSYCHOLOGY, AND WELFARE GROUP",GS,GENERAL SCHEDULE,ALL OTHER OCCUPATIONS,ALL OTHER OCCUPATIONS,8,ALL OTHER POSITIONS,15,CAREER-CONDITIONAL (COMPETITIVE SERVICE PERMANENT),P,PART-TIME,1,32,NV,NEVADA,US,UNITED STATES,40393,05
EE,EQUAL EMPLOYMENT OPPORTUNITY COMMISSION,EE00,EQUAL EMPLOYMENT OPPORTUNITY COMMISSION,SC,Quit,202408,25-29,21,DOCTORATE DEGREE,1.0,0110,ECONOMIST,01,"SOCIAL SCIENCE, PSYCHOLOGY, AND WELFARE GROUP",GS,GENERAL SCHEDULE,STEM OCCUPATIONS,SCIENCE OCCUPATIONS,8,ALL OTHER POSITIONS,15,CAREER-CONDITIONAL (COMPETITIVE SERVICE PERMANENT),F,FULL-TIME,1,11,DC,DISTRICT OF COLUMBIA,US,UNITED STATES,117962,13
FD,FEDERAL DEPOSIT INSURANCE CORPORATION,FD00,FEDERAL DEPOSIT INSURANCE CORPORATION,SD,Retirement - Voluntary,202405,60-64,17,MASTER'S DEGREE,30.9,0110,ECONOMIST,01,"SOCIAL SCIENCE, PSYCHOLOGY, AND WELFARE GROUP",CG,CORPORATE GRADED,STEM OCCUPATIONS,SCIENCE OCCUPATIONS,8,ALL OTHER POSITIONS,10,CAREER (COMPETITIVE SERVICE PERMANENT),F,FULL-TIME,1,36,NY,NEW YORK,US,UNITED STATES,252500,14
DL,DEPARTMENT OF LABOR,DLLS,BUREAU OF LABOR STATISTICS,SD,Retirement - Voluntary,202411,55-59,13,BACHELOR'S DEGREE,33.6,0110,ECONOMIST,01,"SOCIAL SCIENCE, PSYCHOLOGY, AND WELFARE GROUP",GS,GENERAL SCHEDULE,STEM OCCUPATIONS,SCIENCE OCCUPATIONS,8,ALL OTHER POSITIONS,10,CAREER (COMPETITIVE SERVICE PERMANENT),F,FULL-TIME,1,53,WA,WASHINGTON,US,UNITED STATES,126585,12
DL,DEPARTMENT OF LABOR,DLLS,BUREAU OF LABOR STATISTICS,SC,Quit,202405,35-39,04,HIGH SCHOOL GRADUATE OR CERTIFICATE OF EQUIVALENCY,0.7,0119,ECONOMICS ASSISTANT,01,"SOCIAL SCIENCE, PSYCHOLOGY, AND WELFARE GROUP",GS,GENERAL SCHEDULE,ALL OTHER OCCUPATIONS,ALL OTHER OCCUPATIONS,8,ALL OTHER POSITIONS,15,CAREER-CONDITIONAL (COMPETITIVE SERVICE PERMANENT),P,PART-TIME,1,48,TX,TEXAS,US,UNITED STATES,39576,05
DL,DEPARTMENT OF LABOR,DLLS,BUREAU OF LABOR STATISTICS,SL,Other Separation,202408,40-44,13,BACHELOR'S DEGREE,9.9,0110,ECONOMIST,01,"SOCIAL SCIENCE, PSYCHOLOGY, AND WELFARE GROUP",GS,GENERAL SCHEDULE,STEM OCCUPATIONS,SCIENCE OCCUPATIONS,8,ALL OTHER POSITIONS,10,CAREER (COMPETITIVE SERVICE PERMANENT),F,FULL-TIME,1,24,MD,MARYLAND,US,UNITED STATES,105812,12
DN,DEPARTMENT OF ENERGY,DN00,DEPARTMENT OF ENERGY,SA,Transfer Out - Individual Transfer,202411,25-29,04,HIGH SCHOOL GRADUATE OR CERTIFICATE OF EQUIVALENCY,4.7,0110,ECONOMIST,01,"SOCIAL SCIENCE, PSYCHOLOGY, AND WELFARE GROUP",GS,GENERAL SCHEDULE,STEM OCCUPATIONS,SCIENCE OCCUPATIONS,8,ALL OTHER POSITIONS,15,CAREER-CONDITIONAL (COMPETITIVE SERVICE PERMANENT),F,FULL-TIME,1,11,DC,DISTRICT OF COLUMBIA,US,UNITED STATES,93798,11
DL,DEPARTMENT OF LABOR,DLLS,BUREAU OF LABOR STATISTICS,SL,Other Separation,202405,25-29,13,BACHELOR'S DEGREE,0.3,0110,ECONOMIST,01,"SOCIAL SCIENCE, PSYCHOLOGY, AND WELFARE GROUP",GS,GENERAL SCHEDULE,STEM OCCUPATIONS,SCIENCE OCCUPATIONS,8,ALL OTHER POSITIONS,15,CAREER-CONDITIONAL (COMPETITIVE SERVICE PERMANENT),F,FULL-TIME,1,11,DC,DISTRICT OF COLUMBIA,US,UNITED STATES,55924,07
FD,FEDERAL DEPOSIT INSURANCE CORPORATION,FD00,FEDERAL DEPOSIT INSURANCE CORPORATION,SL,Other Separation,202411,35-39,17,MASTER'S DEGREE,11.3,0110,ECONOMIST,01,"SOCIAL SCIENCE, PSYCHOLOGY, AND WELFARE GROUP",CG,CORPORATE GRADED,STEM OCCUPATIONS,SCIENCE OCCUPATIONS,8,ALL OTHER POSITIONS,10,CAREER (COMPETITIVE SERVICE PERMANENT),F,FULL-TIME,1,11,DC,DISTRICT OF COLUMBIA,US,UNITED STATES,169703,14
FT,FEDERAL TRADE COMMISSION,FT00,FEDERAL TRADE COMMISSION,SE,Retirement - Early Out,202409,50-54,20,POST-SIXTH YEAR,20.0,0110,ECONOMIST,01,"SOCIAL SCIENCE, PSYCHOLOGY, AND WELFARE GROUP",GS,GENERAL SCHEDULE,STEM OCCUPATIONS,SCIENCE OCCUPATIONS,8,ALL OTHER POSITIONS,10,CAREER (COMPETITIVE SERVICE PERMANENT),F,FULL-TIME,1,12,FL,FLORIDA,US,UNITED STATES,null,15
DL,DEPARTMENT OF LABOR,DLLS,BUREAU OF LABOR STATISTICS,SC,Quit,202408,25-29,13,BACHELOR'S DEGREE,1.3,0110,ECONOMIST,01,"SOCIAL SCIENCE, PSYCHOLOGY, AND WELFARE GROUP",GS,GENERAL SCHEDULE,STEM OCCUPATIONS,SCIENCE OCCUPATIONS,8,ALL OTHER POSITIONS,15,CAREER-CONDITIONAL (COMPETITIVE SERVICE PERMANENT),F,FULL-TIME,1,06,CA,CALIFORNIA,US,UNITED STATES,74642,09
DL,DEPARTMENT OF LABOR,DLLS,BUREAU OF LABOR STATISTICS,SD,Retirement - Voluntary,202406,55-59,13,BACHELOR'S DEGREE,33.2,0110,ECONOMIST,01,"SOCIAL SCIENCE, PSYCHOLOGY, AND WELFARE GROUP",GS,GENERAL SCHEDULE,STEM OCCUPATIONS,SCIENCE OCCUPATIONS,2,SUPERVISOR OR MANAGER,10,CAREER (COMPETITIVE SERVICE PERMANENT),F,FULL-TIME,1,48,TX,TEXAS,US,UNITED STATES,146047,13
DL,DEPARTMENT OF LABOR,DLLS,BUREAU OF LABOR STATISTICS,SL,Other Separation,202411,25-29,13,BACHELOR'S DEGREE,0.7,0119,ECONOMICS ASSISTANT,01,"SOCIAL SCIENCE, PSYCHOLOGY, AND WELFARE GROUP",GS,GENERAL SCHEDULE,ALL OTHER OCCUPATIONS,ALL OTHER OCCUPATIONS,8,ALL OTHER POSITIONS,15,CAREER-CONDITIONAL (COMPETITIVE SERVICE PERMANENT),P,PART-TIME,1,34,NJ,NEW JERSEY,US,UNITED STATES,46494,05
DL,DEPARTMENT OF LABOR,DLLS,BUREAU OF LABOR STATISTICS,SA,Transfer Out - Individual Transfer,202410,35-39,13,BACHELOR'S DEGREE,14.8,0110,ECONOMIST,01,"SOCIAL SCIENCE, PSYCHOLOGY, AND WELFARE GROUP",GS,GENERAL SCHEDULE,STEM OCCUPATIONS,SCIENCE OCCUPATIONS,2,SUPERVISOR OR MANAGER,10,CAREER (COMPETITIVE SERVICE PERMANENT),F,FULL-TIME,1,11,DC,DISTRICT OF COLUMBIA,US,UNITED STATES,157982,14
DL,DEPARTMENT OF LABOR,DLLS,BUREAU OF LABOR STATISTICS,SC,Quit,202407,20-24,13,BACHELOR'S DEGREE,0.2,0119,ECONOMICS ASSISTANT,01,"SOCIAL SCIENCE, PSYCHOLOGY, AND WELFARE GROUP",GS,GENERAL SCHEDULE,ALL OTHER OCCUPATIONS,ALL OTHER OCCUPATIONS,8,ALL OTHER POSITIONS,15,CAREER-CONDITIONAL (COMPETITIVE SERVICE PERMANENT),P,PART-TIME,1,12,FL,FLORIDA,US,UNITED STATES,39576,05
DL,DEPARTMENT OF LABOR,DLLS,BUREAU OF LABOR STATISTICS,SC,Quit,202410,25-29,13,BACHELOR'S DEGREE,0.6,0110,ECONOMIST,01,"SOCIAL SCIENCE, PSYCHOLOGY, AND WELFARE GROUP",GS,GENERAL SCHEDULE,STEM OCCUPATIONS,SCIENCE OCCUPATIONS,8,ALL OTHER POSITIONS,15,CAREER-CONDITIONAL (COMPETITIVE SERVICE PERMANENT),F,FULL-TIME,1,37,NC,NORTH CAROLINA,US,UNITED STATES,51157,07
DL,DEPARTMENT OF LABOR,DLLS,BUREAU OF LABOR STATISTICS,SL,Other Separation,202408,25-29,13,BACHELOR'S DEGREE,0.9,0110,ECONOMIST,01,"SOCIAL SCIENCE, PSYCHOLOGY, AND WELFARE GROUP",GS,GENERAL SCHEDULE,STEM OCCUPATIONS,SCIENCE OCCUPATIONS,8,ALL OTHER POSITIONS,15,CAREER-CONDITIONAL (COMPETITIVE SERVICE PERMANENT),F,FULL-TIME,1,48,TX,TEXAS,US,UNITED STATES,53259,07
DL,DEPARTMENT OF LABOR,DLLS,BUREAU OF LABOR STATISTICS,SC,Quit,202405,20-24,17,MASTER'S DEGREE,0.8,0110,ECONOMIST,01,"SOCIAL SCIENCE, PSYCHOLOGY, AND WELFARE GROUP",GS,GENERAL SCHEDULE,STEM OCCUPATIONS,SCIENCE OCCUPATIONS,8,ALL OTHER POSITIONS,15,CAREER-CONDITIONAL (COMPETITIVE SERVICE PERMANENT),F,FULL-TIME,1,13,GA,GEORGIA,US,UNITED STATES,63369,09
DL,DEPARTMENT OF LABOR,DLLS,BUREAU OF LABOR STATISTICS,SC,Quit,202407,20-24,13,BACHELOR'S DEGREE,1.8,0110,ECONOMIST,01,"SOCIAL SCIENCE, PSYCHOLOGY, AND WELFARE GROUP",GS,GENERAL SCHEDULE,STEM OCCUPATIONS,SCIENCE OCCUPATIONS,8,ALL OTHER POSITIONS,15,CAREER-CONDITIONAL (COMPETITIVE SERVICE PERMANENT),F,FULL-TIME,1,42,PA,PENNSYLVANIA,US,UNITED STATES,65987,09
FR,FEDERAL RESERVE SYSTEM,FRFT,BUREAU OF CONSUMER FINANCIAL PROTECTION,SC,Quit,202409,25-29,13,BACHELOR'S DEGREE,3.2,0110,ECONOMIST,01,"SOCIAL SCIENCE, PSYCHOLOGY, AND WELFARE GROUP",CN,BUREAU OF CONSUMER FINANCIAL PROTECT(CFPB) INDEPENDENT AGCY WITHIN THE FED RES SYST(USE BY CFPB ONLY),STEM OCCUPATIONS,SCIENCE OCCUPATIONS,8,ALL OTHER POSITIONS,40,SCHEDULE A (EXCEPTED SERVICE NONPERMANENT),F,FULL-TIME,1,11,DC,DISTRICT OF COLUMBIA,US,UNITED STATES,109681,51
DL,DEPARTMENT OF LABOR,DLLS,BUREAU OF LABOR STATISTICS,SL,Other Separation,202410,25-29,13,BACHELOR'S DEGREE,0.9,0119,ECONOMICS ASSISTANT,01,"SOCIAL SCIENCE, PSYCHOLOGY, AND WELFARE GROUP",GS,GENERAL SCHEDULE,ALL OTHER OCCUPATIONS,ALL OTHER OCCUPATIONS,8,ALL OTHER POSITIONS,15,CAREER-CONDITIONAL (COMPETITIVE SERVICE PERMANENT),P,PART-TIME,1,36,NY,NEW YORK,US,UNITED STATES,46494,05
DL,DEPARTMENT OF LABOR,DLLS,BUREAU OF LABOR STATISTICS,SD,Retirement - Voluntary,202406,65 or more,04,HIGH SCHOOL GRADUATE OR CERTIFICATE OF EQUIVALENCY,5.9,0119,ECONOMICS ASSISTANT,01,"SOCIAL SCIENCE, PSYCHOLOGY, AND WELFARE GROUP",GS,GENERAL SCHEDULE,ALL OTHER OCCUPATIONS,ALL OTHER OCCUPATIONS,8,ALL OTHER POSITIONS,10,CAREER (COMPETITIVE SERVICE PERMANENT),P,PART-TIME,1,31,NE,NEBRASKA,US,UNITED STATES,53928,07
DL,DEPARTMENT OF LABOR,DLLS,BUREAU OF LABOR STATISTICS,SC,Quit,202406,25-29,09,TWO YEARS COLLEGE,0.0,0119,ECONOMICS ASSISTANT,01,"SOCIAL SCIENCE, PSYCHOLOGY, AND WELFARE GROUP",GS,GENERAL SCHEDULE,ALL OTHER OCCUPATIONS,ALL OTHER OCCUPATIONS,8,ALL OTHER POSITIONS,15,CAREER-CONDITIONAL (COMPETITIVE SERVICE PERMANENT),P,PART-TIME,1,28,MS,MISSISSIPPI,US,UNITED STATES,39576,05
DL,DEPARTMENT OF LABOR,DLLS,BUREAU OF LABOR STATISTICS,SL,Other Separation,202411,40-44,17,MASTER'S DEGREE,10.2,0110,ECONOMIST,01,"SOCIAL SCIENCE, PSYCHOLOGY, AND WELFARE GROUP",GS,GENERAL SCHEDULE,STEM OCCUPATIONS,SCIENCE OCCUPATIONS,8,ALL OTHER POSITIONS,10,CAREER (COMPETITIVE SERVICE PERMANENT),F,FULL-TIME,1,25,MA,MASSACHUSETTS,US,UNITED STATES,128503,13
FD,FEDERAL DEPOSIT INSURANCE CORPORATION,FD00,FEDERAL DEPOSIT INSURANCE CORPORATION,SA,Transfer Out - Individual Transfer,202406,35-39,22,POST-DOCTORATE,6.4,0110,ECONOMIST,01,"SOCIAL SCIENCE, PSYCHOLOGY, AND WELFARE GROUP",CG,CORPORATE GRADED,STEM OCCUPATIONS,SCIENCE OCCUPATIONS,8,ALL OTHER POSITIONS,10,CAREER (COMPETITIVE SERVICE PERMANENT),F,FULL-TIME,1,11,DC,DISTRICT OF COLUMBIA,US,UNITED STATES,248488,14
DL,DEPARTMENT OF LABOR,DLLS,BUREAU OF LABOR STATISTICS,SA,Transfer Out - Individual Transfer,202409,30-34,13,BACHELOR'S DEGREE,2.7,0110,ECONOMIST,01,"SOCIAL SCIENCE, PSYCHOLOGY, AND WELFARE GROUP",GS,GENERAL SCHEDULE,STEM OCCUPATIONS,SCIENCE OCCUPATIONS,8,ALL OTHER POSITIONS,15,CAREER-CONDITIONAL (COMPETITIVE SERVICE PERMANENT),F,FULL-TIME,1,06,CA,CALIFORNIA,US,UNITED STATES,90310,11
DN,DEPARTMENT OF ENERGY,DN00,DEPARTMENT OF ENERGY,SA,Transfer Out - Individual Transfer,202411,35-39,17,MASTER'S DEGREE,2.8,0110,ECONOMIST,01,"SOCIAL SCIENCE, PSYCHOLOGY, AND WELFARE GROUP",GS,GENERAL SCHEDULE,STEM OCCUPATIONS,SCIENCE OCCUPATIONS,8,ALL OTHER POSITIONS,15,CAREER-CONDITIONAL (COMPETITIVE SERVICE PERMANENT),F,FULL-TIME,1,51,VA,VIRGINIA,US,UNITED STATES,121894,13
DL,DEPARTMENT OF LABOR,DLLS,BUREAU OF LABOR STATISTICS,SD,Retirement - Voluntary,202406,60-64,17,MASTER'S DEGREE,29.2,0110,ECONOMIST,01,"SOCIAL SCIENCE, PSYCHOLOGY, AND WELFARE GROUP",GS,GENERAL SCHEDULE,STEM OCCUPATIONS,SCIENCE OCCUPATIONS,8,ALL OTHER POSITIONS,10,CAREER (COMPETITIVE SERVICE PERMANENT),F,FULL-TIME,1,06,CA,CALIFORNIA,US,UNITED STATES,140713,12
DL,DEPARTMENT OF LABOR,DLLS,BUREAU OF LABOR STATISTICS,SC,Quit,202407,45-49,13,BACHELOR'S DEGREE,23.8,0110,ECONOMIST,01,"SOCIAL SCIENCE, PSYCHOLOGY, AND WELFARE GROUP",GS,GENERAL SCHEDULE,STEM OCCUPATIONS,SCIENCE OCCUPATIONS,8,ALL OTHER POSITIONS,10,CAREER (COMPETITIVE SERVICE PERMANENT),F,FULL-TIME,1,42,PA,PENNSYLVANIA,US,UNITED STATES,140347,13
FR,FEDERAL RESERVE SYSTEM,FRFT,BUREAU OF CONSUMER FINANCIAL PROTECTION,SC,Quit,202409,25-29,13,BACHELOR'S DEGREE,3.1,0110,ECONOMIST,01,"SOCIAL SCIENCE, PSYCHOLOGY, AND WELFARE GROUP",CN,BUREAU OF CONSUMER FINANCIAL PROTECT(CFPB) INDEPENDENT AGCY WITHIN THE FED RES SYST(USE BY CFPB ONLY),STEM OCCUPATIONS,SCIENCE OCCUPATIONS,8,ALL OTHER POSITIONS,40,SCHEDULE A (EXCEPTED SERVICE NONPERMANENT),F,FULL-TIME,1,11,DC,DISTRICT OF COLUMBIA,US,UNITED STATES,107901,51
DL,DEPARTMENT OF LABOR,DLLS,BUREAU OF LABOR STATISTICS,SD,Retirement - Voluntary,202411,65 or more,21,DOCTORATE DEGREE,15.0,0119,ECONOMICS ASSISTANT,01,"SOCIAL SCIENCE, PSYCHOLOGY, AND WELFARE GROUP",GS,GENERAL SCHEDULE,ALL OTHER OCCUPATIONS,ALL OTHER OCCUPATIONS,8,ALL OTHER POSITIONS,10,CAREER (COMPETITIVE SERVICE PERMANENT),P,PART-TIME,1,17,IL,ILLINOIS,US,UNITED STATES,65674,07
DL,DEPARTMENT OF LABOR,DLLS,BUREAU OF LABOR STATISTICS,SD,Retirement - Voluntary,202409,65 or more,13,BACHELOR'S DEGREE,16.3,0119,ECONOMICS ASSISTANT,01,"SOCIAL SCIENCE, PSYCHOLOGY, AND WELFARE GROUP",GS,GENERAL SCHEDULE,ALL OTHER OCCUPATIONS,ALL OTHER OCCUPATIONS,8,ALL OTHER POSITIONS,10,CAREER (COMPETITIVE SERVICE PERMANENT),P,PART-TIME,1,17,IL,ILLINOIS,US,UNITED STATES,65674,07
DL,DEPARTMENT OF LABOR,DLLS,BUREAU OF LABOR STATISTICS,SD,Retirement - Voluntary,202410,65 or more,04,HIGH SCHOOL GRADUATE OR CERTIFICATE OF EQUIVALENCY,17.8,0119,ECONOMICS ASSISTANT,01,"SOCIAL SCIENCE, PSYCHOLOGY, AND WELFARE GROUP",GS,GENERAL SCHEDULE,ALL OTHER OCCUPATIONS,ALL OTHER OCCUPATIONS,8,ALL OTHER POSITIONS,10,CAREER (COMPETITIVE SERVICE PERMANENT),P,PART-TIME,1,48,TX,TEXAS,US,UNITED STATES,58585,07
DL,DEPARTMENT OF LABOR,DLLS,BUREAU OF LABOR STATISTICS,SC,Quit,202408,30-34,17,MASTER'S DEGREE,3.3,0110,ECONOMIST,01,"SOCIAL SCIENCE, PSYCHOLOGY, AND WELFARE GROUP",GS,GENERAL SCHEDULE,STEM OCCUPATIONS,SCIENCE OCCUPATIONS,8,ALL OTHER POSITIONS,10,CAREER (COMPETITIVE SERVICE PERMANENT),F,FULL-TIME,1,25,MA,MASSACHUSETTS,US,UNITED STATES,101514,12
DL,DEPARTMENT OF LABOR,DLLS,BUREAU OF LABOR STATISTICS,SD,Retirement - Voluntary,202407,55-59,13,BACHELOR'S DEGREE,10.5,0119,ECONOMICS ASSISTANT,01,"SOCIAL SCIENCE, PSYCHOLOGY, AND WELFARE GROUP",GS,GENERAL SCHEDULE,ALL OTHER OCCUPATIONS,ALL OTHER OCCUPATIONS,8,ALL OTHER POSITIONS,10,CAREER (COMPETITIVE SERVICE PERMANENT),P,PART-TIME,1,34,NJ,NEW JERSEY,US,UNITED STATES,67194,07
DN,DEPARTMENT OF ENERGY,DNFE,FEDERAL ENERGY REGULATORY COMMISSION,SC,Quit,202407,40-44,17,MASTER'S DEGREE,6.5,0110,ECONOMIST,01,"SOCIAL SCIENCE, PSYCHOLOGY, AND WELFARE GROUP",GS,GENERAL SCHEDULE,STEM OCCUPATIONS,SCIENCE OCCUPATIONS,8,ALL OTHER POSITIONS,15,CAREER-CONDITIONAL (COMPETITIVE SERVICE PERMANENT),F,FULL-TIME,1,51,VA,VIRGINIA,US,UNITED STATES,186854,15
DL,DEPARTMENT OF LABOR,DLLS,BUREAU OF LABOR STATISTICS,SA,Transfer Out - Individual Transfer,202410,25-29,17,MASTER'S DEGREE,5.2,0110,ECONOMIST,01,"SOCIAL SCIENCE, PSYCHOLOGY, AND WELFARE GROUP",GS,GENERAL SCHEDULE,STEM OCCUPATIONS,SCIENCE OCCUPATIONS,8,ALL OTHER POSITIONS,10,CAREER (COMPETITIVE SERVICE PERMANENT),F,FULL-TIME,1,24,MD,MARYLAND,US,UNITED STATES,105812,12
DL,DEPARTMENT OF LABOR,DLLS,BUREAU OF LABOR STATISTICS,SC,Quit,202406,25-29,13,BACHELOR'S DEGREE,5.3,0110,ECONOMIST,01,"SOCIAL SCIENCE, PSYCHOLOGY, AND WELFARE GROUP",GS,GENERAL SCHEDULE,STEM OCCUPATIONS,SCIENCE OCCUPATIONS,8,ALL OTHER POSITIONS,10,CAREER (COMPETITIVE SERVICE PERMANENT),F,FULL-TIME,1,11,DC,DISTRICT OF COLUMBIA,US,UNITED STATES,121894,13
DL,DEPARTMENT OF LABOR,DLLS,BUREAU OF LABOR STATISTICS,SC,Quit,202410,20-24,13,BACHELOR'S DEGREE,2.0,0110,ECONOMIST,01,"SOCIAL SCIENCE, PSYCHOLOGY, AND WELFARE GROUP",GS,GENERAL SCHEDULE,STEM OCCUPATIONS,SCIENCE OCCUPATIONS,8,ALL OTHER POSITIONS,15,CAREER-CONDITIONAL (COMPETITIVE SERVICE PERMANENT),F,FULL-TIME,1,13,GA,GEORGIA,US,UNITED STATES,76671,11
DN,DEPARTMENT OF ENERGY,DNFE,FEDERAL ENERGY REGULATORY COMMISSION,SA,Transfer Out - Individual Transfer,202408,25-29,17,MASTER'S DEGREE,1.6,0110,ECONOMIST,01,"SOCIAL SCIENCE, PSYCHOLOGY, AND WELFARE GROUP",GS,GENERAL SCHEDULE,STEM OCCUPATIONS,SCIENCE OCCUPATIONS,8,ALL OTHER POSITIONS,15,CAREER-CONDITIONAL (COMPETITIVE SERVICE PERMANENT),F,FULL-TIME,1,11,DC,DISTRICT OF COLUMBIA,US,UNITED STATES,77525,09
DL,DEPARTMENT OF LABOR,DLLS,BUREAU OF LABOR STATISTICS,SC,Quit,202406,30-34,13,BACHELOR'S DEGREE,3.8,0110,ECONOMIST,01,"SOCIAL SCIENCE, PSYCHOLOGY, AND WELFARE GROUP",GS,GENERAL SCHEDULE,STEM OCCUPATIONS,SCIENCE OCCUPATIONS,8,ALL OTHER POSITIONS,10,CAREER (COMPETITIVE SERVICE PERMANENT),F,FULL-TIME,1,12,FL,FLORIDA,US,UNITED STATES,72553,11
DL,DEPARTMENT OF LABOR,DLLS,BUREAU OF LABOR STATISTICS,SD,Retirement - Voluntary,202409,65 or more,21,DOCTORATE DEGREE,34.2,0110,ECONOMIST,01,"SOCIAL SCIENCE, PSYCHOLOGY, AND WELFARE GROUP",GS,GENERAL SCHEDULE,STEM OCCUPATIONS,SCIENCE OCCUPATIONS,8,ALL OTHER POSITIONS,10,CAREER (COMPETITIVE SERVICE PERMANENT),F,FULL-TIME,1,51,VA,VIRGINIA,US,UNITED STATES,181216,14
DL,DEPARTMENT OF LABOR,DLLS,BUREAU OF LABOR STATISTICS,SA,Transfer Out - Individual Transfer,202411,35-39,13,BACHELOR'S DEGREE,15.5,0110,ECONOMIST,01,"SOCIAL SCIENCE, PSYCHOLOGY, AND WELFARE GROUP",GS,GENERAL SCHEDULE,STEM OCCUPATIONS,SCIENCE OCCUPATIONS,8,ALL OTHER POSITIONS,10,CAREER (COMPETITIVE SERVICE PERMANENT),F,FULL-TIME,1,17,IL,ILLINOIS,US,UNITED STATES,113256,12
FC,FEDERAL COMMUNICATIONS COMMISSION,FC00,FEDERAL COMMUNICATIONS COMMISSION,SD,Retirement - Voluntary,202411,65 or more,21,DOCTORATE DEGREE,30.2,0110,ECONOMIST,01,"SOCIAL SCIENCE, PSYCHOLOGY, AND WELFARE GROUP",GS,GENERAL SCHEDULE,STEM OCCUPATIONS,SCIENCE OCCUPATIONS,8,ALL OTHER POSITIONS,10,CAREER (COMPETITIVE SERVICE PERMANENT),F,FULL-TIME,1,11,DC,DISTRICT OF COLUMBIA,US,UNITED STATES,191900,15
DL,DEPARTMENT OF LABOR,DLLS,BUREAU OF LABOR STATISTICS,SD,Retirement - Voluntary,202405,65 or more,09,TWO YEARS COLLEGE,15.4,0119,ECONOMICS ASSISTANT,01,"SOCIAL SCIENCE, PSYCHOLOGY, AND WELFARE GROUP",GS,GENERAL SCHEDULE,ALL OTHER OCCUPATIONS,ALL OTHER OCCUPATIONS,8,ALL OTHER POSITIONS,10,CAREER (COMPETITIVE SERVICE PERMANENT),P,PART-TIME,1,37,NC,NORTH CAROLINA,US,UNITED STATES,61389,07
DL,DEPARTMENT OF LABOR,DLLS,BUREAU OF LABOR STATISTICS,SD,Retirement - Voluntary,202407,60-64,04,HIGH SCHOOL GRADUATE OR CERTIFICATE OF EQUIVALENCY,5.0,0119,ECONOMICS ASSISTANT,01,"SOCIAL SCIENCE, PSYCHOLOGY, AND WELFARE GROUP",GS,GENERAL SCHEDULE,ALL OTHER OCCUPATIONS,ALL OTHER OCCUPATIONS,8,ALL OTHER POSITIONS,10,CAREER (COMPETITIVE SERVICE PERMANENT),P,PART-TIME,1,11,DC,DISTRICT OF COLUMBIA,US,UNITED STATES,57788,07
DN,DEPARTMENT OF ENERGY,DN00,DEPARTMENT OF ENERGY,SC,Quit,202411,20-24,13,BACHELOR'S DEGREE,0.3,0110,ECONOMIST,01,"SOCIAL SCIENCE, PSYCHOLOGY, AND WELFARE GROUP",GS,GENERAL SCHEDULE,STEM OCCUPATIONS,SCIENCE OCCUPATIONS,8,ALL OTHER POSITIONS,15,CAREER-CONDITIONAL (COMPETITIVE SERVICE PERMANENT),F,FULL-TIME,1,26,MI,MICHIGAN,US,UNITED STATES,80006,11
DL,DEPARTMENT OF LABOR,DLOW,OFFICE OF WORKERS' COMPENSATION PROGRAMS,SA,Transfer Out - Individual Transfer,202406,30-34,13,BACHELOR'S DEGREE,9.8,0110,ECONOMIST,01,"SOCIAL SCIENCE, PSYCHOLOGY, AND WELFARE GROUP",GS,GENERAL SCHEDULE,STEM OCCUPATIONS,SCIENCE OCCUPATIONS,8,ALL OTHER POSITIONS,10,CAREER (COMPETITIVE SERVICE PERMANENT),F,FULL-TIME,1,24,MD,MARYLAND,US,UNITED STATES,129759,13
DL,DEPARTMENT OF LABOR,DLLS,BUREAU OF LABOR STATISTICS,SC,Quit,202406,65 or more,04,HIGH SCHOOL GRADUATE OR CERTIFICATE OF EQUIVALENCY,2.3,0119,ECONOMICS ASSISTANT,01,"SOCIAL SCIENCE, PSYCHOLOGY, AND WELFARE GROUP",GS,GENERAL SCHEDULE,ALL OTHER OCCUPATIONS,ALL OTHER OCCUPATIONS,8,ALL OTHER POSITIONS,15,CAREER-CONDITIONAL (COMPETITIVE SERVICE PERMANENT),P,PART-TIME,1,39,OH,OHIO,US,UNITED STATES,45956,06
DN,DEPARTMENT OF ENERGY,DN00,DEPARTMENT OF ENERGY,SC,Quit,202410,35-39,17,MASTER'S DEGREE,7.7,0110,ECONOMIST,01,"SOCIAL SCIENCE, PSYCHOLOGY, AND WELFARE GROUP",GS,GENERAL SCHEDULE,STEM OCCUPATIONS,SCIENCE OCCUPATIONS,8,ALL OTHER POSITIONS,10,CAREER (COMPETITIVE SERVICE PERMANENT),F,FULL-TIME,1,11,DC,DISTRICT OF COLUMBIA,US,UNITED STATES,129759,13
DL,DEPARTMENT OF LABOR,DLLS,BUREAU OF LABOR STATISTICS,SA,Transfer Out - Individual Transfer,202408,50-54,17,MASTER'S DEGREE,17.6,0110,ECONOMIST,01,"SOCIAL SCIENCE, PSYCHOLOGY, AND WELFARE GROUP",GS,GENERAL SCHEDULE,STEM OCCUPATIONS,SCIENCE OCCUPATIONS,8,ALL OTHER POSITIONS,10,CAREER (COMPETITIVE SERVICE PERMANENT),F,FULL-TIME,1,11,DC,DISTRICT OF COLUMBIA,US,UNITED STATES,125650,12
DL,DEPARTMENT OF LABOR,DLLS,BUREAU OF LABOR STATISTICS,SL,Other Separation,202410,50-54,04,HIGH SCHOOL GRADUATE OR CERTIFICATE OF EQUIVALENCY,7.3,0119,ECONOMICS ASSISTANT,01,"SOCIAL SCIENCE, PSYCHOLOGY, AND WELFARE GROUP",GS,GENERAL SCHEDULE,ALL OTHER OCCUPATIONS,ALL OTHER OCCUPATIONS,8,ALL OTHER POSITIONS,15,CAREER-CONDITIONAL (COMPETITIVE SERVICE PERMANENT),P,PART-TIME,1,08,CO,COLORADO,US,UNITED STATES,57198,05
DL,DEPARTMENT OF LABOR,DLLS,BUREAU OF LABOR STATISTICS,SC,Quit,202407,25-29,04,HIGH SCHOOL GRADUATE OR CERTIFICATE OF EQUIVALENCY,3.1,0110,ECONOMIST,01,"SOCIAL SCIENCE, PSYCHOLOGY, AND WELFARE GROUP",GS,GENERAL SCHEDULE,STEM OCCUPATIONS,SCIENCE OCCUPATIONS,8,ALL OTHER POSITIONS,10,CAREER (COMPETITIVE SERVICE PERMANENT),F,FULL-TIME,1,11,DC,DISTRICT OF COLUMBIA,US,UNITED STATES,99200,12
DL,DEPARTMENT OF LABOR,DLPW,EMPLOYEE BENEFITS SECURITY ADMINISTRATION,SA,Transfer Out - Individual Transfer,202407,45-49,04,HIGH SCHOOL GRADUATE OR CERTIFICATE OF EQUIVALENCY,2.8,0110,ECONOMIST,01,"SOCIAL SCIENCE, PSYCHOLOGY, AND WELFARE GROUP",GS,GENERAL SCHEDULE,STEM OCCUPATIONS,SCIENCE OCCUPATIONS,8,ALL OTHER POSITIONS,15,CAREER-CONDITIONAL (COMPETITIVE SERVICE PERMANENT),F,FULL-TIME,1,11,DC,DISTRICT OF COLUMBIA,US,UNITED STATES,125827,13
DL,DEPARTMENT OF LABOR,DLLS,BUREAU OF LABOR STATISTICS,SC,Quit,202407,35-39,17,MASTER'S DEGREE,2.8,0110,ECONOMIST,01,"SOCIAL SCIENCE, PSYCHOLOGY, AND WELFARE GROUP",GS,GENERAL SCHEDULE,STEM OCCUPATIONS,SCIENCE OCCUPATIONS,8,ALL OTHER POSITIONS,15,CAREER-CONDITIONAL (COMPETITIVE SERVICE PERMANENT),F,FULL-TIME,1,11,DC,DISTRICT OF COLUMBIA,US,UNITED STATES,99200,12
DL,DEPARTMENT OF LABOR,DLLS,BUREAU OF LABOR STATISTICS,SC,Quit,202408,40-44,04,HIGH SCHOOL GRADUATE OR CERTIFICATE OF EQUIVALENCY,8.2,0110,ECONOMIST,01,"SOCIAL SCIENCE, PSYCHOLOGY, AND WELFARE GROUP",GS,GENERAL SCHEDULE,STEM OCCUPATIONS,SCIENCE OCCUPATIONS,2,SUPERVISOR OR MANAGER,10,CAREER (COMPETITIVE SERVICE PERMANENT),F,FULL-TIME,1,11,DC,DISTRICT OF COLUMBIA,US,UNITED STATES,191289,15
DL,DEPARTMENT OF LABOR,DLLS,BUREAU OF LABOR STATISTICS,SA,Transfer Out - Individual Transfer,202407,35-39,04,HIGH SCHOOL GRADUATE OR CERTIFICATE OF EQUIVALENCY,1.4,0119,ECONOMICS ASSISTANT,01,"SOCIAL SCIENCE, PSYCHOLOGY, AND WELFARE GROUP",GS,GENERAL SCHEDULE,ALL OTHER OCCUPATIONS,ALL OTHER OCCUPATIONS,8,ALL OTHER POSITIONS,15,CAREER-CONDITIONAL (COMPETITIVE SERVICE PERMANENT),P,PART-TIME,1,39,OH,OHIO,US,UNITED STATES,53732,05
DL,DEPARTMENT OF LABOR,DLSH,OCCUPATIONAL SAFETY AND HEALTH ADMINISTRATION,SD,Retirement - Voluntary,202408,65 or more,21,DOCTORATE DEGREE,26.8,0110,ECONOMIST,01,"SOCIAL SCIENCE, PSYCHOLOGY, AND WELFARE GROUP",GS,GENERAL SCHEDULE,STEM OCCUPATIONS,SCIENCE OCCUPATIONS,8,ALL OTHER POSITIONS,10,CAREER (COMPETITIVE SERVICE PERMANENT),F,FULL-TIME,1,11,DC,DISTRICT OF COLUMBIA,US,UNITED STATES,181216,14
DL,DEPARTMENT OF LABOR,DLLS,BUREAU OF LABOR STATISTICS,SC,Quit,202406,65 or more,04,HIGH SCHOOL GRADUATE OR CERTIFICATE OF EQUIVALENCY,1.8,0119,ECONOMICS ASSISTANT,01,"SOCIAL SCIENCE, PSYCHOLOGY, AND WELFARE GROUP",GS,GENERAL SCHEDULE,ALL OTHER OCCUPATIONS,ALL OTHER OCCUPATIONS,8,ALL OTHER POSITIONS,15,CAREER-CONDITIONAL (COMPETITIVE SERVICE PERMANENT),P,PART-TIME,1,11,DC,DISTRICT OF COLUMBIA,US,UNITED STATES,57182,05
DL,DEPARTMENT OF LABOR,DLLS,BUREAU OF LABOR STATISTICS,SC,Quit,202408,50-54,04,HIGH SCHOOL GRADUATE OR CERTIFICATE OF EQUIVALENCY,0.8,0119,ECONOMICS ASSISTANT,01,"SOCIAL SCIENCE, PSYCHOLOGY, AND WELFARE GROUP",GS,GENERAL SCHEDULE,ALL OTHER OCCUPATIONS,ALL OTHER OCCUPATIONS,8,ALL OTHER POSITIONS,15,CAREER-CONDITIONAL (COMPETITIVE SERVICE PERMANENT),P,PART-TIME,1,42,PA,PENNSYLVANIA,US,UNITED STATES,43550,05
DL,DEPARTMENT OF LABOR,DLLS,BUREAU OF LABOR STATISTICS,SD,Retirement - Voluntary,202411,60-64,17,MASTER'S DEGREE,37.2,0110,ECONOMIST,01,"SOCIAL SCIENCE, PSYCHOLOGY, AND WELFARE GROUP",GS,GENERAL SCHEDULE,STEM OCCUPATIONS,SCIENCE OCCUPATIONS,2,SUPERVISOR OR MANAGER,10,CAREER (COMPETITIVE SERVICE PERMANENT),F,FULL-TIME,1,24,MD,MARYLAND,US,UNITED STATES,176570,14
EP,ENVIRONMENTAL PROTECTION AGENCY,EP00,ENVIRONMENTAL PROTECTION AGENCY,SC,Quit,202409,40-44,13,BACHELOR'S DEGREE,11.4,0110,ECONOMIST,01,"SOCIAL SCIENCE, PSYCHOLOGY, AND WELFARE GROUP",GS,GENERAL SCHEDULE,STEM OCCUPATIONS,SCIENCE OCCUPATIONS,8,ALL OTHER POSITIONS,10,CAREER (COMPETITIVE SERVICE PERMANENT),F,FULL-TIME,1,11,DC,DISTRICT OF COLUMBIA,US,UNITED STATES,162629,14
DL,DEPARTMENT OF LABOR,DLLS,BUREAU OF LABOR STATISTICS,SC,Quit,202406,20-24,13,BACHELOR'S DEGREE,1.2,0110,ECONOMIST,01,"SOCIAL SCIENCE, PSYCHOLOGY, AND WELFARE GROUP",GS,GENERAL SCHEDULE,STEM OCCUPATIONS,SCIENCE OCCUPATIONS,8,ALL OTHER POSITIONS,15,CAREER-CONDITIONAL (COMPETITIVE SERVICE PERMANENT),F,FULL-TIME,1,42,PA,PENNSYLVANIA,US,UNITED STATES,65987,09
HU,DEPARTMENT OF HOUSING AND URBAN DEVELOPM,HURR,ASSISTANT SECRETARY FOR POLICY DEVELOPMENT AND RESEARCH,SC,Quit,202405,55-59,13,BACHELOR'S DEGREE,10.7,0110,ECONOMIST,01,"SOCIAL SCIENCE, PSYCHOLOGY, AND WELFARE GROUP",GS,GENERAL SCHEDULE,STEM OCCUPATIONS,SCIENCE OCCUPATIONS,8,ALL OTHER POSITIONS,10,CAREER (COMPETITIVE SERVICE PERMANENT),F,FULL-TIME,1,13,GA,GEORGIA,US,UNITED STATES,101086,12
HU,DEPARTMENT OF HOUSING AND URBAN DEVELOPM,HUEE,ASSISTANT SECRETARY FOR FAIR HOUSING AND EQUAL OPPORTUNITY,SA,Transfer Out - Individual Transfer,202406,45-49,13,BACHELOR'S DEGREE,9.2,0110,ECONOMIST,01,"SOCIAL SCIENCE, PSYCHOLOGY, AND WELFARE GROUP",GS,GENERAL SCHEDULE,STEM OCCUPATIONS,SCIENCE OCCUPATIONS,8,ALL OTHER POSITIONS,10,CAREER (COMPETITIVE SERVICE PERMANENT),F,FULL-TIME,1,11,DC,DISTRICT OF COLUMBIA,US,UNITED STATES,191900,15
TR,DEPARTMENT OF TREASURY,TRAJ,OFFICE OF THE COMPTROLLER OF THE CURRENCY,SD,Retirement - Voluntary,202502,60-64,04,HIGH SCHOOL GRADUATE OR CERTIFICATE OF EQUIVALENCY,28.2,0110,ECONOMIST,01,"SOCIAL SCIENCE, PSYCHOLOGY, AND WELFARE GROUP",NB,OFFICE OF THE COMPTROLLER OF THE CURRENCY ONLY,STEM OCCUPATIONS,SCIENCE OCCUPATIONS,2,SUPERVISOR OR MANAGER,10,CAREER (COMPETITIVE SERVICE PERMANENT),F,FULL-TIME,1,11,DC,DISTRICT OF COLUMBIA,US,UNITED STATES,316600,08
TR,DEPARTMENT OF TREASURY,TR93,INTERNAL REVENUE SERVICE,SC,Quit,202502,50-54,17,MASTER'S DEGREE,14.0,0110,ECONOMIST,01,"SOCIAL SCIENCE, PSYCHOLOGY, AND WELFARE GROUP",GS,GENERAL SCHEDULE,STEM OCCUPATIONS,SCIENCE OCCUPATIONS,8,ALL OTHER POSITIONS,10,CAREER (COMPETITIVE SERVICE PERMANENT),F,FULL-TIME,1,11,DC,DISTRICT OF COLUMBIA,US,UNITED STATES,195200,15
TR,DEPARTMENT OF TREASURY,TR93,INTERNAL REVENUE SERVICE,SD,Retirement - Voluntary,202501,65 or more,17,MASTER'S DEGREE,14.9,0110,ECONOMIST,01,"SOCIAL SCIENCE, PSYCHOLOGY, AND WELFARE GROUP",GS,GENERAL SCHEDULE,STEM OCCUPATIONS,SCIENCE OCCUPATIONS,8,ALL OTHER POSITIONS,10,CAREER (COMPETITIVE SERVICE PERMANENT),F,FULL-TIME,1,24,MD,MARYLAND,US,UNITED STATES,170985,14
TD,DEPARTMENT OF TRANSPORTATION,TD01,OFFICE OF THE SECRETARY OF TRANSPORTATION,SD,Retirement - Voluntary,202412,55-59,21,DOCTORATE DEGREE,31.3,0110,ECONOMIST,01,"SOCIAL SCIENCE, PSYCHOLOGY, AND WELFARE GROUP",GS,GENERAL SCHEDULE,STEM OCCUPATIONS,SCIENCE OCCUPATIONS,8,ALL OTHER POSITIONS,10,CAREER (COMPETITIVE SERVICE PERMANENT),F,FULL-TIME,1,11,DC,DISTRICT OF COLUMBIA,US,UNITED STATES,191900,15
TC,U.S. INTERNATIONAL TRADE COMMISSION,TC00,U.S. INTERNATIONAL TRADE COMMISSION,SC,Quit,202503,45-49,17,MASTER'S DEGREE,11.5,0110,ECONOMIST,01,"SOCIAL SCIENCE, PSYCHOLOGY, AND WELFARE GROUP",GS,GENERAL SCHEDULE,STEM OCCUPATIONS,SCIENCE OCCUPATIONS,8,ALL OTHER POSITIONS,10,CAREER (COMPETITIVE SERVICE PERMANENT),F,FULL-TIME,1,11,DC,DISTRICT OF COLUMBIA,US,UNITED STATES,175735,14
ST,DEPARTMENT OF STATE,ST00,DEPARTMENT OF STATE,SC,Quit,202501,35-39,21,DOCTORATE DEGREE,2.3,0110,ECONOMIST,01,"SOCIAL SCIENCE, PSYCHOLOGY, AND WELFARE GROUP",GS,GENERAL SCHEDULE,STEM OCCUPATIONS,SCIENCE OCCUPATIONS,8,ALL OTHER POSITIONS,44,SCHEDULE C (EXCEPTED SERVICE NONPERMANENT),F,FULL-TIME,1,11,DC,DISTRICT OF COLUMBIA,US,UNITED STATES,191900,15
ST,DEPARTMENT OF STATE,ST00,DEPARTMENT OF STATE,SC,Quit,202412,45-49,21,DOCTORATE DEGREE,18.4,0110,ECONOMIST,01,"SOCIAL SCIENCE, PSYCHOLOGY, AND WELFARE GROUP",GG,GRADES SIMILAR TO GENERAL SCHEDULE,STEM OCCUPATIONS,SCIENCE OCCUPATIONS,8,ALL OTHER POSITIONS,48,OTHER (EXCEPTED SERVICE NONPERMANENT),F,FULL-TIME,1,11,DC,DISTRICT OF COLUMBIA,US,UNITED STATES,171923,14
SE,SECURITIES AND EXCHANGE COMMISSION,SE00,SECURITIES AND EXCHANGE COMMISSION,SD,Retirement - Voluntary,202503,65 or more,17,MASTER'S DEGREE,34.1,0110,ECONOMIST,01,"SOCIAL SCIENCE, PSYCHOLOGY, AND WELFARE GROUP",SK,NON-SUPERVISORY POSITIONS EMPLOYED BY THE SECURITIES AND EXCHANGE COMMISSION (SEC) AND FORMERLY UNDER GS PAY,STEM OCCUPATIONS,SCIENCE OCCUPATIONS,8,ALL OTHER POSITIONS,10,CAREER (COMPETITIVE SERVICE PERMANENT),F,FULL-TIME,1,11,DC,DISTRICT OF COLUMBIA,US,UNITED STATES,284600,16
TD,DEPARTMENT OF TRANSPORTATION,TD01,OFFICE OF THE SECRETARY OF TRANSPORTATION,SC,Quit,202502,30-34,17,MASTER'S DEGREE,3.7,0110,ECONOMIST,01,"SOCIAL SCIENCE, PSYCHOLOGY, AND WELFARE GROUP",GS,GENERAL SCHEDULE,STEM OCCUPATIONS,SCIENCE OCCUPATIONS,8,ALL OTHER POSITIONS,10,CAREER (COMPETITIVE SERVICE PERMANENT),F,FULL-TIME,1,06,CA,CALIFORNIA,US,UNITED STATES,111337,12
TR,DEPARTMENT OF TREASURY,TR91,DEPARTMENTAL OFFICES,SC,Quit,202412,45-49,21,DOCTORATE DEGREE,13.3,0110,ECONOMIST,01,"SOCIAL SCIENCE, PSYCHOLOGY, AND WELFARE GROUP",EX,EXECUTIVE PAY,STEM OCCUPATIONS,SCIENCE OCCUPATIONS,2,SUPERVISOR OR MANAGER,46,EXECUTIVE (EXCEPTED SERVICE NONPERMANENT),F,FULL-TIME,1,11,DC,DISTRICT OF COLUMBIA,US,UNITED STATES,158500,04
TD,DEPARTMENT OF TRANSPORTATION,TD05,FEDERAL RAILROAD ADMINISTRATION,SC,Quit,202501,35-39,13,BACHELOR'S DEGREE,9.4,0110,ECONOMIST,01,"SOCIAL SCIENCE, PSYCHOLOGY, AND WELFARE GROUP",GS,GENERAL SCHEDULE,STEM OCCUPATIONS,SCIENCE OCCUPATIONS,8,ALL OTHER POSITIONS,10,CAREER (COMPETITIVE SERVICE PERMANENT),F,FULL-TIME,1,11,DC,DISTRICT OF COLUMBIA,US,UNITED STATES,128619,13
TR,DEPARTMENT OF TREASURY,TR91,DEPARTMENTAL OFFICES,SL,Other Separation,202501,30-34,13,BACHELOR'S DEGREE,0.5,0110,ECONOMIST,01,"SOCIAL SCIENCE, PSYCHOLOGY, AND WELFARE GROUP",GS,GENERAL SCHEDULE,STEM OCCUPATIONS,SCIENCE OCCUPATIONS,8,ALL OTHER POSITIONS,38,OTHER (EXCEPTED SERVICE PERMANENT),F,FULL-TIME,1,11,DC,DISTRICT OF COLUMBIA,US,UNITED STATES,128446,12
TR,DEPARTMENT OF TREASURY,TR91,DEPARTMENTAL OFFICES,SL,Other Separation,202502,35-39,17,MASTER'S DEGREE,5.3,0110,ECONOMIST,01,"SOCIAL SCIENCE, PSYCHOLOGY, AND WELFARE GROUP",GS,GENERAL SCHEDULE,STEM OCCUPATIONS,SCIENCE OCCUPATIONS,8,ALL OTHER POSITIONS,10,CAREER (COMPETITIVE SERVICE PERMANENT),F,FULL-TIME,1,11,DC,DISTRICT OF COLUMBIA,US,UNITED STATES,151987,14
TD,DEPARTMENT OF TRANSPORTATION,TD16,PIPELINE AND HAZARDOUS MATERIALS SAFETY ADMINISTRATION,SA,Transfer Out - Individual Transfer,202408,25-29,13,BACHELOR'S DEGREE,4.3,0110,ECONOMIST,01,"SOCIAL SCIENCE, PSYCHOLOGY, AND WELFARE GROUP",GS,GENERAL SCHEDULE,STEM OCCUPATIONS,SCIENCE OCCUPATIONS,8,ALL OTHER POSITIONS,10,CAREER (COMPETITIVE SERVICE PERMANENT),F,FULL-TIME,1,11,DC,DISTRICT OF COLUMBIA,US,UNITED STATES,139395,14
TR,DEPARTMENT OF TREASURY,TR91,DEPARTMENTAL OFFICES,SL,Other Separation,202411,50-54,17,MASTER'S DEGREE,18.8,0110,ECONOMIST,01,"SOCIAL SCIENCE, PSYCHOLOGY, AND WELFARE GROUP",ES,SENIOR EXECUTIVE SERVICE,STEM OCCUPATIONS,SCIENCE OCCUPATIONS,2,SUPERVISOR OR MANAGER,50,CAREER (SENIOR EXECUTIVE SERVICE PERMANENT),F,FULL-TIME,1,11,DC,DISTRICT OF COLUMBIA,US,UNITED STATES,210923,00
TR,DEPARTMENT OF TREASURY,TR91,DEPARTMENTAL OFFICES,SL,Other Separation,202502,35-39,17,MASTER'S DEGREE,12.0,0110,ECONOMIST,01,"SOCIAL SCIENCE, PSYCHOLOGY, AND WELFARE GROUP",ES,SENIOR EXECUTIVE SERVICE,STEM OCCUPATIONS,SCIENCE OCCUPATIONS,2,SUPERVISOR OR MANAGER,50,CAREER (SENIOR EXECUTIVE SERVICE PERMANENT),F,FULL-TIME,1,11,DC,DISTRICT OF COLUMBIA,US,UNITED STATES,192437,00
TR,DEPARTMENT OF TREASURY,TR91,DEPARTMENTAL OFFICES,SL,Other Separation,202411,30-34,13,BACHELOR'S DEGREE,8.3,0110,ECONOMIST,01,"SOCIAL SCIENCE, PSYCHOLOGY, AND WELFARE GROUP",GS,GENERAL SCHEDULE,STEM OCCUPATIONS,SCIENCE OCCUPATIONS,2,SUPERVISOR OR MANAGER,10,CAREER (COMPETITIVE SERVICE PERMANENT),F,FULL-TIME,1,11,DC,DISTRICT OF COLUMBIA,US,UNITED STATES,163964,15
TR,DEPARTMENT OF TREASURY,TR91,DEPARTMENTAL OFFICES,SA,Transfer Out - Individual Transfer,202412,40-44,13,BACHELOR'S DEGREE,5.7,0110,ECONOMIST,01,"SOCIAL SCIENCE, PSYCHOLOGY, AND WELFARE GROUP",GS,GENERAL SCHEDULE,STEM OCCUPATIONS,SCIENCE OCCUPATIONS,8,ALL OTHER POSITIONS,20,NONPERMANENT (COMPETITTIVE SERVICE NONPERMANENT),F,FULL-TIME,1,11,DC,DISTRICT OF COLUMBIA,US,UNITED STATES,191289,15
TD,DEPARTMENT OF TRANSPORTATION,TD04,FEDERAL HIGHWAY ADMINISTRATION,SD,Retirement - Voluntary,202412,60-64,21,DOCTORATE DEGREE,28.8,0110,ECONOMIST,01,"SOCIAL SCIENCE, PSYCHOLOGY, AND WELFARE GROUP",GS,GENERAL SCHEDULE,STEM OCCUPATIONS,SCIENCE OCCUPATIONS,8,ALL OTHER POSITIONS,10,CAREER (COMPETITIVE SERVICE PERMANENT),F,FULL-TIME,1,51,VA,VIRGINIA,US,UNITED STATES,181216,14
TD,DEPARTMENT OF TRANSPORTATION,TD12,OFFICE OF INSPECTOR GENERAL,SD,Retirement - Voluntary,202503,65 or more,13,BACHELOR'S DEGREE,20.9,0110,ECONOMIST,01,"SOCIAL SCIENCE, PSYCHOLOGY, AND WELFARE GROUP",SL,SENIOR LEVEL POSITIONS,STEM OCCUPATIONS,SCIENCE OCCUPATIONS,2,SUPERVISOR OR MANAGER,10,CAREER (COMPETITIVE SERVICE PERMANENT),F,FULL-TIME,1,11,DC,DISTRICT OF COLUMBIA,US,UNITED STATES,211440,00
TR,DEPARTMENT OF TREASURY,TR91,DEPARTMENTAL OFFICES,SC,Quit,202501,40-44,17,MASTER'S DEGREE,10.1,0110,ECONOMIST,01,"SOCIAL SCIENCE, PSYCHOLOGY, AND WELFARE GROUP",GS,GENERAL SCHEDULE,STEM OCCUPATIONS,SCIENCE OCCUPATIONS,8,ALL OTHER POSITIONS,10,CAREER (COMPETITIVE SERVICE PERMANENT),F,FULL-TIME,1,11,DC,DISTRICT OF COLUMBIA,US,UNITED STATES,180359,15
TR,DEPARTMENT OF TREASURY,TR91,DEPARTMENTAL OFFICES,SC,Quit,202408,25-29,04,HIGH SCHOOL GRADUATE OR CERTIFICATE OF EQUIVALENCY,0.9,0110,ECONOMIST,01,"SOCIAL SCIENCE, PSYCHOLOGY, AND WELFARE GROUP",GS,GENERAL SCHEDULE,STEM OCCUPATIONS,SCIENCE OCCUPATIONS,8,ALL OTHER POSITIONS,40,SCHEDULE A (EXCEPTED SERVICE NONPERMANENT),F,FULL-TIME,1,11,DC,DISTRICT OF COLUMBIA,US,UNITED STATES,105812,12
TR,DEPARTMENT OF TREASURY,TR91,DEPARTMENTAL OFFICES,SC,Quit,202501,50-54,17,MASTER'S DEGREE,25.4,0110,ECONOMIST,01,"SOCIAL SCIENCE, PSYCHOLOGY, AND WELFARE GROUP",ES,SENIOR EXECUTIVE SERVICE,STEM OCCUPATIONS,SCIENCE OCCUPATIONS,2,SUPERVISOR OR MANAGER,55,NONCAREER (SENIOR EXECUTIVE SERVICE PERMANENT),F,FULL-TIME,1,11,DC,DISTRICT OF COLUMBIA,US,UNITED STATES,171000,00
TR,DEPARTMENT OF TREASURY,TR91,DEPARTMENTAL OFFICES,SC,Quit,202411,35-39,17,MASTER'S DEGREE,9.1,0110,ECONOMIST,01,"SOCIAL SCIENCE, PSYCHOLOGY, AND WELFARE GROUP",GS,GENERAL SCHEDULE,STEM OCCUPATIONS,SCIENCE OCCUPATIONS,2,SUPERVISOR OR MANAGER,15,CAREER-CONDITIONAL (COMPETITIVE SERVICE PERMANENT),F,FULL-TIME,1,11,DC,DISTRICT OF COLUMBIA,US,UNITED STATES,191900,15
TR,DEPARTMENT OF TREASURY,TR91,DEPARTMENTAL OFFICES,SC,Quit,202501,45-49,17,MASTER'S DEGREE,21.5,0110,ECONOMIST,01,"SOCIAL SCIENCE, PSYCHOLOGY, AND WELFARE GROUP",GS,GENERAL SCHEDULE,STEM OCCUPATIONS,SCIENCE OCCUPATIONS,8,ALL OTHER POSITIONS,10,CAREER (COMPETITIVE SERVICE PERMANENT),F,FULL-TIME,1,11,DC,DISTRICT OF COLUMBIA,US,UNITED STATES,191900,15
TR,DEPARTMENT OF TREASURY,TR91,DEPARTMENTAL OFFICES,SL,Other Separation,202410,45-49,17,MASTER'S DEGREE,9.9,0110,ECONOMIST,01,"SOCIAL SCIENCE, PSYCHOLOGY, AND WELFARE GROUP",GS,GENERAL SCHEDULE,STEM OCCUPATIONS,SCIENCE OCCUPATIONS,8,ALL OTHER POSITIONS,10,CAREER (COMPETITIVE SERVICE PERMANENT),F,FULL-TIME,1,11,DC,DISTRICT OF COLUMBIA,US,UNITED STATES,144042,14
TD,DEPARTMENT OF TRANSPORTATION,TD03,FEDERAL AVIATION ADMINISTRATION,SD,Retirement - Voluntary,202412,60-64,13,BACHELOR'S DEGREE,25.8,0110,ECONOMIST,01,"SOCIAL SCIENCE, PSYCHOLOGY, AND WELFARE GROUP",FV,FEDERAL AVIATION ADMINISTRATION CORE COMPENSATION PLAN,STEM OCCUPATIONS,SCIENCE OCCUPATIONS,8,ALL OTHER POSITIONS,38,OTHER (EXCEPTED SERVICE PERMANENT),F,FULL-TIME,1,11,DC,DISTRICT OF COLUMBIA,US,UNITED STATES,189689,J
TD,DEPARTMENT OF TRANSPORTATION,TD03,FEDERAL AVIATION ADMINISTRATION,SA,Transfer Out - Individual Transfer,202501,50-54,17,MASTER'S DEGREE,26.6,0110,ECONOMIST,01,"SOCIAL SCIENCE, PSYCHOLOGY, AND WELFARE GROUP",FV,FEDERAL AVIATION ADMINISTRATION CORE COMPENSATION PLAN,STEM OCCUPATIONS,SCIENCE OCCUPATIONS,8,ALL OTHER POSITIONS,38,OTHER (EXCEPTED SERVICE PERMANENT),F,FULL-TIME,1,11,DC,DISTRICT OF COLUMBIA,US,UNITED STATES,191051,J
TD,DEPARTMENT OF TRANSPORTATION,TD05,FEDERAL RAILROAD ADMINISTRATION,SA,Transfer Out - Individual Transfer,202411,50-54,18,POST-MASTER'S,19.8,0110,ECONOMIST,01,"SOCIAL SCIENCE, PSYCHOLOGY, AND WELFARE GROUP",GS,GENERAL SCHEDULE,STEM OCCUPATIONS,SCIENCE OCCUPATIONS,8,ALL OTHER POSITIONS,10,CAREER (COMPETITIVE SERVICE PERMANENT),F,FULL-TIME,1,11,DC,DISTRICT OF COLUMBIA,US,UNITED STATES,157982,14
TR,DEPARTMENT OF TREASURY,TR91,DEPARTMENTAL OFFICES,SC,Quit,202501,65 or more,17,MASTER'S DEGREE,0.2,0110,ECONOMIST,01,"SOCIAL SCIENCE, PSYCHOLOGY, AND WELFARE GROUP",ES,SENIOR EXECUTIVE SERVICE,STEM OCCUPATIONS,SCIENCE OCCUPATIONS,2,SUPERVISOR OR MANAGER,55,NONCAREER (SENIOR EXECUTIVE SERVICE PERMANENT),F,FULL-TIME,1,11,DC,DISTRICT OF COLUMBIA,US,UNITED STATES,160000,00
TD,DEPARTMENT OF TRANSPORTATION,TD03,FEDERAL AVIATION ADMINISTRATION,SD,Retirement - Voluntary,202412,65 or more,21,DOCTORATE DEGREE,22.7,0110,ECONOMIST,01,"SOCIAL SCIENCE, PSYCHOLOGY, AND WELFARE GROUP",FV,FEDERAL AVIATION ADMINISTRATION CORE COMPENSATION PLAN,STEM OCCUPATIONS,SCIENCE OCCUPATIONS,8,ALL OTHER POSITIONS,38,OTHER (EXCEPTED SERVICE PERMANENT),F,FULL-TIME,1,11,DC,DISTRICT OF COLUMBIA,US,UNITED STATES,182384,J
TR,DEPARTMENT OF TREASURY,TR91,DEPARTMENTAL OFFICES,SC,Quit,202409,35-39,17,MASTER'S DEGREE,1.3,0110,ECONOMIST,01,"SOCIAL SCIENCE, PSYCHOLOGY, AND WELFARE GROUP",GS,GENERAL SCHEDULE,STEM OCCUPATIONS,SCIENCE OCCUPATIONS,8,ALL OTHER POSITIONS,15,CAREER-CONDITIONAL (COMPETITIVE SERVICE PERMANENT),F,FULL-TIME,1,11,DC,DISTRICT OF COLUMBIA,US,UNITED STATES,181216,14
TD,DEPARTMENT OF TRANSPORTATION,TD10,NATIONAL HIGHWAY TRAFFIC SAFETY ADMINISTRATION,SC,Quit,202501,40-44,21,DOCTORATE DEGREE,1.5,0110,ECONOMIST,01,"SOCIAL SCIENCE, PSYCHOLOGY, AND WELFARE GROUP",GS,GENERAL SCHEDULE,STEM OCCUPATIONS,SCIENCE OCCUPATIONS,8,ALL OTHER POSITIONS,15,CAREER-CONDITIONAL (COMPETITIVE SERVICE PERMANENT),F,FULL-TIME,1,48,TX,TEXAS,US,UNITED STATES,149893,13
TR,DEPARTMENT OF TREASURY,TR91,DEPARTMENTAL OFFICES,SC,Quit,202409,40-44,17,MASTER'S DEGREE,1.0,0110,ECONOMIST,01,"SOCIAL SCIENCE, PSYCHOLOGY, AND WELFARE GROUP",ES,SENIOR EXECUTIVE SERVICE,STEM OCCUPATIONS,SCIENCE OCCUPATIONS,2,SUPERVISOR OR MANAGER,55,NONCAREER (SENIOR EXECUTIVE SERVICE PERMANENT),F,FULL-TIME,1,11,DC,DISTRICT OF COLUMBIA,US,UNITED STATES,171000,00
TR,DEPARTMENT OF TREASURY,TR91,DEPARTMENTAL OFFICES,SD,Retirement - Voluntary,202411,65 or more,21,DOCTORATE DEGREE,39.1,0110,ECONOMIST,01,"SOCIAL SCIENCE, PSYCHOLOGY, AND WELFARE GROUP",ES,SENIOR EXECUTIVE SERVICE,STEM OCCUPATIONS,SCIENCE OCCUPATIONS,2,SUPERVISOR OR MANAGER,50,CAREER (SENIOR EXECUTIVE SERVICE PERMANENT),F,FULL-TIME,1,11,DC,DISTRICT OF COLUMBIA,US,UNITED STATES,215922,00
DL,DEPARTMENT OF LABOR,DLLS,BUREAU OF LABOR STATISTICS,SA,Transfer Out - Individual Transfer,202412,35-39,13,BACHELOR'S DEGREE,15.8,0110,ECONOMIST,01,"SOCIAL SCIENCE, PSYCHOLOGY, AND WELFARE GROUP",GS,GENERAL SCHEDULE,STEM OCCUPATIONS,SCIENCE OCCUPATIONS,8,ALL OTHER POSITIONS,10,CAREER (COMPETITIVE SERVICE PERMANENT),F,FULL-TIME,1,51,VA,VIRGINIA,US,UNITED STATES,141557,13
DL,DEPARTMENT OF LABOR,DLLS,BUREAU OF LABOR STATISTICS,SD,Retirement - Voluntary,202501,65 or more,04,HIGH SCHOOL GRADUATE OR CERTIFICATE OF EQUIVALENCY,27.0,0119,ECONOMICS ASSISTANT,01,"SOCIAL SCIENCE, PSYCHOLOGY, AND WELFARE GROUP",GS,GENERAL SCHEDULE,ALL OTHER OCCUPATIONS,ALL OTHER OCCUPATIONS,8,ALL OTHER POSITIONS,10,CAREER (COMPETITIVE SERVICE PERMANENT),P,PART-TIME,1,34,NJ,NEW JERSEY,US,UNITED STATES,74874,07
DL,DEPARTMENT OF LABOR,DLLS,BUREAU OF LABOR STATISTICS,SC,Quit,202412,65 or more,13,BACHELOR'S DEGREE,37.4,0110,ECONOMIST,01,"SOCIAL SCIENCE, PSYCHOLOGY, AND WELFARE GROUP",GS,GENERAL SCHEDULE,STEM OCCUPATIONS,SCIENCE OCCUPATIONS,8,ALL OTHER POSITIONS,20,NONPERMANENT (COMPETITTIVE SERVICE NONPERMANENT),I,INTERMITTENT,1,24,MD,MARYLAND,US,UNITED STATES,181216,14
DL,DEPARTMENT OF LABOR,DLLS,BUREAU OF LABOR STATISTICS,SC,Quit,202502,25-29,13,BACHELOR'S DEGREE,3.7,0110,ECONOMIST,01,"SOCIAL SCIENCE, PSYCHOLOGY, AND WELFARE GROUP",GS,GENERAL SCHEDULE,STEM OCCUPATIONS,SCIENCE OCCUPATIONS,8,ALL OTHER POSITIONS,10,CAREER (COMPETITIVE SERVICE PERMANENT),F,FULL-TIME,1,12,FL,FLORIDA,US,UNITED STATES,91576,12
DL,DEPARTMENT OF LABOR,DLLS,BUREAU OF LABOR STATISTICS,SC,Quit,202412,50-54,13,BACHELOR'S DEGREE,27.5,0110,ECONOMIST,01,"SOCIAL SCIENCE, PSYCHOLOGY, AND WELFARE GROUP",GS,GENERAL SCHEDULE,STEM OCCUPATIONS,SCIENCE OCCUPATIONS,8,ALL OTHER POSITIONS,10,CAREER (COMPETITIVE SERVICE PERMANENT),F,FULL-TIME,1,51,VA,VIRGINIA,US,UNITED STATES,117972,12
DL,DEPARTMENT OF LABOR,DLLS,BUREAU OF LABOR STATISTICS,SC,Quit,202412,40-44,13,BACHELOR'S DEGREE,7.3,0119,ECONOMICS ASSISTANT,01,"SOCIAL SCIENCE, PSYCHOLOGY, AND WELFARE GROUP",GS,GENERAL SCHEDULE,ALL OTHER OCCUPATIONS,ALL OTHER OCCUPATIONS,8,ALL OTHER POSITIONS,15,CAREER-CONDITIONAL (COMPETITIVE SERVICE PERMANENT),P,PART-TIME,1,32,NV,NEVADA,US,UNITED STATES,52508,05
DL,DEPARTMENT OF LABOR,DLLS,BUREAU OF LABOR STATISTICS,SC,Quit,202412,20-24,13,BACHELOR'S DEGREE,1.4,0110,ECONOMIST,01,"SOCIAL SCIENCE, PSYCHOLOGY, AND WELFARE GROUP",GS,GENERAL SCHEDULE,STEM OCCUPATIONS,SCIENCE OCCUPATIONS,8,ALL OTHER POSITIONS,15,CAREER-CONDITIONAL (COMPETITIVE SERVICE PERMANENT),F,FULL-TIME,1,48,TX,TEXAS,US,UNITED STATES,69154,09
FD,FEDERAL DEPOSIT INSURANCE CORPORATION,FD00,FEDERAL DEPOSIT INSURANCE CORPORATION,SD,Retirement - Voluntary,202501,65 or more,17,MASTER'S DEGREE,28.2,0110,ECONOMIST,01,"SOCIAL SCIENCE, PSYCHOLOGY, AND WELFARE GROUP",CG,CORPORATE GRADED,STEM OCCUPATIONS,SCIENCE OCCUPATIONS,8,ALL OTHER POSITIONS,10,CAREER (COMPETITIVE SERVICE PERMANENT),F,FULL-TIME,1,48,TX,TEXAS,US,UNITED STATES,244633,14
DL,DEPARTMENT OF LABOR,DLLS,BUREAU OF LABOR STATISTICS,SC,Quit,202502,25-29,04,HIGH SCHOOL GRADUATE OR CERTIFICATE OF EQUIVALENCY,4.8,0110,ECONOMIST,01,"SOCIAL SCIENCE, PSYCHOLOGY, AND WELFARE GROUP",GS,GENERAL SCHEDULE,STEM OCCUPATIONS,SCIENCE OCCUPATIONS,8,ALL OTHER POSITIONS,10,CAREER (COMPETITIVE SERVICE PERMANENT),F,FULL-TIME,1,11,DC,DISTRICT OF COLUMBIA,US,UNITED STATES,120579,13
DL,DEPARTMENT OF LABOR,DLLS,BUREAU OF LABOR STATISTICS,SA,Transfer Out - Individual Transfer,202501,25-29,13,BACHELOR'S DEGREE,4.3,0110,ECONOMIST,01,"SOCIAL SCIENCE, PSYCHOLOGY, AND WELFARE GROUP",GS,GENERAL SCHEDULE,STEM OCCUPATIONS,SCIENCE OCCUPATIONS,8,ALL OTHER POSITIONS,10,CAREER (COMPETITIVE SERVICE PERMANENT),F,FULL-TIME,1,11,DC,DISTRICT OF COLUMBIA,US,UNITED STATES,102506,12
DL,DEPARTMENT OF LABOR,DLLS,BUREAU OF LABOR STATISTICS,SC,Quit,202412,30-34,04,HIGH SCHOOL GRADUATE OR CERTIFICATE OF EQUIVALENCY,3.3,0119,ECONOMICS ASSISTANT,01,"SOCIAL SCIENCE, PSYCHOLOGY, AND WELFARE GROUP",GS,GENERAL SCHEDULE,ALL OTHER OCCUPATIONS,ALL OTHER OCCUPATIONS,8,ALL OTHER POSITIONS,10,CAREER (COMPETITIVE SERVICE PERMANENT),P,PART-TIME,1,11,DC,DISTRICT OF COLUMBIA,US,UNITED STATES,46650,05
DL,DEPARTMENT OF LABOR,DLLS,BUREAU OF LABOR STATISTICS,SC,Quit,202502,25-29,13,BACHELOR'S DEGREE,3.6,0110,ECONOMIST,01,"SOCIAL SCIENCE, PSYCHOLOGY, AND WELFARE GROUP",GS,GENERAL SCHEDULE,STEM OCCUPATIONS,SCIENCE OCCUPATIONS,8,ALL OTHER POSITIONS,10,CAREER (COMPETITIVE SERVICE PERMANENT),F,FULL-TIME,1,06,CA,CALIFORNIA,US,UNITED STATES,103316,12
DL,DEPARTMENT OF LABOR,DLLS,BUREAU OF LABOR STATISTICS,SC,Quit,202501,20-24,13,BACHELOR'S DEGREE,1.3,0110,ECONOMIST,01,"SOCIAL SCIENCE, PSYCHOLOGY, AND WELFARE GROUP",GS,GENERAL SCHEDULE,STEM OCCUPATIONS,SCIENCE OCCUPATIONS,8,ALL OTHER POSITIONS,15,CAREER-CONDITIONAL (COMPETITIVE SERVICE PERMANENT),F,FULL-TIME,1,29,MO,MISSOURI,US,UNITED STATES,61408,09
DL,DEPARTMENT OF LABOR,DLLS,BUREAU OF LABOR STATISTICS,SD,Retirement - Voluntary,202501,60-64,13,BACHELOR'S DEGREE,38.0,0110,ECONOMIST,01,"SOCIAL SCIENCE, PSYCHOLOGY, AND WELFARE GROUP",GS,GENERAL SCHEDULE,STEM OCCUPATIONS,SCIENCE OCCUPATIONS,8,ALL OTHER POSITIONS,10,CAREER (COMPETITIVE SERVICE PERMANENT),F,FULL-TIME,1,36,NY,NEW YORK,US,UNITED STATES,135773,12
DL,DEPARTMENT OF LABOR,DLLS,BUREAU OF LABOR STATISTICS,SC,Quit,202501,60-64,04,HIGH SCHOOL GRADUATE OR CERTIFICATE OF EQUIVALENCY,0.0,0119,ECONOMICS ASSISTANT,01,"SOCIAL SCIENCE, PSYCHOLOGY, AND WELFARE GROUP",GS,GENERAL SCHEDULE,ALL OTHER OCCUPATIONS,ALL OTHER OCCUPATIONS,8,ALL OTHER POSITIONS,15,CAREER-CONDITIONAL (COMPETITIVE SERVICE PERMANENT),P,PART-TIME,1,34,NJ,NEW JERSEY,US,UNITED STATES,47529,05
DL,DEPARTMENT OF LABOR,DLLS,BUREAU OF LABOR STATISTICS,SC,Quit,202501,35-39,13,BACHELOR'S DEGREE,0.4,0119,ECONOMICS ASSISTANT,01,"SOCIAL SCIENCE, PSYCHOLOGY, AND WELFARE GROUP",GS,GENERAL SCHEDULE,ALL OTHER OCCUPATIONS,ALL OTHER OCCUPATIONS,8,ALL OTHER POSITIONS,15,CAREER-CONDITIONAL (COMPETITIVE SERVICE PERMANENT),P,PART-TIME,1,32,NV,NEVADA,US,UNITED STATES,41197,05
DL,DEPARTMENT OF LABOR,DLLS,BUREAU OF LABOR STATISTICS,SA,Transfer Out - Individual Transfer,202412,50-54,17,MASTER'S DEGREE,0.2,0119,ECONOMICS ASSISTANT,01,"SOCIAL SCIENCE, PSYCHOLOGY, AND WELFARE GROUP",GS,GENERAL SCHEDULE,ALL OTHER OCCUPATIONS,ALL OTHER OCCUPATIONS,8,ALL OTHER POSITIONS,15,CAREER-CONDITIONAL (COMPETITIVE SERVICE PERMANENT),P,PART-TIME,1,12,FL,FLORIDA,US,UNITED STATES,53389,05
DN,DEPARTMENT OF ENERGY,DN00,DEPARTMENT OF ENERGY,SA,Transfer Out - Individual Transfer,202501,35-39,21,DOCTORATE DEGREE,1.5,0110,ECONOMIST,01,"SOCIAL SCIENCE, PSYCHOLOGY, AND WELFARE GROUP",GS,GENERAL SCHEDULE,STEM OCCUPATIONS,SCIENCE OCCUPATIONS,8,ALL OTHER POSITIONS,15,CAREER-CONDITIONAL (COMPETITIVE SERVICE PERMANENT),F,FULL-TIME,1,41,OR,OREGON,US,UNITED STATES,95488,12
DL,DEPARTMENT OF LABOR,DLLS,BUREAU OF LABOR STATISTICS,SA,Transfer Out - Individual Transfer,202412,30-34,17,MASTER'S DEGREE,2.8,0110,ECONOMIST,01,"SOCIAL SCIENCE, PSYCHOLOGY, AND WELFARE GROUP",GS,GENERAL SCHEDULE,STEM OCCUPATIONS,SCIENCE OCCUPATIONS,8,ALL OTHER POSITIONS,15,CAREER-CONDITIONAL (COMPETITIVE SERVICE PERMANENT),F,FULL-TIME,1,11,DC,DISTRICT OF COLUMBIA,US,UNITED STATES,99200,12
DL,DEPARTMENT OF LABOR,DLLS,BUREAU OF LABOR STATISTICS,SL,Other Separation,202412,60-64,17,MASTER'S DEGREE,7.3,0119,ECONOMICS ASSISTANT,01,"SOCIAL SCIENCE, PSYCHOLOGY, AND WELFARE GROUP",GS,GENERAL SCHEDULE,ALL OTHER OCCUPATIONS,ALL OTHER OCCUPATIONS,8,ALL OTHER POSITIONS,15,CAREER-CONDITIONAL (COMPETITIVE SERVICE PERMANENT),P,PART-TIME,1,11,DC,DISTRICT OF COLUMBIA,US,UNITED STATES,58686,05
FC,FEDERAL COMMUNICATIONS COMMISSION,FC00,FEDERAL COMMUNICATIONS COMMISSION,SD,Retirement - Voluntary,202501,65 or more,21,DOCTORATE DEGREE,25.7,0110,ECONOMIST,01,"SOCIAL SCIENCE, PSYCHOLOGY, AND WELFARE GROUP",GS,GENERAL SCHEDULE,STEM OCCUPATIONS,SCIENCE OCCUPATIONS,2,SUPERVISOR OR MANAGER,10,CAREER (COMPETITIVE SERVICE PERMANENT),F,FULL-TIME,1,11,DC,DISTRICT OF COLUMBIA,US,UNITED STATES,191900,15
DN,DEPARTMENT OF ENERGY,DN00,DEPARTMENT OF ENERGY,SC,Quit,202503,25-29,04,HIGH SCHOOL GRADUATE OR CERTIFICATE OF EQUIVALENCY,2.4,0110,ECONOMIST,01,"SOCIAL SCIENCE, PSYCHOLOGY, AND WELFARE GROUP",GS,GENERAL SCHEDULE,STEM OCCUPATIONS,SCIENCE OCCUPATIONS,8,ALL OTHER POSITIONS,15,CAREER-CONDITIONAL (COMPETITIVE SERVICE PERMANENT),F,FULL-TIME,1,49,UT,UTAH,US,UNITED STATES,119435,13
FC,FEDERAL COMMUNICATIONS COMMISSION,FC00,FEDERAL COMMUNICATIONS COMMISSION,SD,Retirement - Voluntary,202501,65 or more,21,DOCTORATE DEGREE,27.6,0110,ECONOMIST,01,"SOCIAL SCIENCE, PSYCHOLOGY, AND WELFARE GROUP",GS,GENERAL SCHEDULE,STEM OCCUPATIONS,SCIENCE OCCUPATIONS,8,ALL OTHER POSITIONS,10,CAREER (COMPETITIVE SERVICE PERMANENT),F,FULL-TIME,1,11,DC,DISTRICT OF COLUMBIA,US,UNITED STATES,191900,15
DL,DEPARTMENT OF LABOR,DLLS,BUREAU OF LABOR STATISTICS,SD,Retirement - Voluntary,202501,65 or more,21,DOCTORATE DEGREE,24.4,0110,ECONOMIST,01,"SOCIAL SCIENCE, PSYCHOLOGY, AND WELFARE GROUP",GS,GENERAL SCHEDULE,STEM OCCUPATIONS,SCIENCE OCCUPATIONS,8,ALL OTHER POSITIONS,10,CAREER (COMPETITIVE SERVICE PERMANENT),F,FULL-TIME,1,24,MD,MARYLAND,US,UNITED STATES,181216,14
DL,DEPARTMENT OF LABOR,DLLS,BUREAU OF LABOR STATISTICS,SD,Retirement - Voluntary,202412,65 or more,13,BACHELOR'S DEGREE,41.6,0110,ECONOMIST,01,"SOCIAL SCIENCE, PSYCHOLOGY, AND WELFARE GROUP",GS,GENERAL SCHEDULE,STEM OCCUPATIONS,SCIENCE OCCUPATIONS,2,SUPERVISOR OR MANAGER,10,CAREER (COMPETITIVE SERVICE PERMANENT),F,FULL-TIME,1,45,SC,SOUTH CAROLINA,US,UNITED STATES,162900,15
FD,FEDERAL DEPOSIT INSURANCE CORPORATION,FD00,FEDERAL DEPOSIT INSURANCE CORPORATION,SA,Transfer Out - Individual Transfer,202412,25-29,13,BACHELOR'S DEGREE,3.3,0110,ECONOMIST,01,"SOCIAL SCIENCE, PSYCHOLOGY, AND WELFARE GROUP",CG,CORPORATE GRADED,STEM OCCUPATIONS,SCIENCE OCCUPATIONS,8,ALL OTHER POSITIONS,40,SCHEDULE A (EXCEPTED SERVICE NONPERMANENT),F,FULL-TIME,1,11,DC,DISTRICT OF COLUMBIA,US,UNITED STATES,61586,07
DL,DEPARTMENT OF LABOR,DLLS,BUREAU OF LABOR STATISTICS,SC,Quit,202501,65 or more,04,HIGH SCHOOL GRADUATE OR CERTIFICATE OF EQUIVALENCY,2.8,0119,ECONOMICS ASSISTANT,01,"SOCIAL SCIENCE, PSYCHOLOGY, AND WELFARE GROUP",GS,GENERAL SCHEDULE,ALL OTHER OCCUPATIONS,ALL OTHER OCCUPATIONS,8,ALL OTHER POSITIONS,15,CAREER-CONDITIONAL (COMPETITIVE SERVICE PERMANENT),P,PART-TIME,1,01,AL,ALABAMA,US,UNITED STATES,48382,06
DL,DEPARTMENT OF LABOR,DLLS,BUREAU OF LABOR STATISTICS,SD,Retirement - Voluntary,202501,65 or more,18,POST-MASTER'S,41.8,0110,ECONOMIST,01,"SOCIAL SCIENCE, PSYCHOLOGY, AND WELFARE GROUP",GS,GENERAL SCHEDULE,STEM OCCUPATIONS,SCIENCE OCCUPATIONS,8,ALL OTHER POSITIONS,10,CAREER (COMPETITIVE SERVICE PERMANENT),F,FULL-TIME,1,24,MD,MARYLAND,US,UNITED STATES,181216,14
DL,DEPARTMENT OF LABOR,DLAM,OFFICE OF THE ASSISTANT SECRETARY FOR ADMINISTRATION AND MANAGEMENT,SD,Retirement - Voluntary,202412,65 or more,12,FOUR YEARS COLLEGE,46.5,0110,ECONOMIST,01,"SOCIAL SCIENCE, PSYCHOLOGY, AND WELFARE GROUP",GS,GENERAL SCHEDULE,STEM OCCUPATIONS,SCIENCE OCCUPATIONS,8,ALL OTHER POSITIONS,10,CAREER (COMPETITIVE SERVICE PERMANENT),F,FULL-TIME,1,41,OR,OREGON,US,UNITED STATES,144608,13
DL,DEPARTMENT OF LABOR,DLLS,BUREAU OF LABOR STATISTICS,SC,Quit,202502,45-49,04,HIGH SCHOOL GRADUATE OR CERTIFICATE OF EQUIVALENCY,1.0,0119,ECONOMICS ASSISTANT,01,"SOCIAL SCIENCE, PSYCHOLOGY, AND WELFARE GROUP",GS,GENERAL SCHEDULE,ALL OTHER OCCUPATIONS,ALL OTHER OCCUPATIONS,8,ALL OTHER POSITIONS,15,CAREER-CONDITIONAL (COMPETITIVE SERVICE PERMANENT),P,PART-TIME,1,06,CA,CALIFORNIA,US,UNITED STATES,52100,05
DL,DEPARTMENT OF LABOR,DLPE,OFFICE OF THE ASSISTANT SECRETARY FOR POLICY,SA,Transfer Out - Individual Transfer,202501,30-34,17,MASTER'S DEGREE,6.5,0110,ECONOMIST,01,"SOCIAL SCIENCE, PSYCHOLOGY, AND WELFARE GROUP",GS,GENERAL SCHEDULE,STEM OCCUPATIONS,SCIENCE OCCUPATIONS,8,ALL OTHER POSITIONS,10,CAREER (COMPETITIVE SERVICE PERMANENT),F,FULL-TIME,1,11,DC,DISTRICT OF COLUMBIA,US,UNITED STATES,121894,13
FT,FEDERAL TRADE COMMISSION,FT00,FEDERAL TRADE COMMISSION,SJ,Termination (Expired Appt/Other),202503,30-34,18,POST-MASTER'S,0.8,0110,ECONOMIST,01,"SOCIAL SCIENCE, PSYCHOLOGY, AND WELFARE GROUP",GS,GENERAL SCHEDULE,STEM OCCUPATIONS,SCIENCE OCCUPATIONS,8,ALL OTHER POSITIONS,15,CAREER-CONDITIONAL (COMPETITIVE SERVICE PERMANENT),F,FULL-TIME,1,11,DC,DISTRICT OF COLUMBIA,US,UNITED STATES,156755,13
DL,DEPARTMENT OF LABOR,DLLS,BUREAU OF LABOR STATISTICS,SA,Transfer Out - Individual Transfer,202501,25-29,13,BACHELOR'S DEGREE,4.7,0110,ECONOMIST,01,"SOCIAL SCIENCE, PSYCHOLOGY, AND WELFARE GROUP",GS,GENERAL SCHEDULE,STEM OCCUPATIONS,SCIENCE OCCUPATIONS,8,ALL OTHER POSITIONS,10,CAREER (COMPETITIVE SERVICE PERMANENT),F,FULL-TIME,1,11,DC,DISTRICT OF COLUMBIA,US,UNITED STATES,102506,12
DL,DEPARTMENT OF LABOR,DLLS,BUREAU OF LABOR STATISTICS,SC,Quit,202501,40-44,17,MASTER'S DEGREE,0.8,0119,ECONOMICS ASSISTANT,01,"SOCIAL SCIENCE, PSYCHOLOGY, AND WELFARE GROUP",GS,GENERAL SCHEDULE,ALL OTHER OCCUPATIONS,ALL OTHER OCCUPATIONS,8,ALL OTHER POSITIONS,15,CAREER-CONDITIONAL (COMPETITIVE SERVICE PERMANENT),P,PART-TIME,1,53,WA,WASHINGTON,US,UNITED STATES,44316,05
EP,ENVIRONMENTAL PROTECTION AGENCY,EP00,ENVIRONMENTAL PROTECTION AGENCY,SD,Retirement - Voluntary,202503,65 or more,22,POST-DOCTORATE,20.2,0110,ECONOMIST,01,"SOCIAL SCIENCE, PSYCHOLOGY, AND WELFARE GROUP",GS,GENERAL SCHEDULE,STEM OCCUPATIONS,SCIENCE OCCUPATIONS,8,ALL OTHER POSITIONS,10,CAREER (COMPETITIVE SERVICE PERMANENT),F,FULL-TIME,1,37,NC,NORTH CAROLINA,US,UNITED STATES,143062,13
DL,DEPARTMENT OF LABOR,DLLS,BUREAU OF LABOR STATISTICS,SD,Retirement - Voluntary,202501,65 or more,09,TWO YEARS COLLEGE,20.6,0119,ECONOMICS ASSISTANT,01,"SOCIAL SCIENCE, PSYCHOLOGY, AND WELFARE GROUP",GS,GENERAL SCHEDULE,ALL OTHER OCCUPATIONS,ALL OTHER OCCUPATIONS,8,ALL OTHER POSITIONS,10,CAREER (COMPETITIVE SERVICE PERMANENT),P,PART-TIME,1,12,FL,FLORIDA,US,UNITED STATES,62099,07
DL,DEPARTMENT OF LABOR,DLLS,BUREAU OF LABOR STATISTICS,SD,Retirement - Voluntary,202501,65 or more,13,BACHELOR'S DEGREE,27.6,0119,ECONOMICS ASSISTANT,01,"SOCIAL SCIENCE, PSYCHOLOGY, AND WELFARE GROUP",GS,GENERAL SCHEDULE,ALL OTHER OCCUPATIONS,ALL OTHER OCCUPATIONS,8,ALL OTHER POSITIONS,10,CAREER (COMPETITIVE SERVICE PERMANENT),P,PART-TIME,1,06,CA,CALIFORNIA,US,UNITED STATES,75722,07
DL,DEPARTMENT OF LABOR,DLLS,BUREAU OF LABOR STATISTICS,SD,Retirement - Voluntary,202412,60-64,17,MASTER'S DEGREE,35.1,0110,ECONOMIST,01,"SOCIAL SCIENCE, PSYCHOLOGY, AND WELFARE GROUP",GS,GENERAL SCHEDULE,STEM OCCUPATIONS,SCIENCE OCCUPATIONS,8,ALL OTHER POSITIONS,10,CAREER (COMPETITIVE SERVICE PERMANENT),F,FULL-TIME,1,51,VA,VIRGINIA,US,UNITED STATES,181216,14
DL,DEPARTMENT OF LABOR,DLLS,BUREAU OF LABOR STATISTICS,SD,Retirement - Voluntary,202501,60-64,15,FIRST PROFESSIONAL,34.3,0110,ECONOMIST,01,"SOCIAL SCIENCE, PSYCHOLOGY, AND WELFARE GROUP",GS,GENERAL SCHEDULE,STEM OCCUPATIONS,SCIENCE OCCUPATIONS,2,SUPERVISOR OR MANAGER,10,CAREER (COMPETITIVE SERVICE PERMANENT),F,FULL-TIME,1,51,VA,VIRGINIA,US,UNITED STATES,181216,14
DL,DEPARTMENT OF LABOR,DLLS,BUREAU OF LABOR STATISTICS,SD,Retirement - Voluntary,202412,65 or more,13,BACHELOR'S DEGREE,19.1,0119,ECONOMICS ASSISTANT,01,"SOCIAL SCIENCE, PSYCHOLOGY, AND WELFARE GROUP",GS,GENERAL SCHEDULE,ALL OTHER OCCUPATIONS,ALL OTHER OCCUPATIONS,8,ALL OTHER POSITIONS,10,CAREER (COMPETITIVE SERVICE PERMANENT),P,PART-TIME,1,08,CO,COLORADO,US,UNITED STATES,69042,07
DL,DEPARTMENT OF LABOR,DLLS,BUREAU OF LABOR STATISTICS,SD,Retirement - Voluntary,202501,60-64,13,BACHELOR'S DEGREE,38.7,0110,ECONOMIST,01,"SOCIAL SCIENCE, PSYCHOLOGY, AND WELFARE GROUP",GS,GENERAL SCHEDULE,STEM OCCUPATIONS,SCIENCE OCCUPATIONS,8,ALL OTHER POSITIONS,10,CAREER (COMPETITIVE SERVICE PERMANENT),F,FULL-TIME,1,13,GA,GEORGIA,US,UNITED STATES,119463,12
FC,FEDERAL COMMUNICATIONS COMMISSION,FC00,FEDERAL COMMUNICATIONS COMMISSION,SD,Retirement - Voluntary,202412,65 or more,21,DOCTORATE DEGREE,30.3,0110,ECONOMIST,01,"SOCIAL SCIENCE, PSYCHOLOGY, AND WELFARE GROUP",GS,GENERAL SCHEDULE,STEM OCCUPATIONS,SCIENCE OCCUPATIONS,8,ALL OTHER POSITIONS,10,CAREER (COMPETITIVE SERVICE PERMANENT),F,FULL-TIME,1,06,CA,CALIFORNIA,US,UNITED STATES,187381,15
TR,DEPARTMENT OF TREASURY,TR93,INTERNAL REVENUE SERVICE,SC,Quit,202503,30-34,04,HIGH SCHOOL GRADUATE OR CERTIFICATE OF EQUIVALENCY,1.3,0110,ECONOMIST,01,"SOCIAL SCIENCE, PSYCHOLOGY, AND WELFARE GROUP",GS,GENERAL SCHEDULE,STEM OCCUPATIONS,SCIENCE OCCUPATIONS,8,ALL OTHER POSITIONS,15,CAREER-CONDITIONAL (COMPETITIVE SERVICE PERMANENT),F,FULL-TIME,1,37,NC,NORTH CAROLINA,US,UNITED STATES,143062,13
TR,DEPARTMENT OF TREASURY,TR93,INTERNAL REVENUE SERVICE,SC,Quit,202503,20-24,04,HIGH SCHOOL GRADUATE OR CERTIFICATE OF EQUIVALENCY,0.5,0110,ECONOMIST,01,"SOCIAL SCIENCE, PSYCHOLOGY, AND WELFARE GROUP",GS,GENERAL SCHEDULE,STEM OCCUPATIONS,SCIENCE OCCUPATIONS,8,ALL OTHER POSITIONS,35,SCHEDULE D (EXCEPTED SERVICE PERMANENT),F,FULL-TIME,1,17,IL,ILLINOIS,US,UNITED STATES,55850,07
TR,DEPARTMENT OF TREASURY,TRAJ,OFFICE OF THE COMPTROLLER OF THE CURRENCY,SC,Quit,202503,35-39,21,DOCTORATE DEGREE,8.6,0110,ECONOMIST,01,"SOCIAL SCIENCE, PSYCHOLOGY, AND WELFARE GROUP",NB,OFFICE OF THE COMPTROLLER OF THE CURRENCY ONLY,STEM OCCUPATIONS,SCIENCE OCCUPATIONS,8,ALL OTHER POSITIONS,10,CAREER (COMPETITIVE SERVICE PERMANENT),F,FULL-TIME,1,11,DC,DISTRICT OF COLUMBIA,US,UNITED STATES,228875,06
HS,DEPARTMENT OF HOMELAND SECURITY,HSAB,CITIZENSHIP AND IMMIGRATION SERVICES,SA,Transfer Out - Individual Transfer,202501,40-44,13,BACHELOR'S DEGREE,20.2,0110,ECONOMIST,01,"SOCIAL SCIENCE, PSYCHOLOGY, AND WELFARE GROUP",GS,GENERAL SCHEDULE,STEM OCCUPATIONS,SCIENCE OCCUPATIONS,8,ALL OTHER POSITIONS,10,CAREER (COMPETITIVE SERVICE PERMANENT),F,FULL-TIME,1,24,MD,MARYLAND,US,UNITED STATES,181216,14
CM,DEPARTMENT OF COMMERCE,CM55,INTERNATIONAL TRADE ADMINISTRATION,SC,Quit,202405,30-34,17,MASTER'S DEGREE,9.5,0110,ECONOMIST,01,"SOCIAL SCIENCE, PSYCHOLOGY, AND WELFARE GROUP",GS,GENERAL SCHEDULE,STEM OCCUPATIONS,SCIENCE OCCUPATIONS,8,ALL OTHER POSITIONS,10,CAREER (COMPETITIVE SERVICE PERMANENT),F,FULL-TIME,1,11,DC,DISTRICT OF COLUMBIA,US,UNITED STATES,109119,12
CM,DEPARTMENT OF COMMERCE,CM63,U.S. CENSUS BUREAU,SC,Quit,202405,30-34,21,DOCTORATE DEGREE,0.8,0110,ECONOMIST,01,"SOCIAL SCIENCE, PSYCHOLOGY, AND WELFARE GROUP",GS,GENERAL SCHEDULE,STEM OCCUPATIONS,SCIENCE OCCUPATIONS,8,ALL OTHER POSITIONS,15,CAREER-CONDITIONAL (COMPETITIVE SERVICE PERMANENT),F,FULL-TIME,1,24,MD,MARYLAND,US,UNITED STATES,153354,13
CM,DEPARTMENT OF COMMERCE,CM63,U.S. CENSUS BUREAU,SC,Quit,202405,35-39,17,MASTER'S DEGREE,7.8,0110,ECONOMIST,01,"SOCIAL SCIENCE, PSYCHOLOGY, AND WELFARE GROUP",GS,GENERAL SCHEDULE,STEM OCCUPATIONS,SCIENCE OCCUPATIONS,8,ALL OTHER POSITIONS,10,CAREER (COMPETITIVE SERVICE PERMANENT),F,FULL-TIME,1,24,MD,MARYLAND,US,UNITED STATES,141557,13
CM,DEPARTMENT OF COMMERCE,CM61,NATIONAL TELECOMMUNICATIONS AND INFORMATION ADMINISTRATION,SA,Transfer Out - Individual Transfer,202412,40-44,04,HIGH SCHOOL GRADUATE OR CERTIFICATE OF EQUIVALENCY,0.3,0110,ECONOMIST,01,"SOCIAL SCIENCE, PSYCHOLOGY, AND WELFARE GROUP",GS,GENERAL SCHEDULE,STEM OCCUPATIONS,SCIENCE OCCUPATIONS,8,ALL OTHER POSITIONS,15,CAREER-CONDITIONAL (COMPETITIVE SERVICE PERMANENT),F,FULL-TIME,1,11,DC,DISTRICT OF COLUMBIA,US,UNITED STATES,171923,14
CE,COUNCIL OF ECONOMIC ADVISERS,CE00,COUNCIL OF ECONOMIC ADVISERS,SC,Quit,202412,25-29,13,BACHELOR'S DEGREE,0.4,0110,ECONOMIST,01,"SOCIAL SCIENCE, PSYCHOLOGY, AND WELFARE GROUP",AD,"ADMINISTRATIVELY DETERMINED RATES, NOT ELSEWHERE SPECIFIED",STEM OCCUPATIONS,SCIENCE OCCUPATIONS,8,ALL OTHER POSITIONS,48,OTHER (EXCEPTED SERVICE NONPERMANENT),F,FULL-TIME,1,11,DC,DISTRICT OF COLUMBIA,US,UNITED STATES,64000,00
CE,COUNCIL OF ECONOMIC ADVISERS,CE00,COUNCIL OF ECONOMIC ADVISERS,SC,Quit,202501,30-34,17,MASTER'S DEGREE,0.8,0110,ECONOMIST,01,"SOCIAL SCIENCE, PSYCHOLOGY, AND WELFARE GROUP",AD,"ADMINISTRATIVELY DETERMINED RATES, NOT ELSEWHERE SPECIFIED",STEM OCCUPATIONS,SCIENCE OCCUPATIONS,8,ALL OTHER POSITIONS,48,OTHER (EXCEPTED SERVICE NONPERMANENT),F,FULL-TIME,1,11,DC,DISTRICT OF COLUMBIA,US,UNITED STATES,65408,00
CE,COUNCIL OF ECONOMIC ADVISERS,CE00,COUNCIL OF ECONOMIC ADVISERS,SC,Quit,202501,30-34,21,DOCTORATE DEGREE,0.5,0110,ECONOMIST,01,"SOCIAL SCIENCE, PSYCHOLOGY, AND WELFARE GROUP",AD,"ADMINISTRATIVELY DETERMINED RATES, NOT ELSEWHERE SPECIFIED",STEM OCCUPATIONS,SCIENCE OCCUPATIONS,8,ALL OTHER POSITIONS,48,OTHER (EXCEPTED SERVICE NONPERMANENT),F,FULL-TIME,1,11,DC,DISTRICT OF COLUMBIA,US,UNITED STATES,117530,00
CM,DEPARTMENT OF COMMERCE,CM53,BUREAU OF ECONOMIC ANALYSIS,SD,Retirement - Voluntary,202412,60-64,17,MASTER'S DEGREE,35.3,0110,ECONOMIST,01,"SOCIAL SCIENCE, PSYCHOLOGY, AND WELFARE GROUP",ZP,SCIENTIFIC AND ENGINEERING PROFESSIONAL,STEM OCCUPATIONS,SCIENCE OCCUPATIONS,2,SUPERVISOR OR MANAGER,10,CAREER (COMPETITIVE SERVICE PERMANENT),F,FULL-TIME,1,24,MD,MARYLAND,US,UNITED STATES,191900,04
CM,DEPARTMENT OF COMMERCE,CM53,BUREAU OF ECONOMIC ANALYSIS,SG,Retirement - Other,202502,50-54,17,MASTER'S DEGREE,25.7,0110,ECONOMIST,01,"SOCIAL SCIENCE, PSYCHOLOGY, AND WELFARE GROUP",ZP,SCIENTIFIC AND ENGINEERING PROFESSIONAL,STEM OCCUPATIONS,SCIENCE OCCUPATIONS,8,ALL OTHER POSITIONS,10,CAREER (COMPETITIVE SERVICE PERMANENT),F,FULL-TIME,1,51,VA,VIRGINIA,US,UNITED STATES,195200,05
CM,DEPARTMENT OF COMMERCE,CM53,BUREAU OF ECONOMIC ANALYSIS,SD,Retirement - Voluntary,202412,55-59,13,BACHELOR'S DEGREE,32.5,0110,ECONOMIST,01,"SOCIAL SCIENCE, PSYCHOLOGY, AND WELFARE GROUP",ZP,SCIENTIFIC AND ENGINEERING PROFESSIONAL,STEM OCCUPATIONS,SCIENCE OCCUPATIONS,8,ALL OTHER POSITIONS,10,CAREER (COMPETITIVE SERVICE PERMANENT),F,FULL-TIME,1,24,MD,MARYLAND,US,UNITED STATES,191900,05
CM,DEPARTMENT OF COMMERCE,CM53,BUREAU OF ECONOMIC ANALYSIS,SD,Retirement - Voluntary,202412,65 or more,21,DOCTORATE DEGREE,12.4,0110,ECONOMIST,01,"SOCIAL SCIENCE, PSYCHOLOGY, AND WELFARE GROUP",ZP,SCIENTIFIC AND ENGINEERING PROFESSIONAL,STEM OCCUPATIONS,SCIENCE OCCUPATIONS,8,ALL OTHER POSITIONS,10,CAREER (COMPETITIVE SERVICE PERMANENT),F,FULL-TIME,1,24,MD,MARYLAND,US,UNITED STATES,180608,04
CM,DEPARTMENT OF COMMERCE,CM63,U.S. CENSUS BUREAU,SJ,Termination (Expired Appt/Other),202501,35-39,21,DOCTORATE DEGREE,3.9,0110,ECONOMIST,01,"SOCIAL SCIENCE, PSYCHOLOGY, AND WELFARE GROUP",GS,GENERAL SCHEDULE,STEM OCCUPATIONS,SCIENCE OCCUPATIONS,8,ALL OTHER POSITIONS,40,SCHEDULE A (EXCEPTED SERVICE NONPERMANENT),I,INTERMITTENT,1,36,NY,NEW YORK,US,UNITED STATES,172621,15
CM,DEPARTMENT OF COMMERCE,CM53,BUREAU OF ECONOMIC ANALYSIS,SE,Retirement - Early Out,202501,50-54,17,MASTER'S DEGREE,27.3,0110,ECONOMIST,01,"SOCIAL SCIENCE, PSYCHOLOGY, AND WELFARE GROUP",ZP,SCIENTIFIC AND ENGINEERING PROFESSIONAL,STEM OCCUPATIONS,SCIENCE OCCUPATIONS,8,ALL OTHER POSITIONS,10,CAREER (COMPETITIVE SERVICE PERMANENT),F,FULL-TIME,1,24,MD,MARYLAND,US,UNITED STATES,131826,03
CE,COUNCIL OF ECONOMIC ADVISERS,CE00,COUNCIL OF ECONOMIC ADVISERS,SC,Quit,202412,25-29,13,BACHELOR'S DEGREE,0.3,0110,ECONOMIST,01,"SOCIAL SCIENCE, PSYCHOLOGY, AND WELFARE GROUP",AD,"ADMINISTRATIVELY DETERMINED RATES, NOT ELSEWHERE SPECIFIED",STEM OCCUPATIONS,SCIENCE OCCUPATIONS,8,ALL OTHER POSITIONS,48,OTHER (EXCEPTED SERVICE NONPERMANENT),F,FULL-TIME,1,11,DC,DISTRICT OF COLUMBIA,US,UNITED STATES,64000,00
CM,DEPARTMENT OF COMMERCE,CM54,NATIONAL OCEANIC AND ATMOSPHERIC ADMINISTRATION,SD,Retirement - Voluntary,202501,60-64,17,MASTER'S DEGREE,38.0,0110,ECONOMIST,01,"SOCIAL SCIENCE, PSYCHOLOGY, AND WELFARE GROUP",ZP,SCIENTIFIC AND ENGINEERING PROFESSIONAL,STEM OCCUPATIONS,SCIENCE OCCUPATIONS,8,ALL OTHER POSITIONS,10,CAREER (COMPETITIVE SERVICE PERMANENT),F,FULL-TIME,1,25,MA,MASSACHUSETTS,US,UNITED STATES,183353,04
CM,DEPARTMENT OF COMMERCE,CM53,BUREAU OF ECONOMIC ANALYSIS,SD,Retirement - Voluntary,202501,60-64,13,BACHELOR'S DEGREE,39.8,0110,ECONOMIST,01,"SOCIAL SCIENCE, PSYCHOLOGY, AND WELFARE GROUP",ZP,SCIENTIFIC AND ENGINEERING PROFESSIONAL,STEM OCCUPATIONS,SCIENCE OCCUPATIONS,8,ALL OTHER POSITIONS,10,CAREER (COMPETITIVE SERVICE PERMANENT),F,FULL-TIME,1,24,MD,MARYLAND,US,UNITED STATES,131826,03
CM,DEPARTMENT OF COMMERCE,CM63,U.S. CENSUS BUREAU,SA,Transfer Out - Individual Transfer,202501,40-44,17,MASTER'S DEGREE,13.4,0110,ECONOMIST,01,"SOCIAL SCIENCE, PSYCHOLOGY, AND WELFARE GROUP",GS,GENERAL SCHEDULE,STEM OCCUPATIONS,SCIENCE OCCUPATIONS,2,SUPERVISOR OR MANAGER,10,CAREER (COMPETITIVE SERVICE PERMANENT),F,FULL-TIME,1,24,MD,MARYLAND,US,UNITED STATES,185824,15
CE,COUNCIL OF ECONOMIC ADVISERS,CE00,COUNCIL OF ECONOMIC ADVISERS,SC,Quit,202502,25-29,17,MASTER'S DEGREE,0.5,0110,ECONOMIST,01,"SOCIAL SCIENCE, PSYCHOLOGY, AND WELFARE GROUP",AD,"ADMINISTRATIVELY DETERMINED RATES, NOT ELSEWHERE SPECIFIED",STEM OCCUPATIONS,SCIENCE OCCUPATIONS,8,ALL OTHER POSITIONS,48,OTHER (EXCEPTED SERVICE NONPERMANENT),F,FULL-TIME,1,11,DC,DISTRICT OF COLUMBIA,US,UNITED STATES,65408,00
CE,COUNCIL OF ECONOMIC ADVISERS,CE00,COUNCIL OF ECONOMIC ADVISERS,SC,Quit,202501,25-29,18,POST-MASTER'S,0.5,0110,ECONOMIST,01,"SOCIAL SCIENCE, PSYCHOLOGY, AND WELFARE GROUP",AD,"ADMINISTRATIVELY DETERMINED RATES, NOT ELSEWHERE SPECIFIED",STEM OCCUPATIONS,SCIENCE OCCUPATIONS,8,ALL OTHER POSITIONS,48,OTHER (EXCEPTED SERVICE NONPERMANENT),F,FULL-TIME,1,11,DC,DISTRICT OF COLUMBIA,US,UNITED STATES,65408,00
SK,CONSUMER PRODUCT SAFETY COMMISSION,SK00,CONSUMER PRODUCT SAFETY COMMISSION,SD,Retirement - Voluntary,202405,55-59,17,MASTER'S DEGREE,16.9,0110,ECONOMIST,01,"SOCIAL SCIENCE, PSYCHOLOGY, AND WELFARE GROUP",GS,GENERAL SCHEDULE,STEM OCCUPATIONS,SCIENCE OCCUPATIONS,8,ALL OTHER POSITIONS,10,CAREER (COMPETITIVE SERVICE PERMANENT),F,FULL-TIME,1,24,MD,MARYLAND,US,UNITED STATES,153354,13
TC,U.S. INTERNATIONAL TRADE COMMISSION,TC00,U.S. INTERNATIONAL TRADE COMMISSION,SA,Transfer Out - Individual Transfer,202407,35-39,17,MASTER'S DEGREE,8.1,0110,ECONOMIST,01,"SOCIAL SCIENCE, PSYCHOLOGY, AND WELFARE GROUP",GS,GENERAL SCHEDULE,STEM OCCUPATIONS,SCIENCE OCCUPATIONS,8,ALL OTHER POSITIONS,10,CAREER (COMPETITIVE SERVICE PERMANENT),P,PART-TIME,1,11,DC,DISTRICT OF COLUMBIA,US,UNITED STATES,129759,13
SE,SECURITIES AND EXCHANGE COMMISSION,SE00,SECURITIES AND EXCHANGE COMMISSION,SC,Quit,202408,45-49,21,DOCTORATE DEGREE,2.3,0110,ECONOMIST,01,"SOCIAL SCIENCE, PSYCHOLOGY, AND WELFARE GROUP",SK,NON-SUPERVISORY POSITIONS EMPLOYED BY THE SECURITIES AND EXCHANGE COMMISSION (SEC) AND FORMERLY UNDER GS PAY,STEM OCCUPATIONS,SCIENCE OCCUPATIONS,8,ALL OTHER POSITIONS,15,CAREER-CONDITIONAL (COMPETITIVE SERVICE PERMANENT),F,FULL-TIME,1,11,DC,DISTRICT OF COLUMBIA,US,UNITED STATES,213630,14
SE,SECURITIES AND EXCHANGE COMMISSION,SE00,SECURITIES AND EXCHANGE COMMISSION,SC,Quit,202406,35-39,21,DOCTORATE DEGREE,1.8,0110,ECONOMIST,01,"SOCIAL SCIENCE, PSYCHOLOGY, AND WELFARE GROUP",SK,NON-SUPERVISORY POSITIONS EMPLOYED BY THE SECURITIES AND EXCHANGE COMMISSION (SEC) AND FORMERLY UNDER GS PAY,STEM OCCUPATIONS,SCIENCE OCCUPATIONS,8,ALL OTHER POSITIONS,15,CAREER-CONDITIONAL (COMPETITIVE SERVICE PERMANENT),F,FULL-TIME,1,11,DC,DISTRICT OF COLUMBIA,US,UNITED STATES,190771,14
SE,SECURITIES AND EXCHANGE COMMISSION,SE00,SECURITIES AND EXCHANGE COMMISSION,SC,Quit,202408,35-39,21,DOCTORATE DEGREE,6.0,0110,ECONOMIST,01,"SOCIAL SCIENCE, PSYCHOLOGY, AND WELFARE GROUP",SK,NON-SUPERVISORY POSITIONS EMPLOYED BY THE SECURITIES AND EXCHANGE COMMISSION (SEC) AND FORMERLY UNDER GS PAY,STEM OCCUPATIONS,SCIENCE OCCUPATIONS,8,ALL OTHER POSITIONS,10,CAREER (COMPETITIVE SERVICE PERMANENT),F,FULL-TIME,1,13,GA,GEORGIA,US,UNITED STATES,232761,14
SE,SECURITIES AND EXCHANGE COMMISSION,SE00,SECURITIES AND EXCHANGE COMMISSION,SC,Quit,202407,40-44,21,DOCTORATE DEGREE,2.0,0110,ECONOMIST,01,"SOCIAL SCIENCE, PSYCHOLOGY, AND WELFARE GROUP",ED,EXPERT (5 U.S.C. 3109),STEM OCCUPATIONS,SCIENCE OCCUPATIONS,8,ALL OTHER POSITIONS,48,OTHER (EXCEPTED SERVICE NONPERMANENT),I,INTERMITTENT,1,06,CA,CALIFORNIA,US,UNITED STATES,188414,00
SZ,SOCIAL SECURITY ADMINISTRATION,SZ00,SOCIAL SECURITY ADMINISTRATION,SD,Retirement - Voluntary,202404,65 or more,21,DOCTORATE DEGREE,8.6,0110,ECONOMIST,01,"SOCIAL SCIENCE, PSYCHOLOGY, AND WELFARE GROUP",GS,GENERAL SCHEDULE,STEM OCCUPATIONS,SCIENCE OCCUPATIONS,8,ALL OTHER POSITIONS,10,CAREER (COMPETITIVE SERVICE PERMANENT),F,FULL-TIME,1,11,DC,DISTRICT OF COLUMBIA,US,UNITED STATES,153354,13
SZ,SOCIAL SECURITY ADMINISTRATION,SZ00,SOCIAL SECURITY ADMINISTRATION,SD,Retirement - Voluntary,202404,65 or more,21,DOCTORATE DEGREE,22.5,0110,ECONOMIST,01,"SOCIAL SCIENCE, PSYCHOLOGY, AND WELFARE GROUP",GS,GENERAL SCHEDULE,STEM OCCUPATIONS,SCIENCE OCCUPATIONS,8,ALL OTHER POSITIONS,10,CAREER (COMPETITIVE SERVICE PERMANENT),F,FULL-TIME,1,24,MD,MARYLAND,US,UNITED STATES,176570,14
ST,DEPARTMENT OF STATE,ST00,DEPARTMENT OF STATE,SC,Quit,202408,30-34,21,DOCTORATE DEGREE,1.5,0110,ECONOMIST,01,"SOCIAL SCIENCE, PSYCHOLOGY, AND WELFARE GROUP",GS,GENERAL SCHEDULE,STEM OCCUPATIONS,SCIENCE OCCUPATIONS,8,ALL OTHER POSITIONS,15,CAREER-CONDITIONAL (COMPETITIVE SERVICE PERMANENT),F,FULL-TIME,1,11,DC,DISTRICT OF COLUMBIA,US,UNITED STATES,121894,13
HE,DEPARTMENT OF HEALTH AND HUMAN SERVICES,HE70,CENTERS FOR MEDICARE & MEDICAID SERVICES,SC,Quit,202502,30-34,21,DOCTORATE DEGREE,1.8,0110,ECONOMIST,01,"SOCIAL SCIENCE, PSYCHOLOGY, AND WELFARE GROUP",GS,GENERAL SCHEDULE,STEM OCCUPATIONS,SCIENCE OCCUPATIONS,8,ALL OTHER POSITIONS,15,CAREER-CONDITIONAL (COMPETITIVE SERVICE PERMANENT),F,FULL-TIME,1,24,MD,MARYLAND,US,UNITED STATES,124599,13
HE,DEPARTMENT OF HEALTH AND HUMAN SERVICES,HE70,CENTERS FOR MEDICARE & MEDICAID SERVICES,SC,Quit,202412,30-34,17,MASTER'S DEGREE,2.3,0110,ECONOMIST,01,"SOCIAL SCIENCE, PSYCHOLOGY, AND WELFARE GROUP",GS,GENERAL SCHEDULE,STEM OCCUPATIONS,SCIENCE OCCUPATIONS,8,ALL OTHER POSITIONS,15,CAREER-CONDITIONAL (COMPETITIVE SERVICE PERMANENT),F,FULL-TIME,1,50,VT,VERMONT,US,UNITED STATES,109224,12
HE,DEPARTMENT OF HEALTH AND HUMAN SERVICES,HE70,CENTERS FOR MEDICARE & MEDICAID SERVICES,SC,Quit,202503,30-34,17,MASTER'S DEGREE,4.5,0110,ECONOMIST,01,"SOCIAL SCIENCE, PSYCHOLOGY, AND WELFARE GROUP",GS,GENERAL SCHEDULE,STEM OCCUPATIONS,SCIENCE OCCUPATIONS,8,ALL OTHER POSITIONS,10,CAREER (COMPETITIVE SERVICE PERMANENT),F,FULL-TIME,1,24,MD,MARYLAND,US,UNITED STATES,120579,13
HE,DEPARTMENT OF HEALTH AND HUMAN SERVICES,HE39,CENTERS FOR DISEASE CONTROL AND PREVENTION,SD,Retirement - Voluntary,202503,65 or more,21,DOCTORATE DEGREE,28.1,0110,ECONOMIST,01,"SOCIAL SCIENCE, PSYCHOLOGY, AND WELFARE GROUP",RF,EMPLOYEES APPOINTED AND COMPENSATED AS SPECIAL CONSULTANTS UNDER 42 U.S.C. 209(F). INCLUDES NON-CITIZENS WHOSE,STEM OCCUPATIONS,SCIENCE OCCUPATIONS,8,ALL OTHER POSITIONS,48,OTHER (EXCEPTED SERVICE NONPERMANENT),F,FULL-TIME,1,13,GA,GEORGIA,US,UNITED STATES,199571,00
HE,DEPARTMENT OF HEALTH AND HUMAN SERVICES,HE70,CENTERS FOR MEDICARE & MEDICAID SERVICES,SC,Quit,202503,30-34,13,BACHELOR'S DEGREE,2.1,0110,ECONOMIST,01,"SOCIAL SCIENCE, PSYCHOLOGY, AND WELFARE GROUP",GS,GENERAL SCHEDULE,STEM OCCUPATIONS,SCIENCE OCCUPATIONS,8,ALL OTHER POSITIONS,15,CAREER-CONDITIONAL (COMPETITIVE SERVICE PERMANENT),F,FULL-TIME,1,11,DC,DISTRICT OF COLUMBIA,US,UNITED STATES,124599,13
HE,DEPARTMENT OF HEALTH AND HUMAN SERVICES,HE39,CENTERS FOR DISEASE CONTROL AND PREVENTION,SD,Retirement - Voluntary,202412,65 or more,22,POST-DOCTORATE,26.5,0110,ECONOMIST,01,"SOCIAL SCIENCE, PSYCHOLOGY, AND WELFARE GROUP",GS,GENERAL SCHEDULE,STEM OCCUPATIONS,SCIENCE OCCUPATIONS,8,ALL OTHER POSITIONS,10,CAREER (COMPETITIVE SERVICE PERMANENT),F,FULL-TIME,1,13,GA,GEORGIA,US,UNITED STATES,191900,15
HE,DEPARTMENT OF HEALTH AND HUMAN SERVICES,HE70,CENTERS FOR MEDICARE & MEDICAID SERVICES,SC,Quit,202503,25-29,13,BACHELOR'S DEGREE,0.7,0110,ECONOMIST,01,"SOCIAL SCIENCE, PSYCHOLOGY, AND WELFARE GROUP",GS,GENERAL SCHEDULE,STEM OCCUPATIONS,SCIENCE OCCUPATIONS,8,ALL OTHER POSITIONS,15,CAREER-CONDITIONAL (COMPETITIVE SERVICE PERMANENT),F,FULL-TIME,1,11,DC,DISTRICT OF COLUMBIA,US,UNITED STATES,128446,12
MC,FEDERAL MARITIME COMMISSION,MC00,FEDERAL MARITIME COMMISSION,SA,Transfer Out - Individual Transfer,202501,35-39,17,MASTER'S DEGREE,3.3,0110,ECONOMIST,01,"SOCIAL SCIENCE, PSYCHOLOGY, AND WELFARE GROUP",GS,GENERAL SCHEDULE,STEM OCCUPATIONS,SCIENCE OCCUPATIONS,8,ALL OTHER POSITIONS,10,CAREER (COMPETITIVE SERVICE PERMANENT),F,FULL-TIME,1,11,DC,DISTRICT OF COLUMBIA,US,UNITED STATES,121894,13
IN,DEPARTMENT OF INTERIOR,IN07,BUREAU OF RECLAMATION,SD,Retirement - Voluntary,202412,65 or more,15,FIRST PROFESSIONAL,32.6,0110,ECONOMIST,01,"SOCIAL SCIENCE, PSYCHOLOGY, AND WELFARE GROUP",GS,GENERAL SCHEDULE,STEM OCCUPATIONS,SCIENCE OCCUPATIONS,8,ALL OTHER POSITIONS,10,CAREER (COMPETITIVE SERVICE PERMANENT),F,FULL-TIME,1,32,NV,NEVADA,US,UNITED STATES,162129,14
MC,FEDERAL MARITIME COMMISSION,MC00,FEDERAL MARITIME COMMISSION,SA,Transfer Out - Individual Transfer,202501,35-39,17,MASTER'S DEGREE,9.8,0110,ECONOMIST,01,"SOCIAL SCIENCE, PSYCHOLOGY, AND WELFARE GROUP",GS,GENERAL SCHEDULE,STEM OCCUPATIONS,SCIENCE OCCUPATIONS,2,SUPERVISOR OR MANAGER,10,CAREER (COMPETITIVE SERVICE PERMANENT),F,FULL-TIME,1,11,DC,DISTRICT OF COLUMBIA,US,UNITED STATES,148689,14
IN,DEPARTMENT OF INTERIOR,IN15,U.S. FISH AND WILDLIFE SERVICE,SD,Retirement - Voluntary,202412,65 or more,17,MASTER'S DEGREE,39.3,0110,ECONOMIST,01,"SOCIAL SCIENCE, PSYCHOLOGY, AND WELFARE GROUP",GS,GENERAL SCHEDULE,STEM OCCUPATIONS,SCIENCE OCCUPATIONS,8,ALL OTHER POSITIONS,10,CAREER (COMPETITIVE SERVICE PERMANENT),F,FULL-TIME,1,51,VA,VIRGINIA,US,UNITED STATES,167276,14
MC,FEDERAL MARITIME COMMISSION,MC00,FEDERAL MARITIME COMMISSION,SC,Quit,202411,30-34,13,BACHELOR'S DEGREE,0.9,0110,ECONOMIST,01,"SOCIAL SCIENCE, PSYCHOLOGY, AND WELFARE GROUP",GS,GENERAL SCHEDULE,STEM OCCUPATIONS,SCIENCE OCCUPATIONS,8,ALL OTHER POSITIONS,15,CAREER-CONDITIONAL (COMPETITIVE SERVICE PERMANENT),F,FULL-TIME,1,11,DC,DISTRICT OF COLUMBIA,US,UNITED STATES,82764,11
HS,DEPARTMENT OF HOMELAND SECURITY,HSAB,CITIZENSHIP AND IMMIGRATION SERVICES,SD,Retirement - Voluntary,202407,65 or more,13,BACHELOR'S DEGREE,15.8,0110,ECONOMIST,01,"SOCIAL SCIENCE, PSYCHOLOGY, AND WELFARE GROUP",GS,GENERAL SCHEDULE,STEM OCCUPATIONS,SCIENCE OCCUPATIONS,5,MANAGEMENT OFFICIAL (CSRA),10,CAREER (COMPETITIVE SERVICE PERMANENT),F,FULL-TIME,1,11,DC,DISTRICT OF COLUMBIA,US,UNITED STATES,191900,15
HS,DEPARTMENT OF HOMELAND SECURITY,HSAB,CITIZENSHIP AND IMMIGRATION SERVICES,SA,Transfer Out - Individual Transfer,202406,55-59,21,DOCTORATE DEGREE,14.4,0110,ECONOMIST,01,"SOCIAL SCIENCE, PSYCHOLOGY, AND WELFARE GROUP",GS,GENERAL SCHEDULE,STEM OCCUPATIONS,SCIENCE OCCUPATIONS,2,SUPERVISOR OR MANAGER,10,CAREER (COMPETITIVE SERVICE PERMANENT),F,FULL-TIME,1,11,DC,DISTRICT OF COLUMBIA,US,UNITED STATES,191900,15
DJ,DEPARTMENT OF JUSTICE,DJ01,"OFFICES, BOARDS AND DIVISIONS",SC,Quit,202405,35-39,21,DOCTORATE DEGREE,4.8,0110,ECONOMIST,01,"SOCIAL SCIENCE, PSYCHOLOGY, AND WELFARE GROUP",GS,GENERAL SCHEDULE,STEM OCCUPATIONS,SCIENCE OCCUPATIONS,8,ALL OTHER POSITIONS,10,CAREER (COMPETITIVE SERVICE PERMANENT),F,FULL-TIME,1,11,DC,DISTRICT OF COLUMBIA,US,UNITED STATES,185824,15
HF,FEDERAL HOUSING FINANCE AGENCY,HFHA,FEDERAL HOUSING FINANCE AGENCY,SC,Quit,202503,25-29,17,MASTER'S DEGREE,1.7,0110,ECONOMIST,01,"SOCIAL SCIENCE, PSYCHOLOGY, AND WELFARE GROUP",EL,NON-EXECUTIVE POSITIONS AT THE FEDERAL HOUSING FINANCE AGENCY,STEM OCCUPATIONS,SCIENCE OCCUPATIONS,8,ALL OTHER POSITIONS,15,CAREER-CONDITIONAL (COMPETITIVE SERVICE PERMANENT),F,FULL-TIME,1,11,DC,DISTRICT OF COLUMBIA,US,UNITED STATES,77409,09
HF,FEDERAL HOUSING FINANCE AGENCY,HFHA,FEDERAL HOUSING FINANCE AGENCY,SD,Retirement - Voluntary,202412,65 or more,21,DOCTORATE DEGREE,26.3,0110,ECONOMIST,01,"SOCIAL SCIENCE, PSYCHOLOGY, AND WELFARE GROUP",EL,NON-EXECUTIVE POSITIONS AT THE FEDERAL HOUSING FINANCE AGENCY,STEM OCCUPATIONS,SCIENCE OCCUPATIONS,2,SUPERVISOR OR MANAGER,10,CAREER (COMPETITIVE SERVICE PERMANENT),F,FULL-TIME,1,11,DC,DISTRICT OF COLUMBIA,US,UNITED STATES,284230,15
AM,U.S. AGENCY FOR INTERNATIONAL DEV,AM00,U.S. AGENCY FOR INTERNATIONAL DEVELOPMENT,SD,Retirement - Voluntary,202502,60-64,17,MASTER'S DEGREE,15.8,0110,ECONOMIST,01,"SOCIAL SCIENCE, PSYCHOLOGY, AND WELFARE GROUP",FP,FOREIGN SERVICE PERSONNEL,STEM OCCUPATIONS,SCIENCE OCCUPATIONS,8,ALL OTHER POSITIONS,48,OTHER (EXCEPTED SERVICE NONPERMANENT),F,FULL-TIME,1,11,DC,DISTRICT OF COLUMBIA,US,UNITED STATES,195200,01
TC,U.S. INTERNATIONAL TRADE COMMISSION,TC00,U.S. INTERNATIONAL TRADE COMMISSION,SD,Retirement - Voluntary,202412,55-59,17,MASTER'S DEGREE,32.9,0110,ECONOMIST,01,"SOCIAL SCIENCE, PSYCHOLOGY, AND WELFARE GROUP",GS,GENERAL SCHEDULE,STEM OCCUPATIONS,SCIENCE OCCUPATIONS,8,ALL OTHER POSITIONS,10,CAREER (COMPETITIVE SERVICE PERMANENT),F,FULL-TIME,1,16,ID,IDAHO,US,UNITED STATES,154787,14
SE,SECURITIES AND EXCHANGE COMMISSION,SE00,SECURITIES AND EXCHANGE COMMISSION,SC,Quit,202503,40-44,21,DOCTORATE DEGREE,8.5,0110,ECONOMIST,01,"SOCIAL SCIENCE, PSYCHOLOGY, AND WELFARE GROUP",SK,NON-SUPERVISORY POSITIONS EMPLOYED BY THE SECURITIES AND EXCHANGE COMMISSION (SEC) AND FORMERLY UNDER GS PAY,STEM OCCUPATIONS,SCIENCE OCCUPATIONS,2,SUPERVISOR OR MANAGER,10,CAREER (COMPETITIVE SERVICE PERMANENT),F,FULL-TIME,1,49,UT,UTAH,US,UNITED STATES,265117,17
SE,SECURITIES AND EXCHANGE COMMISSION,SE00,SECURITIES AND EXCHANGE COMMISSION,SC,Quit,202503,35-39,21,DOCTORATE DEGREE,3.3,0110,ECONOMIST,01,"SOCIAL SCIENCE, PSYCHOLOGY, AND WELFARE GROUP",SK,NON-SUPERVISORY POSITIONS EMPLOYED BY THE SECURITIES AND EXCHANGE COMMISSION (SEC) AND FORMERLY UNDER GS PAY,STEM OCCUPATIONS,SCIENCE OCCUPATIONS,2,SUPERVISOR OR MANAGER,10,CAREER (COMPETITIVE SERVICE PERMANENT),F,FULL-TIME,1,11,DC,DISTRICT OF COLUMBIA,US,UNITED STATES,242096,15
TC,U.S. INTERNATIONAL TRADE COMMISSION,TC00,U.S. INTERNATIONAL TRADE COMMISSION,SD,Retirement - Voluntary,202502,55-59,17,MASTER'S DEGREE,33.4,0110,ECONOMIST,01,"SOCIAL SCIENCE, PSYCHOLOGY, AND WELFARE GROUP",GS,GENERAL SCHEDULE,STEM OCCUPATIONS,SCIENCE OCCUPATIONS,2,SUPERVISOR OR MANAGER,10,CAREER (COMPETITIVE SERVICE PERMANENT),F,FULL-TIME,1,11,DC,DISTRICT OF COLUMBIA,US,UNITED STATES,195200,15
TD,DEPARTMENT OF TRANSPORTATION,TD01,OFFICE OF THE SECRETARY OF TRANSPORTATION,SC,Quit,202503,20-24,13,BACHELOR'S DEGREE,0.4,0110,ECONOMIST,01,"SOCIAL SCIENCE, PSYCHOLOGY, AND WELFARE GROUP",GS,GENERAL SCHEDULE,STEM OCCUPATIONS,SCIENCE OCCUPATIONS,8,ALL OTHER POSITIONS,15,CAREER-CONDITIONAL (COMPETITIVE SERVICE PERMANENT),F,FULL-TIME,1,25,MA,MASSACHUSETTS,US,UNITED STATES,56584,07
SZ,SOCIAL SECURITY ADMINISTRATION,SZ00,SOCIAL SECURITY ADMINISTRATION,SD,Retirement - Voluntary,202501,65 or more,17,MASTER'S DEGREE,54.3,0110,ECONOMIST,01,"SOCIAL SCIENCE, PSYCHOLOGY, AND WELFARE GROUP",GS,GENERAL SCHEDULE,STEM OCCUPATIONS,SCIENCE OCCUPATIONS,8,ALL OTHER POSITIONS,10,CAREER (COMPETITIVE SERVICE PERMANENT),F,FULL-TIME,1,11,DC,DISTRICT OF COLUMBIA,US,UNITED STATES,185234,14
TC,U.S. INTERNATIONAL TRADE COMMISSION,TC00,U.S. INTERNATIONAL TRADE COMMISSION,SC,Quit,202503,35-39,14,POST-BACHELOR'S,9.8,0110,ECONOMIST,01,"SOCIAL SCIENCE, PSYCHOLOGY, AND WELFARE GROUP",GS,GENERAL SCHEDULE,STEM OCCUPATIONS,SCIENCE OCCUPATIONS,8,ALL OTHER POSITIONS,10,CAREER (COMPETITIVE SERVICE PERMANENT),F,FULL-TIME,1,11,DC,DISTRICT OF COLUMBIA,US,UNITED STATES,142488,14
SE,SECURITIES AND EXCHANGE COMMISSION,SE00,SECURITIES AND EXCHANGE COMMISSION,SC,Quit,202411,25-29,21,DOCTORATE DEGREE,1.3,0110,ECONOMIST,01,"SOCIAL SCIENCE, PSYCHOLOGY, AND WELFARE GROUP",SK,NON-SUPERVISORY POSITIONS EMPLOYED BY THE SECURITIES AND EXCHANGE COMMISSION (SEC) AND FORMERLY UNDER GS PAY,STEM OCCUPATIONS,SCIENCE OCCUPATIONS,8,ALL OTHER POSITIONS,15,CAREER-CONDITIONAL (COMPETITIVE SERVICE PERMANENT),F,FULL-TIME,1,06,CA,CALIFORNIA,US,UNITED STATES,216904,14
TC,U.S. INTERNATIONAL TRADE COMMISSION,TC00,U.S. INTERNATIONAL TRADE COMMISSION,SC,Quit,202503,35-39,21,DOCTORATE DEGREE,8.7,0110,ECONOMIST,01,"SOCIAL SCIENCE, PSYCHOLOGY, AND WELFARE GROUP",GS,GENERAL SCHEDULE,STEM OCCUPATIONS,SCIENCE OCCUPATIONS,8,ALL OTHER POSITIONS,10,CAREER (COMPETITIVE SERVICE PERMANENT),F,FULL-TIME,1,11,DC,DISTRICT OF COLUMBIA,US,UNITED STATES,178776,15
TC,U.S. INTERNATIONAL TRADE COMMISSION,TC00,U.S. INTERNATIONAL TRADE COMMISSION,SC,Quit,202411,25-29,13,BACHELOR'S DEGREE,5.1,0110,ECONOMIST,01,"SOCIAL SCIENCE, PSYCHOLOGY, AND WELFARE GROUP",GS,GENERAL SCHEDULE,STEM OCCUPATIONS,SCIENCE OCCUPATIONS,8,ALL OTHER POSITIONS,15,CAREER-CONDITIONAL (COMPETITIVE SERVICE PERMANENT),F,FULL-TIME,1,11,DC,DISTRICT OF COLUMBIA,US,UNITED STATES,102506,12
SE,SECURITIES AND EXCHANGE COMMISSION,SE00,SECURITIES AND EXCHANGE COMMISSION,SC,Quit,202503,40-44,21,DOCTORATE DEGREE,4.5,0110,ECONOMIST,01,"SOCIAL SCIENCE, PSYCHOLOGY, AND WELFARE GROUP",SK,NON-SUPERVISORY POSITIONS EMPLOYED BY THE SECURITIES AND EXCHANGE COMMISSION (SEC) AND FORMERLY UNDER GS PAY,STEM OCCUPATIONS,SCIENCE OCCUPATIONS,8,ALL OTHER POSITIONS,10,CAREER (COMPETITIVE SERVICE PERMANENT),F,FULL-TIME,1,11,DC,DISTRICT OF COLUMBIA,US,UNITED STATES,237761,14
SE,SECURITIES AND EXCHANGE COMMISSION,SE00,SECURITIES AND EXCHANGE COMMISSION,SC,Quit,202503,40-44,21,DOCTORATE DEGREE,10.6,0110,ECONOMIST,01,"SOCIAL SCIENCE, PSYCHOLOGY, AND WELFARE GROUP",SK,NON-SUPERVISORY POSITIONS EMPLOYED BY THE SECURITIES AND EXCHANGE COMMISSION (SEC) AND FORMERLY UNDER GS PAY,STEM OCCUPATIONS,SCIENCE OCCUPATIONS,2,SUPERVISOR OR MANAGER,10,CAREER (COMPETITIVE SERVICE PERMANENT),F,FULL-TIME,1,11,DC,DISTRICT OF COLUMBIA,US,UNITED STATES,284600,17
TC,U.S. INTERNATIONAL TRADE COMMISSION,TC00,U.S. INTERNATIONAL TRADE COMMISSION,SD,Retirement - Voluntary,202412,65 or more,21,DOCTORATE DEGREE,29.2,0110,ECONOMIST,01,"SOCIAL SCIENCE, PSYCHOLOGY, AND WELFARE GROUP",GS,GENERAL SCHEDULE,STEM OCCUPATIONS,SCIENCE OCCUPATIONS,8,ALL OTHER POSITIONS,10,CAREER (COMPETITIVE SERVICE PERMANENT),F,FULL-TIME,1,11,DC,DISTRICT OF COLUMBIA,US,UNITED STATES,153354,13
SZ,SOCIAL SECURITY ADMINISTRATION,SZ00,SOCIAL SECURITY ADMINISTRATION,SD,Retirement - Voluntary,202501,65 or more,21,DOCTORATE DEGREE,34.3,0110,ECONOMIST,01,"SOCIAL SCIENCE, PSYCHOLOGY, AND WELFARE GROUP",GS,GENERAL SCHEDULE,STEM OCCUPATIONS,SCIENCE OCCUPATIONS,8,ALL OTHER POSITIONS,10,CAREER (COMPETITIVE SERVICE PERMANENT),F,FULL-TIME,1,24,MD,MARYLAND,US,UNITED STATES,181216,14
AG,DEPARTMENT OF AGRICULTURE,AG37,FOOD SAFETY AND INSPECTION SERVICE,SD,Retirement - Voluntary,202502,65 or more,21,DOCTORATE DEGREE,25.3,0110,ECONOMIST,01,"SOCIAL SCIENCE, PSYCHOLOGY, AND WELFARE GROUP",GS,GENERAL SCHEDULE,STEM OCCUPATIONS,SCIENCE OCCUPATIONS,8,ALL OTHER POSITIONS,10,CAREER (COMPETITIVE SERVICE PERMANENT),F,FULL-TIME,1,51,VA,VIRGINIA,US,UNITED STATES,185234,14
AG,DEPARTMENT OF AGRICULTURE,AG34,ANIMAL AND PLANT HEALTH INSPECTION SERVICE,SD,Retirement - Voluntary,202502,65 or more,17,MASTER'S DEGREE,26.8,0110,ECONOMIST,01,"SOCIAL SCIENCE, PSYCHOLOGY, AND WELFARE GROUP",GS,GENERAL SCHEDULE,STEM OCCUPATIONS,SCIENCE OCCUPATIONS,8,ALL OTHER POSITIONS,10,CAREER (COMPETITIVE SERVICE PERMANENT),F,FULL-TIME,1,51,VA,VIRGINIA,US,UNITED STATES,152736,13
AG,DEPARTMENT OF AGRICULTURE,AG38,OFFICE OF THE CHIEF ECONOMIST,SD,Retirement - Voluntary,202502,60-64,13,BACHELOR'S DEGREE,31.8,0110,ECONOMIST,01,"SOCIAL SCIENCE, PSYCHOLOGY, AND WELFARE GROUP",GS,GENERAL SCHEDULE,STEM OCCUPATIONS,SCIENCE OCCUPATIONS,8,ALL OTHER POSITIONS,10,CAREER (COMPETITIVE SERVICE PERMANENT),F,FULL-TIME,1,11,DC,DISTRICT OF COLUMBIA,US,UNITED STATES,195200,15
TD,DEPARTMENT OF TRANSPORTATION,TD17,FEDERAL MOTOR CARRIER SAFETY ADMINISTRATION,SC,Quit,202407,25-29,17,MASTER'S DEGREE,0.8,0110,ECONOMIST,01,"SOCIAL SCIENCE, PSYCHOLOGY, AND WELFARE GROUP",GS,GENERAL SCHEDULE,STEM OCCUPATIONS,SCIENCE OCCUPATIONS,8,ALL OTHER POSITIONS,15,CAREER-CONDITIONAL (COMPETITIVE SERVICE PERMANENT),F,FULL-TIME,1,11,DC,DISTRICT OF COLUMBIA,US,UNITED STATES,117962,13
TR,DEPARTMENT OF TREASURY,TR91,DEPARTMENTAL OFFICES,SL,Other Separation,202406,35-39,17,MASTER'S DEGREE,9.6,0110,ECONOMIST,01,"SOCIAL SCIENCE, PSYCHOLOGY, AND WELFARE GROUP",GS,GENERAL SCHEDULE,STEM OCCUPATIONS,SCIENCE OCCUPATIONS,8,ALL OTHER POSITIONS,10,CAREER (COMPETITIVE SERVICE PERMANENT),F,FULL-TIME,1,11,DC,DISTRICT OF COLUMBIA,US,UNITED STATES,153336,14
TR,DEPARTMENT OF TREASURY,TR91,DEPARTMENTAL OFFICES,SD,Retirement - Voluntary,202407,55-59,17,MASTER'S DEGREE,32.8,0110,ECONOMIST,01,"SOCIAL SCIENCE, PSYCHOLOGY, AND WELFARE GROUP",ES,SENIOR EXECUTIVE SERVICE,STEM OCCUPATIONS,SCIENCE OCCUPATIONS,2,SUPERVISOR OR MANAGER,50,CAREER (SENIOR EXECUTIVE SERVICE PERMANENT),F,FULL-TIME,1,11,DC,DISTRICT OF COLUMBIA,US,UNITED STATES,202290,00
TR,DEPARTMENT OF TREASURY,TR91,DEPARTMENTAL OFFICES,SL,Other Separation,202406,40-44,21,DOCTORATE DEGREE,11.8,0110,ECONOMIST,01,"SOCIAL SCIENCE, PSYCHOLOGY, AND WELFARE GROUP",GS,GENERAL SCHEDULE,STEM OCCUPATIONS,SCIENCE OCCUPATIONS,2,SUPERVISOR OR MANAGER,10,CAREER (COMPETITIVE SERVICE PERMANENT),F,FULL-TIME,1,11,DC,DISTRICT OF COLUMBIA,US,UNITED STATES,174894,15
TN,OFFICE OF THE U.S. TRADE REPRESENTATIVE,TN00,OFFICE OF THE U.S. TRADE REPRESENTATIVE,SD,Retirement - Voluntary,202405,60-64,17,MASTER'S DEGREE,37.3,0110,ECONOMIST,01,"SOCIAL SCIENCE, PSYCHOLOGY, AND WELFARE GROUP",GS,GENERAL SCHEDULE,STEM OCCUPATIONS,SCIENCE OCCUPATIONS,8,ALL OTHER POSITIONS,10,CAREER (COMPETITIVE SERVICE PERMANENT),F,FULL-TIME,1,11,DC,DISTRICT OF COLUMBIA,US,UNITED STATES,191900,15
TR,DEPARTMENT OF TREASURY,TR91,DEPARTMENTAL OFFICES,SC,Quit,202404,60-64,17,MASTER'S DEGREE,9.1,0110,ECONOMIST,01,"SOCIAL SCIENCE, PSYCHOLOGY, AND WELFARE GROUP",GS,GENERAL SCHEDULE,STEM OCCUPATIONS,SCIENCE OCCUPATIONS,8,ALL OTHER POSITIONS,10,CAREER (COMPETITIVE SERVICE PERMANENT),F,FULL-TIME,1,11,DC,DISTRICT OF COLUMBIA,US,UNITED STATES,191900,15
TR,DEPARTMENT OF TREASURY,TR91,DEPARTMENTAL OFFICES,SL,Other Separation,202407,25-29,04,HIGH SCHOOL GRADUATE OR CERTIFICATE OF EQUIVALENCY,0.9,0110,ECONOMIST,01,"SOCIAL SCIENCE, PSYCHOLOGY, AND WELFARE GROUP",GS,GENERAL SCHEDULE,STEM OCCUPATIONS,SCIENCE OCCUPATIONS,8,ALL OTHER POSITIONS,15,CAREER-CONDITIONAL (COMPETITIVE SERVICE PERMANENT),F,FULL-TIME,1,11,DC,DISTRICT OF COLUMBIA,US,UNITED STATES,82764,11
TR,DEPARTMENT OF TREASURY,TR91,DEPARTMENTAL OFFICES,SA,Transfer Out - Individual Transfer,202407,20-24,13,BACHELOR'S DEGREE,1.9,0110,ECONOMIST,01,"SOCIAL SCIENCE, PSYCHOLOGY, AND WELFARE GROUP",GS,GENERAL SCHEDULE,STEM OCCUPATIONS,SCIENCE OCCUPATIONS,8,ALL OTHER POSITIONS,15,CAREER-CONDITIONAL (COMPETITIVE SERVICE PERMANENT),F,FULL-TIME,1,11,DC,DISTRICT OF COLUMBIA,US,UNITED STATES,82764,11
TR,DEPARTMENT OF TREASURY,TR91,DEPARTMENTAL OFFICES,SA,Transfer Out - Individual Transfer,202404,30-34,17,MASTER'S DEGREE,0.7,0110,ECONOMIST,01,"SOCIAL SCIENCE, PSYCHOLOGY, AND WELFARE GROUP",GS,GENERAL SCHEDULE,STEM OCCUPATIONS,SCIENCE OCCUPATIONS,8,ALL OTHER POSITIONS,15,CAREER-CONDITIONAL (COMPETITIVE SERVICE PERMANENT),F,FULL-TIME,1,11,DC,DISTRICT OF COLUMBIA,US,UNITED STATES,107590,11
TR,DEPARTMENT OF TREASURY,TR91,DEPARTMENTAL OFFICES,SC,Quit,202406,45-49,17,MASTER'S DEGREE,17.8,0110,ECONOMIST,01,"SOCIAL SCIENCE, PSYCHOLOGY, AND WELFARE GROUP",GS,GENERAL SCHEDULE,STEM OCCUPATIONS,SCIENCE OCCUPATIONS,8,ALL OTHER POSITIONS,10,CAREER (COMPETITIVE SERVICE PERMANENT),F,FULL-TIME,1,11,DC,DISTRICT OF COLUMBIA,US,UNITED STATES,185824,15
TD,DEPARTMENT OF TRANSPORTATION,TD16,PIPELINE AND HAZARDOUS MATERIALS SAFETY ADMINISTRATION,SA,Transfer Out - Individual Transfer,202406,50-54,21,DOCTORATE DEGREE,1.2,0110,ECONOMIST,01,"SOCIAL SCIENCE, PSYCHOLOGY, AND WELFARE GROUP",GS,GENERAL SCHEDULE,STEM OCCUPATIONS,SCIENCE OCCUPATIONS,8,ALL OTHER POSITIONS,15,CAREER-CONDITIONAL (COMPETITIVE SERVICE PERMANENT),F,FULL-TIME,1,11,DC,DISTRICT OF COLUMBIA,US,UNITED STATES,137624,13
TR,DEPARTMENT OF TREASURY,TR91,DEPARTMENTAL OFFICES,SC,Quit,202405,50-54,17,MASTER'S DEGREE,2.4,0110,ECONOMIST,01,"SOCIAL SCIENCE, PSYCHOLOGY, AND WELFARE GROUP",GS,GENERAL SCHEDULE,STEM OCCUPATIONS,SCIENCE OCCUPATIONS,8,ALL OTHER POSITIONS,15,CAREER-CONDITIONAL (COMPETITIVE SERVICE PERMANENT),F,FULL-TIME,1,11,DC,DISTRICT OF COLUMBIA,US,UNITED STATES,169429,15
TN,OFFICE OF THE U.S. TRADE REPRESENTATIVE,TN00,OFFICE OF THE U.S. TRADE REPRESENTATIVE,SC,Quit,202407,45-49,17,MASTER'S DEGREE,8.8,0110,ECONOMIST,01,"SOCIAL SCIENCE, PSYCHOLOGY, AND WELFARE GROUP",GS,GENERAL SCHEDULE,STEM OCCUPATIONS,SCIENCE OCCUPATIONS,8,ALL OTHER POSITIONS,10,CAREER (COMPETITIVE SERVICE PERMANENT),F,FULL-TIME,1,11,DC,DISTRICT OF COLUMBIA,US,UNITED STATES,191289,15
HE,DEPARTMENT OF HEALTH AND HUMAN SERVICES,HE70,CENTERS FOR MEDICARE & MEDICAID SERVICES,SA,Transfer Out - Individual Transfer,202406,30-34,21,DOCTORATE DEGREE,0.8,0110,ECONOMIST,01,"SOCIAL SCIENCE, PSYCHOLOGY, AND WELFARE GROUP",GS,GENERAL SCHEDULE,STEM OCCUPATIONS,SCIENCE OCCUPATIONS,8,ALL OTHER POSITIONS,15,CAREER-CONDITIONAL (COMPETITIVE SERVICE PERMANENT),F,FULL-TIME,1,50,VT,VERMONT,US,UNITED STATES,105312,13
HE,DEPARTMENT OF HEALTH AND HUMAN SERVICES,HE39,CENTERS FOR DISEASE CONTROL AND PREVENTION,SJ,Termination (Expired Appt/Other),202408,40-44,21,DOCTORATE DEGREE,2.0,0110,ECONOMIST,01,"SOCIAL SCIENCE, PSYCHOLOGY, AND WELFARE GROUP",AD,"ADMINISTRATIVELY DETERMINED RATES, NOT ELSEWHERE SPECIFIED",STEM OCCUPATIONS,SCIENCE OCCUPATIONS,8,ALL OTHER POSITIONS,48,OTHER (EXCEPTED SERVICE NONPERMANENT),F,FULL-TIME,1,13,GA,GEORGIA,US,UNITED STATES,101086,00
HE,DEPARTMENT OF HEALTH AND HUMAN SERVICES,HE39,CENTERS FOR DISEASE CONTROL AND PREVENTION,SJ,Termination (Expired Appt/Other),202408,40-44,21,DOCTORATE DEGREE,5.8,0110,ECONOMIST,01,"SOCIAL SCIENCE, PSYCHOLOGY, AND WELFARE GROUP",RG,SCIENTISTS APPOINTED AS FELLOWS AND COMPENSATED UNDER 42 U.S.C. 209(G). INCLUDES NON-CITIZENS WHOSE EMPLOYMENT,STEM OCCUPATIONS,SCIENCE OCCUPATIONS,8,ALL OTHER POSITIONS,48,OTHER (EXCEPTED SERVICE NONPERMANENT),F,FULL-TIME,1,13,GA,GEORGIA,US,UNITED STATES,116564,00
HE,DEPARTMENT OF HEALTH AND HUMAN SERVICES,HE38,NATIONAL INSTITUTES OF HEALTH,SJ,Termination (Expired Appt/Other),202408,50-54,21,DOCTORATE DEGREE,0.0,0110,ECONOMIST,01,"SOCIAL SCIENCE, PSYCHOLOGY, AND WELFARE GROUP",EI,ADVISORY COMMITTEE MEMBER (OTHER),STEM OCCUPATIONS,SCIENCE OCCUPATIONS,8,ALL OTHER POSITIONS,48,OTHER (EXCEPTED SERVICE NONPERMANENT),I,INTERMITTENT,1,24,MD,MARYLAND,US,UNITED STATES,52175,00
HE,DEPARTMENT OF HEALTH AND HUMAN SERVICES,HE38,NATIONAL INSTITUTES OF HEALTH,SD,Retirement - Voluntary,202405,60-64,21,DOCTORATE DEGREE,32.0,0110,ECONOMIST,01,"SOCIAL SCIENCE, PSYCHOLOGY, AND WELFARE GROUP",GS,GENERAL SCHEDULE,STEM OCCUPATIONS,SCIENCE OCCUPATIONS,8,ALL OTHER POSITIONS,10,CAREER (COMPETITIVE SERVICE PERMANENT),F,FULL-TIME,1,24,MD,MARYLAND,US,UNITED STATES,191900,15
HE,DEPARTMENT OF HEALTH AND HUMAN SERVICES,HE39,CENTERS FOR DISEASE CONTROL AND PREVENTION,SC,Quit,202410,35-39,21,DOCTORATE DEGREE,5.8,0110,ECONOMIST,01,"SOCIAL SCIENCE, PSYCHOLOGY, AND WELFARE GROUP",GS,GENERAL SCHEDULE,STEM OCCUPATIONS,SCIENCE OCCUPATIONS,8,ALL OTHER POSITIONS,10,CAREER (COMPETITIVE SERVICE PERMANENT),F,FULL-TIME,1,13,GA,GEORGIA,US,UNITED STATES,138422,13
HF,FEDERAL HOUSING FINANCE AGENCY,HFHA,FEDERAL HOUSING FINANCE AGENCY,SC,Quit,202407,25-29,13,BACHELOR'S DEGREE,1.8,0110,ECONOMIST,01,"SOCIAL SCIENCE, PSYCHOLOGY, AND WELFARE GROUP",EL,NON-EXECUTIVE POSITIONS AT THE FEDERAL HOUSING FINANCE AGENCY,STEM OCCUPATIONS,SCIENCE OCCUPATIONS,8,ALL OTHER POSITIONS,20,NONPERMANENT (COMPETITTIVE SERVICE NONPERMANENT),F,FULL-TIME,1,11,DC,DISTRICT OF COLUMBIA,US,UNITED STATES,61456,07
FT,FEDERAL TRADE COMMISSION,FT00,FEDERAL TRADE COMMISSION,SD,Retirement - Voluntary,202501,65 or more,22,POST-DOCTORATE,26.3,0110,ECONOMIST,01,"SOCIAL SCIENCE, PSYCHOLOGY, AND WELFARE GROUP",GS,GENERAL SCHEDULE,STEM OCCUPATIONS,SCIENCE OCCUPATIONS,8,ALL OTHER POSITIONS,10,CAREER (COMPETITIVE SERVICE PERMANENT),F,FULL-TIME,1,11,DC,DISTRICT OF COLUMBIA,US,UNITED STATES,191900,15
DN,DEPARTMENT OF ENERGY,DNFE,FEDERAL ENERGY REGULATORY COMMISSION,SC,Quit,202502,25-29,17,MASTER'S DEGREE,5.0,0110,ECONOMIST,01,"SOCIAL SCIENCE, PSYCHOLOGY, AND WELFARE GROUP",GS,GENERAL SCHEDULE,STEM OCCUPATIONS,SCIENCE OCCUPATIONS,8,ALL OTHER POSITIONS,10,CAREER (COMPETITIVE SERVICE PERMANENT),F,FULL-TIME,1,11,DC,DISTRICT OF COLUMBIA,US,UNITED STATES,132638,13
FT,FEDERAL TRADE COMMISSION,FT00,FEDERAL TRADE COMMISSION,SC,Quit,202502,30-34,21,DOCTORATE DEGREE,1.5,0110,ECONOMIST,01,"SOCIAL SCIENCE, PSYCHOLOGY, AND WELFARE GROUP",GS,GENERAL SCHEDULE,STEM OCCUPATIONS,SCIENCE OCCUPATIONS,8,ALL OTHER POSITIONS,15,CAREER-CONDITIONAL (COMPETITIVE SERVICE PERMANENT),F,FULL-TIME,1,45,SC,SOUTH CAROLINA,US,UNITED STATES,145286,14
DL,DEPARTMENT OF LABOR,DLLS,BUREAU OF LABOR STATISTICS,SC,Quit,202502,45-49,04,HIGH SCHOOL GRADUATE OR CERTIFICATE OF EQUIVALENCY,4.3,0110,ECONOMIST,01,"SOCIAL SCIENCE, PSYCHOLOGY, AND WELFARE GROUP",ES,SENIOR EXECUTIVE SERVICE,STEM OCCUPATIONS,SCIENCE OCCUPATIONS,2,SUPERVISOR OR MANAGER,50,CAREER (SENIOR EXECUTIVE SERVICE PERMANENT),F,FULL-TIME,1,17,IL,ILLINOIS,US,UNITED STATES,202451,00
DL,DEPARTMENT OF LABOR,DLLS,BUREAU OF LABOR STATISTICS,SD,Retirement - Voluntary,202503,60-64,13,BACHELOR'S DEGREE,38.6,0110,ECONOMIST,01,"SOCIAL SCIENCE, PSYCHOLOGY, AND WELFARE GROUP",GS,GENERAL SCHEDULE,STEM OCCUPATIONS,SCIENCE OCCUPATIONS,4,SUPERVISOR (CSRA),10,CAREER (COMPETITIVE SERVICE PERMANENT),F,FULL-TIME,1,24,MD,MARYLAND,US,UNITED STATES,195200,15
DL,DEPARTMENT OF LABOR,DLLS,BUREAU OF LABOR STATISTICS,SC,Quit,202503,40-44,13,BACHELOR'S DEGREE,2.3,0119,ECONOMICS ASSISTANT,01,"SOCIAL SCIENCE, PSYCHOLOGY, AND WELFARE GROUP",GS,GENERAL SCHEDULE,ALL OTHER OCCUPATIONS,ALL OTHER OCCUPATIONS,8,ALL OTHER POSITIONS,15,CAREER-CONDITIONAL (COMPETITIVE SERVICE PERMANENT),P,PART-TIME,1,04,AZ,ARIZONA,US,UNITED STATES,47029,06
FC,FEDERAL COMMUNICATIONS COMMISSION,FC00,FEDERAL COMMUNICATIONS COMMISSION,SE,Retirement - Early Out,202503,55-59,21,DOCTORATE DEGREE,27.8,0110,ECONOMIST,01,"SOCIAL SCIENCE, PSYCHOLOGY, AND WELFARE GROUP",GS,GENERAL SCHEDULE,STEM OCCUPATIONS,SCIENCE OCCUPATIONS,2,SUPERVISOR OR MANAGER,10,CAREER (COMPETITIVE SERVICE PERMANENT),F,FULL-TIME,1,11,DC,DISTRICT OF COLUMBIA,US,UNITED STATES,195200,15
DN,DEPARTMENT OF ENERGY,DNFE,FEDERAL ENERGY REGULATORY COMMISSION,SL,Other Separation,202502,60-64,21,DOCTORATE DEGREE,23.3,0110,ECONOMIST,01,"SOCIAL SCIENCE, PSYCHOLOGY, AND WELFARE GROUP",GS,GENERAL SCHEDULE,STEM OCCUPATIONS,SCIENCE OCCUPATIONS,8,ALL OTHER POSITIONS,10,CAREER (COMPETITIVE SERVICE PERMANENT),F,FULL-TIME,1,11,DC,DISTRICT OF COLUMBIA,US,UNITED STATES,185234,14
EP,ENVIRONMENTAL PROTECTION AGENCY,EP00,ENVIRONMENTAL PROTECTION AGENCY,SJ,Termination (Expired Appt/Other),202502,30-34,NA,No Data Reported,0.9,0110,ECONOMIST,01,"SOCIAL SCIENCE, PSYCHOLOGY, AND WELFARE GROUP",EF,CONSULTANT (5 U.S.C. 3109),STEM OCCUPATIONS,SCIENCE OCCUPATIONS,8,ALL OTHER POSITIONS,48,OTHER (EXCEPTED SERVICE NONPERMANENT),I,INTERMITTENT,1,04,AZ,ARIZONA,US,UNITED STATES,110256,00
DL,DEPARTMENT OF LABOR,DLLS,BUREAU OF LABOR STATISTICS,SE,Retirement - Early Out,202502,55-59,17,MASTER'S DEGREE,32.1,0110,ECONOMIST,01,"SOCIAL SCIENCE, PSYCHOLOGY, AND WELFARE GROUP",ES,SENIOR EXECUTIVE SERVICE,STEM OCCUPATIONS,SCIENCE OCCUPATIONS,2,SUPERVISOR OR MANAGER,50,CAREER (SENIOR EXECUTIVE SERVICE PERMANENT),F,FULL-TIME,1,11,DC,DISTRICT OF COLUMBIA,US,UNITED STATES,225700,00
EP,ENVIRONMENTAL PROTECTION AGENCY,EP00,ENVIRONMENTAL PROTECTION AGENCY,SJ,Termination (Expired Appt/Other),202503,50-54,NA,No Data Reported,0.5,0110,ECONOMIST,01,"SOCIAL SCIENCE, PSYCHOLOGY, AND WELFARE GROUP",EH,ADVISORY COMMITTEE MEMBER (5 U.S.C. 3109),STEM OCCUPATIONS,SCIENCE OCCUPATIONS,8,ALL OTHER POSITIONS,48,OTHER (EXCEPTED SERVICE NONPERMANENT),I,INTERMITTENT,1,06,CA,CALIFORNIA,US,UNITED STATES,110256,00
FR,FEDERAL RESERVE SYSTEM,FRFT,BUREAU OF CONSUMER FINANCIAL PROTECTION,SC,Quit,202503,50-54,17,MASTER'S DEGREE,21.4,0110,ECONOMIST,01,"SOCIAL SCIENCE, PSYCHOLOGY, AND WELFARE GROUP",CN,BUREAU OF CONSUMER FINANCIAL PROTECT(CFPB) INDEPENDENT AGCY WITHIN THE FED RES SYST(USE BY CFPB ONLY),STEM OCCUPATIONS,SCIENCE OCCUPATIONS,8,ALL OTHER POSITIONS,10,CAREER (COMPETITIVE SERVICE PERMANENT),F,FULL-TIME,1,11,DC,DISTRICT OF COLUMBIA,US,UNITED STATES,235589,60
FD,FEDERAL DEPOSIT INSURANCE CORPORATION,FD00,FEDERAL DEPOSIT INSURANCE CORPORATION,SC,Quit,202503,20-24,12,FOUR YEARS COLLEGE,0.4,0110,ECONOMIST,01,"SOCIAL SCIENCE, PSYCHOLOGY, AND WELFARE GROUP",CG,CORPORATE GRADED,STEM OCCUPATIONS,SCIENCE OCCUPATIONS,8,ALL OTHER POSITIONS,40,SCHEDULE A (EXCEPTED SERVICE NONPERMANENT),F,FULL-TIME,1,13,GA,GEORGIA,US,UNITED STATES,58288,07
DN,DEPARTMENT OF ENERGY,DNFE,FEDERAL ENERGY REGULATORY COMMISSION,SC,Quit,202503,20-24,13,BACHELOR'S DEGREE,1.3,0110,ECONOMIST,01,"SOCIAL SCIENCE, PSYCHOLOGY, AND WELFARE GROUP",GS,GENERAL SCHEDULE,STEM OCCUPATIONS,SCIENCE OCCUPATIONS,8,ALL OTHER POSITIONS,15,CAREER-CONDITIONAL (COMPETITIVE SERVICE PERMANENT),F,FULL-TIME,1,11,DC,DISTRICT OF COLUMBIA,US,UNITED STATES,69923,09
EP,ENVIRONMENTAL PROTECTION AGENCY,EP00,ENVIRONMENTAL PROTECTION AGENCY,SJ,Termination (Expired Appt/Other),202502,55-59,21,DOCTORATE DEGREE,2.8,0110,ECONOMIST,01,"SOCIAL SCIENCE, PSYCHOLOGY, AND WELFARE GROUP",EF,CONSULTANT (5 U.S.C. 3109),STEM OCCUPATIONS,SCIENCE OCCUPATIONS,8,ALL OTHER POSITIONS,48,OTHER (EXCEPTED SERVICE NONPERMANENT),I,INTERMITTENT,1,25,MA,MASSACHUSETTS,US,UNITED STATES,110256,00
DL,DEPARTMENT OF LABOR,DLPE,OFFICE OF THE ASSISTANT SECRETARY FOR POLICY,SD,Retirement - Voluntary,202503,55-59,13,BACHELOR'S DEGREE,35.4,0110,ECONOMIST,01,"SOCIAL SCIENCE, PSYCHOLOGY, AND WELFARE GROUP",GS,GENERAL SCHEDULE,STEM OCCUPATIONS,SCIENCE OCCUPATIONS,8,ALL OTHER POSITIONS,10,CAREER (COMPETITIVE SERVICE PERMANENT),F,FULL-TIME,1,11,DC,DISTRICT OF COLUMBIA,US,UNITED STATES,185234,14
FT,FEDERAL TRADE COMMISSION,FT00,FEDERAL TRADE COMMISSION,SC,Quit,202503,30-34,21,DOCTORATE DEGREE,2.8,0110,ECONOMIST,01,"SOCIAL SCIENCE, PSYCHOLOGY, AND WELFARE GROUP",GS,GENERAL SCHEDULE,STEM OCCUPATIONS,SCIENCE OCCUPATIONS,8,ALL OTHER POSITIONS,15,CAREER-CONDITIONAL (COMPETITIVE SERVICE PERMANENT),F,FULL-TIME,1,11,DC,DISTRICT OF COLUMBIA,US,UNITED STATES,184363,15
EP,ENVIRONMENTAL PROTECTION AGENCY,EP00,ENVIRONMENTAL PROTECTION AGENCY,SJ,Termination (Expired Appt/Other),202502,55-59,21,DOCTORATE DEGREE,0.3,0110,ECONOMIST,01,"SOCIAL SCIENCE, PSYCHOLOGY, AND WELFARE GROUP",EH,ADVISORY COMMITTEE MEMBER (5 U.S.C. 3109),STEM OCCUPATIONS,SCIENCE OCCUPATIONS,8,ALL OTHER POSITIONS,48,OTHER (EXCEPTED SERVICE NONPERMANENT),I,INTERMITTENT,1,39,OH,OHIO,US,UNITED STATES,null,00
DL,DEPARTMENT OF LABOR,DLLS,BUREAU OF LABOR STATISTICS,SD,Retirement - Voluntary,202503,65 or more,04,HIGH SCHOOL GRADUATE OR CERTIFICATE OF EQUIVALENCY,5.0,0119,ECONOMICS ASSISTANT,01,"SOCIAL SCIENCE, PSYCHOLOGY, AND WELFARE GROUP",GS,GENERAL SCHEDULE,ALL OTHER OCCUPATIONS,ALL OTHER OCCUPATIONS,8,ALL OTHER POSITIONS,10,CAREER (COMPETITIVE SERVICE PERMANENT),P,PART-TIME,1,29,MO,MISSOURI,US,UNITED STATES,50709,06
DL,DEPARTMENT OF LABOR,DLLS,BUREAU OF LABOR STATISTICS,SD,Retirement - Voluntary,202503,60-64,13,BACHELOR'S DEGREE,26.4,0110,ECONOMIST,01,"SOCIAL SCIENCE, PSYCHOLOGY, AND WELFARE GROUP",GS,GENERAL SCHEDULE,STEM OCCUPATIONS,SCIENCE OCCUPATIONS,8,ALL OTHER POSITIONS,10,CAREER (COMPETITIVE SERVICE PERMANENT),F,FULL-TIME,1,24,MD,MARYLAND,US,UNITED STATES,131826,12
EP,ENVIRONMENTAL PROTECTION AGENCY,EP00,ENVIRONMENTAL PROTECTION AGENCY,SJ,Termination (Expired Appt/Other),202501,50-54,21,DOCTORATE DEGREE,8.9,0110,ECONOMIST,01,"SOCIAL SCIENCE, PSYCHOLOGY, AND WELFARE GROUP",EF,CONSULTANT (5 U.S.C. 3109),STEM OCCUPATIONS,SCIENCE OCCUPATIONS,8,ALL OTHER POSITIONS,48,OTHER (EXCEPTED SERVICE NONPERMANENT),I,INTERMITTENT,1,36,NY,NEW YORK,US,UNITED STATES,110256,00
EP,ENVIRONMENTAL PROTECTION AGENCY,EP00,ENVIRONMENTAL PROTECTION AGENCY,SJ,Termination (Expired Appt/Other),202502,55-59,17,MASTER'S DEGREE,2.3,0110,ECONOMIST,01,"SOCIAL SCIENCE, PSYCHOLOGY, AND WELFARE GROUP",EF,CONSULTANT (5 U.S.C. 3109),STEM OCCUPATIONS,SCIENCE OCCUPATIONS,8,ALL OTHER POSITIONS,48,OTHER (EXCEPTED SERVICE NONPERMANENT),I,INTERMITTENT,1,27,MN,MINNESOTA,US,UNITED STATES,null,00
EP,ENVIRONMENTAL PROTECTION AGENCY,EP00,ENVIRONMENTAL PROTECTION AGENCY,SJ,Termination (Expired Appt/Other),202502,50-54,21,DOCTORATE DEGREE,2.9,0110,ECONOMIST,01,"SOCIAL SCIENCE, PSYCHOLOGY, AND WELFARE GROUP",EF,CONSULTANT (5 U.S.C. 3109),STEM OCCUPATIONS,SCIENCE OCCUPATIONS,8,ALL OTHER POSITIONS,48,OTHER (EXCEPTED SERVICE NONPERMANENT),I,INTERMITTENT,1,09,CT,CONNECTICUT,US,UNITED STATES,110256,00
EP,ENVIRONMENTAL PROTECTION AGENCY,EP00,ENVIRONMENTAL PROTECTION AGENCY,SJ,Termination (Expired Appt/Other),202503,40-44,21,DOCTORATE DEGREE,0.4,0110,ECONOMIST,01,"SOCIAL SCIENCE, PSYCHOLOGY, AND WELFARE GROUP",EH,ADVISORY COMMITTEE MEMBER (5 U.S.C. 3109),STEM OCCUPATIONS,SCIENCE OCCUPATIONS,8,ALL OTHER POSITIONS,48,OTHER (EXCEPTED SERVICE NONPERMANENT),I,INTERMITTENT,1,25,MA,MASSACHUSETTS,US,UNITED STATES,110256,00
FR,FEDERAL RESERVE SYSTEM,FRFT,BUREAU OF CONSUMER FINANCIAL PROTECTION,SC,Quit,202503,30-34,21,DOCTORATE DEGREE,4.7,0110,ECONOMIST,01,"SOCIAL SCIENCE, PSYCHOLOGY, AND WELFARE GROUP",CN,BUREAU OF CONSUMER FINANCIAL PROTECT(CFPB) INDEPENDENT AGCY WITHIN THE FED RES SYST(USE BY CFPB ONLY),STEM OCCUPATIONS,SCIENCE OCCUPATIONS,8,ALL OTHER POSITIONS,15,CAREER-CONDITIONAL (COMPETITIVE SERVICE PERMANENT),F,FULL-TIME,1,11,DC,DISTRICT OF COLUMBIA,US,UNITED STATES,212110,60
DL,DEPARTMENT OF LABOR,DLLS,BUREAU OF LABOR STATISTICS,SC,Quit,202503,65 or more,04,HIGH SCHOOL GRADUATE OR CERTIFICATE OF EQUIVALENCY,5.4,0119,ECONOMICS ASSISTANT,01,"SOCIAL SCIENCE, PSYCHOLOGY, AND WELFARE GROUP",GS,GENERAL SCHEDULE,ALL OTHER OCCUPATIONS,ALL OTHER OCCUPATIONS,8,ALL OTHER POSITIONS,10,CAREER (COMPETITIVE SERVICE PERMANENT),P,PART-TIME,1,48,TX,TEXAS,US,UNITED STATES,53764,06
EP,ENVIRONMENTAL PROTECTION AGENCY,EP00,ENVIRONMENTAL PROTECTION AGENCY,SJ,Termination (Expired Appt/Other),202503,35-39,21,DOCTORATE DEGREE,0.4,0110,ECONOMIST,01,"SOCIAL SCIENCE, PSYCHOLOGY, AND WELFARE GROUP",EH,ADVISORY COMMITTEE MEMBER (5 U.S.C. 3109),STEM OCCUPATIONS,SCIENCE OCCUPATIONS,8,ALL OTHER POSITIONS,48,OTHER (EXCEPTED SERVICE NONPERMANENT),I,INTERMITTENT,1,21,KY,KENTUCKY,US,UNITED STATES,110256,00
EP,ENVIRONMENTAL PROTECTION AGENCY,EP00,ENVIRONMENTAL PROTECTION AGENCY,SJ,Termination (Expired Appt/Other),202503,50-54,NA,No Data Reported,0.3,0110,ECONOMIST,01,"SOCIAL SCIENCE, PSYCHOLOGY, AND WELFARE GROUP",EH,ADVISORY COMMITTEE MEMBER (5 U.S.C. 3109),STEM OCCUPATIONS,SCIENCE OCCUPATIONS,8,ALL OTHER POSITIONS,48,OTHER (EXCEPTED SERVICE NONPERMANENT),I,INTERMITTENT,1,06,CA,CALIFORNIA,US,UNITED STATES,110256,00
DN,DEPARTMENT OF ENERGY,DN00,DEPARTMENT OF ENERGY,SC,Quit,202503,25-29,17,MASTER'S DEGREE,0.6,0110,ECONOMIST,01,"SOCIAL SCIENCE, PSYCHOLOGY, AND WELFARE GROUP",GS,GENERAL SCHEDULE,STEM OCCUPATIONS,SCIENCE OCCUPATIONS,8,ALL OTHER POSITIONS,15,CAREER-CONDITIONAL (COMPETITIVE SERVICE PERMANENT),F,FULL-TIME,1,11,DC,DISTRICT OF COLUMBIA,US,UNITED STATES,84601,11
FR,FEDERAL RESERVE SYSTEM,FRFT,BUREAU OF CONSUMER FINANCIAL PROTECTION,SD,Retirement - Voluntary,202502,60-64,21,DOCTORATE DEGREE,24.3,0110,ECONOMIST,01,"SOCIAL SCIENCE, PSYCHOLOGY, AND WELFARE GROUP",CN,BUREAU OF CONSUMER FINANCIAL PROTECT(CFPB) INDEPENDENT AGCY WITHIN THE FED RES SYST(USE BY CFPB ONLY),STEM OCCUPATIONS,SCIENCE OCCUPATIONS,2,SUPERVISOR OR MANAGER,10,CAREER (COMPETITIVE SERVICE PERMANENT),F,FULL-TIME,1,11,DC,DISTRICT OF COLUMBIA,US,UNITED STATES,262000,81
DL,DEPARTMENT OF LABOR,DLSH,OCCUPATIONAL SAFETY AND HEALTH ADMINISTRATION,SC,Quit,202503,50-54,17,MASTER'S DEGREE,23.8,0110,ECONOMIST,01,"SOCIAL SCIENCE, PSYCHOLOGY, AND WELFARE GROUP",GS,GENERAL SCHEDULE,STEM OCCUPATIONS,SCIENCE OCCUPATIONS,8,ALL OTHER POSITIONS,10,CAREER (COMPETITIVE SERVICE PERMANENT),P,PART-TIME,1,24,MD,MARYLAND,US,UNITED STATES,148716,13
EP,ENVIRONMENTAL PROTECTION AGENCY,EP00,ENVIRONMENTAL PROTECTION AGENCY,SJ,Termination (Expired Appt/Other),202502,60-64,21,DOCTORATE DEGREE,2.9,0110,ECONOMIST,01,"SOCIAL SCIENCE, PSYCHOLOGY, AND WELFARE GROUP",EF,CONSULTANT (5 U.S.C. 3109),STEM OCCUPATIONS,SCIENCE OCCUPATIONS,8,ALL OTHER POSITIONS,48,OTHER (EXCEPTED SERVICE NONPERMANENT),I,INTERMITTENT,1,37,NC,NORTH CAROLINA,US,UNITED STATES,110256,00
DL,DEPARTMENT OF LABOR,DLLS,BUREAU OF LABOR STATISTICS,SL,Other Separation,202503,30-34,13,BACHELOR'S DEGREE,6.8,0110,ECONOMIST,01,"SOCIAL SCIENCE, PSYCHOLOGY, AND WELFARE GROUP",GS,GENERAL SCHEDULE,STEM OCCUPATIONS,SCIENCE OCCUPATIONS,8,ALL OTHER POSITIONS,10,CAREER (COMPETITIVE SERVICE PERMANENT),F,FULL-TIME,1,42,PA,PENNSYLVANIA,US,UNITED STATES,58723,07
DL,DEPARTMENT OF LABOR,DLLS,BUREAU OF LABOR STATISTICS,SL,Other Separation,202503,50-54,04,HIGH SCHOOL GRADUATE OR CERTIFICATE OF EQUIVALENCY,0.2,0119,ECONOMICS ASSISTANT,01,"SOCIAL SCIENCE, PSYCHOLOGY, AND WELFARE GROUP",GS,GENERAL SCHEDULE,ALL OTHER OCCUPATIONS,ALL OTHER OCCUPATIONS,8,ALL OTHER POSITIONS,15,CAREER-CONDITIONAL (COMPETITIVE SERVICE PERMANENT),P,PART-TIME,1,39,OH,OHIO,US,UNITED STATES,54742,05
EP,ENVIRONMENTAL PROTECTION AGENCY,EP00,ENVIRONMENTAL PROTECTION AGENCY,SJ,Termination (Expired Appt/Other),202502,50-54,21,DOCTORATE DEGREE,1.9,0110,ECONOMIST,01,"SOCIAL SCIENCE, PSYCHOLOGY, AND WELFARE GROUP",EF,CONSULTANT (5 U.S.C. 3109),STEM OCCUPATIONS,SCIENCE OCCUPATIONS,8,ALL OTHER POSITIONS,48,OTHER (EXCEPTED SERVICE NONPERMANENT),I,INTERMITTENT,1,25,MA,MASSACHUSETTS,US,UNITED STATES,110256,00
DL,DEPARTMENT OF LABOR,DLLS,BUREAU OF LABOR STATISTICS,SC,Quit,202503,45-49,04,HIGH SCHOOL GRADUATE OR CERTIFICATE OF EQUIVALENCY,0.3,0119,ECONOMICS ASSISTANT,01,"SOCIAL SCIENCE, PSYCHOLOGY, AND WELFARE GROUP",GS,GENERAL SCHEDULE,ALL OTHER OCCUPATIONS,ALL OTHER OCCUPATIONS,8,ALL OTHER POSITIONS,15,CAREER-CONDITIONAL (COMPETITIVE SERVICE PERMANENT),P,PART-TIME,1,53,WA,WASHINGTON,US,UNITED STATES,58925,05
DL,DEPARTMENT OF LABOR,DLLS,BUREAU OF LABOR STATISTICS,SE,Retirement - Early Out,202503,55-59,17,MASTER'S DEGREE,27.9,0110,ECONOMIST,01,"SOCIAL SCIENCE, PSYCHOLOGY, AND WELFARE GROUP",ES,SENIOR EXECUTIVE SERVICE,STEM OCCUPATIONS,SCIENCE OCCUPATIONS,2,SUPERVISOR OR MANAGER,50,CAREER (SENIOR EXECUTIVE SERVICE PERMANENT),F,FULL-TIME,1,11,DC,DISTRICT OF COLUMBIA,US,UNITED STATES,225700,00
EP,ENVIRONMENTAL PROTECTION AGENCY,EP00,ENVIRONMENTAL PROTECTION AGENCY,SJ,Termination (Expired Appt/Other),202501,65 or more,17,MASTER'S DEGREE,2.9,0110,ECONOMIST,01,"SOCIAL SCIENCE, PSYCHOLOGY, AND WELFARE GROUP",EF,CONSULTANT (5 U.S.C. 3109),STEM OCCUPATIONS,SCIENCE OCCUPATIONS,8,ALL OTHER POSITIONS,48,OTHER (EXCEPTED SERVICE NONPERMANENT),I,INTERMITTENT,1,08,CO,COLORADO,US,UNITED STATES,110256,00
SB,SMALL BUSINESS ADMINISTRATION,SB00,SMALL BUSINESS ADMINISTRATION,SC,Quit,202502,35-39,17,MASTER'S DEGREE,1.9,0110,ECONOMIST,01,"SOCIAL SCIENCE, PSYCHOLOGY, AND WELFARE GROUP",AD,"ADMINISTRATIVELY DETERMINED RATES, NOT ELSEWHERE SPECIFIED",STEM OCCUPATIONS,SCIENCE OCCUPATIONS,8,ALL OTHER POSITIONS,48,OTHER (EXCEPTED SERVICE NONPERMANENT),F,FULL-TIME,1,11,DC,DISTRICT OF COLUMBIA,US,UNITED STATES,132638,00
AG,DEPARTMENT OF AGRICULTURE,AG18,ECONOMIC RESEARCH SERVICE,SJ,Termination (Expired Appt/Other),202408,Less than 20,07,SOME COLLEGE - LESS THAN ONE YEAR,0.2,0119,ECONOMICS ASSISTANT,01,"SOCIAL SCIENCE, PSYCHOLOGY, AND WELFARE GROUP",GS,GENERAL SCHEDULE,ALL OTHER OCCUPATIONS,ALL OTHER OCCUPATIONS,8,ALL OTHER POSITIONS,40,SCHEDULE A (EXCEPTED SERVICE NONPERMANENT),F,FULL-TIME,1,34,NJ,NEW JERSEY,US,UNITED STATES,41556,04
AG,DEPARTMENT OF AGRICULTURE,AG10,FOREIGN AGRICULTURAL SERVICE,SC,Quit,202408,25-29,17,MASTER'S DEGREE,3.8,0110,ECONOMIST,01,"SOCIAL SCIENCE, PSYCHOLOGY, AND WELFARE GROUP",GS,GENERAL SCHEDULE,STEM OCCUPATIONS,SCIENCE OCCUPATIONS,8,ALL OTHER POSITIONS,10,CAREER (COMPETITIVE SERVICE PERMANENT),F,FULL-TIME,1,11,DC,DISTRICT OF COLUMBIA,US,UNITED STATES,99200,12
AG,DEPARTMENT OF AGRICULTURE,AG02,AGRICULTURAL MARKETING SERVICE,SD,Retirement - Voluntary,202405,65 or more,17,MASTER'S DEGREE,26.3,0110,ECONOMIST,01,"SOCIAL SCIENCE, PSYCHOLOGY, AND WELFARE GROUP",GS,GENERAL SCHEDULE,STEM OCCUPATIONS,SCIENCE OCCUPATIONS,8,ALL OTHER POSITIONS,10,CAREER (COMPETITIVE SERVICE PERMANENT),F,FULL-TIME,1,11,DC,DISTRICT OF COLUMBIA,US,UNITED STATES,149422,13
AG,DEPARTMENT OF AGRICULTURE,AG10,FOREIGN AGRICULTURAL SERVICE,SL,Other Separation,202407,30-34,17,MASTER'S DEGREE,0.9,0110,ECONOMIST,01,"SOCIAL SCIENCE, PSYCHOLOGY, AND WELFARE GROUP",GS,GENERAL SCHEDULE,STEM OCCUPATIONS,SCIENCE OCCUPATIONS,8,ALL OTHER POSITIONS,15,CAREER-CONDITIONAL (COMPETITIVE SERVICE PERMANENT),F,FULL-TIME,1,11,DC,DISTRICT OF COLUMBIA,US,UNITED STATES,82764,11
AG,DEPARTMENT OF AGRICULTURE,AG16,NATURAL RESOURCES CONSERVATION SERVICE,SD,Retirement - Voluntary,202404,65 or more,17,MASTER'S DEGREE,27.1,0110,ECONOMIST,01,"SOCIAL SCIENCE, PSYCHOLOGY, AND WELFARE GROUP",GS,GENERAL SCHEDULE,STEM OCCUPATIONS,SCIENCE OCCUPATIONS,8,ALL OTHER POSITIONS,10,CAREER (COMPETITIVE SERVICE PERMANENT),F,FULL-TIME,1,48,TX,TEXAS,US,UNITED STATES,141604,14
AG,DEPARTMENT OF AGRICULTURE,AG18,ECONOMIC RESEARCH SERVICE,SC,Quit,202408,25-29,17,MASTER'S DEGREE,3.2,0110,ECONOMIST,01,"SOCIAL SCIENCE, PSYCHOLOGY, AND WELFARE GROUP",GS,GENERAL SCHEDULE,STEM OCCUPATIONS,SCIENCE OCCUPATIONS,8,ALL OTHER POSITIONS,10,CAREER (COMPETITIVE SERVICE PERMANENT),F,FULL-TIME,1,29,MO,MISSOURI,US,UNITED STATES,76146,11
AG,DEPARTMENT OF AGRICULTURE,AG34,ANIMAL AND PLANT HEALTH INSPECTION SERVICE,SC,Quit,202408,35-39,14,POST-BACHELOR'S,4.2,0110,ECONOMIST,01,"SOCIAL SCIENCE, PSYCHOLOGY, AND WELFARE GROUP",GS,GENERAL SCHEDULE,STEM OCCUPATIONS,SCIENCE OCCUPATIONS,8,ALL OTHER POSITIONS,10,CAREER (COMPETITIVE SERVICE PERMANENT),F,FULL-TIME,1,24,MD,MARYLAND,US,UNITED STATES,99200,12
AG,DEPARTMENT OF AGRICULTURE,AG38,OFFICE OF THE CHIEF ECONOMIST,SD,Retirement - Voluntary,202405,65 or more,21,DOCTORATE DEGREE,17.4,0110,ECONOMIST,01,"SOCIAL SCIENCE, PSYCHOLOGY, AND WELFARE GROUP",GS,GENERAL SCHEDULE,STEM OCCUPATIONS,SCIENCE OCCUPATIONS,5,MANAGEMENT OFFICIAL (CSRA),10,CAREER (COMPETITIVE SERVICE PERMANENT),F,FULL-TIME,1,11,DC,DISTRICT OF COLUMBIA,US,UNITED STATES,191900,15
AG,DEPARTMENT OF AGRICULTURE,AG18,ECONOMIC RESEARCH SERVICE,SC,Quit,202408,35-39,21,DOCTORATE DEGREE,7.8,0110,ECONOMIST,01,"SOCIAL SCIENCE, PSYCHOLOGY, AND WELFARE GROUP",GS,GENERAL SCHEDULE,STEM OCCUPATIONS,SCIENCE OCCUPATIONS,8,ALL OTHER POSITIONS,10,CAREER (COMPETITIVE SERVICE PERMANENT),F,FULL-TIME,1,22,LA,LOUISIANA,US,UNITED STATES,117198,13
AG,DEPARTMENT OF AGRICULTURE,AG02,AGRICULTURAL MARKETING SERVICE,SC,Quit,202409,55-59,21,DOCTORATE DEGREE,24.9,0110,ECONOMIST,01,"SOCIAL SCIENCE, PSYCHOLOGY, AND WELFARE GROUP",GS,GENERAL SCHEDULE,STEM OCCUPATIONS,SCIENCE OCCUPATIONS,8,ALL OTHER POSITIONS,15,CAREER-CONDITIONAL (COMPETITIVE SERVICE PERMANENT),F,FULL-TIME,1,13,GA,GEORGIA,US,UNITED STATES,142065,13
