AGYSUB,ACC,EFDATE,AGELVL,EDLVL,GSEGRD,LOSLVL,LOC,OCC,PATCO,PPGRD,SALLVL,STEMOCC,TOA,WORKSCH,WORKSTAT,COUNT,SALARY,LOS
AF0B,AC,202210,E,13,07,D,08,0110,1,GS-07,D,0110,15,F,1,1,045595,05.6
AF3Q,AC,202012,E,21,13,A,51,0110,1,GS-13,J,0110,15,F,1,1,102663,00.0
AF3Q,AC,202110,F,13,13,A,31,0110,1,GS-13,J,0110,15,F,1,1,104771,00.0
AG02,AA,202108,F,14,13,E,08,0110,1,GS-13,M,0110,10,F,1,1,131337,12.9
AG02,AC,202204,G,17,12,G,37,0110,1,GS-12,J,0110,15,F,1,1,107385,20.8
AG02,AC,202209,I,21,13,A,13,0110,1,GS-13,L,0110,15,F,1,1,129472,00.0
AG02,AC,201911,D,13,12,A,11,0110,1,GS-12,I,0110,15,F,1,1,091740,00.0
AG02,AC,202005,D,17,11,A,11,0110,1,GS-11,G,0110,15,F,1,1,072030,00.0
AG02,AC,202209,D,21,11,A,11,0110,1,GS-11,G,0110,15,F,1,1,074950,00.0
AG02,AC,202307,E,17,12,A,11,0110,1,GS-12,I,0110,15,F,1,1,094199,00.0
AG02,AC,202208,C,13,11,A,17,0110,1,GS-11,G,0110,15,F,1,1,073611,00.0
AG02,AC,201910,F,21,12,A,11,0110,1,GS-12,H,0110,15,F,1,1,083398,00.0
AG02,AC,202005,C,17,11,A,11,0110,1,GS-11,G,0110,15,F,1,1,072030,00.0
AG02,AC,202009,G,17,12,A,11,0110,1,GS-12,K,0110,15,F,1,1,112240,00.0
AG02,AC,202009,F,21,12,A,11,0110,1,GS-12,J,0110,15,F,1,1,103605,00.0
AG02,AC,202101,C,17,12,B,11,0110,1,GS-12,H,0110,15,F,1,1,087198,01.4
AG02,AC,202201,D,04,12,A,11,0110,1,GS-12,H,0110,15,F,1,1,089834,00.0
AG02,AC,202201,H,04,12,A,08,0110,1,GS-12,G,0110,15,F,1,1,079363,00.0
AG02,AC,202205,E,17,13,A,11,0110,1,GS-13,J,0110,15,F,1,1,106823,00.0
AG02,AC,202209,C,21,11,A,11,0110,1,GS-11,G,0110,15,F,1,1,074950,00.0
AG02,AC,202306,C,14,11,A,17,0110,1,GS-11,F,0110,15,F,1,1,069107,00.0
AG02,AC,202306,H,21,13,A,37,0110,1,GS-13,K,0110,15,F,1,1,116294,00.0
AG03,AC,202107,E,04,12,A,06,0110,1,GS-12,H,0110,15,F,1,1,084452,00.0
AG07,AC,202009,B,17,12,A,11,0110,1,GS-12,H,0110,15,F,1,1,086335,00.0
AG07,AC,202301,D,17,13,A,25,0110,1,GS-13,L,0110,15,F,1,1,125569,00.0
AG08,AC,202005,C,17,11,A,29,0110,1,GS-11,F,0110,15,F,1,1,064660,00.0
AG08,AC,202005,C,04,12,C,29,0110,1,GS-12,G,0110,15,F,1,1,077501,04.0
AG08,AC,202007,B,13,09,A,29,0110,1,GS-09,E,0110,15,F,1,1,053443,00.0
AG08,AC,202201,E,17,12,A,29,0110,1,GS-12,H,0110,15,F,1,1,080367,00.0
AG10,AC,202204,F,21,13,D,11,0110,1,GS-13,K,0110,10,F,1,1,113944,07.2
AG10,AC,202208,C,04,12,A,11,0110,1,GS-12,H,0110,15,F,1,1,089834,00.0
AG10,AC,202206,C,01,09,A,11,0110,1,GS-09,F,0110,15,F,1,1,061947,00.0
AG10,AC,202309,C,17,09,A,11,0110,1,GS-09,F,0110,15,F,1,1,064957,00.0
AG10,AC,202207,C,04,09,A,11,0110,1,GS-09,F,0110,15,F,1,1,061947,00.0
AG10,AC,202212,C,17,11,A,11,0110,1,GS-11,G,0110,15,F,1,1,074950,00.0
AG10,AD,201910,D,17,09,A,11,0110,1,GS-09,E,0110,35,F,1,1,057510,00.0
AG10,AD,201912,C,13,09,A,11,0110,1,GS-09,E,0110,35,F,1,1,057510,00.0
AG10,AD,202103,D,17,09,A,11,0110,1,GS-09,F,0110,35,F,1,1,060129,00.0
AG10,AC,202008,C,13,09,A,11,0110,1,GS-09,E,0110,15,F,1,1,059534,00.0
AG10,AC,202008,C,13,11,A,11,0110,1,GS-11,G,0110,15,F,1,1,072030,00.0
AG10,AC,202008,D,13,07,A,11,0110,1,GS-07,D,0110,15,F,1,1,048670,00.0
AG10,AD,202010,C,17,09,A,11,0110,1,GS-09,E,0110,35,F,1,1,059534,00.0
AG10,AD,202012,B,13,07,A,11,0110,1,GS-07,D,0110,35,F,1,1,048670,00.0
AG10,AD,202012,C,17,09,A,11,0110,1,GS-09,E,0110,35,F,1,1,059534,00.0
AG10,AD,202102,D,13,09,A,11,0110,1,GS-09,F,0110,35,F,1,1,060129,00.0
AG10,AD,202107,B,13,04,A,11,0119,3,GS-04,C,XXXX,48,F,2,1,035470,00.0
AG10,AD,202107,E,13,04,A,11,0119,3,GS-04,C,XXXX,48,F,2,1,035470,00.0
AG10,AD,202107,A,17,04,A,11,0119,3,GS-04,C,XXXX,48,F,2,1,035470,00.0
AG10,AD,202107,B,13,04,A,11,0119,3,GS-04,C,XXXX,48,F,2,1,035470,00.0
AG10,AD,202308,B,13,07,A,11,0110,1,GS-07,E,0110,35,F,1,1,053105,00.0
AG10,AC,202201,C,10,09,A,11,0110,1,GS-09,F,0110,15,F,1,1,061947,00.0
AG10,AD,202109,A,01,05,A,11,0119,3,GS-05,C,XXXX,40,F,2,1,039684,00.0
AG10,AD,202109,A,01,05,A,11,0119,3,GS-05,C,XXXX,40,F,2,1,039684,00.0
AG10,AD,202109,A,01,02,A,11,0119,3,GS-02,B,XXXX,40,F,2,1,028959,00.0
AG10,AC,202204,D,17,09,A,11,0110,1,GS-09,F,0110,15,F,1,1,061947,00.0
AG10,AD,202109,B,01,03,A,11,0119,3,GS-03,C,XXXX,48,F,2,1,031597,00.0
AG10,AD,202107,A,04,02,A,11,0119,3,GS-02,B,XXXX,40,G,2,1,028959,00.0
AG10,AC,202301,B,13,11,A,11,0110,1,GS-11,G,0110,15,F,1,1,078592,00.0
AG10,AC,202205,C,01,09,A,11,0110,1,GS-09,F,0110,15,F,1,1,061947,00.0
AG10,AD,202206,B,04,05,A,11,0119,3,GS-05,D,XXXX,48,F,2,1,040883,00.0
AG10,AC,202206,B,01,09,A,11,0110,1,GS-09,F,0110,15,F,1,1,061947,00.0
AG10,AC,202207,C,04,09,A,11,0110,1,GS-09,F,0110,15,F,1,1,061947,00.0
AG10,AC,202210,C,17,09,A,11,0110,1,GS-09,F,0110,15,F,1,1,061947,00.0
AG10,AC,202304,H,21,11,A,11,0110,1,GS-11,G,0110,15,F,1,1,078592,00.0
AG10,AC,202307,D,17,11,A,11,0110,1,GS-11,G,0110,15,F,1,1,078592,00.0
AG10,AD,202307,C,13,09,D,11,0110,1,GS-09,F,0110,**,F,2,1,064957,05.0
AG10,AD,202308,C,17,09,A,11,0110,1,GS-09,F,0110,35,F,1,1,064957,00.0
AG10,AD,202308,B,01,09,A,11,0110,1,GS-09,F,0110,35,F,1,1,064957,00.0
AG11,AC,202307,F,17,13,A,04,0110,1,GS-13,K,0110,10,F,1,1,118194,00.0
AG11,AC,202106,D,13,12,D,30,0110,1,GS-12,H,0110,15,F,1,1,085238,05.4
AG11,AC,202003,D,13,12,A,11,0110,1,GS-12,H,0110,20,F,2,1,086335,00.0
AG11,AD,202107,E,12,12,D,30,0110,1,GS-12,G,0110,42,F,2,1,077488,09.4
AG11,AC,202003,F,21,12,A,55,0110,1,GS-12,H,0110,15,F,1,1,086952,00.0
AG11,AC,202005,D,21,12,A,06,0110,1,GS-12,H,0110,15,F,1,1,087612,00.0
AG11,AC,202008,E,21,12,A,**,0110,1,GS-12,G,0110,15,F,1,1,079725,00.0
AG11,AA,202207,G,21,12,A,55,0110,1,GS-12,H,0110,15,F,1,1,087301,00.0
AG11,AC,202008,E,21,12,A,**,0110,1,GS-12,G,0110,15,F,1,1,079725,00.0
AG11,AC,202101,D,21,12,A,41,0110,1,GS-12,J,0110,15,F,1,1,101993,00.0
AG11,AC,202111,D,21,13,A,27,0110,1,GS-13,I,0110,15,F,1,1,099065,00.0
AG11,AD,202207,D,17,09,A,42,0110,1,GS-09,E,0110,35,F,1,1,056469,00.0
AG11,AC,202209,D,21,12,A,**,0110,1,GS-12,H,0110,15,F,1,1,082601,00.0
AG11,AC,202210,G,21,12,A,55,0110,1,GS-12,G,0110,15,F,1,1,079363,00.0
AG11,AC,202211,D,21,12,A,**,0110,1,GS-12,H,0110,15,F,1,1,082601,00.0
AG11,AC,202304,F,21,11,A,41,0110,1,GS-11,G,0110,15,F,1,1,074137,00.0
AG11,AC,202307,F,21,13,A,55,0110,1,GS-13,I,0110,15,F,1,1,098496,00.0
AG11,AD,202307,F,21,12,A,08,0110,1,GS-12,I,0110,42,F,2,1,091753,00.0
AG16,AA,202106,J,17,14,F,49,0110,1,GS-14,K,0110,10,F,1,1,119773,17.8
AG16,AA,202102,J,17,12,G,41,0110,1,GS-12,I,0110,10,F,1,1,096479,23.9
AG16,AA,202101,J,21,13,C,05,0110,1,GS-13,I,0110,10,F,1,1,092143,03.2
AG16,AC,202104,E,13,12,D,05,0110,1,GS-12,G,0110,10,F,1,1,077488,08.5
AG16,AA,202301,B,13,11,B,48,0110,1,GS-11,H,0110,15,F,1,1,082926,02.6
AG16,AC,202109,D,17,09,A,27,0110,1,GS-09,E,0110,15,F,1,1,057447,00.0
AG16,AD,202101,C,13,09,A,51,0110,1,GS-09,F,0110,35,F,1,1,060129,00.0
AG16,AC,202108,D,13,07,A,04,0110,1,GS-07,D,0110,15,F,1,1,045254,00.0
AG16,AC,202110,C,13,07,A,26,0110,1,GS-07,D,0110,15,F,1,1,043683,00.0
AG16,AD,202203,B,17,07,A,42,0110,1,GS-07,D,0110,35,F,1,1,045395,00.0
AG16,AD,202204,C,13,07,A,20,0110,1,GS-07,D,0110,35,F,1,1,044740,00.0
AG16,AC,202205,C,17,09,A,22,0110,1,GS-09,E,0110,15,F,1,1,054727,00.0
AG16,AC,202209,G,21,09,A,38,0110,1,GS-09,E,0110,15,F,1,1,054727,00.0
AG16,AD,202302,C,17,09,A,39,0110,1,GS-09,E,0110,35,F,1,1,059456,00.0
AG16,AD,202304,B,04,07,A,30,0110,1,GS-07,D,0110,35,F,1,1,046696,00.0
AG16,AD,202308,C,17,07,A,21,0110,1,GS-07,D,0110,35,F,1,1,046696,00.0
AG18,AC,201912,K,21,15,I,11,0110,1,GS-15,P,0110,20,P,2,1,166500,31.4
AG18,AC,202109,H,21,15,F,29,0110,1,GS-15,N,0110,15,F,1,1,146633,16.1
AG18,AC,201910,K,17,13,I,11,0110,1,GS-13,L,0110,20,P,2,1,128920,34.9
AG18,AC,201910,K,21,15,J,11,0110,1,GS-15,P,0110,20,P,2,1,166500,37.9
AG18,AC,202010,G,17,15,A,29,0110,1,GS-15,N,0110,15,F,1,1,145183,00.0
AG18,AC,201910,K,21,15,J,11,0110,1,GS-15,P,0110,20,P,2,1,166500,38.0
AG18,AC,201910,J,13,14,J,11,0110,1,GS-14,N,0110,20,P,2,1,148445,38.8
AG18,AC,201910,K,17,15,J,53,0110,1,GS-15,O,0110,20,P,2,1,152067,39.1
AG18,AC,202206,F,17,13,G,**,0110,1,GS-13,M,0110,15,F,1,1,131747,21.9
AG18,AC,201910,K,21,15,I,11,0110,1,GS-15,P,0110,20,P,2,1,166500,30.3
AG18,AC,201910,K,21,15,H,11,0110,1,GS-15,P,0110,20,P,2,1,166500,29.6
AG18,AC,201910,J,17,15,I,11,0110,1,GS-15,P,0110,20,P,2,1,166500,31.3
AG18,AC,201910,K,21,13,J,11,0110,1,GS-13,L,0110,20,P,2,1,128920,40.1
AG18,AC,202103,I,21,15,G,29,0110,1,GS-15,O,0110,15,F,1,1,150945,24.8
AG18,AC,201910,K,17,15,J,11,0110,1,GS-15,P,0110,20,P,2,1,166500,36.5
AG18,AC,202111,I,21,14,G,29,0110,1,GS-14,L,0110,15,F,1,1,128324,20.4
AG18,AC,202008,G,13,12,A,29,0110,1,GS-12,I,0110,15,F,1,1,095589,00.0
AG18,AC,202001,K,21,15,J,11,0110,1,GS-15,Q,0110,20,P,2,1,170800,47.9
AG18,AC,202003,J,21,14,H,11,0110,1,GS-14,O,0110,20,F,2,1,157709,27.3
AG18,AC,202009,J,21,15,G,11,0110,1,GS-15,Q,0110,20,P,2,1,170800,24.8
AG18,AC,202006,D,17,13,A,29,0110,1,GS-13,I,0110,15,F,1,1,092159,00.0
AG18,AC,201910,H,21,15,G,11,0110,1,GS-15,O,0110,20,P,2,1,151633,20.6
AG18,AC,202107,D,21,12,A,29,0110,1,GS-12,I,0110,15,F,1,1,096544,00.0
AG18,AC,202204,H,21,15,F,51,0110,1,GS-15,Q,0110,10,F,1,1,176300,19.7
AG18,AC,202302,K,21,15,J,11,0110,1,GS-15,R,0110,20,P,2,1,183500,38.7
AG18,AC,201912,K,21,13,E,11,0110,1,GS-13,L,0110,20,P,2,1,122310,11.4
AG18,AC,201910,I,21,14,H,11,0110,1,GS-14,O,0110,20,P,2,1,152352,29.7
AG18,AC,201911,K,21,15,I,11,0110,1,GS-15,P,0110,20,P,2,1,166500,31.2
AG18,AC,202104,E,17,14,A,29,0110,1,GS-14,K,0110,15,F,1,1,117326,00.0
AG18,AC,202104,E,17,14,D,29,0110,1,GS-14,K,0110,15,F,1,1,117326,05.9
AG18,AC,202002,F,21,14,C,29,0110,1,GS-14,J,0110,15,F,1,1,108904,04.0
AG18,AC,202002,K,17,14,I,11,0110,1,GS-14,O,0110,20,P,2,1,157709,30.7
AG18,AC,202006,I,21,14,D,29,0110,1,GS-14,J,0110,15,F,1,1,108904,07.6
AG18,AC,202009,E,21,12,A,29,0110,1,GS-12,J,0110,15,F,1,1,100756,00.0
AG18,AC,202006,E,21,12,A,29,0110,1,GS-12,I,0110,15,F,1,1,095589,00.0
AG18,AC,202204,D,13,13,E,11,0110,1,GS-13,M,0110,15,F,1,1,135308,12.6
AG18,AC,202001,E,21,12,A,29,0110,1,GS-12,J,0110,15,F,1,1,100756,00.0
AG18,AC,202210,G,21,14,D,17,0110,1,GS-14,N,0110,15,F,1,1,140508,09.2
AG18,AC,202111,F,21,15,F,11,0110,1,GS-15,O,0110,15,F,1,1,158541,15.2
AG18,AC,202204,F,17,13,E,08,0110,1,GS-13,K,0110,15,F,1,1,114441,11.2
AG18,AC,202110,D,21,12,A,29,0110,1,GS-12,H,0110,15,F,1,1,088715,00.0
AG18,AC,202307,E,21,13,B,55,0110,1,GS-13,L,0110,15,F,1,1,121477,01.1
AG18,AC,202003,D,21,12,A,29,0110,1,GS-12,I,0110,15,F,1,1,090421,00.0
AG18,AC,202201,F,21,14,A,29,0110,1,GS-14,K,0110,15,F,1,1,112931,00.0
AG18,AC,202101,E,21,14,A,29,0110,1,GS-14,K,0110,15,F,1,1,113659,00.0
AG18,AC,202009,D,13,13,D,29,0110,1,GS-13,I,0110,15,F,1,1,092159,08.4
AG18,AC,202002,D,21,12,A,29,0110,1,GS-12,H,0110,15,F,1,1,087837,00.0
AG18,AC,202103,E,21,15,C,11,0110,1,GS-15,P,0110,15,F,1,1,168150,04.2
AG18,AC,202103,E,21,15,A,11,0110,1,GS-15,P,0110,15,F,1,1,168150,00.0
AG18,AC,202108,D,17,14,C,29,0110,1,GS-14,J,0110,15,F,1,1,109993,04.7
AG18,AC,202012,D,21,12,A,29,0110,1,GS-12,J,0110,15,F,1,1,100756,00.0
AG18,AC,202010,H,21,15,B,29,0110,1,GS-15,L,0110,15,F,1,1,128100,01.1
AG18,AC,202205,E,21,14,C,11,0110,1,GS-14,O,0110,15,F,1,1,155687,03.9
AG18,AC,202301,E,21,13,A,27,0110,1,GS-13,M,0110,15,F,1,1,138913,00.0
AG18,AC,202001,D,21,12,A,29,0110,1,GS-12,H,0110,15,F,1,1,087837,00.0
AG18,AC,202007,E,21,12,A,29,0110,1,GS-12,H,0110,15,F,1,1,087837,00.0
AG18,AC,202009,C,13,12,B,29,0110,1,GS-12,H,0110,15,F,1,1,080085,02.8
AG18,AC,201910,B,13,09,A,29,0110,1,GS-09,E,0110,15,F,1,1,051853,00.0
AG18,AC,201910,E,17,09,A,29,0110,1,GS-09,E,0110,15,F,1,1,051853,00.0
AG18,AC,201910,C,17,09,A,29,0110,1,GS-09,E,0110,15,F,1,1,051853,00.0
AG18,AC,201910,E,17,09,A,11,0110,1,GS-09,E,0110,15,F,1,1,057510,00.0
AG18,AC,201911,D,17,09,A,29,0110,1,GS-09,F,0110,15,F,1,1,067405,00.0
AG18,AC,202002,G,17,13,A,29,0110,1,GS-13,I,0110,15,F,1,1,092159,00.0
AG18,AC,202002,J,21,12,A,29,0110,1,GS-12,J,0110,15,F,1,1,100756,00.0
AG18,AC,202002,F,21,13,A,29,0110,1,GS-13,I,0110,15,F,1,1,092159,00.0
AG18,AC,202003,C,21,12,A,29,0110,1,GS-12,H,0110,15,F,1,1,087837,00.0
AG18,AC,202004,D,21,12,A,29,0110,1,GS-12,I,0110,15,F,1,1,098173,00.0
AG18,AC,202005,D,21,12,A,29,0110,1,GS-12,H,0110,15,F,1,1,087837,00.0
AG18,AC,202005,C,17,11,A,29,0110,1,GS-11,F,0110,15,F,1,1,064660,00.0
AG18,AC,202004,C,17,11,A,29,0110,1,GS-11,F,0110,15,F,1,1,068971,00.0
AG18,AC,202006,D,21,12,A,29,0110,1,GS-12,I,0110,15,F,1,1,095589,00.0
AG18,AC,202006,D,21,12,A,29,0110,1,GS-12,H,0110,15,F,1,1,087837,00.0
AG18,AC,202006,C,17,09,A,29,0110,1,GS-09,E,0110,15,F,1,1,055224,00.0
AG18,AC,202006,C,21,12,A,29,0110,1,GS-12,J,0110,15,F,1,1,100756,00.0
AG18,AC,202201,C,21,12,A,29,0110,1,GS-12,I,0110,15,F,1,1,091085,00.0
AG18,AC,202201,C,17,09,A,29,0110,1,GS-09,E,0110,15,F,1,1,055419,00.0
AG18,AC,202007,I,21,15,A,29,0110,1,GS-15,O,0110,15,F,1,1,153724,00.0
AG18,AC,202007,G,21,14,A,29,0110,1,GS-14,J,0110,15,F,1,1,108904,00.0
AG18,AC,202007,C,21,12,A,29,0110,1,GS-12,J,0110,15,F,1,1,100756,00.0
AG18,AC,202007,C,21,12,A,29,0110,1,GS-12,H,0110,15,F,1,1,087837,00.0
AG18,AC,202008,E,21,12,A,29,0110,1,GS-12,I,0110,15,F,1,1,093005,00.0
AG18,AC,202007,C,21,12,A,29,0110,1,GS-12,H,0110,15,F,1,1,087837,00.0
AG18,AC,202008,C,14,09,A,29,0110,1,GS-09,E,0110,15,F,1,1,053443,00.0
AG18,AD,202008,K,16,,A,11,0110,1,RA-00,S,0110,38,F,1,1,195000,00.0
AG18,AC,202008,B,17,09,A,29,0110,1,GS-09,E,0110,15,F,1,1,053443,00.0
AG18,AC,202009,C,21,12,A,29,0110,1,GS-12,H,0110,15,F,1,1,087837,00.0
AG18,AC,202008,D,21,12,A,29,0110,1,GS-12,H,0110,15,F,1,1,087837,00.0
AG18,AC,202008,D,13,13,A,29,0110,1,GS-13,I,0110,15,F,1,1,098304,00.0
AG18,AC,202008,D,21,12,A,29,0110,1,GS-12,H,0110,15,F,1,1,087837,00.0
AG18,AC,202008,C,21,12,A,29,0110,1,GS-12,J,0110,15,F,1,1,100756,00.0
AG18,AC,202009,E,21,12,A,29,0110,1,GS-12,J,0110,15,F,1,1,100756,00.0
AG18,AC,202009,D,21,12,A,29,0110,1,GS-12,H,0110,15,F,1,1,087837,00.0
AG18,AC,202011,I,21,15,A,29,0110,1,GS-15,O,0110,15,F,1,1,153724,00.0
AG18,AC,202012,D,21,12,A,29,0110,1,GS-12,H,0110,15,F,1,1,087837,00.0
AG18,AC,202012,F,21,14,A,29,0110,1,GS-14,K,0110,15,F,1,1,119794,00.0
AG18,AC,202012,K,21,15,A,29,0110,1,GS-15,P,0110,15,F,1,1,166535,00.0
AG18,AC,202101,D,21,12,A,29,0110,1,GS-12,H,0110,15,F,1,1,088715,00.0
AG18,AC,202101,H,21,15,A,29,0110,1,GS-15,N,0110,15,F,1,1,142320,00.0
AG18,AC,202101,F,21,13,A,29,0110,1,GS-13,I,0110,15,F,1,1,093081,00.0
AG18,AC,202012,G,21,13,A,29,0110,1,GS-13,J,0110,15,F,1,1,104448,00.0
AG18,AC,202101,C,01,12,A,29,0110,1,GS-12,G,0110,15,F,1,1,078277,00.0
AG18,AC,202101,H,21,12,A,29,0110,1,GS-12,H,0110,15,F,1,1,088715,00.0
AG18,AC,202101,H,21,15,A,29,0110,1,GS-15,O,0110,15,F,1,1,155258,00.0
AG18,AC,202101,E,21,13,A,29,0110,1,GS-13,L,0110,15,F,1,1,121006,00.0
AG18,AC,202102,I,21,14,A,29,0110,1,GS-14,N,0110,15,F,1,1,142989,00.0
AG18,AC,202104,G,17,09,A,29,0110,1,GS-09,E,0110,15,F,1,1,053977,00.0
AG18,AC,202104,C,17,09,A,29,0110,1,GS-09,E,0110,15,F,1,1,053977,00.0
AG18,AC,202201,D,14,12,A,29,0110,1,GS-12,I,0110,15,F,1,1,096444,00.0
AG18,AC,202105,E,21,12,A,29,0110,1,GS-12,G,0110,15,F,1,1,078277,00.0
AG18,AC,202305,C,17,11,A,48,0110,1,GS-11,G,0110,15,F,1,1,073713,00.0
AG18,AC,202106,D,21,12,A,29,0110,1,GS-12,I,0110,15,F,1,1,096544,00.0
AG18,AC,202106,D,21,12,A,29,0110,1,GS-12,I,0110,15,F,1,1,093935,00.0
AG18,AC,202106,C,21,12,A,29,0110,1,GS-12,I,0110,15,F,1,1,096544,00.0
AG18,AC,202106,F,21,12,A,29,0110,1,GS-12,H,0110,15,F,1,1,088715,00.0
AG18,AC,202202,D,21,12,A,29,0110,1,GS-12,I,0110,15,F,1,1,096444,00.0
AG18,AC,202106,C,21,12,A,29,0110,1,GS-12,H,0110,15,F,1,1,088715,00.0
AG18,AC,202106,B,17,09,A,29,0110,1,GS-09,E,0110,15,F,1,1,053977,00.0
AG18,AC,202106,B,17,09,A,29,0110,1,GS-09,E,0110,15,F,1,1,053977,00.0
AG18,AC,202106,B,17,09,A,29,0110,1,GS-09,E,0110,15,F,1,1,053977,00.0
AG18,AC,202106,D,21,13,A,29,0110,1,GS-13,K,0110,15,F,1,1,111698,00.0
AG18,AC,202106,D,21,12,A,29,0110,1,GS-12,I,0110,15,F,1,1,093935,00.0
AG18,AC,202107,D,21,12,A,29,0110,1,GS-12,H,0110,15,F,1,1,088715,00.0
AG18,AC,202107,C,21,12,A,29,0110,1,GS-12,J,0110,15,F,1,1,101764,00.0
AG18,AC,202107,G,21,14,A,29,0110,1,GS-14,L,0110,15,F,1,1,128324,00.0
AG18,AC,202107,B,17,09,A,29,0110,1,GS-09,E,0110,15,F,1,1,053977,00.0
AG18,AC,202108,D,21,12,A,29,0110,1,GS-12,H,0110,15,F,1,1,088715,00.0
AG18,AC,202108,C,21,12,A,29,0110,1,GS-12,H,0110,15,F,1,1,088715,00.0
AG18,AC,202108,E,21,12,A,29,0110,1,GS-12,H,0110,15,F,1,1,088715,00.0
AG18,AC,202108,G,21,14,A,11,0110,1,GS-14,L,0110,15,F,1,1,122530,00.0
AG18,AC,202108,F,21,15,A,29,0110,1,GS-15,P,0110,15,F,1,1,168196,00.0
AG18,AC,202109,F,21,12,A,29,0110,1,GS-12,H,0110,15,F,1,1,088715,00.0
AG18,AD,202109,B,04,04,A,29,0119,3,GS-04,C,XXXX,40,F,2,1,031841,00.0
AG18,AC,202109,D,21,12,A,29,0110,1,GS-12,H,0110,15,F,1,1,088715,00.0
AG18,AC,202109,D,21,12,A,29,0110,1,GS-12,H,0110,15,F,1,1,088715,00.0
AG18,AD,202109,A,04,02,A,29,0119,3,GS-02,B,XXXX,40,F,2,1,025996,00.0
AG18,AC,202110,I,17,14,A,29,0110,1,GS-14,N,0110,15,F,1,1,142989,00.0
AG18,AC,202110,C,17,09,A,29,0110,1,GS-09,E,0110,15,F,1,1,053977,00.0
AG18,AC,202110,C,13,12,A,29,0110,1,GS-12,G,0110,15,F,1,1,078277,00.0
AG18,AC,202110,D,21,12,A,29,0110,1,GS-12,I,0110,15,F,1,1,091325,00.0
AG18,AC,202110,G,21,14,A,29,0110,1,GS-14,J,0110,15,F,1,1,109993,00.0
AG18,AC,202111,G,17,12,A,29,0110,1,GS-12,G,0110,15,F,1,1,078277,00.0
AG18,AC,202111,C,17,12,A,29,0110,1,GS-12,G,0110,15,F,1,1,078277,00.0
AG18,AC,202111,D,17,12,A,29,0110,1,GS-12,G,0110,15,F,1,1,078277,00.0
AG18,AC,202201,G,21,14,A,11,0110,1,GS-14,N,0110,15,F,1,1,143064,00.0
AG18,AC,202201,E,21,12,A,11,0110,1,GS-12,J,0110,15,F,1,1,107803,00.0
AG18,AC,202204,G,13,14,A,20,0110,1,GS-14,K,0110,15,F,1,1,112931,00.0
AG18,AC,202205,E,21,12,A,29,0110,1,GS-12,I,0110,15,F,1,1,096444,00.0
AG18,AC,202206,D,21,12,A,20,0110,1,GS-12,I,0110,15,F,1,1,091085,00.0
AG18,AC,202206,E,21,12,A,06,0110,1,GS-12,J,0110,15,F,1,1,107235,00.0
AG18,AC,202207,D,21,13,A,10,0110,1,GS-13,L,0110,15,F,1,1,120286,00.0
AG18,AC,202208,C,21,12,A,39,0110,1,GS-12,I,0110,15,F,1,1,093856,00.0
AG18,AC,202208,E,21,12,A,40,0110,1,GS-12,G,0110,15,F,1,1,079363,00.0
AG18,AC,202211,H,21,15,A,24,0110,1,GS-15,N,0110,15,F,1,1,148484,00.0
AG18,AC,202302,F,21,14,A,44,0110,1,GS-14,Q,0110,15,F,1,1,170205,00.0
AG18,AC,202303,E,21,13,A,11,0110,1,GS-13,K,0110,15,F,1,1,112015,00.0
AG18,AC,202306,D,21,13,A,32,0110,1,GS-13,L,0110,15,F,1,1,121477,00.0
AG18,AD,202307,A,04,03,A,47,0119,3,GS-03,C,XXXX,40,F,2,1,033906,00.0
AG18,AC,202308,C,21,12,A,26,0110,1,GS-12,J,0110,15,F,1,1,104919,00.0
AG30,AC,202104,C,13,13,A,51,0110,1,GS-13,J,0110,15,F,1,1,103690,00.0
AG34,AC,202201,H,21,11,A,08,0110,1,GS-11,G,0110,15,F,1,1,072995,00.0
AG34,AC,202303,D,21,12,A,08,0110,1,GS-12,I,0110,15,F,1,1,091753,00.0
AG34,AC,202306,C,21,11,A,08,0110,1,GS-11,G,0110,20,F,2,1,076551,00.0
AG37,AA,202102,C,05,13,D,11,0110,1,GS-13,J,0110,10,F,1,1,103690,05.8
AG38,AA,202108,F,17,13,E,11,0110,1,GS-13,K,0110,10,F,1,1,114059,13.2
AG38,AC,202208,F,21,14,E,11,0110,1,GS-14,M,0110,15,F,1,1,134649,13.8
AG38,AE,202101,H,21,,D,11,0110,1,ES-**,S,0110,50,F,1,1,197300,07.6
AG38,AC,202006,E,17,14,C,11,0110,1,GS-14,L,0110,15,F,1,1,121316,04.3
AG38,AC,202009,D,17,15,D,11,0110,1,GS-15,N,0110,15,F,1,1,142701,05.4
AG38,AC,202202,E,21,14,A,11,0110,1,GS-14,L,0110,15,F,1,1,126233,00.0
AG38,AD,202308,C,04,12,A,11,0110,1,GS-12,I,0110,40,F,2,1,094199,00.0
AG99,AC,202205,K,17,15,J,37,0110,1,GS-15,Q,0110,20,P,2,1,170532,40.5
AG99,AC,202212,K,17,15,J,51,0110,1,GS-15,Q,0110,20,P,2,1,176300,41.9
AG99,AA,202207,D,17,14,D,11,0110,1,GS-14,L,0110,10,F,1,1,126233,06.3
AG99,AC,202108,F,21,13,A,24,0110,1,GS-13,L,0110,15,F,1,1,120972,00.6
AG99,AC,202201,D,17,12,D,36,0110,1,GS-12,I,0110,15,F,1,1,092245,06.4
AG99,AC,202206,C,17,13,C,51,0110,1,GS-13,K,0110,10,F,1,1,110384,03.9
AG99,AC,202201,F,21,11,B,02,0110,1,GS-11,G,0110,15,F,1,1,074317,02.0
AG99,AC,202303,E,13,12,A,13,0110,1,GS-12,H,0110,15,F,1,1,087466,00.0
AM**,AC,202011,F,17,14,E,11,0110,1,GS-14,L,0110,15,F,1,1,125360,11.3
AM**,AA,202009,E,21,14,D,11,0110,1,GS-14,N,0110,10,F,1,1,141534,09.3
AM**,AD,202007,D,17,,A,11,0110,1,FP-05,H,0110,48,F,2,1,087711,00.0
AM**,AD,202006,D,17,,A,11,0110,1,FP-05,H,0110,48,F,2,1,085156,00.0
AM**,AD,202008,C,17,11,A,11,0110,1,GS-11,G,0110,35,F,1,1,072030,00.0
AM00,AD,202201,K,17,,J,11,0110,1,FP-02,Q,0110,48,F,2,1,171543,37.4
AM00,AD,202109,H,17,,F,11,0110,1,FP-04,K,0110,48,F,2,1,112606,18.4
AM00,AD,202104,D,17,,B,11,0110,1,FP-04,K,0110,48,F,2,1,112606,02.7
AM00,AC,202004,E,17,15,E,11,0110,1,GS-15,N,0110,10,F,1,1,147458,12.2
AM00,AD,202108,G,17,,E,11,0110,1,FP-05,I,0110,48,F,2,1,091245,11.3
AM00,AD,202109,F,17,,E,11,0110,1,FP-04,K,0110,48,F,2,1,112606,11.1
AM00,AC,201910,E,04,14,A,11,0110,1,GS-14,K,0110,15,F,1,1,117191,00.0
AM00,AD,202304,F,17,,C,11,0110,1,FP-02,O,0110,48,F,2,1,150646,03.5
AM00,AD,202003,I,17,,E,11,0110,1,FP-01,Q,0110,48,F,2,1,170800,10.8
AM00,AD,202006,F,17,,D,11,0110,1,FP-02,M,0110,48,F,2,1,138069,05.8
AM00,AD,202006,F,17,,A,11,0110,1,FP-02,M,0110,48,F,2,1,134047,00.0
AM00,AD,202210,D,17,,B,11,0110,1,FP-04,J,0110,48,F,2,1,109351,01.1
AM00,AD,202107,E,17,,A,11,0110,1,FP-04,J,0110,48,F,2,1,106142,00.8
AM00,AD,202106,G,21,,A,11,0110,1,FP-05,H,0110,48,F,2,1,086007,00.0
AM00,AD,202108,F,21,,A,11,0110,1,FP-04,J,0110,48,F,2,1,106142,00.0
AM00,AC,202208,C,17,11,A,11,0110,1,GS-11,G,0110,15,F,1,1,074950,00.0
AM00,AD,202208,F,04,,A,11,0110,1,FP-04,J,0110,48,F,2,1,109351,00.0
AM00,AD,202209,D,17,11,A,11,0110,1,GS-11,G,0110,35,F,1,1,074950,00.0
AM00,AD,202210,D,21,,A,11,0110,1,FP-02,L,0110,48,F,2,1,120317,00.0
AM00,AD,202307,F,17,,B,11,0110,1,FP-02,O,0110,48,F,2,1,150646,01.0
AM00,AC,201911,F,21,15,D,11,0110,1,GS-15,M,0110,15,F,1,1,137849,06.5
ARCE,AC,202206,J,04,12,J,15,0110,1,GS-12,J,0110,10,F,1,1,106906,35.2
ARCE,AA,202108,I,17,12,E,05,0110,1,GS-12,I,0110,10,F,1,1,092988,13.6
ARCE,AC,202005,J,04,14,H,39,0110,1,GS-14,M,0110,20,I,2,1,138235,28.9
ARCE,AC,202108,F,17,13,A,41,0110,1,GS-13,K,0110,15,F,1,1,118001,00.0
ARCE,AA,201911,E,17,14,D,13,0110,1,GS-14,K,0110,10,F,1,1,110231,09.5
ARCE,AC,202101,E,17,12,D,15,0110,1,GS-12,G,0110,10,F,1,1,079901,08.4
ARCE,AA,202104,D,17,12,D,54,0110,1,GS-12,H,0110,10,F,1,1,087822,06.2
ARCE,AC,202012,C,13,11,C,25,0110,1,GS-11,G,0110,20,P,2,1,073650,04.7
ARCE,AC,202301,D,13,07,A,31,0110,1,GS-07,F,0110,15,F,1,1,061235,00.3
ARCE,AC,201911,B,13,07,A,25,0110,1,GS-07,D,0110,15,F,1,1,046634,00.0
ARCE,AC,201912,C,13,07,A,25,0110,1,GS-07,D,0110,15,F,1,1,046634,00.0
ARCE,AC,202001,E,17,09,A,26,0110,1,GS-09,E,0110,15,F,1,1,058092,00.0
ARCE,AC,202002,B,13,07,A,31,0110,1,GS-07,D,0110,15,F,1,1,043392,00.0
ARCE,AC,202002,D,13,07,A,31,0110,1,GS-07,D,0110,15,F,1,1,043392,00.0
ARCE,AC,202003,B,13,07,A,51,0110,1,GS-07,D,0110,15,F,1,1,043459,00.0
ARCE,AC,202006,D,17,09,A,36,0110,1,GS-09,F,0110,15,F,1,1,061131,00.0
ARCE,AC,202006,B,04,07,A,27,0110,1,GS-07,D,0110,15,F,1,1,046499,00.0
ARCE,AC,202007,B,13,07,A,29,0110,1,GS-07,D,0110,15,F,1,1,043691,00.0
ARCE,AC,202007,B,13,07,A,17,0110,1,GS-07,D,0110,15,F,1,1,043657,00.0
ARCE,AC,202008,B,13,11,A,17,0110,1,GS-11,G,0110,15,F,1,1,070987,00.0
ARCE,AC,202009,B,13,07,A,53,0110,1,GS-07,D,0110,15,F,1,1,043251,00.0
ARCE,AC,202009,B,17,09,A,12,0110,1,GS-09,E,0110,15,F,1,1,052905,00.0
ARCE,AC,202009,B,13,07,A,21,0110,1,GS-07,D,0110,15,F,1,1,043251,00.0
ARCE,AC,202307,D,13,07,A,12,0110,1,GS-07,D,0110,15,F,1,1,046696,00.0
ARCE,AC,202104,B,13,07,A,01,0110,1,GS-07,D,0110,15,F,1,1,043683,00.0
ARCE,AC,202106,B,13,07,A,01,0110,1,GS-07,D,0110,15,F,1,1,043683,00.0
ARCE,AC,202107,C,13,07,A,02,0110,1,GS-07,D,0110,15,F,1,1,048852,00.0
ARCE,AC,202109,B,13,07,A,01,0110,1,GS-07,D,0110,15,F,1,1,043683,00.0
ARCE,AC,202304,D,17,07,B,28,0110,1,GS-07,D,0110,15,F,1,1,046696,01.0
ARCE,AC,202205,D,17,09,A,02,0110,1,GS-09,F,0110,15,F,1,1,061424,00.6
ARCE,AC,202307,E,17,12,A,21,0110,1,GS-12,I,0110,15,F,1,1,091113,00.3
ARCE,AC,202207,B,11,04,A,45,0119,3,GS-04,C,XXXX,20,F,2,1,032283,00.0
ARCE,AC,202207,B,13,07,A,12,0110,1,GS-07,D,0110,15,F,1,1,044740,00.0
ARCE,AC,202207,C,17,09,A,51,0110,1,GS-09,E,0110,15,F,1,1,055188,00.0
ARCE,AC,202207,D,17,09,A,02,0110,1,GS-09,F,0110,15,F,1,1,061424,00.0
ARCE,AC,202207,B,13,07,A,17,0110,1,GS-07,D,0110,15,F,1,1,045272,00.0
ARCE,AC,202207,C,17,07,A,01,0110,1,GS-07,D,0110,15,F,1,1,044740,00.0
ARCE,AC,202207,B,13,07,A,48,0110,1,GS-07,D,0110,15,F,1,1,048391,00.0
ARCE,AC,202208,D,17,11,A,22,0110,1,GS-11,F,0110,15,F,1,1,066214,00.0
ARCE,AC,202208,C,17,09,A,17,0110,1,GS-09,E,0110,15,F,1,1,055377,00.0
ARCE,AC,202208,C,13,12,A,36,0110,1,GS-12,H,0110,15,F,1,1,082492,00.0
ARCE,AC,202209,G,21,11,A,36,0110,1,GS-11,H,0110,15,F,1,1,089785,00.0
ARCE,AC,202210,C,13,07,A,02,0110,1,GS-07,E,0110,15,F,1,1,050216,00.0
ARCE,AC,202211,B,13,05,A,36,0110,1,GS-05,D,0110,15,F,1,1,041981,00.0
ARCE,AC,202301,B,13,07,B,53,0110,1,GS-07,E,0110,15,F,1,1,051934,01.0
ARCE,AC,202306,E,21,11,A,17,0110,1,GS-11,H,0110,15,F,1,1,089820,00.0
ARCE,AC,202306,C,13,09,A,51,0110,1,GS-09,F,0110,15,F,1,1,064957,00.0
ARCE,AC,202307,B,13,07,A,42,0110,1,GS-07,E,0110,15,F,1,1,051241,00.0
ARCE,AC,202307,B,13,07,A,54,0110,1,GS-07,D,0110,15,F,1,1,046696,00.0
ARCE,AC,202307,G,17,12,A,55,0110,1,GS-12,J,0110,15,F,1,1,109638,00.0
ARCE,AC,202307,B,13,07,A,12,0110,1,GS-07,D,0110,15,F,1,1,046696,00.0
ARCE,AC,202307,C,04,09,A,12,0110,1,GS-09,F,0110,15,F,1,1,062828,00.0
ARCE,AC,202307,B,13,07,A,41,0110,1,GS-07,E,0110,15,F,1,1,050094,00.0
ARCE,AC,202308,B,13,07,A,01,0110,1,GS-07,D,0110,15,F,1,1,046696,00.0
ARCE,AC,202308,B,13,07,A,17,0110,1,GS-07,D,0110,15,F,1,1,047381,00.0
ARSB,AC,202003,C,17,07,A,51,0110,1,GS-07,D,0110,15,F,1,1,043459,00.0
ARSB,AC,202004,B,13,07,A,41,0110,1,GS-07,D,0110,15,F,1,1,046156,00.0
ARSB,AC,202103,B,13,07,A,24,0110,1,GS-07,D,0110,15,F,1,1,049157,00.0
BG00,AC,202207,F,17,14,A,11,0110,1,GS-14,N,0110,15,F,1,1,143064,00.0
BG00,AC,202008,F,21,14,A,11,0110,1,GS-14,O,0110,15,F,1,1,157709,00.0
BG00,AC,202111,F,17,14,A,27,0110,1,GS-14,O,0110,15,F,1,1,152181,00.0
BG00,AC,202207,E,17,14,A,11,0110,1,GS-14,M,0110,15,F,1,1,130441,00.0
BG00,AC,202208,G,17,13,A,11,0110,1,GS-13,M,0110,15,F,1,1,131747,00.0
BO00,AC,202205,D,21,12,A,11,0110,1,GS-12,I,0110,10,F,1,1,092829,00.0
BO00,AC,202003,D,21,14,D,11,0110,1,GS-14,L,0110,15,F,1,1,125360,06.6
BO00,AA,202101,D,21,14,D,11,0110,1,GS-14,O,0110,10,F,1,1,155202,06.6
BO00,AC,202007,E,21,14,C,11,0110,1,GS-14,L,0110,15,F,1,1,121316,04.9
BO00,AC,202301,E,21,13,D,11,0110,1,GS-13,K,0110,10,F,1,1,119482,06.1
BO00,AC,202008,D,21,14,A,11,0110,1,GS-14,L,0110,15,F,1,1,121316,00.0
CE00,AD,202103,F,17,,A,11,0110,1,AD-00,M,0110,48,F,2,1,130000,00.0
CE00,AD,202103,E,21,,A,11,0110,1,AD-00,M,0110,48,F,2,1,132000,00.0
CE00,AD,202003,C,17,,B,11,0110,1,AD-00,H,0110,48,F,2,1,080000,02.2
CE00,AD,202007,D,21,,B,11,0110,1,AD-00,K,0110,48,F,2,1,110000,01.9
CE00,AD,201911,C,13,,A,11,0110,1,AD-00,E,0110,48,F,2,1,052500,00.0
CE00,AD,202002,B,17,,A,11,0110,1,AD-00,F,0110,48,F,2,1,067000,00.0
CE00,AD,202003,G,21,,A,11,0110,1,AD-00,M,0110,48,F,2,1,137500,00.0
CE00,AD,202105,C,18,,A,11,0110,1,AD-00,E,0110,48,F,2,1,058000,00.0
CE00,AD,202106,C,17,,A,11,0110,1,AD-00,E,0110,48,F,2,1,058000,00.0
CE00,AD,202107,D,17,,A,11,0110,1,AD-00,E,0110,48,F,2,1,058000,00.0
CE00,AD,202107,C,13,,A,11,0110,1,AD-00,E,0110,48,F,2,1,058000,00.0
CE00,AD,202107,C,13,,A,11,0110,1,AD-00,E,0110,48,F,2,1,058000,00.0
CE00,AD,202108,B,13,,A,11,0110,1,AD-00,E,0110,48,F,2,1,058000,00.0
CE00,AD,202108,D,17,,A,11,0110,1,AD-00,E,0110,48,F,2,1,058000,00.0
CE00,AD,202308,D,18,,B,11,0110,1,AD-00,F,0110,48,F,2,1,061000,01.4
CE00,AD,202207,D,17,,A,11,0110,1,AD-00,E,0110,48,F,2,1,058000,00.0
CE00,AD,202207,C,18,,A,11,0110,1,AD-00,E,0110,48,F,2,1,058000,00.0
CE00,AD,202207,D,18,,A,11,0110,1,AD-00,E,0110,48,F,2,1,058000,00.0
CE00,AD,202307,C,17,,A,11,0110,1,AD-00,F,0110,48,F,2,1,061000,00.0
CE00,AD,202307,C,17,,A,11,0110,1,AD-00,F,0110,48,F,2,1,061000,00.0
CE00,AD,202308,C,17,,A,11,0110,1,AD-00,F,0110,48,F,2,1,061000,00.0
CE00,AD,202308,C,17,,A,11,0110,1,AD-00,F,0110,48,F,2,1,061000,00.0
CE00,AD,202308,D,17,,A,11,0110,1,AD-00,F,0110,48,F,2,1,061000,00.0
CE00,AD,202209,D,17,,A,11,0110,1,AD-00,E,0110,48,F,2,1,058000,00.0
CM52,AD,202006,B,13,11,B,11,0110,1,GS-11,G,0110,40,F,2,1,072030,01.7
CM52,AC,202003,B,14,09,A,11,0110,1,GS-09,G,0110,20,F,2,1,073426,00.0
CM52,AD,202007,D,17,11,A,11,0110,1,GS-11,I,0110,40,F,2,1,093638,00.0
CM53,AA,202006,D,04,,E,24,0110,1,ZP-04,L,0110,10,F,1,1,127000,12.0
CM53,AD,202008,D,13,,D,13,0110,1,ZP-04,I,0110,40,F,2,1,096117,07.7
CM53,AA,202212,G,21,,F,24,0110,1,ES-**,T,0110,50,F,1,1,203700,15.5
CM53,AC,202207,F,17,,E,24,0110,1,ZP-05,Q,0110,10,F,1,1,176300,10.8
CM53,AC,202207,F,17,,E,24,0110,1,ZP-05,Q,0110,10,F,1,1,176300,10.8
CM53,AA,202010,E,17,,D,24,0110,1,ZP-04,K,0110,10,F,1,1,119775,09.0
CM53,AC,202306,C,13,,A,24,0110,1,ZP-03,I,0110,15,F,1,1,097000,00.0
CM53,AD,202112,C,17,,A,24,0110,1,ZP-02,F,0110,35,F,1,1,068900,00.0
CM53,AC,202210,E,17,,A,24,0110,1,ZP-03,I,0110,10,F,1,1,097000,00.0
CM53,AC,202011,D,17,,A,24,0110,1,ZP-03,H,0110,15,F,1,1,085000,00.0
CM53,AC,202211,D,13,,A,24,0110,1,ZP-02,H,0110,15,F,1,1,084000,00.0
CM53,AA,202108,C,13,,D,24,0110,1,ZP-03,I,0110,10,F,1,1,096000,05.2
CM53,AA,202203,C,13,,D,24,0110,1,ZP-03,J,0110,10,F,1,1,102000,06.4
CM53,AC,202109,C,13,,C,24,0110,1,ZP-02,H,0110,20,F,2,1,083000,04.0
CM53,AD,202207,C,17,,A,24,0110,1,ZP-02,G,0110,35,F,1,1,079000,00.0
CM53,AC,202307,C,13,,C,24,0110,1,ZP-04,K,0110,10,F,1,1,112015,04.6
CM53,AA,202108,D,17,,B,24,0110,1,ZP-03,I,0110,15,F,1,1,097664,02.2
CM53,AD,201910,B,04,,A,24,0110,1,ZP-02,F,0110,35,F,1,1,064300,00.0
CM53,AD,201910,C,17,,A,24,0110,1,ZP-02,F,0110,35,F,1,1,064300,00.0
CM53,AD,201910,E,17,,A,24,0110,1,ZP-02,F,0110,35,F,1,1,064300,00.0
CM53,AD,202003,D,17,,A,24,0110,1,ZP-02,G,0110,35,F,1,1,070000,00.0
CM53,AD,202004,C,17,,A,24,0110,1,ZP-02,F,0110,35,F,1,1,069000,00.0
CM53,AD,202005,F,21,,A,37,0110,1,ZP-04,N,0110,40,F,2,1,145634,00.0
CM53,AC,202007,C,21,,A,24,0110,1,ZP-03,K,0110,15,F,1,1,112240,00.0
CM53,AD,202009,F,21,,A,24,0110,1,ZP-03,H,0110,35,F,1,1,080000,00.0
CM53,AD,202010,C,17,,A,24,0110,1,ZP-02,G,0110,35,F,1,1,077000,00.0
CM53,AC,202012,B,17,,A,24,0110,1,ZP-02,F,0110,15,F,1,1,064800,00.0
CM53,AC,202101,C,17,,A,24,0110,1,ZP-02,G,0110,15,F,1,1,075000,00.0
CM53,AC,202101,C,04,,A,24,0110,1,ZP-02,F,0110,15,F,1,1,066000,00.0
CM53,AC,202103,G,21,,A,24,0110,1,ZP-03,I,0110,15,F,1,1,090000,00.0
CM53,AD,202103,B,17,,A,24,0110,1,ZP-02,G,0110,35,F,1,1,070000,00.0
CM53,AC,202103,C,04,,A,24,0110,1,ZP-02,F,0110,15,F,1,1,065000,00.0
CM53,AD,202103,C,13,,A,24,0110,1,ZP-02,G,0110,35,F,1,1,072000,00.0
CM53,AC,202105,C,04,,A,24,0110,1,ZP-03,K,0110,15,F,1,1,113362,00.0
CM53,AD,202109,C,13,,A,24,0110,1,ZP-02,G,0110,35,F,1,1,070000,00.0
CM53,AD,202106,B,17,,A,24,0110,1,ZP-02,G,0110,35,F,1,1,070000,00.0
CM53,AD,202106,C,17,,A,24,0110,1,ZP-02,G,0110,35,F,1,1,070000,00.0
CM53,AC,202107,D,21,,C,24,0110,1,ZP-04,M,0110,20,F,2,1,132000,04.0
CM53,AC,202107,E,04,,A,24,0110,1,ZP-04,O,0110,15,F,1,1,159286,00.0
CM53,AC,202306,B,04,,A,11,0110,1,ZP-03,J,0110,15,F,1,1,100000,00.0
CM53,AC,202107,D,21,,A,24,0110,1,ZP-03,K,0110,15,F,1,1,110455,00.0
CM53,AD,202108,B,13,,A,24,0110,1,ZP-02,G,0110,35,F,1,1,070000,00.0
CM53,AC,202108,D,17,,A,24,0110,1,ZP-02,H,0110,15,F,1,1,083000,00.0
CM53,AA,202302,D,21,,B,24,0110,1,ZP-03,I,0110,15,F,1,1,095500,01.4
CM53,AD,202112,B,17,,A,24,0110,1,ZP-02,F,0110,35,F,1,1,068900,00.0
CM53,AC,202206,D,17,,D,24,0110,1,ZP-03,K,0110,15,F,1,1,115000,08.3
CM53,AD,202207,D,17,,A,24,0110,1,ZP-02,G,0110,35,F,1,1,071000,00.0
CM53,AC,202207,F,21,,A,24,0110,1,ZP-03,K,0110,15,F,1,1,116000,00.0
CM53,AD,202207,D,17,,A,24,0110,1,ZP-03,I,0110,35,F,1,1,092700,00.0
CM53,AC,202207,E,17,,A,24,0110,1,ZP-02,H,0110,15,F,1,1,085000,00.0
CM53,AC,202207,D,17,,A,24,0110,1,ZP-03,K,0110,15,F,1,1,116788,00.0
CM53,AC,202208,E,17,,A,24,0110,1,ZP-02,G,0110,15,F,1,1,072563,00.0
CM53,AC,202208,G,21,,F,11,0110,1,ZP-04,P,0110,10,F,1,1,164102,18.1
CM53,AC,202211,C,17,,A,24,0110,1,ZP-02,H,0110,15,F,1,1,081000,00.0
CM53,AC,202211,C,17,,A,24,0110,1,ZP-02,G,0110,15,F,1,1,073000,00.0
CM53,AD,202211,D,13,,A,24,0110,1,ZP-02,G,0110,35,F,1,1,071000,00.0
CM53,AC,202212,B,13,,A,24,0110,1,ZP-02,G,0110,15,F,1,1,071100,00.0
CM53,AC,202212,C,17,,A,24,0110,1,ZP-02,G,0110,15,F,1,1,071000,00.0
CM53,AD,202302,B,17,,A,24,0110,1,ZP-02,G,0110,35,F,1,1,074000,00.0
CM53,AC,202302,C,17,,A,24,0110,1,ZP-02,G,0110,15,F,1,1,074600,00.0
CM53,AD,202305,C,17,,A,24,0110,1,ZP-03,I,0110,40,F,2,1,098000,00.0
CM53,AC,202306,D,17,,A,11,0110,1,ZP-04,O,0110,15,F,1,1,155000,00.0
CM53,AD,202306,D,04,,A,24,0110,1,ZP-02,G,0110,35,F,1,1,074600,00.0
CM53,AD,202306,D,17,,A,24,0110,1,ZP-02,G,0110,35,F,1,1,076900,00.0
CM53,AC,202306,F,04,,A,24,0110,1,ZP-04,N,0110,15,F,1,1,145000,00.0
CM53,AC,202306,D,21,,A,24,0110,1,ZP-03,K,0110,15,F,1,1,118000,00.0
CM53,AC,202306,E,21,,A,24,0110,1,ZP-04,P,0110,15,F,1,1,163000,00.0
CM53,AD,202307,C,13,,A,24,0110,1,ZP-02,H,0110,35,F,1,1,080900,00.0
CM53,AD,202307,C,04,,A,24,0110,1,ZP-02,G,0110,35,F,1,1,076900,00.0
CM53,AD,202307,B,17,,A,24,0110,1,ZP-02,G,0110,35,F,1,1,076900,00.0
CM53,AD,202307,B,17,,A,24,0110,1,ZP-02,H,0110,35,F,1,1,081000,00.0
CM53,AD,202307,B,13,,A,24,0110,1,ZP-02,G,0110,35,F,1,1,076900,00.0
CM53,AD,202307,B,13,,A,24,0110,1,ZP-02,G,0110,35,F,1,1,076900,00.0
CM53,AD,202308,C,17,,A,24,0110,1,ZP-02,H,0110,35,F,1,1,081000,00.0
CM53,AC,202308,D,21,,A,24,0110,1,ZP-03,L,0110,15,F,1,1,121459,00.0
CM53,AD,202309,B,17,,A,24,0110,1,ZP-02,G,0110,35,F,1,1,076900,00.0
CM53,AD,202309,B,17,,A,24,0110,1,ZP-02,G,0110,35,F,1,1,076900,00.0
CM53,AC,202103,D,17,,A,24,0110,1,ZP-03,I,0110,10,F,1,1,093000,00.0
CM54,AC,201912,D,22,,A,53,0110,1,ZP-03,H,0110,15,F,1,1,089000,00.0
CM54,AC,202002,D,19,,A,24,0110,1,ZP-03,I,0110,15,F,1,1,093000,00.0
CM54,AC,202003,E,21,,D,24,0110,1,ZP-04,L,0110,15,F,1,1,128595,07.4
CM54,AC,202001,I,21,,D,24,0110,1,ZP-04,M,0110,10,F,1,1,132883,06.8
CM54,AC,202307,C,21,,A,53,0110,1,ZP-03,H,0110,15,F,1,1,086000,00.0
CM54,AC,202001,D,21,,A,15,0110,1,ZP-03,H,0110,15,F,1,1,082480,00.0
CM54,AC,202002,C,04,,A,25,0110,1,ZP-03,G,0110,15,F,1,1,077435,00.0
CM54,AC,202002,D,04,,A,24,0110,1,ZP-03,J,0110,15,F,1,1,100000,00.0
CM54,AC,202004,I,21,,A,24,0110,1,ZP-03,I,0110,15,F,1,1,097800,00.0
CM54,AC,202010,D,17,12,A,12,0110,1,GS-12,G,0110,15,F,1,1,076721,00.0
CM54,AC,202009,G,21,,A,15,0110,1,ZP-03,I,0110,15,F,1,1,092500,00.0
CM54,AC,202303,E,17,,A,24,0110,1,ZP-03,I,0110,15,F,1,1,098089,00.0
CM54,AC,202104,I,04,,A,24,0110,1,ZP-05,N,0110,15,F,1,1,144128,00.0
CM54,AC,202204,D,21,,A,24,0110,1,ZP-04,J,0110,15,F,1,1,106823,00.0
CM54,AC,202207,B,17,,B,24,0110,1,ZP-03,H,0110,15,F,1,1,083000,02.1
CM54,AC,202301,J,21,,A,24,0110,1,ZP-04,O,0110,15,F,1,1,158772,00.0
CM54,AC,202308,E,21,,A,24,0110,1,ZP-03,I,0110,20,F,2,1,095108,00.0
CM54,AC,202308,C,17,,A,24,0110,1,ZP-03,H,0110,20,F,2,1,085000,00.0
CM55,AA,202008,G,17,15,E,11,0110,1,GS-15,Q,0110,10,F,1,1,170800,14.9
CM55,AC,202006,D,17,12,D,11,0110,1,GS-12,H,0110,10,F,1,1,086335,05.6
CM55,AC,202202,D,10,09,A,11,0110,1,GS-09,G,0110,20,F,2,1,072272,00.0
CM55,AC,202006,C,17,13,C,11,0110,1,GS-13,J,0110,10,F,1,1,102663,03.8
CM55,AC,202005,F,17,13,C,11,0110,1,GS-13,J,0110,10,F,1,1,102663,03.6
CM55,AC,202006,C,17,12,A,11,0110,1,GS-12,H,0110,15,F,1,1,086335,00.0
CM55,AC,202003,H,17,15,A,11,0110,1,GS-15,P,0110,15,F,1,1,161730,00.0
CM55,AC,201910,C,17,11,A,11,0110,1,GS-11,G,0110,15,F,1,1,076541,00.0
CM55,AD,201910,B,17,09,A,11,0110,1,GS-09,F,0110,35,F,1,1,063259,00.7
CM55,AD,201911,C,17,09,A,11,0110,1,GS-09,E,0110,35,F,1,1,057510,00.0
CM55,AC,202002,C,13,09,A,11,0110,1,GS-09,E,0110,15,F,1,1,059534,00.0
CM55,AC,202004,B,14,07,A,11,0110,1,GS-07,D,0110,15,F,1,1,048670,00.0
CM55,AC,202004,E,04,12,A,11,0110,1,GS-12,H,0110,15,F,1,1,086335,00.0
CM55,AD,202012,C,04,09,A,11,0110,1,GS-09,E,0110,35,F,1,1,059534,00.0
CM55,AD,202101,C,17,09,A,11,0110,1,GS-09,F,0110,35,F,1,1,060129,00.0
CM55,AC,202103,B,17,09,A,11,0110,1,GS-09,F,0110,15,F,1,1,060129,00.0
CM55,AD,202209,B,17,09,A,11,0110,1,GS-09,F,0110,35,F,1,1,061947,00.0
CM55,AD,202211,B,17,09,A,11,0110,1,GS-09,F,0110,35,F,1,1,061947,00.0
CM55,AC,202305,D,17,11,A,11,0110,1,GS-11,G,0110,15,F,1,1,078592,00.0
CM55,AC,202308,C,17,13,A,11,0110,1,GS-13,K,0110,15,F,1,1,112015,00.0
CM55,AC,202105,D,21,13,A,11,0110,1,GS-13,J,0110,15,F,1,1,103690,00.0
CM56,AC,202003,E,13,07,A,51,0110,1,GS-07,D,0110,15,F,1,1,048670,00.0
CM56,AC,201910,E,21,13,D,51,0110,1,GS-13,J,0110,10,F,1,1,105782,05.1
CM56,AA,201910,E,21,13,D,51,0110,1,GS-13,J,0110,10,F,1,1,105782,05.1
CM56,AD,202003,C,13,09,A,51,0110,1,GS-09,E,0110,35,F,1,1,059534,00.0
CM56,AC,202301,D,04,09,D,47,0110,1,GS-09,F,0110,15,F,1,1,062828,08.3
CM56,AD,202105,B,17,09,A,51,0110,1,GS-09,F,0110,35,F,1,1,060129,00.0
CM56,AC,202012,E,16,13,A,51,0110,1,GS-13,M,0110,15,F,1,1,133465,00.0
CM56,AD,202104,B,17,09,A,51,0110,1,GS-09,F,0110,35,F,1,1,060129,00.0
CM56,AD,202301,C,04,09,A,21,0110,1,GS-09,E,0110,35,F,1,1,057118,00.0
CM57,AC,202209,F,04,,A,11,0110,1,ZP-05,Q,0110,10,F,1,1,176300,00.0
CM57,AC,202208,C,21,,A,24,0110,1,ZP-03,J,0110,15,F,1,1,106000,00.0
CM59,AC,202011,H,17,13,G,11,0110,1,GS-13,L,0110,10,F,1,1,126620,20.3
CM59,AC,202011,H,21,13,A,11,0110,1,GS-13,J,0110,15,F,1,1,102663,00.0
CM63,AD,202104,F,21,14,A,24,0110,1,GS-14,L,0110,30,I,2,1,122530,00.0
CM63,AD,202201,E,17,09,A,24,0110,1,GS-09,F,0110,40,P,2,1,061947,00.0
CM63,AC,202008,D,04,13,A,24,0110,1,GS-13,L,0110,15,F,1,1,126620,00.0
CM63,AC,202008,D,21,13,A,24,0110,1,GS-13,J,0110,15,F,1,1,102663,00.0
CM63,AC,202107,D,13,13,A,24,0110,1,GS-13,J,0110,15,F,1,1,103690,00.0
CM63,AC,202307,E,17,13,A,24,0110,1,GS-13,K,0110,15,F,1,1,112015,00.0
CM63,AC,202306,E,17,13,A,24,0110,1,GS-13,N,0110,15,F,1,1,145617,00.0
CM63,AC,202307,D,13,12,A,24,0110,1,GS-12,L,0110,15,F,1,1,122459,00.0
CM63,AC,202206,D,17,13,A,24,0110,1,GS-13,L,0110,15,F,1,1,124626,00.0
CM63,AC,202206,C,13,12,A,24,0110,1,GS-12,K,0110,20,F,2,1,116788,00.0
CM63,AD,202012,D,13,12,A,24,0110,1,GS-12,H,0110,40,P,2,1,086335,00.0
CM63,AD,202202,C,17,09,A,24,0110,1,GS-09,F,0110,40,P,2,1,061947,00.0
CM63,AC,202005,F,17,12,A,24,0110,1,GS-12,K,0110,15,F,1,1,112240,00.0
CM63,AD,202102,E,21,15,A,24,0110,1,GS-15,N,0110,40,I,2,1,144128,00.0
CM63,AD,201910,F,21,15,A,25,0110,1,GG-15,M,0110,30,I,2,1,136729,00.0
CM63,AD,201910,E,21,15,A,44,0110,1,GG-15,M,0110,40,F,2,1,136729,00.0
CM63,AD,201911,E,21,15,A,44,0110,1,GG-15,M,0110,40,I,2,1,136729,00.0
CM63,AD,201911,E,21,15,A,44,0110,1,GS-15,M,0110,40,I,2,1,136729,00.0
CM63,AD,201911,H,04,15,A,36,0110,1,GG-15,Z,0110,30,I,2,1,,00.0
CM63,AD,202201,H,04,15,C,36,0110,1,GS-15,Q,0110,40,I,2,1,170532,03.8
CM63,AC,202005,E,21,12,A,24,0110,1,GS-12,K,0110,15,F,1,1,112240,00.0
CM63,AC,202006,D,21,12,A,24,0110,1,GS-12,H,0110,15,F,1,1,086335,00.0
CM63,AC,202007,C,04,12,A,24,0110,1,GS-12,J,0110,15,F,1,1,100727,00.0
CM63,AD,202007,C,04,07,A,24,0110,1,GG-07,D,0110,40,F,2,1,048670,00.0
CM63,AD,202007,C,04,07,A,24,0110,1,GG-07,D,0110,45,F,2,1,048670,00.0
CM63,AD,202007,C,13,07,A,24,0110,1,GG-07,D,0110,40,F,2,1,048670,00.0
CM63,AD,202008,C,17,07,A,24,0110,1,GG-07,D,0110,40,P,2,1,048670,00.0
CM63,AC,202008,C,04,12,A,24,0110,1,GS-12,I,0110,15,F,1,1,097848,00.0
CM63,AC,202008,C,21,12,A,24,0110,1,GS-12,K,0110,15,F,1,1,112240,00.0
CM63,AC,202008,D,04,12,A,24,0110,1,GS-12,K,0110,15,F,1,1,112240,00.0
CM63,AC,202009,C,17,12,A,24,0110,1,GS-12,H,0110,15,F,1,1,086335,00.0
CM63,AD,202011,D,13,11,A,24,0110,1,GS-11,G,0110,40,F,2,1,072030,00.0
CM63,AD,202011,B,14,09,A,24,0110,1,GS-09,E,0110,40,P,2,1,059534,00.0
CM63,AC,202012,E,21,13,A,24,0110,1,GS-13,L,0110,15,F,1,1,126620,00.0
CM63,AD,202012,H,21,15,A,24,0110,1,GS-15,N,0110,40,I,2,1,142701,00.0
CM63,AC,202105,F,21,13,A,24,0110,1,GS-13,J,0110,15,F,1,1,103690,00.0
CM63,AC,202106,F,17,12,A,24,0110,1,GS-12,K,0110,20,F,2,1,113362,00.0
CM63,AC,202107,D,13,12,A,24,0110,1,GS-12,I,0110,15,F,1,1,098827,00.0
CM63,AC,202107,D,21,12,A,24,0110,1,GS-12,K,0110,15,F,1,1,113362,00.0
CM63,AC,202107,D,04,13,A,24,0110,1,GS-13,M,0110,15,F,1,1,131341,00.0
CM63,AC,202107,D,22,12,A,24,0110,1,GS-12,K,0110,15,F,1,1,113362,00.0
CM63,AC,202107,C,22,12,A,24,0110,1,GS-12,K,0110,15,F,1,1,113362,00.0
CM63,AD,202108,B,13,07,A,24,0110,1,GS-07,D,0110,40,F,2,1,049157,00.0
CM63,AC,202108,C,17,13,A,24,0110,1,GS-13,L,0110,15,F,1,1,120972,00.0
CM63,AC,202108,C,04,12,A,24,0110,1,GS-12,K,0110,15,F,1,1,113362,00.0
CM63,AC,202108,C,14,12,A,24,0110,1,GS-12,K,0110,15,F,1,1,113362,00.0
CM63,AC,202108,D,17,13,A,24,0110,1,GS-13,J,0110,15,F,1,1,103690,00.0
CM63,AD,202202,C,13,07,A,24,0110,1,GS-07,E,0110,40,P,2,1,050643,00.0
CM63,AD,202202,C,13,07,A,24,0110,1,GS-07,E,0110,40,P,2,1,050643,00.0
CM63,AD,202202,C,17,09,A,24,0110,1,GS-09,F,0110,40,P,2,1,061947,00.0
CM63,AD,202202,C,13,07,A,24,0110,1,GS-07,E,0110,40,P,2,1,050643,00.0
CM63,AD,202203,J,17,15,A,24,0110,1,GS-15,Q,0110,40,I,2,1,176300,00.0
CM63,AD,202205,D,13,11,A,24,0110,1,GS-11,G,0110,40,F,2,1,074950,00.0
CM63,AC,202206,C,17,12,A,24,0110,1,GS-12,H,0110,15,F,1,1,089834,00.0
CM63,AC,202206,E,21,13,A,24,0110,1,GS-13,L,0110,15,F,1,1,128187,00.0
CM63,AC,202206,D,15,13,A,24,0110,1,GS-13,M,0110,15,F,1,1,138868,00.0
CM63,AC,202207,C,21,12,A,24,0110,1,GS-12,H,0110,15,F,1,1,089834,00.0
CM63,AC,202207,C,17,12,A,24,0110,1,GS-12,H,0110,15,F,1,1,089834,00.0
CM63,AC,202207,D,21,12,A,24,0110,1,GS-12,K,0110,15,F,1,1,116788,00.0
CM63,AC,202208,D,13,13,A,24,0110,1,GS-13,M,0110,15,F,1,1,138868,00.0
CM63,AC,202208,C,21,12,A,24,0110,1,GS-12,K,0110,15,F,1,1,116788,00.0
CM63,AC,202208,C,17,12,A,24,0110,1,GS-12,H,0110,15,F,1,1,089834,00.0
CM63,AC,202305,D,21,13,A,24,0110,1,GS-13,K,0110,15,F,1,1,112015,00.8
CM63,AC,202208,D,17,12,A,24,0110,1,GS-12,H,0110,15,F,1,1,089834,00.0
CM63,AD,202211,D,21,12,A,25,0110,1,GS-12,H,0110,40,P,2,1,088850,00.0
CM63,AC,202302,G,21,13,A,25,0110,1,GS-13,N,0110,20,P,2,1,144034,00.0
CM63,AD,202305,D,21,13,A,24,0110,1,GS-13,K,0110,40,I,2,1,112015,00.0
CM63,AD,202305,F,21,13,A,24,0110,1,GS-13,K,0110,40,I,2,1,112015,00.0
CM63,AD,202305,E,17,11,A,24,0110,1,GS-11,G,0110,40,F,2,1,078592,00.0
CM63,AC,202306,D,21,12,A,24,0110,1,GS-12,L,0110,15,F,1,1,122459,00.0
CM63,AC,202307,D,21,12,A,24,0110,1,GS-12,I,0110,20,F,2,1,094199,00.0
CM63,AC,202307,C,21,13,A,24,0110,1,GS-13,N,0110,15,F,1,1,145617,00.0
CM63,AC,202307,C,13,12,A,24,0110,1,GS-12,I,0110,15,F,1,1,094199,00.0
CM63,AC,202307,C,04,12,A,24,0110,1,GS-12,L,0110,15,F,1,1,122459,00.0
CM63,AC,202307,D,21,12,A,24,0110,1,GS-12,L,0110,15,F,1,1,122459,00.0
CM63,AD,202308,G,21,15,A,24,0110,1,GS-15,O,0110,40,I,2,1,155700,00.0
CM63,AC,202309,C,21,12,A,24,0110,1,GS-12,L,0110,15,F,1,1,122459,00.0
CM63,AC,202309,D,17,13,A,24,0110,1,GS-13,N,0110,15,F,1,1,145617,00.0
CM63,AC,202309,C,18,12,A,24,0110,1,GS-12,I,0110,15,F,1,1,094199,00.0
CT00,AC,202307,D,17,,D,11,0110,1,CT-13,O,0110,10,F,1,1,151047,07.0
CT00,AC,202306,E,17,,E,11,0110,1,CT-12,O,0110,10,F,1,1,154238,12.1
CT00,AC,202307,E,17,,E,11,0110,1,CT-12,P,0110,10,F,1,1,161043,12.8
CT00,AC,202307,E,21,,D,11,0110,1,CT-12,M,0110,10,F,1,1,133824,05.3
CT00,AC,202009,C,21,,A,11,0110,1,CT-12,N,0110,15,F,1,1,144000,00.0
CT00,AA,202011,G,21,,D,11,0110,1,CT-15,U,0110,10,F,1,1,236000,05.3
DD07,AC,202309,F,21,13,B,51,0110,1,GS-13,K,0110,15,F,1,1,119482,02.8
DJ01,AC,202001,D,21,13,A,11,0110,1,GS-13,J,0110,15,F,1,1,102663,00.0
DJ01,AC,202106,G,21,14,D,11,0110,1,GS-14,M,0110,10,F,1,1,138866,07.1
DJ01,AA,202303,K,21,15,H,11,0110,1,GS-15,R,0110,10,F,1,1,183500,26.3
DJ01,AC,202107,C,21,13,A,11,0110,1,GS-13,J,0110,15,F,1,1,103690,00.0
DJ01,AC,202206,H,21,15,D,11,0110,1,GS-15,O,0110,10,F,1,1,153434,07.9
DJ01,AC,202206,C,21,13,A,11,0110,1,GS-13,M,0110,15,F,1,1,138868,00.0
DJ01,AC,202211,F,21,15,D,11,0110,1,GS-15,N,0110,10,F,1,1,148484,06.8
DJ01,AC,202002,F,21,13,C,11,0110,1,GS-13,J,0110,10,F,1,1,102663,03.3
DJ01,AC,202007,C,17,13,A,11,0110,1,GS-13,M,0110,15,F,1,1,133465,00.0
DJ01,AC,202008,D,21,13,A,11,0110,1,GS-13,M,0110,15,F,1,1,133465,00.0
DJ01,AC,202009,J,21,15,A,11,0110,1,GS-15,Q,0110,15,F,1,1,170800,00.0
DJ01,AC,202009,D,21,15,A,11,0110,1,GS-15,Q,0110,15,F,1,1,170800,00.0
DJ01,AC,202011,E,21,15,A,11,0110,1,GS-15,Q,0110,15,F,1,1,170800,00.0
DJ01,AC,202107,C,21,13,A,11,0110,1,GS-13,M,0110,15,F,1,1,134798,00.0
DJ01,AC,202108,C,21,13,A,11,0110,1,GS-13,M,0110,15,F,1,1,134798,00.0
DJ01,AC,202109,D,21,13,A,11,0110,1,GS-13,M,0110,15,F,1,1,134798,00.0
DJ01,AC,202207,D,21,13,A,11,0110,1,GS-13,M,0110,15,F,1,1,138868,00.0
DJ01,AC,202207,C,21,13,A,11,0110,1,GS-13,M,0110,15,F,1,1,138868,00.0
DJ01,AC,202208,C,21,13,A,11,0110,1,GS-13,M,0110,15,F,1,1,138868,00.0
DJ01,AC,202208,C,21,13,A,11,0110,1,GS-13,J,0110,15,F,1,1,106823,00.0
DJ01,AC,202306,C,17,13,A,11,0110,1,GS-13,K,0110,15,F,1,1,112015,00.0
DJ01,AC,202307,D,21,13,A,11,0110,1,GS-13,N,0110,15,F,1,1,145617,00.0
DJ01,AC,202307,D,21,15,A,11,0110,1,GS-15,R,0110,15,F,1,1,183500,00.0
DJ01,AC,202307,D,21,13,A,11,0110,1,GS-13,N,0110,15,F,1,1,145617,00.0
DJ15,AC,202302,F,04,14,D,11,0110,1,GS-14,O,0110,10,F,1,1,158840,07.5
DLAA,AD,202205,D,04,,B,11,0110,1,SL-00,P,0110,44,F,2,1,163333,01.3
DLAA,AD,202101,E,04,,A,11,0110,1,SL-00,P,0110,44,F,2,1,161730,00.0
DLBL,AC,202005,D,13,11,A,11,0110,1,GS-11,H,0110,15,F,1,1,081634,00.0
DLBL,AC,202205,C,17,11,A,11,0110,1,GS-11,H,0110,15,F,1,1,089936,00.0
DLBL,AC,202309,C,21,11,A,11,0110,1,GS-11,G,0110,15,F,1,1,078592,00.0
DLEH,AA,202207,H,21,14,D,11,0110,1,GS-14,N,0110,10,F,1,1,143064,08.1
DLEH,AA,202110,D,17,14,D,11,0110,1,GS-14,L,0110,10,F,1,1,122530,06.9
DLEH,AC,202306,F,17,15,C,11,0110,1,GS-15,R,0110,10,F,1,1,183500,04.8
DLET,AC,202010,C,13,12,A,11,0110,1,GS-12,H,0110,15,F,1,1,086335,00.0
DLET,AD,202203,C,17,11,B,11,0110,1,GS-11,G,0110,35,F,1,1,074950,01.6
DLLS,AC,201910,J,13,13,J,25,0110,1,GS-13,L,0110,20,I,2,1,127874,42.3
DLLS,AC,202208,D,13,09,A,11,0110,1,GS-09,F,0110,15,F,1,1,061947,00.7
DLLS,AC,202308,G,04,05,A,13,0119,3,GS-05,C,XXXX,15,P,2,1,037696,00.0
DLLS,AC,202103,F,13,07,A,25,0110,1,GS-07,D,0110,15,F,1,1,048641,00.0
DLLS,AC,202003,F,13,11,F,12,0110,1,GS-11,H,0110,10,F,1,1,083210,18.2
DLLS,AC,202306,G,17,05,A,48,0119,3,GS-05,E,XXXX,15,P,2,1,056569,00.0
DLLS,AA,202204,I,13,12,F,48,0110,1,GS-12,K,0110,10,F,1,1,111594,17.5
DLLS,AC,202209,J,13,14,J,24,0110,1,GS-14,P,0110,20,I,2,1,164102,38.0
DLLS,AA,202003,I,13,05,D,27,0119,3,GS-05,D,XXXX,10,P,2,1,048803,08.9
DLLS,AC,202203,H,04,05,A,48,0119,3,GS-05,D,XXXX,15,P,2,1,049481,00.0
DLLS,AC,202003,G,04,05,A,48,0119,3,GS-05,D,XXXX,15,P,2,1,043909,00.0
DLLS,AA,202201,H,04,06,E,08,0119,3,GS-06,E,XXXX,10,P,2,1,057701,13.8
DLLS,AC,202305,G,17,09,D,39,0110,1,GS-09,E,0110,15,F,1,1,059123,07.3
DLLS,AC,202006,H,13,05,F,48,0119,3,GS-05,E,XXXX,15,P,2,1,052193,17.1
DLLS,AC,202207,J,17,05,A,27,0119,3,GS-05,E,XXXX,15,P,2,1,050707,00.0
DLLS,AC,202305,J,17,14,H,37,0110,1,GS-14,O,0110,20,I,2,1,151308,29.4
DLLS,AA,202105,E,13,13,E,11,0110,1,GS-13,M,0110,10,F,1,1,134798,13.9
DLLS,AC,202302,K,13,14,J,24,0110,1,GS-14,Q,0110,20,I,2,1,172075,36.9
DLLS,AC,202302,J,17,05,F,55,0119,3,GS-05,E,XXXX,15,P,2,1,051214,18.2
DLLS,AC,202009,E,04,05,E,37,0119,3,GS-05,D,XXXX,15,P,2,1,045977,12.2
DLLS,AC,202101,E,13,05,F,39,0119,3,GS-05,D,XXXX,10,P,2,1,047456,15.2
DLLS,AA,202212,F,13,13,G,06,0110,1,GS-13,N,0110,10,F,1,1,141064,21.3
DLLS,AC,202107,K,04,05,G,36,0119,3,GS-05,E,XXXX,10,P,2,1,052976,21.4
DLLS,AA,202206,E,17,12,E,13,0110,1,GS-12,J,0110,10,F,1,1,108886,14.3
DLLS,AC,202003,G,13,05,A,37,0119,3,GS-05,D,XXXX,15,P,2,1,045977,00.0
DLLS,AC,202204,H,13,05,D,13,0119,3,GS-05,D,XXXX,15,P,2,1,049551,08.8
DLLS,AC,201910,E,13,05,A,06,0119,3,GS-05,C,XXXX,15,P,2,1,037803,00.0
DLLS,AC,202008,D,13,05,D,11,0119,3,GS-05,C,XXXX,10,P,2,1,039291,08.3
DLLS,AC,202306,H,13,05,A,37,0119,3,GS-05,D,XXXX,15,P,2,1,049009,00.0
DLLS,AC,201912,E,17,05,A,53,0119,3,GS-05,D,XXXX,15,P,2,1,048087,00.0
DLLS,AC,202201,E,13,14,D,24,0110,1,GS-14,O,0110,15,F,1,1,159894,05.8
DLLS,AC,202110,H,13,12,H,18,0110,1,GS-12,I,0110,10,F,1,1,091161,25.3
DLLS,AC,202305,G,17,05,C,27,0119,3,GS-05,E,XXXX,15,P,2,1,053170,03.3
DLLS,AC,202204,G,04,05,A,08,0119,3,GS-05,E,XXXX,15,P,2,1,051761,00.0
DLLS,AC,201910,E,17,09,A,11,0110,1,GS-09,F,0110,15,F,1,1,069009,00.0
DLLS,AC,202009,I,04,05,C,12,0119,3,GS-05,C,XXXX,10,P,2,1,034916,04.4
DLLS,AC,202202,H,17,13,D,36,0110,1,GS-13,N,0110,10,F,1,1,142595,06.6
DLLS,AC,202003,H,04,05,A,40,0119,3,GS-05,C,XXXX,15,P,2,1,034916,00.0
DLLS,AC,202208,F,04,05,A,48,0119,3,GS-05,D,XXXX,15,P,2,1,043027,00.0
DLLS,AC,202109,J,04,05,A,53,0119,3,GS-05,E,XXXX,15,P,2,1,050224,00.0
DLLS,AC,202102,G,07,09,E,37,0110,1,GS-09,E,0110,10,F,1,1,054120,10.8
DLLS,AC,202008,K,04,05,A,06,0119,3,GS-05,C,XXXX,15,P,2,1,037244,00.0
DLLS,AC,202206,H,04,05,A,36,0119,3,GS-05,D,XXXX,15,P,2,1,041981,00.0
DLLS,AC,202209,E,17,13,D,48,0110,1,GS-13,K,0110,10,F,1,1,114406,06.8
DLLS,AC,202001,K,13,05,D,17,0119,3,GS-05,D,XXXX,10,P,2,1,043886,05.7
DLLS,AC,201912,E,17,13,D,11,0110,1,GS-13,J,0110,10,F,1,1,109088,06.5
DLLS,AC,202205,D,13,07,D,11,0110,1,GS-07,E,0110,15,F,1,1,059081,09.8
DLLS,AC,202201,G,04,05,A,39,0119,3,GS-05,C,XXXX,15,P,2,1,037514,00.0
DLLS,AC,202304,E,17,09,A,06,0110,1,GS-09,G,0110,15,F,1,1,077578,00.0
DLLS,AC,202105,E,17,09,B,06,0110,1,GS-09,F,0110,15,F,1,1,061019,02.3
DLLS,AC,202003,D,17,09,A,06,0110,1,GS-09,F,0110,15,F,1,1,060415,00.5
DLLS,AC,202005,D,17,09,A,11,0110,1,GS-09,E,0110,15,F,1,1,059534,00.0
DLLS,AD,202307,D,13,07,A,41,0110,1,GS-07,E,0110,35,F,1,1,050094,00.0
DLLS,AA,202003,D,13,07,D,06,0110,1,GS-07,F,0110,10,F,1,1,064203,05.4
DLLS,AC,202110,J,04,05,C,11,0119,3,GS-05,D,XXXX,10,P,2,1,046300,03.2
DLLS,AC,202211,H,04,05,A,39,0119,3,GS-05,C,XXXX,15,P,2,1,037688,00.0
DLLS,AC,202207,I,13,05,A,25,0119,3,GS-05,D,XXXX,10,P,2,1,047175,00.0
DLLS,AA,202009,C,13,12,C,29,0110,1,GS-12,H,0110,10,F,1,1,080085,04.3
DLLS,AC,202302,D,17,07,D,29,0110,1,GS-07,F,0110,15,F,1,1,061579,07.5
DLLS,AC,202101,D,17,09,A,11,0110,1,GS-09,F,0110,15,F,1,1,060129,00.0
DLLS,AC,202101,C,04,05,B,49,0119,3,GS-05,C,XXXX,15,P,2,1,039968,01.2
DLLS,AC,202005,D,17,09,C,17,0110,1,GS-09,G,0110,10,F,1,1,076274,04.3
DLLS,AC,202204,D,04,05,B,42,0119,3,GS-05,E,XXXX,15,P,2,1,051297,02.5
DLLS,AC,202109,E,17,05,A,17,0119,3,GS-05,E,XXXX,15,P,2,1,050844,00.0
DLLS,AC,202005,C,13,09,B,11,0110,1,GS-09,E,0110,15,F,1,1,059534,01.0
DLLS,AA,202106,C,17,13,C,11,0110,1,GS-13,J,0110,10,F,1,1,107146,04.9
DLLS,AC,202002,C,13,07,C,48,0110,1,GS-07,E,0110,15,F,1,1,052833,03.3
DLLS,AC,202104,C,17,09,A,11,0110,1,GS-09,F,0110,15,F,1,1,060129,00.0
DLLS,AC,202201,D,04,05,A,39,0119,3,GS-05,D,XXXX,15,P,2,1,044733,00.0
DLLS,AC,201911,C,04,11,A,11,0110,1,GS-11,G,0110,15,F,1,1,071901,00.9
DLLS,AC,202109,C,13,09,B,11,0110,1,GS-09,F,0110,15,F,1,1,060129,01.0
DLLS,AC,202012,H,17,09,F,48,0110,1,GS-09,G,0110,15,F,1,1,074133,15.3
DLLS,AC,202108,D,13,05,C,18,0119,3,GS-05,C,XXXX,15,P,2,1,035265,04.6
DLLS,AD,202108,B,17,07,A,11,0110,1,GS-07,F,0110,35,F,1,1,060629,00.0
DLLS,AC,202009,I,04,05,A,24,0119,3,GS-05,C,XXXX,15,P,2,1,039291,00.0
DLLS,AC,202005,D,04,05,A,36,0119,3,GS-05,D,XXXX,15,P,2,1,040345,00.0
DLLS,AC,202004,J,13,05,A,06,0119,3,GS-05,D,XXXX,15,P,2,1,042592,00.0
DLLS,AC,202007,B,13,07,A,11,0110,1,GS-07,D,0110,15,F,1,1,048670,00.0
DLLS,AC,202003,J,04,05,D,13,0119,3,GS-05,D,XXXX,15,P,2,1,046598,06.7
DLLS,AC,202004,I,04,05,A,48,0119,3,GS-05,D,XXXX,15,P,2,1,048928,00.0
DLLS,AC,202004,D,04,05,A,36,0119,3,GS-05,D,XXXX,15,P,2,1,040345,00.0
DLLS,AC,202003,F,04,09,A,11,0110,1,GS-09,E,0110,15,F,1,1,059534,00.4
DLLS,AC,202207,C,04,05,A,47,0119,3,GS-05,C,XXXX,15,P,2,1,036118,00.0
DLLS,AC,202101,D,13,09,B,37,0110,1,GS-09,E,0110,15,F,1,1,054120,02.8
DLLS,AC,202301,J,13,05,B,45,0119,3,GS-05,D,XXXX,15,P,2,1,042724,01.2
DLLS,AD,202209,B,13,07,C,08,0110,1,GS-07,D,0110,35,F,1,1,049322,03.6
DLLS,AC,202208,F,17,05,A,17,0119,3,GS-05,E,XXXX,15,P,2,1,052198,00.0
DLLS,AD,202008,B,04,07,A,11,0110,1,GS-07,D,0110,35,F,1,1,048670,00.0
DLLS,AC,202006,B,17,09,A,11,0110,1,GS-09,E,0110,15,F,1,1,059534,00.9
DLLS,AC,202203,H,04,05,B,48,0119,3,GS-05,C,XXXX,15,P,2,1,038526,01.0
DLLS,AC,202302,G,04,06,C,48,0119,3,GS-06,E,XXXX,10,P,2,1,059252,03.5
DLLS,AC,202206,E,04,05,B,06,0119,3,GS-05,E,XXXX,15,P,2,1,052881,02.2
DLLS,AC,202209,E,04,05,B,12,0119,3,GS-05,D,XXXX,15,P,2,1,045749,02.3
DLLS,AC,202001,I,04,05,A,48,0119,3,GS-05,D,XXXX,15,P,2,1,040147,00.0
DLLS,AC,202012,I,04,05,B,06,0119,3,GS-05,E,XXXX,15,P,2,1,051837,01.3
DLLS,AC,202010,F,10,05,A,26,0119,3,GS-05,C,XXXX,15,P,2,1,038340,00.0
DLLS,AC,202307,I,13,05,D,06,0119,3,GS-05,F,XXXX,15,P,2,1,060641,05.9
DLLS,AC,202307,I,13,05,A,29,0119,3,GS-05,D,XXXX,15,P,2,1,042392,00.0
DLLS,AC,202007,J,04,05,A,12,0119,3,GS-05,C,XXXX,15,P,2,1,034916,00.0
DLLS,AC,202007,F,04,05,A,36,0119,3,GS-05,D,XXXX,15,P,2,1,040345,00.0
DLLS,AC,202109,H,04,05,B,48,0119,3,GS-05,E,XXXX,15,P,2,1,052715,01.5
DLLS,AC,202004,C,17,07,A,11,0110,1,GS-07,D,0110,15,F,1,1,048670,00.9
DLLS,AC,202109,C,17,09,A,11,0110,1,GS-09,F,0110,15,F,1,1,060129,00.0
DLLS,AD,202107,C,17,09,B,11,0110,1,GS-09,F,0110,32,F,1,1,060129,02.1
DLLS,AC,202104,B,04,09,A,11,0110,1,GS-09,F,0110,15,F,1,1,060129,00.0
DLLS,AC,202210,J,04,05,B,42,0119,3,GS-05,E,XXXX,15,P,2,1,051297,02.7
DLLS,AC,202011,C,04,11,A,11,0110,1,GS-11,G,0110,15,F,1,1,072030,00.9
DLLS,AC,202202,F,04,05,A,28,0119,3,GS-05,D,XXXX,15,P,2,1,046953,00.0
DLLS,AC,201910,D,13,05,A,15,0119,3,GS-05,C,XXXX,15,P,2,1,034921,00.0
DLLS,AC,202106,B,13,07,B,06,0110,1,GS-07,F,0110,15,F,1,1,064852,01.7
DLLS,AC,201910,B,13,07,A,25,0110,1,GS-07,D,0110,15,F,1,1,046634,00.0
DLLS,AC,201910,K,04,05,A,39,0119,3,GS-05,C,XXXX,15,P,2,1,035064,00.0
DLLS,AC,201910,D,17,09,A,11,0110,1,GS-09,E,0110,15,F,1,1,057510,00.0
DLLS,AC,201910,H,04,05,A,18,0119,3,GS-05,C,XXXX,15,P,2,1,034213,00.0
DLLS,AC,201910,I,04,05,A,40,0119,3,GS-05,D,XXXX,10,P,2,1,042999,00.0
DLLS,AC,201911,F,17,07,A,41,0110,1,GS-07,D,0110,15,F,1,1,044765,00.0
DLLS,AC,201911,E,04,05,A,12,0119,3,GS-05,C,XXXX,15,P,2,1,033949,00.0
DLLS,AC,201911,D,10,05,A,04,0119,3,GS-05,C,XXXX,15,P,2,1,035103,00.0
DLLS,AC,202207,K,04,05,A,31,0119,3,GS-05,D,XXXX,15,P,2,1,047248,00.0
DLLS,AC,201911,B,04,07,A,06,0110,1,GS-07,D,0110,15,F,1,1,047797,00.0
DLLS,AC,202208,C,13,07,B,11,0110,1,GS-07,F,0110,15,F,1,1,065831,02.7
DLLS,AC,201912,D,17,07,A,36,0110,1,GS-07,D,0110,15,F,1,1,048375,00.0
DLLS,AC,201912,D,13,05,A,32,0119,3,GS-05,C,XXXX,15,P,2,1,034351,00.0
DLLS,AC,201912,J,04,05,A,40,0119,3,GS-05,C,XXXX,15,P,2,1,033949,00.0
DLLS,AC,201912,I,17,05,A,41,0119,3,GS-05,C,XXXX,15,P,2,1,036139,00.0
DLLS,AC,202207,K,04,05,A,25,0119,3,GS-05,E,XXXX,15,P,2,1,052565,00.0
DLLS,AC,202110,F,04,05,A,06,0119,3,GS-05,E,XXXX,15,P,2,1,052355,00.0
DLLS,AC,202001,B,13,07,A,36,0110,1,GS-07,D,0110,15,F,1,1,049976,00.0
DLLS,AC,202001,B,13,07,A,36,0110,1,GS-07,D,0110,15,F,1,1,049976,00.0
DLLS,AC,202001,I,04,05,A,45,0119,3,GS-05,C,XXXX,15,P,2,1,034916,00.0
DLLS,AC,202001,C,17,09,A,17,0110,1,GS-09,E,0110,15,F,1,1,058672,00.0
DLLS,AC,202001,F,04,05,A,26,0119,3,GS-05,C,XXXX,15,P,2,1,038340,00.0
DLLS,AC,202001,H,04,05,A,37,0119,3,GS-05,C,XXXX,15,P,2,1,034916,00.0
DLLS,AC,202001,C,04,05,A,48,0119,3,GS-05,D,XXXX,15,P,2,1,040147,00.0
DLLS,AC,202001,G,17,13,A,11,0110,1,GS-13,K,0110,15,F,1,1,119775,00.0
DLLS,AC,202109,B,17,07,A,11,0110,1,GS-07,D,0110,15,F,1,1,049157,00.0
DLLS,AC,202209,K,04,05,E,13,0119,3,GS-05,D,XXXX,15,P,2,1,049551,10.9
DLLS,AC,202001,B,13,07,A,06,0110,1,GS-07,E,0110,15,F,1,1,052759,00.0
DLLS,AC,202001,J,13,05,A,39,0119,3,GS-05,C,XXXX,15,P,2,1,036301,00.0
DLLS,AC,202001,I,04,05,A,48,0119,3,GS-05,D,XXXX,15,P,2,1,040147,00.0
DLLS,AC,202002,K,04,05,A,36,0119,3,GS-05,C,XXXX,15,P,2,1,034916,00.0
DLLS,AC,202109,J,17,05,A,42,0119,3,GS-05,C,XXXX,15,P,2,1,038334,00.0
DLLS,AC,202002,C,13,05,A,39,0119,3,GS-05,C,XXXX,15,P,2,1,036383,00.0
DLLS,AC,202002,I,04,05,A,17,0119,3,GS-05,C,XXXX,15,P,2,1,038722,00.0
DLLS,AC,202002,C,04,05,A,29,0119,3,GS-05,C,XXXX,15,P,2,1,035428,00.0
DLLS,AC,202002,I,04,05,A,28,0119,3,GS-05,C,XXXX,15,P,2,1,034916,00.0
DLLS,AD,202308,B,17,07,A,11,0110,1,GS-07,E,0110,35,F,1,1,053105,00.0
DLLS,AC,202303,C,13,09,B,27,0110,1,GS-09,G,0110,15,F,1,1,070443,02.8
DLLS,AD,202109,B,13,07,A,11,0110,1,GS-07,D,0110,35,F,1,1,049157,00.0
DLLS,AC,202003,E,04,05,A,37,0119,3,GS-05,C,XXXX,15,P,2,1,034916,00.0
DLLS,AC,202012,F,04,05,A,42,0119,3,GS-05,C,XXXX,15,P,2,1,037954,00.0
DLLS,AC,202003,H,04,05,A,42,0119,3,GS-05,C,XXXX,15,P,2,1,035955,00.0
DLLS,AC,202003,F,13,05,A,42,0119,3,GS-05,C,XXXX,15,P,2,1,037954,00.0
DLLS,AC,202003,C,13,05,A,42,0119,3,GS-05,C,XXXX,15,P,2,1,037954,00.0
DLLS,AC,202003,C,04,09,A,11,0110,1,GS-09,E,0110,15,F,1,1,059534,00.0
DLLS,AC,202003,F,04,05,A,39,0119,3,GS-05,C,XXXX,15,P,2,1,036142,00.0
DLLS,AC,202003,C,04,09,A,11,0110,1,GS-09,E,0110,15,F,1,1,059534,00.0
DLLS,AC,202003,B,04,07,A,11,0110,1,GS-07,D,0110,15,F,1,1,048670,00.0
DLLS,AC,202003,K,17,05,A,39,0119,3,GS-05,C,XXXX,15,P,2,1,036142,00.0
DLLS,AC,202003,D,04,05,A,20,0119,3,GS-05,C,XXXX,15,P,2,1,034916,00.0
DLLS,AC,202003,K,04,05,A,49,0119,3,GS-05,C,XXXX,15,P,2,1,034916,00.0
DLLS,AC,202003,C,13,07,A,06,0110,1,GS-07,D,0110,15,F,1,1,049390,00.0
DLLS,AC,202003,E,17,09,A,11,0110,1,GS-09,E,0110,15,F,1,1,059534,00.0
DLLS,AC,202004,B,04,07,A,11,0110,1,GS-07,D,0110,15,F,1,1,048670,00.0
DLLS,AC,202004,B,13,07,A,11,0110,1,GS-07,D,0110,15,F,1,1,048670,00.0
DLLS,AC,202004,D,13,07,A,11,0110,1,GS-07,D,0110,15,F,1,1,048670,00.0
DLLS,AC,202003,D,04,07,B,11,0110,1,GS-07,D,0110,15,F,1,1,048670,01.3
DLLS,AC,202004,B,04,07,A,11,0110,1,GS-07,D,0110,15,F,1,1,048670,00.0
DLLS,AC,202003,B,13,07,A,42,0110,1,GS-07,D,0110,15,F,1,1,047014,00.0
DLLS,AC,202004,B,13,07,A,11,0110,1,GS-07,D,0110,15,F,1,1,048670,00.0
DLLS,AC,202004,B,04,07,A,11,0110,1,GS-07,D,0110,15,F,1,1,048670,00.0
DLLS,AD,202207,B,13,07,A,55,0110,1,GS-07,D,0110,35,F,1,1,044740,00.0
DLLS,AC,202004,H,04,05,A,05,0119,3,GS-05,C,XXXX,15,P,2,1,034916,00.0
DLLS,AC,202003,I,04,05,A,48,0119,3,GS-05,C,XXXX,15,P,2,1,037635,00.0
DLLS,AC,202003,B,04,09,A,11,0110,1,GS-09,E,0110,15,F,1,1,059534,00.0
DLLS,AC,202003,J,04,05,A,29,0119,3,GS-05,C,XXXX,15,P,2,1,035428,00.0
DLLS,AC,202003,B,04,07,A,11,0110,1,GS-07,D,0110,15,F,1,1,048670,00.0
DLLS,AC,202004,C,04,09,A,11,0110,1,GS-09,E,0110,15,F,1,1,059534,00.0
DLLS,AC,202004,C,13,07,A,11,0110,1,GS-07,D,0110,15,F,1,1,048670,00.0
DLLS,AC,202004,C,04,07,A,11,0110,1,GS-07,D,0110,15,F,1,1,048670,00.0
DLLS,AC,202004,B,04,07,A,11,0110,1,GS-07,D,0110,15,F,1,1,048670,00.0
DLLS,AC,202006,C,04,07,A,37,0110,1,GS-07,D,0110,15,F,1,1,044944,00.1
DLLS,AC,202005,B,13,07,A,11,0110,1,GS-07,D,0110,15,F,1,1,048670,00.0
DLLS,AC,202010,C,04,05,A,42,0119,3,GS-05,C,XXXX,15,P,2,1,037954,00.0
DLLS,AC,202005,C,17,09,A,11,0110,1,GS-09,E,0110,15,F,1,1,059534,00.0
DLLS,AC,202004,B,17,09,A,11,0110,1,GS-09,E,0110,15,F,1,1,059534,00.0
DLLS,AC,202005,K,04,05,A,01,0119,3,GS-05,C,XXXX,15,P,2,1,036090,00.0
DLLS,AC,202004,B,13,07,A,11,0110,1,GS-07,D,0110,15,F,1,1,048670,00.0
DLLS,AC,202004,E,04,05,A,28,0119,3,GS-05,C,XXXX,15,P,2,1,034916,00.0
DLLS,AC,202004,J,04,05,A,22,0119,3,GS-05,C,XXXX,15,P,2,1,034916,00.0
DLLS,AC,202004,K,04,05,A,06,0119,3,GS-05,C,XXXX,15,P,2,1,039078,00.0
DLLS,AC,202004,C,13,07,A,11,0110,1,GS-07,D,0110,15,F,1,1,048670,00.0
DLLS,AC,202004,E,04,05,A,53,0119,3,GS-05,C,XXXX,15,P,2,1,034916,00.0
DLLS,AC,202005,H,04,05,A,53,0119,3,GS-05,C,XXXX,15,P,2,1,034916,00.0
DLLS,AC,202005,B,13,07,A,11,0110,1,GS-07,D,0110,15,F,1,1,048670,00.0
DLLS,AC,202004,K,04,05,A,01,0119,3,GS-05,C,XXXX,15,P,2,1,034916,00.0
DLLS,AC,202005,J,04,05,A,25,0119,3,GS-05,C,XXXX,15,P,2,1,038879,00.0
DLLS,AC,202006,E,04,05,A,36,0119,3,GS-05,D,XXXX,15,P,2,1,040345,00.0
DLLS,AD,202207,B,13,07,A,24,0110,1,GS-07,E,0110,35,F,1,1,050643,00.0
DLLS,AC,202106,B,14,09,A,25,0110,1,GS-09,E,0110,15,F,1,1,059498,00.0
DLLS,AC,202005,D,04,05,A,13,0119,3,GS-05,C,XXXX,15,P,2,1,036786,00.0
DLLS,AC,202006,B,13,07,A,11,0110,1,GS-07,D,0110,15,F,1,1,048670,00.0
DLLS,AC,202006,B,13,05,A,21,0119,3,GS-05,C,XXXX,15,P,2,1,034916,00.0
DLLS,AC,202005,G,04,05,A,31,0119,3,GS-05,C,XXXX,15,P,2,1,035030,00.0
DLLS,AC,202006,B,13,07,A,11,0110,1,GS-07,D,0110,15,F,1,1,048670,00.0
DLLS,AD,202304,B,09,07,A,29,0110,1,GS-07,D,0110,35,F,1,1,047369,00.0
DLLS,AC,202006,C,13,07,A,11,0110,1,GS-07,D,0110,15,F,1,1,048670,00.0
DLLS,AC,202005,C,13,09,A,11,0110,1,GS-09,E,0110,15,F,1,1,059534,00.0
DLLS,AC,202006,C,13,07,A,11,0110,1,GS-07,D,0110,15,F,1,1,048670,00.0
DLLS,AC,202005,K,04,05,A,53,0119,3,GS-05,C,XXXX,15,P,2,1,034916,00.0
DLLS,AC,202011,B,17,09,A,11,0110,1,GS-09,G,0110,15,F,1,1,073426,00.3
DLLS,AC,202108,D,13,09,A,26,0110,1,GS-09,E,0110,15,F,1,1,058673,00.9
DLLS,AC,202007,C,17,09,A,11,0110,1,GS-09,E,0110,15,F,1,1,059534,00.0
DLLS,AC,202006,J,04,05,A,31,0119,3,GS-05,C,XXXX,15,P,2,1,035030,00.0
DLLS,AC,202207,B,13,09,B,37,0110,1,GS-09,E,0110,15,F,1,1,056959,01.7
DLLS,AC,202007,B,13,07,A,11,0110,1,GS-07,D,0110,15,F,1,1,048670,00.0
DLLS,AC,202006,C,17,09,A,11,0110,1,GS-09,E,0110,15,F,1,1,059534,00.0
DLLS,AC,202007,B,17,09,A,11,0110,1,GS-09,E,0110,15,F,1,1,059534,00.0
DLLS,AC,202007,B,04,09,A,11,0110,1,GS-09,E,0110,15,F,1,1,059534,00.0
DLLS,AC,202007,B,13,07,A,11,0110,1,GS-07,D,0110,15,F,1,1,048670,00.0
DLLS,AC,202007,B,13,07,A,11,0110,1,GS-07,D,0110,15,F,1,1,048670,00.0
DLLS,AC,202007,C,17,09,A,11,0110,1,GS-09,E,0110,15,F,1,1,059534,00.0
DLLS,AC,202007,H,04,05,A,51,0119,3,GS-05,C,XXXX,15,P,2,1,036121,00.0
DLLS,AC,202006,B,13,07,A,11,0110,1,GS-07,D,0110,15,F,1,1,048670,00.0
DLLS,AC,202007,D,13,07,A,11,0110,1,GS-07,D,0110,15,F,1,1,048670,00.0
DLLS,AC,202006,B,17,07,A,13,0110,1,GS-07,D,0110,15,F,1,1,045567,00.0
DLLS,AC,202007,J,13,09,A,12,0110,1,GS-09,E,0110,15,F,1,1,052905,00.0
DLLS,AC,202007,B,13,07,A,11,0110,1,GS-07,D,0110,15,F,1,1,048670,00.0
DLLS,AC,202301,E,04,05,A,39,0119,3,GS-05,E,XXXX,15,P,2,1,051193,00.0
DLLS,AC,202007,B,13,07,A,11,0110,1,GS-07,D,0110,15,F,1,1,048670,00.0
DLLS,AC,202006,B,13,07,A,11,0110,1,GS-07,D,0110,15,F,1,1,048670,00.0
DLLS,AC,202007,G,04,05,A,01,0119,3,GS-05,C,XXXX,15,P,2,1,036090,00.2
DLLS,AD,202006,B,17,09,A,11,0110,1,GS-09,E,0110,35,F,1,1,059534,00.0
DLLS,AC,202006,C,17,09,A,11,0110,1,GS-09,E,0110,15,F,1,1,059534,00.0
DLLS,AC,202007,B,13,07,A,11,0110,1,GS-07,D,0110,15,F,1,1,048670,00.0
DLLS,AC,202007,B,13,07,A,11,0110,1,GS-07,D,0110,15,F,1,1,048670,00.0
DLLS,AC,202007,J,04,05,A,41,0119,3,GS-05,C,XXXX,15,P,2,1,037262,00.0
DLLS,AC,202007,D,17,09,A,12,0110,1,GS-09,E,0110,15,F,1,1,052905,00.0
DLLS,AD,202007,B,13,07,A,11,0110,1,GS-07,D,0110,35,F,1,1,048670,00.0
DLLS,AD,202112,B,17,09,A,25,0110,1,GS-09,E,0110,35,F,1,1,059498,00.0
DLLS,AC,202008,F,04,05,A,41,0119,3,GS-05,C,XXXX,15,P,2,1,037262,00.0
DLLS,AC,202104,B,04,07,A,11,0110,1,GS-07,D,0110,15,F,1,1,049157,00.0
DLLS,AC,202008,G,04,05,A,12,0119,3,GS-05,C,XXXX,15,P,2,1,034916,00.0
DLLS,AD,202008,C,17,09,A,11,0110,1,GS-09,E,0110,35,F,1,1,059534,00.0
DLLS,AC,202008,B,13,07,A,11,0110,1,GS-07,D,0110,15,F,1,1,048670,00.0
DLLS,AC,202308,B,13,07,B,29,0110,1,GS-07,D,0110,15,F,1,1,047369,02.9
DLLS,AC,202201,C,13,07,B,12,0110,1,GS-07,D,0110,15,F,1,1,044740,01.3
DLLS,AC,202105,C,13,07,A,11,0110,1,GS-07,E,0110,15,F,1,1,054074,00.6
DLLS,AD,202008,B,13,07,A,11,0110,1,GS-07,D,0110,35,F,1,1,048670,00.0
DLLS,AC,202008,C,17,09,A,11,0110,1,GS-09,E,0110,15,F,1,1,059534,00.0
DLLS,AC,202008,D,21,12,A,11,0110,1,GS-12,K,0110,15,F,1,1,112240,00.0
DLLS,AC,202008,C,13,07,A,11,0110,1,GS-07,D,0110,15,F,1,1,048670,00.0
DLLS,AC,202008,I,04,05,A,06,0119,3,GS-05,D,XXXX,15,P,2,1,042592,00.0
DLLS,AC,202012,C,17,09,A,13,0110,1,GS-09,E,0110,15,F,1,1,055738,00.0
DLLS,AC,202009,B,13,07,A,42,0110,1,GS-07,D,0110,15,F,1,1,047014,00.0
DLLS,AC,202008,K,04,05,A,25,0119,3,GS-05,C,XXXX,15,P,2,1,038993,00.0
DLLS,AC,202110,B,17,09,A,13,0110,1,GS-09,E,0110,15,F,1,1,056295,00.0
DLLS,AC,202008,G,13,05,A,45,0119,3,GS-05,C,XXXX,15,P,2,1,034916,00.0
DLLS,AC,202009,C,13,05,A,47,0119,3,GS-05,C,XXXX,15,P,2,1,034916,00.0
DLLS,AC,202008,H,13,05,A,01,0119,3,GS-05,C,XXXX,15,P,2,1,034916,00.0
DLLS,AC,202009,I,13,05,A,13,0119,3,GS-05,C,XXXX,15,P,2,1,036786,00.1
DLLS,AC,202009,H,04,05,A,11,0119,3,GS-05,C,XXXX,15,P,2,1,039291,00.0
DLLS,AC,202008,H,04,05,A,48,0119,3,GS-05,C,XXXX,15,P,2,1,035163,00.0
DLLS,AC,202008,C,21,12,A,11,0110,1,GS-12,K,0110,15,F,1,1,112240,00.0
DLLS,AC,202112,D,13,07,A,06,0110,1,GS-07,E,0110,15,F,1,1,053286,00.0
DLLS,AD,202009,B,13,07,A,11,0110,1,GS-07,D,0110,35,F,1,1,048670,00.0
DLLS,AC,202010,J,04,05,A,34,0119,3,GS-05,D,XXXX,15,P,2,1,040345,00.0
DLLS,AC,202207,C,13,07,A,13,0110,1,GS-07,D,0110,15,F,1,1,047216,00.0
DLLS,AC,202010,J,04,05,A,21,0119,3,GS-05,C,XXXX,15,P,2,1,036301,00.0
DLLS,AC,202010,K,04,05,A,34,0119,3,GS-05,D,XXXX,15,P,2,1,040345,00.0
DLLS,AC,202010,C,13,07,A,11,0110,1,GS-07,D,0110,15,F,1,1,048670,00.0
DLLS,AC,202110,C,13,07,A,11,0110,1,GS-07,D,0110,15,F,1,1,049157,00.0
DLLS,AC,202009,B,13,07,A,11,0110,1,GS-07,D,0110,15,F,1,1,048670,00.0
DLLS,AC,202009,F,04,15,A,17,0110,1,GS-15,P,0110,15,F,1,1,164076,00.0
DLLS,AC,202109,E,04,05,A,06,0119,3,GS-05,E,XXXX,15,P,2,1,055925,00.8
DLLS,AC,202009,D,13,07,A,41,0110,1,GS-07,D,0110,15,F,1,1,046156,00.0
DLLS,AC,202010,B,13,07,A,11,0110,1,GS-07,D,0110,15,F,1,1,048670,00.0
DLLS,AC,202010,C,13,07,A,11,0110,1,GS-07,D,0110,15,F,1,1,048670,00.0
DLLS,AC,202010,H,04,05,A,49,0119,3,GS-05,C,XXXX,15,P,2,1,034916,00.0
DLLS,AC,202010,B,13,07,A,11,0110,1,GS-07,D,0110,15,F,1,1,048670,00.0
DLLS,AC,202010,B,13,07,A,29,0110,1,GS-07,D,0110,15,F,1,1,043691,00.0
DLLS,AC,202010,G,04,05,A,26,0119,3,GS-05,C,XXXX,15,P,2,1,038340,00.0
DLLS,AC,202010,B,13,07,A,11,0110,1,GS-07,D,0110,15,F,1,1,048670,00.0
DLLS,AC,202010,B,13,07,A,11,0110,1,GS-07,D,0110,15,F,1,1,048670,00.0
DLLS,AC,202010,C,17,09,A,11,0110,1,GS-09,E,0110,15,F,1,1,059534,00.0
DLLS,AA,202010,C,17,09,D,48,0110,1,GS-09,G,0110,10,F,1,1,074133,06.9
DLLS,AC,202011,B,13,07,A,11,0110,1,GS-07,D,0110,15,F,1,1,048670,00.0
DLLS,AC,202011,D,17,09,A,13,0110,1,GS-09,E,0110,15,F,1,1,055738,00.0
DLLS,AC,202011,G,04,05,A,18,0119,3,GS-05,C,XXXX,15,P,2,1,038722,00.0
DLLS,AC,202011,E,04,05,A,48,0119,3,GS-05,C,XXXX,15,P,2,1,037635,00.0
DLLS,AC,202011,C,17,07,A,29,0110,1,GS-07,D,0110,15,F,1,1,043691,00.0
DLLS,AC,202203,D,17,09,A,11,0110,1,GS-09,F,0110,15,F,1,1,061947,00.0
DLLS,AC,202011,H,17,09,A,11,0110,1,GS-09,E,0110,15,F,1,1,059534,00.0
DLLS,AC,202011,B,13,07,A,29,0110,1,GS-07,D,0110,15,F,1,1,043885,00.0
DLLS,AC,202011,H,04,05,A,20,0119,3,GS-05,C,XXXX,15,P,2,1,034916,00.0
DLLS,AC,202011,F,04,05,A,20,0119,3,GS-05,C,XXXX,15,P,2,1,034916,00.0
DLLS,AC,202012,I,13,05,A,42,0119,3,GS-05,C,XXXX,15,P,2,1,037954,00.0
DLLS,AC,202012,I,04,05,A,48,0119,3,GS-05,C,XXXX,15,P,2,1,034916,00.0
DLLS,AC,202012,F,13,07,A,06,0110,1,GS-07,E,0110,15,F,1,1,052759,00.0
DLLS,AC,202012,G,04,05,A,13,0119,3,GS-05,C,XXXX,15,P,2,1,036786,00.0
DLLS,AC,202012,C,04,05,A,06,0119,3,GS-05,C,XXXX,15,P,2,1,039873,00.0
DLLS,AC,202012,I,04,05,A,06,0119,3,GS-05,C,XXXX,15,P,2,1,039873,00.0
DLLS,AC,202109,B,13,07,A,11,0110,1,GS-07,D,0110,15,F,1,1,049157,00.0
DLLS,AC,202101,D,04,05,A,13,0119,3,GS-05,C,XXXX,15,P,2,1,037154,00.0
DLLS,AC,202101,C,13,05,A,39,0119,3,GS-05,C,XXXX,15,P,2,1,036746,00.0
DLLS,AC,202101,B,13,07,A,06,0110,1,GS-07,D,0110,15,F,1,1,049884,00.0
DLLS,AC,202101,B,17,09,A,11,0110,1,GS-09,F,0110,15,F,1,1,060129,00.0
DLLS,AC,202101,B,17,09,A,11,0110,1,GS-09,F,0110,15,F,1,1,060129,00.0
DLLS,AC,202101,F,17,05,A,37,0119,3,GS-05,C,XXXX,15,P,2,1,035718,00.0
DLLS,AC,202101,C,17,09,A,11,0110,1,GS-09,F,0110,15,F,1,1,060129,00.0
DLLS,AC,202101,D,17,09,A,11,0110,1,GS-09,F,0110,15,F,1,1,060129,00.0
DLLS,AC,202102,B,17,09,A,25,0110,1,GS-09,E,0110,15,F,1,1,059498,00.0
DLLS,AC,202102,C,04,09,A,11,0110,1,GS-09,F,0110,15,F,1,1,060129,00.0
DLLS,AC,202102,B,13,09,A,25,0110,1,GS-09,E,0110,15,F,1,1,059498,00.0
DLLS,AC,202102,K,04,05,A,06,0119,3,GS-05,D,XXXX,15,P,2,1,040271,00.0
DLLS,AC,202102,B,13,07,A,25,0110,1,GS-07,D,0110,15,F,1,1,048641,00.0
DLLS,AC,202102,B,13,07,A,25,0110,1,GS-07,D,0110,15,F,1,1,048641,00.0
DLLS,AC,202102,C,17,09,A,11,0110,1,GS-09,F,0110,15,F,1,1,060129,00.0
DLLS,AC,202102,G,17,09,A,27,0110,1,GS-09,E,0110,15,F,1,1,057447,00.0
DLLS,AC,202102,F,10,05,A,12,0119,3,GS-05,C,XXXX,15,P,2,1,037564,00.0
DLLS,AC,202102,D,04,05,A,41,0119,3,GS-05,D,XXXX,15,P,2,1,042653,00.0
DLLS,AC,202102,C,04,05,A,06,0119,3,GS-05,D,XXXX,15,P,2,1,043018,00.0
DLLS,AC,202102,B,17,09,A,11,0110,1,GS-09,F,0110,15,F,1,1,060129,00.0
DLLS,AC,202103,G,17,05,A,53,0119,3,GS-05,D,XXXX,15,P,2,1,048936,00.0
DLLS,AC,202207,B,04,05,A,06,0119,3,GS-05,D,XXXX,15,P,2,1,041530,00.0
DLLS,AC,202103,H,13,15,A,42,0110,1,GS-15,P,0110,15,F,1,1,167069,00.0
DLLS,AC,202104,F,17,09,A,11,0110,1,GS-09,F,0110,15,F,1,1,060129,00.0
DLLS,AC,202104,C,17,09,A,11,0110,1,GS-09,F,0110,15,F,1,1,060129,00.0
DLLS,AC,202307,J,04,05,A,53,0119,3,GS-05,D,XXXX,15,P,2,1,041925,00.0
DLLS,AC,202104,D,17,09,A,11,0110,1,GS-09,F,0110,15,F,1,1,060129,00.0
DLLS,AC,202104,C,17,09,A,11,0110,1,GS-09,F,0110,15,F,1,1,060129,00.0
DLLS,AC,202104,C,17,09,A,11,0110,1,GS-09,F,0110,15,F,1,1,060129,00.0
DLLS,AC,202104,E,04,05,A,48,0119,3,GS-05,C,XXXX,15,P,2,1,035514,00.0
DLLS,AC,202104,E,13,07,A,06,0110,1,GS-07,E,0110,15,F,1,1,053286,00.0
DLLS,AC,202104,K,04,05,A,06,0119,3,GS-05,C,XXXX,15,P,2,1,035265,00.0
DLLS,AC,202104,B,13,07,A,11,0110,1,GS-07,D,0110,15,F,1,1,049157,00.0
DLLS,AC,202104,B,13,07,A,11,0110,1,GS-07,D,0110,15,F,1,1,049157,00.0
DLLS,AC,202105,B,13,07,A,11,0110,1,GS-07,D,0110,15,F,1,1,049157,00.0
DLLS,AC,202105,F,17,05,A,42,0119,3,GS-05,C,XXXX,15,P,2,1,038334,00.0
DLLS,AC,202105,G,13,05,A,55,0119,3,GS-05,C,XXXX,15,P,2,1,036789,00.0
DLLS,AC,202306,B,17,09,B,26,0110,1,GS-09,F,0110,15,F,1,1,062937,01.2
DLLS,AC,202105,G,13,05,A,48,0119,3,GS-05,D,XXXX,15,P,2,1,049417,00.0
DLLS,AC,202108,D,17,07,A,48,0110,1,GS-07,E,0110,15,F,1,1,050227,00.1
DLLS,AC,202105,B,13,07,A,11,0110,1,GS-07,D,0110,15,F,1,1,049157,00.0
DLLS,AC,202211,H,04,05,B,06,0119,3,GS-05,D,XXXX,15,P,2,1,048451,01.4
DLLS,AC,202203,B,13,07,A,11,0110,1,GS-07,E,0110,15,F,1,1,050643,00.0
DLLS,AC,202204,C,17,07,A,11,0110,1,GS-07,F,0110,15,F,1,1,062456,00.0
DLLS,AC,202105,B,17,09,A,11,0110,1,GS-09,F,0110,15,F,1,1,060129,00.0
DLLS,AC,202105,B,04,07,A,11,0110,1,GS-07,D,0110,15,F,1,1,049157,00.0
DLLS,AC,202105,D,04,07,A,11,0110,1,GS-07,D,0110,15,F,1,1,049157,00.0
DLLS,AC,202105,B,13,07,A,11,0110,1,GS-07,D,0110,15,F,1,1,049157,00.0
DLLS,AC,202105,K,04,05,A,41,0119,3,GS-05,C,XXXX,15,P,2,1,037634,00.0
DLLS,AC,202105,B,13,07,A,41,0110,1,GS-07,D,0110,15,F,1,1,046618,00.0
DLLS,AC,202204,B,13,07,A,11,0110,1,GS-07,E,0110,15,F,1,1,050643,00.8
DLLS,AC,202105,K,04,05,A,53,0119,3,GS-05,C,XXXX,15,P,2,1,037634,00.0
DLLS,AC,202105,B,04,07,A,11,0110,1,GS-07,D,0110,15,F,1,1,049157,00.0
DLLS,AC,202105,B,17,09,A,41,0110,1,GS-09,E,0110,15,F,1,1,057023,00.0
DLLS,AD,202106,D,13,07,A,11,0110,1,GS-07,D,0110,35,F,1,1,049157,00.0
DLLS,AC,202106,C,13,07,A,11,0110,1,GS-07,D,0110,15,F,1,1,049157,00.0
DLLS,AC,202106,H,04,05,A,53,0119,3,GS-05,C,XXXX,15,P,2,1,038632,00.0
DLLS,AC,202106,H,04,05,A,06,0119,3,GS-05,D,XXXX,15,P,2,1,043018,00.0
DLLS,AD,202208,B,13,07,A,42,0110,1,GS-07,D,0110,35,F,1,1,048880,00.0
DLLS,AC,202106,B,17,07,A,42,0110,1,GS-07,D,0110,15,F,1,1,047484,00.0
DLLS,AC,202106,B,13,07,A,42,0110,1,GS-07,D,0110,15,F,1,1,047484,00.0
DLLS,AC,202106,B,13,09,A,11,0110,1,GS-09,F,0110,15,F,1,1,060129,00.0
DLLS,AC,202107,G,13,05,A,36,0119,3,GS-05,D,XXXX,15,P,2,1,040749,00.0
DLLS,AD,202107,B,04,07,A,11,0110,1,GS-07,D,0110,35,F,1,1,049157,00.0
DLLS,AD,202107,D,04,09,A,11,0110,1,GS-09,F,0110,35,F,1,1,060129,00.0
DLLS,AC,202107,C,13,07,A,06,0110,1,GS-07,D,0110,15,F,1,1,049884,00.0
DLLS,AC,202107,B,04,05,A,06,0119,3,GS-05,D,XXXX,15,P,2,1,040271,00.0
DLLS,AD,202107,B,04,07,A,11,0110,1,GS-07,D,0110,35,F,1,1,049157,00.0
DLLS,AD,202107,B,13,07,A,11,0110,1,GS-07,D,0110,35,F,1,1,049157,00.0
DLLS,AD,202107,B,17,09,A,11,0110,1,GS-09,F,0110,35,F,1,1,060129,00.0
DLLS,AD,202107,B,04,09,A,11,0110,1,GS-09,F,0110,35,F,1,1,060129,00.0
DLLS,AD,202107,B,17,09,A,11,0110,1,GS-09,F,0110,35,F,1,1,060129,00.0
DLLS,AD,202108,C,17,09,A,11,0110,1,GS-09,F,0110,35,F,1,1,060129,00.0
DLLS,AD,202108,C,17,09,A,11,0110,1,GS-09,F,0110,35,F,1,1,060129,00.0
DLLS,AD,202108,E,04,09,A,11,0110,1,GS-09,F,0110,35,F,1,1,060129,00.0
DLLS,AD,202108,B,13,07,A,11,0110,1,GS-07,D,0110,35,F,1,1,049157,00.0
DLLS,AC,202108,F,13,05,A,04,0119,3,GS-05,C,XXXX,15,P,2,1,036533,00.0
DLLS,AD,202108,C,17,09,A,11,0110,1,GS-09,F,0110,35,F,1,1,060129,00.0
DLLS,AC,202305,C,13,09,A,11,0110,1,GS-09,F,0110,15,F,1,1,064957,00.0
DLLS,AD,202108,C,17,09,A,11,0110,1,GS-09,F,0110,35,F,1,1,060129,00.0
DLLS,AC,202108,D,17,05,A,36,0119,3,GS-05,D,XXXX,15,P,2,1,040749,00.0
DLLS,AD,202108,B,04,07,A,11,0110,1,GS-07,D,0110,35,F,1,1,049157,00.0
DLLS,AC,202108,C,13,07,A,08,0110,1,GS-07,D,0110,15,F,1,1,047895,00.0
DLLS,AD,202108,B,13,07,A,11,0110,1,GS-07,D,0110,35,F,1,1,049157,00.0
DLLS,AD,202108,B,13,07,A,11,0110,1,GS-07,D,0110,35,F,1,1,049157,00.0
DLLS,AC,202108,E,17,09,A,41,0110,1,GS-09,E,0110,15,F,1,1,057023,00.0
DLLS,AC,202208,F,04,05,A,18,0119,3,GS-05,D,XXXX,15,P,2,1,040153,00.0
DLLS,AC,202108,D,13,07,A,29,0110,1,GS-07,D,0110,15,F,1,1,044323,00.0
DLLS,AC,202108,B,17,09,A,17,0110,1,GS-09,E,0110,15,F,1,1,059258,00.0
DLLS,AD,202108,D,17,07,A,36,0110,1,GS-07,E,0110,35,F,1,1,050476,00.0
DLLS,AC,202203,I,04,05,A,48,0119,3,GS-05,D,XXXX,15,P,2,1,041353,00.0
DLLS,AC,202108,G,04,05,A,06,0119,3,GS-05,D,XXXX,15,P,2,1,043018,00.0
DLLS,AC,202108,C,17,09,A,13,0110,1,GS-09,E,0110,15,F,1,1,056295,00.0
DLLS,AC,202108,J,04,05,A,36,0119,3,GS-05,D,XXXX,15,P,2,1,040749,00.0
DLLS,AC,202108,G,13,05,A,37,0119,3,GS-05,C,XXXX,15,P,2,1,035265,00.0
DLLS,AC,202108,B,13,05,A,24,0119,3,GS-05,C,XXXX,15,P,2,1,039684,00.0
DLLS,AC,202108,D,13,09,A,41,0110,1,GS-09,E,0110,15,F,1,1,057023,00.0
DLLS,AC,202109,F,13,07,A,06,0110,1,GS-07,D,0110,15,F,1,1,049884,00.0
DLLS,AD,202109,B,13,07,A,06,0110,1,GS-07,D,0110,35,F,1,1,049884,00.0
DLLS,AC,202109,H,04,05,A,17,0119,3,GS-05,C,XXXX,15,P,2,1,039109,00.0
DLLS,AC,202109,F,04,05,A,17,0119,3,GS-05,C,XXXX,15,P,2,1,039109,00.0
DLLS,AC,202109,E,21,12,A,11,0110,1,GS-12,K,0110,15,F,1,1,113362,00.0
DLLS,AC,202109,E,04,05,A,21,0119,3,GS-05,C,XXXX,15,P,2,1,035265,00.0
DLLS,AD,202109,D,04,09,A,11,0110,1,GS-09,F,0110,35,F,1,1,060129,00.0
DLLS,AC,202109,H,17,05,A,42,0119,3,GS-05,C,XXXX,15,P,2,1,038334,00.0
DLLS,AD,202109,B,13,07,A,11,0110,1,GS-07,D,0110,35,F,1,1,049157,00.0
DLLS,AC,202109,B,13,07,A,11,0110,1,GS-07,D,0110,15,F,1,1,049157,00.0
DLLS,AD,202109,B,17,07,A,36,0110,1,GS-07,E,0110,35,F,1,1,050476,00.0
DLLS,AC,202109,B,13,07,A,11,0110,1,GS-07,D,0110,15,F,1,1,049157,00.0
DLLS,AC,202109,I,13,05,A,42,0119,3,GS-05,C,XXXX,15,P,2,1,038334,00.0
DLLS,AC,202109,B,13,07,A,11,0110,1,GS-07,D,0110,15,F,1,1,049157,00.0
DLLS,AD,202109,C,17,07,A,48,0110,1,GS-07,D,0110,35,F,1,1,047085,00.0
DLLS,AC,202109,B,17,09,A,11,0110,1,GS-09,F,0110,15,F,1,1,060129,00.0
DLLS,AD,202109,D,17,09,A,06,0110,1,GS-09,F,0110,35,F,1,1,065180,00.0
DLLS,AC,202109,C,17,09,A,11,0110,1,GS-09,F,0110,15,F,1,1,060129,00.0
DLLS,AC,202109,C,13,07,A,48,0110,1,GS-07,E,0110,15,F,1,1,050227,00.0
DLLS,AC,202110,G,04,05,A,06,0119,3,GS-05,D,XXXX,15,P,2,1,040271,00.0
DLLS,AC,202110,J,04,05,A,02,0119,3,GS-05,C,XXXX,15,P,2,1,039438,00.0
DLLS,AC,202110,B,13,07,A,11,0110,1,GS-07,D,0110,15,F,1,1,049157,00.0
DLLS,AC,202212,C,04,05,B,31,0119,3,GS-05,D,XXXX,15,P,2,1,041191,01.1
DLLS,AC,202110,G,04,05,A,53,0119,3,GS-05,C,XXXX,15,P,2,1,038632,00.0
DLLS,AC,202110,C,17,09,A,11,0110,1,GS-09,F,0110,15,F,1,1,060129,00.0
DLLS,AC,202110,D,17,09,A,11,0110,1,GS-09,F,0110,15,F,1,1,060129,00.0
DLLS,AC,202110,B,04,07,A,11,0110,1,GS-07,D,0110,15,F,1,1,049157,00.0
DLLS,AD,202110,E,13,07,A,27,0110,1,GS-07,D,0110,35,F,1,1,046964,00.0
DLLS,AD,202110,B,13,07,A,06,0110,1,GS-07,E,0110,35,F,1,1,053286,00.0
DLLS,AD,202110,B,13,09,A,13,0110,1,GS-09,E,0110,35,F,1,1,056295,00.0
DLLS,AC,202110,G,04,05,A,48,0119,3,GS-05,D,XXXX,15,P,2,1,040548,00.0
DLLS,AC,202111,I,04,05,A,24,0119,3,GS-05,C,XXXX,15,P,2,1,039684,00.0
DLLS,AC,202111,H,04,05,A,24,0119,3,GS-05,C,XXXX,15,P,2,1,039684,00.0
DLLS,AC,202111,F,17,09,A,11,0110,1,GS-09,F,0110,15,F,1,1,060129,00.0
DLLS,AD,202111,B,17,09,A,48,0110,1,GS-09,E,0110,35,F,1,1,057595,00.0
DLLS,AC,202111,D,13,07,A,06,0110,1,GS-07,D,0110,15,F,1,1,049884,00.0
DLLS,AC,202111,D,17,07,A,11,0110,1,GS-07,D,0110,15,F,1,1,049157,00.0
DLLS,AC,202111,E,17,09,A,11,0110,1,GS-09,F,0110,15,F,1,1,060129,00.0
DLLS,AD,202207,F,17,07,A,42,0110,1,GS-07,F,0110,35,F,1,1,060281,00.0
DLLS,AC,202111,H,04,05,A,37,0119,3,GS-05,C,XXXX,15,P,2,1,035718,00.0
DLLS,AC,202205,K,04,05,A,06,0119,3,GS-05,D,XXXX,15,P,2,1,041530,00.0
DLLS,AD,202206,B,13,07,A,51,0110,1,GS-07,E,0110,35,F,1,1,050643,00.5
DLLS,AC,202112,K,04,05,A,42,0119,3,GS-05,C,XXXX,15,P,2,1,038334,00.0
DLLS,AC,202112,D,17,05,A,42,0119,3,GS-05,C,XXXX,15,P,2,1,038334,00.0
DLLS,AC,202112,I,04,05,A,48,0119,3,GS-05,C,XXXX,15,P,2,1,035265,00.0
DLLS,AC,202112,G,04,05,A,06,0119,3,GS-05,D,XXXX,15,P,2,1,040271,00.0
DLLS,AC,202112,K,04,05,A,53,0119,3,GS-05,E,XXXX,15,P,2,1,050224,00.0
DLLS,AD,202112,B,17,07,A,48,0110,1,GS-07,D,0110,35,F,1,1,047085,00.0
DLLS,AD,202201,B,13,07,A,25,0110,1,GS-07,E,0110,35,F,1,1,050089,00.0
DLLS,AC,202201,H,04,05,A,37,0119,3,GS-05,C,XXXX,15,P,2,1,036118,00.0
DLLS,AC,202112,I,04,05,A,06,0119,3,GS-05,D,XXXX,15,P,2,1,043018,00.0
DLLS,AD,202201,B,13,07,A,48,0110,1,GS-07,D,0110,35,F,1,1,048391,00.0
DLLS,AD,202201,B,17,09,A,36,0110,1,GS-09,F,0110,35,F,1,1,063609,00.0
DLLS,AC,202201,I,04,05,A,04,0119,3,GS-05,C,XXXX,15,P,2,1,037561,00.0
DLLS,AC,202201,J,04,05,A,39,0119,3,GS-05,C,XXXX,15,P,2,1,037592,00.0
DLLS,AD,202201,D,17,09,A,11,0110,1,GS-09,F,0110,35,F,1,1,061947,00.0
DLLS,AC,202201,J,17,05,A,06,0119,3,GS-05,D,XXXX,15,P,2,1,044368,00.0
DLLS,AC,202201,K,04,05,A,06,0119,3,GS-05,D,XXXX,15,P,2,1,044368,00.0
DLLS,AD,202202,C,17,09,A,17,0110,1,GS-09,F,0110,35,F,1,1,060840,00.0
DLLS,AC,202202,K,17,05,A,37,0119,3,GS-05,C,XXXX,15,P,2,1,036118,00.0
DLLS,AD,202202,B,17,07,A,17,0110,1,GS-07,D,0110,35,F,1,1,049738,00.0
DLLS,AD,202202,B,13,07,A,48,0110,1,GS-07,D,0110,35,F,1,1,048391,00.0
DLLS,AC,202202,K,04,05,A,12,0119,3,GS-05,C,XXXX,15,P,2,1,036118,00.0
DLLS,AC,202202,H,04,05,A,55,0119,3,GS-05,C,XXXX,15,P,2,1,037710,00.0
DLLS,AC,202202,C,04,05,A,36,0119,3,GS-05,D,XXXX,15,P,2,1,041981,00.0
DLLS,AC,202202,G,13,05,A,48,0119,3,GS-05,C,XXXX,15,P,2,1,036488,00.0
DLLS,AC,202202,J,17,05,A,19,0119,3,GS-05,C,XXXX,15,P,2,1,036345,00.0
DLLS,AD,202202,B,13,07,A,17,0110,1,GS-07,D,0110,35,F,1,1,049738,00.0
DLLS,AC,202202,C,04,05,A,36,0119,3,GS-05,D,XXXX,15,P,2,1,041981,00.0
DLLS,AC,202202,B,13,07,A,41,0110,1,GS-07,D,0110,15,F,1,1,047875,00.0
DLLS,AC,202203,J,04,05,A,01,0119,3,GS-05,C,XXXX,15,P,2,1,036118,00.0
DLLS,AC,202203,E,13,07,D,48,0110,1,GS-07,D,0110,15,F,1,1,045199,07.8
DLLS,AD,202203,C,13,07,A,25,0110,1,GS-07,E,0110,35,F,1,1,050089,00.0
DLLS,AD,202203,B,13,07,A,36,0110,1,GS-07,E,0110,35,F,1,1,052002,00.0
DLLS,AC,202203,B,04,07,A,11,0110,1,GS-07,E,0110,15,F,1,1,050643,00.0
DLLS,AC,202203,K,04,05,D,47,0119,3,GS-05,D,XXXX,15,P,2,1,046953,07.8
DLLS,AC,202203,C,17,09,A,06,0110,1,GS-09,F,0110,15,F,1,1,062926,00.0
DLLS,AC,202204,B,13,07,A,06,0110,1,GS-07,E,0110,15,F,1,1,054959,00.0
DLLS,AC,202204,D,13,11,A,51,0110,1,GS-11,G,0110,15,F,1,1,074950,00.0
DLLS,AD,202204,B,13,07,A,25,0110,1,GS-07,E,0110,35,F,1,1,050089,00.0
DLLS,AC,202204,B,13,07,A,11,0110,1,GS-07,E,0110,15,F,1,1,050643,00.0
DLLS,AD,202204,B,13,07,A,42,0110,1,GS-07,D,0110,35,F,1,1,048880,00.0
DLLS,AC,202204,I,04,05,A,13,0119,3,GS-05,C,XXXX,15,P,2,1,038117,00.0
DLLS,AC,202204,E,04,05,A,06,0119,3,GS-05,C,XXXX,15,P,2,1,039569,00.0
DLLS,AD,202204,B,17,07,A,42,0110,1,GS-07,D,0110,35,F,1,1,048880,00.0
DLLS,AC,202204,J,04,05,A,37,0119,3,GS-05,C,XXXX,15,P,2,1,036697,00.0
DLLS,AC,202204,H,04,05,A,39,0119,3,GS-05,C,XXXX,15,P,2,1,037688,00.0
DLLS,AC,202204,B,13,07,A,11,0110,1,GS-07,E,0110,15,F,1,1,050643,00.0
DLLS,AC,202205,G,17,05,A,42,0119,3,GS-05,C,XXXX,15,P,2,1,039460,00.0
DLLS,AC,202205,H,04,05,A,26,0119,3,GS-05,C,XXXX,15,P,2,1,039743,00.0
DLLS,AD,202308,B,17,09,A,34,0110,1,GS-09,F,0110,35,F,1,1,066757,00.0
DLLS,AC,202205,D,04,05,A,06,0119,3,GS-05,D,XXXX,15,P,2,1,040678,00.0
DLLS,AD,202206,B,13,07,A,42,0110,1,GS-07,D,0110,35,F,1,1,048880,00.0
DLLS,AC,202206,K,04,05,A,37,0119,3,GS-05,C,XXXX,15,P,2,1,036118,00.0
DLLS,AC,202206,B,13,07,A,11,0110,1,GS-07,E,0110,15,F,1,1,050643,00.0
DLLS,AC,202206,G,04,05,A,40,0119,3,GS-05,C,XXXX,15,P,2,1,036118,00.0
DLLS,AC,202206,C,13,07,A,06,0110,1,GS-07,E,0110,15,F,1,1,054959,00.0
DLLS,AC,202206,B,13,07,A,11,0110,1,GS-07,E,0110,15,F,1,1,050643,00.0
DLLS,AD,202206,B,13,07,A,11,0110,1,GS-07,E,0110,35,F,1,1,050643,00.0
DLLS,AD,202206,B,13,07,A,36,0110,1,GS-07,E,0110,35,F,1,1,052002,00.0
DLLS,AD,202206,B,13,07,A,42,0110,1,GS-07,D,0110,35,F,1,1,048880,00.0
DLLS,AD,202206,B,13,07,A,42,0110,1,GS-07,D,0110,35,F,1,1,046165,00.0
DLLS,AD,202206,B,13,07,A,11,0110,1,GS-07,E,0110,35,F,1,1,050643,00.0
DLLS,AD,202206,B,13,07,A,01,0110,1,GS-07,D,0110,35,F,1,1,044740,00.0
DLLS,AC,202206,K,04,05,A,06,0119,3,GS-05,D,XXXX,15,P,2,1,041530,00.0
DLLS,AD,202206,B,13,07,A,17,0110,1,GS-07,D,0110,35,F,1,1,049738,00.0
DLLS,AC,202206,H,04,05,A,53,0119,3,GS-05,C,XXXX,15,P,2,1,039873,00.0
DLLS,AD,202207,C,17,07,A,24,0110,1,GS-07,E,0110,35,F,1,1,050643,00.0
DLLS,AD,202207,D,17,09,A,25,0110,1,GS-09,F,0110,35,F,1,1,061268,00.0
DLLS,AD,202207,B,13,07,A,11,0110,1,GS-07,E,0110,35,F,1,1,050643,00.0
DLLS,AD,202207,F,13,07,A,17,0110,1,GS-07,D,0110,35,F,1,1,049738,00.0
DLLS,AD,202207,C,13,07,A,11,0110,1,GS-07,E,0110,35,F,1,1,050643,00.0
DLLS,AD,202207,B,13,07,A,29,0110,1,GS-07,D,0110,35,F,1,1,044740,00.0
DLLS,AD,202207,C,13,07,A,25,0110,1,GS-07,E,0110,35,F,1,1,050089,00.0
DLLS,AD,202207,B,13,07,A,33,0110,1,GS-07,D,0110,35,F,1,1,044740,00.0
DLLS,AD,202207,C,13,07,A,25,0110,1,GS-07,E,0110,35,F,1,1,050089,00.0
DLLS,AD,202207,F,13,07,A,36,0110,1,GS-07,E,0110,35,F,1,1,052002,00.0
DLLS,AD,202207,C,17,07,A,36,0110,1,GS-07,E,0110,35,F,1,1,052002,00.0
DLLS,AD,202207,I,13,07,A,36,0110,1,GS-07,D,0110,35,F,1,1,046504,00.0
DLLS,AD,202207,D,17,07,A,36,0110,1,GS-07,E,0110,35,F,1,1,052002,00.0
DLLS,AD,202207,C,13,07,A,42,0110,1,GS-07,D,0110,35,F,1,1,048880,00.0
DLLS,AC,202207,D,17,09,A,13,0110,1,GS-09,E,0110,15,F,1,1,057755,00.0
DLLS,AD,202207,B,13,07,A,24,0110,1,GS-07,E,0110,35,F,1,1,050643,00.0
DLLS,AD,202207,B,13,07,A,11,0110,1,GS-07,E,0110,35,F,1,1,050643,00.0
DLLS,AC,202207,C,21,12,A,11,0110,1,GS-12,K,0110,15,F,1,1,116788,00.0
DLLS,AC,202207,E,04,05,A,17,0119,3,GS-05,D,XXXX,15,P,2,1,040153,00.0
DLLS,AD,202207,C,17,09,A,11,0110,1,GS-09,F,0110,35,F,1,1,061947,00.0
DLLS,AD,202207,C,17,09,A,11,0110,1,GS-09,F,0110,35,F,1,1,061947,00.0
DLLS,AC,202207,K,04,05,A,11,0119,3,GS-05,E,XXXX,15,P,2,1,051785,00.0
DLLS,AD,202207,D,17,09,A,06,0110,1,GS-09,F,0110,35,F,1,1,062926,00.0
DLLS,AC,202204,E,04,05,A,06,0119,3,GS-05,C,XXXX,15,P,2,1,039569,00.0
DLLS,AD,202207,B,13,07,A,06,0110,1,GS-07,E,0110,35,F,1,1,051444,00.0
DLLS,AD,202207,B,13,07,A,06,0110,1,GS-07,E,0110,35,F,1,1,051444,00.0
DLLS,AD,202207,C,17,09,A,42,0110,1,GS-09,E,0110,35,F,1,1,056469,00.0
DLLS,AD,202207,B,17,07,A,48,0110,1,GS-07,E,0110,35,F,1,1,051579,00.0
DLLS,AC,202207,H,04,05,A,05,0119,3,GS-05,C,XXXX,15,P,2,1,036118,00.0
DLLS,AC,202207,G,04,05,A,53,0119,3,GS-05,C,XXXX,15,P,2,1,039873,00.0
DLLS,AC,202207,E,04,05,A,04,0119,3,GS-05,C,XXXX,15,P,2,1,036118,00.0
DLLS,AD,202207,B,04,07,A,29,0110,1,GS-07,D,0110,35,F,1,1,045306,00.0
DLLS,AC,202207,C,13,07,A,06,0110,1,GS-07,E,0110,15,F,1,1,054959,00.0
DLLS,AC,202207,C,17,09,A,06,0110,1,GS-09,F,0110,15,F,1,1,062926,00.0
DLLS,AD,202207,C,17,07,A,06,0110,1,GS-07,E,0110,35,F,1,1,051444,00.0
DLLS,AC,202207,D,17,09,A,06,0110,1,GS-09,F,0110,15,F,1,1,062926,00.0
DLLS,AD,202207,B,09,09,A,17,0110,1,GS-09,F,0110,35,F,1,1,060840,00.0
DLLS,AD,202208,B,13,07,A,48,0110,1,GS-07,D,0110,35,F,1,1,048391,00.0
DLLS,AC,202208,F,04,05,A,42,0119,3,GS-05,C,XXXX,15,P,2,1,037269,00.0
DLLS,AD,202208,C,17,09,A,17,0110,1,GS-09,F,0110,35,F,1,1,060840,00.0
DLLS,AD,202208,B,13,07,A,12,0110,1,GS-07,D,0110,35,F,1,1,044740,00.0
DLLS,AC,202208,B,13,07,A,18,0110,1,GS-07,D,0110,15,F,1,1,044740,00.0
DLLS,AD,202208,B,13,07,A,42,0110,1,GS-07,D,0110,35,F,1,1,048880,00.0
DLLS,AC,202208,F,04,05,A,12,0119,3,GS-05,C,XXXX,15,P,2,1,036118,00.0
DLLS,AD,202208,B,13,07,A,17,0110,1,GS-07,D,0110,35,F,1,1,049738,00.0
DLLS,AC,202208,G,04,05,A,12,0119,3,GS-05,C,XXXX,15,P,2,1,036118,00.0
DLLS,AD,202208,D,13,07,A,06,0110,1,GS-07,E,0110,35,F,1,1,054959,00.0
DLLS,AD,202208,C,04,07,A,53,0110,1,GS-07,D,0110,35,F,1,1,049392,00.0
DLLS,AC,202208,B,13,07,A,08,0110,1,GS-07,D,0110,15,F,1,1,049322,00.0
DLLS,AC,202208,E,13,05,A,**,0119,3,GS-05,D,XXXX,15,P,2,1,041981,00.0
DLLS,AC,202208,H,04,05,A,34,0119,3,GS-05,D,XXXX,15,P,2,1,041981,00.0
DLLS,AC,202208,B,04,05,A,34,0119,3,GS-05,D,XXXX,15,P,2,1,041981,00.0
DLLS,AC,202208,B,13,07,A,51,0110,1,GS-07,E,0110,15,F,1,1,050643,00.0
DLLS,AC,202208,H,04,05,A,13,0119,3,GS-05,C,XXXX,15,P,2,1,038117,00.0
DLLS,AD,202208,B,13,07,A,42,0110,1,GS-07,D,0110,35,F,1,1,048880,00.0
DLLS,AD,202208,B,13,07,A,42,0110,1,GS-07,D,0110,35,F,1,1,048880,00.0
DLLS,AC,202208,G,21,07,A,17,0110,1,GS-07,D,0110,15,F,1,1,049738,00.0
DLLS,AC,202208,B,13,07,A,26,0110,1,GS-07,D,0110,15,F,1,1,049230,00.0
DLLS,AC,202208,G,04,05,A,26,0119,3,GS-05,C,XXXX,15,P,2,1,039743,00.0
DLLS,AC,202208,B,04,05,A,26,0119,3,GS-05,C,XXXX,15,P,2,1,039743,00.0
DLLS,AD,202208,B,13,07,A,29,0110,1,GS-07,D,0110,35,F,1,1,045306,00.0
DLLS,AC,202208,D,04,05,A,13,0119,3,GS-05,C,XXXX,15,P,2,1,038117,00.0
DLLS,AD,202208,B,13,07,A,06,0110,1,GS-07,E,0110,35,F,1,1,054959,00.0
DLLS,AD,202208,G,17,07,A,37,0110,1,GS-07,D,0110,35,F,1,1,046566,00.0
DLLS,AD,202208,B,13,07,A,06,0110,1,GS-07,E,0110,35,F,1,1,054959,00.0
DLLS,AD,202208,B,17,09,A,12,0110,1,GS-09,E,0110,35,F,1,1,054727,00.0
DLLS,AD,202208,B,13,07,A,06,0110,1,GS-07,E,0110,35,F,1,1,051444,00.0
DLLS,AC,202309,C,04,05,A,04,0119,3,GS-05,C,XXXX,15,P,2,1,037696,00.0
DLLS,AD,202209,B,13,07,A,25,0110,1,GS-07,E,0110,35,F,1,1,050089,00.0
DLLS,AC,202209,B,13,07,A,51,0110,1,GS-07,E,0110,15,F,1,1,050643,00.0
DLLS,AD,202209,B,13,07,A,13,0110,1,GS-07,D,0110,35,F,1,1,047216,00.0
DLLS,AD,202209,B,17,07,A,36,0110,1,GS-07,E,0110,35,F,1,1,052002,00.0
DLLS,AC,202209,B,13,09,A,36,0110,1,GS-09,F,0110,15,F,1,1,063609,00.0
DLLS,AC,202209,F,04,05,A,34,0119,3,GS-05,D,XXXX,15,P,2,1,041981,00.0
DLLS,AC,202209,B,13,07,A,42,0110,1,GS-07,D,0110,15,F,1,1,048880,00.0
DLLS,AC,202209,C,17,09,A,11,0110,1,GS-09,F,0110,15,F,1,1,061947,00.0
DLLS,AD,202209,B,13,07,A,48,0110,1,GS-07,D,0110,35,F,1,1,048391,00.0
DLLS,AC,202209,F,17,09,A,17,0110,1,GS-09,F,0110,15,F,1,1,060840,00.0
DLLS,AD,202209,B,13,07,A,17,0110,1,GS-07,D,0110,35,F,1,1,049738,00.0
DLLS,AC,202209,I,04,05,A,39,0119,3,GS-05,C,XXXX,15,P,2,1,037514,00.0
DLLS,AD,202209,D,17,09,A,48,0110,1,GS-09,F,0110,35,F,1,1,063091,00.0
DLLS,AC,202209,C,13,07,A,11,0110,1,GS-07,E,0110,15,F,1,1,050643,00.0
DLLS,AD,202209,B,17,07,A,48,0110,1,GS-07,D,0110,35,F,1,1,048391,00.0
DLLS,AD,202209,D,17,09,A,26,0110,1,GS-09,F,0110,35,F,1,1,060218,00.0
DLLS,AD,202209,B,13,07,A,36,0110,1,GS-07,E,0110,35,F,1,1,052002,00.0
DLLS,AC,202209,D,04,05,A,11,0119,3,GS-05,D,XXXX,15,P,2,1,040883,00.0
DLLS,AD,202209,B,13,07,A,13,0110,1,GS-07,D,0110,35,F,1,1,047216,00.0
DLLS,AC,202209,E,13,07,A,51,0110,1,GS-07,E,0110,15,F,1,1,050643,00.0
DLLS,AD,202209,B,13,07,A,13,0110,1,GS-07,D,0110,35,F,1,1,047216,00.0
DLLS,AC,202209,B,13,07,A,25,0110,1,GS-07,E,0110,15,F,1,1,050089,00.0
DLLS,AC,202209,K,04,05,A,40,0119,3,GS-05,C,XXXX,15,P,2,1,036118,00.0
DLLS,AD,202209,B,13,07,A,53,0110,1,GS-07,D,0110,35,F,1,1,047875,00.0
DLLS,AC,202209,E,17,09,A,12,0110,1,GS-09,E,0110,15,F,1,1,054727,00.0
DLLS,AD,202210,B,17,07,A,17,0110,1,GS-07,D,0110,35,F,1,1,049738,00.0
DLLS,AC,202210,F,04,05,A,40,0119,3,GS-05,C,XXXX,15,P,2,1,036118,00.0
DLLS,AD,202210,B,13,07,A,27,0110,1,GS-07,D,0110,35,F,1,1,048317,00.0
DLLS,AC,202210,H,04,05,A,12,0119,3,GS-05,C,XXXX,15,P,2,1,036118,00.0
DLLS,AC,202210,B,17,07,A,42,0110,1,GS-07,D,0110,15,F,1,1,048880,00.0
DLLS,AC,202210,B,13,07,A,24,0110,1,GS-07,E,0110,15,F,1,1,050643,00.0
DLLS,AD,202210,B,17,09,A,06,0110,1,GS-09,F,0110,35,F,1,1,067226,00.0
DLLS,AD,202210,B,13,07,A,06,0110,1,GS-07,E,0110,35,F,1,1,051444,00.0
DLLS,AC,202211,F,13,05,A,04,0119,3,GS-05,C,XXXX,15,P,2,1,037561,00.0
DLLS,AD,202302,B,13,07,A,17,0110,1,GS-07,E,0110,35,F,1,1,052022,00.2
DLLS,AD,202212,B,13,07,A,42,0110,1,GS-07,D,0110,35,F,1,1,048880,00.0
DLLS,AD,202212,B,13,07,A,06,0110,1,GS-07,E,0110,35,F,1,1,054959,00.0
DLLS,AD,202212,B,13,07,A,13,0110,1,GS-07,D,0110,35,F,1,1,047216,00.0
DLLS,AD,202212,C,17,09,A,04,0110,1,GS-09,E,0110,35,F,1,1,056912,00.0
DLLS,AD,202212,B,13,07,A,06,0110,1,GS-07,E,0110,35,F,1,1,054959,00.0
DLLS,AD,202212,B,13,07,A,39,0110,1,GS-07,D,0110,35,F,1,1,046566,00.0
DLLS,AD,202301,B,04,07,A,48,0110,1,GS-07,E,0110,35,F,1,1,050652,00.0
DLLS,AD,202301,B,13,07,A,48,0110,1,GS-07,E,0110,35,F,1,1,050652,00.0
DLLS,AC,202301,C,13,05,A,06,0119,3,GS-05,D,XXXX,15,P,2,1,046643,00.0
DLLS,AD,202301,B,13,07,A,41,0110,1,GS-07,E,0110,35,F,1,1,050094,00.0
DLLS,AC,202301,D,04,05,A,17,0119,3,GS-05,D,XXXX,15,P,2,1,041996,00.0
DLLS,AC,202301,E,13,05,A,06,0119,3,GS-05,D,XXXX,15,P,2,1,043646,00.0
DLLS,AC,202306,B,13,09,A,11,0110,1,GS-09,F,0110,15,F,1,1,064957,00.0
DLLS,AC,202301,F,10,05,A,48,0119,3,GS-05,C,XXXX,15,P,2,1,037696,00.0
DLLS,AC,202301,H,04,05,B,47,0119,3,GS-05,D,XXXX,15,P,2,1,047752,02.0
DLLS,AD,202301,C,13,07,A,39,0110,1,GS-07,D,0110,35,F,1,1,048776,00.0
DLLS,AD,202301,B,13,07,A,06,0110,1,GS-07,E,0110,35,F,1,1,054067,00.0
DLLS,AC,202301,H,04,05,A,34,0119,3,GS-05,D,XXXX,15,P,2,1,044057,00.0
DLLS,AC,202301,C,04,05,A,24,0119,3,GS-05,D,XXXX,15,P,2,1,042870,00.0
DLLS,AD,202301,E,17,09,A,20,0110,1,GS-09,E,0110,35,F,1,1,057941,00.0
DLLS,AD,202301,B,17,09,A,11,0110,1,GS-09,F,0110,35,F,1,1,064957,00.0
DLLS,AC,202301,I,04,05,A,34,0119,3,GS-05,D,XXXX,15,P,2,1,044057,00.0
DLLS,AC,202301,B,13,07,A,06,0110,1,GS-07,E,0110,15,F,1,1,054067,00.0
DLLS,AC,202302,I,04,05,A,26,0119,3,GS-05,D,XXXX,15,P,2,1,041537,00.0
DLLS,AD,202302,C,17,09,A,21,0110,1,GS-09,E,0110,35,F,1,1,057118,00.0
DLLS,AD,202302,B,13,07,A,17,0110,1,GS-07,E,0110,35,F,1,1,052022,00.0
DLLS,AC,202302,C,13,07,A,29,0110,1,GS-07,D,0110,15,F,1,1,047369,00.0
DLLS,AC,202302,G,10,05,A,06,0119,3,GS-05,D,XXXX,15,P,2,1,043646,00.0
DLLS,AC,202302,B,13,07,A,13,0110,1,GS-07,D,0110,15,F,1,1,049309,00.0
DLLS,AC,202303,E,04,05,A,11,0119,3,GS-05,D,XXXX,15,P,2,1,042870,00.0
DLLS,AD,202303,B,13,07,A,13,0110,1,GS-07,D,0110,35,F,1,1,049309,00.0
DLLS,AC,202303,H,17,09,A,06,0110,1,GS-09,G,0110,15,F,1,1,070674,00.0
DLLS,AC,202303,B,13,07,A,06,0110,1,GS-07,E,0110,15,F,1,1,057778,00.0
DLLS,AC,202304,F,13,05,A,25,0119,3,GS-05,D,XXXX,15,P,2,1,042404,00.0
DLLS,AC,202304,K,17,05,A,34,0119,3,GS-05,D,XXXX,15,P,2,1,044057,00.0
DLLS,AC,202304,B,13,07,A,42,0110,1,GS-07,E,0110,15,F,1,1,051241,00.0
DLLS,AC,202304,C,04,05,A,42,0119,3,GS-05,D,XXXX,15,P,2,1,041365,00.0
DLLS,AC,202304,B,04,05,A,11,0119,3,GS-05,D,XXXX,15,P,2,1,042870,00.0
DLLS,AC,202304,G,17,05,A,37,0119,3,GS-05,C,XXXX,15,P,2,1,037696,00.0
DLLS,AC,202304,B,17,09,A,51,0110,1,GS-09,F,0110,15,F,1,1,064957,00.0
DLLS,AC,202304,C,17,09,A,24,0110,1,GS-09,F,0110,15,F,1,1,064957,00.0
DLLS,AC,202309,G,04,05,A,53,0119,3,GS-05,D,XXXX,15,P,2,1,041925,00.0
DLLS,AD,202304,B,13,07,A,25,0110,1,GS-07,E,0110,35,F,1,1,052527,00.0
DLLS,AC,202304,F,13,13,A,25,0110,1,GS-13,K,0110,15,F,1,1,110798,00.0
DLLS,AC,202304,C,21,05,A,36,0119,3,GS-05,D,XXXX,15,P,2,1,044057,00.0
DLLS,AC,202304,J,04,05,D,34,0119,3,GS-05,E,XXXX,15,P,2,1,057280,08.8
DLLS,AC,202304,C,13,05,A,34,0119,3,GS-05,D,XXXX,15,P,2,1,044057,00.0
DLLS,AC,202304,B,13,09,A,33,0110,1,GS-09,F,0110,15,F,1,1,064251,00.0
DLLS,AC,202304,C,17,09,A,06,0110,1,GS-09,F,0110,15,F,1,1,066134,00.0
DLLS,AC,202304,G,13,11,A,13,0110,1,GS-11,G,0110,15,F,1,1,072974,00.0
DLLS,AD,202304,C,13,07,A,06,0110,1,GS-07,E,0110,35,F,1,1,057778,00.0
DLLS,AD,202304,B,13,07,A,48,0110,1,GS-07,E,0110,35,F,1,1,050652,00.0
DLLS,AC,202304,C,17,09,A,48,0110,1,GS-09,F,0110,15,F,1,1,061957,00.0
DLLS,AC,202305,K,04,05,A,09,0119,3,GS-05,D,XXXX,15,P,2,1,042359,00.0
DLLS,AD,202305,B,13,07,A,25,0110,1,GS-07,E,0110,35,F,1,1,052527,00.0
DLLS,AD,202305,B,13,07,A,48,0110,1,GS-07,E,0110,35,F,1,1,053898,00.0
DLLS,AC,202305,B,13,05,A,42,0119,3,GS-05,D,XXXX,15,P,2,1,041365,00.0
DLLS,AD,202305,B,13,07,A,08,0110,1,GS-07,E,0110,35,F,1,1,051726,00.0
DLLS,AD,202305,B,17,09,A,36,0110,1,GS-09,F,0110,35,F,1,1,066757,00.0
DLLS,AC,202305,B,13,05,A,**,0119,3,GS-05,D,XXXX,15,P,2,1,044057,00.0
DLLS,AC,202305,B,13,07,A,48,0110,1,GS-07,E,0110,15,F,1,1,050652,00.0
DLLS,AC,202305,C,13,07,A,48,0110,1,GS-07,E,0110,15,F,1,1,050652,00.0
DLLS,AC,202305,I,04,05,A,24,0119,3,GS-05,D,XXXX,15,P,2,1,042870,00.0
DLLS,AD,202305,B,13,07,A,48,0110,1,GS-07,E,0110,35,F,1,1,050652,00.0
DLLS,AD,202305,B,17,07,A,25,0110,1,GS-07,E,0110,35,F,1,1,052527,00.0
DLLS,AC,202305,B,04,05,A,06,0119,3,GS-05,C,XXXX,15,P,2,1,037696,00.0
DLLS,AC,202305,D,13,05,A,11,0119,3,GS-05,D,XXXX,15,P,2,1,042870,00.0
DLLS,AC,202305,B,13,07,A,48,0110,1,GS-07,E,0110,15,F,1,1,050652,00.0
DLLS,AC,202306,I,17,05,A,42,0119,3,GS-05,D,XXXX,15,P,2,1,041365,00.0
DLLS,AC,202306,D,13,05,A,11,0119,3,GS-05,D,XXXX,15,P,2,1,042870,00.0
DLLS,AD,202306,B,13,07,A,25,0110,1,GS-07,E,0110,35,F,1,1,052527,00.0
DLLS,AC,202306,E,04,05,A,22,0119,3,GS-05,C,XXXX,15,P,2,1,037696,00.0
DLLS,AC,202306,E,07,05,A,53,0119,3,GS-05,C,XXXX,15,P,2,1,037696,00.0
DLLS,AC,202306,G,04,05,A,06,0119,3,GS-05,D,XXXX,15,P,2,1,041514,00.0
DLLS,AC,202306,H,13,05,A,15,0119,3,GS-05,C,XXXX,15,P,2,1,039207,00.0
DLLS,AD,202306,B,13,07,A,48,0110,1,GS-07,E,0110,35,F,1,1,050652,00.0
DLLS,AC,202306,D,17,05,A,48,0119,3,GS-05,C,XXXX,15,P,2,1,037696,00.0
DLLS,AC,202306,G,13,05,A,39,0119,3,GS-05,C,XXXX,15,P,2,1,039019,00.0
DLLS,AC,202306,J,04,05,A,12,0119,3,GS-05,C,XXXX,15,P,2,1,037696,00.0
DLLS,AC,202306,J,21,05,A,06,0119,3,GS-05,E,XXXX,15,P,2,1,056746,00.0
DLLS,AC,202306,C,17,09,A,48,0110,1,GS-09,F,0110,15,F,1,1,065928,00.0
DLLS,AC,202307,B,04,09,A,11,0110,1,GS-09,F,0110,15,F,1,1,064957,00.0
DLLS,AD,202307,B,13,07,A,11,0110,1,GS-07,E,0110,35,F,1,1,053105,00.0
DLLS,AC,202307,B,13,07,A,24,0110,1,GS-07,E,0110,15,F,1,1,053105,00.0
DLLS,AD,202307,B,13,07,A,17,0110,1,GS-07,E,0110,35,F,1,1,052022,00.0
DLLS,AD,202307,B,13,07,A,55,0110,1,GS-07,D,0110,35,F,1,1,048796,00.0
DLLS,AD,202307,B,13,07,A,27,0110,1,GS-07,E,0110,35,F,1,1,050660,00.0
DLLS,AC,202307,C,17,07,A,11,0110,1,GS-07,E,0110,15,F,1,1,053105,00.0
DLLS,AC,202307,E,17,09,A,53,0110,1,GS-09,F,0110,15,F,1,1,061275,00.0
DLLS,AD,202307,B,13,07,A,25,0110,1,GS-07,E,0110,35,F,1,1,052527,00.0
DLLS,AD,202307,B,13,07,A,42,0110,1,GS-07,E,0110,35,F,1,1,051241,00.0
DLLS,AD,202307,C,17,09,A,13,0110,1,GS-09,F,0110,35,F,1,1,060314,00.0
DLLS,AC,202307,B,17,09,A,42,0110,1,GS-09,E,0110,15,F,1,1,057118,00.0
DLLS,AC,202307,C,13,07,A,13,0110,1,GS-07,D,0110,15,F,1,1,049309,00.0
DLLS,AC,202307,D,13,05,A,12,0119,3,GS-05,D,XXXX,15,P,2,1,040168,00.0
DLLS,AD,202307,B,13,07,A,08,0110,1,GS-07,E,0110,35,F,1,1,051726,00.0
DLLS,AD,202307,B,13,07,A,48,0110,1,GS-07,E,0110,35,F,1,1,050652,00.0
DLLS,AC,202307,D,17,05,A,06,0119,3,GS-05,D,XXXX,15,P,2,1,043646,00.0
DLLS,AD,202307,F,21,09,A,12,0110,1,GS-09,E,0110,35,F,1,1,057118,00.0
DLLS,AD,202307,B,13,07,A,21,0110,1,GS-07,D,0110,35,F,1,1,046696,00.0
DLLS,AD,202307,B,13,07,A,41,0110,1,GS-07,E,0110,35,F,1,1,050094,00.0
DLLS,AD,202307,B,13,07,A,41,0110,1,GS-07,E,0110,35,F,1,1,050094,00.0
DLLS,AC,202307,D,17,09,A,06,0110,1,GS-09,G,0110,15,F,1,1,070674,00.0
DLLS,AC,202307,B,13,07,A,48,0110,1,GS-07,E,0110,15,F,1,1,050652,00.0
DLLS,AD,202308,D,17,09,A,**,0110,1,GS-09,F,0110,35,F,1,1,066757,00.0
DLLS,AC,202308,D,17,07,A,36,0110,1,GS-07,E,0110,15,F,1,1,054576,00.0
DLLS,AD,202308,B,13,07,A,11,0110,1,GS-07,E,0110,35,F,1,1,053105,00.0
DLLS,AD,202308,B,17,09,A,13,0110,1,GS-09,F,0110,35,F,1,1,060314,00.0
DLLS,AD,202308,B,13,07,A,11,0110,1,GS-07,E,0110,35,F,1,1,053105,00.0
DLLS,AC,202308,I,17,05,A,06,0119,3,GS-05,D,XXXX,15,P,2,1,043646,00.0
DLLS,AD,202308,B,13,07,A,06,0110,1,GS-07,E,0110,35,F,1,1,057778,00.0
DLLS,AD,202308,B,13,07,A,35,0110,1,GS-07,D,0110,35,F,1,1,047148,00.0
DLLS,AD,202308,B,13,07,A,36,0110,1,GS-07,E,0110,35,F,1,1,054576,00.0
DLLS,AC,202308,F,13,05,A,36,0119,3,GS-05,D,XXXX,15,P,2,1,044057,00.0
DLLS,AC,202308,G,04,05,A,12,0119,3,GS-05,C,XXXX,15,P,2,1,037696,00.0
DLLS,AC,202308,C,13,07,A,48,0110,1,GS-07,E,0110,15,F,1,1,050652,00.0
DLLS,AC,202308,I,17,05,A,55,0119,3,GS-05,D,XXXX,15,P,2,1,040896,00.0
DLLS,AD,202308,B,13,07,A,27,0110,1,GS-07,E,0110,35,F,1,1,050660,00.0
DLLS,AC,202308,B,13,07,A,29,0110,1,GS-07,D,0110,15,F,1,1,047738,00.0
DLLS,AC,202308,C,04,07,A,48,0110,1,GS-07,E,0110,15,F,1,1,050652,00.0
DLLS,AD,202308,B,13,07,A,06,0110,1,GS-07,E,0110,35,F,1,1,057778,00.0
DLLS,AC,202308,B,17,07,A,48,0110,1,GS-07,E,0110,15,F,1,1,050652,00.0
DLLS,AD,202308,B,13,07,A,08,0110,1,GS-07,E,0110,35,F,1,1,051726,00.0
DLLS,AD,202308,B,13,07,A,08,0110,1,GS-07,E,0110,35,F,1,1,051726,00.0
DLLS,AC,202309,H,17,05,A,06,0119,3,GS-05,D,XXXX,15,P,2,1,046643,00.0
DLLS,AD,202309,B,13,07,A,08,0110,1,GS-07,D,0110,35,F,1,1,047742,00.0
DLLS,AD,202309,B,13,07,A,39,0110,1,GS-07,D,0110,35,F,1,1,048776,00.0
DLLS,AD,202309,B,13,07,A,17,0110,1,GS-07,E,0110,35,F,1,1,052022,00.0
DLLS,AC,202309,B,13,07,A,13,0110,1,GS-07,D,0110,15,F,1,1,049309,00.0
DLLS,AC,202309,B,13,07,A,06,0110,1,GS-07,E,0110,15,F,1,1,057778,00.0
DLLS,AC,202309,E,04,05,A,48,0119,3,GS-05,C,XXXX,15,P,2,1,037696,00.0
DLLS,AC,202309,D,17,11,A,08,0110,1,GS-11,G,0110,15,F,1,1,076551,00.0
DLLS,AC,202309,H,04,05,A,42,0119,3,GS-05,D,XXXX,15,P,2,1,041365,00.0
DLLS,AD,202309,B,13,07,A,42,0110,1,GS-07,E,0110,35,F,1,1,051241,00.0
DLLS,AC,201910,J,17,05,D,02,0119,3,GS-05,D,XXXX,15,P,2,1,049174,08.7
DLLS,AC,202009,C,13,05,A,36,0119,3,GS-05,E,XXXX,15,P,2,1,052452,00.0
DLMS,AA,202201,J,21,15,I,51,0110,1,GS-15,Q,0110,10,F,1,1,176300,30.0
DLMS,AC,202201,G,21,15,D,51,0110,1,GS-15,P,0110,10,F,1,1,163333,06.5
DLMS,AC,202010,J,04,12,A,51,0110,1,GS-12,H,0110,15,F,1,1,086335,00.0
DLMS,AC,202207,E,17,11,A,51,0110,1,GS-11,H,0110,15,F,1,1,082443,00.0
DLMS,AC,202207,D,17,11,A,51,0110,1,GS-11,G,0110,15,F,1,1,074950,00.0
DLMS,AC,202301,C,04,11,A,51,0110,1,GS-11,G,0110,15,F,1,1,078592,00.0
DLMS,AC,202201,F,17,14,D,51,0110,1,GS-14,L,0110,10,F,1,1,126233,07.4
DLOF,AC,202209,G,21,15,E,55,0110,1,GS-15,Q,0110,10,F,1,1,176300,11.4
DLOF,AC,202211,G,17,14,A,24,0110,1,GS-14,O,0110,10,F,1,1,151479,00.0
DLOF,AC,202207,G,21,14,D,11,0110,1,GS-14,M,0110,15,F,1,1,134649,06.0
DLOF,AC,202003,G,17,15,A,06,0110,1,GS-15,Q,0110,15,F,1,1,170800,00.0
DLOF,AC,202206,E,21,14,A,11,0110,1,GS-14,L,0110,15,F,1,1,126233,00.0
DLOF,AC,202208,E,04,14,A,53,0110,1,GS-14,O,0110,15,F,1,1,151840,00.0
DLOW,AC,202009,C,13,13,D,11,0110,1,GS-13,J,0110,10,F,1,1,102663,06.2
DLPW,AC,202202,E,17,14,E,11,0110,1,GS-14,P,0110,10,F,1,1,164102,10.8
DLPW,AC,202201,G,13,14,E,11,0110,1,GS-14,N,0110,10,F,1,1,143064,10.4
DLPW,AC,202201,C,17,11,B,11,0110,1,GS-11,G,0110,15,F,1,1,077447,02.9
DLPW,AC,202109,F,04,13,A,11,0110,1,GS-13,J,0110,15,F,1,1,103690,00.0
DLPW,AC,202112,D,17,13,A,11,0110,1,GS-13,J,0110,15,F,1,1,107146,00.0
DLPW,AC,202309,D,04,13,A,11,0110,1,GS-13,L,0110,15,F,1,1,123216,00.0
DLSH,AC,202009,D,17,12,A,11,0110,1,GS-12,J,0110,15,F,1,1,103605,00.0
DLSH,AC,202008,F,04,12,A,11,0110,1,GS-12,K,0110,15,F,1,1,112240,00.0
DLSH,AC,202211,D,21,12,A,11,0110,1,GS-12,H,0110,15,F,1,1,089834,00.0
DN00,AC,201911,C,17,12,C,11,0110,1,GS-12,H,0110,10,F,1,1,083398,03.4
DN00,AC,202108,D,21,14,A,11,0110,1,GS-14,O,0110,15,F,1,1,159286,00.0
DN00,AC,202006,D,17,11,A,41,0110,1,GS-11,F,0110,15,F,1,1,068309,00.6
DN00,AC,202309,G,04,13,A,**,0110,1,GS-13,K,0110,15,F,1,1,115749,00.0
DN00,AC,202109,E,17,15,C,11,0110,1,GS-15,Q,0110,15,F,1,1,172500,03.3
DN00,AC,202111,F,17,13,A,48,0110,1,GS-13,J,0110,15,F,1,1,105947,00.0
DN00,AC,202203,D,13,14,E,11,0110,1,GS-14,M,0110,15,F,1,1,130441,10.8
DN00,AC,202302,F,17,13,D,41,0110,1,GS-13,K,0110,15,F,1,1,116231,05.3
DN00,AC,202209,F,04,14,A,11,0110,1,GS-14,P,0110,15,F,1,1,164102,00.0
DN00,AC,202207,E,17,13,D,11,0110,1,GS-13,J,0110,15,F,1,1,106823,08.0
DN00,AC,202205,E,04,12,A,11,0110,1,GS-12,K,0110,15,F,1,1,113793,00.0
DN00,AC,202108,F,17,13,A,11,0110,1,GS-13,K,0110,15,F,1,1,114059,00.0
DN00,AC,202205,D,21,14,A,54,0110,1,GS-14,K,0110,15,F,1,1,111521,00.0
DN00,AC,202109,E,21,14,D,37,0110,1,GS-14,L,0110,15,F,1,1,120691,06.2
DN00,AC,202307,F,04,13,D,08,0110,1,GS-13,J,0110,15,F,1,1,109107,07.9
DN00,AC,201910,D,13,13,C,11,0110,1,GS-13,J,0110,10,F,1,1,102477,04.2
DN00,AC,202105,C,17,13,A,11,0110,1,GS-13,K,0110,15,F,1,1,110603,00.0
DN00,AC,202002,C,04,13,A,11,0110,1,GS-13,J,0110,15,F,1,1,102663,00.0
DN00,AC,202008,C,14,12,C,41,0110,1,GS-12,I,0110,15,F,1,1,092794,04.3
DN00,AC,202102,D,04,12,A,11,0110,1,GS-12,I,0110,15,F,1,1,098827,00.0
DN00,AC,202304,E,17,11,A,41,0110,1,GS-11,I,0110,15,F,1,1,096375,00.0
DN00,AC,202304,D,04,13,A,32,0110,1,GS-13,J,0110,15,F,1,1,108473,00.5
DN00,AA,202309,F,15,09,F,41,0110,1,GS-09,G,0110,10,F,1,1,079655,16.0
DN00,AC,202106,C,17,12,B,11,0110,1,GS-12,H,0110,15,F,1,1,087198,02.7
DN00,AC,202106,C,17,12,B,11,0110,1,GS-12,H,0110,15,F,1,1,087198,02.7
DN00,AC,202209,D,21,14,A,11,0110,1,GS-14,L,0110,15,F,1,1,126233,00.0
DN00,AC,202204,G,17,13,B,11,0110,1,GS-13,K,0110,15,F,1,1,113944,02.7
DN00,AC,201911,E,**,11,A,41,0110,1,GS-11,G,0110,15,F,1,1,075086,00.0
DN00,AC,201911,D,04,13,A,11,0110,1,GS-13,I,0110,15,F,1,1,099172,00.0
DN00,AC,202003,B,13,11,A,11,0110,1,GS-11,G,0110,15,F,1,1,072030,00.0
DN00,AC,202003,E,17,11,A,11,0110,1,GS-11,G,0110,15,F,1,1,072030,00.0
DN00,AC,202003,C,04,11,A,11,0110,1,GS-11,G,0110,15,F,1,1,072030,00.0
DN00,AC,202007,C,17,12,A,11,0110,1,GS-12,H,0110,15,F,1,1,086335,00.0
DN00,AC,202008,D,21,11,A,41,0110,1,GS-11,F,0110,15,F,1,1,068309,00.0
DN00,AC,202012,B,04,11,A,11,0110,1,GS-11,G,0110,15,F,1,1,072030,00.0
DN00,AC,202207,C,13,09,B,41,0110,1,GS-09,E,0110,15,F,1,1,058560,01.4
DN00,AC,202102,E,18,12,A,41,0110,1,GS-12,H,0110,15,F,1,1,082694,00.0
DN00,AC,202102,E,04,12,A,11,0110,1,GS-12,H,0110,15,F,1,1,087198,00.0
DN00,AD,202104,J,21,,A,11,0110,1,EJ-05,Q,0110,48,F,2,1,172500,00.0
DN00,AC,202105,F,04,12,A,11,0110,1,GS-12,H,0110,15,F,1,1,087198,00.0
DN00,AC,202105,C,04,11,A,11,0110,1,GS-11,G,0110,15,F,1,1,072750,00.0
DN00,AC,202107,C,13,12,A,11,0110,1,GS-12,H,0110,15,F,1,1,087198,00.0
DN00,AC,202107,C,17,11,A,11,0110,1,GS-11,G,0110,15,F,1,1,072750,00.0
DN00,AC,202108,I,04,13,A,11,0110,1,GS-13,M,0110,15,F,1,1,131341,00.0
DN00,AC,202108,D,21,12,A,41,0110,1,GS-12,I,0110,15,F,1,1,099236,00.0
DN00,AC,202108,D,12,13,A,11,0110,1,GS-13,J,0110,15,F,1,1,103690,00.0
DN00,AC,202108,E,04,13,A,35,0110,1,GS-13,I,0110,15,F,1,1,092723,00.0
DN00,AC,202109,F,04,15,A,11,0110,1,GS-15,Q,0110,20,F,2,1,172500,00.0
DN00,AC,202109,J,04,14,A,11,0110,1,GS-14,O,0110,15,F,1,1,151118,00.0
DN00,AC,202109,D,21,11,A,11,0110,1,GS-11,G,0110,15,F,1,1,072750,00.0
DN00,AC,202110,I,17,12,A,11,0110,1,GS-12,I,0110,15,F,1,1,098827,00.0
DN00,AC,202110,D,07,12,A,11,0110,1,GS-12,H,0110,15,F,1,1,087198,00.0
DN00,AC,202111,I,04,14,A,11,0110,1,GS-14,L,0110,15,F,1,1,122530,00.0
DN00,AC,202111,I,04,14,A,11,0110,1,GS-14,L,0110,15,F,1,1,122530,00.0
DN00,AC,202201,C,17,11,A,06,0110,1,GS-11,H,0110,15,F,1,1,084515,00.0
DN00,AC,202201,D,17,13,A,41,0110,1,GS-13,J,0110,15,F,1,1,107716,00.0
DN00,AC,202201,E,13,12,A,11,0110,1,GS-12,H,0110,15,F,1,1,089834,00.0
DN00,AC,202201,G,04,15,A,11,0110,1,GS-15,P,0110,15,F,1,1,168282,00.0
DN00,AC,202204,E,04,14,A,11,0110,1,GS-14,L,0110,15,F,1,1,126233,00.0
DN00,AC,202205,C,04,14,A,11,0110,1,GS-14,L,0110,15,F,1,1,126233,00.0
DN00,AC,202212,E,04,11,A,11,0110,1,GS-11,G,0110,15,F,1,1,074950,00.0
DN00,AC,202207,D,17,12,A,41,0110,1,GS-12,I,0110,15,F,1,1,093417,00.0
DN00,AC,202209,E,18,11,A,41,0110,1,GS-11,G,0110,15,F,1,1,070853,00.0
DN00,AC,202209,C,04,13,A,49,0110,1,GS-13,J,0110,15,F,1,1,103810,00.0
DN00,AC,202302,D,13,15,A,11,0110,1,GS-15,R,0110,15,F,1,1,183500,00.0
DN00,AC,202303,E,17,12,A,41,0110,1,GS-12,I,0110,15,F,1,1,097746,00.0
DN00,AC,202304,C,17,09,A,41,0110,1,GS-09,G,0110,15,F,1,1,075570,00.0
DN00,AC,202304,E,04,13,A,11,0110,1,GS-13,K,0110,15,F,1,1,119482,00.0
DN00,AC,202304,E,04,12,A,26,0110,1,GS-12,H,0110,15,F,1,1,082830,00.0
DN00,AC,202304,B,04,12,A,06,0110,1,GS-12,I,0110,15,F,1,1,095905,00.0
DN00,AC,202305,D,04,14,A,11,0110,1,GS-14,N,0110,15,F,1,1,145604,00.0
DN00,AC,202305,C,04,11,B,11,0110,1,GS-11,G,0110,15,F,1,1,078592,02.8
DN00,AC,202305,C,17,13,A,11,0110,1,GS-13,K,0110,15,F,1,1,112015,00.0
DN00,AC,202306,F,04,14,A,06,0110,1,GS-14,Q,0110,15,F,1,1,177619,00.0
DN00,AC,202306,E,21,12,A,41,0110,1,GS-12,K,0110,15,F,1,1,115518,00.0
DN00,AC,202307,E,04,14,A,24,0110,1,GS-14,N,0110,15,F,1,1,145604,00.0
DN00,AC,202307,E,21,11,A,41,0110,1,GS-11,G,0110,15,F,1,1,074137,00.0
DN00,AC,202307,D,13,09,A,41,0110,1,GS-09,F,0110,15,F,1,1,061275,00.0
DN00,AC,202307,E,04,11,A,05,0110,1,GS-11,F,0110,15,F,1,1,069107,00.0
DN00,AC,202307,C,17,13,A,11,0110,1,GS-13,K,0110,15,F,1,1,112015,00.0
DN00,AC,202307,D,04,11,A,12,0110,1,GS-11,F,0110,15,F,1,1,069107,00.0
DN00,AC,202308,C,04,11,A,36,0110,1,GS-11,G,0110,15,F,1,1,079181,00.0
DN00,AC,202309,H,04,13,A,48,0110,1,GS-13,K,0110,15,F,1,1,113689,00.0
DNFE,AC,202103,F,17,11,A,11,0110,1,GS-11,I,0110,15,F,1,1,094581,00.0
DNFE,AC,202009,F,21,14,E,11,0110,1,GS-14,L,0110,15,F,1,1,129404,14.7
DNFE,AC,202007,D,17,11,A,11,0110,1,GS-11,G,0110,15,F,1,1,072030,00.0
DNFE,AC,202006,C,17,11,B,11,0110,1,GS-11,G,0110,15,F,1,1,072030,01.8
DNFE,AC,202008,B,13,07,B,11,0110,1,GS-07,D,0110,15,F,1,1,048670,01.1
DNFE,AC,202207,B,17,12,A,11,0110,1,GS-12,H,0110,15,F,1,1,089834,00.0
DNFE,AD,202107,C,17,09,A,11,0110,1,GS-09,F,0110,35,F,1,1,060129,00.0
DNFE,AC,202207,D,13,11,A,11,0110,1,GS-11,H,0110,15,F,1,1,087439,00.0
DNFE,AC,202003,E,21,12,A,11,0110,1,GS-12,H,0110,15,F,1,1,086335,00.0
DNFE,AC,202003,D,17,12,A,11,0110,1,GS-12,H,0110,15,F,1,1,086335,00.0
DNFE,AC,202005,D,17,11,A,11,0110,1,GS-11,H,0110,15,F,1,1,086435,00.0
DNFE,AC,202005,F,21,11,C,11,0110,1,GS-11,I,0110,15,F,1,1,093638,03.8
DNFE,AC,202007,I,21,11,F,11,0110,1,GS-11,I,0110,15,F,1,1,093638,15.0
DNFE,AC,202007,E,21,13,D,11,0110,1,GS-13,M,0110,15,F,1,1,130043,07.8
DNFE,AC,202007,D,17,12,A,11,0110,1,GS-12,H,0110,15,F,1,1,086335,00.0
DNFE,AC,202207,D,13,11,D,11,0110,1,GS-11,G,0110,15,F,1,1,074950,09.3
DNFE,AC,202008,E,14,14,D,11,0110,1,GS-14,L,0110,15,F,1,1,125360,06.8
DNFE,AC,202009,C,21,12,D,11,0110,1,GS-12,H,0110,15,F,1,1,086335,07.0
DNFE,AC,202103,D,13,11,A,11,0110,1,GS-11,I,0110,15,F,1,1,094581,00.0
DNFE,AC,202103,D,13,11,C,11,0110,1,GS-11,I,0110,15,F,1,1,094581,04.9
DNFE,AD,202107,B,17,09,A,11,0110,1,GS-09,F,0110,35,F,1,1,060129,00.0
DNFE,AD,202304,B,13,09,B,11,0110,1,GS-09,F,0110,35,F,1,1,064957,01.4
DNFE,AC,202111,C,13,11,B,11,0110,1,GS-11,H,0110,15,F,1,1,082453,02.3
DNFE,AC,202112,D,17,11,A,11,0110,1,GS-11,G,0110,15,F,1,1,072750,00.0
DNFE,AC,202112,E,17,11,B,11,0110,1,GS-11,G,0110,15,F,1,1,072750,01.8
DNFE,AD,202201,J,21,15,A,11,0110,1,GS-15,Q,0110,44,F,2,1,176300,00.0
DNFE,AC,202206,D,13,07,D,11,0110,1,GS-07,E,0110,15,F,1,1,050643,06.3
DNFE,AC,202206,D,17,11,D,11,0110,1,GS-11,I,0110,15,F,1,1,097430,07.3
DNFE,AC,202207,D,21,11,C,11,0110,1,GS-11,I,0110,15,F,1,1,097430,04.8
DNFE,AC,202207,H,21,11,A,11,0110,1,GS-11,G,0110,15,F,1,1,074950,00.0
DNFE,AC,202207,C,21,11,B,11,0110,1,GS-11,G,0110,15,F,1,1,079945,01.8
DNFE,AD,202304,C,17,09,A,11,0110,1,GS-09,G,0110,35,F,1,1,073617,00.0
DNFE,AD,202301,B,13,07,B,11,0110,1,GS-07,E,0110,35,F,1,1,058415,01.3
DNFE,AD,202301,C,17,07,B,11,0110,1,GS-07,F,0110,35,F,1,1,069035,02.0
DNFE,AD,202302,B,15,07,A,11,0110,1,GS-07,F,0110,35,F,1,1,065495,00.3
DNFE,AD,202304,B,13,07,A,11,0110,1,GS-07,E,0110,35,F,1,1,053105,00.0
DNFE,AD,202304,B,17,09,A,11,0110,1,GS-09,F,0110,35,F,1,1,064957,00.0
DNFE,AC,202304,K,21,12,F,11,0110,1,GS-12,J,0110,15,F,1,1,103619,15.9
DNFE,AD,202304,B,13,07,A,11,0110,1,GS-07,E,0110,35,F,1,1,053105,00.0
DNFE,AC,202305,D,17,11,A,11,0110,1,GS-11,G,0110,15,F,1,1,078592,00.0
DNFE,AD,202306,C,21,09,A,11,0110,1,GS-09,F,0110,35,F,1,1,064957,00.0
DNFE,AD,202306,B,17,07,A,11,0110,1,GS-07,E,0110,35,F,1,1,053105,00.0
EB00,AC,202110,C,17,12,A,11,0110,1,GS-12,H,0110,15,F,1,1,087198,00.0
EB00,AC,202002,G,17,15,A,11,0110,1,GS-15,O,0110,15,F,1,1,152215,00.0
EB00,AC,202006,J,17,12,A,11,0110,1,GS-12,H,0110,15,F,1,1,086335,00.0
EB00,AC,202207,F,17,13,A,11,0110,1,GS-13,M,0110,15,F,1,1,131747,00.0
EE00,AC,202307,C,21,13,A,11,0110,1,GS-13,K,0110,15,F,1,1,112015,00.0
EE00,AC,202204,D,21,13,A,11,0110,1,GS-13,J,0110,15,F,1,1,106823,00.8
EE00,AC,202208,C,21,13,A,11,0110,1,GS-13,J,0110,15,F,1,1,106823,00.0
EE00,AC,202302,E,21,14,A,35,0110,1,GS-14,L,0110,15,F,1,1,121439,00.0
EE00,AC,202303,C,21,13,A,06,0110,1,GS-13,L,0110,15,F,1,1,129249,00.0
EE00,AC,202307,G,21,13,A,11,0110,1,GS-13,M,0110,15,F,1,1,130683,00.0
EE00,AC,202307,C,21,13,A,11,0110,1,GS-13,K,0110,15,F,1,1,112015,00.0
EP00,AD,202003,I,21,,A,11,0110,1,EF-00,K,0110,48,I,2,1,110256,00.0
EP00,AD,202003,K,,,A,24,0110,1,EF-00,K,0110,48,I,2,1,110256,00.0
EP00,AC,202302,E,17,13,A,11,0110,1,GS-13,N,0110,15,F,1,1,145617,00.0
EP00,AD,202201,K,17,,A,08,0110,1,EF-00,K,0110,48,I,2,1,110256,00.0
EP00,AC,202106,F,21,14,A,11,0110,1,GS-14,N,0110,10,F,1,1,147034,00.0
EP00,AD,202111,K,21,,A,51,0110,1,EF-00,K,0110,48,I,2,1,110256,00.0
EP00,AC,202111,H,21,14,A,11,0110,1,GS-14,M,0110,15,F,1,1,134782,00.0
EP00,AC,202009,C,13,11,A,37,0110,1,GS-11,F,0110,15,F,1,1,066515,00.0
EP00,AC,202105,D,13,13,D,11,0110,1,GS-13,J,0110,10,F,1,1,107146,06.8
EP00,AD,202109,I,21,,A,39,0110,1,EF-00,K,0110,48,I,2,1,110256,00.0
EP00,AC,202004,D,17,12,D,37,0110,1,GS-12,H,0110,10,F,1,1,087699,05.2
EP00,AC,202006,E,21,12,A,11,0110,1,GS-12,I,0110,15,F,1,1,097848,00.0
EP00,AC,202002,C,17,13,C,11,0110,1,GS-13,J,0110,10,F,1,1,102663,04.6
EP00,AC,202308,D,18,13,A,11,0110,1,GS-13,M,0110,15,F,1,1,130683,00.0
EP00,AC,202001,C,17,13,C,11,0110,1,GS-13,J,0110,10,F,1,1,102663,04.3
EP00,AD,202003,K,21,,A,24,0110,1,EF-00,K,0110,48,I,2,1,110256,00.0
EP00,AD,202008,C,17,09,B,51,0110,1,GS-09,G,0110,35,F,1,1,071442,01.9
EP00,AD,202009,C,17,09,A,51,0110,1,GS-09,E,0110,35,F,1,1,059534,00.0
EP00,AC,202309,C,17,11,A,11,0110,1,GS-11,G,0110,15,F,1,1,078592,00.0
EP00,AD,202003,E,21,,A,51,0110,1,EF-00,K,0110,48,I,2,1,110256,00.0
EP00,AD,202003,F,21,,A,11,0110,1,EF-00,K,0110,48,I,2,1,110256,00.0
EP00,AD,202003,E,17,,A,18,0110,1,ED-00,K,0110,48,I,2,1,110256,00.0
EP00,AD,202003,H,21,,A,42,0110,1,EF-00,K,0110,48,I,2,1,110256,00.0
EP00,AD,202003,E,21,12,A,39,0110,1,GS-12,G,0110,40,F,2,1,079764,00.0
EP00,AD,202003,K,21,,A,17,0110,1,EF-00,K,0110,48,I,2,1,110256,00.0
EP00,AD,202003,H,21,,A,13,0110,1,EF-00,K,0110,48,I,2,1,110256,00.0
EP00,AD,202003,G,21,,A,25,0110,1,EF-00,K,0110,48,I,2,1,110256,00.0
EP00,AC,202007,C,17,12,A,37,0110,1,GS-12,G,0110,15,F,1,1,079725,00.0
EP00,AC,202301,D,17,13,B,11,0110,1,GS-13,K,0110,15,F,1,1,112015,02.7
EP00,AC,202008,C,18,11,A,51,0110,1,GS-11,G,0110,15,F,1,1,072030,00.0
EP00,AC,202008,C,21,12,A,11,0110,1,GS-12,H,0110,15,F,1,1,086335,00.0
EP00,AD,202008,C,17,09,A,51,0110,1,GS-09,E,0110,35,F,1,1,059534,00.0
EP00,AD,202004,G,21,,A,13,0110,1,EF-00,K,0110,48,I,2,1,110256,00.0
EP00,AC,202101,F,21,12,A,37,0110,1,GS-12,J,0110,15,F,1,1,104683,00.0
EP00,AC,202108,D,21,12,A,11,0110,1,GS-12,J,0110,15,F,1,1,101734,00.0
EP00,AC,202108,D,21,13,A,11,0110,1,GS-13,L,0110,15,F,1,1,120972,00.0
EP00,AD,202109,E,21,,A,21,0110,1,EH-00,K,0110,48,I,2,1,110256,00.0
EP00,AD,202109,F,21,,A,25,0110,1,EH-00,K,0110,48,I,2,1,110256,00.0
EP00,AC,202109,D,21,11,A,11,0110,1,GS-11,G,0110,15,F,1,1,072750,00.0
EP00,AC,202110,C,17,12,A,11,0110,1,GS-12,H,0110,15,F,1,1,087198,00.0
EP00,AC,202205,D,18,12,A,37,0110,1,GS-12,H,0110,15,F,1,1,082601,00.0
EP00,AC,202205,B,17,11,A,37,0110,1,GS-11,F,0110,15,F,1,1,068915,00.0
EP00,AC,202206,G,21,12,A,37,0110,1,GS-12,I,0110,15,F,1,1,096370,00.0
EP00,AC,202207,D,21,13,A,11,0110,1,GS-13,M,0110,15,F,1,1,138868,00.0
EP00,AC,202208,D,21,13,A,11,0110,1,GS-13,L,0110,15,F,1,1,121065,00.0
EP00,AC,202209,E,21,11,A,11,0110,1,GS-11,G,0110,15,F,1,1,074950,00.0
EP00,AD,202211,I,17,,A,27,0110,1,EF-00,Z,0110,48,I,2,1,,00.0
EP00,AC,202307,D,21,13,A,11,0110,1,GS-13,N,0110,15,F,1,1,145617,00.0
EP00,AC,202307,D,21,13,A,11,0110,1,GS-13,N,0110,15,F,1,1,145617,00.0
EP00,AC,202308,D,18,11,A,11,0110,1,GS-11,G,0110,15,F,1,1,078592,00.0
EP00,AC,202309,E,21,13,A,11,0110,1,GS-13,K,0110,15,F,1,1,112015,00.0
FC00,AC,202004,H,12,15,A,11,0110,1,GS-15,Q,0110,15,F,1,1,170800,00.0
FC00,AC,202307,C,21,13,A,17,0110,1,GS-13,L,0110,15,F,1,1,128020,00.0
FC00,AC,202006,D,12,13,A,11,0110,1,GS-13,K,0110,15,F,1,1,119775,00.0
FC00,AC,202007,D,12,13,A,11,0110,1,GS-13,K,0110,15,F,1,1,119775,00.0
FC00,AC,202006,G,12,15,A,11,0110,1,GS-15,P,0110,15,F,1,1,161730,00.0
FC00,AC,202007,C,12,13,A,11,0110,1,GS-13,J,0110,15,F,1,1,102663,00.0
FC00,AC,202007,C,17,13,A,11,0110,1,GS-13,M,0110,15,F,1,1,133465,00.0
FC00,AC,202008,C,04,07,A,11,0119,3,GS-07,E,XXXX,15,F,1,1,053536,00.0
FC00,AC,202008,E,17,14,A,11,0110,1,GS-14,O,0110,15,F,1,1,157709,00.0
FC00,AC,202009,B,17,07,A,11,0119,3,GS-07,E,XXXX,15,F,1,1,051914,00.0
FC00,AC,202009,C,17,07,A,11,0119,3,GS-07,D,XXXX,15,F,1,1,048670,00.0
FC00,AC,202008,B,17,07,A,11,0119,3,GS-07,D,XXXX,15,F,1,1,048670,00.0
FC00,AC,202207,D,21,13,A,11,0110,1,GS-13,M,0110,15,F,1,1,138868,00.0
FC00,AC,202209,C,17,07,A,11,0119,3,GS-07,F,XXXX,15,F,1,1,064143,00.0
FC00,AC,202209,C,13,07,A,11,0119,3,GS-07,F,XXXX,15,F,1,1,060768,00.0
FC00,AC,202209,B,17,07,A,11,0119,3,GS-07,E,XXXX,15,F,1,1,057393,00.0
FC00,AC,202209,E,17,07,A,11,0119,3,GS-07,F,XXXX,15,F,1,1,065831,00.0
FC00,AC,202209,B,17,07,A,11,0119,3,GS-07,F,XXXX,15,F,1,1,064143,00.0
FC00,AC,202303,C,14,07,A,11,0119,3,GS-07,F,XXXX,15,F,1,1,060185,00.0
FC00,AC,202305,C,17,07,A,11,0119,3,GS-07,F,XXXX,15,F,1,1,069035,00.0
FC00,AC,202307,C,21,13,A,40,0110,1,GS-13,L,0110,15,F,1,1,128043,00.0
FC00,AC,202307,D,21,13,A,11,0110,1,GS-13,L,0110,15,F,1,1,126949,00.0
FD00,AC,202007,G,21,14,E,11,0110,1,CG-14,T,0110,15,F,1,1,208781,13.3
FD00,AA,202009,I,21,14,G,11,0110,1,CG-14,Q,0110,10,F,1,1,170800,24.3
FD00,AC,202003,G,17,11,F,11,0110,1,CG-11,J,0110,15,F,1,1,102570,17.7
FD00,AC,202203,D,17,14,D,29,0110,1,CG-14,O,0110,10,F,1,1,150696,06.3
FD00,AD,202008,B,13,07,A,11,0110,1,CG-07,E,0110,40,F,2,1,052888,00.7
FD00,AD,202107,C,13,07,A,11,0110,1,CG-07,E,0110,40,F,2,1,053904,00.6
FD00,AA,202207,C,17,09,C,11,0110,1,CG-09,H,0110,10,F,1,1,084772,04.1
FD00,AC,202108,E,21,13,C,11,0110,1,CG-13,R,0110,15,F,1,1,183952,03.0
FD00,AC,202008,F,21,13,D,11,0110,1,CG-13,O,0110,15,F,1,1,152527,08.6
FD00,AD,202008,B,13,07,B,11,0110,1,CG-07,E,0110,40,F,2,1,052888,01.6
FD00,AD,202204,B,13,07,B,11,0110,1,CG-07,E,0110,40,F,2,1,055381,02.8
FD00,AC,202207,C,17,11,B,11,0110,1,CG-11,H,0110,15,F,1,1,087229,02.7
FD00,AD,202004,B,21,07,A,48,0110,1,CG-07,D,0110,40,F,2,1,049591,00.0
FD00,AD,202103,B,13,07,A,11,0110,1,CG-07,E,0110,40,F,2,1,053904,00.0
FD00,AD,202008,B,13,07,A,11,0110,1,CG-07,E,0110,40,F,2,1,052888,00.0
FD00,AD,202008,B,13,07,A,11,0110,1,CG-07,E,0110,40,F,2,1,052888,00.0
FD00,AD,202009,C,13,07,A,11,0110,1,CG-07,E,0110,40,F,2,1,052888,00.0
FD00,AC,202009,D,22,14,A,11,0110,1,CG-14,R,0110,15,F,1,1,185939,00.0
FD00,AD,202009,B,13,07,A,11,0110,1,CG-07,E,0110,40,F,2,1,052888,00.0
FD00,AD,202009,B,13,07,A,11,0110,1,CG-07,E,0110,40,F,2,1,052888,00.0
FD00,AD,202102,B,13,07,A,11,0110,1,CG-07,E,0110,40,F,2,1,053904,00.0
FD00,AD,202102,B,13,07,A,29,0110,1,CG-07,D,0110,40,F,2,1,045334,00.0
FD00,AC,202106,E,21,12,A,11,0110,1,CG-12,O,0110,15,F,1,1,154687,00.0
FD00,AD,202107,B,13,07,A,11,0110,1,CG-07,E,0110,40,F,2,1,053904,00.0
FD00,AC,202108,D,22,13,A,11,0110,1,CG-13,Q,0110,15,F,1,1,174400,00.0
FD00,AC,202108,D,17,12,A,11,0110,1,CG-12,O,0110,15,F,1,1,154687,00.0
FD00,AC,202108,D,21,12,A,11,0110,1,CG-12,O,0110,15,F,1,1,154687,00.0
FD00,AC,202108,G,21,13,A,11,0110,1,CG-13,Q,0110,15,F,1,1,174400,00.0
FD00,AC,202110,C,13,09,A,11,0110,1,CG-09,F,0110,15,F,1,1,065656,00.0
FD00,AD,202204,B,13,07,A,13,0110,1,CG-07,D,0110,40,F,2,1,049561,00.0
FD00,AD,202206,B,13,07,A,17,0110,1,CG-07,E,0110,40,F,2,1,051713,00.0
FD00,AD,202305,B,13,07,A,48,0110,1,CG-07,E,0110,40,F,2,1,054795,00.0
FD00,AC,202305,E,22,12,A,11,0110,1,CG-12,P,0110,15,F,1,1,167288,00.0
FD00,AD,202306,B,13,07,A,11,0110,1,CG-07,E,0110,40,F,2,1,058247,00.0
FD00,AD,202306,B,13,07,A,11,0110,1,CG-07,E,0110,40,F,2,1,058247,00.0
FD00,AD,202307,B,04,07,A,11,0110,1,CG-07,E,0110,40,F,2,1,058247,00.0
FD00,AD,202307,B,13,07,A,11,0110,1,CG-07,E,0110,40,F,2,1,058247,00.0
FD00,AC,202309,D,17,12,A,11,0110,1,CG-12,P,0110,15,F,1,1,167288,00.0
FD00,AD,202309,B,13,07,A,11,0110,1,CG-07,E,0110,40,F,2,1,058247,00.0
FD00,AD,202309,B,13,07,A,11,0110,1,CG-07,E,0110,40,F,2,1,058247,00.0
FD00,AD,202309,B,13,07,A,11,0110,1,CG-07,E,0110,40,F,2,1,058247,00.0
FL00,AA,202008,C,17,,D,51,0110,1,VH-39,J,0110,10,F,1,1,,05.4
FL00,AC,202207,D,17,,A,51,0110,1,VH-40,P,0110,15,F,1,1,,00.0
FL00,AD,202208,C,17,,A,08,0110,1,VH-38,I,0110,38,F,1,1,,00.0
FRFT,AC,202101,H,21,,D,11,0110,1,CN-71,U,0110,10,F,1,1,238407,09.4
FRFT,AC,202104,E,21,,A,11,0110,1,CN-60,R,0110,15,F,1,1,183257,00.0
FRFT,AC,202307,D,21,,A,26,0110,1,CN-52,O,0110,15,F,1,1,150120,00.0
FRFT,AC,202204,E,21,,D,11,0110,1,CN-60,S,0110,10,F,1,1,197019,09.7
FRFT,AC,202012,F,17,,D,11,0110,1,CN-60,N,0110,15,F,1,1,140000,07.5
FRFT,AA,202004,F,17,,D,11,0110,1,CN-60,Q,0110,10,F,1,1,172000,05.7
FRFT,AC,202211,F,04,,D,11,0110,1,CN-53,Q,0110,15,F,1,1,170560,06.9
FRFT,AC,202009,D,17,,B,11,0110,1,CN-52,J,0110,15,F,1,1,100000,02.2
FRFT,AC,202306,E,17,,D,11,0110,1,CN-60,S,0110,10,F,1,1,195104,06.8
FRFT,AC,202306,E,04,,C,11,0110,1,CN-60,T,0110,10,F,1,1,204509,04.3
FRFT,AC,202008,C,13,,C,11,0110,1,CN-51,H,0110,15,F,1,1,082903,03.1
FRFT,AC,202210,E,21,,D,11,0110,1,CN-71,T,0110,15,F,1,1,203929,05.1
FRFT,AC,202109,C,04,,A,11,0110,1,CN-51,H,0110,15,F,1,1,085946,00.8
FRFT,AC,202109,D,21,,C,11,0110,1,CN-60,Q,0110,10,F,1,1,171088,03.0
FRFT,AC,202308,C,04,,C,06,0110,1,CN-51,J,0110,15,F,1,1,109640,04.3
FRFT,AD,202005,B,13,,A,11,0110,1,CN-30,E,0110,40,F,2,1,055000,00.0
FRFT,AD,202007,C,17,,B,11,0110,1,CN-40,G,0110,40,F,2,1,071651,02.3
FRFT,AD,202007,B,13,,A,11,0110,1,CN-30,F,0110,40,F,2,1,064743,00.0
FRFT,AC,202009,E,21,,B,11,0110,1,CN-52,M,0110,15,F,1,1,133640,02.0
FRFT,AD,202106,B,13,,A,11,0110,1,CN-30,F,0110,40,F,2,1,067080,00.0
FRFT,AD,202106,B,13,,A,11,0110,1,CN-30,F,0110,40,F,2,1,067080,00.0
FRFT,AC,202107,D,04,,A,11,0110,1,CN-51,I,0110,15,F,1,1,094618,00.0
FRFT,AD,202107,B,13,,A,11,0110,1,CN-30,F,0110,40,F,2,1,069093,00.0
FRFT,AD,202107,B,13,,A,11,0110,1,CN-30,F,0110,40,F,2,1,069093,00.0
FRFT,AC,202108,C,17,,C,11,0110,1,CN-51,H,0110,15,F,1,1,087772,03.1
FRFT,AC,202108,D,21,,B,11,0110,1,CN-53,O,0110,15,F,1,1,159383,02.8
FRFT,AC,202108,G,21,,F,11,0110,1,CN-60,T,0110,15,F,1,1,201729,17.0
FRFT,AC,202108,E,04,,A,11,0110,1,CN-60,R,0110,15,F,1,1,183390,00.0
FRFT,AC,202202,B,13,,B,11,0110,1,CN-51,H,0110,15,F,1,1,085781,02.3
FRFT,AC,202205,I,21,,A,11,0110,1,CN-60,T,0110,15,F,1,1,201612,00.0
FRFT,AC,202206,C,21,,A,11,0110,1,CN-52,N,0110,15,F,1,1,141051,00.0
FRFT,AC,202207,C,21,,A,11,0110,1,CN-52,N,0110,15,F,1,1,141051,00.0
FRFT,AC,202208,C,17,,A,11,0110,1,CN-51,H,0110,15,F,1,1,088354,00.0
FRFT,AC,202208,D,21,,A,11,0110,1,CN-52,N,0110,15,F,1,1,141051,00.0
FRFT,AC,202208,C,17,,A,11,0110,1,CN-53,K,0110,15,F,1,1,115578,00.0
FRFT,AD,202210,D,17,,A,11,0110,1,CN-30,F,0110,40,F,2,1,067657,00.0
FRFT,AC,202302,G,21,,A,11,0110,1,CN-60,T,0110,15,F,1,1,209182,00.0
FRFT,AC,202304,C,17,,C,37,0110,1,CN-53,I,0110,15,F,1,1,097599,03.8
FRFT,AD,202306,B,13,,A,11,0110,1,CN-30,G,0110,40,F,2,1,071483,00.0
FRFT,AD,202307,B,13,,A,11,0110,1,CN-30,G,0110,40,F,2,1,071483,00.0
FRFT,AD,202307,B,12,,A,11,0110,1,CN-30,G,0110,40,F,2,1,071483,00.0
FRFT,AC,202307,D,21,,A,11,0110,1,CN-60,T,0110,15,F,1,1,212445,00.0
FRFT,AD,202308,C,13,,A,11,0110,1,CN-30,G,0110,40,F,2,1,073861,00.0
FRFT,AD,202308,B,13,,A,11,0110,1,CN-30,G,0110,40,F,2,1,071483,00.0
FRFT,AC,202308,D,21,,A,24,0110,1,CN-52,P,0110,15,F,1,1,160656,00.0
FRFT,AD,202308,B,13,,A,11,0110,1,CN-30,G,0110,40,F,2,1,071483,00.0
FT00,AE,202104,G,21,,A,11,0110,1,ES-**,R,0110,55,F,1,1,183100,00.0
FT00,AE,202303,F,21,,E,11,0110,1,ES-**,T,0110,50,F,1,1,212100,13.6
FT00,AC,202008,D,13,13,C,11,0110,1,GS-13,M,0110,10,F,1,1,133465,04.0
FT00,AC,202108,D,21,13,A,11,0110,1,GS-13,M,0110,15,F,1,1,134798,00.0
FT00,AD,202001,E,21,,B,11,0110,1,EF-00,M,0110,48,F,2,1,138572,01.0
FT00,AC,202006,D,21,14,A,11,0110,1,GS-14,M,0110,15,F,1,1,137491,00.0
FT00,AC,202006,D,15,12,A,11,0110,1,GS-12,K,0110,15,F,1,1,112240,00.0
FT00,AC,202006,C,21,12,A,11,0110,1,GS-12,K,0110,15,F,1,1,112240,00.0
FT00,AC,202007,D,21,12,A,11,0110,1,GS-12,K,0110,15,F,1,1,112240,00.0
FT00,AC,202008,C,21,13,A,11,0110,1,GS-13,M,0110,15,F,1,1,133465,00.0
FT00,AC,202008,D,21,13,A,11,0110,1,GS-13,M,0110,15,F,1,1,133465,00.0
FT00,AC,202106,E,21,14,A,11,0110,1,GS-14,O,0110,15,F,1,1,159286,00.0
FT00,AC,202206,D,21,13,A,11,0110,1,GS-13,M,0110,15,F,1,1,138868,00.0
FT00,AC,202206,D,21,13,A,11,0110,1,GS-13,M,0110,15,F,1,1,138868,00.0
FT00,AC,202207,C,21,13,A,11,0110,1,GS-13,K,0110,15,F,1,1,117505,00.0
FT00,AC,202207,D,21,13,A,11,0110,1,GS-13,M,0110,15,F,1,1,138868,00.0
FT00,AC,202208,D,21,13,A,11,0110,1,GS-13,M,0110,15,F,1,1,138868,00.0
FT00,AD,202208,K,17,,A,11,0110,1,EF-00,N,0110,48,I,2,1,146757,00.0
FT00,AC,202208,C,21,12,A,11,0110,1,GS-12,K,0110,15,F,1,1,116788,00.0
FT00,AC,202208,C,21,13,A,11,0110,1,GS-13,M,0110,15,F,1,1,138868,00.0
FT00,AC,202209,D,21,13,A,11,0110,1,GS-13,M,0110,15,F,1,1,138868,00.0
FT00,AC,202209,D,21,13,A,11,0110,1,GS-13,M,0110,15,F,1,1,138868,00.0
FT00,AC,202210,D,21,12,A,11,0110,1,GS-12,K,0110,15,F,1,1,116788,00.0
FT00,AC,202307,C,21,13,A,11,0110,1,GS-13,N,0110,15,F,1,1,145617,00.0
FT00,AC,202308,D,21,13,A,11,0110,1,GS-13,N,0110,15,F,1,1,145617,00.0
FT00,AC,202308,C,21,13,A,45,0110,1,GS-13,L,0110,15,F,1,1,128043,00.0
FT00,AC,202308,D,21,13,A,17,0110,1,GS-13,N,0110,15,F,1,1,142650,00.0
FT00,AC,202309,C,21,13,A,11,0110,1,GS-13,N,0110,15,F,1,1,145617,00.0
FT00,AC,202309,D,21,13,A,11,0110,1,GS-13,N,0110,15,F,1,1,145617,00.0
GB**,AD,202308,B,17,09,A,11,0110,1,GS-09,F,0110,35,F,1,1,064957,00.0
GB00,AA,202201,C,17,13,D,11,0110,1,GS-13,K,0110,10,F,1,1,113944,05.2
GB00,AC,202103,C,17,11,C,11,0110,1,GS-11,G,0110,15,F,1,1,072750,04.1
GB00,AD,202011,D,17,13,A,11,0110,1,GS-13,J,0110,40,F,2,1,102663,00.0
GB00,AC,202106,E,17,12,A,11,0110,1,GS-12,H,0110,15,F,1,1,087198,00.0
GB00,AC,202108,D,17,13,A,11,0110,1,GS-13,J,0110,15,F,1,1,103690,00.0
GY00,AC,202108,G,21,14,A,26,0110,1,GG-14,K,0110,15,F,1,1,119562,00.0
HE10,AC,202307,H,21,15,F,11,0110,1,GS-15,R,0110,15,F,1,1,183500,17.9
HE10,AC,202004,D,21,14,A,11,0110,1,GS-14,L,0110,15,F,1,1,121316,00.0
HE10,AC,202005,D,21,14,A,11,0110,1,GS-14,N,0110,15,F,1,1,145578,00.0
HE10,AC,202007,D,21,13,A,11,0110,1,GS-13,K,0110,15,F,1,1,112930,00.0
HE10,AC,202101,C,21,12,A,11,0110,1,GS-12,H,0110,15,F,1,1,087198,00.0
HE10,AC,202106,E,21,13,A,11,0110,1,GS-13,M,0110,15,F,1,1,134798,00.0
HE10,AC,202107,D,21,13,A,11,0110,1,GS-13,J,0110,15,F,1,1,103690,00.0
HE10,AC,202303,C,21,12,A,11,0110,1,GS-12,I,0110,15,F,1,1,094199,00.0
HE10,AC,202308,D,14,14,A,11,0110,1,GS-14,M,0110,15,F,1,1,132368,00.0
HE33,AD,202306,K,22,,A,42,0110,1,EI-00,G,0110,48,I,2,1,078001,00.0
HE33,AD,202306,J,21,,A,26,0110,1,EI-00,G,0110,48,I,2,1,078001,00.0
HE33,AD,202007,D,17,,A,24,0110,1,RG-00,E,0110,48,F,2,1,059534,00.0
HE33,AD,202111,D,21,,A,24,0110,1,RG-00,J,0110,48,F,2,1,103690,00.0
HE33,AD,202306,K,22,,A,25,0110,1,EI-00,G,0110,48,I,2,1,078001,00.0
HE33,AD,202306,H,15,,A,51,0110,1,EI-00,G,0110,48,I,2,1,078001,00.0
HE33,AD,202306,F,21,,A,17,0110,1,EI-00,G,0110,48,I,2,1,078001,00.0
HE34,AC,202304,F,21,14,F,24,0110,1,GS-14,P,0110,10,F,1,1,167663,17.6
HE34,AC,202012,F,17,14,F,24,0110,1,GS-14,N,0110,10,F,1,1,141534,19.0
HE34,AC,202304,G,17,14,F,06,0110,1,GS-14,N,0110,10,F,1,1,143750,15.0
HE34,AC,202109,F,21,13,C,24,0110,1,GS-13,J,0110,15,F,1,1,103690,04.3
HE34,AC,202109,G,21,13,A,24,0110,1,GS-13,M,0110,15,F,1,1,134798,00.0
HE34,AC,202110,H,17,13,A,24,0110,1,GS-13,J,0110,15,F,1,1,103690,00.0
HE36,AD,202012,G,21,,F,24,0110,1,RF-00,S,0110,48,F,2,1,198000,16.2
HE36,AD,201910,G,21,,F,24,0110,1,RF-00,S,0110,48,F,2,1,190000,17.4
HE36,AC,202006,E,17,14,D,24,0110,1,GS-14,L,0110,10,F,1,1,125360,09.3
HE36,AC,201911,D,17,12,D,24,0110,1,GS-12,I,0110,10,F,1,1,091740,05.3
HE36,AC,202009,D,21,13,D,24,0110,1,GS-13,L,0110,10,F,1,1,123198,05.2
HE36,AC,202109,F,21,,B,26,0110,1,AD-00,N,0110,15,F,1,1,144432,02.2
HE36,AD,201910,C,17,09,A,24,0110,1,GS-09,E,0110,35,F,1,1,057510,00.0
HE36,AD,202007,C,20,,A,24,0110,1,RG-00,K,0110,48,F,2,1,112240,00.0
HE36,AD,202107,D,21,,A,24,0110,1,RG-00,K,0110,48,F,2,1,113362,00.0
HE36,AC,202008,C,17,,A,24,0110,1,AD-00,J,0110,15,F,1,1,101000,00.0
HE36,AD,202008,D,20,,A,24,0110,1,RG-00,K,0110,48,F,2,1,112240,00.0
HE36,AD,202008,C,20,,A,24,0110,1,RG-00,K,0110,48,F,2,1,112240,00.0
HE36,AD,202009,D,20,,A,24,0110,1,RG-00,K,0110,48,F,2,1,112240,00.0
HE36,AC,202012,B,17,,A,24,0110,1,AD-00,G,0110,15,F,1,1,079711,00.0
HE36,AD,202105,D,21,,A,24,0110,1,RG-00,J,0110,48,F,2,1,103690,00.0
HE36,AD,202108,D,21,,A,24,0110,1,RG-00,K,0110,48,F,2,1,113362,00.0
HE36,AD,202202,C,17,09,A,24,0110,1,GS-09,F,0110,35,F,1,1,061947,00.0
HE36,AD,202206,B,17,09,A,24,0110,1,GS-09,F,0110,35,F,1,1,061947,00.0
HE36,AD,202308,D,21,,A,24,0110,1,RG-00,L,0110,48,F,2,1,122459,00.0
HE38,AD,202205,K,21,,A,24,0110,1,EI-00,E,0110,48,I,2,1,052175,00.0
HE38,AD,202205,J,21,,A,24,0110,1,EI-00,E,0110,48,I,2,1,052175,00.0
HE38,AD,202001,I,21,,A,24,0110,1,EI-00,E,0110,48,I,2,1,052175,00.0
HE38,AD,202004,F,21,,A,24,0110,1,EI-00,E,0110,48,I,2,1,052175,00.0
HE38,AD,202107,G,21,,A,24,0110,1,EI-00,E,0110,48,I,2,1,052175,00.0
HE38,AC,202201,J,21,13,A,24,0110,1,GS-13,M,0110,15,F,1,1,138868,00.0
HE39,AC,202202,I,21,14,A,13,0110,1,GS-14,O,0110,15,F,1,1,152998,00.0
HE39,AD,201910,E,21,,B,13,0110,1,RG-00,I,0110,48,F,2,1,093282,02.3
HE39,AC,202010,D,21,13,B,13,0110,1,GS-13,K,0110,15,F,1,1,115342,01.8
HE39,AD,202112,E,21,,A,13,0110,1,RG-00,I,0110,48,F,2,1,097078,00.0
HE39,AD,202302,F,21,,A,13,0110,1,AD-00,I,0110,48,F,2,1,096213,00.0
HE39,AD,202008,C,21,,A,13,0110,1,AD-00,H,0110,48,F,2,1,086219,00.0
HE39,AD,202209,C,21,,A,13,0110,1,AD-00,I,0110,48,F,2,1,092132,00.0
HE39,AD,202008,C,21,,A,13,0110,1,AD-00,H,0110,48,F,2,1,086219,00.0
HE39,AD,202008,C,21,,A,08,0110,1,AD-00,H,0110,48,F,2,1,089727,00.0
HE39,AD,202101,H,21,,A,13,0110,1,AD-00,H,0110,48,F,2,1,087082,00.0
HE39,AD,202108,D,21,,A,13,0110,1,AD-00,H,0110,48,F,2,1,087082,00.0
HE39,AD,202108,D,21,,A,13,0110,1,AD-00,H,0110,48,F,2,1,087082,00.0
HE39,AD,202108,D,04,,A,13,0110,1,AD-00,H,0110,48,F,2,1,087082,00.0
HE39,AD,202108,D,21,,A,13,0110,1,AD-00,H,0110,48,F,2,1,087082,00.0
HE39,AD,202109,D,21,,A,13,0110,1,AD-00,H,0110,48,F,2,1,087082,00.0
HE39,AD,202208,D,21,,A,13,0110,1,AD-00,H,0110,48,F,2,1,089340,00.0
HE39,AD,202208,E,21,,A,13,0110,1,AD-00,H,0110,48,F,2,1,089340,00.0
HE39,AD,202208,D,21,,A,13,0110,1,AD-00,H,0110,48,F,2,1,089340,00.0
HE39,AD,202208,E,21,,A,13,0110,1,AD-00,H,0110,48,F,2,1,089340,00.0
HE39,AC,202209,E,17,12,A,13,0110,1,GS-12,H,0110,20,F,2,1,083755,00.0
HE39,AC,202211,C,21,13,A,13,0110,1,GS-13,I,0110,15,F,1,1,099595,00.0
HE39,AD,202308,C,21,,A,13,0110,1,AD-00,I,0110,48,F,2,1,093297,00.0
HE39,AD,202308,D,21,,A,13,0110,1,AD-00,I,0110,48,F,2,1,093297,00.0
HE39,AD,202308,D,21,,A,13,0110,1,AD-00,I,0110,48,F,2,1,093297,00.0
HE39,AD,202309,D,21,,A,13,0110,1,AD-00,I,0110,48,F,2,1,093297,00.0
HE39,AD,202309,D,21,,A,36,0110,1,AD-00,H,0110,48,F,2,1,088352,00.0
HE39,AD,202309,E,21,,A,13,0110,1,AD-00,I,0110,48,F,2,1,093297,00.0
HE39,AD,202309,D,21,,A,13,0110,1,AD-00,I,0110,48,F,2,1,093297,00.0
HE70,AC,202304,E,17,13,A,06,0110,1,GS-13,N,0110,15,F,1,1,148255,00.0
HE70,AC,202211,F,17,13,A,13,0110,1,GS-13,J,0110,15,F,1,1,109554,00.0
HE70,AA,202304,E,13,12,E,10,0110,1,GS-12,J,0110,10,F,1,1,109072,12.6
HE70,AC,202301,E,17,13,D,48,0110,1,GS-13,K,0110,15,F,1,1,113963,08.8
HE70,AC,202308,D,17,13,A,46,0110,1,GS-13,I,0110,15,F,1,1,098496,00.0
HE70,AC,202001,D,17,11,A,24,0110,1,GS-11,G,0110,15,F,1,1,074431,00.0
HE70,AC,202002,D,17,13,A,24,0110,1,GS-13,K,0110,15,F,1,1,112930,00.0
HE70,AC,202205,C,17,12,D,24,0110,1,GS-12,H,0110,15,F,1,1,089834,05.1
HE70,AC,202012,C,21,13,A,24,0110,1,GS-13,J,0110,15,F,1,1,102663,00.0
HE70,AC,202106,E,21,12,A,24,0110,1,GS-12,K,0110,15,F,1,1,113362,00.0
HE70,AC,202106,E,21,11,A,24,0110,1,GS-11,G,0110,15,F,1,1,072750,00.0
HE70,AC,202109,F,21,11,A,24,0110,1,GS-11,H,0110,15,F,1,1,084879,00.0
HE70,AC,202111,C,17,11,A,24,0110,1,GS-11,G,0110,15,F,1,1,072750,00.0
HE70,AC,202201,G,21,13,A,24,0110,1,GS-13,M,0110,15,F,1,1,138868,00.0
HE70,AC,202201,E,17,13,A,24,0110,1,GS-13,J,0110,15,F,1,1,106823,00.0
HE70,AC,202205,C,17,11,A,24,0110,1,GS-11,G,0110,15,F,1,1,074950,00.0
HE70,AC,202205,D,21,11,A,24,0110,1,GS-11,G,0110,15,F,1,1,074950,00.0
HE70,AC,202209,C,17,12,A,24,0110,1,GS-12,K,0110,15,F,1,1,110798,00.0
HE70,AC,202211,F,21,13,A,06,0110,1,GS-13,M,0110,15,F,1,1,135248,00.0
HE70,AC,202302,D,17,13,A,21,0110,1,GS-13,K,0110,15,F,1,1,111628,00.0
HE70,AC,202303,D,21,13,A,48,0110,1,GS-13,J,0110,15,F,1,1,100948,00.0
HE70,AC,202304,C,17,13,A,11,0110,1,GS-13,K,0110,15,F,1,1,112015,00.0
HE70,AC,202304,D,17,11,A,37,0110,1,GS-11,G,0110,15,F,1,1,071995,00.0
HE70,AC,202306,C,17,12,A,04,0110,1,GS-12,H,0110,15,F,1,1,084181,00.0
HE70,AC,202306,C,21,13,A,04,0110,1,GS-13,J,0110,15,F,1,1,102673,00.0
HE70,AC,202307,E,21,13,A,25,0110,1,GS-13,K,0110,15,F,1,1,110798,00.0
HE70,AC,202307,E,17,13,A,53,0110,1,GS-13,L,0110,15,F,1,1,128043,00.0
HE70,AC,202307,F,17,13,A,35,0110,1,GS-13,I,0110,15,F,1,1,099451,00.0
HE70,AC,202307,G,17,13,A,12,0110,1,GS-13,J,0110,15,F,1,1,105062,00.0
HE70,AC,202307,D,21,13,A,50,0110,1,GS-13,J,0110,15,F,1,1,100026,00.0
HE70,AC,202307,C,21,13,A,36,0110,1,GS-13,N,0110,15,F,1,1,141977,00.0
HE70,AC,202309,G,21,13,A,06,0110,1,GS-13,M,0110,15,F,1,1,133781,00.0
HE90,AA,202110,C,17,11,B,11,0110,1,GS-11,G,0110,15,F,1,1,072750,01.5
HFHA,AC,202010,J,21,,A,11,0110,1,EL-15,V,0110,15,F,1,1,251000,00.0
HFHA,AC,202107,H,21,,F,11,0110,1,EL-14,T,0110,10,F,1,1,207270,18.9
HFHA,AC,202108,E,21,,A,11,0110,1,EL-12,O,0110,15,F,1,1,155250,00.0
HFHA,AA,202110,G,17,,E,11,0110,1,EL-14,S,0110,10,F,1,1,193450,10.4
HFHA,AC,202108,E,21,,A,11,0110,1,LL-01,Z,0110,15,F,1,1,,00.0
HFHA,AC,202001,E,21,,E,11,0110,1,EL-14,S,0110,10,F,1,1,192104,12.1
HFHA,AA,202111,E,17,,D,11,0110,1,EL-12,M,0110,10,F,1,1,130728,06.3
HFHA,AC,202207,D,21,,A,11,0110,1,EL-12,P,0110,15,F,1,1,160218,00.0
HFHA,AC,202304,F,21,,C,11,0110,1,EL-15,U,0110,10,F,1,1,220000,03.6
HFHA,AC,202003,C,17,,A,11,0110,1,EL-09,F,0110,15,F,1,1,067482,00.0
HFHA,AC,202003,C,17,,A,11,0110,1,EL-09,G,0110,15,F,1,1,070000,00.0
HFHA,AC,202006,D,21,,A,11,0110,1,EL-12,O,0110,15,F,1,1,150000,00.0
HFHA,AC,202007,D,21,,A,11,0110,1,EL-12,O,0110,15,F,1,1,150000,00.0
HFHA,AC,202007,D,21,,A,11,0110,1,EL-12,O,0110,15,F,1,1,150000,00.0
HFHA,AC,202008,B,13,,A,11,0110,1,EL-07,E,0110,20,F,2,1,057000,00.0
HFHA,AC,202009,B,13,,A,11,0110,1,EL-07,E,0110,20,F,2,1,055000,00.0
HFHA,AC,202104,C,13,,A,11,0110,1,EL-07,E,0110,20,F,2,1,052849,00.9
HFHA,AC,202210,B,17,,A,11,0110,1,EL-09,F,0110,20,F,2,1,069494,00.0
HFHA,AC,202106,D,21,,A,11,0110,1,EL-12,O,0110,15,F,1,1,155250,00.0
HFHA,AC,202107,C,21,,A,11,0110,1,EL-12,O,0110,15,F,1,1,155250,00.0
HFHA,AC,202107,D,21,,A,11,0110,1,EL-12,O,0110,15,F,1,1,155250,00.0
HFHA,AC,202107,C,21,,A,11,0110,1,EL-12,O,0110,15,F,1,1,155250,00.0
HFHA,AC,202107,C,21,,A,11,0110,1,EL-12,O,0110,15,F,1,1,155250,00.0
HFHA,AC,202107,D,21,,A,11,0110,1,EL-12,O,0110,15,F,1,1,155250,00.0
HFHA,AC,202207,C,21,,A,11,0110,1,EL-12,P,0110,15,F,1,1,160218,00.0
HFHA,AC,202207,D,21,,A,11,0110,1,EL-12,P,0110,15,F,1,1,160218,00.0
HFHA,AC,202207,B,21,,A,11,0110,1,EL-12,P,0110,15,F,1,1,160218,00.0
HFHA,AC,202207,C,21,,A,11,0110,1,EL-12,P,0110,15,F,1,1,160218,00.0
HFHA,AC,202209,B,13,,A,11,0110,1,EL-07,E,0110,20,F,2,1,058000,00.0
HFHA,AC,202209,E,17,,A,11,0110,1,EL-09,F,0110,20,F,2,1,069494,00.0
HFHA,AC,202209,B,13,,A,11,0110,1,EL-07,E,0110,20,F,2,1,058000,00.0
HFHA,AC,202209,B,13,,A,11,0110,1,EL-07,E,0110,20,F,2,1,058000,00.0
HFHA,AC,202306,B,17,,A,11,0110,1,EL-09,G,0110,20,F,2,1,070550,00.0
HFHA,AC,202306,D,21,,A,11,0110,1,EL-12,P,0110,15,F,1,1,167500,00.0
HFHA,AC,202307,C,17,,A,11,0110,1,EL-09,G,0110,15,F,1,1,073549,00.0
HFHA,AC,202307,E,21,,A,11,0110,1,EL-12,P,0110,15,F,1,1,167500,00.0
HFHA,AC,202002,K,17,,G,11,0110,1,EL-15,T,0110,20,F,2,1,210000,22.8
HSAA,AC,202110,F,13,15,F,11,0110,1,GS-15,N,0110,15,F,1,1,144128,15.2
HSAA,AA,202211,H,17,15,G,11,0110,1,GS-15,Q,0110,10,F,1,1,176300,21.3
HSAB,AA,202203,F,17,13,E,11,0110,1,GS-13,K,0110,10,F,1,1,117505,14.1
HSAB,AA,202203,G,04,13,B,11,0110,1,GS-13,J,0110,10,F,1,1,106823,02.8
HSAB,AC,202212,F,17,13,E,24,0110,1,GS-13,K,0110,10,F,1,1,117505,13.3
HSAB,AA,202208,H,21,15,E,11,0110,1,GS-15,Q,0110,10,F,1,1,176300,12.6
HSAB,AC,202304,F,17,14,A,11,0110,1,GS-14,M,0110,15,F,1,1,132368,00.0
HSAB,AC,202002,E,21,13,C,11,0110,1,GS-13,J,0110,15,F,1,1,109508,04.8
HSAB,AC,202002,C,13,13,C,11,0110,1,GS-13,J,0110,15,F,1,1,102663,03.1
HSAB,AA,202204,C,13,13,D,11,0110,1,GS-13,J,0110,10,F,1,1,106823,05.2
HSAB,AA,202307,D,17,13,C,11,0110,1,GS-13,K,0110,10,F,1,1,112015,04.7
HSAB,AC,202003,F,21,13,B,11,0110,1,GS-13,K,0110,15,F,1,1,116353,02.7
HSAB,AD,202306,J,13,14,A,11,0110,1,GS-14,M,0110,30,F,1,1,132368,00.8
HSAB,AC,202112,F,21,13,A,24,0110,1,GS-13,L,0110,15,F,1,1,120972,00.0
HSAB,AC,202301,D,17,13,A,24,0110,1,GS-13,K,0110,15,F,1,1,112015,00.0
HSAB,AA,201911,E,17,15,D,11,0110,1,GS-15,M,0110,10,F,1,1,137849,09.9
HSAC,AC,202301,F,17,14,A,11,0110,1,GS-14,O,0110,10,F,1,1,150016,00.0
HSAC,AC,201912,D,17,12,A,11,0110,1,GS-12,H,0110,15,F,1,1,083398,00.0
HSAC,AC,202211,D,17,11,D,11,0110,1,GS-11,H,0110,15,F,1,1,089936,06.3
HSAC,AC,202302,F,17,14,D,11,0110,1,GS-14,N,0110,15,F,1,1,141192,07.5
HSAC,AC,202107,E,17,09,A,11,0110,1,GS-09,F,0110,15,F,1,1,060129,00.0
HSAC,AA,202204,E,21,14,D,11,0110,1,GS-14,N,0110,10,F,1,1,143064,06.0
HSAC,AC,202105,D,17,13,B,11,0110,1,GS-13,J,0110,15,F,1,1,103690,02.9
HSAC,AC,202105,C,13,11,B,11,0110,1,GS-11,H,0110,15,F,1,1,087304,02.4
HSAC,AC,201910,B,17,12,A,11,0110,1,GS-12,H,0110,15,F,1,1,083398,00.0
HSAC,AC,201911,C,17,12,A,11,0110,1,GS-12,H,0110,15,F,1,1,083398,00.0
HSAC,AC,202101,E,17,12,B,55,0110,1,GS-12,H,0110,15,F,1,1,080836,01.1
HSAC,AC,202208,B,17,11,B,11,0110,1,GS-11,G,0110,15,F,1,1,074950,01.4
HSAC,AC,202104,C,17,11,A,11,0110,1,GS-11,G,0110,15,F,1,1,072750,00.0
HSAC,AC,202301,C,04,11,A,11,0110,1,GS-11,G,0110,15,F,1,1,078592,00.0
HSBB,AC,202101,J,22,15,H,11,0110,1,GS-15,Q,0110,15,F,1,1,172500,29.0
HSBB,AC,202003,E,17,14,E,11,0110,1,GS-14,L,0110,15,F,1,1,121316,10.9
HSBB,AC,202208,E,17,15,D,11,0110,1,GS-15,O,0110,10,F,1,1,153434,07.3
HSBB,AC,202102,E,17,13,A,11,0110,1,GS-13,J,0110,15,F,1,1,103690,00.0
HSBC,AD,202110,E,17,,A,51,0110,1,SV-I,I,0110,38,F,1,1,099254,00.0
HSBC,AD,202208,F,17,,E,48,0110,1,SV-J,M,0110,38,F,1,1,136804,10.4
HSBC,AD,202202,D,17,,D,51,0110,1,SV-I,L,0110,38,F,1,1,125423,07.5
HSBC,AD,202308,D,13,,D,51,0110,1,SV-H,I,0110,38,F,1,1,094199,08.5
HSBC,AD,202201,C,17,,A,51,0110,1,SV-H,J,0110,38,F,1,1,100000,00.0
HSBC,AD,202106,C,12,,A,51,0110,1,SV-G,F,0110,38,F,1,1,065892,00.4
HSBD,AC,201912,E,21,12,A,11,0110,1,GS-12,J,0110,15,F,1,1,108422,00.0
HSBD,AA,202006,E,17,12,E,11,0110,1,GS-12,J,0110,10,F,1,1,106483,10.3
HSBD,AC,201911,D,17,11,A,11,0110,1,GS-11,F,0110,15,F,1,1,069581,00.0
HSBD,AC,202308,C,14,11,A,11,0110,1,GS-11,G,0110,15,F,1,1,078592,00.0
HSCA,AC,202306,D,17,13,A,44,0110,1,GS-13,K,0110,15,F,1,1,110798,00.0
HSCB,AC,202107,E,13,14,D,11,0110,1,GS-14,L,0110,10,F,1,1,122530,09.8
HSCB,AA,202003,E,17,13,E,11,0110,1,GS-13,L,0110,10,F,1,1,123198,13.5
HSCB,AC,202003,D,17,12,D,11,0110,1,GS-12,J,0110,10,F,1,1,100727,09.5
HSCB,AA,202008,E,17,14,D,11,0110,1,GS-14,L,0110,10,F,1,1,121316,09.5
HSCB,AA,202012,E,04,14,D,11,0110,1,GS-14,M,0110,15,F,1,1,133447,09.0
HSCB,AC,202003,F,17,12,D,11,0110,1,GS-12,I,0110,10,F,1,1,097848,07.8
HSCB,AC,202003,E,17,14,D,11,0110,1,GS-14,L,0110,10,F,1,1,121316,08.5
HSCB,AA,202309,D,17,14,D,11,0110,1,GS-14,M,0110,10,F,1,1,132368,06.7
HSCB,AC,202304,C,17,12,B,11,0110,1,GS-12,I,0110,15,F,1,1,094199,01.6
HSCB,AC,202204,I,13,14,A,11,0110,1,GS-14,L,0110,15,F,1,1,126233,00.0
HU03,AC,202303,E,13,12,A,42,0110,1,GS-12,I,0110,15,F,1,1,090893,00.0
HU03,AC,202308,C,17,09,A,13,0110,1,GS-09,F,0110,15,F,1,1,060314,00.0
HU06,AC,202005,E,17,09,A,48,0110,1,GS-09,E,0110,15,F,1,1,057025,00.0
HU06,AC,202007,C,17,09,A,48,0110,1,GS-09,E,0110,15,F,1,1,057025,00.0
HU06,AC,202209,D,17,09,A,48,0110,1,GS-09,E,0110,15,F,1,1,059192,00.0
HU06,AC,202209,B,04,09,A,48,0110,1,GS-09,E,0110,15,F,1,1,059192,00.0
HU08,AC,202107,C,17,09,A,08,0110,1,GS-09,E,0110,15,F,1,1,058585,00.0
HU08,AC,202108,E,13,09,A,08,0110,1,GS-09,E,0110,15,F,1,1,058585,00.0
HU09,AC,202204,C,17,09,A,06,0110,1,GS-09,F,0110,15,F,1,1,067226,00.0
HUMM,AA,202307,G,17,13,E,11,0110,1,GS-13,M,0110,10,F,1,1,134416,10.5
HUMM,AC,202202,F,21,14,A,11,0110,1,GS-14,L,0110,15,F,1,1,126233,00.0
HUMM,AC,202301,D,17,14,A,11,0110,1,GS-14,N,0110,15,F,1,1,145604,00.0
HURR,AA,202112,F,17,14,F,11,0110,1,GS-14,M,0110,10,F,1,1,130698,16.5
HURR,AC,202201,C,13,11,B,11,0110,1,GS-11,G,0110,15,F,1,1,074950,02.3
HURR,AD,202005,C,17,12,B,11,0110,1,GS-12,H,0110,32,F,1,1,086335,01.8
HURR,AC,202002,E,21,13,A,11,0110,1,GS-13,M,0110,15,F,1,1,133465,00.0
HURR,AC,202010,D,21,13,A,11,0110,1,GS-13,J,0110,15,F,1,1,102663,00.0
HURR,AC,202305,D,04,13,A,36,0110,1,GS-13,I,0110,15,F,1,1,098496,00.0
HURR,AC,202110,F,21,13,A,11,0110,1,GS-13,J,0110,15,F,1,1,103690,00.0
HURR,AC,202201,D,13,11,A,11,0110,1,GS-11,G,0110,15,F,1,1,074950,00.0
HURR,AC,202208,F,21,13,A,09,0110,1,GS-13,J,0110,15,F,1,1,105743,00.0
HURR,AC,202304,E,17,14,E,11,0110,1,GS-14,M,0110,15,F,1,1,132368,10.3
HURR,AC,202305,B,04,09,A,13,0110,1,GS-09,F,0110,15,F,1,1,060314,00.0
HURR,AC,202305,E,04,14,A,06,0110,1,GS-14,P,0110,15,F,1,1,168018,00.0
HUTT,AA,202003,H,17,14,F,11,0110,1,GS-14,M,0110,10,F,1,1,137491,15.4
HUTT,AA,202003,E,21,14,C,11,0110,1,GS-14,L,0110,10,F,1,1,121316,04.1
HUTT,AA,202212,F,21,14,C,11,0110,1,GS-14,M,0110,10,F,1,1,138856,03.3
HUTT,AC,202211,E,17,14,A,11,0110,1,GS-14,O,0110,15,F,1,1,151479,00.0
IN01,AC,202201,K,17,15,J,11,0110,1,GS-15,Q,0110,20,I,2,1,176300,36.9
IN01,AA,202004,E,17,13,E,11,0110,1,GS-13,M,0110,10,F,1,1,133465,11.7
IN01,AC,202207,H,21,15,A,11,0110,1,GS-15,N,0110,15,F,1,1,148484,00.0
IN05,AC,202108,C,17,12,A,56,0110,1,GS-12,G,0110,15,F,1,1,077488,00.0
IN05,AC,202209,K,21,14,J,11,0110,1,GS-14,P,0110,10,F,1,1,164102,42.1
IN05,AC,202209,F,13,12,A,08,0110,1,GS-12,J,0110,15,F,1,1,102075,00.0
IN07,AC,201910,J,17,14,I,08,0110,1,GS-14,N,0110,20,P,2,1,148794,33.8
IN07,AA,202201,E,13,11,E,06,0110,1,GS-11,G,0110,10,F,1,1,079792,10.6
IN07,AC,201911,C,17,12,A,08,0110,1,GS-12,H,0110,15,F,1,1,081451,00.0
IN07,AC,202104,D,17,11,A,49,0110,1,GS-11,F,0110,15,F,1,1,064649,00.0
IN07,AD,202105,B,17,09,A,24,0110,1,GS-09,F,0110,35,F,1,1,060129,00.0
IN07,AC,202106,C,17,11,A,49,0110,1,GS-11,F,0110,15,F,1,1,064649,00.0
IN07,AD,202304,B,17,09,A,32,0110,1,GS-09,E,0110,35,F,1,1,058226,00.0
IN07,AC,202307,E,21,12,A,08,0110,1,GS-12,I,0110,15,F,1,1,091753,00.0
IN07,AC,202307,D,13,12,A,08,0110,1,GS-12,I,0110,15,F,1,1,091753,00.0
IN08,AC,202306,C,21,12,A,08,0110,1,GS-12,I,0110,15,F,1,1,091753,00.0
IN08,AC,202308,I,21,12,A,08,0110,1,GS-12,I,0110,20,F,2,1,091753,00.0
IN08,AC,202008,I,21,12,A,51,0110,1,GS-12,H,0110,20,F,2,1,086335,00.0
IN08,AC,202009,G,21,11,A,51,0110,1,GS-11,I,0110,20,F,2,1,093638,00.0
IN08,AC,202108,D,14,12,A,51,0110,1,GS-12,H,0110,20,F,2,1,087198,00.0
IN08,AC,202211,G,17,11,A,51,0110,1,GS-11,I,0110,15,F,1,1,097430,00.0
IN08,AC,202306,C,17,09,A,08,0110,1,GS-09,F,0110,20,F,2,1,065379,00.0
IN08,AD,202307,C,21,12,A,08,0110,1,GS-12,I,0110,40,F,2,1,091753,00.0
IN08,AC,202307,C,18,11,A,08,0110,1,GS-11,G,0110,20,F,2,1,076551,00.0
IN15,AA,202107,H,17,14,F,53,0110,1,GS-14,O,0110,10,F,1,1,155062,16.8
IN27,AC,202001,H,21,14,E,51,0110,1,GS-14,M,0110,10,F,1,1,133447,11.7
IN27,AA,202205,G,13,14,G,51,0110,1,GS-14,N,0110,10,F,1,1,143064,21.9
IN27,AA,202201,E,17,13,E,06,0110,1,GS-13,N,0110,10,F,1,1,141064,14.3
IN27,AC,202207,G,17,11,A,48,0110,1,GS-11,G,0110,10,F,1,1,078878,00.0
IN27,AC,202304,D,13,11,A,08,0110,1,GS-11,G,0110,10,F,1,1,076551,00.0
IN27,AC,202007,D,17,12,C,51,0110,1,GS-12,H,0110,10,F,1,1,089213,04.1
IN27,AC,202103,I,21,13,A,22,0110,1,GS-13,I,0110,15,F,1,1,092143,00.0
MC00,AA,202103,G,21,,D,11,0110,1,ES-**,S,0110,50,F,1,1,199300,08.4
MC00,AC,202008,C,17,13,C,11,0110,1,GS-13,J,0110,10,F,1,1,102663,04.1
MC00,AC,201912,F,17,13,A,11,0110,1,GS-13,K,0110,15,F,1,1,115699,00.0
MC00,AC,202008,J,21,15,A,11,0110,1,GS-15,Q,0110,15,F,1,1,170800,00.0
MC00,AC,202009,D,17,12,A,11,0110,1,GS-12,H,0110,15,F,1,1,086335,00.0
MC00,AC,202108,D,17,11,A,11,0110,1,GS-11,G,0110,15,F,1,1,072750,00.0
MC00,AC,202111,D,17,11,A,11,0110,1,GS-11,H,0110,15,F,1,1,084879,00.0
MC00,AC,202302,G,17,11,A,11,0110,1,GS-11,G,0110,15,F,1,1,078592,00.0
MC00,AC,202301,C,17,11,A,11,0110,1,GS-11,H,0110,15,F,1,1,086450,00.0
MI00,AC,202006,E,21,,B,11,0110,1,MC-3B,L,0110,15,F,1,1,125000,01.5
MI00,AC,201910,E,21,,C,11,0110,1,MC-4A,L,0110,15,F,1,1,129000,03.8
MI00,AC,202202,D,17,,D,11,0110,1,MC-3B,N,0110,15,F,1,1,145799,07.5
MI00,AC,202003,E,17,,A,11,0110,1,MC-3B,M,0110,15,F,1,1,137500,00.0
MI00,AC,202007,J,21,,A,11,0110,1,MC-2D,R,0110,15,F,1,1,185143,00.0
MI00,AC,202103,G,21,,A,11,0110,1,MC-2C,S,0110,15,F,1,1,195482,00.0
NF00,AC,202309,C,13,13,C,51,0110,1,GS-13,N,0110,15,F,1,1,141884,04.3
NF00,AC,202301,C,18,12,B,51,0110,1,GS-12,I,0110,15,F,1,1,094199,02.3
NU00,AD,202302,I,18,13,F,24,0110,1,GG-13,L,0110,38,F,1,1,123216,15.8
NU00,AD,202305,J,21,15,E,24,0110,1,GG-15,P,0110,38,F,1,1,166079,13.1
NU00,AD,202203,E,17,13,D,24,0110,1,GG-13,L,0110,38,F,1,1,121065,09.8
NU00,AD,202204,D,14,13,E,24,0110,1,GG-13,J,0110,38,F,1,1,106823,10.3
NV22,AC,202005,G,21,14,C,51,0110,1,GS-14,L,0110,15,F,1,1,121316,03.8
NV22,AC,202305,H,17,14,A,51,0110,1,GS-14,O,0110,15,F,1,1,150016,00.0
NV25,AC,202010,H,04,14,A,51,0110,1,GS-14,J,0110,15,F,1,1,108328,00.0
OM00,AC,202107,C,17,14,A,11,0110,1,GS-14,L,0110,15,F,1,1,122530,00.0
OM00,AC,202201,D,17,14,A,11,0110,1,GS-14,P,0110,15,F,1,1,164102,00.0
OM00,AC,202210,D,17,12,A,11,0110,1,GS-12,K,0110,15,F,1,1,116788,00.0
OM00,AC,202303,D,21,12,A,22,0110,1,GS-12,I,0110,15,F,1,1,096636,00.0
OM00,AC,202305,C,13,11,A,51,0110,1,GS-11,G,0110,15,F,1,1,078592,00.0
SB00,AC,202006,F,13,14,B,11,0110,1,GS-14,L,0110,10,F,1,1,125360,01.8
SB00,AC,202007,I,17,14,D,11,0110,1,GS-14,O,0110,10,F,1,1,157709,09.1
SB00,AA,202209,G,17,13,E,11,0110,1,GS-13,K,0110,10,F,1,1,113944,10.4
SB00,AC,202203,D,14,11,B,11,0110,1,GS-11,G,0110,10,F,1,1,079945,02.9
SB00,AD,202302,D,17,,A,11,0110,1,AD-00,K,0110,48,F,2,1,119319,00.0
SB00,AD,202106,D,04,,A,11,0110,1,AD-00,J,0110,48,F,2,1,104641,00.0
SB00,AD,202204,B,13,,A,11,0119,3,AD-00,G,XXXX,48,F,2,1,077447,00.0
SE00,AC,202109,E,17,,A,11,0110,1,SK-13,N,0110,15,F,1,1,149204,00.0
SE00,AC,202104,H,21,,F,11,0110,1,SO-01,U,0110,10,F,1,1,229450,16.8
SE00,AC,202201,H,21,,F,11,0110,1,SK-14,R,0110,10,F,1,1,189905,18.3
SE00,AC,202202,D,13,,A,11,0110,1,SK-12,M,0110,15,F,1,1,134223,00.0
SE00,AD,202101,E,17,,D,11,0110,1,SK-14,R,0110,40,F,2,1,184000,08.3
SE00,AC,202012,F,17,,E,53,0110,1,SK-17,U,0110,15,F,1,1,220491,10.0
SE00,AD,202107,F,21,,A,11,0110,1,SK-14,R,0110,40,F,2,1,184000,00.0
SE00,AC,202003,D,17,,A,11,0110,1,SK-16,T,0110,15,F,1,1,203319,00.0
SE00,AC,202007,E,21,,D,11,0110,1,SK-12,I,0110,10,F,1,1,095470,05.0
SE00,AC,202307,D,17,,A,11,0110,1,SK-12,L,0110,15,F,1,1,125203,00.0
SE00,AC,202201,D,13,,D,11,0110,1,SK-12,M,0110,10,F,1,1,134223,07.5
SE00,AD,202208,D,21,,A,11,0110,1,SK-14,P,0110,40,F,2,1,163000,00.0
SE00,AC,202006,D,17,,C,11,0110,1,SK-12,I,0110,15,F,1,1,095470,03.7
SE00,AC,202009,F,21,,D,11,0110,1,SK-14,R,0110,15,F,1,1,183270,05.2
SE00,AC,202305,G,21,,D,11,0110,1,SK-14,T,0110,10,F,1,1,207819,07.0
SE00,AC,202107,C,17,,C,11,0110,1,SK-12,J,0110,15,F,1,1,105061,03.0
SE00,AC,202212,F,17,,A,11,0110,1,SK-14,S,0110,15,F,1,1,198187,00.0
SE00,AC,202004,C,13,,C,11,0110,1,SK-12,J,0110,10,F,1,1,105061,03.3
SE00,AC,202304,H,21,,C,25,0110,1,SK-14,T,0110,10,F,1,1,205560,03.4
SE00,AD,201911,E,21,,D,11,0110,1,SK-14,R,0110,40,F,2,1,184000,07.0
SE00,AD,202006,G,21,,A,11,0110,1,SK-14,R,0110,40,I,2,1,184000,00.0
SE00,AD,202006,D,17,,A,11,0110,1,SK-14,P,0110,40,F,2,1,163000,00.0
SE00,AD,202006,E,17,,A,11,0110,1,SK-14,P,0110,40,F,2,1,163000,00.0
SE00,AD,202006,C,21,,A,11,0110,1,SK-14,P,0110,40,F,2,1,163000,00.0
SE00,AD,202008,D,17,,A,11,0110,1,SK-14,P,0110,40,F,2,1,163000,00.0
SE00,AC,202307,B,13,,B,11,0110,1,SK-11,I,0110,10,F,1,1,097778,02.8
SE00,AC,202008,D,21,,A,48,0110,1,SK-11,H,0110,15,F,1,1,081393,00.0
SE00,AD,202008,E,21,,C,11,0110,1,SK-14,R,0110,40,F,2,1,184000,03.1
SE00,AD,202104,F,17,,F,11,0110,1,SK-14,R,0110,40,F,2,1,184000,16.3
SE00,AC,202102,B,13,,A,11,0110,1,SK-12,I,0110,15,F,1,1,095470,00.0
SE00,AD,202103,G,21,,E,17,0110,1,SK-14,P,0110,40,F,2,1,168757,12.4
SE00,AD,202107,F,21,,A,18,0110,1,ED-00,P,0110,48,I,2,1,163495,00.0
SE00,AD,202108,C,18,,A,04,0110,1,SK-14,N,0110,40,F,2,1,146397,00.0
SE00,AD,202110,C,17,,A,42,0110,1,SK-14,O,0110,40,F,2,1,157453,00.0
SE00,AD,202110,D,13,,A,42,0110,1,SK-14,O,0110,40,F,2,1,157453,00.0
SE00,AC,202111,D,21,,C,11,0110,1,SK-14,R,0110,15,F,1,1,184000,03.7
SE00,AC,202112,E,13,,C,17,0110,1,SK-14,R,0110,15,F,1,1,181335,03.0
SE00,AC,202202,G,13,,C,11,0110,1,SK-14,R,0110,15,F,1,1,189905,03.0
SE00,AC,202203,C,21,,C,11,0110,1,SK-14,R,0110,15,F,1,1,184000,03.0
SE00,AC,202205,F,21,,C,11,0110,1,SK-14,R,0110,15,F,1,1,184000,03.0
SE00,AC,202205,H,21,,C,11,0110,1,SK-14,R,0110,15,F,1,1,184000,03.0
SE00,AC,202307,C,17,,C,11,0110,1,SK-14,R,0110,15,F,1,1,184100,03.0
SE00,AC,202206,D,21,,A,11,0110,1,SK-14,P,0110,15,F,1,1,164311,00.0
SE00,AD,202206,C,13,,C,06,0110,1,SK-14,P,0110,40,F,2,1,166910,03.0
SE00,AC,202206,C,17,,A,11,0110,1,SK-14,P,0110,15,F,1,1,164311,00.0
SE00,AD,202207,E,21,,A,06,0110,1,ED-00,R,0110,48,I,2,1,188414,00.0
SE00,AD,202207,D,17,,B,11,0110,1,SK-14,P,0110,40,F,2,1,164311,02.9
SE00,AC,202208,D,21,,A,29,0110,1,SK-14,N,0110,15,F,1,1,147846,00.0
SE00,AD,202208,D,21,,C,11,0110,1,SK-14,P,0110,40,F,2,1,164311,03.0
SE00,AD,202208,E,21,,A,11,0110,1,SK-14,R,0110,40,F,2,1,185481,00.0
SE00,AD,202208,D,21,,C,11,0110,1,SK-14,P,0110,40,F,2,1,164311,03.0
SE00,AD,202208,D,21,,A,11,0110,1,SK-14,P,0110,40,F,2,1,164311,00.0
SE00,AD,202208,E,17,,C,11,0110,1,SK-14,P,0110,40,F,2,1,164311,03.0
SE00,AC,202208,H,21,,A,17,0110,1,SK-14,R,0110,10,F,1,1,182167,00.0
SE00,AD,202208,E,21,,A,18,0110,1,ED-00,R,0110,48,I,2,1,180650,00.0
SE00,AC,202209,G,21,,C,36,0110,1,SK-14,S,0110,15,F,1,1,190459,03.0
SE00,AD,202210,F,21,,A,11,0110,1,ED-00,R,0110,48,I,2,1,185471,00.0
SE00,AC,202303,D,21,,C,11,0110,1,SK-14,S,0110,15,F,1,1,198187,03.0
SE00,AC,202304,G,21,,C,06,0110,1,SK-16,U,0110,15,F,1,1,232685,03.0
SE00,AD,202305,E,21,,C,11,0110,1,SK-14,T,0110,40,F,2,1,207819,03.0
SE00,AC,202306,F,21,,C,36,0110,1,SK-14,T,0110,15,F,1,1,213575,03.0
SE00,AD,202306,D,21,,A,11,0110,1,SK-14,R,0110,40,F,2,1,184100,00.0
SE00,AD,202307,E,21,,A,11,0110,1,SK-14,T,0110,40,F,2,1,207819,00.0
SE00,AC,202307,D,17,,C,11,0110,1,SK-12,M,0110,15,F,1,1,133815,03.0
SE00,AC,202307,D,21,,C,08,0110,1,SK-14,Q,0110,15,F,1,1,179320,03.0
SE00,AC,202308,E,13,,C,11,0110,1,SK-14,T,0110,15,F,1,1,207819,03.0
SE00,AD,202308,E,17,,A,11,0110,1,SK-14,R,0110,40,F,2,1,184100,00.0
SE00,AD,202308,D,21,,C,11,0110,1,SK-14,T,0110,40,F,2,1,207819,03.0
SE00,AC,202308,D,21,,C,11,0110,1,SK-14,R,0110,15,F,1,1,184100,03.0
SE00,AC,202308,C,21,,A,11,0110,1,SK-14,R,0110,15,F,1,1,184100,00.0
SE00,AC,202308,C,21,,C,06,0110,1,SK-14,T,0110,15,F,1,1,200302,03.0
SE00,AD,202308,D,21,,A,11,0110,1,SK-14,T,0110,40,F,2,1,207819,00.0
SE00,AC,202309,D,17,,A,11,0110,1,SK-14,R,0110,15,F,1,1,184100,00.0
SE00,AC,202205,E,21,,C,11,0110,1,SK-14,R,0110,15,F,1,1,185481,03.0
SK00,AC,202001,E,13,13,B,24,0110,1,GS-13,J,0110,10,F,1,1,109508,02.3
SK00,AE,202109,E,17,,D,24,0110,1,ES-**,P,0110,50,F,1,1,169725,07.9
SK00,AC,202202,D,17,13,C,24,0110,1,GS-13,J,0110,10,F,1,1,106823,03.1
SK00,AC,202201,G,17,15,E,24,0110,1,GS-15,Q,0110,10,F,1,1,173232,13.3
SK00,AC,202210,C,17,12,B,24,0110,1,GS-12,H,0110,15,F,1,1,089834,02.9
SK00,AC,202004,J,21,11,A,24,0110,1,GS-11,G,0110,15,F,1,1,072030,00.0
SK00,AC,202111,F,21,13,A,24,0110,1,GS-13,L,0110,15,F,1,1,120972,00.0
SK00,AC,202208,F,17,13,A,24,0110,1,GS-13,J,0110,15,F,1,1,106823,00.0
ST00,AC,202109,E,17,14,A,11,0110,1,GS-14,L,0110,15,F,1,1,126614,00.0
ST00,AC,202201,F,17,15,A,11,0110,1,GS-15,O,0110,15,F,1,1,158383,00.0
ST00,AC,202306,G,21,15,D,11,0110,1,GS-15,Q,0110,15,F,1,1,171268,09.4
ST00,AA,202003,D,13,14,C,11,0110,1,GS-14,L,0110,10,F,1,1,121316,04.8
ST00,AC,202107,C,13,09,A,11,0110,1,GS-09,F,0110,15,F,1,1,060129,00.0
ST00,AC,202110,C,04,09,A,11,0110,1,GS-09,F,0110,15,F,1,1,060129,00.0
ST00,AD,202207,D,21,14,A,11,0110,1,GG-14,L,0110,48,F,2,1,126233,00.0
ST00,AD,202209,E,21,15,A,11,0110,1,GS-15,Q,0110,44,F,2,1,173232,00.0
ST00,AC,202301,E,13,13,A,11,0110,1,GS-13,M,0110,15,F,1,1,130683,00.0
ST00,AD,202201,F,21,14,F,11,0110,1,GG-14,O,0110,48,F,2,1,155687,15.5
SZ00,AC,202309,F,17,13,F,11,0110,1,GS-13,K,0110,15,F,1,1,115749,15.4
SZ00,AC,202202,C,17,12,A,11,0110,1,GS-12,K,0110,15,F,1,1,110798,00.0
SZ00,AD,202101,E,21,13,A,17,0110,1,GS-13,J,0110,40,I,2,1,102188,00.0
SZ00,AC,202203,G,17,11,A,24,0110,1,GS-11,G,0110,15,F,1,1,074950,00.0
SZ00,AC,202204,C,13,09,A,24,0110,1,GS-09,F,0110,15,F,1,1,061947,00.0
SZ00,AC,202301,F,17,12,A,11,0110,1,GS-12,J,0110,15,F,1,1,106759,00.0
SZ00,AC,202308,D,17,11,A,24,0110,1,GS-11,G,0110,15,F,1,1,078592,00.0
TC00,AA,202002,F,17,12,E,11,0110,1,GS-12,J,0110,10,F,1,1,100727,10.5
TC00,AA,202209,E,17,13,E,11,0110,1,GS-13,K,0110,10,F,1,1,117505,13.1
TC00,AC,202103,D,13,13,D,11,0110,1,GS-13,K,0110,10,F,1,1,114059,08.0
TC00,AA,202003,D,17,12,D,11,0110,1,GS-12,H,0110,10,F,1,1,086335,05.6
TC00,AC,202103,E,21,14,D,11,0110,1,GS-14,L,0110,10,F,1,1,126614,06.6
TC00,AC,202103,G,21,14,C,11,0110,1,GS-14,L,0110,10,F,1,1,126614,04.5
TC00,AC,202304,G,17,13,D,11,0110,1,GS-13,K,0110,10,F,1,1,119482,05.4
TC00,AC,202108,F,21,13,B,11,0110,1,GS-13,J,0110,15,F,1,1,107146,01.9
TC00,AC,202104,B,13,09,A,11,0110,1,GS-09,F,0110,20,F,2,1,060129,00.0
TC00,AC,202104,E,17,11,A,11,0110,1,GS-11,G,0110,20,F,2,1,072750,00.0
TC00,AC,202107,C,17,12,A,11,0110,1,GS-12,J,0110,15,F,1,1,107548,00.0
TC00,AC,202210,C,07,11,A,11,0110,1,GS-11,G,0110,15,F,1,1,074950,00.0
TC00,AA,202304,C,17,11,B,11,0110,1,GS-11,G,0110,15,F,1,1,078592,02.4
TC00,AC,202306,C,17,11,A,11,0110,1,GS-11,G,0110,15,F,1,1,078592,00.0
TC00,AC,202307,B,07,11,A,11,0110,1,GS-11,G,0110,15,F,1,1,078592,00.0
TC00,AC,202307,C,17,11,A,11,0110,1,GS-11,G,0110,15,F,1,1,078592,00.0
TC00,AC,202307,C,13,12,A,11,0110,1,GS-12,K,0110,15,F,1,1,116179,00.0
TD01,AC,202108,D,17,13,D,25,0110,1,GS-13,K,0110,10,F,1,1,112862,08.1
TD01,AC,202209,I,21,14,D,11,0110,1,GS-14,L,0110,15,F,1,1,126233,06.0
TD01,AC,202302,D,17,12,B,06,0110,1,GS-12,J,0110,15,F,1,1,103383,01.8
TD01,AC,201911,F,21,14,A,11,0110,1,GS-14,K,0110,15,F,1,1,117191,00.0
TD01,AC,202002,C,17,11,A,11,0110,1,GS-11,G,0110,15,F,1,1,079233,00.0
TD01,AC,202004,D,13,11,A,25,0110,1,GS-11,G,0110,15,F,1,1,071274,00.0
TD01,AC,202304,B,13,07,A,11,0110,1,GS-07,E,0110,15,F,1,1,053105,00.0
TD01,AC,202007,B,13,07,A,25,0110,1,GS-07,D,0110,15,F,1,1,048159,00.0
TD01,AC,202010,C,13,11,B,25,0110,1,GS-11,G,0110,15,F,1,1,071274,01.8
TD01,AC,202012,E,21,13,A,25,0110,1,GS-13,L,0110,15,P,2,1,121904,00.0
TD01,AC,202101,C,17,11,A,25,0110,1,GS-11,G,0110,15,F,1,1,076787,00.0
TD01,AC,202111,F,21,11,A,11,0110,1,GS-11,H,0110,15,F,1,1,080027,00.0
TD01,AC,202205,B,17,09,A,25,0110,1,GS-09,F,0110,15,F,1,1,061268,00.0
TD01,AC,202206,D,17,13,A,25,0110,1,GS-13,J,0110,15,F,1,1,105654,00.0
TD01,AC,202207,D,13,13,A,11,0110,1,GS-13,J,0110,15,F,1,1,106823,00.0
TD01,AC,202302,C,17,09,A,25,0110,1,GS-09,F,0110,15,F,1,1,066393,00.0
TD01,AC,202304,C,17,13,A,45,0110,1,GS-13,I,0110,15,F,1,1,098496,00.0
TD01,AC,202305,D,21,13,A,53,0110,1,GS-13,J,0110,15,F,1,1,109546,00.0
TD01,AC,202306,D,21,11,A,11,0110,1,GS-11,G,0110,15,F,1,1,078592,00.0
TD03,AD,202109,D,20,,B,11,0110,1,FV-H,K,0110,38,F,1,1,113677,01.3
TD03,AD,202101,D,13,,D,11,0110,1,FV-I,K,0110,38,F,1,1,117000,08.1
TD03,AD,201912,C,14,,C,11,0110,1,FV-I,J,0110,38,F,1,1,109922,03.7
TD03,AD,202103,C,17,,C,11,0110,1,FV-I,J,0110,38,F,1,1,103622,04.8
TD03,AD,202301,C,13,,C,11,0110,1,FV-H,J,0110,38,F,1,1,107277,04.3
TD03,AD,201910,D,13,,A,11,0110,1,FV-G,E,0110,38,F,1,1,058384,00.0
TD03,AD,202007,D,13,,A,11,0110,1,FV-J,N,0110,38,F,1,1,140266,00.0
TD03,AD,202007,E,09,,A,11,0110,1,FV-I,L,0110,48,P,2,1,120000,00.0
TD03,AD,202206,F,04,,A,11,0110,1,FV-J,Q,0110,38,F,1,1,170527,00.0
TD03,AD,202208,D,17,,A,11,0110,1,FV-G,I,0110,38,F,1,1,097485,00.0
TD03,AD,202306,F,17,,E,11,0110,1,FV-K,R,0110,38,F,1,1,183258,10.1
TD04,AC,202210,I,21,14,H,51,0110,1,GS-14,P,0110,10,F,1,1,164102,26.7
TD04,AC,201911,C,16,11,A,11,0110,1,GS-11,F,0110,15,F,1,1,069581,00.0
TD04,AC,202105,C,18,12,A,53,0110,1,GS-12,I,0110,15,F,1,1,090546,00.0
TD04,AC,202207,F,22,14,A,11,0110,1,GS-14,O,0110,15,F,1,1,155687,00.0
TD04,AC,202211,F,19,11,A,08,0110,1,GS-11,G,0110,15,F,1,1,072995,00.0
TD05,AC,202208,E,17,14,E,51,0110,1,GS-14,N,0110,10,F,1,1,147272,12.8
TD05,AC,202101,H,17,12,B,11,0110,1,GS-12,I,0110,15,F,1,1,098827,01.8
TD05,AC,202011,C,17,11,A,11,0110,1,GS-11,G,0110,15,F,1,1,072030,00.0
TD05,AC,202207,E,17,14,C,11,0110,1,GS-14,O,0110,10,F,1,1,155687,04.9
TD09,AC,202309,B,17,11,A,11,0110,1,GS-11,G,0110,15,F,1,1,078592,00.0
TD10,AC,202009,E,21,11,A,11,0110,1,GS-11,G,0110,15,F,1,1,072030,00.0
TD10,AA,202201,D,21,13,B,11,0110,1,GS-13,J,0110,15,F,1,1,106823,02.3
TD10,AC,202207,D,21,11,A,11,0110,1,GS-11,I,0110,15,F,1,1,097430,00.0
TD10,AC,202307,F,21,13,A,48,0110,1,GS-13,N,0110,15,F,1,1,140215,00.0
TD10,AC,202308,F,21,12,A,27,0110,1,GS-12,I,0110,15,F,1,1,095853,00.0
TD12,AC,202108,D,21,13,A,11,0110,1,GS-13,J,0110,15,F,1,1,103690,00.0
TD13,AD,202106,B,13,09,A,11,0110,1,GS-09,F,0110,35,F,1,1,060129,00.0
TD13,AD,202106,B,13,07,A,11,0110,1,GS-07,D,0110,35,F,1,1,049157,00.0
TD13,AC,202302,B,17,11,A,11,0110,1,GS-11,G,0110,15,F,1,1,078592,00.0
TD16,AC,202008,E,17,13,C,11,0110,1,GS-13,K,0110,15,F,1,1,112930,04.8
TD16,AC,202009,C,13,11,B,11,0110,1,GS-11,H,0110,15,F,1,1,081634,01.6
TD16,AC,202108,F,21,13,C,11,0110,1,GS-13,K,0110,10,F,1,1,110603,03.0
TD16,AC,202301,C,21,11,A,11,0110,1,GS-11,G,0110,15,F,1,1,078592,00.0
TD16,AC,202303,G,21,13,A,13,0110,1,GS-13,L,0110,15,F,1,1,121342,00.0
TD16,AC,202305,F,21,12,A,11,0110,1,GS-12,I,0110,15,F,1,1,094199,00.0
TD17,AC,202011,F,17,14,E,11,0110,1,GS-14,N,0110,15,F,1,1,141534,14.3
TD17,AC,202210,D,17,12,D,06,0110,1,GS-12,J,0110,10,F,1,1,109508,06.4
TD17,AC,202010,E,17,14,D,11,0110,1,GS-14,L,0110,15,F,1,1,121316,05.0
TD17,AC,202306,D,17,12,B,11,0110,1,GS-12,I,0110,15,F,1,1,094199,02.9
TD17,AC,202008,B,13,11,A,11,0110,1,GS-11,G,0110,15,F,1,1,072030,00.0
TD17,AC,202301,D,17,12,B,13,0110,1,GS-12,H,0110,15,F,1,1,087466,02.1
TR91,AC,202304,E,17,15,D,11,0110,1,GS-15,R,0110,15,F,1,1,183500,07.4
TR91,AC,202002,G,17,15,G,11,0110,1,GS-15,P,0110,10,F,1,1,166487,22.3
TR91,AC,202007,K,21,15,I,11,0110,1,GS-15,Q,0110,20,I,2,1,170800,34.8
TR91,AC,202210,G,17,15,F,11,0110,1,GS-15,P,0110,10,F,1,1,168282,16.2
TR91,AC,202108,G,17,15,A,11,0110,1,GS-15,O,0110,20,F,2,1,158541,00.0
TR91,AC,202306,E,17,14,A,11,0110,1,GS-14,M,0110,15,F,1,1,132368,00.0
TR91,AC,202205,D,17,12,B,11,0110,1,GS-12,H,0110,15,F,1,1,089834,02.8
TR91,AC,202007,D,04,13,A,11,0110,1,GS-13,M,0110,15,F,1,1,133465,00.0
TR91,AC,202006,D,04,13,A,11,0110,1,GS-13,M,0110,15,F,1,1,133465,00.0
TR91,AC,202204,D,17,13,A,11,0110,1,GS-13,J,0110,15,F,1,1,106823,00.0
TR91,AE,202301,H,17,,A,11,0110,1,ES-**,T,0110,50,F,1,1,203700,00.0
TR91,AC,202208,E,17,13,A,11,0110,1,GS-13,M,0110,15,F,1,1,138868,00.0
TR91,AC,202106,F,13,15,A,11,0110,1,GS-15,P,0110,20,F,2,1,163345,00.0
TR91,AC,202103,G,17,13,D,11,0110,1,GS-13,M,0110,15,F,1,1,134798,07.1
TR91,AC,202003,D,17,13,E,11,0110,1,GS-13,J,0110,15,F,1,1,106085,10.2
TR91,AC,202207,D,17,11,A,11,0110,1,GS-11,G,0110,15,F,1,1,079945,00.0
TR91,AC,202301,E,04,14,E,11,0110,1,GS-14,M,0110,15,F,1,1,136780,14.3
TR91,AC,202007,E,04,14,A,11,0110,1,GS-14,O,0110,15,F,1,1,157709,00.0
TR91,AC,202302,F,21,,A,11,0110,1,OR-60,U,0110,15,F,1,1,220112,00.0
TR91,AC,202004,C,04,11,A,11,0110,1,GS-11,G,0110,15,F,1,1,072030,00.0
TR91,AE,202206,E,13,,C,11,0110,1,ES-**,O,0110,55,F,1,1,156369,04.8
TR91,AE,202206,E,13,,B,11,0110,1,ES-**,O,0110,55,F,1,1,156369,01.2
TR91,AE,201910,F,21,,C,11,0110,1,ES-**,N,0110,55,F,1,1,140000,04.9
TR91,AD,202207,D,13,13,A,11,0110,1,GS-13,M,0110,40,F,2,1,131747,00.0
TR91,AC,201910,D,17,13,B,11,0110,1,GS-13,I,0110,15,F,1,1,099172,02.8
TR91,AD,202206,C,13,,A,11,0110,1,OR-51,I,0110,35,F,1,1,097001,00.0
TR91,AE,202102,H,21,,A,11,0110,1,ES-**,O,0110,55,F,1,1,156369,00.0
TR91,AC,202307,C,17,11,A,11,0110,1,GS-11,J,0110,15,F,1,1,102166,00.0
TR91,AC,202007,D,17,11,B,11,0110,1,GS-11,H,0110,15,F,1,1,084034,02.2
TR91,AC,202305,D,04,13,B,11,0110,1,GS-13,L,0110,15,F,1,1,123216,02.8
TR91,AC,202307,D,17,12,A,11,0110,1,GS-12,L,0110,15,F,1,1,122459,00.0
TR91,AD,202010,D,17,12,B,11,0110,1,GS-12,H,0110,32,F,1,1,086335,01.9
TR91,AC,202109,D,04,13,B,11,0110,1,GS-13,J,0110,15,F,1,1,103690,02.8
TR91,AC,202008,C,17,11,A,11,0110,1,GS-11,G,0110,15,F,1,1,072030,00.0
TR91,AC,202207,E,17,11,A,11,0110,1,GS-11,G,0110,15,F,1,1,074950,00.0
TR91,AC,202012,C,17,13,B,11,0110,1,GS-13,J,0110,15,F,1,1,102663,01.2
TR91,AC,201910,C,17,11,A,11,0110,1,GS-11,I,0110,15,F,1,1,090461,00.0
TR91,AC,201910,C,04,14,A,11,0110,1,GS-14,L,0110,15,F,1,1,128911,00.0
TR91,AC,201911,C,17,13,A,11,0110,1,GS-13,K,0110,15,F,1,1,115699,00.0
TR91,AC,201911,D,17,13,A,11,0110,1,GS-13,I,0110,15,F,1,1,099172,00.0
TR91,AC,201912,D,17,13,A,11,0110,1,GS-13,K,0110,15,F,1,1,112393,00.0
TR91,AE,202001,F,04,,A,11,0110,1,ES-**,O,0110,55,F,1,1,150000,00.0
TR91,AD,202002,D,17,12,A,11,0110,1,GS-12,H,0110,35,F,1,1,086335,00.0
TR91,AC,202004,D,04,12,A,11,0110,1,GS-12,H,0110,15,F,1,1,086335,00.0
TR91,AC,202212,D,17,11,A,11,0110,1,GS-11,G,0110,15,F,1,1,074950,00.0
TR91,AC,202006,C,04,12,A,11,0110,1,GS-12,H,0110,15,F,1,1,086335,00.0
TR91,AC,202307,C,04,11,A,11,0110,1,GS-11,G,0110,15,F,1,1,078592,00.0
TR91,AC,202007,E,04,12,A,11,0110,1,GS-12,K,0110,15,F,1,1,112240,00.0
TR91,AC,202007,D,04,,A,11,0110,1,OR-53,O,0110,15,F,1,1,155000,00.0
TR91,AC,202007,G,04,,A,11,0110,1,OR-53,P,0110,15,F,1,1,160000,00.0
TR91,AC,202008,C,21,14,A,11,0110,1,GS-14,O,0110,15,F,1,1,157709,00.0
TR91,AC,202008,C,21,,A,11,0110,1,OR-53,O,0110,15,F,1,1,155000,00.0
TR91,AC,202009,D,17,12,A,11,0110,1,GS-12,H,0110,15,F,1,1,086335,00.0
TR91,AD,202009,B,13,07,A,11,0110,1,GS-07,D,0110,40,F,2,1,048670,00.0
TR91,AC,202104,D,04,12,A,11,0110,1,GS-12,J,0110,15,F,1,1,104641,00.0
TR91,AC,202011,C,04,11,A,11,0110,1,GS-11,G,0110,15,F,1,1,072030,00.0
TR91,AC,202012,F,17,13,A,11,0110,1,GS-13,M,0110,15,F,1,1,133465,00.0
TR91,AC,202101,G,04,13,A,11,0110,1,GS-13,J,0110,15,F,1,1,103690,00.0
TR91,AC,202103,D,13,15,A,11,0110,1,GS-15,O,0110,15,F,1,1,153737,00.0
TR91,AE,202103,H,21,,A,11,0110,1,ES-**,O,0110,55,F,1,1,156369,00.0
TR91,AE,202103,D,04,,A,11,0110,1,ES-**,O,0110,55,F,1,1,156369,00.0
TR91,AC,202103,C,17,12,B,11,0110,1,GS-12,H,0110,15,F,1,1,087198,01.7
TR91,AC,202104,D,17,12,A,11,0110,1,GS-12,H,0110,15,F,1,1,087198,00.0
TR91,AC,202104,D,17,11,A,11,0110,1,GS-11,G,0110,15,F,1,1,072750,00.0
TR91,AC,202106,D,04,14,A,11,0110,1,GS-14,O,0110,15,F,1,1,151118,00.0
TR91,AC,202107,D,17,15,A,11,0110,1,GS-15,N,0110,20,F,2,1,144128,00.0
TR91,AD,202107,B,13,09,A,11,0110,1,GS-09,F,0110,40,F,2,1,060129,00.0
TR91,AC,202108,E,21,12,A,11,0110,1,GS-12,K,0110,15,F,1,1,113362,00.0
TR91,AC,202108,C,21,12,A,11,0110,1,GS-12,K,0110,15,F,1,1,113362,00.0
TR91,AC,202109,D,21,13,A,11,0110,1,GS-13,M,0110,15,F,1,1,134798,00.0
TR91,AC,202109,C,13,11,A,11,0110,1,GS-11,G,0110,15,F,1,1,072750,00.0
TR91,AC,202109,D,21,13,A,11,0110,1,GS-13,L,0110,15,F,1,1,127885,00.0
TR91,AC,202109,C,04,11,A,11,0110,1,GS-11,G,0110,15,F,1,1,072750,00.0
TR91,AC,202110,E,17,14,A,11,0110,1,GS-14,O,0110,15,F,1,1,159286,00.0
TR91,AC,202110,D,17,11,A,11,0110,1,GS-11,G,0110,15,F,1,1,072750,00.0
TR91,AD,202110,B,13,,A,11,0110,1,OR-51,I,0110,40,F,2,1,096001,00.0
TR91,AC,202111,D,04,13,A,11,0110,1,GS-13,J,0110,15,F,1,1,103690,00.0
TR91,AC,202112,H,17,13,A,11,0110,1,GS-13,M,0110,15,F,1,1,134798,00.0
TR91,AC,202112,D,17,13,A,11,0110,1,GS-13,K,0110,15,F,1,1,117516,00.0
TR91,AC,202201,F,21,15,A,11,0110,1,GS-15,Q,0110,15,F,1,1,176300,00.0
TR91,AC,202201,E,21,12,A,11,0110,1,GS-12,H,0110,15,F,1,1,089834,00.0
TR91,AC,202203,E,21,,A,11,0110,1,OR-70,X,0110,15,F,1,1,281400,00.0
TR91,AC,202204,C,17,12,A,11,0110,1,GS-12,I,0110,15,F,1,1,095824,00.0
TR91,AC,202205,E,21,,A,11,0110,1,OR-60,T,0110,15,F,1,1,200000,00.0
TR91,AC,202206,C,13,,A,11,0110,1,OR-53,P,0110,15,F,1,1,160303,00.0
TR91,AC,202206,F,17,13,A,11,0110,1,GS-13,J,0110,15,F,1,1,106823,00.0
TR91,AD,202206,C,13,,A,11,0110,1,OR-51,I,0110,35,F,1,1,097001,00.0
TR91,AC,202207,D,15,13,A,11,0110,1,GS-13,M,0110,15,F,1,1,138868,00.0
TR91,AC,202207,D,16,,A,11,0110,1,OR-53,O,0110,15,F,1,1,155001,00.0
TR91,AC,202208,C,17,13,D,11,0110,1,GS-13,M,0110,15,F,1,1,138868,05.0
TR91,AC,202208,C,21,12,A,11,0110,1,GS-12,K,0110,15,F,1,1,116788,00.0
TR91,AC,202208,D,21,,A,11,0110,1,OR-53,O,0110,15,F,1,1,155001,00.0
TR91,AC,202208,D,21,,A,11,0110,1,OR-53,O,0110,15,F,1,1,155001,00.0
TR91,AC,202209,D,04,13,A,11,0110,1,GS-13,J,0110,15,F,1,1,106823,00.0
TR91,AD,202209,C,21,13,A,11,0110,1,GS-13,M,0110,40,F,2,1,131747,00.0
TR91,AD,202210,D,04,13,A,11,0110,1,GS-13,L,0110,40,F,2,1,124626,00.0
TR91,AD,202210,D,13,13,A,11,0110,1,GS-13,M,0110,40,F,2,1,138868,00.0
TR91,AC,202210,C,17,12,A,11,0110,1,GS-12,K,0110,15,F,1,1,116788,00.0
TR91,AC,202210,E,04,14,A,11,0110,1,GS-14,P,0110,15,F,1,1,164102,00.0
TR91,AC,202301,E,17,13,A,11,0110,1,GS-13,K,0110,15,F,1,1,112015,00.0
TR91,AC,202301,E,04,13,A,11,0110,1,GS-13,N,0110,15,F,1,1,145617,00.0
TR91,AC,202302,E,04,11,A,11,0110,1,GS-11,J,0110,15,F,1,1,102166,00.0
TR91,AC,202303,E,17,14,A,11,0110,1,GS-14,Q,0110,15,F,1,1,172075,00.0
TR91,AC,202304,E,17,13,A,11,0110,1,GS-13,N,0110,15,F,1,1,145617,00.0
TR91,AC,202304,D,04,14,A,11,0110,1,GS-14,O,0110,15,F,1,1,154428,00.0
TR91,AC,202305,F,21,14,A,11,0110,1,GS-14,Q,0110,15,F,1,1,172075,00.0
TR91,AC,202305,D,04,,A,11,0110,1,OR-53,P,0110,15,F,1,1,165001,00.0
TR91,AC,202305,D,21,13,A,11,0110,1,GS-13,N,0110,15,F,1,1,145617,00.0
TR91,AC,202305,G,21,,A,11,0110,1,OR-60,U,0110,15,F,1,1,220000,00.0
TR91,AC,202306,D,17,14,A,11,0110,1,GS-14,Q,0110,15,F,1,1,172075,00.0
TR91,AC,202306,D,04,,A,11,0110,1,OR-53,P,0110,15,F,1,1,165001,00.0
TR91,AC,202306,D,04,,A,11,0110,1,OR-53,P,0110,15,F,1,1,165001,00.0
TR91,AC,202306,C,17,11,B,11,0110,1,GS-11,H,0110,15,F,1,1,081211,01.9
TR91,AC,202307,G,21,,A,11,0110,1,OR-60,U,0110,15,F,1,1,220000,00.0
TR91,AC,202307,D,21,,A,11,0110,1,OR-53,P,0110,15,F,1,1,165001,00.0
TR91,AC,202307,E,04,13,A,11,0110,1,GS-13,K,0110,15,F,1,1,115749,00.0
TR91,AC,202307,D,17,11,A,11,0110,1,GS-11,J,0110,15,F,1,1,102166,00.0
TR91,AC,202307,C,04,12,A,11,0110,1,GS-12,I,0110,15,F,1,1,094199,00.0
TR91,AC,202308,D,21,13,A,11,0110,1,GS-13,N,0110,15,F,1,1,145617,00.0
TR91,AC,202308,D,17,13,A,11,0110,1,GS-13,N,0110,15,F,1,1,145617,00.0
TR91,AD,202308,B,17,09,A,11,0110,1,GS-09,G,0110,40,F,2,1,075782,00.0
TR91,AD,202308,B,13,07,A,11,0110,1,GS-07,F,0110,40,F,2,1,067265,00.0
TR91,AE,202308,E,17,,A,11,0110,1,ES-**,Q,0110,55,F,1,1,171000,00.0
TR91,AC,202309,D,17,12,A,11,0110,1,GS-12,J,0110,15,F,1,1,103619,00.0
TR91,AD,202309,C,04,12,A,11,0110,1,GS-12,J,0110,40,F,2,1,100479,00.0
TR91,AC,202309,C,17,11,A,11,0110,1,GS-11,G,0110,15,F,1,1,078592,00.0
TR91,AC,202309,C,17,13,A,11,0110,1,GS-13,M,0110,15,F,1,1,138150,00.0
TR91,AD,202207,F,21,,A,11,0110,1,EX-03,O,0110,46,F,2,1,158500,00.0
TR93,AC,202307,E,13,09,E,11,0110,1,GS-09,F,0110,15,F,1,1,064957,11.1
TR93,AC,202304,F,04,14,A,53,0110,1,GS-14,P,0110,15,F,1,1,168283,00.0
TR93,AC,201912,F,13,12,F,11,0110,1,GS-12,J,0110,15,F,1,1,108422,17.7
TR93,AC,202008,H,13,13,I,11,0110,1,GS-13,M,0110,15,F,1,1,133465,31.1
TR93,AC,202304,H,15,14,A,48,0110,1,GS-14,O,0110,15,F,1,1,155711,00.0
TR93,AC,202303,H,04,,A,11,0110,1,IR-SM,R,0110,10,F,1,1,183500,00.0
TR93,AC,201910,F,04,13,A,41,0110,1,GS-13,K,0110,15,F,1,1,113308,00.0
TR93,AA,201910,F,04,13,A,41,0110,1,GS-13,K,0110,10,F,1,1,113308,00.0
TR93,AC,201910,F,04,13,A,41,0110,1,GS-13,K,0110,15,F,1,1,113308,00.0
TR93,AC,202210,D,04,13,A,06,0110,1,GS-13,K,0110,15,F,1,1,115928,00.0
TR93,AC,202009,I,21,13,G,36,0110,1,GS-13,L,0110,10,F,1,1,122988,21.0
TR93,AD,202306,G,04,09,A,11,0110,1,GS-09,F,0110,38,F,1,1,064957,00.0
TR93,AA,201910,I,21,14,A,11,0110,1,GS-14,N,0110,15,F,1,1,140632,00.0
TR93,AA,201910,E,17,12,E,27,0110,1,GS-12,J,0110,10,F,1,1,103962,10.2
TR93,AC,201911,D,04,13,A,06,0110,1,GS-13,K,0110,15,F,1,1,114805,00.0
TR93,AC,201911,D,04,13,A,06,0110,1,GS-13,K,0110,10,F,1,1,114805,00.0
TR93,AC,201910,F,04,13,A,17,0110,1,GS-13,L,0110,15,F,1,1,127654,00.0
TR93,AC,202001,D,04,11,B,11,0110,1,GS-11,G,0110,15,F,1,1,074431,02.8
TR93,AC,201910,C,04,13,A,34,0110,1,GS-13,J,0110,15,F,1,1,102040,00.0
TR93,AC,201910,C,04,13,A,34,0110,1,GS-13,J,0110,15,F,1,1,102040,00.0
TR93,AC,202208,E,04,14,A,11,0110,1,GS-14,N,0110,15,F,1,1,147272,00.0
TR93,AC,201910,C,17,13,C,11,0110,1,GS-13,I,0110,10,F,1,1,099172,04.7
TR93,AC,201911,D,04,13,A,25,0110,1,GS-13,J,0110,15,F,1,1,108202,00.0
TR93,AC,202202,D,17,11,A,11,0110,1,GS-11,G,0110,15,F,1,1,074950,00.0
TR93,AD,202004,B,04,07,A,11,0110,1,GS-07,D,0110,35,F,1,1,048670,00.0
TR93,AC,201910,H,21,14,A,11,0110,1,GS-14,L,0110,15,F,1,1,128911,00.0
TR93,AC,201911,C,04,07,A,11,0110,1,GS-07,D,0110,15,F,1,1,047016,00.0
TR93,AC,202307,D,04,14,A,08,0110,1,GS-14,O,0110,15,F,1,1,159013,00.0
TR93,AC,201910,D,17,13,A,06,0110,1,GS-13,J,0110,15,F,1,1,107630,00.3
TR93,AC,202006,G,17,13,A,36,0110,1,GS-13,J,0110,15,F,1,1,105417,00.8
TR93,AC,201911,D,04,12,A,11,0110,1,GS-12,H,0110,15,F,1,1,083398,00.2
TR93,AC,201910,I,04,13,A,36,0110,1,GS-13,I,0110,15,F,1,1,091771,00.0
TR93,AC,201910,H,04,13,A,41,0110,1,GS-13,I,0110,15,F,1,1,094425,00.0
TR93,AC,201910,D,04,11,A,11,0110,1,GS-11,F,0110,15,F,1,1,069581,00.0
TR93,AC,201910,E,04,13,A,06,0110,1,GS-13,K,0110,15,F,1,1,114262,00.0
TR93,AC,201910,G,04,13,A,25,0110,1,GS-13,I,0110,15,F,1,1,098366,00.0
TR93,AC,201911,D,04,13,A,25,0110,1,GS-13,I,0110,15,F,1,1,098366,00.0
TR93,AC,201911,B,04,09,A,11,0110,1,GS-09,E,0110,15,F,1,1,057510,00.0
TR93,AC,201911,C,04,11,A,11,0110,1,GS-11,F,0110,15,F,1,1,069581,00.0
TR93,AC,202001,C,04,09,A,11,0110,1,GS-09,E,0110,15,F,1,1,059534,00.0
TR93,AC,202208,J,04,13,A,11,0110,1,GS-13,J,0110,15,F,1,1,106823,00.0
TR93,AC,202003,E,17,12,A,08,0110,1,GS-12,H,0110,15,F,1,1,084118,00.0
TR93,AC,202004,E,04,12,A,08,0110,1,GS-12,H,0110,15,F,1,1,084118,00.0
TR93,AD,202004,C,17,05,A,13,0110,1,GS-05,C,0110,35,F,1,1,036786,00.0
TR93,AC,202006,G,04,13,A,42,0110,1,GS-13,I,0110,15,F,1,1,099170,00.0
TR93,AC,202006,K,04,13,A,17,0110,1,GS-13,M,0110,15,F,1,1,131532,00.0
TR93,AC,202007,E,04,13,A,06,0110,1,GS-13,M,0110,15,F,1,1,135440,00.0
TR93,AC,202006,D,04,13,A,36,0110,1,GS-13,M,0110,15,F,1,1,137045,00.0
TR93,AC,202006,D,04,13,A,48,0110,1,GS-13,I,0110,15,F,1,1,098336,00.0
TR93,AC,202006,D,04,13,A,48,0110,1,GS-13,J,0110,15,F,1,1,104898,00.0
TR93,AC,202006,D,04,13,A,48,0110,1,GS-13,I,0110,15,F,1,1,098336,00.0
TR93,AC,202006,G,04,13,A,27,0110,1,GS-13,L,0110,15,F,1,1,127512,00.0
TR93,AC,202006,C,04,13,A,06,0110,1,GS-13,J,0110,15,F,1,1,104182,00.0
TR93,AC,202007,D,04,13,A,48,0110,1,GS-13,I,0110,15,F,1,1,098336,00.0
TR93,AD,202210,B,17,09,A,49,0110,1,GS-09,E,0110,35,F,1,1,054727,00.0
TR93,AC,202007,I,04,13,A,06,0110,1,GS-13,J,0110,15,F,1,1,104182,00.0
TR93,AD,202008,D,13,07,A,11,0110,1,GS-07,D,0110,35,F,1,1,048670,00.0
TR93,AD,202009,B,04,09,A,11,0110,1,GS-09,E,0110,35,F,1,1,059534,00.0
TR93,AC,202006,H,04,13,A,36,0110,1,GS-13,J,0110,15,F,1,1,105417,00.0
TR93,AC,202009,G,04,13,A,17,0110,1,GS-13,M,0110,15,F,1,1,131532,00.0
TR93,AC,202009,D,04,13,A,17,0110,1,GS-13,M,0110,15,F,1,1,131532,00.0
TR93,AC,202009,D,04,13,A,17,0110,1,GS-13,M,0110,15,F,1,1,131532,00.0
TR93,AD,202009,C,17,09,A,27,0110,1,GS-09,E,0110,35,F,1,1,056879,00.0
TR93,AC,202009,E,04,13,A,11,0110,1,GS-13,J,0110,15,F,1,1,102663,00.0
TR93,AC,202305,D,13,07,A,11,0110,1,GS-07,E,0110,20,F,2,1,053105,00.0
TR93,AC,202103,B,04,07,A,11,0110,1,GS-07,D,0110,15,F,1,1,049157,00.0
TR93,AC,202104,C,04,07,A,11,0110,1,GS-07,D,0110,15,F,1,1,049157,00.0
TR93,AC,202110,E,04,11,A,11,0110,1,GS-11,G,0110,15,F,1,1,072750,00.0
TR93,AC,202112,H,04,14,A,36,0110,1,GS-14,O,0110,15,F,1,1,159365,00.0
TR93,AC,202112,E,04,14,A,06,0110,1,GS-14,N,0110,15,F,1,1,149209,00.0
TR93,AC,202112,F,04,14,A,36,0110,1,GS-14,O,0110,15,F,1,1,155172,00.0
TR93,AC,202201,E,04,14,A,06,0110,1,GS-14,O,0110,15,F,1,1,158149,00.0
TR93,AC,202112,E,04,14,A,36,0110,1,GS-14,O,0110,15,F,1,1,150978,00.0
TR93,AC,202112,D,04,14,A,06,0110,1,GS-14,O,0110,15,F,1,1,154957,00.0
TR93,AC,202112,K,04,14,A,11,0110,1,GS-14,O,0110,15,F,1,1,155202,00.0
TR93,AC,202201,H,04,14,A,17,0110,1,GS-14,O,0110,15,F,1,1,152905,00.0
TR93,AD,202208,B,04,09,A,06,0110,1,GS-09,F,0110,35,F,1,1,062926,00.0
TR93,AC,202208,D,04,14,A,12,0110,1,GS-14,K,0110,15,F,1,1,111521,00.0
TR93,AC,202208,G,04,13,A,48,0110,1,GS-13,J,0110,15,F,1,1,108797,00.0
TR93,AD,202210,B,04,07,A,49,0110,1,GS-07,D,0110,35,F,1,1,044740,00.0
TR93,AC,202304,J,04,14,A,34,0110,1,GS-14,M,0110,15,F,1,1,136035,00.0
TR93,AC,202304,F,04,14,A,13,0110,1,GS-14,O,0110,15,F,1,1,159776,00.0
TR93,AC,202305,F,04,15,A,11,0110,1,GS-15,Q,0110,15,F,1,1,171268,00.0
TR93,AC,202306,K,04,15,A,11,0110,1,GS-15,R,0110,15,F,1,1,183500,00.0
TR93,AC,202308,F,04,13,A,06,0110,1,GS-13,N,0110,15,F,1,1,148255,00.2
TR93,AC,202307,C,04,13,A,11,0110,1,GS-13,K,0110,15,F,1,1,112015,00.0
TR93,AC,202307,G,04,14,A,37,0110,1,GS-14,M,0110,15,F,1,1,133383,00.0
TR93,AC,202307,G,17,14,A,36,0110,1,GS-14,Q,0110,15,F,1,1,176842,00.0
TR93,AC,202307,G,04,13,A,06,0110,1,GS-13,L,0110,15,F,1,1,125448,00.0
TR93,AC,202307,G,04,11,A,11,0110,1,GS-11,H,0110,15,F,1,1,089069,00.0
TR93,AC,202308,D,04,13,A,26,0110,1,GS-13,J,0110,15,F,1,1,108532,00.0
TR93,AC,202308,F,04,14,A,25,0110,1,GS-14,O,0110,15,F,1,1,157113,00.0
TRAF,AC,202307,F,21,14,D,53,0110,1,GS-14,N,0110,15,F,1,1,146710,06.5
TRAF,AC,202307,F,21,14,D,53,0110,1,GS-14,N,0110,15,F,1,1,146710,06.5
TRAJ,AC,202106,F,13,,A,11,0110,1,NB-05,R,0110,15,F,1,1,184613,00.0
TRAJ,AC,202307,E,17,,D,11,0110,1,NB-06,U,0110,15,F,1,1,236277,07.7
TRAJ,AC,201910,F,21,,C,11,0110,1,NB-06,R,0110,15,F,1,1,187111,03.9
TRAJ,AC,202105,B,13,,A,11,0110,1,NB-04,G,0110,15,F,1,1,079469,00.0
TRAJ,AC,202107,C,13,,A,11,0110,1,NB-04,H,0110,15,F,1,1,080080,00.0
TRAJ,AC,202303,F,04,,C,11,0110,1,NB-05,M,0110,15,F,1,1,139182,03.5
TRAJ,AC,202007,J,04,,A,11,0110,1,NB-09,Z,0110,15,F,1,1,,00.0
TRAJ,AC,202008,I,21,,A,11,0110,1,NB-07,W,0110,15,F,1,1,270300,00.0
TRAJ,AC,202103,D,21,,A,11,0110,1,NB-07,W,0110,15,F,1,1,279300,00.0
TRAJ,AC,202103,F,21,,A,11,0110,1,NB-05,R,0110,15,F,1,1,184613,00.0
TRAJ,AC,202105,B,13,,A,11,0110,1,NB-04,G,0110,15,F,1,1,079469,00.0
TRAJ,AC,202106,B,13,,A,49,0110,1,NB-04,F,0110,15,F,1,1,063995,00.0
TRAJ,AC,202106,D,21,,A,11,0110,1,NB-05,Q,0110,15,F,1,1,171164,00.0
TRAJ,AC,202106,D,21,,A,11,0110,1,NB-05,P,0110,15,F,1,1,165051,00.0
TRAJ,AC,202108,I,21,,A,11,0110,1,NB-05,O,0110,15,F,1,1,152825,00.0
TRAJ,AC,202108,E,21,,A,11,0110,1,NB-05,P,0110,15,F,1,1,165051,00.0
TRAJ,AC,202108,D,21,,A,11,0110,1,NB-05,P,0110,15,F,1,1,165051,00.0
TRAJ,AC,202108,D,17,,A,11,0110,1,NB-05,J,0110,15,F,1,1,107589,00.0
TRAJ,AC,202109,C,17,,A,11,0110,1,NB-04,H,0110,15,F,1,1,084359,00.0
TRAJ,AC,202110,E,21,,A,11,0110,1,NB-05,O,0110,15,F,1,1,152825,00.0
TRAJ,AC,202207,C,21,,A,11,0110,1,NB-05,P,0110,15,F,1,1,168133,00.0
TRAJ,AC,202208,D,21,,A,11,0110,1,NB-05,P,0110,15,F,1,1,168133,00.0
TRAJ,AC,202209,D,21,,A,11,0110,1,NB-05,P,0110,15,F,1,1,168133,00.0
TRAJ,AC,202210,D,17,,A,11,0110,1,NB-05,L,0110,15,F,1,1,120238,00.0
TRAJ,AC,202211,B,04,,A,11,0110,1,NB-05,K,0110,15,F,1,1,117640,00.0
TRAJ,AC,202305,F,21,,A,11,0110,1,NB-05,T,0110,15,F,1,1,201637,00.0
TRAJ,AC,202308,F,04,,A,11,0110,1,NB-05,Q,0110,15,F,1,1,179508,00.0
TRAJ,AC,202308,D,21,,A,11,0110,1,NB-05,P,0110,15,F,1,1,169442,00.0
TW00,AC,202205,E,17,13,D,11,0110,1,GS-13,L,0110,10,F,1,1,124626,06.3
TW00,AC,202302,E,17,14,A,11,0110,1,GS-14,N,0110,10,F,1,1,141192,00.0
TW00,AA,202110,E,17,14,D,11,0110,1,GS-14,L,0110,10,F,1,1,122530,06.0
TW00,AC,202109,F,21,12,A,11,0110,1,GS-12,H,0110,15,F,1,1,087198,00.0
TW00,AC,202205,D,17,14,A,11,0110,1,GS-14,O,0110,15,F,1,1,151479,00.0
VAAA,AC,202104,D,17,13,D,11,0110,1,GS-13,J,0110,10,F,1,1,103690,06.5
VAAA,AC,202001,C,13,13,A,11,0110,1,GS-13,J,0110,15,F,1,1,102663,00.0
VALA,AC,202003,E,17,14,D,11,0110,1,GS-14,L,0110,15,F,1,1,121316,06.4
