AGYSUB,LOC,AGELVL,EDLVL,GSEGRD,LOSLVL,OCC,PATCO,PPGRD,SALLVL,STEMOCC,SUPERVIS,TOA,WORKSCH,WORKSTAT,DATECODE,EMPLOYMENT,SALARY,LOS
AF3W,48,I,17,13,I,0110,1,GS-13,G,XXXX,8,10,F,1,200009,1,"$75,520",30.0
AF3W,51,I,04,13,D,0110,1,GS-13,G,XXXX,8,10,F,1,200009,1,"$79,155",7.8
AG02,11,D,17,12,B,0110,1,GS-12,E,XXXX,8,15,F,1,200009,1,"$51,204",2.6
AG02,11,H,17,15,H,0110,1,GM-15,J,XXXX,2,10,F,1,200009,1,"$101,572",25.5
AG02,11,K,17,12,J,0110,1,GS-12,F,XXXX,8,10,F,1,200009,1,"$66,564",38.3
AG02,11,K,21,12,G,0110,1,GS-12,F,XXXX,8,10,F,1,200009,1,"$61,444",24.4
AG02,11,I,17,15,H,0110,1,GS-15,J,XXXX,2,10,F,1,200009,1,"$101,565",26.7
AG02,11,E,13,12,E,0110,1,GS-12,E,XXXX,8,10,F,1,200009,1,"$56,324",12.9
AG02,11,B,13,07,A,0110,1,GS-07,B,XXXX,8,15,F,1,200009,1,"$28,866",0.3
AG02,11,F,13,13,G,0110,1,GM-13,G,XXXX,5,10,F,1,200009,1,"$74,086",21.4
AG02,11,H,18,13,H,0110,1,GM-13,G,XXXX,5,10,F,1,200009,1,"$79,155",29.6
AG02,11,G,21,12,A,0110,1,GS-12,E,XXXX,8,15,F,1,200009,1,"$51,204",0.9
AG02,11,G,13,13,G,0110,1,GS-13,G,XXXX,8,10,F,1,200009,1,"$73,067",21.3
AG02,11,F,17,12,B,0110,1,GS-12,E,XXXX,8,15,F,1,200009,1,"$54,618",2.6
AG02,11,G,17,14,G,0110,1,GS-14,H,XXXX,8,10,F,1,200009,1,"$81,546",21.3
AG02,11,H,21,14,F,0110,1,GS-14,H,XXXX,2,10,F,1,200009,1,"$81,546",17.3
AG02,13,E,21,,A,0110,1,MA-18,E,XXXX,8,30,F,1,200009,1,"$50,631",0.2
AG02,11,D,17,11,B,0110,1,GS-11,D,XXXX,8,15,F,1,200009,1,"$42,724",2.7
AG02,11,C,17,11,C,0110,1,GS-11,D,XXXX,8,15,F,1,200009,1,"$42,724",3.7
AG02,39,E,13,,E,0110,1,MA-18,E,XXXX,8,30,F,1,200009,1,"$52,254",13.3
AG02,11,C,13,11,B,0110,1,GS-11,D,XXXX,8,15,F,1,200009,1,"$42,724",1.8
AG02,17,H,17,,F,0110,1,MA-20,F,XXXX,2,30,F,1,200009,1,"$67,430",15.3
AG02,11,H,17,15,G,0110,1,GS-15,J,XXXX,2,10,F,1,200009,1,"$101,565",24.3
AG02,13,C,17,,A,0110,1,MA-14,C,XXXX,8,30,F,1,200009,1,"$35,808",0.2
AG02,27,E,13,,E,0110,1,MA-17,E,XXXX,8,30,F,1,200009,1,"$51,832",13.8
AG02,11,F,14,12,E,0110,1,GS-12,E,XXXX,8,10,F,1,200009,1,"$56,324",14.3
AG02,11,F,21,12,A,0110,1,GS-12,E,XXXX,8,15,F,1,200009,1,"$51,204",0.8
AG02,11,F,17,12,F,0110,1,GS-12,E,XXXX,8,10,F,1,200009,1,"$51,204",17.4
AG02,27,F,13,,F,0110,1,MA-18,E,XXXX,2,30,F,1,200009,1,"$57,123",19.3
AG02,27,F,13,,E,0110,1,MA-16,D,XXXX,8,30,F,1,200009,1,"$47,925",14.1
AG02,20,F,17,,G,0110,1,MA-20,F,XXXX,8,30,F,1,200009,1,"$63,564",20.1
AG02,53,E,17,,E,0110,1,MA-20,E,XXXX,8,30,F,1,200009,1,"$59,698",10.3
AG02,11,G,17,14,F,0110,1,GS-14,I,XXXX,8,10,F,1,200009,1,"$91,139",19.9
AG02,11,H,21,13,C,0110,1,GS-13,F,XXXX,8,10,F,1,200009,1,"$60,890",3.1
AG02,53,C,14,,C,0110,1,MA-14,C,XXXX,8,30,F,1,200009,1,"$37,045",3.3
AG02,11,E,05,12,D,0110,1,GS-12,E,XXXX,8,15,F,1,200009,1,"$51,204",6.3
AG02,11,H,13,12,F,0110,1,GS-12,F,XXXX,8,10,F,1,200009,1,"$61,444",15.8
AG03,11,E,04,13,E,0110,1,GS-13,F,XXXX,8,10,F,1,200009,1,"$66,979",10.8
AG03,24,K,21,15,H,0110,1,GS-15,J,XXXX,8,10,F,1,200009,1,"$101,565",26.5
AG03,30,G,,11,B,0110,1,GS-11,D,XXXX,8,20,F,2,200009,1,"$43,229",1.7
AG03,24,I,17,13,I,0110,1,GM-13,G,XXXX,4,10,F,1,200009,1,"$79,155",31.3
AG07,51,I,17,13,E,0110,1,GS-13,F,XXXX,8,10,F,1,200009,1,"$69,008",13.5
AG07,51,D,04,11,E,0110,1,GS-11,D,XXXX,8,10,F,1,200009,1,"$44,148",11.9
AG07,39,F,21,13,D,0110,1,GS-13,G,XXXX,8,10,F,1,200009,1,"$70,712",8.3
AG07,17,G,17,12,E,0110,1,GS-12,F,XXXX,8,10,F,1,200009,1,"$60,165",11.2
AG07,55,E,17,12,D,0110,1,GS-12,E,XXXX,8,15,F,1,200009,1,"$55,152",5.7
AG07,27,G,13,12,G,0110,1,GS-12,F,XXXX,8,10,F,1,200009,1,"$64,893",23.9
AG08,29,G,13,13,E,0110,1,GS-13,F,XXXX,8,10,F,1,200009,1,"$61,979",10.5
AG08,29,G,17,13,F,0110,1,GS-13,F,XXXX,8,10,F,1,200009,1,"$67,976",19.6
AG08,29,H,17,13,F,0110,1,GS-13,F,XXXX,8,10,F,1,200009,1,"$63,978",15.4
AG08,29,E,17,13,E,0110,1,GS-13,F,XXXX,8,15,F,1,200009,1,"$63,978",13.9
AG08,29,E,11,09,B,0110,1,GS-09,C,XXXX,8,15,F,1,200009,1,"$34,783",2.3
AG08,29,G,17,14,G,0110,1,GS-14,H,XXXX,8,15,F,1,200009,1,"$80,328",22.5
AG08,29,F,17,13,F,0110,1,GS-13,F,XXXX,8,10,F,1,200009,1,"$65,977",15.8
AG08,11,G,21,14,E,0110,1,GS-14,G,XXXX,8,10,F,1,200009,1,"$79,148",11.5
AG08,29,E,13,13,E,0110,1,GS-13,F,XXXX,8,10,F,1,200009,1,"$63,978",13.6
AG08,11,G,21,13,A,0110,1,GS-13,F,XXXX,8,15,F,1,200009,1,"$64,949",0.3
AG10,11,G,17,13,F,0110,1,GS-13,G,XXXX,8,10,F,1,200009,1,"$71,037",17.5
AG10,11,F,14,13,D,0110,1,GS-13,F,XXXX,8,10,F,1,200009,1,"$66,979",8.2
AG10,11,H,17,14,E,0110,1,GS-14,H,XXXX,2,10,F,1,200009,1,"$86,343",12.8
AG10,11,H,17,13,D,0110,1,GS-13,F,XXXX,8,10,F,1,200009,1,"$66,979",8.8
AG10,11,G,17,13,F,0110,1,GS-13,G,XXXX,8,10,F,1,200009,1,"$79,155",16.0
AG10,11,G,17,14,G,0110,1,GS-14,H,XXXX,2,10,F,1,200009,1,"$88,741",21.9
AG10,11,F,13,13,D,0110,1,GS-13,F,XXXX,8,10,F,1,200009,1,"$62,920",5.3
AG10,11,E,17,12,D,0110,1,GS-12,E,XXXX,8,10,F,1,200009,1,"$56,324",5.0
AG10,11,D,17,12,B,0110,1,GS-12,E,XXXX,8,15,F,1,200009,1,"$51,204",2.8
AG10,11,D,13,12,D,0110,1,GS-12,E,XXXX,8,15,F,1,200009,1,"$56,324",5.2
AG10,11,C,13,11,B,0110,1,GS-11,D,XXXX,8,15,F,1,200009,1,"$42,724",2.5
AG10,11,F,17,13,E,0110,1,GS-13,G,XXXX,8,10,F,1,200009,1,"$71,037",12.3
AG10,11,C,17,12,C,0110,1,GS-12,E,XXXX,8,10,F,1,200009,1,"$52,911",4.1
AG10,11,D,17,13,D,0110,1,GS-13,F,XXXX,8,10,F,1,200009,1,"$62,920",7.9
AG10,11,I,21,12,D,0110,1,GS-12,E,XXXX,8,10,F,1,200009,1,"$58,031",8.0
AG10,11,I,17,14,I,0110,1,GM-14,I,XXXX,2,10,F,1,200009,1,"$93,537",34.4
AG10,11,I,17,14,J,0110,1,GM-14,I,XXXX,2,10,F,1,200009,1,"$91,770",36.2
AG10,11,G,22,13,F,0110,1,GS-13,G,XXXX,8,10,F,1,200009,1,"$79,155",17.8
AG10,11,D,17,12,C,0110,1,GS-12,E,XXXX,8,15,F,1,200009,1,"$52,911",4.0
AG10,11,D,13,12,D,0110,1,GS-12,E,XXXX,8,10,F,1,200009,1,"$52,911",9.4
AG10,11,F,21,13,D,0110,1,GS-13,F,XXXX,8,10,F,1,200009,1,"$64,949",8.5
AG10,11,G,14,14,G,0110,1,GS-14,I,XXXX,8,10,F,1,200009,1,"$93,537",20.3
AG10,11,H,13,13,I,0110,1,GS-13,G,XXXX,8,10,F,1,200009,1,"$79,155",30.6
AG10,11,G,14,15,G,0110,1,GS-15,J,XXXX,2,10,F,1,200009,1,"$107,207",24.8
AG10,11,D,13,11,E,0110,1,GS-11,D,XXXX,8,10,F,1,200009,1,"$42,724",10.9
AG10,11,H,17,15,H,0110,1,GM-15,K,XXXX,2,10,F,1,200009,1,"$110,028",27.8
AG10,11,H,17,14,G,0110,1,GM-14,H,XXXX,2,10,F,1,200009,1,"$83,945",24.4
AG10,11,F,,14,B,0110,1,GS-14,H,XXXX,8,42,F,2,200009,1,"$88,741",1.6
AG10,11,E,17,14,E,0110,1,GS-14,H,XXXX,2,10,F,1,200009,1,"$83,945",12.0
AG10,11,E,13,12,B,0110,1,GS-12,E,XXXX,8,15,F,1,200009,1,"$51,204",2.3
AG10,11,H,18,15,G,0110,1,GS-15,J,XXXX,2,10,F,1,200009,1,"$101,565",24.0
AG10,11,G,17,12,F,0110,1,GS-12,F,XXXX,8,10,F,1,200009,1,"$63,151",19.8
AG10,11,C,13,12,C,0110,1,GS-12,E,XXXX,8,10,F,1,200009,1,"$51,204",3.8
AG10,11,E,17,13,D,0110,1,GS-13,F,XXXX,8,10,P,2,200009,1,"$69,008",8.7
AG10,11,D,17,12,E,0110,1,GS-12,E,XXXX,8,10,F,1,200009,1,"$54,618",10.7
AG10,11,G,17,13,E,0110,1,GS-13,G,XXXX,8,10,F,1,200009,1,"$73,067",11.9
AG10,11,F,17,12,B,0110,1,GS-12,E,XXXX,8,15,F,1,200009,1,"$51,204",1.8
AG10,11,C,13,12,C,0110,1,GS-12,E,XXXX,8,10,F,1,200009,1,"$51,204",3.5
AG10,11,D,13,12,D,0110,1,GS-12,E,XXXX,8,10,F,1,200009,1,"$54,618",5.0
AG10,11,D,13,13,D,0110,1,GS-13,F,XXXX,8,10,F,1,200009,1,"$64,949",9.3
AG10,11,H,,15,F,0110,1,GS-15,I,XXXX,8,42,F,2,200009,1,"$95,923",19.4
AG10,11,F,17,15,F,0110,1,GS-15,H,XXXX,2,10,F,1,200009,1,"$87,459",16.0
AG10,11,D,17,13,D,0110,1,GS-13,G,XXXX,8,10,F,1,200009,1,"$71,037",9.3
AG10,11,C,13,12,C,0110,1,GS-12,E,XXXX,8,15,F,1,200009,1,"$51,204",3.0
AG10,11,G,17,13,D,0110,1,GS-13,F,XXXX,8,10,F,1,200009,1,"$69,008",8.6
AG10,11,F,13,14,F,0110,1,GM-14,H,XXXX,2,10,F,1,200009,1,"$81,546",15.3
AG10,11,G,17,13,F,0110,1,GS-13,G,XXXX,8,10,F,1,200009,1,"$77,126",16.3
AG10,11,K,18,14,J,0110,1,GS-14,I,XXXX,8,10,F,1,200009,1,"$93,537",40.6
AG10,11,B,,09,A,0110,1,GS-09,C,XXXX,8,42,F,2,200009,1,"$35,310",0.1
AG10,11,G,21,15,G,0110,1,GM-15,J,XXXX,2,10,F,1,200009,1,"$107,219",21.7
AG10,11,G,17,13,E,0110,1,GS-13,F,XXXX,8,10,F,1,200009,1,"$69,008",10.4
AG10,11,K,22,14,J,0110,1,GM-14,I,XXXX,5,10,F,1,200009,1,"$93,537",38.1
AG10,11,E,,13,C,0110,1,GS-13,F,XXXX,8,42,P,2,200009,1,"$64,949",3.2
AG10,11,C,13,07,B,0119,3,GS-07,B,XXXX,8,38,F,1,200009,1,"$29,827",1.3
AG10,11,G,17,13,F,0110,1,GS-13,G,XXXX,8,10,F,1,200009,1,"$77,126",19.4
AG10,11,F,17,13,F,0110,1,GS-13,G,XXXX,8,10,F,1,200009,1,"$75,096",15.8
AG10,11,E,17,14,D,0110,1,GS-14,G,XXXX,2,10,F,1,200009,1,"$79,148",8.7
AG10,11,C,17,12,C,0110,1,GS-12,E,XXXX,8,10,F,1,200009,1,"$54,618",3.7
AG10,11,G,17,15,G,0110,1,GS-15,I,XXXX,2,10,F,1,200009,1,"$98,744",23.7
AG10,11,H,17,13,H,0110,1,GS-13,G,XXXX,8,10,F,1,200009,1,"$79,155",29.3
AG10,11,I,17,13,H,0110,1,GS-13,G,XXXX,8,10,F,1,200009,1,"$79,155",29.5
AG10,11,D,17,11,B,0110,1,GS-11,D,XXXX,8,15,F,1,200009,1,"$42,724",2.5
AG10,11,D,13,15,E,0110,1,GS-15,I,XXXX,2,10,F,1,200009,1,"$90,280",13.3
AG10,11,D,17,12,C,0110,1,GS-12,E,XXXX,8,10,F,1,200009,1,"$52,911",3.1
AG10,11,D,13,13,D,0110,1,GS-13,F,XXXX,8,10,F,1,200009,1,"$62,920",6.7
AG10,11,C,17,11,B,0110,1,GS-11,D,XXXX,8,15,F,1,200009,1,"$42,724",1.9
AG10,11,C,13,11,B,0110,1,GS-11,D,XXXX,8,15,F,1,200009,1,"$42,724",2.3
AG10,11,G,,14,E,0110,1,GS-14,H,XXXX,8,42,F,2,200009,1,"$81,546",11.1
AG10,11,C,13,12,D,0110,1,GS-12,E,XXXX,8,10,F,1,200009,1,"$51,204",5.9
AG10,11,F,18,13,E,0110,1,GS-13,F,XXXX,8,10,F,1,200009,1,"$66,979",11.7
AG10,11,G,,14,G,0110,1,GS-14,H,XXXX,8,42,F,2,200009,1,"$88,741",20.1
AG10,11,C,13,09,B,0110,1,GS-09,C,XXXX,8,15,F,1,200009,1,"$35,310",2.6
AG10,11,D,17,12,D,0110,1,GS-12,E,XXXX,8,10,F,1,200009,1,"$56,324",5.0
AG10,11,I,18,13,I,0110,1,GS-13,G,XXXX,8,10,F,1,200009,1,"$79,155",32.8
AG10,11,G,17,13,E,0110,1,GS-13,F,XXXX,8,10,F,1,200009,1,"$66,979",11.6
AG10,11,E,17,13,D,0110,1,GS-13,F,XXXX,8,10,F,1,200009,1,"$62,920",9.3
AG10,11,H,17,15,G,0110,1,GS-15,I,XXXX,2,10,F,1,200009,1,"$98,744",22.1
AG10,11,E,17,13,E,0110,1,GS-13,G,XXXX,8,10,F,1,200009,1,"$71,037",11.3
AG10,ML,J,,,H,0110,1,FC-12,I,XXXX,8,42,F,2,200009,1,"$93,136",29.2
AG10,11,F,17,14,F,0110,1,GS-14,H,XXXX,8,10,F,1,200009,1,"$81,546",19.6
AG10,11,G,17,13,F,0110,1,GS-13,G,XXXX,8,10,F,1,200009,1,"$75,096",16.7
AG10,11,F,17,15,F,0110,1,GS-15,J,XXXX,2,10,F,1,200009,1,"$101,565",17.2
AG10,11,C,13,11,B,0110,1,GS-11,D,XXXX,8,15,F,1,200009,1,"$42,724",1.9
AG10,11,E,,13,D,0110,1,GS-13,F,XXXX,8,42,F,2,200009,1,"$64,949",7.2
AG10,11,F,17,13,D,0110,1,GS-13,G,XXXX,8,10,F,1,200009,1,"$71,037",9.3
AG10,11,I,17,14,G,0110,1,GS-14,I,XXXX,2,10,F,1,200009,1,"$91,139",23.0
AG10,11,F,17,13,E,0110,1,GS-13,G,XXXX,8,10,F,1,200009,1,"$73,067",11.9
AG10,11,C,13,11,B,0110,1,GS-11,D,XXXX,8,15,F,1,200009,1,"$42,724",1.3
AG10,11,E,17,13,E,0110,1,GS-13,F,XXXX,8,10,F,1,200009,1,"$66,979",12.9
AG10,11,D,13,09,C,0110,1,GS-09,C,XXXX,8,15,F,1,200009,1,"$35,310",4.9
AG10,11,E,13,09,B,0110,1,GS-09,C,XXXX,8,15,F,1,200009,1,"$35,310",1.8
AG10,11,G,04,14,I,0110,1,GS-14,I,XXXX,8,10,F,1,200009,1,"$91,139",30.3
AG10,11,G,17,13,F,0110,1,GS-13,G,XXXX,8,10,F,1,200009,1,"$71,037",15.6
AG10,11,H,21,12,C,0110,1,GS-12,E,XXXX,8,10,F,1,200009,1,"$56,324",3.3
AG10,11,E,17,13,D,0110,1,GS-13,F,XXXX,8,10,F,1,200009,1,"$69,008",8.5
AG10,11,H,13,13,G,0110,1,GS-13,G,XXXX,8,10,F,1,200009,1,"$71,037",22.5
AG11,54,F,17,13,D,0110,1,GS-13,F,XXXX,8,10,F,1,200009,1,"$65,584",8.3
AG11,11,H,17,14,H,0110,1,GM-14,I,XXXX,5,10,F,1,200009,1,"$93,537",27.4
AG11,41,H,16,13,G,0110,1,GM-13,G,XXXX,5,10,F,1,200009,1,"$73,073",22.6
AG11,**,C,,09,A,0110,1,GS-09,Z,XXXX,8,20,F,2,200009,1,,0.8
AG11,08,G,21,13,E,0110,1,GS-13,F,XXXX,8,10,F,1,200009,1,"$69,559",14.1
AG11,54,I,17,14,I,0110,1,GS-14,G,XXXX,8,10,F,1,200009,1,"$79,849",32.7
AG11,11,G,17,15,G,0110,1,GM-15,J,XXXX,2,10,F,1,200009,1,"$105,916",22.0
AG11,11,F,21,15,F,0110,1,GS-15,I,XXXX,8,10,F,1,200009,1,"$95,923",16.5
AG11,02,E,,12,C,0110,1,GS-12,D,XXXX,8,42,F,2,200009,1,"$48,520",4.9
AG11,08,I,21,15,I,0110,1,GS-15,J,XXXX,8,10,F,1,200009,1,"$107,738",30.1
AG11,13,H,13,13,H,0110,1,GS-13,G,XXXX,8,10,F,1,200009,1,"$74,139",27.9
AG11,54,G,21,14,F,0110,1,GM-14,H,XXXX,2,10,F,1,200009,1,"$86,893",19.7
AG11,35,H,21,13,F,0110,1,GS-13,F,XXXX,8,10,F,1,200009,1,"$63,597",15.3
AG11,55,H,17,14,G,0110,1,GS-14,H,XXXX,8,10,F,1,200009,1,"$89,241",22.8
AG11,08,H,17,13,F,0110,1,GS-13,G,XXXX,8,10,F,1,200009,1,"$71,546",16.1
AG11,30,H,17,13,G,0110,1,GS-13,G,XXXX,8,10,F,1,200009,1,"$75,520",24.8
AG11,55,H,13,13,H,0110,1,GM-13,G,XXXX,5,10,F,1,200009,1,"$78,269",27.8
AG11,**,I,17,14,J,0110,1,GM-14,Z,XXXX,5,10,F,1,200009,1,,37.2
AG11,41,I,,11,B,0110,1,GS-11,D,XXXX,8,48,F,2,200009,1,"$43,229",2.4
AG11,08,H,16,11,G,0110,1,GS-11,E,XXXX,8,10,F,1,200009,1,"$54,385",23.9
AG11,55,B,,05,B,0119,3,GS-05,B,XXXX,8,20,F,2,200009,1,"$22,819",2.6
AG11,53,H,04,13,I,0110,1,GM-13,G,XXXX,5,10,F,1,200009,1,"$79,264",33.5
AG11,08,E,17,13,D,0110,1,GS-13,F,XXXX,8,10,F,1,200009,1,"$65,584",6.1
AG11,55,B,,04,A,0119,3,GS-04,B,XXXX,8,42,I,2,200009,1,"$20,395",0.3
AG11,55,G,11,12,H,0110,1,GS-12,E,XXXX,8,10,F,1,200009,1,"$58,494",26.3
AG11,08,I,21,13,G,0110,1,GM-13,G,XXXX,4,10,F,1,200009,1,"$77,507",22.0
AG11,55,D,17,11,D,0110,1,GS-11,D,XXXX,8,15,F,1,200009,1,"$43,229",5.9
AG11,**,G,17,13,D,0110,1,GS-13,Z,XXXX,8,10,F,1,200009,1,,8.5
AG11,08,G,17,13,H,0110,1,GS-13,H,XXXX,8,10,F,1,200009,1,"$80,237",26.3
AG11,11,H,17,14,G,0110,1,GM-14,H,XXXX,5,10,F,1,200009,1,"$88,749",24.5
AG11,11,H,17,15,H,0110,1,GS-15,J,XXXX,2,10,F,1,200009,1,"$104,386",29.4
AG11,30,I,21,13,H,0110,1,GS-13,G,XXXX,8,10,F,1,200009,1,"$71,546",28.3
AG11,02,E,17,13,E,0110,1,GS-13,F,XXXX,8,10,F,1,200009,1,"$63,281",11.6
AG11,53,H,21,13,H,0110,1,GS-13,F,XXXX,8,10,F,1,200009,1,"$67,071",25.0
AG11,41,G,21,12,G,0110,1,GS-12,F,XXXX,8,10,F,1,200009,1,"$66,570",22.1
AG11,06,I,18,12,I,0110,1,GS-12,F,XXXX,8,10,F,1,200009,1,"$68,829",32.9
AG11,02,D,,12,B,0110,1,GS-12,D,XXXX,8,42,F,2,200009,1,"$48,520",1.2
AG11,49,H,18,13,G,0110,1,GM-13,G,XXXX,4,10,F,1,200009,1,"$75,860",21.2
AG11,04,C,,07,A,0119,3,GS-07,B,XXXX,8,42,Q,2,200009,1,"$28,265",0.3
AG11,49,J,14,14,J,0110,1,GS-14,I,XXXX,2,10,F,1,200009,1,"$91,589",38.4
AG11,41,G,01,09,I,0110,1,GS-09,D,XXXX,8,10,F,1,200009,1,"$44,728",30.9
AG11,**,F,14,13,E,0110,1,GS-13,Z,XXXX,8,10,F,1,200009,1,,13.6
AG11,11,G,14,13,G,0110,1,GM-13,G,XXXX,5,10,F,1,200009,1,"$74,086",20.3
AG11,30,I,18,12,I,0110,1,GS-12,E,XXXX,8,10,F,1,200009,1,"$58,494",32.3
AG11,06,H,20,13,G,0110,1,GS-13,G,XXXX,8,10,F,1,200009,1,"$77,651",20.7
AG15,11,D,13,13,D,0110,1,GS-13,F,XXXX,8,10,F,1,200009,1,"$66,979",8.0
AG16,33,H,13,12,H,0110,1,GS-12,F,XXXX,8,10,F,1,200009,1,"$67,583",28.4
AG16,36,F,17,12,F,0110,1,GS-12,F,XXXX,8,10,F,1,200009,1,"$60,165",17.9
AG16,55,F,17,14,F,0110,1,GS-14,G,XXXX,8,10,F,1,200009,1,"$77,501",19.0
AG16,50,E,17,12,D,0110,1,GS-12,E,XXXX,8,10,F,1,200009,1,"$55,152",8.2
AG16,54,I,17,14,H,0110,1,GS-14,G,XXXX,8,10,F,1,200009,1,"$79,849",27.3
AG16,11,I,21,,I,0110,1,ES-04,M,XXXX,2,50,F,1,200009,1,"$130,200",30.6
AG16,06,I,21,12,D,0110,1,GS-12,F,XXXX,8,10,F,1,200009,1,"$61,698",9.0
AG16,10,G,17,12,G,0110,1,GS-12,F,XXXX,8,10,F,1,200009,1,"$61,836",22.8
AG16,11,G,21,14,E,0110,1,GS-14,H,XXXX,8,10,F,1,200009,1,"$86,343",14.5
AG16,54,E,17,12,D,0110,1,GS-12,E,XXXX,8,10,F,1,200009,1,"$55,152",9.5
AG16,24,C,13,12,D,0110,1,GS-12,E,XXXX,8,10,F,1,200009,1,"$56,324",8.3
AG16,54,B,,04,A,0119,3,GS-04,B,XXXX,8,42,I,2,200009,1,"$20,395",0.3
AG16,45,H,17,12,H,0110,1,GS-12,F,XXXX,8,10,F,1,200009,1,"$65,179",26.3
AG16,21,H,13,13,H,0110,1,GS-13,G,XXXX,8,10,F,1,200009,1,"$71,546",25.7
AG16,51,E,13,12,E,0110,1,GS-12,E,XXXX,8,10,F,1,200009,1,"$55,575",12.7
AG16,27,D,13,11,D,0110,1,GS-11,D,XXXX,8,10,F,1,200009,1,"$45,597",7.7
AG16,04,G,17,12,G,0110,1,GS-12,F,XXXX,8,10,F,1,200009,1,"$60,165",21.8
AG16,01,G,17,12,H,0110,1,GS-12,F,XXXX,8,10,F,1,200009,1,"$65,179",26.4
AG16,26,H,17,12,E,0110,1,GS-12,E,XXXX,8,10,F,1,200009,1,"$55,152",12.1
AG16,11,I,17,15,I,0110,1,GS-15,J,XXXX,8,10,F,1,200009,1,"$107,207",31.6
AG16,55,G,13,12,G,0110,1,GS-12,F,XXXX,8,10,F,1,200009,1,"$65,179",22.0
AG16,47,D,13,12,D,0110,1,GS-12,E,XXXX,8,10,F,1,200009,1,"$55,152",9.9
AG16,47,I,13,13,I,0110,1,GM-13,G,XXXX,*,10,F,1,200009,1,"$77,507",32.3
AG16,51,F,17,12,F,0110,1,GS-12,F,XXXX,8,10,F,1,200009,1,"$65,679",19.6
AG16,01,J,18,12,J,0110,1,GS-12,F,XXXX,8,10,F,1,200009,1,"$65,179",36.1
AG16,13,E,17,12,E,0110,1,GS-12,E,XXXX,8,10,F,1,200009,1,"$56,823",11.3
AG16,28,C,13,09,D,0110,1,GS-09,C,XXXX,8,10,F,1,200009,1,"$36,880",5.9
AG16,28,F,17,12,F,0110,1,GS-12,F,XXXX,8,10,F,1,200009,1,"$60,165",16.0
AG16,21,F,17,12,E,0110,1,GS-12,F,XXXX,8,10,F,1,200009,1,"$60,165",13.5
AG16,05,E,11,12,E,0110,1,GS-12,E,XXXX,8,10,F,1,200009,1,"$51,810",13.8
AG16,26,E,17,14,F,0110,1,GS-14,H,XXXX,8,10,F,1,200009,1,"$85,938",18.2
AG16,22,H,17,12,H,0110,1,GS-12,F,XXXX,8,10,F,1,200009,1,"$63,507",28.2
AG16,22,E,17,12,E,0110,1,GS-12,E,XXXX,8,10,F,1,200009,1,"$56,823",10.8
AG16,40,J,18,13,J,0110,1,GM-13,G,XXXX,5,10,F,1,200009,1,"$77,507",36.2
AG16,40,D,13,12,E,0110,1,GS-12,E,XXXX,8,10,F,1,200009,1,"$56,823",12.7
AG16,40,B,04,07,C,0110,1,GS-07,B,XXXX,8,10,F,1,200009,1,"$28,265",4.1
AG16,18,G,13,12,G,0110,1,GS-12,E,XXXX,8,10,F,1,200009,1,"$58,609",24.6
AG16,48,I,14,12,J,0110,1,GS-12,F,XXXX,8,10,F,1,200009,1,"$65,179",35.3
AG16,48,G,17,12,G,0110,1,GS-12,F,XXXX,8,10,F,1,200009,1,"$65,179",24.0
AG16,42,H,17,12,H,0110,1,GS-12,F,XXXX,8,10,F,1,200009,1,"$63,507",27.2
AG16,48,F,17,14,F,0110,1,GS-14,G,XXXX,8,10,F,1,200009,1,"$77,501",19.2
AG16,38,E,13,12,F,0110,1,GS-12,E,XXXX,8,10,F,1,200009,1,"$56,823",16.3
AG16,16,H,13,12,F,0110,1,GS-12,F,XXXX,8,10,F,1,200009,1,"$60,165",18.8
AG16,11,H,21,14,F,0110,1,GS-14,H,XXXX,8,10,F,1,200009,1,"$86,343",16.0
AG16,11,H,21,15,H,0110,1,GS-15,K,XXXX,8,10,F,1,200009,1,"$110,028",29.4
AG16,08,I,17,12,I,0110,1,GS-12,F,XXXX,8,10,F,1,200009,1,"$67,474",33.4
AG16,46,E,13,12,E,0110,1,GS-12,E,XXXX,8,10,F,1,200009,1,"$51,810",12.1
AG16,29,H,14,12,I,0110,1,GS-12,F,XXXX,8,10,F,1,200009,1,"$65,179",31.8
AG16,30,H,17,12,H,0110,1,GS-12,F,XXXX,8,10,F,1,200009,1,"$65,179",28.3
AG16,48,F,21,14,E,0110,1,GS-14,G,XXXX,8,10,F,1,200009,1,"$79,849",12.8
AG16,41,E,17,12,E,0110,1,GS-12,F,XXXX,8,10,F,1,200009,1,"$61,450",12.5
AG16,11,I,21,15,I,0110,1,GS-15,K,XXXX,8,10,F,1,200009,1,"$110,028",30.7
AG16,49,I,14,12,I,0110,1,GS-12,F,XXXX,8,10,F,1,200009,1,"$65,179",31.1
AG16,56,I,13,12,F,0110,1,GS-12,E,XXXX,8,10,F,1,200009,1,"$51,810",15.7
AG16,15,F,13,12,G,0110,1,GS-12,E,XXXX,8,10,P,2,200009,1,"$53,215",20.0
AG16,11,H,21,14,E,0110,1,GS-14,H,XXXX,8,10,F,1,200009,1,"$81,546",10.8
AG18,11,K,17,12,G,0110,1,GS-12,F,XXXX,8,10,F,1,200009,1,"$66,564",22.1
AG18,11,H,21,,D,0110,1,ES-03,L,XXXX,2,50,F,1,200009,1,"$126,825",6.1
AG18,11,G,17,14,G,0110,1,GM-14,H,XXXX,5,10,F,1,200009,1,"$87,549",20.1
AG18,11,D,18,12,B,0110,1,GS-12,E,XXXX,8,15,F,1,200009,1,"$59,738",2.3
AG18,11,G,17,13,G,0110,1,GM-13,G,XXXX,5,10,F,1,200009,1,"$74,086",20.6
AG18,11,C,,12,A,0110,1,GS-12,E,XXXX,8,20,F,2,200009,1,"$58,031",0.9
AG18,11,I,21,15,G,0110,1,GS-15,J,XXXX,2,10,F,1,200009,1,"$104,386",22.3
AG18,11,E,,12,B,0110,1,GS-12,E,XXXX,8,20,F,2,200009,1,"$58,031",1.3
AG18,11,H,21,13,G,0110,1,GM-13,G,XXXX,5,10,F,1,200009,1,"$79,155",24.8
AG18,11,G,21,14,E,0110,1,GS-14,G,XXXX,8,10,F,1,200009,1,"$76,750",11.0
AG18,11,D,,11,B,0110,1,GS-11,D,XXXX,8,42,F,2,200009,1,"$42,724",1.4
AG18,11,G,21,14,E,0110,1,GS-14,G,XXXX,8,10,F,1,200009,1,"$79,148",12.1
AG18,11,F,17,13,F,0110,1,GM-13,G,XXXX,5,10,F,1,200009,1,"$74,086",19.7
AG18,11,F,17,13,F,0110,1,GS-13,F,XXXX,8,10,P,2,200009,1,"$66,979",16.0
AG18,11,E,17,13,D,0110,1,GS-13,F,XXXX,8,10,F,1,200009,1,"$60,890",8.5
AG18,11,I,21,15,D,0110,1,GS-15,I,XXXX,2,10,F,1,200009,1,"$95,923",9.6
AG18,11,I,21,14,E,0110,1,GS-14,G,XXXX,8,10,F,1,200009,1,"$74,352",12.3
AG18,11,D,,12,B,0110,1,GS-12,F,XXXX,8,20,F,2,200009,1,"$66,564",2.1
AG18,11,E,,13,B,0110,1,GS-13,F,XXXX,8,20,F,2,200009,1,"$62,920",1.6
AG18,11,H,21,12,G,0110,1,GS-12,F,XXXX,8,10,F,1,200009,1,"$66,564",20.0
AG18,11,E,17,14,E,0110,1,GS-14,G,XXXX,8,10,F,1,200009,1,"$71,954",10.7
AG18,11,H,17,14,G,0110,1,GS-14,G,XXXX,8,10,F,1,200009,1,"$79,148",20.5
AG18,11,G,17,12,F,0110,1,GS-12,E,XXXX,8,10,F,1,200009,1,"$59,738",15.8
AG18,11,F,17,14,F,0110,1,GS-14,G,XXXX,8,10,F,1,200009,1,"$79,148",16.6
AG18,11,I,21,13,H,0110,1,GS-13,G,XXXX,8,10,F,1,200009,1,"$79,155",25.8
AG18,11,G,17,15,H,0110,1,GM-15,J,XXXX,5,10,F,1,200009,1,"$103,257",25.1
AG18,11,I,21,15,H,0110,1,GS-15,K,XXXX,8,10,F,1,200009,1,"$110,028",29.4
AG18,11,G,17,14,G,0110,1,GS-14,H,XXXX,8,10,F,1,200009,1,"$81,546",24.2
AG18,11,F,17,14,G,0110,1,GS-14,H,XXXX,8,10,F,1,200009,1,"$81,546",20.0
AG18,11,F,17,13,F,0110,1,GS-13,F,XXXX,8,10,F,1,200009,1,"$69,008",15.0
AG18,11,H,18,15,G,0110,1,GM-15,J,XXXX,2,10,F,1,200009,1,"$104,396",23.2
AG18,11,G,17,13,F,0110,1,GM-13,G,XXXX,5,10,F,1,200009,1,"$74,086",17.1
AG18,11,F,,12,B,0110,1,GS-12,E,XXXX,8,20,F,2,200009,1,"$52,911",2.0
AG18,11,G,13,13,G,0110,1,GM-13,G,XXXX,5,10,F,1,200009,1,"$73,067",20.7
AG18,11,H,21,14,G,0110,1,GM-14,H,XXXX,5,10,F,1,200009,1,"$87,879",23.6
AG18,11,J,21,15,I,0110,1,GS-15,K,XXXX,8,10,F,1,200009,1,"$110,028",31.9
AG18,11,G,17,14,G,0110,1,GS-14,H,XXXX,8,10,F,1,200009,1,"$81,546",22.7
AG18,11,H,21,15,F,0110,1,GS-15,I,XXXX,2,10,F,1,200009,1,"$95,923",15.3
AG18,11,E,,12,A,0110,1,GS-12,E,XXXX,8,20,F,2,200009,1,"$58,031",0.2
AG18,11,I,21,15,F,0110,1,GM-15,J,XXXX,5,10,F,1,200009,1,"$103,376",16.9
AG18,11,H,21,,G,0110,1,ES-03,L,XXXX,2,50,F,1,200009,1,"$126,825",23.1
AG18,11,I,21,13,H,0110,1,GM-13,G,XXXX,5,10,F,1,200009,1,"$79,155",27.8
AG18,11,G,21,15,E,0110,1,GS-15,J,XXXX,8,10,F,1,200009,1,"$101,565",11.2
AG18,11,G,21,14,F,0110,1,GM-14,H,XXXX,5,10,F,1,200009,1,"$85,141",16.8
AG18,11,I,18,15,J,0110,1,GS-15,J,XXXX,2,10,F,1,200009,1,"$101,565",35.2
AG18,11,G,13,13,G,0110,1,GS-13,F,XXXX,8,10,F,1,200009,1,"$69,008",22.9
AG18,11,G,21,15,D,0110,1,GS-15,I,XXXX,2,10,F,1,200009,1,"$95,923",8.7
AG18,11,G,21,13,D,0110,1,GS-13,F,XXXX,8,10,F,1,200009,1,"$69,008",8.0
AG18,11,G,17,13,G,0110,1,GM-13,G,XXXX,5,10,F,1,200009,1,"$74,086",20.7
AG18,11,G,17,13,G,0110,1,GM-13,G,XXXX,5,10,F,1,200009,1,"$74,086",20.8
AG18,11,C,,12,A,0110,1,GS-12,E,XXXX,8,20,F,2,200009,1,"$58,031",0.8
AG18,11,D,,11,A,0110,1,GS-11,D,XXXX,8,42,F,2,200009,1,"$42,724",0.8
AG18,11,F,17,15,F,0110,1,GS-15,I,XXXX,8,10,F,1,200009,1,"$95,923",15.0
AG18,11,D,17,11,B,0110,1,GS-11,D,XXXX,8,30,F,1,200009,1,"$44,148",2.2
AG18,11,H,13,15,I,0110,1,GM-15,K,XXXX,5,10,F,1,200009,1,"$110,028",30.3
AG18,11,G,17,15,F,0110,1,GS-15,I,XXXX,2,10,F,1,200009,1,"$95,923",16.7
AG18,11,D,21,13,B,0110,1,GS-13,F,XXXX,8,15,F,1,200009,1,"$64,949",2.2
AG18,11,H,21,14,H,0110,1,GS-14,I,XXXX,8,10,F,1,200009,1,"$93,537",26.0
AG18,11,H,13,13,H,0110,1,GS-13,G,XXXX,8,10,F,1,200009,1,"$79,155",25.6
AG18,11,H,17,11,G,0110,1,GS-11,E,XXXX,8,10,F,1,200009,1,"$54,117",22.8
AG18,11,H,17,15,G,0110,1,GS-15,I,XXXX,8,10,F,1,200009,1,"$98,744",23.5
AG18,11,E,21,13,D,0110,1,GS-13,F,XXXX,8,10,F,1,200009,1,"$69,008",6.4
AG18,11,G,21,13,E,0110,1,GM-13,G,XXXX,5,10,F,1,200009,1,"$74,086",12.3
AG18,11,F,21,14,F,0110,1,GS-14,G,XXXX,8,10,F,1,200009,1,"$79,148",17.6
AG18,11,D,13,12,D,0110,1,GS-12,E,XXXX,8,10,F,1,200009,1,"$52,911",8.0
AG18,11,E,13,13,F,0110,1,GM-13,G,XXXX,5,10,P,2,200009,1,"$71,037",17.2
AG18,11,G,17,13,F,0110,1,GM-13,G,XXXX,5,10,F,1,200009,1,"$78,151",18.0
AG18,11,I,21,14,H,0110,1,GS-14,H,XXXX,8,10,F,1,200009,1,"$86,343",28.8
AG18,11,H,,13,B,0110,1,GS-13,G,XXXX,8,20,F,2,200009,1,"$79,155",1.9
AG18,11,F,21,13,E,0110,1,GM-13,G,XXXX,5,10,P,2,200009,1,"$71,037",14.3
AG18,11,J,18,14,J,0110,1,GS-14,H,XXXX,8,10,F,1,200009,1,"$83,945",38.1
AG18,11,B,,07,A,0110,1,GS-07,B,XXXX,8,42,F,2,200009,1,"$28,866",0.3
AG18,11,H,17,15,H,0110,1,GM-15,J,XXXX,5,10,F,1,200009,1,"$103,868",25.6
AG18,11,F,17,13,G,0110,1,GM-13,G,XXXX,5,10,P,2,200009,1,"$76,121",23.6
AG18,11,G,17,13,H,0110,1,GM-13,G,XXXX,5,10,F,1,200009,1,"$75,104",26.1
AG18,11,G,21,,F,0110,1,ES-04,M,XXXX,2,50,F,1,200009,1,"$130,200",18.5
AG18,11,F,13,13,F,0110,1,GS-13,G,XXXX,8,10,P,2,200009,1,"$71,037",19.8
AG18,11,F,14,13,F,0110,1,GS-13,F,XXXX,8,10,F,1,200009,1,"$69,008",15.5
AG18,VE,F,17,13,D,0110,1,GM-13,F,XXXX,5,10,F,1,200009,1,"$65,142",9.8
AG18,11,G,13,12,G,0110,1,GS-12,F,XXXX,8,10,F,1,200009,1,"$64,857",22.3
AG18,11,D,,12,A,0110,1,GS-12,E,XXXX,8,20,F,2,200009,1,"$59,738",0.2
AG18,11,G,21,14,E,0110,1,GS-14,H,XXXX,8,10,P,2,200009,1,"$81,546",11.2
AG18,11,G,21,13,E,0110,1,GM-13,G,XXXX,5,10,F,1,200009,1,"$73,074",14.3
AG18,11,G,21,,E,0110,1,ES-06,M,XXXX,2,50,F,1,200009,1,"$130,200",10.7
AG18,11,F,17,14,F,0110,1,GM-14,H,XXXX,5,10,F,1,200009,1,"$86,343",16.8
AG18,11,G,17,13,G,0110,1,GM-13,G,XXXX,5,10,F,1,200009,1,"$73,074",20.3
AG18,11,G,18,13,G,0110,1,GM-13,G,XXXX,5,10,F,1,200009,1,"$74,086",23.3
AG18,11,J,21,14,D,0110,1,GS-14,G,XXXX,8,10,F,1,200009,1,"$79,148",9.3
AG18,11,F,21,14,B,0110,1,GS-14,G,XXXX,2,15,F,1,200009,1,"$74,352",1.3
AG18,11,F,21,13,F,0110,1,GM-13,G,XXXX,5,10,F,1,200009,1,"$74,086",17.0
AG18,11,G,21,14,G,0110,1,GM-14,I,XXXX,5,10,F,1,200009,1,"$90,140",21.1
AG18,11,G,17,14,G,0110,1,GM-14,H,XXXX,5,10,F,1,200009,1,"$84,069",20.4
AG18,11,G,17,13,G,0110,1,GS-13,G,XXXX,8,10,F,1,200009,1,"$73,067",20.6
AG18,11,I,21,15,G,0110,1,GS-15,J,XXXX,8,10,P,2,200009,1,"$107,207",20.8
AG18,11,D,13,13,D,0110,1,GS-13,F,XXXX,8,10,F,1,200009,1,"$60,890",9.5
AG18,11,F,21,14,E,0110,1,GS-14,G,XXXX,8,10,F,1,200009,1,"$76,750",10.6
AG18,11,H,21,15,H,0110,1,GS-15,I,XXXX,2,10,F,1,200009,1,"$95,923",29.3
AG18,11,G,17,13,G,0110,1,GM-13,G,XXXX,5,10,F,1,200009,1,"$76,121",23.4
AG18,11,F,13,11,E,0110,1,GS-11,D,XXXX,8,10,F,1,200009,1,"$49,845",13.6
AG18,11,J,17,15,I,0110,1,GM-15,K,XXXX,5,10,F,1,200009,1,"$110,028",34.1
AG18,11,G,17,14,F,0110,1,GM-14,H,XXXX,5,10,F,1,200009,1,"$85,141",17.5
AG18,11,F,21,13,D,0110,1,GS-13,F,XXXX,8,10,P,2,200009,1,"$69,008",7.9
AG18,11,E,21,14,E,0110,1,GS-14,G,XXXX,8,10,F,1,200009,1,"$79,148",11.9
AG18,11,I,13,13,I,0110,1,GM-13,G,XXXX,5,10,F,1,200009,1,"$75,104",33.2
AG18,11,G,17,15,G,0110,1,GM-15,J,XXXX,5,10,F,1,200009,1,"$103,097",20.2
AG18,11,H,13,12,J,0110,1,GS-12,E,XXXX,8,10,F,1,200009,1,"$54,618",35.3
AG18,11,H,21,14,D,0110,1,GS-14,H,XXXX,8,10,F,1,200009,1,"$81,546",9.3
AG18,11,G,21,15,G,0110,1,GS-15,I,XXXX,8,10,F,1,200009,1,"$98,744",21.2
AG18,11,I,21,13,D,0110,1,GM-13,G,XXXX,5,10,F,1,200009,1,"$76,116",9.3
AG18,11,D,21,13,C,0110,1,GS-13,F,XXXX,8,10,F,1,200009,1,"$60,890",3.3
AG18,11,I,21,15,I,0110,1,GS-15,I,XXXX,8,10,F,1,200009,1,"$98,744",30.7
AG18,11,D,,09,A,0110,1,GS-09,C,XXXX,8,42,F,2,200009,1,"$35,310",0.3
AG18,11,F,21,14,E,0110,1,GS-14,G,XXXX,8,10,F,1,200009,1,"$79,148",13.3
AG18,11,E,21,14,D,0110,1,GS-14,G,XXXX,8,10,F,1,200009,1,"$79,148",9.8
AG18,11,E,22,14,C,0110,1,GS-14,H,XXXX,8,10,F,1,200009,1,"$81,546",3.7
AG18,11,I,17,14,H,0110,1,GM-14,H,XXXX,5,10,F,1,200009,1,"$87,549",26.9
AG18,11,F,17,13,D,0110,1,GS-13,F,XXXX,8,10,F,1,200009,1,"$60,890",9.2
AG18,RS,G,18,14,F,0110,1,GS-14,G,XXXX,8,10,F,1,200009,1,"$72,580",18.0
AG18,11,G,17,15,G,0110,1,GM-15,I,XXXX,5,10,F,1,200009,1,"$99,000",22.3
AG18,11,G,21,13,E,0110,1,GM-13,G,XXXX,5,10,F,1,200009,1,"$73,067",11.3
AG18,11,G,18,14,G,0110,1,GS-14,H,XXXX,8,10,F,1,200009,1,"$83,945",23.8
AG18,11,I,21,15,G,0110,1,GS-15,I,XXXX,8,10,F,1,200009,1,"$98,744",21.1
AG18,CA,G,17,14,F,0110,1,GS-14,G,XXXX,8,10,F,1,200009,1,"$72,580",18.6
AG18,11,J,21,13,I,0110,1,GM-13,G,XXXX,5,10,F,1,200009,1,"$79,155",31.6
AG18,11,F,21,14,E,0110,1,GS-14,G,XXXX,8,10,F,1,200009,1,"$79,148",13.9
AG18,11,I,21,15,I,0110,1,GM-15,K,XXXX,5,10,F,1,200009,1,"$110,028",30.8
AG18,11,G,21,13,E,0110,1,GS-13,F,XXXX,8,10,F,1,200009,1,"$69,008",11.0
AG18,11,C,,11,A,0110,1,GS-11,D,XXXX,8,42,P,2,200009,1,"$42,724",0.3
AG18,11,F,21,15,D,0110,1,GS-15,I,XXXX,2,10,F,1,200009,1,"$93,101",6.4
AG18,11,F,21,13,B,0110,1,GS-13,F,XXXX,8,15,P,2,200009,1,"$64,949",2.9
AG18,11,G,21,13,G,0110,1,GM-13,G,XXXX,5,10,F,1,200009,1,"$76,794",21.1
AG18,11,E,,12,B,0110,1,GS-12,E,XXXX,8,20,F,2,200009,1,"$59,738",1.3
AG18,11,G,14,12,F,0110,1,GS-12,E,XXXX,8,10,F,1,200009,1,"$58,031",15.0
AG18,11,I,21,14,G,0110,1,GM-14,H,XXXX,5,10,F,1,200009,1,"$86,416",21.1
AG18,11,I,21,13,E,0110,1,GM-13,G,XXXX,5,10,F,1,200009,1,"$77,133",10.0
AG18,11,F,21,13,E,0110,1,GM-13,G,XXXX,5,10,F,1,200009,1,"$73,067",11.8
AG18,11,F,21,15,D,0110,1,GS-15,I,XXXX,2,10,F,1,200009,1,"$90,280",7.0
AG18,11,H,21,14,E,0110,1,GM-14,H,XXXX,5,10,F,1,200009,1,"$83,945",13.3
AG18,11,C,,12,B,0110,1,GS-12,E,XXXX,8,20,F,2,200009,1,"$58,031",1.3
AG18,11,H,21,13,E,0110,1,GS-13,G,XXXX,8,10,F,1,200009,1,"$71,037",12.7
AG18,11,H,21,13,G,0110,1,GM-13,G,XXXX,5,10,F,1,200009,1,"$76,846",20.2
AG18,11,I,21,14,I,0110,1,GS-14,H,XXXX,8,10,F,1,200009,1,"$83,945",30.3
AG18,11,F,21,14,E,0110,1,GS-14,G,XXXX,8,10,F,1,200009,1,"$79,148",11.2
AG18,11,F,21,15,A,0110,1,GS-15,I,XXXX,2,15,F,1,200009,1,"$90,280",0.5
AG18,11,G,17,14,E,0110,1,GS-14,G,XXXX,8,10,F,1,200009,1,"$74,352",11.3
AG18,11,I,21,15,I,0110,1,GM-15,J,XXXX,5,10,F,1,200009,1,"$108,958",30.5
AG18,11,H,21,13,G,0110,1,GM-13,G,XXXX,5,10,F,1,200009,1,"$77,472",20.9
AG18,11,J,21,13,F,0110,1,GM-13,G,XXXX,5,10,F,1,200009,1,"$74,086",15.7
AG18,11,H,21,13,G,0110,1,GM-13,G,XXXX,5,10,F,1,200009,1,"$77,139",22.2
AG18,11,G,21,15,F,0110,1,GS-15,I,XXXX,2,10,F,1,200009,1,"$95,923",16.3
AG18,11,I,21,14,H,0110,1,GM-14,I,XXXX,5,10,F,1,200009,1,"$93,537",29.6
AG18,11,D,,11,B,0110,1,GS-11,D,XXXX,8,42,F,2,200009,1,"$42,724",1.3
AG18,11,H,18,14,G,0110,1,GM-14,H,XXXX,5,10,F,1,200009,1,"$88,895",23.3
AG18,11,F,17,14,G,0110,1,GS-14,H,XXXX,8,10,P,2,200009,1,"$83,945",20.3
AG18,11,I,17,13,G,0110,1,GM-13,G,XXXX,5,10,F,1,200009,1,"$74,086",21.3
AG18,11,D,21,14,C,0110,1,GS-14,G,XXXX,8,10,F,1,200009,1,"$71,954",4.0
AG18,11,I,21,14,H,0110,1,GM-14,H,XXXX,5,10,F,1,200009,1,"$87,765",25.5
AG18,11,I,17,13,G,0110,1,GM-13,G,XXXX,5,10,F,1,200009,1,"$75,104",23.2
AG18,11,F,17,13,E,0110,1,GM-13,G,XXXX,5,10,F,1,200009,1,"$71,037",13.1
AG18,11,H,21,14,H,0110,1,GM-14,H,XXXX,5,10,F,1,200009,1,"$88,887",27.8
AG18,11,D,,12,B,0110,1,GS-12,E,XXXX,8,20,F,2,200009,1,"$58,031",1.6
AG18,11,F,21,15,E,0110,1,GS-15,I,XXXX,2,10,F,1,200009,1,"$95,923",13.3
AG18,11,F,17,14,E,0110,1,GS-14,G,XXXX,8,10,F,1,200009,1,"$79,148",13.8
AG18,11,G,21,15,F,0110,1,GS-15,J,XXXX,8,10,F,1,200009,1,"$107,207",19.7
AG18,11,J,18,13,J,0110,1,GS-13,G,XXXX,8,10,F,1,200009,1,"$71,037",36.8
AG18,11,I,21,14,I,0110,1,GS-14,I,XXXX,8,10,F,1,200009,1,"$93,537",31.3
AG18,11,G,21,13,E,0110,1,GM-13,G,XXXX,5,10,F,1,200009,1,"$75,104",14.5
AG18,11,I,21,13,E,0110,1,GM-13,G,XXXX,5,10,F,1,200009,1,"$75,104",13.2
AG18,11,H,21,14,G,0110,1,GM-14,H,XXXX,5,10,F,1,200009,1,"$88,557",21.0
AG18,11,F,17,14,F,0110,1,GS-14,H,XXXX,8,10,F,1,200009,1,"$83,945",15.3
AG18,11,D,21,13,C,0110,1,GS-13,F,XXXX,8,10,F,1,200009,1,"$64,949",3.1
AG18,11,E,21,14,C,0110,1,GS-14,G,XXXX,8,10,F,1,200009,1,"$71,954",4.0
AG18,11,G,18,14,H,0110,1,GM-14,H,XXXX,5,10,F,1,200009,1,"$84,898",25.1
AG18,11,G,21,15,E,0110,1,GS-15,I,XXXX,8,10,F,1,200009,1,"$90,280",12.3
AG18,11,H,17,14,F,0110,1,GS-14,H,XXXX,8,10,F,1,200009,1,"$81,546",16.5
AG18,11,H,21,14,H,0110,1,GM-14,H,XXXX,5,10,F,1,200009,1,"$88,116",26.4
AG18,11,H,21,15,G,0110,1,GM-15,K,XXXX,2,10,F,1,200009,1,"$110,028",24.0
AG18,11,I,21,15,J,0110,1,GM-15,K,XXXX,5,10,F,1,200009,1,"$110,028",35.1
AG18,11,H,21,13,G,0110,1,GS-13,G,XXXX,8,10,F,1,200009,1,"$71,037",20.0
AG18,11,I,21,13,G,0110,1,GS-13,G,XXXX,8,10,F,1,200009,1,"$79,155",21.8
AG18,11,H,18,14,H,0110,1,GS-14,I,XXXX,8,10,F,1,200009,1,"$93,537",26.6
AG18,11,D,,12,A,0110,1,GS-12,E,XXXX,8,20,F,2,200009,1,"$58,031",0.6
AG18,11,I,18,14,I,0110,1,GS-14,I,XXXX,8,10,F,1,200009,1,"$93,537",33.0
AG18,11,C,,11,B,0110,1,GS-11,D,XXXX,8,20,F,2,200009,1,"$42,724",1.9
AG18,11,B,,07,A,0110,1,GS-07,B,XXXX,8,42,F,2,200009,1,"$28,866",0.3
AG18,11,I,18,15,I,0110,1,GS-15,I,XXXX,8,10,F,1,200009,1,"$98,744",32.7
AG18,11,I,21,14,J,0110,1,GM-14,I,XXXX,5,10,F,1,200009,1,"$91,752",35.0
AG18,11,E,21,13,D,0110,1,GS-13,F,XXXX,8,10,F,1,200009,1,"$69,008",7.9
AG18,11,F,17,13,E,0110,1,GM-13,G,XXXX,5,10,F,1,200009,1,"$71,037",11.3
AG18,11,H,21,13,E,0110,1,GM-13,G,XXXX,5,10,F,1,200009,1,"$73,067",11.7
AG18,11,H,20,13,E,0110,1,GM-13,G,XXXX,5,10,F,1,200009,1,"$74,086",13.1
AG18,11,E,17,14,E,0110,1,GS-14,G,XXXX,8,10,F,1,200009,1,"$76,750",11.6
AG18,11,I,18,14,H,0110,1,GS-14,I,XXXX,8,10,F,1,200009,1,"$91,139",29.1
AG18,11,H,18,13,G,0110,1,GM-13,G,XXXX,5,10,F,1,200009,1,"$79,155",22.3
AG18,11,E,17,13,D,0110,1,GS-13,F,XXXX,8,10,F,1,200009,1,"$69,008",5.3
AG18,11,D,,12,B,0110,1,GS-12,E,XXXX,8,20,F,2,200009,1,"$58,031",1.0
AG18,11,H,18,13,H,0110,1,GS-13,G,XXXX,8,10,F,1,200009,1,"$73,067",25.8
AG18,11,E,17,13,E,0110,1,GS-13,F,XXXX,8,10,P,2,200009,1,"$62,920",10.6
AG18,11,F,,13,A,0110,1,GS-13,F,XXXX,8,20,F,2,200009,1,"$60,890",0.8
AG18,11,H,21,15,G,0110,1,GM-15,K,XXXX,5,10,F,1,200009,1,"$110,028",20.1
AG18,11,G,21,13,D,0110,1,GS-13,F,XXXX,8,10,F,1,200009,1,"$69,008",9.9
AG18,11,H,17,14,G,0110,1,GM-14,H,XXXX,5,10,F,1,200009,1,"$85,140",20.3
AG18,11,E,,13,A,0110,1,GS-13,F,XXXX,8,20,F,2,200009,1,"$62,920",0.0
AG18,11,H,21,13,F,0110,1,GM-13,G,XXXX,5,10,F,1,200009,1,"$79,155",18.3
AG18,11,I,21,14,H,0110,1,GS-14,H,XXXX,8,10,F,1,200009,1,"$83,945",28.9
AG18,11,I,18,13,G,0110,1,GS-13,G,XXXX,8,10,F,1,200009,1,"$71,037",24.2
AG18,11,G,21,14,E,0110,1,GS-14,G,XXXX,8,10,F,1,200009,1,"$79,148",10.1
AG18,11,G,21,13,E,0110,1,GM-13,G,XXXX,5,10,F,1,200009,1,"$73,067",10.9
AG18,11,G,21,15,E,0110,1,GS-15,I,XXXX,8,10,F,1,200009,1,"$93,101",10.6
AG18,11,K,18,13,J,0110,1,GM-13,G,XXXX,5,10,F,1,200009,1,"$79,155",38.9
AG18,11,J,21,14,J,0110,1,GM-14,I,XXXX,5,10,F,1,200009,1,"$93,537",37.8
AG18,11,J,18,14,H,0110,1,GM-14,I,XXXX,5,10,F,1,200009,1,"$93,537",29.7
AG18,11,I,21,14,I,0110,1,GS-14,I,XXXX,8,10,F,1,200009,1,"$93,537",30.3
AG18,11,I,21,13,I,0110,1,GM-13,G,XXXX,5,10,F,1,200009,1,"$79,155",31.0
AG18,11,I,21,14,I,0110,1,GM-14,H,XXXX,5,10,F,1,200009,1,"$87,772",31.2
AG18,11,H,21,14,E,0110,1,GM-14,H,XXXX,5,10,F,1,200009,1,"$87,549",14.8
AG18,11,F,21,13,D,0110,1,GS-13,F,XXXX,8,10,F,1,200009,1,"$69,008",8.0
AG18,11,E,21,14,D,0110,1,GS-14,G,XXXX,8,10,F,1,200009,1,"$74,352",8.4
AG18,11,I,22,14,H,0110,1,GM-14,H,XXXX,5,10,F,1,200009,1,"$86,536",25.8
AG18,11,H,17,14,H,0110,1,GM-14,H,XXXX,5,10,F,1,200009,1,"$87,545",26.3
AG18,SZ,G,18,14,F,0110,1,GS-14,G,XXXX,8,10,F,1,200009,1,"$74,779",16.6
AG18,11,E,,13,A,0110,1,GS-13,G,XXXX,8,20,F,2,200009,1,"$71,037",0.2
AG18,11,H,21,13,F,0110,1,GM-13,G,XXXX,5,10,F,1,200009,1,"$74,086",15.3
AG18,11,F,17,14,F,0110,1,GS-14,G,XXXX,8,10,F,1,200009,1,"$79,148",15.5
AG18,11,G,21,13,C,0110,1,GS-13,F,XXXX,8,10,F,1,200009,1,"$66,979",4.2
AG18,11,G,17,13,F,0110,1,GM-13,G,XXXX,5,10,F,1,200009,1,"$74,086",17.5
AG18,11,G,21,14,F,0110,1,GM-14,H,XXXX,5,10,F,1,200009,1,"$83,945",15.8
AG18,11,I,21,,I,0110,1,SL-00,L,XXXX,8,10,F,1,200009,1,"$123,510",34.1
AG18,11,E,,12,B,0110,1,GS-12,E,XXXX,8,20,F,2,200009,1,"$56,324",2.0
AG18,11,I,18,14,I,0110,1,GM-14,I,XXXX,5,10,F,1,200009,1,"$93,296",31.9
AG18,11,J,21,14,I,0110,1,GM-14,I,XXXX,5,10,F,1,200009,1,"$93,537",34.3
AG18,11,I,21,14,I,0110,1,GM-14,I,XXXX,5,10,F,1,200009,1,"$90,604",32.5
AG18,11,E,,12,A,0110,1,GS-12,E,XXXX,8,20,F,2,200009,1,"$59,738",0.8
AG18,11,F,17,13,D,0110,1,GS-13,F,XXXX,8,15,F,1,200009,1,"$60,890",8.7
AG18,11,E,17,14,E,0110,1,GS-14,G,XXXX,8,10,F,1,200009,1,"$76,750",10.1
AG18,11,K,18,13,G,0110,1,GM-13,G,XXXX,5,10,F,1,200009,1,"$74,086",24.1
AG18,11,F,17,13,F,0110,1,GS-13,G,XXXX,8,10,F,1,200009,1,"$73,067",18.3
AG18,11,I,21,15,I,0110,1,GS-15,K,XXXX,8,10,F,1,200009,1,"$110,028",30.9
AG18,11,H,21,14,F,0110,1,GS-14,H,XXXX,8,10,F,1,200009,1,"$83,945",19.8
AG18,11,J,18,13,J,0110,1,GS-13,G,XXXX,8,10,F,1,200009,1,"$71,037",37.8
AG18,11,I,21,14,H,0110,1,GM-14,I,XXXX,5,10,F,1,200009,1,"$93,537",25.6
AG18,11,F,13,13,G,0110,1,GS-13,F,XXXX,8,10,F,1,200009,1,"$69,008",20.7
AG18,11,K,21,14,J,0110,1,GM-14,I,XXXX,5,10,F,1,200009,1,"$93,537",35.6
AG18,11,I,21,14,F,0110,1,GM-14,H,XXXX,5,10,F,1,200009,1,"$86,343",16.3
AG18,11,I,18,13,I,0110,1,GM-13,G,XXXX,5,10,F,1,200009,1,"$79,155",34.6
AG18,11,G,22,15,F,0110,1,GS-15,I,XXXX,2,10,F,1,200009,1,"$93,101",15.1
AG18,11,D,,12,B,0110,1,GS-12,E,XXXX,8,20,F,2,200009,1,"$58,031",1.0
AG18,11,F,21,14,E,0110,1,GS-14,H,XXXX,8,10,F,1,200009,1,"$81,546",11.7
AG18,11,J,21,13,H,0110,1,GM-13,G,XXXX,5,10,F,1,200009,1,"$79,155",28.0
AG18,11,D,17,13,C,0110,1,GS-13,F,XXXX,8,10,F,1,200009,1,"$60,890",3.1
AG18,11,G,17,13,G,0110,1,GM-13,G,XXXX,5,10,F,1,200009,1,"$74,086",20.0
AG18,11,G,21,15,F,0110,1,GS-15,I,XXXX,2,10,F,1,200009,1,"$95,923",16.2
AG18,11,F,21,14,C,0110,1,GS-14,G,XXXX,8,15,F,1,200009,1,"$76,750",4.6
AG18,11,J,21,13,G,0110,1,GM-13,G,XXXX,5,10,F,1,200009,1,"$77,571",20.5
AG18,11,H,17,12,G,0110,1,GS-12,F,XXXX,8,10,F,1,200009,1,"$66,564",22.9
AG18,11,D,17,13,D,0110,1,GS-13,F,XXXX,8,10,F,1,200009,1,"$64,949",8.8
AG18,11,I,21,14,G,0110,1,GM-14,H,XXXX,5,10,F,1,200009,1,"$87,545",23.8
AG18,11,G,21,14,E,0110,1,GS-14,G,XXXX,8,10,P,2,200009,1,"$79,148",10.0
AG18,11,F,21,15,C,0110,1,GS-15,I,XXXX,2,10,F,1,200009,1,"$90,280",3.6
AG18,11,G,21,14,D,0110,1,GS-14,H,XXXX,8,10,F,1,200009,1,"$86,343",9.5
AG18,11,D,,12,A,0110,1,GS-12,E,XXXX,8,20,F,2,200009,1,"$58,031",0.1
AG18,11,H,17,13,G,0110,1,GM-13,G,XXXX,5,10,F,1,200009,1,"$74,086",20.3
AG18,11,E,17,13,E,0110,1,GS-13,F,XXXX,8,10,P,2,200009,1,"$69,008",11.0
AG18,11,E,13,13,E,0110,1,GS-13,F,XXXX,8,10,F,1,200009,1,"$69,008",11.2
AG18,11,J,22,14,H,0110,1,GS-14,H,XXXX,8,10,F,1,200009,1,"$83,945",25.3
AG18,11,H,21,14,F,0110,1,GS-14,H,XXXX,8,10,F,1,200009,1,"$81,546",17.3
AG18,11,E,,12,A,0110,1,GS-12,F,XXXX,8,20,F,2,200009,1,"$61,444",0.1
AG18,11,H,18,15,H,0110,1,GS-15,I,XXXX,8,10,F,1,200009,1,"$93,101",28.2
AG18,11,G,21,15,E,0110,1,GS-15,I,XXXX,8,10,F,1,200009,1,"$95,923",10.5
AG18,11,D,17,13,D,0110,1,GS-13,F,XXXX,8,10,F,1,200009,1,"$66,979",8.9
AG18,11,H,17,13,G,0110,1,GM-13,G,XXXX,5,10,F,1,200009,1,"$73,074",23.9
AG18,11,E,,12,A,0110,1,GS-12,E,XXXX,8,20,F,2,200009,1,"$58,031",0.8
AG18,11,G,21,15,F,0110,1,GS-15,I,XXXX,8,10,F,1,200009,1,"$93,101",18.9
AG18,11,H,21,12,F,0110,1,GS-12,F,XXXX,8,10,F,1,200009,1,"$63,151",18.4
AG18,11,G,21,13,D,0110,1,GS-13,F,XXXX,8,10,F,1,200009,1,"$69,008",8.7
AG18,11,J,22,15,G,0110,1,GS-15,I,XXXX,8,10,F,1,200009,1,"$95,923",21.2
AG18,11,D,,12,B,0110,1,GS-12,E,XXXX,8,20,F,2,200009,1,"$54,618",2.1
AG18,11,I,18,13,I,0110,1,GM-13,G,XXXX,5,10,F,1,200009,1,"$79,155",34.0
AG18,11,G,21,15,F,0110,1,GM-15,J,XXXX,5,10,F,1,200009,1,"$108,804",16.4
AG18,11,E,21,14,D,0110,1,GS-14,G,XXXX,8,10,F,1,200009,1,"$74,352",9.2
AG18,11,E,,12,D,0110,1,GS-12,E,XXXX,8,20,F,2,200009,1,"$59,738",8.0
AG18,11,I,21,15,G,0110,1,GS-15,I,XXXX,8,10,F,1,200009,1,"$98,744",23.8
AG18,11,I,19,13,G,0110,1,GM-13,G,XXXX,5,10,F,1,200009,1,"$74,086",20.6
AG18,11,H,21,15,I,0110,1,GM-15,J,XXXX,2,10,F,1,200009,1,"$101,545",31.9
AG18,11,H,21,14,E,0110,1,GM-14,H,XXXX,5,10,F,1,200009,1,"$86,217",12.8
AG18,11,E,18,13,E,0110,1,GM-13,G,XXXX,5,10,F,1,200009,1,"$71,037",11.3
AG18,11,G,,13,B,0110,1,GS-13,F,XXXX,8,20,F,2,200009,1,"$66,979",1.2
AG18,11,J,21,13,G,0110,1,GM-13,G,XXXX,5,10,F,1,200009,1,"$79,155",21.6
AG18,11,E,17,12,E,0110,1,GS-12,E,XXXX,8,10,F,1,200009,1,"$56,324",10.8
AG18,11,G,12,09,H,0110,1,GS-09,D,XXXX,8,10,F,1,200009,1,"$44,724",25.0
AG18,11,E,,11,A,0110,1,GS-11,D,XXXX,8,42,F,2,200009,1,"$42,724",0.3
AG18,11,I,12,12,G,0110,1,GS-12,F,XXXX,8,10,F,1,200009,1,"$64,857",21.9
AG18,11,I,21,15,I,0110,1,GM-15,J,XXXX,2,10,F,1,200009,1,"$109,035",30.5
AG18,11,G,21,14,E,0110,1,GS-14,H,XXXX,8,10,F,1,200009,1,"$81,546",13.8
AG18,11,G,21,15,D,0110,1,GS-15,H,XXXX,2,10,F,1,200009,1,"$84,638",9.8
AG18,11,F,17,11,G,0110,1,GS-11,E,XXXX,8,10,F,1,200009,1,"$55,541",21.2
AG18,11,E,,12,A,0110,1,GS-12,E,XXXX,8,20,F,2,200009,1,"$58,031",0.7
AG18,11,B,,09,A,0110,1,GS-09,C,XXXX,8,42,F,2,200009,1,"$35,310",0.3
AG18,11,B,,09,A,0110,1,GS-09,C,XXXX,8,42,P,2,200009,1,"$35,310",0.2
AG22,47,F,,15,A,0110,1,GS-15,H,XXXX,8,40,I,2,200009,1,"$82,876",0.7
AG22,29,J,,15,A,0110,1,GS-15,H,XXXX,8,40,I,2,200009,1,"$82,876",0.2
AG22,29,I,,15,A,0110,1,GS-15,H,XXXX,8,40,I,2,200009,1,"$82,876",0.2
AG22,54,G,,15,B,0110,1,GS-15,H,XXXX,8,40,I,2,200009,1,"$82,876",1.0
AG22,21,G,,15,A,0110,1,GS-15,H,XXXX,8,40,I,2,200009,1,"$82,876",0.8
AG30,11,F,21,13,E,0110,1,GS-13,G,XXXX,8,10,F,1,200009,1,"$75,096",12.9
AG30,51,E,17,14,E,0110,1,GS-14,G,XXXX,8,10,F,1,200009,1,"$79,148",13.7
AG30,51,F,17,12,B,0110,1,GS-12,E,XXXX,8,15,F,1,200009,1,"$51,204",2.2
AG30,11,E,21,12,B,0110,1,GS-12,E,XXXX,8,15,F,1,200009,1,"$52,911",1.2
AG30,11,H,21,14,F,0110,1,GS-14,H,XXXX,2,10,F,1,200009,1,"$86,343",15.4
AG32,11,H,17,14,G,0110,1,GM-14,H,XXXX,5,10,F,1,200009,1,"$88,959",22.8
AG32,11,F,17,14,E,0110,1,GS-14,G,XXXX,8,10,F,1,200009,1,"$76,750",12.3
AG32,11,I,21,14,H,0110,1,GM-14,I,XXXX,5,10,F,1,200009,1,"$91,496",26.6
AG32,11,G,17,13,G,0110,1,GM-13,G,XXXX,5,10,F,1,200009,1,"$77,139",23.0
AG32,11,F,17,13,F,0110,1,GM-13,G,XXXX,5,10,P,2,200009,1,"$74,086",15.5
AG32,11,E,17,13,E,0110,1,GS-13,F,XXXX,8,10,F,1,200009,1,"$66,979",10.3
AG32,11,J,20,13,J,0110,1,GM-13,G,XXXX,5,10,F,1,200009,1,"$79,155",38.3
AG32,11,H,17,13,G,0110,1,GM-13,G,XXXX,5,10,F,1,200009,1,"$76,254",22.3
AG32,11,J,17,13,J,0110,1,GM-13,G,XXXX,5,10,F,1,200009,1,"$78,825",36.8
AG32,11,H,21,15,G,0110,1,GM-15,J,XXXX,2,10,F,1,200009,1,"$104,466",24.9
AG32,11,F,17,13,F,0110,1,GM-13,G,XXXX,5,10,F,1,200009,1,"$71,037",17.7
AG32,11,F,17,14,E,0110,1,GM-14,H,XXXX,5,10,F,1,200009,1,"$83,945",14.7
AG32,11,E,17,13,E,0110,1,GS-13,F,XXXX,8,10,F,1,200009,1,"$66,979",12.8
AG32,11,J,21,,G,0110,1,ES-05,M,XXXX,2,50,F,1,200009,1,"$130,200",24.9
AG32,11,F,13,12,C,0110,1,GS-12,E,XXXX,8,15,F,1,200009,1,"$54,618",3.9
AG32,11,I,14,13,J,0110,1,GM-13,G,XXXX,5,10,F,1,200009,1,"$77,126",35.0
AG32,11,F,04,14,F,0110,1,GM-14,H,XXXX,5,10,F,1,200009,1,"$87,549",19.7
AG32,11,H,17,14,G,0110,1,GM-14,H,XXXX,5,10,F,1,200009,1,"$87,546",23.3
AG32,11,G,17,14,G,0110,1,GM-14,H,XXXX,5,10,F,1,200009,1,"$86,343",20.8
AG32,11,G,17,15,G,0110,1,GM-15,J,XXXX,2,10,F,1,200009,1,"$105,206",22.0
AG32,11,I,21,15,H,0110,1,GM-15,K,XXXX,2,10,F,1,200009,1,"$110,028",27.3
AG32,11,I,21,15,I,0110,1,GM-15,K,XXXX,2,10,F,1,200009,1,"$110,028",33.9
AG32,11,J,17,14,E,0110,1,GM-14,H,XXXX,5,10,F,1,200009,1,"$89,947",12.0
AG32,11,H,01,12,H,0110,1,GS-12,E,XXXX,8,10,F,1,200009,1,"$54,618",29.9
AG32,11,G,21,13,F,0110,1,GM-13,G,XXXX,5,10,F,1,200009,1,"$71,037",16.3
AG34,24,H,17,13,H,0110,1,GS-13,G,XXXX,8,10,F,1,200009,1,"$79,155",26.0
AG34,08,F,17,14,F,0110,1,GS-14,H,XXXX,8,10,F,1,200009,1,"$82,197",16.4
AG34,08,F,21,14,D,0110,1,GS-14,H,XXXX,8,10,F,1,200009,1,"$82,197",9.4
AG34,24,E,17,12,D,0110,1,GS-12,E,XXXX,8,15,F,1,200009,1,"$51,204",5.5
AG34,08,G,17,13,E,0110,1,GM-13,G,XXXX,5,10,F,1,200009,1,"$71,553",10.1
AG34,24,I,17,13,D,0110,1,GS-13,F,XXXX,8,10,F,1,200009,1,"$69,008",9.5
AG34,08,I,21,13,F,0110,1,GS-13,G,XXXX,8,10,F,1,200009,1,"$71,546",19.5
AG34,24,G,17,12,B,0110,1,GS-12,E,XXXX,8,15,F,1,200009,1,"$54,618",2.5
AG34,24,D,17,13,D,0110,1,GM-13,F,XXXX,5,10,F,1,200009,1,"$64,949",8.7
AG34,24,G,17,14,F,0110,1,GM-14,H,XXXX,5,10,F,1,200009,1,"$87,546",19.9
AG34,24,H,21,14,D,0110,1,GS-14,H,XXXX,8,10,F,1,200009,1,"$83,945",8.8
AG34,08,F,21,13,E,0110,1,GM-13,G,XXXX,5,10,P,2,200009,1,"$71,546",10.8
AG34,24,F,18,14,E,0110,1,GM-14,H,XXXX,2,10,F,1,200009,1,"$83,945",12.5
AG36,08,D,13,11,B,0110,1,GS-11,D,XXXX,8,15,F,1,200009,1,"$44,751",1.0
AG36,08,D,21,11,A,0110,1,GS-11,E,XXXX,8,15,F,1,200009,1,"$56,300",0.2
AG36,11,I,21,15,H,0110,1,GM-15,J,XXXX,2,10,F,1,200009,1,"$104,743",26.4
AG36,11,G,17,13,A,0110,1,GS-13,G,XXXX,8,15,F,1,200009,1,"$79,155",0.8
AG36,11,F,21,13,C,0110,1,GS-13,F,XXXX,8,10,F,1,200009,1,"$66,979",4.7
AG36,13,H,21,13,B,0110,1,GS-13,F,XXXX,2,15,F,1,200009,1,"$68,128",1.1
AG36,13,C,17,09,A,0110,1,GS-09,C,XXXX,8,15,F,1,200009,1,"$37,184",0.6
AG36,13,D,17,12,B,0110,1,GS-12,E,XXXX,8,15,F,1,200009,1,"$55,606",1.1
AG36,11,F,17,14,D,0110,1,GM-14,H,XXXX,5,10,F,1,200009,1,"$83,945",8.3
AG36,11,H,21,14,G,0110,1,GS-14,H,XXXX,8,10,F,1,200009,1,"$83,945",23.0
AG36,19,C,17,09,A,0110,1,GS-09,C,XXXX,8,15,F,1,200009,1,"$34,575",0.3
AG36,08,J,13,13,I,0110,1,GM-13,H,XXXX,2,10,F,1,200009,1,"$80,237",30.5
AG36,13,E,17,11,A,0110,1,GS-11,E,XXXX,8,15,F,1,200009,1,"$54,833",0.0
AG36,19,G,21,11,A,0110,1,GS-11,E,XXXX,8,15,F,1,200009,1,"$52,991",0.7
AG36,19,E,17,12,D,0110,1,GS-12,F,XXXX,8,10,F,1,200009,1,"$65,179",9.3
AG36,19,E,13,12,E,0110,1,GS-12,E,XXXX,8,10,F,1,200009,1,"$53,481",12.7
AG36,19,E,18,11,B,0110,1,GS-11,D,XXXX,8,15,F,1,200009,1,"$44,623",2.1
AG36,19,D,17,11,A,0110,1,GS-11,D,XXXX,8,15,F,1,200009,1,"$47,412",0.9
AG36,19,C,13,11,B,0110,1,GS-11,D,XXXX,8,15,F,1,200009,1,"$47,412",1.3
AG36,08,E,21,12,B,0110,1,GS-12,F,XXXX,8,15,F,1,200009,1,"$60,554",2.1
AG36,19,F,21,13,E,0110,1,GM-13,G,XXXX,2,10,F,1,200009,1,"$71,546",10.3
AG36,19,B,13,09,A,0110,1,GS-09,C,XXXX,8,15,F,1,200009,1,"$36,880",0.3
AG36,08,E,17,11,A,0110,1,GS-11,D,XXXX,8,15,F,1,200009,1,"$43,307",0.7
AG36,08,E,21,12,B,0110,1,GS-12,F,XXXX,8,15,F,1,200009,1,"$60,554",1.4
AG36,08,C,17,09,A,0110,1,GS-09,C,XXXX,8,15,F,1,200009,1,"$35,793",0.2
AG36,08,E,13,12,B,0110,1,GS-12,E,XXXX,8,15,F,1,200009,1,"$51,904",1.5
AG36,08,C,17,11,B,0110,1,GS-11,D,XXXX,8,15,F,1,200009,1,"$43,307",1.6
AG36,11,F,21,14,D,0110,1,GS-14,G,XXXX,8,10,F,1,200009,1,"$74,352",5.8
AG36,11,E,17,14,C,0110,1,GS-14,G,XXXX,8,15,F,1,200009,1,"$79,148",4.3
AG37,11,H,18,14,G,0110,1,GS-14,G,XXXX,8,10,F,1,200009,1,"$76,750",24.3
AG37,11,F,12,14,F,0110,1,GS-14,G,XXXX,8,10,F,1,200009,1,"$76,750",17.5
AG37,11,H,20,15,G,0110,1,GM-15,K,XXXX,5,10,F,1,200009,1,"$110,028",23.8
AG37,11,J,15,13,C,0110,1,GS-13,F,XXXX,2,10,F,1,200009,1,"$60,890",4.5
AG37,11,K,21,14,F,0110,1,GS-14,I,XXXX,8,10,F,1,200009,1,"$93,537",18.2
AG38,11,H,17,15,G,0110,1,GM-15,J,XXXX,5,10,F,1,200009,1,"$102,632",23.3
AG38,11,H,21,,G,0110,1,ES-06,M,XXXX,2,50,F,1,200009,1,"$130,200",24.3
AG38,11,F,12,15,G,0110,1,GS-15,I,XXXX,8,10,F,1,200009,1,"$93,101",20.3
AG38,11,E,17,,D,0110,1,ES-01,K,XXXX,2,50,F,1,200009,1,"$115,811",9.4
AG38,11,H,13,11,H,0110,1,GS-11,E,XXXX,8,10,F,1,200009,1,"$55,541",25.6
AG38,11,I,21,,H,0110,1,ES-05,M,XXXX,2,50,F,1,200009,1,"$130,200",29.8
AG38,11,H,21,15,G,0110,1,GM-15,J,XXXX,5,10,F,1,200009,1,"$100,946",21.4
AG38,11,G,21,,G,0110,1,ES-03,L,XXXX,8,50,F,1,200009,1,"$126,825",22.6
AG38,11,G,18,15,F,0110,1,GS-15,H,XXXX,8,10,F,1,200009,1,"$84,638",15.2
AG38,11,F,17,14,D,0110,1,GS-14,G,XXXX,8,10,F,1,200009,1,"$74,352",9.7
AG38,11,G,13,15,G,0110,1,GS-15,J,XXXX,8,10,F,1,200009,1,"$101,565",24.7
AG38,11,F,17,15,F,0110,1,GS-15,I,XXXX,8,10,F,1,200009,1,"$90,280",15.8
AG38,11,H,21,15,G,0110,1,GM-15,J,XXXX,5,10,F,1,200009,1,"$109,652",23.1
AG38,11,G,21,,F,0110,1,SL-00,M,XXXX,8,10,F,1,200009,1,"$130,200",17.7
AG38,11,H,17,15,H,0110,1,GM-15,J,XXXX,5,10,F,1,200009,1,"$105,806",27.8
AG38,11,G,17,15,G,0110,1,GS-15,I,XXXX,8,10,F,1,200009,1,"$95,923",22.3
AG38,11,G,14,15,G,0110,1,GM-15,J,XXXX,5,10,F,1,200009,1,"$103,709",24.7
AG38,11,J,21,15,I,0110,1,GM-15,K,XXXX,5,10,F,1,200009,1,"$110,028",34.6
AG38,11,K,21,14,D,0110,1,GS-14,I,XXXX,8,15,F,1,200009,1,"$93,537",7.2
AG38,11,K,21,15,H,0110,1,GM-15,J,XXXX,5,10,F,1,200009,1,"$104,227",26.2
AG38,11,F,21,14,E,0110,1,GS-14,H,XXXX,8,10,F,1,200009,1,"$86,343",13.3
AG38,11,I,21,14,E,0110,1,GM-14,H,XXXX,2,10,F,1,200009,1,"$87,049",11.7
AG38,11,G,21,14,E,0110,1,GM-14,H,XXXX,2,10,F,1,200009,1,"$83,945",13.9
AGDA,11,G,21,14,E,0110,1,GS-14,H,XXXX,8,10,F,1,200009,1,"$81,546",13.7
AGFA,11,I,21,15,I,0110,1,GM-15,J,XXXX,2,10,F,1,200009,1,"$105,073",31.1
AGFA,11,G,21,15,G,0110,1,GS-15,I,XXXX,2,10,F,1,200009,1,"$93,101",22.2
AGFA,11,G,17,15,F,0110,1,GS-15,I,XXXX,2,10,F,1,200009,1,"$93,101",19.7
AGFA,11,H,17,15,I,0110,1,GS-15,I,XXXX,2,10,F,1,200009,1,"$98,744",30.6
AGFA,11,H,17,14,F,0110,1,GS-14,H,XXXX,8,10,F,1,200009,1,"$86,343",17.3
AGFA,11,E,13,14,F,0110,1,GS-14,H,XXXX,8,10,F,1,200009,1,"$81,546",16.2
AGFA,11,F,21,14,E,0110,1,GS-14,G,XXXX,8,10,F,1,200009,1,"$79,148",12.3
AGFA,11,H,14,13,G,0110,1,GS-13,F,XXXX,8,10,F,1,200009,1,"$69,008",24.4
AGFA,11,H,17,13,H,0110,1,GS-13,G,XXXX,8,10,F,1,200009,1,"$79,155",26.7
AGFA,11,H,18,14,G,0110,1,GS-14,H,XXXX,8,10,F,1,200009,1,"$86,343",23.3
AGFA,11,G,21,14,D,0110,1,GS-14,G,XXXX,8,10,F,1,200009,1,"$71,954",6.3
AGFA,11,F,17,15,F,0110,1,GM-15,J,XXXX,2,10,F,1,200009,1,"$106,195",18.8
AGFA,11,F,17,14,E,0110,1,GS-14,H,XXXX,8,10,F,1,200009,1,"$81,546",14.7
AGFA,11,F,21,14,D,0110,1,GS-14,G,XXXX,8,10,F,1,200009,1,"$76,750",9.8
AGFA,11,I,21,13,H,0110,1,GS-13,G,XXXX,8,10,F,1,200009,1,"$79,155",25.3
AGFA,11,G,21,14,D,0110,1,GS-14,H,XXXX,8,15,F,1,200009,1,"$81,546",7.8
AGFA,11,I,17,15,H,0110,1,GM-15,J,XXXX,2,10,F,1,200009,1,"$107,011",29.6
AGFA,11,G,21,15,E,0110,1,GM-15,J,XXXX,2,10,F,1,200009,1,"$104,386",14.6
AGFA,11,G,21,15,D,0110,1,GS-15,I,XXXX,2,10,F,1,200009,1,"$98,744",9.3
AGFA,11,I,17,14,G,0110,1,GS-14,I,XXXX,8,10,F,1,200009,1,"$93,537",23.5
AGFA,11,G,21,14,E,0110,1,GS-14,H,XXXX,8,10,F,1,200009,1,"$86,343",14.0
AGFA,11,D,17,13,E,0110,1,GS-13,G,XXXX,8,10,F,1,200009,1,"$71,037",10.4
AM00,11,G,21,,E,0110,1,FO-02,I,XXXX,8,38,F,1,200009,1,"$94,932",13.3
AM00,KE,I,17,,G,0110,1,FO-02,G,XXXX,8,38,F,1,200009,1,"$75,094",20.5
AM00,11,J,21,,H,0110,1,FO-01,K,XXXX,2,38,F,1,200009,1,"$110,028",27.6
AM00,11,H,21,15,H,0110,1,GS-15,K,XXXX,2,10,F,1,200009,1,"$110,028",27.5
AM00,11,H,18,,G,0110,1,FO-01,K,XXXX,2,38,F,1,200009,1,"$110,028",24.3
AM00,EG,G,21,,D,0110,1,FO-02,F,XXXX,2,38,F,1,200009,1,"$64,777",7.8
AM00,11,H,21,14,G,0110,1,GS-14,H,XXXX,5,10,F,1,200009,1,"$86,343",21.3
AM00,11,H,21,15,H,0110,1,GS-15,K,XXXX,8,10,F,1,200009,1,"$110,028",27.6
AM00,11,C,17,,A,0110,1,FP-04,D,XXXX,8,48,F,2,200009,1,"$46,380",0.0
AM00,11,H,21,,H,0110,1,FP-02,I,XXXX,2,38,F,1,200009,1,"$97,781",26.3
AM00,11,H,21,15,G,0110,1,GS-15,J,XXXX,8,10,F,1,200009,1,"$104,386",20.0
AM00,ZA,F,17,,G,0110,1,FO-01,I,XXXX,8,38,F,1,200009,1,"$95,455",21.7
AM00,**,H,21,,F,0110,1,FO-02,Z,XXXX,2,38,F,1,200009,1,,18.3
AM00,NI,G,21,,F,0110,1,FO-02,H,XXXX,2,38,F,1,200009,1,"$89,666",16.6
AM00,11,J,21,15,F,0110,1,GS-15,K,XXXX,4,10,F,1,200009,1,"$110,028",18.6
AM00,HA,J,21,,F,0110,1,FO-01,J,XXXX,8,38,F,1,200009,1,"$100,897",17.9
AM00,11,E,17,,A,0110,1,FP-04,D,XXXX,8,48,F,2,200009,1,"$45,029",0.0
AM00,MA,F,21,,D,0110,1,FO-02,G,XXXX,8,38,F,1,200009,1,"$70,783",9.2
AM00,11,H,18,,E,0110,1,AD-15,J,XXXX,8,48,F,2,200009,1,"$101,565",14.8
AM00,EG,H,15,,H,0110,1,FO-02,I,XXXX,8,38,F,1,200009,1,"$92,356",25.3
AM00,11,J,21,,F,0110,1,FO-02,I,XXXX,8,38,F,1,200009,1,"$92,168",19.3
AM00,SG,I,21,,E,0110,1,FO-02,H,XXXX,8,38,F,1,200009,1,"$87,054",11.2
AM00,11,K,21,15,J,0110,1,GS-15,K,XXXX,8,10,F,1,200009,1,"$110,028",36.5
AM00,ML,I,21,,E,0110,1,FO-02,I,XXXX,8,38,F,1,200009,1,"$92,356",13.6
AM00,ID,I,21,,F,0110,1,FE-OC,K,XXXX,2,38,F,1,200009,1,"$116,300",16.0
AM00,11,H,21,,F,0110,1,FO-02,J,XXXX,8,38,F,1,200009,1,"$100,714",18.5
AM00,11,G,21,14,G,0110,1,GS-14,H,XXXX,8,10,F,1,200009,1,"$88,741",20.3
AM00,11,J,21,,H,0110,1,FO-02,J,XXXX,2,38,F,1,200009,1,"$100,714",28.5
AM00,JO,I,21,,F,0110,1,FO-02,I,XXXX,8,38,F,1,200009,1,"$92,356",16.3
AM00,11,G,17,,E,0110,1,FP-03,G,XXXX,8,48,F,2,200009,1,"$74,684",13.8
AM00,UG,I,18,,G,0110,1,FP-02,I,XXXX,8,38,F,1,200009,1,"$92,356",20.2
AM00,11,I,21,,F,0110,1,FO-02,J,XXXX,8,38,F,1,200009,1,"$100,714",17.7
AM00,GH,H,21,,E,0110,1,FO-03,G,XXXX,8,38,F,1,200009,1,"$74,836",11.3
AM00,KZ,E,21,,D,0110,1,FO-02,F,XXXX,2,38,F,1,200009,1,"$64,777",8.4
AM00,11,F,17,,A,0110,1,FP-04,F,XXXX,8,48,F,2,200009,1,"$66,127",0.0
AM00,11,H,17,,G,0110,1,FO-01,K,XXXX,8,38,F,1,200009,1,"$110,028",24.8
AM00,11,I,18,14,F,0110,1,GS-14,I,XXXX,8,10,F,1,200009,1,"$91,139",16.4
AM00,GT,F,17,,F,0110,1,FO-01,I,XXXX,2,38,F,1,200009,1,"$92,675",15.4
ARCE,39,J,20,13,H,0110,1,GS-13,G,XXXX,8,10,F,1,200009,1,"$79,496",28.2
ARCE,25,I,18,12,F,0110,1,GS-12,F,XXXX,8,10,F,1,200009,1,"$64,118",19.1
ARCE,25,H,17,13,H,0110,1,GS-13,G,XXXX,8,10,F,1,200009,1,"$76,246",25.8
ARCE,25,E,13,12,E,0110,1,GS-12,E,XXXX,8,10,P,2,200009,1,"$58,920",11.9
ARCE,02,I,21,12,J,0110,1,GS-12,E,XXXX,8,10,F,1,200009,1,"$54,780",37.6
ARCE,25,I,17,14,I,0110,1,GM-14,I,XXXX,2,10,F,1,200009,1,"$91,891",32.3
ARCE,17,H,17,13,H,0110,1,GS-13,G,XXXX,8,10,F,1,200009,1,"$78,851",25.0
ARCE,36,I,13,13,I,0110,1,GS-13,G,XXXX,8,10,F,1,200009,1,"$79,276",34.3
ARCE,11,H,17,15,H,0110,1,GM-15,J,XXXX,5,10,F,1,200009,1,"$107,185",28.9
ARCE,36,H,17,13,I,0110,1,GS-13,G,XXXX,8,10,F,1,200009,1,"$77,507",31.3
ARCE,36,E,13,11,E,0110,1,GS-11,D,XXXX,8,38,F,1,200009,1,"$49,770",11.3
ARCE,17,H,18,12,G,0110,1,GS-12,F,XXXX,8,10,F,1,200009,1,"$63,507",22.3
ARCE,36,E,13,13,E,0110,1,GS-13,G,XXXX,8,10,F,1,200009,1,"$70,932",13.7
ARCE,48,H,18,13,H,0110,1,GS-13,G,XXXX,8,10,F,1,200009,1,"$76,800",29.7
ARCE,36,H,13,11,G,0110,1,GS-11,E,XXXX,8,10,F,1,200009,1,"$50,202",22.7
ARCE,36,H,14,13,G,0110,1,GS-13,G,XXXX,8,10,F,1,200009,1,"$75,104",21.4
ARCE,36,G,17,12,G,0110,1,GS-12,F,XXXX,8,10,F,1,200009,1,"$61,836",23.3
ARCE,42,H,17,15,H,0110,1,GM-15,K,XXXX,2,10,F,1,200009,1,"$110,533",29.1
ARCE,51,F,13,12,F,0110,1,GS-12,F,XXXX,8,10,F,1,200009,1,"$63,151",19.5
ARCE,36,E,13,11,D,0110,1,GS-11,D,XXXX,8,10,F,1,200009,1,"$49,770",9.6
ARCE,36,J,18,14,J,0110,1,GS-14,H,XXXX,8,10,F,1,200009,1,"$81,355",35.4
ARCE,24,G,13,12,F,0110,1,GS-12,F,XXXX,8,10,F,1,200009,1,"$61,444",15.1
ARCE,36,H,17,11,F,0110,1,GS-11,E,XXXX,8,10,F,1,200009,1,"$51,596",19.8
ARCE,36,D,17,14,E,0110,1,GS-14,G,XXXX,2,10,F,1,200009,1,"$70,457",10.6
ARCE,06,D,17,12,D,0110,1,GS-12,E,XXXX,8,10,F,1,200009,1,"$55,803",6.0
ARCE,11,H,18,14,H,0110,1,GS-14,I,XXXX,8,10,F,1,200009,1,"$93,537",27.8
ARCE,35,H,17,12,G,0110,1,GS-12,F,XXXX,8,10,F,1,200009,1,"$60,165",21.7
ARCE,51,E,13,13,E,0110,1,GS-13,F,XXXX,8,10,F,1,200009,1,"$69,008",13.1
ARCE,36,G,21,13,C,0110,1,GS-13,F,XXXX,6,10,F,1,200009,1,"$62,588",4.9
ARCE,41,E,17,13,E,0110,1,GS-13,G,XXXX,8,10,F,1,200009,1,"$71,044",12.3
ARCE,48,G,17,12,F,0110,1,GS-12,F,XXXX,8,10,F,1,200009,1,"$68,271",19.7
ARCE,42,H,17,12,H,0110,1,GS-12,F,XXXX,8,10,F,1,200009,1,"$63,440",28.1
ARCE,22,G,17,11,D,0110,1,GS-11,D,XXXX,8,10,F,1,200009,1,"$43,229",5.6
ARCE,12,I,13,15,I,0110,1,GS-15,I,XXXX,2,10,F,1,200009,1,"$96,688",33.4
ARCE,17,H,04,12,B,0110,1,GS-12,E,XXXX,8,10,F,1,200009,1,"$57,585",1.5
ARCE,42,G,17,12,G,0110,1,GS-12,F,XXXX,8,10,F,1,200009,1,"$65,685",24.0
ARCE,13,D,17,12,D,0110,1,GS-12,E,XXXX,8,10,F,1,200009,1,"$55,152",7.6
ARCE,42,G,13,13,G,0110,1,GS-13,G,XXXX,8,10,F,1,200009,1,"$75,441",21.8
ARCE,45,G,13,12,G,0110,1,GS-12,F,XXXX,8,10,F,1,200009,1,"$65,179",24.0
ARCE,24,G,17,13,G,0110,1,GS-13,G,XXXX,8,10,F,1,200009,1,"$71,037",22.0
ARCE,48,F,21,13,G,0110,1,GS-13,G,XXXX,8,10,F,1,200009,1,"$74,779",21.8
ARCE,42,D,13,12,E,0110,1,GS-12,E,XXXX,8,10,F,1,200009,1,"$56,583",12.0
ARCE,42,E,13,12,E,0110,1,GS-12,F,XXXX,8,10,F,1,200009,1,"$61,726",14.3
ARCE,42,D,04,06,F,0119,3,GS-06,C,XXXX,8,10,F,1,200009,1,"$30,444",15.3
ARCE,54,H,13,12,H,0110,1,GS-12,F,XXXX,8,10,F,1,200009,1,"$63,507",27.5
ARCE,12,E,04,09,B,0110,1,GS-09,C,XXXX,8,15,F,1,200009,1,"$34,575",1.0
ARCE,51,C,13,11,D,0110,1,GS-11,D,XXXX,8,10,F,1,200009,1,"$46,996",6.4
ARCE,51,B,13,09,B,0110,1,GS-09,C,XXXX,8,15,F,1,200009,1,"$34,575",1.1
ARCE,24,E,13,12,D,0110,1,GS-12,E,XXXX,8,10,F,1,200009,1,"$59,738",9.8
ARCE,24,G,17,12,G,0110,1,GS-12,F,XXXX,8,10,F,1,200009,1,"$64,857",24.8
ARCE,24,E,17,11,E,0110,1,GS-11,D,XXXX,8,10,F,1,200009,1,"$48,420",11.0
ARCE,05,D,13,12,E,0110,1,GS-12,E,XXXX,8,10,F,1,200009,1,"$53,481",10.9
ARCE,51,G,13,14,G,0110,1,GS-14,I,XXXX,8,10,F,1,200009,1,"$91,139",24.5
ARCE,06,D,17,11,C,0110,1,GS-11,D,XXXX,8,10,F,1,200009,1,"$45,650",4.3
ARCE,51,F,13,13,G,0110,1,GS-13,F,XXXX,2,10,F,1,200009,1,"$65,584",22.6
ARCE,12,F,13,13,G,0110,1,GS-13,G,XXXX,8,10,F,1,200009,1,"$73,533",21.8
ARCE,54,D,13,05,D,0119,3,GS-05,B,XXXX,8,20,F,2,200009,1,"$22,819",6.2
ARCE,54,C,14,11,D,0110,1,GS-11,D,XXXX,8,10,F,1,200009,1,"$46,018",6.2
ARCE,45,D,14,12,D,0110,1,GS-12,E,XXXX,8,10,F,1,200009,1,"$53,481",7.3
ARCE,45,F,17,13,G,0110,1,GS-13,F,XXXX,6,10,F,1,200009,1,"$65,584",21.6
ARCE,54,F,13,12,F,0110,1,GS-12,F,XXXX,8,10,F,1,200009,1,"$60,165",17.9
ARCE,54,D,13,11,D,0110,1,GS-11,D,XXXX,8,10,P,2,200009,1,"$44,623",6.2
ARCE,54,D,12,11,E,0110,1,GS-11,D,XXXX,8,10,F,1,200009,1,"$44,623",12.9
ARCE,37,G,17,12,H,0110,1,GS-12,F,XXXX,8,10,F,1,200009,1,"$65,179",25.4
ARCE,37,H,17,12,G,0110,1,GS-12,F,XXXX,4,10,F,1,200009,1,"$65,179",23.3
ARCE,37,J,17,12,I,0110,1,GS-12,F,XXXX,8,10,F,1,200009,1,"$65,179",32.8
ARCE,37,H,17,12,G,0110,1,GS-12,F,XXXX,8,10,F,1,200009,1,"$65,179",24.5
ARCE,13,I,13,14,I,0110,1,GM-14,H,XXXX,5,10,F,1,200009,1,"$89,019",33.7
ARCE,45,F,13,12,F,0110,1,GS-12,F,XXXX,8,10,F,1,200009,1,"$60,165",15.2
ARCE,13,E,13,12,E,0110,1,GS-12,E,XXXX,8,10,F,1,200009,1,"$56,823",14.9
ARCE,02,H,13,13,H,0110,1,GS-13,G,XXXX,8,10,F,1,200009,1,"$72,586",28.3
ARCE,47,I,21,12,F,0110,1,GS-12,F,XXXX,8,10,F,1,200009,1,"$63,507",18.8
ARCE,51,E,17,13,E,0110,1,GS-13,F,XXXX,8,10,F,1,200009,1,"$66,979",12.8
ARCE,01,H,13,11,G,0110,1,GS-11,E,XXXX,8,10,F,1,200009,1,"$50,202",22.9
ARCE,22,H,17,11,D,0110,1,GS-11,D,XXXX,8,10,F,1,200009,1,"$46,018",5.2
ARCE,12,H,17,12,H,0110,1,GS-12,F,XXXX,8,10,F,1,200009,1,"$65,179",26.2
ARCE,12,G,14,12,G,0110,1,GS-12,F,XXXX,8,10,F,1,200009,1,"$63,507",20.1
ARCE,22,G,17,12,D,0110,1,GS-12,E,XXXX,8,10,F,1,200009,1,"$56,823",8.0
ARCE,02,D,13,12,E,0110,1,GS-12,E,XXXX,8,10,F,1,200009,1,"$53,215",13.3
ARCE,42,E,17,09,D,0110,1,GS-09,E,XXXX,8,15,F,1,200009,1,"$53,896",7.2
ARCE,51,H,21,14,F,0110,1,GS-14,I,XXXX,8,10,F,1,200009,1,"$91,139",15.5
ARCE,54,G,17,13,G,0110,1,GS-13,F,XXXX,7,10,F,1,200009,1,"$67,571",22.0
ARCE,54,G,13,12,D,0110,1,GS-12,F,XXXX,8,10,F,1,200009,1,"$65,179",8.9
ARCE,12,D,17,12,E,0110,1,GS-12,E,XXXX,8,10,F,1,200009,1,"$56,823",13.3
ARCE,48,E,17,11,D,0110,1,GS-11,D,XXXX,8,10,F,1,200009,1,"$46,798",9.5
ARCE,54,F,17,12,E,0110,1,GS-12,E,XXXX,8,10,F,1,200009,1,"$55,152",13.2
ARCE,42,D,13,11,D,0110,1,GS-11,D,XXXX,8,10,F,1,200009,1,"$44,350",8.0
ARCE,53,J,17,12,F,0110,1,GS-12,F,XXXX,8,10,F,1,200009,1,"$60,165",17.3
ARCE,21,G,04,11,H,0110,1,GS-11,D,XXXX,8,10,F,1,200009,1,"$41,834",27.8
ARCE,11,I,04,14,J,0110,1,GS-14,I,XXXX,8,10,F,1,200009,1,"$93,537",37.4
ARCE,27,G,14,12,G,0110,1,GS-12,F,XXXX,8,10,F,1,200009,1,"$63,186",21.7
ARCE,17,E,13,12,F,0110,1,GS-12,F,XXXX,8,10,F,1,200009,1,"$65,179",17.1
ARCE,17,G,17,12,G,0110,1,GS-12,F,XXXX,8,10,F,1,200009,1,"$68,053",23.4
ARCE,31,I,17,14,I,0110,1,GS-14,I,XXXX,8,10,F,1,200009,1,"$91,589",32.8
ARCE,17,H,14,14,H,0110,1,GM-14,I,XXXX,2,10,F,1,200009,1,"$92,992",27.3
ARCE,13,G,13,12,G,0110,1,GS-12,F,XXXX,4,10,F,1,200009,1,"$65,179",22.7
ARCE,53,F,13,13,E,0110,1,GS-13,F,XXXX,8,10,F,1,200009,1,"$65,038",11.2
ARCE,17,H,13,13,G,0110,1,GS-13,H,XXXX,8,10,F,1,200009,1,"$80,926",22.8
ARCE,36,J,21,11,G,0110,1,GS-11,E,XXXX,8,10,P,2,200009,1,"$54,385",23.2
ARCE,17,I,14,14,I,0110,1,GS-14,I,XXXX,4,10,F,1,200009,1,"$93,178",30.9
ARCE,17,K,21,12,G,0110,1,GS-12,F,XXXX,8,10,F,1,200009,1,"$68,053",24.2
ARCE,17,J,17,13,J,0110,1,GS-13,G,XXXX,2,10,F,1,200009,1,"$77,507",41.8
ARCE,17,H,17,12,H,0110,1,GS-12,F,XXXX,8,10,F,1,200009,1,"$65,179",27.6
ARCE,06,H,13,13,H,0110,1,GS-13,G,XXXX,2,10,F,1,200009,1,"$75,406",28.7
ARCE,29,G,21,13,G,0110,1,GS-13,G,XXXX,8,10,F,1,200009,1,"$73,740",22.6
ARCE,12,H,17,12,G,0110,1,GS-12,F,XXXX,8,10,F,1,200009,1,"$63,507",20.3
ARCE,41,F,17,12,E,0110,1,GS-12,F,XXXX,8,10,F,1,200009,1,"$61,450",13.4
ARCE,06,E,17,09,B,0110,1,GS-09,C,XXXX,8,15,F,1,200009,1,"$36,638",2.0
ARCE,11,I,21,,I,0110,1,ES-03,L,XXXX,2,50,F,1,200009,1,"$126,825",31.3
ARCE,42,G,17,13,G,0110,1,GS-13,G,XXXX,2,10,F,1,200009,1,"$76,107",21.7
ARCE,48,F,17,13,F,0110,1,GS-13,F,XXXX,8,10,F,1,200009,1,"$66,696",16.9
ARCE,06,E,13,11,E,0110,1,GS-11,D,XXXX,8,10,F,1,200009,1,"$48,595",12.3
ARCE,21,F,13,12,F,0110,1,GS-12,E,XXXX,8,10,F,1,200009,1,"$51,810",16.3
ARCE,21,F,13,14,G,0110,1,GS-14,G,XXXX,2,10,F,1,200009,1,"$72,805",22.3
ARCE,54,I,17,14,I,0110,1,GM-14,I,XXXX,2,10,F,1,200009,1,"$91,589",33.7
ARCE,12,J,17,11,G,0110,1,GS-11,E,XXXX,8,10,F,1,200009,1,"$52,991",20.4
ARCE,47,F,13,12,E,0110,1,GS-12,E,XXXX,8,10,F,1,200009,1,"$56,823",13.2
ARCE,01,H,13,12,H,0110,1,GS-12,F,XXXX,8,10,F,1,200009,1,"$61,836",29.3
ARCE,01,E,13,11,E,0110,1,GS-11,D,XXXX,8,10,F,1,200009,1,"$48,807",11.8
ARCE,01,I,17,12,G,0110,1,GS-12,F,XXXX,8,10,F,1,200009,1,"$65,179",24.9
ARCE,22,I,13,11,H,0110,1,GS-11,E,XXXX,8,30,F,1,200009,1,"$54,385",29.3
ARCE,01,H,17,14,I,0110,1,GS-14,I,XXXX,2,10,F,1,200009,1,"$91,589",32.1
ARCE,28,I,17,12,H,0110,1,GS-12,F,XXXX,8,10,F,1,200009,1,"$65,179",28.6
ARCE,28,H,17,13,H,0110,1,GS-13,G,XXXX,8,10,F,1,200009,1,"$77,507",27.4
ARCE,28,F,17,14,G,0110,1,GS-14,G,XXXX,5,10,F,1,200009,1,"$77,501",20.5
ARCE,28,F,13,12,G,0110,1,GS-12,F,XXXX,8,10,F,1,200009,1,"$60,165",21.9
ARCE,28,E,13,12,F,0110,1,GS-12,F,XXXX,8,10,F,1,200009,1,"$61,836",15.5
ARCE,01,D,13,12,D,0110,1,GS-12,E,XXXX,8,10,F,1,200009,1,"$53,481",9.6
ARCE,28,I,13,12,I,0110,1,GS-12,F,XXXX,8,10,F,1,200009,1,"$63,507",30.8
ARCE,28,D,17,12,D,0110,1,GS-12,E,XXXX,8,10,F,1,200009,1,"$55,152",6.2
ARCE,28,E,17,12,D,0110,1,GS-12,E,XXXX,8,10,F,1,200009,1,"$55,152",6.3
ARCE,28,K,14,12,J,0110,1,GS-12,F,XXXX,8,10,F,1,200009,1,"$65,179",35.3
ARCE,40,H,13,12,H,0110,1,GS-12,F,XXXX,8,10,F,1,200009,1,"$61,836",28.4
ARCE,28,H,17,13,H,0110,1,GS-13,F,XXXX,8,10,F,1,200009,1,"$69,559",25.5
ARCE,22,F,17,11,A,0110,1,GS-11,D,XXXX,8,15,F,1,200009,1,"$41,834",0.8
ARCE,22,G,13,14,G,0110,1,GS-14,G,XXXX,2,10,F,1,200009,1,"$79,849",23.8
ARCE,22,F,17,12,E,0110,1,GS-12,E,XXXX,8,10,F,1,200009,1,"$58,494",13.3
ARCE,47,J,18,13,J,0110,1,GS-13,G,XXXX,7,10,F,1,200009,1,"$77,507",41.9
ARCE,28,I,18,13,I,0110,1,GS-13,G,XXXX,8,10,F,1,200009,1,"$77,507",32.1
ARCE,22,F,17,12,F,0110,1,GS-12,F,XXXX,8,10,F,1,200009,1,"$60,165",15.0
ARCE,22,H,17,12,D,0110,1,GS-12,E,XXXX,8,10,F,1,200009,1,"$50,139",8.2
ARCE,22,F,17,13,F,0110,1,GS-13,F,XXXX,2,10,F,1,200009,1,"$67,571",16.4
ARCE,22,C,13,11,D,0110,1,GS-11,D,XXXX,8,10,F,1,200009,1,"$43,229",7.9
ARCE,22,F,17,13,F,0110,1,GS-13,F,XXXX,2,10,F,1,200009,1,"$67,571",19.8
ARCE,22,F,13,12,F,0110,1,GS-12,F,XXXX,8,10,F,1,200009,1,"$61,836",17.1
ARCE,22,F,07,12,H,0110,1,GS-12,E,XXXX,8,10,F,1,200009,1,"$55,152",25.7
ARCE,22,E,17,12,E,0110,1,GS-12,E,XXXX,8,10,F,1,200009,1,"$58,494",12.2
ARCE,28,G,17,13,G,0110,1,GS-13,G,XXXX,8,10,F,1,200009,1,"$77,507",23.3
ARCE,40,I,13,13,G,0110,1,GS-13,F,XXXX,8,10,F,1,200009,1,"$69,559",23.6
ARCE,11,H,17,14,G,0110,1,GS-14,H,XXXX,8,10,F,1,200009,1,"$83,945",21.3
ARCE,40,J,14,13,J,0110,1,GS-13,G,XXXX,8,10,F,1,200009,1,"$77,507",37.6
ARCE,13,I,17,13,I,0110,1,GM-13,G,XXXX,5,10,F,1,200009,1,"$75,533",31.3
ARCE,48,F,13,12,F,0110,1,GS-12,E,XXXX,8,10,F,1,200009,1,"$59,486",15.2
ARCE,29,E,17,11,D,0110,1,GS-11,D,XXXX,8,15,F,1,200009,1,"$41,952",7.2
ARCE,48,F,17,13,G,0110,1,GS-13,F,XXXX,2,10,F,1,200009,1,"$66,696",20.2
ARCE,48,J,17,15,J,0110,1,GM-15,J,XXXX,2,10,F,1,200009,1,"$107,689",39.4
ARCE,11,G,13,15,H,0110,1,GS-15,J,XXXX,8,10,F,1,200009,1,"$101,565",26.0
ARCE,48,E,17,12,D,0110,1,GS-12,E,XXXX,8,10,F,1,200009,1,"$55,696",8.4
ARCE,48,H,17,11,G,0110,1,GS-11,E,XXXX,8,10,F,1,200009,1,"$58,465",24.3
ARCE,27,H,17,12,E,0110,1,GS-12,E,XXXX,8,10,F,1,200009,1,"$56,355",10.7
ARCE,27,E,08,12,E,0110,1,GS-12,E,XXXX,8,10,F,1,200009,1,"$59,770",13.6
ARCE,51,F,13,13,F,0110,1,GS-13,F,XXXX,8,10,F,1,200009,1,"$64,949",16.8
ARCE,31,I,14,12,G,0110,1,GS-12,F,XXXX,8,10,F,1,200009,1,"$65,179",22.4
ARCE,40,F,13,12,G,0110,1,GS-12,E,XXXX,8,10,F,1,200009,1,"$58,494",23.6
ARCE,29,I,14,12,I,0110,1,GS-12,F,XXXX,8,10,F,1,200009,1,"$65,362",30.8
ARCE,05,H,13,12,G,0110,1,GS-12,F,XXXX,8,10,F,1,200009,1,"$61,836",22.2
ARCE,48,I,17,12,H,0110,1,GS-12,F,XXXX,8,10,F,1,200009,1,"$66,283",25.7
ARCE,29,I,17,12,H,0110,1,GS-12,F,XXXX,8,10,F,1,200009,1,"$60,526",29.5
ARCE,11,H,13,15,H,0110,1,GS-15,J,XXXX,2,10,F,1,200009,1,"$101,565",25.5
ARCE,29,F,13,12,F,0110,1,GS-12,E,XXXX,8,10,F,1,200009,1,"$57,164",17.1
ARCE,24,H,13,12,G,0110,1,GS-12,F,XXXX,8,10,P,2,200009,1,"$61,444",23.9
ARCE,29,H,13,12,F,0110,1,GS-12,F,XXXX,8,10,P,2,200009,1,"$60,526",18.2
ARCE,51,F,14,13,F,0110,1,GS-13,G,XXXX,8,10,F,1,200009,1,"$71,037",15.7
ARCE,31,G,14,13,D,0110,1,GS-13,F,XXXX,2,10,F,1,200009,1,"$63,597",9.9
ARCE,05,J,21,12,H,0110,1,GS-12,F,XXXX,8,10,F,1,200009,1,"$65,179",27.2
ARCE,29,E,14,13,E,0110,1,GS-13,F,XXXX,2,10,F,1,200009,1,"$65,769",11.2
ARCE,36,H,13,12,H,0110,1,GS-12,F,XXXX,8,10,F,1,200009,1,"$68,420",28.0
ARCE,48,J,18,14,J,0110,1,GS-14,I,XXXX,8,10,F,1,200009,1,"$90,754",36.0
ARCE,12,H,14,12,I,0110,1,GS-12,F,XXXX,8,10,F,1,200009,1,"$65,179",30.3
ARCE,53,D,13,12,E,0110,1,GS-12,E,XXXX,8,10,F,1,200009,1,"$58,111",10.7
ARCE,53,I,13,12,H,0110,1,GS-12,F,XXXX,8,10,F,1,200009,1,"$64,947",29.2
ARCE,53,I,17,12,I,0110,1,GS-12,F,XXXX,8,10,F,1,200009,1,"$66,656",30.3
ARCE,53,F,04,12,E,0110,1,GS-12,E,XXXX,8,10,F,1,200009,1,"$55,152",14.1
ARCE,41,G,13,13,H,0110,1,GS-13,G,XXXX,2,10,F,1,200009,1,"$79,162",26.7
ARCE,41,F,13,13,F,0110,1,GS-13,G,XXXX,8,10,F,1,200009,1,"$79,162",18.9
ARCE,41,H,14,12,H,0110,1,GS-12,F,XXXX,8,10,F,1,200009,1,"$64,863",27.9
ARCE,06,F,13,11,F,0110,1,GS-11,E,XXXX,8,10,F,1,200009,1,"$51,540",15.1
ARCE,41,D,13,12,E,0110,1,GS-12,E,XXXX,8,10,F,1,200009,1,"$56,329",11.3
ARCE,06,D,17,12,D,0110,1,GS-12,F,XXXX,8,10,F,1,200009,1,"$61,770",7.0
ARCE,01,H,14,13,G,0110,1,GS-13,G,XXXX,6,10,F,1,200009,1,"$73,533",20.2
ARCE,41,I,18,12,H,0110,1,GS-12,F,XXXX,8,10,F,1,200009,1,"$66,570",28.1
ARCE,51,I,18,15,I,0110,1,GM-15,K,XXXX,4,10,F,1,200009,1,"$110,028",32.1
ARCE,06,E,17,12,D,0110,1,GS-12,E,XXXX,8,10,F,1,200009,1,"$54,843",8.2
ARCE,06,C,13,11,B,0110,1,GS-11,D,XXXX,8,15,F,1,200009,1,"$42,900",2.8
ARCE,06,E,13,13,E,0110,1,GS-13,G,XXXX,8,10,F,1,200009,1,"$73,454",11.9
ARCE,06,F,07,04,G,0119,3,GS-04,B,XXXX,8,30,F,1,200009,1,"$26,744",23.7
ARCE,53,G,13,12,G,0110,1,GS-12,E,XXXX,8,10,F,1,200009,1,"$58,494",21.3
ARCE,06,E,10,11,D,0110,1,GS-11,D,XXXX,8,10,F,1,200009,1,"$48,063",5.4
ARCE,11,F,13,14,F,0110,1,GS-14,H,XXXX,8,10,F,1,200009,1,"$81,546",16.2
ARCE,40,I,17,12,H,0110,1,GS-12,F,XXXX,8,10,F,1,200009,1,"$65,179",26.4
ARCE,41,G,13,14,H,0110,1,GS-14,I,XXXX,8,10,F,1,200009,1,"$91,147",26.8
ARCE,06,F,13,11,B,0110,1,GS-11,D,XXXX,8,15,F,1,200009,1,"$42,900",2.6
ARCE,06,G,17,13,G,0110,1,GS-13,G,XXXX,8,10,F,1,200009,1,"$77,060",23.4
ARCE,41,G,17,14,F,0110,1,GS-14,H,XXXX,2,10,F,1,200009,1,"$81,554",17.4
ARCE,53,E,13,14,F,0110,1,GS-14,G,XXXX,2,10,F,1,200009,1,"$74,455",15.8
ARCE,02,D,13,12,D,0110,1,GS-12,E,XXXX,8,10,F,1,200009,1,"$51,650",8.2
ARCE,15,F,13,12,F,0110,1,GS-12,E,XXXX,8,10,F,1,200009,1,"$53,215",19.0
ARCE,15,E,17,12,E,0110,1,GS-12,E,XXXX,8,10,F,1,200009,1,"$54,780",10.7
ARCE,06,C,14,11,C,0110,1,GS-11,D,XXXX,8,10,F,1,200009,1,"$42,900",3.7
ARCE,21,K,21,12,G,0110,1,GS-12,E,XXXX,8,10,F,1,200009,1,"$58,494",22.5
ARCE,11,H,14,14,H,0110,1,GS-14,H,XXXX,8,10,F,1,200009,1,"$86,343",28.8
ARCE,06,E,13,11,E,0110,1,GS-11,E,XXXX,8,10,P,2,200009,1,"$57,431",10.3
ARCE,RQ,I,18,13,H,0110,1,GS-13,G,XXXX,6,10,F,1,200009,1,"$72,586",25.1
ARCE,RQ,C,17,09,B,0110,1,GS-09,C,XXXX,8,15,F,1,200009,1,"$32,380",2.4
ARCE,11,H,16,14,H,0110,1,GS-14,H,XXXX,8,10,F,1,200009,1,"$81,546",27.8
ARCE,35,H,13,12,G,0110,1,GS-12,F,XXXX,8,10,F,1,200009,1,"$61,836",21.8
ARCE,35,C,13,11,D,0110,1,GS-11,D,XXXX,8,10,F,1,200009,1,"$46,018",8.4
ARCE,35,G,13,12,G,0110,1,GS-12,F,XXXX,8,10,F,1,200009,1,"$63,507",23.0
ARCE,47,G,17,12,G,0110,1,GS-12,F,XXXX,8,10,F,1,200009,1,"$63,507",22.2
ARCE,28,G,17,13,G,0110,1,GS-13,G,XXXX,2,10,F,1,200009,1,"$73,533",22.3
ARCE,47,G,17,12,F,0110,1,GS-12,F,XXXX,8,10,F,1,200009,1,"$65,179",19.8
ARCE,47,F,17,11,G,0110,1,GS-11,E,XXXX,8,10,F,1,200009,1,"$54,385",20.3
ARJA,11,F,04,,B,0110,1,AD-00,I,XXXX,8,48,F,2,200009,1,"$90,399",1.2
ARJA,11,I,21,,F,0110,1,AD-00,I,XXXX,8,48,F,2,200009,1,"$98,010",16.4
ARJA,11,I,04,,H,0110,1,AD-00,K,XXXX,8,48,F,2,200009,1,"$110,036",29.8
ARJA,11,H,21,,F,0110,1,AD-00,J,XXXX,8,48,F,2,200009,1,"$101,034",18.1
ARJA,11,G,21,,F,0110,1,AD-00,I,XXXX,8,48,F,2,200009,1,"$94,964",19.5
ARJA,11,E,21,,B,0110,1,AD-00,H,XXXX,8,48,P,2,200009,1,"$88,876",1.1
ARJA,11,F,04,,E,0110,1,AD-00,K,XXXX,8,48,F,2,200009,1,"$110,036",10.2
ARJA,11,K,21,,H,0110,1,AD-00,J,XXXX,8,48,F,2,200009,1,"$108,662",26.5
ARJA,11,J,04,,B,0110,1,AD-00,I,XXXX,8,48,P,2,200009,1,"$90,399",1.1
ARMP,51,I,21,13,E,0110,1,GS-13,I,XXXX,4,10,F,1,200009,1,"$91,565",13.8
ARMT,51,I,20,15,I,0110,1,GM-15,K,XXXX,2,10,F,1,200009,1,"$110,028",31.0
ARMT,51,F,13,12,E,0110,1,GS-12,E,XXXX,8,10,F,1,200009,1,"$52,911",13.3
ARMT,51,G,17,13,C,0110,1,GS-13,F,XXXX,8,15,F,1,200009,1,"$60,890",3.0
ARSA,51,I,17,,A,0110,1,EH-00,Z,XXXX,8,48,I,2,200009,1,,0.9
ARSA,51,I,18,,A,0110,1,EH-00,Z,XXXX,8,48,I,2,200009,1,,0.8
ARSB,01,C,17,09,B,0110,1,GS-09,C,XXXX,8,15,F,1,200009,1,"$34,575",2.4
ARSB,51,F,14,12,D,0110,1,GS-12,E,XXXX,8,10,F,1,200009,1,"$56,324",8.6
ARX2,51,J,14,14,H,0110,1,GS-14,I,XXXX,8,10,F,1,200009,1,"$93,537",29.9
ARXA,24,E,13,12,E,0110,1,GS-12,F,XXXX,8,10,F,1,200009,1,"$61,444",14.5
BG00,11,H,17,13,H,0110,1,GS-13,G,XXXX,8,10,F,1,200009,1,"$79,155",27.9
BG00,11,H,21,15,H,0110,1,GS-15,J,XXXX,8,10,F,1,200009,1,"$104,386",26.0
BG00,11,F,17,13,E,0110,1,GS-13,F,XXXX,8,10,F,1,200009,1,"$69,008",12.2
BG00,11,F,13,12,C,0110,1,GS-12,E,XXXX,8,10,F,1,200009,1,"$52,911",4.2
BO00,11,G,21,15,F,0110,1,GS-15,J,XXXX,8,10,F,1,200009,1,"$101,565",15.1
BO00,11,J,21,15,H,0110,1,GS-15,K,XXXX,8,10,F,1,200009,1,"$110,028",29.8
BO00,11,C,18,12,Z,0110,1,GS-12,E,XXXX,8,15,F,1,200009,1,"$59,738",
BO00,11,I,22,15,H,0110,1,GS-15,K,XXXX,8,10,F,1,200009,1,"$110,028",27.8
BO00,11,I,21,15,F,0110,1,GS-15,J,XXXX,8,10,F,1,200009,1,"$104,386",16.5
BO00,11,H,17,15,H,0110,1,GS-15,J,XXXX,8,10,F,1,200009,1,"$107,207",25.5
BO00,11,I,21,15,G,0110,1,GS-15,K,XXXX,8,10,F,1,200009,1,"$110,028",21.7
BO00,11,I,20,,I,0110,1,ES-04,M,XXXX,2,50,F,1,200009,1,"$130,200",34.4
BO00,11,H,13,14,H,0110,1,GS-14,H,XXXX,8,10,F,1,200009,1,"$88,741",26.6
BO00,11,H,21,,H,0110,1,ES-04,M,XXXX,2,50,F,1,200009,1,"$130,200",28.1
BO00,11,F,18,15,F,0110,1,GS-15,K,XXXX,8,10,P,2,200009,1,"$110,028",16.9
BO00,11,G,17,15,F,0110,1,GS-15,K,XXXX,8,10,F,1,200009,1,"$110,028",17.3
BO00,11,G,13,15,G,0110,1,GS-15,J,XXXX,8,10,F,1,200009,1,"$101,565",21.7
BO00,11,H,13,15,I,0110,1,GS-15,K,XXXX,8,10,F,1,200009,1,"$110,028",31.1
BO00,11,J,21,15,H,0110,1,GS-15,K,XXXX,8,10,F,1,200009,1,"$110,028",27.4
BO00,11,I,21,15,H,0110,1,GS-15,K,XXXX,4,10,F,1,200009,1,"$110,028",27.8
BO00,11,I,21,15,H,0110,1,GS-15,J,XXXX,8,10,F,1,200009,1,"$107,207",25.8
BO00,11,I,17,15,H,0110,1,GS-15,K,XXXX,8,10,F,1,200009,1,"$110,028",27.1
BO00,11,G,21,15,G,0110,1,GS-15,K,XXXX,8,10,F,1,200009,1,"$110,028",21.1
BO00,11,H,14,15,G,0110,1,GS-15,K,XXXX,8,10,F,1,200009,1,"$110,028",24.1
BO00,11,I,18,15,I,0110,1,GS-15,K,XXXX,8,10,F,1,200009,1,"$110,028",31.0
BO00,11,F,21,15,Z,0110,1,GS-15,I,XXXX,8,15,F,1,200009,1,"$93,101",
BO00,11,D,21,12,B,0110,1,GS-12,E,XXXX,8,15,F,1,200009,1,"$51,204",1.2
CE00,11,B,17,,Z,0110,1,AD-00,D,XXXX,8,38,F,1,200009,1,"$40,000",
CE00,11,D,18,,B,0110,1,AD-00,D,XXXX,8,38,F,1,200009,1,"$40,000",1.0
CE00,11,G,21,,G,0110,1,ES-01,K,XXXX,2,50,F,1,200009,1,"$115,811",20.3
CE00,11,H,21,,F,0110,1,AD-00,J,XXXX,8,38,F,1,200009,1,"$105,538",17.4
CE00,11,C,14,,Z,0110,1,AD-00,D,XXXX,8,38,F,1,200009,1,"$40,000",
CE00,11,C,17,,C,0110,1,AD-00,F,XXXX,8,38,F,1,200009,1,"$65,000",4.3
CE00,11,F,21,,Z,0110,1,AD-00,D,XXXX,8,38,F,1,200009,1,"$40,000",
CE00,11,D,21,,Z,0110,1,AD-00,H,XXXX,8,38,F,1,200009,1,"$80,000",
CE00,11,D,18,,Z,0110,1,AD-00,D,XXXX,8,38,F,1,200009,1,"$40,000",
CM52,11,K,17,14,I,0110,1,GS-14,H,XXXX,8,10,F,1,200009,1,"$83,945",34.3
CM52,11,I,14,14,I,0110,1,GM-14,I,XXXX,5,10,F,1,200009,1,"$93,537",34.8
CM52,11,F,21,14,B,0110,1,GS-14,G,XXXX,8,15,F,1,200009,1,"$74,352",2.2
CM53,11,F,13,,F,0110,1,ZP-04,G,XXXX,8,10,F,1,200009,1,"$75,357",19.6
CM53,11,H,13,,G,0110,1,ZP-04,I,XXXX,2,10,F,1,200009,1,"$92,668",23.4
CM53,11,G,13,,G,0110,1,ZP-03,F,XXXX,8,10,P,2,200009,1,"$64,628",23.3
CM53,11,G,14,,G,0110,1,ES-01,K,XXXX,2,50,F,1,200009,1,"$115,811",23.9
CM53,11,J,14,,J,0110,1,ZP-05,J,XXXX,2,10,F,1,200009,1,"$103,929",40.0
CM53,11,I,21,,F,0110,1,ZP-04,G,XXXX,8,10,F,1,200009,1,"$74,375",19.3
CM53,11,G,17,,F,0110,1,ZP-04,H,XXXX,2,10,F,1,200009,1,"$82,110",17.3
CM53,11,B,13,,B,0110,1,ZP-02,C,XXXX,8,15,F,1,200009,1,"$31,753",1.1
CM53,11,H,17,,H,0110,1,ZP-04,H,XXXX,8,10,F,1,200009,1,"$80,542",28.1
CM53,11,G,17,,G,0110,1,ZP-04,H,XXXX,2,10,F,1,200009,1,"$87,623",21.0
CM53,11,D,13,,B,0110,1,ZP-03,D,XXXX,8,15,F,1,200009,1,"$44,902",2.5
CM53,11,I,14,,H,0110,1,ES-04,M,XXXX,2,50,F,1,200009,1,"$130,200",29.3
CM53,11,E,17,,E,0110,1,ZP-03,E,XXXX,8,10,F,1,200009,1,"$56,027",10.7
CM53,11,I,21,,G,0110,1,ES-05,M,XXXX,2,50,F,1,200009,1,"$130,200",22.6
CM53,11,F,17,,E,0110,1,ZP-03,F,XXXX,8,10,F,1,200009,1,"$62,965",10.1
CM53,11,H,17,,H,0110,1,ZP-04,H,XXXX,8,10,F,1,200009,1,"$86,534",26.6
CM53,11,G,13,,D,0110,1,ZP-03,D,XXXX,8,10,F,1,200009,1,"$49,063",6.8
CM53,11,C,11,,D,0110,1,ZP-02,C,XXXX,8,15,P,2,200009,1,"$36,173",5.8
CM53,11,I,13,,H,0110,1,ZP-04,H,XXXX,8,10,F,1,200009,1,"$80,002",26.8
CM53,11,H,18,,G,0110,1,ZP-04,I,XXXX,8,10,F,1,200009,1,"$93,537",22.2
CM53,11,I,18,,H,0110,1,ZP-04,I,XXXX,8,10,F,1,200009,1,"$93,537",28.1
CM53,11,I,17,,F,0110,1,ZP-04,G,XXXX,8,10,P,2,200009,1,"$73,489",17.6
CM53,11,H,14,,H,0110,1,ZP-05,J,XXXX,2,10,F,1,200009,1,"$106,276",29.9
CM53,11,J,14,,J,0110,1,ZP-03,F,XXXX,8,10,F,1,200009,1,"$66,564",36.5
CM53,11,G,13,,G,0110,1,ZP-04,G,XXXX,8,10,F,1,200009,1,"$79,291",24.0
CM53,11,H,17,,G,0110,1,ZP-05,J,XXXX,2,10,F,1,200009,1,"$104,286",20.5
CM53,11,F,17,,F,0110,1,ZP-04,H,XXXX,2,10,F,1,200009,1,"$85,937",15.8
CM53,11,C,13,,B,0110,1,ZP-02,C,XXXX,8,15,F,1,200009,1,"$33,912",2.0
CM53,11,B,13,,A,0110,1,ZP-02,C,XXXX,8,15,F,1,200009,1,"$31,742",0.0
CM53,11,C,13,,D,0110,1,ZP-03,D,XXXX,8,10,F,1,200009,1,"$49,642",5.6
CM53,11,I,21,,G,0110,1,ZP-05,J,XXXX,8,10,F,1,200009,1,"$109,977",23.0
CM53,11,G,17,,G,0110,1,ZP-04,H,XXXX,8,10,F,1,200009,1,"$85,023",21.4
CM53,11,E,13,,E,0110,1,ZP-04,F,XXXX,8,10,F,1,200009,1,"$69,136",12.1
CM53,11,B,13,,A,0110,1,ZP-02,C,XXXX,8,15,F,1,200009,1,"$31,742",0.2
CM53,11,I,17,,F,0110,1,ZP-04,G,XXXX,8,10,F,1,200009,1,"$76,391",19.8
CM53,11,F,18,,F,0110,1,ZP-04,G,XXXX,8,10,F,1,200009,1,"$75,663",16.8
CM53,11,D,17,,D,0110,1,ZP-03,E,XXXX,8,10,F,1,200009,1,"$54,760",6.2
CM53,11,H,13,,H,0110,1,ZP-04,I,XXXX,8,10,F,1,200009,1,"$93,537",28.0
CM53,11,F,13,,F,0110,1,ZP-03,E,XXXX,8,10,F,1,200009,1,"$50,646",15.6
CM53,11,K,13,,H,0110,1,ZP-03,E,XXXX,8,10,F,1,200009,1,"$59,685",27.1
CM53,11,H,13,,I,0110,1,ZP-05,K,XXXX,2,10,F,1,200009,1,"$114,459",30.2
CM53,11,B,14,,A,0110,1,ZP-02,C,XXXX,8,15,F,1,200009,1,"$35,000",0.0
CM53,11,B,13,,A,0110,1,ZP-02,C,XXXX,8,15,F,1,200009,1,"$31,742",0.3
CM53,11,G,17,,C,0110,1,ZP-03,D,XXXX,8,15,F,1,200009,1,"$46,696",4.5
CM53,11,D,13,,C,0110,1,ZP-03,D,XXXX,8,10,F,1,200009,1,"$42,724",4.8
CM53,11,F,13,,D,0110,1,ZP-03,D,XXXX,8,10,F,1,200009,1,"$44,991",8.5
CM53,11,B,13,,A,0110,1,ZP-02,C,XXXX,8,15,F,1,200009,1,"$31,742",0.3
CM53,11,C,14,,D,0110,1,ZP-03,D,XXXX,8,10,F,1,200009,1,"$47,755",5.8
CM53,11,D,13,,D,0110,1,ZP-03,E,XXXX,8,10,F,1,200009,1,"$55,197",9.3
CM53,11,F,13,,F,0110,1,ZP-03,F,XXXX,8,10,F,1,200009,1,"$63,329",19.9
CM53,11,G,13,,G,0110,1,ZP-04,I,XXXX,2,10,F,1,200009,1,"$90,267",23.6
CM53,11,C,14,,C,0110,1,ZP-02,D,XXXX,8,10,F,1,200009,1,"$43,030",3.2
CM53,11,I,17,,I,0110,1,ES-02,L,XXXX,2,50,F,1,200009,1,"$121,264",34.6
CM53,11,B,13,,B,0110,1,ZP-03,D,XXXX,8,15,F,1,200009,1,"$42,724",2.1
CM53,11,G,14,,G,0110,1,ZP-04,G,XXXX,8,10,F,1,200009,1,"$74,524",24.3
CM53,11,G,17,,H,0110,1,ZP-05,J,XXXX,8,10,F,1,200009,1,"$104,205",25.0
CM53,11,I,21,,G,0110,1,ZP-05,K,XXXX,8,10,F,1,200009,1,"$110,026",22.8
CM53,11,G,13,,G,0110,1,ZP-04,G,XXXX,8,10,F,1,200009,1,"$70,411",22.1
CM53,11,H,13,,F,0110,1,ZP-03,F,XXXX,8,10,F,1,200009,1,"$64,496",15.4
CM53,11,I,13,,H,0110,1,ZP-04,G,XXXX,8,10,F,1,200009,1,"$79,591",28.0
CM53,11,D,13,,D,0110,1,ZP-03,F,XXXX,8,10,F,1,200009,1,"$60,596",9.3
CM53,11,I,21,,G,0110,1,ZP-05,K,XXXX,2,10,F,1,200009,1,"$115,189",24.9
CM53,11,D,13,,E,0110,1,ZP-03,F,XXXX,8,10,F,1,200009,1,"$61,121",11.2
CM53,11,I,,,J,0110,1,ZP-04,I,XXXX,8,20,I,2,200009,1,"$93,537",36.1
CM53,11,H,17,,H,0110,1,ZP-04,I,XXXX,8,10,F,1,200009,1,"$93,537",28.0
CM53,11,F,13,,F,0110,1,ZP-04,G,XXXX,8,10,F,1,200009,1,"$78,614",16.3
CM53,11,G,21,,G,0110,1,ZP-05,K,XXXX,2,10,F,1,200009,1,"$113,056",21.4
CM53,11,H,14,,G,0110,1,ZP-03,F,XXXX,8,10,F,1,200009,1,"$63,597",22.7
CM53,11,D,22,,A,0110,1,ZP-04,G,XXXX,8,15,F,1,200009,1,"$72,000",0.1
CM53,11,B,13,,B,0110,1,ZP-03,D,XXXX,8,15,F,1,200009,1,"$42,728",1.7
CM53,11,I,13,,I,0110,1,ZP-03,F,XXXX,8,10,F,1,200009,1,"$66,564",33.8
CM53,11,G,13,,G,0110,1,ZP-04,G,XXXX,8,10,F,1,200009,1,"$78,589",24.4
CM53,11,E,17,,D,0110,1,ZP-03,E,XXXX,8,10,F,1,200009,1,"$55,870",9.5
CM53,11,F,13,,F,0110,1,ZP-03,E,XXXX,8,10,F,1,200009,1,"$57,657",18.0
CM53,11,E,13,,F,0110,1,ZP-03,F,XXXX,8,10,F,1,200009,1,"$65,870",16.0
CM53,11,D,14,,A,0110,1,ZP-02,D,XXXX,8,15,F,1,200009,1,"$42,270",0.6
CM53,11,H,14,,G,0110,1,ZP-03,E,XXXX,8,10,F,1,200009,1,"$53,416",21.3
CM53,11,F,17,,C,0110,1,ZP-03,E,XXXX,8,10,F,1,200009,1,"$50,100",3.2
CM53,11,E,13,,E,0110,1,ZP-04,F,XXXX,8,10,F,1,200009,1,"$69,700",10.3
CM53,11,D,13,,D,0110,1,ZP-04,F,XXXX,8,10,F,1,200009,1,"$64,290",6.8
CM53,11,E,17,,D,0110,1,ZP-03,D,XXXX,8,10,F,1,200009,1,"$48,208",5.0
CM53,11,B,13,,B,0110,1,ZP-02,C,XXXX,8,15,F,1,200009,1,"$31,753",1.3
CM53,11,G,17,,H,0110,1,ES-02,L,XXXX,2,50,F,1,200009,1,"$121,264",27.9
CM53,11,G,13,,H,0110,1,ZP-04,I,XXXX,2,10,F,1,200009,1,"$91,857",25.0
CM53,11,F,13,,G,0110,1,ZP-04,H,XXXX,8,10,F,1,200009,1,"$82,457",22.4
CM53,11,D,13,,B,0110,1,ZP-03,D,XXXX,8,15,F,1,200009,1,"$44,178",2.6
CM53,11,E,13,,D,0110,1,ZP-03,E,XXXX,8,10,F,1,200009,1,"$59,669",9.9
CM53,11,B,11,,B,0110,1,ZP-02,C,XXXX,8,15,F,1,200009,1,"$33,579",1.7
CM53,11,C,13,,B,0110,1,ZP-03,D,XXXX,8,15,F,1,200009,1,"$43,500",2.8
CM53,11,H,17,,I,0110,1,ZP-05,K,XXXX,2,10,F,1,200009,1,"$115,516",30.8
CM53,11,D,13,,D,0110,1,ZP-04,F,XXXX,8,10,F,1,200009,1,"$65,137",9.4
CM53,11,F,13,,G,0110,1,ZP-04,I,XXXX,8,10,F,1,200009,1,"$93,537",22.7
CM53,11,C,17,,D,0110,1,ZP-03,E,XXXX,8,10,F,1,200009,1,"$57,713",5.6
CM53,11,C,13,,C,0110,1,ZP-03,D,XXXX,8,10,F,1,200009,1,"$43,443",3.3
CM53,11,C,13,,D,0110,1,ZP-03,E,XXXX,8,10,F,1,200009,1,"$58,510",6.2
CM53,11,I,21,,H,0110,1,ZP-05,K,XXXX,8,10,F,1,200009,1,"$110,026",29.1
CM53,11,F,13,,B,0110,1,ZP-02,C,XXXX,8,15,F,1,200009,1,"$36,797",2.3
CM53,11,F,13,,G,0110,1,ZP-04,G,XXXX,8,10,F,1,200009,1,"$72,619",21.7
CM53,11,D,13,,D,0110,1,ZP-04,F,XXXX,2,10,F,1,200009,1,"$67,004",9.5
CM53,11,D,13,,D,0110,1,ZP-04,F,XXXX,8,10,F,1,200009,1,"$67,043",9.2
CM53,11,E,13,,E,0110,1,ZP-04,G,XXXX,8,10,F,1,200009,1,"$70,073",14.0
CM53,11,C,13,,D,0110,1,ZP-03,D,XXXX,8,15,F,1,200009,1,"$44,837",5.8
CM53,11,J,13,,G,0110,1,ZP-03,F,XXXX,8,10,F,1,200009,1,"$60,713",21.3
CM53,11,G,13,,F,0110,1,ZP-03,F,XXXX,8,10,F,1,200009,1,"$62,442",17.7
CM53,11,H,21,,H,0110,1,ZP-03,F,XXXX,8,10,F,1,200009,1,"$66,564",25.3
CM53,11,C,13,,D,0110,1,ZP-03,D,XXXX,8,10,F,1,200009,1,"$48,380",5.0
CM53,11,F,13,,E,0110,1,ZP-03,E,XXXX,8,10,F,1,200009,1,"$50,590",12.2
CM53,11,D,13,,D,0110,1,ZP-03,E,XXXX,8,10,P,2,200009,1,"$57,596",7.3
CM53,11,B,13,,B,0110,1,ZP-02,C,XXXX,8,15,F,1,200009,1,"$31,753",1.3
CM53,11,B,13,,A,0110,1,ZP-02,C,XXXX,8,15,F,1,200009,1,"$31,753",0.8
CM53,11,H,13,,H,0110,1,ZP-03,E,XXXX,8,10,F,1,200009,1,"$55,199",25.6
CM53,11,C,13,,D,0110,1,ZP-03,F,XXXX,8,10,F,1,200009,1,"$60,124",7.3
CM53,11,B,13,,B,0110,1,ZP-02,C,XXXX,8,15,F,1,200009,1,"$35,309",2.1
CM53,11,D,13,,E,0110,1,ZP-03,F,XXXX,8,10,F,1,200009,1,"$63,471",12.8
CM53,11,I,21,,D,0110,1,ZP-04,F,XXXX,8,10,F,1,200009,1,"$69,603",9.7
CM53,11,G,17,,H,0110,1,ZP-04,I,XXXX,2,10,F,1,200009,1,"$90,040",25.6
CM53,11,C,13,,D,0110,1,ZP-03,E,XXXX,8,10,F,1,200009,1,"$55,171",6.3
CM53,11,H,17,,F,0110,1,ZP-03,F,XXXX,8,10,P,2,200009,1,"$64,231",17.4
CM53,11,H,13,,H,0110,1,ZP-04,I,XXXX,8,10,F,1,200009,1,"$93,537",29.8
CM53,11,I,14,,J,0110,1,ZP-03,F,XXXX,8,10,F,1,200009,1,"$66,564",35.3
CM53,11,F,21,,F,0110,1,ZP-05,J,XXXX,8,10,F,1,200009,1,"$102,500",15.3
CM53,11,G,14,,G,0110,1,ZP-03,F,XXXX,8,10,F,1,200009,1,"$66,564",24.9
CM53,11,I,14,,I,0110,1,ZP-04,I,XXXX,8,10,F,1,200009,1,"$93,537",31.3
CM53,11,H,17,,G,0110,1,ZP-05,J,XXXX,2,10,F,1,200009,1,"$103,798",24.1
CM53,11,E,17,,D,0110,1,ZP-03,E,XXXX,8,10,F,1,200009,1,"$55,868",5.9
CM53,11,C,13,,D,0110,1,ZP-03,E,XXXX,8,10,F,1,200009,1,"$56,767",6.1
CM53,11,H,05,,G,0110,1,ZP-03,D,XXXX,8,10,P,2,200009,1,"$44,492",20.8
CM53,11,G,13,,F,0110,1,ZP-03,E,XXXX,8,10,F,1,200009,1,"$53,525",17.3
CM53,11,G,17,,G,0110,1,ZP-03,F,XXXX,8,10,F,1,200009,1,"$61,257",20.8
CM53,11,B,13,,C,0110,1,ZP-03,D,XXXX,8,15,F,1,200009,1,"$43,997",3.0
CM53,11,F,13,,G,0110,1,ZP-03,F,XXXX,8,10,P,2,200009,1,"$64,774",20.2
CM53,11,F,17,,G,0110,1,ZP-04,H,XXXX,8,10,F,1,200009,1,"$86,900",23.3
CM53,11,I,13,,H,0110,1,ZP-04,G,XXXX,8,10,F,1,200009,1,"$77,056",25.2
CM53,11,G,17,,G,0110,1,ZP-05,H,XXXX,2,10,F,1,200009,1,"$89,447",20.6
CM53,11,D,13,,D,0110,1,ZP-03,F,XXXX,8,10,F,1,200009,1,"$60,675",8.9
CM53,11,C,17,,B,0110,1,ZP-03,D,XXXX,8,15,F,1,200009,1,"$42,724",2.3
CM53,11,H,14,,H,0110,1,ZP-03,F,XXXX,8,10,F,1,200009,1,"$62,088",26.3
CM53,11,E,17,,F,0110,1,ZP-04,G,XXXX,8,10,F,1,200009,1,"$73,460",18.0
CM53,11,H,13,,I,0110,1,ZP-04,G,XXXX,8,10,F,1,200009,1,"$79,563",31.7
CM53,11,G,13,,H,0110,1,ZP-05,J,XXXX,2,10,F,1,200009,1,"$109,539",28.0
CM53,11,D,14,,D,0110,1,ZP-02,C,XXXX,8,10,F,1,200009,1,"$35,311",9.3
CM53,11,E,13,,D,0110,1,ZP-02,D,XXXX,8,15,F,1,200009,1,"$40,540",5.4
CM53,11,D,17,,D,0110,1,ZP-04,G,XXXX,2,10,F,1,200009,1,"$78,516",9.3
CM53,11,E,14,,E,0110,1,ZP-03,F,XXXX,8,10,F,1,200009,1,"$62,463",10.3
CM53,11,E,17,,E,0110,1,ZP-03,F,XXXX,8,10,F,1,200009,1,"$60,838",11.1
CM53,11,E,17,,E,0110,1,ZP-04,G,XXXX,8,10,F,1,200009,1,"$74,615",13.9
CM53,11,H,13,,F,0110,1,ZP-04,G,XXXX,8,10,I,2,200009,1,"$70,915",16.8
CM53,11,G,21,,F,0110,1,ZP-04,I,XXXX,2,10,F,1,200009,1,"$90,878",17.8
CM53,11,G,13,,H,0110,1,ZP-04,H,XXXX,2,10,F,1,200009,1,"$88,253",26.8
CM53,11,C,17,,B,0110,1,ZP-03,E,XXXX,8,15,F,1,200009,1,"$58,031",1.3
CM53,11,F,14,,C,0110,1,ZP-02,C,XXXX,8,15,F,1,200009,1,"$38,728",3.0
CM53,11,D,17,,C,0110,1,ZP-03,D,XXXX,8,15,F,1,200009,1,"$42,724",3.4
CM53,11,F,13,,F,0110,1,ZP-04,G,XXXX,8,10,F,1,200009,1,"$76,978",19.9
CM53,11,I,21,,H,0110,1,ZP-05,K,XXXX,2,10,F,1,200009,1,"$115,087",25.1
CM53,11,H,17,,H,0110,1,ZP-04,H,XXXX,8,10,F,1,200009,1,"$82,725",25.1
CM53,11,B,13,,B,0110,1,ZP-02,C,XXXX,8,15,F,1,200009,1,"$37,427",2.1
CM53,11,I,09,,J,0110,1,ZP-03,F,XXXX,8,10,F,1,200009,1,"$64,059",35.4
CM53,11,B,13,,B,0110,1,ZP-02,C,XXXX,8,15,F,1,200009,1,"$35,700",1.3
CM53,11,G,13,,H,0110,1,ZP-04,H,XXXX,8,10,P,2,200009,1,"$80,820",27.1
CM53,11,F,21,,E,0110,1,ZP-04,H,XXXX,8,10,F,1,200009,1,"$80,000",13.0
CM53,11,E,14,,D,0110,1,ZP-03,F,XXXX,8,10,F,1,200009,1,"$64,143",7.2
CM53,11,D,14,,D,0110,1,ZP-03,E,XXXX,8,10,F,1,200009,1,"$59,206",7.0
CM53,11,H,21,,G,0110,1,ZP-05,K,XXXX,2,10,F,1,200009,1,"$115,244",21.3
CM53,11,G,17,,G,0110,1,ZP-05,J,XXXX,8,10,F,1,200009,1,"$104,383",24.8
CM53,11,D,17,,D,0110,1,ZP-04,F,XXXX,8,10,F,1,200009,1,"$66,000",7.1
CM53,11,F,14,,G,0110,1,ZP-04,G,XXXX,8,10,F,1,200009,1,"$74,962",20.3
CM53,11,H,21,,G,0110,1,ES-06,M,XXXX,2,50,F,1,200009,1,"$130,200",21.1
CM53,11,H,21,,H,0110,1,ZP-05,J,XXXX,2,10,F,1,200009,1,"$103,970",27.6
CM53,11,B,13,,A,0110,1,ZP-02,C,XXXX,8,15,F,1,200009,1,"$31,742",0.0
CM53,11,C,13,,D,0110,1,ZP-03,D,XXXX,8,10,F,1,200009,1,"$49,510",5.1
CM53,11,D,13,,D,0110,1,ZP-03,E,XXXX,8,10,F,1,200009,1,"$56,642",6.1
CM53,11,F,17,,E,0110,1,ZP-03,E,XXXX,8,38,F,1,200009,1,"$54,086",13.4
CM53,11,D,13,,D,0110,1,ZP-04,F,XXXX,8,10,F,1,200009,1,"$68,143",8.8
CM53,11,J,21,,H,0110,1,ZP-05,K,XXXX,2,10,F,1,200009,1,"$114,011",25.7
CM53,11,K,13,,G,0110,1,ZP-03,F,XXXX,8,10,F,1,200009,1,"$62,396",23.3
CM53,11,F,17,,G,0110,1,ZP-03,F,XXXX,8,10,F,1,200009,1,"$63,733",21.3
CM53,11,F,17,,E,0110,1,ZP-04,G,XXXX,8,10,F,1,200009,1,"$72,152",12.0
CM53,11,I,14,,H,0110,1,ZP-04,H,XXXX,8,10,F,1,200009,1,"$84,238",29.3
CM53,11,F,17,,E,0110,1,ZP-03,F,XXXX,8,10,F,1,200009,1,"$63,647",14.5
CM53,11,J,14,,J,0110,1,ZP-05,K,XXXX,2,10,F,1,200009,1,"$114,459",42.2
CM53,11,D,17,,D,0110,1,ZP-03,E,XXXX,8,10,F,1,200009,1,"$58,259",6.0
CM53,11,F,13,,F,0110,1,ZP-04,F,XXXX,8,10,F,1,200009,1,"$69,570",16.6
CM53,11,F,17,,E,0110,1,ZP-04,G,XXXX,8,10,F,1,200009,1,"$74,786",13.6
CM53,11,D,13,,E,0110,1,ZP-03,E,XXXX,8,10,F,1,200009,1,"$56,652",10.1
CM53,11,E,13,,E,0110,1,ZP-03,E,XXXX,8,10,F,1,200009,1,"$57,265",13.1
CM53,11,C,14,,D,0110,1,ZP-03,E,XXXX,8,10,F,1,200009,1,"$55,197",5.9
CM53,11,H,17,,I,0110,1,ZP-04,I,XXXX,2,10,F,1,200009,1,"$90,742",30.6
CM53,11,E,13,,F,0110,1,ZP-05,I,XXXX,2,10,F,1,200009,1,"$90,527",16.0
CM53,11,E,13,,D,0110,1,ZP-02,C,XXXX,8,10,F,1,200009,1,"$39,154",9.3
CM53,11,K,17,,G,0110,1,ZP-03,E,XXXX,8,10,F,1,200009,1,"$54,744",22.4
CM53,11,H,13,,H,0110,1,ZP-04,I,XXXX,2,10,F,1,200009,1,"$99,003",29.9
CM53,11,H,19,,G,0110,1,ZP-03,E,XXXX,8,10,F,1,200009,1,"$56,291",21.6
CM53,11,B,13,,B,0110,1,ZP-02,C,XXXX,8,15,F,1,200009,1,"$34,483",2.1
CM53,11,B,13,,B,0110,1,ZP-02,C,XXXX,8,15,F,1,200009,1,"$31,753",1.2
CM53,11,I,21,,H,0110,1,ES-04,M,XXXX,2,50,F,1,200009,1,"$130,200",25.0
CM53,11,D,18,,D,0110,1,ZP-03,F,XXXX,8,10,F,1,200009,1,"$63,221",8.3
CM53,11,F,17,,E,0110,1,ZP-04,G,XXXX,8,10,F,1,200009,1,"$70,880",11.8
CM53,11,I,14,,J,0110,1,ZP-05,J,XXXX,8,10,F,1,200009,1,"$103,447",37.3
CM53,11,F,13,,G,0110,1,ZP-03,F,XXXX,8,10,F,1,200009,1,"$65,977",21.3
CM53,11,J,14,,G,0110,1,ZP-04,I,XXXX,8,10,F,1,200009,1,"$93,537",23.0
CM53,11,D,13,,D,0110,1,ZP-04,F,XXXX,8,10,F,1,200009,1,"$68,727",8.9
CM53,11,F,13,,G,0110,1,ZP-04,H,XXXX,2,10,F,1,200009,1,"$89,083",21.0
CM53,11,I,17,,H,0110,1,ZP-04,I,XXXX,8,10,F,1,200009,1,"$93,537",27.4
CM53,11,J,17,,I,0110,1,ZP-04,I,XXXX,8,10,F,1,200009,1,"$92,953",30.8
CM53,11,I,17,,H,0110,1,ZP-04,I,XXXX,8,10,F,1,200009,1,"$90,344",26.5
CM53,11,C,13,,D,0110,1,ZP-03,E,XXXX,8,10,F,1,200009,1,"$56,767",5.3
CM53,11,F,17,,D,0110,1,ZP-03,F,XXXX,8,10,F,1,200009,1,"$61,264",9.3
CM53,11,I,18,,G,0110,1,ZP-04,I,XXXX,8,10,P,2,200009,1,"$93,537",22.0
CM53,11,J,21,,G,0110,1,ZP-04,H,XXXX,8,10,F,1,200009,1,"$83,455",23.3
CM53,11,H,21,,C,0110,1,ES-01,K,XXXX,2,50,F,1,200009,1,"$115,811",3.1
CM53,11,I,13,,H,0110,1,ZP-04,G,XXXX,8,10,F,1,200009,1,"$70,570",26.4
CM53,11,E,21,,B,0110,1,ZP-03,E,XXXX,8,15,F,1,200009,1,"$55,580",2.6
CM53,11,D,14,,D,0110,1,ZP-03,E,XXXX,8,10,F,1,200009,1,"$59,499",9.3
CM53,11,G,17,,F,0110,1,ES-03,L,XXXX,2,50,F,1,200009,1,"$126,825",15.8
CM53,11,G,21,,E,0110,1,ZP-04,G,XXXX,8,10,F,1,200009,1,"$74,745",12.2
CM53,11,I,17,,I,0110,1,ZP-04,G,XXXX,8,10,F,1,200009,1,"$78,638",32.7
CM53,11,H,14,,G,0110,1,ZP-05,J,XXXX,2,10,F,1,200009,1,"$107,421",23.5
CM53,11,B,13,,B,0110,1,ZP-02,C,XXXX,8,15,F,1,200009,1,"$31,753",2.7
CM53,11,H,18,,H,0110,1,ZP-04,G,XXXX,8,10,F,1,200009,1,"$78,971",28.2
CM53,11,E,17,,E,0110,1,ZP-04,F,XXXX,8,10,F,1,200009,1,"$64,416",10.1
CM53,11,F,21,,B,0110,1,ZP-03,E,XXXX,8,15,F,1,200009,1,"$50,000",1.6
CM53,11,D,13,,E,0110,1,ZP-04,F,XXXX,8,10,F,1,200009,1,"$63,296",10.0
CM53,11,C,13,,B,0110,1,ZP-02,C,XXXX,8,15,F,1,200009,1,"$37,077",1.4
CM53,11,H,13,,I,0110,1,ZP-04,F,XXXX,8,10,F,1,200009,1,"$68,208",32.0
CM53,11,H,13,,H,0110,1,ZP-04,G,XXXX,8,10,F,1,200009,1,"$75,905",26.9
CM53,11,E,13,,E,0110,1,ZP-03,D,XXXX,8,10,F,1,200009,1,"$48,240",12.2
CM53,11,G,13,,H,0110,1,ZP-03,F,XXXX,8,10,F,1,200009,1,"$66,550",28.1
CM53,11,D,17,,D,0110,1,ZP-03,D,XXXX,8,10,F,1,200009,1,"$49,125",9.4
CM53,11,B,13,,B,0110,1,ZP-02,C,XXXX,8,15,F,1,200009,1,"$33,912",2.0
CM53,11,J,18,,J,0110,1,ZP-05,K,XXXX,2,10,F,1,200009,1,"$113,899",39.1
CM53,11,H,14,,H,0110,1,ZP-03,F,XXXX,8,10,F,1,200009,1,"$66,564",28.3
CM53,11,H,11,,I,0110,1,ZP-04,H,XXXX,2,10,F,1,200009,1,"$85,574",30.3
CM53,11,I,13,,F,0110,1,ZP-03,F,XXXX,8,10,F,1,200009,1,"$61,604",17.7
CM53,11,F,04,,G,0110,1,ZP-03,D,XXXX,8,10,F,1,200009,1,"$46,360",24.9
CM53,11,E,13,,F,0110,1,ZP-03,E,XXXX,8,10,F,1,200009,1,"$56,427",17.6
CM53,11,C,13,,D,0110,1,ZP-03,E,XXXX,8,10,F,1,200009,1,"$53,816",5.2
CM53,11,G,17,,G,0110,1,ZP-05,I,XXXX,2,10,F,1,200009,1,"$99,604",23.8
CM53,11,G,17,,B,0110,1,ZP-03,E,XXXX,8,15,F,1,200009,1,"$55,898",2.1
CM53,11,E,08,,F,0110,1,ZP-03,D,XXXX,8,10,F,1,200009,1,"$44,988",17.5
CM53,11,D,13,,E,0110,1,ZP-03,E,XXXX,8,10,F,1,200009,1,"$58,748",10.7
CM54,24,D,21,,D,0110,1,ZP-04,G,XXXX,8,10,F,1,200009,1,"$79,444",7.9
CM54,25,E,17,12,E,0110,1,GS-12,E,XXXX,8,10,F,1,200009,1,"$56,823",13.7
CM54,25,F,21,13,D,0110,1,GS-13,F,XXXX,8,10,F,1,200009,1,"$67,571",7.1
CM54,02,G,21,,A,0110,1,ZP-03,F,XXXX,8,15,F,1,200009,1,"$61,040",0.2
CM54,24,H,04,,B,0110,1,ZP-04,H,XXXX,8,15,F,1,200009,1,"$81,303",2.0
CM54,25,G,17,12,E,0110,1,GS-12,E,XXXX,8,10,F,1,200009,1,"$55,152",12.9
CM54,24,H,14,14,H,0110,1,GS-14,H,XXXX,8,10,F,1,200009,1,"$86,343",26.0
CM54,37,G,18,13,G,0110,1,GS-13,G,XXXX,8,10,F,1,200009,1,"$73,533",22.0
CM54,06,I,21,13,G,0110,1,GS-13,G,XXXX,8,10,F,1,200009,1,"$75,730",21.0
CM54,24,H,15,,E,0110,1,ZP-03,D,XXXX,8,10,F,1,200009,1,"$48,418",10.5
CM54,24,G,21,,H,0110,1,ZP-04,H,XXXX,8,10,F,1,200009,1,"$81,476",27.7
CM54,24,D,17,13,B,0110,1,GS-13,F,XXXX,8,15,F,1,200009,1,"$66,979",1.5
CM54,25,I,21,14,G,0110,1,GS-14,G,XXXX,2,10,F,1,200009,1,"$79,849",21.6
CM54,25,G,21,14,E,0110,1,GS-14,G,XXXX,8,10,F,1,200009,1,"$79,849",13.2
CM54,24,I,21,,H,0110,1,ZP-05,J,XXXX,8,10,F,1,200009,1,"$108,546",27.3
CM54,25,D,17,12,D,0110,1,GS-12,E,XXXX,8,10,F,1,200009,1,"$53,481",8.2
CM54,25,E,17,12,D,0110,1,GS-12,E,XXXX,8,10,F,1,200009,1,"$53,481",9.6
CM54,24,G,21,14,E,0110,1,GS-14,H,XXXX,8,10,F,1,200009,1,"$86,343",14.8
CM54,24,E,13,12,E,0110,1,GS-12,E,XXXX,8,10,F,1,200009,1,"$56,324",12.9
CM54,24,E,21,,B,0110,1,ZP-04,F,XXXX,8,15,F,1,200009,1,"$62,536",1.5
CM54,53,E,21,12,C,0110,1,GS-12,E,XXXX,8,15,F,1,200009,1,"$54,693",3.8
CM54,06,E,21,12,B,0110,1,GS-12,E,XXXX,8,15,F,1,200009,1,"$55,803",1.5
CM54,24,D,17,13,C,0110,1,GS-13,F,XXXX,8,15,F,1,200009,1,"$64,949",3.8
CM54,24,G,20,14,E,0110,1,GS-14,H,XXXX,8,10,F,1,200009,1,"$81,546",14.6
CM54,24,E,18,13,D,0110,1,GS-13,F,XXXX,8,10,F,1,200009,1,"$66,979",9.2
CM54,53,G,21,,F,0110,1,ZP-04,H,XXXX,2,10,F,1,200009,1,"$87,308",16.2
CM54,15,H,18,14,F,0110,1,GS-14,G,XXXX,2,10,F,1,200009,1,"$76,978",18.8
CM54,12,E,21,13,B,0110,1,GS-13,F,XXXX,8,15,F,1,200009,1,"$63,597",2.6
CM54,24,D,13,12,A,0110,1,GS-12,F,XXXX,8,15,F,1,200009,1,"$63,151",0.1
CM54,24,C,17,12,B,0110,1,GS-12,E,XXXX,8,15,F,1,200009,1,"$52,911",2.3
CM54,12,G,21,13,E,0110,1,GS-13,F,XXXX,8,10,F,1,200009,1,"$67,571",11.6
CM54,24,C,14,,B,0110,1,ZP-03,D,XXXX,8,15,F,1,200009,1,"$47,221",1.2
CM54,53,E,21,12,B,0110,1,GS-12,E,XXXX,8,15,F,1,200009,1,"$56,402",2.0
CM54,53,I,21,15,G,0110,1,GM-15,K,XXXX,2,10,F,1,200009,1,"$110,180",24.7
CM54,53,H,21,,H,0110,1,ZP-04,H,XXXX,8,10,F,1,200009,1,"$84,060",25.4
CM54,53,F,21,13,E,0110,1,GS-13,F,XXXX,8,10,F,1,200009,1,"$67,071",13.3
CM54,25,I,21,,F,0110,1,ZP-04,G,XXXX,8,10,F,1,200009,1,"$78,535",16.8
CM54,06,G,17,13,G,0110,1,GS-13,G,XXXX,8,10,F,1,200009,1,"$72,779",22.2
CM54,06,J,21,,G,0110,1,ZP-04,H,XXXX,8,10,F,1,200009,1,"$85,836",24.9
CM54,12,K,21,13,I,0110,1,GS-13,G,XXXX,8,10,F,1,200009,1,"$77,507",31.2
CM54,06,H,18,14,G,0110,1,GS-14,H,XXXX,8,10,F,1,200009,1,"$82,234",21.4
CM54,24,E,17,14,E,0110,1,GS-14,H,XXXX,8,10,F,1,200009,1,"$83,945",12.7
CM54,53,I,21,14,F,0110,1,GS-14,H,XXXX,8,10,F,1,200009,1,"$86,461",18.4
CM54,02,F,18,,D,0110,1,ZP-04,E,XXXX,8,10,F,1,200009,1,"$57,512",7.8
CM55,11,I,17,13,I,0110,1,GM-13,G,XXXX,5,10,F,1,200009,1,"$79,155",34.2
CM55,11,I,13,15,I,0110,1,GM-15,K,XXXX,2,10,F,1,200009,1,"$110,028",33.4
CM55,11,G,17,13,E,0110,1,GS-13,G,XXXX,8,10,F,1,200009,1,"$71,037",14.7
CM55,11,H,14,14,I,0110,1,GS-14,I,XXXX,2,10,F,1,200009,1,"$93,537",32.3
CM55,11,G,21,12,B,0110,1,GS-12,E,XXXX,8,15,F,1,200009,1,"$54,618",2.5
CM55,11,J,21,13,G,0110,1,GS-13,H,XXXX,8,10,F,1,200009,1,"$81,288",22.1
CM55,11,H,17,15,H,0110,1,GS-15,K,XXXX,2,10,F,1,200009,1,"$110,028",25.9
CM55,11,G,13,14,H,0110,1,GS-14,I,XXXX,8,10,F,1,200009,1,"$93,537",25.3
CM55,11,J,17,13,J,0110,1,GS-13,G,XXXX,8,10,F,1,200009,1,"$79,155",35.3
CM55,11,K,21,15,H,0110,1,GS-15,K,XXXX,2,10,F,1,200009,1,"$110,028",26.6
CM55,11,J,17,13,J,0110,1,GM-13,G,XXXX,5,10,F,1,200009,1,"$79,155",38.0
CM55,11,I,17,12,H,0110,1,GS-12,E,XXXX,8,10,F,1,200009,1,"$59,738",26.5
CM55,11,I,14,13,F,0110,1,GS-13,F,XXXX,8,10,F,1,200009,1,"$69,008",18.9
CM55,11,I,14,15,J,0110,1,GS-15,K,XXXX,2,10,F,1,200009,1,"$110,028",35.7
CM55,11,I,21,13,H,0110,1,GM-13,G,XXXX,5,10,F,1,200009,1,"$79,155",29.6
CM55,11,E,17,13,E,0110,1,GS-13,F,XXXX,8,10,F,1,200009,1,"$69,008",12.7
CM55,11,I,21,15,G,0110,1,GS-15,K,XXXX,2,10,F,1,200009,1,"$110,028",21.9
CM55,11,H,17,13,G,0110,1,GS-13,F,XXXX,8,10,F,1,200009,1,"$66,979",21.3
CM55,11,E,13,13,E,0110,1,GS-13,F,XXXX,8,10,F,1,200009,1,"$66,979",14.0
CM55,11,I,21,14,I,0110,1,GM-14,I,XXXX,2,10,F,1,200009,1,"$93,537",31.8
CM55,11,F,16,12,B,0110,1,GS-12,E,XXXX,8,15,F,1,200009,1,"$52,911",2.2
CM55,11,H,17,15,I,0110,1,GM-15,K,XXXX,2,10,F,1,200009,1,"$110,028",33.2
CM55,11,E,17,11,D,0110,1,GS-11,D,XXXX,8,10,F,1,200009,1,"$45,572",5.7
CM55,11,D,17,12,D,0110,1,GS-12,E,XXXX,8,10,F,1,200009,1,"$56,324",6.8
CM55,11,H,17,14,H,0110,1,GM-14,I,XXXX,5,10,F,1,200009,1,"$93,537",25.8
CM55,11,H,14,13,I,0110,1,GS-13,G,XXXX,8,10,F,1,200009,1,"$73,067",31.3
CM55,11,F,21,14,E,0110,1,GM-14,H,XXXX,5,10,F,1,200009,1,"$88,741",13.2
CM55,11,H,17,15,I,0110,1,GM-15,K,XXXX,2,10,F,1,200009,1,"$110,028",31.3
CM55,11,D,17,12,D,0110,1,GS-12,E,XXXX,8,10,F,1,200009,1,"$51,204",8.8
CM55,11,J,13,13,I,0110,1,GM-13,G,XXXX,5,10,F,1,200009,1,"$79,155",32.9
CM55,11,E,17,13,E,0110,1,GS-13,F,XXXX,8,10,P,2,200009,1,"$69,008",14.8
CM55,11,G,13,13,H,0110,1,GM-13,G,XXXX,5,10,F,1,200009,1,"$79,155",27.1
CM55,11,G,17,15,G,0110,1,GS-15,I,XXXX,2,10,F,1,200009,1,"$98,744",20.3
CM55,11,G,13,13,H,0110,1,GS-13,G,XXXX,8,10,F,1,200009,1,"$79,155",25.1
CM55,11,I,17,14,I,0110,1,GM-14,I,XXXX,2,10,F,1,200009,1,"$93,537",30.5
CM55,11,G,17,15,G,0110,1,GS-15,J,XXXX,2,10,F,1,200009,1,"$101,565",22.3
CM55,11,C,17,12,B,0110,1,GS-12,E,XXXX,8,15,F,1,200009,1,"$51,204",2.3
CM55,11,H,10,13,H,0110,1,GM-13,G,XXXX,5,10,F,1,200009,1,"$79,155",27.0
CM55,11,D,17,14,E,0110,1,GS-14,G,XXXX,8,10,F,1,200009,1,"$71,954",10.0
CM55,11,E,14,13,D,0110,1,GS-13,G,XXXX,8,10,F,1,200009,1,"$71,037",9.1
CM55,11,H,13,12,H,0110,1,GS-12,F,XXXX,8,10,F,1,200009,1,"$64,857",29.4
CM55,11,I,13,15,I,0110,1,GS-15,I,XXXX,2,10,F,1,200009,1,"$98,744",33.6
CM55,11,I,17,13,H,0110,1,GM-13,G,XXXX,5,10,F,1,200009,1,"$79,155",26.0
CM55,11,K,21,14,J,0110,1,GM-14,I,XXXX,5,10,F,1,200009,1,"$93,537",39.5
CM55,11,J,17,12,G,0110,1,GS-12,F,XXXX,8,10,F,1,200009,1,"$63,151",24.4
CM55,11,I,21,13,H,0110,1,GM-13,G,XXXX,5,10,F,1,200009,1,"$79,155",27.0
CM55,11,I,17,12,H,0110,1,GS-12,F,XXXX,8,10,F,1,200009,1,"$66,564",27.7
CM55,11,H,17,13,I,0110,1,GM-13,G,XXXX,5,10,F,1,200009,1,"$79,155",30.5
CM55,11,I,14,14,J,0110,1,GS-14,I,XXXX,2,10,F,1,200009,1,"$93,537",35.3
CM55,11,B,13,07,A,0110,1,GS-07,B,XXXX,8,15,F,1,200009,1,"$28,866",0.2
CM55,11,F,13,13,E,0110,1,GM-13,G,XXXX,5,10,F,1,200009,1,"$75,096",14.8
CM55,11,I,18,14,I,0110,1,GS-14,H,XXXX,8,10,F,1,200009,1,"$83,945",30.6
CM55,11,H,20,15,I,0110,1,GM-15,K,XXXX,2,10,F,1,200009,1,"$110,028",30.3
CM55,11,G,17,14,G,0110,1,GS-14,H,XXXX,2,10,F,1,200009,1,"$86,343",22.1
CM55,11,H,18,14,H,0110,1,GS-14,I,XXXX,8,10,F,1,200009,1,"$93,537",29.8
CM55,11,I,13,14,G,0110,1,GM-14,I,XXXX,2,10,F,1,200009,1,"$93,537",24.5
CM55,11,D,17,13,D,0110,1,GS-13,F,XXXX,8,10,F,1,200009,1,"$66,979",7.8
CM55,11,H,21,14,G,0110,1,GM-14,I,XXXX,2,10,F,1,200009,1,"$93,537",23.7
CM55,11,K,17,15,J,0110,1,GM-15,K,XXXX,2,10,F,1,200009,1,"$110,028",36.8
CM55,11,J,17,15,I,0110,1,GM-15,K,XXXX,2,10,F,1,200009,1,"$110,028",30.0
CM55,11,H,17,13,H,0110,1,GM-13,G,XXXX,5,10,F,1,200009,1,"$79,155",29.3
CM55,11,H,17,15,H,0110,1,GM-15,J,XXXX,5,10,P,2,200009,1,"$107,541",29.9
CM55,11,I,21,15,G,0110,1,GM-15,K,XXXX,2,10,F,1,200009,1,"$110,028",22.3
CM55,11,G,14,13,H,0110,1,GM-13,G,XXXX,5,10,F,1,200009,1,"$79,155",28.0
CM55,11,D,17,13,C,0110,1,GS-13,F,XXXX,8,10,F,1,200009,1,"$62,920",4.5
CM55,11,J,18,15,J,0110,1,GM-15,K,XXXX,2,10,F,1,200009,1,"$110,028",40.2
CM55,11,D,13,13,E,0110,1,GS-13,F,XXXX,8,10,F,1,200009,1,"$66,979",13.4
CM55,11,H,17,14,H,0110,1,GM-14,I,XXXX,5,10,F,1,200009,1,"$93,537",29.4
CM55,11,G,21,14,E,0110,1,GS-14,H,XXXX,8,10,F,1,200009,1,"$86,343",12.2
CM55,11,C,17,13,C,0110,1,GS-13,F,XXXX,8,15,F,1,200009,1,"$60,890",4.3
CM55,11,J,13,13,J,0110,1,GS-13,G,XXXX,8,10,F,1,200009,1,"$79,155",36.3
CM55,11,I,17,13,I,0110,1,GM-13,G,XXXX,5,10,F,1,200009,1,"$79,155",34.2
CM55,11,F,17,14,F,0110,1,GS-14,H,XXXX,2,10,F,1,200009,1,"$88,741",16.6
CM55,11,D,17,14,D,0110,1,GS-14,G,XXXX,8,10,F,1,200009,1,"$74,352",6.3
CM55,11,D,17,13,C,0110,1,GS-13,F,XXXX,8,10,F,1,200009,1,"$60,890",4.3
CM55,11,C,16,12,B,0110,1,GS-12,E,XXXX,8,15,F,1,200009,1,"$51,204",2.5
CM55,11,K,14,13,J,0110,1,GM-13,G,XXXX,5,10,F,1,200009,1,"$79,155",36.3
CM55,11,D,13,12,D,0110,1,GS-12,E,XXXX,8,10,F,1,200009,1,"$52,911",7.4
CM55,11,F,17,14,E,0110,1,GS-14,H,XXXX,8,10,F,1,200009,1,"$83,945",13.0
CM55,11,F,17,13,E,0110,1,GS-13,G,XXXX,8,10,F,1,200009,1,"$75,096",14.0
CM55,11,F,17,14,G,0110,1,GS-14,H,XXXX,8,10,F,1,200009,1,"$86,343",20.4
CM55,11,J,17,13,G,0110,1,GM-13,G,XXXX,5,10,F,1,200009,1,"$77,133",23.2
CM55,11,D,17,11,D,0110,1,GS-11,D,XXXX,8,10,F,1,200009,1,"$42,724",5.1
CM55,11,G,18,13,G,0110,1,GM-13,G,XXXX,5,10,F,1,200009,1,"$79,155",20.3
CM55,11,I,17,13,I,0110,1,GM-13,G,XXXX,5,10,F,1,200009,1,"$79,155",32.3
CM55,11,G,16,13,H,0110,1,GM-13,G,XXXX,5,10,F,1,200009,1,"$79,155",25.8
CM55,11,I,17,15,I,0110,1,GM-15,K,XXXX,2,10,F,1,200009,1,"$110,028",30.5
CM55,11,H,17,13,H,0110,1,GM-13,G,XXXX,5,10,F,1,200009,1,"$78,381",28.8
CM55,11,B,14,11,B,0110,1,GS-11,D,XXXX,8,15,F,1,200009,1,"$42,724",2.3
CM56,51,J,17,15,D,0110,1,GS-15,J,XXXX,8,15,F,1,200009,1,"$101,565",7.2
CM56,51,D,13,13,D,0110,1,GS-13,F,XXXX,8,10,F,1,200009,1,"$64,949",9.8
CM57,24,I,17,,E,0110,1,ZP-05,K,XXXX,2,10,F,1,200009,1,"$116,383",11.2
CM57,24,H,,,B,0110,1,ZP-05,J,XXXX,8,20,F,2,200009,1,"$105,957",2.8
CM57,24,C,17,,C,0110,1,ZP-04,F,XXXX,8,15,F,1,200009,1,"$63,500",3.2
CM57,24,H,21,,D,0110,1,ZP-04,I,XXXX,8,10,F,1,200009,1,"$91,019",6.3
CM57,24,E,21,,D,0110,1,ZP-04,G,XXXX,8,10,F,1,200009,1,"$79,236",9.1
CM57,24,H,17,,E,0110,1,ZP-04,I,XXXX,8,10,F,1,200009,1,"$93,537",12.9
CM57,24,E,18,,D,0110,1,ZP-04,H,XXXX,8,10,F,1,200009,1,"$80,780",6.2
CM57,24,F,14,,D,0110,1,ZP-04,H,XXXX,8,10,F,1,200009,1,"$80,606",9.3
CM57,24,H,21,,H,0110,1,ZP-05,K,XXXX,8,10,F,1,200009,1,"$110,028",29.3
CM57,24,D,13,,E,0110,1,ZP-02,E,XXXX,8,10,F,1,200009,1,"$51,802",13.2
CM57,24,J,21,,F,0110,1,ZP-04,G,XXXX,8,10,F,1,200009,1,"$74,065",17.0
CM57,24,G,21,,B,0110,1,ZP-04,I,XXXX,8,15,F,1,200009,1,"$92,555",2.8
CM57,24,I,21,,I,0110,1,ZP-05,K,XXXX,8,10,F,1,200009,1,"$110,028",31.7
CM57,24,I,22,,H,0110,1,ZP-05,K,XXXX,8,10,F,1,200009,1,"$110,028",25.2
CM57,24,F,17,,G,0110,1,ZP-04,I,XXXX,8,10,F,1,200009,1,"$93,537",21.4
CM57,24,G,,,B,0110,1,ZP-02,C,XXXX,8,20,F,2,200009,1,"$36,706",1.3
CM57,24,G,17,,G,0110,1,ZP-05,J,XXXX,2,10,F,1,200009,1,"$105,378",20.9
CM57,24,F,17,,D,0110,1,ZP-04,H,XXXX,8,10,F,1,200009,1,"$87,097",5.4
CM57,24,E,17,,B,0110,1,ZP-03,F,XXXX,8,15,F,1,200009,1,"$66,551",2.8
CM57,24,H,18,,H,0110,1,ZP-05,I,XXXX,8,10,F,1,200009,1,"$99,689",28.0
CM57,24,D,18,,B,0110,1,ZP-03,E,XXXX,8,15,F,1,200009,1,"$51,405",1.6
CM57,24,J,,,A,0110,1,ZP-04,H,XXXX,8,20,F,2,200009,1,"$88,000",0.9
CM57,24,D,21,,C,0110,1,ZP-04,F,XXXX,8,15,F,1,200009,1,"$65,060",3.0
CM57,24,F,21,,D,0110,1,ZP-04,G,XXXX,8,10,F,1,200009,1,"$79,241",5.2
CM57,24,I,22,,I,0110,1,ZP-05,K,XXXX,2,10,F,1,200009,1,"$113,329",31.7
CM57,24,E,,,A,0110,1,ZP-03,D,XXXX,8,20,F,2,200009,1,"$49,000",0.4
CM61,11,G,17,15,G,0110,1,GS-15,J,XXXX,8,10,F,1,200009,1,"$104,386",20.3
CM63,24,H,17,14,H,0110,1,GS-14,I,XXXX,8,10,F,1,200009,1,"$93,537",26.8
CM63,24,F,17,12,F,0110,1,GS-12,F,XXXX,8,10,F,1,200009,1,"$61,444",18.2
CM63,24,D,17,13,C,0110,1,GS-13,F,XXXX,8,15,F,1,200009,1,"$64,949",3.2
CM63,24,H,,11,A,0110,1,GS-11,E,XXXX,8,20,F,2,200009,1,"$51,269",0.2
CM63,24,H,18,14,E,0110,1,GM-14,H,XXXX,2,10,F,1,200009,1,"$86,343",13.0
CM63,25,D,,11,C,0110,1,GS-11,D,XXXX,8,20,F,2,200009,1,"$44,824",3.3
CM63,SA,G,,,D,0110,1,FC-12,H,XXXX,8,48,F,2,200009,1,"$82,788",5.3
CM63,24,I,,15,H,0110,1,GS-15,K,XXXX,8,20,F,2,200009,1,"$110,028",27.7
CM63,24,G,21,15,F,0110,1,GS-15,J,XXXX,8,10,F,1,200009,1,"$107,207",19.6
CM63,24,K,21,,H,0110,1,ES-05,M,XXXX,2,50,F,1,200009,1,"$130,200",26.8
CM63,24,G,21,13,G,0110,1,GS-13,G,XXXX,8,10,F,1,200009,1,"$71,037",20.0
CM63,24,D,,12,B,0110,1,GS-12,E,XXXX,8,20,F,2,200009,1,"$52,911",1.2
CM63,24,B,13,09,B,0110,1,GS-09,C,XXXX,8,15,F,1,200009,1,"$35,310",1.9
CM63,24,E,04,13,E,0110,1,GS-13,F,XXXX,8,15,F,1,200009,1,"$60,890",10.7
CM63,24,D,,12,B,0110,1,GS-12,E,XXXX,8,20,F,2,200009,1,"$52,911",2.1
CM63,37,C,,11,A,0110,1,GS-11,D,XXXX,8,20,F,2,200009,1,"$41,834",0.3
CM63,24,C,,11,C,0110,1,GS-11,D,XXXX,8,20,F,2,200009,1,"$42,724",3.3
CM63,24,C,,11,B,0110,1,GS-11,D,XXXX,8,20,F,2,200009,1,"$44,148",1.2
CM63,24,C,,11,A,0110,1,GS-11,D,XXXX,8,20,F,2,200009,1,"$42,724",0.5
CM63,24,E,21,15,D,0110,1,GS-15,K,XXXX,8,10,F,1,200009,1,"$110,028",5.1
CM63,24,C,,12,B,0110,1,GS-12,E,XXXX,8,20,F,2,200009,1,"$51,204",1.5
CM63,42,C,,11,C,0110,1,GS-11,D,XXXX,8,20,F,2,200009,1,"$42,159",3.5
CM63,24,E,04,13,C,0110,1,GS-13,F,XXXX,8,15,F,1,200009,1,"$66,979",3.3
CM63,24,E,21,14,D,0110,1,GS-14,G,XXXX,8,10,F,1,200009,1,"$76,750",7.9
CM63,24,G,17,14,E,0110,1,GS-14,H,XXXX,8,10,F,1,200009,1,"$81,546",11.1
CM63,24,D,,12,B,0110,1,GS-12,E,XXXX,8,20,F,2,200009,1,"$52,911",1.0
CM63,24,H,21,14,F,0110,1,GS-14,H,XXXX,8,10,F,1,200009,1,"$86,343",17.8
CM63,24,D,,12,A,0110,1,GS-12,E,XXXX,8,20,F,2,200009,1,"$51,204",0.8
CM65,11,I,13,13,I,0110,1,GM-13,G,XXXX,5,10,F,1,200009,1,"$79,155",33.3
CM65,11,F,17,15,D,0110,1,GS-15,I,XXXX,8,10,F,1,200009,1,"$90,280",7.0
CM65,11,D,13,13,E,0110,1,GS-13,F,XXXX,8,10,F,1,200009,1,"$62,920",10.2
CM65,11,H,17,13,G,0110,1,GS-13,F,XXXX,8,10,F,1,200009,1,"$69,008",21.3
CM65,11,G,13,14,G,0110,1,GM-14,I,XXXX,5,10,F,1,200009,1,"$91,888",24.2
CM65,11,C,13,11,B,0110,1,GS-11,D,XXXX,8,15,F,1,200009,1,"$48,420",1.9
CM65,11,H,,,B,0110,1,EX-03,M,XXXX,2,46,F,2,200009,1,"$130,200",2.8
CM65,11,H,21,13,H,0110,1,GM-13,G,XXXX,5,10,F,1,200009,1,"$79,155",25.6
CM65,11,H,17,15,H,0110,1,GM-15,K,XXXX,5,10,F,1,200009,1,"$110,028",28.0
CM65,11,K,21,,G,0110,1,ES-04,M,XXXX,2,50,F,1,200009,1,"$130,200",24.8
CM65,11,E,17,14,F,0110,1,GS-14,H,XXXX,8,10,F,1,200009,1,"$81,546",16.4
CM65,11,F,17,15,D,0110,1,GS-15,I,XXXX,2,15,F,1,200009,1,"$90,280",5.8
CM65,11,J,13,15,J,0110,1,GM-15,K,XXXX,5,10,F,1,200009,1,"$110,028",35.0
CM65,11,I,21,15,H,0110,1,GM-15,K,XXXX,5,10,F,1,200009,1,"$110,028",29.7
CM65,11,J,21,,G,0110,1,ES-04,M,XXXX,2,50,F,1,200009,1,"$130,200",22.0
CM65,11,F,17,13,D,0110,1,GS-13,F,XXXX,8,10,F,1,200009,1,"$66,979",8.3
CM65,11,E,13,12,D,0110,1,GS-12,E,XXXX,8,10,F,1,200009,1,"$58,031",9.8
CM65,11,G,18,15,G,0110,1,GM-15,J,XXXX,5,10,F,1,200009,1,"$107,096",22.2
CM65,11,I,21,14,D,0110,1,GS-14,G,XXXX,8,10,F,1,200009,1,"$76,750",8.9
CM65,11,I,17,15,I,0110,1,GM-15,K,XXXX,5,10,F,1,200009,1,"$110,028",33.3
CM65,11,G,12,14,G,0110,1,GS-14,H,XXXX,8,10,F,1,200009,1,"$81,546",20.8
CM65,11,G,21,,A,0110,1,ES-01,K,XXXX,2,55,F,1,200009,1,"$115,811",0.2
CM65,11,D,17,14,D,0110,1,GS-14,G,XXXX,8,10,F,1,200009,1,"$74,352",5.6
CT00,11,H,17,14,G,0110,1,GM-14,H,XXXX,5,10,F,1,200009,1,"$87,549",22.3
CT00,36,C,13,12,C,0110,1,GS-12,E,XXXX,8,10,F,1,200009,1,"$54,386",3.7
CT00,11,F,13,13,G,0110,1,GS-13,G,XXXX,8,10,F,1,200009,1,"$79,155",21.9
CT00,36,D,17,12,C,0110,1,GS-12,E,XXXX,8,10,F,1,200009,1,"$52,632",4.0
CT00,36,F,13,12,F,0110,1,GS-12,F,XXXX,8,10,F,1,200009,1,"$63,157",18.8
CT00,36,H,13,12,I,0110,1,GS-12,F,XXXX,8,10,F,1,200009,1,"$63,157",32.8
CT00,36,H,17,13,F,0110,1,GM-13,H,XXXX,5,10,F,1,200009,1,"$80,324",19.9
CT00,36,H,18,15,H,0110,1,GS-15,J,XXXX,2,10,F,1,200009,1,"$104,396",26.3
CT00,36,D,17,13,D,0110,1,GS-13,F,XXXX,8,10,F,1,200009,1,"$68,846",9.5
CT00,11,F,17,15,E,0110,1,GS-15,I,XXXX,8,10,F,1,200009,1,"$93,101",13.5
CT00,36,E,17,13,E,0110,1,GS-13,G,XXXX,8,10,F,1,200009,1,"$70,932",12.4
CT00,17,F,13,13,G,0110,1,GM-13,G,XXXX,5,10,F,1,200009,1,"$75,744",21.6
CT00,11,D,21,13,B,0110,1,GS-13,F,XXXX,8,15,F,1,200009,1,"$60,890",2.9
CT00,11,E,17,14,E,0110,1,GS-14,G,XXXX,2,10,F,1,200009,1,"$79,148",14.3
CT00,11,G,17,13,F,0110,1,GS-13,G,XXXX,8,10,F,1,200009,1,"$73,067",17.7
CT00,11,E,13,13,D,0110,1,GS-13,F,XXXX,8,10,F,1,200009,1,"$69,008",9.5
CT00,11,G,17,,H,0110,1,ES-02,L,XXXX,2,65,F,2,200009,1,"$121,264",26.3
CT00,29,H,17,13,H,0110,1,GM-13,G,XXXX,5,10,F,1,200009,1,"$73,981",28.8
CT00,17,E,13,12,F,0110,1,GS-12,F,XXXX,8,10,F,1,200009,1,"$64,564",16.2
CT00,17,C,15,12,D,0110,1,GS-12,E,XXXX,8,10,F,1,200009,1,"$57,585",6.3
CT00,17,H,17,15,H,0110,1,GS-15,K,XXXX,8,10,F,1,200009,1,"$112,490",29.3
CT00,11,H,17,,I,0110,1,ES-06,M,XXXX,2,50,F,1,200009,1,"$130,200",32.2
CT00,17,I,13,13,I,0110,1,GS-13,H,XXXX,8,10,F,1,200009,1,"$80,926",31.6
CT00,17,F,17,12,E,0110,1,GS-12,F,XXXX,8,10,F,1,200009,1,"$62,819",12.3
CT00,17,H,17,12,H,0110,1,GS-12,F,XXXX,8,10,F,1,200009,1,"$68,053",26.5
CT00,11,F,17,13,D,0110,1,GS-13,G,XXXX,8,10,F,1,200009,1,"$71,037",8.8
CT00,11,I,17,13,H,0110,1,GS-13,G,XXXX,8,10,F,1,200009,1,"$77,126",25.0
CT00,17,E,17,11,B,0110,1,GS-11,D,XXXX,8,15,F,1,200009,1,"$48,048",1.7
CT00,17,E,13,12,E,0110,1,GS-12,F,XXXX,8,10,F,1,200009,1,"$61,074",10.1
CT00,11,J,21,15,H,0110,1,GS-15,K,XXXX,2,10,F,1,200009,1,"$110,028",25.8
CT00,11,C,17,12,C,0110,1,GS-12,E,XXXX,8,10,F,1,200009,1,"$51,204",3.8
CT00,17,H,17,13,H,0110,1,GS-13,H,XXXX,8,10,F,1,200009,1,"$80,926",26.3
CT00,17,H,17,15,C,0110,1,GS-15,J,XXXX,2,10,F,1,200009,1,"$109,606",3.3
CT00,11,H,17,14,H,0110,1,GM-14,I,XXXX,2,10,F,1,200009,1,"$93,537",28.2
CT00,11,E,17,13,C,0110,1,GS-13,F,XXXX,8,10,P,2,200009,1,"$66,979",4.5
CT00,11,I,18,13,G,0110,1,GS-13,G,XXXX,8,10,F,1,200009,1,"$73,067",22.7
CT00,11,H,17,15,H,0110,1,GS-15,K,XXXX,8,10,F,1,200009,1,"$110,028",25.1
DD01,51,I,21,15,E,0110,1,GM-15,K,XXXX,5,10,F,1,200009,1,"$110,028",13.2
DD01,51,E,21,,C,0110,1,ES-01,K,XXXX,2,50,F,1,200009,1,"$115,811",3.8
DD01,51,G,15,,G,0110,1,ES-04,M,XXXX,2,50,F,1,200009,1,"$130,200",22.3
DD01,51,I,17,15,E,0110,1,GM-15,J,XXXX,5,10,F,1,200009,1,"$107,207",11.9
DD01,51,H,17,15,D,0110,1,GM-15,J,XXXX,5,10,F,1,200009,1,"$106,131",9.5
DD07,42,D,13,13,E,0110,1,GS-13,G,XXXX,8,10,F,1,200009,1,"$71,363",10.9
DD07,51,H,17,13,H,0110,1,GS-13,G,XXXX,8,10,F,1,200009,1,"$79,155",27.2
DD07,51,H,18,14,I,0110,1,GS-14,I,XXXX,8,10,F,1,200009,1,"$93,537",31.4
DD07,51,E,14,12,E,0110,1,GS-12,E,XXXX,8,10,F,1,200009,1,"$56,324",10.9
DD07,51,I,13,07,G,0119,3,GS-07,C,XXXX,8,10,F,1,200009,1,"$37,522",21.5
DD48,51,I,21,13,F,0110,1,GS-13,G,XXXX,8,10,F,1,200009,1,"$77,126",16.5
DD48,51,I,21,15,I,0110,1,GM-15,K,XXXX,5,10,F,1,200009,1,"$110,028",30.5
DJ01,11,H,17,13,H,0110,1,GS-13,G,XXXX,8,10,F,1,200009,1,"$79,155",28.0
DJ01,11,H,21,15,G,0110,1,GS-15,J,XXXX,8,10,F,1,200009,1,"$107,207",23.2
DJ01,11,G,17,,F,0110,1,ES-01,K,XXXX,2,50,F,1,200009,1,"$115,811",17.9
DJ01,11,E,21,14,D,0110,1,GS-14,G,XXXX,8,10,P,2,200009,1,"$71,954",8.3
DJ01,11,E,17,15,C,0110,1,GS-15,J,XXXX,8,10,F,1,200009,1,"$101,565",4.3
DJ01,11,H,18,15,G,0110,1,GS-15,J,XXXX,8,10,P,2,200009,1,"$107,207",23.1
DJ01,11,H,20,15,H,0110,1,GS-15,J,XXXX,8,10,F,1,200009,1,"$104,386",26.3
DJ01,11,H,21,15,H,0110,1,GS-15,K,XXXX,8,10,F,1,200009,1,"$110,028",26.3
DJ01,11,G,21,15,D,0110,1,GS-15,J,XXXX,8,10,F,1,200009,1,"$107,207",9.2
DJ01,11,F,22,14,B,0110,1,GS-14,H,XXXX,8,15,F,1,200009,1,"$83,945",1.7
DJ01,11,D,21,14,B,0110,1,GS-14,G,XXXX,8,15,F,1,200009,1,"$76,750",2.0
DJ01,11,D,21,13,B,0110,1,GS-13,G,XXXX,8,15,F,1,200009,1,"$73,067",1.9
DJ01,11,F,17,15,D,0110,1,GS-15,I,XXXX,8,10,F,1,200009,1,"$93,101",8.0
DJ01,11,E,19,15,E,0110,1,GS-15,I,XXXX,8,10,F,1,200009,1,"$98,744",10.0
DJ01,11,H,15,15,G,0110,1,GS-15,K,XXXX,8,10,F,1,200009,1,"$110,028",23.8
DJ01,11,F,21,15,D,0110,1,GS-15,I,XXXX,8,10,F,1,200009,1,"$93,101",5.9
DJ01,11,D,21,12,B,0110,1,GS-12,F,XXXX,8,15,F,1,200009,1,"$66,564",1.0
DJ01,11,D,22,14,C,0110,1,GS-14,G,XXXX,8,10,F,1,200009,1,"$76,750",3.1
DJ01,11,D,21,13,A,0110,1,GS-13,G,XXXX,8,15,F,1,200009,1,"$79,155",0.9
DJ01,11,D,21,14,B,0110,1,GS-14,G,XXXX,8,15,F,1,200009,1,"$74,352",2.1
DJ01,11,H,17,15,G,0110,1,GS-15,J,XXXX,8,10,F,1,200009,1,"$107,207",21.3
DJ01,11,H,21,,H,0110,1,ES-04,M,XXXX,2,50,F,1,200009,1,"$130,200",25.7
DJ01,11,D,21,15,D,0110,1,GS-15,I,XXXX,2,10,F,1,200009,1,"$90,280",6.2
DJ01,11,H,22,15,E,0110,1,GS-15,K,XXXX,8,10,F,1,200009,1,"$110,028",12.8
DJ01,11,G,15,15,G,0110,1,GS-15,L,XXXX,8,10,F,1,200009,1,"$122,400",23.4
DJ01,11,G,21,15,G,0110,1,GM-15,K,XXXX,2,10,F,1,200009,1,"$110,028",22.9
DJ01,11,D,21,15,D,0110,1,GS-15,I,XXXX,8,10,F,1,200009,1,"$90,280",5.1
DJ01,11,C,21,12,B,0110,1,GS-12,F,XXXX,8,15,F,1,200009,1,"$66,564",1.0
DJ01,11,E,17,15,D,0110,1,GS-15,I,XXXX,8,10,F,1,200009,1,"$90,280",5.2
DJ01,11,I,17,15,D,0110,1,GS-15,K,XXXX,8,10,F,1,200009,1,"$110,028",7.2
DJ01,11,H,21,15,H,0110,1,GS-15,J,XXXX,8,10,F,1,200009,1,"$107,207",28.4
DJ01,11,D,21,15,C,0110,1,GS-15,H,XXXX,8,10,F,1,200009,1,"$87,459",4.2
DJ01,17,H,21,15,E,0110,1,GS-15,J,XXXX,8,10,F,1,200009,1,"$106,722",13.8
DJ01,11,F,21,15,F,0110,1,GS-15,J,XXXX,8,10,P,2,200009,1,"$104,386",16.9
DJ01,11,F,16,,F,0110,1,ES-03,L,XXXX,2,50,F,1,200009,1,"$126,825",15.0
DJ01,11,D,21,14,B,0110,1,GS-14,H,XXXX,8,15,F,1,200009,1,"$83,945",2.0
DJ01,11,K,14,15,J,0110,1,GM-15,K,XXXX,2,10,F,1,200009,1,"$110,028",38.3
DJ01,11,F,21,15,C,0110,1,GS-15,I,XXXX,8,10,F,1,200009,1,"$98,744",3.0
DJ01,11,E,21,15,D,0110,1,GS-15,I,XXXX,8,10,F,1,200009,1,"$90,280",5.2
DJ01,11,G,21,15,E,0110,1,GS-15,J,XXXX,8,10,F,1,200009,1,"$104,386",10.8
DJ01,11,E,17,14,B,0110,1,GS-14,G,XXXX,8,15,F,1,200009,1,"$76,750",2.3
DJ01,11,D,21,12,A,0110,1,GS-12,F,XXXX,8,15,F,1,200009,1,"$66,564",0.8
DJ01,11,D,22,13,A,0110,1,GS-13,F,XXXX,8,15,F,1,200009,1,"$64,949",0.0
DJ01,11,H,21,15,G,0110,1,GS-15,K,XXXX,8,10,F,1,200009,1,"$110,028",24.0
DJ01,11,I,21,15,H,0110,1,GS-15,J,XXXX,8,10,F,1,200009,1,"$104,386",25.0
DJ01,11,D,17,14,C,0110,1,GS-14,G,XXXX,8,10,F,1,200009,1,"$74,352",3.3
DJ01,11,I,21,15,F,0110,1,GM-15,J,XXXX,2,10,F,1,200009,1,"$107,207",17.9
DJ01,06,I,21,15,H,0110,1,GS-15,K,XXXX,8,10,F,1,200009,1,"$116,042",28.3
DJ01,11,D,21,13,B,0110,1,GS-13,G,XXXX,8,15,F,1,200009,1,"$73,067",2.0
DJ01,11,F,21,15,D,0110,1,GS-15,J,XXXX,8,10,F,1,200009,1,"$107,207",8.0
DJ01,11,F,21,15,E,0110,1,GS-15,J,XXXX,8,10,F,1,200009,1,"$101,565",10.0
DJ01,11,E,17,15,E,0110,1,GS-15,J,XXXX,8,10,F,1,200009,1,"$107,207",10.8
DJ01,11,G,21,15,E,0110,1,GS-15,J,XXXX,8,10,F,1,200009,1,"$104,386",12.3
DJ01,11,E,21,15,E,0110,1,GS-15,I,XXXX,2,10,F,1,200009,1,"$98,744",11.9
DJ01,11,G,17,15,F,0110,1,GS-15,J,XXXX,8,10,F,1,200009,1,"$107,207",19.9
DJ01,11,E,21,14,B,0110,1,GS-14,H,XXXX,8,15,F,1,200009,1,"$83,945",2.1
DLAA,11,D,04,12,C,0110,1,GS-12,E,XXXX,8,10,F,1,200009,1,"$51,204",3.3
DLAA,11,E,21,,A,0110,1,ES-04,M,XXXX,2,55,F,1,200009,1,"$130,200",0.7
DLAA,11,D,13,14,E,0110,1,GS-14,G,XXXX,8,10,F,1,200009,1,"$79,148",10.9
DLAM,06,J,22,12,I,0110,1,GS-12,G,XXXX,8,10,F,1,200009,1,"$70,202",34.6
DLBL,11,G,17,13,E,0110,1,GS-13,F,XXXX,8,10,F,1,200009,1,"$60,890",13.1
DLBL,11,E,17,14,D,0110,1,GS-14,H,XXXX,8,10,F,1,200009,1,"$83,945",8.8
DLBL,11,H,17,13,H,0110,1,GS-13,G,XXXX,8,10,F,1,200009,1,"$75,096",28.3
DLBL,11,I,21,14,H,0110,1,GS-14,I,XXXX,8,10,F,1,200009,1,"$93,537",26.7
DLBL,11,I,21,15,I,0110,1,GS-15,J,XXXX,5,10,F,1,200009,1,"$101,565",30.1
DLBL,11,H,17,14,I,0110,1,GM-14,I,XXXX,5,10,F,1,200009,1,"$93,537",30.3
DLBL,11,H,17,14,H,0110,1,GS-14,I,XXXX,5,10,F,1,200009,1,"$93,537",28.3
DLBL,11,H,17,13,I,0110,1,GS-13,G,XXXX,8,10,F,1,200009,1,"$79,155",30.3
DLBL,11,I,17,14,I,0110,1,GM-14,I,XXXX,2,10,F,1,200009,1,"$93,537",30.3
DLBL,11,G,13,14,G,0110,1,GS-14,H,XXXX,8,10,P,2,200009,1,"$86,343",24.3
DLBL,11,H,13,13,F,0110,1,GS-13,F,XXXX,8,10,F,1,200009,1,"$69,008",19.6
DLBL,11,G,17,13,E,0110,1,GS-13,G,XXXX,8,10,F,1,200009,1,"$71,037",11.3
DLBL,11,F,17,13,E,0110,1,GS-13,G,XXXX,8,10,P,2,200009,1,"$71,037",11.5
DLBL,11,I,21,15,H,0110,1,GM-15,K,XXXX,2,10,F,1,200009,1,"$110,028",25.0
DLBL,11,H,22,12,F,0110,1,GS-12,F,XXXX,8,10,F,1,200009,1,"$61,444",17.1
DLBL,11,I,15,15,J,0110,1,GM-15,K,XXXX,2,10,F,1,200009,1,"$110,028",37.1
DLBL,11,I,21,14,E,0110,1,GS-14,I,XXXX,8,48,F,2,200009,1,"$93,537",11.5
DLBL,11,J,15,14,J,0110,1,GS-14,I,XXXX,2,10,F,1,200009,1,"$93,537",41.8
DLBL,11,H,14,13,E,0110,1,GS-13,G,XXXX,8,10,F,1,200009,1,"$71,037",12.1
DLBL,11,H,21,,H,0110,1,ES-04,M,XXXX,2,50,F,1,200009,1,"$130,200",26.3
DLES,11,H,18,14,H,0110,1,GS-14,I,XXXX,8,10,F,1,200009,1,"$93,537",29.6
DLES,11,I,21,15,I,0110,1,GM-15,K,XXXX,4,10,F,1,200009,1,"$110,028",33.5
DLES,11,H,13,14,I,0110,1,GM-14,I,XXXX,2,10,F,1,200009,1,"$93,537",32.3
DLES,11,G,13,12,G,0110,1,GS-12,F,XXXX,8,10,F,1,200009,1,"$64,857",24.9
DLET,11,H,13,12,F,0110,1,GS-12,E,XXXX,8,10,F,1,200009,1,"$59,738",17.0
DLET,11,H,13,13,G,0110,1,GS-13,G,XXXX,8,10,F,1,200009,1,"$71,037",22.7
DLET,11,K,13,12,H,0110,1,GS-12,F,XXXX,8,10,F,1,200009,1,"$66,564",27.8
DLET,11,I,04,13,I,0110,1,GS-13,G,XXXX,8,10,F,1,200009,1,"$79,155",31.2
DLET,11,E,13,11,B,0110,1,GS-11,E,XXXX,8,15,F,1,200009,1,"$52,693",1.7
DLET,11,E,21,13,A,0110,1,GS-13,G,XXXX,8,15,F,1,200009,1,"$79,155",0.4
DLLS,25,H,04,05,B,0119,3,GS-05,B,XXXX,8,15,P,2,200009,1,"$24,449",1.2
DLLS,11,D,17,07,A,0110,1,GS-07,C,XXXX,8,15,F,1,200009,1,"$37,522",0.7
DLLS,25,E,13,12,E,0110,1,GS-12,F,XXXX,8,10,F,1,200009,1,"$62,385",14.5
DLLS,17,C,13,11,B,0110,1,GS-11,D,XXXX,8,15,F,1,200009,1,"$43,680",2.6
DLLS,25,D,13,07,E,0119,3,GS-07,C,XXXX,8,10,P,2,200009,1,"$38,097",10.0
DLLS,25,G,17,12,H,0110,1,GS-12,F,XXXX,8,10,F,1,200009,1,"$60,652",26.1
DLLS,25,D,13,12,D,0110,1,GS-12,E,XXXX,8,10,F,1,200009,1,"$55,454",9.3
DLLS,36,H,04,07,E,0119,3,GS-07,C,XXXX,8,10,P,2,200009,1,"$36,591",12.6
DLLS,11,D,17,13,D,0110,1,GS-13,F,XXXX,8,10,F,1,200009,1,"$66,979",7.8
DLLS,11,E,17,12,B,0110,1,GS-12,E,XXXX,8,15,F,1,200009,1,"$51,204",2.2
DLLS,50,H,13,06,C,0119,3,GS-06,B,XXXX,8,15,P,2,200009,1,"$27,131",3.4
DLLS,11,C,13,11,B,0110,1,GS-11,D,XXXX,8,15,F,1,200009,1,"$42,724",2.3
DLLS,11,B,13,11,B,0110,1,GS-11,D,XXXX,8,15,F,1,200009,1,"$42,724",2.2
DLLS,25,H,13,12,F,0110,1,GS-12,E,XXXX,2,10,F,1,200009,1,"$51,989",17.3
DLLS,25,G,13,12,H,0110,1,GS-12,F,XXXX,8,10,F,1,200009,1,"$67,583",27.0
DLLS,11,G,21,14,D,0110,1,GS-14,G,XXXX,8,10,F,1,200009,1,"$79,148",9.0
DLLS,25,G,17,12,G,0110,1,GS-12,F,XXXX,8,10,F,1,200009,1,"$67,583",23.3
DLLS,11,H,14,15,H,0110,1,GS-15,I,XXXX,2,10,F,1,200009,1,"$95,923",28.4
DLLS,25,F,13,13,F,0110,1,GS-13,F,XXXX,2,10,F,1,200009,1,"$68,004",15.8
DLLS,11,F,17,12,E,0110,1,GS-12,E,XXXX,8,10,F,1,200009,1,"$59,738",10.4
DLLS,25,F,13,12,G,0110,1,GS-12,F,XXXX,8,10,F,1,200009,1,"$64,118",23.3
DLLS,25,D,13,12,D,0110,1,GS-12,E,XXXX,8,10,F,1,200009,1,"$53,721",5.9
DLLS,11,D,13,13,D,0110,1,GS-13,F,XXXX,2,10,F,1,200009,1,"$62,920",7.5
DLLS,11,B,17,11,B,0110,1,GS-11,D,XXXX,8,15,F,1,200009,1,"$42,724",1.0
DLLS,25,B,17,09,A,0110,1,GS-09,C,XXXX,8,15,F,1,200009,1,"$35,851",0.1
DLLS,25,C,13,11,B,0110,1,GS-11,D,XXXX,8,15,F,1,200009,1,"$43,378",2.2
DLLS,25,I,13,12,I,0110,1,GS-12,F,XXXX,8,10,F,1,200009,1,"$64,118",32.9
DLLS,01,I,07,07,E,0119,3,GS-07,C,XXXX,8,10,P,2,200009,1,"$32,974",12.9
DLLS,11,H,21,12,D,0110,1,GS-12,E,XXXX,8,10,F,1,200009,1,"$52,911",7.1
DLLS,25,E,13,12,E,0110,1,GS-12,F,XXXX,8,10,F,1,200009,1,"$60,652",14.9
DLLS,11,J,21,13,G,0110,1,GS-13,G,XXXX,8,10,F,1,200009,1,"$79,155",23.2
DLLS,13,E,13,11,F,0110,1,GS-11,E,XXXX,8,10,F,1,200009,1,"$52,021",15.3
DLLS,25,F,13,12,F,0110,1,GS-12,E,XXXX,8,10,F,1,200009,1,"$58,920",16.3
DLLS,25,E,04,06,B,0119,3,GS-06,B,XXXX,8,15,P,2,200009,1,"$28,132",2.7
DLLS,11,I,18,14,I,0110,1,GM-14,I,XXXX,2,10,F,1,200009,1,"$93,537",31.0
DLLS,25,F,13,14,G,0110,1,GS-14,H,XXXX,2,10,F,1,200009,1,"$80,361",21.8
DLLS,25,H,13,05,B,0119,3,GS-05,B,XXXX,8,15,P,2,200009,1,"$24,449",1.6
DLLS,25,F,17,12,E,0110,1,GS-12,F,XXXX,8,10,F,1,200009,1,"$67,583",10.8
DLLS,11,B,**,09,B,0110,1,GS-09,C,XXXX,8,15,F,1,200009,1,"$35,310",1.0
DLLS,11,H,17,12,H,0110,1,GS-12,F,XXXX,8,10,F,1,200009,1,"$61,444",28.3
DLLS,25,F,13,12,F,0110,1,GS-12,F,XXXX,8,10,F,1,200009,1,"$62,385",16.8
DLLS,11,H,21,15,H,0110,1,GM-15,J,XXXX,2,10,F,1,200009,1,"$105,780",26.3
DLLS,25,G,17,12,E,0110,1,GS-12,F,XXXX,8,10,F,1,200009,1,"$64,118",14.9
DLLS,11,H,17,15,H,0110,1,GS-15,J,XXXX,2,10,F,1,200009,1,"$101,565",25.3
DLLS,25,D,13,12,D,0110,1,GS-12,E,XXXX,8,10,F,1,200009,1,"$53,721",6.4
DLLS,25,I,13,12,G,0110,1,GS-12,E,XXXX,8,10,F,1,200009,1,"$55,454",22.3
DLLS,11,E,17,11,D,0110,1,GS-11,D,XXXX,8,10,F,1,200009,1,"$44,148",9.0
DLLS,11,F,13,11,C,0110,1,GS-11,D,XXXX,8,15,F,1,200009,1,"$44,148",4.8
DLLS,25,K,18,13,J,0110,1,GM-13,H,XXXX,2,10,F,1,200009,1,"$80,367",43.4
DLLS,25,G,17,13,G,0110,1,GM-13,G,XXXX,2,10,F,1,200009,1,"$79,347",22.9
DLLS,25,I,18,15,I,0110,1,GS-15,J,XXXX,2,10,F,1,200009,1,"$103,120",32.4
DLLS,11,I,14,15,I,0110,1,GM-15,J,XXXX,2,10,F,1,200009,1,"$104,869",33.2
DLLS,04,H,17,07,H,0119,3,GS-07,C,XXXX,8,10,P,2,200009,1,"$36,741",27.4
DLLS,11,J,14,14,J,0110,1,GM-14,I,XXXX,2,10,F,1,200009,1,"$93,537",38.8
DLLS,11,G,11,15,H,0110,1,GM-15,J,XXXX,2,10,F,1,200009,1,"$103,371",28.3
DLLS,11,D,13,13,E,0110,1,GS-13,G,XXXX,8,10,P,2,200009,1,"$71,037",12.0
DLLS,12,K,04,07,E,0119,3,GS-07,C,XXXX,8,10,P,2,200009,1,"$33,906",12.8
DLLS,11,H,17,15,I,0110,1,GS-15,I,XXXX,2,10,F,1,200009,1,"$93,101",31.9
DLLS,25,H,13,12,H,0110,1,GS-12,E,XXXX,8,10,F,1,200009,1,"$57,187",25.8
DLLS,25,E,13,12,E,0110,1,GS-12,F,XXXX,8,10,F,1,200009,1,"$60,652",12.8
DLLS,11,F,13,12,G,0110,1,GS-12,E,XXXX,8,10,F,1,200009,1,"$56,324",22.3
DLLS,25,E,13,07,A,0110,1,GS-07,B,XXXX,8,15,F,1,200009,1,"$29,308",0.7
DLLS,25,E,13,12,E,0110,1,GS-12,F,XXXX,8,10,F,1,200009,1,"$62,385",14.7
DLLS,25,F,13,12,E,0110,1,GS-12,E,XXXX,8,10,F,1,200009,1,"$55,454",12.8
DLLS,29,H,17,12,H,0110,1,GS-12,F,XXXX,8,10,F,1,200009,1,"$65,569",29.0
DLLS,25,H,17,14,I,0110,1,GS-14,H,XXXX,2,10,F,1,200009,1,"$82,795",30.7
DLLS,11,G,22,15,E,0110,1,GM-15,J,XXXX,5,10,F,1,200009,1,"$101,565",14.2
DLLS,11,F,13,09,D,0110,1,GS-09,C,XXXX,8,15,F,1,200009,1,"$35,310",6.0
DLLS,25,K,13,07,C,0119,3,GS-07,C,XXXX,8,15,P,2,200009,1,"$31,261",3.5
DLLS,11,I,13,,J,0110,1,ES-05,M,XXXX,2,50,F,1,200009,1,"$130,200",35.0
DLLS,11,H,17,14,G,0110,1,GS-14,H,XXXX,2,10,F,1,200009,1,"$86,343",24.4
DLLS,11,D,13,13,E,0110,1,GS-13,F,XXXX,8,10,F,1,200009,1,"$64,949",13.2
DLLS,11,B,13,09,B,0110,1,GS-09,C,XXXX,8,15,F,1,200009,1,"$35,310",1.3
DLLS,11,B,13,07,A,0110,1,GS-07,B,XXXX,8,15,F,1,200009,1,"$28,866",0.2
DLLS,25,K,04,05,C,0119,3,GS-05,B,XXXX,8,20,P,2,200009,1,"$23,661",3.4
DLLS,48,K,10,06,C,0119,3,GS-06,C,XXXX,8,10,P,2,200009,1,"$30,077",4.2
DLLS,11,J,21,13,H,0110,1,GS-13,G,XXXX,8,10,F,1,200009,1,"$79,155",29.0
DLLS,25,H,04,06,C,0119,3,GS-06,B,XXXX,8,20,P,2,200009,1,"$25,435",3.3
DLLS,11,F,13,12,G,0110,1,GS-12,F,XXXX,8,10,F,1,200009,1,"$63,151",21.3
DLLS,13,C,13,07,C,0110,1,GS-07,B,XXXX,8,15,F,1,200009,1,"$28,498",4.2
DLLS,25,H,17,07,E,0119,3,GS-07,C,XXXX,8,10,P,2,200009,1,"$35,167",13.7
DLLS,25,D,13,13,E,0110,1,GS-13,F,XXXX,2,10,F,1,200009,1,"$65,944",10.3
DLLS,11,I,13,12,I,0110,1,GS-12,F,XXXX,8,10,F,1,200009,1,"$66,564",32.8
DLLS,11,F,13,12,E,0110,1,GS-12,E,XXXX,8,10,F,1,200009,1,"$52,911",10.5
DLLS,25,J,14,13,J,0110,1,GM-13,H,XXXX,2,10,F,1,200009,1,"$80,142",37.8
DLLS,25,E,13,09,B,0110,1,GS-09,C,XXXX,8,15,F,1,200009,1,"$35,851",1.7
DLLS,25,K,13,06,C,0119,3,GS-06,B,XXXX,8,10,P,2,200009,1,"$27,131",4.0
DLLS,11,E,17,12,D,0110,1,GS-12,E,XXXX,8,10,F,1,200009,1,"$52,911",7.1
DLLS,11,B,13,07,A,0110,1,GS-07,B,XXXX,8,15,F,1,200009,1,"$28,866",0.3
DLLS,25,F,13,14,G,0110,1,GS-14,H,XXXX,2,10,F,1,200009,1,"$82,795",21.9
DLLS,11,D,13,12,D,0110,1,GS-12,E,XXXX,8,10,F,1,200009,1,"$59,738",9.1
DLLS,11,D,13,13,E,0110,1,GS-13,F,XXXX,8,10,F,1,200009,1,"$66,979",10.3
DLLS,11,H,21,14,G,0110,1,GM-14,I,XXXX,2,10,F,1,200009,1,"$90,746",24.0
DLLS,11,B,13,07,A,0110,1,GS-07,B,XXXX,8,15,F,1,200009,1,"$28,866",0.3
DLLS,26,J,17,07,G,0119,3,GS-07,C,XXXX,8,10,P,2,200009,1,"$37,428",22.3
DLLS,09,I,13,07,E,0119,3,GS-07,C,XXXX,8,10,P,2,200009,1,"$34,354",12.6
DLLS,11,H,17,14,G,0110,1,GM-14,H,XXXX,2,10,F,1,200009,1,"$86,343",24.3
DLLS,11,F,13,15,F,0110,1,GS-15,I,XXXX,2,10,F,1,200009,1,"$95,923",19.7
DLLS,11,I,13,13,J,0110,1,GS-13,G,XXXX,8,10,F,1,200009,1,"$79,155",37.3
DLLS,11,I,17,13,G,0110,1,GS-13,G,XXXX,2,10,F,1,200009,1,"$79,155",20.9
DLLS,09,I,04,06,B,0119,3,GS-06,B,XXXX,8,20,P,2,200009,1,"$27,383",2.8
DLLS,11,G,14,13,H,0110,1,GS-13,G,XXXX,8,10,F,1,200009,1,"$77,126",28.1
DLLS,11,C,13,12,D,0110,1,GS-12,E,XXXX,8,15,F,1,200009,1,"$51,204",5.3
DLLS,36,I,13,07,E,0119,3,GS-07,C,XXXX,8,10,P,2,200009,1,"$36,591",14.5
DLLS,11,D,21,13,B,0110,1,GS-13,F,XXXX,8,15,F,1,200009,1,"$66,979",1.2
DLLS,06,I,08,07,F,0119,3,GS-07,C,XXXX,8,10,P,2,200009,1,"$33,915",18.8
DLLS,09,H,13,06,C,0119,3,GS-06,B,XXXX,8,10,P,2,200009,1,"$29,150",4.4
DLLS,11,G,13,12,H,0110,1,GS-12,F,XXXX,8,10,F,1,200009,1,"$61,444",26.4
DLLS,11,I,18,15,J,0110,1,GM-15,K,XXXX,2,10,F,1,200009,1,"$110,028",35.1
DLLS,11,H,21,15,H,0110,1,GS-15,I,XXXX,5,10,F,1,200009,1,"$98,744",28.3
DLLS,11,E,17,12,E,0110,1,GS-12,E,XXXX,8,10,F,1,200009,1,"$59,738",11.0
DLLS,11,D,13,13,E,0110,1,GS-13,F,XXXX,8,10,F,1,200009,1,"$60,890",11.6
DLLS,11,B,13,07,A,0110,1,GS-07,B,XXXX,8,15,F,1,200009,1,"$28,866",0.3
DLLS,09,K,17,07,D,0119,3,GS-07,C,XXXX,8,10,P,2,200009,1,"$33,373",6.9
DLLS,12,I,13,06,D,0119,3,GS-06,B,XXXX,8,10,P,2,200009,1,"$26,283",5.8
DLLS,11,H,14,13,H,0110,1,GS-13,G,XXXX,8,10,F,1,200009,1,"$71,037",25.5
DLLS,11,G,13,12,G,0110,1,GS-12,F,XXXX,8,10,F,1,200009,1,"$66,564",23.0
DLLS,11,E,17,12,E,0110,1,GS-12,E,XXXX,8,10,F,1,200009,1,"$54,618",12.0
DLLS,25,G,13,06,C,0119,3,GS-06,B,XXXX,8,15,P,2,200009,1,"$27,131",3.4
DLLS,11,C,13,12,C,0110,1,GS-12,E,XXXX,2,15,F,1,200009,1,"$51,204",3.7
DLLS,25,D,13,12,D,0110,1,GS-12,E,XXXX,8,10,F,1,200009,1,"$55,454",9.3
DLLS,13,I,13,13,H,0110,1,GS-13,F,XXXX,2,10,F,1,200009,1,"$64,121",26.6
DLLS,11,H,15,12,H,0110,1,GS-12,F,XXXX,8,10,F,1,200009,1,"$66,564",29.6
DLLS,25,G,13,07,F,0119,3,GS-07,C,XXXX,8,10,P,2,200009,1,"$36,741",18.3
DLLS,11,D,13,12,D,0110,1,GS-12,E,XXXX,8,10,F,1,200009,1,"$52,911",7.3
DLLS,36,G,13,13,H,0110,1,GM-13,G,XXXX,2,10,F,1,200009,1,"$78,239",26.4
DLLS,11,D,17,13,D,0110,1,GS-13,F,XXXX,8,10,F,1,200009,1,"$64,949",9.3
DLLS,11,H,17,13,G,0110,1,GS-13,G,XXXX,8,10,F,1,200009,1,"$75,096",24.8
DLLS,37,F,13,12,G,0110,1,GS-12,E,XXXX,8,10,F,1,200009,1,"$56,823",20.7
DLLS,11,G,21,13,D,0110,1,GS-13,F,XXXX,8,10,F,1,200009,1,"$64,949",6.6
DLLS,36,H,13,12,E,0110,1,GS-12,F,XXXX,8,10,F,1,200009,1,"$61,403",10.2
DLLS,11,C,13,11,B,0110,1,GS-11,D,XXXX,8,15,F,1,200009,1,"$42,724",2.3
DLLS,06,H,14,12,H,0110,1,GS-12,F,XXXX,8,10,F,1,200009,1,"$63,002",27.4
DLLS,36,E,13,07,E,0119,3,GS-07,C,XXXX,8,10,P,2,200009,1,"$38,568",11.3
DLLS,36,F,17,07,A,0110,1,GS-07,B,XXXX,8,15,F,1,200009,1,"$29,670",0.0
DLLS,45,J,04,07,F,0119,3,GS-07,C,XXXX,8,10,P,2,200009,1,"$35,799",19.3
DLLS,36,F,04,05,B,0119,3,GS-05,B,XXXX,8,20,P,2,200009,1,"$25,642",1.6
DLLS,11,K,17,14,J,0110,1,GM-14,I,XXXX,5,10,F,1,200009,1,"$93,537",38.4
DLLS,36,I,13,06,D,0119,3,GS-06,B,XXXX,8,10,P,2,200009,1,"$27,978",5.7
DLLS,36,D,17,07,D,0119,3,GS-07,C,XXXX,8,10,P,2,200009,1,"$38,568",9.0
DLLS,29,H,18,12,G,0110,1,GS-12,F,XXXX,8,10,F,1,200009,1,"$62,207",24.0
DLLS,11,H,13,13,G,0110,1,GS-13,G,XXXX,8,10,F,1,200009,1,"$73,067",22.3
DLLS,06,F,13,12,G,0110,1,GS-12,F,XXXX,8,10,F,1,200009,1,"$64,802",22.0
DLLS,25,C,13,11,C,0110,1,GS-11,D,XXXX,8,15,F,1,200009,1,"$44,824",3.6
DLLS,36,K,17,12,I,0110,1,GS-12,F,XXXX,8,10,F,1,200009,1,"$64,911",31.5
DLLS,11,E,13,12,F,0110,1,GS-12,E,XXXX,8,10,F,1,200009,1,"$54,618",17.3
DLLS,42,E,07,06,B,0119,3,GS-06,B,XXXX,8,15,P,2,200009,1,"$26,965",2.8
DLLS,11,G,13,13,H,0110,1,GM-13,G,XXXX,2,10,F,1,200009,1,"$75,104",25.6
DLLS,11,E,17,13,E,0110,1,GM-13,G,XXXX,2,10,F,1,200009,1,"$73,067",13.8
DLLS,11,F,17,12,E,0110,1,GS-12,E,XXXX,8,10,F,1,200009,1,"$56,324",12.0
DLLS,11,J,21,14,E,0110,1,GS-14,H,XXXX,2,10,F,1,200009,1,"$81,546",11.0
DLLS,36,G,13,12,G,0110,1,GS-12,E,XXXX,8,10,F,1,200009,1,"$59,649",21.3
DLLS,11,C,17,09,A,0110,1,GS-09,C,XXXX,8,15,F,1,200009,1,"$35,310",0.9
DLLS,11,H,17,13,I,0110,1,GS-13,G,XXXX,2,10,F,1,200009,1,"$77,126",31.1
DLLS,11,H,14,14,H,0110,1,GS-14,H,XXXX,2,10,F,1,200009,1,"$83,945",29.2
DLLS,11,D,17,13,C,0110,1,GS-13,F,XXXX,2,10,F,1,200009,1,"$60,890",3.5
DLLS,36,C,12,05,B,0119,3,GS-05,B,XXXX,8,20,P,2,200009,1,"$26,354",2.7
DLLS,11,I,18,13,J,0110,1,GS-13,G,XXXX,8,10,F,1,200009,1,"$79,155",35.1
DLLS,36,J,14,11,F,0110,1,GS-11,E,XXXX,8,10,F,1,200009,1,"$52,698",18.0
DLLS,11,G,13,12,H,0110,1,GS-12,E,XXXX,8,10,F,1,200009,1,"$51,204",25.8
DLLS,11,F,17,13,G,0110,1,GS-13,F,XXXX,8,10,F,1,200009,1,"$69,008",20.0
DLLS,11,I,18,,I,0110,1,ES-04,M,XXXX,2,50,F,1,200009,1,"$130,200",34.4
DLLS,36,I,13,12,F,0110,1,GS-12,F,XXXX,8,10,F,1,200009,1,"$63,157",16.4
DLLS,11,F,,11,B,0110,1,GS-11,D,XXXX,8,42,P,2,200009,1,"$42,724",2.6
DLLS,36,F,13,05,A,0119,3,GS-05,B,XXXX,8,15,P,2,200009,1,"$24,930",0.2
DLLS,27,K,13,07,F,0119,3,GS-07,C,XXXX,8,10,P,2,200009,1,"$35,618",18.6
DLLS,13,D,13,09,D,0110,1,GS-09,C,XXXX,8,10,F,1,200009,1,"$37,184",5.8
DLLS,36,K,09,07,E,0119,3,GS-07,C,XXXX,8,10,P,2,200009,1,"$34,613",14.9
DLLS,36,I,04,07,E,0119,3,GS-07,C,XXXX,8,10,P,2,200009,1,"$33,625",11.0
DLLS,36,E,13,12,E,0110,1,GS-12,E,XXXX,8,10,F,1,200009,1,"$59,649",11.2
DLLS,11,G,18,14,F,0110,1,GM-14,H,XXXX,2,10,P,2,200009,1,"$87,546",17.5
DLLS,36,D,13,07,C,0110,1,GS-07,B,XXXX,8,15,F,1,200009,1,"$29,670",4.2
DLLS,11,G,13,12,G,0110,1,GS-12,F,XXXX,8,10,F,1,200009,1,"$63,151",22.3
DLLS,11,C,17,11,C,0110,1,GS-11,D,XXXX,8,15,F,1,200009,1,"$42,724",3.3
DLLS,36,E,17,12,D,0110,1,GS-12,E,XXXX,8,10,F,1,200009,1,"$54,386",5.7
DLLS,12,E,04,07,D,0119,3,GS-07,B,XXXX,8,10,P,2,200009,1,"$28,265",6.8
DLLS,11,D,17,12,C,0110,1,GS-12,E,XXXX,8,10,F,1,200009,1,"$52,911",4.2
DLLS,11,D,13,11,D,0110,1,GS-11,D,XXXX,8,15,F,1,200009,1,"$42,724",5.6
DLLS,11,D,17,13,E,0110,1,GS-13,F,XXXX,8,10,F,1,200009,1,"$64,949",10.3
DLLS,11,G,13,12,G,0110,1,GS-12,F,XXXX,8,10,F,1,200009,1,"$63,151",21.3
DLLS,11,E,21,13,D,0110,1,GS-13,F,XXXX,8,10,F,1,200009,1,"$66,979",8.0
DLLS,36,F,14,12,D,0110,1,GS-12,E,XXXX,8,10,F,1,200009,1,"$54,386",5.6
DLLS,36,F,17,12,E,0110,1,GS-12,E,XXXX,8,10,F,1,200009,1,"$57,894",13.7
DLLS,36,E,13,12,E,0110,1,GS-12,F,XXXX,8,10,F,1,200009,1,"$61,403",11.8
DLLS,11,I,13,12,G,0110,1,GS-12,F,XXXX,8,10,F,1,200009,1,"$63,151",24.2
DLLS,11,I,13,12,E,0110,1,GS-12,E,XXXX,8,10,F,1,200009,1,"$54,618",14.8
DLLS,36,G,13,12,H,0110,1,GS-12,F,XXXX,8,10,F,1,200009,1,"$63,157",26.8
DLLS,42,G,13,14,H,0110,1,GS-14,H,XXXX,2,10,F,1,200009,1,"$81,920",25.3
DLLS,11,F,13,11,F,0110,1,GS-11,E,XXXX,8,10,F,1,200009,1,"$52,693",15.9
DLLS,06,J,17,06,B,0119,3,GS-06,B,XXXX,8,15,P,2,200009,1,"$27,755",2.5
DLLS,11,C,17,09,A,0110,1,GS-09,C,XXXX,8,15,F,1,200009,1,"$35,310",0.2
DLLS,36,J,15,12,I,0110,1,GS-12,F,XXXX,8,10,F,1,200009,1,"$63,157",31.3
DLLS,36,G,13,05,A,0119,3,GS-05,B,XXXX,8,15,P,2,200009,1,"$22,819",0.1
DLLS,36,C,04,05,A,0119,3,GS-05,B,XXXX,8,15,P,2,200009,1,"$24,930",0.0
DLLS,24,K,17,06,D,0119,3,GS-06,B,XXXX,8,10,P,2,200009,1,"$26,842",5.6
DLLS,36,I,13,06,D,0119,3,GS-06,B,XXXX,8,10,P,2,200009,1,"$29,378",7.9
DLLS,42,I,13,12,H,0110,1,GS-12,F,XXXX,8,10,F,1,200009,1,"$66,869",28.4
DLLS,06,H,13,12,G,0110,1,GS-12,F,XXXX,8,10,F,1,200009,1,"$66,602",23.6
DLLS,36,I,17,12,E,0110,1,GS-12,F,XXXX,8,10,F,1,200009,1,"$61,403",13.4
DLLS,11,C,13,11,B,0110,1,GS-11,D,XXXX,8,15,F,1,200009,1,"$42,724",2.3
DLLS,36,G,13,06,G,0119,3,GS-06,C,XXXX,8,10,P,2,200009,1,"$32,930",20.9
DLLS,36,E,13,12,F,0110,1,GS-12,E,XXXX,2,10,F,1,200009,1,"$54,386",15.2
DLLS,11,C,13,09,C,0110,1,GS-09,C,XXXX,8,15,F,1,200009,1,"$35,310",3.4
DLLS,48,D,13,12,D,0110,1,GS-12,E,XXXX,8,10,F,1,200009,1,"$54,387",9.3
DLLS,42,B,13,09,B,0110,1,GS-09,C,XXXX,8,15,F,1,200009,1,"$35,472",1.4
DLLS,36,I,13,13,I,0110,1,GM-13,H,XXXX,2,10,F,1,200009,1,"$81,362",34.6
DLLS,36,H,10,06,C,0119,3,GS-06,B,XXXX,8,15,P,2,200009,1,"$27,790",3.3
DLLS,11,F,14,14,G,0110,1,GS-14,G,XXXX,2,10,F,1,200009,1,"$79,148",20.0
DLLS,36,H,05,06,G,0119,3,GS-06,C,XXXX,8,10,P,2,200009,1,"$32,218",20.2
DLLS,11,E,13,13,E,0110,1,GS-13,F,XXXX,8,10,F,1,200009,1,"$64,949",12.3
DLLS,36,C,13,12,D,0110,1,GS-12,E,XXXX,8,10,F,1,200009,1,"$54,386",5.6
DLLS,36,I,13,13,J,0110,1,GM-13,H,XXXX,2,10,F,1,200009,1,"$81,362",37.2
DLLS,11,E,13,09,D,0110,1,GS-09,C,XXXX,8,10,F,1,200009,1,"$35,310",9.6
DLLS,11,C,17,07,A,0110,1,GS-07,B,XXXX,8,15,F,1,200009,1,"$28,866",0.3
DLLS,36,D,13,12,D,0110,1,GS-12,E,XXXX,8,10,F,1,200009,1,"$54,386",9.0
DLLS,11,G,13,13,G,0110,1,GS-13,F,XXXX,2,10,F,1,200009,1,"$66,979",24.3
DLLS,11,G,13,14,E,0110,1,GS-14,G,XXXX,2,10,F,1,200009,1,"$79,148",13.3
DLLS,36,I,13,12,J,0110,1,GS-12,F,XXXX,2,10,F,1,200009,1,"$66,666",35.9
DLLS,06,E,13,09,B,0110,1,GS-09,C,XXXX,8,15,F,1,200009,1,"$36,512",1.8
DLLS,11,H,14,14,H,0110,1,GM-14,H,XXXX,2,10,F,1,200009,1,"$87,744",28.0
DLLS,06,H,13,05,A,0119,3,GS-05,B,XXXX,8,15,P,2,200009,1,"$23,501",0.8
DLLS,36,E,17,12,B,0110,1,GS-12,E,XXXX,8,15,F,1,200009,1,"$52,632",2.7
DLLS,11,C,17,12,C,0110,1,GS-12,E,XXXX,8,10,F,1,200009,1,"$52,911",3.3
DLLS,36,F,04,05,A,0119,3,GS-05,B,XXXX,8,15,P,2,200009,1,"$24,930",0.0
DLLS,11,C,17,09,A,0110,1,GS-09,C,XXXX,8,15,F,1,200009,1,"$35,310",0.7
DLLS,11,F,17,12,E,0110,1,GS-12,F,XXXX,8,10,F,1,200009,1,"$61,444",14.9
DLLS,11,B,13,09,B,0110,1,GS-09,C,XXXX,8,15,F,1,200009,1,"$35,310",1.0
DLLS,36,D,04,05,A,0119,3,GS-05,B,XXXX,8,15,P,2,200009,1,"$24,930",0.2
DLLS,36,I,08,07,E,0119,3,GS-07,C,XXXX,8,10,P,2,200009,1,"$32,974",13.8
DLLS,36,E,13,05,B,0119,3,GS-05,B,XXXX,8,20,P,2,200009,1,"$26,354",2.7
DLLS,11,C,09,11,B,0110,1,GS-11,D,XXXX,8,15,F,1,200009,1,"$42,724",1.0
DLLS,36,K,04,07,F,0119,3,GS-07,C,XXXX,8,10,P,2,200009,1,"$33,915",15.3
DLLS,11,H,13,13,G,0110,1,GS-13,G,XXXX,8,10,F,1,200009,1,"$75,096",24.7
DLLS,36,I,17,05,A,0119,3,GS-05,B,XXXX,8,15,P,2,200009,1,"$24,930",0.5
DLLS,11,G,17,15,G,0110,1,GS-15,I,XXXX,2,10,F,1,200009,1,"$93,101",24.1
DLLS,06,F,17,12,F,0110,1,GS-12,F,XXXX,8,10,F,1,200009,1,"$63,535",15.2
DLLS,11,C,13,13,D,0110,1,GS-13,F,XXXX,8,10,F,1,200009,1,"$64,949",8.0
DLLS,36,C,13,07,A,0110,1,GS-07,B,XXXX,8,15,F,1,200009,1,"$29,670",0.0
DLLS,39,K,17,05,C,0119,3,GS-05,B,XXXX,8,15,P,2,200009,1,"$24,743",4.9
DLLS,06,I,17,12,G,0110,1,GS-12,E,XXXX,8,10,F,1,200009,1,"$59,403",23.0
DLLS,11,H,17,13,H,0110,1,GS-13,G,XXXX,8,10,F,1,200009,1,"$77,126",28.0
DLLS,13,F,13,12,G,0110,1,GS-12,F,XXXX,8,10,F,1,200009,1,"$65,716",20.7
DLLS,11,D,13,12,D,0110,1,GS-12,E,XXXX,8,10,F,1,200009,1,"$56,324",7.6
DLLS,11,G,21,13,G,0110,1,GS-13,G,XXXX,8,10,F,1,200009,1,"$79,155",22.2
DLLS,36,H,13,05,A,0119,3,GS-05,B,XXXX,8,15,P,2,200009,1,"$24,930",0.0
DLLS,36,D,13,12,D,0110,1,GS-12,E,XXXX,8,10,F,1,200009,1,"$57,894",9.1
DLLS,11,H,15,13,I,0110,1,GM-13,G,XXXX,2,10,F,1,200009,1,"$79,155",34.3
DLLS,36,G,18,12,E,0110,1,GS-12,E,XXXX,8,10,F,1,200009,1,"$59,649",13.3
DLLS,11,H,15,,I,0110,1,ES-01,K,XXXX,2,50,F,1,200009,1,"$115,811",30.5
DLLS,11,E,13,12,E,0110,1,GS-12,E,XXXX,8,10,F,1,200009,1,"$59,738",12.0
DLLS,11,E,17,13,E,0110,1,GS-13,F,XXXX,8,10,F,1,200009,1,"$66,979",13.0
DLLS,06,F,13,12,D,0110,1,GS-12,E,XXXX,8,10,F,1,200009,1,"$54,711",8.3
DLLS,11,B,13,11,B,0110,1,GS-11,D,XXXX,8,15,F,1,200009,1,"$42,724",2.3
DLLS,11,D,13,13,D,0110,1,GS-13,F,XXXX,2,10,F,1,200009,1,"$62,920",8.3
DLLS,11,G,17,15,G,0110,1,GS-15,I,XXXX,2,10,F,1,200009,1,"$93,101",20.0
DLLS,36,H,14,13,H,0110,1,GS-13,G,XXXX,8,10,F,1,200009,1,"$79,276",28.6
DLLS,36,G,13,12,H,0110,1,GS-12,F,XXXX,8,10,F,1,200009,1,"$63,157",26.9
DLLS,11,D,13,13,D,0110,1,GS-13,F,XXXX,8,10,F,1,200009,1,"$60,890",9.4
DLLS,11,B,13,07,A,0110,1,GS-07,B,XXXX,8,15,F,1,200009,1,"$28,866",0.3
DLLS,11,H,**,07,E,0110,1,GS-07,B,XXXX,8,15,F,1,200009,1,"$28,866",13.3
DLLS,11,G,13,13,G,0110,1,GS-13,G,XXXX,8,10,F,1,200009,1,"$73,067",20.5
DLLS,11,C,13,12,C,0110,1,GS-12,E,XXXX,8,10,F,1,200009,1,"$51,204",3.3
DLLS,11,B,13,09,B,0110,1,GS-09,C,XXXX,8,15,F,1,200009,1,"$35,310",1.0
DLLS,11,I,17,11,D,0110,1,GS-11,D,XXXX,8,10,F,1,200009,1,"$44,148",6.6
DLLS,11,D,13,12,D,0110,1,GS-12,E,XXXX,8,10,F,1,200009,1,"$54,618",9.6
DLLS,11,B,**,09,B,0110,1,GS-09,C,XXXX,8,15,F,1,200009,1,"$35,310",1.3
DLLS,42,J,13,15,J,0110,1,GM-15,J,XXXX,2,10,F,1,200009,1,"$109,535",40.7
DLLS,11,H,17,13,E,0110,1,GS-13,F,XXXX,8,10,F,1,200009,1,"$69,008",12.3
DLLS,11,F,21,14,E,0110,1,GS-14,H,XXXX,8,10,F,1,200009,1,"$83,945",12.9
DLLS,45,F,13,05,A,0119,3,GS-05,B,XXXX,8,15,P,2,200009,1,"$22,819",0.3
DLLS,36,D,13,13,D,0110,1,GS-13,F,XXXX,2,10,F,1,200009,1,"$62,588",8.3
DLLS,11,G,21,14,G,0110,1,GS-14,I,XXXX,8,10,F,1,200009,1,"$93,537",23.8
DLLS,11,E,17,12,D,0110,1,GS-12,E,XXXX,8,15,F,1,200009,1,"$52,911",7.0
DLLS,39,I,13,05,B,0119,3,GS-05,B,XXXX,8,15,P,2,200009,1,"$24,743",2.9
DLLS,12,H,04,07,D,0119,3,GS-07,C,XXXX,8,10,P,2,200009,1,"$31,090",6.3
DLLS,25,H,17,12,F,0110,1,GS-12,F,XXXX,8,10,F,1,200009,1,"$65,851",16.3
DLLS,11,G,17,15,H,0110,1,GM-15,J,XXXX,2,10,F,1,200009,1,"$103,859",26.1
DLLS,36,F,13,12,F,0110,1,GS-12,F,XXXX,8,10,F,1,200009,1,"$61,403",18.1
DLLS,36,G,13,12,H,0110,1,GS-12,F,XXXX,8,10,F,1,200009,1,"$64,911",25.3
DLLS,11,D,13,13,D,0110,1,GS-13,F,XXXX,8,10,F,1,200009,1,"$66,979",8.5
DLLS,11,I,17,14,H,0110,1,GM-14,I,XXXX,2,10,F,1,200009,1,"$93,537",29.3
DLLS,42,F,13,13,G,0110,1,GM-13,G,XXXX,2,10,F,1,200009,1,"$73,402",21.2
DLLS,11,C,13,09,B,0110,1,GS-09,C,XXXX,8,20,F,2,200009,1,"$35,310",1.4
DLLS,11,I,14,14,I,0110,1,GM-14,H,XXXX,2,10,F,1,200009,1,"$89,815",33.6
DLLS,13,G,13,09,D,0110,1,GS-09,C,XXXX,8,15,F,1,200009,1,"$34,860",5.6
DLLS,11,G,13,12,H,0110,1,GS-12,F,XXXX,8,10,F,1,200009,1,"$66,564",26.3
DLLS,36,G,13,12,H,0110,1,GS-12,F,XXXX,8,10,F,1,200009,1,"$63,157",26.5
DLLS,42,F,13,07,E,0110,1,GS-07,C,XXXX,8,10,F,1,200009,1,"$34,795",13.9
DLLS,11,D,21,12,A,0110,1,GS-12,F,XXXX,8,15,F,1,200009,1,"$63,151",0.0
DLLS,42,C,13,12,D,0110,1,GS-12,E,XXXX,2,10,F,1,200009,1,"$53,154",6.6
DLLS,11,F,13,14,F,0110,1,GM-14,H,XXXX,2,10,F,1,200009,1,"$83,945",16.3
DLLS,36,G,13,12,G,0110,1,GS-12,F,XXXX,8,10,F,1,200009,1,"$64,911",22.4
DLLS,36,E,17,12,E,0110,1,GS-12,E,XXXX,8,10,F,1,200009,1,"$59,649",12.2
DLLS,36,G,13,12,E,0110,1,GS-12,E,XXXX,8,10,F,1,200009,1,"$56,140",13.7
DLLS,36,I,14,15,I,0110,1,GS-15,J,XXXX,2,10,F,1,200009,1,"$104,396",32.8
DLLS,11,H,14,13,H,0110,1,GS-13,F,XXXX,8,10,F,1,200009,1,"$66,979",26.4
DLLS,11,E,13,13,E,0110,1,GS-13,F,XXXX,8,15,F,1,200009,1,"$62,920",10.7
DLLS,11,D,17,12,D,0110,1,GS-12,E,XXXX,8,10,F,1,200009,1,"$54,618",5.2
DLLS,29,F,13,13,G,0110,1,GM-13,G,XXXX,4,10,F,1,200009,1,"$73,981",21.3
DLLS,11,D,17,12,C,0110,1,GS-12,E,XXXX,8,15,F,1,200009,1,"$54,618",3.4
DLLS,11,J,17,15,H,0110,1,GS-15,K,XXXX,8,10,F,1,200009,1,"$110,028",26.0
DLLS,11,F,17,12,E,0110,1,GS-12,E,XXXX,8,10,F,1,200009,1,"$56,324",11.3
DLLS,11,G,17,13,G,0110,1,GS-13,G,XXXX,8,10,F,1,200009,1,"$75,096",22.2
DLLS,11,B,,09,A,0110,1,GS-09,C,XXXX,8,42,P,2,200009,1,"$35,310",0.6
DLLS,36,G,04,06,B,0119,3,GS-06,B,XXXX,8,15,P,2,200009,1,"$27,790",2.7
DLLS,11,F,13,13,F,0110,1,GM-13,G,XXXX,2,10,F,1,200009,1,"$73,067",16.8
DLLS,42,D,13,12,C,0110,1,GS-12,E,XXXX,8,10,F,1,200009,1,"$51,439",3.3
DLLS,11,G,13,14,G,0110,1,GS-14,H,XXXX,2,10,F,1,200009,1,"$86,343",23.1
DLLS,36,G,14,12,G,0110,1,GS-12,F,XXXX,8,10,F,1,200009,1,"$68,420",24.7
DLLS,42,F,04,11,G,0110,1,GS-11,D,XXXX,8,10,F,1,200009,1,"$44,350",21.3
DLLS,11,D,17,12,D,0110,1,GS-12,E,XXXX,8,10,F,1,200009,1,"$54,618",7.2
DLLS,36,I,13,12,I,0110,1,GS-12,F,XXXX,8,10,F,1,200009,1,"$68,420",34.2
DLLS,02,H,14,07,F,0119,3,GS-07,C,XXXX,8,10,P,2,200009,1,"$32,644",17.3
DLLS,06,G,13,12,G,0110,1,GS-12,F,XXXX,8,10,F,1,200009,1,"$64,802",22.0
DLLS,11,G,17,13,G,0110,1,GS-13,G,XXXX,8,10,F,1,200009,1,"$75,096",23.0
DLLS,36,F,07,06,C,0119,3,GS-06,B,XXXX,8,10,P,2,200009,1,"$28,584",4.9
DLLS,11,D,13,12,C,0110,1,GS-12,E,XXXX,8,15,F,1,200009,1,"$51,204",3.3
DLLS,11,J,19,14,J,0110,1,GS-14,H,XXXX,2,10,F,1,200009,1,"$88,741",35.5
DLLS,36,J,13,06,C,0119,3,GS-06,B,XXXX,8,15,P,2,200009,1,"$27,790",3.3
DLLS,36,J,04,06,G,0119,3,GS-06,C,XXXX,8,10,P,2,200009,1,"$34,710",21.8
DLLS,11,J,17,12,F,0110,1,GS-12,E,XXXX,8,10,F,1,200009,1,"$52,911",16.2
DLLS,11,D,13,12,D,0110,1,GS-12,E,XXXX,8,10,F,1,200009,1,"$56,324",9.3
DLLS,09,K,13,07,H,0119,3,GS-07,C,XXXX,8,10,P,2,200009,1,"$37,579",26.5
DLLS,36,I,13,11,G,0110,1,GS-11,E,XXXX,8,10,F,1,200009,1,"$51,234",24.3
DLLS,11,F,13,13,G,0110,1,GS-13,G,XXXX,8,10,F,1,200009,1,"$77,126",20.0
DLLS,11,H,14,12,I,0110,1,GS-12,F,XXXX,8,10,F,1,200009,1,"$66,564",30.2
DLLS,09,J,04,07,H,0119,3,GS-07,C,XXXX,8,10,P,2,200009,1,"$38,568",25.1
DLLS,11,D,13,12,D,0110,1,GS-12,E,XXXX,8,10,F,1,200009,1,"$59,738",9.2
DLLS,11,F,13,07,D,0119,3,GS-07,C,XXXX,8,10,P,2,200009,1,"$32,713",9.3
DLLS,11,F,13,13,E,0110,1,GS-13,F,XXXX,8,10,F,1,200009,1,"$69,008",12.2
DLLS,36,F,13,12,F,0110,1,GS-12,F,XXXX,8,10,F,1,200009,1,"$63,157",18.4
DLLS,11,F,04,06,G,0119,3,GS-06,C,XXXX,8,10,F,1,200009,1,"$32,037",20.8
DLLS,41,D,13,12,D,0110,1,GS-12,E,XXXX,8,10,F,1,200009,1,"$52,916",8.4
DLLS,50,I,13,06,C,0119,3,GS-06,B,XXXX,8,15,P,2,200009,1,"$27,131",3.4
DLLS,11,D,21,13,D,0110,1,GS-13,F,XXXX,8,10,F,1,200009,1,"$69,008",5.0
DLLS,11,I,14,15,H,0110,1,GM-15,K,XXXX,2,10,F,1,200009,1,"$110,028",25.6
DLLS,11,E,13,13,E,0110,1,GS-13,F,XXXX,8,10,P,2,200009,1,"$69,008",13.0
DLLS,11,C,13,12,C,0110,1,GS-12,E,XXXX,8,10,F,1,200009,1,"$51,204",4.3
DLLS,42,K,04,07,E,0119,3,GS-07,C,XXXX,8,10,P,2,200009,1,"$33,829",14.9
DLLS,06,H,13,12,H,0110,1,GS-12,F,XXXX,4,10,F,1,200009,1,"$63,002",28.5
DLLS,11,H,13,14,G,0110,1,GM-14,H,XXXX,2,10,F,1,200009,1,"$86,215",23.7
DLLS,21,G,13,12,G,0110,1,GS-12,E,XXXX,8,10,F,1,200009,1,"$51,810",22.1
DLLS,11,G,14,14,H,0110,1,GM-14,H,XXXX,2,10,F,1,200009,1,"$89,743",26.8
DLLS,11,F,17,09,A,0110,1,GS-09,C,XXXX,8,15,F,1,200009,1,"$35,310",0.3
DLLS,42,H,17,12,H,0110,1,GS-12,F,XXXX,8,10,F,1,200009,1,"$66,869",26.0
DLLS,42,G,04,12,H,0110,1,GS-12,F,XXXX,8,10,F,1,200009,1,"$61,726",29.8
DLLS,11,C,13,12,D,0110,1,GS-12,E,XXXX,8,10,F,1,200009,1,"$52,911",7.7
DLLS,42,D,13,12,E,0110,1,GS-12,F,XXXX,8,10,F,1,200009,1,"$60,011",11.0
DLLS,11,H,14,12,I,0110,1,GS-12,F,XXXX,8,10,F,1,200009,1,"$66,564",32.3
DLLS,11,K,21,12,G,0110,1,GS-12,F,XXXX,8,10,F,1,200009,1,"$66,564",20.1
DLLS,42,J,17,14,J,0110,1,GM-14,I,XXXX,2,10,F,1,200009,1,"$93,965",38.8
DLLS,42,K,04,07,F,0119,3,GS-07,C,XXXX,8,10,P,2,200009,1,"$32,974",19.9
DLLS,11,F,13,14,G,0110,1,GM-14,H,XXXX,2,10,F,1,200009,1,"$87,546",22.4
DLLS,17,E,17,12,E,0110,1,GS-12,F,XXXX,8,10,F,1,200009,1,"$62,819",13.5
DLLS,42,B,04,07,A,0110,1,GS-07,B,XXXX,8,15,F,1,200009,1,"$28,998",0.1
DLLS,42,J,13,12,F,0110,1,GS-12,E,XXXX,8,10,F,1,200009,1,"$57,265",16.0
DLLS,11,I,18,15,J,0110,1,GS-15,K,XXXX,2,10,F,1,200009,1,"$110,028",37.1
DLLS,11,H,14,14,H,0110,1,GS-14,H,XXXX,2,10,F,1,200009,1,"$86,343",28.8
DLLS,11,F,17,13,E,0110,1,GS-13,F,XXXX,8,10,P,2,200009,1,"$64,949",13.4
DLLS,42,K,04,06,E,0119,3,GS-06,C,XXXX,8,10,P,2,200009,1,"$30,444",12.8
DLLS,11,E,13,13,E,0110,1,GS-13,F,XXXX,8,10,F,1,200009,1,"$64,949",12.1
DLLS,11,D,13,12,D,0110,1,GS-12,E,XXXX,8,10,P,2,200009,1,"$54,618",9.3
DLLS,42,H,04,07,D,0119,3,GS-07,C,XXXX,8,10,P,2,200009,1,"$31,897",8.9
DLLS,11,G,17,13,F,0110,1,GS-13,F,XXXX,8,10,P,2,200009,1,"$64,949",16.3
DLLS,11,G,14,15,G,0110,1,GS-15,I,XXXX,2,10,F,1,200009,1,"$93,101",24.0
DLLS,11,E,13,13,E,0110,1,GS-13,F,XXXX,2,10,F,1,200009,1,"$62,920",10.8
DLLS,11,I,,11,D,0110,1,GS-11,D,XXXX,8,42,P,2,200009,1,"$42,724",6.3
DLLS,24,D,13,12,D,0110,1,GS-12,E,XXXX,8,10,F,1,200009,1,"$54,618",9.5
DLLS,11,D,13,12,D,0110,1,GS-12,E,XXXX,8,15,F,1,200009,1,"$51,204",7.3
DLLS,06,K,10,07,D,0119,3,GS-07,C,XXXX,8,10,P,2,200009,1,"$31,837",9.3
DLLS,24,I,04,12,F,0110,1,GS-12,E,XXXX,2,10,F,1,200009,1,"$52,911",16.2
DLLS,11,D,13,12,D,0110,1,GS-12,E,XXXX,8,10,F,1,200009,1,"$52,911",8.2
DLLS,11,F,17,12,E,0110,1,GS-12,E,XXXX,8,10,F,1,200009,1,"$59,738",12.3
DLLS,11,F,04,06,G,0119,3,GS-06,C,XXXX,8,10,F,1,200009,1,"$32,037",21.2
DLLS,42,H,13,12,I,0110,1,GS-12,F,XXXX,8,10,F,1,200009,1,"$65,155",33.2
DLLS,11,E,13,14,E,0110,1,GS-14,H,XXXX,2,10,F,1,200009,1,"$81,546",14.8
DLLS,11,H,14,14,H,0110,1,GM-14,I,XXXX,2,10,F,1,200009,1,"$92,887",28.1
DLLS,42,H,13,12,H,0110,1,GS-12,F,XXXX,8,10,F,1,200009,1,"$66,869",25.0
DLLS,11,D,13,13,D,0110,1,GS-13,F,XXXX,8,10,F,1,200009,1,"$62,920",8.5
DLLS,11,H,14,13,I,0110,1,GS-13,G,XXXX,8,10,F,1,200009,1,"$75,096",32.3
DLLS,11,E,21,13,A,0110,1,GS-13,G,XXXX,8,15,F,1,200009,1,"$71,037",0.1
DLLS,11,D,13,07,B,0110,1,GS-07,B,XXXX,8,15,F,1,200009,1,"$28,866",1.7
DLLS,12,G,10,07,H,0119,3,GS-07,C,XXXX,8,10,P,2,200009,1,"$36,741",25.2
DLLS,42,F,13,14,G,0110,1,GS-14,G,XXXX,2,10,F,1,200009,1,"$79,511",21.9
DLLS,11,G,17,14,G,0110,1,GM-14,H,XXXX,2,10,F,1,200009,1,"$86,352",21.8
DLLS,11,E,22,12,D,0110,1,GS-12,E,XXXX,8,10,F,1,200009,1,"$58,031",6.9
DLLS,11,E,17,13,E,0110,1,GS-13,F,XXXX,8,10,F,1,200009,1,"$60,890",10.3
DLLS,11,D,13,12,E,0110,1,GS-12,E,XXXX,8,10,F,1,200009,1,"$56,324",10.4
DLLS,11,D,17,13,D,0110,1,GS-13,F,XXXX,8,10,F,1,200009,1,"$66,979",8.3
DLLS,42,H,04,05,D,0119,3,GS-05,B,XXXX,8,15,P,2,200009,1,"$29,661",7.8
DLLS,11,F,17,14,F,0110,1,GS-14,H,XXXX,8,10,F,1,200009,1,"$83,945",17.2
DLLS,42,E,13,12,E,0110,1,GS-12,F,XXXX,8,10,F,1,200009,1,"$60,011",11.3
DLLS,06,F,17,11,B,0110,1,GS-11,D,XXXX,8,15,F,1,200009,1,"$44,177",2.4
DLLS,42,H,14,13,I,0110,1,GM-13,G,XXXX,2,10,F,1,200009,1,"$79,518",30.3
DLLS,11,D,13,14,D,0110,1,GS-14,G,XXXX,2,10,F,1,200009,1,"$71,954",9.0
DLLS,42,I,14,13,I,0110,1,GM-13,G,XXXX,2,10,F,1,200009,1,"$79,518",30.5
DLLS,42,H,14,13,I,0110,1,GM-13,G,XXXX,2,10,F,1,200009,1,"$76,470",30.6
DLLS,11,F,13,13,F,0110,1,GS-13,G,XXXX,8,10,F,1,200009,1,"$71,037",17.9
DLLS,11,C,13,07,A,0110,1,GS-07,B,XXXX,8,15,F,1,200009,1,"$28,866",0.3
DLLS,11,D,13,13,E,0110,1,GS-13,F,XXXX,2,10,F,1,200009,1,"$66,979",10.2
DLLS,12,K,13,07,F,0119,3,GS-07,C,XXXX,8,10,P,2,200009,1,"$34,875",16.3
DLLS,11,D,13,12,D,0110,1,GS-12,E,XXXX,8,10,F,1,200009,1,"$56,324",9.3
DLLS,42,F,13,12,E,0110,1,GS-12,E,XXXX,8,10,F,1,200009,1,"$54,868",12.0
DLLS,11,D,13,11,C,0110,1,GS-11,D,XXXX,8,10,F,1,200009,1,"$44,148",3.3
DLLS,42,K,13,06,C,0119,3,GS-06,B,XXXX,8,10,P,2,200009,1,"$26,283",3.2
DLLS,11,G,13,12,E,0110,1,GS-12,E,XXXX,8,10,F,1,200009,1,"$56,324",13.4
DLLS,42,B,13,07,A,0110,1,GS-07,B,XXXX,8,15,F,1,200009,1,"$28,998",0.1
DLLS,42,K,04,07,G,0119,3,GS-07,C,XXXX,8,10,P,2,200009,1,"$35,128",22.8
DLLS,11,I,13,12,F,0110,1,GS-12,E,XXXX,8,10,F,1,200009,1,"$56,324",16.0
DLLS,12,I,03,07,E,0119,3,GS-07,C,XXXX,8,10,F,1,200009,1,"$32,974",14.7
DLLS,11,F,13,14,E,0110,1,GS-14,G,XXXX,2,10,F,1,200009,1,"$74,352",12.8
DLLS,42,E,10,05,E,0119,3,GS-05,B,XXXX,8,10,P,2,200009,1,"$29,126",10.8
DLLS,11,B,13,09,B,0110,1,GS-09,C,XXXX,8,15,F,1,200009,1,"$35,310",1.3
DLLS,26,J,13,05,B,0119,3,GS-05,B,XXXX,8,15,P,2,200009,1,"$25,447",2.6
DLLS,42,H,13,12,H,0110,1,GS-12,F,XXXX,8,10,F,1,200009,1,"$65,155",26.2
DLLS,11,F,17,13,E,0110,1,GS-13,F,XXXX,8,10,F,1,200009,1,"$66,979",13.3
DLLS,11,E,13,13,F,0110,1,GS-13,G,XXXX,8,10,F,1,200009,1,"$73,067",16.0
DLLS,11,D,13,12,D,0110,1,GS-12,E,XXXX,8,10,F,1,200009,1,"$56,324",9.8
DLLS,11,B,13,07,A,0110,1,GS-07,B,XXXX,8,15,F,1,200009,1,"$28,866",0.8
DLLS,11,F,13,13,F,0110,1,GS-13,F,XXXX,8,10,F,1,200009,1,"$64,949",15.3
DLLS,42,B,13,07,A,0110,1,GS-07,B,XXXX,8,15,F,1,200009,1,"$28,998",0.0
DLLS,42,D,13,12,D,0110,1,GS-12,E,XXXX,8,10,F,1,200009,1,"$52,212",7.1
DLLS,42,G,13,12,H,0110,1,GS-12,F,XXXX,8,10,F,1,200009,1,"$63,507",27.0
DLLS,42,I,15,13,I,0110,1,GM-13,G,XXXX,4,10,F,1,200009,1,"$79,518",32.0
DLLS,11,E,17,14,E,0110,1,GS-14,G,XXXX,8,10,F,1,200009,1,"$74,352",10.4
DLLS,11,B,13,07,A,0110,1,GS-07,B,XXXX,8,15,F,1,200009,1,"$28,866",0.2
DLLS,06,E,13,12,D,0110,1,GS-12,E,XXXX,8,10,F,1,200009,1,"$54,711",9.3
DLLS,42,D,13,13,D,0110,1,GS-13,F,XXXX,2,10,F,1,200009,1,"$63,208",9.3
DLLS,11,E,13,12,E,0110,1,GS-12,E,XXXX,8,10,F,1,200009,1,"$56,324",12.3
DLLS,42,F,13,12,F,0110,1,GS-12,F,XXXX,8,10,F,1,200009,1,"$61,726",18.9
DLLS,11,B,13,09,B,0110,1,GS-09,C,XXXX,8,30,F,1,200009,1,"$35,310",1.3
DLLS,42,I,08,07,E,0119,3,GS-07,C,XXXX,8,10,P,2,200009,1,"$33,230",11.4
DLLS,42,F,13,12,G,0110,1,GS-12,F,XXXX,8,10,F,1,200009,1,"$65,155",21.2
DLLS,18,D,13,12,C,0110,1,GS-12,E,XXXX,8,10,F,1,200009,1,"$50,237",4.2
DLLS,06,E,17,13,D,0110,1,GS-13,F,XXXX,2,10,F,1,200009,1,"$64,218",9.4
DLLS,42,J,04,07,I,0119,3,GS-07,C,XXXX,8,10,P,2,200009,1,"$33,915",30.4
DLLS,11,D,13,13,D,0110,1,GS-13,F,XXXX,8,10,F,1,200009,1,"$64,949",9.6
DLLS,42,I,04,07,C,0119,3,GS-07,B,XXXX,8,10,P,2,200009,1,"$29,433",4.3
DLLS,39,G,04,07,G,0119,3,GS-07,C,XXXX,8,99,P,2,200009,1,"$35,272",21.2
DLLS,42,F,17,07,F,0110,1,GS-07,C,XXXX,8,15,F,1,200009,1,"$37,694",19.4
DLLS,11,F,14,13,F,0110,1,GS-13,G,XXXX,2,10,F,1,200009,1,"$73,067",18.1
DLLS,11,B,13,07,A,0110,1,GS-07,B,XXXX,8,15,F,1,200009,1,"$28,866",0.0
DLLS,11,B,13,07,A,0110,1,GS-07,B,XXXX,8,15,F,1,200009,1,"$28,866",0.2
DLLS,11,E,21,12,C,0110,1,GS-12,E,XXXX,8,15,F,1,200009,1,"$51,204",3.2
DLLS,11,B,13,11,B,0110,1,GS-11,D,XXXX,8,15,F,1,200009,1,"$42,724",2.3
DLLS,11,D,17,12,C,0110,1,GS-12,E,XXXX,8,15,F,1,200009,1,"$52,911",3.0
DLLS,42,H,13,07,E,0119,3,GS-07,C,XXXX,8,10,P,2,200009,1,"$34,179",14.8
DLLS,13,F,13,12,G,0110,1,GS-12,E,XXXX,8,10,F,1,200009,1,"$58,976",20.5
DLLS,42,B,13,07,A,0110,1,GS-07,B,XXXX,8,15,F,1,200009,1,"$28,998",0.1
DLLS,42,K,04,06,F,0119,3,GS-06,C,XXXX,8,10,P,2,200009,1,"$30,444",15.4
DLLS,42,G,08,12,G,0110,1,GS-12,F,XXXX,8,10,F,1,200009,1,"$63,440",22.9
DLLS,42,D,13,12,F,0110,1,GS-12,E,XXXX,2,10,F,1,200009,1,"$54,868",15.8
DLLS,11,D,13,13,E,0110,1,GS-13,F,XXXX,8,10,F,1,200009,1,"$66,979",11.1
DLLS,11,B,13,07,A,0110,1,GS-07,B,XXXX,8,15,F,1,200009,1,"$28,866",0.3
DLLS,11,B,13,09,B,0110,1,GS-09,C,XXXX,8,15,F,1,200009,1,"$35,310",1.2
DLLS,11,D,13,12,E,0110,1,GS-12,E,XXXX,8,10,F,1,200009,1,"$56,324",13.3
DLLS,42,B,04,09,B,0110,1,GS-09,C,XXXX,8,15,F,1,200009,1,"$35,472",2.3
DLLS,42,I,04,05,C,0119,3,GS-05,B,XXXX,8,15,P,2,200009,1,"$24,971",3.2
DLLS,13,I,13,12,D,0110,1,GS-12,E,XXXX,8,10,F,1,200009,1,"$53,922",7.9
DLLS,11,G,13,12,G,0110,1,GS-12,F,XXXX,8,10,F,1,200009,1,"$66,564",23.9
DLLS,11,B,13,12,C,0110,1,GS-12,E,XXXX,8,10,P,2,200009,1,"$51,204",3.3
DLLS,11,F,17,09,B,0110,1,GS-09,C,XXXX,8,15,F,1,200009,1,"$35,310",2.2
DLLS,42,F,17,06,D,0119,3,GS-06,B,XXXX,8,10,P,2,200009,1,"$28,704",5.4
DLLS,11,E,17,11,B,0110,1,GS-11,D,XXXX,8,15,F,1,200009,1,"$42,724",2.6
DLLS,11,C,13,09,B,0110,1,GS-09,C,XXXX,8,15,F,1,200009,1,"$35,310",1.2
DLLS,11,C,04,06,D,0119,3,GS-06,C,XXXX,8,10,F,1,200009,1,"$31,171",9.8
DLLS,11,B,13,07,A,0110,1,GS-07,B,XXXX,8,15,F,1,200009,1,"$28,866",0.3
DLLS,13,G,13,13,G,0110,1,GS-13,F,XXXX,2,10,F,1,200009,1,"$68,128",22.8
DLLS,11,H,13,13,G,0110,1,GS-13,G,XXXX,8,10,F,1,200009,1,"$73,067",24.8
DLLS,11,F,13,12,F,0110,1,GS-12,E,XXXX,8,10,F,1,200009,1,"$59,738",17.5
DLLS,11,D,13,12,E,0110,1,GS-12,E,XXXX,8,10,F,1,200009,1,"$58,031",12.2
DLLS,11,G,04,11,D,0110,1,GS-11,D,XXXX,8,10,F,1,200009,1,"$42,724",9.3
DLLS,11,G,13,13,H,0110,1,GS-13,G,XXXX,8,10,F,1,200009,1,"$73,067",25.5
DLLS,11,G,13,12,H,0110,1,GS-12,E,XXXX,8,10,F,1,200009,1,"$59,738",25.4
DLLS,11,F,13,12,E,0110,1,GS-12,F,XXXX,8,10,F,1,200009,1,"$61,444",13.7
DLLS,11,G,13,12,E,0110,1,GS-12,F,XXXX,8,10,F,1,200009,1,"$61,444",13.0
DLLS,11,F,17,13,F,0110,1,GS-13,F,XXXX,8,10,F,1,200009,1,"$69,008",18.1
DLLS,24,F,13,12,F,0110,1,GS-12,E,XXXX,8,10,F,1,200009,1,"$59,738",17.3
DLLS,11,F,08,06,E,0119,3,GS-06,C,XXXX,8,10,F,1,200009,1,"$32,903",13.2
DLLS,11,E,13,13,F,0110,1,GS-13,G,XXXX,8,10,F,1,200009,1,"$73,067",15.4
DLLS,11,E,**,06,F,0119,3,GS-06,C,XXXX,8,10,F,1,200009,1,"$30,305",15.1
DLLS,11,C,17,12,C,0110,1,GS-12,E,XXXX,8,10,F,1,200009,1,"$52,911",4.0
DLLS,11,D,13,12,D,0110,1,GS-12,E,XXXX,8,10,F,1,200009,1,"$52,911",5.8
DLLS,11,C,13,12,D,0110,1,GS-12,E,XXXX,8,10,F,1,200009,1,"$52,911",5.4
DLLS,11,B,13,12,C,0110,1,GS-12,E,XXXX,8,10,F,1,200009,1,"$51,204",3.2
DLLS,11,B,13,11,B,0110,1,GS-11,D,XXXX,8,15,F,1,200009,1,"$42,724",2.3
DLLS,11,C,13,12,C,0110,1,GS-12,E,XXXX,8,10,F,1,200009,1,"$52,911",4.2
DLLS,11,I,14,12,I,0110,1,GS-12,F,XXXX,8,10,F,1,200009,1,"$66,564",30.8
DLLS,11,H,13,12,I,0110,1,GS-12,E,XXXX,8,10,F,1,200009,1,"$59,738",31.6
DLLS,11,H,13,07,H,0119,3,GS-07,C,XXXX,8,10,P,2,200009,1,"$35,598",25.5
DLLS,11,H,14,14,H,0110,1,GM-14,H,XXXX,2,10,F,1,200009,1,"$88,018",29.6
DLLS,11,H,14,14,H,0110,1,GS-14,H,XXXX,8,10,F,1,200009,1,"$88,741",28.1
DLLS,11,H,14,14,I,0110,1,GM-14,I,XXXX,2,10,F,1,200009,1,"$91,647",31.1
DLLS,11,H,13,14,I,0110,1,GS-14,H,XXXX,8,10,F,1,200009,1,"$81,546",30.7
DLLS,11,E,13,13,F,0110,1,GS-13,G,XXXX,8,10,F,1,200009,1,"$73,067",16.1
DLLS,11,F,13,12,F,0110,1,GS-12,F,XXXX,8,10,P,2,200009,1,"$61,444",19.0
DLLS,11,E,13,12,F,0110,1,GS-12,E,XXXX,8,10,F,1,200009,1,"$59,738",15.0
DLLS,11,C,13,12,C,0110,1,GS-12,E,XXXX,8,15,F,1,200009,1,"$52,911",4.3
DLLS,11,E,13,12,F,0110,1,GS-12,E,XXXX,8,10,F,1,200009,1,"$59,738",18.8
DLLS,11,F,13,12,E,0110,1,GS-12,E,XXXX,8,10,F,1,200009,1,"$56,324",14.7
DLLS,11,D,13,13,D,0110,1,GS-13,F,XXXX,2,10,F,1,200009,1,"$60,890",5.5
DLLS,24,E,13,05,C,0119,3,GS-05,B,XXXX,8,15,P,2,200009,1,"$24,857",3.3
DLLS,11,C,13,12,D,0110,1,GS-12,E,XXXX,8,10,F,1,200009,1,"$54,618",7.6
DLLS,11,D,13,14,E,0110,1,GS-14,G,XXXX,8,10,F,1,200009,1,"$71,954",11.3
DLLS,11,D,13,12,C,0110,1,GS-12,E,XXXX,8,10,F,1,200009,1,"$51,204",3.2
DLLS,11,B,,04,A,0119,3,GS-04,B,XXXX,8,42,P,2,200009,1,"$21,648",0.3
DLLS,11,D,13,12,E,0110,1,GS-12,E,XXXX,8,10,F,1,200009,1,"$56,324",10.2
DLLS,11,D,13,12,D,0110,1,GS-12,E,XXXX,8,10,F,1,200009,1,"$52,911",6.1
DLLS,11,B,13,07,A,0110,1,GS-07,B,XXXX,8,15,F,1,200009,1,"$28,866",0.3
DLLS,11,D,13,12,D,0110,1,GS-12,E,XXXX,8,10,P,2,200009,1,"$54,618",8.8
DLLS,11,D,17,11,B,0110,1,GS-11,D,XXXX,8,15,F,1,200009,1,"$42,724",2.4
DLLS,11,I,14,13,H,0110,1,GS-13,G,XXXX,8,10,F,1,200009,1,"$77,126",28.3
DLLS,11,G,13,14,H,0110,1,GM-14,H,XXXX,5,10,F,1,200009,1,"$88,749",25.8
DLLS,11,H,13,14,H,0110,1,GM-14,H,XXXX,2,10,F,1,200009,1,"$89,830",29.4
DLLS,11,H,14,,H,0110,1,ES-02,L,XXXX,2,50,F,1,200009,1,"$121,264",29.1
DLLS,11,H,11,14,H,0110,1,GS-14,H,XXXX,2,10,F,1,200009,1,"$81,546",26.4
DLLS,42,E,13,12,E,0110,1,GS-12,E,XXXX,8,10,F,1,200009,1,"$53,896",13.3
DLLS,11,G,17,13,H,0110,1,GS-13,G,XXXX,8,10,F,1,200009,1,"$75,096",28.4
DLLS,24,G,04,05,A,0119,3,GS-05,B,XXXX,8,15,P,2,200009,1,"$23,304",0.2
DLLS,11,G,14,13,H,0110,1,GS-13,G,XXXX,8,10,F,1,200009,1,"$77,126",27.2
DLLS,24,G,13,12,G,0110,1,GS-12,F,XXXX,8,10,F,1,200009,1,"$64,857",21.9
DLLS,11,E,17,09,A,0110,1,GS-09,C,XXXX,8,15,F,1,200009,1,"$35,310",0.0
DLLS,11,C,13,11,B,0110,1,GS-11,D,XXXX,8,15,F,1,200009,1,"$42,724",2.8
DLLS,11,B,13,11,B,0110,1,GS-11,D,XXXX,8,15,F,1,200009,1,"$42,724",2.0
DLLS,11,B,13,09,B,0110,1,GS-09,C,XXXX,8,15,F,1,200009,1,"$35,310",1.8
DLLS,11,B,13,07,B,0110,1,GS-07,C,XXXX,8,15,F,1,200009,1,"$36,560",1.0
DLLS,11,C,13,07,A,0110,1,GS-07,B,XXXX,8,15,F,1,200009,1,"$28,866",0.5
DLLS,11,B,13,07,A,0110,1,GS-07,C,XXXX,8,15,F,1,200009,1,"$32,713",0.2
DLLS,11,H,17,12,I,0110,1,GS-12,F,XXXX,8,10,F,1,200009,1,"$66,564",30.8
DLLS,11,H,14,13,H,0110,1,GS-13,G,XXXX,8,10,F,1,200009,1,"$73,067",28.3
DLLS,11,G,13,13,G,0110,1,GS-13,G,XXXX,8,10,F,1,200009,1,"$71,037",22.5
DLLS,11,G,13,15,H,0110,1,GM-15,J,XXXX,2,10,F,1,200009,1,"$104,167",27.4
DLLS,11,F,13,11,G,0110,1,GS-11,E,XXXX,8,10,F,1,200009,1,"$51,269",22.2
DLLS,11,H,14,13,I,0110,1,GS-13,G,XXXX,8,10,F,1,200009,1,"$77,126",30.2
DLLS,11,G,13,12,G,0110,1,GS-12,E,XXXX,8,10,P,2,200009,1,"$54,618",24.3
DLLS,11,H,13,14,I,0110,1,GM-14,I,XXXX,2,10,F,1,200009,1,"$93,537",30.0
DLLS,11,G,13,,H,0110,1,ES-03,L,XXXX,2,50,F,1,200009,1,"$126,825",26.1
DLLS,13,G,18,06,C,0119,3,GS-06,B,XXXX,8,10,P,2,200009,1,"$27,354",4.5
DLLS,11,F,04,07,G,0119,3,GS-07,C,XXXX,8,10,F,1,200009,1,"$34,636",23.8
DLLS,11,F,13,12,F,0110,1,GS-12,E,XXXX,8,10,F,1,200009,1,"$58,031",19.0
DLLS,11,G,17,12,D,0110,1,GS-12,E,XXXX,8,10,F,1,200009,1,"$52,911",5.3
DLLS,11,F,17,12,D,0110,1,GS-12,E,XXXX,8,10,F,1,200009,1,"$52,911",9.8
DLLS,11,C,13,09,B,0110,1,GS-09,C,XXXX,8,15,F,1,200009,1,"$35,310",1.8
DLLS,11,E,04,07,F,0110,1,GS-07,C,XXXX,8,10,F,1,200009,1,"$34,636",16.9
DLLS,11,E,13,12,G,0110,1,GS-12,E,XXXX,8,10,F,1,200009,1,"$59,738",21.1
DLLS,11,D,13,12,D,0110,1,GS-12,E,XXXX,8,10,F,1,200009,1,"$52,911",7.8
DLLS,11,D,12,13,E,0110,1,GS-13,F,XXXX,8,10,F,1,200009,1,"$64,949",11.3
DLLS,11,E,04,12,E,0110,1,GS-12,E,XXXX,8,10,F,1,200009,1,"$54,618",14.7
DLLS,11,E,13,13,E,0110,1,GS-13,F,XXXX,8,10,F,1,200009,1,"$66,979",11.6
DLLS,11,B,13,09,B,0110,1,GS-09,C,XXXX,8,15,F,1,200009,1,"$35,310",1.3
DLLS,11,D,17,11,B,0110,1,GS-11,D,XXXX,8,15,F,1,200009,1,"$42,724",1.8
DLLS,11,C,17,11,B,0110,1,GS-11,D,XXXX,8,15,F,1,200009,1,"$42,724",1.1
DLLS,11,E,17,09,B,0110,1,GS-09,C,XXXX,8,15,F,1,200009,1,"$35,310",1.7
DLLS,11,J,13,13,J,0110,1,GS-13,G,XXXX,8,10,F,1,200009,1,"$79,155",39.0
DLLS,11,G,14,12,E,0110,1,GS-12,F,XXXX,8,10,F,1,200009,1,"$61,444",14.3
DLLS,11,H,13,14,I,0110,1,GM-14,I,XXXX,2,10,F,1,200009,1,"$92,368",30.3
DLLS,11,H,14,15,I,0110,1,GS-15,I,XXXX,2,10,F,1,200009,1,"$98,744",30.8
DLLS,11,H,13,11,G,0110,1,GS-11,E,XXXX,8,10,F,1,200009,1,"$51,269",22.3
DLLS,11,D,13,11,E,0110,1,GS-11,D,XXXX,8,10,F,1,200009,1,"$49,845",10.8
DLLS,11,G,13,14,H,0110,1,GM-14,H,XXXX,2,10,F,1,200009,1,"$86,466",25.1
DLLS,11,G,14,13,G,0110,1,GS-13,G,XXXX,8,10,F,1,200009,1,"$73,067",24.2
DLLS,11,H,21,12,E,0110,1,GS-12,E,XXXX,8,10,F,1,200009,1,"$54,618",13.8
DLLS,11,F,04,13,G,0110,1,GS-13,G,XXXX,8,10,F,1,200009,1,"$71,037",20.7
DLLS,11,E,17,11,C,0110,1,GS-11,D,XXXX,8,10,F,1,200009,1,"$45,572",3.5
DLLS,11,B,13,07,A,0110,1,GS-07,B,XXXX,8,15,F,1,200009,1,"$28,866",0.0
DLLS,11,I,13,12,E,0110,1,GS-12,E,XXXX,8,10,F,1,200009,1,"$54,618",13.4
DLLS,11,I,04,10,J,0119,3,GS-10,D,XXXX,2,10,F,1,200009,1,"$47,961",37.7
DLLS,11,F,13,12,E,0110,1,GS-12,E,XXXX,8,10,F,1,200009,1,"$52,911",12.4
DLLS,11,G,13,14,H,0110,1,GM-14,I,XXXX,2,10,F,1,200009,1,"$91,148",25.4
DLLS,24,D,04,11,E,0110,1,GS-11,D,XXXX,8,10,F,1,200009,1,"$44,148",12.9
DLLS,11,H,17,11,B,0110,1,GS-11,D,XXXX,8,15,F,1,200009,1,"$42,724",2.1
DLLS,06,F,13,05,E,0119,3,GS-05,C,XXXX,8,15,P,2,200009,1,"$31,322",10.9
DLLS,11,F,14,14,F,0110,1,GS-14,H,XXXX,8,10,F,1,200009,1,"$88,741",17.0
DLLS,48,E,13,13,F,0110,1,GS-13,F,XXXX,4,10,F,1,200009,1,"$68,717",15.4
DLLS,11,E,13,09,B,0110,1,GS-09,C,XXXX,8,15,F,1,200009,1,"$35,310",1.9
DLLS,11,E,12,12,E,0110,1,GS-12,E,XXXX,8,10,F,1,200009,1,"$58,031",13.3
DLLS,11,E,13,11,D,0110,1,GS-11,D,XXXX,8,10,F,1,200009,1,"$44,148",9.2
DLLS,11,E,17,09,D,0110,1,GS-09,C,XXXX,8,10,F,1,200009,1,"$38,840",5.6
DLLS,11,D,13,13,D,0110,1,GS-13,F,XXXX,2,10,F,1,200009,1,"$60,890",9.3
DLLS,11,D,13,09,B,0110,1,GS-09,C,XXXX,8,15,F,1,200009,1,"$35,310",1.8
DLLS,11,D,04,06,E,0119,3,GS-06,C,XXXX,8,10,F,1,200009,1,"$31,171",12.3
DLLS,11,C,13,11,C,0110,1,GS-11,D,XXXX,8,15,F,1,200009,1,"$44,148",3.6
DLLS,11,I,17,13,J,0110,1,GS-13,G,XXXX,8,10,F,1,200009,1,"$79,155",36.0
DLLS,24,I,17,07,E,0119,3,GS-07,C,XXXX,8,10,P,2,200009,1,"$34,636",14.5
DLLS,06,I,13,13,I,0110,1,GS-13,G,XXXX,4,10,F,1,200009,1,"$79,200",31.1
DLLS,11,H,13,14,H,0110,1,GS-14,H,XXXX,2,10,F,1,200009,1,"$83,945",28.5
DLLS,11,H,04,12,I,0110,1,GS-12,F,XXXX,8,10,F,1,200009,1,"$63,151",30.8
DLLS,11,H,11,06,H,0119,3,GS-06,C,XXXX,8,10,F,1,200009,1,"$33,768",29.3
DLLS,11,H,14,13,H,0110,1,GM-13,G,XXXX,2,10,F,1,200009,1,"$75,104",27.1
DLLS,11,G,21,,F,0110,1,SL-00,L,XXXX,5,10,F,1,200009,1,"$121,264",18.3
DLLS,11,D,21,14,D,0110,1,GS-14,G,XXXX,8,10,F,1,200009,1,"$76,750",7.1
DLLS,11,H,21,09,A,0110,1,GS-09,C,XXXX,8,15,F,1,200009,1,"$35,310",0.2
DLLS,11,F,13,13,F,0110,1,GM-13,G,XXXX,2,10,F,1,200009,1,"$73,067",17.4
DLLS,11,E,13,12,E,0110,1,GS-12,E,XXXX,8,10,F,1,200009,1,"$52,911",11.0
DLLS,11,E,13,12,E,0110,1,GS-12,F,XXXX,8,10,F,1,200009,1,"$61,444",12.8
DLLS,11,E,13,13,D,0110,1,GS-13,F,XXXX,2,10,F,1,200009,1,"$64,949",9.6
DLLS,11,D,09,11,E,0110,1,GS-11,D,XXXX,8,10,F,1,200009,1,"$42,724",11.8
DLLS,24,I,13,05,D,0119,3,GS-05,B,XXXX,8,10,P,2,200009,1,"$28,739",7.2
DLLS,11,I,04,07,H,0119,3,GS-07,C,XXXX,8,10,F,1,200009,1,"$37,522",26.7
DLLS,11,H,14,14,H,0110,1,GM-14,I,XXXX,2,10,F,1,200009,1,"$90,746",29.8
DLLS,11,H,04,08,G,0119,3,GS-08,C,XXXX,2,10,F,1,200009,1,"$39,426",23.1
DLLS,11,H,04,10,H,0119,3,GS-10,D,XXXX,2,10,F,1,200009,1,"$47,961",25.7
DLLS,11,H,14,14,H,0110,1,GM-14,H,XXXX,2,10,F,1,200009,1,"$89,947",28.6
DLLS,11,G,10,07,E,0119,3,GS-07,C,XXXX,8,10,P,2,200009,1,"$34,636",14.8
DLLS,11,G,13,15,G,0110,1,GM-15,J,XXXX,2,10,F,1,200009,1,"$102,958",20.8
DLLS,11,D,17,13,D,0110,1,GS-13,F,XXXX,8,10,F,1,200009,1,"$60,890",7.7
DLLS,11,E,13,14,F,0110,1,GM-14,H,XXXX,2,10,P,2,200009,1,"$81,603",15.4
DLLS,11,C,17,11,B,0110,1,GS-11,D,XXXX,8,15,F,1,200009,1,"$42,724",2.3
DLLS,11,E,13,13,E,0110,1,GS-13,F,XXXX,8,10,F,1,200009,1,"$60,890",14.1
DLLS,11,E,13,13,E,0110,1,GS-13,F,XXXX,8,10,F,1,200009,1,"$64,949",13.2
DLLS,11,C,13,09,B,0110,1,GS-09,C,XXXX,8,15,F,1,200009,1,"$35,310",1.7
DLLS,11,I,07,12,J,0110,1,GS-12,E,XXXX,8,10,F,1,200009,1,"$59,738",38.3
DLLS,11,I,13,12,G,0110,1,GS-12,F,XXXX,8,10,F,1,200009,1,"$63,151",24.2
DLLS,37,I,13,07,D,0119,3,GS-07,C,XXXX,8,10,P,2,200009,1,"$31,090",6.2
DLLS,11,I,13,12,E,0110,1,GS-12,E,XXXX,8,10,F,1,200009,1,"$54,618",14.2
DLLS,11,H,13,13,H,0110,1,GS-13,G,XXXX,8,10,F,1,200009,1,"$71,037",28.9
DLLS,11,H,14,14,H,0110,1,GS-14,H,XXXX,2,10,F,1,200009,1,"$81,546",29.2
DLLS,11,F,13,15,G,0110,1,GS-15,I,XXXX,5,10,F,1,200009,1,"$95,923",22.3
DLLS,06,H,17,12,H,0110,1,GS-12,F,XXXX,8,10,F,1,200009,1,"$68,829",29.4
DLLS,11,H,14,14,I,0110,1,GS-14,H,XXXX,2,10,F,1,200009,1,"$86,343",32.2
DLLS,11,G,17,14,G,0110,1,GM-14,H,XXXX,2,10,F,1,200009,1,"$88,741",21.6
DLLS,11,F,21,12,B,0110,1,GS-12,E,XXXX,8,15,F,1,200009,1,"$51,204",2.1
DLLS,11,E,04,12,E,0110,1,GS-12,E,XXXX,8,10,F,1,200009,1,"$56,324",12.3
DLLS,11,E,04,07,E,0119,3,GS-07,C,XXXX,8,10,F,1,200009,1,"$35,598",12.8
DLLS,26,F,17,12,E,0110,1,GS-12,F,XXXX,8,10,F,1,200009,1,"$68,145",12.3
DLLS,11,C,13,07,A,0110,1,GS-07,B,XXXX,8,15,F,1,200009,1,"$28,866",0.9
DLLS,11,E,13,13,F,0110,1,GS-13,G,XXXX,2,10,P,2,200009,1,"$71,037",15.8
DLLS,11,D,13,12,E,0110,1,GS-12,E,XXXX,8,10,F,1,200009,1,"$54,618",11.9
DLLS,11,E,13,12,E,0110,1,GS-12,E,XXXX,8,10,F,1,200009,1,"$56,324",12.7
DLLS,17,B,13,09,C,0110,1,GS-09,C,XXXX,8,15,F,1,200009,1,"$36,100",3.4
DLLS,11,C,13,07,A,0110,1,GS-07,B,XXXX,8,15,F,1,200009,1,"$28,866",0.2
DLLS,06,F,13,12,F,0110,1,GS-12,F,XXXX,8,10,F,1,200009,1,"$64,802",17.1
DLLS,11,B,13,07,A,0110,1,GS-07,B,XXXX,8,15,F,1,200009,1,"$28,866",0.0
DLLS,13,E,13,12,E,0110,1,GS-12,E,XXXX,8,10,F,1,200009,1,"$58,976",14.7
DLLS,11,D,13,13,D,0110,1,GS-13,F,XXXX,8,10,P,2,200009,1,"$62,920",7.6
DLLS,13,E,13,12,E,0110,1,GS-12,F,XXXX,8,10,F,1,200009,1,"$60,661",14.3
DLLS,11,D,13,12,D,0110,1,GS-12,E,XXXX,8,10,F,1,200009,1,"$56,324",7.9
DLLS,12,K,07,07,E,0119,3,GS-07,C,XXXX,8,10,P,2,200009,1,"$32,974",14.5
DLLS,11,K,04,06,J,0119,3,GS-06,C,XXXX,8,10,F,1,200009,1,"$33,768",39.3
DLLS,11,C,13,09,B,0110,1,GS-09,C,XXXX,8,15,F,1,200009,1,"$35,310",1.7
DLLS,11,I,04,06,G,0119,3,GS-06,C,XXXX,8,10,F,1,200009,1,"$32,903",24.0
DLLS,11,G,17,13,G,0110,1,GS-13,G,XXXX,8,10,F,1,200009,1,"$73,067",23.4
DLLS,11,F,13,13,F,0110,1,GS-13,F,XXXX,5,10,F,1,200009,1,"$66,979",19.2
DLLS,11,D,13,13,E,0110,1,GS-13,F,XXXX,2,10,F,1,200009,1,"$62,920",10.1
DLLS,11,F,13,13,F,0110,1,GS-13,F,XXXX,2,10,F,1,200009,1,"$60,890",17.6
DLLS,51,D,13,12,D,0110,1,GS-12,E,XXXX,8,10,F,1,200009,1,"$50,524",5.5
DLLS,11,I,04,12,I,0110,1,GS-12,E,XXXX,8,10,F,1,200009,1,"$59,738",33.8
DLLS,11,H,14,13,I,0110,1,GS-13,G,XXXX,2,10,F,1,200009,1,"$79,155",30.7
DLLS,11,C,13,12,C,0110,1,GS-12,E,XXXX,8,10,F,1,200009,1,"$52,911",4.3
DLLS,11,E,13,15,E,0110,1,GS-15,I,XXXX,5,10,F,1,200009,1,"$98,744",13.1
DLLS,11,D,17,12,C,0110,1,GS-12,E,XXXX,8,10,F,1,200009,1,"$52,911",4.6
DLLS,11,D,17,13,D,0110,1,GS-13,F,XXXX,8,10,F,1,200009,1,"$62,920",5.4
DLLS,11,I,13,12,H,0110,1,GS-12,E,XXXX,8,10,F,1,200009,1,"$58,031",25.9
DLLS,36,H,04,06,D,0119,3,GS-06,C,XXXX,8,10,P,2,200009,1,"$30,260",9.1
DLLS,11,H,14,13,I,0110,1,GS-13,G,XXXX,2,10,F,1,200009,1,"$79,155",30.7
DLLS,11,H,17,14,I,0110,1,GS-14,H,XXXX,2,10,F,1,200009,1,"$83,945",30.3
DLLS,11,G,13,13,H,0110,1,GS-13,F,XXXX,8,10,F,1,200009,1,"$69,008",26.1
DLLS,11,G,13,13,E,0110,1,GS-13,F,XXXX,2,10,F,1,200009,1,"$64,949",10.2
DLLS,11,E,04,13,F,0110,1,GS-13,F,XXXX,8,10,F,1,200009,1,"$66,979",15.8
DLLS,11,E,13,14,F,0110,1,GS-14,G,XXXX,2,10,F,1,200009,1,"$79,148",17.8
DLLS,11,E,17,12,E,0110,1,GS-12,E,XXXX,8,10,F,1,200009,1,"$56,324",13.7
DLLS,06,G,13,12,D,0110,1,GS-12,E,XXXX,4,10,F,1,200009,1,"$55,803",8.2
DLLS,11,D,17,12,B,0110,1,GS-12,E,XXXX,8,15,F,1,200009,1,"$51,204",2.2
DLLS,51,J,17,06,B,0119,3,GS-06,B,XXXX,8,15,P,2,200009,1,"$26,485",2.8
DLLS,11,I,13,13,I,0110,1,GS-13,G,XXXX,8,10,F,1,200009,1,"$79,155",34.3
DLLS,11,I,17,13,I,0110,1,GS-13,G,XXXX,8,10,F,1,200009,1,"$79,155",33.7
DLLS,11,G,13,14,H,0110,1,GM-14,I,XXXX,2,10,F,1,200009,1,"$93,076",27.0
DLLS,11,F,13,12,E,0110,1,GS-12,E,XXXX,8,10,F,1,200009,1,"$59,738",13.3
DLLS,11,H,17,13,H,0110,1,GS-13,G,XXXX,8,10,F,1,200009,1,"$79,155",29.4
DLLS,11,G,17,12,C,0110,1,GS-12,E,XXXX,8,10,F,1,200009,1,"$52,911",4.1
DLLS,11,F,13,14,F,0110,1,GM-14,H,XXXX,2,10,F,1,200009,1,"$86,343",17.8
DLLS,11,B,13,07,A,0110,1,GS-07,B,XXXX,8,15,F,1,200009,1,"$28,866",0.8
DLLS,51,C,13,12,C,0110,1,GS-12,E,XXXX,8,10,F,1,200009,1,"$50,524",3.3
DLLS,11,D,13,07,B,0110,1,GS-07,C,XXXX,8,15,F,1,200009,1,"$35,598",2.1
DLLS,11,E,13,13,E,0110,1,GS-13,F,XXXX,8,10,F,1,200009,1,"$66,979",14.1
DLLS,11,B,13,07,A,0110,1,GS-07,B,XXXX,8,15,F,1,200009,1,"$28,866",0.1
DLLS,11,B,13,07,A,0110,1,GS-07,B,XXXX,8,15,F,1,200009,1,"$28,866",0.5
DLLS,11,D,13,07,D,0110,1,GS-07,C,XXXX,8,15,F,1,200009,1,"$37,522",7.3
DLLS,11,B,17,09,A,0110,1,GS-09,C,XXXX,8,15,F,1,200009,1,"$35,310",0.3
DLLS,11,B,**,07,A,0110,1,GS-07,B,XXXX,8,15,F,1,200009,1,"$28,866",0.1
DLLS,04,J,05,07,E,0119,3,GS-07,C,XXXX,8,10,P,2,200009,1,"$32,974",11.4
DLLS,11,H,14,13,H,0110,1,GS-13,G,XXXX,8,10,F,1,200009,1,"$79,155",29.4
DLLS,11,G,13,13,H,0110,1,GM-13,G,XXXX,2,10,F,1,200009,1,"$78,699",25.8
DLLS,11,E,04,06,D,0119,3,GS-06,C,XXXX,8,10,F,1,200009,1,"$31,171",9.3
DLLS,11,G,13,13,H,0110,1,GS-13,G,XXXX,8,10,F,1,200009,1,"$73,067",25.8
DLLS,11,G,13,13,H,0110,1,GS-13,G,XXXX,2,10,F,1,200009,1,"$77,126",25.9
DLLS,11,F,14,12,G,0110,1,GS-12,F,XXXX,8,10,F,1,200009,1,"$61,444",21.3
DLLS,12,D,13,12,D,0110,1,GS-12,E,XXXX,8,10,F,1,200009,1,"$51,810",9.3
DLLS,11,J,08,13,J,0110,1,GS-13,G,XXXX,8,10,F,1,200009,1,"$73,067",39.9
DLLS,11,I,05,14,I,0110,1,GM-14,H,XXXX,2,10,F,1,200009,1,"$88,741",34.6
DLLS,11,I,13,13,G,0110,1,GS-13,G,XXXX,8,10,F,1,200009,1,"$73,067",20.7
DLLS,11,I,09,13,I,0110,1,GS-13,G,XXXX,8,10,F,1,200009,1,"$77,126",34.6
DLLS,11,I,07,13,J,0110,1,GS-13,G,XXXX,8,10,F,1,200009,1,"$73,067",37.3
DLLS,11,H,08,08,I,0119,3,GS-08,D,XXXX,8,10,F,1,200009,1,"$41,557",32.9
DLLS,11,H,13,12,H,0110,1,GS-12,F,XXXX,8,10,F,1,200009,1,"$66,564",28.2
DLLS,11,E,21,13,D,0110,1,GS-13,G,XXXX,8,10,F,1,200009,1,"$71,037",8.5
DLLS,51,G,04,07,D,0119,3,GS-07,C,XXXX,8,10,P,2,200009,1,"$32,032",8.3
DLLS,11,G,13,08,G,0119,3,GS-08,C,XXXX,2,10,F,1,200009,1,"$39,426",21.5
DLLS,11,F,13,12,F,0110,1,GS-12,E,XXXX,8,10,F,1,200009,1,"$52,911",19.5
DLLS,11,E,13,12,E,0110,1,GS-12,E,XXXX,8,10,F,1,200009,1,"$58,031",11.3
DLLS,11,C,13,12,C,0110,1,GS-12,E,XXXX,8,10,F,1,200009,1,"$51,204",4.3
DLLS,11,E,13,12,E,0110,1,GS-12,E,XXXX,8,10,F,1,200009,1,"$54,618",12.1
DLLS,11,E,13,12,E,0110,1,GS-12,F,XXXX,8,10,F,1,200009,1,"$61,444",14.2
DLLS,11,E,13,13,G,0110,1,GS-13,F,XXXX,8,10,F,1,200009,1,"$66,979",20.0
DLLS,11,B,**,07,A,0110,1,GS-07,B,XXXX,8,15,F,1,200009,1,"$28,866",0.2
DLLS,11,B,13,11,B,0110,1,GS-11,D,XXXX,8,15,F,1,200009,1,"$42,724",2.2
DLLS,11,D,13,12,D,0110,1,GS-12,E,XXXX,8,10,F,1,200009,1,"$56,324",9.5
DLLS,11,D,13,07,A,0110,1,GS-07,B,XXXX,8,15,F,1,200009,1,"$28,866",0.2
DLLS,13,F,17,07,A,0110,1,GS-07,B,XXXX,8,15,F,1,200009,1,"$28,498",0.9
DLLS,11,B,13,07,B,0110,1,GS-07,B,XXXX,8,15,F,1,200009,1,"$29,827",1.2
DLLS,36,H,13,06,B,0119,3,GS-06,B,XXXX,8,15,P,2,200009,1,"$27,790",2.6
DLLS,29,H,07,12,G,0110,1,GS-12,E,XXXX,8,10,F,1,200009,1,"$53,801",20.9
DLLS,11,H,13,13,F,0110,1,GS-13,F,XXXX,8,10,F,1,200009,1,"$64,949",16.9
DLLS,11,G,13,12,G,0110,1,GS-12,F,XXXX,8,10,P,2,200009,1,"$63,151",21.3
DLLS,11,F,13,13,G,0110,1,GS-13,G,XXXX,8,10,F,1,200009,1,"$75,096",23.1
DLLS,42,E,13,12,D,0110,1,GS-12,E,XXXX,8,10,F,1,200009,1,"$53,154",9.4
DLLS,11,E,13,12,E,0110,1,GS-12,E,XXXX,8,10,F,1,200009,1,"$54,618",11.7
DLLS,51,E,13,12,D,0110,1,GS-12,E,XXXX,8,10,F,1,200009,1,"$50,524",8.1
DLLS,11,D,04,07,D,0119,3,GS-07,C,XXXX,8,10,F,1,200009,1,"$32,713",9.3
DLLS,51,C,04,05,B,0119,3,GS-05,B,XXXX,8,15,P,2,200009,1,"$23,760",2.5
DLLS,11,B,04,04,A,0119,3,GS-04,B,XXXX,8,42,F,2,200009,1,"$21,648",0.8
DLLS,11,H,04,07,H,0119,3,GS-07,C,XXXX,8,10,F,1,200009,1,"$36,560",26.5
DLLS,11,H,13,07,G,0119,3,GS-07,C,XXXX,8,10,F,1,200009,1,"$36,560",21.2
DLLS,11,C,17,11,B,0110,1,GS-11,D,XXXX,8,15,F,1,200009,1,"$44,148",2.1
DLLS,13,C,17,12,C,0110,1,GS-12,E,XXXX,8,10,F,1,200009,1,"$50,552",3.3
DLLS,11,D,17,11,D,0110,1,GS-11,D,XXXX,8,15,F,1,200009,1,"$42,724",6.0
DLLS,11,G,18,14,F,0110,1,GM-14,H,XXXX,2,10,F,1,200009,1,"$86,466",16.4
DLLS,11,J,14,11,I,0110,1,GS-11,E,XXXX,8,10,F,1,200009,1,"$55,541",33.4
DLLS,11,H,13,06,D,0119,3,GS-06,C,XXXX,8,15,P,2,200009,1,"$31,171",8.8
DLLS,48,H,13,12,G,0110,1,GS-12,F,XXXX,8,10,F,1,200009,1,"$66,283",23.3
DLLS,11,G,17,13,D,0110,1,GS-13,F,XXXX,8,10,F,1,200009,1,"$60,890",6.1
DLLS,13,D,13,07,A,0110,1,GS-07,B,XXXX,8,15,F,1,200009,1,"$28,498",0.2
DLLS,11,E,13,13,D,0110,1,GS-13,F,XXXX,8,10,F,1,200009,1,"$60,890",9.1
DLLS,13,B,13,07,B,0110,1,GS-07,B,XXXX,8,15,F,1,200009,1,"$28,498",2.0
DLLS,11,I,21,11,C,0110,1,GS-11,D,XXXX,8,15,F,1,200009,1,"$42,724",3.8
DLLS,11,G,21,14,F,0110,1,GS-14,H,XXXX,8,10,F,1,200009,1,"$86,343",16.4
DLLS,47,F,04,07,D,0119,3,GS-07,C,XXXX,8,10,P,2,200009,1,"$32,032",9.0
DLLS,13,E,17,12,D,0110,1,GS-12,E,XXXX,8,10,F,1,200009,1,"$52,237",7.9
DLLS,11,E,13,13,D,0110,1,GS-13,F,XXXX,8,10,F,1,200009,1,"$60,890",9.3
DLLS,11,D,17,13,D,0110,1,GS-13,F,XXXX,8,10,F,1,200009,1,"$62,920",5.7
DLLS,51,I,09,07,E,0119,3,GS-07,C,XXXX,8,10,P,2,200009,1,"$32,278",13.8
DLLS,11,E,13,13,E,0110,1,GS-13,F,XXXX,8,10,F,1,200009,1,"$64,949",12.6
DLLS,11,F,13,13,G,0110,1,GM-13,G,XXXX,2,10,F,1,200009,1,"$73,074",21.3
DLLS,11,F,13,13,F,0110,1,GS-13,G,XXXX,8,10,F,1,200009,1,"$75,096",16.5
DLLS,11,D,13,12,D,0110,1,GS-12,E,XXXX,8,10,F,1,200009,1,"$56,324",8.5
DLLS,11,G,04,07,G,0119,3,GS-07,C,XXXX,8,10,F,1,200009,1,"$34,636",22.8
DLLS,11,C,13,13,D,0110,1,GS-13,F,XXXX,8,10,F,1,200009,1,"$60,890",5.3
DLLS,11,I,14,14,J,0110,1,GM-14,I,XXXX,5,10,F,1,200009,1,"$93,537",37.2
DLLS,11,F,17,14,F,0110,1,GS-14,G,XXXX,2,10,F,1,200009,1,"$79,148",17.9
DLLS,11,E,21,14,D,0110,1,GS-14,H,XXXX,8,10,F,1,200009,1,"$81,546",5.0
DLLS,37,K,11,07,H,0119,3,GS-07,C,XXXX,8,10,P,2,200009,1,"$36,741",29.8
DLLS,11,H,07,12,J,0110,1,GS-12,F,XXXX,8,10,F,1,200009,1,"$66,564",35.1
DLLS,45,J,04,07,E,0119,3,GS-07,C,XXXX,8,10,P,2,200009,1,"$32,974",14.8
DLLS,11,B,13,07,A,0110,1,GS-07,B,XXXX,8,15,F,1,200009,1,"$28,866",0.2
DLLS,11,G,07,06,G,0119,3,GS-06,C,XXXX,8,10,F,1,200009,1,"$32,903",24.7
DLLS,11,E,13,13,D,0110,1,GS-13,F,XXXX,2,10,F,1,200009,1,"$66,979",9.4
DLLS,11,C,17,11,B,0110,1,GS-11,D,XXXX,8,15,F,1,200009,1,"$42,724",1.7
DLLS,13,I,14,15,J,0110,1,GM-15,J,XXXX,2,10,F,1,200009,1,"$105,698",35.3
DLLS,11,D,13,11,C,0110,1,GS-11,D,XXXX,8,10,F,1,200009,1,"$44,148",3.7
DLLS,11,G,13,14,H,0110,1,GM-14,H,XXXX,2,10,F,1,200009,1,"$88,741",27.3
DLLS,11,G,04,12,G,0110,1,GS-12,E,XXXX,8,10,F,1,200009,1,"$56,324",22.5
DLLS,11,H,17,14,H,0110,1,GM-14,H,XXXX,2,10,F,1,200009,1,"$88,753",29.0
DLLS,37,G,17,07,F,0119,3,GS-07,C,XXXX,8,10,P,2,200009,1,"$33,915",15.8
DLLS,37,F,13,12,F,0110,1,GS-12,E,XXXX,8,10,F,1,200009,1,"$55,152",15.0
DLLS,11,B,13,09,B,0110,1,GS-09,C,XXXX,8,15,F,1,200009,1,"$35,310",1.2
DLLS,48,B,13,09,B,0110,1,GS-09,C,XXXX,8,15,F,1,200009,1,"$35,161",1.6
DLLS,11,H,14,14,G,0110,1,GM-14,I,XXXX,2,10,F,1,200009,1,"$93,537",23.8
DLLS,11,G,05,11,H,0110,1,GS-11,D,XXXX,8,10,F,1,200009,1,"$45,572",27.1
DLLS,13,E,13,12,F,0110,1,GS-12,E,XXXX,8,10,F,1,200009,1,"$57,291",15.5
DLLS,11,H,04,09,H,0119,3,GS-09,D,XXXX,8,10,F,1,200009,1,"$45,900",29.3
DLLS,06,F,13,14,G,0110,1,GS-14,G,XXXX,2,10,F,1,200009,1,"$78,416",22.0
DLLS,11,E,04,06,F,0119,3,GS-06,C,XXXX,8,10,F,1,200009,1,"$31,171",17.6
DLLS,42,I,07,12,H,0110,1,GS-12,F,XXXX,8,10,F,1,200009,1,"$63,440",27.8
DLLS,11,D,13,12,E,0110,1,GS-12,E,XXXX,8,10,F,1,200009,1,"$54,618",11.2
DLLS,48,K,13,12,J,0110,1,GS-12,F,XXXX,8,10,F,1,200009,1,"$66,283",40.4
DLLS,13,C,17,11,C,0110,1,GS-11,D,XXXX,8,15,F,1,200009,1,"$42,179",3.5
DLLS,12,I,08,05,A,0119,3,GS-05,B,XXXX,8,15,P,2,200009,1,"$22,819",0.2
DLLS,45,H,04,07,D,0119,3,GS-07,C,XXXX,8,10,P,2,200009,1,"$31,090",6.9
DLLS,11,G,13,12,G,0110,1,GS-12,F,XXXX,8,10,F,1,200009,1,"$63,151",24.1
DLLS,11,D,17,11,B,0110,1,GS-11,D,XXXX,8,15,F,1,200009,1,"$42,724",1.8
DLLS,13,D,13,12,D,0110,1,GS-12,E,XXXX,2,10,F,1,200009,1,"$50,552",6.3
DLLS,13,B,13,07,A,0110,1,GS-07,B,XXXX,8,15,F,1,200009,1,"$28,498",0.4
DLLS,13,H,04,07,F,0119,3,GS-07,C,XXXX,8,10,P,2,200009,1,"$34,195",17.1
DLLS,13,H,04,07,F,0119,3,GS-07,C,XXXX,8,10,P,2,200009,1,"$32,296",16.8
DLLS,13,F,14,12,G,0110,1,GS-12,F,XXXX,8,10,F,1,200009,1,"$60,661",20.3
DLLS,48,G,14,12,G,0110,1,GS-12,E,XXXX,8,10,F,1,200009,1,"$56,087",23.3
DLLS,13,C,13,07,A,0110,1,GS-07,B,XXXX,8,15,F,1,200009,1,"$28,498",0.0
DLLS,13,G,17,12,H,0110,1,GS-12,F,XXXX,8,10,F,1,200009,1,"$64,031",25.0
DLLS,11,G,13,12,G,0110,1,GS-12,F,XXXX,8,10,F,1,200009,1,"$63,151",24.0
DLLS,13,E,13,12,D,0110,1,GS-12,E,XXXX,8,10,F,1,200009,1,"$52,237",9.3
DLLS,11,B,13,09,B,0110,1,GS-09,C,XXXX,8,15,F,1,200009,1,"$35,310",1.0
DLLS,13,G,07,07,F,0110,1,GS-07,C,XXXX,8,15,F,1,200009,1,"$37,044",19.8
DLLS,13,G,09,07,E,0119,3,GS-07,C,XXXX,8,10,P,2,200009,1,"$32,032",14.0
DLLS,13,H,17,12,H,0110,1,GS-12,F,XXXX,8,10,F,1,200009,1,"$60,661",25.3
DLLS,11,D,13,12,C,0110,1,GS-12,E,XXXX,8,10,F,1,200009,1,"$51,204",3.0
DLLS,13,D,13,09,D,0110,1,GS-09,C,XXXX,8,10,F,1,200009,1,"$34,860",7.1
DLLS,11,B,13,09,B,0110,1,GS-09,C,XXXX,8,15,F,1,200009,1,"$35,310",1.3
DLLS,13,H,04,06,C,0119,3,GS-06,B,XXXX,8,20,P,2,200009,1,"$27,131",3.4
DLLS,13,E,13,12,E,0110,1,GS-12,E,XXXX,2,10,F,1,200009,1,"$53,922",10.0
DLLS,13,D,13,13,D,0110,1,GS-13,F,XXXX,2,10,F,1,200009,1,"$60,114",7.9
DLLS,11,F,17,14,G,0110,1,GM-14,H,XXXX,2,10,F,1,200009,1,"$86,343",20.3
DLLS,13,F,04,12,G,0110,1,GS-12,E,XXXX,8,10,F,1,200009,1,"$57,291",21.8
DLLS,11,F,18,14,F,0110,1,GS-14,H,XXXX,2,10,F,1,200009,1,"$81,546",15.8
DLLS,11,D,17,07,A,0110,1,GS-07,B,XXXX,8,15,F,1,200009,1,"$28,866",0.2
DLLS,11,D,17,13,D,0110,1,GS-13,F,XXXX,2,10,F,1,200009,1,"$60,890",6.0
DLLS,13,H,13,12,H,0110,1,GS-12,F,XXXX,8,10,F,1,200009,1,"$65,716",27.3
DLLS,11,G,17,13,G,0110,1,GS-13,G,XXXX,8,10,F,1,200009,1,"$75,096",22.8
DLLS,13,F,12,07,E,0119,3,GS-07,C,XXXX,8,10,P,2,200009,1,"$33,245",10.3
DLLS,11,B,04,09,B,0110,1,GS-09,C,XXXX,8,15,F,1,200009,1,"$35,310",1.0
DLLS,11,H,21,15,H,0110,1,GS-15,J,XXXX,4,10,F,1,200009,1,"$107,207",25.6
DLLS,12,G,04,06,D,0119,3,GS-06,B,XXXX,8,20,P,2,200009,1,"$27,898",7.8
DLLS,11,F,21,14,D,0110,1,GS-14,G,XXXX,8,10,F,1,200009,1,"$79,148",9.1
DLLS,39,D,17,12,D,0110,1,GS-12,E,XXXX,8,10,F,1,200009,1,"$51,425",5.6
DLLS,11,G,13,13,G,0110,1,GS-13,G,XXXX,8,10,F,1,200009,1,"$71,037",24.2
DLLS,11,J,18,13,I,0110,1,GS-13,G,XXXX,8,10,F,1,200009,1,"$79,155",34.3
DLLS,11,J,04,13,J,0110,1,GS-13,G,XXXX,8,10,F,1,200009,1,"$79,155",38.7
DLLS,12,K,13,06,G,0119,3,GS-06,B,XXXX,8,15,P,2,200009,1,"$27,026",20.2
DLLS,11,G,13,14,E,0110,1,GS-14,G,XXXX,8,10,F,1,200009,1,"$71,954",14.3
DLLS,37,E,13,12,F,0110,1,GS-12,E,XXXX,8,10,F,1,200009,1,"$55,152",16.2
DLLS,12,I,17,06,C,0119,3,GS-06,B,XXXX,8,10,P,2,200009,1,"$27,131",3.7
DLLS,12,H,10,12,G,0110,1,GS-12,E,XXXX,2,10,F,1,200009,1,"$56,712",23.4
DLLS,25,G,04,07,C,0119,3,GS-07,C,XXXX,8,15,P,2,200009,1,"$32,237",3.5
DLLS,48,G,04,05,B,0119,3,GS-05,B,XXXX,8,15,P,2,200009,1,"$23,579",1.8
DLLS,11,F,04,07,F,0110,1,GS-07,B,XXXX,8,15,F,1,200009,1,"$28,866",15.4
DLLS,47,F,13,12,G,0110,1,GS-12,F,XXXX,8,10,F,1,200009,1,"$60,165",20.0
DLLS,12,F,13,05,B,0119,3,GS-05,B,XXXX,8,20,P,2,200009,1,"$22,819",1.8
DLLS,13,E,17,11,B,0110,1,GS-11,D,XXXX,8,15,F,1,200009,1,"$42,179",2.3
DLLS,13,H,13,13,H,0110,1,GM-13,G,XXXX,2,10,F,1,200009,1,"$72,135",29.8
DLLS,11,E,17,11,D,0110,1,GS-11,D,XXXX,8,15,F,1,200009,1,"$42,724",6.3
DLLS,12,H,09,07,D,0119,3,GS-07,C,XXXX,8,10,P,2,200009,1,"$31,969",6.9
DLLS,11,D,17,07,C,0110,1,GS-07,B,XXXX,8,15,F,1,200009,1,"$28,866",4.3
DLLS,12,J,04,07,F,0119,3,GS-07,C,XXXX,8,10,P,2,200009,1,"$32,974",17.6
DLLS,12,I,14,12,I,0110,1,GS-12,F,XXXX,8,10,F,1,200009,1,"$63,507",30.3
DLLS,11,D,17,13,D,0110,1,GS-13,F,XXXX,8,10,F,1,200009,1,"$66,979",7.2
DLLS,39,D,13,05,C,0119,3,GS-05,B,XXXX,8,15,P,2,200009,1,"$25,744",3.1
DLLS,39,H,10,07,G,0119,3,GS-07,C,XXXX,8,10,P,2,200009,1,"$35,752",23.1
DLLS,11,G,13,13,G,0110,1,GS-13,G,XXXX,8,10,F,1,200009,1,"$75,096",22.3
DLLS,32,H,17,05,A,0119,3,GS-05,B,XXXX,8,15,P,2,200009,1,"$22,819",0.8
DLLS,11,D,13,13,D,0110,1,GS-13,F,XXXX,8,10,F,1,200009,1,"$60,890",9.3
DLLS,11,F,13,13,F,0110,1,GS-13,F,XXXX,8,10,F,1,200009,1,"$66,979",16.2
DLLS,11,B,**,07,A,0110,1,GS-07,B,XXXX,8,15,F,1,200009,1,"$28,866",0.0
DLLS,26,G,13,07,D,0119,3,GS-07,C,XXXX,8,10,P,2,200009,1,"$32,505",6.6
DLLS,11,G,17,12,E,0110,1,GS-12,E,XXXX,8,15,F,1,200009,1,"$54,618",10.9
DLLS,41,I,09,07,C,0119,3,GS-07,B,XXXX,8,10,P,2,200009,1,"$29,206",3.9
DLLS,39,G,13,05,C,0119,3,GS-05,B,XXXX,8,15,P,2,200009,1,"$25,398",3.3
DLLS,11,C,17,11,B,0110,1,GS-11,D,XXXX,8,15,F,1,200009,1,"$42,724",1.1
DLLS,11,I,10,06,I,0119,3,GS-06,C,XXXX,8,10,F,1,200009,1,"$33,768",30.7
DLLS,17,G,13,13,G,0110,1,GS-13,G,XXXX,2,10,F,1,200009,1,"$78,851",23.7
DLLS,04,H,17,05,E,0119,3,GS-05,B,XXXX,8,10,P,2,200009,1,"$29,661",14.9
DLLS,39,E,13,07,D,0119,3,GS-07,B,XXXX,8,10,P,2,200009,1,"$29,554",5.2
DLLS,11,E,13,12,D,0110,1,GS-12,E,XXXX,8,10,F,1,200009,1,"$54,618",7.4
DLLS,11,D,13,12,C,0110,1,GS-12,E,XXXX,8,10,F,1,200009,1,"$51,204",3.4
DLLS,42,D,13,06,C,0119,3,GS-06,B,XXXX,8,15,P,2,200009,1,"$26,283",3.7
DLLS,11,D,13,12,D,0110,1,GS-12,E,XXXX,8,10,F,1,200009,1,"$58,031",9.1
DLLS,48,K,04,05,D,0119,3,GS-05,C,XXXX,8,15,P,2,200009,1,"$30,252",7.2
DLLS,11,B,13,07,A,0110,1,GS-07,B,XXXX,8,15,F,1,200009,1,"$28,866",0.2
DLLS,39,C,13,11,C,0110,1,GS-11,D,XXXX,8,15,F,1,200009,1,"$42,332",3.3
DLLS,39,H,13,12,H,0110,1,GS-12,F,XXXX,7,10,F,1,200009,1,"$66,851",27.8
DLLS,39,F,17,12,D,0110,1,GS-12,E,XXXX,8,10,F,1,200009,1,"$51,425",5.6
DLLS,39,H,13,07,E,0119,3,GS-07,C,XXXX,8,10,P,2,200009,1,"$33,236",13.2
DLLS,18,H,14,12,I,0110,1,GS-12,F,XXXX,7,10,F,1,200009,1,"$65,307",30.3
DLLS,11,G,21,,F,0110,1,SL-00,K,XXXX,5,10,F,1,200009,1,"$115,811",16.1
DLLS,11,B,13,09,B,0110,1,GS-09,C,XXXX,8,15,F,1,200009,1,"$35,310",1.1
DLLS,39,H,13,06,F,0119,3,GS-06,B,XXXX,8,10,P,2,200009,1,"$29,674",16.8
DLLS,11,E,17,12,D,0110,1,GS-12,E,XXXX,8,10,F,1,200009,1,"$54,618",7.6
DLLS,11,C,13,12,C,0110,1,GS-12,E,XXXX,8,10,F,1,200009,1,"$51,204",4.8
DLLS,11,C,13,07,B,0110,1,GS-07,B,XXXX,8,15,F,1,200009,1,"$29,827",2.3
DLLS,11,C,13,11,B,0110,1,GS-11,D,XXXX,8,15,F,1,200009,1,"$42,724",2.2
DLLS,11,D,21,12,A,0110,1,GS-12,F,XXXX,8,15,F,1,200009,1,"$64,857",0.9
DLLS,12,K,13,06,D,0119,3,GS-06,B,XXXX,8,15,P,2,200009,1,"$26,283",5.1
DLLS,41,D,13,12,D,0110,1,GS-12,E,XXXX,8,10,F,1,200009,1,"$52,916",9.6
DLLS,39,G,13,12,H,0110,1,GS-12,F,XXXX,7,10,F,1,200009,1,"$62,572",26.5
DLLS,11,E,17,13,E,0110,1,GS-13,F,XXXX,8,10,F,1,200009,1,"$64,949",14.0
DLLS,11,G,17,09,B,0110,1,GS-09,C,XXXX,8,15,F,1,200009,1,"$35,310",1.8
DLLS,17,E,13,13,E,0110,1,GM-13,G,XXXX,2,10,F,1,200009,1,"$72,627",14.9
DLLS,39,B,13,07,A,0110,1,GS-07,B,XXXX,8,15,F,1,200009,1,"$28,601",0.2
DLLS,11,C,13,07,C,0110,1,GS-07,B,XXXX,8,15,F,1,200009,1,"$28,866",4.6
DLLS,39,K,03,06,C,0119,3,GS-06,B,XXXX,8,15,P,2,200009,1,"$27,453",3.6
DLLS,26,G,17,07,A,0110,1,GS-07,B,XXXX,8,15,F,1,200009,1,"$29,551",0.2
DLLS,24,D,13,12,D,0110,1,GS-12,E,XXXX,8,10,F,1,200009,1,"$52,911",9.4
DLLS,11,D,11,12,D,0110,1,GS-12,E,XXXX,8,10,F,1,200009,1,"$54,618",9.3
DLLS,11,B,13,09,B,0110,1,GS-09,C,XXXX,8,15,F,1,200009,1,"$35,310",1.3
DLLS,13,H,17,07,A,0110,1,GS-07,B,XXXX,8,15,F,1,200009,1,"$28,498",0.5
DLLS,11,F,13,12,F,0110,1,GS-12,F,XXXX,8,10,F,1,200009,1,"$61,444",17.3
DLLS,11,C,13,07,A,0110,1,GS-07,B,XXXX,8,15,F,1,200009,1,"$28,866",0.3
DLLS,11,C,17,12,B,0110,1,GS-12,E,XXXX,8,15,F,1,200009,1,"$51,204",2.1
DLLS,11,E,17,12,A,0110,1,GS-12,E,XXXX,8,15,F,1,200009,1,"$59,738",0.0
DLLS,11,G,13,12,G,0110,1,GS-12,F,XXXX,8,10,F,1,200009,1,"$61,444",20.4
DLLS,11,C,13,11,B,0110,1,GS-11,D,XXXX,8,15,F,1,200009,1,"$42,724",2.3
DLLS,42,B,13,07,A,0110,1,GS-07,B,XXXX,8,15,F,1,200009,1,"$28,998",0.0
DLLS,39,H,13,12,H,0110,1,GS-12,F,XXXX,8,10,F,1,200009,1,"$65,954",26.6
DLLS,06,C,17,12,C,0110,1,GS-12,E,XXXX,8,15,F,1,200009,1,"$54,003",3.1
DLLS,17,E,13,06,C,0119,3,GS-06,B,XXXX,8,10,P,2,200009,1,"$28,327",3.8
DLLS,11,K,21,13,G,0110,1,GS-13,G,XXXX,8,10,F,1,200009,1,"$79,155",22.2
DLLS,17,C,13,07,A,0110,1,GS-07,B,XXXX,8,15,F,1,200009,1,"$29,511",0.1
DLLS,11,F,18,13,F,0110,1,GS-13,G,XXXX,8,10,F,1,200009,1,"$71,037",16.1
DLLS,11,G,17,15,H,0110,1,GS-15,J,XXXX,2,10,F,1,200009,1,"$101,565",25.1
DLLS,39,H,09,07,D,0119,3,GS-07,C,XXXX,8,10,P,2,200009,1,"$32,287",8.3
DLLS,39,G,17,12,G,0110,1,GS-12,F,XXXX,2,10,F,1,200009,1,"$63,423",22.4
DLLS,39,E,04,05,A,0119,3,GS-05,B,XXXX,8,15,P,2,200009,1,"$23,090",0.0
DLLS,11,F,14,14,F,0110,1,GM-14,H,XXXX,2,10,F,1,200009,1,"$86,343",17.3
DLLS,47,J,04,07,F,0119,3,GS-07,C,XXXX,8,10,P,2,200009,1,"$33,915",15.7
DLLS,39,H,13,12,H,0110,1,GS-12,F,XXXX,8,10,F,1,200009,1,"$61,709",25.8
DLLS,11,D,17,09,D,0110,1,GS-09,D,XXXX,8,15,F,1,200009,1,"$44,724",6.3
DLLS,39,H,13,06,C,0119,3,GS-06,B,XXXX,8,15,P,2,200009,1,"$27,131",4.9
DLLS,39,C,13,11,C,0110,1,GS-11,D,XXXX,8,15,F,1,200009,1,"$42,332",3.3
DLLS,11,H,04,07,G,0119,3,GS-07,C,XXXX,8,10,F,1,200009,1,"$36,560",21.7
DLLS,42,J,13,05,E,0119,3,GS-05,B,XXXX,8,15,P,2,200009,1,"$25,295",12.6
DLLS,48,H,13,06,C,0119,3,GS-06,B,XXXX,8,15,P,2,200009,1,"$28,453",4.3
DLLS,42,F,17,07,C,0119,3,GS-07,B,XXXX,8,10,P,2,200009,1,"$28,265",3.7
DLLS,18,J,17,05,C,0119,3,GS-05,B,XXXX,8,15,P,2,200009,1,"$25,100",3.8
DLLS,11,G,14,13,G,0110,1,GS-13,G,XXXX,8,10,F,1,200009,1,"$79,155",24.1
DLLS,48,G,13,13,E,0110,1,GS-13,F,XXXX,2,10,F,1,200009,1,"$64,675",12.9
DLLS,11,E,17,13,E,0110,1,GS-13,F,XXXX,8,10,F,1,200009,1,"$69,008",10.8
DLLS,11,F,17,12,D,0110,1,GS-12,E,XXXX,8,15,F,1,200009,1,"$51,204",5.5
DLLS,18,E,13,07,F,0110,1,GS-07,C,XXXX,8,15,F,1,200009,1,"$34,926",15.0
DLLS,18,D,13,12,D,0110,1,GS-12,E,XXXX,8,10,F,1,200009,1,"$53,586",9.3
DLLS,18,G,13,12,F,0110,1,GS-12,F,XXXX,8,10,F,1,200009,1,"$65,307",15.9
DLLS,18,H,08,06,D,0119,3,GS-06,B,XXXX,8,15,P,2,200009,1,"$27,131",9.4
DLLS,12,F,08,07,D,0119,3,GS-07,C,XXXX,8,10,P,2,200009,1,"$31,090",5.3
DLLS,37,D,13,12,D,0110,1,GS-12,E,XXXX,8,10,F,1,200009,1,"$53,481",9.4
DLLS,11,B,13,07,A,0110,1,GS-07,B,XXXX,8,15,F,1,200009,1,"$28,866",0.2
DLLS,11,H,13,13,H,0110,1,GS-13,G,XXXX,8,10,F,1,200009,1,"$75,096",28.5
DLLS,18,I,04,06,C,0119,3,GS-06,B,XXXX,8,10,P,2,200009,1,"$27,131",3.8
DLLS,06,I,21,15,D,0110,1,GS-15,J,XXXX,2,10,F,1,200009,1,"$104,140",6.3
DLLS,48,D,13,12,D,0110,1,GS-12,E,XXXX,8,10,F,1,200009,1,"$54,387",7.9
DLLS,11,B,13,11,B,0110,1,GS-11,D,XXXX,8,15,F,1,200009,1,"$42,724",2.3
DLLS,18,G,09,05,A,0119,3,GS-05,B,XXXX,8,15,P,2,200009,1,"$22,819",0.0
DLLS,11,K,18,,J,0110,1,ES-05,M,XXXX,2,50,F,1,200009,1,"$130,200",41.2
DLLS,39,J,13,12,G,0110,1,GS-12,E,XXXX,8,10,F,1,200009,1,"$54,117",24.3
DLLS,11,H,13,12,G,0110,1,GS-12,F,XXXX,8,10,F,1,200009,1,"$66,564",24.1
DLLS,17,H,13,13,I,0110,1,GM-13,H,XXXX,4,10,F,1,200009,1,"$80,926",34.1
DLLS,17,H,13,14,I,0110,1,GS-14,H,XXXX,2,10,F,1,200009,1,"$88,274",30.9
DLLS,17,H,13,06,C,0119,3,GS-06,B,XXXX,8,15,P,2,200009,1,"$27,442",3.3
DLLS,22,F,17,05,C,0119,3,GS-05,B,XXXX,8,15,P,2,200009,1,"$25,100",3.0
DLLS,17,G,13,12,G,0110,1,GS-12,F,XXXX,8,10,F,1,200009,1,"$68,053",20.4
DLLS,17,F,13,05,A,0119,3,GS-05,B,XXXX,8,15,P,2,200009,1,"$22,819",0.3
DLLS,49,I,07,07,E,0119,3,GS-07,C,XXXX,8,10,P,2,200009,1,"$32,032",12.7
DLLS,17,B,13,07,A,0110,1,GS-07,B,XXXX,8,15,F,1,200009,1,"$29,511",0.2
DLLS,11,G,21,13,E,0110,1,GS-13,F,XXXX,8,10,F,1,200009,1,"$69,008",10.3
DLLS,17,C,13,12,D,0110,1,GS-12,E,XXXX,8,10,F,1,200009,1,"$55,840",5.3
DLLS,11,E,17,12,C,0110,1,GS-12,E,XXXX,8,10,F,1,200009,1,"$52,911",3.5
DLLS,17,I,13,13,I,0110,1,GM-13,H,XXXX,2,10,F,1,200009,1,"$80,926",34.4
DLLS,18,I,13,12,I,0110,1,GS-12,F,XXXX,8,10,F,1,200009,1,"$65,307",31.4
DLLS,17,I,17,07,F,0119,3,GS-07,C,XXXX,8,10,P,2,200009,1,"$34,428",15.0
DLLS,11,B,13,07,A,0110,1,GS-07,B,XXXX,8,15,F,1,200009,1,"$28,866",0.1
DLLS,11,F,13,13,E,0110,1,GS-13,F,XXXX,2,10,F,1,200009,1,"$60,890",12.3
DLLS,17,F,13,12,E,0110,1,GS-12,F,XXXX,8,10,F,1,200009,1,"$61,074",14.1
DLLS,48,D,13,11,B,0110,1,GS-11,D,XXXX,8,15,F,1,200009,1,"$42,543",2.6
DLLS,17,F,10,06,E,0119,3,GS-06,C,XXXX,8,10,F,1,200009,1,"$31,868",13.3
DLLS,17,G,13,12,H,0110,1,GS-12,F,XXXX,8,10,F,1,200009,1,"$66,309",25.2
DLLS,17,K,13,07,F,0119,3,GS-07,C,XXXX,8,10,P,2,200009,1,"$36,395",16.6
DLLS,17,I,17,12,E,0110,1,GS-12,E,XXXX,8,10,F,1,200009,1,"$55,840",11.4
DLLS,17,H,17,14,H,0110,1,GS-14,H,XXXX,2,10,F,1,200009,1,"$83,371",27.3
DLLS,11,D,**,07,D,0110,1,GS-07,C,XXXX,8,15,F,1,200009,1,"$30,789",9.3
DLLS,11,I,17,11,C,0110,1,GS-11,D,XXXX,8,10,F,1,200009,1,"$44,148",4.1
DLLS,11,E,17,12,E,0110,1,GS-12,E,XXXX,8,10,F,1,200009,1,"$59,738",11.2
DLLS,17,C,13,07,B,0110,1,GS-07,B,XXXX,8,15,F,1,200009,1,"$29,511",1.9
DLLS,11,B,**,07,A,0110,1,GS-07,B,XXXX,8,15,F,1,200009,1,"$28,866",0.1
DLLS,06,H,17,07,D,0119,3,GS-07,C,XXXX,8,10,P,2,200009,1,"$30,842",5.3
DLLS,17,K,07,05,D,0119,3,GS-05,B,XXXX,8,10,P,2,200009,1,"$25,100",7.1
DLLS,11,H,17,13,E,0110,1,GS-13,F,XXXX,8,10,F,1,200009,1,"$69,008",14.0
DLLS,48,F,04,06,F,0119,3,GS-06,C,XXXX,8,10,P,2,200009,1,"$33,065",19.2
DLLS,17,G,13,13,H,0110,1,GS-13,G,XXXX,2,10,F,1,200009,1,"$74,702",25.2
DLLS,17,B,13,09,B,0110,1,GS-09,C,XXXX,8,15,F,1,200009,1,"$36,100",1.4
DLLS,29,H,17,13,H,0110,1,GM-13,G,XXXX,2,10,F,1,200009,1,"$77,972",25.0
DLLS,11,G,13,,G,0110,1,ES-04,M,XXXX,2,50,F,1,200009,1,"$130,200",22.0
DLLS,06,C,13,11,C,0110,1,GS-11,D,XXXX,8,10,F,1,200009,1,"$44,177",3.3
DLLS,39,G,09,06,E,0119,3,GS-06,C,XXXX,8,10,P,2,200009,1,"$30,522",12.5
DLLS,17,B,13,07,A,0110,1,GS-07,B,XXXX,8,15,F,1,200009,1,"$29,511",0.3
DLLS,11,B,13,07,A,0110,1,GS-07,B,XXXX,8,15,F,1,200009,1,"$28,866",0.2
DLLS,17,J,13,12,I,0110,1,GS-12,F,XXXX,8,10,F,1,200009,1,"$64,564",31.2
DLLS,13,I,13,07,D,0119,3,GS-07,C,XXXX,8,10,P,2,200009,1,"$31,346",9.9
DLLS,06,H,13,12,E,0110,1,GS-12,E,XXXX,8,10,F,1,200009,1,"$55,803",11.8
DLLS,17,E,13,07,D,0119,3,GS-07,C,XXXX,8,10,P,2,200009,1,"$32,461",7.1
DLLS,55,J,17,05,A,0119,3,GS-05,B,XXXX,8,15,P,2,200009,1,"$22,819",0.2
DLLS,17,H,13,07,E,0119,3,GS-07,C,XXXX,8,10,P,2,200009,1,"$33,445",10.7
DLLS,13,E,13,11,D,0110,1,GS-11,D,XXXX,8,10,F,1,200009,1,"$47,803",9.4
DLLS,17,B,13,07,B,0110,1,GS-07,B,XXXX,8,15,F,1,200009,1,"$29,511",1.9
DLLS,17,D,13,12,D,0110,1,GS-12,E,XXXX,8,10,F,1,200009,1,"$55,840",8.3
DLLS,17,E,13,07,B,0110,1,GS-07,C,XXXX,8,15,F,1,200009,1,"$36,395",2.7
DLLS,17,E,17,11,D,0110,1,GS-11,D,XXXX,8,10,F,1,200009,1,"$45,136",9.8
DLLS,17,F,13,13,G,0110,1,GS-13,F,XXXX,2,10,F,1,200009,1,"$66,402",20.0
DLLS,29,I,14,07,E,0119,3,GS-07,C,XXXX,8,10,P,2,200009,1,"$36,844",12.8
DLLS,11,I,19,13,I,0110,1,GS-13,G,XXXX,8,10,F,1,200009,1,"$73,067",30.1
DLLS,17,E,14,06,D,0119,3,GS-06,B,XXXX,8,10,P,2,200009,1,"$29,213",6.3
DLLS,17,B,13,07,A,0110,1,GS-07,B,XXXX,8,15,F,1,200009,1,"$29,511",0.8
DLLS,11,D,13,12,E,0110,1,GS-12,E,XXXX,8,10,F,1,200009,1,"$59,738",11.0
DLLS,17,E,13,12,F,0110,1,GS-12,E,XXXX,2,10,F,1,200009,1,"$57,585",15.9
DLLS,11,G,17,14,G,0110,1,GS-14,G,XXXX,2,10,F,1,200009,1,"$79,148",22.8
DLLS,17,G,13,12,H,0110,1,GS-12,F,XXXX,8,10,F,1,200009,1,"$68,053",25.3
DLLS,11,I,13,13,H,0110,1,GS-13,G,XXXX,8,10,F,1,200009,1,"$79,155",25.0
DLLS,17,E,13,12,F,0110,1,GS-12,F,XXXX,8,10,P,2,200009,1,"$61,074",17.0
DLLS,17,B,13,07,A,0110,1,GS-07,B,XXXX,8,15,F,1,200009,1,"$29,511",0.1
DLLS,11,K,17,06,D,0119,3,GS-06,B,XXXX,8,15,P,2,200009,1,"$26,842",7.3
DLLS,17,G,14,09,B,0110,1,GS-09,C,XXXX,8,15,F,1,200009,1,"$36,100",1.3
DLLS,11,E,17,12,B,0110,1,GS-12,E,XXXX,8,15,F,1,200009,1,"$51,204",2.3
DLLS,17,G,07,05,C,0119,3,GS-05,B,XXXX,8,15,P,2,200009,1,"$26,207",3.3
DLLS,11,I,13,12,E,0110,1,GS-12,E,XXXX,8,10,F,1,200009,1,"$56,324",13.1
DLLS,11,E,13,13,E,0110,1,GS-13,F,XXXX,8,10,F,1,200009,1,"$66,979",11.7
DLLS,17,E,11,12,E,0110,1,GS-12,E,XXXX,8,10,F,1,200009,1,"$59,329",13.9
DLLS,17,K,07,06,F,0119,3,GS-06,B,XXXX,8,10,P,2,200009,1,"$29,674",15.5
DLLS,39,H,17,06,C,0119,3,GS-06,B,XXXX,8,15,P,2,200009,1,"$27,453",3.3
DLLS,11,F,13,12,E,0110,1,GS-12,E,XXXX,8,10,F,1,200009,1,"$58,031",10.2
DLLS,17,E,08,06,E,0119,3,GS-06,C,XXXX,8,10,F,1,200009,1,"$32,754",13.6
DLLS,17,D,13,12,E,0110,1,GS-12,F,XXXX,8,10,F,1,200009,1,"$61,074",11.6
DLLS,11,J,17,14,J,0110,1,GS-14,H,XXXX,8,10,F,1,200009,1,"$86,343",40.3
DLLS,17,H,13,13,H,0110,1,GM-13,H,XXXX,2,10,F,1,200009,1,"$80,926",29.3
DLLS,11,G,13,12,F,0110,1,GS-12,E,XXXX,8,10,F,1,200009,1,"$59,738",17.8
DLLS,11,E,13,14,E,0110,1,GS-14,H,XXXX,8,10,F,1,200009,1,"$81,546",10.0
DLLS,17,K,04,12,G,0110,1,GS-12,F,XXXX,8,10,F,1,200009,1,"$61,074",24.8
DLLS,48,I,13,05,A,0119,3,GS-05,B,XXXX,8,15,P,2,200009,1,"$23,206",0.8
DLLS,06,G,09,07,C,0119,3,GS-07,C,XXXX,8,10,P,2,200009,1,"$30,842",4.4
DLLS,12,G,13,05,B,0119,3,GS-05,B,XXXX,8,15,P,2,200009,1,"$23,579",1.7
DLLS,17,D,13,12,D,0110,1,GS-12,E,XXXX,8,10,F,1,200009,1,"$55,840",9.5
DLLS,17,E,04,06,F,0119,3,GS-06,C,XXXX,8,10,F,1,200009,1,"$33,639",18.9
DLLS,29,H,08,06,C,0119,3,GS-06,B,XXXX,8,15,P,2,200009,1,"$27,207",3.0
DLLS,11,F,17,12,E,0110,1,GS-12,E,XXXX,8,10,F,1,200009,1,"$51,204",14.8
DLLS,13,C,13,12,D,0110,1,GS-12,E,XXXX,8,10,F,1,200009,1,"$52,237",7.8
DLLS,17,G,13,12,F,0110,1,GS-12,E,XXXX,8,10,F,1,200009,1,"$59,329",17.4
DLLS,13,J,08,07,D,0119,3,GS-07,C,XXXX,8,10,P,2,200009,1,"$31,346",6.9
DLLS,17,G,13,06,F,0119,3,GS-06,C,XXXX,8,10,P,2,200009,1,"$32,754",16.9
DLLS,17,J,13,05,E,0119,3,GS-05,B,XXXX,8,10,P,2,200009,1,"$28,588",10.4
DLLS,11,D,13,13,E,0110,1,GS-13,F,XXXX,2,10,F,1,200009,1,"$69,008",11.6
DLLS,13,E,17,07,A,0110,1,GS-07,B,XXXX,8,15,F,1,200009,1,"$28,498",0.0
DLLS,11,G,13,14,H,0110,1,GS-14,G,XXXX,2,10,F,1,200009,1,"$76,750",25.3
DLLS,17,K,17,05,D,0119,3,GS-05,B,XXXX,8,15,P,2,200009,1,"$26,207",9.3
DLLS,55,I,09,06,C,0119,3,GS-06,B,XXXX,8,15,P,2,200009,1,"$27,397",3.5
DLLS,17,B,13,07,A,0110,1,GS-07,B,XXXX,8,15,F,1,200009,1,"$29,511",0.3
DLLS,26,F,13,06,C,0119,3,GS-06,B,XXXX,8,10,P,2,200009,1,"$28,365",4.2
DLLS,26,H,17,05,D,0119,3,GS-05,B,XXXX,8,20,P,2,200009,1,"$26,242",6.7
DLLS,06,F,04,07,E,0119,3,GS-07,C,XXXX,8,15,P,2,200009,1,"$36,809",11.3
DLLS,11,F,13,13,G,0110,1,GS-13,G,XXXX,8,10,P,2,200009,1,"$71,037",20.5
DLLS,11,D,13,12,D,0110,1,GS-12,E,XXXX,8,10,F,1,200009,1,"$52,911",8.1
DLLS,11,E,13,12,D,0110,1,GS-12,E,XXXX,8,10,F,1,200009,1,"$56,324",9.3
DLLS,11,D,13,13,E,0110,1,GS-13,F,XXXX,8,10,F,1,200009,1,"$66,979",12.3
DLLS,17,F,13,12,F,0110,1,GS-12,F,XXXX,8,10,F,1,200009,1,"$66,309",17.5
DLLS,26,G,13,06,C,0119,3,GS-06,B,XXXX,8,15,P,2,200009,1,"$28,365",3.5
DLLS,17,D,13,12,D,0110,1,GS-12,E,XXXX,8,10,F,1,200009,1,"$57,585",8.8
DLLS,11,B,13,07,A,0110,1,GS-07,B,XXXX,8,15,F,1,200009,1,"$28,866",0.3
DLLS,11,F,21,13,E,0110,1,GS-13,G,XXXX,8,10,F,1,200009,1,"$73,067",12.0
DLLS,26,G,10,05,B,0119,3,GS-05,B,XXXX,8,15,P,2,200009,1,"$23,579",1.1
DLLS,11,J,17,12,C,0110,1,GS-12,E,XXXX,8,10,F,1,200009,1,"$52,911",4.0
DLLS,26,H,13,06,F,0119,3,GS-06,C,XXXX,8,10,P,2,200009,1,"$32,798",18.7
DLLS,26,B,13,07,A,0110,1,GS-07,B,XXXX,8,15,F,1,200009,1,"$29,551",0.2
DLLS,42,G,17,06,C,0119,3,GS-06,B,XXXX,8,15,P,2,200009,1,"$26,965",3.4
DLLS,11,D,13,12,D,0110,1,GS-12,E,XXXX,8,10,F,1,200009,1,"$52,911",7.6
DLLS,11,J,17,12,G,0110,1,GS-12,F,XXXX,8,10,F,1,200009,1,"$61,444",21.8
DLLS,27,I,13,05,C,0119,3,GS-05,B,XXXX,8,20,P,2,200009,1,"$25,647",3.3
DLLS,39,J,11,07,F,0119,3,GS-07,C,XXXX,8,10,P,2,200009,1,"$35,752",18.9
DLLS,11,F,17,13,E,0110,1,GS-13,G,XXXX,8,10,F,1,200009,1,"$79,155",14.3
DLLS,11,H,17,13,H,0110,1,GS-13,G,XXXX,8,10,F,1,200009,1,"$77,126",28.9
DLLS,48,G,13,07,E,0119,3,GS-07,C,XXXX,8,10,P,2,200009,1,"$35,799",11.5
DLLS,11,G,17,12,G,0110,1,GS-12,E,XXXX,8,10,F,1,200009,1,"$59,738",20.8
DLLS,17,B,13,07,A,0110,1,GS-07,B,XXXX,8,15,F,1,200009,1,"$29,511",0.8
DLLS,26,J,07,07,H,0119,3,GS-07,C,XXXX,8,10,P,2,200009,1,"$35,459",25.3
DLLS,11,B,13,07,A,0110,1,GS-07,C,XXXX,8,15,F,1,200009,1,"$31,751",0.1
DLLS,17,B,13,09,B,0110,1,GS-09,C,XXXX,8,15,F,1,200009,1,"$36,100",1.3
DLLS,11,B,13,09,B,0110,1,GS-09,C,XXXX,8,15,F,1,200009,1,"$35,310",1.9
DLLS,48,E,13,12,D,0110,1,GS-12,E,XXXX,8,10,F,1,200009,1,"$53,481",9.3
DLLS,11,D,13,13,E,0110,1,GS-13,F,XXXX,8,10,F,1,200009,1,"$69,008",10.2
DLLS,11,D,13,13,E,0110,1,GS-13,F,XXXX,8,10,F,1,200009,1,"$64,949",11.3
DLLS,17,D,17,12,D,0110,1,GS-12,E,XXXX,8,10,F,1,200009,1,"$54,095",5.6
DLLS,11,E,13,11,B,0110,1,GS-11,D,XXXX,8,15,F,1,200009,1,"$42,724",1.2
DLLS,06,D,13,07,C,0110,1,GS-07,C,XXXX,8,15,F,1,200009,1,"$38,798",4.2
DLLS,26,B,13,07,A,0110,1,GS-07,B,XXXX,8,15,F,1,200009,1,"$29,551",0.2
DLLS,26,J,09,07,G,0119,3,GS-07,C,XXXX,8,10,P,2,200009,1,"$35,799",23.5
DLLS,11,J,14,14,J,0110,1,GM-14,I,XXXX,5,10,F,1,200009,1,"$93,537",37.9
DLLS,11,G,17,11,F,0110,1,GS-11,D,XXXX,8,10,F,1,200009,1,"$46,996",17.4
DLLS,11,D,13,12,D,0110,1,GS-12,E,XXXX,8,10,F,1,200009,1,"$52,911",8.0
DLLS,17,J,14,15,J,0110,1,GS-15,J,XXXX,2,10,F,1,200009,1,"$103,837",38.8
DLLS,26,H,13,12,H,0110,1,GS-12,F,XXXX,8,10,F,1,200009,1,"$66,398",29.0
DLLS,11,B,13,11,B,0110,1,GS-11,D,XXXX,8,15,F,1,200009,1,"$42,724",2.0
DLLS,17,B,13,07,A,0110,1,GS-07,B,XXXX,8,15,F,1,200009,1,"$29,511",0.7
DLLS,34,H,13,05,D,0119,3,GS-05,C,XXXX,8,15,P,2,200009,1,"$31,136",6.4
DLLS,11,E,13,11,E,0110,1,GS-11,D,XXXX,8,10,F,1,200009,1,"$48,420",11.6
DLLS,13,D,13,07,D,0110,1,GS-07,C,XXXX,8,15,F,1,200009,1,"$37,044",5.3
DLLS,17,C,13,07,A,0110,1,GS-07,B,XXXX,8,15,F,1,200009,1,"$29,511",0.2
DLLS,11,E,17,11,C,0110,1,GS-11,D,XXXX,8,10,F,1,200009,1,"$45,572",3.2
DLLS,17,E,13,12,E,0110,1,GS-12,E,XXXX,8,10,F,1,200009,1,"$54,095",13.0
DLLS,11,E,13,14,E,0110,1,GS-14,G,XXXX,8,10,F,1,200009,1,"$76,750",11.3
DLLS,11,D,13,12,D,0110,1,GS-12,E,XXXX,8,10,F,1,200009,1,"$52,911",6.0
DLLS,26,C,13,07,A,0110,1,GS-07,B,XXXX,8,15,F,1,200009,1,"$29,551",0.9
DLLS,11,H,17,14,H,0110,1,GS-14,G,XXXX,2,10,F,1,200009,1,"$71,954",29.5
DLLS,55,G,13,12,G,0110,1,GS-12,F,XXXX,8,10,F,1,200009,1,"$60,757",21.2
DLLS,11,E,17,13,D,0110,1,GS-13,F,XXXX,2,10,F,1,200009,1,"$64,949",7.2
DLLS,11,C,13,07,A,0110,1,GS-07,B,XXXX,8,15,F,1,200009,1,"$28,866",0.3
DLLS,11,G,17,15,G,0110,1,GM-15,J,XXXX,2,10,F,1,200009,1,"$105,499",24.2
DLLS,17,H,13,13,H,0110,1,GM-13,G,XXXX,2,10,F,1,200009,1,"$77,820",29.0
DLLS,06,C,13,11,C,0110,1,GS-11,D,XXXX,8,10,F,1,200009,1,"$45,059",3.1
DLLS,32,K,17,05,C,0119,3,GS-05,B,XXXX,8,15,P,2,200009,1,"$23,579",4.9
DLLS,26,H,13,07,F,0119,3,GS-07,C,XXXX,8,10,F,1,200009,1,"$37,428",15.8
DLLS,13,F,17,12,F,0110,1,GS-12,E,XXXX,8,10,F,1,200009,1,"$58,976",15.0
DLLS,11,D,13,12,D,0110,1,GS-12,E,XXXX,8,10,F,1,200009,1,"$54,618",7.5
DLLS,48,E,13,12,E,0110,1,GS-12,F,XXXX,8,10,F,1,200009,1,"$61,185",12.3
DLLS,17,F,13,12,G,0110,1,GS-12,F,XXXX,8,10,F,1,200009,1,"$62,819",22.3
DLLS,55,F,13,05,B,0119,3,GS-05,B,XXXX,8,10,P,2,200009,1,"$24,339",2.9
DLLS,11,I,14,13,I,0110,1,GS-13,G,XXXX,8,10,F,1,200009,1,"$79,155",33.1
DLLS,11,D,13,12,D,0110,1,GS-12,E,XXXX,8,10,F,1,200009,1,"$52,911",8.1
DLLS,41,I,13,06,C,0119,3,GS-06,B,XXXX,8,15,P,2,200009,1,"$26,844",3.3
DLLS,36,F,21,12,E,0110,1,GS-12,F,XXXX,8,10,F,1,200009,1,"$63,157",12.1
DLLS,55,D,13,12,D,0110,1,GS-12,E,XXXX,2,10,F,1,200009,1,"$52,319",8.8
DLLS,55,H,13,07,C,0110,1,GS-07,B,XXXX,8,38,F,1,200009,1,"$29,494",3.4
DLLS,55,E,13,12,F,0110,1,GS-12,F,XXXX,8,10,F,1,200009,1,"$60,757",16.9
DLLS,11,G,17,12,E,0110,1,GS-12,E,XXXX,8,10,F,1,200009,1,"$54,618",11.7
DLLS,11,C,13,07,A,0110,1,GS-07,B,XXXX,8,15,F,1,200009,1,"$28,866",0.3
DLLS,55,E,13,11,E,0110,1,GS-11,E,XXXX,8,10,F,1,200009,1,"$50,695",14.9
DLLS,12,I,04,06,C,0119,3,GS-06,B,XXXX,8,15,P,2,200009,1,"$27,131",3.4
DLLS,55,I,13,05,B,0119,3,GS-05,B,XXXX,8,15,P,2,200009,1,"$22,819",2.1
DLLS,55,I,13,12,J,0110,1,GS-12,F,XXXX,7,10,F,1,200009,1,"$65,819",35.7
DLLS,11,J,17,12,F,0110,1,GS-12,F,XXXX,8,10,F,1,200009,1,"$61,444",15.3
DLLS,12,H,13,12,G,0110,1,GS-12,E,XXXX,2,10,F,1,200009,1,"$51,810",24.2
DLLS,11,J,14,12,I,0110,1,GS-12,F,XXXX,8,10,F,1,200009,1,"$66,564",31.8
DLLS,13,G,13,12,G,0110,1,GS-12,F,XXXX,8,10,F,1,200009,1,"$65,716",22.8
DLLS,55,F,21,11,A,0110,1,GS-11,D,XXXX,8,15,F,1,200009,1,"$42,246",0.1
DLLS,11,B,13,07,A,0110,1,GS-07,B,XXXX,8,15,F,1,200009,1,"$28,866",0.0
DLLS,55,J,04,07,G,0119,3,GS-07,C,XXXX,8,10,P,2,200009,1,"$37,102",23.0
DLLS,55,E,04,05,A,0119,3,GS-05,B,XXXX,8,15,P,2,200009,1,"$23,043",0.8
DLLS,55,C,13,09,B,0110,1,GS-09,C,XXXX,8,15,F,1,200009,1,"$34,915",1.5
DLLS,11,C,13,11,B,0110,1,GS-11,D,XXXX,8,15,F,1,200009,1,"$42,724",2.0
DLLS,12,J,08,07,G,0119,3,GS-07,C,XXXX,8,10,P,2,200009,1,"$36,741",20.0
DLLS,12,I,13,07,E,0119,3,GS-07,C,XXXX,8,10,P,2,200009,1,"$32,974",13.5
DLLS,11,C,21,13,B,0110,1,GS-13,F,XXXX,8,15,F,1,200009,1,"$66,979",2.1
DLLS,11,B,13,09,B,0110,1,GS-09,C,XXXX,8,15,F,1,200009,1,"$35,310",1.3
DLLS,11,H,13,13,G,0110,1,GS-13,G,XXXX,8,10,F,1,200009,1,"$73,067",23.0
DLLS,11,D,13,12,E,0110,1,GS-12,E,XXXX,8,10,F,1,200009,1,"$54,618",10.3
DLLS,11,F,17,13,D,0110,1,GS-13,F,XXXX,2,10,F,1,200009,1,"$64,949",9.3
DLLS,11,G,13,13,G,0110,1,GS-13,F,XXXX,8,10,F,1,200009,1,"$69,008",23.3
DLLS,47,G,17,05,B,0119,3,GS-05,B,XXXX,8,15,P,2,200009,1,"$24,339",2.2
DLLS,11,F,13,14,F,0110,1,GS-14,G,XXXX,2,10,F,1,200009,1,"$79,148",16.0
DLLS,13,J,04,07,D,0119,3,GS-07,C,XXXX,8,10,F,1,200009,1,"$33,245",8.1
DLLS,11,I,17,13,G,0110,1,GS-13,G,XXXX,8,10,F,1,200009,1,"$79,155",23.7
DLLS,11,D,13,09,A,0110,1,GS-09,C,XXXX,8,15,F,1,200009,1,"$35,310",0.3
DLLS,11,C,13,07,A,0110,1,GS-07,C,XXXX,8,15,F,1,200009,1,"$36,560",0.2
DLLS,13,D,13,07,A,0110,1,GS-07,B,XXXX,8,15,F,1,200009,1,"$28,498",0.1
DLLS,17,G,18,06,C,0119,3,GS-06,B,XXXX,8,15,P,2,200009,1,"$26,283",3.5
DLLS,11,H,17,13,H,0110,1,GS-13,G,XXXX,8,10,F,1,200009,1,"$75,096",25.0
DLLS,37,F,17,12,F,0110,1,GS-12,E,XXXX,2,10,F,1,200009,1,"$56,823",16.3
DLLS,11,B,13,07,A,0110,1,GS-07,B,XXXX,8,15,F,1,200009,1,"$28,866",0.7
DLLS,47,H,04,07,E,0119,3,GS-07,C,XXXX,8,10,P,2,200009,1,"$32,974",14.3
DLLS,11,B,13,07,B,0110,1,GS-07,B,XXXX,8,15,F,1,200009,1,"$28,866",1.1
DLLS,11,D,13,14,E,0110,1,GS-14,G,XXXX,2,10,F,1,200009,1,"$71,954",11.9
DLLS,13,G,13,14,G,0110,1,GS-14,H,XXXX,2,10,F,1,200009,1,"$82,875",20.3
DLLS,13,F,13,14,G,0110,1,GS-14,G,XXXX,2,10,F,1,200009,1,"$71,037",20.3
DLLS,01,H,14,07,F,0119,3,GS-07,C,XXXX,8,10,P,2,200009,1,"$32,974",15.1
DLLS,13,H,13,13,H,0110,1,GM-13,G,XXXX,2,10,F,1,200009,1,"$78,146",28.4
DLLS,11,C,13,12,C,0110,1,GS-12,E,XXXX,8,10,F,1,200009,1,"$51,204",3.1
DLLS,48,F,13,12,E,0110,1,GS-12,F,XXXX,8,10,F,1,200009,1,"$61,185",13.5
DLLS,01,K,11,07,F,0119,3,GS-07,C,XXXX,8,10,P,2,200009,1,"$32,974",15.1
DLLS,48,I,13,12,H,0110,1,GS-12,F,XXXX,8,10,F,1,200009,1,"$66,283",25.2
DLLS,11,D,13,12,C,0110,1,GS-12,E,XXXX,8,10,F,1,200009,1,"$51,204",3.5
DLLS,13,C,13,09,C,0110,1,GS-09,C,XXXX,8,10,F,1,200009,1,"$36,022",4.2
DLLS,24,H,17,12,E,0110,1,GS-12,E,XXXX,8,10,F,1,200009,1,"$54,618",11.2
DLLS,13,C,17,07,C,0110,1,GS-07,B,XXXX,8,15,F,1,200009,1,"$29,447",3.5
DLLS,11,D,17,12,C,0110,1,GS-12,E,XXXX,8,15,F,1,200009,1,"$51,204",3.7
DLLS,11,H,15,14,I,0110,1,GM-14,I,XXXX,2,10,F,1,200009,1,"$93,265",30.3
DLLS,01,J,08,07,E,0119,3,GS-07,C,XXXX,8,10,P,2,200009,1,"$32,974",14.4
DLLS,13,H,,05,A,0119,3,GS-05,B,XXXX,8,20,P,2,200009,1,"$22,819",0.7
DLLS,13,E,14,13,E,0110,1,GS-13,F,XXXX,2,10,F,1,200009,1,"$60,114",14.0
DLLS,42,G,14,12,H,0110,1,GS-12,F,XXXX,8,10,F,1,200009,1,"$66,869",26.7
DLLS,08,C,13,12,D,0110,1,GS-12,E,XXXX,2,10,F,1,200009,1,"$53,634",5.7
DLLS,48,C,13,12,D,0110,1,GS-12,E,XXXX,2,10,F,1,200009,1,"$54,387",5.2
DLLS,05,G,09,07,D,0119,3,GS-07,C,XXXX,8,10,P,2,200009,1,"$32,032",8.9
DLLS,13,E,13,13,E,0110,1,GS-13,F,XXXX,2,10,F,1,200009,1,"$62,118",14.1
DLLS,05,F,04,05,B,0119,3,GS-05,B,XXXX,8,15,P,2,200009,1,"$24,339",2.9
DLLS,17,H,14,13,I,0110,1,GM-13,H,XXXX,2,10,F,1,200009,1,"$80,926",30.3
DLLS,11,C,13,07,A,0110,1,GS-07,B,XXXX,8,15,F,1,200009,1,"$28,866",0.3
DLLS,22,J,13,06,E,0119,3,GS-06,B,XXXX,8,10,P,2,200009,1,"$27,978",11.7
DLLS,28,H,10,06,C,0119,3,GS-06,B,XXXX,8,15,P,2,200009,1,"$27,131",3.5
DLLS,11,G,13,13,G,0110,1,GM-13,G,XXXX,2,10,F,1,200009,1,"$73,067",22.0
DLLS,22,H,04,05,A,0119,3,GS-05,B,XXXX,8,15,P,2,200009,1,"$22,819",0.9
DLLS,11,D,04,06,D,0119,3,GS-06,C,XXXX,8,10,F,1,200009,1,"$30,305",9.6
DLLS,11,D,04,13,D,0110,1,GS-13,F,XXXX,8,10,F,1,200009,1,"$60,890",8.3
DLLS,22,J,09,07,E,0119,3,GS-07,C,XXXX,8,10,P,2,200009,1,"$33,915",14.7
DLLS,36,D,13,12,D,0110,1,GS-12,E,XXXX,8,10,F,1,200009,1,"$54,386",9.5
DLLS,48,K,13,05,D,0119,3,GS-05,B,XXXX,8,15,P,2,200009,1,"$27,800",7.4
DLLS,48,K,04,07,D,0119,3,GS-07,C,XXXX,8,10,P,2,200009,1,"$32,032",8.7
DLLS,13,B,17,07,B,0110,1,GS-07,C,XXXX,8,15,F,1,200009,1,"$35,145",1.3
DLLS,11,H,13,14,H,0110,1,GM-14,H,XXXX,2,10,F,1,200009,1,"$88,373",28.9
DLLS,48,H,13,07,D,0119,3,GS-07,C,XXXX,8,10,P,2,200009,1,"$34,435",7.2
DLLS,11,C,13,12,C,0110,1,GS-12,E,XXXX,8,10,F,1,200009,1,"$51,204",3.1
DLLS,06,D,08,11,E,0110,1,GS-11,D,XXXX,8,10,F,1,200009,1,"$46,561",10.8
DLLS,11,D,04,06,E,0119,3,GS-06,C,XXXX,8,10,F,1,200009,1,"$31,171",10.8
DLLS,22,K,06,07,F,0119,3,GS-07,C,XXXX,8,10,P,2,200009,1,"$33,915",17.7
DLLS,28,J,07,07,G,0119,3,GS-07,C,XXXX,8,10,P,2,200009,1,"$34,857",24.8
DLLS,13,B,13,07,A,0110,1,GS-07,B,XXXX,8,15,F,1,200009,1,"$28,498",0.4
DLLS,11,H,14,12,I,0110,1,GS-12,F,XXXX,8,10,F,1,200009,1,"$66,564",30.3
DLLS,11,H,13,12,H,0110,1,GS-12,E,XXXX,8,10,F,1,200009,1,"$59,738",26.4
DLLS,11,F,21,13,D,0110,1,GS-13,G,XXXX,8,10,F,1,200009,1,"$71,037",5.0
DLLS,06,J,13,07,F,0119,3,GS-07,C,XXXX,8,10,P,2,200009,1,"$36,809",19.2
DLLS,53,I,14,12,I,0110,1,GS-12,F,XXXX,8,10,F,1,200009,1,"$64,947",32.7
DLLS,11,E,13,13,E,0110,1,GS-13,F,XXXX,2,10,F,1,200009,1,"$69,008",12.3
DLLS,40,F,13,07,F,0119,3,GS-07,C,XXXX,8,10,P,2,200009,1,"$35,799",16.9
DLLS,11,D,13,11,D,0110,1,GS-11,D,XXXX,8,10,F,1,200009,1,"$42,724",5.7
DLLS,48,F,13,12,G,0110,1,GS-12,F,XXXX,8,10,F,1,200009,1,"$62,884",20.1
DLLS,17,C,13,09,B,0110,1,GS-09,C,XXXX,8,15,F,1,200009,1,"$36,100",1.9
DLLS,29,C,13,12,D,0110,1,GS-12,E,XXXX,8,10,F,1,200009,1,"$51,955",5.4
DLLS,48,I,17,05,B,0119,3,GS-05,B,XXXX,8,15,P,2,200009,1,"$23,579",1.3
DLLS,11,D,17,12,D,0110,1,GS-12,E,XXXX,8,10,F,1,200009,1,"$56,324",8.3
DLLS,40,I,07,06,D,0119,3,GS-06,B,XXXX,8,15,P,2,200009,1,"$27,978",9.6
DLLS,36,H,13,07,G,0119,3,GS-07,C,XXXX,8,10,P,2,200009,1,"$38,568",22.1
DLLS,48,G,17,13,G,0110,1,GS-13,F,XXXX,2,10,F,1,200009,1,"$66,696",22.3
DLLS,48,G,07,07,D,0119,3,GS-07,C,XXXX,8,10,P,2,200009,1,"$31,090",8.3
DLLS,48,D,13,05,B,0119,3,GS-05,B,XXXX,8,15,P,2,200009,1,"$24,752",2.7
DLLS,48,D,13,12,D,0110,1,GS-12,E,XXXX,8,10,F,1,200009,1,"$57,786",9.4
DLLS,08,H,14,07,G,0119,3,GS-07,C,XXXX,8,10,P,2,200009,1,"$37,060",22.3
DLLS,48,H,17,12,D,0110,1,GS-12,E,XXXX,8,10,F,1,200009,1,"$55,696",7.3
DLLS,48,H,17,05,B,0119,3,GS-05,B,XXXX,8,15,P,2,200009,1,"$26,165",2.8
DLLS,48,E,13,12,F,0110,1,GS-12,F,XXXX,8,10,F,1,200009,1,"$61,185",16.1
DLLS,25,H,13,12,H,0110,1,GS-12,F,XXXX,2,10,F,1,200009,1,"$64,118",26.2
DLLS,48,F,13,05,B,0119,3,GS-05,B,XXXX,8,15,P,2,200009,1,"$24,752",2.7
DLLS,48,I,13,07,E,0119,3,GS-07,C,XXXX,8,10,P,2,200009,1,"$33,915",13.5
DLLS,48,E,13,12,E,0110,1,GS-12,E,XXXX,8,10,F,1,200009,1,"$54,387",10.2
DLLS,11,F,13,07,A,0110,1,GS-07,B,XXXX,8,15,F,1,200009,1,"$28,866",0.3
DLLS,11,D,13,12,D,0110,1,GS-12,E,XXXX,8,10,F,1,200009,1,"$56,324",9.9
DLLS,13,H,13,12,H,0110,1,GS-12,F,XXXX,8,10,F,1,200009,1,"$62,346",26.4
DLLS,11,C,13,07,A,0110,1,GS-07,B,XXXX,8,15,F,1,200009,1,"$28,866",0.2
DLLS,05,G,07,06,D,0119,3,GS-06,B,XXXX,8,10,P,2,200009,1,"$28,826",6.2
DLLS,48,K,13,05,C,0119,3,GS-05,B,XXXX,8,15,P,2,200009,1,"$26,165",4.6
DLLS,48,I,07,07,D,0119,3,GS-07,C,XXXX,8,10,P,2,200009,1,"$32,410",6.9
DLLS,48,I,13,13,I,0110,1,GS-13,G,XXXX,2,10,F,1,200009,1,"$70,738",30.8
DLLS,48,F,17,13,G,0110,1,GM-13,G,XXXX,2,10,F,1,200009,1,"$75,796",22.0
DLLS,48,D,13,12,D,0110,1,GS-12,E,XXXX,8,10,F,1,200009,1,"$54,387",8.3
DLLS,11,F,13,14,E,0110,1,GS-14,G,XXXX,2,10,F,1,200009,1,"$76,750",14.1
DLLS,11,C,13,11,B,0110,1,GS-11,D,XXXX,8,15,F,1,200009,1,"$42,724",2.3
DLLS,48,H,13,12,F,0110,1,GS-12,F,XXXX,8,10,F,1,200009,1,"$66,283",17.8
DLLS,11,G,17,12,G,0110,1,GS-12,F,XXXX,8,10,F,1,200009,1,"$64,857",23.4
DLLS,48,F,13,05,B,0119,3,GS-05,B,XXXX,8,15,P,2,200009,1,"$23,979",1.2
DLLS,48,H,04,12,E,0110,1,GS-12,E,XXXX,8,10,F,1,200009,1,"$57,493",13.3
DLLS,11,G,19,13,G,0110,1,GS-13,G,XXXX,8,10,F,1,200009,1,"$71,037",20.3
DLLS,13,G,13,07,C,0119,3,GS-07,B,XXXX,8,10,P,2,200009,1,"$28,265",3.9
DLLS,39,D,13,12,E,0110,1,GS-12,E,XXXX,2,10,F,1,200009,1,"$54,117",10.2
DLLS,48,H,13,12,G,0110,1,GS-12,F,XXXX,8,10,F,1,200009,1,"$61,185",23.2
DLLS,48,J,04,07,G,0119,3,GS-07,C,XXXX,8,10,P,2,200009,1,"$34,857",23.7
DLLS,48,H,13,11,F,0110,1,GS-11,E,XXXX,8,10,F,1,200009,1,"$55,307",15.0
DLLS,42,F,13,13,E,0110,1,GS-13,F,XXXX,2,10,F,1,200009,1,"$63,208",10.3
DLLS,11,F,21,13,C,0110,1,GS-13,F,XXXX,8,10,F,1,200009,1,"$60,890",4.1
DLLS,48,E,13,09,C,0110,1,GS-09,C,XXXX,8,15,F,1,200009,1,"$35,161",4.9
DLLS,06,K,04,05,A,0119,3,GS-05,B,XXXX,8,15,P,2,200009,1,"$24,578",0.2
DLLS,48,D,04,05,D,0119,3,GS-05,C,XXXX,8,10,P,2,200009,1,"$30,164",7.4
DLLS,48,E,17,11,C,0110,1,GS-11,D,XXXX,2,15,F,1,200009,1,"$43,962",3.0
DLLS,29,D,13,12,D,0110,1,GS-12,E,XXXX,8,10,F,1,200009,1,"$52,120",6.6
DLLS,06,G,17,11,C,0110,1,GS-11,D,XXXX,8,15,F,1,200009,1,"$45,059",3.3
DLLS,48,H,13,14,I,0110,1,GS-14,H,XXXX,2,10,F,1,200009,1,"$85,978",31.1
DLLS,11,C,13,07,A,0110,1,GS-07,B,XXXX,8,15,F,1,200009,1,"$28,866",0.1
DLLS,11,B,13,09,B,0110,1,GS-09,C,XXXX,8,15,F,1,200009,1,"$35,310",1.3
DLLS,48,E,17,09,B,0110,1,GS-09,C,XXXX,8,10,F,1,200009,1,"$36,333",2.9
DLLS,48,D,04,07,F,0119,3,GS-07,C,XXXX,8,10,F,1,200009,1,"$32,575",16.1
DLLS,06,I,08,05,C,0119,3,GS-05,B,XXXX,8,20,P,2,200009,1,"$24,900",3.0
DLLS,48,D,13,12,D,0110,1,GS-12,E,XXXX,8,10,F,1,200009,1,"$50,988",7.9
DLLS,11,E,13,12,E,0110,1,GS-12,E,XXXX,8,10,F,1,200009,1,"$56,324",10.8
DLLS,39,B,13,07,A,0110,1,GS-07,B,XXXX,8,15,F,1,200009,1,"$28,601",0.2
DLLS,48,H,13,12,H,0110,1,GS-12,F,XXXX,8,10,F,1,200009,1,"$64,584",26.2
DLLS,11,D,17,13,D,0110,1,GS-13,F,XXXX,2,10,F,1,200009,1,"$64,949",6.3
DLLS,11,C,13,07,A,0110,1,GS-07,B,XXXX,8,15,F,1,200009,1,"$28,866",0.2
DLLS,48,K,13,05,C,0119,3,GS-05,B,XXXX,8,15,P,2,200009,1,"$23,579",4.5
DLLS,48,F,04,06,D,0119,3,GS-06,C,XXXX,8,10,P,2,200009,1,"$30,522",9.3
DLLS,48,G,13,12,H,0110,1,GS-12,F,XXXX,8,10,F,1,200009,1,"$64,584",25.7
DLLS,48,E,13,11,B,0110,1,GS-11,D,XXXX,8,15,F,1,200009,1,"$42,543",2.6
DLLS,48,G,13,12,H,0110,1,GS-12,F,XXXX,8,10,F,1,200009,1,"$64,678",25.8
DLLS,48,D,13,12,D,0110,1,GS-12,E,XXXX,8,10,F,1,200009,1,"$52,688",5.7
DLLS,11,D,13,13,E,0110,1,GS-13,F,XXXX,2,10,F,1,200009,1,"$64,949",10.2
DLLS,48,H,13,14,H,0110,1,GM-14,I,XXXX,2,10,F,1,200009,1,"$93,019",28.2
DLLS,11,G,13,12,G,0110,1,GS-12,F,XXXX,8,10,F,1,200009,1,"$61,444",23.5
DLLS,17,C,13,07,A,0110,1,GS-07,B,XXXX,8,15,F,1,200009,1,"$29,511",0.0
DLLS,11,I,17,12,G,0110,1,GS-12,F,XXXX,8,10,F,1,200009,1,"$63,151",23.7
DLLS,06,G,13,05,B,0119,3,GS-05,B,XXXX,8,15,P,2,200009,1,"$24,900",1.6
DLLS,11,C,13,11,B,0110,1,GS-11,D,XXXX,8,15,F,1,200009,1,"$42,724",2.2
DLLS,06,J,13,07,C,0119,3,GS-07,C,XXXX,8,10,P,2,200009,1,"$30,443",3.6
DLLS,13,H,14,13,H,0110,1,GM-13,G,XXXX,2,10,F,1,200009,1,"$78,146",26.6
DLLS,27,G,13,06,C,0119,3,GS-06,B,XXXX,8,15,P,2,200009,1,"$27,723",3.3
DLLS,27,K,14,07,G,0119,3,GS-07,C,XXXX,8,10,P,2,200009,1,"$36,580",24.7
DLLS,39,F,13,12,F,0110,1,GS-12,E,XXXX,2,10,F,1,200009,1,"$55,591",17.6
DLLS,06,D,17,12,C,0110,1,GS-12,E,XXXX,8,15,F,1,200009,1,"$54,003",3.0
DLLS,06,F,13,07,A,0110,1,GS-07,C,XXXX,8,15,F,1,200009,1,"$30,443",0.2
DLLS,51,F,13,12,D,0110,1,GS-12,E,XXXX,8,10,F,1,200009,1,"$52,208",7.8
DLLS,46,E,14,06,C,0119,3,GS-06,B,XXXX,8,10,P,2,200009,1,"$27,978",4.3
DLLS,11,B,13,07,A,0110,1,GS-07,B,XXXX,8,15,F,1,200009,1,"$28,866",0.2
DLLS,06,F,17,06,D,0119,3,GS-06,B,XXXX,8,20,P,2,200009,1,"$27,068",7.5
DLLS,48,F,13,12,F,0110,1,GS-12,E,XXXX,8,10,F,1,200009,1,"$56,087",19.0
DLLS,27,F,15,11,E,0110,1,GS-11,E,XXXX,8,10,F,1,200009,1,"$51,297",14.9
DLLS,27,K,13,06,D,0119,3,GS-06,B,XXXX,8,15,P,2,200009,1,"$27,131",5.3
DLLS,06,I,17,05,B,0119,3,GS-05,B,XXXX,8,15,P,2,200009,1,"$24,284",1.3
DLLS,51,H,04,05,F,0119,3,GS-05,B,XXXX,8,15,P,2,200009,1,"$27,591",15.5
DLLS,17,G,13,12,G,0110,1,GS-12,F,XXXX,7,10,F,1,200009,1,"$64,564",24.7
DLLS,11,H,21,09,D,0110,1,GS-09,D,XXXX,8,10,F,1,200009,1,"$45,900",6.7
DLLS,11,B,13,07,A,0110,1,GS-07,C,XXXX,8,15,F,1,200009,1,"$30,789",0.2
DLLS,27,I,14,12,I,0110,1,GS-12,F,XXXX,7,10,F,1,200009,1,"$66,601",34.8
DLLS,06,H,13,07,F,0119,3,GS-07,C,XXXX,8,10,P,2,200009,1,"$38,558",15.3
DLLS,06,K,13,12,J,0110,1,GS-12,G,XXXX,8,10,F,1,200009,1,"$70,202",40.9
DLLS,25,J,13,12,E,0110,1,GS-12,F,XXXX,8,10,F,1,200009,1,"$62,385",12.8
DLLS,11,E,13,12,E,0110,1,GS-12,E,XXXX,8,10,F,1,200009,1,"$52,911",14.4
DLLS,11,E,04,06,E,0119,3,GS-06,C,XXXX,8,10,F,1,200009,1,"$31,171",13.2
DLLS,55,J,13,05,B,0119,3,GS-05,B,XXXX,8,15,P,2,200009,1,"$22,819",2.0
DLLS,11,G,21,,D,0110,1,EX-04,L,XXXX,2,46,F,2,200009,1,"$122,400",7.3
DLLS,11,G,14,12,G,0110,1,GS-12,F,XXXX,8,10,F,1,200009,1,"$61,444",21.3
DLLS,08,J,13,05,A,0119,3,GS-05,B,XXXX,8,15,P,2,200009,1,"$23,622",0.9
DLLS,27,J,15,07,D,0119,3,GS-07,C,XXXX,8,10,P,2,200009,1,"$30,806",7.8
DLLS,11,C,13,11,C,0110,1,GS-11,D,XXXX,8,15,F,1,200009,1,"$42,724",4.0
DLLS,48,K,13,07,F,0119,3,GS-07,C,XXXX,8,20,P,2,200009,1,"$36,741",16.2
DLLS,17,H,13,14,H,0110,1,GS-14,H,XXXX,2,10,F,1,200009,1,"$80,919",26.9
DLLS,29,F,13,13,G,0110,1,GM-13,G,XXXX,4,10,F,1,200009,1,"$71,975",20.1
DLLS,11,F,13,14,G,0110,1,GS-14,H,XXXX,2,10,F,1,200009,1,"$81,546",21.9
DLLS,31,F,13,05,B,0119,3,GS-05,B,XXXX,8,15,P,2,200009,1,"$23,579",1.5
DLLS,17,B,13,07,A,0110,1,GS-07,B,XXXX,8,15,F,1,200009,1,"$29,511",0.2
DLLS,08,B,13,11,B,0110,1,GS-11,D,XXXX,8,15,F,1,200009,1,"$43,307",2.3
DLLS,11,H,14,14,H,0110,1,GM-14,I,XXXX,2,10,F,1,200009,1,"$93,537",28.5
DLLS,29,D,13,12,D,0110,1,GS-12,E,XXXX,8,10,F,1,200009,1,"$52,120",8.3
DLLS,32,K,15,05,A,0119,3,GS-05,B,XXXX,8,99,P,2,200009,1,"$29,661",0.3
DLLS,29,G,13,14,G,0110,1,GM-14,H,XXXX,2,10,F,1,200009,1,"$87,425",24.2
DLLS,11,G,04,12,G,0110,1,GS-12,E,XXXX,8,10,P,2,200009,1,"$56,324",22.9
DLLS,29,G,13,07,E,0119,3,GS-07,C,XXXX,8,10,P,2,200009,1,"$33,171",12.9
DLLS,39,J,09,07,E,0119,3,GS-07,C,XXXX,8,10,P,2,200009,1,"$33,236",14.3
DLLS,29,F,04,12,G,0110,1,GS-12,E,XXXX,8,10,F,1,200009,1,"$58,845",24.2
DLLS,11,H,17,,H,0110,1,ES-01,K,XXXX,2,50,F,1,200009,1,"$115,811",29.3
DLLS,29,H,17,12,G,0110,1,GS-12,F,XXXX,8,10,F,1,200009,1,"$62,010",24.6
DLLS,29,H,17,12,F,0110,1,GS-12,F,XXXX,8,10,F,1,200009,1,"$60,526",18.0
DLLS,29,H,14,12,F,0110,1,GS-12,E,XXXX,8,10,F,1,200009,1,"$52,120",16.4
DLLS,29,G,13,12,E,0110,1,GS-12,E,XXXX,8,10,F,1,200009,1,"$58,845",14.8
DLLS,29,I,17,07,D,0119,3,GS-07,B,XXXX,8,10,P,2,200009,1,"$29,382",7.2
DLLS,29,I,08,07,E,0119,3,GS-07,C,XXXX,8,10,P,2,200009,1,"$33,066",14.7
DLLS,29,H,13,13,H,0110,1,GM-13,G,XXXX,2,10,F,1,200009,1,"$74,979",28.9
DLLS,29,G,13,05,A,0119,3,GS-05,B,XXXX,8,15,P,2,200009,1,"$22,956",0.2
DLLS,11,G,13,13,G,0110,1,GS-13,G,XXXX,8,10,F,1,200009,1,"$77,126",21.1
DLLS,29,C,13,11,C,0110,1,GS-11,D,XXXX,8,10,F,1,200009,1,"$43,488",3.1
DLLS,48,G,13,13,H,0110,1,GM-13,G,XXXX,2,10,F,1,200009,1,"$77,824",26.2
DLLS,11,D,13,11,D,0110,1,GS-11,D,XXXX,8,15,F,1,200009,1,"$42,724",8.7
DLLS,29,D,13,11,B,0110,1,GS-11,D,XXXX,8,15,F,1,200009,1,"$42,085",2.1
DLLS,11,H,17,,H,0110,1,ES-04,M,XXXX,2,50,F,1,200009,1,"$130,200",26.8
DLLS,17,H,04,07,I,0119,3,GS-07,C,XXXX,8,10,F,1,200009,1,"$36,395",30.4
DLLS,29,H,13,11,F,0110,1,GS-11,E,XXXX,8,10,F,1,200009,1,"$53,140",19.6
DLLS,06,H,13,14,H,0110,1,GM-14,I,XXXX,2,10,F,1,200009,1,"$98,108",29.3
DLLS,29,F,15,05,A,0119,3,GS-05,B,XXXX,8,15,P,2,200009,1,"$22,956",0.1
DLLS,29,I,13,12,E,0110,1,GS-12,E,XXXX,8,10,F,1,200009,1,"$52,120",10.3
DLLS,29,I,13,07,G,0119,3,GS-07,C,XXXX,8,30,P,2,200009,1,"$34,011",20.1
DLLS,29,K,13,07,F,0119,3,GS-07,C,XXXX,8,10,P,2,200009,1,"$32,122",16.2
DLLS,29,I,13,07,H,0119,3,GS-07,C,XXXX,8,10,P,2,200009,1,"$36,014",25.9
DLLS,29,G,13,06,D,0119,3,GS-06,B,XXXX,8,10,P,2,200009,1,"$28,057",6.5
DLLS,29,E,13,12,D,0110,1,GS-12,E,XXXX,8,10,F,1,200009,1,"$53,801",9.1
DLLS,11,J,22,14,I,0110,1,GS-14,I,XXXX,8,10,F,1,200009,1,"$93,537",31.5
DLLS,27,G,17,07,A,0110,1,GS-07,C,XXXX,8,15,F,1,200009,1,"$37,543",0.2
DLLS,29,K,13,12,G,0110,1,GS-12,F,XXXX,2,10,F,1,200009,1,"$60,526",21.9
DLLS,42,G,13,05,A,0119,3,GS-05,B,XXXX,8,15,P,2,200009,1,"$23,411",0.2
DLLS,29,C,13,12,D,0110,1,GS-12,E,XXXX,8,10,F,1,200009,1,"$52,120",5.6
DLLS,31,K,13,06,C,0119,3,GS-06,B,XXXX,8,10,P,2,200009,1,"$27,131",3.9
DLLS,29,I,13,13,H,0110,1,GM-13,G,XXXX,2,10,F,1,200009,1,"$73,981",28.3
DLLS,46,I,13,05,A,0119,3,GS-05,B,XXXX,8,15,P,2,200009,1,"$22,819",0.3
DLLS,49,K,07,07,F,0119,3,GS-07,C,XXXX,8,10,P,2,200009,1,"$32,974",16.3
DLLS,31,I,04,05,B,0119,3,GS-05,B,XXXX,8,15,P,2,200009,1,"$23,579",1.5
DLLS,11,D,17,11,C,0110,1,GS-11,D,XXXX,8,15,F,1,200009,1,"$42,724",3.5
DLLS,08,C,17,12,C,0110,1,GS-12,E,XXXX,8,10,F,1,200009,1,"$51,904",3.1
DLLS,11,D,17,09,B,0110,1,GS-09,C,XXXX,8,15,F,1,200009,1,"$35,310",1.3
DLLS,01,G,04,05,D,0119,3,GS-05,B,XXXX,8,20,P,2,200009,1,"$22,819",6.5
DLLS,29,E,17,12,D,0110,1,GS-12,E,XXXX,8,10,F,1,200009,1,"$52,120",7.8
DLLS,29,F,17,13,F,0110,1,GS-13,F,XXXX,2,10,F,1,200009,1,"$65,977",15.0
DLLS,31,D,14,12,D,0110,1,GS-12,E,XXXX,8,10,F,1,200009,1,"$53,481",8.2
DLLS,29,C,13,11,C,0110,1,GS-11,D,XXXX,8,15,F,1,200009,1,"$42,085",3.0
DLLS,41,I,13,05,A,0119,3,GS-05,B,XXXX,8,15,P,2,200009,1,"$23,306",0.8
DLLS,29,H,18,12,E,0110,1,GS-12,E,XXXX,8,10,F,1,200009,1,"$58,845",14.3
DLLS,11,H,07,13,I,0110,1,GM-13,G,XXXX,2,10,F,1,200009,1,"$73,067",31.0
DLLS,29,D,13,11,E,0110,1,GS-11,D,XXXX,8,10,F,1,200009,1,"$43,488",13.3
DLLS,17,B,13,07,A,0110,1,GS-07,B,XXXX,8,15,F,1,200009,1,"$29,511",0.9
DLLS,29,K,04,06,G,0119,3,GS-06,C,XXXX,8,10,P,2,200009,1,"$33,264",24.4
DLLS,08,C,17,11,B,0110,1,GS-11,D,XXXX,8,15,F,1,200009,1,"$43,307",2.1
DLLS,48,H,17,15,I,0110,1,GM-15,J,XXXX,2,10,F,1,200009,1,"$109,564",31.4
DLLS,11,G,18,14,H,0110,1,GS-14,H,XXXX,2,10,F,1,200009,1,"$83,945",28.3
DLLS,13,G,10,06,H,0119,3,GS-06,C,XXXX,8,10,P,2,200009,1,"$33,338",25.3
DLLS,11,D,13,14,D,0110,1,GS-14,G,XXXX,2,10,F,1,200009,1,"$71,954",9.6
DLLS,11,H,13,12,E,0110,1,GS-12,E,XXXX,8,10,F,1,200009,1,"$56,324",11.3
DLLS,29,D,13,09,B,0110,1,GS-09,C,XXXX,8,15,F,1,200009,1,"$34,783",1.1
DLLS,20,I,04,06,D,0119,3,GS-06,B,XXXX,8,10,P,2,200009,1,"$27,131",6.5
DLLS,11,G,13,15,H,0110,1,GS-15,H,XXXX,2,10,F,1,200009,1,"$87,459",25.8
DLLS,20,G,13,06,C,0119,3,GS-06,B,XXXX,8,10,P,2,200009,1,"$27,978",3.6
DLLS,29,E,14,12,D,0110,1,GS-12,E,XXXX,8,10,F,1,200009,1,"$53,801",8.0
DLLS,13,D,13,12,D,0110,1,GS-12,E,XXXX,8,10,F,1,200009,1,"$52,237",9.3
DLLS,11,H,17,12,D,0110,1,GS-12,E,XXXX,8,10,F,1,200009,1,"$56,324",7.5
DLLS,53,K,04,07,G,0119,3,GS-07,C,XXXX,8,10,P,2,200009,1,"$36,610",24.1
DLLS,11,D,21,13,D,0110,1,GS-13,F,XXXX,8,10,P,2,200009,1,"$69,008",7.8
DLLS,11,I,17,13,E,0110,1,GS-13,F,XXXX,8,10,F,1,200009,1,"$69,008",11.7
DLLS,02,G,17,07,D,0119,3,GS-07,B,XXXX,8,10,P,2,200009,1,"$27,352",5.1
DLLS,11,B,**,07,A,0110,1,GS-07,B,XXXX,8,15,F,1,200009,1,"$28,866",0.1
DLLS,11,H,21,13,H,0110,1,GS-13,G,XXXX,8,10,F,1,200009,1,"$79,155",28.0
DLLS,53,F,13,06,B,0119,3,GS-06,B,XXXX,8,15,P,2,200009,1,"$25,435",2.7
DLLS,16,F,13,07,C,0119,3,GS-07,B,XXXX,8,10,P,2,200009,1,"$29,206",3.6
DLLS,11,F,17,13,D,0110,1,GS-13,F,XXXX,8,10,F,1,200009,1,"$62,920",5.4
DLLS,11,H,17,13,D,0110,1,GS-13,F,XXXX,8,10,F,1,200009,1,"$60,890",6.8
DLLS,11,D,17,07,B,0110,1,GS-07,B,XXXX,8,15,F,1,200009,1,"$28,866",2.2
DLLS,08,H,17,07,F,0119,3,GS-07,C,XXXX,8,10,P,2,200009,1,"$36,085",17.9
DLLS,11,C,13,09,B,0110,1,GS-09,C,XXXX,8,42,F,2,200009,1,"$35,310",1.5
DLLS,17,B,13,07,A,0110,1,GS-07,B,XXXX,8,15,F,1,200009,1,"$29,511",0.8
DLLS,11,B,13,07,A,0110,1,GS-07,B,XXXX,8,15,F,1,200009,1,"$28,866",0.8
DLLS,11,D,17,11,B,0110,1,GS-11,D,XXXX,8,15,F,1,200009,1,"$42,724",1.0
DLLS,08,D,13,12,D,0110,1,GS-12,E,XXXX,8,10,F,1,200009,1,"$55,364",9.3
DLLS,48,E,04,05,E,0119,3,GS-05,B,XXXX,8,10,P,2,200009,1,"$29,661",11.6
DLLS,42,B,13,09,B,0110,1,GS-09,C,XXXX,8,15,F,1,200009,1,"$35,472",1.8
DLLS,08,K,04,07,D,0119,3,GS-07,C,XXXX,8,10,P,2,200009,1,"$31,210",7.3
DLLS,08,I,13,05,D,0119,3,GS-05,B,XXXX,8,15,P,2,200009,1,"$27,558",7.1
DLLS,11,G,17,12,E,0110,1,GS-12,E,XXXX,8,10,F,1,200009,1,"$59,738",12.8
DLLS,48,H,14,12,H,0110,1,GS-12,F,XXXX,8,10,F,1,200009,1,"$62,882",26.4
DLLS,36,J,13,05,B,0119,3,GS-05,B,XXXX,8,15,P,2,200009,1,"$22,819",2.1
DLLS,41,H,13,07,C,0119,3,GS-07,B,XXXX,8,10,P,2,200009,1,"$28,265",3.4
DLLS,11,G,21,15,D,0110,1,GS-15,I,XXXX,8,10,F,1,200009,1,"$95,923",9.0
DLLS,13,B,13,09,B,0110,1,GS-09,C,XXXX,8,15,F,1,200009,1,"$34,860",2.0
DLLS,11,B,13,07,A,0110,1,GS-07,B,XXXX,8,15,F,1,200009,1,"$28,866",0.9
DLLS,11,C,13,12,C,0110,1,GS-12,E,XXXX,8,15,F,1,200009,1,"$51,204",3.1
DLLS,49,I,07,07,D,0119,3,GS-07,C,XXXX,8,10,P,2,200009,1,"$30,148",5.4
DLLS,11,H,21,15,H,0110,1,GS-15,J,XXXX,2,10,F,1,200009,1,"$101,565",27.0
DLLS,06,C,13,07,A,0110,1,GS-07,C,XXXX,8,15,F,1,200009,1,"$30,443",0.1
DLLS,39,B,13,07,A,0110,1,GS-07,B,XXXX,8,15,F,1,200009,1,"$28,990",0.9
DLLS,11,E,17,13,D,0110,1,GS-13,F,XXXX,8,10,F,1,200009,1,"$62,920",7.0
DLLS,15,H,17,06,E,0119,3,GS-06,C,XXXX,8,10,P,2,200009,1,"$30,966",11.7
DLLS,06,F,17,12,F,0110,1,GS-12,G,XXXX,2,10,F,1,200009,1,"$70,202",16.8
DLLS,06,E,13,13,E,0110,1,GS-13,G,XXXX,4,10,F,1,200009,1,"$70,639",13.7
DLLS,11,B,13,07,A,0110,1,GS-07,B,XXXX,8,15,F,1,200009,1,"$28,866",0.3
DLLS,15,H,13,05,A,0119,3,GS-05,B,XXXX,8,15,P,2,200009,1,"$21,370",0.3
DLLS,11,F,13,11,E,0110,1,GS-11,D,XXXX,8,10,F,1,200009,1,"$48,420",10.7
DLLS,53,K,17,12,H,0110,1,GS-12,E,XXXX,4,10,F,1,200009,1,"$59,820",25.2
DLLS,11,I,13,12,I,0110,1,GS-12,F,XXXX,8,10,F,1,200009,1,"$66,564",33.1
DLLS,11,C,17,12,C,0110,1,GS-12,E,XXXX,8,10,F,1,200009,1,"$51,204",3.3
DLLS,53,J,13,07,C,0119,3,GS-07,B,XXXX,8,10,P,2,200009,1,"$28,905",3.1
DLLS,53,G,13,06,F,0119,3,GS-06,C,XXXX,8,10,P,2,200009,1,"$33,815",18.9
DLLS,06,C,13,09,D,0110,1,GS-09,C,XXXX,8,10,F,1,200009,1,"$37,240",6.3
DLLS,11,D,17,12,B,0110,1,GS-12,E,XXXX,8,15,F,1,200009,1,"$51,204",2.4
DLLS,11,B,13,09,B,0110,1,GS-09,C,XXXX,8,15,F,1,200009,1,"$35,310",1.3
DLLS,53,F,13,06,B,0119,3,GS-06,B,XXXX,8,15,P,2,200009,1,"$26,011",2.8
DLLS,53,D,13,05,B,0119,3,GS-05,B,XXXX,8,20,P,2,200009,1,"$24,114",1.4
DLLS,04,J,15,12,J,0110,1,GS-12,F,XXXX,8,10,F,1,200009,1,"$63,507",36.9
DLLS,04,I,10,05,A,0119,3,GS-05,B,XXXX,8,15,P,2,200009,1,"$22,819",0.6
DLLS,42,H,18,13,H,0110,1,GM-13,G,XXXX,2,10,F,1,200009,1,"$76,466",29.4
DLLS,13,C,13,07,A,0110,1,GS-07,B,XXXX,8,15,F,1,200009,1,"$28,498",0.9
DLLS,41,K,04,07,G,0119,3,GS-07,C,XXXX,8,10,P,2,200009,1,"$36,563",23.8
DLLS,53,I,03,07,D,0119,3,GS-07,C,XXXX,8,10,P,2,200009,1,"$30,832",5.9
DLLS,06,D,13,11,C,0110,1,GS-11,D,XXXX,8,15,F,1,200009,1,"$44,177",4.7
DLLS,11,B,13,07,A,0110,1,GS-07,B,XXXX,8,15,F,1,200009,1,"$28,866",0.2
DLLS,53,F,13,07,E,0119,3,GS-07,B,XXXX,8,10,P,2,200009,1,"$28,265",14.7
DLLS,25,C,13,11,B,0110,1,GS-11,D,XXXX,8,15,F,1,200009,1,"$43,378",2.4
DLLS,41,F,13,12,F,0110,1,GS-12,F,XXXX,8,10,F,1,200009,1,"$64,863",19.9
DLLS,11,G,17,12,D,0110,1,GS-12,E,XXXX,8,10,F,1,200009,1,"$56,324",8.6
DLLS,42,D,13,09,C,0110,1,GS-09,C,XXXX,8,15,F,1,200009,1,"$35,472",3.6
DLLS,51,E,10,05,E,0119,3,GS-05,B,XXXX,8,15,P,2,200009,1,"$22,819",12.3
DLLS,11,C,13,07,A,0110,1,GS-07,B,XXXX,8,15,F,1,200009,1,"$28,866",0.1
DLLS,11,B,13,09,B,0110,1,GS-09,C,XXXX,8,15,F,1,200009,1,"$35,310",1.1
DLLS,41,G,12,13,G,0110,1,GS-13,F,XXXX,8,10,F,1,200009,1,"$69,014",22.3
DLLS,06,G,09,12,H,0110,1,GS-12,F,XXXX,8,10,F,1,200009,1,"$63,002",28.0
DLLS,06,G,17,13,E,0110,1,GS-13,F,XXXX,2,10,F,1,200009,1,"$68,499",14.8
DLLS,06,E,13,12,D,0110,1,GS-12,E,XXXX,8,10,F,1,200009,1,"$57,603",8.5
DLLS,11,I,14,12,I,0110,1,GS-12,F,XXXX,8,10,F,1,200009,1,"$63,151",32.2
DLLS,06,B,13,07,A,0110,1,GS-07,B,XXXX,8,15,F,1,200009,1,"$29,848",0.4
DLLS,06,G,13,06,C,0119,3,GS-06,B,XXXX,8,10,P,2,200009,1,"$28,650",4.0
DLLS,53,D,13,12,D,0110,1,GS-12,E,XXXX,8,10,F,1,200009,1,"$58,111",9.4
DLLS,11,I,21,13,D,0110,1,GS-13,G,XXXX,8,10,F,1,200009,1,"$71,037",8.5
DLLS,53,E,13,12,E,0110,1,GS-12,E,XXXX,8,10,F,1,200009,1,"$54,693",10.4
DLLS,06,G,13,07,C,0119,3,GS-07,B,XXXX,8,10,P,2,200009,1,"$28,265",3.7
DLLS,06,J,13,07,G,0119,3,GS-07,C,XXXX,8,10,P,2,200009,1,"$34,929",22.0
DLLS,24,F,13,12,E,0110,1,GS-12,F,XXXX,8,10,F,1,200009,1,"$66,564",12.2
DLLS,11,D,13,07,D,0110,1,GS-07,B,XXXX,8,15,F,1,200009,1,"$29,827",9.0
DLLS,06,F,13,07,C,0110,1,GS-07,B,XXXX,8,15,F,1,200009,1,"$29,848",3.3
DLLS,48,H,13,11,B,0110,1,GS-11,D,XXXX,8,15,F,1,200009,1,"$42,543",2.6
DLLS,06,K,06,06,D,0119,3,GS-06,B,XXXX,8,20,P,2,200009,1,"$27,755",6.5
DLLS,06,H,13,07,G,0119,3,GS-07,C,XXXX,8,10,P,2,200009,1,"$39,573",21.6
DLLS,11,D,13,13,E,0110,1,GS-13,F,XXXX,8,10,F,1,200009,1,"$60,890",11.2
DLLS,11,H,21,14,E,0110,1,GS-14,H,XXXX,8,10,F,1,200009,1,"$83,945",11.0
DLLS,48,F,13,11,C,0110,1,GS-11,D,XXXX,8,10,F,1,200009,1,"$43,962",3.1
DLLS,11,H,21,,G,0110,1,ES-04,M,XXXX,2,50,F,1,200009,1,"$130,200",22.6
DLLS,11,C,17,12,C,0110,1,GS-12,E,XXXX,8,10,F,1,200009,1,"$52,911",3.5
DLLS,48,G,17,12,E,0110,1,GS-12,E,XXXX,2,10,F,1,200009,1,"$50,988",11.2
DLLS,06,F,13,12,G,0110,1,GS-12,F,XXXX,8,10,F,1,200009,1,"$63,002",20.8
DLLS,06,C,13,12,C,0110,1,GS-12,E,XXXX,8,10,F,1,200009,1,"$54,003",3.2
DLLS,06,B,13,07,A,0110,1,GS-07,C,XXXX,8,15,F,1,200009,1,"$30,443",0.3
DLLS,06,F,04,07,G,0119,3,GS-07,C,XXXX,8,10,P,2,200009,1,"$39,573",20.5
DLLS,06,F,13,07,E,0119,3,GS-07,C,XXXX,8,10,P,2,200009,1,"$35,515",12.8
DLLS,11,F,17,11,B,0110,1,GS-11,D,XXXX,8,15,F,1,200009,1,"$42,724",2.3
DLLS,36,I,13,06,B,0119,3,GS-06,B,XXXX,8,15,P,2,200009,1,"$27,790",2.6
DLLS,11,G,17,11,F,0110,1,GS-11,D,XXXX,8,15,F,1,200009,1,"$42,724",17.3
DLLS,41,I,14,07,D,0119,3,GS-07,C,XXXX,8,10,P,2,200009,1,"$30,792",6.1
DLLS,11,H,14,12,H,0110,1,GS-12,F,XXXX,8,10,F,1,200009,1,"$66,564",26.3
DLLS,06,H,13,12,E,0110,1,GS-12,F,XXXX,8,10,F,1,200009,1,"$61,203",10.1
DLLS,11,B,13,07,A,0110,1,GS-07,C,XXXX,8,15,F,1,200009,1,"$32,713",0.2
DLLS,11,F,13,07,E,0110,1,GS-07,C,XXXX,8,10,F,1,200009,1,"$37,522",12.6
DLLS,06,G,13,14,G,0110,1,GS-14,H,XXXX,2,10,F,1,200009,1,"$83,474",20.8
DLLS,06,F,07,07,D,0119,3,GS-07,C,XXXX,8,10,P,2,200009,1,"$32,831",7.6
DLLS,06,E,13,06,D,0119,3,GS-06,B,XXXX,8,10,P,2,200009,1,"$26,283",6.1
DLLS,11,D,17,12,C,0110,1,GS-12,E,XXXX,8,15,F,1,200009,1,"$52,911",3.2
DLLS,06,K,09,07,D,0119,3,GS-07,C,XXXX,8,10,P,2,200009,1,"$32,831",7.8
DLLS,11,H,14,13,H,0110,1,GM-13,G,XXXX,2,10,F,1,200009,1,"$79,155",28.8
DLLS,06,D,13,11,B,0110,1,GS-11,D,XXXX,8,15,F,1,200009,1,"$45,059",2.5
DLLS,48,G,13,13,H,0110,1,GS-13,F,XXXX,2,10,F,1,200009,1,"$68,717",25.6
DLLS,06,I,13,07,D,0119,3,GS-07,C,XXXX,8,10,P,2,200009,1,"$32,019",8.3
DLLS,06,E,13,07,C,0119,3,GS-07,C,XXXX,8,10,P,2,200009,1,"$30,443",4.4
DLLS,11,I,18,14,I,0110,1,GS-14,I,XXXX,8,10,F,1,200009,1,"$93,537",34.2
DLLS,11,H,21,15,F,0110,1,GS-15,J,XXXX,8,10,F,1,200009,1,"$107,207",19.3
DLLS,06,H,13,09,C,0110,1,GS-09,C,XXXX,8,15,F,1,200009,1,"$37,240",3.0
DLLS,06,C,13,11,C,0110,1,GS-11,D,XXXX,2,10,F,1,200009,1,"$45,059",4.3
DLLS,06,H,13,12,G,0110,1,GS-12,F,XXXX,8,10,F,1,200009,1,"$63,002",22.3
DLLS,11,H,13,14,H,0110,1,GM-14,H,XXXX,2,10,F,1,200009,1,"$87,540",26.9
DLLS,12,D,17,12,C,0110,1,GS-12,E,XXXX,8,10,F,1,200009,1,"$50,139",3.0
DLLS,11,C,17,11,B,0110,1,GS-11,D,XXXX,8,15,F,1,200009,1,"$42,724",1.7
DLLS,13,C,13,09,B,0110,1,GS-09,C,XXXX,8,15,F,1,200009,1,"$34,860",1.7
DLLS,06,E,17,12,D,0110,1,GS-12,E,XXXX,8,10,F,1,200009,1,"$54,711",9.3
DLLS,06,D,13,13,D,0110,1,GS-13,F,XXXX,2,10,F,1,200009,1,"$68,499",8.3
DLLS,42,C,13,07,A,0110,1,GS-07,B,XXXX,8,15,F,1,200009,1,"$28,998",0.0
DLLS,06,G,13,12,G,0110,1,GS-12,F,XXXX,8,10,F,1,200009,1,"$64,802",24.1
DLLS,11,C,13,07,A,0110,1,GS-07,C,XXXX,8,15,F,1,200009,1,"$37,522",0.2
DLLS,06,I,13,12,C,0110,1,GS-12,E,XXXX,8,10,F,1,200009,1,"$55,803",4.1
DLLS,11,D,17,12,C,0110,1,GS-12,E,XXXX,8,15,F,1,200009,1,"$51,204",4.2
DLLS,06,G,09,05,F,0119,3,GS-05,C,XXXX,8,15,P,2,200009,1,"$31,947",16.8
DLLS,04,K,14,07,F,0119,3,GS-07,C,XXXX,8,10,P,2,200009,1,"$34,857",18.4
DLLS,06,H,13,12,H,0110,1,GS-12,F,XXXX,8,10,F,1,200009,1,"$68,402",28.6
DLLS,06,G,13,13,G,0110,1,GS-13,F,XXXX,2,10,F,1,200009,1,"$68,499",22.4
DLLS,11,F,21,14,E,0110,1,GS-14,H,XXXX,8,10,F,1,200009,1,"$81,546",10.0
DLLS,06,D,13,12,D,0110,1,GS-12,E,XXXX,8,10,F,1,200009,1,"$56,476",9.3
DLLS,06,B,17,07,A,0110,1,GS-07,B,XXXX,8,15,F,1,200009,1,"$29,848",0.2
DLLS,06,H,17,07,C,0119,3,GS-07,C,XXXX,8,10,P,2,200009,1,"$30,842",4.6
DLLS,06,E,13,12,F,0110,1,GS-12,F,XXXX,8,10,F,1,200009,1,"$61,203",15.1
DLLS,11,D,17,07,B,0110,1,GS-07,B,XXXX,8,15,F,1,200009,1,"$28,866",2.1
DLLS,11,K,17,13,G,0110,1,GS-13,G,XXXX,8,10,F,1,200009,1,"$79,155",20.3
DLLS,06,I,04,07,G,0119,3,GS-07,C,XXXX,8,10,P,2,200009,1,"$36,809",20.7
DLLS,06,G,13,07,D,0119,3,GS-07,C,XXXX,8,10,P,2,200009,1,"$30,842",5.7
DLLS,06,E,08,12,F,0110,1,GS-12,E,XXXX,8,10,F,1,200009,1,"$55,803",16.9
DLLS,11,E,13,12,C,0110,1,GS-12,E,XXXX,2,15,F,1,200009,1,"$51,204",3.7
DLLS,06,F,11,13,G,0110,1,GS-13,F,XXXX,2,10,F,1,200009,1,"$68,499",21.5
DLLS,25,E,13,12,D,0110,1,GS-12,E,XXXX,2,10,F,1,200009,1,"$58,920",5.6
DLLS,06,H,13,05,B,0119,3,GS-05,B,XXXX,8,15,P,2,200009,1,"$25,703",2.8
DLLS,06,F,14,12,F,0110,1,GS-12,E,XXXX,8,10,F,1,200009,1,"$59,403",19.8
DLLS,06,C,13,11,B,0110,1,GS-11,D,XXXX,8,15,F,1,200009,1,"$44,177",2.0
DLLS,29,H,17,12,F,0110,1,GS-12,F,XXXX,8,10,F,1,200009,1,"$62,207",16.5
DLLS,06,E,13,13,E,0110,1,GS-13,F,XXXX,4,10,F,1,200009,1,"$66,358",10.4
DLLS,06,D,13,05,B,0119,3,GS-05,B,XXXX,8,20,P,2,200009,1,"$25,397",1.1
DLLS,16,J,14,07,D,0119,3,GS-07,C,XXXX,8,10,P,2,200009,1,"$33,915",8.0
DLLS,06,D,13,12,D,0110,1,GS-12,E,XXXX,8,10,F,1,200009,1,"$52,946",9.3
DLLS,11,D,13,12,D,0110,1,GS-12,E,XXXX,8,10,F,1,200009,1,"$52,911",7.2
DLLS,06,J,13,05,B,0119,3,GS-05,B,XXXX,8,15,P,2,200009,1,"$24,900",1.6
DLLS,11,C,13,12,C,0110,1,GS-12,E,XXXX,8,10,F,1,200009,1,"$51,204",3.0
DLLS,06,H,09,07,C,0119,3,GS-07,C,XXXX,8,10,P,2,200009,1,"$30,842",4.0
DLLS,06,G,04,07,H,0119,3,GS-07,C,XXXX,8,10,F,1,200009,1,"$39,573",29.1
DLLS,04,D,13,12,D,0110,1,GS-12,E,XXXX,8,10,F,1,200009,1,"$56,823",9.4
DLLS,06,E,13,07,D,0119,3,GS-07,C,XXXX,8,10,P,2,200009,1,"$33,826",8.3
DLLS,06,C,17,07,A,0110,1,GS-07,B,XXXX,8,15,F,1,200009,1,"$29,848",0.2
DLLS,06,J,13,14,F,0110,1,GS-14,G,XXXX,2,10,F,1,200009,1,"$75,887",19.6
DLLS,06,I,10,05,B,0119,3,GS-05,B,XXXX,8,15,P,2,200009,1,"$23,579",1.1
DLLS,06,K,13,07,F,0119,3,GS-07,C,XXXX,8,10,P,2,200009,1,"$34,820",15.4
DLLS,11,F,17,13,E,0110,1,GS-13,F,XXXX,8,10,F,1,200009,1,"$62,920",14.6
DLLS,11,D,17,12,A,0110,1,GS-12,F,XXXX,8,15,F,1,200009,1,"$63,151",0.2
DLLS,06,G,13,06,C,0119,3,GS-06,B,XXXX,8,10,P,2,200009,1,"$28,650",3.3
DLLS,02,J,13,05,A,0119,3,GS-05,B,XXXX,8,15,P,2,200009,1,"$21,370",0.1
DLLS,11,F,18,12,F,0110,1,GS-12,F,XXXX,8,10,F,1,200009,1,"$63,151",15.8
DLLS,11,C,13,07,A,0110,1,GS-07,B,XXXX,8,15,F,1,200009,1,"$28,866",0.8
DLLS,15,G,13,07,D,0119,3,GS-07,B,XXXX,8,10,P,2,200009,1,"$29,116",7.7
DLLS,11,G,21,12,D,0110,1,GS-12,E,XXXX,8,10,F,1,200009,1,"$51,204",5.3
DLLS,53,H,13,07,C,0119,3,GS-07,B,XXXX,8,10,P,2,200009,1,"$29,868",4.3
DLLS,11,D,13,12,E,0110,1,GS-12,E,XXXX,8,10,F,1,200009,1,"$52,911",11.3
DLLS,06,D,13,12,C,0110,1,GS-12,E,XXXX,8,10,F,1,200009,1,"$55,803",3.3
DLLS,11,C,04,06,D,0119,3,GS-06,C,XXXX,8,10,P,2,200009,1,"$30,305",9.6
DLLS,11,E,17,12,C,0110,1,GS-12,E,XXXX,8,10,F,1,200009,1,"$52,911",4.1
DLLS,11,D,04,06,E,0119,3,GS-06,C,XXXX,8,10,F,1,200009,1,"$31,171",10.9
DLLS,11,D,17,11,B,0110,1,GS-11,D,XXXX,8,15,F,1,200009,1,"$42,724",2.2
DLLS,11,K,07,07,H,0119,3,GS-07,C,XXXX,8,10,F,1,200009,1,"$35,598",28.2
DLLS,11,I,05,12,J,0110,1,GS-12,F,XXXX,8,10,F,1,200009,1,"$61,444",35.4
DLLS,11,I,04,11,I,0110,1,GS-11,D,XXXX,8,10,F,1,200009,1,"$42,724",33.0
DLLS,11,I,04,06,J,0119,3,GS-06,C,XXXX,8,10,F,1,200009,1,"$33,768",35.3
DLLS,11,I,04,12,J,0110,1,GS-12,F,XXXX,8,10,F,1,200009,1,"$64,857",38.7
DLLS,11,I,04,09,I,0119,3,GS-09,D,XXXX,2,10,F,1,200009,1,"$45,900",34.8
DLLS,11,H,04,08,I,0119,3,GS-08,D,XXXX,2,10,F,1,200009,1,"$41,557",34.3
DLLS,11,H,14,12,I,0110,1,GS-12,F,XXXX,8,10,F,1,200009,1,"$61,444",34.3
DLLS,11,I,21,,G,0110,1,ES-03,L,XXXX,2,50,F,1,200009,1,"$126,825",22.1
DLLS,11,I,07,08,I,0119,3,GS-08,D,XXXX,2,10,F,1,200009,1,"$41,557",33.0
DLLS,11,H,13,13,H,0110,1,GS-13,G,XXXX,8,10,F,1,200009,1,"$79,155",26.4
DLLS,11,H,04,12,H,0110,1,GS-12,E,XXXX,8,10,F,1,200009,1,"$54,618",29.7
DLLS,11,H,08,12,H,0110,1,GS-12,E,XXXX,8,10,F,1,200009,1,"$54,618",29.3
DLLS,11,H,04,08,I,0119,3,GS-08,D,XXXX,2,10,F,1,200009,1,"$40,491",30.5
DLLS,11,H,13,13,G,0110,1,GS-13,F,XXXX,8,10,F,1,200009,1,"$69,008",21.0
DLLS,11,H,04,08,G,0119,3,GS-08,C,XXXX,2,10,F,1,200009,1,"$38,361",21.1
DLLS,11,H,14,14,H,0110,1,GM-14,H,XXXX,2,10,F,1,200009,1,"$86,343",29.3
DLLS,11,G,13,14,H,0110,1,GS-14,H,XXXX,8,10,F,1,200009,1,"$81,546",29.5
DLLS,11,G,04,06,H,0119,3,GS-06,C,XXXX,8,10,F,1,200009,1,"$33,768",27.8
DLLS,11,G,04,07,H,0119,3,GS-07,C,XXXX,8,10,F,1,200009,1,"$36,560",25.8
DLLS,11,G,04,06,F,0119,3,GS-06,C,XXXX,8,10,F,1,200009,1,"$31,171",15.5
DLLS,11,F,17,07,E,0110,1,GS-07,C,XXXX,8,10,F,1,200009,1,"$33,675",13.6
DLLS,11,G,04,07,G,0119,3,GS-07,C,XXXX,8,10,F,1,200009,1,"$36,560",21.8
DLLS,11,G,13,12,H,0110,1,GS-12,F,XXXX,8,10,F,1,200009,1,"$61,444",27.8
DLLS,11,G,17,13,G,0110,1,GS-13,G,XXXX,8,10,F,1,200009,1,"$71,037",21.3
DLLS,11,H,13,12,F,0110,1,GS-12,F,XXXX,8,10,F,1,200009,1,"$61,444",15.8
DLLS,11,F,11,07,G,0119,3,GS-07,C,XXXX,8,10,F,1,200009,1,"$37,522",23.4
DLLS,11,E,13,13,F,0110,1,GS-13,F,XXXX,2,10,F,1,200009,1,"$64,949",17.2
DLLS,11,F,04,06,G,0119,3,GS-06,C,XXXX,8,10,F,1,200009,1,"$32,903",23.5
DLLS,11,F,17,12,E,0110,1,GS-12,E,XXXX,8,10,F,1,200009,1,"$54,618",12.3
DLLS,11,F,04,08,F,0119,3,GS-08,C,XXXX,2,10,F,1,200009,1,"$38,361",17.2
DLLS,11,D,04,07,E,0119,3,GS-07,C,XXXX,8,10,F,1,200009,1,"$33,675",13.2
DLLS,11,E,13,13,F,0110,1,GM-13,G,XXXX,2,10,F,1,200009,1,"$71,037",17.1
DLLS,11,C,17,12,B,0110,1,GS-12,E,XXXX,8,15,F,1,200009,1,"$51,204",2.3
DLLS,11,E,13,12,E,0110,1,GS-12,E,XXXX,8,10,F,1,200009,1,"$51,204",14.6
DLLS,11,F,04,06,F,0119,3,GS-06,C,XXXX,8,10,F,1,200009,1,"$30,305",18.1
DLLS,11,C,04,06,D,0119,3,GS-06,C,XXXX,8,10,F,1,200009,1,"$30,305",9.2
DLLS,11,E,13,13,E,0110,1,GS-13,F,XXXX,2,10,F,1,200009,1,"$66,979",12.3
DLLS,11,D,04,07,E,0119,3,GS-07,C,XXXX,8,10,F,1,200009,1,"$34,636",14.0
DLLS,11,D,04,09,E,0110,1,GS-09,C,XXXX,8,10,F,1,200009,1,"$35,310",14.7
DLLS,11,C,13,12,C,0110,1,GS-12,E,XXXX,8,10,F,1,200009,1,"$52,911",4.3
DLLS,11,D,04,06,F,0119,3,GS-06,C,XXXX,8,10,F,1,200009,1,"$31,171",15.1
DLLS,11,C,13,09,B,0110,1,GS-09,C,XXXX,8,15,F,1,200009,1,"$35,310",1.8
DLLS,06,K,13,07,E,0119,3,GS-07,C,XXXX,8,10,P,2,200009,1,"$32,831",11.9
DLLS,11,J,04,09,J,0119,3,GS-09,D,XXXX,8,10,F,1,200009,1,"$45,900",36.5
DLLS,11,I,07,06,G,0119,3,GS-06,C,XXXX,8,10,F,1,200009,1,"$32,037",21.5
DLLS,11,J,04,06,D,0119,3,GS-06,C,XXXX,8,10,F,1,200009,1,"$31,171",9.7
DLLS,11,I,04,06,I,0119,3,GS-06,C,XXXX,8,10,F,1,200009,1,"$33,768",30.1
DLLS,11,I,15,14,H,0110,1,GM-14,I,XXXX,2,10,F,1,200009,1,"$93,537",28.5
DLLS,11,I,04,07,I,0119,3,GS-07,C,XXXX,8,10,F,1,200009,1,"$37,522",34.9
DLLS,11,H,13,13,I,0110,1,GS-13,G,XXXX,8,10,F,1,200009,1,"$75,096",30.3
DLLS,11,H,13,13,H,0110,1,GS-13,G,XXXX,8,10,F,1,200009,1,"$71,037",28.2
DLLS,11,I,04,,I,0110,1,ES-04,M,XXXX,2,50,F,1,200009,1,"$130,200",33.8
DLLS,11,H,04,06,F,0119,3,GS-06,C,XXXX,8,10,F,1,200009,1,"$31,171",17.3
DLLS,11,H,13,12,G,0110,1,GS-12,E,XXXX,8,10,F,1,200009,1,"$59,738",24.6
DLLS,11,G,07,07,H,0119,3,GS-07,C,XXXX,8,10,F,1,200009,1,"$35,598",29.3
DLLS,11,G,04,07,H,0119,3,GS-07,C,XXXX,8,10,F,1,200009,1,"$37,522",27.5
DLLS,11,H,04,08,H,0119,3,GS-08,D,XXXX,2,10,F,1,200009,1,"$41,557",29.0
DLLS,11,H,15,13,H,0110,1,GS-13,G,XXXX,8,10,P,2,200009,1,"$75,096",29.3
DLLS,11,H,04,06,I,0119,3,GS-06,C,XXXX,8,10,F,1,200009,1,"$33,768",34.2
DLLS,11,I,17,12,F,0110,1,GS-12,E,XXXX,8,10,F,1,200009,1,"$59,738",15.8
DLLS,11,F,04,07,E,0110,1,GS-07,C,XXXX,8,10,F,1,200009,1,"$32,713",12.0
DLLS,11,G,04,12,H,0110,1,GS-12,E,XXXX,8,10,F,1,200009,1,"$56,324",29.3
DLLS,11,K,04,07,G,0119,3,GS-07,C,XXXX,8,10,F,1,200009,1,"$36,560",20.8
DLLS,11,F,04,06,D,0119,3,GS-06,C,XXXX,8,10,F,1,200009,1,"$31,171",9.3
DLLS,11,F,04,07,F,0119,3,GS-07,C,XXXX,8,10,F,1,200009,1,"$33,675",17.5
DLLS,11,F,17,12,F,0110,1,GS-12,F,XXXX,8,10,F,1,200009,1,"$64,857",17.9
DLLS,11,C,13,12,D,0110,1,GS-12,E,XXXX,8,10,F,1,200009,1,"$52,911",6.9
DLLS,11,E,13,13,F,0110,1,GS-13,F,XXXX,8,10,F,1,200009,1,"$64,949",15.8
DLLS,11,F,13,12,C,0110,1,GS-12,E,XXXX,8,10,F,1,200009,1,"$51,204",3.1
DLLS,11,E,13,12,E,0110,1,GS-12,E,XXXX,8,10,F,1,200009,1,"$56,324",13.3
DLLS,11,E,04,06,E,0119,3,GS-06,C,XXXX,8,10,F,1,200009,1,"$31,171",13.3
DLLS,11,E,13,13,E,0110,1,GS-13,F,XXXX,8,10,F,1,200009,1,"$66,979",13.2
DLLS,11,E,04,06,E,0119,3,GS-06,C,XXXX,8,10,F,1,200009,1,"$31,171",13.4
DLLS,11,G,13,12,F,0110,1,GS-12,E,XXXX,8,10,F,1,200009,1,"$58,031",18.3
DLLS,11,E,04,07,F,0119,3,GS-07,C,XXXX,8,10,F,1,200009,1,"$36,560",17.2
DLLS,11,K,13,13,J,0110,1,GS-13,G,XXXX,8,10,F,1,200009,1,"$79,155",40.0
DLLS,11,I,17,14,J,0110,1,GS-14,I,XXXX,2,10,F,1,200009,1,"$93,537",36.2
DLLS,11,I,14,14,I,0110,1,GM-14,I,XXXX,2,10,F,1,200009,1,"$93,537",34.2
DLLS,11,I,04,07,G,0119,3,GS-07,C,XXXX,8,10,F,1,200009,1,"$35,598",20.0
DLLS,11,I,04,06,G,0119,3,GS-06,C,XXXX,8,10,F,1,200009,1,"$33,768",24.8
DLLS,11,H,04,09,G,0119,3,GS-09,D,XXXX,8,10,F,1,200009,1,"$43,547",23.3
DLLS,11,H,14,12,H,0110,1,GS-12,F,XXXX,8,10,F,1,200009,1,"$66,564",27.6
DLLS,11,H,04,07,G,0119,3,GS-07,C,XXXX,8,10,F,1,200009,1,"$35,598",23.2
DLLS,11,H,04,07,I,0119,3,GS-07,C,XXXX,8,10,F,1,200009,1,"$36,560",30.8
DLLS,11,I,13,12,I,0110,1,GS-12,F,XXXX,8,10,F,1,200009,1,"$66,564",34.0
DLLS,11,G,14,12,G,0110,1,GS-12,F,XXXX,8,10,F,1,200009,1,"$64,857",24.5
DLLS,11,H,14,14,H,0110,1,GM-14,H,XXXX,2,10,F,1,200009,1,"$89,120",28.7
DLLS,11,G,14,14,H,0110,1,GS-14,I,XXXX,8,10,F,1,200009,1,"$91,139",27.8
DLLS,11,G,04,07,H,0119,3,GS-07,C,XXXX,8,10,F,1,200009,1,"$35,598",26.9
DLLS,11,G,13,07,G,0119,3,GS-07,C,XXXX,8,10,F,1,200009,1,"$37,522",24.8
DLLS,11,G,09,14,H,0110,1,GS-14,G,XXXX,2,10,F,1,200009,1,"$79,148",28.4
DLLS,11,G,04,08,G,0119,3,GS-08,C,XXXX,2,10,F,1,200009,1,"$39,426",23.6
DLLS,11,G,04,12,G,0110,1,GS-12,E,XXXX,8,10,F,1,200009,1,"$52,911",24.3
DLLS,11,G,13,12,G,0110,1,GS-12,E,XXXX,8,10,F,1,200009,1,"$52,911",22.3
DLLS,11,F,08,07,H,0119,3,GS-07,C,XXXX,8,10,F,1,200009,1,"$37,522",25.2
DLLS,11,F,07,12,G,0110,1,GS-12,E,XXXX,8,10,F,1,200009,1,"$54,618",22.9
DLLS,11,F,04,08,G,0119,3,GS-08,C,XXXX,2,10,F,1,200009,1,"$37,295",21.2
DLLS,11,F,04,09,H,0110,1,GS-09,D,XXXX,8,10,F,1,200009,1,"$40,017",26.2
DLLS,11,D,07,06,E,0119,3,GS-06,C,XXXX,8,10,F,1,200009,1,"$31,171",12.6
DLLS,11,D,04,06,E,0119,3,GS-06,C,XXXX,8,10,F,1,200009,1,"$31,171",14.8
DLLS,11,F,13,13,G,0110,1,GS-13,F,XXXX,2,10,F,1,200009,1,"$64,949",20.6
DLLS,11,F,03,06,G,0119,3,GS-06,C,XXXX,8,10,F,1,200009,1,"$31,171",20.0
DLLS,11,E,04,07,F,0119,3,GS-07,C,XXXX,8,10,F,1,200009,1,"$34,636",16.0
DLLS,11,D,04,07,F,0119,3,GS-07,C,XXXX,8,10,F,1,200009,1,"$33,675",15.1
DLLS,11,E,04,09,F,0110,1,GS-09,C,XXXX,8,10,F,1,200009,1,"$35,310",15.7
DLLS,11,E,04,06,E,0119,3,GS-06,C,XXXX,8,10,F,1,200009,1,"$31,171",13.7
DLLS,11,E,13,13,F,0110,1,GS-13,F,XXXX,8,10,F,1,200009,1,"$60,890",17.7
DLLS,26,G,13,09,B,0110,1,GS-09,C,XXXX,8,15,F,1,200009,1,"$36,149",2.0
DLLS,36,J,17,13,H,0110,1,GM-13,G,XXXX,2,10,F,1,200009,1,"$78,239",25.7
DLLS,11,E,14,07,D,0110,1,GS-07,C,XXXX,8,10,F,1,200009,1,"$37,522",9.4
DLLS,13,C,13,07,B,0110,1,GS-07,B,XXXX,8,15,F,1,200009,1,"$29,447",1.1
DLLS,11,E,17,13,D,0110,1,GS-13,F,XXXX,8,10,F,1,200009,1,"$60,890",6.3
DLLS,12,I,13,12,G,0110,1,GS-12,F,XXXX,8,10,F,1,200009,1,"$60,165",24.5
DLLS,11,H,13,11,F,0110,1,GS-11,D,XXXX,8,10,F,1,200009,1,"$49,845",18.4
DLLS,12,G,13,07,D,0119,3,GS-07,C,XXXX,8,10,P,2,200009,1,"$32,938",8.4
DLLS,11,G,17,14,G,0110,1,GS-14,H,XXXX,2,10,F,1,200009,1,"$81,546",20.2
DLLS,11,H,13,12,E,0110,1,GS-12,F,XXXX,8,10,F,1,200009,1,"$61,444",13.3
DLLS,48,G,13,12,H,0110,1,GS-12,F,XXXX,8,10,F,1,200009,1,"$64,584",25.6
DLLS,11,D,13,13,E,0110,1,GS-13,F,XXXX,8,10,F,1,200009,1,"$60,890",10.9
DLLS,11,H,05,12,H,0110,1,GS-12,E,XXXX,8,10,F,1,200009,1,"$56,324",26.9
DLLS,12,G,17,12,C,0110,1,GS-12,E,XXXX,8,10,F,1,200009,1,"$51,557",4.1
DLLS,11,G,13,12,H,0110,1,GS-12,F,XXXX,8,10,F,1,200009,1,"$64,857",26.3
DLLS,13,D,17,11,B,0110,1,GS-11,D,XXXX,8,15,F,1,200009,1,"$42,179",2.3
DLLS,11,B,13,07,A,0110,1,GS-07,B,XXXX,8,15,F,1,200009,1,"$28,866",0.6
DLLS,11,C,13,11,D,0110,1,GS-11,D,XXXX,8,15,F,1,200009,1,"$42,724",6.2
DLLS,11,B,13,07,A,0110,1,GS-07,B,XXXX,8,15,F,1,200009,1,"$28,866",0.0
DLLS,11,C,13,09,A,0110,1,GS-09,C,XXXX,8,15,F,1,200009,1,"$35,310",0.4
DLLS,12,H,13,05,B,0119,3,GS-05,B,XXXX,8,15,P,2,200009,1,"$24,246",1.6
DLLS,11,B,13,07,A,0110,1,GS-07,B,XXXX,8,15,F,1,200009,1,"$28,866",0.1
DLLS,13,C,13,11,B,0110,1,GS-11,D,XXXX,8,15,F,1,200009,1,"$42,179",2.3
DLLS,12,D,04,06,C,0119,3,GS-06,B,XXXX,8,10,P,2,200009,1,"$27,131",3.7
DLLS,11,B,13,12,C,0110,1,GS-12,E,XXXX,8,15,F,1,200009,1,"$51,204",3.2
DLLS,11,C,13,12,C,0110,1,GS-12,E,XXXX,8,10,F,1,200009,1,"$51,204",4.0
DLLS,11,C,13,11,C,0110,1,GS-11,D,XXXX,8,15,F,1,200009,1,"$42,724",3.0
DLLS,11,C,13,11,B,0110,1,GS-11,D,XXXX,8,15,F,1,200009,1,"$42,724",2.3
DLLS,11,C,13,07,C,0110,1,GS-07,C,XXXX,8,15,F,1,200009,1,"$36,560",3.0
DLLS,11,B,13,07,A,0110,1,GS-07,B,XXXX,8,15,F,1,200009,1,"$28,866",0.2
DLLS,06,B,13,07,A,0110,1,GS-07,B,XXXX,8,15,F,1,200009,1,"$29,848",0.3
DLLS,06,C,13,12,C,0110,1,GS-12,E,XXXX,8,10,F,1,200009,1,"$52,946",4.0
DLLS,06,B,13,07,A,0110,1,GS-07,B,XXXX,8,15,F,1,200009,1,"$29,848",0.2
DLLS,11,B,13,07,A,0110,1,GS-07,B,XXXX,8,15,F,1,200009,1,"$28,866",0.4
DLLS,06,B,13,07,A,0110,1,GS-07,C,XXXX,8,15,F,1,200009,1,"$30,443",0.1
DLLS,06,E,17,11,D,0110,1,GS-11,D,XXXX,8,10,F,1,200009,1,"$45,059",5.4
DLLS,11,G,17,12,C,0110,1,GS-12,E,XXXX,8,15,F,1,200009,1,"$52,911",4.0
DLLS,11,D,13,11,B,0110,1,GS-11,D,XXXX,8,15,F,1,200009,1,"$42,724",2.3
DLMS,51,G,17,13,G,0110,1,GS-13,G,XXXX,8,10,F,1,200009,1,"$77,126",21.1
DLMS,51,E,21,12,A,0110,1,GS-12,E,XXXX,8,15,F,1,200009,1,"$51,204",0.2
DLMS,51,C,09,12,B,0110,1,GS-12,E,XXXX,8,15,F,1,200009,1,"$51,204",2.3
DLMS,51,H,17,15,B,0110,1,GS-15,J,XXXX,2,15,F,1,200009,1,"$101,565",2.3
DLMS,51,G,21,13,D,0110,1,GS-13,G,XXXX,8,10,F,1,200009,1,"$73,067",9.8
DLMS,51,G,14,13,B,0110,1,GS-13,F,XXXX,8,15,F,1,200009,1,"$60,890",2.8
DLPE,11,G,13,15,H,0110,1,GM-15,K,XXXX,2,10,F,1,200009,1,"$110,028",25.0
DLPE,11,J,21,15,I,0110,1,GS-15,K,XXXX,8,10,F,1,200009,1,"$110,028",30.2
DLPE,11,I,22,,I,0110,1,ES-05,M,XXXX,2,50,F,1,200009,1,"$130,200",32.2
DLPE,11,G,17,15,G,0110,1,GS-15,J,XXXX,8,10,F,1,200009,1,"$101,565",21.2
DLPE,11,G,17,15,H,0110,1,GS-15,J,XXXX,5,10,F,1,200009,1,"$101,565",25.0
DLPE,11,E,17,14,E,0110,1,GS-14,G,XXXX,8,10,F,1,200009,1,"$76,750",13.7
DLPE,11,G,17,15,G,0110,1,GS-15,K,XXXX,8,10,F,1,200009,1,"$110,028",24.9
DLPE,11,I,17,15,H,0110,1,GS-15,K,XXXX,8,10,F,1,200009,1,"$110,028",29.4
DLPE,11,E,17,13,B,0110,1,GS-13,F,XXXX,8,15,F,1,200009,1,"$64,949",1.3
DLPE,11,F,17,13,F,0110,1,GS-13,G,XXXX,8,10,F,1,200009,1,"$75,096",15.8
DLPE,11,I,18,,J,0110,1,ES-05,M,XXXX,2,50,F,1,200009,1,"$130,200",37.3
DLPW,11,F,13,13,G,0110,1,GS-13,G,XXXX,8,10,F,1,200009,1,"$79,155",22.4
DLPW,11,F,17,,F,0110,1,ES-05,M,XXXX,2,50,F,1,200009,1,"$130,200",17.3
DLPW,11,H,13,14,I,0110,1,GS-14,I,XXXX,8,10,F,1,200009,1,"$93,537",30.4
DLPW,11,H,14,13,H,0110,1,GS-13,G,XXXX,8,10,F,1,200009,1,"$75,096",29.0
DLSH,11,E,13,14,F,0110,1,GS-14,G,XXXX,8,10,F,1,200009,1,"$79,148",15.6
DLSH,11,I,21,13,F,0110,1,GS-13,G,XXXX,8,10,F,1,200009,1,"$77,126",16.7
DLSH,11,H,14,15,I,0110,1,GM-15,J,XXXX,2,10,F,1,200009,1,"$107,207",30.0
DLSH,11,H,13,13,I,0110,1,GS-13,G,XXXX,8,10,F,1,200009,1,"$77,126",30.6
DLSH,11,C,13,12,D,0110,1,GS-12,E,XXXX,8,10,F,1,200009,1,"$51,204",6.4
DLSH,11,I,17,12,F,0110,1,GS-12,E,XXXX,8,10,F,1,200009,1,"$56,324",17.0
DLSH,11,H,13,14,G,0110,1,GS-14,I,XXXX,8,10,F,1,200009,1,"$91,139",24.0
DLSH,11,F,21,14,E,0110,1,GS-14,H,XXXX,8,10,F,1,200009,1,"$83,945",13.1
DLSH,11,I,19,15,D,0110,1,GS-15,I,XXXX,2,10,F,1,200009,1,"$98,744",9.3
DLSH,11,H,21,14,E,0110,1,GS-14,G,XXXX,8,10,F,1,200009,1,"$79,148",10.4
DLSH,11,E,21,13,D,0110,1,GS-13,G,XXXX,8,10,F,1,200009,1,"$79,155",7.0
DLSH,11,E,13,13,E,0110,1,GS-13,G,XXXX,8,10,F,1,200009,1,"$79,155",14.0
DLSH,11,J,18,13,B,0110,1,GS-13,F,XXXX,8,15,F,1,200009,1,"$60,890",1.7
DLSH,11,E,17,14,E,0110,1,GS-14,H,XXXX,2,10,F,1,200009,1,"$81,546",12.1
DLWB,11,F,13,13,G,0110,1,GS-13,G,XXXX,8,10,F,1,200009,1,"$79,155",20.6
DLWB,11,H,17,13,E,0110,1,GS-13,G,XXXX,8,10,F,1,200009,1,"$79,155",10.3
DLWB,11,K,17,13,G,0110,1,GS-13,G,XXXX,8,10,F,1,200009,1,"$79,155",24.2
DLWB,11,J,13,14,J,0110,1,GS-14,I,XXXX,8,10,F,1,200009,1,"$93,537",41.6
DLWB,11,G,17,13,G,0110,1,GS-13,G,XXXX,8,10,F,1,200009,1,"$79,155",20.1
DN00,41,G,18,12,E,0110,1,GS-12,E,XXXX,8,10,F,1,200009,1,"$59,743",11.9
DN00,11,F,21,15,D,0110,1,GS-15,I,XXXX,4,10,F,1,200009,1,"$98,744",9.1
DN00,11,H,21,15,E,0110,1,GS-15,J,XXXX,8,10,F,1,200009,1,"$101,565",13.1
DN00,11,H,18,14,H,0110,1,GS-14,I,XXXX,8,10,F,1,200009,1,"$93,537",25.3
DN00,24,H,17,15,H,0110,1,GS-15,I,XXXX,8,10,F,1,200009,1,"$98,744",25.1
DN00,11,E,21,12,B,0110,1,GS-12,Z,XXXX,8,15,F,1,200009,1,,1.1
DN00,11,H,14,14,I,0110,1,GS-14,I,XXXX,8,10,F,1,200009,1,"$93,537",30.6
DN00,11,E,17,14,E,0110,1,GS-14,G,XXXX,8,10,F,1,200009,1,"$79,148",11.9
DN00,11,H,17,13,E,0110,1,GS-13,G,XXXX,8,10,F,1,200009,1,"$71,037",11.3
DN00,11,D,21,09,A,0110,1,GS-09,C,XXXX,8,30,F,1,200009,1,"$35,310",0.1
DN00,11,J,17,15,I,0110,1,GS-15,K,XXXX,5,10,F,1,200009,1,"$110,028",34.3
DN00,11,I,21,15,H,0110,1,GS-15,K,XXXX,2,10,F,1,200009,1,"$110,028",28.2
DN00,11,H,18,15,H,0110,1,GS-15,K,XXXX,8,10,F,1,200009,1,"$110,028",25.2
DN00,11,F,21,13,F,0110,1,GS-13,G,XXXX,8,10,F,1,200009,1,"$73,067",16.3
DN00,11,J,21,15,H,0110,1,GM-15,Z,XXXX,4,10,F,1,200009,1,,26.3
DN00,11,J,14,13,H,0110,1,GS-13,G,XXXX,8,10,F,1,200009,1,"$79,155",26.8
DN00,11,F,17,14,D,0110,1,GS-14,H,XXXX,8,10,F,1,200009,1,"$83,945",9.3
DN00,11,I,21,15,H,0110,1,GS-15,K,XXXX,8,10,F,1,200009,1,"$110,028",27.3
DN00,11,G,17,15,G,0110,1,GS-15,I,XXXX,4,10,F,1,200009,1,"$98,744",23.0
DN00,11,C,17,11,B,0110,1,GS-11,D,XXXX,8,15,F,1,200009,1,"$42,724",1.3
DN00,11,G,18,15,G,0110,1,GS-15,J,XXXX,8,10,F,1,200009,1,"$104,386",22.0
DN00,41,G,17,14,G,0110,1,GS-14,I,XXXX,8,10,F,1,200009,1,"$91,147",20.4
DN00,11,D,09,13,D,0110,1,GS-13,F,XXXX,8,10,F,1,200009,1,"$60,890",9.3
DN00,11,J,17,14,J,0110,1,GS-14,I,XXXX,8,10,F,1,200009,1,"$93,537",36.3
DN00,11,F,17,13,E,0110,1,GS-13,G,XXXX,8,10,F,1,200009,1,"$73,067",11.9
DN00,11,H,19,13,E,0110,1,GS-13,G,XXXX,8,10,F,1,200009,1,"$75,096",12.9
DN00,11,J,04,15,I,0110,1,GS-15,K,XXXX,8,10,F,1,200009,1,"$110,028",31.2
DN00,11,H,13,14,H,0110,1,GS-14,H,XXXX,8,10,F,1,200009,1,"$86,343",29.4
DN00,11,D,13,12,D,0110,1,GS-12,E,XXXX,8,10,F,1,200009,1,"$56,324",8.8
DN00,11,H,14,12,G,0110,1,GS-12,F,XXXX,8,10,F,1,200009,1,"$61,444",23.1
DN00,11,E,17,13,D,0110,1,GS-13,F,XXXX,8,10,F,1,200009,1,"$64,949",8.5
DN00,11,I,13,,J,0110,1,ES-04,Z,XXXX,2,50,F,1,200009,1,,35.3
DN00,11,G,18,15,E,0110,1,GS-15,J,XXXX,8,10,F,1,200009,1,"$101,565",10.9
DN00,11,I,21,15,G,0110,1,GM-15,K,XXXX,5,10,F,1,200009,1,"$110,028",24.5
DN00,24,H,17,15,H,0110,1,GS-15,I,XXXX,7,10,F,1,200009,1,"$95,923",26.1
DN00,11,H,21,15,G,0110,1,GM-15,J,XXXX,5,10,F,1,200009,1,"$101,565",24.0
DN00,11,E,18,13,B,0110,1,GS-13,G,XXXX,8,15,F,1,200009,1,"$79,155",2.0
DN00,11,C,13,09,A,0110,1,GS-09,C,XXXX,8,30,F,1,200009,1,"$35,310",0.3
DN00,11,K,21,15,H,0110,1,GS-15,I,XXXX,2,10,F,1,200009,1,"$98,744",26.1
DN00,11,G,13,13,G,0110,1,GS-13,F,XXXX,8,10,F,1,200009,1,"$69,008",23.2
DN00,11,E,13,12,A,0110,1,GS-12,E,XXXX,8,15,F,1,200009,1,"$51,204",0.2
DN00,11,H,17,,I,0110,1,ES-04,M,XXXX,2,50,F,1,200009,1,"$130,200",30.0
DN00,11,G,13,13,H,0110,1,GS-13,G,XXXX,8,10,F,1,200009,1,"$79,155",26.6
DN00,11,G,17,14,E,0110,1,GS-14,I,XXXX,8,10,F,1,200009,1,"$93,537",12.8
DN00,11,F,13,13,G,0110,1,GS-13,G,XXXX,8,10,F,1,200009,1,"$75,096",20.7
DN00,11,H,13,14,H,0110,1,GS-14,I,XXXX,8,10,F,1,200009,1,"$93,537",26.4
DN00,11,I,21,,G,0110,1,ES-06,Z,XXXX,2,50,F,1,200009,1,,22.3
DN00,11,G,13,14,G,0110,1,GS-14,H,XXXX,8,10,F,1,200009,1,"$88,741",20.0
DN00,11,G,13,15,G,0110,1,GS-15,J,XXXX,4,10,F,1,200009,1,"$101,565",21.3
DN00,11,G,17,15,G,0110,1,GS-15,J,XXXX,8,10,F,1,200009,1,"$104,386",24.8
DN00,11,G,14,13,G,0110,1,GS-13,G,XXXX,8,10,F,1,200009,1,"$71,037",21.2
DN00,11,F,17,14,E,0110,1,GS-14,H,XXXX,8,10,F,1,200009,1,"$86,343",12.5
DN00,11,C,13,11,B,0110,1,GS-11,D,XXXX,8,15,F,1,200009,1,"$42,724",2.8
DN00,11,H,17,13,H,0110,1,GS-13,G,XXXX,8,10,F,1,200009,1,"$79,155",28.4
DN00,11,G,13,13,G,0110,1,GS-13,G,XXXX,8,10,P,2,200009,1,"$77,126",23.4
DN00,11,E,17,13,E,0110,1,GS-13,F,XXXX,8,10,F,1,200009,1,"$66,979",12.1
DN00,11,I,13,15,H,0110,1,GS-15,J,XXXX,8,10,F,1,200009,1,"$107,207",27.0
DN00,11,E,14,13,E,0110,1,GS-13,F,XXXX,8,10,F,1,200009,1,"$66,979",14.7
DN00,11,G,13,14,H,0110,1,GS-14,I,XXXX,8,10,F,1,200009,1,"$93,537",26.6
DN00,11,H,12,14,I,0110,1,GS-14,I,XXXX,8,10,F,1,200009,1,"$93,537",30.0
DN00,11,I,17,13,G,0110,1,GS-13,G,XXXX,8,10,F,1,200009,1,"$73,067",24.1
DN00,11,I,17,15,I,0110,1,GS-15,K,XXXX,5,10,F,1,200009,1,"$110,028",31.3
DN00,11,H,13,15,H,0110,1,GS-15,I,XXXX,8,10,F,1,200009,1,"$98,744",29.7
DN00,11,I,13,15,H,0110,1,GM-15,K,XXXX,4,10,F,1,200009,1,"$110,028",28.3
DN00,11,E,17,15,E,0110,1,GS-15,H,XXXX,8,10,F,1,200009,1,"$87,459",12.1
DN00,11,I,04,,I,0110,1,ES-05,M,XXXX,2,50,F,1,200009,1,"$130,200",31.5
DN00,53,H,14,12,D,0110,1,GS-12,E,XXXX,8,15,F,1,200009,1,"$52,916",6.5
DN00,11,I,17,15,I,0110,1,GM-15,K,XXXX,5,10,F,1,200009,1,"$110,028",30.3
DN00,11,H,17,15,H,0110,1,GS-15,J,XXXX,8,10,F,1,200009,1,"$104,386",27.0
DN00,11,G,21,13,G,0110,1,GS-13,G,XXXX,8,10,F,1,200009,1,"$77,126",22.7
DN00,11,H,17,13,G,0110,1,GS-13,G,XXXX,8,10,F,1,200009,1,"$77,126",24.0
DN00,11,G,17,14,F,0110,1,GS-14,I,XXXX,8,10,P,2,200009,1,"$93,537",16.0
DN00,11,D,21,12,B,0110,1,GS-12,Z,XXXX,8,15,F,1,200009,1,,1.3
DN00,11,F,17,13,F,0110,1,GS-13,G,XXXX,8,10,F,1,200009,1,"$73,067",16.2
DN00,11,F,22,14,E,0110,1,GS-14,H,XXXX,8,10,F,1,200009,1,"$86,343",13.2
DN00,11,J,21,14,H,0110,1,GS-14,I,XXXX,8,10,F,1,200009,1,"$93,537",28.7
DN00,11,I,21,,H,0110,1,ES-04,M,XXXX,2,50,F,1,200009,1,"$130,200",25.1
DN00,11,G,17,15,F,0110,1,GM-15,I,XXXX,2,10,F,1,200009,1,"$98,744",17.6
DN00,11,H,17,14,H,0110,1,GS-14,I,XXXX,8,10,F,1,200009,1,"$93,537",27.5
DN00,11,J,21,15,J,0110,1,GS-15,I,XXXX,8,10,F,1,200009,1,"$98,744",35.5
DN00,11,H,17,13,D,0110,1,GS-13,F,XXXX,8,10,F,1,200009,1,"$66,979",7.8
DN00,53,G,17,14,G,0110,1,GS-14,G,XXXX,5,10,F,1,200009,1,"$79,156",21.0
DN00,11,H,17,14,G,0110,1,GS-14,H,XXXX,8,10,F,1,200009,1,"$88,741",22.1
DN00,11,H,21,15,H,0110,1,GM-15,Z,XXXX,2,10,F,1,200009,1,,26.1
DN00,04,F,17,13,C,0110,1,GS-13,F,XXXX,8,10,F,1,200009,1,"$63,597",3.0
DN00,41,G,17,13,G,0110,1,GS-13,F,XXXX,8,10,F,1,200009,1,"$69,014",24.5
DN00,11,H,21,15,E,0110,1,GM-15,Z,XXXX,2,10,F,1,200009,1,,13.1
DN00,11,G,15,15,F,0110,1,GM-15,J,XXXX,5,10,F,1,200009,1,"$101,565",15.9
DN00,11,F,21,13,D,0110,1,GS-13,F,XXXX,8,10,F,1,200009,1,"$66,979",5.8
DN00,11,G,17,13,G,0110,1,GS-13,G,XXXX,8,10,F,1,200009,1,"$77,126",21.6
DN00,11,E,18,15,E,0110,1,GS-15,J,XXXX,8,10,F,1,200009,1,"$101,565",11.5
DN00,41,G,18,13,E,0110,1,GS-13,G,XXXX,8,10,F,1,200009,1,"$71,044",12.3
DN00,11,K,17,14,H,0110,1,GS-14,I,XXXX,8,10,F,1,200009,1,"$93,537",26.7
DN00,11,D,14,14,D,0110,1,GS-14,G,XXXX,5,10,F,1,200009,1,"$74,352",5.1
DN00,11,I,21,15,F,0110,1,GS-15,J,XXXX,5,10,F,1,200009,1,"$104,386",16.3
DN00,11,J,14,13,J,0110,1,GS-13,G,XXXX,8,10,F,1,200009,1,"$79,155",37.5
DN00,11,F,21,14,D,0110,1,GS-14,H,XXXX,8,10,F,1,200009,1,"$83,945",6.7
DN00,11,K,17,15,H,0110,1,GS-15,K,XXXX,5,10,F,1,200009,1,"$110,028",25.0
DN00,11,I,22,15,G,0110,1,GS-15,K,XXXX,8,10,F,1,200009,1,"$110,028",23.3
DN00,11,D,17,13,B,0110,1,GS-13,F,XXXX,8,15,F,1,200009,1,"$60,890",1.0
DN00,11,G,18,14,G,0110,1,GS-14,H,XXXX,8,10,F,1,200009,1,"$81,546",20.2
DN00,41,G,17,13,F,0110,1,GS-13,F,XXXX,8,10,F,1,200009,1,"$69,014",19.2
DN00,11,H,21,,H,0110,1,ST-00,L,XXXX,8,10,F,1,200009,1,"$126,291",27.9
DN00,53,E,17,13,D,0110,1,GS-13,F,XXXX,8,10,F,1,200009,1,"$66,985",8.3
DN00,11,F,17,14,D,0110,1,GS-14,H,XXXX,8,10,F,1,200009,1,"$83,945",8.7
DN00,53,H,18,14,G,0110,1,GS-14,G,XXXX,8,10,F,1,200009,1,"$76,758",22.8
DN00,11,I,17,14,I,0110,1,GS-14,I,XXXX,8,10,F,1,200009,1,"$93,537",32.3
DN00,11,H,17,13,H,0110,1,GS-13,G,XXXX,8,10,F,1,200009,1,"$79,155",25.2
DN00,11,E,13,13,F,0110,1,GS-13,G,XXXX,8,10,P,2,200009,1,"$71,037",18.6
DN00,11,I,21,15,H,0110,1,GM-15,Z,XXXX,2,10,F,1,200009,1,,27.4
DN00,41,H,18,12,F,0110,1,GS-12,F,XXXX,8,10,F,1,200009,1,"$63,157",19.3
DN00,11,I,21,14,I,0110,1,GS-14,I,XXXX,8,10,F,1,200009,1,"$93,537",31.4
DN00,53,F,17,13,F,0110,1,GS-13,F,XXXX,8,10,F,1,200009,1,"$65,584",16.0
DN00,41,G,17,13,F,0110,1,GS-13,F,XXXX,8,10,P,2,200009,1,"$69,014",19.5
DN00,41,D,13,13,E,0110,1,GS-13,F,XXXX,8,10,F,1,200009,1,"$66,985",11.6
DN00,41,D,13,12,D,0110,1,GS-12,E,XXXX,8,10,F,1,200009,1,"$54,623",9.3
DN00,41,H,10,12,H,0110,1,GS-12,F,XXXX,8,10,F,1,200009,1,"$61,450",27.6
DN00,41,G,18,13,G,0110,1,GS-13,G,XXXX,8,10,F,1,200009,1,"$73,073",20.3
DN00,41,I,17,12,F,0110,1,GS-12,F,XXXX,8,10,F,1,200009,1,"$63,157",19.7
DN00,41,D,14,13,D,0110,1,GS-13,F,XXXX,8,10,F,1,200009,1,"$66,985",9.3
DN00,11,I,21,15,G,0110,1,GS-15,K,XXXX,2,10,F,1,200009,1,"$110,028",24.4
DN00,41,H,18,12,F,0110,1,GS-12,F,XXXX,8,10,F,1,200009,1,"$63,157",18.8
DN00,11,G,21,14,E,0110,1,GS-14,H,XXXX,8,10,F,1,200009,1,"$83,945",14.7
DN00,11,F,13,15,F,0110,1,GS-15,I,XXXX,4,10,F,1,200009,1,"$93,101",17.9
DN00,11,G,17,13,E,0110,1,GS-13,G,XXXX,8,10,F,1,200009,1,"$79,155",11.0
DN00,11,F,17,15,E,0110,1,GS-15,I,XXXX,8,10,F,1,200009,1,"$95,923",11.4
DN00,11,I,21,15,H,0110,1,GS-15,K,XXXX,8,10,F,1,200009,1,"$110,028",25.4
DN00,41,D,13,12,D,0110,1,GS-12,E,XXXX,8,10,F,1,200009,1,"$52,916",6.0
DN00,11,I,21,15,D,0110,1,GS-15,I,XXXX,5,10,F,1,200009,1,"$95,923",8.8
DN00,11,I,17,14,F,0110,1,GS-14,H,XXXX,8,10,F,1,200009,1,"$88,741",19.7
DN00,11,J,17,15,J,0110,1,GM-15,K,XXXX,2,10,F,1,200009,1,"$110,028",35.8
DN00,11,D,14,12,B,0110,1,GS-12,E,XXXX,8,15,F,1,200009,1,"$59,738",1.1
DN00,11,E,13,13,F,0110,1,GS-13,F,XXXX,8,10,F,1,200009,1,"$69,008",15.9
DN00,53,F,17,13,G,0110,1,GS-13,F,XXXX,8,10,F,1,200009,1,"$67,571",20.1
DN00,11,E,21,15,D,0110,1,GS-15,J,XXXX,8,10,P,2,200009,1,"$104,386",5.7
DN00,11,D,17,11,A,0110,1,GS-11,D,XXXX,8,15,F,1,200009,1,"$42,724",0.0
DN00,11,D,17,13,B,0110,1,GS-13,Z,XXXX,8,15,F,1,200009,1,,2.0
EB00,11,G,17,14,G,0110,1,GM-14,H,XXXX,5,10,F,1,200009,1,"$88,741",22.0
EB00,11,E,21,11,A,0110,1,GS-11,E,XXXX,8,15,F,1,200009,1,"$55,541",0.1
EB00,11,J,17,,I,0110,1,AD-00,K,XXXX,8,10,F,1,200009,1,"$118,052",34.3
EB00,11,D,13,12,D,0110,1,GS-12,E,XXXX,8,10,F,1,200009,1,"$51,204",6.8
EB00,11,D,13,13,D,0110,1,GS-13,F,XXXX,8,10,F,1,200009,1,"$66,979",9.3
EB00,11,F,17,14,F,0110,1,GS-14,H,XXXX,8,10,F,1,200009,1,"$83,945",15.8
EB00,11,F,21,15,E,0110,1,GS-15,K,XXXX,2,15,F,1,200009,1,"$110,028",13.9
EB00,11,F,13,,G,0110,1,AD-00,I,XXXX,2,10,F,1,200009,1,"$93,100",21.7
EDEE,11,E,17,14,B,0110,1,GS-14,I,XXXX,8,20,F,2,200009,1,"$93,537",1.0
EDEE,11,E,21,14,B,0110,1,GS-14,G,XXXX,8,15,F,1,200009,1,"$74,352",1.3
EDEE,11,I,18,12,I,0110,1,GS-12,F,XXXX,8,10,F,1,200009,1,"$66,564",30.7
EDER,11,F,21,13,E,0110,1,GS-13,G,XXXX,8,10,F,1,200009,1,"$75,096",13.4
EDEY,11,I,21,,F,0110,1,AD-00,K,XXXX,8,48,F,2,200009,1,"$110,108",16.0
EE00,11,I,17,14,I,0110,1,GS-14,I,XXXX,8,10,F,1,200009,1,"$93,537",31.8
EE00,11,J,17,15,G,0110,1,GS-15,K,XXXX,8,10,F,1,200009,1,"$110,028",24.3
EM00,11,I,21,15,J,0110,1,GM-15,K,XXXX,5,10,F,1,200009,1,"$110,028",39.0
EM00,11,K,17,13,G,0110,1,GS-13,G,XXXX,8,10,F,1,200009,1,"$77,126",23.7
EM00,51,H,21,15,H,0110,1,GM-15,K,XXXX,5,10,F,1,200009,1,"$110,028",25.8
EP00,11,I,21,15,G,0110,1,GM-15,K,XXXX,2,10,F,1,200009,1,"$110,028",23.3
EP00,51,E,17,13,E,0110,1,GS-13,G,XXXX,8,10,F,1,200009,1,"$73,067",11.2
EP00,11,D,21,13,B,0110,1,GS-13,G,XXXX,8,15,F,1,200009,1,"$71,037",1.2
EP00,11,G,21,15,F,0110,1,GM-15,J,XXXX,2,10,F,1,200009,1,"$101,565",16.0
EP00,11,J,22,,A,0110,1,EF-00,F,XXXX,8,48,I,2,200009,1,"$69,992",0.3
EP00,11,G,21,15,D,0110,1,GS-15,I,XXXX,8,10,F,1,200009,1,"$90,280",7.5
EP00,11,D,17,12,B,0110,1,GS-12,E,XXXX,8,15,F,1,200009,1,"$51,204",2.7
EP00,11,F,21,13,F,0110,1,GS-13,G,XXXX,8,10,F,1,200009,1,"$77,126",16.2
EP00,51,E,17,13,B,0110,1,GS-13,F,XXXX,8,15,F,1,200009,1,"$60,890",2.2
EP00,11,F,17,14,F,0110,1,GS-14,H,XXXX,8,10,F,1,200009,1,"$88,741",15.6
EP00,51,J,21,14,H,0110,1,GS-14,I,XXXX,8,10,F,1,200009,1,"$93,537",26.3
EP00,11,J,21,15,I,0110,1,GS-15,K,XXXX,8,10,F,1,200009,1,"$110,028",33.1
EP00,11,J,22,,A,0110,1,ED-00,F,XXXX,8,48,I,2,200009,1,"$69,992",0.8
EP00,11,J,22,,A,0110,1,ED-00,F,XXXX,8,48,I,2,200009,1,"$69,992",0.2
EP00,11,H,22,,A,0110,1,ED-00,G,XXXX,8,48,I,2,200009,1,"$70,054",0.8
EP00,11,D,21,13,C,0110,1,GS-13,F,XXXX,8,10,F,1,200009,1,"$62,920",3.1
EP00,11,F,21,14,F,0110,1,GS-14,H,XXXX,8,10,F,1,200009,1,"$86,343",15.4
EP00,11,H,21,,A,0110,1,EF-00,F,XXXX,8,48,I,2,200009,1,"$69,758",0.9
EP00,11,D,21,12,A,0110,1,GS-12,E,XXXX,8,15,F,1,200009,1,"$51,204",0.0
EP00,11,I,21,14,F,0110,1,GS-14,H,XXXX,8,10,F,1,200009,1,"$81,546",18.0
EP00,11,D,21,14,C,0110,1,GS-14,G,XXXX,8,10,F,1,200009,1,"$74,352",3.7
EP00,11,G,21,,A,0110,1,EF-00,F,XXXX,8,48,I,2,200009,1,"$69,992",0.5
EP00,11,D,21,13,C,0110,1,GS-13,F,XXXX,8,10,F,1,200009,1,"$62,920",3.3
EP00,11,H,21,,A,0110,1,ED-00,Z,XXXX,8,48,I,2,200009,1,,0.3
EP00,51,D,18,12,B,0110,1,GS-12,E,XXXX,8,15,F,1,200009,1,"$52,911",2.2
EP00,11,I,21,14,G,0110,1,GS-14,H,XXXX,8,10,F,1,200009,1,"$86,343",24.9
EP00,11,H,21,,A,0110,1,ED-00,F,XXXX,8,48,I,2,200009,1,"$69,992",0.5
EP00,11,F,17,13,D,0110,1,GS-13,F,XXXX,8,10,P,2,200009,1,"$69,008",7.9
EP00,53,I,17,13,E,0110,1,GS-13,G,XXXX,8,10,F,1,200009,1,"$73,167",14.9
EP00,11,C,17,13,D,0110,1,GS-13,F,XXXX,8,10,F,1,200009,1,"$66,979",6.0
EP00,11,I,17,,B,0110,1,EI-00,C,XXXX,8,48,I,2,200009,1,"$30,400",2.4
EP00,51,K,17,13,F,0110,1,GS-13,G,XXXX,8,10,F,1,200009,1,"$79,155",19.7
EP00,11,D,21,13,B,0110,1,GS-13,F,XXXX,8,15,F,1,200009,1,"$60,890",1.1
EP00,39,E,21,12,A,0110,1,GS-12,E,XXXX,8,40,F,2,200009,1,"$54,853",0.1
EP00,11,F,14,,A,0110,1,ED-00,F,XXXX,8,48,I,2,200009,1,"$69,306",0.6
EP00,11,E,17,15,F,0110,1,GS-15,K,XXXX,2,10,F,1,200009,1,"$110,028",15.4
EP00,11,H,21,,A,0110,1,EF-00,F,XXXX,8,48,I,2,200009,1,"$69,758",0.5
EP00,11,C,17,12,B,0110,1,GS-12,E,XXXX,8,15,F,1,200009,1,"$51,204",2.5
EP00,11,F,17,14,E,0110,1,GS-14,H,XXXX,8,10,F,1,200009,1,"$86,343",12.8
EP00,51,H,14,14,H,0110,1,GS-14,H,XXXX,8,10,F,1,200009,1,"$88,741",27.3
EP00,11,D,18,13,C,0110,1,GS-13,F,XXXX,8,15,F,1,200009,1,"$64,949",3.0
EP00,11,E,21,14,B,0110,1,GS-14,G,XXXX,8,15,F,1,200009,1,"$71,954",2.0
EP00,11,H,21,,A,0110,1,EF-00,G,XXXX,8,48,I,2,200009,1,"$70,054",0.3
EP00,08,F,17,13,F,0110,1,GS-13,H,XXXX,8,10,F,1,200009,1,"$80,237",16.8
EP00,11,J,21,,A,0110,1,ED-00,F,XXXX,8,48,I,2,200009,1,"$69,992",0.5
EP00,11,E,14,13,D,0110,1,GS-13,F,XXXX,8,10,F,1,200009,1,"$66,979",9.8
EP00,11,E,21,14,C,0110,1,GS-14,G,XXXX,8,10,F,1,200009,1,"$74,352",3.1
EP00,11,D,17,13,C,0110,1,GS-13,F,XXXX,8,10,F,1,200009,1,"$64,949",3.7
EP00,51,I,18,14,H,0110,1,GS-14,I,XXXX,8,10,F,1,200009,1,"$93,537",26.4
EP00,11,C,17,12,B,0110,1,GS-12,E,XXXX,8,15,F,1,200009,1,"$51,204",2.5
EP00,11,E,14,14,E,0110,1,GS-14,H,XXXX,8,10,F,1,200009,1,"$81,546",11.8
EP00,37,D,17,13,E,0110,1,GS-13,F,XXXX,8,10,F,1,200009,1,"$63,597",10.6
EP00,51,G,14,14,F,0110,1,GS-14,I,XXXX,8,10,F,1,200009,1,"$91,139",15.0
EP00,11,H,22,,A,0110,1,ED-00,G,XXXX,8,48,I,2,200009,1,"$70,054",0.0
EP00,11,F,21,13,B,0110,1,GS-13,F,XXXX,8,15,F,1,200009,1,"$69,008",2.3
EP00,51,F,17,13,D,0110,1,GS-13,F,XXXX,8,15,F,1,200009,1,"$64,949",8.3
EP00,11,F,17,14,D,0110,1,GS-14,H,XXXX,8,10,F,1,200009,1,"$86,343",6.1
EP00,11,D,18,14,D,0110,1,GS-14,G,XXXX,8,10,F,1,200009,1,"$74,352",8.3
EP00,11,H,17,13,D,0110,1,GS-13,F,XXXX,8,10,F,1,200009,1,"$60,890",9.8
EP00,11,G,21,,A,0110,1,ED-00,F,XXXX,8,48,I,2,200009,1,"$69,992",0.8
EP00,11,F,17,14,E,0110,1,GS-14,H,XXXX,8,10,F,1,200009,1,"$81,546",10.2
EP00,51,H,21,14,E,0110,1,GS-14,H,XXXX,8,10,F,1,200009,1,"$81,546",13.1
EP00,51,J,21,13,D,0110,1,GS-13,G,XXXX,8,10,F,1,200009,1,"$73,067",9.3
EP00,11,I,17,13,H,0110,1,GS-13,G,XXXX,8,10,F,1,200009,1,"$79,155",26.1
EP00,11,F,21,14,C,0110,1,GS-14,G,XXXX,8,10,F,1,200009,1,"$79,148",3.8
EP00,11,H,21,,A,0110,1,EF-00,F,XXXX,8,48,I,2,200009,1,"$69,992",0.8
EP00,11,D,18,13,B,0110,1,GS-13,F,XXXX,8,15,F,1,200009,1,"$60,890",1.6
EP00,37,G,18,13,D,0110,1,GS-13,G,XXXX,8,10,F,1,200009,1,"$71,546",5.2
EP00,37,G,13,13,G,0110,1,GS-13,G,XXXX,8,10,F,1,200009,1,"$75,520",20.9
EP00,11,D,14,13,D,0110,1,GS-13,F,XXXX,8,10,F,1,200009,1,"$62,920",5.8
EP00,11,E,21,14,C,0110,1,GS-14,G,XXXX,8,15,P,2,200009,1,"$76,750",3.3
EP00,11,D,21,14,C,0110,1,GS-14,G,XXXX,8,10,F,1,200009,1,"$74,352",3.8
EP00,11,D,21,13,B,0110,1,GS-13,F,XXXX,8,15,F,1,200009,1,"$60,890",1.8
EP00,37,D,21,13,B,0110,1,GS-13,F,XXXX,8,15,F,1,200009,1,"$65,584",2.4
EP00,11,E,21,13,C,0110,1,GS-13,G,XXXX,8,15,F,1,200009,1,"$71,037",4.4
EP00,11,E,12,13,B,0110,1,GS-13,F,XXXX,8,20,F,2,200009,1,"$66,979",2.6
EP00,11,G,21,,A,0110,1,ED-00,F,XXXX,8,48,I,2,200009,1,"$69,992",0.1
EP00,39,G,17,14,F,0110,1,GS-14,G,XXXX,8,10,F,1,200009,1,"$79,490",16.7
EP00,11,F,21,,A,0110,1,EF-00,F,XXXX,8,48,I,2,200009,1,"$69,992",0.1
EP00,11,D,21,14,C,0110,1,GS-14,G,XXXX,8,10,F,1,200009,1,"$71,954",3.4
EP00,11,D,21,14,C,0110,1,GS-14,G,XXXX,8,10,F,1,200009,1,"$74,352",3.1
EP00,11,G,21,,A,0110,1,EF-00,F,XXXX,8,48,I,2,200009,1,"$69,758",0.3
EP00,11,E,17,13,E,0110,1,GS-13,F,XXXX,8,10,F,1,200009,1,"$69,008",12.1
EP00,11,I,21,15,H,0110,1,GS-15,J,XXXX,2,10,F,1,200009,1,"$107,207",25.3
EP00,11,D,17,13,D,0110,1,GS-13,F,XXXX,8,15,F,1,200009,1,"$60,890",5.1
EP00,11,H,21,13,E,0110,1,GS-13,F,XXXX,8,10,F,1,200009,1,"$60,890",14.0
EP00,51,F,17,13,D,0110,1,GS-13,F,XXXX,8,10,F,1,200009,1,"$66,979",8.6
EP00,11,H,17,15,C,0110,1,GS-15,K,XXXX,8,10,F,1,200009,1,"$110,028",3.2
EP00,11,G,21,14,D,0110,1,GS-14,I,XXXX,8,10,F,1,200009,1,"$91,139",8.3
EP00,11,I,22,,A,0110,1,EF-00,F,XXXX,8,48,I,2,200009,1,"$69,758",0.8
EP00,11,H,22,,A,0110,1,ED-00,G,XXXX,8,48,I,2,200009,1,"$70,054",0.3
EP00,39,J,21,13,B,0110,1,GS-13,G,XXXX,8,10,I,2,200009,1,"$73,382",1.7
EP00,17,F,17,13,E,0110,1,GS-13,G,XXXX,8,10,F,1,200009,1,"$70,552",10.3
EP00,11,E,17,14,E,0110,1,GS-14,G,XXXX,8,10,F,1,200009,1,"$79,148",10.3
EP00,51,F,15,14,E,0110,1,GS-14,G,XXXX,8,10,F,1,200009,1,"$79,148",11.2
EP00,37,D,20,13,B,0110,1,GS-13,F,XXXX,8,15,F,1,200009,1,"$61,610",1.5
EP00,51,I,21,13,F,0110,1,GS-13,G,XXXX,8,10,F,1,200009,1,"$73,067",18.7
EP00,11,H,12,,A,0110,1,EF-00,G,XXXX,8,48,I,2,200009,1,"$70,054",0.9
EP00,11,I,21,,B,0110,1,EF-00,G,XXXX,8,48,I,2,200009,1,"$70,054",2.0
EP00,11,G,21,15,F,0110,1,GS-15,J,XXXX,8,10,F,1,200009,1,"$101,565",15.6
EP00,11,H,22,,A,0110,1,ED-00,G,XXXX,8,48,I,2,200009,1,"$70,054",0.0
EP00,11,E,17,13,D,0110,1,GS-13,G,XXXX,8,10,F,1,200009,1,"$71,037",8.3
EP00,11,F,21,14,E,0110,1,GS-14,H,XXXX,8,10,P,2,200009,1,"$83,945",10.5
EP00,11,E,17,13,D,0110,1,GS-13,F,XXXX,8,10,F,1,200009,1,"$69,008",9.6
EP00,11,K,17,,A,0110,1,EF-00,F,XXXX,8,48,I,2,200009,1,"$69,992",0.7
EP00,11,K,21,,A,0110,1,EF-00,G,XXXX,8,48,I,2,200009,1,"$70,054",0.2
EP00,11,J,22,,A,0110,1,ED-00,Z,XXXX,8,48,I,2,200009,1,,0.5
EP00,11,E,21,13,B,0110,1,GS-13,F,XXXX,8,15,F,1,200009,1,"$60,890",2.9
EP00,11,F,17,15,E,0110,1,GS-15,I,XXXX,8,10,F,1,200009,1,"$93,101",14.6
EP00,11,F,21,14,E,0110,1,GS-14,H,XXXX,8,10,F,1,200009,1,"$86,343",10.3
EP00,11,F,21,,A,0110,1,ED-00,F,XXXX,8,48,I,2,200009,1,"$69,992",0.5
EP00,51,K,21,13,G,0110,1,GS-13,G,XXXX,8,10,F,1,200009,1,"$79,155",23.9
EP00,11,E,17,13,B,0110,1,GS-13,G,XXXX,8,15,F,1,200009,1,"$79,155",2.6
EP00,11,F,21,,A,0110,1,ED-00,F,XXXX,8,48,I,2,200009,1,"$69,992",0.7
EP00,11,I,21,14,H,0110,1,GS-14,I,XXXX,8,10,F,1,200009,1,"$91,139",28.3
EP00,51,E,17,14,D,0110,1,GS-14,G,XXXX,8,10,F,1,200009,1,"$74,352",8.3
EP00,11,F,17,15,E,0110,1,GS-15,I,XXXX,2,10,F,1,200009,1,"$98,744",14.5
EP00,11,K,21,,A,0110,1,EF-00,F,XXXX,8,48,I,2,200009,1,"$69,992",0.8
EP00,11,G,13,13,G,0110,1,GS-13,G,XXXX,8,10,F,1,200009,1,"$77,126",22.3
EP00,11,G,18,13,G,0110,1,GS-13,G,XXXX,8,10,F,1,200009,1,"$77,126",21.3
EP00,37,D,17,13,E,0110,1,GS-13,G,XXXX,8,10,F,1,200009,1,"$71,546",10.2
EP00,11,I,17,13,G,0110,1,GS-13,G,XXXX,8,10,F,1,200009,1,"$79,155",24.4
EP00,11,H,17,14,H,0110,1,GS-14,I,XXXX,8,10,F,1,200009,1,"$93,537",25.6
EP00,11,K,21,,A,0110,1,ED-00,F,XXXX,8,48,I,2,200009,1,"$69,992",0.5
EP00,11,I,17,13,H,0110,1,GS-13,G,XXXX,8,10,F,1,200009,1,"$79,155",26.3
EP00,51,C,13,07,B,0110,1,GS-07,B,XXXX,8,30,F,1,200009,1,"$28,866",1.5
EP00,11,I,22,,A,0110,1,ED-00,G,XXXX,8,48,I,2,200009,1,"$70,054",0.3
EP00,51,G,17,14,F,0110,1,GS-14,H,XXXX,8,10,F,1,200009,1,"$83,945",17.1
EP00,11,H,21,15,E,0110,1,GS-15,K,XXXX,8,10,F,1,200009,1,"$110,028",14.3
EP00,11,E,21,13,B,0110,1,GS-13,F,XXXX,8,15,F,1,200009,1,"$66,979",2.3
EP00,11,I,21,,A,0110,1,ED-00,I,XXXX,8,48,I,2,200009,1,"$90,948",0.6
EP00,11,I,22,,B,0110,1,EF-00,F,XXXX,8,48,I,2,200009,1,"$69,992",1.4
EP00,11,J,18,15,J,0110,1,GS-15,K,XXXX,8,10,F,1,200009,1,"$110,028",36.9
EP00,11,E,21,13,C,0110,1,GS-13,G,XXXX,8,15,F,1,200009,1,"$79,155",3.5
EP00,11,C,17,13,C,0110,1,GS-13,F,XXXX,8,10,F,1,200009,1,"$60,890",3.4
EP00,11,H,21,,A,0110,1,EF-00,G,XXXX,8,48,I,2,200009,1,"$70,054",0.8
EP00,51,H,17,13,D,0110,1,GS-13,F,XXXX,8,10,F,1,200009,1,"$60,890",9.3
EP00,11,F,21,,A,0110,1,ED-00,F,XXXX,8,48,I,2,200009,1,"$69,992",0.4
EP00,11,E,21,,A,0110,1,ED-00,F,XXXX,8,48,I,2,200009,1,"$69,992",0.5
EP00,11,H,21,,A,0110,1,ED-00,F,XXXX,8,48,I,2,200009,1,"$69,992",0.5
EP00,11,J,21,,A,0110,1,ED-00,F,XXXX,8,48,I,2,200009,1,"$69,992",0.8
EP00,11,F,21,,A,0110,1,ED-00,F,XXXX,8,48,I,2,200009,1,"$69,992",0.6
EP00,11,E,22,13,B,0110,1,GS-13,F,XXXX,8,15,F,1,200009,1,"$62,920",2.6
EP00,11,E,18,13,B,0110,1,GS-13,F,XXXX,8,15,F,1,200009,1,"$62,920",2.1
EP00,11,I,21,13,F,0110,1,GS-13,G,XXXX,8,10,F,1,200009,1,"$75,096",19.2
EP00,11,H,21,14,G,0110,1,GS-14,I,XXXX,8,10,F,1,200009,1,"$93,537",23.8
EP00,11,G,21,,A,0110,1,EF-00,F,XXXX,8,48,I,2,200009,1,"$69,992",0.5
EP00,11,F,21,14,D,0110,1,GS-14,G,XXXX,8,15,F,1,200009,1,"$74,352",7.6
EP00,51,E,21,14,B,0110,1,GS-14,G,XXXX,7,15,F,1,200009,1,"$71,954",2.0
EP00,37,D,21,11,B,0110,1,GS-11,D,XXXX,8,15,F,1,200009,1,"$43,229",1.5
EP00,37,G,18,13,D,0110,1,GS-13,F,XXXX,8,10,F,1,200009,1,"$65,584",9.0
EP00,51,E,21,13,D,0110,1,GS-13,F,XXXX,8,10,F,1,200009,1,"$69,008",8.1
EP00,11,E,18,15,D,0110,1,GS-15,I,XXXX,8,10,F,1,200009,1,"$98,744",6.5
EP00,11,G,13,14,G,0110,1,GS-14,H,XXXX,8,10,F,1,200009,1,"$81,546",21.8
EP00,11,H,17,13,E,0110,1,GS-13,F,XXXX,8,10,F,1,200009,1,"$69,008",14.8
FC00,11,I,17,15,H,0110,1,GS-15,J,XXXX,8,10,F,1,200009,1,"$104,386",28.0
FC00,11,F,18,15,F,0110,1,GS-15,I,XXXX,8,10,F,1,200009,1,"$93,101",16.8
FC00,11,F,21,15,C,0110,1,GS-15,I,XXXX,8,15,F,1,200009,1,"$95,923",3.3
FC00,11,I,17,15,G,0110,1,GS-15,K,XXXX,8,10,F,1,200009,1,"$110,028",21.2
FC00,11,F,21,15,E,0110,1,GS-15,I,XXXX,2,10,F,1,200009,1,"$90,280",12.2
FC00,11,D,21,15,D,0110,1,GS-15,I,XXXX,8,10,F,1,200009,1,"$93,101",5.2
FC00,11,G,17,15,G,0110,1,GS-15,K,XXXX,8,10,F,1,200009,1,"$110,028",20.0
FC00,11,G,17,,G,0110,1,ES-04,M,XXXX,8,50,F,1,200009,1,"$130,200",23.8
FC00,11,G,21,15,D,0110,1,GS-15,I,XXXX,8,10,F,1,200009,1,"$98,744",7.6
FC00,11,H,17,15,G,0110,1,GM-15,J,XXXX,2,10,P,2,200009,1,"$107,207",24.2
FC00,11,G,21,15,F,0110,1,GS-15,J,XXXX,8,10,F,1,200009,1,"$107,207",18.6
FC00,11,J,21,15,D,0110,1,GS-15,J,XXXX,2,10,F,1,200009,1,"$101,565",7.9
FC00,11,I,17,13,E,0110,1,GS-13,F,XXXX,8,10,F,1,200009,1,"$66,979",12.5
FC00,11,E,21,15,D,0110,1,GS-15,H,XXXX,8,10,F,1,200009,1,"$84,638",7.8
FC00,11,G,21,14,E,0110,1,GS-14,G,XXXX,8,10,F,1,200009,1,"$79,148",10.3
FC00,11,E,17,14,C,0110,1,GS-14,G,XXXX,8,15,F,1,200009,1,"$74,352",4.0
FC00,11,I,21,,H,0110,1,SL-00,M,XXXX,8,10,F,1,200009,1,"$130,200",27.9
FC00,11,G,21,15,F,0110,1,GM-15,K,XXXX,5,10,F,1,200009,1,"$110,028",19.2
FC00,11,I,21,15,E,0110,1,GS-15,K,XXXX,8,10,F,1,200009,1,"$110,028",12.2
FC00,11,G,21,15,G,0110,1,GS-15,J,XXXX,8,10,F,1,200009,1,"$104,386",20.7
FC00,11,H,13,15,H,0110,1,GM-15,K,XXXX,5,10,F,1,200009,1,"$110,028",28.6
FC00,11,G,18,14,F,0110,1,GS-14,I,XXXX,8,10,F,1,200009,1,"$93,537",19.3
FC00,11,G,13,15,H,0110,1,GS-15,J,XXXX,8,10,F,1,200009,1,"$107,207",27.8
FC00,11,H,21,15,G,0110,1,GM-15,K,XXXX,5,10,F,1,200009,1,"$110,028",20.6
FC00,11,F,21,15,D,0110,1,GS-15,I,XXXX,8,10,F,1,200009,1,"$93,101",5.3
FC00,11,H,17,15,D,0110,1,GS-15,I,XXXX,8,15,F,1,200009,1,"$95,923",8.3
FC00,11,D,17,14,D,0110,1,GS-14,G,XXXX,8,10,F,1,200009,1,"$71,954",7.3
FC00,11,H,13,15,I,0110,1,GS-15,I,XXXX,8,10,F,1,200009,1,"$95,923",31.2
FC00,11,H,17,15,E,0110,1,GS-15,I,XXXX,8,15,F,1,200009,1,"$90,280",13.6
FC00,11,H,13,14,H,0110,1,GS-14,H,XXXX,8,10,F,1,200009,1,"$81,546",28.0
FC00,11,H,17,15,G,0110,1,GS-15,K,XXXX,8,10,F,1,200009,1,"$110,028",22.7
FC00,11,G,13,13,G,0110,1,GS-13,G,XXXX,8,10,F,1,200009,1,"$71,037",23.7
FC00,11,G,17,15,G,0110,1,GS-15,H,XXXX,8,10,F,1,200009,1,"$87,459",21.8
FC00,11,I,17,15,G,0110,1,GS-15,J,XXXX,8,10,F,1,200009,1,"$104,386",22.2
FC00,11,H,21,15,D,0110,1,GS-15,K,XXXX,8,10,F,1,200009,1,"$110,028",5.0
FC00,11,E,17,14,C,0110,1,GS-14,G,XXXX,8,15,F,1,200009,1,"$79,148",3.6
FC00,11,G,21,15,D,0110,1,GS-15,H,XXXX,8,15,F,1,200009,1,"$84,638",5.8
FC00,11,I,21,15,H,0110,1,GS-15,J,XXXX,8,10,F,1,200009,1,"$101,565",29.8
FC00,11,E,21,15,C,0110,1,GS-15,I,XXXX,8,15,F,1,200009,1,"$90,280",3.0
FC00,11,E,18,14,D,0110,1,GS-14,G,XXXX,8,10,F,1,200009,1,"$71,954",7.3
FC00,11,F,17,14,C,0110,1,GS-14,G,XXXX,8,15,F,1,200009,1,"$79,148",4.0
FC00,11,H,21,15,A,0110,1,GS-15,H,XXXX,8,15,F,1,200009,1,"$84,638",0.3
FC00,11,E,21,13,A,0110,1,GS-13,F,XXXX,8,15,F,1,200009,1,"$60,890",0.1
FC00,11,K,14,12,J,0110,1,GS-12,F,XXXX,8,10,F,1,200009,1,"$66,564",45.8
FC00,11,I,21,15,G,0110,1,GS-15,K,XXXX,8,10,F,1,200009,1,"$110,028",21.2
FC00,11,G,21,15,E,0110,1,GS-15,I,XXXX,8,10,F,1,200009,1,"$95,923",12.9
FC00,11,F,21,15,D,0110,1,GS-15,I,XXXX,8,10,F,1,200009,1,"$93,101",5.5
FC00,11,D,17,14,C,0110,1,GS-14,G,XXXX,8,15,F,1,200009,1,"$74,352",3.3
FC00,11,G,21,15,D,0110,1,GS-15,I,XXXX,8,10,F,1,200009,1,"$93,101",6.0
FC00,11,H,21,15,C,0110,1,GS-15,J,XXXX,8,15,F,1,200009,1,"$101,565",4.1
FC00,11,I,21,15,H,0110,1,GS-15,K,XXXX,8,10,F,1,200009,1,"$110,028",29.8
FC00,11,F,18,13,D,0110,1,GS-13,F,XXXX,8,10,F,1,200009,1,"$60,890",5.7
FC00,11,I,21,15,H,0110,1,GS-15,I,XXXX,8,10,F,1,200009,1,"$98,744",26.0
FC00,11,I,17,15,H,0110,1,GS-15,K,XXXX,8,10,F,1,200009,1,"$110,028",26.3
FC00,11,E,17,15,D,0110,1,GS-15,I,XXXX,8,10,F,1,200009,1,"$90,280",5.5
FC00,11,G,21,15,D,0110,1,GS-15,I,XXXX,8,10,F,1,200009,1,"$95,923",6.1
FC00,11,C,13,12,A,0110,1,GS-12,E,XXXX,8,15,F,1,200009,1,"$51,204",0.1
FC00,11,C,13,12,A,0110,1,GS-12,E,XXXX,8,15,F,1,200009,1,"$51,204",0.1
FD00,25,C,17,11,B,0110,1,CG-11,F,XXXX,8,15,F,1,200009,1,"$63,052",2.0
FD00,11,G,21,15,E,0110,1,CG-15,K,XXXX,2,10,F,1,200009,1,"$112,671",13.8
FD00,11,F,21,14,C,0110,1,CG-14,H,XXXX,8,10,F,1,200009,1,"$89,166",3.9
FD00,47,F,21,12,B,0110,1,CG-12,E,XXXX,8,15,F,1,200009,1,"$56,844",1.1
FD00,11,G,21,,E,0110,1,EO-03,P,XXXX,2,10,F,1,200009,1,"$169,206",11.6
FD00,36,E,17,12,D,0110,1,CG-12,H,XXXX,8,15,F,1,200009,1,"$80,068",7.6
FD00,36,G,04,14,C,0110,1,CG-14,J,XXXX,8,10,F,1,200009,1,"$104,342",3.8
FD00,11,K,17,,E,0110,1,EO-02,N,XXXX,2,10,F,1,200009,1,"$146,176",12.4
FD00,17,I,17,14,E,0110,1,CG-14,K,XXXX,8,10,F,1,200009,1,"$114,706",10.1
FD00,11,D,07,13,C,0110,1,CG-13,H,XXXX,8,10,F,1,200009,1,"$80,830",3.3
FD00,11,H,17,15,I,0110,1,CG-15,L,XXXX,2,10,F,1,200009,1,"$126,512",32.9
FD00,11,C,,09,B,0110,1,CG-09,D,XXXX,8,40,F,2,200009,1,"$43,448",1.3
FD00,11,I,21,14,I,0110,1,CG-14,K,XXXX,8,10,F,1,200009,1,"$112,153",31.0
FD00,11,F,21,14,D,0110,1,CG-14,I,XXXX,8,10,F,1,200009,1,"$94,536",9.2
FD00,11,F,17,14,G,0110,1,CG-14,J,XXXX,8,10,F,1,200009,1,"$100,870",21.3
FD00,11,C,09,13,D,0110,1,CG-13,G,XXXX,8,10,F,1,200009,1,"$72,306",8.8
FD00,11,D,12,12,A,0110,1,CG-12,F,XXXX,8,15,F,1,200009,1,"$63,513",0.1
FD00,11,F,17,14,D,0110,1,CG-14,J,XXXX,8,10,F,1,200009,1,"$102,287",8.3
FD00,11,B,,07,A,0110,1,CG-07,C,XXXX,8,40,F,2,200009,1,"$34,152",0.3
FD00,11,B,,09,B,0110,1,CG-09,D,XXXX,8,40,F,2,200009,1,"$43,448",1.3
FD00,11,D,04,13,D,0110,1,CG-13,G,XXXX,8,10,F,1,200009,1,"$72,821",5.9
FD00,11,G,17,14,H,0110,1,CG-14,K,XXXX,8,10,F,1,200009,1,"$113,654",28.1
FD00,11,C,12,12,C,0110,1,CG-12,F,XXXX,8,15,F,1,200009,1,"$62,753",3.2
FD00,11,D,07,14,C,0110,1,CG-14,H,XXXX,8,10,F,1,200009,1,"$89,118",3.2
FD00,11,G,21,14,F,0110,1,CG-14,J,XXXX,8,10,F,1,200009,1,"$103,151",17.3
FD00,11,G,21,15,E,0110,1,CG-15,L,XXXX,8,10,F,1,200009,1,"$127,559",12.0
FD00,11,I,17,14,I,0110,1,CG-14,K,XXXX,8,10,F,1,200009,1,"$114,643",32.3
FD00,06,J,21,14,C,0110,1,CG-14,I,XXXX,8,10,F,1,200009,1,"$92,831",4.8
FD00,11,G,21,14,E,0110,1,CG-14,H,XXXX,8,10,F,1,200009,1,"$89,340",13.2
FD00,11,B,,09,B,0110,1,CG-09,D,XXXX,8,40,F,2,200009,1,"$43,448",1.1
FD00,13,D,21,14,C,0110,1,CG-14,H,XXXX,8,10,F,1,200009,1,"$84,535",3.7
FD00,11,K,21,15,I,0110,1,CG-15,L,XXXX,2,10,F,1,200009,1,"$127,559",32.5
FD00,11,F,21,14,D,0110,1,CG-14,I,XXXX,8,10,F,1,200009,1,"$98,174",6.1
FD00,11,E,12,14,C,0110,1,CG-14,I,XXXX,8,10,F,1,200009,1,"$90,620",3.8
FD00,11,F,17,15,E,0110,1,CG-15,L,XXXX,8,10,F,1,200009,1,"$122,060",13.4
FD00,11,F,21,14,E,0110,1,CG-14,J,XXXX,8,10,F,1,200009,1,"$100,870",12.2
FD00,11,G,21,,D,0110,1,EO-02,N,XXXX,2,10,F,1,200009,1,"$146,176",9.4
FD00,48,C,17,12,B,0110,1,CG-12,E,XXXX,8,15,F,1,200009,1,"$58,353",2.5
FD00,29,F,17,14,C,0110,1,CG-14,G,XXXX,8,10,F,1,200009,1,"$79,880",3.3
FD00,11,E,17,15,E,0110,1,CG-15,J,XXXX,8,10,F,1,200009,1,"$101,888",13.3
FD00,11,G,21,14,C,0110,1,CG-14,I,XXXX,8,10,F,1,200009,1,"$95,221",4.4
FD00,11,G,17,15,H,0110,1,CG-15,L,XXXX,2,10,F,1,200009,1,"$127,559",26.4
FD00,11,G,21,14,E,0110,1,CG-14,J,XXXX,8,10,F,1,200009,1,"$106,733",14.2
FD00,11,K,21,,I,0110,1,EO-04,R,XXXX,2,10,F,1,200009,1,"$181,400",34.7
FD00,48,F,17,14,C,0110,1,CG-14,H,XXXX,8,10,F,1,200009,1,"$86,987",3.8
FD00,06,B,11,09,B,0110,1,CG-09,E,XXXX,8,15,F,1,200009,1,"$50,915",2.3
FD00,11,E,12,14,C,0110,1,CG-14,H,XXXX,8,10,F,1,200009,1,"$89,118",3.0
FD00,11,B,,07,A,0110,1,CG-07,C,XXXX,8,40,F,2,200009,1,"$34,152",0.1
FD00,25,E,17,14,C,0110,1,CG-14,J,XXXX,8,10,F,1,200009,1,"$104,862",3.8
FD00,11,B,,07,A,0110,1,CG-07,C,XXXX,8,40,F,2,200009,1,"$34,152",0.2
FD00,11,F,17,14,E,0110,1,CG-14,I,XXXX,8,10,F,1,200009,1,"$91,908",12.5
FL00,51,G,21,,F,0110,1,VH-39,G,XXXX,8,10,F,1,200009,1,"$75,200",19.0
FL00,51,H,21,,H,0110,1,VH-41,J,XXXX,8,10,F,1,200009,1,"$101,562",29.0
FL00,51,I,14,,J,0110,1,VH-42,K,XXXX,8,10,F,1,200009,1,"$114,395",36.8
FT00,11,D,21,12,A,0110,1,GS-12,F,XXXX,8,15,F,1,200009,1,"$66,564",0.9
FT00,11,H,21,,G,0110,1,ES-04,M,XXXX,2,50,F,1,200009,1,"$130,200",22.8
FT00,11,H,21,15,G,0110,1,GM-15,K,XXXX,2,10,F,1,200009,1,"$110,028",20.1
FT00,11,H,22,15,G,0110,1,GM-15,K,XXXX,2,10,F,1,200009,1,"$110,028",21.8
FT00,11,E,21,14,B,0110,1,GS-14,H,XXXX,5,15,F,1,200009,1,"$83,945",1.7
FT00,08,G,21,15,G,0110,1,GM-15,K,XXXX,5,10,F,1,200009,1,"$111,532",22.1
FT00,11,G,22,15,G,0110,1,GS-15,I,XXXX,5,10,F,1,200009,1,"$98,744",20.4
FT00,11,H,21,15,G,0110,1,GM-15,J,XXXX,5,10,F,1,200009,1,"$106,242",22.3
FT00,11,F,22,13,B,0110,1,GS-13,F,XXXX,8,15,F,1,200009,1,"$60,890",2.1
FT00,11,I,21,15,H,0110,1,GM-15,K,XXXX,2,10,F,1,200009,1,"$110,028",27.3
FT00,11,F,17,15,E,0110,1,GS-15,J,XXXX,5,10,P,2,200009,1,"$101,565",12.3
FT00,11,F,21,15,E,0110,1,GS-15,I,XXXX,5,10,F,1,200009,1,"$95,923",10.3
FT00,11,H,21,15,G,0110,1,GM-15,J,XXXX,5,10,F,1,200009,1,"$106,499",21.0
FT00,11,D,21,12,B,0110,1,GS-12,F,XXXX,8,15,F,1,200009,1,"$66,564",1.0
FT00,11,E,21,15,D,0110,1,GS-15,H,XXXX,8,10,F,1,200009,1,"$84,638",7.9
FT00,11,D,21,13,B,0110,1,GS-13,G,XXXX,8,15,F,1,200009,1,"$71,037",2.1
FT00,11,F,21,15,E,0110,1,GS-15,I,XXXX,5,10,P,2,200009,1,"$93,101",13.0
FT00,11,I,21,15,H,0110,1,GM-15,K,XXXX,5,10,F,1,200009,1,"$110,028",26.3
FT00,11,E,21,15,D,0110,1,GS-15,I,XXXX,5,10,F,1,200009,1,"$98,744",9.3
FT00,11,F,21,15,E,0110,1,GS-15,J,XXXX,5,10,P,2,200009,1,"$101,565",14.6
FT00,11,I,21,15,I,0110,1,GM-15,K,XXXX,5,10,F,1,200009,1,"$110,028",32.5
FT00,11,G,21,15,E,0110,1,GS-15,J,XXXX,5,10,F,1,200009,1,"$107,207",12.3
FT00,11,G,21,15,F,0110,1,GM-15,K,XXXX,2,10,F,1,200009,1,"$110,028",17.7
FT00,11,E,15,15,E,0110,1,GS-15,I,XXXX,5,10,F,1,200009,1,"$95,923",10.3
FT00,11,E,21,14,C,0110,1,GS-14,G,XXXX,8,15,F,1,200009,1,"$71,954",3.9
FT00,11,F,,,B,0110,1,EF-00,J,XXXX,8,48,I,2,200009,1,"$107,188",1.6
FT00,11,G,21,15,G,0110,1,GM-15,K,XXXX,5,10,F,1,200009,1,"$110,028",21.3
FT00,11,F,22,15,E,0110,1,GS-15,J,XXXX,5,10,F,1,200009,1,"$104,386",11.0
FT00,11,D,21,15,D,0110,1,GS-15,J,XXXX,5,10,F,1,200009,1,"$101,565",8.1
FT00,11,H,14,14,I,0110,1,GM-14,H,XXXX,5,10,F,1,200009,1,"$86,657",33.6
FT00,11,G,22,15,G,0110,1,GS-15,I,XXXX,5,10,F,1,200009,1,"$90,280",20.4
FT00,11,E,21,15,D,0110,1,GS-15,K,XXXX,8,10,F,1,200009,1,"$110,028",7.3
FT00,11,C,21,12,B,0110,1,GS-12,F,XXXX,8,15,F,1,200009,1,"$66,564",1.1
FT00,11,I,20,15,G,0110,1,GM-15,J,XXXX,5,10,F,1,200009,1,"$102,627",23.2
FT00,11,G,21,,B,0110,1,ES-06,M,XXXX,2,55,F,1,200009,1,"$130,200",1.8
FT00,11,H,21,15,G,0110,1,GM-15,K,XXXX,2,10,F,1,200009,1,"$110,028",21.2
FT00,39,I,,15,D,0110,1,GS-15,H,XXXX,8,20,I,2,200009,1,"$83,862",7.6
FT00,11,E,21,13,D,0110,1,GS-13,G,XXXX,8,10,F,1,200009,1,"$71,037",9.8
FT00,11,G,21,15,F,0110,1,GM-15,K,XXXX,5,10,F,1,200009,1,"$110,028",18.7
FT00,11,E,21,14,B,0110,1,GS-14,I,XXXX,8,15,F,1,200009,1,"$93,537",1.1
FT00,11,D,21,15,D,0110,1,GS-15,I,XXXX,8,15,F,1,200009,1,"$93,101",5.3
FT00,11,I,21,15,H,0110,1,GM-15,K,XXXX,5,10,F,1,200009,1,"$110,028",26.2
FT00,11,J,22,15,F,0110,1,GM-15,K,XXXX,5,10,F,1,200009,1,"$110,028",18.3
FT00,11,H,21,15,E,0110,1,GS-15,I,XXXX,5,10,F,1,200009,1,"$98,744",12.0
FT00,11,I,21,15,H,0110,1,GS-15,J,XXXX,5,10,F,1,200009,1,"$104,386",26.3
FT00,11,E,21,15,D,0110,1,GS-15,I,XXXX,5,10,F,1,200009,1,"$90,280",9.9
FT00,11,G,21,,G,0110,1,ES-04,M,XXXX,2,50,F,1,200009,1,"$130,200",22.6
FT00,11,G,21,14,E,0110,1,GS-14,G,XXXX,8,15,F,1,200009,1,"$74,352",12.3
FT00,11,D,21,15,C,0110,1,GS-15,H,XXXX,8,10,F,1,200009,1,"$84,638",4.1
FT00,11,E,21,15,D,0110,1,GS-15,K,XXXX,5,10,F,1,200009,1,"$110,028",5.2
FT00,11,D,21,12,B,0110,1,GS-12,F,XXXX,8,15,F,1,200009,1,"$66,564",1.0
FT00,11,I,21,15,I,0110,1,GM-15,K,XXXX,5,10,F,1,200009,1,"$110,028",33.0
FT00,11,D,21,15,D,0110,1,GS-15,H,XXXX,8,10,F,1,200009,1,"$87,459",6.1
FT00,11,D,21,15,C,0110,1,GS-15,H,XXXX,8,15,F,1,200009,1,"$84,638",4.1
FT00,11,E,21,14,A,0110,1,GS-14,I,XXXX,8,15,F,1,200009,1,"$93,537",0.1
FT00,11,E,21,15,E,0110,1,GS-15,I,XXXX,5,10,F,1,200009,1,"$95,923",10.1
FT00,11,J,21,15,H,0110,1,GS-15,J,XXXX,5,10,F,1,200009,1,"$104,386",25.0
FT00,11,H,21,15,H,0110,1,GM-15,K,XXXX,5,10,F,1,200009,1,"$110,028",28.0
FT00,11,D,21,13,B,0110,1,GS-13,F,XXXX,8,15,F,1,200009,1,"$60,890",1.1
FT00,06,K,18,13,J,0110,1,GS-13,H,XXXX,8,10,F,1,200009,1,"$83,481",37.9
FT00,11,H,21,15,H,0110,1,GM-15,K,XXXX,5,10,F,1,200009,1,"$110,028",25.0
FT00,11,H,21,15,G,0110,1,GS-15,K,XXXX,5,10,F,1,200009,1,"$110,028",21.6
FT00,11,F,17,14,E,0110,1,GS-14,G,XXXX,8,10,P,2,200009,1,"$79,148",10.1
FT00,11,D,21,14,C,0110,1,GS-14,G,XXXX,8,15,F,1,200009,1,"$71,954",3.2
FT00,11,G,21,15,G,0110,1,GS-15,I,XXXX,5,10,F,1,200009,1,"$95,923",21.0
FT00,11,J,22,15,G,0110,1,GM-15,K,XXXX,5,10,F,1,200009,1,"$110,028",22.1
FT00,11,H,22,15,E,0110,1,GS-15,I,XXXX,5,10,F,1,200009,1,"$95,923",12.5
FT00,11,F,21,15,D,0110,1,GS-15,I,XXXX,5,10,F,1,200009,1,"$98,744",9.9
FT00,11,D,21,15,C,0110,1,GS-15,H,XXXX,8,10,F,1,200009,1,"$84,638",4.0
FY00,11,H,18,,G,0110,1,TM-15,L,XXXX,8,10,F,1,200009,1,"$129,078",24.2
FY00,11,F,22,,D,0110,1,TM-14,J,XXXX,8,10,F,1,200009,1,"$109,730",8.1
FY00,11,G,21,,C,0110,1,TM-15,L,XXXX,8,10,F,1,200009,1,"$127,965",3.1
GB00,11,C,13,09,B,0110,1,GS-09,D,XXXX,8,15,F,1,200009,1,"$43,547",2.3
GB00,11,D,17,13,D,0110,1,GS-13,F,XXXX,8,15,F,1,200009,1,"$64,949",6.8
GB00,11,D,17,11,B,0110,1,GS-11,D,XXXX,8,15,P,2,200009,1,"$46,996",1.3
GB00,11,C,17,09,A,0110,1,GS-09,D,XXXX,8,15,F,1,200009,1,"$42,370",0.1
HE10,11,F,17,14,E,0110,1,GM-14,H,XXXX,5,10,P,2,200009,1,"$85,141",11.7
HE10,11,H,17,15,H,0110,1,GS-15,K,XXXX,2,10,F,1,200009,1,"$110,028",25.9
HE10,11,D,18,13,B,0110,1,GS-13,F,XXXX,8,20,F,2,200009,1,"$60,890",1.2
HE10,11,I,21,14,G,0110,1,GM-14,I,XXXX,5,10,F,1,200009,1,"$93,537",22.9
HE10,11,E,17,14,D,0110,1,GS-14,G,XXXX,8,10,F,1,200009,1,"$76,750",6.3
HE10,11,J,04,14,D,0110,1,GS-14,I,XXXX,8,10,F,1,200009,1,"$93,537",9.6
HE10,11,J,21,15,I,0110,1,GM-15,K,XXXX,5,10,F,1,200009,1,"$110,028",31.5
HE32,24,G,21,,D,0110,1,EE-00,K,XXXX,8,48,I,2,200009,1,"$114,500",5.8
HE32,24,F,21,,D,0110,1,AD-00,H,XXXX,8,48,F,2,200009,1,"$83,945",8.3
HE32,24,H,21,14,F,0110,1,GS-14,I,XXXX,8,10,F,1,200009,1,"$93,537",15.0
HE32,24,C,17,,A,0110,1,AD-00,E,XXXX,8,48,F,2,200009,1,"$58,031",0.2
HE32,24,E,19,,A,0110,1,AD-00,F,XXXX,8,48,F,2,200009,1,"$64,949",0.5
HE32,24,D,21,,B,0110,1,AD-00,F,XXXX,8,48,F,2,200009,1,"$60,000",1.1
HE33,24,E,21,,D,0110,1,EE-00,H,XXXX,8,48,F,2,200009,1,"$86,715",7.9
HE33,24,F,21,14,D,0110,1,GS-14,I,XXXX,8,15,F,1,200009,1,"$91,139",8.8
HE33,24,J,,,D,0110,1,EI-00,G,XXXX,8,48,I,2,200009,1,"$78,200",5.8
HE33,24,C,13,,B,0110,1,AD-00,D,XXXX,8,48,F,2,200009,1,"$46,996",1.4
HE33,24,F,21,15,D,0110,1,GS-15,J,XXXX,8,15,F,1,200009,1,"$104,386",7.1
HE33,24,F,21,14,E,0110,1,GS-14,I,XXXX,8,15,F,1,200009,1,"$93,537",10.9
HE33,24,H,22,15,G,0110,1,GS-15,K,XXXX,2,10,F,1,200009,1,"$110,028",20.6
HE33,24,C,21,,B,0110,1,AD-00,F,XXXX,8,48,F,2,200009,1,"$66,564",1.1
HE33,24,H,22,14,G,0110,1,GS-14,I,XXXX,8,10,P,2,200009,1,"$93,537",21.2
HE33,24,F,21,14,D,0110,1,GS-14,H,XXXX,8,15,F,1,200009,1,"$88,741",9.4
HE33,24,I,17,15,D,0110,1,GS-15,K,XXXX,2,15,F,1,200009,1,"$110,028",5.5
HE33,24,D,21,,A,0110,1,AD-00,F,XXXX,8,48,F,2,200009,1,"$69,008",0.8
HE33,24,D,21,,A,0110,1,AD-00,G,XXXX,8,48,F,2,200009,1,"$71,037",0.1
HE33,24,E,13,14,D,0110,1,GS-14,H,XXXX,8,15,F,1,200009,1,"$88,741",9.3
HE33,24,H,21,14,G,0110,1,GS-14,G,XXXX,8,10,F,1,200009,1,"$74,352",20.5
HE33,24,H,21,15,H,0110,1,GS-15,K,XXXX,8,10,F,1,200009,1,"$110,028",27.3
HE33,24,E,21,,B,0110,1,AD-00,F,XXXX,8,48,F,2,200009,1,"$63,151",1.0
HE33,24,E,21,,A,0110,1,AD-00,H,XXXX,8,48,F,2,200009,1,"$81,546",0.8
HE33,24,I,,,D,0110,1,EI-00,G,XXXX,8,48,I,2,200009,1,"$78,200",5.8
HE33,24,D,21,14,D,0110,1,GS-14,G,XXXX,8,15,F,1,200009,1,"$79,148",5.0
HE33,24,I,21,15,E,0110,1,GS-15,K,XXXX,2,10,F,1,200009,1,"$110,028",12.4
HE33,24,G,18,,D,0110,1,EE-00,G,XXXX,8,48,F,2,200009,1,"$77,949",6.7
HE33,24,D,,,C,0110,1,EE-00,G,XXXX,8,48,F,2,200009,1,"$73,087",3.1
HE34,24,K,17,13,G,0110,1,GS-13,G,XXXX,8,10,F,1,200009,1,"$79,155",22.9
HE34,24,I,22,14,G,0110,1,GS-14,I,XXXX,8,10,F,1,200009,1,"$93,537",20.9
HE34,24,E,**,13,E,0110,1,GS-13,F,XXXX,8,10,F,1,200009,1,"$62,920",11.1
HE34,11,E,,,D,0110,1,EI-00,Z,XXXX,8,48,I,2,200009,1,,5.8
HE36,24,G,21,14,E,0110,1,GS-14,G,XXXX,8,10,F,1,200009,1,"$79,148",10.8
HE36,24,G,13,13,H,0110,1,GS-13,G,XXXX,8,10,F,1,200009,1,"$77,126",25.8
HE36,24,E,17,13,E,0110,1,GS-13,G,XXXX,8,10,P,2,200009,1,"$71,037",14.8
HE36,24,I,14,15,I,0110,1,GM-15,J,XXXX,2,10,F,1,200009,1,"$107,618",31.4
HE36,24,E,17,13,E,0110,1,GS-13,F,XXXX,8,10,F,1,200009,1,"$69,008",10.3
HE36,24,H,17,14,G,0110,1,GS-14,H,XXXX,2,10,F,1,200009,1,"$86,343",21.7
HE36,24,C,17,13,D,0110,1,GS-13,F,XXXX,8,10,F,1,200009,1,"$64,949",6.7
HE36,11,D,16,,B,0110,1,AD-00,F,XXXX,8,48,F,2,200009,1,"$66,564",1.3
HE36,11,H,17,15,G,0110,1,GS-15,I,XXXX,2,10,F,1,200009,1,"$95,923",23.2
HE36,11,C,15,,B,0110,1,AD-00,F,XXXX,8,48,F,2,200009,1,"$66,564",1.2
HE36,11,F,17,13,D,0110,1,GS-13,F,XXXX,8,10,F,1,200009,1,"$66,979",9.4
HE36,11,E,17,12,D,0110,1,GS-12,E,XXXX,8,10,F,1,200009,1,"$56,324",9.7
HE36,11,E,21,13,D,0110,1,GS-13,F,XXXX,8,10,F,1,200009,1,"$66,979",8.3
HE36,11,F,17,13,E,0110,1,GS-13,G,XXXX,8,10,F,1,200009,1,"$73,067",10.8
HE36,24,G,13,,B,0110,1,AD-00,E,XXXX,8,48,P,2,200009,1,"$51,204",2.4
HE36,11,G,21,14,D,0110,1,GS-14,G,XXXX,8,10,F,1,200009,1,"$76,750",5.3
HE36,24,G,21,13,E,0110,1,GS-13,F,XXXX,8,10,F,1,200009,1,"$69,008",13.1
HE36,24,E,14,12,C,0110,1,GS-12,E,XXXX,8,38,F,1,200009,1,"$51,204",4.0
HE36,11,H,04,07,I,0119,3,GS-07,C,XXXX,8,10,F,1,200009,1,"$35,598",32.8
HE38,24,H,21,14,H,0110,1,GS-14,I,XXXX,8,10,F,1,200009,1,"$93,537",26.2
HE38,24,H,21,15,E,0110,1,GS-15,I,XXXX,8,10,F,1,200009,1,"$95,923",13.1
HE38,24,G,13,,D,0110,1,EI-00,E,XXXX,8,48,I,2,200009,1,"$52,175",5.8
HE38,24,K,21,,D,0110,1,EI-00,E,XXXX,8,48,I,2,200009,1,"$52,175",5.8
HE38,24,H,21,,B,0110,1,AD-00,O,XXXX,2,48,F,2,200009,1,"$150,964",1.3
HE38,24,I,21,14,G,0110,1,GS-14,I,XXXX,8,10,F,1,200009,1,"$93,537",20.3
HE38,24,J,22,,D,0110,1,EI-00,E,XXXX,8,48,I,2,200009,1,"$52,175",5.8
HE38,24,H,21,14,E,0110,1,GS-14,G,XXXX,8,10,F,1,200009,1,"$76,750",11.8
HE38,24,H,21,,E,0110,1,AD-00,L,XXXX,2,48,F,2,200009,1,"$129,000",12.2
HE38,24,D,13,,D,0110,1,EI-00,E,XXXX,8,48,I,2,200009,1,"$52,175",5.8
HE39,54,H,21,13,F,0110,1,GS-13,G,XXXX,8,10,F,1,200009,1,"$73,533",17.9
HE39,13,G,21,,C,0110,1,AD-00,F,XXXX,8,48,F,2,200009,1,"$64,121",3.1
HE39,13,F,21,14,C,0110,1,GS-14,G,XXXX,8,15,F,1,200009,1,"$78,140",3.6
HE39,13,D,21,13,B,0110,1,GS-13,F,XXXX,8,15,F,1,200009,1,"$62,118",1.3
HE39,24,I,21,,H,0110,1,AD-00,L,XXXX,5,48,F,2,200009,1,"$121,592",27.8
HE39,13,D,21,,B,0110,1,AD-00,E,XXXX,8,48,F,2,200009,1,"$52,237",1.8
HE39,11,D,21,,A,0110,1,AD-00,E,XXXX,8,48,F,2,200009,1,"$52,911",0.2
HE39,54,E,18,09,B,0110,1,GS-09,C,XXXX,8,38,P,2,200009,1,"$36,880",2.3
HE39,13,D,21,13,B,0110,1,GS-13,F,XXXX,8,15,F,1,200009,1,"$66,125",2.2
HE39,13,D,21,,A,0110,1,AD-00,E,XXXX,8,48,F,2,200009,1,"$52,237",0.2
HE39,13,C,21,,A,0110,1,AD-00,E,XXXX,8,48,F,2,200009,1,"$52,237",0.2
HE39,13,E,21,13,B,0110,1,GS-13,F,XXXX,8,15,F,1,200009,1,"$62,118",1.3
HE39,13,C,21,,B,0110,1,AD-00,F,XXXX,8,48,F,2,200009,1,"$60,114",2.2
HE39,39,F,22,12,B,0110,1,GS-12,E,XXXX,8,20,F,2,200009,1,"$51,425",1.8
HE39,13,D,21,,A,0110,1,AD-00,E,XXXX,8,48,F,2,200009,1,"$52,237",0.2
HE39,13,F,21,14,C,0110,1,GS-14,G,XXXX,8,10,F,1,200009,1,"$75,772",3.2
HE39,13,F,21,12,B,0110,1,GS-12,E,XXXX,8,40,F,2,200009,1,"$50,552",1.2
HE39,13,E,21,13,C,0110,1,GS-13,G,XXXX,8,15,F,1,200009,1,"$72,135",4.3
HE39,13,G,21,13,B,0110,1,GS-13,F,XXXX,8,15,F,1,200009,1,"$62,118",1.3
HE39,13,E,21,,B,0110,1,AD-00,F,XXXX,8,48,F,2,200009,1,"$62,118",1.2
HE39,13,E,22,,A,0110,1,AD-00,E,XXXX,8,48,F,2,200009,1,"$52,237",0.2
HE39,13,D,22,,B,0110,1,AD-00,F,XXXX,8,48,F,2,200009,1,"$60,114",1.9
HE39,13,G,22,13,B,0110,1,GS-13,F,XXXX,8,15,F,1,200009,1,"$62,118",1.7
HE39,54,G,13,13,F,0110,1,GS-13,F,XXXX,8,10,F,1,200009,1,"$67,571",15.0
HE39,13,D,22,12,B,0110,1,GS-12,E,XXXX,8,40,F,2,200009,1,"$50,552",1.2
HE39,13,G,21,,A,0110,1,AD-00,E,XXXX,8,48,F,2,200009,1,"$52,237",0.2
HE39,13,F,22,13,C,0110,1,GS-13,F,XXXX,8,10,F,1,200009,1,"$66,125",3.8
HE39,13,E,22,13,B,0110,1,GS-13,F,XXXX,8,15,F,1,200009,1,"$62,118",1.3
HE39,13,E,21,,A,0110,1,AD-00,E,XXXX,8,48,F,2,200009,1,"$52,237",0.2
HE39,13,E,22,,B,0110,1,AD-00,F,XXXX,8,48,F,2,200009,1,"$62,118",2.2
HE39,13,D,21,,A,0110,1,AD-00,E,XXXX,8,48,F,2,200009,1,"$52,237",0.1
HE70,24,E,17,13,B,0110,1,GS-13,F,XXXX,8,15,P,2,200009,1,"$66,979",2.6
HE70,24,J,17,13,H,0110,1,GS-13,G,XXXX,8,10,F,1,200009,1,"$79,155",26.2
HE70,24,E,21,13,A,0110,1,GS-13,F,XXXX,8,15,F,1,200009,1,"$60,890",0.8
HE70,24,G,21,15,G,0110,1,GS-15,J,XXXX,8,10,F,1,200009,1,"$101,565",23.2
HE70,24,I,21,15,E,0110,1,GS-15,I,XXXX,8,10,F,1,200009,1,"$95,923",10.2
HE70,24,G,13,13,H,0110,1,GS-13,G,XXXX,8,10,F,1,200009,1,"$75,096",26.9
HE70,24,E,17,14,D,0110,1,GS-14,H,XXXX,8,10,F,1,200009,1,"$86,343",9.2
HE70,24,J,13,13,G,0110,1,GS-13,G,XXXX,8,10,F,1,200009,1,"$79,155",22.9
HE70,24,G,21,13,D,0110,1,GS-13,G,XXXX,8,15,F,1,200009,1,"$77,126",6.5
HE70,24,H,14,15,H,0110,1,GM-15,J,XXXX,2,10,F,1,200009,1,"$101,565",27.8
HE70,24,I,14,13,H,0110,1,GS-13,G,XXXX,8,10,F,1,200009,1,"$77,126",27.3
HE70,24,G,17,14,H,0110,1,GS-14,I,XXXX,8,10,F,1,200009,1,"$93,537",26.3
HE70,24,D,13,13,D,0110,1,GS-13,G,XXXX,8,15,F,1,200009,1,"$75,096",9.5
HE70,24,C,13,14,D,0110,1,GS-14,G,XXXX,2,10,F,1,200009,1,"$71,954",8.3
HE70,24,D,13,12,D,0110,1,GS-12,E,XXXX,8,15,F,1,200009,1,"$56,324",9.3
HE70,24,D,13,12,D,0110,1,GS-12,E,XXXX,8,10,F,1,200009,1,"$56,324",9.1
HE70,24,E,13,13,E,0110,1,GS-13,F,XXXX,8,10,F,1,200009,1,"$66,979",10.3
HE70,24,E,13,12,D,0110,1,GS-12,F,XXXX,8,10,F,1,200009,1,"$63,151",6.4
HE70,24,J,21,14,G,0110,1,GS-14,I,XXXX,8,10,F,1,200009,1,"$93,537",20.9
HE70,24,F,14,14,F,0110,1,GS-14,G,XXXX,8,10,F,1,200009,1,"$76,750",19.0
HE70,24,H,17,15,H,0110,1,GM-15,J,XXXX,2,10,F,1,200009,1,"$108,626",26.0
HE70,24,I,21,15,G,0110,1,GS-15,K,XXXX,8,10,F,1,200009,1,"$110,028",22.5
HE70,24,I,21,15,H,0110,1,GM-15,K,XXXX,2,10,F,1,200009,1,"$110,028",28.9
HE70,24,E,17,12,E,0110,1,GS-12,E,XXXX,8,10,F,1,200009,1,"$56,324",11.3
HE70,24,I,21,14,G,0110,1,GS-14,H,XXXX,6,10,F,1,200009,1,"$81,546",23.3
HE70,24,D,21,13,B,0110,1,GS-13,G,XXXX,8,15,F,1,200009,1,"$79,155",1.1
HU01,25,H,13,14,H,0110,1,GS-14,H,XXXX,2,10,F,1,200009,1,"$80,361",27.5
HU02,36,H,13,12,H,0110,1,GS-12,F,XXXX,8,10,F,1,200009,1,"$65,179",25.6
HU02,36,H,13,13,H,0110,1,GS-13,G,XXXX,8,10,F,1,200009,1,"$73,533",26.8
HU02,34,J,17,13,J,0110,1,GS-13,H,XXXX,8,10,F,1,200009,1,"$81,362",35.7
HU02,36,J,15,15,J,0110,1,GM-15,K,XXXX,5,10,F,1,200009,1,"$113,095",38.0
HU03,42,K,18,14,G,0110,1,GM-14,I,XXXX,4,10,F,1,200009,1,"$93,965",23.8
HU03,42,G,17,13,H,0110,1,GS-13,G,XXXX,8,10,F,1,200009,1,"$78,110",25.0
HU03,42,D,13,12,E,0110,1,GS-12,F,XXXX,8,10,F,1,200009,1,"$60,011",12.3
HU03,24,F,17,14,G,0110,1,GS-14,H,XXXX,2,10,F,1,200009,1,"$88,741",22.0
HU03,11,G,17,13,E,0110,1,GS-13,G,XXXX,8,10,F,1,200009,1,"$77,126",14.9
HU04,RQ,H,15,13,H,0110,1,GS-13,G,XXXX,8,10,F,1,200009,1,"$72,586",28.0
HU04,12,H,13,12,I,0110,1,GS-12,F,XXXX,8,10,F,1,200009,1,"$65,179",30.3
HU04,45,H,17,13,G,0110,1,GS-13,G,XXXX,8,10,F,1,200009,1,"$73,533",21.7
HU04,12,I,17,13,I,0110,1,GM-13,G,XXXX,4,10,F,1,200009,1,"$77,507",34.5
HU04,13,G,14,13,G,0110,1,GS-13,G,XXXX,8,10,F,1,200009,1,"$78,146",23.9
HU04,13,H,14,14,I,0110,1,GM-14,I,XXXX,2,10,F,1,200009,1,"$92,344",33.4
HU04,13,I,13,13,E,0110,1,GS-13,F,XXXX,8,10,F,1,200009,1,"$66,125",11.7
HU04,12,I,14,12,G,0110,1,GS-12,E,XXXX,8,10,F,1,200009,1,"$58,494",20.9
HU04,13,H,17,13,G,0110,1,GS-13,G,XXXX,8,10,F,1,200009,1,"$78,146",23.5
HU04,37,I,14,13,I,0110,1,GS-13,G,XXXX,8,10,F,1,200009,1,"$77,507",33.3
HU05,39,G,14,13,G,0110,1,GS-13,G,XXXX,2,10,F,1,200009,1,"$72,732",22.1
HU05,17,I,17,14,I,0110,1,GM-14,I,XXXX,2,10,F,1,200009,1,"$95,629",33.0
HU05,39,E,17,12,D,0110,1,GS-12,F,XXXX,8,10,F,1,200009,1,"$61,162",9.7
HU05,27,H,14,12,H,0110,1,GS-12,F,XXXX,8,10,F,1,200009,1,"$66,601",25.1
HU05,17,F,14,12,E,0110,1,GS-12,E,XXXX,8,10,F,1,200009,1,"$57,585",11.0
HU05,39,D,13,12,D,0110,1,GS-12,F,XXXX,8,10,F,1,200009,1,"$61,162",9.6
HU05,27,K,17,13,J,0110,1,GM-13,G,XXXX,2,10,F,1,200009,1,"$79,199",40.8
HU05,26,H,21,13,E,0110,1,GS-13,G,XXXX,8,10,F,1,200009,1,"$72,725",14.7
HU06,40,I,13,13,I,0110,1,GS-13,G,XXXX,8,10,F,1,200009,1,"$77,507",30.8
HU06,22,H,18,13,E,0110,1,GS-13,F,XXXX,8,10,F,1,200009,1,"$67,571",12.7
HU06,48,H,13,13,E,0110,1,GS-13,F,XXXX,8,10,F,1,200009,1,"$66,696",11.0
HU06,48,I,14,13,I,0110,1,GS-13,G,XXXX,8,10,F,1,200009,1,"$71,546",33.5
HU06,48,H,14,14,H,0110,1,GS-14,H,XXXX,2,10,F,1,200009,1,"$88,366",28.3
HU07,31,I,17,13,I,0110,1,GS-13,G,XXXX,8,10,F,1,200009,1,"$77,507",30.3
HU08,08,I,17,13,F,0110,1,GS-13,G,XXXX,8,10,F,1,200009,1,"$74,065",19.4
HU08,08,H,14,14,I,0110,1,GS-14,I,XXXX,2,10,F,1,200009,1,"$92,384",30.3
HU09,06,H,14,14,H,0110,1,GM-14,I,XXXX,2,10,F,1,200009,1,"$98,239",27.7
HU09,06,G,18,13,G,0110,1,GS-13,G,XXXX,8,10,F,1,200009,1,"$79,200",24.1
HU09,06,D,13,12,D,0110,1,GS-12,F,XXXX,8,10,F,1,200009,1,"$63,002",9.5
HU09,06,H,18,13,I,0110,1,GS-13,G,XXXX,8,10,F,1,200009,1,"$79,750",31.3
HU10,53,D,12,13,D,0110,1,GS-13,F,XXXX,2,10,F,1,200009,1,"$67,071",9.3
HU10,41,H,17,13,E,0110,1,GS-13,G,XXXX,8,10,F,1,200009,1,"$79,162",14.7
HUMM,11,I,17,14,H,0110,1,GS-14,I,XXXX,8,10,F,1,200009,1,"$93,537",29.0
HUOO,11,H,13,,H,0110,1,AD-00,K,XXXX,8,10,F,1,200009,1,"$112,000",28.2
HUOO,11,H,17,,F,0110,1,AD-00,O,XXXX,8,10,F,1,200009,1,"$159,247",17.1
HURR,11,F,17,14,C,0110,1,GS-14,H,XXXX,8,10,F,1,200009,1,"$83,945",4.4
HURR,11,C,22,13,A,0110,1,GS-13,F,XXXX,8,15,F,1,200009,1,"$60,890",0.6
HURR,11,I,21,14,G,0110,1,GS-14,I,XXXX,8,10,F,1,200009,1,"$93,537",23.3
HURR,11,I,17,14,G,0110,1,GM-14,I,XXXX,5,10,F,1,200009,1,"$93,537",22.3
HURR,11,H,18,15,I,0110,1,GM-15,J,XXXX,5,10,F,1,200009,1,"$108,621",30.4
HURR,11,I,21,,I,0110,1,ES-05,M,XXXX,2,50,F,1,200009,1,"$130,200",30.2
HURR,11,H,21,14,D,0110,1,GS-14,H,XXXX,8,10,F,1,200009,1,"$83,945",9.5
HURR,11,E,21,13,A,0110,1,GS-13,F,XXXX,8,15,F,1,200009,1,"$60,890",0.5
HURR,11,G,17,13,A,0110,1,GS-13,G,XXXX,8,15,F,1,200009,1,"$73,067",0.0
HURR,11,G,21,14,E,0110,1,GS-14,H,XXXX,8,10,F,1,200009,1,"$86,343",11.9
HURR,11,E,17,14,E,0110,1,GS-14,H,XXXX,8,10,F,1,200009,1,"$81,546",13.0
HURR,11,F,17,14,D,0110,1,GS-14,H,XXXX,8,10,F,1,200009,1,"$81,546",9.7
HURR,11,I,14,15,J,0110,1,GM-15,K,XXXX,2,10,F,1,200009,1,"$110,028",36.2
HURR,11,H,15,14,E,0110,1,GS-14,H,XXXX,8,10,F,1,200009,1,"$88,741",14.4
HURR,11,H,18,,H,0110,1,ES-05,M,XXXX,2,50,F,1,200009,1,"$130,200",28.3
HURR,11,G,18,14,G,0110,1,GM-14,I,XXXX,5,10,P,2,200009,1,"$93,537",21.9
HURR,11,I,14,15,I,0110,1,GM-15,K,XXXX,5,10,F,1,200009,1,"$110,028",32.1
HURR,11,E,21,14,D,0110,1,GS-14,H,XXXX,8,10,F,1,200009,1,"$86,343",9.3
HURR,11,I,21,15,H,0110,1,GS-15,K,XXXX,8,10,F,1,200009,1,"$110,028",25.0
HURR,11,G,21,14,D,0110,1,GS-14,G,XXXX,8,10,F,1,200009,1,"$79,148",7.9
HURR,11,H,21,14,H,0110,1,GS-14,H,XXXX,8,10,F,1,200009,1,"$88,741",28.3
HURR,11,I,04,15,F,0110,1,GS-15,K,XXXX,8,10,F,1,200009,1,"$110,028",15.0
HURR,11,E,21,15,D,0110,1,GS-15,H,XXXX,2,10,F,1,200009,1,"$87,459",9.3
HURR,11,G,17,14,G,0110,1,GS-14,I,XXXX,8,10,F,1,200009,1,"$93,537",23.5
HURR,11,E,21,13,D,0110,1,GS-13,G,XXXX,8,15,F,1,200009,1,"$71,037",6.1
HURR,11,H,13,14,H,0110,1,GM-14,I,XXXX,5,10,F,1,200009,1,"$93,537",28.5
HURR,11,H,04,15,G,0110,1,GS-15,J,XXXX,8,10,F,1,200009,1,"$104,386",20.6
HUXX,11,G,20,13,B,0110,1,GS-13,F,XXXX,8,15,F,1,200009,1,"$64,949",1.6
HUXX,11,G,13,13,B,0110,1,GS-13,F,XXXX,8,15,F,1,200009,1,"$62,920",1.7
IN01,11,E,21,13,B,0110,1,GS-13,F,XXXX,8,15,F,1,200009,1,"$62,920",1.3
IN01,11,J,21,15,I,0110,1,GS-15,K,XXXX,8,10,F,1,200009,1,"$110,028",31.5
IN01,11,J,17,15,J,0110,1,GS-15,K,XXXX,8,10,F,1,200009,1,"$110,028",38.6
IN01,11,I,17,15,F,0110,1,GS-15,J,XXXX,8,10,F,1,200009,1,"$107,207",19.2
IN01,11,F,17,14,F,0110,1,GS-14,H,XXXX,8,10,F,1,200009,1,"$81,546",15.8
IN01,11,I,17,,I,0110,1,ES-04,M,XXXX,2,50,F,1,200009,1,"$130,200",30.1
IN05,30,G,17,13,E,0110,1,GS-13,F,XXXX,8,10,F,1,200009,1,"$63,597",10.6
IN05,11,H,17,14,G,0110,1,GS-14,I,XXXX,8,10,F,1,200009,1,"$93,537",21.9
IN05,08,I,17,12,G,0110,1,GS-12,F,XXXX,8,10,F,1,200009,1,"$65,744",24.0
IN05,51,K,17,13,I,0110,1,GS-13,G,XXXX,8,10,F,1,200009,1,"$79,155",30.0
IN05,08,H,18,12,H,0110,1,GS-12,F,XXXX,8,10,F,1,200009,1,"$67,474",28.9
IN05,11,J,21,14,H,0110,1,GS-14,I,XXXX,8,10,F,1,200009,1,"$93,537",25.7
IN05,30,H,13,12,G,0110,1,GS-12,F,XXXX,8,10,F,1,200009,1,"$63,507",20.3
IN05,32,J,14,12,I,0110,1,GS-12,F,XXXX,8,10,F,1,200009,1,"$65,179",32.7
IN05,49,E,17,12,D,0110,1,GS-12,E,XXXX,8,10,F,1,200009,1,"$55,152",9.6
IN05,08,H,18,14,H,0110,1,GS-14,H,XXXX,2,10,F,1,200009,1,"$85,091",28.6
IN05,56,F,17,12,E,0110,1,GS-12,E,XXXX,8,15,F,1,200009,1,"$55,152",13.3
IN05,56,H,17,13,G,0110,1,GS-13,G,XXXX,8,10,F,1,200009,1,"$77,507",24.3
IN05,41,H,17,14,H,0110,1,GM-14,I,XXXX,2,10,F,1,200009,1,"$93,545",26.2
IN05,49,J,18,12,J,0110,1,GS-12,F,XXXX,8,10,F,1,200009,1,"$65,179",36.6
IN05,16,H,18,12,H,0110,1,GS-12,F,XXXX,8,10,F,1,200009,1,"$65,179",27.5
IN05,41,E,13,12,E,0110,1,GS-12,E,XXXX,8,10,F,1,200009,1,"$56,329",11.6
IN05,32,H,17,13,H,0110,1,GS-13,G,XXXX,8,10,F,1,200009,1,"$73,533",25.0
IN07,11,I,18,14,H,0110,1,GS-14,H,XXXX,5,10,F,1,200009,1,"$88,741",27.9
IN07,08,F,17,12,E,0110,1,GS-12,E,XXXX,8,10,F,1,200009,1,"$58,824",13.5
IN07,32,E,17,12,E,0110,1,GS-12,E,XXXX,8,10,F,1,200009,1,"$56,823",13.3
IN07,08,C,17,11,B,0110,1,GS-11,D,XXXX,8,15,F,1,200009,1,"$44,751",2.8
IN07,08,G,17,12,F,0110,1,GS-12,F,XXXX,8,10,F,1,200009,1,"$60,554",19.9
IN07,08,G,21,13,E,0110,1,GS-13,F,XXXX,8,10,F,1,200009,1,"$67,894",12.1
IN07,06,H,17,12,G,0110,1,GS-12,F,XXXX,8,10,F,1,200009,1,"$65,125",21.5
IN07,30,G,17,12,G,0110,1,GS-12,F,XXXX,8,10,F,1,200009,1,"$60,165",24.8
IN07,08,H,17,12,F,0110,1,GS-12,E,XXXX,8,10,F,1,200009,1,"$58,824",15.5
IN07,04,G,13,12,G,0110,1,GS-12,F,XXXX,8,10,F,1,200009,1,"$69,988",24.9
IN07,49,G,17,12,F,0110,1,GS-12,F,XXXX,8,10,F,1,200009,1,"$65,179",18.8
IN07,08,H,17,14,G,0110,1,GS-14,H,XXXX,2,10,F,1,200009,1,"$87,522",24.4
IN07,08,K,17,13,I,0110,1,GS-13,G,XXXX,8,10,F,1,200009,1,"$76,122",30.7
IN07,08,H,21,12,D,0110,1,GS-12,E,XXXX,8,10,F,1,200009,1,"$55,364",6.6
IN07,16,D,17,09,A,0110,1,GS-09,C,XXXX,8,15,F,1,200009,1,"$34,575",0.3
IN07,08,H,17,12,E,0110,1,GS-12,E,XXXX,8,10,F,1,200009,1,"$57,094",11.9
IN07,32,G,17,13,G,0110,1,GS-13,G,XXXX,2,10,F,1,200009,1,"$77,507",20.7
IN07,38,H,13,13,I,0110,1,GM-13,G,XXXX,2,10,F,1,200009,1,"$75,943",30.2
IN07,16,I,18,12,I,0110,1,GS-12,F,XXXX,8,10,F,1,200009,1,"$65,179",31.8
IN07,08,I,17,14,J,0110,1,GS-14,H,XXXX,5,10,F,1,200009,1,"$85,091",35.0
IN07,30,I,21,13,G,0110,1,GS-13,G,XXXX,8,10,F,1,200009,1,"$77,507",22.2
IN07,06,I,14,12,J,0110,1,GS-12,F,XXXX,8,10,F,1,200009,1,"$66,839",35.0
IN07,08,F,17,13,F,0110,1,GS-13,G,XXXX,8,10,F,1,200009,1,"$72,008",15.1
IN07,06,E,13,12,E,0110,1,GS-12,E,XXXX,8,10,F,1,200009,1,"$53,129",12.0
IN07,08,F,21,12,D,0110,1,GS-12,E,XXXX,8,10,F,1,200009,1,"$55,364",5.9
IN07,08,G,14,07,E,0110,1,GS-07,B,XXXX,8,42,I,2,200009,1,"$29,260",11.5
IN07,08,F,17,13,E,0110,1,GS-13,F,XXXX,8,10,F,1,200009,1,"$69,951",14.8
IN07,32,J,21,13,F,0110,1,GS-13,G,XXXX,8,10,F,1,200009,1,"$73,533",15.0
IN07,08,D,17,12,D,0110,1,GS-12,E,XXXX,8,10,F,1,200009,1,"$57,094",8.1
IN07,06,E,14,12,E,0110,1,GS-12,E,XXXX,8,10,F,1,200009,1,"$59,984",12.9
IN07,08,H,17,13,F,0110,1,GS-13,G,XXXX,8,10,F,1,200009,1,"$72,008",17.9
IN07,06,I,17,12,G,0110,1,GS-12,F,XXXX,8,10,F,1,200009,1,"$66,839",23.1
IN07,16,G,13,12,G,0110,1,GS-12,F,XXXX,8,10,F,1,200009,1,"$60,165",21.8
IN08,51,H,13,14,H,0110,1,GS-14,H,XXXX,8,10,F,1,200009,1,"$88,741",28.4
IN08,06,H,14,15,H,0110,1,GS-15,K,XXXX,8,10,F,1,200009,1,"$116,042",27.7
IN08,51,I,21,15,H,0110,1,GS-15,K,XXXX,8,10,F,1,200009,1,"$110,028",27.2
IN08,51,H,21,15,H,0110,1,GS-15,K,XXXX,8,10,F,1,200009,1,"$110,028",28.0
IN08,51,H,18,14,C,0110,1,GS-14,G,XXXX,4,15,F,1,200009,1,"$76,750",3.8
IN08,51,G,21,13,D,0110,1,GS-13,G,XXXX,8,10,F,1,200009,1,"$73,067",9.7
IN08,51,I,17,14,J,0110,1,GS-14,H,XXXX,8,10,F,1,200009,1,"$88,741",36.1
IN08,08,J,21,13,E,0110,1,GS-13,F,XXXX,8,10,F,1,200009,1,"$67,571",13.8
IN08,51,J,17,13,G,0110,1,GS-13,G,XXXX,8,10,F,1,200009,1,"$79,155",20.3
IN08,08,G,15,13,B,0110,1,GS-13,F,XXXX,8,20,I,2,200009,1,"$61,722",2.9
IN08,08,J,18,13,I,0110,1,GS-13,G,XXXX,8,10,F,1,200009,1,"$77,507",32.0
IN08,17,C,,09,A,0110,1,GS-09,C,XXXX,8,42,F,2,200009,1,"$36,100",0.6
IN08,51,G,17,15,G,0110,1,GS-15,J,XXXX,8,10,F,1,200009,1,"$104,386",20.7
IN10,11,F,21,13,E,0110,1,GS-13,F,XXXX,8,10,F,1,200009,1,"$66,979",11.9
IN15,51,I,21,14,H,0110,1,GS-14,I,XXXX,2,10,F,1,200009,1,"$93,537",27.8
IN15,51,D,13,11,B,0110,1,GS-11,D,XXXX,8,15,F,1,200009,1,"$42,724",1.8
IN15,51,E,17,13,A,0110,1,GS-13,F,XXXX,8,15,F,1,200009,1,"$69,008",0.5
IN15,51,I,21,14,H,0110,1,GS-14,I,XXXX,8,10,F,1,200009,1,"$93,537",28.0
IN15,51,G,17,13,F,0110,1,GS-13,G,XXXX,8,10,F,1,200009,1,"$77,126",15.0
IN15,51,G,21,13,E,0110,1,GS-13,F,XXXX,8,10,F,1,200009,1,"$69,008",11.9
IN15,51,I,13,14,J,0110,1,GM-14,I,XXXX,2,10,F,1,200009,1,"$91,148",36.3
IN22,11,H,21,12,F,0110,1,GS-12,E,XXXX,8,10,F,1,200009,1,"$54,618",15.2
IN23,51,G,17,14,G,0110,1,GM-14,H,XXXX,5,10,F,1,200009,1,"$86,343",22.8
IN23,51,I,21,15,H,0110,1,GS-15,K,XXXX,2,10,F,1,200009,1,"$110,028",28.3
IN23,51,H,17,14,G,0110,1,GM-14,I,XXXX,5,10,F,1,200009,1,"$93,537",23.5
IN23,08,F,17,13,D,0110,1,GS-13,F,XXXX,8,10,F,1,200009,1,"$67,894",9.8
IN23,51,I,21,14,H,0110,1,GS-14,I,XXXX,8,10,F,1,200009,1,"$91,139",28.2
IN23,08,H,17,14,H,0110,1,GM-14,I,XXXX,2,10,F,1,200009,1,"$94,815",25.2
IN23,51,G,21,14,G,0110,1,GS-14,G,XXXX,8,10,F,1,200009,1,"$79,148",20.2
IN23,08,G,13,12,G,0110,1,GS-12,F,XXXX,8,10,F,1,200009,1,"$67,474",22.3
IN23,22,E,17,12,D,0110,1,GS-12,E,XXXX,8,10,F,1,200009,1,"$51,810",5.1
IN23,51,H,21,14,F,0110,1,GS-14,I,XXXX,8,10,F,1,200009,1,"$94,438",19.3
IN23,22,G,18,13,F,0110,1,GS-13,G,XXXX,8,10,F,1,200009,1,"$73,533",19.1
IN23,11,J,21,14,H,0110,1,GM-14,I,XXXX,5,10,F,1,200009,1,"$91,147",28.9
IN23,08,D,13,13,D,0110,1,GS-13,F,XXXX,8,10,F,1,200009,1,"$63,779",7.5
IN23,51,F,21,12,C,0110,1,GS-12,E,XXXX,8,10,F,1,200009,1,"$51,204",3.1
MC00,11,F,17,13,E,0110,1,GS-13,G,XXXX,8,10,F,1,200009,1,"$73,067",13.9
MC00,11,H,17,14,G,0110,1,GS-14,H,XXXX,8,10,F,1,200009,1,"$83,945",23.2
MC00,11,E,13,14,F,0110,1,GS-14,G,XXXX,2,15,F,1,200009,1,"$76,750",17.1
MC00,11,E,17,13,F,0110,1,GS-13,G,XXXX,8,10,F,1,200009,1,"$71,037",15.8
MC00,11,I,17,13,E,0110,1,GS-13,G,XXXX,8,10,F,1,200009,1,"$71,037",11.1
NF00,51,F,17,15,F,0110,1,GS-15,I,XXXX,2,10,F,1,200009,1,"$95,923",18.3
NF00,51,F,21,14,E,0110,1,GS-14,H,XXXX,8,10,F,1,200009,1,"$86,343",12.6
NF00,51,G,17,14,G,0110,1,GS-14,H,XXXX,8,10,F,1,200009,1,"$83,945",21.8
NF00,51,F,13,14,G,0110,1,GS-14,H,XXXX,8,10,F,1,200009,1,"$88,741",21.3
NF00,51,J,18,,H,0110,1,AD-00,I,XXXX,8,38,F,1,200009,1,"$95,923",26.3
NF00,51,H,21,,G,0110,1,AD-00,K,XXXX,8,38,F,1,200009,1,"$112,141",21.9
NF00,51,H,17,14,I,0110,1,GS-14,H,XXXX,8,10,P,2,200009,1,"$81,546",31.3
NF00,51,F,21,14,D,0110,1,GS-14,G,XXXX,8,10,F,1,200009,1,"$79,148",8.7
NF00,51,H,22,14,F,0110,1,GS-14,H,XXXX,8,10,F,1,200009,1,"$86,343",18.3
NF00,51,I,21,,H,0110,1,AD-00,K,XXXX,4,38,F,1,200009,1,"$112,141",28.8
NF00,51,G,13,14,G,0110,1,GS-14,H,XXXX,8,10,F,1,200009,1,"$86,343",24.8
NF00,51,I,21,15,H,0110,1,GS-15,J,XXXX,8,10,F,1,200009,1,"$107,207",28.4
NF00,51,G,17,,E,0110,1,AD-00,K,XXXX,2,38,F,1,200009,1,"$112,141",13.2
NF00,51,G,17,14,H,0110,1,GS-14,H,XXXX,8,10,F,1,200009,1,"$86,343",25.8
NU00,24,I,21,15,H,0110,1,GG-15,K,XXXX,8,38,F,1,200009,1,"$110,028",26.3
NU00,24,I,21,14,G,0110,1,GG-14,I,XXXX,8,38,F,1,200009,1,"$93,537",23.2
NU00,24,H,17,14,G,0110,1,GG-14,I,XXXX,8,38,F,1,200009,1,"$93,537",20.8
NV11,15,H,21,15,G,0110,1,GS-15,H,XXXX,5,10,F,1,200009,1,"$85,375",20.3
NV11,51,E,21,13,B,0110,1,GS-13,F,XXXX,5,15,F,1,200009,1,"$62,920",2.9
NV11,06,H,17,11,G,0110,1,GS-11,E,XXXX,8,10,P,2,200009,1,"$54,385",21.7
NV19,12,H,22,13,H,0110,1,GS-13,G,XXXX,8,10,F,1,200009,1,"$77,515",27.0
NV19,12,E,13,12,F,0110,1,GS-12,E,XXXX,8,10,F,1,200009,1,"$58,500",16.0
NV22,47,E,21,14,C,0110,1,GS-14,G,XXXX,8,10,F,1,200009,1,"$70,457",3.0
NV22,51,H,17,15,F,0110,1,GM-15,K,XXXX,2,10,F,1,200009,1,"$110,028",19.2
NV24,51,D,13,13,E,0110,1,GS-13,F,XXXX,8,10,F,1,200009,1,"$69,008",11.0
NV24,24,H,21,,G,0110,1,NT-05,G,XXXX,5,10,F,1,200009,1,"$77,343",20.0
NV25,11,I,13,13,D,0110,1,GS-13,F,XXXX,8,10,F,1,200009,1,"$60,890",9.1
QQ00,11,F,15,,B,0110,1,ES-01,K,XXXX,2,50,F,1,200009,1,"$115,811",1.7
RR00,17,F,13,12,F,0110,1,GS-12,F,XXXX,8,10,F,1,200009,1,"$62,819",17.3
RR00,17,E,13,12,F,0110,1,GS-12,E,XXXX,8,10,F,1,200009,1,"$59,329",15.2
RR00,17,D,13,12,D,0110,1,GS-12,E,XXXX,8,10,F,1,200009,1,"$55,840",9.2
SB00,11,I,04,14,I,0110,1,GS-14,I,XXXX,8,10,F,1,200009,1,"$91,139",32.2
SB00,11,H,17,14,H,0110,1,GS-14,I,XXXX,8,10,F,1,200009,1,"$93,537",27.2
SB00,11,H,18,15,H,0110,1,GM-15,K,XXXX,2,10,F,1,200009,1,"$110,028",25.9
SB00,11,D,,,D,0110,1,AD-00,F,XXXX,8,48,F,2,200009,1,"$64,857",6.2
SB00,11,H,,,I,0110,1,AD-00,K,XXXX,8,48,F,2,200009,1,"$110,028",30.3
SB00,11,J,18,14,E,0110,1,GS-14,H,XXXX,8,10,F,1,200009,1,"$88,741",12.3
SB00,11,E,17,14,D,0110,1,GS-14,G,XXXX,8,10,F,1,200009,1,"$79,148",9.3
SB00,11,H,,,A,0110,1,AD-00,G,XXXX,8,48,F,2,200009,1,"$73,067",0.0
SB00,11,J,21,14,G,0110,1,GS-14,I,XXXX,8,10,F,1,200009,1,"$93,537",23.3
SB00,11,G,18,15,H,0110,1,GM-15,J,XXXX,2,10,F,1,200009,1,"$107,217",26.0
SB00,11,H,,,C,0110,1,AD-00,K,XXXX,8,48,F,2,200009,1,"$110,028",3.1
SE00,11,K,18,,I,0110,1,EZ-02,H,XXXX,8,10,F,1,200009,1,"$89,196",30.8
SE00,11,H,13,,H,0110,1,EZ-03,I,XXXX,8,10,F,1,200009,1,"$96,554",25.7
SE00,11,E,21,,A,0110,1,EZ-05,K,XXXX,8,15,F,1,200009,1,"$111,269",0.2
SE00,11,D,17,,D,0110,1,EZ-01,H,XXXX,8,10,F,1,200009,1,"$81,839",7.9
SE00,11,G,17,,F,0110,1,EZ-01,H,XXXX,8,10,F,1,200009,1,"$81,839",16.8
SE00,11,C,18,,A,0110,1,EZ-02,H,XXXX,8,15,F,1,200009,1,"$89,196",0.1
SE00,11,E,21,,B,0110,1,EZ-03,I,XXXX,8,15,F,1,200009,1,"$96,554",1.3
SE00,11,H,14,,H,0110,1,EZ-01,H,XXXX,8,10,F,1,200009,1,"$81,839",29.3
SE00,11,G,17,,H,0110,1,EZ-03,I,XXXX,8,10,F,1,200009,1,"$96,554",26.4
SE00,11,E,21,,E,0110,1,EZ-02,H,XXXX,8,10,F,1,200009,1,"$89,196",10.0
SE00,11,D,21,,A,0110,1,EZ-05,K,XXXX,8,15,F,1,200009,1,"$111,269",0.2
SE00,11,I,21,,G,0110,1,EZ-03,I,XXXX,8,10,F,1,200009,1,"$96,554",21.6
SE00,11,F,17,,E,0110,1,EZ-01,H,XXXX,8,10,F,1,200009,1,"$81,839",11.5
SE00,11,D,21,,C,0110,1,EZ-03,I,XXXX,8,15,F,1,200009,1,"$96,554",3.3
SE00,11,H,17,,I,0110,1,EZ-06,K,XXXX,2,10,F,1,200009,1,"$118,627",32.6
SE00,11,D,18,,A,0110,1,EZ-02,H,XXXX,8,15,F,1,200009,1,"$89,196",0.0
SE00,11,I,21,,B,0110,1,EZ-07,L,XXXX,8,15,F,1,200009,1,"$125,984",2.7
SE00,11,G,17,,G,0110,1,EZ-03,I,XXXX,8,10,F,1,200009,1,"$96,554",21.0
SK00,24,I,18,,H,0110,1,ES-04,M,XXXX,2,50,F,1,200009,1,"$130,200",27.6
SK00,24,J,13,12,G,0110,1,GS-12,F,XXXX,8,10,F,1,200009,1,"$61,444",20.3
SK00,24,H,18,14,F,0110,1,GS-14,H,XXXX,8,10,F,1,200009,1,"$81,546",18.3
SK00,24,G,17,14,H,0110,1,GS-14,I,XXXX,8,10,F,1,200009,1,"$93,537",25.9
SK00,24,G,17,14,G,0110,1,GS-14,I,XXXX,8,10,F,1,200009,1,"$93,537",24.4
SK00,24,F,17,13,G,0110,1,GS-13,F,XXXX,8,10,F,1,200009,1,"$69,008",21.5
SK00,24,F,18,13,E,0110,1,GS-13,F,XXXX,8,10,F,1,200009,1,"$66,979",13.1
SK00,24,H,17,14,G,0110,1,GS-14,I,XXXX,8,10,F,1,200009,1,"$93,537",24.9
SK00,24,H,14,14,I,0110,1,GS-14,H,XXXX,8,10,F,1,200009,1,"$88,741",32.1
SK00,24,G,21,15,G,0110,1,GS-15,I,XXXX,8,10,F,1,200009,1,"$98,744",21.9
ST00,FR,H,21,,F,0110,1,FO-02,H,XXXX,8,38,F,1,200009,1,"$82,057",15.2
ST00,ID,G,18,,G,0110,1,FE-OC,K,XXXX,2,38,F,1,200009,1,"$111,200",23.1
ST00,11,H,18,,E,0110,1,FO-02,G,XXXX,8,38,F,1,200009,1,"$79,505",14.8
ST00,MX,I,17,,H,0110,1,FO-01,I,XXXX,2,38,F,1,200009,1,"$98,319",28.4
ST00,11,G,21,,D,0110,1,FO-03,E,XXXX,8,38,F,1,200009,1,"$58,956",7.9
ST00,KS,H,17,,E,0110,1,FO-02,G,XXXX,2,38,F,1,200009,1,"$72,907",11.8
ST00,CA,G,13,,E,0110,1,FO-03,E,XXXX,8,38,F,1,200009,1,"$57,356",10.3
ST00,11,F,13,,E,0110,1,FO-02,H,XXXX,8,38,F,1,200009,1,"$81,890",14.0
ST00,11,G,17,,G,0110,1,FO-01,K,XXXX,8,38,F,1,200009,1,"$110,028",21.3
ST00,IT,G,17,,E,0110,1,FO-03,F,XXXX,8,38,F,1,200009,1,"$64,555",10.2
ST00,TH,G,21,,F,0110,1,FO-01,I,XXXX,2,38,F,1,200009,1,"$98,319",15.7
ST00,11,H,17,,H,0110,1,FO-01,K,XXXX,2,38,F,1,200009,1,"$110,028",26.3
ST00,11,E,17,,E,0110,1,FO-03,G,XXXX,8,38,F,1,200009,1,"$79,232",12.7
ST00,11,H,04,,G,0110,1,FO-01,K,XXXX,8,38,F,1,200009,1,"$110,028",22.8
ST00,FR,G,17,,F,0110,1,FO-02,G,XXXX,8,38,F,1,200009,1,"$72,907",15.4
ST00,36,F,17,,F,0110,1,FO-04,F,XXXX,8,38,F,1,200009,1,"$64,068",16.0
ST00,DR,G,15,,E,0110,1,FO-02,G,XXXX,8,38,F,1,200009,1,"$72,907",12.1
ST00,11,C,17,,B,0110,1,FP-04,D,XXXX,8,48,F,2,200009,1,"$49,204",2.3
ST00,11,F,17,,F,0110,1,FO-02,I,XXXX,8,38,F,1,200009,1,"$94,932",16.2
ST00,ES,F,17,,F,0110,1,FO-02,G,XXXX,2,38,F,1,200009,1,"$75,094",15.3
ST00,JM,E,17,,E,0110,1,FO-02,F,XXXX,2,38,F,1,200009,1,"$64,777",10.8
ST00,11,G,17,,F,0110,1,FO-02,H,XXXX,8,38,F,1,200009,1,"$84,347",18.6
ST00,CE,F,04,,D,0110,1,FP-05,D,XXXX,8,48,F,2,200009,1,"$43,656",6.1
ST00,11,E,17,,D,0110,1,FO-03,F,XXXX,4,38,F,1,200009,1,"$64,423",7.9
ST00,PM,F,17,,F,0110,1,FO-02,H,XXXX,8,38,F,1,200009,1,"$84,519",15.4
ST00,CO,D,17,,B,0110,1,FP-04,D,XXXX,8,48,F,2,200009,1,"$42,531",2.0
ST00,NU,G,17,,G,0110,1,FO-01,I,XXXX,2,38,F,1,200009,1,"$98,319",23.5
ST00,ZI,G,18,,D,0110,1,FO-03,E,XXXX,8,38,F,1,200009,1,"$54,063",7.9
ST00,MI,D,17,,D,0110,1,FO-03,E,XXXX,8,38,F,1,200009,1,"$55,685",7.9
ST00,MY,G,17,,F,0110,1,FO-01,I,XXXX,2,38,F,1,200009,1,"$98,319",16.3
ST00,DR,D,04,,C,0110,1,FP-05,D,XXXX,8,48,F,2,200009,1,"$42,385",3.4
ST00,11,H,17,,H,0110,1,FO-02,H,XXXX,8,38,F,1,200009,1,"$86,877",25.9
ST00,DR,F,18,,E,0110,1,FO-01,G,XXXX,2,38,F,1,200009,1,"$79,942",14.0
ST00,BE,E,17,,G,0110,1,FP-04,D,XXXX,8,38,F,1,200009,1,"$46,475",20.0
ST00,FR,G,15,,F,0110,1,FO-03,F,XXXX,8,38,F,1,200009,1,"$68,486",15.3
ST00,NZ,F,17,,F,0110,1,FO-01,H,XXXX,8,38,F,1,200009,1,"$89,976",17.3
ST00,FI,G,17,,F,0110,1,FO-02,H,XXXX,8,38,F,1,200009,1,"$89,666",17.7
ST00,BR,G,04,,E,0110,1,FO-04,E,XXXX,8,38,F,1,200009,1,"$57,158",13.5
ST00,CH,C,04,,C,0110,1,FP-05,C,XXXX,8,48,F,2,200009,1,"$33,459",3.3
ST00,IS,D,13,,D,0110,1,FO-03,E,XXXX,8,38,F,1,200009,1,"$54,063",8.7
ST00,BE,D,13,,D,0110,1,FO-02,G,XXXX,8,38,F,1,200009,1,"$70,783",9.9
ST00,11,G,17,,E,0110,1,FO-02,H,XXXX,8,38,F,1,200009,1,"$84,347",14.9
ST00,CB,E,13,,E,0110,1,FO-03,F,XXXX,8,38,F,1,200009,1,"$62,674",10.3
ST00,HU,G,17,,D,0110,1,FP-04,D,XXXX,8,48,F,2,200009,1,"$47,869",5.8
ST00,VM,H,04,,D,0110,1,FP-01,J,XXXX,8,48,F,2,200009,1,"$100,897",7.7
ST00,NO,F,17,,D,0110,1,FP-05,D,XXXX,8,48,F,2,200009,1,"$49,136",8.5
ST00,AR,F,17,,E,0110,1,FO-03,G,XXXX,8,38,F,1,200009,1,"$70,541",10.7
ST00,11,H,17,,F,0110,1,FO-03,F,XXXX,8,38,F,1,200009,1,"$68,346",16.5
ST00,HA,C,17,,B,0110,1,FP-04,D,XXXX,8,48,F,2,200009,1,"$43,807",2.3
ST00,11,G,17,,H,0110,1,FO-02,I,XXXX,2,38,F,1,200009,1,"$97,781",25.2
ST00,11,H,17,,E,0110,1,FO-01,I,XXXX,2,38,F,1,200009,1,"$98,119",13.6
ST00,11,F,13,,G,0110,1,FO-01,I,XXXX,2,38,F,1,200009,1,"$92,486",20.4
ST00,JA,E,13,,E,0110,1,FO-03,F,XXXX,8,38,F,1,200009,1,"$62,674",13.4
ST00,11,D,17,,D,0110,1,FO-03,F,XXXX,8,38,F,1,200009,1,"$60,724",8.1
ST00,IS,G,17,,F,0110,1,FO-02,G,XXXX,8,38,F,1,200009,1,"$79,667",15.5
ST00,ID,F,13,,E,0110,1,FO-03,F,XXXX,8,38,F,1,200009,1,"$66,491",12.1
ST00,VE,G,17,,F,0110,1,FP-05,D,XXXX,8,48,F,2,200009,1,"$49,136",18.3
ST00,SY,D,15,,B,0110,1,FP-04,D,XXXX,8,48,F,2,200009,1,"$41,292",2.0
ST00,ET,D,14,,D,0110,1,FP-04,D,XXXX,8,48,F,2,200009,1,"$45,121",5.8
ST00,11,K,21,15,I,0110,1,GS-15,K,XXXX,8,10,F,1,200009,1,"$110,028",30.0
ST00,BU,E,14,,E,0110,1,FO-03,G,XXXX,8,38,F,1,200009,1,"$74,836",10.2
ST00,JA,E,13,,E,0110,1,FO-03,F,XXXX,8,38,F,1,200009,1,"$60,849",10.5
ST00,SP,D,21,,D,0110,1,FP-03,E,XXXX,8,38,F,1,200009,1,"$54,063",7.7
ST00,VE,I,21,,H,0110,1,FO-01,J,XXXX,2,38,F,1,200009,1,"$100,897",25.3
ST00,PK,D,04,,C,0110,1,FP-05,C,XXXX,8,48,F,2,200009,1,"$38,788",4.3
ST00,PL,E,17,,E,0110,1,FO-02,H,XXXX,8,38,F,1,200009,1,"$84,519",12.8
ST00,BK,D,04,,E,0110,1,FP-05,C,XXXX,8,48,F,2,200009,1,"$33,459",10.5
ST00,GR,G,18,,E,0110,1,FO-02,H,XXXX,8,38,F,1,200009,1,"$84,519",10.5
ST00,AL,E,17,,C,0110,1,FP-04,D,XXXX,8,48,F,2,200009,1,"$47,869",4.2
ST00,DA,F,13,,G,0110,1,FO-02,H,XXXX,8,38,F,1,200009,1,"$84,519",20.0
ST00,11,G,17,,F,0110,1,FO-02,H,XXXX,2,38,F,1,200009,1,"$81,890",16.3
ST00,HK,G,17,,G,0110,1,FO-01,J,XXXX,2,38,F,1,200009,1,"$100,897",21.1
ST00,GM,F,17,,E,0110,1,FO-02,G,XXXX,8,38,F,1,200009,1,"$77,347",14.7
ST00,CI,D,04,,D,0110,1,FP-04,D,XXXX,8,38,F,1,200009,1,"$46,475",6.4
ST00,LH,E,17,,F,0110,1,FP-04,D,XXXX,8,48,F,2,200009,1,"$47,869",18.2
ST00,11,H,14,,I,0110,1,FO-01,K,XXXX,2,38,F,1,200009,1,"$110,028",30.7
ST00,NI,D,17,,B,0110,1,FP-04,D,XXXX,8,48,F,2,200009,1,"$43,807",2.3
ST00,SN,D,14,,C,0110,1,FP-04,D,XXXX,8,48,F,2,200009,1,"$43,807",3.0
ST00,UK,F,17,,E,0110,1,FO-02,F,XXXX,8,38,F,1,200009,1,"$68,722",12.3
ST00,11,G,15,,G,0110,1,FO-01,K,XXXX,2,38,F,1,200009,1,"$110,028",24.3
ST00,NL,C,17,,C,0110,1,FP-04,D,XXXX,8,48,F,2,200009,1,"$42,531",3.7
ST00,11,G,17,13,F,0110,1,GS-13,G,XXXX,8,10,F,1,200009,1,"$71,037",15.1
ST00,FR,I,15,,F,0110,1,FO-01,J,XXXX,2,38,F,1,200009,1,"$100,897",19.4
ST00,CA,F,21,,E,0110,1,FO-02,G,XXXX,8,38,F,1,200009,1,"$70,783",13.3
ST00,TU,F,17,,E,0110,1,FO-02,G,XXXX,8,38,F,1,200009,1,"$72,907",14.0
ST00,JM,H,17,,G,0110,1,FO-03,F,XXXX,8,38,F,1,200009,1,"$66,491",20.3
ST00,MU,F,17,,D,0110,1,FO-03,F,XXXX,8,38,F,1,200009,1,"$60,849",9.3
ST00,AE,E,14,,E,0110,1,FO-02,G,XXXX,8,38,F,1,200009,1,"$70,783",12.4
ST00,VM,G,17,,H,0110,1,FO-01,J,XXXX,2,38,F,1,200009,1,"$100,897",27.3
ST00,NG,F,17,,E,0110,1,FO-03,F,XXXX,8,38,F,1,200009,1,"$60,849",12.7
ST00,BB,H,21,,D,0110,1,FO-03,F,XXXX,8,38,F,1,200009,1,"$60,849",7.9
ST00,BE,E,17,,E,0110,1,FO-02,F,XXXX,8,38,F,1,200009,1,"$66,720",13.0
ST00,EG,F,17,,F,0110,1,FO-02,G,XXXX,8,38,F,1,200009,1,"$75,094",17.8
ST00,IN,C,04,,C,0110,1,FP-05,C,XXXX,8,48,F,2,200009,1,"$34,463",3.9
ST00,BM,E,13,,F,0110,1,FO-03,F,XXXX,8,38,F,1,200009,1,"$62,674",17.8
ST00,11,F,13,,E,0110,1,FO-02,G,XXXX,8,38,F,1,200009,1,"$77,189",14.5
ST00,JA,I,17,,C,0110,1,FP-04,E,XXXX,8,48,F,2,200009,1,"$52,307",3.3
ST00,11,D,13,,E,0110,1,FO-03,F,XXXX,8,38,F,1,200009,1,"$60,724",11.9
ST00,SF,E,15,,E,0110,1,FO-02,F,XXXX,8,38,F,1,200009,1,"$64,777",10.2
ST00,GM,H,17,,H,0110,1,FE-MC,L,XXXX,2,38,F,1,200009,1,"$122,400",28.8
ST00,UY,F,20,,F,0110,1,FO-03,F,XXXX,8,38,F,1,200009,1,"$66,491",16.9
ST00,EG,E,17,,D,0110,1,FP-03,F,XXXX,8,48,F,2,200009,1,"$62,674",9.5
ST00,EG,E,17,,F,0110,1,FP-04,E,XXXX,8,38,F,1,200009,1,"$53,877",17.8
ST00,RP,D,13,,D,0110,1,FO-03,E,XXXX,8,38,F,1,200009,1,"$52,489",7.5
ST00,KU,E,**,,E,0110,1,FP-05,C,XXXX,8,48,F,2,200009,1,"$35,497",12.9
ST00,11,G,13,,H,0110,1,FO-02,J,XXXX,8,38,F,1,200009,1,"$100,714",26.9
ST00,JA,G,17,,H,0110,1,FE-OC,K,XXXX,2,38,F,1,200009,1,"$111,200",27.4
ST00,JO,E,13,,E,0110,1,FP-04,D,XXXX,8,38,F,1,200009,1,"$47,869",13.4
ST00,AR,F,17,,D,0110,1,FO-03,E,XXXX,8,38,F,1,200009,1,"$55,685",9.9
ST00,11,E,17,,D,0110,1,FO-03,F,XXXX,8,38,F,1,200009,1,"$60,724",8.8
ST00,ES,E,17,,E,0110,1,FO-03,E,XXXX,8,38,F,1,200009,1,"$57,356",14.3
ST00,FR,G,17,,G,0110,1,FO-01,J,XXXX,2,38,F,1,200009,1,"$100,897",20.5
ST00,SP,D,17,,D,0110,1,FO-03,E,XXXX,8,38,F,1,200009,1,"$59,077",8.9
ST00,GT,I,17,,J,0110,1,FO-01,J,XXXX,2,38,F,1,200009,1,"$100,897",36.6
ST00,AO,F,17,,E,0110,1,FO-03,F,XXXX,8,38,F,1,200009,1,"$66,491",13.7
ST00,PL,C,17,,B,0110,1,FP-04,D,XXXX,8,48,F,2,200009,1,"$43,807",2.7
ST00,JO,H,17,,G,0110,1,FO-02,H,XXXX,8,38,F,1,200009,1,"$84,519",22.8
ST00,KS,F,13,,E,0110,1,FO-02,H,XXXX,8,38,F,1,200009,1,"$84,519",11.0
ST00,MO,G,17,,G,0110,1,FO-01,J,XXXX,2,38,F,1,200009,1,"$100,897",21.0
ST00,TU,E,17,,E,0110,1,FO-02,G,XXXX,8,38,F,1,200009,1,"$72,907",11.2
ST00,SY,D,13,,E,0110,1,FO-02,G,XXXX,8,38,F,1,200009,1,"$72,907",11.2
ST00,SA,G,17,,G,0110,1,FO-02,H,XXXX,8,38,F,1,200009,1,"$82,057",21.2
ST00,TS,E,17,,D,0110,1,FO-04,E,XXXX,8,38,F,1,200009,1,"$58,873",8.7
ST00,CH,D,**,,C,0110,1,FP-05,C,XXXX,8,48,F,2,200009,1,"$36,562",4.6
ST00,11,G,17,,G,0110,1,ES-04,M,XXXX,2,50,F,1,200009,1,"$130,200",20.3
ST00,IN,E,04,,D,0110,1,FP-05,C,XXXX,8,48,F,2,200009,1,"$34,463",8.2
ST00,11,H,21,14,E,0110,1,GG-14,I,XXXX,8,48,F,2,200009,1,"$91,139",11.2
ST00,GM,F,16,,F,0110,1,FO-02,I,XXXX,8,38,F,1,200009,1,"$92,356",16.4
ST00,11,G,17,,G,0110,1,FO-02,J,XXXX,8,38,F,1,200009,1,"$100,714",22.9
ST00,CH,E,18,,D,0110,1,FO-03,E,XXXX,8,38,F,1,200009,1,"$59,077",8.7
ST00,NI,G,18,,F,0110,1,FO-02,H,XXXX,2,38,F,1,200009,1,"$82,057",19.8
ST00,11,H,18,,G,0110,1,FO-01,J,XXXX,2,38,F,1,200009,1,"$104,094",23.3
ST00,IN,D,04,,C,0110,1,FP-04,D,XXXX,8,48,F,2,200009,1,"$46,475",3.5
ST00,TH,H,18,,E,0110,1,FO-03,E,XXXX,8,38,F,1,200009,1,"$55,685",12.8
ST00,11,G,13,,G,0110,1,FO-02,I,XXXX,8,38,F,1,200009,1,"$97,781",21.5
ST00,TD,G,17,,G,0110,1,FO-02,I,XXXX,8,38,F,1,200009,1,"$92,356",22.8
ST00,RW,E,17,,D,0110,1,FO-03,E,XXXX,8,38,F,1,200009,1,"$54,063",7.7
ST00,11,H,21,14,H,0110,1,GM-14,I,XXXX,5,10,F,1,200009,1,"$93,537",29.1
ST00,IC,F,15,,E,0110,1,FO-03,G,XXXX,8,38,F,1,200009,1,"$70,541",13.4
ST00,11,F,15,,F,0110,1,FO-01,I,XXXX,8,38,F,1,200009,1,"$95,261",16.1
ST00,VM,F,17,,E,0110,1,FO-02,F,XXXX,8,38,F,1,200009,1,"$68,722",11.0
ST00,11,E,17,,F,0110,1,FO-02,G,XXXX,8,38,F,1,200009,1,"$79,505",15.2
ST00,11,F,17,,F,0110,1,FO-01,I,XXXX,2,38,F,1,200009,1,"$92,486",17.5
ST00,KS,G,17,,F,0110,1,FP-03,E,XXXX,8,48,F,2,200009,1,"$54,063",15.5
ST00,11,D,13,,D,0110,1,FP-03,E,XXXX,8,38,F,1,200009,1,"$57,239",8.7
ST00,11,G,21,,G,0110,1,FO-03,F,XXXX,8,38,F,1,200009,1,"$66,356",24.8
ST00,AR,E,04,,C,0110,1,FP-04,D,XXXX,8,48,F,2,200009,1,"$47,869",3.8
ST00,BK,G,17,,G,0110,1,FO-02,G,XXXX,2,38,F,1,200009,1,"$79,667",20.5
ST00,FR,J,15,,J,0110,1,FE-MC,L,XXXX,2,38,F,1,200009,1,"$122,400",39.0
ST00,SW,H,13,,G,0110,1,FO-01,J,XXXX,2,38,F,1,200009,1,"$100,897",22.7
ST00,MY,F,21,,E,0110,1,FO-03,F,XXXX,8,38,F,1,200009,1,"$64,555",12.8
ST00,11,F,17,,F,0110,1,FO-02,G,XXXX,8,38,F,1,200009,1,"$79,505",16.3
ST00,CH,E,17,,D,0110,1,FO-03,F,XXXX,8,38,F,1,200009,1,"$60,849",9.1
ST00,JA,E,13,,F,0110,1,FO-03,G,XXXX,8,38,F,1,200009,1,"$70,541",15.6
ST00,11,H,17,,F,0110,1,FO-01,J,XXXX,2,38,F,1,200009,1,"$107,217",18.5
ST00,11,G,13,,H,0110,1,FO-01,K,XXXX,8,38,F,1,200009,1,"$110,028",25.5
ST00,11,J,17,,I,0110,1,FO-01,K,XXXX,2,38,F,1,200009,1,"$110,028",34.3
ST00,TU,F,17,,G,0110,1,FO-01,J,XXXX,2,38,F,1,200009,1,"$100,897",21.5
ST00,CY,F,17,,E,0110,1,FO-02,F,XXXX,8,38,F,1,200009,1,"$62,890",11.3
ST00,CE,H,14,,H,0110,1,FO-02,I,XXXX,8,38,F,1,200009,1,"$92,356",28.8
ST00,BE,F,18,,E,0110,1,FO-03,E,XXXX,8,38,F,1,200009,1,"$55,685",10.5
ST00,UP,D,17,,C,0110,1,FP-04,D,XXXX,8,48,F,2,200009,1,"$43,807",3.0
ST00,**,F,17,,F,0110,1,FO-02,Z,XXXX,8,38,F,1,200009,1,,17.8
ST00,IS,E,17,,D,0110,1,FP-02,G,XXXX,8,38,F,1,200009,1,"$72,907",7.8
ST00,CH,F,17,,D,0110,1,FO-03,F,XXXX,8,38,F,1,200009,1,"$62,674",8.5
ST00,UK,F,17,,G,0110,1,FE-OC,K,XXXX,2,38,F,1,200009,1,"$111,200",20.7
ST00,JA,E,13,,F,0110,1,FO-01,H,XXXX,8,38,F,1,200009,1,"$89,976",18.1
ST00,NI,C,13,,D,0110,1,FP-06,C,XXXX,8,48,F,2,200009,1,"$33,665",6.5
ST00,BG,C,04,,C,0110,1,FP-05,D,XXXX,8,48,F,2,200009,1,"$41,150",3.3
ST00,FR,J,17,,I,0110,1,FE-OC,L,XXXX,2,38,F,1,200009,1,"$122,200",31.9
ST00,11,G,17,13,G,0110,1,GM-13,G,XXXX,5,10,F,1,200009,1,"$75,107",21.1
ST00,FR,H,17,,H,0110,1,FO-01,J,XXXX,8,38,F,1,200009,1,"$100,897",28.8
ST00,KE,G,19,,F,0110,1,FO-02,H,XXXX,2,38,F,1,200009,1,"$87,054",18.7
ST00,MX,E,15,,E,0110,1,FO-03,F,XXXX,8,38,F,1,200009,1,"$60,849",12.3
ST00,11,E,17,,E,0110,1,FO-03,F,XXXX,8,38,F,1,200009,1,"$60,724",10.1
ST00,NU,E,04,,F,0110,1,FP-02,G,XXXX,8,48,F,2,200009,1,"$79,667",15.3
ST00,IS,G,17,,H,0110,1,FE-MC,L,XXXX,2,38,F,1,200009,1,"$122,200",25.2
ST00,RS,G,17,,F,0110,1,FO-01,H,XXXX,2,38,F,1,200009,1,"$89,976",15.4
ST00,11,G,17,,E,0110,1,FO-02,G,XXXX,8,38,F,1,200009,1,"$70,639",12.4
ST00,CH,F,17,,G,0110,1,FO-02,G,XXXX,8,38,F,1,200009,1,"$70,783",20.1
ST00,ZA,D,17,,D,0110,1,FO-03,E,XXXX,8,38,F,1,200009,1,"$50,960",5.7
ST00,IN,G,17,,F,0110,1,FO-03,E,XXXX,8,38,F,1,200009,1,"$59,077",16.4
ST00,JA,H,15,,H,0110,1,FO-01,I,XXXX,2,38,F,1,200009,1,"$95,455",25.3
ST00,11,G,17,,G,0110,1,FO-02,H,XXXX,8,38,F,1,200009,1,"$89,483",22.8
ST00,LO,F,14,,D,0110,1,FP-03,F,XXXX,8,48,F,2,200009,1,"$60,849",9.5
ST00,ZI,E,17,,E,0110,1,FP-04,D,XXXX,8,48,F,2,200009,1,"$42,531",10.4
ST00,11,H,17,,G,0110,1,FO-01,I,XXXX,2,38,F,1,200009,1,"$95,261",20.5
ST00,11,G,17,,F,0110,1,FO-02,I,XXXX,8,38,F,1,200009,1,"$92,168",17.7
ST00,RS,F,17,,E,0110,1,FO-02,I,XXXX,8,38,F,1,200009,1,"$92,356",13.8
ST00,11,G,18,,H,0110,1,FO-02,J,XXXX,8,38,F,1,200009,1,"$100,714",27.1
ST00,SP,G,17,,G,0110,1,FE-OC,K,XXXX,2,38,F,1,200009,1,"$111,200",24.3
ST00,IS,H,18,,E,0110,1,FO-02,H,XXXX,8,38,F,1,200009,1,"$84,519",14.7
ST00,SZ,F,17,,E,0110,1,FO-03,F,XXXX,8,38,F,1,200009,1,"$62,674",13.2
ST00,JA,E,17,,E,0110,1,FO-02,G,XXXX,8,38,F,1,200009,1,"$79,667",10.5
ST00,BX,C,04,,A,0110,1,FP-04,D,XXXX,8,48,F,2,200009,1,"$41,292",0.8
ST00,11,H,17,,G,0110,1,FO-01,I,XXXX,8,38,F,1,200009,1,"$92,486",22.6
ST00,11,F,21,,D,0110,1,FO-02,G,XXXX,8,38,F,1,200009,1,"$79,505",9.5
ST00,PK,D,13,,E,0110,1,FP-04,E,XXXX,8,38,F,1,200009,1,"$50,784",11.3
ST00,11,F,17,,E,0110,1,FO-03,F,XXXX,8,38,F,1,200009,1,"$68,346",12.4
ST00,UK,G,18,,G,0110,1,FO-01,J,XXXX,2,38,F,1,200009,1,"$100,897",23.0
ST00,11,G,13,,H,0110,1,FO-02,G,XXXX,8,38,F,1,200009,1,"$79,505",27.4
ST00,11,H,13,,I,0110,1,FE-OC,L,XXXX,2,38,F,1,200009,1,"$121,264",31.3
ST00,11,F,15,,D,0110,1,FO-03,E,XXXX,8,38,F,1,200009,1,"$58,956",6.9
ST00,PK,F,15,,F,0110,1,FP-01,I,XXXX,8,48,P,2,200009,1,"$98,319",15.8
ST00,TH,F,15,,E,0110,1,FO-02,G,XXXX,8,38,F,1,200009,1,"$79,667",11.6
ST00,SA,D,17,,A,0110,1,FP-05,D,XXXX,8,48,F,2,200009,1,"$41,150",0.3
ST00,11,D,17,,C,0110,1,FP-04,D,XXXX,8,48,F,2,200009,1,"$46,380",3.3
ST00,CG,D,13,,D,0110,1,FP-04,D,XXXX,8,48,F,2,200009,1,"$45,121",8.5
ST00,PK,E,13,,E,0110,1,FP-04,E,XXXX,8,38,F,1,200009,1,"$52,307",10.8
ST00,MO,E,**,,D,0110,1,FP-05,C,XXXX,8,48,F,2,200009,1,"$35,497",5.9
ST00,36,C,13,,D,0110,1,FP-04,D,XXXX,8,48,F,2,200009,1,"$47,673",6.0
ST00,11,E,17,,E,0110,1,FO-03,F,XXXX,8,38,F,1,200009,1,"$64,423",11.0
ST00,11,C,13,,C,0110,1,FP-04,D,XXXX,8,48,F,2,200009,1,"$46,380",3.3
ST00,GM,D,04,,E,0110,1,FP-04,D,XXXX,8,48,F,2,200009,1,"$41,292",11.4
ST00,AE,D,13,,D,0110,1,FP-04,D,XXXX,8,48,F,2,200009,1,"$43,807",8.4
ST00,11,J,13,14,I,0110,1,GM-14,I,XXXX,5,10,F,1,200009,1,"$93,537",34.8
ST00,TZ,E,04,,E,0110,1,FP-05,C,XXXX,8,48,F,2,200009,1,"$34,463",13.3
ST00,JA,G,17,,F,0110,1,FO-02,G,XXXX,8,38,F,1,200009,1,"$79,667",18.5
ST00,11,F,17,,E,0110,1,FO-02,G,XXXX,8,38,F,1,200009,1,"$79,505",12.3
ST00,SN,F,17,,G,0110,1,FO-02,H,XXXX,8,38,F,1,200009,1,"$84,519",22.3
ST00,11,E,17,,E,0110,1,FO-02,G,XXXX,8,38,F,1,200009,1,"$79,505",13.0
ST00,BG,E,04,,E,0110,1,FP-03,F,XXXX,8,38,F,1,200009,1,"$66,491",11.3
ST00,**,D,17,,E,0110,1,FP-04,Z,XXXX,8,48,F,2,200009,1,,10.8
ST00,11,D,17,,D,0110,1,FO-03,F,XXXX,8,38,F,1,200009,1,"$60,724",6.9
ST00,SY,D,13,,D,0110,1,FP-04,D,XXXX,8,38,F,1,200009,1,"$46,475",9.7
ST00,11,E,13,,F,0110,1,FO-02,G,XXXX,8,38,F,1,200009,1,"$77,189",15.8
ST00,11,E,17,,F,0110,1,FO-02,H,XXXX,8,38,F,1,200009,1,"$81,890",15.3
ST00,KE,F,13,,F,0110,1,FO-04,E,XXXX,8,38,F,1,200009,1,"$55,493",17.3
ST00,FR,E,13,,D,0110,1,FO-03,E,XXXX,8,38,F,1,200009,1,"$55,685",8.7
ST00,NI,H,13,,F,0110,1,FO-03,F,XXXX,8,38,F,1,200009,1,"$66,491",15.9
ST00,TU,F,13,,G,0110,1,FO-01,I,XXXX,8,38,F,1,200009,1,"$95,455",20.3
ST00,BR,D,04,,B,0110,1,FP-05,C,XXXX,8,48,F,2,200009,1,"$34,463",2.1
ST00,11,E,14,,F,0110,1,FO-02,H,XXXX,8,38,F,1,200009,1,"$89,483",16.3
ST00,11,E,04,13,E,0110,1,GS-13,G,XXXX,8,10,F,1,200009,1,"$71,037",14.3
ST00,EC,D,13,,D,0110,1,FO-03,E,XXXX,8,38,F,1,200009,1,"$54,063",8.9
ST00,BR,D,04,,C,0110,1,FP-05,C,XXXX,8,48,F,2,200009,1,"$37,658",3.5
ST00,BA,E,17,,E,0110,1,FO-03,E,XXXX,8,38,F,1,200009,1,"$57,356",11.0
ST00,BR,E,04,,C,0110,1,FP-04,D,XXXX,8,48,F,2,200009,1,"$46,475",3.3
ST00,JA,D,04,,D,0110,1,FP-04,D,XXXX,8,48,F,2,200009,1,"$43,807",9.3
ST00,MX,H,20,,G,0110,1,FO-01,I,XXXX,8,38,F,1,200009,1,"$98,319",22.7
ST00,11,F,17,,E,0110,1,FO-02,H,XXXX,8,38,F,1,200009,1,"$84,347",12.8
ST00,BE,G,14,,G,0110,1,FO-01,I,XXXX,2,38,F,1,200009,1,"$92,675",22.4
ST00,MX,I,14,,I,0110,1,FE-OC,K,XXXX,2,38,F,1,200009,1,"$116,300",30.6
ST00,11,F,15,,E,0110,1,FO-03,E,XXXX,8,38,F,1,200009,1,"$57,239",10.5
ST00,11,G,17,,G,0110,1,FO-01,J,XXXX,2,38,F,1,200009,1,"$104,094",21.3
ST00,PK,F,13,,D,0110,1,FO-04,D,XXXX,8,38,F,1,200009,1,"$47,869",8.8
ST00,11,H,17,,H,0110,1,FO-02,J,XXXX,8,38,F,1,200009,1,"$100,714",29.2
ST00,11,E,13,,E,0110,1,FO-03,E,XXXX,8,38,F,1,200009,1,"$58,956",10.5
ST00,RS,G,14,,G,0110,1,FO-01,I,XXXX,2,38,F,1,200009,1,"$95,455",21.0
ST00,SN,I,21,,G,0110,1,FO-01,J,XXXX,2,38,F,1,200009,1,"$100,897",23.1
ST00,11,G,13,,G,0110,1,FO-02,I,XXXX,8,38,F,1,200009,1,"$94,932",21.9
ST00,BR,D,04,,E,0110,1,FP-03,E,XXXX,8,38,F,1,200009,1,"$55,685",11.5
ST00,SF,F,17,,F,0110,1,FO-01,H,XXXX,2,38,F,1,200009,1,"$89,976",16.3
ST00,HU,F,13,,F,0110,1,FO-03,F,XXXX,8,38,F,1,200009,1,"$66,491",16.4
ST00,11,H,04,,E,0110,1,FO-02,H,XXXX,8,38,F,1,200009,1,"$81,890",14.3
ST00,ZA,E,04,,D,0110,1,FP-05,C,XXXX,8,48,F,2,200009,1,"$35,497",7.6
ST00,YM,G,14,,E,0110,1,FO-03,E,XXXX,8,38,F,1,200009,1,"$59,077",12.3
ST00,RP,D,13,,E,0110,1,FP-04,D,XXXX,8,48,F,2,200009,1,"$45,121",11.2
ST00,BR,D,17,,B,0110,1,FP-04,D,XXXX,8,48,F,2,200009,1,"$46,475",2.7
ST00,BE,G,17,,G,0110,1,FE-OC,K,XXXX,2,48,F,2,200009,1,"$116,300",20.3
ST00,11,D,17,,D,0110,1,FP-03,E,XXXX,8,38,F,1,200009,1,"$58,956",8.5
ST00,11,F,17,,E,0110,1,FO-03,G,XXXX,8,38,F,1,200009,1,"$72,508",10.1
ST00,11,J,04,15,J,0110,1,GM-15,K,XXXX,2,10,F,1,200009,1,"$110,028",37.7
ST00,RS,E,17,,E,0110,1,FO-03,G,XXXX,8,38,F,1,200009,1,"$70,541",12.7
ST00,SZ,F,04,,F,0110,1,FO-03,E,XXXX,8,38,F,1,200009,1,"$50,960",17.8
ST00,PK,F,04,,F,0110,1,FP-04,D,XXXX,8,48,F,2,200009,1,"$47,869",17.0
ST00,AJ,E,15,,D,0110,1,FO-03,F,XXXX,8,38,F,1,200009,1,"$62,674",9.7
ST00,11,I,21,15,F,0110,1,GG-15,K,XXXX,2,48,F,2,200009,1,"$110,028",15.2
ST00,AU,D,13,,E,0110,1,FP-03,F,XXXX,8,48,F,2,200009,1,"$60,849",10.3
ST00,RS,E,04,,F,0110,1,FO-02,G,XXXX,8,38,F,1,200009,1,"$70,783",15.6
ST00,11,H,13,,G,0110,1,FO-02,I,XXXX,8,38,F,1,200009,1,"$92,168",20.6
ST00,AJ,E,17,,E,0110,1,FP-04,E,XXXX,8,38,F,1,200009,1,"$50,784",10.3
ST00,IN,E,13,,D,0110,1,FP-04,D,XXXX,8,38,F,1,200009,1,"$46,475",8.8
ST00,11,H,17,,G,0110,1,FO-02,I,XXXX,8,38,F,1,200009,1,"$97,781",22.7
ST00,GR,I,17,,H,0110,1,FO-01,J,XXXX,2,38,F,1,200009,1,"$100,897",28.3
ST00,11,C,17,,C,0110,1,FP-04,D,XXXX,8,48,F,2,200009,1,"$49,204",4.0
ST00,MZ,F,17,,E,0110,1,FO-02,G,XXXX,8,38,F,1,200009,1,"$72,907",11.4
ST00,11,E,17,,B,0110,1,FP-04,E,XXXX,8,48,F,2,200009,1,"$53,767",1.7
ST00,BE,G,17,,F,0110,1,FE-OC,K,XXXX,2,38,F,1,200009,1,"$111,200",19.3
ST00,BG,F,17,,E,0110,1,FO-02,F,XXXX,8,38,F,1,200009,1,"$66,720",12.8
ST00,CA,F,17,,F,0110,1,FO-03,F,XXXX,8,38,F,1,200009,1,"$64,555",16.1
ST00,RS,G,17,,G,0110,1,FO-01,J,XXXX,2,38,F,1,200009,1,"$100,897",21.0
ST00,11,G,17,,F,0110,1,FO-01,J,XXXX,8,38,F,1,200009,1,"$101,062",15.5
ST00,MX,D,17,,D,0110,1,FO-03,E,XXXX,8,38,F,1,200009,1,"$52,489",5.7
ST00,SF,H,17,,D,0110,1,FP-04,E,XXXX,8,48,F,2,200009,1,"$50,784",7.3
ST00,KS,D,14,,B,0110,1,FP-04,D,XXXX,8,48,F,2,200009,1,"$46,475",2.0
ST00,**,F,17,,F,0110,1,FO-02,Z,XXXX,8,38,F,1,200009,1,,15.1
ST00,BR,E,15,,E,0110,1,FO-02,F,XXXX,8,38,F,1,200009,1,"$68,722",14.3
ST00,HA,F,17,,F,0110,1,FO-02,H,XXXX,8,38,F,1,200009,1,"$82,057",17.3
ST00,PP,E,17,,C,0110,1,FP-04,E,XXXX,8,48,F,2,200009,1,"$50,784",3.3
ST00,11,F,17,,D,0110,1,FO-03,F,XXXX,8,38,F,1,200009,1,"$68,346",9.5
ST00,11,F,17,,D,0110,1,FO-03,E,XXXX,8,38,F,1,200009,1,"$57,239",5.3
ST00,BY,C,04,,B,0110,1,FP-05,C,XXXX,8,48,F,2,200009,1,"$38,788",1.4
ST00,MO,D,18,,D,0110,1,FO-02,F,XXXX,8,38,F,1,200009,1,"$62,890",9.1
ST00,11,G,17,,G,0110,1,FO-01,K,XXXX,8,38,F,1,200009,1,"$110,028",22.3
ST00,AS,G,17,,F,0110,1,FO-01,H,XXXX,2,38,F,1,200009,1,"$87,355",18.4
ST00,GY,C,04,,B,0110,1,FP-05,C,XXXX,8,48,F,2,200009,1,"$37,658",2.5
ST00,RO,G,13,,G,0110,1,FO-01,J,XXXX,8,38,F,1,200009,1,"$100,897",21.0
ST00,NI,D,04,,B,0110,1,FP-05,C,XXXX,8,48,F,2,200009,1,"$38,788",1.0
ST00,FR,H,17,,F,0110,1,FO-02,H,XXXX,8,38,F,1,200009,1,"$82,057",16.8
ST00,11,F,20,,E,0110,1,FO-02,H,XXXX,8,38,F,1,200009,1,"$81,890",13.3
ST00,GM,F,17,,E,0110,1,FO-02,G,XXXX,8,38,F,1,200009,1,"$79,667",14.7
ST00,PL,G,17,,G,0110,1,FO-01,J,XXXX,2,38,F,1,200009,1,"$100,897",20.1
ST00,MY,D,**,,B,0110,1,FP-04,D,XXXX,8,48,F,2,200009,1,"$42,531",1.4
ST00,11,D,13,14,E,0110,1,GS-14,H,XXXX,8,10,F,1,200009,1,"$83,945",14.0
ST00,CH,H,17,,F,0110,1,FO-03,G,XXXX,8,38,F,1,200009,1,"$74,836",16.1
ST00,UP,C,04,,B,0110,1,FP-05,C,XXXX,8,48,F,2,200009,1,"$37,658",2.8
ST00,SW,G,17,,F,0110,1,FO-02,H,XXXX,8,38,F,1,200009,1,"$82,057",17.8
ST00,HK,E,13,,F,0110,1,FO-03,F,XXXX,8,38,F,1,200009,1,"$66,491",15.3
ST00,JA,H,18,,I,0110,1,FE-OC,K,XXXX,2,38,F,1,200009,1,"$111,200",32.1
ST00,IT,I,17,,H,0110,1,FE-MC,L,XXXX,2,38,F,1,200009,1,"$122,400",29.0
ST00,QA,E,13,,F,0110,1,FP-04,D,XXXX,8,48,F,2,200009,1,"$43,807",17.6
ST00,HO,B,04,,B,0110,1,FP-06,C,XXXX,8,48,F,2,200009,1,"$32,685",1.0
ST00,SF,G,17,,F,0110,1,FO-02,G,XXXX,8,38,F,1,200009,1,"$79,667",16.4
ST00,UP,F,13,,E,0110,1,FO-02,H,XXXX,2,38,F,1,200009,1,"$84,519",13.4
ST00,11,G,17,,E,0110,1,FO-03,E,XXXX,8,38,F,1,200009,1,"$58,956",14.0
ST00,11,F,17,,F,0110,1,FO-01,K,XXXX,8,38,F,1,200009,1,"$110,028",19.0
ST00,CH,F,04,,A,0110,1,FO-02,F,XXXX,8,38,F,1,200009,1,"$64,777",0.2
ST00,RP,I,17,,H,0110,1,FE-OC,K,XXXX,2,38,F,1,200009,1,"$116,300",25.7
ST00,WA,E,13,,E,0110,1,FO-04,E,XXXX,8,38,F,1,200009,1,"$52,307",12.5
ST00,PM,C,14,,B,0110,1,FP-05,C,XXXX,8,48,F,2,200009,1,"$37,658",1.6
ST00,TU,E,17,,E,0110,1,FO-03,E,XXXX,8,38,F,1,200009,1,"$55,685",10.8
ST00,GM,F,13,,E,0110,1,FO-02,G,XXXX,8,38,F,1,200009,1,"$75,094",14.7
ST00,11,I,21,,G,0110,1,FO-02,I,XXXX,8,38,F,1,200009,1,"$94,932",21.9
ST00,11,H,17,,H,0110,1,FE-MC,M,XXXX,2,38,F,1,200009,1,"$130,200",29.1
ST00,CT,C,04,,B,0110,1,FP-05,C,XXXX,8,48,F,2,200009,1,"$38,788",1.0
ST00,SZ,H,19,,H,0110,1,FO-01,I,XXXX,8,38,F,1,200009,1,"$98,319",26.1
ST00,SZ,F,15,,E,0110,1,FO-03,F,XXXX,8,38,F,1,200009,1,"$62,674",14.9
ST00,BE,F,04,,F,0110,1,FO-02,F,XXXX,8,38,F,1,200009,1,"$68,722",16.5
ST00,BK,C,13,,D,0110,1,FO-03,E,XXXX,8,38,F,1,200009,1,"$55,685",5.5
ST00,PL,D,17,,D,0110,1,FP-03,E,XXXX,8,38,F,1,200009,1,"$55,685",6.9
ST00,ES,C,04,,B,0110,1,FP-04,D,XXXX,8,48,F,2,200009,1,"$45,121",2.2
ST00,11,F,13,,E,0110,1,FO-02,H,XXXX,8,38,F,1,200009,1,"$89,483",14.1
ST00,GV,C,13,,B,0110,1,FP-05,C,XXXX,8,48,F,2,200009,1,"$37,658",1.6
ST00,11,D,15,,D,0110,1,FO-03,E,XXXX,8,38,F,1,200009,1,"$57,239",6.5
ST00,AU,G,17,,F,0110,1,FO-02,G,XXXX,8,38,F,1,200009,1,"$79,667",16.7
ST00,JA,D,15,,C,0110,1,FP-04,D,XXXX,8,48,F,2,200009,1,"$47,869",3.8
ST00,BH,G,18,,E,0110,1,FO-03,E,XXXX,8,38,F,1,200009,1,"$55,685",10.2
ST00,VE,F,15,,E,0110,1,FO-03,E,XXXX,8,38,F,1,200009,1,"$57,356",11.2
ST00,MX,E,15,,D,0110,1,FO-03,E,XXXX,8,38,F,1,200009,1,"$55,685",9.7
ST00,AS,G,17,,F,0110,1,FO-02,H,XXXX,8,38,F,1,200009,1,"$82,057",19.6
ST00,UK,H,15,,E,0110,1,FO-02,H,XXXX,8,38,F,1,200009,1,"$87,054",14.5
ST00,CH,E,13,,E,0110,1,FO-02,G,XXXX,8,38,F,1,200009,1,"$70,783",12.4
ST00,11,I,17,14,I,0110,1,GM-14,I,XXXX,5,10,F,1,200009,1,"$93,537",30.9
ST00,BR,F,17,,F,0110,1,FO-03,E,XXXX,8,38,F,1,200009,1,"$57,356",15.0
ST00,SZ,E,13,,E,0110,1,FO-02,G,XXXX,8,38,F,1,200009,1,"$70,783",12.7
ST00,CH,F,17,,E,0110,1,FO-02,G,XXXX,8,38,F,1,200009,1,"$75,094",12.4
ST00,EI,F,15,,E,0110,1,FO-02,H,XXXX,8,38,F,1,200009,1,"$82,057",12.8
ST00,11,I,15,,H,0110,1,FO-01,K,XXXX,8,38,F,1,200009,1,"$110,028",25.3
ST00,IS,G,18,,F,0110,1,FO-02,G,XXXX,8,38,F,1,200009,1,"$72,907",15.2
ST00,HO,E,17,,E,0110,1,FO-03,F,XXXX,2,38,F,1,200009,1,"$60,849",14.5
ST00,11,E,17,,D,0110,1,FO-03,F,XXXX,8,38,F,1,200009,1,"$60,724",9.1
ST00,UK,E,17,,E,0110,1,FO-03,F,XXXX,8,38,F,1,200009,1,"$64,555",10.3
ST00,SZ,G,17,,E,0110,1,FO-02,G,XXXX,8,38,F,1,200009,1,"$79,667",14.8
ST00,EN,E,14,,E,0110,1,FO-03,F,XXXX,8,38,F,1,200009,1,"$64,555",12.3
ST00,AU,G,18,,F,0110,1,FO-01,I,XXXX,2,38,F,1,200009,1,"$95,455",16.7
ST00,CH,E,17,,E,0110,1,FO-02,F,XXXX,8,38,F,1,200009,1,"$66,720",12.3
ST00,11,F,13,,F,0110,1,FO-02,H,XXXX,8,38,F,1,200009,1,"$89,483",15.1
ST00,RS,F,17,,E,0110,1,FO-02,G,XXXX,8,38,F,1,200009,1,"$77,347",13.4
ST00,NU,F,16,,D,0110,1,FO-03,E,XXXX,8,38,F,1,200009,1,"$59,077",9.1
ST00,GM,E,17,,E,0110,1,FO-02,F,XXXX,8,38,F,1,200009,1,"$68,722",11.5
ST00,SZ,E,17,,E,0110,1,FO-03,E,XXXX,8,38,F,1,200009,1,"$59,077",12.9
ST00,IN,F,15,,E,0110,1,FO-02,H,XXXX,8,38,F,1,200009,1,"$82,057",12.4
ST00,HK,E,13,,E,0110,1,FO-03,F,XXXX,8,38,F,1,200009,1,"$62,674",14.4
ST00,11,H,14,,H,0110,1,FO-02,I,XXXX,8,38,F,1,200009,1,"$97,781",28.1
ST00,11,H,17,,F,0110,1,FO-02,H,XXXX,8,38,F,1,200009,1,"$89,483",19.2
ST00,SN,E,13,,E,0110,1,FO-02,F,XXXX,8,38,F,1,200009,1,"$66,720",11.8
ST00,CI,E,21,,D,0110,1,FO-03,E,XXXX,8,38,F,1,200009,1,"$52,489",7.5
ST00,BR,I,13,,H,0110,1,FE-OC,L,XXXX,2,38,F,1,200009,1,"$122,200",29.4
ST00,11,G,17,,F,0110,1,FO-01,J,XXXX,2,38,F,1,200009,1,"$104,094",19.7
ST00,IV,C,13,,D,0110,1,FP-04,D,XXXX,8,48,F,2,200009,1,"$41,292",8.3
ST00,11,E,13,,F,0110,1,FO-02,H,XXXX,8,38,F,1,200009,1,"$86,877",15.3
ST00,LE,E,18,,D,0110,1,FO-03,E,XXXX,8,38,F,1,200009,1,"$57,356",9.1
ST00,SY,D,04,,E,0110,1,FO-03,E,XXXX,8,38,F,1,200009,1,"$55,685",11.3
ST00,GT,D,17,,D,0110,1,FO-03,E,XXXX,8,38,F,1,200009,1,"$52,489",6.5
ST00,RS,F,21,,E,0110,1,FO-02,G,XXXX,8,38,F,1,200009,1,"$79,667",11.2
ST00,11,H,14,14,H,0110,1,GM-14,I,XXXX,5,10,F,1,200009,1,"$93,537",27.2
ST00,11,G,15,,F,0110,1,FO-02,H,XXXX,8,38,F,1,200009,1,"$84,347",15.2
ST00,11,I,17,,I,0110,1,FO-02,I,XXXX,8,38,F,1,200009,1,"$94,932",31.1
ST00,11,F,13,,F,0110,1,FO-03,G,XXXX,8,38,F,1,200009,1,"$74,684",17.5
ST00,BE,F,17,,D,0110,1,FO-03,E,XXXX,8,38,F,1,200009,1,"$57,356",9.3
ST00,AS,G,17,,E,0110,1,FO-02,F,XXXX,8,38,F,1,200009,1,"$66,720",12.7
ST00,PK,D,17,,B,0110,1,FP-04,D,XXXX,8,48,F,2,200009,1,"$41,292",2.3
ST00,11,H,17,,H,0110,1,FO-02,I,XXXX,2,38,F,1,200009,1,"$97,781",29.3
ST00,BK,H,17,,G,0110,1,FO-02,H,XXXX,2,38,F,1,200009,1,"$89,666",20.8
ST00,MX,H,17,,C,0110,1,FP-04,D,XXXX,8,48,F,2,200009,1,"$47,869",3.0
ST00,11,G,21,,E,0110,1,FO-02,H,XXXX,8,38,F,1,200009,1,"$89,483",14.9
ST00,IT,F,17,,G,0110,1,FO-02,G,XXXX,2,38,F,1,200009,1,"$77,347",21.5
ST00,NI,E,15,,D,0110,1,FP-04,D,XXXX,8,48,F,2,200009,1,"$42,531",5.5
ST00,SZ,F,13,,G,0110,1,FP-03,F,XXXX,8,38,F,1,200009,1,"$62,674",20.7
ST00,UP,H,13,,E,0110,1,FO-03,E,XXXX,8,38,F,1,200009,1,"$55,685",12.3
ST00,AR,H,17,,G,0110,1,FO-01,I,XXXX,2,38,F,1,200009,1,"$98,319",24.8
ST00,JA,H,21,,C,0110,1,FP-01,J,XXXX,2,48,F,2,200009,1,"$100,897",3.6
ST00,IN,E,17,,E,0110,1,FO-03,E,XXXX,8,38,F,1,200009,1,"$57,356",12.2
ST00,11,E,17,,E,0110,1,FO-03,G,XXXX,8,38,F,1,200009,1,"$72,508",11.1
ST00,11,H,13,,H,0110,1,FO-02,I,XXXX,8,38,F,1,200009,1,"$94,932",25.8
ST00,TH,D,**,,C,0110,1,FP-05,C,XXXX,8,48,F,2,200009,1,"$35,497",4.3
ST00,FR,F,17,,F,0110,1,FO-01,H,XXXX,8,38,F,1,200009,1,"$89,976",16.7
ST00,PK,H,21,,D,0110,1,FP-03,E,XXXX,8,38,F,1,200009,1,"$57,356",8.1
ST00,CH,G,17,,G,0110,1,FE-OC,K,XXXX,2,38,F,1,200009,1,"$116,300",22.3
ST00,MA,F,18,,E,0110,1,FO-03,E,XXXX,8,38,F,1,200009,1,"$57,356",11.8
ST00,BE,F,17,,E,0110,1,FP-02,G,XXXX,8,48,F,2,200009,1,"$75,094",11.5
ST00,IN,E,13,,F,0110,1,FO-02,G,XXXX,2,38,F,1,200009,1,"$77,347",15.4
ST00,KU,H,17,,H,0110,1,FO-01,J,XXXX,2,38,F,1,200009,1,"$100,897",28.4
ST00,11,F,17,,D,0110,1,FO-03,E,XXXX,8,38,F,1,200009,1,"$58,956",9.3
ST00,TZ,D,13,,E,0110,1,FP-04,D,XXXX,8,48,F,2,200009,1,"$46,475",10.7
ST00,SG,F,13,,E,0110,1,FO-02,G,XXXX,8,38,F,1,200009,1,"$70,783",10.5
ST00,NL,G,17,,G,0110,1,FO-01,J,XXXX,2,38,F,1,200009,1,"$100,897",23.8
ST00,HK,D,13,,D,0110,1,FO-03,E,XXXX,8,38,F,1,200009,1,"$54,063",9.5
ST00,11,D,17,,D,0110,1,FO-03,E,XXXX,8,38,F,1,200009,1,"$57,239",6.5
ST00,11,H,13,,F,0110,1,FO-03,H,XXXX,8,38,F,1,200009,1,"$81,609",18.3
ST00,11,G,17,,F,0110,1,FO-03,G,XXXX,8,38,F,1,200009,1,"$70,397",18.3
ST00,36,G,21,,D,0110,1,FO-01,K,XXXX,2,38,F,1,200009,1,"$113,095",9.0
ST00,CI,G,14,,G,0110,1,FO-01,J,XXXX,2,38,F,1,200009,1,"$100,897",22.2
ST00,EG,H,17,,G,0110,1,FO-02,G,XXXX,8,38,F,1,200009,1,"$77,347",22.9
ST00,TS,E,13,,C,0110,1,FP-04,D,XXXX,8,48,F,2,200009,1,"$43,807",3.7
ST00,11,F,04,15,D,0110,1,GS-15,I,XXXX,8,10,F,1,200009,1,"$90,280",7.8
ST00,PA,F,17,,D,0110,1,FO-03,E,XXXX,8,38,F,1,200009,1,"$54,063",9.3
ST00,11,H,17,,I,0110,1,FO-02,J,XXXX,8,38,F,1,200009,1,"$100,714",30.2
ST00,PK,F,17,,F,0110,1,FO-01,H,XXXX,2,38,F,1,200009,1,"$89,976",16.8
ST00,HU,F,17,,E,0110,1,FO-03,G,XXXX,8,38,F,1,200009,1,"$72,657",12.7
ST00,TU,E,04,,E,0110,1,FO-03,E,XXXX,8,38,F,1,200009,1,"$59,077",10.1
ST00,PE,F,17,,D,0110,1,FO-03,E,XXXX,8,38,F,1,200009,1,"$54,063",6.7
ST00,AG,E,14,,D,0110,1,FO-03,E,XXXX,8,38,F,1,200009,1,"$54,063",9.7
ST00,11,C,13,,D,0110,1,FO-03,E,XXXX,8,38,F,1,200009,1,"$55,572",5.7
ST00,NU,E,17,,E,0110,1,FO-03,E,XXXX,8,38,F,1,200009,1,"$59,077",10.7
ST00,IS,C,04,,C,0110,1,FP-05,C,XXXX,8,48,F,2,200009,1,"$37,658",3.5
ST00,11,E,17,,D,0110,1,FO-03,E,XXXX,8,38,F,1,200009,1,"$58,956",5.9
ST00,FR,F,17,,E,0110,1,FO-03,F,XXXX,8,38,F,1,200009,1,"$66,491",14.2
ST00,BL,G,18,,H,0110,1,FO-02,H,XXXX,2,38,F,1,200009,1,"$84,519",27.7
ST00,EC,D,13,,E,0110,1,FP-04,D,XXXX,8,48,F,2,200009,1,"$43,807",10.2
ST00,EC,E,18,,F,0110,1,FO-02,G,XXXX,2,38,F,1,200009,1,"$79,667",15.1
ST00,TD,H,13,,C,0110,1,FO-03,E,XXXX,8,38,F,1,200009,1,"$50,960",4.8
ST00,BE,E,17,,E,0110,1,FO-02,G,XXXX,8,38,F,1,200009,1,"$77,347",14.5
ST00,ET,H,15,,D,0110,1,FO-03,F,XXXX,8,38,F,1,200009,1,"$64,555",9.9
ST00,11,H,17,,H,0110,1,FO-01,K,XXXX,2,38,F,1,200009,1,"$110,028",28.8
ST00,11,E,13,,E,0110,1,FO-03,F,XXXX,8,38,F,1,200009,1,"$64,423",10.1
ST00,BL,F,17,,D,0110,1,FO-04,E,XXXX,8,38,F,1,200009,1,"$53,877",8.0
ST00,VM,F,14,,E,0110,1,FO-02,G,XXXX,8,38,F,1,200009,1,"$79,667",11.6
ST00,PE,E,17,,E,0110,1,FO-02,F,XXXX,2,38,F,1,200009,1,"$64,777",10.5
ST00,JO,D,17,,D,0110,1,FO-03,E,XXXX,8,38,F,1,200009,1,"$50,960",5.3
ST00,11,D,17,,D,0110,1,FO-03,F,XXXX,8,38,F,1,200009,1,"$62,547",9.1
ST00,11,G,17,,G,0110,1,FO-01,J,XXXX,8,38,F,1,200009,1,"$101,062",21.3
ST00,HK,E,17,,E,0110,1,FO-02,F,XXXX,8,38,F,1,200009,1,"$68,722",11.0
ST00,BE,D,04,,D,0110,1,FP-04,D,XXXX,8,48,F,2,200009,1,"$41,292",7.3
ST00,FI,G,13,,G,0110,1,FO-02,G,XXXX,8,38,F,1,200009,1,"$72,907",20.1
ST00,GM,D,17,,C,0110,1,FO-04,D,XXXX,8,38,F,1,200009,1,"$47,869",4.0
ST00,SA,H,04,,F,0110,1,FO-03,F,XXXX,8,38,F,1,200009,1,"$64,555",18.7
ST00,KS,H,17,,I,0110,1,FE-OC,L,XXXX,2,38,F,1,200009,1,"$122,200",31.5
ST00,11,E,17,,D,0110,1,FO-03,E,XXXX,8,38,F,1,200009,1,"$57,239",7.9
ST00,AM,C,18,,C,0110,1,FP-04,E,XXXX,8,48,F,2,200009,1,"$50,784",4.1
ST00,11,F,17,,F,0110,1,FO-02,H,XXXX,8,38,F,1,200009,1,"$84,347",16.0
ST00,PL,D,17,,B,0110,1,FP-04,D,XXXX,8,48,F,2,200009,1,"$47,869",2.2
ST00,CA,G,18,,F,0110,1,FO-01,H,XXXX,8,38,F,1,200009,1,"$84,811",16.4
ST00,BE,F,13,,F,0110,1,FO-01,H,XXXX,2,38,F,1,200009,1,"$89,976",18.1
ST00,11,C,04,13,C,0110,1,GS-13,G,XXXX,8,15,F,1,200009,1,"$77,126",3.2
ST00,UG,E,13,,F,0110,1,FP-04,D,XXXX,8,48,F,2,200009,1,"$42,531",17.2
ST00,FR,F,17,,F,0110,1,FO-02,F,XXXX,8,38,F,1,200009,1,"$68,722",15.1
ST00,UK,E,17,,E,0110,1,FO-03,F,XXXX,8,38,F,1,200009,1,"$66,491",12.0
ST00,11,G,15,,G,0110,1,FO-02,H,XXXX,8,38,F,1,200009,1,"$89,483",21.3
ST00,CG,F,18,,E,0110,1,FO-02,G,XXXX,8,38,F,1,200009,1,"$70,783",10.2
ST00,11,G,17,,E,0110,1,FP-03,E,XXXX,8,38,F,1,200009,1,"$58,956",10.0
ST00,HU,G,13,,G,0110,1,FO-01,I,XXXX,2,38,F,1,200009,1,"$92,675",21.6
ST00,MY,E,17,,E,0110,1,FO-02,F,XXXX,8,38,F,1,200009,1,"$62,890",10.2
ST00,11,F,17,,D,0110,1,FO-04,D,XXXX,8,38,F,1,200009,1,"$49,204",5.3
ST00,IN,F,13,,F,0110,1,FO-01,I,XXXX,2,38,F,1,200009,1,"$95,455",17.4
ST00,MX,I,15,,I,0110,1,FE-MC,L,XXXX,2,38,F,1,200009,1,"$122,400",31.2
ST00,11,H,21,15,G,0110,1,GM-15,K,XXXX,2,10,F,1,200009,1,"$110,028",23.1
ST00,11,F,17,14,F,0110,1,GS-14,H,XXXX,8,10,F,1,200009,1,"$83,945",15.6
ST00,GM,F,17,,F,0110,1,FO-01,J,XXXX,2,38,F,1,200009,1,"$100,897",17.7
ST00,CH,D,17,,C,0110,1,FP-04,D,XXXX,8,48,F,2,200009,1,"$47,869",3.0
ST00,CH,F,14,,F,0110,1,FO-01,J,XXXX,2,38,F,1,200009,1,"$100,897",19.7
ST00,HK,F,17,,F,0110,1,FO-02,G,XXXX,8,38,F,1,200009,1,"$79,667",15.1
ST00,11,F,17,,D,0110,1,FO-03,F,XXXX,8,38,F,1,200009,1,"$66,356",9.3
ST00,CO,D,04,,D,0110,1,FP-04,D,XXXX,8,48,F,2,200009,1,"$42,531",7.1
ST00,MX,C,17,,D,0110,1,FO-04,D,XXXX,8,38,F,1,200009,1,"$46,475",5.7
ST00,TO,C,04,,B,0110,1,FP-05,D,XXXX,8,48,F,2,200009,1,"$43,656",1.3
ST00,11,E,17,,E,0110,1,FO-03,H,XXXX,8,38,F,1,200009,1,"$81,609",11.8
ST00,CS,G,17,,G,0110,1,FO-02,H,XXXX,8,38,F,1,200009,1,"$87,054",21.0
ST00,IN,E,17,,D,0110,1,FO-04,D,XXXX,8,38,F,1,200009,1,"$46,475",7.7
ST00,NL,E,17,,F,0110,1,FO-02,F,XXXX,8,38,F,1,200009,1,"$66,720",15.3
ST00,BR,G,18,,F,0110,1,FO-02,H,XXXX,2,38,F,1,200009,1,"$89,666",18.7
ST00,JA,F,20,,E,0110,1,FO-02,G,XXXX,8,38,F,1,200009,1,"$72,907",13.8
ST00,11,F,17,,F,0110,1,FO-01,I,XXXX,2,38,F,1,200009,1,"$98,119",15.8
ST00,PM,H,04,,F,0110,1,FO-01,I,XXXX,2,38,F,1,200009,1,"$95,455",16.0
ST00,HR,H,17,,G,0110,1,FO-01,J,XXXX,8,38,F,1,200009,1,"$100,897",21.0
ST00,11,E,17,,D,0110,1,FO-03,E,XXXX,8,38,F,1,200009,1,"$57,239",5.5
ST00,11,E,13,,D,0110,1,FO-03,F,XXXX,8,38,F,1,200009,1,"$64,423",9.7
ST00,11,J,17,14,G,0110,1,GS-14,I,XXXX,8,20,I,2,200009,1,"$93,537",24.8
ST00,CA,G,17,,G,0110,1,FO-01,I,XXXX,2,38,F,1,200009,1,"$98,319",22.6
ST00,PM,E,17,,D,0110,1,FO-03,E,XXXX,8,38,F,1,200009,1,"$57,356",9.7
ST00,11,H,17,,G,0110,1,FO-03,F,XXXX,8,38,F,1,200009,1,"$60,724",21.3
ST00,ID,G,13,,G,0110,1,FO-03,G,XXXX,8,38,F,1,200009,1,"$74,836",23.1
ST00,11,K,04,15,J,0110,1,GS-15,K,XXXX,8,10,F,1,200009,1,"$110,028",38.2
ST00,CH,H,21,,H,0110,1,FO-01,J,XXXX,2,38,F,1,200009,1,"$100,897",28.4
ST00,SA,H,17,,I,0110,1,FO-01,J,XXXX,2,38,F,1,200009,1,"$100,897",31.1
ST00,11,G,15,,G,0110,1,FO-01,K,XXXX,2,38,F,1,200009,1,"$110,028",24.8
ST00,11,F,17,,F,0110,1,FO-03,F,XXXX,8,38,F,1,200009,1,"$66,356",18.6
ST00,CA,G,18,,H,0110,1,FE-MC,L,XXXX,2,38,F,1,200009,1,"$122,200",25.1
ST00,11,F,17,,F,0110,1,FO-02,H,XXXX,8,38,F,1,200009,1,"$86,877",15.5
ST00,11,G,17,14,G,0110,1,GM-14,I,XXXX,5,10,F,1,200009,1,"$93,537",22.3
ST00,JA,F,15,,E,0110,1,FO-02,G,XXXX,8,38,F,1,200009,1,"$77,347",13.3
ST00,11,F,17,13,F,0110,1,GM-13,G,XXXX,5,10,F,1,200009,1,"$75,096",15.5
ST00,11,F,17,,E,0110,1,FO-02,H,XXXX,8,38,F,1,200009,1,"$86,877",12.8
ST00,11,D,13,,E,0110,1,FP-03,E,XXXX,8,38,F,1,200009,1,"$57,239",10.3
ST00,FR,H,17,,F,0110,1,FO-02,H,XXXX,8,38,F,1,200009,1,"$89,666",16.8
ST00,CI,H,17,,H,0110,1,FO-01,I,XXXX,8,38,F,1,200009,1,"$98,319",26.4
ST00,CA,F,13,,F,0110,1,FO-02,G,XXXX,8,38,F,1,200009,1,"$70,783",17.8
ST00,JO,E,13,,D,0110,1,FO-04,D,XXXX,8,38,F,1,200009,1,"$46,475",6.0
ST00,MX,H,21,,E,0110,1,FO-02,G,XXXX,8,38,F,1,200009,1,"$77,347",13.3
ST00,11,F,13,,E,0110,1,FO-03,F,XXXX,8,38,F,1,200009,1,"$66,356",11.3
ST00,TU,E,04,,D,0110,1,FP-04,D,XXXX,8,48,F,2,200009,1,"$43,807",8.4
ST00,CO,E,04,,C,0110,1,FP-04,E,XXXX,8,48,F,2,200009,1,"$50,784",4.5
ST00,GH,G,17,,F,0110,1,FO-02,G,XXXX,8,38,F,1,200009,1,"$72,907",18.9
ST00,TU,D,13,,D,0110,1,FO-03,E,XXXX,8,38,F,1,200009,1,"$52,489",9.1
SZ00,11,F,21,15,D,0110,1,GS-15,J,XXXX,8,15,F,1,200009,1,"$104,386",9.8
SZ00,11,H,21,14,F,0110,1,GS-14,I,XXXX,8,10,F,1,200009,1,"$91,139",16.2
SZ00,11,E,21,12,B,0110,1,GS-12,F,XXXX,8,15,F,1,200009,1,"$66,564",1.1
SZ00,24,E,21,13,A,0110,1,GS-13,F,XXXX,8,15,F,1,200009,1,"$60,890",0.1
SZ00,11,G,21,14,E,0110,1,GS-14,I,XXXX,8,15,P,2,200009,1,"$93,537",12.5
SZ00,24,J,18,14,I,0110,1,GS-14,I,XXXX,8,10,F,1,200009,1,"$93,537",33.5
SZ00,24,D,21,12,A,0110,1,GS-12,E,XXXX,8,15,F,1,200009,1,"$56,324",0.9
SZ00,24,G,18,15,G,0110,1,GS-15,J,XXXX,8,10,F,1,200009,1,"$104,386",22.3
SZ00,11,E,21,13,B,0110,1,GS-13,G,XXXX,8,15,F,1,200009,1,"$77,126",1.1
SZ00,11,H,21,15,E,0110,1,GS-15,J,XXXX,8,10,F,1,200009,1,"$101,565",12.3
SZ00,11,C,13,11,B,0110,1,GS-11,D,XXXX,8,15,F,1,200009,1,"$42,724",2.9
SZ00,24,D,21,13,B,0110,1,GS-13,F,XXXX,8,15,F,1,200009,1,"$66,979",2.1
SZ00,11,D,14,12,D,0110,1,GS-12,F,XXXX,8,15,F,1,200009,1,"$64,857",8.2
SZ00,24,D,21,13,C,0110,1,GS-13,F,XXXX,8,10,F,1,200009,1,"$62,920",4.0
SZ00,24,C,17,11,B,0110,1,GS-11,D,XXXX,8,15,F,1,200009,1,"$42,724",2.0
SZ00,24,H,17,15,G,0110,1,GS-15,I,XXXX,7,10,F,1,200009,1,"$93,101",24.3
SZ00,11,J,21,15,J,0110,1,GS-15,K,XXXX,8,10,F,1,200009,1,"$110,028",35.8
SZ00,24,F,09,13,G,0110,1,GS-13,G,XXXX,8,10,F,1,200009,1,"$79,155",20.8
SZ00,11,C,21,12,A,0110,1,GS-12,F,XXXX,8,15,F,1,200009,1,"$61,444",0.1
SZ00,11,D,21,14,D,0110,1,GS-14,G,XXXX,8,10,F,1,200009,1,"$79,148",8.2
SZ00,11,F,21,13,D,0110,1,GS-13,G,XXXX,8,10,F,1,200009,1,"$71,037",7.1
SZ00,11,I,21,14,G,0110,1,GS-14,I,XXXX,8,10,F,1,200009,1,"$93,537",21.4
SZ00,11,C,21,13,C,0110,1,GS-13,F,XXXX,8,10,F,1,200009,1,"$69,008",3.2
SZ00,11,D,18,12,B,0110,1,GS-12,F,XXXX,8,15,F,1,200009,1,"$61,444",2.1
SZ00,11,D,21,13,D,0110,1,GS-13,F,XXXX,8,15,F,1,200009,1,"$60,890",7.9
SZ00,11,D,21,12,A,0110,1,GS-12,F,XXXX,8,15,F,1,200009,1,"$61,444",0.0
SZ00,11,F,21,13,C,0110,1,GS-13,F,XXXX,8,10,F,1,200009,1,"$69,008",3.1
SZ00,24,I,21,14,H,0110,1,GS-14,I,XXXX,8,10,F,1,200009,1,"$93,537",28.2
SZ00,11,E,21,13,A,0110,1,GS-13,G,XXXX,8,15,F,1,200009,1,"$71,037",0.8
SZ00,24,D,13,13,D,0110,1,GS-13,F,XXXX,8,10,F,1,200009,1,"$60,890",6.9
SZ00,11,H,17,14,I,0110,1,GS-14,I,XXXX,8,10,F,1,200009,1,"$93,537",30.0
SZ00,11,F,21,12,B,0110,1,GS-12,F,XXXX,8,15,F,1,200009,1,"$61,444",1.2
SZ00,11,E,21,12,B,0110,1,GS-12,F,XXXX,8,15,F,1,200009,1,"$61,444",1.3
SZ00,11,I,21,15,H,0110,1,GS-15,K,XXXX,8,10,F,1,200009,1,"$110,028",29.3
SZ00,11,G,13,15,G,0110,1,GS-15,J,XXXX,8,10,F,1,200009,1,"$101,565",23.6
SZ00,11,D,21,14,C,0110,1,GS-14,G,XXXX,8,10,F,1,200009,1,"$71,954",3.0
SZ00,11,F,21,14,B,0110,1,GS-14,H,XXXX,8,15,F,1,200009,1,"$83,945",1.8
SZ00,11,F,21,14,B,0110,1,GS-14,G,XXXX,8,15,F,1,200009,1,"$79,148",2.1
SZ00,24,C,18,12,B,0110,1,GS-12,E,XXXX,8,15,F,1,200009,1,"$51,204",2.2
TC00,11,F,21,,F,0110,1,ES-03,L,XXXX,2,50,F,1,200009,1,"$126,825",16.0
TC00,11,E,17,13,E,0110,1,GS-13,G,XXXX,8,10,F,1,200009,1,"$73,067",12.5
TC00,11,I,17,14,I,0110,1,GS-14,I,XXXX,8,10,F,1,200009,1,"$93,537",33.9
TC00,11,F,21,14,A,0110,1,GS-14,I,XXXX,8,15,F,1,200009,1,"$93,537",0.2
TC00,11,D,17,13,D,0110,1,GS-13,F,XXXX,8,10,F,1,200009,1,"$60,890",8.3
TC00,11,K,17,13,I,0110,1,GS-13,G,XXXX,8,10,F,1,200009,1,"$79,155",33.9
TC00,11,E,21,14,D,0110,1,GS-14,G,XXXX,8,10,F,1,200009,1,"$79,148",6.0
TC00,11,K,21,12,H,0110,1,GS-12,F,XXXX,8,10,F,1,200009,1,"$66,564",26.4
TC00,11,G,17,13,G,0110,1,GS-13,G,XXXX,8,10,F,1,200009,1,"$73,067",20.4
TC00,11,D,21,13,B,0110,1,GS-13,F,XXXX,8,15,F,1,200009,1,"$64,949",1.8
TC00,11,D,18,12,B,0110,1,GS-12,E,XXXX,8,15,F,1,200009,1,"$52,911",1.6
TC00,11,D,17,13,D,0110,1,GS-13,G,XXXX,8,20,P,2,200009,1,"$75,096",8.9
TC00,11,H,17,13,G,0110,1,GS-13,G,XXXX,8,10,F,1,200009,1,"$79,155",24.7
TC00,11,F,21,15,E,0110,1,GM-15,J,XXXX,2,10,F,1,200009,1,"$108,182",10.2
TC00,11,H,21,14,F,0110,1,GS-14,I,XXXX,8,10,F,1,200009,1,"$91,139",15.3
TC00,11,H,21,15,E,0110,1,GS-15,K,XXXX,2,10,F,1,200009,1,"$110,028",10.1
TC00,11,D,17,13,D,0110,1,GS-13,F,XXXX,8,15,F,1,200009,1,"$62,920",9.5
TC00,11,G,18,13,F,0110,1,GS-13,F,XXXX,8,10,F,1,200009,1,"$69,008",17.9
TC00,11,I,21,15,E,0110,1,GS-15,J,XXXX,8,10,F,1,200009,1,"$104,386",14.4
TC00,11,F,17,13,G,0110,1,GS-13,G,XXXX,8,10,F,1,200009,1,"$75,096",20.2
TC00,11,E,17,13,C,0110,1,GS-13,F,XXXX,8,20,F,2,200009,1,"$60,890",3.5
TC00,11,C,18,12,B,0110,1,GS-12,E,XXXX,8,15,F,1,200009,1,"$51,204",1.3
TC00,11,F,21,14,D,0110,1,GS-14,H,XXXX,8,10,F,1,200009,1,"$88,741",6.3
TC00,11,D,21,13,B,0110,1,GS-13,G,XXXX,8,15,F,1,200009,1,"$71,037",1.3
TC00,11,F,17,14,F,0110,1,GS-14,H,XXXX,8,10,F,1,200009,1,"$83,945",17.3
TC00,11,D,21,13,B,0110,1,GS-13,F,XXXX,8,15,F,1,200009,1,"$69,008",1.4
TC00,11,C,21,07,A,0110,1,GS-07,B,XXXX,8,42,F,2,200009,1,"$28,866",0.3
TC00,11,G,18,13,B,0110,1,GS-13,F,XXXX,8,15,F,1,200009,1,"$60,890",2.3
TC00,11,G,21,14,G,0110,1,GS-14,I,XXXX,8,10,F,1,200009,1,"$93,537",20.6
TC00,11,F,18,15,F,0110,1,GS-15,J,XXXX,2,10,F,1,200009,1,"$104,386",15.1
TC00,11,I,21,15,H,0110,1,GS-15,K,XXXX,8,10,F,1,200009,1,"$110,028",29.0
TC00,11,C,21,13,B,0110,1,GS-13,F,XXXX,8,15,F,1,200009,1,"$60,890",1.3
TC00,11,I,17,14,H,0110,1,GS-14,I,XXXX,8,10,F,1,200009,1,"$93,537",28.9
TC00,11,D,18,12,B,0110,1,GS-12,E,XXXX,8,15,F,1,200009,1,"$51,204",1.0
TC00,11,D,18,11,B,0110,1,GS-11,D,XXXX,8,20,F,2,200009,1,"$44,148",1.0
TC00,11,F,21,13,D,0110,1,GS-13,F,XXXX,8,10,F,1,200009,1,"$60,890",5.1
TC00,11,F,21,13,C,0110,1,GS-13,F,XXXX,8,15,F,1,200009,1,"$62,920",4.7
TC00,11,H,17,13,H,0110,1,GS-13,G,XXXX,8,10,F,1,200009,1,"$79,155",29.1
TC00,11,F,17,13,G,0110,1,GS-13,G,XXXX,8,10,F,1,200009,1,"$79,155",20.0
TD01,11,I,14,13,I,0110,1,GS-13,G,XXXX,8,10,F,1,200009,1,"$79,155",31.0
TD01,11,H,13,14,H,0110,1,GM-14,I,XXXX,5,10,F,1,200009,1,"$93,537",26.1
TD01,11,I,18,14,H,0110,1,GM-14,I,XXXX,5,10,F,1,200009,1,"$93,537",28.7
TD01,11,H,14,14,G,0110,1,GM-14,H,XXXX,5,10,F,1,200009,1,"$89,097",24.9
TD01,11,I,18,15,I,0110,1,GM-15,K,XXXX,2,10,F,1,200009,1,"$110,028",34.2
TD01,11,G,13,15,H,0110,1,GM-15,K,XXXX,2,10,F,1,200009,1,"$110,028",26.0
TD01,11,H,18,14,A,0110,1,GS-14,G,XXXX,8,15,F,1,200009,1,"$71,954",0.8
TD01,11,I,17,15,J,0110,1,GM-15,K,XXXX,5,10,F,1,200009,1,"$110,028",35.8
TD01,11,C,05,13,C,0110,1,GS-13,F,XXXX,8,30,P,2,200009,1,"$62,920",4.8
TD01,11,H,13,15,I,0110,1,GS-15,K,XXXX,8,10,F,1,200009,1,"$110,028",31.3
TD01,11,G,13,14,G,0110,1,GM-14,H,XXXX,5,10,F,1,200009,1,"$87,538",21.9
TD01,11,D,18,14,D,0110,1,GS-14,G,XXXX,8,10,F,1,200009,1,"$71,954",7.2
TD01,11,H,17,15,H,0110,1,GS-15,K,XXXX,8,10,F,1,200009,1,"$110,028",27.5
TD02,51,C,17,11,B,0110,1,GS-11,D,XXXX,8,15,F,1,200009,1,"$42,724",2.7
TD02,11,G,17,12,A,0110,1,GS-12,E,XXXX,8,15,F,1,200009,1,"$51,204",0.6
TD02,11,I,17,14,B,0110,1,GS-14,G,XXXX,8,15,F,1,200009,1,"$74,352",1.5
TD02,51,E,17,13,F,0110,1,GM-13,G,XXXX,5,10,F,1,200009,1,"$73,067",15.0
TD02,11,D,17,14,D,0110,1,GS-14,G,XXXX,8,10,F,1,200009,1,"$71,954",8.7
TD02,51,C,17,11,A,0110,1,GS-11,D,XXXX,8,15,F,1,200009,1,"$42,724",0.8
TD02,11,I,14,15,I,0110,1,GS-15,I,XXXX,2,10,F,1,200009,1,"$95,923",33.1
TD02,51,C,17,09,A,0110,1,GS-09,C,XXXX,8,15,F,1,200009,1,"$35,310",0.4
TD03,11,H,09,13,C,0110,1,FG-13,F,XXXX,8,38,F,1,200009,1,"$64,949",4.5
TD03,11,J,17,13,C,0110,1,FG-13,G,XXXX,8,38,F,1,200009,1,"$73,067",3.0
TD03,11,G,15,14,F,0110,1,FG-14,H,XXXX,8,38,F,1,200009,1,"$88,741",19.3
TD03,11,I,04,13,B,0110,1,FG-13,F,XXXX,8,38,F,1,200009,1,"$64,949",2.4
TD03,11,E,04,13,D,0110,1,FG-13,F,XXXX,8,38,F,1,200009,1,"$60,890",6.9
TD03,11,J,21,14,H,0110,1,FG-14,I,XXXX,8,38,F,1,200009,1,"$93,537",28.3
TD03,11,H,14,,H,0110,1,FV-KK,J,XXXX,2,38,F,1,200009,1,"$105,876",29.7
TD03,11,I,17,14,I,0110,1,FG-14,I,XXXX,8,38,F,1,200009,1,"$91,139",33.0
TD03,11,G,17,14,E,0110,1,FG-14,H,XXXX,8,38,F,1,200009,1,"$86,343",12.2
TD03,11,H,14,14,I,0110,1,FG-14,H,XXXX,8,38,F,1,200009,1,"$88,741",32.0
TD03,11,G,17,13,B,0110,1,FG-13,F,XXXX,8,38,F,1,200009,1,"$66,979",2.5
TD03,11,F,13,12,D,0110,1,FG-12,E,XXXX,8,38,F,1,200009,1,"$51,204",5.8
TD03,11,J,17,,H,0110,1,FV-KK,J,XXXX,2,38,F,1,200009,1,"$108,509",27.8
TD03,11,I,17,13,C,0110,1,FG-13,G,XXXX,8,38,F,1,200009,1,"$71,037",3.7
TD03,11,H,17,14,G,0110,1,FG-14,H,XXXX,8,38,F,1,200009,1,"$88,741",22.9
TD03,11,H,14,14,H,0110,1,FG-14,H,XXXX,8,38,F,1,200009,1,"$88,741",29.3
TD03,11,I,04,13,C,0110,1,FG-13,F,XXXX,8,38,F,1,200009,1,"$64,949",4.1
TD03,11,K,14,,J,0110,1,FV-KK,K,XXXX,2,38,F,1,200009,1,"$110,028",38.6
TD03,11,H,14,14,F,0110,1,FG-14,I,XXXX,8,38,F,1,200009,1,"$93,537",15.2
TD03,11,E,12,14,C,0110,1,FG-14,G,XXXX,8,38,F,1,200009,1,"$76,750",4.0
TD03,11,H,21,14,G,0110,1,FG-14,I,XXXX,8,38,F,1,200009,1,"$91,139",24.4
TD03,11,G,13,13,D,0110,1,FG-13,F,XXXX,8,38,F,1,200009,1,"$64,949",9.3
TD03,11,H,21,15,H,0110,1,FG-15,K,XXXX,8,38,F,1,200009,1,"$110,028",27.5
TD03,11,H,04,,D,0110,1,FV-KK,H,XXXX,2,38,F,1,200009,1,"$89,955",5.2
TD03,11,I,12,,G,0110,1,FV-KK,J,XXXX,2,38,F,1,200009,1,"$103,992",24.7
TD03,11,D,17,09,C,0110,1,FG-09,D,XXXX,8,38,F,1,200009,1,"$40,017",3.3
TD03,11,G,17,14,G,0110,1,FG-14,H,XXXX,8,38,F,1,200009,1,"$86,343",20.3
TD03,11,I,15,13,G,0110,1,FG-13,G,XXXX,8,38,F,1,200009,1,"$79,155",21.2
TD04,11,D,17,13,E,0110,1,GS-13,F,XXXX,8,10,P,2,200009,1,"$69,008",10.1
TD04,11,I,21,15,E,0110,1,GS-15,I,XXXX,5,10,F,1,200009,1,"$95,923",10.2
TD04,11,D,13,14,E,0110,1,GS-14,G,XXXX,5,10,F,1,200009,1,"$79,148",10.2
TD04,11,F,17,14,E,0110,1,GS-14,G,XXXX,5,10,F,1,200009,1,"$79,148",12.8
TD04,11,E,17,13,B,0110,1,GS-13,F,XXXX,5,15,F,1,200009,1,"$64,949",1.1
TD04,11,E,21,13,D,0110,1,GS-13,F,XXXX,8,10,P,2,200009,1,"$64,949",5.0
TD04,11,D,17,14,D,0110,1,GS-14,G,XXXX,5,10,F,1,200009,1,"$71,954",7.8
TD05,11,H,15,15,I,0110,1,GS-15,K,XXXX,8,10,F,1,200009,1,"$110,028",30.2
TD05,11,H,18,14,H,0110,1,GS-14,I,XXXX,8,10,F,1,200009,1,"$93,537",25.1
TD05,11,G,16,14,G,0110,1,GS-14,H,XXXX,8,10,F,1,200009,1,"$83,945",23.7
TD05,11,I,15,15,H,0110,1,GS-15,K,XXXX,8,10,F,1,200009,1,"$110,028",28.1
TD05,11,G,13,15,G,0110,1,GS-15,J,XXXX,2,10,F,1,200009,1,"$101,565",24.4
TD05,11,H,18,15,G,0110,1,GS-15,K,XXXX,8,10,F,1,200009,1,"$110,028",24.8
TD05,11,D,17,14,D,0110,1,GS-14,G,XXXX,8,10,F,1,200009,1,"$76,750",9.4
TD05,11,G,17,14,E,0110,1,GS-14,H,XXXX,8,10,F,1,200009,1,"$83,945",12.2
TD05,11,E,17,14,D,0110,1,GS-14,G,XXXX,8,10,F,1,200009,1,"$76,750",9.6
TD05,11,D,14,12,D,0110,1,GS-12,E,XXXX,8,10,F,1,200009,1,"$51,204",7.6
TD05,11,K,14,15,I,0110,1,GS-15,K,XXXX,8,10,F,1,200009,1,"$110,028",30.8
TD05,11,D,13,12,C,0110,1,GS-12,E,XXXX,8,10,F,1,200009,1,"$51,204",4.0
TD05,11,B,08,07,C,0110,1,GS-07,B,XXXX,8,38,F,1,200009,1,"$29,827",3.0
TD06,11,E,18,14,F,0110,1,GS-14,H,XXXX,5,10,F,1,200009,1,"$81,546",18.8
TD09,11,F,17,12,C,0110,1,GS-12,E,XXXX,8,10,F,1,200009,1,"$51,204",3.0
TD09,11,G,13,14,G,0110,1,GM-14,H,XXXX,5,10,F,1,200009,1,"$87,546",24.4
TD09,11,H,17,15,G,0110,1,GS-15,K,XXXX,8,10,F,1,200009,1,"$110,028",20.4
TD10,11,I,21,13,D,0110,1,GS-13,F,XXXX,8,10,F,1,200009,1,"$66,979",8.7
TD11,25,G,18,14,F,0110,1,GS-14,H,XXXX,8,10,F,1,200009,1,"$82,795",19.8
TD11,25,K,21,14,G,0110,1,GS-14,I,XXXX,8,10,F,1,200009,1,"$90,100",22.3
TD11,25,J,21,14,H,0110,1,GS-14,I,XXXX,8,10,F,1,200009,1,"$94,969",29.1
TD11,11,G,17,14,G,0110,1,GM-14,H,XXXX,5,10,F,1,200009,1,"$89,944",20.5
TD11,25,F,17,13,C,0110,1,GS-13,G,XXXX,8,10,F,1,200009,1,"$72,125",4.1
TD11,25,D,17,13,D,0110,1,GS-13,F,XXXX,8,15,F,1,200009,1,"$65,944",5.9
TD11,25,D,17,13,C,0110,1,GS-13,F,XXXX,8,10,F,1,200009,1,"$63,883",4.8
TD11,25,I,22,14,D,0110,1,GS-14,H,XXXX,8,10,F,1,200009,1,"$80,361",9.3
TD11,25,H,18,14,G,0110,1,GS-14,H,XXXX,8,10,F,1,200009,1,"$85,230",22.4
TD11,25,G,21,15,F,0110,1,GM-15,J,XXXX,5,10,F,1,200009,1,"$105,985",17.7
TD11,25,E,20,12,C,0110,1,GS-12,E,XXXX,8,10,P,2,200009,1,"$55,454",3.2
TD13,11,H,17,15,H,0110,1,GS-15,I,XXXX,2,10,F,1,200009,1,"$95,923",26.3
TD13,11,H,17,14,H,0110,1,GS-14,I,XXXX,8,10,F,1,200009,1,"$93,537",26.9
TD13,11,G,14,13,H,0110,1,GS-13,G,XXXX,8,10,F,1,200009,1,"$75,096",26.1
TD13,11,G,08,11,H,0110,1,GS-11,E,XXXX,8,10,F,1,200009,1,"$51,269",25.2
TD13,11,I,13,11,H,0110,1,GS-11,E,XXXX,8,10,F,1,200009,1,"$55,541",28.2
TD13,11,H,17,14,H,0110,1,GS-14,I,XXXX,8,10,F,1,200009,1,"$91,139",29.7
TD13,11,F,04,13,D,0110,1,GS-13,F,XXXX,8,10,F,1,200009,1,"$66,979",6.5
TD13,11,F,13,13,F,0110,1,GS-13,G,XXXX,8,10,F,1,200009,1,"$71,037",17.7
TD15,11,I,21,14,J,0110,1,GM-14,I,XXXX,5,10,F,1,200009,1,"$93,537",35.1
TD15,11,I,20,15,H,0110,1,GM-15,K,XXXX,2,10,F,1,200009,1,"$110,028",28.0
TD15,11,G,13,13,D,0110,1,GS-13,G,XXXX,8,10,F,1,200009,1,"$71,037",6.3
TD15,11,E,04,13,C,0110,1,GS-13,F,XXXX,8,10,F,1,200009,1,"$64,949",3.1
TD15,11,D,04,11,B,0110,1,GS-11,D,XXXX,8,15,P,2,200009,1,"$44,148",2.3
TD15,11,I,17,14,I,0110,1,GM-14,I,XXXX,5,10,F,1,200009,1,"$93,537",30.1
TD15,11,H,14,14,H,0110,1,GM-14,I,XXXX,5,10,F,1,200009,1,"$93,537",29.8
TN00,11,G,17,15,G,0110,1,GS-15,I,XXXX,8,10,P,2,200009,1,"$98,744",20.1
TN00,11,H,19,,G,0110,1,ES-03,L,XXXX,2,50,F,1,200009,1,"$126,825",22.7
TN00,SZ,G,17,,G,0110,1,ES-03,K,XXXX,2,50,F,1,200009,1,"$116,300",24.8
TN00,11,F,17,,G,0110,1,ES-03,L,XXXX,2,50,F,1,200009,1,"$126,825",21.8
TN00,11,F,17,15,F,0110,1,GS-15,I,XXXX,8,10,F,1,200009,1,"$95,923",16.0
TN00,11,J,21,14,F,0110,1,GS-14,H,XXXX,8,10,F,1,200009,1,"$88,741",17.3
TN00,11,G,17,15,H,0110,1,GM-15,K,XXXX,2,10,F,1,200009,1,"$110,028",25.2
TN00,11,K,17,15,J,0110,1,GS-15,K,XXXX,4,10,F,1,200009,1,"$110,028",40.6
TN00,11,G,17,15,F,0110,1,GS-15,I,XXXX,8,10,F,1,200009,1,"$90,280",19.1
TN00,11,H,21,,G,0110,1,ES-06,M,XXXX,2,50,F,1,200009,1,"$130,200",23.1
TN00,SZ,G,13,14,G,0110,1,GS-14,G,XXXX,8,38,F,1,200009,1,"$79,177",22.6
TN00,11,I,21,,I,0110,1,ES-06,M,XXXX,2,50,F,1,200009,1,"$130,200",30.3
TN00,11,I,17,,G,0110,1,ES-06,M,XXXX,2,50,F,1,200009,1,"$130,200",23.8
TN00,11,E,17,15,F,0110,1,GS-15,I,XXXX,8,10,F,1,200009,1,"$95,923",15.0
TN00,11,F,13,15,F,0110,1,GS-15,J,XXXX,8,10,F,1,200009,1,"$101,565",15.0
TN00,11,I,17,,J,0110,1,ES-06,M,XXXX,2,50,F,1,200009,1,"$130,200",36.3
TN00,11,H,17,15,H,0110,1,GS-15,I,XXXX,8,10,F,1,200009,1,"$98,744",26.6
TN00,11,G,17,15,G,0110,1,GS-15,J,XXXX,2,10,F,1,200009,1,"$104,386",20.7
TN00,11,H,04,10,I,0119,3,GS-10,D,XXXX,8,10,F,1,200009,1,"$49,258",33.0
TN00,SZ,F,15,15,E,0110,1,GS-15,H,XXXX,8,10,F,1,200009,1,"$85,375",14.8
TN00,11,F,17,15,F,0110,1,GS-15,J,XXXX,8,10,F,1,200009,1,"$101,565",19.3
TN00,11,F,17,15,E,0110,1,GS-15,I,XXXX,8,10,F,1,200009,1,"$95,923",13.4
TN00,11,I,19,15,H,0110,1,GS-15,K,XXXX,4,10,F,1,200009,1,"$110,028",28.8
TN00,11,F,13,,F,0110,1,ES-04,M,XXXX,2,50,F,1,200009,1,"$130,200",19.8
TN00,11,G,17,15,G,0110,1,GS-15,J,XXXX,8,10,F,1,200009,1,"$101,565",23.0
TN00,11,G,17,15,H,0110,1,GS-15,J,XXXX,8,10,F,1,200009,1,"$101,565",28.2
TR35,11,I,22,,H,0110,1,TG-25,M,XXXX,4,30,F,1,200009,1,"$135,281",26.2
TR35,11,G,21,,F,0110,1,TG-23,M,XXXX,8,10,F,1,200009,1,"$132,984",17.5
TR35,11,H,22,,E,0110,1,TG-22,I,XXXX,8,10,F,1,200009,1,"$99,954",12.2
TR35,11,G,21,,E,0110,1,TG-22,J,XXXX,8,10,F,1,200009,1,"$101,301",13.3
TR35,11,F,21,,B,0110,1,TG-22,J,XXXX,8,15,F,1,200009,1,"$102,000",1.2
TR35,11,G,21,,A,0110,1,TG-22,J,XXXX,8,15,F,1,200009,1,"$108,000",0.2
TR35,11,H,21,,E,0110,1,TG-22,K,XXXX,8,30,F,1,200009,1,"$119,500",11.8
TR91,HU,J,21,,F,0110,1,FC-12,J,XXXX,8,48,F,2,200009,1,"$100,897",16.6
TR91,11,J,21,15,H,0110,1,GS-15,K,XXXX,8,10,F,1,200009,1,"$110,028",25.7
TR91,11,C,17,13,B,0110,1,GS-13,F,XXXX,8,15,F,1,200009,1,"$60,890",2.9
TR91,11,H,17,,H,0110,1,ES-04,M,XXXX,2,50,F,1,200009,1,"$130,200",29.3
TR91,11,H,17,,H,0110,1,ES-02,L,XXXX,2,50,F,1,200009,1,"$121,264",28.9
TR91,11,I,17,15,E,0110,1,GS-15,I,XXXX,8,40,F,2,200009,1,"$93,101",10.3
TR91,11,J,21,15,I,0110,1,GS-15,K,XXXX,8,10,F,1,200009,1,"$110,028",32.9
TR91,UP,F,04,,D,0110,1,FC-11,G,XXXX,8,48,F,2,200009,1,"$70,381",9.8
TR91,11,F,21,15,E,0110,1,GS-15,J,XXXX,8,10,F,1,200009,1,"$101,565",12.9
TR91,11,E,21,13,B,0110,1,GS-13,F,XXXX,8,40,F,2,200009,1,"$64,949",2.3
TR91,11,E,21,14,D,0110,1,GS-14,H,XXXX,8,40,F,2,200009,1,"$83,945",6.8
TR91,11,E,21,,A,0110,1,ES-04,M,XXXX,2,55,F,1,200009,1,"$130,200",0.6
TR91,11,G,17,,B,0110,1,ES-01,K,XXXX,2,50,F,1,200009,1,"$115,811",2.1
TR91,11,C,17,12,B,0110,1,GS-12,E,XXXX,8,15,F,1,200009,1,"$51,204",2.8
TR91,11,F,04,,A,0110,1,EF-00,J,XXXX,8,48,I,2,200009,1,"$100,849",0.0
TR91,11,H,22,,G,0110,1,ES-01,K,XXXX,2,50,F,1,200009,1,"$115,811",22.3
TR91,11,D,17,12,C,0110,1,GS-12,E,XXXX,8,15,F,1,200009,1,"$59,738",3.4
TR91,11,E,17,13,D,0110,1,GS-13,F,XXXX,8,10,F,1,200009,1,"$69,008",8.8
TR91,11,C,11,11,B,0110,1,GS-11,D,XXXX,8,15,F,1,200009,1,"$42,724",2.3
TR91,11,E,17,14,D,0110,1,GS-14,G,XXXX,8,10,F,1,200009,1,"$79,148",7.4
TR91,11,F,21,14,E,0110,1,GS-14,G,XXXX,8,10,F,1,200009,1,"$79,148",10.0
TR91,11,I,22,15,G,0110,1,GM-15,K,XXXX,5,10,F,1,200009,1,"$110,028",24.3
TR91,11,D,17,14,D,0110,1,GS-14,G,XXXX,8,15,F,1,200009,1,"$76,750",5.0
TR91,11,H,21,15,E,0110,1,GS-15,K,XXXX,8,10,F,1,200009,1,"$110,028",11.0
TR91,11,D,17,15,C,0110,1,GS-15,I,XXXX,8,10,F,1,200009,1,"$93,101",3.9
TR91,11,F,21,,F,0110,1,ES-02,L,XXXX,2,50,F,1,200009,1,"$121,264",17.0
TR91,11,E,21,15,D,0110,1,GS-15,K,XXXX,8,10,F,1,200009,1,"$110,028",8.8
TR91,11,J,14,14,G,0110,1,GS-14,H,XXXX,8,10,F,1,200009,1,"$86,343",23.1
TR91,11,G,21,14,E,0110,1,GS-14,I,XXXX,8,10,F,1,200009,1,"$91,139",11.3
TR91,11,D,21,14,C,0110,1,GS-14,G,XXXX,8,10,F,1,200009,1,"$79,148",3.1
TR91,11,I,21,15,H,0110,1,GM-15,K,XXXX,5,10,F,1,200009,1,"$110,028",29.5
TR91,11,E,17,14,C,0110,1,GS-14,G,XXXX,8,40,P,2,200009,1,"$79,148",4.1
TR91,11,D,21,13,A,0110,1,GS-13,G,XXXX,8,40,F,2,200009,1,"$73,067",0.3
TR91,11,D,21,13,B,0110,1,GS-13,G,XXXX,8,15,F,1,200009,1,"$71,037",2.0
TR91,11,D,14,11,B,0110,1,GS-11,D,XXXX,8,40,F,2,200009,1,"$42,724",1.0
TR91,11,D,17,13,D,0110,1,GS-13,F,XXXX,8,10,F,1,200009,1,"$64,949",5.2
TR91,11,D,17,15,D,0110,1,GS-15,H,XXXX,2,10,F,1,200009,1,"$84,638",5.2
TR91,11,D,17,14,C,0110,1,GS-14,G,XXXX,2,10,F,1,200009,1,"$74,352",3.1
TR91,11,D,21,15,D,0110,1,GS-15,H,XXXX,8,10,F,1,200009,1,"$87,459",6.0
TR91,11,I,13,15,I,0110,1,GS-15,K,XXXX,2,10,F,1,200009,1,"$110,028",34.3
TR91,11,I,17,14,I,0110,1,GS-14,H,XXXX,8,10,F,1,200009,1,"$88,741",31.3
TR91,11,I,17,15,J,0110,1,GS-15,K,XXXX,8,10,F,1,200009,1,"$110,028",37.3
TR91,11,H,21,,G,0110,1,SL-00,K,XXXX,8,10,F,1,200009,1,"$115,811",22.9
TR91,11,H,17,15,H,0110,1,GS-15,J,XXXX,8,10,F,1,200009,1,"$104,386",29.3
TR91,11,H,21,,H,0110,1,ES-04,M,XXXX,2,50,F,1,200009,1,"$130,200",27.3
TR91,11,G,17,15,F,0110,1,GS-15,I,XXXX,2,10,F,1,200009,1,"$93,101",17.1
TR91,11,I,21,15,H,0110,1,GS-15,J,XXXX,8,10,F,1,200009,1,"$107,207",25.7
TR91,11,C,17,13,B,0110,1,GS-13,F,XXXX,8,48,F,2,200009,1,"$69,008",1.1
TR91,11,G,17,,E,0110,1,ES-04,M,XXXX,2,50,F,1,200009,1,"$130,200",11.9
TR91,11,I,21,15,E,0110,1,GS-15,K,XXXX,8,10,F,1,200009,1,"$110,028",14.8
TR91,11,G,17,15,G,0110,1,GS-15,J,XXXX,8,10,F,1,200009,1,"$101,565",23.7
TR91,11,H,14,15,I,0110,1,GS-15,J,XXXX,8,10,F,1,200009,1,"$101,565",31.2
TR91,11,E,14,13,E,0110,1,GS-13,G,XXXX,8,10,F,1,200009,1,"$71,037",12.1
TR91,11,F,17,13,G,0110,1,GS-13,G,XXXX,8,10,F,1,200009,1,"$75,096",21.9
TR91,11,I,18,15,H,0110,1,GS-15,K,XXXX,8,10,F,1,200009,1,"$110,028",26.6
TR91,11,H,17,15,H,0110,1,GS-15,J,XXXX,8,10,F,1,200009,1,"$104,386",26.0
TR91,GM,D,17,13,C,0110,1,GS-13,E,XXXX,8,10,F,1,200009,1,"$55,837",3.8
TR91,11,F,21,12,A,0110,1,GS-12,F,XXXX,8,15,F,1,200009,1,"$66,564",0.1
TR91,11,D,17,15,D,0110,1,GS-15,H,XXXX,8,10,F,1,200009,1,"$84,638",6.3
TR91,11,D,21,14,C,0110,1,GS-14,I,XXXX,8,40,F,2,200009,1,"$93,537",4.0
TR91,11,H,21,13,F,0110,1,GS-13,G,XXXX,8,10,F,1,200009,1,"$71,037",15.2
TR91,11,D,21,14,B,0110,1,GS-14,G,XXXX,8,15,F,1,200009,1,"$71,954",2.0
TR91,11,I,21,,A,0110,1,EF-00,J,XXXX,8,48,I,2,200009,1,"$100,849",0.5
TR91,11,E,21,15,C,0110,1,GS-15,I,XXXX,8,15,F,1,200009,1,"$98,744",3.8
TR91,11,G,17,15,E,0110,1,GS-15,I,XXXX,8,10,F,1,200009,1,"$90,280",10.7
TR91,11,F,21,13,E,0110,1,GS-13,G,XXXX,8,10,F,1,200009,1,"$73,067",13.8
TR91,11,K,17,15,H,0110,1,GS-15,K,XXXX,8,10,F,1,200009,1,"$110,028",29.4
TR91,11,J,17,14,J,0110,1,GM-14,I,XXXX,4,10,F,1,200009,1,"$93,537",35.3
TR91,11,D,21,13,A,0110,1,GS-13,G,XXXX,8,15,F,1,200009,1,"$75,096",0.1
TR91,11,H,18,15,G,0110,1,GS-15,K,XXXX,8,10,F,1,200009,1,"$110,028",22.2
TR91,11,E,17,13,E,0110,1,GS-13,G,XXXX,8,10,F,1,200009,1,"$71,037",11.2
TR91,11,F,15,15,D,0110,1,GS-15,H,XXXX,8,15,F,1,200009,1,"$87,459",8.7
TR91,11,G,21,,F,0110,1,ES-02,L,XXXX,2,50,F,1,200009,1,"$121,264",19.7
TR91,11,E,21,15,D,0110,1,GS-15,H,XXXX,8,10,F,1,200009,1,"$84,638",5.4
TR91,11,C,13,12,A,0110,1,GS-12,E,XXXX,8,40,F,2,200009,1,"$51,204",0.0
TR91,11,B,13,07,A,0110,1,GS-07,C,XXXX,8,40,F,2,200009,1,"$35,598",0.3
TR91,11,E,17,14,E,0110,1,GS-14,H,XXXX,8,10,F,1,200009,1,"$81,546",13.5
TR91,11,G,13,15,G,0110,1,GS-15,I,XXXX,8,10,F,1,200009,1,"$93,101",23.2
TR91,11,G,21,,E,0110,1,ES-03,L,XXXX,2,55,F,1,200009,1,"$126,825",12.8
TR91,11,K,21,15,H,0110,1,GS-15,J,XXXX,8,10,F,1,200009,1,"$107,207",26.2
TR91,11,I,17,,J,0110,1,ES-01,K,XXXX,2,50,F,1,200009,1,"$115,811",35.3
TR91,11,H,18,15,G,0110,1,GS-15,J,XXXX,8,10,F,1,200009,1,"$107,207",22.5
TR91,11,F,21,15,F,0110,1,GS-15,J,XXXX,8,10,F,1,200009,1,"$101,565",16.3
TR91,11,I,21,14,E,0110,1,GS-14,H,XXXX,8,10,F,1,200009,1,"$81,546",12.8
TR91,11,E,17,13,D,0110,1,GS-13,F,XXXX,8,10,F,1,200009,1,"$69,008",9.4
TR91,11,J,18,13,J,0110,1,GS-13,G,XXXX,8,10,F,1,200009,1,"$79,155",36.4
TR91,11,D,21,14,D,0110,1,GS-14,G,XXXX,8,10,F,1,200009,1,"$74,352",5.3
TR91,11,E,17,14,D,0110,1,GS-14,G,XXXX,8,10,F,1,200009,1,"$76,750",8.9
TR91,11,F,13,12,E,0110,1,GS-12,E,XXXX,8,10,F,1,200009,1,"$58,031",12.4
TR91,11,H,17,,H,0110,1,SL-00,L,XXXX,8,10,F,1,200009,1,"$121,264",27.3
TR91,11,G,17,,F,0110,1,ES-01,K,XXXX,2,50,F,1,200009,1,"$115,811",16.0
TR91,11,G,17,14,F,0110,1,GS-14,H,XXXX,8,10,F,1,200009,1,"$88,741",17.3
TR91,11,F,13,14,G,0110,1,GS-14,H,XXXX,8,10,F,1,200009,1,"$88,741",21.3
TR91,11,G,21,15,F,0110,1,GS-15,J,XXXX,2,10,F,1,200009,1,"$107,207",19.8
TR91,11,E,13,14,E,0110,1,GS-14,G,XXXX,8,10,F,1,200009,1,"$76,750",11.9
TR91,11,D,21,15,D,0110,1,GS-15,H,XXXX,8,10,F,1,200009,1,"$87,459",9.0
TR91,11,G,17,,G,0110,1,ES-01,K,XXXX,2,50,F,1,200009,1,"$115,811",24.6
TR91,11,D,17,13,D,0110,1,GS-13,F,XXXX,8,10,F,1,200009,1,"$60,890",6.6
TR91,11,C,17,12,B,0110,1,GS-12,E,XXXX,8,20,F,2,200009,1,"$51,204",1.3
TR91,11,E,17,15,D,0110,1,GS-15,K,XXXX,2,40,F,2,200009,1,"$110,028",9.0
TR91,11,F,09,13,A,0110,1,GS-13,G,XXXX,8,40,F,2,200009,1,"$75,096",0.5
TR91,11,G,17,15,E,0110,1,GS-15,I,XXXX,8,10,F,1,200009,1,"$93,101",12.8
TR91,11,J,17,,J,0110,1,ES-01,K,XXXX,2,50,F,1,200009,1,"$115,811",39.9
TR91,11,F,17,14,D,0110,1,GS-14,G,XXXX,8,10,F,1,200009,1,"$79,148",9.4
TR91,11,E,13,13,D,0110,1,GS-13,F,XXXX,8,10,F,1,200009,1,"$60,890",8.7
TR91,11,I,14,14,I,0110,1,GS-14,I,XXXX,8,10,F,1,200009,1,"$91,139",32.9
TR91,11,D,13,15,D,0110,1,GS-15,H,XXXX,8,10,F,1,200009,1,"$84,638",8.2
TR91,11,I,17,15,G,0110,1,GS-15,J,XXXX,8,10,F,1,200009,1,"$104,386",22.4
TR91,11,D,21,14,C,0110,1,GS-14,G,XXXX,8,10,F,1,200009,1,"$71,954",3.0
TR91,11,G,13,15,G,0110,1,GS-15,I,XXXX,8,10,F,1,200009,1,"$98,744",23.8
TR91,11,C,04,09,A,0110,1,GS-09,C,XXXX,8,30,F,1,200009,1,"$35,310",0.1
TR91,11,F,21,,E,0110,1,ES-02,L,XXXX,2,50,F,1,200009,1,"$121,264",12.2
TR91,11,D,17,15,C,0110,1,GS-15,I,XXXX,8,15,F,1,200009,1,"$98,744",4.6
TR91,11,G,18,13,G,0110,1,GS-13,G,XXXX,8,10,F,1,200009,1,"$73,067",20.5
TR91,11,G,14,14,G,0110,1,GS-14,H,XXXX,8,10,F,1,200009,1,"$86,343",23.3
TR91,11,H,21,15,E,0110,1,GS-15,I,XXXX,8,10,F,1,200009,1,"$93,101",10.6
TR91,11,F,17,,E,0110,1,ES-02,L,XXXX,2,50,F,1,200009,1,"$121,264",14.3
TR91,11,I,21,14,H,0110,1,GS-14,I,XXXX,8,10,F,1,200009,1,"$93,537",25.0
TR91,11,E,17,,A,0110,1,EF-00,I,XXXX,8,48,F,2,200009,1,"$91,137",0.4
TR91,11,G,14,15,F,0110,1,GS-15,I,XXXX,2,10,F,1,200009,1,"$95,923",17.3
TR91,11,I,21,15,F,0110,1,GS-15,J,XXXX,8,10,F,1,200009,1,"$107,207",18.2
TR91,11,G,21,15,F,0110,1,GS-15,J,XXXX,8,10,F,1,200009,1,"$104,386",19.8
TR91,11,H,17,15,I,0110,1,GS-15,I,XXXX,8,10,F,1,200009,1,"$98,744",34.6
TR91,11,E,18,14,C,0110,1,GS-14,G,XXXX,8,40,F,2,200009,1,"$79,148",3.4
TR91,11,G,18,14,D,0110,1,GS-14,H,XXXX,8,10,F,1,200009,1,"$83,945",9.4
TR91,11,D,17,12,B,0110,1,GS-12,E,XXXX,8,15,F,1,200009,1,"$51,204",2.3
TR91,11,G,17,,G,0110,1,ES-03,L,XXXX,2,50,F,1,200009,1,"$126,825",22.3
TR91,11,F,17,15,F,0110,1,GS-15,I,XXXX,8,10,F,1,200009,1,"$93,101",15.5
TR91,11,G,13,15,G,0110,1,GM-15,J,XXXX,5,10,F,1,200009,1,"$101,565",24.2
TR91,11,C,17,11,A,0110,1,GS-11,E,XXXX,8,40,P,2,200009,1,"$55,541",0.9
TR91,11,K,21,,J,0110,1,ES-04,M,XXXX,2,50,F,1,200009,1,"$130,200",40.0
TR91,11,J,21,15,J,0110,1,GS-15,K,XXXX,8,10,F,1,200009,1,"$110,028",38.5
TR91,11,H,21,15,G,0110,1,GS-15,K,XXXX,8,10,P,2,200009,1,"$110,028",20.5
TR91,11,F,17,15,E,0110,1,GS-15,H,XXXX,8,40,F,2,200009,1,"$87,459",10.0
TR91,11,H,21,,H,0110,1,ES-04,M,XXXX,2,50,F,1,200009,1,"$130,200",26.1
TR91,11,D,17,09,D,0110,1,GS-09,C,XXXX,8,15,F,1,200009,1,"$35,310",5.0
TR91,11,D,21,15,B,0110,1,GS-15,I,XXXX,8,40,F,2,200009,1,"$95,923",1.0
TR91,11,G,17,15,E,0110,1,GS-15,I,XXXX,8,40,F,2,200009,1,"$95,923",10.2
TR91,11,F,17,15,F,0110,1,GS-15,I,XXXX,8,10,F,1,200009,1,"$98,744",16.3
TR91,11,C,16,13,C,0110,1,GS-13,F,XXXX,8,20,F,2,200009,1,"$66,979",3.4
TR91,11,G,21,15,F,0110,1,GS-15,J,XXXX,8,10,F,1,200009,1,"$107,207",18.3
TR91,11,F,17,15,F,0110,1,GS-15,J,XXXX,8,10,F,1,200009,1,"$104,386",18.3
TR91,11,B,17,11,A,0110,1,GS-11,D,XXXX,8,15,F,1,200009,1,"$42,724",0.1
TR91,11,C,17,11,A,0110,1,GS-11,E,XXXX,8,40,F,2,200009,1,"$55,541",0.8
TR91,11,H,17,14,H,0110,1,GS-14,I,XXXX,8,10,F,1,200009,1,"$93,537",28.1
TR91,11,D,21,14,C,0110,1,GS-14,G,XXXX,8,10,F,1,200009,1,"$71,954",4.2
TR91,11,G,17,13,F,0110,1,GS-13,G,XXXX,8,10,F,1,200009,1,"$73,067",16.5
TR91,11,G,21,15,F,0110,1,GS-15,K,XXXX,8,10,F,1,200009,1,"$110,028",19.8
TR91,11,E,21,12,B,0110,1,GS-12,E,XXXX,8,15,F,1,200009,1,"$58,031",1.1
TR91,11,F,21,,A,0110,1,ES-03,L,XXXX,2,50,F,1,200009,1,"$126,825",0.7
TR91,11,J,18,,G,0110,1,ES-04,M,XXXX,2,50,F,1,200009,1,"$130,200",21.7
TR91,11,E,13,11,B,0110,1,GS-11,D,XXXX,8,15,F,1,200009,1,"$42,724",1.0
TR91,11,E,17,15,E,0110,1,GS-15,J,XXXX,8,20,F,2,200009,1,"$101,565",14.2
TR91,11,B,17,09,A,0110,1,GS-09,C,XXXX,8,15,F,1,200009,1,"$35,310",0.8
TR91,11,G,17,13,F,0110,1,GS-13,G,XXXX,8,10,F,1,200009,1,"$71,037",16.8
TR91,11,C,17,11,C,0110,1,GS-11,D,XXXX,8,30,F,1,200009,1,"$42,724",4.0
TR91,11,H,21,15,E,0110,1,GS-15,K,XXXX,8,10,F,1,200009,1,"$110,028",14.1
TR91,HK,G,17,15,D,0110,1,GS-15,H,XXXX,8,10,F,1,200009,1,"$85,375",6.1
TR91,11,F,17,,F,0110,1,ES-02,L,XXXX,2,50,F,1,200009,1,"$121,264",18.1
TR91,11,G,17,14,G,0110,1,GS-14,H,XXXX,8,10,F,1,200009,1,"$86,343",23.0
TR91,11,I,18,15,H,0110,1,GS-15,J,XXXX,8,10,F,1,200009,1,"$101,565",27.5
TR91,11,D,17,14,D,0110,1,GS-14,G,XXXX,2,10,F,1,200009,1,"$71,954",5.6
TR91,11,I,18,,I,0110,1,ES-04,M,XXXX,2,50,F,1,200009,1,"$130,200",31.8
TR91,11,E,21,15,C,0110,1,GS-15,H,XXXX,8,10,F,1,200009,1,"$84,638",4.6
TR91,11,G,17,,F,0110,1,ES-02,L,XXXX,2,50,F,1,200009,1,"$121,264",18.1
TR91,11,H,21,,B,0110,1,ES-04,M,XXXX,2,55,F,1,200009,1,"$130,200",2.2
TR91,11,G,21,14,E,0110,1,GS-14,H,XXXX,8,10,F,1,200009,1,"$88,741",12.5
TR91,11,F,17,15,F,0110,1,GS-15,I,XXXX,8,10,F,1,200009,1,"$93,101",17.3
TR91,11,H,21,,H,0110,1,ES-03,L,XXXX,2,50,F,1,200009,1,"$126,825",27.5
TR91,11,I,17,15,I,0110,1,GS-15,K,XXXX,8,10,F,1,200009,1,"$110,028",32.3
TR91,11,E,16,,E,0110,1,ES-01,K,XXXX,2,50,F,1,200009,1,"$115,811",12.3
TR91,11,C,17,12,B,0110,1,GS-12,F,XXXX,8,15,F,1,200009,1,"$66,564",1.1
TR91,27,F,17,14,F,0110,1,GS-14,H,XXXX,8,10,P,2,200009,1,"$86,390",16.8
TR91,11,E,13,,E,0110,1,ES-01,K,XXXX,2,50,F,1,200009,1,"$115,811",11.7
TR91,11,C,17,11,B,0110,1,GS-11,D,XXXX,8,30,F,1,200009,1,"$42,724",1.3
TR91,11,C,17,11,B,0110,1,GS-11,E,XXXX,8,40,F,2,200009,1,"$55,541",1.0
TR91,11,H,17,15,E,0110,1,GS-15,K,XXXX,2,15,F,1,200009,1,"$110,028",13.0
TR91,11,D,21,12,B,0110,1,GS-12,E,XXXX,8,15,F,1,200009,1,"$51,204",1.0
TR91,11,I,14,15,I,0110,1,GM-15,K,XXXX,2,10,F,1,200009,1,"$110,028",30.3
TR91,11,G,17,13,D,0110,1,GS-13,G,XXXX,8,10,P,2,200009,1,"$79,155",8.0
TR91,11,E,18,14,D,0110,1,GS-14,I,XXXX,8,15,F,1,200009,1,"$93,537",5.0
TR91,MX,E,21,15,B,0110,1,GS-15,J,XXXX,8,40,F,2,200009,1,"$100,897",2.5
TR91,11,D,18,13,B,0110,1,GS-13,F,XXXX,8,15,F,1,200009,1,"$60,890",2.8
TR91,11,F,21,14,F,0110,1,GS-14,H,XXXX,8,10,F,1,200009,1,"$86,343",15.3
TR91,11,C,21,14,C,0110,1,GS-14,G,XXXX,8,10,F,1,200009,1,"$71,954",3.2
TR91,11,C,13,09,A,0110,1,GS-09,C,XXXX,8,38,F,1,200009,1,"$35,310",0.1
TR91,11,D,21,12,A,0110,1,GS-12,E,XXXX,8,40,F,2,200009,1,"$56,324",0.0
TR91,11,F,21,15,F,0110,1,GS-15,J,XXXX,8,10,F,1,200009,1,"$107,207",15.0
TR91,11,C,17,11,C,0110,1,GS-11,D,XXXX,8,15,F,1,200009,1,"$42,724",3.2
TR91,11,E,13,15,E,0110,1,GS-15,H,XXXX,8,10,F,1,200009,1,"$84,638",13.9
TR91,11,E,17,14,D,0110,1,GS-14,G,XXXX,8,10,F,1,200009,1,"$74,352",9.3
TR91,GM,I,14,15,H,0110,1,GS-15,J,XXXX,8,10,F,1,200009,1,"$100,897",26.0
TR91,11,D,17,14,B,0110,1,GS-14,G,XXXX,8,40,F,2,200009,1,"$76,750",2.2
TR91,11,E,17,14,D,0110,1,GS-14,G,XXXX,8,10,F,1,200009,1,"$76,750",9.0
TR91,11,C,17,11,B,0110,1,GS-11,D,XXXX,8,30,F,1,200009,1,"$42,724",1.1
TR91,11,C,17,11,A,0110,1,GS-11,E,XXXX,8,15,F,1,200009,1,"$55,541",0.8
TR91,JA,D,17,14,D,0110,1,GS-14,F,XXXX,8,10,F,1,200009,1,"$68,182",6.6
TR91,11,C,21,13,B,0110,1,GS-13,F,XXXX,2,40,F,2,200009,1,"$62,920",1.1
TR91,11,C,21,11,A,0110,1,GS-11,E,XXXX,8,40,F,2,200009,1,"$54,117",0.6
TR91,11,H,17,15,H,0110,1,GS-15,K,XXXX,8,10,F,1,200009,1,"$110,028",28.8
TR91,11,F,18,14,F,0110,1,GS-14,H,XXXX,8,10,F,1,200009,1,"$83,945",17.1
TR91,11,H,17,15,H,0110,1,GS-15,J,XXXX,8,10,F,1,200009,1,"$104,386",29.0
TR91,11,D,21,14,C,0110,1,GS-14,G,XXXX,8,10,F,1,200009,1,"$74,352",4.1
TR91,11,H,19,15,G,0110,1,GS-15,J,XXXX,8,10,F,1,200009,1,"$107,207",20.3
TR91,11,J,21,15,H,0110,1,GS-15,J,XXXX,8,10,F,1,200009,1,"$107,207",25.3
TR91,11,J,21,,H,0110,1,ES-02,L,XXXX,2,50,F,1,200009,1,"$121,264",28.3
TR91,11,G,17,,G,0110,1,ES-03,L,XXXX,8,50,F,1,200009,1,"$126,825",23.1
TR91,11,I,17,14,I,0110,1,GS-14,I,XXXX,8,10,F,1,200009,1,"$93,537",31.8
TR91,11,G,18,15,F,0110,1,GS-15,J,XXXX,8,10,F,1,200009,1,"$101,565",15.0
TR91,11,C,17,11,A,0110,1,GS-11,D,XXXX,8,15,F,1,200009,1,"$42,724",0.3
TR91,11,J,21,15,G,0110,1,GS-15,J,XXXX,8,10,F,1,200009,1,"$101,565",24.3
TR91,11,G,17,15,G,0110,1,GS-15,J,XXXX,8,10,F,1,200009,1,"$101,565",23.2
TR91,11,H,17,15,H,0110,1,GS-15,K,XXXX,8,10,F,1,200009,1,"$110,028",29.6
TR91,11,C,17,11,B,0110,1,GS-11,D,XXXX,8,30,F,1,200009,1,"$42,724",1.2
TR91,11,E,17,,E,0110,1,ES-01,K,XXXX,2,50,F,1,200009,1,"$115,811",11.1
TR91,11,E,17,15,F,0110,1,GS-15,I,XXXX,8,10,F,1,200009,1,"$98,744",16.8
TR91,11,F,21,15,F,0110,1,GS-15,J,XXXX,8,10,F,1,200009,1,"$101,565",15.0
TR91,11,E,15,,C,0110,1,ES-03,L,XXXX,2,55,F,1,200009,1,"$126,825",4.8
TR91,11,B,03,11,A,0110,1,GS-11,D,XXXX,8,15,F,1,200009,1,"$42,724",0.3
TR91,11,G,13,,C,0110,1,ES-04,M,XXXX,2,55,F,1,200009,1,"$130,200",3.3
TR91,11,G,17,14,E,0110,1,GS-14,H,XXXX,8,10,F,1,200009,1,"$86,343",10.8
TR91,11,D,13,11,E,0110,1,GS-11,E,XXXX,8,10,F,1,200009,1,"$51,269",12.2
TR91,11,F,21,15,F,0110,1,GS-15,J,XXXX,8,10,F,1,200009,1,"$101,565",15.1
TR91,11,I,21,,G,0110,1,ES-04,M,XXXX,2,50,F,1,200009,1,"$130,200",23.1
TR91,11,D,21,13,C,0110,1,GS-13,F,XXXX,8,15,F,1,200009,1,"$60,890",4.1
TR91,11,C,17,11,A,0110,1,GS-11,E,XXXX,8,15,F,1,200009,1,"$54,117",0.2
TR91,11,J,14,,I,0110,1,ES-04,M,XXXX,2,50,F,1,200009,1,"$130,200",30.9
TR93,11,B,17,11,B,0110,1,GS-11,D,XXXX,8,15,F,1,200009,1,"$42,724",2.2
TR93,06,H,17,13,F,0110,1,GS-13,G,XXXX,8,10,F,1,200009,1,"$79,750",15.1
TR93,11,B,13,09,B,0110,1,GS-09,C,XXXX,8,15,F,1,200009,1,"$35,310",1.2
TR93,25,E,13,12,E,0110,1,GS-12,E,XXXX,8,10,F,1,200009,1,"$57,187",12.3
TR93,09,D,17,12,D,0110,1,GS-12,E,XXXX,8,10,F,1,200009,1,"$59,202",9.3
TR93,06,G,21,14,E,0110,1,GS-14,H,XXXX,2,10,F,1,200009,1,"$86,003",12.3
TR93,11,D,13,13,E,0110,1,GS-13,G,XXXX,8,10,F,1,200009,1,"$71,037",10.2
TR93,48,E,21,13,B,0110,1,GS-13,F,XXXX,8,15,F,1,200009,1,"$60,633",1.0
TR93,36,H,17,13,D,0110,1,GS-13,G,XXXX,8,10,F,1,200009,1,"$70,932",6.0
TR93,36,G,17,13,G,0110,1,GS-13,G,XXXX,8,10,F,1,200009,1,"$79,276",23.4
TR93,48,G,17,13,D,0110,1,GS-13,F,XXXX,8,10,F,1,200009,1,"$66,696",5.8
TR93,36,I,21,13,E,0110,1,GS-13,H,XXXX,8,10,F,1,200009,1,"$81,362",12.8
TR93,11,I,13,14,G,0110,1,GM-14,I,XXXX,2,10,F,1,200009,1,"$93,537",23.8
TR93,06,F,13,13,E,0110,1,GS-13,G,XXXX,8,10,F,1,200009,1,"$77,651",13.4
TR93,11,G,21,13,G,0110,1,GS-13,G,XXXX,8,10,F,1,200009,1,"$79,155",21.9
TR93,11,G,21,12,F,0110,1,GS-12,F,XXXX,8,10,F,1,200009,1,"$63,151",16.9
TR93,11,I,14,14,I,0110,1,GS-14,I,XXXX,8,10,F,1,200009,1,"$93,537",30.3
TR93,11,I,21,14,D,0110,1,GS-14,G,XXXX,8,10,F,1,200009,1,"$79,148",8.8
TR93,11,G,21,13,D,0110,1,GS-13,G,XXXX,8,10,F,1,200009,1,"$71,037",8.8
TR93,11,F,17,14,F,0110,1,GS-14,G,XXXX,8,10,F,1,200009,1,"$79,148",15.1
TR93,11,D,17,13,D,0110,1,GS-13,F,XXXX,8,10,F,1,200009,1,"$66,979",5.7
TR93,36,H,18,13,G,0110,1,GS-13,H,XXXX,8,10,F,1,200009,1,"$81,362",21.3
TR93,36,G,21,13,D,0110,1,GS-13,G,XXXX,8,10,F,1,200009,1,"$73,018",9.9
TR93,11,H,17,14,F,0110,1,GS-14,H,XXXX,8,10,F,1,200009,1,"$81,546",17.8
TR93,36,I,19,13,D,0110,1,GS-13,H,XXXX,8,10,F,1,200009,1,"$81,362",9.1
TR93,36,K,17,13,D,0110,1,GS-13,G,XXXX,8,10,F,1,200009,1,"$73,018",9.7
TR93,11,D,17,13,D,0110,1,GS-13,F,XXXX,8,10,F,1,200009,1,"$64,949",5.3
TR93,06,J,07,13,C,0110,1,GS-13,G,XXXX,8,10,F,1,200009,1,"$71,356",4.8
TR93,36,F,17,13,E,0110,1,GS-13,G,XXXX,8,10,F,1,200009,1,"$73,018",11.7
TR93,11,E,17,13,D,0110,1,GS-13,F,XXXX,8,10,F,1,200009,1,"$66,979",8.4
TR93,06,H,04,13,D,0110,1,GS-13,G,XXXX,8,10,F,1,200009,1,"$75,553",9.6
TR93,11,G,18,14,E,0110,1,GS-14,I,XXXX,8,10,F,1,200009,1,"$91,139",10.2
TR93,27,H,17,13,D,0110,1,GS-13,F,XXXX,8,15,F,1,200009,1,"$62,954",5.1
TR93,11,B,13,11,B,0110,1,GS-11,D,XXXX,8,15,F,1,200009,1,"$42,724",2.2
TR93,11,J,04,13,E,0110,1,GS-13,G,XXXX,8,10,F,1,200009,1,"$79,155",14.0
TR93,11,C,13,11,C,0110,1,GS-11,D,XXXX,8,10,F,1,200009,1,"$42,724",3.0
TR93,36,I,21,13,E,0110,1,GS-13,G,XXXX,8,10,F,1,200009,1,"$73,018",12.4
TR93,36,F,17,13,D,0110,1,GS-13,G,XXXX,8,10,F,1,200009,1,"$75,104",6.0
TR93,11,I,13,13,I,0110,1,GS-13,G,XXXX,8,10,F,1,200009,1,"$79,155",34.2
TR93,48,H,17,13,B,0110,1,GS-13,F,XXXX,8,15,F,1,200009,1,"$66,232",2.5
TR93,11,D,13,13,D,0110,1,GS-13,G,XXXX,8,10,P,2,200009,1,"$71,037",9.1
TR93,11,E,17,13,E,0110,1,GS-13,G,XXXX,8,10,F,1,200009,1,"$73,067",11.7
TR93,11,C,13,11,C,0110,1,GS-11,D,XXXX,8,10,F,1,200009,1,"$42,724",3.1
TR93,48,H,17,13,E,0110,1,GS-13,G,XXXX,8,10,F,1,200009,1,"$76,913",13.8
TR93,34,I,13,13,I,0110,1,GS-13,G,XXXX,8,10,F,1,200009,1,"$79,518",32.6
TR93,11,I,17,11,H,0110,1,GS-11,E,XXXX,8,10,F,1,200009,1,"$55,541",27.0
TR93,11,D,13,13,E,0110,1,GS-13,G,XXXX,8,10,P,2,200009,1,"$73,067",11.3
TR93,36,J,21,13,F,0110,1,GS-13,H,XXXX,8,10,F,1,200009,1,"$81,362",17.0
TR93,**,G,13,13,G,0110,1,GS-13,Z,XXXX,8,10,F,1,200009,1,,23.4
TR93,17,F,21,13,F,0110,1,GS-13,H,XXXX,8,10,F,1,200009,1,"$80,926",16.0
TR93,06,E,04,13,B,0110,1,GS-13,F,XXXX,8,15,F,1,200009,1,"$68,499",2.3
TR93,11,B,13,09,B,0110,1,GS-09,C,XXXX,8,15,F,1,200009,1,"$35,310",1.5
TR93,11,C,04,11,B,0110,1,GS-11,D,XXXX,8,15,F,1,200009,1,"$42,724",2.1
TR93,11,C,13,12,C,0110,1,GS-12,E,XXXX,8,10,F,1,200009,1,"$51,204",3.0
TR93,11,D,13,13,D,0110,1,GS-13,F,XXXX,8,10,F,1,200009,1,"$64,949",6.4
TR93,11,E,13,14,E,0110,1,GS-14,G,XXXX,8,10,F,1,200009,1,"$79,148",12.8
TR93,11,C,13,13,D,0110,1,GS-13,F,XXXX,8,10,F,1,200009,1,"$64,949",5.3
TR93,11,D,13,13,D,0110,1,GS-13,G,XXXX,8,10,F,1,200009,1,"$73,067",9.3
TR93,11,D,13,13,D,0110,1,GS-13,G,XXXX,8,10,F,1,200009,1,"$73,067",9.2
TR93,11,H,13,12,I,0110,1,GS-12,F,XXXX,8,10,F,1,200009,1,"$66,564",30.9
TR93,06,H,13,13,F,0110,1,GS-13,G,XXXX,8,10,F,1,200009,1,"$72,779",17.2
TR93,11,E,17,13,D,0110,1,GS-13,F,XXXX,8,10,F,1,200009,1,"$64,949",5.3
TR93,11,B,13,07,A,0110,1,GS-07,B,XXXX,8,15,F,1,200009,1,"$28,866",0.2
TR93,11,D,17,13,D,0110,1,GS-13,F,XXXX,8,10,F,1,200009,1,"$69,008",6.1
TR93,11,B,13,11,B,0110,1,GS-11,D,XXXX,8,15,F,1,200009,1,"$42,724",2.3
TR93,11,B,13,09,B,0110,1,GS-09,C,XXXX,8,15,F,1,200009,1,"$35,310",1.2
TR93,11,G,17,14,F,0110,1,GS-14,I,XXXX,8,10,F,1,200009,1,"$91,139",15.3
TR93,11,B,13,11,B,0110,1,GS-11,D,XXXX,8,15,F,1,200009,1,"$42,724",2.3
TR93,11,C,13,12,C,0110,1,GS-12,E,XXXX,8,10,F,1,200009,1,"$51,204",3.0
TR93,11,B,13,09,B,0110,1,GS-09,C,XXXX,8,15,F,1,200009,1,"$35,310",1.3
TR93,11,B,04,11,B,0110,1,GS-11,D,XXXX,8,15,F,1,200009,1,"$42,724",2.3
TR93,11,G,04,13,E,0110,1,GS-13,G,XXXX,8,15,F,1,200009,1,"$71,037",14.6
TR93,11,C,13,13,D,0110,1,GS-13,F,XXXX,8,10,F,1,200009,1,"$62,920",6.5
TR93,11,E,13,13,E,0110,1,GS-13,G,XXXX,8,10,F,1,200009,1,"$71,037",12.0
TR93,51,E,13,13,E,0110,1,GS-13,G,XXXX,8,10,F,1,200009,1,"$77,507",14.8
TR93,11,E,13,13,E,0110,1,GS-13,F,XXXX,8,10,P,2,200009,1,"$69,008",11.1
TR93,11,B,13,11,B,0110,1,GS-11,D,XXXX,8,15,F,1,200009,1,"$42,724",2.3
TR93,11,C,13,12,C,0110,1,GS-12,E,XXXX,8,10,F,1,200009,1,"$51,204",3.0
TR93,11,B,04,07,A,0110,1,GS-07,B,XXXX,8,15,F,1,200009,1,"$28,866",0.1
TR93,11,E,17,14,E,0110,1,GS-14,G,XXXX,8,10,F,1,200009,1,"$79,148",13.3
TR93,11,D,17,13,D,0110,1,GS-13,F,XXXX,8,10,F,1,200009,1,"$66,979",8.3
TR93,11,H,17,13,H,0110,1,GS-13,G,XXXX,8,10,F,1,200009,1,"$79,155",26.8
TR93,06,J,04,13,E,0110,1,GS-13,G,XXXX,8,10,F,1,200009,1,"$73,454",14.0
TR93,11,C,04,11,B,0110,1,GS-11,D,XXXX,8,15,F,1,200009,1,"$42,724",2.4
TR93,12,K,21,13,F,0110,1,GS-13,G,XXXX,8,10,F,1,200009,1,"$79,699",15.5
TR93,11,E,17,13,E,0110,1,GS-13,G,XXXX,8,10,F,1,200009,1,"$71,037",14.3
TR93,13,D,13,13,E,0110,1,GS-13,G,XXXX,8,10,F,1,200009,1,"$70,132",10.3
TR93,11,B,13,09,B,0110,1,GS-09,C,XXXX,8,15,F,1,200009,1,"$35,310",1.3
TR93,25,H,21,13,F,0110,1,GS-13,G,XXXX,8,10,F,1,200009,1,"$74,186",18.7
TR93,13,H,12,13,G,0110,1,GS-13,G,XXXX,8,10,F,1,200009,1,"$76,143",23.9
TR93,13,E,17,14,D,0110,1,GS-14,G,XXXX,2,10,F,1,200009,1,"$73,405",5.5
TR93,11,H,21,13,E,0110,1,GS-13,G,XXXX,8,10,F,1,200009,1,"$71,037",13.4
TR93,06,J,17,13,F,0110,1,GS-13,G,XXXX,8,10,F,1,200009,1,"$77,060",19.8
TR93,11,D,13,13,B,0110,1,GS-13,F,XXXX,8,15,F,1,200009,1,"$60,890",2.3
TR93,26,E,17,13,E,0110,1,GS-13,G,XXXX,8,10,F,1,200009,1,"$78,957",11.5
TR93,11,G,21,14,E,0110,1,GS-14,H,XXXX,8,10,F,1,200009,1,"$86,343",12.1
TR93,11,D,17,12,B,0110,1,GS-12,E,XXXX,8,15,F,1,200009,1,"$51,204",2.2
TR93,42,H,17,13,F,0110,1,GS-13,G,XXXX,8,10,F,1,200009,1,"$77,479",19.4
TR93,11,B,13,11,B,0110,1,GS-11,D,XXXX,8,15,F,1,200009,1,"$42,724",2.3
TR93,48,E,21,13,D,0110,1,GS-13,G,XXXX,8,10,F,1,200009,1,"$70,504",5.6
TR93,11,C,17,11,C,0110,1,GS-11,D,XXXX,8,15,F,1,200009,1,"$42,724",4.3
TR93,06,I,21,14,G,0110,1,GM-14,I,XXXX,5,10,F,1,200009,1,"$93,600",21.0
TR93,06,I,17,13,D,0110,1,GS-13,G,XXXX,8,10,F,1,200009,1,"$71,356",6.0
TR93,11,E,13,13,E,0110,1,GS-13,G,XXXX,8,10,F,1,200009,1,"$71,037",12.2
TR93,11,C,17,11,B,0110,1,GS-11,D,XXXX,8,15,F,1,200009,1,"$42,724",2.3
TR93,29,E,17,13,E,0110,1,GS-13,F,XXXX,8,10,F,1,200009,1,"$65,769",12.0
TR93,17,G,17,13,G,0110,1,GS-13,H,XXXX,8,10,F,1,200009,1,"$80,926",22.7
TR93,17,F,14,13,E,0110,1,GS-13,G,XXXX,8,10,F,1,200009,1,"$74,702",11.9
TR93,04,D,13,13,D,0110,1,GS-13,F,XXXX,8,10,F,1,200009,1,"$61,610",9.0
TR93,11,H,13,13,F,0110,1,GS-13,G,XXXX,8,10,F,1,200009,1,"$71,037",15.7
TR93,11,E,17,14,E,0110,1,GS-14,G,XXXX,8,10,F,1,200009,1,"$79,148",10.3
TR93,11,G,17,14,E,0110,1,GS-14,G,XXXX,8,10,F,1,200009,1,"$79,148",13.8
TR93,26,F,17,13,D,0110,1,GS-13,G,XXXX,8,10,F,1,200009,1,"$76,880",9.1
TR93,26,F,18,12,D,0110,1,GS-12,E,XXXX,8,10,F,1,200009,1,"$55,915",9.0
TR93,17,I,17,13,F,0110,1,GS-13,G,XXXX,8,10,F,1,200009,1,"$76,776",19.8
TR93,25,J,17,13,D,0110,1,GS-13,G,XXXX,8,10,F,1,200009,1,"$74,186",9.7
TR93,11,I,14,14,H,0110,1,GS-14,H,XXXX,8,10,F,1,200009,1,"$81,546",28.0
TR93,06,G,21,13,E,0110,1,GS-13,H,XXXX,8,10,F,1,200009,1,"$83,481",12.1
TR93,55,G,21,12,B,0110,1,GS-12,E,XXXX,8,15,F,1,200009,1,"$52,319",1.3
TR93,11,E,13,11,B,0110,1,GS-11,D,XXXX,8,15,F,1,200009,1,"$42,724",2.3
TR93,48,J,21,13,D,0110,1,GS-13,F,XXXX,8,10,F,1,200009,1,"$68,717",7.7
TR93,11,E,13,13,D,0110,1,GS-13,F,XXXX,8,10,F,1,200009,1,"$60,890",8.2
TR93,22,I,17,12,H,0110,1,GS-12,F,XXXX,8,10,F,1,200009,1,"$60,165",29.6
TR93,17,I,17,13,F,0110,1,GS-13,H,XXXX,8,10,F,1,200009,1,"$80,926",16.4
TR93,40,F,04,12,D,0110,1,GS-12,E,XXXX,8,10,F,1,200009,1,"$55,152",9.2
TR93,11,C,04,09,B,0110,1,GS-09,C,XXXX,8,15,F,1,200009,1,"$35,310",2.0
TR93,37,H,13,13,E,0110,1,GS-13,G,XXXX,8,10,F,1,200009,1,"$73,533",13.9
TR93,11,G,21,14,B,0110,1,GS-14,G,XXXX,8,15,F,1,200009,1,"$74,352",2.0
TR93,48,H,13,14,D,0110,1,GS-14,H,XXXX,8,10,F,1,200009,1,"$83,590",9.2
TR93,48,G,21,13,D,0110,1,GS-13,F,XXXX,8,10,F,1,200009,1,"$68,717",5.8
TR93,48,H,17,13,D,0110,1,GS-13,F,XXXX,8,10,F,1,200009,1,"$69,559",8.5
TR93,11,B,13,09,B,0110,1,GS-09,C,XXXX,8,15,F,1,200009,1,"$35,310",1.2
TR93,48,I,17,13,D,0110,1,GS-13,G,XXXX,8,10,F,1,200009,1,"$74,777",8.8
TR93,27,D,04,13,B,0110,1,GS-13,F,XXXX,8,15,F,1,200009,1,"$62,954",2.7
TR93,47,G,13,13,F,0110,1,GS-13,F,XXXX,8,10,F,1,200009,1,"$65,584",15.5
TR93,11,I,17,15,H,0110,1,GM-15,K,XXXX,2,10,F,1,200009,1,"$110,028",29.2
TR93,11,H,17,15,F,0110,1,GS-15,I,XXXX,8,10,F,1,200009,1,"$98,744",17.3
TR93,13,D,17,13,D,0110,1,GS-13,G,XXXX,8,10,F,1,200009,1,"$70,132",8.2
TR93,17,F,13,12,F,0110,1,GS-12,E,XXXX,8,10,F,1,200009,1,"$59,329",17.8
TR93,11,C,13,09,B,0110,1,GS-09,C,XXXX,8,15,F,1,200009,1,"$35,310",1.1
TR93,11,D,13,13,C,0110,1,GS-13,F,XXXX,8,10,F,1,200009,1,"$60,890",3.2
TR93,27,D,13,13,D,0110,1,GS-13,F,XXXX,8,10,F,1,200009,1,"$64,985",5.3
TR93,11,E,17,12,D,0110,1,GS-12,E,XXXX,8,10,F,1,200009,1,"$52,911",5.4
TR93,11,G,17,14,F,0110,1,GS-14,H,XXXX,8,10,F,1,200009,1,"$81,546",16.4
TR93,11,I,13,14,I,0110,1,GS-14,I,XXXX,8,10,F,1,200009,1,"$93,537",30.7
TR93,17,H,04,13,F,0110,1,GS-13,G,XXXX,8,10,F,1,200009,1,"$74,702",19.6
TR93,13,I,21,13,E,0110,1,GS-13,G,XXXX,8,10,F,1,200009,1,"$70,132",10.9
TR93,06,H,04,14,D,0110,1,GS-14,H,XXXX,2,10,F,1,200009,1,"$84,321",9.4
TR93,17,I,14,13,E,0110,1,GS-13,G,XXXX,8,10,F,1,200009,1,"$76,776",13.7
TR93,06,G,14,13,G,0110,1,GS-13,G,XXXX,8,10,F,1,200009,1,"$75,553",21.0
TR93,29,E,17,13,B,0110,1,GS-13,F,XXXX,8,15,F,1,200009,1,"$61,783",2.3
TR93,53,I,21,13,D,0110,1,GS-13,F,XXXX,8,10,F,1,200009,1,"$69,103",7.0
TR93,48,G,12,13,E,0110,1,GS-13,G,XXXX,8,10,F,1,200009,1,"$72,759",12.7
TR93,06,E,07,13,E,0110,1,GS-13,G,XXXX,8,10,F,1,200009,1,"$70,639",12.2
TR93,06,G,13,13,E,0110,1,GS-13,G,XXXX,8,10,F,1,200009,1,"$72,779",12.2
TR93,06,H,13,13,E,0110,1,GS-13,G,XXXX,8,10,F,1,200009,1,"$72,779",13.3
TR93,06,G,07,13,C,0110,1,GS-13,G,XXXX,8,10,F,1,200009,1,"$71,356",4.8
TR93,06,H,13,13,F,0110,1,GS-13,G,XXXX,8,10,F,1,200009,1,"$70,639",18.2
TR93,06,G,17,13,D,0110,1,GS-13,G,XXXX,8,10,F,1,200009,1,"$71,356",6.0
TR93,06,J,07,13,D,0110,1,GS-13,F,XXXX,8,10,F,1,200009,1,"$69,257",9.6
TR93,06,E,13,13,D,0110,1,GS-13,G,XXXX,8,10,F,1,200009,1,"$72,779",6.0
TR93,11,D,17,13,D,0110,1,GS-13,F,XXXX,8,10,F,1,200009,1,"$64,949",5.3
TR93,11,H,21,13,D,0110,1,GS-13,G,XXXX,8,10,F,1,200009,1,"$71,037",8.8
TR93,11,F,04,13,H,0110,1,GS-13,F,XXXX,8,10,F,1,200009,1,"$69,008",26.5
TR93,11,E,13,11,E,0110,1,GS-11,D,XXXX,8,10,F,1,200009,1,"$42,724",13.6
TR93,17,I,21,13,G,0110,1,GS-13,G,XXXX,8,10,F,1,200009,1,"$74,702",21.9
TR93,11,B,13,09,B,0110,1,GS-09,C,XXXX,8,15,F,1,200009,1,"$35,310",1.1
TRAD,11,D,13,14,D,0110,1,GS-14,G,XXXX,8,10,F,1,200009,1,"$74,352",5.4
TRAD,11,G,22,14,C,0110,1,GS-14,H,XXXX,8,10,F,1,200009,1,"$83,945",3.0
TRAF,51,H,17,15,I,0110,1,GS-15,K,XXXX,8,10,F,1,200009,1,"$110,028",30.0
TRAJ,11,F,17,,D,0110,1,OC-18,L,XXXX,2,10,F,1,200009,1,"$121,290",7.1
TRAJ,11,E,13,,D,0110,1,OC-13,E,XXXX,8,10,F,1,200009,1,"$57,892",6.1
TRAJ,11,E,21,,D,0110,1,OC-16,I,XXXX,8,10,F,1,200009,1,"$90,156",9.3
TRAJ,36,G,17,,D,0110,1,OC-16,I,XXXX,8,10,F,1,200009,1,"$93,127",8.8
TRAJ,11,G,15,,D,0110,1,OC-20,L,XXXX,8,10,F,1,200009,1,"$126,800",9.1
TRAJ,11,E,21,,D,0110,1,OC-16,I,XXXX,8,10,F,1,200009,1,"$96,975",8.0
TRAJ,11,G,21,,D,0110,1,OC-16,I,XXXX,8,10,F,1,200009,1,"$91,842",9.0
TRAJ,11,H,21,,H,0110,1,OC-18,K,XXXX,2,10,F,1,200009,1,"$114,008",27.1
TRAJ,11,E,21,,D,0110,1,OC-16,I,XXXX,8,10,F,1,200009,1,"$94,988",7.8
TRAJ,11,G,21,,F,0110,1,OC-18,K,XXXX,8,10,F,1,200009,1,"$112,715",17.3
TRAJ,11,H,21,,D,0110,1,OC-17,J,XXXX,8,10,F,1,200009,1,"$103,501",5.2
TRAJ,11,F,14,,D,0110,1,OC-18,J,XXXX,2,10,F,1,200009,1,"$106,868",5.5
TRAJ,11,H,18,,G,0110,1,OC-18,J,XXXX,8,10,F,1,200009,1,"$109,947",21.2
TRAJ,11,G,21,,D,0110,1,OC-17,J,XXXX,8,10,F,1,200009,1,"$102,037",8.0
TRAJ,11,E,17,,D,0110,1,OC-14,G,XXXX,8,15,F,1,200009,1,"$78,038",9.9
TRAJ,11,G,21,,D,0110,1,OC-18,J,XXXX,2,10,F,1,200009,1,"$109,489",6.3
TRAJ,11,F,21,,C,0110,1,OC-17,J,XXXX,8,15,F,1,200009,1,"$102,556",3.0
TRAJ,11,G,17,,G,0110,1,OC-21,N,XXXX,2,32,F,1,200009,1,"$141,714",20.0
TRAJ,11,F,21,,E,0110,1,OC-18,K,XXXX,2,10,F,1,200009,1,"$119,325",12.3
TRAJ,11,F,21,,E,0110,1,OC-14,F,XXXX,8,10,F,1,200009,1,"$69,071",10.3
TRAJ,11,G,13,,D,0110,1,OC-16,H,XXXX,8,10,F,1,200009,1,"$86,364",9.4
TRAJ,11,G,21,,F,0110,1,OC-16,I,XXXX,8,10,F,1,200009,1,"$91,414",17.2
TRAJ,11,H,07,,G,0110,1,OC-14,F,XXXX,8,10,F,1,200009,1,"$67,722",21.9
TRAJ,11,C,17,,C,0110,1,OC-13,E,XXXX,8,15,F,1,200009,1,"$54,867",4.0
TRAJ,11,D,13,,D,0110,1,OC-14,G,XXXX,8,15,F,1,200009,1,"$72,608",6.8
TRAJ,11,I,21,,D,0110,1,OC-18,K,XXXX,2,10,F,1,200009,1,"$114,008",9.4
TRAJ,11,F,17,,E,0110,1,OC-18,K,XXXX,2,10,F,1,200009,1,"$112,316",12.8
TRAJ,11,J,21,,H,0110,1,OC-16,I,XXXX,8,10,F,1,200009,1,"$94,567",26.7
TRAJ,11,G,21,,B,0110,1,OC-17,J,XXXX,8,15,F,1,200009,1,"$101,835",1.1
TRAJ,11,D,21,,B,0110,1,OC-13,G,XXXX,8,40,F,2,200009,1,"$70,337",1.2
TRAJ,11,J,13,,D,0110,1,OC-16,I,XXXX,8,10,F,1,200009,1,"$94,567",9.9
TRAJ,11,F,21,,E,0110,1,OC-17,J,XXXX,8,10,F,1,200009,1,"$102,167",11.0
TRAJ,11,G,21,,E,0110,1,OC-20,M,XXXX,2,10,F,1,200009,1,"$138,894",13.3
TRAJ,11,G,21,,E,0110,1,OC-17,J,XXXX,8,10,F,1,200009,1,"$105,945",10.0
TRAJ,11,H,21,,D,0110,1,OC-17,J,XXXX,8,10,F,1,200009,1,"$107,741",9.3
TRAJ,11,E,21,,B,0110,1,OC-16,I,XXXX,8,40,F,2,200009,1,"$93,395",1.2
TRAJ,11,F,17,,D,0110,1,OC-18,L,XXXX,2,10,F,1,200009,1,"$121,290",9.3
TRAJ,11,E,21,,B,0110,1,OC-14,F,XXXX,8,15,F,1,200009,1,"$69,848",1.2
TRAJ,11,H,21,,E,0110,1,OC-18,K,XXXX,2,10,F,1,200009,1,"$119,867",13.5
TRAJ,11,F,21,,B,0110,1,OC-16,H,XXXX,8,15,F,1,200009,1,"$86,836",1.3
TRAJ,11,H,18,,D,0110,1,OC-16,J,XXXX,8,10,F,1,200009,1,"$100,128",9.5
TRAJ,48,G,17,,G,0110,1,OC-17,I,XXXX,8,10,F,1,200009,1,"$98,700",20.5
TRAJ,11,F,14,,F,0110,1,OC-14,G,XXXX,8,10,F,1,200009,1,"$70,554",18.5
TRAJ,11,F,18,,E,0110,1,OC-16,I,XXXX,8,10,F,1,200009,1,"$93,271",10.8
VAHB,11,H,18,14,F,0110,1,GM-14,H,XXXX,*,10,F,1,200009,1,"$86,343",16.6
VAHD,11,K,21,14,D,0110,1,GS-14,G,XXXX,8,10,F,1,200009,1,"$79,148",8.3
VATA,25,G,21,15,G,0110,1,GM-15,J,XXXX,2,10,F,1,200009,1,"$108,849",23.8
VATA,25,F,21,14,D,0110,1,GS-14,H,XXXX,8,10,F,1,200009,1,"$85,230",9.2
VATA,25,H,21,13,E,0110,1,GS-13,G,XXXX,8,10,P,2,200009,1,"$74,186",11.3
VATA,25,H,21,14,E,0110,1,GS-14,H,XXXX,8,10,P,2,200009,1,"$85,230",10.9
VATA,09,D,21,13,B,0110,1,GS-13,F,XXXX,8,20,F,2,200009,1,"$62,588",2.5
VATA,37,F,13,11,D,0110,1,GS-11,D,XXXX,8,42,F,2,200009,1,"$47,412",7.2
VATA,25,H,21,14,C,0110,1,GS-14,H,XXXX,8,42,F,2,200009,1,"$85,230",4.7
VATA,48,E,18,13,C,0110,1,GS-13,F,XXXX,8,20,P,2,200009,1,"$68,368",4.1
