AGYSUB,LOC,AGELVL,EDLVL,GSEGRD,LOSLVL,OCC,PATCO,PPGRD,SALLVL,STEMOCC,SUPERVIS,TOA,WORKSCH,WORKSTAT,DATECODE,EMPLOYMENT,SALARY,LOS
AF3C,12,I,21,,H,0110,1,YA-03,N,XXXX,8,10,F,1,200809,1,"$144,170",28.3
AG02,11,J,21,13,E,0110,1,GS-13,I,XXXX,8,10,F,1,200809,1,"$96,791",11.1
AG02,11,C,17,11,A,0110,1,GS-11,E,XXXX,8,15,F,1,200809,1,"$58,206",0.3
AG02,11,G,17,14,D,0110,1,GS-14,J,XXXX,8,10,F,1,200809,1,"$101,301",7.5
AG02,11,H,21,14,D,0110,1,GS-14,J,XXXX,8,10,F,1,200809,1,"$107,836",8.8
AG02,11,F,17,12,E,0110,1,GS-12,H,XXXX,8,10,F,1,200809,1,"$81,394",10.7
AG02,11,H,21,13,D,0110,1,GS-13,I,XXXX,8,10,F,1,200809,1,"$94,025",8.8
AG02,11,E,17,12,E,0110,1,GS-12,G,XXXX,8,10,F,1,200809,1,"$79,068",11.7
AG02,11,G,21,14,D,0110,1,GS-14,K,XXXX,8,10,F,1,200809,1,"$111,104",7.4
AG02,11,G,14,12,G,0110,1,GS-12,H,XXXX,8,10,F,1,200809,1,"$86,046",22.3
AG02,47,E,21,14,A,0110,1,GS-14,I,XXXX,8,15,F,1,200809,1,"$91,781",0.2
AG02,11,H,13,13,H,0110,1,GM-13,J,XXXX,5,10,F,1,200809,1,"$106,485",29.4
AG02,11,H,21,14,E,0110,1,GS-14,K,XXXX,8,10,F,1,200809,1,"$114,372",12.7
AG02,11,G,17,15,F,0110,1,GS-15,M,XXXX,2,10,F,1,200809,1,"$138,383",16.3
AG02,11,J,21,15,D,0110,1,GS-15,L,XXXX,2,10,F,1,200809,1,"$126,850",9.1
AG02,11,I,21,14,H,0110,1,GS-14,L,XXXX,2,10,F,1,200809,1,"$120,907",25.3
AG02,11,H,17,13,H,0110,1,GS-13,J,XXXX,8,10,F,1,200809,1,"$107,854",26.7
AG02,37,D,13,12,D,0110,1,GS-12,G,XXXX,8,10,F,1,200809,1,"$74,159",8.3
AG02,11,I,13,13,H,0110,1,GS-13,J,XXXX,8,10,F,1,200809,1,"$107,854",29.3
AG02,11,H,17,12,E,0110,1,GS-12,H,XXXX,8,10,F,1,200809,1,"$83,720",10.6
AG02,11,F,13,13,D,0110,1,GS-13,I,XXXX,8,10,F,1,200809,1,"$91,259",7.3
AG02,11,I,21,14,F,0110,1,GS-14,L,XXXX,8,10,F,1,200809,1,"$120,907",15.6
AG02,11,H,17,14,H,0110,1,GS-14,L,XXXX,8,10,F,1,200809,1,"$127,442",29.3
AG02,11,I,17,14,I,0110,1,GS-14,L,XXXX,8,10,F,1,200809,1,"$127,442",31.3
AG02,11,C,07,12,C,0110,1,GS-12,G,XXXX,8,10,F,1,200809,1,"$72,090",3.0
AG02,11,H,17,15,E,0110,1,GS-15,N,XXXX,2,15,F,1,200809,1,"$149,000",12.7
AG02,11,H,13,12,C,0110,1,GS-12,G,XXXX,8,15,F,1,200809,1,"$76,742",3.4
AG02,11,J,17,15,I,0110,1,GS-15,N,XXXX,2,10,F,1,200809,1,"$149,000",34.7
AG02,11,G,13,13,G,0110,1,GS-13,I,XXXX,8,10,F,1,200809,1,"$96,791",20.9
AG03,11,F,04,14,F,0110,1,GS-14,K,XXXX,8,10,F,1,200809,1,"$114,372",18.8
AG07,55,F,17,12,E,0110,1,GS-12,H,XXXX,8,10,F,1,200809,1,"$80,558",13.4
AG08,29,D,13,13,E,0110,1,GS-13,H,XXXX,8,10,F,1,200809,1,"$85,438",11.9
AG08,29,G,17,13,D,0110,1,GS-13,H,XXXX,8,10,F,1,200809,1,"$82,849",6.3
AG08,29,H,17,14,F,0110,1,GS-14,K,XXXX,8,10,F,1,200809,1,"$110,137",18.5
AG08,29,H,17,13,H,0110,1,GS-13,I,XXXX,8,10,F,1,200809,1,"$95,797",27.6
AG08,29,H,13,13,F,0110,1,GS-13,I,XXXX,8,10,F,1,200809,1,"$93,207",18.5
AG08,29,F,11,13,E,0110,1,GS-13,H,XXXX,8,10,F,1,200809,1,"$88,028",10.3
AG08,11,E,11,13,E,0110,1,GS-13,I,XXXX,8,10,F,1,200809,1,"$96,791",10.9
AG08,29,G,17,14,G,0110,1,GS-14,J,XXXX,8,10,F,1,200809,1,"$107,077",23.8
AG08,29,J,17,13,G,0110,1,GS-13,I,XXXX,8,10,F,1,200809,1,"$93,207",23.4
AG08,29,G,17,14,G,0110,1,GS-14,J,XXXX,8,10,F,1,200809,1,"$104,018",21.9
AG08,29,B,13,07,A,0110,1,GS-07,C,XXXX,8,32,F,1,200809,1,"$36,822",0.5
AG08,29,C,13,13,D,0110,1,GS-13,H,XXXX,8,10,F,1,200809,1,"$80,259",5.3
AG08,29,C,07,13,D,0110,1,GS-13,G,XXXX,8,10,F,1,200809,1,"$77,670",8.7
AG08,29,E,17,13,D,0110,1,GS-13,H,XXXX,8,10,F,1,200809,1,"$85,438",6.0
AG08,11,I,21,14,F,0110,1,GS-14,K,XXXX,8,10,F,1,200809,1,"$117,639",19.5
AG08,29,G,13,13,G,0110,1,GS-13,I,XXXX,8,10,F,1,200809,1,"$93,207",21.6
AG10,11,H,13,14,E,0110,1,GS-14,K,XXXX,8,10,F,1,200809,1,"$111,104",13.3
AG10,11,F,17,14,D,0110,1,GS-14,J,XXXX,8,10,F,1,200809,1,"$104,569",5.8
AG10,11,H,17,14,G,0110,1,GS-14,K,XXXX,8,10,F,1,200809,1,"$114,372",20.3
AG10,11,B,,05,A,0119,3,GS-05,C,XXXX,8,42,F,2,200809,1,"$31,751",0.5
AG10,11,E,13,13,D,0110,1,GS-13,H,XXXX,8,10,F,1,200809,1,"$88,493",9.8
AG10,11,K,21,12,F,0110,1,GS-12,H,XXXX,8,10,F,1,200809,1,"$86,046",16.0
AG10,11,D,13,13,D,0110,1,GS-13,I,XXXX,8,10,F,1,200809,1,"$91,259",6.7
AG10,11,C,13,11,C,0110,1,GS-11,E,XXXX,8,32,F,1,200809,1,"$58,206",3.2
AG10,11,D,13,12,C,0110,1,GS-12,F,XXXX,8,10,F,1,200809,1,"$69,764",4.0
AG10,11,F,,13,B,0110,1,GS-13,H,XXXX,8,42,F,2,200809,1,"$82,961",2.7
AG10,11,G,18,14,F,0110,1,GS-14,L,XXXX,8,10,F,1,200809,1,"$124,175",19.7
AG10,11,I,17,13,I,0110,1,GS-13,J,XXXX,8,10,P,2,200809,1,"$107,854",32.2
AG10,11,B,13,11,A,0110,1,GS-11,E,XXXX,8,15,F,1,200809,1,"$58,206",0.1
AG10,11,E,17,13,D,0110,1,GS-13,H,XXXX,8,10,F,1,200809,1,"$85,727",6.4
AG10,11,C,13,11,B,0110,1,GS-11,E,XXXX,8,32,F,1,200809,1,"$58,206",2.4
AG10,11,I,17,14,F,0110,1,GS-14,K,XXXX,8,10,F,1,200809,1,"$111,104",19.6
AG10,11,E,17,13,E,0110,1,GS-13,I,XXXX,8,10,F,1,200809,1,"$99,557",10.6
AG10,11,J,17,13,F,0110,1,GS-13,J,XXXX,8,10,F,1,200809,1,"$107,854",16.8
AG10,11,D,17,14,D,0110,1,GS-14,J,XXXX,8,10,F,1,200809,1,"$107,836",9.9
AG10,11,H,13,12,D,0110,1,GS-12,G,XXXX,8,10,F,1,200809,1,"$72,090",6.6
AG10,11,D,17,13,D,0110,1,GS-13,H,XXXX,8,10,F,1,200809,1,"$85,727",6.8
AG10,11,C,17,11,C,0110,1,GS-11,F,XXXX,8,32,F,1,200809,1,"$64,027",3.5
AG10,11,F,17,13,E,0110,1,GS-13,J,XXXX,8,10,F,1,200809,1,"$102,323",11.5
AG10,11,D,,13,D,0110,1,GS-13,H,XXXX,8,40,F,2,200809,1,"$82,961",6.5
AG10,06,H,17,14,F,0110,1,GS-14,L,XXXX,8,10,F,1,200809,1,"$120,267",16.6
AG10,11,D,17,14,D,0110,1,GS-14,J,XXXX,8,10,F,1,200809,1,"$101,301",6.3
AG10,11,H,21,13,A,0110,1,GS-13,H,XXXX,8,15,F,1,200809,1,"$82,961",0.3
AG10,11,H,17,13,E,0110,1,GS-13,I,XXXX,8,10,F,1,200809,1,"$94,025",14.0
AG10,11,H,17,14,G,0110,1,GS-14,L,XXXX,8,10,F,1,200809,1,"$120,907",23.8
AG10,11,E,,14,E,0110,1,GS-14,I,XXXX,8,42,F,2,200809,1,"$98,033",10.5
AG10,11,C,17,11,B,0110,1,GS-11,E,XXXX,8,32,F,1,200809,1,"$58,206",1.5
AG10,11,E,13,11,D,0110,1,GS-11,F,XXXX,8,10,F,1,200809,1,"$60,146",8.3
AG10,11,E,13,13,E,0110,1,GS-13,H,XXXX,8,15,F,1,200809,1,"$85,727",11.4
AG10,11,C,13,12,C,0110,1,GS-12,G,XXXX,8,10,F,1,200809,1,"$72,090",4.1
AG10,11,E,17,11,C,0110,1,GS-11,F,XXXX,8,32,F,1,200809,1,"$60,146",3.6
AG10,11,D,17,11,C,0110,1,GS-11,E,XXXX,8,32,F,1,200809,1,"$58,206",3.3
AG10,11,G,17,13,F,0110,1,GS-13,J,XXXX,8,10,F,1,200809,1,"$107,854",19.3
AG10,11,C,17,11,B,0110,1,GS-11,E,XXXX,8,32,F,1,200809,1,"$58,206",1.7
AG10,11,C,13,09,D,0110,1,GS-09,D,XXXX,8,32,F,1,200809,1,"$49,712",5.3
AG10,11,F,13,14,G,0110,1,GS-14,L,XXXX,8,10,S,2,200809,1,"$120,907",21.1
AG10,11,D,12,13,D,0110,1,GS-13,H,XXXX,8,15,F,1,200809,1,"$85,727",5.5
AG10,11,D,17,12,C,0110,1,GS-12,F,XXXX,8,15,F,1,200809,1,"$69,764",4.5
AG10,11,F,17,13,F,0110,1,GS-13,I,XXXX,8,10,F,1,200809,1,"$96,791",16.2
AG10,11,I,17,13,H,0110,1,GS-13,I,XXXX,8,10,F,1,200809,1,"$99,557",27.8
AG10,11,I,21,13,D,0110,1,GS-13,I,XXXX,8,10,F,1,200809,1,"$94,025",8.9
AG10,11,J,17,13,I,0110,1,GS-13,J,XXXX,8,10,F,1,200809,1,"$107,854",30.2
AG10,11,E,13,13,E,0110,1,GS-13,I,XXXX,8,10,F,1,200809,1,"$94,025",14.6
AG10,11,F,17,12,G,0110,1,GS-12,H,XXXX,8,10,F,1,200809,1,"$86,046",21.0
AG10,11,E,17,13,D,0110,1,GS-13,I,XXXX,8,10,F,1,200809,1,"$99,557",9.5
AG10,11,E,13,13,D,0110,1,GS-13,H,XXXX,8,10,P,2,200809,1,"$82,961",5.9
AG10,11,G,13,13,G,0110,1,GS-13,J,XXXX,8,10,P,2,200809,1,"$107,854",22.5
AG10,11,G,17,14,G,0110,1,GS-14,L,XXXX,8,10,F,1,200809,1,"$120,907",23.5
AG10,11,H,17,13,F,0110,1,GS-13,J,XXXX,8,10,F,1,200809,1,"$107,854",17.3
AG10,11,F,13,13,C,0110,1,GS-13,H,XXXX,8,10,F,1,200809,1,"$85,727",4.8
AG10,11,E,13,13,E,0110,1,GS-13,H,XXXX,8,10,F,1,200809,1,"$88,493",10.3
AG10,11,C,17,12,C,0110,1,GS-12,F,XXXX,8,15,F,1,200809,1,"$69,764",3.4
AG10,11,D,13,13,D,0110,1,GS-13,I,XXXX,8,10,F,1,200809,1,"$91,259",6.5
AG10,11,D,13,14,D,0110,1,GS-14,J,XXXX,8,10,F,1,200809,1,"$101,301",9.3
AG10,11,F,17,13,E,0110,1,GS-13,I,XXXX,8,10,F,1,200809,1,"$91,259",13.1
AG10,11,C,17,12,C,0110,1,GS-12,G,XXXX,8,10,F,1,200809,1,"$74,416",3.8
AG10,11,J,13,13,J,0110,1,GS-13,J,XXXX,8,10,F,1,200809,1,"$107,854",38.6
AG10,11,C,13,09,B,0110,1,GS-09,D,XXXX,8,32,F,1,200809,1,"$48,108",1.5
AG10,11,D,13,13,C,0110,1,GS-13,H,XXXX,8,10,F,1,200809,1,"$82,961",4.3
AG10,11,D,17,12,D,0110,1,GS-12,F,XXXX,8,15,F,1,200809,1,"$69,764",9.1
AG10,11,E,13,14,E,0110,1,GS-14,J,XXXX,8,10,F,1,200809,1,"$107,836",13.9
AG10,11,E,,13,E,0110,1,GS-13,H,XXXX,8,42,F,2,200809,1,"$88,493",10.7
AG10,11,H,17,14,F,0110,1,GS-14,L,XXXX,8,10,F,1,200809,1,"$127,442",19.9
AG10,11,G,17,14,G,0110,1,GS-14,L,XXXX,8,10,F,1,200809,1,"$127,442",20.9
AG10,11,D,17,11,C,0110,1,GS-11,E,XXXX,8,15,F,1,200809,1,"$58,206",4.1
AG10,11,C,13,11,B,0110,1,GS-11,F,XXXX,8,32,F,1,200809,1,"$60,146",1.6
AG10,11,H,13,13,D,0110,1,GS-13,I,XXXX,8,10,F,1,200809,1,"$91,259",7.9
AG10,11,G,13,13,D,0110,1,GS-13,I,XXXX,8,10,F,1,200809,1,"$99,557",9.8
AG11,55,I,17,13,I,0110,1,GS-13,I,XXXX,8,10,F,1,200809,1,"$90,618",34.3
AG11,54,I,21,14,H,0110,1,GM-14,K,XXXX,4,10,F,1,200809,1,"$119,314",27.7
AG11,30,I,,11,E,0110,1,GS-11,F,XXXX,8,20,F,2,200809,1,"$63,577",13.2
AG11,41,I,01,09,J,0110,1,GS-09,F,XXXX,8,10,F,1,200809,1,"$61,423",38.9
AG11,06,J,18,12,J,0110,1,GS-12,I,XXXX,8,10,F,1,200809,1,"$93,976",41.0
AG11,08,H,21,14,G,0110,1,GS-14,K,XXXX,8,10,F,1,200809,1,"$117,776",22.1
AG11,30,D,17,11,D,0110,1,GS-11,E,XXXX,8,32,F,1,200809,1,"$58,127",7.8
AG11,55,B,,04,A,0119,3,GS-04,B,XXXX,8,42,F,2,200809,1,"$26,569",0.3
AG11,08,J,21,15,J,0110,1,GS-15,N,XXXX,2,10,F,1,200809,1,"$149,000",37.7
AG11,06,J,20,14,H,0110,1,GS-14,L,XXXX,8,10,F,1,200809,1,"$121,892",28.7
AG11,30,H,17,13,H,0110,1,GS-13,I,XXXX,8,10,F,1,200809,1,"$90,618",25.4
AG11,**,H,14,13,G,0110,1,GS-13,I,XXXX,8,10,F,1,200809,1,"$96,205",21.8
AG11,02,H,17,13,G,0110,1,GS-13,H,XXXX,8,38,F,1,200809,1,"$82,353",22.3
AG11,41,I,21,13,I,0110,1,GS-13,I,XXXX,8,10,F,1,200809,1,"$97,769",30.1
AG11,49,F,21,12,E,0110,1,GS-12,H,XXXX,8,10,F,1,200809,1,"$84,913",10.9
AG11,08,C,,09,B,0110,1,GS-09,D,XXXX,8,42,P,2,200809,1,"$48,164",2.3
AG11,08,G,17,14,E,0110,1,GS-14,K,XXXX,8,10,F,1,200809,1,"$111,233",14.1
AG11,**,C,,05,A,0119,3,GS-05,C,XXXX,8,42,P,2,200809,1,"$30,682",0.3
AG11,41,J,16,13,I,0110,1,GM-13,J,XXXX,5,10,F,1,200809,1,"$103,202",30.6
AG11,51,H,21,15,G,0110,1,GS-15,N,XXXX,8,10,F,1,200809,1,"$146,071",24.5
AG11,02,E,21,12,C,0110,1,GS-12,F,XXXX,8,15,F,1,200809,1,"$63,481",3.3
AG11,41,C,,09,A,0110,1,GS-09,D,XXXX,8,42,P,2,200809,1,"$45,040",0.2
AG11,41,D,,09,A,0110,1,GS-09,D,XXXX,8,42,F,2,200809,1,"$45,040",0.3
AG11,11,H,17,15,I,0110,1,GM-15,N,XXXX,5,10,F,1,200809,1,"$149,000",30.0
AG11,41,D,,12,C,0110,1,GS-12,F,XXXX,8,48,F,2,200809,1,"$67,493",3.0
AG11,55,J,17,14,I,0110,1,GS-14,K,XXXX,8,10,F,1,200809,1,"$119,314",30.8
AG11,**,H,17,14,F,0110,1,GS-14,J,XXXX,8,10,F,1,200809,1,"$107,363",16.3
AG11,30,G,17,13,E,0110,1,GS-13,H,XXXX,8,10,F,1,200809,1,"$82,849",11.1
AG11,**,E,21,12,C,0110,1,GS-12,G,XXXX,8,32,F,1,200809,1,"$74,159",4.5
AG11,55,I,13,13,J,0110,1,GM-13,J,XXXX,5,10,F,1,200809,1,"$104,143",35.8
AG11,**,B,,05,A,0119,3,GS-05,C,XXXX,8,42,F,2,200809,1,"$30,682",0.3
AG11,08,E,,09,A,0110,1,GS-09,D,XXXX,8,42,F,2,200809,1,"$48,164",0.5
AG11,55,H,21,12,D,0110,1,GS-12,G,XXXX,8,10,F,1,200809,1,"$74,025",7.5
AG11,02,G,21,12,E,0110,1,GS-12,F,XXXX,8,10,F,1,200809,1,"$63,481",10.0
AG15,11,F,13,14,F,0110,1,GS-14,K,XXXX,8,10,F,1,200809,1,"$114,372",16.0
AG16,30,I,17,12,J,0110,1,GS-12,H,XXXX,8,10,F,1,200809,1,"$84,913",36.3
AG16,51,H,17,12,H,0110,1,GS-12,H,XXXX,8,10,F,1,200809,1,"$86,579",27.6
AG16,13,G,17,12,F,0110,1,GS-12,H,XXXX,8,10,F,1,200809,1,"$82,736",19.3
AG16,48,H,17,12,I,0110,1,GS-12,H,XXXX,8,10,F,1,200809,1,"$84,913",32.0
AG16,05,I,17,14,J,0110,1,GS-14,J,XXXX,8,10,F,1,200809,1,"$107,077",35.2
AG16,36,H,17,12,H,0110,1,GS-12,H,XXXX,2,10,F,1,200809,1,"$84,913",25.9
AG16,11,I,21,14,G,0110,1,GS-14,L,XXXX,8,10,F,1,200809,1,"$127,442",24.0
AG16,27,D,17,12,D,0110,1,GS-12,G,XXXX,8,10,F,1,200809,1,"$78,113",6.1
AG16,41,F,21,12,B,0110,1,GS-12,F,XXXX,8,15,F,1,200809,1,"$68,512",2.6
AG16,31,C,09,12,D,0110,1,GS-12,F,XXXX,8,10,F,1,200809,1,"$67,493",5.8
AG16,23,E,13,12,F,0110,1,GS-12,G,XXXX,8,10,F,1,200809,1,"$78,381",16.3
AG16,11,E,17,15,D,0110,1,GS-15,K,XXXX,8,10,F,1,200809,1,"$115,317",9.8
AG16,20,F,16,12,F,0110,1,GS-12,H,XXXX,8,10,F,1,200809,1,"$80,558",15.1
AG16,26,I,17,12,G,0110,1,GS-12,H,XXXX,8,10,F,1,200809,1,"$80,558",20.1
AG16,46,G,13,12,G,0110,1,GS-12,G,XXXX,8,10,F,1,200809,1,"$78,381",20.1
AG16,49,G,17,12,D,0110,1,GS-12,G,XXXX,8,10,F,1,200809,1,"$74,025",5.1
AG16,11,I,21,,I,0110,1,ES-**,P,XXXX,2,50,F,1,200809,1,"$169,887",34.0
AG16,48,H,17,14,H,0110,1,GS-14,K,XXXX,8,10,F,1,200809,1,"$115,547",27.2
AG16,38,G,13,12,G,0110,1,GS-12,H,XXXX,8,10,F,1,200809,1,"$80,558",24.3
AG16,41,G,17,14,G,0110,1,GS-14,I,XXXX,8,10,F,1,200809,1,"$99,483",20.5
AG16,28,E,13,12,E,0110,1,GS-12,G,XXXX,8,10,F,1,200809,1,"$71,848",13.9
AG16,22,H,17,12,G,0110,1,GS-12,H,XXXX,8,10,F,1,200809,1,"$84,913",21.5
AG16,11,E,13,14,E,0110,1,GS-14,J,XXXX,8,10,F,1,200809,1,"$104,569",13.7
AG16,15,H,13,12,H,0110,1,GS-12,G,XXXX,2,10,F,1,200809,1,"$71,177",28.0
AG16,44,E,17,12,C,0110,1,GS-12,G,XXXX,8,10,F,1,200809,1,"$75,413",3.9
AG16,16,I,13,12,H,0110,1,GS-12,H,XXXX,8,10,F,1,200809,1,"$84,913",26.8
AG16,54,G,17,12,F,0110,1,GS-12,G,XXXX,8,10,F,1,200809,1,"$78,381",17.5
AG16,12,E,13,12,E,0110,1,GS-12,G,XXXX,8,10,F,1,200809,1,"$74,025",10.1
AG16,40,F,10,12,F,0110,1,GS-12,H,XXXX,8,10,F,1,200809,1,"$82,736",18.8
AG16,11,H,21,15,G,0110,1,GS-15,M,XXXX,8,10,F,1,200809,1,"$130,694",21.8
AG16,11,G,17,14,F,0110,1,GS-14,J,XXXX,8,10,F,1,200809,1,"$107,836",18.8
AG16,05,F,11,12,G,0110,1,GS-12,G,XXXX,8,10,F,1,200809,1,"$78,381",21.8
AG16,47,E,13,12,F,0110,1,GS-12,G,XXXX,8,10,F,1,200809,1,"$78,381",17.9
AG16,24,H,17,15,G,0110,1,GS-15,M,XXXX,8,10,F,1,200809,1,"$130,694",21.1
AG16,29,D,17,12,D,0110,1,GS-12,G,XXXX,8,10,F,1,200809,1,"$71,848",6.2
AG16,48,H,21,14,G,0110,1,GS-14,K,XXXX,8,10,F,1,200809,1,"$113,196",20.8
AG16,11,G,17,14,G,0110,1,GS-14,K,XXXX,8,10,F,1,200809,1,"$114,372",24.6
AG16,34,K,17,12,J,0110,1,GS-12,I,XXXX,8,10,F,1,200809,1,"$94,802",41.8
AG16,37,J,21,14,F,0110,1,GS-14,J,XXXX,8,10,F,1,200809,1,"$100,959",17.0
AG16,11,I,18,15,I,0110,1,GS-15,M,XXXX,8,10,F,1,200809,1,"$138,383",32.8
AG16,10,I,17,12,I,0110,1,GS-12,I,XXXX,8,10,F,1,200809,1,"$90,135",30.8
AG16,40,C,11,11,D,0110,1,GS-11,E,XXXX,8,10,F,1,200809,1,"$58,127",6.3
AG16,19,G,13,12,G,0110,1,GS-12,H,XXXX,8,10,F,1,200809,1,"$80,558",20.9
AG18,11,C,,07,A,0110,1,GS-07,C,XXXX,8,42,F,2,200809,1,"$39,330",0.3
AG18,11,I,17,15,I,0110,1,GM-15,N,XXXX,5,10,F,1,200809,1,"$149,000",33.1
AG18,11,I,17,15,I,0110,1,GS-15,M,XXXX,2,10,F,1,200809,1,"$134,538",32.3
AG18,11,C,,11,A,0110,1,GS-11,E,XXXX,8,42,P,2,200809,1,"$58,206",0.3
AG18,11,H,17,14,H,0110,1,GS-14,L,XXXX,8,10,F,1,200809,1,"$124,175",28.0
AG18,11,H,17,13,G,0110,1,GS-13,J,XXXX,8,10,F,1,200809,1,"$102,323",23.0
AG18,11,H,21,,A,0110,1,ES-**,O,XXXX,2,50,F,1,200809,1,"$158,500",0.1
AG18,11,I,18,15,I,0110,1,GM-15,N,XXXX,5,10,F,1,200809,1,"$149,000",31.2
AG18,11,E,21,13,D,0110,1,GS-13,I,XXXX,8,10,F,1,200809,1,"$94,025",7.4
AG18,11,I,17,13,H,0110,1,GS-13,J,XXXX,8,10,F,1,200809,1,"$107,854",25.1
AG18,11,G,21,14,E,0110,1,GS-14,K,XXXX,8,10,F,1,200809,1,"$111,104",10.0
AG18,11,H,13,13,H,0110,1,GM-13,J,XXXX,5,10,F,1,200809,1,"$105,088",28.7
AG18,11,J,21,15,I,0110,1,GS-15,M,XXXX,8,10,F,1,200809,1,"$138,383",31.6
AG18,11,K,21,15,J,0110,1,GS-15,N,XXXX,8,10,F,1,200809,1,"$149,000",39.9
AG18,11,I,17,15,I,0110,1,GS-15,M,XXXX,8,10,F,1,200809,1,"$134,538",30.7
AG18,11,I,21,15,G,0110,1,GS-15,N,XXXX,8,10,F,1,200809,1,"$142,227",23.8
AG18,11,J,21,15,G,0110,1,GM-15,N,XXXX,5,10,F,1,200809,1,"$149,000",24.9
AG18,11,K,21,13,J,0110,1,GM-13,J,XXXX,5,10,F,1,200809,1,"$107,854",35.8
AG18,11,I,21,15,F,0110,1,GS-15,N,XXXX,2,10,F,1,200809,1,"$149,000",19.2
AG18,11,C,18,09,B,0110,1,GS-09,E,XXXX,8,15,F,1,200809,1,"$56,129",1.1
AG18,11,H,21,15,G,0110,1,GS-15,M,XXXX,8,10,F,1,200809,1,"$138,383",24.8
AG18,11,I,13,13,I,0110,1,GS-13,J,XXXX,8,10,F,1,200809,1,"$102,323",30.9
AG18,11,I,21,15,F,0110,1,GS-15,N,XXXX,8,10,F,1,200809,1,"$142,227",16.7
AG18,11,D,18,12,B,0110,1,GS-12,F,XXXX,8,15,F,1,200809,1,"$69,764",1.9
AG18,11,D,,11,A,0110,1,GS-11,E,XXXX,8,42,F,2,200809,1,"$58,206",0.3
AG18,11,H,21,14,F,0110,1,GS-14,K,XXXX,8,10,F,1,200809,1,"$114,372",16.0
AG18,11,I,17,14,H,0110,1,GS-14,K,XXXX,8,10,F,1,200809,1,"$114,372",28.7
AG18,11,I,17,13,H,0110,1,GM-13,J,XXXX,5,10,F,1,200809,1,"$107,854",28.8
AG18,11,G,17,15,G,0110,1,GS-15,N,XXXX,8,10,F,1,200809,1,"$149,000",23.0
AG18,11,I,17,15,G,0110,1,GS-15,N,XXXX,2,10,F,1,200809,1,"$142,227",24.7
AG18,11,D,21,12,D,0110,1,GS-12,G,XXXX,8,10,P,2,200809,1,"$79,068",5.1
AG18,11,J,21,15,I,0110,1,GS-15,N,XXXX,8,10,F,1,200809,1,"$146,071",34.0
AG18,11,F,17,14,F,0110,1,GS-14,L,XXXX,2,10,F,1,200809,1,"$120,907",16.3
AG18,11,I,13,13,I,0110,1,GS-13,J,XXXX,8,10,F,1,200809,1,"$107,854",33.6
AG18,11,I,17,15,I,0110,1,GS-15,N,XXXX,8,10,F,1,200809,1,"$149,000",31.5
AG18,11,G,21,14,E,0110,1,GS-14,L,XXXX,8,10,F,1,200809,1,"$120,907",14.4
AG18,11,I,21,14,G,0110,1,GS-14,K,XXXX,8,10,F,1,200809,1,"$117,639",20.3
AG18,11,H,21,14,H,0110,1,GS-14,K,XXXX,8,10,F,1,200809,1,"$117,639",25.6
AG18,11,G,13,13,H,0110,1,GM-13,J,XXXX,5,10,P,2,200809,1,"$105,088",25.2
AG18,11,H,17,14,H,0110,1,GS-14,K,XXXX,8,10,F,1,200809,1,"$117,639",26.0
AG18,11,K,21,14,J,0110,1,GS-14,L,XXXX,8,10,F,1,200809,1,"$124,175",36.8
AG18,11,I,21,14,D,0110,1,GS-14,L,XXXX,8,10,F,1,200809,1,"$120,907",9.9
AG18,11,E,,12,A,0110,1,GS-12,G,XXXX,8,42,F,2,200809,1,"$79,068",0.2
AG18,11,F,18,13,C,0110,1,GS-13,I,XXXX,8,15,P,2,200809,1,"$91,259",3.7
AG18,11,H,21,13,G,0110,1,GM-13,J,XXXX,5,10,F,1,200809,1,"$105,088",22.3
AG18,11,D,,11,A,0110,1,GS-11,E,XXXX,8,42,F,2,200809,1,"$58,206",0.2
AG18,11,G,22,12,A,0110,1,GS-12,G,XXXX,8,15,F,1,200809,1,"$79,068",0.5
AG18,11,J,17,15,I,0110,1,GM-15,N,XXXX,5,10,F,1,200809,1,"$149,000",33.6
AG18,11,H,17,13,I,0110,1,GM-13,J,XXXX,5,10,F,1,200809,1,"$107,854",31.6
AG18,11,I,21,,H,0110,1,ES-**,Q,XXXX,2,50,F,1,200809,1,"$172,200",26.5
AG18,11,H,13,13,H,0110,1,GS-13,J,XXXX,8,10,P,2,200809,1,"$107,854",27.8
AG18,11,F,20,13,D,0110,1,GS-13,I,XXXX,8,10,P,2,200809,1,"$99,557",8.2
AG18,11,G,14,14,G,0110,1,GS-14,K,XXXX,8,10,F,1,200809,1,"$114,372",23.5
AG18,11,G,17,13,F,0110,1,GM-13,J,XXXX,5,10,F,1,200809,1,"$105,088",17.8
AG18,11,D,17,12,C,0110,1,GS-12,G,XXXX,8,15,F,1,200809,1,"$74,416",4.0
AG18,11,I,21,14,F,0110,1,GS-14,L,XXXX,8,10,P,2,200809,1,"$120,907",19.2
AG18,11,I,21,14,G,0110,1,GS-14,K,XXXX,8,10,F,1,200809,1,"$117,639",22.3
AG18,11,D,13,07,B,0110,1,GS-07,C,XXXX,8,38,F,1,200809,1,"$39,330",1.3
AG18,11,K,21,14,F,0110,1,GS-14,L,XXXX,8,10,F,1,200809,1,"$127,442",17.3
AG18,11,G,21,15,D,0110,1,GS-15,M,XXXX,2,10,F,1,200809,1,"$130,694",9.3
AG18,11,H,21,14,H,0110,1,GS-14,K,XXXX,8,10,F,1,200809,1,"$117,639",25.0
AG18,11,I,21,13,A,0110,1,GS-13,H,XXXX,8,15,P,2,200809,1,"$82,961",0.2
AG18,11,H,21,14,H,0110,1,GM-14,L,XXXX,5,10,F,1,200809,1,"$127,442",29.1
AG18,11,H,17,15,H,0110,1,GS-15,M,XXXX,8,10,F,1,200809,1,"$134,538",28.4
AG18,11,G,21,13,C,0110,1,GS-13,I,XXXX,8,10,F,1,200809,1,"$91,259",4.1
AG18,11,J,21,14,F,0110,1,GS-14,K,XXXX,8,10,F,1,200809,1,"$117,639",19.7
AG18,11,J,20,13,G,0110,1,GM-13,J,XXXX,5,10,F,1,200809,1,"$106,485",21.1
AG18,11,F,17,14,F,0110,1,GS-14,K,XXXX,8,10,F,1,200809,1,"$117,639",19.6
AG18,11,I,18,13,I,0110,1,GM-13,J,XXXX,5,10,F,1,200809,1,"$107,854",30.3
AG18,11,H,17,15,H,0110,1,GS-15,M,XXXX,8,10,F,1,200809,1,"$138,383",28.1
AG18,11,H,17,14,H,0110,1,GS-14,K,XXXX,8,10,F,1,200809,1,"$117,639",28.6
AG18,11,E,21,14,D,0110,1,GS-14,J,XXXX,8,10,P,2,200809,1,"$107,836",8.9
AG18,11,K,21,15,I,0110,1,GM-15,N,XXXX,5,10,F,1,200809,1,"$149,000",30.3
AG18,11,F,17,14,D,0110,1,GS-14,K,XXXX,8,10,F,1,200809,1,"$111,104",9.7
AG18,11,J,21,13,I,0110,1,GM-13,J,XXXX,5,10,F,1,200809,1,"$107,854",32.8
AG18,11,H,21,14,G,0110,1,GS-14,K,XXXX,8,10,F,1,200809,1,"$117,639",20.1
AG18,11,H,17,14,H,0110,1,GS-14,L,XXXX,8,10,F,1,200809,1,"$127,442",27.7
AG18,11,H,17,13,G,0110,1,GS-13,I,XXXX,8,10,F,1,200809,1,"$99,557",24.0
AG18,11,E,21,13,D,0110,1,GS-13,I,XXXX,8,10,F,1,200809,1,"$91,259",6.3
AG18,11,J,21,15,F,0110,1,GS-15,N,XXXX,8,10,F,1,200809,1,"$142,227",17.6
AG18,11,G,21,13,D,0110,1,GS-13,J,XXXX,8,10,F,1,200809,1,"$102,323",7.5
AG18,11,G,17,14,E,0110,1,GS-14,J,XXXX,8,10,P,2,200809,1,"$104,569",14.5
AG18,11,J,17,14,H,0110,1,GS-14,L,XXXX,8,10,F,1,200809,1,"$124,175",28.5
AG18,11,H,17,13,G,0110,1,GS-13,I,XXXX,8,10,F,1,200809,1,"$96,791",23.8
AG18,11,G,17,14,G,0110,1,GS-14,K,XXXX,8,10,F,1,200809,1,"$117,639",24.6
AG18,11,C,21,12,A,0110,1,GS-12,G,XXXX,8,15,F,1,200809,1,"$79,068",0.1
AG18,11,B,14,09,B,0110,1,GS-09,E,XXXX,8,15,F,1,200809,1,"$54,525",1.4
AG18,11,G,21,14,F,0110,1,GS-14,K,XXXX,8,10,F,1,200809,1,"$117,639",18.6
AG18,11,H,17,13,I,0110,1,GM-13,J,XXXX,5,10,F,1,200809,1,"$107,854",31.4
AG18,11,H,17,15,H,0110,1,GS-15,M,XXXX,8,10,F,1,200809,1,"$134,538",25.5
AG18,11,H,21,14,F,0110,1,GS-14,K,XXXX,8,10,P,2,200809,1,"$114,372",15.9
AG18,11,C,17,11,A,0110,1,GS-11,F,XXXX,8,15,F,1,200809,1,"$65,967",0.2
AG18,11,G,21,14,F,0110,1,GS-14,L,XXXX,8,10,F,1,200809,1,"$124,175",19.9
AG18,11,H,17,15,H,0110,1,GM-15,N,XXXX,5,10,F,1,200809,1,"$148,165",28.2
AG18,11,I,21,14,F,0110,1,GS-14,L,XXXX,8,10,F,1,200809,1,"$127,442",17.3
AG18,11,I,21,15,H,0110,1,GS-15,N,XXXX,8,10,F,1,200809,1,"$149,000",29.2
AG18,11,K,21,13,F,0110,1,GM-13,J,XXXX,5,10,F,1,200809,1,"$107,854",17.3
AG18,11,F,17,13,D,0110,1,GS-13,I,XXXX,8,10,F,1,200809,1,"$94,025",6.7
AG18,11,E,22,12,A,0110,1,GS-12,G,XXXX,8,15,F,1,200809,1,"$79,068",0.1
AG18,11,K,21,15,J,0110,1,GS-15,N,XXXX,8,10,F,1,200809,1,"$146,071",38.7
AG18,11,H,21,14,G,0110,1,GS-14,K,XXXX,8,10,F,1,200809,1,"$117,639",21.3
AG18,11,C,17,09,A,0110,1,GS-09,E,XXXX,8,15,F,1,200809,1,"$54,525",0.1
AG18,11,C,17,09,A,0110,1,GS-09,E,XXXX,8,15,F,1,200809,1,"$54,525",0.3
AG18,11,G,21,15,F,0110,1,GS-15,L,XXXX,8,10,F,1,200809,1,"$126,850",17.8
AG18,11,E,21,14,D,0110,1,GS-14,J,XXXX,8,10,F,1,200809,1,"$107,836",7.3
AG18,11,F,21,13,D,0110,1,GS-13,I,XXXX,8,10,F,1,200809,1,"$91,259",6.1
AG18,11,G,22,15,E,0110,1,GS-15,M,XXXX,2,10,F,1,200809,1,"$138,383",11.7
AG18,11,I,18,14,H,0110,1,GS-14,K,XXXX,8,10,F,1,200809,1,"$117,639",26.0
AG18,11,H,17,15,I,0110,1,GS-15,N,XXXX,8,10,F,1,200809,1,"$149,000",30.3
AG18,11,I,21,14,F,0110,1,GS-14,K,XXXX,8,10,F,1,200809,1,"$111,104",19.3
AG18,11,I,18,14,I,0110,1,GS-14,L,XXXX,8,10,F,1,200809,1,"$124,175",31.8
AG18,11,K,21,15,H,0110,1,GS-15,N,XXXX,8,10,F,1,200809,1,"$146,071",29.1
AG18,AS,H,17,15,H,0110,1,GS-15,J,XXXX,8,10,F,1,200809,1,"$108,110",26.6
AG18,11,H,21,14,G,0110,1,GS-14,L,XXXX,8,10,F,1,200809,1,"$120,907",21.9
AG18,11,K,21,15,J,0110,1,GM-15,N,XXXX,5,10,F,1,200809,1,"$149,000",38.8
AG18,11,H,21,14,F,0110,1,GS-14,K,XXXX,8,10,F,1,200809,1,"$117,639",19.0
AG18,11,C,17,09,A,0110,1,GS-09,E,XXXX,8,30,F,1,200809,1,"$54,525",0.3
AG18,11,I,21,14,C,0110,1,GS-14,K,XXXX,8,10,F,1,200809,1,"$114,372",3.2
AG18,11,D,21,12,B,0110,1,GS-12,G,XXXX,8,15,F,1,200809,1,"$79,068",1.0
AG18,11,H,21,,E,0110,1,ES-**,O,XXXX,2,50,F,1,200809,1,"$155,569",14.4
AG18,11,I,21,13,H,0110,1,GM-13,J,XXXX,5,10,F,1,200809,1,"$107,854",29.1
AG18,11,I,14,13,G,0110,1,GS-13,I,XXXX,8,10,F,1,200809,1,"$96,791",23.0
AG18,11,J,21,15,H,0110,1,GS-15,N,XXXX,8,10,F,1,200809,1,"$142,227",29.1
AG18,11,K,21,13,F,0110,1,GM-13,J,XXXX,5,10,F,1,200809,1,"$107,854",18.0
AG18,11,H,21,15,F,0110,1,GS-15,M,XXXX,2,10,F,1,200809,1,"$138,383",15.0
AG18,11,I,21,14,G,0110,1,GM-14,L,XXXX,5,10,F,1,200809,1,"$124,175",21.3
AG18,11,E,21,13,D,0110,1,GS-13,I,XXXX,8,15,F,1,200809,1,"$91,259",5.0
AG18,11,J,21,13,H,0110,1,GM-13,J,XXXX,5,10,F,1,200809,1,"$107,854",28.2
AG18,11,K,21,15,J,0110,1,GS-15,M,XXXX,8,10,F,1,200809,1,"$138,383",38.3
AG18,11,G,21,14,F,0110,1,GS-14,L,XXXX,8,10,F,1,200809,1,"$120,907",19.2
AG18,11,H,21,15,D,0110,1,GS-15,M,XXXX,2,10,F,1,200809,1,"$138,383",8.5
AG18,11,K,21,13,G,0110,1,GS-13,J,XXXX,8,10,F,1,200809,1,"$107,854",23.7
AG18,11,J,21,13,I,0110,1,GM-13,J,XXXX,5,10,F,1,200809,1,"$107,854",30.2
AG18,11,I,21,15,G,0110,1,GS-15,N,XXXX,8,10,F,1,200809,1,"$142,227",24.3
AG18,11,C,,11,A,0110,1,GS-11,E,XXXX,8,42,F,2,200809,1,"$58,206",0.3
AG18,11,K,21,14,I,0110,1,GM-14,L,XXXX,5,10,F,1,200809,1,"$126,118",33.5
AG18,11,J,17,12,I,0110,1,GS-12,I,XXXX,8,10,F,1,200809,1,"$90,698",31.2
AG18,11,F,21,13,D,0110,1,GS-13,I,XXXX,8,10,F,1,200809,1,"$96,791",9.6
AG18,11,I,21,15,H,0110,1,GS-15,N,XXXX,2,10,F,1,200809,1,"$149,000",27.7
AG18,11,K,18,13,J,0110,1,GS-13,J,XXXX,8,10,F,1,200809,1,"$105,088",44.8
AG18,11,D,21,12,B,0110,1,GS-12,G,XXXX,8,15,F,1,200809,1,"$79,068",1.2
AG18,11,I,21,14,H,0110,1,GM-14,L,XXXX,5,10,F,1,200809,1,"$127,442",29.0
AG18,11,G,21,14,E,0110,1,GS-14,K,XXXX,8,10,F,1,200809,1,"$117,639",12.0
AG18,11,C,17,09,B,0110,1,GS-09,E,XXXX,8,15,F,1,200809,1,"$54,525",2.3
AG18,11,H,21,15,G,0110,1,GS-15,M,XXXX,8,10,F,1,200809,1,"$138,383",20.3
AG18,11,J,21,15,I,0110,1,GS-15,M,XXXX,8,10,F,1,200809,1,"$138,383",34.4
AG18,11,I,21,15,I,0110,1,GM-15,N,XXXX,2,10,F,1,200809,1,"$149,000",32.0
AG18,11,J,21,13,H,0110,1,GS-13,J,XXXX,8,10,F,1,200809,1,"$105,088",28.0
AG18,11,E,17,13,D,0110,1,GS-13,I,XXXX,8,10,F,1,200809,1,"$94,025",5.1
AG18,11,C,17,09,B,0110,1,GS-09,E,XXXX,8,15,F,1,200809,1,"$54,525",1.4
AG18,11,G,17,15,E,0110,1,GS-15,L,XXXX,8,10,F,1,200809,1,"$126,850",13.3
AG18,11,J,18,13,I,0110,1,GS-13,J,XXXX,8,10,F,1,200809,1,"$107,854",33.8
AG18,11,G,21,14,E,0110,1,GS-14,K,XXXX,8,10,F,1,200809,1,"$117,639",10.9
AG18,11,F,17,13,F,0110,1,GS-13,I,XXXX,8,10,P,2,200809,1,"$99,557",18.6
AG18,11,J,21,15,H,0110,1,GM-15,N,XXXX,5,10,F,1,200809,1,"$149,000",28.1
AG18,11,H,21,13,F,0110,1,GS-13,J,XXXX,8,10,F,1,200809,1,"$102,323",17.9
AG18,11,I,17,15,H,0110,1,GS-15,M,XXXX,8,10,F,1,200809,1,"$138,383",28.3
AG18,11,G,20,15,D,0110,1,GS-15,L,XXXX,8,10,F,1,200809,1,"$126,850",8.0
AG18,11,J,21,14,H,0110,1,GS-14,L,XXXX,8,10,F,1,200809,1,"$120,907",26.3
AG18,11,E,22,14,D,0110,1,GS-14,J,XXXX,8,15,F,1,200809,1,"$107,836",6.2
AG18,11,K,18,13,I,0110,1,GS-13,J,XXXX,8,10,F,1,200809,1,"$105,088",32.2
AG18,11,J,21,15,G,0110,1,GS-15,N,XXXX,8,10,F,1,200809,1,"$149,000",24.9
AG18,11,I,21,14,F,0110,1,GS-14,K,XXXX,8,10,F,1,200809,1,"$114,372",18.9
AG18,11,I,21,15,F,0110,1,GS-15,M,XXXX,2,10,F,1,200809,1,"$138,383",18.6
AG18,11,C,,11,A,0110,1,GS-11,E,XXXX,8,42,F,2,200809,1,"$58,206",0.1
AG18,11,K,21,14,J,0110,1,GS-14,L,XXXX,8,10,F,1,200809,1,"$127,442",38.3
AG18,11,I,21,15,G,0110,1,GS-15,M,XXXX,2,10,F,1,200809,1,"$138,383",22.8
AG18,11,G,21,14,F,0110,1,GS-14,K,XXXX,8,10,F,1,200809,1,"$114,372",16.0
AG18,11,J,22,14,I,0110,1,GM-14,L,XXXX,5,10,F,1,200809,1,"$127,442",33.8
AG18,11,H,18,15,G,0110,1,GS-15,M,XXXX,8,10,F,1,200809,1,"$134,538",24.6
AG18,11,C,21,12,B,0110,1,GS-12,G,XXXX,8,15,F,1,200809,1,"$79,068",1.0
AG18,11,G,22,13,D,0110,1,GS-13,J,XXXX,8,10,F,1,200809,1,"$107,854",8.2
AG18,11,I,21,14,G,0110,1,GS-14,K,XXXX,8,10,F,1,200809,1,"$117,639",23.3
AG18,11,G,17,14,G,0110,1,GS-14,K,XXXX,8,10,F,1,200809,1,"$117,639",23.5
AG18,11,I,17,13,H,0110,1,GM-13,J,XXXX,5,10,F,1,200809,1,"$107,854",25.5
AG18,11,H,21,14,G,0110,1,GM-14,L,XXXX,5,10,F,1,200809,1,"$124,175",23.8
AG18,11,F,21,14,E,0110,1,GS-14,J,XXXX,8,10,F,1,200809,1,"$107,836",10.0
AG18,11,J,18,14,J,0110,1,GM-14,L,XXXX,5,10,F,1,200809,1,"$127,442",39.9
AG18,11,G,17,15,F,0110,1,GS-15,M,XXXX,8,10,P,2,200809,1,"$130,694",16.7
AG18,11,H,17,14,H,0110,1,GS-14,L,XXXX,8,10,F,1,200809,1,"$120,907",26.3
AG18,11,K,21,15,J,0110,1,GS-15,N,XXXX,8,10,F,1,200809,1,"$149,000",38.9
AG18,11,H,13,13,H,0110,1,GS-13,J,XXXX,8,10,F,1,200809,1,"$102,323",28.7
AG18,11,C,,09,A,0110,1,GS-09,D,XXXX,8,42,F,2,200809,1,"$48,108",0.5
AG18,11,J,21,15,G,0110,1,GS-15,M,XXXX,8,10,F,1,200809,1,"$134,538",24.3
AG18,11,G,21,14,D,0110,1,GS-14,J,XXXX,8,10,F,1,200809,1,"$104,569",9.6
AG18,11,H,21,15,F,0110,1,GS-15,M,XXXX,2,10,F,1,200809,1,"$138,383",19.7
AG18,11,D,21,12,B,0110,1,GS-12,H,XXXX,8,15,F,1,200809,1,"$81,394",2.3
AG18,11,H,17,14,H,0110,1,GS-14,K,XXXX,8,10,F,1,200809,1,"$117,639",28.0
AG18,11,F,21,13,B,0110,1,GS-13,H,XXXX,8,15,F,1,200809,1,"$85,727",1.5
AG18,11,I,21,15,G,0110,1,GS-15,N,XXXX,8,10,F,1,200809,1,"$149,000",24.2
AG18,11,H,21,15,E,0110,1,GS-15,M,XXXX,8,10,F,1,200809,1,"$138,383",12.6
AG18,11,E,18,11,A,0110,1,GS-11,E,XXXX,8,15,F,1,200809,1,"$58,206",0.6
AG18,11,G,21,15,E,0110,1,GS-15,N,XXXX,2,10,F,1,200809,1,"$142,227",11.6
AG18,11,I,21,15,F,0110,1,GS-15,N,XXXX,8,10,F,1,200809,1,"$142,227",17.5
AG18,11,C,17,09,A,0110,1,GS-09,E,XXXX,8,15,F,1,200809,1,"$54,525",0.8
AG18,11,I,21,14,G,0110,1,GS-14,L,XXXX,8,10,F,1,200809,1,"$120,907",21.7
AG18,11,H,21,,A,0110,1,ES-**,O,XXXX,2,50,F,1,200809,1,"$154,600",0.3
AG18,11,I,17,14,H,0110,1,GS-14,K,XXXX,8,10,F,1,200809,1,"$117,639",28.3
AG18,11,F,17,13,F,0110,1,GS-13,J,XXXX,8,10,P,2,200809,1,"$102,323",19.0
AG18,11,D,21,12,A,0110,1,GS-12,G,XXXX,8,15,F,1,200809,1,"$79,068",0.0
AG18,11,F,21,14,D,0110,1,GS-14,J,XXXX,8,10,F,1,200809,1,"$107,836",8.1
AG18,11,C,,11,A,0110,1,GS-11,E,XXXX,8,42,P,2,200809,1,"$58,206",0.3
AG18,11,I,17,14,I,0110,1,GS-14,K,XXXX,8,10,F,1,200809,1,"$117,639",31.9
AG18,11,F,21,13,D,0110,1,GS-13,I,XXXX,8,10,F,1,200809,1,"$96,791",8.8
AG18,11,I,21,15,H,0110,1,GS-15,M,XXXX,8,10,F,1,200809,1,"$138,383",26.9
AG18,11,I,21,13,H,0110,1,GS-13,I,XXXX,8,10,F,1,200809,1,"$99,557",26.4
AG18,11,I,21,14,F,0110,1,GS-14,K,XXXX,8,10,F,1,200809,1,"$111,104",16.7
AG18,11,K,22,15,H,0110,1,GS-15,N,XXXX,8,10,F,1,200809,1,"$142,227",29.2
AG18,11,F,21,13,E,0110,1,GS-13,I,XXXX,8,10,F,1,200809,1,"$94,025",10.1
AG18,11,G,21,15,F,0110,1,GS-15,M,XXXX,8,10,F,1,200809,1,"$130,694",17.2
AG18,11,G,22,13,E,0110,1,GS-13,I,XXXX,8,15,F,1,200809,1,"$99,557",10.0
AG18,11,J,19,13,H,0110,1,GS-13,J,XXXX,8,10,F,1,200809,1,"$107,854",28.6
AG18,11,J,21,14,G,0110,1,GM-14,L,XXXX,5,10,F,1,200809,1,"$127,275",20.8
AG18,11,G,18,13,F,0110,1,GM-13,J,XXXX,5,10,F,1,200809,1,"$105,088",19.3
AG18,11,K,21,13,H,0110,1,GM-13,J,XXXX,5,10,F,1,200809,1,"$107,854",29.6
AG18,11,H,21,15,F,0110,1,GS-15,M,XXXX,2,10,F,1,200809,1,"$138,383",17.8
AG18,11,H,17,12,H,0110,1,GS-12,H,XXXX,8,10,F,1,200809,1,"$83,720",29.2
AG18,11,G,21,13,D,0110,1,GS-13,I,XXXX,8,10,F,1,200809,1,"$94,025",8.7
AG18,11,C,,11,A,0110,1,GS-11,E,XXXX,8,42,F,2,200809,1,"$58,206",0.3
AG18,11,D,21,12,B,0110,1,GS-12,G,XXXX,8,15,F,1,200809,1,"$79,068",1.2
AG18,11,F,17,13,A,0110,1,GS-13,H,XXXX,8,15,F,1,200809,1,"$82,961",0.7
AG18,11,D,,11,A,0110,1,GS-11,E,XXXX,8,42,F,2,200809,1,"$58,206",0.5
AG18,11,B,,05,A,0119,3,GS-05,C,XXXX,8,42,P,2,200809,1,"$31,751",0.0
AG18,11,C,,11,A,0110,1,GS-11,E,XXXX,8,42,F,2,200809,1,"$58,206",0.3
AG18,11,D,18,14,D,0110,1,GS-14,J,XXXX,8,10,F,1,200809,1,"$107,836",7.3
AG18,11,B,,07,A,0110,1,GS-07,C,XXXX,8,42,F,2,200809,1,"$39,330",0.3
AG30,51,G,21,13,G,0110,1,GS-13,J,XXXX,8,10,F,1,200809,1,"$107,854",20.9
AG30,51,H,17,12,E,0110,1,GS-12,H,XXXX,8,10,F,1,200809,1,"$81,394",10.2
AG30,51,F,21,13,D,0110,1,GS-13,I,XXXX,8,10,F,1,200809,1,"$96,791",9.2
AG32,11,H,17,14,G,0110,1,GS-14,K,XXXX,8,10,F,1,200809,1,"$117,639",20.3
AG32,11,J,21,14,I,0110,1,GM-14,L,XXXX,5,10,F,1,200809,1,"$127,442",34.6
AG32,11,I,17,13,I,0110,1,GM-13,J,XXXX,5,10,F,1,200809,1,"$107,854",31.0
AG32,11,G,17,13,G,0110,1,GM-13,J,XXXX,5,10,P,2,200809,1,"$106,485",23.5
AG32,11,G,17,13,F,0110,1,GS-13,J,XXXX,8,10,F,1,200809,1,"$102,323",18.3
AG32,11,J,21,15,I,0110,1,GM-15,N,XXXX,2,10,F,1,200809,1,"$149,000",32.9
AG32,11,H,17,13,H,0110,1,GM-13,J,XXXX,5,10,F,1,200809,1,"$105,088",25.7
AG32,11,G,17,13,G,0110,1,GS-13,J,XXXX,8,10,F,1,200809,1,"$102,323",20.8
AG32,11,K,14,13,J,0110,1,GS-13,J,XXXX,8,10,F,1,200809,1,"$107,854",43.0
AG32,11,H,04,14,H,0110,1,GM-14,L,XXXX,5,10,F,1,200809,1,"$127,442",27.7
AG32,11,H,17,14,H,0110,1,GS-14,L,XXXX,8,10,F,1,200809,1,"$127,442",28.8
AG32,11,K,21,13,G,0110,1,GS-13,J,XXXX,8,10,F,1,200809,1,"$107,854",23.3
AG32,11,H,21,13,G,0110,1,GM-13,J,XXXX,5,10,F,1,200809,1,"$105,088",24.4
AG32,11,I,17,14,I,0110,1,GM-14,L,XXXX,5,10,F,1,200809,1,"$127,442",30.8
AG34,08,J,21,13,C,0110,1,GS-13,I,XXXX,8,15,F,1,200809,1,"$94,134",4.8
AG34,24,J,17,14,I,0110,1,GS-14,K,XXXX,8,10,F,1,200809,1,"$117,639",34.0
AG34,24,I,21,14,F,0110,1,GS-14,L,XXXX,2,10,F,1,200809,1,"$127,442",16.8
AG34,08,I,17,14,F,0110,1,GS-14,K,XXXX,8,10,F,1,200809,1,"$117,776",18.1
AG34,24,H,21,15,F,0110,1,GS-15,M,XXXX,2,10,F,1,200809,1,"$130,694",19.0
AG34,08,D,17,13,C,0110,1,GS-13,I,XXXX,8,10,F,1,200809,1,"$91,364",3.9
AG34,24,J,17,13,F,0110,1,GS-13,J,XXXX,8,10,F,1,200809,1,"$102,323",17.5
AG34,08,G,21,14,F,0110,1,GS-14,L,XXXX,8,10,F,1,200809,1,"$124,318",17.4
AG34,24,F,17,14,F,0110,1,GS-14,K,XXXX,8,10,F,1,200809,1,"$111,104",16.7
AG34,24,B,13,09,B,0110,1,GS-09,D,XXXX,8,15,F,1,200809,1,"$49,712",2.1
AG34,08,E,21,12,D,0110,1,GS-12,G,XXXX,8,10,F,1,200809,1,"$74,502",5.2
AG34,08,D,,07,B,0119,3,GS-07,C,XXXX,8,40,F,2,200809,1,"$39,376",1.8
AG34,08,I,17,13,E,0110,1,GS-13,I,XXXX,8,10,F,1,200809,1,"$99,672",14.1
AG34,08,E,17,13,D,0110,1,GS-13,H,XXXX,8,10,F,1,200809,1,"$88,595",7.9
AG34,24,I,17,14,H,0110,1,GS-14,L,XXXX,8,10,F,1,200809,1,"$127,442",27.9
AG34,37,I,17,14,H,0110,1,GS-14,K,XXXX,8,10,F,1,200809,1,"$110,521",29.0
AG34,24,E,21,13,B,0110,1,GS-13,H,XXXX,8,15,F,1,200809,1,"$82,961",2.2
AG34,08,H,17,13,G,0110,1,GS-13,J,XXXX,8,10,F,1,200809,1,"$102,441",24.0
AG34,24,H,17,12,E,0110,1,GS-12,H,XXXX,8,10,F,1,200809,1,"$83,720",10.5
AG34,24,E,21,14,C,0110,1,GS-14,I,XXXX,8,10,F,1,200809,1,"$98,033",3.9
AG34,08,H,21,15,G,0110,1,GS-15,N,XXXX,8,10,F,1,200809,1,"$142,392",20.0
AG34,08,G,21,14,F,0110,1,GS-14,K,XXXX,8,10,P,2,200809,1,"$114,504",18.8
AG34,24,H,17,12,B,0110,1,GS-12,F,XXXX,8,15,F,1,200809,1,"$69,764",1.7
AG34,08,C,15,09,C,0110,1,GS-09,E,XXXX,8,15,F,1,200809,1,"$52,982",4.4
AG34,24,H,21,14,G,0110,1,GS-14,L,XXXX,8,10,F,1,200809,1,"$120,907",21.7
AG36,11,J,21,14,I,0110,1,GS-14,L,XXXX,8,10,F,1,200809,1,"$124,175",31.0
AG36,11,I,17,11,A,0110,1,GS-11,E,XXXX,8,15,F,1,200809,1,"$58,206",0.0
AG36,19,H,21,13,D,0110,1,GS-13,H,XXXX,8,10,F,1,200809,1,"$88,028",8.7
AG36,19,F,18,12,E,0110,1,GS-12,H,XXXX,8,10,F,1,200809,1,"$84,913",10.1
AG36,11,G,17,13,C,0110,1,GS-13,H,XXXX,8,10,F,1,200809,1,"$85,727",4.8
AG36,11,I,17,14,D,0110,1,GS-14,K,XXXX,8,10,F,1,200809,1,"$117,639",8.8
AG36,13,C,17,11,B,0110,1,GS-11,E,XXXX,8,15,F,1,200809,1,"$56,478",2.3
AG36,11,D,13,13,D,0110,1,GS-13,H,XXXX,8,10,F,1,200809,1,"$82,961",6.4
AG36,11,I,21,15,D,0110,1,GS-15,L,XXXX,2,10,F,1,200809,1,"$126,850",8.2
AG36,08,H,21,13,C,0110,1,GS-13,I,XXXX,8,10,F,1,200809,1,"$96,903",4.4
AG36,08,D,17,13,D,0110,1,GS-13,I,XXXX,8,10,F,1,200809,1,"$94,134",9.6
AG37,11,K,21,14,E,0110,1,GS-14,J,XXXX,8,10,F,1,200809,1,"$101,301",13.1
AG37,11,G,21,14,C,0110,1,GS-14,K,XXXX,8,10,F,1,200809,1,"$117,639",3.3
AG37,11,H,17,14,B,0110,1,GS-14,J,XXXX,8,15,F,1,200809,1,"$104,569",1.0
AG37,11,H,12,14,H,0110,1,GS-14,K,XXXX,8,10,F,1,200809,1,"$117,639",25.5
AG38,11,H,21,13,B,0110,1,GS-13,J,XXXX,8,15,F,1,200809,1,"$107,854",1.8
AG38,11,H,21,15,F,0110,1,GS-15,M,XXXX,8,10,F,1,200809,1,"$130,694",19.0
AG38,11,I,17,15,I,0110,1,GM-15,N,XXXX,5,10,F,1,200809,1,"$149,000",31.3
AG38,11,I,21,15,E,0110,1,GS-15,N,XXXX,8,10,F,1,200809,1,"$149,000",11.6
AG38,11,H,12,15,H,0110,1,GS-15,M,XXXX,8,10,F,1,200809,1,"$138,383",28.3
AG38,11,F,17,,F,0110,1,ES-**,Q,XXXX,2,50,F,1,200809,1,"$172,200",17.4
AG38,11,I,13,11,I,0110,1,GS-11,G,XXXX,8,10,F,1,200809,1,"$75,669",33.6
AG38,11,C,20,13,B,0110,1,GS-13,H,XXXX,8,15,F,1,200809,1,"$82,961",2.3
AG38,11,J,21,,J,0110,1,ES-**,Q,XXXX,2,50,F,1,200809,1,"$172,200",37.8
AG38,11,I,21,,H,0110,1,ES-**,P,XXXX,2,50,F,1,200809,1,"$164,305",29.4
AG38,11,I,21,,I,0110,1,ES-**,P,XXXX,2,50,F,1,200809,1,"$168,993",30.6
AG38,11,I,18,15,G,0110,1,GS-15,M,XXXX,8,10,F,1,200809,1,"$134,538",23.2
AG38,11,G,17,14,F,0110,1,GS-14,K,XXXX,8,10,F,1,200809,1,"$117,639",17.7
AG38,11,H,13,15,I,0110,1,GS-15,N,XXXX,8,10,F,1,200809,1,"$149,000",32.7
AG38,11,G,17,15,G,0110,1,GS-15,M,XXXX,8,10,F,1,200809,1,"$130,694",22.7
AG38,11,H,17,15,G,0110,1,GS-15,M,XXXX,8,10,F,1,200809,1,"$138,383",23.8
AG38,11,I,21,15,I,0110,1,GM-15,N,XXXX,5,10,F,1,200809,1,"$149,000",31.1
AG38,11,H,21,,H,0110,1,ES-**,Q,XXXX,2,50,F,1,200809,1,"$172,200",25.7
AG38,11,I,17,15,I,0110,1,GS-15,N,XXXX,8,10,F,1,200809,1,"$146,071",30.3
AG38,11,I,14,15,I,0110,1,GM-15,N,XXXX,5,10,F,1,200809,1,"$148,998",32.7
AG38,11,K,21,15,F,0110,1,GS-15,N,XXXX,8,10,F,1,200809,1,"$142,227",15.2
AG38,11,K,21,15,I,0110,1,GM-15,N,XXXX,5,10,F,1,200809,1,"$149,000",34.2
AG38,11,H,21,15,G,0110,1,GS-15,M,XXXX,8,10,F,1,200809,1,"$138,383",21.3
AG38,11,K,21,15,F,0110,1,GS-15,M,XXXX,2,10,F,1,200809,1,"$138,383",19.7
AG38,11,G,13,15,F,0110,1,GS-15,L,XXXX,8,10,F,1,200809,1,"$126,850",15.3
AG38,11,I,21,15,G,0110,1,GS-15,M,XXXX,8,10,F,1,200809,1,"$130,694",21.9
AG42,11,G,21,12,D,0110,1,GS-12,G,XXXX,8,10,F,1,200809,1,"$72,090",6.3
AG42,11,D,17,13,D,0110,1,GS-13,H,XXXX,8,10,F,1,200809,1,"$82,961",8.0
AGDA,08,G,17,12,D,0110,1,GS-12,G,XXXX,8,10,F,1,200809,1,"$76,831",6.3
AGDA,11,I,21,14,F,0110,1,GS-14,L,XXXX,8,10,F,1,200809,1,"$120,907",18.8
AGFA,11,J,17,14,I,0110,1,GS-14,L,XXXX,8,10,F,1,200809,1,"$127,442",31.5
AGFA,11,F,17,14,F,0110,1,GS-14,K,XXXX,8,10,F,1,200809,1,"$117,639",18.1
AGFA,11,I,21,15,F,0110,1,GS-15,N,XXXX,2,10,F,1,200809,1,"$146,071",17.3
AGFA,11,J,17,14,H,0110,1,GS-14,L,XXXX,8,10,F,1,200809,1,"$127,442",25.3
AGFA,11,D,13,14,E,0110,1,GS-14,J,XXXX,8,10,F,1,200809,1,"$104,569",10.3
AGFA,11,I,17,14,H,0110,1,GS-14,L,XXXX,8,10,F,1,200809,1,"$127,442",27.8
AGFA,11,G,21,14,F,0110,1,GS-14,L,XXXX,8,10,F,1,200809,1,"$124,175",19.8
AGFA,11,J,18,14,I,0110,1,GS-14,L,XXXX,8,10,F,1,200809,1,"$127,442",31.3
AGFA,11,I,21,15,G,0110,1,GS-15,M,XXXX,8,10,F,1,200809,1,"$138,383",22.5
AGFA,11,E,17,13,D,0110,1,GS-13,H,XXXX,8,10,F,1,200809,1,"$85,727",7.3
AGFA,11,I,21,14,H,0110,1,GS-14,K,XXXX,8,10,F,1,200809,1,"$117,639",28.9
AGFA,11,F,17,14,E,0110,1,GS-14,J,XXXX,8,10,F,1,200809,1,"$107,836",11.7
AGFA,11,I,21,15,I,0110,1,GS-15,N,XXXX,2,10,F,1,200809,1,"$142,227",30.2
AGFA,11,H,17,15,H,0110,1,GS-15,M,XXXX,2,10,F,1,200809,1,"$138,383",27.7
AGFA,11,F,17,15,E,0110,1,GS-15,L,XXXX,2,10,F,1,200809,1,"$126,850",10.7
AGFA,11,H,21,14,E,0110,1,GS-14,K,XXXX,8,10,F,1,200809,1,"$114,372",13.9
AGFA,11,H,21,15,G,0110,1,GS-15,M,XXXX,2,10,F,1,200809,1,"$138,383",22.0
AGFA,11,F,17,14,B,0110,1,GS-14,K,XXXX,8,15,F,1,200809,1,"$114,372",1.3
AGFA,29,G,12,14,H,0110,1,GS-14,K,XXXX,8,10,F,1,200809,1,"$119,314",27.8
AGFA,11,I,21,15,G,0110,1,GM-15,N,XXXX,2,10,F,1,200809,1,"$149,000",22.6
AGFA,11,D,17,14,E,0110,1,GS-14,J,XXXX,8,10,F,1,200809,1,"$107,836",11.6
AGFA,11,H,17,15,H,0110,1,GM-15,N,XXXX,2,10,F,1,200809,1,"$149,000",26.8
AGFA,11,H,21,14,G,0110,1,GS-14,K,XXXX,8,10,F,1,200809,1,"$117,639",20.3
AGFA,11,J,14,13,I,0110,1,GS-13,J,XXXX,8,10,F,1,200809,1,"$102,323",32.3
AGFA,11,I,12,13,I,0110,1,GS-13,I,XXXX,8,10,F,1,200809,1,"$91,259",33.0
AGFA,11,C,17,14,C,0110,1,GS-14,I,XXXX,8,38,F,1,200809,1,"$98,033",4.4
AGFA,11,H,17,14,G,0110,1,GS-14,K,XXXX,8,10,F,1,200809,1,"$117,639",21.8
AGFA,11,H,21,14,F,0110,1,GS-14,K,XXXX,8,10,F,1,200809,1,"$117,639",17.8
AGFA,11,I,21,14,F,0110,1,GS-14,L,XXXX,8,10,F,1,200809,1,"$124,175",15.8
AGFA,11,E,21,14,D,0110,1,GS-14,J,XXXX,8,10,F,1,200809,1,"$107,836",9.0
AM00,11,H,21,15,C,0110,1,GS-15,M,XXXX,8,10,F,1,200809,1,"$134,538",3.7
AM00,KZ,F,17,,D,0110,1,FO-02,H,XXXX,2,38,F,1,200809,1,"$86,995",8.9
AM00,11,I,17,,G,0110,1,FO-01,N,XXXX,8,38,F,1,200809,1,"$149,000",21.0
AM00,GT,I,17,,I,0110,1,FO-01,L,XXXX,2,38,F,1,200809,1,"$124,010",30.8
AM00,11,J,21,,H,0110,1,FO-02,M,XXXX,8,38,F,1,200809,1,"$137,221",25.7
AM00,11,K,21,15,J,0110,1,GS-15,N,XXXX,8,10,F,1,200809,1,"$149,000",44.5
AM00,11,K,21,15,H,0110,1,GS-15,N,XXXX,2,10,F,1,200809,1,"$149,000",28.8
AM00,CO,D,17,,D,0110,1,FP-04,F,XXXX,2,38,F,1,200809,1,"$64,287",7.8
AM00,11,H,21,14,H,0110,1,GS-14,K,XXXX,8,10,F,1,200809,1,"$117,639",28.0
AM00,11,J,18,14,G,0110,1,GS-14,L,XXXX,8,10,F,1,200809,1,"$127,442",24.4
AM00,11,K,,,G,0110,1,FP-01,N,XXXX,8,48,F,2,200809,1,"$149,000",21.2
AM00,AF,I,17,,I,0110,1,FO-01,L,XXXX,2,38,F,1,200809,1,"$124,010",32.8
AM00,EG,G,21,,D,0110,1,FO-03,F,XXXX,2,38,F,1,200809,1,"$68,439",6.0
AM00,11,I,21,15,H,0110,1,GS-15,N,XXXX,8,10,F,1,200809,1,"$149,000",28.0
AM00,11,I,17,15,I,0110,1,GS-15,N,XXXX,8,10,F,1,200809,1,"$146,071",31.8
AM00,11,C,,,A,0110,1,FP-06,F,XXXX,8,48,F,2,200809,1,"$65,264",0.0
AM00,PA,E,14,,C,0110,1,FP-03,G,XXXX,8,38,F,1,200809,1,"$70,492",4.5
AM00,MZ,E,,,D,0110,1,FP-04,G,XXXX,8,48,F,2,200809,1,"$74,527",7.3
AM00,11,D,,,B,0110,1,FP-03,G,XXXX,8,48,F,2,200809,1,"$77,986",1.8
AM00,GH,G,,,E,0110,1,FP-02,J,XXXX,2,48,F,2,200809,1,"$100,851",11.8
AM00,CO,E,17,,D,0110,1,FO-02,G,XXXX,8,38,F,1,200809,1,"$79,613",8.9
AM00,11,K,21,,H,0110,1,FO-01,N,XXXX,8,38,F,1,200809,1,"$149,000",27.9
AM00,ID,E,17,,D,0110,1,FO-02,I,XXXX,2,38,F,1,200809,1,"$92,293",7.0
AM00,11,E,,,A,0110,1,FP-06,F,XXXX,8,48,F,2,200809,1,"$65,264",0.0
AM00,NI,I,17,,H,0110,1,FO-01,L,XXXX,8,38,F,1,200809,1,"$124,010",25.8
AM00,KE,F,17,,D,0110,1,FO-03,G,XXXX,8,38,F,1,200809,1,"$70,492",9.0
AM00,AF,F,17,,D,0110,1,FO-01,I,XXXX,2,38,F,1,200809,1,"$95,390",9.8
AM00,11,G,21,,D,0110,1,FO-03,J,XXXX,8,38,F,1,200809,1,"$101,754",7.0
AM00,11,I,21,14,H,0110,1,GS-14,L,XXXX,8,10,F,1,200809,1,"$127,442",28.3
AN00,11,H,21,14,D,0110,1,GS-14,L,XXXX,8,10,F,1,200809,1,"$120,907",9.3
ARCE,51,E,17,,E,0110,1,YA-03,L,XXXX,8,10,F,1,200809,1,"$120,463",14.0
ARCE,51,C,14,,C,0110,1,YA-02,F,XXXX,8,10,F,1,200809,1,"$68,800",4.6
ARCE,28,G,13,,G,0110,1,YC-02,I,XXXX,2,10,F,1,200809,1,"$96,573",23.5
ARCE,05,F,17,,C,0110,1,YA-02,D,XXXX,8,10,F,1,200809,1,"$45,490",3.8
ARCE,28,C,17,,D,0110,1,YA-02,F,XXXX,8,10,F,1,200809,1,"$65,651",5.3
ARCE,22,H,07,,I,0110,1,YA-02,H,XXXX,8,10,F,1,200809,1,"$81,899",33.7
ARCE,48,G,17,,D,0110,1,YA-02,G,XXXX,8,10,F,1,200809,1,"$72,303",9.9
ARCE,35,I,13,,H,0110,1,YA-02,I,XXXX,8,10,F,1,200809,1,"$95,499",29.8
ARCE,27,H,14,,H,0110,1,YA-02,H,XXXX,8,10,F,1,200809,1,"$89,602",29.7
ARCE,45,H,13,,I,0110,1,YC-02,J,XXXX,2,10,F,1,200809,1,"$102,979",32.0
ARCE,22,J,17,,F,0110,1,YA-02,G,XXXX,8,10,F,1,200809,1,"$77,543",16.2
ARCE,54,C,13,,A,0110,1,YA-01,C,XXXX,8,32,F,1,200809,1,"$33,001",0.0
ARCE,37,J,13,,I,0110,1,YA-02,H,XXXX,8,10,I,2,200809,1,"$84,913",33.8
ARCE,02,H,13,,B,0110,1,YA-02,G,XXXX,8,10,F,1,200809,1,"$72,410",2.9
ARCE,36,C,17,11,B,0110,1,GS-11,F,XXXX,8,15,F,1,200809,1,"$60,840",1.4
ARCE,01,C,13,12,D,0110,1,GS-12,F,XXXX,8,10,F,1,200809,1,"$65,315",5.9
ARCE,22,H,17,,G,0110,1,YA-02,I,XXXX,8,10,F,1,200809,1,"$90,219",23.0
ARCE,13,K,13,,J,0110,1,YA-03,L,XXXX,5,10,F,1,200809,1,"$125,793",41.7
ARCE,21,H,13,13,G,0110,1,GS-13,H,XXXX,8,10,F,1,200809,1,"$88,028",24.3
ARCE,53,J,17,,I,0110,1,YA-02,J,XXXX,8,20,I,2,200809,1,"$100,975",32.6
ARCE,54,E,12,,G,0110,1,YA-02,G,XXXX,8,10,F,1,200809,1,"$74,109",20.9
ARCE,22,H,13,,I,0110,1,YC-02,K,XXXX,2,10,F,1,200809,1,"$116,575",31.8
ARCE,02,C,04,,B,0110,1,YA-01,C,XXXX,8,10,F,1,200809,1,"$32,534",1.1
ARCE,51,G,17,,G,0110,1,YA-03,K,XXXX,8,10,F,1,200809,1,"$117,309",20.8
ARCE,17,J,14,14,J,0110,1,GS-14,L,XXXX,8,10,F,1,200809,1,"$129,835",38.9
ARCE,12,D,13,,E,0110,1,YA-02,H,XXXX,8,10,F,1,200809,1,"$82,454",12.3
ARCE,28,I,17,,I,0110,1,YC-02,J,XXXX,2,10,F,1,200809,1,"$100,976",33.5
ARCE,51,H,13,,H,0110,1,YA-02,I,XXXX,8,10,F,1,200809,1,"$98,986",27.5
ARCE,41,J,14,,J,0110,1,YA-02,H,XXXX,8,10,F,1,200809,1,"$89,070",35.9
ARCE,29,H,13,12,H,0110,1,GS-12,H,XXXX,8,10,F,1,200809,1,"$80,558",25.1
ARCE,11,E,17,,E,0110,1,YA-03,I,XXXX,8,10,F,1,200809,1,"$93,239",10.4
ARCE,40,C,13,,C,0110,1,YA-01,E,XXXX,8,10,F,1,200809,1,"$57,947",4.6
ARCE,51,J,21,,G,0110,1,YA-03,O,XXXX,8,10,F,1,200809,1,"$154,642",23.5
ARCE,12,C,13,,D,0110,1,YA-02,F,XXXX,8,10,F,1,200809,1,"$65,489",5.0
ARCE,42,F,17,11,F,0110,1,GS-11,G,XXXX,8,10,F,1,200809,1,"$71,938",15.2
ARCE,05,J,13,,I,0110,1,YA-02,H,XXXX,8,10,F,1,200809,1,"$84,913",30.2
ARCE,53,F,13,13,F,0110,1,GS-13,I,XXXX,8,10,F,1,200809,1,"$90,398",18.7
ARCE,22,H,17,,G,0110,1,YC-02,I,XXXX,2,10,F,1,200809,1,"$92,011",21.3
ARCE,21,D,13,11,D,0110,1,GS-11,E,XXXX,8,10,F,1,200809,1,"$59,944",5.8
ARCE,54,F,13,,E,0110,1,YA-02,H,XXXX,8,10,P,2,200809,1,"$82,122",14.2
ARCE,54,E,13,,D,0110,1,YA-02,F,XXXX,8,10,F,1,200809,1,"$61,551",7.4
ARCE,42,H,17,,H,0110,1,YC-02,K,XXXX,2,10,F,1,200809,1,"$116,864",29.7
ARCE,36,G,13,13,F,0110,1,GS-13,I,XXXX,8,10,F,1,200809,1,"$95,388",17.6
ARCE,35,E,13,,F,0110,1,YA-02,G,XXXX,8,10,F,1,200809,1,"$75,868",15.9
ARCE,53,J,13,,H,0110,1,YA-02,I,XXXX,8,20,I,2,200809,1,"$93,207",26.1
ARCE,26,G,17,12,D,0110,1,GS-12,H,XXXX,8,10,F,1,200809,1,"$84,856",7.8
ARCE,37,E,13,,D,0110,1,YA-02,F,XXXX,8,10,F,1,200809,1,"$65,901",5.1
ARCE,27,F,08,,G,0110,1,YA-02,H,XXXX,8,10,F,1,200809,1,"$88,483",21.6
ARCE,42,C,17,09,A,0110,1,GS-09,D,XXXX,8,32,F,1,200809,1,"$45,736",0.1
ARCE,29,F,17,12,F,0110,1,GS-12,G,XXXX,8,10,F,1,200809,1,"$74,025",15.2
ARCE,22,J,13,,J,0110,1,YA-02,G,XXXX,8,30,F,1,200809,1,"$70,843",37.3
ARCE,45,E,13,,E,0110,1,YA-02,G,XXXX,8,10,F,1,200809,1,"$74,649",10.3
ARCE,41,F,13,,F,0110,1,YA-03,J,XXXX,8,10,F,1,200809,1,"$101,829",19.3
ARCE,06,F,17,,F,0110,1,YC-02,J,XXXX,2,10,F,1,200809,1,"$109,081",15.0
ARCE,11,I,14,,H,0110,1,YC-03,L,XXXX,2,10,F,1,200809,1,"$128,876",28.2
ARCE,48,E,17,,D,0110,1,YA-02,G,XXXX,8,10,F,1,200809,1,"$78,803",5.4
ARCE,54,H,17,,G,0110,1,YA-02,H,XXXX,8,10,F,1,200809,1,"$89,671",21.2
ARCE,42,E,13,12,F,0110,1,GS-12,G,XXXX,8,10,F,1,200809,1,"$78,578",16.0
ARCE,51,I,04,,I,0110,1,YA-03,N,XXXX,8,20,I,2,200809,1,"$149,911",33.8
ARCE,13,F,17,13,F,0110,1,GS-13,I,XXXX,8,10,F,1,200809,1,"$90,618",15.6
ARCE,36,J,17,11,H,0110,1,GS-11,G,XXXX,8,10,F,1,200809,1,"$72,214",27.8
ARCE,06,G,13,12,G,0110,1,GS-12,H,XXXX,8,10,F,1,200809,1,"$84,336",20.3
ARCE,51,H,13,,I,0110,1,YC-02,K,XXXX,2,10,F,1,200809,1,"$112,889",30.6
ARCE,51,E,04,,C,0110,1,YA-02,I,XXXX,8,10,F,1,200809,1,"$95,232",4.1
ARCE,01,E,13,13,F,0110,1,GS-13,H,XXXX,8,10,P,2,200809,1,"$88,028",17.6
ARCE,25,F,13,12,F,0110,1,GS-12,H,XXXX,8,10,I,2,200809,1,"$87,199",19.9
ARCE,31,J,14,,I,0110,1,YA-02,I,XXXX,8,10,F,1,200809,1,"$94,916",30.4
ARCE,11,G,13,,F,0110,1,YA-03,J,XXXX,8,10,F,1,200809,1,"$109,448",17.8
ARCE,25,K,18,13,H,0110,1,GS-13,J,XXXX,8,10,F,1,200809,1,"$100,891",27.1
ARCE,12,E,13,,D,0110,1,YA-01,C,XXXX,8,32,F,1,200809,1,"$33,590",6.2
ARCE,51,D,17,12,C,0110,1,GS-12,F,XXXX,8,10,F,1,200809,1,"$69,670",4.3
ARCE,22,I,17,,F,0110,1,YA-02,H,XXXX,8,10,F,1,200809,1,"$81,285",16.0
ARCE,51,H,17,,H,0110,1,YA-03,N,XXXX,8,10,F,1,200809,1,"$141,005",29.0
ARCE,13,G,13,,G,0110,1,YA-03,J,XXXX,5,10,F,1,200809,1,"$103,958",22.9
ARCE,54,E,13,08,E,0119,3,GS-08,D,XXXX,8,10,F,1,200809,1,"$44,857",14.2
ARCE,06,E,14,13,E,0110,1,GS-13,I,XXXX,8,10,F,1,200809,1,"$97,013",14.2
ARCE,51,I,14,,I,0110,1,YA-03,L,XXXX,8,10,F,1,200809,1,"$129,431",32.5
ARCE,06,F,17,11,E,0110,1,GS-11,G,XXXX,8,10,F,1,200809,1,"$72,373",12.3
ARCE,37,J,17,,I,0110,1,YA-02,I,XXXX,8,10,F,1,200809,1,"$96,959",32.5
ARCE,28,H,13,,H,0110,1,YA-02,H,XXXX,8,10,F,1,200809,1,"$84,467",29.9
ARCE,48,K,04,12,D,0110,1,GS-12,H,XXXX,8,10,F,1,200809,1,"$83,319",7.6
ARCE,12,G,13,,G,0110,1,YA-02,I,XXXX,8,10,F,1,200809,1,"$96,736",22.3
ARCE,53,K,04,12,I,0110,1,GS-12,H,XXXX,8,20,P,2,200809,1,"$89,842",31.4
ARCE,06,G,17,,E,0110,1,YC-02,J,XXXX,2,10,F,1,200809,1,"$107,277",10.8
ARCE,01,E,17,,D,0110,1,YA-02,H,XXXX,8,10,F,1,200809,1,"$82,083",5.8
ARCE,54,G,13,,H,0110,1,YA-02,I,XXXX,8,10,F,1,200809,1,"$92,311",25.9
ARCE,53,I,17,12,C,0110,1,GS-12,G,XXXX,8,10,F,1,200809,1,"$71,411",4.4
ARCE,01,C,08,11,C,0110,1,GS-11,E,XXXX,8,10,F,1,200809,1,"$56,310",4.7
ARCE,12,I,14,,H,0110,1,YA-02,H,XXXX,8,10,F,1,200809,1,"$86,645",28.1
ARCE,01,D,13,12,D,0110,1,GS-12,F,XXXX,8,10,F,1,200809,1,"$65,315",7.7
ARCE,15,G,13,,H,0110,1,YA-02,G,XXXX,8,10,F,1,200809,1,"$77,084",27.0
ARCE,35,E,13,,F,0110,1,YA-02,G,XXXX,8,10,F,1,200809,1,"$75,533",16.4
ARCE,35,H,13,,I,0110,1,YA-02,H,XXXX,8,10,F,1,200809,1,"$84,913",31.0
ARCE,31,I,17,,F,0110,1,YC-02,I,XXXX,2,10,F,1,200809,1,"$96,726",17.9
ARCE,01,J,17,,I,0110,1,YC-02,H,XXXX,2,10,F,1,200809,1,"$89,158",30.7
ARCE,06,D,17,,D,0110,1,YC-02,H,XXXX,2,10,F,1,200809,1,"$82,982",5.3
ARCE,51,I,16,,J,0110,1,YC-03,O,XXXX,2,10,F,1,200809,1,"$151,579",35.8
ARCE,12,B,13,,A,0110,1,YA-01,C,XXXX,8,32,F,1,200809,1,"$38,643",0.2
ARCE,47,K,21,,H,0110,1,YA-02,H,XXXX,8,10,F,1,200809,1,"$84,913",26.8
ARCE,51,K,21,,I,0110,1,YA-03,N,XXXX,8,10,F,1,200809,1,"$148,448",33.3
ARCE,36,H,21,,E,0110,1,YC-02,K,XXXX,2,10,F,1,200809,1,"$112,967",12.9
ARCE,36,F,13,12,B,0110,1,GS-12,G,XXXX,8,15,F,1,200809,1,"$72,921",1.5
ARCE,11,H,12,,H,0110,1,YA-02,J,XXXX,8,10,F,1,200809,1,"$102,943",27.6
ARCE,22,B,13,,B,0110,1,YA-01,D,XXXX,8,32,F,1,200809,1,"$45,032",1.2
ARCE,17,J,17,,J,0110,1,YC-02,H,XXXX,2,10,F,1,200809,1,"$89,159",35.6
ARCE,06,J,17,11,D,0110,1,GS-11,F,XXXX,8,10,F,1,200809,1,"$68,352",8.5
ARCE,06,I,17,,I,0110,1,YC-03,O,XXXX,2,10,F,1,200809,1,"$156,450",30.9
ARCE,21,H,13,,I,0110,1,YC-02,K,XXXX,2,10,F,1,200809,1,"$110,757",30.3
ARCE,22,F,13,,E,0110,1,YA-02,G,XXXX,8,10,F,1,200809,1,"$73,565",14.8
ARCE,12,G,17,,G,0110,1,YC-02,H,XXXX,2,10,F,1,200809,1,"$85,247",20.2
ARCE,15,I,17,,I,0110,1,YA-02,G,XXXX,8,10,F,1,200809,1,"$75,024",33.4
ARCE,45,G,17,,D,0110,1,YA-02,G,XXXX,8,10,F,1,200809,1,"$71,890",6.7
ARCE,12,D,17,,D,0110,1,YA-02,G,XXXX,8,10,F,1,200809,1,"$70,867",5.5
ARCE,48,H,17,,G,0110,1,YC-02,J,XXXX,2,10,F,1,200809,1,"$100,649",24.9
ARCE,51,C,13,12,C,0110,1,GS-12,F,XXXX,8,15,F,1,200809,1,"$65,315",3.3
ARCE,25,J,17,14,I,0110,1,GS-14,K,XXXX,8,10,F,1,200809,1,"$119,216",33.8
ARCE,11,G,13,,G,0110,1,YA-03,K,XXXX,8,10,F,1,200809,1,"$114,196",24.8
ARCE,54,I,17,,I,0110,1,YC-02,J,XXXX,2,10,F,1,200809,1,"$101,988",30.0
ARCE,01,C,17,11,D,0110,1,GS-11,E,XXXX,8,10,F,1,200809,1,"$56,310",6.2
ARCE,48,H,17,,H,0110,1,YC-02,J,XXXX,2,10,F,1,200809,1,"$107,627",28.2
ARCE,53,H,11,12,E,0110,1,GS-12,G,XXXX,8,10,F,1,200809,1,"$71,411",13.3
ARCE,53,B,13,07,B,0110,1,GS-07,C,XXXX,8,32,F,1,200809,1,"$38,959",1.3
ARCE,42,H,13,13,H,0110,1,GS-13,J,XXXX,8,10,F,1,200809,1,"$107,185",29.8
ARCE,53,J,04,,I,0110,1,YA-02,H,XXXX,8,20,I,2,200809,1,"$84,912",33.8
ARCE,05,D,18,,D,0110,1,YA-02,G,XXXX,8,10,F,1,200809,1,"$70,760",8.9
ARCE,48,I,13,,D,0110,1,YA-02,F,XXXX,8,10,F,1,200809,1,"$65,821",7.7
ARCE,13,I,13,,I,0110,1,YA-03,J,XXXX,8,10,F,1,200809,1,"$106,562",30.7
ARCE,48,K,17,,J,0110,1,YC-03,N,XXXX,2,10,F,1,200809,1,"$147,619",47.4
ARCE,29,K,17,12,C,0110,1,GS-12,G,XXXX,8,15,F,1,200809,1,"$76,203",3.9
ARCE,53,J,17,,J,0110,1,YA-02,H,XXXX,8,20,I,2,200809,1,"$83,684",36.0
ARCE,11,J,13,,I,0110,1,YA-03,O,XXXX,8,10,F,1,200809,1,"$154,574",33.5
ARCE,22,I,17,,E,0110,1,YA-02,F,XXXX,8,10,F,1,200809,1,"$66,115",13.2
ARCE,06,J,17,,I,0110,1,YA-02,J,XXXX,8,10,F,1,200809,1,"$101,746",30.7
ARCE,51,H,13,,G,0110,1,YA-03,M,XXXX,8,10,F,1,200809,1,"$130,103",23.7
ARCE,17,I,18,,I,0110,1,YC-02,I,XXXX,2,10,F,1,200809,1,"$98,613",30.3
ARCE,48,J,18,,J,0110,1,YA-03,K,XXXX,8,10,F,1,200809,1,"$115,915",37.7
ARCE,17,C,13,,C,0110,1,YA-02,E,XXXX,8,10,F,1,200809,1,"$54,495",4.3
ARCE,28,E,17,,E,0110,1,YA-02,H,XXXX,8,10,F,1,200809,1,"$87,281",14.2
ARCE,51,E,13,12,D,0110,1,GS-12,G,XXXX,8,10,F,1,200809,1,"$71,848",9.5
ARCE,35,I,17,,H,0110,1,YA-02,I,XXXX,8,10,F,1,200809,1,"$92,012",29.7
ARCE,11,F,13,,G,0110,1,YA-03,L,XXXX,8,10,F,1,200809,1,"$122,868",21.1
ARCE,06,H,07,05,I,0119,3,GS-05,D,XXXX,8,10,F,1,200809,1,"$41,766",31.7
ARCE,22,H,17,,G,0110,1,YC-02,I,XXXX,2,10,F,1,200809,1,"$97,505",24.4
ARCE,06,C,04,,D,0110,1,YA-02,E,XXXX,8,10,F,1,200809,1,"$58,270",8.5
ARCE,41,H,17,,H,0110,1,YC-03,M,XXXX,2,10,F,1,200809,1,"$138,043",25.4
ARCE,28,G,17,,E,0110,1,YA-02,H,XXXX,8,10,F,1,200809,1,"$80,168",14.3
ARCE,27,J,17,,F,0110,1,YA-02,H,XXXX,8,10,F,1,200809,1,"$86,362",18.7
ARCE,53,F,13,,G,0110,1,YC-02,K,XXXX,2,10,F,1,200809,1,"$116,499",23.8
ARCE,47,H,17,,H,0110,1,YA-02,H,XXXX,8,10,F,1,200809,1,"$84,913",27.8
ARCE,42,I,17,13,I,0110,1,GS-13,I,XXXX,8,10,F,1,200809,1,"$97,278",32.0
ARCE,12,C,17,,A,0110,1,YA-01,C,XXXX,8,32,F,1,200809,1,"$38,643",0.1
ARCE,48,G,13,,G,0110,1,YA-02,I,XXXX,8,10,F,1,200809,1,"$94,667",21.3
ARCE,54,H,13,,F,0110,1,YC-02,J,XXXX,2,10,F,1,200809,1,"$102,534",16.9
ARCE,39,F,17,,G,0110,1,YA-03,J,XXXX,8,10,F,1,200809,1,"$102,727",21.3
ARCE,42,F,17,12,G,0110,1,GS-12,H,XXXX,8,10,F,1,200809,1,"$83,201",20.0
ARCE,31,D,13,,D,0110,1,YA-02,F,XXXX,8,10,F,1,200809,1,"$64,669",6.3
ARCE,41,I,17,14,H,0110,1,GS-14,K,XXXX,8,10,F,1,200809,1,"$115,528",25.8
ARCE,02,J,21,,A,0110,1,YA-02,F,XXXX,8,10,F,1,200809,1,"$60,300",0.4
ARCE,28,I,17,,I,0110,1,YA-03,K,XXXX,8,10,F,1,200809,1,"$111,000",31.3
ARCE,48,G,17,,B,0110,1,YA-02,E,XXXX,8,10,F,1,200809,1,"$58,711",2.3
ARCE,48,I,17,12,I,0110,1,GS-12,H,XXXX,8,10,F,1,200809,1,"$88,221",32.3
ARCE,12,K,17,,H,0110,1,YA-02,H,XXXX,8,10,F,1,200809,1,"$80,903",28.4
ARCE,47,H,13,,G,0110,1,YA-02,H,XXXX,8,10,F,1,200809,1,"$81,759",21.2
ARCE,37,J,17,,I,0110,1,YA-02,I,XXXX,8,10,F,1,200809,1,"$90,966",31.3
ARCE,41,F,17,14,G,0110,1,GS-14,K,XXXX,8,10,F,1,200809,1,"$112,319",20.3
ARCE,48,H,17,13,H,0110,1,GS-13,K,XXXX,8,10,F,1,200809,1,"$110,739",27.7
ARCE,54,I,13,,J,0110,1,YA-02,H,XXXX,8,10,F,1,200809,1,"$84,913",35.5
ARCE,06,H,17,,E,0110,1,YA-02,G,XXXX,8,10,F,1,200809,1,"$74,824",10.6
ARCE,15,G,17,,F,0110,1,YA-02,H,XXXX,8,10,F,1,200809,1,"$83,392",18.7
ARCE,06,E,14,,E,0110,1,YA-02,H,XXXX,8,10,F,1,200809,1,"$80,963",11.7
ARCE,36,C,13,11,D,0110,1,GS-11,E,XXXX,8,10,F,1,200809,1,"$59,252",8.3
ARCE,06,C,13,,B,0110,1,YA-02,E,XXXX,8,10,F,1,200809,1,"$59,011",2.2
ARCE,51,H,17,,D,0110,1,YA-03,L,XXXX,8,10,F,1,200809,1,"$121,562",7.1
ARCE,17,F,04,,F,0110,1,YC-02,I,XXXX,2,10,F,1,200809,1,"$98,581",19.2
ARCE,22,H,17,,H,0110,1,YA-03,J,XXXX,8,10,F,1,200809,1,"$106,256",27.8
ARCE,53,H,04,12,G,0110,1,GS-12,G,XXXX,8,10,F,1,200809,1,"$78,381",22.1
ARCE,22,H,13,,H,0110,1,YA-02,H,XXXX,8,10,F,1,200809,1,"$84,913",25.1
ARCE,48,G,17,12,F,0110,1,GS-12,H,XXXX,8,10,F,1,200809,1,"$88,221",16.4
ARCE,36,H,17,13,I,0110,1,GS-13,I,XXXX,8,10,F,1,200809,1,"$95,011",31.3
ARCE,36,H,21,11,D,0110,1,GS-11,F,XXXX,8,10,F,1,200809,1,"$68,952",6.6
ARCE,17,I,04,12,E,0110,1,GS-12,H,XXXX,8,10,F,1,200809,1,"$87,662",13.5
ARSA,51,I,13,,G,0110,1,YA-03,J,XXXX,8,10,F,1,200809,1,"$105,600",23.1
ARSB,01,B,09,07,B,0110,1,GS-07,C,XXXX,8,10,F,1,200809,1,"$36,822",2.1
ARSB,05,B,17,09,A,0110,1,GS-09,D,XXXX,8,32,F,1,200809,1,"$45,040",0.3
ARSB,01,C,08,07,B,0110,1,GS-07,C,XXXX,8,15,F,1,200809,1,"$36,822",2.3
ARSB,20,B,17,09,C,0110,1,GS-09,D,XXXX,8,32,F,1,200809,1,"$45,040",4.3
ARSE,51,K,21,,G,0110,1,YA-02,J,XXXX,4,10,F,1,200809,1,"$108,977",21.8
ARXR,24,G,13,12,G,0110,1,GS-12,I,XXXX,8,10,F,1,200809,1,"$90,698",22.5
ARXR,24,F,13,,B,0110,1,DB-02,F,XXXX,8,15,F,1,200809,1,"$65,339",2.0
BG00,11,I,17,14,J,0110,1,GS-14,L,XXXX,8,10,F,1,200809,1,"$120,907",35.9
BG00,11,J,21,15,I,0110,1,GS-15,N,XXXX,8,10,F,1,200809,1,"$149,000",34.0
BG00,11,G,17,14,G,0110,1,GS-14,K,XXXX,8,10,F,1,200809,1,"$111,104",20.2
BG00,11,C,13,09,B,0110,1,GS-09,D,XXXX,8,15,F,1,200809,1,"$49,712",1.2
BO00,11,J,21,,J,0110,1,ES-**,P,XXXX,2,50,F,1,200809,1,"$162,686",36.1
BO00,11,H,21,15,G,0110,1,GS-15,N,XXXX,8,10,F,1,200809,1,"$149,000",23.1
BO00,11,J,21,15,I,0110,1,GS-15,N,XXXX,8,10,F,1,200809,1,"$149,000",33.8
BO00,11,I,21,15,G,0110,1,GS-15,N,XXXX,8,10,F,1,200809,1,"$149,000",22.1
BO00,11,E,21,15,A,0110,1,GS-15,K,XXXX,8,15,F,1,200809,1,"$115,317",0.3
BO00,11,I,21,15,H,0110,1,GS-15,N,XXXX,8,10,F,1,200809,1,"$149,000",29.1
BO00,11,J,17,15,I,0110,1,GS-15,N,XXXX,8,10,F,1,200809,1,"$149,000",33.5
BO00,11,E,21,15,D,0110,1,GS-15,M,XXXX,8,10,F,1,200809,1,"$134,538",8.2
BO00,11,J,14,15,I,0110,1,GS-15,N,XXXX,8,10,F,1,200809,1,"$149,000",32.1
BO00,11,G,17,,F,0110,1,ES-**,O,XXXX,2,50,F,1,200809,1,"$154,234",15.0
BO00,11,J,18,15,J,0110,1,GS-15,N,XXXX,8,10,F,1,200809,1,"$149,000",39.0
BO00,11,G,21,15,D,0110,1,GS-15,M,XXXX,8,10,F,1,200809,1,"$138,383",8.2
BO00,11,E,21,15,D,0110,1,GS-15,K,XXXX,8,10,F,1,200809,1,"$119,161",9.2
CE00,11,B,13,,B,0110,1,AD-00,D,XXXX,8,48,F,2,200809,1,"$45,000",1.2
CE00,11,B,17,,B,0110,1,AD-00,D,XXXX,8,48,F,2,200809,1,"$48,000",1.4
CE00,11,I,21,,H,0110,1,ES-**,O,XXXX,2,50,F,1,200809,1,"$157,865",28.3
CE00,11,E,21,,A,0110,1,AD-00,M,XXXX,8,48,F,2,200809,1,"$130,694",0.1
CE00,11,B,13,,B,0110,1,AD-00,D,XXXX,8,48,F,2,200809,1,"$45,000",1.3
CE00,11,B,13,,B,0110,1,AD-00,D,XXXX,8,48,F,2,200809,1,"$45,000",1.3
CE00,11,F,21,,B,0110,1,AD-00,K,XXXX,8,48,F,2,200809,1,"$110,000",2.6
CM53,11,G,13,,G,0110,1,ZP-04,M,XXXX,2,10,F,1,200809,1,"$135,203",24.3
CM53,11,D,13,,D,0110,1,ZP-03,H,XXXX,8,10,F,1,200809,1,"$82,683",8.3
CM53,11,G,18,,F,0110,1,ZP-03,I,XXXX,8,10,F,1,200809,1,"$90,697",16.3
CM53,11,C,13,,A,0110,1,ZP-02,E,XXXX,8,15,F,1,200809,1,"$50,000",0.7
CM53,11,C,13,,C,0110,1,ZP-04,H,XXXX,8,10,F,1,200809,1,"$82,961",3.3
CM53,11,F,22,,D,0110,1,ZP-05,M,XXXX,2,10,F,1,200809,1,"$138,000",8.1
CM53,11,K,13,,J,0110,1,ZP-03,I,XXXX,8,10,F,1,200809,1,"$90,697",41.8
CM53,11,H,13,,I,0110,1,ZP-04,L,XXXX,8,10,F,1,200809,1,"$127,441",32.4
CM53,11,D,17,,C,0110,1,ZP-03,F,XXXX,8,15,F,1,200809,1,"$65,566",3.4
CM53,11,F,17,,F,0110,1,ZP-03,H,XXXX,8,10,F,1,200809,1,"$86,210",17.5
CM53,11,H,13,,H,0110,1,ZP-04,J,XXXX,8,10,F,1,200809,1,"$105,892",26.0
CM53,11,G,13,,G,0110,1,ZP-04,J,XXXX,8,10,F,1,200809,1,"$104,597",24.0
CM53,11,C,13,,C,0110,1,ZP-03,F,XXXX,8,10,F,1,200809,1,"$60,127",4.5
CM53,11,D,21,,D,0110,1,ZP-04,K,XXXX,8,10,F,1,200809,1,"$110,711",7.3
CM53,11,B,09,,C,0110,1,ZP-02,D,XXXX,8,15,F,1,200809,1,"$47,598",3.2
CM53,11,E,14,,D,0110,1,ZP-03,G,XXXX,8,10,F,1,200809,1,"$74,475",8.6
CM53,11,I,14,,H,0110,1,ZP-03,H,XXXX,8,10,F,1,200809,1,"$81,586",29.3
CM53,11,F,08,,H,0110,1,ZP-03,G,XXXX,8,10,F,1,200809,1,"$73,837",25.5
CM53,11,C,13,,D,0110,1,ZP-03,F,XXXX,8,10,F,1,200809,1,"$64,103",5.1
CM53,11,F,13,,F,0110,1,ZP-04,I,XXXX,8,10,F,1,200809,1,"$97,954",18.7
CM53,11,B,12,,B,0110,1,ZP-02,D,XXXX,8,15,P,2,200809,1,"$43,263",1.0
CM53,11,C,13,,A,0110,1,ZP-02,D,XXXX,8,15,F,1,200809,1,"$48,000",0.5
CM53,11,C,13,,C,0110,1,ZP-03,F,XXXX,8,10,F,1,200809,1,"$68,440",3.9
CM53,11,C,13,,C,0110,1,ZP-03,G,XXXX,8,10,F,1,200809,1,"$74,300",4.3
CM53,11,F,21,,A,0110,1,ZP-04,I,XXXX,8,15,F,1,200809,1,"$90,000",0.0
CM53,11,B,17,,A,0110,1,ZP-02,E,XXXX,8,15,F,1,200809,1,"$52,987",0.3
CM53,11,E,17,,C,0110,1,ZP-03,G,XXXX,8,10,F,1,200809,1,"$76,640",4.4
CM53,11,D,13,,B,0110,1,ZP-02,E,XXXX,8,15,F,1,200809,1,"$50,513",1.3
CM53,11,H,17,,I,0110,1,ZP-05,N,XXXX,2,10,F,1,200809,1,"$149,000",31.3
CM53,11,C,13,,C,0110,1,ZP-03,F,XXXX,8,10,F,1,200809,1,"$67,550",3.9
CM53,11,F,13,,F,0110,1,ZP-05,L,XXXX,2,10,F,1,200809,1,"$123,600",16.3
CM53,11,C,13,,C,0110,1,ZP-03,F,XXXX,8,10,F,1,200809,1,"$63,745",3.9
CM53,11,I,17,,H,0110,1,ZP-05,N,XXXX,2,10,F,1,200809,1,"$145,736",28.6
CM53,11,E,17,,E,0110,1,ZP-04,H,XXXX,8,10,F,1,200809,1,"$88,974",10.3
CM53,11,C,11,,B,0110,1,ZP-03,E,XXXX,8,15,F,1,200809,1,"$58,206",2.9
CM53,11,B,13,,A,0110,1,ZP-01,D,XXXX,8,15,F,1,200809,1,"$46,011",0.8
CM53,11,C,12,,C,0110,1,ZP-02,F,XXXX,8,10,F,1,200809,1,"$63,117",3.8
CM53,11,J,14,,I,0110,1,ZP-03,I,XXXX,8,10,F,1,200809,1,"$90,697",34.3
CM53,11,G,17,,H,0110,1,ZP-04,L,XXXX,8,10,F,1,200809,1,"$127,441",26.0
CM53,11,I,13,,J,0110,1,ZP-05,N,XXXX,2,10,F,1,200809,1,"$149,000",36.0
CM53,11,E,14,,F,0110,1,ZP-03,H,XXXX,8,10,F,1,200809,1,"$81,169",17.3
CM53,11,F,17,,F,0110,1,ZP-04,L,XXXX,8,10,P,2,200809,1,"$127,441",17.3
CM53,11,E,13,,E,0110,1,ZP-03,H,XXXX,8,10,F,1,200809,1,"$86,528",11.6
CM53,11,C,14,,D,0110,1,ZP-03,G,XXXX,8,10,F,1,200809,1,"$75,398",7.0
CM53,11,F,14,,F,0110,1,ZP-04,K,XXXX,8,10,F,1,200809,1,"$117,472",18.3
CM53,11,G,17,,F,0110,1,ZP-04,K,XXXX,8,10,F,1,200809,1,"$118,681",19.1
CM53,11,G,17,,G,0110,1,ZP-04,L,XXXX,8,10,F,1,200809,1,"$127,441",21.9
CM53,11,I,21,,H,0110,1,ZP-05,N,XXXX,2,10,F,1,200809,1,"$149,000",25.8
CM53,11,H,13,,I,0110,1,ZP-05,N,XXXX,2,10,F,1,200809,1,"$149,000",34.8
CM53,11,E,17,,D,0110,1,ZP-04,K,XXXX,2,10,F,1,200809,1,"$113,751",9.3
CM53,11,G,14,,E,0110,1,ZP-03,F,XXXX,8,10,F,1,200809,1,"$69,411",11.0
CM53,11,F,13,,G,0110,1,ZP-03,I,XXXX,8,10,F,1,200809,1,"$90,697",21.1
CM53,11,H,21,,C,0110,1,ZP-05,M,XXXX,8,10,F,1,200809,1,"$138,637",4.3
CM53,11,E,14,,E,0110,1,ZP-04,K,XXXX,8,10,P,2,200809,1,"$110,071",13.9
CM53,11,D,21,,C,0110,1,ZP-04,J,XXXX,8,10,F,1,200809,1,"$104,264",4.1
CM53,11,C,14,,C,0110,1,ZP-03,F,XXXX,8,10,F,1,200809,1,"$60,738",3.9
CM53,11,J,17,,J,0110,1,ZP-04,M,XXXX,2,10,F,1,200809,1,"$135,203",38.6
CM53,11,D,14,,D,0110,1,ZP-03,G,XXXX,8,10,F,1,200809,1,"$78,419",9.0
CM53,11,C,13,,C,0110,1,ZP-03,F,XXXX,8,10,F,1,200809,1,"$61,749",4.4
CM53,11,C,13,,C,0110,1,ZP-03,F,XXXX,8,10,F,1,200809,1,"$61,978",3.1
CM53,11,C,12,,D,0110,1,ZP-03,G,XXXX,8,10,F,1,200809,1,"$79,871",5.1
CM53,11,G,13,,G,0110,1,ZP-05,N,XXXX,2,10,F,1,200809,1,"$149,000",24.0
CM53,11,I,19,,H,0110,1,ZP-03,I,XXXX,8,10,F,1,200809,1,"$90,697",29.6
CM53,11,D,17,,D,0110,1,ZP-03,F,XXXX,8,10,F,1,200809,1,"$64,241",7.4
CM53,11,C,13,,D,0110,1,ZP-03,F,XXXX,8,10,F,1,200809,1,"$69,359",6.0
CM53,11,G,13,,H,0110,1,ZP-04,M,XXXX,2,10,F,1,200809,1,"$135,203",27.6
CM53,11,J,13,,I,0110,1,ZP-05,N,XXXX,2,10,F,1,200809,1,"$149,000",31.4
CM53,11,D,13,,D,0110,1,ZP-04,K,XXXX,2,10,F,1,200809,1,"$116,999",9.0
CM53,11,C,17,,B,0110,1,ZP-03,G,XXXX,8,15,F,1,200809,1,"$70,000",2.5
CM53,11,B,13,,B,0110,1,ZP-02,D,XXXX,8,15,F,1,200809,1,"$40,000",2.1
CM53,11,H,13,,I,0110,1,ZP-03,I,XXXX,8,10,P,2,200809,1,"$90,697",31.3
CM53,11,I,14,,I,0110,1,ES-**,O,XXXX,2,50,F,1,200809,1,"$158,500",31.9
CM53,11,J,21,,H,0110,1,ZP-04,L,XXXX,8,10,F,1,200809,1,"$124,947",27.3
CM53,11,I,17,,H,0110,1,ZP-04,M,XXXX,2,10,F,1,200809,1,"$135,203",25.3
CM53,11,I,17,,H,0110,1,ZP-05,N,XXXX,2,10,F,1,200809,1,"$149,000",29.0
CM53,11,H,22,,E,0110,1,ZP-04,L,XXXX,2,10,F,1,200809,1,"$120,161",10.0
CM53,11,D,21,,B,0110,1,ZP-03,G,XXXX,8,15,F,1,200809,1,"$79,041",2.1
CM53,11,F,18,,F,0110,1,ZP-04,M,XXXX,2,10,F,1,200809,1,"$131,071",16.3
CM53,11,D,13,,B,0110,1,ZP-02,D,XXXX,8,15,F,1,200809,1,"$47,020",2.3
CM53,11,G,13,,C,0110,1,ZP-05,M,XXXX,8,10,F,1,200809,1,"$135,603",4.0
CM53,11,H,13,,H,0110,1,ZP-03,I,XXXX,8,10,F,1,200809,1,"$90,697",29.3
CM53,11,G,04,,E,0110,1,ZP-05,N,XXXX,8,10,F,1,200809,1,"$147,252",13.8
CM53,11,D,17,,C,0110,1,ZP-03,G,XXXX,8,10,F,1,200809,1,"$73,938",4.3
CM53,11,I,21,,D,0110,1,ZP-04,J,XXXX,8,10,F,1,200809,1,"$109,758",7.7
CM53,11,B,04,,A,0110,1,ZP-02,D,XXXX,8,15,F,1,200809,1,"$40,366",0.3
CM53,11,E,13,,F,0110,1,ZP-04,L,XXXX,8,10,F,1,200809,1,"$127,441",16.9
CM53,11,D,13,,C,0110,1,ZP-03,F,XXXX,8,10,F,1,200809,1,"$61,087",3.2
CM53,11,B,13,,B,0110,1,ZP-02,D,XXXX,8,15,F,1,200809,1,"$48,108",1.9
CM53,11,D,13,,C,0110,1,ZP-04,H,XXXX,8,10,F,1,200809,1,"$87,772",4.3
CM53,11,E,13,,E,0110,1,ZP-04,K,XXXX,2,10,F,1,200809,1,"$116,020",13.3
CM53,11,D,13,,D,0110,1,ZP-04,I,XXXX,8,10,F,1,200809,1,"$92,764",5.0
CM53,11,F,18,,D,0110,1,ZP-04,K,XXXX,8,10,F,1,200809,1,"$116,675",9.0
CM53,11,C,14,,C,0110,1,ZP-03,F,XXXX,8,10,F,1,200809,1,"$63,380",4.3
CM53,11,C,21,,A,0110,1,ZP-03,I,XXXX,8,15,F,1,200809,1,"$90,697",0.9
CM53,11,C,18,,B,0110,1,ZP-03,H,XXXX,8,15,F,1,200809,1,"$84,496",2.1
CM53,11,H,17,,D,0110,1,ZP-04,I,XXXX,8,10,F,1,200809,1,"$97,491",5.1
CM53,11,H,17,,G,0110,1,ES-**,Q,XXXX,2,50,F,1,200809,1,"$172,200",23.8
CM53,11,H,21,,G,0110,1,ZP-04,L,XXXX,8,10,F,1,200809,1,"$127,441",20.2
CM53,11,C,13,,B,0110,1,ZP-03,E,XXXX,8,15,F,1,200809,1,"$58,206",2.3
CM53,11,J,14,,I,0110,1,ZP-05,N,XXXX,2,10,F,1,200809,1,"$149,000",31.5
CM53,11,E,17,,D,0110,1,ZP-03,G,XXXX,8,15,F,1,200809,1,"$78,366",8.1
CM53,11,D,13,,D,0110,1,ZP-03,G,XXXX,8,10,F,1,200809,1,"$75,127",5.3
CM53,11,D,13,,D,0110,1,ZP-04,I,XXXX,2,10,F,1,200809,1,"$93,667",8.3
CM53,11,D,13,,C,0110,1,ZP-03,G,XXXX,8,10,F,1,200809,1,"$77,844",4.9
CM53,11,C,13,,C,0110,1,ZP-03,E,XXXX,8,10,F,1,200809,1,"$58,206",3.8
CM53,11,I,21,,F,0110,1,ZP-05,M,XXXX,2,10,F,1,200809,1,"$138,613",19.1
CM53,11,D,13,,D,0110,1,ZP-03,E,XXXX,8,10,F,1,200809,1,"$58,206",9.3
CM53,11,J,18,,J,0110,1,ZP-04,M,XXXX,2,10,F,1,200809,1,"$134,041",36.2
CM53,11,F,17,,F,0110,1,ZP-04,J,XXXX,8,10,F,1,200809,1,"$108,610",18.1
CM53,11,F,13,,F,0110,1,ZP-04,K,XXXX,8,10,P,2,200809,1,"$111,939",18.0
CM53,11,E,13,,D,0110,1,ZP-03,H,XXXX,8,10,F,1,200809,1,"$84,043",9.4
CM53,11,G,13,,G,0110,1,ZP-03,G,XXXX,8,10,F,1,200809,1,"$73,591",20.2
CM53,11,H,21,,E,0110,1,ES-**,O,XXXX,2,50,F,1,200809,1,"$157,940",10.3
CM53,11,H,13,,J,0110,1,ZP-04,I,XXXX,8,10,F,1,200809,1,"$96,140",36.1
CM53,11,E,17,,G,0110,1,ZP-03,H,XXXX,8,10,F,1,200809,1,"$85,420",20.8
CM53,11,D,13,,E,0110,1,ZP-04,H,XXXX,8,10,F,1,200809,1,"$89,593",10.0
CM53,11,F,14,,G,0110,1,ZP-04,L,XXXX,2,10,F,1,200809,1,"$122,469",21.8
CM53,11,C,13,,C,0110,1,ZP-03,F,XXXX,8,10,F,1,200809,1,"$66,607",4.8
CM53,11,J,13,,H,0110,1,ZP-03,I,XXXX,8,10,F,1,200809,1,"$90,697",25.7
CM53,11,H,04,,I,0110,1,ZP-03,H,XXXX,8,10,F,1,200809,1,"$81,198",32.9
CM53,11,G,13,,H,0110,1,ZP-04,J,XXXX,8,10,F,1,200809,1,"$105,007",25.6
CM53,11,E,13,,E,0110,1,ZP-04,K,XXXX,8,10,F,1,200809,1,"$111,607",13.2
CM53,11,F,13,,F,0110,1,ZP-04,L,XXXX,2,10,F,1,200809,1,"$127,442",18.3
CM53,11,F,13,,E,0110,1,ES-**,O,XXXX,2,50,F,1,200809,1,"$157,688",14.8
CM53,11,F,17,,E,0110,1,ZP-03,I,XXXX,8,10,F,1,200809,1,"$90,697",13.0
CM53,11,B,14,,A,0110,1,ZP-02,E,XXXX,8,15,F,1,200809,1,"$50,000",0.9
CM53,11,D,13,,D,0110,1,ZP-04,K,XXXX,8,10,F,1,200809,1,"$114,000",9.3
CM53,11,H,13,,I,0110,1,ZP-04,M,XXXX,2,10,F,1,200809,1,"$135,203",30.4
CM53,11,C,13,,D,0110,1,ZP-03,H,XXXX,8,10,P,2,200809,1,"$82,368",7.3
CM53,11,F,13,,F,0110,1,ZP-04,J,XXXX,8,10,F,1,200809,1,"$102,676",17.9
CM53,11,D,11,,D,0110,1,ZP-04,J,XXXX,8,10,F,1,200809,1,"$109,471",9.7
CM53,11,D,13,,E,0110,1,ZP-04,I,XXXX,8,10,F,1,200809,1,"$97,050",10.8
CM53,11,G,13,,G,0110,1,ZP-02,E,XXXX,8,10,F,1,200809,1,"$58,206",24.3
CM53,11,H,13,,I,0110,1,ZP-05,N,XXXX,8,10,F,1,200809,1,"$144,527",30.7
CM53,11,D,13,,E,0110,1,ZP-04,J,XXXX,8,10,F,1,200809,1,"$105,219",11.3
CM53,11,F,14,,F,0110,1,ZP-04,K,XXXX,2,10,F,1,200809,1,"$116,759",19.6
CM53,11,C,13,,B,0110,1,ZP-03,F,XXXX,8,15,F,1,200809,1,"$62,222",2.8
CM53,11,C,13,,D,0110,1,ZP-03,G,XXXX,8,10,F,1,200809,1,"$75,847",7.3
CM53,11,K,21,,J,0110,1,ZP-05,N,XXXX,8,10,F,1,200809,1,"$149,000",37.1
CM53,11,H,13,,E,0110,1,ZP-03,G,XXXX,8,10,F,1,200809,1,"$77,277",10.3
CM53,11,F,13,,F,0110,1,ZP-05,M,XXXX,2,10,F,1,200809,1,"$133,548",17.5
CM53,11,F,13,,F,0110,1,ZP-04,M,XXXX,2,10,F,1,200809,1,"$130,629",17.2
CM53,11,C,13,,D,0110,1,ZP-04,I,XXXX,8,10,F,1,200809,1,"$91,833",5.3
CM53,11,G,13,,G,0110,1,ZP-04,K,XXXX,8,10,F,1,200809,1,"$117,502",22.0
CM53,11,C,13,,C,0110,1,ZP-02,D,XXXX,8,10,F,1,200809,1,"$45,093",4.3
CM53,11,B,11,,B,0110,1,ZP-02,D,XXXX,8,15,P,2,200809,1,"$45,230",1.0
CM53,11,I,21,,I,0110,1,ZP-04,L,XXXX,8,10,F,1,200809,1,"$121,983",33.3
CM53,11,E,13,,F,0110,1,ZP-04,K,XXXX,2,10,F,1,200809,1,"$113,946",15.3
CM53,11,D,13,,D,0110,1,ZP-04,H,XXXX,8,10,F,1,200809,1,"$87,083",8.8
CM53,11,I,13,,I,0110,1,ZP-03,H,XXXX,8,10,F,1,200809,1,"$89,374",33.6
CM53,11,D,13,,E,0110,1,ZP-04,J,XXXX,8,10,F,1,200809,1,"$100,049",10.1
CM53,11,C,17,,C,0110,1,ZP-03,G,XXXX,8,10,F,1,200809,1,"$70,798",4.3
CM53,11,B,13,,B,0110,1,ZP-02,E,XXXX,8,15,F,1,200809,1,"$52,502",2.3
CM53,11,C,14,,D,0110,1,ZP-03,G,XXXX,8,10,F,1,200809,1,"$77,857",5.3
CM53,11,E,09,,B,0110,1,ZP-02,F,XXXX,8,15,F,1,200809,1,"$63,020",2.3
CM53,11,J,21,,F,0110,1,ZP-04,L,XXXX,8,10,F,1,200809,1,"$122,226",17.7
CM53,11,H,17,,I,0110,1,ZP-04,M,XXXX,2,10,F,1,200809,1,"$132,147",33.6
CM53,11,F,04,,E,0110,1,ZP-03,F,XXXX,8,10,F,1,200809,1,"$68,515",10.9
CM53,11,C,17,,A,0110,1,ZP-02,D,XXXX,8,15,F,1,200809,1,"$48,108",0.3
CM53,11,I,17,,H,0110,1,ZP-04,I,XXXX,8,10,P,2,200809,1,"$98,219",25.4
CM53,11,E,18,,D,0110,1,ZP-03,I,XXXX,8,10,F,1,200809,1,"$90,697",7.3
CM53,11,C,13,,C,0110,1,ZP-03,F,XXXX,8,10,F,1,200809,1,"$61,873",3.4
CM53,11,H,21,,G,0110,1,ZP-05,N,XXXX,2,10,F,1,200809,1,"$149,000",23.3
CM53,11,F,17,,D,0110,1,ZP-03,G,XXXX,8,10,F,1,200809,1,"$71,343",7.8
CM53,11,I,14,,I,0110,1,ZP-04,K,XXXX,8,10,F,1,200809,1,"$114,533",32.9
CM53,11,C,13,,B,0110,1,ZP-03,E,XXXX,8,15,F,1,200809,1,"$58,206",2.5
CM53,11,C,14,,C,0110,1,ZP-03,F,XXXX,8,10,F,1,200809,1,"$65,827",3.9
CM53,11,C,13,,D,0110,1,ZP-03,G,XXXX,8,10,F,1,200809,1,"$77,897",6.0
CM53,11,C,13,,D,0110,1,ZP-03,G,XXXX,8,10,F,1,200809,1,"$79,535",7.3
CM53,11,E,13,,E,0110,1,ZP-04,L,XXXX,8,10,F,1,200809,1,"$123,312",14.1
CM53,11,I,17,,H,0110,1,ZP-04,J,XXXX,8,10,F,1,200809,1,"$106,049",28.8
CM53,11,C,13,,D,0110,1,ZP-03,F,XXXX,8,10,F,1,200809,1,"$63,103",5.4
CM53,11,C,13,,C,0110,1,ZP-03,G,XXXX,8,10,F,1,200809,1,"$70,934",4.8
CM53,11,G,17,,F,0110,1,ZP-03,H,XXXX,8,10,F,1,200809,1,"$85,008",18.7
CM53,11,J,21,,I,0110,1,ES-**,Q,XXXX,2,50,F,1,200809,1,"$172,200",30.6
CM53,11,H,17,,F,0110,1,ZP-04,K,XXXX,8,10,F,1,200809,1,"$115,275",18.1
CM53,11,C,13,,B,0110,1,ZP-02,D,XXXX,8,15,F,1,200809,1,"$48,108",1.3
CM53,11,K,13,,I,0110,1,ZP-04,L,XXXX,8,10,F,1,200809,1,"$127,441",34.8
CM53,11,J,18,,I,0110,1,ZP-04,L,XXXX,8,10,F,1,200809,1,"$127,441",30.2
CM53,11,C,13,,D,0110,1,ZP-04,J,XXXX,2,10,F,1,200809,1,"$105,501",7.3
CM53,11,I,13,,I,0110,1,ZP-04,L,XXXX,8,10,F,1,200809,1,"$127,441",32.0
CM53,11,D,17,,D,0110,1,ZP-04,I,XXXX,8,10,F,1,200809,1,"$92,785",8.2
CM53,11,G,17,,G,0110,1,ZP-05,N,XXXX,2,10,F,1,200809,1,"$149,000",23.8
CM53,11,D,13,,E,0110,1,ZP-03,G,XXXX,8,10,F,1,200809,1,"$76,433",10.0
CM53,11,I,17,,F,0110,1,ES-**,P,XXXX,2,50,F,1,200809,1,"$162,230",19.9
CM53,11,E,13,,E,0110,1,ZP-04,J,XXXX,8,10,F,1,200809,1,"$106,547",13.6
CM53,11,B,13,,B,0110,1,ZP-02,E,XXXX,8,15,F,1,200809,1,"$52,827",2.3
CM53,11,C,11,,D,0110,1,ZP-03,G,XXXX,8,10,F,1,200809,1,"$75,890",7.8
CM53,11,I,17,,H,0110,1,ZP-04,L,XXXX,8,10,F,1,200809,1,"$127,441",29.4
CM53,11,F,13,,G,0110,1,ZP-04,L,XXXX,8,10,F,1,200809,1,"$126,797",20.1
CM53,11,D,13,,D,0110,1,ZP-04,I,XXXX,8,10,F,1,200809,1,"$93,381",8.2
CM53,11,D,13,,D,0110,1,ZP-03,G,XXXX,8,10,F,1,200809,1,"$75,440",6.5
CM53,11,D,17,,D,0110,1,ZP-04,J,XXXX,2,10,F,1,200809,1,"$106,535",9.9
CM53,11,G,21,,C,0110,1,ZP-05,M,XXXX,2,10,F,1,200809,1,"$134,196",4.1
CM53,11,J,17,,H,0110,1,ZP-04,K,XXXX,8,10,F,1,200809,1,"$115,482",27.8
CM53,11,G,18,,G,0110,1,ZP-04,M,XXXX,2,10,F,1,200809,1,"$130,489",24.8
CM53,11,E,13,,E,0110,1,ZP-04,L,XXXX,2,10,F,1,200809,1,"$124,863",11.3
CM53,11,C,13,,D,0110,1,ZP-03,G,XXXX,8,10,F,1,200809,1,"$70,715",5.7
CM53,11,G,13,,G,0110,1,ZP-03,I,XXXX,8,10,F,1,200809,1,"$90,697",23.6
CM53,11,C,13,,C,0110,1,ZP-03,F,XXXX,8,10,F,1,200809,1,"$65,585",4.1
CM53,11,F,04,,B,0110,1,ZP-03,H,XXXX,8,15,F,1,200809,1,"$87,230",2.6
CM53,11,D,17,,C,0110,1,ZP-04,H,XXXX,2,10,F,1,200809,1,"$85,500",4.3
CM53,11,J,13,,J,0110,1,ZP-05,N,XXXX,2,10,F,1,200809,1,"$149,000",38.2
CM53,11,G,21,,D,0110,1,ZP-04,L,XXXX,8,10,F,1,200809,1,"$122,221",5.2
CM53,11,C,13,,B,0110,1,ZP-03,E,XXXX,8,15,F,1,200809,1,"$58,206",2.9
CM53,11,C,17,,C,0110,1,ZP-03,G,XXXX,8,10,F,1,200809,1,"$78,740",4.1
CM53,11,C,21,,A,0110,1,ZP-04,J,XXXX,8,15,F,1,200809,1,"$102,000",0.0
CM53,11,D,13,,D,0110,1,ZP-05,K,XXXX,2,10,F,1,200809,1,"$115,317",8.3
CM53,11,F,13,,F,0110,1,ZP-04,J,XXXX,8,10,F,1,200809,1,"$104,127",17.3
CM53,11,H,13,,H,0110,1,ZP-03,I,XXXX,8,10,F,1,200809,1,"$90,697",27.9
CM53,11,H,13,,I,0110,1,ZP-05,N,XXXX,2,10,F,1,200809,1,"$149,000",31.6
CM53,11,E,14,,E,0110,1,ZP-04,J,XXXX,8,10,F,1,200809,1,"$103,049",11.2
CM53,11,H,22,,F,0110,1,ZP-04,M,XXXX,2,10,F,1,200809,1,"$135,203",16.7
CM53,11,D,17,,E,0110,1,ZP-03,H,XXXX,8,10,F,1,200809,1,"$86,429",10.1
CM53,11,G,04,,D,0110,1,ZP-03,H,XXXX,8,10,F,1,200809,1,"$87,111",8.3
CM53,11,I,14,,I,0110,1,ZP-04,M,XXXX,2,10,F,1,200809,1,"$131,856",32.3
CM53,11,I,17,,I,0110,1,ZP-05,N,XXXX,8,10,F,1,200809,1,"$149,000",33.0
CM53,11,H,13,,I,0110,1,ZP-04,L,XXXX,2,10,F,1,200809,1,"$120,349",30.1
CM53,11,H,21,,D,0110,1,ZP-04,L,XXXX,8,10,F,1,200809,1,"$127,441",5.0
CM53,11,C,17,,B,0110,1,ZP-03,F,XXXX,8,15,F,1,200809,1,"$62,250",2.8
CM53,11,I,13,,G,0110,1,ZP-03,I,XXXX,8,10,F,1,200809,1,"$90,697",23.4
CM53,11,D,14,,D,0110,1,ZP-03,H,XXXX,8,10,F,1,200809,1,"$82,236",7.8
CM53,11,C,13,,D,0110,1,ZP-04,H,XXXX,8,10,F,1,200809,1,"$82,961",5.1
CM53,11,K,21,,I,0110,1,ZP-05,N,XXXX,2,10,F,1,200809,1,"$149,000",32.9
CM53,11,F,13,,F,0110,1,ZP-05,M,XXXX,2,10,F,1,200809,1,"$132,822",19.2
CM53,11,G,14,,E,0110,1,ZP-04,K,XXXX,8,10,F,1,200809,1,"$119,585",14.9
CM53,11,C,13,,D,0110,1,ZP-03,G,XXXX,8,10,F,1,200809,1,"$73,992",5.4
CM53,11,C,13,,C,0110,1,ZP-03,F,XXXX,8,10,F,1,200809,1,"$63,379",4.8
CM53,11,C,13,,C,0110,1,ZP-03,G,XXXX,8,10,F,1,200809,1,"$70,960",3.5
CM53,11,H,17,,E,0110,1,ZP-03,H,XXXX,8,10,F,1,200809,1,"$81,023",10.1
CM53,11,K,21,,I,0110,1,ES-**,P,XXXX,2,50,F,1,200809,1,"$160,847",33.1
CM53,11,C,17,,A,0110,1,ZP-02,D,XXXX,8,15,F,1,200809,1,"$48,107",0.8
CM53,11,H,17,,B,0110,1,ZP-03,F,XXXX,8,15,F,1,200809,1,"$64,027",2.5
CM53,11,E,21,,B,0110,1,ZP-03,I,XXXX,8,15,F,1,200809,1,"$90,697",2.3
CM53,11,I,13,,J,0110,1,ZP-04,L,XXXX,8,10,F,1,200809,1,"$127,441",35.1
CM53,11,J,21,,H,0110,1,ZP-05,N,XXXX,2,10,F,1,200809,1,"$149,000",29.3
CM53,11,I,17,,I,0110,1,ZP-05,N,XXXX,8,10,F,1,200809,1,"$149,000",32.8
CM53,11,C,13,,C,0110,1,ZP-03,G,XXXX,8,10,F,1,200809,1,"$79,000",4.3
CM53,11,C,14,,C,0110,1,ZP-03,E,XXXX,8,10,F,1,200809,1,"$59,515",3.3
CM53,11,F,17,,F,0110,1,ZP-04,K,XXXX,8,10,F,1,200809,1,"$113,995",15.1
CM53,11,C,13,,D,0110,1,ZP-03,F,XXXX,8,10,F,1,200809,1,"$63,120",5.0
CM53,11,H,14,,H,0110,1,ZP-04,L,XXXX,8,10,F,1,200809,1,"$127,441",28.3
CM53,11,D,17,,B,0110,1,ZP-03,E,XXXX,8,15,F,1,200809,1,"$58,206",2.3
CM53,11,I,21,,H,0110,1,ES-**,Q,XXXX,2,50,F,1,200809,1,"$172,200",29.1
CM53,11,J,21,,J,0110,1,ZP-05,N,XXXX,2,10,F,1,200809,1,"$149,000",35.6
CM53,11,D,17,,D,0110,1,ZP-03,H,XXXX,8,10,F,1,200809,1,"$83,068",9.3
CM53,11,E,17,,E,0110,1,ZP-04,K,XXXX,2,10,F,1,200809,1,"$113,305",12.0
CM53,11,C,13,,D,0110,1,ZP-03,G,XXXX,8,10,F,1,200809,1,"$76,690",7.3
CM53,11,G,17,,G,0110,1,ZP-03,I,XXXX,8,38,F,1,200809,1,"$90,065",21.4
CM53,11,F,13,,F,0110,1,ZP-05,N,XXXX,2,10,F,1,200809,1,"$140,000",16.8
CM53,11,C,13,,C,0110,1,ZP-03,F,XXXX,8,10,F,1,200809,1,"$64,267",3.7
CM53,11,G,17,,G,0110,1,ZP-04,L,XXXX,8,10,F,1,200809,1,"$127,441",20.0
CM53,11,I,21,,D,0110,1,ZP-04,K,XXXX,8,10,F,1,200809,1,"$119,805",7.0
CM53,11,F,17,,D,0110,1,ZP-03,H,XXXX,8,15,P,2,200809,1,"$82,295",6.7
CM53,11,B,12,,A,0110,1,ZP-02,C,XXXX,8,15,F,1,200809,1,"$39,330",0.8
CM53,11,F,17,,E,0110,1,ZP-04,J,XXXX,8,10,F,1,200809,1,"$100,000",14.0
CM53,11,C,21,,B,0110,1,ZP-03,I,XXXX,8,15,F,1,200809,1,"$90,697",1.3
CM53,11,H,13,,G,0110,1,ZP-04,K,XXXX,8,10,F,1,200809,1,"$118,375",24.6
CM53,11,H,17,,G,0110,1,ZP-05,N,XXXX,2,10,F,1,200809,1,"$140,741",21.6
CM53,11,D,13,,C,0110,1,ZP-03,F,XXXX,8,10,F,1,200809,1,"$64,786",4.1
CM53,11,J,17,,D,0110,1,ZP-05,N,XXXX,8,15,F,1,200809,1,"$144,405",9.9
CM53,11,C,13,,C,0110,1,ZP-02,D,XXXX,8,15,F,1,200809,1,"$40,000",3.6
CM53,11,F,13,,F,0110,1,ZP-03,I,XXXX,8,10,F,1,200809,1,"$90,697",18.1
CM53,11,E,17,,E,0110,1,ZP-03,G,XXXX,8,10,F,1,200809,1,"$76,869",10.9
CM53,11,C,13,,B,0110,1,ZP-03,E,XXXX,8,15,F,1,200809,1,"$58,206",2.3
CM53,11,G,13,,F,0110,1,ZP-03,I,XXXX,8,10,F,1,200809,1,"$90,697",17.8
CM54,**,J,21,,H,0110,1,ZP-04,L,XXXX,8,10,F,1,200809,1,"$128,611",26.4
CM54,12,E,21,,B,0110,1,ZP-03,H,XXXX,8,15,F,1,200809,1,"$84,804",2.5
CM54,24,E,17,,C,0110,1,ZP-04,H,XXXX,8,10,F,1,200809,1,"$82,961",4.7
CM54,12,F,21,,D,0110,1,ZP-03,H,XXXX,8,10,F,1,200809,1,"$89,361",7.0
CM54,24,F,13,,D,0110,1,ZP-04,I,XXXX,8,10,F,1,200809,1,"$98,856",8.1
CM54,24,I,15,,F,0110,1,ZP-03,I,XXXX,8,10,F,1,200809,1,"$90,697",18.5
CM54,24,D,20,,D,0110,1,ZP-04,J,XXXX,8,15,F,1,200809,1,"$102,934",5.2
CM54,24,F,17,,D,0110,1,ZP-04,J,XXXX,8,10,P,2,200809,1,"$109,992",9.5
CM54,12,E,21,,D,0110,1,ZP-03,H,XXXX,8,10,F,1,200809,1,"$89,361",5.8
CM54,15,I,17,,H,0110,1,ZP-04,I,XXXX,8,10,F,1,200809,1,"$94,222",27.7
CM54,15,G,21,,D,0110,1,ZP-04,G,XXXX,8,10,F,1,200809,1,"$79,539",5.9
CM54,25,G,17,,G,0110,1,ZP-04,J,XXXX,8,10,F,1,200809,1,"$109,514",21.7
CM54,25,G,21,,F,0110,1,ZP-04,L,XXXX,8,10,F,1,200809,1,"$129,149",15.1
CM54,53,E,21,,C,0110,1,ZP-04,I,XXXX,8,10,F,1,200809,1,"$95,816",4.2
CM54,45,G,17,,H,0110,1,ZA-04,I,XXXX,8,10,F,1,200809,1,"$95,531",29.6
CM54,24,H,17,,B,0110,1,ZP-05,N,XXXX,8,15,F,1,200809,1,"$144,272",1.4
CM54,06,I,18,,H,0110,1,ZP-05,N,XXXX,2,10,F,1,200809,1,"$147,816",29.4
CM54,24,G,21,,D,0110,1,ZP-05,N,XXXX,2,10,F,1,200809,1,"$144,584",9.5
CM54,24,G,17,,G,0110,1,ZP-04,L,XXXX,8,10,P,2,200809,1,"$122,718",20.7
CM54,53,H,21,,D,0110,1,ZP-04,J,XXXX,8,10,F,1,200809,1,"$105,512",9.5
CM54,02,F,18,,D,0110,1,ZP-03,G,XXXX,8,10,F,1,200809,1,"$75,024",5.7
CM54,02,I,21,,D,0110,1,ZP-04,J,XXXX,8,10,F,1,200809,1,"$105,419",8.2
CM54,24,C,,,B,0110,1,ZP-02,E,XXXX,8,42,P,2,200809,1,"$58,290",1.3
CM54,53,E,17,,C,0110,1,ZP-04,H,XXXX,8,10,F,1,200809,1,"$82,200",4.1
CM54,53,H,21,,E,0110,1,ZP-04,J,XXXX,2,10,F,1,200809,1,"$105,512",11.0
CM54,24,H,21,,J,0110,1,ZP-04,L,XXXX,8,10,F,1,200809,1,"$127,441",35.7
CM54,53,I,21,,G,0110,1,ZP-04,M,XXXX,2,10,F,1,200809,1,"$133,927",24.2
CM54,24,F,21,,E,0110,1,ZP-04,K,XXXX,8,10,F,1,200809,1,"$112,836",11.1
CM54,25,K,21,,I,0110,1,ZP-04,M,XXXX,2,10,F,1,200809,1,"$132,093",31.7
CM54,06,D,21,,A,0110,1,ZP-03,G,XXXX,8,15,F,1,200809,1,"$76,500",0.1
CM54,53,G,21,,B,0110,1,ZP-04,I,XXXX,8,15,F,1,200809,1,"$92,086",1.4
CM54,53,F,21,,B,0110,1,ZP-04,J,XXXX,8,15,F,1,200809,1,"$105,020",2.3
CM54,15,C,17,,B,0110,1,ZP-03,E,XXXX,8,15,F,1,200809,1,"$55,065",2.0
CM54,12,I,21,13,D,0110,1,GS-13,I,XXXX,8,10,F,1,200809,1,"$95,797",5.3
CM54,25,K,21,,G,0110,1,ZP-04,M,XXXX,2,10,F,1,200809,1,"$137,013",24.8
CM54,53,G,17,,D,0110,1,ZP-04,I,XXXX,2,10,F,1,200809,1,"$91,834",8.3
CM54,24,I,20,,G,0110,1,ZP-04,L,XXXX,8,10,F,1,200809,1,"$122,718",22.6
CM54,25,H,17,,G,0110,1,ZP-04,I,XXXX,8,10,F,1,200809,1,"$97,427",20.9
CM54,24,E,17,,B,0110,1,ZP-04,H,XXXX,8,15,F,1,200809,1,"$88,352",2.9
CM54,53,F,21,,D,0110,1,ZP-03,H,XXXX,8,15,F,1,200809,1,"$85,252",7.5
CM54,06,C,17,,B,0110,1,ZP-03,F,XXXX,8,15,F,1,200809,1,"$60,310",2.8
CM54,06,E,,,D,0110,1,ZP-04,I,XXXX,8,20,F,2,200809,1,"$98,197",5.2
CM54,53,F,21,,E,0110,1,ZP-04,K,XXXX,2,10,F,1,200809,1,"$110,260",10.0
CM54,25,G,17,,F,0110,1,ZP-04,J,XXXX,8,10,F,1,200809,1,"$107,595",17.6
CM54,24,D,13,,C,0110,1,ZP-03,F,XXXX,8,15,P,2,200809,1,"$64,027",3.6
CM54,12,H,16,13,D,0110,1,GS-13,I,XXXX,8,10,F,1,200809,1,"$93,207",8.0
CM54,24,J,14,,I,0110,1,ZP-04,L,XXXX,8,10,F,1,200809,1,"$127,441",34.0
CM54,24,D,17,,E,0110,1,ZP-04,K,XXXX,8,10,F,1,200809,1,"$112,469",10.7
CM54,24,F,21,,D,0110,1,ZP-03,I,XXXX,8,10,F,1,200809,1,"$90,697",9.5
CM54,53,J,21,,I,0110,1,ZP-04,L,XXXX,8,10,F,1,200809,1,"$126,239",33.4
CM54,53,H,21,,G,0110,1,ZP-04,L,XXXX,2,10,F,1,200809,1,"$121,874",21.3
CM54,06,D,21,,A,0110,1,ZP-03,G,XXXX,8,15,F,1,200809,1,"$76,482",0.0
CM54,12,K,21,13,J,0110,1,GS-13,J,XXXX,8,10,F,1,200809,1,"$100,976",39.2
CM54,25,F,17,,F,0110,1,ZP-04,J,XXXX,8,10,F,1,200809,1,"$105,491",16.2
CM54,12,G,21,13,E,0110,1,GS-13,I,XXXX,8,10,F,1,200809,1,"$93,207",10.6
CM54,37,I,18,,I,0110,1,ZP-04,L,XXXX,2,10,F,1,200809,1,"$125,752",30.0
CM54,24,F,17,,D,0110,1,ZP-04,K,XXXX,8,10,F,1,200809,1,"$112,350",7.3
CM54,53,E,21,,D,0110,1,ZP-04,K,XXXX,2,10,F,1,200809,1,"$116,474",7.5
CM54,06,I,17,,I,0110,1,ZP-04,L,XXXX,2,10,F,1,200809,1,"$129,514",30.2
CM54,12,H,21,,F,0110,1,ZP-04,L,XXXX,2,10,F,1,200809,1,"$121,997",19.6
CM54,06,J,21,,H,0110,1,ZP-04,L,XXXX,8,10,F,1,200809,1,"$128,361",29.0
CM54,06,G,21,,C,0110,1,ZP-04,J,XXXX,8,10,F,1,200809,1,"$100,362",3.7
CM54,12,E,22,,C,0110,1,ZP-03,H,XXXX,8,10,F,1,200809,1,"$88,491",4.8
CM54,24,F,13,,G,0110,1,ZP-04,I,XXXX,8,10,F,1,200809,1,"$96,546",20.9
CM55,11,H,17,15,I,0110,1,GS-15,N,XXXX,7,10,F,1,200809,1,"$146,071",30.3
CM55,11,C,18,11,A,0110,1,GS-11,E,XXXX,8,15,F,1,200809,1,"$58,206",0.9
CM55,11,I,10,14,J,0110,1,GS-14,L,XXXX,8,10,F,1,200809,1,"$120,907",35.0
CM55,11,J,13,12,J,0110,1,GS-12,I,XXXX,8,10,F,1,200809,1,"$90,698",37.4
CM55,11,K,17,12,I,0110,1,GS-12,I,XXXX,8,10,F,1,200809,1,"$90,698",32.4
CM55,11,J,21,13,J,0110,1,GM-13,J,XXXX,5,10,F,1,200809,1,"$107,854",35.0
CM55,11,C,04,13,C,0110,1,GS-13,H,XXXX,8,38,F,1,200809,1,"$82,961",3.8
CM55,11,K,13,13,J,0110,1,GM-13,J,XXXX,5,10,F,1,200809,1,"$107,854",40.9
CM55,11,G,17,13,G,0110,1,GS-13,J,XXXX,8,10,F,1,200809,1,"$102,323",22.8
CM55,11,E,17,13,E,0110,1,GS-13,I,XXXX,8,10,P,2,200809,1,"$94,025",12.4
CM55,11,I,13,13,I,0110,1,GS-13,J,XXXX,8,10,F,1,200809,1,"$107,854",33.1
CM55,11,I,21,14,G,0110,1,GS-14,L,XXXX,8,10,F,1,200809,1,"$127,442",20.2
CM55,11,D,17,12,D,0110,1,GS-12,G,XXXX,8,10,F,1,200809,1,"$72,090",7.1
CM55,11,H,16,13,E,0110,1,GS-13,I,XXXX,8,10,F,1,200809,1,"$96,791",10.2
CM55,11,D,14,09,B,0110,1,GS-09,E,XXXX,8,15,F,1,200809,1,"$57,733",1.3
CM55,11,G,17,13,D,0110,1,GS-13,H,XXXX,8,10,F,1,200809,1,"$85,727",5.2
CM55,11,D,21,13,A,0110,1,GS-13,I,XXXX,8,15,F,1,200809,1,"$91,259",0.0
CM55,11,E,04,13,F,0110,1,GS-13,H,XXXX,8,10,F,1,200809,1,"$82,961",15.8
CM55,11,B,13,09,B,0110,1,GS-09,D,XXXX,8,15,F,1,200809,1,"$48,108",1.4
CM55,11,J,14,14,H,0110,1,GS-14,K,XXXX,8,10,F,1,200809,1,"$117,639",26.9
CM55,11,E,17,14,D,0110,1,GS-14,J,XXXX,8,10,F,1,200809,1,"$104,569",8.8
CM55,11,F,13,13,E,0110,1,GS-13,H,XXXX,8,10,F,1,200809,1,"$88,493",13.3
CM55,11,H,22,,G,0110,1,ES-**,N,XXXX,2,50,F,1,200809,1,"$145,764",23.1
CM55,11,E,17,14,E,0110,1,GS-14,K,XXXX,2,10,F,1,200809,1,"$114,372",12.3
CM55,11,J,17,13,J,0110,1,GM-13,J,XXXX,5,10,F,1,200809,1,"$107,854",36.8
CM55,11,J,21,14,J,0110,1,GS-14,L,XXXX,8,10,F,1,200809,1,"$120,907",37.6
CM55,11,G,17,14,G,0110,1,GS-14,K,XXXX,8,10,F,1,200809,1,"$114,372",20.7
CM55,11,J,21,15,H,0110,1,GS-15,N,XXXX,8,10,F,1,200809,1,"$149,000",29.9
CM55,11,I,17,14,H,0110,1,GS-14,K,XXXX,8,10,F,1,200809,1,"$117,639",29.3
CM55,11,D,17,13,C,0110,1,GS-13,H,XXXX,8,10,F,1,200809,1,"$82,961",4.5
CM55,11,K,21,14,I,0110,1,GS-14,L,XXXX,8,10,F,1,200809,1,"$124,175",30.1
CM55,11,I,04,15,F,0110,1,GS-15,N,XXXX,2,10,F,1,200809,1,"$146,071",18.8
CM55,11,J,14,14,J,0110,1,GS-14,K,XXXX,8,10,F,1,200809,1,"$114,372",39.3
CM55,11,I,18,15,H,0110,1,GS-15,N,XXXX,7,10,F,1,200809,1,"$142,227",27.3
CM55,11,H,21,15,G,0110,1,GS-15,N,XXXX,8,10,F,1,200809,1,"$142,227",21.2
CM55,11,J,17,15,J,0110,1,GM-15,N,XXXX,5,10,F,1,200809,1,"$149,000",37.9
CM55,11,K,21,15,I,0110,1,GM-15,N,XXXX,2,10,F,1,200809,1,"$149,000",30.3
CM55,11,I,14,14,J,0110,1,GS-14,L,XXXX,8,10,F,1,200809,1,"$120,907",36.0
CM55,11,F,13,14,G,0110,1,GS-14,K,XXXX,8,10,F,1,200809,1,"$114,372",21.4
CM55,11,D,17,13,E,0110,1,GS-13,I,XXXX,8,10,F,1,200809,1,"$96,791",10.3
CM55,11,D,16,14,E,0110,1,GS-14,J,XXXX,8,10,F,1,200809,1,"$107,836",10.5
CM55,11,H,18,13,H,0110,1,GM-13,J,XXXX,5,10,F,1,200809,1,"$107,854",28.3
CM55,11,E,17,15,D,0110,1,GS-15,K,XXXX,8,10,F,1,200809,1,"$115,317",7.5
CM55,11,I,16,13,I,0110,1,GM-13,J,XXXX,5,10,F,1,200809,1,"$107,854",33.8
CM55,11,D,13,13,D,0110,1,GS-13,I,XXXX,8,10,F,1,200809,1,"$91,259",8.2
CM55,11,C,17,11,B,0110,1,GS-11,E,XXXX,8,15,F,1,200809,1,"$58,206",1.8
CM55,11,J,18,14,J,0110,1,GS-14,L,XXXX,8,10,F,1,200809,1,"$127,442",37.8
CM55,11,F,21,15,C,0110,1,GS-15,M,XXXX,2,10,F,1,200809,1,"$138,383",4.3
CM55,11,E,21,14,D,0110,1,GS-14,J,XXXX,8,15,F,1,200809,1,"$104,569",8.3
CM55,11,I,17,13,J,0110,1,GM-13,J,XXXX,5,10,F,1,200809,1,"$107,854",37.3
CM55,11,H,17,14,G,0110,1,GS-14,K,XXXX,8,10,F,1,200809,1,"$117,639",22.0
CM55,11,G,17,14,G,0110,1,GS-14,L,XXXX,2,10,F,1,200809,1,"$120,907",24.3
CM55,11,G,21,14,E,0110,1,GS-14,K,XXXX,8,10,F,1,200809,1,"$117,639",13.8
CM55,11,F,13,13,G,0110,1,GS-13,J,XXXX,8,10,F,1,200809,1,"$102,323",22.0
CM55,11,D,17,12,B,0110,1,GS-12,F,XXXX,8,15,F,1,200809,1,"$69,764",2.3
CM56,51,F,13,14,F,0110,1,GS-14,J,XXXX,8,10,F,1,200809,1,"$107,836",17.8
CM56,51,C,17,13,C,0110,1,GS-13,H,XXXX,8,10,F,1,200809,1,"$82,961",3.3
CM57,24,C,21,,A,0110,1,ZP-03,H,XXXX,8,15,F,1,200809,1,"$80,000",0.0
CM57,24,E,21,,D,0110,1,ZP-04,I,XXXX,8,15,F,1,200809,1,"$95,500",8.8
CM57,24,C,,,B,0110,1,ZP-02,D,XXXX,8,42,I,2,200809,1,"$47,974",1.3
CM57,24,I,21,,E,0110,1,ZP-04,L,XXXX,8,10,F,1,200809,1,"$127,442",10.8
CM57,24,G,17,,D,0110,1,ZP-04,L,XXXX,8,15,F,1,200809,1,"$127,442",9.8
CM57,24,E,21,,D,0110,1,ZP-04,J,XXXX,8,10,F,1,200809,1,"$109,015",6.2
CM57,24,I,21,,E,0110,1,ZP-04,L,XXXX,8,10,F,1,200809,1,"$127,356",14.3
CM57,24,F,21,,F,0110,1,ZP-04,M,XXXX,2,10,F,1,200809,1,"$135,203",17.1
CM57,24,H,21,,D,0110,1,ZP-05,N,XXXX,2,10,F,1,200809,1,"$149,000",6.1
CM57,24,F,17,,F,0110,1,ZP-05,M,XXXX,8,10,F,1,200809,1,"$135,089",16.6
CM57,24,K,21,,J,0110,1,ZP-05,N,XXXX,8,10,F,1,200809,1,"$149,000",39.7
CM57,24,C,13,,D,0110,1,ZP-03,G,XXXX,8,10,F,1,200809,1,"$78,366",7.0
CM57,24,H,17,,H,0110,1,ZP-05,N,XXXX,8,10,F,1,200809,1,"$149,000",29.4
CM57,24,G,17,,F,0110,1,ZP-04,L,XXXX,8,10,F,1,200809,1,"$127,442",18.4
CM57,24,F,14,,D,0110,1,ZP-04,K,XXXX,8,10,F,1,200809,1,"$112,346",9.5
CM57,24,H,14,,F,0110,1,ZP-04,L,XXXX,8,10,F,1,200809,1,"$127,442",17.3
CM57,24,J,21,,J,0110,1,ZP-05,N,XXXX,2,10,F,1,200809,1,"$149,000",37.3
CM57,24,B,18,,B,0110,1,ZP-03,F,XXXX,8,15,F,1,200809,1,"$64,782",1.9
CM57,24,C,13,,D,0110,1,ZP-03,G,XXXX,8,10,F,1,200809,1,"$72,792",5.4
CM57,24,D,21,,A,0110,1,ZP-03,H,XXXX,8,15,F,1,200809,1,"$80,000",0.2
CM57,24,I,18,,J,0110,1,ZP-05,N,XXXX,8,10,F,1,200809,1,"$149,000",36.0
CM57,24,I,14,,D,0110,1,ZP-03,G,XXXX,8,10,F,1,200809,1,"$76,678",9.3
CM57,24,C,17,,C,0110,1,ZP-03,E,XXXX,8,15,F,1,200809,1,"$59,034",3.4
CM61,11,I,17,15,H,0110,1,GS-15,N,XXXX,8,10,F,1,200809,1,"$149,000",28.3
CM63,24,I,21,15,G,0110,1,GS-15,M,XXXX,8,10,F,1,200809,1,"$138,383",24.0
CM63,24,C,,07,B,0110,1,GS-07,C,XXXX,8,20,F,2,200809,1,"$39,330",1.3
CM63,24,B,,07,A,0110,1,GS-07,C,XXXX,8,42,F,2,200809,1,"$39,330",0.1
CM63,24,G,17,13,H,0110,1,GS-13,I,XXXX,8,10,F,1,200809,1,"$96,791",26.2
CM63,24,F,21,14,D,0110,1,GS-14,J,XXXX,8,10,F,1,200809,1,"$101,301",9.2
CM63,37,E,,11,A,0110,1,GS-11,E,XXXX,8,42,F,2,200809,1,"$56,246",0.3
CM63,24,J,21,14,H,0110,1,GS-14,L,XXXX,8,10,F,1,200809,1,"$127,442",25.8
CM63,24,G,04,13,E,0110,1,GS-13,I,XXXX,8,10,F,1,200809,1,"$99,557",11.3
CM63,24,E,04,12,D,0110,1,GS-12,H,XXXX,8,10,F,1,200809,1,"$81,394",8.8
CM63,24,K,04,15,J,0110,1,GS-15,N,XXXX,8,10,F,1,200809,1,"$149,000",35.7
CM63,36,C,,11,A,0110,1,GS-11,E,XXXX,8,42,F,2,200809,1,"$54,494",0.1
CM63,24,D,,09,B,0110,1,GS-09,D,XXXX,8,42,P,2,200809,1,"$48,108",1.0
CM63,25,F,18,13,D,0110,1,GS-13,I,XXXX,8,15,F,1,200809,1,"$95,285",7.3
CM63,24,C,21,13,B,0110,1,GS-13,I,XXXX,8,15,F,1,200809,1,"$96,791",1.2
CM63,36,E,,13,D,0110,1,GS-13,J,XXXX,8,20,F,2,200809,1,"$104,061",5.0
CM63,24,G,21,13,D,0110,1,GS-13,I,XXXX,8,10,F,1,200809,1,"$94,025",6.9
CM63,24,D,,09,B,0110,1,GS-09,D,XXXX,8,42,P,2,200809,1,"$48,108",1.0
CM63,24,D,18,13,D,0110,1,GS-13,H,XXXX,8,10,F,1,200809,1,"$88,493",6.3
CM63,24,E,21,14,E,0110,1,GS-14,J,XXXX,8,10,F,1,200809,1,"$104,569",10.2
CM63,36,E,,11,A,0110,1,GS-11,E,XXXX,8,42,F,2,200809,1,"$54,494",0.3
CM63,24,K,21,,I,0110,1,ES-**,O,XXXX,2,50,F,1,200809,1,"$157,271",32.2
CM63,24,E,14,13,D,0110,1,GS-13,I,XXXX,8,10,P,2,200809,1,"$94,025",9.3
CM63,24,E,21,13,B,0110,1,GS-13,I,XXXX,8,15,F,1,200809,1,"$94,025",2.5
CM63,24,E,21,14,E,0110,1,GS-14,K,XXXX,8,10,F,1,200809,1,"$114,372",11.2
CM63,24,J,17,,J,0110,1,ES-**,Q,XXXX,2,50,F,1,200809,1,"$172,200",37.7
CM63,06,F,14,13,D,0110,1,GS-13,I,XXXX,8,10,F,1,200809,1,"$97,423",9.0
CM63,24,I,21,15,H,0110,1,GS-15,N,XXXX,8,10,F,1,200809,1,"$149,000",27.6
CM63,24,E,,09,D,0110,1,GS-09,D,XXXX,8,20,F,2,200809,1,"$48,108",7.2
CM63,24,E,21,14,D,0110,1,GS-14,J,XXXX,8,10,F,1,200809,1,"$107,836",9.5
CM63,24,G,21,15,F,0110,1,GS-15,K,XXXX,2,10,F,1,200809,1,"$115,317",18.7
CM63,24,C,,07,A,0110,1,GS-07,C,XXXX,8,42,I,2,200809,1,"$39,330",0.2
CM63,17,D,,13,A,0110,1,GS-13,H,XXXX,8,20,F,2,200809,1,"$84,519",0.8
CM63,24,I,17,14,H,0110,1,GS-14,L,XXXX,8,10,F,1,200809,1,"$120,907",28.8
CM63,24,F,21,,F,0110,1,ES-**,M,XXXX,2,50,F,1,200809,1,"$138,536",15.9
CM63,24,D,,11,B,0110,1,GS-11,E,XXXX,8,42,P,2,200809,1,"$58,206",1.0
CM65,11,K,21,,I,0110,1,ES-**,Q,XXXX,2,50,F,1,200809,1,"$172,200",30.0
CM65,11,G,17,14,F,0110,1,GS-14,K,XXXX,8,10,F,1,200809,1,"$114,372",16.3
CM65,11,H,21,,D,0110,1,ES-**,M,XXXX,2,55,F,1,200809,1,"$137,800",9.8
CM65,11,F,17,15,E,0110,1,GS-15,M,XXXX,8,10,F,1,200809,1,"$134,538",13.6
CM65,11,F,17,14,F,0110,1,GS-14,J,XXXX,8,10,F,1,200809,1,"$107,836",16.5
CM65,11,J,,,F,0110,1,EX-03,O,XXXX,2,46,F,2,200809,1,"$158,500",16.4
CM65,11,G,17,15,F,0110,1,GS-15,N,XXXX,8,10,F,1,200809,1,"$146,071",15.0
CM65,11,I,17,14,E,0110,1,GS-14,K,XXXX,8,10,F,1,200809,1,"$117,639",13.3
CM65,11,E,21,13,C,0110,1,GS-13,H,XXXX,8,10,F,1,200809,1,"$88,493",4.4
CM65,11,F,13,14,F,0110,1,GS-14,K,XXXX,8,10,F,1,200809,1,"$114,372",18.2
CM65,11,H,21,15,D,0110,1,GS-15,N,XXXX,2,10,F,1,200809,1,"$142,227",5.4
CM65,11,H,13,15,I,0110,1,GS-15,N,XXXX,8,10,F,1,200809,1,"$142,227",32.2
CM65,11,E,14,14,C,0110,1,GS-14,J,XXXX,8,10,F,1,200809,1,"$104,569",3.9
CM65,11,G,17,15,G,0110,1,GS-15,M,XXXX,8,10,F,1,200809,1,"$134,538",24.4
CM65,11,H,17,15,E,0110,1,GS-15,N,XXXX,2,10,F,1,200809,1,"$149,000",13.8
CM65,11,J,21,15,J,0110,1,GM-15,N,XXXX,5,10,F,1,200809,1,"$149,000",37.7
CT00,11,F,,,B,0110,1,CT-18,R,XXXX,2,44,F,2,200809,1,"$221,100",1.7
CT00,11,E,17,,E,0110,1,CT-13,K,XXXX,8,10,F,1,200809,1,"$116,711",11.8
CT00,11,G,21,,D,0110,1,CT-13,L,XXXX,8,10,F,1,200809,1,"$127,142",8.8
CT00,17,I,17,,E,0110,1,CT-16,R,XXXX,2,10,F,1,200809,1,"$214,402",11.3
CT00,11,B,,,A,0110,1,CT-07,D,XXXX,8,40,F,2,200809,1,"$47,194",0.3
CT00,36,I,18,,I,0110,1,CT-15,R,XXXX,2,10,F,1,200809,1,"$190,821",34.3
CT00,36,F,17,,F,0110,1,CT-13,M,XXXX,8,10,F,1,200809,1,"$130,872",17.5
CT00,11,H,17,,G,0110,1,CT-16,R,XXXX,2,10,F,1,200809,1,"$193,414",21.5
CT00,36,G,17,,G,0110,1,CT-13,M,XXXX,8,10,F,1,200809,1,"$131,232",20.4
CT00,11,E,21,,D,0110,1,CT-13,L,XXXX,8,10,F,1,200809,1,"$121,681",8.8
CT00,11,J,18,,I,0110,1,CT-13,M,XXXX,8,10,F,1,200809,1,"$130,816",30.7
CT00,17,G,13,,B,0110,1,CT-13,M,XXXX,8,10,F,1,200809,1,"$131,569",1.7
CT00,11,D,17,,B,0110,1,CT-12,H,XXXX,8,15,F,1,200809,1,"$84,581",2.5
CT00,17,G,17,,F,0110,1,CT-13,K,XXXX,8,10,F,1,200809,1,"$116,534",19.3
CT00,17,K,13,,J,0110,1,CT-13,N,XXXX,8,10,F,1,200809,1,"$141,516",39.6
CT00,17,H,17,,G,0110,1,CT-13,L,XXXX,8,10,F,1,200809,1,"$121,122",20.3
CT00,17,J,17,,I,0110,1,CT-13,L,XXXX,8,10,F,1,200809,1,"$123,951",34.5
CT00,11,G,17,,F,0110,1,CT-14,M,XXXX,8,10,F,1,200809,1,"$138,118",16.8
CT00,17,F,17,,D,0110,1,CT-13,J,XXXX,8,10,F,1,200809,1,"$105,536",9.5
CT00,17,F,13,,F,0110,1,CT-13,K,XXXX,8,10,F,1,200809,1,"$119,464",18.1
CT00,36,I,21,,D,0110,1,CT-13,J,XXXX,8,10,F,1,200809,1,"$109,783",9.9
CT00,11,D,21,,A,0110,1,CT-11,H,XXXX,8,15,F,1,200809,1,"$83,414",0.3
CT00,11,F,13,,F,0110,1,CT-14,N,XXXX,8,10,F,1,200809,1,"$142,236",17.5
CT00,11,J,21,,B,0110,1,CT-16,R,XXXX,2,15,F,1,200809,1,"$180,612",2.3
CT00,11,E,,,B,0110,1,CT-13,J,XXXX,8,48,F,2,200809,1,"$100,623",2.9
CT00,17,G,13,,G,0110,1,CT-13,L,XXXX,8,10,F,1,200809,1,"$122,511",24.2
CT00,11,I,15,,E,0110,1,CT-16,Q,XXXX,2,38,F,1,200809,1,"$170,786",10.3
CT00,11,F,21,,C,0110,1,CT-14,O,XXXX,8,10,F,1,200809,1,"$158,892",4.9
CT00,17,I,12,,H,0110,1,CT-13,L,XXXX,8,10,F,1,200809,1,"$125,153",29.9
CT00,36,J,17,,J,0110,1,CT-13,N,XXXX,8,10,F,1,200809,1,"$141,252",36.1
CT00,36,J,17,,H,0110,1,CT-13,N,XXXX,8,10,F,1,200809,1,"$141,120",29.8
CT00,36,E,13,,E,0110,1,CT-13,L,XXXX,8,10,F,1,200809,1,"$120,609",11.7
CT00,11,H,13,,H,0110,1,CT-14,N,XXXX,2,10,F,1,200809,1,"$144,914",29.9
CT00,17,E,15,,E,0110,1,CT-13,L,XXXX,8,10,F,1,200809,1,"$121,175",14.3
CT00,17,F,13,,C,0110,1,CT-13,J,XXXX,8,10,F,1,200809,1,"$102,468",4.2
CT00,17,I,17,,J,0110,1,CT-15,R,XXXX,8,10,F,1,200809,1,"$197,003",37.3
CT00,17,F,13,,F,0110,1,CT-14,M,XXXX,2,10,F,1,200809,1,"$135,818",19.0
CT00,11,H,21,,F,0110,1,CT-15,Q,XXXX,8,10,F,1,200809,1,"$174,165",18.3
CT00,36,C,17,,C,0110,1,CT-13,J,XXXX,8,10,F,1,200809,1,"$104,970",4.7
CT00,36,H,13,,H,0110,1,CT-13,L,XXXX,8,10,F,1,200809,1,"$120,825",26.8
CT00,36,I,17,,H,0110,1,CT-14,O,XXXX,2,10,F,1,200809,1,"$153,210",27.9
CT00,11,F,17,,A,0110,1,CT-15,R,XXXX,8,15,F,1,200809,1,"$182,244",0.3
CT00,11,E,17,,B,0110,1,CT-09,H,XXXX,8,15,F,1,200809,1,"$81,901",2.4
CT00,17,H,13,,H,0110,1,CT-13,M,XXXX,8,10,F,1,200809,1,"$137,476",29.6
CT00,11,E,21,,E,0110,1,CT-14,M,XXXX,8,10,F,1,200809,1,"$133,099",10.9
CT00,11,G,17,,E,0110,1,CT-13,J,XXXX,8,10,F,1,200809,1,"$109,115",11.2
CT00,11,G,17,,G,0110,1,CT-15,P,XXXX,2,10,F,1,200809,1,"$162,134",22.3
CT00,11,H,17,,H,0110,1,CT-13,M,XXXX,8,10,F,1,200809,1,"$130,066",25.7
CU00,51,D,17,,C,0110,1,CU-13,I,XXXX,8,10,F,1,200809,1,"$94,130",3.5
CU00,51,H,17,,D,0110,1,CU-12,H,XXXX,8,10,F,1,200809,1,"$84,385",6.4
DD01,51,J,21,,G,0110,1,YA-03,N,XXXX,8,10,P,2,200809,1,"$149,911",21.2
DD01,51,F,21,,F,0110,1,ES-**,O,XXXX,2,50,F,1,200809,1,"$158,465",15.8
DD01,51,J,17,,E,0110,1,YA-03,O,XXXX,8,10,P,2,200809,1,"$155,254",14.9
DD07,51,F,13,,D,0110,1,YA-02,H,XXXX,8,10,F,1,200809,1,"$82,423",9.2
DD07,51,F,14,,F,0110,1,YA-02,I,XXXX,8,10,F,1,200809,1,"$98,812",18.9
DD07,51,B,08,,C,0110,1,YA-01,D,XXXX,8,10,F,1,200809,1,"$47,951",3.2
DD07,51,H,17,,F,0110,1,YC-02,K,XXXX,2,10,F,1,200809,1,"$117,639",15.4
DD48,51,D,17,,D,0110,1,YA-02,H,XXXX,8,10,F,1,200809,1,"$87,643",6.8
DD48,51,C,13,,C,0110,1,YA-01,D,XXXX,8,10,F,1,200809,1,"$48,108",3.5
DD48,51,B,13,,A,0110,1,YA-01,D,XXXX,8,10,F,1,200809,1,"$47,639",0.0
DD48,51,K,21,,G,0110,1,YA-02,J,XXXX,8,10,F,1,200809,1,"$107,854",24.5
DD63,42,E,17,13,D,0110,1,GS-13,H,XXXX,8,10,F,1,200809,1,"$82,446",8.5
DD63,42,F,13,13,F,0110,1,GS-13,J,XXXX,8,10,F,1,200809,1,"$104,437",18.9
DD69,11,H,04,,D,0110,1,AD-07,M,XXXX,8,48,F,2,200809,1,"$135,604",9.2
DD69,11,K,21,,G,0110,1,AD-07,M,XXXX,8,48,F,2,200809,1,"$137,680",24.4
DD69,11,E,21,,C,0110,1,AD-05,M,XXXX,8,48,F,2,200809,1,"$137,680",4.2
DD69,11,H,04,,F,0110,1,AD-07,N,XXXX,8,48,F,2,200809,1,"$149,911",18.2
DD69,11,E,21,,B,0110,1,AD-03,L,XXXX,8,48,F,2,200809,1,"$123,164",2.2
DD69,11,G,21,,E,0110,1,AD-03,L,XXXX,8,48,F,2,200809,1,"$121,087",10.3
DD69,11,I,21,,H,0110,1,AD-07,M,XXXX,8,48,F,2,200809,1,"$135,604",27.5
DD69,11,J,17,,D,0110,1,AD-07,L,XXXX,8,48,F,2,200809,1,"$129,383",7.2
DD69,11,H,04,,B,0110,1,AD-07,M,XXXX,8,48,F,2,200809,1,"$133,531",2.1
DD69,11,K,21,,H,0110,1,AD-07,N,XXXX,8,48,F,2,200809,1,"$149,911",26.2
DJ01,11,H,17,,H,0110,1,ES-**,P,XXXX,2,50,F,1,200809,1,"$168,336",25.9
DJ01,11,D,21,13,B,0110,1,GS-13,I,XXXX,8,15,F,1,200809,1,"$96,791",1.0
DJ01,11,E,17,14,D,0110,1,GS-14,I,XXXX,8,10,F,1,200809,1,"$98,033",6.2
DJ01,11,E,17,15,E,0110,1,GS-15,N,XXXX,8,10,F,1,200809,1,"$142,227",11.3
DJ01,11,J,21,15,H,0110,1,GM-15,N,XXXX,2,10,F,1,200809,1,"$149,000",25.9
DJ01,11,E,21,12,A,0110,1,GS-12,I,XXXX,8,15,F,1,200809,1,"$90,698",0.9
DJ01,11,F,21,,E,0110,1,ES-**,P,XXXX,2,50,F,1,200809,1,"$166,610",14.2
DJ01,11,F,21,15,D,0110,1,GS-15,M,XXXX,8,10,F,1,200809,1,"$134,538",9.9
DJ01,11,G,19,15,F,0110,1,GS-15,N,XXXX,8,10,F,1,200809,1,"$149,000",18.0
DJ01,11,I,21,15,F,0110,1,GS-15,N,XXXX,8,10,F,1,200809,1,"$149,000",17.2
DJ01,11,D,14,15,D,0110,1,GS-15,M,XXXX,2,10,F,1,200809,1,"$138,383",6.2
DJ01,11,C,17,12,B,0110,1,GS-12,I,XXXX,8,15,F,1,200809,1,"$90,698",1.0
DJ01,11,I,21,15,I,0110,1,GS-15,N,XXXX,8,10,F,1,200809,1,"$149,000",31.2
DJ01,11,I,21,15,F,0110,1,GS-15,N,XXXX,8,10,F,1,200809,1,"$149,000",18.8
DJ01,11,F,21,15,D,0110,1,GS-15,M,XXXX,8,10,F,1,200809,1,"$138,383",9.0
DJ01,11,I,15,15,I,0110,1,GS-15,N,XXXX,8,10,F,1,200809,1,"$149,000",31.4
DJ01,06,J,21,15,J,0110,1,GS-15,N,XXXX,8,10,F,1,200809,1,"$149,000",36.3
DJ01,11,D,21,14,C,0110,1,GS-14,J,XXXX,8,10,F,1,200809,1,"$101,301",3.2
DJ01,11,H,22,15,D,0110,1,GS-15,M,XXXX,8,10,F,1,200809,1,"$134,538",9.7
DJ01,11,E,21,15,E,0110,1,GS-15,N,XXXX,2,10,F,1,200809,1,"$142,227",10.0
DJ01,11,D,21,15,D,0110,1,GS-15,M,XXXX,8,10,F,1,200809,1,"$130,694",7.0
DJ01,11,I,15,15,I,0110,1,GS-15,N,XXXX,8,10,F,1,200809,1,"$149,000",32.1
DJ01,11,D,21,14,B,0110,1,GS-14,J,XXXX,8,15,F,1,200809,1,"$104,569",2.0
DJ01,11,E,22,15,D,0110,1,GS-15,M,XXXX,8,10,F,1,200809,1,"$134,538",8.0
DJ01,11,J,21,15,I,0110,1,GS-15,N,XXXX,8,10,F,1,200809,1,"$149,000",32.0
DJ01,11,E,21,15,D,0110,1,GS-15,M,XXXX,8,10,F,1,200809,1,"$130,694",7.1
DJ01,11,J,21,15,I,0110,1,GS-15,N,XXXX,8,10,F,1,200809,1,"$149,000",33.0
DJ01,11,D,21,15,C,0110,1,GS-15,L,XXXX,8,10,F,1,200809,1,"$123,006",4.8
DJ01,11,I,17,13,J,0110,1,GS-13,J,XXXX,8,10,F,1,200809,1,"$107,854",36.0
DJ01,11,I,17,15,H,0110,1,GS-15,N,XXXX,8,10,F,1,200809,1,"$149,000",29.3
DJ01,11,E,21,15,C,0110,1,GS-15,M,XXXX,2,10,F,1,200809,1,"$130,694",4.2
DJ01,11,I,21,,I,0110,1,SL-00,O,XXXX,8,10,F,1,200809,1,"$158,154",30.9
DJ01,11,F,21,15,E,0110,1,GS-15,N,XXXX,8,10,F,1,200809,1,"$146,071",13.1
DJ01,11,G,21,,F,0110,1,SL-00,O,XXXX,2,10,F,1,200809,1,"$158,500",19.9
DJ01,11,I,17,15,H,0110,1,GS-15,N,XXXX,8,10,F,1,200809,1,"$149,000",27.9
DJ01,17,I,21,15,G,0110,1,GS-15,N,XXXX,8,10,F,1,200809,1,"$149,000",21.8
DJ01,11,H,21,15,H,0110,1,GS-15,N,XXXX,8,10,P,2,200809,1,"$149,000",25.4
DJ01,11,G,17,15,E,0110,1,GS-15,N,XXXX,8,10,F,1,200809,1,"$146,071",13.2
DJ01,11,C,21,12,A,0110,1,GS-12,I,XXXX,8,15,F,1,200809,1,"$90,698",0.1
DJ01,11,J,17,15,F,0110,1,GS-15,N,XXXX,8,10,F,1,200809,1,"$149,000",15.2
DJ01,11,J,21,15,J,0110,1,GS-15,N,XXXX,8,10,F,1,200809,1,"$149,000",36.4
DJ01,11,E,21,14,B,0110,1,GS-14,I,XXXX,8,15,F,1,200809,1,"$98,033",2.1
DJ01,11,F,21,15,E,0110,1,GS-15,M,XXXX,8,10,F,1,200809,1,"$134,538",10.1
DJ01,11,J,21,15,D,0110,1,GS-15,N,XXXX,8,10,F,1,200809,1,"$146,071",9.2
DJ01,11,K,14,15,J,0110,1,GS-15,N,XXXX,8,10,F,1,200809,1,"$149,000",46.3
DJ01,11,G,21,15,E,0110,1,GS-15,N,XXXX,8,10,F,1,200809,1,"$146,071",13.2
DJ01,11,I,18,15,I,0110,1,GS-15,N,XXXX,8,10,P,2,200809,1,"$149,000",31.1
DJ01,11,E,21,15,D,0110,1,GS-15,M,XXXX,8,10,F,1,200809,1,"$134,538",9.0
DJ01,11,D,21,15,D,0110,1,GS-15,M,XXXX,8,10,F,1,200809,1,"$130,694",6.1
DJ01,11,G,21,15,F,0110,1,GS-15,N,XXXX,8,10,F,1,200809,1,"$149,000",18.0
DJ01,11,F,21,15,E,0110,1,GS-15,M,XXXX,8,10,F,1,200809,1,"$134,538",12.1
DJ01,11,F,21,15,C,0110,1,GS-15,M,XXXX,8,10,F,1,200809,1,"$138,383",3.0
DJ01,11,G,17,15,F,0110,1,GS-15,N,XXXX,8,10,F,1,200809,1,"$149,000",18.8
DJ01,11,D,21,13,B,0110,1,GS-13,I,XXXX,8,15,F,1,200809,1,"$96,791",1.0
DJ01,11,F,21,15,E,0110,1,GS-15,M,XXXX,8,10,F,1,200809,1,"$138,383",10.0
DJ01,11,E,21,15,D,0110,1,GS-15,M,XXXX,8,10,F,1,200809,1,"$134,538",6.0
DJ01,11,E,21,15,D,0110,1,GS-15,M,XXXX,8,10,F,1,200809,1,"$138,383",6.2
DJ01,11,D,21,13,B,0110,1,GS-13,I,XXXX,8,15,F,1,200809,1,"$96,791",2.1
DJ01,11,D,21,12,C,0110,1,GS-12,I,XXXX,8,15,F,1,200809,1,"$90,698",3.3
DJ01,11,I,21,,I,0110,1,ES-**,P,XXXX,2,50,F,1,200809,1,"$165,159",33.7
DJ01,11,C,17,11,A,0110,1,GS-11,G,XXXX,8,15,F,1,200809,1,"$75,669",0.1
DLBL,11,J,22,12,H,0110,1,GS-12,H,XXXX,8,10,F,1,200809,1,"$88,372",25.1
DLBL,11,E,17,15,D,0110,1,GS-15,K,XXXX,2,10,F,1,200809,1,"$119,161",9.2
DLBL,11,I,14,13,G,0110,1,GS-13,J,XXXX,8,10,F,1,200809,1,"$107,854",21.5
DLBL,11,D,13,13,D,0110,1,GS-13,H,XXXX,8,10,F,1,200809,1,"$85,727",6.4
DLBL,11,I,17,13,G,0110,1,GS-13,I,XXXX,8,10,F,1,200809,1,"$96,791",21.1
DLBL,11,F,17,15,F,0110,1,GS-15,M,XXXX,2,10,F,1,200809,1,"$134,538",16.8
DLBL,11,D,17,14,D,0110,1,GS-14,J,XXXX,8,10,F,1,200809,1,"$101,301",8.7
DLBL,11,E,17,14,E,0110,1,GS-14,J,XXXX,8,10,F,1,200809,1,"$107,836",10.8
DLBL,11,J,17,15,J,0110,1,GS-15,N,XXXX,8,10,F,1,200809,1,"$149,000",38.3
DLBL,11,E,21,15,E,0110,1,GS-15,M,XXXX,2,10,F,1,200809,1,"$134,538",10.7
DLBL,11,I,13,14,I,0110,1,GS-14,L,XXXX,8,10,P,2,200809,1,"$127,442",32.3
DLBL,11,H,18,13,F,0110,1,GS-13,J,XXXX,8,10,P,2,200809,1,"$105,088",19.5
DLBL,11,J,21,,I,0110,1,ES-**,P,XXXX,2,50,F,1,200809,1,"$160,392",33.0
DLEB,11,E,19,15,C,0110,1,GS-15,K,XXXX,2,15,F,1,200809,1,"$115,317",3.3
DLEB,11,E,17,13,C,0110,1,GS-13,H,XXXX,8,10,F,1,200809,1,"$88,493",4.0
DLEB,11,I,14,13,J,0110,1,GS-13,J,XXXX,8,10,F,1,200809,1,"$107,854",37.0
DLEB,11,D,21,12,B,0110,1,GS-12,F,XXXX,8,15,F,1,200809,1,"$69,764",1.3
DLEB,11,D,21,12,B,0110,1,GS-12,F,XXXX,8,15,F,1,200809,1,"$69,764",1.3
DLEB,11,G,17,,E,0110,1,ES-**,Q,XXXX,2,50,F,1,200809,1,"$171,990",11.9
DLES,11,I,13,12,I,0110,1,GS-12,I,XXXX,8,10,F,1,200809,1,"$90,698",32.9
DLES,11,H,17,15,H,0110,1,GS-15,N,XXXX,8,10,F,1,200809,1,"$149,000",29.2
DLET,11,G,13,11,D,0110,1,GS-11,G,XXXX,8,10,F,1,200809,1,"$75,669",9.7
DLET,11,I,13,12,H,0110,1,GS-12,H,XXXX,8,10,F,1,200809,1,"$88,372",25.0
DLLS,11,K,04,07,H,0119,3,GS-07,E,XXXX,8,10,F,1,200809,1,"$51,124",28.0
DLLS,11,J,14,12,J,0110,1,GS-12,I,XXXX,8,10,F,1,200809,1,"$90,698",35.6
DLLS,11,J,07,07,J,0119,3,GS-07,E,XXXX,8,10,F,1,200809,1,"$51,124",38.8
DLLS,11,I,14,12,I,0110,1,GS-12,I,XXXX,8,10,F,1,200809,1,"$90,698",32.5
DLLS,11,I,14,14,J,0110,1,GS-14,L,XXXX,2,10,F,1,200809,1,"$127,442",35.8
DLLS,11,I,04,07,I,0119,3,GS-07,E,XXXX,8,10,F,1,200809,1,"$51,124",34.9
DLLS,11,I,13,07,I,0119,3,GS-07,E,XXXX,8,10,F,1,200809,1,"$51,124",32.8
DLLS,11,H,04,12,I,0110,1,GS-12,H,XXXX,8,10,F,1,200809,1,"$83,720",32.3
DLLS,11,I,13,12,I,0110,1,GS-12,H,XXXX,8,10,F,1,200809,1,"$83,720",30.4
DLLS,11,H,08,07,I,0119,3,GS-07,E,XXXX,8,10,F,1,200809,1,"$51,124",33.1
DLLS,11,H,07,12,I,0110,1,GS-12,H,XXXX,8,10,F,1,200809,1,"$83,720",30.9
DLLS,11,H,04,12,I,0110,1,GS-12,G,XXXX,8,10,F,1,200809,1,"$79,068",34.2
DLLS,11,H,13,13,H,0110,1,GS-13,I,XXXX,2,10,F,1,200809,1,"$99,557",28.6
DLLS,11,G,04,07,G,0119,3,GS-07,D,XXXX,8,10,F,1,200809,1,"$49,814",24.0
DLLS,11,F,04,07,G,0119,3,GS-07,D,XXXX,8,10,F,1,200809,1,"$49,814",23.1
DLLS,11,F,13,13,H,0110,1,GS-13,I,XXXX,8,10,F,1,200809,1,"$96,791",25.8
DLLS,11,F,17,14,E,0110,1,GS-14,J,XXXX,2,10,F,1,200809,1,"$107,836",14.3
DLLS,12,I,13,07,F,0119,3,GS-07,D,XXXX,8,10,P,2,200809,1,"$47,789",16.4
DLLS,11,H,17,15,H,0110,1,GS-15,M,XXXX,2,10,F,1,200809,1,"$134,538",28.2
DLLS,25,D,14,07,A,0110,1,GS-07,C,XXXX,8,15,F,1,200809,1,"$39,857",0.7
DLLS,11,I,17,12,G,0110,1,GS-12,I,XXXX,8,10,F,1,200809,1,"$90,698",21.3
DLLS,11,C,13,09,B,0110,1,GS-09,D,XXXX,8,15,F,1,200809,1,"$48,108",1.9
DLLS,48,I,13,12,I,0110,1,GS-12,H,XXXX,8,10,F,1,200809,1,"$89,085",33.6
DLLS,06,H,17,15,C,0110,1,GS-15,N,XXXX,2,10,F,1,200809,1,"$147,493",4.2
DLLS,36,I,13,07,D,0119,3,GS-07,D,XXXX,8,10,P,2,200809,1,"$40,036",5.4
DLLS,11,C,13,12,C,0110,1,GS-12,F,XXXX,8,10,F,1,200809,1,"$69,764",3.2
DLLS,11,I,13,12,I,0110,1,GS-12,H,XXXX,8,10,F,1,200809,1,"$83,720",34.9
DLLS,11,C,13,12,C,0110,1,GS-12,F,XXXX,8,10,F,1,200809,1,"$69,764",4.5
DLLS,11,I,21,12,I,0110,1,GS-12,I,XXXX,8,10,F,1,200809,1,"$90,698",34.3
DLLS,11,E,13,12,D,0110,1,GS-12,G,XXXX,8,10,F,1,200809,1,"$76,742",7.8
DLLS,13,E,17,13,E,0110,1,GS-13,I,XXXX,2,10,F,1,200809,1,"$91,232",10.3
DLLS,25,C,08,09,B,0110,1,GS-09,D,XXXX,8,15,F,1,200809,1,"$48,753",2.3
DLLS,11,C,13,07,B,0110,1,GS-07,C,XXXX,8,32,F,1,200809,1,"$39,330",1.4
DLLS,25,D,17,13,D,0110,1,GS-13,H,XXXX,2,10,F,1,200809,1,"$86,876",5.8
DLLS,11,C,13,13,D,0110,1,GS-13,H,XXXX,8,10,F,1,200809,1,"$82,961",7.2
DLLS,11,E,13,13,D,0110,1,GS-13,H,XXXX,8,10,F,1,200809,1,"$88,493",8.4
DLLS,42,C,17,07,A,0110,1,GS-07,C,XXXX,8,32,F,1,200809,1,"$39,086",0.1
DLLS,11,C,17,12,B,0110,1,GS-12,F,XXXX,8,15,F,1,200809,1,"$69,764",2.3
DLLS,12,J,13,07,D,0119,3,GS-07,D,XXXX,8,10,P,2,200809,1,"$43,916",9.6
DLLS,11,C,17,11,B,0110,1,GS-11,F,XXXX,8,15,F,1,200809,1,"$60,146",2.0
DLLS,11,D,13,13,D,0110,1,GS-13,I,XXXX,8,10,F,1,200809,1,"$91,259",8.1
DLLS,11,G,13,12,B,0110,1,GS-12,F,XXXX,8,15,F,1,200809,1,"$69,764",2.3
DLLS,11,B,13,09,B,0110,1,GS-09,D,XXXX,8,32,F,1,200809,1,"$48,108",1.0
DLLS,13,D,13,12,E,0110,1,GS-12,G,XXXX,8,10,F,1,200809,1,"$78,977",10.3
DLLS,11,D,17,13,D,0110,1,GS-13,H,XXXX,8,10,F,1,200809,1,"$88,493",7.7
DLLS,12,E,07,07,E,0119,3,GS-07,D,XXXX,8,10,P,2,200809,1,"$44,183",11.7
DLLS,11,D,13,13,E,0110,1,GS-13,I,XXXX,8,10,P,2,200809,1,"$94,025",11.2
DLLS,17,C,13,11,C,0110,1,GS-11,E,XXXX,8,10,F,1,200809,1,"$59,299",3.0
DLLS,11,E,13,12,E,0110,1,GS-12,H,XXXX,8,10,F,1,200809,1,"$81,394",12.0
DLLS,11,C,17,11,B,0110,1,GS-11,E,XXXX,8,32,F,1,200809,1,"$58,206",1.7
DLLS,11,D,13,12,E,0110,1,GS-12,G,XXXX,8,10,F,1,200809,1,"$79,068",11.0
DLLS,06,C,13,07,C,0110,1,GS-07,D,XXXX,8,15,F,1,200809,1,"$43,117",4.7
DLLS,11,C,13,12,C,0110,1,GS-12,F,XXXX,8,15,F,1,200809,1,"$69,764",3.6
DLLS,06,D,17,13,D,0110,1,GS-13,I,XXXX,8,10,F,1,200809,1,"$93,981",6.3
DLLS,11,C,13,12,C,0110,1,GS-12,F,XXXX,8,15,F,1,200809,1,"$69,764",3.9
DLLS,06,C,13,11,B,0110,1,GS-11,F,XXXX,8,15,F,1,200809,1,"$60,310",2.7
DLLS,09,H,04,07,C,0119,3,GS-07,D,XXXX,8,10,P,2,200809,1,"$42,480",3.5
DLLS,09,J,13,07,G,0119,3,GS-07,E,XXXX,8,10,P,2,200809,1,"$51,083",20.6
DLLS,11,J,17,14,I,0110,1,GS-14,L,XXXX,2,10,F,1,200809,1,"$127,442",32.3
DLLS,11,H,17,,H,0110,1,ES-**,P,XXXX,2,50,F,1,200809,1,"$167,264",27.7
DLLS,11,J,17,13,H,0110,1,GS-13,J,XXXX,8,10,F,1,200809,1,"$107,854",28.9
DLLS,09,F,13,06,B,0119,3,GS-06,C,XXXX,8,15,P,2,200809,1,"$36,293",1.7
DLLS,11,E,21,14,D,0110,1,GS-14,J,XXXX,8,10,F,1,200809,1,"$107,836",7.2
DLLS,11,E,17,14,E,0110,1,GS-14,J,XXXX,2,10,F,1,200809,1,"$107,836",13.3
DLLS,09,H,21,07,D,0119,3,GS-07,D,XXXX,8,10,P,2,200809,1,"$46,589",6.3
DLLS,11,C,13,12,D,0110,1,GS-12,G,XXXX,8,10,F,1,200809,1,"$74,416",5.7
DLLS,11,D,18,11,B,0110,1,GS-11,E,XXXX,8,15,F,1,200809,1,"$58,206",2.3
DLLS,06,K,08,07,H,0119,3,GS-07,D,XXXX,8,10,P,2,200809,1,"$47,864",26.6
DLLS,11,I,13,12,I,0110,1,GS-12,I,XXXX,8,10,F,1,200809,1,"$90,698",34.4
DLLS,11,B,04,09,B,0110,1,GS-09,D,XXXX,8,15,F,1,200809,1,"$48,108",2.3
DLLS,09,G,04,06,B,0119,3,GS-06,C,XXXX,8,15,P,2,200809,1,"$38,226",2.7
DLLS,11,G,17,13,F,0110,1,GS-13,I,XXXX,8,10,F,1,200809,1,"$96,791",19.0
DLLS,11,F,13,13,F,0110,1,GS-13,I,XXXX,8,10,F,1,200809,1,"$96,791",19.6
DLLS,11,C,13,11,B,0110,1,GS-11,E,XXXX,8,15,F,1,200809,1,"$58,206",2.3
DLLS,11,I,14,13,I,0110,1,GS-13,J,XXXX,8,10,F,1,200809,1,"$105,088",33.5
DLLS,11,H,13,13,I,0110,1,GS-13,J,XXXX,2,10,F,1,200809,1,"$102,323",31.0
DLLS,11,F,17,12,G,0110,1,GS-12,H,XXXX,8,10,F,1,200809,1,"$83,720",20.0
DLLS,25,I,13,07,E,0119,3,GS-07,D,XXXX,8,10,P,2,200809,1,"$48,395",11.4
DLLS,11,D,13,13,E,0110,1,GS-13,I,XXXX,8,10,F,1,200809,1,"$94,025",11.7
DLLS,12,K,13,05,C,0119,3,GS-05,C,XXXX,8,15,P,2,200809,1,"$38,639",3.3
DLLS,09,I,13,07,H,0119,3,GS-07,E,XXXX,8,10,P,2,200809,1,"$52,427",26.3
DLLS,25,F,17,12,D,0110,1,GS-12,G,XXXX,8,10,F,1,200809,1,"$77,771",7.1
DLLS,25,J,04,07,C,0119,3,GS-07,D,XXXX,8,10,P,2,200809,1,"$42,513",4.3
DLLS,34,I,13,13,I,0110,1,GM-13,K,XXXX,2,10,F,1,200809,1,"$112,735",34.6
DLLS,11,F,17,14,F,0110,1,GS-14,K,XXXX,2,10,F,1,200809,1,"$111,104",17.3
DLLS,11,J,17,13,I,0110,1,GS-13,J,XXXX,8,10,F,1,200809,1,"$107,854",32.8
DLLS,11,B,17,12,C,0110,1,GS-12,F,XXXX,8,10,F,1,200809,1,"$69,764",3.3
DLLS,37,H,13,12,H,0110,1,GS-12,H,XXXX,8,10,F,1,200809,1,"$83,149",28.7
DLLS,11,B,13,11,B,0110,1,GS-11,E,XXXX,8,15,F,1,200809,1,"$58,206",2.0
DLLS,36,J,13,13,F,0110,1,GS-13,J,XXXX,8,10,F,1,200809,1,"$101,170",18.2
DLLS,39,F,13,06,E,0119,3,GS-06,D,XXXX,8,15,P,2,200809,1,"$42,524",13.6
DLLS,11,E,13,12,E,0110,1,GS-12,H,XXXX,8,10,F,1,200809,1,"$81,394",10.3
DLLS,36,I,13,05,D,0119,3,GS-05,C,XXXX,8,15,P,2,200809,1,"$35,398",5.2
DLLS,36,D,13,06,B,0119,3,GS-06,C,XXXX,8,15,P,2,200809,1,"$36,993",2.3
DLLS,11,E,17,13,D,0110,1,GS-13,I,XXXX,8,10,F,1,200809,1,"$91,259",7.3
DLLS,11,C,13,12,D,0110,1,GS-12,G,XXXX,8,10,F,1,200809,1,"$76,742",7.2
DLLS,36,K,13,07,F,0119,3,GS-07,D,XXXX,8,10,P,2,200809,1,"$46,289",18.5
DLLS,11,C,13,12,C,0110,1,GS-12,F,XXXX,8,15,F,1,200809,1,"$69,764",3.0
DLLS,11,C,13,13,D,0110,1,GS-13,H,XXXX,8,10,F,1,200809,1,"$82,961",7.0
DLLS,36,E,08,05,D,0119,3,GS-05,C,XXXX,8,10,P,2,200809,1,"$38,715",7.4
DLLS,29,J,18,12,I,0110,1,GS-12,H,XXXX,8,10,F,1,200809,1,"$84,913",32.0
DLLS,11,D,13,12,D,0110,1,GS-12,G,XXXX,8,15,F,1,200809,1,"$76,742",7.3
DLLS,11,D,21,13,D,0110,1,GS-13,I,XXXX,8,10,F,1,200809,1,"$99,557",7.3
DLLS,06,H,13,12,I,0110,1,GS-12,I,XXXX,8,10,F,1,200809,1,"$99,431",30.0
DLLS,25,D,13,12,E,0110,1,GS-12,H,XXXX,8,10,F,1,200809,1,"$82,485",11.6
DLLS,36,K,17,12,I,0110,1,GS-12,I,XXXX,8,10,F,1,200809,1,"$94,802",32.5
DLLS,06,J,17,12,D,0110,1,GS-12,G,XXXX,8,10,F,1,200809,1,"$74,696",9.4
DLLS,12,H,13,07,F,0119,3,GS-07,D,XXXX,8,10,P,2,200809,1,"$40,503",19.5
DLLS,42,F,07,06,E,0119,3,GS-06,D,XXXX,8,10,P,2,200809,1,"$41,035",10.8
DLLS,11,E,17,11,B,0110,1,GS-11,E,XXXX,8,15,F,1,200809,1,"$58,206",1.7
DLLS,11,G,17,13,G,0110,1,GM-13,J,XXXX,2,10,F,1,200809,1,"$107,854",21.8
DLLS,11,G,17,12,G,0110,1,GS-12,H,XXXX,8,10,F,1,200809,1,"$83,720",20.0
DLLS,11,C,17,12,C,0110,1,GS-12,G,XXXX,8,10,F,1,200809,1,"$74,416",4.3
DLLS,11,K,21,14,F,0110,1,GS-14,L,XXXX,2,10,F,1,200809,1,"$120,907",19.0
DLLS,11,C,13,12,D,0110,1,GS-12,G,XXXX,8,10,F,1,200809,1,"$79,068",8.0
DLLS,42,D,14,12,D,0110,1,GS-12,G,XXXX,8,10,F,1,200809,1,"$76,266",8.2
DLLS,11,G,21,13,E,0110,1,GS-13,I,XXXX,8,10,F,1,200809,1,"$94,025",11.2
DLLS,13,H,13,12,H,0110,1,GS-12,H,XXXX,8,10,F,1,200809,1,"$85,747",28.5
DLLS,42,D,13,12,D,0110,1,GS-12,G,XXXX,8,10,F,1,200809,1,"$78,578",8.1
DLLS,11,D,13,14,D,0110,1,GS-14,J,XXXX,2,10,F,1,200809,1,"$101,301",8.0
DLLS,55,G,07,06,D,0119,3,GS-06,C,XXXX,8,10,P,2,200809,1,"$38,731",8.8
DLLS,55,D,13,11,D,0110,1,GS-11,F,XXXX,8,10,F,1,200809,1,"$65,571",9.5
DLLS,11,C,13,12,C,0110,1,GS-12,F,XXXX,8,10,F,1,200809,1,"$69,764",3.2
DLLS,11,B,13,09,B,0110,1,GS-09,D,XXXX,8,15,F,1,200809,1,"$48,108",1.3
DLLS,11,C,13,12,C,0110,1,GS-12,F,XXXX,8,10,P,2,200809,1,"$69,764",3.3
DLLS,11,E,21,14,E,0110,1,GS-14,K,XXXX,8,10,F,1,200809,1,"$111,104",10.1
DLLS,11,I,13,13,I,0110,1,GS-13,J,XXXX,8,10,F,1,200809,1,"$107,854",31.0
DLLS,47,H,17,07,E,0119,3,GS-07,D,XXXX,8,10,P,2,200809,1,"$42,956",10.2
DLLS,11,C,17,12,C,0110,1,GS-12,G,XXXX,8,10,F,1,200809,1,"$72,090",3.0
DLLS,13,J,17,07,D,0119,3,GS-07,D,XXXX,8,10,P,2,200809,1,"$41,977",7.8
DLLS,11,G,13,15,G,0110,1,GS-15,L,XXXX,2,10,F,1,200809,1,"$126,850",24.0
DLLS,13,K,07,12,F,0110,1,GS-12,G,XXXX,8,10,F,1,200809,1,"$74,463",16.1
DLLS,11,K,17,14,I,0110,1,GS-14,K,XXXX,2,10,F,1,200809,1,"$114,372",31.7
DLLS,11,E,13,13,F,0110,1,GS-13,I,XXXX,8,10,F,1,200809,1,"$96,791",17.3
DLLS,11,G,13,13,G,0110,1,GS-13,I,XXXX,8,10,F,1,200809,1,"$99,557",24.2
DLLS,11,B,13,09,B,0110,1,GS-09,D,XXXX,8,15,F,1,200809,1,"$48,108",2.0
DLLS,11,C,13,12,D,0110,1,GS-12,G,XXXX,8,10,F,1,200809,1,"$76,742",7.3
DLLS,26,I,13,07,E,0119,3,GS-07,D,XXXX,8,10,P,2,200809,1,"$49,161",14.6
DLLS,12,I,17,05,A,0119,3,GS-05,B,XXXX,8,15,P,2,200809,1,"$29,726",0.5
DLLS,11,H,17,12,F,0110,1,GS-12,H,XXXX,8,10,F,1,200809,1,"$83,720",18.9
DLLS,17,C,13,12,C,0110,1,GS-12,G,XXXX,8,10,F,1,200809,1,"$71,074",3.4
DLLS,39,I,13,07,E,0119,3,GS-07,D,XXXX,8,10,P,2,200809,1,"$44,448",11.3
DLLS,11,E,17,13,D,0110,1,GS-13,I,XXXX,2,10,F,1,200809,1,"$94,025",9.1
DLLS,17,H,13,13,I,0110,1,GS-13,J,XXXX,2,10,F,1,200809,1,"$109,880",31.7
DLLS,39,C,10,05,A,0119,3,GS-05,C,XXXX,8,15,P,2,200809,1,"$30,758",0.7
DLLS,17,D,13,12,D,0110,1,GS-12,G,XXXX,8,10,F,1,200809,1,"$78,183",5.7
DLLS,16,J,17,07,G,0119,3,GS-07,D,XXXX,8,10,P,2,200809,1,"$46,637",22.9
DLLS,11,E,13,13,F,0110,1,GS-13,I,XXXX,2,10,F,1,200809,1,"$94,025",17.1
DLLS,39,F,17,11,F,0110,1,GS-11,F,XXXX,8,10,F,1,200809,1,"$67,664",15.3
DLLS,13,C,17,07,A,0110,1,GS-07,C,XXXX,8,15,F,1,200809,1,"$38,162",0.8
DLLS,39,D,13,07,C,0119,3,GS-07,C,XXXX,8,10,P,2,200809,1,"$37,499",3.5
DLLS,11,J,17,,F,0110,1,ES-**,K,XXXX,2,50,F,1,200809,1,"$118,901",15.3
DLLS,11,E,21,13,D,0110,1,GS-13,I,XXXX,8,10,F,1,200809,1,"$99,557",5.0
DLLS,11,E,13,12,D,0110,1,GS-12,G,XXXX,8,10,F,1,200809,1,"$79,068",8.3
DLLS,11,D,13,13,D,0110,1,GS-13,I,XXXX,2,10,F,1,200809,1,"$91,259",8.2
DLLS,11,C,13,12,D,0110,1,GS-12,G,XXXX,8,10,F,1,200809,1,"$74,416",5.3
DLLS,11,J,13,11,C,0110,1,GS-11,E,XXXX,8,15,F,1,200809,1,"$58,206",3.3
DLLS,37,G,17,12,G,0110,1,GS-12,H,XXXX,8,10,F,1,200809,1,"$85,397",24.3
DLLS,47,J,04,07,G,0119,3,GS-07,D,XXXX,8,10,P,2,200809,1,"$46,637",22.3
DLLS,11,D,13,12,D,0110,1,GS-12,G,XXXX,8,10,F,1,200809,1,"$79,068",9.1
DLLS,01,E,13,05,A,0119,3,GS-05,B,XXXX,8,15,P,2,200809,1,"$29,726",0.5
DLLS,11,F,13,14,F,0110,1,GS-14,K,XXXX,2,10,F,1,200809,1,"$114,372",19.9
DLLS,13,H,13,14,H,0110,1,GS-14,K,XXXX,2,10,F,1,200809,1,"$110,975",28.3
DLLS,01,J,14,07,G,0119,3,GS-07,D,XXXX,8,10,P,2,200809,1,"$46,637",23.1
DLLS,13,I,13,13,J,0110,1,GM-13,J,XXXX,2,10,F,1,200809,1,"$104,652",36.4
DLLS,48,G,13,13,G,0110,1,GS-13,I,XXXX,2,10,F,1,200809,1,"$92,352",21.5
DLLS,11,B,04,11,B,0110,1,GS-11,E,XXXX,8,15,F,1,200809,1,"$58,206",2.2
DLLS,48,J,13,12,I,0110,1,GS-12,H,XXXX,8,10,F,1,200809,1,"$89,085",33.2
DLLS,11,C,13,11,B,0110,1,GS-11,E,XXXX,8,15,F,1,200809,1,"$58,206",2.3
DLLS,01,J,13,06,D,0119,3,GS-06,C,XXXX,8,10,P,2,200809,1,"$35,344",7.3
DLLS,06,H,17,06,E,0119,3,GS-06,C,XXXX,8,15,P,2,200809,1,"$36,671",10.2
DLLS,11,E,13,12,E,0110,1,GS-12,H,XXXX,8,10,F,1,200809,1,"$81,394",11.5
DLLS,12,E,13,12,E,0110,1,GS-12,F,XXXX,8,10,F,1,200809,1,"$69,670",12.2
DLLS,11,B,13,07,A,0110,1,GS-07,C,XXXX,8,32,F,1,200809,1,"$39,330",0.8
DLLS,48,J,17,12,F,0110,1,GS-12,H,XXXX,8,10,F,1,200809,1,"$88,221",19.2
DLLS,13,G,13,12,E,0110,1,GS-12,G,XXXX,8,10,F,1,200809,1,"$74,463",13.8
DLLS,11,E,17,14,E,0110,1,GS-14,I,XXXX,2,10,F,1,200809,1,"$98,033",11.7
DLLS,22,E,13,05,D,0119,3,GS-05,C,XXXX,8,10,P,2,200809,1,"$35,668",6.7
DLLS,13,C,13,07,A,0110,1,GS-07,C,XXXX,8,15,F,1,200809,1,"$38,162",0.8
DLLS,11,D,17,12,B,0110,1,GS-12,F,XXXX,8,15,F,1,200809,1,"$69,764",2.3
DLLS,01,K,08,07,G,0119,3,GS-07,D,XXXX,8,10,P,2,200809,1,"$46,637",22.4
DLLS,13,I,04,07,D,0119,3,GS-07,D,XXXX,8,10,P,2,200809,1,"$40,503",8.7
DLLS,13,G,14,13,G,0110,1,GS-13,I,XXXX,2,10,F,1,200809,1,"$93,916",22.0
DLLS,08,E,13,12,E,0110,1,GS-12,H,XXXX,8,10,F,1,200809,1,"$83,817",13.7
DLLS,48,E,13,13,E,0110,1,GS-13,I,XXXX,2,10,F,1,200809,1,"$92,352",13.2
DLLS,05,I,09,07,F,0119,3,GS-07,D,XXXX,8,10,P,2,200809,1,"$45,410",16.9
DLLS,13,F,13,13,G,0110,1,GS-13,I,XXXX,2,10,F,1,200809,1,"$96,600",22.1
DLLS,34,J,04,06,E,0119,3,GS-06,D,XXXX,8,10,P,2,200809,1,"$40,693",14.8
DLLS,48,F,13,11,E,0110,1,GS-11,F,XXXX,8,10,F,1,200809,1,"$62,888",11.8
DLLS,17,J,14,13,J,0110,1,GM-13,J,XXXX,2,10,F,1,200809,1,"$109,880",38.3
DLLS,11,D,13,12,D,0110,1,GS-12,G,XXXX,8,10,F,1,200809,1,"$76,742",8.3
DLLS,11,C,13,12,C,0110,1,GS-12,G,XXXX,8,10,F,1,200809,1,"$72,090",4.7
DLLS,45,E,04,05,E,0119,3,GS-05,C,XXXX,8,15,P,2,200809,1,"$38,639",13.9
DLLS,13,C,13,12,C,0110,1,GS-12,F,XXXX,8,10,F,1,200809,1,"$67,693",3.7
DLLS,28,I,13,07,E,0119,3,GS-07,D,XXXX,8,10,P,2,200809,1,"$42,956",11.5
DLLS,11,I,13,13,I,0110,1,GM-13,J,XXXX,2,10,F,1,200809,1,"$107,854",30.0
DLLS,48,C,13,12,C,0110,1,GS-12,F,XXXX,8,10,F,1,200809,1,"$68,524",3.6
DLLS,22,I,04,07,D,0119,3,GS-07,D,XXXX,8,10,P,2,200809,1,"$41,729",8.9
DLLS,22,G,08,05,G,0119,3,GS-05,C,XXXX,8,10,P,2,200809,1,"$35,668",20.2
DLLS,11,E,04,06,F,0119,3,GS-06,D,XXXX,8,10,F,1,200809,1,"$44,831",17.6
DLLS,22,I,13,06,B,0119,3,GS-06,D,XXXX,8,15,P,2,200809,1,"$40,867",1.8
DLLS,36,F,13,12,F,0110,1,GS-12,H,XXXX,8,10,F,1,200809,1,"$87,508",17.5
DLLS,13,D,17,12,D,0110,1,GS-12,G,XXXX,8,10,F,1,200809,1,"$76,720",9.3
DLLS,48,I,13,07,F,0119,3,GS-07,E,XXXX,8,10,P,2,200809,1,"$52,492",15.2
DLLS,06,E,08,12,F,0110,1,GS-12,H,XXXX,8,10,F,1,200809,1,"$89,231",18.8
DLLS,11,E,17,11,B,0110,1,GS-11,E,XXXX,8,15,F,1,200809,1,"$58,206",2.8
DLLS,48,F,13,12,D,0110,1,GS-12,F,XXXX,8,10,F,1,200809,1,"$68,524",9.3
DLLS,28,K,07,07,I,0119,3,GS-07,D,XXXX,8,10,P,2,200809,1,"$47,864",32.8
DLLS,11,G,21,15,E,0110,1,GS-15,M,XXXX,2,10,F,1,200809,1,"$130,694",13.0
DLLS,40,G,07,05,F,0119,3,GS-05,C,XXXX,8,10,P,2,200809,1,"$33,687",15.0
DLLS,11,F,13,14,G,0110,1,GS-14,K,XXXX,8,10,F,1,200809,1,"$114,372",20.3
DLLS,40,G,13,07,G,0119,3,GS-07,D,XXXX,8,10,P,2,200809,1,"$47,864",24.9
DLLS,11,E,13,13,E,0110,1,GS-13,I,XXXX,8,10,F,1,200809,1,"$91,259",13.7
DLLS,48,H,13,13,H,0110,1,GS-13,I,XXXX,8,10,F,1,200809,1,"$95,069",28.1
DLLS,17,D,13,13,D,0110,1,GS-13,I,XXXX,2,10,F,1,200809,1,"$90,154",9.9
DLLS,29,E,13,12,E,0110,1,GS-12,G,XXXX,8,10,F,1,200809,1,"$78,381",13.4
DLLS,06,F,17,06,D,0119,3,GS-06,D,XXXX,8,10,P,2,200809,1,"$44,052",8.6
DLLS,48,F,17,12,F,0110,1,GS-12,H,XXXX,8,10,F,1,200809,1,"$84,516",16.3
DLLS,40,J,07,07,F,0119,3,GS-07,D,XXXX,8,10,P,2,200809,1,"$42,956",17.6
DLLS,36,I,13,07,I,0119,3,GS-07,E,XXXX,8,10,P,2,200809,1,"$53,438",30.1
DLLS,04,H,13,06,B,0119,3,GS-06,C,XXXX,8,15,P,2,200809,1,"$33,591",2.3
DLLS,48,H,07,07,F,0119,3,GS-07,D,XXXX,8,10,P,2,200809,1,"$44,183",16.3
DLLS,48,I,17,05,H,0119,3,GS-05,C,XXXX,8,10,P,2,200809,1,"$38,639",26.0
DLLS,48,G,17,12,E,0110,1,GS-12,G,XXXX,8,10,F,1,200809,1,"$79,946",11.0
DLLS,13,E,13,09,B,0110,1,GS-09,D,XXXX,8,15,F,1,200809,1,"$46,680",1.9
DLLS,48,H,13,05,D,0119,3,GS-05,C,XXXX,8,15,P,2,200809,1,"$30,716",5.5
DLLS,41,F,13,12,E,0110,1,GS-12,H,XXXX,8,10,F,1,200809,1,"$82,217",14.6
DLLS,48,F,07,07,G,0119,3,GS-07,D,XXXX,8,10,F,1,200809,1,"$48,928",24.1
DLLS,48,C,13,12,D,0110,1,GS-12,G,XXXX,8,10,F,1,200809,1,"$73,093",5.6
DLLS,48,F,13,05,E,0119,3,GS-05,C,XXXX,8,15,P,2,200809,1,"$38,639",12.9
DLLS,48,E,13,12,F,0110,1,GS-12,G,XXXX,8,10,F,1,200809,1,"$79,946",15.9
DLLS,11,F,13,13,F,0110,1,GS-13,I,XXXX,8,10,F,1,200809,1,"$91,259",18.8
DLLS,11,B,13,11,B,0110,1,GS-11,E,XXXX,8,15,F,1,200809,1,"$58,206",2.2
DLLS,39,D,13,12,D,0110,1,GS-12,G,XXXX,8,10,P,2,200809,1,"$74,343",8.2
DLLS,11,C,13,13,D,0110,1,GS-13,H,XXXX,8,10,F,1,200809,1,"$82,961",6.0
DLLS,11,C,13,12,C,0110,1,GS-12,F,XXXX,8,10,F,1,200809,1,"$69,764",3.3
DLLS,11,D,17,12,B,0110,1,GS-12,F,XXXX,8,15,F,1,200809,1,"$69,764",2.2
DLLS,48,J,13,07,D,0119,3,GS-07,C,XXXX,8,10,P,2,200809,1,"$39,918",6.8
DLLS,48,H,13,07,C,0119,3,GS-07,C,XXXX,8,10,P,2,200809,1,"$36,822",4.1
DLLS,48,F,13,12,E,0110,1,GS-12,G,XXXX,8,10,F,1,200809,1,"$79,946",10.6
DLLS,48,I,13,12,I,0110,1,GS-12,I,XXXX,8,10,F,1,200809,1,"$95,574",33.8
DLLS,48,E,13,12,E,0110,1,GS-12,H,XXXX,8,10,F,1,200809,1,"$82,231",13.7
DLLS,48,I,13,05,C,0119,3,GS-05,C,XXXX,8,15,P,2,200809,1,"$34,572",4.8
DLLS,11,I,13,12,I,0110,1,GS-12,I,XXXX,8,10,F,1,200809,1,"$90,698",31.5
DLLS,13,D,13,12,D,0110,1,GS-12,G,XXXX,8,10,F,1,200809,1,"$76,720",8.0
DLLS,27,H,13,05,B,0119,3,GS-05,C,XXXX,8,10,P,2,200809,1,"$31,367",2.3
DLLS,11,D,13,12,E,0110,1,GS-12,H,XXXX,8,10,F,1,200809,1,"$81,394",10.2
DLLS,27,I,13,07,E,0119,3,GS-07,D,XXXX,8,10,P,2,200809,1,"$45,328",11.3
DLLS,11,C,17,13,D,0110,1,GS-13,H,XXXX,8,10,F,1,200809,1,"$85,727",5.7
DLLS,11,E,21,13,D,0110,1,GS-13,I,XXXX,8,10,F,1,200809,1,"$99,557",6.1
DLLS,11,D,17,13,D,0110,1,GS-13,H,XXXX,8,10,F,1,200809,1,"$85,727",9.5
DLLS,39,H,13,12,H,0110,1,GS-12,H,XXXX,8,10,F,1,200809,1,"$81,559",25.6
DLLS,27,G,09,07,G,0119,3,GS-07,D,XXXX,8,10,P,2,200809,1,"$46,623",24.6
DLLS,11,C,13,13,D,0110,1,GS-13,H,XXXX,8,10,F,1,200809,1,"$82,961",7.3
DLLS,17,D,13,12,D,0110,1,GS-12,G,XXXX,8,10,F,1,200809,1,"$73,444",5.8
DLLS,06,F,17,12,E,0110,1,GS-12,I,XXXX,8,10,F,1,200809,1,"$91,781",11.0
DLLS,17,G,17,15,D,0110,1,GS-15,M,XXXX,2,10,F,1,200809,1,"$133,148",5.5
DLLS,11,B,17,09,B,0110,1,GS-09,D,XXXX,8,15,F,1,200809,1,"$48,108",1.3
DLLS,11,C,13,12,C,0110,1,GS-12,G,XXXX,8,10,F,1,200809,1,"$72,090",4.9
DLLS,27,I,13,05,B,0119,3,GS-05,C,XXXX,8,15,P,2,200809,1,"$35,547",2.4
DLLS,06,H,13,12,D,0110,1,GS-12,H,XXXX,8,10,F,1,200809,1,"$86,681",8.2
DLLS,34,I,10,06,D,0119,3,GS-06,D,XXXX,8,10,P,2,200809,1,"$40,693",6.5
DLLS,13,C,13,05,D,0119,3,GS-05,C,XXXX,8,15,P,2,200809,1,"$31,834",6.2
DLLS,42,B,13,09,B,0110,1,GS-09,D,XXXX,8,15,F,1,200809,1,"$47,810",2.0
DLLS,11,K,17,,F,0110,1,ES-**,Q,XXXX,2,50,F,1,200809,1,"$171,990",17.6
DLLS,11,G,17,14,F,0110,1,GS-14,J,XXXX,2,10,F,1,200809,1,"$104,569",19.3
DLLS,11,I,17,14,I,0110,1,GS-14,K,XXXX,2,10,F,1,200809,1,"$114,372",30.2
DLLS,34,H,04,07,E,0119,3,GS-07,D,XXXX,8,10,P,2,200809,1,"$46,589",10.7
DLLS,34,F,13,05,A,0119,3,GS-05,C,XXXX,8,15,P,2,200809,1,"$33,187",0.0
DLLS,11,C,13,11,B,0110,1,GS-11,E,XXXX,8,15,F,1,200809,1,"$58,206",2.2
DLLS,11,C,13,13,D,0110,1,GS-13,H,XXXX,8,10,F,1,200809,1,"$88,493",7.3
DLLS,34,H,13,06,E,0119,3,GS-06,D,XXXX,8,10,P,2,200809,1,"$46,859",13.0
DLLS,11,D,21,12,C,0110,1,GS-12,H,XXXX,8,15,F,1,200809,1,"$86,046",4.3
DLLS,11,H,13,15,I,0110,1,GS-15,M,XXXX,2,10,F,1,200809,1,"$138,383",31.1
DLLS,34,I,14,12,I,0110,1,GS-12,I,XXXX,8,10,F,1,200809,1,"$94,802",32.7
DLLS,42,G,09,12,H,0110,1,GS-12,G,XXXX,8,10,F,1,200809,1,"$78,578",29.3
DLLS,11,F,17,13,F,0110,1,GS-13,H,XXXX,8,10,F,1,200809,1,"$88,493",15.2
DLLS,11,C,13,12,C,0110,1,GS-12,F,XXXX,8,10,F,1,200809,1,"$69,764",3.2
DLLS,34,J,17,06,D,0119,3,GS-06,C,XXXX,8,10,P,2,200809,1,"$38,226",5.7
DLLS,11,B,13,11,B,0110,1,GS-11,E,XXXX,8,15,F,1,200809,1,"$58,206",2.3
DLLS,02,J,14,07,H,0119,3,GS-07,D,XXXX,8,10,P,2,200809,1,"$42,290",25.3
DLLS,34,J,13,07,D,0119,3,GS-07,D,XXXX,8,10,P,2,200809,1,"$45,219",8.3
DLLS,06,I,13,12,I,0110,1,GS-12,I,XXXX,8,10,F,1,200809,1,"$99,431",30.0
DLLS,11,I,17,13,I,0110,1,GS-13,J,XXXX,8,10,F,1,200809,1,"$107,854",31.0
DLLS,11,E,15,12,E,0110,1,GS-12,H,XXXX,8,10,F,1,200809,1,"$81,394",11.3
DLLS,11,D,21,12,B,0110,1,GS-12,H,XXXX,8,10,F,1,200809,1,"$83,720",2.2
DLLS,11,K,17,12,G,0110,1,GS-12,H,XXXX,8,10,F,1,200809,1,"$83,720",24.2
DLLS,08,I,17,05,D,0119,3,GS-05,D,XXXX,8,15,P,2,200809,1,"$40,259",5.5
DLLS,11,F,13,13,F,0110,1,GS-13,I,XXXX,8,10,P,2,200809,1,"$96,791",17.3
DLLS,06,B,13,07,A,0110,1,GS-07,D,XXXX,8,15,F,1,200809,1,"$40,752",0.3
DLLS,11,C,13,09,B,0110,1,GS-09,D,XXXX,8,15,F,1,200809,1,"$48,108",1.8
DLLS,11,I,14,12,J,0110,1,GS-12,I,XXXX,8,10,F,1,200809,1,"$90,698",38.2
DLLS,11,E,13,13,F,0110,1,GS-13,H,XXXX,8,10,F,1,200809,1,"$88,493",17.2
DLLS,11,H,13,07,F,0119,3,GS-07,D,XXXX,8,10,P,2,200809,1,"$48,503",17.3
DLLS,11,H,13,14,G,0110,1,GS-14,K,XXXX,2,10,F,1,200809,1,"$117,639",20.2
DLLS,13,C,13,11,B,0110,1,GS-11,E,XXXX,8,15,F,1,200809,1,"$56,478",2.9
DLLS,34,H,13,12,H,0110,1,GS-12,I,XXXX,8,10,F,1,200809,1,"$94,802",26.4
DLLS,41,F,13,12,F,0110,1,GS-12,H,XXXX,8,10,F,1,200809,1,"$82,217",16.4
DLLS,11,C,13,12,C,0110,1,GS-12,F,XXXX,8,10,F,1,200809,1,"$69,764",3.2
DLLS,11,C,13,12,D,0110,1,GS-12,G,XXXX,8,10,F,1,200809,1,"$74,416",5.2
DLLS,50,J,13,07,E,0119,3,GS-07,D,XXXX,8,10,P,2,200809,1,"$42,956",11.4
DLLS,11,F,21,14,E,0110,1,GS-14,K,XXXX,8,10,F,1,200809,1,"$114,372",13.0
DLLS,11,C,17,12,B,0110,1,GS-12,F,XXXX,8,15,F,1,200809,1,"$69,764",2.9
DLLS,11,J,14,15,I,0110,1,GS-15,N,XXXX,2,10,F,1,200809,1,"$149,000",33.6
DLLS,42,J,04,07,D,0119,3,GS-07,D,XXXX,8,10,P,2,200809,1,"$42,993",6.3
DLLS,11,F,13,14,G,0110,1,GS-14,K,XXXX,8,10,P,2,200809,1,"$114,372",21.0
DLLS,11,D,13,11,B,0110,1,GS-11,E,XXXX,8,15,F,1,200809,1,"$58,206",2.3
DLLS,21,H,13,12,I,0110,1,GS-12,G,XXXX,8,10,F,1,200809,1,"$78,381",30.1
DLLS,11,I,14,14,I,0110,1,GS-14,L,XXXX,2,10,F,1,200809,1,"$127,442",34.8
DLLS,42,I,04,12,J,0110,1,GS-12,I,XXXX,8,10,F,1,200809,1,"$90,135",37.8
DLLS,11,E,13,13,F,0110,1,GS-13,I,XXXX,8,10,F,1,200809,1,"$96,791",15.7
DLLS,42,F,13,12,F,0110,1,GS-12,I,XXXX,8,10,F,1,200809,1,"$90,135",19.0
DLLS,11,C,13,11,C,0110,1,GS-11,E,XXXX,8,15,F,1,200809,1,"$58,206",3.2
DLLS,25,J,17,07,F,0119,3,GS-07,D,XXXX,8,10,P,2,200809,1,"$41,185",15.1
DLLS,11,H,13,14,I,0110,1,GM-14,L,XXXX,2,10,F,1,200809,1,"$127,442",30.4
DLLS,17,G,17,12,G,0110,1,GS-12,I,XXXX,8,10,F,1,200809,1,"$90,031",21.5
DLLS,42,D,04,12,D,0110,1,GS-12,G,XXXX,8,10,F,1,200809,1,"$78,578",8.1
DLLS,11,I,14,15,J,0110,1,GS-15,M,XXXX,2,10,F,1,200809,1,"$138,383",37.3
DLLS,11,I,13,14,J,0110,1,GS-14,L,XXXX,8,10,F,1,200809,1,"$120,907",37.5
DLLS,11,I,17,,H,0110,1,ES-**,P,XXXX,2,50,F,1,200809,1,"$165,165",25.2
DLLS,11,I,04,06,G,0119,3,GS-06,D,XXXX,8,10,F,1,200809,1,"$46,011",23.5
DLLS,11,H,17,12,G,0110,1,GS-12,G,XXXX,8,10,F,1,200809,1,"$79,068",21.1
DLLS,11,H,04,07,H,0119,3,GS-07,E,XXXX,8,10,F,1,200809,1,"$51,124",29.8
DLLS,11,H,13,12,J,0110,1,GS-12,H,XXXX,8,10,F,1,200809,1,"$88,372",35.8
DLLS,11,I,17,13,H,0110,1,GS-13,J,XXXX,8,10,F,1,200809,1,"$105,088",29.3
DLLS,11,J,13,12,G,0110,1,GS-12,H,XXXX,8,10,F,1,200809,1,"$88,372",23.8
DLLS,11,H,11,07,I,0119,3,GS-07,E,XXXX,8,10,F,1,200809,1,"$51,124",31.4
DLLS,11,H,17,12,G,0110,1,GS-12,H,XXXX,8,10,F,1,200809,1,"$83,720",20.3
DLLS,11,D,17,14,E,0110,1,GS-14,J,XXXX,2,10,F,1,200809,1,"$107,836",10.3
DLLS,11,F,13,12,G,0110,1,GS-12,H,XXXX,8,10,F,1,200809,1,"$81,394",22.6
DLLS,11,F,13,13,G,0110,1,GS-13,J,XXXX,8,10,F,1,200809,1,"$102,323",20.3
DLLS,13,F,04,12,G,0110,1,GS-12,G,XXXX,8,10,F,1,200809,1,"$76,720",22.7
DLLS,11,F,09,09,F,0110,1,GS-09,E,XXXX,8,10,F,1,200809,1,"$52,921",19.6
DLLS,11,J,13,13,J,0110,1,GS-13,J,XXXX,8,10,F,1,200809,1,"$105,088",36.2
DLLS,11,I,07,07,J,0119,3,GS-07,E,XXXX,8,10,F,1,200809,1,"$51,124",37.3
DLLS,11,I,04,07,J,0119,3,GS-07,E,XXXX,8,10,F,1,200809,1,"$51,124",35.5
DLLS,11,J,17,12,G,0110,1,GS-12,I,XXXX,8,10,F,1,200809,1,"$90,698",23.8
DLLS,11,H,04,12,G,0110,1,GS-12,G,XXXX,8,10,F,1,200809,1,"$79,068",20.0
DLLS,11,I,04,12,J,0110,1,GS-12,H,XXXX,8,10,F,1,200809,1,"$83,720",37.8
DLLS,11,H,04,07,H,0119,3,GS-07,D,XXXX,8,10,F,1,200809,1,"$49,814",25.5
DLLS,11,H,17,12,H,0110,1,GS-12,I,XXXX,8,10,F,1,200809,1,"$90,698",25.9
DLLS,11,E,13,12,E,0110,1,GS-12,H,XXXX,8,10,F,1,200809,1,"$83,720",14.9
DLLS,11,G,13,13,G,0110,1,GS-13,I,XXXX,8,10,F,1,200809,1,"$99,557",23.8
DLLS,11,G,13,12,G,0110,1,GS-12,H,XXXX,8,10,F,1,200809,1,"$86,046",21.3
DLLS,11,G,04,06,G,0119,3,GS-06,D,XXXX,8,10,F,1,200809,1,"$46,011",21.5
DLLS,11,I,14,13,H,0110,1,GS-13,I,XXXX,8,10,F,1,200809,1,"$99,557",26.3
DLLS,11,D,13,09,B,0110,1,GS-09,D,XXXX,8,15,F,1,200809,1,"$48,108",1.0
DLLS,51,G,13,12,F,0110,1,GS-12,G,XXXX,8,10,F,1,200809,1,"$79,918",15.8
DLLS,11,D,13,13,D,0110,1,GS-13,H,XXXX,8,10,F,1,200809,1,"$85,727",8.2
DLLS,27,K,17,07,D,0119,3,GS-07,D,XXXX,8,10,P,2,200809,1,"$42,739",7.3
DLLS,32,H,17,07,F,0119,3,GS-07,D,XXXX,8,10,P,2,200809,1,"$42,956",15.5
DLLS,48,G,13,12,H,0110,1,GS-12,H,XXXX,8,10,F,1,200809,1,"$84,516",27.0
DLLS,06,I,13,05,A,0119,3,GS-05,C,XXXX,8,15,P,2,200809,1,"$32,042",0.2
DLLS,27,G,15,12,G,0110,1,GS-12,H,XXXX,8,10,F,1,200809,1,"$82,709",22.9
DLLS,27,D,13,12,D,0110,1,GS-12,G,XXXX,8,10,F,1,200809,1,"$73,518",7.2
DLLS,27,K,18,07,E,0119,3,GS-07,D,XXXX,8,10,P,2,200809,1,"$46,623",13.3
DLLS,11,E,17,12,D,0110,1,GS-12,G,XXXX,8,10,F,1,200809,1,"$74,416",7.1
DLLS,11,J,21,12,E,0110,1,GS-12,G,XXXX,8,10,F,1,200809,1,"$74,416",14.7
DLLS,06,J,13,13,G,0110,1,GS-13,I,XXXX,2,10,F,1,200809,1,"$93,981",23.3
DLLS,29,D,17,12,D,0110,1,GS-12,G,XXXX,8,10,F,1,200809,1,"$71,848",7.8
DLLS,25,K,13,12,G,0110,1,GS-12,H,XXXX,8,10,F,1,200809,1,"$89,556",20.8
DLLS,29,E,13,12,D,0110,1,GS-12,G,XXXX,8,10,F,1,200809,1,"$71,848",7.3
DLLS,25,J,04,07,D,0119,3,GS-07,D,XXXX,8,10,P,2,200809,1,"$45,169",9.2
DLLS,17,G,13,13,G,0110,1,GS-13,I,XXXX,2,10,F,1,200809,1,"$98,608",22.1
DLLS,17,D,17,12,D,0110,1,GS-12,G,XXXX,8,10,F,1,200809,1,"$78,183",7.0
DLLS,17,H,10,07,G,0119,3,GS-07,D,XXXX,8,10,F,1,200809,1,"$49,414",21.3
DLLS,11,C,13,11,B,0110,1,GS-11,E,XXXX,8,15,F,1,200809,1,"$58,206",2.3
DLLS,17,J,17,12,F,0110,1,GS-12,H,XXXX,8,10,F,1,200809,1,"$85,292",19.4
DLLS,17,J,17,14,J,0110,1,GS-14,L,XXXX,8,10,F,1,200809,1,"$126,506",35.3
DLLS,11,J,17,12,E,0110,1,GS-12,H,XXXX,8,10,F,1,200809,1,"$81,394",12.1
DLLS,11,G,17,12,F,0110,1,GS-12,H,XXXX,8,10,F,1,200809,1,"$88,372",19.2
DLLS,17,D,13,12,D,0110,1,GS-12,H,XXXX,8,10,F,1,200809,1,"$80,553",9.9
DLLS,11,D,13,13,D,0110,1,GS-13,H,XXXX,8,10,F,1,200809,1,"$85,727",8.1
DLLS,06,I,17,07,E,0119,3,GS-07,D,XXXX,8,10,P,2,200809,1,"$48,899",13.3
DLLS,17,I,13,06,C,0119,3,GS-06,C,XXXX,8,10,P,2,200809,1,"$37,258",3.2
DLLS,17,C,13,09,B,0110,1,GS-09,D,XXXX,8,15,F,1,200809,1,"$49,012",2.3
DLLS,27,C,17,07,A,0110,1,GS-07,C,XXXX,8,15,F,1,200809,1,"$38,855",0.7
DLLS,11,J,17,13,G,0110,1,GS-13,J,XXXX,8,10,F,1,200809,1,"$102,323",22.0
DLLS,06,C,13,11,B,0110,1,GS-11,F,XXXX,8,15,F,1,200809,1,"$60,310",2.6
DLLS,17,I,13,07,D,0119,3,GS-07,D,XXXX,8,10,P,2,200809,1,"$44,074",6.4
DLLS,17,D,13,13,D,0110,1,GS-13,H,XXXX,2,10,F,1,200809,1,"$87,336",9.4
DLLS,11,H,17,,I,0110,1,ES-**,Q,XXXX,2,50,F,1,200809,1,"$172,200",30.0
DLLS,06,E,13,12,E,0110,1,GS-12,H,XXXX,8,10,F,1,200809,1,"$84,336",11.3
DLLS,11,B,13,09,B,0110,1,GS-09,D,XXXX,8,15,F,1,200809,1,"$48,108",1.7
DLLS,39,H,09,07,G,0119,3,GS-07,D,XXXX,8,10,P,2,200809,1,"$45,410",20.5
DLLS,17,C,13,12,C,0110,1,GS-12,G,XXXX,8,10,F,1,200809,1,"$78,183",4.5
DLLS,17,C,13,12,D,0110,1,GS-12,G,XXXX,8,10,F,1,200809,1,"$75,814",5.8
DLLS,17,J,13,06,B,0119,3,GS-06,C,XXXX,8,15,P,2,200809,1,"$34,239",2.2
DLLS,13,K,13,07,F,0119,3,GS-07,D,XXXX,8,10,P,2,200809,1,"$47,063",17.9
DLLS,06,I,13,12,F,0110,1,GS-12,I,XXXX,8,10,F,1,200809,1,"$91,781",19.8
DLLS,17,G,13,07,F,0119,3,GS-07,D,XXXX,8,10,P,2,200809,1,"$49,414",15.1
DLLS,11,C,13,12,D,0110,1,GS-12,G,XXXX,8,10,F,1,200809,1,"$76,742",7.2
DLLS,17,C,13,11,C,0110,1,GS-11,E,XXXX,8,10,F,1,200809,1,"$59,299",3.0
DLLS,17,E,17,12,E,0110,1,GS-12,G,XXXX,8,10,F,1,200809,1,"$75,814",11.6
DLLS,17,J,13,07,F,0119,3,GS-07,E,XXXX,8,10,P,2,200809,1,"$50,749",18.7
DLLS,04,J,17,07,D,0119,3,GS-07,C,XXXX,8,10,P,2,200809,1,"$39,817",5.2
DLLS,13,F,13,12,F,0110,1,GS-12,G,XXXX,8,10,F,1,200809,1,"$78,977",17.4
DLLS,17,D,13,12,D,0110,1,GS-12,H,XXXX,8,10,F,1,200809,1,"$80,553",9.9
DLLS,17,E,17,12,F,0110,1,GS-12,H,XXXX,8,10,F,1,200809,1,"$85,292",16.3
DLLS,17,G,13,12,E,0110,1,GS-12,H,XXXX,8,10,F,1,200809,1,"$80,553",10.7
DLLS,17,F,17,12,F,0110,1,GS-12,G,XXXX,8,10,F,1,200809,1,"$78,183",17.8
DLLS,17,H,13,13,H,0110,1,GS-13,J,XXXX,2,10,F,1,200809,1,"$104,244",28.0
DLLS,11,J,19,13,J,0110,1,GS-13,J,XXXX,8,10,F,1,200809,1,"$107,854",38.1
DLLS,18,G,13,07,C,0119,3,GS-07,C,XXXX,8,10,P,2,200809,1,"$38,049",4.8
DLLS,17,G,14,07,E,0119,3,GS-07,D,XXXX,8,10,P,2,200809,1,"$46,744",14.3
DLLS,17,J,17,05,C,0119,3,GS-05,D,XXXX,8,15,P,2,200809,1,"$42,046",3.1
DLLS,17,G,13,12,G,0110,1,GS-12,H,XXXX,8,10,F,1,200809,1,"$87,662",23.9
DLLS,11,D,13,12,D,0110,1,GS-12,G,XXXX,8,10,F,1,200809,1,"$74,416",6.8
DLLS,17,C,17,12,C,0110,1,GS-12,G,XXXX,8,10,F,1,200809,1,"$71,074",4.1
DLLS,11,E,13,11,B,0110,1,GS-11,E,XXXX,8,32,P,2,200809,1,"$58,206",1.6
DLLS,17,J,17,06,B,0119,3,GS-06,C,XXXX,8,15,P,2,200809,1,"$34,239",2.2
DLLS,11,H,17,14,I,0110,1,GS-14,L,XXXX,2,10,F,1,200809,1,"$120,907",30.8
DLLS,17,H,13,14,I,0110,1,GS-14,K,XXXX,2,10,F,1,200809,1,"$113,190",33.3
DLLS,08,J,13,06,B,0119,3,GS-06,C,XXXX,8,15,P,2,200809,1,"$35,433",2.8
DLLS,17,G,13,12,H,0110,1,GS-12,I,XXXX,8,10,P,2,200809,1,"$90,031",25.0
DLLS,11,E,21,13,D,0110,1,GS-13,I,XXXX,8,10,F,1,200809,1,"$99,557",7.0
DLLS,11,D,17,11,B,0110,1,GS-11,E,XXXX,8,15,F,1,200809,1,"$58,206",1.7
DLLS,17,D,13,12,D,0110,1,GS-12,G,XXXX,8,10,F,1,200809,1,"$78,183",8.1
DLLS,11,K,17,07,F,0119,3,GS-07,D,XXXX,8,10,P,2,200809,1,"$45,883",15.3
DLLS,17,I,14,12,D,0110,1,GS-12,G,XXXX,8,10,F,1,200809,1,"$78,183",9.3
DLLS,11,G,17,14,E,0110,1,GS-14,I,XXXX,2,10,F,1,200809,1,"$98,033",10.3
DLLS,17,I,07,07,E,0119,3,GS-07,D,XXXX,8,10,P,2,200809,1,"$45,409",11.3
DLLS,17,I,13,07,C,0119,3,GS-07,C,XXXX,8,10,P,2,200809,1,"$38,049",4.1
DLLS,11,K,13,12,G,0110,1,GS-12,H,XXXX,8,10,F,1,200809,1,"$83,720",21.1
DLLS,11,G,13,13,F,0110,1,GS-13,J,XXXX,8,10,F,1,200809,1,"$102,323",19.7
DLLS,17,F,11,13,G,0110,1,GS-13,I,XXXX,2,10,F,1,200809,1,"$92,972",21.9
DLLS,29,K,10,07,F,0119,3,GS-07,D,XXXX,8,10,P,2,200809,1,"$41,729",15.1
DLLS,39,J,17,07,E,0119,3,GS-07,D,XXXX,8,10,P,2,200809,1,"$45,717",11.4
DLLS,11,G,15,14,F,0110,1,GS-14,K,XXXX,2,10,F,1,200809,1,"$111,104",18.1
DLLS,11,H,14,13,F,0110,1,GS-13,I,XXXX,8,10,F,1,200809,1,"$96,791",18.5
DLLS,17,F,13,12,F,0110,1,GS-12,I,XXXX,8,10,F,1,200809,1,"$90,031",19.6
DLLS,11,I,13,12,H,0110,1,GS-12,H,XXXX,8,10,F,1,200809,1,"$88,372",25.8
DLLS,11,G,21,15,F,0110,1,GS-15,N,XXXX,8,10,F,1,200809,1,"$149,000",18.0
DLLS,06,I,09,07,E,0119,3,GS-07,D,XXXX,8,10,P,2,200809,1,"$48,899",12.4
DLLS,17,C,13,07,D,0119,3,GS-07,E,XXXX,8,10,P,2,200809,1,"$52,084",7.0
DLLS,17,I,13,05,I,0119,3,GS-05,D,XXXX,8,10,P,2,200809,1,"$42,046",30.3
DLLS,17,F,17,12,F,0110,1,GS-12,H,XXXX,8,10,F,1,200809,1,"$85,292",17.5
DLLS,48,G,13,05,B,0119,3,GS-05,C,XXXX,8,15,P,2,200809,1,"$33,264",1.2
DLLS,17,F,04,07,H,0119,3,GS-07,E,XXXX,8,10,F,1,200809,1,"$50,749",26.9
DLLS,11,H,17,12,G,0110,1,GS-12,H,XXXX,8,10,F,1,200809,1,"$81,394",22.8
DLLS,17,F,17,07,D,0119,3,GS-07,D,XXXX,8,10,P,2,200809,1,"$49,414",9.5
DLLS,17,H,13,12,H,0110,1,GS-12,H,XXXX,8,10,F,1,200809,1,"$87,662",25.7
DLLS,11,C,17,12,B,0110,1,GS-12,F,XXXX,8,15,F,1,200809,1,"$69,764",2.0
DLLS,06,I,13,07,D,0119,3,GS-07,D,XXXX,8,10,P,2,200809,1,"$47,427",9.4
DLLS,17,H,13,12,G,0110,1,GS-12,G,XXXX,8,10,F,1,200809,1,"$73,444",24.9
DLLS,11,C,17,13,D,0110,1,GS-13,H,XXXX,8,10,F,1,200809,1,"$82,961",5.3
DLLS,11,G,13,12,G,0110,1,GS-12,H,XXXX,8,10,F,1,200809,1,"$83,720",20.1
DLLS,11,F,13,12,G,0110,1,GS-12,H,XXXX,8,10,F,1,200809,1,"$88,372",22.2
DLLS,11,G,13,13,H,0110,1,GS-13,J,XXXX,8,10,F,1,200809,1,"$102,323",28.2
DLLS,11,D,13,13,D,0110,1,GS-13,H,XXXX,8,10,F,1,200809,1,"$85,727",8.2
DLLS,11,E,13,12,F,0110,1,GS-12,H,XXXX,8,10,F,1,200809,1,"$83,720",17.5
DLLS,11,E,13,13,D,0110,1,GS-13,H,XXXX,8,10,F,1,200809,1,"$85,727",8.2
DLLS,11,I,13,13,H,0110,1,GS-13,J,XXXX,8,10,F,1,200809,1,"$102,323",25.1
DLLS,11,C,11,11,B,0110,1,GS-11,E,XXXX,8,15,F,1,200809,1,"$58,206",2.3
DLLS,11,G,17,13,D,0110,1,GS-13,H,XXXX,8,10,F,1,200809,1,"$88,493",9.7
DLLS,11,I,14,12,G,0110,1,GS-12,I,XXXX,8,10,F,1,200809,1,"$90,698",22.3
DLLS,11,F,13,12,F,0110,1,GS-12,H,XXXX,8,10,F,1,200809,1,"$83,720",18.8
DLLS,11,I,13,14,I,0110,1,GM-14,L,XXXX,2,10,F,1,200809,1,"$127,442",33.1
DLLS,11,H,14,13,I,0110,1,GS-13,J,XXXX,8,10,F,1,200809,1,"$107,854",32.2
DLLS,11,J,21,12,G,0110,1,GS-12,H,XXXX,8,10,F,1,200809,1,"$83,720",21.8
DLLS,11,G,04,14,H,0110,1,GS-14,K,XXXX,8,10,F,1,200809,1,"$114,372",28.7
DLLS,11,B,11,09,B,0110,1,GS-09,D,XXXX,8,15,F,1,200809,1,"$48,108",2.3
DLLS,11,G,17,12,E,0110,1,GS-12,H,XXXX,8,10,F,1,200809,1,"$81,394",11.5
DLLS,11,B,04,11,B,0110,1,GS-11,E,XXXX,8,15,F,1,200809,1,"$58,206",2.2
DLLS,24,E,13,05,A,0119,3,GS-05,C,XXXX,8,15,P,2,200809,1,"$31,751",0.9
DLLS,11,C,13,11,B,0110,1,GS-11,E,XXXX,8,15,F,1,200809,1,"$58,206",2.7
DLLS,11,B,13,09,B,0110,1,GS-09,D,XXXX,8,15,F,1,200809,1,"$48,108",1.1
DLLS,11,J,04,10,J,0119,3,GS-10,F,XXXX,2,10,F,1,200809,1,"$68,875",45.7
DLLS,11,G,13,12,G,0110,1,GS-12,H,XXXX,8,10,F,1,200809,1,"$83,720",20.4
DLLS,24,E,04,12,G,0110,1,GS-12,G,XXXX,2,10,F,1,200809,1,"$79,068",20.9
DLLS,11,I,17,14,E,0110,1,GS-14,J,XXXX,8,10,F,1,200809,1,"$107,836",10.1
DLLS,06,H,13,11,F,0110,1,GS-11,F,XXXX,8,10,F,1,200809,1,"$60,310",18.9
DLLS,11,H,21,14,H,0110,1,GS-14,L,XXXX,8,10,F,1,200809,1,"$127,442",25.0
DLLS,11,G,13,12,D,0110,1,GS-12,G,XXXX,8,10,F,1,200809,1,"$79,068",9.9
DLLS,11,G,12,12,G,0110,1,GS-12,H,XXXX,8,10,F,1,200809,1,"$86,046",21.3
DLLS,11,C,17,13,C,0110,1,GS-13,H,XXXX,8,10,F,1,200809,1,"$82,961",4.4
DLLS,11,F,13,12,F,0110,1,GS-12,H,XXXX,8,10,F,1,200809,1,"$81,394",17.2
DLLS,11,C,13,12,D,0110,1,GS-12,G,XXXX,8,10,F,1,200809,1,"$74,416",5.1
DLLS,24,C,13,05,A,0119,3,GS-05,C,XXXX,8,15,P,2,200809,1,"$31,751",0.9
DLLS,11,E,13,13,F,0110,1,GS-13,I,XXXX,2,10,F,1,200809,1,"$96,791",17.3
DLLS,11,C,11,12,D,0110,1,GS-12,G,XXXX,8,10,F,1,200809,1,"$76,742",7.3
DLLS,11,D,13,12,E,0110,1,GS-12,G,XXXX,8,10,F,1,200809,1,"$76,742",11.6
DLLS,11,I,13,14,J,0110,1,GS-14,L,XXXX,2,10,F,1,200809,1,"$124,175",36.5
DLLS,11,H,21,,H,0110,1,ES-**,P,XXXX,2,50,F,1,200809,1,"$163,658",26.3
DLLS,11,F,21,14,F,0110,1,GS-14,L,XXXX,8,10,F,1,200809,1,"$120,907",15.1
DLLS,11,J,21,14,D,0110,1,GS-14,J,XXXX,8,10,F,1,200809,1,"$104,569",8.2
DLLS,48,G,04,05,E,0119,3,GS-05,D,XXXX,8,15,P,2,200809,1,"$40,537",10.4
DLLS,11,G,13,14,H,0110,1,GS-14,K,XXXX,2,10,F,1,200809,1,"$114,372",25.4
DLLS,11,G,13,13,G,0110,1,GS-13,I,XXXX,8,10,F,1,200809,1,"$99,557",20.8
DLLS,11,F,13,14,F,0110,1,GS-14,K,XXXX,6,10,F,1,200809,1,"$111,104",17.6
DLLS,11,C,08,11,C,0110,1,GS-11,F,XXXX,8,10,F,1,200809,1,"$60,146",4.8
DLLS,11,I,13,15,H,0110,1,GS-15,N,XXXX,2,10,F,1,200809,1,"$149,000",28.8
DLLS,11,F,17,15,F,0110,1,GS-15,K,XXXX,2,10,F,1,200809,1,"$119,161",15.7
DLLS,11,G,13,13,G,0110,1,GS-13,I,XXXX,8,10,F,1,200809,1,"$96,791",22.1
DLLS,11,G,13,13,G,0110,1,GS-13,I,XXXX,8,10,F,1,200809,1,"$99,557",21.2
DLLS,36,C,13,11,C,0110,1,GS-11,F,XXXX,8,15,F,1,200809,1,"$60,840",3.0
DLLS,11,K,07,12,J,0110,1,GS-12,H,XXXX,8,10,F,1,200809,1,"$88,372",46.3
DLLS,11,J,13,12,I,0110,1,GS-12,I,XXXX,8,10,F,1,200809,1,"$90,698",32.2
DLLS,37,K,13,07,E,0119,3,GS-07,D,XXXX,8,10,P,2,200809,1,"$48,137",14.2
DLLS,11,J,13,13,G,0110,1,GS-13,I,XXXX,8,10,F,1,200809,1,"$91,259",22.2
DLLS,11,H,13,15,I,0110,1,GS-15,N,XXXX,8,10,F,1,200809,1,"$146,071",30.3
DLLS,11,H,17,15,H,0110,1,GS-15,M,XXXX,2,10,F,1,200809,1,"$138,383",29.6
DLLS,11,H,21,12,E,0110,1,GS-12,H,XXXX,8,10,F,1,200809,1,"$81,394",10.1
DLLS,11,G,04,13,G,0110,1,GS-13,I,XXXX,8,10,F,1,200809,1,"$99,557",20.3
DLLS,26,H,17,12,G,0110,1,GS-12,I,XXXX,8,10,F,1,200809,1,"$91,928",20.3
DLLS,11,D,13,13,D,0110,1,GS-13,I,XXXX,8,10,F,1,200809,1,"$91,259",8.9
DLLS,11,D,13,12,C,0110,1,GS-12,F,XXXX,8,10,F,1,200809,1,"$69,764",3.8
DLLS,11,F,13,12,G,0110,1,GS-12,H,XXXX,8,10,F,1,200809,1,"$86,046",20.7
DLLS,24,H,13,07,G,0119,3,GS-07,D,XXXX,8,10,P,2,200809,1,"$47,193",22.9
DLLS,11,B,13,11,B,0110,1,GS-11,E,XXXX,8,32,F,1,200809,1,"$58,206",2.0
DLLS,11,G,17,13,F,0110,1,GS-13,J,XXXX,8,10,F,1,200809,1,"$107,854",18.8
DLLS,11,G,13,13,H,0110,1,GS-13,I,XXXX,8,10,F,1,200809,1,"$94,025",25.1
DLLS,11,E,13,13,F,0110,1,GS-13,I,XXXX,8,10,F,1,200809,1,"$99,557",15.6
DLLS,13,G,13,12,G,0110,1,GS-12,H,XXXX,8,10,F,1,200809,1,"$85,747",22.3
DLLS,51,E,13,12,F,0110,1,GS-12,H,XXXX,8,10,F,1,200809,1,"$82,138",15.9
DLLS,11,D,04,11,B,0110,1,GS-11,E,XXXX,8,15,F,1,200809,1,"$58,206",2.1
DLLS,11,C,13,09,B,0110,1,GS-09,D,XXXX,8,15,F,1,200809,1,"$48,108",2.4
DLLS,39,D,13,12,E,0110,1,GS-12,H,XXXX,8,10,F,1,200809,1,"$81,102",11.3
DLLS,39,H,17,12,E,0110,1,GS-12,G,XXXX,8,10,F,1,200809,1,"$79,293",13.6
DLLS,17,D,13,11,B,0110,1,GS-11,E,XXXX,8,15,F,1,200809,1,"$59,299",2.9
DLLS,39,J,13,07,G,0119,3,GS-07,D,XXXX,8,10,P,2,200809,1,"$47,494",21.2
DLLS,11,F,17,12,D,0110,1,GS-12,G,XXXX,8,10,F,1,200809,1,"$79,068",8.0
DLLS,11,D,17,12,C,0110,1,GS-12,G,XXXX,8,10,F,1,200809,1,"$72,090",3.9
DLLS,39,J,13,07,G,0119,3,GS-07,D,XXXX,8,10,P,2,200809,1,"$45,410",24.8
DLLS,48,J,04,05,D,0119,3,GS-05,D,XXXX,8,10,P,2,200809,1,"$43,490",7.8
DLLS,11,G,17,12,F,0110,1,GS-12,H,XXXX,8,10,F,1,200809,1,"$83,720",15.6
DLLS,11,C,17,12,B,0110,1,GS-12,F,XXXX,8,15,F,1,200809,1,"$69,764",2.7
DLLS,12,K,18,07,E,0119,3,GS-07,D,XXXX,8,10,P,2,200809,1,"$42,956",13.1
DLLS,41,F,13,12,F,0110,1,GS-12,H,XXXX,8,10,F,1,200809,1,"$82,217",17.6
DLLS,39,G,13,05,B,0119,3,GS-05,C,XXXX,8,15,P,2,200809,1,"$31,782",1.0
DLLS,39,I,13,12,I,0110,1,GS-12,H,XXXX,8,10,F,1,200809,1,"$87,862",34.5
DLLS,39,C,13,12,D,0110,1,GS-12,G,XXXX,8,10,F,1,200809,1,"$72,089",7.2
DLLS,11,F,17,13,G,0110,1,GS-13,I,XXXX,8,10,F,1,200809,1,"$99,557",22.0
DLLS,11,E,13,12,B,0110,1,GS-12,F,XXXX,8,15,F,1,200809,1,"$69,764",2.3
DLLS,36,C,13,09,B,0110,1,GS-09,E,XXXX,8,15,F,1,200809,1,"$50,285",1.6
DLLS,26,B,13,09,B,0110,1,GS-09,D,XXXX,8,15,F,1,200809,1,"$48,761",1.6
DLLS,11,C,13,09,B,0110,1,GS-09,D,XXXX,8,15,F,1,200809,1,"$48,108",1.0
DLLS,11,I,17,12,D,0110,1,GS-12,G,XXXX,8,10,F,1,200809,1,"$79,068",9.8
DLLS,17,G,13,14,G,0110,1,GS-14,K,XXXX,8,10,F,1,200809,1,"$113,190",22.9
DLLS,39,D,13,12,D,0110,1,GS-12,G,XXXX,8,10,F,1,200809,1,"$74,343",8.2
DLLS,11,E,13,12,E,0110,1,GS-12,G,XXXX,8,10,F,1,200809,1,"$79,068",12.6
DLLS,39,J,13,06,D,0119,3,GS-06,C,XXXX,8,10,P,2,200809,1,"$38,422",6.6
DLLS,11,E,13,12,F,0110,1,GS-12,H,XXXX,8,10,F,1,200809,1,"$83,720",17.3
DLLS,17,C,13,12,D,0110,1,GS-12,G,XXXX,8,10,F,1,200809,1,"$73,444",6.2
DLLS,11,I,13,12,H,0110,1,GS-12,I,XXXX,8,10,F,1,200809,1,"$90,698",28.4
DLLS,39,J,08,07,D,0119,3,GS-07,D,XXXX,8,10,P,2,200809,1,"$40,640",7.8
DLLS,11,D,17,13,E,0110,1,GS-13,I,XXXX,2,10,F,1,200809,1,"$91,259",10.3
DLLS,42,D,13,12,D,0110,1,GS-12,G,XXXX,8,10,F,1,200809,1,"$72,959",8.0
DLLS,17,C,13,11,B,0110,1,GS-11,E,XXXX,8,15,F,1,200809,1,"$59,299",2.2
DLLS,11,C,17,12,C,0110,1,GS-12,F,XXXX,8,10,F,1,200809,1,"$69,764",3.0
DLLS,06,E,17,12,E,0110,1,GS-12,H,XXXX,8,10,P,2,200809,1,"$86,681",11.1
DLLS,11,G,22,15,E,0110,1,GS-15,K,XXXX,2,10,F,1,200809,1,"$115,317",12.3
DLLS,17,G,13,07,E,0119,3,GS-07,D,XXXX,8,10,P,2,200809,1,"$45,409",11.8
DLLS,11,K,21,13,I,0110,1,GS-13,J,XXXX,8,10,F,1,200809,1,"$107,854",30.2
DLLS,11,G,18,13,G,0110,1,GS-13,J,XXXX,2,10,F,1,200809,1,"$107,854",24.1
DLLS,11,H,17,11,B,0110,1,GS-11,E,XXXX,8,15,F,1,200809,1,"$58,206",1.7
DLLS,11,I,17,15,I,0110,1,GS-15,N,XXXX,2,10,F,1,200809,1,"$149,000",33.1
DLLS,39,I,09,07,F,0119,3,GS-07,D,XXXX,8,10,P,2,200809,1,"$46,245",16.3
DLLS,39,I,17,12,I,0110,1,GS-12,H,XXXX,8,10,F,1,200809,1,"$88,357",30.4
DLLS,11,G,17,14,H,0110,1,GM-14,L,XXXX,2,10,F,1,200809,1,"$127,442",25.3
DLLS,47,K,04,07,G,0119,3,GS-07,D,XXXX,8,10,P,2,200809,1,"$46,637",23.7
DLLS,11,E,17,13,E,0110,1,GS-13,I,XXXX,8,10,F,1,200809,1,"$91,259",14.3
DLLS,06,C,13,06,C,0119,3,GS-06,D,XXXX,8,15,P,2,200809,1,"$40,093",3.7
DLLS,26,I,13,07,E,0119,3,GS-07,D,XXXX,8,10,P,2,200809,1,"$47,833",12.9
DLLS,39,G,14,06,D,0119,3,GS-06,C,XXXX,8,10,P,2,200809,1,"$36,571",5.1
DLLS,11,C,13,12,C,0110,1,GS-12,F,XXXX,8,15,F,1,200809,1,"$69,764",3.1
DLLS,11,C,17,11,B,0110,1,GS-11,E,XXXX,8,32,F,1,200809,1,"$58,206",1.6
DLLS,06,J,13,07,E,0119,3,GS-07,D,XXXX,8,10,P,2,200809,1,"$48,899",12.3
DLLS,11,C,13,12,D,0110,1,GS-12,G,XXXX,8,10,F,1,200809,1,"$74,416",5.8
DLLS,11,C,13,12,D,0110,1,GS-12,G,XXXX,8,10,F,1,200809,1,"$74,416",6.0
DLLS,39,K,13,07,E,0119,3,GS-07,D,XXXX,8,10,P,2,200809,1,"$43,951",10.9
DLLS,12,J,08,07,E,0119,3,GS-07,D,XXXX,8,10,P,2,200809,1,"$44,183",14.3
DLLS,36,D,04,05,D,0119,3,GS-05,C,XXXX,8,10,P,2,200809,1,"$39,386",8.9
DLLS,36,J,04,07,D,0119,3,GS-07,D,XXXX,8,10,P,2,200809,1,"$45,219",9.3
DLLS,25,I,17,12,G,0110,1,GS-12,I,XXXX,8,10,F,1,200809,1,"$91,913",24.3
DLLS,11,C,13,13,D,0110,1,GS-13,H,XXXX,2,10,F,1,200809,1,"$88,493",7.3
DLLS,36,H,13,12,H,0110,1,GS-12,I,XXXX,8,10,F,1,200809,1,"$92,370",26.1
DLLS,34,H,14,12,I,0110,1,GS-12,I,XXXX,2,10,F,1,200809,1,"$94,802",33.3
DLLS,11,F,13,14,F,0110,1,GS-14,K,XXXX,8,10,F,1,200809,1,"$114,372",16.5
DLLS,11,F,17,14,F,0110,1,GS-14,K,XXXX,8,10,P,2,200809,1,"$114,372",19.1
DLLS,48,G,13,12,D,0110,1,GS-12,G,XXXX,8,10,F,1,200809,1,"$77,662",7.8
DLLS,48,F,13,13,F,0110,1,GS-13,I,XXXX,8,10,F,1,200809,1,"$92,352",17.4
DLLS,42,H,13,14,H,0110,1,GS-14,K,XXXX,2,10,F,1,200809,1,"$113,662",29.2
DLLS,13,I,13,12,E,0110,1,GS-12,G,XXXX,8,10,F,1,200809,1,"$76,720",13.5
DLLS,11,H,13,13,H,0110,1,GS-13,I,XXXX,8,10,F,1,200809,1,"$96,791",27.9
DLLS,11,C,13,12,D,0110,1,GS-12,G,XXXX,8,10,F,1,200809,1,"$76,742",6.8
DLLS,37,C,13,12,D,0110,1,GS-12,G,XXXX,8,10,P,2,200809,1,"$74,159",7.2
DLLS,34,I,13,12,I,0110,1,GS-12,I,XXXX,8,10,F,1,200809,1,"$92,370",34.5
DLLS,42,H,13,12,G,0110,1,GS-12,G,XXXX,8,10,F,1,200809,1,"$78,578",21.9
DLLS,11,F,21,13,D,0110,1,GS-13,I,XXXX,8,10,F,1,200809,1,"$99,557",9.0
DLLS,36,C,13,12,D,0110,1,GS-12,H,XXXX,8,10,F,1,200809,1,"$80,215",7.3
DLLS,11,C,13,12,C,0110,1,GS-12,F,XXXX,8,10,F,1,200809,1,"$69,764",3.3
DLLS,42,E,13,12,E,0110,1,GS-12,H,XXXX,8,10,F,1,200809,1,"$83,201",14.6
DLLS,42,C,13,07,B,0110,1,GS-07,C,XXXX,8,32,F,1,200809,1,"$39,086",1.6
DLLS,11,G,13,15,G,0110,1,GS-15,M,XXXX,2,10,F,1,200809,1,"$134,538",24.3
DLLS,34,I,13,13,I,0110,1,GS-13,J,XXXX,8,10,F,1,200809,1,"$106,952",30.4
DLLS,34,F,17,12,G,0110,1,GS-12,H,XXXX,8,10,F,1,200809,1,"$89,939",20.2
DLLS,42,B,13,11,B,0110,1,GS-11,E,XXXX,8,15,F,1,200809,1,"$57,845",2.3
DLLS,36,E,04,05,B,0119,3,GS-05,C,XXXX,8,15,P,2,200809,1,"$33,187",1.0
DLLS,11,C,13,12,D,0110,1,GS-12,G,XXXX,8,10,F,1,200809,1,"$76,742",6.1
DLLS,06,G,13,06,B,0119,3,GS-06,C,XXXX,8,15,P,2,200809,1,"$38,799",2.3
DLLS,11,G,13,13,F,0110,1,GS-13,I,XXXX,8,10,F,1,200809,1,"$99,557",18.7
DLLS,38,E,18,13,E,0110,1,GS-13,I,XXXX,8,10,F,1,200809,1,"$90,618",13.2
DLLS,11,E,21,13,D,0110,1,GS-13,I,XXXX,8,10,F,1,200809,1,"$99,557",6.0
DLLS,11,F,14,12,F,0110,1,GS-12,H,XXXX,8,10,F,1,200809,1,"$83,720",19.2
DLLS,13,B,13,07,A,0110,1,GS-07,C,XXXX,8,15,F,1,200809,1,"$38,162",0.9
DLLS,45,J,04,07,E,0119,3,GS-07,D,XXXX,8,10,P,2,200809,1,"$45,410",14.9
DLLS,13,E,13,13,E,0110,1,GS-13,H,XXXX,2,10,F,1,200809,1,"$88,549",14.3
DLLS,13,E,09,12,D,0110,1,GS-12,G,XXXX,8,10,F,1,200809,1,"$74,463",7.9
DLLS,13,J,09,07,H,0119,3,GS-07,D,XXXX,8,10,P,2,200809,1,"$46,637",25.1
DLLS,13,G,14,12,H,0110,1,GS-12,H,XXXX,8,10,F,1,200809,1,"$85,747",28.3
DLLS,48,I,14,12,I,0110,1,GS-12,H,XXXX,8,10,F,1,200809,1,"$82,231",31.3
DLLS,13,E,13,12,D,0110,1,GS-12,G,XXXX,8,10,F,1,200809,1,"$76,720",8.0
DLLS,11,H,13,12,I,0110,1,GS-12,I,XXXX,8,10,F,1,200809,1,"$90,698",32.0
DLLS,13,C,13,09,B,0110,1,GS-09,D,XXXX,8,15,F,1,200809,1,"$46,680",1.9
DLLS,13,H,13,07,D,0119,3,GS-07,D,XXXX,8,10,P,2,200809,1,"$41,977",6.2
DLLS,48,G,13,14,G,0110,1,GS-14,L,XXXX,2,10,F,1,200809,1,"$125,176",23.5
DLLS,13,F,13,12,F,0110,1,GS-12,H,XXXX,8,10,F,1,200809,1,"$81,234",17.3
DLLS,11,C,13,12,C,0110,1,GS-12,F,XXXX,8,10,F,1,200809,1,"$69,764",3.3
DLLS,13,H,09,07,G,0119,3,GS-07,D,XXXX,8,10,P,2,200809,1,"$46,637",22.0
DLLS,13,G,09,07,D,0119,3,GS-07,D,XXXX,8,10,P,2,200809,1,"$40,705",6.6
DLLS,11,D,17,11,B,0110,1,GS-11,E,XXXX,8,15,F,1,200809,1,"$58,206",1.7
DLLS,37,J,17,12,I,0110,1,GS-12,H,XXXX,8,10,F,1,200809,1,"$84,913",33.3
DLLS,13,E,13,12,F,0110,1,GS-12,G,XXXX,8,10,F,1,200809,1,"$76,720",15.1
DLLS,13,J,08,07,E,0119,3,GS-07,D,XXXX,8,10,P,2,200809,1,"$44,183",11.4
DLLS,13,C,13,11,B,0110,1,GS-11,E,XXXX,8,15,F,1,200809,1,"$56,478",2.7
DLLS,11,C,17,12,C,0110,1,GS-12,G,XXXX,8,10,F,1,200809,1,"$72,090",3.0
DLLS,17,C,13,11,B,0110,1,GS-11,E,XXXX,8,15,F,1,200809,1,"$59,299",2.2
DLLS,13,G,13,13,F,0110,1,GS-13,I,XXXX,2,10,F,1,200809,1,"$91,232",18.0
DLLS,13,E,13,13,F,0110,1,GS-13,I,XXXX,2,10,F,1,200809,1,"$93,916",15.9
DLLS,11,C,13,09,B,0110,1,GS-09,D,XXXX,8,15,F,1,200809,1,"$48,108",1.6
DLLS,11,H,17,14,H,0110,1,GM-14,L,XXXX,2,10,F,1,200809,1,"$127,442",28.3
DLLS,13,H,04,12,H,0110,1,GS-12,H,XXXX,8,10,F,1,200809,1,"$88,004",29.8
DLLS,11,G,18,15,G,0110,1,GS-15,M,XXXX,2,10,F,1,200809,1,"$134,538",23.8
DLLS,11,E,17,12,D,0110,1,GS-12,G,XXXX,8,10,F,1,200809,1,"$79,068",8.2
DLLS,11,E,17,13,E,0110,1,GS-13,I,XXXX,2,10,F,1,200809,1,"$99,557",14.0
DLLS,11,H,17,14,I,0110,1,GS-14,K,XXXX,8,10,F,1,200809,1,"$114,372",30.8
DLLS,12,H,12,07,F,0119,3,GS-07,D,XXXX,8,10,P,2,200809,1,"$47,864",18.3
DLLS,12,J,04,07,D,0119,3,GS-07,D,XXXX,8,10,P,2,200809,1,"$42,625",6.8
DLLS,11,D,04,14,D,0110,1,GS-14,I,XXXX,2,10,F,1,200809,1,"$98,033",9.0
DLLS,11,G,21,14,F,0110,1,GS-14,K,XXXX,8,10,F,1,200809,1,"$117,639",17.1
DLLS,06,F,17,13,E,0110,1,GS-13,J,XXXX,2,10,F,1,200809,1,"$106,110",14.4
DLLS,39,F,17,12,E,0110,1,GS-12,G,XXXX,8,10,F,1,200809,1,"$79,293",13.6
DLLS,11,I,13,13,I,0110,1,GS-13,J,XXXX,8,10,F,1,200809,1,"$105,088",32.2
DLLS,11,G,17,13,D,0110,1,GS-13,I,XXXX,8,10,F,1,200809,1,"$91,259",7.9
DLLS,11,I,13,14,G,0110,1,GS-14,K,XXXX,8,10,F,1,200809,1,"$114,372",22.3
DLLS,37,G,13,13,G,0110,1,GS-13,H,XXXX,8,10,F,1,200809,1,"$88,028",24.2
DLLS,12,J,13,05,A,0119,3,GS-05,B,XXXX,8,15,P,2,200809,1,"$29,726",0.3
DLLS,25,I,04,07,E,0119,3,GS-07,D,XXXX,8,10,P,2,200809,1,"$47,825",11.5
DLLS,12,F,17,12,E,0110,1,GS-12,G,XXXX,8,10,F,1,200809,1,"$76,203",10.3
DLLS,12,D,09,07,D,0119,3,GS-07,D,XXXX,8,10,P,2,200809,1,"$40,503",7.2
DLLS,11,F,17,12,E,0110,1,GS-12,G,XXXX,8,10,F,1,200809,1,"$79,068",14.2
DLLS,12,I,09,06,C,0119,3,GS-06,C,XXXX,8,10,P,2,200809,1,"$36,448",4.3
DLLS,12,J,12,07,E,0119,3,GS-07,D,XXXX,8,10,P,2,200809,1,"$49,080",14.9
DLLS,12,I,13,07,H,0119,3,GS-07,E,XXXX,8,10,P,2,200809,1,"$50,372",28.5
DLLS,39,H,17,05,C,0119,3,GS-05,C,XXXX,8,15,P,2,200809,1,"$38,639",3.4
DLLS,11,F,17,14,F,0110,1,GS-14,K,XXXX,2,10,F,1,200809,1,"$114,372",15.2
DLLS,39,F,13,07,E,0119,3,GS-07,D,XXXX,8,10,P,2,200809,1,"$43,422",11.1
DLLS,39,J,10,07,I,0119,3,GS-07,D,XXXX,8,10,P,2,200809,1,"$49,805",31.1
DLLS,11,H,13,13,I,0110,1,GS-13,J,XXXX,8,10,F,1,200809,1,"$107,854",30.3
DLLS,13,C,13,11,C,0110,1,GS-11,E,XXXX,8,10,F,1,200809,1,"$56,478",3.0
DLLS,32,I,17,07,D,0119,3,GS-07,D,XXXX,8,10,P,2,200809,1,"$41,729",8.8
DLLS,42,C,13,13,D,0110,1,GS-13,H,XXXX,2,10,F,1,200809,1,"$85,195",5.4
DLLS,39,I,13,07,D,0119,3,GS-07,D,XXXX,8,10,P,2,200809,1,"$41,909",7.8
DLLS,39,C,17,11,B,0110,1,GS-11,E,XXXX,8,15,F,1,200809,1,"$56,386",2.6
DLLS,11,B,04,09,B,0110,1,GS-09,D,XXXX,8,32,F,1,200809,1,"$48,108",1.7
DLLS,36,D,13,12,C,0110,1,GS-12,G,XXXX,8,10,F,1,200809,1,"$72,921",4.3
DLLS,11,C,13,11,B,0110,1,GS-11,E,XXXX,8,15,F,1,200809,1,"$58,206",2.2
DLLS,11,H,14,14,I,0110,1,GS-14,K,XXXX,2,10,F,1,200809,1,"$117,639",32.1
DLLS,48,I,13,13,G,0110,1,GS-13,I,XXXX,2,10,F,1,200809,1,"$97,786",20.9
DLLS,11,G,17,14,F,0110,1,GS-14,K,XXXX,8,10,F,1,200809,1,"$111,104",18.8
DLLS,17,C,13,12,D,0110,1,GS-12,G,XXXX,8,10,F,1,200809,1,"$75,814",6.1
DLLS,18,G,13,12,G,0110,1,GS-12,F,XXXX,8,10,F,1,200809,1,"$69,873",23.0
DLLS,18,F,13,12,F,0110,1,GS-12,H,XXXX,8,10,F,1,200809,1,"$80,793",17.3
DLLS,18,C,13,09,B,0110,1,GS-09,D,XXXX,8,15,F,1,200809,1,"$45,171",1.7
DLLS,17,J,17,12,I,0110,1,GS-12,I,XXXX,8,10,F,1,200809,1,"$92,401",30.2
DLLS,18,H,13,05,B,0119,3,GS-05,C,XXXX,8,15,P,2,200809,1,"$30,716",1.7
DLLS,12,H,08,07,E,0119,3,GS-07,D,XXXX,8,10,P,2,200809,1,"$45,410",13.3
DLLS,37,F,13,12,F,0110,1,GS-12,H,XXXX,8,10,F,1,200809,1,"$80,558",17.4
DLLS,18,G,17,07,D,0119,3,GS-07,D,XXXX,8,10,P,2,200809,1,"$44,183",7.3
DLLS,11,D,13,13,D,0110,1,GS-13,H,XXXX,2,10,F,1,200809,1,"$88,493",8.2
DLLS,17,C,13,12,D,0110,1,GS-12,G,XXXX,8,10,F,1,200809,1,"$75,814",6.1
DLLS,11,C,13,12,C,0110,1,GS-12,F,XXXX,8,10,F,1,200809,1,"$69,764",3.7
DLLS,48,J,17,12,F,0110,1,GS-12,H,XXXX,8,10,F,1,200809,1,"$88,221",15.3
DLLS,53,F,13,05,B,0119,3,GS-05,C,XXXX,8,15,P,2,200809,1,"$32,499",1.0
DLLS,11,H,13,06,C,0119,3,GS-06,C,XXXX,8,10,P,2,200809,1,"$36,572",3.2
DLLS,48,F,13,12,G,0110,1,GS-12,H,XXXX,8,10,F,1,200809,1,"$89,085",24.1
DLLS,48,K,08,05,C,0119,3,GS-05,C,XXXX,8,15,P,2,200809,1,"$34,572",3.5
DLLS,25,J,13,12,I,0110,1,GS-12,I,XXXX,2,10,F,1,200809,1,"$91,913",34.2
DLLS,45,G,13,05,E,0119,3,GS-05,C,XXXX,8,15,P,2,200809,1,"$30,716",13.3
DLLS,48,J,13,07,G,0119,3,GS-07,D,XXXX,8,10,P,2,200809,1,"$46,637",21.5
DLLS,48,G,13,12,F,0110,1,GS-12,H,XXXX,8,10,F,1,200809,1,"$82,231",18.2
DLLS,48,E,13,12,F,0110,1,GS-12,H,XXXX,8,10,F,1,200809,1,"$89,085",17.9
DLLS,48,C,13,11,B,0110,1,GS-11,E,XXXX,8,15,F,1,200809,1,"$57,171",2.7
DLLS,11,D,13,13,D,0110,1,GS-13,H,XXXX,8,10,F,1,200809,1,"$88,493",8.2
DLLS,05,I,07,07,E,0119,3,GS-07,D,XXXX,8,10,P,2,200809,1,"$44,183",14.2
DLLS,25,H,17,14,I,0110,1,GS-14,K,XXXX,2,10,F,1,200809,1,"$119,216",30.0
DLLS,48,E,13,13,F,0110,1,GS-13,H,XXXX,2,10,F,1,200809,1,"$89,636",16.3
DLLS,11,H,13,14,G,0110,1,GS-14,K,XXXX,2,10,F,1,200809,1,"$117,639",22.1
DLLS,11,B,12,09,B,0110,1,GS-09,D,XXXX,8,32,F,1,200809,1,"$48,108",1.6
DLLS,18,K,07,07,E,0119,3,GS-07,D,XXXX,8,10,P,2,200809,1,"$44,183",11.8
DLLS,18,C,13,11,B,0110,1,GS-11,E,XXXX,8,15,F,1,200809,1,"$54,653",2.6
DLLS,13,E,17,13,F,0110,1,GS-13,I,XXXX,2,10,F,1,200809,1,"$93,916",15.9
DLLS,48,K,17,07,D,0119,3,GS-07,D,XXXX,8,10,P,2,200809,1,"$41,205",6.2
DLLS,39,K,13,12,I,0110,1,GS-12,H,XXXX,8,10,F,1,200809,1,"$81,102",32.3
DLLS,17,J,13,07,E,0119,3,GS-07,D,XXXX,8,10,P,2,200809,1,"$46,744",11.3
DLLS,08,G,17,09,E,0110,1,GS-09,D,XXXX,8,10,F,1,200809,1,"$48,164",10.2
DLLS,17,H,13,13,H,0110,1,GS-13,J,XXXX,2,10,F,1,200809,1,"$101,426",28.4
DLLS,17,G,13,07,D,0119,3,GS-07,D,XXXX,8,10,P,2,200809,1,"$41,729",8.3
DLLS,17,B,11,09,B,0110,1,GS-09,D,XXXX,8,15,F,1,200809,1,"$49,012",2.3
DLLS,17,B,04,09,B,0110,1,GS-09,D,XXXX,8,15,F,1,200809,1,"$49,012",2.3
DLLS,49,K,07,07,G,0119,3,GS-07,D,XXXX,8,10,P,2,200809,1,"$45,410",20.7
DLLS,11,H,21,13,F,0110,1,GS-13,J,XXXX,8,10,F,1,200809,1,"$102,323",18.3
DLLS,17,J,17,07,G,0119,3,GS-07,E,XXXX,8,10,P,2,200809,1,"$50,749",23.0
DLLS,11,G,13,13,G,0110,1,GS-13,I,XXXX,2,10,F,1,200809,1,"$96,791",20.3
DLLS,17,F,13,13,G,0110,1,GS-13,I,XXXX,2,10,F,1,200809,1,"$98,608",21.2
DLLS,11,E,13,13,E,0110,1,GS-13,I,XXXX,2,10,F,1,200809,1,"$91,259",10.3
DLLS,48,J,13,12,H,0110,1,GS-12,H,XXXX,8,10,F,1,200809,1,"$89,085",25.8
DLLS,11,I,17,12,I,0110,1,GS-12,I,XXXX,8,10,F,1,200809,1,"$90,698",31.4
DLLS,48,G,13,07,D,0119,3,GS-07,D,XXXX,8,10,P,2,200809,1,"$43,779",9.2
DLLS,48,J,13,13,G,0110,1,GS-13,I,XXXX,8,10,F,1,200809,1,"$99,080",21.3
DLLS,11,I,19,13,H,0110,1,GS-13,J,XXXX,8,10,F,1,200809,1,"$107,854",28.0
DLLS,11,D,17,13,C,0110,1,GS-13,H,XXXX,8,10,F,1,200809,1,"$82,961",4.1
DLLS,39,E,13,13,F,0110,1,GS-13,H,XXXX,2,10,F,1,200809,1,"$88,405",18.2
DLLS,48,I,17,06,C,0119,3,GS-06,C,XXXX,8,10,P,2,200809,1,"$34,239",3.5
DLLS,48,G,17,05,B,0119,3,GS-05,C,XXXX,8,15,P,2,200809,1,"$30,716",1.5
DLLS,22,F,04,05,G,0119,3,GS-05,C,XXXX,8,15,P,2,200809,1,"$38,639",20.6
DLLS,48,K,04,07,I,0119,3,GS-07,D,XXXX,8,10,P,2,200809,1,"$47,864",31.7
DLLS,48,J,14,12,G,0110,1,GS-12,H,XXXX,8,10,F,1,200809,1,"$89,085",23.0
DLLS,48,D,13,12,D,0110,1,GS-12,G,XXXX,8,10,F,1,200809,1,"$75,377",7.8
DLLS,42,G,13,13,F,0110,1,GS-13,I,XXXX,2,10,F,1,200809,1,"$98,939",18.3
DLLS,11,H,21,13,E,0110,1,GS-13,I,XXXX,8,10,F,1,200809,1,"$96,791",12.1
DLLS,48,G,13,12,E,0110,1,GS-12,G,XXXX,8,10,F,1,200809,1,"$75,377",12.9
DLLS,11,H,13,13,I,0110,1,GS-13,J,XXXX,8,10,F,1,200809,1,"$107,854",31.1
DLLS,42,F,13,12,F,0110,1,GS-12,H,XXXX,8,10,F,1,200809,1,"$83,201",17.4
DLLS,11,F,13,12,F,0110,1,GS-12,H,XXXX,8,10,F,1,200809,1,"$86,046",19.7
DLLS,51,F,13,12,F,0110,1,GS-12,G,XXXX,8,10,F,1,200809,1,"$77,698",16.1
DLLS,11,E,04,07,F,0119,3,GS-07,D,XXXX,8,10,F,1,200809,1,"$48,503",17.3
DLLS,11,C,13,12,D,0110,1,GS-12,G,XXXX,8,10,F,1,200809,1,"$76,742",7.3
DLLS,11,C,13,12,C,0110,1,GS-12,F,XXXX,8,10,F,1,200809,1,"$69,764",3.5
DLLS,51,E,04,07,E,0119,3,GS-07,D,XXXX,8,10,P,2,200809,1,"$41,729",10.5
DLLS,11,C,13,11,B,0110,1,GS-11,E,XXXX,8,15,F,1,200809,1,"$58,206",2.9
DLLS,11,J,04,08,I,0119,3,GS-08,E,XXXX,8,10,F,1,200809,1,"$56,624",34.5
DLLS,11,D,17,12,E,0110,1,GS-12,H,XXXX,8,10,F,1,200809,1,"$81,394",10.1
DLLS,13,E,17,12,E,0110,1,GS-12,G,XXXX,8,10,F,1,200809,1,"$78,977",11.3
DLLS,11,E,17,13,E,0110,1,GS-13,I,XXXX,2,10,F,1,200809,1,"$91,259",14.0
DLLS,11,I,13,07,F,0119,3,GS-07,D,XXXX,8,10,P,2,200809,1,"$49,814",16.8
DLLS,48,I,13,12,I,0110,1,GS-12,H,XXXX,8,10,F,1,200809,1,"$89,085",31.3
DLLS,13,F,13,12,D,0110,1,GS-12,G,XXXX,8,10,F,1,200809,1,"$78,977",8.2
DLLS,11,F,13,13,F,0110,1,GS-13,I,XXXX,8,10,F,1,200809,1,"$96,791",17.1
DLLS,11,K,21,12,F,0110,1,GS-12,H,XXXX,8,10,F,1,200809,1,"$81,394",19.5
DLLS,11,I,21,15,H,0110,1,GS-15,M,XXXX,8,10,F,1,200809,1,"$134,538",25.4
DLLS,47,G,04,07,F,0119,3,GS-07,D,XXXX,8,10,P,2,200809,1,"$45,410",17.0
DLLS,13,F,14,13,F,0110,1,GS-13,H,XXXX,2,10,F,1,200809,1,"$88,549",15.9
DLLS,11,F,13,13,F,0110,1,GS-13,I,XXXX,2,10,F,1,200809,1,"$99,557",17.3
DLLS,11,F,17,14,E,0110,1,GS-14,J,XXXX,2,10,F,1,200809,1,"$107,836",13.7
DLLS,39,E,17,11,D,0110,1,GS-11,F,XXXX,8,10,F,1,200809,1,"$68,045",5.8
DLLS,11,H,13,14,H,0110,1,GS-14,K,XXXX,2,10,F,1,200809,1,"$117,639",29.3
DLLS,11,G,13,13,G,0110,1,GS-13,J,XXXX,8,10,F,1,200809,1,"$107,854",24.5
DLLS,11,F,17,13,F,0110,1,GS-13,I,XXXX,8,10,F,1,200809,1,"$94,025",16.5
DLLS,11,D,17,12,D,0110,1,GS-12,G,XXXX,8,10,F,1,200809,1,"$79,068",8.1
DLLS,11,I,04,07,I,0119,3,GS-07,E,XXXX,8,10,F,1,200809,1,"$51,124",30.8
DLLS,11,H,17,15,H,0110,1,GS-15,M,XXXX,2,10,F,1,200809,1,"$130,694",25.9
DLLS,11,G,21,14,E,0110,1,GS-14,L,XXXX,8,10,F,1,200809,1,"$124,175",13.0
DLLS,11,C,13,14,D,0110,1,GS-14,J,XXXX,8,10,F,1,200809,1,"$101,301",8.2
DLLS,13,K,14,15,J,0110,1,GM-15,N,XXXX,2,10,F,1,200809,1,"$145,464",43.3
DLLS,11,E,13,12,E,0110,1,GS-12,G,XXXX,8,10,F,1,200809,1,"$79,068",12.0
DLLS,11,D,21,13,D,0110,1,GS-13,J,XXXX,8,10,F,1,200809,1,"$102,323",6.9
DLLS,11,I,17,15,J,0110,1,GS-15,M,XXXX,2,10,F,1,200809,1,"$138,383",37.0
DLLS,37,I,17,07,G,0119,3,GS-07,D,XXXX,8,10,P,2,200809,1,"$48,137",23.8
DLLS,37,H,13,12,G,0110,1,GS-12,H,XXXX,8,10,F,1,200809,1,"$80,901",23.0
DLLS,11,D,13,14,D,0110,1,GS-14,I,XXXX,2,10,F,1,200809,1,"$98,033",9.2
DLLS,11,B,13,09,B,0110,1,GS-09,D,XXXX,8,15,F,1,200809,1,"$48,108",1.6
DLLS,48,D,13,12,D,0110,1,GS-12,G,XXXX,8,10,F,1,200809,1,"$75,377",9.6
DLLS,24,B,04,05,A,0119,3,GS-05,C,XXXX,8,15,P,2,200809,1,"$31,751",0.9
DLLS,11,J,14,14,I,0110,1,GS-14,L,XXXX,2,10,F,1,200809,1,"$127,442",32.3
DLLS,11,I,05,12,J,0110,1,GS-12,H,XXXX,8,10,F,1,200809,1,"$81,394",35.1
DLLS,13,H,10,06,C,0119,3,GS-06,C,XXXX,8,10,P,2,200809,1,"$35,344",4.1
DLLS,13,G,13,13,G,0110,1,GS-13,I,XXXX,2,10,F,1,200809,1,"$91,232",23.5
DLLS,11,E,17,13,E,0110,1,GS-13,I,XXXX,2,10,F,1,200809,1,"$91,259",14.8
DLLS,06,E,13,12,E,0110,1,GS-12,H,XXXX,8,10,P,2,200809,1,"$84,131",10.1
DLLS,12,G,17,12,D,0110,1,GS-12,G,XXXX,8,10,F,1,200809,1,"$75,612",8.0
DLLS,11,C,13,09,B,0110,1,GS-09,D,XXXX,8,15,F,1,200809,1,"$48,108",1.6
DLLS,36,C,13,13,C,0110,1,GS-13,H,XXXX,2,10,F,1,200809,1,"$86,715",4.4
DLLS,06,H,04,07,F,0119,3,GS-07,E,XXXX,8,10,P,2,200809,1,"$52,972",19.2
DLLS,11,H,13,13,H,0110,1,GS-13,J,XXXX,8,10,F,1,200809,1,"$107,854",28.5
DLLS,11,F,13,13,F,0110,1,GS-13,I,XXXX,8,10,F,1,200809,1,"$94,025",17.3
DLLS,11,D,17,09,B,0110,1,GS-09,D,XXXX,8,15,F,1,200809,1,"$48,108",2.9
DLLS,26,F,04,06,E,0119,3,GS-06,C,XXXX,8,15,P,2,200809,1,"$38,264",11.2
DLLS,11,F,13,14,G,0110,1,GS-14,K,XXXX,2,10,F,1,200809,1,"$111,104",20.3
DLLS,04,K,04,07,D,0119,3,GS-07,D,XXXX,8,10,P,2,200809,1,"$41,061",6.1
DLLS,17,G,13,12,H,0110,1,GS-12,I,XXXX,8,10,F,1,200809,1,"$92,401",25.5
DLLS,26,H,13,07,E,0119,3,GS-07,D,XXXX,8,10,P,2,200809,1,"$46,505",11.5
DLLS,17,F,13,13,F,0110,1,GS-13,I,XXXX,2,10,F,1,200809,1,"$95,790",16.8
DLLS,11,H,21,14,G,0110,1,GS-14,K,XXXX,8,10,F,1,200809,1,"$117,639",20.0
DLLS,26,J,13,06,H,0119,3,GS-06,D,XXXX,8,10,P,2,200809,1,"$46,635",26.7
DLLS,11,C,17,12,B,0110,1,GS-12,F,XXXX,8,15,F,1,200809,1,"$69,764",2.7
DLLS,26,D,13,12,D,0110,1,GS-12,G,XXXX,8,10,F,1,200809,1,"$77,783",8.2
DLLS,42,I,17,07,E,0119,3,GS-07,D,XXXX,8,10,P,2,200809,1,"$45,598",11.4
DLLS,39,K,11,07,H,0119,3,GS-07,D,XXXX,8,10,P,2,200809,1,"$49,805",26.9
DLLS,11,G,17,13,G,0110,1,GS-13,J,XXXX,8,10,F,1,200809,1,"$107,854",22.3
DLLS,11,C,13,12,C,0110,1,GS-12,F,XXXX,8,10,F,1,200809,1,"$69,764",3.6
DLLS,26,J,17,07,D,0119,3,GS-07,D,XXXX,8,10,P,2,200809,1,"$43,849",5.1
DLLS,11,J,17,13,J,0110,1,GS-13,J,XXXX,8,10,F,1,200809,1,"$107,854",36.9
DLLS,11,I,17,12,H,0110,1,GS-12,H,XXXX,8,10,F,1,200809,1,"$88,372",28.8
DLLS,11,D,13,13,D,0110,1,GS-13,H,XXXX,8,10,F,1,200809,1,"$85,727",8.8
DLLS,36,C,13,12,D,0110,1,GS-12,H,XXXX,8,10,F,1,200809,1,"$80,215",5.3
DLLS,06,H,13,14,I,0110,1,GS-14,L,XXXX,2,10,F,1,200809,1,"$128,966",30.0
DLLS,13,E,13,12,D,0110,1,GS-12,G,XXXX,8,10,F,1,200809,1,"$74,463",6.7
DLLS,42,J,07,12,J,0110,1,GS-12,I,XXXX,8,10,F,1,200809,1,"$90,135",35.8
DLLS,32,K,09,07,I,0119,3,GS-07,D,XXXX,8,10,P,2,200809,1,"$47,864",33.3
DLLS,11,D,13,13,D,0110,1,GS-13,H,XXXX,8,10,F,1,200809,1,"$85,727",8.1
DLLS,26,D,17,05,A,0119,3,GS-05,C,XXXX,8,15,P,2,200809,1,"$32,181",0.2
DLLS,11,D,13,13,D,0110,1,GS-13,H,XXXX,8,10,F,1,200809,1,"$88,493",9.3
DLLS,11,B,13,09,B,0110,1,GS-09,D,XXXX,8,15,F,1,200809,1,"$48,108",1.7
DLLS,12,J,13,07,D,0119,3,GS-07,D,XXXX,8,10,P,2,200809,1,"$40,503",6.9
DLLS,39,I,17,07,D,0119,3,GS-07,D,XXXX,8,10,P,2,200809,1,"$43,422",8.2
DLLS,26,E,07,05,A,0119,3,GS-05,C,XXXX,8,15,P,2,200809,1,"$32,181",0.2
DLLS,11,D,13,13,D,0110,1,GS-13,I,XXXX,8,10,F,1,200809,1,"$94,025",9.9
DLLS,48,F,13,12,F,0110,1,GS-12,G,XXXX,8,10,F,1,200809,1,"$78,381",17.3
DLLS,11,F,13,14,F,0110,1,GS-14,K,XXXX,2,10,F,1,200809,1,"$114,372",18.2
DLLS,11,F,13,14,F,0110,1,GS-14,K,XXXX,2,10,F,1,200809,1,"$111,104",19.3
DLLS,11,F,13,13,D,0110,1,GS-13,H,XXXX,2,10,F,1,200809,1,"$85,727",9.2
DLLS,26,D,13,12,D,0110,1,GS-12,G,XXXX,8,10,F,1,200809,1,"$75,426",8.2
DLLS,11,I,17,12,H,0110,1,GS-12,H,XXXX,8,10,F,1,200809,1,"$81,394",25.5
DLLS,26,C,13,09,B,0110,1,GS-09,D,XXXX,8,15,F,1,200809,1,"$48,761",1.3
DLLS,26,H,13,07,D,0119,3,GS-07,D,XXXX,8,10,P,2,200809,1,"$40,503",7.5
DLLS,42,C,13,11,B,0110,1,GS-11,E,XXXX,8,15,F,1,200809,1,"$57,845",2.3
DLLS,26,J,14,12,J,0110,1,GS-12,I,XXXX,8,10,F,1,200809,1,"$91,928",37.0
DLLS,26,H,13,05,B,0119,3,GS-05,C,XXXX,8,15,P,2,200809,1,"$30,716",1.2
DLLS,11,D,13,14,E,0110,1,GS-14,J,XXXX,2,10,F,1,200809,1,"$104,569",10.0
DLLS,11,E,13,12,D,0110,1,GS-12,G,XXXX,8,10,F,1,200809,1,"$76,742",6.7
DLLS,13,G,13,12,E,0110,1,GS-12,G,XXXX,8,10,F,1,200809,1,"$74,463",14.3
DLLS,11,D,17,12,B,0110,1,GS-12,F,XXXX,8,32,F,1,200809,1,"$69,764",2.0
DLLS,34,J,13,12,E,0110,1,GS-12,H,XXXX,8,10,F,1,200809,1,"$85,077",14.4
DLLS,11,G,17,13,D,0110,1,GS-13,H,XXXX,8,10,F,1,200809,1,"$82,961",6.9
DLLS,11,F,13,11,F,0110,1,GS-11,G,XXXX,8,10,F,1,200809,1,"$71,788",19.6
DLLS,48,E,13,12,E,0110,1,GS-12,H,XXXX,8,10,F,1,200809,1,"$83,319",13.3
DLLS,17,G,13,12,G,0110,1,GS-12,H,XXXX,8,10,F,1,200809,1,"$85,292",21.0
DLLS,11,F,21,14,D,0110,1,GS-14,K,XXXX,8,10,F,1,200809,1,"$114,372",7.3
DLLS,11,F,17,14,F,0110,1,GS-14,K,XXXX,2,10,F,1,200809,1,"$117,639",19.3
DLLS,11,C,13,09,B,0110,1,GS-09,D,XXXX,8,15,F,1,200809,1,"$48,108",1.8
DLLS,11,E,17,13,E,0110,1,GS-13,I,XXXX,8,10,F,1,200809,1,"$96,791",14.0
DLLS,26,E,13,12,D,0110,1,GS-12,H,XXXX,8,10,F,1,200809,1,"$80,141",8.9
DLLS,11,G,17,14,F,0110,1,GS-14,K,XXXX,2,10,F,1,200809,1,"$111,104",15.2
DLLS,11,I,17,,I,0110,1,ES-**,P,XXXX,2,50,F,1,200809,1,"$160,160",32.2
DLLS,17,I,13,13,J,0110,1,GM-13,J,XXXX,2,10,F,1,200809,1,"$109,880",37.0
DLLS,17,D,13,12,E,0110,1,GS-12,H,XXXX,8,10,F,1,200809,1,"$85,292",11.1
DLLS,11,C,13,13,D,0110,1,GS-13,H,XXXX,8,10,F,1,200809,1,"$85,727",7.0
DLLS,55,I,13,07,D,0119,3,GS-07,D,XXXX,8,10,P,2,200809,1,"$40,503",5.7
DLLS,13,G,17,12,G,0110,1,GS-12,H,XXXX,8,10,F,1,200809,1,"$88,004",23.0
DLLS,48,G,17,13,G,0110,1,GS-13,I,XXXX,2,10,F,1,200809,1,"$97,786",20.3
DLLS,17,H,13,12,I,0110,1,GS-12,I,XXXX,8,10,F,1,200809,1,"$92,401",30.3
DLLS,55,G,13,07,E,0119,3,GS-07,D,XXXX,8,10,P,2,200809,1,"$45,410",10.9
DLLS,11,C,13,12,D,0110,1,GS-12,G,XXXX,8,10,F,1,200809,1,"$76,742",7.0
DLLS,17,C,13,07,A,0110,1,GS-07,D,XXXX,8,15,F,1,200809,1,"$40,069",0.8
DLLS,11,F,13,12,F,0110,1,GS-12,H,XXXX,8,10,F,1,200809,1,"$83,720",16.1
DLLS,41,K,13,07,E,0119,3,GS-07,D,XXXX,8,10,P,2,200809,1,"$45,059",11.3
DLLS,55,H,04,05,B,0119,3,GS-05,C,XXXX,8,15,P,2,200809,1,"$30,658",1.0
DLLS,36,H,21,13,G,0110,1,GS-13,J,XXXX,2,10,F,1,200809,1,"$106,952",20.1
DLLS,55,F,13,13,F,0110,1,GS-13,H,XXXX,2,10,F,1,200809,1,"$88,118",16.8
DLLS,55,G,13,12,G,0110,1,GS-12,H,XXXX,8,10,F,1,200809,1,"$87,577",24.9
DLLS,11,I,17,12,F,0110,1,GS-12,H,XXXX,8,10,F,1,200809,1,"$83,720",19.7
DLLS,55,H,04,06,D,0119,3,GS-06,C,XXXX,8,10,P,2,200809,1,"$36,448",5.8
DLLS,11,E,13,12,D,0110,1,GS-12,G,XXXX,8,10,F,1,200809,1,"$79,068",8.3
DLLS,55,G,13,12,G,0110,1,GS-12,G,XXXX,8,10,F,1,200809,1,"$78,593",22.9
DLLS,11,C,13,12,C,0110,1,GS-12,G,XXXX,8,10,F,1,200809,1,"$72,090",4.0
DLLS,12,K,07,07,E,0119,3,GS-07,D,XXXX,8,10,P,2,200809,1,"$42,956",11.4
DLLS,11,D,17,12,C,0110,1,GS-12,G,XXXX,8,10,F,1,200809,1,"$74,416",4.1
DLLS,55,H,04,05,D,0119,3,GS-05,C,XXXX,8,10,P,2,200809,1,"$34,744",6.8
DLLS,11,K,20,12,G,0110,1,GS-12,H,XXXX,8,10,F,1,200809,1,"$88,372",23.3
DLLS,55,I,13,06,B,0119,3,GS-06,C,XXXX,8,15,P,2,200809,1,"$35,313",2.3
DLLS,25,I,17,12,D,0110,1,GS-12,G,XXXX,8,10,F,1,200809,1,"$77,771",9.0
DLLS,55,H,09,06,D,0119,3,GS-06,C,XXXX,8,10,P,2,200809,1,"$37,553",7.0
DLLS,55,G,21,12,D,0110,1,GS-12,G,XXXX,8,10,F,1,200809,1,"$76,347",8.1
DLLS,36,C,04,07,B,0110,1,GS-07,D,XXXX,8,15,F,1,200809,1,"$41,110",2.5
DLLS,12,I,17,05,A,0119,3,GS-05,B,XXXX,8,15,P,2,200809,1,"$29,726",0.2
DLLS,11,G,13,13,H,0110,1,GS-13,J,XXXX,8,10,F,1,200809,1,"$102,323",27.2
DLLS,11,F,13,13,F,0110,1,GS-13,I,XXXX,2,10,F,1,200809,1,"$99,557",18.1
DLLS,11,H,,,F,0110,1,EX-04,N,XXXX,2,46,F,2,200809,1,"$149,000",18.2
DLLS,11,G,13,13,H,0110,1,GS-13,I,XXXX,2,10,F,1,200809,1,"$96,791",25.6
DLLS,11,E,17,12,D,0110,1,GS-12,G,XXXX,8,10,F,1,200809,1,"$72,090",9.9
DLLS,17,D,13,13,D,0110,1,GS-13,H,XXXX,2,10,F,1,200809,1,"$87,336",7.0
DLLS,11,C,13,09,B,0110,1,GS-09,D,XXXX,8,15,F,1,200809,1,"$48,108",1.1
DLLS,11,D,17,14,E,0110,1,GS-14,K,XXXX,8,10,P,2,200809,1,"$111,104",12.3
DLLS,11,G,13,15,G,0110,1,GS-15,N,XXXX,2,10,F,1,200809,1,"$149,000",21.1
DLLS,11,E,17,13,E,0110,1,GS-13,I,XXXX,2,10,F,1,200809,1,"$91,259",12.6
DLLS,13,D,13,12,D,0110,1,GS-12,G,XXXX,8,10,F,1,200809,1,"$74,463",7.7
DLLS,11,J,14,13,J,0110,1,GS-13,J,XXXX,2,10,F,1,200809,1,"$107,854",38.7
DLLS,13,E,13,13,D,0110,1,GS-13,H,XXXX,2,15,F,1,200809,1,"$83,181",5.8
DLLS,11,I,17,13,I,0110,1,GS-13,J,XXXX,8,10,F,1,200809,1,"$102,323",34.1
DLLS,11,I,13,15,F,0110,1,GS-15,K,XXXX,2,10,F,1,200809,1,"$119,161",18.2
DLLS,11,G,04,13,G,0110,1,GS-13,J,XXXX,8,10,F,1,200809,1,"$102,323",23.8
DLLS,11,G,13,14,H,0110,1,GS-14,L,XXXX,8,10,F,1,200809,1,"$120,907",25.8
DLLS,11,F,17,12,G,0110,1,GS-12,H,XXXX,8,10,F,1,200809,1,"$83,720",21.7
DLLS,06,I,13,13,F,0110,1,GS-13,J,XXXX,2,10,F,1,200809,1,"$103,078",16.2
DLLS,11,C,13,12,D,0110,1,GS-12,G,XXXX,8,15,F,1,200809,1,"$76,742",6.3
DLLS,11,E,17,12,E,0110,1,GS-12,H,XXXX,8,10,F,1,200809,1,"$81,394",10.2
DLLS,51,K,17,07,E,0119,3,GS-07,D,XXXX,8,10,P,2,200809,1,"$42,548",10.8
DLLS,11,I,13,15,J,0110,1,GS-15,M,XXXX,2,10,F,1,200809,1,"$134,538",35.0
DLLS,11,G,13,12,G,0110,1,GS-12,H,XXXX,8,10,F,1,200809,1,"$88,372",21.3
DLLS,11,J,17,13,J,0110,1,GS-13,J,XXXX,8,10,F,1,200809,1,"$107,854",37.4
DLLS,11,H,18,13,E,0110,1,GS-13,I,XXXX,8,10,F,1,200809,1,"$96,791",12.1
DLLS,11,G,13,14,H,0110,1,GS-14,L,XXXX,2,10,F,1,200809,1,"$120,907",25.8
DLLS,11,D,13,13,D,0110,1,GS-13,H,XXXX,8,10,F,1,200809,1,"$82,961",8.8
DLLS,51,D,13,12,E,0110,1,GS-12,G,XXXX,8,10,F,1,200809,1,"$77,698",11.3
DLLS,11,E,13,12,E,0110,1,GS-12,G,XXXX,8,10,F,1,200809,1,"$79,068",10.1
DLLS,11,F,14,12,D,0110,1,GS-12,G,XXXX,8,10,F,1,200809,1,"$76,742",7.7
DLLS,11,F,13,14,G,0110,1,GS-14,K,XXXX,2,10,F,1,200809,1,"$114,372",22.1
DLLS,11,D,13,12,D,0110,1,GS-12,G,XXXX,8,10,F,1,200809,1,"$76,742",7.4
DLLS,11,D,13,12,D,0110,1,GS-12,G,XXXX,8,10,F,1,200809,1,"$79,068",8.5
DLLS,51,D,08,05,A,0119,3,GS-05,B,XXXX,8,15,P,2,200809,1,"$29,726",0.9
DLLS,11,D,13,13,D,0110,1,GS-13,H,XXXX,2,10,F,1,200809,1,"$88,493",8.1
DLLS,11,I,14,14,J,0110,1,GS-14,K,XXXX,2,10,F,1,200809,1,"$117,639",37.4
DLLS,11,I,13,13,I,0110,1,GS-13,J,XXXX,8,10,F,1,200809,1,"$107,854",33.8
DLLS,11,I,13,13,I,0110,1,GS-13,J,XXXX,2,10,F,1,200809,1,"$107,854",33.9
DLLS,11,H,14,12,H,0110,1,GS-12,H,XXXX,8,10,F,1,200809,1,"$88,372",29.3
DLLS,12,E,13,13,F,0110,1,GS-13,H,XXXX,2,10,F,1,200809,1,"$82,849",17.3
DLLS,11,D,21,13,D,0110,1,GS-13,H,XXXX,8,10,F,1,200809,1,"$88,493",7.7
DLLS,11,B,13,11,B,0110,1,GS-11,E,XXXX,8,15,F,1,200809,1,"$58,206",2.3
DLLS,11,J,17,13,H,0110,1,GS-13,J,XXXX,8,10,F,1,200809,1,"$107,854",28.9
DLLS,11,I,13,12,J,0110,1,GS-12,I,XXXX,8,10,F,1,200809,1,"$90,698",36.2
DLLS,11,F,21,14,F,0110,1,GS-14,L,XXXX,8,10,F,1,200809,1,"$120,907",16.5
DLLS,11,D,04,12,B,0110,1,GS-12,F,XXXX,8,15,F,1,200809,1,"$69,764",2.2
DLLS,11,C,13,11,B,0110,1,GS-11,E,XXXX,8,15,F,1,200809,1,"$58,206",2.1
DLLS,06,C,13,13,D,0110,1,GS-13,I,XXXX,2,10,F,1,200809,1,"$93,981",7.1
DLLS,11,E,13,12,C,0110,1,GS-12,G,XXXX,8,15,F,1,200809,1,"$72,090",4.3
DLLS,11,B,13,09,B,0110,1,GS-09,D,XXXX,8,32,F,1,200809,1,"$48,108",1.0
DLLS,51,I,04,07,F,0119,3,GS-07,D,XXXX,8,10,P,2,200809,1,"$45,410",16.3
DLLS,11,F,13,13,F,0110,1,GS-13,I,XXXX,8,10,F,1,200809,1,"$99,557",19.3
DLLS,42,H,13,14,I,0110,1,GS-14,L,XXXX,2,10,F,1,200809,1,"$123,404",33.3
DLLS,36,I,04,05,B,0119,3,GS-05,C,XXXX,8,15,P,2,200809,1,"$33,187",1.0
DLLS,11,H,17,12,D,0110,1,GS-12,G,XXXX,8,10,F,1,200809,1,"$72,090",5.6
DLLS,13,D,17,12,D,0110,1,GS-12,G,XXXX,8,15,F,1,200809,1,"$74,463",7.1
DLLS,36,F,17,07,B,0110,1,GS-07,D,XXXX,8,15,F,1,200809,1,"$49,328",1.0
DLLS,11,B,04,11,B,0110,1,GS-11,E,XXXX,8,15,F,1,200809,1,"$58,206",2.1
DLLS,36,I,13,07,D,0119,3,GS-07,D,XXXX,8,10,P,2,200809,1,"$40,503",8.1
DLLS,06,J,13,12,I,0110,1,GS-12,I,XXXX,8,10,F,1,200809,1,"$99,431",31.6
DLLS,36,K,17,12,G,0110,1,GS-12,I,XXXX,8,10,F,1,200809,1,"$92,370",21.4
DLLS,11,D,17,12,C,0110,1,GS-12,G,XXXX,8,10,F,1,200809,1,"$72,090",4.4
DLLS,36,H,13,07,H,0119,3,GS-07,E,XXXX,8,10,P,2,200809,1,"$53,438",28.9
DLLS,36,G,13,12,G,0110,1,GS-12,H,XXXX,8,10,F,1,200809,1,"$87,508",23.2
DLLS,11,B,13,09,B,0110,1,GS-09,D,XXXX,8,32,F,1,200809,1,"$48,108",1.9
DLLS,11,C,13,07,C,0110,1,GS-07,C,XXXX,8,15,F,1,200809,1,"$39,330",3.7
DLLS,12,E,13,12,F,0110,1,GS-12,H,XXXX,8,10,F,1,200809,1,"$82,487",17.3
DLLS,11,B,13,12,C,0110,1,GS-12,F,XXXX,8,10,F,1,200809,1,"$69,764",3.1
DLLS,11,F,13,14,G,0110,1,GS-14,J,XXXX,2,10,F,1,200809,1,"$107,836",20.3
DLLS,11,G,13,12,F,0110,1,GS-12,G,XXXX,8,10,F,1,200809,1,"$79,068",17.8
DLLS,11,C,13,12,C,0110,1,GS-12,F,XXXX,8,10,F,1,200809,1,"$69,764",3.3
DLLS,11,E,17,12,D,0110,1,GS-12,H,XXXX,8,10,F,1,200809,1,"$81,394",8.3
DLLS,11,B,04,11,B,0110,1,GS-11,E,XXXX,8,15,F,1,200809,1,"$58,206",2.2
DLLS,36,F,13,12,F,0110,1,GS-12,H,XXXX,8,10,F,1,200809,1,"$87,508",17.0
DLLS,11,H,13,13,I,0110,1,GS-13,J,XXXX,2,10,F,1,200809,1,"$102,323",32.3
DLLS,11,H,13,15,G,0110,1,GS-15,M,XXXX,2,10,F,1,200809,1,"$134,538",21.3
DLLS,11,J,14,14,J,0110,1,GM-14,L,XXXX,2,10,F,1,200809,1,"$127,442",36.0
DLLS,11,E,17,12,D,0110,1,GS-12,G,XXXX,8,10,F,1,200809,1,"$79,068",8.5
DLLS,34,F,13,05,B,0119,3,GS-05,C,XXXX,8,15,P,2,200809,1,"$34,293",1.7
DLLS,11,C,04,12,B,0110,1,GS-12,F,XXXX,8,32,F,1,200809,1,"$69,764",2.0
DLLS,36,K,13,07,E,0119,3,GS-07,D,XXXX,8,10,P,2,200809,1,"$40,503",12.4
DLLS,11,H,17,12,G,0110,1,GS-12,I,XXXX,8,10,F,1,200809,1,"$90,698",23.1
DLLS,15,H,04,06,C,0119,3,GS-06,C,XXXX,8,10,P,2,200809,1,"$30,252",3.3
DLLS,25,B,13,09,B,0110,1,GS-09,D,XXXX,8,15,F,1,200809,1,"$48,753",2.0
DLLS,36,I,04,06,C,0119,3,GS-06,C,XXXX,8,10,P,2,200809,1,"$34,239",3.5
DLLS,11,D,09,13,D,0110,1,GS-13,I,XXXX,8,10,F,1,200809,1,"$91,259",9.0
DLLS,36,J,13,05,C,0119,3,GS-05,D,XXXX,8,15,P,2,200809,1,"$43,138",3.7
DLLS,36,I,04,06,D,0119,3,GS-06,D,XXXX,8,10,P,2,200809,1,"$40,693",7.4
DLLS,11,C,13,12,C,0110,1,GS-12,G,XXXX,8,15,F,1,200809,1,"$72,090",4.4
DLLS,11,H,17,,I,0110,1,ES-**,N,XXXX,2,50,F,1,200809,1,"$148,628",32.1
DLLS,06,H,17,12,G,0110,1,GS-12,I,XXXX,8,10,F,1,200809,1,"$93,976",23.2
DLLS,11,E,13,14,F,0110,1,GS-14,J,XXXX,2,10,F,1,200809,1,"$107,836",16.0
DLLS,36,E,13,12,D,0110,1,GS-12,H,XXXX,2,10,F,1,200809,1,"$82,646",8.0
DLLS,39,K,17,07,E,0119,3,GS-07,D,XXXX,8,10,P,2,200809,1,"$42,695",12.9
DLLS,06,K,17,12,I,0110,1,GS-12,I,XXXX,8,10,F,1,200809,1,"$94,331",31.0
DLLS,36,J,04,07,D,0119,3,GS-07,D,XXXX,8,10,P,2,200809,1,"$45,219",5.8
DLLS,13,H,13,13,H,0110,1,GS-13,I,XXXX,2,10,F,1,200809,1,"$99,284",28.7
DLLS,11,F,13,13,F,0110,1,GS-13,I,XXXX,8,10,F,1,200809,1,"$91,259",15.6
DLLS,11,I,21,14,I,0110,1,GS-14,L,XXXX,8,10,F,1,200809,1,"$120,907",30.2
DLLS,11,H,17,12,D,0110,1,GS-12,G,XXXX,8,10,F,1,200809,1,"$79,068",7.7
DLLS,36,D,17,05,A,0119,3,GS-05,C,XXXX,8,15,P,2,200809,1,"$33,187",0.7
DLLS,36,I,13,07,D,0119,3,GS-07,D,XXXX,8,10,P,2,200809,1,"$47,959",8.1
DLLS,36,H,18,13,G,0110,1,GS-13,J,XXXX,2,10,F,1,200809,1,"$101,170",21.3
DLLS,13,B,13,09,B,0110,1,GS-09,D,XXXX,8,15,F,1,200809,1,"$46,680",1.9
DLLS,13,B,13,09,B,0110,1,GS-09,D,XXXX,8,32,F,1,200809,1,"$46,680",1.9
DLLS,11,C,13,12,C,0110,1,GS-12,F,XXXX,8,10,F,1,200809,1,"$69,764",3.9
DLLS,11,G,17,13,G,0110,1,GS-13,J,XXXX,8,10,F,1,200809,1,"$102,323",21.0
DLLS,36,F,04,05,A,0119,3,GS-05,C,XXXX,8,15,P,2,200809,1,"$33,187",0.7
DLLS,36,J,13,07,D,0119,3,GS-07,D,XXXX,8,10,P,2,200809,1,"$46,589",7.2
DLLS,11,C,13,11,B,0110,1,GS-11,E,XXXX,8,32,F,1,200809,1,"$58,206",1.6
DLLS,04,F,13,06,B,0119,3,GS-06,C,XXXX,8,15,P,2,200809,1,"$34,711",2.8
DLLS,06,G,13,12,F,0110,1,GS-12,H,XXXX,8,10,F,1,200809,1,"$86,746",16.3
DLLS,11,D,17,13,E,0110,1,GS-13,I,XXXX,2,10,F,1,200809,1,"$94,025",10.3
DLLS,11,E,13,14,F,0110,1,GS-14,J,XXXX,8,10,F,1,200809,1,"$107,836",16.3
DLLS,11,C,13,11,B,0110,1,GS-11,E,XXXX,8,15,F,1,200809,1,"$58,206",2.7
DLLS,11,I,17,15,H,0110,1,GS-15,N,XXXX,2,10,F,1,200809,1,"$142,227",28.0
DLLS,11,C,04,06,B,0119,3,GS-06,C,XXXX,8,15,P,2,200809,1,"$36,572",2.7
DLLS,36,H,13,07,D,0119,3,GS-07,D,XXXX,8,10,P,2,200809,1,"$42,480",5.0
DLLS,11,F,13,14,F,0110,1,GS-14,J,XXXX,2,10,F,1,200809,1,"$104,569",17.4
DLLS,11,D,13,13,D,0110,1,GS-13,H,XXXX,8,10,F,1,200809,1,"$88,493",8.3
DLLS,11,I,13,14,H,0110,1,GS-14,K,XXXX,2,10,F,1,200809,1,"$117,639",28.5
DLLS,11,E,13,13,E,0110,1,GS-13,I,XXXX,8,10,F,1,200809,1,"$94,025",11.3
DLLS,11,D,13,13,D,0110,1,GS-13,H,XXXX,8,10,F,1,200809,1,"$88,493",9.0
DLLS,11,J,17,12,E,0110,1,GS-12,H,XXXX,8,10,F,1,200809,1,"$81,394",14.6
DLLS,34,I,13,09,D,0110,1,GS-09,E,XXXX,8,10,F,1,200809,1,"$50,285",5.7
DLLS,13,H,17,07,A,0110,1,GS-07,C,XXXX,8,15,F,1,200809,1,"$38,162",0.9
DLLS,11,D,13,13,D,0110,1,GS-13,I,XXXX,2,10,F,1,200809,1,"$94,025",9.3
DLLS,36,K,04,05,D,0119,3,GS-05,D,XXXX,8,15,P,2,200809,1,"$43,138",8.7
DLLS,11,G,21,15,G,0110,1,GS-15,M,XXXX,2,10,F,1,200809,1,"$134,538",20.9
DLLS,36,G,13,06,B,0119,3,GS-06,C,XXXX,8,15,P,2,200809,1,"$36,993",1.7
DLLS,11,F,17,14,F,0110,1,GS-14,J,XXXX,2,10,F,1,200809,1,"$107,836",15.0
DLLS,06,G,13,07,E,0119,3,GS-07,D,XXXX,8,10,P,2,200809,1,"$47,541",13.5
DLLS,11,G,13,12,H,0110,1,GS-12,G,XXXX,8,10,F,1,200809,1,"$76,742",28.9
DLLS,13,G,13,05,D,0119,3,GS-05,C,XXXX,8,15,P,2,200809,1,"$31,834",9.9
DLLS,41,K,13,07,D,0119,3,GS-07,D,XXXX,8,10,P,2,200809,1,"$42,485",8.0
DLLS,06,F,13,07,C,0119,3,GS-07,D,XXXX,8,10,P,2,200809,1,"$42,110",3.5
DLLS,06,E,13,12,E,0110,1,GS-12,H,XXXX,8,10,F,1,200809,1,"$89,231",10.5
DLLS,06,D,13,05,A,0119,3,GS-05,C,XXXX,8,15,P,2,200809,1,"$32,042",0.2
DLLS,04,J,04,05,B,0119,3,GS-05,C,XXXX,8,15,P,2,200809,1,"$31,706",2.5
DLLS,48,I,13,13,I,0110,1,GS-13,J,XXXX,2,10,F,1,200809,1,"$100,503",33.6
DLLS,06,G,13,12,D,0110,1,GS-12,G,XXXX,8,10,F,1,200809,1,"$76,482",6.4
DLLS,06,K,13,07,F,0119,3,GS-07,D,XXXX,8,10,P,2,200809,1,"$47,626",16.3
DLLS,48,D,13,12,E,0110,1,GS-12,G,XXXX,8,10,F,1,200809,1,"$75,377",10.6
DLLS,11,B,13,12,C,0110,1,GS-12,F,XXXX,8,15,F,1,200809,1,"$69,764",3.1
DLLS,06,G,13,11,E,0110,1,GS-11,F,XXXX,8,10,F,1,200809,1,"$63,811",12.4
DLLS,11,J,21,15,H,0110,1,GS-15,N,XXXX,8,10,F,1,200809,1,"$149,000",27.3
DLLS,06,I,17,05,D,0119,3,GS-05,B,XXXX,8,15,P,2,200809,1,"$29,726",5.1
DLLS,06,G,13,09,D,0110,1,GS-09,D,XXXX,8,15,F,1,200809,1,"$49,847",5.7
DLLS,06,E,13,13,E,0110,1,GS-13,J,XXXX,2,10,F,1,200809,1,"$100,046",12.3
DLLS,11,G,17,,F,0110,1,SL-00,O,XXXX,8,10,F,1,200809,1,"$158,500",19.2
DLLS,11,C,17,12,B,0110,1,GS-12,F,XXXX,8,32,F,1,200809,1,"$69,764",2.0
DLLS,11,I,13,14,I,0110,1,GM-14,L,XXXX,2,10,F,1,200809,1,"$127,442",34.9
DLLS,12,E,17,12,E,0110,1,GS-12,G,XXXX,8,10,F,1,200809,1,"$76,203",11.0
DLLS,36,E,13,05,B,0119,3,GS-05,C,XXXX,8,15,P,2,200809,1,"$33,187",1.0
DLLS,12,D,13,12,D,0110,1,GS-12,G,XXXX,8,10,F,1,200809,1,"$74,025",9.7
DLLS,06,G,17,12,F,0110,1,GS-12,H,XXXX,8,10,F,1,200809,1,"$86,746",17.3
DLLS,48,J,17,12,D,0110,1,GS-12,G,XXXX,8,10,F,1,200809,1,"$73,093",6.8
DLLS,04,D,13,12,D,0110,1,GS-12,G,XXXX,8,10,F,1,200809,1,"$75,046",8.0
DLLS,06,H,13,12,I,0110,1,GS-12,I,XXXX,8,10,F,1,200809,1,"$99,431",32.1
DLLS,11,D,13,14,D,0110,1,GS-14,I,XXXX,2,10,F,1,200809,1,"$98,033",8.6
DLLS,48,D,13,12,D,0110,1,GS-12,G,XXXX,8,10,F,1,200809,1,"$75,377",6.3
DLLS,06,K,13,12,E,0110,1,GS-12,I,XXXX,8,10,F,1,200809,1,"$91,781",12.1
DLLS,11,C,17,11,C,0110,1,GS-11,E,XXXX,8,15,F,1,200809,1,"$58,206",3.3
DLLS,24,C,07,05,D,0119,3,GS-05,C,XXXX,8,15,P,2,200809,1,"$31,751",6.0
DLLS,11,B,13,11,B,0110,1,GS-11,E,XXXX,8,15,F,1,200809,1,"$58,206",2.2
DLLS,11,J,11,14,I,0110,1,GS-14,L,XXXX,8,10,F,1,200809,1,"$120,907",34.4
DLLS,42,G,13,12,G,0110,1,GS-12,G,XXXX,8,10,F,1,200809,1,"$79,592",21.3
DLLS,11,I,17,13,J,0110,1,GS-13,J,XXXX,8,10,F,1,200809,1,"$107,854",36.4
DLLS,24,I,04,07,D,0119,3,GS-07,D,XXXX,8,10,P,2,200809,1,"$43,262",8.2
DLLS,11,I,14,13,J,0110,1,GS-13,J,XXXX,8,10,F,1,200809,1,"$107,854",35.2
DLLS,24,H,13,12,H,0110,1,GS-12,I,XXXX,8,10,F,1,200809,1,"$90,698",29.9
DLLS,11,F,14,12,D,0110,1,GS-12,G,XXXX,8,10,F,1,200809,1,"$79,068",8.0
DLLS,11,D,13,13,D,0110,1,GS-13,H,XXXX,8,10,F,1,200809,1,"$85,727",9.8
DLLS,11,F,04,14,F,0110,1,GS-14,K,XXXX,2,10,F,1,200809,1,"$117,639",19.3
DLLS,11,C,13,12,D,0110,1,GS-12,G,XXXX,8,10,F,1,200809,1,"$76,742",6.9
DLLS,11,E,13,12,D,0110,1,GS-12,G,XXXX,8,10,F,1,200809,1,"$79,068",8.5
DLLS,11,D,13,12,D,0110,1,GS-12,G,XXXX,8,10,F,1,200809,1,"$76,742",6.3
DLLS,11,C,13,13,D,0110,1,GS-13,I,XXXX,2,10,F,1,200809,1,"$91,259",8.2
DLLS,11,C,13,12,C,0110,1,GS-12,F,XXXX,8,15,F,1,200809,1,"$69,764",3.3
DLLS,11,C,13,12,C,0110,1,GS-12,G,XXXX,8,10,F,1,200809,1,"$72,090",3.1
DLLS,11,C,13,12,C,0110,1,GS-12,F,XXXX,8,10,F,1,200809,1,"$69,764",3.7
DLLS,08,C,13,11,B,0110,1,GS-11,E,XXXX,8,15,F,1,200809,1,"$58,274",2.1
DLLS,11,D,13,14,D,0110,1,GS-14,I,XXXX,2,10,F,1,200809,1,"$98,033",7.2
DLLS,11,H,13,13,I,0110,1,GS-13,J,XXXX,8,10,F,1,200809,1,"$107,854",30.5
DLLS,11,I,17,,J,0110,1,ES-**,P,XXXX,2,50,F,1,200809,1,"$160,135",35.4
DLLS,11,I,13,12,I,0110,1,GS-12,H,XXXX,8,10,F,1,200809,1,"$83,720",32.3
DLLS,11,I,13,,I,0110,1,ES-**,Q,XXXX,2,50,F,1,200809,1,"$172,200",34.1
DLLS,11,H,04,07,I,0119,3,GS-07,E,XXXX,8,10,F,1,200809,1,"$51,124",31.8
DLLS,11,I,17,12,E,0110,1,GS-12,H,XXXX,8,10,F,1,200809,1,"$83,720",13.3
DLLS,11,H,17,12,F,0110,1,GS-12,H,XXXX,8,10,F,1,200809,1,"$83,720",17.8
DLLS,11,D,13,13,D,0110,1,GS-13,H,XXXX,8,10,F,1,200809,1,"$82,961",9.8
DLLS,11,G,13,12,G,0110,1,GS-12,G,XXXX,8,10,F,1,200809,1,"$79,068",24.9
DLLS,11,G,13,13,H,0110,1,GS-13,I,XXXX,8,10,F,1,200809,1,"$99,557",29.1
DLLS,11,E,13,12,F,0110,1,GS-12,H,XXXX,8,10,F,1,200809,1,"$83,720",15.8
DLLS,11,F,12,13,F,0110,1,GS-13,J,XXXX,8,10,F,1,200809,1,"$102,323",19.4
DLLS,11,G,04,12,G,0110,1,GS-12,H,XXXX,8,10,F,1,200809,1,"$83,720",21.7
DLLS,11,C,13,12,C,0110,1,GS-12,G,XXXX,8,15,F,1,200809,1,"$72,090",4.3
DLLS,24,B,07,05,B,0119,3,GS-05,C,XXXX,8,15,P,2,200809,1,"$31,751",1.0
DLLS,11,C,13,12,C,0110,1,GS-12,G,XXXX,8,10,F,1,200809,1,"$72,090",4.8
DLLS,11,C,13,13,D,0110,1,GS-13,H,XXXX,8,10,F,1,200809,1,"$82,961",7.2
DLLS,11,D,13,12,D,0110,1,GS-12,G,XXXX,8,10,F,1,200809,1,"$74,416",8.3
DLLS,06,J,13,12,J,0110,1,GS-12,I,XXXX,8,10,F,1,200809,1,"$99,431",36.6
DLLS,06,I,13,13,I,0110,1,GS-13,J,XXXX,2,10,F,1,200809,1,"$109,142",30.4
DLLS,06,C,13,05,B,0119,3,GS-05,C,XXXX,8,15,P,2,200809,1,"$33,994",1.5
DLLS,06,F,13,12,F,0110,1,GS-12,H,XXXX,8,10,F,1,200809,1,"$89,156",17.3
DLLS,06,F,17,06,B,0119,3,GS-06,C,XXXX,8,15,P,2,200809,1,"$38,799",1.9
DLLS,06,G,13,12,G,0110,1,GS-12,I,XXXX,8,10,F,1,200809,1,"$94,331",23.1
DLLS,06,K,04,07,H,0119,3,GS-07,E,XXXX,8,10,P,2,200809,1,"$52,972",28.7
DLLS,11,F,17,12,C,0110,1,GS-12,G,XXXX,8,10,F,1,200809,1,"$72,090",4.3
DLLS,06,G,13,12,G,0110,1,GS-12,I,XXXX,8,10,F,1,200809,1,"$91,781",24.9
DLLS,11,G,13,13,E,0110,1,GS-13,J,XXXX,2,10,F,1,200809,1,"$107,854",11.7
DLLS,06,H,11,13,H,0110,1,GS-13,J,XXXX,8,10,F,1,200809,1,"$109,142",29.5
DLLS,41,G,13,06,C,0119,3,GS-06,C,XXXX,8,10,P,2,200809,1,"$35,344",3.0
DLLS,11,D,13,13,D,0110,1,GS-13,H,XXXX,8,10,F,1,200809,1,"$88,493",7.1
DLLS,06,F,17,12,B,0110,1,GS-12,G,XXXX,8,15,F,1,200809,1,"$72,286",2.9
DLLS,06,H,14,12,H,0110,1,GS-12,I,XXXX,8,10,F,1,200809,1,"$94,331",27.8
DLLS,06,H,17,05,B,0119,3,GS-05,C,XXXX,8,15,P,2,200809,1,"$35,967",2.0
DLLS,36,I,17,13,G,0110,1,GS-13,J,XXXX,2,10,F,1,200809,1,"$106,952",24.5
DLLS,49,F,13,13,F,0110,1,GS-13,J,XXXX,8,10,F,1,200809,1,"$100,976",18.4
DLLS,06,F,13,12,F,0110,1,GS-12,H,XXXX,8,10,F,1,200809,1,"$84,336",17.3
DLLS,45,F,13,05,E,0119,3,GS-05,B,XXXX,8,15,P,2,200809,1,"$29,726",10.2
DLLS,11,F,13,13,F,0110,1,GS-13,I,XXXX,8,10,F,1,200809,1,"$94,025",15.2
DLLS,06,G,08,05,E,0119,3,GS-05,D,XXXX,8,10,P,2,200809,1,"$42,763",14.7
DLLS,06,E,17,06,B,0119,3,GS-06,C,XXXX,8,15,P,2,200809,1,"$38,799",2.8
DLLS,06,I,12,07,E,0119,3,GS-07,D,XXXX,8,10,P,2,200809,1,"$48,899",12.0
DLLS,04,F,13,13,F,0110,1,GS-13,H,XXXX,8,10,F,1,200809,1,"$89,241",17.4
DLLS,06,K,10,07,D,0119,3,GS-07,D,XXXX,8,10,P,2,200809,1,"$41,729",9.1
DLLS,06,H,10,07,C,0119,3,GS-07,D,XXXX,8,10,P,2,200809,1,"$42,110",4.7
DLLS,11,C,13,13,C,0110,1,GS-13,H,XXXX,8,15,F,1,200809,1,"$82,961",4.6
DLLS,11,C,13,13,D,0110,1,GS-13,H,XXXX,8,10,F,1,200809,1,"$82,961",5.1
DLLS,11,G,17,13,G,0110,1,GS-13,I,XXXX,8,10,F,1,200809,1,"$99,557",22.6
DLLS,06,D,13,12,D,0110,1,GS-12,G,XXXX,8,10,F,1,200809,1,"$79,516",6.8
DLLS,06,J,13,07,D,0119,3,GS-07,D,XXXX,8,10,P,2,200809,1,"$42,110",5.3
DLLS,11,F,21,14,D,0110,1,GS-14,K,XXXX,8,10,F,1,200809,1,"$111,104",8.2
DLLS,06,H,13,07,E,0119,3,GS-07,D,XXXX,8,10,P,2,200809,1,"$47,541",11.3
DLLS,02,J,13,07,E,0119,3,GS-07,C,XXXX,8,10,P,2,200809,1,"$39,038",11.5
DLLS,27,H,21,07,C,0119,3,GS-07,D,XXXX,8,10,P,2,200809,1,"$40,150",4.1
DLLS,11,G,18,12,G,0110,1,GS-12,I,XXXX,8,10,F,1,200809,1,"$90,698",23.8
DLLS,11,D,13,12,D,0110,1,GS-12,G,XXXX,8,10,F,1,200809,1,"$76,742",6.8
DLLS,15,J,13,06,C,0119,3,GS-06,C,XXXX,8,10,P,2,200809,1,"$31,228",3.2
DLLS,15,I,13,07,F,0119,3,GS-07,D,XXXX,8,10,P,2,200809,1,"$40,122",15.7
DLLS,11,H,21,13,E,0110,1,GS-13,I,XXXX,8,10,F,1,200809,1,"$91,259",13.3
DLLS,11,F,13,12,F,0110,1,GS-12,H,XXXX,8,10,F,1,200809,1,"$83,720",19.3
DLLS,11,C,07,05,A,0119,3,GS-05,C,XXXX,8,15,P,2,200809,1,"$31,751",0.3
DLLS,11,D,13,12,D,0110,1,GS-12,G,XXXX,8,10,F,1,200809,1,"$76,742",7.2
DLLS,11,F,17,12,E,0110,1,GS-12,H,XXXX,8,10,F,1,200809,1,"$81,394",10.2
DLLS,11,J,04,12,J,0110,1,GS-12,H,XXXX,8,10,F,1,200809,1,"$81,394",41.0
DLLS,11,J,07,08,J,0119,3,GS-08,E,XXXX,2,10,F,1,200809,1,"$56,624",41.2
DLLS,11,I,13,13,H,0110,1,GS-13,J,XXXX,8,10,F,1,200809,1,"$102,323",29.0
DLLS,36,H,13,12,H,0110,1,GS-12,H,XXXX,8,10,F,1,200809,1,"$89,939",29.3
DLLS,12,G,10,06,H,0119,3,GS-06,D,XXXX,8,10,P,2,200809,1,"$43,076",26.3
DLLS,36,I,13,07,F,0119,3,GS-07,E,XXXX,8,10,P,2,200809,1,"$53,438",18.2
DLLS,11,J,17,13,J,0110,1,GS-13,J,XXXX,2,10,F,1,200809,1,"$107,854",39.1
DLLS,36,K,14,12,H,0110,1,GS-12,H,XXXX,8,10,F,1,200809,1,"$87,508",26.0
DLLS,11,I,13,13,E,0110,1,GS-13,I,XXXX,2,10,F,1,200809,1,"$91,259",12.0
DLLS,11,H,17,14,H,0110,1,GS-14,K,XXXX,2,10,F,1,200809,1,"$114,372",28.0
DLLS,12,C,13,12,D,0110,1,GS-12,G,XXXX,8,10,F,1,200809,1,"$75,612",6.9
DLLS,11,G,13,12,E,0110,1,GS-12,G,XXXX,8,10,F,1,200809,1,"$74,416",10.6
DLLS,13,F,13,12,F,0110,1,GS-12,G,XXXX,8,10,F,1,200809,1,"$76,720",15.1
DLLS,36,F,13,12,F,0110,1,GS-12,H,XXXX,8,10,F,1,200809,1,"$89,939",19.2
DLLS,11,H,18,14,H,0110,1,GS-14,L,XXXX,8,10,F,1,200809,1,"$127,442",25.5
DLLS,13,F,13,12,E,0110,1,GS-12,G,XXXX,8,10,F,1,200809,1,"$74,463",12.4
DLLS,11,I,21,14,F,0110,1,GS-14,L,XXXX,8,10,F,1,200809,1,"$124,175",18.2
DLLS,11,H,13,12,I,0110,1,GS-12,I,XXXX,8,10,F,1,200809,1,"$90,698",30.3
DLLS,11,E,17,12,E,0110,1,GS-12,H,XXXX,8,10,F,1,200809,1,"$81,394",11.3
DLLS,34,F,17,12,E,0110,1,GS-12,H,XXXX,8,10,F,1,200809,1,"$87,508",13.7
DLLS,11,F,13,12,E,0110,1,GS-12,H,XXXX,8,10,F,1,200809,1,"$81,394",13.6
DLLS,11,B,04,11,B,0110,1,GS-11,E,XXXX,8,15,F,1,200809,1,"$58,206",2.2
DLLS,17,C,13,12,D,0110,1,GS-12,G,XXXX,8,10,F,1,200809,1,"$78,183",6.1
DLLS,11,F,17,14,F,0110,1,GS-14,K,XXXX,8,10,F,1,200809,1,"$111,104",18.3
DLLS,11,H,13,12,H,0110,1,GS-12,I,XXXX,8,10,F,1,200809,1,"$90,698",29.3
DLLS,11,G,21,14,F,0110,1,GS-14,K,XXXX,8,10,F,1,200809,1,"$117,639",16.0
DLLS,36,H,14,12,E,0110,1,GS-12,H,XXXX,8,10,F,1,200809,1,"$87,508",13.6
DLLS,34,G,17,12,G,0110,1,GS-12,H,XXXX,8,10,F,1,200809,1,"$89,939",21.7
DLLS,34,F,13,12,F,0110,1,GS-12,I,XXXX,8,10,F,1,200809,1,"$94,802",19.8
DLLS,11,C,13,12,C,0110,1,GS-12,G,XXXX,8,10,F,1,200809,1,"$72,090",4.1
DLLS,11,K,13,12,I,0110,1,GS-12,I,XXXX,8,10,F,1,200809,1,"$90,698",32.3
DLLS,36,I,13,13,I,0110,1,GS-13,J,XXXX,8,10,F,1,200809,1,"$106,952",34.8
DLLS,16,F,09,05,C,0119,3,GS-05,B,XXXX,8,15,P,2,200809,1,"$29,726",3.2
DLLS,11,D,14,13,D,0110,1,GS-13,H,XXXX,8,10,F,1,200809,1,"$85,727",8.1
DLLS,16,H,13,07,E,0119,3,GS-07,D,XXXX,8,10,P,2,200809,1,"$44,183",11.6
DLLS,11,G,17,15,E,0110,1,GS-15,L,XXXX,2,10,F,1,200809,1,"$126,850",13.4
DLLS,11,I,17,13,E,0110,1,GS-13,I,XXXX,8,10,F,1,200809,1,"$99,557",14.8
DLLS,11,D,13,12,D,0110,1,GS-12,G,XXXX,8,10,F,1,200809,1,"$76,742",9.8
DLLS,11,C,13,11,B,0110,1,GS-11,E,XXXX,8,15,F,1,200809,1,"$58,206",2.4
DLLS,11,D,13,12,D,0110,1,GS-12,G,XXXX,8,10,F,1,200809,1,"$79,068",8.8
DLLS,08,E,13,12,F,0110,1,GS-12,H,XXXX,8,10,F,1,200809,1,"$83,817",17.3
DLLS,11,H,17,12,G,0110,1,GS-12,H,XXXX,8,10,F,1,200809,1,"$88,372",20.8
DLLS,08,J,10,05,D,0119,3,GS-05,C,XXXX,8,15,P,2,200809,1,"$36,023",8.3
DLLS,25,C,13,09,B,0110,1,GS-09,D,XXXX,8,15,F,1,200809,1,"$48,753",1.6
DLLS,48,J,14,12,I,0110,1,GS-12,I,XXXX,8,10,F,1,200809,1,"$93,123",34.4
DLLS,11,H,21,,F,0110,1,SL-00,O,XXXX,8,10,F,1,200809,1,"$158,500",17.0
DLLS,11,D,13,12,D,0110,1,GS-12,G,XXXX,8,10,F,1,200809,1,"$79,068",8.9
DLLS,11,E,13,12,E,0110,1,GS-12,H,XXXX,8,10,F,1,200809,1,"$81,394",11.1
DLLS,36,C,13,09,B,0110,1,GS-09,E,XXXX,8,15,F,1,200809,1,"$51,962",2.5
DLLS,49,J,07,07,E,0119,3,GS-07,D,XXXX,8,10,P,2,200809,1,"$44,183",13.4
DLLS,06,D,13,13,D,0110,1,GS-13,I,XXXX,2,10,F,1,200809,1,"$97,013",8.1
DLLS,39,D,13,12,D,0110,1,GS-12,G,XXXX,8,10,F,1,200809,1,"$74,762",8.9
DLLS,11,F,17,14,F,0110,1,GS-14,K,XXXX,2,10,F,1,200809,1,"$111,104",15.0
DLLS,53,C,13,11,C,0110,1,GS-11,E,XXXX,8,10,F,1,200809,1,"$57,657",3.0
DLLS,06,G,13,13,G,0110,1,GS-13,K,XXXX,8,10,F,1,200809,1,"$112,175",21.7
DLLS,53,G,13,05,B,0119,3,GS-05,B,XXXX,8,15,P,2,200809,1,"$29,726",1.0
DLLS,11,D,13,13,D,0110,1,GS-13,I,XXXX,2,10,F,1,200809,1,"$91,259",8.3
DLLS,11,C,13,12,D,0110,1,GS-12,G,XXXX,8,10,F,1,200809,1,"$76,742",6.9
DLLS,11,E,17,13,E,0110,1,GS-13,I,XXXX,2,10,F,1,200809,1,"$94,025",11.3
DLLS,04,K,13,05,B,0119,3,GS-05,C,XXXX,8,15,P,2,200809,1,"$30,135",1.4
DLLS,06,E,13,12,E,0110,1,GS-12,H,XXXX,8,10,F,1,200809,1,"$86,681",14.3
DLLS,11,F,17,12,E,0110,1,GS-12,H,XXXX,8,10,F,1,200809,1,"$81,394",10.4
DLLS,53,G,13,07,E,0119,3,GS-07,D,XXXX,8,10,P,2,200809,1,"$45,450",10.8
DLLS,11,C,13,11,B,0110,1,GS-11,E,XXXX,8,15,F,1,200809,1,"$58,206",2.4
DLLS,53,G,13,07,D,0119,3,GS-07,D,XXXX,8,10,P,2,200809,1,"$40,258",5.5
DLLS,55,C,13,12,D,0110,1,GS-12,F,XXXX,8,15,F,1,200809,1,"$69,610",5.1
DLLS,53,J,14,07,E,0119,3,GS-07,D,XXXX,8,10,P,2,200809,1,"$46,748",13.8
DLLS,11,C,17,09,C,0110,1,GS-09,D,XXXX,8,38,F,1,200809,1,"$48,108",4.6
DLLS,25,E,13,12,E,0110,1,GS-12,H,XXXX,8,10,F,1,200809,1,"$87,199",10.4
DLLS,41,H,17,12,E,0110,1,GS-12,G,XXXX,8,10,F,1,200809,1,"$79,933",12.2
DLLS,11,H,13,12,D,0110,1,GS-12,G,XXXX,8,15,F,1,200809,1,"$74,416",5.3
DLLS,42,B,13,11,B,0110,1,GS-11,E,XXXX,8,15,F,1,200809,1,"$57,845",2.2
DLLS,36,G,13,12,G,0110,1,GS-12,I,XXXX,8,10,F,1,200809,1,"$94,802",21.7
DLLS,11,C,13,12,D,0110,1,GS-12,G,XXXX,8,10,P,2,200809,1,"$76,742",7.2
DLLS,25,D,13,13,E,0110,1,GS-13,I,XXXX,2,10,F,1,200809,1,"$92,482",10.6
DLLS,25,F,13,07,F,0119,3,GS-07,E,XXXX,8,10,P,2,200809,1,"$51,809",18.0
DLLS,25,F,13,12,F,0110,1,GS-12,H,XXXX,8,10,F,1,200809,1,"$87,199",17.3
DLLS,11,B,13,07,B,0110,1,GS-07,C,XXXX,8,32,F,1,200809,1,"$39,330",1.0
DLLS,11,B,04,11,B,0110,1,GS-11,E,XXXX,8,15,F,1,200809,1,"$58,206",2.1
DLLS,42,F,14,13,F,0110,1,GS-13,I,XXXX,2,10,F,1,200809,1,"$98,939",15.8
DLLS,11,E,21,13,D,0110,1,GS-13,I,XXXX,8,10,F,1,200809,1,"$99,557",6.0
DLLS,11,C,13,12,C,0110,1,GS-12,F,XXXX,8,15,F,1,200809,1,"$69,764",3.5
DLLS,50,J,13,07,E,0119,3,GS-07,D,XXXX,8,10,P,2,200809,1,"$42,956",11.4
DLLS,25,I,13,13,H,0110,1,GS-13,I,XXXX,2,10,F,1,200809,1,"$92,482",25.3
DLLS,11,H,21,14,F,0110,1,GS-14,L,XXXX,8,10,F,1,200809,1,"$124,175",17.0
DLLS,25,H,17,13,I,0110,1,GS-13,J,XXXX,2,10,F,1,200809,1,"$103,694",31.3
DLLS,11,I,14,,J,0110,1,ES-**,O,XXXX,2,50,F,1,200809,1,"$152,079",36.4
DLLS,25,H,13,14,G,0110,1,GS-14,K,XXXX,2,10,F,1,200809,1,"$112,593",23.8
DLLS,11,H,17,13,F,0110,1,GS-13,I,XXXX,8,10,F,1,200809,1,"$96,791",18.4
DLLS,25,H,13,13,I,0110,1,GS-13,J,XXXX,8,10,F,1,200809,1,"$103,694",31.2
DLLS,11,F,13,14,F,0110,1,GS-14,K,XXXX,2,10,F,1,200809,1,"$111,104",15.5
DLLS,25,D,13,12,E,0110,1,GS-12,G,XXXX,8,10,F,1,200809,1,"$73,056",10.2
DLLS,25,K,13,12,J,0110,1,GS-12,I,XXXX,8,10,F,1,200809,1,"$91,913",40.8
DLLS,01,J,07,07,G,0119,3,GS-07,D,XXXX,8,10,P,2,200809,1,"$46,637",20.9
DLLS,11,J,21,12,F,0110,1,GS-12,H,XXXX,8,10,F,1,200809,1,"$83,720",15.1
DLLS,25,G,13,12,G,0110,1,GS-12,H,XXXX,8,10,F,1,200809,1,"$89,556",22.9
DLLS,25,D,13,07,A,0110,1,GS-07,C,XXXX,8,15,F,1,200809,1,"$39,857",0.8
DLLS,11,C,17,12,B,0110,1,GS-12,F,XXXX,8,15,F,1,200809,1,"$69,764",2.2
DLLS,11,C,13,11,B,0110,1,GS-11,E,XXXX,8,15,F,1,200809,1,"$58,206",2.3
DLLS,11,K,21,13,I,0110,1,GS-13,J,XXXX,8,10,F,1,200809,1,"$107,854",31.2
DLLS,13,G,13,12,G,0110,1,GS-12,G,XXXX,8,10,F,1,200809,1,"$78,977",23.3
DLLS,25,G,13,12,G,0110,1,GS-12,H,XXXX,8,10,F,1,200809,1,"$87,199",24.3
DLLS,11,D,21,13,B,0110,1,GS-13,I,XXXX,8,15,F,1,200809,1,"$96,791",2.2
DLLS,25,I,13,07,D,0119,3,GS-07,D,XXXX,8,10,P,2,200809,1,"$45,169",9.6
DLLS,25,G,17,13,F,0110,1,GS-13,J,XXXX,2,10,F,1,200809,1,"$100,891",18.8
DLLS,11,J,17,12,J,0110,1,GS-12,I,XXXX,8,10,F,1,200809,1,"$90,698",36.3
DLLS,25,G,13,12,G,0110,1,GS-12,H,XXXX,8,10,F,1,200809,1,"$89,556",24.8
DLLS,11,C,13,12,C,0110,1,GS-12,F,XXXX,8,15,F,1,200809,1,"$69,764",3.6
DLLS,11,J,14,15,I,0110,1,GS-15,N,XXXX,2,10,F,1,200809,1,"$149,000",34.3
DLLS,25,I,17,13,G,0110,1,GS-13,J,XXXX,2,10,F,1,200809,1,"$103,694",22.9
DLLS,11,C,14,11,B,0110,1,GS-11,E,XXXX,8,15,F,1,200809,1,"$58,206",2.2
DLLS,11,G,17,12,F,0110,1,GS-12,H,XXXX,8,10,F,1,200809,1,"$81,394",17.0
DLLS,11,G,13,13,E,0110,1,GS-13,H,XXXX,8,10,F,1,200809,1,"$88,493",14.8
DLLS,25,I,17,13,I,0110,1,GM-13,J,XXXX,2,10,F,1,200809,1,"$109,300",30.9
DLLS,25,C,13,12,D,0110,1,GS-12,G,XXXX,8,10,F,1,200809,1,"$75,413",5.3
DLLS,25,J,18,15,J,0110,1,GS-15,N,XXXX,8,10,F,1,200809,1,"$148,029",40.4
DLLS,11,K,13,14,J,0110,1,GS-14,L,XXXX,2,10,F,1,200809,1,"$127,442",46.8
DLLS,11,C,13,11,B,0110,1,GS-11,E,XXXX,8,15,F,1,200809,1,"$58,206",2.0
DLLS,11,F,13,13,G,0110,1,GS-13,J,XXXX,8,10,P,2,200809,1,"$107,854",20.0
DLLS,25,B,13,11,B,0110,1,GS-11,E,XXXX,8,15,F,1,200809,1,"$58,986",2.2
DLLS,25,F,13,12,G,0110,1,GS-12,H,XXXX,8,10,F,1,200809,1,"$89,556",20.8
DLLS,11,H,13,12,I,0110,1,GS-12,H,XXXX,8,10,F,1,200809,1,"$86,046",30.3
DLLS,25,J,13,06,B,0119,3,GS-06,C,XXXX,8,15,P,2,200809,1,"$35,866",2.7
DLLS,25,G,13,12,G,0110,1,GS-12,I,XXXX,8,10,F,1,200809,1,"$91,913",22.7
DLLS,25,G,13,12,G,0110,1,GS-12,H,XXXX,8,10,F,1,200809,1,"$84,842",20.8
DLLS,25,C,13,09,B,0110,1,GS-09,D,XXXX,8,32,F,1,200809,1,"$48,753",2.0
DLLS,25,B,13,11,B,0110,1,GS-11,E,XXXX,8,15,F,1,200809,1,"$58,986",2.2
DLLS,11,H,21,,G,0110,1,ES-**,Q,XXXX,2,50,F,1,200809,1,"$171,990",22.2
DLLS,11,G,14,12,E,0110,1,GS-12,G,XXXX,8,10,F,1,200809,1,"$79,068",14.0
DLLS,36,J,17,07,C,0119,3,GS-07,D,XXXX,8,10,P,2,200809,1,"$42,480",3.8
DLLS,12,F,10,07,D,0119,3,GS-07,D,XXXX,8,10,P,2,200809,1,"$42,625",6.6
DLLS,11,C,13,12,D,0110,1,GS-12,G,XXXX,8,10,F,1,200809,1,"$74,416",5.6
DLLS,36,F,13,12,G,0110,1,GS-12,I,XXXX,8,10,F,1,200809,1,"$94,802",21.2
DLLS,48,K,10,07,E,0119,3,GS-07,D,XXXX,8,10,P,2,200809,1,"$49,731",12.2
DLLS,25,J,13,05,C,0119,3,GS-05,C,XXXX,8,15,P,2,200809,1,"$34,320",4.8
DLLS,11,K,21,13,J,0110,1,GS-13,J,XXXX,8,10,F,1,200809,1,"$107,854",37.0
DLLS,25,J,04,07,E,0119,3,GS-07,D,XXXX,8,10,P,2,200809,1,"$47,052",11.3
DLLS,25,I,13,05,B,0119,3,GS-05,C,XXXX,8,15,P,2,200809,1,"$33,644",1.7
DLLS,11,H,13,12,H,0110,1,GS-12,I,XXXX,8,10,F,1,200809,1,"$90,698",29.3
DLLS,25,B,13,09,B,0110,1,GS-09,E,XXXX,8,15,F,1,200809,1,"$50,379",2.1
DLLS,55,F,13,07,C,0110,1,GS-07,D,XXXX,8,15,F,1,200809,1,"$40,508",3.3
DLLS,11,C,13,12,C,0110,1,GS-12,G,XXXX,8,10,F,1,200809,1,"$72,090",4.3
DLLS,42,B,11,09,B,0110,1,GS-09,D,XXXX,8,15,F,1,200809,1,"$47,810",2.3
DLLS,11,C,13,11,B,0110,1,GS-11,E,XXXX,8,15,F,1,200809,1,"$58,206",2.2
DLLS,42,K,04,06,G,0119,3,GS-06,D,XXXX,8,10,P,2,200809,1,"$43,380",23.4
DLLS,11,C,13,13,D,0110,1,GS-13,H,XXXX,8,10,F,1,200809,1,"$82,961",5.2
DLLS,42,D,09,05,B,0119,3,GS-05,C,XXXX,8,15,P,2,200809,1,"$32,196",2.8
DLLS,42,H,08,13,I,0110,1,GS-13,J,XXXX,2,10,F,1,200809,1,"$104,437",30.9
DLLS,42,F,13,12,G,0110,1,GS-12,H,XXXX,8,10,F,1,200809,1,"$85,512",23.8
DLLS,11,F,13,14,F,0110,1,GS-14,K,XXXX,8,10,F,1,200809,1,"$111,104",19.1
DLLS,42,C,17,09,B,0110,1,GS-09,D,XXXX,8,15,F,1,200809,1,"$47,810",2.0
DLLS,11,C,13,09,B,0110,1,GS-09,D,XXXX,8,32,F,1,200809,1,"$48,108",1.6
DLLS,11,D,13,12,D,0110,1,GS-12,G,XXXX,8,10,F,1,200809,1,"$76,742",6.4
DLLS,42,D,14,13,E,0110,1,GS-13,H,XXXX,2,10,F,1,200809,1,"$87,944",10.3
DLLS,11,C,13,12,C,0110,1,GS-12,F,XXXX,8,10,F,1,200809,1,"$69,764",3.6
DLLS,42,K,14,06,E,0119,3,GS-06,D,XXXX,8,10,P,2,200809,1,"$42,208",11.2
DLLS,37,J,13,12,F,0110,1,GS-12,G,XXXX,8,10,F,1,200809,1,"$78,381",15.9
DLLS,11,D,13,13,D,0110,1,GS-13,H,XXXX,8,10,F,1,200809,1,"$85,727",7.2
DLLS,42,C,13,09,B,0110,1,GS-09,D,XXXX,8,32,F,1,200809,1,"$47,810",1.6
DLLS,11,H,13,09,B,0110,1,GS-09,D,XXXX,8,15,F,1,200809,1,"$48,108",2.4
DLLS,42,H,13,06,B,0119,3,GS-06,C,XXXX,8,15,P,2,200809,1,"$35,172",2.2
DLLS,42,C,13,12,D,0110,1,GS-12,G,XXXX,8,10,F,1,200809,1,"$73,955",5.7
DLLS,42,G,13,05,A,0119,3,GS-05,C,XXXX,8,15,P,2,200809,1,"$30,185",0.8
DLLS,11,G,17,12,E,0110,1,GS-12,G,XXXX,8,10,F,1,200809,1,"$79,068",14.3
DLLS,42,H,17,07,E,0119,3,GS-07,D,XXXX,8,10,P,2,200809,1,"$45,598",13.4
DLLS,11,F,17,12,E,0110,1,GS-12,H,XXXX,8,10,F,1,200809,1,"$81,394",10.6
DLLS,04,D,13,05,A,0119,3,GS-05,B,XXXX,8,15,P,2,200809,1,"$29,726",0.3
DLLS,11,C,13,12,C,0110,1,GS-12,F,XXXX,8,10,F,1,200809,1,"$69,764",3.2
DLLS,11,B,09,09,B,0110,1,GS-09,D,XXXX,8,15,F,1,200809,1,"$48,108",2.0
DLLS,11,B,13,11,B,0110,1,GS-11,E,XXXX,8,32,F,1,200809,1,"$58,206",2.3
DLLS,11,J,13,13,I,0110,1,GS-13,J,XXXX,8,10,F,1,200809,1,"$107,854",32.8
DLLS,11,G,17,13,H,0110,1,GS-13,I,XXXX,2,10,F,1,200809,1,"$99,557",25.5
DLLS,11,F,13,12,G,0110,1,GS-12,H,XXXX,8,10,F,1,200809,1,"$86,046",20.2
DLLS,11,I,04,12,F,0110,1,GS-12,H,XXXX,8,10,F,1,200809,1,"$81,394",17.3
DLLS,11,I,13,13,I,0110,1,GS-13,J,XXXX,8,10,F,1,200809,1,"$107,854",33.5
DLLS,11,H,13,12,G,0110,1,GS-12,H,XXXX,8,10,F,1,200809,1,"$88,372",21.8
DLLS,11,H,17,14,H,0110,1,GS-14,K,XXXX,2,10,F,1,200809,1,"$111,104",26.1
DLLS,24,H,13,12,H,0110,1,GS-12,H,XXXX,8,10,F,1,200809,1,"$88,372",25.3
DLLS,42,G,09,05,B,0119,3,GS-05,B,XXXX,8,15,P,2,200809,1,"$29,726",2.2
DLLS,11,G,04,06,G,0119,3,GS-06,D,XXXX,8,10,F,1,200809,1,"$41,291",21.9
DLLS,11,E,13,13,E,0110,1,GS-13,I,XXXX,8,10,F,1,200809,1,"$94,025",13.4
DLLS,11,D,13,13,E,0110,1,GS-13,H,XXXX,8,10,F,1,200809,1,"$88,493",10.5
DLLS,11,C,13,12,C,0110,1,GS-12,F,XXXX,8,10,F,1,200809,1,"$69,764",3.8
DLLS,11,D,14,12,E,0110,1,GS-12,H,XXXX,8,10,F,1,200809,1,"$81,394",10.3
DLLS,11,C,13,12,C,0110,1,GS-12,F,XXXX,8,10,F,1,200809,1,"$69,764",3.8
DLLS,11,C,11,12,D,0110,1,GS-12,G,XXXX,8,10,F,1,200809,1,"$74,416",7.3
DLLS,11,C,13,12,D,0110,1,GS-12,G,XXXX,8,10,F,1,200809,1,"$76,742",7.2
DLLS,11,B,13,11,B,0110,1,GS-11,E,XXXX,8,15,F,1,200809,1,"$58,206",2.0
DLLS,11,B,13,09,B,0110,1,GS-09,D,XXXX,8,15,F,1,200809,1,"$49,712",2.3
DLLS,48,K,13,05,C,0119,3,GS-05,C,XXXX,8,15,P,2,200809,1,"$30,716",4.7
DLLS,11,K,14,12,J,0110,1,GS-12,I,XXXX,8,10,F,1,200809,1,"$90,698",44.1
DLLS,11,E,13,12,C,0110,1,GS-12,F,XXXX,8,10,F,1,200809,1,"$69,764",3.2
DLLS,11,J,13,14,I,0110,1,GS-14,L,XXXX,2,10,F,1,200809,1,"$120,907",32.7
DLLS,11,G,13,14,G,0110,1,GS-14,K,XXXX,2,10,F,1,200809,1,"$114,372",24.1
DLLS,11,G,13,12,H,0110,1,GS-12,I,XXXX,8,10,F,1,200809,1,"$90,698",27.3
DLLS,11,G,13,12,G,0110,1,GS-12,H,XXXX,8,10,F,1,200809,1,"$88,372",23.0
DLLS,11,D,13,14,E,0110,1,GS-14,J,XXXX,2,10,F,1,200809,1,"$104,569",12.3
DLLS,36,K,21,15,D,0110,1,GS-15,N,XXXX,2,10,F,1,200809,1,"$149,000",5.6
DLLS,12,H,07,06,F,0119,3,GS-06,C,XXXX,8,10,P,2,200809,1,"$36,448",16.5
DLLS,11,G,17,13,G,0110,1,GS-13,I,XXXX,8,10,F,1,200809,1,"$99,557",21.4
DLLS,42,G,13,07,D,0119,3,GS-07,D,XXXX,8,10,P,2,200809,1,"$40,503",7.4
DLLS,11,F,13,13,G,0110,1,GS-13,I,XXXX,8,10,F,1,200809,1,"$99,557",20.1
DLLS,11,E,13,12,F,0110,1,GS-12,H,XXXX,8,10,P,2,200809,1,"$83,720",17.3
DLLS,42,J,04,07,F,0119,3,GS-07,D,XXXX,8,10,P,2,200809,1,"$46,900",16.9
DLLS,11,I,14,,I,0110,1,ES-**,P,XXXX,2,50,F,1,200809,1,"$160,968",32.0
DLLS,42,G,13,07,D,0119,3,GS-07,D,XXXX,8,10,P,2,200809,1,"$41,129",6.0
DLLS,11,F,13,14,F,0110,1,GS-14,J,XXXX,2,10,F,1,200809,1,"$107,836",18.8
DLLS,42,J,13,07,D,0119,3,GS-07,D,XXXX,8,10,P,2,200809,1,"$40,503",7.6
DLLS,42,E,13,12,F,0110,1,GS-12,H,XXXX,8,10,F,1,200809,1,"$83,201",17.5
DLLS,11,F,13,12,F,0110,1,GS-12,H,XXXX,8,10,F,1,200809,1,"$81,394",15.3
DLLS,51,E,13,12,F,0110,1,GS-12,G,XXXX,8,10,F,1,200809,1,"$79,918",16.2
DLLS,11,H,17,13,G,0110,1,GS-13,I,XXXX,8,10,F,1,200809,1,"$99,557",20.3
DLLS,42,E,09,05,A,0119,3,GS-05,C,XXXX,8,15,P,2,200809,1,"$30,185",0.9
DLLS,11,G,13,14,G,0110,1,GS-14,L,XXXX,2,10,F,1,200809,1,"$120,907",22.8
DLLS,11,C,13,12,D,0110,1,GS-12,G,XXXX,8,10,F,1,200809,1,"$76,742",6.6
DLLS,41,H,13,13,H,0110,1,GS-13,I,XXXX,8,10,F,1,200809,1,"$97,769",27.9
DLLS,53,J,13,06,D,0119,3,GS-06,D,XXXX,8,10,P,2,200809,1,"$43,239",8.3
DLLS,06,H,13,07,C,0119,3,GS-07,D,XXXX,8,10,P,2,200809,1,"$43,117",3.3
DLLS,11,I,17,13,F,0110,1,GS-13,I,XXXX,8,10,F,1,200809,1,"$99,557",16.6
DLLS,42,F,13,12,E,0110,1,GS-12,G,XXXX,8,10,F,1,200809,1,"$78,578",11.6
DLLS,48,H,17,07,A,0110,1,GS-07,D,XXXX,8,15,F,1,200809,1,"$41,445",0.8
DLLS,41,I,12,13,I,0110,1,GS-13,J,XXXX,8,10,F,1,200809,1,"$100,486",30.3
DLLS,06,I,09,12,J,0110,1,GS-12,I,XXXX,8,10,F,1,200809,1,"$96,881",36.0
DLLS,06,H,17,12,G,0110,1,GS-12,I,XXXX,8,10,F,1,200809,1,"$99,431",22.8
DLLS,06,F,13,13,F,0110,1,GS-13,J,XXXX,2,10,F,1,200809,1,"$103,078",16.5
DLLS,11,H,17,13,C,0110,1,GS-13,H,XXXX,8,10,F,1,200809,1,"$82,961",4.3
DLLS,11,J,14,12,J,0110,1,GS-12,I,XXXX,8,10,F,1,200809,1,"$90,698",40.2
DLLS,11,C,13,12,C,0110,1,GS-12,F,XXXX,8,15,F,1,200809,1,"$69,764",3.3
DLLS,04,D,13,12,D,0110,1,GS-12,G,XXXX,8,10,F,1,200809,1,"$75,046",8.8
DLLS,06,I,13,07,E,0119,3,GS-07,D,XXXX,8,10,P,2,200809,1,"$47,541",12.0
DLLS,53,F,13,12,F,0110,1,GS-12,H,XXXX,8,10,F,1,200809,1,"$85,234",17.4
DLLS,53,C,13,12,D,0110,1,GS-12,G,XXXX,8,10,F,1,200809,1,"$73,715",5.3
DLLS,06,C,13,11,D,0110,1,GS-11,F,XXXX,8,10,F,1,200809,1,"$68,065",5.2
DLLS,53,K,17,07,E,0119,3,GS-07,D,XXXX,8,10,P,2,200809,1,"$49,344",13.3
DLLS,11,F,21,13,D,0110,1,GS-13,I,XXXX,8,10,F,1,200809,1,"$99,557",6.8
DLLS,11,J,21,13,F,0110,1,GS-13,J,XXXX,8,10,F,1,200809,1,"$105,088",16.5
DLLS,06,G,13,12,F,0110,1,GS-12,I,XXXX,8,10,F,1,200809,1,"$94,331",18.4
DLLS,25,D,07,06,B,0119,3,GS-06,C,XXXX,8,15,P,2,200809,1,"$36,293",2.3
DLLS,06,G,13,13,G,0110,1,GS-13,J,XXXX,2,10,F,1,200809,1,"$103,155",20.2
DLLS,11,E,13,11,F,0110,1,GS-11,F,XXXX,8,10,F,1,200809,1,"$62,087",17.0
DLLS,48,I,13,12,E,0110,1,GS-12,G,XXXX,8,10,F,1,200809,1,"$79,946",10.6
DLLS,06,J,13,07,H,0119,3,GS-07,E,XXXX,8,10,P,2,200809,1,"$56,047",29.6
DLLS,11,C,13,12,D,0110,1,GS-12,G,XXXX,8,10,F,1,200809,1,"$74,416",5.3
DLLS,11,I,21,15,F,0110,1,GS-15,M,XXXX,8,10,F,1,200809,1,"$138,383",19.0
DLLS,48,G,13,12,E,0110,1,GS-12,G,XXXX,8,10,F,1,200809,1,"$79,946",11.1
DLLS,41,E,09,07,F,0119,3,GS-07,D,XXXX,8,10,P,2,200809,1,"$41,729",17.8
DLLS,13,C,13,12,D,0110,1,GS-12,G,XXXX,8,10,F,1,200809,1,"$74,463",7.0
DLLS,11,J,21,15,I,0110,1,GS-15,N,XXXX,8,10,F,1,200809,1,"$149,000",30.6
DLLS,11,C,13,12,D,0110,1,GS-12,G,XXXX,8,10,F,1,200809,1,"$72,090",5.1
DLLS,11,E,13,12,D,0110,1,GS-12,H,XXXX,8,10,F,1,200809,1,"$81,394",7.2
DLLS,42,E,13,13,D,0110,1,GS-13,H,XXXX,2,15,F,1,200809,1,"$82,446",8.8
DLLS,06,H,13,05,B,0119,3,GS-05,C,XXXX,8,15,P,2,200809,1,"$33,994",2.3
DLLS,48,H,17,12,F,0110,1,GS-12,G,XXXX,8,10,F,1,200809,1,"$79,946",19.2
DLLS,06,H,13,12,H,0110,1,GS-12,I,XXXX,8,10,F,1,200809,1,"$96,881",28.8
DLLS,06,D,13,12,E,0110,1,GS-12,H,XXXX,8,10,F,1,200809,1,"$89,231",11.2
DLLS,06,B,13,07,A,0110,1,GS-07,D,XXXX,8,15,F,1,200809,1,"$43,117",0.1
DLLS,06,H,04,07,H,0119,3,GS-07,E,XXXX,8,10,P,2,200809,1,"$56,047",28.5
DLLS,41,J,14,07,E,0119,3,GS-07,D,XXXX,8,10,P,2,200809,1,"$46,346",14.1
DLLS,11,I,14,12,I,0110,1,GS-12,I,XXXX,8,10,F,1,200809,1,"$90,698",34.3
DLLS,06,I,13,12,F,0110,1,GS-12,I,XXXX,8,10,F,1,200809,1,"$94,331",18.6
DLLS,11,D,13,13,D,0110,1,GS-13,H,XXXX,8,10,F,1,200809,1,"$85,727",8.6
DLLS,11,G,13,12,G,0110,1,GS-12,G,XXXX,8,10,F,1,200809,1,"$79,068",20.6
DLLS,06,H,13,14,H,0110,1,GS-14,L,XXXX,2,10,F,1,200809,1,"$128,966",28.8
DLLS,11,G,13,12,C,0110,1,GS-12,G,XXXX,8,10,F,1,200809,1,"$72,090",4.5
DLLS,11,D,17,11,D,0110,1,GS-11,E,XXXX,8,15,F,1,200809,1,"$58,206",5.1
DLLS,11,B,13,11,B,0110,1,GS-11,E,XXXX,8,15,F,1,200809,1,"$58,206",2.2
DLLS,17,K,13,07,D,0119,3,GS-07,D,XXXX,8,10,P,2,200809,1,"$45,409",8.8
DLLS,11,G,13,13,F,0110,1,GS-13,I,XXXX,8,10,F,1,200809,1,"$91,259",18.5
DLLS,25,D,13,12,D,0110,1,GS-12,G,XXXX,8,10,F,1,200809,1,"$77,771",7.9
DLLS,11,G,17,12,F,0110,1,GS-12,H,XXXX,8,10,F,1,200809,1,"$83,720",16.3
DLLS,11,D,13,13,D,0110,1,GS-13,I,XXXX,8,10,F,1,200809,1,"$91,259",8.3
DLLS,25,H,13,14,H,0110,1,GS-14,L,XXXX,2,10,F,1,200809,1,"$125,839",29.9
DLLS,11,E,13,13,F,0110,1,GS-13,I,XXXX,8,10,F,1,200809,1,"$96,791",17.1
DLLS,51,F,13,06,C,0119,3,GS-06,C,XXXX,8,15,P,2,200809,1,"$34,911",4.9
DLLS,11,F,13,15,F,0110,1,GS-15,L,XXXX,2,10,F,1,200809,1,"$123,006",18.3
DLLS,11,I,21,14,I,0110,1,GS-14,L,XXXX,2,10,F,1,200809,1,"$127,442",32.0
DLLS,11,G,17,12,G,0110,1,GS-12,H,XXXX,8,10,F,1,200809,1,"$83,720",22.4
DLLS,11,G,04,06,G,0119,3,GS-06,D,XXXX,8,10,F,1,200809,1,"$46,011",22.6
DLLS,11,H,14,12,H,0110,1,GS-12,I,XXXX,8,10,F,1,200809,1,"$90,698",29.3
DLLS,08,K,14,07,F,0119,3,GS-07,D,XXXX,8,10,P,2,200809,1,"$47,248",15.8
DLLS,51,K,04,06,C,0119,3,GS-06,C,XXXX,8,10,P,2,200809,1,"$36,037",3.7
DLLS,11,E,13,12,E,0110,1,GS-12,G,XXXX,8,10,F,1,200809,1,"$79,068",11.5
DLLS,48,K,13,07,G,0119,3,GS-07,E,XXXX,8,10,P,2,200809,1,"$50,215",24.2
DLLS,17,I,13,14,I,0110,1,GS-14,L,XXXX,2,10,F,1,200809,1,"$123,177",34.9
DLLS,17,D,17,12,C,0110,1,GS-12,G,XXXX,8,38,F,1,200809,1,"$71,074",3.1
DLLS,11,C,13,12,D,0110,1,GS-12,G,XXXX,8,10,F,1,200809,1,"$72,090",5.3
DLLS,11,C,13,13,C,0110,1,GS-13,H,XXXX,8,10,F,1,200809,1,"$82,961",4.3
DLLS,55,H,13,09,D,0110,1,GS-09,D,XXXX,8,10,P,2,200809,1,"$49,551",9.5
DLLS,17,D,13,12,D,0110,1,GS-12,H,XXXX,8,10,F,1,200809,1,"$80,553",8.2
DLLS,19,D,13,12,E,0110,1,GS-12,G,XXXX,8,10,F,1,200809,1,"$74,025",10.3
DLLS,17,D,13,12,D,0110,1,GS-12,G,XXXX,8,10,F,1,200809,1,"$78,183",7.0
DLLS,11,J,14,14,J,0110,1,GM-14,L,XXXX,2,10,F,1,200809,1,"$127,442",36.5
DLLS,29,G,13,05,A,0119,3,GS-05,B,XXXX,8,15,P,2,200809,1,"$29,726",0.7
DLLS,29,E,13,13,F,0110,1,GS-13,H,XXXX,8,10,F,1,200809,1,"$85,438",16.3
DLLS,48,I,13,15,I,0110,1,GS-15,M,XXXX,2,10,F,1,200809,1,"$135,922",32.2
DLLS,11,H,04,12,I,0110,1,GS-12,H,XXXX,8,10,F,1,200809,1,"$83,720",30.9
DLLS,29,I,13,12,G,0110,1,GS-12,F,XXXX,8,10,F,1,200809,1,"$65,315",20.9
DLLS,29,H,04,12,I,0110,1,GS-12,H,XXXX,8,10,F,1,200809,1,"$82,736",32.2
DLLS,11,C,17,12,B,0110,1,GS-12,F,XXXX,8,15,F,1,200809,1,"$69,764",2.3
DLLS,29,J,17,12,I,0110,1,GS-12,H,XXXX,8,10,F,1,200809,1,"$84,913",32.6
DLLS,29,J,17,12,H,0110,1,GS-12,H,XXXX,8,10,F,1,200809,1,"$84,913",26.0
DLLS,06,I,14,12,G,0110,1,GS-12,I,XXXX,8,10,F,1,200809,1,"$91,781",24.4
DLLS,29,H,13,12,G,0110,1,GS-12,H,XXXX,8,10,F,1,200809,1,"$82,736",22.8
DLLS,11,H,13,,G,0110,1,ES-**,N,XXXX,2,50,F,1,200809,1,"$146,410",22.5
DLLS,29,K,17,07,F,0119,3,GS-07,D,XXXX,8,10,P,2,200809,1,"$44,183",15.2
DLLS,29,K,08,07,G,0119,3,GS-07,D,XXXX,8,10,P,2,200809,1,"$46,637",22.7
DLLS,29,J,13,13,J,0110,1,GM-13,J,XXXX,2,10,F,1,200809,1,"$100,976",36.9
DLLS,29,K,13,06,D,0119,3,GS-06,C,XXXX,8,10,P,2,200809,1,"$35,344",6.4
DLLS,11,I,13,13,H,0110,1,GS-13,J,XXXX,8,10,F,1,200809,1,"$107,854",29.1
DLLS,48,H,13,05,C,0119,3,GS-05,C,XXXX,8,15,P,2,200809,1,"$31,706",3.3
DLLS,29,D,13,12,E,0110,1,GS-12,G,XXXX,8,10,F,1,200809,1,"$76,203",11.1
DLLS,48,I,13,14,I,0110,1,GS-14,K,XXXX,2,10,F,1,200809,1,"$115,547",34.2
DLLS,29,E,13,12,E,0110,1,GS-12,G,XXXX,8,10,F,1,200809,1,"$74,025",10.1
DLLS,48,H,13,05,D,0119,3,GS-05,C,XXXX,8,15,P,2,200809,1,"$32,225",6.8
DLLS,29,F,13,07,F,0119,3,GS-07,D,XXXX,8,10,P,2,200809,1,"$41,729",17.6
DLLS,17,J,04,07,J,0119,3,GS-07,E,XXXX,8,10,F,1,200809,1,"$52,084",38.4
DLLS,29,J,13,12,H,0110,1,GS-12,G,XXXX,8,10,F,1,200809,1,"$78,381",27.6
DLLS,29,H,15,07,F,0119,3,GS-07,D,XXXX,8,10,P,2,200809,1,"$46,637",19.5
DLLS,29,K,07,05,D,0119,3,GS-05,B,XXXX,8,15,P,2,200809,1,"$29,726",5.7
DLLS,29,I,13,12,E,0110,1,GS-12,G,XXXX,8,10,F,1,200809,1,"$74,025",14.3
DLLS,48,H,13,06,F,0119,3,GS-06,D,XXXX,8,10,P,2,200809,1,"$45,192",19.1
DLLS,29,H,17,13,D,0110,1,GS-13,H,XXXX,2,10,F,1,200809,1,"$80,259",5.7
DLLS,48,F,13,05,F,0119,3,GS-05,D,XXXX,8,10,P,2,200809,1,"$40,537",16.0
DLLS,29,J,13,07,H,0119,3,GS-07,D,XXXX,8,38,P,2,200809,1,"$47,864",28.1
DLLS,29,I,17,07,F,0119,3,GS-07,D,XXXX,8,10,P,2,200809,1,"$42,956",15.6
DLLS,29,G,13,12,F,0110,1,GS-12,G,XXXX,8,10,F,1,200809,1,"$78,381",17.1
DLLS,11,K,22,14,J,0110,1,GS-14,L,XXXX,8,10,F,1,200809,1,"$127,442",39.5
DLLS,11,B,13,09,B,0110,1,GS-09,D,XXXX,8,15,F,1,200809,1,"$48,108",1.3
DLLS,42,I,13,07,D,0119,3,GS-07,D,XXXX,8,10,P,2,200809,1,"$44,296",8.3
DLLS,46,J,13,07,D,0119,3,GS-07,D,XXXX,8,10,P,2,200809,1,"$41,729",8.3
DLLS,11,D,13,12,C,0110,1,GS-12,G,XXXX,8,10,F,1,200809,1,"$74,416",4.2
DLLS,11,G,13,12,G,0110,1,GS-12,H,XXXX,8,10,F,1,200809,1,"$83,720",22.7
DLLS,12,G,13,07,E,0119,3,GS-07,D,XXXX,8,10,P,2,200809,1,"$45,207",11.3
DLLS,11,E,13,12,F,0110,1,GS-12,H,XXXX,8,10,F,1,200809,1,"$86,046",15.6
DLLS,11,F,13,14,F,0110,1,GS-14,K,XXXX,2,10,F,1,200809,1,"$117,639",19.3
DLLS,11,E,13,13,E,0110,1,GS-13,I,XXXX,8,10,F,1,200809,1,"$99,557",11.2
DLLS,11,F,13,13,F,0110,1,GS-13,I,XXXX,8,10,F,1,200809,1,"$94,025",18.2
DLLS,11,F,13,12,E,0110,1,GS-12,H,XXXX,8,10,F,1,200809,1,"$81,394",14.1
DLLS,11,D,13,13,D,0110,1,GS-13,H,XXXX,2,10,F,1,200809,1,"$82,961",8.3
DLLS,11,B,04,11,B,0110,1,GS-11,E,XXXX,8,15,F,1,200809,1,"$58,206",2.1
DLLS,11,F,17,13,E,0110,1,GS-13,H,XXXX,8,10,F,1,200809,1,"$88,493",10.4
DLLS,11,C,13,12,C,0110,1,GS-12,F,XXXX,8,15,F,1,200809,1,"$69,764",3.6
DLLS,06,C,13,05,A,0119,3,GS-05,C,XXXX,8,15,P,2,200809,1,"$32,898",0.2
DLLS,06,B,13,07,A,0110,1,GS-07,D,XXXX,8,15,F,1,200809,1,"$43,117",0.2
DLLS,11,D,13,12,D,0110,1,GS-12,G,XXXX,8,10,F,1,200809,1,"$79,068",8.4
DLLS,11,C,13,11,B,0110,1,GS-11,E,XXXX,8,15,F,1,200809,1,"$58,206",2.4
DLLS,06,C,13,06,B,0119,3,GS-06,C,XXXX,8,15,P,2,200809,1,"$33,135",1.8
DLLS,11,D,17,12,B,0110,1,GS-12,F,XXXX,8,15,F,1,200809,1,"$69,764",2.2
DLLS,06,C,13,12,D,0110,1,GS-12,G,XXXX,8,10,F,1,200809,1,"$79,516",6.1
DLLS,06,B,13,09,B,0110,1,GS-09,E,XXXX,8,15,F,1,200809,1,"$52,740",2.0
DLLS,11,C,13,09,B,0110,1,GS-09,D,XXXX,8,15,F,1,200809,1,"$48,108",1.9
DLLS,06,H,17,12,D,0110,1,GS-12,G,XXXX,8,10,F,1,200809,1,"$79,516",7.8
DLLS,06,B,11,09,B,0110,1,GS-09,E,XXXX,8,15,F,1,200809,1,"$52,740",2.3
DLLS,06,C,13,05,A,0119,3,GS-05,C,XXXX,8,15,P,2,200809,1,"$32,898",0.7
DLLS,11,C,13,12,C,0110,1,GS-12,F,XXXX,8,10,F,1,200809,1,"$69,764",3.5
DLLS,06,C,13,12,C,0110,1,GS-12,G,XXXX,8,10,F,1,200809,1,"$76,482",3.6
DLLS,11,E,13,11,B,0110,1,GS-11,E,XXXX,8,15,F,1,200809,1,"$58,206",2.3
DLLS,06,G,17,12,E,0110,1,GS-12,H,XXXX,8,10,F,1,200809,1,"$89,231",13.4
DLLS,11,B,13,11,B,0110,1,GS-11,E,XXXX,8,15,F,1,200809,1,"$58,206",2.3
DLLS,11,C,13,11,B,0110,1,GS-11,E,XXXX,8,15,F,1,200809,1,"$58,206",2.1
DLLS,11,E,13,13,E,0110,1,GS-13,I,XXXX,8,10,F,1,200809,1,"$91,259",10.3
DLLS,11,C,13,11,C,0110,1,GS-11,E,XXXX,8,32,F,1,200809,1,"$58,206",3.1
DLLS,11,C,13,12,C,0110,1,GS-12,F,XXXX,8,15,F,1,200809,1,"$69,764",3.8
DLLS,11,C,17,11,B,0110,1,GS-11,E,XXXX,8,15,F,1,200809,1,"$58,206",2.8
DLLS,11,J,14,14,J,0110,1,GS-14,L,XXXX,2,10,F,1,200809,1,"$127,442",36.1
DLLS,11,E,13,14,F,0110,1,GS-14,K,XXXX,2,10,F,1,200809,1,"$111,104",16.5
DLLS,11,J,14,13,J,0110,1,GS-13,J,XXXX,8,10,F,1,200809,1,"$107,854",40.3
DLLS,11,F,21,14,D,0110,1,GS-14,L,XXXX,8,10,F,1,200809,1,"$120,907",9.3
DLLS,11,E,13,12,D,0110,1,GS-12,G,XXXX,8,10,F,1,200809,1,"$79,068",9.7
DLLS,42,H,13,14,H,0110,1,GS-14,K,XXXX,2,10,F,1,200809,1,"$116,909",29.9
DLLS,11,H,17,,H,0110,1,ES-**,O,XXXX,2,50,F,1,200809,1,"$150,761",29.8
DLLS,11,D,17,13,C,0110,1,GS-13,H,XXXX,2,10,F,1,200809,1,"$82,961",3.3
DLLS,42,J,13,05,B,0119,3,GS-05,C,XXXX,8,15,P,2,200809,1,"$31,554",1.0
DLLS,11,F,17,13,F,0110,1,GS-13,I,XXXX,8,10,F,1,200809,1,"$96,791",18.0
DLLS,11,F,17,13,F,0110,1,GS-13,I,XXXX,8,10,F,1,200809,1,"$91,259",18.4
DLLS,42,H,09,07,D,0119,3,GS-07,D,XXXX,8,10,P,2,200809,1,"$40,503",7.4
DLLS,11,H,14,15,H,0110,1,GS-15,M,XXXX,8,10,F,1,200809,1,"$138,383",25.2
DLLS,42,F,13,12,F,0110,1,GS-12,I,XXXX,8,10,F,1,200809,1,"$90,135",19.3
DLLS,29,E,13,13,F,0110,1,GS-13,H,XXXX,8,10,F,1,200809,1,"$85,438",16.3
DLLS,06,G,17,12,E,0110,1,GS-12,H,XXXX,8,10,F,1,200809,1,"$84,336",10.4
DLLS,42,J,14,13,J,0110,1,GM-13,J,XXXX,2,10,F,1,200809,1,"$107,185",38.3
DLLS,42,I,13,05,A,0119,3,GS-05,C,XXXX,8,15,P,2,200809,1,"$31,554",0.0
DLLS,11,D,17,13,D,0110,1,GS-13,H,XXXX,8,10,F,1,200809,1,"$82,961",6.8
DLLS,11,C,13,12,D,0110,1,GS-12,G,XXXX,8,15,F,1,200809,1,"$74,416",5.7
DLLS,11,C,13,09,B,0110,1,GS-09,D,XXXX,8,32,F,1,200809,1,"$48,108",1.7
DLLS,36,H,13,07,D,0119,3,GS-07,D,XXXX,8,10,P,2,200809,1,"$47,959",7.4
DLLS,11,F,13,13,F,0110,1,GS-13,J,XXXX,8,10,F,1,200809,1,"$102,323",18.2
DLLS,13,B,13,07,A,0110,1,GS-07,C,XXXX,8,15,F,1,200809,1,"$38,162",0.8
DLLS,06,E,13,14,F,0110,1,GS-14,K,XXXX,2,10,F,1,200809,1,"$118,219",17.3
DLLS,42,H,13,12,G,0110,1,GS-12,H,XXXX,8,10,F,1,200809,1,"$83,201",20.0
DLLS,11,E,13,12,E,0110,1,GS-12,G,XXXX,8,10,F,1,200809,1,"$79,068",11.3
DLLS,25,C,13,09,B,0110,1,GS-09,D,XXXX,8,15,F,1,200809,1,"$48,753",2.8
DLLS,42,D,17,12,C,0110,1,GS-12,G,XXXX,8,10,F,1,200809,1,"$73,955",4.3
DLLS,11,I,13,12,G,0110,1,GS-12,H,XXXX,8,10,F,1,200809,1,"$83,720",21.4
DLLS,42,C,13,12,D,0110,1,GS-12,G,XXXX,8,10,F,1,200809,1,"$78,578",8.1
DLLS,12,J,07,12,G,0110,1,GS-12,G,XXXX,8,10,F,1,200809,1,"$71,848",22.7
DLLS,42,H,13,15,G,0110,1,GS-15,M,XXXX,2,10,F,1,200809,1,"$137,524",24.8
DLLS,42,G,10,07,F,0119,3,GS-07,D,XXXX,8,10,P,2,200809,1,"$46,112",18.8
DLLS,11,D,13,12,D,0110,1,GS-12,G,XXXX,8,10,F,1,200809,1,"$79,068",9.3
DLLS,26,K,13,07,E,0119,3,GS-07,D,XXXX,8,10,P,2,200809,1,"$43,849",10.6
DLLS,42,J,04,06,C,0119,3,GS-06,C,XXXX,8,10,P,2,200809,1,"$34,239",3.8
DLLS,11,H,17,14,G,0110,1,GS-14,L,XXXX,8,10,F,1,200809,1,"$120,907",21.3
DLLS,11,G,13,13,G,0110,1,GS-13,I,XXXX,8,10,F,1,200809,1,"$99,557",23.3
DLLS,42,D,13,12,D,0110,1,GS-12,G,XXXX,8,10,F,1,200809,1,"$75,170",8.0
DLLS,42,F,13,12,F,0110,1,GS-12,G,XXXX,8,10,F,1,200809,1,"$79,592",15.1
DLLS,11,F,17,14,F,0110,1,GS-14,K,XXXX,8,10,F,1,200809,1,"$117,639",18.4
DLLS,42,E,13,13,F,0110,1,GS-13,I,XXXX,2,10,F,1,200809,1,"$98,939",17.3
DLLS,11,F,13,12,G,0110,1,GS-12,H,XXXX,8,10,F,1,200809,1,"$83,720",20.3
DLLS,42,I,13,05,A,0119,3,GS-05,C,XXXX,8,15,P,2,200809,1,"$31,554",0.6
DLLS,42,H,13,13,H,0110,1,GS-13,I,XXXX,2,10,F,1,200809,1,"$98,939",26.9
DLLS,42,B,13,07,A,0110,1,GS-07,C,XXXX,8,32,F,1,200809,1,"$39,086",0.0
DLLS,11,D,13,13,D,0110,1,GS-13,H,XXXX,8,10,F,1,200809,1,"$85,727",7.8
DLLS,11,C,13,12,D,0110,1,GS-12,G,XXXX,8,10,F,1,200809,1,"$76,742",6.1
DLLS,42,H,13,13,H,0110,1,GS-13,I,XXXX,8,10,F,1,200809,1,"$98,939",29.2
DLLS,34,G,04,05,F,0119,3,GS-05,D,XXXX,8,10,P,2,200809,1,"$43,138",17.7
DLLS,13,G,17,14,F,0110,1,GS-14,J,XXXX,2,10,F,1,200809,1,"$107,805",17.4
DLLS,11,F,13,12,C,0110,1,GS-12,G,XXXX,8,10,F,1,200809,1,"$74,416",4.0
DLLS,11,B,04,11,B,0110,1,GS-11,E,XXXX,8,15,F,1,200809,1,"$58,206",2.3
DLLS,42,C,17,11,B,0110,1,GS-11,E,XXXX,8,15,F,1,200809,1,"$57,845",2.3
DLLS,11,D,01,11,D,0110,1,GS-11,E,XXXX,8,15,F,1,200809,1,"$58,206",8.3
DLLS,42,H,04,07,H,0119,3,GS-07,D,XXXX,8,10,P,2,200809,1,"$48,604",29.0
DLLS,42,H,17,12,H,0110,1,GS-12,H,XXXX,8,10,F,1,200809,1,"$85,512",27.4
DLLS,11,H,14,14,H,0110,1,GS-14,K,XXXX,2,10,F,1,200809,1,"$117,639",26.1
DLLS,13,E,13,12,D,0110,1,GS-12,G,XXXX,8,15,F,1,200809,1,"$74,463",7.2
DLLS,11,C,13,05,A,0119,3,GS-05,C,XXXX,8,15,P,2,200809,1,"$31,751",0.6
DLLS,11,K,13,13,J,0110,1,GS-13,J,XXXX,8,10,F,1,200809,1,"$107,854",48.0
DLLS,11,K,17,15,J,0110,1,GS-15,N,XXXX,2,10,F,1,200809,1,"$146,071",44.2
DLLS,31,H,13,05,D,0119,3,GS-05,C,XXXX,8,15,P,2,200809,1,"$33,687",6.4
DLLS,11,F,17,14,E,0110,1,GS-14,J,XXXX,2,10,F,1,200809,1,"$104,569",11.5
DLLS,29,E,17,12,E,0110,1,GS-12,G,XXXX,8,10,F,1,200809,1,"$76,203",11.1
DLLS,06,I,06,05,C,0119,3,GS-05,D,XXXX,8,15,P,2,200809,1,"$42,763",4.5
DLLS,13,C,13,12,C,0110,1,GS-12,F,XXXX,8,10,F,1,200809,1,"$69,950",4.1
DLLS,29,G,17,13,G,0110,1,GS-13,I,XXXX,2,10,F,1,200809,1,"$98,386",23.0
DLLS,31,F,14,12,F,0110,1,GS-12,G,XXXX,8,10,F,1,200809,1,"$78,381",16.2
DLLS,31,E,13,05,A,0119,3,GS-05,B,XXXX,8,15,P,2,200809,1,"$29,726",0.7
DLLS,17,C,13,11,B,0110,1,GS-11,E,XXXX,8,15,F,1,200809,1,"$59,299",2.0
DLLS,41,K,13,07,D,0119,3,GS-07,D,XXXX,8,10,P,2,200809,1,"$43,772",8.8
DLLS,29,I,13,06,C,0119,3,GS-06,C,XXXX,8,10,P,2,200809,1,"$34,239",3.2
DLLS,11,E,17,12,C,0110,1,GS-12,G,XXXX,8,10,F,1,200809,1,"$74,416",4.0
DLLS,20,G,04,06,C,0119,3,GS-06,C,XXXX,8,10,P,2,200809,1,"$34,239",4.3
DLLS,29,E,13,12,G,0110,1,GS-12,G,XXXX,8,10,F,1,200809,1,"$76,203",21.3
DLLS,08,E,17,12,E,0110,1,GS-12,H,XXXX,8,10,F,1,200809,1,"$81,488",10.1
DLLS,48,J,17,,J,0110,1,ES-**,Q,XXXX,2,50,F,1,200809,1,"$172,200",39.4
DLLS,29,I,13,12,J,0110,1,GS-12,G,XXXX,8,10,F,1,200809,1,"$71,848",38.3
DLLS,11,F,17,14,F,0110,1,GS-14,K,XXXX,2,10,F,1,200809,1,"$114,372",17.6
DLLS,11,J,13,12,F,0110,1,GS-12,H,XXXX,8,10,F,1,200809,1,"$86,046",19.2
DLLS,11,H,13,15,I,0110,1,GS-15,M,XXXX,2,10,F,1,200809,1,"$138,383",33.8
DLLS,53,I,17,07,D,0119,3,GS-07,C,XXXX,8,10,P,2,200809,1,"$39,276",8.3
DLLS,20,H,13,07,E,0119,3,GS-07,D,XXXX,8,10,P,2,200809,1,"$44,183",11.6
DLLS,29,G,14,12,F,0110,1,GS-12,G,XXXX,8,10,F,1,200809,1,"$78,381",16.0
DLLS,48,E,13,13,D,0110,1,GS-13,H,XXXX,2,10,F,1,200809,1,"$84,202",9.4
DLLS,13,F,13,12,F,0110,1,GS-12,H,XXXX,8,10,F,1,200809,1,"$81,234",17.3
DLLS,53,D,13,12,D,0110,1,GS-12,G,XXXX,8,10,F,1,200809,1,"$76,018",6.8
DLLS,11,I,17,12,F,0110,1,GS-12,H,XXXX,8,10,F,1,200809,1,"$83,720",15.5
DLLS,48,J,13,14,D,0110,1,GS-14,I,XXXX,2,10,F,1,200809,1,"$99,499",7.0
DLLS,11,J,17,13,F,0110,1,GS-13,J,XXXX,8,10,F,1,200809,1,"$105,088",19.7
DLLS,02,I,17,07,E,0119,3,GS-07,C,XXXX,8,10,P,2,200809,1,"$39,038",13.1
DLMS,51,H,14,14,E,0110,1,GS-14,J,XXXX,8,10,F,1,200809,1,"$107,836",10.8
DLMS,51,K,21,14,G,0110,1,GS-14,L,XXXX,8,10,F,1,200809,1,"$120,907",24.7
DLMS,51,I,17,14,H,0110,1,GS-14,L,XXXX,8,10,F,1,200809,1,"$127,442",29.1
DLPE,11,E,17,13,E,0110,1,GS-13,I,XXXX,8,10,P,2,200809,1,"$94,025",11.3
DLPE,11,G,17,15,G,0110,1,GS-15,N,XXXX,8,10,F,1,200809,1,"$142,227",21.7
DLPE,11,I,17,15,I,0110,1,GS-15,N,XXXX,8,10,F,1,200809,1,"$149,000",32.9
DLPE,11,F,13,14,F,0110,1,GS-14,L,XXXX,8,10,F,1,200809,1,"$127,442",18.9
DLPE,11,F,17,14,F,0110,1,GS-14,J,XXXX,8,10,F,1,200809,1,"$107,836",17.6
DLPE,11,J,17,15,J,0110,1,GS-15,N,XXXX,8,10,F,1,200809,1,"$149,000",37.4
DLPE,11,G,21,,G,0110,1,ES-**,Q,XXXX,2,50,F,1,200809,1,"$170,134",24.5
DLPE,11,E,13,14,E,0110,1,GS-14,J,XXXX,8,10,F,1,200809,1,"$107,836",10.2
DLPE,11,G,17,14,G,0110,1,GS-14,K,XXXX,8,10,F,1,200809,1,"$117,639",23.8
DLPE,11,E,21,14,D,0110,1,GS-14,K,XXXX,8,15,P,2,200809,1,"$111,104",6.7
DLPE,11,J,21,15,C,0110,1,GS-15,M,XXXX,8,10,F,1,200809,1,"$138,383",3.7
DLSH,11,J,14,15,J,0110,1,GM-15,N,XXXX,2,10,F,1,200809,1,"$149,000",38.0
DLSH,11,J,13,13,J,0110,1,GS-13,J,XXXX,8,10,F,1,200809,1,"$107,854",38.6
DLSH,11,C,13,12,D,0110,1,GS-12,F,XXXX,8,10,F,1,200809,1,"$69,764",5.3
DLSH,11,K,18,13,D,0110,1,GS-13,I,XXXX,8,10,F,1,200809,1,"$96,791",9.7
DLSH,11,C,13,11,C,0110,1,GS-11,F,XXXX,8,10,F,1,200809,1,"$60,146",3.0
DLSH,11,G,13,15,G,0110,1,GS-15,M,XXXX,7,10,F,1,200809,1,"$138,383",23.6
DLSH,11,G,21,14,G,0110,1,GS-14,L,XXXX,8,10,F,1,200809,1,"$127,442",21.1
DLSH,11,G,13,13,G,0110,1,GS-13,J,XXXX,8,10,F,1,200809,1,"$107,854",22.0
DLSH,11,J,17,14,E,0110,1,GS-14,L,XXXX,2,10,F,1,200809,1,"$127,442",10.3
DLSH,11,F,17,14,G,0110,1,GS-14,L,XXXX,2,10,F,1,200809,1,"$124,175",20.1
DLSH,11,I,21,14,F,0110,1,GS-14,L,XXXX,8,10,F,1,200809,1,"$127,442",18.4
DLSH,11,J,13,14,I,0110,1,GS-14,L,XXXX,8,10,F,1,200809,1,"$127,442",32.0
DLSH,11,J,19,15,F,0110,1,GS-15,N,XXXX,2,10,F,1,200809,1,"$149,000",17.3
DLSH,11,H,21,13,D,0110,1,GS-13,I,XXXX,8,10,F,1,200809,1,"$96,791",7.7
DLSH,11,D,17,12,A,0110,1,GS-12,F,XXXX,8,15,F,1,200809,1,"$69,764",0.5
DLWB,11,H,13,13,H,0110,1,GS-13,J,XXXX,8,10,F,1,200809,1,"$107,854",28.6
DLWB,11,I,17,13,F,0110,1,GS-13,J,XXXX,8,10,F,1,200809,1,"$107,854",18.3
DN00,11,F,13,13,F,0110,1,GS-13,H,XXXX,8,10,F,1,200809,1,"$82,961",19.0
DN00,11,C,13,13,C,0110,1,GS-13,H,XXXX,8,10,F,1,200809,1,"$82,961",3.3
DN00,41,F,13,14,F,0110,1,GS-14,J,XXXX,5,10,F,1,200809,1,"$109,110",17.3
DN00,41,F,13,13,F,0110,1,GS-13,J,XXXX,8,10,F,1,200809,1,"$100,486",19.6
DN00,11,E,21,13,D,0110,1,GS-13,I,XXXX,8,10,F,1,200809,1,"$91,259",7.3
DN00,11,H,17,13,D,0110,1,GS-13,I,XXXX,8,10,F,1,200809,1,"$94,025",9.9
DN00,11,G,13,13,D,0110,1,GS-13,H,XXXX,8,10,F,1,200809,1,"$85,727",7.1
DN00,11,I,21,14,G,0110,1,GS-14,K,XXXX,7,10,F,1,200809,1,"$117,639",22.7
DN00,11,D,17,12,B,0110,1,GS-12,F,XXXX,8,15,F,1,200809,1,"$69,764",1.3
DN00,11,F,17,13,D,0110,1,GS-13,H,XXXX,8,15,F,1,200809,1,"$82,961",7.7
DN00,11,F,13,13,D,0110,1,GS-13,I,XXXX,8,10,F,1,200809,1,"$91,259",7.5
DN00,11,B,13,07,A,0110,1,GS-07,C,XXXX,8,15,F,1,200809,1,"$39,330",0.5
DN00,11,I,17,14,I,0110,1,GS-14,L,XXXX,8,10,F,1,200809,1,"$120,907",33.2
DN00,11,K,21,15,F,0110,1,GS-15,N,XXXX,5,10,F,1,200809,1,"$146,071",16.8
DN00,11,H,17,13,D,0110,1,GS-13,I,XXXX,8,10,F,1,200809,1,"$99,557",9.0
DN00,11,E,17,13,C,0110,1,GS-13,H,XXXX,8,10,F,1,200809,1,"$82,961",3.9
DN00,11,J,17,13,F,0110,1,GS-13,J,XXXX,8,10,F,1,200809,1,"$105,088",19.3
DN00,11,C,14,11,B,0110,1,GS-11,E,XXXX,8,32,F,1,200809,1,"$58,206",1.9
DN00,11,G,18,15,F,0110,1,GS-15,N,XXXX,8,10,F,1,200809,1,"$149,000",19.5
DN00,11,C,13,11,B,0110,1,GS-11,E,XXXX,8,15,F,1,200809,1,"$58,206",2.3
DN00,11,F,17,13,F,0110,1,GS-13,I,XXXX,8,10,F,1,200809,1,"$99,557",16.5
DN00,11,K,21,15,G,0110,1,GS-15,N,XXXX,5,10,F,1,200809,1,"$149,000",24.3
DN00,11,G,13,15,D,0110,1,GS-15,N,XXXX,4,10,F,1,200809,1,"$149,000",5.4
DN00,11,I,17,14,F,0110,1,GS-14,L,XXXX,8,10,F,1,200809,1,"$124,175",18.3
DN00,11,H,21,14,D,0110,1,GS-14,K,XXXX,8,10,F,1,200809,1,"$114,372",7.6
DN00,11,C,13,12,C,0110,1,GS-12,F,XXXX,8,10,F,1,200809,1,"$69,764",3.9
DN00,11,D,21,13,B,0110,1,GS-13,H,XXXX,8,15,F,1,200809,1,"$82,961",2.8
DN00,11,B,17,12,B,0110,1,GS-12,F,XXXX,8,15,F,1,200809,1,"$69,764",2.0
DN00,11,J,21,,I,0110,1,EJ-05,O,XXXX,5,38,F,1,200809,1,"$158,500",34.1
DN00,11,C,17,11,B,0110,1,GS-11,E,XXXX,8,15,F,1,200809,1,"$58,206",1.1
DN00,11,I,21,15,G,0110,1,GS-15,N,XXXX,8,10,F,1,200809,1,"$149,000",21.1
DN00,11,I,17,15,I,0110,1,GS-15,N,XXXX,4,10,F,1,200809,1,"$146,071",31.0
DN00,11,I,21,14,I,0110,1,GS-14,L,XXXX,8,10,F,1,200809,1,"$120,907",30.7
DN00,11,I,13,15,F,0110,1,GS-15,M,XXXX,8,15,F,1,200809,1,"$130,694",15.3
DN00,11,H,17,14,D,0110,1,GS-14,L,XXXX,4,10,F,1,200809,1,"$127,442",5.8
DN00,11,C,17,09,A,0110,1,GS-09,D,XXXX,8,32,F,1,200809,1,"$48,108",0.2
DN00,11,I,18,15,I,0110,1,GS-15,N,XXXX,8,10,F,1,200809,1,"$149,000",30.0
DN00,11,H,21,14,E,0110,1,GS-14,K,XXXX,8,10,F,1,200809,1,"$111,104",13.8
DN00,11,D,17,14,D,0110,1,GS-14,I,XXXX,8,10,F,1,200809,1,"$98,033",7.8
DN00,11,J,19,13,G,0110,1,GS-13,J,XXXX,8,10,F,1,200809,1,"$107,854",20.9
DN00,11,J,17,13,D,0110,1,GS-13,H,XXXX,8,15,F,1,200809,1,"$85,727",6.6
DN00,11,D,16,11,B,0110,1,GS-11,F,XXXX,8,38,F,1,200809,1,"$64,027",1.4
DN00,11,I,13,14,J,0110,1,GS-14,L,XXXX,8,10,F,1,200809,1,"$127,442",37.4
DN00,11,D,17,11,D,0110,1,GS-11,E,XXXX,8,15,F,1,200809,1,"$58,206",5.8
DN00,11,H,17,14,G,0110,1,GS-14,K,XXXX,6,10,F,1,200809,1,"$117,639",24.2
DN00,11,E,17,13,D,0110,1,GS-13,I,XXXX,8,10,F,1,200809,1,"$94,025",8.2
DN00,11,E,17,15,E,0110,1,GS-15,L,XXXX,2,10,F,1,200809,1,"$126,850",12.3
DN00,11,I,18,15,I,0110,1,GS-15,M,XXXX,8,10,F,1,200809,1,"$134,538",31.0
DN00,11,F,13,14,D,0110,1,GS-14,J,XXXX,8,10,F,1,200809,1,"$107,836",6.0
DN00,11,H,22,14,G,0110,1,GS-14,L,XXXX,8,10,F,1,200809,1,"$127,442",21.2
DN00,11,K,21,15,J,0110,1,GS-15,N,XXXX,8,10,F,1,200809,1,"$146,071",37.3
DN00,11,C,13,11,B,0110,1,GS-11,E,XXXX,8,15,F,1,200809,1,"$58,206",2.3
DN00,11,J,18,15,I,0110,1,GS-15,N,XXXX,8,10,F,1,200809,1,"$149,000",33.2
DN00,11,K,17,15,J,0110,1,GS-15,N,XXXX,5,10,F,1,200809,1,"$149,000",39.3
DN00,11,J,13,15,J,0110,1,GS-15,N,XXXX,8,10,F,1,200809,1,"$149,000",37.7
DN00,11,J,13,14,F,0110,1,GS-14,K,XXXX,8,10,F,1,200809,1,"$117,639",15.8
DN00,11,J,21,14,J,0110,1,GS-14,L,XXXX,5,10,F,1,200809,1,"$127,442",35.2
DN00,11,D,13,15,D,0110,1,GS-15,K,XXXX,8,10,F,1,200809,1,"$119,161",7.3
DN00,11,C,13,13,C,0110,1,GS-13,H,XXXX,8,10,F,1,200809,1,"$82,961",4.3
DN00,11,C,17,09,B,0110,1,GS-09,D,XXXX,8,15,F,1,200809,1,"$48,108",1.3
DN00,11,C,17,12,B,0110,1,GS-12,F,XXXX,8,15,F,1,200809,1,"$69,764",2.2
DN00,11,E,17,12,D,0110,1,GS-12,F,XXXX,8,15,F,1,200809,1,"$69,764",5.9
DN00,41,C,17,09,D,0110,1,GS-09,F,XXXX,8,10,F,1,200809,1,"$61,423",6.3
DN00,11,H,17,14,D,0110,1,GS-14,K,XXXX,8,10,F,1,200809,1,"$117,639",6.6
DN00,11,H,17,15,D,0110,1,GS-15,N,XXXX,2,10,F,1,200809,1,"$149,000",6.2
DN00,11,G,21,15,F,0110,1,GS-15,M,XXXX,2,10,F,1,200809,1,"$134,538",15.6
DN00,11,C,17,09,A,0110,1,GS-09,D,XXXX,8,15,F,1,200809,1,"$48,108",0.2
DN00,41,I,18,13,H,0110,1,GS-13,J,XXXX,8,10,F,1,200809,1,"$105,918",28.3
DN00,11,C,17,09,A,0110,1,GS-09,D,XXXX,8,30,F,1,200809,1,"$48,108",0.9
DN00,41,H,18,13,F,0110,1,GS-13,I,XXXX,8,10,F,1,200809,1,"$95,053",19.9
DN00,11,C,17,13,B,0110,1,GS-13,H,XXXX,8,15,F,1,200809,1,"$85,727",1.5
DN00,11,K,21,15,I,0110,1,GS-15,N,XXXX,8,10,F,1,200809,1,"$149,000",33.0
DN00,11,E,17,13,D,0110,1,GS-13,H,XXXX,8,10,F,1,200809,1,"$88,493",6.5
DN00,11,H,13,13,I,0110,1,GS-13,J,XXXX,8,10,F,1,200809,1,"$105,088",31.2
DN00,41,E,17,14,D,0110,1,GS-14,K,XXXX,5,10,F,1,200809,1,"$112,319",6.7
DN00,11,G,17,14,F,0110,1,GS-14,K,XXXX,8,10,F,1,200809,1,"$117,639",19.9
DN00,11,C,13,11,B,0110,1,GS-11,E,XXXX,8,38,F,1,200809,1,"$58,206",1.7
DN00,11,C,13,11,C,0110,1,GS-11,E,XXXX,8,10,F,1,200809,1,"$58,206",3.9
DN00,11,H,18,15,F,0110,1,GS-15,N,XXXX,8,10,F,1,200809,1,"$149,000",18.9
DN00,11,C,13,13,C,0110,1,GS-13,H,XXXX,8,10,F,1,200809,1,"$82,961",4.1
DN00,11,D,13,12,D,0110,1,GS-12,G,XXXX,8,10,F,1,200809,1,"$74,416",7.4
DN00,11,B,17,09,A,0110,1,GS-09,D,XXXX,8,32,F,1,200809,1,"$48,108",0.3
DN00,11,K,21,15,I,0110,1,GM-15,N,XXXX,5,10,F,1,200809,1,"$149,000",32.5
DN00,11,J,21,15,I,0110,1,GM-15,N,XXXX,5,10,F,1,200809,1,"$149,000",32.0
DN00,11,B,13,09,B,0110,1,GS-09,D,XXXX,8,15,F,1,200809,1,"$48,108",1.3
DN00,11,J,17,14,E,0110,1,GS-14,K,XXXX,8,10,F,1,200809,1,"$117,639",14.4
DN00,11,C,13,13,C,0110,1,GS-13,H,XXXX,8,10,P,2,200809,1,"$82,961",4.3
DN00,11,F,17,15,F,0110,1,GS-15,N,XXXX,8,15,F,1,200809,1,"$149,000",18.2
DN00,11,F,17,14,D,0110,1,GS-14,J,XXXX,8,10,F,1,200809,1,"$104,569",8.0
DN00,11,C,17,11,B,0110,1,GS-11,E,XXXX,8,15,F,1,200809,1,"$58,206",1.9
DN00,11,D,13,12,D,0110,1,GS-12,G,XXXX,8,15,F,1,200809,1,"$72,090",6.3
DN00,11,F,21,15,D,0110,1,GS-15,M,XXXX,8,10,F,1,200809,1,"$130,694",5.6
DN00,11,G,17,13,G,0110,1,GS-13,I,XXXX,8,10,F,1,200809,1,"$99,557",22.7
DN00,11,B,11,09,B,0110,1,GS-09,D,XXXX,8,15,F,1,200809,1,"$48,108",1.5
DN00,11,I,13,14,I,0110,1,GS-14,L,XXXX,8,10,F,1,200809,1,"$127,442",34.6
DN00,11,G,17,13,D,0110,1,GS-13,H,XXXX,8,10,F,1,200809,1,"$88,493",8.2
DN00,11,I,13,14,J,0110,1,GS-14,K,XXXX,8,10,F,1,200809,1,"$117,639",36.1
DN00,41,I,18,13,I,0110,1,GS-13,J,XXXX,8,10,F,1,200809,1,"$105,918",32.0
DN00,11,H,13,13,I,0110,1,GS-13,J,XXXX,8,10,F,1,200809,1,"$107,854",31.4
DN00,11,I,17,14,G,0110,1,GS-14,L,XXXX,8,10,P,2,200809,1,"$127,442",24.0
DN00,11,C,13,11,C,0110,1,GS-11,F,XXXX,8,15,F,1,200809,1,"$60,146",3.2
DN00,41,J,18,12,H,0110,1,GS-12,H,XXXX,8,10,F,1,200809,1,"$89,070",27.3
DN00,11,J,18,14,I,0110,1,GS-14,L,XXXX,8,10,F,1,200809,1,"$127,442",33.3
DN00,11,C,17,12,B,0110,1,GS-12,F,XXXX,8,15,F,1,200809,1,"$69,764",2.3
DN00,11,C,13,11,B,0110,1,GS-11,E,XXXX,8,32,F,1,200809,1,"$58,206",2.7
DN00,54,C,14,13,D,0110,1,GS-13,H,XXXX,8,10,F,1,200809,1,"$80,259",7.5
DN00,42,F,21,14,E,0110,1,GS-14,J,XXXX,8,10,F,1,200809,1,"$105,626",13.6
DN00,11,J,21,,B,0110,1,EJ-04,O,XXXX,8,48,F,2,200809,1,"$156,831",2.6
DN00,11,H,17,14,H,0110,1,GS-14,L,XXXX,8,10,F,1,200809,1,"$120,907",29.6
DN00,11,D,17,13,C,0110,1,GS-13,H,XXXX,8,10,F,1,200809,1,"$82,961",3.7
DN00,24,I,17,15,I,0110,1,GS-15,N,XXXX,8,10,F,1,200809,1,"$146,071",33.1
DN00,11,E,21,13,E,0110,1,GS-13,H,XXXX,8,15,F,1,200809,1,"$82,961",10.7
DN00,11,I,21,15,F,0110,1,GS-15,L,XXXX,7,10,F,1,200809,1,"$123,006",16.8
DN00,11,C,13,11,B,0110,1,GS-11,E,XXXX,8,10,F,1,200809,1,"$58,206",2.3
DN00,11,F,17,13,C,0110,1,GS-13,H,XXXX,8,15,F,1,200809,1,"$82,961",3.3
DN00,11,J,17,14,J,0110,1,GS-14,L,XXXX,8,10,F,1,200809,1,"$127,442",35.5
DN00,41,F,14,14,F,0110,1,GS-14,J,XXXX,5,10,F,1,200809,1,"$105,901",19.5
DN00,11,C,17,12,C,0110,1,GS-12,F,XXXX,8,15,F,1,200809,1,"$69,764",3.3
DN00,11,C,17,12,D,0110,1,GS-12,G,XXXX,8,15,F,1,200809,1,"$72,090",5.1
DN00,11,C,13,12,C,0110,1,GS-12,F,XXXX,8,10,F,1,200809,1,"$69,764",3.6
DN00,11,C,14,09,A,0110,1,GS-09,D,XXXX,8,32,F,1,200809,1,"$48,108",0.3
DN00,11,J,17,12,C,0110,1,GS-12,H,XXXX,8,15,F,1,200809,1,"$86,046",4.3
DN00,11,K,21,,I,0110,1,ES-**,Q,XXXX,2,50,F,1,200809,1,"$170,200",33.1
DN00,11,E,13,13,D,0110,1,GS-13,I,XXXX,8,10,F,1,200809,1,"$91,259",7.2
DN00,41,D,13,13,D,0110,1,GS-13,H,XXXX,8,10,F,1,200809,1,"$81,472",6.3
DN00,11,G,21,13,D,0110,1,GS-13,I,XXXX,8,10,F,1,200809,1,"$94,025",7.8
DN00,11,I,17,14,J,0110,1,GS-14,K,XXXX,8,10,F,1,200809,1,"$117,639",35.9
DN00,11,H,21,15,F,0110,1,GS-15,N,XXXX,8,10,F,1,200809,1,"$149,000",17.1
DN00,11,D,17,13,B,0110,1,GS-13,H,XXXX,8,15,F,1,200809,1,"$85,727",1.4
DN00,11,J,21,15,G,0110,1,GS-15,N,XXXX,8,10,F,1,200809,1,"$149,000",21.1
DN00,11,B,17,09,A,0110,1,GS-09,D,XXXX,8,32,F,1,200809,1,"$48,108",0.3
DN00,11,C,13,11,C,0110,1,GS-11,E,XXXX,8,15,F,1,200809,1,"$58,206",3.1
DN00,41,I,17,13,H,0110,1,GS-13,J,XXXX,8,10,F,1,200809,1,"$100,486",27.2
DN00,11,H,13,14,H,0110,1,GS-14,L,XXXX,8,10,F,1,200809,1,"$127,442",28.0
DN00,11,C,13,12,D,0110,1,GS-12,F,XXXX,8,10,F,1,200809,1,"$69,764",7.0
DN00,11,E,21,13,C,0110,1,GS-13,H,XXXX,8,15,F,1,200809,1,"$82,961",3.1
DN00,11,K,21,15,H,0110,1,GS-15,N,XXXX,4,10,F,1,200809,1,"$149,000",29.3
DN00,11,D,17,13,D,0110,1,GS-13,H,XXXX,8,15,F,1,200809,1,"$88,493",7.5
DN00,11,C,14,13,C,0110,1,GS-13,H,XXXX,8,10,P,2,200809,1,"$82,961",4.1
DN00,53,H,17,13,G,0110,1,GS-13,I,XXXX,8,10,F,1,200809,1,"$95,797",24.0
DN00,11,D,17,13,C,0110,1,GS-13,H,XXXX,8,10,F,1,200809,1,"$82,961",3.7
DN00,11,H,17,13,H,0110,1,GS-13,J,XXXX,8,10,F,1,200809,1,"$102,323",27.7
DN00,41,I,17,14,I,0110,1,GS-14,K,XXXX,5,10,F,1,200809,1,"$115,528",32.5
DN00,11,C,13,12,C,0110,1,GS-12,G,XXXX,8,15,F,1,200809,1,"$72,090",3.5
DN00,11,J,21,,I,0110,1,SL-00,O,XXXX,8,10,F,1,200809,1,"$158,500",30.3
DN00,11,H,17,14,G,0110,1,GS-14,L,XXXX,8,10,F,1,200809,1,"$127,442",20.8
DN00,11,H,13,13,H,0110,1,GS-13,J,XXXX,8,10,F,1,200809,1,"$107,854",28.7
DN00,11,J,17,15,F,0110,1,GS-15,M,XXXX,8,10,F,1,200809,1,"$130,694",17.9
DN00,11,B,13,11,B,0110,1,GS-11,E,XXXX,8,15,F,1,200809,1,"$58,206",2.3
DN00,11,I,17,13,F,0110,1,GS-13,J,XXXX,8,10,F,1,200809,1,"$107,854",19.0
DN00,11,G,17,15,D,0110,1,GS-15,N,XXXX,2,15,F,1,200809,1,"$149,000",5.5
DN00,11,J,21,13,E,0110,1,GS-13,I,XXXX,8,10,F,1,200809,1,"$99,557",13.3
DN00,41,C,13,12,C,0110,1,GS-12,F,XXXX,8,10,F,1,200809,1,"$68,512",3.0
DN00,11,G,13,,D,0110,1,ES-**,P,XXXX,2,50,F,1,200809,1,"$166,900",6.1
DN00,11,G,17,15,G,0110,1,GS-15,N,XXXX,8,10,P,2,200809,1,"$149,000",20.1
DN00,11,J,21,15,J,0110,1,GS-15,N,XXXX,8,10,F,1,200809,1,"$149,000",35.4
DN00,53,H,17,13,H,0110,1,GS-13,I,XXXX,8,10,F,1,200809,1,"$98,386",28.1
DN00,11,G,17,12,D,0110,1,GS-12,G,XXXX,8,10,F,1,200809,1,"$79,068",7.4
DN00,11,J,17,14,I,0110,1,GS-14,L,XXXX,8,10,F,1,200809,1,"$127,442",30.1
DN00,11,H,21,13,D,0110,1,GS-13,I,XXXX,8,10,F,1,200809,1,"$94,025",5.3
DN00,11,I,21,15,I,0110,1,GS-15,N,XXXX,8,10,F,1,200809,1,"$149,000",34.1
DN00,11,C,04,09,A,0110,1,GS-09,E,XXXX,8,15,F,1,200809,1,"$51,317",0.3
DN00,11,G,17,13,G,0110,1,GS-13,J,XXXX,8,10,F,1,200809,1,"$107,854",20.6
DN00,11,D,17,14,D,0110,1,GS-14,I,XXXX,8,10,F,1,200809,1,"$98,033",5.0
DN00,11,F,17,13,C,0110,1,GS-13,J,XXXX,8,15,F,1,200809,1,"$107,854",4.6
DN00,11,G,21,14,D,0110,1,GS-14,K,XXXX,8,10,F,1,200809,1,"$111,104",6.9
DN00,11,E,17,13,C,0110,1,GS-13,H,XXXX,8,10,F,1,200809,1,"$88,493",3.8
DN00,11,C,13,13,C,0110,1,GS-13,H,XXXX,8,10,F,1,200809,1,"$82,961",4.2
EB00,11,E,17,13,D,0110,1,GS-13,H,XXXX,8,10,F,1,200809,1,"$85,727",5.0
EB00,11,H,17,14,I,0110,1,GS-14,L,XXXX,8,10,F,1,200809,1,"$127,442",30.0
EB00,11,G,21,13,D,0110,1,GS-13,I,XXXX,8,10,F,1,200809,1,"$96,791",8.1
EB00,11,F,13,13,F,0110,1,GS-13,J,XXXX,8,10,F,1,200809,1,"$102,323",17.3
EB00,11,H,17,15,G,0110,1,GS-15,M,XXXX,2,10,F,1,200809,1,"$138,383",23.8
EB00,11,F,13,13,E,0110,1,GS-13,I,XXXX,8,10,F,1,200809,1,"$96,791",14.8
EDED,11,J,18,12,J,0110,1,GS-12,I,XXXX,8,10,F,1,200809,1,"$90,698",38.7
EDER,11,G,21,15,D,0110,1,GS-15,M,XXXX,8,10,F,1,200809,1,"$130,694",9.3
EDER,11,G,17,15,D,0110,1,GS-15,N,XXXX,8,10,F,1,200809,1,"$149,000",9.0
EDER,11,H,21,13,G,0110,1,GS-13,J,XXXX,8,10,F,1,200809,1,"$107,854",21.4
EE00,11,J,17,14,J,0110,1,GS-14,L,XXXX,8,10,F,1,200809,1,"$127,442",39.8
EE00,11,K,17,15,I,0110,1,GS-15,N,XXXX,8,10,F,1,200809,1,"$149,000",32.3
EE00,13,E,18,13,E,0110,1,GS-13,H,XXXX,8,15,F,1,200809,1,"$83,181",11.5
EP00,11,G,21,,C,0110,1,EF-00,K,XXXX,8,48,I,2,200809,1,"$110,256",3.6
EP00,11,J,21,,D,0110,1,ED-00,K,XXXX,8,48,I,2,200809,1,"$110,256",5.8
EP00,11,F,21,14,E,0110,1,GS-14,K,XXXX,8,10,F,1,200809,1,"$117,639",11.1
EP00,11,H,21,,A,0110,1,ED-00,K,XXXX,8,48,I,2,200809,1,"$110,256",0.6
EP00,11,K,21,,B,0110,1,ED-00,K,XXXX,8,48,I,2,200809,1,"$110,256",1.8
EP00,51,H,17,15,G,0110,1,GS-15,N,XXXX,7,10,F,1,200809,1,"$142,227",22.6
EP00,11,I,22,,B,0110,1,ED-00,M,XXXX,8,48,I,2,200809,1,"$139,766",2.3
EP00,11,I,21,,C,0110,1,ED-00,K,XXXX,8,48,I,2,200809,1,"$110,256",4.8
EP00,11,I,21,,D,0110,1,EF-00,K,XXXX,8,48,I,2,200809,1,"$110,256",7.5
EP00,11,K,21,,D,0110,1,ED-00,K,XXXX,8,48,I,2,200809,1,"$110,256",7.8
EP00,11,F,21,,B,0110,1,EH-00,J,XXXX,8,48,I,2,200809,1,"$104,350",2.3
EP00,11,I,21,14,F,0110,1,GS-14,L,XXXX,8,10,F,1,200809,1,"$127,442",16.3
EP00,11,J,,,D,0110,1,ED-00,K,XXXX,8,48,I,2,200809,1,"$110,256",7.2
EP00,11,J,21,,B,0110,1,ED-00,L,XXXX,8,48,I,2,200809,1,"$129,018",1.9
EP00,11,G,17,13,F,0110,1,GS-13,J,XXXX,8,10,F,1,200809,1,"$105,088",15.9
EP00,11,F,21,15,E,0110,1,GS-15,M,XXXX,2,10,F,1,200809,1,"$130,694",11.8
EP00,11,H,21,14,G,0110,1,GS-14,L,XXXX,8,10,F,1,200809,1,"$127,442",23.4
EP00,11,F,21,15,E,0110,1,GS-15,M,XXXX,8,10,F,1,200809,1,"$130,694",11.1
EP00,11,K,22,,D,0110,1,EF-00,K,XXXX,8,48,I,2,200809,1,"$110,256",7.3
EP00,11,F,14,14,F,0110,1,GS-14,L,XXXX,8,10,F,1,200809,1,"$120,907",17.3
EP00,11,F,18,14,F,0110,1,GS-14,K,XXXX,8,10,P,2,200809,1,"$117,639",16.3
EP00,11,J,21,13,G,0110,1,GS-13,I,XXXX,8,10,F,1,200809,1,"$96,791",22.0
EP00,11,G,21,15,F,0110,1,GS-15,M,XXXX,8,10,F,1,200809,1,"$138,383",18.5
EP00,11,G,21,,A,0110,1,ED-00,K,XXXX,8,48,I,2,200809,1,"$110,256",0.6
EP00,51,H,14,14,G,0110,1,GS-14,L,XXXX,8,10,F,1,200809,1,"$127,442",23.0
EP00,11,D,21,12,B,0110,1,GS-12,G,XXXX,8,15,F,1,200809,1,"$72,090",1.0
EP00,51,E,18,15,E,0110,1,GS-15,K,XXXX,2,10,F,1,200809,1,"$119,161",10.2
EP00,11,D,21,12,A,0110,1,GS-12,H,XXXX,8,40,F,2,200809,1,"$86,046",0.2
EP00,11,D,17,13,B,0110,1,GS-13,H,XXXX,8,10,F,1,200809,1,"$85,727",1.7
EP00,37,E,21,12,B,0110,1,GS-12,F,XXXX,8,40,F,2,200809,1,"$69,663",1.0
EP00,11,E,21,15,D,0110,1,GS-15,K,XXXX,8,10,F,1,200809,1,"$119,161",7.4
EP00,51,K,21,13,I,0110,1,GS-13,J,XXXX,8,10,P,2,200809,1,"$107,854",31.9
EP00,11,J,21,,D,0110,1,ED-00,K,XXXX,8,48,I,2,200809,1,"$110,256",5.0
EP00,11,F,21,14,E,0110,1,GS-14,K,XXXX,8,10,F,1,200809,1,"$117,639",11.7
EP00,11,H,21,,D,0110,1,ED-00,K,XXXX,8,48,I,2,200809,1,"$110,256",7.6
EP00,11,D,22,14,D,0110,1,GS-14,I,XXXX,8,10,F,1,200809,1,"$98,033",5.1
EP00,11,J,21,14,J,0110,1,GS-14,L,XXXX,8,10,F,1,200809,1,"$127,442",36.3
EP00,11,J,22,,C,0110,1,ED-00,K,XXXX,8,48,I,2,200809,1,"$110,256",4.6
EP00,53,J,17,13,G,0110,1,GS-13,J,XXXX,8,10,F,1,200809,1,"$106,837",22.9
EP00,11,J,21,13,H,0110,1,GS-13,J,XXXX,8,10,F,1,200809,1,"$107,854",27.2
EP00,11,B,17,09,A,0110,1,GS-09,D,XXXX,8,32,F,1,200809,1,"$48,108",0.1
EP00,11,H,21,,D,0110,1,EF-00,K,XXXX,8,48,I,2,200809,1,"$110,256",7.4
EP00,51,G,17,14,F,0110,1,GS-14,K,XXXX,8,10,F,1,200809,1,"$114,372",16.6
EP00,39,F,21,14,D,0110,1,GS-14,J,XXXX,8,10,F,1,200809,1,"$105,053",8.1
EP00,11,G,18,15,E,0110,1,GS-15,N,XXXX,2,10,F,1,200809,1,"$146,071",14.5
EP00,51,D,18,11,A,0110,1,GS-11,E,XXXX,8,15,F,1,200809,1,"$58,206",0.2
EP00,51,K,21,13,H,0110,1,GS-13,J,XXXX,8,10,P,2,200809,1,"$105,088",26.7
EP00,11,C,17,12,D,0110,1,GS-12,G,XXXX,8,10,F,1,200809,1,"$74,416",5.1
EP00,11,E,17,13,E,0110,1,GS-13,I,XXXX,8,10,F,1,200809,1,"$94,025",10.5
EP00,11,J,21,15,I,0110,1,GS-15,N,XXXX,8,10,F,1,200809,1,"$142,227",31.8
EP00,11,H,21,14,F,0110,1,GS-14,K,XXXX,8,10,F,1,200809,1,"$117,639",15.6
EP00,11,G,21,13,E,0110,1,GS-13,I,XXXX,8,10,F,1,200809,1,"$99,557",10.3
EP00,11,J,17,13,F,0110,1,GS-13,I,XXXX,8,10,F,1,200809,1,"$99,557",17.8
EP00,51,F,21,13,C,0110,1,GS-13,H,XXXX,8,10,F,1,200809,1,"$88,493",3.7
EP00,11,G,21,15,E,0110,1,GS-15,L,XXXX,8,10,P,2,200809,1,"$126,850",11.3
EP00,11,H,18,,D,0110,1,ED-00,K,XXXX,8,48,I,2,200809,1,"$110,256",7.8
EP00,11,H,,,C,0110,1,EF-00,K,XXXX,8,48,I,2,200809,1,"$110,256",4.3
EP00,11,I,12,,D,0110,1,EF-00,K,XXXX,8,48,I,2,200809,1,"$110,256",7.9
EP00,11,G,17,14,G,0110,1,GS-14,L,XXXX,8,10,F,1,200809,1,"$127,442",20.8
EP00,51,G,17,13,F,0110,1,GS-13,I,XXXX,8,10,F,1,200809,1,"$99,557",16.3
EP00,11,H,22,,C,0110,1,ED-00,M,XXXX,8,48,I,2,200809,1,"$135,133",3.2
EP00,39,E,22,13,D,0110,1,GS-13,I,XXXX,8,10,F,1,200809,1,"$91,598",7.7
EP00,11,J,22,,D,0110,1,ED-00,K,XXXX,8,48,I,2,200809,1,"$110,256",8.0
EP00,51,J,18,14,I,0110,1,GS-14,L,XXXX,8,10,F,1,200809,1,"$127,442",34.4
EP00,11,H,21,,D,0110,1,ED-00,K,XXXX,8,48,I,2,200809,1,"$110,256",7.3
EP00,11,G,,,C,0110,1,ED-00,K,XXXX,8,48,I,2,200809,1,"$110,256",4.2
EP00,11,J,21,,D,0110,1,ED-00,K,XXXX,8,48,I,2,200809,1,"$110,256",5.8
EP00,51,H,17,15,H,0110,1,GS-15,N,XXXX,8,10,F,1,200809,1,"$142,227",25.1
EP00,11,E,21,,C,0110,1,ED-00,K,XXXX,8,48,I,2,200809,1,"$110,256",4.8
EP00,11,F,22,,B,0110,1,EF-00,L,XXXX,8,48,I,2,200809,1,"$129,018",2.2
EP00,11,I,22,,C,0110,1,EF-00,K,XXXX,8,48,I,2,200809,1,"$110,256",3.3
EP00,51,G,21,14,D,0110,1,GS-14,J,XXXX,8,10,F,1,200809,1,"$101,301",7.0
EP00,11,K,21,,D,0110,1,EF-00,K,XXXX,8,48,I,2,200809,1,"$110,256",7.5
EP00,11,H,17,14,G,0110,1,GS-14,L,XXXX,8,10,F,1,200809,1,"$127,442",23.6
EP00,11,D,17,14,B,0110,1,GS-14,I,XXXX,8,15,F,1,200809,1,"$98,033",2.8
EP00,11,J,20,,C,0110,1,EF-00,K,XXXX,8,48,I,2,200809,1,"$110,256",3.9
EP00,11,F,21,15,E,0110,1,GS-15,M,XXXX,8,10,F,1,200809,1,"$130,694",10.0
EP00,11,J,21,,D,0110,1,EF-00,K,XXXX,8,48,I,2,200809,1,"$110,256",7.3
EP00,11,E,18,14,D,0110,1,GS-14,J,XXXX,8,15,F,1,200809,1,"$104,569",7.0
EP00,11,I,17,,C,0110,1,ED-00,K,XXXX,8,48,I,2,200809,1,"$110,256",4.8
EP00,11,H,21,,D,0110,1,ED-00,K,XXXX,8,48,I,2,200809,1,"$110,256",7.5
EP00,11,E,22,,C,0110,1,ED-00,K,XXXX,8,48,I,2,200809,1,"$110,256",3.5
EP00,11,J,21,,C,0110,1,EF-00,K,XXXX,8,48,I,2,200809,1,"$110,256",3.8
EP00,11,J,21,15,G,0110,1,GS-15,N,XXXX,8,10,F,1,200809,1,"$149,000",22.3
EP00,11,J,21,,B,0110,1,EF-00,K,XXXX,8,48,I,2,200809,1,"$110,256",1.8
EP00,11,G,17,13,G,0110,1,GS-13,J,XXXX,8,10,F,1,200809,1,"$102,323",20.1
EP00,37,J,18,14,J,0110,1,GS-14,L,XXXX,8,10,F,1,200809,1,"$123,152",38.3
EP00,11,G,21,,D,0110,1,ED-00,K,XXXX,8,48,I,2,200809,1,"$110,256",7.7
EP00,11,I,21,,C,0110,1,EF-00,K,XXXX,8,48,I,2,200809,1,"$110,256",3.3
EP00,11,D,21,14,C,0110,1,GS-14,J,XXXX,8,10,F,1,200809,1,"$104,569",4.1
EP00,11,C,17,09,A,0110,1,GS-09,D,XXXX,8,32,F,1,200809,1,"$48,108",0.2
EP00,11,E,17,13,E,0110,1,GS-13,I,XXXX,8,10,F,1,200809,1,"$99,557",14.0
EP00,11,H,,,C,0110,1,EF-00,K,XXXX,8,48,I,2,200809,1,"$110,256",4.3
EP00,11,E,14,13,E,0110,1,GS-13,I,XXXX,8,10,F,1,200809,1,"$99,557",13.8
EP00,11,J,21,,D,0110,1,ED-00,Z,XXXX,8,48,I,2,200809,1,,7.2
EP00,11,F,17,13,C,0110,1,GS-13,H,XXXX,8,10,F,1,200809,1,"$88,493",3.2
EP00,11,F,21,,C,0110,1,EF-00,K,XXXX,8,48,I,2,200809,1,"$110,256",3.8
EP00,11,F,18,14,D,0110,1,GS-14,J,XXXX,8,10,F,1,200809,1,"$107,836",9.6
EP00,37,I,18,13,E,0110,1,GS-13,J,XXXX,8,10,F,1,200809,1,"$104,223",13.2
EP00,37,D,17,13,D,0110,1,GS-13,H,XXXX,8,10,F,1,200809,1,"$82,841",5.7
EP00,11,G,17,,D,0110,1,ED-00,K,XXXX,8,48,I,2,200809,1,"$110,256",5.8
EP00,11,H,21,14,G,0110,1,GS-14,L,XXXX,8,10,F,1,200809,1,"$120,907",24.2
EP00,12,F,21,,A,0110,1,ED-00,L,XXXX,8,48,I,2,200809,1,"$124,010",0.3
EP00,11,F,21,,D,0110,1,EF-00,K,XXXX,8,48,I,2,200809,1,"$110,256",6.3
EP00,11,D,21,13,B,0110,1,GS-13,H,XXXX,8,15,F,1,200809,1,"$85,727",1.0
EP00,11,G,21,,B,0110,1,ED-00,K,XXXX,8,48,I,2,200809,1,"$110,256",1.7
EP00,11,E,21,14,D,0110,1,GS-14,K,XXXX,8,10,P,2,200809,1,"$111,104",9.1
EP00,11,K,21,,B,0110,1,EF-00,K,XXXX,8,48,I,2,200809,1,"$110,256",1.8
EP00,11,H,21,,D,0110,1,ED-00,K,XXXX,8,48,I,2,200809,1,"$110,256",6.8
EP00,11,J,21,,C,0110,1,EF-00,K,XXXX,8,48,I,2,200809,1,"$110,256",4.8
EP00,11,G,17,13,F,0110,1,GS-13,J,XXXX,8,10,F,1,200809,1,"$102,323",17.6
EP00,11,F,14,14,F,0110,1,GS-14,L,XXXX,8,10,F,1,200809,1,"$120,907",19.8
EP00,11,D,17,14,D,0110,1,GS-14,J,XXXX,8,10,F,1,200809,1,"$104,569",8.3
EP00,11,F,21,,B,0110,1,EF-00,L,XXXX,8,48,I,2,200809,1,"$129,018",2.0
EP00,11,G,21,,C,0110,1,EF-00,K,XXXX,8,48,I,2,200809,1,"$110,256",4.2
EP00,11,G,21,,C,0110,1,ED-00,K,XXXX,8,48,I,2,200809,1,"$110,256",4.8
EP00,51,H,22,13,C,0110,1,GS-13,I,XXXX,8,10,F,1,200809,1,"$91,259",3.7
EP00,51,J,21,13,G,0110,1,GS-13,J,XXXX,8,10,F,1,200809,1,"$107,854",21.1
EP00,11,E,21,,C,0110,1,ED-00,K,XXXX,8,48,I,2,200809,1,"$110,256",3.8
EP00,11,D,**,13,C,0110,1,GS-13,H,XXXX,8,15,F,1,200809,1,"$85,727",4.0
EP00,11,F,21,,C,0110,1,ED-00,J,XXXX,8,48,I,2,200809,1,"$107,522",3.9
EP00,11,H,21,,D,0110,1,EF-00,K,XXXX,8,48,I,2,200809,1,"$110,256",6.8
EP00,11,H,**,14,D,0110,1,GS-14,L,XXXX,8,10,P,2,200809,1,"$127,442",6.6
EP00,11,H,13,14,H,0110,1,GS-14,L,XXXX,8,10,F,1,200809,1,"$120,907",29.8
EP00,11,F,21,15,C,0110,1,GS-15,L,XXXX,8,10,F,1,200809,1,"$126,850",4.9
EP00,11,H,17,15,G,0110,1,GS-15,N,XXXX,2,10,F,1,200809,1,"$149,000",22.5
EP00,11,H,21,,C,0110,1,ED-00,K,XXXX,8,48,I,2,200809,1,"$110,256",3.8
EP00,37,E,21,13,C,0110,1,GS-13,H,XXXX,8,10,F,1,200809,1,"$88,186",4.6
EP00,11,E,21,12,B,0110,1,GS-12,I,XXXX,8,15,F,1,200809,1,"$90,698",1.0
EP00,11,G,17,14,F,0110,1,GS-14,L,XXXX,8,10,F,1,200809,1,"$124,175",18.3
EP00,51,I,21,15,G,0110,1,GS-15,N,XXXX,8,10,F,1,200809,1,"$149,000",23.2
EP00,51,G,17,14,F,0110,1,GS-14,K,XXXX,8,10,F,1,200809,1,"$114,372",19.2
EP00,11,F,21,14,D,0110,1,GS-14,K,XXXX,8,10,F,1,200809,1,"$114,372",9.2
EP00,11,I,21,15,G,0110,1,GS-15,N,XXXX,8,10,F,1,200809,1,"$149,000",24.0
EP00,37,H,13,13,H,0110,1,GS-13,J,XXXX,8,10,F,1,200809,1,"$104,223",28.9
EP00,11,F,21,,A,0110,1,ED-00,K,XXXX,8,48,I,2,200809,1,"$110,256",0.2
EP00,11,J,21,,A,0110,1,ED-00,Z,XXXX,8,48,I,2,200809,1,,0.6
EP00,11,I,21,,D,0110,1,EF-00,K,XXXX,8,48,I,2,200809,1,"$110,256",8.1
EP00,39,H,17,15,G,0110,1,GS-15,L,XXXX,2,10,F,1,200809,1,"$127,321",24.7
EP00,11,F,21,14,E,0110,1,GS-14,J,XXXX,8,10,F,1,200809,1,"$107,836",11.3
EP00,11,I,21,,D,0110,1,ED-00,K,XXXX,8,48,I,2,200809,1,"$110,256",7.3
EP00,11,D,17,13,D,0110,1,GS-13,I,XXXX,8,10,F,1,200809,1,"$91,259",5.0
EP00,11,E,21,14,D,0110,1,GS-14,J,XXXX,8,10,F,1,200809,1,"$107,836",6.0
EP00,11,D,20,14,D,0110,1,GS-14,K,XXXX,8,15,F,1,200809,1,"$111,104",5.2
EP00,39,K,21,13,J,0110,1,GS-13,I,XXXX,8,10,I,2,200809,1,"$99,682",37.2
EP00,11,G,17,15,G,0110,1,GS-15,N,XXXX,2,10,F,1,200809,1,"$149,000",23.4
EP00,11,K,21,,A,0110,1,EH-00,K,XXXX,8,48,I,2,200809,1,"$110,256",0.8
EP00,51,K,21,13,F,0110,1,GS-13,J,XXXX,8,10,F,1,200809,1,"$107,854",17.3
EP00,51,C,17,09,A,0110,1,GS-09,D,XXXX,8,15,F,1,200809,1,"$48,108",0.3
EP00,11,E,13,,B,0110,1,ED-00,K,XXXX,8,48,I,2,200809,1,"$110,256",2.1
EP00,11,J,21,,I,0110,1,ES-**,O,XXXX,2,50,F,1,200809,1,"$155,273",31.3
EP00,11,E,21,,B,0110,1,ED-00,K,XXXX,8,48,I,2,200809,1,"$110,256",1.7
EP00,11,E,22,,C,0110,1,EF-00,K,XXXX,8,48,I,2,200809,1,"$110,256",3.8
EP00,11,C,21,13,B,0110,1,GS-13,H,XXXX,8,15,F,1,200809,1,"$88,493",2.0
EP00,11,I,21,,C,0110,1,EF-00,K,XXXX,8,48,I,2,200809,1,"$110,256",3.8
EP00,11,E,17,14,E,0110,1,GS-14,J,XXXX,8,10,F,1,200809,1,"$107,836",10.5
EP00,11,J,22,,D,0110,1,ED-00,K,XXXX,8,48,I,2,200809,1,"$110,256",7.3
EP00,11,I,21,,D,0110,1,ED-00,K,XXXX,8,48,I,2,200809,1,"$110,256",5.8
EP00,11,J,17,13,I,0110,1,GS-13,J,XXXX,8,10,F,1,200809,1,"$107,854",34.3
EP00,51,D,13,14,D,0110,1,GS-14,I,XXXX,7,30,F,1,200809,1,"$98,033",9.5
EP00,11,H,21,,C,0110,1,EF-00,K,XXXX,8,48,I,2,200809,1,"$110,256",3.8
EP00,11,J,17,13,I,0110,1,GS-13,J,XXXX,8,10,F,1,200809,1,"$107,854",34.1
EP00,26,H,21,13,D,0110,1,GS-13,J,XXXX,8,10,F,1,200809,1,"$109,318",7.5
FC00,11,H,18,14,E,0110,1,GS-14,K,XXXX,8,10,F,1,200809,1,"$111,104",13.7
FC00,11,H,21,15,E,0110,1,GS-15,M,XXXX,8,10,F,1,200809,1,"$134,538",10.2
FC00,11,F,11,15,B,0110,1,GS-15,M,XXXX,8,15,F,1,200809,1,"$138,383",2.3
FC00,11,I,21,15,H,0110,1,GM-15,N,XXXX,5,10,F,1,200809,1,"$149,000",28.6
FC00,11,G,21,15,E,0110,1,GS-15,N,XXXX,8,10,F,1,200809,1,"$146,071",13.3
FC00,11,H,21,15,D,0110,1,GS-15,M,XXXX,8,10,F,1,200809,1,"$130,694",7.9
FC00,11,E,21,14,E,0110,1,GS-14,J,XXXX,8,10,F,1,200809,1,"$107,836",10.5
FC00,11,F,17,15,E,0110,1,GS-15,M,XXXX,8,10,F,1,200809,1,"$138,383",13.5
FC00,11,H,21,15,E,0110,1,GS-15,N,XXXX,8,10,F,1,200809,1,"$146,071",14.1
FC00,11,J,17,15,G,0110,1,GS-15,M,XXXX,8,10,F,1,200809,1,"$138,383",21.6
FC00,11,J,17,15,C,0110,1,GS-15,N,XXXX,8,15,F,1,200809,1,"$149,000",4.1
FC00,11,K,21,15,G,0110,1,GS-15,N,XXXX,8,10,F,1,200809,1,"$149,000",20.2
FC00,11,H,21,15,H,0110,1,GS-15,N,XXXX,8,10,F,1,200809,1,"$149,000",28.7
FC00,11,J,13,15,J,0110,1,GM-15,N,XXXX,2,10,F,1,200809,1,"$149,000",36.6
FC00,11,I,21,15,H,0110,1,GS-15,N,XXXX,8,10,F,1,200809,1,"$149,000",26.6
FC00,11,K,21,15,F,0110,1,GS-15,N,XXXX,8,10,F,1,200809,1,"$149,000",15.9
FC00,11,J,17,13,G,0110,1,GS-13,J,XXXX,8,10,F,1,200809,1,"$102,323",20.5
FC00,11,G,21,15,F,0110,1,GS-15,M,XXXX,8,10,F,1,200809,1,"$134,538",15.8
FC00,11,I,21,15,F,0110,1,GS-15,M,XXXX,8,10,F,1,200809,1,"$130,694",18.3
FC00,11,G,17,15,E,0110,1,GS-15,M,XXXX,8,10,F,1,200809,1,"$138,383",12.0
FC00,11,J,17,15,I,0110,1,GS-15,N,XXXX,8,10,F,1,200809,1,"$149,000",30.2
FC00,11,J,21,15,E,0110,1,GS-15,N,XXXX,8,10,F,1,200809,1,"$149,000",13.0
FC00,11,I,17,15,I,0110,1,GM-15,N,XXXX,2,10,F,1,200809,1,"$149,000",32.2
FC00,11,I,21,15,E,0110,1,GS-15,M,XXXX,8,10,F,1,200809,1,"$134,538",13.8
FC00,11,G,18,15,F,0110,1,GS-15,M,XXXX,8,10,F,1,200809,1,"$130,694",15.3
FC00,11,J,17,15,I,0110,1,GS-15,N,XXXX,8,10,F,1,200809,1,"$149,000",30.7
FC00,11,E,17,15,F,0110,1,GS-15,M,XXXX,8,10,F,1,200809,1,"$138,383",15.2
FC00,11,J,13,15,J,0110,1,GS-15,N,XXXX,8,10,F,1,200809,1,"$142,227",39.2
FC00,11,I,17,,F,0110,1,ES-**,P,XXXX,2,50,F,1,200809,1,"$163,876",15.8
FC00,11,I,17,15,H,0110,1,GS-15,N,XXXX,8,10,F,1,200809,1,"$149,000",28.0
FC00,11,I,17,,I,0110,1,ES-**,O,XXXX,2,50,F,1,200809,1,"$158,500",31.8
FC00,11,I,21,15,D,0110,1,GS-15,N,XXXX,2,10,F,1,200809,1,"$149,000",5.0
FC00,11,H,17,15,E,0110,1,GS-15,M,XXXX,8,10,F,1,200809,1,"$134,538",12.0
FC00,11,J,21,15,E,0110,1,GS-15,M,XXXX,8,10,F,1,200809,1,"$134,538",10.6
FC00,11,F,21,15,D,0110,1,GS-15,N,XXXX,8,10,F,1,200809,1,"$149,000",9.0
FC00,11,J,21,15,H,0110,1,GS-15,N,XXXX,8,10,F,1,200809,1,"$149,000",29.2
FC00,11,F,21,15,D,0110,1,GS-15,L,XXXX,8,10,F,1,200809,1,"$126,850",7.3
FC00,11,I,21,,H,0110,1,SL-00,O,XXXX,8,10,F,1,200809,1,"$158,500",27.2
FC00,11,H,21,15,G,0110,1,GS-15,N,XXXX,8,10,F,1,200809,1,"$149,000",21.9
FC00,11,I,21,15,G,0110,1,GS-15,N,XXXX,8,10,F,1,200809,1,"$142,227",20.9
FC00,11,F,17,15,E,0110,1,GS-15,M,XXXX,8,10,F,1,200809,1,"$134,538",11.3
FC00,11,H,21,15,E,0110,1,GS-15,M,XXXX,8,10,F,1,200809,1,"$138,383",14.0
FC00,11,J,21,15,E,0110,1,GS-15,N,XXXX,8,10,F,1,200809,1,"$149,000",12.1
FC00,11,H,17,15,H,0110,1,GS-15,M,XXXX,8,10,F,1,200809,1,"$138,383",29.8
FC00,11,J,17,15,J,0110,1,GS-15,N,XXXX,8,10,F,1,200809,1,"$149,000",36.0
FC00,11,H,18,15,G,0110,1,GS-15,N,XXXX,8,10,F,1,200809,1,"$142,227",24.8
FC00,11,G,21,15,E,0110,1,GS-15,N,XXXX,8,10,F,1,200809,1,"$149,000",11.3
FC00,11,J,17,15,H,0110,1,GS-15,N,XXXX,8,10,F,1,200809,1,"$149,000",29.2
FC00,11,F,17,15,D,0110,1,GS-15,L,XXXX,2,10,F,1,200809,1,"$126,850",7.8
FC00,11,I,13,15,J,0110,1,GS-15,N,XXXX,8,10,F,1,200809,1,"$149,000",35.8
FC00,11,H,21,15,G,0110,1,GS-15,N,XXXX,8,10,F,1,200809,1,"$142,227",20.2
FC00,11,I,17,14,E,0110,1,GS-14,L,XXXX,8,10,F,1,200809,1,"$127,442",13.5
FC00,11,H,21,15,D,0110,1,GS-15,N,XXXX,8,10,F,1,200809,1,"$142,227",7.2
FC00,11,I,17,15,F,0110,1,GS-15,N,XXXX,8,10,F,1,200809,1,"$149,000",18.8
FD00,11,F,21,14,C,0110,1,CG-14,L,XXXX,8,10,F,1,200809,1,"$122,231",3.3
FD00,25,J,21,14,D,0110,1,CG-14,P,XXXX,8,10,F,1,200809,1,"$161,523",5.6
FD00,11,H,17,14,F,0110,1,CG-14,N,XXXX,8,10,F,1,200809,1,"$145,439",16.3
FD00,11,B,,07,A,0110,1,CG-07,D,XXXX,8,40,F,2,200809,1,"$42,629",0.2
FD00,11,G,14,15,G,0110,1,CG-15,Q,XXXX,8,10,F,1,200809,1,"$172,245",24.3
FD00,11,E,18,14,F,0110,1,CG-14,M,XXXX,8,10,F,1,200809,1,"$135,000",16.8
FD00,11,B,,07,A,0110,1,CG-07,D,XXXX,8,40,F,2,200809,1,"$42,629",0.7
FD00,11,B,,07,A,0110,1,CG-07,D,XXXX,8,40,F,2,200809,1,"$42,629",0.2
FD00,11,H,17,14,G,0110,1,CG-14,M,XXXX,8,10,F,1,200809,1,"$134,995",20.5
FD00,11,J,21,14,J,0110,1,CG-14,O,XXXX,8,10,F,1,200809,1,"$151,328",39.4
FD00,11,D,21,12,A,0110,1,CG-12,K,XXXX,8,15,F,1,200809,1,"$116,253",0.1
FD00,11,D,13,12,B,0110,1,CG-12,G,XXXX,8,15,F,1,200809,1,"$76,008",2.8
FD00,48,E,17,14,E,0110,1,CG-14,J,XXXX,8,10,F,1,200809,1,"$105,142",10.5
FD00,11,D,21,13,B,0110,1,CG-13,L,XXXX,8,15,F,1,200809,1,"$126,496",1.0
FD00,11,C,17,09,B,0110,1,CG-09,E,XXXX,8,15,F,1,200809,1,"$53,220",2.2
FD00,11,E,,09,B,0110,1,CG-09,E,XXXX,8,40,F,2,200809,1,"$51,922",2.2
FD00,11,B,,09,B,0110,1,CG-09,E,XXXX,8,40,F,2,200809,1,"$51,297",1.1
FD00,11,D,13,14,D,0110,1,CG-14,J,XXXX,8,10,P,2,200809,1,"$103,165",7.2
FD00,11,E,21,14,C,0110,1,CG-14,K,XXXX,8,10,F,1,200809,1,"$118,938",3.0
FD00,11,I,17,,I,0110,1,CM-01,Q,XXXX,2,10,F,1,200809,1,"$172,609",34.4
FD00,11,F,21,14,E,0110,1,CG-14,O,XXXX,8,10,F,1,200809,1,"$150,048",11.2
FD00,11,B,,07,A,0110,1,CG-07,D,XXXX,8,40,F,2,200809,1,"$42,629",0.2
FD00,11,C,13,09,B,0110,1,CG-09,E,XXXX,8,15,F,1,200809,1,"$53,220",2.2
FD00,11,H,21,13,B,0110,1,CG-13,L,XXXX,8,15,F,1,200809,1,"$126,496",1.3
FD00,11,E,21,14,E,0110,1,CG-14,K,XXXX,8,10,F,1,200809,1,"$112,841",13.9
FD00,11,H,21,15,E,0110,1,CG-15,P,XXXX,8,10,P,2,200809,1,"$165,762",14.1
FD00,11,C,21,13,B,0110,1,CG-13,L,XXXX,8,15,F,1,200809,1,"$126,496",1.0
FD00,11,H,21,15,G,0110,1,CG-15,P,XXXX,8,10,F,1,200809,1,"$166,933",21.8
FD00,11,G,17,15,G,0110,1,CG-15,Q,XXXX,8,10,F,1,200809,1,"$170,929",21.4
FD00,11,I,21,14,G,0110,1,CG-14,O,XXXX,8,10,F,1,200809,1,"$153,292",22.2
FD00,11,B,,07,A,0110,1,CG-07,D,XXXX,8,40,F,2,200809,1,"$42,629",0.2
FD00,11,C,17,12,B,0110,1,CG-12,G,XXXX,8,15,F,1,200809,1,"$76,008",2.8
FD00,11,G,21,13,E,0110,1,CG-13,L,XXXX,8,15,F,1,200809,1,"$124,687",14.4
FD00,11,C,,09,B,0110,1,CG-09,E,XXXX,8,40,F,2,200809,1,"$51,922",2.2
FD00,06,C,11,09,B,0110,1,CG-09,F,XXXX,8,15,F,1,200809,1,"$60,492",2.7
FD00,11,H,21,14,F,0110,1,CG-14,M,XXXX,8,10,F,1,200809,1,"$132,239",18.3
FD00,11,B,13,09,B,0110,1,CG-09,E,XXXX,8,15,F,1,200809,1,"$51,922",2.2
FD00,13,H,17,14,A,0110,1,CG-14,J,XXXX,8,15,F,1,200809,1,"$104,997",0.7
FD00,11,B,,09,B,0110,1,CG-09,E,XXXX,8,40,F,2,200809,1,"$51,297",1.2
FD00,17,F,17,14,C,0110,1,CG-14,K,XXXX,8,10,F,1,200809,1,"$117,968",4.2
FD00,11,D,21,13,B,0110,1,CG-13,L,XXXX,8,15,F,1,200809,1,"$126,496",1.4
FD00,11,H,21,14,G,0110,1,CG-14,M,XXXX,8,10,F,1,200809,1,"$137,433",20.2
FD00,11,G,21,13,B,0110,1,CG-13,L,XXXX,8,15,F,1,200809,1,"$126,496",1.3
FD00,36,G,17,13,F,0110,1,CG-13,L,XXXX,8,10,F,1,200809,1,"$122,283",15.6
FD00,11,C,13,13,D,0110,1,CG-13,H,XXXX,8,10,F,1,200809,1,"$81,708",6.5
FD00,11,C,21,12,A,0110,1,CG-12,K,XXXX,8,15,F,1,200809,1,"$116,253",0.7
FD00,11,B,,09,B,0110,1,CG-09,E,XXXX,8,40,F,2,200809,1,"$51,297",1.2
FD00,11,B,,07,A,0110,1,CG-07,D,XXXX,8,40,F,2,200809,1,"$42,629",0.2
FD00,11,B,13,11,C,0110,1,CG-11,F,XXXX,8,15,F,1,200809,1,"$66,132",3.2
FD00,11,I,21,14,G,0110,1,CG-14,L,XXXX,8,10,F,1,200809,1,"$122,441",21.2
FD00,11,C,13,12,B,0110,1,CG-12,G,XXXX,8,15,F,1,200809,1,"$76,008",2.8
FD00,11,E,21,14,D,0110,1,CG-14,N,XXXX,8,10,F,1,200809,1,"$140,545",7.0
FD00,11,B,,07,A,0110,1,CG-07,D,XXXX,8,40,F,2,200809,1,"$44,012",0.8
FD00,06,F,17,09,D,0110,1,CG-09,I,XXXX,8,15,F,1,200809,1,"$91,948",9.0
FD00,11,F,21,14,C,0110,1,CG-14,L,XXXX,8,10,F,1,200809,1,"$125,121",4.0
FD00,11,H,21,,C,0110,1,EM-00,R,XXXX,2,10,F,1,200809,1,"$221,100",4.4
FD00,29,H,17,14,E,0110,1,CG-14,K,XXXX,8,10,F,1,200809,1,"$116,260",11.3
FD00,36,I,04,14,E,0110,1,CG-14,N,XXXX,8,10,F,1,200809,1,"$146,003",11.8
FD00,48,H,17,14,E,0110,1,CG-14,L,XXXX,8,10,F,1,200809,1,"$129,686",11.8
FD00,11,F,21,15,E,0110,1,CG-15,P,XXXX,8,10,F,1,200809,1,"$165,674",11.0
FD00,11,B,,07,A,0110,1,CG-07,D,XXXX,8,40,F,2,200809,1,"$42,629",0.2
FL00,51,I,21,,H,0110,1,VH-40,N,XXXX,8,10,F,1,200809,1,"$149,932",27.0
FL00,51,D,17,,C,0110,1,VH-38,H,XXXX,8,10,F,1,200809,1,"$80,743",4.9
FL00,51,J,21,,J,0110,1,VH-41,P,XXXX,8,10,F,1,200809,1,"$165,139",37.0
FT00,11,I,21,15,H,0110,1,GM-15,N,XXXX,2,10,F,1,200809,1,"$149,000",28.1
FT00,11,G,21,15,F,0110,1,GS-15,N,XXXX,8,15,F,1,200809,1,"$149,000",17.2
FT00,11,H,22,15,H,0110,1,GS-15,N,XXXX,8,10,F,1,200809,1,"$149,000",28.4
FT00,11,H,21,15,E,0110,1,GS-15,N,XXXX,8,10,F,1,200809,1,"$149,000",11.6
FT00,11,J,21,15,J,0110,1,GM-15,N,XXXX,5,10,F,1,200809,1,"$149,000",36.0
FT00,11,H,21,15,H,0110,1,GM-15,N,XXXX,5,10,F,1,200809,1,"$149,000",29.3
FT00,11,G,22,15,F,0110,1,GS-15,N,XXXX,8,10,F,1,200809,1,"$149,000",19.0
FT00,11,F,21,15,F,0110,1,GS-15,N,XXXX,8,10,F,1,200809,1,"$149,000",16.1
FT00,11,I,21,15,E,0110,1,GS-15,M,XXXX,8,10,F,1,200809,1,"$138,383",11.3
FT00,11,F,21,15,E,0110,1,GS-15,N,XXXX,8,10,F,1,200809,1,"$149,000",12.3
FT00,11,G,21,15,E,0110,1,GS-15,N,XXXX,8,10,F,1,200809,1,"$149,000",10.0
FT00,11,D,21,14,C,0110,1,GS-14,K,XXXX,8,10,F,1,200809,1,"$111,104",3.0
FT00,11,J,21,15,F,0110,1,GS-15,N,XXXX,5,10,F,1,200809,1,"$149,000",15.8
FT00,11,F,21,13,B,0110,1,GS-13,I,XXXX,8,15,F,1,200809,1,"$99,557",1.9
FT00,11,D,21,15,D,0110,1,GS-15,L,XXXX,8,10,F,1,200809,1,"$123,006",7.0
FT00,11,F,21,15,E,0110,1,GS-15,N,XXXX,8,10,F,1,200809,1,"$149,000",14.1
FT00,11,F,21,15,D,0110,1,GS-15,N,XXXX,8,10,F,1,200809,1,"$149,000",8.1
FT00,11,D,21,13,C,0110,1,GS-13,I,XXXX,8,10,F,1,200809,1,"$91,259",3.0
FT00,11,E,21,13,B,0110,1,GS-13,I,XXXX,8,15,F,1,200809,1,"$91,259",2.0
FT00,11,F,21,15,F,0110,1,GS-15,M,XXXX,8,10,F,1,200809,1,"$138,383",15.9
FT00,11,C,21,12,B,0110,1,GS-12,H,XXXX,8,15,F,1,200809,1,"$83,720",1.1
FT00,11,E,21,15,D,0110,1,GS-15,N,XXXX,8,10,F,1,200809,1,"$146,071",9.1
FT00,11,E,21,15,A,0110,1,GS-15,N,XXXX,8,15,F,1,200809,1,"$149,000",0.2
FT00,11,J,20,15,I,0110,1,GM-15,N,XXXX,5,10,F,1,200809,1,"$149,000",31.2
FT00,11,I,22,15,H,0110,1,GS-15,M,XXXX,8,10,F,1,200809,1,"$138,383",25.8
FT00,11,D,21,13,B,0110,1,GS-13,I,XXXX,8,15,F,1,200809,1,"$91,259",2.0
FT00,11,G,21,13,F,0110,1,GS-13,J,XXXX,8,10,F,1,200809,1,"$105,088",17.8
FT00,11,H,21,15,H,0110,1,GM-15,N,XXXX,5,10,F,1,200809,1,"$149,000",26.7
FT00,11,E,21,15,D,0110,1,GS-15,N,XXXX,5,10,P,2,200809,1,"$146,071",8.9
FT00,11,J,21,,I,0110,1,ES-**,P,XXXX,2,50,F,1,200809,1,"$166,800",30.8
FT00,11,G,21,15,D,0110,1,GS-15,N,XXXX,8,10,F,1,200809,1,"$149,000",9.1
FT00,11,E,21,14,C,0110,1,GS-14,K,XXXX,8,10,F,1,200809,1,"$111,104",3.0
FT00,11,F,21,15,D,0110,1,GS-15,N,XXXX,2,10,F,1,200809,1,"$146,071",7.1
FT00,11,E,,,A,0110,1,EF-00,L,XXXX,8,48,I,2,200809,1,"$120,983",0.2
FT00,11,C,21,12,A,0110,1,GS-12,I,XXXX,8,15,F,1,200809,1,"$90,698",0.0
FT00,11,K,21,15,I,0110,1,GM-15,N,XXXX,5,10,F,1,200809,1,"$149,000",34.3
FT00,11,F,21,15,C,0110,1,GS-15,N,XXXX,8,15,F,1,200809,1,"$149,000",4.4
FT00,11,G,21,15,F,0110,1,GS-15,N,XXXX,8,10,F,1,200809,1,"$149,000",17.3
FT00,11,E,21,15,D,0110,1,GS-15,K,XXXX,8,10,F,1,200809,1,"$119,161",8.1
FT00,11,E,21,13,D,0110,1,GS-13,I,XXXX,8,10,F,1,200809,1,"$96,791",6.8
FT00,11,H,21,15,G,0110,1,GS-15,N,XXXX,2,10,F,1,200809,1,"$149,000",22.6
FT00,11,E,21,15,D,0110,1,GS-15,K,XXXX,8,15,F,1,200809,1,"$119,161",6.8
FT00,11,H,21,15,G,0110,1,GS-15,N,XXXX,8,10,F,1,200809,1,"$149,000",20.3
FT00,11,H,21,15,H,0110,1,GM-15,N,XXXX,2,10,F,1,200809,1,"$149,000",25.7
FT00,11,G,15,15,F,0110,1,GS-15,N,XXXX,8,10,F,1,200809,1,"$149,000",18.3
FT00,11,F,21,15,E,0110,1,GS-15,N,XXXX,8,10,F,1,200809,1,"$142,227",11.9
FT00,11,E,21,15,E,0110,1,GS-15,N,XXXX,8,10,F,1,200809,1,"$146,071",11.1
FT00,11,E,21,15,D,0110,1,GS-15,L,XXXX,8,10,F,1,200809,1,"$123,006",7.8
FT00,11,H,21,15,G,0110,1,GS-15,N,XXXX,8,10,F,1,200809,1,"$149,000",21.5
FT00,11,D,21,12,B,0110,1,GS-12,H,XXXX,8,15,F,1,200809,1,"$83,720",1.0
FT00,11,D,21,15,D,0110,1,GS-15,M,XXXX,8,10,F,1,200809,1,"$138,383",7.1
FT00,11,J,21,15,I,0110,1,GM-15,N,XXXX,5,10,F,1,200809,1,"$149,000",33.0
FT00,11,J,21,15,H,0110,1,GS-15,N,XXXX,8,10,F,1,200809,1,"$149,000",29.6
FT00,11,H,17,14,F,0110,1,GS-14,K,XXXX,8,10,P,2,200809,1,"$117,639",18.1
FT00,11,I,21,15,H,0110,1,GS-15,N,XXXX,8,10,F,1,200809,1,"$142,227",29.0
FT00,11,K,22,15,I,0110,1,GM-15,N,XXXX,5,10,F,1,200809,1,"$149,000",30.1
FT00,11,J,22,15,G,0110,1,GS-15,N,XXXX,8,10,F,1,200809,1,"$146,071",20.5
FT00,11,J,21,15,I,0110,1,GM-15,N,XXXX,5,10,F,1,200809,1,"$149,000",30.3
FT00,11,H,22,13,E,0110,1,GS-13,I,XXXX,8,10,F,1,200809,1,"$96,791",10.1
FT00,11,D,21,13,B,0110,1,GS-13,I,XXXX,8,15,F,1,200809,1,"$91,259",2.0
FT00,11,E,20,15,C,0110,1,GS-15,K,XXXX,8,10,F,1,200809,1,"$119,161",4.0
FT00,11,E,21,15,D,0110,1,GS-15,M,XXXX,8,10,F,1,200809,1,"$134,538",8.0
FT00,11,I,21,15,H,0110,1,GM-15,N,XXXX,5,10,F,1,200809,1,"$149,000",29.0
FT00,11,G,21,15,A,0110,1,GS-15,N,XXXX,8,15,F,1,200809,1,"$149,000",0.2
FT00,11,F,21,15,E,0110,1,GS-15,N,XXXX,8,10,F,1,200809,1,"$149,000",13.3
FT00,11,J,21,15,I,0110,1,GM-15,N,XXXX,5,10,F,1,200809,1,"$149,000",34.2
FT00,11,K,22,15,H,0110,1,GM-15,N,XXXX,5,10,F,1,200809,1,"$149,000",26.3
FT00,11,E,21,13,B,0110,1,GS-13,I,XXXX,8,15,F,1,200809,1,"$94,025",1.2
FT00,11,J,21,15,G,0110,1,GS-15,N,XXXX,8,10,F,1,200809,1,"$149,000",20.0
FT00,11,J,21,,E,0110,1,ES-**,P,XXXX,2,50,F,1,200809,1,"$166,600",13.1
FT00,11,G,21,15,F,0110,1,GS-15,M,XXXX,8,10,F,1,200809,1,"$138,383",17.9
FT00,11,D,21,15,C,0110,1,GS-15,L,XXXX,8,10,F,1,200809,1,"$123,006",4.0
FT00,11,I,21,,I,0110,1,ES-**,P,XXXX,2,50,F,1,200809,1,"$166,600",30.6
FT00,11,C,21,12,A,0110,1,GS-12,I,XXXX,8,15,F,1,200809,1,"$90,698",0.2
FY00,11,I,21,,I,0110,1,TF-01,R,XXXX,2,10,F,1,200809,1,"$192,634",32.2
FY00,11,E,21,,E,0110,1,TM-15,M,XXXX,8,10,F,1,200809,1,"$137,996",11.1
FY00,11,G,17,,B,0110,1,TM-15,N,XXXX,8,15,F,1,200809,1,"$145,160",2.4
FY00,11,H,21,,D,0110,1,TF-01,P,XXXX,2,10,F,1,200809,1,"$169,065",9.4
FY00,11,F,21,,B,0110,1,TM-15,O,XXXX,8,15,F,1,200809,1,"$156,503",2.4
FY00,11,G,21,,F,0110,1,TF-01,P,XXXX,2,10,F,1,200809,1,"$169,065",18.0
FY00,11,E,21,,E,0110,1,TM-15,O,XXXX,8,10,F,1,200809,1,"$155,891",10.8
FY00,11,F,21,,A,0110,1,TM-13,K,XXXX,8,15,F,1,200809,1,"$111,212",0.8
FY00,11,H,21,,E,0110,1,TM-15,O,XXXX,8,10,F,1,200809,1,"$156,294",11.1
FY00,11,G,21,,D,0110,1,TM-15,P,XXXX,8,10,P,2,200809,1,"$162,547",9.2
FY00,11,E,21,,B,0110,1,TM-15,N,XXXX,8,15,F,1,200809,1,"$143,425",2.5
GB00,11,D,17,11,A,0110,1,GS-11,E,XXXX,8,15,F,1,200809,1,"$58,206",0.1
GB00,11,E,17,14,D,0110,1,GS-14,J,XXXX,8,10,P,2,200809,1,"$101,301",9.3
GB00,11,F,21,14,D,0110,1,GS-14,J,XXXX,8,10,F,1,200809,1,"$104,569",6.5
GB00,11,E,17,14,D,0110,1,GS-14,K,XXXX,8,10,F,1,200809,1,"$111,104",6.0
GB00,11,E,21,15,C,0110,1,GS-15,M,XXXX,2,10,F,1,200809,1,"$130,694",4.9
GB00,11,B,17,09,A,0110,1,GS-09,D,XXXX,8,15,F,1,200809,1,"$48,108",0.9
GB00,11,D,17,13,C,0110,1,GS-13,H,XXXX,8,10,F,1,200809,1,"$88,493",4.2
GB00,11,E,17,12,C,0110,1,GS-12,G,XXXX,8,10,F,1,200809,1,"$72,090",3.9
HE10,11,K,21,15,J,0110,1,GM-15,N,XXXX,5,10,F,1,200809,1,"$149,000",39.5
HE10,11,K,04,14,F,0110,1,GS-14,L,XXXX,8,10,F,1,200809,1,"$127,442",17.6
HE10,11,J,21,14,I,0110,1,GM-14,L,XXXX,5,10,F,1,200809,1,"$127,442",30.9
HE10,11,F,18,14,D,0110,1,GS-14,J,XXXX,8,10,P,2,200809,1,"$104,569",9.2
HE10,11,H,21,15,F,0110,1,GS-15,N,XXXX,8,15,F,1,200809,1,"$149,000",16.0
HE33,24,J,17,,E,0110,1,RS-00,R,XXXX,2,38,F,1,200809,1,"$191,300",13.5
HE33,24,G,21,,F,0110,1,AD-00,O,XXXX,8,48,F,2,200809,1,"$155,495",15.9
HE33,24,G,21,15,F,0110,1,GS-15,N,XXXX,2,10,F,1,200809,1,"$146,071",16.8
HE33,24,H,21,15,F,0110,1,GS-15,N,XXXX,8,10,F,1,200809,1,"$149,000",15.1
HE33,24,G,21,14,F,0110,1,GS-14,L,XXXX,8,10,F,1,200809,1,"$127,442",18.9
HE33,24,J,22,14,H,0110,1,GS-14,L,XXXX,8,10,P,2,200809,1,"$127,442",29.2
HE33,24,H,21,14,F,0110,1,GS-14,L,XXXX,8,10,F,1,200809,1,"$127,442",17.4
HE33,24,H,21,,D,0110,1,AD-00,L,XXXX,8,48,F,2,200809,1,"$127,442",6.3
HE33,24,F,01,,E,0110,1,EE-00,N,XXXX,8,48,F,2,200809,1,"$141,436",11.1
HE33,24,E,21,,D,0110,1,AD-00,K,XXXX,8,48,F,2,200809,1,"$115,515",8.8
HE33,24,F,21,,D,0110,1,AD-00,K,XXXX,8,48,P,2,200809,1,"$114,372",8.1
HE33,24,G,13,14,F,0110,1,GS-14,L,XXXX,8,10,P,2,200809,1,"$127,442",17.3
HE33,24,J,21,14,H,0110,1,GS-14,K,XXXX,8,10,F,1,200809,1,"$117,639",28.5
HE33,24,E,21,,C,0110,1,AD-00,K,XXXX,8,48,F,2,200809,1,"$118,074",3.1
HE33,24,J,21,15,J,0110,1,GS-15,N,XXXX,8,10,F,1,200809,1,"$149,000",35.3
HE33,24,G,21,,D,0110,1,AD-00,K,XXXX,8,48,F,2,200809,1,"$114,372",9.0
HE33,24,F,21,,D,0110,1,AD-00,L,XXXX,8,48,F,2,200809,1,"$127,442",8.8
HE33,24,F,21,15,E,0110,1,GS-15,N,XXXX,8,10,F,1,200809,1,"$149,000",13.0
HE36,24,F,17,13,F,0110,1,GS-13,J,XXXX,8,10,F,1,200809,1,"$102,323",18.3
HE36,24,D,21,13,D,0110,1,GS-13,I,XXXX,8,10,F,1,200809,1,"$99,557",5.3
HE36,24,E,16,14,D,0110,1,GS-14,K,XXXX,8,15,F,1,200809,1,"$114,372",9.3
HE36,24,J,04,08,J,0119,3,GS-08,E,XXXX,8,10,F,1,200809,1,"$53,720",40.8
HE36,24,E,21,13,A,0110,1,GS-13,I,XXXX,8,15,F,1,200809,1,"$99,557",0.3
HE36,24,H,21,13,G,0110,1,GS-13,J,XXXX,8,10,F,1,200809,1,"$102,323",21.1
HE36,24,F,21,14,D,0110,1,GS-14,J,XXXX,8,20,F,2,200809,1,"$107,836",7.2
HE36,24,G,15,,C,0110,1,ES-**,O,XXXX,2,50,F,1,200809,1,"$159,430",4.2
HE36,24,E,21,14,D,0110,1,GS-14,K,XXXX,8,15,F,1,200809,1,"$111,104",6.1
HE36,24,I,21,15,E,0110,1,GS-15,L,XXXX,2,10,F,1,200809,1,"$126,850",13.3
HE36,24,G,17,14,F,0110,1,GS-14,K,XXXX,8,10,F,1,200809,1,"$111,104",17.4
HE36,24,G,21,14,D,0110,1,GS-14,J,XXXX,8,15,F,1,200809,1,"$107,836",8.3
HE36,24,F,14,14,D,0110,1,GS-14,K,XXXX,8,10,F,1,200809,1,"$114,372",9.4
HE36,24,F,21,13,A,0110,1,GS-13,H,XXXX,8,15,F,1,200809,1,"$82,961",0.7
HE36,24,I,13,13,E,0110,1,GS-13,I,XXXX,8,15,P,2,200809,1,"$96,791",10.4
HE36,24,J,17,14,H,0110,1,GS-14,L,XXXX,2,10,F,1,200809,1,"$127,442",29.7
HE36,24,G,21,,F,0110,1,AD-00,N,XXXX,2,48,F,2,200809,1,"$146,818",16.3
HE36,24,I,13,14,I,0110,1,GS-14,L,XXXX,8,10,F,1,200809,1,"$120,907",33.8
HE36,24,G,17,14,F,0110,1,GS-14,J,XXXX,8,10,F,1,200809,1,"$104,569",17.7
HE38,24,K,22,,A,0110,1,EI-00,E,XXXX,8,48,I,2,200809,1,"$52,175",0.5
HE38,24,G,21,15,E,0110,1,GS-15,M,XXXX,8,10,F,1,200809,1,"$134,538",10.5
HE38,24,F,21,,B,0110,1,EI-00,E,XXXX,8,48,I,2,200809,1,"$52,175",2.7
HE38,24,I,21,14,F,0110,1,GS-14,K,XXXX,8,10,F,1,200809,1,"$117,639",19.8
HE38,24,K,22,,B,0110,1,EI-00,E,XXXX,8,48,I,2,200809,1,"$52,175",2.3
HE38,24,J,21,15,G,0110,1,GS-15,N,XXXX,8,10,F,1,200809,1,"$149,000",21.1
HE38,24,J,21,,G,0110,1,AD-00,R,XXXX,2,48,F,2,200809,1,"$180,731",20.2
HE38,24,D,21,15,D,0110,1,GS-15,M,XXXX,8,10,F,1,200809,1,"$130,694",7.3
HE38,24,G,21,,B,0110,1,EI-00,E,XXXX,8,48,I,2,200809,1,"$52,175",2.4
HE38,24,J,21,15,H,0110,1,GS-15,M,XXXX,8,10,F,1,200809,1,"$138,383",28.3
HE38,24,K,22,,B,0110,1,EI-00,E,XXXX,8,48,I,2,200809,1,"$52,175",1.3
HE38,24,G,21,,A,0110,1,EI-00,E,XXXX,8,48,I,2,200809,1,"$52,175",0.4
HE38,24,I,21,15,H,0110,1,GS-15,N,XXXX,2,10,F,1,200809,1,"$149,000",25.4
HE38,24,J,21,,B,0110,1,EI-00,E,XXXX,8,48,I,2,200809,1,"$52,175",1.3
HE38,24,J,21,,B,0110,1,EI-00,E,XXXX,8,48,I,2,200809,1,"$52,175",2.7
HE39,13,F,21,14,D,0110,1,GS-14,K,XXXX,8,10,F,1,200809,1,"$110,975",9.3
HE39,13,G,22,14,D,0110,1,GS-14,J,XXXX,8,10,F,1,200809,1,"$104,634",7.0
HE39,13,F,21,,D,0110,1,AD-00,I,XXXX,8,48,F,2,200809,1,"$95,122",7.0
HE39,13,G,22,14,D,0110,1,GS-14,K,XXXX,8,10,F,1,200809,1,"$110,975",9.7
HE39,13,F,17,13,D,0110,1,GS-13,I,XXXX,8,10,F,1,200809,1,"$96,600",8.0
HE39,13,F,18,14,D,0110,1,GS-14,J,XXXX,8,10,F,1,200809,1,"$104,634",5.8
HE39,13,F,21,14,C,0110,1,GS-14,K,XXXX,8,10,F,1,200809,1,"$117,316",4.6
HE39,13,G,21,,B,0110,1,AD-00,G,XXXX,8,48,F,2,200809,1,"$72,206",1.2
HE39,11,E,22,,A,0110,1,AD-00,G,XXXX,8,48,F,2,200809,1,"$72,090",0.3
HE39,13,G,21,14,D,0110,1,GS-14,K,XXXX,8,10,F,1,200809,1,"$110,975",9.5
HE39,13,F,21,,D,0110,1,AD-00,I,XXXX,8,48,F,2,200809,1,"$95,122",7.0
HE39,13,G,22,13,D,0110,1,GS-13,I,XXXX,8,10,F,1,200809,1,"$93,916",6.5
HE39,13,G,04,,C,0110,1,AD-00,H,XXXX,8,48,F,2,200809,1,"$85,865",4.9
HE39,13,E,17,,B,0110,1,AD-00,H,XXXX,8,48,F,2,200809,1,"$83,181",1.8
HE39,13,E,21,,B,0110,1,AD-00,G,XXXX,8,48,F,2,200809,1,"$72,206",1.2
HE39,13,D,21,,B,0110,1,AD-00,G,XXXX,8,48,F,2,200809,1,"$72,206",1.2
HE39,13,E,22,,A,0110,1,AD-00,H,XXXX,8,48,F,2,200809,1,"$80,497",0.2
HE39,13,E,21,,D,0110,1,AD-00,I,XXXX,8,48,F,2,200809,1,"$98,293",8.2
HE39,13,C,21,,A,0110,1,AD-00,F,XXXX,8,48,F,2,200809,1,"$67,693",0.2
HE39,13,H,21,13,D,0110,1,GS-13,I,XXXX,8,10,F,1,200809,1,"$93,916",9.2
HE39,13,G,21,14,E,0110,1,GS-14,K,XXXX,8,10,F,1,200809,1,"$114,146",12.3
HE39,54,J,21,13,H,0110,1,GS-13,J,XXXX,8,10,F,1,200809,1,"$100,976",25.7
HE39,13,G,21,14,D,0110,1,GS-14,J,XXXX,8,10,F,1,200809,1,"$101,463",7.0
HE39,13,H,21,14,E,0110,1,GS-14,K,XXXX,8,10,F,1,200809,1,"$114,146",11.1
HE39,39,E,21,,C,0110,1,AD-00,G,XXXX,8,48,F,2,200809,1,"$77,027",4.0
HE39,39,E,21,,B,0110,1,AD-00,G,XXXX,8,48,F,2,200809,1,"$70,230",1.8
HE39,13,D,21,,B,0110,1,AD-00,G,XXXX,8,48,F,2,200809,1,"$72,206",1.2
HE39,13,H,22,14,E,0110,1,GS-14,K,XXXX,8,10,F,1,200809,1,"$114,146",10.3
HE39,39,H,22,13,D,0110,1,GS-13,H,XXXX,8,10,F,1,200809,1,"$86,209",9.8
HE39,13,D,22,,A,0110,1,AD-00,F,XXXX,8,48,F,2,200809,1,"$67,693",0.2
HE39,13,F,21,,D,0110,1,AD-00,I,XXXX,8,48,F,2,200809,1,"$93,916",7.0
HE39,13,D,17,,B,0110,1,AD-00,H,XXXX,8,48,F,2,200809,1,"$80,497",2.0
HE39,13,I,22,14,D,0110,1,GS-14,K,XXXX,8,10,F,1,200809,1,"$114,146",9.7
HE39,54,I,21,14,G,0110,1,GS-14,K,XXXX,8,10,F,1,200809,1,"$110,137",23.0
HE39,13,E,21,,C,0110,1,AD-00,H,XXXX,8,48,F,2,200809,1,"$83,181",4.0
HE39,13,E,22,,D,0110,1,AD-00,H,XXXX,8,48,F,2,200809,1,"$88,549",7.0
HE39,13,H,18,,B,0110,1,AD-00,H,XXXX,8,48,F,2,200809,1,"$83,181",2.3
HE39,13,H,21,,D,0110,1,AD-00,I,XXXX,8,48,F,2,200809,1,"$98,293",6.0
HE39,13,D,21,,B,0110,1,AD-00,H,XXXX,8,48,F,2,200809,1,"$88,549",2.2
HE39,13,F,22,,D,0110,1,AD-00,J,XXXX,8,48,F,2,200809,1,"$104,652",9.9
HE39,13,G,21,,D,0110,1,AD-00,H,XXXX,8,48,F,2,200809,1,"$80,497",6.0
HE39,13,F,21,14,E,0110,1,GS-14,K,XXXX,8,10,F,1,200809,1,"$114,146",10.2
HE39,13,D,21,,C,0110,1,AD-00,H,XXXX,8,48,F,2,200809,1,"$80,497",3.3
HE39,24,F,21,,C,0110,1,AD-00,K,XXXX,8,48,F,2,200809,1,"$114,372",3.1
HE39,13,D,21,,A,0110,1,AD-00,F,XXXX,8,48,F,2,200809,1,"$67,693",0.2
HE39,13,H,21,14,D,0110,1,GS-14,K,XXXX,8,10,F,1,200809,1,"$114,146",9.3
HE39,13,G,21,,E,0110,1,AD-00,M,XXXX,8,38,F,1,200809,1,"$130,170",11.6
HE39,13,D,21,,A,0110,1,AD-00,F,XXXX,8,48,F,2,200809,1,"$67,693",0.2
HE39,13,J,21,,A,0110,1,AD-00,J,XXXX,8,48,F,2,200809,1,"$107,805",0.1
HE70,24,H,14,14,H,0110,1,GS-14,L,XXXX,8,10,F,1,200809,1,"$120,907",27.0
HE70,24,H,13,15,G,0110,1,GS-15,M,XXXX,2,10,F,1,200809,1,"$134,538",24.9
HE70,11,F,17,14,E,0110,1,GS-14,K,XXXX,8,10,P,2,200809,1,"$117,639",10.6
HE70,24,D,13,13,D,0110,1,GS-13,H,XXXX,8,10,F,1,200809,1,"$85,727",9.0
HE70,24,G,17,15,F,0110,1,GS-15,N,XXXX,8,10,F,1,200809,1,"$149,000",15.3
HE70,24,C,13,13,B,0110,1,GS-13,I,XXXX,8,15,F,1,200809,1,"$96,791",1.8
HE70,24,E,13,,F,0110,1,ES-**,N,XXXX,2,50,F,1,200809,1,"$147,994",16.3
HE70,24,F,13,15,F,0110,1,GS-15,L,XXXX,8,10,F,1,200809,1,"$126,850",17.7
HE70,24,I,17,15,I,0110,1,GS-15,N,XXXX,8,10,F,1,200809,1,"$149,000",34.0
HE70,24,B,13,09,B,0110,1,GS-09,D,XXXX,8,32,F,1,200809,1,"$48,108",1.8
HE70,24,I,17,14,I,0110,1,GS-14,L,XXXX,8,10,F,1,200809,1,"$127,442",34.3
HE70,24,E,21,13,B,0110,1,GS-13,H,XXXX,8,15,F,1,200809,1,"$88,493",2.3
HE70,24,H,21,14,C,0110,1,GS-14,J,XXXX,8,10,F,1,200809,1,"$101,301",3.1
HE70,24,K,21,15,J,0110,1,GS-15,N,XXXX,8,10,F,1,200809,1,"$149,000",36.9
HE70,24,E,13,13,F,0110,1,GS-13,I,XXXX,8,10,F,1,200809,1,"$99,557",17.3
HE70,24,E,13,14,E,0110,1,GS-14,K,XXXX,8,10,F,1,200809,1,"$111,104",14.2
HE70,11,D,17,14,D,0110,1,GS-14,J,XXXX,8,10,F,1,200809,1,"$101,301",5.6
HE70,24,F,13,13,E,0110,1,GS-13,I,XXXX,8,10,F,1,200809,1,"$99,557",14.4
HE70,24,C,13,13,C,0110,1,GS-13,H,XXXX,8,10,F,1,200809,1,"$82,961",4.3
HE70,24,D,21,14,B,0110,1,GS-14,J,XXXX,8,15,F,1,200809,1,"$101,301",1.0
HE70,24,E,17,13,E,0110,1,GS-13,I,XXXX,8,10,F,1,200809,1,"$96,791",14.2
HE70,24,G,21,13,D,0110,1,GS-13,I,XXXX,8,10,F,1,200809,1,"$96,791",9.6
HE70,24,E,13,14,F,0110,1,GS-14,J,XXXX,8,10,F,1,200809,1,"$107,836",16.3
HE70,24,I,21,15,I,0110,1,GS-15,N,XXXX,8,10,F,1,200809,1,"$146,071",31.2
HE70,24,I,21,15,E,0110,1,GS-15,M,XXXX,8,10,F,1,200809,1,"$130,694",14.5
HE70,24,H,13,14,H,0110,1,GS-14,L,XXXX,8,10,F,1,200809,1,"$120,907",29.7
HE70,24,E,13,14,E,0110,1,GS-14,J,XXXX,2,10,F,1,200809,1,"$104,569",13.0
HE70,24,K,21,15,H,0110,1,GS-15,N,XXXX,8,10,F,1,200809,1,"$149,000",29.7
HE70,24,D,13,14,D,0110,1,GS-14,I,XXXX,8,10,F,1,200809,1,"$98,033",9.3
HE70,24,F,21,13,C,0110,1,GS-13,J,XXXX,8,15,F,1,200809,1,"$107,854",3.0
HE70,24,K,17,13,I,0110,1,GS-13,J,XXXX,8,10,F,1,200809,1,"$107,854",34.2
HE70,24,C,13,11,B,0110,1,GS-11,F,XXXX,8,32,F,1,200809,1,"$60,146",1.9
HSAA,11,F,17,,F,0110,1,SL-00,M,XXXX,8,10,F,1,200809,1,"$138,755",16.7
HSAA,11,F,17,15,F,0110,1,GS-15,L,XXXX,8,10,F,1,200809,1,"$126,850",19.8
HSAA,11,F,21,15,C,0110,1,GS-15,M,XXXX,8,10,F,1,200809,1,"$134,538",3.0
HSAA,11,E,17,14,D,0110,1,GS-14,J,XXXX,8,10,F,1,200809,1,"$104,569",8.8
HSAA,11,H,17,15,H,0110,1,GS-15,M,XXXX,8,10,F,1,200809,1,"$138,383",28.3
HSAA,11,H,18,14,H,0110,1,GS-14,L,XXXX,8,10,F,1,200809,1,"$127,442",28.5
HSAA,11,E,19,14,D,0110,1,GS-14,J,XXXX,8,15,F,1,200809,1,"$101,301",6.2
HSAC,11,F,17,13,A,0110,1,GS-13,H,XXXX,8,15,F,1,200809,1,"$82,961",0.1
HSAC,11,I,17,13,B,0110,1,GS-13,I,XXXX,8,15,F,1,200809,1,"$94,025",2.3
HSAC,11,E,17,13,A,0110,1,GS-13,H,XXXX,8,15,F,1,200809,1,"$82,961",0.0
HSAC,11,G,17,14,D,0110,1,GS-14,J,XXXX,8,15,F,1,200809,1,"$107,836",8.0
HSAC,11,F,21,13,A,0110,1,GS-13,I,XXXX,8,10,F,1,200809,1,"$99,557",0.3
HSAC,11,J,21,13,D,0110,1,GS-13,J,XXXX,8,15,F,1,200809,1,"$107,854",5.1
HSAC,11,F,13,13,C,0110,1,GS-13,H,XXXX,8,15,F,1,200809,1,"$82,961",4.0
HSAC,11,H,13,13,A,0110,1,GS-13,H,XXXX,8,15,F,1,200809,1,"$82,961",0.6
HSAC,11,F,17,15,D,0110,1,GS-15,K,XXXX,2,10,F,1,200809,1,"$115,317",8.3
HSAC,51,C,17,12,B,0110,1,GS-12,F,XXXX,8,15,F,1,200809,1,"$69,764",2.1
HSAC,11,F,17,14,D,0110,1,GS-14,I,XXXX,8,10,F,1,200809,1,"$98,033",9.1
HSAC,11,G,21,14,E,0110,1,GS-14,J,XXXX,8,10,F,1,200809,1,"$107,836",13.5
HSAC,11,C,17,12,C,0110,1,GS-12,F,XXXX,8,15,F,1,200809,1,"$69,764",3.0
HSBB,11,C,11,14,D,0110,1,GS-14,I,XXXX,8,10,F,1,200809,1,"$98,033",6.0
HSBC,51,C,17,,D,0110,1,SV-H,H,XXXX,8,38,F,1,200809,1,"$83,001",5.2
HSBC,51,C,,,A,0110,1,SV-G,F,XXXX,8,48,F,2,200809,1,"$64,247",0.1
HSBC,51,C,13,,D,0110,1,SV-I,H,XXXX,8,38,F,1,200809,1,"$83,718",8.3
HSBC,51,J,17,,H,0110,1,SV-K,L,XXXX,8,38,F,1,200809,1,"$123,756",29.3
HSBC,51,H,14,,H,0110,1,SV-K,K,XXXX,8,38,F,1,200809,1,"$115,132",27.0
HSBC,51,I,14,,J,0110,1,SV-L,N,XXXX,2,38,F,1,200809,1,"$145,164",38.0
HSBC,51,B,,,A,0110,1,SV-G,E,XXXX,8,48,F,2,200809,1,"$58,027",0.5
HSBC,51,I,17,,I,0110,1,SV-K,L,XXXX,8,38,F,1,200809,1,"$128,519",30.8
HSBD,11,E,21,14,C,0110,1,GS-14,J,XXXX,2,15,F,1,200809,1,"$104,569",4.8
HSBD,11,D,13,15,D,0110,1,GS-15,L,XXXX,2,10,F,1,200809,1,"$123,006",7.8
HSCB,11,F,04,14,E,0110,1,GS-14,J,XXXX,8,10,F,1,200809,1,"$107,836",10.6
HSDA,11,H,14,15,H,0110,1,GS-15,N,XXXX,8,10,F,1,200809,1,"$142,227",29.8
HU01,25,J,13,14,J,0110,1,GS-14,K,XXXX,2,10,F,1,200809,1,"$119,216",35.5
HU02,36,I,13,13,I,0110,1,GS-13,J,XXXX,8,10,F,1,200809,1,"$102,930",34.8
HU03,42,G,17,09,A,0110,1,GS-09,F,XXXX,8,30,F,1,200809,1,"$62,158",0.1
HU03,42,F,17,13,G,0110,1,GS-13,I,XXXX,8,10,F,1,200809,1,"$93,441",20.3
HU03,42,J,14,14,J,0110,1,GS-14,L,XXXX,8,10,F,1,200809,1,"$120,157",36.9
HU03,48,F,17,09,C,0110,1,GS-09,D,XXXX,8,32,F,1,200809,1,"$47,253",3.6
HU03,48,C,17,07,A,0110,1,GS-07,C,XXXX,8,32,F,1,200809,1,"$38,631",0.0
HU03,42,D,17,09,A,0110,1,GS-09,D,XXXX,8,15,F,1,200809,1,"$47,810",0.2
HU04,13,D,13,09,A,0110,1,GS-09,D,XXXX,8,32,F,1,200809,1,"$46,680",0.1
HU04,13,D,17,09,A,0110,1,GS-09,D,XXXX,8,32,F,1,200809,1,"$46,680",0.1
HU04,12,G,17,12,B,0110,1,GS-12,F,XXXX,8,15,F,1,200809,1,"$65,315",2.8
HU04,13,I,17,14,I,0110,1,GS-14,K,XXXX,2,10,F,1,200809,1,"$114,146",31.5
HU04,13,C,17,12,B,0110,1,GS-12,F,XXXX,8,15,F,1,200809,1,"$67,693",2.0
HU04,12,I,13,13,J,0110,1,GS-13,I,XXXX,8,10,F,1,200809,1,"$95,797",38.3
HU04,13,E,17,13,D,0110,1,GS-13,H,XXXX,8,10,F,1,200809,1,"$85,865",6.2
HU04,04,C,04,12,C,0110,1,GS-12,F,XXXX,8,10,F,1,200809,1,"$67,493",4.1
HU05,17,J,17,14,J,0110,1,GM-14,L,XXXX,2,10,F,1,200809,1,"$129,835",41.0
HU05,17,G,14,12,F,0110,1,GS-12,H,XXXX,8,10,F,1,200809,1,"$85,292",19.0
HU05,17,F,13,13,B,0110,1,GS-13,H,XXXX,8,15,F,1,200809,1,"$87,336",2.0
HU06,48,J,04,14,F,0110,1,GS-14,K,XXXX,2,10,F,1,200809,1,"$115,547",19.3
HU06,48,C,04,11,C,0110,1,GS-11,E,XXXX,8,15,F,1,200809,1,"$57,171",3.3
HU06,48,F,17,12,C,0110,1,GS-12,G,XXXX,8,10,F,1,200809,1,"$70,808",4.1
HU06,48,C,04,12,C,0110,1,GS-12,G,XXXX,8,15,F,1,200809,1,"$70,808",4.1
HU08,08,B,04,11,B,0110,1,GS-11,E,XXXX,8,32,F,1,200809,1,"$58,274",2.0
HU08,08,J,17,14,H,0110,1,GS-14,K,XXXX,2,10,F,1,200809,1,"$114,504",27.4
HU08,08,E,17,12,C,0110,1,GS-12,G,XXXX,8,10,F,1,200809,1,"$72,174",3.1
HU09,06,I,14,14,J,0110,1,GM-14,M,XXXX,2,10,F,1,200809,1,"$139,713",35.7
HU09,06,F,13,12,F,0110,1,GS-12,I,XXXX,8,10,F,1,200809,1,"$96,881",17.5
HU09,06,J,18,13,J,0110,1,GS-13,K,XXXX,8,10,F,1,200809,1,"$111,753",39.3
HU10,53,F,12,14,F,0110,1,GS-14,K,XXXX,2,10,F,1,200809,1,"$113,293",17.3
HU10,41,J,17,13,G,0110,1,GS-13,J,XXXX,8,10,F,1,200809,1,"$105,918",22.7
HU10,53,G,14,09,B,0110,1,GS-09,D,XXXX,8,32,F,1,200809,1,"$47,655",2.0
HUEE,11,F,21,15,D,0110,1,GS-15,K,XXXX,8,10,F,1,200809,1,"$119,161",8.0
HUFH,11,J,17,,H,0110,1,OE-01,R,XXXX,2,10,F,1,200809,1,"$212,350",25.1
HUFH,11,D,21,,D,0110,1,OF-20,M,XXXX,8,10,F,1,200809,1,"$138,000",6.2
HUFH,11,E,21,,C,0110,1,OF-21,M,XXXX,8,10,F,1,200809,1,"$136,975",3.6
HUMM,11,C,17,13,A,0110,1,GS-13,H,XXXX,8,15,F,1,200809,1,"$82,961",0.8
HUMM,11,G,21,15,F,0110,1,GS-15,M,XXXX,8,10,F,1,200809,1,"$134,538",17.3
HUMM,11,I,04,15,D,0110,1,GS-15,L,XXXX,8,10,F,1,200809,1,"$123,006",8.3
HUMM,11,D,17,15,B,0110,1,GS-15,K,XXXX,8,15,F,1,200809,1,"$115,317",2.0
HUMM,11,I,20,14,D,0110,1,GS-14,K,XXXX,8,10,F,1,200809,1,"$111,104",9.6
HUPP,11,I,13,13,D,0110,1,GS-13,I,XXXX,8,10,F,1,200809,1,"$99,557",9.7
HURR,11,H,17,15,I,0110,1,GS-15,N,XXXX,2,10,F,1,200809,1,"$142,227",30.0
HURR,11,I,21,13,C,0110,1,GS-13,I,XXXX,8,10,F,1,200809,1,"$91,259",4.7
HURR,11,H,21,15,F,0110,1,GS-15,M,XXXX,8,10,F,1,200809,1,"$130,694",15.9
HURR,11,F,21,,F,0110,1,ES-**,N,XXXX,2,50,F,1,200809,1,"$146,686",17.3
HURR,11,G,04,14,C,0110,1,GS-14,J,XXXX,8,10,F,1,200809,1,"$107,836",3.9
HURR,11,I,21,12,C,0110,1,GS-12,G,XXXX,8,10,F,1,200809,1,"$72,090",3.0
HURR,11,I,21,15,H,0110,1,GS-15,N,XXXX,2,10,F,1,200809,1,"$149,000",28.6
HURR,11,K,21,15,I,0110,1,GS-15,M,XXXX,2,10,F,1,200809,1,"$134,538",31.3
HURR,11,I,21,13,F,0110,1,GS-13,J,XXXX,8,10,F,1,200809,1,"$107,854",15.9
HURR,11,I,17,15,J,0110,1,GS-15,N,XXXX,2,10,F,1,200809,1,"$149,000",36.2
HURR,11,D,13,11,B,0110,1,GS-11,G,XXXX,8,15,F,1,200809,1,"$75,669",1.1
HURR,11,E,04,13,B,0110,1,GS-13,J,XXXX,8,15,F,1,200809,1,"$107,854",2.8
HURR,11,J,21,14,F,0110,1,GS-14,L,XXXX,8,10,F,1,200809,1,"$124,175",17.4
HURR,11,E,21,14,C,0110,1,GS-14,I,XXXX,8,10,F,1,200809,1,"$98,033",4.4
HURR,11,F,21,15,D,0110,1,GS-15,K,XXXX,2,10,F,1,200809,1,"$115,317",8.5
HURR,11,D,20,14,D,0110,1,GS-14,J,XXXX,8,10,F,1,200809,1,"$101,301",6.2
HURR,11,H,17,14,E,0110,1,GS-14,K,XXXX,8,10,F,1,200809,1,"$117,639",10.8
HURR,11,G,17,14,G,0110,1,GS-14,L,XXXX,8,10,F,1,200809,1,"$120,907",21.0
HURR,11,H,17,15,F,0110,1,GS-15,M,XXXX,8,10,F,1,200809,1,"$130,694",17.7
HURR,11,E,17,14,B,0110,1,GS-14,K,XXXX,8,15,F,1,200809,1,"$111,104",2.9
IN01,11,I,21,14,C,0110,1,GS-14,L,XXXX,8,10,F,1,200809,1,"$124,175",4.6
IN01,11,E,14,13,C,0110,1,GS-13,H,XXXX,8,10,F,1,200809,1,"$82,961",3.2
IN01,11,J,17,15,H,0110,1,GS-15,N,XXXX,8,10,F,1,200809,1,"$149,000",27.2
IN01,11,H,17,15,G,0110,1,GS-15,M,XXXX,8,10,F,1,200809,1,"$134,538",23.8
IN01,11,F,21,15,D,0110,1,GS-15,L,XXXX,8,10,F,1,200809,1,"$123,006",9.3
IN01,08,G,17,13,G,0110,1,GS-13,J,XXXX,8,10,F,1,200809,1,"$105,210",21.0
IN05,02,J,17,13,I,0110,1,GS-13,H,XXXX,8,10,F,1,200809,1,"$82,353",33.0
IN05,11,I,17,14,H,0110,1,GS-14,L,XXXX,8,10,F,1,200809,1,"$127,442",29.9
IN05,08,J,18,12,J,0110,1,GS-12,I,XXXX,8,10,F,1,200809,1,"$90,803",36.9
IN05,56,J,17,13,I,0110,1,GS-13,J,XXXX,8,10,F,1,200809,1,"$100,976",32.3
IN05,30,I,13,13,H,0110,1,GS-13,I,XXXX,2,10,F,1,200809,1,"$90,618",28.3
IN05,56,C,17,09,A,0110,1,GS-09,D,XXXX,8,15,F,1,200809,1,"$45,040",0.5
IN05,56,E,17,12,E,0110,1,GS-12,G,XXXX,8,10,F,1,200809,1,"$71,848",10.2
IN05,02,H,17,13,G,0110,1,GS-13,G,XXXX,8,10,F,1,200809,1,"$77,777",21.3
IN05,32,I,17,14,I,0110,1,GS-14,K,XXXX,8,10,F,1,200809,1,"$119,314",30.6
IN05,08,B,14,09,B,0110,1,GS-09,D,XXXX,8,42,F,2,200809,1,"$48,164",1.7
IN07,16,E,17,12,D,0110,1,GS-12,G,XXXX,8,10,F,1,200809,1,"$74,025",8.3
IN07,08,I,17,12,F,0110,1,GS-12,H,XXXX,8,10,F,1,200809,1,"$86,146",19.9
IN07,16,H,13,12,H,0110,1,GS-12,H,XXXX,8,10,F,1,200809,1,"$84,913",29.8
IN07,08,H,17,13,G,0110,1,GS-13,I,XXXX,8,10,F,1,200809,1,"$99,672",21.5
IN07,49,I,17,13,H,0110,1,GS-13,I,XXXX,8,10,F,1,200809,1,"$98,386",26.8
IN07,32,C,13,11,D,0110,1,GS-11,E,XXXX,8,10,F,1,200809,1,"$58,127",7.3
IN07,30,I,17,12,I,0110,1,GS-12,H,XXXX,8,10,F,1,200809,1,"$84,913",32.8
IN07,08,I,17,12,G,0110,1,GS-12,H,XXXX,8,10,F,1,200809,1,"$86,146",23.5
IN07,08,H,21,12,E,0110,1,GS-12,H,XXXX,8,10,F,1,200809,1,"$83,817",13.9
IN07,08,G,17,13,G,0110,1,GS-13,J,XXXX,8,10,F,1,200809,1,"$102,441",22.8
IN07,06,H,15,12,F,0110,1,GS-12,I,XXXX,8,10,F,1,200809,1,"$90,336",16.3
IN07,08,H,17,13,H,0110,1,GS-13,I,XXXX,8,10,F,1,200809,1,"$99,672",27.9
IN07,08,H,21,13,G,0110,1,GS-13,I,XXXX,8,10,F,1,200809,1,"$99,672",20.1
IN07,06,J,13,11,G,0110,1,GS-11,F,XXXX,8,10,F,1,200809,1,"$67,548",22.1
IN07,08,I,17,14,H,0110,1,GS-14,K,XXXX,2,10,F,1,200809,1,"$114,504",25.9
IN07,06,F,13,12,G,0110,1,GS-12,H,XXXX,8,10,F,1,200809,1,"$83,277",20.0
IN07,06,K,17,12,I,0110,1,GS-12,I,XXXX,8,10,F,1,200809,1,"$90,218",31.1
IN07,30,C,13,12,D,0110,1,GS-12,G,XXXX,8,10,F,1,200809,1,"$71,848",9.3
IN07,49,C,13,11,D,0110,1,GS-11,E,XXXX,8,10,F,1,200809,1,"$59,944",7.3
IN07,49,C,17,09,A,0110,1,GS-09,D,XXXX,8,32,F,1,200809,1,"$45,040",0.3
IN07,08,F,17,12,F,0110,1,GS-12,H,XXXX,8,10,F,1,200809,1,"$83,817",16.1
IN07,30,K,21,13,I,0110,1,GS-13,J,XXXX,8,10,F,1,200809,1,"$100,976",30.2
IN07,30,B,13,09,C,0110,1,GS-09,D,XXXX,8,15,F,1,200809,1,"$45,040",3.9
IN07,38,I,13,13,J,0110,1,GS-13,J,XXXX,8,10,F,1,200809,1,"$100,976",38.2
IN07,06,G,17,12,E,0110,1,GS-12,G,XXXX,8,10,F,1,200809,1,"$78,650",10.0
IN07,16,E,13,12,D,0110,1,GS-12,F,XXXX,8,10,F,1,200809,1,"$67,493",7.9
IN07,08,E,17,12,E,0110,1,GS-12,G,XXXX,8,10,F,1,200809,1,"$79,160",10.8
IN07,06,C,17,09,A,0110,1,GS-09,D,XXXX,8,15,F,1,200809,1,"$47,853",0.8
IN07,08,H,17,13,G,0110,1,GS-13,J,XXXX,8,10,F,1,200809,1,"$105,210",23.1
IN08,51,E,17,13,E,0110,1,GS-13,I,XXXX,8,10,F,1,200809,1,"$94,025",12.2
IN08,51,J,21,15,J,0110,1,GS-15,N,XXXX,8,10,F,1,200809,1,"$149,000",36.0
IN08,51,E,13,12,D,0110,1,GS-12,G,XXXX,8,10,F,1,200809,1,"$79,068",8.3
IN08,51,F,21,13,C,0110,1,GS-13,H,XXXX,8,10,F,1,200809,1,"$88,493",4.0
IN08,51,I,13,14,J,0110,1,GS-14,L,XXXX,8,10,F,1,200809,1,"$127,442",36.4
IN08,06,J,14,15,J,0110,1,GS-15,N,XXXX,8,10,F,1,200809,1,"$149,000",35.7
IN08,55,G,21,13,E,0110,1,GS-13,I,XXXX,8,10,F,1,200809,1,"$90,618",10.8
IN08,08,K,21,13,G,0110,1,GS-13,J,XXXX,8,10,F,1,200809,1,"$102,441",21.8
IN08,51,I,13,14,J,0110,1,GS-14,K,XXXX,2,10,F,1,200809,1,"$117,639",35.2
IN08,08,E,15,13,E,0110,1,GS-13,I,XXXX,8,10,P,2,200809,1,"$91,364",11.7
IN08,51,H,17,15,H,0110,1,GS-15,N,XXXX,8,10,F,1,200809,1,"$149,000",28.7
IN08,51,E,17,12,D,0110,1,GS-12,G,XXXX,8,10,F,1,200809,1,"$72,090",8.3
IN08,51,H,21,14,F,0110,1,GS-14,K,XXXX,8,10,F,1,200809,1,"$111,104",17.7
IN08,51,J,21,15,J,0110,1,GS-15,N,XXXX,2,10,F,1,200809,1,"$149,000",35.2
IN08,51,E,17,11,A,0110,1,GS-11,E,XXXX,8,15,F,1,200809,1,"$58,206",0.0
IN08,51,F,18,11,A,0110,1,GS-11,E,XXXX,8,15,F,1,200809,1,"$58,206",0.1
IN10,08,H,21,14,F,0110,1,GS-14,K,XXXX,8,10,F,1,200809,1,"$111,233",19.9
IN10,08,C,12,13,D,0110,1,GS-13,H,XXXX,8,10,F,1,200809,1,"$85,826",5.9
IN15,51,F,17,14,D,0110,1,GS-14,K,XXXX,8,10,F,1,200809,1,"$114,372",8.5
IN15,51,K,13,14,J,0110,1,GM-14,L,XXXX,2,10,F,1,200809,1,"$127,442",44.3
IN15,51,D,17,13,D,0110,1,GS-13,I,XXXX,8,10,F,1,200809,1,"$94,025",6.5
IN15,51,D,21,13,C,0110,1,GS-13,H,XXXX,8,10,F,1,200809,1,"$85,727",3.3
IN15,51,H,17,13,G,0110,1,GS-13,J,XXXX,8,10,F,1,200809,1,"$107,854",23.0
IN15,51,J,21,15,J,0110,1,GS-15,N,XXXX,2,10,F,1,200809,1,"$146,071",35.8
IN15,51,I,21,14,F,0110,1,GS-14,K,XXXX,8,10,F,1,200809,1,"$117,639",19.9
IN22,11,I,17,14,I,0110,1,GS-14,L,XXXX,8,10,F,1,200809,1,"$127,442",30.3
IN22,11,C,13,12,D,0110,1,GS-12,F,XXXX,8,15,F,1,200809,1,"$69,764",5.8
IN23,51,J,21,14,H,0110,1,GS-14,L,XXXX,8,10,F,1,200809,1,"$127,442",27.3
IN23,11,K,21,14,J,0110,1,GM-14,L,XXXX,5,10,F,1,200809,1,"$127,442",36.9
IN23,08,H,13,12,I,0110,1,GS-12,I,XXXX,8,10,F,1,200809,1,"$90,803",30.3
IN23,08,H,17,12,C,0110,1,GS-12,G,XXXX,8,10,F,1,200809,1,"$76,831",4.8
IN23,51,H,17,14,I,0110,1,GS-14,L,XXXX,8,10,F,1,200809,1,"$127,442",30.8
IN23,51,K,21,15,J,0110,1,GS-15,N,XXXX,2,10,F,1,200809,1,"$149,000",36.3
IN23,08,J,21,,I,0110,1,ES-**,N,XXXX,2,50,F,1,200809,1,"$145,284",31.6
IN23,22,G,17,14,E,0110,1,GS-14,I,XXXX,2,10,F,1,200809,1,"$97,900",13.1
IN23,51,H,21,14,E,0110,1,GS-14,J,XXXX,8,10,F,1,200809,1,"$104,569",11.1
IN23,22,F,18,13,E,0110,1,GS-13,I,XXXX,8,10,F,1,200809,1,"$95,797",11.0
IN23,51,C,13,13,A,0110,1,GS-13,H,XXXX,8,15,F,1,200809,1,"$82,961",0.6
IN23,51,I,21,14,H,0110,1,GS-14,K,XXXX,8,10,F,1,200809,1,"$117,639",28.2
IN23,51,F,17,14,E,0110,1,GS-14,K,XXXX,8,10,F,1,200809,1,"$114,372",12.3
IN23,08,C,17,11,C,0110,1,GS-11,E,XXXX,8,10,F,1,200809,1,"$58,274",3.5
MC00,11,G,17,13,G,0110,1,GS-13,J,XXXX,8,10,F,1,200809,1,"$107,854",23.0
MC00,11,G,13,13,B,0110,1,GS-13,H,XXXX,8,15,F,1,200809,1,"$82,961",2.2
MC00,11,I,17,14,H,0110,1,GS-14,K,XXXX,8,10,F,1,200809,1,"$117,639",26.8
MC00,11,G,13,13,G,0110,1,GS-13,J,XXXX,8,10,F,1,200809,1,"$105,088",22.0
MC00,11,C,17,13,A,0110,1,GS-13,H,XXXX,8,15,F,1,200809,1,"$82,961",0.2
MC00,11,I,21,15,D,0110,1,GS-15,L,XXXX,2,15,F,1,200809,1,"$126,850",6.7
MI00,11,G,17,,D,0110,1,MC-03,O,XXXX,8,15,F,1,200809,1,"$150,000",9.2
MI00,11,G,21,,A,0110,1,MC-03,L,XXXX,8,15,F,1,200809,1,"$123,000",0.3
MI00,11,J,21,,E,0110,1,MC-03,L,XXXX,8,20,F,2,200809,1,"$125,697",12.0
MI00,11,G,21,,C,0110,1,MC-03,L,XXXX,8,10,F,1,200809,1,"$129,000",4.1
NF00,51,I,13,14,I,0110,1,GS-14,L,XXXX,8,10,F,1,200809,1,"$127,442",32.8
NF00,51,H,17,15,H,0110,1,GS-15,N,XXXX,2,10,F,1,200809,1,"$149,000",26.3
NF00,51,H,21,14,G,0110,1,GS-14,L,XXXX,8,10,F,1,200809,1,"$124,175",20.6
NF00,51,J,18,14,E,0110,1,GS-14,L,XXXX,8,10,F,1,200809,1,"$127,442",10.5
NF00,51,H,17,,G,0110,1,AD-04,O,XXXX,2,38,F,1,200809,1,"$152,775",21.2
NF00,51,F,18,14,E,0110,1,GS-14,J,XXXX,8,10,F,1,200809,1,"$107,836",13.3
NF00,51,G,21,,C,0110,1,AD-04,N,XXXX,4,38,F,1,200809,1,"$149,212",3.0
NF00,51,H,17,14,I,0110,1,GS-14,L,XXXX,8,10,F,1,200809,1,"$127,442",33.8
NF00,51,F,17,14,F,0110,1,GS-14,K,XXXX,8,10,F,1,200809,1,"$111,104",16.8
NF00,51,K,21,,J,0110,1,AD-04,O,XXXX,4,38,F,1,200809,1,"$152,775",36.8
NF00,51,H,17,14,H,0110,1,GS-14,L,XXXX,8,10,F,1,200809,1,"$127,442",29.3
NF00,51,K,21,,D,0110,1,AD-04,O,XXXX,8,48,F,2,200809,1,"$152,775",6.8
NU00,24,K,21,14,G,0110,1,GG-14,K,XXXX,8,38,F,1,200809,1,"$117,639",20.7
NU00,24,J,17,15,H,0110,1,GG-15,M,XXXX,8,38,F,1,200809,1,"$138,383",28.8
NU00,24,H,18,14,F,0110,1,GG-14,K,XXXX,8,38,F,1,200809,1,"$111,104",17.0
NV11,15,H,21,,G,0110,1,YA-03,J,XXXX,8,10,F,1,200809,1,"$104,929",20.8
NV14,51,I,17,,A,0110,1,EH-00,Z,XXXX,8,48,I,2,200809,1,,0.6
NV14,51,J,17,,C,0110,1,EH-00,L,XXXX,8,48,I,2,200809,1,"$124,010",3.3
NV19,12,G,17,13,G,0110,1,GS-13,H,XXXX,8,10,F,1,200809,1,"$88,028",24.0
NV22,47,F,21,,E,0110,1,YA-03,J,XXXX,8,10,F,1,200809,1,"$107,549",11.0
NV22,51,I,17,,H,0110,1,YA-03,N,XXXX,8,10,F,1,200809,1,"$149,911",27.2
NV22,47,D,17,,B,0110,1,YA-01,F,XXXX,8,10,F,1,200809,1,"$63,580",2.4
NV24,24,J,21,,H,0110,1,NT-05,K,XXXX,8,10,F,1,200809,1,"$113,041",28.0
NV41,51,E,17,,C,0110,1,YA-02,J,XXXX,8,10,F,1,200809,1,"$107,847",4.4
NV41,51,D,13,,D,0110,1,YC-02,I,XXXX,2,10,F,1,200809,1,"$99,797",8.0
NV41,51,E,13,,D,0110,1,YA-02,H,XXXX,8,10,F,1,200809,1,"$88,622",8.0
NV41,51,D,17,,C,0110,1,YA-02,I,XXXX,8,10,F,1,200809,1,"$90,803",4.4
NV41,51,D,13,,D,0110,1,YA-02,I,XXXX,8,10,F,1,200809,1,"$90,613",7.7
NV41,51,D,13,,D,0110,1,YA-02,H,XXXX,8,10,F,1,200809,1,"$89,110",6.1
RR00,17,G,13,12,G,0110,1,GS-12,I,XXXX,8,10,F,1,200809,1,"$90,031",23.2
RR00,17,F,13,12,F,0110,1,GS-12,H,XXXX,8,10,F,1,200809,1,"$85,292",17.2
RR00,17,G,13,12,H,0110,1,GS-12,I,XXXX,8,10,F,1,200809,1,"$90,031",25.3
SB00,11,G,21,14,A,0110,1,GS-14,I,XXXX,8,15,F,1,200809,1,"$98,033",0.3
SB00,11,G,,,D,0110,1,AD-00,L,XXXX,8,48,F,2,200809,1,"$127,442",7.2
SB00,11,J,,,G,0110,1,AD-00,K,XXXX,8,48,F,2,200809,1,"$119,161",21.3
SB00,11,H,17,15,A,0110,1,GS-15,K,XXXX,8,15,F,1,200809,1,"$115,317",0.3
SB00,11,I,17,14,J,0110,1,GS-14,L,XXXX,8,10,F,1,200809,1,"$127,442",35.2
SB00,11,E,,,D,0110,1,AD-00,H,XXXX,8,48,F,2,200809,1,"$81,394",9.8
SB00,11,E,,,E,0110,1,AD-00,M,XXXX,8,48,F,2,200809,1,"$130,694",14.2
SB00,11,I,,,D,0110,1,AD-00,L,XXXX,8,48,F,2,200809,1,"$120,907",7.6
SB00,11,K,21,15,I,0110,1,GS-15,M,XXXX,8,10,F,1,200809,1,"$138,383",31.3
SB00,11,E,,,D,0110,1,AD-00,K,XXXX,8,48,F,2,200809,1,"$117,639",5.3
SB00,11,I,18,15,I,0110,1,GM-15,N,XXXX,2,10,F,1,200809,1,"$149,000",34.0
SE00,25,F,17,,D,0110,1,SK-14,P,XXXX,8,15,F,1,200809,1,"$167,984",6.8
SE00,11,E,21,,C,0110,1,SK-14,M,XXXX,8,10,F,1,200809,1,"$138,365",4.1
SE00,11,G,21,,C,0110,1,SK-16,Q,XXXX,8,15,P,2,200809,1,"$177,554",4.5
SE00,11,C,17,,C,0110,1,SK-14,N,XXXX,8,10,F,1,200809,1,"$140,397",4.4
SE00,11,F,21,,C,0110,1,SK-14,N,XXXX,8,15,F,1,200809,1,"$142,457",3.6
SE00,11,H,21,,F,0110,1,SK-16,R,XXXX,8,10,F,1,200809,1,"$182,749",16.0
SE00,11,E,18,,D,0110,1,SK-16,P,XXXX,8,10,P,2,200809,1,"$167,226",8.1
SE00,11,F,21,,E,0110,1,SK-17,R,XXXX,2,10,F,1,200809,1,"$193,713",11.8
SE00,11,F,17,,F,0110,1,SK-14,N,XXXX,8,10,F,1,200809,1,"$148,825",15.9
SE00,11,D,,,B,0110,1,SK-14,N,XXXX,8,40,F,2,200809,1,"$146,671",1.0
SE00,11,J,21,,H,0110,1,SK-14,O,XXXX,8,10,F,1,200809,1,"$157,761",29.6
SE00,11,E,18,,D,0110,1,SK-16,O,XXXX,8,40,F,2,200809,1,"$151,206",8.0
SE00,11,E,21,,B,0110,1,SK-14,P,XXXX,8,15,F,1,200809,1,"$160,028",1.2
SE00,11,D,21,,A,0110,1,SK-16,R,XXXX,8,40,F,2,200809,1,"$182,749",0.1
SE00,11,H,17,,F,0110,1,SK-17,P,XXXX,2,10,F,1,200809,1,"$165,072",18.8
SE00,11,E,,,A,0110,1,SK-14,M,XXXX,8,40,F,2,200809,1,"$134,349",0.2
SE00,11,G,21,,D,0110,1,SK-17,R,XXXX,2,15,F,1,200809,1,"$193,713",5.1
SE00,11,I,17,,I,0110,1,SK-14,P,XXXX,8,10,F,1,200809,1,"$160,028",34.4
SE00,11,D,16,,C,0110,1,SK-13,K,XXXX,8,10,F,1,200809,1,"$110,410",4.5
SE00,11,E,21,,D,0110,1,SK-16,R,XXXX,8,15,F,1,200809,1,"$182,749",6.0
SE00,11,H,17,,H,0110,1,SK-16,Q,XXXX,8,10,F,1,200809,1,"$172,175",29.0
SE00,11,F,21,,C,0110,1,SO-01,R,XXXX,2,10,F,1,200809,1,"$205,362",4.1
SE00,11,H,21,,G,0110,1,SK-17,R,XXXX,2,15,F,1,200809,1,"$193,713",20.3
SE00,11,D,,,B,0110,1,SK-14,L,XXXX,8,40,F,2,200809,1,"$126,780",1.1
SE00,11,E,21,,E,0110,1,SK-16,R,XXXX,8,10,F,1,200809,1,"$182,749",11.3
SE00,11,H,17,,D,0110,1,SK-14,J,XXXX,8,10,F,1,200809,1,"$103,345",9.0
SE00,36,E,17,,A,0110,1,SK-14,P,XXXX,8,15,F,1,200809,1,"$169,903",0.8
SE00,11,H,21,,F,0110,1,SO-03,R,XXXX,2,10,F,1,200809,1,"$221,100",19.0
SE00,11,F,15,,B,0110,1,SK-16,Q,XXXX,8,40,F,2,200809,1,"$174,986",1.1
SE00,11,K,21,,E,0110,1,SK-16,R,XXXX,8,10,P,2,200809,1,"$182,749",10.7
SE00,11,H,17,,G,0110,1,SK-14,O,XXXX,8,10,F,1,200809,1,"$151,010",24.8
SE00,11,G,21,,D,0110,1,SO-02,R,XXXX,2,10,F,1,200809,1,"$217,978",8.2
SK00,24,F,21,15,F,0110,1,GS-15,L,XXXX,2,10,F,1,200809,1,"$126,850",15.0
SK00,24,I,21,,H,0110,1,ES-**,N,XXXX,2,50,F,1,200809,1,"$149,400",29.9
SK00,24,E,21,13,A,0110,1,GS-13,H,XXXX,8,15,F,1,200809,1,"$82,961",0.3
SK00,24,H,18,14,G,0110,1,GS-14,K,XXXX,8,10,F,1,200809,1,"$117,639",21.1
SK00,24,I,17,14,I,0110,1,GS-14,L,XXXX,8,10,F,1,200809,1,"$127,442",32.9
SK00,24,I,18,14,H,0110,1,GS-14,L,XXXX,8,10,F,1,200809,1,"$120,907",26.3
SK00,24,I,17,15,I,0110,1,GS-15,N,XXXX,8,10,F,1,200809,1,"$142,227",33.9
SK00,24,I,17,14,I,0110,1,GS-14,L,XXXX,8,10,F,1,200809,1,"$127,442",32.4
SK00,24,E,17,12,C,0110,1,GS-12,F,XXXX,8,10,F,1,200809,1,"$69,764",3.8
ST00,11,F,15,14,B,0110,1,GG-14,J,XXXX,8,48,F,2,200809,1,"$101,301",1.1
ST00,11,K,17,,J,0110,1,EF-15,L,XXXX,8,48,I,2,200809,1,"$124,010",46.2
ST00,11,G,13,,E,0110,1,ES-**,O,XXXX,2,55,F,1,200809,1,"$156,363",11.1
ST00,11,H,17,15,I,0110,1,GS-15,M,XXXX,2,10,F,1,200809,1,"$134,538",30.5
ST00,11,I,17,,H,0110,1,ES-**,P,XXXX,2,50,F,1,200809,1,"$162,303",28.3
ST00,11,I,21,14,F,0110,1,GG-14,L,XXXX,8,48,F,2,200809,1,"$127,442",19.2
ST00,11,H,17,14,H,0110,1,GS-14,K,XXXX,8,10,F,1,200809,1,"$114,372",29.1
ST00,11,J,21,14,G,0110,1,GS-14,L,XXXX,5,10,F,1,200809,1,"$127,442",23.0
ST00,11,I,17,15,G,0110,1,GS-15,L,XXXX,8,10,F,1,200809,1,"$126,850",23.1
ST00,11,D,17,13,D,0110,1,GS-13,H,XXXX,8,15,F,1,200809,1,"$88,493",5.6
ST00,11,J,13,14,J,0110,1,GM-14,L,XXXX,5,10,F,1,200809,1,"$127,442",35.2
ST00,11,E,17,15,E,0110,1,GS-15,L,XXXX,8,10,F,1,200809,1,"$123,006",10.3
ST00,11,K,17,14,I,0110,1,GS-14,L,XXXX,8,20,I,2,200809,1,"$127,442",31.9
ST00,11,D,17,13,D,0110,1,GS-13,I,XXXX,8,10,F,1,200809,1,"$91,259",8.0
ST00,11,F,21,14,E,0110,1,GS-14,K,XXXX,8,10,F,1,200809,1,"$111,104",10.9
ST00,11,K,21,15,J,0110,1,GS-15,N,XXXX,8,10,F,1,200809,1,"$149,000",38.0
ST00,11,I,21,,I,0110,1,ES-**,O,XXXX,2,50,F,1,200809,1,"$156,441",31.1
ST00,11,E,17,13,C,0110,1,GS-13,H,XXXX,8,15,F,1,200809,1,"$82,961",3.0
SZ00,24,D,21,13,C,0110,1,GS-13,I,XXXX,8,10,F,1,200809,1,"$91,259",3.1
SZ00,11,H,21,14,E,0110,1,GS-14,L,XXXX,8,10,F,1,200809,1,"$127,442",10.1
SZ00,24,E,18,13,E,0110,1,GS-13,I,XXXX,8,10,F,1,200809,1,"$96,791",10.2
SZ00,11,H,21,14,D,0110,1,GS-14,L,XXXX,8,10,F,1,200809,1,"$127,442",9.8
SZ00,11,D,21,12,D,0110,1,GS-12,H,XXXX,8,10,F,1,200809,1,"$86,046",5.2
SZ00,11,E,21,13,C,0110,1,GS-13,I,XXXX,8,10,F,1,200809,1,"$91,259",4.3
SZ00,11,I,13,15,I,0110,1,GS-15,N,XXXX,2,10,F,1,200809,1,"$146,071",31.6
SZ00,11,J,21,15,G,0110,1,GS-15,N,XXXX,8,10,F,1,200809,1,"$149,000",20.3
SZ00,11,G,21,15,D,0110,1,GS-15,L,XXXX,8,10,F,1,200809,1,"$123,006",9.2
SZ00,24,H,21,14,E,0110,1,GS-14,L,XXXX,8,10,F,1,200809,1,"$120,907",11.9
SZ00,24,F,21,14,D,0110,1,GS-14,K,XXXX,8,10,F,1,200809,1,"$111,104",5.0
SZ00,24,I,18,15,I,0110,1,GS-15,N,XXXX,8,10,F,1,200809,1,"$149,000",30.3
SZ00,11,D,17,13,C,0110,1,GS-13,I,XXXX,8,10,F,1,200809,1,"$91,259",4.0
SZ00,11,F,21,13,C,0110,1,GS-13,I,XXXX,8,10,F,1,200809,1,"$96,791",3.0
SZ00,24,I,21,14,E,0110,1,GS-14,K,XXXX,8,10,F,1,200809,1,"$111,104",14.6
SZ00,11,F,21,14,D,0110,1,GS-14,L,XXXX,8,10,F,1,200809,1,"$120,907",8.8
SZ00,24,H,09,13,H,0110,1,GS-13,J,XXXX,8,10,F,1,200809,1,"$107,854",28.8
SZ00,24,G,21,13,D,0110,1,GS-13,I,XXXX,8,15,F,1,200809,1,"$94,025",9.8
SZ00,11,J,21,15,G,0110,1,GS-15,M,XXXX,8,10,F,1,200809,1,"$138,383",24.2
SZ00,24,G,21,14,F,0110,1,GS-14,L,XXXX,8,10,F,1,200809,1,"$120,907",18.0
SZ00,11,H,21,14,G,0110,1,GS-14,L,XXXX,8,10,P,2,200809,1,"$127,442",20.5
SZ00,11,F,17,13,C,0110,1,GS-13,H,XXXX,8,10,F,1,200809,1,"$85,727",4.0
SZ00,11,F,21,14,F,0110,1,GS-14,J,XXXX,8,10,F,1,200809,1,"$104,569",15.9
SZ00,24,J,17,15,I,0110,1,GS-15,M,XXXX,2,10,F,1,200809,1,"$138,383",32.3
SZ00,24,C,13,12,E,0110,1,GS-12,G,XXXX,8,10,F,1,200809,1,"$74,416",10.3
SZ00,11,K,21,15,J,0110,1,GS-15,N,XXXX,8,10,F,1,200809,1,"$149,000",43.8
SZ00,11,F,18,14,E,0110,1,GS-14,K,XXXX,8,10,F,1,200809,1,"$111,104",10.1
SZ00,11,D,17,13,D,0110,1,GS-13,H,XXXX,8,10,F,1,200809,1,"$82,961",5.3
SZ00,11,E,17,14,E,0110,1,GS-14,J,XXXX,8,10,F,1,200809,1,"$107,836",10.9
SZ00,24,E,21,13,E,0110,1,GS-13,I,XXXX,8,10,F,1,200809,1,"$99,557",12.0
SZ00,11,E,21,15,E,0110,1,GS-15,M,XXXX,2,10,F,1,200809,1,"$130,694",11.2
SZ00,11,H,22,13,C,0110,1,GS-13,J,XXXX,8,10,F,1,200809,1,"$105,088",3.9
SZ00,24,H,21,14,D,0110,1,GS-14,J,XXXX,8,10,F,1,200809,1,"$104,569",6.9
SZ00,11,J,21,15,J,0110,1,GS-15,N,XXXX,8,10,F,1,200809,1,"$149,000",37.3
SZ00,11,J,17,14,J,0110,1,GS-14,L,XXXX,8,10,F,1,200809,1,"$127,442",38.0
TC00,11,H,18,15,G,0110,1,GS-15,N,XXXX,2,10,F,1,200809,1,"$149,000",23.1
TC00,11,C,17,12,B,0110,1,GS-12,F,XXXX,8,15,F,1,200809,1,"$69,764",2.9
TC00,11,H,21,13,C,0110,1,GS-13,I,XXXX,8,10,F,1,200809,1,"$91,259",3.3
TC00,11,K,17,14,J,0110,1,GS-14,L,XXXX,8,10,F,1,200809,1,"$127,442",36.9
TC00,11,H,21,15,E,0110,1,GS-15,M,XXXX,8,10,F,1,200809,1,"$130,694",12.2
TC00,11,E,17,14,E,0110,1,GS-14,J,XXXX,8,10,F,1,200809,1,"$101,301",13.0
TC00,11,H,21,13,E,0110,1,GS-13,I,XXXX,8,10,F,1,200809,1,"$96,791",13.1
TC00,11,B,,07,A,0110,1,GS-07,C,XXXX,8,42,F,2,200809,1,"$39,330",0.3
TC00,11,I,21,14,D,0110,1,GS-14,J,XXXX,8,10,F,1,200809,1,"$107,836",7.3
TC00,11,H,04,07,I,0119,3,GS-07,E,XXXX,8,10,F,1,200809,1,"$51,124",31.9
TC00,11,H,17,14,H,0110,1,GS-14,L,XXXX,8,10,F,1,200809,1,"$120,907",28.0
TC00,11,D,21,14,C,0110,1,GS-14,J,XXXX,8,10,F,1,200809,1,"$107,836",3.1
TC00,11,C,17,11,B,0110,1,GS-11,F,XXXX,8,15,F,1,200809,1,"$60,146",2.8
TC00,11,F,21,14,E,0110,1,GS-14,L,XXXX,8,10,F,1,200809,1,"$120,907",14.0
TC00,11,I,21,15,D,0110,1,GS-15,N,XXXX,8,40,I,2,200809,1,"$149,000",6.3
TC00,11,E,17,14,C,0110,1,GS-14,K,XXXX,8,10,F,1,200809,1,"$111,104",3.1
TC00,11,H,17,13,H,0110,1,GS-13,J,XXXX,8,10,F,1,200809,1,"$107,854",28.4
TC00,11,F,21,14,D,0110,1,GS-14,K,XXXX,8,10,F,1,200809,1,"$114,372",9.3
TC00,11,E,18,13,D,0110,1,GS-13,I,XXXX,8,10,F,1,200809,1,"$96,791",9.6
TC00,11,I,17,13,I,0110,1,GS-13,J,XXXX,8,10,F,1,200809,1,"$102,323",33.8
TC00,11,F,17,13,F,0110,1,GS-13,J,XXXX,8,15,P,2,200809,1,"$107,854",16.9
TC00,11,J,17,14,I,0110,1,GS-14,L,XXXX,8,10,F,1,200809,1,"$120,907",32.7
TC00,11,H,21,,G,0110,1,ES-**,O,XXXX,2,50,F,1,200809,1,"$155,833",24.0
TC00,11,F,17,13,G,0110,1,GS-13,J,XXXX,8,10,F,1,200809,1,"$105,088",20.5
TC00,11,D,21,13,A,0110,1,GS-13,I,XXXX,8,15,F,1,200809,1,"$94,025",0.2
TC00,11,H,21,15,D,0110,1,GS-15,M,XXXX,8,10,F,1,200809,1,"$134,538",8.2
TC00,11,F,21,14,C,0110,1,GS-14,J,XXXX,8,10,F,1,200809,1,"$104,569",3.2
TC00,11,G,13,15,G,0110,1,GS-15,N,XXXX,2,10,F,1,200809,1,"$146,071",22.6
TC00,11,D,17,13,D,0110,1,GS-13,I,XXXX,8,10,F,1,200809,1,"$94,025",8.9
TC00,11,C,13,13,D,0110,1,GS-13,H,XXXX,8,15,F,1,200809,1,"$85,727",7.3
TC00,11,I,21,14,G,0110,1,GS-14,L,XXXX,8,10,F,1,200809,1,"$127,442",23.3
TC00,11,H,20,15,G,0110,1,GS-15,M,XXXX,8,10,F,1,200809,1,"$138,383",23.3
TC00,11,J,21,15,F,0110,1,GS-15,N,XXXX,2,10,F,1,200809,1,"$149,000",18.1
TC00,11,I,18,14,H,0110,1,GS-14,K,XXXX,8,10,F,1,200809,1,"$117,639",25.9
TC00,11,I,21,15,H,0110,1,GS-15,N,XXXX,8,10,F,1,200809,1,"$149,000",26.3
TC00,11,F,21,14,D,0110,1,GS-14,K,XXXX,8,10,F,1,200809,1,"$114,372",7.9
TC00,11,E,18,13,D,0110,1,GS-13,I,XXXX,8,10,F,1,200809,1,"$99,557",9.3
TC00,11,G,21,15,E,0110,1,GS-15,M,XXXX,8,10,F,1,200809,1,"$138,383",14.3
TC00,11,H,17,14,H,0110,1,GS-14,L,XXXX,8,10,F,1,200809,1,"$127,442",25.3
TC00,11,I,21,14,H,0110,1,GS-14,L,XXXX,8,10,F,1,200809,1,"$127,442",28.6
TD01,11,I,14,14,I,0110,1,GM-14,L,XXXX,5,10,F,1,200809,1,"$127,442",32.9
TD01,11,J,18,15,J,0110,1,GM-15,N,XXXX,2,10,F,1,200809,1,"$149,000",42.2
TD01,11,K,14,13,J,0110,1,GS-13,J,XXXX,8,10,F,1,200809,1,"$107,854",39.0
TD01,11,J,18,14,D,0110,1,GS-14,K,XXXX,8,10,F,1,200809,1,"$114,372",8.1
TD01,11,H,13,14,H,0110,1,GM-14,L,XXXX,5,10,F,1,200809,1,"$127,442",29.9
TD01,11,H,17,14,G,0110,1,GS-14,L,XXXX,8,10,F,1,200809,1,"$127,442",23.3
TD01,11,I,13,15,I,0110,1,GM-15,N,XXXX,2,10,F,1,200809,1,"$149,000",34.0
TD03,11,C,17,,B,0110,1,FV-G,F,XXXX,8,38,F,1,200809,1,"$65,918",1.3
TD03,11,C,17,11,B,0110,1,FG-11,E,XXXX,8,38,F,1,200809,1,"$58,206",2.0
TD03,11,F,04,,D,0110,1,FV-K,O,XXXX,2,38,F,1,200809,1,"$154,838",8.9
TD03,11,I,09,14,E,0110,1,FG-14,K,XXXX,8,38,F,1,200809,1,"$114,372",10.8
TD03,11,D,17,14,D,0110,1,FG-14,J,XXXX,8,38,F,1,200809,1,"$107,836",7.1
TD03,11,E,18,14,D,0110,1,FG-14,K,XXXX,8,38,F,1,200809,1,"$114,372",6.8
TD03,11,K,17,14,D,0110,1,FG-14,K,XXXX,8,38,F,1,200809,1,"$117,639",9.1
TD03,11,D,17,,B,0110,1,FV-G,E,XXXX,8,38,F,1,200809,1,"$57,905",1.9
TD03,11,J,14,,J,0110,1,FV-K,O,XXXX,2,38,F,1,200809,1,"$157,157",37.7
TD03,11,J,12,,I,0110,1,FV-K,O,XXXX,2,38,F,1,200809,1,"$152,919",32.7
TD03,11,C,14,12,B,0110,1,FG-12,F,XXXX,8,38,F,1,200809,1,"$69,764",2.1
TD03,11,I,17,14,D,0110,1,FG-14,J,XXXX,8,38,F,1,200809,1,"$101,301",7.1
TD03,11,H,17,14,D,0110,1,FG-14,J,XXXX,8,38,F,1,200809,1,"$107,836",7.5
TD03,11,B,13,07,B,0110,1,FG-07,D,XXXX,8,38,F,1,200809,1,"$40,641",1.0
TD03,11,K,21,14,D,0110,1,FG-14,I,XXXX,8,38,F,1,200809,1,"$98,033",6.4
TD03,11,B,13,09,B,0110,1,FG-09,D,XXXX,8,38,F,1,200809,1,"$48,108",1.3
TD03,11,E,13,13,D,0110,1,FG-13,H,XXXX,8,38,F,1,200809,1,"$85,727",6.3
TD03,11,I,17,14,F,0110,1,FG-14,L,XXXX,8,38,F,1,200809,1,"$127,442",19.2
TD03,11,F,17,,D,0110,1,FV-J,J,XXXX,8,38,F,1,200809,1,"$109,039",7.1
TD03,11,J,04,,E,0110,1,FV-K,M,XXXX,2,38,F,1,200809,1,"$134,601",10.3
TD03,11,G,17,,D,0110,1,FV-K,M,XXXX,2,38,F,1,200809,1,"$132,430",7.9
TD03,11,I,21,,G,0110,1,FV-J,L,XXXX,8,38,F,1,200809,1,"$123,369",20.2
TD03,11,I,17,14,E,0110,1,FG-14,K,XXXX,8,38,F,1,200809,1,"$111,104",10.0
TD03,11,G,21,,E,0110,1,FV-K,M,XXXX,2,38,F,1,200809,1,"$131,490",10.6
TD03,11,K,04,13,E,0110,1,FG-13,I,XXXX,8,38,F,1,200809,1,"$99,557",10.4
TD03,11,I,14,14,G,0110,1,FG-14,L,XXXX,8,38,F,1,200809,1,"$127,442",23.2
TD03,11,D,13,14,C,0110,1,FG-14,J,XXXX,8,38,F,1,200809,1,"$107,836",4.0
TD03,11,G,13,13,E,0110,1,FG-13,I,XXXX,8,38,F,1,200809,1,"$94,025",13.8
TD03,11,E,18,14,C,0110,1,FG-14,J,XXXX,8,38,F,1,200809,1,"$104,569",4.3
TD03,11,G,12,,E,0110,1,FV-K,M,XXXX,8,38,F,1,200809,1,"$136,987",12.0
TD04,11,G,21,14,E,0110,1,GS-14,K,XXXX,5,10,F,1,200809,1,"$114,372",12.6
TD04,11,F,21,15,D,0110,1,GS-15,K,XXXX,8,10,F,1,200809,1,"$119,161",9.3
TD05,11,E,18,14,E,0110,1,GS-14,K,XXXX,8,10,F,1,200809,1,"$117,639",12.1
TD05,11,F,17,14,F,0110,1,GS-14,L,XXXX,8,10,F,1,200809,1,"$127,442",17.6
TD05,11,F,17,14,D,0110,1,GS-14,K,XXXX,8,15,F,1,200809,1,"$117,639",7.4
TD05,11,J,18,14,I,0110,1,GS-14,L,XXXX,8,10,F,1,200809,1,"$127,442",33.1
TD05,11,H,16,14,I,0110,1,GS-14,L,XXXX,8,10,F,1,200809,1,"$127,442",31.7
TD05,11,F,13,14,E,0110,1,GS-14,K,XXXX,8,10,F,1,200809,1,"$114,372",12.0
TD05,11,E,14,14,E,0110,1,GS-14,J,XXXX,8,10,F,1,200809,1,"$107,836",13.7
TD05,11,D,17,13,C,0110,1,GS-13,H,XXXX,8,15,F,1,200809,1,"$85,727",4.6
TD05,11,K,17,14,D,0110,1,GS-14,J,XXXX,8,10,F,1,200809,1,"$107,836",7.2
TD05,11,J,18,15,G,0110,1,GS-15,N,XXXX,8,10,F,1,200809,1,"$149,000",20.7
TD05,11,F,17,15,F,0110,1,GS-15,M,XXXX,2,10,F,1,200809,1,"$134,538",17.4
TD09,11,G,17,13,E,0110,1,GS-13,I,XXXX,8,10,F,1,200809,1,"$91,259",11.0
TD09,11,J,17,15,H,0110,1,GS-15,N,XXXX,8,10,F,1,200809,1,"$149,000",28.4
TD10,11,J,21,14,F,0110,1,GS-14,K,XXXX,8,10,F,1,200809,1,"$111,104",16.7
TD11,11,G,17,13,D,0110,1,GS-13,I,XXXX,8,10,F,1,200809,1,"$94,025",6.1
TD11,25,B,13,07,A,0110,1,GS-07,D,XXXX,8,32,F,1,200809,1,"$47,825",0.1
TD11,25,C,17,11,B,0110,1,GS-11,E,XXXX,8,15,F,1,200809,1,"$58,986",1.9
TD11,25,I,18,14,I,0110,1,GS-14,L,XXXX,8,10,F,1,200809,1,"$125,839",30.4
TD11,25,C,17,11,C,0110,1,GS-11,E,XXXX,8,15,F,1,200809,1,"$58,986",4.3
TD11,25,I,21,15,H,0110,1,GS-15,N,XXXX,8,10,F,1,200809,1,"$149,000",25.3
TD11,25,F,17,15,E,0110,1,GS-15,M,XXXX,2,10,F,1,200809,1,"$132,446",12.8
TD11,25,D,17,13,D,0110,1,GS-13,I,XXXX,8,10,F,1,200809,1,"$95,285",7.0
TD11,25,J,22,14,F,0110,1,GS-14,K,XXXX,8,10,F,1,200809,1,"$119,216",17.3
TD11,25,B,13,09,C,0110,1,GS-09,E,XXXX,8,15,F,1,200809,1,"$53,630",3.3
TD11,25,C,17,11,B,0110,1,GS-11,F,XXXX,8,15,F,1,200809,1,"$60,952",1.9
TD11,11,J,04,14,E,0110,1,GS-14,K,XXXX,8,10,F,1,200809,1,"$111,104",12.1
TD11,25,D,22,12,B,0110,1,GS-12,H,XXXX,8,15,F,1,200809,1,"$80,128",1.2
TD11,25,F,17,13,A,0110,1,GS-13,H,XXXX,8,15,F,1,200809,1,"$84,072",0.9
TD11,25,H,18,14,H,0110,1,GS-14,L,XXXX,8,10,F,1,200809,1,"$122,527",27.8
TD12,11,H,17,13,G,0110,1,GS-13,I,XXXX,8,10,F,1,200809,1,"$99,557",22.5
TD12,11,D,17,11,B,0110,1,GS-11,E,XXXX,8,32,F,1,200809,1,"$58,206",1.4
TD12,11,D,21,12,B,0110,1,GS-12,G,XXXX,8,15,F,1,200809,1,"$76,742",2.2
TD12,11,H,17,13,H,0110,1,GS-13,I,XXXX,8,10,F,1,200809,1,"$99,557",29.3
TD13,11,I,17,15,I,0110,1,GS-15,N,XXXX,2,10,F,1,200809,1,"$146,071",34.3
TD13,11,G,04,14,E,0110,1,GS-14,K,XXXX,8,10,F,1,200809,1,"$114,372",14.5
TD13,11,H,13,14,H,0110,1,GS-14,K,XXXX,8,10,F,1,200809,1,"$117,639",25.7
TD13,11,I,14,13,I,0110,1,GS-13,J,XXXX,8,10,F,1,200809,1,"$107,854",34.1
TD13,11,C,13,13,D,0110,1,GS-13,H,XXXX,8,10,F,1,200809,1,"$82,961",6.0
TD13,11,G,04,14,C,0110,1,GS-14,I,XXXX,8,10,F,1,200809,1,"$98,033",3.9
TD15,11,J,21,14,J,0110,1,GM-14,L,XXXX,5,10,F,1,200809,1,"$127,442",43.1
TD15,11,I,21,15,D,0110,1,GS-15,N,XXXX,2,10,F,1,200809,1,"$149,000",7.1
TD15,11,I,21,14,E,0110,1,GS-14,L,XXXX,8,10,F,1,200809,1,"$120,907",14.3
TD15,11,I,15,15,I,0110,1,GS-15,N,XXXX,8,10,F,1,200809,1,"$149,000",34.0
TD15,11,G,17,15,E,0110,1,GS-15,M,XXXX,8,10,F,1,200809,1,"$134,538",11.1
TD15,11,K,21,14,C,0110,1,GS-14,K,XXXX,8,10,F,1,200809,1,"$111,104",4.4
TD15,11,I,17,14,E,0110,1,GS-14,K,XXXX,8,15,F,1,200809,1,"$111,104",10.3
TD16,11,D,13,13,D,0110,1,GS-13,H,XXXX,8,10,F,1,200809,1,"$85,727",6.2
TD17,11,F,21,14,A,0110,1,GS-14,K,XXXX,8,15,F,1,200809,1,"$114,372",0.5
TD17,11,E,17,13,C,0110,1,GS-13,H,XXXX,8,15,F,1,200809,1,"$82,961",3.1
TN00,SZ,I,13,14,I,0110,1,GS-14,J,XXXX,8,38,F,1,200809,1,"$105,420",30.6
TN00,11,K,21,,J,0110,1,ES-**,O,XXXX,2,50,F,1,200809,1,"$155,151",38.3
TN00,11,G,13,15,G,0110,1,GS-15,N,XXXX,8,10,F,1,200809,1,"$146,071",23.0
TN00,11,I,17,15,I,0110,1,GS-15,N,XXXX,8,10,F,1,200809,1,"$146,071",34.6
TN00,11,F,17,15,F,0110,1,GS-15,L,XXXX,8,10,F,1,200809,1,"$123,006",16.3
TN00,11,J,19,,I,0110,1,ES-**,P,XXXX,2,50,F,1,200809,1,"$160,000",30.7
TN00,SZ,I,17,,I,0110,1,ES-**,O,XXXX,2,50,F,1,200809,1,"$154,000",32.8
TN00,11,H,17,,H,0110,1,ES-**,P,XXXX,2,50,F,1,200809,1,"$166,000",29.8
TN00,11,I,17,15,I,0110,1,GS-15,N,XXXX,2,10,F,1,200809,1,"$149,000",33.2
TN00,11,H,17,15,H,0110,1,GS-15,M,XXXX,8,10,F,1,200809,1,"$138,383",27.1
TN00,11,H,17,15,H,0110,1,GS-15,N,XXXX,8,10,F,1,200809,1,"$146,071",27.3
TN00,11,G,17,15,G,0110,1,GS-15,N,XXXX,8,10,F,1,200809,1,"$142,227",21.4
TN00,11,I,17,15,J,0110,1,GS-15,N,XXXX,8,10,F,1,200809,1,"$146,071",36.2
TR35,11,I,21,,G,0110,1,TG-22,N,XXXX,8,10,F,1,200809,1,"$145,100",21.3
TR35,11,I,21,,H,0110,1,TG-23,R,XXXX,8,10,F,1,200809,1,"$180,266",25.5
TR35,11,K,22,,I,0110,1,TG-25,R,XXXX,8,30,F,1,200809,1,"$180,591",34.2
TR35,11,G,13,,F,0110,1,TG-26,R,XXXX,8,10,F,1,200809,1,"$218,846",16.3
TR91,11,C,04,11,A,0110,1,GS-11,F,XXXX,8,30,F,1,200809,1,"$67,908",0.6
TR91,11,F,21,15,E,0110,1,GS-15,M,XXXX,8,10,F,1,200809,1,"$134,538",12.1
TR91,11,I,19,,H,0110,1,SL-00,O,XXXX,8,10,F,1,200809,1,"$155,912",28.3
TR91,11,C,17,14,C,0110,1,GS-14,I,XXXX,8,10,F,1,200809,1,"$98,033",4.2
TR91,11,K,17,14,J,0110,1,GS-14,L,XXXX,8,10,F,1,200809,1,"$127,442",39.8
TR91,11,I,21,15,G,0110,1,GS-15,N,XXXX,8,10,F,1,200809,1,"$149,000",23.0
TR91,11,I,17,15,I,0110,1,GS-15,N,XXXX,8,10,F,1,200809,1,"$149,000",31.2
TR91,11,J,17,15,J,0110,1,GS-15,N,XXXX,2,10,F,1,200809,1,"$149,000",37.6
TR91,11,I,21,15,E,0110,1,GS-15,M,XXXX,8,10,F,1,200809,1,"$130,694",11.0
TR91,11,F,21,15,E,0110,1,GS-15,M,XXXX,8,10,F,1,200809,1,"$134,538",11.8
TR91,JA,E,17,,E,0110,1,ES-**,L,XXXX,2,50,F,1,200809,1,"$124,870",10.3
TR91,11,F,21,14,E,0110,1,GS-14,J,XXXX,8,15,F,1,200809,1,"$104,569",12.4
TR91,11,H,17,,I,0110,1,ES-**,P,XXXX,2,50,F,1,200809,1,"$163,909",30.3
TR91,11,H,17,15,G,0110,1,GS-15,N,XXXX,8,10,F,1,200809,1,"$142,227",23.5
TR91,11,H,13,15,I,0110,1,GM-15,N,XXXX,2,10,F,1,200809,1,"$149,000",32.2
TR91,11,E,17,14,D,0110,1,GS-14,I,XXXX,8,10,F,1,200809,1,"$98,033",5.5
TR91,11,C,17,11,A,0110,1,GS-11,E,XXXX,8,40,F,2,200809,1,"$58,206",0.9
TR91,11,D,17,14,D,0110,1,GS-14,I,XXXX,8,10,F,1,200809,1,"$98,033",6.1
TR91,11,D,13,15,C,0110,1,GS-15,K,XXXX,8,15,F,1,200809,1,"$115,317",4.1
TR91,11,I,21,,F,0110,1,ES-**,O,XXXX,2,50,F,1,200809,1,"$153,988",17.3
TR91,11,E,04,13,D,0110,1,GS-13,I,XXXX,8,40,F,2,200809,1,"$99,557",8.5
TR91,11,D,13,13,D,0110,1,GS-13,H,XXXX,8,40,F,2,200809,1,"$88,493",8.8
TR91,11,J,21,15,H,0110,1,GS-15,N,XXXX,8,10,F,1,200809,1,"$149,000",28.5
TR91,11,D,21,14,C,0110,1,GS-14,J,XXXX,8,15,F,1,200809,1,"$104,569",4.5
TR91,11,F,17,15,F,0110,1,GS-15,M,XXXX,8,10,F,1,200809,1,"$138,383",16.7
TR91,11,D,17,13,C,0110,1,GS-13,H,XXXX,8,15,F,1,200809,1,"$88,493",3.1
TR91,11,H,18,,H,0110,1,ES-**,P,XXXX,2,50,F,1,200809,1,"$163,879",26.1
TR91,11,D,17,13,D,0110,1,GS-13,H,XXXX,8,40,F,2,200809,1,"$85,727",5.2
TR91,11,H,14,15,I,0110,1,GS-15,N,XXXX,8,10,F,1,200809,1,"$142,227",31.3
TR91,11,E,04,15,D,0110,1,GS-15,K,XXXX,2,10,F,1,200809,1,"$115,317",5.3
TR91,11,I,21,15,F,0110,1,GS-15,N,XXXX,8,10,F,1,200809,1,"$142,227",18.6
TR91,11,D,07,13,C,0110,1,GS-13,J,XXXX,8,40,F,2,200809,1,"$107,854",3.0
TR91,11,D,21,15,B,0110,1,GS-15,L,XXXX,8,40,F,2,200809,1,"$126,850",2.6
TR91,11,H,21,15,F,0110,1,GS-15,N,XXXX,8,10,F,1,200809,1,"$149,000",15.3
TR91,11,F,21,15,C,0110,1,GS-15,M,XXXX,8,15,F,1,200809,1,"$138,383",4.1
TR91,11,E,21,15,D,0110,1,GS-15,M,XXXX,8,10,F,1,200809,1,"$130,694",9.0
TR91,11,B,04,11,B,0110,1,GS-11,E,XXXX,8,30,F,1,200809,1,"$58,206",1.3
TR91,11,H,17,14,F,0110,1,GS-14,K,XXXX,8,10,F,1,200809,1,"$114,372",16.0
TR91,EG,E,17,15,E,0110,1,GS-15,J,XXXX,8,10,F,1,200809,1,"$104,930",10.9
TR91,11,H,21,14,G,0110,1,GS-14,L,XXXX,8,10,F,1,200809,1,"$127,442",23.3
TR91,11,D,17,14,D,0110,1,GS-14,J,XXXX,8,10,F,1,200809,1,"$101,301",5.2
TR91,11,E,21,15,D,0110,1,GS-15,L,XXXX,8,10,F,1,200809,1,"$123,006",8.0
TR91,11,D,17,14,D,0110,1,GS-14,J,XXXX,8,40,F,2,200809,1,"$101,301",8.7
TR91,11,E,17,15,D,0110,1,GS-15,K,XXXX,8,10,F,1,200809,1,"$115,317",9.5
TR91,11,D,21,15,C,0110,1,GS-15,K,XXXX,8,10,F,1,200809,1,"$115,317",4.1
TR91,11,H,14,15,H,0110,1,GS-15,N,XXXX,2,10,F,1,200809,1,"$142,227",25.3
TR91,11,K,21,15,H,0110,1,GS-15,N,XXXX,8,10,F,1,200809,1,"$149,000",26.2
TR91,11,H,21,15,H,0110,1,GS-15,N,XXXX,8,10,F,1,200809,1,"$149,000",27.8
TR91,11,F,21,14,C,0110,1,GS-14,K,XXXX,8,15,F,1,200809,1,"$114,372",4.2
TR91,11,D,17,12,C,0110,1,GS-12,F,XXXX,8,40,F,2,200809,1,"$69,764",4.2
TR91,11,H,21,,G,0110,1,ES-**,P,XXXX,2,50,F,1,200809,1,"$160,949",23.0
TR91,11,E,17,15,E,0110,1,GS-15,K,XXXX,8,10,F,1,200809,1,"$115,317",12.8
TR91,11,F,17,15,F,0110,1,GS-15,M,XXXX,8,10,F,1,200809,1,"$130,694",17.3
TR91,11,D,21,15,D,0110,1,GS-15,K,XXXX,8,40,F,2,200809,1,"$119,161",5.3
TR91,11,E,13,14,D,0110,1,GS-14,I,XXXX,8,10,F,1,200809,1,"$98,033",6.1
TR91,BE,F,17,,E,0110,1,ES-**,M,XXXX,2,50,F,1,200809,1,"$132,583",10.2
TR91,11,E,01,14,D,0110,1,GS-14,J,XXXX,8,10,F,1,200809,1,"$107,836",9.9
TR91,11,F,17,14,F,0110,1,GS-14,K,XXXX,8,10,P,2,200809,1,"$117,639",17.0
TR91,11,E,17,14,D,0110,1,GS-14,J,XXXX,8,10,F,1,200809,1,"$107,836",9.1
TR91,11,H,21,15,F,0110,1,GS-15,N,XXXX,8,10,F,1,200809,1,"$149,000",17.1
TR91,11,H,18,15,H,0110,1,GS-15,M,XXXX,8,10,F,1,200809,1,"$138,383",25.1
TR91,11,D,04,13,D,0110,1,GS-13,I,XXXX,8,10,F,1,200809,1,"$91,259",6.1
TR91,11,E,13,14,C,0110,1,GS-14,J,XXXX,8,40,F,2,200809,1,"$104,569",4.2
TR91,11,E,17,15,E,0110,1,GS-15,M,XXXX,2,10,F,1,200809,1,"$134,538",14.9
TR91,11,I,21,,H,0110,1,ES-**,P,XXXX,2,50,F,1,200809,1,"$168,000",27.7
TR91,25,E,17,14,D,0110,1,GS-14,K,XXXX,8,10,F,1,200809,1,"$115,904",8.0
TR91,11,E,17,,D,0110,1,ES-**,L,XXXX,2,55,F,1,200809,1,"$120,451",9.8
TR91,11,G,17,14,G,0110,1,GS-14,L,XXXX,8,10,F,1,200809,1,"$120,907",21.5
TR91,11,I,17,15,F,0110,1,GS-15,L,XXXX,8,10,F,1,200809,1,"$126,850",15.2
TR91,11,C,13,09,B,0110,1,GS-09,D,XXXX,8,32,F,1,200809,1,"$48,108",1.2
TR91,11,I,17,15,I,0110,1,GS-15,N,XXXX,2,10,F,1,200809,1,"$146,071",31.6
TR91,11,D,18,14,B,0110,1,GS-14,I,XXXX,8,40,F,2,200809,1,"$98,033",2.7
TR91,11,G,17,15,G,0110,1,GS-15,M,XXXX,8,10,F,1,200809,1,"$138,383",23.5
TR91,11,G,17,14,F,0110,1,GS-14,K,XXXX,8,10,F,1,200809,1,"$111,104",16.8
TR91,11,D,04,14,C,0110,1,GS-14,I,XXXX,8,10,F,1,200809,1,"$98,033",4.1
TR91,UK,E,17,14,D,0110,1,GS-14,H,XXXX,8,10,F,1,200809,1,"$89,202",7.2
TR91,11,D,17,14,D,0110,1,GS-14,J,XXXX,8,10,F,1,200809,1,"$107,836",6.1
TR91,11,D,04,13,A,0110,1,GS-13,I,XXXX,8,40,F,2,200809,1,"$94,025",0.0
TR91,11,F,21,,E,0110,1,ES-**,O,XXXX,2,50,F,1,200809,1,"$154,835",11.0
TR91,11,H,13,15,F,0110,1,GS-15,N,XXXX,2,10,F,1,200809,1,"$149,000",16.3
TR91,11,E,17,15,D,0110,1,GS-15,K,XXXX,8,10,F,1,200809,1,"$119,161",8.1
TR91,11,F,17,15,D,0110,1,GS-15,M,XXXX,8,10,F,1,200809,1,"$130,694",8.8
TR91,11,F,04,14,D,0110,1,GS-14,J,XXXX,8,10,F,1,200809,1,"$107,836",7.3
TR91,11,J,21,,J,0110,1,ES-**,P,XXXX,2,50,F,1,200809,1,"$168,000",35.3
TR91,11,J,21,15,I,0110,1,GS-15,N,XXXX,8,10,F,1,200809,1,"$149,000",33.7
TR91,TS,E,17,14,D,0110,1,GS-14,H,XXXX,8,10,F,1,200809,1,"$89,202",9.3
TR91,11,G,14,14,G,0110,1,GS-14,K,XXXX,8,10,F,1,200809,1,"$117,639",20.1
TR91,11,G,21,15,F,0110,1,GS-15,N,XXXX,8,10,F,1,200809,1,"$149,000",15.3
TR91,11,E,21,14,D,0110,1,GS-14,I,XXXX,8,15,F,1,200809,1,"$98,033",6.2
TR91,11,D,04,12,B,0110,1,GS-12,G,XXXX,8,40,F,2,200809,1,"$72,090",1.9
TR91,11,E,21,15,D,0110,1,GS-15,K,XXXX,8,10,F,1,200809,1,"$119,161",8.2
TR91,11,H,17,14,H,0110,1,GS-14,K,XXXX,8,10,F,1,200809,1,"$117,639",26.8
TR91,11,K,18,15,I,0110,1,GS-15,N,XXXX,2,10,F,1,200809,1,"$149,000",34.6
TR91,11,H,17,,E,0110,1,ES-**,N,XXXX,2,50,F,1,200809,1,"$149,658",14.3
TR91,11,I,17,15,I,0110,1,GS-15,N,XXXX,8,10,F,1,200809,1,"$149,000",34.0
TR91,11,G,21,15,D,0110,1,GS-15,L,XXXX,8,10,F,1,200809,1,"$123,006",6.3
TR91,11,D,13,13,C,0110,1,GS-13,I,XXXX,8,40,F,2,200809,1,"$96,791",4.3
TR91,11,E,17,,E,0110,1,ES-**,N,XXXX,2,50,F,1,200809,1,"$144,281",14.3
TR91,11,G,17,15,G,0110,1,GS-15,N,XXXX,2,10,F,1,200809,1,"$146,071",22.0
TR91,11,I,21,15,G,0110,1,GS-15,M,XXXX,8,10,F,1,200809,1,"$130,694",20.3
TR91,11,I,21,14,G,0110,1,GS-14,K,XXXX,8,10,F,1,200809,1,"$114,372",23.2
TR91,11,F,21,15,E,0110,1,GS-15,M,XXXX,8,10,F,1,200809,1,"$138,383",10.0
TR91,11,C,13,13,D,0110,1,GS-13,J,XXXX,8,40,F,2,200809,1,"$105,088",5.7
TR91,11,H,17,15,F,0110,1,GS-15,M,XXXX,8,10,F,1,200809,1,"$138,383",18.8
TR91,11,H,21,13,G,0110,1,GS-13,J,XXXX,8,10,F,1,200809,1,"$105,088",21.8
TR91,11,C,17,12,C,0110,1,GS-12,F,XXXX,8,10,F,1,200809,1,"$69,764",4.2
TR91,11,D,17,12,B,0110,1,GS-12,G,XXXX,8,40,F,2,200809,1,"$76,742",1.9
TR91,11,D,17,12,A,0110,1,GS-12,I,XXXX,8,40,F,2,200809,1,"$90,698",0.2
TR91,11,D,04,14,D,0110,1,GS-14,J,XXXX,8,10,F,1,200809,1,"$101,301",7.6
TR91,11,E,17,15,E,0110,1,GS-15,M,XXXX,2,10,F,1,200809,1,"$138,383",11.6
TR91,11,E,21,,D,0110,1,ES-**,N,XXXX,2,50,F,1,200809,1,"$140,863",8.1
TR91,11,E,17,14,B,0110,1,GS-14,J,XXXX,8,40,F,2,200809,1,"$104,569",1.9
TR91,11,E,17,15,D,0110,1,GS-15,L,XXXX,2,10,F,1,200809,1,"$126,850",9.1
TR91,11,B,13,09,B,0110,1,GS-09,D,XXXX,8,15,F,1,200809,1,"$49,712",2.2
TR91,11,H,13,14,B,0110,1,GS-14,L,XXXX,8,40,F,2,200809,1,"$127,442",1.0
TR91,IN,E,21,15,D,0110,1,GS-15,J,XXXX,8,10,F,1,200809,1,"$104,930",7.0
TR91,11,I,21,14,G,0110,1,GS-14,L,XXXX,8,10,F,1,200809,1,"$127,442",20.5
TR91,11,H,17,15,H,0110,1,GS-15,N,XXXX,8,10,F,1,200809,1,"$146,071",25.3
TR91,11,J,04,15,J,0110,1,GS-15,N,XXXX,8,40,F,2,200809,1,"$149,000",39.1
TR91,11,B,13,07,B,0110,1,GS-07,D,XXXX,8,40,F,2,200809,1,"$43,262",1.2
TR91,11,C,17,13,B,0110,1,GS-13,H,XXXX,8,40,F,2,200809,1,"$82,961",1.8
TR91,11,C,17,13,C,0110,1,GS-13,H,XXXX,8,40,F,2,200809,1,"$82,961",3.1
TR91,11,D,21,15,D,0110,1,GS-15,K,XXXX,8,10,F,1,200809,1,"$119,161",6.2
TR91,11,F,17,,F,0110,1,ES-**,N,XXXX,2,50,F,1,200809,1,"$148,018",19.7
TR91,11,C,13,13,D,0110,1,GS-13,H,XXXX,8,10,F,1,200809,1,"$88,493",5.6
TR91,11,C,04,11,B,0110,1,GS-11,F,XXXX,8,30,F,1,200809,1,"$60,146",1.0
TR91,11,E,17,15,D,0110,1,GS-15,K,XXXX,8,10,F,1,200809,1,"$119,161",9.0
TR91,11,D,17,14,D,0110,1,GS-14,J,XXXX,8,10,F,1,200809,1,"$107,836",8.2
TR91,11,D,04,14,C,0110,1,GS-14,J,XXXX,2,15,F,1,200809,1,"$107,836",4.0
TR91,11,I,04,14,C,0110,1,GS-14,K,XXXX,8,10,F,1,200809,1,"$111,104",3.8
TR91,11,E,17,15,C,0110,1,GS-15,K,XXXX,8,10,F,1,200809,1,"$119,161",4.1
TR91,11,J,17,,J,0110,1,ES-**,O,XXXX,2,50,F,1,200809,1,"$155,992",36.9
TR91,11,K,21,15,F,0110,1,GS-15,M,XXXX,8,10,F,1,200809,1,"$138,383",18.3
TR91,11,D,17,15,D,0110,1,GS-15,K,XXXX,2,40,F,2,200809,1,"$115,317",7.1
TR91,11,D,21,14,D,0110,1,GS-14,K,XXXX,8,10,F,1,200809,1,"$111,104",7.2
TR91,11,E,17,14,C,0110,1,GS-14,K,XXXX,8,10,F,1,200809,1,"$111,104",4.4
TR91,11,E,21,,D,0110,1,ES-**,M,XXXX,8,55,F,1,200809,1,"$135,200",9.3
TR91,11,E,21,14,B,0110,1,GS-14,I,XXXX,8,15,F,1,200809,1,"$98,033",1.8
TR91,11,B,17,11,A,0110,1,GS-11,E,XXXX,8,40,F,2,200809,1,"$58,206",0.0
TR91,11,H,17,15,H,0110,1,GS-15,N,XXXX,8,10,F,1,200809,1,"$149,000",26.3
TR91,11,F,17,14,B,0110,1,GS-14,I,XXXX,8,40,F,2,200809,1,"$98,033",1.9
TR91,11,D,17,15,D,0110,1,GS-15,L,XXXX,8,10,F,1,200809,1,"$123,006",8.1
TR91,11,E,17,14,D,0110,1,GS-14,K,XXXX,8,10,F,1,200809,1,"$111,104",9.3
TR91,11,H,21,,G,0110,1,ES-**,O,XXXX,2,50,F,1,200809,1,"$152,079",23.0
TR91,11,K,21,,J,0110,1,SL-00,O,XXXX,8,10,F,1,200809,1,"$158,500",39.8
TR91,11,H,21,15,G,0110,1,GS-15,N,XXXX,8,10,F,1,200809,1,"$149,000",20.9
TR91,11,F,21,14,C,0110,1,GS-14,K,XXXX,8,15,F,1,200809,1,"$111,104",4.2
TR91,11,C,17,11,A,0110,1,GS-11,E,XXXX,8,40,F,2,200809,1,"$58,206",0.0
TR91,11,E,17,15,E,0110,1,GS-15,L,XXXX,8,10,F,1,200809,1,"$126,850",10.8
TR91,11,C,04,13,B,0110,1,GS-13,H,XXXX,8,40,F,2,200809,1,"$82,961",2.3
TR91,11,D,13,13,A,0110,1,GS-13,H,XXXX,8,40,F,2,200809,1,"$82,961",0.0
TR91,11,J,17,14,J,0110,1,GS-14,L,XXXX,8,10,F,1,200809,1,"$127,442",36.1
TR91,11,I,17,13,G,0110,1,GS-13,J,XXXX,8,10,F,1,200809,1,"$107,854",24.5
TR91,11,H,21,15,H,0110,1,GS-15,N,XXXX,8,10,F,1,200809,1,"$149,000",27.8
TR91,11,B,13,07,A,0110,1,GS-07,D,XXXX,8,40,F,2,200809,1,"$43,262",0.3
TR91,11,C,17,13,B,0110,1,GS-13,H,XXXX,8,15,F,1,200809,1,"$82,961",2.9
TR91,11,G,18,15,G,0110,1,GS-15,N,XXXX,2,10,F,1,200809,1,"$142,227",21.3
TR91,11,F,21,15,D,0110,1,GS-15,M,XXXX,8,10,F,1,200809,1,"$130,694",9.1
TR91,11,E,04,14,D,0110,1,GS-14,K,XXXX,8,10,F,1,200809,1,"$117,639",9.8
TR91,11,E,21,14,B,0110,1,GS-14,L,XXXX,8,15,F,1,200809,1,"$124,175",2.1
TR91,11,D,21,13,A,0110,1,GS-13,H,XXXX,8,40,F,2,200809,1,"$82,961",0.3
TR91,11,F,04,,E,0110,1,ES-**,O,XXXX,2,50,F,1,200809,1,"$154,850",12.3
TR91,11,J,21,,G,0110,1,SL-00,O,XXXX,8,10,F,1,200809,1,"$158,500",22.3
TR91,11,D,04,13,D,0110,1,GS-13,H,XXXX,8,40,F,2,200809,1,"$88,493",5.6
TR91,11,H,21,15,E,0110,1,GS-15,N,XXXX,2,10,F,1,200809,1,"$142,227",14.1
TR91,11,G,21,14,C,0110,1,GS-14,L,XXXX,8,15,F,1,200809,1,"$127,442",4.4
TR91,11,I,17,14,I,0110,1,GS-14,L,XXXX,8,10,F,1,200809,1,"$127,442",31.0
TR91,11,C,04,11,A,0110,1,GS-11,E,XXXX,8,40,F,2,200809,1,"$58,206",0.6
TR91,11,G,12,15,G,0110,1,GS-15,M,XXXX,8,10,F,1,200809,1,"$138,383",22.3
TR91,11,I,18,15,I,0110,1,GS-15,N,XXXX,2,10,F,1,200809,1,"$149,000",30.5
TR91,11,H,21,,F,0110,1,ES-**,N,XXXX,2,50,F,1,200809,1,"$148,884",15.4
TR91,11,I,14,,I,0110,1,ES-**,O,XXXX,2,50,F,1,200809,1,"$158,603",33.6
TR91,11,K,21,14,G,0110,1,GS-14,L,XXXX,8,10,F,1,200809,1,"$120,907",20.8
TR91,11,F,17,15,E,0110,1,GS-15,M,XXXX,2,10,F,1,200809,1,"$134,538",12.9
TR91,11,C,17,11,A,0110,1,GS-11,E,XXXX,8,40,F,2,200809,1,"$58,206",0.8
TR91,11,J,04,15,C,0110,1,GS-15,M,XXXX,8,10,F,1,200809,1,"$134,538",4.9
TR91,06,E,13,14,D,0110,1,GS-14,J,XXXX,8,10,F,1,200809,1,"$107,473",6.2
TR91,AF,D,17,13,B,0110,1,GS-13,G,XXXX,8,40,F,2,200809,1,"$75,489",2.3
TR91,11,E,04,13,D,0110,1,GS-13,H,XXXX,8,10,F,1,200809,1,"$88,493",5.8
TR91,11,D,17,13,B,0110,1,GS-13,H,XXXX,8,40,F,2,200809,1,"$88,493",1.5
TR91,11,K,21,15,J,0110,1,GM-15,N,XXXX,5,10,F,1,200809,1,"$149,000",37.5
TR91,11,E,21,14,D,0110,1,GS-14,K,XXXX,8,10,F,1,200809,1,"$114,372",8.3
TR91,11,D,17,15,D,0110,1,GS-15,K,XXXX,8,10,F,1,200809,1,"$119,161",8.0
TR91,11,E,21,15,E,0110,1,GS-15,M,XXXX,8,10,F,1,200809,1,"$130,694",10.0
TR91,11,F,17,14,E,0110,1,GS-14,J,XXXX,8,10,F,1,200809,1,"$104,569",13.2
TR91,11,F,21,15,E,0110,1,GS-15,M,XXXX,8,10,F,1,200809,1,"$138,383",11.9
TR91,11,F,21,15,D,0110,1,GS-15,M,XXXX,8,15,F,1,200809,1,"$130,694",5.1
TR91,11,G,13,15,E,0110,1,GS-15,M,XXXX,8,10,F,1,200809,1,"$130,694",14.7
TR91,11,B,04,09,B,0110,1,GS-09,D,XXXX,8,32,F,1,200809,1,"$48,108",1.2
TR91,11,J,21,,I,0110,1,SL-00,O,XXXX,8,10,F,1,200809,1,"$158,500",30.9
TR91,11,C,17,13,A,0110,1,GS-13,H,XXXX,8,40,F,2,200809,1,"$82,961",0.2
TR91,11,I,17,15,H,0110,1,GS-15,N,XXXX,8,10,F,1,200809,1,"$142,227",25.1
TR91,11,E,17,14,D,0110,1,GS-14,J,XXXX,8,10,F,1,200809,1,"$101,301",6.0
TR91,11,H,13,14,D,0110,1,GS-14,L,XXXX,8,10,F,1,200809,1,"$120,907",8.5
TR91,11,H,17,,G,0110,1,ES-**,O,XXXX,2,50,F,1,200809,1,"$157,665",20.8
TR91,11,G,04,15,C,0110,1,GS-15,N,XXXX,8,15,F,1,200809,1,"$149,000",4.1
TR91,11,B,13,07,B,0110,1,GS-07,D,XXXX,8,32,F,1,200809,1,"$40,641",1.1
TR91,11,G,17,15,F,0110,1,GS-15,M,XXXX,8,10,F,1,200809,1,"$130,694",17.4
TR91,11,G,13,14,F,0110,1,GS-14,J,XXXX,8,10,F,1,200809,1,"$104,569",16.7
TR91,11,J,14,15,J,0110,1,GS-15,M,XXXX,8,10,F,1,200809,1,"$138,383",41.0
TR91,11,F,17,14,F,0110,1,GS-14,L,XXXX,8,10,F,1,200809,1,"$120,907",16.9
TR91,11,C,13,14,D,0110,1,GS-14,J,XXXX,8,10,F,1,200809,1,"$101,301",7.3
TR91,11,J,04,14,I,0110,1,GS-14,L,XXXX,8,10,F,1,200809,1,"$127,442",32.3
TR91,11,G,13,15,G,0110,1,GS-15,K,XXXX,8,10,F,1,200809,1,"$115,317",20.4
TR91,11,F,17,14,D,0110,1,GS-14,K,XXXX,8,10,F,1,200809,1,"$117,639",9.9
TR91,TS,I,17,15,H,0110,1,GS-15,L,XXXX,8,10,F,1,200809,1,"$124,010",27.3
TR91,11,C,17,12,B,0110,1,GS-12,F,XXXX,8,40,F,2,200809,1,"$69,764",1.2
TR91,11,D,17,13,B,0110,1,GS-13,I,XXXX,8,40,F,2,200809,1,"$91,259",1.2
TR91,11,C,04,,C,0110,1,ES-**,N,XXXX,2,55,F,1,200809,1,"$147,500",3.3
TR91,11,H,21,15,H,0110,1,GS-15,N,XXXX,8,10,F,1,200809,1,"$149,000",27.8
TR91,11,G,13,15,F,0110,1,GS-15,M,XXXX,2,10,F,1,200809,1,"$138,383",19.9
TR91,11,F,21,15,F,0110,1,GS-15,M,XXXX,8,10,F,1,200809,1,"$134,538",17.0
TR91,11,I,17,,I,0110,1,ES-**,P,XXXX,2,50,F,1,200809,1,"$164,457",32.6
TR91,11,F,17,15,E,0110,1,GS-15,M,XXXX,8,10,F,1,200809,1,"$138,383",14.6
TR91,11,E,21,,A,0110,1,ES-**,O,XXXX,2,50,F,1,200809,1,"$156,450",0.2
TR91,11,C,13,13,B,0110,1,GS-13,H,XXXX,8,40,F,2,200809,1,"$82,961",2.1
TR91,11,F,17,15,E,0110,1,GS-15,L,XXXX,2,10,F,1,200809,1,"$126,850",13.8
TR91,11,I,18,15,F,0110,1,GS-15,N,XXXX,8,10,F,1,200809,1,"$146,071",17.4
TR91,11,C,17,09,B,0110,1,GS-09,F,XXXX,8,15,F,1,200809,1,"$60,942",2.2
TR93,11,H,04,13,I,0110,1,GS-13,J,XXXX,8,10,F,1,200809,1,"$105,088",34.5
TR93,11,I,13,14,G,0110,1,GS-14,K,XXXX,8,10,F,1,200809,1,"$117,639",23.7
TR93,06,E,21,13,D,0110,1,GS-13,J,XXXX,8,10,F,1,200809,1,"$103,078",7.2
TR93,06,F,13,13,E,0110,1,GS-13,K,XXXX,8,10,F,1,200809,1,"$112,175",14.0
TR93,17,D,17,09,A,0110,1,GS-09,D,XXXX,8,32,F,1,200809,1,"$49,012",0.0
TR93,06,G,17,13,B,0110,1,GS-13,I,XXXX,8,15,F,1,200809,1,"$94,558",2.3
TR93,26,H,18,13,F,0110,1,GS-13,I,XXXX,8,10,F,1,200809,1,"$98,104",17.0
TR93,13,D,21,12,B,0110,1,GS-12,G,XXXX,8,15,F,1,200809,1,"$72,206",2.2
TR93,06,I,13,14,I,0110,1,GS-14,L,XXXX,8,10,F,1,200809,1,"$125,278",30.9
TR93,25,J,21,13,H,0110,1,GS-13,J,XXXX,8,10,F,1,200809,1,"$109,300",26.7
TR93,06,H,17,13,G,0110,1,GS-13,K,XXXX,8,10,F,1,200809,1,"$118,239",22.5
TR93,34,H,17,13,E,0110,1,GS-13,K,XXXX,8,10,F,1,200809,1,"$112,735",14.0
TR93,11,K,17,14,J,0110,1,GS-14,L,XXXX,7,10,F,1,200809,1,"$124,175",42.2
TR93,36,H,17,13,I,0110,1,GS-13,K,XXXX,8,10,F,1,200809,1,"$112,735",31.4
TR93,11,F,13,13,F,0110,1,GS-13,J,XXXX,8,10,P,2,200809,1,"$105,088",19.3
TR93,17,I,17,14,I,0110,1,GS-14,L,XXXX,7,10,F,1,200809,1,"$123,177",30.7
TR93,11,E,13,14,E,0110,1,GS-14,K,XXXX,8,10,F,1,200809,1,"$111,104",14.5
TR93,11,C,13,09,C,0110,1,GS-09,E,XXXX,8,10,F,1,200809,1,"$54,525",3.7
TR93,26,G,17,13,F,0110,1,GS-13,J,XXXX,8,10,F,1,200809,1,"$109,318",17.1
TR93,11,C,13,07,A,0110,1,GS-07,C,XXXX,8,15,F,1,200809,1,"$39,330",0.9
TR93,17,I,21,13,A,0110,1,GS-13,H,XXXX,8,15,F,1,200809,1,"$84,519",0.0
TR93,24,H,04,14,C,0110,1,GS-14,L,XXXX,8,15,F,1,200809,1,"$127,442",3.4
TR93,48,C,17,12,B,0110,1,GS-12,F,XXXX,8,32,F,1,200809,1,"$68,524",2.3
TR93,48,H,17,13,C,0110,1,GS-13,H,XXXX,8,10,F,1,200809,1,"$89,636",4.3
TR93,13,F,17,13,F,0110,1,GS-13,J,XXXX,8,10,F,1,200809,1,"$101,968",16.2
TR93,11,H,17,14,G,0110,1,GS-14,L,XXXX,8,10,F,1,200809,1,"$120,907",24.4
TR93,17,D,21,13,A,0110,1,GS-13,H,XXXX,8,15,F,1,200809,1,"$84,519",0.0
TR93,11,D,13,11,D,0110,1,GS-11,E,XXXX,8,15,F,1,200809,1,"$58,206",8.1
TR93,47,H,17,13,G,0110,1,GS-13,J,XXXX,8,10,F,1,200809,1,"$100,976",23.5
TR93,12,F,13,,G,0110,1,IR-SM,L,XXXX,2,10,F,1,200809,1,"$124,084",21.3
TR93,11,H,17,13,B,0110,1,GS-13,H,XXXX,8,15,F,1,200809,1,"$85,727",2.0
TR93,11,C,13,07,D,0110,1,GS-07,D,XXXX,8,10,F,1,200809,1,"$47,193",5.9
TR93,13,J,21,13,F,0110,1,GS-13,J,XXXX,8,10,F,1,200809,1,"$101,968",18.9
TR93,36,K,21,14,G,0110,1,GS-14,L,XXXX,7,10,F,1,200809,1,"$129,793",20.8
TR93,17,C,17,09,A,0110,1,GS-09,D,XXXX,8,32,F,1,200809,1,"$49,012",0.0
TR93,06,J,17,14,G,0110,1,GS-14,L,XXXX,7,10,F,1,200809,1,"$121,892",23.1
TR93,26,H,21,13,A,0110,1,GS-13,H,XXXX,8,15,F,1,200809,1,"$84,086",0.3
TR93,06,J,04,13,F,0110,1,GS-13,K,XXXX,8,10,F,1,200809,1,"$111,753",17.6
TR93,36,G,17,13,C,0110,1,GS-13,I,XXXX,8,10,F,1,200809,1,"$98,279",4.3
TR93,17,K,17,14,G,0110,1,GS-14,L,XXXX,7,10,F,1,200809,1,"$123,177",24.4
TR93,24,D,17,13,C,0110,1,GS-13,H,XXXX,8,10,F,1,200809,1,"$88,493",4.9
TR93,40,G,04,13,F,0110,1,GS-13,H,XXXX,8,10,F,1,200809,1,"$85,438",17.2
TR93,11,J,13,15,H,0110,1,GS-15,N,XXXX,8,10,F,1,200809,1,"$149,000",25.3
TR93,17,H,17,13,B,0110,1,GS-13,H,XXXX,8,15,F,1,200809,1,"$87,336",1.0
TR93,11,C,04,13,D,0110,1,GS-13,H,XXXX,8,10,F,1,200809,1,"$88,493",8.1
TR93,55,H,21,13,D,0110,1,GS-13,I,XXXX,8,10,F,1,200809,1,"$93,460",9.3
TR93,11,D,13,14,E,0110,1,GS-14,J,XXXX,8,10,F,1,200809,1,"$101,301",11.0
TR93,36,E,17,13,B,0110,1,GS-13,I,XXXX,8,15,F,1,200809,1,"$95,388",2.4
TR93,27,E,17,12,C,0110,1,GS-12,G,XXXX,8,10,F,1,200809,1,"$73,518",4.2
TR93,06,J,04,13,E,0110,1,GS-13,K,XXXX,8,10,F,1,200809,1,"$115,207",12.4
TR93,48,J,21,13,E,0110,1,GS-13,J,XXXX,8,10,F,1,200809,1,"$104,909",12.0
TR93,13,D,13,14,D,0110,1,GS-14,I,XXXX,8,10,F,1,200809,1,"$95,122",9.1
TR93,17,E,17,13,E,0110,1,GS-13,J,XXXX,8,10,F,1,200809,1,"$107,062",10.3
TR93,42,I,13,13,I,0110,1,GS-13,J,XXXX,8,10,F,1,200809,1,"$102,537",31.4
TR93,11,B,04,09,B,0110,1,GS-09,D,XXXX,8,15,F,1,200809,1,"$48,108",1.9
TR93,48,K,17,13,F,0110,1,GS-13,K,XXXX,8,10,F,1,200809,1,"$110,739",16.8
TR93,06,H,21,14,D,0110,1,GS-14,K,XXXX,8,10,F,1,200809,1,"$115,120",7.4
TR93,11,E,17,12,D,0110,1,GS-12,G,XXXX,8,10,F,1,200809,1,"$72,090",6.9
TR93,09,F,17,14,F,0110,1,GS-14,K,XXXX,8,10,F,1,200809,1,"$110,584",17.3
TR93,11,F,17,13,E,0110,1,GS-13,I,XXXX,8,10,F,1,200809,1,"$99,557",13.3
TR93,06,D,17,12,B,0110,1,GS-12,G,XXXX,8,32,F,1,200809,1,"$72,286",2.3
TR93,11,E,13,12,B,0110,1,GS-12,F,XXXX,8,15,F,1,200809,1,"$69,764",2.9
TR93,11,G,17,12,E,0110,1,GS-12,G,XXXX,8,10,F,1,200809,1,"$72,090",10.6
TR93,11,E,13,14,F,0110,1,GS-14,L,XXXX,8,10,F,1,200809,1,"$120,907",17.3
TR93,11,E,17,13,D,0110,1,GS-13,H,XXXX,8,10,F,1,200809,1,"$85,727",6.2
TR93,06,G,17,14,F,0110,1,GS-14,L,XXXX,8,10,F,1,200809,1,"$125,384",18.0
TR93,06,K,17,14,E,0110,1,GS-14,K,XXXX,7,10,F,1,200809,1,"$118,506",14.0
TR93,06,H,17,13,E,0110,1,GS-13,J,XXXX,8,10,F,1,200809,1,"$108,887",14.0
TR93,36,G,17,14,F,0110,1,GS-14,K,XXXX,7,10,F,1,200809,1,"$119,547",19.7
TR93,11,F,17,14,F,0110,1,GS-14,K,XXXX,8,10,F,1,200809,1,"$114,372",16.4
TR93,36,E,17,13,E,0110,1,GS-13,H,XXXX,8,10,F,1,200809,1,"$89,606",14.0
TR93,36,G,04,14,D,0110,1,GS-14,J,XXXX,7,10,F,1,200809,1,"$105,885",5.6
TR93,11,H,17,14,G,0110,1,GS-14,L,XXXX,8,10,F,1,200809,1,"$120,907",23.1
TR93,11,E,21,12,D,0110,1,GS-12,I,XXXX,8,10,F,1,200809,1,"$90,698",9.6
TR93,13,D,17,13,C,0110,1,GS-13,H,XXXX,8,10,F,1,200809,1,"$88,549",3.3
TR93,11,C,17,09,A,0110,1,GS-09,D,XXXX,8,30,F,1,200809,1,"$48,108",0.1
TR93,11,C,13,07,A,0110,1,GS-07,C,XXXX,8,15,F,1,200809,1,"$39,330",0.5
TR93,04,F,13,14,F,0110,1,GS-14,J,XXXX,8,10,F,1,200809,1,"$108,553",17.0
TR93,11,I,21,13,F,0110,1,GS-13,J,XXXX,8,10,F,1,200809,1,"$105,088",16.8
TR93,11,H,17,14,G,0110,1,GS-14,L,XXXX,8,10,F,1,200809,1,"$120,907",21.8
TR93,11,D,04,14,E,0110,1,GS-14,J,XXXX,8,10,F,1,200809,1,"$107,836",10.1
TR93,06,G,17,14,D,0110,1,GS-14,K,XXXX,8,10,F,1,200809,1,"$114,637",8.8
TR93,11,C,04,07,A,0110,1,GS-07,C,XXXX,8,15,F,1,200809,1,"$39,330",0.7
TR93,17,H,21,13,A,0110,1,GS-13,J,XXXX,8,15,F,1,200809,1,"$107,062",0.3
TR93,48,I,17,14,G,0110,1,GS-14,K,XXXX,7,10,F,1,200809,1,"$112,338",20.7
TR93,06,G,17,13,G,0110,1,GS-13,K,XXXX,8,10,F,1,200809,1,"$111,753",21.4
TR93,23,D,13,13,E,0110,1,GS-13,H,XXXX,8,10,F,1,200809,1,"$85,438",10.2
TR93,11,G,17,14,G,0110,1,GS-14,K,XXXX,8,10,F,1,200809,1,"$117,639",22.3
TR93,11,C,13,07,A,0110,1,GS-07,C,XXXX,8,15,F,1,200809,1,"$39,330",0.1
TR93,17,H,21,14,E,0110,1,GS-14,J,XXXX,8,10,F,1,200809,1,"$109,861",12.1
TR93,11,I,17,12,G,0110,1,GS-12,G,XXXX,8,10,F,1,200809,1,"$74,416",21.3
TR93,36,F,21,13,C,0110,1,GS-13,J,XXXX,8,15,F,1,200809,1,"$101,170",4.2
TR93,11,F,13,13,G,0110,1,GS-13,J,XXXX,8,10,F,1,200809,1,"$105,088",20.0
TR93,51,F,17,13,G,0110,1,GS-13,J,XXXX,8,10,F,1,200809,1,"$100,976",22.8
TR93,25,I,13,13,B,0110,1,GS-13,I,XXXX,8,15,F,1,200809,1,"$92,482",2.2
TR93,26,G,17,14,F,0110,1,GS-14,L,XXXX,7,10,F,1,200809,1,"$125,859",19.5
TR93,06,F,17,13,E,0110,1,GS-13,J,XXXX,8,10,F,1,200809,1,"$109,142",10.3
TR93,11,E,17,12,D,0110,1,GS-12,F,XXXX,8,15,F,1,200809,1,"$69,764",5.7
TR93,11,D,17,13,D,0110,1,GS-13,I,XXXX,8,10,F,1,200809,1,"$94,025",9.3
TR93,11,D,04,13,E,0110,1,GS-13,I,XXXX,8,10,F,1,200809,1,"$91,259",10.3
TR93,25,K,17,13,F,0110,1,GS-13,J,XXXX,8,10,F,1,200809,1,"$109,300",17.7
TR93,11,C,17,14,D,0110,1,GS-14,I,XXXX,8,10,F,1,200809,1,"$98,033",6.6
TR93,06,K,17,13,H,0110,1,GS-13,K,XXXX,8,10,F,1,200809,1,"$118,239",27.8
TR93,13,C,21,11,B,0110,1,GS-11,E,XXXX,8,32,F,1,200809,1,"$56,478",2.0
TR93,11,G,17,,G,0110,1,IR-SM,M,XXXX,2,10,F,1,200809,1,"$130,119",21.3
TR93,24,E,04,14,E,0110,1,GS-14,J,XXXX,8,10,F,1,200809,1,"$104,569",13.2
TR93,06,J,21,,F,0110,1,IR-FM,M,XXXX,2,10,F,1,200809,1,"$132,049",17.4
TR93,36,K,17,13,F,0110,1,GS-13,J,XXXX,8,10,F,1,200809,1,"$109,843",17.7
TR93,11,D,17,12,D,0110,1,GS-12,G,XXXX,8,10,F,1,200809,1,"$72,090",8.8
TR93,11,C,13,13,D,0110,1,GS-13,H,XXXX,8,10,F,1,200809,1,"$88,493",7.2
TR93,11,C,13,12,C,0110,1,GS-12,F,XXXX,8,10,F,1,200809,1,"$69,764",3.9
TR93,11,I,21,14,C,0110,1,GS-14,J,XXXX,8,15,F,1,200809,1,"$107,836",3.7
TR93,11,C,13,12,C,0110,1,GS-12,F,XXXX,8,15,F,1,200809,1,"$69,764",3.3
TR93,11,I,04,13,G,0110,1,GS-13,J,XXXX,8,10,F,1,200809,1,"$105,088",22.6
TR93,11,F,17,13,F,0110,1,GS-13,J,XXXX,8,10,F,1,200809,1,"$107,854",18.2
TR93,11,H,21,14,D,0110,1,GS-14,J,XXXX,8,10,F,1,200809,1,"$101,301",6.2
TR93,36,I,21,,H,0110,1,IR-FM,L,XXXX,2,10,F,1,200809,1,"$128,653",29.3
TR93,36,I,21,13,F,0110,1,GS-13,K,XXXX,8,10,F,1,200809,1,"$112,735",17.9
TR93,36,J,17,13,E,0110,1,GS-13,J,XXXX,8,10,F,1,200809,1,"$109,843",14.0
TR93,48,J,17,14,E,0110,1,GS-14,K,XXXX,7,10,F,1,200809,1,"$117,078",10.5
TR93,11,K,21,,I,0110,1,IR-FM,L,XXXX,2,10,F,1,200809,1,"$127,442",31.8
TR93,06,E,17,13,A,0110,1,GS-13,I,XXXX,8,15,F,1,200809,1,"$94,558",0.0
TR93,48,I,17,13,E,0110,1,GS-13,J,XXXX,8,10,F,1,200809,1,"$100,503",13.8
TR93,11,D,17,12,C,0110,1,GS-12,G,XXXX,8,10,F,1,200809,1,"$72,090",3.2
TR93,11,I,13,12,E,0110,1,GS-12,G,XXXX,8,10,F,1,200809,1,"$79,068",11.5
TR93,13,I,17,13,D,0110,1,GS-13,I,XXXX,8,15,F,1,200809,1,"$93,916",6.3
TR93,06,F,21,13,B,0110,1,GS-13,I,XXXX,8,15,F,1,200809,1,"$93,981",2.0
TR93,13,G,17,14,E,0110,1,GS-14,K,XXXX,7,10,F,1,200809,1,"$114,146",13.5
TR93,13,F,21,13,D,0110,1,GS-13,J,XXXX,8,10,F,1,200809,1,"$101,968",8.9
TR93,48,H,17,13,G,0110,1,GS-13,I,XXXX,8,10,F,1,200809,1,"$99,080",20.7
TR93,11,D,04,13,D,0110,1,GS-13,I,XXXX,8,10,F,1,200809,1,"$91,259",7.8
TR93,48,D,17,12,B,0110,1,GS-12,F,XXXX,8,32,F,1,200809,1,"$68,524",2.3
TR93,11,F,17,12,B,0110,1,GS-12,G,XXXX,8,15,F,1,200809,1,"$79,068",1.3
TR93,11,C,13,07,A,0110,1,GS-07,C,XXXX,8,15,F,1,200809,1,"$39,330",0.3
TR93,27,E,17,14,E,0110,1,GS-14,J,XXXX,8,10,F,1,200809,1,"$109,762",10.7
TR93,11,C,13,07,A,0110,1,GS-07,C,XXXX,8,15,F,1,200809,1,"$39,330",0.6
TR93,11,I,21,13,F,0110,1,GS-13,J,XXXX,8,10,F,1,200809,1,"$105,088",16.8
TR93,53,I,13,13,G,0110,1,GS-13,J,XXXX,8,10,F,1,200809,1,"$106,837",21.3
TR93,06,G,21,13,D,0110,1,GS-13,K,XXXX,8,10,F,1,200809,1,"$118,239",6.7
TR93,11,I,21,13,H,0110,1,GS-13,J,XXXX,8,10,F,1,200809,1,"$107,854",29.9
TR93,11,H,21,12,G,0110,1,GS-12,I,XXXX,8,10,F,1,200809,1,"$90,698",24.9
TR93,13,G,17,13,D,0110,1,GS-13,H,XXXX,8,15,F,1,200809,1,"$88,549",6.3
TR93,06,I,21,14,E,0110,1,GS-14,K,XXXX,7,10,F,1,200809,1,"$118,506",12.8
TR93,36,C,17,13,B,0110,1,GS-13,I,XXXX,8,15,F,1,200809,1,"$95,388",2.3
TR93,11,D,13,13,D,0110,1,GS-13,I,XXXX,8,10,F,1,200809,1,"$91,259",9.1
TR93,11,D,13,11,E,0110,1,GS-11,E,XXXX,8,10,F,1,200809,1,"$58,206",10.6
TR93,48,H,17,13,B,0110,1,GS-13,I,XXXX,8,15,F,1,200809,1,"$90,336",1.0
TR93,13,E,21,13,C,0110,1,GS-13,H,XXXX,8,10,F,1,200809,1,"$83,181",3.8
TR93,11,E,17,14,E,0110,1,GS-14,K,XXXX,8,10,F,1,200809,1,"$111,104",13.3
TR93,11,F,13,14,G,0110,1,GS-14,J,XXXX,8,10,F,1,200809,1,"$101,301",21.6
TR93,36,I,14,,J,0110,1,IR-FM,M,XXXX,2,10,F,1,200809,1,"$133,209",35.9
TR93,06,E,21,13,B,0110,1,GS-13,I,XXXX,8,15,F,1,200809,1,"$94,558",2.0
TR93,11,G,13,07,F,0110,1,GS-07,C,XXXX,8,15,F,1,200809,1,"$39,330",15.9
TR93,11,F,13,14,G,0110,1,GS-14,K,XXXX,8,10,F,1,200809,1,"$117,639",20.2
TR93,08,E,17,13,D,0110,1,GS-13,H,XXXX,8,10,F,1,200809,1,"$85,826",5.6
TR93,11,I,17,13,B,0110,1,GS-13,H,XXXX,8,15,F,1,200809,1,"$88,493",2.6
TR93,06,I,14,14,H,0110,1,GS-14,L,XXXX,8,10,F,1,200809,1,"$125,278",29.0
TR93,27,D,17,13,D,0110,1,GS-13,H,XXXX,8,10,F,1,200809,1,"$87,424",5.8
TR93,11,G,17,,F,0110,1,IR-SM,L,XXXX,2,10,F,1,200809,1,"$128,292",18.3
TR93,17,C,04,09,A,0110,1,GS-09,D,XXXX,8,32,F,1,200809,1,"$49,012",0.0
TR93,11,C,17,07,A,0110,1,GS-07,C,XXXX,8,15,F,1,200809,1,"$39,330",0.0
TR93,48,J,17,14,F,0110,1,GS-14,J,XXXX,7,10,F,1,200809,1,"$107,077",16.5
TR93,11,F,13,13,F,0110,1,GS-13,J,XXXX,8,10,P,2,200809,1,"$102,323",19.1
TR93,11,C,17,13,D,0110,1,GS-13,H,XXXX,8,10,F,1,200809,1,"$85,727",6.2
TR93,11,D,13,14,E,0110,1,GS-14,I,XXXX,8,10,F,1,200809,1,"$98,033",10.3
TR93,11,C,13,11,C,0110,1,GS-11,E,XXXX,8,15,F,1,200809,1,"$58,206",3.2
TR93,55,G,17,13,F,0110,1,GS-13,I,XXXX,8,10,F,1,200809,1,"$90,789",17.6
TR93,17,H,21,14,G,0110,1,GS-14,L,XXXX,7,10,F,1,200809,1,"$123,177",24.0
TR93,12,F,17,12,C,0110,1,GS-12,G,XXXX,8,10,F,1,200809,1,"$73,321",4.9
TR93,11,C,04,12,C,0110,1,GS-12,G,XXXX,8,10,F,1,200809,1,"$72,090",4.3
TR93,11,D,13,13,D,0110,1,GS-13,I,XXXX,8,10,F,1,200809,1,"$91,259",9.3
TR93,13,G,21,13,D,0110,1,GS-13,H,XXXX,8,10,F,1,200809,1,"$88,549",8.0
TR93,11,C,04,07,A,0110,1,GS-07,C,XXXX,8,15,F,1,200809,1,"$39,330",0.6
TR93,11,E,17,14,E,0110,1,GS-14,K,XXXX,8,10,F,1,200809,1,"$114,372",14.1
TR93,11,J,13,14,J,0110,1,GS-14,L,XXXX,8,10,F,1,200809,1,"$127,442",38.8
TR93,48,J,17,13,G,0110,1,GS-13,K,XXXX,8,10,F,1,200809,1,"$110,739",21.4
TR93,17,F,21,,C,0110,1,IR-FM,J,XXXX,2,10,F,1,200809,1,"$100,410",4.8
TR93,11,C,13,13,D,0110,1,GS-13,H,XXXX,8,10,F,1,200809,1,"$88,493",7.2
TR93,25,I,17,13,E,0110,1,GS-13,J,XXXX,8,10,F,1,200809,1,"$100,891",13.1
TR93,13,E,17,14,D,0110,1,GS-14,K,XXXX,7,10,F,1,200809,1,"$110,975",7.3
TR93,06,G,21,13,F,0110,1,GS-13,K,XXXX,8,15,F,1,200809,1,"$118,239",17.5
TR93,48,H,21,13,C,0110,1,GS-13,H,XXXX,8,10,F,1,200809,1,"$89,636",3.3
TR93,06,K,07,13,F,0110,1,GS-13,J,XXXX,8,10,F,1,200809,1,"$106,021",17.6
TR93,11,K,21,14,F,0110,1,GS-14,L,XXXX,8,10,F,1,200809,1,"$120,907",16.8
TR93,11,C,17,12,C,0110,1,GS-12,F,XXXX,8,15,F,1,200809,1,"$69,764",3.5
TR93,11,F,17,13,E,0110,1,GS-13,I,XXXX,8,10,F,1,200809,1,"$91,259",10.0
TR93,36,J,21,13,G,0110,1,GS-13,J,XXXX,8,10,F,1,200809,1,"$109,843",20.4
TR93,25,H,04,14,F,0110,1,GS-14,L,XXXX,8,10,F,1,200809,1,"$129,150",15.7
TR93,13,H,22,13,D,0110,1,GS-13,I,XXXX,8,10,F,1,200809,1,"$99,284",7.3
TR93,17,I,21,13,D,0110,1,GS-13,I,XXXX,8,10,F,1,200809,1,"$95,790",7.9
TR93,36,F,17,14,E,0110,1,GS-14,J,XXXX,8,10,F,1,200809,1,"$109,149",13.7
TR93,06,H,21,,G,0110,1,IR-FM,M,XXXX,2,10,F,1,200809,1,"$133,904",20.3
TR93,48,G,18,14,E,0110,1,GS-14,M,XXXX,8,10,F,1,200809,1,"$134,295",14.9
TRAD,11,C,13,11,B,0110,1,GS-11,E,XXXX,8,15,F,1,200809,1,"$58,206",2.9
TRAJ,11,D,21,,B,0110,1,NB-05,K,XXXX,8,40,F,2,200809,1,"$117,174",1.2
TRAJ,11,E,21,,B,0110,1,NB-05,J,XXXX,8,15,F,1,200809,1,"$108,151",1.4
TRAJ,11,D,21,,B,0110,1,NB-06,L,XXXX,8,15,F,1,200809,1,"$122,622",2.9
TRAJ,11,H,21,,D,0110,1,NB-05,L,XXXX,8,15,F,1,200809,1,"$120,000",9.2
TRAJ,11,F,21,,C,0110,1,NB-06,P,XXXX,8,10,F,1,200809,1,"$165,064",4.2
TRAJ,11,D,21,,A,0110,1,NB-05,K,XXXX,8,40,F,2,200809,1,"$118,000",0.2
TRAJ,11,E,21,,C,0110,1,NB-05,L,XXXX,8,10,F,1,200809,1,"$120,390",3.1
TRAJ,11,F,21,,C,0110,1,NB-06,N,XXXX,8,10,F,1,200809,1,"$142,537",3.3
TRAJ,11,H,14,,H,0110,1,NB-06,M,XXXX,8,10,F,1,200809,1,"$132,401",26.5
TRAJ,11,E,04,,B,0110,1,NB-06,N,XXXX,8,40,F,2,200809,1,"$145,599",2.3
TRAJ,11,G,18,,F,0110,1,NB-06,N,XXXX,8,10,P,2,200809,1,"$149,027",18.8
TRAJ,11,E,21,,A,0110,1,NB-05,J,XXXX,8,20,I,2,200809,1,"$106,053",0.7
TRAJ,11,I,21,,F,0110,1,NB-07,R,XXXX,2,10,F,1,200809,1,"$206,148",18.0
TRAJ,11,I,21,,F,0110,1,NB-06,P,XXXX,8,10,F,1,200809,1,"$165,432",17.7
TRAJ,11,F,21,,D,0110,1,NB-07,P,XXXX,8,10,F,1,200809,1,"$164,640",9.2
TRAJ,11,E,21,,D,0110,1,NB-06,P,XXXX,8,10,F,1,200809,1,"$160,527",8.2
TRAJ,11,F,17,,F,0110,1,NB-06,N,XXXX,8,10,F,1,200809,1,"$146,495",15.6
TRAJ,11,G,21,,G,0110,1,NB-07,R,XXXX,2,10,F,1,200809,1,"$211,152",20.3
TRAJ,11,E,04,,A,0110,1,NB-05,J,XXXX,8,40,F,2,200809,1,"$100,000",0.2
TRAJ,11,G,21,,F,0110,1,NB-06,L,XXXX,8,10,F,1,200809,1,"$125,659",18.3
TRAJ,11,H,17,,G,0110,1,NB-07,Q,XXXX,2,10,F,1,200809,1,"$179,689",20.8
TRAJ,11,I,21,,D,0110,1,NB-06,O,XXXX,8,10,F,1,200809,1,"$157,426",5.1
TRAJ,11,I,21,,B,0110,1,NB-07,R,XXXX,8,15,F,1,200809,1,"$190,160",2.9
TRAJ,11,J,21,,D,0110,1,NB-06,O,XXXX,8,10,F,1,200809,1,"$150,919",7.6
TRAJ,11,C,21,,B,0110,1,NB-05,I,XXXX,8,15,F,1,200809,1,"$93,335",1.2
TRAJ,11,J,21,,F,0110,1,NB-07,R,XXXX,8,10,F,1,200809,1,"$187,987",17.4
TRAJ,11,D,21,,C,0110,1,NB-06,N,XXXX,8,10,F,1,200809,1,"$141,759",4.4
TRAJ,11,C,17,,B,0110,1,NB-05,K,XXXX,8,15,F,1,200809,1,"$116,654",1.0
TRAJ,11,D,21,,A,0110,1,NB-05,K,XXXX,8,40,F,2,200809,1,"$115,000",0.1
TRAJ,11,E,21,,C,0110,1,NB-06,N,XXXX,8,15,F,1,200809,1,"$142,929",3.3
TRAJ,11,D,21,,A,0110,1,NB-06,N,XXXX,8,40,F,2,200809,1,"$140,000",0.0
TRAJ,11,F,21,,B,0110,1,NB-05,J,XXXX,8,40,F,2,200809,1,"$105,924",1.0
TRAJ,11,H,21,,B,0110,1,NB-06,O,XXXX,8,15,F,1,200809,1,"$158,609",1.9
TRAJ,11,J,07,,H,0110,1,NB-05,J,XXXX,8,10,F,1,200809,1,"$103,251",29.9
TRAJ,11,I,21,,F,0110,1,NB-06,P,XXXX,8,10,F,1,200809,1,"$161,806",19.0
TRAJ,11,E,21,,B,0110,1,NB-05,K,XXXX,8,15,F,1,200809,1,"$119,600",1.7
TRAJ,36,I,17,,F,0110,1,NB-06,Q,XXXX,8,10,F,1,200809,1,"$170,317",16.8
TRAJ,11,I,21,,F,0110,1,NB-07,R,XXXX,8,10,F,1,200809,1,"$208,720",17.1
TRAJ,11,E,17,,C,0110,1,NB-05,J,XXXX,8,10,F,1,200809,1,"$100,191",3.3
TRAJ,11,F,21,,D,0110,1,NB-06,N,XXXX,8,10,F,1,200809,1,"$143,180",6.7
TRAJ,11,F,04,,E,0110,1,NB-07,R,XXXX,8,10,F,1,200809,1,"$181,129",11.8
TRAJ,11,H,17,,H,0110,1,NB-07,R,XXXX,2,10,F,1,200809,1,"$213,005",28.0
TRAJ,11,E,21,,A,0110,1,NB-06,M,XXXX,8,15,F,1,200809,1,"$130,000",0.1
TRAJ,11,I,21,,F,0110,1,NB-06,L,XXXX,8,10,F,1,200809,1,"$125,590",17.0
TRAJ,11,H,21,,H,0110,1,NB-07,R,XXXX,8,10,F,1,200809,1,"$210,587",25.3
TRAJ,11,H,18,,F,0110,1,NB-06,O,XXXX,8,10,F,1,200809,1,"$158,989",17.4
TRAJ,11,E,18,,B,0110,1,NB-06,P,XXXX,8,15,F,1,200809,1,"$163,227",2.7
TRAJ,11,G,21,,D,0110,1,NB-07,R,XXXX,8,10,F,1,200809,1,"$187,660",6.5
TRAJ,11,J,18,,H,0110,1,NB-07,R,XXXX,2,10,F,1,200809,1,"$201,676",29.2
TRAJ,11,D,17,,B,0110,1,NB-05,K,XXXX,8,40,F,2,200809,1,"$110,226",2.0
TRAJ,11,I,21,,B,0110,1,NB-07,Q,XXXX,8,48,I,2,200809,1,"$178,936",2.4
TRAJ,11,H,21,,F,0110,1,NB-07,R,XXXX,2,10,F,1,200809,1,"$213,005",17.3
TRAJ,11,F,21,,D,0110,1,NB-07,R,XXXX,8,10,F,1,200809,1,"$188,031",5.6
TRAJ,11,H,21,,E,0110,1,NB-07,R,XXXX,2,10,F,1,200809,1,"$203,216",11.2
TRAJ,11,E,04,,B,0110,1,NB-05,J,XXXX,8,15,F,1,200809,1,"$103,019",2.1
TRAJ,11,J,18,,F,0110,1,NB-06,O,XXXX,8,10,F,1,200809,1,"$155,963",17.5
VAHB,11,I,18,14,G,0110,1,GM-14,L,XXXX,5,10,F,1,200809,1,"$124,175",24.6
VATA,25,I,21,13,F,0110,1,GS-13,J,XXXX,8,10,P,2,200809,1,"$109,300",19.3
VATA,25,I,21,14,F,0110,1,GS-14,K,XXXX,8,42,P,2,200809,1,"$115,904",19.1
VATA,48,E,17,12,E,0110,1,GS-12,H,XXXX,8,20,F,2,200809,1,"$88,221",10.0
VATA,25,H,21,15,I,0110,1,GS-15,N,XXXX,8,10,F,1,200809,1,"$149,000",31.8
VATA,25,G,21,13,D,0110,1,GS-13,J,XXXX,8,42,F,2,200809,1,"$103,694",6.6
VATA,36,G,21,14,A,0110,1,GS-14,K,XXXX,8,15,F,1,200809,1,"$110,137",0.3
VATA,25,J,21,14,E,0110,1,GS-14,L,XXXX,2,42,F,2,200809,1,"$125,839",12.7
VATA,25,J,21,13,E,0110,1,GS-13,J,XXXX,8,42,F,2,200809,1,"$100,891",13.7
VATA,48,H,21,13,B,0110,1,GS-13,J,XXXX,8,42,F,2,200809,1,"$107,824",2.4
