AGYSUB,LOC,AGELVL,EDLVL,GSEGRD,LOSLVL,OCC,PATCO,PPGRD,SALLVL,STEMOCC,SUPERVIS,TOA,WORKSCH,WORKSTAT,DATECODE,EMPLOYMENT,SALARY,LOS
AF3W,48,I,17,13,I,0110,1,GS-13,G,XXXX,8,10,F,1,200109,1,"$78,220",31.0
AF3W,51,I,04,13,D,0110,1,GS-13,H,XXXX,8,10,F,1,200109,1,"$82,180",8.8
AG02,11,D,17,12,C,0110,1,GS-12,E,XXXX,8,10,F,1,200109,1,"$54,928",3.6
AG02,11,H,17,15,H,0110,1,GM-15,J,XXXX,2,10,F,1,200109,1,"$108,375",26.5
AG02,36,D,14,,D,0110,1,MA-16,D,XXXX,8,30,F,1,200109,1,"$43,235",8.3
AG02,11,K,21,12,H,0110,1,GS-12,F,XXXX,8,10,F,1,200109,1,"$65,556",25.4
AG02,11,I,17,15,H,0110,1,GS-15,J,XXXX,2,10,F,1,200109,1,"$105,437",27.7
AG02,11,F,13,13,E,0110,1,GS-13,F,XXXX,8,10,F,1,200109,1,"$65,319",13.9
AG02,11,B,13,09,B,0110,1,GS-09,C,XXXX,8,15,F,1,200109,1,"$36,656",1.3
AG02,11,C,13,12,D,0110,1,GS-12,E,XXXX,8,10,F,1,200109,1,"$56,699",8.3
AG02,11,G,13,13,G,0110,1,GM-13,G,XXXX,5,10,F,1,200109,1,"$76,916",22.4
AG02,11,C,13,09,B,0110,1,GS-09,C,XXXX,8,15,F,1,200109,1,"$36,656",1.3
AG02,11,G,21,12,B,0110,1,GS-12,E,XXXX,8,15,F,1,200109,1,"$54,928",1.9
AG02,11,G,13,13,G,0110,1,GS-13,G,XXXX,8,10,F,1,200109,1,"$77,965",22.3
AG02,11,F,17,12,C,0110,1,GS-12,E,XXXX,8,10,F,1,200109,1,"$58,470",3.6
AG02,11,H,21,14,D,0110,1,GS-14,G,XXXX,8,15,F,1,200109,1,"$74,697",8.6
AG02,11,G,17,14,G,0110,1,GS-14,H,XXXX,8,10,F,1,200109,1,"$87,148",22.3
AG02,11,H,21,14,F,0110,1,GS-14,H,XXXX,2,10,F,1,200109,1,"$84,658",18.3
AG02,13,E,21,,B,0110,1,MA-18,E,XXXX,8,30,F,1,200109,1,"$53,665",1.2
AG02,11,E,17,12,C,0110,1,GS-12,E,XXXX,8,15,F,1,200109,1,"$53,156",3.7
AG02,11,C,17,12,C,0110,1,GS-12,E,XXXX,8,15,F,1,200109,1,"$53,156",4.7
AG02,39,E,13,,E,0110,1,MA-18,E,XXXX,8,30,F,1,200109,1,"$53,665",14.3
AG02,11,F,17,13,D,0110,1,GS-13,F,XXXX,8,10,F,1,200109,1,"$69,534",9.3
AG02,11,C,13,12,B,0110,1,GS-12,E,XXXX,8,15,F,1,200109,1,"$53,156",2.8
AG02,17,H,17,,F,0110,1,MA-20,F,XXXX,2,30,F,1,200109,1,"$69,250",16.3
AG02,11,H,17,15,H,0110,1,GS-15,J,XXXX,2,10,F,1,200109,1,"$105,437",25.3
AG02,13,C,17,,B,0110,1,MA-15,D,XXXX,8,30,F,1,200109,1,"$40,260",1.2
AG02,27,F,13,,E,0110,1,MA-17,E,XXXX,8,30,F,1,200109,1,"$54,801",14.8
AG02,11,F,14,11,F,0110,1,GS-11,E,XXXX,8,10,F,1,200109,1,"$57,656",15.3
AG02,11,F,21,12,B,0110,1,GS-12,E,XXXX,8,15,F,1,200109,1,"$54,928",1.8
AG02,11,E,17,09,A,0110,1,GS-09,C,XXXX,8,15,F,1,200109,1,"$36,656",0.5
AG02,11,F,17,12,F,0110,1,GS-12,E,XXXX,8,10,F,1,200109,1,"$54,928",18.4
AG02,27,H,17,,A,0110,1,MA-16,D,XXXX,8,30,F,1,200109,1,"$47,723",0.8
AG02,27,F,13,,G,0110,1,MA-18,E,XXXX,2,30,F,1,200109,1,"$58,666",20.3
AG02,27,F,13,,F,0110,1,MA-16,E,XXXX,8,30,F,1,200109,1,"$50,715",15.1
AG02,20,F,17,,G,0110,1,MA-20,F,XXXX,8,30,F,1,200109,1,"$65,280",21.1
AG02,53,F,17,,E,0110,1,MA-20,F,XXXX,8,30,F,1,200109,1,"$63,295",11.3
AG02,11,I,21,13,C,0110,1,GS-13,F,XXXX,8,10,F,1,200109,1,"$65,319",4.1
AG02,53,C,14,,C,0110,1,MA-14,D,XXXX,8,30,F,1,200109,1,"$40,586",4.3
AG02,11,H,13,12,F,0110,1,GS-12,F,XXXX,8,10,F,1,200109,1,"$63,785",16.8
AG03,11,E,04,14,E,0110,1,GS-14,G,XXXX,8,10,F,1,200109,1,"$74,697",11.8
AG03,23,G,,09,A,0110,1,GS-09,C,XXXX,8,42,F,2,200109,1,"$35,808",0.8
AG03,24,K,21,15,H,0110,1,GS-15,J,XXXX,8,10,F,1,200109,1,"$105,437",27.5
AG03,30,H,,11,B,0110,1,GS-11,D,XXXX,8,20,F,2,200109,1,"$46,214",2.7
AG07,51,J,17,13,E,0110,1,GS-13,G,XXXX,8,10,F,1,200109,1,"$73,749",14.5
AG07,51,D,04,11,E,0110,1,GS-11,D,XXXX,8,10,F,1,200109,1,"$47,309",12.9
AG07,17,G,17,12,E,0110,1,GS-12,F,XXXX,8,10,F,1,200109,1,"$64,039",12.2
AG07,55,E,17,12,D,0110,1,GS-12,E,XXXX,8,10,F,1,200109,1,"$57,118",6.7
AG07,27,G,13,13,G,0110,1,GS-13,G,XXXX,8,10,F,1,200109,1,"$73,796",24.9
AG08,29,G,13,13,E,0110,1,GS-13,F,XXXX,8,10,F,1,200109,1,"$66,258",11.5
AG08,29,G,17,13,G,0110,1,GS-13,G,XXXX,8,10,F,1,200109,1,"$72,471",20.6
AG08,29,H,17,13,F,0110,1,GS-13,F,XXXX,8,10,F,1,200109,1,"$68,329",16.4
AG08,29,F,17,13,E,0110,1,GS-13,F,XXXX,8,10,F,1,200109,1,"$68,329",14.9
AG08,29,E,11,11,C,0110,1,GS-11,D,XXXX,8,15,F,1,200109,1,"$43,584",3.3
AG08,29,H,17,14,G,0110,1,GS-14,H,XXXX,8,10,F,1,200109,1,"$85,638",23.5
AG08,29,F,17,13,F,0110,1,GS-13,F,XXXX,8,10,F,1,200109,1,"$68,329",16.8
AG08,11,G,21,14,E,0110,1,GS-14,H,XXXX,8,10,F,1,200109,1,"$82,168",12.5
AG08,29,E,13,13,E,0110,1,GS-13,F,XXXX,8,10,F,1,200109,1,"$68,329",14.6
AG08,11,H,21,13,B,0110,1,GS-13,F,XXXX,8,15,F,1,200109,1,"$69,534",1.3
AG10,11,G,13,14,G,0110,1,GS-14,H,XXXX,2,10,F,1,200109,1,"$89,638",23.5
AG10,11,G,17,13,F,0110,1,GS-13,G,XXXX,8,10,F,1,200109,1,"$73,749",18.5
AG10,11,F,14,13,D,0110,1,GS-13,G,XXXX,8,10,F,1,200109,1,"$71,642",9.2
AG10,11,H,17,14,E,0110,1,GS-14,H,XXXX,2,10,F,1,200109,1,"$89,638",13.8
AG10,11,H,17,13,D,0110,1,GS-13,F,XXXX,8,10,F,1,200109,1,"$69,534",9.8
AG10,11,C,13,09,B,0110,1,GS-09,C,XXXX,8,15,F,1,200109,1,"$37,877",1.9
AG10,11,C,17,09,B,0110,1,GS-09,C,XXXX,8,15,F,1,200109,1,"$36,656",2.9
AG10,11,G,17,14,G,0110,1,GS-14,I,XXXX,2,10,F,1,200109,1,"$92,128",22.9
AG10,11,F,13,13,D,0110,1,GS-13,F,XXXX,8,10,F,1,200109,1,"$69,534",6.3
AG10,11,D,13,12,C,0110,1,GS-12,E,XXXX,8,10,F,1,200109,1,"$53,156",3.5
AG10,11,F,17,13,E,0110,1,GS-13,G,XXXX,8,10,F,1,200109,1,"$75,857",13.3
AG10,11,C,14,09,B,0110,1,GS-09,C,XXXX,8,15,F,1,200109,1,"$36,656",1.3
AG10,11,C,17,13,D,0110,1,GS-13,F,XXXX,8,10,F,1,200109,1,"$63,211",5.1
AG10,11,F,,14,A,0110,1,GS-14,G,XXXX,8,42,F,2,200109,1,"$74,697",0.9
AG10,11,C,17,11,B,0110,1,GS-11,D,XXXX,8,15,F,1,200109,1,"$44,352",1.1
AG10,11,J,21,12,D,0110,1,GS-12,F,XXXX,8,10,F,1,200109,1,"$62,013",9.0
AG10,11,I,17,14,J,0110,1,GM-14,I,XXXX,2,10,F,1,200109,1,"$97,108",35.4
AG10,11,I,17,15,J,0110,1,GS-15,J,XXXX,2,10,F,1,200109,1,"$102,508",37.2
AG10,11,H,22,13,F,0110,1,GS-13,H,XXXX,8,10,F,1,200109,1,"$82,180",18.8
AG10,11,E,17,09,E,0110,1,GS-09,D,XXXX,8,10,F,1,200109,1,"$47,648",14.3
AG10,11,D,13,13,E,0110,1,GS-13,F,XXXX,8,10,F,1,200109,1,"$65,319",10.4
AG10,11,B,,05,B,0119,3,GS-05,B,XXXX,8,42,F,2,200109,1,"$24,192",1.3
AG10,11,G,14,15,G,0110,1,GS-15,J,XXXX,8,10,F,1,200109,1,"$102,508",21.3
AG10,11,H,13,13,I,0110,1,GS-13,H,XXXX,8,10,F,1,200109,1,"$82,180",31.6
AG10,11,H,14,15,H,0110,1,GS-15,K,XXXX,2,10,F,1,200109,1,"$114,224",25.8
AG10,11,F,17,13,D,0110,1,GS-13,F,XXXX,8,10,F,1,200109,1,"$63,211",9.1
AG10,11,D,17,13,D,0110,1,GS-13,F,XXXX,8,10,F,1,200109,1,"$63,211",7.8
AG10,11,D,13,09,B,0110,1,GS-09,D,XXXX,8,15,F,1,200109,1,"$42,763",2.1
AG10,11,D,13,12,E,0110,1,GS-12,E,XXXX,8,10,F,1,200109,1,"$53,156",11.9
AG10,11,H,17,15,H,0110,1,GM-15,K,XXXX,2,10,F,1,200109,1,"$114,224",28.8
AG10,11,H,17,14,H,0110,1,GM-14,H,XXXX,2,10,F,1,200109,1,"$89,638",25.4
AG10,11,F,,14,B,0110,1,GS-14,I,XXXX,8,42,F,2,200109,1,"$92,128",2.6
AG10,11,E,17,14,E,0110,1,GS-14,H,XXXX,2,10,F,1,200109,1,"$89,638",13.0
AG10,11,C,17,09,C,0110,1,GS-09,C,XXXX,8,15,F,1,200109,1,"$36,656",3.7
AG10,11,H,18,15,H,0110,1,GS-15,J,XXXX,2,10,F,1,200109,1,"$105,437",25.0
AG10,11,G,17,12,G,0110,1,GS-12,F,XXXX,8,10,F,1,200109,1,"$67,327",20.8
AG10,11,C,13,12,C,0110,1,GS-12,E,XXXX,8,10,F,1,200109,1,"$54,928",4.8
AG10,11,C,13,09,C,0110,1,GS-09,C,XXXX,8,15,F,1,200109,1,"$36,656",3.3
AG10,11,C,17,11,A,0110,1,GS-11,D,XXXX,8,15,F,1,200109,1,"$44,352",0.9
AG10,11,E,17,13,D,0110,1,GS-13,G,XXXX,8,10,P,2,200109,1,"$71,642",9.7
AG10,11,G,17,14,E,0110,1,GS-14,H,XXXX,2,10,F,1,200109,1,"$84,658",12.9
AG10,11,F,17,12,B,0110,1,GS-12,E,XXXX,8,15,F,1,200109,1,"$53,156",2.8
AG10,11,B,04,11,D,0110,1,GS-11,D,XXXX,8,10,F,1,200109,1,"$44,352",5.4
AG10,11,E,17,12,B,0110,1,GS-12,E,XXXX,8,15,F,1,200109,1,"$53,156",2.8
AG10,11,D,13,12,D,0110,1,GS-12,E,XXXX,8,10,F,1,200109,1,"$58,470",6.0
AG10,11,D,13,13,E,0110,1,GS-13,F,XXXX,8,10,F,1,200109,1,"$69,534",10.3
AG10,11,H,,15,G,0110,1,GS-15,J,XXXX,8,42,F,2,200109,1,"$102,508",20.4
AG10,11,C,04,09,D,0110,1,GS-09,C,XXXX,8,10,F,1,200109,1,"$36,656",5.3
AG10,11,F,17,15,F,0110,1,GS-15,I,XXXX,2,10,F,1,200109,1,"$93,722",17.0
AG10,11,F,21,13,E,0110,1,GS-13,G,XXXX,8,10,F,1,200109,1,"$75,857",12.8
AG10,11,C,13,12,C,0110,1,GS-12,E,XXXX,8,10,F,1,200109,1,"$54,928",4.0
AG10,11,G,17,13,F,0110,1,GS-13,H,XXXX,8,10,F,1,200109,1,"$80,072",17.3
AG10,11,C,18,09,A,0110,1,GS-09,D,XXXX,8,15,F,1,200109,1,"$41,541",0.9
AG10,11,C,13,12,C,0110,1,GS-12,E,XXXX,8,10,F,1,200109,1,"$54,928",3.2
AG10,11,K,18,14,J,0110,1,GS-14,I,XXXX,8,10,F,1,200109,1,"$97,108",41.6
AG10,11,C,,09,B,0110,1,GS-09,C,XXXX,8,42,F,2,200109,1,"$37,877",1.1
AG10,11,C,13,11,B,0110,1,GS-11,D,XXXX,8,15,F,1,200109,1,"$44,352",1.0
AG10,11,H,21,15,G,0110,1,GM-15,K,XXXX,2,10,F,1,200109,1,"$111,308",22.7
AG10,11,G,17,13,E,0110,1,GS-13,G,XXXX,8,10,F,1,200109,1,"$75,857",11.4
AG10,11,F,17,13,F,0110,1,GS-13,H,XXXX,8,10,F,1,200109,1,"$82,180",16.8
AG10,11,K,22,14,J,0110,1,GM-14,I,XXXX,5,10,F,1,200109,1,"$97,108",39.1
AG10,11,E,,13,C,0110,1,GS-13,F,XXXX,8,42,P,2,200109,1,"$69,534",4.2
AG10,11,C,13,11,B,0110,1,GS-11,D,XXXX,8,15,F,1,200109,1,"$44,352",2.3
AG10,11,G,17,14,G,0110,1,GS-14,H,XXXX,8,10,F,1,200109,1,"$84,658",20.4
AG10,11,E,17,14,D,0110,1,GS-14,H,XXXX,2,10,F,1,200109,1,"$87,148",9.7
AG10,11,C,17,13,C,0110,1,GS-13,F,XXXX,8,10,F,1,200109,1,"$63,211",4.7
AG10,11,H,17,15,G,0110,1,GS-15,J,XXXX,2,10,F,1,200109,1,"$105,437",24.7
AG10,11,H,17,13,I,0110,1,GS-13,H,XXXX,8,10,F,1,200109,1,"$82,180",30.3
AG10,11,I,17,13,I,0110,1,GS-13,H,XXXX,8,10,F,1,200109,1,"$82,180",30.5
AG10,11,D,17,12,C,0110,1,GS-12,E,XXXX,8,10,F,1,200109,1,"$53,156",3.5
AG10,11,E,13,15,E,0110,1,GS-15,I,XXXX,2,10,F,1,200109,1,"$96,651",14.3
AG10,11,C,13,11,B,0110,1,GS-11,D,XXXX,8,15,F,1,200109,1,"$44,352",2.3
AG10,11,D,17,12,C,0110,1,GS-12,E,XXXX,8,10,F,1,200109,1,"$56,699",4.1
AG10,11,E,13,13,D,0110,1,GS-13,F,XXXX,8,10,F,1,200109,1,"$69,534",7.7
AG10,11,C,17,12,B,0110,1,GS-12,E,XXXX,8,15,F,1,200109,1,"$54,928",2.9
AG10,11,C,13,12,C,0110,1,GS-12,E,XXXX,8,10,F,1,200109,1,"$54,928",3.3
AG10,11,D,13,13,D,0110,1,GS-13,F,XXXX,8,10,F,1,200109,1,"$63,211",6.9
AG10,11,F,18,13,E,0110,1,GS-13,G,XXXX,8,10,F,1,200109,1,"$71,642",12.7
AG10,11,G,,14,G,0110,1,GS-14,I,XXXX,8,42,F,2,200109,1,"$94,618",21.1
AG10,11,H,17,13,H,0110,1,GS-13,H,XXXX,8,10,F,1,200109,1,"$80,072",25.2
AG10,11,D,13,11,C,0110,1,GS-11,D,XXXX,8,15,F,1,200109,1,"$44,352",3.6
AG10,11,J,18,13,I,0110,1,GS-13,H,XXXX,8,10,F,1,200109,1,"$82,180",33.8
AG10,11,G,17,13,E,0110,1,GS-13,F,XXXX,8,10,F,1,200109,1,"$69,534",12.6
AG10,11,E,17,13,E,0110,1,GS-13,F,XXXX,8,10,F,1,200109,1,"$67,427",10.3
AG10,11,H,17,15,G,0110,1,GS-15,J,XXXX,2,10,F,1,200109,1,"$102,508",23.1
AG10,11,F,17,13,E,0110,1,GS-13,G,XXXX,8,10,F,1,200109,1,"$75,857",12.3
AG10,ML,J,,,I,0110,1,FC-12,I,XXXX,8,42,F,2,200109,1,"$95,652",30.2
AG10,11,F,17,14,G,0110,1,GS-14,H,XXXX,8,10,F,1,200109,1,"$89,638",20.6
AG10,11,G,17,13,F,0110,1,GS-13,H,XXXX,8,10,F,1,200109,1,"$82,180",17.7
AG10,11,F,17,15,F,0110,1,GS-15,J,XXXX,2,10,F,1,200109,1,"$108,366",18.2
AG10,11,C,13,12,B,0110,1,GS-12,E,XXXX,8,15,F,1,200109,1,"$53,156",2.9
AG10,11,F,17,13,E,0110,1,GS-13,G,XXXX,8,10,F,1,200109,1,"$75,857",10.3
AG10,11,I,17,14,G,0110,1,GS-14,I,XXXX,2,10,F,1,200109,1,"$97,108",24.0
AG10,11,F,17,13,E,0110,1,GS-13,G,XXXX,8,10,F,1,200109,1,"$77,965",12.9
AG10,11,C,13,12,B,0110,1,GS-12,E,XXXX,8,15,F,1,200109,1,"$53,156",2.3
AG10,11,D,13,11,D,0110,1,GS-11,D,XXXX,8,15,F,1,200109,1,"$44,352",5.9
AG10,11,E,,13,B,0110,1,GS-13,F,XXXX,8,42,F,2,200109,1,"$69,534",1.8
AG10,11,F,13,11,A,0110,1,GS-11,D,XXXX,8,15,F,1,200109,1,"$44,352",0.9
AG10,11,E,13,11,B,0110,1,GS-11,D,XXXX,8,15,P,2,200109,1,"$44,352",2.8
AG10,11,G,04,14,I,0110,1,GS-14,I,XXXX,8,10,F,1,200109,1,"$97,108",31.3
AG10,11,G,17,13,F,0110,1,GS-13,G,XXXX,8,10,F,1,200109,1,"$75,857",16.6
AG10,11,E,17,13,D,0110,1,GS-13,G,XXXX,8,10,F,1,200109,1,"$75,857",9.5
AG11,54,G,17,13,D,0110,1,GS-13,F,XXXX,8,10,F,1,200109,1,"$67,926",9.3
AG11,11,I,17,14,H,0110,1,GM-14,I,XXXX,5,10,F,1,200109,1,"$97,108",28.4
AG11,11,H,13,15,G,0110,1,GS-15,I,XXXX,2,10,F,1,200109,1,"$96,651",23.5
AG11,41,H,16,13,G,0110,1,GM-13,G,XXXX,5,10,F,1,200109,1,"$75,919",23.6
AG11,**,C,,09,B,0110,1,GS-09,Z,XXXX,8,20,F,2,200109,1,,1.8
AG11,08,G,21,14,F,0110,1,GS-14,G,XXXX,8,10,F,1,200109,1,"$77,834",15.1
AG11,54,I,17,14,I,0110,1,GS-14,H,XXXX,8,10,F,1,200109,1,"$85,132",33.7
AG11,11,G,17,15,G,0110,1,GM-15,K,XXXX,2,10,F,1,200109,1,"$112,883",23.0
AG11,11,G,21,15,F,0110,1,GS-15,I,XXXX,8,10,F,1,200109,1,"$99,580",17.5
AG11,02,F,16,13,D,0110,1,GS-13,E,XXXX,8,15,F,1,200109,1,"$57,345",5.9
AG11,08,I,21,15,I,0110,1,GS-15,K,XXXX,8,10,F,1,200109,1,"$111,581",31.1
AG11,13,I,13,13,H,0110,1,GS-13,G,XXXX,8,10,F,1,200109,1,"$76,854",28.9
AG11,54,H,21,14,G,0110,1,GM-14,H,XXXX,2,10,F,1,200109,1,"$89,997",20.7
AG11,55,H,17,14,G,0110,1,GS-14,I,XXXX,8,10,F,1,200109,1,"$92,429",23.8
AG11,08,H,17,13,F,0110,1,GS-13,G,XXXX,8,10,F,1,200109,1,"$76,161",17.1
AG11,30,H,17,13,H,0110,1,GS-13,G,XXXX,8,10,F,1,200109,1,"$78,220",25.8
AG11,55,H,13,13,H,0110,1,GM-13,H,XXXX,5,10,F,1,200109,1,"$81,196",28.8
AG11,08,H,16,11,G,0110,1,GS-11,E,XXXX,8,10,F,1,200109,1,"$56,322",24.9
AG11,08,E,17,13,D,0110,1,GS-13,F,XXXX,8,10,F,1,200109,1,"$67,926",7.1
AG11,55,G,11,12,H,0110,1,GS-12,F,XXXX,8,10,F,1,200109,1,"$60,579",27.3
AG11,55,A,,03,A,0119,3,GS-03,A,XXXX,8,42,P,2,200109,1,"$18,816",0.3
AG11,55,D,17,12,D,0110,1,GS-12,E,XXXX,8,15,F,1,200109,1,"$51,927",7.3
AG11,**,G,17,13,D,0110,1,GS-13,Z,XXXX,8,10,F,1,200109,1,,9.3
AG11,08,G,17,13,H,0110,1,GS-13,H,XXXX,8,10,F,1,200109,1,"$83,425",27.3
AG11,11,H,17,14,H,0110,1,GM-14,I,XXXX,5,10,F,1,200109,1,"$92,138",25.5
AG11,11,H,17,15,I,0110,1,GS-15,J,XXXX,2,10,F,1,200109,1,"$108,366",30.4
AG11,30,I,21,13,H,0110,1,GS-13,G,XXXX,8,10,F,1,200109,1,"$74,102",29.3
AG11,02,F,,12,A,0110,1,GS-12,E,XXXX,8,42,F,2,200109,1,"$53,044",0.4
AG11,30,F,17,13,F,0110,1,GS-13,F,XXXX,8,10,F,1,200109,1,"$63,808",18.5
AG11,30,F,17,12,C,0110,1,GS-12,E,XXXX,8,15,F,1,200109,1,"$51,927",4.1
AG11,08,B,,03,A,0119,3,GS-03,A,XXXX,8,42,I,2,200109,1,"$18,816",0.3
AG11,53,H,21,13,H,0110,1,GS-13,F,XXXX,8,10,F,1,200109,1,"$69,673",26.0
AG11,41,G,21,12,G,0110,1,GS-12,F,XXXX,8,10,F,1,200109,1,"$69,155",23.1
AG11,06,I,18,12,I,0110,1,GS-12,G,XXXX,8,10,F,1,200109,1,"$71,694",33.9
AG11,49,H,18,13,G,0110,1,GM-13,G,XXXX,4,10,F,1,200109,1,"$78,572",22.2
AG11,49,J,14,14,J,0110,1,GS-14,I,XXXX,2,10,F,1,200109,1,"$94,862",39.4
AG11,41,H,01,09,I,0110,1,GS-09,D,XXXX,8,10,F,1,200109,1,"$46,465",31.9
AG11,41,E,,11,A,0110,1,GS-11,D,XXXX,8,20,F,2,200109,1,"$43,326",0.6
AG11,**,G,14,13,E,0110,1,GS-13,Z,XXXX,8,10,F,1,200109,1,,14.6
AG11,30,I,18,12,I,0110,1,GS-12,F,XXXX,8,10,F,1,200109,1,"$62,309",33.3
AG11,06,H,20,13,G,0110,1,GS-13,H,XXXX,8,10,F,1,200109,1,"$83,080",21.7
AG15,11,E,13,13,D,0110,1,GS-13,F,XXXX,8,10,F,1,200109,1,"$69,534",9.0
AG16,33,H,13,12,H,0110,1,GS-12,G,XXXX,8,10,F,1,200109,1,"$70,290",29.4
AG16,36,F,17,12,F,0110,1,GS-12,F,XXXX,8,10,F,1,200109,1,"$62,309",18.9
AG16,08,F,17,14,G,0110,1,GS-14,H,XXXX,8,10,F,1,200109,1,"$82,699",20.0
AG16,11,F,17,13,D,0110,1,GS-13,F,XXXX,8,10,F,1,200109,1,"$65,319",9.2
AG16,54,I,17,14,H,0110,1,GS-14,H,XXXX,8,10,F,1,200109,1,"$82,699",28.3
AG16,11,I,21,,I,0110,1,ES-04,M,XXXX,2,50,F,1,200109,1,"$133,700",31.6
AG16,06,I,21,12,E,0110,1,GS-12,F,XXXX,8,10,F,1,200109,1,"$65,853",10.0
AG16,10,G,17,12,G,0110,1,GS-12,F,XXXX,8,10,F,1,200109,1,"$65,770",23.8
AG16,54,E,17,12,E,0110,1,GS-12,E,XXXX,8,10,F,1,200109,1,"$57,118",10.5
AG16,24,D,13,12,D,0110,1,GS-12,E,XXXX,8,10,F,1,200109,1,"$58,470",9.3
AG16,45,H,17,12,H,0110,1,GS-12,F,XXXX,8,10,F,1,200109,1,"$67,500",27.3
AG16,21,H,13,13,H,0110,1,GS-13,G,XXXX,8,10,F,1,200109,1,"$76,161",26.7
AG16,11,E,13,13,E,0110,1,GS-13,F,XXXX,8,10,F,1,200109,1,"$65,319",13.7
AG16,04,G,17,12,G,0110,1,GS-12,F,XXXX,8,10,F,1,200109,1,"$62,309",22.8
AG16,26,H,17,12,E,0110,1,GS-12,E,XXXX,8,10,F,1,200109,1,"$58,848",13.1
AG16,11,I,17,15,I,0110,1,GS-15,K,XXXX,8,10,F,1,200109,1,"$111,295",32.6
AG16,55,H,13,12,G,0110,1,GS-12,F,XXXX,8,10,F,1,200109,1,"$67,500",23.0
AG16,47,D,13,12,E,0110,1,GS-12,E,XXXX,8,10,F,1,200109,1,"$58,848",10.9
AG16,47,I,13,13,I,0110,1,GM-13,H,XXXX,*,10,F,1,200109,1,"$80,279",33.3
AG16,51,G,17,12,G,0110,1,GS-12,F,XXXX,8,10,F,1,200109,1,"$68,077",20.6
AG16,01,J,18,12,J,0110,1,GS-12,F,XXXX,8,10,F,1,200109,1,"$67,500",37.1
AG16,13,F,17,12,E,0110,1,GS-12,F,XXXX,8,10,F,1,200109,1,"$60,579",12.3
AG16,28,C,13,09,D,0110,1,GS-09,C,XXXX,8,10,F,1,200109,1,"$39,387",6.9
AG16,28,F,17,12,F,0110,1,GS-12,F,XXXX,8,10,F,1,200109,1,"$62,309",17.0
AG16,21,G,17,12,E,0110,1,GS-12,F,XXXX,8,10,F,1,200109,1,"$62,309",14.5
AG16,05,E,11,12,E,0110,1,GS-12,E,XXXX,8,10,F,1,200109,1,"$55,387",14.8
AG16,26,E,17,14,F,0110,1,GS-14,I,XXXX,8,10,F,1,200109,1,"$92,004",19.2
AG16,22,H,17,12,H,0110,1,GS-12,F,XXXX,8,10,F,1,200109,1,"$65,770",29.2
AG16,22,E,10,12,E,0110,1,GS-12,E,XXXX,8,10,F,1,200109,1,"$58,848",11.8
AG16,40,J,18,13,J,0110,1,GM-13,H,XXXX,5,10,F,1,200109,1,"$80,279",37.2
AG16,18,G,13,12,H,0110,1,GS-12,F,XXXX,8,10,F,1,200109,1,"$60,697",25.6
AG16,48,G,17,12,H,0110,1,GS-12,F,XXXX,8,10,F,1,200109,1,"$67,500",25.0
AG16,05,H,17,13,H,0110,1,GS-13,F,XXXX,8,10,F,1,200109,1,"$69,984",28.2
AG16,48,G,17,14,G,0110,1,GS-14,H,XXXX,8,10,F,1,200109,1,"$80,267",20.2
AG16,38,E,13,12,F,0110,1,GS-12,F,XXXX,8,10,F,1,200109,1,"$60,579",17.3
AG16,16,H,13,12,F,0110,1,GS-12,F,XXXX,8,10,F,1,200109,1,"$64,039",19.8
AG16,19,E,13,12,E,0110,1,GS-12,E,XXXX,8,10,F,1,200109,1,"$58,848",13.9
AG16,11,H,21,14,F,0110,1,GS-14,H,XXXX,8,10,F,1,200109,1,"$89,638",17.0
AG16,11,H,21,15,I,0110,1,GS-15,K,XXXX,8,10,F,1,200109,1,"$114,224",30.4
AG16,08,I,17,12,I,0110,1,GS-12,G,XXXX,8,10,F,1,200109,1,"$70,146",34.4
AG16,46,E,13,12,E,0110,1,GS-12,E,XXXX,8,10,F,1,200109,1,"$55,387",13.1
AG16,29,I,14,12,I,0110,1,GS-12,F,XXXX,8,10,F,1,200109,1,"$67,500",32.8
AG16,20,D,13,12,D,0110,1,GS-12,E,XXXX,8,10,F,1,200109,1,"$51,927",9.1
AG16,30,H,17,12,H,0110,1,GS-12,F,XXXX,8,10,F,1,200109,1,"$67,500",29.3
AG16,48,F,13,14,E,0110,1,GS-14,H,XXXX,8,10,F,1,200109,1,"$82,699",13.8
AG16,35,D,17,12,A,0110,1,GS-12,E,XXXX,8,15,F,1,200109,1,"$51,927",0.0
AG16,41,F,17,12,E,0110,1,GS-12,F,XXXX,8,10,F,1,200109,1,"$63,837",13.5
AG16,11,I,21,15,I,0110,1,GS-15,K,XXXX,2,10,F,1,200109,1,"$114,224",31.7
AG16,53,I,14,13,I,0110,1,GS-13,G,XXXX,8,10,F,1,200109,1,"$72,043",32.1
AG16,56,I,17,12,F,0110,1,GS-12,E,XXXX,8,10,F,1,200109,1,"$55,387",16.7
AG16,15,G,13,12,G,0110,1,GS-12,E,XXXX,8,10,P,2,200109,1,"$54,651",21.0
AG16,11,H,21,14,E,0110,1,GS-14,H,XXXX,8,10,F,1,200109,1,"$84,658",11.8
AG16,12,D,13,07,C,0110,1,GS-07,B,XXXX,8,15,F,1,200109,1,"$29,273",3.1
AG18,11,K,17,12,G,0110,1,GS-12,F,XXXX,8,10,F,1,200109,1,"$69,099",23.1
AG18,11,H,21,,D,0110,1,ES-03,M,XXXX,2,50,F,1,200109,1,"$131,615",7.1
AG18,11,G,17,14,G,0110,1,GM-14,I,XXXX,5,10,F,1,200109,1,"$95,871",21.1
AG18,11,G,17,13,G,0110,1,GM-13,G,XXXX,5,10,F,1,200109,1,"$79,024",21.6
AG18,11,C,,12,B,0110,1,GS-12,F,XXXX,8,20,F,2,200109,1,"$60,242",1.9
AG18,11,I,21,15,G,0110,1,GS-15,K,XXXX,2,10,F,1,200109,1,"$111,295",23.3
AG18,11,E,,12,B,0110,1,GS-12,F,XXXX,8,20,F,2,200109,1,"$62,013",2.7
AG18,11,H,21,13,H,0110,1,GM-13,H,XXXX,5,10,F,1,200109,1,"$82,180",25.8
AG18,11,G,21,14,E,0110,1,GS-14,H,XXXX,8,10,F,1,200109,1,"$82,168",12.0
AG18,11,D,,11,B,0110,1,GS-11,D,XXXX,8,42,F,2,200109,1,"$44,352",2.0
AG18,11,D,,12,A,0110,1,GS-12,F,XXXX,8,20,F,2,200109,1,"$60,242",0.8
AG18,11,G,21,14,E,0110,1,GS-14,H,XXXX,8,10,F,1,200109,1,"$82,168",13.1
AG18,11,G,17,13,G,0110,1,GM-13,G,XXXX,5,10,F,1,200109,1,"$79,024",20.7
AG18,11,F,17,13,F,0110,1,GS-13,F,XXXX,8,10,F,1,200109,1,"$69,534",17.0
AG18,11,E,17,13,D,0110,1,GS-13,F,XXXX,8,10,F,1,200109,1,"$65,319",9.5
AG18,11,I,21,15,E,0110,1,GS-15,J,XXXX,2,10,F,1,200109,1,"$102,508",10.6
AG18,11,I,21,14,E,0110,1,GS-14,G,XXXX,8,10,F,1,200109,1,"$79,678",13.3
AG18,11,E,,12,C,0110,1,GS-12,F,XXXX,8,20,F,2,200109,1,"$69,099",3.1
AG18,11,H,21,12,G,0110,1,GS-12,F,XXXX,8,10,F,1,200109,1,"$69,099",21.0
AG18,11,F,17,14,E,0110,1,GS-14,G,XXXX,8,10,F,1,200109,1,"$74,697",11.7
AG18,11,H,17,14,G,0110,1,GS-14,H,XXXX,8,10,F,1,200109,1,"$84,658",21.5
AG18,11,G,17,12,F,0110,1,GS-12,F,XXXX,8,10,F,1,200109,1,"$63,785",16.8
AG18,11,F,17,14,F,0110,1,GS-14,H,XXXX,8,10,F,1,200109,1,"$82,168",17.6
AG18,11,I,21,13,H,0110,1,GS-13,H,XXXX,8,10,F,1,200109,1,"$82,180",26.8
AG18,11,G,17,15,H,0110,1,GM-15,J,XXXX,5,10,F,1,200109,1,"$107,194",26.1
AG18,11,H,17,14,H,0110,1,GS-14,H,XXXX,8,10,F,1,200109,1,"$84,658",25.2
AG18,11,G,17,14,G,0110,1,GS-14,H,XXXX,8,10,F,1,200109,1,"$84,658",21.0
AG18,11,F,17,13,F,0110,1,GS-13,G,XXXX,8,10,F,1,200109,1,"$73,749",16.0
AG18,11,H,18,15,G,0110,1,GM-15,J,XXXX,2,10,F,1,200109,1,"$108,377",24.2
AG18,11,D,,12,A,0110,1,GS-12,F,XXXX,8,20,F,2,200109,1,"$60,242",0.4
AG18,11,G,17,13,F,0110,1,GM-13,G,XXXX,5,10,F,1,200109,1,"$76,916",18.1
AG18,11,F,21,13,C,0110,1,GS-13,F,XXXX,8,15,F,1,200109,1,"$63,211",3.0
AG18,11,G,13,13,G,0110,1,GM-13,G,XXXX,5,10,F,1,200109,1,"$75,857",21.7
AG18,11,H,21,14,G,0110,1,GM-14,I,XXXX,5,10,F,1,200109,1,"$93,724",24.6
AG18,11,J,21,15,I,0110,1,GS-15,K,XXXX,8,10,F,1,200109,1,"$114,224",32.9
AG18,11,H,17,14,G,0110,1,GS-14,H,XXXX,8,10,F,1,200109,1,"$87,148",23.7
AG18,11,H,21,15,F,0110,1,GS-15,J,XXXX,8,10,F,1,200109,1,"$102,508",16.3
AG18,11,E,,12,B,0110,1,GS-12,F,XXXX,8,20,F,2,200109,1,"$60,242",1.2
AG18,11,I,21,15,F,0110,1,GM-15,K,XXXX,5,10,F,1,200109,1,"$110,247",17.9
AG18,11,H,21,,G,0110,1,ES-04,M,XXXX,2,50,F,1,200109,1,"$133,700",24.1
AG18,11,I,21,13,H,0110,1,GM-13,H,XXXX,5,10,F,1,200109,1,"$82,180",28.8
AG18,11,H,21,15,E,0110,1,GS-15,J,XXXX,2,10,F,1,200109,1,"$105,437",12.2
AG18,11,G,21,14,F,0110,1,GM-14,I,XXXX,5,10,F,1,200109,1,"$90,880",17.8
AG18,11,I,18,15,J,0110,1,GS-15,J,XXXX,2,10,F,1,200109,1,"$105,437",36.2
AG18,11,G,13,13,G,0110,1,GS-13,G,XXXX,8,10,F,1,200109,1,"$73,749",23.9
AG18,11,G,21,15,D,0110,1,GS-15,J,XXXX,2,10,F,1,200109,1,"$102,508",9.7
AG18,11,G,21,13,D,0110,1,GS-13,G,XXXX,8,10,F,1,200109,1,"$73,749",9.0
AG18,11,G,17,13,G,0110,1,GM-13,G,XXXX,5,10,F,1,200109,1,"$79,024",21.7
AG18,11,G,17,13,G,0110,1,GM-13,G,XXXX,5,10,F,1,200109,1,"$79,024",21.8
AG18,11,D,,12,B,0110,1,GS-12,F,XXXX,8,20,F,2,200109,1,"$60,242",1.8
AG18,11,D,,11,B,0110,1,GS-11,D,XXXX,8,42,F,2,200109,1,"$44,352",1.5
AG18,11,F,17,15,F,0110,1,GS-15,J,XXXX,8,10,F,1,200109,1,"$102,508",16.0
AG18,11,D,17,12,C,0110,1,GS-12,E,XXXX,8,10,F,1,200109,1,"$53,156",3.2
AG18,11,H,13,15,I,0110,1,GM-15,K,XXXX,5,10,F,1,200109,1,"$114,224",31.3
AG18,11,I,,11,D,0110,1,GS-11,D,XXXX,8,42,F,2,200109,1,"$44,352",7.3
AG18,11,G,17,15,F,0110,1,GS-15,I,XXXX,2,10,F,1,200109,1,"$99,580",17.7
AG18,11,D,21,13,C,0110,1,GS-13,F,XXXX,8,15,F,1,200109,1,"$69,534",3.2
AG18,11,H,21,14,H,0110,1,GS-14,I,XXXX,8,10,F,1,200109,1,"$97,108",27.0
AG18,11,H,13,13,H,0110,1,GS-13,H,XXXX,8,10,F,1,200109,1,"$82,180",26.6
AG18,11,H,17,11,G,0110,1,GS-11,E,XXXX,8,10,F,1,200109,1,"$57,656",23.8
AG18,IN,H,17,15,G,0110,1,GS-15,I,XXXX,8,10,F,1,200109,1,"$92,995",24.5
AG18,11,F,21,13,D,0110,1,GS-13,G,XXXX,8,10,F,1,200109,1,"$73,749",7.4
AG18,11,H,21,13,E,0110,1,GM-13,G,XXXX,5,10,F,1,200109,1,"$76,916",13.3
AG18,11,F,21,14,F,0110,1,GS-14,H,XXXX,8,10,F,1,200109,1,"$82,168",18.6
AG18,11,D,13,13,D,0110,1,GS-13,F,XXXX,8,10,F,1,200109,1,"$63,211",9.0
AG18,11,E,13,13,F,0110,1,GM-13,G,XXXX,5,10,P,2,200109,1,"$75,857",18.2
AG18,11,G,17,13,F,0110,1,GM-13,H,XXXX,5,10,F,1,200109,1,"$81,137",19.0
AG18,11,I,21,14,H,0110,1,GS-14,H,XXXX,8,10,F,1,200109,1,"$89,638",29.8
AG18,11,H,,13,B,0110,1,GS-13,H,XXXX,8,20,F,2,200109,1,"$82,180",2.9
AG18,11,F,21,13,F,0110,1,GM-13,G,XXXX,5,10,P,2,200109,1,"$73,749",15.3
AG18,11,J,18,14,J,0110,1,GS-14,H,XXXX,8,10,F,1,200109,1,"$87,148",39.1
AG18,11,H,17,15,H,0110,1,GM-15,K,XXXX,5,10,F,1,200109,1,"$110,758",26.6
AG18,11,G,17,13,G,0110,1,GM-13,G,XXXX,5,10,P,2,200109,1,"$79,029",24.6
AG18,11,H,17,13,H,0110,1,GM-13,G,XXXX,5,10,F,1,200109,1,"$77,973",27.1
AG18,11,H,21,,F,0110,1,ES-04,M,XXXX,2,50,F,1,200109,1,"$133,700",19.5
AG18,11,F,13,13,G,0110,1,GS-13,G,XXXX,8,10,P,2,200109,1,"$75,857",20.8
AG18,11,E,,12,B,0110,1,GS-12,F,XXXX,8,20,P,2,200109,1,"$63,785",1.2
AG18,11,F,14,13,F,0110,1,GS-13,G,XXXX,8,10,F,1,200109,1,"$71,642",16.5
AG18,11,F,17,13,E,0110,1,GM-13,G,XXXX,5,10,F,1,200109,1,"$73,749",10.8
AG18,11,G,13,12,G,0110,1,GS-12,F,XXXX,8,10,F,1,200109,1,"$69,099",23.3
AG18,11,D,,12,B,0110,1,GS-12,F,XXXX,8,20,F,2,200109,1,"$62,013",1.2
AG18,11,G,21,14,E,0110,1,GS-14,H,XXXX,8,10,P,2,200109,1,"$84,658",12.2
AG18,11,G,21,13,F,0110,1,GM-13,G,XXXX,5,10,F,1,200109,1,"$77,973",15.3
AG18,11,G,21,,E,0110,1,ES-06,M,XXXX,2,50,F,1,200109,1,"$133,700",11.7
AG18,11,G,18,13,G,0110,1,GM-13,G,XXXX,5,10,F,1,200109,1,"$76,916",24.3
AG18,11,J,21,14,E,0110,1,GS-14,H,XXXX,8,10,F,1,200109,1,"$82,168",10.3
AG18,11,F,21,14,B,0110,1,GS-14,G,XXXX,2,15,F,1,200109,1,"$79,678",2.3
AG18,11,F,21,13,F,0110,1,GM-13,G,XXXX,5,10,F,1,200109,1,"$76,916",18.0
AG18,11,G,21,14,G,0110,1,GM-14,I,XXXX,5,10,F,1,200109,1,"$93,581",22.1
AG18,11,G,17,14,G,0110,1,GM-14,H,XXXX,5,10,F,1,200109,1,"$87,278",21.4
AG18,11,G,17,14,G,0110,1,GS-14,H,XXXX,8,10,F,1,200109,1,"$82,168",21.6
AG18,11,D,13,13,E,0110,1,GS-13,F,XXXX,8,10,F,1,200109,1,"$65,319",10.5
AG18,11,F,21,14,E,0110,1,GS-14,H,XXXX,8,10,F,1,200109,1,"$82,168",11.6
AG18,11,H,21,15,I,0110,1,GS-15,I,XXXX,2,10,F,1,200109,1,"$99,580",30.3
AG18,11,G,17,13,G,0110,1,GM-13,G,XXXX,5,10,F,1,200109,1,"$79,029",24.4
AG18,11,F,13,11,E,0110,1,GS-11,E,XXXX,8,10,F,1,200109,1,"$53,221",14.6
AG18,11,J,17,15,J,0110,1,GM-15,K,XXXX,5,10,F,1,200109,1,"$114,224",35.1
AG18,11,G,17,14,F,0110,1,GM-14,H,XXXX,5,10,F,1,200109,1,"$88,390",18.5
AG18,11,F,21,13,D,0110,1,GS-13,G,XXXX,8,10,P,2,200109,1,"$71,642",8.9
AG18,11,E,21,14,E,0110,1,GS-14,H,XXXX,8,10,F,1,200109,1,"$82,168",12.9
AG18,11,I,13,13,I,0110,1,GM-13,G,XXXX,5,10,F,1,200109,1,"$77,973",34.2
AG18,11,G,17,15,G,0110,1,GM-15,J,XXXX,5,10,F,1,200109,1,"$107,029",21.2
AG18,11,H,13,12,J,0110,1,GS-12,E,XXXX,8,10,F,1,200109,1,"$58,470",36.3
AG18,11,H,21,14,E,0110,1,GS-14,H,XXXX,8,10,F,1,200109,1,"$87,148",10.3
AG18,11,G,21,15,G,0110,1,GS-15,J,XXXX,8,10,F,1,200109,1,"$102,508",22.2
AG18,11,I,21,13,E,0110,1,GM-13,G,XXXX,5,10,F,1,200109,1,"$79,024",10.3
AG18,11,D,21,13,C,0110,1,GS-13,F,XXXX,8,10,F,1,200109,1,"$65,319",4.3
AG18,11,I,21,15,I,0110,1,GS-15,J,XXXX,8,10,F,1,200109,1,"$102,508",31.7
AG18,11,F,21,14,E,0110,1,GS-14,H,XXXX,8,10,F,1,200109,1,"$82,168",14.3
AG18,11,E,21,14,E,0110,1,GS-14,H,XXXX,8,10,F,1,200109,1,"$82,168",10.8
AG18,11,D,,12,A,0110,1,GS-12,F,XXXX,8,20,F,2,200109,1,"$60,242",0.3
AG18,11,F,22,14,C,0110,1,GS-14,H,XXXX,8,10,F,1,200109,1,"$84,658",4.7
AG18,11,I,17,14,H,0110,1,GM-14,I,XXXX,5,10,F,1,200109,1,"$93,381",27.9
AG18,RS,G,18,14,F,0110,1,GS-14,G,XXXX,8,10,F,1,200109,1,"$74,542",19.0
AG18,11,G,17,15,G,0110,1,GS-15,J,XXXX,8,10,F,1,200109,1,"$105,437",23.3
AG18,11,G,21,13,E,0110,1,GM-13,G,XXXX,5,10,F,1,200109,1,"$75,857",12.3
AG18,11,H,18,14,G,0110,1,GS-14,H,XXXX,8,10,F,1,200109,1,"$87,148",24.8
AG18,11,J,21,15,G,0110,1,GS-15,J,XXXX,8,10,F,1,200109,1,"$102,508",22.1
AG18,11,G,17,14,F,0110,1,GS-14,H,XXXX,8,10,F,1,200109,1,"$82,168",19.6
AG18,11,J,21,13,I,0110,1,GM-13,H,XXXX,5,10,F,1,200109,1,"$82,180",32.6
AG18,11,F,21,14,E,0110,1,GS-14,H,XXXX,8,10,F,1,200109,1,"$84,658",14.9
AG18,11,I,21,15,I,0110,1,GM-15,K,XXXX,5,10,F,1,200109,1,"$114,224",31.8
AG18,11,G,21,13,E,0110,1,GS-13,G,XXXX,8,10,F,1,200109,1,"$75,857",12.0
AG18,11,F,21,15,D,0110,1,GS-15,I,XXXX,2,10,F,1,200109,1,"$96,651",7.4
AG18,11,F,21,13,C,0110,1,GS-13,F,XXXX,8,10,P,2,200109,1,"$69,534",3.9
AG18,11,H,21,13,G,0110,1,GM-13,G,XXXX,5,10,F,1,200109,1,"$79,728",22.1
AG18,11,E,,12,B,0110,1,GS-12,F,XXXX,8,20,F,2,200109,1,"$63,785",2.3
AG18,11,G,14,13,F,0110,1,GS-13,F,XXXX,8,10,F,1,200109,1,"$65,319",16.0
AG18,11,I,21,15,G,0110,1,GS-15,I,XXXX,2,10,F,1,200109,1,"$99,580",22.1
AG18,11,J,21,13,E,0110,1,GM-13,H,XXXX,5,10,F,1,200109,1,"$80,081",11.0
AG18,11,F,21,15,D,0110,1,GS-15,I,XXXX,8,10,F,1,200109,1,"$96,651",8.0
AG18,11,H,21,14,E,0110,1,GM-14,H,XXXX,5,10,F,1,200109,1,"$87,148",14.3
AG18,11,D,,12,B,0110,1,GS-12,F,XXXX,8,20,F,2,200109,1,"$62,013",2.3
AG18,11,H,21,13,E,0110,1,GS-13,G,XXXX,8,10,F,1,200109,1,"$75,857",13.7
AG18,11,H,21,13,G,0110,1,GM-13,H,XXXX,5,10,F,1,200109,1,"$81,890",21.2
AG18,11,J,21,14,I,0110,1,GS-14,H,XXXX,8,10,F,1,200109,1,"$87,148",31.3
AG18,11,F,21,14,E,0110,1,GS-14,H,XXXX,8,10,F,1,200109,1,"$82,168",12.2
AG18,11,G,21,15,B,0110,1,GS-15,I,XXXX,2,15,F,1,200109,1,"$96,651",1.5
AG18,11,H,17,14,E,0110,1,GS-14,G,XXXX,8,10,F,1,200109,1,"$79,678",12.3
AG18,11,H,21,13,G,0110,1,GM-13,H,XXXX,5,10,F,1,200109,1,"$80,433",21.9
AG18,11,K,21,13,F,0110,1,GM-13,G,XXXX,5,10,F,1,200109,1,"$76,916",16.7
AG18,11,I,21,13,G,0110,1,GM-13,H,XXXX,5,10,F,1,200109,1,"$80,087",23.2
AG18,11,G,21,15,F,0110,1,GS-15,I,XXXX,2,10,F,1,200109,1,"$99,580",17.3
AG18,11,I,21,14,I,0110,1,GM-14,I,XXXX,5,10,F,1,200109,1,"$97,108",30.6
AG18,11,D,,11,B,0110,1,GS-11,D,XXXX,8,42,F,2,200109,1,"$44,352",2.2
AG18,11,I,18,14,G,0110,1,GM-14,I,XXXX,5,10,F,1,200109,1,"$92,289",24.3
AG18,11,G,17,14,G,0110,1,GS-14,H,XXXX,8,10,P,2,200109,1,"$87,148",21.3
AG18,11,B,,07,A,0110,1,GS-07,B,XXXX,8,42,P,2,200109,1,"$29,966",0.3
AG18,11,E,21,14,D,0110,1,GS-14,G,XXXX,8,10,F,1,200109,1,"$77,187",5.0
AG18,11,I,21,14,H,0110,1,GM-14,I,XXXX,5,10,F,1,200109,1,"$91,115",26.5
AG18,11,I,17,12,G,0110,1,GS-12,F,XXXX,8,10,F,1,200109,1,"$69,099",24.2
AG18,11,G,17,13,E,0110,1,GM-13,G,XXXX,5,10,F,1,200109,1,"$73,749",14.1
AG18,11,H,21,14,H,0110,1,GM-14,I,XXXX,5,10,F,1,200109,1,"$92,280",28.8
AG18,11,D,,12,B,0110,1,GS-12,F,XXXX,8,20,F,2,200109,1,"$62,013",2.6
AG18,11,F,21,15,E,0110,1,GS-15,J,XXXX,2,10,F,1,200109,1,"$102,508",14.3
AG18,11,F,17,14,E,0110,1,GS-14,H,XXXX,8,10,F,1,200109,1,"$82,168",14.8
AG18,11,G,21,15,G,0110,1,GS-15,K,XXXX,8,10,F,1,200109,1,"$111,295",20.7
AG18,11,J,18,13,J,0110,1,GS-13,G,XXXX,8,10,F,1,200109,1,"$75,857",37.8
AG18,11,D,,12,A,0110,1,GS-12,F,XXXX,8,20,F,2,200109,1,"$60,242",0.4
AG18,11,G,21,13,F,0110,1,GM-13,G,XXXX,5,10,F,1,200109,1,"$77,973",15.5
AG18,11,I,21,13,E,0110,1,GM-13,G,XXXX,5,10,F,1,200109,1,"$77,973",14.2
AG18,11,H,21,14,G,0110,1,GM-14,I,XXXX,5,10,F,1,200109,1,"$94,429",22.0
AG18,11,D,,12,A,0110,1,GS-12,F,XXXX,8,20,F,2,200109,1,"$60,242",0.8
AG18,11,F,17,14,F,0110,1,GS-14,H,XXXX,8,10,F,1,200109,1,"$89,638",16.3
AG18,11,D,21,13,C,0110,1,GS-13,G,XXXX,8,10,F,1,200109,1,"$71,642",4.1
AG18,11,E,21,14,D,0110,1,GS-14,G,XXXX,8,10,F,1,200109,1,"$77,187",5.0
AG18,11,G,21,15,A,0110,1,GS-15,I,XXXX,2,15,F,1,200109,1,"$99,580",0.7
AG18,11,G,18,14,H,0110,1,GM-14,I,XXXX,2,10,F,1,200109,1,"$90,628",26.1
AG18,11,G,21,15,E,0110,1,GS-15,I,XXXX,8,10,F,1,200109,1,"$96,651",13.3
AG18,11,H,17,14,F,0110,1,GS-14,H,XXXX,8,10,F,1,200109,1,"$87,148",17.5
AG18,11,H,21,14,H,0110,1,GM-14,I,XXXX,5,10,F,1,200109,1,"$93,970",27.4
AG18,11,H,21,15,H,0110,1,GM-15,K,XXXX,2,10,F,1,200109,1,"$114,224",25.0
AG18,11,H,21,13,G,0110,1,GS-13,G,XXXX,8,10,F,1,200109,1,"$75,857",21.0
AG18,11,J,21,13,G,0110,1,GS-13,H,XXXX,8,10,F,1,200109,1,"$82,180",22.8
AG18,11,H,18,15,H,0110,1,GS-15,J,XXXX,8,10,F,1,200109,1,"$102,508",27.6
AG18,11,D,,12,B,0110,1,GS-12,F,XXXX,8,20,F,2,200109,1,"$60,242",1.6
AG18,11,E,,13,A,0110,1,GS-13,F,XXXX,8,20,F,2,200109,1,"$63,211",0.4
AG18,11,J,18,14,I,0110,1,GS-14,I,XXXX,8,10,F,1,200109,1,"$97,108",34.0
AG18,11,I,18,15,I,0110,1,GS-15,J,XXXX,8,10,F,1,200109,1,"$102,508",33.7
AG18,11,E,21,14,D,0110,1,GS-14,G,XXXX,8,10,F,1,200109,1,"$77,187",8.9
AG18,11,F,17,13,E,0110,1,GM-13,G,XXXX,5,10,F,1,200109,1,"$73,749",12.3
AG18,11,H,21,13,E,0110,1,GM-13,G,XXXX,5,10,F,1,200109,1,"$75,857",12.7
AG18,11,H,20,13,E,0110,1,GM-13,G,XXXX,5,10,F,1,200109,1,"$76,916",14.1
AG18,11,E,17,14,E,0110,1,GS-14,H,XXXX,8,10,F,1,200109,1,"$82,168",12.6
AG18,11,I,18,14,I,0110,1,GS-14,I,XXXX,8,10,F,1,200109,1,"$94,618",30.1
AG18,11,D,,11,C,0110,1,GS-11,D,XXXX,8,42,F,2,200109,1,"$44,352",3.6
AG18,11,H,18,13,G,0110,1,GM-13,H,XXXX,5,10,F,1,200109,1,"$82,180",23.3
AG18,11,F,17,13,D,0110,1,GS-13,G,XXXX,8,10,F,1,200109,1,"$73,749",6.3
AG18,11,D,,12,A,0110,1,GS-12,F,XXXX,8,20,F,2,200109,1,"$60,242",0.8
AG18,11,D,,12,B,0110,1,GS-12,F,XXXX,8,20,F,2,200109,1,"$62,013",2.0
AG18,11,I,18,13,H,0110,1,GS-13,G,XXXX,8,10,F,1,200109,1,"$75,857",26.8
AG18,11,E,17,13,E,0110,1,GS-13,F,XXXX,8,10,P,2,200109,1,"$67,427",11.6
AG18,11,F,,13,B,0110,1,GS-13,F,XXXX,8,20,F,2,200109,1,"$65,319",1.8
AG18,11,I,21,15,G,0110,1,GM-15,K,XXXX,5,10,F,1,200109,1,"$114,224",21.1
AG18,11,G,21,13,E,0110,1,GS-13,G,XXXX,8,10,F,1,200109,1,"$73,749",10.9
AG18,11,H,17,14,G,0110,1,GM-14,H,XXXX,5,10,F,1,200109,1,"$88,389",21.3
AG18,11,E,,13,B,0110,1,GS-13,F,XXXX,8,20,F,2,200109,1,"$67,427",1.0
AG18,11,H,21,13,F,0110,1,GM-13,H,XXXX,5,10,F,1,200109,1,"$82,180",19.3
AG18,11,I,21,14,H,0110,1,GS-14,H,XXXX,8,10,F,1,200109,1,"$87,148",29.9
AG18,11,I,18,13,H,0110,1,GS-13,G,XXXX,8,10,F,1,200109,1,"$73,749",25.2
AG18,11,G,21,14,E,0110,1,GS-14,H,XXXX,8,10,F,1,200109,1,"$84,658",11.1
AG18,11,G,21,13,E,0110,1,GM-13,G,XXXX,5,10,F,1,200109,1,"$75,857",11.9
AG18,11,G,21,15,E,0110,1,GS-15,I,XXXX,8,10,F,1,200109,1,"$96,651",11.6
AG18,11,K,18,13,J,0110,1,GM-13,H,XXXX,5,10,F,1,200109,1,"$82,180",39.9
AG18,11,J,21,14,J,0110,1,GM-14,I,XXXX,5,10,F,1,200109,1,"$97,108",38.8
AG18,11,J,18,14,I,0110,1,GM-14,I,XXXX,5,10,F,1,200109,1,"$97,108",30.7
AG18,11,I,21,14,I,0110,1,GS-14,I,XXXX,8,10,F,1,200109,1,"$97,108",31.3
AG18,11,I,21,14,I,0110,1,GS-14,H,XXXX,8,10,F,1,200109,1,"$87,148",32.0
AG18,11,I,21,14,I,0110,1,GM-14,I,XXXX,5,10,F,1,200109,1,"$93,613",32.2
AG18,11,H,21,14,F,0110,1,GM-14,I,XXXX,5,10,F,1,200109,1,"$93,381",15.8
AG18,11,F,21,14,D,0110,1,GS-14,G,XXXX,8,10,F,1,200109,1,"$77,187",9.0
AG18,11,E,21,14,D,0110,1,GS-14,G,XXXX,8,10,F,1,200109,1,"$79,678",9.4
AG18,11,I,22,14,H,0110,1,GM-14,I,XXXX,5,10,F,1,200109,1,"$92,329",26.8
AG18,11,H,17,14,H,0110,1,GM-14,I,XXXX,5,10,F,1,200109,1,"$90,888",27.3
AG18,SZ,G,18,14,F,0110,1,GS-14,G,XXXX,8,10,F,1,200109,1,"$79,060",17.6
AG18,11,E,,13,B,0110,1,GS-13,G,XXXX,8,20,F,2,200109,1,"$73,749",1.2
AG18,11,H,21,13,F,0110,1,GM-13,G,XXXX,5,10,F,1,200109,1,"$76,916",16.3
AG18,11,F,17,14,F,0110,1,GS-14,H,XXXX,8,10,F,1,200109,1,"$82,168",16.5
AG18,11,G,17,13,F,0110,1,GM-13,G,XXXX,5,10,F,1,200109,1,"$79,024",18.5
AG18,11,E,21,13,C,0110,1,GS-13,F,XXXX,8,10,F,1,200109,1,"$67,427",3.1
AG18,11,G,21,14,F,0110,1,GM-14,H,XXXX,5,10,F,1,200109,1,"$87,148",16.8
AG18,11,I,21,,J,0110,1,SL-00,L,XXXX,8,10,F,1,200109,1,"$128,218",35.1
AG18,11,E,21,13,C,0110,1,GS-13,F,XXXX,8,15,F,1,200109,1,"$63,211",3.0
AG18,11,I,18,14,I,0110,1,GM-14,I,XXXX,5,10,F,1,200109,1,"$96,858",32.9
AG18,11,J,21,14,J,0110,1,GM-14,I,XXXX,5,10,F,1,200109,1,"$97,108",35.3
AG18,11,I,21,14,I,0110,1,GM-14,I,XXXX,5,10,F,1,200109,1,"$94,064",33.5
AG18,11,F,,12,B,0110,1,GS-12,F,XXXX,8,20,F,2,200109,1,"$62,013",1.8
AG18,11,F,17,13,D,0110,1,GS-13,F,XXXX,8,15,F,1,200109,1,"$65,319",9.7
AG18,11,E,17,14,E,0110,1,GS-14,H,XXXX,8,10,F,1,200109,1,"$82,168",11.1
AG18,11,K,18,13,H,0110,1,GM-13,G,XXXX,5,10,F,1,200109,1,"$76,916",25.1
AG18,11,F,17,14,F,0110,1,GS-14,H,XXXX,8,10,F,1,200109,1,"$82,168",19.3
AG18,11,J,21,15,I,0110,1,GS-15,K,XXXX,8,10,F,1,200109,1,"$114,224",31.9
AG18,11,H,21,14,G,0110,1,GS-14,H,XXXX,8,10,F,1,200109,1,"$87,148",20.8
AG18,11,J,18,13,J,0110,1,GS-13,G,XXXX,8,10,F,1,200109,1,"$75,857",38.8
AG18,11,I,21,14,H,0110,1,GM-14,I,XXXX,5,10,F,1,200109,1,"$97,108",26.6
AG18,11,F,13,13,G,0110,1,GS-13,G,XXXX,8,10,F,1,200109,1,"$73,749",21.7
AG18,11,K,21,14,J,0110,1,GM-14,I,XXXX,5,10,F,1,200109,1,"$97,108",36.6
AG18,11,I,21,14,F,0110,1,GM-14,H,XXXX,5,10,F,1,200109,1,"$89,638",17.3
AG18,11,G,22,15,F,0110,1,GS-15,I,XXXX,2,10,F,1,200109,1,"$96,651",16.1
AG18,11,D,,12,B,0110,1,GS-12,F,XXXX,8,20,F,2,200109,1,"$62,013",2.0
AG18,11,D,,12,A,0110,1,GS-12,F,XXXX,8,20,F,2,200109,1,"$60,242",0.9
AG18,11,F,,13,A,0110,1,GS-13,F,XXXX,8,20,F,2,200109,1,"$63,211",0.6
AG18,11,G,21,15,E,0110,1,GS-15,I,XXXX,2,10,F,1,200109,1,"$93,722",12.7
AG18,11,J,21,13,H,0110,1,GM-13,H,XXXX,5,10,F,1,200109,1,"$82,180",29.0
AG18,11,D,17,13,C,0110,1,GS-13,F,XXXX,8,10,F,1,200109,1,"$65,319",4.1
AG18,11,G,17,13,G,0110,1,GM-13,G,XXXX,5,10,F,1,200109,1,"$79,024",21.0
AG18,11,G,21,15,F,0110,1,GS-15,J,XXXX,8,10,F,1,200109,1,"$102,508",17.2
AG18,11,F,21,14,D,0110,1,GS-14,H,XXXX,8,15,F,1,200109,1,"$82,168",5.6
AG18,11,J,21,13,G,0110,1,GM-13,H,XXXX,5,10,F,1,200109,1,"$80,535",21.5
AG18,11,H,17,12,G,0110,1,GS-12,F,XXXX,8,10,F,1,200109,1,"$69,099",23.9
AG18,11,I,21,14,G,0110,1,GM-14,I,XXXX,5,10,F,1,200109,1,"$90,888",24.8
AG18,53,G,21,14,E,0110,1,GS-14,H,XXXX,8,10,P,2,200109,1,"$84,827",11.0
AG18,11,F,21,15,C,0110,1,GS-15,I,XXXX,2,10,F,1,200109,1,"$96,651",4.6
AG18,11,G,21,14,E,0110,1,GS-14,H,XXXX,8,10,F,1,200109,1,"$89,638",10.5
AG18,11,H,21,14,E,0110,1,GS-14,H,XXXX,8,10,F,1,200109,1,"$84,658",14.7
AG18,11,D,,12,B,0110,1,GS-12,F,XXXX,8,20,F,2,200109,1,"$60,242",1.1
AG18,11,H,17,13,G,0110,1,GM-13,G,XXXX,5,10,F,1,200109,1,"$76,916",21.3
AG18,11,E,17,13,E,0110,1,GS-13,G,XXXX,8,10,P,2,200109,1,"$73,749",12.0
AG18,11,J,22,14,H,0110,1,GS-14,H,XXXX,8,10,F,1,200109,1,"$87,148",26.3
AG18,11,H,21,14,F,0110,1,GS-14,H,XXXX,8,10,F,1,200109,1,"$84,658",18.3
AG18,11,E,,12,B,0110,1,GS-12,F,XXXX,8,20,F,2,200109,1,"$63,785",1.1
AG18,11,H,18,15,H,0110,1,GS-15,I,XXXX,8,10,F,1,200109,1,"$99,580",29.2
AG18,11,G,21,15,E,0110,1,GS-15,I,XXXX,8,10,F,1,200109,1,"$99,580",11.5
AG18,11,E,17,13,D,0110,1,GS-13,F,XXXX,8,10,F,1,200109,1,"$69,534",9.9
AG18,11,H,17,13,G,0110,1,GM-13,G,XXXX,5,10,F,1,200109,1,"$77,973",24.9
AG18,11,E,,12,B,0110,1,GS-12,F,XXXX,8,20,F,2,200109,1,"$60,242",1.8
AG18,11,G,21,15,F,0110,1,GS-15,I,XXXX,8,10,F,1,200109,1,"$96,651",19.9
AG18,11,H,21,12,F,0110,1,GS-12,F,XXXX,8,10,F,1,200109,1,"$65,556",19.4
AG18,11,G,21,13,D,0110,1,GS-13,G,XXXX,8,10,F,1,200109,1,"$73,749",9.7
AG18,11,J,22,15,G,0110,1,GS-15,I,XXXX,8,10,F,1,200109,1,"$99,580",22.2
AG18,11,D,,12,C,0110,1,GS-12,E,XXXX,8,20,F,2,200109,1,"$58,470",3.1
AG18,11,I,18,13,J,0110,1,GM-13,H,XXXX,5,10,F,1,200109,1,"$82,180",35.0
AG18,11,G,21,15,F,0110,1,GM-15,K,XXXX,2,10,F,1,200109,1,"$114,224",17.4
AG18,11,E,21,14,E,0110,1,GS-14,G,XXXX,8,10,F,1,200109,1,"$79,678",10.2
AG18,11,E,21,13,D,0110,1,GS-13,F,XXXX,8,10,F,1,200109,1,"$67,427",9.0
AG18,11,I,21,15,G,0110,1,GS-15,J,XXXX,8,10,F,1,200109,1,"$105,437",24.8
AG18,11,I,19,13,G,0110,1,GM-13,G,XXXX,5,10,F,1,200109,1,"$79,024",21.6
AG18,11,B,,07,A,0110,1,GS-07,B,XXXX,8,42,F,2,200109,1,"$29,966",0.3
AG18,11,H,21,15,I,0110,1,GM-15,K,XXXX,2,10,F,1,200109,1,"$111,275",32.9
AG18,11,H,21,14,E,0110,1,GM-14,H,XXXX,5,10,F,1,200109,1,"$89,508",13.8
AG18,11,E,18,13,E,0110,1,GM-13,G,XXXX,5,10,F,1,200109,1,"$73,749",12.3
AG18,11,H,,13,B,0110,1,GS-13,F,XXXX,8,20,F,2,200109,1,"$69,534",2.2
AG18,11,J,21,13,G,0110,1,GM-13,H,XXXX,5,10,F,1,200109,1,"$82,180",22.6
AG18,11,F,17,13,E,0110,1,GS-13,F,XXXX,8,10,F,1,200109,1,"$65,319",11.8
AG18,11,G,12,09,H,0110,1,GS-09,D,XXXX,8,10,F,1,200109,1,"$46,427",26.0
AG18,11,E,,11,B,0110,1,GS-11,D,XXXX,8,42,F,2,200109,1,"$44,352",1.1
AG18,11,I,12,12,G,0110,1,GS-12,F,XXXX,8,10,F,1,200109,1,"$67,327",22.9
AG18,11,G,21,14,E,0110,1,GS-14,H,XXXX,8,10,F,1,200109,1,"$84,658",14.8
AG18,11,G,21,15,E,0110,1,GS-15,I,XXXX,2,10,F,1,200109,1,"$90,793",10.8
AG18,11,C,,11,C,0110,1,GS-11,D,XXXX,8,42,I,2,200109,1,"$44,352",4.0
AG18,11,G,17,11,G,0110,1,GS-11,E,XXXX,8,10,F,1,200109,1,"$57,656",22.2
AG18,11,E,,12,B,0110,1,GS-12,F,XXXX,8,20,F,2,200109,1,"$60,242",1.7
AG18,11,C,,11,A,0110,1,GS-11,D,XXXX,8,42,P,2,200109,1,"$44,352",0.3
AG22,37,F,,15,A,0110,1,GS-15,H,XXXX,8,40,I,2,200109,1,"$85,832",0.7
AG22,47,F,,15,A,0110,1,GS-15,H,XXXX,8,40,I,2,200109,1,"$85,832",0.7
AG22,29,I,,15,A,0110,1,GS-15,H,XXXX,8,40,I,2,200109,1,"$85,832",0.7
AG22,54,H,,15,B,0110,1,GS-15,H,XXXX,8,40,I,2,200109,1,"$85,832",1.0
AG22,21,G,,15,A,0110,1,GS-15,H,XXXX,8,40,I,2,200109,1,"$85,832",0.9
AG30,51,F,21,13,E,0110,1,GS-13,H,XXXX,8,10,F,1,200109,1,"$82,180",13.9
AG30,51,G,17,12,C,0110,1,GS-12,E,XXXX,8,10,F,1,200109,1,"$54,928",3.2
AG30,51,E,21,13,B,0110,1,GS-13,F,XXXX,8,15,F,1,200109,1,"$63,211",2.2
AG30,51,H,21,14,F,0110,1,GS-14,H,XXXX,2,10,F,1,200109,1,"$89,638",16.4
AG32,11,H,17,14,G,0110,1,GM-14,I,XXXX,5,10,F,1,200109,1,"$92,355",23.8
AG32,11,F,17,14,E,0110,1,GS-14,H,XXXX,8,10,F,1,200109,1,"$82,168",13.3
AG32,11,I,21,14,H,0110,1,GM-14,I,XXXX,5,10,F,1,200109,1,"$94,990",27.6
AG32,11,H,17,13,G,0110,1,GM-13,H,XXXX,5,10,F,1,200109,1,"$80,087",24.0
AG32,11,F,17,13,F,0110,1,GM-13,G,XXXX,5,10,P,2,200109,1,"$76,916",16.5
AG32,11,E,17,13,E,0110,1,GS-13,G,XXXX,8,10,F,1,200109,1,"$71,642",11.3
AG32,11,H,17,13,G,0110,1,GM-13,G,XXXX,5,10,F,1,200109,1,"$79,168",23.3
AG32,11,I,21,15,H,0110,1,GM-15,J,XXXX,2,10,F,1,200109,1,"$108,449",25.9
AG32,11,F,17,13,F,0110,1,GM-13,G,XXXX,5,10,F,1,200109,1,"$75,857",18.7
AG32,11,F,17,14,F,0110,1,GM-14,H,XXXX,5,10,F,1,200109,1,"$89,638",15.7
AG32,11,E,17,13,E,0110,1,GS-13,G,XXXX,8,10,F,1,200109,1,"$71,642",13.8
AG32,11,J,21,,H,0110,1,ES-05,M,XXXX,2,50,F,1,200109,1,"$133,700",25.9
AG32,11,F,13,12,C,0110,1,GS-12,E,XXXX,8,10,F,1,200109,1,"$58,470",4.9
AG32,11,J,14,13,J,0110,1,GM-13,H,XXXX,5,10,F,1,200109,1,"$80,072",36.0
AG32,11,F,04,14,G,0110,1,GM-14,I,XXXX,5,10,F,1,200109,1,"$93,381",20.7
AG32,11,H,17,14,G,0110,1,GM-14,I,XXXX,5,10,F,1,200109,1,"$90,889",24.3
AG32,11,G,17,14,G,0110,1,GM-14,I,XXXX,5,10,F,1,200109,1,"$92,128",21.8
AG32,11,G,17,15,G,0110,1,GM-15,J,XXXX,2,10,F,1,200109,1,"$109,218",23.0
AG32,11,J,21,15,H,0110,1,GM-15,K,XXXX,2,10,F,1,200109,1,"$114,224",28.3
AG32,11,C,13,12,B,0110,1,GS-12,E,XXXX,8,15,F,1,200109,1,"$54,928",2.3
AG32,11,I,21,15,I,0110,1,GM-15,K,XXXX,2,10,F,1,200109,1,"$114,224",34.9
AG32,11,H,01,12,I,0110,1,GS-12,E,XXXX,8,10,F,1,200109,1,"$58,470",30.9
AG32,11,G,21,13,F,0110,1,GM-13,G,XXXX,5,10,F,1,200109,1,"$73,749",17.3
AG34,24,I,17,13,H,0110,1,GS-13,H,XXXX,8,10,F,1,200109,1,"$82,180",27.0
AG34,08,F,17,14,F,0110,1,GS-14,H,XXXX,8,10,F,1,200109,1,"$85,132",17.4
AG34,08,F,21,14,E,0110,1,GS-14,H,XXXX,8,10,F,1,200109,1,"$85,132",10.4
AG34,24,E,17,13,D,0110,1,GM-13,F,XXXX,5,15,F,1,200109,1,"$63,211",6.5
AG34,08,G,17,13,E,0110,1,GM-13,G,XXXX,5,10,F,1,200109,1,"$76,170",11.1
AG34,24,I,17,13,E,0110,1,GS-13,G,XXXX,8,10,F,1,200109,1,"$73,749",10.5
AG34,08,I,21,13,G,0110,1,GS-13,G,XXXX,8,10,F,1,200109,1,"$74,102",20.5
AG34,24,G,17,12,C,0110,1,GS-12,E,XXXX,8,10,F,1,200109,1,"$58,470",3.5
AG34,24,D,17,13,D,0110,1,GM-13,F,XXXX,5,10,F,1,200109,1,"$69,534",9.7
AG34,24,C,17,12,A,0110,1,GS-12,E,XXXX,8,15,F,1,200109,1,"$53,156",0.7
AG34,24,H,17,14,G,0110,1,GM-14,I,XXXX,5,10,F,1,200109,1,"$93,379",20.9
AG34,24,H,21,14,D,0110,1,GS-14,H,XXXX,8,10,F,1,200109,1,"$89,638",9.8
AG34,08,F,21,13,E,0110,1,GM-13,G,XXXX,5,10,P,2,200109,1,"$74,102",11.8
AG34,24,F,18,14,E,0110,1,GM-14,H,XXXX,2,10,F,1,200109,1,"$89,638",13.5
AG36,11,G,21,12,B,0110,1,GS-12,F,XXXX,8,15,F,1,200109,1,"$65,556",1.3
AG36,08,E,13,11,B,0110,1,GS-11,D,XXXX,8,15,F,1,200109,1,"$48,025",2.0
AG36,08,D,21,11,B,0110,1,GS-11,E,XXXX,8,15,F,1,200109,1,"$58,529",1.2
AG36,11,I,21,15,H,0110,1,GM-15,J,XXXX,2,10,F,1,200109,1,"$108,736",27.4
AG36,11,F,21,14,D,0110,1,GS-14,H,XXXX,8,10,F,1,200109,1,"$82,168",9.7
AG36,11,H,17,13,B,0110,1,GS-13,H,XXXX,8,15,F,1,200109,1,"$82,180",1.8
AG36,11,G,21,14,D,0110,1,GS-14,G,XXXX,8,10,F,1,200109,1,"$77,187",5.7
AG36,11,H,17,14,A,0110,1,GS-14,H,XXXX,8,15,F,1,200109,1,"$89,638",0.5
AG36,13,I,21,13,B,0110,1,GS-13,G,XXXX,2,15,F,1,200109,1,"$72,699",2.1
AG36,13,C,17,11,B,0110,1,GS-11,D,XXXX,8,15,F,1,200109,1,"$43,720",1.6
AG36,13,E,17,12,B,0110,1,GS-12,E,XXXX,8,15,F,1,200109,1,"$57,638",2.1
AG36,11,F,17,14,D,0110,1,GM-14,H,XXXX,5,10,F,1,200109,1,"$89,638",9.3
AG36,11,I,21,14,G,0110,1,GS-14,H,XXXX,8,10,F,1,200109,1,"$89,638",24.0
AG36,19,C,17,11,B,0110,1,GS-11,D,XXXX,8,15,F,1,200109,1,"$43,326",1.3
AG36,08,J,13,13,I,0110,1,GM-13,H,XXXX,2,10,F,1,200109,1,"$83,425",31.5
AG36,11,B,11,05,B,0119,3,GS-05,B,XXXX,8,38,I,2,200109,1,"$24,192",1.8
AG36,13,E,17,11,B,0110,1,GS-11,E,XXXX,8,15,F,1,200109,1,"$56,835",1.0
AG36,19,G,21,11,B,0110,1,GS-11,E,XXXX,8,15,F,1,200109,1,"$54,878",1.7
AG36,19,E,13,12,E,0110,1,GS-12,E,XXXX,8,10,F,1,200109,1,"$57,118",13.7
AG36,19,E,18,11,C,0110,1,GS-11,D,XXXX,8,10,F,1,200109,1,"$47,658",3.1
AG36,19,D,17,11,B,0110,1,GS-11,D,XXXX,8,15,F,1,200109,1,"$49,102",1.9
AG36,19,F,21,13,E,0110,1,GM-13,G,XXXX,2,10,F,1,200109,1,"$76,161",11.3
AG36,19,C,13,11,B,0110,1,GS-11,D,XXXX,8,15,F,1,200109,1,"$43,326",1.3
AG36,08,C,17,11,B,0110,1,GS-11,D,XXXX,8,15,F,1,200109,1,"$45,024",2.8
AG36,08,E,13,12,B,0110,1,GS-12,E,XXXX,8,15,F,1,200109,1,"$55,760",2.5
AG36,08,C,17,11,B,0110,1,GS-11,D,XXXX,8,15,F,1,200109,1,"$46,525",2.6
AG36,11,F,21,14,D,0110,1,GS-14,G,XXXX,8,10,F,1,200109,1,"$79,678",6.8
AG36,11,F,17,14,D,0110,1,GS-14,H,XXXX,8,10,F,1,200109,1,"$82,168",5.3
AG37,11,H,18,14,H,0110,1,GS-14,H,XXXX,8,10,F,1,200109,1,"$82,168",25.3
AG37,11,F,12,14,F,0110,1,GS-14,H,XXXX,8,10,F,1,200109,1,"$82,168",18.5
AG37,11,H,20,15,G,0110,1,GM-15,K,XXXX,5,10,F,1,200109,1,"$114,224",24.8
AG37,11,J,15,14,D,0110,1,GS-14,G,XXXX,8,10,F,1,200109,1,"$74,697",5.5
AG37,11,K,21,14,F,0110,1,GS-14,I,XXXX,8,10,F,1,200109,1,"$97,108",19.2
AG38,11,H,17,15,G,0110,1,GM-15,J,XXXX,5,10,F,1,200109,1,"$109,475",24.3
AG38,11,H,21,,H,0110,1,ES-06,M,XXXX,2,50,F,1,200109,1,"$133,700",25.3
AG38,11,F,12,15,G,0110,1,GS-15,I,XXXX,8,10,F,1,200109,1,"$96,651",21.3
AG38,11,E,17,,E,0110,1,ES-01,L,XXXX,2,50,F,1,200109,1,"$120,261",10.4
AG38,11,H,13,11,H,0110,1,GS-11,E,XXXX,8,10,F,1,200109,1,"$57,656",26.6
AG38,11,I,21,,I,0110,1,ES-05,M,XXXX,2,50,F,1,200109,1,"$133,700",30.8
AG38,11,H,21,15,G,0110,1,GM-15,J,XXXX,5,10,F,1,200109,1,"$107,724",22.4
AG38,11,H,21,,G,0110,1,ES-03,M,XXXX,8,50,F,1,200109,1,"$131,615",23.6
AG38,11,G,18,15,F,0110,1,GS-15,I,XXXX,8,10,F,1,200109,1,"$90,793",16.2
AG38,11,F,17,14,E,0110,1,GS-14,G,XXXX,8,10,F,1,200109,1,"$79,678",10.7
AG38,11,G,13,15,H,0110,1,GS-15,J,XXXX,8,10,F,1,200109,1,"$105,437",25.7
AG38,11,F,17,15,F,0110,1,GS-15,I,XXXX,8,10,F,1,200109,1,"$96,651",16.8
AG38,11,H,21,15,G,0110,1,GM-15,K,XXXX,5,10,F,1,200109,1,"$113,833",24.1
AG38,11,G,21,,F,0110,1,SL-00,M,XXXX,8,10,F,1,200109,1,"$133,700",18.7
AG38,11,H,17,15,H,0110,1,GM-15,J,XXXX,5,10,F,1,200109,1,"$109,841",28.8
AG38,11,G,17,15,G,0110,1,GS-15,I,XXXX,8,10,F,1,200109,1,"$99,580",23.3
AG38,11,G,14,15,H,0110,1,GM-15,J,XXXX,5,10,F,1,200109,1,"$107,664",25.7
AG38,11,J,21,15,J,0110,1,GM-15,K,XXXX,5,10,F,1,200109,1,"$114,224",35.6
AG38,11,K,21,14,D,0110,1,GS-14,I,XXXX,8,10,F,1,200109,1,"$97,108",8.2
AG38,11,K,21,15,H,0110,1,GM-15,K,XXXX,5,10,F,1,200109,1,"$111,131",27.2
AG38,11,G,21,14,E,0110,1,GS-14,I,XXXX,8,10,F,1,200109,1,"$92,128",14.3
AG38,11,I,21,14,E,0110,1,GM-14,I,XXXX,2,10,F,1,200109,1,"$90,372",12.7
AG38,11,G,21,14,E,0110,1,GM-14,H,XXXX,2,10,F,1,200109,1,"$87,148",14.9
AGDA,11,G,21,14,E,0110,1,GS-14,H,XXXX,8,10,F,1,200109,1,"$84,658",14.7
AGFA,11,H,17,14,G,0110,1,GS-14,I,XXXX,8,10,F,1,200109,1,"$97,108",20.8
AGFA,11,G,21,14,F,0110,1,GS-14,H,XXXX,8,10,F,1,200109,1,"$89,638",15.5
AGFA,11,I,21,15,I,0110,1,GM-15,J,XXXX,2,10,F,1,200109,1,"$109,080",32.1
AGFA,11,H,21,15,G,0110,1,GS-15,J,XXXX,2,10,F,1,200109,1,"$102,508",23.2
AGFA,11,G,17,15,G,0110,1,GS-15,I,XXXX,2,10,F,1,200109,1,"$96,651",20.7
AGFA,11,I,17,15,I,0110,1,GS-15,J,XXXX,2,10,F,1,200109,1,"$105,437",31.6
AGFA,11,H,17,14,F,0110,1,GS-14,I,XXXX,8,10,F,1,200109,1,"$92,128",18.3
AGFA,11,G,21,14,E,0110,1,GS-14,H,XXXX,8,10,F,1,200109,1,"$82,168",13.3
AGFA,11,H,14,13,H,0110,1,GS-13,G,XXXX,8,10,F,1,200109,1,"$73,749",25.4
AGFA,11,I,17,13,H,0110,1,GS-13,H,XXXX,8,10,F,1,200109,1,"$82,180",27.7
AGFA,11,H,18,14,G,0110,1,GS-14,H,XXXX,8,10,F,1,200109,1,"$89,638",24.3
AGFA,11,G,21,14,D,0110,1,GS-14,G,XXXX,8,10,F,1,200109,1,"$77,187",7.3
AGFA,11,F,17,15,F,0110,1,GM-15,K,XXXX,2,10,F,1,200109,1,"$110,244",19.8
AGFA,11,F,17,14,F,0110,1,GS-14,H,XXXX,8,10,F,1,200109,1,"$84,658",15.7
AGFA,11,E,13,14,E,0110,1,GS-14,H,XXXX,8,10,F,1,200109,1,"$82,168",12.0
AGFA,11,F,21,14,E,0110,1,GS-14,H,XXXX,8,10,F,1,200109,1,"$82,168",10.8
AGFA,11,I,21,13,H,0110,1,GS-13,H,XXXX,8,10,F,1,200109,1,"$82,180",26.3
AGFA,11,G,21,14,D,0110,1,GS-14,H,XXXX,8,15,F,1,200109,1,"$87,148",8.8
AGFA,29,F,12,14,G,0110,1,GS-14,I,XXXX,8,10,F,1,200109,1,"$95,426",20.8
AGFA,11,I,17,15,I,0110,1,GM-15,K,XXXX,2,10,F,1,200109,1,"$111,092",30.6
AGFA,11,G,21,15,F,0110,1,GM-15,J,XXXX,2,10,F,1,200109,1,"$108,366",15.6
AGFA,11,H,21,15,E,0110,1,GS-15,J,XXXX,2,10,F,1,200109,1,"$105,437",10.3
AGFA,11,I,17,14,G,0110,1,GS-14,I,XXXX,8,10,F,1,200109,1,"$97,108",24.5
AGFA,11,G,21,14,F,0110,1,GS-14,H,XXXX,8,10,F,1,200109,1,"$89,638",15.0
AM00,11,H,21,,E,0110,1,FO-02,I,XXXX,8,38,F,1,200109,1,"$98,551",14.3
AM00,11,J,21,,H,0110,1,FO-01,K,XXXX,2,38,F,1,200109,1,"$114,224",28.6
AM00,11,I,21,15,H,0110,1,GS-15,K,XXXX,2,10,F,1,200109,1,"$114,224",28.5
AM00,EG,G,21,,D,0110,1,FO-02,F,XXXX,2,38,F,1,200109,1,"$68,521",8.8
AM00,11,H,21,14,G,0110,1,GS-14,H,XXXX,8,10,F,1,200109,1,"$89,638",22.3
AM00,11,H,21,15,H,0110,1,GS-15,K,XXXX,8,10,F,1,200109,1,"$114,224",28.6
AM00,11,F,,,A,0110,1,FP-04,F,XXXX,8,48,F,2,200109,1,"$68,647",0.0
AM00,11,C,,,C,0110,1,FP-04,D,XXXX,8,48,F,2,200109,1,"$48,147",4.3
AM00,11,G,21,14,G,0110,1,GS-14,G,XXXX,8,10,F,1,200109,1,"$79,678",21.0
AM00,11,E,,,A,0110,1,FP-04,D,XXXX,8,48,F,2,200109,1,"$46,745",0.0
AM00,11,H,21,15,G,0110,1,GS-15,K,XXXX,8,10,F,1,200109,1,"$111,295",21.0
AM00,NI,H,21,,F,0110,1,FO-01,I,XXXX,2,38,F,1,200109,1,"$98,033",17.6
AM00,11,J,21,15,F,0110,1,GS-15,K,XXXX,8,10,F,1,200109,1,"$114,224",19.6
AM00,KZ,F,21,,E,0110,1,FO-02,G,XXXX,2,38,F,1,200109,1,"$74,875",10.2
AM00,EG,I,15,,H,0110,1,FO-02,I,XXXX,8,38,F,1,200109,1,"$94,850",26.3
AM00,11,J,21,,G,0110,1,FO-02,I,XXXX,8,38,F,1,200109,1,"$95,681",20.3
AM00,11,K,21,15,J,0110,1,GS-15,K,XXXX,8,10,F,1,200109,1,"$114,224",37.5
AM00,ID,I,21,,F,0110,1,FE-03,L,XXXX,2,38,F,1,200109,1,"$125,500",17.0
AM00,11,I,21,,F,0110,1,FO-02,J,XXXX,8,38,F,1,200109,1,"$104,553",19.5
AM00,11,H,21,14,G,0110,1,GS-14,I,XXXX,8,10,F,1,200109,1,"$92,128",21.3
AM00,11,J,21,,H,0110,1,FO-02,J,XXXX,2,38,F,1,200109,1,"$104,553",29.5
AM00,JO,I,21,,F,0110,1,FO-02,I,XXXX,8,38,F,1,200109,1,"$94,850",17.3
AM00,EG,F,,,B,0110,1,FP-04,D,XXXX,8,48,F,2,200109,1,"$43,679",1.6
AM00,11,D,,,E,0110,1,FP-04,F,XXXX,8,48,F,2,200109,1,"$66,647",10.3
AM00,UG,I,18,,G,0110,1,FP-02,I,XXXX,8,38,F,1,200109,1,"$94,850",21.2
AM00,11,I,21,,F,0110,1,FO-02,J,XXXX,8,38,F,1,200109,1,"$104,553",18.7
AM00,11,H,21,,E,0110,1,FO-03,H,XXXX,8,38,F,1,200109,1,"$84,718",12.3
AM00,11,H,17,,H,0110,1,FO-01,K,XXXX,8,38,F,1,200109,1,"$114,224",25.8
AM00,11,I,18,14,F,0110,1,GS-14,I,XXXX,8,10,F,1,200109,1,"$94,618",17.4
AM00,IS,F,,,B,0110,1,FP-04,F,XXXX,8,48,F,2,200109,1,"$62,276",1.0
AM00,11,G,17,15,G,0110,1,GS-15,J,XXXX,8,10,F,1,200109,1,"$105,437",24.8
AM00,GT,F,17,,F,0110,1,FO-01,I,XXXX,2,38,F,1,200109,1,"$95,178",16.4
AN00,11,G,21,14,B,0110,1,GS-14,H,XXXX,8,15,F,1,200109,1,"$87,148",2.3
AN00,11,E,17,14,A,0110,1,GS-14,G,XXXX,8,15,F,1,200109,1,"$74,697",0.8
ARAS,51,F,21,,A,0110,1,ED-00,H,XXXX,8,48,I,2,200109,1,"$81,317",0.8
ARCE,39,J,20,13,H,0110,1,GS-13,H,XXXX,8,10,F,1,200109,1,"$82,575",29.2
ARCE,25,I,18,12,G,0110,1,GS-12,F,XXXX,8,10,F,1,200109,1,"$66,686",20.1
ARCE,25,H,17,13,H,0110,1,GS-13,H,XXXX,8,10,F,1,200109,1,"$81,452",26.8
ARCE,48,H,13,09,A,0110,1,GS-09,C,XXXX,8,15,F,1,200109,1,"$36,483",0.7
ARCE,25,E,13,12,E,0110,1,GS-12,F,XXXX,8,10,P,2,200109,1,"$63,082",12.9
ARCE,02,I,21,13,J,0110,1,GS-13,F,XXXX,8,10,F,1,200109,1,"$61,169",38.6
ARCE,25,I,17,14,I,0110,1,GM-14,I,XXXX,2,10,F,1,200109,1,"$98,114",33.3
ARCE,17,H,17,13,H,0110,1,GS-13,H,XXXX,8,10,F,1,200109,1,"$82,084",26.0
ARCE,36,I,13,13,J,0110,1,GS-13,H,XXXX,8,10,F,1,200109,1,"$82,535",35.3
ARCE,11,I,17,15,H,0110,1,GM-15,K,XXXX,5,10,F,1,200109,1,"$114,202",29.9
ARCE,36,I,17,13,I,0110,1,GS-13,H,XXXX,8,10,F,1,200109,1,"$80,279",32.3
ARCE,36,F,13,11,E,0110,1,GS-11,E,XXXX,8,38,F,1,200109,1,"$51,811",12.3
ARCE,17,H,18,13,G,0110,1,GS-13,F,XXXX,6,10,F,1,200109,1,"$69,984",23.3
ARCE,36,E,13,13,E,0110,1,GS-13,G,XXXX,8,10,F,1,200109,1,"$76,017",14.7
ARCE,48,I,18,13,I,0110,1,GS-13,G,XXXX,8,10,F,1,200109,1,"$79,694",30.7
ARCE,36,H,13,12,G,0110,1,GS-12,E,XXXX,8,10,F,1,200109,1,"$57,118",23.7
ARCE,36,H,14,13,G,0110,1,GS-13,G,XXXX,8,10,F,1,200109,1,"$78,190",22.4
ARCE,36,G,17,12,G,0110,1,GS-12,F,XXXX,8,10,F,1,200109,1,"$64,039",24.3
ARCE,42,I,17,15,I,0110,1,GM-15,K,XXXX,2,10,F,1,200109,1,"$114,814",30.1
ARCE,51,G,13,12,G,0110,1,GS-12,F,XXXX,8,10,F,1,200109,1,"$65,556",20.5
ARCE,36,E,13,12,E,0110,1,GS-12,E,XXXX,8,10,F,1,200109,1,"$56,617",10.6
ARCE,36,J,18,14,J,0110,1,GS-14,H,XXXX,8,10,F,1,200109,1,"$84,695",36.4
ARCE,24,G,13,12,F,0110,1,GS-12,F,XXXX,8,10,F,1,200109,1,"$63,785",16.1
ARCE,36,H,17,11,G,0110,1,GS-11,E,XXXX,8,10,F,1,200109,1,"$53,434",20.8
ARCE,51,C,17,07,A,0110,1,GS-07,B,XXXX,8,15,F,1,200109,1,"$29,273",0.3
ARCE,36,D,17,14,E,0110,1,GS-14,G,XXXX,2,10,F,1,200109,1,"$75,402",11.6
ARCE,06,D,17,13,D,0110,1,GS-13,F,XXXX,8,10,F,1,200109,1,"$67,082",7.0
ARCE,11,H,18,14,H,0110,1,GS-14,I,XXXX,8,10,F,1,200109,1,"$97,108",28.8
ARCE,35,H,17,12,G,0110,1,GS-12,F,XXXX,8,10,F,1,200109,1,"$64,039",22.7
ARCE,51,E,13,14,E,0110,1,GS-14,G,XXXX,8,10,F,1,200109,1,"$77,187",14.1
ARCE,36,G,21,13,D,0110,1,GS-13,F,XXXX,6,10,F,1,200109,1,"$67,328",5.9
ARCE,41,E,17,13,E,0110,1,GS-13,G,XXXX,8,10,F,1,200109,1,"$73,810",13.3
ARCE,48,G,17,12,G,0110,1,GS-12,G,XXXX,8,10,F,1,200109,1,"$73,129",20.7
ARCE,42,H,17,12,H,0110,1,GS-12,F,XXXX,8,10,F,1,200109,1,"$65,895",29.1
ARCE,12,I,13,15,I,0110,1,GS-15,J,XXXX,2,10,F,1,200109,1,"$102,998",34.4
ARCE,17,H,04,12,D,0110,1,GS-12,F,XXXX,8,10,F,1,200109,1,"$61,756",6.5
ARCE,42,H,17,12,H,0110,1,GS-12,F,XXXX,8,10,F,1,200109,1,"$68,039",25.0
ARCE,13,E,17,12,D,0110,1,GS-12,E,XXXX,8,10,F,1,200109,1,"$58,848",8.6
ARCE,42,G,13,13,G,0110,1,GS-13,H,XXXX,8,10,F,1,200109,1,"$80,486",22.8
ARCE,45,G,13,13,H,0110,1,GS-13,G,XXXX,2,10,F,1,200109,1,"$72,043",25.0
ARCE,36,G,17,13,G,0110,1,GS-13,G,XXXX,8,10,F,1,200109,1,"$76,017",23.0
ARCE,48,G,21,14,G,0110,1,GS-14,H,XXXX,2,10,F,1,200109,1,"$84,258",22.8
ARCE,42,D,13,12,E,0110,1,GS-12,E,XXXX,8,10,F,1,200109,1,"$58,773",13.0
ARCE,42,E,13,12,F,0110,1,GS-12,F,XXXX,8,10,F,1,200109,1,"$64,114",15.3
ARCE,42,D,04,06,F,0119,3,GS-06,C,XXXX,8,10,F,1,200109,1,"$31,620",16.3
ARCE,54,H,13,12,H,0110,1,GS-12,F,XXXX,8,10,F,1,200109,1,"$67,500",28.5
ARCE,12,E,04,09,B,0110,1,GS-09,C,XXXX,8,15,F,1,200109,1,"$37,001",2.0
ARCE,51,D,13,12,D,0110,1,GS-12,E,XXXX,8,10,F,1,200109,1,"$53,156",7.4
ARCE,51,B,13,09,B,0110,1,GS-09,C,XXXX,8,15,F,1,200109,1,"$37,877",2.1
ARCE,24,F,13,12,E,0110,1,GS-12,F,XXXX,8,10,F,1,200109,1,"$63,785",10.8
ARCE,24,E,17,11,E,0110,1,GS-11,E,XXXX,8,10,F,1,200109,1,"$50,265",12.0
ARCE,05,E,13,12,E,0110,1,GS-12,E,XXXX,8,10,F,1,200109,1,"$57,118",11.9
ARCE,51,G,13,14,H,0110,1,GS-14,I,XXXX,8,10,F,1,200109,1,"$94,618",25.5
ARCE,06,D,17,11,D,0110,1,GS-11,D,XXXX,8,10,F,1,200109,1,"$49,085",5.3
ARCE,51,G,13,14,G,0110,1,GS-14,G,XXXX,2,10,F,1,200109,1,"$75,402",23.6
ARCE,12,G,13,13,G,0110,1,GS-13,G,XXXX,8,10,F,1,200109,1,"$78,220",22.8
ARCE,12,C,13,11,D,0110,1,GS-11,E,XXXX,8,10,F,1,200109,1,"$51,990",5.3
ARCE,54,D,13,05,D,0119,3,GS-05,B,XXXX,8,20,F,2,200109,1,"$23,633",7.2
ARCE,06,D,14,12,D,0110,1,GS-12,E,XXXX,8,10,F,1,200109,1,"$53,397",7.2
ARCE,45,D,14,12,D,0110,1,GS-12,E,XXXX,8,10,F,1,200109,1,"$57,118",8.3
ARCE,54,F,13,12,F,0110,1,GS-12,F,XXXX,8,10,F,1,200109,1,"$64,039",18.9
ARCE,54,D,13,12,D,0110,1,GS-12,E,XXXX,8,10,P,2,200109,1,"$51,927",7.2
ARCE,54,C,13,07,A,0110,1,GS-07,B,XXXX,8,15,F,1,200109,1,"$29,273",0.4
ARCE,54,D,12,11,E,0110,1,GS-11,D,XXXX,8,10,F,1,200109,1,"$47,658",13.9
ARCE,37,G,17,12,H,0110,1,GS-12,F,XXXX,8,10,F,1,200109,1,"$67,500",26.4
ARCE,37,H,17,12,G,0110,1,GS-12,F,XXXX,8,10,F,1,200109,1,"$67,500",24.3
ARCE,37,D,04,12,A,0110,1,GS-12,E,XXXX,8,48,I,2,200109,1,"$51,927",0.3
ARCE,37,H,17,12,H,0110,1,GS-12,F,XXXX,8,10,F,1,200109,1,"$67,500",25.5
ARCE,13,J,13,14,I,0110,1,GM-14,I,XXXX,5,10,F,1,200109,1,"$94,732",34.7
ARCE,45,F,13,13,F,0110,1,GS-13,F,XXXX,8,10,F,1,200109,1,"$67,926",16.2
ARCE,37,H,04,12,H,0110,1,GS-12,F,XXXX,8,10,F,1,200109,1,"$67,500",26.8
ARCE,13,E,13,13,F,0110,1,GS-13,F,XXXX,5,10,F,1,200109,1,"$63,808",15.9
ARCE,47,I,21,12,F,0110,1,GS-12,F,XXXX,8,10,F,1,200109,1,"$65,770",19.8
ARCE,51,F,17,13,E,0110,1,GS-13,F,XXXX,8,10,F,1,200109,1,"$69,534",13.8
ARCE,01,H,13,11,G,0110,1,GS-11,E,XXXX,8,10,F,1,200109,1,"$53,434",23.9
ARCE,53,G,11,07,D,0110,1,GS-07,C,XXXX,8,15,F,1,200109,1,"$30,026",6.3
ARCE,22,H,17,11,D,0110,1,GS-11,D,XXXX,8,10,F,1,200109,1,"$47,658",6.2
ARCE,12,I,17,12,H,0110,1,GS-12,F,XXXX,8,10,F,1,200109,1,"$67,500",27.2
ARCE,12,G,14,12,G,0110,1,GS-12,F,XXXX,8,10,F,1,200109,1,"$65,770",21.1
ARCE,22,G,17,12,D,0110,1,GS-12,E,XXXX,8,10,F,1,200109,1,"$58,848",9.0
ARCE,02,D,13,12,E,0110,1,GS-12,E,XXXX,8,10,F,1,200109,1,"$56,258",14.3
ARCE,42,E,17,11,D,0110,1,GS-11,E,XXXX,8,15,F,1,200109,1,"$55,316",8.2
ARCE,51,H,21,14,F,0110,1,GS-14,I,XXXX,8,10,F,1,200109,1,"$94,618",16.5
ARCE,54,G,17,13,G,0110,1,GS-13,G,XXXX,7,10,F,1,200109,1,"$72,043",23.0
ARCE,54,G,13,12,D,0110,1,GS-12,F,XXXX,8,10,F,1,200109,1,"$67,500",9.9
ARCE,12,E,17,12,E,0110,1,GS-12,E,XXXX,8,10,F,1,200109,1,"$58,848",14.3
ARCE,48,E,17,12,E,0110,1,GS-12,E,XXXX,8,10,F,1,200109,1,"$52,905",10.5
ARCE,54,G,17,13,E,0110,1,GS-13,F,XXXX,8,10,F,1,200109,1,"$61,749",14.2
ARCE,42,D,13,11,D,0110,1,GS-11,D,XXXX,8,10,F,1,200109,1,"$47,553",9.0
ARCE,53,J,17,12,F,0110,1,GS-12,F,XXXX,8,10,F,1,200109,1,"$64,039",18.3
ARCE,21,G,04,11,H,0110,1,GS-11,D,XXXX,8,10,F,1,200109,1,"$44,770",28.8
ARCE,11,J,04,14,J,0110,1,GS-14,I,XXXX,8,10,F,1,200109,1,"$97,108",38.4
ARCE,27,G,14,12,G,0110,1,GS-12,F,XXXX,8,10,F,1,200109,1,"$65,598",22.7
ARCE,17,F,13,12,F,0110,1,GS-12,F,XXXX,8,10,F,1,200109,1,"$67,500",18.1
ARCE,17,G,17,12,G,0110,1,GS-12,G,XXXX,8,10,F,1,200109,1,"$70,835",24.4
ARCE,17,H,14,14,H,0110,1,GM-14,I,XXXX,2,10,F,1,200109,1,"$99,355",28.3
ARCE,13,H,13,12,G,0110,1,GS-12,F,XXXX,4,10,F,1,200109,1,"$67,500",23.7
ARCE,17,H,13,13,G,0110,1,GS-13,H,XXXX,8,10,F,1,200109,1,"$84,245",23.8
ARCE,36,J,21,11,G,0110,1,GS-11,E,XXXX,8,10,P,2,200109,1,"$56,322",24.2
ARCE,17,I,14,14,I,0110,1,GS-14,I,XXXX,4,10,F,1,200109,1,"$96,996",31.9
ARCE,17,K,21,12,H,0110,1,GS-12,G,XXXX,8,10,F,1,200109,1,"$70,835",25.2
ARCE,51,I,21,14,H,0110,1,GS-14,I,XXXX,8,10,F,1,200109,1,"$92,128",29.3
ARCE,17,H,17,12,H,0110,1,GS-12,F,XXXX,8,10,F,1,200109,1,"$67,500",28.6
ARCE,06,H,13,13,H,0110,1,GS-13,H,XXXX,2,10,F,1,200109,1,"$80,435",29.7
ARCE,29,H,21,13,G,0110,1,GS-13,G,XXXX,8,10,F,1,200109,1,"$78,452",23.6
ARCE,12,I,17,12,G,0110,1,GS-12,F,XXXX,8,10,F,1,200109,1,"$65,770",21.3
ARCE,41,F,17,12,E,0110,1,GS-12,F,XXXX,8,10,F,1,200109,1,"$63,837",14.4
ARCE,11,J,21,,I,0110,1,ES-04,M,XXXX,2,50,F,1,200109,1,"$133,700",32.3
ARCE,26,E,17,09,A,0110,1,GS-09,C,XXXX,8,15,F,1,200109,1,"$37,624",0.8
ARCE,42,G,17,13,G,0110,1,GS-13,G,XXXX,2,10,F,1,200109,1,"$78,845",22.7
ARCE,48,F,17,13,F,0110,1,GS-13,F,XXXX,2,10,F,1,200109,1,"$69,206",17.9
ARCE,06,E,13,11,E,0110,1,GS-11,E,XXXX,8,10,F,1,200109,1,"$52,153",13.3
ARCE,21,F,13,12,F,0110,1,GS-12,E,XXXX,8,10,F,1,200109,1,"$55,387",17.3
ARCE,21,G,13,14,G,0110,1,GS-14,G,XXXX,2,10,F,1,200109,1,"$77,834",23.3
ARCE,12,J,17,11,G,0110,1,GS-11,E,XXXX,8,10,F,1,200109,1,"$54,878",21.4
ARCE,47,F,13,12,E,0110,1,GS-12,F,XXXX,8,10,F,1,200109,1,"$60,579",14.2
ARCE,01,H,13,12,I,0110,1,GS-12,F,XXXX,8,10,F,1,200109,1,"$64,039",30.3
ARCE,01,E,13,12,E,0110,1,GS-12,E,XXXX,8,10,F,1,200109,1,"$55,387",12.8
ARCE,01,I,17,12,H,0110,1,GS-12,F,XXXX,8,10,F,1,200109,1,"$67,500",25.9
ARCE,22,I,13,11,I,0110,1,GS-11,E,XXXX,8,30,F,1,200109,1,"$56,322",30.3
ARCE,01,H,17,14,I,0110,1,GS-14,I,XXXX,2,10,F,1,200109,1,"$94,862",33.1
ARCE,01,C,17,09,C,0110,1,GS-09,C,XXXX,8,15,F,1,200109,1,"$37,001",3.4
ARCE,28,I,17,12,H,0110,1,GS-12,F,XXXX,8,10,F,1,200109,1,"$67,500",29.6
ARCE,28,H,17,13,H,0110,1,GS-13,H,XXXX,8,10,F,1,200109,1,"$80,279",28.4
ARCE,28,G,17,14,G,0110,1,GS-14,H,XXXX,5,10,F,1,200109,1,"$80,267",21.5
ARCE,28,G,13,12,G,0110,1,GS-12,F,XXXX,8,10,F,1,200109,1,"$62,309",22.9
ARCE,28,F,13,12,F,0110,1,GS-12,F,XXXX,8,10,F,1,200109,1,"$65,770",16.5
ARCE,01,D,13,12,E,0110,1,GS-12,E,XXXX,8,10,F,1,200109,1,"$57,118",10.6
ARCE,28,D,17,12,D,0110,1,GS-12,F,XXXX,8,10,F,1,200109,1,"$60,579",7.2
ARCE,51,C,13,07,B,0110,1,GS-07,B,XXXX,8,15,F,1,200109,1,"$29,273",2.5
ARCE,28,E,17,12,D,0110,1,GS-12,E,XXXX,8,10,F,1,200109,1,"$58,848",7.3
ARCE,28,K,14,12,J,0110,1,GS-12,F,XXXX,8,10,F,1,200109,1,"$67,500",36.3
ARCE,40,H,13,12,H,0110,1,GS-12,F,XXXX,8,10,F,1,200109,1,"$64,039",29.4
ARCE,28,H,17,13,H,0110,1,GS-13,G,XXXX,8,10,F,1,200109,1,"$72,043",26.5
ARCE,22,G,13,14,G,0110,1,GS-14,H,XXXX,2,10,F,1,200109,1,"$82,699",24.8
ARCE,22,F,17,12,E,0110,1,GS-12,F,XXXX,8,10,F,1,200109,1,"$62,309",14.3
ARCE,47,J,18,13,J,0110,1,GS-13,H,XXXX,7,10,F,1,200109,1,"$80,279",42.9
ARCE,28,I,18,14,I,0110,1,GS-14,H,XXXX,2,10,F,1,200109,1,"$85,132",33.1
ARCE,22,F,17,12,F,0110,1,GS-12,F,XXXX,8,10,F,1,200109,1,"$62,309",16.0
ARCE,22,H,17,12,D,0110,1,GS-12,E,XXXX,8,10,F,1,200109,1,"$53,657",9.2
ARCE,22,G,17,13,F,0110,1,GS-13,F,XXXX,2,10,F,1,200109,1,"$69,984",17.4
ARCE,22,D,13,12,D,0110,1,GS-12,E,XXXX,8,10,F,1,200109,1,"$51,927",8.9
ARCE,22,G,17,13,G,0110,1,GS-13,G,XXXX,2,10,F,1,200109,1,"$72,043",20.8
ARCE,22,F,13,12,F,0110,1,GS-12,F,XXXX,8,10,F,1,200109,1,"$65,770",18.1
ARCE,22,F,07,12,H,0110,1,GS-12,E,XXXX,8,10,F,1,200109,1,"$58,848",26.7
ARCE,22,D,13,11,A,0110,1,GS-11,D,XXXX,8,10,F,1,200109,1,"$49,102",0.3
ARCE,22,E,17,12,E,0110,1,GS-12,F,XXXX,8,10,F,1,200109,1,"$60,579",13.2
ARCE,28,G,17,13,G,0110,1,GS-13,H,XXXX,8,10,F,1,200109,1,"$80,279",24.3
ARCE,40,I,13,13,G,0110,1,GS-13,G,XXXX,8,10,F,1,200109,1,"$74,102",24.6
ARCE,48,H,17,14,G,0110,1,GS-14,H,XXXX,7,10,F,1,200109,1,"$86,737",22.3
ARCE,40,K,14,13,J,0110,1,GS-13,H,XXXX,8,10,F,1,200109,1,"$80,279",38.6
ARCE,48,D,17,09,A,0110,1,GS-09,C,XXXX,8,15,F,1,200109,1,"$36,483",0.7
ARCE,29,E,17,11,D,0110,1,GS-11,D,XXXX,8,15,F,1,200109,1,"$44,903",8.2
ARCE,48,F,17,13,G,0110,1,GS-13,F,XXXX,2,10,F,1,200109,1,"$69,206",21.2
ARCE,48,J,17,15,J,0110,1,GM-15,K,XXXX,2,10,F,1,200109,1,"$111,740",40.4
ARCE,11,H,13,15,H,0110,1,GS-15,J,XXXX,8,10,F,1,200109,1,"$105,437",27.0
ARCE,48,E,17,12,D,0110,1,GS-12,F,XXXX,8,10,F,1,200109,1,"$60,006",9.4
ARCE,48,H,17,11,H,0110,1,GS-11,F,XXXX,8,10,F,1,200109,1,"$61,019",25.3
ARCE,27,H,17,12,E,0110,1,GS-12,F,XXXX,8,10,F,1,200109,1,"$60,280",11.7
ARCE,27,E,08,12,E,0110,1,GS-12,F,XXXX,8,10,F,1,200109,1,"$62,053",14.6
ARCE,51,F,13,14,F,0110,1,GS-14,G,XXXX,8,10,F,1,200109,1,"$74,697",17.8
ARCE,31,I,14,12,G,0110,1,GS-12,F,XXXX,8,10,F,1,200109,1,"$67,500",23.4
ARCE,40,G,13,12,G,0110,1,GS-12,F,XXXX,8,10,F,1,200109,1,"$62,309",24.6
ARCE,05,I,13,12,G,0110,1,GS-12,F,XXXX,8,10,F,1,200109,1,"$64,039",23.2
ARCE,48,I,17,12,H,0110,1,GS-12,F,XXXX,8,10,F,1,200109,1,"$68,773",26.7
ARCE,29,I,17,12,I,0110,1,GS-12,F,XXXX,8,10,F,1,200109,1,"$64,420",30.5
ARCE,11,H,13,15,H,0110,1,GS-15,J,XXXX,2,10,F,1,200109,1,"$105,437",26.5
ARCE,29,F,13,12,F,0110,1,GS-12,E,XXXX,8,10,F,1,200109,1,"$59,198",18.1
ARCE,24,H,13,12,G,0110,1,GS-12,F,XXXX,8,10,P,2,200109,1,"$63,785",24.9
ARCE,29,H,13,12,F,0110,1,GS-12,F,XXXX,8,10,P,2,200109,1,"$62,679",19.2
ARCE,06,I,17,13,G,0110,1,GS-13,G,XXXX,8,15,F,1,200109,1,"$71,967",23.7
ARCE,51,F,14,13,F,0110,1,GS-13,G,XXXX,8,10,F,1,200109,1,"$75,857",16.7
ARCE,31,G,14,13,E,0110,1,GS-13,F,XXXX,2,10,F,1,200109,1,"$67,926",10.9
ARCE,05,K,21,12,H,0110,1,GS-12,F,XXXX,8,10,F,1,200109,1,"$67,500",28.2
ARCE,29,E,14,13,E,0110,1,GS-13,F,XXXX,2,10,F,1,200109,1,"$68,127",12.2
ARCE,36,H,13,12,H,0110,1,GS-12,G,XXXX,8,10,F,1,200109,1,"$71,224",29.0
ARCE,48,J,18,14,J,0110,1,GS-14,I,XXXX,7,10,F,1,200109,1,"$94,172",37.0
ARCE,12,H,14,12,I,0110,1,GS-12,F,XXXX,8,10,F,1,200109,1,"$67,500",31.3
ARCE,53,E,13,12,E,0110,1,GS-12,F,XXXX,8,10,F,1,200109,1,"$62,137",11.7
ARCE,53,J,13,12,I,0110,1,GS-12,F,XXXX,8,10,F,1,200109,1,"$69,237",30.2
ARCE,53,I,17,12,I,0110,1,GS-12,F,XXXX,8,10,F,1,200109,1,"$69,237",31.2
ARCE,53,F,04,12,F,0110,1,GS-12,E,XXXX,8,10,F,1,200109,1,"$57,118",15.1
ARCE,41,H,13,13,H,0110,1,GS-13,H,XXXX,2,10,F,1,200109,1,"$82,247",27.7
ARCE,41,F,13,13,F,0110,1,GS-13,H,XXXX,8,10,F,1,200109,1,"$82,247",19.9
ARCE,41,H,14,12,H,0110,1,GS-12,F,XXXX,8,10,F,1,200109,1,"$67,382",28.9
ARCE,06,F,13,11,F,0110,1,GS-11,E,XXXX,8,10,F,1,200109,1,"$53,686",16.1
ARCE,41,D,13,12,E,0110,1,GS-12,E,XXXX,8,10,F,1,200109,1,"$58,518",12.3
ARCE,06,D,17,12,D,0110,1,GS-12,F,XXXX,8,10,F,1,200109,1,"$66,180",8.0
ARCE,01,H,14,13,G,0110,1,GS-13,G,XXXX,6,10,F,1,200109,1,"$78,220",21.2
ARCE,51,I,18,15,I,0110,1,GM-15,K,XXXX,4,10,F,1,200109,1,"$114,224",33.1
ARCE,06,E,17,12,D,0110,1,GS-12,E,XXXX,8,10,F,1,200109,1,"$58,736",9.2
ARCE,06,D,13,11,C,0110,1,GS-11,D,XXXX,8,10,F,1,200109,1,"$46,038",3.8
ARCE,06,E,13,13,E,0110,1,GS-13,G,XXXX,8,10,F,1,200109,1,"$76,519",12.9
ARCE,06,F,07,04,G,0119,3,GS-04,B,XXXX,8,30,F,1,200109,1,"$27,537",24.7
ARCE,48,E,13,12,E,0110,1,GS-12,F,XXXX,8,10,F,1,200109,1,"$63,756",12.9
ARCE,40,I,17,12,H,0110,1,GS-12,F,XXXX,8,10,F,1,200109,1,"$67,500",27.4
ARCE,41,G,13,15,H,0110,1,GS-15,J,XXXX,2,10,F,1,200109,1,"$102,592",27.8
ARCE,06,F,13,11,C,0110,1,GS-11,D,XXXX,8,10,F,1,200109,1,"$46,038",3.6
ARCE,06,H,17,13,G,0110,1,GS-13,H,XXXX,8,10,F,1,200109,1,"$82,739",24.4
ARCE,41,G,17,15,F,0110,1,GS-15,I,XXXX,2,10,F,1,200109,1,"$93,798",18.4
ARCE,53,E,13,14,F,0110,1,GS-14,G,XXXX,2,10,F,1,200109,1,"$79,837",16.8
ARCE,02,D,13,12,D,0110,1,GS-12,E,XXXX,8,10,F,1,200109,1,"$53,044",9.2
ARCE,15,F,13,12,G,0110,1,GS-12,E,XXXX,8,10,F,1,200109,1,"$54,651",20.0
ARCE,15,F,17,13,E,0110,1,GS-13,F,XXXX,8,10,F,1,200109,1,"$61,169",11.7
ARCE,06,D,14,11,C,0110,1,GS-11,D,XXXX,8,10,F,1,200109,1,"$46,038",4.7
ARCE,21,K,21,12,G,0110,1,GS-12,F,XXXX,8,10,F,1,200109,1,"$60,579",23.5
ARCE,11,H,14,14,H,0110,1,GS-14,I,XXXX,8,10,F,1,200109,1,"$92,128",29.8
ARCE,06,E,13,11,E,0110,1,GS-11,E,XXXX,8,10,P,2,200109,1,"$59,821",11.3
ARCE,RQ,I,18,13,H,0110,1,GS-13,G,XXXX,6,10,F,1,200109,1,"$74,553",26.1
ARCE,RQ,C,17,11,C,0110,1,GS-11,D,XXXX,8,15,F,1,200109,1,"$40,236",3.4
ARCE,11,H,16,14,H,0110,1,GS-14,H,XXXX,8,10,F,1,200109,1,"$87,148",28.8
ARCE,35,H,13,13,G,0110,1,GS-13,F,XXXX,4,10,F,1,200109,1,"$69,984",22.8
ARCE,35,D,13,12,D,0110,1,GS-12,E,XXXX,8,10,F,1,200109,1,"$53,657",9.4
ARCE,35,G,13,12,G,0110,1,GS-12,F,XXXX,8,10,F,1,200109,1,"$65,770",24.0
ARCE,47,H,17,12,G,0110,1,GS-12,F,XXXX,8,10,F,1,200109,1,"$65,770",23.2
ARCE,28,G,17,13,G,0110,1,GS-13,G,XXXX,2,10,F,1,200109,1,"$76,161",23.3
ARCE,47,G,17,12,G,0110,1,GS-12,F,XXXX,8,10,F,1,200109,1,"$67,500",20.8
ARJA,11,F,04,,B,0110,1,AD-00,I,XXXX,8,48,F,2,200109,1,"$91,919",2.2
ARJA,11,J,21,,F,0110,1,AD-00,J,XXXX,8,48,F,2,200109,1,"$101,745",17.4
ARJA,11,I,04,,I,0110,1,AD-00,K,XXXX,8,48,F,2,200109,1,"$114,224",30.8
ARJA,11,G,21,,G,0110,1,AD-00,I,XXXX,8,48,F,2,200109,1,"$98,583",20.5
ARJA,11,E,21,,B,0110,1,AD-00,I,XXXX,8,48,P,2,200109,1,"$92,264",2.1
ARJA,11,I,17,,A,0110,1,AD-00,I,XXXX,8,48,F,2,200109,1,"$98,583",0.2
ARJA,11,F,04,,E,0110,1,AD-00,K,XXXX,8,48,F,2,200109,1,"$114,224",11.2
ARJA,11,K,21,,H,0110,1,AD-00,K,XXXX,8,48,F,2,200109,1,"$112,804",27.5
ARJA,11,K,04,,B,0110,1,AD-00,H,XXXX,8,48,P,2,200109,1,"$87,524",2.1
ARMP,51,I,21,13,E,0110,1,GS-13,I,XXXX,4,10,F,1,200109,1,"$93,640",14.8
ARMT,51,J,20,15,I,0110,1,GM-15,K,XXXX,2,10,F,1,200109,1,"$114,224",32.0
ARMT,51,F,13,12,E,0110,1,GS-12,E,XXXX,8,10,F,1,200109,1,"$54,928",14.3
ARSB,51,F,14,12,D,0110,1,GS-12,F,XXXX,8,10,F,1,200109,1,"$60,242",9.6
ARX2,51,J,14,14,I,0110,1,GS-14,I,XXXX,8,10,F,1,200109,1,"$97,108",30.9
ARXA,24,E,13,12,F,0110,1,GS-12,F,XXXX,8,10,F,1,200109,1,"$63,785",15.5
BG00,11,H,17,13,H,0110,1,GS-13,H,XXXX,8,10,F,1,200109,1,"$82,180",28.9
BG00,11,I,21,15,H,0110,1,GS-15,J,XXXX,8,10,F,1,200109,1,"$108,366",27.0
BG00,11,F,17,13,E,0110,1,GS-13,G,XXXX,8,10,F,1,200109,1,"$73,749",13.2
BG00,11,F,13,13,D,0110,1,GS-13,F,XXXX,8,10,F,1,200109,1,"$63,211",5.2
BO00,11,G,21,15,F,0110,1,GS-15,J,XXXX,8,10,F,1,200109,1,"$105,437",16.1
BO00,11,K,21,15,I,0110,1,GS-15,K,XXXX,8,10,F,1,200109,1,"$114,224",30.8
BO00,11,D,18,13,Z,0110,1,GS-13,F,XXXX,8,15,F,1,200109,1,"$67,427",
BO00,11,J,22,15,H,0110,1,GS-15,K,XXXX,8,10,F,1,200109,1,"$114,224",28.8
BO00,11,I,21,15,F,0110,1,GS-15,J,XXXX,8,10,F,1,200109,1,"$108,366",17.5
BO00,11,H,17,15,H,0110,1,GS-15,K,XXXX,8,10,F,1,200109,1,"$114,224",26.5
BO00,11,I,21,15,G,0110,1,GS-15,K,XXXX,8,10,F,1,200109,1,"$114,224",22.7
BO00,11,J,20,,J,0110,1,ES-04,M,XXXX,2,50,F,1,200109,1,"$133,700",35.4
BO00,11,H,13,14,H,0110,1,GS-14,I,XXXX,8,10,F,1,200109,1,"$94,618",27.6
BO00,11,H,21,,H,0110,1,ES-04,M,XXXX,2,50,F,1,200109,1,"$133,700",29.1
BO00,11,F,18,15,F,0110,1,GS-15,K,XXXX,8,10,P,2,200109,1,"$114,224",17.9
BO00,11,G,17,15,F,0110,1,GS-15,K,XXXX,8,10,F,1,200109,1,"$114,224",18.3
BO00,11,G,13,15,G,0110,1,GS-15,J,XXXX,8,10,F,1,200109,1,"$105,437",22.7
BO00,11,H,13,15,I,0110,1,GS-15,K,XXXX,8,10,F,1,200109,1,"$114,224",32.1
BO00,11,J,21,15,H,0110,1,GS-15,K,XXXX,8,10,F,1,200109,1,"$114,224",28.4
BO00,11,I,21,15,H,0110,1,GS-15,K,XXXX,4,10,F,1,200109,1,"$114,224",28.8
BO00,11,I,21,15,H,0110,1,GS-15,K,XXXX,8,10,F,1,200109,1,"$111,295",26.8
BO00,11,I,17,15,H,0110,1,GS-15,K,XXXX,8,10,F,1,200109,1,"$114,224",28.1
BO00,11,H,21,15,F,0110,1,GS-15,J,XXXX,8,10,F,1,200109,1,"$108,366",15.1
BO00,11,G,21,15,G,0110,1,GS-15,K,XXXX,8,10,F,1,200109,1,"$114,224",22.1
BO00,11,I,14,15,H,0110,1,GS-15,K,XXXX,8,10,F,1,200109,1,"$114,224",25.1
BO00,11,I,18,15,I,0110,1,GS-15,K,XXXX,8,10,F,1,200109,1,"$114,224",32.0
BO00,11,F,21,15,Z,0110,1,GS-15,I,XXXX,8,15,F,1,200109,1,"$96,651",
BO00,11,D,21,12,B,0110,1,GS-12,E,XXXX,8,15,F,1,200109,1,"$54,928",2.2
CE00,11,C,17,,Z,0110,1,AD-00,D,XXXX,8,38,F,1,200109,1,"$42,500",
CE00,11,E,21,,Z,0110,1,AD-00,H,XXXX,8,38,F,1,200109,1,"$80,000",
CE00,11,B,17,,Z,0110,1,AD-00,D,XXXX,8,38,F,1,200109,1,"$40,000",
CE00,11,E,21,,Z,0110,1,AD-00,L,XXXX,8,38,F,1,200109,1,"$125,700",
CE00,11,D,19,,Z,0110,1,AD-00,D,XXXX,8,38,F,1,200109,1,"$40,000",
CE00,11,G,21,,G,0110,1,ES-01,L,XXXX,2,50,F,1,200109,1,"$120,261",21.3
CE00,11,D,21,,Z,0110,1,AD-00,H,XXXX,8,38,F,1,200109,1,"$80,000",
CE00,11,D,21,,Z,0110,1,AD-00,H,XXXX,8,38,F,1,200109,1,"$80,000",
CE00,11,B,18,,Z,0110,1,AD-00,D,XXXX,8,38,F,1,200109,1,"$40,000",
CE00,11,E,21,,Z,0110,1,AD-00,H,XXXX,8,38,F,1,200109,1,"$80,000",
CE00,11,C,14,,Z,0110,1,AD-00,D,XXXX,8,38,F,1,200109,1,"$40,000",
CM52,11,J,14,14,J,0110,1,GM-14,I,XXXX,5,10,F,1,200109,1,"$97,108",35.8
CM53,11,F,13,,G,0110,1,ZP-04,H,XXXX,8,10,F,1,200109,1,"$82,610",20.6
CM53,11,H,13,,G,0110,1,ZP-04,I,XXXX,2,10,F,1,200109,1,"$99,432",24.4
CM53,11,G,13,,G,0110,1,ZP-03,F,XXXX,8,10,P,2,200109,1,"$68,312",24.3
CM53,11,G,14,,G,0110,1,ES-01,L,XXXX,2,50,F,1,200109,1,"$120,261",24.9
CM53,11,J,14,,J,0110,1,ZP-05,J,XXXX,2,10,F,1,200109,1,"$109,725",41.0
CM53,11,I,21,,G,0110,1,ZP-04,G,XXXX,8,10,F,1,200109,1,"$79,989",20.3
CM53,11,B,13,,A,0110,1,ZP-02,C,XXXX,8,15,F,1,200109,1,"$32,963",0.3
CM53,11,G,17,,F,0110,1,ZP-04,H,XXXX,2,10,F,1,200109,1,"$87,830",18.3
CM53,11,C,13,,B,0110,1,ZP-03,D,XXXX,8,15,F,1,200109,1,"$45,984",2.1
CM53,11,H,17,,H,0110,1,ZP-04,H,XXXX,8,10,F,1,200109,1,"$85,886",29.1
CM53,11,C,,,A,0110,1,ZP-02,B,XXXX,8,20,F,2,200109,1,"$29,966",0.7
CM53,11,C,13,,A,0110,1,ZP-02,C,XXXX,8,15,F,1,200109,1,"$32,934",0.7
CM53,11,G,17,,G,0110,1,ZP-04,I,XXXX,2,10,F,1,200109,1,"$93,610",22.0
CM53,11,J,14,,I,0110,1,ES-04,M,XXXX,2,50,F,1,200109,1,"$133,700",30.3
CM53,11,E,17,,E,0110,1,ZP-03,E,XXXX,8,10,F,1,200109,1,"$59,907",11.7
CM53,11,I,21,,G,0110,1,ES-05,M,XXXX,2,50,F,1,200109,1,"$133,700",23.6
CM53,11,F,17,,E,0110,1,ZP-03,F,XXXX,8,10,F,1,200109,1,"$67,241",11.1
CM53,11,H,17,,H,0110,1,ZP-04,I,XXXX,8,10,F,1,200109,1,"$92,365",27.6
CM53,11,B,13,,A,0110,1,ZP-02,C,XXXX,8,15,F,1,200109,1,"$32,962",0.2
CM53,11,I,13,,H,0110,1,ZP-04,H,XXXX,8,10,F,1,200109,1,"$85,111",27.8
CM53,11,H,18,,G,0110,1,ZP-04,I,XXXX,8,10,F,1,200109,1,"$97,101",23.2
CM53,11,I,18,,H,0110,1,ZP-04,I,XXXX,8,10,F,1,200109,1,"$97,101",29.1
CM53,11,I,17,,F,0110,1,ZP-04,G,XXXX,8,10,P,2,200109,1,"$79,722",18.6
CM53,11,B,13,,A,0110,1,ZP-02,C,XXXX,8,15,F,1,200109,1,"$32,962",0.3
CM53,11,H,14,,I,0110,1,ZP-05,K,XXXX,2,10,F,1,200109,1,"$112,467",31.7
CM53,11,J,14,,J,0110,1,ZP-03,F,XXXX,8,10,F,1,200109,1,"$69,099",37.5
CM53,11,G,13,,H,0110,1,ZP-04,H,XXXX,8,10,F,1,200109,1,"$86,001",25.0
CM53,11,H,17,,G,0110,1,ZP-05,K,XXXX,2,10,F,1,200109,1,"$111,346",21.5
CM53,11,F,17,,F,0110,1,ZP-04,I,XXXX,2,10,F,1,200109,1,"$92,495",16.8
CM53,11,C,13,,C,0110,1,ZP-03,D,XXXX,8,15,F,1,200109,1,"$44,353",3.0
CM53,11,B,13,,B,0110,1,ZP-02,C,XXXX,8,15,F,1,200109,1,"$32,952",1.0
CM53,11,D,13,,D,0110,1,ZP-03,E,XXXX,8,10,F,1,200109,1,"$55,168",6.6
CM53,11,I,21,,G,0110,1,ZP-05,K,XXXX,8,10,F,1,200109,1,"$114,222",24.0
CM53,11,G,17,,G,0110,1,ZP-04,I,XXXX,8,10,F,1,200109,1,"$91,370",22.4
CM53,11,E,13,,E,0110,1,ZP-04,G,XXXX,8,10,F,1,200109,1,"$75,503",13.1
CM53,11,B,13,,B,0110,1,ZP-02,C,XXXX,8,15,F,1,200109,1,"$32,952",1.2
CM53,11,I,17,,G,0110,1,ZP-04,H,XXXX,8,10,F,1,200109,1,"$81,713",20.8
CM53,11,F,18,,F,0110,1,ZP-04,H,XXXX,8,10,F,1,200109,1,"$80,495",17.8
CM53,11,D,,,C,0110,1,ZP-03,F,XXXX,8,20,F,2,200109,1,"$69,099",4.3
CM53,11,F,13,,F,0110,1,ZP-03,E,XXXX,8,10,F,1,200109,1,"$55,021",16.6
CM53,11,K,13,,H,0110,1,ZP-03,F,XXXX,8,10,F,1,200109,1,"$63,446",28.1
CM53,11,H,13,,I,0110,1,ZP-05,L,XXXX,2,10,F,1,200109,1,"$121,007",31.2
CM53,11,C,14,,B,0110,1,ZP-02,C,XXXX,8,15,F,1,200109,1,"$36,334",1.0
CM53,11,B,13,,B,0110,1,ZP-02,C,XXXX,8,15,F,1,200109,1,"$32,952",1.3
CM53,11,H,17,,D,0110,1,ZP-03,E,XXXX,8,10,F,1,200109,1,"$52,621",5.5
CM53,11,B,13,,B,0110,1,ZP-02,C,XXXX,8,15,F,1,200109,1,"$32,952",1.3
CM53,11,D,13,,E,0110,1,ZP-03,E,XXXX,8,10,F,1,200109,1,"$59,088",10.3
CM53,11,F,13,,G,0110,1,ZP-03,F,XXXX,8,10,F,1,200109,1,"$67,078",20.9
CM53,11,G,13,,G,0110,1,ZP-04,I,XXXX,2,10,F,1,200109,1,"$96,013",24.6
CM53,11,C,14,,C,0110,1,ZP-03,E,XXXX,8,10,F,1,200109,1,"$53,707",4.2
CM53,11,I,17,,J,0110,1,ES-02,L,XXXX,2,50,F,1,200109,1,"$125,883",35.6
CM53,11,H,14,,H,0110,1,ZP-04,H,XXXX,8,10,F,1,200109,1,"$80,305",25.3
CM53,11,G,17,,H,0110,1,ZP-05,K,XXXX,8,10,F,1,200109,1,"$110,556",26.0
CM53,11,I,21,,G,0110,1,ZP-05,K,XXXX,8,10,F,1,200109,1,"$114,222",23.8
CM53,11,G,13,,G,0110,1,ZP-04,G,XXXX,8,10,F,1,200109,1,"$74,996",23.1
CM53,11,H,13,,F,0110,1,ZP-03,F,XXXX,8,10,F,1,200109,1,"$68,173",16.4
CM53,11,I,13,,H,0110,1,ZP-04,H,XXXX,8,10,F,1,200109,1,"$86,458",29.0
CM53,11,D,13,,E,0110,1,ZP-03,F,XXXX,8,10,F,1,200109,1,"$65,472",10.3
CM53,11,J,21,,H,0110,1,ZP-05,L,XXXX,2,10,F,1,200109,1,"$121,178",25.9
CM53,11,D,13,,E,0110,1,ZP-04,G,XXXX,8,10,F,1,200109,1,"$71,500",12.2
CM53,11,E,14,,D,0110,1,ZP-04,G,XXXX,8,10,F,1,200109,1,"$75,263",7.9
CM53,11,H,17,,H,0110,1,ZP-04,I,XXXX,2,10,F,1,200109,1,"$97,101",29.0
CM53,11,B,13,,A,0110,1,ZP-02,C,XXXX,8,15,F,1,200109,1,"$32,962",0.2
CM53,11,F,13,,F,0110,1,ZP-04,H,XXXX,8,10,F,1,200109,1,"$85,005",17.3
CM53,11,F,18,,D,0110,1,ZP-03,F,XXXX,8,10,F,1,200109,1,"$68,515",9.3
CM53,11,G,21,,G,0110,1,ZP-05,L,XXXX,2,10,F,1,200109,1,"$120,698",22.4
CM53,11,H,14,,G,0110,1,ZP-03,F,XXXX,8,10,F,1,200109,1,"$66,021",23.7
CM53,11,E,22,,B,0110,1,ZP-04,G,XXXX,8,15,F,1,200109,1,"$74,744",1.1
CM53,11,B,13,,B,0110,1,ZP-03,D,XXXX,8,15,F,1,200109,1,"$44,357",2.7
CM53,11,I,13,,I,0110,1,ZP-03,F,XXXX,8,10,F,1,200109,1,"$69,099",34.8
CM53,11,G,13,,H,0110,1,ZP-04,H,XXXX,8,10,F,1,200109,1,"$84,261",25.4
CM53,11,E,17,,E,0110,1,ZP-03,E,XXXX,8,10,F,1,200109,1,"$58,416",10.5
CM53,11,B,13,,A,0110,1,ZP-02,C,XXXX,8,15,F,1,200109,1,"$32,962",0.1
CM53,11,G,13,,F,0110,1,ZP-03,F,XXXX,8,10,F,1,200109,1,"$62,082",19.0
CM53,11,F,13,,F,0110,1,ZP-03,F,XXXX,8,10,F,1,200109,1,"$69,099",17.0
CM53,11,D,14,,B,0110,1,ZP-02,D,XXXX,8,15,F,1,200109,1,"$45,916",1.6
CM53,11,H,14,,G,0110,1,ZP-03,E,XXXX,8,10,F,1,200109,1,"$55,452",22.3
CM53,11,F,17,,C,0110,1,ZP-03,E,XXXX,8,10,F,1,200109,1,"$53,647",4.2
CM53,11,E,13,,E,0110,1,ZP-04,G,XXXX,8,10,F,1,200109,1,"$75,865",11.3
CM53,11,D,13,,D,0110,1,ZP-04,G,XXXX,2,10,F,1,200109,1,"$75,000",7.8
CM53,11,E,17,,D,0110,1,ZP-03,E,XXXX,8,10,F,1,200109,1,"$52,748",6.0
CM53,11,B,13,,B,0110,1,ZP-03,D,XXXX,8,15,F,1,200109,1,"$45,830",2.3
CM53,11,G,17,,H,0110,1,ES-02,L,XXXX,2,50,F,1,200109,1,"$125,883",28.9
CM53,11,H,13,,H,0110,1,ZP-04,I,XXXX,2,10,F,1,200109,1,"$98,334",26.0
CM53,11,G,13,,G,0110,1,ZP-04,H,XXXX,8,10,F,1,200109,1,"$88,065",23.4
CM53,11,B,13,,A,0110,1,ZP-02,C,XXXX,8,15,F,1,200109,1,"$32,962",0.3
CM53,11,E,13,,E,0110,1,ZP-03,F,XXXX,8,10,F,1,200109,1,"$64,991",10.9
CM53,11,B,11,,B,0110,1,ZP-03,D,XXXX,8,15,F,1,200109,1,"$46,570",2.7
CM53,11,C,13,,C,0110,1,ZP-03,D,XXXX,8,10,F,1,200109,1,"$45,158",3.8
CM53,11,B,14,,A,0110,1,ZP-02,C,XXXX,8,15,F,1,200109,1,"$38,000",0.2
CM53,11,H,17,,I,0110,1,ZP-05,L,XXXX,2,10,F,1,200109,1,"$121,178",31.8
CM53,11,E,13,,E,0110,1,ZP-04,G,XXXX,8,10,F,1,200109,1,"$70,595",10.4
CM53,11,G,13,,G,0110,1,ZP-04,I,XXXX,8,10,F,1,200109,1,"$97,101",23.7
CM53,11,C,13,,C,0110,1,ZP-03,D,XXXX,8,10,F,1,200109,1,"$48,142",4.3
CM53,11,B,13,,A,0110,1,ZP-02,C,XXXX,8,15,F,1,200109,1,"$32,962",0.3
CM53,11,I,21,,I,0110,1,ZP-05,K,XXXX,8,10,F,1,200109,1,"$114,222",30.1
CM53,11,G,13,,C,0110,1,ZP-03,D,XXXX,8,10,F,1,200109,1,"$45,700",3.3
CM53,11,D,13,,E,0110,1,ZP-04,G,XXXX,2,10,F,1,200109,1,"$73,592",10.5
CM53,11,D,13,,E,0110,1,ZP-04,G,XXXX,2,10,F,1,200109,1,"$78,000",10.2
CM53,11,E,13,,F,0110,1,ZP-04,G,XXXX,8,10,F,1,200109,1,"$74,926",15.0
CM53,11,J,13,,G,0110,1,ZP-03,F,XXXX,8,10,F,1,200109,1,"$63,329",22.3
CM53,11,G,13,,F,0110,1,ZP-03,F,XXXX,8,10,F,1,200109,1,"$65,548",18.7
CM53,11,H,21,,H,0110,1,ZP-03,F,XXXX,8,10,F,1,200109,1,"$69,099",26.3
CM53,11,D,13,,D,0110,1,ZP-03,F,XXXX,8,10,P,2,200109,1,"$63,020",8.3
CM53,11,B,13,,B,0110,1,ZP-03,D,XXXX,8,15,F,1,200109,1,"$46,570",2.3
CM53,11,B,13,,B,0110,1,ZP-03,D,XXXX,8,15,F,1,200109,1,"$45,000",1.8
CM53,11,H,13,,H,0110,1,ZP-03,E,XXXX,8,10,F,1,200109,1,"$59,022",26.6
CM53,11,C,13,,C,0110,1,ZP-03,D,XXXX,8,15,F,1,200109,1,"$44,353",3.1
CM53,11,E,13,,E,0110,1,ZP-03,F,XXXX,8,10,F,1,200109,1,"$67,782",13.8
CM53,11,I,21,,E,0110,1,ZP-04,G,XXXX,8,10,F,1,200109,1,"$75,457",10.7
CM53,11,G,17,,H,0110,1,ZP-04,I,XXXX,2,10,F,1,200109,1,"$95,939",26.6
CM53,11,C,13,,D,0110,1,ZP-03,E,XXXX,8,10,F,1,200109,1,"$59,404",7.3
CM53,11,H,17,,F,0110,1,ZP-03,F,XXXX,8,10,P,2,200109,1,"$67,986",18.4
CM53,11,D,18,,A,0110,1,ZP-03,F,XXXX,8,15,F,1,200109,1,"$65,000",0.3
CM53,11,H,13,,I,0110,1,ZP-04,I,XXXX,8,10,F,1,200109,1,"$97,101",30.8
CM53,11,J,14,,J,0110,1,ZP-03,F,XXXX,8,10,F,1,200109,1,"$69,099",36.3
CM53,11,G,21,,F,0110,1,ZP-05,J,XXXX,8,10,F,1,200109,1,"$108,801",16.3
CM53,11,D,17,,A,0110,1,ZP-03,D,XXXX,8,15,F,1,200109,1,"$44,352",0.8
CM53,11,G,14,,H,0110,1,ZP-04,G,XXXX,8,10,F,1,200109,1,"$76,000",25.9
CM53,11,H,17,,H,0110,1,ZP-05,K,XXXX,2,10,F,1,200109,1,"$110,178",25.1
CM53,11,B,13,,A,0110,1,ZP-02,C,XXXX,8,15,F,1,200109,1,"$32,962",0.2
CM53,11,B,13,,A,0110,1,ZP-02,C,XXXX,8,15,F,1,200109,1,"$32,962",0.3
CM53,11,D,13,,D,0110,1,ZP-03,F,XXXX,8,10,F,1,200109,1,"$62,607",7.1
CM53,11,H,05,,G,0110,1,ZP-03,D,XXXX,8,10,P,2,200109,1,"$47,573",21.8
CM53,11,G,13,,F,0110,1,ZP-03,E,XXXX,8,10,F,1,200109,1,"$56,299",18.3
CM53,11,G,17,,G,0110,1,ZP-03,F,XXXX,8,10,F,1,200109,1,"$64,432",21.8
CM53,11,F,13,,G,0110,1,ZP-03,F,XXXX,8,10,P,2,200109,1,"$69,099",21.2
CM53,11,F,17,,G,0110,1,ZP-04,I,XXXX,2,10,F,1,200109,1,"$92,756",24.3
CM53,11,I,13,,H,0110,1,ZP-04,H,XXXX,8,10,F,1,200109,1,"$82,296",26.2
CM53,11,H,17,,G,0110,1,ZP-05,I,XXXX,2,10,F,1,200109,1,"$95,139",21.6
CM53,11,D,13,,D,0110,1,ZP-03,F,XXXX,8,10,F,1,200109,1,"$66,917",9.9
CM53,11,D,17,,C,0110,1,ZP-03,D,XXXX,8,15,F,1,200109,1,"$44,353",3.3
CM53,11,H,14,,H,0110,1,ZP-03,F,XXXX,8,10,F,1,200109,1,"$65,402",27.3
CM53,11,F,17,,F,0110,1,ZP-04,H,XXXX,8,10,F,1,200109,1,"$81,140",19.0
CM53,11,H,13,,I,0110,1,ZP-04,H,XXXX,8,10,F,1,200109,1,"$86,032",32.7
CM53,11,H,13,,H,0110,1,ZP-05,K,XXXX,2,10,F,1,200109,1,"$116,944",29.0
CM53,11,D,14,,E,0110,1,ZP-03,D,XXXX,8,10,F,1,200109,1,"$44,353",10.3
CM53,11,F,13,,D,0110,1,ZP-03,E,XXXX,8,15,F,1,200109,1,"$50,023",6.4
CM53,11,E,17,,E,0110,1,ZP-04,H,XXXX,8,10,P,2,200109,1,"$83,986",10.3
CM53,11,E,14,,E,0110,1,ZP-04,G,XXXX,8,10,F,1,200109,1,"$71,072",11.3
CM53,11,E,17,,E,0110,1,ZP-04,G,XXXX,8,10,F,1,200109,1,"$72,805",12.1
CM53,11,E,17,,E,0110,1,ZP-04,H,XXXX,8,10,F,1,200109,1,"$81,332",14.9
CM53,11,H,13,,F,0110,1,ZP-04,G,XXXX,8,10,I,2,200109,1,"$73,618",17.8
CM53,11,G,21,,F,0110,1,ZP-04,I,XXXX,2,10,F,1,200109,1,"$97,284",18.8
CM53,11,G,13,,H,0110,1,ZP-04,I,XXXX,2,10,F,1,200109,1,"$94,200",27.8
CM53,11,B,14,,A,0110,1,ZP-02,C,XXXX,8,15,F,1,200109,1,"$32,963",0.5
CM53,11,D,17,,B,0110,1,ZP-03,F,XXXX,8,15,F,1,200109,1,"$62,123",2.3
CM53,11,F,14,,C,0110,1,ZP-03,D,XXXX,8,10,F,1,200109,1,"$48,757",4.0
CM53,11,I,21,,H,0110,1,ZP-05,L,XXXX,2,10,F,1,200109,1,"$121,178",26.1
CM53,11,H,17,,H,0110,1,ZP-04,H,XXXX,8,10,F,1,200109,1,"$88,694",26.1
CM53,11,C,13,,C,0110,1,ZP-02,D,XXXX,8,15,F,1,200109,1,"$43,361",3.1
CM53,11,I,09,,J,0110,1,ZP-04,G,XXXX,8,10,F,1,200109,1,"$74,686",36.4
CM53,11,B,13,,B,0110,1,ZP-02,C,XXXX,8,15,F,1,200109,1,"$37,061",2.3
CM53,11,G,13,,H,0110,1,ZP-04,H,XXXX,8,10,P,2,200109,1,"$86,048",28.1
CM53,11,G,21,,E,0110,1,ZP-05,H,XXXX,2,10,F,1,200109,1,"$88,240",14.0
CM53,11,D,14,,D,0110,1,ZP-04,G,XXXX,8,10,F,1,200109,1,"$70,686",8.0
CM53,11,H,21,,G,0110,1,ZP-05,L,XXXX,2,10,F,1,200109,1,"$121,178",22.3
CM53,11,G,17,,H,0110,1,ZP-05,K,XXXX,8,10,F,1,200109,1,"$110,420",25.8
CM53,11,B,13,,A,0110,1,ZP-02,C,XXXX,8,15,F,1,200109,1,"$35,000",0.2
CM53,11,D,17,,D,0110,1,ZP-04,F,XXXX,8,10,F,1,200109,1,"$68,515",8.1
CM53,11,F,14,,G,0110,1,ZP-04,H,XXXX,8,10,F,1,200109,1,"$80,777",21.3
CM53,11,H,21,,G,0110,1,ES-06,M,XXXX,2,50,F,1,200109,1,"$133,700",22.1
CM53,11,I,21,,H,0110,1,ZP-05,K,XXXX,2,10,F,1,200109,1,"$110,577",28.6
CM53,11,B,13,,A,0110,1,ZP-02,C,XXXX,8,15,F,1,200109,1,"$32,963",0.3
CM53,11,F,17,,E,0110,1,ZP-03,E,XXXX,8,38,F,1,200109,1,"$57,494",14.4
CM53,11,D,13,,D,0110,1,ZP-04,G,XXXX,8,10,F,1,200109,1,"$74,277",9.8
CM53,11,J,21,,H,0110,1,ZP-05,L,XXXX,2,10,F,1,200109,1,"$120,155",26.7
CM53,11,G,17,,G,0110,1,ZP-03,F,XXXX,8,10,F,1,200109,1,"$67,043",22.3
CM53,11,F,17,,E,0110,1,ZP-04,G,XXXX,8,10,F,1,200109,1,"$78,348",13.0
CM53,11,I,14,,I,0110,1,ZP-04,H,XXXX,8,10,F,1,200109,1,"$89,617",30.3
CM53,11,G,21,,A,0110,1,ZP-04,G,XXXX,8,15,F,1,200109,1,"$71,642",0.0
CM53,11,J,14,,J,0110,1,ZP-05,L,XXXX,2,10,F,1,200109,1,"$120,912",43.2
CM53,11,D,17,,D,0110,1,ZP-03,F,XXXX,8,10,F,1,200109,1,"$63,165",7.0
CM53,11,F,13,,F,0110,1,ZP-04,G,XXXX,8,10,F,1,200109,1,"$74,461",17.6
CM53,11,G,17,,E,0110,1,ZP-04,H,XXXX,8,10,F,1,200109,1,"$81,518",14.6
CM53,11,B,13,,A,0110,1,ZP-02,C,XXXX,8,15,F,1,200109,1,"$32,963",0.3
CM53,11,D,13,,E,0110,1,ZP-03,F,XXXX,8,10,F,1,200109,1,"$61,422",11.1
CM53,11,D,17,,C,0110,1,ZP-02,C,XXXX,8,15,F,1,200109,1,"$37,795",3.9
CM53,11,B,13,,A,0110,1,ZP-02,C,XXXX,8,15,F,1,200109,1,"$32,963",0.3
CM53,11,E,13,,E,0110,1,ZP-03,F,XXXX,8,10,F,1,200109,1,"$63,786",10.8
CM53,11,E,13,,E,0110,1,ZP-03,F,XXXX,8,10,F,1,200109,1,"$60,945",14.1
CM53,11,C,13,,A,0110,1,ZP-03,E,XXXX,8,15,F,1,200109,1,"$50,000",0.3
CM53,11,D,14,,D,0110,1,ZP-03,F,XXXX,8,10,F,1,200109,1,"$60,121",6.9
CM53,11,H,17,,I,0110,1,ZP-04,I,XXXX,2,10,F,1,200109,1,"$96,122",31.6
CM53,11,F,13,,F,0110,1,ZP-05,I,XXXX,2,10,F,1,200109,1,"$97,247",17.0
CM53,11,E,13,,E,0110,1,ZP-03,D,XXXX,8,10,F,1,200109,1,"$46,715",10.3
CM53,11,K,17,,G,0110,1,ZP-03,E,XXXX,8,10,F,1,200109,1,"$57,240",23.4
CM53,11,H,13,,I,0110,1,ZP-04,J,XXXX,2,10,F,1,200109,1,"$103,015",30.9
CM53,11,H,19,,G,0110,1,ZP-03,F,XXXX,8,10,F,1,200109,1,"$60,470",22.6
CM53,11,C,17,,A,0110,1,ZP-02,C,XXXX,8,15,F,1,200109,1,"$36,656",0.4
CM53,11,C,13,,C,0110,1,ZP-03,D,XXXX,8,15,F,1,200109,1,"$44,352",3.1
CM53,11,I,21,,H,0110,1,ES-04,M,XXXX,2,50,F,1,200109,1,"$133,700",26.0
CM53,11,J,14,,J,0110,1,ZP-05,J,XXXX,8,10,F,1,200109,1,"$109,429",38.3
CM53,11,G,13,,G,0110,1,ZP-03,F,XXXX,8,10,F,1,200109,1,"$69,099",22.3
CM53,11,B,11,,A,0110,1,ZP-02,C,XXXX,8,15,F,1,200109,1,"$32,963",0.5
CM53,11,D,13,,D,0110,1,ZP-04,G,XXXX,8,10,F,1,200109,1,"$74,700",9.9
CM53,11,I,17,,H,0110,1,ZP-04,I,XXXX,8,10,F,1,200109,1,"$97,101",28.4
CM53,11,J,17,,I,0110,1,ZP-04,I,XXXX,8,10,F,1,200109,1,"$97,101",31.8
CM53,11,I,17,,H,0110,1,ZP-04,I,XXXX,8,10,F,1,200109,1,"$95,532",27.5
CM53,11,C,13,,D,0110,1,ZP-03,F,XXXX,8,10,F,1,200109,1,"$62,254",6.3
CM53,11,F,17,,E,0110,1,ZP-03,F,XXXX,8,10,F,1,200109,1,"$65,965",10.3
CM53,11,E,18,,B,0110,1,ZP-03,F,XXXX,8,15,F,1,200109,1,"$69,099",2.0
CM53,11,I,18,,G,0110,1,ZP-04,I,XXXX,8,10,P,2,200109,1,"$97,101",23.0
CM53,11,J,21,,G,0110,1,ZP-04,H,XXXX,8,10,F,1,200109,1,"$88,993",24.3
CM53,11,H,21,,C,0110,1,ES-02,L,XXXX,2,50,F,1,200109,1,"$125,883",4.1
CM53,11,I,13,,H,0110,1,ZP-04,G,XXXX,8,10,F,1,200109,1,"$74,944",27.4
CM53,11,D,14,,E,0110,1,ZP-03,F,XXXX,8,10,F,1,200109,1,"$65,028",10.3
CM53,11,G,17,,F,0110,1,ES-03,M,XXXX,2,50,F,1,200109,1,"$131,615",16.8
CM53,11,G,21,,E,0110,1,ZP-04,H,XXXX,8,10,F,1,200109,1,"$81,163",13.2
CM53,11,I,17,,I,0110,1,ZP-04,H,XXXX,8,10,F,1,200109,1,"$83,725",33.7
CM53,11,H,14,,G,0110,1,ZP-05,K,XXXX,2,10,F,1,200109,1,"$113,679",24.5
CM53,11,C,13,,B,0110,1,ZP-02,D,XXXX,8,15,F,1,200109,1,"$40,000",1.3
CM53,11,I,18,,H,0110,1,ZP-04,H,XXXX,8,10,F,1,200109,1,"$84,473",29.2
CM53,11,E,17,,E,0110,1,ZP-04,F,XXXX,8,10,F,1,200109,1,"$69,613",11.1
CM53,11,F,21,,B,0110,1,ZP-03,E,XXXX,8,15,F,1,200109,1,"$51,906",2.6
CM53,11,E,13,,E,0110,1,ZP-04,F,XXXX,8,10,F,1,200109,1,"$68,402",11.0
CM53,11,C,13,,B,0110,1,ZP-03,D,XXXX,8,15,F,1,200109,1,"$45,884",2.4
CM53,11,H,13,,I,0110,1,ZP-04,G,XXXX,8,10,F,1,200109,1,"$72,790",33.0
CM53,11,H,13,,H,0110,1,ZP-04,H,XXXX,8,10,F,1,200109,1,"$80,626",27.9
CM53,11,E,13,,E,0110,1,ZP-03,E,XXXX,8,10,F,1,200109,1,"$50,980",13.2
CM53,11,G,13,,H,0110,1,ZP-03,F,XXXX,8,10,F,1,200109,1,"$69,099",29.1
CM53,11,D,17,,E,0110,1,ZP-03,E,XXXX,8,10,F,1,200109,1,"$53,598",10.4
CM53,11,C,13,,C,0110,1,ZP-03,D,XXXX,8,15,F,1,200109,1,"$44,353",3.0
CM53,11,F,22,,A,0110,1,ZP-04,H,XXXX,8,15,F,1,200109,1,"$80,000",0.7
CM53,11,H,11,,I,0110,1,ZP-04,I,XXXX,2,10,F,1,200109,1,"$92,105",31.3
CM53,11,I,13,,F,0110,1,ZP-03,F,XXXX,8,10,F,1,200109,1,"$65,563",18.7
CM53,11,F,04,,H,0110,1,ZP-03,D,XXXX,8,10,F,1,200109,1,"$49,642",25.9
CM53,11,F,13,,F,0110,1,ZP-03,F,XXXX,8,10,F,1,200109,1,"$60,756",18.6
CM53,11,D,13,,D,0110,1,ZP-03,E,XXXX,8,10,F,1,200109,1,"$59,353",6.2
CM53,11,G,17,,C,0110,1,ZP-03,E,XXXX,8,15,F,1,200109,1,"$58,028",3.1
CM53,11,E,08,,F,0110,1,ZP-03,D,XXXX,8,10,F,1,200109,1,"$48,454",18.5
CM53,11,D,13,,E,0110,1,ZP-03,F,XXXX,8,10,F,1,200109,1,"$63,475",11.7
CM53,11,B,13,,A,0110,1,ZP-02,C,XXXX,8,15,F,1,200109,1,"$35,000",0.1
CM54,24,E,21,,D,0110,1,ZP-04,H,XXXX,8,10,F,1,200109,1,"$82,472",8.9
CM54,25,E,17,12,E,0110,1,GS-12,E,XXXX,8,10,F,1,200109,1,"$58,848",14.7
CM54,25,F,21,14,D,0110,1,GS-14,G,XXXX,8,10,F,1,200109,1,"$75,402",8.1
CM54,02,G,21,,B,0110,1,ZP-03,F,XXXX,8,15,F,1,200109,1,"$62,686",1.2
CM54,24,H,04,,C,0110,1,ZP-04,H,XXXX,8,10,F,1,200109,1,"$87,170",3.0
CM54,25,G,17,12,E,0110,1,GS-12,E,XXXX,8,10,F,1,200109,1,"$57,118",13.9
CM54,24,H,14,14,H,0110,1,GS-14,I,XXXX,8,10,F,1,200109,1,"$92,128",27.0
CM54,37,H,18,13,G,0110,1,GS-13,G,XXXX,8,10,F,1,200109,1,"$78,220",23.0
CM54,06,I,21,13,G,0110,1,GS-13,G,XXXX,8,10,F,1,200109,1,"$78,728",22.0
CM54,24,H,15,,E,0110,1,ZP-03,E,XXXX,8,10,F,1,200109,1,"$50,263",11.5
CM54,24,G,21,,H,0110,1,ZP-04,H,XXXX,8,10,F,1,200109,1,"$86,273",28.7
CM54,24,D,17,13,B,0110,1,GS-13,F,XXXX,8,15,F,1,200109,1,"$69,534",2.5
CM54,24,C,,,A,0110,1,ZP-02,C,XXXX,8,42,I,2,200109,1,"$37,794",0.8
CM54,25,J,21,14,G,0110,1,GS-14,H,XXXX,2,10,F,1,200109,1,"$82,699",22.6
CM54,25,G,21,14,E,0110,1,GS-14,H,XXXX,8,10,F,1,200109,1,"$82,699",14.2
CM54,24,I,21,,H,0110,1,ZP-05,K,XXXX,8,10,F,1,200109,1,"$113,809",28.3
CM54,25,D,17,12,D,0110,1,GS-12,E,XXXX,8,10,F,1,200109,1,"$57,118",9.2
CM54,25,E,17,12,E,0110,1,GS-12,E,XXXX,8,10,F,1,200109,1,"$57,118",10.6
CM54,24,G,21,14,F,0110,1,GS-14,H,XXXX,8,10,F,1,200109,1,"$89,638",15.8
CM54,24,E,13,12,E,0110,1,GS-12,F,XXXX,8,10,F,1,200109,1,"$60,242",13.9
CM54,24,E,21,,B,0110,1,ZP-04,F,XXXX,8,15,F,1,200109,1,"$67,516",2.5
CM54,45,F,17,13,G,0110,1,GS-13,F,XXXX,8,15,F,1,200109,1,"$67,926",22.6
CM54,06,E,21,12,B,0110,1,GS-12,F,XXXX,8,15,F,1,200109,1,"$60,171",2.5
CM54,24,G,20,14,F,0110,1,GS-14,H,XXXX,8,10,F,1,200109,1,"$89,638",15.6
CM54,24,E,18,13,E,0110,1,GS-13,F,XXXX,8,10,F,1,200109,1,"$69,534",10.2
CM54,53,G,21,,F,0110,1,ZP-04,I,XXXX,2,10,F,1,200109,1,"$93,140",17.2
CM54,12,D,21,12,A,0110,1,GS-12,E,XXXX,8,15,F,1,200109,1,"$53,571",0.0
CM54,15,H,18,14,F,0110,1,GS-14,H,XXXX,2,10,F,1,200109,1,"$81,319",19.8
CM54,12,E,21,13,C,0110,1,GS-13,F,XXXX,8,10,F,1,200109,1,"$67,926",3.6
CM54,24,D,13,12,B,0110,1,GS-12,F,XXXX,8,15,F,1,200109,1,"$65,556",1.1
CM54,24,C,17,12,C,0110,1,GS-12,E,XXXX,8,10,F,1,200109,1,"$58,470",3.3
CM54,12,G,21,13,E,0110,1,GS-13,G,XXXX,8,10,F,1,200109,1,"$72,043",12.6
CM54,24,D,14,,B,0110,1,ZP-04,F,XXXX,8,15,F,1,200109,1,"$63,211",2.2
CM54,53,E,21,12,C,0110,1,GS-12,F,XXXX,8,10,F,1,200109,1,"$60,362",3.0
CM54,53,I,21,15,H,0110,1,GM-15,K,XXXX,2,10,F,1,200109,1,"$114,452",25.7
CM54,53,H,21,,H,0110,1,ZP-04,H,XXXX,8,10,F,1,200109,1,"$89,413",26.4
CM54,53,G,21,13,E,0110,1,GS-13,G,XXXX,8,10,F,1,200109,1,"$71,785",14.3
CM54,25,I,21,,F,0110,1,ZP-04,H,XXXX,8,10,F,1,200109,1,"$83,642",17.8
CM54,53,C,21,12,A,0110,1,GS-12,E,XXXX,8,15,F,1,200109,1,"$56,812",0.5
CM54,06,H,17,13,G,0110,1,GS-13,G,XXXX,8,10,F,1,200109,1,"$78,265",23.2
CM54,06,J,21,,H,0110,1,ZP-04,I,XXXX,8,10,F,1,200109,1,"$91,098",25.9
CM54,12,K,21,13,I,0110,1,GS-13,H,XXXX,8,10,F,1,200109,1,"$80,279",32.2
CM54,06,H,18,14,G,0110,1,GS-14,H,XXXX,8,10,F,1,200109,1,"$88,002",22.4
CM54,24,E,17,14,E,0110,1,GS-14,H,XXXX,8,10,F,1,200109,1,"$89,638",13.7
CM54,53,I,21,14,F,0110,1,GS-14,I,XXXX,8,10,F,1,200109,1,"$92,312",19.4
CM54,02,F,18,,D,0110,1,ZP-04,F,XXXX,8,10,F,1,200109,1,"$61,309",8.8
CM55,11,D,17,12,A,0110,1,GS-12,E,XXXX,8,15,F,1,200109,1,"$53,156",0.5
CM55,11,I,17,13,J,0110,1,GM-13,H,XXXX,5,10,F,1,200109,1,"$82,180",35.2
CM55,11,I,13,15,I,0110,1,GM-15,K,XXXX,2,10,F,1,200109,1,"$114,224",34.4
CM55,11,G,17,13,F,0110,1,GS-13,G,XXXX,8,10,F,1,200109,1,"$73,749",15.7
CM55,11,H,14,14,I,0110,1,GS-14,I,XXXX,2,10,F,1,200109,1,"$97,108",33.3
CM55,11,J,21,13,G,0110,1,GS-13,H,XXXX,8,10,F,1,200109,1,"$83,252",23.1
CM55,11,H,17,15,H,0110,1,GS-15,K,XXXX,2,10,F,1,200109,1,"$114,224",26.9
CM55,11,G,13,14,H,0110,1,GS-14,I,XXXX,8,10,F,1,200109,1,"$97,108",26.3
CM55,11,E,13,15,F,0110,1,GS-15,I,XXXX,2,10,F,1,200109,1,"$96,651",15.0
CM55,11,J,17,13,J,0110,1,GS-13,H,XXXX,8,10,F,1,200109,1,"$82,180",36.3
CM55,11,J,17,13,J,0110,1,GM-13,H,XXXX,5,10,F,1,200109,1,"$82,180",39.0
CM55,11,I,17,12,H,0110,1,GS-12,F,XXXX,8,10,F,1,200109,1,"$62,013",27.5
CM55,11,I,14,13,F,0110,1,GS-13,G,XXXX,8,10,F,1,200109,1,"$73,749",19.9
CM55,11,I,14,15,J,0110,1,GS-15,K,XXXX,2,10,F,1,200109,1,"$114,224",36.7
CM55,11,I,21,13,I,0110,1,GS-13,H,XXXX,8,10,F,1,200109,1,"$82,180",30.6
CM55,11,E,17,13,E,0110,1,GS-13,G,XXXX,8,10,F,1,200109,1,"$71,642",13.7
CM55,11,I,21,15,G,0110,1,GS-15,K,XXXX,2,10,F,1,200109,1,"$114,224",22.9
CM55,11,H,17,13,G,0110,1,GS-13,G,XXXX,8,10,F,1,200109,1,"$71,642",22.3
CM55,11,E,13,13,F,0110,1,GS-13,G,XXXX,8,10,F,1,200109,1,"$71,642",15.0
CM55,11,I,21,14,I,0110,1,GM-14,I,XXXX,2,10,F,1,200109,1,"$97,108",32.8
CM55,11,F,16,13,C,0110,1,GS-13,F,XXXX,8,10,F,1,200109,1,"$63,211",3.2
CM55,11,E,17,12,D,0110,1,GS-12,E,XXXX,8,10,F,1,200109,1,"$53,156",6.7
CM55,11,I,17,15,I,0110,1,GS-15,J,XXXX,2,10,F,1,200109,1,"$102,508",32.2
CM55,11,H,14,13,I,0110,1,GS-13,G,XXXX,8,10,F,1,200109,1,"$77,965",32.3
CM55,11,F,21,14,E,0110,1,GM-14,I,XXXX,5,10,F,1,200109,1,"$94,618",14.2
CM55,11,H,17,15,I,0110,1,GM-15,K,XXXX,2,10,F,1,200109,1,"$114,224",32.3
CM55,11,J,13,13,I,0110,1,GM-13,H,XXXX,5,10,F,1,200109,1,"$82,180",33.9
CM55,11,F,17,13,F,0110,1,GS-13,G,XXXX,8,10,P,2,200109,1,"$71,642",15.8
CM55,11,G,13,13,H,0110,1,GM-13,H,XXXX,5,10,F,1,200109,1,"$82,180",28.1
CM55,11,G,13,13,H,0110,1,GS-13,H,XXXX,8,10,F,1,200109,1,"$82,180",26.1
CM55,11,I,17,14,I,0110,1,GM-14,I,XXXX,2,10,F,1,200109,1,"$97,108",31.5
CM55,11,G,17,15,G,0110,1,GS-15,J,XXXX,2,10,F,1,200109,1,"$105,437",23.3
CM55,11,D,17,12,C,0110,1,GS-12,E,XXXX,8,10,F,1,200109,1,"$54,928",3.3
CM55,11,H,10,14,H,0110,1,GS-14,H,XXXX,8,10,F,1,200109,1,"$87,148",28.0
CM55,11,D,17,14,E,0110,1,GS-14,G,XXXX,8,10,F,1,200109,1,"$77,187",11.0
CM55,11,E,14,13,E,0110,1,GS-13,G,XXXX,8,10,F,1,200109,1,"$75,857",10.1
CM55,11,I,13,12,I,0110,1,GS-12,F,XXXX,8,10,F,1,200109,1,"$67,327",30.4
CM55,11,I,13,15,I,0110,1,GS-15,J,XXXX,2,10,F,1,200109,1,"$105,437",34.6
CM55,11,I,17,13,H,0110,1,GM-13,H,XXXX,5,10,F,1,200109,1,"$82,180",27.0
CM55,11,K,21,14,J,0110,1,GM-14,I,XXXX,5,10,F,1,200109,1,"$97,108",40.5
CM55,11,J,17,12,H,0110,1,GS-12,F,XXXX,8,10,F,1,200109,1,"$65,556",25.4
CM55,11,I,21,13,H,0110,1,GM-13,H,XXXX,5,10,F,1,200109,1,"$82,180",28.0
CM55,11,D,17,12,C,0110,1,GS-12,E,XXXX,8,10,F,1,200109,1,"$53,156",4.4
CM55,11,J,17,12,H,0110,1,GS-12,F,XXXX,8,10,F,1,200109,1,"$69,099",28.7
CM55,11,I,17,13,I,0110,1,GM-13,H,XXXX,5,10,F,1,200109,1,"$82,180",31.5
CM55,11,B,13,09,B,0110,1,GS-09,C,XXXX,8,15,F,1,200109,1,"$36,656",1.2
CM55,11,F,13,13,F,0110,1,GM-13,H,XXXX,5,10,F,1,200109,1,"$82,180",15.8
CM55,11,I,18,14,I,0110,1,GS-14,H,XXXX,8,10,F,1,200109,1,"$87,148",31.6
CM55,11,G,17,14,G,0110,1,GS-14,H,XXXX,2,10,F,1,200109,1,"$89,638",23.1
CM55,11,I,18,14,I,0110,1,GS-14,I,XXXX,8,10,F,1,200109,1,"$97,108",30.8
CM55,11,J,13,14,H,0110,1,GM-14,I,XXXX,2,10,F,1,200109,1,"$97,108",25.5
CM55,11,D,17,13,D,0110,1,GS-13,F,XXXX,8,10,F,1,200109,1,"$69,534",8.8
CM55,11,H,21,15,G,0110,1,GS-15,J,XXXX,2,10,F,1,200109,1,"$102,508",24.7
CM55,11,J,17,15,I,0110,1,GM-15,K,XXXX,2,10,F,1,200109,1,"$114,224",31.0
CM55,11,H,17,13,I,0110,1,GM-13,H,XXXX,5,10,F,1,200109,1,"$82,180",30.3
CM55,11,I,17,15,I,0110,1,GM-15,K,XXXX,5,10,P,2,200109,1,"$111,642",30.9
CM55,11,J,21,15,G,0110,1,GM-15,K,XXXX,2,10,F,1,200109,1,"$114,224",23.3
CM55,11,H,14,14,H,0110,1,GS-14,H,XXXX,8,10,F,1,200109,1,"$87,148",29.0
CM55,11,J,18,15,J,0110,1,GM-15,K,XXXX,2,10,F,1,200109,1,"$114,224",41.2
CM55,11,E,13,13,E,0110,1,GS-13,G,XXXX,8,10,F,1,200109,1,"$71,642",14.4
CM55,11,H,17,14,I,0110,1,GM-14,I,XXXX,5,10,F,1,200109,1,"$97,108",30.4
CM55,11,H,21,14,E,0110,1,GS-14,H,XXXX,8,10,F,1,200109,1,"$89,638",13.2
CM55,11,C,17,14,D,0110,1,GS-14,G,XXXX,8,10,F,1,200109,1,"$74,697",5.3
CM55,11,I,17,13,J,0110,1,GM-13,H,XXXX,5,10,F,1,200109,1,"$82,180",35.2
CM55,11,F,17,14,F,0110,1,GS-14,I,XXXX,2,10,F,1,200109,1,"$92,128",17.6
CM55,11,D,17,14,D,0110,1,GS-14,G,XXXX,8,10,F,1,200109,1,"$79,678",7.3
CM55,11,C,16,12,C,0110,1,GS-12,E,XXXX,8,10,F,1,200109,1,"$54,928",3.5
CM55,11,K,14,13,J,0110,1,GM-13,H,XXXX,5,10,F,1,200109,1,"$82,180",37.3
CM55,11,F,17,14,E,0110,1,GS-14,H,XXXX,8,10,F,1,200109,1,"$87,148",14.0
CM55,11,F,17,13,F,0110,1,GS-13,H,XXXX,8,10,F,1,200109,1,"$80,072",15.0
CM55,11,F,17,14,G,0110,1,GS-14,I,XXXX,8,10,F,1,200109,1,"$92,128",21.4
CM55,11,J,17,13,G,0110,1,GM-13,H,XXXX,5,10,F,1,200109,1,"$80,081",24.2
CM55,11,D,17,12,D,0110,1,GS-12,E,XXXX,8,10,F,1,200109,1,"$53,156",6.1
CM55,11,G,18,13,G,0110,1,GM-13,H,XXXX,5,10,F,1,200109,1,"$82,180",21.3
CM55,11,G,16,13,H,0110,1,GM-13,H,XXXX,5,10,F,1,200109,1,"$82,180",26.8
CM55,11,I,17,15,I,0110,1,GM-15,K,XXXX,2,10,F,1,200109,1,"$114,224",31.5
CM55,11,I,17,13,H,0110,1,GM-13,H,XXXX,5,10,F,1,200109,1,"$82,180",29.8
CM55,11,F,17,13,F,0110,1,GS-13,G,XXXX,8,10,F,1,200109,1,"$73,749",16.8
CM55,11,C,14,12,C,0110,1,GS-12,E,XXXX,8,10,F,1,200109,1,"$53,156",3.3
CM56,51,J,17,15,D,0110,1,GS-15,J,XXXX,8,15,F,1,200109,1,"$105,437",8.2
CM56,51,E,13,13,E,0110,1,GS-13,F,XXXX,8,10,F,1,200109,1,"$69,534",10.8
CM57,24,I,17,,E,0110,1,ZP-05,K,XXXX,2,10,F,1,200109,1,"$117,594",12.2
CM57,24,D,17,,C,0110,1,ZP-04,F,XXXX,8,15,F,1,200109,1,"$65,920",4.2
CM57,24,H,21,,D,0110,1,ZP-04,I,XXXX,8,10,F,1,200109,1,"$97,040",7.3
CM57,24,E,21,,E,0110,1,ZP-04,H,XXXX,8,10,F,1,200109,1,"$85,348",10.1
CM57,24,H,17,,E,0110,1,ZP-04,I,XXXX,8,10,F,1,200109,1,"$97,108",13.9
CM57,24,E,18,,D,0110,1,ZP-04,H,XXXX,8,10,F,1,200109,1,"$87,280",7.2
CM57,24,E,,,B,0110,1,ZP-03,E,XXXX,8,20,F,2,200109,1,"$58,500",2.5
CM57,24,G,14,,E,0110,1,ZP-04,H,XXXX,8,10,F,1,200109,1,"$86,825",10.3
CM57,24,H,21,,I,0110,1,ZP-05,K,XXXX,8,10,F,1,200109,1,"$114,224",30.3
CM57,24,D,13,,E,0110,1,ZP-03,F,XXXX,8,10,F,1,200109,1,"$60,000",14.2
CM57,24,J,21,,F,0110,1,ZP-04,G,XXXX,8,10,F,1,200109,1,"$79,387",18.0
CM57,24,G,21,,C,0110,1,ZP-04,I,XXXX,2,15,F,1,200109,1,"$99,655",3.8
CM57,24,I,21,,I,0110,1,ZP-05,K,XXXX,8,10,F,1,200109,1,"$114,224",32.7
CM57,24,J,22,,H,0110,1,ZP-05,K,XXXX,8,10,F,1,200109,1,"$114,224",26.2
CM57,24,F,17,,G,0110,1,ZP-04,I,XXXX,8,10,F,1,200109,1,"$97,108",22.4
CM57,24,G,,,B,0110,1,ZP-02,D,XXXX,8,20,F,2,200109,1,"$41,686",2.3
CM57,24,G,17,,G,0110,1,ZP-05,K,XXXX,2,10,F,1,200109,1,"$111,801",21.9
CM57,24,F,17,,D,0110,1,ZP-04,I,XXXX,8,10,F,1,200109,1,"$92,315",6.4
CM57,24,E,17,,C,0110,1,ZP-04,G,XXXX,8,15,F,1,200109,1,"$73,300",3.8
CM57,24,H,18,,H,0110,1,ZP-05,J,XXXX,8,10,F,1,200109,1,"$105,558",29.0
CM57,24,D,18,,B,0110,1,ZP-03,E,XXXX,8,15,F,1,200109,1,"$56,832",2.6
CM57,24,J,,,B,0110,1,ZP-04,I,XXXX,8,20,F,2,200109,1,"$91,354",1.9
CM57,24,E,21,,C,0110,1,ZP-04,F,XXXX,8,15,F,1,200109,1,"$69,903",4.0
CM57,24,F,21,,D,0110,1,ZP-04,H,XXXX,8,10,F,1,200109,1,"$87,196",6.2
CM57,24,I,22,,I,0110,1,ZP-05,K,XXXX,2,10,F,1,200109,1,"$117,651",32.7
CM61,11,H,17,15,G,0110,1,GS-15,J,XXXX,8,10,F,1,200109,1,"$108,366",21.3
CM63,24,H,17,14,H,0110,1,GS-14,I,XXXX,8,10,F,1,200109,1,"$97,108",27.8
CM63,24,C,,09,A,0110,1,GS-09,C,XXXX,8,20,F,2,200109,1,"$36,656",0.9
CM63,24,F,17,12,F,0110,1,GS-12,F,XXXX,8,10,F,1,200109,1,"$63,785",19.2
CM63,24,D,17,13,C,0110,1,GS-13,F,XXXX,8,15,F,1,200109,1,"$69,534",4.2
CM63,24,I,18,14,E,0110,1,GM-14,I,XXXX,2,10,F,1,200109,1,"$92,128",14.0
CM63,24,I,,15,H,0110,1,GS-15,K,XXXX,8,20,F,2,200109,1,"$114,224",28.7
CM63,24,H,21,15,G,0110,1,GS-15,K,XXXX,8,10,F,1,200109,1,"$111,295",20.6
CM63,24,K,21,,H,0110,1,ES-05,M,XXXX,2,50,F,1,200109,1,"$133,700",27.8
CM63,24,F,04,13,E,0110,1,GS-13,F,XXXX,8,15,F,1,200109,1,"$65,319",11.7
CM63,24,D,14,13,C,0110,1,GS-13,F,XXXX,8,10,F,1,200109,1,"$63,211",3.1
CM63,37,D,18,12,B,0110,1,GS-12,E,XXXX,8,15,F,1,200109,1,"$51,927",1.3
CM63,24,C,,11,B,0110,1,GS-11,D,XXXX,8,20,F,2,200109,1,"$44,352",2.3
CM63,42,F,17,11,A,0110,1,GS-11,D,XXXX,8,15,F,1,200109,1,"$43,672",0.7
CM63,24,E,21,15,D,0110,1,GS-15,K,XXXX,8,10,F,1,200109,1,"$114,224",6.1
CM63,24,D,13,12,B,0110,1,GS-12,E,XXXX,8,15,F,1,200109,1,"$54,928",2.5
CM63,06,C,13,12,C,0110,1,GS-12,E,XXXX,8,15,F,1,200109,1,"$55,153",4.5
CM63,24,E,04,13,C,0110,1,GS-13,F,XXXX,8,15,F,1,200109,1,"$69,534",4.3
CM63,24,E,21,14,D,0110,1,GS-14,H,XXXX,8,10,F,1,200109,1,"$82,168",8.9
CM63,24,H,17,14,E,0110,1,GS-14,H,XXXX,8,10,F,1,200109,1,"$84,658",12.1
CM63,06,E,,12,B,0110,1,GS-12,E,XXXX,8,20,F,2,200109,1,"$58,828",2.0
CM63,24,C,,11,B,0110,1,GS-11,D,XXXX,8,20,F,2,200109,1,"$44,352",2.6
CM63,24,I,21,14,F,0110,1,GS-14,I,XXXX,8,10,F,1,200109,1,"$92,128",18.8
CM63,24,D,04,12,B,0110,1,GS-12,E,XXXX,8,15,F,1,200109,1,"$54,928",1.8
CM65,11,I,13,13,I,0110,1,GM-13,H,XXXX,5,10,F,1,200109,1,"$82,180",34.3
CM65,11,F,17,15,D,0110,1,GS-15,I,XXXX,8,10,P,2,200109,1,"$99,580",8.0
CM65,11,D,13,13,E,0110,1,GS-13,F,XXXX,8,10,F,1,200109,1,"$67,427",11.2
CM65,11,H,17,13,G,0110,1,GS-13,G,XXXX,8,10,F,1,200109,1,"$75,857",22.3
CM65,11,G,13,15,H,0110,1,GS-15,J,XXXX,8,10,F,1,200109,1,"$102,508",25.2
CM65,11,H,21,13,H,0110,1,GM-13,H,XXXX,5,10,F,1,200109,1,"$82,180",26.6
CM65,11,H,17,15,H,0110,1,GM-15,K,XXXX,5,10,F,1,200109,1,"$114,224",29.0
CM65,11,K,21,,H,0110,1,ES-04,M,XXXX,2,50,F,1,200109,1,"$133,700",25.8
CM65,11,F,17,15,F,0110,1,GS-15,I,XXXX,8,10,F,1,200109,1,"$90,793",17.4
CM65,11,G,17,15,D,0110,1,GS-15,I,XXXX,2,15,F,1,200109,1,"$96,651",6.8
CM65,11,K,13,15,J,0110,1,GM-15,K,XXXX,5,10,F,1,200109,1,"$114,224",36.0
CM65,11,I,21,15,I,0110,1,GM-15,K,XXXX,5,10,F,1,200109,1,"$114,224",30.7
CM65,11,J,21,,G,0110,1,ES-05,M,XXXX,2,50,F,1,200109,1,"$133,700",23.0
CM65,11,F,17,13,D,0110,1,GS-13,F,XXXX,8,10,F,1,200109,1,"$69,534",9.3
CM65,11,H,18,15,G,0110,1,GM-15,K,XXXX,5,10,F,1,200109,1,"$111,180",23.2
CM65,11,I,,,A,0110,1,EX-03,M,XXXX,2,46,F,2,200109,1,"$133,700",0.3
CM65,11,I,21,14,D,0110,1,GS-14,H,XXXX,8,10,F,1,200109,1,"$82,168",9.9
CM65,11,I,17,15,I,0110,1,GM-15,K,XXXX,5,10,F,1,200109,1,"$114,224",34.3
CM65,11,G,12,14,G,0110,1,GS-14,H,XXXX,8,10,F,1,200109,1,"$87,148",21.8
CM65,11,D,17,14,D,0110,1,GS-14,H,XXXX,8,10,F,1,200109,1,"$82,168",6.6
CT00,11,H,17,14,G,0110,1,GM-14,I,XXXX,5,10,F,1,200109,1,"$90,891",23.3
CT00,36,C,13,12,C,0110,1,GS-12,E,XXXX,8,10,F,1,200109,1,"$58,443",4.7
CT00,11,G,13,13,G,0110,1,GS-13,H,XXXX,8,10,F,1,200109,1,"$82,180",22.9
CT00,36,F,13,12,F,0110,1,GS-12,F,XXXX,8,10,F,1,200109,1,"$65,746",19.8
CT00,36,H,13,12,I,0110,1,GS-12,F,XXXX,8,10,F,1,200109,1,"$65,746",33.8
CT00,36,H,17,13,G,0110,1,GM-13,H,XXXX,5,10,F,1,200109,1,"$83,627",20.9
CT00,36,H,18,15,H,0110,1,GS-15,J,XXXX,2,10,F,1,200109,1,"$108,680",27.3
CT00,36,E,17,13,E,0110,1,GS-13,G,XXXX,8,10,F,1,200109,1,"$71,673",10.5
CT00,11,F,17,15,E,0110,1,GS-15,I,XXXX,8,10,F,1,200109,1,"$99,580",14.5
CT00,36,E,17,13,E,0110,1,GS-13,G,XXXX,8,10,F,1,200109,1,"$76,017",13.4
CT00,36,B,17,09,A,0110,1,GS-09,D,XXXX,8,15,F,1,200109,1,"$41,560",0.7
CT00,17,G,13,13,G,0110,1,GM-13,H,XXXX,5,10,F,1,200109,1,"$81,010",22.6
CT00,11,D,21,13,C,0110,1,GS-13,F,XXXX,8,10,F,1,200109,1,"$65,319",3.9
CT00,11,F,17,14,F,0110,1,GS-14,H,XXXX,2,10,F,1,200109,1,"$84,658",15.3
CT00,11,G,17,13,F,0110,1,GS-13,G,XXXX,8,10,F,1,200109,1,"$75,857",18.7
CT00,11,E,13,13,E,0110,1,GS-13,G,XXXX,8,10,F,1,200109,1,"$71,642",10.5
CT00,11,H,17,,H,0110,1,ES-02,L,XXXX,2,60,F,2,200109,1,"$125,883",27.3
CT00,29,H,17,13,H,0110,1,GM-13,G,XXXX,5,10,F,1,200109,1,"$76,622",29.8
CT00,17,F,13,12,F,0110,1,GS-12,F,XXXX,8,10,F,1,200109,1,"$67,203",17.2
CT00,17,D,15,12,D,0110,1,GS-12,F,XXXX,8,10,F,1,200109,1,"$61,756",7.3
CT00,17,H,17,15,I,0110,1,GS-15,K,XXXX,8,10,F,1,200109,1,"$117,094",30.3
CT00,11,I,17,,I,0110,1,ES-06,M,XXXX,2,50,F,1,200109,1,"$133,700",33.2
CT00,17,I,13,13,I,0110,1,GS-13,H,XXXX,8,10,F,1,200109,1,"$84,245",32.6
CT00,17,G,17,12,E,0110,1,GS-12,F,XXXX,8,10,F,1,200109,1,"$67,203",13.3
CT00,17,H,17,12,H,0110,1,GS-12,G,XXXX,8,10,F,1,200109,1,"$70,835",27.5
CT00,11,F,17,13,D,0110,1,GS-13,G,XXXX,8,10,F,1,200109,1,"$73,749",9.8
CT00,11,I,17,13,H,0110,1,GS-13,H,XXXX,8,10,F,1,200109,1,"$82,180",26.0
CT00,17,E,17,12,B,0110,1,GS-12,E,XXXX,8,15,F,1,200109,1,"$54,492",2.7
CT00,17,E,13,12,E,0110,1,GS-12,F,XXXX,8,10,F,1,200109,1,"$63,572",11.1
CT00,11,J,21,15,H,0110,1,GS-15,K,XXXX,2,10,F,1,200109,1,"$114,224",26.8
CT00,11,C,17,13,C,0110,1,GS-13,F,XXXX,8,10,F,1,200109,1,"$63,211",4.8
CT00,17,H,17,13,H,0110,1,GS-13,H,XXXX,8,10,F,1,200109,1,"$84,245",27.3
CT00,17,H,17,15,C,0110,1,GS-15,K,XXXX,2,10,F,1,200109,1,"$114,092",4.3
CT00,11,H,17,14,H,0110,1,GM-14,I,XXXX,2,10,F,1,200109,1,"$97,108",29.2
CT00,11,I,18,13,G,0110,1,GS-13,G,XXXX,8,10,F,1,200109,1,"$77,965",23.7
CT00,11,H,17,15,H,0110,1,GS-15,K,XXXX,8,10,F,1,200109,1,"$114,224",26.8
DD01,51,I,21,15,E,0110,1,GM-15,K,XXXX,5,10,F,1,200109,1,"$114,224",14.2
DD01,51,E,21,,C,0110,1,ES-02,L,XXXX,2,50,F,1,200109,1,"$125,883",4.8
DD01,51,I,17,15,E,0110,1,GM-15,K,XXXX,5,10,F,1,200109,1,"$114,224",12.9
DD01,51,H,17,15,E,0110,1,GM-15,K,XXXX,5,10,F,1,200109,1,"$113,107",10.5
DD07,51,H,17,13,H,0110,1,GS-13,H,XXXX,8,10,F,1,200109,1,"$82,180",28.2
DD07,51,H,18,14,I,0110,1,GS-14,I,XXXX,8,10,F,1,200109,1,"$97,108",32.4
DD07,51,E,14,13,E,0110,1,GS-13,F,XXXX,8,10,F,1,200109,1,"$63,211",11.9
DD07,51,I,13,07,G,0119,3,GS-07,C,XXXX,8,10,F,1,200109,1,"$38,954",22.5
DD48,51,J,21,13,F,0110,1,GS-13,H,XXXX,8,10,F,1,200109,1,"$80,072",17.5
DD63,42,E,13,13,E,0110,1,GS-13,G,XXXX,8,10,F,1,200109,1,"$74,131",11.9
DJ01,11,H,17,13,H,0110,1,GS-13,H,XXXX,8,10,F,1,200109,1,"$82,180",29.0
DJ01,11,H,21,15,G,0110,1,GS-15,K,XXXX,8,10,F,1,200109,1,"$111,295",24.2
DJ01,11,E,15,15,D,0110,1,GS-15,I,XXXX,8,10,F,1,200109,1,"$99,580",6.2
DJ01,11,G,17,,F,0110,1,ES-02,L,XXXX,2,50,F,1,200109,1,"$125,883",18.9
DJ01,11,E,21,14,D,0110,1,GS-14,G,XXXX,8,10,F,1,200109,1,"$77,187",9.3
DJ01,11,E,17,15,D,0110,1,GS-15,J,XXXX,8,10,F,1,200109,1,"$105,437",5.3
DJ01,11,H,18,15,G,0110,1,GS-15,K,XXXX,8,10,P,2,200109,1,"$114,224",24.1
DJ01,11,H,20,15,H,0110,1,GS-15,J,XXXX,8,10,F,1,200109,1,"$108,366",27.3
DJ01,11,H,21,15,H,0110,1,GS-15,K,XXXX,8,10,F,1,200109,1,"$114,224",27.3
DJ01,11,G,21,15,E,0110,1,GS-15,K,XXXX,8,10,F,1,200109,1,"$111,295",10.2
DJ01,11,F,22,14,B,0110,1,GS-14,H,XXXX,8,15,F,1,200109,1,"$87,148",2.7
DJ01,11,D,21,15,C,0110,1,GS-15,H,XXXX,8,15,F,1,200109,1,"$87,864",3.0
DJ01,11,D,21,14,B,0110,1,GS-14,H,XXXX,8,15,F,1,200109,1,"$84,658",2.9
DJ01,11,G,17,15,D,0110,1,GS-15,I,XXXX,8,10,F,1,200109,1,"$99,580",9.0
DJ01,11,E,19,15,E,0110,1,GS-15,J,XXXX,8,10,F,1,200109,1,"$108,366",11.0
DJ01,11,C,21,12,A,0110,1,GS-12,F,XXXX,8,15,F,1,200109,1,"$69,099",0.0
DJ01,11,H,15,15,G,0110,1,GS-15,K,XXXX,8,10,F,1,200109,1,"$114,224",24.8
DJ01,11,F,21,15,D,0110,1,GS-15,I,XXXX,8,10,F,1,200109,1,"$99,580",6.9
DJ01,11,D,21,13,B,0110,1,GS-13,G,XXXX,8,15,F,1,200109,1,"$73,749",2.0
DJ01,11,D,21,14,B,0110,1,GS-14,H,XXXX,8,15,F,1,200109,1,"$87,148",1.9
DJ01,11,D,21,15,C,0110,1,GS-15,I,XXXX,8,10,F,1,200109,1,"$90,793",3.1
DJ01,11,H,17,15,G,0110,1,GS-15,K,XXXX,8,10,F,1,200109,1,"$114,224",22.3
DJ01,11,H,21,,H,0110,1,ES-04,M,XXXX,2,50,F,1,200109,1,"$133,700",26.7
DJ01,11,D,21,15,D,0110,1,GS-15,I,XXXX,2,10,F,1,200109,1,"$99,580",7.2
DJ01,11,H,22,15,E,0110,1,GS-15,K,XXXX,8,10,F,1,200109,1,"$114,224",13.8
DJ01,11,D,17,14,C,0110,1,GS-14,I,XXXX,8,10,F,1,200109,1,"$92,128",4.2
DJ01,11,H,15,15,G,0110,1,GS-15,L,XXXX,8,10,F,1,200109,1,"$125,564",24.4
DJ01,11,G,21,15,G,0110,1,GM-15,K,XXXX,2,10,F,1,200109,1,"$114,224",23.9
DJ01,11,D,21,15,D,0110,1,GS-15,I,XXXX,8,10,F,1,200109,1,"$96,651",6.1
DJ01,11,D,21,13,B,0110,1,GS-13,G,XXXX,8,15,F,1,200109,1,"$73,749",2.0
DJ01,11,E,17,15,D,0110,1,GS-15,I,XXXX,8,10,F,1,200109,1,"$99,580",6.2
DJ01,11,I,17,15,D,0110,1,GS-15,K,XXXX,8,10,F,1,200109,1,"$114,224",8.2
DJ01,11,H,21,15,H,0110,1,GS-15,K,XXXX,8,10,F,1,200109,1,"$114,224",29.4
DJ01,11,D,21,15,D,0110,1,GS-15,I,XXXX,8,10,F,1,200109,1,"$96,651",5.2
DJ01,17,H,21,15,E,0110,1,GS-15,K,XXXX,8,10,F,1,200109,1,"$114,092",14.8
DJ01,11,F,21,15,F,0110,1,GS-15,K,XXXX,8,10,P,2,200109,1,"$111,295",17.9
DJ01,11,G,16,,F,0110,1,ES-04,M,XXXX,2,50,F,1,200109,1,"$133,700",16.0
DJ01,11,E,21,15,C,0110,1,GS-15,I,XXXX,8,15,F,1,200109,1,"$93,722",3.0
DJ01,11,K,14,15,J,0110,1,GM-15,K,XXXX,2,10,F,1,200109,1,"$114,224",39.3
DJ01,11,G,21,15,C,0110,1,GS-15,J,XXXX,8,10,F,1,200109,1,"$108,366",4.0
DJ01,11,E,21,15,D,0110,1,GS-15,I,XXXX,8,10,F,1,200109,1,"$99,580",6.2
DJ01,11,G,21,15,E,0110,1,GS-15,K,XXXX,8,10,F,1,200109,1,"$111,295",11.8
DJ01,11,E,17,14,C,0110,1,GS-14,H,XXXX,8,10,F,1,200109,1,"$84,658",3.3
DJ01,11,D,22,13,B,0110,1,GS-13,F,XXXX,8,15,F,1,200109,1,"$69,534",1.0
DJ01,11,H,21,15,H,0110,1,GS-15,K,XXXX,8,10,F,1,200109,1,"$114,224",25.0
DJ01,11,D,21,12,A,0110,1,GS-12,F,XXXX,8,15,F,1,200109,1,"$63,785",0.1
DJ01,11,I,21,15,H,0110,1,GS-15,K,XXXX,8,10,F,1,200109,1,"$111,295",26.0
DJ01,11,D,17,15,C,0110,1,GS-15,I,XXXX,8,10,F,1,200109,1,"$90,793",4.3
DJ01,11,I,21,15,F,0110,1,GM-15,K,XXXX,2,10,F,1,200109,1,"$111,295",18.9
DJ01,06,I,21,15,H,0110,1,GS-15,L,XXXX,8,10,F,1,200109,1,"$121,218",29.3
DJ01,11,F,21,15,D,0110,1,GS-15,K,XXXX,8,10,F,1,200109,1,"$111,295",9.0
DJ01,11,F,21,15,E,0110,1,GS-15,J,XXXX,8,10,F,1,200109,1,"$108,366",11.0
DJ01,11,E,21,15,D,0110,1,GS-15,H,XXXX,8,10,F,1,200109,1,"$87,864",5.1
DJ01,11,F,17,15,E,0110,1,GS-15,K,XXXX,8,10,F,1,200109,1,"$114,224",11.8
DJ01,11,G,21,15,E,0110,1,GS-15,K,XXXX,8,10,F,1,200109,1,"$111,295",13.3
DJ01,11,E,21,15,E,0110,1,GS-15,J,XXXX,2,10,F,1,200109,1,"$108,366",12.9
DJ01,11,G,17,15,G,0110,1,GS-15,K,XXXX,8,10,F,1,200109,1,"$114,224",20.9
DLAA,11,D,13,14,E,0110,1,GS-14,H,XXXX,8,10,F,1,200109,1,"$87,148",11.9
DLBL,11,G,17,13,E,0110,1,GS-13,F,XXXX,8,10,F,1,200109,1,"$65,319",14.1
DLBL,11,E,17,14,D,0110,1,GS-14,H,XXXX,8,10,F,1,200109,1,"$89,638",9.8
DLBL,11,H,17,13,H,0110,1,GS-13,H,XXXX,8,10,F,1,200109,1,"$82,180",29.3
DLBL,11,I,21,14,H,0110,1,GS-14,I,XXXX,8,10,F,1,200109,1,"$97,108",27.7
DLBL,11,I,21,15,I,0110,1,GS-15,J,XXXX,5,10,F,1,200109,1,"$108,366",31.1
DLBL,11,H,17,14,I,0110,1,GM-14,I,XXXX,5,10,F,1,200109,1,"$97,108",31.3
DLBL,11,H,17,14,H,0110,1,GS-14,I,XXXX,5,10,F,1,200109,1,"$97,108",29.3
DLBL,11,I,17,13,I,0110,1,GS-13,H,XXXX,8,10,F,1,200109,1,"$82,180",31.3
DLBL,11,I,17,14,I,0110,1,GM-14,I,XXXX,2,10,F,1,200109,1,"$97,108",31.3
DLBL,11,G,13,14,H,0110,1,GS-14,I,XXXX,8,10,P,2,200109,1,"$92,128",25.3
DLBL,11,H,13,13,G,0110,1,GS-13,G,XXXX,8,10,F,1,200109,1,"$73,749",20.6
DLBL,11,G,17,13,E,0110,1,GS-13,G,XXXX,8,10,F,1,200109,1,"$73,749",12.3
DLBL,11,G,17,13,E,0110,1,GS-13,G,XXXX,8,10,P,2,200109,1,"$73,749",12.5
DLBL,11,I,21,15,H,0110,1,GM-15,K,XXXX,2,10,F,1,200109,1,"$114,224",26.0
DLBL,11,H,22,12,F,0110,1,GS-12,F,XXXX,8,10,F,1,200109,1,"$63,785",18.1
DLBL,11,J,15,15,J,0110,1,GM-15,K,XXXX,2,10,F,1,200109,1,"$114,224",38.1
DLBL,11,C,17,12,B,0110,1,GS-12,E,XXXX,8,15,F,1,200109,1,"$53,156",2.3
DLBL,11,D,17,12,B,0110,1,GS-12,E,XXXX,8,15,F,1,200109,1,"$53,156",2.2
DLBL,11,J,15,14,J,0110,1,GS-14,I,XXXX,2,10,F,1,200109,1,"$97,108",42.8
DLBL,11,H,14,13,E,0110,1,GS-13,G,XXXX,8,10,F,1,200109,1,"$77,965",14.5
DLES,11,H,18,14,I,0110,1,GS-14,I,XXXX,8,10,F,1,200109,1,"$97,108",30.6
DLES,11,I,21,15,I,0110,1,GM-15,K,XXXX,4,10,F,1,200109,1,"$114,224",34.5
DLES,11,H,13,14,I,0110,1,GM-14,I,XXXX,2,10,F,1,200109,1,"$97,108",33.3
DLES,11,G,13,12,H,0110,1,GS-12,F,XXXX,8,10,F,1,200109,1,"$67,327",25.9
DLET,11,H,13,12,F,0110,1,GS-12,F,XXXX,8,10,F,1,200109,1,"$62,013",18.0
DLET,11,H,13,13,G,0110,1,GS-13,G,XXXX,8,10,F,1,200109,1,"$75,857",23.7
DLET,11,K,13,12,H,0110,1,GS-12,F,XXXX,8,10,F,1,200109,1,"$69,099",28.8
DLET,11,E,13,11,B,0110,1,GS-11,E,XXXX,8,15,F,1,200109,1,"$54,699",2.7
DLLS,25,H,04,05,B,0119,3,GS-05,B,XXXX,8,15,P,2,200109,1,"$26,251",2.2
DLLS,11,D,17,09,B,0110,1,GS-09,D,XXXX,8,15,F,1,200109,1,"$41,541",1.7
DLLS,25,E,13,12,F,0110,1,GS-12,F,XXXX,8,10,F,1,200109,1,"$64,884",15.5
DLLS,11,B,13,07,A,0110,1,GS-07,B,XXXX,8,15,F,1,200109,1,"$29,966",0.2
DLLS,17,C,13,12,C,0110,1,GS-12,E,XXXX,8,15,F,1,200109,1,"$54,492",3.6
DLLS,25,D,13,07,E,0119,3,GS-07,C,XXXX,8,10,P,2,200109,1,"$39,626",11.0
DLLS,25,H,17,12,H,0110,1,GS-12,F,XXXX,8,10,F,1,200109,1,"$64,884",27.1
DLLS,25,D,13,12,E,0110,1,GS-12,E,XXXX,8,10,F,1,200109,1,"$59,478",10.3
DLLS,11,E,17,13,D,0110,1,GS-13,F,XXXX,8,10,F,1,200109,1,"$69,534",8.8
DLLS,11,E,17,12,C,0110,1,GS-12,E,XXXX,8,15,F,1,200109,1,"$54,928",3.2
DLLS,50,I,13,06,C,0119,3,GS-06,B,XXXX,8,10,P,2,200109,1,"$28,975",4.4
DLLS,11,C,13,12,C,0110,1,GS-12,E,XXXX,8,15,F,1,200109,1,"$53,156",3.3
DLLS,11,C,13,12,C,0110,1,GS-12,E,XXXX,8,15,F,1,200109,1,"$53,156",3.2
DLLS,25,H,13,12,F,0110,1,GS-12,E,XXXX,2,10,F,1,200109,1,"$57,676",18.3
DLLS,25,G,13,12,H,0110,1,GS-12,G,XXXX,8,10,F,1,200109,1,"$70,290",28.0
DLLS,11,G,21,14,E,0110,1,GS-14,H,XXXX,8,10,F,1,200109,1,"$84,658",10.0
DLLS,25,G,17,12,G,0110,1,GS-12,G,XXXX,8,10,F,1,200109,1,"$70,290",24.3
DLLS,11,H,14,15,H,0110,1,GS-15,I,XXXX,2,10,F,1,200109,1,"$99,580",29.4
DLLS,25,F,13,13,F,0110,1,GS-13,G,XXXX,2,10,F,1,200109,1,"$70,733",16.8
DLLS,11,E,14,11,C,0110,1,GS-11,D,XXXX,8,15,F,1,200109,1,"$44,352",3.6
DLLS,11,F,17,12,E,0110,1,GS-12,F,XXXX,8,10,P,2,200109,1,"$62,013",11.4
DLLS,25,F,13,12,G,0110,1,GS-12,F,XXXX,8,10,F,1,200109,1,"$66,686",24.3
DLLS,11,E,13,13,D,0110,1,GS-13,F,XXXX,2,10,F,1,200109,1,"$67,427",8.5
DLLS,11,B,17,12,B,0110,1,GS-12,E,XXXX,8,15,F,1,200109,1,"$53,156",2.0
DLLS,25,B,17,11,B,0110,1,GS-11,D,XXXX,8,15,F,1,200109,1,"$45,117",1.1
DLLS,25,C,13,11,C,0110,1,GS-11,D,XXXX,8,10,F,1,200109,1,"$46,620",3.2
DLLS,25,I,13,12,I,0110,1,GS-12,F,XXXX,8,10,F,1,200109,1,"$68,488",33.9
DLLS,01,I,07,07,E,0119,3,GS-07,C,XXXX,8,10,P,2,200109,1,"$34,151",13.9
DLLS,11,I,21,12,D,0110,1,GS-12,E,XXXX,8,10,F,1,200109,1,"$56,699",8.1
DLLS,25,E,13,12,F,0110,1,GS-12,F,XXXX,8,10,F,1,200109,1,"$64,884",15.9
DLLS,06,C,13,07,A,0110,1,GS-07,C,XXXX,8,15,F,1,200109,1,"$31,091",0.3
DLLS,11,J,21,13,G,0110,1,GS-13,H,XXXX,8,10,F,1,200109,1,"$82,180",24.2
DLLS,13,F,13,11,F,0110,1,GS-11,E,XXXX,8,10,F,1,200109,1,"$53,920",16.3
DLLS,25,F,13,12,F,0110,1,GS-12,F,XXXX,8,10,F,1,200109,1,"$63,082",17.3
DLLS,25,E,04,06,C,0119,3,GS-06,C,XXXX,8,15,P,2,200109,1,"$30,172",3.7
DLLS,11,I,18,14,I,0110,1,GM-14,I,XXXX,2,10,F,1,200109,1,"$97,108",32.0
DLLS,25,G,13,14,G,0110,1,GS-14,H,XXXX,2,10,F,1,200109,1,"$83,584",22.8
DLLS,25,H,13,06,B,0119,3,GS-06,B,XXXX,8,15,P,2,200109,1,"$28,344",2.6
DLLS,25,F,17,12,E,0110,1,GS-12,G,XXXX,8,10,F,1,200109,1,"$70,290",11.8
DLLS,11,B,13,11,B,0110,1,GS-11,D,XXXX,8,15,F,1,200109,1,"$44,352",2.0
DLLS,11,H,17,12,H,0110,1,GS-12,F,XXXX,8,10,F,1,200109,1,"$63,785",29.3
DLLS,25,F,13,12,F,0110,1,GS-12,F,XXXX,8,10,F,1,200109,1,"$64,884",17.8
DLLS,11,I,21,15,H,0110,1,GM-15,J,XXXX,2,10,F,1,200109,1,"$109,813",27.3
DLLS,25,G,17,12,F,0110,1,GS-12,F,XXXX,8,10,F,1,200109,1,"$68,488",15.9
DLLS,11,H,17,15,H,0110,1,GS-15,J,XXXX,2,10,F,1,200109,1,"$105,437",26.3
DLLS,25,D,13,12,D,0110,1,GS-12,E,XXXX,8,10,F,1,200109,1,"$57,676",7.4
DLLS,25,I,13,12,G,0110,1,GS-12,E,XXXX,8,10,F,1,200109,1,"$59,478",23.3
DLLS,11,F,17,12,E,0110,1,GS-12,E,XXXX,8,10,F,1,200109,1,"$53,156",10.0
DLLS,11,F,13,12,D,0110,1,GS-12,E,XXXX,8,15,F,1,200109,1,"$53,156",5.8
DLLS,25,G,17,13,G,0110,1,GM-13,H,XXXX,2,10,F,1,200109,1,"$83,596",23.9
DLLS,25,I,18,15,I,0110,1,GS-15,J,XXXX,2,10,F,1,200109,1,"$107,255",33.4
DLLS,11,I,14,15,I,0110,1,GM-15,J,XXXX,2,10,F,1,200109,1,"$108,868",34.2
DLLS,04,H,17,07,H,0119,3,GS-07,C,XXXX,8,10,P,2,200109,1,"$38,053",28.4
DLLS,11,J,14,14,J,0110,1,GM-14,I,XXXX,2,10,F,1,200109,1,"$97,108",39.8
DLLS,11,G,11,15,H,0110,1,GM-15,J,XXXX,2,10,F,1,200109,1,"$107,312",29.3
DLLS,11,E,13,13,E,0110,1,GS-13,G,XXXX,8,10,P,2,200109,1,"$73,749",13.0
DLLS,12,K,04,07,E,0119,3,GS-07,C,XXXX,8,10,P,2,200109,1,"$36,239",13.8
DLLS,11,H,17,15,I,0110,1,GS-15,I,XXXX,2,10,F,1,200109,1,"$99,580",32.9
DLLS,25,H,13,12,H,0110,1,GS-12,F,XXXX,8,10,F,1,200109,1,"$61,280",26.8
DLLS,25,E,13,12,E,0110,1,GS-12,F,XXXX,8,10,F,1,200109,1,"$64,884",13.8
DLLS,11,F,13,12,G,0110,1,GS-12,F,XXXX,8,10,F,1,200109,1,"$60,242",23.3
DLLS,25,E,13,09,B,0110,1,GS-09,C,XXXX,8,15,F,1,200109,1,"$37,288",1.7
DLLS,25,E,13,12,F,0110,1,GS-12,F,XXXX,8,10,F,1,200109,1,"$66,686",15.7
DLLS,25,F,13,12,E,0110,1,GS-12,E,XXXX,8,10,F,1,200109,1,"$59,478",13.8
DLLS,25,B,17,07,A,0110,1,GS-07,C,XXXX,8,15,F,1,200109,1,"$36,578",0.1
DLLS,29,I,17,12,I,0110,1,GS-12,F,XXXX,8,10,F,1,200109,1,"$67,901",30.0
DLLS,25,H,17,14,I,0110,1,GS-14,H,XXXX,2,10,F,1,200109,1,"$88,650",31.7
DLLS,11,G,22,15,F,0110,1,GM-15,J,XXXX,5,10,F,1,200109,1,"$105,437",15.2
DLLS,11,F,13,11,D,0110,1,GS-11,D,XXXX,8,15,F,1,200109,1,"$44,352",7.0
DLLS,25,C,13,07,A,0110,1,GS-07,C,XXXX,8,15,F,1,200109,1,"$30,483",0.2
DLLS,25,K,13,07,C,0119,3,GS-07,C,XXXX,8,10,P,2,200109,1,"$33,530",4.5
DLLS,11,I,13,,J,0110,1,ES-05,M,XXXX,2,50,F,1,200109,1,"$133,700",36.0
DLLS,11,H,17,14,H,0110,1,GS-14,H,XXXX,2,10,F,1,200109,1,"$89,638",25.4
DLLS,11,E,13,13,E,0110,1,GS-13,F,XXXX,8,10,F,1,200109,1,"$69,534",14.2
DLLS,48,K,10,07,D,0119,3,GS-07,C,XXXX,8,10,P,2,200109,1,"$33,828",5.2
DLLS,11,J,21,13,I,0110,1,GS-13,H,XXXX,8,10,F,1,200109,1,"$82,180",30.0
DLLS,25,H,04,06,C,0119,3,GS-06,B,XXXX,8,15,P,2,200109,1,"$27,219",4.3
DLLS,11,F,13,12,G,0110,1,GS-12,F,XXXX,8,10,F,1,200109,1,"$65,556",22.3
DLLS,25,C,13,09,D,0110,1,GS-09,C,XXXX,8,15,F,1,200109,1,"$37,288",5.2
DLLS,25,H,17,07,E,0119,3,GS-07,C,XXXX,8,10,P,2,200109,1,"$37,594",14.7
DLLS,25,E,13,13,E,0110,1,GS-13,G,XXXX,2,10,F,1,200109,1,"$70,733",11.3
DLLS,17,K,04,05,B,0119,3,GS-05,B,XXXX,8,15,P,2,200109,1,"$24,800",1.8
DLLS,11,I,13,12,I,0110,1,GS-12,F,XXXX,8,10,F,1,200109,1,"$69,099",33.8
DLLS,11,F,13,12,E,0110,1,GS-12,E,XXXX,8,10,F,1,200109,1,"$56,699",11.5
DLLS,25,C,13,07,A,0110,1,GS-07,C,XXXX,8,15,F,1,200109,1,"$30,483",0.9
DLLS,25,J,14,13,J,0110,1,GM-13,H,XXXX,2,10,F,1,200109,1,"$83,363",38.8
DLLS,25,F,13,11,B,0110,1,GS-11,D,XXXX,8,15,F,1,200109,1,"$45,117",2.7
DLLS,25,K,13,06,D,0119,3,GS-06,B,XXXX,8,10,P,2,200109,1,"$28,975",5.0
DLLS,11,E,17,12,D,0110,1,GS-12,E,XXXX,8,10,F,1,200109,1,"$56,699",8.1
DLLS,11,B,13,09,B,0110,1,GS-09,C,XXXX,8,15,F,1,200109,1,"$36,656",1.3
DLLS,25,G,13,14,G,0110,1,GS-14,H,XXXX,2,10,F,1,200109,1,"$88,650",22.9
DLLS,11,D,13,12,E,0110,1,GS-12,F,XXXX,8,10,F,1,200109,1,"$62,013",10.1
DLLS,11,D,13,13,E,0110,1,GS-13,F,XXXX,8,10,F,1,200109,1,"$69,534",11.3
DLLS,11,H,21,14,H,0110,1,GM-14,I,XXXX,2,10,F,1,200109,1,"$94,211",25.0
DLLS,11,B,13,09,B,0110,1,GS-09,C,XXXX,8,15,F,1,200109,1,"$36,656",1.3
DLLS,26,J,17,07,G,0119,3,GS-07,C,XXXX,8,10,P,2,200109,1,"$38,957",23.3
DLLS,09,I,13,07,E,0119,3,GS-07,C,XXXX,8,10,P,2,200109,1,"$36,748",13.6
DLLS,11,H,17,14,H,0110,1,GM-14,H,XXXX,2,10,F,1,200109,1,"$89,638",25.3
DLLS,11,F,13,15,G,0110,1,GS-15,I,XXXX,2,10,F,1,200109,1,"$99,580",20.7
DLLS,11,J,13,13,J,0110,1,GS-13,H,XXXX,8,10,F,1,200109,1,"$82,180",38.3
DLLS,11,I,17,13,G,0110,1,GS-13,H,XXXX,2,10,F,1,200109,1,"$82,180",21.9
DLLS,09,I,04,06,C,0119,3,GS-06,B,XXXX,8,15,P,2,200109,1,"$29,394",3.8
DLLS,11,H,14,13,H,0110,1,GS-13,H,XXXX,8,10,F,1,200109,1,"$80,072",29.1
DLLS,11,D,21,12,A,0110,1,GS-12,F,XXXX,8,15,F,1,200109,1,"$67,327",0.2
DLLS,11,C,13,12,D,0110,1,GS-12,E,XXXX,8,15,F,1,200109,1,"$54,928",6.3
DLLS,36,I,13,07,F,0119,3,GS-07,C,XXXX,8,10,P,2,200109,1,"$38,093",15.5
DLLS,11,D,21,13,B,0110,1,GS-13,F,XXXX,8,15,F,1,200109,1,"$69,534",2.2
DLLS,25,E,13,07,A,0110,1,GS-07,C,XXXX,8,15,F,1,200109,1,"$30,483",0.7
DLLS,06,I,08,07,F,0119,3,GS-07,C,XXXX,8,10,P,2,200109,1,"$35,126",19.8
DLLS,09,H,13,06,D,0119,3,GS-06,C,XXXX,8,10,P,2,200109,1,"$30,312",5.4
DLLS,11,H,13,12,H,0110,1,GS-12,F,XXXX,8,10,F,1,200109,1,"$65,556",27.4
DLLS,11,I,18,15,J,0110,1,GM-15,K,XXXX,2,10,F,1,200109,1,"$114,224",36.1
DLLS,11,I,21,15,H,0110,1,GS-15,J,XXXX,5,10,F,1,200109,1,"$102,508",29.3
DLLS,11,F,17,12,E,0110,1,GS-12,F,XXXX,8,10,F,1,200109,1,"$62,013",12.0
DLLS,11,D,13,13,E,0110,1,GS-13,F,XXXX,8,10,F,1,200109,1,"$65,319",12.6
DLLS,11,B,13,09,B,0110,1,GS-09,C,XXXX,8,15,F,1,200109,1,"$36,656",1.3
DLLS,09,K,17,07,D,0119,3,GS-07,C,XXXX,8,10,P,2,200109,1,"$35,727",7.9
DLLS,12,I,13,07,D,0119,3,GS-07,C,XXXX,8,10,P,2,200109,1,"$30,248",6.8
DLLS,11,H,14,13,H,0110,1,GS-13,G,XXXX,8,10,F,1,200109,1,"$73,749",26.5
DLLS,11,G,13,12,G,0110,1,GS-12,F,XXXX,8,10,F,1,200109,1,"$69,099",24.0
DLLS,11,E,17,12,E,0110,1,GS-12,E,XXXX,8,10,F,1,200109,1,"$58,470",13.0
DLLS,25,G,13,07,C,0119,3,GS-07,C,XXXX,8,10,P,2,200109,1,"$31,224",4.4
DLLS,11,C,13,12,C,0110,1,GS-12,E,XXXX,2,15,F,1,200109,1,"$54,928",4.7
DLLS,25,D,13,12,E,0110,1,GS-12,E,XXXX,8,10,F,1,200109,1,"$59,478",10.3
DLLS,13,I,13,13,H,0110,1,GS-13,F,XXXX,2,10,F,1,200109,1,"$68,544",27.6
DLLS,11,I,15,12,I,0110,1,GS-12,F,XXXX,8,10,F,1,200109,1,"$69,099",30.6
DLLS,25,H,13,07,F,0119,3,GS-07,C,XXXX,8,10,P,2,200109,1,"$38,053",19.3
DLLS,25,E,17,07,A,0110,1,GS-07,C,XXXX,8,15,F,1,200109,1,"$30,483",0.1
DLLS,36,H,13,13,H,0110,1,GM-13,H,XXXX,2,10,F,1,200109,1,"$81,455",27.4
DLLS,11,D,17,13,E,0110,1,GS-13,F,XXXX,8,10,F,1,200109,1,"$69,534",10.3
DLLS,11,H,17,13,H,0110,1,GS-13,G,XXXX,8,10,F,1,200109,1,"$77,965",25.8
DLLS,37,F,13,12,G,0110,1,GS-12,F,XXXX,8,10,F,1,200109,1,"$60,579",21.7
DLLS,11,G,21,13,D,0110,1,GS-13,F,XXXX,8,10,F,1,200109,1,"$69,534",7.6
DLLS,36,I,13,12,E,0110,1,GS-12,F,XXXX,8,10,F,1,200109,1,"$65,746",11.2
DLLS,11,D,13,12,C,0110,1,GS-12,E,XXXX,8,15,F,1,200109,1,"$53,156",3.3
DLLS,06,H,14,12,H,0110,1,GS-12,F,XXXX,8,10,F,1,200109,1,"$67,690",28.4
DLLS,36,E,13,07,E,0119,3,GS-07,D,XXXX,8,10,P,2,200109,1,"$40,152",12.3
DLLS,45,J,04,07,G,0119,3,GS-07,C,XXXX,8,10,P,2,200109,1,"$37,077",20.3
DLLS,11,C,17,09,A,0110,1,GS-09,C,XXXX,8,15,F,1,200109,1,"$36,656",0.3
DLLS,11,B,13,07,A,0110,1,GS-07,B,XXXX,8,15,F,1,200109,1,"$29,966",0.2
DLLS,36,I,13,07,D,0119,3,GS-07,C,XXXX,8,10,P,2,200109,1,"$32,200",6.7
DLLS,36,D,17,07,E,0119,3,GS-07,D,XXXX,8,10,P,2,200109,1,"$40,152",10.0
DLLS,11,B,13,07,A,0110,1,GS-07,B,XXXX,8,15,F,1,200109,1,"$29,966",0.0
DLLS,29,I,18,12,H,0110,1,GS-12,F,XXXX,8,10,F,1,200109,1,"$64,420",25.0
DLLS,11,C,13,07,A,0110,1,GS-07,B,XXXX,8,15,F,1,200109,1,"$29,966",0.3
DLLS,11,H,13,13,G,0110,1,GS-13,G,XXXX,8,10,F,1,200109,1,"$77,965",23.3
DLLS,06,G,13,12,G,0110,1,GS-12,F,XXXX,8,10,F,1,200109,1,"$69,570",23.0
DLLS,25,C,13,12,C,0110,1,GS-12,E,XXXX,8,10,F,1,200109,1,"$54,072",4.6
DLLS,36,K,17,12,I,0110,1,GS-12,F,XXXX,8,10,F,1,200109,1,"$67,572",32.5
DLLS,11,E,13,12,F,0110,1,GS-12,E,XXXX,8,10,F,1,200109,1,"$58,470",18.3
DLLS,12,F,13,05,E,0119,3,GS-05,B,XXXX,8,15,P,2,200109,1,"$23,633",12.5
DLLS,42,E,07,06,C,0119,3,GS-06,B,XXXX,8,15,P,2,200109,1,"$28,911",3.8
DLLS,11,G,13,13,H,0110,1,GM-13,G,XXXX,2,10,F,1,200109,1,"$77,973",26.6
DLLS,11,E,17,13,E,0110,1,GM-13,G,XXXX,2,10,F,1,200109,1,"$75,857",14.8
DLLS,11,F,17,12,E,0110,1,GS-12,E,XXXX,8,10,F,1,200109,1,"$58,470",13.0
DLLS,11,J,21,14,E,0110,1,GS-14,H,XXXX,2,10,F,1,200109,1,"$87,148",12.0
DLLS,36,G,13,12,G,0110,1,GS-12,F,XXXX,8,10,F,1,200109,1,"$63,920",22.3
DLLS,11,C,17,11,B,0110,1,GS-11,D,XXXX,8,15,F,1,200109,1,"$44,352",1.9
DLLS,36,H,13,05,A,0119,3,GS-05,C,XXXX,8,15,P,2,200109,1,"$32,421",0.2
DLLS,11,I,17,13,I,0110,1,GS-13,H,XXXX,2,10,F,1,200109,1,"$80,072",32.1
DLLS,11,H,14,14,I,0110,1,GS-14,H,XXXX,2,10,F,1,200109,1,"$87,148",30.2
DLLS,11,D,17,13,C,0110,1,GS-13,F,XXXX,2,10,F,1,200109,1,"$63,211",4.5
DLLS,11,J,18,13,J,0110,1,GS-13,H,XXXX,8,10,F,1,200109,1,"$82,180",36.1
DLLS,36,K,14,11,F,0110,1,GS-11,E,XXXX,8,10,F,1,200109,1,"$54,858",19.0
DLLS,11,G,13,12,H,0110,1,GS-12,E,XXXX,8,10,F,1,200109,1,"$54,928",26.8
DLLS,11,G,17,13,G,0110,1,GS-13,G,XXXX,8,10,F,1,200109,1,"$71,642",21.0
DLLS,11,I,18,,J,0110,1,ES-04,M,XXXX,2,50,F,1,200109,1,"$133,700",35.4
DLLS,36,I,13,12,F,0110,1,GS-12,F,XXXX,8,10,F,1,200109,1,"$65,746",17.4
DLLS,11,F,,11,C,0110,1,GS-11,D,XXXX,8,42,P,2,200109,1,"$44,352",3.6
DLLS,36,F,13,05,B,0119,3,GS-05,B,XXXX,8,15,P,2,200109,1,"$26,339",1.2
DLLS,27,K,13,07,F,0119,3,GS-07,C,XXXX,8,10,P,2,200109,1,"$37,980",19.6
DLLS,22,K,13,05,B,0119,3,GS-05,B,XXXX,8,15,P,2,200109,1,"$23,633",2.3
DLLS,13,D,13,09,D,0110,1,GS-09,C,XXXX,8,10,F,1,200109,1,"$39,746",6.8
DLLS,36,K,09,07,F,0119,3,GS-07,C,XXXX,8,10,P,2,200109,1,"$36,035",15.9
DLLS,36,I,04,07,E,0119,3,GS-07,C,XXXX,8,10,P,2,200109,1,"$36,035",12.0
DLLS,36,E,13,12,E,0110,1,GS-12,F,XXXX,8,10,F,1,200109,1,"$62,094",12.2
DLLS,11,G,18,14,F,0110,1,GM-14,I,XXXX,2,10,P,2,200109,1,"$90,889",18.5
DLLS,36,D,13,09,D,0110,1,GS-09,C,XXXX,8,15,F,1,200109,1,"$37,783",5.4
DLLS,11,H,21,14,E,0110,1,GS-14,H,XXXX,8,10,F,1,200109,1,"$89,638",10.3
DLLS,11,G,13,12,G,0110,1,GS-12,F,XXXX,8,10,F,1,200109,1,"$65,556",23.3
DLLS,11,D,17,12,C,0110,1,GS-12,E,XXXX,8,15,F,1,200109,1,"$53,156",4.3
DLLS,36,D,17,12,D,0110,1,GS-12,E,XXXX,8,10,F,1,200109,1,"$54,791",5.0
DLLS,36,E,17,12,D,0110,1,GS-12,E,XXXX,8,10,F,1,200109,1,"$58,443",6.7
DLLS,12,E,04,07,D,0119,3,GS-07,C,XXXX,8,10,P,2,200109,1,"$30,248",7.8
DLLS,11,E,13,12,D,0110,1,GS-12,E,XXXX,8,15,F,1,200109,1,"$53,156",6.6
DLLS,11,D,17,13,E,0110,1,GS-13,F,XXXX,8,10,F,1,200109,1,"$69,534",11.3
DLLS,11,G,13,12,G,0110,1,GS-12,F,XXXX,8,10,F,1,200109,1,"$65,556",22.3
DLLS,11,E,21,14,D,0110,1,GS-14,G,XXXX,8,10,F,1,200109,1,"$74,697",9.0
DLLS,36,F,14,12,D,0110,1,GS-12,E,XXXX,8,10,F,1,200109,1,"$58,443",6.6
DLLS,36,F,17,12,E,0110,1,GS-12,F,XXXX,8,10,F,1,200109,1,"$60,269",14.7
DLLS,36,E,13,12,E,0110,1,GS-12,F,XXXX,8,10,F,1,200109,1,"$67,572",12.8
DLLS,11,J,13,12,H,0110,1,GS-12,F,XXXX,8,10,F,1,200109,1,"$65,556",25.2
DLLS,11,J,13,12,F,0110,1,GS-12,E,XXXX,8,10,F,1,200109,1,"$58,470",15.8
DLLS,36,G,13,12,H,0110,1,GS-12,F,XXXX,8,10,F,1,200109,1,"$67,572",27.8
DLLS,42,G,13,14,H,0110,1,GS-14,H,XXXX,2,10,F,1,200109,1,"$85,096",26.3
DLLS,11,F,13,11,F,0110,1,GS-11,E,XXXX,8,10,F,1,200109,1,"$54,699",16.9
DLLS,06,J,17,07,C,0119,3,GS-07,C,XXXX,8,15,P,2,200109,1,"$31,091",3.5
DLLS,13,B,17,07,A,0110,1,GS-07,B,XXXX,8,15,F,1,200109,1,"$29,539",0.1
DLLS,11,C,17,11,B,0110,1,GS-11,D,XXXX,8,15,F,1,200109,1,"$44,352",1.2
DLLS,36,J,15,12,I,0110,1,GS-12,F,XXXX,8,10,F,1,200109,1,"$67,572",32.3
DLLS,36,G,13,05,B,0119,3,GS-05,B,XXXX,8,15,P,2,200109,1,"$24,421",1.1
DLLS,24,K,17,06,D,0119,3,GS-06,B,XXXX,8,10,P,2,200109,1,"$28,762",6.6
DLLS,36,I,13,06,D,0119,3,GS-06,C,XXXX,8,10,P,2,200109,1,"$31,499",8.9
DLLS,42,I,13,12,H,0110,1,GS-12,F,XXXX,8,10,F,1,200109,1,"$69,456",29.4
DLLS,06,H,13,12,G,0110,1,GS-12,G,XXXX,8,10,F,1,200109,1,"$71,450",24.6
DLLS,36,I,17,12,E,0110,1,GS-12,F,XXXX,8,10,F,1,200109,1,"$65,746",14.4
DLLS,11,C,13,12,C,0110,1,GS-12,E,XXXX,8,15,F,1,200109,1,"$53,156",3.3
DLLS,36,G,13,06,G,0119,3,GS-06,C,XXXX,8,10,P,2,200109,1,"$34,277",21.9
DLLS,36,E,13,12,F,0110,1,GS-12,E,XXXX,2,10,F,1,200109,1,"$58,443",16.2
DLLS,48,D,13,12,E,0110,1,GS-12,E,XXXX,8,10,F,1,200109,1,"$58,195",10.3
DLLS,42,C,13,11,B,0110,1,GS-11,D,XXXX,8,15,F,1,200109,1,"$44,581",2.4
DLLS,36,J,13,13,J,0110,1,GM-13,H,XXXX,2,10,F,1,200109,1,"$84,707",35.6
DLLS,36,I,10,06,C,0119,3,GS-06,B,XXXX,8,15,P,2,200109,1,"$29,647",4.3
DLLS,11,F,14,14,G,0110,1,GS-14,H,XXXX,2,10,F,1,200109,1,"$82,168",21.0
DLLS,36,H,05,06,G,0119,3,GS-06,C,XXXX,8,10,P,2,200109,1,"$33,362",21.2
DLLS,11,E,13,13,E,0110,1,GS-13,F,XXXX,8,10,F,1,200109,1,"$69,534",13.3
DLLS,36,C,13,12,D,0110,1,GS-12,E,XXXX,8,10,F,1,200109,1,"$58,443",6.6
DLLS,36,J,13,12,J,0110,1,GS-12,H,XXXX,8,10,F,1,200109,1,"$84,707",38.2
DLLS,11,E,13,11,E,0110,1,GS-11,D,XXXX,8,10,F,1,200109,1,"$44,352",10.6
DLLS,13,E,12,07,A,0110,1,GS-07,B,XXXX,8,15,F,1,200109,1,"$29,539",0.2
DLLS,11,D,17,09,B,0110,1,GS-09,C,XXXX,8,15,F,1,200109,1,"$36,656",1.3
DLLS,36,E,13,12,E,0110,1,GS-12,E,XXXX,8,10,F,1,200109,1,"$58,443",10.0
DLLS,11,G,13,13,H,0110,1,GS-13,G,XXXX,2,10,F,1,200109,1,"$71,642",25.3
DLLS,11,G,13,14,E,0110,1,GS-14,H,XXXX,2,10,F,1,200109,1,"$84,658",14.3
DLLS,36,I,13,12,J,0110,1,GS-12,F,XXXX,2,10,F,1,200109,1,"$69,398",36.9
DLLS,11,H,14,14,H,0110,1,GM-14,I,XXXX,2,10,F,1,200109,1,"$91,094",29.0
DLLS,06,H,13,06,B,0119,3,GS-06,B,XXXX,8,15,P,2,200109,1,"$27,230",1.8
DLLS,11,D,17,11,B,0110,1,GS-11,D,XXXX,8,15,F,1,200109,1,"$44,352",1.7
DLLS,11,G,17,12,F,0110,1,GS-12,F,XXXX,8,10,F,1,200109,1,"$63,785",15.9
DLLS,36,F,04,05,A,0119,3,GS-05,B,XXXX,8,15,P,2,200109,1,"$25,607",0.4
DLLS,11,B,13,11,B,0110,1,GS-11,D,XXXX,8,15,F,1,200109,1,"$44,352",2.0
DLLS,36,D,04,05,B,0119,3,GS-05,B,XXXX,8,15,P,2,200109,1,"$26,339",1.2
DLLS,36,I,08,07,E,0119,3,GS-07,C,XXXX,8,10,P,2,200109,1,"$35,126",14.8
DLLS,11,C,09,12,B,0110,1,GS-12,E,XXXX,8,15,F,1,200109,1,"$53,156",2.0
DLLS,11,H,13,13,H,0110,1,GS-13,G,XXXX,8,10,F,1,200109,1,"$77,965",25.7
DLLS,36,C,13,05,A,0119,3,GS-05,B,XXXX,8,15,P,2,200109,1,"$25,607",0.3
DLLS,11,G,17,15,H,0110,1,GS-15,I,XXXX,2,10,F,1,200109,1,"$99,580",25.1
DLLS,06,G,17,12,F,0110,1,GS-12,F,XXXX,8,10,F,1,200109,1,"$66,180",16.2
DLLS,11,D,13,13,D,0110,1,GS-13,F,XXXX,8,10,F,1,200109,1,"$69,534",9.0
DLLS,36,D,13,09,B,0110,1,GS-09,C,XXXX,8,15,F,1,200109,1,"$37,783",1.0
DLLS,39,K,17,06,D,0119,3,GS-06,B,XXXX,8,15,P,2,200109,1,"$28,601",5.9
DLLS,06,I,17,12,G,0110,1,GS-12,F,XXXX,8,10,F,1,200109,1,"$63,931",24.0
DLLS,11,H,17,13,H,0110,1,GS-13,H,XXXX,8,10,F,1,200109,1,"$82,180",29.0
DLLS,13,F,13,12,G,0110,1,GS-12,F,XXXX,8,10,F,1,200109,1,"$68,115",21.7
DLLS,11,D,13,12,D,0110,1,GS-12,E,XXXX,8,10,F,1,200109,1,"$58,470",8.6
DLLS,11,G,21,13,G,0110,1,GS-13,H,XXXX,8,10,F,1,200109,1,"$82,180",23.2
DLLS,11,G,17,09,A,0110,1,GS-09,C,XXXX,8,15,F,1,200109,1,"$36,656",0.7
DLLS,36,H,13,05,B,0119,3,GS-05,B,XXXX,8,15,P,2,200109,1,"$26,339",1.0
DLLS,11,I,15,13,J,0110,1,GM-13,H,XXXX,2,10,F,1,200109,1,"$82,180",35.3
DLLS,36,G,18,12,E,0110,1,GS-12,F,XXXX,8,10,F,1,200109,1,"$63,920",14.3
DLLS,11,H,15,,I,0110,1,ES-01,L,XXXX,2,50,F,1,200109,1,"$120,261",31.5
DLLS,11,E,17,13,E,0110,1,GS-13,G,XXXX,8,10,F,1,200109,1,"$73,749",14.0
DLLS,36,H,13,05,A,0119,3,GS-05,B,XXXX,8,15,P,2,200109,1,"$25,607",0.2
DLLS,11,B,13,07,A,0110,1,GS-07,B,XXXX,8,15,F,1,200109,1,"$29,966",0.1
DLLS,11,B,17,07,A,0110,1,GS-07,C,XXXX,8,15,F,1,200109,1,"$36,957",0.2
DLLS,06,F,13,12,D,0110,1,GS-12,E,XXXX,8,10,F,1,200109,1,"$58,828",9.3
DLLS,11,C,13,12,C,0110,1,GS-12,E,XXXX,8,15,F,1,200109,1,"$53,156",3.3
DLLS,11,D,13,13,D,0110,1,GS-13,F,XXXX,8,10,F,1,200109,1,"$67,427",9.3
DLLS,11,G,17,15,G,0110,1,GS-15,I,XXXX,2,10,F,1,200109,1,"$99,580",21.0
DLLS,36,H,14,13,H,0110,1,GS-13,H,XXXX,8,10,F,1,200109,1,"$82,535",29.6
DLLS,36,H,13,12,H,0110,1,GS-12,F,XXXX,8,10,F,1,200109,1,"$65,746",27.9
DLLS,11,D,13,13,E,0110,1,GS-13,F,XXXX,8,10,F,1,200109,1,"$65,319",10.4
DLLS,11,B,13,09,B,0110,1,GS-09,C,XXXX,8,15,F,1,200109,1,"$36,656",1.3
DLLS,36,H,17,05,A,0119,3,GS-05,B,XXXX,8,15,P,2,200109,1,"$25,607",0.8
DLLS,11,G,13,13,G,0110,1,GS-13,G,XXXX,8,10,F,1,200109,1,"$77,965",21.5
DLLS,11,D,13,12,C,0110,1,GS-12,E,XXXX,8,10,F,1,200109,1,"$54,928",4.3
DLLS,11,B,13,11,B,0110,1,GS-11,D,XXXX,8,15,F,1,200109,1,"$44,352",2.0
DLLS,11,I,17,12,D,0110,1,GS-12,E,XXXX,8,10,F,1,200109,1,"$53,156",7.6
DLLS,11,E,13,12,E,0110,1,GS-12,E,XXXX,8,10,F,1,200109,1,"$58,470",10.6
DLLS,11,B,13,11,B,0110,1,GS-11,D,XXXX,8,15,F,1,200109,1,"$44,352",2.3
DLLS,11,H,17,13,E,0110,1,GS-13,G,XXXX,8,10,F,1,200109,1,"$71,642",13.3
DLLS,11,F,21,14,E,0110,1,GS-14,H,XXXX,8,10,F,1,200109,1,"$87,148",13.9
DLLS,45,F,13,05,B,0119,3,GS-05,B,XXXX,8,15,P,2,200109,1,"$24,421",1.3
DLLS,36,D,13,13,D,0110,1,GS-13,F,XXXX,2,10,F,1,200109,1,"$67,328",9.3
DLLS,11,H,21,14,G,0110,1,GS-14,I,XXXX,8,10,F,1,200109,1,"$97,108",24.8
DLLS,11,E,17,13,D,0110,1,GS-13,F,XXXX,8,10,F,1,200109,1,"$63,211",8.0
DLLS,39,I,13,06,C,0119,3,GS-06,B,XXXX,8,10,P,2,200109,1,"$28,601",3.9
DLLS,12,H,04,07,D,0119,3,GS-07,C,XXXX,8,10,P,2,200109,1,"$32,200",7.3
DLLS,36,I,04,05,B,0119,3,GS-05,B,XXXX,8,15,P,2,200109,1,"$25,607",1.9
DLLS,25,H,17,12,F,0110,1,GS-12,G,XXXX,8,10,F,1,200109,1,"$70,290",17.3
DLLS,11,G,17,15,H,0110,1,GM-15,J,XXXX,2,10,F,1,200109,1,"$107,819",27.1
DLLS,11,B,13,07,A,0110,1,GS-07,B,XXXX,8,15,F,1,200109,1,"$29,966",0.3
DLLS,36,F,13,12,F,0110,1,GS-12,F,XXXX,8,10,F,1,200109,1,"$65,746",19.1
DLLS,36,G,13,12,H,0110,1,GS-12,F,XXXX,2,10,F,1,200109,1,"$67,572",26.3
DLLS,11,D,13,13,D,0110,1,GS-13,G,XXXX,8,10,F,1,200109,1,"$71,642",9.5
DLLS,11,I,17,14,I,0110,1,GM-14,I,XXXX,2,10,F,1,200109,1,"$97,108",30.3
DLLS,42,F,13,13,G,0110,1,GM-13,G,XXXX,2,10,F,1,200109,1,"$78,368",22.2
DLLS,11,B,13,07,A,0110,1,GS-07,B,XXXX,8,15,F,1,200109,1,"$29,966",0.1
DLLS,11,C,13,09,B,0110,1,GS-09,C,XXXX,8,20,P,2,200109,1,"$36,656",2.4
DLLS,13,H,13,11,D,0110,1,GS-11,D,XXXX,8,10,F,1,200109,1,"$43,720",6.6
DLLS,11,H,13,12,H,0110,1,GS-12,F,XXXX,8,10,F,1,200109,1,"$69,099",27.3
DLLS,11,B,13,07,A,0110,1,GS-07,C,XXXX,8,15,F,1,200109,1,"$32,962",0.2
DLLS,36,G,13,12,H,0110,1,GS-12,F,XXXX,8,10,F,1,200109,1,"$65,746",27.5
DLLS,42,F,13,09,E,0110,1,GS-09,C,XXXX,8,10,F,1,200109,1,"$39,301",14.9
DLLS,11,D,21,12,B,0110,1,GS-12,F,XXXX,8,15,F,1,200109,1,"$65,556",2.0
DLLS,11,B,13,07,A,0110,1,GS-07,B,XXXX,8,15,F,1,200109,1,"$29,966",0.3
DLLS,34,F,13,05,A,0119,3,GS-05,B,XXXX,8,15,P,2,200109,1,"$24,936",0.8
DLLS,42,D,13,12,D,0110,1,GS-12,E,XXXX,2,10,F,1,200109,1,"$56,992",7.6
DLLS,11,F,13,14,F,0110,1,GM-14,H,XXXX,2,10,F,1,200109,1,"$89,638",17.3
DLLS,36,G,13,12,G,0110,1,GS-12,F,XXXX,8,10,F,1,200109,1,"$67,572",23.4
DLLS,17,D,13,05,A,0119,3,GS-05,B,XXXX,8,15,P,2,200109,1,"$24,800",0.2
DLLS,36,E,17,12,E,0110,1,GS-12,F,XXXX,8,10,F,1,200109,1,"$62,094",13.2
DLLS,36,G,13,12,E,0110,1,GS-12,F,XXXX,8,10,F,1,200109,1,"$60,269",14.7
DLLS,36,I,14,15,I,0110,1,GS-15,J,XXXX,2,10,F,1,200109,1,"$108,680",33.8
DLLS,11,H,14,13,H,0110,1,GS-13,F,XXXX,8,10,F,1,200109,1,"$69,534",27.4
DLLS,11,E,13,13,E,0110,1,GS-13,F,XXXX,8,15,F,1,200109,1,"$67,427",11.7
DLLS,11,D,17,12,D,0110,1,GS-12,E,XXXX,8,10,F,1,200109,1,"$58,470",6.2
DLLS,29,F,13,13,G,0110,1,GM-13,G,XXXX,4,10,F,1,200109,1,"$76,622",22.3
DLLS,11,J,17,15,H,0110,1,GS-15,K,XXXX,8,10,F,1,200109,1,"$114,224",27.0
DLLS,11,F,17,12,E,0110,1,GS-12,F,XXXX,8,10,F,1,200109,1,"$60,242",12.3
DLLS,11,G,17,13,G,0110,1,GS-13,G,XXXX,8,10,F,1,200109,1,"$77,965",23.2
DLLS,11,C,,09,B,0110,1,GS-09,C,XXXX,8,42,P,2,200109,1,"$36,656",1.6
DLLS,36,G,04,06,C,0119,3,GS-06,B,XXXX,8,15,P,2,200109,1,"$29,647",3.7
DLLS,11,F,13,13,F,0110,1,GM-13,G,XXXX,2,10,F,1,200109,1,"$75,857",17.8
DLLS,42,D,13,12,C,0110,1,GS-12,E,XXXX,8,10,F,1,200109,1,"$55,212",4.3
DLLS,11,B,13,07,A,0110,1,GS-07,B,XXXX,8,15,F,1,200109,1,"$29,966",0.3
DLLS,11,B,13,07,A,0110,1,GS-07,B,XXXX,8,15,F,1,200109,1,"$29,966",0.2
DLLS,34,F,13,05,D,0119,3,GS-05,C,XXXX,8,15,P,2,200109,1,"$32,421",6.0
DLLS,11,G,13,14,G,0110,1,GS-14,H,XXXX,2,10,F,1,200109,1,"$89,638",24.1
DLLS,36,G,14,12,H,0110,1,GS-12,G,XXXX,8,10,F,1,200109,1,"$71,224",25.7
DLLS,42,F,04,11,G,0110,1,GS-11,D,XXXX,8,10,F,1,200109,1,"$47,553",22.3
DLLS,11,E,17,12,D,0110,1,GS-12,E,XXXX,8,10,F,1,200109,1,"$58,470",8.2
DLLS,36,I,13,12,J,0110,1,GS-12,G,XXXX,8,10,F,1,200109,1,"$71,224",35.2
DLLS,11,B,11,04,A,0119,3,GS-04,B,XXXX,8,42,F,2,200109,1,"$22,232",0.3
DLLS,02,H,14,07,F,0119,3,GS-07,C,XXXX,8,10,P,2,200109,1,"$34,433",18.3
DLLS,34,I,13,05,B,0119,3,GS-05,B,XXXX,8,15,P,2,200109,1,"$24,936",1.3
DLLS,06,G,13,12,G,0110,1,GS-12,F,XXXX,8,10,F,1,200109,1,"$69,570",23.0
DLLS,11,H,17,13,G,0110,1,GS-13,H,XXXX,8,10,F,1,200109,1,"$80,072",24.0
DLLS,27,F,13,07,A,0110,1,GS-07,B,XXXX,8,15,F,1,200109,1,"$29,985",0.2
DLLS,36,F,07,06,D,0119,3,GS-06,C,XXXX,8,10,P,2,200109,1,"$30,573",5.9
DLLS,11,D,13,12,C,0110,1,GS-12,E,XXXX,8,15,F,1,200109,1,"$54,928",4.3
DLLS,11,J,19,14,J,0110,1,GS-14,I,XXXX,2,10,F,1,200109,1,"$92,128",36.5
DLLS,36,J,13,07,C,0119,3,GS-07,C,XXXX,8,15,P,2,200109,1,"$32,946",4.3
DLLS,36,J,04,06,G,0119,3,GS-06,C,XXXX,8,10,P,2,200109,1,"$36,129",22.8
DLLS,11,J,17,12,F,0110,1,GS-12,E,XXXX,8,10,F,1,200109,1,"$56,699",17.2
DLLS,11,D,13,13,E,0110,1,GS-13,F,XXXX,8,10,F,1,200109,1,"$63,211",10.3
DLLS,09,K,13,07,H,0119,3,GS-07,C,XXXX,8,10,P,2,200109,1,"$39,123",27.5
DLLS,11,G,13,13,G,0110,1,GS-13,H,XXXX,8,10,F,1,200109,1,"$80,072",21.0
DLLS,11,H,14,12,I,0110,1,GS-12,F,XXXX,8,10,F,1,200109,1,"$69,099",31.2
DLLS,09,K,04,07,H,0119,3,GS-07,D,XXXX,8,10,P,2,200109,1,"$40,152",26.1
DLLS,11,D,13,12,E,0110,1,GS-12,F,XXXX,8,10,F,1,200109,1,"$62,013",10.2
DLLS,51,F,13,07,E,0119,3,GS-07,C,XXXX,8,10,P,2,200109,1,"$34,959",10.3
DLLS,11,F,13,13,E,0110,1,GS-13,G,XXXX,8,10,F,1,200109,1,"$75,857",13.2
DLLS,36,G,13,12,F,0110,1,GS-12,F,XXXX,8,10,F,1,200109,1,"$67,572",19.4
DLLS,11,F,04,06,G,0119,3,GS-06,C,XXXX,8,10,F,1,200109,1,"$33,254",21.8
DLLS,41,D,13,12,D,0110,1,GS-12,E,XXXX,8,10,F,1,200109,1,"$56,745",9.4
DLLS,50,I,13,06,C,0119,3,GS-06,B,XXXX,8,10,P,2,200109,1,"$28,975",4.4
DLLS,11,D,21,13,D,0110,1,GS-13,G,XXXX,8,10,F,1,200109,1,"$71,642",6.0
DLLS,11,I,14,15,H,0110,1,GM-15,K,XXXX,2,10,F,1,200109,1,"$114,224",26.6
DLLS,11,E,13,13,E,0110,1,GS-13,G,XXXX,8,10,P,2,200109,1,"$73,749",14.0
DLLS,42,K,04,07,F,0119,3,GS-07,C,XXXX,8,10,P,2,200109,1,"$36,144",15.9
DLLS,06,H,13,12,H,0110,1,GS-12,F,XXXX,4,10,F,1,200109,1,"$67,690",29.5
DLLS,11,H,13,14,G,0110,1,GM-14,H,XXXX,2,10,F,1,200109,1,"$89,506",24.7
DLLS,21,G,13,12,G,0110,1,GS-12,E,XXXX,8,10,F,1,200109,1,"$55,387",23.1
DLLS,11,H,14,14,H,0110,1,GM-14,I,XXXX,2,10,F,1,200109,1,"$93,170",27.8
DLLS,11,F,17,11,B,0110,1,GS-11,D,XXXX,8,15,F,1,200109,1,"$44,352",1.3
DLLS,42,H,17,12,H,0110,1,GS-12,F,XXXX,8,10,F,1,200109,1,"$69,456",27.0
DLLS,42,G,04,12,I,0110,1,GS-12,F,XXXX,8,10,F,1,200109,1,"$64,114",30.8
DLLS,11,D,13,13,D,0110,1,GS-13,F,XXXX,8,10,F,1,200109,1,"$63,211",8.7
DLLS,42,E,13,12,E,0110,1,GS-12,F,XXXX,8,10,F,1,200109,1,"$62,334",12.0
DLLS,11,H,14,12,I,0110,1,GS-12,F,XXXX,8,10,F,1,200109,1,"$69,099",33.3
DLLS,11,K,21,12,G,0110,1,GS-12,F,XXXX,8,10,F,1,200109,1,"$69,099",21.1
DLLS,42,K,04,07,G,0119,3,GS-07,C,XXXX,8,10,P,2,200109,1,"$35,126",20.9
DLLS,11,G,13,14,G,0110,1,GM-14,I,XXXX,2,10,F,1,200109,1,"$90,889",23.4
DLLS,17,F,17,12,E,0110,1,GS-12,F,XXXX,8,10,F,1,200109,1,"$65,387",14.5
DLLS,42,B,04,09,B,0110,1,GS-09,C,XXXX,8,15,F,1,200109,1,"$36,845",1.1
DLLS,11,J,18,15,J,0110,1,GS-15,K,XXXX,2,10,F,1,200109,1,"$114,224",38.1
DLLS,11,H,14,14,H,0110,1,GS-14,H,XXXX,2,10,F,1,200109,1,"$89,638",29.8
DLLS,11,F,17,13,E,0110,1,GS-13,F,XXXX,8,10,P,2,200109,1,"$69,534",14.4
DLLS,42,K,04,06,E,0119,3,GS-06,C,XXXX,8,10,P,2,200109,1,"$32,523",13.8
DLLS,42,F,13,05,A,0119,3,GS-05,B,XXXX,8,15,P,2,200109,1,"$23,633",0.4
DLLS,11,E,13,13,E,0110,1,GS-13,F,XXXX,8,10,F,1,200109,1,"$69,534",13.1
DLLS,11,D,13,12,E,0110,1,GS-12,E,XXXX,8,10,P,2,200109,1,"$58,470",10.3
DLLS,11,B,13,07,A,0110,1,GS-07,B,XXXX,8,15,F,1,200109,1,"$29,966",0.9
DLLS,42,H,04,07,D,0119,3,GS-07,C,XXXX,8,10,P,2,200109,1,"$33,133",9.9
DLLS,11,G,14,15,H,0110,1,GS-15,I,XXXX,2,10,F,1,200109,1,"$96,651",25.0
DLLS,11,E,13,13,E,0110,1,GS-13,F,XXXX,2,10,F,1,200109,1,"$67,427",11.8
DLLS,42,I,13,05,A,0119,3,GS-05,B,XXXX,8,15,P,2,200109,1,"$23,633",0.6
DLLS,42,D,13,12,E,0110,1,GS-12,E,XXXX,8,10,F,1,200109,1,"$58,773",10.5
DLLS,42,G,10,05,A,0119,3,GS-05,C,XXXX,8,15,P,2,200109,1,"$31,617",0.8
DLLS,11,D,13,12,D,0110,1,GS-12,E,XXXX,8,10,F,1,200109,1,"$54,928",8.3
DLLS,06,K,10,07,E,0119,3,GS-07,C,XXXX,8,10,P,2,200109,1,"$34,200",10.3
DLLS,24,I,04,12,F,0110,1,GS-12,E,XXXX,2,10,F,1,200109,1,"$56,699",17.2
DLLS,11,D,13,12,D,0110,1,GS-12,E,XXXX,8,10,F,1,200109,1,"$56,699",9.2
DLLS,11,G,17,12,E,0110,1,GS-12,F,XXXX,8,10,F,1,200109,1,"$63,785",13.3
DLLS,11,F,04,06,G,0119,3,GS-06,C,XXXX,8,10,F,1,200109,1,"$33,254",22.2
DLLS,42,H,13,12,I,0110,1,GS-12,F,XXXX,8,10,F,1,200109,1,"$67,676",34.2
DLLS,11,E,13,14,F,0110,1,GS-14,H,XXXX,2,10,F,1,200109,1,"$84,658",15.8
DLLS,11,H,14,14,H,0110,1,GM-14,I,XXXX,2,10,F,1,200109,1,"$96,434",29.1
DLLS,42,H,13,12,H,0110,1,GS-12,F,XXXX,8,10,F,1,200109,1,"$69,456",26.0
DLLS,11,D,13,13,D,0110,1,GS-13,F,XXXX,8,10,F,1,200109,1,"$69,534",9.5
DLLS,11,H,14,13,I,0110,1,GS-13,G,XXXX,8,10,F,1,200109,1,"$77,965",33.3
DLLS,11,E,21,14,B,0110,1,GS-14,H,XXXX,8,15,F,1,200109,1,"$82,168",2.3
DLLS,11,D,13,09,B,0110,1,GS-09,C,XXXX,8,15,F,1,200109,1,"$36,656",2.7
DLLS,42,F,13,14,G,0110,1,GS-14,H,XXXX,2,10,F,1,200109,1,"$82,593",22.9
DLLS,11,G,17,14,G,0110,1,GM-14,H,XXXX,2,10,F,1,200109,1,"$89,649",22.8
DLLS,11,E,17,13,E,0110,1,GS-13,F,XXXX,8,10,F,1,200109,1,"$65,319",11.3
DLLS,11,E,13,12,E,0110,1,GS-12,E,XXXX,8,10,F,1,200109,1,"$58,470",11.4
DLLS,42,G,04,05,A,0119,3,GS-05,B,XXXX,8,15,P,2,200109,1,"$23,633",0.4
DLLS,11,G,17,14,F,0110,1,GS-14,H,XXXX,8,10,F,1,200109,1,"$87,148",18.2
DLLS,42,E,13,12,E,0110,1,GS-12,F,XXXX,8,10,F,1,200109,1,"$62,334",12.3
DLLS,29,D,13,12,D,0110,1,GS-12,E,XXXX,8,10,F,1,200109,1,"$57,457",9.3
DLLS,06,F,17,12,C,0110,1,GS-12,E,XXXX,8,10,F,1,200109,1,"$55,153",3.4
DLLS,42,H,14,13,I,0110,1,GM-13,H,XXXX,2,10,F,1,200109,1,"$82,605",31.3
DLLS,42,I,14,13,I,0110,1,GM-13,H,XXXX,2,10,F,1,200109,1,"$82,605",31.5
DLLS,42,I,14,13,I,0110,1,GM-13,H,XXXX,2,10,F,1,200109,1,"$81,557",31.6
DLLS,36,F,13,05,A,0119,3,GS-05,B,XXXX,8,15,P,2,200109,1,"$25,607",0.3
DLLS,11,C,13,09,B,0110,1,GS-09,C,XXXX,8,15,F,1,200109,1,"$36,656",1.3
DLLS,11,D,13,13,E,0110,1,GS-13,F,XXXX,2,10,F,1,200109,1,"$69,534",11.2
DLLS,12,K,13,07,F,0119,3,GS-07,C,XXXX,8,10,P,2,200109,1,"$37,245",17.3
DLLS,11,D,13,12,E,0110,1,GS-12,F,XXXX,8,10,F,1,200109,1,"$60,242",10.3
DLLS,42,G,13,12,E,0110,1,GS-12,E,XXXX,8,10,F,1,200109,1,"$58,773",13.0
DLLS,11,D,13,12,C,0110,1,GS-12,E,XXXX,8,10,F,1,200109,1,"$53,156",4.3
DLLS,42,K,13,06,C,0119,3,GS-06,B,XXXX,8,10,P,2,200109,1,"$28,097",4.2
DLLS,11,G,13,12,E,0110,1,GS-12,E,XXXX,8,10,F,1,200109,1,"$58,470",14.4
DLLS,42,B,13,09,B,0110,1,GS-09,C,XXXX,8,15,F,1,200109,1,"$36,845",1.1
DLLS,42,K,04,07,G,0119,3,GS-07,C,XXXX,8,10,P,2,200109,1,"$37,374",23.8
DLLS,12,I,03,07,F,0119,3,GS-07,C,XXXX,8,10,P,2,200109,1,"$35,126",15.7
DLLS,11,F,13,14,E,0110,1,GS-14,G,XXXX,2,10,F,1,200109,1,"$79,678",13.8
DLLS,42,F,13,15,F,0110,1,GS-15,I,XXXX,2,10,F,1,200109,1,"$94,207",17.8
DLLS,42,F,10,06,E,0119,3,GS-06,C,XXXX,8,10,P,2,200109,1,"$31,860",11.8
DLLS,11,B,13,11,B,0110,1,GS-11,D,XXXX,8,15,F,1,200109,1,"$44,352",2.3
DLLS,26,K,13,05,C,0119,3,GS-05,B,XXXX,8,15,P,2,200109,1,"$27,315",3.6
DLLS,11,B,**,07,A,0110,1,GS-07,B,XXXX,8,15,F,1,200109,1,"$29,966",0.1
DLLS,42,H,13,12,H,0110,1,GS-12,F,XXXX,8,10,F,1,200109,1,"$67,676",27.2
DLLS,11,F,17,14,E,0110,1,GS-14,G,XXXX,8,10,F,1,200109,1,"$74,697",14.3
DLLS,11,D,13,12,E,0110,1,GS-12,F,XXXX,8,10,F,1,200109,1,"$60,242",10.8
DLLS,11,B,13,09,B,0110,1,GS-09,C,XXXX,8,15,F,1,200109,1,"$36,656",1.8
DLLS,11,F,13,13,F,0110,1,GS-13,F,XXXX,8,10,F,1,200109,1,"$69,534",16.3
DLLS,42,B,13,09,B,0110,1,GS-09,C,XXXX,8,15,F,1,200109,1,"$36,094",1.0
DLLS,42,D,13,12,D,0110,1,GS-12,E,XXXX,8,10,F,1,200109,1,"$55,830",8.1
DLLS,42,H,13,12,H,0110,1,GS-12,F,XXXX,8,10,F,1,200109,1,"$65,770",28.0
DLLS,42,I,15,13,I,0110,1,GM-13,H,XXXX,4,10,F,1,200109,1,"$82,605",33.0
DLLS,11,E,17,14,E,0110,1,GS-14,G,XXXX,8,10,F,1,200109,1,"$79,678",11.4
DLLS,11,B,13,09,B,0110,1,GS-09,C,XXXX,8,15,F,1,200109,1,"$36,656",1.2
DLLS,06,E,13,12,E,0110,1,GS-12,E,XXXX,8,10,F,1,200109,1,"$58,828",10.3
DLLS,42,D,13,13,E,0110,1,GS-13,F,XXXX,2,10,F,1,200109,1,"$67,775",10.3
DLLS,11,E,13,12,E,0110,1,GS-12,E,XXXX,8,10,F,1,200109,1,"$58,470",13.3
DLLS,42,F,13,12,F,0110,1,GS-12,F,XXXX,8,10,F,1,200109,1,"$64,114",19.9
DLLS,11,B,13,11,B,0110,1,GS-11,D,XXXX,8,15,F,1,200109,1,"$44,352",2.3
DLLS,11,C,13,07,A,0110,1,GS-07,B,XXXX,8,15,F,1,200109,1,"$29,966",0.8
DLLS,42,B,13,07,A,0110,1,GS-07,C,XXXX,8,15,F,1,200109,1,"$30,121",0.1
DLLS,42,I,08,07,E,0119,3,GS-07,C,XXXX,8,10,P,2,200109,1,"$35,407",12.4
DLLS,42,G,13,12,G,0110,1,GS-12,F,XXXX,8,10,F,1,200109,1,"$67,676",22.2
DLLS,18,D,13,12,D,0110,1,GS-12,E,XXXX,8,10,F,1,200109,1,"$55,495",5.2
DLLS,06,E,17,13,E,0110,1,GS-13,F,XXXX,2,10,F,1,200109,1,"$69,319",10.4
DLLS,11,D,13,13,E,0110,1,GS-13,F,XXXX,8,10,F,1,200109,1,"$69,534",10.6
DLLS,42,I,04,07,D,0119,3,GS-07,C,XXXX,8,10,P,2,200109,1,"$32,457",5.3
DLLS,13,G,04,07,G,0119,3,GS-07,C,XXXX,8,10,P,2,200109,1,"$37,415",22.2
DLLS,42,F,17,11,G,0110,1,GS-11,E,XXXX,8,10,F,1,200109,1,"$57,954",20.4
DLLS,11,F,14,13,F,0110,1,GS-13,G,XXXX,2,10,F,1,200109,1,"$75,857",19.1
DLLS,11,B,13,09,B,0110,1,GS-09,C,XXXX,8,15,F,1,200109,1,"$36,656",1.0
DLLS,11,B,13,09,B,0110,1,GS-09,C,XXXX,8,15,F,1,200109,1,"$36,656",1.2
DLLS,11,C,13,12,C,0110,1,GS-12,E,XXXX,8,10,F,1,200109,1,"$53,156",3.3
DLLS,42,H,13,07,F,0119,3,GS-07,C,XXXX,8,10,P,2,200109,1,"$35,407",15.8
DLLS,13,F,13,12,G,0110,1,GS-12,F,XXXX,8,10,F,1,200109,1,"$62,876",21.5
DLLS,42,B,13,09,B,0110,1,GS-09,C,XXXX,8,15,F,1,200109,1,"$36,845",1.1
DLLS,42,K,04,06,F,0119,3,GS-06,C,XXXX,8,10,P,2,200109,1,"$32,523",16.4
DLLS,42,G,08,12,G,0110,1,GS-12,F,XXXX,8,10,F,1,200109,1,"$67,676",23.9
DLLS,42,E,13,12,F,0110,1,GS-12,F,XXXX,2,10,F,1,200109,1,"$60,553",16.8
DLLS,11,D,13,13,E,0110,1,GS-13,G,XXXX,8,10,F,1,200109,1,"$71,642",12.1
DLLS,11,B,13,09,B,0110,1,GS-09,C,XXXX,8,15,F,1,200109,1,"$36,656",1.3
DLLS,11,B,,04,A,0119,3,GS-04,B,XXXX,8,42,P,2,200109,1,"$22,232",0.3
DLLS,11,B,13,11,B,0110,1,GS-11,D,XXXX,8,15,F,1,200109,1,"$44,352",2.2
DLLS,42,B,04,11,C,0110,1,GS-11,D,XXXX,8,15,F,1,200109,1,"$44,581",3.3
DLLS,06,I,11,05,D,0119,3,GS-05,B,XXXX,8,15,P,2,200109,1,"$29,099",8.9
DLLS,42,I,04,06,C,0119,3,GS-06,B,XXXX,8,15,P,2,200109,1,"$28,911",4.2
DLLS,13,I,13,12,D,0110,1,GS-12,E,XXXX,8,10,F,1,200109,1,"$57,638",8.9
DLLS,11,B,13,07,A,0110,1,GS-07,B,XXXX,8,15,F,1,200109,1,"$29,966",0.2
DLLS,11,G,13,12,G,0110,1,GS-12,F,XXXX,8,10,F,1,200109,1,"$69,099",24.9
DLLS,11,C,13,12,C,0110,1,GS-12,E,XXXX,8,10,P,2,200109,1,"$54,928",4.3
DLLS,11,F,17,11,D,0110,1,GS-11,D,XXXX,8,15,F,1,200109,1,"$44,352",7.3
DLLS,42,F,17,06,D,0119,3,GS-06,C,XXXX,8,10,P,2,200109,1,"$30,717",6.4
DLLS,11,E,17,12,C,0110,1,GS-12,E,XXXX,8,15,F,1,200109,1,"$53,156",3.6
DLLS,11,C,13,07,A,0110,1,GS-07,B,XXXX,8,42,P,2,200109,1,"$29,966",0.3
DLLS,11,B,13,07,A,0110,1,GS-07,B,XXXX,8,15,F,1,200109,1,"$29,966",0.3
DLLS,11,C,13,11,B,0110,1,GS-11,D,XXXX,8,15,F,1,200109,1,"$44,352",2.2
DLLS,11,B,13,09,B,0110,1,GS-09,C,XXXX,8,15,F,1,200109,1,"$36,656",1.3
DLLS,13,H,13,13,G,0110,1,GS-13,G,XXXX,2,10,F,1,200109,1,"$74,777",23.8
DLLS,11,H,13,13,H,0110,1,GS-13,G,XXXX,8,10,F,1,200109,1,"$77,965",25.8
DLLS,11,F,13,12,F,0110,1,GS-12,F,XXXX,8,10,F,1,200109,1,"$62,013",18.5
DLLS,11,E,13,12,E,0110,1,GS-12,F,XXXX,8,10,F,1,200109,1,"$62,013",13.2
DLLS,11,G,04,12,E,0110,1,GS-12,E,XXXX,8,10,F,1,200109,1,"$53,156",10.3
DLLS,11,G,13,13,H,0110,1,GS-13,G,XXXX,8,10,F,1,200109,1,"$75,857",26.5
DLLS,11,G,13,12,H,0110,1,GS-12,F,XXXX,8,10,F,1,200109,1,"$62,013",26.4
DLLS,11,G,13,12,E,0110,1,GS-12,F,XXXX,8,10,F,1,200109,1,"$63,785",14.7
DLLS,11,G,13,12,E,0110,1,GS-12,F,XXXX,8,10,F,1,200109,1,"$63,785",14.0
DLLS,11,F,17,13,F,0110,1,GS-13,G,XXXX,8,10,F,1,200109,1,"$73,749",19.1
DLLS,24,F,13,12,F,0110,1,GS-12,F,XXXX,8,10,F,1,200109,1,"$63,785",18.3
DLLS,11,F,08,06,E,0119,3,GS-06,C,XXXX,8,10,F,1,200109,1,"$35,051",14.2
DLLS,11,E,13,12,D,0110,1,GS-12,E,XXXX,8,10,P,2,200109,1,"$56,699",6.8
DLLS,11,D,13,12,D,0110,1,GS-12,E,XXXX,8,10,F,1,200109,1,"$56,699",6.4
DLLS,11,C,13,12,C,0110,1,GS-12,E,XXXX,8,10,P,2,200109,1,"$54,928",4.2
DLLS,11,B,13,12,C,0110,1,GS-12,E,XXXX,8,15,F,1,200109,1,"$53,156",3.3
DLLS,11,B,13,07,A,0110,1,GS-07,B,XXXX,8,15,F,1,200109,1,"$29,966",0.2
DLLS,11,J,14,12,I,0110,1,GS-12,F,XXXX,8,10,F,1,200109,1,"$69,099",31.8
DLLS,11,I,13,12,I,0110,1,GS-12,F,XXXX,8,10,F,1,200109,1,"$63,785",32.6
DLLS,51,I,13,07,H,0119,3,GS-07,C,XXXX,8,10,P,2,200109,1,"$37,955",26.5
DLLS,11,H,14,14,I,0110,1,GM-14,I,XXXX,2,10,F,1,200109,1,"$91,377",30.6
DLLS,11,H,14,14,H,0110,1,GS-14,I,XXXX,8,10,F,1,200109,1,"$92,128",29.1
DLLS,11,H,14,14,I,0110,1,GM-14,I,XXXX,2,10,F,1,200109,1,"$95,146",32.1
DLLS,11,H,13,14,H,0110,1,GS-14,H,XXXX,8,10,F,1,200109,1,"$87,148",25.7
DLLS,11,F,13,13,F,0110,1,GS-13,G,XXXX,8,10,F,1,200109,1,"$75,857",17.1
DLLS,11,F,13,12,G,0110,1,GS-12,F,XXXX,8,10,P,2,200109,1,"$65,556",20.0
DLLS,11,F,13,12,F,0110,1,GS-12,F,XXXX,8,10,F,1,200109,1,"$63,785",16.0
DLLS,11,C,13,13,D,0110,1,GS-13,F,XXXX,2,10,F,1,200109,1,"$63,211",5.3
DLLS,11,E,13,12,F,0110,1,GS-12,F,XXXX,8,10,F,1,200109,1,"$63,785",19.8
DLLS,11,F,13,12,F,0110,1,GS-12,E,XXXX,8,10,F,1,200109,1,"$58,470",15.7
DLLS,11,D,13,13,D,0110,1,GS-13,F,XXXX,2,10,F,1,200109,1,"$63,211",6.5
DLLS,24,F,13,06,C,0119,3,GS-06,B,XXXX,8,15,P,2,200109,1,"$27,864",4.3
DLLS,11,D,13,12,D,0110,1,GS-12,E,XXXX,8,10,F,1,200109,1,"$56,699",8.6
DLLS,11,E,13,14,E,0110,1,GS-14,G,XXXX,8,10,F,1,200109,1,"$79,678",12.3
DLLS,11,D,13,13,C,0110,1,GS-13,F,XXXX,8,10,F,1,200109,1,"$63,211",4.2
DLLS,11,E,13,12,E,0110,1,GS-12,E,XXXX,8,10,F,1,200109,1,"$58,470",11.2
DLLS,11,B,11,04,A,0119,3,GS-04,B,XXXX,8,42,F,2,200109,1,"$22,232",0.3
DLLS,11,D,13,12,D,0110,1,GS-12,E,XXXX,8,10,F,1,200109,1,"$56,699",7.1
DLLS,11,B,13,09,B,0110,1,GS-09,C,XXXX,8,15,F,1,200109,1,"$36,656",1.3
DLLS,11,D,13,12,D,0110,1,GS-12,E,XXXX,8,10,P,2,200109,1,"$58,470",9.8
DLLS,11,D,17,12,C,0110,1,GS-12,E,XXXX,8,15,F,1,200109,1,"$53,156",3.4
DLLS,11,I,14,13,H,0110,1,GS-13,H,XXXX,8,10,F,1,200109,1,"$82,180",29.3
DLLS,11,G,13,14,H,0110,1,GM-14,I,XXXX,5,10,F,1,200109,1,"$94,628",26.8
DLLS,11,H,13,14,I,0110,1,GM-14,I,XXXX,2,10,F,1,200109,1,"$93,260",30.4
DLLS,11,I,14,,I,0110,1,ES-03,M,XXXX,2,50,F,1,200109,1,"$131,615",30.1
DLLS,11,H,11,14,H,0110,1,GS-14,H,XXXX,2,10,F,1,200109,1,"$87,148",27.4
DLLS,42,E,13,12,E,0110,1,GS-12,E,XXXX,8,10,F,1,200109,1,"$57,574",14.3
DLLS,11,H,17,13,H,0110,1,GS-13,G,XXXX,8,10,F,1,200109,1,"$77,965",29.4
DLLS,24,H,04,05,B,0119,3,GS-05,B,XXXX,8,15,P,2,200109,1,"$24,999",1.2
DLLS,11,H,14,13,H,0110,1,GS-13,H,XXXX,8,10,F,1,200109,1,"$82,180",28.2
DLLS,24,G,13,12,G,0110,1,GS-12,F,XXXX,8,10,F,1,200109,1,"$67,327",22.9
DLLS,11,E,17,11,B,0110,1,GS-11,D,XXXX,8,15,F,1,200109,1,"$44,352",1.0
DLLS,11,C,13,12,C,0110,1,GS-12,E,XXXX,8,15,F,1,200109,1,"$53,156",3.8
DLLS,11,C,13,12,C,0110,1,GS-12,E,XXXX,8,15,F,1,200109,1,"$53,156",3.0
DLLS,11,C,13,11,B,0110,1,GS-11,D,XXXX,8,15,F,1,200109,1,"$44,352",2.8
DLLS,11,B,13,09,B,0110,1,GS-09,D,XXXX,8,15,F,1,200109,1,"$40,320",2.0
DLLS,11,C,13,09,B,0110,1,GS-09,C,XXXX,8,15,F,1,200109,1,"$36,656",1.5
DLLS,11,B,13,09,B,0110,1,GS-09,C,XXXX,8,15,F,1,200109,1,"$36,656",1.2
DLLS,11,B,13,07,A,0110,1,GS-07,C,XXXX,8,15,F,1,200109,1,"$35,958",0.2
DLLS,11,H,17,12,I,0110,1,GS-12,F,XXXX,8,10,F,1,200109,1,"$69,099",31.8
DLLS,11,H,14,13,H,0110,1,GS-13,G,XXXX,8,10,F,1,200109,1,"$77,965",29.3
DLLS,11,G,13,13,G,0110,1,GS-13,G,XXXX,8,10,F,1,200109,1,"$75,857",23.5
DLLS,11,H,13,15,H,0110,1,GM-15,J,XXXX,2,10,F,1,200109,1,"$108,139",28.4
DLLS,11,F,13,11,G,0110,1,GS-11,E,XXXX,8,10,F,1,200109,1,"$53,221",23.2
DLLS,11,H,14,13,I,0110,1,GS-13,H,XXXX,8,10,F,1,200109,1,"$80,072",31.2
DLLS,11,G,13,12,H,0110,1,GS-12,E,XXXX,8,10,P,2,200109,1,"$58,470",25.3
DLLS,11,H,13,14,I,0110,1,GM-14,I,XXXX,2,10,F,1,200109,1,"$97,108",31.0
DLLS,11,G,13,,H,0110,1,ES-04,M,XXXX,2,50,F,1,200109,1,"$133,700",27.1
DLLS,13,H,18,07,D,0119,3,GS-07,C,XXXX,8,10,P,2,200109,1,"$31,508",5.5
DLLS,11,F,04,07,G,0119,3,GS-07,C,XXXX,8,10,F,1,200109,1,"$36,957",24.8
DLLS,11,F,13,12,G,0110,1,GS-12,F,XXXX,8,10,F,1,200109,1,"$60,242",20.0
DLLS,11,G,17,12,D,0110,1,GS-12,E,XXXX,8,10,F,1,200109,1,"$56,699",6.3
DLLS,11,F,17,12,E,0110,1,GS-12,E,XXXX,8,10,F,1,200109,1,"$56,699",10.8
DLLS,11,C,13,11,B,0110,1,GS-11,D,XXXX,8,15,F,1,200109,1,"$44,352",2.8
DLLS,11,E,04,09,F,0110,1,GS-09,C,XXXX,8,10,F,1,200109,1,"$39,099",17.9
DLLS,11,F,13,13,G,0110,1,GS-13,F,XXXX,8,10,F,1,200109,1,"$67,427",22.1
DLLS,11,D,13,12,D,0110,1,GS-12,E,XXXX,8,10,F,1,200109,1,"$56,699",8.8
DLLS,11,D,12,13,E,0110,1,GS-13,F,XXXX,8,10,F,1,200109,1,"$69,534",12.3
DLLS,11,E,04,12,F,0110,1,GS-12,E,XXXX,8,10,F,1,200109,1,"$58,470",15.7
DLLS,11,E,13,13,E,0110,1,GS-13,F,XXXX,8,10,F,1,200109,1,"$69,534",12.6
DLLS,24,D,13,05,A,0119,3,GS-05,B,XXXX,8,15,P,2,200109,1,"$24,192",0.6
DLLS,11,B,13,11,B,0110,1,GS-11,D,XXXX,8,15,F,1,200109,1,"$44,352",2.3
DLLS,11,B,13,07,A,0110,1,GS-07,B,XXXX,8,15,F,1,200109,1,"$29,966",0.2
DLLS,11,D,17,11,B,0110,1,GS-11,D,XXXX,8,15,F,1,200109,1,"$44,352",2.1
DLLS,11,C,17,11,B,0110,1,GS-11,D,XXXX,8,15,F,1,200109,1,"$45,830",2.1
DLLS,11,F,17,11,B,0110,1,GS-11,D,XXXX,8,15,F,1,200109,1,"$44,352",2.7
DLLS,11,J,13,13,J,0110,1,GS-13,H,XXXX,8,10,F,1,200109,1,"$82,180",40.0
DLLS,11,H,14,12,F,0110,1,GS-12,F,XXXX,8,10,F,1,200109,1,"$65,556",15.3
DLLS,11,H,13,14,I,0110,1,GM-14,I,XXXX,2,10,F,1,200109,1,"$95,895",31.3
DLLS,11,H,14,15,I,0110,1,GS-15,J,XXXX,2,10,F,1,200109,1,"$102,508",31.8
DLLS,11,H,13,12,G,0110,1,GS-12,E,XXXX,8,10,F,1,200109,1,"$56,699",23.3
DLLS,11,E,13,12,E,0110,1,GS-12,E,XXXX,8,10,F,1,200109,1,"$56,699",11.8
DLLS,11,G,13,14,H,0110,1,GM-14,H,XXXX,2,10,F,1,200109,1,"$89,767",26.1
DLLS,11,G,14,13,H,0110,1,GS-13,G,XXXX,8,10,F,1,200109,1,"$75,857",25.2
DLLS,11,H,21,12,E,0110,1,GS-12,E,XXXX,8,10,F,1,200109,1,"$58,470",14.8
DLLS,11,F,04,13,G,0110,1,GS-13,G,XXXX,8,10,F,1,200109,1,"$75,857",21.7
DLLS,24,C,13,07,A,0110,1,GS-07,B,XXXX,8,15,F,1,200109,1,"$29,966",0.2
DLLS,11,E,17,11,C,0110,1,GS-11,D,XXXX,8,10,F,1,200109,1,"$48,787",4.5
DLLS,11,B,13,07,B,0110,1,GS-07,C,XXXX,8,15,F,1,200109,1,"$30,965",1.0
DLLS,11,I,13,12,E,0110,1,GS-12,E,XXXX,8,10,F,1,200109,1,"$56,699",14.4
DLLS,11,I,04,10,J,0119,3,GS-10,E,XXXX,2,10,F,1,200109,1,"$51,135",38.7
DLLS,11,F,13,12,E,0110,1,GS-12,E,XXXX,8,10,F,1,200109,1,"$56,699",13.4
DLLS,11,G,13,14,H,0110,1,GM-14,I,XXXX,2,10,F,1,200109,1,"$94,629",26.4
DLLS,24,D,04,12,E,0110,1,GS-12,E,XXXX,2,10,F,1,200109,1,"$53,156",13.9
DLLS,11,H,17,12,C,0110,1,GS-12,E,XXXX,8,15,F,1,200109,1,"$53,156",3.1
DLLS,06,F,13,06,E,0119,3,GS-06,C,XXXX,8,10,P,2,200109,1,"$36,367",11.9
DLLS,11,F,14,14,F,0110,1,GS-14,I,XXXX,8,10,F,1,200109,1,"$92,128",18.0
DLLS,48,E,13,13,F,0110,1,GS-13,G,XXXX,4,10,F,1,200109,1,"$73,401",16.4
DLLS,11,E,13,11,B,0110,1,GS-11,D,XXXX,8,15,F,1,200109,1,"$44,352",2.9
DLLS,11,E,12,12,E,0110,1,GS-12,F,XXXX,8,10,F,1,200109,1,"$60,242",14.3
DLLS,29,C,13,07,C,0110,1,GS-07,C,XXXX,8,15,F,1,200109,1,"$38,279",4.9
DLLS,11,E,13,12,E,0110,1,GS-12,E,XXXX,8,10,F,1,200109,1,"$53,156",10.2
DLLS,11,D,13,13,E,0110,1,GS-13,F,XXXX,2,10,F,1,200109,1,"$65,319",10.3
DLLS,11,D,13,11,B,0110,1,GS-11,D,XXXX,8,15,F,1,200109,1,"$44,352",2.8
DLLS,11,D,04,06,E,0119,3,GS-06,C,XXXX,8,10,F,1,200109,1,"$33,254",13.3
DLLS,11,C,13,11,C,0110,1,GS-11,D,XXXX,8,15,F,1,200109,1,"$47,309",4.6
DLLS,11,J,17,13,J,0110,1,GS-13,H,XXXX,8,10,F,1,200109,1,"$82,180",37.0
DLLS,24,I,17,07,F,0119,3,GS-07,C,XXXX,8,10,P,2,200109,1,"$35,958",15.5
DLLS,06,I,13,13,I,0110,1,GS-13,H,XXXX,4,10,F,1,200109,1,"$82,739",32.1
DLLS,11,H,13,14,H,0110,1,GS-14,H,XXXX,2,10,F,1,200109,1,"$89,638",29.5
DLLS,11,H,04,12,I,0110,1,GS-12,F,XXXX,8,10,F,1,200109,1,"$67,327",31.8
DLLS,11,H,11,06,I,0119,3,GS-06,C,XXXX,8,10,F,1,200109,1,"$35,051",30.3
DLLS,11,H,14,13,H,0110,1,GM-13,G,XXXX,2,10,F,1,200109,1,"$77,973",28.1
DLLS,11,G,21,,F,0110,1,SL-00,L,XXXX,5,10,F,1,200109,1,"$125,883",19.3
DLLS,11,D,21,14,D,0110,1,GS-14,H,XXXX,8,10,F,1,200109,1,"$82,168",8.1
DLLS,11,H,21,11,B,0110,1,GS-11,D,XXXX,8,15,F,1,200109,1,"$44,352",1.2
DLLS,11,F,13,13,F,0110,1,GM-13,G,XXXX,2,10,F,1,200109,1,"$75,857",18.4
DLLS,11,E,13,12,E,0110,1,GS-12,E,XXXX,8,10,F,1,200109,1,"$56,699",12.0
DLLS,11,E,13,13,E,0110,1,GS-13,F,XXXX,8,10,F,1,200109,1,"$69,534",13.8
DLLS,11,E,13,13,E,0110,1,GS-13,F,XXXX,2,10,F,1,200109,1,"$69,534",10.6
DLLS,11,D,09,12,E,0110,1,GS-12,E,XXXX,8,10,F,1,200109,1,"$53,156",12.8
DLLS,24,J,13,05,D,0119,3,GS-05,C,XXXX,8,10,P,2,200109,1,"$30,647",8.2
DLLS,11,I,04,07,H,0119,3,GS-07,C,XXXX,8,10,F,1,200109,1,"$38,954",27.7
DLLS,11,H,14,14,I,0110,1,GM-14,I,XXXX,2,10,F,1,200109,1,"$94,211",30.8
DLLS,11,H,04,08,G,0119,3,GS-08,D,XXXX,2,10,F,1,200109,1,"$40,934",24.1
DLLS,11,H,04,10,H,0119,3,GS-10,E,XXXX,2,10,F,1,200109,1,"$51,135",26.7
DLLS,11,H,14,14,H,0110,1,GM-14,I,XXXX,2,10,F,1,200109,1,"$93,381",29.6
DLLS,51,G,10,07,F,0119,3,GS-07,C,XXXX,8,10,P,2,200109,1,"$35,958",15.8
DLLS,11,G,13,15,G,0110,1,GM-15,J,XXXX,2,10,F,1,200109,1,"$106,885",21.8
DLLS,11,D,17,13,D,0110,1,GS-13,F,XXXX,8,10,F,1,200109,1,"$65,319",8.7
DLLS,11,E,13,14,F,0110,1,GM-14,H,XXXX,2,10,P,2,200109,1,"$84,717",16.4
DLLS,11,C,17,11,C,0110,1,GS-11,D,XXXX,8,15,F,1,200109,1,"$45,830",3.3
DLLS,11,E,13,13,F,0110,1,GS-13,F,XXXX,8,10,F,1,200109,1,"$65,319",15.1
DLLS,11,F,13,13,E,0110,1,GS-13,F,XXXX,8,10,F,1,200109,1,"$69,534",14.2
DLLS,11,B,13,07,A,0110,1,GS-07,B,XXXX,8,15,F,1,200109,1,"$29,966",0.0
DLLS,11,I,07,12,J,0110,1,GS-12,F,XXXX,8,10,F,1,200109,1,"$63,785",39.3
DLLS,11,I,13,12,H,0110,1,GS-12,F,XXXX,8,10,F,1,200109,1,"$65,556",25.2
DLLS,37,J,13,07,D,0119,3,GS-07,C,XXXX,8,10,P,2,200109,1,"$32,200",7.2
DLLS,11,I,13,12,F,0110,1,GS-12,E,XXXX,8,10,F,1,200109,1,"$58,470",15.2
DLLS,11,H,13,13,H,0110,1,GS-13,G,XXXX,8,10,F,1,200109,1,"$73,749",29.9
DLLS,11,H,14,14,I,0110,1,GS-14,H,XXXX,2,10,F,1,200109,1,"$87,148",30.2
DLLS,11,F,13,15,G,0110,1,GS-15,J,XXXX,5,10,F,1,200109,1,"$102,508",23.3
DLLS,06,H,17,12,I,0110,1,GS-12,G,XXXX,8,10,F,1,200109,1,"$71,694",30.4
DLLS,11,I,14,14,I,0110,1,GS-14,H,XXXX,2,10,F,1,200109,1,"$89,638",33.2
DLLS,11,G,17,14,G,0110,1,GM-14,I,XXXX,2,10,F,1,200109,1,"$92,128",22.6
DLLS,11,G,21,12,C,0110,1,GS-12,E,XXXX,8,15,F,1,200109,1,"$54,928",3.1
DLLS,11,E,04,13,E,0110,1,GS-13,F,XXXX,8,10,F,1,200109,1,"$65,319",13.3
DLLS,11,E,04,07,E,0119,3,GS-07,C,XXXX,8,10,F,1,200109,1,"$37,955",13.8
DLLS,26,F,17,12,E,0110,1,GS-12,G,XXXX,8,10,F,1,200109,1,"$70,923",13.3
DLLS,11,C,13,09,B,0110,1,GS-09,C,XXXX,8,15,F,1,200109,1,"$36,656",1.9
DLLS,11,D,17,07,A,0110,1,GS-07,B,XXXX,8,15,F,1,200109,1,"$29,966",0.8
DLLS,11,E,13,13,F,0110,1,GS-13,G,XXXX,2,10,P,2,200109,1,"$73,749",16.8
DLLS,11,E,13,12,E,0110,1,GS-12,E,XXXX,8,10,F,1,200109,1,"$58,470",12.9
DLLS,11,E,13,12,E,0110,1,GS-12,F,XXXX,8,10,F,1,200109,1,"$60,242",13.7
DLLS,17,B,13,11,C,0110,1,GS-11,D,XXXX,8,15,F,1,200109,1,"$45,467",4.4
DLLS,06,F,13,12,F,0110,1,GS-12,F,XXXX,8,10,F,1,200109,1,"$67,690",18.1
DLLS,11,B,13,09,B,0110,1,GS-09,C,XXXX,8,15,F,1,200109,1,"$36,656",1.0
DLLS,11,D,13,13,D,0110,1,GS-13,F,XXXX,8,10,F,1,200109,1,"$67,427",8.6
DLLS,13,E,13,12,F,0110,1,GS-12,F,XXXX,8,10,F,1,200109,1,"$62,876",15.3
DLLS,51,D,13,11,D,0110,1,GS-11,E,XXXX,8,10,F,1,200109,1,"$56,803",8.9
DLLS,12,K,07,07,F,0119,3,GS-07,C,XXXX,8,10,P,2,200109,1,"$34,151",15.5
DLLS,11,K,04,06,J,0119,3,GS-06,C,XXXX,8,10,F,1,200109,1,"$35,051",40.3
DLLS,11,C,13,11,B,0110,1,GS-11,D,XXXX,8,15,F,1,200109,1,"$44,352",2.7
DLLS,11,I,04,06,H,0119,3,GS-06,C,XXXX,8,10,F,1,200109,1,"$35,051",25.0
DLLS,11,G,17,13,G,0110,1,GS-13,G,XXXX,8,10,F,1,200109,1,"$75,857",24.4
DLLS,11,F,13,13,G,0110,1,GS-13,G,XXXX,5,10,F,1,200109,1,"$71,642",20.2
DLLS,11,D,13,13,E,0110,1,GS-13,F,XXXX,2,10,F,1,200109,1,"$67,427",11.1
DLLS,11,F,13,13,F,0110,1,GS-13,F,XXXX,2,10,F,1,200109,1,"$65,319",18.6
DLLS,11,C,13,07,A,0110,1,GS-07,B,XXXX,8,15,F,1,200109,1,"$29,966",0.0
DLLS,11,I,04,12,I,0110,1,GS-12,F,XXXX,8,10,F,1,200109,1,"$62,013",34.8
DLLS,11,H,14,13,I,0110,1,GS-13,H,XXXX,2,10,F,1,200109,1,"$82,180",31.7
DLLS,11,C,13,13,D,0110,1,GS-13,F,XXXX,8,10,F,1,200109,1,"$63,211",5.3
DLLS,11,F,13,15,E,0110,1,GS-15,J,XXXX,5,10,F,1,200109,1,"$102,508",14.1
DLLS,11,D,17,12,D,0110,1,GS-12,E,XXXX,8,10,F,1,200109,1,"$58,470",5.6
DLLS,11,D,17,13,D,0110,1,GS-13,F,XXXX,8,10,F,1,200109,1,"$69,534",6.4
DLLS,13,B,13,07,A,0110,1,GS-07,B,XXXX,8,15,F,1,200109,1,"$29,539",0.7
DLLS,11,J,13,12,H,0110,1,GS-12,F,XXXX,8,10,F,1,200109,1,"$62,013",26.9
DLLS,36,H,04,06,E,0119,3,GS-06,C,XXXX,8,10,P,2,200109,1,"$31,499",10.1
DLLS,11,H,14,13,I,0110,1,GS-13,H,XXXX,2,10,F,1,200109,1,"$82,180",31.7
DLLS,11,H,17,14,I,0110,1,GS-14,H,XXXX,2,10,F,1,200109,1,"$89,638",31.3
DLLS,11,G,13,13,H,0110,1,GS-13,G,XXXX,8,10,F,1,200109,1,"$71,642",27.1
DLLS,11,G,13,13,E,0110,1,GS-13,F,XXXX,8,10,F,1,200109,1,"$69,534",11.2
DLLS,11,E,04,13,F,0110,1,GS-13,G,XXXX,8,10,F,1,200109,1,"$71,642",16.8
DLLS,11,F,13,14,F,0110,1,GS-14,H,XXXX,2,10,F,1,200109,1,"$82,168",18.8
DLLS,11,E,17,12,E,0110,1,GS-12,E,XXXX,8,10,F,1,200109,1,"$58,470",14.7
DLLS,06,G,13,12,D,0110,1,GS-12,F,XXXX,4,10,F,1,200109,1,"$60,171",9.2
DLLS,11,D,17,12,C,0110,1,GS-12,E,XXXX,8,15,F,1,200109,1,"$54,928",3.2
DLLS,51,J,17,07,C,0119,3,GS-07,B,XXXX,8,15,P,2,200109,1,"$29,523",3.8
DLLS,11,I,17,13,I,0110,1,GS-13,H,XXXX,8,10,F,1,200109,1,"$82,180",34.7
DLLS,11,G,13,14,H,0110,1,GM-14,I,XXXX,2,10,F,1,200109,1,"$96,631",28.0
DLLS,11,F,13,12,E,0110,1,GS-12,F,XXXX,8,10,F,1,200109,1,"$63,785",14.3
DLLS,11,H,17,13,I,0110,1,GS-13,H,XXXX,8,10,F,1,200109,1,"$82,180",30.4
DLLS,11,G,17,12,D,0110,1,GS-12,E,XXXX,8,10,F,1,200109,1,"$56,699",5.1
DLLS,11,F,13,14,F,0110,1,GM-14,H,XXXX,2,10,F,1,200109,1,"$89,638",18.8
DLLS,11,B,13,09,B,0110,1,GS-09,C,XXXX,8,15,F,1,200109,1,"$36,656",1.8
DLLS,51,C,13,12,C,0110,1,GS-12,E,XXXX,8,10,F,1,200109,1,"$54,115",4.3
DLLS,11,D,13,09,C,0110,1,GS-09,C,XXXX,8,15,F,1,200109,1,"$39,099",3.1
DLLS,11,E,13,07,A,0110,1,GS-07,B,XXXX,8,15,F,1,200109,1,"$29,966",0.7
DLLS,11,E,13,13,F,0110,1,GS-13,G,XXXX,8,10,F,1,200109,1,"$73,749",15.1
DLLS,11,B,13,09,B,0110,1,GS-09,C,XXXX,8,15,F,1,200109,1,"$36,656",1.1
DLLS,11,B,13,09,B,0110,1,GS-09,C,XXXX,8,15,F,1,200109,1,"$36,656",1.5
DLLS,11,D,13,09,D,0110,1,GS-09,D,XXXX,8,15,F,1,200109,1,"$41,541",8.3
DLLS,11,C,17,11,B,0110,1,GS-11,D,XXXX,8,15,F,1,200109,1,"$44,352",1.3
DLLS,11,C,13,09,B,0110,1,GS-09,C,XXXX,8,15,F,1,200109,1,"$36,656",1.1
DLLS,04,J,05,07,E,0119,3,GS-07,C,XXXX,8,10,P,2,200109,1,"$34,151",12.4
DLLS,11,H,14,13,I,0110,1,GS-13,H,XXXX,8,10,F,1,200109,1,"$82,180",30.4
DLLS,11,G,13,13,H,0110,1,GM-13,H,XXXX,2,10,F,1,200109,1,"$81,707",26.8
DLLS,11,E,04,06,E,0119,3,GS-06,C,XXXX,8,10,F,1,200109,1,"$33,254",10.3
DLLS,11,G,13,13,H,0110,1,GS-13,G,XXXX,8,10,F,1,200109,1,"$77,965",26.8
DLLS,11,G,13,13,H,0110,1,GS-13,H,XXXX,2,10,F,1,200109,1,"$80,072",26.9
DLLS,11,G,14,12,G,0110,1,GS-12,F,XXXX,8,10,F,1,200109,1,"$63,785",22.3
DLLS,11,D,13,12,E,0110,1,GS-12,E,XXXX,8,10,F,1,200109,1,"$56,699",10.3
DLLS,11,C,21,09,A,0110,1,GS-09,C,XXXX,8,15,F,1,200109,1,"$36,656",0.7
DLLS,11,B,13,07,A,0110,1,GS-07,B,XXXX,8,15,F,1,200109,1,"$29,966",0.8
DLLS,11,J,05,14,J,0110,1,GM-14,I,XXXX,2,10,F,1,200109,1,"$92,128",35.6
DLLS,11,I,13,13,G,0110,1,GS-13,G,XXXX,8,10,F,1,200109,1,"$75,857",21.7
DLLS,11,I,09,13,J,0110,1,GS-13,H,XXXX,8,10,F,1,200109,1,"$82,180",35.6
DLLS,11,I,07,13,J,0110,1,GS-13,G,XXXX,8,10,F,1,200109,1,"$77,965",38.3
DLLS,11,I,08,08,I,0119,3,GS-08,D,XXXX,8,10,F,1,200109,1,"$43,147",33.9
DLLS,11,H,13,12,H,0110,1,GS-12,F,XXXX,8,10,F,1,200109,1,"$69,099",29.2
DLLS,11,E,21,14,D,0110,1,GS-14,H,XXXX,8,10,F,1,200109,1,"$82,168",9.5
DLLS,51,H,04,07,D,0119,3,GS-07,C,XXXX,8,10,P,2,200109,1,"$34,151",9.3
DLLS,11,H,13,08,G,0119,3,GS-08,D,XXXX,2,10,F,1,200109,1,"$40,934",22.5
DLLS,11,G,13,12,G,0110,1,GS-12,E,XXXX,8,10,F,1,200109,1,"$56,699",20.5
DLLS,11,F,17,09,A,0110,1,GS-09,C,XXXX,8,15,F,1,200109,1,"$36,656",0.9
DLLS,11,E,13,12,E,0110,1,GS-12,F,XXXX,8,10,F,1,200109,1,"$60,242",12.3
DLLS,11,E,13,12,E,0110,1,GS-12,E,XXXX,8,10,F,1,200109,1,"$58,470",13.1
DLLS,11,E,13,12,F,0110,1,GS-12,F,XXXX,8,10,F,1,200109,1,"$63,785",15.2
DLLS,11,E,13,13,G,0110,1,GS-13,G,XXXX,8,10,F,1,200109,1,"$71,642",21.0
DLLS,11,C,13,09,B,0110,1,GS-09,C,XXXX,8,15,F,1,200109,1,"$36,656",1.2
DLLS,11,D,13,12,E,0110,1,GS-12,E,XXXX,8,10,F,1,200109,1,"$58,470",10.5
DLLS,11,D,13,09,B,0110,1,GS-09,C,XXXX,8,15,F,1,200109,1,"$36,656",1.2
DLLS,36,H,13,07,C,0110,1,GS-07,C,XXXX,8,15,F,1,200109,1,"$36,035",3.6
DLLS,29,H,07,12,G,0110,1,GS-12,E,XXXX,8,10,F,1,200109,1,"$57,457",21.9
DLLS,11,H,13,13,F,0110,1,GS-13,F,XXXX,8,10,F,1,200109,1,"$69,534",17.9
DLLS,11,G,13,12,G,0110,1,GS-12,F,XXXX,8,10,P,2,200109,1,"$65,556",22.3
DLLS,11,G,13,13,G,0110,1,GS-13,H,XXXX,8,10,F,1,200109,1,"$80,072",24.1
DLLS,42,E,13,12,E,0110,1,GS-12,E,XXXX,8,10,F,1,200109,1,"$56,992",10.4
DLLS,11,E,13,12,E,0110,1,GS-12,F,XXXX,8,10,F,1,200109,1,"$60,242",12.7
DLLS,51,E,13,12,D,0110,1,GS-12,E,XXXX,8,10,F,1,200109,1,"$54,115",9.1
DLLS,11,D,04,07,E,0119,3,GS-07,C,XXXX,8,10,F,1,200109,1,"$33,961",10.3
DLLS,11,B,13,07,A,0110,1,GS-07,B,XXXX,8,15,F,1,200109,1,"$29,966",0.3
DLLS,51,D,04,06,C,0119,3,GS-06,B,XXXX,8,15,P,2,200109,1,"$27,452",3.5
DLLS,11,I,04,07,H,0119,3,GS-07,C,XXXX,8,10,F,1,200109,1,"$37,955",27.5
DLLS,11,H,13,07,G,0119,3,GS-07,C,XXXX,8,10,F,1,200109,1,"$37,955",22.2
DLLS,11,C,17,12,C,0110,1,GS-12,E,XXXX,8,15,F,1,200109,1,"$53,156",3.1
DLLS,13,C,17,12,C,0110,1,GS-12,E,XXXX,8,10,F,1,200109,1,"$54,145",4.3
DLLS,11,D,17,12,D,0110,1,GS-12,E,XXXX,8,15,F,1,200109,1,"$53,156",7.0
DLLS,11,H,18,14,F,0110,1,GM-14,H,XXXX,2,10,F,1,200109,1,"$89,767",17.4
DLLS,11,E,04,12,B,0110,1,GS-12,E,XXXX,8,15,F,1,200109,1,"$53,156",2.2
DLLS,11,J,14,11,I,0110,1,GS-11,E,XXXX,8,10,F,1,200109,1,"$57,656",34.4
DLLS,51,H,13,07,D,0119,3,GS-07,C,XXXX,8,10,P,2,200109,1,"$34,959",9.8
DLLS,48,H,13,12,G,0110,1,GS-12,F,XXXX,8,10,F,1,200109,1,"$68,773",24.3
DLLS,11,G,17,13,D,0110,1,GS-13,F,XXXX,8,10,F,1,200109,1,"$65,319",7.1
DLLS,13,E,13,09,B,0110,1,GS-09,C,XXXX,8,15,F,1,200109,1,"$36,134",1.2
DLLS,11,E,13,13,E,0110,1,GS-13,F,XXXX,8,10,F,1,200109,1,"$65,319",10.1
DLLS,11,C,13,09,C,0110,1,GS-09,C,XXXX,8,15,F,1,200109,1,"$36,656",3.0
DLLS,11,I,21,12,C,0110,1,GS-12,E,XXXX,8,15,F,1,200109,1,"$53,156",4.8
DLLS,11,G,21,14,F,0110,1,GS-14,I,XXXX,8,10,F,1,200109,1,"$92,128",17.4
DLLS,47,F,04,07,E,0119,3,GS-07,C,XXXX,8,10,P,2,200109,1,"$33,175",10.0
DLLS,11,D,17,09,C,0110,1,GS-09,C,XXXX,8,15,F,1,200109,1,"$36,656",4.3
DLLS,13,E,17,12,D,0110,1,GS-12,E,XXXX,8,10,F,1,200109,1,"$55,891",8.9
DLLS,11,E,13,13,E,0110,1,GS-13,F,XXXX,8,10,F,1,200109,1,"$65,319",10.3
DLLS,11,B,13,07,A,0110,1,GS-07,B,XXXX,8,15,F,1,200109,1,"$29,966",0.1
DLLS,11,D,17,13,D,0110,1,GS-13,F,XXXX,8,10,F,1,200109,1,"$67,427",6.7
DLLS,11,B,**,07,A,0110,1,GS-07,C,XXXX,8,15,F,1,200109,1,"$35,958",0.3
DLLS,11,F,13,13,E,0110,1,GS-13,F,XXXX,8,10,F,1,200109,1,"$69,534",13.6
DLLS,11,F,13,13,G,0110,1,GS-13,H,XXXX,8,10,F,1,200109,1,"$80,072",22.3
DLLS,06,E,13,07,D,0110,1,GS-07,D,XXXX,8,15,F,1,200109,1,"$40,417",6.3
DLLS,11,F,13,13,F,0110,1,GS-13,G,XXXX,8,10,F,1,200109,1,"$77,965",17.5
DLLS,11,D,13,12,D,0110,1,GS-12,E,XXXX,8,10,F,1,200109,1,"$58,470",9.5
DLLS,11,C,17,11,B,0110,1,GS-11,D,XXXX,8,15,F,1,200109,1,"$44,352",1.1
DLLS,11,H,04,07,G,0119,3,GS-07,C,XXXX,8,10,F,1,200109,1,"$36,957",23.8
DLLS,11,D,13,13,D,0110,1,GS-13,F,XXXX,8,10,F,1,200109,1,"$65,319",6.3
DLLS,11,J,14,14,J,0110,1,GM-14,I,XXXX,5,10,F,1,200109,1,"$97,108",38.2
DLLS,11,G,17,14,F,0110,1,GS-14,H,XXXX,2,10,F,1,200109,1,"$84,658",18.9
DLLS,11,F,21,14,D,0110,1,GS-14,H,XXXX,8,10,F,1,200109,1,"$84,658",6.0
DLLS,11,I,07,12,J,0110,1,GS-12,F,XXXX,8,10,F,1,200109,1,"$69,099",36.1
DLLS,45,J,04,07,F,0119,3,GS-07,C,XXXX,8,10,P,2,200109,1,"$35,126",15.8
DLLS,11,B,13,09,B,0110,1,GS-09,C,XXXX,8,15,F,1,200109,1,"$36,656",1.2
DLLS,11,G,07,06,H,0119,3,GS-06,C,XXXX,8,10,F,1,200109,1,"$35,051",25.7
DLLS,11,E,13,13,E,0110,1,GS-13,F,XXXX,2,10,F,1,200109,1,"$69,534",10.4
DLLS,11,D,17,12,B,0110,1,GS-12,E,XXXX,8,15,F,1,200109,1,"$53,156",2.7
DLLS,13,I,14,15,J,0110,1,GM-15,K,XXXX,2,10,F,1,200109,1,"$112,450",36.3
DLLS,11,D,13,11,C,0110,1,GS-11,D,XXXX,8,10,F,1,200109,1,"$47,309",4.7
DLLS,11,H,13,14,H,0110,1,GM-14,I,XXXX,2,10,F,1,200109,1,"$92,128",28.3
DLLS,11,G,04,12,G,0110,1,GS-12,E,XXXX,8,10,F,1,200109,1,"$58,470",23.5
DLLS,11,H,17,14,I,0110,1,GM-14,I,XXXX,2,10,F,1,200109,1,"$92,141",30.0
DLLS,37,G,17,07,F,0119,3,GS-07,C,XXXX,8,10,P,2,200109,1,"$36,102",16.8
DLLS,37,G,13,12,F,0110,1,GS-12,E,XXXX,8,10,F,1,200109,1,"$57,118",16.0
DLLS,11,B,13,11,B,0110,1,GS-11,D,XXXX,8,15,F,1,200109,1,"$44,352",2.2
DLLS,11,C,13,09,B,0110,1,GS-09,D,XXXX,8,15,F,1,200109,1,"$45,205",2.9
DLLS,48,B,13,11,B,0110,1,GS-11,D,XXXX,8,15,F,1,200109,1,"$44,143",2.6
DLLS,11,I,14,14,G,0110,1,GM-14,I,XXXX,2,10,F,1,200109,1,"$97,108",24.8
DLLS,11,H,05,12,H,0110,1,GS-12,E,XXXX,8,10,F,1,200109,1,"$53,156",28.1
DLLS,13,F,13,12,F,0110,1,GS-12,F,XXXX,8,10,F,1,200109,1,"$61,130",16.5
DLLS,11,D,17,09,B,0110,1,GS-09,C,XXXX,8,15,F,1,200109,1,"$37,877",1.3
DLLS,11,H,04,09,I,0119,3,GS-09,D,XXXX,8,10,F,1,200109,1,"$47,648",30.3
DLLS,06,G,13,14,G,0110,1,GS-14,H,XXXX,2,10,F,1,200109,1,"$84,557",23.0
DLLS,11,E,04,06,F,0119,3,GS-06,C,XXXX,8,10,F,1,200109,1,"$33,254",18.6
DLLS,11,C,13,07,B,0110,1,GS-07,B,XXXX,8,15,F,1,200109,1,"$29,966",2.3
DLLS,42,I,07,12,H,0110,1,GS-12,F,XXXX,8,10,F,1,200109,1,"$65,895",28.8
DLLS,11,D,13,12,E,0110,1,GS-12,E,XXXX,8,10,F,1,200109,1,"$58,470",12.2
DLLS,13,D,17,12,C,0110,1,GS-12,E,XXXX,8,10,F,1,200109,1,"$52,399",4.5
DLLS,45,I,04,07,D,0119,3,GS-07,C,XXXX,8,10,P,2,200109,1,"$33,175",7.9
DLLS,11,G,13,12,H,0110,1,GS-12,F,XXXX,8,10,F,1,200109,1,"$67,327",25.1
DLLS,13,D,13,12,D,0110,1,GS-12,E,XXXX,2,10,F,1,200109,1,"$54,145",7.3
DLLS,13,C,09,07,A,0110,1,GS-07,B,XXXX,8,15,F,1,200109,1,"$29,539",0.9
DLLS,13,H,04,07,F,0119,3,GS-07,C,XXXX,8,10,P,2,200109,1,"$35,126",18.1
DLLS,13,H,04,07,F,0119,3,GS-07,C,XXXX,8,10,P,2,200109,1,"$34,462",17.8
DLLS,13,F,14,12,G,0110,1,GS-12,F,XXXX,8,10,F,1,200109,1,"$62,876",21.3
DLLS,48,G,14,12,G,0110,1,GS-12,E,XXXX,8,10,F,1,200109,1,"$58,195",24.3
DLLS,13,C,13,09,B,0110,1,GS-09,C,XXXX,8,15,F,1,200109,1,"$36,134",1.0
DLLS,13,H,17,12,H,0110,1,GS-12,F,XXXX,8,10,F,1,200109,1,"$68,115",26.0
DLLS,11,G,13,12,H,0110,1,GS-12,F,XXXX,8,10,F,1,200109,1,"$67,327",25.0
DLLS,13,E,13,12,E,0110,1,GS-12,E,XXXX,8,10,F,1,200109,1,"$55,891",10.3
DLLS,13,H,07,09,G,0110,1,GS-09,D,XXXX,8,15,F,1,200109,1,"$46,969",20.8
DLLS,13,G,09,07,F,0119,3,GS-07,C,XXXX,8,10,P,2,200109,1,"$34,151",15.0
DLLS,11,B,13,07,A,0110,1,GS-07,B,XXXX,8,15,F,1,200109,1,"$29,966",0.2
DLLS,13,H,17,12,H,0110,1,GS-12,F,XXXX,8,10,F,1,200109,1,"$64,622",26.3
DLLS,11,D,13,12,C,0110,1,GS-12,E,XXXX,8,10,F,1,200109,1,"$54,928",4.0
DLLS,13,D,13,11,D,0110,1,GS-11,D,XXXX,8,10,F,1,200109,1,"$43,720",8.1
DLLS,11,C,13,11,B,0110,1,GS-11,D,XXXX,8,15,F,1,200109,1,"$44,352",2.3
DLLS,13,I,04,07,C,0119,3,GS-07,C,XXXX,8,20,P,2,200109,1,"$31,224",4.4
DLLS,13,E,13,12,E,0110,1,GS-12,E,XXXX,2,10,F,1,200109,1,"$57,638",11.0
DLLS,13,D,13,13,D,0110,1,GS-13,F,XXXX,2,10,F,1,200109,1,"$64,389",8.9
DLLS,11,G,17,14,G,0110,1,GM-14,H,XXXX,2,10,F,1,200109,1,"$89,638",21.3
DLLS,13,F,04,12,G,0110,1,GS-12,F,XXXX,8,10,F,1,200109,1,"$62,876",22.8
DLLS,11,F,18,14,F,0110,1,GS-14,H,XXXX,2,10,F,1,200109,1,"$87,148",16.8
DLLS,11,D,17,09,B,0110,1,GS-09,C,XXXX,8,15,F,1,200109,1,"$36,656",1.2
DLLS,11,D,17,13,D,0110,1,GS-13,F,XXXX,2,10,F,1,200109,1,"$65,319",7.0
DLLS,13,H,13,12,H,0110,1,GS-12,F,XXXX,8,10,F,1,200109,1,"$68,115",28.3
DLLS,11,G,17,13,G,0110,1,GS-13,G,XXXX,8,10,F,1,200109,1,"$77,965",23.8
DLLS,13,F,12,07,E,0119,3,GS-07,C,XXXX,8,10,P,2,200109,1,"$34,462",11.3
DLLS,11,B,04,11,B,0110,1,GS-11,D,XXXX,8,15,F,1,200109,1,"$44,352",2.0
DLLS,11,H,21,15,H,0110,1,GS-15,K,XXXX,4,10,F,1,200109,1,"$111,295",26.6
DLLS,12,H,09,05,A,0119,3,GS-05,B,XXXX,8,15,P,2,200109,1,"$23,633",0.2
DLLS,12,G,04,06,D,0119,3,GS-06,B,XXXX,8,15,P,2,200109,1,"$29,892",8.8
DLLS,11,F,21,14,E,0110,1,GS-14,H,XXXX,8,10,F,1,200109,1,"$82,168",10.1
DLLS,06,D,17,13,D,0110,1,GS-13,F,XXXX,2,10,F,1,200109,1,"$67,082",7.4
DLLS,39,D,17,12,D,0110,1,GS-12,E,XXXX,8,10,F,1,200109,1,"$55,192",6.6
DLLS,11,G,13,13,H,0110,1,GS-13,G,XXXX,8,10,F,1,200109,1,"$73,749",25.2
DLLS,12,E,10,05,A,0119,3,GS-05,B,XXXX,8,15,P,2,200109,1,"$23,633",0.1
DLLS,11,J,18,13,J,0110,1,GS-13,H,XXXX,8,10,F,1,200109,1,"$82,180",35.3
DLLS,11,F,13,11,A,0110,1,GS-11,E,XXXX,8,15,F,1,200109,1,"$50,265",0.9
DLLS,12,K,13,06,G,0119,3,GS-06,B,XXXX,8,15,P,2,200109,1,"$28,987",21.2
DLLS,11,H,13,14,F,0110,1,GS-14,G,XXXX,8,10,F,1,200109,1,"$77,187",15.3
DLLS,37,F,13,12,F,0110,1,GS-12,E,XXXX,8,10,F,1,200109,1,"$58,848",17.2
DLLS,11,I,04,12,E,0110,1,GS-12,E,XXXX,8,10,F,1,200109,1,"$54,928",10.2
DLLS,12,I,17,07,C,0119,3,GS-07,C,XXXX,8,10,P,2,200109,1,"$31,224",4.7
DLLS,12,H,10,12,G,0110,1,GS-12,E,XXXX,2,10,F,1,200109,1,"$58,927",24.4
DLLS,25,H,04,07,C,0119,3,GS-07,C,XXXX,8,10,P,2,200109,1,"$33,530",4.5
DLLS,48,G,04,06,B,0119,3,GS-06,B,XXXX,8,15,P,2,200109,1,"$27,219",2.8
DLLS,11,G,04,09,F,0110,1,GS-09,C,XXXX,8,15,F,1,200109,1,"$36,656",16.4
DLLS,47,F,13,12,G,0110,1,GS-12,F,XXXX,8,10,F,1,200109,1,"$62,309",21.0
DLLS,12,F,13,06,B,0119,3,GS-06,B,XXXX,8,15,P,2,200109,1,"$26,342",2.8
DLLS,13,E,17,12,C,0110,1,GS-12,E,XXXX,8,10,F,1,200109,1,"$52,399",3.3
DLLS,13,H,13,13,I,0110,1,GM-13,G,XXXX,2,10,F,1,200109,1,"$76,854",30.8
DLLS,12,B,09,05,A,0119,3,GS-05,B,XXXX,8,15,P,2,200109,1,"$23,633",0.2
DLLS,11,E,17,11,D,0110,1,GS-11,D,XXXX,8,15,F,1,200109,1,"$45,830",7.3
DLLS,12,H,09,07,D,0119,3,GS-07,C,XXXX,8,10,P,2,200109,1,"$34,226",7.9
DLLS,11,E,17,09,D,0110,1,GS-09,C,XXXX,8,15,F,1,200109,1,"$36,656",5.3
DLLS,12,J,04,07,F,0119,3,GS-07,C,XXXX,8,10,P,2,200109,1,"$35,126",18.6
DLLS,11,D,17,14,D,0110,1,GS-14,G,XXXX,2,10,F,1,200109,1,"$74,697",8.2
DLLS,39,D,13,06,C,0119,3,GS-06,B,XXXX,8,15,P,2,200109,1,"$28,901",4.1
DLLS,39,I,10,07,G,0119,3,GS-07,C,XXXX,8,10,P,2,200109,1,"$37,135",24.1
DLLS,11,G,13,13,G,0110,1,GS-13,G,XXXX,8,10,F,1,200109,1,"$77,965",23.3
DLLS,32,H,17,06,B,0119,3,GS-06,B,XXXX,8,15,P,2,200109,1,"$26,342",1.8
DLLS,11,D,13,13,E,0110,1,GS-13,F,XXXX,8,10,F,1,200109,1,"$65,319",10.3
DLLS,11,F,13,13,F,0110,1,GS-13,F,XXXX,8,10,F,1,200109,1,"$69,534",17.2
DLLS,11,B,13,09,B,0110,1,GS-09,C,XXXX,8,15,F,1,200109,1,"$36,656",1.0
DLLS,26,H,13,07,D,0119,3,GS-07,C,XXXX,8,10,P,2,200109,1,"$34,857",7.6
DLLS,11,G,17,12,E,0110,1,GS-12,E,XXXX,8,10,F,1,200109,1,"$58,470",11.9
DLLS,41,I,09,07,C,0119,3,GS-07,C,XXXX,8,10,P,2,200109,1,"$31,224",4.9
DLLS,39,H,13,06,C,0119,3,GS-06,B,XXXX,8,15,P,2,200109,1,"$28,486",4.3
DLLS,11,C,17,12,B,0110,1,GS-12,E,XXXX,8,15,F,1,200109,1,"$53,156",2.1
DLLS,17,G,13,13,G,0110,1,GS-13,H,XXXX,2,10,F,1,200109,1,"$82,084",24.7
DLLS,04,H,17,06,F,0119,3,GS-06,C,XXXX,8,10,P,2,200109,1,"$34,240",15.9
DLLS,39,E,13,07,D,0119,3,GS-07,C,XXXX,8,10,P,2,200109,1,"$31,656",6.2
DLLS,11,E,13,12,D,0110,1,GS-12,E,XXXX,8,10,F,1,200109,1,"$58,470",8.4
DLLS,11,D,13,13,C,0110,1,GS-13,F,XXXX,8,10,F,1,200109,1,"$63,211",4.4
DLLS,42,D,13,07,C,0119,3,GS-07,C,XXXX,8,10,P,2,200109,1,"$30,248",4.7
DLLS,11,D,13,12,E,0110,1,GS-12,F,XXXX,8,10,F,1,200109,1,"$60,242",10.1
DLLS,48,K,04,05,D,0119,3,GS-05,C,XXXX,8,15,P,2,200109,1,"$32,435",8.2
DLLS,11,B,13,09,B,0110,1,GS-09,C,XXXX,8,15,F,1,200109,1,"$36,656",1.2
DLLS,39,C,13,12,C,0110,1,GS-12,E,XXXX,8,10,F,1,200109,1,"$52,645",4.3
DLLS,39,H,13,12,H,0110,1,GS-12,F,XXXX,7,10,F,1,200109,1,"$69,431",28.8
DLLS,39,F,17,12,D,0110,1,GS-12,E,XXXX,8,10,F,1,200109,1,"$55,192",6.6
DLLS,39,H,13,07,E,0119,3,GS-07,C,XXXX,8,10,P,2,200109,1,"$35,426",14.2
DLLS,18,H,14,12,I,0110,1,GS-12,F,XXXX,7,10,F,1,200109,1,"$67,632",31.3
DLLS,11,C,13,11,B,0110,1,GS-11,D,XXXX,8,15,F,1,200109,1,"$44,352",2.1
DLLS,39,H,13,07,F,0119,3,GS-07,C,XXXX,8,10,P,2,200109,1,"$33,175",17.8
DLLS,11,E,17,12,D,0110,1,GS-12,E,XXXX,8,10,F,1,200109,1,"$58,470",8.6
DLLS,11,D,13,12,D,0110,1,GS-12,E,XXXX,8,10,F,1,200109,1,"$54,928",5.8
DLLS,11,C,13,09,C,0110,1,GS-09,C,XXXX,8,15,F,1,200109,1,"$36,656",3.3
DLLS,11,C,13,12,C,0110,1,GS-12,E,XXXX,8,15,F,1,200109,1,"$53,156",3.2
DLLS,11,D,21,13,B,0110,1,GS-13,G,XXXX,8,15,F,1,200109,1,"$73,749",1.9
DLLS,12,K,13,07,D,0119,3,GS-07,C,XXXX,8,10,P,2,200109,1,"$30,248",6.1
DLLS,41,E,13,12,E,0110,1,GS-12,E,XXXX,8,10,F,1,200109,1,"$56,745",10.6
DLLS,39,H,13,12,H,0110,1,GS-12,F,XXXX,7,10,F,1,200109,1,"$66,680",27.5
DLLS,11,C,13,07,A,0110,1,GS-07,B,XXXX,8,15,F,1,200109,1,"$29,966",0.3
DLLS,39,B,13,07,A,0110,1,GS-07,B,XXXX,8,15,F,1,200109,1,"$29,678",0.2
DLLS,11,E,17,13,F,0110,1,GS-13,F,XXXX,8,10,F,1,200109,1,"$69,534",15.0
DLLS,11,H,17,11,B,0110,1,GS-11,D,XXXX,8,15,F,1,200109,1,"$44,352",2.8
DLLS,17,E,13,13,F,0110,1,GM-13,G,XXXX,2,10,F,1,200109,1,"$77,763",15.9
DLLS,39,B,13,09,B,0110,1,GS-09,C,XXXX,8,15,F,1,200109,1,"$36,303",1.2
DLLS,11,C,13,09,D,0110,1,GS-09,C,XXXX,8,15,F,1,200109,1,"$36,656",5.6
DLLS,39,K,03,07,C,0119,3,GS-07,C,XXXX,8,15,P,2,200109,1,"$31,656",4.6
DLLS,26,G,17,09,B,0110,1,GS-09,C,XXXX,8,15,F,1,200109,1,"$37,624",1.2
DLLS,24,D,13,12,E,0110,1,GS-12,E,XXXX,8,10,F,1,200109,1,"$56,699",10.4
DLLS,11,D,11,12,E,0110,1,GS-12,E,XXXX,8,10,F,1,200109,1,"$58,470",10.3
DLLS,11,C,13,11,B,0110,1,GS-11,D,XXXX,8,15,F,1,200109,1,"$44,352",2.3
DLLS,11,D,13,09,B,0110,1,GS-09,C,XXXX,8,15,F,1,200109,1,"$36,656",1.3
DLLS,11,C,17,12,C,0110,1,GS-12,E,XXXX,8,15,F,1,200109,1,"$54,928",3.1
DLLS,11,G,13,12,G,0110,1,GS-12,F,XXXX,8,10,F,1,200109,1,"$63,785",21.4
DLLS,11,C,13,07,A,0110,1,GS-07,B,XXXX,8,15,F,1,200109,1,"$29,966",0.9
DLLS,11,C,13,12,C,0110,1,GS-12,E,XXXX,8,15,F,1,200109,1,"$53,156",3.3
DLLS,42,B,13,09,B,0110,1,GS-09,C,XXXX,8,15,F,1,200109,1,"$36,094",1.0
DLLS,39,H,13,12,H,0110,1,GS-12,F,XXXX,8,10,F,1,200109,1,"$68,434",27.6
DLLS,06,C,17,12,C,0110,1,GS-12,E,XXXX,8,10,F,1,200109,1,"$58,291",4.1
DLLS,17,F,13,06,C,0119,3,GS-06,C,XXXX,8,10,P,2,200109,1,"$30,406",4.8
DLLS,11,K,21,13,G,0110,1,GS-13,H,XXXX,8,10,F,1,200109,1,"$82,180",23.2
DLLS,11,F,18,13,F,0110,1,GS-13,G,XXXX,8,10,F,1,200109,1,"$73,749",17.1
DLLS,11,G,17,15,H,0110,1,GS-15,J,XXXX,2,10,F,1,200109,1,"$105,437",26.1
DLLS,39,H,09,07,D,0119,3,GS-07,C,XXXX,8,10,P,2,200109,1,"$33,459",9.3
DLLS,39,G,17,12,G,0110,1,GS-12,F,XXXX,2,10,F,1,200109,1,"$69,431",23.4
DLLS,39,E,04,05,B,0119,3,GS-05,B,XXXX,8,15,P,2,200109,1,"$24,759",1.0
DLLS,11,F,14,14,F,0110,1,GM-14,I,XXXX,2,10,F,1,200109,1,"$92,128",18.3
DLLS,47,J,04,07,F,0119,3,GS-07,C,XXXX,8,10,P,2,200109,1,"$35,126",16.7
DLLS,39,H,13,12,H,0110,1,GS-12,F,XXXX,8,10,F,1,200109,1,"$65,871",26.8
DLLS,11,D,17,11,D,0110,1,GS-11,E,XXXX,8,15,F,1,200109,1,"$50,265",7.3
DLLS,39,H,13,07,D,0119,3,GS-07,C,XXXX,8,15,P,2,200109,1,"$31,224",5.9
DLLS,11,H,04,07,G,0119,3,GS-07,C,XXXX,8,10,F,1,200109,1,"$37,955",22.7
DLLS,42,J,13,06,E,0119,3,GS-06,B,XXXX,8,15,P,2,200109,1,"$28,321",13.6
DLLS,48,I,13,07,D,0119,3,GS-07,C,XXXX,8,10,P,2,200109,1,"$31,813",5.3
DLLS,39,H,13,05,A,0119,3,GS-05,B,XXXX,8,15,P,2,200109,1,"$23,960",0.8
DLLS,42,F,17,07,C,0119,3,GS-07,C,XXXX,8,10,P,2,200109,1,"$30,248",4.7
DLLS,18,J,17,05,C,0119,3,GS-05,B,XXXX,8,10,P,2,200109,1,"$25,997",4.8
DLLS,11,G,14,13,H,0110,1,GS-13,H,XXXX,8,10,F,1,200109,1,"$82,180",25.1
DLLS,48,G,13,13,E,0110,1,GS-13,F,XXXX,2,10,F,1,200109,1,"$69,206",13.9
DLLS,11,E,17,13,E,0110,1,GS-13,G,XXXX,8,10,F,1,200109,1,"$73,749",11.8
DLLS,11,G,17,12,D,0110,1,GS-12,E,XXXX,8,15,F,1,200109,1,"$54,928",6.5
DLLS,18,F,13,09,F,0110,1,GS-09,C,XXXX,8,15,F,1,200109,1,"$38,269",16.0
DLLS,18,D,13,12,E,0110,1,GS-12,E,XXXX,8,10,F,1,200109,1,"$57,229",10.3
DLLS,18,G,13,12,F,0110,1,GS-12,F,XXXX,8,10,F,1,200109,1,"$67,632",16.9
DLLS,11,C,**,09,A,0110,1,GS-09,D,XXXX,8,15,F,1,200109,1,"$43,984",0.3
DLLS,18,I,08,06,E,0119,3,GS-06,B,XXXX,8,15,P,2,200109,1,"$28,975",10.4
DLLS,12,F,08,07,D,0119,3,GS-07,C,XXXX,8,10,P,2,200109,1,"$33,175",6.3
DLLS,37,D,13,12,E,0110,1,GS-12,E,XXXX,8,10,F,1,200109,1,"$55,387",10.4
DLLS,11,B,13,09,B,0110,1,GS-09,C,XXXX,8,15,F,1,200109,1,"$36,656",1.2
DLLS,11,H,13,13,H,0110,1,GS-13,G,XXXX,8,10,F,1,200109,1,"$77,965",29.5
DLLS,18,I,04,06,C,0119,3,GS-06,B,XXXX,8,10,P,2,200109,1,"$28,975",4.8
DLLS,06,I,21,15,D,0110,1,GS-15,J,XXXX,2,10,F,1,200109,1,"$108,786",7.3
DLLS,48,D,13,12,D,0110,1,GS-12,E,XXXX,8,10,F,1,200109,1,"$58,195",8.9
DLLS,18,G,09,05,B,0119,3,GS-05,B,XXXX,8,15,P,2,200109,1,"$24,421",1.0
DLLS,11,K,18,,J,0110,1,ES-05,M,XXXX,2,50,F,1,200109,1,"$133,700",42.2
DLLS,39,J,13,12,H,0110,1,GS-12,E,XXXX,8,10,F,1,200109,1,"$57,908",25.3
DLLS,11,H,13,12,H,0110,1,GS-12,F,XXXX,8,10,F,1,200109,1,"$69,099",25.1
DLLS,17,H,13,13,J,0110,1,GM-13,H,XXXX,4,10,F,1,200109,1,"$84,245",35.1
DLLS,17,H,13,14,I,0110,1,GS-14,I,XXXX,2,10,F,1,200109,1,"$94,443",31.9
DLLS,17,I,13,06,C,0119,3,GS-06,B,XXXX,8,10,P,2,200109,1,"$29,485",4.3
DLLS,22,F,17,06,C,0119,3,GS-06,B,XXXX,8,15,P,2,200109,1,"$28,097",4.0
DLLS,17,G,13,12,G,0110,1,GS-12,G,XXXX,8,10,F,1,200109,1,"$70,835",21.4
DLLS,17,F,13,05,B,0119,3,GS-05,B,XXXX,8,15,P,2,200109,1,"$24,421",1.3
DLLS,49,J,07,07,E,0119,3,GS-07,C,XXXX,8,10,P,2,200109,1,"$33,175",13.7
DLLS,17,B,13,09,B,0110,1,GS-09,C,XXXX,8,15,F,1,200109,1,"$37,577",1.2
DLLS,11,G,21,13,E,0110,1,GS-13,G,XXXX,8,10,F,1,200109,1,"$71,642",11.3
DLLS,11,F,17,12,C,0110,1,GS-12,E,XXXX,8,10,F,1,200109,1,"$56,699",4.5
DLLS,17,J,13,13,J,0110,1,GM-13,H,XXXX,2,10,F,1,200109,1,"$84,245",35.4
DLLS,18,I,13,12,I,0110,1,GS-12,F,XXXX,8,10,F,1,200109,1,"$67,632",32.4
DLLS,17,I,17,07,F,0119,3,GS-07,C,XXXX,8,10,P,2,200109,1,"$36,862",16.0
DLLS,11,F,13,13,E,0110,1,GS-13,F,XXXX,2,10,F,1,200109,1,"$65,319",13.3
DLLS,17,F,13,12,F,0110,1,GS-12,F,XXXX,8,10,F,1,200109,1,"$65,387",15.1
DLLS,17,B,17,07,A,0110,1,GS-07,C,XXXX,8,15,F,1,200109,1,"$30,719",0.0
DLLS,48,E,13,12,C,0110,1,GS-12,E,XXXX,8,10,F,1,200109,1,"$52,905",3.6
DLLS,17,F,10,06,E,0119,3,GS-06,C,XXXX,8,10,F,1,200109,1,"$33,169",14.3
DLLS,17,K,13,07,F,0119,3,GS-07,C,XXXX,8,10,P,2,200109,1,"$38,909",17.6
DLLS,17,I,17,12,E,0110,1,GS-12,E,XXXX,8,10,F,1,200109,1,"$59,940",12.4
DLLS,17,H,17,14,H,0110,1,GS-14,H,XXXX,2,10,F,1,200109,1,"$86,785",28.3
DLLS,11,I,17,12,D,0110,1,GS-12,E,XXXX,8,10,F,1,200109,1,"$53,156",5.1
DLLS,11,E,17,12,E,0110,1,GS-12,F,XXXX,8,10,F,1,200109,1,"$62,013",12.2
DLLS,17,C,13,09,B,0110,1,GS-09,C,XXXX,8,15,F,1,200109,1,"$37,577",2.9
DLLS,11,B,13,09,B,0110,1,GS-09,C,XXXX,8,15,F,1,200109,1,"$36,656",1.1
DLLS,06,H,17,07,D,0119,3,GS-07,C,XXXX,8,10,P,2,200109,1,"$33,164",6.3
DLLS,11,C,21,12,A,0110,1,GS-12,F,XXXX,8,15,F,1,200109,1,"$67,327",0.1
DLLS,17,K,07,05,D,0119,3,GS-05,B,XXXX,8,10,P,2,200109,1,"$25,997",8.1
DLLS,11,H,17,13,F,0110,1,GS-13,G,XXXX,8,10,F,1,200109,1,"$71,642",15.0
DLLS,48,F,04,06,G,0119,3,GS-06,C,XXXX,8,10,P,2,200109,1,"$34,240",20.2
DLLS,17,H,13,13,H,0110,1,GS-13,G,XXXX,2,10,F,1,200109,1,"$77,763",26.2
DLLS,17,B,13,11,B,0110,1,GS-11,D,XXXX,8,15,F,1,200109,1,"$45,467",2.4
DLLS,29,H,17,13,H,0110,1,GM-13,H,XXXX,2,10,F,1,200109,1,"$80,756",26.0
DLLS,11,G,13,,G,0110,1,ES-04,M,XXXX,2,50,F,1,200109,1,"$133,700",23.0
DLLS,11,B,13,07,A,0110,1,GS-07,B,XXXX,8,15,F,1,200109,1,"$29,966",0.1
DLLS,06,C,13,12,C,0110,1,GS-12,E,XXXX,8,10,F,1,200109,1,"$55,153",4.3
DLLS,11,B,13,07,A,0110,1,GS-07,B,XXXX,8,15,F,1,200109,1,"$29,966",0.1
DLLS,39,G,09,06,E,0119,3,GS-06,C,XXXX,8,10,P,2,200109,1,"$31,607",13.5
DLLS,17,J,13,12,I,0110,1,GS-12,F,XXXX,8,10,F,1,200109,1,"$67,203",32.2
DLLS,13,I,13,07,E,0119,3,GS-07,C,XXXX,8,10,P,2,200109,1,"$33,477",10.9
DLLS,06,H,13,12,E,0110,1,GS-12,F,XXXX,8,10,F,1,200109,1,"$60,171",12.8
DLLS,17,E,13,07,D,0119,3,GS-07,C,XXXX,8,10,P,2,200109,1,"$34,814",8.1
DLLS,11,B,13,07,A,0110,1,GS-07,B,XXXX,8,15,F,1,200109,1,"$29,966",0.2
DLLS,17,J,13,05,A,0119,3,GS-05,B,XXXX,8,15,P,2,200109,1,"$24,800",0.3
DLLS,17,H,13,07,E,0119,3,GS-07,C,XXXX,8,10,P,2,200109,1,"$35,838",11.7
DLLS,13,E,13,12,E,0110,1,GS-12,E,XXXX,8,10,F,1,200109,1,"$54,145",10.4
DLLS,17,C,13,09,B,0110,1,GS-09,C,XXXX,8,15,F,1,200109,1,"$37,577",2.9
DLLS,17,D,13,12,D,0110,1,GS-12,E,XXXX,8,10,F,1,200109,1,"$59,940",9.3
DLLS,17,E,13,09,C,0110,1,GS-09,D,XXXX,8,15,F,1,200109,1,"$40,081",3.7
DLLS,17,D,13,07,A,0110,1,GS-07,C,XXXX,8,15,F,1,200109,1,"$30,719",0.3
DLLS,17,E,17,11,E,0110,1,GS-11,D,XXXX,8,10,F,1,200109,1,"$48,497",10.8
DLLS,17,F,13,13,G,0110,1,GS-13,G,XXXX,2,10,F,1,200109,1,"$71,282",21.0
DLLS,29,I,14,07,E,0119,3,GS-07,C,XXXX,8,10,P,2,200109,1,"$38,166",13.8
DLLS,11,I,19,13,I,0110,1,GS-13,G,XXXX,8,10,F,1,200109,1,"$75,857",31.1
DLLS,17,F,14,06,D,0119,3,GS-06,C,XXXX,8,10,P,2,200109,1,"$30,406",7.3
DLLS,11,E,13,12,E,0110,1,GS-12,F,XXXX,8,10,F,1,200109,1,"$63,785",12.0
DLLS,17,F,13,12,F,0110,1,GS-12,F,XXXX,2,10,F,1,200109,1,"$61,756",16.9
DLLS,11,G,17,14,G,0110,1,GS-14,H,XXXX,2,10,F,1,200109,1,"$84,658",23.8
DLLS,17,G,13,13,H,0110,1,GS-13,G,XXXX,2,10,F,1,200109,1,"$75,603",26.3
DLLS,11,I,13,13,H,0110,1,GS-13,H,XXXX,8,10,F,1,200109,1,"$82,180",26.0
DLLS,17,F,13,12,F,0110,1,GS-12,F,XXXX,8,10,P,2,200109,1,"$65,387",18.0
DLLS,11,C,21,12,A,0110,1,GS-12,F,XXXX,8,15,F,1,200109,1,"$67,327",0.0
DLLS,17,B,13,09,B,0110,1,GS-09,C,XXXX,8,15,F,1,200109,1,"$37,577",1.1
DLLS,51,K,17,07,D,0119,3,GS-07,B,XXXX,8,15,P,2,200109,1,"$29,966",8.3
DLLS,17,G,14,09,B,0110,1,GS-09,C,XXXX,8,15,F,1,200109,1,"$38,829",2.3
DLLS,11,E,17,12,C,0110,1,GS-12,E,XXXX,8,15,F,1,200109,1,"$54,928",3.3
DLLS,17,G,07,05,C,0119,3,GS-05,B,XXXX,8,15,P,2,200109,1,"$27,282",4.3
DLLS,11,J,13,12,E,0110,1,GS-12,E,XXXX,8,10,F,1,200109,1,"$58,470",14.1
DLLS,11,E,13,13,E,0110,1,GS-13,G,XXXX,8,10,F,1,200109,1,"$71,642",12.7
DLLS,17,E,11,12,E,0110,1,GS-12,F,XXXX,8,10,F,1,200109,1,"$61,756",14.9
DLLS,17,K,07,06,F,0119,3,GS-06,C,XXXX,8,10,P,2,200109,1,"$31,607",16.5
DLLS,39,I,17,07,C,0119,3,GS-07,C,XXXX,8,15,P,2,200109,1,"$30,667",4.3
DLLS,11,F,13,13,E,0110,1,GS-13,F,XXXX,8,10,F,1,200109,1,"$65,319",11.2
DLLS,17,E,08,06,E,0119,3,GS-06,C,XXXX,8,10,F,1,200109,1,"$35,011",14.6
DLLS,17,E,13,12,E,0110,1,GS-12,F,XXXX,8,10,F,1,200109,1,"$63,572",12.6
DLLS,11,J,17,14,J,0110,1,GS-14,H,XXXX,8,10,F,1,200109,1,"$89,638",41.3
DLLS,17,H,13,13,I,0110,1,GM-13,H,XXXX,2,10,F,1,200109,1,"$84,245",30.3
DLLS,11,G,13,12,F,0110,1,GS-12,F,XXXX,8,10,F,1,200109,1,"$62,013",18.8
DLLS,11,E,13,,E,0110,1,SL-00,K,XXXX,5,10,F,1,200109,1,"$114,224",11.0
DLLS,17,K,04,12,H,0110,1,GS-12,F,XXXX,8,10,F,1,200109,1,"$65,387",25.8
DLLS,48,I,13,05,B,0119,3,GS-05,B,XXXX,8,15,P,2,200109,1,"$24,881",1.8
DLLS,06,H,09,07,D,0119,3,GS-07,C,XXXX,8,10,P,2,200109,1,"$33,164",5.4
DLLS,17,B,13,07,A,0110,1,GS-07,C,XXXX,8,15,F,1,200109,1,"$30,719",0.0
DLLS,12,G,13,06,B,0119,3,GS-06,B,XXXX,8,15,P,2,200109,1,"$27,219",2.7
DLLS,17,D,13,12,E,0110,1,GS-12,E,XXXX,8,10,F,1,200109,1,"$59,940",10.5
DLLS,17,E,04,07,F,0119,3,GS-07,C,XXXX,8,10,F,1,200109,1,"$36,862",19.9
DLLS,29,H,08,07,C,0119,3,GS-07,C,XXXX,8,15,P,2,200109,1,"$30,338",4.0
DLLS,11,F,17,12,F,0110,1,GS-12,E,XXXX,8,10,F,1,200109,1,"$54,928",15.8
DLLS,13,D,13,12,D,0110,1,GS-12,E,XXXX,8,10,F,1,200109,1,"$55,891",8.8
DLLS,17,G,13,12,F,0110,1,GS-12,F,XXXX,8,10,F,1,200109,1,"$63,572",18.4
DLLS,06,H,13,05,B,0119,3,GS-05,B,XXXX,8,15,P,2,200109,1,"$25,674",2.4
DLLS,17,G,13,06,F,0119,3,GS-06,C,XXXX,8,10,P,2,200109,1,"$35,011",17.9
DLLS,17,J,13,05,E,0119,3,GS-05,B,XXXX,8,10,P,2,200109,1,"$29,763",11.4
DLLS,11,E,13,13,E,0110,1,GS-13,G,XXXX,2,10,F,1,200109,1,"$71,642",12.6
DLLS,06,D,13,11,C,0110,1,GS-11,D,XXXX,8,15,F,1,200109,1,"$47,068",3.2
DLLS,13,E,17,09,B,0110,1,GS-09,C,XXXX,8,15,F,1,200109,1,"$36,134",1.0
DLLS,11,G,13,14,H,0110,1,GS-14,H,XXXX,2,10,F,1,200109,1,"$82,168",26.3
DLLS,17,K,17,05,E,0119,3,GS-05,B,XXXX,8,15,P,2,200109,1,"$27,282",10.3
DLLS,55,I,09,06,C,0119,3,GS-06,C,XXXX,8,15,P,2,200109,1,"$30,193",4.5
DLLS,17,C,13,09,B,0110,1,GS-09,C,XXXX,8,15,F,1,200109,1,"$37,577",1.3
DLLS,26,G,13,06,D,0119,3,GS-06,C,XXXX,8,10,P,2,200109,1,"$30,444",5.2
DLLS,06,G,04,07,E,0119,3,GS-07,C,XXXX,8,15,P,2,200109,1,"$38,345",12.3
DLLS,11,F,13,13,G,0110,1,GS-13,G,XXXX,8,10,P,2,200109,1,"$77,965",21.5
DLLS,11,E,13,12,D,0110,1,GS-12,E,XXXX,8,10,F,1,200109,1,"$58,470",9.1
DLLS,11,E,13,12,E,0110,1,GS-12,E,XXXX,8,10,F,1,200109,1,"$58,470",10.3
DLLS,11,D,13,13,E,0110,1,GS-13,F,XXXX,8,10,F,1,200109,1,"$69,534",13.3
DLLS,17,F,13,12,F,0110,1,GS-12,F,XXXX,8,10,F,1,200109,1,"$69,019",18.5
DLLS,26,G,13,06,C,0119,3,GS-06,C,XXXX,8,15,P,2,200109,1,"$30,444",4.5
DLLS,17,D,13,12,D,0110,1,GS-12,F,XXXX,8,10,F,1,200109,1,"$61,756",9.8
DLLS,12,E,04,05,A,0119,3,GS-05,B,XXXX,8,15,P,2,200109,1,"$23,633",0.8
DLLS,11,B,13,09,B,0110,1,GS-09,C,XXXX,8,15,F,1,200109,1,"$36,656",1.3
DLLS,11,F,21,13,E,0110,1,GS-13,G,XXXX,8,10,F,1,200109,1,"$77,965",13.0
DLLS,11,J,17,13,D,0110,1,GS-13,F,XXXX,8,10,F,1,200109,1,"$63,211",5.0
DLLS,26,H,13,06,F,0119,3,GS-06,C,XXXX,8,10,P,2,200109,1,"$34,132",19.7
DLLS,26,B,13,09,B,0110,1,GS-09,C,XXXX,8,15,F,1,200109,1,"$37,624",1.2
DLLS,42,G,17,06,C,0119,3,GS-06,B,XXXX,8,15,P,2,200109,1,"$28,911",4.4
DLLS,11,D,13,12,D,0110,1,GS-12,E,XXXX,8,10,F,1,200109,1,"$56,699",8.6
DLLS,11,J,17,12,G,0110,1,GS-12,F,XXXX,8,10,F,1,200109,1,"$63,785",22.8
DLLS,27,J,13,05,C,0119,3,GS-05,B,XXXX,8,15,P,2,200109,1,"$26,630",4.3
DLLS,39,J,11,07,F,0119,3,GS-07,C,XXXX,8,10,P,2,200109,1,"$38,138",19.9
DLLS,11,F,17,13,F,0110,1,GS-13,H,XXXX,8,10,F,1,200109,1,"$82,180",15.3
DLLS,11,H,17,13,H,0110,1,GS-13,H,XXXX,8,10,F,1,200109,1,"$80,072",29.9
DLLS,48,G,13,07,E,0119,3,GS-07,C,XXXX,8,10,P,2,200109,1,"$37,077",12.5
DLLS,11,G,17,12,G,0110,1,GS-12,F,XXXX,8,10,F,1,200109,1,"$63,785",21.8
DLLS,17,B,13,09,B,0110,1,GS-09,C,XXXX,8,15,F,1,200109,1,"$37,577",1.8
DLLS,32,J,07,07,H,0119,3,GS-07,C,XXXX,8,10,P,2,200109,1,"$36,102",26.3
DLLS,11,B,13,09,B,0110,1,GS-09,C,XXXX,8,15,F,1,200109,1,"$36,656",1.1
DLLS,11,C,13,11,B,0110,1,GS-11,D,XXXX,8,15,F,1,200109,1,"$44,352",2.3
DLLS,39,G,17,05,B,0119,3,GS-05,B,XXXX,8,15,P,2,200109,1,"$24,308",1.2
DLLS,11,C,13,11,B,0110,1,GS-11,D,XXXX,8,15,F,1,200109,1,"$44,352",2.9
DLLS,48,E,13,12,E,0110,1,GS-12,E,XXXX,8,10,F,1,200109,1,"$57,118",10.3
DLLS,11,D,13,13,E,0110,1,GS-13,G,XXXX,8,10,F,1,200109,1,"$73,749",11.2
DLLS,11,E,13,13,E,0110,1,GS-13,F,XXXX,8,10,F,1,200109,1,"$69,534",12.3
DLLS,11,E,13,12,B,0110,1,GS-12,E,XXXX,8,15,F,1,200109,1,"$53,156",2.2
DLLS,26,B,13,09,B,0110,1,GS-09,C,XXXX,8,15,F,1,200109,1,"$37,624",1.2
DLLS,26,J,09,07,G,0119,3,GS-07,C,XXXX,8,10,P,2,200109,1,"$37,077",24.5
DLLS,11,J,14,14,J,0110,1,GM-14,I,XXXX,5,10,F,1,200109,1,"$97,108",38.9
DLLS,39,H,04,05,D,0119,3,GS-05,C,XXXX,8,15,P,2,200109,1,"$30,795",7.5
DLLS,11,H,17,12,F,0110,1,GS-12,E,XXXX,8,10,F,1,200109,1,"$53,156",18.4
DLLS,26,C,13,05,A,0119,3,GS-05,B,XXXX,8,15,P,2,200109,1,"$24,831",0.8
DLLS,26,G,13,05,A,0119,3,GS-05,B,XXXX,8,15,P,2,200109,1,"$23,633",0.5
DLLS,11,D,13,12,D,0110,1,GS-12,E,XXXX,8,10,F,1,200109,1,"$56,699",9.0
DLLS,17,J,14,15,J,0110,1,GS-15,J,XXXX,2,10,F,1,200109,1,"$108,087",39.8
DLLS,26,H,13,12,I,0110,1,GS-12,F,XXXX,8,10,F,1,200109,1,"$69,105",30.0
DLLS,11,C,13,12,C,0110,1,GS-12,E,XXXX,8,15,F,1,200109,1,"$53,156",3.0
DLLS,13,F,09,07,D,0110,1,GS-07,B,XXXX,8,15,F,1,200109,1,"$29,539",7.3
DLLS,34,I,13,12,D,0110,1,GS-12,E,XXXX,8,15,F,1,200109,1,"$54,791",7.4
DLLS,11,E,13,11,E,0110,1,GS-11,E,XXXX,8,10,F,1,200109,1,"$50,265",12.6
DLLS,13,D,13,09,D,0110,1,GS-09,D,XXXX,8,15,F,1,200109,1,"$44,561",6.3
DLLS,11,B,17,09,A,0110,1,GS-09,C,XXXX,8,15,F,1,200109,1,"$36,656",0.7
DLLS,11,E,17,11,C,0110,1,GS-11,D,XXXX,8,10,F,1,200109,1,"$48,787",4.2
DLLS,17,E,13,12,E,0110,1,GS-12,E,XXXX,8,10,F,1,200109,1,"$58,124",14.0
DLLS,11,D,21,13,A,0110,1,GS-13,G,XXXX,8,15,F,1,200109,1,"$71,642",0.3
DLLS,11,E,13,14,E,0110,1,GS-14,H,XXXX,8,10,F,1,200109,1,"$82,168",12.3
DLLS,26,E,10,05,A,0119,3,GS-05,B,XXXX,8,15,P,2,200109,1,"$24,831",0.8
DLLS,11,D,13,13,D,0110,1,GS-13,F,XXXX,8,10,F,1,200109,1,"$63,211",7.0
DLLS,26,C,13,09,B,0110,1,GS-09,C,XXXX,8,15,F,1,200109,1,"$37,624",1.9
DLLS,11,H,17,14,I,0110,1,GS-14,G,XXXX,2,10,F,1,200109,1,"$77,187",30.5
DLLS,55,G,13,12,G,0110,1,GS-12,F,XXXX,8,10,F,1,200109,1,"$64,771",22.2
DLLS,11,F,17,13,D,0110,1,GS-13,F,XXXX,2,10,F,1,200109,1,"$69,534",8.2
DLLS,11,C,13,09,B,0110,1,GS-09,C,XXXX,8,15,F,1,200109,1,"$36,656",1.3
DLLS,11,G,17,15,H,0110,1,GM-15,J,XXXX,2,10,F,1,200109,1,"$109,522",25.2
DLLS,17,H,13,13,I,0110,1,GM-13,H,XXXX,2,10,F,1,200109,1,"$83,171",30.0
DLLS,06,C,13,12,C,0110,1,GS-12,E,XXXX,8,10,F,1,200109,1,"$56,411",4.1
DLLS,11,B,13,07,A,0110,1,GS-07,B,XXXX,8,15,F,1,200109,1,"$29,966",0.0
DLLS,32,K,17,05,D,0119,3,GS-05,B,XXXX,8,15,P,2,200109,1,"$24,421",5.9
DLLS,26,H,13,07,F,0119,3,GS-07,C,XXXX,8,10,P,2,200109,1,"$39,983",16.8
DLLS,13,F,17,12,F,0110,1,GS-12,F,XXXX,8,10,F,1,200109,1,"$64,622",16.0
DLLS,11,D,13,12,D,0110,1,GS-12,E,XXXX,8,10,F,1,200109,1,"$58,470",8.5
DLLS,48,E,13,12,E,0110,1,GS-12,F,XXXX,8,10,F,1,200109,1,"$65,247",13.3
DLLS,17,G,13,12,G,0110,1,GS-12,F,XXXX,8,10,F,1,200109,1,"$67,203",23.3
DLLS,55,F,13,06,C,0119,3,GS-06,B,XXXX,8,10,P,2,200109,1,"$28,097",3.9
DLLS,11,B,13,07,A,0110,1,GS-07,B,XXXX,8,15,F,1,200109,1,"$29,966",0.0
DLLS,11,I,14,13,I,0110,1,GS-13,H,XXXX,8,10,F,1,200109,1,"$82,180",34.1
DLLS,11,D,13,12,D,0110,1,GS-12,E,XXXX,8,10,F,1,200109,1,"$56,699",9.1
DLLS,41,J,13,06,C,0119,3,GS-06,B,XXXX,8,15,P,2,200109,1,"$28,786",4.3
DLLS,36,G,21,12,E,0110,1,GS-12,F,XXXX,8,10,F,1,200109,1,"$67,572",13.1
DLLS,55,D,13,12,D,0110,1,GS-12,E,XXXX,2,10,F,1,200109,1,"$56,020",9.8
DLLS,55,F,13,12,F,0110,1,GS-12,F,XXXX,8,10,F,1,200109,1,"$64,771",17.9
DLLS,11,G,17,12,E,0110,1,GS-12,E,XXXX,8,10,F,1,200109,1,"$58,470",12.7
DLLS,11,D,13,09,B,0110,1,GS-09,C,XXXX,8,15,F,1,200109,1,"$36,656",1.3
DLLS,55,E,13,11,F,0110,1,GS-11,E,XXXX,8,10,F,1,200109,1,"$52,584",15.9
DLLS,12,I,04,07,C,0119,3,GS-07,C,XXXX,8,15,P,2,200109,1,"$30,248",4.4
DLLS,55,I,13,05,C,0119,3,GS-05,B,XXXX,8,15,P,2,200109,1,"$24,421",3.1
DLLS,55,J,13,12,J,0110,1,GS-12,F,XXXX,7,10,F,1,200109,1,"$68,271",36.7
DLLS,11,J,17,12,F,0110,1,GS-12,F,XXXX,8,10,F,1,200109,1,"$63,785",16.3
DLLS,12,H,13,12,H,0110,1,GS-12,E,XXXX,2,10,F,1,200109,1,"$55,387",25.2
DLLS,55,G,09,05,A,0119,3,GS-05,B,XXXX,8,15,P,2,200109,1,"$23,633",0.0
DLLS,11,J,14,12,I,0110,1,GS-12,F,XXXX,8,10,F,1,200109,1,"$69,099",32.8
DLLS,13,G,13,12,G,0110,1,GS-12,F,XXXX,8,10,F,1,200109,1,"$68,115",23.8
DLLS,11,B,13,07,A,0110,1,GS-07,B,XXXX,8,15,F,1,200109,1,"$29,966",0.3
DLLS,55,F,21,11,B,0110,1,GS-11,D,XXXX,8,15,F,1,200109,1,"$45,282",1.1
DLLS,11,B,13,09,B,0110,1,GS-09,C,XXXX,8,15,F,1,200109,1,"$36,656",1.0
DLLS,55,K,04,07,G,0119,3,GS-07,C,XXXX,8,10,P,2,200109,1,"$38,488",24.0
DLLS,55,F,04,05,B,0119,3,GS-05,B,XXXX,8,15,P,2,200109,1,"$24,700",1.8
DLLS,55,C,13,11,B,0110,1,GS-11,D,XXXX,8,15,F,1,200109,1,"$43,821",2.5
DLLS,11,C,13,11,C,0110,1,GS-11,D,XXXX,8,15,F,1,200109,1,"$45,830",3.0
DLLS,17,B,13,07,A,0110,1,GS-07,C,XXXX,8,15,F,1,200109,1,"$30,719",0.2
DLLS,12,I,13,07,E,0119,3,GS-07,C,XXXX,8,10,P,2,200109,1,"$35,126",14.5
DLLS,11,D,21,13,C,0110,1,GS-13,F,XXXX,8,15,F,1,200109,1,"$69,534",3.1
DLLS,11,B,13,11,B,0110,1,GS-11,D,XXXX,8,15,F,1,200109,1,"$44,352",2.3
DLLS,11,H,13,13,G,0110,1,GS-13,G,XXXX,8,10,F,1,200109,1,"$75,857",24.0
DLLS,11,E,13,12,E,0110,1,GS-12,E,XXXX,8,10,F,1,200109,1,"$58,470",11.3
DLLS,11,G,13,13,G,0110,1,GS-13,G,XXXX,8,10,F,1,200109,1,"$71,642",24.3
DLLS,47,G,17,06,C,0119,3,GS-06,B,XXXX,8,15,P,2,200109,1,"$27,219",3.2
DLLS,13,H,09,05,A,0119,3,GS-05,B,XXXX,8,15,P,2,200109,1,"$23,848",0.8
DLLS,11,F,13,14,F,0110,1,GS-14,H,XXXX,2,10,F,1,200109,1,"$84,658",17.0
DLLS,13,J,04,07,D,0119,3,GS-07,C,XXXX,8,10,F,1,200109,1,"$35,446",9.1
DLLS,11,I,17,13,G,0110,1,GS-13,H,XXXX,8,10,F,1,200109,1,"$82,180",24.7
DLLS,11,D,13,11,B,0110,1,GS-11,D,XXXX,8,15,F,1,200109,1,"$44,352",1.3
DLLS,11,C,13,09,B,0110,1,GS-09,C,XXXX,8,15,F,1,200109,1,"$39,099",1.2
DLLS,11,C,13,07,A,0110,1,GS-07,B,XXXX,8,15,F,1,200109,1,"$29,966",0.2
DLLS,13,D,13,09,B,0110,1,GS-09,C,XXXX,8,15,F,1,200109,1,"$36,134",1.1
DLLS,17,G,18,07,C,0119,3,GS-07,C,XXXX,8,10,P,2,200109,1,"$30,248",4.5
DLLS,11,H,17,13,H,0110,1,GS-13,G,XXXX,8,10,F,1,200109,1,"$77,965",26.0
DLLS,11,E,13,07,A,0110,1,GS-07,B,XXXX,8,15,F,1,200109,1,"$29,966",0.5
DLLS,11,D,17,09,B,0110,1,GS-09,C,XXXX,8,15,F,1,200109,1,"$36,656",2.8
DLLS,37,F,17,12,F,0110,1,GS-12,F,XXXX,2,10,F,1,200109,1,"$60,579",17.3
DLLS,47,H,04,07,F,0119,3,GS-07,C,XXXX,8,10,P,2,200109,1,"$34,151",15.3
DLLS,11,B,13,09,B,0110,1,GS-09,C,XXXX,8,15,F,1,200109,1,"$36,656",2.1
DLLS,11,C,13,07,A,0110,1,GS-07,B,XXXX,8,15,F,1,200109,1,"$29,966",0.3
DLLS,11,E,13,14,E,0110,1,GS-14,G,XXXX,2,10,F,1,200109,1,"$77,187",12.9
DLLS,13,H,13,14,G,0110,1,GS-14,H,XXXX,2,10,F,1,200109,1,"$88,361",21.3
DLLS,13,F,13,14,G,0110,1,GS-14,G,XXXX,2,10,F,1,200109,1,"$76,088",21.3
DLLS,01,I,14,07,F,0119,3,GS-07,C,XXXX,8,10,P,2,200109,1,"$35,126",16.1
DLLS,13,H,13,13,H,0110,1,GM-13,H,XXXX,2,10,F,1,200109,1,"$81,009",29.4
DLLS,11,C,13,12,C,0110,1,GS-12,E,XXXX,8,10,F,1,200109,1,"$54,928",4.1
DLLS,48,F,13,12,E,0110,1,GS-12,F,XXXX,8,10,F,1,200109,1,"$63,484",14.5
DLLS,48,I,13,12,H,0110,1,GS-12,F,XXXX,8,10,F,1,200109,1,"$68,773",26.2
DLLS,11,D,13,12,C,0110,1,GS-12,E,XXXX,8,10,F,1,200109,1,"$54,928",4.5
DLLS,12,C,13,11,D,0110,1,GS-11,D,XXXX,8,10,F,1,200109,1,"$43,326",5.2
DLLS,48,H,17,12,E,0110,1,GS-12,F,XXXX,8,10,F,1,200109,1,"$61,881",12.2
DLLS,13,C,17,07,C,0110,1,GS-07,C,XXXX,8,15,F,1,200109,1,"$31,508",4.5
DLLS,48,K,21,05,D,0119,3,GS-05,B,XXXX,8,15,P,2,200109,1,"$24,078",5.4
DLLS,11,D,17,12,C,0110,1,GS-12,E,XXXX,8,15,F,1,200109,1,"$54,928",4.7
DLLS,11,H,15,14,I,0110,1,GM-14,I,XXXX,2,10,F,1,200109,1,"$96,827",31.3
DLLS,01,J,08,07,F,0119,3,GS-07,C,XXXX,8,10,P,2,200109,1,"$35,126",15.4
DLLS,13,H,**,05,B,0119,3,GS-05,B,XXXX,8,15,P,2,200109,1,"$24,421",1.7
DLLS,13,E,14,13,F,0110,1,GS-13,F,XXXX,2,10,F,1,200109,1,"$64,389",15.0
DLLS,42,H,14,12,H,0110,1,GS-12,F,XXXX,8,10,F,1,200109,1,"$69,456",27.7
DLLS,08,C,13,12,D,0110,1,GS-12,E,XXXX,2,10,F,1,200109,1,"$57,558",6.7
DLLS,48,C,13,12,D,0110,1,GS-12,E,XXXX,2,10,F,1,200109,1,"$58,195",6.2
DLLS,05,G,09,07,D,0119,3,GS-07,C,XXXX,8,10,P,2,200109,1,"$33,175",9.9
DLLS,13,C,13,07,A,0110,1,GS-07,B,XXXX,8,15,F,1,200109,1,"$29,539",0.0
DLLS,13,E,13,13,F,0110,1,GS-13,F,XXXX,2,10,F,1,200109,1,"$66,466",15.1
DLLS,05,F,04,05,C,0119,3,GS-05,B,XXXX,8,15,P,2,200109,1,"$25,997",3.9
DLLS,17,H,14,13,I,0110,1,GM-13,H,XXXX,2,10,F,1,200109,1,"$84,245",31.3
DLLS,11,C,13,09,B,0110,1,GS-09,C,XXXX,8,15,F,1,200109,1,"$36,656",1.3
DLLS,22,J,13,07,E,0119,3,GS-07,C,XXXX,8,10,P,2,200109,1,"$31,224",12.7
DLLS,28,H,10,07,C,0119,3,GS-07,C,XXXX,8,15,P,2,200109,1,"$30,248",4.5
DLLS,11,G,13,13,G,0110,1,GM-13,G,XXXX,2,10,F,1,200109,1,"$75,857",23.0
DLLS,22,H,04,05,B,0119,3,GS-05,B,XXXX,8,15,P,2,200109,1,"$24,421",1.9
DLLS,11,D,04,06,E,0119,3,GS-06,C,XXXX,8,10,F,1,200109,1,"$32,356",10.6
DLLS,11,D,04,13,D,0110,1,GS-13,F,XXXX,8,10,F,1,200109,1,"$65,319",9.3
DLLS,36,D,13,12,E,0110,1,GS-12,E,XXXX,8,10,F,1,200109,1,"$58,443",10.5
DLLS,48,K,13,06,D,0119,3,GS-06,C,XXXX,8,15,P,2,200109,1,"$32,342",8.4
DLLS,48,K,04,07,D,0119,3,GS-07,C,XXXX,8,10,P,2,200109,1,"$33,175",9.7
DLLS,13,B,17,09,B,0110,1,GS-09,C,XXXX,8,15,F,1,200109,1,"$38,542",2.3
DLLS,11,H,13,14,H,0110,1,GM-14,I,XXXX,2,10,F,1,200109,1,"$91,747",29.9
DLLS,48,H,13,07,D,0119,3,GS-07,C,XXXX,8,10,P,2,200109,1,"$38,056",8.2
DLLS,13,C,12,07,A,0119,3,GS-07,B,XXXX,8,42,F,2,200109,1,"$29,539",0.3
DLLS,06,D,08,12,E,0110,1,GS-12,E,XXXX,8,10,F,1,200109,1,"$56,411",11.8
DLLS,11,D,04,06,E,0119,3,GS-06,C,XXXX,8,10,F,1,200109,1,"$32,356",11.8
DLLS,22,K,06,07,F,0119,3,GS-07,C,XXXX,8,10,P,2,200109,1,"$35,126",18.7
DLLS,28,J,07,07,H,0119,3,GS-07,C,XXXX,8,10,P,2,200109,1,"$36,102",25.8
DLLS,13,C,13,09,B,0110,1,GS-09,C,XXXX,8,15,F,1,200109,1,"$36,134",1.4
DLLS,11,I,14,12,I,0110,1,GS-12,F,XXXX,8,10,F,1,200109,1,"$69,099",31.3
DLLS,11,H,13,12,H,0110,1,GS-12,F,XXXX,8,10,F,1,200109,1,"$65,556",27.4
DLLS,11,F,21,13,D,0110,1,GS-13,G,XXXX,8,10,F,1,200109,1,"$75,857",6.0
DLLS,06,J,13,07,G,0119,3,GS-07,C,XXXX,8,10,P,2,200109,1,"$38,345",20.2
DLLS,53,I,14,12,I,0110,1,GS-12,F,XXXX,8,10,F,1,200109,1,"$67,462",33.7
DLLS,11,E,13,14,E,0110,1,GS-14,G,XXXX,2,10,F,1,200109,1,"$77,187",13.3
DLLS,40,F,13,07,F,0119,3,GS-07,C,XXXX,8,10,P,2,200109,1,"$38,053",17.9
DLLS,11,D,13,12,D,0110,1,GS-12,E,XXXX,8,10,F,1,200109,1,"$53,156",6.7
DLLS,48,F,13,12,G,0110,1,GS-12,F,XXXX,8,10,F,1,200109,1,"$65,247",21.1
DLLS,17,C,13,11,B,0110,1,GS-11,D,XXXX,8,15,F,1,200109,1,"$45,467",2.9
DLLS,29,C,13,12,D,0110,1,GS-12,E,XXXX,8,10,F,1,200109,1,"$55,552",6.4
DLLS,48,D,17,07,A,0110,1,GS-07,B,XXXX,8,15,F,1,200109,1,"$29,825",0.8
DLLS,48,I,17,06,B,0119,3,GS-06,B,XXXX,8,15,P,2,200109,1,"$27,219",2.3
DLLS,11,E,17,12,D,0110,1,GS-12,F,XXXX,8,10,F,1,200109,1,"$60,242",9.3
DLLS,40,I,07,06,E,0119,3,GS-06,B,XXXX,8,15,P,2,200109,1,"$29,852",10.6
DLLS,36,H,13,07,G,0119,3,GS-07,D,XXXX,8,10,P,2,200109,1,"$40,152",23.1
DLLS,48,G,17,13,G,0110,1,GS-13,F,XXXX,2,10,F,1,200109,1,"$69,206",23.3
DLLS,48,G,07,07,D,0119,3,GS-07,C,XXXX,8,10,P,2,200109,1,"$32,200",9.3
DLLS,48,D,13,06,C,0119,3,GS-06,B,XXXX,8,15,P,2,200109,1,"$28,627",3.7
DLLS,48,F,13,07,A,0110,1,GS-07,B,XXXX,8,15,F,1,200109,1,"$29,825",0.8
DLLS,48,D,13,12,E,0110,1,GS-12,F,XXXX,8,10,F,1,200109,1,"$61,721",10.4
DLLS,48,H,17,12,D,0110,1,GS-12,F,XXXX,8,10,F,1,200109,1,"$60,006",8.3
DLLS,48,H,17,05,C,0119,3,GS-05,B,XXXX,8,15,P,2,200109,1,"$28,165",3.8
DLLS,48,G,13,05,E,0110,1,GS-05,B,XXXX,8,15,F,1,200109,1,"$26,487",12.5
DLLS,48,E,13,12,F,0110,1,GS-12,F,XXXX,8,10,F,1,200109,1,"$63,484",17.1
DLLS,25,H,13,12,H,0110,1,GS-12,F,XXXX,2,10,F,1,200109,1,"$66,686",27.2
DLLS,48,F,13,06,C,0119,3,GS-06,B,XXXX,8,15,P,2,200109,1,"$28,627",3.7
DLLS,48,I,13,07,E,0119,3,GS-07,C,XXXX,8,10,P,2,200109,1,"$35,126",14.5
DLLS,48,F,13,12,E,0110,1,GS-12,E,XXXX,8,10,F,1,200109,1,"$58,195",11.2
DLLS,11,G,13,09,B,0110,1,GS-09,C,XXXX,8,15,F,1,200109,1,"$36,656",1.3
DLLS,11,D,13,12,E,0110,1,GS-12,F,XXXX,8,10,F,1,200109,1,"$60,242",10.9
DLLS,13,H,13,12,H,0110,1,GS-12,F,XXXX,8,10,F,1,200109,1,"$64,622",27.4
DLLS,11,C,13,09,B,0110,1,GS-09,C,XXXX,8,15,F,1,200109,1,"$36,656",1.2
DLLS,05,G,07,06,D,0119,3,GS-06,C,XXXX,8,10,P,2,200109,1,"$30,730",7.2
DLLS,48,K,13,05,D,0119,3,GS-05,B,XXXX,8,15,P,2,200109,1,"$28,165",5.6
DLLS,48,J,07,07,D,0119,3,GS-07,C,XXXX,8,10,P,2,200109,1,"$34,885",7.9
DLLS,48,I,13,13,I,0110,1,GS-13,G,XXXX,2,10,F,1,200109,1,"$73,401",31.8
DLLS,48,F,17,13,G,0110,1,GM-13,G,XXXX,2,10,F,1,200109,1,"$78,652",23.0
DLLS,48,D,13,12,D,0110,1,GS-12,E,XXXX,8,10,F,1,200109,1,"$59,958",9.3
DLLS,11,F,13,14,F,0110,1,GS-14,H,XXXX,2,10,F,1,200109,1,"$82,168",15.1
DLLS,11,C,13,12,C,0110,1,GS-12,E,XXXX,8,10,F,1,200109,1,"$53,156",3.3
DLLS,48,H,13,12,F,0110,1,GS-12,F,XXXX,8,10,F,1,200109,1,"$68,773",18.8
DLLS,11,H,17,12,G,0110,1,GS-12,F,XXXX,8,10,F,1,200109,1,"$69,099",24.4
DLLS,48,F,13,05,B,0119,3,GS-05,B,XXXX,8,15,P,2,200109,1,"$25,684",2.2
DLLS,48,H,04,12,E,0110,1,GS-12,F,XXXX,8,10,F,1,200109,1,"$61,881",14.3
DLLS,11,H,19,13,G,0110,1,GS-13,G,XXXX,8,10,F,1,200109,1,"$77,965",21.3
DLLS,13,G,13,07,C,0119,3,GS-07,C,XXXX,8,10,P,2,200109,1,"$30,248",4.9
DLLS,39,D,13,12,E,0110,1,GS-12,E,XXXX,2,10,F,1,200109,1,"$57,908",11.2
DLLS,48,I,13,12,G,0110,1,GS-12,F,XXXX,8,10,F,1,200109,1,"$63,484",24.2
DLLS,48,B,13,07,A,0110,1,GS-07,B,XXXX,8,15,F,1,200109,1,"$29,825",0.2
DLLS,48,J,04,07,G,0119,3,GS-07,C,XXXX,8,10,P,2,200109,1,"$37,077",24.7
DLLS,48,H,13,12,F,0110,1,GS-12,F,XXXX,8,10,F,1,200109,1,"$68,773",16.0
DLLS,48,C,13,07,A,0110,1,GS-07,B,XXXX,8,15,F,1,200109,1,"$29,825",0.8
DLLS,42,F,13,13,E,0110,1,GS-13,F,XXXX,2,10,F,1,200109,1,"$67,775",11.3
DLLS,11,F,21,13,D,0110,1,GS-13,F,XXXX,8,10,F,1,200109,1,"$65,319",5.1
DLLS,48,E,13,09,D,0110,1,GS-09,C,XXXX,8,10,F,1,200109,1,"$37,699",5.9
DLLS,06,K,04,05,B,0119,3,GS-05,B,XXXX,8,15,P,2,200109,1,"$26,530",1.2
DLLS,48,D,04,05,D,0119,3,GS-05,C,XXXX,8,10,P,2,200109,1,"$31,306",8.4
DLLS,48,E,17,12,C,0110,1,GS-12,E,XXXX,2,10,F,1,200109,1,"$52,905",4.0
DLLS,29,D,13,12,D,0110,1,GS-12,E,XXXX,8,10,F,1,200109,1,"$55,717",7.6
DLLS,06,G,17,12,C,0110,1,GS-12,E,XXXX,8,10,F,1,200109,1,"$56,411",4.3
DLLS,48,I,13,14,I,0110,1,GS-14,I,XXXX,2,10,F,1,200109,1,"$91,693",32.1
DLLS,11,C,13,09,B,0110,1,GS-09,C,XXXX,8,15,F,1,200109,1,"$36,656",1.1
DLLS,11,B,13,11,B,0110,1,GS-11,D,XXXX,8,15,F,1,200109,1,"$44,352",2.3
DLLS,48,E,04,07,F,0119,3,GS-07,C,XXXX,8,10,F,1,200109,1,"$34,795",17.1
DLLS,06,I,08,05,C,0119,3,GS-05,B,XXXX,8,20,P,2,200109,1,"$26,775",4.0
DLLS,11,B,13,07,A,0110,1,GS-07,B,XXXX,8,15,F,1,200109,1,"$29,966",0.2
DLLS,48,D,13,12,D,0110,1,GS-12,E,XXXX,8,10,F,1,200109,1,"$54,668",8.9
DLLS,11,E,13,12,E,0110,1,GS-12,E,XXXX,8,10,F,1,200109,1,"$58,470",11.8
DLLS,39,B,13,09,B,0110,1,GS-09,C,XXXX,8,15,F,1,200109,1,"$36,303",1.2
DLLS,48,H,13,12,H,0110,1,GS-12,F,XXXX,8,10,F,1,200109,1,"$68,773",27.2
DLLS,11,D,17,13,D,0110,1,GS-13,F,XXXX,2,10,F,1,200109,1,"$67,427",7.3
DLLS,11,C,13,09,B,0110,1,GS-09,C,XXXX,8,15,F,1,200109,1,"$36,656",1.2
DLLS,48,K,13,05,D,0119,3,GS-05,B,XXXX,8,15,P,2,200109,1,"$25,209",5.5
DLLS,48,F,04,06,E,0119,3,GS-06,C,XXXX,8,10,P,2,200109,1,"$31,607",10.3
DLLS,48,H,13,12,H,0110,1,GS-12,F,XXXX,8,10,F,1,200109,1,"$68,773",26.7
DLLS,11,B,13,07,A,0110,1,GS-07,B,XXXX,8,15,F,1,200109,1,"$29,966",0.8
DLLS,48,E,13,12,C,0110,1,GS-12,E,XXXX,8,10,F,1,200109,1,"$52,905",3.6
DLLS,48,H,13,12,H,0110,1,GS-12,F,XXXX,8,10,F,1,200109,1,"$69,380",26.8
DLLS,48,D,13,12,D,0110,1,GS-12,E,XXXX,8,10,F,1,200109,1,"$56,432",6.7
DLLS,11,D,13,13,E,0110,1,GS-13,F,XXXX,2,10,F,1,200109,1,"$69,534",11.2
DLLS,48,H,13,14,H,0110,1,GM-14,I,XXXX,2,10,F,1,200109,1,"$96,523",29.2
DLLS,11,G,13,12,G,0110,1,GS-12,F,XXXX,8,10,F,1,200109,1,"$63,785",24.5
DLLS,13,C,13,09,B,0110,1,GS-09,C,XXXX,8,15,F,1,200109,1,"$36,134",1.0
DLLS,11,I,17,12,G,0110,1,GS-12,F,XXXX,8,10,F,1,200109,1,"$65,556",24.7
DLLS,06,H,13,06,B,0119,3,GS-06,B,XXXX,8,15,P,2,200109,1,"$27,978",2.6
DLLS,11,C,13,12,C,0110,1,GS-12,E,XXXX,8,15,F,1,200109,1,"$53,156",3.2
DLLS,06,J,13,07,C,0119,3,GS-07,C,XXXX,8,10,P,2,200109,1,"$32,861",4.6
DLLS,13,H,14,13,H,0110,1,GM-13,H,XXXX,2,10,F,1,200109,1,"$81,009",27.6
DLLS,27,G,13,06,C,0119,3,GS-06,B,XXXX,8,15,P,2,200109,1,"$29,680",4.3
DLLS,06,K,14,07,H,0119,3,GS-07,C,XXXX,8,10,P,2,200109,1,"$39,381",25.7
DLLS,11,C,17,09,B,0110,1,GS-09,C,XXXX,8,15,F,1,200109,1,"$37,877",2.5
DLLS,11,B,13,07,A,0110,1,GS-07,B,XXXX,8,15,F,1,200109,1,"$29,966",0.1
DLLS,39,G,13,12,F,0110,1,GS-12,E,XXXX,2,10,F,1,200109,1,"$58,752",18.6
DLLS,27,E,09,05,F,0119,3,GS-05,C,XXXX,8,15,P,2,200109,1,"$31,474",17.6
DLLS,11,B,13,07,A,0110,1,GS-07,B,XXXX,8,15,F,1,200109,1,"$29,966",0.3
DLLS,17,B,13,07,A,0110,1,GS-07,C,XXXX,8,15,F,1,200109,1,"$30,719",0.0
DLLS,06,D,17,12,C,0110,1,GS-12,E,XXXX,8,10,F,1,200109,1,"$58,291",4.0
DLLS,06,F,13,09,B,0110,1,GS-09,C,XXXX,8,15,F,1,200109,1,"$38,901",1.2
DLLS,51,F,13,12,D,0110,1,GS-12,E,XXXX,8,10,F,1,200109,1,"$55,861",8.8
DLLS,46,E,14,07,D,0119,3,GS-07,C,XXXX,8,10,P,2,200109,1,"$31,224",5.3
DLLS,11,B,13,09,B,0110,1,GS-09,C,XXXX,8,15,F,1,200109,1,"$36,656",1.2
DLLS,27,I,17,05,A,0119,3,GS-05,B,XXXX,8,15,P,2,200109,1,"$24,208",0.3
DLLS,06,G,17,06,D,0119,3,GS-06,B,XXXX,8,15,P,2,200109,1,"$29,044",8.5
DLLS,48,F,13,12,G,0110,1,GS-12,E,XXXX,8,10,F,1,200109,1,"$59,958",20.0
DLLS,27,F,15,11,F,0110,1,GS-11,E,XXXX,8,10,F,1,200109,1,"$54,734",15.9
DLLS,27,B,13,07,A,0110,1,GS-07,B,XXXX,8,15,F,1,200109,1,"$29,985",0.2
DLLS,27,K,13,07,D,0119,3,GS-07,C,XXXX,8,15,P,2,200109,1,"$31,224",6.3
DLLS,06,I,17,06,B,0119,3,GS-06,B,XXXX,8,15,P,2,200109,1,"$27,230",2.3
DLLS,51,H,04,05,F,0119,3,GS-05,B,XXXX,8,10,P,2,200109,1,"$28,604",16.5
DLLS,17,G,13,12,H,0110,1,GS-12,F,XXXX,7,10,F,1,200109,1,"$69,019",25.7
DLLS,11,C,17,07,A,0110,1,GS-07,C,XXXX,8,15,F,1,200109,1,"$33,961",0.1
DLLS,11,H,21,11,D,0110,1,GS-11,E,XXXX,8,10,F,1,200109,1,"$50,265",7.7
DLLS,11,B,13,09,B,0110,1,GS-09,C,XXXX,8,15,F,1,200109,1,"$36,656",1.2
DLLS,27,I,14,12,J,0110,1,GS-12,F,XXXX,7,10,F,1,200109,1,"$69,143",35.8
DLLS,06,H,13,07,F,0119,3,GS-07,D,XXXX,8,10,P,2,200109,1,"$40,280",16.3
DLLS,11,C,17,07,A,0110,1,GS-07,C,XXXX,8,15,F,1,200109,1,"$33,961",0.8
DLLS,25,J,13,12,E,0110,1,GS-12,F,XXXX,8,10,F,1,200109,1,"$64,884",13.8
DLLS,29,D,13,07,A,0110,1,GS-07,B,XXXX,8,15,F,1,200109,1,"$29,447",0.3
DLLS,11,E,13,12,F,0110,1,GS-12,E,XXXX,8,10,F,1,200109,1,"$56,699",15.4
DLLS,11,E,04,06,E,0119,3,GS-06,C,XXXX,8,10,F,1,200109,1,"$33,254",14.2
DLLS,11,G,21,,D,0110,1,EX-04,L,XXXX,2,46,F,2,200109,1,"$125,700",8.3
DLLS,11,G,14,12,G,0110,1,GS-12,F,XXXX,8,10,F,1,200109,1,"$65,556",22.3
DLLS,08,K,13,06,B,0119,3,GS-06,B,XXXX,8,15,P,2,200109,1,"$27,374",1.9
DLLS,08,J,15,07,D,0119,3,GS-07,C,XXXX,8,10,P,2,200109,1,"$33,461",8.8
DLLS,11,C,13,12,D,0110,1,GS-12,E,XXXX,8,15,F,1,200109,1,"$53,156",5.0
DLLS,48,K,13,07,F,0119,3,GS-07,C,XXXX,8,20,P,2,200109,1,"$38,053",17.2
DLLS,17,H,13,14,H,0110,1,GS-14,H,XXXX,2,10,F,1,200109,1,"$84,232",27.9
DLLS,29,F,13,13,G,0110,1,GM-13,G,XXXX,4,10,F,1,200109,1,"$74,543",21.1
DLLS,11,F,13,14,G,0110,1,GS-14,H,XXXX,2,10,F,1,200109,1,"$87,148",22.9
DLLS,31,F,13,06,B,0119,3,GS-06,B,XXXX,8,15,P,2,200109,1,"$27,219",2.5
DLLS,17,B,13,09,B,0110,1,GS-09,C,XXXX,8,15,F,1,200109,1,"$37,577",1.2
DLLS,19,C,13,11,C,0110,1,GS-11,D,XXXX,8,15,F,1,200109,1,"$44,770",3.3
DLLS,17,B,13,07,A,0110,1,GS-07,C,XXXX,8,15,F,1,200109,1,"$30,719",0.0
DLLS,11,H,14,14,H,0110,1,GM-14,I,XXXX,2,10,F,1,200109,1,"$97,108",29.5
DLLS,29,D,13,12,D,0110,1,GS-12,E,XXXX,8,10,F,1,200109,1,"$55,717",9.3
DLLS,29,G,13,14,H,0110,1,GM-14,I,XXXX,2,10,F,1,200109,1,"$90,544",25.2
DLLS,11,G,04,12,G,0110,1,GS-12,E,XXXX,8,10,P,2,200109,1,"$58,470",23.9
DLLS,29,G,13,07,E,0119,3,GS-07,C,XXXX,8,10,P,2,200109,1,"$35,335",13.9
DLLS,39,J,09,07,F,0119,3,GS-07,C,XXXX,8,10,P,2,200109,1,"$34,442",15.3
DLLS,29,F,04,12,H,0110,1,GS-12,F,XXXX,8,10,F,1,200109,1,"$62,679",25.2
DLLS,11,H,17,,I,0110,1,ES-02,L,XXXX,2,50,F,1,200109,1,"$125,883",30.3
DLLS,29,H,17,12,H,0110,1,GS-12,F,XXXX,8,10,F,1,200109,1,"$65,965",25.6
DLLS,29,H,17,12,F,0110,1,GS-12,F,XXXX,8,10,F,1,200109,1,"$64,420",19.0
DLLS,29,H,14,12,F,0110,1,GS-12,E,XXXX,2,10,F,1,200109,1,"$55,717",17.4
DLLS,29,G,13,12,F,0110,1,GS-12,F,XXXX,8,10,F,1,200109,1,"$62,679",15.8
DLLS,29,J,17,07,D,0119,3,GS-07,C,XXXX,8,10,P,2,200109,1,"$31,410",8.2
DLLS,29,J,08,07,F,0119,3,GS-07,C,XXXX,8,10,P,2,200109,1,"$35,231",15.7
DLLS,29,H,13,13,H,0110,1,GM-13,G,XXXX,2,10,F,1,200109,1,"$77,656",29.9
DLLS,29,G,13,05,B,0119,3,GS-05,B,XXXX,8,15,P,2,200109,1,"$23,773",1.2
DLLS,11,G,13,13,G,0110,1,GS-13,H,XXXX,8,10,F,1,200109,1,"$80,072",22.1
DLLS,29,C,13,12,C,0110,1,GS-12,E,XXXX,8,10,F,1,200109,1,"$52,235",4.1
DLLS,48,H,13,13,H,0110,1,GM-13,H,XXXX,2,10,F,1,200109,1,"$80,758",27.2
DLLS,29,D,13,11,C,0110,1,GS-11,D,XXXX,8,15,F,1,200109,1,"$45,036",3.1
DLLS,29,B,13,07,A,0110,1,GS-07,B,XXXX,8,15,F,1,200109,1,"$29,447",0.6
DLLS,11,H,17,,H,0110,1,ES-04,M,XXXX,2,50,F,1,200109,1,"$133,700",27.8
DLLS,17,H,04,07,I,0119,3,GS-07,C,XXXX,8,10,F,1,200109,1,"$38,909",31.4
DLLS,12,K,04,05,B,0119,3,GS-05,B,XXXX,8,15,P,2,200109,1,"$23,633",2.2
DLLS,29,H,13,11,G,0110,1,GS-11,E,XXXX,8,10,F,1,200109,1,"$55,041",20.6
DLLS,06,H,13,14,I,0110,1,GM-14,J,XXXX,2,10,F,1,200109,1,"$102,491",30.3
DLLS,29,G,15,05,E,0119,3,GS-05,B,XXXX,8,15,P,2,200109,1,"$24,566",12.5
DLLS,29,I,13,12,E,0110,1,GS-12,E,XXXX,8,10,F,1,200109,1,"$55,717",11.3
DLLS,29,I,13,07,G,0119,3,GS-07,C,XXXX,8,30,P,2,200109,1,"$36,209",21.1
DLLS,29,K,13,07,F,0119,3,GS-07,C,XXXX,8,10,P,2,200109,1,"$33,274",17.2
DLLS,29,I,13,07,H,0119,3,GS-07,C,XXXX,8,10,P,2,200109,1,"$37,298",26.9
DLLS,29,G,13,07,D,0119,3,GS-07,C,XXXX,8,10,P,2,200109,1,"$32,295",8.6
DLLS,29,E,13,12,E,0110,1,GS-12,E,XXXX,8,10,F,1,200109,1,"$57,457",10.1
DLLS,11,E,17,09,A,0110,1,GS-09,C,XXXX,8,15,F,1,200109,1,"$36,656",0.7
DLLS,11,J,22,14,I,0110,1,GS-14,I,XXXX,8,10,F,1,200109,1,"$97,108",32.5
DLLS,29,K,13,12,G,0110,1,GS-12,F,XXXX,2,10,F,1,200109,1,"$62,679",22.9
DLLS,42,G,13,05,B,0119,3,GS-05,B,XXXX,8,15,P,2,200109,1,"$25,128",1.3
DLLS,53,C,13,12,D,0110,1,GS-12,E,XXXX,8,10,F,1,200109,1,"$56,812",6.6
DLLS,31,K,13,06,C,0119,3,GS-06,B,XXXX,8,10,P,2,200109,1,"$28,975",4.9
DLLS,29,I,13,13,H,0110,1,GM-13,G,XXXX,2,10,F,1,200109,1,"$78,693",29.3
DLLS,46,I,13,05,B,0119,3,GS-05,B,XXXX,8,15,P,2,200109,1,"$24,421",1.3
DLLS,49,K,07,07,F,0119,3,GS-07,C,XXXX,8,10,P,2,200109,1,"$35,126",17.3
DLLS,31,I,04,06,B,0119,3,GS-06,B,XXXX,8,15,P,2,200109,1,"$27,219",2.5
DLLS,11,D,17,12,C,0110,1,GS-12,E,XXXX,8,15,F,1,200109,1,"$53,156",4.5
DLLS,08,C,17,12,C,0110,1,GS-12,E,XXXX,8,10,F,1,200109,1,"$55,760",4.1
DLLS,11,D,17,11,B,0110,1,GS-11,D,XXXX,8,15,F,1,200109,1,"$44,352",2.3
DLLS,01,G,04,06,D,0119,3,GS-06,B,XXXX,8,15,P,2,200109,1,"$26,342",7.5
DLLS,29,F,17,12,D,0110,1,GS-12,E,XXXX,8,10,F,1,200109,1,"$55,717",8.8
DLLS,29,F,17,13,F,0110,1,GS-13,G,XXXX,2,10,F,1,200109,1,"$70,400",16.0
DLLS,31,E,14,12,D,0110,1,GS-12,E,XXXX,8,10,F,1,200109,1,"$57,118",9.2
DLLS,29,C,13,12,C,0110,1,GS-12,E,XXXX,8,10,F,1,200109,1,"$52,235",4.0
DLLS,11,B,13,07,A,0110,1,GS-07,B,XXXX,8,15,F,1,200109,1,"$29,966",0.9
DLLS,41,I,13,06,B,0119,3,GS-06,B,XXXX,8,15,P,2,200109,1,"$26,988",1.8
DLLS,29,H,18,12,F,0110,1,GS-12,F,XXXX,8,10,F,1,200109,1,"$60,939",15.3
DLLS,11,H,07,13,I,0110,1,GM-13,G,XXXX,2,10,F,1,200109,1,"$75,857",32.0
DLLS,29,D,13,12,E,0110,1,GS-12,E,XXXX,8,10,F,1,200109,1,"$52,235",14.3
DLLS,17,B,13,09,B,0110,1,GS-09,C,XXXX,8,15,F,1,200109,1,"$37,577",1.9
DLLS,08,D,17,12,C,0110,1,GS-12,E,XXXX,8,15,F,1,200109,1,"$53,962",3.1
DLLS,48,H,17,15,I,0110,1,GM-15,K,XXXX,2,10,F,1,200109,1,"$113,685",32.4
DLLS,11,H,18,14,H,0110,1,GS-14,H,XXXX,2,10,F,1,200109,1,"$87,148",29.3
DLLS,13,G,10,07,H,0119,3,GS-07,C,XXXX,8,10,P,2,200109,1,"$36,430",26.3
DLLS,11,E,13,14,E,0110,1,GS-14,G,XXXX,2,10,F,1,200109,1,"$77,187",10.6
DLLS,11,H,13,12,E,0110,1,GS-12,F,XXXX,8,10,F,1,200109,1,"$60,242",12.3
DLLS,29,D,13,11,B,0110,1,GS-11,D,XXXX,8,15,F,1,200109,1,"$43,584",2.1
DLLS,11,B,13,07,A,0110,1,GS-07,C,XXXX,8,15,F,1,200109,1,"$31,963",0.3
DLLS,20,I,04,07,D,0119,3,GS-07,C,XXXX,8,10,P,2,200109,1,"$30,248",7.5
DLLS,11,G,13,15,H,0110,1,GS-15,I,XXXX,2,10,F,1,200109,1,"$90,793",26.8
DLLS,20,G,13,07,C,0119,3,GS-07,C,XXXX,8,10,P,2,200109,1,"$31,224",4.6
DLLS,29,F,14,12,D,0110,1,GS-12,E,XXXX,8,10,F,1,200109,1,"$57,457",9.0
DLLS,48,D,13,09,B,0110,1,GS-09,C,XXXX,8,15,F,1,200109,1,"$36,483",2.4
DLLS,13,E,13,12,E,0110,1,GS-12,E,XXXX,8,10,F,1,200109,1,"$55,891",10.3
DLLS,11,H,17,12,D,0110,1,GS-12,E,XXXX,8,10,F,1,200109,1,"$58,470",8.5
DLLS,53,K,04,07,H,0119,3,GS-07,C,XXXX,8,10,P,2,200109,1,"$38,031",25.1
DLLS,11,I,17,13,E,0110,1,GS-13,G,XXXX,8,10,F,1,200109,1,"$73,749",12.7
DLLS,02,G,17,07,D,0119,3,GS-07,B,XXXX,8,10,P,2,200109,1,"$28,997",6.1
DLLS,11,B,13,09,B,0110,1,GS-09,C,XXXX,8,15,F,1,200109,1,"$36,656",1.1
DLLS,11,I,21,13,H,0110,1,GS-13,H,XXXX,8,10,F,1,200109,1,"$82,180",29.0
DLLS,53,F,13,07,C,0119,3,GS-07,B,XXXX,8,10,P,2,200109,1,"$29,273",3.7
DLLS,16,F,13,07,C,0119,3,GS-07,C,XXXX,8,10,P,2,200109,1,"$31,224",4.6
DLLS,11,F,17,14,D,0110,1,GS-14,G,XXXX,8,10,F,1,200109,1,"$74,697",6.4
DLLS,11,H,17,13,D,0110,1,GS-13,F,XXXX,8,10,F,1,200109,1,"$65,319",7.8
DLLS,11,D,17,09,C,0110,1,GS-09,C,XXXX,8,15,F,1,200109,1,"$36,656",3.2
DLLS,11,C,13,07,B,0110,1,GS-07,B,XXXX,8,15,F,1,200109,1,"$29,966",2.8
DLLS,08,H,17,07,F,0119,3,GS-07,C,XXXX,8,10,P,2,200109,1,"$37,517",18.9
DLLS,11,C,13,09,B,0110,1,GS-09,C,XXXX,8,42,P,2,200109,1,"$36,656",2.5
DLLS,11,B,13,09,B,0110,1,GS-09,C,XXXX,8,15,F,1,200109,1,"$36,656",1.8
DLLS,11,D,17,12,B,0110,1,GS-12,E,XXXX,8,15,F,1,200109,1,"$53,156",2.0
DLLS,08,D,13,12,E,0110,1,GS-12,E,XXXX,8,10,F,1,200109,1,"$59,356",10.3
DLLS,42,C,13,11,B,0110,1,GS-11,D,XXXX,8,15,F,1,200109,1,"$44,581",2.8
DLLS,08,K,04,07,D,0119,3,GS-07,C,XXXX,8,10,P,2,200109,1,"$33,461",8.3
DLLS,08,I,13,06,D,0119,3,GS-06,C,XXXX,8,15,P,2,200109,1,"$31,022",8.1
DLLS,11,G,17,12,E,0110,1,GS-12,F,XXXX,8,10,F,1,200109,1,"$62,013",13.8
DLLS,48,H,14,12,H,0110,1,GS-12,F,XXXX,8,10,F,1,200109,1,"$67,505",27.4
DLLS,36,J,13,05,C,0119,3,GS-05,B,XXXX,8,15,P,2,200109,1,"$24,421",3.1
DLLS,41,H,13,07,C,0119,3,GS-07,C,XXXX,8,10,P,2,200109,1,"$30,248",4.4
DLLS,11,G,21,15,E,0110,1,GS-15,J,XXXX,8,10,F,1,200109,1,"$102,508",10.0
DLLS,13,C,13,11,C,0110,1,GS-11,D,XXXX,8,15,F,1,200109,1,"$43,720",3.0
DLLS,11,C,13,07,A,0110,1,GS-07,B,XXXX,8,15,F,1,200109,1,"$29,966",0.1
DLLS,11,B,13,09,B,0110,1,GS-09,C,XXXX,8,15,F,1,200109,1,"$36,656",1.9
DLLS,11,C,13,12,C,0110,1,GS-12,E,XXXX,8,10,F,1,200109,1,"$54,928",4.1
DLLS,49,I,07,07,D,0119,3,GS-07,C,XXXX,8,10,P,2,200109,1,"$32,200",6.4
DLLS,11,I,21,15,H,0110,1,GS-15,J,XXXX,2,10,F,1,200109,1,"$108,366",28.0
DLLS,06,C,13,09,B,0110,1,GS-09,C,XXXX,8,15,F,1,200109,1,"$38,901",1.1
DLLS,39,C,13,09,B,0110,1,GS-09,C,XXXX,8,15,F,1,200109,1,"$36,832",1.9
DLLS,11,E,17,13,D,0110,1,GS-13,F,XXXX,8,10,F,1,200109,1,"$67,427",8.0
DLLS,15,H,17,06,E,0119,3,GS-06,C,XXXX,8,10,P,2,200109,1,"$31,798",12.7
DLLS,06,F,17,12,F,0110,1,GS-12,G,XXXX,4,10,F,1,200109,1,"$73,330",17.8
DLLS,06,E,13,13,E,0110,1,GS-13,G,XXXX,4,10,F,1,200109,1,"$76,029",14.7
DLLS,06,B,13,07,A,0110,1,GS-07,C,XXXX,8,15,F,1,200109,1,"$31,091",0.3
DLLS,11,C,13,09,B,0110,1,GS-09,C,XXXX,8,15,F,1,200109,1,"$36,656",1.3
DLLS,25,B,13,07,A,0110,1,GS-07,C,XXXX,8,15,F,1,200109,1,"$30,483",0.9
DLLS,15,H,13,05,B,0119,3,GS-05,B,XXXX,8,15,P,2,200109,1,"$22,679",1.3
DLLS,53,K,17,12,H,0110,1,GS-12,F,XXXX,4,10,F,1,200109,1,"$63,912",26.2
DLLS,11,J,13,12,I,0110,1,GS-12,F,XXXX,8,10,F,1,200109,1,"$69,099",34.1
DLLS,11,D,17,12,C,0110,1,GS-12,E,XXXX,8,10,F,1,200109,1,"$54,928",4.3
DLLS,53,J,13,07,C,0119,3,GS-07,C,XXXX,8,10,P,2,200109,1,"$31,027",4.1
DLLS,53,G,13,06,F,0119,3,GS-06,C,XXXX,8,10,P,2,200109,1,"$35,121",19.9
DLLS,06,C,13,11,D,0110,1,GS-11,D,XXXX,8,10,F,1,200109,1,"$47,068",7.3
DLLS,11,D,17,12,C,0110,1,GS-12,E,XXXX,8,15,F,1,200109,1,"$54,928",3.4
DLLS,11,B,13,11,B,0110,1,GS-11,D,XXXX,8,15,F,1,200109,1,"$44,352",2.3
DLLS,53,F,13,06,C,0119,3,GS-06,B,XXXX,8,10,P,2,200109,1,"$27,920",3.8
DLLS,53,D,13,06,B,0119,3,GS-06,B,XXXX,8,20,P,2,200109,1,"$27,920",2.4
DLLS,04,J,15,12,J,0110,1,GS-12,F,XXXX,8,10,F,1,200109,1,"$67,500",37.9
DLLS,04,I,10,05,B,0119,3,GS-05,B,XXXX,8,15,P,2,200109,1,"$24,421",1.6
DLLS,13,C,13,09,B,0110,1,GS-09,C,XXXX,8,15,F,1,200109,1,"$36,134",1.9
DLLS,41,K,04,07,G,0119,3,GS-07,C,XXXX,8,10,P,2,200109,1,"$37,986",24.8
DLLS,53,I,03,07,D,0119,3,GS-07,C,XXXX,8,10,P,2,200109,1,"$33,028",6.9
DLLS,06,D,13,12,D,0110,1,GS-12,E,XXXX,8,10,F,1,200109,1,"$55,153",5.7
DLLS,53,F,13,07,F,0119,3,GS-07,C,XXXX,8,10,P,2,200109,1,"$30,248",15.7
DLLS,25,C,13,12,C,0110,1,GS-12,E,XXXX,8,10,F,1,200109,1,"$55,874",3.4
DLLS,41,G,13,12,G,0110,1,GS-12,F,XXXX,8,10,F,1,200109,1,"$69,155",20.9
DLLS,11,G,17,13,D,0110,1,GS-13,F,XXXX,8,10,F,1,200109,1,"$63,211",9.6
DLLS,42,D,13,11,C,0110,1,GS-11,D,XXXX,8,15,F,1,200109,1,"$44,581",4.6
DLLS,51,E,10,05,E,0119,3,GS-05,B,XXXX,8,15,P,2,200109,1,"$24,421",13.3
DLLS,11,C,13,09,B,0110,1,GS-09,C,XXXX,8,15,F,1,200109,1,"$36,656",1.1
DLLS,41,G,12,13,G,0110,1,GS-13,G,XXXX,8,10,F,1,200109,1,"$71,700",23.3
DLLS,06,H,09,12,H,0110,1,GS-12,F,XXXX,8,10,F,1,200109,1,"$65,811",29.0
DLLS,06,G,17,12,F,0110,1,GS-12,G,XXXX,8,10,F,1,200109,1,"$73,330",15.8
DLLS,06,E,13,12,D,0110,1,GS-12,F,XXXX,8,10,F,1,200109,1,"$62,051",9.5
DLLS,11,I,14,12,I,0110,1,GS-12,F,XXXX,8,10,F,1,200109,1,"$65,556",33.2
DLLS,06,C,13,09,B,0110,1,GS-09,C,XXXX,8,15,F,1,200109,1,"$38,033",1.8
DLLS,06,G,13,07,D,0119,3,GS-07,C,XXXX,8,10,P,2,200109,1,"$32,128",5.0
DLLS,53,D,13,12,E,0110,1,GS-12,F,XXXX,8,10,F,1,200109,1,"$60,362",10.4
DLLS,11,I,21,13,D,0110,1,GS-13,G,XXXX,8,10,F,1,200109,1,"$75,857",9.5
DLLS,06,E,13,12,E,0110,1,GS-12,F,XXXX,8,10,F,1,200109,1,"$62,051",11.4
DLLS,06,G,13,07,C,0119,3,GS-07,C,XXXX,8,10,P,2,200109,1,"$30,248",4.7
DLLS,06,J,13,07,G,0119,3,GS-07,C,XXXX,8,10,P,2,200109,1,"$37,319",23.0
DLLS,24,F,13,12,E,0110,1,GS-12,F,XXXX,8,10,F,1,200109,1,"$69,099",13.2
DLLS,11,D,13,09,E,0110,1,GS-09,C,XXXX,8,15,F,1,200109,1,"$36,656",10.0
DLLS,48,H,13,12,C,0110,1,GS-12,E,XXXX,8,10,F,1,200109,1,"$52,905",3.6
DLLS,06,H,13,07,G,0119,3,GS-07,D,XXXX,8,10,P,2,200109,1,"$41,340",22.6
DLLS,11,E,13,13,E,0110,1,GS-13,F,XXXX,8,10,F,1,200109,1,"$65,319",12.2
DLLS,11,H,21,15,E,0110,1,GS-15,I,XXXX,2,10,F,1,200109,1,"$93,722",12.0
DLLS,48,F,13,12,C,0110,1,GS-12,E,XXXX,8,10,F,1,200109,1,"$52,905",4.1
DLLS,13,B,13,07,A,0110,1,GS-07,B,XXXX,8,15,F,1,200109,1,"$29,539",0.0
DLLS,11,H,21,,G,0110,1,ES-04,M,XXXX,2,50,F,1,200109,1,"$133,700",23.6
DLLS,11,D,13,07,A,0110,1,GS-07,B,XXXX,8,15,F,1,200109,1,"$29,966",0.2
DLLS,11,D,17,12,C,0110,1,GS-12,E,XXXX,8,10,F,1,200109,1,"$54,928",4.5
DLLS,48,G,17,12,E,0110,1,GS-12,E,XXXX,2,10,F,1,200109,1,"$54,668",12.2
DLLS,06,F,13,12,G,0110,1,GS-12,F,XXXX,8,10,F,1,200109,1,"$67,690",21.8
DLLS,06,C,13,12,C,0110,1,GS-12,E,XXXX,8,10,F,1,200109,1,"$58,291",4.2
DLLS,06,G,04,07,G,0119,3,GS-07,D,XXXX,8,10,P,2,200109,1,"$41,340",21.5
DLLS,11,F,17,12,C,0110,1,GS-12,E,XXXX,8,15,F,1,200109,1,"$53,156",3.3
DLLS,36,I,13,06,C,0119,3,GS-06,B,XXXX,8,15,P,2,200109,1,"$28,721",3.6
DLLS,11,G,17,12,F,0110,1,GS-12,E,XXXX,8,15,F,1,200109,1,"$53,156",18.3
DLLS,41,I,14,07,D,0119,3,GS-07,C,XXXX,8,10,P,2,200109,1,"$32,989",7.1
DLLS,11,H,14,12,H,0110,1,GS-12,F,XXXX,8,10,F,1,200109,1,"$69,099",27.3
DLLS,06,H,13,12,E,0110,1,GS-12,F,XXXX,8,10,F,1,200109,1,"$65,811",11.1
DLLS,11,C,**,07,A,0110,1,GS-07,B,XXXX,8,15,F,1,200109,1,"$29,966",0.2
DLLS,11,B,13,09,B,0110,1,GS-09,C,XXXX,8,15,F,1,200109,1,"$36,656",1.2
DLLS,11,F,13,09,E,0110,1,GS-09,D,XXXX,8,10,F,1,200109,1,"$41,541",13.6
DLLS,06,G,13,14,G,0110,1,GS-14,H,XXXX,2,10,F,1,200109,1,"$87,199",21.8
DLLS,06,F,07,07,D,0119,3,GS-07,C,XXXX,8,10,P,2,200109,1,"$35,236",8.6
DLLS,11,F,13,07,G,0110,1,GS-07,B,XXXX,8,15,F,1,200109,1,"$29,966",21.9
DLLS,41,J,13,05,A,0119,3,GS-05,B,XXXX,8,15,P,2,200109,1,"$24,212",0.9
DLLS,06,E,13,06,D,0119,3,GS-06,B,XXXX,8,10,P,2,200109,1,"$28,097",7.1
DLLS,11,D,17,13,C,0110,1,GS-13,F,XXXX,8,15,F,1,200109,1,"$63,211",4.2
DLLS,06,K,09,07,D,0119,3,GS-07,C,XXXX,8,10,P,2,200109,1,"$34,200",8.8
DLLS,11,H,14,13,H,0110,1,GM-13,H,XXXX,2,10,F,1,200109,1,"$82,180",29.8
DLLS,06,D,13,12,C,0110,1,GS-12,E,XXXX,8,10,F,1,200109,1,"$56,411",3.5
DLLS,48,G,13,13,H,0110,1,GS-13,G,XXXX,2,10,F,1,200109,1,"$73,401",26.6
DLLS,06,I,13,07,D,0119,3,GS-07,C,XXXX,8,10,P,2,200109,1,"$33,285",9.3
DLLS,06,F,13,07,D,0119,3,GS-07,C,XXXX,8,10,P,2,200109,1,"$32,861",5.4
DLLS,11,I,18,14,J,0110,1,GS-14,I,XXXX,8,10,F,1,200109,1,"$97,108",35.2
DLLS,11,H,21,15,G,0110,1,GS-15,K,XXXX,8,10,F,1,200109,1,"$111,295",20.3
DLLS,06,C,13,12,D,0110,1,GS-12,E,XXXX,2,10,F,1,200109,1,"$56,411",5.3
DLLS,06,H,13,12,G,0110,1,GS-12,F,XXXX,8,10,F,1,200109,1,"$69,570",23.3
DLLS,11,H,13,14,H,0110,1,GM-14,I,XXXX,2,10,F,1,200109,1,"$90,881",27.9
DLLS,12,D,17,12,C,0110,1,GS-12,E,XXXX,8,10,F,1,200109,1,"$53,657",4.0
DLLS,11,D,17,12,B,0110,1,GS-12,E,XXXX,8,15,F,1,200109,1,"$53,156",2.7
DLLS,12,C,13,11,B,0110,1,GS-11,D,XXXX,8,15,F,1,200109,1,"$43,326",2.7
DLLS,06,E,17,12,E,0110,1,GS-12,E,XXXX,8,10,F,1,200109,1,"$58,828",10.3
DLLS,06,D,13,13,D,0110,1,GS-13,G,XXXX,2,10,F,1,200109,1,"$73,792",9.3
DLLS,42,C,13,09,B,0110,1,GS-09,C,XXXX,8,15,F,1,200109,1,"$36,845",1.0
DLLS,06,G,13,12,H,0110,1,GS-12,F,XXXX,8,10,F,1,200109,1,"$69,570",25.1
DLLS,11,C,13,09,B,0110,1,GS-09,D,XXXX,8,15,F,1,200109,1,"$41,541",1.2
DLLS,06,I,13,12,D,0110,1,GS-12,F,XXXX,8,10,F,1,200109,1,"$60,171",5.1
DLLS,11,D,17,12,D,0110,1,GS-12,E,XXXX,8,15,F,1,200109,1,"$54,928",5.2
DLLS,06,H,09,06,F,0119,3,GS-06,C,XXXX,8,10,P,2,200109,1,"$37,197",17.8
DLLS,04,K,14,07,F,0119,3,GS-07,C,XXXX,8,10,P,2,200109,1,"$37,077",19.4
DLLS,06,I,13,12,H,0110,1,GS-12,G,XXXX,8,10,F,1,200109,1,"$71,450",29.6
DLLS,06,G,13,13,G,0110,1,GS-13,G,XXXX,2,10,F,1,200109,1,"$73,792",23.4
DLLS,11,F,21,15,E,0110,1,GS-15,I,XXXX,2,10,F,1,200109,1,"$90,793",11.0
DLLS,06,D,13,12,E,0110,1,GS-12,F,XXXX,8,10,F,1,200109,1,"$60,666",10.3
DLLS,06,B,17,09,B,0110,1,GS-09,C,XXXX,8,15,F,1,200109,1,"$38,033",1.2
DLLS,06,H,17,07,D,0119,3,GS-07,C,XXXX,8,10,P,2,200109,1,"$34,200",5.6
DLLS,06,E,13,12,F,0110,1,GS-12,F,XXXX,8,10,F,1,200109,1,"$65,811",16.1
DLLS,11,K,17,13,G,0110,1,GS-13,H,XXXX,8,10,F,1,200109,1,"$82,180",21.3
DLLS,06,I,04,07,G,0119,3,GS-07,C,XXXX,8,10,P,2,200109,1,"$38,345",21.7
DLLS,06,G,13,07,D,0119,3,GS-07,C,XXXX,8,10,P,2,200109,1,"$33,164",6.7
DLLS,06,E,13,12,F,0110,1,GS-12,F,XXXX,2,10,F,1,200109,1,"$60,171",17.9
DLLS,11,E,13,13,C,0110,1,GS-13,F,XXXX,2,15,F,1,200109,1,"$63,211",4.7
DLLS,06,F,11,13,G,0110,1,GS-13,G,XXXX,2,10,F,1,200109,1,"$73,792",22.5
DLLS,25,E,13,12,D,0110,1,GS-12,F,XXXX,2,10,F,1,200109,1,"$63,082",6.6
DLLS,11,B,13,07,A,0110,1,GS-07,B,XXXX,8,15,F,1,200109,1,"$29,966",0.1
DLLS,06,H,13,06,C,0119,3,GS-06,B,XXXX,8,15,P,2,200109,1,"$28,910",3.8
DLLS,06,F,14,12,G,0110,1,GS-12,F,XXXX,8,10,F,1,200109,1,"$63,931",20.8
DLLS,06,C,13,12,C,0110,1,GS-12,E,XXXX,8,10,F,1,200109,1,"$55,153",3.0
DLLS,29,H,17,12,F,0110,1,GS-12,F,XXXX,8,10,F,1,200109,1,"$66,161",17.5
DLLS,06,E,13,13,E,0110,1,GS-13,G,XXXX,4,10,F,1,200109,1,"$71,555",11.4
DLLS,06,D,13,06,B,0119,3,GS-06,B,XXXX,8,15,P,2,200109,1,"$28,617",2.1
DLLS,16,J,14,07,D,0119,3,GS-07,C,XXXX,8,10,P,2,200109,1,"$35,126",9.0
DLLS,06,E,13,12,E,0110,1,GS-12,E,XXXX,8,10,F,1,200109,1,"$56,991",10.3
DLLS,06,D,17,05,A,0119,3,GS-05,B,XXXX,8,15,P,2,200109,1,"$25,674",0.0
DLLS,11,E,13,12,D,0110,1,GS-12,E,XXXX,8,10,F,1,200109,1,"$56,699",8.2
DLLS,06,K,13,05,B,0119,3,GS-05,B,XXXX,8,15,P,2,200109,1,"$25,938",2.4
DLLS,06,H,09,07,D,0119,3,GS-07,C,XXXX,8,10,P,2,200109,1,"$33,164",5.0
DLLS,06,H,04,07,I,0119,3,GS-07,D,XXXX,8,10,F,1,200109,1,"$41,340",30.1
DLLS,04,D,13,12,E,0110,1,GS-12,E,XXXX,8,10,F,1,200109,1,"$58,848",10.4
DLLS,06,E,13,07,D,0119,3,GS-07,C,XXXX,8,10,P,2,200109,1,"$35,236",9.3
DLLS,06,C,17,09,B,0110,1,GS-09,C,XXXX,8,15,F,1,200109,1,"$38,033",1.2
DLLS,06,J,10,06,B,0119,3,GS-06,B,XXXX,8,15,P,2,200109,1,"$26,342",2.1
DLLS,06,K,13,07,F,0119,3,GS-07,C,XXXX,8,10,P,2,200109,1,"$37,309",16.4
DLLS,11,F,17,13,F,0110,1,GS-13,F,XXXX,8,10,F,1,200109,1,"$67,427",15.6
DLLS,11,D,17,13,B,0110,1,GS-13,F,XXXX,8,15,F,1,200109,1,"$69,534",1.2
DLLS,06,G,13,07,C,0119,3,GS-07,C,XXXX,8,10,P,2,200109,1,"$32,128",4.3
DLLS,02,J,13,05,B,0119,3,GS-05,B,XXXX,8,15,P,2,200109,1,"$22,679",1.1
DLLS,11,F,18,12,F,0110,1,GS-12,F,XXXX,8,10,F,1,200109,1,"$65,556",16.8
DLLS,15,H,13,07,D,0119,3,GS-07,C,XXXX,8,10,P,2,200109,1,"$30,809",8.7
DLLS,11,G,21,12,D,0110,1,GS-12,E,XXXX,8,10,F,1,200109,1,"$54,928",6.3
DLLS,53,H,13,07,D,0119,3,GS-07,C,XXXX,8,10,P,2,200109,1,"$32,027",5.3
DLLS,11,E,13,12,E,0110,1,GS-12,E,XXXX,8,10,F,1,200109,1,"$56,699",12.3
DLLS,06,D,13,12,C,0110,1,GS-12,F,XXXX,8,10,F,1,200109,1,"$60,171",4.3
DLLS,11,D,04,06,E,0119,3,GS-06,C,XXXX,8,10,P,2,200109,1,"$31,457",10.6
DLLS,11,E,17,12,D,0110,1,GS-12,E,XXXX,8,10,F,1,200109,1,"$56,699",5.1
DLLS,11,D,04,06,E,0119,3,GS-06,C,XXXX,8,10,F,1,200109,1,"$33,254",11.9
DLLS,11,B,13,07,A,0110,1,GS-07,C,XXXX,8,15,F,1,200109,1,"$32,962",0.2
DLLS,11,E,17,12,C,0110,1,GS-12,E,XXXX,8,15,F,1,200109,1,"$53,156",3.2
DLLS,11,I,04,12,I,0110,1,GS-12,E,XXXX,8,10,F,1,200109,1,"$53,156",34.0
DLLS,11,J,04,12,J,0110,1,GS-12,F,XXXX,8,10,F,1,200109,1,"$67,327",39.7
DLLS,11,I,04,09,J,0119,3,GS-09,D,XXXX,2,10,F,1,200109,1,"$47,648",35.8
DLLS,11,I,04,08,J,0119,3,GS-08,D,XXXX,2,10,F,1,200109,1,"$43,147",35.3
DLLS,11,H,14,12,J,0110,1,GS-12,F,XXXX,8,10,F,1,200109,1,"$63,785",35.3
DLLS,11,I,21,,G,0110,1,ES-04,M,XXXX,2,50,F,1,200109,1,"$133,700",23.1
DLLS,11,I,07,08,I,0119,3,GS-08,D,XXXX,2,10,F,1,200109,1,"$43,147",34.0
DLLS,11,H,13,13,H,0110,1,GS-13,H,XXXX,8,10,F,1,200109,1,"$82,180",27.4
DLLS,11,H,04,12,I,0110,1,GS-12,E,XXXX,8,10,F,1,200109,1,"$58,470",30.7
DLLS,11,H,08,12,I,0110,1,GS-12,E,XXXX,8,10,F,1,200109,1,"$58,470",30.3
DLLS,11,H,04,08,I,0119,3,GS-08,D,XXXX,2,10,F,1,200109,1,"$42,041",31.5
DLLS,11,H,13,13,G,0110,1,GS-13,G,XXXX,8,10,F,1,200109,1,"$73,749",22.0
DLLS,11,H,04,08,G,0119,3,GS-08,D,XXXX,2,10,F,1,200109,1,"$40,934",22.1
DLLS,11,H,14,14,I,0110,1,GM-14,H,XXXX,2,10,F,1,200109,1,"$89,638",30.3
DLLS,11,H,13,14,I,0110,1,GS-14,H,XXXX,8,10,F,1,200109,1,"$84,658",30.5
DLLS,11,H,04,06,H,0119,3,GS-06,C,XXXX,8,10,F,1,200109,1,"$35,051",28.8
DLLS,11,G,04,07,H,0119,3,GS-07,C,XXXX,8,10,F,1,200109,1,"$37,955",26.8
DLLS,11,G,04,06,F,0119,3,GS-06,C,XXXX,8,10,F,1,200109,1,"$33,254",16.5
DLLS,11,F,17,09,E,0110,1,GS-09,C,XXXX,8,10,F,1,200109,1,"$37,877",14.6
DLLS,11,G,04,07,G,0119,3,GS-07,C,XXXX,8,10,F,1,200109,1,"$37,955",22.8
DLLS,11,G,13,12,H,0110,1,GS-12,F,XXXX,8,10,F,1,200109,1,"$63,785",28.8
DLLS,11,G,17,13,G,0110,1,GS-13,G,XXXX,8,10,F,1,200109,1,"$73,749",22.3
DLLS,11,I,13,12,F,0110,1,GS-12,F,XXXX,8,10,F,1,200109,1,"$63,785",16.8
DLLS,11,F,11,07,G,0119,3,GS-07,C,XXXX,8,10,F,1,200109,1,"$38,954",24.4
DLLS,11,E,13,13,F,0110,1,GS-13,F,XXXX,2,10,F,1,200109,1,"$69,534",18.2
DLLS,11,F,04,06,G,0119,3,GS-06,C,XXXX,8,10,F,1,200109,1,"$34,153",24.5
DLLS,11,F,17,12,E,0110,1,GS-12,E,XXXX,8,10,F,1,200109,1,"$58,470",13.3
DLLS,11,F,04,08,F,0119,3,GS-08,C,XXXX,2,10,F,1,200109,1,"$39,827",18.2
DLLS,11,D,04,07,E,0119,3,GS-07,C,XXXX,8,10,F,1,200109,1,"$34,959",14.2
DLLS,11,E,13,13,F,0110,1,GM-13,G,XXXX,2,10,F,1,200109,1,"$73,749",18.1
DLLS,11,C,17,12,C,0110,1,GS-12,E,XXXX,8,15,F,1,200109,1,"$54,928",3.3
DLLS,11,E,13,12,F,0110,1,GS-12,E,XXXX,8,10,F,1,200109,1,"$53,156",15.6
DLLS,11,F,04,06,F,0119,3,GS-06,C,XXXX,8,10,F,1,200109,1,"$32,356",19.1
DLLS,11,D,04,06,E,0119,3,GS-06,C,XXXX,8,10,F,1,200109,1,"$31,457",10.2
DLLS,11,E,13,13,E,0110,1,GS-13,G,XXXX,2,10,F,1,200109,1,"$71,642",13.3
DLLS,11,D,04,07,F,0119,3,GS-07,C,XXXX,8,10,F,1,200109,1,"$35,958",15.0
DLLS,11,D,04,11,F,0110,1,GS-11,D,XXXX,8,10,F,1,200109,1,"$44,352",15.7
DLLS,11,C,13,12,D,0110,1,GS-12,E,XXXX,8,10,F,1,200109,1,"$56,699",5.3
DLLS,11,D,04,06,F,0119,3,GS-06,C,XXXX,8,10,F,1,200109,1,"$33,254",16.1
DLLS,06,K,13,07,E,0119,3,GS-07,C,XXXX,8,10,P,2,200109,1,"$34,200",12.9
DLLS,24,K,04,05,A,0119,3,GS-05,B,XXXX,8,15,P,2,200109,1,"$24,192",0.6
DLLS,11,J,04,09,J,0119,3,GS-09,D,XXXX,8,10,F,1,200109,1,"$47,648",37.5
DLLS,11,J,07,06,G,0119,3,GS-06,C,XXXX,8,10,F,1,200109,1,"$33,254",22.5
DLLS,11,J,04,06,E,0119,3,GS-06,C,XXXX,8,10,F,1,200109,1,"$32,356",10.7
DLLS,11,I,04,06,I,0119,3,GS-06,C,XXXX,8,10,F,1,200109,1,"$35,051",31.1
DLLS,11,I,15,14,H,0110,1,GM-14,I,XXXX,2,10,F,1,200109,1,"$97,108",29.5
DLLS,11,I,04,07,J,0119,3,GS-07,C,XXXX,8,10,F,1,200109,1,"$38,954",35.9
DLLS,11,H,13,13,I,0110,1,GS-13,H,XXXX,8,10,F,1,200109,1,"$80,072",31.3
DLLS,11,I,13,13,H,0110,1,GS-13,G,XXXX,8,10,F,1,200109,1,"$75,857",29.2
DLLS,11,I,04,,I,0110,1,ES-04,M,XXXX,2,50,F,1,200109,1,"$133,700",34.8
DLLS,11,H,04,06,F,0119,3,GS-06,C,XXXX,8,10,F,1,200109,1,"$32,356",18.3
DLLS,11,H,13,12,H,0110,1,GS-12,F,XXXX,8,10,F,1,200109,1,"$63,785",25.6
DLLS,11,G,07,07,I,0119,3,GS-07,C,XXXX,8,10,F,1,200109,1,"$36,957",30.3
DLLS,11,H,04,07,H,0119,3,GS-07,C,XXXX,8,10,F,1,200109,1,"$38,954",28.5
DLLS,11,H,04,08,I,0119,3,GS-08,D,XXXX,2,10,F,1,200109,1,"$43,147",30.0
DLLS,11,H,15,13,I,0110,1,GS-13,H,XXXX,8,10,P,2,200109,1,"$80,072",30.3
DLLS,11,H,04,06,J,0119,3,GS-06,C,XXXX,8,10,F,1,200109,1,"$35,051",35.2
DLLS,11,I,17,12,F,0110,1,GS-12,F,XXXX,8,10,F,1,200109,1,"$63,785",16.8
DLLS,11,G,04,09,E,0110,1,GS-09,C,XXXX,8,10,F,1,200109,1,"$36,656",13.0
DLLS,11,G,04,12,I,0110,1,GS-12,E,XXXX,8,10,F,1,200109,1,"$58,470",30.3
DLLS,11,K,04,07,G,0119,3,GS-07,C,XXXX,8,10,F,1,200109,1,"$37,955",21.8
DLLS,11,F,04,06,E,0119,3,GS-06,C,XXXX,8,10,F,1,200109,1,"$32,356",10.3
DLLS,11,F,04,07,F,0119,3,GS-07,C,XXXX,8,10,F,1,200109,1,"$35,958",18.5
DLLS,11,F,17,12,F,0110,1,GS-12,F,XXXX,8,10,F,1,200109,1,"$67,327",18.9
DLLS,11,C,13,12,D,0110,1,GS-12,E,XXXX,8,10,F,1,200109,1,"$56,699",7.9
DLLS,11,E,13,13,F,0110,1,GS-13,F,XXXX,8,10,F,1,200109,1,"$69,534",16.8
DLLS,11,F,13,12,C,0110,1,GS-12,E,XXXX,8,10,F,1,200109,1,"$54,928",4.1
DLLS,11,F,13,12,E,0110,1,GS-12,F,XXXX,8,10,F,1,200109,1,"$60,242",14.3
DLLS,11,E,04,06,E,0119,3,GS-06,C,XXXX,8,10,F,1,200109,1,"$33,254",14.3
DLLS,11,E,13,14,E,0110,1,GS-14,G,XXXX,2,10,F,1,200109,1,"$77,187",14.2
DLLS,11,E,04,06,E,0119,3,GS-06,C,XXXX,8,10,F,1,200109,1,"$32,356",14.4
DLLS,11,G,13,13,F,0110,1,GS-13,F,XXXX,8,10,F,1,200109,1,"$67,427",19.3
DLLS,11,D,13,09,B,0110,1,GS-09,C,XXXX,8,15,F,1,200109,1,"$36,656",1.3
DLLS,11,E,04,07,F,0119,3,GS-07,C,XXXX,8,10,F,1,200109,1,"$37,955",18.2
DLLS,13,D,13,07,A,0110,1,GS-07,B,XXXX,8,15,F,1,200109,1,"$29,539",0.2
DLLS,11,K,13,13,J,0110,1,GS-13,H,XXXX,8,10,F,1,200109,1,"$82,180",41.0
DLLS,11,I,17,14,J,0110,1,GS-14,I,XXXX,2,10,F,1,200109,1,"$97,108",37.2
DLLS,11,I,14,14,J,0110,1,GM-14,I,XXXX,2,10,F,1,200109,1,"$97,108",35.2
DLLS,11,I,04,07,G,0119,3,GS-07,C,XXXX,8,10,F,1,200109,1,"$36,957",21.0
DLLS,11,I,04,06,H,0119,3,GS-06,C,XXXX,8,10,F,1,200109,1,"$35,051",25.8
DLLS,11,H,04,09,G,0110,1,GS-09,D,XXXX,8,10,F,1,200109,1,"$46,427",24.3
DLLS,11,H,14,12,H,0110,1,GS-12,F,XXXX,8,10,F,1,200109,1,"$69,099",28.6
DLLS,11,I,04,07,G,0119,3,GS-07,C,XXXX,8,10,F,1,200109,1,"$36,957",24.2
DLLS,11,H,04,07,I,0119,3,GS-07,C,XXXX,8,10,F,1,200109,1,"$38,954",31.8
DLLS,11,I,13,12,J,0110,1,GS-12,F,XXXX,8,10,F,1,200109,1,"$69,099",35.0
DLLS,11,H,14,12,H,0110,1,GS-12,F,XXXX,8,10,F,1,200109,1,"$67,327",25.5
DLLS,11,H,14,14,H,0110,1,GM-14,I,XXXX,2,10,F,1,200109,1,"$92,523",29.7
DLLS,11,H,14,14,H,0110,1,GS-14,I,XXXX,8,10,F,1,200109,1,"$97,108",28.8
DLLS,11,G,04,07,H,0119,3,GS-07,C,XXXX,8,10,F,1,200109,1,"$37,955",27.9
DLLS,11,G,13,07,H,0119,3,GS-07,C,XXXX,8,10,F,1,200109,1,"$38,954",25.8
DLLS,11,G,09,14,H,0110,1,GS-14,H,XXXX,2,10,F,1,200109,1,"$82,168",29.4
DLLS,11,G,04,08,G,0119,3,GS-08,D,XXXX,2,10,F,1,200109,1,"$40,934",24.6
DLLS,11,G,04,12,H,0110,1,GS-12,E,XXXX,8,10,F,1,200109,1,"$56,699",25.3
DLLS,11,G,13,12,G,0110,1,GS-12,E,XXXX,8,10,F,1,200109,1,"$54,928",23.3
DLLS,11,G,08,07,H,0119,3,GS-07,C,XXXX,8,10,F,1,200109,1,"$38,954",26.2
DLLS,11,F,07,12,G,0110,1,GS-12,E,XXXX,8,10,F,1,200109,1,"$58,470",23.9
DLLS,11,G,04,08,G,0119,3,GS-08,C,XXXX,2,10,F,1,200109,1,"$39,827",22.2
DLLS,11,G,04,11,H,0110,1,GS-11,D,XXXX,8,10,F,1,200109,1,"$44,352",27.2
DLLS,11,D,07,06,E,0119,3,GS-06,C,XXXX,8,10,F,1,200109,1,"$32,356",13.6
DLLS,11,F,13,13,G,0110,1,GS-13,F,XXXX,2,10,F,1,200109,1,"$69,534",21.6
DLLS,11,F,03,06,G,0119,3,GS-06,C,XXXX,8,10,F,1,200109,1,"$34,153",21.0
DLLS,11,F,04,07,F,0119,3,GS-07,C,XXXX,8,10,F,1,200109,1,"$35,958",17.0
DLLS,11,D,04,07,F,0119,3,GS-07,C,XXXX,8,10,F,1,200109,1,"$34,959",16.1
DLLS,13,G,13,07,F,0110,1,GS-07,C,XXXX,8,15,F,1,200109,1,"$38,399",16.5
DLLS,11,E,04,11,F,0110,1,GS-11,D,XXXX,8,10,F,1,200109,1,"$44,352",16.7
DLLS,11,E,04,06,E,0119,3,GS-06,C,XXXX,8,10,F,1,200109,1,"$33,254",14.7
DLLS,11,E,13,13,F,0110,1,GS-13,F,XXXX,8,10,F,1,200109,1,"$65,319",18.7
DLLS,26,G,13,11,C,0110,1,GS-11,D,XXXX,8,15,F,1,200109,1,"$45,523",3.0
DLLS,36,J,17,13,H,0110,1,GM-13,H,XXXX,2,10,F,1,200109,1,"$81,455",26.7
DLLS,11,E,14,09,E,0110,1,GS-09,D,XXXX,8,10,F,1,200109,1,"$41,541",10.4
DLLS,13,C,13,09,B,0110,1,GS-09,C,XXXX,8,15,F,1,200109,1,"$36,134",2.1
DLLS,11,E,17,13,D,0110,1,GS-13,F,XXXX,8,10,F,1,200109,1,"$65,319",7.3
DLLS,12,I,13,12,H,0110,1,GS-12,F,XXXX,8,10,F,1,200109,1,"$64,039",25.5
DLLS,11,H,13,11,F,0110,1,GS-11,E,XXXX,8,10,F,1,200109,1,"$53,221",19.4
DLLS,12,H,13,07,D,0119,3,GS-07,C,XXXX,8,10,P,2,200109,1,"$34,226",9.4
DLLS,11,G,17,14,G,0110,1,GS-14,H,XXXX,2,10,F,1,200109,1,"$84,658",21.2
DLLS,11,H,13,12,E,0110,1,GS-12,F,XXXX,8,10,F,1,200109,1,"$63,785",14.3
DLLS,48,H,13,12,H,0110,1,GS-12,F,XXXX,8,10,F,1,200109,1,"$67,010",26.6
DLLS,11,D,13,13,E,0110,1,GS-13,F,XXXX,8,10,F,1,200109,1,"$67,427",11.9
DLLS,11,H,05,12,H,0110,1,GS-12,E,XXXX,8,10,F,1,200109,1,"$58,470",27.9
DLLS,12,G,17,12,D,0110,1,GS-12,E,XXXX,8,10,F,1,200109,1,"$57,141",5.1
DLLS,11,G,13,12,H,0110,1,GS-12,F,XXXX,8,10,F,1,200109,1,"$67,327",27.3
DLLS,11,D,13,07,A,0110,1,GS-07,B,XXXX,8,15,F,1,200109,1,"$29,966",0.8
DLLS,13,D,17,12,C,0110,1,GS-12,E,XXXX,8,10,F,1,200109,1,"$52,399",3.3
DLLS,11,C,13,09,B,0110,1,GS-09,C,XXXX,8,15,F,1,200109,1,"$36,656",1.6
DLLS,11,B,13,07,B,0110,1,GS-07,C,XXXX,8,15,F,1,200109,1,"$30,965",1.0
DLLS,11,B,13,07,A,0110,1,GS-07,B,XXXX,8,15,F,1,200109,1,"$29,966",0.2
DLLS,11,D,13,11,B,0110,1,GS-11,D,XXXX,8,15,F,1,200109,1,"$44,352",1.4
DLLS,11,B,13,07,A,0110,1,GS-07,B,XXXX,8,15,F,1,200109,1,"$29,966",0.2
DLLS,12,H,13,06,B,0119,3,GS-06,B,XXXX,8,15,P,2,200109,1,"$28,081",2.6
DLLS,11,B,13,09,B,0110,1,GS-09,C,XXXX,8,15,F,1,200109,1,"$36,656",1.1
DLLS,12,C,13,12,C,0110,1,GS-12,E,XXXX,8,10,F,1,200109,1,"$53,571",3.3
DLLS,11,C,17,09,A,0110,1,GS-09,C,XXXX,8,15,F,1,200109,1,"$36,656",0.7
DLLS,12,D,04,07,C,0119,3,GS-07,C,XXXX,8,10,P,2,200109,1,"$31,224",4.7
DLLS,11,C,13,12,C,0110,1,GS-12,E,XXXX,8,15,F,1,200109,1,"$54,928",4.2
DLLS,11,B,13,07,A,0110,1,GS-07,B,XXXX,8,15,F,1,200109,1,"$29,966",0.8
DLLS,11,D,13,12,D,0110,1,GS-12,E,XXXX,8,10,F,1,200109,1,"$54,928",5.0
DLLS,11,C,13,12,C,0110,1,GS-12,E,XXXX,8,15,F,1,200109,1,"$53,156",4.0
DLLS,11,C,13,12,C,0110,1,GS-12,E,XXXX,8,15,F,1,200109,1,"$53,156",3.3
DLLS,11,C,13,09,C,0110,1,GS-09,D,XXXX,8,15,F,1,200109,1,"$40,320",4.0
DLLS,11,B,13,09,B,0110,1,GS-09,C,XXXX,8,15,F,1,200109,1,"$36,656",1.2
DLLS,42,B,13,07,A,0110,1,GS-07,C,XXXX,8,15,F,1,200109,1,"$30,121",0.1
DLLS,06,B,13,09,B,0110,1,GS-09,C,XXXX,8,15,F,1,200109,1,"$38,033",1.3
DLLS,06,B,13,09,B,0110,1,GS-09,C,XXXX,8,15,F,1,200109,1,"$38,033",1.2
DLLS,11,B,13,09,B,0110,1,GS-09,C,XXXX,8,15,F,1,200109,1,"$36,656",1.4
DLLS,06,B,13,09,B,0110,1,GS-09,C,XXXX,8,15,F,1,200109,1,"$38,901",1.1
DLLS,06,F,17,07,A,0110,1,GS-07,C,XXXX,8,15,F,1,200109,1,"$31,091",0.8
DLLS,06,E,17,12,D,0110,1,GS-12,E,XXXX,8,10,F,1,200109,1,"$56,411",6.4
DLLS,11,G,17,12,D,0110,1,GS-12,E,XXXX,8,10,F,1,200109,1,"$56,699",5.0
DLLS,11,D,13,12,C,0110,1,GS-12,E,XXXX,8,15,F,1,200109,1,"$53,156",3.3
DLMS,51,G,17,14,G,0110,1,GS-14,H,XXXX,8,10,F,1,200109,1,"$87,148",22.1
DLMS,51,F,21,13,B,0110,1,GS-13,F,XXXX,8,15,F,1,200109,1,"$63,211",1.2
DLMS,51,D,09,13,C,0110,1,GS-13,F,XXXX,8,15,F,1,200109,1,"$63,211",3.3
DLMS,51,I,17,15,C,0110,1,GS-15,J,XXXX,2,10,F,1,200109,1,"$108,366",3.3
DLMS,51,G,21,13,E,0110,1,GS-13,G,XXXX,8,10,F,1,200109,1,"$75,857",10.8
DLMS,51,G,14,13,C,0110,1,GS-13,F,XXXX,8,15,F,1,200109,1,"$65,319",3.8
DLPE,11,H,13,15,H,0110,1,GM-15,K,XXXX,2,10,F,1,200109,1,"$114,224",26.0
DLPE,11,J,21,15,I,0110,1,GS-15,K,XXXX,8,10,F,1,200109,1,"$114,224",31.2
DLPE,11,D,04,12,C,0110,1,GS-12,E,XXXX,8,10,P,2,200109,1,"$56,699",4.3
DLPE,11,I,22,,I,0110,1,ES-05,M,XXXX,2,50,F,1,200109,1,"$133,700",33.2
DLPE,11,G,17,15,G,0110,1,GS-15,K,XXXX,8,10,F,1,200109,1,"$111,295",22.2
DLPE,11,G,17,15,H,0110,1,GS-15,J,XXXX,5,10,F,1,200109,1,"$108,366",26.0
DLPE,11,F,17,14,E,0110,1,GS-14,H,XXXX,8,10,F,1,200109,1,"$84,658",14.7
DLPE,11,H,17,15,H,0110,1,GS-15,K,XXXX,8,10,F,1,200109,1,"$114,224",25.9
DLPE,11,I,17,15,I,0110,1,GS-15,K,XXXX,8,10,F,1,200109,1,"$114,224",30.4
DLPE,11,E,17,14,B,0110,1,GS-14,G,XXXX,8,15,F,1,200109,1,"$77,187",2.3
DLPE,11,F,17,13,F,0110,1,GS-13,G,XXXX,8,10,F,1,200109,1,"$77,965",16.8
DLPE,11,I,13,15,A,0110,1,GS-15,K,XXXX,8,44,F,2,200109,1,"$114,224",0.0
DLPE,11,J,18,,J,0110,1,ES-05,M,XXXX,2,50,F,1,200109,1,"$133,700",38.3
DLPW,11,G,13,13,G,0110,1,GS-13,H,XXXX,8,10,F,1,200109,1,"$82,180",23.4
DLPW,11,G,17,,F,0110,1,ES-05,M,XXXX,2,50,F,1,200109,1,"$133,700",18.3
DLPW,11,I,13,14,I,0110,1,GS-14,I,XXXX,8,10,F,1,200109,1,"$97,108",31.4
DLPW,11,H,14,13,I,0110,1,GS-13,G,XXXX,8,10,F,1,200109,1,"$77,965",30.0
DLSH,11,F,13,14,F,0110,1,GS-14,H,XXXX,8,10,F,1,200109,1,"$84,658",16.6
DLSH,11,I,21,13,F,0110,1,GS-13,H,XXXX,8,10,F,1,200109,1,"$80,072",17.7
DLSH,11,H,14,15,I,0110,1,GM-15,K,XXXX,2,10,F,1,200109,1,"$111,295",31.0
DLSH,11,H,13,13,I,0110,1,GS-13,H,XXXX,8,10,F,1,200109,1,"$80,072",31.6
DLSH,11,C,13,12,D,0110,1,GS-12,E,XXXX,8,10,F,1,200109,1,"$54,928",7.4
DLSH,11,J,17,12,F,0110,1,GS-12,E,XXXX,8,10,F,1,200109,1,"$58,470",18.0
DLSH,11,H,13,14,H,0110,1,GS-14,I,XXXX,8,10,F,1,200109,1,"$97,108",25.0
DLSH,11,F,21,14,E,0110,1,GS-14,H,XXXX,8,10,F,1,200109,1,"$89,638",14.1
DLSH,11,G,21,13,A,0110,1,GS-13,F,XXXX,8,15,F,1,200109,1,"$63,211",0.7
DLSH,11,I,19,15,E,0110,1,GS-15,J,XXXX,2,10,F,1,200109,1,"$102,508",10.3
DLSH,11,H,21,14,E,0110,1,GS-14,H,XXXX,8,10,F,1,200109,1,"$84,658",11.4
DLSH,11,E,21,13,D,0110,1,GS-13,H,XXXX,8,10,F,1,200109,1,"$82,180",8.0
DLSH,11,E,13,13,F,0110,1,GS-13,H,XXXX,8,10,F,1,200109,1,"$82,180",15.0
DLSH,11,J,18,13,B,0110,1,GS-13,F,XXXX,8,15,F,1,200109,1,"$65,319",2.7
DLSH,11,E,17,14,E,0110,1,GS-14,H,XXXX,2,10,F,1,200109,1,"$87,148",13.1
DLWB,11,F,13,13,G,0110,1,GS-13,H,XXXX,8,10,F,1,200109,1,"$82,180",21.6
DLWB,11,H,17,13,E,0110,1,GS-13,H,XXXX,8,10,F,1,200109,1,"$82,180",11.3
DLWB,11,K,17,13,H,0110,1,GS-13,H,XXXX,8,10,F,1,200109,1,"$82,180",25.2
DLWB,11,K,13,14,J,0110,1,GS-14,I,XXXX,8,10,F,1,200109,1,"$97,108",42.6
DLWB,11,H,17,13,G,0110,1,GS-13,H,XXXX,8,10,F,1,200109,1,"$82,180",21.1
DN00,41,G,18,12,E,0110,1,GS-12,F,XXXX,8,10,F,1,200109,1,"$62,064",12.9
DN00,11,D,13,13,E,0110,1,GS-13,G,XXXX,8,15,F,1,200109,1,"$71,642",11.3
DN00,11,C,14,09,A,0110,1,GS-09,D,XXXX,8,15,F,1,200109,1,"$45,205",0.8
DN00,11,G,21,15,E,0110,1,GS-15,J,XXXX,4,10,F,1,200109,1,"$102,508",10.1
DN00,11,C,13,11,A,0110,1,GS-11,D,XXXX,8,15,F,1,200109,1,"$44,352",0.7
DN00,11,H,21,15,E,0110,1,GS-15,J,XXXX,8,10,F,1,200109,1,"$108,366",14.1
DN00,11,H,18,14,H,0110,1,GS-14,I,XXXX,8,10,F,1,200109,1,"$97,108",26.3
DN00,24,H,17,15,H,0110,1,GS-15,J,XXXX,8,10,F,1,200109,1,"$102,508",26.1
DN00,11,E,21,14,B,0110,1,GS-14,H,XXXX,8,15,F,1,200109,1,"$82,168",2.1
DN00,11,I,14,14,I,0110,1,GS-14,I,XXXX,8,10,F,1,200109,1,"$97,108",31.6
DN00,11,E,17,14,E,0110,1,GS-14,H,XXXX,8,10,F,1,200109,1,"$82,168",12.9
DN00,11,I,17,13,E,0110,1,GS-13,G,XXXX,8,10,F,1,200109,1,"$73,749",12.3
DN00,11,D,21,11,B,0110,1,GS-11,D,XXXX,8,30,F,1,200109,1,"$44,352",1.1
DN00,11,J,17,15,J,0110,1,GS-15,K,XXXX,5,10,F,1,200109,1,"$114,224",35.3
DN00,11,H,18,15,H,0110,1,GS-15,K,XXXX,8,10,F,1,200109,1,"$114,224",26.2
DN00,11,F,21,13,F,0110,1,GS-13,G,XXXX,8,10,F,1,200109,1,"$75,857",17.3
DN00,11,J,21,15,H,0110,1,GS-15,K,XXXX,8,10,F,1,200109,1,"$114,224",27.3
DN00,11,J,14,13,H,0110,1,GS-13,H,XXXX,8,10,F,1,200109,1,"$82,180",27.8
DN00,11,I,21,15,H,0110,1,GS-15,K,XXXX,8,10,F,1,200109,1,"$114,224",28.3
DN00,11,H,17,15,G,0110,1,GS-15,J,XXXX,4,10,F,1,200109,1,"$102,508",24.0
DN00,11,C,17,12,B,0110,1,GS-12,E,XXXX,8,15,F,1,200109,1,"$53,156",2.3
DN00,11,G,18,15,G,0110,1,GS-15,K,XXXX,8,10,F,1,200109,1,"$111,295",23.0
DN00,41,G,17,14,G,0110,1,GS-14,I,XXXX,8,10,F,1,200109,1,"$97,188",21.4
DN00,11,C,21,11,A,0110,1,GS-11,D,XXXX,8,15,F,1,200109,1,"$44,352",0.3
DN00,11,J,17,14,J,0110,1,GS-14,I,XXXX,8,10,F,1,200109,1,"$97,108",37.3
DN00,11,F,17,13,E,0110,1,GS-13,G,XXXX,8,10,F,1,200109,1,"$77,965",12.9
DN00,11,G,17,13,D,0110,1,GS-13,H,XXXX,8,15,F,1,200109,1,"$82,180",6.2
DN00,11,I,19,13,E,0110,1,GS-13,G,XXXX,8,10,F,1,200109,1,"$77,965",13.9
DN00,11,J,04,15,I,0110,1,GS-15,K,XXXX,8,10,F,1,200109,1,"$114,224",32.2
DN00,11,H,13,14,I,0110,1,GS-14,I,XXXX,8,10,F,1,200109,1,"$92,128",30.4
DN00,11,D,13,13,D,0110,1,GS-13,F,XXXX,8,10,F,1,200109,1,"$65,319",9.8
DN00,11,H,18,14,G,0110,1,GS-14,I,XXXX,8,10,F,1,200109,1,"$97,108",24.0
DN00,11,E,17,13,D,0110,1,GS-13,F,XXXX,8,10,F,1,200109,1,"$69,534",9.5
DN00,11,G,18,15,E,0110,1,GS-15,J,XXXX,8,10,F,1,200109,1,"$105,437",11.9
DN00,11,D,13,11,A,0110,1,GS-11,E,XXXX,8,15,F,1,200109,1,"$53,221",0.2
DN00,11,I,21,15,H,0110,1,GM-15,K,XXXX,5,10,F,1,200109,1,"$114,224",25.5
DN00,24,H,17,,H,0110,1,EJ-04,J,XXXX,7,38,F,1,200109,1,"$105,554",27.1
DN00,11,H,21,15,H,0110,1,GM-15,J,XXXX,5,10,F,1,200109,1,"$108,366",25.0
DN00,11,E,18,14,C,0110,1,GS-14,H,XXXX,8,15,F,1,200109,1,"$87,148",3.0
DN00,11,C,13,11,B,0110,1,GS-11,D,XXXX,8,30,F,1,200109,1,"$44,352",1.3
DN00,11,K,21,15,H,0110,1,GS-15,J,XXXX,2,10,F,1,200109,1,"$102,508",27.1
DN00,11,G,13,13,G,0110,1,GS-13,G,XXXX,8,10,F,1,200109,1,"$73,749",24.2
DN00,11,E,13,12,B,0110,1,GS-12,E,XXXX,8,15,F,1,200109,1,"$54,928",1.2
DN00,11,I,17,,I,0110,1,ES-04,M,XXXX,2,50,F,1,200109,1,"$133,700",31.0
DN00,11,G,13,13,H,0110,1,GS-13,H,XXXX,8,10,F,1,200109,1,"$82,180",27.6
DN00,11,G,17,14,E,0110,1,GS-14,I,XXXX,8,10,F,1,200109,1,"$97,108",13.8
DN00,11,G,13,13,G,0110,1,GS-13,G,XXXX,8,10,F,1,200109,1,"$77,965",21.7
DN00,11,H,13,14,H,0110,1,GS-14,I,XXXX,8,10,F,1,200109,1,"$97,108",27.4
DN00,11,E,**,07,A,0110,1,GS-07,B,XXXX,8,15,F,1,200109,1,"$29,966",0.5
DN00,11,I,21,,G,0110,1,ES-06,M,XXXX,*,50,F,1,200109,1,"$133,700",23.3
DN00,11,G,13,14,G,0110,1,GS-14,I,XXXX,8,10,F,1,200109,1,"$94,618",21.0
DN00,11,G,13,15,G,0110,1,GS-15,J,XXXX,4,10,F,1,200109,1,"$105,437",22.3
DN00,11,G,17,15,H,0110,1,GS-15,K,XXXX,8,10,F,1,200109,1,"$111,295",25.8
DN00,11,F,17,14,E,0110,1,GS-14,H,XXXX,8,10,F,1,200109,1,"$89,638",13.5
DN00,11,H,17,13,H,0110,1,GS-13,H,XXXX,8,10,F,1,200109,1,"$82,180",29.4
DN00,11,G,13,13,G,0110,1,GS-13,H,XXXX,8,10,P,2,200109,1,"$80,072",24.4
DN00,11,F,21,11,A,0110,1,GS-11,E,XXXX,8,15,F,1,200109,1,"$56,178",0.8
DN00,11,I,13,15,H,0110,1,GS-15,K,XXXX,8,10,F,1,200109,1,"$111,295",28.0
DN00,11,I,17,14,H,0110,1,GS-14,I,XXXX,8,10,F,1,200109,1,"$97,108",29.3
DN00,11,E,14,13,F,0110,1,GS-13,F,XXXX,8,10,F,1,200109,1,"$69,534",15.7
DN00,11,H,13,14,H,0110,1,GS-14,I,XXXX,8,10,F,1,200109,1,"$97,108",27.6
DN00,11,H,12,15,I,0110,1,GS-15,J,XXXX,8,10,F,1,200109,1,"$102,508",31.0
DN00,11,C,17,12,A,0110,1,GS-12,E,XXXX,8,15,F,1,200109,1,"$53,156",0.7
DN00,11,I,17,15,I,0110,1,GS-15,K,XXXX,5,10,F,1,200109,1,"$114,224",32.3
DN00,11,I,13,15,I,0110,1,GS-15,J,XXXX,8,10,F,1,200109,1,"$105,437",30.7
DN00,11,I,13,15,H,0110,1,GM-15,K,XXXX,4,10,F,1,200109,1,"$114,224",29.3
DN00,11,G,**,13,A,0110,1,GS-13,F,XXXX,8,15,F,1,200109,1,"$63,211",0.5
DN00,11,E,17,15,E,0110,1,GS-15,I,XXXX,8,10,F,1,200109,1,"$96,651",13.1
DN00,11,I,04,,I,0110,1,ES-05,M,XXXX,2,50,F,1,200109,1,"$133,700",32.5
DN00,53,H,14,13,D,0110,1,GS-13,F,XXXX,8,15,F,1,200109,1,"$63,263",7.5
DN00,11,I,17,15,I,0110,1,GM-15,K,XXXX,5,10,F,1,200109,1,"$114,224",31.3
DN00,11,G,21,14,G,0110,1,GS-14,H,XXXX,8,10,F,1,200109,1,"$84,658",23.7
DN00,11,H,17,13,H,0110,1,GS-13,H,XXXX,8,10,F,1,200109,1,"$80,072",25.0
DN00,11,H,17,14,F,0110,1,GS-14,I,XXXX,8,10,P,2,200109,1,"$97,108",17.0
DN00,11,G,17,13,F,0110,1,GS-13,G,XXXX,8,10,F,1,200109,1,"$75,857",17.2
DN00,11,F,22,14,E,0110,1,GS-14,H,XXXX,8,10,F,1,200109,1,"$89,638",14.2
DN00,11,J,21,15,H,0110,1,GS-15,J,XXXX,8,10,F,1,200109,1,"$102,508",29.7
DN00,11,I,21,,H,0110,1,ES-04,M,XXXX,2,50,F,1,200109,1,"$133,700",26.1
DN00,11,G,17,15,F,0110,1,GM-15,J,XXXX,2,10,F,1,200109,1,"$105,437",18.6
DN00,11,G,17,13,G,0110,1,GS-13,H,XXXX,8,10,F,1,200109,1,"$82,180",22.6
DN00,11,H,17,14,H,0110,1,GS-14,I,XXXX,8,10,F,1,200109,1,"$97,108",28.5
DN00,11,J,21,15,J,0110,1,GS-15,J,XXXX,8,10,F,1,200109,1,"$105,437",36.5
DN00,11,H,17,13,D,0110,1,GS-13,F,XXXX,8,10,F,1,200109,1,"$69,534",8.8
DN00,53,G,17,14,G,0110,1,GS-14,H,XXXX,5,10,F,1,200109,1,"$82,235",22.0
DN00,11,H,17,14,G,0110,1,GS-14,I,XXXX,8,10,F,1,200109,1,"$92,128",23.1
DN00,11,H,21,15,H,0110,1,GS-15,K,XXXX,8,10,F,1,200109,1,"$114,224",27.1
DN00,11,G,17,13,G,0110,1,GS-13,G,XXXX,8,10,F,1,200109,1,"$73,749",20.7
DN00,41,G,17,14,H,0110,1,GS-14,G,XXXX,8,10,F,1,200109,1,"$79,743",25.5
DN00,11,H,21,15,E,0110,1,GS-15,K,XXXX,8,10,F,1,200109,1,"$114,224",14.1
DN00,11,G,15,15,F,0110,1,GM-15,J,XXXX,5,10,F,1,200109,1,"$105,437",16.9
DN00,11,F,21,13,D,0110,1,GS-13,F,XXXX,8,10,F,1,200109,1,"$69,534",6.8
DN00,11,G,17,14,G,0110,1,GS-14,H,XXXX,8,10,F,1,200109,1,"$84,658",22.6
DN00,11,E,18,15,E,0110,1,GS-15,J,XXXX,8,10,F,1,200109,1,"$108,366",12.5
DN00,41,G,18,13,E,0110,1,GS-13,G,XXXX,8,10,F,1,200109,1,"$73,810",13.3
DN00,11,K,17,14,H,0110,1,GS-14,I,XXXX,8,10,F,1,200109,1,"$97,108",27.7
DN00,11,D,14,14,D,0110,1,GS-14,G,XXXX,5,10,F,1,200109,1,"$79,678",6.1
DN00,11,I,21,15,F,0110,1,GS-15,K,XXXX,5,10,F,1,200109,1,"$111,295",17.3
DN00,11,C,13,07,A,0110,1,GS-07,B,XXXX,8,15,P,2,200109,1,"$29,966",0.4
DN00,11,K,17,15,H,0110,1,GS-15,K,XXXX,5,10,F,1,200109,1,"$114,224",26.0
DN00,11,I,22,15,G,0110,1,GS-15,K,XXXX,8,10,F,1,200109,1,"$114,224",24.3
DN00,11,G,18,14,G,0110,1,GS-14,H,XXXX,8,10,F,1,200109,1,"$84,658",21.2
DN00,41,G,17,13,G,0110,1,GS-13,G,XXXX,8,10,F,1,200109,1,"$73,810",20.2
DN00,11,I,21,,H,0110,1,ST-00,M,XXXX,8,10,F,1,200109,1,"$133,700",28.9
DN00,53,E,17,13,D,0110,1,GS-13,F,XXXX,8,10,F,1,200109,1,"$69,591",9.3
DN00,11,F,17,15,D,0110,1,GS-15,I,XXXX,8,10,F,1,200109,1,"$96,651",9.7
DN00,11,B,13,11,A,0110,1,GS-11,D,XXXX,8,15,F,1,200109,1,"$44,352",0.9
DN00,53,H,18,14,G,0110,1,GS-14,H,XXXX,8,10,F,1,200109,1,"$82,235",23.8
DN00,11,I,17,14,I,0110,1,GS-14,I,XXXX,8,10,F,1,200109,1,"$97,108",33.3
DN00,11,H,17,14,H,0110,1,GS-14,H,XXXX,8,10,F,1,200109,1,"$87,148",26.2
DN00,11,E,13,13,F,0110,1,GS-13,G,XXXX,8,10,P,2,200109,1,"$75,857",19.6
DN00,11,J,21,15,G,0110,1,GS-15,K,XXXX,4,10,F,1,200109,1,"$114,224",22.3
DN00,11,I,21,15,H,0110,1,GS-15,K,XXXX,8,10,F,1,200109,1,"$114,224",28.4
DN00,41,I,18,12,G,0110,1,GS-12,F,XXXX,8,10,F,1,200109,1,"$65,610",20.3
DN00,53,G,17,13,F,0110,1,GS-13,F,XXXX,8,10,F,1,200109,1,"$69,984",17.0
DN00,41,G,17,13,G,0110,1,GS-13,G,XXXX,8,10,P,2,200109,1,"$73,810",20.5
DN00,41,E,13,13,E,0110,1,GS-13,G,XXXX,8,10,F,1,200109,1,"$71,700",12.6
DN00,41,D,13,13,E,0110,1,GS-13,F,XXXX,8,10,F,1,200109,1,"$63,263",10.3
DN00,41,H,10,12,H,0110,1,GS-12,F,XXXX,8,10,F,1,200109,1,"$63,837",28.6
DN00,41,G,18,13,G,0110,1,GS-13,G,XXXX,8,10,F,1,200109,1,"$75,919",21.3
DN00,41,I,17,12,G,0110,1,GS-12,F,XXXX,8,10,F,1,200109,1,"$65,610",20.7
DN00,11,F,17,12,B,0110,1,GS-12,F,XXXX,8,10,F,1,200109,1,"$60,242",2.9
DN00,11,I,21,15,H,0110,1,GS-15,K,XXXX,2,10,F,1,200109,1,"$114,224",25.4
DN00,41,I,18,13,F,0110,1,GS-13,G,XXXX,8,10,F,1,200109,1,"$71,700",19.8
DN00,11,H,21,14,F,0110,1,GS-14,H,XXXX,8,10,F,1,200109,1,"$89,638",15.7
DN00,11,F,13,15,F,0110,1,GS-15,I,XXXX,4,10,F,1,200109,1,"$99,580",18.9
DN00,11,H,17,13,E,0110,1,GS-13,H,XXXX,8,10,F,1,200109,1,"$82,180",12.0
DN00,11,G,17,15,E,0110,1,GS-15,J,XXXX,8,10,F,1,200109,1,"$102,508",12.4
DN00,11,I,21,15,H,0110,1,GS-15,K,XXXX,8,10,F,1,200109,1,"$114,224",26.4
DN00,11,E,17,12,A,0110,1,GS-12,E,XXXX,8,15,F,1,200109,1,"$53,156",0.4
DN00,11,I,21,15,D,0110,1,GS-15,I,XXXX,5,10,F,1,200109,1,"$99,580",9.8
DN00,11,I,17,14,G,0110,1,GS-14,I,XXXX,8,10,F,1,200109,1,"$92,128",20.7
DN00,11,D,**,07,E,0110,1,GS-07,C,XXXX,8,15,F,1,200109,1,"$32,962",12.5
DN00,11,J,17,15,J,0110,1,GM-15,K,XXXX,2,10,F,1,200109,1,"$114,224",36.8
DN00,11,D,14,12,B,0110,1,GS-12,F,XXXX,8,15,F,1,200109,1,"$62,013",2.1
DN00,53,F,17,13,G,0110,1,GS-13,G,XXXX,8,10,F,1,200109,1,"$72,043",21.1
DN00,11,D,17,12,B,0110,1,GS-12,E,XXXX,8,15,F,1,200109,1,"$53,156",1.0
DN00,11,G,21,13,A,0110,1,GS-13,Z,XXXX,8,15,F,1,200109,1,,0.6
EB00,11,G,17,14,G,0110,1,GM-14,I,XXXX,5,10,F,1,200109,1,"$94,618",23.0
EB00,11,E,21,12,B,0110,1,GS-12,F,XXXX,8,15,F,1,200109,1,"$62,013",1.1
EB00,11,D,13,13,D,0110,1,GS-13,F,XXXX,8,10,F,1,200109,1,"$63,211",7.8
EB00,11,D,13,13,E,0110,1,GS-13,G,XXXX,8,10,F,1,200109,1,"$71,642",10.3
EB00,11,F,17,14,F,0110,1,GS-14,H,XXXX,8,10,F,1,200109,1,"$87,148",16.8
EB00,11,F,21,14,F,0110,1,GS-14,Z,XXXX,8,15,F,1,200109,1,,15.1
EB00,11,F,13,,G,0110,1,AD-00,I,XXXX,2,10,F,1,200109,1,"$96,649",22.7
EDEE,11,E,17,15,B,0110,1,GS-15,J,XXXX,5,15,F,1,200109,1,"$102,508",2.0
EDEE,11,F,21,14,B,0110,1,GS-14,H,XXXX,8,15,F,1,200109,1,"$82,168",2.3
EDEE,11,I,18,12,I,0110,1,GS-12,F,XXXX,8,10,F,1,200109,1,"$69,099",31.7
EDER,11,G,21,13,E,0110,1,GS-13,H,XXXX,8,10,F,1,200109,1,"$80,072",14.4
EDEY,11,I,21,,F,0110,1,AD-00,K,XXXX,8,48,F,2,200109,1,"$114,303",17.0
EE00,11,I,17,14,I,0110,1,GS-14,I,XXXX,8,10,F,1,200109,1,"$97,108",32.8
EE00,11,K,17,15,H,0110,1,GS-15,K,XXXX,8,10,F,1,200109,1,"$114,224",25.3
EM01,11,I,21,15,J,0110,1,GM-15,K,XXXX,5,10,F,1,200109,1,"$114,224",40.0
EM01,11,K,17,13,G,0110,1,GS-13,H,XXXX,8,10,F,1,200109,1,"$82,180",24.7
EP00,11,I,21,15,G,0110,1,GM-15,K,XXXX,2,10,F,1,200109,1,"$114,224",24.3
EP00,51,E,17,13,E,0110,1,GS-13,G,XXXX,8,10,F,1,200109,1,"$77,965",12.2
EP00,11,E,21,13,B,0110,1,GS-13,G,XXXX,8,15,F,1,200109,1,"$73,749",2.2
EP00,11,G,21,15,F,0110,1,GM-15,J,XXXX,2,10,F,1,200109,1,"$108,366",17.0
EP00,11,J,22,,A,0110,1,EF-00,F,XXXX,8,48,I,2,200109,1,"$69,992",0.3
EP00,11,G,21,15,D,0110,1,GS-15,I,XXXX,8,10,F,1,200109,1,"$96,651",8.5
EP00,11,D,17,12,C,0110,1,GS-12,E,XXXX,8,10,F,1,200109,1,"$54,928",3.7
EP00,11,G,21,14,F,0110,1,GS-14,H,XXXX,8,10,F,1,200109,1,"$87,148",17.2
EP00,51,F,17,13,C,0110,1,GS-13,F,XXXX,8,10,F,1,200109,1,"$65,319",3.2
EP00,11,F,17,14,F,0110,1,GS-14,I,XXXX,8,10,F,1,200109,1,"$92,128",16.6
EP00,11,I,21,,A,0110,1,ED-00,Z,XXXX,8,48,I,2,200109,1,,0.2
EP00,51,J,21,14,H,0110,1,GS-14,I,XXXX,8,10,F,1,200109,1,"$97,108",27.3
EP00,11,J,21,15,I,0110,1,GS-15,K,XXXX,8,10,F,1,200109,1,"$114,224",34.1
EP00,11,K,22,,A,0110,1,ED-00,F,XXXX,8,48,I,2,200109,1,"$69,992",0.8
EP00,11,J,22,,B,0110,1,ED-00,F,XXXX,8,48,I,2,200109,1,"$68,864",1.2
EP00,11,F,21,,A,0110,1,EF-00,F,XXXX,8,48,I,2,200109,1,"$68,864",0.3
EP00,11,H,22,,A,0110,1,ED-00,G,XXXX,8,48,I,2,200109,1,"$70,054",0.8
EP00,11,D,21,13,C,0110,1,GS-13,F,XXXX,8,10,F,1,200109,1,"$67,427",4.1
EP00,11,G,21,14,F,0110,1,GS-14,H,XXXX,8,10,F,1,200109,1,"$89,638",16.4
EP00,11,H,21,,A,0110,1,EF-00,F,XXXX,8,48,I,2,200109,1,"$69,758",0.9
EP00,11,D,21,12,B,0110,1,GS-12,E,XXXX,8,15,F,1,200109,1,"$54,928",1.0
EP00,11,I,21,14,F,0110,1,GS-14,H,XXXX,8,10,F,1,200109,1,"$87,148",19.0
EP00,11,D,21,14,C,0110,1,GS-14,G,XXXX,8,10,F,1,200109,1,"$79,678",4.7
EP00,11,G,21,,A,0110,1,EF-00,F,XXXX,8,48,I,2,200109,1,"$69,992",0.5
EP00,11,E,,,A,0110,1,ED-00,Z,XXXX,8,48,I,2,200109,1,,0.1
EP00,11,D,21,13,C,0110,1,GS-13,F,XXXX,8,10,F,1,200109,1,"$67,427",4.3
EP00,11,H,21,,A,0110,1,ED-00,Z,XXXX,8,48,I,2,200109,1,,0.3
EP00,51,D,18,13,C,0110,1,GS-13,F,XXXX,8,10,F,1,200109,1,"$63,211",3.2
EP00,11,I,21,15,H,0110,1,GS-15,I,XXXX,2,10,F,1,200109,1,"$96,651",25.9
EP00,11,H,21,,A,0110,1,ED-00,F,XXXX,8,48,I,2,200109,1,"$69,992",0.5
EP00,11,F,17,13,D,0110,1,GS-13,G,XXXX,8,10,P,2,200109,1,"$71,642",8.9
EP00,53,I,17,13,F,0110,1,GS-13,G,XXXX,8,10,F,1,200109,1,"$76,008",15.9
EP00,11,D,17,13,D,0110,1,GS-13,F,XXXX,8,10,F,1,200109,1,"$69,534",7.0
EP00,37,D,21,12,A,0110,1,GS-12,E,XXXX,8,40,F,2,200109,1,"$51,927",0.8
EP00,51,K,17,13,G,0110,1,GS-13,H,XXXX,8,10,F,1,200109,1,"$82,180",20.7
EP00,11,D,21,13,B,0110,1,GS-13,F,XXXX,8,15,F,1,200109,1,"$65,319",2.1
EP00,39,E,21,12,B,0110,1,GS-12,E,XXXX,8,40,F,2,200109,1,"$58,752",1.1
EP00,11,F,14,,A,0110,1,ED-00,F,XXXX,8,48,I,2,200109,1,"$69,306",0.6
EP00,11,I,,,A,0110,1,EF-00,F,XXXX,8,48,I,2,200109,1,"$68,864",0.2
EP00,39,F,22,12,A,0110,1,GS-12,E,XXXX,8,40,F,2,200109,1,"$53,412",0.8
EP00,11,E,17,15,F,0110,1,GS-15,K,XXXX,2,10,F,1,200109,1,"$114,224",16.4
EP00,11,G,18,,A,0110,1,ED-00,G,XXXX,8,48,I,2,200109,1,"$73,045",0.8
EP00,39,C,22,11,A,0110,1,GS-11,E,XXXX,8,48,F,2,200109,1,"$51,992",0.7
EP00,11,D,17,13,C,0110,1,GS-13,F,XXXX,8,10,F,1,200109,1,"$63,211",3.5
EP00,11,F,17,14,E,0110,1,GS-14,H,XXXX,8,10,F,1,200109,1,"$89,638",13.8
EP00,11,H,14,14,H,0110,1,GS-14,I,XXXX,8,10,F,1,200109,1,"$94,618",28.3
EP00,37,I,18,14,I,0110,1,GS-14,I,XXXX,8,10,F,1,200109,1,"$94,862",31.3
EP00,11,D,18,13,C,0110,1,GS-13,F,XXXX,8,10,F,1,200109,1,"$69,534",4.0
EP00,11,E,21,14,C,0110,1,GS-14,G,XXXX,8,15,F,1,200109,1,"$77,187",3.0
EP00,11,H,21,,A,0110,1,EF-00,G,XXXX,8,48,I,2,200109,1,"$70,054",0.3
EP00,08,F,17,13,F,0110,1,GS-13,H,XXXX,8,10,F,1,200109,1,"$83,425",17.8
EP00,11,K,21,,A,0110,1,EF-00,G,XXXX,8,48,I,2,200109,1,"$72,131",0.5
EP00,11,E,14,13,E,0110,1,GS-13,G,XXXX,8,10,F,1,200109,1,"$71,642",10.8
EP00,11,E,21,14,C,0110,1,GS-14,G,XXXX,8,10,F,1,200109,1,"$79,678",4.1
EP00,11,D,17,13,C,0110,1,GS-13,F,XXXX,8,10,F,1,200109,1,"$69,534",4.7
EP00,51,I,18,14,H,0110,1,GS-14,I,XXXX,8,10,F,1,200109,1,"$97,108",27.4
EP00,11,D,17,13,C,0110,1,GS-13,F,XXXX,8,10,F,1,200109,1,"$63,211",3.5
EP00,11,E,14,14,E,0110,1,GS-14,H,XXXX,8,10,F,1,200109,1,"$84,658",12.8
EP00,37,D,17,13,E,0110,1,GS-13,F,XXXX,8,10,F,1,200109,1,"$67,926",11.6
EP00,51,G,14,14,F,0110,1,GS-14,I,XXXX,8,10,F,1,200109,1,"$94,618",16.0
EP00,11,H,22,,B,0110,1,ED-00,F,XXXX,8,48,I,2,200109,1,"$68,864",1.0
EP00,11,F,21,13,C,0110,1,GS-13,G,XXXX,8,15,F,1,200109,1,"$73,749",3.3
EP00,51,F,17,13,D,0110,1,GS-13,F,XXXX,8,15,F,1,200109,1,"$69,534",9.3
EP00,11,F,17,14,D,0110,1,GS-14,H,XXXX,8,10,F,1,200109,1,"$89,638",7.1
EP00,11,D,18,14,D,0110,1,GS-14,G,XXXX,8,10,F,1,200109,1,"$77,187",9.3
EP00,11,I,17,13,E,0110,1,GS-13,F,XXXX,8,10,F,1,200109,1,"$65,319",10.8
EP00,11,G,21,,A,0110,1,ED-00,F,XXXX,8,48,I,2,200109,1,"$69,992",0.8
EP00,51,I,21,14,E,0110,1,GS-14,H,XXXX,8,10,F,1,200109,1,"$84,658",14.1
EP00,51,J,21,13,E,0110,1,GS-13,G,XXXX,8,10,F,1,200109,1,"$75,857",10.3
EP00,11,I,17,13,H,0110,1,GS-13,H,XXXX,8,10,F,1,200109,1,"$82,180",27.1
EP00,11,F,21,14,C,0110,1,GS-14,H,XXXX,8,10,F,1,200109,1,"$82,168",4.8
EP00,11,I,21,,A,0110,1,EF-00,F,XXXX,8,48,I,2,200109,1,"$69,992",0.8
EP00,11,D,18,13,B,0110,1,GS-13,F,XXXX,8,15,F,1,200109,1,"$65,319",2.6
EP00,37,G,18,13,D,0110,1,GS-13,G,XXXX,8,10,F,1,200109,1,"$74,102",6.2
EP00,37,G,13,13,G,0110,1,GS-13,G,XXXX,8,10,F,1,200109,1,"$78,220",21.9
EP00,37,C,17,11,C,0110,1,GS-11,E,XXXX,8,15,F,1,200109,1,"$51,990",4.5
EP00,11,D,14,13,D,0110,1,GS-13,F,XXXX,8,10,F,1,200109,1,"$67,427",6.8
EP00,11,F,21,14,C,0110,1,GS-14,H,XXXX,8,10,P,2,200109,1,"$82,168",4.3
EP00,11,E,21,14,C,0110,1,GS-14,G,XXXX,8,10,F,1,200109,1,"$79,678",4.8
EP00,37,D,21,13,C,0110,1,GS-13,F,XXXX,8,10,F,1,200109,1,"$67,926",3.4
EP00,11,E,21,13,D,0110,1,GS-13,G,XXXX,8,10,F,1,200109,1,"$73,749",5.4
EP00,11,E,12,13,C,0110,1,GS-13,F,XXXX,8,10,F,1,200109,1,"$69,534",3.6
EP00,11,H,21,,B,0110,1,ED-00,F,XXXX,8,48,I,2,200109,1,"$68,864",1.1
EP00,39,G,17,14,F,0110,1,GS-14,H,XXXX,2,10,F,1,200109,1,"$85,065",17.7
EP00,11,F,21,,B,0110,1,ED-00,F,XXXX,8,48,I,2,200109,1,"$68,864",1.1
EP00,11,D,21,14,C,0110,1,GS-14,G,XXXX,8,10,F,1,200109,1,"$77,187",4.4
EP00,11,E,21,14,C,0110,1,GS-14,G,XXXX,8,10,F,1,200109,1,"$79,678",4.1
EP00,11,G,21,,B,0110,1,EF-00,F,XXXX,8,48,I,2,200109,1,"$69,758",1.3
EP00,11,E,17,13,E,0110,1,GS-13,G,XXXX,8,10,F,1,200109,1,"$73,749",13.1
EP00,11,I,21,15,H,0110,1,GS-15,K,XXXX,2,10,F,1,200109,1,"$111,295",26.3
EP00,11,D,17,13,D,0110,1,GS-13,F,XXXX,8,10,F,1,200109,1,"$65,319",6.1
EP00,11,H,21,13,F,0110,1,GS-13,F,XXXX,8,10,F,1,200109,1,"$65,319",15.0
EP00,51,F,17,13,D,0110,1,GS-13,G,XXXX,8,10,F,1,200109,1,"$71,642",9.6
EP00,11,H,17,15,C,0110,1,GS-15,K,XXXX,8,10,F,1,200109,1,"$114,224",4.2
EP00,11,G,,,A,0110,1,EF-00,F,XXXX,8,48,I,2,200109,1,"$68,864",0.2
EP00,11,G,21,14,D,0110,1,GS-14,I,XXXX,8,10,F,1,200109,1,"$94,618",9.3
EP00,11,H,22,,A,0110,1,ED-00,G,XXXX,8,48,I,2,200109,1,"$70,054",0.3
EP00,39,J,21,13,I,0110,1,GS-13,G,XXXX,8,10,I,2,200109,1,"$78,339",30.2
EP00,17,F,17,13,E,0110,1,GS-13,G,XXXX,8,10,F,1,200109,1,"$73,442",11.3
EP00,11,E,17,14,E,0110,1,GS-14,H,XXXX,8,10,F,1,200109,1,"$82,168",11.3
EP00,51,F,15,14,E,0110,1,GS-14,H,XXXX,8,10,F,1,200109,1,"$82,168",12.2
EP00,37,E,20,13,B,0110,1,GS-13,F,XXXX,8,15,F,1,200109,1,"$67,926",2.5
EP00,51,I,21,13,F,0110,1,GS-13,G,XXXX,8,10,F,1,200109,1,"$75,857",19.7
EP00,11,H,12,,A,0110,1,EF-00,G,XXXX,8,48,I,2,200109,1,"$70,054",0.9
EP00,11,H,21,15,F,0110,1,GS-15,J,XXXX,8,10,F,1,200109,1,"$105,437",16.6
EP00,11,H,22,,B,0110,1,ED-00,F,XXXX,8,48,I,2,200109,1,"$68,864",1.0
EP00,11,E,17,13,D,0110,1,GS-13,G,XXXX,8,10,F,1,200109,1,"$73,749",9.3
EP00,11,F,21,14,E,0110,1,GS-14,H,XXXX,8,10,P,2,200109,1,"$89,638",11.5
EP00,11,E,17,13,E,0110,1,GS-13,G,XXXX,8,10,F,1,200109,1,"$71,642",10.6
EP00,11,K,17,,A,0110,1,EF-00,F,XXXX,8,48,I,2,200109,1,"$69,992",0.7
EP00,11,K,21,,B,0110,1,EF-00,F,XXXX,8,48,I,2,200109,1,"$68,864",1.2
EP00,11,J,22,,A,0110,1,EF-00,Z,XXXX,8,48,I,2,200109,1,,0.5
EP00,11,C,18,11,A,0110,1,GS-11,D,XXXX,8,15,F,1,200109,1,"$44,352",0.0
EP00,11,E,21,13,C,0110,1,GS-13,F,XXXX,8,10,F,1,200109,1,"$65,319",3.9
EP00,11,F,17,15,F,0110,1,GS-15,I,XXXX,8,10,F,1,200109,1,"$99,580",15.6
EP00,11,G,21,14,E,0110,1,GS-14,H,XXXX,8,10,F,1,200109,1,"$89,638",11.3
EP00,11,D,21,12,A,0110,1,GS-12,F,XXXX,8,15,F,1,200109,1,"$65,556",0.4
EP00,11,F,21,,A,0110,1,ED-00,F,XXXX,8,48,I,2,200109,1,"$69,992",0.5
EP00,51,F,21,,A,0110,1,EF-00,G,XXXX,8,48,I,2,200109,1,"$73,045",0.8
EP00,51,K,21,13,G,0110,1,GS-13,H,XXXX,8,10,F,1,200109,1,"$82,180",24.9
EP00,11,E,17,13,C,0110,1,GS-13,H,XXXX,8,10,F,1,200109,1,"$82,180",3.6
EP00,11,F,21,,A,0110,1,ED-00,F,XXXX,8,48,I,2,200109,1,"$69,992",0.7
EP00,11,I,21,14,H,0110,1,GS-14,I,XXXX,8,10,F,1,200109,1,"$94,618",29.3
EP00,51,E,17,14,D,0110,1,GS-14,G,XXXX,8,10,F,1,200109,1,"$79,678",9.3
EP00,11,F,17,15,F,0110,1,GS-15,J,XXXX,2,10,F,1,200109,1,"$105,437",15.5
EP00,11,K,21,,A,0110,1,EF-00,F,XXXX,8,48,I,2,200109,1,"$69,992",0.8
EP00,11,G,13,13,G,0110,1,GS-13,H,XXXX,8,10,F,1,200109,1,"$80,072",23.3
EP00,11,G,18,13,G,0110,1,GS-13,H,XXXX,8,10,F,1,200109,1,"$80,072",22.3
EP00,37,E,17,13,E,0110,1,GS-13,G,XXXX,8,10,F,1,200109,1,"$74,102",11.2
EP00,11,I,17,13,H,0110,1,GS-13,H,XXXX,8,10,F,1,200109,1,"$82,180",25.4
EP00,11,H,17,14,H,0110,1,GS-14,I,XXXX,8,10,F,1,200109,1,"$97,108",26.6
EP00,11,K,21,,A,0110,1,ED-00,F,XXXX,8,48,I,2,200109,1,"$69,992",0.5
EP00,11,I,17,13,H,0110,1,GS-13,H,XXXX,8,10,F,1,200109,1,"$82,180",27.3
EP00,11,I,22,,A,0110,1,ED-00,G,XXXX,8,48,I,2,200109,1,"$70,054",0.3
EP00,51,G,17,14,F,0110,1,GS-14,H,XXXX,8,10,F,1,200109,1,"$89,638",18.1
EP00,11,H,21,15,F,0110,1,GS-15,K,XXXX,8,10,F,1,200109,1,"$114,224",15.3
EP00,11,E,21,13,C,0110,1,GS-13,F,XXXX,8,10,F,1,200109,1,"$69,534",3.3
EP00,11,I,21,,A,0110,1,ED-00,I,XXXX,8,48,I,2,200109,1,"$90,367",0.6
EP00,11,E,21,13,C,0110,1,GS-13,H,XXXX,8,15,F,1,200109,1,"$82,180",4.5
EP00,11,D,17,13,C,0110,1,GS-13,F,XXXX,8,10,F,1,200109,1,"$65,319",4.4
EP00,11,I,21,,A,0110,1,EF-00,G,XXXX,8,48,I,2,200109,1,"$70,054",0.8
EP00,51,H,17,13,E,0110,1,GS-13,F,XXXX,8,10,F,1,200109,1,"$65,319",10.3
EP00,11,G,21,,A,0110,1,ED-00,F,XXXX,8,48,I,2,200109,1,"$69,992",0.4
EP00,11,E,21,,A,0110,1,ED-00,F,XXXX,8,48,I,2,200109,1,"$69,992",0.5
EP00,11,H,21,,A,0110,1,ED-00,F,XXXX,8,48,I,2,200109,1,"$69,992",0.5
EP00,11,J,21,,A,0110,1,ED-00,F,XXXX,8,48,I,2,200109,1,"$69,992",0.8
EP00,51,D,21,,A,0110,1,EF-00,F,XXXX,8,48,I,2,200109,1,"$69,306",0.9
EP00,11,G,21,,A,0110,1,ED-00,F,XXXX,8,48,I,2,200109,1,"$69,992",0.6
EP00,11,E,22,13,C,0110,1,GS-13,F,XXXX,8,10,F,1,200109,1,"$67,427",3.6
EP00,11,I,21,,A,0110,1,ED-00,F,XXXX,8,48,I,2,200109,1,"$68,864",0.3
EP00,11,G,21,,A,0110,1,ED-00,F,XXXX,8,48,I,2,200109,1,"$68,864",0.3
EP00,11,E,18,13,C,0110,1,GS-13,F,XXXX,8,10,F,1,200109,1,"$67,427",3.1
EP00,11,I,21,13,G,0110,1,GS-13,H,XXXX,8,10,F,1,200109,1,"$80,072",20.2
EP00,11,H,21,14,G,0110,1,GS-14,I,XXXX,8,10,F,1,200109,1,"$97,108",24.8
EP00,11,G,21,,B,0110,1,EF-00,F,XXXX,8,48,I,2,200109,1,"$69,992",1.5
EP00,11,F,21,14,D,0110,1,GS-14,G,XXXX,8,10,F,1,200109,1,"$79,678",8.6
EP00,51,E,21,14,C,0110,1,GS-14,G,XXXX,7,15,F,1,200109,1,"$77,187",3.0
EP00,11,E,21,,A,0110,1,EF-00,F,XXXX,8,48,I,2,200109,1,"$68,864",0.3
EP00,37,D,21,12,B,0110,1,GS-12,E,XXXX,8,15,F,1,200109,1,"$51,927",2.5
EP00,37,G,18,13,E,0110,1,GS-13,F,XXXX,8,10,F,1,200109,1,"$69,984",10.0
EP00,51,C,13,09,C,0110,1,GS-09,C,XXXX,8,15,F,1,200109,1,"$36,656",3.8
EP00,11,E,18,15,D,0110,1,GS-15,J,XXXX,8,10,F,1,200109,1,"$105,437",7.5
EP00,11,G,13,14,G,0110,1,GS-14,H,XXXX,8,10,F,1,200109,1,"$87,148",22.8
EP00,11,H,17,13,F,0110,1,GS-13,G,XXXX,8,10,F,1,200109,1,"$73,749",15.8
FC00,11,I,17,15,H,0110,1,GS-15,J,XXXX,8,10,F,1,200109,1,"$108,366",29.0
FC00,11,F,18,15,F,0110,1,GS-15,I,XXXX,8,10,F,1,200109,1,"$96,651",17.8
FC00,11,F,21,15,C,0110,1,GS-15,J,XXXX,8,15,F,1,200109,1,"$102,508",4.3
FC00,11,I,17,15,G,0110,1,GS-15,K,XXXX,8,10,F,1,200109,1,"$114,224",22.2
FC00,11,F,21,15,E,0110,1,GS-15,I,XXXX,2,10,F,1,200109,1,"$96,651",13.2
FC00,11,E,21,14,A,0110,1,GS-14,I,XXXX,8,15,F,1,200109,1,"$94,618",0.2
FC00,11,H,17,15,E,0110,1,GS-15,K,XXXX,8,15,F,1,200109,1,"$114,224",11.8
FC00,11,H,17,15,G,0110,1,GS-15,K,XXXX,8,10,F,1,200109,1,"$114,224",21.0
FC00,11,H,17,,G,0110,1,ES-04,M,XXXX,2,50,F,1,200109,1,"$133,700",24.8
FC00,11,H,17,15,H,0110,1,GM-15,K,XXXX,2,10,P,2,200109,1,"$111,295",25.2
FC00,11,H,21,15,F,0110,1,GS-15,K,XXXX,8,10,F,1,200109,1,"$111,295",19.6
FC00,11,K,21,15,D,0110,1,GS-15,J,XXXX,2,10,F,1,200109,1,"$108,366",8.9
FC00,11,I,17,13,E,0110,1,GS-13,G,XXXX,8,10,F,1,200109,1,"$71,642",13.5
FC00,11,E,21,15,D,0110,1,GS-15,I,XXXX,8,10,F,1,200109,1,"$90,793",8.8
FC00,11,G,21,14,E,0110,1,GS-14,H,XXXX,8,10,F,1,200109,1,"$82,168",11.3
FC00,11,E,17,15,D,0110,1,GS-15,H,XXXX,8,15,F,1,200109,1,"$87,864",5.0
FC00,11,I,21,,H,0110,1,SL-00,M,XXXX,8,10,F,1,200109,1,"$133,700",28.9
FC00,11,D,21,12,A,0110,1,GS-12,E,XXXX,8,15,F,1,200109,1,"$53,156",0.3
FC00,11,H,21,15,G,0110,1,GM-15,K,XXXX,5,10,F,1,200109,1,"$114,224",20.2
FC00,11,G,21,15,E,0110,1,GS-15,K,XXXX,8,10,F,1,200109,1,"$114,224",14.9
FC00,11,E,17,14,D,0110,1,GS-14,I,XXXX,8,15,F,1,200109,1,"$92,128",9.0
FC00,11,I,21,15,E,0110,1,GS-15,K,XXXX,8,10,F,1,200109,1,"$114,224",13.2
FC00,11,G,21,15,G,0110,1,GS-15,J,XXXX,8,10,F,1,200109,1,"$108,366",21.7
FC00,11,H,13,15,H,0110,1,GM-15,K,XXXX,5,10,F,1,200109,1,"$114,224",29.6
FC00,11,H,18,14,G,0110,1,GS-14,I,XXXX,8,10,F,1,200109,1,"$97,108",20.3
FC00,11,E,17,13,A,0110,1,GS-13,F,XXXX,8,15,F,1,200109,1,"$63,211",0.8
FC00,11,H,13,15,H,0110,1,GS-15,K,XXXX,8,10,F,1,200109,1,"$114,224",28.8
FC00,11,H,21,15,G,0110,1,GM-15,K,XXXX,5,10,F,1,200109,1,"$114,224",21.6
FC00,11,F,21,15,D,0110,1,GS-15,I,XXXX,8,10,F,1,200109,1,"$96,651",6.3
FC00,11,D,17,15,D,0110,1,GS-15,H,XXXX,8,10,F,1,200109,1,"$87,864",8.3
FC00,11,H,13,15,I,0110,1,GS-15,J,XXXX,8,10,F,1,200109,1,"$102,508",32.2
FC00,11,H,17,15,E,0110,1,GS-15,I,XXXX,8,15,F,1,200109,1,"$96,651",14.6
FC00,11,H,13,14,H,0110,1,GS-14,H,XXXX,8,10,F,1,200109,1,"$84,658",29.0
FC00,11,H,17,15,G,0110,1,GS-15,K,XXXX,8,10,F,1,200109,1,"$114,224",23.7
FC00,11,G,13,14,G,0110,1,GS-14,G,XXXX,8,10,F,1,200109,1,"$79,678",24.7
FC00,11,G,17,15,G,0110,1,GS-15,I,XXXX,8,10,F,1,200109,1,"$93,722",22.8
FC00,11,I,17,15,G,0110,1,GS-15,K,XXXX,8,10,F,1,200109,1,"$111,295",23.2
FC00,11,H,21,15,D,0110,1,GS-15,K,XXXX,8,10,F,1,200109,1,"$114,224",6.0
FC00,11,E,17,14,C,0110,1,GS-14,H,XXXX,8,15,F,1,200109,1,"$84,658",4.6
FC00,11,G,21,15,D,0110,1,GS-15,I,XXXX,8,15,F,1,200109,1,"$90,793",6.8
FC00,11,I,21,15,I,0110,1,GS-15,J,XXXX,8,10,F,1,200109,1,"$105,437",30.8
FC00,11,E,18,14,D,0110,1,GS-14,G,XXXX,8,10,F,1,200109,1,"$77,187",8.3
FC00,11,G,17,15,D,0110,1,GS-15,H,XXXX,8,15,F,1,200109,1,"$87,864",5.0
FC00,11,H,21,15,B,0110,1,GS-15,I,XXXX,8,15,F,1,200109,1,"$90,793",1.3
FC00,11,E,21,15,A,0110,1,GS-15,K,XXXX,8,15,F,1,200109,1,"$111,295",0.3
FC00,11,F,21,13,B,0110,1,GS-13,F,XXXX,8,15,F,1,200109,1,"$65,319",1.1
FC00,11,K,14,12,J,0110,1,GS-12,F,XXXX,8,10,F,1,200109,1,"$69,099",46.8
FC00,11,I,21,15,G,0110,1,GS-15,K,XXXX,8,10,F,1,200109,1,"$114,224",22.2
FC00,11,G,21,15,E,0110,1,GS-15,I,XXXX,8,10,F,1,200109,1,"$99,580",13.9
FC00,11,D,17,15,C,0110,1,GS-15,H,XXXX,8,15,F,1,200109,1,"$87,864",4.3
FC00,11,G,21,15,D,0110,1,GS-15,I,XXXX,8,10,F,1,200109,1,"$96,651",7.0
FC00,11,H,21,15,D,0110,1,GS-15,J,XXXX,8,15,F,1,200109,1,"$105,437",5.1
FC00,11,F,18,13,D,0110,1,GS-13,F,XXXX,8,10,F,1,200109,1,"$65,319",6.7
FC00,11,I,21,15,H,0110,1,GS-15,J,XXXX,8,10,F,1,200109,1,"$105,437",27.0
FC00,11,G,21,12,A,0110,1,GS-12,E,XXXX,8,15,F,1,200109,1,"$53,156",0.9
FC00,11,I,17,15,H,0110,1,GS-15,K,XXXX,8,10,F,1,200109,1,"$114,224",27.3
FC00,11,E,17,15,D,0110,1,GS-15,I,XXXX,8,10,F,1,200109,1,"$96,651",6.5
FC00,11,G,21,15,D,0110,1,GS-15,J,XXXX,8,10,F,1,200109,1,"$102,508",7.1
FC00,11,C,13,13,B,0110,1,GS-13,F,XXXX,8,15,F,1,200109,1,"$63,211",1.1
FC00,11,C,13,13,B,0110,1,GS-13,F,XXXX,8,15,F,1,200109,1,"$63,211",1.1
FD00,25,C,17,12,C,0110,1,CG-12,G,XXXX,8,10,F,1,200109,1,"$73,268",3.0
FD00,11,G,21,15,E,0110,1,CG-15,K,XXXX,2,10,F,1,200109,1,"$118,540",14.8
FD00,11,F,21,14,C,0110,1,CG-14,I,XXXX,8,10,F,1,200109,1,"$93,424",4.9
FD00,47,F,21,12,B,0110,1,CG-12,F,XXXX,8,15,F,1,200109,1,"$60,404",2.1
FD00,11,G,21,,E,0110,1,EO-03,Q,XXXX,2,10,F,1,200109,1,"$179,112",12.6
FD00,11,C,,09,A,0110,1,CG-09,D,XXXX,8,40,F,2,200109,1,"$44,817",0.2
FD00,36,E,17,12,D,0110,1,CG-12,H,XXXX,8,10,F,1,200109,1,"$84,317",8.6
FD00,36,G,04,14,C,0110,1,CG-14,J,XXXX,8,10,F,1,200109,1,"$109,879",4.8
FD00,11,K,17,,E,0110,1,EO-02,O,XXXX,2,10,F,1,200109,1,"$154,735",13.4
FD00,17,I,17,14,E,0110,1,CG-14,L,XXXX,8,10,F,1,200109,1,"$121,567",11.1
FD00,11,H,17,15,I,0110,1,CG-15,M,XXXX,2,10,F,1,200109,1,"$133,794",33.9
FD00,11,I,21,14,I,0110,1,CG-14,K,XXXX,8,10,F,1,200109,1,"$118,066",32.0
FD00,11,G,21,14,E,0110,1,CG-14,J,XXXX,8,10,F,1,200109,1,"$100,130",10.2
FD00,11,F,17,14,G,0110,1,CG-14,J,XXXX,8,10,F,1,200109,1,"$107,006",22.3
FD00,11,D,09,14,D,0110,1,CG-14,H,XXXX,8,10,F,1,200109,1,"$83,334",9.8
FD00,11,E,18,13,B,0110,1,CG-13,G,XXXX,8,15,F,1,200109,1,"$73,107",1.1
FD00,11,G,17,14,D,0110,1,CG-14,J,XXXX,8,10,F,1,200109,1,"$108,239",9.3
FD00,11,B,,09,B,0110,1,CG-09,D,XXXX,8,40,F,2,200109,1,"$44,817",1.3
FD00,11,B,,07,A,0110,1,CG-07,C,XXXX,8,40,F,2,200109,1,"$35,228",0.1
FD00,11,D,04,14,D,0110,1,CG-14,H,XXXX,8,10,F,1,200109,1,"$83,862",6.9
FD00,11,H,17,14,H,0110,1,CG-14,L,XXXX,8,10,F,1,200109,1,"$120,267",29.1
FD00,11,C,13,13,C,0110,1,CG-13,G,XXXX,8,10,F,1,200109,1,"$73,227",4.2
FD00,11,H,21,14,F,0110,1,CG-14,J,XXXX,8,10,F,1,200109,1,"$107,938",18.3
FD00,11,B,,07,A,0110,1,CG-07,C,XXXX,8,40,F,2,200109,1,"$35,228",0.3
FD00,11,I,17,14,I,0110,1,CG-14,L,XXXX,8,10,F,1,200109,1,"$121,313",33.3
FD00,06,J,21,14,D,0110,1,CG-14,I,XXXX,8,10,F,1,200109,1,"$96,889",5.8
FD00,11,G,21,14,E,0110,1,CG-14,I,XXXX,8,10,F,1,200109,1,"$93,842",14.2
FD00,11,B,,09,B,0110,1,CG-09,D,XXXX,8,40,F,2,200109,1,"$45,976",2.1
FD00,13,E,18,14,C,0110,1,CG-14,I,XXXX,8,10,F,1,200109,1,"$91,090",4.7
FD00,11,K,21,15,I,0110,1,CG-15,M,XXXX,2,10,F,1,200109,1,"$133,480",33.5
FD00,11,F,21,14,D,0110,1,CG-14,J,XXXX,8,10,F,1,200109,1,"$103,886",7.1
FD00,11,F,17,15,E,0110,1,CG-15,L,XXXX,8,10,F,1,200109,1,"$129,284",14.4
FD00,11,F,21,14,E,0110,1,CG-14,J,XXXX,8,10,F,1,200109,1,"$105,687",13.2
FD00,11,G,21,,E,0110,1,EO-02,O,XXXX,2,10,F,1,200109,1,"$153,644",10.4
FD00,48,C,17,12,C,0110,1,CG-12,F,XXXX,8,10,F,1,200109,1,"$62,655",3.5
FD00,11,B,,07,A,0110,1,CG-07,C,XXXX,8,40,F,2,200109,1,"$35,228",0.1
FD00,29,F,17,14,C,0110,1,CG-14,H,XXXX,8,10,F,1,200109,1,"$85,900",4.3
FD00,11,E,17,15,E,0110,1,CG-15,J,XXXX,8,10,F,1,200109,1,"$107,260",14.3
FD00,11,G,21,15,D,0110,1,CG-15,K,XXXX,8,10,F,1,200109,1,"$110,942",5.4
FD00,11,H,17,15,H,0110,1,CG-15,M,XXXX,2,10,F,1,200109,1,"$134,901",27.4
FD00,11,G,21,14,F,0110,1,CG-14,K,XXXX,8,10,F,1,200109,1,"$113,050",15.2
FD00,11,K,21,,J,0110,1,EO-04,R,XXXX,2,10,F,1,200109,1,"$186,300",35.7
FD00,48,G,17,14,C,0110,1,CG-14,I,XXXX,8,10,F,1,200109,1,"$93,887",4.8
FD00,06,B,11,11,C,0110,1,CG-11,F,XXXX,8,15,F,1,200109,1,"$66,626",3.3
FD00,11,E,21,14,C,0110,1,CG-14,I,XXXX,8,10,F,1,200109,1,"$94,304",4.0
FD00,11,B,,09,B,0110,1,CG-09,D,XXXX,8,40,F,2,200109,1,"$44,817",1.1
FD00,25,E,17,14,C,0110,1,CG-14,K,XXXX,8,10,F,1,200109,1,"$110,877",4.8
FD00,11,B,,07,B,0110,1,CG-07,C,XXXX,8,40,F,2,200109,1,"$35,782",1.2
FD00,06,D,13,12,A,0110,1,CG-12,G,XXXX,8,15,F,1,200109,1,"$75,130",0.7
FD00,11,D,21,12,A,0110,1,CG-12,H,XXXX,8,15,F,1,200109,1,"$85,001",0.0
FD00,11,D,21,12,A,0110,1,CG-12,H,XXXX,8,15,F,1,200109,1,"$85,001",0.0
FD00,11,D,17,12,C,0110,1,CG-12,H,XXXX,8,15,F,1,200109,1,"$85,001",3.8
FD00,11,G,17,14,E,0110,1,CG-14,I,XXXX,8,10,F,1,200109,1,"$97,348",13.5
FL00,51,G,21,,G,0110,1,VH-39,H,XXXX,8,10,F,1,200109,1,"$87,913",20.0
FL00,51,I,21,,I,0110,1,VH-41,K,XXXX,8,10,F,1,200109,1,"$118,731",30.0
FL00,51,I,14,,J,0110,1,VH-42,M,XXXX,8,10,F,1,200109,1,"$131,031",37.8
FT00,11,D,21,13,B,0110,1,GS-13,G,XXXX,8,15,F,1,200109,1,"$73,749",1.9
FT00,11,H,21,,G,0110,1,ES-04,M,XXXX,2,50,F,1,200109,1,"$133,700",23.8
FT00,11,D,21,12,A,0110,1,GS-12,F,XXXX,8,15,F,1,200109,1,"$69,099",0.1
FT00,11,H,21,15,G,0110,1,GM-15,K,XXXX,2,10,F,1,200109,1,"$114,224",21.1
FT00,11,I,22,15,G,0110,1,GM-15,K,XXXX,2,10,F,1,200109,1,"$114,224",22.8
FT00,08,H,21,15,G,0110,1,GM-15,K,XXXX,5,10,F,1,200109,1,"$115,954",23.1
FT00,11,G,22,15,G,0110,1,GS-15,J,XXXX,5,10,F,1,200109,1,"$105,437",21.4
FT00,11,H,21,15,G,0110,1,GM-15,K,XXXX,5,10,F,1,200109,1,"$114,224",23.3
FT00,11,G,22,13,C,0110,1,GS-13,F,XXXX,8,10,F,1,200109,1,"$65,319",3.0
FT00,11,I,21,15,H,0110,1,GM-15,K,XXXX,2,10,F,1,200109,1,"$114,224",28.3
FT00,06,F,17,15,E,0110,1,GS-15,K,XXXX,5,10,P,2,200109,1,"$111,894",13.3
FT00,11,D,21,12,B,0110,1,GS-12,F,XXXX,8,15,F,1,200109,1,"$69,099",1.0
FT00,11,H,21,15,G,0110,1,GM-15,K,XXXX,5,10,F,1,200109,1,"$110,561",22.0
FT00,11,D,21,15,A,0110,1,GS-15,K,XXXX,5,20,F,2,200109,1,"$114,224",0.1
FT00,11,D,21,13,B,0110,1,GS-13,G,XXXX,8,15,F,1,200109,1,"$73,749",2.0
FT00,11,E,21,15,D,0110,1,GS-15,I,XXXX,8,10,F,1,200109,1,"$90,793",8.9
FT00,11,D,21,13,C,0110,1,GS-13,G,XXXX,8,10,F,1,200109,1,"$73,749",3.1
FT00,11,F,21,15,E,0110,1,GS-15,I,XXXX,5,10,P,2,200109,1,"$99,580",14.0
FT00,11,I,21,15,H,0110,1,GM-15,K,XXXX,5,10,F,1,200109,1,"$114,224",27.3
FT00,11,F,21,15,E,0110,1,GS-15,J,XXXX,5,10,F,1,200109,1,"$105,437",10.3
FT00,11,F,21,,A,0110,1,EF-00,K,XXXX,8,48,I,2,200109,1,"$114,222",0.7
FT00,11,G,,,A,0110,1,EF-00,K,XXXX,8,48,I,2,200109,1,"$114,618",0.4
FT00,11,F,21,15,F,0110,1,GS-15,J,XXXX,5,10,P,2,200109,1,"$108,366",15.6
FT00,11,I,21,15,I,0110,1,GM-15,K,XXXX,5,10,F,1,200109,1,"$114,224",33.5
FT00,11,G,21,15,E,0110,1,GS-15,K,XXXX,5,10,F,1,200109,1,"$114,224",13.3
FT00,11,G,21,15,F,0110,1,GM-15,K,XXXX,2,10,F,1,200109,1,"$114,224",18.7
FT00,11,E,15,15,E,0110,1,GS-15,J,XXXX,5,10,F,1,200109,1,"$102,508",11.3
FT00,34,D,21,,B,0110,1,EF-00,J,XXXX,8,48,I,2,200109,1,"$100,906",1.3
FT00,11,E,21,15,C,0110,1,GS-15,I,XXXX,8,10,F,1,200109,1,"$90,793",4.9
FT00,11,G,,,B,0110,1,EF-00,J,XXXX,8,48,I,2,200109,1,"$107,188",2.6
FT00,11,G,21,15,G,0110,1,GM-15,K,XXXX,5,10,F,1,200109,1,"$114,224",22.3
FT00,11,H,,,A,0110,1,EF-00,J,XXXX,8,48,I,2,200109,1,"$103,620",0.3
FT00,11,F,22,15,E,0110,1,GS-15,K,XXXX,5,10,F,1,200109,1,"$114,224",12.0
FT00,11,E,21,15,D,0110,1,GS-15,J,XXXX,5,10,F,1,200109,1,"$108,366",9.1
FT00,11,H,14,14,I,0110,1,GM-14,I,XXXX,5,10,F,1,200109,1,"$92,454",34.6
FT00,11,D,21,14,C,0110,1,GS-14,G,XXXX,8,15,F,1,200109,1,"$77,187",3.8
FT00,11,G,22,15,G,0110,1,GS-15,I,XXXX,5,10,F,1,200109,1,"$96,651",21.4
FT00,11,C,21,12,A,0110,1,GS-12,F,XXXX,8,15,F,1,200109,1,"$69,099",0.2
FT00,11,E,21,15,D,0110,1,GS-15,K,XXXX,8,10,F,1,200109,1,"$114,224",8.3
FT00,11,H,21,,A,0110,1,EF-00,J,XXXX,8,48,I,2,200109,1,"$103,620",0.3
FT00,11,D,21,13,B,0110,1,GS-13,G,XXXX,8,15,F,1,200109,1,"$75,857",2.1
FT00,11,H,21,,E,0110,1,ES-06,M,XXXX,2,50,F,1,200109,1,"$133,700",11.9
FT00,11,I,20,15,G,0110,1,GM-15,K,XXXX,5,10,F,1,200109,1,"$112,398",24.2
FT00,11,I,21,15,G,0110,1,GM-15,K,XXXX,2,10,F,1,200109,1,"$114,224",22.2
FT00,11,G,22,15,F,0110,1,GS-15,I,XXXX,5,10,F,1,200109,1,"$96,651",18.8
FT00,11,E,21,15,A,0110,1,GS-15,K,XXXX,2,48,F,2,200109,1,"$114,224",0.2
FT00,11,F,21,13,E,0110,1,GS-13,G,XXXX,8,10,F,1,200109,1,"$75,857",10.8
FT00,11,G,21,15,F,0110,1,GM-15,K,XXXX,5,10,F,1,200109,1,"$114,224",19.7
FT00,11,E,21,15,B,0110,1,GS-15,J,XXXX,8,15,F,1,200109,1,"$105,437",2.1
FT00,11,D,21,14,A,0110,1,GS-14,G,XXXX,8,15,F,1,200109,1,"$74,697",0.1
FT00,11,C,21,12,A,0110,1,GS-12,F,XXXX,8,15,F,1,200109,1,"$69,099",0.7
FT00,11,H,21,,A,0110,1,EF-00,J,XXXX,8,48,I,2,200109,1,"$103,620",0.3
FT00,11,D,21,15,D,0110,1,GS-15,J,XXXX,8,15,F,1,200109,1,"$102,508",6.3
FT00,11,I,21,15,H,0110,1,GM-15,K,XXXX,5,10,F,1,200109,1,"$114,224",27.2
FT00,11,K,22,15,F,0110,1,GM-15,K,XXXX,5,10,F,1,200109,1,"$114,224",19.3
FT00,11,I,21,15,E,0110,1,GS-15,J,XXXX,5,10,F,1,200109,1,"$105,437",13.0
FT00,11,I,21,15,A,0110,1,GS-15,K,XXXX,8,10,F,1,200109,1,"$114,224",0.1
FT00,11,I,21,15,H,0110,1,GS-15,J,XXXX,5,10,F,1,200109,1,"$108,366",27.3
FT00,11,E,21,15,E,0110,1,GS-15,I,XXXX,5,10,F,1,200109,1,"$96,651",10.9
FT00,11,C,21,12,A,0110,1,GS-12,F,XXXX,8,15,F,1,200109,1,"$63,785",0.1
FT00,11,H,21,,G,0110,1,ES-04,M,XXXX,2,50,F,1,200109,1,"$133,700",23.6
FT00,11,G,21,15,E,0110,1,GS-15,H,XXXX,8,15,F,1,200109,1,"$87,864",13.3
FT00,11,E,21,14,A,0110,1,GS-14,H,XXXX,8,20,F,2,200109,1,"$87,148",0.2
FT00,11,D,21,15,D,0110,1,GS-15,I,XXXX,8,10,F,1,200109,1,"$90,793",5.1
FT00,11,E,21,,D,0110,1,ES-02,L,XXXX,2,50,F,1,200109,1,"$125,883",6.2
FT00,11,E,21,13,C,0110,1,GS-13,G,XXXX,8,15,F,1,200109,1,"$75,857",3.8
FT00,11,I,21,,E,0110,1,ES-06,M,XXXX,2,50,F,1,200109,1,"$133,700",10.3
FT00,11,I,21,15,I,0110,1,GM-15,K,XXXX,5,10,F,1,200109,1,"$114,224",34.0
FT00,11,D,21,15,D,0110,1,GS-15,I,XXXX,8,10,F,1,200109,1,"$96,651",7.1
FT00,11,D,21,15,D,0110,1,GS-15,I,XXXX,8,10,F,1,200109,1,"$90,793",5.1
FT00,11,E,21,14,B,0110,1,GS-14,I,XXXX,8,15,F,1,200109,1,"$97,108",1.1
FT00,11,E,21,15,E,0110,1,GS-15,J,XXXX,5,10,F,1,200109,1,"$102,508",11.1
FT00,11,J,21,15,H,0110,1,GS-15,K,XXXX,5,10,F,1,200109,1,"$111,295",26.0
FT00,11,I,21,15,H,0110,1,GM-15,K,XXXX,5,10,F,1,200109,1,"$114,224",29.0
FT00,11,D,21,13,B,0110,1,GS-13,F,XXXX,8,15,F,1,200109,1,"$65,319",2.1
FT00,06,K,18,13,J,0110,1,GS-13,H,XXXX,8,10,F,1,200109,1,"$87,212",38.9
FT00,11,C,21,12,A,0110,1,GS-12,F,XXXX,8,15,F,1,200109,1,"$69,099",0.1
FT00,11,I,21,15,H,0110,1,GM-15,K,XXXX,5,10,F,1,200109,1,"$114,224",26.0
FT00,11,H,21,15,G,0110,1,GS-15,K,XXXX,5,10,F,1,200109,1,"$114,224",22.6
FT00,11,F,17,14,E,0110,1,GS-14,H,XXXX,8,10,P,2,200109,1,"$82,168",11.1
FT00,11,D,21,15,C,0110,1,GS-15,H,XXXX,8,10,F,1,200109,1,"$87,864",4.2
FT00,11,G,21,15,G,0110,1,GS-15,J,XXXX,5,10,F,1,200109,1,"$102,508",22.0
FT00,11,J,22,15,G,0110,1,GM-15,K,XXXX,5,10,F,1,200109,1,"$114,224",23.1
FT00,11,H,22,15,E,0110,1,GS-15,J,XXXX,5,10,F,1,200109,1,"$105,437",13.5
FT00,11,F,21,15,E,0110,1,GS-15,J,XXXX,5,10,F,1,200109,1,"$105,437",10.9
FY00,11,F,17,,D,0110,1,TM-15,J,XXXX,8,10,F,1,200109,1,"$105,000",5.4
FY00,11,H,18,,H,0110,1,TM-15,M,XXXX,8,10,F,1,200109,1,"$132,565",25.2
FY00,11,D,21,,C,0110,1,TM-13,H,XXXX,8,15,F,1,200109,1,"$80,048",4.1
FY00,11,G,21,,B,0110,1,TM-14,J,XXXX,8,15,F,1,200109,1,"$100,001",2.4
FY00,11,F,17,,E,0110,1,TM-14,J,XXXX,8,15,F,1,200109,1,"$100,001",11.0
FY00,11,E,21,,C,0110,1,TM-13,G,XXXX,8,15,F,1,200109,1,"$74,001",3.1
FY00,11,G,21,,C,0110,1,TM-15,M,XXXX,8,10,F,1,200109,1,"$132,565",4.1
GB00,11,D,17,14,D,0110,1,GS-14,G,XXXX,8,15,F,1,200109,1,"$74,697",7.8
GB00,11,D,17,12,B,0110,1,GS-12,E,XXXX,8,15,P,2,200109,1,"$53,156",2.3
GB00,11,D,17,11,C,0110,1,GS-11,D,XXXX,8,15,F,1,200109,1,"$47,309",3.2
HE10,11,F,17,14,E,0110,1,GM-14,I,XXXX,5,10,P,2,200109,1,"$90,880",12.7
HE10,11,H,17,15,H,0110,1,GS-15,K,XXXX,2,10,F,1,200109,1,"$114,224",26.9
HE10,11,D,18,13,B,0110,1,GS-13,F,XXXX,8,15,F,1,200109,1,"$65,319",2.2
HE10,11,I,21,14,G,0110,1,GM-14,I,XXXX,5,10,F,1,200109,1,"$97,108",23.9
HE10,11,E,17,14,D,0110,1,GS-14,H,XXXX,8,10,F,1,200109,1,"$82,168",7.3
HE10,11,J,04,14,E,0110,1,GS-14,I,XXXX,8,10,F,1,200109,1,"$97,108",10.6
HE10,11,J,21,15,I,0110,1,GM-15,K,XXXX,5,10,F,1,200109,1,"$114,224",32.5
HE32,24,H,,,D,0110,1,EE-00,K,XXXX,8,48,I,2,200109,1,"$117,600",6.8
HE32,24,F,21,,D,0110,1,AD-00,H,XXXX,8,48,F,2,200109,1,"$87,148",9.3
HE32,24,H,21,14,F,0110,1,GS-14,I,XXXX,8,10,F,1,200109,1,"$97,108",16.0
HE32,24,E,21,,B,0110,1,AD-00,F,XXXX,8,48,F,2,200109,1,"$63,785",2.9
HE32,24,C,17,,B,0110,1,AD-00,F,XXXX,8,48,F,2,200109,1,"$63,785",1.2
HE32,24,F,19,,C,0110,1,AD-00,F,XXXX,8,48,F,2,200109,1,"$67,427",3.9
HE32,24,E,21,,C,0110,1,AD-00,F,XXXX,8,38,F,1,200109,1,"$63,211",4.2
HE32,24,D,21,,B,0110,1,AD-00,F,XXXX,8,48,F,2,200109,1,"$65,556",2.1
HE33,24,E,21,,D,0110,1,AD-00,I,XXXX,8,48,F,2,200109,1,"$94,997",8.9
HE33,24,F,21,14,D,0110,1,GS-14,I,XXXX,8,15,P,2,200109,1,"$97,108",9.8
HE33,24,J,,,D,0110,1,EI-00,G,XXXX,8,48,I,2,200109,1,"$78,200",6.8
HE33,24,F,21,15,D,0110,1,GS-15,J,XXXX,8,15,F,1,200109,1,"$108,366",8.1
HE33,24,F,21,14,E,0110,1,GS-14,I,XXXX,8,15,F,1,200109,1,"$97,108",11.9
HE33,24,I,22,,G,0110,1,RS-00,L,XXXX,2,48,F,2,200109,1,"$124,572",21.6
HE33,24,H,22,14,G,0110,1,GS-14,I,XXXX,8,10,P,2,200109,1,"$97,108",22.2
HE33,24,F,21,14,E,0110,1,GS-14,I,XXXX,8,15,F,1,200109,1,"$92,128",10.4
HE33,24,I,17,,D,0110,1,RS-00,M,XXXX,2,38,F,1,200109,1,"$135,161",6.5
HE33,24,D,21,,B,0110,1,AD-00,G,XXXX,8,48,F,2,200109,1,"$73,749",1.8
HE33,24,D,21,,B,0110,1,AD-00,G,XXXX,8,48,F,2,200109,1,"$73,744",1.1
HE33,24,F,13,14,E,0110,1,GS-14,I,XXXX,8,15,F,1,200109,1,"$92,128",10.3
HE33,24,H,21,14,G,0110,1,GS-14,G,XXXX,8,10,F,1,200109,1,"$79,678",21.5
HE33,24,I,21,15,H,0110,1,GS-15,K,XXXX,8,10,F,1,200109,1,"$114,224",28.3
HE33,24,F,21,,B,0110,1,AD-00,F,XXXX,8,48,F,2,200109,1,"$69,531",2.0
HE33,24,E,21,,B,0110,1,AD-00,H,XXXX,8,48,F,2,200109,1,"$87,143",1.8
HE33,24,I,,,D,0110,1,EI-00,G,XXXX,8,48,I,2,200109,1,"$78,200",6.8
HE33,24,D,21,14,D,0110,1,GS-14,H,XXXX,8,15,F,1,200109,1,"$84,658",6.0
HE33,24,I,21,,E,0110,1,RS-00,L,XXXX,2,38,F,1,200109,1,"$124,572",13.4
HE33,24,G,18,,D,0110,1,EE-00,H,XXXX,8,48,F,2,200109,1,"$83,480",7.7
HE33,24,E,,,C,0110,1,EE-00,H,XXXX,8,48,F,2,200109,1,"$80,078",4.1
HE34,24,K,17,13,G,0110,1,GS-13,H,XXXX,8,10,F,1,200109,1,"$82,180",23.9
HE34,24,I,22,14,G,0110,1,GS-14,I,XXXX,8,10,F,1,200109,1,"$97,108",21.9
HE34,24,E,**,13,E,0110,1,GS-13,F,XXXX,8,10,F,1,200109,1,"$69,534",12.1
HE34,11,F,,,D,0110,1,EI-00,Z,XXXX,8,48,I,2,200109,1,,6.8
HE36,24,G,21,14,E,0110,1,GS-14,H,XXXX,8,10,F,1,200109,1,"$84,658",11.8
HE36,24,H,13,14,H,0110,1,GS-14,H,XXXX,8,10,F,1,200109,1,"$87,148",26.8
HE36,24,E,21,,A,0110,1,AD-00,G,XXXX,8,48,F,2,200109,1,"$71,642",0.2
HE36,24,J,14,15,I,0110,1,GM-15,K,XXXX,2,10,F,1,200109,1,"$111,723",32.4
HE36,24,E,17,13,E,0110,1,GS-13,G,XXXX,8,10,F,1,200109,1,"$71,642",11.3
HE36,24,H,17,14,G,0110,1,GS-14,I,XXXX,2,10,F,1,200109,1,"$92,128",22.7
HE36,11,D,16,13,B,0110,1,GS-13,G,XXXX,8,15,F,1,200109,1,"$73,749",2.3
HE36,11,H,17,15,G,0110,1,GS-15,I,XXXX,2,10,F,1,200109,1,"$99,580",24.2
HE36,11,C,15,13,B,0110,1,GS-13,G,XXXX,8,15,F,1,200109,1,"$73,749",2.2
HE36,11,B,17,,A,0110,1,AD-00,D,XXXX,8,48,F,2,200109,1,"$44,352",0.3
HE36,11,C,16,,A,0110,1,AD-00,F,XXXX,8,48,F,2,200109,1,"$65,556",0.7
HE36,11,F,17,13,E,0110,1,GS-13,G,XXXX,8,10,F,1,200109,1,"$71,642",10.4
HE36,11,F,17,13,E,0110,1,GS-13,F,XXXX,8,10,F,1,200109,1,"$63,211",10.7
HE36,11,E,21,13,D,0110,1,GS-13,G,XXXX,8,10,F,1,200109,1,"$71,642",9.3
HE36,11,G,17,13,E,0110,1,GS-13,G,XXXX,8,10,F,1,200109,1,"$77,965",11.8
HE36,24,H,13,,C,0110,1,AD-00,E,XXXX,8,48,P,2,200109,1,"$53,156",3.4
HE36,11,H,21,14,D,0110,1,GS-14,H,XXXX,8,10,F,1,200109,1,"$82,168",6.3
HE36,24,G,21,13,E,0110,1,GS-13,G,XXXX,8,10,F,1,200109,1,"$73,749",14.1
HE36,11,H,04,07,I,0119,3,GS-07,C,XXXX,8,10,F,1,200109,1,"$36,957",33.8
HE36,11,D,04,,B,0110,1,AD-00,F,XXXX,8,48,F,2,200109,1,"$69,099",1.2
HE38,24,C,17,12,A,0110,1,GS-12,E,XXXX,8,20,F,2,200109,1,"$53,156",0.0
HE38,24,I,21,14,H,0110,1,GS-14,I,XXXX,8,10,F,1,200109,1,"$97,108",27.2
HE38,24,H,21,15,E,0110,1,GS-15,J,XXXX,8,10,F,1,200109,1,"$102,508",14.1
HE38,24,H,13,,D,0110,1,EI-00,E,XXXX,8,48,I,2,200109,1,"$52,175",6.8
HE38,24,F,21,,B,0110,1,AD-00,F,XXXX,8,48,F,2,200109,1,"$69,000",1.0
HE38,24,C,21,11,A,0110,1,GS-11,E,XXXX,8,15,F,1,200109,1,"$57,656",0.3
HE38,24,K,21,,D,0110,1,EI-00,E,XXXX,8,48,I,2,200109,1,"$52,175",6.8
HE38,24,H,21,,B,0110,1,AD-00,O,XXXX,2,48,F,2,200109,1,"$155,000",2.3
HE38,24,I,21,14,G,0110,1,GS-14,I,XXXX,8,10,F,1,200109,1,"$97,108",21.3
HE38,24,J,22,,D,0110,1,EI-00,E,XXXX,8,48,I,2,200109,1,"$52,175",6.8
HE38,24,H,21,14,E,0110,1,GS-14,H,XXXX,8,10,F,1,200109,1,"$82,168",12.8
HE38,24,H,21,,E,0110,1,AD-00,M,XXXX,2,48,F,2,200109,1,"$132,500",13.2
HE39,54,H,21,13,F,0110,1,GS-13,G,XXXX,8,10,F,1,200109,1,"$78,220",18.9
HE39,13,D,21,,A,0110,1,AD-00,E,XXXX,8,48,F,2,200109,1,"$54,145",0.0
HE39,13,G,21,13,C,0110,1,GS-13,G,XXXX,8,15,F,1,200109,1,"$72,699",4.1
HE39,13,G,18,13,E,0110,1,GS-13,G,XXXX,8,10,F,1,200109,1,"$74,777",11.8
HE39,13,E,22,,A,0110,1,AD-00,E,XXXX,8,48,F,2,200109,1,"$54,145",0.0
HE39,13,F,21,14,C,0110,1,GS-14,H,XXXX,8,15,F,1,200109,1,"$83,452",4.6
HE39,13,D,21,13,B,0110,1,GS-13,F,XXXX,8,15,F,1,200109,1,"$66,466",2.3
HE39,13,H,22,,B,0110,1,AD-00,E,XXXX,8,48,F,2,200109,1,"$54,145",1.2
HE39,13,D,21,,A,0110,1,AD-00,E,XXXX,8,48,F,2,200109,1,"$54,145",0.0
HE39,24,J,21,,H,0110,1,AD-00,L,XXXX,5,48,F,2,200109,1,"$126,225",28.8
HE39,13,D,21,,A,0110,1,AD-00,E,XXXX,8,48,F,2,200109,1,"$54,145",0.0
HE39,13,D,21,,A,0110,1,AD-00,E,XXXX,8,48,F,2,200109,1,"$54,145",0.0
HE39,13,F,21,,A,0110,1,AD-00,E,XXXX,8,48,F,2,200109,1,"$54,145",0.0
HE39,13,E,21,,A,0110,1,AD-00,E,XXXX,8,48,F,2,200109,1,"$54,145",0.0
HE39,13,E,21,,A,0110,1,AD-00,E,XXXX,8,48,F,2,200109,1,"$54,145",0.0
HE39,11,D,21,,B,0110,1,AD-00,E,XXXX,8,48,F,2,200109,1,"$54,928",1.2
HE39,13,F,22,13,B,0110,1,GS-13,F,XXXX,8,15,F,1,200109,1,"$66,466",2.7
HE39,13,D,21,13,C,0110,1,GS-13,G,XXXX,8,10,F,1,200109,1,"$70,621",3.2
HE39,13,D,21,,B,0110,1,AD-00,E,XXXX,8,48,F,2,200109,1,"$54,145",1.2
HE39,13,D,21,,A,0110,1,AD-00,E,XXXX,8,48,F,2,200109,1,"$54,145",0.0
HE39,13,D,21,,B,0110,1,AD-00,E,XXXX,8,48,F,2,200109,1,"$54,145",1.2
HE39,13,E,21,13,B,0110,1,GS-13,F,XXXX,8,15,F,1,200109,1,"$68,544",2.3
HE39,13,F,22,,A,0110,1,AD-00,E,XXXX,8,48,F,2,200109,1,"$54,145",0.0
HE39,13,D,21,,A,0110,1,AD-00,E,XXXX,8,48,F,2,200109,1,"$54,145",0.0
HE39,13,C,21,,C,0110,1,AD-00,F,XXXX,8,48,F,2,200109,1,"$62,311",3.2
HE39,39,F,22,,B,0110,1,AD-00,E,XXXX,8,48,F,2,200109,1,"$55,192",2.8
HE39,13,E,21,,B,0110,1,AD-00,E,XXXX,8,48,F,2,200109,1,"$54,145",1.2
HE39,13,F,21,,B,0110,1,AD-00,F,XXXX,8,48,F,2,200109,1,"$62,876",2.2
HE39,13,E,21,13,D,0110,1,GS-13,G,XXXX,8,15,F,1,200109,1,"$74,777",5.3
HE39,13,G,21,13,B,0110,1,GS-13,F,XXXX,8,15,F,1,200109,1,"$68,544",2.3
HE39,08,D,,,A,0110,1,AD-00,E,XXXX,8,48,F,2,200109,1,"$53,657",0.0
HE39,13,E,21,,B,0110,1,AD-00,F,XXXX,8,48,F,2,200109,1,"$68,544",2.2
HE39,13,E,22,,B,0110,1,AD-00,E,XXXX,8,48,F,2,200109,1,"$54,145",1.2
HE39,13,D,22,,A,0110,1,AD-00,E,XXXX,8,48,F,2,200109,1,"$54,145",0.0
HE39,13,D,22,,B,0110,1,AD-00,F,XXXX,8,48,F,2,200109,1,"$68,544",2.9
HE39,13,G,22,14,B,0110,1,GS-14,G,XXXX,2,15,F,1,200109,1,"$73,633",2.7
HE39,13,G,21,,B,0110,1,AD-00,E,XXXX,8,48,F,2,200109,1,"$54,145",1.2
HE39,13,F,22,13,C,0110,1,GS-13,G,XXXX,8,10,F,1,200109,1,"$70,621",4.8
HE39,13,E,22,13,B,0110,1,GS-13,F,XXXX,8,15,F,1,200109,1,"$66,466",2.3
HE39,13,E,17,13,B,0110,1,GS-13,F,XXXX,8,15,F,1,200109,1,"$62,311",1.0
HE39,13,E,21,,B,0110,1,AD-00,E,XXXX,8,48,F,2,200109,1,"$54,145",1.2
HE39,11,F,22,,C,0110,1,AD-00,F,XXXX,8,48,F,2,200109,1,"$65,319",3.2
HE39,13,D,21,,B,0110,1,AD-00,E,XXXX,8,48,F,2,200109,1,"$54,145",1.1
HE70,11,E,17,13,C,0110,1,GS-13,G,XXXX,8,10,P,2,200109,1,"$71,642",3.6
HE70,24,J,17,13,H,0110,1,GS-13,H,XXXX,8,10,F,1,200109,1,"$82,180",27.2
HE70,24,F,21,13,B,0110,1,GS-13,F,XXXX,8,15,F,1,200109,1,"$67,427",1.8
HE70,24,H,21,15,G,0110,1,GS-15,J,XXXX,8,10,F,1,200109,1,"$105,437",24.2
HE70,24,I,21,15,E,0110,1,GS-15,J,XXXX,2,10,F,1,200109,1,"$102,508",11.2
HE70,24,H,13,13,H,0110,1,GS-13,G,XXXX,8,10,F,1,200109,1,"$77,965",27.9
HE70,24,E,17,14,E,0110,1,GS-14,H,XXXX,8,10,F,1,200109,1,"$89,638",10.0
HE70,24,D,17,12,D,0110,1,GS-12,F,XXXX,8,10,F,1,200109,1,"$60,242",7.2
HE70,24,J,13,13,G,0110,1,GS-13,H,XXXX,8,10,F,1,200109,1,"$82,180",23.9
HE70,24,H,14,15,H,0110,1,GM-15,J,XXXX,2,10,F,1,200109,1,"$105,437",28.8
HE70,24,I,14,13,H,0110,1,GS-13,H,XXXX,8,10,F,1,200109,1,"$80,072",28.3
HE70,24,G,17,14,H,0110,1,GS-14,I,XXXX,8,10,F,1,200109,1,"$97,108",27.3
HE70,24,D,13,13,E,0110,1,GS-13,G,XXXX,8,10,P,2,200109,1,"$77,965",10.5
HE70,24,D,13,14,D,0110,1,GS-14,G,XXXX,2,10,F,1,200109,1,"$77,187",9.3
HE70,24,D,13,13,E,0110,1,GS-13,F,XXXX,8,15,F,1,200109,1,"$63,211",10.3
HE70,24,C,13,12,D,0110,1,GS-12,F,XXXX,8,10,F,1,200109,1,"$65,556",7.2
HE70,24,C,13,12,D,0110,1,GS-12,E,XXXX,8,10,F,1,200109,1,"$54,928",6.0
HE70,24,D,13,12,E,0110,1,GS-12,F,XXXX,8,10,F,1,200109,1,"$60,242",10.1
HE70,24,E,13,12,D,0110,1,GS-12,F,XXXX,8,10,F,1,200109,1,"$65,556",7.4
HE70,24,J,21,14,G,0110,1,GS-14,I,XXXX,8,10,F,1,200109,1,"$97,108",21.9
HE70,24,G,14,14,G,0110,1,GS-14,H,XXXX,8,10,F,1,200109,1,"$82,168",20.0
HE70,24,H,17,15,H,0110,1,GM-15,K,XXXX,2,10,F,1,200109,1,"$112,769",27.0
HE70,24,I,21,15,G,0110,1,GS-15,K,XXXX,8,10,F,1,200109,1,"$114,224",23.5
HE70,24,I,21,15,H,0110,1,GM-15,K,XXXX,2,10,F,1,200109,1,"$114,224",29.9
HE70,24,E,17,13,E,0110,1,GS-13,F,XXXX,8,10,F,1,200109,1,"$65,319",12.3
HE70,24,I,21,14,G,0110,1,GS-14,H,XXXX,6,10,F,1,200109,1,"$84,658",24.3
HE70,24,F,14,15,D,0110,1,GS-15,I,XXXX,8,15,F,1,200109,1,"$99,580",6.8
HU01,25,H,13,14,H,0110,1,GS-14,H,XXXX,2,10,F,1,200109,1,"$83,584",28.5
HU02,36,H,13,12,H,0110,1,GS-12,F,XXXX,8,10,F,1,200109,1,"$67,500",26.6
HU02,36,H,13,13,H,0110,1,GS-13,G,XXXX,8,10,F,1,200109,1,"$76,161",27.8
HU02,34,J,17,13,J,0110,1,GS-13,H,XXXX,8,10,F,1,200109,1,"$84,707",36.7
HU02,36,J,15,15,J,0110,1,GM-15,K,XXXX,5,10,F,1,200109,1,"$117,736",39.0
HU03,42,G,17,13,H,0110,1,GS-13,H,XXXX,8,10,F,1,200109,1,"$80,920",26.0
HU03,42,E,13,12,E,0110,1,GS-12,F,XXXX,8,10,F,1,200109,1,"$62,334",13.3
HU03,11,G,17,13,F,0110,1,GS-13,H,XXXX,8,10,F,1,200109,1,"$80,072",15.9
HU04,RQ,H,15,13,H,0110,1,GS-13,G,XXXX,8,10,F,1,200109,1,"$74,553",29.0
HU04,12,H,13,12,I,0110,1,GS-12,F,XXXX,8,10,F,1,200109,1,"$67,500",31.3
HU04,45,H,17,13,G,0110,1,GS-13,G,XXXX,8,10,F,1,200109,1,"$78,220",22.7
HU04,12,I,17,14,J,0110,1,GS-14,H,XXXX,2,10,F,1,200109,1,"$85,132",35.5
HU04,13,G,14,13,G,0110,1,GS-13,H,XXXX,8,10,F,1,200109,1,"$81,009",24.9
HU04,13,I,14,14,I,0110,1,GM-14,I,XXXX,2,10,F,1,200109,1,"$95,725",34.4
HU04,13,H,17,13,G,0110,1,GS-13,H,XXXX,8,10,F,1,200109,1,"$81,009",24.5
HU04,37,I,14,13,I,0110,1,GS-13,H,XXXX,8,10,F,1,200109,1,"$80,279",34.3
HU05,39,G,14,14,G,0110,1,GS-14,H,XXXX,2,10,F,1,200109,1,"$81,705",23.1
HU05,17,I,17,14,I,0110,1,GM-14,I,XXXX,2,10,F,1,200109,1,"$99,548",34.0
HU05,39,E,17,12,E,0110,1,GS-12,F,XXXX,8,10,F,1,200109,1,"$63,426",10.7
HU05,27,H,14,12,H,0110,1,GS-12,F,XXXX,8,10,F,1,200109,1,"$69,143",26.1
HU05,17,F,14,12,E,0110,1,GS-12,E,XXXX,8,10,F,1,200109,1,"$59,940",12.0
HU05,39,D,13,12,E,0110,1,GS-12,F,XXXX,8,10,F,1,200109,1,"$63,426",10.6
HU05,27,K,17,13,J,0110,1,GM-13,H,XXXX,2,10,F,1,200109,1,"$82,232",41.8
HU05,26,H,21,13,F,0110,1,GS-13,G,XXXX,8,10,F,1,200109,1,"$75,696",15.7
HU06,40,I,13,13,I,0110,1,GS-13,H,XXXX,8,10,F,1,200109,1,"$80,279",31.8
HU06,22,H,18,13,E,0110,1,GS-13,F,XXXX,8,10,F,1,200109,1,"$69,984",13.7
HU06,48,H,13,13,E,0110,1,GS-13,G,XXXX,8,10,F,1,200109,1,"$71,304",12.0
HU06,48,I,14,13,I,0110,1,GS-13,G,XXXX,8,10,F,1,200109,1,"$74,102",34.5
HU06,48,H,14,14,H,0110,1,GS-14,I,XXXX,2,10,F,1,200109,1,"$91,693",29.3
HU07,31,I,17,13,I,0110,1,GS-13,H,XXXX,8,10,F,1,200109,1,"$80,279",31.3
HU08,08,I,17,13,G,0110,1,GS-13,G,XXXX,8,10,F,1,200109,1,"$77,006",20.4
HU08,08,H,14,14,I,0110,1,GS-14,I,XXXX,2,10,F,1,200109,1,"$98,579",31.3
HU09,06,H,14,14,H,0110,1,GM-14,J,XXXX,2,10,F,1,200109,1,"$102,628",28.7
HU09,06,H,18,13,H,0110,1,GS-13,H,XXXX,8,10,F,1,200109,1,"$82,739",25.1
HU09,06,D,13,12,E,0110,1,GS-12,F,XXXX,8,10,F,1,200109,1,"$67,690",10.5
HU09,06,I,18,13,I,0110,1,GS-13,H,XXXX,8,10,F,1,200109,1,"$83,080",32.3
HU10,53,D,12,14,E,0110,1,GS-14,G,XXXX,2,10,F,1,200109,1,"$74,846",10.3
HU10,41,I,17,13,F,0110,1,GS-13,H,XXXX,8,10,F,1,200109,1,"$82,247",15.7
HUMM,11,I,17,14,I,0110,1,GS-14,I,XXXX,8,10,F,1,200109,1,"$97,108",30.0
HUOO,11,H,17,,F,0110,1,AD-00,P,XXXX,8,10,F,1,200109,1,"$164,821",18.1
HURR,11,D,22,13,B,0110,1,GS-13,F,XXXX,8,15,F,1,200109,1,"$65,319",1.6
HURR,11,I,21,14,G,0110,1,GS-14,I,XXXX,8,10,F,1,200109,1,"$97,108",24.3
HURR,11,J,17,14,G,0110,1,GM-14,I,XXXX,5,10,F,1,200109,1,"$97,108",23.3
HURR,11,I,18,15,I,0110,1,GS-15,K,XXXX,2,10,F,1,200109,1,"$114,224",31.4
HURR,11,G,21,14,F,0110,1,GS-14,G,XXXX,2,10,F,1,200109,1,"$74,697",17.9
HURR,11,H,21,14,E,0110,1,GS-14,H,XXXX,8,10,F,1,200109,1,"$87,148",10.5
HURR,11,E,21,13,B,0110,1,GS-13,F,XXXX,8,15,F,1,200109,1,"$65,319",1.5
HURR,11,G,17,13,C,0110,1,GS-13,G,XXXX,8,15,F,1,200109,1,"$75,857",3.8
HURR,11,G,21,14,E,0110,1,GS-14,H,XXXX,8,10,F,1,200109,1,"$89,638",12.9
HURR,11,E,17,14,E,0110,1,GS-14,H,XXXX,8,10,F,1,200109,1,"$84,658",14.0
HURR,11,F,17,14,E,0110,1,GS-14,H,XXXX,8,10,F,1,200109,1,"$84,658",10.7
HURR,11,H,15,15,F,0110,1,GS-15,I,XXXX,2,10,F,1,200109,1,"$99,580",15.4
HURR,11,I,18,,H,0110,1,ES-05,M,XXXX,2,50,F,1,200109,1,"$133,700",29.3
HURR,11,H,18,14,G,0110,1,GM-14,I,XXXX,5,10,P,2,200109,1,"$97,108",22.9
HURR,11,G,17,15,G,0110,1,GS-15,I,XXXX,2,10,F,1,200109,1,"$99,580",23.0
HURR,11,E,21,14,E,0110,1,GS-14,H,XXXX,8,10,F,1,200109,1,"$89,638",10.3
HURR,11,J,21,15,H,0110,1,GS-15,K,XXXX,8,10,F,1,200109,1,"$114,224",26.0
HURR,11,G,21,14,D,0110,1,GS-14,H,XXXX,8,10,F,1,200109,1,"$84,658",8.9
HURR,11,I,04,15,F,0110,1,GS-15,K,XXXX,8,10,F,1,200109,1,"$114,224",16.0
HURR,11,E,21,15,E,0110,1,GS-15,I,XXXX,2,10,F,1,200109,1,"$93,722",10.3
HURR,11,G,17,14,G,0110,1,GS-14,I,XXXX,8,10,F,1,200109,1,"$97,108",24.5
HURR,11,E,21,13,D,0110,1,GS-13,G,XXXX,8,15,F,1,200109,1,"$73,749",7.1
HURR,11,H,13,14,H,0110,1,GM-14,I,XXXX,5,10,F,1,200109,1,"$97,108",29.5
HURR,11,H,04,15,G,0110,1,GS-15,J,XXXX,8,10,F,1,200109,1,"$108,366",21.6
HUXX,11,G,20,13,B,0110,1,GS-13,F,XXXX,8,15,F,1,200109,1,"$69,534",2.6
HUXX,11,H,13,13,B,0110,1,GS-13,F,XXXX,8,15,F,1,200109,1,"$67,427",2.7
IN01,11,E,21,13,B,0110,1,GS-13,F,XXXX,8,15,F,1,200109,1,"$65,319",2.3
IN01,11,J,21,15,I,0110,1,GS-15,K,XXXX,8,10,F,1,200109,1,"$114,224",32.5
IN01,11,J,17,15,J,0110,1,GS-15,K,XXXX,8,10,F,1,200109,1,"$114,224",39.6
IN01,11,I,17,15,G,0110,1,GS-15,K,XXXX,8,10,F,1,200109,1,"$111,295",20.2
IN01,11,F,17,14,F,0110,1,GS-14,H,XXXX,8,10,F,1,200109,1,"$84,658",16.8
IN01,11,I,17,,I,0110,1,ES-04,M,XXXX,2,50,F,1,200109,1,"$133,700",31.1
IN05,30,G,17,13,E,0110,1,GS-13,F,XXXX,8,10,F,1,200109,1,"$67,926",11.6
IN05,11,H,17,14,G,0110,1,GS-14,I,XXXX,8,10,F,1,200109,1,"$97,108",22.9
IN05,08,I,17,12,H,0110,1,GS-12,F,XXXX,8,10,F,1,200109,1,"$68,347",25.0
IN05,51,K,17,13,I,0110,1,GS-13,H,XXXX,8,10,F,1,200109,1,"$82,180",31.0
IN05,08,I,18,12,H,0110,1,GS-12,G,XXXX,8,10,F,1,200109,1,"$70,146",29.9
IN05,30,H,13,12,G,0110,1,GS-12,F,XXXX,8,10,F,1,200109,1,"$67,500",21.3
IN05,32,J,14,12,I,0110,1,GS-12,F,XXXX,8,10,F,1,200109,1,"$67,500",33.7
IN05,08,H,18,14,H,0110,1,GS-14,I,XXXX,2,10,F,1,200109,1,"$90,996",29.6
IN05,56,F,17,12,E,0110,1,GS-12,E,XXXX,8,10,F,1,200109,1,"$58,848",14.3
IN05,56,I,17,13,H,0110,1,GS-13,H,XXXX,8,10,F,1,200109,1,"$80,279",25.3
IN05,41,H,17,14,H,0110,1,GM-14,I,XXXX,2,10,F,1,200109,1,"$97,188",27.2
IN05,16,H,18,12,H,0110,1,GS-12,F,XXXX,8,10,F,1,200109,1,"$67,500",28.5
IN05,41,E,13,12,E,0110,1,GS-12,E,XXXX,8,10,F,1,200109,1,"$58,518",12.6
IN05,32,H,17,13,H,0110,1,GS-13,G,XXXX,8,10,F,1,200109,1,"$76,161",26.0
IN07,11,I,18,14,H,0110,1,GS-14,I,XXXX,5,10,F,1,200109,1,"$94,618",28.9
IN07,08,F,17,13,E,0110,1,GS-13,F,XXXX,8,10,F,1,200109,1,"$68,448",14.5
IN07,32,E,17,12,E,0110,1,GS-12,E,XXXX,8,10,F,1,200109,1,"$58,848",14.3
IN07,08,D,17,11,C,0110,1,GS-11,D,XXXX,8,10,F,1,200109,1,"$48,025",3.8
IN07,08,G,17,13,G,0110,1,GS-13,F,XXXX,8,10,F,1,200109,1,"$68,448",20.9
IN07,08,G,21,13,E,0110,1,GS-13,G,XXXX,8,10,F,1,200109,1,"$70,588",13.1
IN07,06,H,17,12,G,0110,1,GS-12,F,XXXX,8,10,F,1,200109,1,"$67,633",22.5
IN07,30,G,17,12,H,0110,1,GS-12,F,XXXX,8,10,F,1,200109,1,"$62,309",25.8
IN07,08,H,17,12,F,0110,1,GS-12,F,XXXX,8,10,F,1,200109,1,"$62,953",16.5
IN07,06,E,17,11,C,0110,1,GS-11,D,XXXX,8,15,F,1,200109,1,"$44,553",3.0
IN07,04,G,13,12,H,0110,1,GS-12,G,XXXX,8,10,F,1,200109,1,"$71,464",25.9
IN07,49,G,17,13,F,0110,1,GS-13,G,XXXX,8,10,F,1,200109,1,"$72,043",19.8
IN07,08,H,17,14,H,0110,1,GS-14,I,XXXX,2,10,F,1,200109,1,"$93,524",25.4
IN07,08,H,21,12,D,0110,1,GS-12,E,XXXX,8,10,F,1,200109,1,"$59,356",7.6
IN07,16,D,17,09,B,0110,1,GS-09,C,XXXX,8,15,F,1,200109,1,"$37,001",2.6
IN07,08,H,17,12,E,0110,1,GS-12,F,XXXX,8,10,F,1,200109,1,"$61,154",12.9
IN07,32,G,17,13,G,0110,1,GS-13,H,XXXX,2,10,F,1,200109,1,"$80,279",21.7
IN07,38,H,13,13,I,0110,1,GM-13,G,XXXX,2,10,F,1,200109,1,"$78,658",31.2
IN07,16,I,18,12,I,0110,1,GS-12,F,XXXX,8,10,F,1,200109,1,"$67,500",32.8
IN07,30,I,21,13,G,0110,1,GS-13,H,XXXX,8,10,F,1,200109,1,"$80,279",23.2
IN07,06,J,14,12,J,0110,1,GS-12,F,XXXX,8,10,F,1,200109,1,"$69,412",36.0
IN07,08,F,17,13,F,0110,1,GS-13,G,XXXX,8,10,F,1,200109,1,"$77,006",16.1
IN07,06,E,13,12,E,0110,1,GS-12,E,XXXX,8,10,F,1,200109,1,"$56,956",13.0
IN07,08,F,21,12,D,0110,1,GS-12,E,XXXX,8,10,F,1,200109,1,"$59,356",6.9
IN07,08,F,17,13,F,0110,1,GS-13,G,XXXX,8,10,F,1,200109,1,"$72,727",15.8
IN07,32,K,21,13,F,0110,1,GS-13,G,XXXX,8,10,F,1,200109,1,"$78,220",16.0
IN07,08,D,17,12,D,0110,1,GS-12,E,XXXX,8,10,F,1,200109,1,"$59,356",9.1
IN07,06,E,14,12,E,0110,1,GS-12,F,XXXX,8,10,F,1,200109,1,"$62,294",13.9
IN07,08,H,17,13,F,0110,1,GS-13,G,XXXX,8,10,F,1,200109,1,"$74,867",18.9
IN07,06,H,13,09,F,0110,1,GS-09,D,XXXX,8,10,F,1,200109,1,"$42,957",15.1
IN07,06,I,17,12,G,0110,1,GS-12,F,XXXX,8,10,F,1,200109,1,"$69,412",24.1
IN07,16,G,13,12,G,0110,1,GS-12,F,XXXX,8,10,F,1,200109,1,"$62,309",22.8
IN07,49,C,13,09,A,0110,1,GS-09,C,XXXX,8,15,F,1,200109,1,"$35,808",0.3
IN08,51,H,13,14,H,0110,1,GS-14,I,XXXX,8,10,F,1,200109,1,"$92,128",29.4
IN08,06,H,14,15,H,0110,1,GS-15,L,XXXX,8,10,F,1,200109,1,"$121,218",28.7
IN08,51,D,17,11,D,0110,1,GS-11,E,XXXX,8,10,F,1,200109,1,"$56,178",5.2
IN08,51,I,21,15,H,0110,1,GS-15,K,XXXX,8,10,F,1,200109,1,"$114,224",28.2
IN08,51,D,14,11,D,0110,1,GS-11,E,XXXX,8,10,F,1,200109,1,"$53,221",6.8
IN08,51,H,21,15,H,0110,1,GS-15,K,XXXX,8,10,F,1,200109,1,"$114,224",29.0
IN08,51,H,18,14,C,0110,1,GS-14,H,XXXX,4,15,F,1,200109,1,"$82,168",4.8
IN08,51,G,21,13,E,0110,1,GS-13,G,XXXX,8,10,F,1,200109,1,"$75,857",10.7
IN08,51,I,17,14,J,0110,1,GS-14,I,XXXX,8,10,F,1,200109,1,"$92,128",37.1
IN08,08,J,21,13,E,0110,1,GS-13,F,XXXX,8,10,F,1,200109,1,"$69,984",14.8
IN08,51,J,17,13,G,0110,1,GS-13,H,XXXX,8,10,F,1,200109,1,"$82,180",21.3
IN08,08,G,15,13,C,0110,1,GS-13,F,XXXX,8,20,I,2,200109,1,"$64,169",3.9
IN08,08,J,18,13,I,0110,1,GS-13,H,XXXX,8,10,F,1,200109,1,"$80,279",33.0
IN08,51,G,17,15,G,0110,1,GS-15,K,XXXX,8,10,F,1,200109,1,"$114,224",21.7
IN10,08,G,21,13,E,0110,1,GS-13,F,XXXX,8,10,F,1,200109,1,"$67,926",12.9
IN15,51,I,21,14,H,0110,1,GS-14,I,XXXX,2,10,F,1,200109,1,"$97,108",28.8
IN15,51,D,13,12,B,0110,1,GS-12,E,XXXX,8,15,F,1,200109,1,"$53,156",2.8
IN15,51,E,17,13,B,0110,1,GS-13,G,XXXX,8,15,F,1,200109,1,"$71,642",1.5
IN15,51,I,21,14,H,0110,1,GS-14,I,XXXX,8,10,F,1,200109,1,"$97,108",29.0
IN15,51,G,17,13,F,0110,1,GS-13,H,XXXX,8,10,F,1,200109,1,"$80,072",16.0
IN15,51,H,21,14,E,0110,1,GS-14,G,XXXX,8,10,F,1,200109,1,"$77,187",12.9
IN15,51,J,13,14,J,0110,1,GM-14,I,XXXX,2,10,F,1,200109,1,"$94,629",37.3
IN22,11,I,21,12,F,0110,1,GS-12,E,XXXX,8,10,F,1,200109,1,"$58,470",16.2
IN22,11,H,17,14,G,0110,1,GS-14,H,XXXX,8,10,F,1,200109,1,"$89,638",23.3
IN23,51,G,17,14,G,0110,1,GM-14,I,XXXX,5,10,F,1,200109,1,"$92,128",23.8
IN23,51,I,21,15,H,0110,1,GS-15,K,XXXX,2,10,F,1,200109,1,"$114,224",29.3
IN23,51,H,17,14,G,0110,1,GM-14,I,XXXX,5,10,F,1,200109,1,"$97,108",24.5
IN23,51,C,17,09,A,0110,1,GS-09,C,XXXX,8,15,F,1,200109,1,"$36,656",0.9
IN23,08,F,17,13,E,0110,1,GS-13,G,XXXX,8,10,F,1,200109,1,"$70,588",10.8
IN23,51,J,21,14,H,0110,1,GS-14,I,XXXX,8,10,F,1,200109,1,"$97,108",29.2
IN23,51,H,21,14,G,0110,1,GS-14,H,XXXX,8,10,F,1,200109,1,"$82,168",21.2
IN23,08,G,13,12,G,0110,1,GS-12,G,XXXX,8,10,F,1,200109,1,"$70,146",23.3
IN23,22,E,17,12,D,0110,1,GS-12,E,XXXX,8,10,F,1,200109,1,"$55,387",6.1
IN23,51,H,21,14,G,0110,1,GS-14,I,XXXX,8,10,F,1,200109,1,"$97,108",20.3
IN23,22,G,18,13,G,0110,1,GS-13,G,XXXX,8,10,F,1,200109,1,"$76,161",20.1
IN23,11,J,21,14,H,0110,1,GM-14,I,XXXX,5,10,F,1,200109,1,"$94,628",29.9
IN23,08,D,13,13,D,0110,1,GS-13,F,XXXX,8,10,F,1,200109,1,"$68,448",8.5
IN23,51,F,21,13,C,0110,1,GS-13,F,XXXX,8,10,F,1,200109,1,"$65,319",4.1
MC00,11,F,17,13,F,0110,1,GS-13,G,XXXX,8,10,F,1,200109,1,"$75,857",16.0
MC00,11,B,13,11,B,0110,1,GS-11,D,XXXX,8,15,F,1,200109,1,"$44,352",2.2
MC00,11,E,13,14,F,0110,1,GS-14,H,XXXX,2,15,F,1,200109,1,"$82,168",18.1
MC00,11,F,13,13,F,0110,1,GS-13,G,XXXX,8,10,F,1,200109,1,"$75,857",15.0
MC00,11,E,17,13,C,0110,1,GS-13,F,XXXX,8,15,F,1,200109,1,"$67,427",4.5
MC00,11,J,17,13,E,0110,1,GS-13,G,XXXX,8,10,F,1,200109,1,"$73,749",12.1
NF00,51,G,17,15,F,0110,1,GS-15,J,XXXX,2,10,F,1,200109,1,"$102,508",19.3
NF00,51,F,21,14,E,0110,1,GS-14,H,XXXX,8,10,F,1,200109,1,"$89,638",13.6
NF00,51,F,21,,B,0110,1,AD-00,J,XXXX,8,48,F,2,200109,1,"$104,939",1.1
NF00,51,H,17,,G,0110,1,AD-00,I,XXXX,8,38,F,1,200109,1,"$93,762",22.8
NF00,51,F,13,14,G,0110,1,GS-14,I,XXXX,8,10,F,1,200109,1,"$92,128",22.3
NF00,51,J,18,,H,0110,1,AD-00,I,XXXX,8,38,F,1,200109,1,"$99,578",27.3
NF00,51,I,21,,G,0110,1,AD-00,K,XXXX,8,38,F,1,200109,1,"$116,414",22.9
NF00,51,H,22,14,F,0110,1,GS-14,H,XXXX,8,10,F,1,200109,1,"$89,638",19.3
NF00,51,I,21,,H,0110,1,AD-00,K,XXXX,4,38,F,1,200109,1,"$116,414",29.8
NF00,51,G,13,14,H,0110,1,GS-14,H,XXXX,8,10,F,1,200109,1,"$89,638",25.8
NF00,51,I,21,15,H,0110,1,GS-15,K,XXXX,8,10,F,1,200109,1,"$114,224",29.4
NF00,51,G,17,,E,0110,1,AD-00,K,XXXX,2,38,F,1,200109,1,"$116,414",14.2
NF00,51,G,17,14,H,0110,1,GS-14,H,XXXX,8,10,F,1,200109,1,"$89,638",26.8
NF00,51,F,21,,A,0110,1,AD-00,K,XXXX,8,48,F,2,200109,1,"$116,414",0.1
NF00,51,E,18,,D,0110,1,AD-00,I,XXXX,8,38,I,2,200109,1,"$99,578",8.2
NF00,51,E,17,13,D,0110,1,GS-13,G,XXXX,8,10,F,1,200109,1,"$71,642",9.8
NF00,51,E,18,13,D,0110,1,GS-13,F,XXXX,8,10,F,1,200109,1,"$63,211",6.3
NU00,24,I,21,15,H,0110,1,GG-15,K,XXXX,8,38,F,1,200109,1,"$114,224",27.3
NU00,24,I,21,14,G,0110,1,GG-14,I,XXXX,8,38,F,1,200109,1,"$97,108",24.2
NU00,24,I,17,14,G,0110,1,GG-14,I,XXXX,8,38,F,1,200109,1,"$97,108",21.8
NV11,15,H,21,15,G,0110,1,GS-15,I,XXXX,5,10,F,1,200109,1,"$90,338",21.3
NV11,06,I,17,11,G,0110,1,GS-11,F,XXXX,8,10,P,2,200109,1,"$61,186",22.7
NV19,12,H,22,13,H,0110,1,GS-13,H,XXXX,8,10,F,1,200109,1,"$80,301",28.0
NV19,12,E,13,12,F,0110,1,GS-12,F,XXXX,8,10,F,1,200109,1,"$60,595",17.0
NV22,47,E,21,14,C,0110,1,GS-14,G,XXXX,8,10,F,1,200109,1,"$75,402",4.0
NV22,51,H,17,15,G,0110,1,GM-15,K,XXXX,2,10,F,1,200109,1,"$114,224",20.2
NV24,11,E,13,13,E,0110,1,GS-13,G,XXXX,8,10,F,1,200109,1,"$71,642",12.0
NV24,24,H,21,,G,0110,1,NT-05,H,XXXX,2,10,F,1,200109,1,"$80,290",21.0
NV25,11,I,13,13,E,0110,1,GS-13,F,XXXX,8,10,F,1,200109,1,"$65,319",10.1
NV41,51,B,13,07,A,0110,1,GS-07,C,XXXX,8,15,F,1,200109,1,"$38,954",0.7
NV41,51,E,21,13,C,0110,1,GS-13,F,XXXX,5,10,F,1,200109,1,"$67,427",3.9
QQ00,11,F,15,,B,0110,1,ES-02,L,XXXX,2,50,F,1,200109,1,"$125,883",2.7
RR00,17,F,13,12,F,0110,1,GS-12,F,XXXX,8,10,F,1,200109,1,"$65,387",18.3
RR00,17,F,13,12,F,0110,1,GS-12,F,XXXX,8,10,F,1,200109,1,"$61,756",16.2
RR00,17,D,13,12,E,0110,1,GS-12,E,XXXX,8,10,F,1,200109,1,"$59,940",10.2
SB00,11,I,04,14,I,0110,1,GS-14,I,XXXX,8,10,F,1,200109,1,"$97,108",33.2
SB00,11,H,17,14,H,0110,1,GS-14,I,XXXX,8,10,F,1,200109,1,"$97,108",28.2
SB00,11,F,,,D,0110,1,AD-00,J,XXXX,8,48,F,2,200109,1,"$105,437",8.8
SB00,11,D,,,B,0110,1,AD-00,D,XXXX,8,48,F,2,200109,1,"$44,352",2.8
SB00,11,H,,,B,0110,1,AD-00,G,XXXX,8,48,F,2,200109,1,"$75,857",1.0
SB00,11,J,21,14,G,0110,1,GS-14,I,XXXX,8,10,F,1,200109,1,"$97,108",24.3
SB00,11,G,18,15,H,0110,1,GM-15,K,XXXX,2,10,F,1,200109,1,"$111,306",27.0
SB00,11,E,,,A,0110,1,AD-00,F,XXXX,8,48,F,2,200109,1,"$69,099",0.2
SE00,11,K,18,,I,0110,1,EZ-02,I,XXXX,8,10,F,1,200109,1,"$92,595",31.8
SE00,11,D,21,,A,0110,1,EZ-03,J,XXXX,8,15,F,1,200109,1,"$100,234",0.2
SE00,11,H,13,,H,0110,1,EZ-03,J,XXXX,8,10,F,1,200109,1,"$100,234",26.7
SE00,11,E,21,,D,0110,1,EZ-01,H,XXXX,8,15,F,1,200109,1,"$84,958",7.2
SE00,11,E,21,,B,0110,1,EZ-05,K,XXXX,8,15,F,1,200109,1,"$115,510",1.2
SE00,11,E,17,,D,0110,1,EZ-01,H,XXXX,8,10,F,1,200109,1,"$84,958",8.9
SE00,11,G,17,,F,0110,1,EZ-01,H,XXXX,8,10,F,1,200109,1,"$84,958",17.8
SE00,11,D,18,,B,0110,1,EZ-02,I,XXXX,8,15,F,1,200109,1,"$92,595",1.1
SE00,11,E,21,,B,0110,1,EZ-03,J,XXXX,8,15,F,1,200109,1,"$100,234",2.3
SE00,11,H,14,,I,0110,1,EZ-01,H,XXXX,8,10,F,1,200109,1,"$84,958",30.3
SE00,11,G,17,,H,0110,1,EZ-03,J,XXXX,8,10,F,1,200109,1,"$100,234",27.4
SE00,11,E,21,,E,0110,1,EZ-02,I,XXXX,8,10,F,1,200109,1,"$92,595",11.0
SE00,11,E,21,,B,0110,1,EZ-05,K,XXXX,8,15,F,1,200109,1,"$115,510",1.2
SE00,11,I,21,,G,0110,1,EZ-03,J,XXXX,8,10,F,1,200109,1,"$100,234",22.6
SE00,11,D,21,,C,0110,1,EZ-03,J,XXXX,8,10,F,1,200109,1,"$100,234",4.3
SE00,11,I,17,,I,0110,1,EZ-06,L,XXXX,2,10,F,1,200109,1,"$123,148",33.6
SE00,11,D,18,,B,0110,1,EZ-02,I,XXXX,8,15,F,1,200109,1,"$92,595",1.0
SE00,11,I,21,,C,0110,1,EZ-07,M,XXXX,8,15,F,1,200109,1,"$130,786",3.7
SE00,11,G,17,,G,0110,1,EZ-03,J,XXXX,8,10,F,1,200109,1,"$100,234",22.0
SK00,24,J,18,,H,0110,1,ES-04,M,XXXX,2,50,F,1,200109,1,"$133,700",28.6
SK00,24,H,18,14,F,0110,1,GS-14,H,XXXX,8,10,F,1,200109,1,"$87,148",19.3
SK00,24,G,17,14,H,0110,1,GS-14,I,XXXX,8,10,F,1,200109,1,"$97,108",26.9
SK00,24,H,17,14,H,0110,1,GS-14,I,XXXX,8,10,F,1,200109,1,"$97,108",25.4
SK00,24,F,17,13,G,0110,1,GS-13,G,XXXX,8,10,F,1,200109,1,"$71,642",22.5
SK00,24,F,18,13,E,0110,1,GS-13,G,XXXX,8,10,F,1,200109,1,"$73,749",14.1
SK00,24,H,17,14,H,0110,1,GS-14,I,XXXX,8,10,F,1,200109,1,"$97,108",25.9
SK00,24,H,14,14,I,0110,1,GS-14,I,XXXX,8,10,F,1,200109,1,"$92,128",33.1
SK00,24,H,21,15,G,0110,1,GS-15,J,XXXX,2,10,F,1,200109,1,"$102,508",22.9
ST00,GR,G,17,,G,0110,1,FO-01,J,XXXX,2,38,F,1,200109,1,"$100,974",23.7
ST00,FR,H,21,,F,0110,1,FO-02,H,XXXX,8,38,F,1,200109,1,"$84,273",16.2
ST00,11,E,13,,E,0110,1,FO-02,H,XXXX,8,38,F,1,200109,1,"$80,131",11.7
ST00,QA,C,17,,C,0110,1,FO-04,D,XXXX,8,38,F,1,200109,1,"$44,990",4.0
ST00,BE,D,13,,E,0110,1,FO-04,D,XXXX,8,38,F,1,200109,1,"$46,339",10.8
ST00,11,G,21,,D,0110,1,FO-03,F,XXXX,8,38,F,1,200109,1,"$63,038",8.9
ST00,KS,H,17,,E,0110,1,FO-02,G,XXXX,2,38,F,1,200109,1,"$77,121",12.8
ST00,CA,G,13,,E,0110,1,FO-03,F,XXXX,8,38,F,1,200109,1,"$60,671",11.3
ST00,11,F,13,,F,0110,1,FO-02,H,XXXX,8,38,F,1,200109,1,"$87,561",15.0
ST00,IT,G,17,,E,0110,1,FO-03,F,XXXX,8,38,F,1,200109,1,"$66,296",11.2
ST00,TH,G,21,,F,0110,1,FO-01,J,XXXX,2,38,F,1,200109,1,"$103,623",16.7
ST00,11,H,17,,H,0110,1,FO-01,K,XXXX,2,38,F,1,200109,1,"$114,224",27.3
ST00,11,E,17,,E,0110,1,FO-02,I,XXXX,8,38,F,1,200109,1,"$90,188",13.7
ST00,11,H,04,,G,0110,1,FO-01,K,XXXX,8,38,F,1,200109,1,"$114,224",23.8
ST00,FR,G,17,,F,0110,1,FO-02,G,XXXX,8,38,F,1,200109,1,"$77,121",16.4
ST00,SF,G,21,,F,0110,1,FO-02,H,XXXX,8,38,F,1,200109,1,"$81,818",18.8
ST00,DR,G,15,,E,0110,1,FO-02,G,XXXX,8,38,F,1,200109,1,"$77,121",13.1
ST00,BE,H,18,,F,0110,1,FO-03,E,XXXX,8,38,F,1,200109,1,"$57,188",15.5
ST00,11,F,17,,F,0110,1,FO-02,I,XXXX,8,38,F,1,200109,1,"$98,551",17.2
ST00,ES,F,17,,F,0110,1,FO-01,H,XXXX,2,38,F,1,200109,1,"$84,564",16.3
ST00,JM,E,17,,E,0110,1,FO-02,F,XXXX,2,38,F,1,200109,1,"$68,521",11.8
ST00,11,G,17,,F,0110,1,FO-02,I,XXXX,8,38,F,1,200109,1,"$90,188",19.6
ST00,RP,C,17,,B,0110,1,FP-04,E,XXXX,8,48,F,2,200109,1,"$52,155",2.6
ST00,CE,F,04,,D,0110,1,FP-04,D,XXXX,8,48,F,2,200109,1,"$47,729",7.1
ST00,CB,E,13,,D,0110,1,FP-04,E,XXXX,8,48,F,2,200109,1,"$53,720",7.2
ST00,CH,H,21,,F,0110,1,FO-01,I,XXXX,2,38,F,1,200109,1,"$98,033",17.1
ST00,GH,D,13,,F,0110,1,FP-04,D,XXXX,8,48,F,2,200109,1,"$42,407",15.9
ST00,CH,D,04,,C,0110,1,FP-04,E,XXXX,8,48,F,2,200109,1,"$50,636",3.0
ST00,AM,D,15,,B,0110,1,FP-05,D,XXXX,8,48,F,2,200109,1,"$43,529",2.0
ST00,PM,F,17,,F,0110,1,FO-02,H,XXXX,8,38,F,1,200109,1,"$86,801",16.4
ST00,ZI,G,18,,D,0110,1,FO-03,E,XXXX,8,38,F,1,200109,1,"$57,188",8.9
ST00,MI,D,17,,D,0110,1,FO-03,E,XXXX,8,38,F,1,200109,1,"$57,188",8.9
ST00,11,D,13,,D,0110,1,FO-03,E,XXXX,8,38,F,1,200109,1,"$57,689",6.5
ST00,11,H,17,,H,0110,1,FO-02,I,XXXX,8,38,F,1,200109,1,"$92,894",26.9
ST00,DR,F,18,,F,0110,1,FO-01,H,XXXX,2,38,F,1,200109,1,"$84,564",15.0
ST00,JA,D,04,,B,0110,1,FP-05,C,XXXX,8,48,F,2,200109,1,"$35,393",2.7
ST00,KS,D,04,,A,0110,1,FP-05,C,XXXX,8,48,F,2,200109,1,"$34,362",0.4
ST00,IT,E,17,,E,0110,1,FO-02,G,XXXX,8,38,F,1,200109,1,"$70,577",11.3
ST00,FR,G,15,,F,0110,1,FO-03,G,XXXX,8,38,F,1,200109,1,"$70,334",16.3
ST00,NZ,F,17,,F,0110,1,FO-01,I,XXXX,8,38,F,1,200109,1,"$95,178",18.3
ST00,FI,G,17,,F,0110,1,FO-02,I,XXXX,8,38,F,1,200109,1,"$94,850",18.7
ST00,CG,D,04,,B,0110,1,FP-05,C,XXXX,8,48,F,2,200109,1,"$35,393",2.7
ST00,BR,G,04,,E,0110,1,FO-04,F,XXXX,8,38,F,1,200109,1,"$62,276",14.5
ST00,HO,F,17,,E,0110,1,FO-02,H,XXXX,2,38,F,1,200109,1,"$89,405",14.3
ST00,CH,C,04,,C,0110,1,FP-04,D,XXXX,8,48,F,2,200109,1,"$42,407",4.3
ST00,11,G,17,,F,0110,1,FO-02,I,XXXX,8,38,F,1,200109,1,"$90,188",17.3
ST00,IS,D,13,,D,0110,1,FO-03,E,XXXX,8,38,F,1,200109,1,"$57,188",9.7
ST00,11,D,13,,E,0110,1,FO-02,H,XXXX,8,38,F,1,200109,1,"$82,535",10.9
ST00,ID,D,13,,E,0110,1,FO-03,E,XXXX,8,38,F,1,200109,1,"$53,905",10.0
ST00,11,G,17,,F,0110,1,FO-02,I,XXXX,8,38,F,1,200109,1,"$90,188",15.9
ST00,CB,E,13,,E,0110,1,FO-02,G,XXXX,8,38,F,1,200109,1,"$70,577",11.3
ST00,CH,D,04,,D,0110,1,FP-04,D,XXXX,8,48,F,2,200109,1,"$42,407",8.3
ST00,SP,F,13,,G,0110,1,FO-01,J,XXXX,2,38,F,1,200109,1,"$100,974",20.5
ST00,NO,F,17,,D,0110,1,FP-04,E,XXXX,8,48,F,2,200109,1,"$53,720",9.5
ST00,11,I,17,,F,0110,1,FO-03,G,XXXX,8,38,F,1,200109,1,"$73,078",17.5
ST00,HA,D,17,,C,0110,1,FP-04,D,XXXX,8,48,F,2,200109,1,"$46,339",3.3
ST00,NO,C,13,,C,0110,1,FP-04,D,XXXX,8,48,F,2,200109,1,"$43,679",3.2
ST00,11,H,17,,H,0110,1,FO-02,J,XXXX,2,38,F,1,200109,1,"$101,508",26.2
ST00,UP,H,17,,F,0110,1,FO-02,H,XXXX,8,38,F,1,200109,1,"$81,818",15.6
ST00,36,I,14,,G,0110,1,FO-01,J,XXXX,2,38,F,1,200109,1,"$104,992",23.6
ST00,11,H,17,,E,0110,1,FO-01,J,XXXX,2,38,F,1,200109,1,"$104,915",14.6
ST00,11,E,17,,D,0110,1,FO-03,F,XXXX,8,38,F,1,200109,1,"$64,930",9.5
ST00,11,F,13,,G,0110,1,FO-01,J,XXXX,2,38,F,1,200109,1,"$101,859",21.4
ST00,JA,F,13,,E,0110,1,FO-02,G,XXXX,8,38,F,1,200109,1,"$70,577",14.4
ST00,IS,G,17,,F,0110,1,FO-01,H,XXXX,8,38,F,1,200109,1,"$89,714",16.5
ST00,ID,F,13,,E,0110,1,FO-03,G,XXXX,8,38,F,1,200109,1,"$70,334",13.1
ST00,VE,H,17,,F,0110,1,FP-04,E,XXXX,8,48,F,2,200109,1,"$53,720",19.3
ST00,11,D,15,,C,0110,1,FP-04,D,XXXX,8,48,F,2,200109,1,"$48,147",3.0
ST00,ET,D,14,,D,0110,1,FP-04,D,XXXX,8,48,F,2,200109,1,"$47,729",6.8
ST00,11,K,21,15,I,0110,1,GS-15,K,XXXX,8,10,F,1,200109,1,"$114,224",31.0
ST00,TU,E,14,,E,0110,1,FO-03,G,XXXX,8,38,F,1,200109,1,"$76,856",11.2
ST00,JA,F,13,,E,0110,1,FO-03,F,XXXX,8,38,F,1,200109,1,"$64,365",11.5
ST00,SP,E,21,,D,0110,1,FP-03,E,XXXX,8,38,F,1,200109,1,"$57,188",8.7
ST00,VE,I,21,,H,0110,1,FE-OC,K,XXXX,2,38,F,1,200109,1,"$114,200",26.3
ST00,PK,D,04,,D,0110,1,FP-04,D,XXXX,8,48,F,2,200109,1,"$42,407",5.3
ST00,PL,F,17,,E,0110,1,FO-02,H,XXXX,8,38,F,1,200109,1,"$86,801",13.8
ST00,BK,D,04,,E,0110,1,FP-05,C,XXXX,8,48,F,2,200109,1,"$35,393",11.5
ST00,AL,F,17,,D,0110,1,FP-03,E,XXXX,8,48,F,2,200109,1,"$52,335",5.2
ST00,DA,F,13,,G,0110,1,FO-02,H,XXXX,8,38,F,1,200109,1,"$89,405",21.0
ST00,11,H,17,,F,0110,1,FO-02,H,XXXX,2,38,F,1,200109,1,"$87,561",17.3
ST00,BK,F,04,,E,0110,1,FP-04,D,XXXX,8,48,F,2,200109,1,"$44,990",11.8
ST00,HK,G,17,,G,0110,1,FO-01,J,XXXX,2,38,F,1,200109,1,"$103,623",22.1
ST00,GM,F,17,,F,0110,1,FO-01,H,XXXX,2,38,F,1,200109,1,"$87,101",15.7
ST00,11,H,14,,I,0110,1,FO-01,K,XXXX,2,38,F,1,200109,1,"$114,224",31.7
ST00,SN,D,14,,C,0110,1,FP-04,D,XXXX,8,38,F,1,200109,1,"$46,339",4.0
ST00,UK,F,17,,E,0110,1,FO-02,G,XXXX,8,38,F,1,200109,1,"$72,694",13.3
ST00,11,G,15,,H,0110,1,FO-01,K,XXXX,2,38,F,1,200109,1,"$114,224",25.3
ST00,NL,D,17,,C,0110,1,FO-04,D,XXXX,8,38,F,1,200109,1,"$46,339",4.7
ST00,11,I,21,,I,0110,1,FO-03,G,XXXX,8,38,F,1,200109,1,"$79,855",33.9
ST00,11,G,17,14,F,0110,1,GS-14,G,XXXX,8,10,F,1,200109,1,"$79,678",16.1
ST00,FR,I,15,,G,0110,1,FO-01,J,XXXX,2,38,F,1,200109,1,"$103,623",20.4
ST00,CA,F,21,,E,0110,1,FO-02,G,XXXX,8,38,F,1,200109,1,"$74,875",14.3
ST00,TU,F,17,,F,0110,1,FO-01,H,XXXX,8,38,F,1,200109,1,"$82,101",15.0
ST00,11,H,17,,G,0110,1,FO-03,G,XXXX,8,38,F,1,200109,1,"$75,271",21.3
ST00,11,H,21,,G,0110,1,FO-01,K,XXXX,2,38,F,1,200109,1,"$114,224",22.0
ST00,MU,G,17,,E,0110,1,FO-03,F,XXXX,8,38,F,1,200109,1,"$66,296",10.3
ST00,AE,E,14,,E,0110,1,FO-02,G,XXXX,8,38,F,1,200109,1,"$74,875",13.4
ST00,NG,F,17,,E,0110,1,FO-03,F,XXXX,8,38,F,1,200109,1,"$64,365",13.7
ST00,BB,H,21,,D,0110,1,FO-03,F,XXXX,8,38,F,1,200109,1,"$64,365",8.9
ST00,11,G,17,,G,0110,1,FO-01,K,XXXX,8,38,F,1,200109,1,"$111,304",20.7
ST00,BE,E,17,,E,0110,1,FO-02,G,XXXX,8,38,F,1,200109,1,"$70,577",14.0
ST00,EG,F,17,,F,0110,1,FO-02,G,XXXX,8,38,F,1,200109,1,"$79,435",18.8
ST00,IN,C,04,,C,0110,1,FP-05,C,XXXX,8,48,F,2,200109,1,"$36,455",4.9
ST00,BM,E,13,,F,0110,1,FO-03,F,XXXX,8,38,F,1,200109,1,"$66,296",18.8
ST00,11,F,13,,F,0110,1,FO-02,H,XXXX,8,38,F,1,200109,1,"$82,535",15.5
ST00,JA,J,17,,C,0110,1,FP-04,E,XXXX,8,48,F,2,200109,1,"$55,332",4.3
ST00,11,E,13,,E,0110,1,FO-03,F,XXXX,8,38,F,1,200109,1,"$64,930",12.9
ST00,11,E,15,,E,0110,1,FO-02,G,XXXX,8,38,F,1,200109,1,"$75,531",11.2
ST00,JO,F,17,,E,0110,1,FO-02,H,XXXX,8,38,F,1,200109,1,"$84,273",14.4
ST00,EG,E,17,,E,0110,1,FO-02,G,XXXX,8,38,F,1,200109,1,"$70,577",10.5
ST00,CH,D,17,,D,0110,1,FP-04,E,XXXX,8,48,F,2,200109,1,"$56,991",9.8
ST00,RP,E,13,,D,0110,1,FO-03,E,XXXX,8,38,F,1,200109,1,"$55,522",8.5
ST00,UP,C,17,,B,0110,1,FP-05,C,XXXX,8,48,F,2,200109,1,"$39,835",1.2
ST00,EG,E,13,,E,0110,1,FP-04,D,XXXX,8,48,F,2,200109,1,"$42,407",13.9
ST00,11,F,17,,F,0110,1,FO-01,J,XXXX,2,38,F,1,200109,1,"$101,859",16.1
ST00,FR,G,13,,H,0110,1,FE-MC,L,XXXX,2,38,F,1,200109,1,"$125,500",27.0
ST00,JA,H,17,,H,0110,1,FE-OC,K,XXXX,2,38,F,1,200109,1,"$119,400",28.4
ST00,JO,E,13,,E,0110,1,FP-04,E,XXXX,8,38,F,1,200109,1,"$50,636",14.4
ST00,AR,F,17,,E,0110,1,FO-03,E,XXXX,8,38,F,1,200109,1,"$58,904",10.9
ST00,ES,E,17,,F,0110,1,FO-03,F,XXXX,8,38,F,1,200109,1,"$60,671",15.3
ST00,FR,G,17,,G,0110,1,FO-01,J,XXXX,2,38,F,1,200109,1,"$103,623",21.5
ST00,AS,F,17,,D,0110,1,FO-03,E,XXXX,8,38,F,1,200109,1,"$55,522",6.7
ST00,SP,E,17,,D,0110,1,FO-02,F,XXXX,8,38,F,1,200109,1,"$66,526",9.9
ST00,MX,I,17,,J,0110,1,FO-01,J,XXXX,2,38,F,1,200109,1,"$103,623",37.6
ST00,AO,F,17,,E,0110,1,FO-03,F,XXXX,8,38,F,1,200109,1,"$68,285",14.7
ST00,IN,H,17,,G,0110,1,FO-02,H,XXXX,2,38,F,1,200109,1,"$86,801",23.8
ST00,11,G,18,13,G,0110,1,GS-13,H,XXXX,8,10,F,1,200109,1,"$82,180",23.5
ST00,KS,F,13,,E,0110,1,FO-02,H,XXXX,8,38,F,1,200109,1,"$86,801",12.0
ST00,MO,G,17,,G,0110,1,FO-01,J,XXXX,2,38,F,1,200109,1,"$103,623",22.0
ST00,TU,E,17,,E,0110,1,FO-02,G,XXXX,8,38,F,1,200109,1,"$77,121",12.2
ST00,SY,D,13,,E,0110,1,FO-02,G,XXXX,8,38,F,1,200109,1,"$77,121",12.2
ST00,SA,G,17,,G,0110,1,FO-02,H,XXXX,8,38,F,1,200109,1,"$86,801",22.2
ST00,TS,E,17,,D,0110,1,FO-04,F,XXXX,8,38,F,1,200109,1,"$62,276",9.7
ST00,SA,D,04,,D,0110,1,FP-05,C,XXXX,8,48,F,2,200109,1,"$36,455",8.2
ST00,CH,D,17,,D,0110,1,FP-04,D,XXXX,8,48,F,2,200109,1,"$42,407",5.6
ST00,11,H,17,,G,0110,1,ES-04,M,XXXX,2,50,F,1,200109,1,"$133,700",21.3
ST00,IN,E,04,,D,0110,1,FP-05,C,XXXX,8,48,F,2,200109,1,"$36,455",9.2
ST00,11,H,21,14,E,0110,1,GG-14,I,XXXX,8,48,F,2,200109,1,"$94,618",12.2
ST00,11,H,17,,F,0110,1,FO-02,I,XXXX,8,38,F,1,200109,1,"$90,188",15.0
ST00,CH,E,17,,E,0110,1,FO-03,F,XXXX,8,38,F,1,200109,1,"$66,296",11.9
ST00,GM,G,16,,F,0110,1,FO-02,I,XXXX,8,38,F,1,200109,1,"$94,850",17.4
ST00,11,G,17,,G,0110,1,FO-01,K,XXXX,8,38,F,1,200109,1,"$111,304",23.9
ST00,11,E,13,,F,0110,1,FO-01,J,XXXX,2,38,F,1,200109,1,"$101,859",16.8
ST00,11,G,15,,F,0110,1,FO-02,J,XXXX,8,38,F,1,200109,1,"$104,553",15.5
ST00,NI,G,18,,G,0110,1,FO-02,H,XXXX,2,38,F,1,200109,1,"$84,273",20.8
ST00,11,H,18,,G,0110,1,FO-01,K,XXXX,2,38,F,1,200109,1,"$111,304",24.3
ST00,IN,D,04,,C,0110,1,FP-04,D,XXXX,8,48,F,2,200109,1,"$49,161",4.5
ST00,TO,E,17,,B,0110,1,FP-05,C,XXXX,8,48,F,2,200109,1,"$39,835",1.0
ST00,11,G,13,,G,0110,1,FO-01,J,XXXX,8,38,F,1,200109,1,"$108,062",22.5
ST00,TD,H,17,,G,0110,1,FO-02,I,XXXX,8,38,F,1,200109,1,"$94,850",23.8
ST00,RW,E,17,,D,0110,1,FO-03,E,XXXX,8,38,F,1,200109,1,"$57,188",8.7
ST00,IC,G,15,,E,0110,1,FO-03,G,XXXX,8,38,F,1,200109,1,"$72,444",14.4
ST00,11,F,15,,F,0110,1,FO-01,J,XXXX,8,38,F,1,200109,1,"$101,859",17.1
ST00,VM,F,17,,E,0110,1,FO-02,G,XXXX,8,38,F,1,200109,1,"$72,694",12.0
ST00,11,F,17,,F,0110,1,FO-02,H,XXXX,8,38,F,1,200109,1,"$85,010",16.2
ST00,11,F,17,,E,0110,1,FO-03,H,XXXX,8,38,F,1,200109,1,"$84,718",11.7
ST00,11,F,17,,F,0110,1,FO-01,I,XXXX,2,38,F,1,200109,1,"$98,892",18.5
ST00,JA,H,17,,F,0110,1,FP-03,E,XXXX,8,48,F,2,200109,1,"$57,188",16.5
ST00,11,D,13,,D,0110,1,FO-03,F,XXXX,8,38,F,1,200109,1,"$61,202",9.7
ST00,UK,I,17,,I,0110,1,FE-MC,L,XXXX,2,38,F,1,200109,1,"$125,700",30.3
ST00,AR,E,04,,C,0110,1,FP-04,E,XXXX,8,48,F,2,200109,1,"$50,636",4.8
ST00,BK,G,17,,G,0110,1,FO-02,H,XXXX,2,38,F,1,200109,1,"$84,273",21.5
ST00,SW,H,13,,G,0110,1,FO-01,J,XXXX,2,38,F,1,200109,1,"$103,623",23.7
ST00,MY,F,21,,E,0110,1,FO-03,F,XXXX,8,38,F,1,200109,1,"$68,285",13.8
ST00,11,F,17,,F,0110,1,FO-02,H,XXXX,8,38,F,1,200109,1,"$85,010",17.3
ST00,CH,E,17,,E,0110,1,FO-03,F,XXXX,8,38,F,1,200109,1,"$66,296",10.1
ST00,JA,E,13,,F,0110,1,FO-03,G,XXXX,8,38,F,1,200109,1,"$72,444",16.6
ST00,IN,E,14,,E,0110,1,FP-04,D,XXXX,8,48,F,2,200109,1,"$46,339",14.5
ST00,11,G,13,,H,0110,1,FO-01,K,XXXX,2,38,F,1,200109,1,"$114,224",26.5
ST00,CE,D,13,,D,0110,1,FO-03,E,XXXX,8,38,F,1,200109,1,"$52,335",5.0
ST00,DR,D,04,,B,0110,1,FP-04,D,XXXX,8,48,F,2,200109,1,"$43,679",1.7
ST00,LE,G,04,,C,0110,1,FP-04,D,XXXX,8,48,F,2,200109,1,"$43,679",3.6
ST00,CY,F,17,,E,0110,1,FO-02,F,XXXX,8,38,F,1,200109,1,"$66,526",12.3
ST00,11,E,17,,E,0110,1,FO-02,G,XXXX,8,38,F,1,200109,1,"$77,797",13.9
ST00,11,E,17,,E,0110,1,FO-03,H,XXXX,8,38,F,1,200109,1,"$84,718",14.1
ST00,BE,F,18,,E,0110,1,FO-03,E,XXXX,8,38,F,1,200109,1,"$58,904",11.5
ST00,SF,C,13,,C,0110,1,FP-04,D,XXXX,8,48,F,2,200109,1,"$43,679",3.3
ST00,IS,F,17,,D,0110,1,FP-02,G,XXXX,8,48,F,2,200109,1,"$77,121",8.8
ST00,CH,C,17,,C,0110,1,FP-04,E,XXXX,8,48,F,2,200109,1,"$50,636",3.0
ST00,JA,F,13,,F,0110,1,FO-01,I,XXXX,8,38,F,1,200109,1,"$95,178",19.1
ST00,NI,D,13,,D,0110,1,FP-05,C,XXXX,8,48,F,2,200109,1,"$38,675",7.5
ST00,11,G,17,13,G,0110,1,GM-13,H,XXXX,5,10,F,1,200109,1,"$80,083",22.1
ST00,MX,E,15,,E,0110,1,FO-03,F,XXXX,8,38,F,1,200109,1,"$64,365",13.3
ST00,11,E,17,,E,0110,1,FO-03,F,XXXX,8,38,F,1,200109,1,"$64,930",11.1
ST00,11,G,17,,G,0110,1,FO-01,K,XXXX,2,38,F,1,200109,1,"$114,224",22.3
ST00,NU,F,04,,F,0110,1,FP-02,H,XXXX,2,48,F,2,200109,1,"$84,273",16.3
ST00,IS,H,17,,H,0110,1,FE-MC,L,XXXX,2,38,F,1,200109,1,"$125,500",26.2
ST00,RS,G,17,,F,0110,1,FO-01,I,XXXX,2,38,F,1,200109,1,"$95,178",16.4
ST00,11,G,17,,E,0110,1,FO-02,G,XXXX,8,38,F,1,200109,1,"$75,531",13.4
ST00,11,G,17,,G,0110,1,FO-02,H,XXXX,8,38,F,1,200109,1,"$82,535",21.1
ST00,ZA,D,17,,D,0110,1,FO-03,E,XXXX,8,38,F,1,200109,1,"$53,905",6.7
ST00,MO,G,17,,F,0110,1,FO-03,F,XXXX,8,38,F,1,200109,1,"$62,491",17.4
ST00,11,G,17,,G,0110,1,FO-01,J,XXXX,8,38,F,1,200109,1,"$101,859",23.8
ST00,LE,E,04,,E,0110,1,FO-03,E,XXXX,8,38,F,1,200109,1,"$57,188",14.5
ST00,11,I,17,,G,0110,1,FO-01,J,XXXX,2,38,F,1,200109,1,"$101,859",21.5
ST00,11,G,17,,F,0110,1,FO-02,I,XXXX,8,38,F,1,200109,1,"$95,681",18.7
ST00,RS,F,17,,E,0110,1,FO-02,I,XXXX,8,38,F,1,200109,1,"$94,850",14.8
ST00,11,H,18,,H,0110,1,FO-02,J,XXXX,8,38,F,1,200109,1,"$104,553",28.1
ST00,NI,C,14,,B,0110,1,FP-06,C,XXXX,8,48,F,2,200109,1,"$35,612",1.0
ST00,SZ,F,17,,E,0110,1,FO-03,F,XXXX,8,38,F,1,200109,1,"$66,296",14.2
ST00,HU,D,17,,C,0110,1,FP-04,E,XXXX,8,48,F,2,200109,1,"$53,720",4.2
ST00,ID,H,15,,G,0110,1,FO-01,I,XXXX,2,38,F,1,200109,1,"$98,033",23.3
ST00,JA,E,17,,E,0110,1,FO-02,H,XXXX,8,38,F,1,200109,1,"$84,273",11.5
ST00,CH,C,04,,B,0110,1,FP-03,E,XXXX,8,48,F,2,200109,1,"$52,335",1.8
ST00,11,H,17,,G,0110,1,FO-01,I,XXXX,8,38,F,1,200109,1,"$98,892",23.6
ST00,GM,F,17,,F,0110,1,FO-02,H,XXXX,8,38,F,1,200109,1,"$86,801",16.8
ST00,PA,G,17,,E,0110,1,FO-03,F,XXXX,8,38,F,1,200109,1,"$66,296",11.5
ST00,11,F,21,,E,0110,1,FO-02,H,XXXX,8,38,F,1,200109,1,"$85,010",10.5
ST00,PK,E,13,,E,0110,1,FP-04,E,XXXX,8,38,F,1,200109,1,"$53,720",12.3
ST00,11,F,17,,E,0110,1,FO-03,G,XXXX,8,38,F,1,200109,1,"$73,078",13.4
ST00,UK,H,18,,G,0110,1,FO-01,J,XXXX,2,38,F,1,200109,1,"$103,623",24.0
ST00,VE,G,13,,H,0110,1,FO-02,G,XXXX,8,38,F,1,200109,1,"$77,121",28.4
ST00,KE,F,04,,F,0110,1,FO-03,F,XXXX,8,38,F,1,200109,1,"$62,491",18.0
ST00,11,I,13,,I,0110,1,FE-OC,M,XXXX,2,38,F,1,200109,1,"$131,615",32.3
ST00,CY,F,15,,D,0110,1,FO-03,E,XXXX,8,38,F,1,200109,1,"$57,188",7.9
ST00,TH,F,15,,E,0110,1,FO-02,H,XXXX,8,38,F,1,200109,1,"$84,273",12.6
ST00,SA,D,17,,B,0110,1,FP-05,D,XXXX,8,48,F,2,200109,1,"$43,529",1.3
ST00,11,D,17,,C,0110,1,FP-04,D,XXXX,8,48,F,2,200109,1,"$49,592",4.3
ST00,CG,D,13,,D,0110,1,FP-04,D,XXXX,8,48,F,2,200109,1,"$47,729",9.5
ST00,36,D,13,,D,0110,1,FP-04,E,XXXX,8,48,F,2,200109,1,"$51,118",7.0
ST00,11,C,13,,C,0110,1,FP-04,D,XXXX,8,48,F,2,200109,1,"$49,592",4.3
ST00,HA,C,04,,B,0110,1,FP-04,D,XXXX,8,48,F,2,200109,1,"$42,407",2.3
ST00,GM,E,04,,E,0110,1,FP-04,D,XXXX,8,48,F,2,200109,1,"$43,679",12.4
ST00,AE,D,13,,D,0110,1,FP-04,D,XXXX,8,48,F,2,200109,1,"$46,339",9.4
ST00,FR,C,13,,D,0110,1,FO-03,E,XXXX,8,38,F,1,200109,1,"$53,905",6.7
ST00,11,J,13,14,J,0110,1,GM-14,I,XXXX,5,10,F,1,200109,1,"$97,108",35.8
ST00,TZ,E,04,,E,0110,1,FP-05,C,XXXX,8,48,F,2,200109,1,"$36,455",14.3
ST00,JA,G,17,,F,0110,1,FO-02,H,XXXX,8,38,F,1,200109,1,"$84,273",19.5
ST00,11,F,17,,E,0110,1,FO-02,H,XXXX,8,38,F,1,200109,1,"$85,010",13.3
ST00,SN,F,17,,G,0110,1,FO-02,H,XXXX,8,38,F,1,200109,1,"$89,405",23.3
ST00,HA,H,17,,F,0110,1,FO-02,G,XXXX,8,38,F,1,200109,1,"$77,121",17.9
ST00,BG,F,04,,E,0110,1,FP-03,G,XXXX,8,48,F,2,200109,1,"$70,334",12.3
ST00,11,D,17,,D,0110,1,FO-03,F,XXXX,8,38,F,1,200109,1,"$64,930",7.9
ST00,11,G,17,,H,0110,1,FO-03,H,XXXX,8,38,F,1,200109,1,"$82,250",25.9
ST00,SY,D,13,,E,0110,1,FP-04,D,XXXX,8,38,F,1,200109,1,"$49,161",10.7
ST00,11,E,17,,F,0110,1,FO-02,H,XXXX,8,38,F,1,200109,1,"$87,561",16.3
ST00,LA,F,17,,E,0110,1,FO-02,G,XXXX,8,38,F,1,200109,1,"$79,435",13.4
ST00,PL,E,04,,D,0110,1,FP-05,D,XXXX,8,48,F,2,200109,1,"$46,180",5.5
ST00,BR,D,04,,C,0110,1,FP-04,D,XXXX,8,48,F,2,200109,1,"$42,407",3.1
ST00,11,E,04,14,F,0110,1,GS-14,G,XXXX,8,10,F,1,200109,1,"$79,678",15.3
ST00,KE,H,17,,H,0110,1,FO-01,J,XXXX,2,38,F,1,200109,1,"$103,623",27.8
ST00,EC,D,13,,D,0110,1,FO-03,E,XXXX,8,38,F,1,200109,1,"$57,188",9.9
ST00,BR,D,04,,C,0110,1,FP-04,D,XXXX,8,48,F,2,200109,1,"$43,679",4.5
ST00,JA,D,04,,E,0110,1,FP-04,D,XXXX,8,48,F,2,200109,1,"$46,339",10.3
ST00,11,F,17,,E,0110,1,FO-02,I,XXXX,8,38,F,1,200109,1,"$90,188",13.8
ST00,BE,G,14,,G,0110,1,FO-01,J,XXXX,2,38,F,1,200109,1,"$100,974",23.4
ST00,MX,I,14,,I,0110,1,FE-OC,K,XXXX,2,38,F,1,200109,1,"$119,400",31.6
ST00,11,H,17,,G,0110,1,FE-OC,L,XXXX,2,38,F,1,200109,1,"$120,261",22.3
ST00,PK,F,13,,D,0110,1,FO-04,E,XXXX,8,38,F,1,200109,1,"$50,636",9.8
ST00,SZ,G,17,,F,0110,1,FO-03,F,XXXX,8,38,F,1,200109,1,"$62,491",17.2
ST00,11,E,13,,E,0110,1,FO-02,G,XXXX,8,38,F,1,200109,1,"$73,332",11.5
ST00,RS,G,14,,G,0110,1,FO-01,J,XXXX,2,38,F,1,200109,1,"$100,974",22.0
ST00,SN,I,21,,G,0110,1,FE-OC,K,XXXX,2,38,F,1,200109,1,"$114,200",24.1
ST00,SF,F,17,,F,0110,1,FO-01,I,XXXX,2,38,F,1,200109,1,"$98,033",17.3
ST00,CI,E,13,,E,0110,1,FO-02,G,XXXX,8,38,F,1,200109,1,"$70,577",14.3
ST00,11,G,17,,D,0110,1,FO-03,F,XXXX,8,38,F,1,200109,1,"$63,038",8.5
ST00,ZA,E,04,,D,0110,1,FP-04,D,XXXX,8,48,F,2,200109,1,"$42,407",8.6
ST00,YM,G,14,,E,0110,1,FO-03,F,XXXX,8,38,F,1,200109,1,"$62,491",13.3
ST00,RP,D,13,,E,0110,1,FP-04,D,XXXX,8,48,F,2,200109,1,"$47,729",12.2
ST00,11,E,21,,C,0110,1,FO-03,E,XXXX,8,38,F,1,200109,1,"$59,419",4.7
ST00,TU,D,04,,D,0110,1,FP-05,C,XXXX,8,48,F,2,200109,1,"$36,455",5.8
ST00,11,F,17,,E,0110,1,FO-02,H,XXXX,4,38,F,1,200109,1,"$80,131",14.0
ST00,IT,E,17,,F,0110,1,FO-03,F,XXXX,8,38,F,1,200109,1,"$68,285",15.7
ST00,BE,H,17,,G,0110,1,FE-OC,K,XXXX,2,48,F,2,200109,1,"$119,400",21.3
ST00,11,F,17,,F,0110,1,FO-02,H,XXXX,8,38,F,1,200109,1,"$87,561",16.9
ST00,CH,H,17,,G,0110,1,FO-02,H,XXXX,8,38,F,1,200109,1,"$86,801",21.6
ST00,11,F,17,,E,0110,1,FO-03,G,XXXX,8,38,F,1,200109,1,"$75,271",11.1
ST00,11,J,04,15,J,0110,1,GM-15,K,XXXX,2,10,F,1,200109,1,"$114,224",38.7
ST00,RS,E,17,,E,0110,1,FO-03,G,XXXX,8,38,F,1,200109,1,"$74,617",13.7
ST00,KU,E,14,,E,0110,1,FO-02,H,XXXX,2,38,F,1,200109,1,"$81,818",14.4
ST00,SZ,F,04,,F,0110,1,FO-03,E,XXXX,8,38,F,1,200109,1,"$53,905",18.8
ST00,RS,F,17,,F,0110,1,FO-01,I,XXXX,2,38,F,1,200109,1,"$95,178",18.6
ST00,KS,C,04,,B,0110,1,FP-05,D,XXXX,8,48,F,2,200109,1,"$42,261",2.3
ST00,AJ,E,15,,E,0110,1,FO-03,F,XXXX,8,38,F,1,200109,1,"$66,296",10.7
ST00,JA,C,04,,B,0110,1,FP-05,C,XXXX,8,38,F,1,200109,1,"$35,393",2.3
ST00,11,I,21,15,F,0110,1,GG-15,K,XXXX,2,48,F,2,200109,1,"$114,224",16.2
ST00,RS,E,04,,F,0110,1,FO-02,G,XXXX,8,38,F,1,200109,1,"$74,875",16.6
ST00,11,H,13,,G,0110,1,FO-02,I,XXXX,8,38,F,1,200109,1,"$95,681",21.6
ST00,IN,E,13,,D,0110,1,FP-04,D,XXXX,8,38,F,1,200109,1,"$49,161",9.8
ST00,11,H,17,,G,0110,1,FO-01,J,XXXX,8,38,F,1,200109,1,"$108,062",23.7
ST00,11,F,17,13,F,0110,1,GS-13,G,XXXX,8,10,F,1,200109,1,"$71,642",15.5
ST00,11,I,17,,H,0110,1,FO-01,K,XXXX,2,38,F,1,200109,1,"$114,224",29.3
ST00,11,C,17,,D,0110,1,FO-04,E,XXXX,8,38,F,1,200109,1,"$52,612",5.0
ST00,ET,G,13,,E,0110,1,FO-03,G,XXXX,8,38,F,1,200109,1,"$70,334",12.6
ST00,MZ,F,17,,E,0110,1,FO-02,G,XXXX,8,38,F,1,200109,1,"$77,121",12.4
ST00,BH,I,13,,G,0110,1,FO-03,F,XXXX,8,38,F,1,200109,1,"$66,296",20.4
ST00,GM,E,17,,B,0110,1,FP-04,E,XXXX,8,48,F,2,200109,1,"$52,155",2.7
ST00,CH,E,13,,E,0110,1,FO-03,F,XXXX,8,38,F,1,200109,1,"$64,365",13.0
ST00,BE,G,17,,G,0110,1,FE-OC,K,XXXX,2,38,F,1,200109,1,"$114,200",20.3
ST00,BG,F,17,,E,0110,1,FO-02,G,XXXX,8,38,F,1,200109,1,"$70,577",13.8
ST00,CA,F,17,,F,0110,1,FO-03,F,XXXX,8,38,F,1,200109,1,"$68,285",17.1
ST00,SF,I,17,,D,0110,1,FO-03,E,XXXX,8,38,F,1,200109,1,"$55,522",8.3
ST00,MI,D,14,,C,0110,1,FP-04,D,XXXX,8,48,F,2,200109,1,"$49,161",3.0
ST00,11,F,17,,F,0110,1,FO-02,H,XXXX,8,38,F,1,200109,1,"$85,010",16.1
ST00,BR,E,15,,F,0110,1,FO-02,G,XXXX,8,38,F,1,200109,1,"$72,694",15.3
ST00,HA,G,17,,F,0110,1,FO-01,I,XXXX,8,38,F,1,200109,1,"$92,406",18.3
ST00,PP,E,17,,C,0110,1,FP-04,E,XXXX,8,48,F,2,200109,1,"$53,720",4.3
ST00,11,F,17,,E,0110,1,FO-03,G,XXXX,8,38,F,1,200109,1,"$75,271",10.5
ST00,11,F,17,,D,0110,1,FO-03,F,XXXX,8,38,F,1,200109,1,"$61,202",6.3
ST00,BY,C,04,,B,0110,1,FP-04,D,XXXX,8,48,F,2,200109,1,"$42,407",2.4
ST00,TH,F,17,,F,0110,1,FO-02,G,XXXX,8,38,F,1,200109,1,"$79,435",16.0
ST00,MO,E,18,,E,0110,1,FO-02,F,XXXX,8,38,F,1,200109,1,"$66,526",10.1
ST00,11,H,17,,G,0110,1,FO-01,K,XXXX,8,38,F,1,200109,1,"$114,224",23.3
ST00,AS,G,17,,F,0110,1,FO-01,I,XXXX,2,38,F,1,200109,1,"$92,406",19.4
ST00,GY,C,04,,C,0110,1,FP-05,C,XXXX,8,48,F,2,200109,1,"$39,835",3.5
ST00,KS,D,04,,B,0110,1,FP-05,C,XXXX,8,48,F,2,200109,1,"$35,393",2.7
ST00,RO,G,13,,G,0110,1,FO-01,J,XXXX,8,38,F,1,200109,1,"$103,623",22.0
ST00,BU,G,21,,E,0110,1,FO-02,H,XXXX,8,38,F,1,200109,1,"$81,818",13.3
ST00,FR,H,17,,F,0110,1,FO-02,H,XXXX,8,38,F,1,200109,1,"$86,801",17.8
ST00,GM,F,17,,F,0110,1,FO-02,H,XXXX,8,38,F,1,200109,1,"$84,273",15.7
ST00,11,E,04,,E,0110,1,FO-03,F,XXXX,8,38,F,1,200109,1,"$68,884",13.0
ST00,IN,E,04,,D,0110,1,FP-03,F,XXXX,8,48,F,2,200109,1,"$62,491",7.0
ST00,PL,G,17,,G,0110,1,FO-01,J,XXXX,2,38,F,1,200109,1,"$103,623",21.1
ST00,MY,D,13,,B,0110,1,FP-04,D,XXXX,8,48,F,2,200109,1,"$44,990",2.4
ST00,TS,D,04,,D,0110,1,FP-05,C,XXXX,8,48,F,2,200109,1,"$35,393",9.4
ST00,CH,H,17,,F,0110,1,FO-02,H,XXXX,8,38,F,1,200109,1,"$81,818",17.1
ST00,UP,C,04,,C,0110,1,FP-04,D,XXXX,8,48,F,2,200109,1,"$42,407",3.8
ST00,SW,G,17,,F,0110,1,FO-02,H,XXXX,8,38,F,1,200109,1,"$84,273",18.8
ST00,HK,E,13,,F,0110,1,FO-02,G,XXXX,8,38,F,1,200109,1,"$72,694",16.3
ST00,JA,H,18,,I,0110,1,FE-OC,K,XXXX,2,38,F,1,200109,1,"$119,400",33.1
ST00,IT,I,17,,I,0110,1,FE-MC,L,XXXX,2,38,F,1,200109,1,"$125,700",30.0
ST00,11,C,13,,C,0110,1,FP-04,E,XXXX,8,48,F,2,200109,1,"$52,612",3.3
ST00,HO,C,04,,B,0110,1,FP-06,C,XXXX,8,48,F,2,200109,1,"$34,575",2.0
ST00,SF,H,17,,F,0110,1,FO-02,H,XXXX,8,38,F,1,200109,1,"$84,273",17.4
ST00,UP,F,13,,E,0110,1,FO-01,I,XXXX,2,38,F,1,200109,1,"$95,178",14.4
ST00,11,G,17,,F,0110,1,FO-03,F,XXXX,8,38,F,1,200109,1,"$63,038",15.0
ST00,CH,F,04,,B,0110,1,FO-02,F,XXXX,8,38,F,1,200109,1,"$68,521",1.2
ST00,RP,I,17,,H,0110,1,FE-OC,K,XXXX,2,38,F,1,200109,1,"$119,400",26.7
ST00,WA,F,13,,E,0110,1,FO-03,E,XXXX,8,38,F,1,200109,1,"$57,188",13.5
ST00,PM,C,14,,B,0110,1,FP-05,C,XXXX,8,48,F,2,200109,1,"$39,835",2.6
ST00,GM,F,13,,F,0110,1,FO-02,G,XXXX,8,38,F,1,200109,1,"$79,435",15.7
ST00,11,I,21,,G,0110,1,FO-02,J,XXXX,8,38,F,1,200109,1,"$101,508",22.9
ST00,11,H,17,,I,0110,1,FE-MC,M,XXXX,2,38,F,1,200109,1,"$133,700",30.1
ST00,CT,C,04,,B,0110,1,FP-04,D,XXXX,8,48,F,2,200109,1,"$42,407",2.0
ST00,SZ,H,19,,H,0110,1,FO-01,J,XXXX,8,38,F,1,200109,1,"$103,623",27.1
ST00,SZ,F,15,,F,0110,1,FO-03,F,XXXX,8,38,F,1,200109,1,"$66,296",15.9
ST00,BE,F,04,,F,0110,1,FO-02,G,XXXX,8,38,F,1,200109,1,"$72,694",17.5
ST00,GM,F,14,,D,0110,1,FO-03,E,XXXX,8,38,F,1,200109,1,"$55,522",7.7
ST00,IS,D,13,,D,0110,1,FO-03,F,XXXX,8,38,F,1,200109,1,"$64,365",9.1
ST00,PL,D,17,,D,0110,1,FO-03,E,XXXX,8,38,F,1,200109,1,"$58,904",7.9
ST00,ES,C,04,,C,0110,1,FP-04,D,XXXX,8,48,F,2,200109,1,"$47,729",3.2
ST00,GV,C,13,,B,0110,1,FP-04,D,XXXX,8,48,F,2,200109,1,"$42,407",2.6
ST00,11,D,15,,D,0110,1,FO-03,F,XXXX,8,38,F,1,200109,1,"$61,202",7.5
ST00,KU,D,13,,D,0110,1,FP-04,D,XXXX,8,48,F,2,200109,1,"$42,407",8.3
ST00,AU,G,17,,F,0110,1,FO-02,H,XXXX,8,38,F,1,200109,1,"$84,273",17.7
ST00,BL,D,04,,D,0110,1,FP-04,E,XXXX,8,48,F,2,200109,1,"$55,332",7.2
ST00,PM,D,04,,B,0110,1,FP-04,D,XXXX,8,48,F,2,200109,1,"$42,407",2.2
ST00,BH,G,18,,E,0110,1,FO-03,E,XXXX,8,38,F,1,200109,1,"$58,904",11.2
ST00,11,E,13,,E,0110,1,FO-02,G,XXXX,2,38,F,1,200109,1,"$71,195",14.0
ST00,MX,C,17,,C,0110,1,FP-04,D,XXXX,8,48,F,2,200109,1,"$46,339",4.0
ST00,MX,E,15,,E,0110,1,FO-03,E,XXXX,8,38,F,1,200109,1,"$58,904",10.7
ST00,JA,C,17,,C,0110,1,FP-04,D,XXXX,8,48,F,2,200109,1,"$49,161",3.7
ST00,AS,G,17,,G,0110,1,FO-01,H,XXXX,8,38,F,1,200109,1,"$89,714",20.6
ST00,CH,E,13,,E,0110,1,FO-02,G,XXXX,8,38,F,1,200109,1,"$74,875",13.4
ST00,11,I,17,14,I,0110,1,GM-14,I,XXXX,5,10,F,1,200109,1,"$97,108",31.9
ST00,BR,F,17,,F,0110,1,FO-02,F,XXXX,8,38,F,1,200109,1,"$64,588",16.0
ST00,ZA,C,04,,D,0110,1,FP-05,C,XXXX,8,48,F,2,200109,1,"$34,362",5.5
ST00,SZ,E,13,,E,0110,1,FO-02,G,XXXX,8,38,F,1,200109,1,"$74,875",13.7
ST00,CH,F,17,,E,0110,1,FO-02,G,XXXX,8,38,F,1,200109,1,"$79,435",13.4
ST00,CS,E,13,,E,0110,1,FO-02,G,XXXX,8,38,F,1,200109,1,"$77,121",10.9
ST00,11,I,15,,H,0110,1,FO-01,K,XXXX,8,38,F,1,200109,1,"$114,224",26.3
ST00,IS,G,18,,F,0110,1,FO-02,G,XXXX,8,38,F,1,200109,1,"$77,121",16.2
ST00,BE,E,17,,E,0110,1,FO-02,F,XXXX,8,38,F,1,200109,1,"$64,588",10.1
ST00,UK,E,17,,E,0110,1,FO-02,G,XXXX,8,38,F,1,200109,1,"$72,694",11.3
ST00,SZ,G,17,,F,0110,1,FO-02,H,XXXX,8,38,F,1,200109,1,"$84,273",15.8
ST00,EN,E,14,,E,0110,1,FO-03,F,XXXX,8,38,F,1,200109,1,"$68,285",13.3
ST00,SY,C,04,,C,0110,1,FP-04,D,XXXX,8,48,F,2,200109,1,"$43,679",4.3
ST00,AU,G,18,,F,0110,1,FO-01,J,XXXX,2,38,F,1,200109,1,"$100,974",17.7
ST00,AL,D,04,,B,0110,1,FP-04,D,XXXX,8,48,F,2,200109,1,"$44,990",2.4
ST00,CH,E,17,,E,0110,1,FO-02,G,XXXX,8,38,F,1,200109,1,"$70,577",13.3
ST00,GM,F,17,,G,0110,1,FE-OC,J,XXXX,2,38,F,1,200109,1,"$109,100",22.8
ST00,11,F,13,,F,0110,1,FO-02,I,XXXX,8,38,S,2,200109,1,"$92,894",16.1
ST00,RS,F,17,,E,0110,1,FO-02,H,XXXX,8,38,F,1,200109,1,"$81,818",14.4
ST00,NU,F,16,,E,0110,1,FO-03,F,XXXX,8,38,F,1,200109,1,"$62,491",10.1
ST00,GM,E,17,,E,0110,1,FO-02,G,XXXX,8,38,F,1,200109,1,"$72,694",12.5
ST00,SZ,F,17,,E,0110,1,FO-03,F,XXXX,8,38,F,1,200109,1,"$64,365",13.9
ST00,IN,F,15,,E,0110,1,FO-02,H,XXXX,8,38,F,1,200109,1,"$84,273",13.4
ST00,HK,E,13,,F,0110,1,FO-03,F,XXXX,8,38,F,1,200109,1,"$66,296",15.4
ST00,ES,E,15,,C,0110,1,FP-04,D,XXXX,8,48,F,2,200109,1,"$43,679",3.2
ST00,PK,G,17,,F,0110,1,FO-02,F,XXXX,8,38,F,1,200109,1,"$66,526",19.9
ST00,JA,H,17,,G,0110,1,FO-01,I,XXXX,2,38,F,1,200109,1,"$92,406",20.2
ST00,SN,E,13,,E,0110,1,FO-02,G,XXXX,8,38,F,1,200109,1,"$70,577",12.8
ST00,11,E,04,,D,0110,1,FP-04,F,XXXX,8,48,F,2,200109,1,"$68,647",7.5
ST00,CI,E,21,,D,0110,1,FO-03,E,XXXX,8,38,F,1,200109,1,"$55,522",8.5
ST00,BR,I,13,,I,0110,1,FE-OC,L,XXXX,2,38,F,1,200109,1,"$125,500",30.4
ST00,11,H,17,,G,0110,1,FO-01,K,XXXX,2,38,F,1,200109,1,"$111,304",20.7
ST00,IV,C,13,,D,0110,1,FP-04,D,XXXX,8,48,F,2,200109,1,"$43,679",9.3
ST00,11,E,13,,F,0110,1,FO-02,I,XXXX,8,38,F,1,200109,1,"$95,681",16.3
ST00,11,E,17,,E,0110,1,FO-02,H,XXXX,8,38,F,1,200109,1,"$82,535",12.2
ST00,LE,E,18,,E,0110,1,FO-03,F,XXXX,8,38,F,1,200109,1,"$60,671",10.1
ST00,SY,E,04,,E,0110,1,FO-03,E,XXXX,8,38,F,1,200109,1,"$58,904",12.3
ST00,GT,D,17,,D,0110,1,FO-03,E,XXXX,8,38,F,1,200109,1,"$55,522",7.5
ST00,11,H,14,14,H,0110,1,GM-14,I,XXXX,5,10,F,1,200109,1,"$97,108",28.2
ST00,EI,G,15,,F,0110,1,FO-02,H,XXXX,8,38,F,1,200109,1,"$81,818",16.2
ST00,PE,C,14,,C,0110,1,FP-04,D,XXXX,8,48,F,2,200109,1,"$44,990",3.2
ST00,MY,F,17,,E,0110,1,FO-02,G,XXXX,2,38,F,1,200109,1,"$74,875",14.8
ST00,BR,F,15,,E,0110,1,FP-04,E,XXXX,8,48,F,2,200109,1,"$55,332",11.1
ST00,BE,F,17,,E,0110,1,FO-03,F,XXXX,8,38,F,1,200109,1,"$60,671",10.3
ST00,RO,C,14,,B,0110,1,FP-05,C,XXXX,8,48,F,2,200109,1,"$39,835",1.3
ST00,AS,H,17,,E,0110,1,FO-02,G,XXXX,8,38,F,1,200109,1,"$70,577",13.7
ST00,11,D,13,,E,0110,1,FO-03,F,XXXX,8,38,F,1,200109,1,"$63,038",10.5
ST00,HO,C,13,,B,0110,1,FP-06,C,XXXX,8,48,F,2,200109,1,"$35,612",1.0
ST00,11,H,17,,I,0110,1,FO-02,J,XXXX,2,38,F,1,200109,1,"$101,508",30.3
ST00,BK,H,17,,G,0110,1,FO-02,I,XXXX,2,38,F,1,200109,1,"$92,087",21.8
ST00,MX,I,17,,C,0110,1,FO-04,E,XXXX,8,38,F,1,200109,1,"$50,636",4.0
ST00,11,G,21,,F,0110,1,FO-02,I,XXXX,8,38,F,1,200109,1,"$95,681",15.9
ST00,IT,G,17,,G,0110,1,FO-02,H,XXXX,2,38,F,1,200109,1,"$84,273",22.5
ST00,**,I,17,,H,0110,1,FO-01,Z,XXXX,8,38,F,1,200109,1,,27.8
ST00,SZ,F,13,,G,0110,1,FO-03,F,XXXX,8,38,F,1,200109,1,"$66,296",21.7
ST00,TZ,E,21,,C,0110,1,FP-04,D,XXXX,8,48,F,2,200109,1,"$42,407",4.7
ST00,11,H,17,,F,0110,1,FO-02,I,XXXX,8,38,F,1,200109,1,"$98,551",17.3
ST00,AR,H,17,,H,0110,1,FO-01,J,XXXX,2,38,F,1,200109,1,"$103,623",25.8
ST00,JA,H,21,,C,0110,1,FP-01,J,XXXX,2,48,F,2,200109,1,"$103,623",4.6
ST00,IN,E,17,,E,0110,1,FO-02,F,XXXX,8,38,F,1,200109,1,"$64,588",13.2
ST00,11,E,17,,E,0110,1,FO-03,G,XXXX,8,38,F,1,200109,1,"$75,271",12.1
ST00,11,H,13,,H,0110,1,FO-02,J,XXXX,8,38,F,1,200109,1,"$101,508",26.8
ST00,TH,D,17,,D,0110,1,FP-04,D,XXXX,8,48,F,2,200109,1,"$42,407",5.3
ST00,FR,F,17,,F,0110,1,FO-01,I,XXXX,8,38,F,1,200109,1,"$95,178",17.7
ST00,PK,I,21,,D,0110,1,FP-03,F,XXXX,8,38,F,1,200109,1,"$60,671",9.1
ST00,CH,G,17,,G,0110,1,FE-MC,L,XXXX,2,38,F,1,200109,1,"$125,500",23.3
ST00,11,G,17,,G,0110,1,FO-02,I,XXXX,8,38,F,1,200109,1,"$92,894",21.5
ST00,MA,F,18,,E,0110,1,FO-03,F,XXXX,8,38,F,1,200109,1,"$60,671",12.8
ST00,BE,F,17,,E,0110,1,FP-02,G,XXXX,8,48,F,2,200109,1,"$79,435",12.5
ST00,11,F,17,,E,0110,1,FO-03,F,XXXX,8,38,F,1,200109,1,"$63,038",10.3
ST00,11,E,15,,D,0110,1,FO-03,E,XXXX,8,38,F,1,200109,1,"$57,689",5.2
ST00,TZ,D,13,,E,0110,1,FP-04,D,XXXX,8,48,F,2,200109,1,"$49,161",11.7
ST00,SG,G,13,,E,0110,1,FO-02,G,XXXX,8,38,F,1,200109,1,"$74,875",11.5
ST00,NL,G,17,,G,0110,1,FE-OC,K,XXXX,2,38,F,1,200109,1,"$114,200",24.8
ST00,HK,D,13,,E,0110,1,FO-03,E,XXXX,8,38,F,1,200109,1,"$57,188",10.5
ST00,11,E,13,,E,0110,1,FO-03,G,XXXX,8,38,F,1,200109,1,"$73,078",12.5
ST00,11,D,17,,D,0110,1,FO-03,F,XXXX,8,38,F,1,200109,1,"$61,202",7.5
ST00,11,H,13,,F,0110,1,FO-02,I,XXXX,8,38,F,1,200109,1,"$90,188",19.3
ST00,EG,I,17,,G,0110,1,FO-02,H,XXXX,8,38,F,1,200109,1,"$81,818",23.9
ST00,11,F,17,,F,0110,1,FO-02,I,XXXX,8,38,F,1,200109,1,"$92,894",18.7
ST00,BK,I,17,,I,0110,1,FO-02,H,XXXX,2,38,F,1,200109,1,"$89,405",31.8
ST00,TS,E,13,,C,0110,1,FP-04,D,XXXX,8,48,F,2,200109,1,"$46,339",4.7
ST00,11,F,04,15,D,0110,1,GS-15,I,XXXX,8,10,F,1,200109,1,"$96,651",8.8
ST00,11,H,17,,I,0110,1,FO-02,J,XXXX,8,38,F,1,200109,1,"$104,553",31.2
ST00,PK,G,17,,F,0110,1,FO-01,I,XXXX,2,38,F,1,200109,1,"$95,178",17.8
ST00,HU,F,17,,E,0110,1,FO-02,H,XXXX,8,38,F,1,200109,1,"$81,818",13.7
ST00,PE,F,17,,D,0110,1,FO-03,E,XXXX,8,38,F,1,200109,1,"$55,522",7.7
ST00,NU,E,17,,E,0110,1,FO-03,F,XXXX,8,38,F,1,200109,1,"$62,491",11.7
ST00,IS,D,04,,C,0110,1,FP-05,C,XXXX,8,48,F,2,200109,1,"$39,835",4.5
ST00,11,E,17,,D,0110,1,FO-03,F,XXXX,8,38,F,1,200109,1,"$63,038",6.9
ST00,UY,E,17,,E,0110,1,FO-02,G,XXXX,8,38,F,1,200109,1,"$70,577",14.0
ST00,FR,F,17,,F,0110,1,FO-02,G,XXXX,8,38,F,1,200109,1,"$74,875",15.2
ST00,11,G,15,,F,0110,1,FO-01,J,XXXX,2,38,F,1,200109,1,"$101,859",16.1
ST00,IV,E,04,,D,0110,1,FP-05,C,XXXX,8,48,F,2,200109,1,"$35,393",6.9
ST00,EC,F,18,,F,0110,1,FO-01,H,XXXX,2,38,F,1,200109,1,"$89,714",16.1
ST00,BE,E,17,,F,0110,1,FO-02,H,XXXX,8,38,F,1,200109,1,"$81,818",15.5
ST00,BG,C,04,,C,0110,1,FP-04,D,XXXX,8,48,F,2,200109,1,"$46,339",3.1
ST00,VM,F,14,,E,0110,1,FO-02,H,XXXX,8,38,F,1,200109,1,"$84,273",12.6
ST00,PE,E,17,,E,0110,1,FO-02,F,XXXX,2,38,F,1,200109,1,"$68,521",11.5
ST00,JO,D,17,,D,0110,1,FO-03,E,XXXX,8,38,F,1,200109,1,"$53,905",6.3
ST00,EC,C,04,,C,0110,1,FP-05,C,XXXX,8,48,F,2,200109,1,"$35,393",3.6
ST00,11,H,17,,G,0110,1,FO-01,J,XXXX,8,38,F,1,200109,1,"$108,062",22.3
ST00,HK,E,17,,E,0110,1,FO-02,G,XXXX,8,38,F,1,200109,1,"$74,875",12.0
ST00,BE,D,04,,D,0110,1,FP-04,D,XXXX,8,48,F,2,200109,1,"$43,679",8.3
ST00,FI,H,13,,G,0110,1,FO-02,G,XXXX,8,38,F,1,200109,1,"$77,121",21.1
ST00,GM,D,17,,D,0110,1,FO-03,E,XXXX,8,38,F,1,200109,1,"$52,335",5.0
ST00,BE,E,13,,D,0110,1,FP-03,E,XXXX,8,38,F,1,200109,1,"$58,904",9.1
ST00,KS,I,17,,I,0110,1,FE-MC,L,XXXX,2,38,F,1,200109,1,"$125,700",32.5
ST00,TU,E,17,,D,0110,1,FO-03,E,XXXX,8,38,F,1,200109,1,"$55,522",8.9
ST00,AM,D,18,,D,0110,1,FP-04,E,XXXX,8,48,F,2,200109,1,"$53,720",5.1
ST00,11,F,17,,F,0110,1,FO-02,I,XXXX,8,38,P,2,200109,1,"$90,188",17.0
ST00,PL,E,17,,C,0110,1,FP-04,E,XXXX,8,48,F,2,200109,1,"$50,636",3.2
ST00,CA,G,18,,F,0110,1,FO-01,H,XXXX,8,38,F,1,200109,1,"$89,714",17.4
ST00,11,D,14,,D,0110,1,FO-03,F,XXXX,8,38,F,1,200109,1,"$63,038",8.9
ST00,BE,F,13,,F,0110,1,FO-01,I,XXXX,2,38,F,1,200109,1,"$95,178",19.1
ST00,11,D,04,13,C,0110,1,GS-13,H,XXXX,8,10,F,1,200109,1,"$80,072",4.2
ST00,11,G,17,,E,0110,1,FO-03,F,XXXX,8,38,F,1,200109,1,"$66,878",11.5
ST00,FR,F,17,,F,0110,1,FO-02,G,XXXX,8,38,F,1,200109,1,"$72,694",16.1
ST00,UK,E,17,,E,0110,1,FO-02,G,XXXX,8,38,F,1,200109,1,"$72,694",13.0
ST00,11,C,17,,C,0110,1,FO-04,E,XXXX,8,38,F,1,200109,1,"$54,190",4.3
ST00,VM,F,17,,F,0110,1,FO-01,H,XXXX,2,38,F,1,200109,1,"$84,564",16.4
ST00,11,G,15,,G,0110,1,FO-02,I,XXXX,8,38,F,1,200109,1,"$92,894",22.3
ST00,CG,F,18,,E,0110,1,FO-02,G,XXXX,8,38,F,1,200109,1,"$74,875",11.2
ST00,11,G,17,,E,0110,1,FP-03,F,XXXX,8,38,F,1,200109,1,"$63,038",11.0
ST00,HU,G,13,,G,0110,1,FO-01,I,XXXX,2,38,F,1,200109,1,"$98,033",22.6
ST00,GY,E,04,,B,0110,1,FP-04,D,XXXX,8,48,F,2,200109,1,"$42,407",1.7
ST00,MY,E,17,,E,0110,1,FO-02,F,XXXX,8,38,F,1,200109,1,"$66,526",11.2
ST00,11,F,17,,D,0110,1,FO-03,E,XXXX,8,38,F,1,200109,1,"$57,689",6.3
ST00,BR,F,21,,D,0110,1,FO-03,E,XXXX,8,38,F,1,200109,1,"$57,188",7.0
ST00,IN,F,13,,F,0110,1,FO-01,J,XXXX,2,38,F,1,200109,1,"$100,974",18.4
ST00,11,H,21,15,G,0110,1,GM-15,K,XXXX,2,10,F,1,200109,1,"$114,224",24.1
ST00,11,F,17,14,F,0110,1,GS-14,H,XXXX,8,10,F,1,200109,1,"$89,638",16.6
ST00,PK,D,04,,B,0110,1,FP-04,D,XXXX,8,48,F,2,200109,1,"$44,990",1.7
ST00,11,D,04,,B,0110,1,FP-04,E,XXXX,8,48,F,2,200109,1,"$51,079",2.4
ST00,11,F,14,,G,0110,1,FO-01,K,XXXX,8,38,F,1,200109,1,"$111,304",21.0
ST00,CH,G,14,,G,0110,1,FE-OC,K,XXXX,2,38,F,1,200109,1,"$114,200",20.7
ST00,HK,F,17,,F,0110,1,FO-02,H,XXXX,8,38,F,1,200109,1,"$84,273",16.1
ST00,11,F,17,,E,0110,1,FO-03,G,XXXX,8,38,F,1,200109,1,"$70,950",10.3
ST00,CO,E,04,,D,0110,1,FP-04,D,XXXX,8,48,F,2,200109,1,"$44,990",8.1
ST00,MX,D,17,,D,0110,1,FO-03,E,XXXX,8,38,F,1,200109,1,"$52,335",6.7
ST00,TO,D,04,,B,0110,1,FP-05,D,XXXX,8,48,F,2,200109,1,"$44,835",2.3
ST00,11,F,17,,E,0110,1,FO-02,I,XXXX,8,38,F,1,200109,1,"$90,188",12.8
ST00,GT,G,17,,G,0110,1,FO-01,I,XXXX,2,38,F,1,200109,1,"$98,033",22.0
ST00,NL,E,17,,F,0110,1,FO-02,G,XXXX,8,38,F,1,200109,1,"$70,577",16.3
ST00,BR,H,18,,F,0110,1,FO-02,I,XXXX,2,38,F,1,200109,1,"$94,850",19.7
ST00,JA,F,20,,E,0110,1,FO-02,G,XXXX,8,38,F,1,200109,1,"$77,121",14.8
ST00,TU,F,17,,F,0110,1,FO-01,I,XXXX,2,38,F,1,200109,1,"$95,178",16.8
ST00,UY,D,04,,A,0110,1,FP-05,C,XXXX,8,48,F,2,200109,1,"$34,362",0.6
ST00,PM,I,04,,F,0110,1,FO-01,J,XXXX,2,38,F,1,200109,1,"$100,974",17.0
ST00,HR,H,17,,G,0110,1,FO-01,J,XXXX,8,38,F,1,200109,1,"$103,623",22.0
ST00,11,F,17,,D,0110,1,FO-03,F,XXXX,8,38,F,1,200109,1,"$61,202",6.5
ST00,11,J,17,14,H,0110,1,GS-14,I,XXXX,8,20,I,2,200109,1,"$97,108",25.8
ST00,CA,G,17,,G,0110,1,FO-01,J,XXXX,2,38,F,1,200109,1,"$103,623",23.6
ST00,PM,E,17,,E,0110,1,FO-02,F,XXXX,8,38,F,1,200109,1,"$64,588",10.7
ST00,11,H,17,,G,0110,1,FO-03,F,XXXX,8,38,F,1,200109,1,"$64,930",22.3
ST00,TW,E,17,,E,0110,1,FP-04,D,XXXX,8,48,F,2,200109,1,"$43,679",10.8
ST00,ID,G,13,,G,0110,1,FO-03,G,XXXX,8,38,F,1,200109,1,"$76,856",24.1
ST00,11,K,04,15,J,0110,1,GS-15,K,XXXX,8,10,F,1,200109,1,"$114,224",39.2
ST00,SA,I,17,,I,0110,1,FE-OC,K,XXXX,2,38,F,1,200109,1,"$114,200",32.1
ST00,11,G,15,,H,0110,1,FO-01,K,XXXX,2,38,F,1,200109,1,"$114,224",25.8
ST00,11,H,14,,G,0110,1,FO-02,I,XXXX,8,38,F,1,200109,1,"$95,681",22.5
ST00,GR,H,13,,F,0110,1,FO-02,G,XXXX,8,38,F,1,200109,1,"$74,875",19.8
ST00,11,F,17,,F,0110,1,FO-02,G,XXXX,8,38,F,1,200109,1,"$75,531",19.6
ST00,CA,G,18,,H,0110,1,FE-MC,L,XXXX,2,38,F,1,200109,1,"$125,500",26.1
ST00,11,F,17,,F,0110,1,FO-02,I,XXXX,8,38,F,1,200109,1,"$92,894",16.5
ST00,11,H,17,14,G,0110,1,GM-14,I,XXXX,5,10,F,1,200109,1,"$97,108",23.3
ST00,11,G,17,13,F,0110,1,GM-13,G,XXXX,5,10,F,1,200109,1,"$77,965",16.5
ST00,11,F,17,,E,0110,1,FO-02,I,XXXX,8,38,F,1,200109,1,"$92,894",13.8
ST00,11,D,13,,E,0110,1,FP-03,F,XXXX,8,38,F,1,200109,1,"$61,202",11.3
ST00,FR,I,17,,F,0110,1,FO-02,I,XXXX,8,38,F,1,200109,1,"$92,087",17.8
ST00,CI,H,17,,H,0110,1,FO-01,J,XXXX,2,38,F,1,200109,1,"$103,623",27.4
ST00,CA,F,13,,F,0110,1,FO-02,G,XXXX,8,38,F,1,200109,1,"$74,875",18.8
ST00,MX,H,21,,E,0110,1,FO-02,H,XXXX,8,38,F,1,200109,1,"$81,818",14.3
ST00,11,F,13,,E,0110,1,FO-03,G,XXXX,8,38,F,1,200109,1,"$70,950",12.3
ST00,TU,F,04,,D,0110,1,FP-04,D,XXXX,8,48,F,2,200109,1,"$46,339",9.4
ST00,11,F,15,,F,0110,1,FO-02,I,XXXX,8,38,F,1,200109,1,"$95,681",15.5
ST00,GH,H,17,,F,0110,1,FO-01,H,XXXX,8,38,F,1,200109,1,"$82,101",19.9
ST00,RS,F,17,,E,0110,1,FO-04,F,XXXX,8,38,F,1,200109,1,"$60,462",14.3
ST00,JM,D,13,,E,0110,1,FO-03,E,XXXX,8,38,F,1,200109,1,"$57,188",10.1
ST00,LH,D,14,,D,0110,1,FP-04,D,XXXX,8,48,F,2,200109,1,"$42,407",6.8
ST00,CH,D,04,,D,0110,1,FP-04,D,XXXX,8,48,F,2,200109,1,"$42,407",7.3
SZ00,11,G,21,15,E,0110,1,GS-15,K,XXXX,2,15,F,1,200109,1,"$111,295",10.8
SZ00,11,H,21,14,F,0110,1,GS-14,I,XXXX,8,10,F,1,200109,1,"$94,618",17.2
SZ00,11,E,21,12,B,0110,1,GS-12,F,XXXX,8,15,F,1,200109,1,"$69,099",2.1
SZ00,11,G,21,14,E,0110,1,GS-14,I,XXXX,8,15,P,2,200109,1,"$97,108",13.5
SZ00,24,D,21,13,B,0110,1,GS-13,F,XXXX,8,15,F,1,200109,1,"$65,319",1.9
SZ00,24,G,18,15,G,0110,1,GS-15,K,XXXX,8,10,F,1,200109,1,"$111,295",23.3
SZ00,11,E,21,13,B,0110,1,GS-13,H,XXXX,8,15,F,1,200109,1,"$80,072",2.1
SZ00,11,H,21,15,E,0110,1,GS-15,J,XXXX,8,10,F,1,200109,1,"$108,366",13.3
SZ00,11,C,13,12,C,0110,1,GS-12,E,XXXX,8,10,F,1,200109,1,"$53,156",3.9
SZ00,11,D,14,12,D,0110,1,GS-12,F,XXXX,8,15,F,1,200109,1,"$67,327",9.2
SZ00,24,D,21,13,D,0110,1,GS-13,F,XXXX,8,10,F,1,200109,1,"$69,534",5.0
SZ00,24,C,17,12,C,0110,1,GS-12,E,XXXX,8,10,F,1,200109,1,"$53,156",3.0
SZ00,24,H,17,15,H,0110,1,GS-15,I,XXXX,7,10,F,1,200109,1,"$96,651",25.3
SZ00,11,K,21,15,J,0110,1,GS-15,K,XXXX,8,10,F,1,200109,1,"$114,224",36.8
SZ00,24,F,09,13,G,0110,1,GS-13,H,XXXX,8,10,F,1,200109,1,"$82,180",21.8
SZ00,11,C,21,12,B,0110,1,GS-12,F,XXXX,8,15,F,1,200109,1,"$63,785",1.1
SZ00,11,E,21,14,D,0110,1,GS-14,H,XXXX,8,10,F,1,200109,1,"$84,658",9.2
SZ00,11,F,21,13,D,0110,1,GS-13,G,XXXX,8,10,F,1,200109,1,"$73,749",8.1
SZ00,11,I,21,14,G,0110,1,GS-14,I,XXXX,8,10,F,1,200109,1,"$97,108",22.4
SZ00,11,D,21,14,C,0110,1,GS-14,G,XXXX,8,10,F,1,200109,1,"$79,678",4.2
SZ00,11,E,18,13,C,0110,1,GS-13,F,XXXX,8,10,F,1,200109,1,"$67,427",3.1
SZ00,11,E,21,13,D,0110,1,GS-13,F,XXXX,8,15,F,1,200109,1,"$65,319",8.9
SZ00,11,D,21,12,B,0110,1,GS-12,F,XXXX,8,15,F,1,200109,1,"$63,785",1.0
SZ00,11,F,21,13,C,0110,1,GS-13,G,XXXX,8,10,F,1,200109,1,"$73,749",4.1
SZ00,24,J,21,14,H,0110,1,GS-14,I,XXXX,8,10,F,1,200109,1,"$97,108",29.2
SZ00,11,E,21,13,B,0110,1,GS-13,G,XXXX,8,15,F,1,200109,1,"$73,749",1.8
SZ00,24,D,13,13,D,0110,1,GS-13,F,XXXX,8,10,F,1,200109,1,"$65,319",7.9
SZ00,11,H,17,14,I,0110,1,GS-14,I,XXXX,8,10,F,1,200109,1,"$97,108",31.0
SZ00,11,F,21,13,B,0110,1,GS-13,F,XXXX,8,15,F,1,200109,1,"$67,427",2.2
SZ00,11,E,21,13,B,0110,1,GS-13,F,XXXX,8,15,F,1,200109,1,"$67,427",2.3
SZ00,11,I,21,15,I,0110,1,GS-15,K,XXXX,8,10,F,1,200109,1,"$114,224",30.3
SZ00,11,G,13,15,G,0110,1,GS-15,J,XXXX,8,10,F,1,200109,1,"$105,437",24.6
SZ00,11,D,21,14,C,0110,1,GS-14,G,XXXX,8,10,F,1,200109,1,"$77,187",4.0
SZ00,11,F,21,14,B,0110,1,GS-14,H,XXXX,8,15,F,1,200109,1,"$89,638",2.8
SZ00,11,F,21,14,C,0110,1,GS-14,H,XXXX,8,10,F,1,200109,1,"$84,658",3.1
SZ00,24,D,18,13,C,0110,1,GS-13,F,XXXX,8,10,F,1,200109,1,"$63,211",3.2
TC00,11,F,21,,F,0110,1,ES-03,M,XXXX,2,50,F,1,200109,1,"$131,615",17.0
TC00,11,E,17,13,E,0110,1,GS-13,G,XXXX,8,10,F,1,200109,1,"$75,857",13.5
TC00,11,I,17,14,I,0110,1,GS-14,I,XXXX,8,10,F,1,200109,1,"$97,108",34.9
TC00,11,G,21,14,B,0110,1,GS-14,I,XXXX,8,15,F,1,200109,1,"$97,108",1.2
TC00,11,E,13,15,F,0110,1,GS-15,J,XXXX,2,10,F,1,200109,1,"$105,437",15.6
TC00,11,D,21,12,A,0110,1,GS-12,E,XXXX,8,15,F,1,200109,1,"$53,156",0.3
TC00,11,K,17,13,I,0110,1,GS-13,H,XXXX,8,10,F,1,200109,1,"$82,180",34.9
TC00,11,E,21,14,D,0110,1,GS-14,H,XXXX,8,10,F,1,200109,1,"$82,168",7.0
TC00,11,K,21,12,H,0110,1,GS-12,F,XXXX,8,10,F,1,200109,1,"$69,099",27.4
TC00,11,G,17,13,G,0110,1,GS-13,G,XXXX,8,10,F,1,200109,1,"$77,965",21.4
TC00,11,D,21,13,B,0110,1,GS-13,G,XXXX,8,15,F,1,200109,1,"$71,642",2.8
TC00,11,D,18,13,B,0110,1,GS-13,F,XXXX,8,15,F,1,200109,1,"$63,211",2.6
TC00,11,D,17,13,D,0110,1,GS-13,G,XXXX,8,20,P,2,200109,1,"$77,965",9.9
TC00,11,H,17,14,H,0110,1,GS-14,H,XXXX,8,10,F,1,200109,1,"$87,148",25.7
TC00,11,G,21,15,E,0110,1,GS-15,K,XXXX,8,10,F,1,200109,1,"$114,224",11.2
TC00,11,H,21,14,F,0110,1,GS-14,I,XXXX,8,10,F,1,200109,1,"$97,108",16.3
TC00,11,H,21,15,E,0110,1,GS-15,K,XXXX,2,10,F,1,200109,1,"$114,224",11.1
TC00,11,D,17,13,E,0110,1,GS-13,F,XXXX,8,15,F,1,200109,1,"$67,427",10.5
TC00,11,H,18,13,F,0110,1,GS-13,G,XXXX,8,10,F,1,200109,1,"$73,749",18.9
TC00,11,I,21,15,F,0110,1,GS-15,J,XXXX,8,10,F,1,200109,1,"$108,366",15.4
TC00,11,F,17,13,G,0110,1,GS-13,G,XXXX,8,10,F,1,200109,1,"$77,965",21.2
TC00,11,E,21,12,A,0110,1,GS-12,F,XXXX,8,15,F,1,200109,1,"$69,099",0.9
TC00,11,C,18,13,B,0110,1,GS-13,F,XXXX,8,15,F,1,200109,1,"$63,211",2.3
TC00,11,F,21,14,D,0110,1,GS-14,I,XXXX,8,10,F,1,200109,1,"$92,128",7.3
TC00,11,D,21,14,B,0110,1,GS-14,G,XXXX,8,15,F,1,200109,1,"$79,678",2.3
TC00,11,G,17,14,F,0110,1,GS-14,H,XXXX,8,10,F,1,200109,1,"$89,638",18.3
TC00,11,D,21,13,B,0110,1,GS-13,G,XXXX,8,15,F,1,200109,1,"$73,749",2.4
TC00,11,B,13,05,A,0110,1,GS-05,B,XXXX,8,42,F,2,200109,1,"$24,192",0.3
TC00,11,G,18,13,C,0110,1,GS-13,F,XXXX,8,10,F,1,200109,1,"$65,319",3.3
TC00,11,H,21,14,G,0110,1,GS-14,I,XXXX,8,10,F,1,200109,1,"$97,108",21.6
TC00,11,G,18,15,F,0110,1,GS-15,J,XXXX,2,10,F,1,200109,1,"$108,366",16.1
TC00,11,I,21,15,I,0110,1,GS-15,K,XXXX,8,10,F,1,200109,1,"$114,224",30.0
TC00,11,D,21,14,B,0110,1,GS-14,G,XXXX,8,15,F,1,200109,1,"$74,697",2.3
TC00,11,I,17,14,H,0110,1,GS-14,I,XXXX,8,10,F,1,200109,1,"$97,108",29.9
TC00,11,G,21,14,D,0110,1,GS-14,G,XXXX,8,10,F,1,200109,1,"$74,697",5.2
TC00,11,D,21,14,A,0110,1,GS-14,I,XXXX,8,15,F,1,200109,1,"$97,108",0.4
TC00,11,C,17,11,D,0110,1,GS-11,D,XXXX,8,15,F,1,200109,1,"$44,352",6.0
TC00,11,G,21,13,D,0110,1,GS-13,F,XXXX,8,10,F,1,200109,1,"$65,319",6.1
TC00,11,F,21,13,D,0110,1,GS-13,F,XXXX,8,15,F,1,200109,1,"$67,427",5.7
TC00,11,C,16,07,A,0110,1,GS-07,B,XXXX,8,42,P,2,200109,1,"$29,966",0.3
TC00,11,H,17,13,I,0110,1,GS-13,H,XXXX,8,10,F,1,200109,1,"$82,180",30.1
TC00,11,G,17,14,G,0110,1,GS-14,H,XXXX,8,10,F,1,200109,1,"$87,148",21.0
TD01,11,I,14,13,I,0110,1,GS-13,H,XXXX,8,10,F,1,200109,1,"$82,180",32.0
TD01,11,H,13,14,H,0110,1,GM-14,I,XXXX,5,10,F,1,200109,1,"$97,108",27.1
TD01,11,G,17,14,F,0110,1,GS-14,I,XXXX,8,10,F,1,200109,1,"$97,108",16.3
TD01,11,I,18,14,H,0110,1,GM-14,I,XXXX,5,10,F,1,200109,1,"$97,108",29.7
TD01,11,H,14,14,H,0110,1,GM-14,I,XXXX,5,10,F,1,200109,1,"$94,988",25.9
TD01,11,I,18,15,J,0110,1,GM-15,K,XXXX,2,10,F,1,200109,1,"$114,224",35.2
TD01,11,H,13,15,H,0110,1,GM-15,K,XXXX,2,10,F,1,200109,1,"$114,224",27.0
TD01,11,I,18,14,C,0110,1,GS-14,G,XXXX,8,15,F,1,200109,1,"$77,187",3.9
TD01,11,I,17,15,J,0110,1,GM-15,K,XXXX,5,10,F,1,200109,1,"$114,224",36.8
TD01,11,C,05,14,D,0110,1,GS-14,G,XXXX,8,30,P,2,200109,1,"$74,697",5.8
TD01,11,H,13,15,I,0110,1,GS-15,K,XXXX,8,10,F,1,200109,1,"$114,224",32.3
TD01,11,G,13,14,G,0110,1,GM-14,I,XXXX,5,10,F,1,200109,1,"$90,879",22.9
TD01,11,H,17,15,H,0110,1,GS-15,K,XXXX,8,10,F,1,200109,1,"$114,224",28.5
TD02,51,C,17,12,C,0110,1,GS-12,E,XXXX,8,10,F,1,200109,1,"$53,156",3.7
TD02,11,G,17,13,B,0110,1,GS-13,F,XXXX,8,15,F,1,200109,1,"$63,211",1.6
TD02,11,I,17,14,B,0110,1,GS-14,G,XXXX,8,15,F,1,200109,1,"$79,678",2.5
TD02,11,D,17,15,D,0110,1,GS-15,H,XXXX,2,10,F,1,200109,1,"$87,864",9.7
TD02,51,C,17,12,B,0110,1,GS-12,E,XXXX,8,15,F,1,200109,1,"$53,156",1.8
TD02,51,C,17,11,B,0110,1,GS-11,D,XXXX,8,15,F,1,200109,1,"$44,352",1.4
TD02,11,E,17,09,Z,0110,1,GS-09,C,XXXX,8,15,F,1,200109,1,"$39,099",
TD02,11,C,13,12,A,0110,1,GS-12,E,XXXX,8,15,F,1,200109,1,"$53,156",0.8
TD03,11,H,09,14,D,0110,1,FG-14,G,XXXX,8,38,F,1,200109,1,"$74,697",5.5
TD03,11,J,17,13,C,0110,1,FG-13,G,XXXX,8,38,F,1,200109,1,"$75,857",4.0
TD03,11,G,15,14,G,0110,1,FG-14,I,XXXX,8,38,F,1,200109,1,"$92,128",20.3
TD03,11,G,17,13,A,0110,1,FG-13,F,XXXX,8,38,F,1,200109,1,"$63,211",0.1
TD03,11,J,04,13,C,0110,1,FG-13,F,XXXX,8,38,F,1,200109,1,"$69,534",3.4
TD03,11,H,14,,I,0110,1,FV-KK,K,XXXX,2,38,F,1,200109,1,"$111,623",30.7
TD03,11,I,17,14,I,0110,1,FG-14,I,XXXX,8,38,F,1,200109,1,"$94,618",34.0
TD03,11,G,17,14,E,0110,1,FG-14,H,XXXX,8,38,F,1,200109,1,"$89,638",13.2
TD03,11,G,17,13,A,0110,1,FG-13,F,XXXX,8,38,F,1,200109,1,"$67,427",0.5
TD03,11,I,14,14,I,0110,1,FG-14,I,XXXX,8,38,F,1,200109,1,"$92,128",33.0
TD03,11,G,17,13,C,0110,1,FG-13,F,XXXX,8,38,F,1,200109,1,"$69,534",3.5
TD03,11,F,13,12,D,0110,1,FG-12,E,XXXX,8,38,F,1,200109,1,"$54,928",6.8
TD03,11,J,17,,H,0110,1,FV-KK,K,XXXX,2,38,F,1,200109,1,"$114,400",28.8
TD03,11,E,04,,B,0110,1,FV-JJ,H,XXXX,8,38,F,1,200109,1,"$86,113",1.9
TD03,11,I,17,13,C,0110,1,FG-13,G,XXXX,8,38,F,1,200109,1,"$75,857",4.7
TD03,11,H,17,14,G,0110,1,FG-14,I,XXXX,8,38,F,1,200109,1,"$94,618",23.9
TD03,11,D,17,13,C,0110,1,FG-13,H,XXXX,8,38,F,1,200109,1,"$82,180",3.1
TD03,11,H,14,,I,0110,1,FV-KK,J,XXXX,8,38,F,1,200109,1,"$102,508",30.3
TD03,11,I,04,13,D,0110,1,FG-13,F,XXXX,8,38,F,1,200109,1,"$69,534",5.1
TD03,11,C,17,12,A,0110,1,FG-12,F,XXXX,8,38,F,1,200109,1,"$62,013",0.1
TD03,11,K,14,,J,0110,1,FV-KK,K,XXXX,2,38,F,1,200109,1,"$116,002",39.6
TD03,11,H,14,14,F,0110,1,FG-14,I,XXXX,8,38,F,1,200109,1,"$97,108",16.2
TD03,11,F,12,14,D,0110,1,FG-14,H,XXXX,8,38,F,1,200109,1,"$84,658",5.0
TD03,11,H,21,14,H,0110,1,FG-14,I,XXXX,8,38,F,1,200109,1,"$94,618",25.4
TD03,11,G,13,13,E,0110,1,FG-13,F,XXXX,8,38,F,1,200109,1,"$69,534",10.3
TD03,11,H,21,15,H,0110,1,FG-15,K,XXXX,8,38,F,1,200109,1,"$114,224",28.5
TD03,11,H,04,,D,0110,1,FV-KK,I,XXXX,2,38,F,1,200109,1,"$94,839",6.2
TD03,11,E,17,14,A,0110,1,FG-14,G,XXXX,8,38,F,1,200109,1,"$74,697",0.9
TD03,11,I,12,,H,0110,1,FV-KK,J,XXXX,2,38,F,1,200109,1,"$109,638",25.7
TD03,11,D,17,11,C,0110,1,FG-11,D,XXXX,8,38,F,1,200109,1,"$45,830",4.3
TD03,11,G,17,14,G,0110,1,FG-14,H,XXXX,8,38,F,1,200109,1,"$89,638",21.3
TD04,11,E,17,13,E,0110,1,GS-13,G,XXXX,8,10,P,2,200109,1,"$71,642",11.1
TD04,11,I,21,15,E,0110,1,GS-15,I,XXXX,5,10,F,1,200109,1,"$99,580",11.2
TD04,11,E,21,13,D,0110,1,GS-13,G,XXXX,8,10,P,2,200109,1,"$71,642",6.0
TD04,11,D,21,14,A,0110,1,GS-14,G,XXXX,5,15,F,1,200109,1,"$74,697",0.0
TD05,11,I,15,15,I,0110,1,GS-15,K,XXXX,8,10,F,1,200109,1,"$114,224",31.2
TD05,11,H,18,14,H,0110,1,GS-14,I,XXXX,8,10,F,1,200109,1,"$97,108",26.1
TD05,11,G,16,14,G,0110,1,GS-14,H,XXXX,8,10,F,1,200109,1,"$89,638",24.7
TD05,11,I,15,15,H,0110,1,GS-15,K,XXXX,8,10,F,1,200109,1,"$114,224",29.1
TD05,11,I,17,12,A,0110,1,GS-12,E,XXXX,8,15,F,1,200109,1,"$53,156",0.2
TD05,11,G,13,15,H,0110,1,GS-15,J,XXXX,2,10,F,1,200109,1,"$105,437",25.4
TD05,11,I,18,15,H,0110,1,GS-15,K,XXXX,8,10,F,1,200109,1,"$114,224",25.8
TD05,11,D,17,14,E,0110,1,GS-14,H,XXXX,8,10,F,1,200109,1,"$84,658",10.4
TD05,11,H,17,14,E,0110,1,GS-14,H,XXXX,8,10,F,1,200109,1,"$89,638",13.2
TD05,11,E,17,14,E,0110,1,GS-14,H,XXXX,8,10,F,1,200109,1,"$84,658",10.6
TD05,11,D,14,12,D,0110,1,GS-12,E,XXXX,8,10,F,1,200109,1,"$54,928",8.6
TD05,11,K,14,15,I,0110,1,GS-15,K,XXXX,8,10,F,1,200109,1,"$114,224",31.8
TD05,11,D,13,13,D,0110,1,GS-13,F,XXXX,8,10,F,1,200109,1,"$63,211",5.0
TD05,11,C,08,09,C,0110,1,GS-09,C,XXXX,8,10,F,1,200109,1,"$36,656",4.0
TD06,11,E,18,14,F,0110,1,GS-14,Z,XXXX,5,10,F,1,200109,1,,19.8
TD09,11,F,17,12,C,0110,1,GS-12,E,XXXX,8,10,F,1,200109,1,"$56,699",4.0
TD09,11,G,13,14,H,0110,1,GM-14,I,XXXX,5,10,F,1,200109,1,"$93,379",25.4
TD09,11,H,17,13,D,0110,1,GS-13,G,XXXX,8,15,F,1,200109,1,"$75,857",9.4
TD09,11,H,17,15,G,0110,1,GS-15,K,XXXX,8,10,F,1,200109,1,"$114,224",21.4
TD10,11,I,21,13,D,0110,1,GS-13,F,XXXX,8,10,F,1,200109,1,"$69,534",9.7
TD11,25,G,18,14,G,0110,1,GS-14,H,XXXX,8,10,F,1,200109,1,"$88,650",20.8
TD11,25,K,21,14,G,0110,1,GS-14,I,XXXX,8,10,F,1,200109,1,"$93,716",23.3
TD11,11,G,16,13,B,0110,1,GS-13,F,XXXX,8,15,F,1,200109,1,"$69,534",1.0
TD11,25,E,22,12,A,0110,1,GS-12,G,XXXX,8,15,F,1,200109,1,"$70,290",0.3
TD11,11,G,17,14,G,0110,1,GM-14,I,XXXX,5,10,F,1,200109,1,"$93,377",21.5
TD11,25,F,17,13,D,0110,1,GS-13,G,XXXX,8,10,F,1,200109,1,"$77,165",5.1
TD11,25,D,17,13,D,0110,1,GS-13,F,XXXX,8,10,F,1,200109,1,"$68,589",5.8
TD11,25,I,22,14,E,0110,1,GS-14,H,XXXX,8,10,F,1,200109,1,"$83,584",10.3
TD11,25,H,18,14,G,0110,1,GS-14,I,XXXX,8,10,F,1,200109,1,"$91,183",23.4
TD11,25,H,21,15,F,0110,1,GM-15,K,XXXX,5,10,F,1,200109,1,"$110,234",18.7
TD11,25,E,20,12,C,0110,1,GS-12,E,XXXX,8,10,I,2,200109,1,"$59,478",4.2
TD13,11,H,17,15,H,0110,1,GS-15,I,XXXX,2,10,F,1,200109,1,"$99,580",27.3
TD13,11,H,17,14,H,0110,1,GS-14,I,XXXX,8,10,F,1,200109,1,"$97,108",27.9
TD13,11,G,14,13,H,0110,1,GS-13,G,XXXX,8,10,F,1,200109,1,"$77,965",27.1
TD13,11,G,08,11,H,0110,1,GS-11,E,XXXX,8,10,F,1,200109,1,"$53,221",26.2
TD13,11,I,17,14,I,0110,1,GS-14,I,XXXX,8,10,F,1,200109,1,"$94,618",30.7
TD13,11,F,04,13,D,0110,1,GS-13,G,XXXX,8,10,F,1,200109,1,"$71,642",7.5
TD13,11,G,13,13,F,0110,1,GS-13,G,XXXX,8,10,F,1,200109,1,"$75,857",18.7
TD15,11,I,21,14,J,0110,1,GM-14,I,XXXX,5,10,F,1,200109,1,"$97,108",36.1
TD15,11,I,20,15,H,0110,1,GM-15,K,XXXX,2,10,F,1,200109,1,"$114,224",29.0
TD15,11,H,13,13,D,0110,1,GS-13,G,XXXX,8,10,F,1,200109,1,"$73,749",7.3
TD15,11,E,04,13,C,0110,1,GS-13,F,XXXX,8,10,F,1,200109,1,"$69,534",4.1
TD15,11,D,04,12,C,0110,1,GS-12,E,XXXX,8,15,P,2,200109,1,"$54,928",3.3
TD15,11,I,17,14,I,0110,1,GM-14,I,XXXX,5,10,F,1,200109,1,"$97,108",31.1
TD15,11,H,14,14,I,0110,1,GM-14,I,XXXX,5,10,F,1,200109,1,"$97,108",30.8
TD16,11,H,22,,G,0110,1,SL-00,L,XXXX,2,10,F,1,200109,1,"$127,651",21.8
TD16,11,D,18,14,D,0110,1,GS-14,G,XXXX,8,10,F,1,200109,1,"$77,187",8.2
TD17,11,F,17,14,E,0110,1,GS-14,H,XXXX,5,10,F,1,200109,1,"$82,168",13.8
TD17,11,E,17,14,D,0110,1,GS-14,G,XXXX,5,10,F,1,200109,1,"$77,187",8.8
TN00,11,G,17,15,G,0110,1,GS-15,J,XXXX,8,10,P,2,200109,1,"$102,508",21.1
TN00,11,D,17,13,D,0110,1,GS-13,F,XXXX,8,10,F,1,200109,1,"$65,319",9.3
TN00,11,I,19,,G,0110,1,ES-04,M,XXXX,2,50,F,1,200109,1,"$133,700",23.7
TN00,SZ,H,17,,H,0110,1,ES-03,K,XXXX,2,50,F,1,200109,1,"$119,400",25.8
TN00,11,F,17,,G,0110,1,ES-04,M,XXXX,2,50,F,1,200109,1,"$133,700",22.8
TN00,11,G,17,15,F,0110,1,GS-15,J,XXXX,8,10,F,1,200109,1,"$102,508",17.0
TN00,11,J,21,14,F,0110,1,GS-14,I,XXXX,8,10,F,1,200109,1,"$92,128",18.3
TN00,11,G,17,15,H,0110,1,GS-15,K,XXXX,2,10,F,1,200109,1,"$114,224",26.2
TN00,11,K,17,15,J,0110,1,GS-15,K,XXXX,4,10,F,1,200109,1,"$114,224",41.6
TN00,11,G,17,15,G,0110,1,GS-15,I,XXXX,8,10,F,1,200109,1,"$96,651",20.1
TN00,SZ,G,13,14,G,0110,1,GS-14,H,XXXX,8,38,F,1,200109,1,"$83,578",23.6
TN00,11,I,21,,I,0110,1,ES-06,M,XXXX,2,50,F,1,200109,1,"$133,700",31.3
TN00,11,J,17,,G,0110,1,ES-06,M,XXXX,2,50,F,1,200109,1,"$133,700",24.8
TN00,11,F,13,15,F,0110,1,GS-15,J,XXXX,8,10,F,1,200109,1,"$105,437",16.0
TN00,11,H,17,15,H,0110,1,GS-15,J,XXXX,8,10,F,1,200109,1,"$105,437",27.6
TN00,11,H,04,10,I,0119,3,GS-10,E,XXXX,8,10,F,1,200109,1,"$51,135",34.0
TN00,SZ,F,15,15,F,0110,1,GS-15,I,XXXX,8,10,F,1,200109,1,"$90,338",15.8
TN00,11,F,17,15,G,0110,1,GS-15,J,XXXX,8,10,F,1,200109,1,"$105,437",20.3
TN00,11,F,17,15,E,0110,1,GS-15,I,XXXX,8,10,F,1,200109,1,"$99,580",14.4
TN00,11,I,19,15,H,0110,1,GS-15,K,XXXX,4,10,F,1,200109,1,"$114,224",29.8
TN00,11,G,13,,G,0110,1,ES-04,M,XXXX,2,50,F,1,200109,1,"$133,700",20.8
TN00,11,G,17,15,G,0110,1,GS-15,J,XXXX,8,10,F,1,200109,1,"$108,366",24.0
TN00,11,H,17,15,H,0110,1,GS-15,J,XXXX,8,10,F,1,200109,1,"$105,437",29.2
TR35,11,F,21,,D,0110,1,TG-22,K,XXXX,8,10,F,1,200109,1,"$117,548",9.1
TR35,11,H,21,,F,0110,1,TG-23,M,XXXX,8,10,F,1,200109,1,"$137,798",18.5
TR35,11,H,21,,E,0110,1,TG-22,J,XXXX,8,10,F,1,200109,1,"$105,353",14.3
TR35,11,F,18,,E,0110,1,TG-20,I,XXXX,8,10,F,1,200109,1,"$96,000",12.5
TR35,11,F,21,,B,0110,1,TG-22,J,XXXX,8,15,F,1,200109,1,"$108,181",2.2
TR91,HU,K,21,,F,0110,1,FC-12,J,XXXX,8,48,F,2,200109,1,"$103,623",17.6
TR91,11,K,21,15,H,0110,1,GS-15,K,XXXX,8,10,F,1,200109,1,"$114,224",26.7
TR91,11,D,17,14,C,0110,1,GS-14,G,XXXX,8,10,F,1,200109,1,"$74,697",3.9
TR91,11,H,17,,I,0110,1,ES-04,M,XXXX,2,50,F,1,200109,1,"$133,700",30.3
TR91,11,H,17,,H,0110,1,ES-02,L,XXXX,2,50,F,1,200109,1,"$125,883",29.9
TR91,11,I,21,15,E,0110,1,GS-15,I,XXXX,8,40,F,2,200109,1,"$99,580",11.3
TR91,11,C,17,11,A,0110,1,GS-11,E,XXXX,8,40,F,2,200109,1,"$50,265",0.1
TR91,11,K,21,15,I,0110,1,GS-15,K,XXXX,8,10,F,1,200109,1,"$114,224",33.9
TR91,11,G,21,15,E,0110,1,GS-15,J,XXXX,8,10,F,1,200109,1,"$108,366",13.9
TR91,11,E,21,14,C,0110,1,GS-14,G,XXXX,8,40,F,2,200109,1,"$74,697",3.3
TR91,11,E,21,15,D,0110,1,GS-15,I,XXXX,8,15,F,1,200109,1,"$96,651",7.8
TR91,11,G,17,,C,0110,1,ES-01,L,XXXX,2,50,F,1,200109,1,"$120,261",3.1
TR91,11,D,17,13,C,0110,1,GS-13,F,XXXX,8,10,F,1,200109,1,"$63,211",3.8
TR91,11,I,22,,G,0110,1,ES-01,L,XXXX,2,50,F,1,200109,1,"$120,261",23.3
TR91,11,F,17,13,D,0110,1,GS-13,G,XXXX,8,10,F,1,200109,1,"$71,642",9.8
TR91,11,C,17,12,A,0110,1,GS-12,E,XXXX,8,40,F,2,200109,1,"$53,156",0.2
TR91,11,D,11,12,C,0110,1,GS-12,E,XXXX,8,15,F,1,200109,1,"$53,156",3.3
TR91,11,E,17,15,D,0110,1,GS-15,H,XXXX,8,10,F,1,200109,1,"$87,864",8.4
TR91,11,F,21,14,E,0110,1,GS-14,H,XXXX,8,10,F,1,200109,1,"$84,658",11.0
TR91,11,J,22,15,H,0110,1,GM-15,K,XXXX,5,10,F,1,200109,1,"$114,224",25.3
TR91,11,E,17,14,D,0110,1,GS-14,H,XXXX,8,15,F,1,200109,1,"$82,168",6.0
TR91,11,G,21,,F,0110,1,ES-03,M,XXXX,2,50,F,1,200109,1,"$131,615",18.0
TR91,11,E,21,15,D,0110,1,GS-15,K,XXXX,8,10,F,1,200109,1,"$114,224",9.8
TR91,11,J,14,14,G,0110,1,GS-14,I,XXXX,8,10,F,1,200109,1,"$92,128",24.1
TR91,11,G,21,14,E,0110,1,GS-14,I,XXXX,8,10,F,1,200109,1,"$94,618",12.3
TR91,11,D,21,15,C,0110,1,GS-15,H,XXXX,8,10,F,1,200109,1,"$87,864",4.1
TR91,11,I,21,15,I,0110,1,GM-15,K,XXXX,5,10,F,1,200109,1,"$114,224",30.5
TR91,11,F,17,14,D,0110,1,GS-14,H,XXXX,8,15,P,2,200109,1,"$82,168",5.1
TR91,11,D,21,13,B,0110,1,GS-13,G,XXXX,8,40,F,2,200109,1,"$75,857",1.3
TR91,11,C,13,11,B,0110,1,GS-11,D,XXXX,8,15,F,1,200109,1,"$44,352",1.0
TR91,11,D,21,14,C,0110,1,GS-14,G,XXXX,8,15,F,1,200109,1,"$79,678",3.0
TR91,11,D,17,13,D,0110,1,GS-13,F,XXXX,8,10,F,1,200109,1,"$69,534",6.2
TR91,11,E,17,15,D,0110,1,GS-15,I,XXXX,2,10,F,1,200109,1,"$93,722",6.2
TR91,11,F,21,15,E,0110,1,GS-15,J,XXXX,8,10,F,1,200109,1,"$102,508",11.3
TR91,11,E,13,14,D,0110,1,GS-14,G,XXXX,8,10,F,1,200109,1,"$79,678",7.7
TR91,11,I,13,15,J,0110,1,GS-15,K,XXXX,2,10,F,1,200109,1,"$114,224",35.3
TR91,11,I,17,14,I,0110,1,GS-14,I,XXXX,8,10,F,1,200109,1,"$94,618",32.3
TR91,11,I,21,,G,0110,1,SL-00,L,XXXX,8,10,F,1,200109,1,"$120,261",23.9
TR91,11,H,17,15,I,0110,1,GS-15,K,XXXX,8,10,F,1,200109,1,"$111,295",30.3
TR91,11,H,21,,H,0110,1,ES-04,M,XXXX,2,50,F,1,200109,1,"$133,700",28.3
TR91,11,I,21,15,H,0110,1,GS-15,K,XXXX,8,10,F,1,200109,1,"$114,224",26.7
TR91,11,D,17,11,A,0110,1,GS-11,E,XXXX,8,40,F,2,200109,1,"$50,265",0.3
TR91,11,H,17,,E,0110,1,ES-04,M,XXXX,2,50,F,1,200109,1,"$133,700",12.9
TR91,11,H,17,15,G,0110,1,GS-15,J,XXXX,8,10,F,1,200109,1,"$105,437",24.7
TR91,11,I,14,15,I,0110,1,GS-15,J,XXXX,8,10,F,1,200109,1,"$108,366",32.2
TR91,11,E,14,14,E,0110,1,GS-14,G,XXXX,8,10,F,1,200109,1,"$79,678",13.1
TR91,11,F,21,15,D,0110,1,GS-15,K,XXXX,8,10,F,1,200109,1,"$114,224",8.3
TR91,11,G,17,13,G,0110,1,GS-13,G,XXXX,8,10,F,1,200109,1,"$77,965",22.9
TR91,11,I,18,15,H,0110,1,GS-15,K,XXXX,8,10,F,1,200109,1,"$114,224",27.6
TR91,11,H,17,15,H,0110,1,GS-15,K,XXXX,8,10,F,1,200109,1,"$114,224",27.0
TR91,GM,D,17,13,C,0110,1,GS-13,E,XXXX,8,10,F,1,200109,1,"$59,257",4.8
TR91,11,F,21,13,B,0110,1,GS-13,G,XXXX,8,15,F,1,200109,1,"$73,749",1.1
TR91,11,D,17,15,D,0110,1,GS-15,I,XXXX,8,10,F,1,200109,1,"$90,793",7.3
TR91,11,E,21,15,D,0110,1,GS-15,J,XXXX,8,15,F,1,200109,1,"$102,508",5.0
TR91,11,H,21,13,F,0110,1,GS-13,G,XXXX,8,10,F,1,200109,1,"$75,857",16.2
TR91,11,D,21,14,C,0110,1,GS-14,G,XXXX,8,15,F,1,200109,1,"$77,187",3.0
TR91,11,I,21,,A,0110,1,EF-00,J,XXXX,8,48,I,2,200109,1,"$103,620",0.9
TR91,11,E,21,15,C,0110,1,GS-15,J,XXXX,8,15,F,1,200109,1,"$102,508",4.8
TR91,11,G,17,15,E,0110,1,GS-15,I,XXXX,8,10,F,1,200109,1,"$96,651",11.7
TR91,11,F,21,13,E,0110,1,GS-13,G,XXXX,8,10,F,1,200109,1,"$75,857",14.8
TR91,11,K,17,15,I,0110,1,GS-15,K,XXXX,8,10,F,1,200109,1,"$114,224",30.4
TR91,IV,D,17,13,C,0110,1,GS-13,E,XXXX,8,10,F,1,200109,1,"$59,257",4.6
TR91,11,J,17,14,J,0110,1,GM-14,I,XXXX,4,10,F,1,200109,1,"$97,108",36.3
TR91,11,D,21,13,B,0110,1,GS-13,G,XXXX,8,15,F,1,200109,1,"$77,965",1.1
TR91,11,H,18,15,G,0110,1,GS-15,K,XXXX,8,10,F,1,200109,1,"$114,224",23.2
TR91,11,F,17,13,E,0110,1,GS-13,G,XXXX,8,10,F,1,200109,1,"$75,857",12.2
TR91,11,G,21,,G,0110,1,ES-02,L,XXXX,2,50,F,1,200109,1,"$125,883",20.7
TR91,11,E,21,15,D,0110,1,GS-15,I,XXXX,8,10,F,1,200109,1,"$93,722",6.4
TR91,11,C,13,13,B,0110,1,GS-13,F,XXXX,8,40,F,2,200109,1,"$63,211",1.0
TR91,11,B,13,09,B,0110,1,GS-09,C,XXXX,8,40,F,2,200109,1,"$39,099",1.3
TR91,11,E,17,14,E,0110,1,GS-14,H,XXXX,8,10,F,1,200109,1,"$84,658",14.5
TR91,11,G,13,15,G,0110,1,GS-15,I,XXXX,8,10,F,1,200109,1,"$99,580",24.2
TR91,11,J,17,,J,0110,1,ES-01,L,XXXX,2,50,F,1,200109,1,"$120,261",36.3
TR91,11,H,18,15,G,0110,1,GS-15,K,XXXX,8,10,F,1,200109,1,"$114,224",23.5
TR91,11,F,21,15,F,0110,1,GS-15,J,XXXX,8,10,F,1,200109,1,"$105,437",17.3
TR91,11,G,21,15,A,0110,1,GS-15,J,XXXX,8,10,F,1,200109,1,"$102,508",0.2
TR91,11,J,21,14,E,0110,1,GS-14,H,XXXX,8,10,F,1,200109,1,"$84,658",13.8
TR91,11,E,17,13,E,0110,1,GS-13,G,XXXX,8,10,F,1,200109,1,"$73,749",10.4
TR91,11,J,18,13,J,0110,1,GS-13,H,XXXX,8,10,F,1,200109,1,"$82,180",37.4
TR91,11,E,17,14,D,0110,1,GS-14,H,XXXX,8,10,F,1,200109,1,"$82,168",9.9
TR91,11,B,13,07,A,0110,1,GS-07,B,XXXX,8,15,F,1,200109,1,"$29,966",0.3
TR91,11,F,13,13,E,0110,1,GS-13,F,XXXX,8,10,F,1,200109,1,"$67,427",13.4
TR91,11,I,17,,H,0110,1,SL-00,M,XXXX,8,10,F,1,200109,1,"$133,700",28.3
TR91,11,G,17,,F,0110,1,ES-01,L,XXXX,2,50,F,1,200109,1,"$120,261",17.0
TR91,11,G,17,14,F,0110,1,GS-14,I,XXXX,8,10,F,1,200109,1,"$92,128",18.3
TR91,11,G,13,14,G,0110,1,GS-14,I,XXXX,8,10,F,1,200109,1,"$92,128",22.3
TR91,11,G,21,15,G,0110,1,GS-15,K,XXXX,2,10,F,1,200109,1,"$111,295",20.8
TR91,11,F,13,15,E,0110,1,GS-15,H,XXXX,8,10,F,1,200109,1,"$87,864",12.9
TR91,11,E,21,15,E,0110,1,GS-15,I,XXXX,8,10,F,1,200109,1,"$93,722",10.0
TR91,11,G,17,,H,0110,1,ES-02,L,XXXX,2,50,F,1,200109,1,"$125,883",25.6
TR91,11,D,17,14,D,0110,1,GS-14,G,XXXX,8,10,F,1,200109,1,"$74,697",7.6
TR91,11,H,17,15,F,0110,1,GS-15,I,XXXX,2,10,F,1,200109,1,"$99,580",18.3
TR91,11,E,17,,E,0110,1,ES-02,L,XXXX,2,50,F,1,200109,1,"$125,883",11.9
TR91,11,F,13,13,B,0110,1,GS-13,G,XXXX,8,40,F,2,200109,1,"$77,965",1.5
TR91,11,B,13,07,A,0110,1,GS-07,B,XXXX,8,15,F,1,200109,1,"$29,966",0.5
TR91,11,J,17,,J,0110,1,ES-01,L,XXXX,2,50,F,1,200109,1,"$120,261",40.9
TR91,11,I,21,14,A,0110,1,GS-14,I,XXXX,8,40,F,2,200109,1,"$97,108",0.3
TR91,11,D,17,14,A,0110,1,GS-14,I,XXXX,8,40,F,2,200109,1,"$97,108",0.2
TR91,11,F,17,14,E,0110,1,GS-14,H,XXXX,8,10,F,1,200109,1,"$84,658",10.4
TR91,11,E,13,13,D,0110,1,GS-13,F,XXXX,8,10,F,1,200109,1,"$65,319",9.7
TR91,11,I,14,14,I,0110,1,GS-14,I,XXXX,8,10,F,1,200109,1,"$97,108",33.9
TR91,11,D,17,15,D,0110,1,GS-15,I,XXXX,8,10,F,1,200109,1,"$90,793",9.2
TR91,11,J,17,15,G,0110,1,GS-15,J,XXXX,8,10,F,1,200109,1,"$108,366",23.4
TR91,11,D,21,15,C,0110,1,GS-15,H,XXXX,8,10,F,1,200109,1,"$87,864",4.0
TR91,11,B,17,09,A,0110,1,GS-09,D,XXXX,8,15,F,1,200109,1,"$41,541",0.0
TR91,11,G,13,15,G,0110,1,GS-15,J,XXXX,8,10,F,1,200109,1,"$102,508",24.8
TR91,11,C,04,09,B,0110,1,GS-09,C,XXXX,8,30,F,1,200109,1,"$37,877",1.1
TR91,11,D,17,,D,0110,1,ES-01,L,XXXX,2,50,F,1,200109,1,"$120,261",5.6
TR91,11,G,14,15,G,0110,1,GS-15,I,XXXX,8,10,F,1,200109,1,"$99,580",24.3
TR91,11,H,21,15,E,0110,1,GS-15,I,XXXX,8,10,F,1,200109,1,"$99,580",11.6
TR91,11,F,21,,F,0110,1,ES-02,L,XXXX,2,50,F,1,200109,1,"$125,883",15.3
TR91,11,I,21,14,H,0110,1,GS-14,I,XXXX,8,10,F,1,200109,1,"$97,108",26.0
TR91,11,D,13,14,D,0110,1,GS-14,G,XXXX,8,10,F,1,200109,1,"$77,187",6.6
TR91,11,G,14,15,F,0110,1,GS-15,I,XXXX,2,10,F,1,200109,1,"$99,580",18.3
TR91,11,H,18,15,G,0110,1,GS-15,K,XXXX,8,10,F,1,200109,1,"$111,295",21.2
TR91,11,J,21,15,F,0110,1,GS-15,K,XXXX,8,10,F,1,200109,1,"$114,224",19.2
TR91,11,G,21,15,G,0110,1,GS-15,J,XXXX,8,10,F,1,200109,1,"$108,366",20.8
TR91,11,I,17,15,J,0110,1,GS-15,J,XXXX,8,10,F,1,200109,1,"$105,437",35.6
TR91,11,E,18,15,C,0110,1,GS-15,I,XXXX,8,40,F,2,200109,1,"$90,793",4.4
TR91,11,D,17,14,B,0110,1,GS-14,H,XXXX,8,15,F,1,200109,1,"$82,168",2.3
TR91,IV,G,18,14,E,0110,1,GS-14,H,XXXX,8,10,F,1,200109,1,"$81,319",10.4
TR91,11,E,17,14,C,0110,1,GS-14,G,XXXX,8,10,F,1,200109,1,"$74,697",4.8
TR91,JA,D,17,13,C,0110,1,GS-13,E,XXXX,8,15,F,1,200109,1,"$57,345",3.3
TR91,11,G,17,,G,0110,1,ES-03,M,XXXX,2,50,F,1,200109,1,"$131,615",23.3
TR91,11,G,17,15,F,0110,1,GS-15,I,XXXX,8,10,F,1,200109,1,"$96,651",16.5
TR91,11,G,13,15,H,0110,1,GM-15,J,XXXX,5,10,F,1,200109,1,"$108,366",25.2
TR91,11,F,21,15,E,0110,1,GS-15,H,XXXX,8,10,F,1,200109,1,"$87,864",10.1
TR91,11,H,21,15,G,0110,1,GS-15,K,XXXX,8,10,P,2,200109,1,"$114,224",21.5
TR91,11,D,21,,A,0110,1,ES-01,L,XXXX,2,55,F,1,200109,1,"$120,261",0.3
TR91,11,F,17,15,E,0110,1,GS-15,I,XXXX,8,40,F,2,200109,1,"$93,722",11.0
TR91,11,I,21,,H,0110,1,ES-04,M,XXXX,2,50,F,1,200109,1,"$133,700",27.1
TR91,11,D,17,11,D,0110,1,GS-11,D,XXXX,8,15,F,1,200109,1,"$44,352",6.0
TR91,11,C,17,09,A,0110,1,GS-09,C,XXXX,8,15,F,1,200109,1,"$36,656",0.9
TR91,11,F,17,15,F,0110,1,GS-15,J,XXXX,8,10,F,1,200109,1,"$102,508",17.3
TR91,11,D,16,14,C,0110,1,GS-14,G,XXXX,8,20,F,2,200109,1,"$74,697",4.4
TR91,11,D,17,13,A,0110,1,GS-13,H,XXXX,8,48,F,2,200109,1,"$82,180",0.5
TR91,11,F,22,,C,0110,1,ES-03,M,XXXX,2,55,F,1,200109,1,"$131,615",4.3
TR91,11,G,21,15,F,0110,1,GS-15,K,XXXX,8,10,F,1,200109,1,"$114,224",19.3
TR91,11,F,17,15,F,0110,1,GS-15,K,XXXX,8,10,F,1,200109,1,"$111,295",19.3
TR91,11,C,17,12,B,0110,1,GS-12,E,XXXX,8,15,F,1,200109,1,"$53,156",1.1
TR91,11,I,17,14,H,0110,1,GS-14,I,XXXX,8,10,F,1,200109,1,"$97,108",29.1
TR91,11,G,17,13,F,0110,1,GS-13,G,XXXX,8,10,F,1,200109,1,"$75,857",17.5
TR91,11,G,21,15,G,0110,1,GS-15,K,XXXX,8,10,F,1,200109,1,"$114,224",20.8
TR91,11,E,21,13,B,0110,1,GS-13,F,XXXX,8,15,F,1,200109,1,"$65,319",2.1
TR91,11,F,21,,B,0110,1,ES-03,M,XXXX,2,50,F,1,200109,1,"$131,615",1.7
TR91,11,E,17,12,B,0110,1,GS-12,E,XXXX,8,15,F,1,200109,1,"$53,156",2.0
TR91,11,B,17,11,B,0110,1,GS-11,D,XXXX,8,15,F,1,200109,1,"$44,352",1.8
TR91,11,G,17,13,F,0110,1,GS-13,G,XXXX,8,10,F,1,200109,1,"$75,857",17.8
TR91,11,D,17,12,D,0110,1,GS-12,E,XXXX,8,15,F,1,200109,1,"$54,928",5.0
TR91,11,I,21,15,F,0110,1,GS-15,K,XXXX,8,10,F,1,200109,1,"$114,224",15.1
TR91,11,G,21,15,D,0110,1,GS-15,I,XXXX,8,10,F,1,200109,1,"$96,651",7.1
TR91,11,G,17,14,G,0110,1,GS-14,H,XXXX,8,10,F,1,200109,1,"$89,638",24.0
TR91,11,D,17,14,D,0110,1,GS-14,G,XXXX,2,10,F,1,200109,1,"$77,187",6.6
TR91,11,H,21,12,A,0110,1,GS-12,E,XXXX,8,10,F,1,200109,1,"$53,156",0.2
TR91,11,I,18,,I,0110,1,ES-04,M,XXXX,2,50,F,1,200109,1,"$133,700",32.8
TR91,11,F,21,15,D,0110,1,GS-15,I,XXXX,8,10,F,1,200109,1,"$90,793",5.6
TR91,11,G,17,,F,0110,1,ES-03,M,XXXX,2,50,F,1,200109,1,"$131,615",19.1
TR91,11,G,21,14,E,0110,1,GS-14,I,XXXX,8,10,F,1,200109,1,"$92,128",13.5
TR91,11,G,17,15,F,0110,1,GS-15,I,XXXX,8,10,F,1,200109,1,"$96,651",18.3
TR91,11,I,17,15,I,0110,1,GS-15,K,XXXX,8,10,F,1,200109,1,"$114,224",33.3
TR91,11,E,16,,E,0110,1,ES-01,L,XXXX,2,50,F,1,200109,1,"$120,261",13.3
TR91,11,E,13,15,E,0110,1,GS-15,I,XXXX,8,10,F,1,200109,1,"$93,722",12.3
TR91,11,B,13,07,A,0110,1,GS-07,C,XXXX,8,40,F,2,200109,1,"$36,957",0.2
TR91,11,C,17,13,B,0110,1,GS-13,G,XXXX,8,15,F,1,200109,1,"$73,749",2.1
TR91,27,F,17,14,F,0110,1,GS-14,H,XXXX,8,10,P,2,200109,1,"$89,695",17.4
TR91,11,C,17,12,B,0110,1,GS-12,F,XXXX,8,40,F,2,200109,1,"$62,013",2.0
TR91,11,I,17,15,E,0110,1,GS-15,K,XXXX,2,15,F,1,200109,1,"$114,224",14.0
TR91,11,D,21,13,B,0110,1,GS-13,F,XXXX,8,15,F,1,200109,1,"$63,211",2.0
TR91,11,I,17,15,I,0110,1,GM-15,K,XXXX,2,10,F,1,200109,1,"$114,224",31.3
TR91,11,G,17,13,D,0110,1,GS-13,H,XXXX,8,10,P,2,200109,1,"$82,180",9.0
TR91,11,E,18,14,D,0110,1,GS-14,I,XXXX,8,10,F,1,200109,1,"$97,108",6.0
TR91,11,E,21,15,C,0110,1,GS-15,K,XXXX,2,40,F,2,200109,1,"$114,224",3.5
TR91,11,F,21,14,F,0110,1,GS-14,H,XXXX,8,10,F,1,200109,1,"$89,638",16.3
TR91,11,D,21,15,C,0110,1,GS-15,H,XXXX,8,10,F,1,200109,1,"$87,864",4.2
TR91,11,D,13,11,B,0110,1,GS-11,D,XXXX,8,38,F,1,200109,1,"$44,352",1.1
TR91,11,D,21,12,B,0110,1,GS-12,E,XXXX,8,15,F,1,200109,1,"$58,470",1.0
TR91,11,F,21,15,F,0110,1,GS-15,K,XXXX,8,10,F,1,200109,1,"$114,224",16.0
TR91,11,C,17,12,C,0110,1,GS-12,E,XXXX,8,15,F,1,200109,1,"$53,156",4.2
TR91,11,E,21,15,E,0110,1,GS-15,I,XXXX,8,10,F,1,200109,1,"$93,722",14.9
TR91,11,E,17,14,E,0110,1,GS-14,G,XXXX,8,10,F,1,200109,1,"$79,678",10.3
TR91,11,I,14,15,H,0110,1,GS-15,K,XXXX,8,10,F,1,200109,1,"$114,224",27.0
TR91,11,F,17,,A,0110,1,ES-01,L,XXXX,2,55,F,1,200109,1,"$120,261",0.5
TR91,11,F,21,12,A,0110,1,GS-12,F,XXXX,8,40,F,2,200109,1,"$69,099",0.0
TR91,MX,D,17,15,C,0110,1,GS-15,G,XXXX,8,15,F,1,200109,1,"$79,710",3.2
TR91,11,E,17,14,E,0110,1,GS-14,H,XXXX,8,10,F,1,200109,1,"$84,658",10.0
TR91,11,C,17,12,B,0110,1,GS-12,E,XXXX,8,15,F,1,200109,1,"$53,156",2.1
TR91,11,C,17,12,B,0110,1,GS-12,F,XXXX,8,15,F,1,200109,1,"$62,013",1.8
TR91,11,C,21,13,B,0110,1,GS-13,F,XXXX,2,40,F,2,200109,1,"$67,427",2.1
TR91,11,C,21,12,B,0110,1,GS-12,F,XXXX,8,40,F,2,200109,1,"$60,242",1.6
TR91,11,I,21,15,H,0110,1,GS-15,K,XXXX,8,10,F,1,200109,1,"$114,224",29.8
TR91,11,G,18,15,F,0110,1,GS-15,I,XXXX,8,10,F,1,200109,1,"$93,722",18.1
TR91,11,H,17,15,I,0110,1,GS-15,K,XXXX,8,10,F,1,200109,1,"$111,295",30.0
TR91,11,D,21,15,D,0110,1,GS-15,H,XXXX,8,10,F,1,200109,1,"$87,864",5.1
TR91,11,H,19,15,G,0110,1,GS-15,K,XXXX,8,10,F,1,200109,1,"$114,224",21.3
TR91,11,J,21,15,H,0110,1,GS-15,K,XXXX,8,10,F,1,200109,1,"$111,295",26.3
TR91,11,E,21,13,A,0110,1,GS-13,H,XXXX,2,40,F,2,200109,1,"$82,180",0.1
TR91,11,J,21,,H,0110,1,ES-03,M,XXXX,2,50,F,1,200109,1,"$131,615",29.3
TR91,11,G,17,,G,0110,1,ES-03,M,XXXX,2,50,F,1,200109,1,"$131,615",24.1
TR91,11,J,17,14,I,0110,1,GS-14,I,XXXX,8,10,F,1,200109,1,"$97,108",32.8
TR91,11,G,18,15,F,0110,1,GS-15,J,XXXX,8,10,F,1,200109,1,"$108,366",16.0
TR91,11,C,17,11,B,0110,1,GS-11,D,XXXX,8,15,F,1,200109,1,"$44,352",1.0
TR91,11,C,17,12,B,0110,1,GS-12,E,XXXX,8,15,F,1,200109,1,"$53,156",1.3
TR91,11,K,21,15,H,0110,1,GS-15,J,XXXX,8,10,F,1,200109,1,"$108,366",25.3
TR91,11,G,17,15,G,0110,1,GS-15,J,XXXX,8,10,F,1,200109,1,"$105,437",24.2
TR91,11,H,17,15,I,0110,1,GS-15,K,XXXX,8,10,F,1,200109,1,"$114,224",30.6
TR91,11,C,17,12,B,0110,1,GS-12,E,XXXX,8,30,F,1,200109,1,"$53,156",2.2
TR91,11,E,17,,E,0110,1,ES-01,L,XXXX,2,50,F,1,200109,1,"$120,261",12.1
TR91,11,F,17,15,F,0110,1,GS-15,J,XXXX,8,10,F,1,200109,1,"$102,508",17.8
TR91,11,D,21,14,A,0110,1,GS-14,G,XXXX,8,15,F,1,200109,1,"$74,697",0.2
TR91,11,F,21,15,F,0110,1,GS-15,J,XXXX,8,10,F,1,200109,1,"$105,437",16.0
TR91,11,C,17,12,B,0110,1,GS-12,E,XXXX,8,15,F,1,200109,1,"$53,156",1.3
TR91,11,G,17,14,E,0110,1,GS-14,I,XXXX,8,10,F,1,200109,1,"$92,128",11.8
TR91,11,E,13,11,E,0110,1,GS-11,E,XXXX,8,10,F,1,200109,1,"$53,221",13.2
TR91,11,F,21,15,F,0110,1,GS-15,J,XXXX,8,10,F,1,200109,1,"$105,437",16.1
TR91,11,I,21,,G,0110,1,ES-04,M,XXXX,2,50,F,1,200109,1,"$133,700",24.1
TR91,11,D,21,14,D,0110,1,GS-14,G,XXXX,8,10,F,1,200109,1,"$74,697",5.1
TR91,11,D,21,14,A,0110,1,GS-14,H,XXXX,8,15,F,1,200109,1,"$82,168",0.1
TR91,11,C,17,12,B,0110,1,GS-12,F,XXXX,8,15,F,1,200109,1,"$60,242",1.2
TR91,11,J,14,,I,0110,1,ES-04,M,XXXX,2,50,F,1,200109,1,"$133,700",31.9
TR93,11,C,17,12,C,0110,1,GS-12,E,XXXX,8,10,F,1,200109,1,"$53,156",3.2
TR93,48,I,04,13,A,0110,1,GS-13,F,XXXX,8,15,F,1,200109,1,"$66,899",0.4
TR93,06,H,17,13,F,0110,1,GS-13,H,XXXX,8,10,F,1,200109,1,"$83,080",16.1
TR93,25,E,13,12,E,0110,1,GS-12,E,XXXX,8,10,F,1,200109,1,"$59,478",13.3
TR93,09,E,17,13,E,0110,1,GS-13,F,XXXX,8,10,F,1,200109,1,"$66,753",10.3
TR93,06,G,21,14,E,0110,1,GS-14,I,XXXX,2,10,F,1,200109,1,"$92,484",13.3
TR93,11,D,13,13,E,0110,1,GS-13,G,XXXX,8,10,F,1,200109,1,"$77,965",11.2
TR93,48,E,21,13,B,0110,1,GS-13,F,XXXX,8,15,F,1,200109,1,"$65,011",2.0
TR93,36,H,17,13,D,0110,1,GS-13,G,XXXX,8,10,F,1,200109,1,"$76,017",7.0
TR93,36,G,17,13,G,0110,1,GS-13,H,XXXX,8,10,F,1,200109,1,"$82,535",24.4
TR93,48,G,17,13,D,0110,1,GS-13,G,XXXX,8,10,F,1,200109,1,"$71,304",6.8
TR93,36,I,21,13,E,0110,1,GS-13,H,XXXX,8,10,F,1,200109,1,"$84,707",13.8
TR93,11,I,13,14,G,0110,1,GM-14,I,XXXX,2,10,F,1,200109,1,"$97,108",24.8
TR93,06,F,13,13,E,0110,1,GS-13,H,XXXX,8,10,F,1,200109,1,"$80,893",14.4
TR93,11,H,21,13,G,0110,1,GS-13,H,XXXX,8,10,F,1,200109,1,"$82,180",22.9
TR93,11,G,21,12,F,0110,1,GS-12,F,XXXX,8,10,F,1,200109,1,"$67,327",17.9
TR93,11,I,14,14,I,0110,1,GS-14,I,XXXX,8,10,F,1,200109,1,"$97,108",31.3
TR93,11,I,21,14,D,0110,1,GS-14,H,XXXX,8,10,F,1,200109,1,"$82,168",9.8
TR93,11,H,21,13,D,0110,1,GS-13,G,XXXX,8,10,F,1,200109,1,"$75,857",9.8
TR93,11,G,17,15,F,0110,1,GS-15,I,XXXX,2,10,F,1,200109,1,"$93,722",16.1
TR93,36,D,17,14,D,0110,1,GS-14,G,XXXX,8,10,F,1,200109,1,"$72,969",6.7
TR93,36,H,18,14,G,0110,1,GS-14,H,XXXX,2,10,F,1,200109,1,"$89,828",22.3
TR93,36,H,21,13,E,0110,1,GS-13,G,XXXX,8,10,F,1,200109,1,"$76,017",10.9
TR93,11,H,17,14,F,0110,1,GS-14,H,XXXX,8,10,F,1,200109,1,"$89,638",18.8
TR93,36,I,19,13,E,0110,1,GS-13,H,XXXX,8,10,F,1,200109,1,"$84,707",10.1
TR93,17,G,04,13,D,0110,1,GS-13,F,XXXX,8,15,F,1,200109,1,"$64,800",5.1
TR93,36,K,17,13,E,0110,1,GS-13,G,XXXX,8,10,F,1,200109,1,"$78,190",10.7
TR93,11,D,17,13,D,0110,1,GS-13,F,XXXX,8,10,F,1,200109,1,"$69,534",6.3
TR93,06,J,07,13,D,0110,1,GS-13,G,XXXX,8,10,F,1,200109,1,"$76,519",5.8
TR93,36,F,17,13,E,0110,1,GS-13,G,XXXX,8,10,F,1,200109,1,"$78,190",12.7
TR93,11,E,17,14,D,0110,1,GS-14,G,XXXX,8,10,F,1,200109,1,"$74,697",9.4
TR93,06,H,04,13,E,0110,1,GS-13,H,XXXX,8,10,F,1,200109,1,"$80,893",10.6
TR93,27,H,17,13,D,0110,1,GS-13,F,XXXX,8,10,F,1,200109,1,"$67,469",6.1
TR93,11,J,04,13,F,0110,1,GS-13,H,XXXX,8,10,F,1,200109,1,"$82,180",15.0
TR93,11,C,13,12,C,0110,1,GS-12,E,XXXX,8,10,F,1,200109,1,"$53,156",4.0
TR93,36,I,21,13,E,0110,1,GS-13,G,XXXX,8,10,F,1,200109,1,"$78,190",13.4
TR93,36,F,17,13,D,0110,1,GS-13,H,XXXX,8,10,F,1,200109,1,"$80,362",7.0
TR93,11,I,13,13,J,0110,1,GS-13,H,XXXX,8,10,F,1,200109,1,"$82,180",35.2
TR93,48,H,17,13,C,0110,1,GS-13,G,XXXX,8,10,F,1,200109,1,"$71,360",3.5
TR93,11,F,04,14,A,0110,1,GS-14,H,XXXX,8,15,F,1,200109,1,"$87,148",0.3
TR93,11,D,13,13,E,0110,1,GS-13,G,XXXX,8,10,P,2,200109,1,"$73,749",10.1
TR93,11,E,17,14,E,0110,1,GS-14,H,XXXX,8,10,F,1,200109,1,"$82,168",12.7
TR93,11,C,13,12,C,0110,1,GS-12,E,XXXX,8,10,F,1,200109,1,"$53,156",4.1
TR93,11,B,13,07,A,0110,1,GS-07,B,XXXX,8,15,F,1,200109,1,"$29,966",0.2
TR93,48,H,17,13,E,0110,1,GS-13,H,XXXX,8,10,F,1,200109,1,"$80,282",14.8
TR93,34,I,13,13,I,0110,1,GS-13,H,XXXX,8,10,F,1,200109,1,"$82,605",33.6
TR93,11,I,17,11,H,0110,1,GS-11,E,XXXX,8,10,F,1,200109,1,"$57,656",28.0
TR93,11,D,13,13,E,0110,1,GS-13,G,XXXX,8,10,F,1,200109,1,"$75,857",12.3
TR93,06,F,21,13,A,0110,1,GS-13,F,XXXX,8,15,F,1,200109,1,"$65,585",0.4
TR93,36,J,21,13,F,0110,1,GS-13,H,XXXX,8,10,F,1,200109,1,"$84,707",18.0
TR93,42,G,13,13,G,0110,1,GS-13,H,XXXX,8,10,F,1,200109,1,"$80,920",24.4
TR93,17,G,21,13,F,0110,1,GS-13,H,XXXX,8,10,F,1,200109,1,"$84,245",17.0
TR93,06,E,04,13,C,0110,1,GS-13,G,XXXX,8,10,F,1,200109,1,"$76,029",3.3
TR93,11,B,13,11,B,0110,1,GS-11,D,XXXX,8,15,F,1,200109,1,"$44,352",2.5
TR93,11,C,04,12,C,0110,1,GS-12,E,XXXX,8,10,F,1,200109,1,"$53,156",3.1
TR93,06,F,17,11,B,0110,1,GS-11,E,XXXX,8,15,F,1,200109,1,"$53,343",1.8
TR93,11,C,13,12,C,0110,1,GS-12,E,XXXX,8,10,F,1,200109,1,"$54,928",4.0
TR93,11,D,13,13,D,0110,1,GS-13,F,XXXX,8,10,F,1,200109,1,"$69,534",7.4
TR93,11,E,13,14,E,0110,1,GS-14,H,XXXX,8,10,F,1,200109,1,"$87,148",13.8
TR93,11,D,13,13,D,0110,1,GS-13,F,XXXX,8,10,F,1,200109,1,"$69,534",6.3
TR93,11,D,13,14,E,0110,1,GS-14,H,XXXX,8,10,F,1,200109,1,"$82,168",10.3
TR93,11,D,13,13,E,0110,1,GS-13,G,XXXX,8,10,F,1,200109,1,"$77,965",10.2
TR93,11,H,13,12,I,0110,1,GS-12,F,XXXX,8,10,F,1,200109,1,"$69,099",31.9
TR93,06,H,13,13,F,0110,1,GS-13,G,XXXX,8,10,F,1,200109,1,"$76,029",18.2
TR93,11,E,17,13,D,0110,1,GS-13,F,XXXX,8,10,F,1,200109,1,"$69,534",6.3
TR93,11,B,13,09,B,0110,1,GS-09,C,XXXX,8,15,F,1,200109,1,"$36,656",1.2
TR93,11,D,17,13,D,0110,1,GS-13,G,XXXX,8,10,F,1,200109,1,"$71,642",7.1
TR93,11,C,13,12,C,0110,1,GS-12,E,XXXX,8,10,F,1,200109,1,"$53,156",3.3
TR93,06,F,17,13,F,0110,1,GS-13,G,XXXX,8,10,F,1,200109,1,"$78,265",15.6
TR93,11,G,17,14,F,0110,1,GS-14,I,XXXX,8,10,F,1,200109,1,"$97,108",16.3
TR93,11,B,13,12,C,0110,1,GS-12,E,XXXX,8,10,F,1,200109,1,"$53,156",3.3
TR93,11,B,13,07,A,0110,1,GS-07,B,XXXX,8,15,F,1,200109,1,"$29,966",0.2
TR93,11,C,13,12,C,0110,1,GS-12,E,XXXX,8,10,F,1,200109,1,"$54,928",4.0
TR93,11,B,13,11,B,0110,1,GS-11,D,XXXX,8,15,F,1,200109,1,"$44,352",2.3
TR93,11,C,04,12,C,0110,1,GS-12,E,XXXX,8,10,F,1,200109,1,"$53,156",3.3
TR93,11,G,04,13,F,0110,1,GS-13,G,XXXX,8,10,F,1,200109,1,"$73,749",15.6
TR93,11,C,13,13,D,0110,1,GS-13,F,XXXX,8,10,F,1,200109,1,"$69,534",7.5
TR93,11,E,13,13,E,0110,1,GS-13,G,XXXX,8,10,F,1,200109,1,"$73,749",13.0
TR93,51,E,13,13,F,0110,1,GS-13,H,XXXX,8,10,F,1,200109,1,"$80,279",15.8
TR93,11,E,13,13,E,0110,1,GS-13,G,XXXX,8,10,P,2,200109,1,"$73,749",12.1
TR93,11,C,13,12,C,0110,1,GS-12,E,XXXX,8,10,F,1,200109,1,"$53,156",3.3
TR93,11,C,13,12,C,0110,1,GS-12,E,XXXX,8,10,F,1,200109,1,"$54,928",4.0
TR93,11,B,04,09,B,0110,1,GS-09,C,XXXX,8,15,F,1,200109,1,"$36,656",1.1
TR93,11,B,13,07,A,0110,1,GS-07,B,XXXX,8,15,F,1,200109,1,"$29,966",0.1
TR93,11,F,17,14,E,0110,1,GS-14,H,XXXX,8,10,F,1,200109,1,"$87,148",14.3
TR93,11,D,17,14,D,0110,1,GS-14,G,XXXX,8,10,F,1,200109,1,"$74,697",9.3
TR93,06,J,04,13,F,0110,1,GS-13,G,XXXX,8,10,F,1,200109,1,"$78,706",15.0
TR93,11,C,04,12,C,0110,1,GS-12,E,XXXX,8,10,F,1,200109,1,"$53,156",3.4
TR93,13,K,21,13,F,0110,1,GS-13,H,XXXX,8,10,F,1,200109,1,"$81,009",16.5
TR93,11,E,17,14,F,0110,1,GS-14,G,XXXX,8,10,F,1,200109,1,"$79,678",15.3
TR93,13,D,13,14,E,0110,1,GS-14,H,XXXX,2,10,F,1,200109,1,"$80,997",11.3
TR93,11,B,13,11,B,0110,1,GS-11,D,XXXX,8,15,F,1,200109,1,"$44,352",2.3
TR93,25,H,21,13,F,0110,1,GS-13,G,XXXX,8,10,F,1,200109,1,"$77,165",19.7
TR93,13,I,12,13,G,0110,1,GS-13,H,XXXX,8,10,F,1,200109,1,"$81,009",24.9
TR93,13,E,17,13,D,0110,1,GS-13,G,XXXX,8,10,F,1,200109,1,"$72,699",6.5
TR93,11,H,21,13,E,0110,1,GS-13,G,XXXX,8,10,F,1,200109,1,"$75,857",14.4
TR93,06,J,17,13,G,0110,1,GS-13,H,XXXX,8,10,F,1,200109,1,"$80,502",20.8
TR93,11,D,13,13,C,0110,1,GS-13,F,XXXX,8,10,F,1,200109,1,"$67,427",3.3
TR93,26,F,17,13,E,0110,1,GS-13,H,XXXX,8,10,F,1,200109,1,"$84,349",12.5
TR93,11,G,21,14,E,0110,1,GS-14,I,XXXX,8,10,F,1,200109,1,"$92,128",13.1
TR93,11,D,17,13,C,0110,1,GS-13,F,XXXX,8,10,F,1,200109,1,"$63,211",3.2
TR93,11,B,04,09,A,0110,1,GS-09,C,XXXX,8,15,F,1,200109,1,"$36,656",0.8
TR93,42,H,17,13,G,0110,1,GS-13,H,XXXX,8,10,F,1,200109,1,"$80,486",20.4
TR93,11,C,17,09,A,0110,1,GS-09,C,XXXX,8,15,F,1,200109,1,"$36,656",0.4
TR93,11,C,13,12,C,0110,1,GS-12,E,XXXX,8,10,F,1,200109,1,"$53,156",3.3
TR93,48,E,21,13,D,0110,1,GS-13,G,XXXX,8,10,F,1,200109,1,"$75,821",6.6
TR93,11,C,17,12,D,0110,1,GS-12,E,XXXX,8,10,F,1,200109,1,"$53,156",5.3
TR93,06,I,21,14,G,0110,1,GM-14,I,XXXX,5,10,F,1,200109,1,"$97,780",22.0
TR93,06,I,17,13,D,0110,1,GS-13,G,XXXX,8,10,F,1,200109,1,"$76,519",7.0
TR93,11,E,13,14,E,0110,1,GS-14,G,XXXX,8,10,F,1,200109,1,"$79,678",13.2
TR93,11,C,17,12,C,0110,1,GS-12,E,XXXX,8,10,F,1,200109,1,"$53,156",3.3
TR93,13,F,17,14,E,0110,1,GS-14,G,XXXX,8,10,F,1,200109,1,"$73,633",13.0
TR93,17,H,17,14,G,0110,1,GS-14,H,XXXX,2,10,F,1,200109,1,"$89,338",23.7
TR93,17,F,14,14,E,0110,1,GS-14,H,XXXX,8,10,F,1,200109,1,"$84,232",12.9
TR93,04,E,13,13,E,0110,1,GS-13,F,XXXX,8,10,F,1,200109,1,"$65,867",10.0
TR93,11,H,13,14,F,0110,1,GS-14,G,XXXX,8,10,F,1,200109,1,"$79,678",16.7
TR93,11,E,17,14,E,0110,1,GS-14,H,XXXX,8,10,F,1,200109,1,"$82,168",11.3
TR93,11,G,17,14,E,0110,1,GS-14,H,XXXX,8,10,F,1,200109,1,"$84,658",14.8
TR93,26,F,17,13,E,0110,1,GS-13,H,XXXX,8,10,F,1,200109,1,"$80,023",10.1
TR93,13,D,17,13,A,0110,1,GS-13,G,XXXX,8,15,F,1,200109,1,"$70,621",0.3
TR93,26,F,18,13,E,0110,1,GS-13,F,XXXX,8,10,F,1,200109,1,"$64,880",10.0
TR93,17,I,17,13,G,0110,1,GS-13,H,XXXX,8,10,F,1,200109,1,"$82,084",20.8
TR93,25,J,17,13,E,0110,1,GS-13,G,XXXX,8,10,F,1,200109,1,"$77,165",10.7
TR93,11,J,14,14,H,0110,1,GS-14,H,XXXX,8,10,F,1,200109,1,"$87,148",29.0
TR93,55,G,21,13,B,0110,1,GS-13,F,XXXX,8,15,F,1,200109,1,"$62,454",2.3
TR93,11,E,13,12,C,0110,1,GS-12,E,XXXX,8,10,F,1,200109,1,"$53,156",3.3
TR93,11,B,13,07,A,0110,1,GS-07,B,XXXX,8,15,F,1,200109,1,"$29,966",0.9
TR93,48,K,21,13,D,0110,1,GS-13,G,XXXX,8,10,F,1,200109,1,"$71,304",8.7
TR93,22,I,17,12,I,0110,1,GS-12,F,XXXX,8,10,F,1,200109,1,"$64,039",30.6
TR93,17,I,17,13,F,0110,1,GS-13,H,XXXX,8,10,F,1,200109,1,"$84,245",17.4
TR93,40,F,04,12,E,0110,1,GS-12,E,XXXX,8,10,F,1,200109,1,"$58,848",10.2
TR93,11,C,04,11,C,0110,1,GS-11,D,XXXX,8,15,F,1,200109,1,"$44,352",3.0
TR93,37,H,13,13,E,0110,1,GS-13,G,XXXX,8,10,F,1,200109,1,"$78,220",14.9
TR93,11,G,21,14,C,0110,1,GS-14,G,XXXX,8,10,F,1,200109,1,"$79,678",3.0
TR93,48,H,17,13,D,0110,1,GS-13,G,XXXX,8,10,F,1,200109,1,"$74,102",9.5
TR93,48,I,17,13,D,0110,1,GS-13,H,XXXX,8,10,F,1,200109,1,"$80,282",9.8
TR93,27,D,04,13,C,0110,1,GS-13,F,XXXX,8,10,F,1,200109,1,"$67,469",3.7
TR93,47,G,13,13,F,0110,1,GS-13,F,XXXX,8,10,F,1,200109,1,"$67,926",16.5
TR93,11,H,17,15,F,0110,1,GS-15,J,XXXX,8,10,F,1,200109,1,"$105,437",18.3
TR93,13,E,17,13,D,0110,1,GS-13,G,XXXX,8,10,F,1,200109,1,"$72,699",9.2
TR93,11,C,13,11,B,0110,1,GS-11,D,XXXX,8,15,F,1,200109,1,"$44,352",2.1
TR93,27,E,13,13,D,0110,1,GS-13,F,XXXX,8,10,F,1,200109,1,"$69,578",6.3
TR93,11,E,17,13,D,0110,1,GS-13,F,XXXX,8,10,F,1,200109,1,"$63,211",6.4
TR93,11,G,17,14,F,0110,1,GS-14,H,XXXX,8,10,F,1,200109,1,"$87,148",17.4
TR93,11,I,13,14,I,0110,1,GS-14,I,XXXX,8,10,F,1,200109,1,"$97,108",31.7
TR93,11,C,08,09,A,0110,1,GS-09,C,XXXX,8,15,F,1,200109,1,"$36,656",0.5
TR93,17,H,04,13,G,0110,1,GS-13,G,XXXX,8,10,F,1,200109,1,"$77,763",20.6
TR93,13,I,21,13,E,0110,1,GS-13,G,XXXX,8,10,F,1,200109,1,"$72,699",11.9
TR93,06,H,04,14,E,0110,1,GS-14,H,XXXX,2,10,F,1,200109,1,"$87,837",10.4
TR93,17,I,14,13,E,0110,1,GS-13,H,XXXX,8,10,F,1,200109,1,"$82,084",14.7
TR93,06,E,17,13,C,0110,1,GS-13,G,XXXX,8,10,F,1,200109,1,"$71,555",3.3
TR93,53,I,21,13,D,0110,1,GS-13,G,XXXX,8,10,F,1,200109,1,"$71,785",8.0
TR93,48,G,12,13,E,0110,1,GS-13,G,XXXX,8,10,F,1,200109,1,"$75,499",13.7
TR93,06,G,13,13,E,0110,1,GS-13,G,XXXX,8,10,F,1,200109,1,"$78,265",13.2
TR93,06,H,13,13,E,0110,1,GS-13,G,XXXX,8,10,F,1,200109,1,"$76,029",14.3
TR93,06,G,07,13,D,0110,1,GS-13,G,XXXX,8,10,F,1,200109,1,"$78,706",5.8
TR93,06,H,13,13,F,0110,1,GS-13,G,XXXX,8,10,F,1,200109,1,"$73,792",19.2
TR93,06,G,17,13,D,0110,1,GS-13,G,XXXX,8,10,F,1,200109,1,"$74,332",7.0
TR93,06,J,07,13,E,0110,1,GS-13,G,XXXX,8,10,F,1,200109,1,"$74,332",10.6
TR93,06,E,13,13,D,0110,1,GS-13,G,XXXX,8,10,F,1,200109,1,"$76,029",7.0
TR93,11,D,17,13,D,0110,1,GS-13,F,XXXX,8,10,F,1,200109,1,"$69,534",6.3
TR93,11,H,21,13,D,0110,1,GS-13,G,XXXX,8,10,F,1,200109,1,"$75,857",9.8
TR93,11,G,04,13,H,0110,1,GS-13,G,XXXX,8,10,F,1,200109,1,"$73,749",27.5
TR93,11,E,13,12,E,0110,1,GS-12,E,XXXX,8,10,F,1,200109,1,"$53,156",14.6
TR93,17,I,21,13,G,0110,1,GS-13,G,XXXX,8,10,F,1,200109,1,"$77,763",22.9
TR93,51,D,04,12,A,0110,1,GS-12,E,XXXX,8,15,F,1,200109,1,"$53,156",0.8
TR93,06,D,04,12,A,0110,1,GS-12,E,XXXX,8,15,F,1,200109,1,"$56,411",0.2
TR93,11,C,13,11,B,0110,1,GS-11,D,XXXX,8,15,F,1,200109,1,"$44,352",2.1
TR93,11,B,04,07,A,0110,1,GS-07,B,XXXX,8,15,F,1,200109,1,"$29,966",0.2
TR95,11,G,21,13,C,0110,1,GS-13,F,XXXX,8,10,F,1,200109,1,"$63,211",3.5
TR95,11,F,17,13,E,0110,1,GS-13,G,XXXX,8,10,F,1,200109,1,"$71,642",10.3
TRAD,11,D,13,14,D,0110,1,GS-14,G,XXXX,8,10,F,1,200109,1,"$79,678",6.4
TRAD,11,G,22,14,C,0110,1,GS-14,H,XXXX,8,10,F,1,200109,1,"$87,148",4.0
TRAF,51,I,17,15,I,0110,1,GS-15,K,XXXX,8,10,F,1,200109,1,"$114,224",31.0
TRAJ,11,G,17,,D,0110,1,NB-07,L,XXXX,2,10,F,1,200109,1,"$127,962",8.1
TRAJ,11,H,21,,E,0110,1,NB-06,K,XXXX,8,10,F,1,200109,1,"$111,913",12.0
TRAJ,11,E,21,,E,0110,1,NB-06,J,XXXX,8,10,F,1,200109,1,"$100,656",10.3
TRAJ,36,G,17,,D,0110,1,NB-06,I,XXXX,8,10,F,1,200109,1,"$99,245",9.8
TRAJ,11,G,15,,E,0110,1,NB-07,M,XXXX,8,10,F,1,200109,1,"$134,091",10.1
TRAJ,11,I,21,,A,0110,1,NB-06,I,XXXX,8,15,F,1,200109,1,"$97,200",0.6
TRAJ,11,E,21,,D,0110,1,NB-06,J,XXXX,8,10,F,1,200109,1,"$102,746",9.0
TRAJ,11,G,21,,E,0110,1,NB-06,I,XXXX,8,10,F,1,200109,1,"$91,842",10.0
TRAJ,11,E,21,,D,0110,1,NB-06,J,XXXX,8,10,F,1,200109,1,"$100,877",8.8
TRAJ,11,G,21,,F,0110,1,NB-07,K,XXXX,8,10,F,1,200109,1,"$119,592",18.3
TRAJ,11,H,21,,D,0110,1,NB-06,K,XXXX,8,10,F,1,200109,1,"$110,228",6.2
TRAJ,11,F,14,,D,0110,1,NB-07,L,XXXX,2,10,F,1,200109,1,"$120,347",6.5
TRAJ,11,I,18,,G,0110,1,NB-07,K,XXXX,8,10,F,1,200109,1,"$116,591",22.2
TRAJ,11,G,21,,D,0110,1,NB-06,J,XXXX,8,10,F,1,200109,1,"$108,109",9.0
TRAJ,11,G,21,,D,0110,1,NB-07,L,XXXX,2,10,F,1,200109,1,"$124,160",7.3
TRAJ,11,G,17,,G,0110,1,NB-07,O,XXXX,2,32,F,1,200109,1,"$151,634",21.0
TRAJ,11,F,21,,E,0110,1,NB-07,L,XXXX,2,10,F,1,200109,1,"$126,425",13.3
TRAJ,11,F,21,,E,0110,1,NB-05,G,XXXX,8,10,F,1,200109,1,"$74,252",11.3
TRAJ,11,G,13,,E,0110,1,NB-06,I,XXXX,8,10,F,1,200109,1,"$98,496",10.4
TRAJ,11,G,21,,F,0110,1,NB-06,I,XXXX,8,10,F,1,200109,1,"$95,778",18.2
TRAJ,11,H,07,,G,0110,1,NB-05,G,XXXX,8,10,F,1,200109,1,"$71,348",22.9
TRAJ,11,D,13,,D,0110,1,NB-05,H,XXXX,8,10,F,1,200109,1,"$87,480",8.6
TRAJ,11,C,17,,D,0110,1,NB-05,E,XXXX,8,15,F,1,200109,1,"$56,604",5.0
TRAJ,11,E,13,,D,0110,1,NB-06,H,XXXX,8,15,F,1,200109,1,"$84,427",7.8
TRAJ,11,I,21,,E,0110,1,NB-07,L,XXXX,2,10,F,1,200109,1,"$120,513",10.4
TRAJ,11,F,17,,E,0110,1,NB-07,K,XXXX,2,10,F,1,200109,1,"$117,573",13.8
TRAJ,11,D,21,,B,0110,1,NB-06,H,XXXX,8,15,F,1,200109,1,"$87,059",2.2
TRAJ,11,J,13,,E,0110,1,NB-06,J,XXXX,8,10,F,1,200109,1,"$100,005",10.9
TRAJ,11,F,21,,E,0110,1,NB-06,J,XXXX,8,10,F,1,200109,1,"$106,560",12.0
TRAJ,11,G,21,,E,0110,1,NB-08,P,XXXX,8,10,F,1,200109,1,"$165,006",14.3
TRAJ,11,G,21,,E,0110,1,NB-06,K,XXXX,8,10,F,1,200109,1,"$115,268",11.0
TRAJ,11,H,21,,E,0110,1,NB-06,K,XXXX,8,10,F,1,200109,1,"$114,206",10.3
TRAJ,11,F,17,,E,0110,1,NB-07,M,XXXX,2,10,F,1,200109,1,"$130,691",10.3
TRAJ,11,E,21,,B,0110,1,NB-06,G,XXXX,8,15,F,1,200109,1,"$78,690",2.2
TRAJ,11,H,21,,E,0110,1,NB-07,L,XXXX,2,10,F,1,200109,1,"$126,951",14.5
TRAJ,11,F,21,,B,0110,1,NB-06,J,XXXX,8,15,F,1,200109,1,"$103,895",2.3
TRAJ,11,H,18,,E,0110,1,NB-06,J,XXXX,8,10,F,1,200109,1,"$106,006",10.5
TRAJ,51,H,17,,G,0110,1,NB-06,I,XXXX,8,10,F,1,200109,1,"$98,700",21.5
TRAJ,11,F,14,,F,0110,1,NB-05,G,XXXX,8,10,F,1,200109,1,"$74,180",19.5
TRAJ,11,F,18,,E,0110,1,NB-06,I,XXXX,8,10,F,1,200109,1,"$99,053",11.8
TRAJ,11,D,21,,A,0110,1,NB-05,H,XXXX,8,40,F,2,200109,1,"$86,400",0.4
VAHB,11,H,18,14,F,0110,1,GM-14,H,XXXX,5,10,F,1,200109,1,"$89,638",17.6
VAHD,11,K,21,14,D,0110,1,GS-14,H,XXXX,8,10,F,1,200109,1,"$82,168",9.3
VATA,25,G,21,15,G,0110,1,GM-15,K,XXXX,2,10,F,1,200109,1,"$113,213",24.8
VATA,25,F,21,14,E,0110,1,GS-14,I,XXXX,8,10,F,1,200109,1,"$91,183",10.2
VATA,25,H,21,13,E,0110,1,GS-13,G,XXXX,8,10,P,2,200109,1,"$79,308",12.3
VATA,25,H,21,14,E,0110,1,GS-14,I,XXXX,8,10,P,2,200109,1,"$91,183",11.9
VATA,09,D,21,13,C,0110,1,GS-13,F,XXXX,8,20,F,2,200109,1,"$67,328",3.5
VATA,37,G,13,12,D,0110,1,GS-12,E,XXXX,8,42,F,2,200109,1,"$53,657",8.2
VATA,25,H,21,13,D,0110,1,GS-13,F,XXXX,8,20,F,2,200109,1,"$68,589",6.7
VATA,25,H,21,14,D,0110,1,GS-14,I,XXXX,8,42,F,2,200109,1,"$91,183",5.7
VATA,48,E,18,13,D,0110,1,GS-13,G,XXXX,8,42,P,2,200109,1,"$73,590",5.1
