AGYSUB,LOC,AGELVL,EDLVL,GSEGRD,LOSLVL,OCC,PATCO,PP,PPGRD,SALLVL,STEMOCC,SUPERVIS,TOA,WORKSCH,WORKSTAT,DATECODE,EMPLOYMENT,SALARY,LOS
AF0B,08,E,13,07,D,0110,1,99,GS-07,04,0110,8,15,F,1,202309,1,047742,06.5
AF3Q,31,F,17,13,B,0110,1,99,GS-13,11,0110,8,15,F,1,202309,1,115917,01.9
AG01,11,F,17,15,E,0110,1,99,GS-15,18,0110,5,10,F,1,202309,1,181648,13.8
AG02,08,I,21,14,G,0110,1,99,GS-14,16,0110,2,10,F,1,202309,1,167608,21.9
AG02,11,K,17,13,H,0110,1,99,GS-13,14,0110,8,10,F,1,202309,1,141884,25.6
AG02,51,K,21,14,G,0110,1,99,GS-14,17,0110,5,10,F,1,202309,1,172075,23.8
AG02,37,H,17,13,G,0110,1,99,GS-13,11,0110,8,10,F,1,202309,1,119715,22.3
AG02,11,J,13,13,J,0110,1,99,GS-13,14,0110,8,10,F,1,202309,1,145617,35.8
AG02,11,J,21,14,G,0110,1,99,GS-14,17,0110,5,10,F,1,202309,1,172075,22.4
AG02,13,I,21,13,G,0110,1,99,GS-13,13,0110,8,15,F,1,202309,1,135209,23.9
AG02,11,K,21,13,G,0110,1,99,GS-13,14,0110,8,10,F,1,202309,1,145617,23.8
AG02,11,J,17,13,J,0110,1,99,GS-13,14,0110,8,10,P,2,202309,1,145617,38.5
AG02,11,G,21,14,F,0110,1,99,GS-14,15,0110,5,10,F,1,202309,1,158840,17.8
AG02,11,K,21,14,I,0110,1,99,GS-14,17,0110,5,10,F,1,202309,1,172075,30.6
AG02,11,G,17,15,G,0110,1,99,GS-15,16,0110,2,10,F,1,202309,1,166079,21.7
AG02,11,G,17,14,F,0110,1,99,GS-14,15,0110,5,10,F,1,202309,1,150016,17.2
AG02,37,G,13,13,G,0110,1,99,GS-13,12,0110,8,10,P,2,202309,1,126555,23.3
AG02,11,G,13,14,G,0110,1,99,GS-14,16,0110,5,10,F,1,202309,1,167663,21.4
AG02,08,G,17,13,G,0110,1,99,GS-13,12,0110,8,10,F,1,202309,1,128043,24.6
AG02,11,H,21,13,C,0110,1,99,GS-13,12,0110,8,10,F,1,202309,1,123216,03.7
AG02,11,E,13,12,C,0110,1,99,GS-12,10,0110,8,10,F,1,202309,1,106759,03.8
AG02,11,F,17,15,E,0110,1,99,GS-15,16,0110,2,10,F,1,202309,1,166079,13.6
AG02,11,D,21,11,A,0110,1,99,GS-11,07,0110,8,15,F,1,202309,1,078592,00.9
AG02,53,E,17,14,D,0110,1,99,GS-14,13,0110,5,10,F,1,202309,1,133765,09.3
AG02,08,E,21,14,D,0110,1,99,GS-14,13,0110,5,10,F,1,202309,1,137526,08.2
AG02,11,D,17,13,D,0110,1,99,GS-13,13,0110,8,10,F,1,202309,1,138150,08.2
AG02,11,E,17,12,A,0110,1,99,GS-12,09,0110,8,15,F,1,202309,1,094199,00.1
AG02,17,C,13,11,B,0110,1,99,GS-11,07,0110,8,15,F,1,202309,1,079556,01.0
AG02,51,G,21,13,C,0110,1,99,GS-13,11,0110,8,10,F,1,202309,1,119482,03.9
AG02,11,G,21,13,B,0110,1,99,GS-13,12,0110,8,15,F,1,202309,1,123216,02.9
AG02,51,C,13,12,B,0110,1,99,GS-12,08,0110,8,15,F,1,202309,1,086300,02.6
AG02,05,D,04,13,B,0110,1,99,GS-13,09,0110,8,15,F,1,202309,1,098496,01.7
AG02,08,H,04,13,B,0110,1,99,GS-13,10,0110,8,15,F,1,202309,1,105062,01.6
AG02,11,F,17,13,B,0110,1,99,GS-13,11,0110,8,15,F,1,202309,1,115749,01.3
AG02,11,C,21,11,A,0110,1,99,GS-11,07,0110,8,15,F,1,202309,1,078592,00.9
AG02,17,C,14,11,A,0110,1,99,GS-11,06,0110,8,15,F,1,202309,1,069107,00.3
AG02,37,H,21,13,A,0110,1,99,GS-13,11,0110,8,15,F,1,202309,1,116294,00.3
AG03,01,F,17,11,F,0110,1,99,GS-11,08,0110,8,10,F,1,202309,1,080623,18.2
AG03,48,G,13,11,E,0110,1,99,GS-11,07,0110,8,10,F,1,202309,1,073713,13.1
AG03,06,F,04,12,B,0110,1,99,GS-12,09,0110,4,15,F,1,202309,1,097301,02.2
AG07,11,J,17,13,I,0110,1,99,GS-13,14,0110,8,10,F,1,202309,1,145617,33.3
AG07,11,K,21,14,I,0110,1,99,GS-14,17,0110,8,10,F,1,202309,1,172075,31.7
AG07,11,C,17,13,B,0110,1,99,GS-13,11,0110,8,15,F,1,202309,1,115749,02.9
AG07,25,D,17,13,A,0110,1,99,GS-13,12,0110,8,15,F,1,202309,1,125569,00.7
AG08,28,F,13,13,F,0110,1,99,GS-13,12,0110,8,10,F,1,202309,1,121477,17.4
AG08,29,J,13,13,J,0110,1,99,GS-13,12,0110,8,10,F,1,202309,1,129889,36.6
AG08,29,F,13,13,G,0110,1,99,GS-13,12,0110,8,10,F,1,202309,1,129889,20.3
AG08,29,I,11,13,H,0110,1,99,GS-13,12,0110,8,10,F,1,202309,1,129889,25.3
AG08,20,F,17,14,F,0110,1,99,GS-14,14,0110,2,10,F,1,202309,1,145619,15.8
AG08,29,E,17,13,E,0110,1,99,GS-13,11,0110,8,10,F,1,202309,1,113238,13.6
AG08,29,F,08,13,E,0110,1,99,GS-13,11,0110,8,10,F,1,202309,1,113238,10.9
AG08,20,E,13,13,D,0110,1,99,GS-13,11,0110,8,10,F,1,202309,1,113238,09.8
AG08,29,J,13,13,D,0110,1,99,GS-13,11,0110,8,10,F,1,202309,1,119898,09.0
AG08,06,E,17,14,D,0110,1,99,GS-14,12,0110,8,10,F,1,202309,1,128031,08.9
AG08,20,J,17,13,D,0110,1,99,GS-13,11,0110,8,10,F,1,202309,1,116568,06.9
AG08,29,G,21,13,D,0110,1,99,GS-13,10,0110,8,10,F,1,202309,1,109907,06.7
AG08,29,F,17,13,D,0110,1,99,GS-13,10,0110,8,10,F,1,202309,1,109907,05.3
AG08,20,D,17,13,C,0110,1,99,GS-13,10,0110,8,10,F,1,202309,1,103247,04.9
AG08,20,D,04,13,D,0110,1,99,GS-13,10,0110,8,10,F,1,202309,1,106577,07.3
AG08,29,C,13,13,C,0110,1,99,GS-13,09,0110,8,10,F,1,202309,1,099916,03.2
AG08,29,E,17,13,B,0110,1,99,GS-13,09,0110,8,15,F,1,202309,1,098496,01.7
AG10,11,G,17,14,F,0110,1,99,GS-14,15,0110,5,10,F,1,202309,1,150016,15.0
AG10,11,I,17,13,H,0110,1,99,GS-13,14,0110,8,10,F,1,202309,1,145617,26.0
AG10,11,H,13,14,H,0110,1,99,GS-14,17,0110,8,10,F,1,202309,1,172075,28.8
AG10,11,K,17,13,J,0110,1,99,GS-13,14,0110,8,10,F,1,202309,1,145617,42.8
AG10,11,F,13,13,G,0110,1,99,GS-13,13,0110,8,10,F,1,202309,1,138150,22.3
AG10,11,G,13,14,G,0110,1,99,GS-14,17,0110,8,10,F,1,202309,1,172075,21.6
AG10,11,J,21,15,G,0110,1,99,GS-15,18,0110,5,10,F,1,202309,1,183500,23.7
AG10,41,G,17,14,G,0110,1,99,GS-14,16,0110,8,10,F,1,202309,1,162322,21.3
AG10,11,J,17,13,I,0110,1,99,GS-13,14,0110,8,10,F,1,202309,1,145617,34.3
AG10,11,I,17,13,I,0110,1,99,GS-13,14,0110,8,10,F,1,202309,1,145617,30.2
AG10,11,H,17,14,H,0110,1,99,GS-14,17,0110,8,10,F,1,202309,1,172075,25.6
AG10,11,K,17,14,I,0110,1,99,GS-14,17,0110,8,10,F,1,202309,1,172075,34.9
AG10,11,H,13,13,G,0110,1,99,GS-13,14,0110,8,10,F,1,202309,1,145617,22.2
AG10,11,E,17,14,E,0110,1,99,GS-14,15,0110,8,10,F,1,202309,1,158840,14.0
AG10,11,C,09,13,D,0110,1,99,GS-13,11,0110,8,10,F,1,202309,1,112015,05.0
AG10,11,F,21,14,D,0110,1,99,GS-14,13,0110,8,10,F,1,202309,1,136780,08.6
AG10,11,C,04,11,B,0110,1,99,GS-11,07,0110,8,15,F,1,202309,1,078592,01.0
AG10,11,E,17,13,D,0110,1,99,GS-13,12,0110,8,10,F,1,202309,1,123216,07.2
AG10,11,D,17,14,D,0110,1,99,GS-14,13,0110,8,10,F,1,202309,1,136780,06.8
AG10,11,C,01,11,B,0110,1,99,GS-11,07,0110,8,15,F,1,202309,1,078592,02.2
AG10,11,C,08,11,D,0110,1,99,GS-11,07,0110,8,10,F,1,202309,1,078592,05.9
AG10,11,C,04,11,B,0110,1,99,GS-11,07,0110,8,15,F,1,202309,1,078592,01.2
AG10,11,D,13,13,D,0110,1,99,GS-13,11,0110,8,10,F,1,202309,1,112015,05.0
AG10,11,D,13,13,C,0110,1,99,GS-13,11,0110,8,10,F,1,202309,1,115749,04.6
AG10,11,B,08,07,C,0110,1,99,GS-07,05,0110,8,15,F,1,202309,1,053105,04.1
AG10,11,C,17,11,A,0110,1,99,GS-11,07,0110,8,15,F,1,202309,1,078592,00.8
AG10,11,C,03,12,C,0110,1,99,GS-12,10,0110,8,10,F,1,202309,1,100479,04.1
AG10,11,D,17,12,C,0110,1,99,GS-12,10,0110,8,10,F,1,202309,1,100479,03.9
AG10,11,E,17,11,B,0110,1,99,GS-11,07,0110,8,15,F,1,202309,1,078592,02.5
AG10,11,C,09,11,B,0110,1,99,GS-11,07,0110,8,15,F,1,202309,1,078592,01.3
AG10,11,C,13,12,C,0110,1,99,GS-12,09,0110,8,10,F,1,202309,1,097339,04.9
AG10,11,D,13,13,C,0110,1,99,GS-13,11,0110,8,10,F,1,202309,1,112015,04.8
AG10,11,E,13,12,C,0110,1,99,GS-12,09,0110,8,10,F,1,202309,1,094199,03.3
AG10,11,C,17,11,B,0110,1,99,GS-11,07,0110,8,15,F,1,202309,1,078592,02.9
AG10,11,C,13,09,B,0110,1,99,GS-09,06,0110,8,15,F,1,202309,1,067122,02.8
AG10,11,C,17,12,B,0110,1,99,GS-12,10,0110,8,15,F,1,202309,1,100479,02.8
AG10,11,C,17,11,B,0110,1,99,GS-11,07,0110,8,15,F,1,202309,1,078592,01.1
AG10,11,B,13,07,A,0110,1,99,GS-07,05,0110,8,35,F,1,202309,1,053105,00.0
AG10,11,C,10,11,B,0110,1,99,GS-11,07,0110,8,15,F,1,202309,1,078592,01.7
AG10,11,D,17,11,B,0110,1,99,GS-11,07,0110,8,15,F,1,202309,1,078592,01.4
AG10,11,C,13,11,A,0110,1,99,GS-11,07,0110,8,15,F,1,202309,1,078592,00.7
AG10,11,C,01,11,C,0110,1,99,GS-11,07,0110,8,15,F,1,202309,1,078592,03.3
AG10,11,B,04,05,B,0119,3,99,GS-05,04,XXXX,8,48,F,2,202309,1,042870,01.3
AG10,11,B,01,11,B,0110,1,99,GS-11,07,0110,8,15,F,1,202309,1,078592,01.3
AG10,11,C,17,09,A,0110,1,99,GS-09,06,0110,8,15,F,1,202309,1,064957,00.9
AG10,11,H,21,11,A,0110,1,99,GS-11,07,0110,8,15,F,1,202309,1,078592,00.4
AG10,11,D,17,11,A,0110,1,99,GS-11,07,0110,8,15,F,1,202309,1,078592,00.2
AG10,11,C,13,09,D,0110,1,99,GS-09,06,0110,8,48,F,2,202309,1,064957,05.3
AG10,11,C,17,09,A,0110,1,99,GS-09,06,0110,8,35,F,1,202309,1,064957,00.0
AG10,11,B,01,09,A,0110,1,99,GS-09,06,0110,8,35,F,1,202309,1,064957,00.0
AG11,41,H,21,15,E,0110,1,99,GS-15,16,0110,2,10,F,1,202309,1,161560,12.5
AG11,04,F,17,13,A,0110,1,99,GS-13,11,0110,8,10,F,1,202309,1,118194,00.2
AG11,08,E,17,14,F,0110,1,99,GS-14,13,0110,4,10,F,1,202309,1,137526,15.1
AG11,08,K,21,14,J,0110,1,99,GS-14,16,0110,8,10,F,1,202309,1,167608,37.1
AG11,49,I,21,13,H,0110,1,99,GS-13,12,0110,5,10,F,1,202309,1,124760,25.8
AG11,30,E,13,12,D,0110,1,99,GS-12,09,0110,8,15,F,1,202309,1,093875,07.8
AG11,30,G,17,13,G,0110,1,99,GS-13,10,0110,8,10,F,1,202309,1,108345,22.0
AG11,27,K,21,15,J,0110,1,99,GS-15,18,0110,8,10,F,1,202309,1,183500,38.8
AG11,06,F,17,13,F,0110,1,99,GS-13,12,0110,4,10,F,1,202309,1,121646,18.9
AG11,30,G,04,12,E,0110,1,99,GS-12,09,0110,8,10,F,1,202309,1,093875,14.2
AG11,02,H,21,13,G,0110,1,99,GS-13,12,0110,8,10,F,1,202309,1,125828,21.8
AG11,08,J,17,,H,0110,1,ST,ST-00,19,0110,2,10,F,1,202309,1,198180,29.1
AG11,11,E,17,14,E,0110,1,99,GS-14,14,0110,4,10,F,1,202309,1,145604,12.8
AG11,11,G,21,14,E,0110,1,99,GS-14,15,0110,4,10,F,1,202309,1,150016,14.7
AG11,27,G,17,13,F,0110,1,99,GS-13,11,0110,8,10,F,1,202309,1,111628,15.4
AG11,11,J,21,15,E,0110,1,99,GS-15,18,0110,4,10,F,1,202309,1,183500,14.0
AG11,47,I,17,14,E,0110,1,99,GS-14,11,0110,5,10,F,1,202309,1,116393,13.7
AG11,50,F,21,13,E,0110,1,99,GS-13,11,0110,8,10,F,1,202309,1,111628,12.9
AG11,08,G,21,14,E,0110,1,99,GS-14,14,0110,4,10,F,1,202309,1,146121,12.3
AG11,30,E,12,12,B,0110,1,99,GS-12,08,0110,8,42,F,2,202309,1,088352,02.2
AG11,06,H,21,13,F,0110,1,99,GS-13,15,0110,8,10,F,1,202309,1,150308,17.3
AG11,04,D,14,11,D,0110,1,99,GS-11,08,0110,8,10,F,1,202309,1,081640,09.6
AG11,30,G,17,13,D,0110,1,99,GS-13,10,0110,8,10,F,1,202309,1,105062,07.6
AG11,55,G,21,13,C,0110,1,99,GS-13,10,0110,8,10,F,1,202309,1,105062,03.5
AG11,06,D,21,12,C,0110,1,99,GS-12,10,0110,8,10,F,1,202309,1,105496,03.3
AG11,**,F,21,12,C,0110,1,99,GS-12,09,0110,8,10,F,1,202309,1,094922,03.1
AG11,55,H,21,12,B,0110,1,99,GS-12,09,0110,8,15,F,1,202309,1,091113,02.9
AG11,**,F,21,12,C,0110,1,99,GS-12,09,0110,8,10,F,1,202309,1,094922,03.1
AG11,41,E,21,12,B,0110,1,99,GS-12,10,0110,8,15,F,1,202309,1,109594,02.7
AG11,27,D,21,13,B,0110,1,99,GS-13,11,0110,8,15,F,1,202309,1,110419,01.8
AG11,41,D,17,11,B,0110,1,99,GS-11,07,0110,8,35,F,1,202309,1,074137,01.2
AG11,**,D,21,12,B,0110,1,99,GS-12,08,0110,8,15,F,1,202309,1,089169,01.0
AG11,55,G,21,12,A,0110,1,99,GS-12,08,0110,8,15,F,1,202309,1,082830,00.9
AG11,**,D,21,12,A,0110,1,99,GS-12,08,0110,8,15,F,1,202309,1,086293,00.8
AG11,41,F,21,11,A,0110,1,99,GS-11,07,0110,8,15,F,1,202309,1,074137,00.4
AG11,55,F,21,13,A,0110,1,99,GS-13,09,0110,8,15,F,1,202309,1,098496,00.1
AG11,08,F,21,12,A,0110,1,99,GS-12,09,0110,8,42,F,2,202309,1,091753,00.1
AG16,11,J,17,15,G,0110,1,99,GS-15,16,0110,5,10,F,1,202309,1,160889,20.0
AG16,41,J,17,12,H,0110,1,99,GS-12,10,0110,8,10,F,1,202309,1,106632,26.4
AG16,12,H,13,12,G,0110,1,99,GS-12,10,0110,8,10,F,1,202309,1,107680,24.7
AG16,28,H,13,12,H,0110,1,99,GS-12,10,0110,8,10,F,1,202309,1,107680,26.8
AG16,19,J,13,12,I,0110,1,99,GS-12,10,0110,8,10,F,1,202309,1,108262,34.4
AG16,47,H,13,12,I,0110,1,99,GS-12,10,0110,8,10,F,1,202309,1,107680,32.5
AG16,13,J,17,12,I,0110,1,99,GS-12,11,0110,8,10,F,1,202309,1,113706,34.3
AG16,54,J,17,12,I,0110,1,99,GS-12,10,0110,8,10,F,1,202309,1,107680,32.5
AG16,50,J,17,14,H,0110,1,99,GS-14,15,0110,8,10,F,1,202309,1,153659,27.4
AG16,05,G,09,12,E,0110,1,99,GS-12,09,0110,8,10,F,1,202309,1,096636,10.9
AG16,41,E,17,14,E,0110,1,99,GS-14,12,0110,8,10,F,1,202309,1,129027,13.7
AG16,48,J,17,14,H,0110,1,99,GS-14,13,0110,8,10,F,1,202309,1,130462,26.6
AG16,31,J,21,14,F,0110,1,99,GS-14,12,0110,8,10,F,1,202309,1,121325,17.3
AG16,27,D,17,11,B,0110,1,99,GS-11,07,0110,8,15,F,1,202309,1,074973,01.9
AG16,04,B,04,07,B,0110,1,99,GS-07,04,0110,8,15,F,1,202309,1,048676,02.0
AG16,48,C,13,09,B,0110,1,99,GS-09,05,0110,8,15,F,1,202309,1,057118,01.9
AG16,42,C,17,09,B,0110,1,99,GS-09,05,0110,8,35,F,1,202309,1,058142,01.4
AG16,51,C,13,09,B,0110,1,99,GS-09,05,0110,8,15,F,1,202309,1,059510,01.3
AG16,22,C,17,11,B,0110,1,99,GS-11,06,0110,8,15,F,1,202309,1,069107,01.3
AG16,38,G,21,09,A,0110,1,99,GS-09,05,0110,8,15,F,1,202309,1,057118,00.9
AG16,39,C,17,09,A,0110,1,99,GS-09,05,0110,8,35,F,1,202309,1,059456,00.5
AG16,30,B,04,07,A,0110,1,99,GS-07,04,0110,8,35,F,1,202309,1,046696,00.4
AG16,21,C,17,07,A,0110,1,99,GS-07,04,0110,8,35,F,1,202309,1,046696,00.1
AG18,24,I,21,15,G,0110,1,99,GS-15,18,0110,8,10,F,1,202309,1,183500,24.8
AG18,51,J,17,15,G,0110,1,99,GS-15,18,0110,2,10,F,1,202309,1,181648,22.5
AG18,24,K,21,15,J,0110,1,99,GS-15,18,0110,8,10,F,1,202309,1,183500,45.2
AG18,27,H,21,15,F,0110,1,99,GS-15,17,0110,2,10,F,1,202309,1,173284,18.1
AG18,11,J,21,15,G,0110,1,99,GS-15,18,0110,8,10,F,1,202309,1,183500,24.3
AG18,11,G,17,15,F,0110,1,99,GS-15,18,0110,2,10,F,1,202309,1,181648,17.4
AG18,24,G,21,15,F,0110,1,99,GS-15,17,0110,8,10,F,1,202309,1,176458,15.0
AG18,24,G,21,15,F,0110,1,99,GS-15,18,0110,8,10,F,1,202309,1,183500,16.2
AG18,24,H,21,15,G,0110,1,99,GS-15,18,0110,8,10,F,1,202309,1,181648,22.3
AG18,11,J,21,15,H,0110,1,99,GS-15,18,0110,8,10,F,1,202309,1,183500,25.9
AG18,11,J,22,,H,0110,1,ES,ES-**,20,0110,2,50,F,1,202309,1,212100,26.7
AG18,**,G,17,14,G,0110,1,99,GS-14,15,0110,8,10,F,1,202309,1,150016,23.3
AG18,29,K,21,15,J,0110,1,99,GS-15,16,0110,8,10,F,1,202309,1,166657,36.8
AG18,34,H,21,15,G,0110,1,99,GS-15,18,0110,4,10,F,1,202309,1,183500,21.4
AG18,51,J,14,15,J,0110,1,99,GS-15,18,0110,8,10,F,1,202309,1,183500,38.5
AG18,11,I,17,15,G,0110,1,99,GS-15,18,0110,8,10,F,1,202309,1,183500,24.7
AG18,11,I,21,14,G,0110,1,99,GS-14,16,0110,8,10,F,1,202309,1,163252,21.0
AG18,29,J,17,,I,0110,1,ES,ES-**,19,0110,2,50,F,1,202309,1,199704,32.3
AG18,11,E,18,14,D,0110,1,99,GS-14,13,0110,8,10,F,1,202309,1,136780,09.0
AG18,06,J,21,15,H,0110,1,99,GS-15,18,0110,2,10,F,1,202309,1,183500,27.3
AG18,29,F,14,14,F,0110,1,99,GS-14,12,0110,8,10,F,1,202309,1,129877,18.3
AG18,20,K,18,13,J,0110,1,99,GS-13,12,0110,8,10,F,1,202309,1,129889,47.1
AG18,29,I,21,14,G,0110,1,99,GS-14,13,0110,8,10,F,1,202309,1,137748,22.3
AG18,29,H,13,15,I,0110,1,99,GS-15,18,0110,8,10,F,1,202309,1,180545,33.3
AG18,29,I,17,,H,0110,1,99,RA-00,21,0110,2,10,F,1,202309,1,232759,26.1
AG18,29,F,17,14,G,0110,1,99,GS-14,13,0110,8,10,F,1,202309,1,137748,23.7
AG18,11,J,21,13,F,0110,1,99,GS-13,14,0110,8,10,F,1,202309,1,145617,16.9
AG18,48,G,13,12,G,0110,1,99,GS-12,12,0110,8,10,F,1,202309,1,121102,22.8
AG18,27,I,21,15,G,0110,1,99,GS-15,16,0110,8,10,F,1,202309,1,168334,24.2
AG18,51,J,17,14,I,0110,1,99,GS-14,15,0110,8,10,F,1,202309,1,158840,32.8
AG18,51,H,17,15,H,0110,1,99,GS-15,18,0110,4,10,F,1,202309,1,183500,26.7
AG18,11,J,21,15,G,0110,1,99,GS-15,18,0110,8,10,F,1,202309,1,183500,24.6
AG18,24,K,21,15,I,0110,1,99,GS-15,18,0110,2,10,F,1,202309,1,183500,30.0
AG18,48,I,21,15,F,0110,1,99,GS-15,18,0110,8,10,F,1,202309,1,183500,16.5
AG18,20,E,17,14,C,0110,1,99,GS-14,12,0110,8,10,F,1,202309,1,122007,03.3
AG18,11,I,21,15,G,0110,1,99,GS-15,17,0110,8,10,F,1,202309,1,176458,24.4
AG18,11,J,22,15,F,0110,1,99,GS-15,18,0110,8,10,F,1,202309,1,181648,15.5
AG18,22,D,21,13,D,0110,1,99,GS-13,11,0110,8,15,F,1,202309,1,111628,06.8
AG18,24,J,21,15,I,0110,1,99,GS-15,18,0110,8,10,F,1,202309,1,183500,34.8
AG18,51,H,21,15,G,0110,1,99,GS-15,18,0110,2,10,F,1,202309,1,183500,21.1
AG18,24,J,17,13,H,0110,1,99,GS-13,13,0110,8,10,F,1,202309,1,134416,25.1
AG18,11,G,13,11,F,0110,1,99,GS-11,08,0110,8,38,F,1,202309,1,089069,16.3
AG18,11,J,21,15,I,0110,1,99,GS-15,18,0110,2,10,F,1,202309,1,183500,32.8
AG18,11,H,21,15,F,0110,1,99,GS-15,18,0110,8,10,F,1,202309,1,183500,18.8
AG18,11,K,21,14,J,0110,1,99,GS-14,17,0110,8,10,F,1,202309,1,172075,36.3
AG18,11,I,17,14,I,0110,1,99,GS-14,17,0110,8,10,F,1,202309,1,172075,34.6
AG18,19,I,18,13,H,0110,1,99,GS-13,11,0110,8,10,F,1,202309,1,118194,25.0
AG18,11,K,21,14,I,0110,1,99,GS-14,17,0110,8,10,F,1,202309,1,172075,31.0
AG18,11,K,21,15,I,0110,1,99,GS-15,18,0110,8,10,F,1,202309,1,183500,33.9
AG18,11,I,21,15,H,0110,1,99,GS-15,18,0110,8,10,F,1,202309,1,183500,25.0
AG18,51,K,21,15,J,0110,1,99,GS-15,18,0110,4,20,P,2,202309,1,183500,39.3
AG18,51,K,22,15,E,0110,1,99,GS-15,18,0110,8,10,F,1,202309,1,183500,14.7
AG18,20,E,17,14,D,0110,1,99,GS-14,12,0110,8,10,F,1,202309,1,129877,08.3
AG18,29,G,21,15,D,0110,1,99,GS-15,14,0110,2,10,F,1,202309,1,143512,07.7
AG18,24,F,21,15,D,0110,1,99,GS-15,15,0110,8,15,F,1,202309,1,155700,08.9
AG18,29,J,21,14,E,0110,1,99,GS-14,12,0110,8,10,F,1,202309,1,129877,10.9
AG18,29,F,17,13,D,0110,1,99,GS-13,09,0110,8,10,F,1,202309,1,099916,08.3
AG18,20,F,21,13,C,0110,1,99,GS-13,11,0110,8,10,F,1,202309,1,116568,03.0
AG18,20,F,21,13,C,0110,1,99,GS-13,10,0110,8,10,F,1,202309,1,109907,03.3
AG18,24,E,21,14,D,0110,1,99,GS-14,14,0110,8,10,F,1,202309,1,145604,08.1
AG18,24,F,21,15,E,0110,1,99,GS-15,17,0110,4,10,F,1,202309,1,176458,14.0
AG18,51,K,21,14,E,0110,1,99,GS-14,17,0110,8,10,F,1,202309,1,172075,14.0
AG18,25,E,13,13,E,0110,1,99,GS-13,14,0110,8,10,F,1,202309,1,140192,14.0
AG18,29,K,21,15,E,0110,1,99,GS-15,18,0110,2,10,F,1,202309,1,180545,14.1
AG18,11,D,17,13,E,0110,1,99,GS-13,12,0110,8,10,F,1,202309,1,123216,10.3
AG18,51,G,21,15,E,0110,1,99,GS-15,17,0110,8,10,F,1,202309,1,176458,13.9
AG18,06,F,17,14,E,0110,1,99,GS-14,15,0110,5,15,F,1,202309,1,153618,12.8
AG18,29,I,21,15,E,0110,1,99,GS-15,15,0110,8,10,F,1,202309,1,152770,13.3
AG18,20,E,21,13,D,0110,1,99,GS-13,11,0110,8,10,F,1,202309,1,119898,06.8
AG18,17,G,21,14,E,0110,1,99,GS-14,14,0110,8,15,F,1,202309,1,146959,10.1
AG18,24,G,21,15,F,0110,1,99,GS-15,17,0110,8,10,F,1,202309,1,171268,17.0
AG18,11,K,13,15,E,0110,1,99,GS-15,18,0110,8,10,F,1,202309,1,183500,14.1
AG18,08,F,17,13,E,0110,1,99,GS-13,12,0110,8,10,F,1,202309,1,120017,12.7
AG18,55,E,21,13,A,0110,1,99,GS-13,12,0110,8,15,F,1,202309,1,121477,00.1
AG18,29,E,21,13,C,0110,1,99,GS-13,10,0110,8,10,F,1,202309,1,109907,03.5
AG18,11,I,21,15,F,0110,1,99,GS-15,18,0110,2,10,F,1,202309,1,183500,15.7
AG18,11,F,17,13,E,0110,1,99,GS-13,11,0110,8,10,F,1,202309,1,119482,11.9
AG18,11,E,17,14,E,0110,1,99,GS-14,14,0110,8,10,F,1,202309,1,145604,11.8
AG18,11,F,21,15,E,0110,1,99,GS-15,17,0110,2,10,F,1,202309,1,176458,11.2
AG18,11,F,13,14,E,0110,1,99,GS-14,15,0110,8,10,F,1,202309,1,154428,10.6
AG18,08,G,04,11,D,0110,1,99,GS-11,08,0110,8,10,F,1,202309,1,081654,08.7
AG18,05,E,13,14,E,0110,1,99,GS-14,12,0110,8,10,F,1,202309,1,120272,11.3
AG18,29,E,21,14,D,0110,1,99,GS-14,12,0110,8,10,F,1,202309,1,129877,09.1
AG18,51,F,21,15,D,0110,1,99,GS-15,16,0110,8,10,F,1,202309,1,164288,06.7
AG18,20,E,17,14,D,0110,1,99,GS-14,12,0110,8,10,F,1,202309,1,125942,06.8
AG18,11,E,21,14,D,0110,1,99,GS-14,15,0110,8,10,F,1,202309,1,150016,08.9
AG18,24,J,21,15,D,0110,1,99,GS-15,18,0110,8,10,F,1,202309,1,181648,08.5
AG18,29,E,17,13,C,0110,1,99,GS-13,10,0110,8,10,F,1,202309,1,109907,03.8
AG18,12,D,21,13,C,0110,1,99,GS-13,11,0110,8,15,F,1,202309,1,114911,03.0
AG18,29,H,21,15,C,0110,1,99,GS-15,15,0110,8,10,F,1,202309,1,152770,04.0
AG18,11,E,21,14,D,0110,1,99,GS-14,16,0110,8,10,F,1,202309,1,163252,05.3
AG18,**,F,17,13,D,0110,1,99,GS-13,11,0110,8,10,F,1,202309,1,119482,08.0
AG18,24,E,21,14,D,0110,1,99,GS-14,14,0110,8,10,F,1,202309,1,141192,07.9
AG18,20,E,21,14,D,0110,1,99,GS-14,12,0110,8,10,F,1,202309,1,129877,07.7
AG18,24,E,21,14,D,0110,1,99,GS-14,14,0110,8,10,F,1,202309,1,145604,07.3
AG18,11,E,21,13,D,0110,1,99,GS-13,12,0110,8,10,F,1,202309,1,123216,07.1
AG18,51,J,21,15,D,0110,1,99,GS-15,18,0110,8,10,F,1,202309,1,183500,07.1
AG18,27,E,21,13,C,0110,1,99,GS-13,13,0110,8,15,F,1,202309,1,138913,04.9
AG18,24,E,17,14,D,0110,1,99,GS-14,14,0110,8,10,F,1,202309,1,141192,07.0
AG18,20,D,21,13,C,0110,1,99,GS-13,10,0110,8,10,F,1,202309,1,106577,03.7
AG18,29,E,21,13,C,0110,1,99,GS-13,10,0110,8,10,F,1,202309,1,106577,03.2
AG18,06,E,17,13,C,0110,1,99,GS-13,12,0110,8,10,F,1,202309,1,125448,04.2
AG18,08,D,17,13,D,0110,1,99,GS-13,11,0110,8,10,F,1,202309,1,112743,05.8
AG18,29,D,13,12,D,0110,1,99,GS-12,09,0110,8,10,F,1,202309,1,092427,05.8
AG18,29,C,13,13,C,0110,1,99,GS-13,09,0110,8,10,F,1,202309,1,099916,03.8
AG18,11,C,17,13,C,0110,1,99,GS-13,11,0110,8,10,F,1,202309,1,115749,04.8
AG18,51,G,21,15,C,0110,1,99,GS-15,17,0110,8,10,F,1,202309,1,171268,04.4
AG18,11,E,21,13,C,0110,1,99,GS-13,11,0110,8,15,F,1,202309,1,119482,04.3
AG18,20,E,21,13,C,0110,1,99,GS-13,10,0110,8,10,F,1,202309,1,109907,04.2
AG18,09,G,21,13,C,0110,1,99,GS-13,12,0110,8,10,F,1,202309,1,121746,04.2
AG18,29,D,21,13,C,0110,1,99,GS-13,10,0110,8,10,F,1,202309,1,109907,04.2
AG18,29,D,21,13,C,0110,1,99,GS-13,11,0110,8,10,F,1,202309,1,116568,04.1
AG18,20,D,21,13,C,0110,1,99,GS-13,10,0110,8,10,F,1,202309,1,106577,04.1
AG18,37,E,21,13,C,0110,1,99,GS-13,10,0110,8,10,F,1,202309,1,108345,04.1
AG18,06,D,21,13,C,0110,1,99,GS-13,13,0110,8,10,F,1,202309,1,134060,04.1
AG18,20,D,21,13,C,0110,1,99,GS-13,10,0110,8,10,F,1,202309,1,109907,03.9
AG18,29,E,17,12,C,0110,1,99,GS-12,08,0110,8,10,F,1,202309,1,084025,03.9
AG18,29,E,17,12,C,0110,1,99,GS-12,08,0110,8,10,F,1,202309,1,089627,03.8
AG18,29,H,17,14,D,0110,1,99,GS-14,12,0110,8,10,F,1,202309,1,125942,05.3
AG18,51,J,21,12,C,0110,1,99,GS-12,12,0110,8,10,F,1,202309,1,122459,03.6
AG18,20,G,21,15,D,0110,1,99,GS-15,13,0110,4,10,F,1,202309,1,138883,06.8
AG18,29,D,21,13,C,0110,1,99,GS-13,10,0110,8,10,F,1,202309,1,109907,03.5
AG18,29,E,21,13,C,0110,1,99,GS-13,11,0110,8,10,F,1,202309,1,113238,03.4
AG18,20,E,21,13,C,0110,1,99,GS-13,10,0110,8,10,F,1,202309,1,109907,03.3
AG18,19,D,17,12,C,0110,1,99,GS-12,08,0110,8,10,F,1,202309,1,085591,03.3
AG18,08,D,17,13,C,0110,1,99,GS-13,10,0110,8,10,F,1,202309,1,100703,03.3
AG18,29,E,21,13,C,0110,1,99,GS-13,10,0110,8,10,F,1,202309,1,106577,03.3
AG18,29,D,21,13,C,0110,1,99,GS-13,11,0110,8,10,F,1,202309,1,116568,03.8
AG18,RQ,D,21,12,B,0110,1,99,GS-12,09,0110,8,15,F,1,202309,1,093875,01.7
AG18,29,C,17,11,B,0110,1,99,GS-11,07,0110,8,15,F,1,202309,1,070103,01.6
AG18,29,J,21,15,C,0110,1,99,GS-15,17,0110,2,10,F,1,202309,1,171287,03.2
AG18,20,G,21,14,C,0110,1,99,GS-14,12,0110,8,10,F,1,202309,1,128031,03.2
AG18,29,D,21,12,C,0110,1,99,GS-12,10,0110,8,10,F,1,202309,1,109233,03.2
AG18,29,D,21,12,C,0110,1,99,GS-12,09,0110,8,10,F,1,202309,1,098029,03.2
AG18,29,E,21,13,C,0110,1,99,GS-13,10,0110,8,10,F,1,202309,1,109907,03.1
AG18,25,D,21,13,C,0110,1,99,GS-13,11,0110,8,10,F,1,202309,1,118184,03.2
AG18,29,D,14,12,C,0110,1,99,GS-12,08,0110,8,10,F,1,202309,1,084025,03.1
AG18,11,K,16,,C,0110,1,99,RA-00,20,0110,2,38,F,1,202309,1,208811,03.0
AG18,29,C,17,12,C,0110,1,99,GS-12,08,0110,8,10,F,1,202309,1,084025,03.0
AG18,48,E,17,11,C,0110,1,99,GS-11,07,0110,8,10,F,1,202309,1,079766,03.0
AG18,08,D,21,12,C,0110,1,99,GS-12,10,0110,8,10,F,1,202309,1,107046,03.0
AG18,17,E,21,13,C,0110,1,99,GS-13,11,0110,8,10,F,1,202309,1,117047,03.0
AG18,29,E,13,13,C,0110,1,99,GS-13,11,0110,8,10,F,1,202309,1,113238,03.0
AG18,17,E,21,13,C,0110,1,99,GS-13,11,0110,8,10,F,1,202309,1,117047,03.0
AG18,29,D,21,13,C,0110,1,99,GS-13,11,0110,8,10,F,1,202309,1,116568,03.0
AG18,18,F,21,13,B,0110,1,99,GS-13,11,0110,8,15,F,1,202309,1,115966,02.9
AG18,19,D,21,13,B,0110,1,99,GS-13,10,0110,8,15,F,1,202309,1,105062,02.9
AG18,55,I,21,15,B,0110,1,99,GS-15,16,0110,2,15,F,1,202309,1,164288,02.8
AG18,33,E,21,13,B,0110,1,99,GS-13,11,0110,8,15,F,1,202309,1,118184,02.8
AG18,20,G,21,14,B,0110,1,99,GS-14,13,0110,8,15,F,1,202309,1,133813,02.8
AG18,29,K,21,,B,0110,1,99,RA-00,18,0110,2,15,F,1,202309,1,185285,02.8
AG18,20,D,21,12,B,0110,1,99,GS-12,09,0110,8,15,F,1,202309,1,098029,02.7
AG18,22,H,21,15,B,0110,1,99,GS-15,15,0110,4,15,F,1,202309,1,155162,02.7
AG18,29,F,21,14,B,0110,1,99,GS-14,11,0110,8,15,F,1,202309,1,118071,02.7
AG18,20,G,21,13,B,0110,1,99,GS-13,11,0110,8,15,F,1,202309,1,116568,02.8
AG18,29,H,21,13,B,0110,1,99,GS-13,10,0110,8,15,F,1,202309,1,106577,02.6
AG18,38,I,21,15,B,0110,1,99,GS-15,16,0110,2,15,F,1,202309,1,164288,02.6
AG18,51,J,21,14,B,0110,1,99,GS-14,17,0110,8,15,F,1,202309,1,172075,02.6
AG18,20,H,17,12,B,0110,1,99,GS-12,08,0110,8,15,F,1,202309,1,084025,02.4
AG18,04,D,17,11,B,0110,1,99,GS-11,07,0110,8,15,F,1,202309,1,071410,02.4
AG18,17,D,14,12,B,0110,1,99,GS-12,11,0110,8,15,F,1,202309,1,110736,01.7
AG18,29,F,21,13,B,0110,1,99,GS-13,09,0110,8,15,F,1,202309,1,099916,02.3
AG18,48,C,17,11,A,0110,1,99,GS-11,07,0110,8,15,F,1,202309,1,073713,00.3
AG18,29,D,21,13,B,0110,1,99,GS-13,10,0110,8,15,F,1,202309,1,109907,02.3
AG18,36,E,21,13,B,0110,1,99,GS-13,10,0110,8,15,F,1,202309,1,105062,02.3
AG18,08,D,21,13,B,0110,1,99,GS-13,12,0110,8,15,F,1,202309,1,120017,02.3
AG18,35,F,21,12,B,0110,1,99,GS-12,09,0110,8,15,F,1,202309,1,097573,02.3
AG18,48,D,21,12,B,0110,1,99,GS-12,10,0110,8,15,F,1,202309,1,107818,01.5
AG18,51,C,21,12,B,0110,1,99,GS-12,09,0110,8,15,F,1,202309,1,096636,02.3
AG18,29,C,17,11,B,0110,1,99,GS-11,07,0110,8,15,F,1,202309,1,072440,02.3
AG18,29,C,17,11,B,0110,1,99,GS-11,07,0110,8,15,F,1,202309,1,070103,02.3
AG18,29,C,17,11,B,0110,1,99,GS-11,07,0110,8,15,F,1,202309,1,070103,02.3
AG18,29,D,21,14,B,0110,1,99,GS-14,12,0110,8,15,F,1,202309,1,129877,02.3
AG18,20,E,21,12,B,0110,1,99,GS-12,10,0110,8,15,F,1,202309,1,100830,02.3
AG18,29,D,21,12,B,0110,1,99,GS-12,09,0110,8,15,F,1,202309,1,098029,02.2
AG18,06,D,21,12,B,0110,1,99,GS-12,12,0110,8,15,F,1,202309,1,122016,02.2
AG18,55,H,21,14,B,0110,1,99,GS-14,13,0110,8,15,F,1,202309,1,139670,02.2
AG18,29,C,17,11,B,0110,1,99,GS-11,07,0110,8,15,F,1,202309,1,072440,02.2
AG18,08,E,21,12,B,0110,1,99,GS-12,10,0110,8,15,F,1,202309,1,107046,02.1
AG18,16,C,21,13,B,0110,1,99,GS-13,10,0110,8,15,F,1,202309,1,101779,02.1
AG18,29,E,21,12,B,0110,1,99,GS-12,09,0110,8,15,F,1,202309,1,098029,02.1
AG18,11,G,21,14,B,0110,1,99,GS-14,14,0110,8,15,F,1,202309,1,141192,02.1
AG18,29,G,21,15,B,0110,1,99,GS-15,18,0110,8,15,F,1,202309,1,180545,02.0
AG18,29,F,21,12,B,0110,1,99,GS-12,09,0110,8,15,F,1,202309,1,098029,02.0
AG18,29,D,21,13,B,0110,1,99,GS-13,10,0110,8,15,F,1,202309,1,103247,01.9
AG18,29,D,21,12,B,0110,1,99,GS-12,09,0110,8,15,F,1,202309,1,095228,01.9
AG18,11,I,17,14,B,0110,1,99,GS-14,17,0110,8,15,F,1,202309,1,172075,01.9
AG18,29,G,21,14,B,0110,1,99,GS-14,12,0110,8,15,F,1,202309,1,122007,01.8
AG18,29,G,17,12,B,0110,1,99,GS-12,08,0110,8,15,F,1,202309,1,086826,01.8
AG18,29,C,17,13,B,0110,1,99,GS-13,09,0110,8,15,F,1,202309,1,099916,01.8
AG18,29,D,17,13,B,0110,1,99,GS-13,09,0110,8,15,F,1,202309,1,099916,01.8
AG18,11,G,21,14,B,0110,1,99,GS-14,15,0110,8,15,F,1,202309,1,150016,01.7
AG18,11,E,21,13,B,0110,1,99,GS-13,11,0110,8,15,F,1,202309,1,119482,01.6
AG18,20,G,13,14,B,0110,1,99,GS-14,12,0110,8,15,F,1,202309,1,122007,01.3
AG18,20,E,21,12,B,0110,1,99,GS-12,10,0110,8,15,F,1,202309,1,100830,01.3
AG18,20,D,21,12,B,0110,1,99,GS-12,09,0110,8,15,F,1,202309,1,095228,01.3
AG18,06,E,21,12,B,0110,1,99,GS-12,11,0110,8,15,F,1,202309,1,112505,01.3
AG18,37,D,21,13,B,0110,1,99,GS-13,11,0110,8,15,F,1,202309,1,119715,01.2
AG18,39,D,21,12,B,0110,1,99,GS-12,09,0110,8,15,F,1,202309,1,098057,01.0
AG18,40,E,21,12,B,0110,1,99,GS-12,08,0110,8,15,F,1,202309,1,085591,01.0
AG18,24,H,21,15,A,0110,1,99,GS-15,15,0110,8,15,F,1,202309,1,155700,00.8
AG18,44,F,21,14,A,0110,1,99,GS-14,17,0110,8,15,F,1,202309,1,170205,00.5
AG18,11,E,21,13,A,0110,1,99,GS-13,11,0110,8,15,F,1,202309,1,112015,00.4
AG18,32,D,21,13,A,0110,1,99,GS-13,12,0110,8,15,F,1,202309,1,121477,00.3
AG18,26,C,21,12,A,0110,1,99,GS-12,10,0110,8,15,F,1,202309,1,104919,00.1
AG18,24,H,13,15,H,0110,1,99,GS-15,18,0110,8,10,F,1,202309,1,183500,28.2
AG30,51,J,21,13,J,0110,1,99,GS-13,14,0110,8,10,F,1,202309,1,145617,35.8
AG30,24,K,17,12,H,0110,1,99,GS-12,12,0110,8,10,F,1,202309,1,122459,25.2
AG30,**,C,13,13,B,0110,1,99,GS-13,11,0110,8,15,F,1,202309,1,119482,02.4
AG34,51,K,17,13,H,0110,1,99,GS-13,14,0110,8,10,F,1,202309,1,141884,25.4
AG34,08,H,21,14,G,0110,1,99,GS-14,15,0110,2,10,F,1,202309,1,154715,20.1
AG34,24,I,17,14,I,0110,1,99,GS-14,17,0110,8,10,F,1,202309,1,172075,31.7
AG34,24,H,21,14,F,0110,1,99,GS-14,16,0110,8,10,F,1,202309,1,163252,17.2
AG34,24,H,17,14,G,0110,1,99,GS-14,16,0110,8,10,F,1,202309,1,167663,22.7
AG34,24,K,17,14,F,0110,1,99,GS-14,16,0110,8,10,F,1,202309,1,163252,16.7
AG34,08,H,04,13,D,0110,1,99,GS-13,12,0110,8,10,F,1,202309,1,123653,07.2
AG34,24,I,17,15,H,0110,1,99,GS-15,18,0110,2,10,F,1,202309,1,183500,26.5
AG34,24,F,21,14,E,0110,1,99,GS-14,14,0110,8,10,F,1,202309,1,145604,10.5
AG34,24,D,21,14,D,0110,1,99,GS-14,13,0110,8,10,F,1,202309,1,136780,07.0
AG34,37,E,17,13,D,0110,1,99,GS-13,10,0110,8,10,F,1,202309,1,106034,06.7
AG34,24,D,14,11,C,0110,1,99,GS-11,07,0110,8,10,F,1,202309,1,078592,03.3
AG34,21,I,04,13,B,0110,1,99,GS-13,09,0110,8,30,F,1,202309,1,098496,01.3
AG34,08,I,21,12,B,0110,1,99,GS-12,09,0110,8,15,F,1,202309,1,091753,01.6
AG34,08,D,21,12,A,0110,1,99,GS-12,09,0110,8,15,F,1,202309,1,091753,00.4
AG34,08,C,21,11,A,0110,1,99,GS-11,07,0110,8,20,F,2,202309,1,076551,00.3
AG37,11,F,13,14,F,0110,1,99,GS-14,15,0110,8,10,F,1,202309,1,158840,16.3
AG37,51,K,21,14,G,0110,1,99,GS-14,16,0110,8,10,F,1,202309,1,167663,23.8
AG37,24,J,21,14,F,0110,1,99,GS-14,17,0110,8,10,F,1,202309,1,172075,18.2
AG37,11,F,17,14,F,0110,1,99,GS-14,15,0110,8,10,F,1,202309,1,158840,18.5
AG37,51,E,09,14,E,0110,1,99,GS-14,15,0110,8,10,F,1,202309,1,150016,13.2
AG37,11,F,17,15,E,0110,1,99,GS-15,16,0110,2,10,F,1,202309,1,166079,13.9
AG37,24,E,17,14,E,0110,1,99,GS-14,15,0110,8,10,F,1,202309,1,150016,13.0
AG37,51,G,21,14,E,0110,1,99,GS-14,14,0110,8,10,F,1,202309,1,145604,10.3
AG37,51,D,05,14,D,0110,1,99,GS-14,14,0110,8,10,F,1,202309,1,141192,08.3
AG38,11,F,20,14,F,0110,1,99,GS-14,15,0110,8,10,F,1,202309,1,158840,17.3
AG38,11,J,17,15,H,0110,1,99,GS-15,18,0110,8,10,F,1,202309,1,183500,26.6
AG38,11,J,21,15,I,0110,1,99,GS-15,18,0110,8,10,F,1,202309,1,183500,31.4
AG38,11,H,21,14,G,0110,1,99,GS-14,16,0110,8,10,F,1,202309,1,163252,22.3
AG38,11,J,17,15,J,0110,1,99,GS-15,18,0110,8,10,F,1,202309,1,183500,39.6
AG38,11,F,17,14,F,0110,1,99,GS-14,13,0110,8,10,F,1,202309,1,136780,15.3
AG38,11,K,21,15,F,0110,1,99,GS-15,18,0110,5,10,F,1,202309,1,183500,16.8
AG38,11,F,17,14,E,0110,1,99,GS-14,15,0110,8,10,F,1,202309,1,154428,14.5
AG38,11,J,21,,I,0110,1,SL,SL-00,20,0110,8,10,F,1,202309,1,204496,32.2
AG38,11,I,20,,G,0110,1,ES,ES-**,20,0110,2,50,F,1,202309,1,206719,23.2
AG38,11,J,13,15,I,0110,1,99,GS-15,18,0110,8,10,F,1,202309,1,183500,30.3
AG38,11,F,13,15,F,0110,1,99,GS-15,17,0110,8,10,F,1,202309,1,176458,16.5
AG38,11,I,17,,I,0110,1,ES,ES-**,20,0110,2,50,F,1,202309,1,212100,30.8
AG38,11,G,21,14,E,0110,1,99,GS-14,14,0110,8,10,F,1,202309,1,145604,14.8
AG38,11,K,21,15,H,0110,1,99,GS-15,18,0110,8,10,F,1,202309,1,183500,27.6
AG38,11,K,17,15,J,0110,1,99,GS-15,18,0110,8,10,F,1,202309,1,183500,38.8
AG38,11,H,21,15,G,0110,1,99,GS-15,18,0110,4,10,F,1,202309,1,183500,24.0
AG38,11,K,21,15,J,0110,1,99,GS-15,18,0110,8,10,F,1,202309,1,183500,36.3
AG38,11,I,17,15,G,0110,1,99,GS-15,18,0110,8,10,F,1,202309,1,183500,23.0
AG38,11,I,21,15,E,0110,1,99,GS-15,17,0110,8,10,F,1,202309,1,176458,13.4
AG38,11,E,13,15,F,0110,1,99,GS-15,16,0110,8,10,F,1,202309,1,166079,15.2
AG38,11,H,21,,E,0110,1,ES,ES-**,20,0110,2,50,F,1,202309,1,200491,14.6
AG38,11,H,21,,E,0110,1,ES,ES-**,20,0110,2,50,F,1,202309,1,212100,10.3
AG38,11,F,21,15,E,0110,1,99,GS-15,18,0110,5,10,F,1,202309,1,181648,10.2
AG38,11,G,21,15,D,0110,1,99,GS-15,15,0110,2,10,F,1,202309,1,155700,07.9
AG38,11,F,17,13,D,0110,1,99,GS-13,11,0110,8,38,F,1,202309,1,119482,05.0
AG38,11,F,21,14,B,0110,1,99,GS-14,13,0110,8,15,F,1,202309,1,136780,01.5
AG38,11,C,04,12,A,0110,1,99,GS-12,09,0110,8,40,F,2,202309,1,094199,00.1
AG38,11,I,17,15,E,0110,1,99,GS-15,18,0110,5,10,F,1,202309,1,183500,14.5
AG99,37,K,17,15,J,0110,1,99,GS-15,17,0110,8,20,P,2,202309,1,177978,41.8
AG99,11,K,21,15,I,0110,1,99,GS-15,18,0110,2,10,F,1,202309,1,183500,31.2
AG99,41,I,21,14,F,0110,1,99,GS-14,14,0110,8,10,F,1,202309,1,145674,18.8
AG99,11,J,22,,J,0110,1,ES,ES-**,20,0110,2,50,F,1,202309,1,212100,36.3
AG99,24,K,21,15,J,0110,1,99,GS-15,18,0110,8,10,F,1,202309,1,183500,35.3
AG99,51,J,21,14,F,0110,1,99,GS-14,16,0110,8,10,F,1,202309,1,163252,18.2
AG99,48,J,13,14,I,0110,1,99,GS-14,15,0110,8,10,F,1,202309,1,151502,33.8
AG99,24,I,17,15,H,0110,1,99,GS-15,18,0110,5,10,F,1,202309,1,183500,28.6
AG99,51,K,17,15,J,0110,1,99,GS-15,18,0110,8,20,P,2,202309,1,183500,42.8
AG99,51,J,21,15,F,0110,1,99,GS-15,18,0110,8,10,F,1,202309,1,183500,19.6
AG99,24,K,17,15,J,0110,1,99,GS-15,18,0110,8,10,F,1,202309,1,183500,36.1
AG99,11,I,13,15,I,0110,1,99,GS-15,18,0110,2,10,F,1,202309,1,183500,32.4
AG99,51,I,17,15,H,0110,1,99,GS-15,18,0110,2,10,F,1,202309,1,183500,25.7
AG99,51,K,21,15,H,0110,1,99,GS-15,18,0110,2,10,F,1,202309,1,183500,28.4
AG99,34,G,17,13,B,0110,1,99,GS-13,10,0110,8,10,F,1,202309,1,108084,01.8
AG99,51,E,17,15,E,0110,1,99,GS-15,17,0110,8,10,F,1,202309,1,171268,11.6
AG99,17,E,17,14,D,0110,1,99,GS-14,13,0110,8,10,F,1,202309,1,133993,07.5
AG99,24,F,21,13,B,0110,1,99,GS-13,13,0110,8,10,F,1,202309,1,134416,02.7
AG99,36,E,17,13,D,0110,1,99,GS-13,11,0110,8,10,F,1,202309,1,115118,08.1
AG99,51,G,21,15,D,0110,1,99,GS-15,16,0110,8,10,F,1,202309,1,160889,08.0
AG99,**,E,13,14,D,0110,1,99,GS-14,13,0110,8,10,F,1,202309,1,132368,07.3
AG99,06,E,21,15,D,0110,1,99,GS-15,17,0110,8,10,F,1,202309,1,175049,06.6
AG99,11,E,18,15,C,0110,1,99,GS-15,16,0110,8,10,F,1,202309,1,160889,04.5
AG99,51,C,17,15,D,0110,1,99,GS-15,15,0110,8,10,F,1,202309,1,155700,05.2
AG99,51,G,17,13,C,0110,1,99,GS-13,12,0110,8,10,F,1,202309,1,123216,04.6
AG99,24,C,13,13,C,0110,1,99,GS-13,11,0110,8,15,F,1,202309,1,112015,03.8
AG99,48,C,13,11,C,0110,1,99,GS-11,09,0110,8,10,F,1,202309,1,095717,03.3
AG99,13,E,13,12,A,0110,1,99,GS-12,08,0110,8,15,F,1,202309,1,087466,00.5
AM00,11,F,17,,F,0110,1,99,FO-01,18,0110,2,38,F,1,202309,1,180499,17.0
AM00,11,K,17,,J,0110,1,99,FP-02,17,0110,8,48,F,2,202309,1,179879,39.0
AM00,11,F,17,14,F,0110,1,99,GS-14,15,0110,8,10,F,1,202309,1,158840,15.1
AM00,11,H,17,15,F,0110,1,99,GS-15,18,0110,8,10,F,1,202309,1,181648,16.8
AM00,11,G,17,15,F,0110,1,99,GS-15,18,0110,2,10,F,1,202309,1,183500,15.7
AM00,12,K,18,15,F,0110,1,99,GS-15,17,0110,8,10,F,1,202309,1,175062,18.8
AM00,11,F,13,14,F,0110,1,99,GS-14,16,0110,8,10,F,1,202309,1,163252,18.7
AM00,ID,I,17,,G,0110,1,99,FP-04,11,0110,8,48,F,2,202309,1,111705,20.4
AM00,11,H,17,,H,0110,1,99,FO-03,14,0110,8,38,F,1,202309,1,141509,28.2
AM00,11,F,17,,F,0110,1,99,FO-01,17,0110,8,38,F,1,202309,1,170137,18.5
AM00,ID,F,17,,F,0110,1,99,FO-03,11,0110,8,38,F,1,202309,1,115452,16.7
AM00,KG,G,17,,F,0110,1,99,FO-02,12,0110,2,38,F,1,202309,1,126593,16.4
AM00,BG,J,17,,I,0110,1,99,FO-02,16,0110,8,38,F,1,202309,1,165175,31.0
AM00,11,F,17,,E,0110,1,99,FO-01,17,0110,2,38,F,1,202309,1,175242,14.3
AM00,11,F,17,15,F,0110,1,99,GS-15,17,0110,2,10,F,1,202309,1,171268,15.7
AM00,41,G,17,15,E,0110,1,99,GS-15,15,0110,2,15,F,1,202309,1,151769,14.2
AM00,GT,G,17,,E,0110,1,99,FP-04,09,0110,8,48,F,2,202309,1,099248,13.3
AM00,11,F,18,,D,0110,1,99,FO-03,13,0110,8,38,F,1,202309,1,137388,08.5
AM00,11,F,21,14,E,0110,1,99,GS-14,16,0110,8,10,F,1,202309,1,163252,12.3
AM00,11,I,17,,E,0110,1,99,FP-03,11,0110,8,38,F,1,202309,1,115060,11.3
AM00,24,F,17,,C,0110,1,99,FP-02,15,0110,8,48,F,2,202309,1,150646,03.9
AM00,11,G,17,15,H,0110,1,99,GS-15,18,0110,2,10,F,1,202309,1,183500,25.9
AM00,11,D,17,14,D,0110,1,99,GS-14,15,0110,8,10,F,1,202309,1,150016,09.4
AM00,11,I,21,,E,0110,1,99,FO-02,16,0110,8,38,F,1,202309,1,164615,12.0
AM00,11,J,17,,E,0110,1,99,FP-01,18,0110,8,48,F,2,202309,1,183500,14.4
AM00,11,F,17,,D,0110,1,99,FP-01,17,0110,2,48,F,2,202309,1,170137,08.6
AM00,11,G,17,,D,0110,1,99,FP-01,17,0110,8,48,F,2,202309,1,175242,06.9
AM00,11,E,17,,D,0110,1,99,FP-02,13,0110,8,48,F,2,202309,1,137862,06.7
AM00,11,E,21,15,E,0110,1,99,GS-15,17,0110,2,10,F,1,202309,1,171268,11.6
AM00,11,E,17,13,C,0110,1,99,GS-13,11,0110,8,38,F,1,202309,1,119482,04.8
AM00,11,G,17,14,C,0110,1,99,GS-14,15,0110,8,15,F,1,202309,1,158840,04.1
AM00,11,F,04,15,C,0110,1,99,GS-15,16,0110,8,10,F,1,202309,1,160889,03.3
AM00,SF,E,17,,C,0110,1,99,FP-03,10,0110,8,48,F,2,202309,1,102578,03.3
AM00,11,E,17,,B,0110,1,99,FP-04,11,0110,8,48,F,2,202309,1,114665,02.0
AM00,11,F,17,,B,0110,1,99,FP-04,11,0110,8,48,F,2,202309,1,118106,02.9
AM00,RI,H,21,,B,0110,1,99,FP-04,09,0110,8,48,F,2,202309,1,096357,02.3
AM00,11,G,21,,B,0110,1,99,FP-04,11,0110,8,48,F,2,202309,1,118106,02.0
AM00,11,E,17,,B,0110,1,99,FP-02,13,0110,8,48,F,2,202309,1,133847,02.6
AM00,11,C,17,12,B,0110,1,99,GS-12,09,0110,8,15,F,1,202309,1,094199,01.1
AM00,11,F,04,,B,0110,1,99,FP-04,11,0110,8,48,F,2,202309,1,114665,01.0
AM00,11,D,17,11,A,0110,1,99,GS-11,07,0110,8,35,F,1,202309,1,078592,00.9
AM00,11,D,21,,A,0110,1,99,FP-02,12,0110,8,48,F,2,202309,1,126164,00.9
AM00,11,F,17,,B,0110,1,99,FP-02,15,0110,8,48,F,2,202309,1,150646,01.2
AM00,36,F,21,15,E,0110,1,99,GS-15,15,0110,8,10,F,1,202309,1,154412,10.0
ARAF,24,I,13,,F,0110,1,99,DB-02,10,0110,8,10,F,1,202309,1,102166,17.0
ARAF,12,C,21,,D,0110,1,99,DB-04,12,0110,2,15,F,1,202309,1,128714,05.0
ARCE,36,G,17,14,G,0110,1,99,GS-14,16,0110,8,10,F,1,202309,1,167774,20.3
ARCE,01,G,13,14,G,0110,1,99,GS-14,13,0110,2,10,F,1,202309,1,139670,22.7
ARCE,39,E,17,15,E,0110,1,99,GS-15,15,0110,2,10,F,1,202309,1,156868,14.8
ARCE,06,J,17,13,H,0110,1,99,GS-13,13,0110,8,10,F,1,202309,1,133781,25.0
ARCE,53,K,17,12,H,0110,1,99,GS-12,10,0110,8,20,I,2,202309,1,102158,27.8
ARCE,02,F,17,14,F,0110,1,99,GS-14,14,0110,8,10,F,1,202309,1,144318,15.2
ARCE,06,I,17,11,H,0110,1,99,GS-11,10,0110,8,10,F,1,202309,1,104016,27.3
ARCE,54,H,13,14,J,0110,1,99,GS-14,14,0110,8,10,F,1,202309,1,143549,35.9
ARCE,11,H,13,15,G,0110,1,99,GS-15,18,0110,2,10,F,1,202309,1,181648,24.5
ARCE,28,J,17,12,H,0110,1,99,GS-12,10,0110,8,10,F,1,202309,1,107680,29.3
ARCE,21,G,13,12,G,0110,1,99,GS-12,10,0110,8,10,F,1,202309,1,107680,20.8
ARCE,41,G,13,13,F,0110,1,99,GS-13,13,0110,8,10,F,1,202309,1,137363,18.8
ARCE,41,E,13,14,F,0110,1,99,GS-14,14,0110,7,10,F,1,202309,1,141512,19.3
ARCE,12,F,17,14,G,0110,1,99,GS-14,12,0110,8,10,F,1,202309,1,128031,20.0
ARCE,36,K,21,14,H,0110,1,99,GS-14,17,0110,2,10,F,1,202309,1,176842,27.9
ARCE,33,E,14,14,F,0110,1,99,GS-14,13,0110,8,10,F,1,202309,1,139657,15.3
ARCE,48,I,17,15,I,0110,1,99,GS-15,18,0110,2,10,F,1,202309,1,183500,33.9
ARCE,12,H,13,14,F,0110,1,99,GS-14,12,0110,8,10,F,1,202309,1,128031,15.1
ARCE,22,K,17,14,J,0110,1,99,GS-14,14,0110,2,10,F,1,202309,1,147428,36.3
ARCE,51,G,17,13,F,0110,1,99,GS-13,11,0110,8,10,P,2,202309,1,119655,19.3
ARCE,05,K,13,13,J,0110,1,99,GS-13,12,0110,8,10,F,1,202309,1,128043,45.2
ARCE,06,G,17,14,F,0110,1,99,GS-14,14,0110,8,10,F,1,202309,1,145272,18.8
ARCE,54,I,13,13,H,0110,1,99,GS-13,11,0110,8,10,F,1,202309,1,114911,29.2
ARCE,06,H,13,12,H,0110,1,99,GS-12,11,0110,8,10,F,1,202309,1,118586,26.7
ARCE,01,E,13,14,F,0110,1,99,GS-14,12,0110,8,10,F,1,202309,1,128031,17.1
ARCE,51,H,04,13,F,0110,1,99,GS-13,14,0110,8,10,F,1,202309,1,145617,19.1
ARCE,21,F,13,13,F,0110,1,99,GS-13,10,0110,8,10,F,1,202309,1,108345,18.1
ARCE,51,H,17,15,H,0110,1,99,GS-15,18,0110,2,10,F,1,202309,1,183500,29.0
ARCE,48,K,17,13,J,0110,1,99,GS-13,13,0110,2,10,F,1,202309,1,138891,39.9
ARCE,01,H,13,14,I,0110,1,99,GS-14,13,0110,8,10,F,1,202309,1,135790,32.6
ARCE,06,I,13,14,H,0110,1,99,GS-14,18,0110,8,10,F,1,202309,1,183500,28.4
ARCE,36,E,17,13,F,0110,1,99,GS-13,11,0110,8,10,F,1,202309,1,112856,18.1
ARCE,06,I,17,14,I,0110,1,99,GS-14,15,0110,8,10,F,1,202309,1,157225,30.0
ARCE,48,G,17,13,F,0110,1,99,GS-13,13,0110,8,10,F,1,202309,1,136425,16.3
ARCE,15,K,13,12,J,0110,1,99,GS-12,11,0110,8,10,F,1,202309,1,111996,36.5
ARCE,06,F,17,14,G,0110,1,99,GS-14,15,0110,8,10,F,1,202309,1,153816,23.5
ARCE,36,F,13,12,G,0110,1,99,GS-12,10,0110,8,10,F,1,202309,1,103535,20.1
ARCE,01,F,13,15,G,0110,1,99,GS-15,16,0110,2,10,F,1,202309,1,164288,20.9
ARCE,51,J,17,14,J,0110,1,99,GS-14,17,0110,8,10,F,1,202309,1,172075,35.8
ARCE,13,K,13,14,J,0110,1,99,GS-14,15,0110,8,10,F,1,202309,1,151308,45.7
ARCE,17,E,13,14,F,0110,1,99,GS-14,14,0110,8,10,F,1,202309,1,142637,15.1
ARCE,48,J,17,12,F,0110,1,99,GS-12,11,0110,8,10,F,1,202309,1,110813,17.3
ARCE,15,J,17,14,I,0110,1,99,GS-14,14,0110,8,10,F,1,202309,1,149303,33.7
ARCE,06,J,13,13,J,0110,1,99,GS-13,14,0110,8,10,F,1,202309,1,148255,35.3
ARCE,35,H,13,13,I,0110,1,99,GS-13,11,0110,7,10,F,1,202309,1,119340,31.4
ARCE,40,E,17,14,F,0110,1,99,GS-14,13,0110,8,10,F,1,202309,1,135790,15.3
ARCE,42,D,13,12,F,0110,1,99,GS-12,09,0110,8,10,F,1,202309,1,099846,16.1
ARCE,12,G,17,13,G,0110,1,99,GS-13,12,0110,2,10,F,1,202309,1,128043,20.5
ARCE,48,J,17,13,G,0110,1,99,GS-13,13,0110,8,10,F,1,202309,1,131769,24.9
ARCE,42,I,17,13,I,0110,1,99,GS-13,12,0110,8,10,F,1,202309,1,125512,30.2
ARCE,54,F,17,13,F,0110,1,99,GS-13,11,0110,8,10,F,1,202309,1,118194,15.0
ARCE,37,E,13,13,F,0110,1,99,GS-13,12,0110,8,10,F,1,202309,1,123135,16.3
ARCE,22,I,13,12,H,0110,1,99,GS-12,10,0110,8,10,F,1,202309,1,107680,29.8
ARCE,01,J,18,13,G,0110,1,99,GS-13,11,0110,8,10,F,1,202309,1,118194,22.8
ARCE,48,E,17,13,F,0110,1,99,GS-13,12,0110,8,10,F,1,202309,1,121085,16.3
ARCE,42,H,13,13,I,0110,1,99,GS-13,14,0110,8,10,F,1,202309,1,140506,31.0
ARCE,17,I,17,12,F,0110,1,99,GS-12,09,0110,8,10,F,1,202309,1,099397,15.7
ARCE,06,H,13,13,I,0110,1,99,GS-13,15,0110,8,10,F,1,202309,1,158432,32.7
ARCE,17,I,14,13,I,0110,1,99,GS-13,12,0110,2,10,F,1,202309,1,129922,34.2
ARCE,48,H,14,13,H,0110,1,99,GS-13,14,0110,8,10,F,1,202309,1,144004,29.2
ARCE,54,H,13,12,H,0110,1,99,GS-12,09,0110,8,10,F,1,202309,1,099397,29.2
ARCE,51,F,14,15,F,0110,1,99,GS-15,18,0110,2,10,F,1,202309,1,183500,19.6
ARCE,01,F,13,13,F,0110,1,99,GS-13,11,0110,8,10,F,1,202309,1,114911,19.7
ARCE,56,G,17,14,E,0110,1,99,GS-14,12,0110,8,10,F,1,202309,1,128031,14.0
ARCE,21,F,13,13,F,0110,1,99,GS-13,11,0110,8,10,F,1,202309,1,111628,19.6
ARCE,12,G,13,14,H,0110,1,99,GS-14,14,0110,2,10,F,1,202309,1,143549,27.3
ARCE,02,F,13,12,E,0110,1,99,GS-12,10,0110,8,10,P,2,202309,1,108929,10.5
ARCE,37,H,13,13,G,0110,1,99,GS-13,11,0110,8,10,F,1,202309,1,111628,20.1
ARCE,22,K,17,14,J,0110,1,99,GS-14,13,0110,8,10,F,1,202309,1,139670,38.0
ARCE,01,F,17,13,G,0110,1,99,GS-13,11,0110,2,10,F,1,202309,1,114911,21.2
ARCE,29,F,13,13,E,0110,1,99,GS-13,11,0110,2,10,F,1,202309,1,119898,14.8
ARCE,17,E,17,14,E,0110,1,99,GS-14,14,0110,8,10,F,1,202309,1,142637,14.8
ARCE,54,F,17,12,E,0110,1,99,GS-12,09,0110,8,10,F,1,202309,1,096636,14.8
ARCE,41,E,13,13,E,0110,1,99,GS-13,11,0110,8,10,F,1,202309,1,119753,14.8
ARCE,31,E,13,14,E,0110,1,99,GS-14,12,0110,2,10,F,1,202309,1,125239,14.8
ARCE,40,F,14,13,E,0110,1,99,GS-13,11,0110,2,10,F,1,202309,1,114911,14.6
ARCE,06,G,14,13,E,0110,1,99,GS-13,11,0110,2,10,F,1,202309,1,119319,14.3
ARCE,21,E,04,13,E,0110,1,99,GS-13,11,0110,8,10,F,1,202309,1,111628,14.3
ARCE,40,E,17,14,E,0110,1,99,GS-14,13,0110,8,10,F,1,202309,1,135790,14.3
ARCE,41,F,17,13,B,0110,1,99,GS-13,12,0110,8,15,F,1,202309,1,126797,02.1
ARCE,15,F,17,,E,0110,1,99,DB-04,15,0110,8,10,F,1,202309,1,150539,14.2
ARCE,01,E,17,12,D,0110,1,99,GS-12,08,0110,8,10,F,1,202309,1,085591,08.2
ARCE,39,G,17,13,E,0110,1,99,GS-13,10,0110,8,10,F,1,202309,1,108345,14.1
ARCE,28,F,17,13,E,0110,1,99,GS-13,12,0110,2,10,F,1,202309,1,124760,14.1
ARCE,11,E,13,13,E,0110,1,99,GS-13,13,0110,8,10,F,1,202309,1,134416,14.1
ARCE,31,H,17,12,E,0110,1,99,GS-12,09,0110,8,10,P,2,202309,1,097482,14.0
ARCE,22,F,17,12,E,0110,1,99,GS-12,10,0110,8,10,F,1,202309,1,102158,13.9
ARCE,37,E,13,13,E,0110,1,99,GS-13,12,0110,8,10,F,1,202309,1,129975,13.7
ARCE,13,E,17,14,E,0110,1,99,GS-14,13,0110,8,10,F,1,202309,1,135197,13.4
ARCE,47,G,18,14,E,0110,1,99,GS-14,13,0110,8,10,F,1,202309,1,131911,13.3
ARCE,12,E,17,13,E,0110,1,99,GS-13,10,0110,2,10,F,1,202309,1,108345,13.3
ARCE,40,E,17,14,E,0110,1,99,GS-14,13,0110,8,10,F,1,202309,1,136538,13.2
ARCE,41,F,13,13,E,0110,1,99,GS-13,10,0110,2,10,F,1,202309,1,109188,13.0
ARCE,31,E,13,13,E,0110,1,99,GS-13,10,0110,2,10,F,1,202309,1,109294,12.8
ARCE,48,E,13,12,E,0110,1,99,GS-12,09,0110,8,10,F,1,202309,1,098833,12.8
ARCE,51,I,13,13,E,0110,1,99,GS-13,12,0110,4,10,F,1,202309,1,123216,11.8
ARCE,01,F,17,12,D,0110,1,99,GS-12,09,0110,8,10,F,1,202309,1,091113,08.4
ARCE,42,D,17,14,E,0110,1,99,GS-14,12,0110,8,10,F,1,202309,1,120259,11.3
ARCE,29,D,17,13,E,0110,1,99,GS-13,11,0110,2,10,F,1,202309,1,117475,11.2
ARCE,53,D,13,12,E,0110,1,99,GS-12,09,0110,8,10,F,1,202309,1,093875,11.1
ARCE,54,E,17,13,E,0110,1,99,GS-13,11,0110,8,10,F,1,202309,1,111628,10.8
ARCE,41,J,13,12,E,0110,1,99,GS-12,09,0110,8,10,F,1,202309,1,093875,10.8
ARCE,54,D,13,13,E,0110,1,99,GS-13,11,0110,2,10,F,1,202309,1,114911,10.0
ARCE,42,D,17,14,D,0110,1,99,GS-14,12,0110,8,10,F,1,202309,1,127722,09.0
ARCE,01,E,13,12,D,0110,1,99,GS-12,09,0110,8,10,F,1,202309,1,091113,09.0
ARCE,01,D,13,13,D,0110,1,99,GS-13,11,0110,8,10,F,1,202309,1,112500,09.0
ARCE,42,C,13,13,D,0110,1,99,GS-13,11,0110,8,10,F,1,202309,1,111944,08.8
ARCE,02,D,17,13,D,0110,1,99,GS-13,11,0110,8,10,F,1,202309,1,118427,08.7
ARCE,37,E,17,12,D,0110,1,99,GS-12,10,0110,8,10,F,1,202309,1,100675,08.6
ARCE,06,D,13,13,D,0110,1,99,GS-13,11,0110,7,10,F,1,202309,1,112088,08.3
ARCE,28,E,17,12,D,0110,1,99,GS-12,09,0110,8,20,F,2,202309,1,093875,08.3
ARCE,05,I,17,12,D,0110,1,99,GS-12,09,0110,8,10,F,1,202309,1,099397,08.3
ARCE,12,E,17,13,D,0110,1,99,GS-13,09,0110,8,10,F,1,202309,1,098496,08.1
ARCE,13,E,17,13,D,0110,1,99,GS-13,10,0110,7,10,F,1,202309,1,104008,08.1
ARCE,41,E,13,12,D,0110,1,99,GS-12,08,0110,8,10,F,1,202309,1,085591,08.1
ARCE,54,E,13,13,D,0110,1,99,GS-13,09,0110,8,10,F,1,202309,1,098496,08.0
ARCE,29,G,13,12,D,0110,1,99,GS-12,09,0110,8,10,F,1,202309,1,093147,07.8
ARCE,24,G,17,12,D,0110,1,99,GS-12,10,0110,8,10,F,1,202309,1,100479,07.5
ARCE,29,J,17,12,D,0110,1,99,GS-12,09,0110,8,10,F,1,202309,1,095228,07.8
ARCE,06,E,17,11,D,0110,1,99,GS-11,08,0110,8,10,F,1,202309,1,086252,07.3
ARCE,31,D,17,12,D,0110,1,99,GS-12,09,0110,8,10,F,1,202309,1,091911,07.2
ARCE,54,C,17,12,D,0110,1,99,GS-12,08,0110,8,10,F,1,202309,1,085591,07.1
ARCE,54,D,13,12,D,0110,1,99,GS-12,08,0110,8,10,F,1,202309,1,082830,07.1
ARCE,06,D,17,13,D,0110,1,99,GS-13,12,0110,8,10,F,1,202309,1,121646,06.8
ARCE,27,E,13,13,D,0110,1,99,GS-13,11,0110,8,10,F,1,202309,1,110419,06.3
ARCE,22,G,13,12,D,0110,1,99,GS-12,09,0110,8,10,F,1,202309,1,091113,06.3
ARCE,53,D,17,11,D,0110,1,99,GS-11,08,0110,8,10,F,1,202309,1,084544,06.3
ARCE,06,C,17,12,D,0110,1,99,GS-12,10,0110,8,10,F,1,202309,1,102489,05.6
ARCE,36,C,13,12,D,0110,1,99,GS-12,08,0110,8,10,F,1,202309,1,089155,05.3
ARCE,06,D,21,14,C,0110,1,99,GS-14,12,0110,8,10,F,1,202309,1,128182,04.5
ARCE,25,G,17,12,D,0110,1,99,GS-12,09,0110,8,10,F,1,202309,1,099387,05.2
ARCE,01,D,13,13,D,0110,1,99,GS-13,09,0110,8,10,F,1,202309,1,098496,05.2
ARCE,01,C,13,11,D,0110,1,99,GS-11,07,0110,8,10,F,1,202309,1,076016,05.2
ARCE,51,C,12,09,D,0110,1,99,GS-09,07,0110,8,10,F,1,202309,1,073617,05.1
ARCE,36,E,17,13,D,0110,1,99,GS-13,11,0110,8,10,F,1,202309,1,115118,05.1
ARCE,31,C,17,12,D,0110,1,99,GS-12,08,0110,8,10,F,1,202309,1,086341,05.0
ARCE,46,D,13,12,C,0110,1,99,GS-12,08,0110,8,10,F,1,202309,1,085591,04.7
ARCE,45,D,17,12,C,0110,1,99,GS-12,08,0110,8,10,F,1,202309,1,085591,04.6
ARCE,36,D,17,12,C,0110,1,99,GS-12,10,0110,8,10,F,1,202309,1,103262,04.6
ARCE,06,C,13,11,C,0110,1,99,GS-11,07,0110,8,10,F,1,202309,1,078643,04.3
ARCE,36,G,17,12,C,0110,1,99,GS-12,10,0110,8,10,F,1,202309,1,106489,04.2
ARCE,29,D,17,12,C,0110,1,99,GS-12,09,0110,8,10,F,1,202309,1,093147,04.2
ARCE,29,C,13,11,C,0110,1,99,GS-11,07,0110,8,10,F,1,202309,1,073004,04.2
ARCE,01,C,13,11,C,0110,1,99,GS-11,07,0110,8,10,F,1,202309,1,071410,04.0
ARCE,25,C,13,09,C,0110,1,99,GS-09,06,0110,8,10,F,1,202309,1,066393,03.8
ARCE,25,C,13,11,C,0110,1,99,GS-11,08,0110,8,10,F,1,202309,1,080328,03.8
ARCE,26,F,17,11,C,0110,1,99,GS-11,08,0110,8,10,F,1,202309,1,081224,03.7
ARCE,31,C,13,11,C,0110,1,99,GS-11,07,0110,8,10,F,1,202309,1,072035,03.6
ARCE,31,D,13,11,C,0110,1,99,GS-11,07,0110,8,10,F,1,202309,1,072035,03.6
ARCE,41,C,13,11,C,0110,1,99,GS-11,07,0110,8,10,F,1,202309,1,076608,03.4
ARCE,36,B,17,11,C,0110,1,99,GS-11,07,0110,8,15,F,1,202309,1,071984,03.3
ARCE,36,E,17,12,C,0110,1,99,GS-12,10,0110,8,10,F,1,202309,1,103262,03.3
ARCE,27,C,04,11,C,0110,1,99,GS-11,07,0110,8,10,F,1,202309,1,077472,03.3
ARCE,29,C,13,11,C,0110,1,99,GS-11,07,0110,8,10,F,1,202309,1,072440,03.2
ARCE,17,C,13,11,C,0110,1,99,GS-11,07,0110,8,10,F,1,202309,1,072458,03.2
ARCE,53,C,13,11,C,0110,1,99,GS-11,07,0110,8,10,F,1,202309,1,071410,03.0
ARCE,12,C,17,12,C,0110,1,99,GS-12,08,0110,8,10,F,1,202309,1,085591,03.0
ARCE,21,C,17,11,C,0110,1,99,GS-11,06,0110,8,10,F,1,202309,1,069107,03.0
ARCE,12,D,13,07,A,0110,1,99,GS-07,04,0110,8,15,F,1,202309,1,046696,00.2
ARCE,36,C,13,11,B,0110,1,99,GS-11,08,0110,8,15,F,1,202309,1,080769,02.5
ARCE,42,B,13,09,B,0110,1,99,GS-09,05,0110,8,15,F,1,202309,1,059015,02.3
ARCE,01,C,17,11,B,0110,1,99,GS-11,06,0110,8,15,F,1,202309,1,069107,02.0
ARCE,28,D,17,07,B,0110,1,99,GS-07,04,0110,8,15,F,1,202309,1,046696,01.5
ARCE,02,E,17,11,B,0110,1,99,GS-11,08,0110,8,15,F,1,202309,1,080494,02.0
ARCE,21,E,17,12,A,0110,1,99,GS-12,09,0110,8,15,F,1,202309,1,091113,00.4
ARCE,12,B,13,09,B,0110,1,99,GS-09,05,0110,8,15,F,1,202309,1,057118,01.2
ARCE,51,C,17,11,B,0110,1,99,GS-11,06,0110,8,15,F,1,202309,1,069961,01.2
ARCE,02,D,17,11,B,0110,1,99,GS-11,07,0110,8,15,F,1,202309,1,077898,01.2
ARCE,27,B,13,09,B,0110,1,99,GS-09,06,0110,8,15,F,1,202309,1,061966,01.2
ARCE,48,C,13,09,B,0110,1,99,GS-09,06,0110,8,15,F,1,202309,1,061957,01.2
ARCE,22,D,17,11,B,0110,1,99,GS-11,07,0110,8,15,F,1,202309,1,071410,01.1
ARCE,17,C,17,11,B,0110,1,99,GS-11,07,0110,8,15,F,1,202309,1,070121,01.1
ARCE,36,C,13,12,B,0110,1,99,GS-12,08,0110,8,15,F,1,202309,1,089155,01.1
ARCE,36,G,21,12,B,0110,1,99,GS-12,10,0110,8,15,F,1,202309,1,100035,01.0
ARCE,02,C,13,07,A,0110,1,99,GS-07,05,0110,8,15,F,1,202309,1,052636,00.9
ARCE,36,C,13,09,A,0110,1,99,GS-09,05,0110,8,15,F,1,202309,1,059495,00.6
ARCE,17,E,21,11,A,0110,1,99,GS-11,08,0110,8,15,F,1,202309,1,089820,00.3
ARCE,51,C,13,09,A,0110,1,99,GS-09,06,0110,8,15,F,1,202309,1,064957,00.3
ARCE,55,G,17,12,A,0110,1,99,GS-12,10,0110,8,15,F,1,202309,1,109638,00.2
ARCE,12,B,13,07,A,0110,1,99,GS-07,04,0110,8,15,F,1,202309,1,046696,00.2
ARCE,12,C,04,09,A,0110,1,99,GS-09,06,0110,8,15,F,1,202309,1,062828,00.2
ARCE,01,B,13,07,A,0110,1,99,GS-07,04,0110,8,15,F,1,202309,1,046696,00.1
ARCE,17,B,13,07,A,0110,1,99,GS-07,04,0110,8,15,F,1,202309,1,047381,00.1
ARCE,45,J,17,12,G,0110,1,99,GS-12,10,0110,8,10,F,1,202309,1,107680,21.7
ARCH,31,D,13,07,B,0110,1,99,GS-07,06,0110,8,15,F,1,202309,1,061235,01.0
ARCH,41,C,13,09,C,0110,1,99,GS-09,06,0110,8,10,F,1,202309,1,063317,04.0
ARCH,01,C,17,09,B,0110,1,99,GS-09,05,0110,8,15,F,1,202309,1,057118,01.2
ARCH,36,B,13,05,A,0110,1,99,GS-05,04,0110,8,15,F,1,202309,1,044057,00.8
ARCH,53,B,13,07,B,0110,1,99,GS-07,05,0110,8,15,F,1,202309,1,051934,01.7
ARCH,42,B,13,07,A,0110,1,99,GS-07,05,0110,8,35,F,1,202309,1,051241,00.2
ARCH,54,B,13,07,A,0110,1,99,GS-07,04,0110,8,15,F,1,202309,1,046696,00.2
ARCH,41,B,13,07,A,0110,1,99,GS-07,05,0110,8,15,F,1,202309,1,050094,00.2
ARSA,11,F,13,15,G,0110,1,99,GS-15,17,0110,8,10,F,1,202309,1,176458,23.3
BG00,11,F,17,14,B,0110,1,99,GS-14,15,0110,8,15,F,1,202309,1,150016,01.2
BG00,11,E,17,14,B,0110,1,99,GS-14,14,0110,8,15,F,1,202309,1,141192,01.2
BG00,11,G,17,13,B,0110,1,99,GS-13,13,0110,8,15,F,1,202309,1,138150,01.0
BO00,11,H,21,15,G,0110,1,99,GS-15,18,0110,8,10,F,1,202309,1,183500,24.2
BO00,11,G,17,,G,0110,1,ES,ES-**,20,0110,2,50,F,1,202309,1,201353,20.2
BO00,11,F,21,15,E,0110,1,99,GS-15,17,0110,8,10,F,1,202309,1,176458,14.1
BO00,11,D,21,13,C,0110,1,99,GS-13,11,0110,8,10,F,1,202309,1,115749,04.4
BO00,11,E,21,14,E,0110,1,99,GS-14,14,0110,8,10,F,1,202309,1,145604,10.2
BO00,11,F,21,15,D,0110,1,99,GS-15,15,0110,8,10,F,1,202309,1,155700,08.1
BO00,11,E,21,13,D,0110,1,99,GS-13,11,0110,8,10,F,1,202309,1,119482,06.8
BO00,11,E,21,14,D,0110,1,99,GS-14,14,0110,8,10,F,1,202309,1,141192,05.1
BO00,11,E,21,14,D,0110,1,99,GS-14,14,0110,8,10,F,1,202309,1,145604,06.9
BO00,11,E,21,15,C,0110,1,99,GS-15,15,0110,8,10,F,1,202309,1,155700,03.1
BO00,11,E,21,15,D,0110,1,99,GS-15,18,0110,8,10,F,1,202309,1,183500,09.3
CE00,11,K,21,,J,0110,1,ES,ES-**,19,0110,2,50,F,1,202309,1,191018,43.3
CE00,11,F,17,,C,0110,1,99,AD-00,14,0110,8,48,F,2,202309,1,147000,04.3
CE00,11,D,18,,B,0110,1,99,AD-00,06,0110,8,48,F,2,202309,1,061000,01.6
CE00,11,E,21,,A,0110,1,99,AD-00,16,0110,8,48,F,2,202309,1,160000,00.7
CE00,11,C,17,,A,0110,1,99,AD-00,06,0110,8,48,F,2,202309,1,061000,00.2
CE00,11,C,17,,A,0110,1,99,AD-00,06,0110,8,48,F,2,202309,1,061000,00.2
CE00,11,C,17,,A,0110,1,99,AD-00,06,0110,8,48,F,2,202309,1,061000,00.1
CE00,11,C,17,,A,0110,1,99,AD-00,06,0110,8,48,F,2,202309,1,061000,00.1
CE00,11,D,17,,A,0110,1,99,AD-00,06,0110,8,48,F,2,202309,1,061000,00.1
CM53,24,F,17,,E,0110,1,99,ZP-04,15,0110,8,10,F,1,202309,1,154904,12.7
CM53,24,E,17,,D,0110,1,99,ZP-04,11,0110,8,10,F,1,202309,1,117316,09.3
CM53,24,D,13,,D,0110,1,99,ZP-04,11,0110,8,10,F,1,202309,1,119091,07.3
CM53,24,F,17,,D,0110,1,99,ZP-02,07,0110,8,10,F,1,202309,1,079837,07.3
CM53,24,E,17,,D,0110,1,99,ZP-03,11,0110,8,10,F,1,202309,1,111706,07.2
CM53,24,F,17,,E,0110,1,99,ZP-05,18,0110,2,10,F,1,202309,1,183248,14.8
CM53,24,I,21,,G,0110,1,99,ZP-05,18,0110,8,10,F,1,202309,1,183500,24.3
CM53,24,F,13,,F,0110,1,99,ZP-04,17,0110,2,10,F,1,202309,1,177750,17.8
CM53,24,G,17,,G,0110,1,99,ZP-03,12,0110,8,10,F,1,202309,1,122459,22.4
CM53,24,I,04,,H,0110,1,99,ZP-04,16,0110,8,10,F,1,202309,1,167557,25.9
CM53,24,I,13,,J,0110,1,99,ZP-04,17,0110,8,10,F,1,202309,1,172075,35.8
CM53,24,F,13,,F,0110,1,99,ZP-04,18,0110,2,10,F,1,202309,1,181619,19.1
CM53,24,F,13,,F,0110,1,99,ZP-05,18,0110,2,10,F,1,202309,1,183500,19.3
CM53,24,G,04,,G,0110,1,99,ZP-05,18,0110,2,10,F,1,202309,1,183500,23.8
CM53,24,G,13,,G,0110,1,99,ZP-04,17,0110,8,10,F,1,202309,1,172075,23.8
CM53,51,H,17,,G,0110,1,99,ZP-05,18,0110,8,10,F,1,202309,1,183500,24.3
CM53,24,F,13,,F,0110,1,99,ZP-05,18,0110,2,10,F,1,202309,1,183500,19.2
CM53,24,I,17,,H,0110,1,99,ZP-05,18,0110,8,10,F,1,202309,1,183500,28.6
CM53,24,H,13,,I,0110,1,99,ZP-04,18,0110,2,10,F,1,202309,1,182554,31.9
CM53,24,I,13,,I,0110,1,99,ZP-04,17,0110,8,10,F,1,202309,1,172075,33.7
CM53,24,F,14,,F,0110,1,99,ZP-04,16,0110,2,10,F,1,202309,1,163700,19.2
CM53,24,F,11,,F,0110,1,99,ZP-04,17,0110,8,10,F,1,202309,1,172075,17.8
CM53,24,I,14,,I,0110,1,99,ZP-04,18,0110,2,10,F,1,202309,1,182554,34.6
CM53,24,I,13,,I,0110,1,99,ZP-04,18,0110,2,10,F,1,202309,1,182554,33.1
CM53,24,G,13,,G,0110,1,99,ZP-05,18,0110,8,10,F,1,202309,1,183500,24.3
CM53,24,K,21,,J,0110,1,ES,ES-**,20,0110,2,50,F,1,202309,1,212100,38.9
CM53,24,J,14,,H,0110,1,99,ZP-04,17,0110,8,10,F,1,202309,1,172075,29.8
CM53,24,I,17,,I,0110,1,99,ZP-04,17,0110,8,10,F,1,202309,1,172075,32.3
CM53,24,H,13,,I,0110,1,99,ZP-04,18,0110,2,10,F,1,202309,1,182554,30.2
CM53,24,J,13,,J,0110,1,99,ZP-04,17,0110,8,10,F,1,202309,1,172075,38.9
CM53,24,F,17,,F,0110,1,99,ZP-03,12,0110,8,10,F,1,202309,1,122459,16.0
CM53,24,I,08,,J,0110,1,99,ZP-03,12,0110,8,10,F,1,202309,1,122459,40.5
CM53,51,F,13,,F,0110,1,99,ZP-05,18,0110,8,10,F,1,202309,1,180071,19.7
CM53,24,H,13,,G,0110,1,99,ZP-03,12,0110,8,10,F,1,202309,1,122459,24.4
CM53,24,I,13,,I,0110,1,99,ZP-05,18,0110,8,10,F,1,202309,1,183500,32.2
CM53,24,F,13,,G,0110,1,99,ZP-04,16,0110,8,10,F,1,202309,1,166732,20.0
CM53,24,J,13,,I,0110,1,99,ZP-04,16,0110,8,10,F,1,202309,1,161661,32.8
CM53,24,J,21,,F,0110,1,99,ZP-05,18,0110,8,10,F,1,202309,1,183500,19.1
CM53,24,G,13,,G,0110,1,99,ZP-04,17,0110,2,10,F,1,202309,1,178007,23.3
CM53,24,E,12,,F,0110,1,99,ZP-04,15,0110,8,10,F,1,202309,1,157360,15.3
CM53,24,J,17,,J,0110,1,99,ZP-04,14,0110,8,38,F,1,202309,1,148686,36.4
CM53,24,J,13,,J,0110,1,99,ZP-05,18,0110,8,10,F,1,202309,1,183500,39.3
CM53,24,G,13,,G,0110,1,99,ZP-05,18,0110,2,10,F,1,202309,1,183500,23.0
CM53,24,E,12,,F,0110,1,99,ZP-03,12,0110,8,10,F,1,202309,1,122459,16.0
CM53,24,I,13,,I,0110,1,99,ZP-04,17,0110,8,10,F,1,202309,1,172075,32.3
CM53,24,H,13,,I,0110,1,99,ZP-04,16,0110,8,10,F,1,202309,1,163748,32.4
CM53,24,G,17,,F,0110,1,99,ZP-04,17,0110,8,10,F,1,202309,1,172075,19.3
CM53,24,F,04,,E,0110,1,99,ZP-05,18,0110,8,10,F,1,202309,1,183500,14.1
CM53,24,J,17,,J,0110,1,99,ZP-04,18,0110,2,10,F,1,202309,1,182554,35.0
CM53,24,G,13,,G,0110,1,99,ZP-03,12,0110,8,10,F,1,202309,1,122459,24.9
CM53,24,G,17,,F,0110,1,99,ZP-05,18,0110,2,10,F,1,202309,1,183500,18.4
CM53,24,J,13,,J,0110,1,99,ZP-03,12,0110,8,10,F,1,202309,1,122459,38.4
CM53,11,H,21,,G,0110,1,ST,ST-00,19,0110,4,10,F,1,202309,1,197263,24.5
CM53,24,F,13,,G,0110,1,99,ZP-05,18,0110,8,10,F,1,202309,1,183500,20.3
CM53,24,F,17,,F,0110,1,ES,ES-**,19,0110,2,50,F,1,202309,1,192175,19.3
CM53,24,I,13,,I,0110,1,ES,ES-**,20,0110,2,50,F,1,202309,1,212100,31.8
CM53,24,I,17,,G,0110,1,99,ZP-03,12,0110,8,10,F,1,202309,1,122459,21.7
CM53,24,H,17,,G,0110,1,99,ZP-03,12,0110,8,10,F,1,202309,1,122459,22.9
CM53,24,E,13,,F,0110,1,99,ZP-04,13,0110,8,10,F,1,202309,1,138184,17.0
CM53,24,G,13,,F,0110,1,99,ZP-05,18,0110,2,10,F,1,202309,1,183500,19.3
CM53,24,K,21,,G,0110,1,99,ZP-05,18,0110,8,10,F,1,202309,1,183500,22.0
CM53,24,E,04,,F,0110,1,99,ZP-05,18,0110,2,10,F,1,202309,1,183500,17.3
CM53,51,E,13,,F,0110,1,99,ZP-05,18,0110,2,10,F,1,202309,1,183500,15.8
CM53,24,F,13,,G,0110,1,99,ZP-04,16,0110,8,10,F,1,202309,1,165416,22.3
CM53,24,G,14,,G,0110,1,99,ZP-04,13,0110,8,10,F,1,202309,1,134710,22.8
CM53,24,E,13,,F,0110,1,99,ZP-05,18,0110,2,10,F,1,202309,1,183500,17.0
CM53,12,G,17,,F,0110,1,99,ZP-05,18,0110,8,10,F,1,202309,1,183500,19.3
CM53,24,K,13,,H,0110,1,99,ZP-03,12,0110,8,10,F,1,202309,1,122459,25.3
CM53,24,F,21,,F,0110,1,99,ZP-04,17,0110,8,10,F,1,202309,1,172075,16.2
CM53,24,I,17,,I,0110,1,99,ZP-04,15,0110,8,10,F,1,202309,1,158728,32.5
CM53,24,I,13,,I,0110,1,99,ZP-04,18,0110,2,10,F,1,202309,1,182554,33.3
CM53,24,G,13,,H,0110,1,99,ZP-04,17,0110,8,10,F,1,202309,1,172075,25.0
CM53,24,E,13,,F,0110,1,99,ZP-04,16,0110,8,10,F,1,202309,1,167762,16.2
CM53,24,H,18,,G,0110,1,99,ZP-03,12,0110,8,10,F,1,202309,1,122459,22.3
CM53,24,H,14,,H,0110,1,99,ZP-04,18,0110,2,10,F,1,202309,1,182554,26.2
CM53,24,K,13,,J,0110,1,99,ZP-04,17,0110,8,10,F,1,202309,1,172075,37.0
CM53,24,F,12,,G,0110,1,99,ZP-05,17,0110,8,10,F,1,202309,1,177337,20.1
CM53,11,H,21,,F,0110,1,99,ZP-04,17,0110,8,10,F,1,202309,1,172075,19.4
CM53,24,E,04,,F,0110,1,99,ZP-04,14,0110,2,10,F,1,202309,1,148009,15.3
CM53,48,G,13,,F,0110,1,99,ZP-03,10,0110,8,10,F,1,202309,1,109066,16.3
CM53,24,F,13,,F,0110,1,99,ZP-03,12,0110,8,10,F,1,202309,1,122459,19.5
CM53,24,F,13,,F,0110,1,99,ZP-05,18,0110,2,10,F,1,202309,1,183500,17.3
CM53,24,K,13,,J,0110,1,99,ZP-05,18,0110,8,10,F,1,202309,1,183500,45.7
CM53,24,G,13,,H,0110,1,99,ZP-04,17,0110,8,10,F,1,202309,1,172075,25.1
CM53,24,J,17,,I,0110,1,99,ZP-04,18,0110,2,10,F,1,202309,1,182554,34.3
CM53,24,G,13,,F,0110,1,99,ZP-04,16,0110,2,10,F,1,202309,1,160094,18.1
CM53,24,E,13,,F,0110,1,99,ZP-04,17,0110,2,10,F,1,202309,1,172111,15.6
CM53,24,H,17,,J,0110,1,99,ZP-03,12,0110,8,10,F,1,202309,1,122459,35.8
CM53,24,K,13,,J,0110,1,99,ZP-03,12,0110,8,10,F,1,202309,1,122459,42.9
CM53,24,F,13,,G,0110,1,99,ZP-03,11,0110,8,10,F,1,202309,1,118656,20.4
CM53,24,J,17,,I,0110,1,99,ZP-03,12,0110,8,10,F,1,202309,1,121137,33.7
CM53,24,I,17,,H,0110,1,99,ZP-04,17,0110,8,10,F,1,202309,1,172075,29.0
CM53,35,K,21,,G,0110,1,99,ZP-05,17,0110,8,10,F,1,202309,1,179705,20.0
CM53,24,H,13,,H,0110,1,ES,ES-**,18,0110,2,50,F,1,202309,1,186878,29.1
CM53,24,F,11,,G,0110,1,99,ZP-04,17,0110,8,10,P,2,202309,1,172075,22.8
CM53,24,G,17,,G,0110,1,99,ZP-04,18,0110,2,10,F,1,202309,1,182554,24.9
CM53,24,F,13,,F,0110,1,99,ZP-04,14,0110,8,10,F,1,202309,1,140097,18.5
CM53,24,H,13,,F,0110,1,99,ZP-04,16,0110,8,10,F,1,202309,1,162272,19.3
CM53,24,F,14,,G,0110,1,99,ZP-04,17,0110,8,10,F,1,202309,1,172075,20.2
CM53,24,G,21,,F,0110,1,99,ZP-05,18,0110,2,10,F,1,202309,1,183500,19.1
CM53,24,H,13,,H,0110,1,99,ZP-04,18,0110,2,10,F,1,202309,1,182554,28.1
CM53,24,G,13,,G,0110,1,ES,ES-**,20,0110,2,50,F,1,202309,1,212100,23.3
CM53,17,F,17,,F,0110,1,99,ZP-03,11,0110,8,10,F,1,202309,1,119964,19.1
CM53,24,F,13,,G,0110,1,99,ZP-04,16,0110,2,10,F,1,202309,1,166670,20.7
CM53,24,H,13,,H,0110,1,99,ZP-05,18,0110,2,10,F,1,202309,1,183500,26.6
CM53,24,F,13,,F,0110,1,99,ZP-05,18,0110,2,10,F,1,202309,1,183500,17.2
CM53,24,I,04,,F,0110,1,99,ZP-04,15,0110,8,10,F,1,202309,1,152346,17.6
CM53,24,H,17,,H,0110,1,99,ZP-04,18,0110,2,10,F,1,202309,1,182554,25.3
CM53,24,H,13,,H,0110,1,99,ZP-04,18,0110,2,10,F,1,202309,1,182554,28.6
CM53,24,F,13,,G,0110,1,99,ZP-04,18,0110,2,10,F,1,202309,1,182554,22.3
CM53,24,H,13,,H,0110,1,99,ZP-03,12,0110,8,10,F,1,202309,1,122459,25.8
CM53,24,I,13,,I,0110,1,99,ZP-05,18,0110,2,10,F,1,202309,1,183500,31.3
CM53,24,F,13,,F,0110,1,99,ZP-03,12,0110,8,10,F,1,202309,1,122459,19.3
CM53,53,G,13,,H,0110,1,99,ZP-05,18,0110,8,10,F,1,202309,1,183500,26.3
CM53,24,I,14,,I,0110,1,99,ZP-04,17,0110,8,10,F,1,202309,1,172075,33.3
CM53,**,K,17,,J,0110,1,99,ZP-04,17,0110,8,10,P,2,202309,1,172075,43.8
CM53,24,J,14,,H,0110,1,99,ZP-03,12,0110,8,10,F,1,202309,1,122459,26.0
CM53,24,J,13,,J,0110,1,99,ZP-03,11,0110,8,10,F,1,202309,1,118894,35.2
CM53,24,F,13,,F,0110,1,99,ZP-05,18,0110,2,10,F,1,202309,1,183500,18.9
CM53,24,J,17,,I,0110,1,99,ZP-04,18,0110,2,10,F,1,202309,1,182554,34.1
CM53,24,I,18,,G,0110,1,ST,ST-00,19,0110,4,10,F,1,202309,1,194510,24.0
CM53,24,I,13,,I,0110,1,99,ZP-05,18,0110,2,10,F,1,202309,1,183500,34.2
CM53,24,I,12,,G,0110,1,99,ZP-04,17,0110,8,10,F,1,202309,1,170456,24.4
CM53,24,J,13,,I,0110,1,99,ZP-03,12,0110,8,10,F,1,202309,1,122459,32.8
CM53,24,G,13,,G,0110,1,ES,ES-**,20,0110,2,50,F,1,202309,1,203404,20.0
CM53,24,G,21,,F,0110,1,ST,ST-00,20,0110,4,10,F,1,202309,1,212100,17.0
CM53,24,F,13,,F,0110,1,99,ZP-05,18,0110,2,10,F,1,202309,1,183500,17.8
CM53,24,E,11,,F,0110,1,99,ZP-04,17,0110,2,10,F,1,202309,1,171675,16.0
CM53,24,J,18,,I,0110,1,99,ZP-03,12,0110,8,10,F,1,202309,1,122459,31.3
CM53,24,F,13,,G,0110,1,99,ZP-04,16,0110,2,10,F,1,202309,1,165708,22.3
CM53,51,K,17,,G,0110,1,99,ZP-04,17,0110,8,10,F,1,202309,1,172075,20.0
CM53,24,I,13,,I,0110,1,ES,ES-**,20,0110,2,50,F,1,202309,1,212100,32.5
CM53,24,F,13,,F,0110,1,99,ZP-04,15,0110,2,10,F,1,202309,1,157676,17.3
CM53,11,E,13,,E,0110,1,99,ZP-04,14,0110,8,10,F,1,202309,1,147697,14.0
CM53,24,E,13,,E,0110,1,99,ZP-03,12,0110,8,10,F,1,202309,1,122459,14.3
CM53,24,E,21,,D,0110,1,99,ZP-03,12,0110,8,10,F,1,202309,1,122459,05.4
CM53,24,K,04,,G,0110,1,99,ZP-04,17,0110,8,10,F,1,202309,1,172075,22.7
CM53,24,H,13,,D,0110,1,99,ZP-03,10,0110,8,10,F,1,202309,1,100786,07.8
CM53,24,E,13,,E,0110,1,99,ZP-04,15,0110,2,10,F,1,202309,1,155118,14.0
CM53,24,F,04,,E,0110,1,99,ZP-05,18,0110,2,10,F,1,202309,1,183500,14.1
CM53,24,G,13,,E,0110,1,99,ZP-04,15,0110,8,10,F,1,202309,1,150841,14.0
CM53,24,H,17,,E,0110,1,99,ZP-04,18,0110,2,10,F,1,202309,1,182554,13.9
CM53,24,E,13,,E,0110,1,99,ZP-05,18,0110,8,10,F,1,202309,1,181532,13.9
CM53,24,G,21,,E,0110,1,99,ZP-05,17,0110,2,10,F,1,202309,1,178313,13.9
CM53,24,D,04,,E,0110,1,99,ZP-03,09,0110,8,10,F,1,202309,1,096402,12.5
CM53,24,F,13,,E,0110,1,99,ZP-04,14,0110,8,10,F,1,202309,1,140331,13.3
CM53,24,E,17,,E,0110,1,99,ZP-05,18,0110,2,10,F,1,202309,1,183500,13.2
CM53,24,F,17,,E,0110,1,99,ZP-05,18,0110,8,10,F,1,202309,1,183500,13.2
CM53,12,F,17,,E,0110,1,99,ZP-03,10,0110,8,10,F,1,202309,1,101601,12.8
CM53,24,H,17,,F,0110,1,99,ZP-03,12,0110,8,10,F,1,202309,1,122459,16.8
CM53,24,F,04,,E,0110,1,99,ZP-04,16,0110,8,10,F,1,202309,1,166459,12.1
CM53,24,G,21,,F,0110,1,ES,ES-**,20,0110,2,50,F,1,202309,1,203700,16.3
CM53,24,F,17,,E,0110,1,99,ZP-05,18,0110,8,10,F,1,202309,1,183500,12.0
CM53,24,E,17,,E,0110,1,99,ZP-04,14,0110,2,10,F,1,202309,1,140129,11.9
CM53,24,F,04,,E,0110,1,99,ZP-03,10,0110,8,10,F,1,202309,1,103394,11.8
CM53,37,F,17,,F,0110,1,99,ZP-05,15,0110,2,10,F,1,202309,1,159912,17.5
CM53,24,F,17,,E,0110,1,99,ZP-04,15,0110,8,10,F,1,202309,1,155462,11.6
CM53,24,E,17,,E,0110,1,99,ZP-03,12,0110,8,10,F,1,202309,1,122459,11.4
CM53,24,D,13,,D,0110,1,99,ZP-04,13,0110,8,10,F,1,202309,1,136482,09.4
CM53,24,E,13,,E,0110,1,99,ZP-03,11,0110,8,10,F,1,202309,1,116021,11.2
CM53,24,C,13,,A,0110,1,99,ZP-03,09,0110,8,15,F,1,202309,1,097000,00.3
CM53,24,G,17,,E,0110,1,ST,ST-00,19,0110,4,10,F,1,202309,1,195000,11.1
CM53,24,K,21,,E,0110,1,99,ZP-04,16,0110,8,10,F,1,202309,1,165736,11.1
CM53,24,G,17,,E,0110,1,99,ZP-04,12,0110,8,10,F,1,202309,1,128817,11.0
CM53,24,E,04,,E,0110,1,99,ZP-04,15,0110,2,10,F,1,202309,1,159922,10.4
CM53,24,E,21,,D,0110,1,99,ZP-03,11,0110,8,10,F,1,202309,1,116810,07.1
CM53,24,H,04,,E,0110,1,99,ZP-03,10,0110,8,10,F,1,202309,1,106747,10.0
CM53,24,E,04,,D,0110,1,99,ZP-03,12,0110,8,10,F,1,202309,1,120998,09.7
CM53,24,F,13,,D,0110,1,99,ZP-03,11,0110,8,10,F,1,202309,1,116227,09.4
CM53,24,E,17,,D,0110,1,99,ZP-04,13,0110,8,10,F,1,202309,1,134000,09.4
CM53,24,C,17,,C,0110,1,99,ZP-03,08,0110,8,15,F,1,202309,1,085760,03.2
CM53,24,E,14,,D,0110,1,99,ZP-02,09,0110,8,10,F,1,202309,1,092140,09.3
CM53,24,E,17,,D,0110,1,99,ZP-04,13,0110,8,10,F,1,202309,1,135331,08.2
CM53,24,E,17,,A,0110,1,99,ZP-03,10,0110,8,10,F,1,202309,1,101714,00.9
CM53,24,E,17,,D,0110,1,99,ZP-03,10,0110,8,10,F,1,202309,1,109802,09.0
CM53,24,E,17,,C,0110,1,99,ZP-03,10,0110,8,15,F,1,202309,1,103911,04.6
CM53,24,G,17,,D,0110,1,99,ZP-05,18,0110,2,10,F,1,202309,1,183500,08.9
CM53,24,I,17,,D,0110,1,99,ZP-03,10,0110,8,10,F,1,202309,1,105684,08.7
CM53,24,F,17,,D,0110,1,99,ZP-03,10,0110,8,10,F,1,202309,1,104710,08.6
CM53,24,D,13,,D,0110,1,99,ZP-03,11,0110,8,10,F,1,202309,1,116174,08.6
CM53,24,D,13,,D,0110,1,99,ZP-03,11,0110,8,10,F,1,202309,1,112280,08.5
CM53,24,D,13,,D,0110,1,99,ZP-05,15,0110,2,10,F,1,202309,1,158000,08.5
CM53,24,D,13,,A,0110,1,99,ZP-02,08,0110,8,15,F,1,202309,1,088082,00.8
CM53,48,C,13,,D,0110,1,99,ZP-04,11,0110,8,10,F,1,202309,1,115857,07.3
CM53,24,C,04,,D,0110,1,99,ZP-03,10,0110,8,10,F,1,202309,1,102494,05.7
CM53,24,D,13,,D,0110,1,99,ZP-03,11,0110,8,10,F,1,202309,1,114310,06.6
CM53,24,D,14,,D,0110,1,99,ZP-03,08,0110,8,10,F,1,202309,1,089851,08.2
CM53,24,E,17,,D,0110,1,99,ZP-04,15,0110,8,10,F,1,202309,1,159203,08.2
CM53,24,D,13,,D,0110,1,99,ZP-03,10,0110,8,10,F,1,202309,1,107691,07.3
CM53,24,D,13,,D,0110,1,99,ZP-03,11,0110,8,10,F,1,202309,1,117249,08.1
CM53,24,C,13,,D,0110,1,99,ZP-03,11,0110,8,10,F,1,202309,1,110423,08.0
CM53,24,F,21,,D,0110,1,99,ZP-04,14,0110,8,10,F,1,202309,1,147667,08.0
CM53,24,D,17,,D,0110,1,99,ZP-04,12,0110,8,10,F,1,202309,1,128929,07.9
CM53,24,E,21,,D,0110,1,99,ZP-05,18,0110,8,10,F,1,202309,1,183500,07.8
CM53,24,I,21,,D,0110,1,99,ZP-03,12,0110,8,10,F,1,202309,1,122459,07.8
CM53,24,G,17,,D,0110,1,99,ZP-03,10,0110,8,10,F,1,202309,1,104215,07.5
CM53,24,E,17,,D,0110,1,99,ZP-03,11,0110,8,10,F,1,202309,1,119853,07.5
CM53,24,E,17,,D,0110,1,99,ZP-03,10,0110,8,10,F,1,202309,1,100895,07.4
CM53,24,D,13,,D,0110,1,99,ZP-04,12,0110,8,10,F,1,202309,1,125393,07.4
CM53,24,E,17,,D,0110,1,99,ZP-03,10,0110,8,10,F,1,202309,1,109314,07.4
CM53,24,E,14,,D,0110,1,99,ZP-04,15,0110,2,10,F,1,202309,1,150367,07.4
CM53,24,C,13,,D,0110,1,99,ZP-03,10,0110,8,10,F,1,202309,1,103669,06.3
CM53,24,D,13,,D,0110,1,99,ZP-04,12,0110,8,10,F,1,202309,1,127296,07.3
CM53,24,C,13,,D,0110,1,99,ZP-03,11,0110,8,10,F,1,202309,1,112228,07.3
CM53,24,D,13,,D,0110,1,99,ZP-03,11,0110,8,10,F,1,202309,1,110939,07.3
CM53,24,G,21,,D,0110,1,99,ZP-03,12,0110,8,10,F,1,202309,1,122174,07.3
CM53,24,D,14,,D,0110,1,99,ZP-03,10,0110,8,10,F,1,202309,1,106927,07.1
CM53,24,C,09,,D,0110,1,99,ZP-04,12,0110,2,10,F,1,202309,1,120000,06.0
CM53,24,D,13,,D,0110,1,99,ZP-04,12,0110,8,10,F,1,202309,1,129551,07.2
CM53,24,E,17,,D,0110,1,99,ZP-04,12,0110,8,10,F,1,202309,1,125271,07.2
CM53,24,D,18,,D,0110,1,99,ZP-04,14,0110,8,10,F,1,202309,1,140860,07.2
CM53,24,E,17,,D,0110,1,99,ZP-04,13,0110,2,10,F,1,202309,1,139547,07.0
CM53,24,C,13,,D,0110,1,99,ZP-03,10,0110,8,10,F,1,202309,1,104254,06.8
CM53,24,C,13,,D,0110,1,99,ZP-04,11,0110,2,10,F,1,202309,1,119607,06.8
CM53,24,C,13,,D,0110,1,99,ZP-03,08,0110,8,10,F,1,202309,1,088303,06.2
CM53,08,D,13,,D,0110,1,99,ZP-03,11,0110,8,10,F,1,202309,1,111753,06.7
CM53,24,C,04,,D,0110,1,99,ZP-03,11,0110,8,10,F,1,202309,1,116443,05.3
CM53,24,F,17,,D,0110,1,99,ZP-04,15,0110,8,10,F,1,202309,1,156062,06.1
CM53,24,D,13,,D,0110,1,99,ZP-03,09,0110,8,10,F,1,202309,1,098091,06.1
CM53,24,C,04,,D,0110,1,99,ZP-03,10,0110,8,10,F,1,202309,1,108304,05.6
CM53,24,E,04,,D,0110,1,99,ZP-03,10,0110,8,10,F,1,202309,1,100519,05.6
CM53,24,D,04,,D,0110,1,99,ZP-03,10,0110,8,10,F,1,202309,1,109186,05.6
CM53,24,E,04,,C,0110,1,99,ZP-03,10,0110,8,10,F,1,202309,1,104167,04.2
CM53,24,C,17,,B,0110,1,99,ZP-02,08,0110,6,15,F,1,202309,1,088000,01.2
CM53,24,D,17,,D,0110,1,99,ZP-04,13,0110,8,10,F,1,202309,1,137130,05.1
CM53,24,D,21,,D,0110,1,99,ZP-04,14,0110,8,10,F,1,202309,1,144629,05.0
CM53,24,E,21,,D,0110,1,99,ZP-04,13,0110,8,10,F,1,202309,1,138986,05.1
CM53,24,D,21,,D,0110,1,99,ZP-04,14,0110,8,10,F,1,202309,1,140778,05.1
CM53,24,D,17,,C,0110,1,99,ZP-03,09,0110,8,10,F,1,202309,1,095641,04.9
CM53,24,C,13,,C,0110,1,99,ZP-04,11,0110,8,10,F,1,202309,1,112015,04.8
CM53,24,F,04,,C,0110,1,99,ZP-03,09,0110,8,10,F,1,202309,1,096693,04.6
CM53,24,G,04,,C,0110,1,99,ZP-03,11,0110,8,10,F,1,202309,1,118535,04.3
CM53,24,D,17,,C,0110,1,99,ZP-03,10,0110,8,10,F,1,202309,1,109304,04.3
CM53,24,I,21,,C,0110,1,99,ZP-03,12,0110,8,10,F,1,202309,1,122459,04.2
CM53,24,G,04,,D,0110,1,99,ZP-04,17,0110,8,10,F,1,202309,1,172075,07.9
CM53,24,D,17,,C,0110,1,99,ZP-03,09,0110,8,10,F,1,202309,1,096627,03.9
CM53,24,F,17,,C,0110,1,99,ZP-03,09,0110,8,10,F,1,202309,1,090253,03.9
CM53,24,D,17,,C,0110,1,99,ZP-03,09,0110,8,10,F,1,202309,1,097276,03.5
CM53,24,C,17,,C,0110,1,99,ZP-03,09,0110,8,10,F,1,202309,1,096739,03.4
CM53,24,D,21,,C,0110,1,99,ZP-04,13,0110,8,10,F,1,202309,1,134710,03.2
CM53,24,G,21,,C,0110,1,99,ZP-03,09,0110,8,10,F,1,202309,1,097334,03.0
CM53,24,C,17,,B,0110,1,99,ZP-03,08,0110,8,15,F,1,202309,1,086767,02.8
CM53,06,D,17,,B,0110,1,99,ZP-03,09,0110,8,15,F,1,202309,1,096322,02.7
CM53,48,C,04,,B,0110,1,99,ZP-03,08,0110,8,15,F,1,202309,1,088120,02.7
CM53,24,G,21,,B,0110,1,99,ZP-03,10,0110,8,15,F,1,202309,1,104050,02.5
CM53,24,C,17,,B,0110,1,99,ZP-03,09,0110,8,15,F,1,202309,1,095000,02.5
CM53,24,C,04,,B,0110,1,99,ZP-03,08,0110,8,15,F,1,202309,1,080658,02.5
CM53,24,D,13,,B,0110,1,99,ZP-03,09,0110,8,15,F,1,202309,1,092000,02.4
CM53,24,D,04,,B,0110,1,99,ZP-04,13,0110,8,15,F,1,202309,1,133706,02.3
CM53,36,D,13,,B,0110,1,99,ZP-02,07,0110,8,15,F,1,202309,1,075874,01.9
CM53,24,C,17,,B,0110,1,99,ZP-03,09,0110,8,15,F,1,202309,1,095000,02.3
CM53,24,F,04,,B,0110,1,99,ZP-04,17,0110,8,15,F,1,202309,1,172075,02.2
CM53,11,B,04,,A,0110,1,99,ZP-03,10,0110,8,15,F,1,202309,1,100000,00.3
CM53,24,D,21,,B,0110,1,99,ZP-04,13,0110,8,15,F,1,202309,1,133642,02.2
CM53,24,B,13,,B,0110,1,99,ZP-03,09,0110,8,15,F,1,202309,1,092000,02.0
CM53,24,D,17,,B,0110,1,99,ZP-03,09,0110,8,15,F,1,202309,1,098089,02.0
CM53,24,B,14,,B,0110,1,99,ZP-03,09,0110,8,15,F,1,202309,1,098090,01.4
CM53,24,D,21,,B,0110,1,99,ZP-03,09,0110,8,15,F,1,202309,1,095500,01.9
CM53,24,D,17,,D,0110,1,99,ZP-03,12,0110,8,15,F,1,202309,1,120589,09.6
CM53,24,D,17,,B,0110,1,99,ZP-02,08,0110,6,15,F,1,202309,1,081000,01.2
CM53,24,F,21,,B,0110,1,99,ZP-03,12,0110,8,15,F,1,202309,1,121637,01.2
CM53,24,D,17,,B,0110,1,99,ZP-03,10,0110,6,15,F,1,202309,1,103305,01.2
CM53,24,D,17,,B,0110,1,99,ZP-03,12,0110,8,15,F,1,202309,1,122459,01.2
CM53,24,E,17,,B,0110,1,99,ZP-02,07,0110,8,15,F,1,202309,1,076089,01.1
CM53,24,B,13,,A,0110,1,99,ZP-02,08,0110,8,35,F,1,202309,1,085000,00.3
CM53,11,H,21,,F,0110,1,ES,ES-**,19,0110,2,50,F,1,202309,1,190359,19.2
CM53,24,C,17,,A,0110,1,99,ZP-02,08,0110,8,15,F,1,202309,1,084936,00.8
CM53,24,C,17,,A,0110,1,99,ZP-02,07,0110,8,15,F,1,202309,1,076548,00.8
CM53,24,D,13,,A,0110,1,99,ZP-02,07,0110,8,35,F,1,202309,1,074450,00.8
CM53,24,C,17,,A,0110,1,99,ZP-02,07,0110,8,15,F,1,202309,1,074450,00.8
CM53,24,C,17,,A,0110,1,99,ZP-02,07,0110,8,35,F,1,202309,1,074000,00.6
CM53,24,C,17,,A,0110,1,99,ZP-02,07,0110,8,15,F,1,202309,1,074600,00.5
CM53,11,D,17,,A,0110,1,99,ZP-04,15,0110,8,15,F,1,202309,1,155000,00.3
CM53,24,D,04,,A,0110,1,99,ZP-02,07,0110,8,35,F,1,202309,1,074600,00.3
CM53,24,D,17,,A,0110,1,99,ZP-02,07,0110,8,35,F,1,202309,1,076900,00.3
CM53,24,D,21,,A,0110,1,99,ZP-03,11,0110,8,15,F,1,202309,1,118000,00.3
CM53,24,E,21,,A,0110,1,99,ZP-04,16,0110,8,15,F,1,202309,1,163000,00.3
CM53,24,C,13,,A,0110,1,99,ZP-02,08,0110,8,35,F,1,202309,1,080900,00.2
CM53,24,C,04,,A,0110,1,99,ZP-02,07,0110,8,35,F,1,202309,1,076900,00.2
CM53,24,B,17,,A,0110,1,99,ZP-02,07,0110,8,35,F,1,202309,1,076900,00.2
CM53,24,B,17,,A,0110,1,99,ZP-02,08,0110,8,35,F,1,202309,1,081000,00.2
CM53,24,B,13,,A,0110,1,99,ZP-02,07,0110,8,35,F,1,202309,1,076900,00.2
CM53,24,B,13,,A,0110,1,99,ZP-02,07,0110,8,35,F,1,202309,1,076900,00.2
CM53,24,C,17,,A,0110,1,99,ZP-02,08,0110,8,35,F,1,202309,1,081000,00.1
CM53,24,D,21,,A,0110,1,99,ZP-03,12,0110,8,15,F,1,202309,1,121459,00.1
CM53,24,B,17,,A,0110,1,99,ZP-02,07,0110,8,35,F,1,202309,1,076900,00.0
CM53,24,K,17,,D,0110,1,ST,ST-00,20,0110,4,10,F,1,202309,1,212100,07.5
CM53,24,I,17,,H,0110,1,99,ZP-03,12,0110,8,10,F,1,202309,1,122459,28.0
CM53,24,F,04,,D,0110,1,99,ZP-03,10,0110,8,10,F,1,202309,1,102474,07.1
CM53,24,D,17,,D,0110,1,99,ZP-03,10,0110,8,10,F,1,202309,1,107579,06.3
CM54,53,I,21,,F,0110,1,99,ZP-05,18,0110,2,10,F,1,202309,1,183500,16.8
CM54,41,F,21,,D,0110,1,99,ZP-03,11,0110,8,10,F,1,202309,1,115518,08.1
CM54,06,H,21,,F,0110,1,99,ZP-04,17,0110,8,10,F,1,202309,1,171452,16.9
CM54,12,H,21,,G,0110,1,99,ZP-04,16,0110,8,10,F,1,202309,1,161231,20.8
CM54,15,H,17,,F,0110,1,99,ZP-04,15,0110,8,10,F,1,202309,1,150603,17.9
CM54,53,J,21,,F,0110,1,99,ZP-04,16,0110,8,10,F,1,202309,1,168283,16.4
CM54,02,I,18,,G,0110,1,99,ZP-03,12,0110,8,10,F,1,202309,1,121378,20.7
CM54,53,I,21,,F,0110,1,99,ZP-04,16,0110,8,10,F,1,202309,1,168283,17.2
CM54,12,J,21,,H,0110,1,99,ZP-04,13,0110,2,10,F,1,202309,1,137751,25.6
CM54,06,G,21,,F,0110,1,99,ZP-04,14,0110,8,10,F,1,202309,1,141237,15.0
CM54,06,G,13,,F,0110,1,99,ZP-03,13,0110,8,10,F,1,202309,1,133236,15.3
CM54,53,I,21,,G,0110,1,99,ZP-03,11,0110,8,10,F,1,202309,1,119760,22.5
CM54,24,G,17,,H,0110,1,99,ZP-04,17,0110,8,10,F,1,202309,1,172075,25.7
CM54,15,J,21,,G,0110,1,99,ZP-04,15,0110,8,10,F,1,202309,1,157373,20.9
CM54,24,I,21,,G,0110,1,99,ZP-04,17,0110,8,10,P,2,202309,1,172075,24.4
CM54,12,H,21,,F,0110,1,99,ZP-04,16,0110,8,10,F,1,202309,1,161231,17.5
CM54,06,G,21,,F,0110,1,99,ZP-04,15,0110,8,10,F,1,202309,1,157931,15.1
CM54,25,I,17,,I,0110,1,99,ZP-04,17,0110,8,10,F,1,202309,1,170205,31.2
CM54,12,K,16,,G,0110,1,99,ZP-04,13,0110,8,10,F,1,202309,1,133639,23.3
CM54,41,F,17,,F,0110,1,99,ZP-04,16,0110,2,10,F,1,202309,1,168436,17.0
CM54,25,J,17,,I,0110,1,99,ZP-04,17,0110,8,10,F,1,202309,1,170205,32.6
CM54,12,I,21,,G,0110,1,99,ZP-04,16,0110,8,10,F,1,202309,1,161231,22.0
CM54,24,I,21,,H,0110,1,99,ZP-04,17,0110,8,10,F,1,202309,1,172075,26.1
CM54,12,H,22,,F,0110,1,99,ZP-03,11,0110,8,10,F,1,202309,1,114741,19.7
CM54,33,J,21,,I,0110,1,99,ZP-04,17,0110,8,10,F,1,202309,1,170205,30.1
CM54,06,H,21,,G,0110,1,99,ZP-04,16,0110,8,10,F,1,202309,1,166633,20.2
CM54,15,I,17,,G,0110,1,99,ZP-04,15,0110,8,10,F,1,202309,1,157373,20.3
CM54,25,J,17,,J,0110,1,99,ZP-04,17,0110,8,10,F,1,202309,1,170205,36.7
CM54,06,K,18,,J,0110,1,99,ZP-05,18,0110,2,10,F,1,202309,1,183500,44.4
CM54,06,J,21,,F,0110,1,99,ZP-04,17,0110,8,10,F,1,202309,1,171452,18.7
CM54,53,H,21,,G,0110,1,99,ZP-05,18,0110,2,10,F,1,202309,1,183500,22.5
CM54,25,H,17,,G,0110,1,99,ZP-04,17,0110,8,10,F,1,202309,1,170205,23.2
CM54,53,F,17,,E,0110,1,99,ZP-04,14,0110,8,10,F,1,202309,1,145632,14.3
CM54,12,F,17,,D,0110,1,99,ZP-04,11,0110,8,10,F,1,202309,1,117978,09.3
CM54,45,H,18,,D,0110,1,99,ZP-04,14,0110,8,10,F,1,202309,1,145570,05.7
CM54,53,E,22,,C,0110,1,99,ZP-03,11,0110,8,10,F,1,202309,1,112159,03.8
CM54,24,E,19,,C,0110,1,99,ZP-04,11,0110,8,10,F,1,202309,1,119496,03.6
CM54,25,F,04,,E,0110,1,99,ZP-04,16,0110,8,10,F,1,202309,1,162816,14.2
CM54,24,I,21,,E,0110,1,SL,SL-00,20,0110,2,10,F,1,202309,1,212100,14.1
CM54,24,F,17,,E,0110,1,99,ZP-04,14,0110,8,10,F,1,202309,1,140742,14.0
CM54,53,F,21,,E,0110,1,99,ZP-04,13,0110,8,10,F,1,202309,1,139397,14.0
CM54,53,F,21,,E,0110,1,99,ZP-04,13,0110,2,10,F,1,202309,1,134569,13.9
CM54,53,F,17,,F,0110,1,99,ZP-03,11,0110,8,10,F,1,202309,1,119760,15.5
CM54,12,H,21,,E,0110,1,99,ZP-04,15,0110,8,10,F,1,202309,1,152631,13.1
CM54,12,K,20,,E,0110,1,99,ZP-04,13,0110,8,10,F,1,202309,1,137851,13.1
CM54,53,G,18,,E,0110,1,99,ZP-04,12,0110,8,10,F,1,202309,1,126951,13.1
CM54,25,E,17,,E,0110,1,99,ZP-04,13,0110,8,10,F,1,202309,1,136106,13.0
CM54,25,H,18,,E,0110,1,99,ZP-04,15,0110,2,10,F,1,202309,1,155680,11.8
CM54,25,G,17,,E,0110,1,99,ZP-04,15,0110,8,10,F,1,202309,1,153929,11.6
CM54,24,J,21,,E,0110,1,99,ZP-04,16,0110,8,10,F,1,202309,1,162463,10.4
CM54,53,E,17,,D,0110,1,99,ZP-03,11,0110,8,10,F,1,202309,1,119760,08.2
CM54,24,E,21,,D,0110,1,99,ZP-03,11,0110,8,10,F,1,202309,1,116242,06.3
CM54,**,F,21,,D,0110,1,99,ZP-04,15,0110,8,10,F,1,202309,1,155652,05.8
CM54,25,E,17,,D,0110,1,99,ZP-03,11,0110,8,10,F,1,202309,1,110662,05.7
CM54,53,C,21,,A,0110,1,99,ZP-03,08,0110,8,15,F,1,202309,1,086000,00.2
CM54,25,D,04,,C,0110,1,99,ZP-03,09,0110,8,10,F,1,202309,1,097207,03.6
CM54,24,E,04,,C,0110,1,99,ZP-04,12,0110,8,10,F,1,202309,1,127543,03.6
CM54,24,I,21,,C,0110,1,99,ZP-03,11,0110,8,10,F,1,202309,1,114346,03.3
CM54,12,D,17,,B,0110,1,99,ZP-03,08,0110,8,15,F,1,202309,1,085458,02.9
CM54,15,H,21,,B,0110,1,99,ZP-03,10,0110,8,15,F,1,202309,1,106712,02.9
CM54,24,E,17,,D,0110,1,99,ZP-03,09,0110,8,15,F,1,202309,1,098089,07.7
CM54,24,I,04,,B,0110,1,99,ZP-05,16,0110,2,15,F,1,202309,1,163835,02.4
CM54,24,D,21,,B,0110,1,99,ZP-04,11,0110,8,15,F,1,202309,1,113694,01.3
CM54,24,B,17,,B,0110,1,99,ZP-03,08,0110,8,15,F,1,202309,1,087034,01.1
CM54,24,J,21,,A,0110,1,99,ZP-04,15,0110,8,15,F,1,202309,1,158772,00.7
CM54,24,E,21,,A,0110,1,99,ZP-03,09,0110,8,20,F,2,202309,1,095108,00.1
CM54,24,C,17,,A,0110,1,99,ZP-03,08,0110,8,20,F,2,202309,1,085000,00.0
CM55,11,E,17,14,E,0110,1,99,GS-14,15,0110,2,10,F,1,202309,1,158840,12.7
CM55,11,H,17,15,F,0110,1,99,GS-15,18,0110,2,10,F,1,202309,1,183500,18.1
CM55,11,K,17,14,G,0110,1,99,GS-14,15,0110,8,10,F,1,202309,1,154428,22.9
CM55,11,I,13,13,J,0110,1,99,GS-13,14,0110,8,10,F,1,202309,1,145617,36.9
CM55,11,G,17,14,E,0110,1,99,GS-14,15,0110,8,10,F,1,202309,1,150016,12.8
CM55,11,F,13,15,F,0110,1,99,GS-15,17,0110,8,10,F,1,202309,1,176458,17.5
CM55,11,I,13,14,J,0110,1,99,GS-14,17,0110,5,10,F,1,202309,1,172075,36.3
CM55,11,J,21,14,H,0110,1,99,GS-14,17,0110,8,10,F,1,202309,1,172075,28.8
CM55,11,K,16,15,H,0110,1,99,GS-15,18,0110,8,10,F,1,202309,1,181648,25.2
CM55,11,H,04,13,I,0110,1,99,GS-13,14,0110,8,10,F,1,202309,1,141884,30.5
CM55,11,K,17,14,J,0110,1,99,GS-14,17,0110,5,10,F,1,202309,1,172075,37.0
CM55,11,J,17,13,J,0110,1,99,GS-13,14,0110,8,10,F,1,202309,1,145617,37.3
CM55,11,G,13,15,G,0110,1,99,GS-15,18,0110,6,10,F,1,202309,1,181648,23.1
CM55,11,F,17,14,F,0110,1,99,GS-14,15,0110,8,10,F,1,202309,1,150016,15.8
CM55,11,J,21,,I,0110,1,ES,ES-**,19,0110,2,50,F,1,202309,1,195466,32.4
CM55,11,D,04,13,C,0110,1,99,GS-13,11,0110,8,10,F,1,202309,1,112015,04.9
CM55,11,F,21,13,E,0110,1,99,GS-13,13,0110,8,10,F,1,202309,1,134416,13.0
CM55,11,E,14,13,D,0110,1,99,GS-13,12,0110,8,10,F,1,202309,1,126949,09.1
CM55,11,D,17,12,D,0110,1,99,GS-12,10,0110,8,10,F,1,202309,1,103619,08.8
CM55,11,E,10,11,B,0110,1,99,GS-11,08,0110,8,10,F,1,202309,1,081211,01.6
CM55,11,E,13,13,D,0110,1,99,GS-13,12,0110,8,10,F,1,202309,1,123216,07.8
CM55,11,F,21,14,D,0110,1,99,GS-14,16,0110,8,10,F,1,202309,1,163252,07.8
CM55,11,I,17,15,D,0110,1,99,GS-15,18,0110,2,10,F,1,202309,1,181648,07.8
CM55,11,C,17,13,C,0110,1,99,GS-13,11,0110,8,10,F,1,202309,1,112015,03.8
CM55,11,D,17,12,B,0110,1,99,GS-12,09,0110,8,15,F,1,202309,1,094199,02.7
CM55,11,C,17,12,B,0110,1,99,GS-12,09,0110,8,15,F,1,202309,1,094199,02.4
CM55,11,C,13,11,B,0110,1,99,GS-11,07,0110,8,15,F,1,202309,1,078592,02.2
CM55,11,B,17,09,A,0110,1,99,GS-09,06,0110,8,35,F,1,202309,1,064957,00.9
CM55,11,B,17,09,A,0110,1,99,GS-09,06,0110,8,35,F,1,202309,1,064957,00.8
CM55,11,D,17,11,A,0110,1,99,GS-11,07,0110,8,15,F,1,202309,1,078592,00.3
CM55,11,C,17,13,A,0110,1,99,GS-13,11,0110,8,15,F,1,202309,1,112015,00.0
CM56,51,F,17,14,F,0110,1,99,GS-14,16,0110,8,10,F,1,202309,1,163252,18.2
CM56,51,F,13,14,F,0110,1,99,GS-14,16,0110,8,10,F,1,202309,1,163252,18.9
CM56,51,F,17,14,F,0110,1,99,GS-14,15,0110,8,10,F,1,202309,1,150016,18.8
CM56,11,G,17,13,F,0110,1,99,GS-13,14,0110,8,10,F,1,202309,1,145617,19.6
CM56,24,F,21,15,E,0110,1,99,GS-15,17,0110,2,10,F,1,202309,1,171268,14.2
CM56,51,F,13,12,E,0110,1,99,GS-12,09,0110,8,10,F,1,202309,1,094199,13.0
CM56,51,I,21,,E,0110,1,SL,SL-00,19,0110,2,10,F,1,202309,1,195000,13.0
CM56,11,E,21,14,D,0110,1,99,GS-14,14,0110,8,10,F,1,202309,1,141192,09.0
CM56,51,D,13,13,C,0110,1,99,GS-13,11,0110,8,10,F,1,202309,1,112015,03.4
CM56,**,I,20,14,E,0110,1,99,GS-14,15,0110,8,10,F,1,202309,1,154428,14.8
CM56,51,E,17,14,D,0110,1,99,GS-14,14,0110,8,10,F,1,202309,1,145604,06.9
CM56,47,D,04,09,D,0110,1,99,GS-09,06,0110,8,15,F,1,202309,1,062828,09.0
CM56,11,C,17,12,B,0110,1,99,GS-12,09,0110,8,15,F,1,202309,1,094199,02.3
CM56,51,E,16,14,B,0110,1,99,GS-14,15,0110,8,15,F,1,202309,1,154428,02.8
CM56,21,C,04,09,A,0110,1,99,GS-09,05,0110,8,35,F,1,202309,1,057118,00.7
CM57,24,F,17,,F,0110,1,99,ZP-04,16,0110,8,10,F,1,202309,1,168184,17.9
CM57,24,E,21,,F,0110,1,99,ZP-04,15,0110,8,10,F,1,202309,1,159214,16.3
CM57,24,H,21,,G,0110,1,99,ZP-05,18,0110,2,10,F,1,202309,1,183500,23.8
CM57,24,F,21,,F,0110,1,99,ZP-05,18,0110,8,10,F,1,202309,1,183500,15.0
CM57,11,F,04,,F,0110,1,99,ZP-05,18,0110,8,10,F,1,202309,1,183500,18.8
CM57,24,I,21,,E,0110,1,99,ZP-03,12,0110,8,10,F,1,202309,1,122459,13.6
CM57,24,F,21,,D,0110,1,99,ZP-04,14,0110,8,10,F,1,202309,1,142342,07.0
CM57,24,E,21,,C,0110,1,99,ZP-04,14,0110,8,10,F,1,202309,1,142175,04.1
CM57,24,C,21,,B,0110,1,99,ZP-03,11,0110,8,15,F,1,202309,1,111152,01.1
CM59,11,I,17,13,G,0110,1,99,GS-13,14,0110,8,10,F,1,202309,1,141884,23.2
CM63,24,F,13,15,E,0110,1,99,GS-15,17,0110,4,10,F,1,202309,1,171268,14.2
CM63,24,J,17,15,I,0110,1,99,GS-15,18,0110,5,10,F,1,202309,1,183500,30.0
CM63,24,H,04,13,G,0110,1,99,GS-13,13,0110,8,10,F,1,202309,1,134416,23.8
CM63,24,F,18,13,F,0110,1,99,GS-13,13,0110,4,10,F,1,202309,1,138150,19.3
CM63,24,J,21,14,G,0110,1,99,GS-14,16,0110,8,10,F,1,202309,1,167663,21.9
CM63,24,G,21,15,F,0110,1,99,GS-15,17,0110,2,10,F,1,202309,1,171268,16.4
CM63,33,G,21,15,D,0110,1,99,GS-15,17,0110,8,40,I,2,202309,1,177978,08.9
CM63,24,H,21,15,G,0110,1,99,GS-15,18,0110,4,10,F,1,202309,1,183500,21.1
CM63,24,E,13,15,F,0110,1,99,GS-15,16,0110,4,10,F,1,202309,1,166079,15.1
CM63,06,G,21,14,B,0110,1,99,GS-14,13,0110,8,40,I,2,202309,1,131889,02.3
CM63,24,G,18,15,F,0110,1,99,GS-15,18,0110,2,10,F,1,202309,1,181648,19.4
CM63,24,H,21,15,H,0110,1,99,GS-15,18,0110,4,10,F,1,202309,1,183500,25.0
CM63,24,G,18,15,F,0110,1,99,GS-15,18,0110,2,10,F,1,202309,1,181648,16.3
CM63,06,I,14,15,G,0110,1,99,GS-15,17,0110,8,10,F,1,202309,1,179655,24.0
CM63,24,F,13,13,E,0110,1,99,GS-13,12,0110,8,10,F,1,202309,1,126949,10.9
CM63,24,I,21,,I,0110,1,ES,ES-**,20,0110,2,50,F,1,202309,1,202922,32.1
CM63,24,H,21,15,H,0110,1,99,GS-15,18,0110,5,10,F,1,202309,1,183500,26.2
CM63,24,H,21,15,G,0110,1,99,GS-15,17,0110,4,10,F,1,202309,1,171268,22.3
CM63,24,J,17,15,J,0110,1,99,GS-15,18,0110,8,10,F,1,202309,1,183500,39.4
CM63,24,J,21,,I,0110,1,ES,ES-**,20,0110,2,50,F,1,202309,1,210973,32.0
CM63,24,K,21,13,E,0110,1,99,GS-13,13,0110,8,10,F,1,202309,1,138150,14.9
CM63,24,E,17,11,B,0110,1,99,GS-11,07,0110,8,40,P,2,202309,1,078592,01.6
CM63,24,H,21,15,E,0110,1,99,GS-15,18,0110,4,10,F,1,202309,1,181648,14.2
CM63,27,I,21,15,E,0110,1,99,GS-15,17,0110,5,10,F,1,202309,1,173284,14.2
CM63,37,H,21,12,F,0110,1,99,GS-12,10,0110,8,10,P,2,202309,1,106428,15.6
CM63,24,G,04,15,E,0110,1,99,GS-15,17,0110,4,40,I,2,202309,1,171268,13.3
CM63,24,D,04,13,C,0110,1,99,GS-13,14,0110,8,10,F,1,202309,1,141884,03.1
CM63,24,D,21,13,C,0110,1,99,GS-13,12,0110,8,10,F,1,202309,1,123216,03.0
CM63,24,G,17,15,E,0110,1,99,GS-15,16,0110,4,10,F,1,202309,1,166079,10.1
CM63,24,F,17,13,E,0110,1,99,GS-13,13,0110,8,10,F,1,202309,1,138150,12.3
CM63,24,D,13,13,B,0110,1,99,GS-13,11,0110,8,15,F,1,202309,1,119482,02.2
CM63,24,F,17,15,E,0110,1,99,GS-15,17,0110,4,10,F,1,202309,1,171268,12.1
CM63,24,F,21,13,E,0110,1,99,GS-13,13,0110,8,10,F,1,202309,1,134416,12.1
CM63,24,F,17,13,E,0110,1,99,GS-13,13,0110,8,10,F,1,202309,1,134416,12.0
CM63,23,I,21,15,E,0110,1,99,GS-15,16,0110,5,10,F,1,202309,1,169407,11.2
CM63,24,F,21,14,E,0110,1,99,GS-14,15,0110,4,10,F,1,202309,1,154428,11.2
CM63,24,E,04,13,D,0110,1,99,GS-13,13,0110,8,10,F,1,202309,1,130683,06.1
CM63,24,E,17,13,D,0110,1,99,GS-13,11,0110,8,15,F,1,202309,1,112015,05.4
CM63,24,H,17,14,E,0110,1,99,GS-14,15,0110,8,10,F,1,202309,1,154428,10.8
CM63,24,E,17,13,B,0110,1,99,GS-13,14,0110,8,15,F,1,202309,1,145617,02.6
CM63,24,D,13,12,A,0110,1,99,GS-12,12,0110,8,15,F,1,202309,1,122459,00.1
CM63,24,E,17,13,D,0110,1,99,GS-13,13,0110,8,10,F,1,202309,1,134416,07.1
CM63,24,E,21,15,E,0110,1,99,GS-15,17,0110,4,10,F,1,202309,1,171268,10.2
CM63,24,F,04,15,E,0110,1,99,GS-15,16,0110,5,10,F,1,202309,1,166079,10.1
CM63,24,D,17,13,B,0110,1,99,GS-13,13,0110,8,15,F,1,202309,1,130683,01.3
CM63,24,H,13,15,D,0110,1,99,GS-15,18,0110,4,10,F,1,202309,1,183500,08.3
CM63,24,F,21,15,D,0110,1,99,GS-15,18,0110,5,10,F,1,202309,1,183500,08.3
CM63,24,E,21,14,D,0110,1,99,GS-14,14,0110,8,10,F,1,202309,1,145604,09.2
CM63,25,E,13,12,D,0110,1,99,GS-12,12,0110,8,30,P,2,202309,1,120999,06.0
CM63,24,K,13,15,D,0110,1,99,GS-15,18,0110,5,40,I,2,202309,1,183500,09.0
CM63,36,G,21,13,C,0110,1,99,GS-13,14,0110,8,10,F,1,202309,1,149651,03.8
CM63,24,E,21,13,D,0110,1,99,GS-13,11,0110,8,10,F,1,202309,1,119482,05.2
CM63,42,D,13,12,D,0110,1,99,GS-12,09,0110,8,40,I,2,202309,1,093923,08.2
CM63,24,D,13,12,B,0110,1,99,GS-12,12,0110,8,20,I,2,202309,1,122459,02.3
CM63,24,E,13,14,D,0110,1,99,GS-14,15,0110,4,10,F,1,202309,1,150016,08.2
CM63,24,E,17,13,D,0110,1,99,GS-13,13,0110,8,10,F,1,202309,1,130683,08.1
CM63,24,E,17,13,D,0110,1,99,GS-13,13,0110,8,10,F,1,202309,1,130683,08.1
CM63,24,E,21,15,D,0110,1,99,GS-15,16,0110,4,10,F,1,202309,1,166079,08.0
CM63,24,I,21,15,F,0110,1,99,GS-15,18,0110,8,40,I,2,202309,1,183500,18.3
CM63,24,D,13,12,D,0110,1,99,GS-12,09,0110,8,40,P,2,202309,1,094199,07.8
CM63,48,D,13,12,B,0110,1,99,GS-12,08,0110,8,40,P,2,202309,1,084892,02.8
CM63,24,E,21,14,D,0110,1,99,GS-14,14,0110,8,10,F,1,202309,1,145604,07.2
CM63,24,D,21,14,D,0110,1,99,GS-14,14,0110,4,10,F,1,202309,1,141192,07.1
CM63,26,F,21,15,D,0110,1,99,GS-15,16,0110,5,10,F,1,202309,1,165943,07.1
CM63,24,E,13,14,D,0110,1,99,GS-14,15,0110,8,10,F,1,202309,1,150016,07.1
CM63,24,E,17,13,D,0110,1,99,GS-13,13,0110,8,10,F,1,202309,1,138150,07.1
CM63,24,D,07,14,D,0110,1,99,GS-14,14,0110,8,10,F,1,202309,1,145604,07.1
CM63,24,E,13,14,D,0110,1,99,GS-14,15,0110,8,10,F,1,202309,1,150016,07.1
CM63,24,G,13,14,D,0110,1,99,GS-14,14,0110,8,10,F,1,202309,1,145604,07.0
CM63,24,F,21,15,D,0110,1,99,GS-15,16,0110,2,10,F,1,202309,1,166079,06.8
CM63,24,F,17,13,D,0110,1,99,GS-13,11,0110,8,10,F,1,202309,1,119482,06.6
CM63,24,D,17,11,C,0110,1,99,GS-11,07,0110,8,40,P,2,202309,1,078592,04.8
CM63,48,D,21,12,D,0110,1,99,GS-12,10,0110,8,15,F,1,202309,1,101828,05.0
CM63,24,G,17,13,C,0110,1,99,GS-13,13,0110,8,10,F,1,202309,1,134416,03.3
CM63,24,E,17,13,C,0110,1,99,GS-13,12,0110,8,10,F,1,202309,1,123216,04.2
CM63,24,E,17,13,C,0110,1,99,GS-13,13,0110,8,10,F,1,202309,1,134416,04.2
CM63,24,E,04,13,C,0110,1,99,GS-13,11,0110,8,10,F,1,202309,1,119482,04.1
CM63,24,D,17,13,C,0110,1,99,GS-13,11,0110,8,10,F,1,202309,1,119482,04.0
CM63,24,D,17,13,C,0110,1,99,GS-13,13,0110,8,10,F,1,202309,1,134416,04.0
CM63,24,D,04,13,C,0110,1,99,GS-13,11,0110,8,15,F,1,202309,1,112015,04.2
CM63,24,D,21,13,C,0110,1,99,GS-13,11,0110,8,10,F,1,202309,1,119482,04.0
CM63,24,E,21,15,B,0110,1,99,GS-15,15,0110,8,40,I,2,202309,1,155700,02.6
CM63,25,F,22,15,C,0110,1,99,GS-15,15,0110,8,40,I,2,202309,1,154007,03.9
CM63,44,F,21,15,C,0110,1,99,GS-15,15,0110,8,40,I,2,202309,1,154007,03.9
CM63,44,F,21,15,C,0110,1,99,GS-15,15,0110,8,40,I,2,202309,1,154007,03.8
CM63,36,I,04,15,D,0110,1,99,GS-15,17,0110,8,40,I,2,202309,1,177978,05.4
CM63,24,D,21,13,C,0110,1,99,GS-13,11,0110,8,10,F,1,202309,1,119482,03.3
CM63,24,D,04,11,C,0110,1,99,GS-11,07,0110,8,40,P,2,202309,1,078592,03.2
CM63,24,C,17,11,C,0110,1,99,GG-11,08,0110,8,40,P,2,202309,1,081211,03.1
CM63,24,D,04,13,C,0110,1,99,GS-13,11,0110,8,10,F,1,202309,1,119482,03.1
CM63,24,D,21,13,C,0110,1,99,GS-13,13,0110,8,10,F,1,202309,1,130683,03.1
CM63,24,E,04,13,C,0110,1,99,GS-13,13,0110,8,10,F,1,202309,1,130683,03.1
CM63,24,D,13,11,B,0110,1,99,GS-11,08,0110,8,40,P,2,202309,1,083830,02.8
CM63,24,C,14,11,B,0110,1,99,GS-11,07,0110,8,40,I,2,202309,1,078592,02.8
CM63,24,E,21,13,B,0110,1,99,GS-13,13,0110,8,15,F,1,202309,1,138150,02.8
CM63,24,F,21,13,B,0110,1,99,GS-13,11,0110,8,15,F,1,202309,1,119482,02.3
CM63,24,F,17,13,B,0110,1,99,GS-13,13,0110,8,15,F,1,202309,1,130683,02.3
CM63,24,D,13,13,B,0110,1,99,GS-13,11,0110,8,15,F,1,202309,1,119482,02.2
CM63,24,E,21,13,B,0110,1,99,GS-13,13,0110,8,15,F,1,202309,1,130683,02.2
CM63,24,D,22,13,B,0110,1,99,GS-13,13,0110,8,15,F,1,202309,1,130683,02.2
CM63,24,D,22,13,B,0110,1,99,GS-13,13,0110,8,15,F,1,202309,1,130683,02.2
CM63,24,D,17,13,B,0110,1,99,GS-13,13,0110,8,15,F,1,202309,1,134416,02.1
CM63,24,D,04,13,B,0110,1,99,GS-13,13,0110,8,15,F,1,202309,1,130683,02.0
CM63,24,C,14,13,B,0110,1,99,GS-13,13,0110,8,15,F,1,202309,1,130683,02.0
CM63,24,E,17,13,B,0110,1,99,GS-13,11,0110,8,15,F,1,202309,1,119482,02.0
CM63,24,D,13,09,B,0110,1,99,GS-09,06,0110,8,40,P,2,202309,1,064957,01.6
CM63,24,C,13,09,B,0110,1,99,GS-09,06,0110,8,40,P,2,202309,1,064957,01.6
CM63,24,C,13,09,B,0110,1,99,GS-09,06,0110,8,40,P,2,202309,1,064957,01.6
CM63,24,J,17,15,B,0110,1,99,GS-15,18,0110,8,40,I,2,202309,1,183500,01.5
CM63,24,D,13,11,B,0110,1,99,GS-11,07,0110,8,40,P,2,202309,1,078592,01.3
CM63,24,C,17,12,B,0110,1,99,GS-12,09,0110,8,15,F,1,202309,1,097339,01.3
CM63,24,E,21,13,B,0110,1,99,GS-13,13,0110,8,15,F,1,202309,1,134416,01.3
CM63,24,D,15,13,B,0110,1,99,GS-13,14,0110,8,15,F,1,202309,1,145617,01.3
CM63,24,C,21,13,B,0110,1,99,GS-13,11,0110,8,15,F,1,202309,1,112015,01.2
CM63,24,D,17,13,B,0110,1,99,GS-13,11,0110,8,15,F,1,202309,1,115749,01.2
CM63,24,D,21,13,B,0110,1,99,GS-13,13,0110,8,15,F,1,202309,1,130683,01.2
CM63,24,D,13,13,B,0110,1,99,GS-13,14,0110,8,15,F,1,202309,1,145617,01.1
CM63,24,D,21,13,B,0110,1,99,GS-13,13,0110,8,15,F,1,202309,1,130683,01.1
CM63,24,D,17,13,B,0110,1,99,GS-13,11,0110,8,15,F,1,202309,1,112015,01.1
CM63,24,D,21,13,B,0110,1,99,GS-13,11,0110,8,15,F,1,202309,1,115749,01.1
CM63,24,D,17,13,B,0110,1,99,GS-13,11,0110,8,15,F,1,202309,1,112015,01.0
CM63,25,D,21,12,A,0110,1,99,GS-12,09,0110,8,40,P,2,202309,1,093175,00.8
CM63,25,G,21,13,A,0110,1,99,GS-13,14,0110,8,20,P,2,202309,1,144034,00.5
CM63,24,D,21,13,A,0110,1,99,GS-13,11,0110,8,40,I,2,202309,1,112015,00.3
CM63,24,F,21,13,A,0110,1,99,GS-13,11,0110,8,40,I,2,202309,1,112015,00.3
CM63,24,F,17,11,A,0110,1,99,GS-11,07,0110,8,40,F,2,202309,1,078592,00.3
CM63,24,D,21,12,A,0110,1,99,GS-12,12,0110,8,15,F,1,202309,1,122459,00.3
CM63,24,D,21,12,A,0110,1,99,GS-12,09,0110,8,20,F,2,202309,1,094199,00.2
CM63,24,D,21,13,A,0110,1,99,GS-13,14,0110,8,15,F,1,202309,1,145617,00.2
CM63,24,C,13,12,A,0110,1,99,GS-12,09,0110,8,15,F,1,202309,1,094199,00.2
CM63,24,C,04,12,A,0110,1,99,GS-12,12,0110,8,15,F,1,202309,1,122459,00.1
CM63,24,D,21,12,A,0110,1,99,GS-12,12,0110,8,15,F,1,202309,1,122459,00.1
CM63,24,G,21,15,A,0110,1,99,GS-15,15,0110,8,40,I,2,202309,1,155700,00.0
CM63,24,C,21,12,A,0110,1,99,GS-12,12,0110,8,15,F,1,202309,1,122459,00.0
CM63,24,D,17,13,A,0110,1,99,GS-13,14,0110,8,15,F,1,202309,1,145617,00.0
CM63,24,H,22,14,F,0110,1,99,GS-14,15,0110,8,10,F,1,202309,1,158840,18.3
CM63,24,J,17,13,J,0110,1,99,GS-13,14,0110,8,10,F,1,202309,1,145617,41.1
CT00,11,J,21,,E,0110,1,99,CT-14,22,0110,8,10,F,1,202309,1,240178,13.2
CT00,11,D,17,,D,0110,1,99,CT-13,15,0110,8,10,F,1,202309,1,154974,07.2
CT00,11,F,17,,F,0110,1,99,CT-15,22,0110,2,38,F,1,202309,1,255853,16.1
CT00,11,H,17,,H,0110,1,99,CT-14,22,0110,8,10,F,1,202309,1,240178,26.8
CT00,11,F,14,,F,0110,1,99,CT-14,20,0110,8,10,F,1,202309,1,217502,15.3
CT00,11,J,17,,H,0110,1,99,CT-14,22,0110,8,10,F,1,202309,1,240178,26.2
CT00,11,F,17,,F,0110,1,99,CT-14,20,0110,8,10,F,1,202309,1,217502,17.7
CT00,11,K,21,,I,0110,1,99,CT-15,23,0110,8,10,F,1,202309,1,272100,33.3
CT00,11,K,17,,J,0110,1,99,CT-14,22,0110,2,10,F,1,202309,1,240178,40.7
CT00,11,F,17,,F,0110,1,99,CT-14,21,0110,8,10,F,1,202309,1,228025,18.3
CT00,11,F,18,,E,0110,1,99,CT-14,21,0110,8,10,F,1,202309,1,228025,12.8
CT00,11,E,17,,D,0110,1,99,CT-14,20,0110,8,10,F,1,202309,1,206980,08.5
CT00,11,E,17,,E,0110,1,99,CT-12,15,0110,8,10,F,1,202309,1,158249,12.4
CT00,11,F,21,,E,0110,1,99,CT-15,22,0110,8,10,F,1,202309,1,243470,13.3
CT00,11,F,13,,E,0110,1,99,CT-14,22,0110,8,10,F,1,202309,1,240178,13.7
CT00,11,E,17,,E,0110,1,99,CT-12,16,0110,8,10,F,1,202309,1,165230,13.0
CT00,11,G,17,,E,0110,1,99,CT-15,22,0110,2,10,F,1,202309,1,252703,11.9
CT00,11,E,17,,D,0110,1,99,CT-14,20,0110,8,10,F,1,202309,1,206980,08.2
CT00,36,F,21,,C,0110,1,99,CT-14,21,0110,8,10,F,1,202309,1,224062,04.2
CT00,11,H,21,,E,0110,1,99,CT-16,23,0110,2,10,F,1,202309,1,272100,10.8
CT00,11,F,17,,D,0110,1,99,CT-14,17,0110,8,10,F,1,202309,1,170456,09.4
CT00,11,G,21,,D,0110,1,99,CT-14,19,0110,8,10,F,1,202309,1,196876,09.3
CT00,11,D,17,,D,0110,1,99,CT-14,17,0110,8,10,F,1,202309,1,179548,09.2
CT00,11,F,21,,D,0110,1,99,CT-14,19,0110,8,10,F,1,202309,1,196876,09.1
CT00,11,F,13,,D,0110,1,99,CT-14,21,0110,8,10,F,1,202309,1,234168,08.3
CT00,11,J,21,,D,0110,1,99,CT-14,22,0110,8,10,F,1,202309,1,240178,08.2
CT00,11,G,17,,D,0110,1,99,CT-14,22,0110,8,38,F,1,202309,1,240178,07.0
CT00,11,E,21,,D,0110,1,99,CT-12,13,0110,8,10,F,1,202309,1,137303,05.4
CT00,11,E,21,,C,0110,1,99,CT-14,19,0110,8,10,F,1,202309,1,197960,04.1
CT00,17,G,17,,C,0110,1,99,CT-14,21,0110,8,10,F,1,202309,1,233688,04.1
CT00,11,D,21,,C,0110,1,99,CT-13,18,0110,8,10,F,1,202309,1,184449,03.0
CT00,11,H,21,,D,0110,1,99,CT-15,23,0110,2,10,F,1,202309,1,272100,08.2
CU00,51,H,18,,H,0110,1,99,CU-15,22,0110,2,10,F,1,202309,1,,25.8
CU00,51,H,21,,F,0110,1,99,SS-02,24,0110,2,10,F,1,202309,1,,18.6
CU00,51,G,17,,F,0110,1,99,CU-14,15,0110,8,10,F,1,202309,1,,18.5
CU00,51,G,17,,G,0110,1,99,CU-14,14,0110,8,10,F,1,202309,1,,22.9
CU00,51,J,21,,E,0110,1,99,CU-15,22,0110,8,10,F,1,202309,1,,13.6
CU00,51,F,21,,E,0110,1,99,CU-15,19,0110,8,10,F,1,202309,1,,11.2
DD07,51,E,13,13,F,0110,1,99,GS-13,14,0110,8,10,F,1,202309,1,145617,18.2
DD07,51,I,21,13,J,0110,1,99,GS-13,14,0110,8,10,F,1,202309,1,141884,35.3
DD07,51,I,14,14,I,0110,1,99,GS-14,16,0110,2,10,F,1,202309,1,167663,33.9
DD07,51,I,13,14,E,0110,1,99,GS-14,16,0110,5,10,F,1,202309,1,167663,14.5
DD07,51,F,21,13,B,0110,1,99,GS-13,11,0110,8,15,F,1,202309,1,119482,02.8
DD48,51,G,17,13,G,0110,1,99,GS-13,14,0110,8,10,F,1,202309,1,145617,21.8
DD48,51,E,13,14,F,0110,1,99,GS-14,14,0110,8,10,F,1,202309,1,145604,15.0
DD48,51,F,17,15,F,0110,1,99,GS-15,17,0110,2,10,F,1,202309,1,171268,18.5
DD48,51,F,17,13,F,0110,1,99,GS-13,12,0110,8,10,F,1,202309,1,123216,16.7
DD48,29,E,17,12,D,0110,1,99,GS-12,09,0110,8,10,F,1,202309,1,095228,08.0
DD63,42,I,13,13,I,0110,1,99,GS-13,14,0110,8,10,F,1,202309,1,140506,33.9
DD63,42,E,13,13,E,0110,1,99,GS-13,11,0110,8,10,F,1,202309,1,115289,11.8
DD69,11,K,17,,I,0110,1,99,AD-04,18,0110,8,48,F,2,202309,1,183500,34.2
DD69,11,K,21,,J,0110,1,99,AD-04,18,0110,2,48,F,2,202309,1,183500,44.7
DD69,11,H,21,,F,0110,1,99,AD-04,18,0110,8,48,F,2,202309,1,183500,19.2
DD69,11,I,21,,E,0110,1,99,AD-04,17,0110,2,48,F,2,202309,1,171657,13.3
DJ01,11,J,17,15,I,0110,1,99,GS-15,18,0110,8,10,F,1,202309,1,183500,33.8
DJ01,11,K,15,15,J,0110,1,99,GS-15,18,0110,8,10,F,1,202309,1,183500,46.4
DJ01,11,H,21,,G,0110,1,SL,SL-00,20,0110,5,10,F,1,202309,1,212100,24.9
DJ01,11,G,21,15,F,0110,1,99,GS-15,18,0110,2,10,F,1,202309,1,183500,19.8
DJ01,11,I,21,15,F,0110,1,99,GS-15,18,0110,8,10,F,1,202309,1,183500,18.0
DJ01,11,F,17,15,F,0110,1,99,GS-15,18,0110,8,10,F,1,202309,1,183500,15.0
DJ01,11,H,22,15,G,0110,1,99,GS-15,18,0110,8,10,F,1,202309,1,183500,23.0
DJ01,11,G,21,,F,0110,1,ES,ES-**,20,0110,2,50,F,1,202309,1,207514,16.0
DJ01,11,G,21,,G,0110,1,ES,ES-**,19,0110,2,50,F,1,202309,1,196345,21.1
DJ01,11,I,21,15,H,0110,1,99,GS-15,18,0110,8,10,F,1,202309,1,183500,27.0
DJ01,11,I,21,15,G,0110,1,99,GS-15,18,0110,8,10,F,1,202309,1,183500,24.9
DJ01,11,J,21,15,H,0110,1,99,GS-15,18,0110,8,10,F,1,202309,1,183500,28.5
DJ01,11,J,21,,I,0110,1,ES,ES-**,20,0110,2,50,F,1,202309,1,212100,34.8
DJ01,11,H,21,15,G,0110,1,99,GS-15,18,0110,8,10,F,1,202309,1,183500,23.9
DJ01,11,I,21,15,H,0110,1,99,GS-15,18,0110,8,10,F,1,202309,1,183500,28.0
DJ01,11,H,21,15,G,0110,1,99,GS-15,18,0110,8,10,F,1,202309,1,183500,22.1
DJ01,11,H,21,15,F,0110,1,99,GS-15,18,0110,8,10,F,1,202309,1,183500,15.9
DJ01,11,H,21,15,G,0110,1,99,GS-15,18,0110,8,10,F,1,202309,1,183500,21.2
DJ01,11,I,21,15,H,0110,1,99,GS-15,18,0110,2,10,F,1,202309,1,183500,25.1
DJ01,11,G,21,15,G,0110,1,99,GS-15,18,0110,8,10,F,1,202309,1,183500,22.0
DJ01,08,F,17,15,F,0110,1,99,GS-15,18,0110,8,10,F,1,202309,1,183500,15.9
DJ01,11,E,21,15,C,0110,1,99,GS-15,15,0110,8,10,F,1,202309,1,155700,03.7
DJ01,11,E,21,15,D,0110,1,99,GS-15,18,0110,8,10,F,1,202309,1,181648,07.8
DJ01,11,K,21,15,H,0110,1,99,GS-15,18,0110,8,10,F,1,202309,1,183500,26.7
DJ01,11,J,21,15,E,0110,1,99,GS-15,18,0110,8,10,F,1,202309,1,183500,13.0
DJ01,11,D,21,14,B,0110,1,99,GS-14,13,0110,8,15,F,1,202309,1,136780,02.1
DJ01,11,F,21,15,E,0110,1,99,GS-15,18,0110,2,10,F,1,202309,1,183500,10.3
DJ01,11,H,21,15,D,0110,1,99,GS-15,16,0110,8,10,F,1,202309,1,166079,09.3
DJ01,11,E,21,15,D,0110,1,99,GS-15,17,0110,8,10,F,1,202309,1,176458,09.2
DJ01,34,F,21,15,D,0110,1,99,GS-15,18,0110,8,10,F,1,202309,1,183500,09.1
DJ01,11,D,21,14,C,0110,1,99,GS-14,15,0110,8,15,F,1,202309,1,154428,03.3
DJ01,39,E,21,15,D,0110,1,99,GS-15,15,0110,8,10,F,1,202309,1,156868,08.1
DJ01,11,F,21,15,D,0110,1,99,GS-15,15,0110,8,10,F,1,202309,1,155700,07.6
DJ01,11,E,21,15,D,0110,1,99,GS-15,18,0110,8,10,F,1,202309,1,181648,07.1
DJ01,11,H,21,15,D,0110,1,99,GS-15,18,0110,8,10,F,1,202309,1,183500,07.1
DJ01,11,G,21,15,D,0110,1,99,GS-15,16,0110,8,10,F,1,202309,1,160889,06.9
DJ01,11,F,21,15,D,0110,1,99,GS-15,18,0110,8,10,F,1,202309,1,183500,06.7
DJ01,11,G,21,15,D,0110,1,99,GS-15,18,0110,8,10,F,1,202309,1,183500,06.2
DJ01,11,D,21,15,C,0110,1,99,GS-15,15,0110,8,10,F,1,202309,1,155700,04.1
DJ01,11,E,21,15,C,0110,1,99,GS-15,17,0110,8,10,F,1,202309,1,171268,04.1
DJ01,11,D,17,15,C,0110,1,99,GS-15,17,0110,8,10,F,1,202309,1,171268,03.2
DJ01,11,E,21,15,C,0110,1,99,GS-15,17,0110,8,10,F,1,202309,1,171268,03.1
DJ01,11,J,21,15,D,0110,1,99,GS-15,18,0110,8,10,F,1,202309,1,183500,05.9
DJ01,11,E,21,15,B,0110,1,99,GS-15,18,0110,8,15,F,1,202309,1,183500,02.9
DJ01,11,E,21,15,B,0110,1,99,GS-15,18,0110,8,15,F,1,202309,1,183500,02.8
DJ01,11,D,21,14,B,0110,1,99,GS-14,15,0110,8,15,F,1,202309,1,154428,02.2
DJ01,11,C,21,14,B,0110,1,99,GS-14,15,0110,8,15,F,1,202309,1,154428,02.1
DJ01,11,D,21,15,B,0110,1,99,GS-15,16,0110,8,15,F,1,202309,1,166079,02.0
DJ01,11,D,21,14,B,0110,1,99,GS-14,15,0110,8,15,F,1,202309,1,154428,01.1
DJ01,11,D,21,14,B,0110,1,99,GS-14,15,0110,8,15,F,1,202309,1,154428,01.1
DJ01,06,D,21,14,B,0110,1,99,GS-14,15,0110,8,15,F,1,202309,1,157225,01.1
DJ01,11,C,21,14,B,0110,1,99,GS-14,13,0110,8,15,F,1,202309,1,132368,01.1
DJ01,11,C,21,13,A,0110,1,99,GS-13,11,0110,8,15,F,1,202309,1,112015,00.3
DJ01,11,D,21,13,A,0110,1,99,GS-13,14,0110,8,15,F,1,202309,1,145617,00.2
DJ01,11,D,21,15,A,0110,1,99,GS-15,18,0110,8,15,F,1,202309,1,183500,00.2
DJ01,11,D,21,13,A,0110,1,99,GS-13,14,0110,8,15,F,1,202309,1,145617,00.1
DJ15,11,F,17,14,E,0110,1,99,GS-14,15,0110,8,10,F,1,202309,1,154428,13.6
DJ15,11,F,04,14,D,0110,1,99,GS-14,15,0110,8,10,F,1,202309,1,158840,08.1
DLAM,41,K,12,13,J,0110,1,99,GS-13,13,0110,8,10,F,1,202309,1,137363,45.3
DLBL,24,G,18,14,G,0110,1,99,GS-14,16,0110,8,10,F,1,202309,1,163252,21.4
DLBL,11,J,15,,J,0110,1,ES,ES-**,20,0110,2,50,F,1,202309,1,212100,35.9
DLBL,24,F,13,14,F,0110,1,99,GS-14,14,0110,8,10,F,1,202309,1,145604,17.3
DLBL,11,H,21,13,E,0110,1,99,GS-13,13,0110,8,10,F,1,202309,1,138150,12.0
DLBL,11,H,21,15,E,0110,1,99,GS-15,16,0110,2,10,F,1,202309,1,160889,11.8
DLBL,11,C,17,12,B,0110,1,99,GS-12,10,0110,8,15,F,1,202309,1,100479,01.3
DLBL,11,C,21,11,A,0110,1,99,GS-11,07,0110,8,15,F,1,202309,1,078592,00.0
DLEH,11,H,21,14,D,0110,1,99,GS-14,15,0110,8,10,F,1,202309,1,154428,09.3
DLEH,11,D,17,14,D,0110,1,99,GS-14,13,0110,8,10,F,1,202309,1,136780,08.9
DLEH,11,F,13,14,D,0110,1,99,GS-14,15,0110,8,10,F,1,202309,1,150016,08.3
DLEH,11,F,17,15,D,0110,1,99,GS-15,18,0110,2,10,F,1,202309,1,183500,05.1
DLEH,11,C,13,13,C,0110,1,99,GS-13,11,0110,8,10,F,1,202309,1,112015,04.3
DLET,11,J,13,12,G,0110,1,99,GS-12,10,0110,8,10,F,1,202309,1,109899,24.7
DLET,11,G,17,14,E,0110,1,99,GS-14,14,0110,8,10,F,1,202309,1,145604,12.8
DLET,39,F,13,14,E,0110,1,99,GS-14,13,0110,8,10,F,1,202309,1,133361,10.6
DLET,11,E,04,14,D,0110,1,99,GS-14,14,0110,8,10,F,1,202309,1,141192,08.3
DLET,11,F,13,14,D,0110,1,99,GS-14,14,0110,8,10,F,1,202309,1,141192,08.3
DLET,11,F,17,14,D,0110,1,99,GS-14,13,0110,2,10,F,1,202309,1,132368,07.4
DLET,11,C,13,12,C,0110,1,99,GS-12,10,0110,8,15,F,1,202309,1,100479,03.9
DLET,11,C,17,12,C,0110,1,99,GS-12,09,0110,8,10,F,1,202309,1,097339,03.2
DLLS,13,J,13,12,J,0110,1,99,GS-12,11,0110,8,10,F,1,202309,1,113706,37.3
DLLS,11,K,21,14,J,0110,1,99,GS-14,16,0110,8,10,F,1,202309,1,167663,52.0
DLLS,24,G,13,13,F,0110,1,99,GS-13,12,0110,2,10,F,1,202309,1,126949,18.8
DLLS,53,K,17,09,F,0110,1,99,GS-09,06,0110,8,10,F,1,202309,1,067760,17.4
DLLS,06,E,04,07,D,0119,3,99,GS-07,05,XXXX,8,10,P,2,202309,1,059473,06.8
DLLS,11,K,13,07,J,0119,3,99,GS-07,06,XXXX,8,10,F,1,202309,1,069035,47.8
DLLS,17,F,13,12,F,0110,1,99,GS-12,10,0110,8,10,F,1,202309,1,104583,16.1
DLLS,27,E,13,12,E,0110,1,99,GS-12,11,0110,8,10,F,1,202309,1,116821,14.3
DLLS,25,E,17,13,E,0110,1,99,GS-13,12,0110,8,10,F,1,202309,1,129262,13.3
DLLS,37,K,09,07,E,0119,3,99,GS-07,05,XXXX,8,10,P,2,202309,1,058377,14.8
DLLS,26,E,17,13,E,0110,1,99,GS-13,11,0110,8,10,F,1,202309,1,115767,12.0
DLLS,11,I,04,12,E,0110,1,99,GS-12,10,0110,8,10,F,1,202309,1,100479,13.3
DLLS,06,I,10,07,E,0119,3,99,GS-07,06,XXXX,8,10,P,2,202309,1,063077,10.2
DLLS,36,H,17,13,D,0110,1,99,GS-13,12,0110,8,10,F,1,202309,1,122792,09.7
DLLS,11,E,21,14,D,0110,1,99,GS-14,15,0110,8,10,F,1,202309,1,154428,08.3
DLLS,26,F,13,12,E,0110,1,99,GS-12,10,0110,8,10,F,1,202309,1,100397,13.0
DLLS,11,D,13,11,B,0110,1,99,GS-11,07,0110,8,15,F,1,202309,1,078592,01.8
DLLS,13,G,04,05,A,0119,3,99,GS-05,03,XXXX,8,15,P,2,202309,1,037696,00.1
DLLS,24,F,17,12,F,0110,1,99,GS-12,10,0110,8,10,F,1,202309,1,106759,15.4
DLLS,11,F,13,14,F,0110,1,99,GS-14,15,0110,8,10,F,1,202309,1,150016,19.6
DLLS,55,J,21,12,G,0110,1,99,GS-12,11,0110,8,10,F,1,202309,1,112523,23.0
DLLS,51,H,13,12,G,0110,1,99,GS-12,12,0110,8,10,F,1,202309,1,122459,24.7
DLLS,13,G,17,13,G,0110,1,99,GS-13,12,0110,2,10,F,1,202309,1,124809,24.3
DLLS,11,H,17,14,H,0110,1,99,GS-14,17,0110,2,10,F,1,202309,1,172075,28.3
DLLS,33,F,13,13,G,0110,1,99,GS-13,12,0110,8,10,F,1,202309,1,129262,22.1
DLLS,08,H,17,15,H,0110,1,99,GS-15,16,0110,2,10,F,1,202309,1,166822,25.1
DLLS,24,F,17,13,F,0110,1,99,GS-13,13,0110,8,10,F,1,202309,1,134416,16.6
DLLS,11,I,17,15,H,0110,1,99,GS-15,18,0110,2,10,F,1,202309,1,183500,28.7
DLLS,51,J,13,12,J,0110,1,99,GS-12,10,0110,8,10,F,1,202309,1,109011,35.1
DLLS,24,J,13,12,G,0110,1,99,GS-12,12,0110,8,10,F,1,202309,1,122459,24.8
DLLS,24,F,13,13,F,0110,1,99,GS-13,14,0110,8,10,F,1,202309,1,141884,18.6
DLLS,51,H,04,07,H,0119,3,99,GS-07,06,XXXX,8,10,P,2,202309,1,063246,25.5
DLLS,11,G,13,14,G,0110,1,99,GS-14,16,0110,2,10,F,1,202309,1,163252,24.3
DLLS,11,G,13,15,H,0110,1,99,GS-15,18,0110,8,10,F,1,202309,1,181648,25.5
DLLS,51,E,13,14,F,0110,1,99,GS-14,15,0110,2,10,F,1,202309,1,150016,17.3
DLLS,11,E,13,13,F,0110,1,99,GS-13,13,0110,8,10,F,1,202309,1,134416,16.3
DLLS,24,G,13,14,G,0110,1,99,GS-14,15,0110,2,10,F,1,202309,1,158840,22.2
DLLS,56,F,13,14,G,0110,1,99,GS-14,13,0110,2,10,F,1,202309,1,131911,22.3
DLLS,34,I,17,13,H,0110,1,99,GS-13,14,0110,2,10,F,1,202309,1,141977,28.7
DLLS,11,F,17,14,F,0110,1,99,GS-14,15,0110,2,10,F,1,202309,1,158840,17.3
DLLS,17,F,13,12,G,0110,1,99,GS-12,11,0110,8,10,F,1,202309,1,116888,21.2
DLLS,11,H,13,13,H,0110,1,99,GS-13,14,0110,8,10,F,1,202309,1,145617,25.3
DLLS,06,H,13,12,H,0110,1,99,GS-12,13,0110,8,10,F,1,202309,1,133236,25.9
DLLS,25,G,13,12,G,0110,1,99,GS-12,12,0110,8,10,F,1,202309,1,121128,22.9
DLLS,17,J,13,12,J,0110,1,99,GS-12,11,0110,8,10,F,1,202309,1,119964,36.0
DLLS,17,G,13,12,G,0110,1,99,GS-12,11,0110,8,10,F,1,202309,1,119964,22.0
DLLS,37,J,17,13,J,0110,1,99,GS-13,11,0110,2,10,F,1,202309,1,119715,39.3
DLLS,06,G,13,13,G,0110,1,99,GS-13,14,0110,2,10,F,1,202309,1,142184,23.3
DLLS,13,I,13,12,H,0110,1,99,GS-12,11,0110,8,10,F,1,202309,1,113706,29.9
DLLS,11,E,04,15,F,0110,1,99,GS-15,18,0110,2,10,F,1,202309,1,181648,17.3
DLLS,51,H,17,13,G,0110,1,99,GS-13,14,0110,8,10,F,1,202309,1,141884,22.1
DLLS,**,K,21,14,I,0110,1,99,GS-14,17,0110,8,10,F,1,202309,1,172075,33.1
DLLS,51,E,13,14,E,0110,1,99,GS-14,15,0110,2,10,F,1,202309,1,154428,13.1
DLLS,11,E,04,14,F,0110,1,99,GS-14,14,0110,2,10,F,1,202309,1,145604,17.2
DLLS,42,F,13,13,F,0110,1,99,GS-13,11,0110,8,10,F,1,202309,1,118891,16.6
DLLS,51,E,04,13,F,0110,1,99,GS-13,13,0110,8,10,F,1,202309,1,130683,17.1
DLLS,12,K,08,07,H,0119,3,99,GS-07,06,XXXX,8,10,P,2,202309,1,060703,28.3
DLLS,06,I,17,12,F,0110,1,99,GS-12,12,0110,8,10,F,1,202309,1,121481,17.9
DLLS,06,K,13,07,H,0119,3,99,GS-07,07,XXXX,8,10,P,2,202309,1,070286,26.3
DLLS,**,H,13,15,I,0110,1,99,GS-15,18,0110,2,10,F,1,202309,1,181648,31.2
DLLS,12,G,09,07,G,0119,3,99,GS-07,06,XXXX,8,10,P,2,202309,1,060703,22.2
DLLS,24,G,13,13,G,0110,1,99,GS-13,14,0110,8,10,F,1,202309,1,145617,24.9
DLLS,48,F,13,12,G,0110,1,99,GS-12,11,0110,8,10,F,1,202309,1,116803,20.6
DLLS,**,J,13,13,J,0110,1,99,GS-13,14,0110,8,10,F,1,202309,1,145617,44.1
DLLS,42,I,14,13,I,0110,1,99,GS-13,14,0110,2,10,F,1,202309,1,140506,30.8
DLLS,17,H,13,12,F,0110,1,99,GS-12,11,0110,8,10,F,1,202309,1,113812,16.6
DLLS,48,G,13,13,H,0110,1,99,GS-13,12,0110,2,10,F,1,202309,1,128207,25.6
DLLS,11,G,13,15,G,0110,1,99,GS-15,17,0110,2,10,F,1,202309,1,171268,24.0
DLLS,51,F,13,12,G,0110,1,99,GS-12,12,0110,8,10,F,1,202309,1,122459,21.9
DLLS,09,I,13,13,I,0110,1,99,GS-13,12,0110,8,10,F,1,202309,1,129124,32.4
DLLS,24,J,13,13,H,0110,1,99,GS-13,14,0110,2,10,F,1,202309,1,145617,26.7
DLLS,48,J,13,12,G,0110,1,99,GS-12,11,0110,8,10,F,1,202309,1,116803,22.8
DLLS,11,G,17,13,F,0110,1,99,GS-13,13,0110,8,10,F,1,202309,1,138150,17.0
DLLS,08,K,13,07,F,0119,3,99,GS-07,06,XXXX,8,10,P,2,202309,1,063795,17.8
DLLS,25,I,17,12,G,0110,1,99,GS-12,12,0110,8,10,F,1,202309,1,121128,22.1
DLLS,11,F,13,14,G,0110,1,99,GS-14,16,0110,2,10,F,1,202309,1,163252,20.1
DLLS,12,G,13,13,G,0110,1,99,GS-13,11,0110,2,10,F,1,202309,1,114911,24.6
DLLS,47,G,17,13,F,0110,1,99,GS-13,11,0110,8,10,F,1,202309,1,118194,17.3
DLLS,13,H,18,13,G,0110,1,99,GS-13,13,0110,8,10,F,1,202309,1,135209,23.1
DLLS,11,G,13,15,G,0110,1,99,GS-15,18,0110,2,10,F,1,202309,1,183500,22.0
DLLS,39,F,13,13,G,0110,1,99,GS-13,11,0110,8,10,F,1,202309,1,119616,21.0
DLLS,11,H,17,13,G,0110,1,99,GS-13,13,0110,8,10,F,1,202309,1,138150,24.1
DLLS,24,J,13,12,F,0110,1,99,GS-12,11,0110,8,10,F,1,202309,1,119319,17.3
DLLS,24,H,13,13,H,0110,1,99,GS-13,14,0110,8,10,F,1,202309,1,141884,27.0
DLLS,24,H,13,12,I,0110,1,99,GS-12,12,0110,8,10,F,1,202309,1,122459,30.8
DLLS,25,J,17,15,I,0110,1,99,GS-15,17,0110,2,10,F,1,202309,1,179673,33.8
DLLS,17,I,11,13,J,0110,1,99,GS-13,14,0110,2,10,F,1,202309,1,142650,36.9
DLLS,41,H,13,13,I,0110,1,99,GS-13,13,0110,2,10,F,1,202309,1,130319,32.3
DLLS,48,H,17,14,I,0110,1,99,GS-14,15,0110,2,10,F,1,202309,1,159919,30.9
DLLS,11,G,13,13,G,0110,1,99,GS-13,13,0110,8,10,F,1,202309,1,138150,21.8
DLLS,48,I,13,07,G,0119,3,99,GS-07,06,XXXX,8,10,P,2,202309,1,060703,24.2
DLLS,26,K,13,07,J,0119,3,99,GS-07,06,XXXX,8,10,P,2,202309,1,066888,41.7
DLLS,11,I,21,,H,0110,1,ES,ES-**,20,0110,2,50,F,1,202309,1,212100,25.2
DLLS,39,I,17,12,H,0110,1,99,GS-12,11,0110,8,10,F,1,202309,1,112163,28.6
DLLS,12,G,13,12,G,0110,1,99,GS-12,11,0110,8,10,F,1,202309,1,114741,21.7
DLLS,18,I,13,13,I,0110,1,99,GS-13,12,0110,8,10,F,1,202309,1,129219,32.3
DLLS,51,I,13,14,I,0110,1,99,GS-14,16,0110,2,10,F,1,202309,1,167663,33.1
DLLS,11,I,13,15,I,0110,1,99,GS-15,18,0110,2,10,F,1,202309,1,183500,30.5
DLLS,13,H,13,14,G,0110,1,99,GS-14,14,0110,2,10,F,1,202309,1,143390,21.6
DLLS,42,K,13,07,F,0119,3,99,GS-07,06,XXXX,8,10,P,2,202309,1,063196,17.2
DLLS,55,F,13,13,G,0110,1,99,GS-13,12,0110,8,10,F,1,202309,1,120079,20.1
DLLS,12,H,13,13,I,0110,1,99,GS-13,12,0110,8,10,F,1,202309,1,125945,32.3
DLLS,24,G,17,13,F,0110,1,99,GS-13,13,0110,8,10,F,1,202309,1,134416,17.9
DLLS,11,F,11,13,G,0110,1,99,GS-13,13,0110,8,10,F,1,202309,1,130683,22.3
DLLS,53,F,13,13,F,0110,1,99,GS-13,12,0110,2,10,F,1,202309,1,124151,16.6
DLLS,51,J,17,12,I,0110,1,99,GS-12,12,0110,8,10,F,1,202309,1,122459,34.1
DLLS,09,K,17,,J,0110,1,ES,ES-**,20,0110,2,50,F,1,202309,1,212100,42.6
DLLS,25,I,13,12,J,0110,1,99,GS-12,12,0110,8,10,F,1,202309,1,121128,35.8
DLLS,12,H,18,14,H,0110,1,99,GS-14,15,0110,2,10,F,1,202309,1,151308,28.2
DLLS,13,J,13,13,H,0110,1,99,GS-13,13,0110,4,10,F,1,202309,1,131742,28.8
DLLS,16,H,17,13,H,0110,1,99,GS-13,12,0110,2,10,F,1,202309,1,128043,26.3
DLLS,48,F,13,13,G,0110,1,99,GS-13,12,0110,2,10,F,1,202309,1,121085,22.0
DLLS,48,F,13,13,F,0110,1,99,GS-13,12,0110,2,10,F,1,202309,1,128207,18.0
DLLS,53,G,13,12,G,0110,1,99,GS-12,11,0110,8,10,F,1,202309,1,119760,21.8
DLLS,11,J,13,13,I,0110,1,99,GS-13,14,0110,8,10,F,1,202309,1,145617,33.4
DLLS,55,J,07,07,G,0119,3,99,GS-07,06,XXXX,8,10,P,2,202309,1,060181,23.8
DLLS,42,H,13,13,I,0110,1,99,GS-13,12,0110,8,10,F,1,202309,1,124760,32.5
DLLS,11,I,21,14,I,0110,1,99,GS-14,17,0110,8,10,F,1,202309,1,172075,31.4
DLLS,42,E,13,13,F,0110,1,99,GS-13,12,0110,2,10,F,1,202309,1,122494,15.0
DLLS,48,J,17,12,H,0110,1,99,GS-12,11,0110,8,10,F,1,202309,1,116803,26.0
DLLS,17,K,17,07,J,0119,3,99,GS-07,06,XXXX,8,10,P,2,202309,1,067628,38.0
DLLS,17,J,13,07,H,0119,3,99,GS-07,06,XXXX,8,10,P,2,202309,1,067628,26.8
DLLS,42,I,17,12,H,0110,1,99,GS-12,11,0110,8,10,F,1,202309,1,111257,25.6
DLLS,51,I,17,13,I,0110,1,99,GS-13,14,0110,8,10,F,1,202309,1,141884,30.2
DLLS,06,F,13,14,G,0110,1,99,GS-14,16,0110,2,10,F,1,202309,1,163218,22.0
DLLS,42,I,13,13,I,0110,1,99,GS-13,13,0110,2,10,F,1,202309,1,133301,32.0
DLLS,13,F,13,12,F,0110,1,99,GS-12,11,0110,8,10,F,1,202309,1,110791,16.8
DLLS,17,G,13,13,G,0110,1,99,GS-13,13,0110,2,10,F,1,202309,1,138992,24.8
DLLS,51,H,13,15,G,0110,1,99,GS-15,17,0110,2,10,F,1,202309,1,171268,20.8
DLLS,51,H,17,14,H,0110,1,99,GS-14,16,0110,2,10,F,1,202309,1,163252,29.3
DLLS,06,E,13,12,F,0110,1,99,GS-12,11,0110,8,10,F,1,202309,1,119571,17.0
DLLS,53,K,17,07,G,0119,3,99,GS-07,05,XXXX,8,10,P,2,202309,1,059147,21.8
DLLS,24,I,13,12,I,0110,1,99,GS-12,12,0110,8,10,F,1,202309,1,122459,32.2
DLLS,48,I,13,12,J,0110,1,99,GS-12,11,0110,8,10,F,1,202309,1,116803,39.1
DLLS,51,H,13,14,I,0110,1,99,GS-14,15,0110,8,10,F,1,202309,1,150016,32.3
DLLS,11,I,13,14,I,0110,1,99,GS-14,16,0110,2,10,F,1,202309,1,167663,32.3
DLLS,06,I,17,14,H,0110,1,99,GS-14,18,0110,2,10,F,1,202309,1,182419,29.4
DLLS,51,H,13,13,G,0110,1,99,GS-13,14,0110,8,10,F,1,202309,1,141884,23.4
DLLS,48,I,13,12,F,0110,1,99,GS-12,11,0110,8,10,F,1,202309,1,116803,18.9
DLLS,01,F,13,13,F,0110,1,99,GS-13,12,0110,8,10,F,1,202309,1,129536,16.0
DLLS,11,E,04,12,F,0110,1,99,GS-12,11,0110,8,10,F,1,202309,1,116179,17.2
DLLS,11,I,14,13,G,0110,1,99,GS-13,14,0110,8,10,F,1,202309,1,141884,23.0
DLLS,12,H,17,14,H,0110,1,99,GS-14,13,0110,8,10,F,1,202309,1,131911,25.2
DLLS,24,J,21,15,I,0110,1,99,GS-15,18,0110,2,10,F,1,202309,1,183500,31.0
DLLS,51,G,17,13,G,0110,1,99,GS-13,13,0110,2,10,F,1,202309,1,134416,23.1
DLLS,11,E,13,13,F,0110,1,99,GS-13,13,0110,8,10,F,1,202309,1,138150,17.7
DLLS,12,H,17,12,H,0110,1,99,GS-12,10,0110,8,10,F,1,202309,1,107680,26.0
DLLS,11,G,17,14,G,0110,1,99,GS-14,16,0110,2,10,F,1,202309,1,163252,24.5
DLLS,51,H,13,14,G,0110,1,99,GS-14,15,0110,2,10,F,1,202309,1,158840,22.8
DLLS,25,E,13,13,F,0110,1,99,GS-13,12,0110,2,10,F,1,202309,1,121877,17.1
DLLS,17,G,17,12,F,0110,1,99,GS-12,11,0110,8,10,F,1,202309,1,119964,16.7
DLLS,24,J,04,12,J,0110,1,99,GS-12,12,0110,8,10,F,1,202309,1,122459,36.7
DLLS,11,K,17,14,J,0110,1,99,GS-14,17,0110,2,10,F,1,202309,1,172075,41.1
DLLS,27,G,13,12,G,0110,1,99,GS-12,11,0110,8,10,F,1,202309,1,113826,22.2
DLLS,51,H,13,12,I,0110,1,99,GS-12,12,0110,8,10,F,1,202309,1,122459,30.6
DLLS,11,F,13,13,G,0110,1,99,GS-13,13,0110,8,10,P,2,202309,1,138150,21.2
DLLS,19,F,13,12,G,0110,1,99,GS-12,10,0110,8,10,F,1,202309,1,104919,20.3
DLLS,11,J,13,13,I,0110,1,99,GS-13,13,0110,8,10,F,1,202309,1,138150,32.7
DLLS,13,H,17,13,H,0110,1,99,GS-13,13,0110,2,10,F,1,202309,1,135209,25.3
DLLS,24,J,13,14,J,0110,1,99,GS-14,17,0110,8,20,I,2,202309,1,172075,38.9
DLLS,11,K,08,07,J,0119,3,99,GS-07,06,XXXX,8,10,F,1,202309,1,069035,45.0
DLLS,11,I,17,,H,0110,1,ES,ES-**,19,0110,2,50,F,1,202309,1,191550,26.4
DLLS,48,J,13,13,I,0110,1,99,GS-13,13,0110,4,10,F,1,202309,1,131769,33.3
DLLS,51,J,18,12,J,0110,1,99,GS-12,12,0110,8,10,F,1,202309,1,122459,38.8
DLLS,17,K,13,14,J,0110,1,99,GS-14,15,0110,2,10,F,1,202309,1,159925,43.0
DLLS,11,H,21,14,G,0110,1,99,GS-14,17,0110,8,10,F,1,202309,1,172075,21.0
DLLS,11,I,13,12,H,0110,1,99,GS-12,12,0110,8,10,F,1,202309,1,122459,28.5
DLLS,39,G,13,13,G,0110,1,99,GS-13,12,0110,8,10,F,1,202309,1,120030,23.2
DLLS,17,H,17,12,H,0110,1,99,GS-12,11,0110,8,10,F,1,202309,1,116888,26.5
DLLS,11,H,13,15,I,0110,1,99,GS-15,18,0110,2,10,F,1,202309,1,183500,32.1
DLLS,06,F,13,15,F,0110,1,99,GS-15,18,0110,2,10,F,1,202309,1,180990,19.2
DLLS,42,I,13,12,I,0110,1,99,GS-12,11,0110,8,10,F,1,202309,1,118161,34.3
DLLS,40,G,13,14,F,0110,1,99,GS-14,13,0110,8,10,F,1,202309,1,139670,19.1
DLLS,12,I,13,12,G,0110,1,99,GS-12,10,0110,8,10,F,1,202309,1,107680,23.2
DLLS,11,H,13,12,G,0110,1,99,GS-12,12,0110,8,10,F,1,202309,1,122459,23.3
DLLS,11,G,21,,G,0110,1,SL,SL-00,19,0110,5,10,F,1,202309,1,195000,22.3
DLLS,36,J,13,07,F,0119,3,99,GS-07,06,XXXX,8,10,P,2,202309,1,067309,16.7
DLLS,47,E,17,13,F,0110,1,99,GS-13,12,0110,8,10,F,1,202309,1,124760,18.3
DLLS,24,G,17,14,H,0110,1,99,GS-14,16,0110,2,10,F,1,202309,1,163252,25.3
DLLS,11,F,13,12,F,0110,1,99,GS-12,11,0110,8,10,F,1,202309,1,116179,16.8
DLLS,25,E,13,14,F,0110,1,99,GS-14,15,0110,2,10,F,1,202309,1,152749,18.1
DLLS,11,H,21,14,G,0110,1,99,GS-14,17,0110,8,10,F,1,202309,1,172075,21.1
DLLS,11,J,22,,H,0110,1,ES,ES-**,20,0110,2,50,F,1,202309,1,210778,27.3
DLLS,13,J,14,12,J,0110,1,99,GS-12,11,0110,8,10,F,1,202309,1,113706,40.1
DLLS,29,H,13,12,H,0110,1,99,GS-12,10,0110,8,10,F,1,202309,1,109233,25.1
DLLS,11,I,13,12,I,0110,1,99,GS-12,11,0110,8,10,F,1,202309,1,119319,34.5
DLLS,11,G,13,,G,0110,1,ES,ES-**,20,0110,2,50,F,1,202309,1,212100,24.2
DLLS,13,F,04,13,F,0110,1,99,GS-13,11,0110,8,10,F,1,202309,1,114409,16.0
DLLS,17,K,14,12,G,0110,1,99,GS-12,11,0110,8,10,F,1,202309,1,119964,24.3
DLLS,11,I,17,15,I,0110,1,99,GS-15,18,0110,2,10,F,1,202309,1,183500,30.2
DLLS,54,F,13,13,F,0110,1,99,GS-13,13,0110,8,10,F,1,202309,1,134416,18.1
DLLS,06,K,17,07,F,0119,3,99,GS-07,06,XXXX,8,10,P,2,202309,1,066682,16.9
DLLS,36,K,13,07,G,0119,3,99,GS-07,07,XXXX,8,10,P,2,202309,1,070948,22.2
DLLS,36,I,13,13,J,0110,1,99,GS-13,14,0110,2,10,F,1,202309,1,145814,36.2
DLLS,51,J,17,12,I,0110,1,99,GS-12,12,0110,8,10,F,1,202309,1,122459,31.3
DLLS,06,J,13,12,G,0110,1,99,GS-12,12,0110,8,10,F,1,202309,1,126404,20.7
DLLS,06,I,17,12,H,0110,1,99,GS-12,13,0110,8,10,F,1,202309,1,133236,26.0
DLLS,12,F,13,13,F,0110,1,99,GS-13,11,0110,8,10,F,1,202309,1,118194,17.3
DLLS,12,F,17,14,F,0110,1,99,GS-14,14,0110,2,10,F,1,202309,1,144695,16.7
DLLS,11,I,14,13,I,0110,1,99,GS-13,13,0110,8,10,F,1,202309,1,138150,34.2
DLLS,13,I,13,12,H,0110,1,99,GS-12,11,0110,8,10,F,1,202309,1,113706,27.4
DLLS,13,H,13,13,G,0110,1,99,GS-13,12,0110,8,10,F,1,202309,1,124809,22.2
DLLS,26,I,04,07,H,0119,3,99,GS-07,06,XXXX,8,10,P,2,202309,1,063458,25.3
DLLS,17,I,17,07,G,0119,3,99,GS-07,06,XXXX,8,10,P,2,202309,1,067628,24.5
DLLS,17,I,17,13,I,0110,1,99,GS-13,13,0110,2,10,F,1,202309,1,135335,32.4
DLLS,13,J,13,13,I,0110,1,99,GS-13,13,0110,2,10,F,1,202309,1,135209,33.0
DLLS,41,H,13,14,G,0110,1,99,GS-14,13,0110,2,10,F,1,202309,1,137351,22.3
DLLS,24,F,13,13,G,0110,1,99,GS-13,13,0110,8,10,F,1,202309,1,134416,20.0
DLLS,11,G,13,12,G,0110,1,99,GS-12,12,0110,8,10,F,1,202309,1,122459,20.7
DLLS,42,K,13,14,J,0110,1,99,GS-14,16,0110,2,10,F,1,202309,1,166036,44.9
DLLS,48,H,17,12,F,0110,1,99,GS-12,11,0110,8,10,F,1,202309,1,113808,19.0
DLLS,51,J,17,13,J,0110,1,99,GS-13,14,0110,8,10,F,1,202309,1,145617,36.4
DLLS,39,H,17,13,G,0110,1,99,GS-13,13,0110,2,10,F,1,202309,1,133285,24.1
DLLS,51,G,13,13,G,0110,1,99,GS-13,14,0110,8,10,F,1,202309,1,141884,23.7
DLLS,17,G,13,13,H,0110,1,99,GS-13,13,0110,2,10,F,1,202309,1,138992,26.1
DLLS,36,I,13,12,I,0110,1,99,GS-12,12,0110,8,10,F,1,202309,1,125851,34.1
DLLS,24,E,09,13,F,0110,1,99,GS-13,13,0110,8,10,F,1,202309,1,130683,17.2
DLLS,24,G,13,12,G,0110,1,99,GS-12,12,0110,8,10,F,1,202309,1,122459,24.8
DLLS,11,H,21,14,H,0110,1,99,GS-14,17,0110,8,10,F,1,202309,1,172075,25.1
DLLS,24,F,13,13,G,0110,1,99,GS-13,14,0110,8,10,F,1,202309,1,141884,22.3
DLLS,45,I,13,13,I,0110,1,99,GS-13,11,0110,8,10,F,1,202309,1,118194,32.4
DLLS,11,H,13,14,I,0110,1,99,GS-14,15,0110,8,10,F,1,202309,1,158840,30.7
DLLS,11,H,17,14,H,0110,1,99,GS-14,17,0110,2,10,F,1,202309,1,172075,29.0
DLLS,24,K,04,12,I,0110,1,99,GS-12,12,0110,8,10,F,1,202309,1,122459,34.9
DLLS,13,I,14,13,I,0110,1,99,GS-13,13,0110,2,10,F,1,202309,1,135209,30.9
DLLS,11,H,13,13,H,0110,1,99,GS-13,14,0110,8,10,F,1,202309,1,141884,26.5
DLLS,06,J,17,13,H,0110,1,99,GS-13,13,0110,2,10,F,1,202309,1,136851,25.3
DLLS,11,G,13,14,G,0110,1,99,GS-14,16,0110,2,10,F,1,202309,1,163252,22.0
DLLS,09,J,04,07,F,0119,3,99,GS-07,06,XXXX,8,10,P,2,202309,1,064714,17.7
DLLS,39,K,17,12,H,0110,1,99,GS-12,11,0110,8,10,F,1,202309,1,111460,28.6
DLLS,13,H,13,12,G,0110,1,99,GS-12,11,0110,8,10,F,1,202309,1,113706,23.0
DLLS,24,I,13,14,I,0110,1,99,GS-14,17,0110,8,10,F,1,202309,1,172075,31.5
DLLS,11,I,13,,I,0110,1,ES,ES-**,20,0110,2,50,F,1,202309,1,212100,33.3
DLLS,12,I,17,12,H,0110,1,99,GS-12,10,0110,8,10,F,1,202309,1,107680,25.3
DLLS,17,G,13,13,G,0110,1,99,GS-13,13,0110,2,10,F,1,202309,1,131677,24.9
DLLS,11,K,21,,J,0110,1,SL,SL-00,19,0110,5,10,F,1,202309,1,195000,40.4
DLLS,24,E,11,14,F,0110,1,99,GS-14,15,0110,2,10,F,1,202309,1,150016,17.3
DLLS,51,I,13,15,I,0110,1,99,GS-15,18,0110,2,10,F,1,202309,1,183500,33.8
DLLS,**,F,13,12,F,0110,1,99,GS-12,11,0110,8,10,F,1,202309,1,116179,16.1
DLLS,24,G,13,14,H,0110,1,99,GS-14,15,0110,8,10,F,1,202309,1,154428,26.2
DLLS,11,G,13,13,G,0110,1,99,GS-13,14,0110,8,10,F,1,202309,1,145617,23.3
DLLS,36,K,04,07,F,0119,3,99,GS-07,06,XXXX,8,10,P,2,202309,1,069128,18.5
DLLS,24,F,13,13,F,0110,1,99,GS-13,13,0110,8,10,F,1,202309,1,138150,19.8
DLLS,25,J,13,12,J,0110,1,99,GS-12,12,0110,8,10,F,1,202309,1,121128,37.7
DLLS,11,H,19,15,F,0110,1,99,GS-15,18,0110,8,10,F,1,202309,1,183500,18.3
DLLS,11,F,13,13,F,0110,1,99,GS-13,13,0110,8,10,F,1,202309,1,134416,16.6
DLLS,48,H,04,05,B,0119,3,99,GS-05,05,XXXX,8,15,P,2,202309,1,051798,01.5
DLLS,11,G,13,15,H,0110,1,99,GS-15,18,0110,2,10,F,1,202309,1,183500,25.0
DLLS,24,F,13,13,F,0110,1,99,GS-13,13,0110,8,10,F,1,202309,1,138150,19.3
DLLS,24,G,17,12,F,0110,1,99,GS-12,11,0110,8,10,F,1,202309,1,119319,19.1
DLLS,51,H,04,07,I,0119,3,99,GS-07,06,XXXX,8,10,F,1,202309,1,069035,32.3
DLLS,11,K,17,15,J,0110,1,99,GS-15,18,0110,2,10,F,1,202309,1,183500,40.8
DLLS,24,I,13,12,I,0110,1,99,GS-12,12,0110,8,10,F,1,202309,1,122459,30.2
DLLS,42,G,13,13,G,0110,1,99,GS-13,11,0110,8,10,F,1,202309,1,115336,20.3
DLLS,11,I,17,13,I,0110,1,99,GS-13,14,0110,8,10,F,1,202309,1,145617,33.0
DLLS,13,I,04,12,J,0110,1,99,GS-12,11,0110,8,10,F,1,202309,1,113706,37.6
DLLS,42,H,13,12,H,0110,1,99,GS-12,11,0110,8,10,F,1,202309,1,118161,25.3
DLLS,36,I,04,07,F,0119,3,99,GS-07,06,XXXX,8,10,P,2,202309,1,067309,15.7
DLLS,06,J,13,14,J,0110,1,99,GS-14,16,0110,2,10,F,1,202309,1,168018,36.7
DLLS,48,I,13,13,I,0110,1,99,GS-13,12,0110,8,10,F,1,202309,1,128207,32.3
DLLS,17,G,17,12,F,0110,1,99,GS-12,11,0110,8,10,F,1,202309,1,119964,18.1
DLLS,11,I,13,15,J,0110,1,99,GS-15,18,0110,4,10,F,1,202309,1,181648,37.1
DLLS,51,G,13,14,G,0110,1,99,GS-14,15,0110,2,10,F,1,202309,1,158840,23.8
DLLS,42,H,13,12,I,0110,1,99,GS-12,11,0110,8,10,F,1,202309,1,118161,31.2
DLLS,11,J,13,12,J,0110,1,99,GS-12,12,0110,8,10,F,1,202309,1,122459,35.3
DLLS,20,H,17,13,H,0110,1,99,GS-13,11,0110,8,10,F,1,202309,1,119898,26.1
DLLS,08,I,13,07,G,0110,1,99,GS-07,06,0110,8,10,F,1,202309,1,067243,23.8
DLLS,24,G,13,12,G,0110,1,99,GS-12,12,0110,8,10,F,1,202309,1,122459,24.3
DLLS,11,F,13,13,F,0110,1,99,GS-13,13,0110,8,10,F,1,202309,1,138150,18.6
DLLS,48,H,13,14,H,0110,1,99,GS-14,14,0110,2,10,F,1,202309,1,143086,27.2
DLLS,24,I,13,13,I,0110,1,99,GS-13,14,0110,8,10,F,1,202309,1,145617,30.6
DLLS,39,K,13,07,G,0119,3,99,GS-07,06,XXXX,8,10,P,2,202309,1,061569,21.3
DLLS,24,J,13,13,J,0110,1,99,GS-13,14,0110,8,10,F,1,202309,1,145617,37.1
DLLS,51,H,13,14,I,0110,1,99,GS-14,17,0110,2,10,F,1,202309,1,172075,31.5
DLLS,11,I,04,07,J,0119,3,99,GS-07,06,XXXX,8,10,F,1,202309,1,069035,36.4
DLLS,39,G,13,14,H,0110,1,99,GS-14,13,0110,2,10,F,1,202309,1,137787,26.3
DLLS,17,H,17,13,I,0110,1,99,GS-13,13,0110,2,10,F,1,202309,1,131677,31.3
DLLS,11,I,17,13,J,0110,1,99,GS-13,14,0110,8,10,F,1,202309,1,145617,37.0
DLLS,11,I,17,15,I,0110,1,99,GS-15,18,0110,2,10,F,1,202309,1,183500,32.5
DLLS,11,F,13,14,G,0110,1,99,GS-14,16,0110,8,10,F,1,202309,1,167663,23.2
DLLS,24,F,13,14,G,0110,1,99,GS-14,14,0110,8,10,F,1,202309,1,145604,22.2
DLLS,51,H,13,12,I,0110,1,99,GS-12,11,0110,8,10,F,1,202309,1,112190,30.9
DLLS,11,K,17,13,J,0110,1,99,GS-13,13,0110,8,10,F,1,202309,1,134416,37.8
DLLS,51,G,01,12,F,0110,1,99,GS-12,11,0110,8,10,F,1,202309,1,116179,17.1
DLLS,17,F,13,13,G,0110,1,99,GS-13,12,0110,2,10,F,1,202309,1,128020,20.8
DLLS,39,H,13,13,I,0110,1,99,GS-13,13,0110,2,10,F,1,202309,1,133747,33.2
DLLS,11,G,21,15,G,0110,1,99,GS-15,17,0110,2,10,F,1,202309,1,176458,22.7
DLLS,48,G,13,12,G,0110,1,99,GS-12,11,0110,8,10,F,1,202309,1,116803,24.5
DLLS,42,I,13,13,F,0110,1,99,GS-13,14,0110,8,10,F,1,202309,1,141977,19.0
DLLS,12,I,13,14,I,0110,1,99,GS-14,13,0110,8,10,F,1,202309,1,135790,34.9
DLLS,13,G,17,13,G,0110,1,99,GS-13,12,0110,8,10,F,1,202309,1,124809,22.8
DLLS,36,H,13,12,G,0110,1,99,GS-12,12,0110,8,10,F,1,202309,1,125851,23.0
DLLS,17,I,13,13,J,0110,1,99,GS-13,14,0110,2,10,F,1,202309,1,142650,36.2
DLLS,37,H,13,12,H,0110,1,99,GS-12,10,0110,8,10,F,1,202309,1,107680,27.0
DLLS,51,I,13,07,F,0119,3,99,GS-07,05,XXXX,8,10,P,2,202309,1,058381,19.9
DLLS,36,J,13,12,J,0110,1,99,GS-12,12,0110,8,10,F,1,202309,1,125851,36.5
DLLS,25,I,13,13,I,0110,1,99,GS-13,12,0110,2,10,F,1,202309,1,121877,32.9
DLLS,51,J,15,14,I,0110,1,99,GS-14,17,0110,2,10,F,1,202309,1,172075,33.3
DLLS,12,H,13,12,H,0110,1,99,GS-12,10,0110,8,10,F,1,202309,1,104919,27.2
DLLS,29,H,13,12,H,0110,1,99,GS-12,10,0110,8,10,F,1,202309,1,109233,28.3
DLLS,42,H,13,14,G,0110,1,99,GS-14,13,0110,2,10,F,1,202309,1,131911,21.3
DLLS,24,I,13,12,J,0110,1,99,GS-12,12,0110,8,10,F,1,202309,1,122459,35.7
DLLS,08,I,04,06,F,0119,3,99,GS-06,06,XXXX,8,10,P,2,202309,1,060509,15.6
DLLS,53,I,13,12,I,0110,1,99,GS-12,11,0110,8,10,F,1,202309,1,119760,32.4
DLLS,34,I,17,12,J,0110,1,99,GS-12,12,0110,8,10,F,1,202309,1,125851,35.2
DLLS,06,H,13,12,H,0110,1,99,GS-12,13,0110,8,10,F,1,202309,1,133236,25.1
DLLS,06,G,13,13,G,0110,1,99,GS-13,14,0110,8,10,F,1,202309,1,142184,21.8
DLLS,48,K,13,07,F,0119,3,99,GS-07,05,XXXX,8,10,P,2,202309,1,059147,19.1
DLLS,24,H,04,08,J,0119,3,99,GS-08,07,XXXX,8,10,F,1,202309,1,076459,35.1
DLLS,11,I,13,,I,0110,1,ES,ES-**,20,0110,2,50,F,1,202309,1,210677,34.3
DLLS,11,H,17,13,H,0110,1,99,GS-13,13,0110,8,10,F,1,202309,1,138150,26.3
DLLS,24,F,13,12,F,0110,1,99,GS-12,11,0110,8,10,F,1,202309,1,119319,18.7
DLLS,06,H,13,12,H,0110,1,99,GS-12,13,0110,8,10,F,1,202309,1,133236,25.5
DLLS,42,J,13,07,F,0119,3,99,GS-07,05,XXXX,8,10,P,2,202309,1,059504,15.7
DLLS,51,G,13,14,G,0110,1,99,GS-14,15,0110,2,10,F,1,202309,1,154428,24.3
DLLS,51,I,21,14,G,0110,1,99,GS-14,17,0110,8,10,F,1,202309,1,172075,23.1
DLLS,12,F,13,07,E,0119,3,99,GS-07,05,XXXX,8,10,P,2,202309,1,054478,14.2
DLLS,51,H,13,14,G,0110,1,99,GS-14,14,0110,8,10,F,1,202309,1,141192,21.7
DLLS,51,I,17,13,I,0110,1,99,GS-13,14,0110,8,10,F,1,202309,1,145617,33.4
DLLS,24,K,18,14,J,0110,1,99,GS-14,17,0110,8,10,F,1,202309,1,172075,40.5
DLLS,24,F,17,13,G,0110,1,99,GS-13,14,0110,8,10,F,1,202309,1,141884,20.3
DLLS,24,I,14,12,G,0110,1,99,GS-12,12,0110,8,10,F,1,202309,1,122459,22.7
DLLS,48,H,13,12,G,0110,1,99,GS-12,11,0110,8,10,F,1,202309,1,116803,24.4
DLLS,24,H,15,12,H,0110,1,99,GS-12,12,0110,8,10,F,1,202309,1,122459,26.3
DLLS,39,G,17,09,D,0110,1,99,GS-09,05,0110,8,15,F,1,202309,1,059123,07.7
DLLS,11,G,13,14,G,0110,1,99,GS-14,15,0110,2,10,F,1,202309,1,158840,24.8
DLLS,11,F,13,15,F,0110,1,99,GS-15,17,0110,2,10,F,1,202309,1,176458,19.4
DLLS,13,H,13,15,H,0110,1,99,GS-15,16,0110,8,10,F,1,202309,1,168664,27.9
DLLS,51,H,13,12,H,0110,1,99,GS-12,12,0110,8,10,F,1,202309,1,122459,26.1
DLLS,13,H,17,13,H,0110,1,99,GS-13,12,0110,8,10,F,1,202309,1,121342,26.3
DLLS,17,F,13,13,F,0110,1,99,GS-13,13,0110,2,10,F,1,202309,1,131677,17.3
DLLS,11,F,13,14,F,0110,1,99,GS-14,16,0110,8,10,F,1,202309,1,163252,19.0
DLLS,53,F,13,13,F,0110,1,99,GS-13,13,0110,2,10,F,1,202309,1,131454,18.0
DLLS,24,I,13,12,I,0110,1,99,GS-12,12,0110,8,10,F,1,202309,1,122459,33.8
DLLS,11,I,17,15,I,0110,1,99,GS-15,18,0110,2,10,F,1,202309,1,183500,34.3
DLLS,06,J,13,12,J,0110,1,99,GS-12,13,0110,8,10,F,1,202309,1,133236,38.1
DLLS,13,J,14,13,J,0110,1,99,GS-13,13,0110,2,10,F,1,202309,1,135209,37.0
DLLS,24,I,17,14,I,0110,1,99,GS-14,17,0110,2,10,F,1,202309,1,172075,33.3
DLLS,**,J,17,14,I,0110,1,99,GS-14,17,0110,8,10,F,1,202309,1,172075,33.8
DLLS,11,H,17,13,G,0110,1,99,GS-13,13,0110,8,10,F,1,202309,1,138150,23.2
DLLS,42,J,09,12,F,0110,1,99,GS-12,09,0110,8,10,F,1,202309,1,099982,15.8
DLLS,24,E,13,14,F,0110,1,99,GS-14,14,0110,8,10,F,1,202309,1,145604,17.3
DLLS,51,G,13,12,H,0110,1,99,GS-12,11,0110,8,10,F,1,202309,1,112190,26.3
DLLS,36,J,04,07,H,0119,3,99,GS-07,05,XXXX,8,10,P,2,202309,1,059988,25.0
DLLS,11,H,13,15,I,0110,1,99,GS-15,18,0110,2,10,F,1,202309,1,183500,32.3
DLLS,48,I,13,13,I,0110,1,99,GS-13,13,0110,2,10,F,1,202309,1,138891,32.4
DLLS,06,I,17,07,F,0119,3,99,GS-07,07,XXXX,8,10,P,2,202309,1,071259,16.8
DLLS,12,I,17,14,I,0110,1,99,GS-14,16,0110,2,10,F,1,202309,1,161231,32.2
DLLS,11,G,13,13,G,0110,1,99,GS-13,13,0110,8,10,F,1,202309,1,138150,22.3
DLLS,24,I,13,14,I,0110,1,99,GS-14,17,0110,8,10,F,1,202309,1,172075,34.1
DLLS,55,F,13,13,F,0110,1,99,GS-13,11,0110,8,10,F,1,202309,1,113218,15.8
DLLS,11,E,13,13,F,0110,1,99,GS-13,12,0110,8,10,F,1,202309,1,123216,16.3
DLLS,48,G,13,13,G,0110,1,99,GS-13,14,0110,8,10,F,1,202309,1,144004,23.2
DLLS,13,J,17,14,I,0110,1,99,GS-14,15,0110,2,10,F,1,202309,1,159776,32.4
DLLS,04,F,13,13,F,0110,1,99,GS-13,11,0110,8,10,F,1,202309,1,116361,17.6
DLLS,17,I,17,12,I,0110,1,99,GS-12,11,0110,8,10,F,1,202309,1,119964,32.8
DLLS,48,I,13,06,G,0119,3,99,GS-06,06,XXXX,8,10,P,2,202309,1,063050,20.3
DLLS,13,F,04,12,C,0110,1,99,GS-12,09,0110,8,10,F,1,202309,1,093297,04.8
DLLS,51,F,13,14,F,0110,1,99,GS-14,15,0110,2,10,F,1,202309,1,150016,17.4
DLLS,55,G,13,12,G,0110,1,99,GS-12,10,0110,8,10,F,1,202309,1,109638,24.4
DLLS,11,F,13,15,G,0110,1,99,GS-15,17,0110,2,10,F,1,202309,1,171268,23.2
DLLS,11,I,13,,I,0110,1,ES,ES-**,19,0110,2,50,F,1,202309,1,191550,34.9
DLLS,48,H,13,12,H,0110,1,99,GS-12,11,0110,8,10,F,1,202309,1,116803,28.7
DLLS,34,I,13,12,I,0110,1,99,GS-12,11,0110,8,10,F,1,202309,1,118161,33.9
DLLS,27,J,17,05,D,0119,3,99,GS-05,05,XXXX,8,10,P,2,202309,1,053170,06.8
DLLS,37,J,17,14,H,0110,1,99,GS-14,15,0110,8,20,I,2,202309,1,151308,29.8
DLLS,24,J,04,14,J,0110,1,99,GS-14,17,0110,8,10,F,1,202309,1,172075,43.6
DLLS,42,G,14,13,G,0110,1,99,GS-13,14,0110,2,10,F,1,202309,1,140506,23.2
DLLS,42,I,13,12,I,0110,1,99,GS-12,11,0110,8,10,F,1,202309,1,111257,30.1
DLLS,48,H,13,13,F,0110,1,99,GS-13,12,0110,8,10,F,1,202309,1,124646,16.8
DLLS,11,K,21,,I,0110,1,SL,SL-00,19,0110,2,10,F,1,202309,1,193856,32.0
DLLS,24,E,13,14,F,0110,1,99,GS-14,15,0110,2,10,F,1,202309,1,154428,16.3
DLLS,24,K,13,14,J,0110,1,99,GS-14,17,0110,8,20,I,2,202309,1,172075,37.5
DLLS,11,G,13,15,G,0110,1,99,GS-15,17,0110,2,10,F,1,202309,1,171268,23.1
DLLS,12,K,13,07,G,0119,3,99,GS-07,06,XXXX,8,10,P,2,202309,1,064684,24.6
DLLS,11,I,17,,I,0110,1,ES,ES-**,19,0110,2,50,F,1,202309,1,191550,31.1
DLLS,11,H,13,14,I,0110,1,99,GS-14,16,0110,2,10,F,1,202309,1,167663,32.3
DLLS,24,G,13,12,H,0110,1,99,GS-12,12,0110,8,10,F,1,202309,1,122459,25.9
DLLS,51,G,18,14,F,0110,1,99,GS-14,15,0110,2,10,F,1,202309,1,150016,17.3
DLLS,11,F,17,13,F,0110,1,99,GS-13,14,0110,2,10,F,1,202309,1,141884,17.2
DLLS,48,G,17,13,F,0110,1,99,GS-13,12,0110,2,10,F,1,202309,1,121085,19.3
DLLS,51,I,17,13,F,0110,1,99,GS-13,13,0110,8,10,F,1,202309,1,138150,19.3
DLLS,24,I,13,14,I,0110,1,99,GS-14,16,0110,8,10,F,1,202309,1,163252,33.1
DLLS,24,I,12,13,I,0110,1,99,GS-13,14,0110,8,10,F,1,202309,1,145617,34.4
DLLS,12,J,17,12,G,0110,1,99,GS-12,10,0110,8,10,F,1,202309,1,107680,23.0
DLLS,39,F,13,14,F,0110,1,99,GS-14,13,0110,8,10,F,1,202309,1,137312,18.1
DLLS,25,G,13,12,H,0110,1,99,GS-12,12,0110,8,10,F,1,202309,1,121128,25.6
DLLS,26,K,17,12,J,0110,1,99,GS-12,11,0110,8,10,F,1,202309,1,118651,35.3
DLLS,11,J,21,15,J,0110,1,99,GS-15,18,0110,2,10,F,1,202309,1,183500,35.8
DLLS,24,J,13,13,J,0110,1,99,GS-13,14,0110,8,10,F,1,202309,1,141884,36.3
DLLS,36,G,13,07,F,0119,3,99,GS-07,06,XXXX,8,10,P,2,202309,1,065490,17.3
DLLS,24,F,13,11,F,0110,1,99,GS-11,08,0110,8,10,F,1,202309,1,086450,15.6
DLLS,42,H,10,07,H,0119,3,99,GS-07,05,XXXX,8,10,P,2,202309,1,056287,29.3
DLLS,42,F,13,14,G,0110,1,99,GS-14,13,0110,2,10,F,1,202309,1,134277,23.1
DLLS,48,G,13,,G,0110,1,ES,ES-**,16,0110,2,50,F,1,202309,1,165432,24.3
DLLS,**,I,13,15,J,0110,1,99,GS-15,18,0110,2,10,F,1,202309,1,183500,35.3
DLLS,11,G,13,,G,0110,1,ES,ES-**,18,0110,2,50,F,1,202309,1,187421,23.1
DLLS,13,J,09,07,G,0119,3,99,GS-07,06,XXXX,8,10,P,2,202309,1,062457,21.5
DLLS,24,H,13,14,H,0110,1,99,GS-14,15,0110,8,10,F,1,202309,1,158840,28.4
DLLS,04,K,13,07,F,0119,3,99,GS-07,06,XXXX,8,10,P,2,202309,1,060033,17.3
DLLS,11,F,13,14,G,0110,1,99,GS-14,15,0110,2,10,F,1,202309,1,154428,22.1
DLLS,24,F,13,13,F,0110,1,99,GS-13,13,0110,8,10,F,1,202309,1,138150,18.8
DLLS,34,J,17,13,J,0110,1,99,GS-13,14,0110,8,10,F,1,202309,1,145814,36.7
DLLS,06,G,13,,G,0110,1,ES,ES-**,18,0110,2,50,F,1,202309,1,186878,23.1
DLLS,11,F,13,13,G,0110,1,99,GS-13,14,0110,8,10,F,1,202309,1,145617,22.2
DLLS,11,F,13,14,G,0110,1,99,GS-14,15,0110,2,10,F,1,202309,1,158840,21.9
DLLS,48,J,17,14,J,0110,1,99,GS-14,14,0110,2,10,F,1,202309,1,147294,37.5
DLLS,06,H,13,13,H,0110,1,99,GS-13,13,0110,2,10,F,1,202309,1,136851,26.3
DLLS,42,I,13,13,J,0110,1,99,GS-13,13,0110,8,10,F,1,202309,1,132296,35.0
DLLS,13,H,13,14,I,0110,1,99,GS-14,14,0110,2,10,F,1,202309,1,143390,30.9
DLLS,24,G,13,13,H,0110,1,99,GS-13,13,0110,8,10,F,1,202309,1,138150,25.2
DLLS,26,G,13,12,G,0110,1,99,GS-12,11,0110,8,10,F,1,202309,1,115609,23.2
DLLS,25,G,13,12,H,0110,1,99,GS-12,11,0110,8,10,F,1,202309,1,118022,25.2
DLLS,11,I,21,13,G,0110,1,99,GS-13,14,0110,8,10,F,1,202309,1,145617,21.8
DLLS,11,G,13,15,G,0110,1,99,GS-15,18,0110,2,10,F,1,202309,1,183500,23.5
DLLS,51,J,17,14,H,0110,1,99,GS-14,16,0110,2,10,F,1,202309,1,167663,25.3
DLLS,RQ,G,14,12,F,0110,1,99,GS-12,10,0110,8,10,F,1,202309,1,102158,15.7
DLLS,25,I,13,13,I,0110,1,99,GS-13,14,0110,8,10,F,1,202309,1,144034,32.3
DLLS,42,G,13,12,G,0110,1,99,GS-12,11,0110,8,10,F,1,202309,1,111257,23.0
DLLS,24,J,17,14,J,0110,1,99,GS-14,16,0110,2,10,F,1,202309,1,167663,35.9
DLLS,11,J,21,,I,0110,1,SL,SL-00,19,0110,2,10,F,1,202309,1,193856,32.0
DLLS,24,K,21,14,G,0110,1,99,GS-14,17,0110,8,10,F,1,202309,1,172075,23.2
DLLS,25,G,13,13,F,0110,1,99,GS-13,12,0110,2,10,F,1,202309,1,129262,15.7
DLLS,11,F,17,14,F,0110,1,99,GS-14,15,0110,8,10,F,1,202309,1,154428,18.0
DLLS,11,F,13,14,F,0110,1,99,GS-14,15,0110,2,10,F,1,202309,1,158840,17.3
DLLS,24,H,13,12,I,0110,1,99,GS-12,12,0110,8,10,F,1,202309,1,122459,32.3
DLLS,37,G,17,13,G,0110,1,99,GS-13,12,0110,8,10,F,1,202309,1,124760,22.7
DLLS,17,F,13,12,G,0110,1,99,GS-12,11,0110,8,10,F,1,202309,1,119964,21.1
DLLS,01,I,07,07,F,0119,3,99,GS-07,05,XXXX,8,10,P,2,202309,1,059609,19.4
DLLS,11,F,17,14,F,0110,1,99,GS-14,15,0110,2,10,F,1,202309,1,154428,17.0
DLLS,51,E,13,13,F,0110,1,99,GS-13,13,0110,8,10,F,1,202309,1,138150,17.2
DLLS,21,G,13,13,F,0110,1,99,GS-13,12,0110,8,10,F,1,202309,1,124760,18.0
DLLS,42,F,17,12,F,0110,1,99,GS-12,10,0110,8,10,F,1,202309,1,108404,17.0
DLLS,11,H,13,14,F,0110,1,99,GS-14,15,0110,2,10,F,1,202309,1,154428,18.2
DLLS,17,G,17,12,G,0110,1,99,GS-12,11,0110,8,10,F,1,202309,1,119964,22.0
DLLS,42,F,13,12,F,0110,1,99,GS-12,11,0110,8,10,F,1,202309,1,112102,17.8
DLLS,11,I,21,,I,0110,1,ES,ES-**,20,0110,2,50,F,1,202309,1,212100,30.1
DLLS,51,H,13,13,H,0110,1,99,GS-13,14,0110,8,10,F,1,202309,1,145617,25.3
DLLS,11,J,13,14,J,0110,1,99,GS-14,17,0110,2,10,F,1,202309,1,172075,37.8
DLLS,42,H,13,13,H,0110,1,99,GS-13,12,0110,2,10,F,1,202309,1,129699,29.6
DLLS,11,G,13,13,G,0110,1,99,GS-13,13,0110,8,10,F,1,202309,1,138150,21.3
DLLS,55,J,17,05,F,0119,3,99,GS-05,05,XXXX,8,15,P,2,202309,1,051214,18.5
DLLS,24,G,14,13,H,0110,1,99,GS-13,13,0110,8,10,F,1,202309,1,138150,25.3
DLLS,**,G,17,15,H,0110,1,99,GS-15,17,0110,2,10,F,1,202309,1,176458,25.3
DLLS,13,H,09,12,G,0110,1,99,GS-12,11,0110,8,10,F,1,202309,1,113706,22.9
DLLS,48,J,13,07,F,0119,3,99,GS-07,06,XXXX,8,10,P,2,202309,1,066474,15.9
DLLS,36,I,17,12,F,0110,1,99,GS-12,11,0110,8,10,F,1,202309,1,119397,16.0
DLLS,06,G,17,14,G,0110,1,99,GS-14,16,0110,2,10,F,1,202309,1,163218,21.3
DLLS,24,J,17,13,G,0110,1,99,GS-13,14,0110,8,10,F,1,202309,1,145617,22.9
DLLS,27,J,13,12,H,0110,1,99,GS-12,11,0110,8,10,F,1,202309,1,116821,25.6
DLLS,13,F,13,13,F,0110,1,99,GS-13,11,0110,2,10,F,1,202309,1,117875,17.7
DLLS,11,I,21,14,H,0110,1,99,GS-14,17,0110,8,10,F,1,202309,1,172075,28.0
DLLS,42,F,13,13,F,0110,1,99,GS-13,12,0110,2,10,F,1,202309,1,126096,16.6
DLLS,42,I,13,12,H,0110,1,99,GS-12,11,0110,8,10,F,1,202309,1,118161,26.6
DLLS,04,I,13,13,I,0110,1,99,GS-13,13,0110,8,10,F,1,202309,1,133472,32.4
DLLS,11,F,13,12,F,0110,1,99,GS-12,11,0110,8,10,F,1,202309,1,119319,19.9
DLLS,06,K,17,13,G,0110,1,99,GS-13,13,0110,2,10,F,1,202309,1,136851,22.8
DLLS,06,I,13,07,F,0119,3,99,GS-07,06,XXXX,8,10,P,2,202309,1,068484,18.5
DLLS,37,E,04,05,F,0119,3,99,GS-05,04,XXXX,8,15,P,2,202309,1,049905,15.2
DLLS,06,J,13,07,F,0119,3,99,GS-07,07,XXXX,8,10,P,2,202309,1,071259,17.3
DLLS,17,K,13,12,F,0110,1,99,GS-12,10,0110,8,10,F,1,202309,1,101507,16.7
DLLS,34,K,04,07,H,0119,3,99,GS-07,07,XXXX,8,10,P,2,202309,1,070948,25.7
DLLS,11,H,13,13,H,0110,1,99,GS-13,14,0110,8,10,F,1,202309,1,145617,28.7
DLLS,31,I,14,12,I,0110,1,99,GS-12,10,0110,8,10,F,1,202309,1,107680,31.2
DLLS,24,F,13,12,F,0110,1,99,GS-12,11,0110,8,10,F,1,202309,1,116179,17.7
DLLS,51,K,17,12,G,0110,1,99,GS-12,12,0110,8,10,F,1,202309,1,122459,22.7
DLLS,06,I,13,12,I,0110,1,99,GS-12,12,0110,8,10,F,1,202309,1,124677,32.3
DLLS,11,G,13,14,H,0110,1,99,GS-14,16,0110,8,10,F,1,202309,1,167663,26.7
DLLS,06,J,17,12,H,0110,1,99,GS-12,13,0110,8,10,F,1,202309,1,133236,28.4
DLLS,24,G,13,13,G,0110,1,99,GS-13,14,0110,8,10,F,1,202309,1,145617,24.8
DLLS,39,K,13,12,J,0110,1,99,GS-12,11,0110,8,10,F,1,202309,1,112163,40.6
DLLS,11,H,17,14,H,0110,1,99,GS-14,16,0110,2,10,F,1,202309,1,163252,29.0
DLLS,12,K,09,07,F,0119,3,99,GS-07,05,XXXX,8,10,P,2,202309,1,057591,18.3
DLLS,25,K,17,14,J,0110,1,99,GS-14,17,0110,2,10,F,1,202309,1,170205,37.9
DLLS,51,I,13,13,G,0110,1,99,GS-13,14,0110,8,10,F,1,202309,1,141884,24.2
DLLS,11,F,13,13,G,0110,1,99,GS-13,13,0110,8,10,F,1,202309,1,130683,22.2
DLLS,11,I,13,14,J,0110,1,99,GS-14,16,0110,2,10,F,1,202309,1,167663,37.1
DLLS,27,J,09,07,J,0119,3,99,GS-07,06,XXXX,8,10,P,2,202309,1,065857,39.6
DLLS,24,J,17,13,G,0110,1,99,GS-13,14,0110,8,10,F,1,202309,1,141884,24.7
DLLS,25,E,13,12,F,0110,1,99,GS-12,12,0110,8,10,F,1,202309,1,121128,15.9
DLLS,11,H,17,12,F,0110,1,99,GS-12,11,0110,8,10,F,1,202309,1,116179,16.7
DLLS,11,H,21,14,G,0110,1,99,GS-14,16,0110,8,10,F,1,202309,1,163252,21.0
DLLS,34,E,13,13,F,0110,1,99,GS-13,13,0110,8,10,F,1,202309,1,133301,17.0
DLLS,11,I,17,,I,0110,1,ES,ES-**,20,0110,2,50,F,1,202309,1,210830,30.6
DLLS,13,E,13,12,F,0110,1,99,GS-12,10,0110,8,10,F,1,202309,1,107875,16.9
DLLS,12,H,07,07,H,0119,3,99,GS-07,06,XXXX,8,10,P,2,202309,1,060703,26.7
DLLS,13,H,13,13,I,0110,1,99,GS-13,12,0110,2,10,F,1,202309,1,121342,30.1
DLLS,12,H,13,13,I,0110,1,99,GS-13,12,0110,8,10,F,1,202309,1,124760,32.2
DLLS,17,K,13,14,J,0110,1,99,GS-14,16,0110,2,10,F,1,202309,1,168569,48.2
DLLS,51,I,13,12,H,0110,1,99,GS-12,11,0110,8,10,F,1,202309,1,113039,28.8
DLLS,51,I,13,12,I,0110,1,99,GS-12,12,0110,8,10,F,1,202309,1,122459,31.1
DLLS,11,I,04,14,I,0110,1,99,GS-14,17,0110,2,10,F,1,202309,1,172075,34.3
DLLS,24,F,13,14,G,0110,1,99,GS-14,15,0110,2,10,F,1,202309,1,154428,21.6
DLLS,48,H,13,13,I,0110,1,99,GS-13,13,0110,2,10,F,1,202309,1,131769,32.9
DLLS,18,J,13,12,J,0110,1,99,GS-12,10,0110,8,10,F,1,202309,1,105882,38.0
DLLS,29,H,13,12,H,0110,1,99,GS-12,11,0110,8,10,F,1,202309,1,110083,28.4
DLLS,11,G,13,12,G,0110,1,99,GS-12,12,0110,8,10,F,1,202309,1,122459,21.4
DLLS,11,I,13,,I,0110,1,ES,ES-**,20,0110,2,50,F,1,202309,1,200366,33.1
DLLS,11,G,13,14,G,0110,1,99,GS-14,15,0110,8,10,F,1,202309,1,158840,22.8
DLLS,51,I,13,12,I,0110,1,99,GS-12,11,0110,8,10,F,1,202309,1,112190,32.4
DLLS,11,G,17,14,G,0110,1,99,GS-14,15,0110,2,10,F,1,202309,1,154428,20.7
DLLS,06,H,17,12,F,0110,1,99,GS-12,11,0110,8,10,F,1,202309,1,118284,17.8
DLLS,11,F,13,13,F,0110,1,99,GS-13,12,0110,8,10,F,1,202309,1,126949,17.4
DLLS,42,F,13,13,G,0110,1,99,GS-13,13,0110,8,10,F,1,202309,1,136904,22.3
DLLS,42,F,13,14,G,0110,1,99,GS-14,14,0110,2,10,F,1,202309,1,149008,20.4
DLLS,11,H,17,13,G,0110,1,99,GS-13,14,0110,8,10,F,1,202309,1,141884,23.3
DLLS,11,H,13,13,I,0110,1,99,GS-13,14,0110,8,10,F,1,202309,1,145617,32.1
DLLS,11,I,17,15,I,0110,1,99,GS-15,18,0110,2,10,F,1,202309,1,181648,30.0
DLLS,11,F,13,13,F,0110,1,99,GS-13,13,0110,8,10,F,1,202309,1,134416,17.2
DLLS,24,J,04,06,J,0119,3,99,GS-06,06,XXXX,8,10,F,1,202309,1,062122,37.6
DLLS,11,J,17,13,I,0110,1,99,GS-13,14,0110,8,10,F,1,202309,1,145617,33.9
DLLS,24,I,17,12,H,0110,1,99,GS-12,12,0110,8,10,F,1,202309,1,122459,25.4
DLLS,51,I,13,15,I,0110,1,99,GS-15,18,0110,2,10,F,1,202309,1,183500,34.3
DLLS,29,H,13,12,J,0110,1,99,GS-12,10,0110,8,10,F,1,202309,1,109233,36.3
DLLS,55,J,13,12,J,0110,1,99,GS-12,11,0110,8,10,F,1,202309,1,112523,37.8
DLLS,11,K,21,14,J,0110,1,99,GS-14,17,0110,8,10,F,1,202309,1,172075,35.0
DLLS,42,J,10,07,I,0119,3,99,GS-07,06,XXXX,8,10,P,2,202309,1,062720,33.8
DLLS,42,G,13,14,G,0110,1,99,GS-14,15,0110,8,10,F,1,202309,1,150016,22.7
DLLS,51,I,17,14,I,0110,1,99,GS-14,17,0110,8,10,P,2,202309,1,172075,34.0
DLLS,25,J,13,12,J,0110,1,99,GS-12,12,0110,8,10,F,1,202309,1,121128,39.8
DLLS,51,H,17,14,H,0110,1,99,GS-14,16,0110,2,10,F,1,202309,1,163252,27.0
DLLS,06,G,13,13,H,0110,1,99,GS-13,14,0110,8,10,F,1,202309,1,141012,26.1
DLLS,08,I,13,13,I,0110,1,99,GS-13,14,0110,2,10,F,1,202309,1,141836,31.7
DLLS,42,G,13,13,G,0110,1,99,GS-13,12,0110,8,10,F,1,202309,1,129699,23.1
DLLS,11,E,13,14,F,0110,1,99,GS-14,15,0110,5,10,F,1,202309,1,150016,17.0
DLLS,47,H,13,13,G,0110,1,99,GS-13,12,0110,8,10,F,1,202309,1,128043,23.3
DLLS,25,F,13,12,G,0110,1,99,GS-12,12,0110,8,10,F,1,202309,1,120999,22.0
DLLS,51,E,04,13,F,0110,1,99,GS-13,13,0110,8,10,F,1,202309,1,130683,17.2
DLLS,22,K,13,07,F,0119,3,99,GS-07,06,XXXX,8,10,P,2,202309,1,060703,16.8
DLLS,24,E,13,15,F,0110,1,99,GS-15,16,0110,2,10,F,1,202309,1,160889,17.3
DLLS,39,F,17,12,F,0110,1,99,GS-12,10,0110,8,10,F,1,202309,1,106709,17.6
DLLS,12,K,04,07,G,0119,3,99,GS-07,06,XXXX,8,10,P,2,202309,1,064684,21.8
DLLS,24,H,04,12,J,0110,1,99,GS-12,12,0110,8,10,F,1,202309,1,122459,35.9
DLLS,24,I,17,14,I,0110,1,99,GS-14,15,0110,8,10,F,1,202309,1,158840,31.5
DLLS,13,I,13,13,I,0110,1,99,GS-13,12,0110,2,10,F,1,202309,1,128275,32.3
DLLS,06,F,13,13,G,0110,1,99,GS-13,14,0110,8,10,F,1,202309,1,148255,22.1
DLLS,42,H,13,14,I,0110,1,99,GS-14,14,0110,2,10,F,1,202309,1,143549,32.3
DLLS,13,E,13,12,F,0110,1,99,GS-12,11,0110,8,10,F,1,202309,1,110791,15.9
DLLS,11,H,21,14,G,0110,1,99,GS-14,16,0110,8,10,F,1,202309,1,167663,22.0
DLLS,19,G,13,12,H,0110,1,99,GS-12,10,0110,8,10,F,1,202309,1,108262,25.3
DLLS,11,I,21,14,G,0110,1,99,GS-14,17,0110,2,10,F,1,202309,1,172075,22.9
DLLS,24,H,13,14,I,0110,1,99,GS-14,17,0110,2,10,F,1,202309,1,172075,31.0
DLLS,24,G,13,12,G,0110,1,99,GS-12,12,0110,8,10,F,1,202309,1,122459,23.0
DLLS,54,H,17,14,H,0110,1,99,GS-14,16,0110,2,10,F,1,202309,1,167663,28.9
DLLS,11,K,17,14,F,0110,1,99,GS-14,15,0110,2,10,F,1,202309,1,150016,19.3
DLLS,45,J,13,15,J,0110,1,99,GS-15,15,0110,2,10,F,1,202309,1,150598,40.6
DLLS,19,G,13,12,G,0110,1,99,GS-12,10,0110,8,10,F,1,202309,1,107680,23.2
DLLS,29,J,14,12,I,0110,1,99,GS-12,10,0110,8,10,F,1,202309,1,109233,31.0
DLLS,51,H,13,13,I,0110,1,99,GS-13,14,0110,8,10,F,1,202309,1,141884,32.2
DLLS,11,G,17,15,H,0110,1,99,GS-15,18,0110,2,10,F,1,202309,1,183500,25.3
DLLS,24,K,04,06,J,0119,3,99,GS-06,06,XXXX,8,10,F,1,202309,1,062122,38.5
DLLS,36,K,04,05,G,0119,3,99,GS-05,05,XXXX,8,10,P,2,202309,1,057280,22.3
DLLS,39,F,13,13,G,0110,1,99,GS-13,12,0110,2,10,F,1,202309,1,120030,22.2
DLLS,39,F,10,07,F,0119,3,99,GS-07,05,XXXX,8,10,P,2,202309,1,058530,15.7
DLLS,48,H,13,13,I,0110,1,99,GS-13,12,0110,8,10,F,1,202309,1,128207,31.3
DLLS,11,F,13,13,F,0110,1,99,GS-13,13,0110,8,10,F,1,202309,1,138150,18.1
DLLS,42,F,13,13,F,0110,1,99,GS-13,12,0110,8,10,F,1,202309,1,125512,19.1
DLLS,39,H,17,12,G,0110,1,99,GS-12,10,0110,8,10,F,1,202309,1,109287,20.8
DLLS,25,J,18,13,J,0110,1,99,GS-13,14,0110,2,10,F,1,202309,1,144034,39.1
DLLS,11,F,13,15,G,0110,1,99,GS-15,17,0110,2,10,F,1,202309,1,171268,21.0
DLLS,17,G,13,12,G,0110,1,99,GS-12,11,0110,8,10,F,1,202309,1,119964,23.0
DLLS,13,E,17,12,F,0110,1,99,GS-12,11,0110,8,10,F,1,202309,1,113706,15.6
DLLS,11,I,21,14,G,0110,1,99,GS-14,17,0110,8,10,F,1,202309,1,172075,24.3
DLLS,11,F,13,14,F,0110,1,99,GS-14,15,0110,8,10,F,1,202309,1,154428,17.1
DLLS,13,F,13,12,F,0110,1,99,GS-12,11,0110,8,10,F,1,202309,1,113706,17.9
DLLS,48,G,13,12,G,0110,1,99,GS-12,11,0110,8,10,F,1,202309,1,116803,21.2
DLLS,45,G,17,13,F,0110,1,99,GS-13,12,0110,8,10,F,1,202309,1,127041,19.1
DLLS,11,F,17,13,F,0110,1,99,GS-13,13,0110,2,10,F,1,202309,1,134416,17.9
DLLS,56,F,13,15,F,0110,1,99,GS-15,15,0110,2,10,F,1,202309,1,150598,16.9
DLLS,17,K,13,07,H,0119,3,99,GS-07,06,XXXX,8,10,P,2,202309,1,067628,26.3
DLLS,51,G,13,14,G,0110,1,99,GS-14,16,0110,2,10,F,1,202309,1,163252,23.2
DLLS,06,J,13,12,I,0110,1,99,GS-12,13,0110,8,10,F,1,202309,1,133236,33.4
DLLS,06,H,13,13,H,0110,1,99,GS-13,15,0110,2,10,F,1,202309,1,158432,27.1
DLLS,24,F,13,12,G,0110,1,99,GS-12,12,0110,8,10,F,1,202309,1,122459,23.0
DLLS,11,G,13,12,H,0110,1,99,GS-12,12,0110,8,10,F,1,202309,1,122459,26.6
DLLS,17,F,13,13,G,0110,1,99,GS-13,12,0110,2,10,F,1,202309,1,124362,21.1
DLLS,24,I,13,14,I,0110,1,99,GS-14,16,0110,8,10,F,1,202309,1,163252,32.3
DLLS,11,G,13,,H,0110,1,ES,ES-**,18,0110,2,50,F,1,202309,1,186878,27.3
DLLS,51,G,13,14,G,0110,1,99,GS-14,15,0110,8,10,F,1,202309,1,154428,21.8
DLLS,39,I,13,07,H,0119,3,99,GS-07,06,XXXX,8,10,P,2,202309,1,063231,26.1
DLLS,17,I,13,14,I,0110,1,99,GS-14,16,0110,2,10,F,1,202309,1,164247,31.7
DLLS,11,F,11,14,F,0110,1,99,GS-14,14,0110,8,10,F,1,202309,1,145604,17.3
DLLS,51,H,21,14,G,0110,1,99,GS-14,17,0110,8,10,F,1,202309,1,172075,22.1
DLLS,24,J,04,06,J,0119,3,99,GS-06,06,XXXX,8,10,F,1,202309,1,062122,36.9
DLLS,42,G,14,14,H,0110,1,99,GS-14,15,0110,2,10,F,1,202309,1,153265,25.3
DLLS,11,F,13,13,F,0110,1,99,GS-13,13,0110,2,10,F,1,202309,1,134416,19.8
DLLS,13,E,04,12,E,0110,1,99,GS-12,10,0110,8,10,F,1,202309,1,107875,14.9
DLLS,48,I,04,13,F,0110,1,99,GS-13,12,0110,8,10,F,1,202309,1,121268,18.8
DLLS,48,I,13,07,F,0119,3,99,GS-07,05,XXXX,8,10,P,2,202309,1,057591,17.3
DLLS,36,E,13,14,E,0110,1,99,GS-14,15,0110,2,10,F,1,202309,1,154171,14.9
DLLS,11,F,21,14,E,0110,1,99,GS-14,15,0110,8,10,F,1,202309,1,150016,14.9
DLLS,48,H,17,13,E,0110,1,99,GS-13,12,0110,8,10,F,1,202309,1,124646,14.9
DLLS,53,K,17,07,E,0119,3,99,GS-07,06,XXXX,8,10,P,2,202309,1,062321,14.9
DLLS,29,E,13,13,E,0110,1,99,GS-13,11,0110,2,10,F,1,202309,1,116568,14.9
DLLS,25,E,13,12,E,0110,1,99,GS-12,11,0110,8,10,F,1,202309,1,114916,14.8
DLLS,11,E,13,12,E,0110,1,99,GS-12,11,0110,8,10,F,1,202309,1,113039,14.8
DLLS,11,I,17,13,D,0110,1,99,GS-13,11,0110,8,10,F,1,202309,1,115749,09.3
DLLS,51,E,13,13,E,0110,1,99,GS-13,13,0110,8,10,F,1,202309,1,134416,14.2
DLLS,51,E,13,13,E,0110,1,99,GS-13,13,0110,8,10,F,1,202309,1,130683,14.6
DLLS,11,E,17,13,E,0110,1,99,GS-13,12,0110,8,10,F,1,202309,1,123216,11.2
DLLS,51,E,13,13,E,0110,1,99,GS-13,12,0110,8,10,F,1,202309,1,123216,14.6
DLLS,24,E,13,14,E,0110,1,99,GS-14,14,0110,2,10,F,1,202309,1,145604,14.5
DLLS,12,I,13,13,E,0110,1,99,GS-13,11,0110,4,10,F,1,202309,1,111628,14.8
DLLS,41,H,13,07,E,0119,3,99,GS-07,06,XXXX,8,10,P,2,202309,1,060113,14.7
DLLS,06,F,13,07,C,0119,3,99,GS-07,05,XXXX,8,10,P,2,202309,1,054676,03.9
DLLS,04,G,04,07,E,0119,3,99,GS-07,05,XXXX,8,10,P,2,202309,1,059147,14.9
DLLS,51,J,17,13,G,0110,1,99,GS-13,13,0110,8,10,F,1,202309,1,138150,23.0
DLLS,17,E,13,12,E,0110,1,99,GS-12,10,0110,8,10,F,1,202309,1,104583,14.4
DLLS,42,E,13,13,E,0110,1,99,GS-13,12,0110,2,10,F,1,202309,1,122494,14.3
DLLS,06,F,13,13,E,0110,1,99,GS-13,12,0110,2,10,F,1,202309,1,129997,14.3
DLLS,06,H,13,14,E,0110,1,99,GS-14,15,0110,2,10,F,1,202309,1,153618,14.3
DLLS,17,F,13,13,F,0110,1,99,GS-13,12,0110,2,10,F,1,202309,1,120705,17.2
DLLS,12,E,04,13,E,0110,1,99,GS-13,10,0110,8,10,F,1,202309,1,108345,14.3
DLLS,42,E,13,13,E,0110,1,99,GS-13,13,0110,8,10,F,1,202309,1,130466,14.3
DLLS,49,K,17,07,F,0119,3,99,GS-07,05,XXXX,8,10,P,2,202309,1,056034,19.3
DLLS,06,E,13,13,E,0110,1,99,GS-13,13,0110,8,10,F,1,202309,1,134060,14.3
DLLS,51,G,13,14,E,0110,1,99,GS-14,15,0110,2,10,F,1,202309,1,150016,13.3
DLLS,27,E,13,14,E,0110,1,99,GS-14,12,0110,2,10,F,1,202309,1,128031,14.3
DLLS,06,G,17,13,G,0110,1,99,GS-13,13,0110,2,10,F,1,202309,1,136851,20.1
DLLS,42,F,13,13,E,0110,1,99,GS-13,12,0110,8,10,F,1,202309,1,126096,14.3
DLLS,37,H,13,05,A,0119,3,99,GS-05,04,XXXX,8,15,P,2,202309,1,049009,00.3
DLLS,53,F,17,07,D,0119,3,99,GS-07,06,XXXX,8,10,P,2,202309,1,062321,05.2
DLLS,51,E,13,13,E,0110,1,99,GS-13,13,0110,8,10,F,1,202309,1,130683,14.3
DLLS,**,E,13,13,E,0110,1,99,GS-13,13,0110,8,10,F,1,202309,1,130683,14.2
DLLS,51,E,13,13,E,0110,1,99,GS-13,11,0110,8,10,F,1,202309,1,119482,14.2
DLLS,39,E,13,13,E,0110,1,99,GS-13,12,0110,8,10,F,1,202309,1,129140,14.3
DLLS,24,E,13,14,D,0110,1,99,GS-14,16,0110,8,10,F,1,202309,1,167663,07.5
DLLS,34,E,13,12,E,0110,1,99,GS-12,12,0110,8,10,F,1,202309,1,125851,14.2
DLLS,18,I,13,12,H,0110,1,99,GS-12,09,0110,8,10,F,1,202309,1,097523,27.2
DLLS,27,G,17,05,C,0119,3,99,GS-05,05,XXXX,8,15,P,2,202309,1,053170,03.7
DLLS,08,H,04,05,B,0119,3,99,GS-05,05,XXXX,8,15,P,2,202309,1,054289,01.4
DLLS,24,F,17,12,C,0110,1,99,GS-12,09,0110,8,10,F,1,202309,1,097339,03.9
DLLS,42,H,17,12,G,0110,1,99,GS-12,11,0110,8,10,F,1,202309,1,111257,23.8
DLLS,04,G,04,12,D,0110,1,99,GS-12,10,0110,8,10,F,1,202309,1,100733,09.1
DLLS,11,H,17,14,F,0110,1,99,GS-14,15,0110,2,10,F,1,202309,1,158840,17.8
DLLS,06,H,04,12,D,0110,1,99,GS-12,10,0110,8,10,F,1,202309,1,105496,09.3
DLLS,12,I,04,06,D,0119,3,99,GS-06,05,XXXX,8,10,P,2,202309,1,054625,07.4
DLLS,48,F,04,12,D,0110,1,99,GS-12,09,0110,8,10,F,1,202309,1,095838,05.1
DLLS,47,I,17,12,F,0110,1,99,GS-12,09,0110,8,10,F,1,202309,1,099397,17.2
DLLS,36,H,17,13,D,0110,1,99,GS-13,14,0110,8,10,F,1,202309,1,149651,08.2
DLLS,39,E,13,13,E,0110,1,99,GS-13,11,0110,2,10,F,1,202309,1,113172,12.3
DLLS,53,K,13,07,F,0119,3,99,GS-07,06,XXXX,8,10,P,2,202309,1,060590,19.3
DLLS,11,G,17,12,E,0110,1,99,GS-12,10,0110,8,10,F,1,202309,1,106759,14.0
DLLS,11,F,13,13,E,0110,1,99,GS-13,13,0110,8,10,F,1,202309,1,130683,14.1
DLLS,11,E,13,14,E,0110,1,99,GS-14,14,0110,2,10,F,1,202309,1,141192,14.2
DLLS,11,E,13,13,E,0110,1,99,GS-13,12,0110,8,10,F,1,202309,1,123216,14.2
DLLS,06,J,13,07,G,0119,3,99,GS-07,06,XXXX,8,10,P,2,202309,1,064879,20.0
DLLS,17,E,13,12,E,0110,1,99,GS-12,11,0110,8,10,F,1,202309,1,110736,14.0
DLLS,48,E,13,12,E,0110,1,99,GS-12,10,0110,8,10,F,1,202309,1,100676,13.1
DLLS,51,E,13,13,E,0110,1,99,GS-13,12,0110,8,10,F,1,202309,1,126949,14.1
DLLS,55,E,11,13,E,0110,1,99,GS-13,10,0110,8,10,F,1,202309,1,109788,14.0
DLLS,24,E,13,12,E,0110,1,99,GS-12,11,0110,8,10,F,1,202309,1,113039,14.1
DLLS,11,E,13,13,E,0110,1,99,GS-13,12,0110,8,10,F,1,202309,1,126949,14.0
DLLS,12,E,13,13,E,0110,1,99,GS-13,11,0110,8,10,F,1,202309,1,118948,13.9
DLLS,26,E,13,13,E,0110,1,99,GS-13,11,0110,8,10,F,1,202309,1,114911,13.9
DLLS,12,I,13,07,E,0119,3,99,GS-07,05,XXXX,8,10,P,2,202309,1,056034,13.9
DLLS,06,E,13,05,E,0119,3,99,GS-05,05,XXXX,8,10,P,2,202309,1,057530,13.8
DLLS,51,E,13,14,E,0110,1,99,GS-14,14,0110,2,10,F,1,202309,1,141192,13.8
DLLS,11,E,13,13,E,0110,1,99,GS-13,12,0110,8,10,F,1,202309,1,126949,13.8
DLLS,17,K,13,07,F,0119,3,99,GS-07,06,XXXX,8,10,P,2,202309,1,062426,15.3
DLLS,17,K,21,07,F,0119,3,99,GS-07,06,XXXX,8,10,P,2,202309,1,062426,15.8
DLLS,37,G,07,12,E,0110,1,99,GS-12,08,0110,8,10,F,1,202309,1,084345,13.5
DLLS,06,G,17,12,E,0110,1,99,GS-12,10,0110,8,10,F,1,202309,1,108693,11.2
DLLS,11,E,13,14,E,0110,1,99,GS-14,14,0110,2,10,F,1,202309,1,145604,13.7
DLLS,24,E,13,12,E,0110,1,99,GS-12,12,0110,8,10,F,1,202309,1,122459,13.7
DLLS,24,E,13,13,E,0110,1,99,GS-13,13,0110,2,10,F,1,202309,1,130683,13.7
DLLS,27,J,04,07,E,0119,3,99,GS-07,06,XXXX,8,10,P,2,202309,1,060791,13.7
DLLS,24,E,13,13,E,0110,1,99,GS-13,12,0110,8,10,F,1,202309,1,126949,13.6
DLLS,11,E,13,14,E,0110,1,99,GS-14,15,0110,2,10,F,1,202309,1,150016,13.7
DLLS,36,I,04,06,E,0119,3,99,GS-06,05,XXXX,8,10,P,2,202309,1,057296,13.6
DLLS,24,I,13,12,G,0110,1,99,GS-12,12,0110,8,10,F,1,202309,1,122459,21.3
DLLS,12,J,04,07,E,0119,3,99,GS-07,05,XXXX,8,10,P,2,202309,1,054478,13.5
DLLS,17,G,13,12,G,0110,1,99,GS-12,10,0110,8,10,F,1,202309,1,107660,22.6
DLLS,12,J,17,07,F,0119,3,99,GS-07,05,XXXX,8,10,P,2,202309,1,059709,16.9
DLLS,11,E,13,13,E,0110,1,99,GS-13,12,0110,8,10,F,1,202309,1,123216,13.3
DLLS,51,F,13,13,E,0110,1,99,GS-13,12,0110,8,10,F,1,202309,1,123216,12.7
DLLS,39,E,13,13,E,0110,1,99,GS-13,11,0110,8,10,F,1,202309,1,113172,13.3
DLLS,39,F,17,13,E,0110,1,99,GS-13,11,0110,2,10,F,1,202309,1,113172,13.3
DLLS,53,K,17,12,F,0110,1,99,GS-12,09,0110,8,10,F,1,202309,1,095194,16.9
DLLS,45,K,04,06,D,0119,3,99,GS-06,05,XXXX,8,10,P,2,202309,1,050424,09.2
DLLS,06,K,17,07,E,0119,3,99,GS-07,06,XXXX,8,10,P,2,202309,1,069333,13.3
DLLS,09,H,13,07,E,0119,3,99,GS-07,06,XXXX,8,10,P,2,202309,1,062965,13.2
DLLS,42,H,13,13,D,0110,1,99,GS-13,12,0110,8,10,F,1,202309,1,126629,09.7
DLLS,25,D,13,12,E,0110,1,99,GS-12,12,0110,8,10,F,1,202309,1,121128,13.0
DLLS,11,F,17,13,E,0110,1,99,GS-13,11,0110,8,10,F,1,202309,1,119482,13.0
DLLS,25,J,13,07,E,0119,3,99,GS-07,06,XXXX,8,10,P,2,202309,1,061282,13.4
DLLS,25,J,13,06,E,0119,3,99,GS-06,05,XXXX,8,10,P,2,202309,1,055146,10.3
DLLS,36,J,17,07,E,0119,3,99,GS-07,06,XXXX,8,10,P,2,202309,1,065490,12.9
DLLS,51,E,13,13,E,0110,1,99,GS-13,11,0110,8,10,F,1,202309,1,119482,14.8
DLLS,24,I,07,07,E,0119,3,99,GS-07,06,XXXX,8,10,P,2,202309,1,061955,12.9
DLLS,37,E,13,13,E,0110,1,99,GS-13,11,0110,8,10,F,1,202309,1,111628,12.9
DLLS,06,K,04,06,C,0119,3,99,GS-06,04,XXXX,8,10,P,2,202309,1,044822,03.1
DLLS,11,E,13,13,E,0110,1,99,GS-13,12,0110,8,10,F,1,202309,1,126949,12.8
DLLS,11,F,17,13,E,0110,1,99,GS-13,12,0110,8,10,F,1,202309,1,126949,12.8
DLLS,37,G,13,07,F,0119,3,99,GS-07,06,XXXX,8,10,P,2,202309,1,061620,15.5
DLLS,06,I,13,07,E,0119,3,99,GS-07,06,XXXX,8,10,P,2,202309,1,063077,12.7
DLLS,13,F,13,12,E,0110,1,99,GS-12,09,0110,8,10,F,1,202309,1,099128,12.7
DLLS,48,E,17,13,D,0110,1,99,GS-13,11,0110,8,10,F,1,202309,1,119716,07.8
DLLS,36,K,17,07,E,0119,3,99,GS-07,06,XXXX,8,10,P,2,202309,1,065490,12.5
DLLS,17,K,13,07,D,0119,3,99,GS-07,05,XXXX,8,10,P,2,202309,1,055490,09.4
DLLS,36,K,07,07,F,0119,3,99,GS-07,06,XXXX,8,10,P,2,202309,1,065490,15.5
DLLS,22,F,07,07,E,0119,3,99,GS-07,05,XXXX,8,10,P,2,202309,1,056034,12.5
DLLS,36,K,09,07,E,0119,3,99,GS-07,06,XXXX,8,10,P,2,202309,1,065490,12.3
DLLS,42,J,04,07,E,0119,3,99,GS-07,05,XXXX,8,10,P,2,202309,1,053871,11.0
DLLS,02,K,13,07,E,0119,3,99,GS-07,06,XXXX,8,10,P,2,202309,1,063162,12.3
DLLS,12,I,17,07,E,0119,3,99,GS-07,05,XXXX,8,10,P,2,202309,1,054478,12.3
DLLS,36,H,10,12,E,0110,1,99,GS-12,09,0110,8,10,F,1,202309,1,096808,12.2
DLLS,51,I,04,07,E,0119,3,99,GS-07,05,XXXX,8,10,P,2,202309,1,056760,12.2
DLLS,06,J,13,07,E,0119,3,99,GS-07,06,XXXX,8,10,P,2,202309,1,064879,12.2
DLLS,06,F,17,12,E,0110,1,99,GS-12,11,0110,8,10,F,1,202309,1,112630,12.1
DLLS,51,E,13,13,E,0110,1,99,GS-13,12,0110,8,10,F,1,202309,1,123145,12.1
DLLS,11,D,13,13,E,0110,1,99,GS-13,12,0110,8,10,F,1,202309,1,123216,12.1
DLLS,17,I,04,07,E,0119,3,99,GS-07,06,XXXX,8,10,P,2,202309,1,062426,12.1
DLLS,27,E,17,13,E,0110,1,99,GS-13,11,0110,8,10,F,1,202309,1,117543,10.8
DLLS,36,J,17,12,G,0110,1,99,GS-12,10,0110,8,10,F,1,202309,1,100035,20.8
DLLS,24,E,13,13,E,0110,1,99,GS-13,13,0110,8,10,F,1,202309,1,130683,12.0
DLLS,11,D,13,13,E,0110,1,99,GS-13,13,0110,8,10,F,1,202309,1,130683,11.9
DLLS,24,D,13,13,E,0110,1,99,GS-13,12,0110,8,10,F,1,202309,1,126949,12.0
DLLS,02,J,13,07,E,0119,3,99,GS-07,06,XXXX,8,10,P,2,202309,1,063162,11.9
DLLS,36,H,13,07,E,0119,3,99,GS-07,06,XXXX,8,10,P,2,202309,1,063671,11.9
DLLS,53,E,13,13,E,0110,1,99,GS-13,12,0110,8,10,F,1,202309,1,127803,13.7
DLLS,36,H,17,13,E,0110,1,99,GS-13,13,0110,2,10,F,1,202309,1,130466,11.8
DLLS,25,J,10,07,E,0119,3,99,GS-07,05,XXXX,8,10,P,2,202309,1,057718,11.9
DLLS,11,I,13,14,G,0110,1,99,GS-14,15,0110,2,10,F,1,202309,1,158840,23.0
DLLS,26,J,13,07,E,0119,3,99,GS-07,06,XXXX,8,10,P,2,202309,1,061743,11.8
DLLS,36,J,07,13,E,0110,1,99,GS-13,11,0110,2,10,F,1,202309,1,118955,11.5
DLLS,24,E,04,13,F,0110,1,99,GS-13,12,0110,8,10,F,1,202309,1,123216,15.4
DLLS,46,F,13,07,E,0119,3,99,GS-07,05,XXXX,8,10,P,2,202309,1,054478,11.4
DLLS,18,E,17,12,D,0110,1,99,GS-12,09,0110,8,10,F,1,202309,1,094737,07.9
DLLS,41,D,04,13,D,0110,1,99,GS-13,11,0110,8,10,F,1,202309,1,112709,07.3
DLLS,11,F,17,14,E,0110,1,99,GS-14,14,0110,2,10,F,1,202309,1,145604,11.3
DLLS,24,I,17,13,E,0110,1,99,GS-13,12,0110,8,10,F,1,202309,1,126949,11.3
DLLS,11,E,13,13,E,0110,1,99,GS-13,12,0110,8,10,F,1,202309,1,126949,11.3
DLLS,12,E,17,07,D,0119,3,99,GS-07,05,XXXX,8,10,P,2,202309,1,054733,08.0
DLLS,36,K,11,07,E,0119,3,99,GS-07,05,XXXX,8,10,P,2,202309,1,056034,11.2
DLLS,36,E,13,09,E,0110,1,99,GS-09,06,0110,8,10,F,1,202309,1,068981,11.2
DLLS,39,I,17,07,E,0119,3,99,GS-07,05,XXXX,8,10,P,2,202309,1,054779,10.8
DLLS,09,H,13,07,E,0119,3,99,GS-07,06,XXXX,8,10,P,2,202309,1,061216,11.1
DLLS,11,E,17,14,E,0110,1,99,GS-14,13,0110,8,10,F,1,202309,1,132368,11.1
DLLS,11,G,17,13,E,0110,1,99,GS-13,13,0110,8,10,F,1,202309,1,130683,11.0
DLLS,11,E,13,12,E,0110,1,99,GS-12,10,0110,8,10,F,1,202309,1,109899,11.0
DLLS,42,F,13,12,E,0110,1,99,GS-12,09,0110,8,10,F,1,202309,1,099846,14.0
DLLS,11,H,18,12,E,0110,1,99,GS-12,10,0110,8,10,F,1,202309,1,100479,10.9
DLLS,24,E,17,13,E,0110,1,99,GS-13,13,0110,8,10,F,1,202309,1,130683,11.0
DLLS,01,K,10,07,G,0119,3,99,GS-07,05,XXXX,8,10,P,2,202309,1,056563,24.9
DLLS,48,F,17,12,F,0110,1,99,GS-12,10,0110,8,10,F,1,202309,1,104823,17.0
DLLS,24,F,17,12,E,0110,1,99,GS-12,10,0110,8,10,F,1,202309,1,109899,11.0
DLLS,17,F,17,12,E,0110,1,99,GS-12,10,0110,8,10,F,1,202309,1,107660,10.9
DLLS,06,F,17,12,F,0110,1,99,GS-12,11,0110,8,10,F,1,202309,1,119571,15.3
DLLS,39,H,04,05,B,0119,3,99,GS-05,04,XXXX,8,15,P,2,202309,1,040548,01.6
DLLS,34,E,17,12,E,0110,1,99,GS-12,11,0110,8,10,F,1,202309,1,112943,10.7
DLLS,42,D,13,14,E,0110,1,99,GS-14,12,0110,2,10,F,1,202309,1,127722,10.7
DLLS,42,E,17,12,E,0110,1,99,GS-12,10,0110,8,10,F,1,202309,1,106042,10.7
DLLS,26,H,17,12,E,0110,1,99,GS-12,10,0110,8,10,F,1,202309,1,106482,10.7
DLLS,55,H,13,12,E,0110,1,99,GS-12,10,0110,8,10,F,1,202309,1,103867,10.7
DLLS,42,E,17,12,E,0110,1,99,GS-12,10,0110,8,10,F,1,202309,1,106042,10.7
DLLS,18,E,13,13,E,0110,1,99,GS-13,10,0110,2,10,F,1,202309,1,109340,10.6
DLLS,06,E,13,12,E,0110,1,99,GS-12,11,0110,8,10,F,1,202309,1,111890,10.7
DLLS,17,E,13,12,E,0110,1,99,GS-12,10,0110,8,10,F,1,202309,1,107660,10.7
DLLS,06,E,17,13,E,0110,1,99,GS-13,13,0110,2,10,F,1,202309,1,138122,10.7
DLLS,12,G,17,12,D,0110,1,99,GS-12,09,0110,8,10,F,1,202309,1,093875,09.7
DLLS,11,F,17,13,E,0110,1,99,GS-13,13,0110,8,10,F,1,202309,1,130683,10.6
DLLS,11,D,04,13,D,0110,1,99,GS-13,11,0110,8,10,F,1,202309,1,115749,09.8
DLLS,17,E,17,13,E,0110,1,99,GS-13,12,0110,8,10,F,1,202309,1,128020,10.6
DLLS,11,F,13,13,E,0110,1,99,GS-13,12,0110,8,10,F,1,202309,1,123216,10.6
DLLS,06,J,17,07,E,0119,3,99,GS-07,06,XXXX,8,10,P,2,202309,1,063077,10.6
DLLS,11,G,21,13,E,0110,1,99,GS-13,11,0110,8,10,F,1,202309,1,119482,10.6
DLLS,51,F,17,14,E,0110,1,99,GS-14,14,0110,2,10,F,1,202309,1,141192,10.6
DLLS,06,F,17,07,E,0119,3,99,GS-07,06,XXXX,8,10,P,2,202309,1,067407,10.5
DLLS,06,K,13,07,E,0119,3,99,GS-07,06,XXXX,8,10,P,2,202309,1,063077,10.5
DLLS,11,E,17,13,E,0110,1,99,GS-13,11,0110,2,10,F,1,202309,1,119482,10.5
DLLS,11,E,18,13,E,0110,1,99,GS-13,12,0110,8,10,F,1,202309,1,123216,10.5
DLLS,42,F,13,13,E,0110,1,99,GS-13,11,0110,8,10,F,1,202309,1,115289,10.5
DLLS,42,D,13,13,E,0110,1,99,GS-13,11,0110,4,10,F,1,202309,1,118891,10.4
DLLS,39,H,07,07,F,0119,3,99,GS-07,05,XXXX,8,10,P,2,202309,1,058367,16.7
DLLS,06,E,17,09,C,0110,1,99,GS-09,08,0110,8,15,F,1,202309,1,087162,03.9
DLLS,11,H,13,07,D,0119,3,99,GS-07,05,XXXX,8,10,P,2,202309,1,058415,07.5
DLLS,12,K,04,07,E,0119,3,99,GS-07,05,XXXX,8,10,P,2,202309,1,054478,10.4
DLLS,06,G,13,12,E,0110,1,99,GS-12,10,0110,8,10,F,1,202309,1,105496,10.4
DLLS,36,K,04,06,C,0119,3,99,GS-06,04,XXXX,8,10,P,2,202309,1,044822,04.0
DLLS,12,J,04,06,F,0119,3,99,GS-06,05,XXXX,8,10,P,2,202309,1,050746,18.2
DLLS,06,J,13,11,D,0110,1,99,GS-11,08,0110,8,10,F,1,202309,1,080015,08.3
DLLS,11,E,21,14,E,0110,1,99,GS-14,15,0110,8,10,F,1,202309,1,154428,10.2
DLLS,42,H,13,13,E,0110,1,99,GS-13,11,0110,2,10,F,1,202309,1,115289,11.3
DLLS,06,E,17,11,C,0110,1,99,GS-11,08,0110,8,15,F,1,202309,1,082682,04.7
DLLS,48,H,04,12,D,0110,1,99,GS-12,10,0110,8,10,F,1,202309,1,101828,09.9
DLLS,06,I,17,07,D,0119,3,99,GS-07,06,XXXX,8,10,P,2,202309,1,067407,09.9
DLLS,12,F,17,07,D,0119,3,99,GS-07,05,XXXX,8,10,P,2,202309,1,056392,09.8
DLLS,55,E,17,12,D,0110,1,99,GS-12,09,0110,8,10,F,1,202309,1,098097,09.1
DLLS,48,E,13,12,D,0110,1,99,GS-12,10,0110,8,10,F,1,202309,1,108355,09.8
DLLS,34,I,13,07,D,0119,3,99,GS-07,06,XXXX,8,10,P,2,202309,1,061852,09.7
DLLS,06,H,13,11,D,0110,1,99,GS-11,08,0110,8,10,F,1,202309,1,080015,09.6
DLLS,04,G,07,07,D,0119,3,99,GS-07,05,XXXX,8,10,P,2,202309,1,055165,09.6
DLLS,38,F,17,12,D,0110,1,99,GS-12,09,0110,8,10,F,1,202309,1,093875,09.6
DLLS,17,F,17,12,D,0110,1,99,GS-12,10,0110,8,10,F,1,202309,1,104583,09.6
DLLS,12,G,04,12,D,0110,1,99,GS-12,10,0110,8,10,F,1,202309,1,100031,09.2
DLLS,11,E,13,13,D,0110,1,99,GS-13,12,0110,8,10,F,1,202309,1,123216,09.5
DLLS,29,J,04,07,J,0119,3,99,GS-07,06,XXXX,8,10,P,2,202309,1,062058,38.8
DLLS,11,E,17,13,D,0110,1,99,GS-13,12,0110,8,10,F,1,202309,1,126949,09.3
DLLS,34,E,17,12,D,0110,1,99,GS-12,10,0110,8,10,F,1,202309,1,109716,09.3
DLLS,01,I,10,07,D,0119,3,99,GS-07,05,XXXX,8,10,P,2,202309,1,053335,09.3
DLLS,15,I,10,07,D,0119,3,99,GS-07,05,XXXX,8,10,P,2,202309,1,055043,09.3
DLLS,42,J,13,07,D,0119,3,99,GS-07,05,XXXX,8,10,P,2,202309,1,056287,09.3
DLLS,24,I,04,07,D,0119,3,99,GS-07,06,XXXX,8,10,P,2,202309,1,060185,09.3
DLLS,26,G,13,12,D,0110,1,99,GS-12,09,0110,8,10,F,1,202309,1,091270,09.2
DLLS,21,F,17,13,D,0110,1,99,GS-13,11,0110,8,10,F,1,202309,1,112856,08.2
DLLS,24,D,11,12,D,0110,1,99,GS-12,10,0110,8,10,F,1,202309,1,106759,09.2
DLLS,24,C,11,12,D,0110,1,99,GS-12,10,0110,8,10,F,1,202309,1,106759,09.2
DLLS,36,G,13,06,D,0119,3,99,GS-06,05,XXXX,8,10,P,2,202309,1,055659,09.2
DLLS,51,E,04,13,D,0110,1,99,GS-13,11,0110,8,10,F,1,202309,1,119482,09.2
DLLS,24,D,04,13,D,0110,1,99,GS-13,12,0110,8,10,F,1,202309,1,123216,09.2
DLLS,41,D,13,07,A,0110,1,99,GS-07,05,0110,8,35,F,1,202309,1,050094,00.2
DLLS,25,D,17,14,D,0110,1,99,GS-14,13,0110,2,10,F,1,202309,1,135149,09.1
DLLS,51,E,17,12,D,0110,1,99,GS-12,10,0110,8,10,F,1,202309,1,109899,09.1
DLLS,24,D,13,14,D,0110,1,99,GS-14,13,0110,2,10,F,1,202309,1,132368,09.1
DLLS,25,F,17,13,D,0110,1,99,GS-13,12,0110,8,10,F,1,202309,1,121877,09.0
DLLS,51,E,13,13,D,0110,1,99,GS-13,12,0110,8,10,F,1,202309,1,123216,09.0
DLLS,51,D,13,13,D,0110,1,99,GS-13,10,0110,8,10,F,1,202309,1,108345,09.0
DLLS,51,G,17,13,D,0110,1,99,GS-13,12,0110,8,10,F,1,202309,1,123216,09.0
DLLS,26,E,04,12,D,0110,1,99,GS-12,10,0110,8,10,F,1,202309,1,106482,09.0
DLLS,24,F,13,12,D,0110,1,99,GS-12,10,0110,8,10,F,1,202309,1,100479,09.0
DLLS,51,E,13,13,D,0110,1,99,GS-13,11,0110,8,10,F,1,202309,1,119482,09.0
DLLS,24,J,17,14,D,0110,1,99,GS-14,13,0110,2,10,F,1,202309,1,132368,09.0
DLLS,47,F,17,13,D,0110,1,99,GS-13,10,0110,8,10,F,1,202309,1,108345,09.0
DLLS,13,D,13,12,D,0110,1,99,GS-12,09,0110,8,10,F,1,202309,1,099128,09.0
DLLS,17,D,13,12,D,0110,1,99,GS-12,10,0110,8,10,F,1,202309,1,104583,09.0
DLLS,29,J,17,13,F,0110,1,99,GS-13,10,0110,2,10,F,1,202309,1,106577,19.8
DLLS,06,G,17,13,D,0110,1,99,GS-13,12,0110,8,10,F,1,202309,1,121646,09.0
DLLS,06,E,13,11,D,0110,1,99,GS-11,08,0110,8,10,F,1,202309,1,080015,08.9
DLLS,17,E,04,12,D,0110,1,99,GS-12,09,0110,8,10,F,1,202309,1,098431,08.9
DLLS,24,D,04,13,D,0110,1,99,GS-13,12,0110,8,10,F,1,202309,1,123216,08.9
DLLS,13,F,17,13,D,0110,1,99,GS-13,11,0110,2,10,F,1,202309,1,110942,08.9
DLLS,12,G,17,12,D,0110,1,99,GS-12,10,0110,8,10,F,1,202309,1,100031,08.9
DLLS,06,D,17,13,D,0110,1,99,GS-13,12,0110,8,10,F,1,202309,1,121646,08.9
DLLS,37,K,04,07,E,0119,3,99,GS-07,05,XXXX,8,10,P,2,202309,1,055134,13.4
DLLS,51,D,13,13,D,0110,1,99,GS-13,10,0110,2,10,F,1,202309,1,109463,08.8
DLLS,42,E,13,14,D,0110,1,99,GS-14,14,0110,2,10,F,1,202309,1,140494,08.8
DLLS,36,E,14,13,D,0110,1,99,GS-13,12,0110,2,10,F,1,202309,1,122792,08.8
DLLS,39,K,07,07,D,0119,3,99,GS-07,05,XXXX,8,10,P,2,202309,1,055124,08.8
DLLS,37,I,13,07,D,0119,3,99,GS-07,05,XXXX,8,10,P,2,202309,1,053889,08.8
DLLS,11,E,04,12,D,0110,1,99,GS-12,10,0110,8,10,F,1,202309,1,106759,08.8
DLLS,06,E,04,12,D,0110,1,99,GS-12,11,0110,8,10,F,1,202309,1,116155,08.4
DLLS,39,H,04,05,A,0119,3,99,GS-05,03,XXXX,8,15,P,2,202309,1,039375,00.8
DLLS,17,G,17,12,D,0110,1,99,GS-12,10,0110,8,10,F,1,202309,1,101507,06.7
DLLS,51,D,17,13,D,0110,1,99,GS-13,12,0110,8,10,F,1,202309,1,123216,08.3
DLLS,13,F,17,13,D,0110,1,99,GS-13,10,0110,2,10,F,1,202309,1,104008,08.3
DLLS,24,D,13,12,D,0110,1,99,GS-12,10,0110,8,10,F,1,202309,1,103619,07.3
DLLS,24,D,17,12,D,0110,1,99,GS-12,10,0110,8,10,F,1,202309,1,106759,07.1
DLLS,04,K,04,07,D,0119,3,99,GS-07,05,XXXX,8,10,P,2,202309,1,053543,08.3
DLLS,29,D,17,07,D,0110,1,99,GS-07,06,0110,8,15,F,1,202309,1,061579,08.1
DLLS,42,D,13,13,D,0110,1,99,GS-13,10,0110,2,10,F,1,202309,1,108084,08.1
DLLS,06,C,04,13,D,0110,1,99,GS-13,12,0110,2,10,F,1,202309,1,125935,07.1
DLLS,26,D,17,12,D,0110,1,99,GS-12,10,0110,8,10,F,1,202309,1,100397,08.1
DLLS,51,D,13,12,D,0110,1,99,GS-12,09,0110,8,10,F,1,202309,1,097339,08.0
DLLS,11,D,13,14,D,0110,1,99,GS-14,13,0110,2,10,F,1,202309,1,136780,08.0
DLLS,11,D,13,13,D,0110,1,99,GS-13,11,0110,8,10,F,1,202309,1,112015,08.0
DLLS,11,G,17,13,E,0110,1,99,GS-13,11,0110,8,10,F,1,202309,1,119482,13.0
DLLS,11,D,13,13,D,0110,1,99,GS-13,12,0110,8,10,F,1,202309,1,123216,08.0
DLLS,51,D,13,13,D,0110,1,99,GS-13,12,0110,8,10,F,1,202309,1,123216,08.0
DLLS,11,E,17,13,D,0110,1,99,GS-13,12,0110,8,10,F,1,202309,1,123216,08.0
DLLS,24,E,13,13,D,0110,1,99,GS-13,11,0110,8,10,F,1,202309,1,119482,07.9
DLLS,51,D,04,12,D,0110,1,99,GS-12,10,0110,8,10,F,1,202309,1,103619,07.9
DLLS,24,E,13,13,D,0110,1,99,GS-13,11,0110,2,10,F,1,202309,1,115749,07.9
DLLS,12,I,13,12,D,0110,1,99,GS-12,09,0110,8,10,F,1,202309,1,097089,07.9
DLLS,06,K,13,07,D,0119,3,99,GS-07,05,XXXX,8,10,P,2,202309,1,059967,07.9
DLLS,06,D,13,12,D,0110,1,99,GS-12,10,0110,8,10,F,1,202309,1,105496,07.9
DLLS,06,D,13,13,D,0110,1,99,GS-13,12,0110,2,10,F,1,202309,1,129997,07.9
DLLS,17,D,13,12,D,0110,1,99,GS-12,10,0110,8,10,F,1,202309,1,101507,07.9
DLLS,12,I,17,12,D,0110,1,99,GS-12,09,0110,8,10,F,1,202309,1,097089,07.8
DLLS,49,D,04,05,C,0119,3,99,GS-05,04,XXXX,8,10,P,2,202309,1,043981,03.8
DLLS,25,D,13,12,D,0110,1,99,GS-12,10,0110,8,10,F,1,202309,1,102493,07.7
DLLS,48,J,04,07,D,0119,3,99,GS-07,05,XXXX,8,10,P,2,202309,1,055717,08.0
DLLS,11,I,04,07,D,0119,3,99,GS-07,05,XXXX,8,10,P,2,202309,1,058415,07.6
DLLS,17,F,13,12,D,0110,1,99,GS-12,10,0110,8,10,F,1,202309,1,101507,07.6
DLLS,17,E,17,12,D,0110,1,99,GS-12,10,0110,8,10,F,1,202309,1,107660,07.6
DLLS,08,D,04,05,D,0119,3,99,GS-05,04,XXXX,8,10,P,2,202309,1,043149,07.5
DLLS,29,D,04,13,D,0110,1,99,GS-13,09,0110,8,10,F,1,202309,1,099916,07.5
DLLS,26,F,04,07,D,0119,3,99,GS-07,05,XXXX,8,10,P,2,202309,1,056598,07.4
DLLS,25,I,09,07,D,0119,3,99,GS-07,05,XXXX,8,10,P,2,202309,1,057780,07.4
DLLS,36,J,04,07,D,0119,3,99,GS-07,05,XXXX,8,10,P,2,202309,1,051365,07.4
DLLS,36,I,13,06,D,0119,3,99,GS-06,05,XXXX,8,10,P,2,202309,1,054023,07.4
DLLS,36,E,17,13,D,0110,1,99,GS-13,12,0110,2,10,F,1,202309,1,122792,07.4
DLLS,11,D,17,13,D,0110,1,99,GS-13,12,0110,8,10,F,1,202309,1,123216,07.4
DLLS,54,J,13,07,D,0119,3,99,GS-07,05,XXXX,8,10,P,2,202309,1,051365,07.4
DLLS,54,I,04,06,D,0119,3,99,GS-06,04,XXXX,8,10,P,2,202309,1,047623,07.4
DLLS,21,K,13,07,D,0119,3,99,GS-07,05,XXXX,8,10,P,2,202309,1,052921,07.3
DLLS,17,D,13,13,D,0110,1,99,GS-13,11,0110,8,10,F,1,202309,1,117047,07.3
DLLS,11,D,13,13,D,0110,1,99,GS-13,11,0110,8,10,F,1,202309,1,119482,07.3
DLLS,11,F,17,13,D,0110,1,99,GS-13,11,0110,8,10,F,1,202309,1,119482,07.3
DLLS,51,D,04,13,D,0110,1,99,GS-13,10,0110,8,10,F,1,202309,1,109463,07.3
DLLS,13,C,13,13,D,0110,1,99,GS-13,10,0110,8,10,F,1,202309,1,107475,07.3
DLLS,11,D,17,12,D,0110,1,99,GS-12,10,0110,8,10,F,1,202309,1,103619,07.3
DLLS,24,G,13,13,D,0110,1,99,GS-13,12,0110,8,10,F,1,202309,1,123216,07.3
DLLS,06,D,13,12,D,0110,1,99,GS-12,10,0110,8,10,F,1,202309,1,105496,07.3
DLLS,06,D,04,14,D,0110,1,99,GS-14,14,0110,2,10,F,1,202309,1,144017,07.3
DLLS,11,C,13,13,C,0110,1,99,GS-13,11,0110,8,10,F,1,202309,1,112015,04.4
DLLS,24,C,13,13,D,0110,1,99,GS-13,11,0110,8,10,F,1,202309,1,119482,06.7
DLLS,11,E,13,13,D,0110,1,99,GS-13,11,0110,8,10,F,1,202309,1,112015,06.3
DLLS,24,D,13,13,D,0110,1,99,GS-13,11,0110,8,10,F,1,202309,1,115749,06.2
DLLS,29,C,04,12,D,0110,1,99,GS-12,09,0110,8,10,F,1,202309,1,090324,07.3
DLLS,24,D,11,12,D,0110,1,99,GS-12,09,0110,8,10,F,1,202309,1,097339,06.7
DLLS,11,E,04,15,D,0110,1,99,GS-15,17,0110,2,10,F,1,202309,1,176458,07.3
DLLS,11,C,13,12,D,0110,1,99,GS-12,10,0110,8,10,F,1,202309,1,103619,06.2
DLLS,11,C,13,12,D,0110,1,99,GS-12,10,0110,8,10,F,1,202309,1,103619,07.2
DLLS,48,E,17,07,D,0119,3,99,GS-07,05,XXXX,8,10,P,2,202309,1,052026,07.2
DLLS,25,F,13,13,D,0110,1,99,GS-13,11,0110,8,10,F,1,202309,1,118184,07.2
DLLS,51,D,17,13,D,0110,1,99,GS-13,12,0110,8,10,F,1,202309,1,123216,07.2
DLLS,13,G,13,12,D,0110,1,99,GS-12,08,0110,8,10,F,1,202309,1,087466,07.9
DLLS,11,C,13,14,D,0110,1,99,GS-14,13,0110,8,10,F,1,202309,1,136780,07.1
DLLS,13,C,13,12,D,0110,1,99,GS-12,09,0110,8,10,F,1,202309,1,096213,07.1
DLLS,48,G,21,13,D,0110,1,99,GS-13,11,0110,2,10,F,1,202309,1,113963,05.8
DLLS,11,F,13,12,E,0110,1,99,GS-12,10,0110,8,10,F,1,202309,1,103619,11.1
DLLS,06,D,13,12,D,0110,1,99,GS-12,10,0110,8,10,F,1,202309,1,105906,06.4
DLLS,08,D,04,12,D,0110,1,99,GS-12,10,0110,8,10,F,1,202309,1,100929,07.0
DLLS,48,G,13,13,D,0110,1,99,GS-13,11,0110,2,10,F,1,202309,1,113963,07.0
DLLS,11,E,17,12,C,0110,1,99,GS-12,10,0110,8,10,F,1,202309,1,100479,04.9
DLLS,47,I,13,12,D,0110,1,99,GS-12,09,0110,8,10,F,1,202309,1,091113,06.9
DLLS,48,D,13,11,D,0110,1,99,GS-11,07,0110,8,10,F,1,202309,1,077460,06.9
DLLS,42,C,13,14,D,0110,1,99,GS-14,12,0110,8,10,F,1,202309,1,127722,06.9
DLLS,25,C,13,13,D,0110,1,99,GS-13,11,0110,8,10,F,1,202309,1,118184,06.8
DLLS,11,H,21,14,D,0110,1,99,GS-14,17,0110,8,10,F,1,202309,1,172075,06.8
DLLS,24,D,17,13,D,0110,1,99,GS-13,12,0110,8,10,F,1,202309,1,126949,06.8
DLLS,24,E,17,13,D,0110,1,99,GS-13,11,0110,8,10,F,1,202309,1,119482,06.8
DLLS,06,K,13,07,D,0119,3,99,GS-07,05,XXXX,8,10,P,2,202309,1,059473,06.8
DLLS,36,D,13,13,D,0110,1,99,GS-13,12,0110,2,10,F,1,202309,1,122792,06.8
DLLS,36,G,04,06,D,0119,3,99,GS-06,05,XXXX,8,10,P,2,202309,1,054023,06.8
DLLS,49,K,04,07,H,0119,3,99,GS-07,05,XXXX,8,10,P,2,202309,1,059147,28.9
DLLS,42,D,13,12,D,0110,1,99,GS-12,09,0110,8,10,F,1,202309,1,099982,06.2
DLLS,51,D,13,12,D,0110,1,99,GS-12,10,0110,8,10,F,1,202309,1,103619,06.0
DLLS,34,C,13,12,D,0110,1,99,GS-12,10,0110,8,10,F,1,202309,1,103262,05.1
DLLS,29,D,04,12,D,0110,1,99,GS-12,09,0110,8,10,F,1,202309,1,092427,06.7
DLLS,53,C,13,12,D,0110,1,99,GS-12,10,0110,8,10,F,1,202309,1,101335,06.7
DLLS,11,D,17,13,D,0110,1,99,GS-13,12,0110,8,10,F,1,202309,1,123216,06.7
DLLS,11,C,13,12,D,0110,1,99,GS-12,10,0110,8,10,F,1,202309,1,103619,06.2
DLLS,11,D,13,12,C,0110,1,99,GS-12,09,0110,8,10,F,1,202309,1,094199,03.0
DLLS,48,I,17,11,F,0110,1,99,GS-11,08,0110,8,10,F,1,202309,1,084955,18.0
DLLS,13,D,04,12,D,0110,1,99,GS-12,08,0110,8,10,F,1,202309,1,087466,06.7
DLLS,**,C,17,12,D,0110,1,99,GS-12,10,0110,8,10,F,1,202309,1,103619,06.3
DLLS,13,D,04,12,D,0110,1,99,GS-12,09,0110,8,10,F,1,202309,1,096213,06.7
DLLS,11,D,17,12,D,0110,1,99,GS-12,10,0110,8,10,F,1,202309,1,100479,05.9
DLLS,18,E,13,06,D,0119,3,99,GS-06,04,XXXX,8,15,P,2,202309,1,046223,06.7
DLLS,48,J,04,07,F,0119,3,99,GS-07,05,XXXX,8,10,P,2,202309,1,055717,16.7
DLLS,51,D,17,12,D,0110,1,99,GS-12,10,0110,8,10,F,1,202309,1,103619,06.7
DLLS,22,H,04,06,D,0119,3,99,GS-06,04,XXXX,8,10,P,2,202309,1,047623,06.7
DLLS,22,E,04,07,D,0119,3,99,GS-07,05,XXXX,8,10,P,2,202309,1,051365,06.7
DLLS,27,E,13,12,D,0110,1,99,GS-12,09,0110,8,10,F,1,202309,1,098848,06.7
DLLS,53,E,17,14,D,0110,1,99,GS-14,15,0110,8,10,F,1,202309,1,151024,06.7
DLLS,41,E,13,13,D,0110,1,99,GS-13,10,0110,2,10,F,1,202309,1,105666,06.7
DLLS,34,G,04,06,D,0119,3,99,GS-06,05,XXXX,8,10,P,2,202309,1,055659,06.7
DLLS,11,C,17,11,B,0110,1,99,GS-11,07,0110,8,15,F,1,202309,1,078592,02.1
DLLS,24,J,04,06,C,0119,3,99,GS-06,04,XXXX,8,10,P,2,202309,1,049382,03.0
DLLS,**,C,13,12,D,0110,1,99,GS-12,09,0110,8,10,F,1,202309,1,097339,05.2
DLLS,11,C,13,12,C,0110,1,99,GS-12,09,0110,8,10,F,1,202309,1,094199,03.2
DLLS,42,F,13,12,C,0110,1,99,GS-12,09,0110,8,10,F,1,202309,1,093923,04.9
DLLS,48,J,04,06,F,0119,3,99,GS-06,05,XXXX,8,10,P,2,202309,1,059252,16.9
DLLS,29,E,17,11,D,0110,1,99,GS-11,07,0110,8,10,F,1,202309,1,077713,05.1
DLLS,29,E,17,07,C,0119,3,99,GS-07,04,XXXX,8,10,P,2,202309,1,049329,04.1
DLLS,11,G,04,12,C,0110,1,99,GS-12,09,0110,8,10,F,1,202309,1,097339,03.9
DLLS,37,E,13,12,D,0110,1,99,GS-12,08,0110,8,15,F,1,202309,1,084345,05.4
DLLS,45,J,13,05,B,0119,3,99,GS-05,04,XXXX,8,15,P,2,202309,1,042724,01.8
DLLS,08,B,13,07,C,0110,1,99,GS-07,05,0110,8,35,F,1,202309,1,051726,04.6
DLLS,37,F,17,06,D,0119,3,99,GS-06,04,XXXX,8,10,P,2,202309,1,046223,05.3
DLLS,55,J,04,07,D,0119,3,99,GS-07,05,XXXX,8,10,P,2,202309,1,052049,05.3
DLLS,05,J,04,07,D,0119,3,99,GS-07,04,XXXX,8,10,P,2,202309,1,049808,05.3
DLLS,20,D,04,07,D,0119,3,99,GS-07,04,XXXX,8,10,P,2,202309,1,048252,05.3
DLLS,20,C,17,07,D,0119,3,99,GS-07,06,XXXX,8,10,P,2,202309,1,060703,05.3
DLLS,05,D,13,07,D,0119,3,99,GS-07,04,XXXX,8,10,P,2,202309,1,049808,05.3
DLLS,17,G,17,05,B,0119,3,99,GS-05,05,XXXX,8,15,P,2,202309,1,054600,01.0
DLLS,11,B,04,12,C,0110,1,99,GS-12,09,0110,8,10,F,1,202309,1,094199,03.1
DLLS,34,I,04,05,D,0119,3,99,GS-05,04,XXXX,8,10,P,2,202309,1,049934,05.2
DLLS,34,E,04,06,D,0119,3,99,GS-06,05,XXXX,8,10,P,2,202309,1,054023,05.2
DLLS,42,E,10,07,D,0119,3,99,GS-07,05,XXXX,8,10,P,2,202309,1,052949,05.2
DLLS,51,C,17,13,D,0110,1,99,GS-13,11,0110,8,10,F,1,202309,1,112015,05.2
DLLS,48,G,04,06,C,0119,3,99,GS-06,05,XXXX,8,10,P,2,202309,1,059252,04.1
DLLS,26,J,04,07,D,0119,3,99,GS-07,05,XXXX,8,10,P,2,202309,1,054883,05.2
DLLS,55,I,04,07,D,0119,3,99,GS-07,05,XXXX,8,10,P,2,202309,1,052049,05.2
DLLS,31,J,04,07,D,0119,3,99,GS-07,04,XXXX,8,10,P,2,202309,1,049808,05.2
DLLS,24,D,13,12,D,0110,1,99,GS-12,10,0110,8,10,F,1,202309,1,100479,05.0
DLLS,25,G,04,06,D,0119,3,99,GS-06,05,XXXX,8,10,P,2,202309,1,051995,05.2
DLLS,34,C,13,13,D,0110,1,99,GS-13,10,0110,8,10,F,1,202309,1,108084,05.0
DLLS,06,C,13,13,D,0110,1,99,GS-13,11,0110,8,10,F,1,202309,1,114044,05.0
DLLS,11,D,17,13,D,0110,1,99,GS-13,11,0110,8,10,F,1,202309,1,112015,05.0
DLLS,51,E,17,13,D,0110,1,99,GS-13,11,0110,8,10,F,1,202309,1,112015,05.1
DLLS,17,E,13,12,D,0110,1,99,GS-12,08,0110,8,10,F,1,202309,1,088352,05.1
DLLS,51,E,13,12,D,0110,1,99,GS-12,10,0110,8,10,F,1,202309,1,100479,09.1
DLLS,11,C,13,13,D,0110,1,99,GS-13,11,0110,8,10,F,1,202309,1,112015,05.0
DLLS,15,J,04,07,C,0119,3,99,GS-07,05,XXXX,8,10,P,2,202309,1,059899,04.3
DLLS,11,J,04,07,D,0119,3,99,GS-07,05,XXXX,8,10,P,2,202309,1,054875,05.0
DLLS,25,D,13,13,C,0110,1,99,GS-13,11,0110,8,10,F,1,202309,1,114491,04.9
DLLS,42,D,13,13,C,0110,1,99,GS-13,10,0110,8,10,F,1,202309,1,101768,04.9
DLLS,11,G,13,12,C,0110,1,99,GS-12,10,0110,8,10,F,1,202309,1,100479,04.9
DLLS,11,D,17,13,C,0110,1,99,GS-13,11,0110,8,10,F,1,202309,1,112015,04.9
DLLS,48,J,04,07,C,0119,3,99,GS-07,05,XXXX,8,10,P,2,202309,1,053898,03.7
DLLS,37,C,04,12,C,0110,1,99,GS-12,08,0110,8,10,F,1,202309,1,087156,04.9
DLLS,42,C,13,12,C,0110,1,99,GS-12,09,0110,8,10,F,1,202309,1,093923,04.9
DLLS,11,C,13,13,C,0110,1,99,GS-13,11,0110,8,10,F,1,202309,1,112015,04.9
DLLS,25,C,13,12,C,0110,1,99,GS-12,09,0110,8,10,F,1,202309,1,096281,04.8
DLLS,48,F,17,12,C,0110,1,99,GS-12,08,0110,8,10,F,1,202309,1,089848,04.8
DLLS,51,D,17,12,C,0110,1,99,GS-12,10,0110,8,10,F,1,202309,1,100479,04.8
DLLS,06,I,13,05,D,0119,3,99,GS-05,06,XXXX,8,15,P,2,202309,1,060641,06.1
DLLS,36,F,11,11,C,0110,1,99,GS-11,08,0110,8,10,F,1,202309,1,080769,04.8
DLLS,11,G,13,12,C,0110,1,99,GS-12,09,0110,8,10,F,1,202309,1,097339,04.8
DLLS,29,I,13,05,A,0119,3,99,GS-05,04,XXXX,8,15,P,2,202309,1,042392,00.2
DLLS,17,K,04,07,C,0119,3,99,GS-07,05,XXXX,8,10,P,2,202309,1,055490,04.8
DLLS,17,H,04,07,C,0119,3,99,GS-07,05,XXXX,8,10,P,2,202309,1,055490,04.8
DLLS,17,F,17,12,C,0110,1,99,GS-12,09,0110,8,10,F,1,202309,1,098431,04.8
DLLS,11,C,13,12,C,0110,1,99,GS-12,09,0110,8,10,F,1,202309,1,097339,04.8
DLLS,51,C,17,12,C,0110,1,99,GS-12,08,0110,8,10,F,1,202309,1,089177,04.8
DLLS,11,D,13,12,C,0110,1,99,GS-12,09,0110,8,10,F,1,202309,1,097339,04.7
DLLS,11,C,13,12,C,0110,1,99,GS-12,09,0110,8,10,F,1,202309,1,097339,04.7
DLLS,24,D,13,12,C,0110,1,99,GS-12,09,0110,8,10,F,1,202309,1,097339,04.7
DLLS,25,I,17,12,C,0110,1,99,GS-12,09,0110,8,10,F,1,202309,1,096281,04.7
DLLS,11,C,13,13,C,0110,1,99,GS-13,11,0110,8,10,F,1,202309,1,112015,04.6
DLLS,36,F,17,12,C,0110,1,99,GS-12,10,0110,8,10,F,1,202309,1,103262,04.6
DLLS,42,C,13,12,C,0110,1,99,GS-12,09,0110,8,10,F,1,202309,1,093923,04.6
DLLS,42,D,13,12,C,0110,1,99,GS-12,08,0110,8,10,F,1,202309,1,087127,04.6
DLLS,12,D,17,12,C,0110,1,99,GS-12,08,0110,8,10,F,1,202309,1,088352,04.5
DLLS,42,C,13,13,C,0110,1,99,GS-13,10,0110,2,10,F,1,202309,1,108084,04.5
DLLS,11,H,04,07,C,0119,3,99,GS-07,05,XXXX,8,10,P,2,202309,1,054875,04.5
DLLS,48,I,04,06,C,0119,3,99,GS-06,05,XXXX,8,15,P,2,202309,1,059818,03.5
DLLS,25,I,04,06,D,0119,3,99,GS-06,04,XXXX,8,10,P,2,202309,1,048845,06.0
DLLS,42,E,13,12,C,0110,1,99,GS-12,09,0110,8,10,F,1,202309,1,093923,04.5
DLLS,25,K,04,07,C,0119,3,99,GS-07,05,XXXX,8,10,P,2,202309,1,054220,04.5
DLLS,11,C,17,12,C,0110,1,99,GS-12,09,0110,8,10,F,1,202309,1,094199,04.3
DLLS,42,E,10,07,C,0119,3,99,GS-07,05,XXXX,8,10,P,2,202309,1,052949,04.3
DLLS,54,I,04,06,C,0119,3,99,GS-06,04,XXXX,8,10,P,2,202309,1,044822,04.3
DLLS,29,F,04,06,C,0119,3,99,GS-06,04,XXXX,8,10,P,2,202309,1,045823,04.3
DLLS,36,E,13,13,C,0110,1,99,GS-13,11,0110,2,10,F,1,202309,1,118955,04.3
DLLS,53,F,04,07,C,0119,3,99,GS-07,05,XXXX,8,10,P,2,202309,1,051934,04.3
DLLS,48,J,13,07,C,0119,3,99,GS-07,04,XXXX,8,10,P,2,202309,1,048252,04.3
DLLS,11,C,17,12,C,0110,1,99,GS-12,09,0110,8,15,F,1,202309,1,094199,04.3
DLLS,51,C,13,12,C,0110,1,99,GS-12,09,0110,8,10,F,1,202309,1,097339,03.3
DLLS,06,E,04,07,C,0119,3,99,GS-07,05,XXXX,8,10,P,2,202309,1,059704,04.3
DLLS,42,I,13,07,C,0119,3,99,GS-07,05,XXXX,8,10,P,2,202309,1,051241,04.3
DLLS,11,E,17,13,C,0110,1,99,GS-13,11,0110,8,10,F,1,202309,1,119482,04.2
DLLS,11,J,04,07,C,0119,3,99,GS-07,05,XXXX,8,10,P,2,202309,1,053105,04.2
DLLS,36,C,17,13,C,0110,1,99,GS-13,11,0110,8,10,F,1,202309,1,115118,04.2
DLLS,11,C,13,13,C,0110,1,99,GS-13,11,0110,8,10,F,1,202309,1,112015,04.2
DLLS,24,C,17,12,C,0110,1,99,GS-12,09,0110,8,10,F,1,202309,1,097339,04.1
DLLS,24,C,13,12,C,0110,1,99,GS-12,09,0110,8,10,F,1,202309,1,097339,04.1
DLLS,39,C,17,12,C,0110,1,99,GS-12,09,0110,8,10,F,1,202309,1,092031,04.1
DLLS,31,J,04,07,C,0119,3,99,GS-07,04,XXXX,8,10,P,2,202309,1,048674,04.1
DLLS,15,G,17,06,C,0119,3,99,GS-06,04,XXXX,8,10,P,2,202309,1,046619,04.1
DLLS,11,C,04,12,C,0110,1,99,GS-12,09,0110,8,15,F,1,202309,1,097339,03.8
DLLS,25,J,04,07,C,0119,3,99,GS-07,05,XXXX,8,10,P,2,202309,1,054278,04.1
DLLS,36,K,04,05,C,0119,3,99,GS-05,04,XXXX,8,10,P,2,202309,1,048465,04.1
DLLS,51,C,13,12,C,0110,1,99,GS-12,09,0110,8,10,F,1,202309,1,097339,04.1
DLLS,11,D,04,13,C,0110,1,99,GS-13,13,0110,8,10,F,1,202309,1,134416,04.1
DLLS,06,C,04,12,C,0110,1,99,GS-12,09,0110,8,10,F,1,202309,1,099102,04.1
DLLS,11,D,21,14,C,0110,1,99,GS-14,14,0110,8,10,F,1,202309,1,141192,04.1
DLLS,25,C,13,12,C,0110,1,99,GS-12,09,0110,8,10,F,1,202309,1,093175,04.0
DLLS,11,D,13,12,C,0110,1,99,GS-12,09,0110,8,10,F,1,202309,1,097339,04.0
DLLS,11,C,13,12,C,0110,1,99,GS-12,09,0110,8,10,F,1,202309,1,097339,04.0
DLLS,24,F,13,12,C,0110,1,99,GS-12,09,0110,8,10,F,1,202309,1,097339,04.0
DLLS,39,D,21,14,C,0110,1,99,GS-14,14,0110,8,10,F,1,202309,1,141839,04.0
DLLS,45,E,21,13,C,0110,1,99,GS-13,10,0110,8,10,F,1,202309,1,106983,04.0
DLLS,11,C,13,12,C,0110,1,99,GS-12,09,0110,8,10,F,1,202309,1,094199,04.0
DLLS,48,K,04,06,C,0119,3,99,GS-06,04,XXXX,8,10,P,2,202309,1,048620,04.0
DLLS,11,D,13,12,C,0110,1,99,GS-12,09,0110,8,10,F,1,202309,1,094199,03.9
DLLS,17,I,04,07,C,0119,3,99,GS-07,05,XXXX,8,10,P,2,202309,1,052022,03.9
DLLS,45,E,13,06,C,0119,3,99,GS-06,04,XXXX,8,10,P,2,202309,1,044822,03.9
DLLS,51,D,17,12,C,0110,1,99,GS-12,09,0110,8,10,F,1,202309,1,097339,03.8
DLLS,18,H,04,07,C,0119,3,99,GS-07,04,XXXX,8,10,P,2,202309,1,048695,03.8
DLLS,41,F,17,12,C,0110,1,99,GS-12,08,0110,8,10,F,1,202309,1,088860,03.8
DLLS,24,E,04,07,C,0119,3,99,GS-07,05,XXXX,8,10,P,2,202309,1,053105,03.8
DLLS,31,K,04,05,B,0119,3,99,GS-05,04,XXXX,8,15,P,2,202309,1,049438,01.2
DLLS,17,C,13,09,C,0110,1,99,GS-09,07,0110,8,10,F,1,202309,1,078479,03.8
DLLS,36,E,17,12,C,0110,1,99,GS-12,09,0110,8,10,F,1,202309,1,096808,03.8
DLLS,25,K,04,05,B,0119,3,99,GS-05,05,XXXX,8,15,P,2,202309,1,055130,01.2
DLLS,06,F,04,06,B,0119,3,99,GS-06,06,XXXX,8,15,P,2,202309,1,063247,01.9
DLLS,36,C,13,12,C,0110,1,99,GS-12,09,0110,8,10,F,1,202309,1,096808,03.7
DLLS,17,C,17,11,C,0110,1,99,GS-11,07,0110,8,10,F,1,202309,1,079556,03.7
DLLS,26,G,04,07,C,0119,3,99,GS-07,05,XXXX,8,10,P,2,202309,1,053168,03.7
DLLS,48,C,04,06,C,0119,3,99,GS-06,05,XXXX,8,10,P,2,202309,1,050120,03.7
DLLS,11,C,17,11,B,0110,1,99,GS-11,07,0110,8,15,F,1,202309,1,078592,02.0
DLLS,39,J,13,07,C,0119,3,99,GS-07,04,XXXX,8,10,P,2,202309,1,048640,03.7
DLLS,48,J,04,07,C,0119,3,99,GS-07,04,XXXX,8,10,P,2,202309,1,047297,03.7
DLLS,36,K,04,05,C,0119,3,99,GS-05,04,XXXX,8,10,P,2,202309,1,041467,03.6
DLLS,42,J,17,06,B,0119,3,99,GS-06,04,XXXX,8,15,P,2,202309,1,046112,02.0
DLLS,39,D,13,06,C,0119,3,99,GS-06,04,XXXX,8,10,P,2,202309,1,045356,03.6
DLLS,17,J,04,07,C,0119,3,99,GS-07,05,XXXX,8,10,P,2,202309,1,052022,03.6
DLLS,29,D,04,07,C,0110,1,99,GS-07,04,0110,8,10,F,1,202309,1,047738,03.6
DLLS,28,J,04,06,C,0119,3,99,GS-06,04,XXXX,8,10,P,2,202309,1,043422,03.6
DLLS,11,B,17,07,A,0110,1,99,GS-07,05,0110,8,35,F,1,202309,1,053105,00.1
DLLS,27,C,13,09,C,0110,1,99,GS-09,07,0110,8,15,F,1,202309,1,070443,03.3
DLLS,11,B,13,11,B,0110,1,99,GS-11,07,0110,8,15,F,1,202309,1,078592,02.0
DLLS,42,I,04,07,C,0119,3,99,GS-07,04,XXXX,8,10,P,2,202309,1,048247,03.5
DLLS,42,G,13,06,C,0119,3,99,GS-06,04,XXXX,8,10,P,2,202309,1,047649,03.5
DLLS,11,C,04,13,C,0110,1,99,GS-13,11,0110,8,10,F,1,202309,1,112015,03.5
DLLS,11,C,04,12,C,0110,1,99,GS-12,09,0110,8,10,F,1,202309,1,094199,03.5
DLLS,39,K,17,07,C,0119,3,99,GS-07,04,XXXX,8,10,P,2,202309,1,048607,03.5
DLLS,20,E,04,06,C,0119,3,99,GS-06,04,XXXX,8,10,P,2,202309,1,043422,03.5
DLLS,49,K,04,05,C,0119,3,99,GS-05,04,XXXX,8,10,P,2,202309,1,040210,03.5
DLLS,51,E,17,12,C,0110,1,99,GS-12,09,0110,8,10,F,1,202309,1,097339,03.5
DLLS,11,C,04,12,C,0110,1,99,GS-12,09,0110,8,10,F,1,202309,1,094199,03.4
DLLS,11,C,13,12,C,0110,1,99,GS-12,09,0110,8,10,F,1,202309,1,094199,03.4
DLLS,24,E,13,12,C,0110,1,99,GS-12,09,0110,8,10,F,1,202309,1,094199,03.4
DLLS,24,D,04,12,C,0110,1,99,GS-12,09,0110,8,10,F,1,202309,1,094199,04.8
DLLS,42,C,13,12,C,0110,1,99,GS-12,09,0110,8,10,F,1,202309,1,090893,03.4
DLLS,17,C,13,12,C,0110,1,99,GS-12,09,0110,8,10,F,1,202309,1,092279,03.4
DLLS,48,I,04,06,C,0119,3,99,GS-06,04,XXXX,8,10,P,2,202309,1,047101,03.5
DLLS,27,C,04,12,C,0110,1,99,GS-12,09,0110,8,10,F,1,202309,1,092857,03.4
DLLS,29,K,04,06,C,0119,3,99,GS-06,04,XXXX,8,10,P,2,202309,1,044391,03.4
DLLS,11,C,04,12,C,0110,1,99,GS-12,09,0110,8,10,F,1,202309,1,094199,03.4
DLLS,51,D,04,12,C,0110,1,99,GS-12,09,0110,8,10,F,1,202309,1,094199,03.4
DLLS,42,C,04,12,C,0110,1,99,GS-12,09,0110,8,10,F,1,202309,1,090893,03.4
DLLS,37,D,04,12,C,0110,1,99,GS-12,08,0110,8,10,F,1,202309,1,086293,03.3
DLLS,11,B,13,12,C,0110,1,99,GS-12,09,0110,8,10,F,1,202309,1,094199,03.3
DLLS,25,C,17,12,C,0110,1,99,GS-12,09,0110,8,10,P,2,202309,1,096281,03.3
DLLS,24,C,17,12,C,0110,1,99,GS-12,09,0110,8,10,F,1,202309,1,097339,03.3
DLLS,01,K,04,06,C,0119,3,99,GS-06,04,XXXX,8,10,P,2,202309,1,046538,03.3
DLLS,42,B,13,12,C,0110,1,99,GS-12,08,0110,8,10,F,1,202309,1,085582,03.3
DLLS,28,E,04,06,C,0119,3,99,GS-06,04,XXXX,8,10,P,2,202309,1,043422,03.3
DLLS,22,J,04,06,C,0119,3,99,GS-06,04,XXXX,8,10,P,2,202309,1,043422,03.3
DLLS,06,K,04,07,C,0119,3,99,GS-07,05,XXXX,8,10,P,2,202309,1,052912,03.3
DLLS,11,D,13,12,C,0110,1,99,GS-12,09,0110,8,10,F,1,202309,1,094199,03.3
DLLS,53,F,04,07,C,0119,3,99,GS-07,04,XXXX,8,10,P,2,202309,1,046696,03.3
DLLS,53,I,04,07,C,0119,3,99,GS-07,04,XXXX,8,10,P,2,202309,1,046696,03.3
DLLS,11,C,13,12,C,0110,1,99,GS-12,09,0110,8,10,F,1,202309,1,094199,03.3
DLLS,25,K,04,06,C,0119,3,99,GS-06,04,XXXX,8,10,P,2,202309,1,048845,03.3
DLLS,36,F,04,06,C,0119,3,99,GS-06,05,XXXX,8,10,P,2,202309,1,050750,03.3
DLLS,24,B,13,09,B,0110,1,99,GS-09,06,0110,8,15,F,1,202309,1,064957,01.2
DLLS,25,C,14,12,B,0110,1,99,GS-12,09,0110,8,15,F,1,202309,1,093175,02.3
DLLS,13,D,04,06,C,0119,3,99,GS-06,04,XXXX,8,10,P,2,202309,1,045852,03.3
DLLS,37,C,13,12,C,0110,1,99,GS-12,08,0110,8,10,F,1,202309,1,082830,03.3
DLLS,11,C,13,11,C,0110,1,99,GS-11,07,0110,8,10,F,1,202309,1,078592,03.3
DLLS,51,C,13,12,C,0110,1,99,GS-12,09,0110,8,10,F,1,202309,1,094199,03.3
DLLS,29,B,09,07,A,0110,1,99,GS-07,04,0110,8,35,F,1,202309,1,047369,00.4
DLLS,11,C,13,12,C,0110,1,99,GS-12,09,0110,8,10,F,1,202309,1,094199,03.3
DLLS,06,D,13,13,C,0110,1,99,GS-13,11,0110,8,10,F,1,202309,1,111609,03.3
DLLS,37,B,13,11,B,0110,1,99,GS-11,07,0110,8,15,F,1,202309,1,071995,02.8
DLLS,24,C,17,12,C,0110,1,99,GS-12,09,0110,8,10,F,1,202309,1,097339,03.2
DLLS,24,C,13,12,C,0110,1,99,GS-12,09,0110,8,10,F,1,202309,1,094199,03.2
DLLS,11,C,17,13,C,0110,1,99,GS-13,11,0110,8,10,F,1,202309,1,112015,03.2
DLLS,51,I,04,06,C,0119,3,99,GS-06,04,XXXX,8,10,P,2,202309,1,045241,03.2
DLLS,44,E,13,12,C,0110,1,99,GS-12,09,0110,8,10,F,1,202309,1,093175,03.2
DLLS,13,C,17,12,C,0110,1,99,GS-12,08,0110,8,10,F,1,202309,1,087466,03.3
DLLS,12,K,13,12,C,0110,1,99,GS-12,08,0110,8,10,F,1,202309,1,085591,03.2
DLLS,06,C,13,12,C,0110,1,99,GS-12,09,0110,8,10,F,1,202309,1,093858,03.2
DLLS,39,E,04,05,A,0119,3,99,GS-05,05,XXXX,8,15,P,2,202309,1,051193,00.7
DLLS,11,C,13,12,C,0110,1,99,GS-12,09,0110,8,10,F,1,202309,1,094199,03.2
DLLS,01,H,04,06,C,0119,3,99,GS-06,04,XXXX,8,10,P,2,202309,1,045084,03.3
DLLS,24,C,17,12,C,0110,1,99,GS-12,09,0110,8,10,F,1,202309,1,097339,03.3
DLLS,11,D,17,12,C,0110,1,99,GS-12,09,0110,8,10,F,1,202309,1,097339,03.3
DLLS,13,D,17,12,C,0110,1,99,GS-12,09,0110,8,10,F,1,202309,1,090382,03.2
DLLS,42,C,17,11,B,0110,1,99,GS-11,07,0110,8,15,F,1,202309,1,075833,01.8
DLLS,42,B,04,11,B,0110,1,99,GS-11,07,0110,8,15,F,1,202309,1,078592,02.3
DLLS,11,C,13,12,C,0110,1,99,GS-12,09,0110,8,10,F,1,202309,1,094199,03.1
DLLS,29,B,13,07,C,0110,1,99,GS-07,04,0110,8,15,F,1,202309,1,047369,03.0
DLLS,12,D,13,09,C,0110,1,99,GS-09,05,0110,8,10,F,1,202309,1,057118,03.0
DLLS,48,D,13,09,B,0110,1,99,GS-09,06,0110,8,15,F,1,202309,1,068125,02.9
DLLS,11,C,13,12,C,0110,1,99,GS-12,09,0110,8,10,F,1,202309,1,094199,03.1
DLLS,11,C,17,12,C,0110,1,99,GS-12,09,0110,8,10,F,1,202309,1,094199,03.1
DLLS,24,D,21,13,C,0110,1,99,GS-13,13,0110,8,10,F,1,202309,1,134416,03.1
DLLS,48,C,13,12,C,0110,1,99,GS-12,08,0110,8,10,F,1,202309,1,082830,03.1
DLLS,42,B,13,12,C,0110,1,99,GS-12,09,0110,8,15,F,1,202309,1,090893,03.0
DLLS,25,K,04,07,C,0119,3,99,GS-07,05,XXXX,8,10,P,2,202309,1,052471,03.0
DLLS,13,C,17,11,B,0110,1,99,GS-11,07,0110,8,15,F,1,202309,1,072974,01.8
DLLS,01,I,13,06,C,0119,3,99,GS-06,04,XXXX,8,10,P,2,202309,1,043422,03.0
DLLS,11,D,21,13,C,0110,1,99,GS-13,13,0110,8,10,F,1,202309,1,134416,03.0
DLLS,06,D,13,09,B,0110,1,99,GS-09,07,0110,8,15,F,1,202309,1,070674,01.8
DLLS,48,C,13,12,C,0110,1,99,GS-12,08,0110,8,10,F,1,202309,1,089848,03.0
DLLS,13,C,13,07,B,0110,1,99,GS-07,05,0110,8,15,F,1,202309,1,050952,01.2
DLLS,11,D,13,09,B,0110,1,99,GS-09,06,0110,8,15,F,1,202309,1,064957,01.8
DLLS,11,B,13,11,B,0110,1,99,GS-11,07,0110,8,15,F,1,202309,1,078592,02.9
DLLS,17,G,04,,B,0110,1,ES,ES-**,18,0110,2,50,F,1,202309,1,185497,02.9
DLLS,11,C,13,11,B,0110,1,99,GS-11,07,0110,8,15,F,1,202309,1,078592,02.8
DLLS,53,C,13,11,B,0110,1,99,GS-11,07,0110,8,15,F,1,202309,1,076860,02.8
DLLS,29,C,13,11,B,0110,1,99,GS-11,07,0110,8,15,F,1,202309,1,070103,02.8
DLLS,26,H,04,06,B,0119,3,99,GS-06,04,XXXX,8,15,P,2,202309,1,047846,02.8
DLLS,31,C,13,11,B,0110,1,99,GS-11,06,0110,8,15,F,1,202309,1,069107,02.8
DLLS,08,C,17,12,B,0110,1,99,GS-12,09,0110,8,15,F,1,202309,1,091753,02.8
DLLS,51,C,13,11,B,0110,1,99,GS-11,07,0110,8,15,F,1,202309,1,078592,02.8
DLLS,13,E,17,11,B,0110,1,99,GS-11,07,0110,8,15,F,1,202309,1,075406,02.8
DLLS,17,G,04,06,B,0119,3,99,GS-06,04,XXXX,8,15,P,2,202309,1,048375,02.8
DLLS,06,D,17,11,B,0110,1,99,GS-11,08,0110,8,15,F,1,202309,1,085508,02.8
DLLS,11,H,17,12,B,0110,1,99,GS-12,09,0110,8,15,F,1,202309,1,094199,02.8
DLLS,20,I,04,06,B,0119,3,99,GS-06,04,XXXX,8,15,P,2,202309,1,043422,02.8
DLLS,48,J,04,06,B,0119,3,99,GS-06,04,XXXX,8,15,P,2,202309,1,043422,02.8
DLLS,06,F,13,11,B,0110,1,99,GS-11,08,0110,8,15,F,1,202309,1,085508,02.8
DLLS,51,C,17,12,B,0110,1,99,GS-12,09,0110,8,15,F,1,202309,1,094199,02.7
DLLS,11,D,17,12,B,0110,1,99,GS-12,09,0110,8,15,F,1,202309,1,094199,02.6
DLLS,25,C,17,12,B,0110,1,99,GS-12,09,0110,8,15,F,1,202309,1,093175,02.6
DLLS,42,C,04,12,B,0110,1,99,GS-12,08,0110,8,15,F,1,202309,1,085582,02.6
DLLS,25,C,13,12,B,0110,1,99,GS-12,09,0110,8,15,F,1,202309,1,093175,02.6
DLLS,25,B,13,11,B,0110,1,99,GS-11,07,0110,8,15,F,1,202309,1,077738,02.5
DLLS,36,C,13,11,B,0110,1,99,GS-11,08,0110,8,15,F,1,202309,1,080769,02.5
DLLS,27,H,17,12,B,0110,1,99,GS-12,08,0110,8,15,F,1,202309,1,089862,02.5
DLLS,06,D,13,11,B,0110,1,99,GS-11,08,0110,8,15,F,1,202309,1,085508,02.5
DLLS,06,B,04,05,B,0119,3,99,GS-05,04,XXXX,8,15,P,2,202309,1,045102,01.2
DLLS,42,I,13,,B,0110,1,ES,ES-**,18,0110,2,50,F,1,202309,1,182295,02.4
DLLS,11,G,17,12,B,0110,1,99,GS-12,09,0110,8,15,F,1,202309,1,094199,02.4
DLLS,25,D,17,12,B,0110,1,99,GS-12,09,0110,8,15,F,1,202309,1,093175,02.4
DLLS,53,J,04,05,A,0119,3,99,GS-05,04,XXXX,8,15,P,2,202309,1,041925,00.2
DLLS,11,E,17,12,B,0110,1,99,GS-12,09,0110,8,15,F,1,202309,1,094199,02.4
DLLS,48,D,17,12,B,0110,1,99,GS-12,09,0110,8,15,F,1,202309,1,095607,02.4
DLLS,42,C,17,12,B,0110,1,99,GS-12,09,0110,8,15,F,1,202309,1,096808,02.3
DLLS,53,E,13,11,B,0110,1,99,GS-11,07,0110,8,15,F,1,202309,1,076860,02.3
DLLS,48,C,13,11,B,0110,1,99,GS-11,06,0110,8,15,F,1,202309,1,069107,02.3
DLLS,**,C,13,11,B,0110,1,99,GS-11,07,0110,8,15,F,1,202309,1,078592,02.3
DLLS,42,G,17,06,F,0119,3,99,GS-06,04,XXXX,8,15,P,2,202309,1,046112,17.6
DLLS,26,B,17,09,B,0110,1,99,GS-09,06,0110,8,15,F,1,202309,1,062937,01.5
DLLS,48,E,17,11,B,0110,1,99,GS-11,07,0110,8,15,F,1,202309,1,079766,02.2
DLLS,51,C,13,09,B,0110,1,99,GS-09,06,0110,8,15,F,1,202309,1,067122,02.3
DLLS,06,I,04,05,B,0119,3,99,GS-05,05,XXXX,8,15,P,2,202309,1,050924,02.3
DLLS,11,B,13,09,B,0110,1,99,GS-09,06,0110,8,15,F,1,202309,1,064957,01.4
DLLS,34,C,17,09,B,0110,1,99,GS-09,07,0110,8,15,F,1,202309,1,071206,01.3
DLLS,36,C,17,12,B,0110,1,99,GS-12,09,0110,8,15,F,1,202309,1,096808,02.3
DLLS,11,C,04,11,B,0110,1,99,GS-11,07,0110,8,15,F,1,202309,1,078592,02.3
DLLS,24,D,04,09,B,0110,1,99,GS-09,06,0110,8,15,F,1,202309,1,067122,02.3
DLLS,26,C,13,11,B,0110,1,99,GS-11,06,0110,8,15,F,1,202309,1,069107,02.3
DLLS,53,B,13,09,B,0110,1,99,GS-09,06,0110,8,15,F,1,202309,1,063526,02.3
DLLS,53,K,04,06,B,0119,3,99,GS-06,04,XXXX,8,15,P,2,202309,1,045080,02.3
DLLS,51,C,04,11,B,0110,1,99,GS-11,07,0110,8,15,F,1,202309,1,078592,02.3
DLLS,41,C,17,12,B,0110,1,99,GS-12,08,0110,8,15,F,1,202309,1,088860,02.3
DLLS,11,D,13,11,B,0110,1,99,GS-11,07,0110,8,15,F,1,202309,1,078592,02.3
DLLS,08,C,13,11,B,0110,1,99,GS-11,07,0110,8,15,F,1,202309,1,076551,02.3
DLLS,51,B,13,09,B,0110,1,99,GS-09,06,0110,8,15,F,1,202309,1,064957,01.8
DLLS,42,B,13,09,B,0110,1,99,GS-09,06,0110,8,15,F,1,202309,1,062677,01.1
DLLS,12,C,13,12,B,0110,1,99,GS-12,08,0110,8,15,F,1,202309,1,082830,02.3
DLLS,36,G,13,06,B,0119,3,99,GS-06,04,XXXX,8,15,P,2,202309,1,049113,02.2
DLLS,11,C,04,11,B,0110,1,99,GS-11,07,0110,8,15,F,1,202309,1,078592,02.2
DLLS,25,D,04,12,B,0110,1,99,GS-12,09,0110,8,15,F,1,202309,1,093175,02.2
DLLS,06,C,13,09,B,0110,1,99,GS-09,06,0110,8,15,F,1,202309,1,066134,02.2
DLLS,42,C,04,11,B,0110,1,99,GS-11,08,0110,8,15,F,1,202309,1,080769,02.2
DLLS,42,B,13,11,B,0110,1,99,GS-11,08,0110,8,15,F,1,202309,1,080769,02.2
DLLS,17,C,17,12,B,0110,1,99,GS-12,09,0110,8,15,F,1,202309,1,092279,02.2
DLLS,24,C,17,12,B,0110,1,99,GS-12,09,0110,8,15,F,1,202309,1,094199,02.2
DLLS,11,C,17,12,B,0110,1,99,GS-12,09,0110,8,15,F,1,202309,1,094199,02.1
DLLS,29,C,17,12,B,0110,1,99,GS-12,08,0110,8,15,F,1,202309,1,084679,02.1
DLLS,**,F,04,12,B,0110,1,99,GS-12,08,0110,8,15,F,1,202309,1,084345,02.1
DLLS,11,C,13,11,B,0110,1,99,GS-11,07,0110,8,15,F,1,202309,1,078592,02.1
DLLS,04,F,13,06,B,0119,3,99,GS-06,04,XXXX,8,15,P,2,202309,1,043803,02.1
DLLS,08,D,17,12,C,0110,1,99,GS-12,09,0110,8,15,F,1,202309,1,091753,04.1
DLLS,11,C,13,09,A,0110,1,99,GS-09,06,0110,8,15,F,1,202309,1,064957,00.3
DLLS,51,C,17,12,B,0110,1,99,GS-12,09,0110,8,15,F,1,202309,1,094199,02.1
DLLS,11,C,04,11,B,0110,1,99,GS-11,07,0110,8,15,F,1,202309,1,078592,02.1
DLLS,08,D,13,11,B,0110,1,99,GS-11,07,0110,8,15,F,1,202309,1,076551,02.1
DLLS,26,B,13,11,B,0110,1,99,GS-11,07,0110,8,15,F,1,202309,1,076148,02.1
DLLS,42,B,13,11,B,0110,1,99,GS-11,07,0110,8,15,F,1,202309,1,071402,02.1
DLLS,18,G,04,05,B,0119,3,99,GS-05,04,XXXX,8,15,P,2,202309,1,043397,01.0
DLLS,36,E,17,11,B,0110,1,99,GS-11,08,0110,8,15,F,1,202309,1,080769,02.1
DLLS,48,J,04,05,B,0119,3,99,GS-05,04,XXXX,8,15,P,2,202309,1,043274,01.5
DLLS,37,G,13,06,B,0119,3,99,GS-06,04,XXXX,8,15,P,2,202309,1,042022,02.0
DLLS,41,D,13,11,B,0110,1,99,GS-11,07,0110,8,15,F,1,202309,1,076608,02.0
DLLS,11,E,21,13,B,0110,1,99,GS-13,13,0110,8,15,F,1,202309,1,130683,02.0
DLLS,36,E,04,12,B,0110,1,99,GS-12,09,0110,8,15,F,1,202309,1,096808,02.0
DLLS,25,B,13,11,B,0110,1,99,GS-11,07,0110,8,15,F,1,202309,1,077738,02.0
DLLS,11,B,13,09,B,0110,1,99,GS-09,06,0110,8,15,F,1,202309,1,064957,01.9
DLLS,36,C,17,09,B,0110,1,99,GS-09,06,0110,8,15,F,1,202309,1,066757,01.9
DLLS,11,C,13,09,B,0110,1,99,GS-09,06,0110,8,15,F,1,202309,1,064957,01.9
DLLS,11,C,13,09,B,0110,1,99,GS-09,06,0110,8,15,F,1,202309,1,064957,01.9
DLLS,48,D,17,09,B,0110,1,99,GS-09,06,0110,8,15,F,1,202309,1,061957,01.9
DLLS,11,C,17,11,B,0110,1,99,GS-11,07,0110,8,15,F,1,202309,1,078592,01.9
DLLS,48,C,13,09,B,0110,1,99,GS-09,06,0110,8,15,F,1,202309,1,065928,01.9
DLLS,06,G,04,06,B,0119,3,99,GS-06,04,XXXX,8,15,P,2,202309,1,048655,01.9
DLLS,02,J,04,06,B,0119,3,99,GS-06,04,XXXX,8,15,P,2,202309,1,047367,01.9
DLLS,55,B,13,09,B,0110,1,99,GS-09,06,0110,8,15,F,1,202309,1,061966,01.9
DLLS,53,G,04,05,B,0119,3,99,GS-05,04,XXXX,8,15,P,2,202309,1,043323,01.9
DLLS,11,C,17,11,B,0110,1,99,GS-11,07,0110,8,15,F,1,202309,1,078592,01.9
DLLS,11,D,17,11,B,0110,1,99,GS-11,07,0110,8,15,F,1,202309,1,078592,01.9
DLLS,11,C,04,09,B,0110,1,99,GS-09,06,0110,8,15,F,1,202309,1,064957,01.9
DLLS,06,B,13,09,B,0110,1,99,GS-09,07,0110,8,15,F,1,202309,1,070674,01.9
DLLS,11,F,17,11,B,0110,1,99,GS-11,07,0110,8,15,F,1,202309,1,078592,01.8
DLLS,48,C,17,11,B,0110,1,99,GS-11,07,0110,8,15,F,1,202309,1,074961,01.8
DLLS,11,E,17,11,B,0110,1,99,GS-11,07,0110,8,15,F,1,202309,1,078592,01.8
DLLS,**,B,13,09,B,0110,1,99,GS-09,06,0110,8,15,F,1,202309,1,064957,01.8
DLLS,48,J,04,05,B,0119,3,99,GS-05,03,XXXX,8,15,P,2,202309,1,038953,01.8
DLLS,06,G,04,06,B,0119,3,99,GS-06,04,XXXX,8,15,P,2,202309,1,048655,01.8
DLLS,53,K,04,06,B,0119,3,99,GS-06,04,XXXX,8,15,P,2,202309,1,046736,01.8
DLLS,48,C,17,09,B,0110,1,99,GS-09,06,0110,8,15,F,1,202309,1,061957,01.8
DLLS,25,C,13,09,B,0110,1,99,GS-09,06,0110,8,15,F,1,202309,1,064251,01.7
DLLS,06,J,04,06,B,0119,3,99,GS-06,05,XXXX,8,15,P,2,202309,1,051995,01.8
DLLS,48,B,13,09,B,0110,1,99,GS-09,06,0110,8,15,F,1,202309,1,061957,01.7
DLLS,36,C,17,11,B,0110,1,99,GS-11,08,0110,8,15,F,1,202309,1,080769,01.7
DLLS,39,K,04,06,B,0119,3,99,GS-06,04,XXXX,8,15,P,2,202309,1,043771,01.6
DLLS,11,D,17,11,B,0110,1,99,GS-11,07,0110,8,15,F,1,202309,1,078592,01.6
DLLS,06,J,17,06,B,0119,3,99,GS-06,05,XXXX,8,15,P,2,202309,1,051995,01.6
DLLS,17,C,17,11,B,0110,1,99,GS-11,07,0110,8,15,F,1,202309,1,076990,01.6
DLLS,17,C,17,09,B,0110,1,99,GS-09,06,0110,8,15,F,1,202309,1,063633,01.5
DLLS,48,B,13,07,B,0110,1,99,GS-07,05,0110,8,15,F,1,202309,1,052340,01.5
DLLS,55,H,04,06,B,0119,3,99,GS-06,04,XXXX,8,15,P,2,202309,1,043912,01.5
DLLS,48,H,13,05,B,0119,3,99,GS-05,03,XXXX,8,15,P,2,202309,1,039454,01.5
DLLS,31,J,17,05,B,0119,3,99,GS-05,03,XXXX,8,15,P,2,202309,1,039294,01.5
DLLS,17,B,13,09,B,0110,1,99,GS-09,06,0110,8,15,F,1,202309,1,063633,01.5
DLLS,36,C,04,05,B,0119,3,99,GS-05,04,XXXX,8,15,P,2,202309,1,045526,01.5
DLLS,41,B,13,09,B,0110,1,99,GS-09,06,0110,8,15,F,1,202309,1,061275,01.5
DLLS,01,K,04,05,B,0119,3,99,GS-05,03,XXXX,8,15,P,2,202309,1,038953,01.5
DLLS,25,C,13,09,B,0110,1,99,GS-09,06,0110,8,15,F,1,202309,1,064251,01.4
DLLS,36,B,13,09,B,0110,1,99,GS-09,06,0110,8,15,F,1,202309,1,066757,01.4
DLLS,11,B,04,09,B,0110,1,99,GS-09,06,0110,8,15,F,1,202309,1,064957,01.4
DLLS,47,K,04,05,D,0119,3,99,GS-05,04,XXXX,8,10,P,2,202309,1,049009,09.3
DLLS,06,B,13,07,B,0110,1,99,GS-07,05,0110,8,15,F,1,202309,1,059704,01.4
DLLS,25,B,13,09,B,0110,1,99,GS-09,06,0110,8,15,F,1,202309,1,064251,01.4
DLLS,34,C,13,09,B,0110,1,99,GS-09,06,0110,8,15,F,1,202309,1,066757,01.4
DLLS,42,B,13,09,B,0110,1,99,GS-09,06,0110,8,15,F,1,202309,1,062677,01.3
DLLS,01,I,04,05,B,0119,3,99,GS-05,03,XXXX,8,15,P,2,202309,1,039257,01.3
DLLS,42,B,17,09,B,0110,1,99,GS-09,06,0110,8,15,F,1,202309,1,062677,01.3
DLLS,37,J,04,05,B,0119,3,99,GS-05,03,XXXX,8,15,P,2,202309,1,039665,01.3
DLLS,39,H,04,05,B,0119,3,99,GS-05,04,XXXX,8,15,P,2,202309,1,040688,01.3
DLLS,26,H,04,06,B,0119,3,99,GS-06,04,XXXX,8,15,P,2,202309,1,046303,01.3
DLLS,34,B,17,09,A,0110,1,99,GS-09,06,0110,8,35,F,1,202309,1,066757,00.1
DLLS,06,D,04,05,B,0119,3,99,GS-05,04,XXXX,8,15,P,2,202309,1,044139,01.3
DLLS,11,C,13,09,B,0110,1,99,GS-09,06,0110,8,15,F,1,202309,1,064957,01.3
DLLS,40,G,04,05,B,0119,3,99,GS-05,03,XXXX,8,15,P,2,202309,1,038953,01.3
DLLS,06,D,13,09,B,0110,1,99,GS-09,07,0110,8,15,F,1,202309,1,070674,01.3
DLLS,11,C,13,09,B,0110,1,99,GS-09,06,0110,8,15,F,1,202309,1,064957,01.3
DLLS,36,B,13,09,B,0110,1,99,GS-09,06,0110,8,15,F,1,202309,1,066757,01.3
DLLS,42,B,13,09,B,0110,1,99,GS-09,06,0110,8,15,F,1,202309,1,062677,01.3
DLLS,51,B,13,09,B,0110,1,99,GS-09,06,0110,8,15,F,1,202309,1,064957,01.3
DLLS,42,B,13,09,B,0110,1,99,GS-09,05,0110,8,15,F,1,202309,1,058142,01.3
DLLS,01,C,17,09,B,0110,1,99,GS-09,05,0110,8,15,F,1,202309,1,057118,01.3
DLLS,06,K,04,05,B,0119,3,99,GS-05,04,XXXX,8,15,P,2,202309,1,045102,01.3
DLLS,17,B,13,09,B,0110,1,99,GS-09,06,0110,8,15,F,1,202309,1,063633,01.3
DLLS,11,C,17,09,B,0110,1,99,GS-09,06,0110,8,15,F,1,202309,1,064957,01.2
DLLS,04,D,17,11,B,0110,1,99,GS-11,07,0110,8,15,F,1,202309,1,072037,01.2
DLLS,11,B,13,09,B,0110,1,99,GS-09,06,0110,8,15,F,1,202309,1,064957,01.2
DLLS,17,F,13,09,B,0110,1,99,GS-09,06,0110,8,15,F,1,202309,1,063633,01.2
DLLS,11,C,13,09,B,0110,1,99,GS-09,06,0110,8,15,F,1,202309,1,064957,01.2
DLLS,29,B,13,09,B,0110,1,99,GS-09,05,0110,8,15,F,1,202309,1,057118,01.2
DLLS,25,C,13,09,B,0110,1,99,GS-09,06,0110,8,15,F,1,202309,1,064251,01.2
DLLS,44,B,13,09,B,0110,1,99,GS-09,06,0110,8,15,F,1,202309,1,064251,01.2
DLLS,25,C,13,09,B,0110,1,99,GS-09,06,0110,8,15,F,1,202309,1,064251,01.2
DLLS,36,C,17,09,B,0110,1,99,GS-09,06,0110,8,15,F,1,202309,1,066757,01.2
DLLS,36,D,17,09,B,0110,1,99,GS-09,06,0110,8,15,F,1,202309,1,066757,01.2
DLLS,42,C,13,09,B,0110,1,99,GS-09,06,0110,8,15,F,1,202309,1,062677,01.2
DLLS,13,D,17,11,B,0110,1,99,GS-11,07,0110,8,15,F,1,202309,1,072974,01.2
DLLS,24,B,13,09,B,0110,1,99,GS-09,06,0110,8,15,F,1,202309,1,064957,01.2
DLLS,17,C,21,13,B,0110,1,99,GS-13,12,0110,8,15,F,1,202309,1,128020,01.2
DLLS,17,E,04,05,B,0119,3,99,GS-05,04,XXXX,8,15,P,2,202309,1,043397,01.2
DLLS,11,C,17,11,B,0110,1,99,GS-11,07,0110,8,15,F,1,202309,1,078592,01.2
DLLS,19,C,17,11,B,0110,1,99,GS-11,06,0110,8,15,F,1,202309,1,069480,01.2
DLLS,11,K,04,05,B,0119,3,99,GS-05,05,XXXX,8,15,P,2,202309,1,054306,01.2
DLLS,06,D,17,11,B,0110,1,99,GS-11,08,0110,8,15,F,1,202309,1,080015,01.2
DLLS,11,B,13,09,B,0110,1,99,GS-09,06,0110,8,15,F,1,202309,1,064957,01.2
DLLS,06,B,13,09,B,0110,1,99,GS-09,06,0110,8,15,F,1,202309,1,066134,01.1
DLLS,42,C,17,11,B,0110,1,99,GS-11,07,0110,8,15,F,1,202309,1,071402,01.1
DLLS,48,C,17,09,B,0110,1,99,GS-09,06,0110,8,15,F,1,202309,1,065928,01.1
DLLS,24,D,13,09,B,0110,1,99,GS-09,06,0110,8,15,F,1,202309,1,064957,01.1
DLLS,29,B,04,09,B,0110,1,99,GS-09,05,0110,8,15,F,1,202309,1,057941,01.1
DLLS,06,C,17,11,B,0110,1,99,GS-11,08,0110,8,15,F,1,202309,1,080015,01.1
DLLS,06,C,17,09,B,0110,1,99,GS-09,06,0110,8,15,F,1,202309,1,066134,01.1
DLLS,48,B,09,11,B,0110,1,99,GS-11,07,0110,8,15,F,1,202309,1,070827,01.1
DLLS,48,B,13,07,B,0110,1,99,GS-07,05,0110,8,15,F,1,202309,1,052340,01.1
DLLS,17,C,17,11,B,0110,1,99,GS-11,07,0110,8,15,F,1,202309,1,076990,01.1
DLLS,12,B,13,09,B,0110,1,99,GS-09,05,0110,8,15,F,1,202309,1,057118,01.1
DLLS,17,B,13,09,B,0110,1,99,GS-09,06,0110,8,15,F,1,202309,1,063633,01.1
DLLS,42,B,13,09,B,0110,1,99,GS-09,06,0110,8,15,F,1,202309,1,062677,01.1
DLLS,12,G,04,05,B,0119,3,99,GS-05,03,XXXX,8,15,P,2,202309,1,038953,01.1
DLLS,17,B,13,09,B,0110,1,99,GS-09,06,0110,8,15,F,1,202309,1,063633,01.1
DLLS,12,H,04,05,B,0119,3,99,GS-05,03,XXXX,8,15,P,2,202309,1,038953,01.1
DLLS,06,E,13,09,B,0110,1,99,GS-09,07,0110,8,15,F,1,202309,1,070674,01.1
DLLS,53,C,04,09,B,0110,1,99,GS-09,06,0110,8,15,F,1,202309,1,063526,01.1
DLLS,08,B,13,09,B,0110,1,99,GS-09,06,0110,8,15,F,1,202309,1,063271,01.1
DLLS,**,E,13,05,B,0119,3,99,GS-05,04,XXXX,8,15,P,2,202309,1,045526,01.1
DLLS,34,H,04,05,B,0119,3,99,GS-05,04,XXXX,8,15,P,2,202309,1,045526,01.0
DLLS,36,B,13,09,B,0110,1,99,GS-09,06,0110,8,15,F,1,202309,1,066757,01.0
DLLS,13,H,04,05,B,0119,3,99,GS-05,04,XXXX,8,15,P,2,202309,1,041133,01.0
DLLS,42,B,13,09,B,0110,1,99,GS-09,06,0110,8,15,F,1,202309,1,062677,01.0
DLLS,42,B,13,09,B,0110,1,99,GS-09,06,0110,8,15,F,1,202309,1,062677,01.0
DLLS,17,G,21,09,B,0110,1,99,GS-09,06,0110,8,15,F,1,202309,1,063633,01.0
DLLS,53,B,13,09,B,0110,1,99,GS-09,06,0110,8,15,F,1,202309,1,063526,01.0
DLLS,26,G,04,05,B,0119,3,99,GS-05,04,XXXX,8,15,P,2,202309,1,042922,01.0
DLLS,26,B,04,05,B,0119,3,99,GS-05,04,XXXX,8,15,P,2,202309,1,042922,01.0
DLLS,29,B,13,07,B,0110,1,99,GS-07,04,0110,8,35,F,1,202309,1,048948,01.0
DLLS,13,E,04,05,B,0119,3,99,GS-05,04,XXXX,8,15,P,2,202309,1,041133,01.0
DLLS,37,H,17,09,B,0110,1,99,GS-09,05,0110,8,15,F,1,202309,1,059505,01.0
DLLS,06,B,13,09,B,0110,1,99,GS-09,07,0110,8,15,F,1,202309,1,070674,01.0
DLLS,06,B,13,09,B,0110,1,99,GS-09,06,0110,8,15,F,1,202309,1,066134,01.0
DLLS,25,B,13,07,B,0110,1,99,GS-07,05,0110,8,35,F,1,202309,1,054278,01.0
DLLS,13,B,13,09,B,0110,1,99,GS-09,06,0110,8,15,F,1,202309,1,060314,01.0
DLLS,36,C,17,07,B,0110,1,99,GS-07,05,0110,8,35,F,1,202309,1,056395,01.0
DLLS,36,C,13,11,B,0110,1,99,GS-11,08,0110,8,15,F,1,202309,1,080769,01.0
DLLS,42,B,13,09,B,0110,1,99,GS-09,06,0110,8,15,F,1,202309,1,062677,01.0
DLLS,53,C,17,11,B,0110,1,99,GS-11,07,0110,8,15,F,1,202309,1,076860,01.0
DLLS,17,G,17,09,B,0110,1,99,GS-09,06,0110,8,15,F,1,202309,1,065754,01.0
DLLS,17,B,13,09,B,0110,1,99,GS-09,06,0110,8,15,F,1,202309,1,063633,01.0
DLLS,39,I,04,05,B,0119,3,99,GS-05,04,XXXX,8,15,P,2,202309,1,040548,01.0
DLLS,48,D,17,11,B,0110,1,99,GS-11,07,0110,8,15,F,1,202309,1,079766,01.0
DLLS,11,C,13,07,B,0110,1,99,GS-07,05,0110,8,15,F,1,202309,1,054875,01.0
DLLS,48,C,17,07,B,0110,1,99,GS-07,05,0110,8,35,F,1,202309,1,052340,01.0
DLLS,26,D,17,11,B,0110,1,99,GS-11,07,0110,8,15,F,1,202309,1,076148,01.0
DLLS,36,B,13,07,A,0110,1,99,GS-07,05,0110,8,35,F,1,202309,1,054576,00.9
DLLS,11,D,04,05,A,0119,3,99,GS-05,04,XXXX,8,15,P,2,202309,1,042870,00.9
DLLS,51,E,13,07,A,0110,1,99,GS-07,05,0110,8,15,F,1,202309,1,053105,00.9
DLLS,13,B,13,07,A,0110,1,99,GS-07,04,0110,8,35,F,1,202309,1,049309,00.9
DLLS,25,B,13,07,A,0110,1,99,GS-07,05,0110,8,15,F,1,202309,1,052527,00.9
DLLS,40,K,04,05,A,0119,3,99,GS-05,03,XXXX,8,15,P,2,202309,1,037696,00.9
DLLS,53,B,13,07,A,0110,1,99,GS-07,05,0110,8,35,F,1,202309,1,050094,00.9
DLLS,12,E,17,09,A,0110,1,99,GS-09,05,0110,8,15,F,1,202309,1,057118,00.9
DLLS,17,C,17,07,A,0110,1,99,GS-07,05,0110,8,35,F,1,202309,1,052022,00.9
DLLS,40,F,04,05,A,0119,3,99,GS-05,03,XXXX,8,15,P,2,202309,1,037696,00.9
DLLS,27,B,13,07,A,0110,1,99,GS-07,05,0110,8,35,F,1,202309,1,050660,00.9
DLLS,12,H,04,05,A,0119,3,99,GS-05,03,XXXX,8,15,P,2,202309,1,037696,00.9
DLLS,24,C,13,07,A,0110,1,99,GS-07,05,0110,8,15,F,1,202309,1,053105,00.9
DLLS,04,F,13,05,A,0119,3,99,GS-05,03,XXXX,8,15,P,2,202309,1,039294,00.8
DLLS,17,B,13,07,A,0110,1,99,GS-07,05,0110,8,35,F,1,202309,1,052022,00.8
DLLS,42,B,13,07,A,0110,1,99,GS-07,05,0110,8,35,F,1,202309,1,051241,00.8
DLLS,06,B,13,07,A,0110,1,99,GS-07,05,0110,8,35,F,1,202309,1,057778,00.8
DLLS,13,B,13,07,A,0110,1,99,GS-07,04,0110,8,35,F,1,202309,1,049309,00.8
DLLS,04,C,17,09,A,0110,1,99,GS-09,05,0110,8,35,F,1,202309,1,059540,00.8
DLLS,06,B,13,07,A,0110,1,99,GS-07,05,0110,8,35,F,1,202309,1,057778,00.8
DLLS,39,B,13,07,A,0110,1,99,GS-07,04,0110,8,35,F,1,202309,1,048640,00.8
DLLS,48,B,04,07,A,0110,1,99,GS-07,05,0110,8,35,F,1,202309,1,050652,00.7
DLLS,48,B,13,07,A,0110,1,99,GS-07,05,0110,8,35,F,1,202309,1,050652,00.7
DLLS,41,B,13,07,A,0110,1,99,GS-07,05,0110,8,35,F,1,202309,1,050094,00.7
DLLS,17,E,04,05,A,0119,3,99,GS-05,04,XXXX,8,15,P,2,202309,1,041996,00.7
DLLS,06,F,13,05,A,0119,3,99,GS-05,04,XXXX,8,15,P,2,202309,1,043646,00.7
DLLS,11,C,13,09,A,0110,1,99,GS-09,06,0110,8,15,F,1,202309,1,064957,00.3
DLLS,48,F,10,05,A,0119,3,99,GS-05,03,XXXX,8,15,P,2,202309,1,037696,00.7
DLLS,39,D,13,07,A,0110,1,99,GS-07,04,0110,8,35,F,1,202309,1,048776,00.7
DLLS,06,B,13,07,A,0110,1,99,GS-07,05,0110,8,35,F,1,202309,1,054067,00.6
DLLS,24,C,04,05,A,0119,3,99,GS-05,04,XXXX,8,15,P,2,202309,1,042870,00.6
DLLS,20,E,17,09,A,0110,1,99,GS-09,05,0110,8,35,F,1,202309,1,057941,00.6
DLLS,11,B,17,09,A,0110,1,99,GS-09,06,0110,8,35,F,1,202309,1,064957,00.6
DLLS,34,J,04,05,A,0119,3,99,GS-05,04,XXXX,8,15,P,2,202309,1,044057,00.6
DLLS,06,B,13,07,A,0110,1,99,GS-07,05,0110,8,15,F,1,202309,1,054067,00.6
DLLS,26,I,04,05,A,0119,3,99,GS-05,04,XXXX,8,15,P,2,202309,1,041537,00.6
DLLS,21,C,17,09,A,0110,1,99,GS-09,05,0110,8,35,F,1,202309,1,057118,00.6
DLLS,17,C,13,07,A,0110,1,99,GS-07,05,0110,8,35,F,1,202309,1,052022,00.6
DLLS,06,G,10,05,A,0119,3,99,GS-05,04,XXXX,8,15,P,2,202309,1,043646,00.5
DLLS,13,B,13,07,A,0110,1,99,GS-07,04,0110,8,15,F,1,202309,1,049309,00.5
DLLS,11,E,04,05,A,0119,3,99,GS-05,04,XXXX,8,15,P,2,202309,1,042870,00.5
DLLS,13,B,13,07,A,0110,1,99,GS-07,04,0110,8,35,F,1,202309,1,049309,00.5
DLLS,06,H,17,09,A,0110,1,99,GS-09,07,0110,8,15,F,1,202309,1,070674,00.5
DLLS,06,C,13,07,A,0110,1,99,GS-07,05,0110,8,15,F,1,202309,1,057778,00.5
DLLS,25,F,13,05,A,0119,3,99,GS-05,04,XXXX,8,15,P,2,202309,1,042404,00.4
DLLS,34,K,17,05,A,0119,3,99,GS-05,04,XXXX,8,15,P,2,202309,1,044057,00.4
DLLS,42,B,13,07,A,0110,1,99,GS-07,05,0110,8,15,F,1,202309,1,051241,00.4
DLLS,42,C,04,05,A,0119,3,99,GS-05,04,XXXX,8,15,P,2,202309,1,041365,00.4
DLLS,11,B,04,05,A,0119,3,99,GS-05,04,XXXX,8,15,P,2,202309,1,042870,00.4
DLLS,37,G,17,05,A,0119,3,99,GS-05,03,XXXX,8,15,P,2,202309,1,037696,00.4
DLLS,51,B,17,09,A,0110,1,99,GS-09,06,0110,8,15,F,1,202309,1,064957,00.4
DLLS,11,D,17,09,A,0110,1,99,GS-09,06,0110,8,15,F,1,202309,1,064957,00.4
DLLS,53,G,04,05,A,0119,3,99,GS-05,04,XXXX,8,15,P,2,202309,1,041925,00.0
DLLS,25,B,13,07,A,0110,1,99,GS-07,05,0110,8,35,F,1,202309,1,052527,00.4
DLLS,25,F,13,13,A,0110,1,99,GS-13,11,0110,4,15,F,1,202309,1,110798,00.4
DLLS,36,C,21,05,A,0119,3,99,GS-05,04,XXXX,8,15,P,2,202309,1,044057,00.4
DLLS,34,J,04,05,D,0119,3,99,GS-05,05,XXXX,8,15,P,2,202309,1,057280,09.3
DLLS,42,C,13,07,A,0110,1,99,GS-07,05,0110,8,15,F,1,202309,1,051241,00.4
DLLS,33,B,13,09,A,0110,1,99,GS-09,06,0110,8,15,F,1,202309,1,064251,00.4
DLLS,06,C,17,09,A,0110,1,99,GS-09,06,0110,8,15,F,1,202309,1,066134,00.4
DLLS,13,G,13,11,A,0110,1,99,GS-11,07,0110,8,15,F,1,202309,1,072974,00.4
DLLS,06,C,13,07,A,0110,1,99,GS-07,05,0110,8,35,F,1,202309,1,057778,00.4
DLLS,48,B,13,07,A,0110,1,99,GS-07,05,0110,8,35,F,1,202309,1,050652,00.4
DLLS,48,C,17,09,A,0110,1,99,GS-09,06,0110,8,15,F,1,202309,1,061957,00.4
DLLS,09,K,04,05,A,0119,3,99,GS-05,04,XXXX,8,15,P,2,202309,1,042359,00.3
DLLS,25,B,13,07,A,0110,1,99,GS-07,05,0110,8,35,F,1,202309,1,052527,00.3
DLLS,48,B,13,07,A,0110,1,99,GS-07,05,0110,8,35,F,1,202309,1,053898,00.3
DLLS,42,C,13,05,A,0119,3,99,GS-05,04,XXXX,8,15,P,2,202309,1,041365,00.3
DLLS,08,B,13,07,A,0110,1,99,GS-07,05,0110,8,35,F,1,202309,1,051726,00.3
DLLS,36,B,17,09,A,0110,1,99,GS-09,06,0110,8,35,F,1,202309,1,066757,00.3
DLLS,**,B,13,05,A,0119,3,99,GS-05,04,XXXX,8,15,P,2,202309,1,044057,00.3
DLLS,48,B,13,07,A,0110,1,99,GS-07,05,0110,8,15,F,1,202309,1,050652,00.3
DLLS,48,C,13,07,A,0110,1,99,GS-07,05,0110,8,15,F,1,202309,1,050652,00.3
DLLS,24,J,04,05,A,0119,3,99,GS-05,04,XXXX,8,15,P,2,202309,1,042870,00.3
DLLS,48,B,13,07,A,0110,1,99,GS-07,05,0110,8,35,F,1,202309,1,050652,00.3
DLLS,25,B,17,07,A,0110,1,99,GS-07,05,0110,8,35,F,1,202309,1,052527,00.3
DLLS,11,D,13,05,A,0119,3,99,GS-05,04,XXXX,8,15,P,2,202309,1,042870,00.3
DLLS,48,B,13,07,A,0110,1,99,GS-07,05,0110,8,15,F,1,202309,1,050652,00.3
DLLS,42,I,17,05,A,0119,3,99,GS-05,04,XXXX,8,15,P,2,202309,1,041365,00.3
DLLS,11,D,13,05,A,0119,3,99,GS-05,04,XXXX,8,15,P,2,202309,1,042870,00.3
DLLS,25,B,13,07,A,0110,1,99,GS-07,05,0110,8,35,F,1,202309,1,052527,00.3
DLLS,22,E,04,05,A,0119,3,99,GS-05,03,XXXX,8,15,P,2,202309,1,037696,00.3
DLLS,53,E,07,05,A,0119,3,99,GS-05,03,XXXX,8,15,P,2,202309,1,037696,00.3
DLLS,06,G,04,05,A,0119,3,99,GS-05,04,XXXX,8,15,P,2,202309,1,041514,00.3
DLLS,15,H,13,05,A,0119,3,99,GS-05,03,XXXX,8,15,P,2,202309,1,039207,00.3
DLLS,48,B,13,07,A,0110,1,99,GS-07,05,0110,8,35,F,1,202309,1,050652,00.3
DLLS,48,D,17,05,A,0119,3,99,GS-05,03,XXXX,8,15,P,2,202309,1,037696,00.3
DLLS,39,G,13,05,A,0119,3,99,GS-05,03,XXXX,8,15,P,2,202309,1,039019,00.3
DLLS,12,J,04,05,A,0119,3,99,GS-05,03,XXXX,8,15,P,2,202309,1,037696,00.3
DLLS,06,J,21,05,A,0119,3,99,GS-05,05,XXXX,8,15,P,2,202309,1,056746,00.3
DLLS,48,C,17,09,A,0110,1,99,GS-09,06,0110,8,15,F,1,202309,1,065928,00.3
DLLS,11,B,04,09,A,0110,1,99,GS-09,06,0110,8,15,F,1,202309,1,064957,00.2
DLLS,11,B,13,07,A,0110,1,99,GS-07,05,0110,8,35,F,1,202309,1,053105,00.2
DLLS,24,B,13,07,A,0110,1,99,GS-07,05,0110,8,15,F,1,202309,1,053105,00.2
DLLS,17,B,13,07,A,0110,1,99,GS-07,05,0110,8,35,F,1,202309,1,052022,00.2
DLLS,55,C,13,07,A,0110,1,99,GS-07,04,0110,8,35,F,1,202309,1,048796,00.2
DLLS,27,B,13,07,A,0110,1,99,GS-07,05,0110,8,35,F,1,202309,1,050660,00.2
DLLS,11,C,17,07,A,0110,1,99,GS-07,05,0110,8,15,F,1,202309,1,053105,00.2
DLLS,53,E,17,09,A,0110,1,99,GS-09,06,0110,8,15,F,1,202309,1,061275,00.2
DLLS,25,B,13,07,A,0110,1,99,GS-07,05,0110,8,35,F,1,202309,1,052527,00.2
DLLS,42,B,13,07,A,0110,1,99,GS-07,05,0110,8,35,F,1,202309,1,051241,00.2
DLLS,13,C,17,09,A,0110,1,99,GS-09,06,0110,8,35,F,1,202309,1,060314,00.2
DLLS,42,B,17,09,A,0110,1,99,GS-09,05,0110,8,15,F,1,202309,1,057118,00.2
DLLS,13,C,13,07,A,0110,1,99,GS-07,04,0110,8,15,F,1,202309,1,049309,00.2
DLLS,12,D,13,05,A,0119,3,99,GS-05,04,XXXX,8,15,P,2,202309,1,040168,00.2
DLLS,08,B,13,07,A,0110,1,99,GS-07,05,0110,8,35,F,1,202309,1,051726,00.2
DLLS,48,B,13,07,A,0110,1,99,GS-07,05,0110,8,35,F,1,202309,1,050652,00.2
DLLS,06,D,17,05,A,0119,3,99,GS-05,04,XXXX,8,15,P,2,202309,1,043646,00.2
DLLS,12,F,21,09,A,0110,1,99,GS-09,05,0110,8,35,F,1,202309,1,057118,00.1
DLLS,21,B,13,07,A,0110,1,99,GS-07,04,0110,8,35,F,1,202309,1,046696,00.1
DLLS,41,B,13,07,A,0110,1,99,GS-07,05,0110,8,35,F,1,202309,1,050094,00.1
DLLS,41,B,13,07,A,0110,1,99,GS-07,05,0110,8,35,F,1,202309,1,050094,00.1
DLLS,06,D,17,09,A,0110,1,99,GS-09,07,0110,8,15,F,1,202309,1,070674,00.1
DLLS,48,B,13,07,A,0110,1,99,GS-07,05,0110,8,15,F,1,202309,1,050652,00.1
DLLS,**,D,17,09,A,0110,1,99,GS-09,06,0110,8,35,F,1,202309,1,066757,00.1
DLLS,36,D,17,07,A,0110,1,99,GS-07,05,0110,8,15,F,1,202309,1,054576,00.1
DLLS,11,B,13,07,A,0110,1,99,GS-07,05,0110,8,35,F,1,202309,1,053105,00.1
DLLS,13,B,17,09,A,0110,1,99,GS-09,06,0110,8,35,F,1,202309,1,060314,00.1
DLLS,11,B,13,07,A,0110,1,99,GS-07,05,0110,8,35,F,1,202309,1,053105,00.1
DLLS,06,B,13,07,A,0110,1,99,GS-07,05,0110,8,35,F,1,202309,1,057778,00.1
DLLS,35,B,13,07,A,0110,1,99,GS-07,04,0110,8,35,F,1,202309,1,047148,00.1
DLLS,36,B,13,07,A,0110,1,99,GS-07,05,0110,8,35,F,1,202309,1,054576,00.0
DLLS,36,F,13,05,A,0119,3,99,GS-05,04,XXXX,8,15,P,2,202309,1,044057,00.0
DLLS,12,G,04,05,A,0119,3,99,GS-05,03,XXXX,8,15,P,2,202309,1,037696,00.0
DLLS,48,C,13,07,A,0110,1,99,GS-07,05,0110,8,15,F,1,202309,1,050652,00.0
DLLS,55,I,17,05,A,0119,3,99,GS-05,04,XXXX,8,15,P,2,202309,1,040896,00.0
DLLS,27,B,13,07,A,0110,1,99,GS-07,05,0110,8,35,F,1,202309,1,050660,00.0
DLLS,29,B,13,07,A,0110,1,99,GS-07,04,0110,8,15,F,1,202309,1,047738,00.0
DLLS,48,C,04,07,A,0110,1,99,GS-07,05,0110,8,15,F,1,202309,1,050652,00.0
DLLS,06,B,13,07,A,0110,1,99,GS-07,05,0110,8,35,F,1,202309,1,057778,00.0
DLLS,48,B,17,07,A,0110,1,99,GS-07,05,0110,8,15,F,1,202309,1,050652,00.0
DLLS,08,B,13,07,A,0110,1,99,GS-07,05,0110,8,35,F,1,202309,1,051726,00.0
DLLS,08,B,13,07,A,0110,1,99,GS-07,05,0110,8,35,F,1,202309,1,051726,00.0
DLLS,08,B,13,07,A,0110,1,99,GS-07,04,0110,8,35,F,1,202309,1,047742,00.0
DLLS,39,B,13,07,A,0110,1,99,GS-07,04,0110,8,35,F,1,202309,1,048776,00.0
DLLS,17,B,13,07,A,0110,1,99,GS-07,05,0110,8,35,F,1,202309,1,052022,00.0
DLLS,13,B,13,07,A,0110,1,99,GS-07,04,0110,8,15,F,1,202309,1,049309,00.0
DLLS,06,B,13,07,A,0110,1,99,GS-07,05,0110,8,15,F,1,202309,1,057778,00.0
DLLS,48,E,04,05,A,0119,3,99,GS-05,03,XXXX,8,15,P,2,202309,1,037696,00.0
DLLS,08,D,17,11,A,0110,1,99,GS-11,07,0110,8,15,F,1,202309,1,076551,00.0
DLLS,06,G,13,12,E,0110,1,99,GS-12,11,0110,8,10,F,1,202309,1,116155,12.8
DLLS,06,E,13,13,E,0110,1,99,GS-13,11,0110,2,10,F,1,202309,1,117845,13.0
DLLS,36,E,17,13,D,0110,1,99,GS-13,11,0110,8,10,F,1,202309,1,118955,08.4
DLLS,13,G,04,13,D,0110,1,99,GS-13,11,0110,4,10,F,1,202309,1,110942,08.0
DLLS,37,E,13,12,D,0110,1,99,GS-12,09,0110,8,10,F,1,202309,1,092779,07.4
DLLS,51,F,16,13,D,0110,1,99,GS-13,11,0110,8,10,F,1,202309,1,119482,07.0
DLMS,51,K,21,15,I,0110,1,99,GS-15,18,0110,8,10,F,1,202309,1,183500,31.7
DLMS,08,E,13,14,D,0110,1,99,GS-14,14,0110,8,10,F,1,202309,1,141823,08.8
DLMS,51,G,21,15,D,0110,1,99,GS-15,17,0110,2,10,F,1,202309,1,171268,08.3
DLMS,51,E,17,12,B,0110,1,99,GS-12,09,0110,8,15,F,1,202309,1,094199,01.2
DLOF,25,G,13,13,H,0110,1,99,GS-13,14,0110,8,10,F,1,202309,1,140341,26.6
DLOF,55,H,21,15,E,0110,1,99,GS-15,18,0110,2,10,F,1,202309,1,183500,12.4
DLOF,13,F,17,14,E,0110,1,99,GS-14,14,0110,8,10,F,1,202309,1,143390,11.3
DLOF,24,G,17,14,D,0110,1,99,GS-14,15,0110,8,10,F,1,202309,1,158840,07.8
DLOF,11,G,21,14,D,0110,1,99,GS-14,14,0110,8,10,F,1,202309,1,145604,07.2
DLOF,06,H,17,15,C,0110,1,99,GS-15,18,0110,8,10,F,1,202309,1,183500,03.4
DLOF,51,E,21,14,B,0110,1,99,GS-14,13,0110,8,15,F,1,202309,1,136780,01.3
DLOF,53,F,04,14,B,0110,1,99,GS-14,15,0110,8,15,F,1,202309,1,159654,01.1
DLOW,24,H,22,14,F,0110,1,99,GS-14,15,0110,8,10,F,1,202309,1,158840,16.7
DLOW,24,D,13,13,D,0110,1,99,GS-13,11,0110,8,10,F,1,202309,1,119482,09.1
DLPE,11,I,13,14,I,0110,1,99,GS-14,17,0110,8,10,F,1,202309,1,172075,33.9
DLPE,11,I,04,15,H,0110,1,99,GS-15,18,0110,7,10,F,1,202309,1,183500,25.6
DLPE,11,J,17,14,J,0110,1,99,GS-14,17,0110,8,10,F,1,202309,1,172075,38.8
DLPE,11,H,17,15,H,0110,1,99,GS-15,18,0110,8,10,F,1,202309,1,181648,26.3
DLPE,11,I,17,15,I,0110,1,99,GS-15,18,0110,8,10,F,1,202309,1,183500,32.5
DLPE,11,F,17,15,F,0110,1,99,GS-15,17,0110,8,10,F,1,202309,1,176458,15.3
DLPE,11,E,13,14,E,0110,1,99,GS-14,14,0110,8,10,F,1,202309,1,145604,10.5
DLPW,11,G,21,15,F,0110,1,99,GS-15,18,0110,8,10,F,1,202309,1,181648,16.2
DLPW,11,G,13,13,G,0110,1,99,GS-13,13,0110,8,10,F,1,202309,1,134416,22.2
DLPW,11,G,13,14,G,0110,1,99,GS-14,16,0110,8,10,F,1,202309,1,163252,23.2
DLPW,11,G,21,15,F,0110,1,99,GS-15,18,0110,2,10,F,1,202309,1,181648,16.2
DLPW,11,F,13,15,F,0110,1,99,GS-15,17,0110,2,10,F,1,202309,1,171268,16.8
DLPW,11,H,17,,F,0110,1,ES,ES-**,19,0110,2,50,F,1,202309,1,194510,19.0
DLPW,11,F,17,14,E,0110,1,99,GS-14,17,0110,8,10,F,1,202309,1,172075,12.4
DLPW,11,G,13,14,E,0110,1,99,GS-14,15,0110,8,10,F,1,202309,1,154428,12.2
DLPW,11,H,21,13,D,0110,1,99,GS-13,11,0110,8,10,F,1,202309,1,115749,06.7
DLPW,11,C,17,12,C,0110,1,99,GS-12,09,0110,8,15,F,1,202309,1,094199,04.7
DLPW,11,C,17,14,C,0110,1,99,GS-14,13,0110,8,10,F,1,202309,1,136780,04.2
DLPW,11,D,04,14,C,0110,1,99,GS-14,14,0110,8,10,F,1,202309,1,141192,04.1
DLPW,11,D,17,12,C,0110,1,99,GS-12,09,0110,8,10,F,1,202309,1,097339,03.3
DLPW,11,F,04,13,B,0110,1,99,GS-13,11,0110,8,15,F,1,202309,1,115749,01.9
DLPW,11,D,17,13,B,0110,1,99,GS-13,11,0110,8,15,F,1,202309,1,119482,01.8
DLPW,11,D,17,12,B,0110,1,99,GS-12,09,0110,8,15,F,1,202309,1,094199,01.2
DLPW,11,D,04,13,A,0110,1,99,GS-13,12,0110,8,15,F,1,202309,1,123216,00.0
DLSH,24,H,17,13,G,0110,1,99,GS-13,13,0110,8,10,F,1,202309,1,138150,22.4
DLSH,24,H,13,13,G,0110,1,99,GS-13,13,0110,8,10,F,1,202309,1,134416,20.4
DLSH,11,K,21,14,H,0110,1,99,GS-14,16,0110,8,10,F,1,202309,1,167663,25.8
DLSH,11,I,17,15,J,0110,1,99,GS-15,18,0110,8,10,F,1,202309,1,183500,35.0
DLSH,11,J,13,14,J,0110,1,99,GS-14,17,0110,8,10,F,1,202309,1,172075,36.9
DLSH,51,G,17,13,F,0110,1,99,GS-13,13,0110,8,10,F,1,202309,1,134416,15.5
DLSH,11,F,13,15,G,0110,1,99,GS-15,17,0110,2,10,F,1,202309,1,176458,20.3
DLSH,**,J,21,14,J,0110,1,99,GS-14,17,0110,8,10,F,1,202309,1,172075,36.1
DLSH,42,F,13,13,D,0110,1,99,GS-13,10,0110,8,10,F,1,202309,1,108084,07.5
DLSH,11,I,21,14,H,0110,1,99,GS-14,15,0110,8,10,F,1,202309,1,158840,25.3
DLSH,11,I,21,15,E,0110,1,99,GS-15,17,0110,2,10,F,1,202309,1,176458,13.0
DLSH,36,J,21,14,E,0110,1,99,GS-14,16,0110,8,10,F,1,202309,1,163240,11.2
DLSH,06,E,17,13,B,0110,1,99,GS-13,13,0110,8,15,P,2,202309,1,134060,02.9
DLSH,51,F,04,13,C,0110,1,99,GS-13,13,0110,8,10,F,1,202309,1,134416,03.0
DLSH,11,D,21,12,A,0110,1,99,GS-12,09,0110,8,15,F,1,202309,1,094199,00.8
DN00,11,D,17,13,D,0110,1,99,GS-13,11,0110,8,10,F,1,202309,1,119482,07.3
DN00,11,I,17,13,I,0110,1,99,GS-13,14,0110,8,10,F,1,202309,1,145617,31.5
DN00,11,F,17,15,F,0110,1,99,GS-15,18,0110,2,10,F,1,202309,1,183500,18.5
DN00,**,J,13,13,G,0110,1,99,GS-13,14,0110,8,10,F,1,202309,1,141884,21.7
DN00,11,G,17,13,G,0110,1,99,GS-13,13,0110,8,10,F,1,202309,1,134416,22.4
DN00,11,K,21,15,I,0110,1,99,GS-15,18,0110,8,10,F,1,202309,1,183500,32.1
DN00,11,K,18,15,I,0110,1,99,GS-15,18,0110,8,10,F,1,202309,1,183500,33.8
DN00,11,I,17,14,G,0110,1,99,GS-14,16,0110,8,10,F,1,202309,1,167663,23.0
DN00,51,G,13,13,G,0110,1,99,GS-13,13,0110,8,10,F,1,202309,1,138150,21.3
DN00,37,F,17,14,F,0110,1,99,GS-14,13,0110,8,10,F,1,202309,1,133383,16.8
DN00,42,I,21,15,H,0110,1,99,GS-15,18,0110,4,10,F,1,202309,1,183500,28.6
DN00,24,I,13,14,J,0110,1,99,GS-14,15,0110,8,10,F,1,202309,1,158840,41.6
DN00,51,J,21,14,G,0110,1,99,GS-14,16,0110,8,10,F,1,202309,1,167663,22.8
DN00,51,J,17,13,G,0110,1,99,GS-13,13,0110,8,10,F,1,202309,1,138150,22.3
DN00,24,I,17,14,F,0110,1,99,GS-14,15,0110,8,10,F,1,202309,1,158840,18.3
DN00,11,I,17,14,F,0110,1,99,GS-14,16,0110,8,10,F,1,202309,1,167663,19.6
DN00,54,H,13,13,G,0110,1,99,GS-13,14,0110,8,10,F,1,202309,1,145617,22.1
DN00,24,J,17,13,G,0110,1,99,GS-13,14,0110,8,10,F,1,202309,1,141884,23.2
DN00,11,K,21,15,J,0110,1,99,GS-15,18,0110,8,10,F,1,202309,1,183500,45.6
DN00,11,H,21,15,F,0110,1,99,GS-15,16,0110,8,10,F,1,202309,1,160889,18.1
DN00,51,K,21,14,H,0110,1,99,GS-14,16,0110,8,10,F,1,202309,1,167663,28.2
DN00,41,I,14,14,I,0110,1,99,GS-14,16,0110,5,10,F,1,202309,1,162322,34.5
DN00,41,G,13,14,G,0110,1,99,GS-14,14,0110,2,10,F,1,202309,1,145674,21.3
DN00,42,F,17,15,F,0110,1,99,GS-15,15,0110,2,10,F,1,202309,1,150886,19.0
DN00,06,F,17,14,F,0110,1,99,GS-14,16,0110,8,10,F,1,202309,1,168018,16.9
DN00,51,F,17,13,G,0110,1,99,GS-13,14,0110,8,10,F,1,202309,1,141884,21.0
DN00,11,I,21,15,G,0110,1,99,GS-15,18,0110,8,10,F,1,202309,1,183500,20.6
DN00,11,F,17,14,E,0110,1,99,GS-14,13,0110,8,10,F,1,202309,1,136780,13.3
DN00,42,F,17,14,F,0110,1,99,GS-14,14,0110,8,10,F,1,202309,1,140301,17.2
DN00,41,I,13,13,I,0110,1,99,GS-13,13,0110,8,10,F,1,202309,1,137363,34.6
DN00,51,H,21,15,E,0110,1,99,GS-15,17,0110,8,10,F,1,202309,1,171268,13.6
DN00,41,I,17,13,F,0110,1,99,GS-13,13,0110,8,10,F,1,202309,1,137363,19.8
DN00,13,G,17,13,E,0110,1,99,GS-13,12,0110,8,10,F,1,202309,1,124809,14.3
DN00,11,H,17,15,E,0110,1,99,GS-15,18,0110,2,10,F,1,202309,1,183500,14.3
DN00,11,E,17,13,E,0110,1,99,GS-13,13,0110,8,10,F,1,202309,1,134416,14.3
DN00,11,F,13,14,E,0110,1,99,GS-14,15,0110,8,10,F,1,202309,1,154428,14.2
DN00,11,E,21,15,B,0110,1,99,GS-15,18,0110,2,15,F,1,202309,1,181648,02.1
DN00,11,F,17,14,D,0110,1,99,GS-14,13,0110,8,10,F,1,202309,1,136780,08.4
DN00,41,E,17,12,D,0110,1,99,GS-12,09,0110,8,10,F,1,202309,1,091822,05.2
DN00,41,G,20,14,E,0110,1,99,GS-14,14,0110,2,10,F,1,202309,1,149836,14.2
DN00,51,K,17,14,J,0110,1,99,GS-14,16,0110,8,10,F,1,202309,1,167663,35.1
DN00,24,H,17,14,G,0110,1,99,GS-14,17,0110,8,10,F,1,202309,1,172075,24.4
DN00,**,G,04,13,A,0110,1,99,GS-13,11,0110,8,15,F,1,202309,1,115749,00.0
DN00,11,F,17,14,E,0110,1,99,GS-14,14,0110,8,10,F,1,202309,1,145604,12.6
DN00,11,F,17,15,E,0110,1,99,GS-15,17,0110,2,10,F,1,202309,1,176458,13.2
DN00,11,F,17,15,E,0110,1,99,GS-15,17,0110,8,10,F,1,202309,1,171268,13.1
DN00,**,E,13,14,E,0110,1,99,GS-14,14,0110,8,10,F,1,202309,1,145604,13.0
DN00,41,F,17,13,E,0110,1,99,GS-13,12,0110,8,10,F,1,202309,1,123275,12.6
DN00,11,E,17,15,D,0110,1,99,GS-15,18,0110,8,10,F,1,202309,1,183500,05.3
DN00,51,I,13,14,E,0110,1,99,GS-14,14,0110,8,10,F,1,202309,1,145604,12.3
DN00,48,G,17,14,D,0110,1,99,GS-14,13,0110,8,15,F,1,202309,1,134346,05.8
DN00,11,D,13,15,E,0110,1,99,GS-15,15,0110,8,10,F,1,202309,1,155700,12.3
DN00,11,K,17,15,E,0110,1,99,GS-15,18,0110,2,10,F,1,202309,1,183500,11.8
DN00,11,F,04,14,A,0110,1,99,GS-14,17,0110,8,15,F,1,202309,1,172075,00.9
DN00,45,F,13,13,E,0110,1,99,GS-13,10,0110,8,10,F,1,202309,1,108345,10.2
DN00,11,E,17,15,E,0110,1,99,GS-15,17,0110,8,10,F,1,202309,1,171268,10.3
DN00,11,E,17,13,D,0110,1,99,GS-13,11,0110,8,10,F,1,202309,1,115749,09.2
DN00,13,F,17,13,D,0110,1,99,GS-13,11,0110,8,10,F,1,202309,1,110942,08.8
DN00,11,F,04,12,B,0110,1,99,GS-12,11,0110,8,15,F,1,202309,1,119319,01.3
DN00,11,E,13,15,D,0110,1,99,GS-15,16,0110,8,10,F,1,202309,1,166079,09.0
DN00,11,G,17,15,D,0110,1,99,GS-15,16,0110,8,10,F,1,202309,1,160889,08.9
DN00,24,F,17,13,B,0110,1,99,GS-13,12,0110,8,10,F,1,202309,1,126949,02.1
DN00,54,D,21,14,B,0110,1,99,GS-14,12,0110,8,15,F,1,202309,1,120272,01.3
DN00,11,G,15,13,D,0110,1,99,GS-13,12,0110,8,10,F,1,202309,1,123216,08.3
DN00,11,D,13,14,D,0110,1,99,GS-14,14,0110,8,10,F,1,202309,1,145604,08.3
DN00,37,E,21,14,D,0110,1,99,GS-14,13,0110,8,10,F,1,202309,1,137425,08.2
DN00,08,F,04,13,D,0110,1,99,GS-13,10,0110,8,15,F,1,202309,1,109107,08.1
DN00,51,E,13,13,D,0110,1,99,GS-13,12,0110,8,10,F,1,202309,1,123216,08.1
DN00,11,D,17,13,D,0110,1,99,GS-13,12,0110,8,10,F,1,202309,1,123216,06.4
DN00,51,D,04,14,C,0110,1,99,GS-14,14,0110,8,10,F,1,202309,1,141192,03.6
DN00,11,D,17,13,D,0110,1,99,GS-13,12,0110,8,10,F,1,202309,1,123216,07.7
DN00,51,H,17,13,D,0110,1,99,GS-13,13,0110,8,10,F,1,202309,1,134416,07.6
DN00,11,E,17,14,D,0110,1,99,GS-14,14,0110,8,10,F,1,202309,1,145604,07.3
DN00,41,E,17,11,A,0110,1,99,GS-11,09,0110,8,15,F,1,202309,1,096375,00.4
DN00,11,I,17,13,D,0110,1,99,GS-13,12,0110,8,10,F,1,202309,1,126949,06.8
DN00,**,D,17,14,D,0110,1,99,GS-14,13,0110,8,10,F,1,202309,1,136780,06.7
DN00,24,F,17,14,D,0110,1,99,GS-14,14,0110,8,10,F,1,202309,1,141192,06.7
DN00,11,D,17,13,D,0110,1,99,GS-13,12,0110,8,10,F,1,202309,1,123216,06.7
DN00,32,D,04,13,A,0110,1,99,GS-13,10,0110,8,15,F,1,202309,1,108473,00.9
DN00,41,F,15,09,F,0110,1,99,GS-09,07,0110,8,10,F,1,202309,1,079655,16.0
DN00,51,C,17,13,C,0110,1,99,GS-13,11,0110,8,15,F,1,202309,1,115749,04.9
DN00,11,D,21,14,A,0110,1,99,GS-14,13,0110,8,15,F,1,202309,1,132368,00.9
DN00,11,E,13,13,C,0110,1,99,GS-13,11,0110,8,10,F,1,202309,1,119482,04.2
DN00,24,D,17,13,C,0110,1,99,GS-13,11,0110,8,10,F,1,202309,1,119482,04.1
DN00,11,G,21,14,C,0110,1,99,GS-14,13,0110,8,10,F,1,202309,1,132368,04.1
DN00,51,C,17,13,C,0110,1,99,GS-13,11,0110,8,10,F,1,202309,1,119482,04.1
DN00,51,C,17,13,C,0110,1,99,GS-13,11,0110,8,10,F,1,202309,1,119482,04.1
DN00,17,D,17,13,C,0110,1,99,GS-13,12,0110,8,10,F,1,202309,1,120705,04.0
DN00,53,E,21,13,C,0110,1,99,GS-13,11,0110,8,10,F,1,202309,1,113198,03.8
DN00,08,E,04,13,C,0110,1,99,GS-13,12,0110,8,10,F,1,202309,1,120017,03.8
DN00,11,C,13,13,C,0110,1,99,GS-13,11,0110,8,10,F,1,202309,1,115749,03.5
DN00,48,E,17,13,C,0110,1,99,GS-13,10,0110,8,10,F,1,202309,1,103090,03.5
DN00,11,D,04,13,C,0110,1,99,GS-13,11,0110,8,10,F,1,202309,1,115749,03.5
DN00,11,D,17,14,C,0110,1,99,GS-14,13,0110,8,10,F,1,202309,1,132368,03.2
DN00,48,C,04,13,B,0110,1,99,GS-13,11,0110,8,15,F,1,202309,1,113689,02.8
DN00,41,C,13,11,B,0110,1,99,GS-11,07,0110,8,15,F,1,202309,1,074137,02.6
DN00,41,E,18,12,B,0110,1,99,GS-12,09,0110,8,15,F,1,202309,1,094784,02.6
DN00,11,F,04,12,B,0110,1,99,GS-12,10,0110,8,15,F,1,202309,1,100479,02.5
DN00,24,G,04,13,B,0110,1,99,GS-13,11,0110,8,15,F,1,202309,1,115749,02.3
DN00,11,D,04,13,B,0110,1,99,GS-13,11,0110,8,10,F,1,202309,1,112015,02.3
DN00,48,D,17,11,D,0110,1,99,GS-11,09,0110,8,15,F,1,202309,1,090400,06.3
DN00,24,E,21,13,B,0110,1,99,GS-13,11,0110,8,15,F,1,202309,1,119482,02.2
DN00,24,D,13,13,B,0110,1,99,GS-13,11,0110,8,15,F,1,202309,1,115749,02.2
DN00,51,I,04,13,B,0110,1,99,GS-13,14,0110,8,15,F,1,202309,1,141884,02.1
DN00,17,D,12,13,B,0110,1,99,GS-13,11,0110,8,15,F,1,202309,1,117047,02.0
DN00,11,J,17,14,B,0110,1,99,GS-14,16,0110,8,15,F,1,202309,1,167663,01.9
DN00,34,I,17,13,B,0110,1,99,GS-13,11,0110,8,15,F,1,202309,1,118955,01.9
DN00,51,D,07,13,B,0110,1,99,GS-13,11,0110,8,15,F,1,202309,1,112015,01.9
DN00,11,I,04,14,B,0110,1,99,GS-14,13,0110,8,15,F,1,202309,1,136780,01.8
DN00,51,E,13,13,B,0110,1,99,GS-13,11,0110,8,15,F,1,202309,1,112015,01.6
DN00,11,G,04,15,B,0110,1,99,GS-15,17,0110,2,15,F,1,202309,1,176458,01.6
DN00,11,F,04,14,B,0110,1,99,GS-14,13,0110,8,15,F,1,202309,1,136780,01.3
DN00,11,D,04,15,B,0110,1,99,GS-15,15,0110,8,15,F,1,202309,1,155700,01.3
DN00,11,E,04,11,A,0110,1,99,GS-11,07,0110,8,15,F,1,202309,1,078592,00.8
DN00,41,D,17,13,B,0110,1,99,GS-13,10,0110,8,15,F,1,202309,1,105666,01.2
DN00,41,E,18,12,B,0110,1,99,GS-12,08,0110,8,15,F,1,202309,1,088860,01.0
DN00,49,C,04,13,A,0110,1,99,GS-13,10,0110,8,15,F,1,202309,1,108345,00.9
DN00,41,E,17,12,A,0110,1,99,GS-12,09,0110,8,15,F,1,202309,1,097746,00.5
DN00,41,C,17,09,A,0110,1,99,GS-09,07,0110,8,15,F,1,202309,1,075570,00.4
DN00,11,E,04,13,A,0110,1,99,GS-13,11,0110,8,15,F,1,202309,1,119482,00.4
DN00,26,E,04,12,A,0110,1,99,GS-12,08,0110,8,15,F,1,202309,1,082830,00.4
DN00,06,B,04,12,A,0110,1,99,GS-12,09,0110,8,15,F,1,202309,1,095905,00.4
DN00,11,D,04,14,A,0110,1,99,GS-14,14,0110,8,15,F,1,202309,1,145604,00.3
DN00,48,C,04,11,C,0110,1,99,GS-11,07,0110,8,10,F,1,202309,1,074961,03.2
DN00,11,C,17,13,A,0110,1,99,GS-13,11,0110,8,15,F,1,202309,1,112015,00.3
DN00,06,F,04,14,A,0110,1,99,GS-14,17,0110,8,15,F,1,202309,1,177619,00.3
DN00,41,E,21,12,A,0110,1,99,GS-12,11,0110,8,15,F,1,202309,1,115518,00.3
DN00,24,E,04,14,A,0110,1,99,GS-14,14,0110,8,15,F,1,202309,1,145604,00.2
DN00,41,E,21,11,A,0110,1,99,GS-11,07,0110,8,15,F,1,202309,1,074137,00.2
DN00,41,D,13,09,A,0110,1,99,GS-09,06,0110,8,15,F,1,202309,1,061275,00.2
DN00,05,E,04,11,A,0110,1,99,GS-11,06,0110,8,15,F,1,202309,1,069107,00.2
DN00,11,C,17,13,A,0110,1,99,GS-13,11,0110,8,15,F,1,202309,1,112015,00.1
DN00,12,D,04,11,A,0110,1,99,GS-11,06,0110,8,15,F,1,202309,1,069107,00.1
DN00,36,C,04,11,A,0110,1,99,GS-11,07,0110,8,15,F,1,202309,1,079181,00.0
DN00,48,H,04,13,A,0110,1,99,GS-13,11,0110,8,15,F,1,202309,1,113689,00.0
DNFE,11,J,13,13,G,0110,1,99,GS-13,14,0110,8,10,F,1,202309,1,141884,21.6
DNFE,11,F,13,13,F,0110,1,99,GS-13,13,0110,8,10,F,1,202309,1,138150,17.2
DNFE,11,J,21,14,G,0110,1,99,GS-14,17,0110,8,10,F,1,202309,1,172075,21.9
DNFE,11,H,17,15,F,0110,1,99,GS-15,18,0110,8,10,F,1,202309,1,183500,18.8
DNFE,11,I,13,15,G,0110,1,99,GS-15,18,0110,8,10,F,1,202309,1,183500,21.0
DNFE,11,F,17,13,E,0110,1,99,GS-13,13,0110,8,10,F,1,202309,1,130683,10.8
DNFE,11,G,17,13,E,0110,1,99,GS-13,12,0110,8,10,F,1,202309,1,126949,14.4
DNFE,11,F,21,,D,0110,1,SL,SL-00,18,0110,8,10,F,1,202309,1,187500,08.9
DNFE,11,F,21,13,E,0110,1,99,GS-13,12,0110,8,15,F,1,202309,1,126949,11.2
DNFE,11,J,21,13,E,0110,1,99,GS-13,14,0110,8,10,F,1,202309,1,145617,13.3
DNFE,11,F,17,13,D,0110,1,99,GS-13,12,0110,8,10,F,1,202309,1,126949,08.9
DNFE,11,K,15,14,J,0110,1,99,GS-14,17,0110,8,10,F,1,202309,1,172075,35.9
DNFE,11,D,17,13,E,0110,1,99,GS-13,12,0110,8,10,F,1,202309,1,126949,11.0
DNFE,11,D,17,13,E,0110,1,99,GS-13,12,0110,8,10,F,1,202309,1,126949,10.0
DNFE,11,E,13,13,D,0110,1,99,GS-13,12,0110,8,10,F,1,202309,1,126949,09.9
DNFE,11,D,14,14,D,0110,1,99,GS-14,13,0110,8,10,F,1,202309,1,136780,09.3
DNFE,11,E,17,13,D,0110,1,99,GS-13,12,0110,8,10,F,1,202309,1,126949,08.5
DNFE,11,E,21,13,D,0110,1,99,GS-13,12,0110,8,10,F,1,202309,1,126949,08.3
DNFE,11,D,17,13,D,0110,1,99,GS-13,12,0110,8,10,F,1,202309,1,126949,08.3
DNFE,11,E,13,13,D,0110,1,99,GS-13,11,0110,8,15,F,1,202309,1,119482,06.7
DNFE,11,I,17,13,D,0110,1,99,GS-13,13,0110,8,10,F,1,202309,1,130683,07.8
DNFE,11,C,11,13,D,0110,1,99,GS-13,11,0110,8,10,F,1,202309,1,119482,06.3
DNFE,11,E,17,13,D,0110,1,99,GS-13,11,0110,8,10,F,1,202309,1,115749,07.5
DNFE,51,F,17,15,D,0110,1,99,GS-15,17,0110,8,15,F,1,202309,1,177978,05.7
DNFE,11,D,17,13,D,0110,1,99,GS-13,11,0110,8,10,F,1,202309,1,119482,05.5
DNFE,11,F,13,13,D,0110,1,99,GS-13,12,0110,8,10,F,1,202309,1,123216,05.0
DNFE,24,G,21,13,C,0110,1,99,GS-13,12,0110,8,10,F,1,202309,1,123216,04.9
DNFE,11,E,17,13,C,0110,1,99,GS-13,11,0110,8,10,F,1,202309,1,119482,04.6
DNFE,11,E,18,13,C,0110,1,99,GS-13,11,0110,8,10,F,1,202309,1,119482,04.4
DNFE,11,C,17,13,C,0110,1,99,GS-13,11,0110,8,10,F,1,202309,1,115749,03.6
DNFE,11,C,17,13,B,0110,1,99,GS-13,11,0110,8,15,F,1,202309,1,112015,01.2
DNFE,11,D,17,13,C,0110,1,99,GS-13,11,0110,8,10,F,1,202309,1,115749,03.9
DNFE,11,D,13,12,D,0110,1,99,GS-12,09,0110,8,15,F,1,202309,1,097339,06.9
DNFE,11,E,21,14,C,0110,1,99,GS-14,13,0110,8,10,F,1,202309,1,132368,03.5
DNFE,11,E,17,13,C,0110,1,99,GS-13,11,0110,8,10,F,1,202309,1,119482,03.3
DNFE,11,G,21,13,C,0110,1,99,GS-13,12,0110,8,10,F,1,202309,1,126949,03.3
DNFE,11,E,17,13,C,0110,1,99,GS-13,11,0110,8,10,F,1,202309,1,119482,03.2
DNFE,11,D,13,12,C,0110,1,99,GS-12,09,0110,8,15,F,1,202309,1,094199,03.1
DNFE,11,F,14,14,C,0110,1,99,GS-14,14,0110,8,15,F,1,202309,1,145604,03.0
DNFE,11,E,13,13,B,0110,1,99,GS-13,11,0110,8,15,F,1,202309,1,119482,02.5
DNFE,11,D,13,13,B,0110,1,99,GS-13,11,0110,8,15,F,1,202309,1,119482,02.4
DNFE,11,C,15,12,B,0110,1,99,GS-12,10,0110,8,15,F,1,202309,1,109899,01.3
DNFE,11,C,17,12,B,0110,1,99,GS-12,09,0110,8,15,F,1,202309,1,094199,02.2
DNFE,11,B,13,09,B,0110,1,99,GS-09,06,0110,8,35,F,1,202309,1,064957,01.8
DNFE,11,E,17,12,B,0110,1,99,GS-12,09,0110,8,15,F,1,202309,1,094199,01.8
DNFE,11,K,21,15,B,0110,1,99,GS-15,18,0110,8,44,F,2,202309,1,183500,01.7
DNFE,11,D,21,12,B,0110,1,99,GS-12,10,0110,8,15,F,1,202309,1,109899,01.0
DNFE,11,D,13,09,B,0110,1,99,GS-09,06,0110,8,15,F,1,202309,1,064957,01.3
DNFE,11,D,17,12,B,0110,1,99,GS-12,10,0110,8,15,F,1,202309,1,109899,01.3
DNFE,11,D,22,12,B,0110,1,99,GS-12,10,0110,8,15,F,1,202309,1,109899,01.2
DNFE,11,I,21,12,B,0110,1,99,GS-12,09,0110,8,15,F,1,202309,1,094199,01.2
DNFE,11,D,21,12,B,0110,1,99,GS-12,09,0110,8,15,F,1,202309,1,094199,01.2
DNFE,11,C,17,09,A,0110,1,99,GS-09,07,0110,8,35,F,1,202309,1,073617,00.4
DNFE,11,B,13,07,A,0110,1,99,GS-07,05,0110,8,35,F,1,202309,1,058415,00.7
DNFE,11,C,17,07,A,0110,1,99,GS-07,06,0110,8,35,F,1,202309,1,069035,00.7
DNFE,11,B,15,07,A,0110,1,99,GS-07,06,0110,8,35,F,1,202309,1,065495,00.5
DNFE,11,B,13,07,A,0110,1,99,GS-07,05,0110,8,35,F,1,202309,1,053105,00.4
DNFE,11,B,17,09,A,0110,1,99,GS-09,06,0110,8,35,F,1,202309,1,064957,00.4
DNFE,11,K,21,12,A,0110,1,99,GS-12,10,0110,8,15,F,1,202309,1,103619,00.4
DNFE,11,B,13,07,A,0110,1,99,GS-07,05,0110,8,35,F,1,202309,1,053105,00.3
DNFE,11,D,17,11,A,0110,1,99,GS-11,07,0110,8,15,F,1,202309,1,078592,00.3
DNFE,11,C,21,09,A,0110,1,99,GS-09,06,0110,8,35,F,1,202309,1,064957,00.3
DNFE,11,B,17,07,A,0110,1,99,GS-07,05,0110,8,35,F,1,202309,1,053105,00.3
DNFE,11,B,13,07,A,0110,1,99,GS-07,05,0110,8,35,F,1,202309,1,053105,00.0
DNFE,11,D,17,09,A,0110,1,99,GS-09,06,0110,8,35,F,1,202309,1,064957,00.0
EB00,11,K,17,14,J,0110,1,99,GS-14,17,0110,8,10,F,1,202309,1,172075,45.0
EB00,11,I,13,14,I,0110,1,99,GS-14,15,0110,8,10,F,1,202309,1,158840,32.3
EB00,11,J,21,14,G,0110,1,99,GS-14,15,0110,8,10,F,1,202309,1,158840,23.1
EB00,11,E,17,13,D,0110,1,99,GS-13,11,0110,8,10,F,1,202309,1,119482,05.4
EB00,11,C,17,13,B,0110,1,99,GS-13,11,0110,8,15,F,1,202309,1,112015,01.9
EB00,11,C,17,13,C,0110,1,99,GS-13,11,0110,8,10,F,1,202309,1,115749,04.0
EB00,11,H,17,,C,0110,1,99,AD-00,18,0110,2,10,F,1,202309,1,181543,03.6
EB00,11,G,17,13,B,0110,1,99,GS-13,13,0110,8,15,F,1,202309,1,138150,01.2
EE00,47,G,21,14,E,0110,1,99,GS-14,13,0110,8,10,F,1,202309,1,135790,11.2
EE00,11,E,18,14,D,0110,1,99,GS-14,15,0110,8,10,F,1,202309,1,154428,07.9
EE00,11,C,21,13,A,0110,1,99,GS-13,11,0110,8,15,F,1,202309,1,112015,00.1
EE00,11,F,21,14,D,0110,1,99,GS-14,13,0110,8,10,F,1,202309,1,136780,05.3
EE00,11,D,21,13,B,0110,1,99,GS-13,11,0110,8,15,F,1,202309,1,115749,02.3
EE00,35,E,21,14,A,0110,1,99,GS-14,12,0110,8,15,F,1,202309,1,121439,00.6
EE00,06,C,21,13,A,0110,1,99,GS-13,12,0110,8,15,F,1,202309,1,129249,00.5
EE00,11,G,21,13,A,0110,1,99,GS-13,13,0110,8,15,F,1,202309,1,130683,00.1
EE00,11,C,21,13,A,0110,1,99,GS-13,11,0110,8,15,F,1,202309,1,112015,00.1
EP00,11,I,21,14,F,0110,1,99,GS-14,15,0110,8,10,F,1,202309,1,158840,18.7
EP00,11,F,21,14,D,0110,1,99,GS-14,14,0110,8,10,F,1,202309,1,141192,08.8
EP00,09,H,21,,B,0110,1,99,EF-00,11,0110,8,48,I,2,202309,1,110256,01.5
EP00,11,F,17,13,G,0110,1,99,GS-13,14,0110,8,10,F,1,202309,1,141884,20.1
EP00,11,H,21,15,G,0110,1,99,GS-15,18,0110,8,10,F,1,202309,1,183500,22.3
EP00,37,H,21,14,F,0110,1,99,GS-14,14,0110,8,10,F,1,202309,1,145508,15.9
EP00,11,I,21,14,H,0110,1,99,GS-14,17,0110,8,10,F,1,202309,1,172075,26.1
EP00,11,J,17,13,I,0110,1,99,GS-13,14,0110,8,10,F,1,202309,1,145617,31.3
EP00,11,K,21,15,J,0110,1,99,GS-15,18,0110,8,10,F,1,202309,1,183500,39.0
EP00,11,G,21,15,F,0110,1,99,GS-15,17,0110,8,10,F,1,202309,1,176458,15.2
EP00,11,F,14,15,F,0110,1,99,GS-15,18,0110,2,10,F,1,202309,1,183500,17.1
EP00,11,K,17,13,I,0110,1,99,GS-13,14,0110,8,10,F,1,202309,1,145617,32.7
EP00,11,I,21,15,H,0110,1,99,GS-15,18,0110,8,10,F,1,202309,1,183500,26.8
EP00,24,H,17,14,H,0110,1,99,GS-14,16,0110,8,10,F,1,202309,1,167663,29.0
EP00,11,J,21,13,H,0110,1,99,GS-13,14,0110,8,10,F,1,202309,1,145617,25.3
EP00,37,I,18,14,G,0110,1,99,GS-14,15,0110,8,10,F,1,202309,1,151308,24.6
EP00,24,I,14,14,I,0110,1,99,GS-14,17,0110,8,10,F,1,202309,1,172075,34.8
EP00,11,H,14,14,H,0110,1,99,GS-14,16,0110,8,10,F,1,202309,1,167663,28.8
EP00,11,J,17,15,I,0110,1,99,GS-15,18,0110,8,10,F,1,202309,1,183500,32.9
EP00,37,K,22,13,F,0110,1,99,GS-13,13,0110,8,10,F,1,202309,1,133395,18.7
EP00,11,J,17,14,I,0110,1,99,GS-14,15,0110,8,10,F,1,202309,1,154428,30.9
EP00,11,E,17,13,E,0110,1,99,GS-13,14,0110,8,15,F,1,202309,1,145617,14.6
EP00,39,I,21,15,H,0110,1,99,GS-15,17,0110,5,10,F,1,202309,1,175881,25.2
EP00,11,J,21,15,I,0110,1,99,GS-15,18,0110,8,10,F,1,202309,1,183500,33.5
EP00,25,G,21,15,F,0110,1,99,GS-15,17,0110,8,10,F,1,202309,1,179673,19.1
EP00,11,H,21,15,F,0110,1,99,GS-15,18,0110,8,10,F,1,202309,1,183500,16.0
EP00,51,I,17,15,I,0110,1,99,GS-15,18,0110,8,10,F,1,202309,1,183500,31.3
EP00,11,I,21,15,H,0110,1,99,GS-15,18,0110,8,10,F,1,202309,1,183500,26.1
EP00,11,G,17,14,G,0110,1,99,GS-14,16,0110,8,10,F,1,202309,1,163252,20.0
EP00,11,K,17,15,J,0110,1,99,GS-15,18,0110,2,10,F,1,202309,1,183500,37.5
EP00,11,H,18,15,G,0110,1,99,GS-15,18,0110,8,10,F,1,202309,1,183500,22.0
EP00,11,I,21,15,G,0110,1,99,GS-15,18,0110,8,10,F,1,202309,1,183500,24.9
EP00,11,G,17,14,F,0110,1,99,GS-14,16,0110,8,10,F,1,202309,1,167663,16.7
EP00,11,G,22,15,G,0110,1,99,GS-15,18,0110,2,10,F,1,202309,1,183500,20.1
EP00,11,I,14,14,I,0110,1,99,GS-14,17,0110,8,10,F,1,202309,1,172075,32.2
EP00,11,I,21,14,H,0110,1,99,GS-14,17,0110,8,10,F,1,202309,1,172075,26.7
EP00,11,G,21,15,F,0110,1,99,GS-15,18,0110,8,10,F,1,202309,1,181648,16.0
EP00,11,I,17,14,F,0110,1,99,GS-14,15,0110,8,10,F,1,202309,1,158840,18.1
EP00,39,H,22,14,G,0110,1,99,GS-14,15,0110,8,10,F,1,202309,1,153566,22.7
EP00,37,H,21,13,F,0110,1,99,GS-13,13,0110,8,10,F,1,202309,1,133395,19.6
EP00,11,I,21,14,H,0110,1,99,GS-14,17,0110,8,10,F,1,202309,1,172075,26.3
EP00,11,G,20,15,G,0110,1,99,GS-15,18,0110,8,10,F,1,202309,1,183500,20.2
EP00,11,J,21,15,G,0110,1,99,GS-15,18,0110,2,10,F,1,202309,1,183500,22.0
EP00,11,J,21,15,H,0110,1,99,GS-15,18,0110,2,10,F,1,202309,1,183500,25.3
EP00,11,J,21,15,H,0110,1,99,GS-15,18,0110,8,10,F,1,202309,1,183500,26.3
EP00,08,K,17,,B,0110,1,99,EF-00,11,0110,8,48,I,2,202309,1,110256,01.7
EP00,11,H,17,15,H,0110,1,99,GS-15,18,0110,2,10,F,1,202309,1,183500,26.4
EP00,11,H,13,14,E,0110,1,99,GS-14,17,0110,7,10,F,1,202309,1,172075,10.5
EP00,24,G,17,14,E,0110,1,99,GS-14,14,0110,8,10,P,2,202309,1,149008,14.3
EP00,11,F,17,13,E,0110,1,99,GS-13,13,0110,8,10,F,1,202309,1,138150,14.3
EP00,37,I,17,14,F,0110,1,99,GS-14,14,0110,8,10,F,1,202309,1,141466,18.3
EP00,11,F,21,14,D,0110,1,99,GS-14,15,0110,8,10,F,1,202309,1,158840,09.3
EP00,18,K,21,,D,0110,1,99,ED-00,11,0110,8,48,I,2,202309,1,110256,05.4
EP00,11,F,21,,E,0110,1,SL,SL-00,19,0110,8,10,F,1,202309,1,192649,14.2
EP00,25,I,21,,B,0110,1,99,EF-00,11,0110,8,48,I,2,202309,1,110256,01.4
EP00,24,F,17,14,E,0110,1,99,GS-14,15,0110,7,10,F,1,202309,1,150016,13.3
EP00,11,E,13,14,F,0110,1,99,GS-14,15,0110,8,10,F,1,202309,1,158840,15.3
EP00,11,E,11,13,E,0110,1,99,GS-13,13,0110,8,10,F,1,202309,1,134416,13.3
EP00,39,G,14,13,E,0110,1,99,GS-13,12,0110,8,10,F,1,202309,1,126534,12.8
EP00,51,K,21,,B,0110,1,99,EF-00,11,0110,8,48,I,2,202309,1,110256,01.8
EP00,11,F,21,14,D,0110,1,99,GS-14,14,0110,8,10,F,1,202309,1,145604,08.1
EP00,11,E,17,13,E,0110,1,99,GS-13,13,0110,8,10,F,1,202309,1,134416,12.1
EP00,41,H,21,13,E,0110,1,99,GS-13,12,0110,8,10,F,1,202309,1,126797,11.9
EP00,11,H,21,14,B,0110,1,99,GS-14,15,0110,8,15,F,1,202309,1,150016,01.8
EP00,11,H,13,14,E,0110,1,99,GS-14,15,0110,8,10,F,1,202309,1,150016,11.8
EP00,11,F,13,14,E,0110,1,99,GS-14,15,0110,8,10,F,1,202309,1,154428,10.5
EP00,24,E,21,13,E,0110,1,99,GS-13,13,0110,8,10,F,1,202309,1,130683,10.4
EP00,37,D,13,13,D,0110,1,99,GS-13,10,0110,8,15,F,1,202309,1,106034,05.8
EP00,11,F,17,13,E,0110,1,99,GS-13,12,0110,8,10,F,1,202309,1,126949,11.8
EP00,51,E,13,13,D,0110,1,99,GS-13,12,0110,8,10,F,1,202309,1,123216,09.2
EP00,39,I,21,,B,0110,1,99,EH-00,30,0110,8,48,I,2,202309,1,,01.9
EP00,39,I,21,,D,0110,1,99,EH-00,12,0110,8,48,I,2,202309,1,123759,08.8
EP00,37,F,17,13,D,0110,1,99,GS-13,11,0110,8,10,F,1,202309,1,119715,08.6
EP00,08,E,21,14,C,0110,1,99,GS-14,13,0110,8,10,F,1,202309,1,133229,03.3
EP00,11,D,17,13,D,0110,1,99,GS-13,11,0110,8,10,F,1,202309,1,119482,06.7
EP00,51,D,17,13,D,0110,1,99,GS-13,12,0110,8,10,F,1,202309,1,123216,08.2
EP00,11,D,13,13,D,0110,1,99,GS-13,12,0110,8,10,F,1,202309,1,126949,08.2
EP00,11,D,18,13,A,0110,1,99,GS-13,13,0110,8,15,F,1,202309,1,130683,00.1
EP00,44,E,21,13,D,0110,1,99,GS-13,12,0110,8,10,F,1,202309,1,125569,08.1
EP00,11,E,17,13,D,0110,1,99,GS-13,12,0110,8,10,F,1,202309,1,126949,08.1
EP00,11,G,21,14,D,0110,1,99,GS-14,13,0110,8,10,F,1,202309,1,136780,08.1
EP00,06,D,17,13,D,0110,1,99,GS-13,13,0110,8,10,F,1,202309,1,130209,08.0
EP00,11,D,17,14,D,0110,1,99,GS-14,13,0110,8,15,F,1,202309,1,132368,08.0
EP00,11,D,17,13,D,0110,1,99,GS-13,12,0110,8,10,F,1,202309,1,123216,07.8
EP00,26,F,18,13,D,0110,1,99,GS-13,12,0110,8,10,F,1,202309,1,123002,07.8
EP00,36,H,21,,D,0110,1,99,EF-00,11,0110,8,48,I,2,202309,1,110256,07.6
EP00,37,J,21,,B,0110,1,99,EF-00,11,0110,8,48,I,2,202309,1,110256,01.5
EP00,26,H,21,13,D,0110,1,99,GS-13,11,0110,8,10,F,1,202309,1,119384,06.7
EP00,11,D,14,14,D,0110,1,99,GS-14,14,0110,8,10,F,1,202309,1,141192,05.3
EP00,37,F,21,,D,0110,1,99,EF-00,10,0110,8,48,I,2,202309,1,104350,05.3
EP00,41,C,17,13,D,0110,1,99,GS-13,10,0110,8,10,F,1,202309,1,105666,05.0
EP00,37,E,21,13,C,0110,1,99,GS-13,12,0110,8,10,F,1,202309,1,126555,04.8
EP00,37,D,17,13,C,0110,1,99,GS-13,10,0110,8,10,F,1,202309,1,109454,04.3
EP00,11,D,21,13,C,0110,1,99,GS-13,11,0110,8,10,F,1,202309,1,119482,04.3
EP00,11,E,17,13,C,0110,1,99,GS-13,14,0110,8,10,F,1,202309,1,145617,04.0
EP00,53,E,21,12,C,0110,1,99,GS-12,09,0110,8,40,F,2,202309,1,091113,03.5
EP00,25,H,21,,A,0110,1,99,EF-00,11,0110,8,48,I,2,202309,1,110256,00.5
EP00,37,D,17,13,C,0110,1,99,GS-13,10,0110,8,10,F,1,202309,1,109454,03.2
EP00,51,D,17,13,C,0110,1,99,GS-13,11,0110,8,10,F,1,202309,1,112015,03.3
EP00,11,D,18,13,C,0110,1,99,GS-13,11,0110,8,15,F,1,202309,1,115749,03.1
EP00,11,D,21,14,C,0110,1,99,GS-14,13,0110,8,10,F,1,202309,1,132368,03.1
EP00,12,D,17,13,C,0110,1,99,GS-13,10,0110,8,10,F,1,202309,1,104955,03.0
EP00,37,F,21,13,B,0110,1,99,GS-13,11,0110,8,15,F,1,202309,1,119715,02.7
EP00,11,D,17,13,B,0110,1,99,GS-13,11,0110,8,15,F,1,202309,1,119482,02.3
EP00,11,D,18,12,A,0110,1,99,GS-12,10,0110,8,15,F,1,202309,1,103619,00.0
EP00,06,D,21,13,B,0110,1,99,GS-13,13,0110,8,15,F,1,202309,1,134060,02.1
EP00,11,D,21,13,B,0110,1,99,GS-13,13,0110,8,15,F,1,202309,1,134416,02.0
EP00,21,E,21,,B,0110,1,99,EH-00,11,0110,8,48,I,2,202309,1,110256,01.9
EP00,25,F,21,,B,0110,1,99,EH-00,11,0110,8,48,I,2,202309,1,110256,01.9
EP00,11,D,21,13,B,0110,1,99,GS-13,11,0110,8,15,F,1,202309,1,112015,01.9
EP00,06,D,17,13,B,0110,1,99,GS-13,12,0110,8,15,F,1,202309,1,121873,01.9
EP00,37,E,18,13,B,0110,1,99,GS-13,10,0110,8,15,F,1,202309,1,102613,01.3
EP00,37,C,17,12,B,0110,1,99,GS-12,08,0110,8,15,F,1,202309,1,086293,01.3
EP00,37,G,21,13,B,0110,1,99,GS-13,10,0110,8,15,F,1,202309,1,109454,01.3
EP00,11,E,21,13,B,0110,1,99,GS-13,14,0110,8,15,F,1,202309,1,145617,01.2
EP00,37,D,21,13,B,0110,1,99,GS-13,11,0110,8,15,F,1,202309,1,116294,01.0
EP00,27,I,17,,A,0110,1,99,EF-00,30,0110,8,48,I,2,202309,1,,00.8
EP00,11,D,21,13,A,0110,1,99,GS-13,14,0110,8,15,F,1,202309,1,145617,00.2
EP00,11,D,21,13,A,0110,1,99,GS-13,14,0110,8,15,F,1,202309,1,145617,00.2
EP00,11,D,18,11,A,0110,1,99,GS-11,07,0110,8,15,F,1,202309,1,078592,00.1
EP00,11,E,21,13,A,0110,1,99,GS-13,11,0110,8,15,F,1,202309,1,112015,00.0
FC00,11,K,21,15,H,0110,1,99,GS-15,18,0110,8,10,F,1,202309,1,183500,29.0
FC00,11,K,21,,H,0110,1,SL,SL-00,19,0110,5,10,F,1,202309,1,190771,26.6
FC00,11,E,17,15,E,0110,1,99,GS-15,16,0110,5,10,F,1,202309,1,166079,11.1
FC00,11,K,21,15,H,0110,1,99,GS-15,18,0110,8,10,F,1,202309,1,183500,27.0
FC00,11,H,21,,I,0110,1,SL,SL-00,19,0110,5,10,F,1,202309,1,190455,30.2
FC00,11,K,21,15,H,0110,1,99,GS-15,18,0110,8,10,F,1,202309,1,183500,29.0
FC00,11,G,13,14,F,0110,1,99,GS-14,15,0110,8,10,F,1,202309,1,154428,17.3
FC00,11,I,21,15,H,0110,1,99,GS-15,18,0110,8,10,F,1,202309,1,183500,26.3
FC00,11,K,18,14,H,0110,1,99,GS-14,17,0110,8,10,F,1,202309,1,172075,28.7
FC00,11,J,21,15,I,0110,1,99,GS-15,18,0110,8,10,F,1,202309,1,183500,30.8
FC00,11,I,21,15,H,0110,1,99,GS-15,18,0110,8,10,F,1,202309,1,183500,28.5
FC00,11,I,21,15,H,0110,1,99,GS-15,18,0110,8,10,F,1,202309,1,183500,26.9
FC00,11,K,17,15,I,0110,1,99,GS-15,18,0110,8,10,F,1,202309,1,183500,33.8
FC00,11,K,21,15,G,0110,1,99,GS-15,18,0110,5,10,F,1,202309,1,183500,24.4
FC00,11,K,21,,J,0110,1,SL,SL-00,19,0110,5,10,F,1,202309,1,191704,42.2
FC00,11,K,18,15,J,0110,1,99,GS-15,18,0110,8,10,F,1,202309,1,183500,39.7
FC00,11,K,15,15,F,0110,1,99,GS-15,18,0110,2,38,F,1,202309,1,183500,15.5
FC00,11,K,21,,G,0110,1,ES,ES-**,20,0110,2,50,F,1,202309,1,212100,24.4
FC00,11,I,21,15,G,0110,1,99,GS-15,18,0110,2,10,F,1,202309,1,183500,22.3
FC00,11,J,21,15,H,0110,1,99,GS-15,18,0110,2,10,F,1,202309,1,183500,28.3
FC00,11,J,21,15,H,0110,1,99,GS-15,18,0110,8,10,F,1,202309,1,183500,26.3
FC00,11,K,21,15,H,0110,1,99,GS-15,18,0110,8,10,F,1,202309,1,183500,28.8
FC00,11,K,21,15,G,0110,1,99,GS-15,18,0110,8,10,F,1,202309,1,183500,22.2
FC00,11,I,21,,F,0110,1,ES,ES-**,20,0110,2,50,F,1,202309,1,212100,18.8
FC00,11,I,21,15,F,0110,1,99,GS-15,18,0110,8,10,F,1,202309,1,183500,17.2
FC00,11,J,17,15,E,0110,1,99,GS-15,18,0110,2,10,F,1,202309,1,183500,14.9
FC00,11,H,21,15,F,0110,1,99,GS-15,18,0110,8,10,F,1,202309,1,183500,16.6
FC00,11,E,21,15,E,0110,1,99,GS-15,18,0110,2,10,F,1,202309,1,183500,10.1
FC00,11,G,21,15,E,0110,1,99,GS-15,16,0110,2,10,F,1,202309,1,166079,13.3
FC00,11,G,17,15,E,0110,1,99,GS-15,18,0110,8,10,F,1,202309,1,183500,13.5
FC00,11,J,21,,E,0110,1,SL,SL-00,19,0110,5,10,F,1,202309,1,190771,13.2
FC00,11,H,21,15,E,0110,1,99,GS-15,18,0110,8,10,F,1,202309,1,183500,13.1
FC00,11,I,21,,E,0110,1,SL,SL-00,18,0110,2,10,F,1,202309,1,182408,13.1
FC00,11,F,21,15,D,0110,1,99,GS-15,17,0110,2,10,F,1,202309,1,176458,05.3
FC00,11,F,21,,D,0110,1,ES,ES-**,20,0110,2,50,F,1,202309,1,212100,07.8
FC00,11,E,21,15,D,0110,1,99,GS-15,17,0110,2,10,F,1,202309,1,171268,07.1
FC00,11,D,17,14,D,0110,1,99,GS-14,13,0110,8,10,F,1,202309,1,136780,07.1
FC00,11,D,17,13,D,0110,1,99,GS-13,11,0110,8,10,F,1,202309,1,112015,07.1
FC00,11,D,17,12,D,0110,1,99,GS-12,10,0110,8,10,F,1,202309,1,100479,07.1
FC00,11,E,17,13,D,0110,1,99,GS-13,11,0110,8,10,F,1,202309,1,112015,07.0
FC00,11,C,13,12,D,0110,1,99,GS-12,09,0110,8,10,F,1,202309,1,094199,06.7
FC00,11,I,17,15,D,0110,1,99,GS-15,18,0110,8,10,F,1,202309,1,183500,07.6
FC00,11,E,21,15,D,0110,1,99,GS-15,17,0110,8,10,F,1,202309,1,171268,08.2
FC00,11,D,21,14,D,0110,1,99,GS-14,14,0110,8,10,F,1,202309,1,145604,05.3
FC00,11,C,12,07,C,0119,3,99,GS-07,05,XXXX,8,10,F,1,202309,1,054875,04.3
FC00,11,D,17,12,D,0110,1,99,GS-12,09,0110,8,10,F,1,202309,1,094199,09.3
FC00,11,E,21,15,C,0110,1,99,GS-15,15,0110,8,10,F,1,202309,1,155700,04.1
FC00,17,C,21,13,A,0110,1,99,GS-13,12,0110,8,15,F,1,202309,1,128020,00.1
FC00,11,D,21,14,C,0110,1,99,GS-14,14,0110,8,10,F,1,202309,1,145604,03.3
FC00,11,D,21,14,C,0110,1,99,GS-14,14,0110,8,10,F,1,202309,1,145604,03.2
FC00,11,H,21,15,C,0110,1,99,GS-15,18,0110,8,10,F,1,202309,1,181648,03.3
FC00,11,D,21,14,C,0110,1,99,GS-14,13,0110,8,10,F,1,202309,1,136780,03.2
FC00,11,D,21,14,C,0110,1,99,GS-14,15,0110,8,10,F,1,202309,1,158840,03.2
FC00,11,F,21,14,C,0110,1,99,GS-14,17,0110,8,10,F,1,202309,1,172075,03.1
FC00,11,D,21,13,B,0110,1,99,GS-13,14,0110,8,15,F,1,202309,1,145617,01.2
FC00,11,C,17,07,B,0119,3,99,GS-07,06,XXXX,8,15,F,1,202309,1,067265,01.0
FC00,11,C,13,07,A,0119,3,99,GS-07,06,XXXX,8,15,F,1,202309,1,063725,00.9
FC00,11,B,17,07,A,0119,3,99,GS-07,06,XXXX,8,15,F,1,202309,1,060185,00.9
FC00,11,F,17,07,A,0119,3,99,GS-07,06,XXXX,8,15,F,1,202309,1,069035,00.9
FC00,11,B,17,07,A,0119,3,99,GS-07,06,XXXX,8,15,F,1,202309,1,067265,00.9
FC00,11,C,14,07,A,0119,3,99,GS-07,06,XXXX,8,15,F,1,202309,1,060185,00.4
FC00,11,C,17,07,A,0119,3,99,GS-07,06,XXXX,8,15,F,1,202309,1,069035,00.3
FC00,40,C,21,13,A,0110,1,99,GS-13,12,0110,8,15,F,1,202309,1,128043,00.1
FC00,11,D,21,13,A,0110,1,99,GS-13,12,0110,8,15,F,1,202309,1,126949,00.1
FC00,25,F,17,15,E,0110,1,99,GS-15,15,0110,8,10,F,1,202309,1,154007,11.2
FD00,48,K,17,14,H,0110,1,99,CG-14,21,0110,8,10,F,1,202309,1,221135,26.8
FD00,11,F,13,,E,0110,1,99,CX-00,30,0110,8,10,F,1,202309,1,,13.0
FD00,11,F,21,14,D,0110,1,99,CG-14,20,0110,8,10,F,1,202309,1,219083,08.1
FD00,11,G,13,15,G,0110,1,99,CG-15,22,0110,8,10,F,1,202309,1,247166,22.2
FD00,11,H,21,15,H,0110,1,99,CG-15,21,0110,8,10,F,1,202309,1,239441,27.1
FD00,11,G,21,15,F,0110,1,99,CG-15,22,0110,8,10,F,1,202309,1,250000,15.1
FD00,11,K,21,14,J,0110,1,99,CG-14,21,0110,8,10,F,1,202309,1,235067,36.2
FD00,11,H,21,15,G,0110,1,99,CG-15,22,0110,8,10,F,1,202309,1,250000,22.0
FD00,11,H,21,15,F,0110,1,99,CG-15,22,0110,8,10,F,1,202309,1,250000,16.4
FD00,11,G,21,14,F,0110,1,99,CG-14,21,0110,8,10,F,1,202309,1,235067,15.2
FD00,11,I,21,14,H,0110,1,99,CG-14,19,0110,8,10,F,1,202309,1,190818,27.4
FD00,11,K,17,14,I,0110,1,99,CG-14,21,0110,8,10,F,1,202309,1,235067,31.3
FD00,11,J,17,14,I,0110,1,99,CG-14,20,0110,8,10,F,1,202309,1,214418,33.8
FD00,11,I,21,,F,0110,1,99,CM-02,23,0110,2,10,F,1,202309,1,270000,19.0
FD00,11,F,21,15,F,0110,1,99,CG-15,22,0110,8,10,F,1,202309,1,250000,16.0
FD00,11,I,21,15,F,0110,1,99,CG-15,22,0110,8,10,F,1,202309,1,250000,16.1
FD00,36,J,17,14,I,0110,1,99,CG-14,22,0110,8,10,F,1,202309,1,246918,30.3
FD00,48,H,17,14,H,0110,1,99,CG-14,20,0110,8,10,F,1,202309,1,217746,25.3
FD00,11,I,21,,H,0110,1,99,CX-00,30,0110,8,10,F,1,202309,1,,26.0
FD00,11,E,22,14,D,0110,1,99,CG-14,21,0110,8,10,F,1,202309,1,232798,05.7
FD00,48,E,13,12,E,0110,1,99,CG-12,11,0110,8,10,F,1,202309,1,113890,14.3
FD00,11,F,21,14,E,0110,1,99,CG-14,20,0110,8,10,F,1,202309,1,219599,14.2
FD00,11,G,17,12,G,0110,1,99,CG-12,12,0110,8,10,F,1,202309,1,128949,21.3
FD00,11,F,17,14,E,0110,1,99,CG-14,21,0110,8,10,F,1,202309,1,235067,13.8
FD00,11,E,21,14,D,0110,1,99,CG-14,21,0110,8,10,F,1,202309,1,225134,08.3
FD00,11,H,13,,E,0110,1,99,CM-02,23,0110,2,10,F,1,202309,1,270000,12.9
FD00,11,F,17,14,E,0110,1,99,CG-14,18,0110,8,10,F,1,202309,1,182015,12.8
FD00,13,F,17,14,E,0110,1,99,CG-14,14,0110,8,10,F,1,202309,1,147500,12.1
FD00,06,G,17,14,E,0110,1,99,CG-14,20,0110,8,10,F,1,202309,1,210237,11.6
FD00,11,F,21,15,E,0110,1,99,CG-15,19,0110,8,10,F,1,202309,1,194251,11.1
FD00,11,F,17,14,E,0110,1,99,CG-14,21,0110,8,10,F,1,202309,1,227064,10.2
FD00,11,E,17,14,E,0110,1,99,CG-14,15,0110,8,10,F,1,202309,1,158986,10.2
FD00,11,G,17,14,E,0110,1,99,CG-14,21,0110,8,10,F,1,202309,1,228500,10.0
FD00,29,E,17,14,D,0110,1,99,CG-14,16,0110,8,10,F,1,202309,1,166700,07.8
FD00,17,D,13,14,D,0110,1,99,CG-14,14,0110,8,10,F,1,202309,1,143372,09.5
FD00,11,E,17,15,D,0110,1,99,CG-15,22,0110,8,10,F,1,202309,1,250000,09.2
FD00,11,E,21,14,D,0110,1,99,CG-14,14,0110,8,10,F,1,202309,1,145188,08.7
FD00,11,F,22,14,D,0110,1,99,CG-14,21,0110,8,10,F,1,202309,1,223567,09.1
FD00,11,F,21,14,D,0110,1,99,CG-14,20,0110,8,10,F,1,202309,1,216911,09.1
FD00,11,E,21,14,D,0110,1,99,CG-14,21,0110,8,10,F,1,202309,1,227928,08.9
FD00,11,D,17,12,D,0110,1,99,CG-12,10,0110,8,38,F,1,202309,1,105308,06.3
FD00,11,E,21,14,D,0110,1,99,CG-14,21,0110,8,10,F,1,202309,1,226600,08.3
FD00,11,E,21,,D,0110,1,99,CM-01,22,0110,2,10,F,1,202309,1,251009,08.3
FD00,11,E,21,14,D,0110,1,99,CG-14,21,0110,8,10,F,1,202309,1,224941,08.2
FD00,11,F,15,14,D,0110,1,99,CG-14,20,0110,8,10,F,1,202309,1,219628,07.3
FD00,11,E,17,12,D,0110,1,99,CG-12,10,0110,8,10,F,1,202309,1,104680,06.1
FD00,11,C,17,11,D,0110,1,99,CG-11,09,0110,8,10,F,1,202309,1,097039,05.2
FD00,11,E,21,14,D,0110,1,99,CG-14,20,0110,8,15,F,1,202309,1,218984,05.2
FD00,11,E,21,14,D,0110,1,99,CG-14,20,0110,8,10,F,1,202309,1,212364,05.2
FD00,11,E,21,14,D,0110,1,99,CG-14,20,0110,8,10,F,1,202309,1,212364,05.1
FD00,11,F,21,14,E,0110,1,99,CG-14,18,0110,8,10,F,1,202309,1,186971,11.8
FD00,11,C,13,11,C,0110,1,99,CG-11,08,0110,8,15,F,1,202309,1,086203,03.1
FD00,11,B,13,09,C,0110,1,99,CG-09,07,0110,8,40,F,2,202309,1,071248,04.3
FD00,11,G,21,,C,0110,1,99,CM-01,23,0110,2,10,F,1,202309,1,264220,04.1
FD00,11,C,17,12,C,0110,1,99,CG-12,10,0110,8,10,F,1,202309,1,103322,03.9
FD00,36,C,21,12,C,0110,1,99,CG-12,10,0110,8,15,F,1,202309,1,108531,03.3
FD00,11,C,13,09,B,0110,1,99,CG-09,07,0110,8,40,F,2,202309,1,072617,02.2
FD00,11,C,13,09,C,0110,1,99,CG-09,07,0110,8,40,F,2,202309,1,072617,03.0
FD00,11,E,22,14,C,0110,1,99,CG-14,20,0110,8,10,F,1,202309,1,207731,03.0
FD00,11,F,21,14,B,0110,1,99,CG-14,20,0110,8,15,F,1,202309,1,202560,02.3
FD00,11,B,13,09,B,0110,1,99,CG-09,07,0110,8,40,F,2,202309,1,072617,02.2
FD00,11,E,22,14,B,0110,1,99,CG-14,20,0110,8,15,F,1,202309,1,207612,02.1
FD00,11,D,17,14,B,0110,1,99,CG-14,20,0110,8,15,F,1,202309,1,202560,02.1
FD00,06,B,13,09,B,0110,1,99,CG-09,08,0110,8,40,F,2,202309,1,081139,01.4
FD00,11,G,21,14,B,0110,1,99,CG-14,20,0110,8,15,F,1,202309,1,207612,02.0
FD00,11,C,13,11,B,0110,1,99,CG-11,09,0110,8,15,F,1,202309,1,090497,01.9
FD00,11,B,13,09,B,0110,1,99,CG-09,07,0110,8,15,F,1,202309,1,071248,01.4
FD00,13,C,13,09,B,0110,1,99,CG-09,06,0110,8,40,F,2,202309,1,064836,01.4
FD00,17,B,13,09,B,0110,1,99,CG-09,06,0110,8,40,F,2,202309,1,068088,01.3
FD00,11,E,13,09,A,0110,1,99,CG-09,07,0110,8,15,F,1,202309,1,071248,00.2
FD00,48,B,13,07,A,0110,1,99,CG-07,05,0110,8,40,F,2,202309,1,054795,00.3
FD00,11,E,22,12,A,0110,1,99,CG-12,16,0110,8,15,F,1,202309,1,167288,00.3
FD00,11,B,13,07,A,0110,1,99,CG-07,05,0110,8,40,F,2,202309,1,058247,00.3
FD00,11,B,13,07,A,0110,1,99,CG-07,05,0110,8,40,F,2,202309,1,058247,00.3
FD00,11,B,04,07,A,0110,1,99,CG-07,05,0110,8,40,F,2,202309,1,058247,00.2
FD00,11,B,13,07,A,0110,1,99,CG-07,05,0110,8,40,F,2,202309,1,058247,00.2
FD00,11,D,17,12,A,0110,1,99,CG-12,16,0110,8,15,F,1,202309,1,167288,00.0
FL00,51,I,17,,I,0110,1,99,VH-43,23,0110,2,10,F,1,202309,1,273626,32.8
FL00,51,E,21,,D,0110,1,99,VH-44,25,0110,2,10,F,1,202309,1,325183,09.3
FL00,51,G,21,,D,0110,1,99,VH-40,18,0110,8,10,F,1,202309,1,,09.1
FL00,51,D,17,,D,0110,1,99,VH-40,14,0110,8,10,F,1,202309,1,,08.6
FL00,51,D,17,,B,0110,1,99,VH-40,17,0110,8,15,F,1,202309,1,,02.8
FL00,08,C,17,,B,0110,1,99,VH-39,11,0110,8,38,F,1,202309,1,,01.0
FRFT,11,I,17,,G,0110,1,99,CN-60,20,0110,8,10,F,1,202309,1,216596,24.0
FRFT,11,G,13,,H,0110,1,99,CN-60,20,0110,8,10,F,1,202309,1,211624,25.8
FRFT,11,G,21,,G,0110,1,99,CN-82,22,0110,2,10,F,1,202309,1,255000,21.1
FRFT,11,I,21,,G,0110,1,99,CN-72,22,0110,2,10,F,1,202309,1,255000,24.2
FRFT,11,H,21,,F,0110,1,99,CN-72,22,0110,2,10,F,1,202309,1,255000,18.2
FRFT,11,I,21,,G,0110,1,99,CN-81,22,0110,2,10,F,1,202309,1,255000,22.8
FRFT,11,H,17,,F,0110,1,99,CN-60,20,0110,8,10,F,1,202309,1,210260,15.1
FRFT,11,H,21,,E,0110,1,99,CN-71,22,0110,8,10,F,1,202309,1,255000,14.2
FRFT,11,H,17,,G,0110,1,99,CN-60,20,0110,8,10,F,1,202309,1,211624,20.0
FRFT,11,F,17,,F,0110,1,99,CN-61,18,0110,2,10,F,1,202309,1,189133,15.8
FRFT,11,I,21,,E,0110,1,99,CN-72,22,0110,2,10,F,1,202309,1,255000,12.0
FRFT,11,E,21,,B,0110,1,99,CN-60,21,0110,8,15,F,1,202309,1,234362,02.3
FRFT,11,H,04,,F,0110,1,99,CN-72,22,0110,2,10,F,1,202309,1,255000,19.3
FRFT,26,D,21,,A,0110,1,99,CN-52,15,0110,8,15,F,1,202309,1,150120,00.1
FRFT,06,E,21,,E,0110,1,99,CN-71,22,0110,8,10,F,1,202309,1,248239,11.1
FRFT,11,E,21,,E,0110,1,99,CN-60,21,0110,8,10,F,1,202309,1,230559,11.1
FRFT,53,F,13,,E,0110,1,99,CN-71,22,0110,8,10,F,1,202309,1,255000,13.0
FRFT,11,H,21,,E,0110,1,99,CN-71,22,0110,8,10,F,1,202309,1,255000,13.8
FRFT,36,E,17,,E,0110,1,99,CN-53,16,0110,8,10,F,1,202309,1,169663,12.7
FRFT,11,F,17,,E,0110,1,99,CN-60,17,0110,8,10,F,1,202309,1,179676,10.3
FRFT,11,F,04,,D,0110,1,99,CN-60,21,0110,8,10,F,1,202309,1,230559,08.4
FRFT,11,F,21,,D,0110,1,99,CN-72,22,0110,2,10,F,1,202309,1,255000,09.1
FRFT,11,E,17,,D,0110,1,99,CN-71,22,0110,8,10,F,1,202309,1,251074,08.3
FRFT,11,E,21,,D,0110,1,99,CN-60,21,0110,8,10,F,1,202309,1,226818,09.3
FRFT,11,E,21,,D,0110,1,99,CN-71,22,0110,8,10,F,1,202309,1,246999,08.1
FRFT,11,F,04,,D,0110,1,99,CN-53,18,0110,8,15,F,1,202309,1,182344,07.8
FRFT,11,D,17,,D,0110,1,99,CN-53,14,0110,8,10,F,1,202309,1,143667,05.2
FRFT,11,F,21,,D,0110,1,99,CN-71,22,0110,8,10,F,1,202309,1,255000,07.2
FRFT,11,E,17,,D,0110,1,99,CN-60,19,0110,8,10,F,1,202309,1,195104,07.1
FRFT,11,E,21,,D,0110,1,99,CN-71,22,0110,8,10,F,1,202309,1,255000,09.1
FRFT,11,E,21,,D,0110,1,99,CN-71,22,0110,8,10,F,1,202309,1,251074,07.1
FRFT,11,F,04,,E,0110,1,99,CN-60,20,0110,8,10,F,1,202309,1,204509,11.0
FRFT,11,G,21,,D,0110,1,99,CN-60,20,0110,8,10,F,1,202309,1,215950,07.6
FRFT,11,E,21,,E,0110,1,99,CN-72,22,0110,2,15,F,1,202309,1,255000,10.1
FRFT,11,C,04,,B,0110,1,99,CN-52,12,0110,8,15,F,1,202309,1,120515,02.8
FRFT,11,D,21,,D,0110,1,99,CN-60,20,0110,8,10,P,2,202309,1,208995,05.0
FRFT,06,C,04,,C,0110,1,99,CN-51,10,0110,8,15,F,1,202309,1,109640,04.3
FRFT,11,I,21,,H,0110,1,99,CN-71,22,0110,8,10,F,1,202309,1,255000,28.3
FRFT,11,D,21,,C,0110,1,99,CN-60,20,0110,8,10,F,1,202309,1,208995,04.1
FRFT,11,C,13,,C,0110,1,99,CN-52,11,0110,8,15,F,1,202309,1,118560,03.3
FRFT,11,F,21,,C,0110,1,99,CN-60,21,0110,8,15,F,1,202309,1,226818,04.9
FRFT,11,B,13,,B,0110,1,99,CN-40,08,0110,8,40,F,2,202309,1,085216,02.3
FRFT,11,B,13,,B,0110,1,99,CN-51,10,0110,8,40,F,2,202309,1,104458,02.3
FRFT,11,D,04,,B,0110,1,99,CN-52,12,0110,8,15,F,1,202309,1,126579,02.2
FRFT,11,C,13,,B,0110,1,99,CN-51,10,0110,8,40,F,2,202309,1,102763,02.2
FRFT,11,E,21,,C,0110,1,99,CN-60,20,0110,8,15,F,1,202309,1,200061,04.9
FRFT,11,F,04,,D,0110,1,99,CN-60,20,0110,8,15,F,1,202309,1,215950,08.0
FRFT,11,C,13,,C,0110,1,99,CN-52,11,0110,8,15,F,1,202309,1,118559,03.8
FRFT,11,I,21,,B,0110,1,99,CN-72,22,0110,2,15,F,1,202309,1,255000,01.3
FRFT,11,C,21,,B,0110,1,99,CN-53,18,0110,8,15,F,1,202309,1,181362,01.3
FRFT,11,D,21,,B,0110,1,99,CN-53,18,0110,8,15,F,1,202309,1,181362,01.2
FRFT,11,C,17,,B,0110,1,99,CN-52,12,0110,8,15,F,1,202309,1,120515,01.1
FRFT,11,D,21,,C,0110,1,99,CN-53,18,0110,8,15,F,1,202309,1,182344,03.3
FRFT,11,C,17,,B,0110,1,99,CN-53,13,0110,8,15,F,1,202309,1,139042,01.0
FRFT,11,D,17,,A,0110,1,99,CN-30,07,0110,8,40,F,2,202309,1,071483,00.9
FRFT,11,H,21,,A,0110,1,99,CN-60,21,0110,8,15,F,1,202309,1,238674,00.6
FRFT,37,D,17,,C,0110,1,99,CN-53,11,0110,8,15,F,1,202309,1,118339,04.3
FRFT,11,B,13,,A,0110,1,99,CN-30,07,0110,8,40,F,2,202309,1,071483,00.3
FRFT,11,B,13,,A,0110,1,99,CN-30,07,0110,8,40,F,2,202309,1,071483,00.2
FRFT,11,B,12,,A,0110,1,99,CN-30,07,0110,8,40,F,2,202309,1,071483,00.2
FRFT,11,D,21,,A,0110,1,99,CN-60,20,0110,8,15,F,1,202309,1,212445,00.2
FRFT,11,C,13,,A,0110,1,99,CN-30,07,0110,8,40,F,2,202309,1,073861,00.1
FRFT,11,B,13,,A,0110,1,99,CN-30,07,0110,8,40,F,2,202309,1,071483,00.0
FRFT,24,D,21,,A,0110,1,99,CN-52,16,0110,8,15,F,1,202309,1,160656,00.0
FRFT,11,B,13,,A,0110,1,99,CN-30,07,0110,8,40,F,2,202309,1,071483,00.0
FT00,11,F,21,15,E,0110,1,99,GS-15,18,0110,8,10,F,1,202309,1,183500,13.1
FT00,11,G,21,15,F,0110,1,99,GS-15,18,0110,8,10,F,1,202309,1,183500,19.0
FT00,11,I,21,15,I,0110,1,99,GS-15,18,0110,8,10,F,1,202309,1,183500,30.9
FT00,11,K,22,15,H,0110,1,99,GS-15,18,0110,8,10,F,1,202309,1,183500,25.0
FT00,11,H,21,15,G,0110,1,99,GS-15,18,0110,8,10,F,1,202309,1,183500,23.0
FT00,11,J,15,15,H,0110,1,99,GS-15,18,0110,8,10,F,1,202309,1,183500,28.7
FT00,11,J,21,15,I,0110,1,99,GS-15,18,0110,8,10,F,1,202309,1,183500,32.3
FT00,11,H,21,15,G,0110,1,99,GS-15,18,0110,8,10,F,1,202309,1,183500,21.8
FT00,11,F,21,15,F,0110,1,99,GS-15,18,0110,8,10,F,1,202309,1,183500,15.0
FT00,11,I,21,15,F,0110,1,99,GS-15,18,0110,8,10,F,1,202309,1,183500,16.9
FT00,11,F,21,15,F,0110,1,99,GS-15,18,0110,8,10,F,1,202309,1,183500,15.2
FT00,11,J,21,15,I,0110,1,99,GS-15,18,0110,8,10,F,1,202309,1,183500,32.9
FT00,11,I,21,,G,0110,1,SL,SL-00,19,0110,8,10,F,1,202309,1,198448,22.1
FT00,12,H,20,15,F,0110,1,99,GS-15,18,0110,8,10,F,1,202309,1,183500,19.0
FT00,27,G,21,15,G,0110,1,99,GS-15,17,0110,8,10,F,1,202309,1,177978,21.9
FT00,11,G,21,15,F,0110,1,99,GS-15,18,0110,8,10,F,1,202309,1,183500,17.0
FT00,11,K,17,15,I,0110,1,99,GS-15,18,0110,8,10,F,1,202309,1,183500,33.0
FT00,11,K,22,15,J,0110,1,99,GS-15,18,0110,8,10,F,1,202309,1,183500,35.3
FT00,11,I,21,15,G,0110,1,99,GS-15,18,0110,8,10,F,1,202309,1,183500,23.1
FT00,11,F,21,15,F,0110,1,99,GS-15,18,0110,8,10,F,1,202309,1,183500,16.1
FT00,11,J,21,14,I,0110,1,99,GS-14,16,0110,8,10,F,1,202309,1,167663,32.8
FT00,11,J,21,15,G,0110,1,99,GS-15,18,0110,8,10,F,1,202309,1,183500,23.3
FT00,11,I,21,,H,0110,1,ES,ES-**,19,0110,8,50,F,1,202309,1,199027,29.1
FT00,11,J,21,,G,0110,1,ES,ES-**,20,0110,2,50,F,1,202309,1,206743,24.0
FT00,27,G,21,15,F,0110,1,99,GS-15,18,0110,8,10,F,1,202309,1,183500,18.0
FT00,11,I,21,15,H,0110,1,99,GS-15,18,0110,8,10,F,1,202309,1,183500,26.9
FT00,11,I,21,15,H,0110,1,99,GS-15,18,0110,8,10,F,1,202309,1,183500,28.3
FT00,11,F,21,,E,0110,1,ES,ES-**,20,0110,2,50,F,1,202309,1,212100,14.1
FT00,11,F,21,15,F,0110,1,99,GS-15,18,0110,8,10,F,1,202309,1,183500,16.3
FT00,11,F,21,15,E,0110,1,99,GS-15,18,0110,8,10,F,1,202309,1,183500,14.0
FT00,11,G,13,15,E,0110,1,99,GS-15,18,0110,8,10,F,1,202309,1,183500,13.5
FT00,25,D,21,15,C,0110,1,99,GS-15,15,0110,8,10,F,1,202309,1,159141,04.1
FT00,11,G,21,15,E,0110,1,99,GS-15,18,0110,8,10,F,1,202309,1,183500,12.1
FT00,11,F,21,15,E,0110,1,99,GS-15,18,0110,5,10,F,1,202309,1,183500,12.1
FT00,11,G,21,15,E,0110,1,99,GS-15,18,0110,8,10,F,1,202309,1,183500,12.0
FT00,25,F,21,15,E,0110,1,99,GS-15,18,0110,5,10,F,1,202309,1,183500,11.1
FT00,11,F,21,,E,0110,1,ES,ES-**,18,0110,2,50,F,1,202309,1,186878,10.2
FT00,11,F,21,15,E,0110,1,99,GS-15,18,0110,8,10,F,1,202309,1,183500,10.2
FT00,11,F,21,15,E,0110,1,99,GS-15,18,0110,8,10,F,1,202309,1,183500,10.0
FT00,11,G,21,15,E,0110,1,99,GS-15,18,0110,8,10,F,1,202309,1,183500,10.0
FT00,11,H,21,15,D,0110,1,99,GS-15,18,0110,8,10,F,1,202309,1,183500,09.7
FT00,11,H,21,15,D,0110,1,99,GS-15,18,0110,8,10,F,1,202309,1,183500,09.3
FT00,11,E,21,15,D,0110,1,99,GS-15,18,0110,8,10,F,1,202309,1,183500,09.2
FT00,42,F,21,15,D,0110,1,99,GS-15,16,0110,8,10,F,1,202309,1,169746,09.1
FT00,11,H,21,15,D,0110,1,99,GS-15,18,0110,8,10,F,1,202309,1,183500,08.1
FT00,11,F,21,15,D,0110,1,99,GS-15,16,0110,8,10,F,1,202309,1,166079,08.0
FT00,11,I,15,,D,0110,1,ES,ES-**,20,0110,2,50,F,1,202309,1,206743,07.8
FT00,11,G,21,15,D,0110,1,99,GS-15,18,0110,8,10,F,1,202309,1,183500,07.1
FT00,11,F,21,15,D,0110,1,99,GS-15,18,0110,8,10,F,1,202309,1,183500,07.1
FT00,11,E,21,15,D,0110,1,99,GS-15,17,0110,8,10,F,1,202309,1,176458,06.2
FT00,11,F,21,15,D,0110,1,99,GS-15,18,0110,8,10,F,1,202309,1,183500,06.1
FT00,11,G,21,15,D,0110,1,99,GS-15,18,0110,8,10,F,1,202309,1,183500,05.2
FT00,11,E,21,15,D,0110,1,99,GS-15,17,0110,8,10,F,1,202309,1,171268,05.1
FT00,11,D,21,15,D,0110,1,99,GS-15,17,0110,8,10,F,1,202309,1,171268,05.1
FT00,11,E,21,15,D,0110,1,99,GS-15,17,0110,8,10,F,1,202309,1,171268,05.1
FT00,11,D,22,15,D,0110,1,99,GS-15,16,0110,8,10,F,1,202309,1,166079,05.1
FT00,11,E,21,15,D,0110,1,99,GS-15,17,0110,8,10,F,1,202309,1,171268,05.0
FT00,11,D,21,14,B,0110,1,99,GS-14,15,0110,8,15,F,1,202309,1,154428,02.0
FT00,11,E,21,15,C,0110,1,99,GS-15,17,0110,8,10,F,1,202309,1,176458,04.2
FT00,11,D,21,15,C,0110,1,99,GS-15,16,0110,8,10,F,1,202309,1,160889,04.2
FT00,11,E,21,14,C,0110,1,99,GS-14,15,0110,8,10,F,1,202309,1,150016,04.2
FT00,11,E,21,15,C,0110,1,99,GS-15,17,0110,8,10,F,1,202309,1,171268,03.3
FT00,11,D,15,14,C,0110,1,99,GS-14,14,0110,8,10,F,1,202309,1,141192,03.3
FT00,11,D,21,14,C,0110,1,99,GS-14,14,0110,8,10,F,1,202309,1,141192,03.3
FT00,11,D,21,14,C,0110,1,99,GS-14,14,0110,8,10,F,1,202309,1,141192,03.2
FT00,11,D,21,15,C,0110,1,99,GS-15,17,0110,8,10,F,1,202309,1,171268,03.1
FT00,11,E,21,15,C,0110,1,99,GS-15,17,0110,8,10,F,1,202309,1,171268,03.1
FT00,36,F,21,15,B,0110,1,99,GS-15,15,0110,8,15,F,1,202309,1,159725,02.3
FT00,08,D,21,13,B,0110,1,99,GS-13,13,0110,8,15,F,1,202309,1,130911,01.3
FT00,11,D,21,13,B,0110,1,99,GS-13,14,0110,8,15,F,1,202309,1,145617,01.3
FT00,11,D,21,13,B,0110,1,99,GS-13,12,0110,8,15,F,1,202309,1,123216,01.2
FT00,11,D,21,13,B,0110,1,99,GS-13,14,0110,8,15,F,1,202309,1,145617,01.2
FT00,11,D,21,13,B,0110,1,99,GS-13,14,0110,8,15,F,1,202309,1,145617,01.1
FT00,11,C,21,12,B,0110,1,99,GS-12,12,0110,8,15,F,1,202309,1,122459,01.0
FT00,11,D,21,13,B,0110,1,99,GS-13,14,0110,8,15,F,1,202309,1,145617,01.0
FT00,11,D,21,13,B,0110,1,99,GS-13,14,0110,8,15,F,1,202309,1,145617,01.0
FT00,11,D,21,13,A,0110,1,99,GS-13,14,0110,8,15,F,1,202309,1,145617,00.9
FT00,11,D,21,12,A,0110,1,99,GS-12,12,0110,8,15,F,1,202309,1,122459,00.9
FT00,11,D,21,13,A,0110,1,99,GS-13,14,0110,8,15,F,1,202309,1,145617,00.2
FT00,11,D,21,13,A,0110,1,99,GS-13,14,0110,8,15,F,1,202309,1,145617,00.1
FT00,45,C,21,13,A,0110,1,99,GS-13,12,0110,8,15,F,1,202309,1,128043,00.1
FT00,17,D,21,13,A,0110,1,99,GS-13,14,0110,8,15,F,1,202309,1,142650,00.1
FT00,11,C,13,13,A,0110,1,99,GS-13,14,0110,8,15,F,1,202309,1,145617,00.0
FT00,11,C,21,13,A,0110,1,99,GS-13,14,0110,8,15,F,1,202309,1,145617,00.0
FT00,11,D,21,13,A,0110,1,99,GS-13,14,0110,8,15,F,1,202309,1,145617,00.0
FT00,11,E,21,15,D,0110,1,99,GS-15,18,0110,8,10,F,1,202309,1,183500,07.1
GB**,11,I,21,14,G,0110,1,99,GS-14,16,0110,8,10,F,1,202309,1,167663,20.0
GB**,11,G,17,15,F,0110,1,99,GS-15,17,0110,2,10,F,1,202309,1,176458,15.1
GB**,11,F,17,14,D,0110,1,99,GS-14,14,0110,8,10,F,1,202309,1,145604,08.0
GB**,11,E,17,14,D,0110,1,99,GS-14,14,0110,8,10,F,1,202309,1,145604,08.8
GB**,11,D,17,13,C,0110,1,99,GS-13,12,0110,8,10,F,1,202309,1,126949,04.9
GB**,11,E,17,13,B,0110,1,99,GS-13,11,0110,8,15,F,1,202309,1,115749,02.3
GB**,11,B,17,09,A,0110,1,99,GS-09,06,0110,8,35,F,1,202309,1,064957,00.0
GY00,26,H,21,14,B,0110,1,99,GG-14,13,0110,8,15,F,1,202309,1,136801,02.1
HE10,11,I,18,14,G,0110,1,99,GS-14,16,0110,8,10,F,1,202309,1,167663,24.2
HE10,11,G,09,14,G,0110,1,99,GS-14,16,0110,8,10,F,1,202309,1,163252,22.3
HE10,11,K,04,14,I,0110,1,99,GS-14,17,0110,8,10,F,1,202309,1,172075,32.6
HE10,11,G,21,15,E,0110,1,99,GS-15,17,0110,8,10,F,1,202309,1,176458,11.5
HE10,11,H,21,15,F,0110,1,99,GS-15,18,0110,8,15,F,1,202309,1,183500,18.1
HE10,11,I,21,15,E,0110,1,99,GS-15,17,0110,8,10,F,1,202309,1,171268,11.8
HE10,11,F,21,14,D,0110,1,99,GS-14,14,0110,8,10,F,1,202309,1,141192,07.7
HE10,11,F,18,15,D,0110,1,99,GS-15,17,0110,8,10,F,1,202309,1,171268,07.7
HE10,11,E,21,13,D,0110,1,99,GS-13,11,0110,8,10,F,1,202309,1,115749,07.2
HE10,11,C,13,12,C,0110,1,99,GS-12,10,0110,8,10,F,1,202309,1,100479,04.4
HE10,11,D,21,14,C,0110,1,99,GS-14,16,0110,8,10,F,1,202309,1,163252,03.3
HE10,11,E,21,13,C,0110,1,99,GS-13,12,0110,8,10,F,1,202309,1,126949,03.2
HE10,51,D,21,14,B,0110,1,99,GS-14,13,0110,8,15,F,1,202309,1,132368,02.7
HE10,11,F,21,14,B,0110,1,99,GS-14,15,0110,8,15,F,1,202309,1,154428,02.3
HE10,11,E,21,13,B,0110,1,99,GS-13,11,0110,8,15,F,1,202309,1,119482,02.2
HE10,11,C,21,12,A,0110,1,99,GS-12,09,0110,8,15,F,1,202309,1,094199,00.5
HE10,11,D,14,14,A,0110,1,99,GS-14,13,0110,8,15,F,1,202309,1,132368,00.1
HE13,11,H,15,,G,0110,1,SL,SL-00,20,0110,8,10,F,1,202309,1,205345,24.2
HE33,24,K,21,15,J,0110,1,99,GS-15,18,0110,8,10,F,1,202309,1,183500,50.3
HE33,24,K,21,,I,0110,1,99,RS-00,20,0110,2,38,F,1,202309,1,210272,30.1
HE33,42,K,22,,A,0110,1,99,EI-00,07,0110,8,48,I,2,202309,1,078001,00.3
HE33,24,I,01,15,H,0110,1,99,GS-15,18,0110,8,10,F,1,202309,1,183500,26.1
HE33,24,I,21,15,G,0110,1,99,GS-15,18,0110,8,10,F,1,202309,1,183500,23.8
HE33,24,J,21,15,G,0110,1,99,GS-15,18,0110,2,10,F,1,202309,1,183500,24.0
HE33,24,I,21,14,G,0110,1,99,GS-14,17,0110,8,10,P,2,202309,1,172075,23.1
HE33,24,H,21,14,F,0110,1,99,GS-14,17,0110,8,10,F,1,202309,1,172075,18.1
HE33,24,I,21,,H,0110,1,99,RS-00,20,0110,8,48,F,2,202309,1,205054,28.0
HE33,24,H,21,14,G,0110,1,99,GS-14,17,0110,8,10,F,1,202309,1,172075,23.8
HE33,24,I,21,15,I,0110,1,99,GS-15,18,0110,4,10,F,1,202309,1,183500,31.8
HE33,24,G,21,14,D,0110,1,99,GS-14,15,0110,8,15,F,1,202309,1,158840,09.3
HE33,24,F,21,14,D,0110,1,99,GS-14,16,0110,8,15,F,1,202309,1,163252,09.3
HE33,24,G,21,14,D,0110,1,99,GS-14,17,0110,8,15,F,1,202309,1,172075,07.2
HE33,24,D,21,14,C,0110,1,99,GS-14,15,0110,8,15,F,1,202309,1,150016,04.0
HE33,24,D,13,14,B,0110,1,99,GS-14,15,0110,8,15,F,1,202309,1,150016,02.3
HE33,24,E,21,,B,0110,1,99,RG-00,11,0110,8,48,F,2,202309,1,112015,01.8
HE33,25,K,22,,A,0110,1,99,EI-00,07,0110,8,48,I,2,202309,1,078001,00.3
HE33,51,H,15,,A,0110,1,99,EI-00,07,0110,8,48,I,2,202309,1,078001,00.3
HE33,17,F,21,,A,0110,1,99,EI-00,07,0110,8,48,I,2,202309,1,078001,00.3
HE34,24,F,21,14,F,0110,1,99,GS-14,16,0110,8,10,F,1,202309,1,167663,18.0
HE34,24,G,17,14,G,0110,1,99,GS-14,15,0110,2,10,F,1,202309,1,158840,20.7
HE34,06,G,17,14,F,0110,1,99,GS-14,14,0110,8,10,F,1,202309,1,143750,15.5
HE34,24,G,21,13,D,0110,1,99,GS-13,12,0110,8,10,F,1,202309,1,123216,06.3
HE34,51,H,21,14,B,0110,1,99,GS-14,15,0110,8,15,F,1,202309,1,154428,02.0
HE36,24,H,16,15,G,0110,1,99,GS-15,18,0110,2,10,F,1,202309,1,183500,24.3
HE36,24,I,21,14,F,0110,1,99,GS-14,16,0110,8,10,F,1,202309,1,163252,15.7
HE36,24,H,17,14,H,0110,1,99,GS-14,17,0110,8,10,F,1,202309,1,172075,25.5
HE36,24,H,21,,G,0110,1,99,RF-00,20,0110,8,48,F,2,202309,1,202725,21.1
HE36,24,G,21,15,G,0110,1,99,GS-15,18,0110,2,10,F,1,202309,1,183500,20.3
HE36,24,F,13,14,G,0110,1,99,GS-14,15,0110,8,10,F,1,202309,1,158840,20.9
HE36,24,J,17,14,I,0110,1,99,GS-14,17,0110,8,10,F,1,202309,1,172075,32.7
HE36,24,J,17,14,I,0110,1,99,GS-14,17,0110,8,10,F,1,202309,1,172075,32.4
HE36,24,H,21,,F,0110,1,99,RF-00,20,0110,2,48,F,2,202309,1,216176,18.9
HE36,24,G,21,,G,0110,1,99,RF-00,20,0110,2,48,F,2,202309,1,213707,21.4
HE36,24,I,14,14,G,0110,1,99,GS-14,16,0110,2,10,F,1,202309,1,163252,22.3
HE36,24,J,21,14,G,0110,1,99,GS-14,17,0110,8,10,F,1,202309,1,172075,23.3
HE36,24,E,17,,F,0110,1,99,AD-D2,16,0110,8,10,F,1,202309,1,160164,17.1
HE36,24,F,21,15,E,0110,1,99,GS-15,17,0110,2,10,F,1,202309,1,171268,12.2
HE36,18,G,22,14,E,0110,1,99,GS-14,14,0110,8,15,F,1,202309,1,148782,14.3
HE36,24,E,21,15,E,0110,1,99,GS-15,17,0110,2,10,F,1,202309,1,176458,10.1
HE36,24,E,17,14,E,0110,1,99,GS-14,14,0110,8,10,F,1,202309,1,145604,12.6
HE36,24,F,21,,E,0110,1,99,AD-E2,20,0110,2,10,F,1,202309,1,203031,12.1
HE36,24,E,21,13,E,0110,1,99,GS-13,12,0110,8,10,F,1,202309,1,123216,11.2
HE36,24,G,21,14,E,0110,1,99,GS-14,15,0110,8,10,F,1,202309,1,158840,11.1
HE36,24,F,22,,E,0110,1,99,AD-00,17,0110,8,10,F,1,202309,1,175116,11.0
HE36,24,F,21,15,E,0110,1,99,GS-15,17,0110,2,10,F,1,202309,1,171268,11.0
HE36,24,F,17,14,E,0110,1,99,GS-14,15,0110,8,10,P,2,202309,1,154428,10.2
HE36,24,G,21,13,D,0110,1,99,GS-13,13,0110,8,15,F,1,202309,1,134416,08.6
HE36,24,F,21,14,E,0110,1,99,GS-14,15,0110,8,10,F,1,202309,1,154428,10.1
HE36,24,D,17,,E,0110,1,99,AD-D2,16,0110,8,10,F,1,202309,1,166727,10.0
HE36,24,E,21,14,D,0110,1,99,GS-14,15,0110,8,10,F,1,202309,1,158840,09.3
HE36,24,D,21,13,D,0110,1,99,GS-13,13,0110,8,15,F,1,202309,1,134416,06.7
HE36,24,D,17,13,D,0110,1,99,GS-13,11,0110,8,10,F,1,202309,1,119482,09.3
HE36,26,E,21,14,D,0110,1,99,GS-14,14,0110,8,10,F,1,202309,1,149626,09.1
HE36,13,F,21,14,D,0110,1,99,GS-14,13,0110,8,10,F,1,202309,1,135790,09.1
HE36,24,E,21,14,D,0110,1,99,GS-14,15,0110,8,10,F,1,202309,1,150016,08.2
HE36,24,E,21,14,D,0110,1,99,GS-14,15,0110,8,10,F,1,202309,1,158840,08.3
HE36,24,F,18,,D,0110,1,99,AD-D2,15,0110,8,10,F,1,202309,1,159723,05.9
HE36,24,F,21,14,D,0110,1,99,GS-14,15,0110,8,10,F,1,202309,1,150016,07.0
HE36,24,D,22,14,D,0110,1,99,GS-14,14,0110,8,10,F,1,202309,1,145604,06.0
HE36,24,E,22,,D,0110,1,99,AD-D2,15,0110,8,10,F,1,202309,1,159723,05.8
HE36,24,D,21,13,C,0110,1,99,GS-13,13,0110,8,15,F,1,202309,1,134416,04.1
HE36,26,F,21,,C,0110,1,99,AD-D2,16,0110,8,15,F,1,202309,1,160706,04.2
HE36,24,D,21,13,D,0110,1,99,GS-13,13,0110,8,15,F,1,202309,1,134416,05.0
HE36,42,F,17,,C,0110,1,99,AD-D1,14,0110,8,15,F,1,202309,1,140000,04.6
HE36,24,D,21,13,C,0110,1,99,GS-13,13,0110,8,15,F,1,202309,1,134416,04.2
HE36,23,D,21,13,C,0110,1,99,GS-13,13,0110,8,15,F,1,202309,1,132955,04.1
HE36,24,D,17,13,C,0110,1,99,GS-13,11,0110,8,10,F,1,202309,1,112015,03.9
HE36,25,D,21,13,C,0110,1,99,GS-13,13,0110,8,15,F,1,202309,1,132955,03.2
HE36,24,D,21,13,B,0110,1,99,GS-13,13,0110,8,15,F,1,202309,1,130683,02.2
HE36,24,D,17,,C,0110,1,99,AD-D1,13,0110,8,10,F,1,202309,1,132368,03.1
HE36,25,E,21,13,C,0110,1,99,GS-13,13,0110,8,15,F,1,202309,1,132955,03.1
HE36,06,E,21,13,C,0110,1,99,GS-13,14,0110,8,15,F,1,202309,1,146246,03.0
HE36,24,E,21,,B,0110,1,99,RG-00,11,0110,8,48,F,2,202309,1,112015,02.3
HE36,24,D,21,13,B,0110,1,99,GS-13,13,0110,8,15,F,1,202309,1,130683,02.1
HE36,51,C,17,11,B,0110,1,99,GS-11,07,0110,8,15,F,1,202309,1,078592,01.6
HE36,42,C,17,11,B,0110,1,99,GS-11,08,0110,8,15,F,1,202309,1,080769,01.3
HE36,54,C,21,13,C,0110,1,99,GS-13,11,0110,8,15,F,1,202309,1,118194,03.1
HE36,24,D,21,,A,0110,1,99,RG-00,12,0110,8,48,F,2,202309,1,122459,00.1
HE38,24,J,21,15,I,0110,1,99,GS-15,18,0110,8,10,F,1,202309,1,183500,31.3
HE38,24,K,21,,B,0110,1,99,EI-00,05,0110,8,48,I,2,202309,1,052175,01.4
HE38,24,K,21,,B,0110,1,99,EI-00,05,0110,8,48,I,2,202309,1,052175,01.4
HE38,39,E,17,14,D,0110,1,99,GS-14,13,0110,8,10,F,1,202309,1,133361,07.7
HE38,24,G,21,,C,0110,1,99,EI-00,05,0110,8,48,I,2,202309,1,052175,03.4
HE38,24,H,21,,B,0110,1,99,EI-00,05,0110,8,48,I,2,202309,1,052175,02.2
HE38,24,J,21,13,B,0110,1,99,GS-13,14,0110,8,15,F,1,202309,1,145617,01.7
HE39,39,K,22,14,G,0110,1,99,GS-14,15,0110,8,10,F,1,202309,1,153566,24.8
HE39,13,G,22,14,F,0110,1,99,GS-14,15,0110,8,10,F,1,202309,1,155679,15.2
HE39,13,K,21,13,G,0110,1,99,GS-13,13,0110,8,10,F,1,202309,1,135209,24.2
HE39,13,K,18,14,F,0110,1,99,GS-14,14,0110,7,38,F,1,202309,1,143390,17.3
HE39,13,K,21,14,F,0110,1,99,GS-14,15,0110,4,10,F,1,202309,1,159776,15.1
HE39,13,I,17,13,G,0110,1,99,GS-13,13,0110,8,10,F,1,202309,1,135209,23.0
HE39,13,I,21,14,G,0110,1,99,GS-14,15,0110,8,10,F,1,202309,1,159776,22.0
HE39,13,J,21,,H,0110,1,99,RF-00,17,0110,4,38,F,1,202309,1,179309,26.6
HE39,39,H,21,14,F,0110,1,99,GS-14,14,0110,8,10,F,1,202309,1,145484,19.0
HE39,13,I,21,14,G,0110,1,99,GS-14,15,0110,8,10,F,1,202309,1,155679,22.0
HE39,13,J,21,14,F,0110,1,99,GS-14,14,0110,8,10,F,1,202309,1,147486,19.9
HE39,13,I,18,14,G,0110,1,99,GS-14,15,0110,8,10,F,1,202309,1,159776,20.8
HE39,13,H,21,15,G,0110,1,99,GS-15,18,0110,8,10,F,1,202309,1,183500,23.2
HE39,13,J,21,13,E,0110,1,99,GS-13,13,0110,8,10,F,1,202309,1,135209,14.5
HE39,13,I,21,14,H,0110,1,99,GS-14,15,0110,8,10,F,1,202309,1,159776,25.2
HE39,39,H,21,14,F,0110,1,99,GS-14,14,0110,8,10,F,1,202309,1,141443,16.8
HE39,13,K,21,14,G,0110,1,99,GS-14,15,0110,8,10,F,1,202309,1,155679,21.0
HE39,11,J,21,15,H,0110,1,99,GS-15,18,0110,4,10,F,1,202309,1,183500,25.2
HE39,13,K,21,14,H,0110,1,99,GS-14,15,0110,8,10,F,1,202309,1,159776,26.1
HE39,51,H,22,14,F,0110,1,99,GS-14,15,0110,8,10,F,1,202309,1,158840,15.3
HE39,13,G,21,14,F,0110,1,99,GS-14,14,0110,8,10,F,1,202309,1,147486,15.2
HE39,13,J,22,14,G,0110,1,99,GS-14,15,0110,8,10,F,1,202309,1,159776,21.5
HE39,13,J,21,14,F,0110,1,99,GS-14,14,0110,8,10,F,1,202309,1,143390,16.2
HE39,13,K,22,15,H,0110,1,99,GS-15,18,0110,8,10,F,1,202309,1,183500,25.3
HE39,42,K,21,14,G,0110,1,99,GS-14,15,0110,8,10,F,1,202309,1,151308,24.3
HE39,13,G,21,14,F,0110,1,99,GS-14,14,0110,8,10,F,1,202309,1,147486,18.3
HE39,34,J,22,14,G,0110,1,99,GS-14,17,0110,8,10,F,1,202309,1,176842,24.7
HE39,13,I,21,14,E,0110,1,99,GS-14,15,0110,4,10,F,1,202309,1,159776,14.9
HE39,13,G,21,14,E,0110,1,99,GS-14,14,0110,8,10,F,1,202309,1,147486,14.9
HE39,08,I,21,14,B,0110,1,99,GS-14,16,0110,8,15,F,1,202309,1,167608,02.2
HE39,13,F,21,14,E,0110,1,99,GS-14,15,0110,8,10,F,1,202309,1,155679,14.3
HE39,13,F,21,13,D,0110,1,99,GS-13,11,0110,8,10,F,1,202309,1,117875,08.0
HE39,13,H,22,,E,0110,1,99,RG-00,13,0110,8,48,F,2,202309,1,131742,12.8
HE39,13,G,21,13,D,0110,1,99,GS-13,12,0110,8,10,F,1,202309,1,124809,09.1
HE39,13,F,21,14,E,0110,1,99,GS-14,13,0110,4,10,F,1,202309,1,131100,11.1
HE39,13,G,21,14,E,0110,1,99,GS-14,14,0110,4,15,F,1,202309,1,143390,13.1
HE39,27,F,21,14,E,0110,1,99,GS-14,14,0110,8,15,F,1,202309,1,143109,12.1
HE39,13,J,21,,E,0110,1,99,RG-00,15,0110,4,48,F,2,202309,1,155679,11.7
HE39,13,G,21,15,E,0110,1,99,GS-15,15,0110,2,10,F,1,202309,1,159027,11.2
HE39,13,F,22,,D,0110,1,99,RG-00,12,0110,8,48,F,2,202309,1,128275,07.7
HE39,13,F,21,13,D,0110,1,99,GS-13,13,0110,8,10,F,1,202309,1,135209,06.3
HE39,26,H,21,13,E,0110,1,99,GS-13,13,0110,8,10,F,1,202309,1,130236,11.1
HE39,13,E,17,13,E,0110,1,99,GS-13,11,0110,8,15,F,1,202309,1,117875,10.7
HE39,13,G,22,,E,0110,1,99,RG-00,12,0110,8,48,F,2,202309,1,124809,10.1
HE39,13,G,21,13,E,0110,1,99,GS-13,12,0110,8,15,F,1,202309,1,128275,10.1
HE39,13,F,21,14,E,0110,1,99,GS-14,13,0110,4,10,F,1,202309,1,135197,13.7
HE39,13,G,21,14,D,0110,1,99,GS-14,15,0110,8,10,F,1,202309,1,151583,09.3
HE39,13,I,21,14,D,0110,1,99,GS-14,15,0110,8,10,F,1,202309,1,159776,08.9
HE39,13,H,21,13,D,0110,1,99,GS-13,12,0110,8,10,F,1,202309,1,124809,08.1
HE39,13,E,21,13,D,0110,1,99,GS-13,11,0110,8,15,F,1,202309,1,117875,06.3
HE39,13,D,21,13,C,0110,1,99,GS-13,12,0110,8,15,F,1,202309,1,128275,04.7
HE39,13,E,21,,D,0110,1,99,RG-00,11,0110,8,48,F,2,202309,1,110942,05.2
HE39,13,E,21,,D,0110,1,99,RG-00,11,0110,8,48,F,2,202309,1,114409,05.1
HE39,13,G,21,13,D,0110,1,99,GS-13,11,0110,8,15,F,1,202309,1,110942,05.1
HE39,13,E,21,14,D,0110,1,99,GS-14,12,0110,4,15,F,1,202309,1,122907,05.0
HE39,13,F,21,,D,0110,1,99,RG-00,11,0110,8,48,F,2,202309,1,110942,05.0
HE39,13,F,21,,C,0110,1,99,RG-00,10,0110,8,48,F,2,202309,1,104008,03.0
HE39,13,D,21,13,C,0110,1,99,GS-13,11,0110,8,15,F,1,202309,1,114409,04.1
HE39,13,D,21,13,C,0110,1,99,GS-13,11,0110,8,15,F,1,202309,1,114409,04.1
HE39,13,D,21,,B,0110,1,99,AD-00,09,0110,8,48,F,2,202309,1,096213,01.0
HE39,**,D,21,,C,0110,1,99,RG-00,09,0110,8,48,F,2,202309,1,099128,03.1
HE39,13,E,21,,B,0110,1,99,AD-00,09,0110,8,48,F,2,202309,1,099128,02.1
HE39,13,D,21,,B,0110,1,99,AD-00,09,0110,8,48,F,2,202309,1,093297,01.1
HE39,13,E,21,13,B,0110,1,99,GS-13,10,0110,8,20,F,2,202309,1,104008,01.1
HE39,13,D,21,,B,0110,1,99,AD-00,09,0110,8,48,F,2,202309,1,096213,01.1
HE39,13,E,21,,B,0110,1,99,AD-00,09,0110,8,48,F,2,202309,1,096213,01.1
HE39,13,E,21,,B,0110,1,99,AD-00,09,0110,8,48,F,2,202309,1,096213,01.1
HE39,13,E,17,12,B,0110,1,99,GS-12,09,0110,8,20,F,2,202309,1,090382,01.0
HE39,13,D,21,13,A,0110,1,99,GS-13,10,0110,8,15,F,1,202309,1,104008,00.8
HE39,13,C,21,,A,0110,1,99,AD-00,09,0110,8,48,F,2,202309,1,093297,00.1
HE39,13,D,21,,A,0110,1,99,AD-00,09,0110,8,48,F,2,202309,1,093297,00.1
HE39,13,D,21,,A,0110,1,99,AD-00,09,0110,8,48,F,2,202309,1,093297,00.1
HE39,13,D,21,,A,0110,1,99,AD-00,09,0110,8,48,F,2,202309,1,093297,00.0
HE39,36,D,21,,A,0110,1,99,AD-00,08,0110,8,48,F,2,202309,1,088352,00.0
HE39,13,E,21,,A,0110,1,99,AD-00,09,0110,8,48,F,2,202309,1,093297,00.0
HE39,13,D,21,,A,0110,1,99,AD-00,09,0110,8,48,F,2,202309,1,093297,00.0
HE70,51,I,17,14,H,0110,1,99,GS-14,17,0110,8,10,P,2,202309,1,172075,25.6
HE70,24,G,13,13,G,0110,1,99,GS-13,14,0110,8,10,F,1,202309,1,145617,24.0
HE70,42,F,13,14,F,0110,1,99,GS-14,14,0110,8,10,F,1,202309,1,148318,19.3
HE70,24,H,13,14,H,0110,1,99,GS-14,17,0110,8,10,F,1,202309,1,172075,29.2
HE70,24,H,21,14,G,0110,1,99,GS-14,16,0110,8,10,F,1,202309,1,167663,20.8
HE70,24,F,13,14,F,0110,1,99,GS-14,16,0110,8,10,F,1,202309,1,163252,16.8
HE70,24,H,13,14,I,0110,1,99,GS-14,17,0110,8,10,F,1,202309,1,172075,32.3
HE70,24,H,13,14,I,0110,1,99,GS-14,17,0110,8,10,F,1,202309,1,172075,31.3
HE70,51,J,21,13,F,0110,1,99,GS-13,14,0110,8,10,F,1,202309,1,145617,16.6
HE70,24,H,13,,I,0110,1,ES,ES-**,20,0110,2,50,F,1,202309,1,212100,31.3
HE70,42,H,17,13,H,0110,1,99,GS-13,14,0110,8,10,F,1,202309,1,145617,29.2
HE70,06,E,17,13,A,0110,1,99,GS-13,14,0110,8,15,F,1,202309,1,148255,00.4
HE70,24,I,13,13,H,0110,1,99,GS-13,14,0110,8,10,F,1,202309,1,145617,29.4
HE70,24,G,13,13,G,0110,1,99,GS-13,13,0110,8,10,F,1,202309,1,138150,21.2
HE70,24,K,21,15,F,0110,1,99,GS-15,18,0110,8,10,F,1,202309,1,183500,18.1
HE70,24,G,13,14,G,0110,1,99,GS-14,17,0110,8,10,F,1,202309,1,172075,24.3
HE70,24,J,21,14,G,0110,1,99,GS-14,17,0110,8,10,F,1,202309,1,172075,22.8
HE70,11,G,17,14,G,0110,1,99,GS-14,16,0110,8,10,F,1,202309,1,167663,20.6
HE70,24,H,13,15,H,0110,1,99,GS-15,18,0110,2,10,F,1,202309,1,183500,28.0
HE70,24,E,17,13,E,0110,1,99,GS-13,13,0110,8,10,F,1,202309,1,138150,14.6
HE70,24,F,17,13,F,0110,1,99,GS-13,14,0110,8,15,F,1,202309,1,145617,18.3
HE70,42,E,13,14,E,0110,1,99,GS-14,15,0110,8,10,F,1,202309,1,154428,14.1
HE70,13,F,17,13,A,0110,1,99,GS-13,11,0110,8,15,F,1,202309,1,117875,00.8
HE70,24,D,13,13,D,0110,1,99,GS-13,12,0110,8,10,F,1,202309,1,126949,08.3
HE70,10,E,13,12,E,0110,1,99,GS-12,10,0110,8,10,F,1,202309,1,109072,13.1
HE70,24,G,17,14,E,0110,1,99,GS-14,16,0110,8,10,F,1,202309,1,167663,12.9
HE70,24,F,21,13,D,0110,1,99,GS-13,14,0110,8,10,F,1,202309,1,145617,09.8
HE70,48,E,17,13,D,0110,1,99,GS-13,11,0110,8,15,F,1,202309,1,117524,09.5
HE70,46,D,17,13,A,0110,1,99,GS-13,09,0110,8,15,F,1,202309,1,098496,00.1
HE70,24,E,17,12,D,0110,1,99,GS-12,10,0110,8,10,F,1,202309,1,103619,07.4
HE70,24,F,21,13,D,0110,1,99,GS-13,13,0110,8,15,F,1,202309,1,130683,05.0
HE70,24,H,21,13,E,0110,1,99,GS-13,11,0110,8,10,F,1,202309,1,115749,10.2
HE70,24,E,17,13,C,0110,1,99,GS-13,12,0110,8,10,F,1,202309,1,123216,04.4
HE70,51,D,21,13,C,0110,1,99,GS-13,12,0110,8,10,F,1,202309,1,123216,04.3
HE70,29,D,21,13,C,0110,1,99,GS-13,10,0110,8,10,F,1,202309,1,104051,04.3
HE70,24,E,21,12,C,0110,1,99,GS-12,10,0110,8,10,F,1,202309,1,103619,04.3
HE70,37,C,13,13,C,0110,1,99,GS-13,10,0110,8,10,F,1,202309,1,100297,04.0
HE70,24,D,17,12,D,0110,1,99,GS-12,09,0110,8,15,F,1,202309,1,097339,06.4
HE70,42,D,17,12,C,0110,1,99,GS-12,09,0110,8,10,F,1,202309,1,097339,03.1
HE70,24,E,21,13,B,0110,1,99,GS-13,13,0110,8,15,F,1,202309,1,130683,02.3
HE70,47,F,21,12,B,0110,1,99,GS-12,08,0110,8,15,F,1,202309,1,085591,02.3
HE70,25,G,21,12,B,0110,1,99,GS-12,09,0110,8,15,F,1,202309,1,096281,02.0
HE70,24,D,17,12,B,0110,1,99,GS-12,09,0110,8,15,F,1,202309,1,094199,01.8
HE70,51,G,21,13,B,0110,1,99,GS-13,14,0110,8,15,F,1,202309,1,145617,01.7
HE70,24,E,17,13,B,0110,1,99,GS-13,11,0110,8,15,F,1,202309,1,115749,01.7
HE70,51,D,21,12,B,0110,1,99,GS-12,09,0110,8,15,F,1,202309,1,094199,01.3
HE70,50,D,17,12,B,0110,1,99,GS-12,10,0110,8,15,F,1,202309,1,103745,01.0
HE70,21,E,17,13,A,0110,1,99,GS-13,11,0110,8,15,F,1,202309,1,111628,00.6
HE70,24,D,21,13,A,0110,1,99,GS-13,11,0110,8,15,F,1,202309,1,112015,00.5
HE70,11,C,17,13,A,0110,1,99,GS-13,11,0110,8,15,F,1,202309,1,112015,00.4
HE70,37,D,17,11,A,0110,1,99,GS-11,07,0110,8,15,F,1,202309,1,071995,00.4
HE70,04,C,17,12,A,0110,1,99,GS-12,08,0110,8,15,F,1,202309,1,084181,00.3
HE70,04,C,21,13,A,0110,1,99,GS-13,10,0110,8,15,F,1,202309,1,102673,00.3
HE70,25,E,21,13,A,0110,1,99,GS-13,11,0110,8,15,F,1,202309,1,110798,00.2
HE70,53,E,17,13,A,0110,1,99,GS-13,12,0110,8,15,F,1,202309,1,128043,00.2
HE70,35,F,17,13,A,0110,1,99,GS-13,09,0110,8,15,F,1,202309,1,099451,00.2
HE70,12,G,17,13,A,0110,1,99,GS-13,10,0110,8,15,F,1,202309,1,105062,00.2
HE70,50,D,21,13,A,0110,1,99,GS-13,10,0110,8,15,F,1,202309,1,100026,00.2
HE70,36,C,21,13,A,0110,1,99,GS-13,14,0110,8,15,F,1,202309,1,141977,00.2
HE70,06,G,21,13,A,0110,1,99,GS-13,13,0110,8,15,F,1,202309,1,133781,00.0
HE90,11,C,17,12,C,0110,1,99,GS-12,09,0110,8,10,F,1,202309,1,094199,03.4
HFHA,11,H,21,,H,0110,1,99,EL-15,22,0110,8,10,F,1,202309,1,240016,25.7
HFHA,11,I,21,,G,0110,1,99,EL-14,20,0110,8,10,F,1,202309,1,200624,23.0
HFHA,37,J,17,,F,0110,1,99,EL-15,21,0110,2,10,F,1,202309,1,230126,17.4
HFHA,11,K,18,,H,0110,1,99,EL-15,22,0110,8,10,F,1,202309,1,240450,25.2
HFHA,11,J,21,,H,0110,1,99,EL-15,23,0110,2,15,F,1,202309,1,260882,25.1
HFHA,11,J,17,,H,0110,1,99,EL-15,22,0110,8,10,F,1,202309,1,243266,25.3
HFHA,11,I,21,,G,0110,1,99,EL-15,22,0110,8,10,F,1,202309,1,242351,23.8
HFHA,11,K,21,,I,0110,1,99,EL-15,22,0110,8,10,F,1,202309,1,240581,31.0
HFHA,11,I,21,,H,0110,1,99,EL-14,20,0110,8,10,F,1,202309,1,208423,27.8
HFHA,11,J,21,,I,0110,1,99,LL-01,30,0110,2,10,F,1,202309,1,,33.0
HFHA,11,K,17,,F,0110,1,99,LL-01,30,0110,2,10,F,1,202309,1,,19.8
HFHA,11,I,21,,F,0110,1,99,LL-01,30,0110,2,10,F,1,202309,1,,15.8
HFHA,11,E,21,,B,0110,1,99,EL-13,17,0110,8,15,F,1,202309,1,177538,02.0
HFHA,11,G,17,,E,0110,1,99,EL-14,19,0110,8,10,F,1,202309,1,191072,13.6
HFHA,11,G,17,,E,0110,1,99,EL-14,18,0110,8,10,F,1,202309,1,182394,13.3
HFHA,11,I,17,,E,0110,1,99,EL-14,18,0110,8,10,F,1,202309,1,184565,12.6
HFHA,11,H,17,,E,0110,1,99,EL-14,20,0110,8,10,F,1,202309,1,202349,12.3
HFHA,11,F,18,,E,0110,1,99,EL-15,21,0110,2,10,F,1,202309,1,221611,12.1
HFHA,11,H,22,,E,0110,1,99,EL-15,20,0110,2,10,F,1,202309,1,218814,12.1
HFHA,11,G,17,,E,0110,1,99,LL-01,22,0110,2,10,F,1,202309,1,258102,12.0
HFHA,11,F,21,,E,0110,1,99,EL-15,21,0110,8,10,F,1,202309,1,221611,11.3
HFHA,11,F,21,,E,0110,1,99,EL-15,21,0110,2,10,F,1,202309,1,220890,11.1
HFHA,11,F,21,,D,0110,1,99,EL-15,21,0110,2,10,F,1,202309,1,226133,08.2
HFHA,11,E,17,,D,0110,1,99,EL-13,14,0110,8,10,F,1,202309,1,149864,08.2
HFHA,11,D,17,,D,0110,1,99,EL-14,13,0110,8,10,F,1,202309,1,138339,07.5
HFHA,11,F,21,,D,0110,1,99,EL-14,20,0110,8,10,F,1,202309,1,203372,07.3
HFHA,11,C,13,,D,0110,1,99,EL-12,10,0110,8,10,F,1,202309,1,109092,07.1
HFHA,11,D,21,,D,0110,1,99,EL-15,20,0110,2,10,F,1,202309,1,217287,07.1
HFHA,11,F,21,,D,0110,1,99,EL-14,20,0110,8,10,F,1,202309,1,204246,06.2
HFHA,11,E,21,,B,0110,1,99,EL-12,16,0110,8,15,F,1,202309,1,160218,01.2
HFHA,11,C,13,,D,0110,1,99,EL-11,08,0110,8,10,F,1,202309,1,085944,05.2
HFHA,11,E,21,,C,0110,1,99,EL-13,17,0110,8,10,F,1,202309,1,178185,04.2
HFHA,11,D,21,,C,0110,1,99,EL-14,20,0110,8,10,F,1,202309,1,200373,04.2
HFHA,11,E,21,,C,0110,1,99,EL-14,19,0110,8,10,F,1,202309,1,196576,04.1
HFHA,11,F,21,,C,0110,1,99,EL-15,21,0110,2,10,F,1,202309,1,220000,04.0
HFHA,11,D,17,,C,0110,1,99,EL-12,10,0110,8,10,F,1,202309,1,102809,03.5
HFHA,11,C,17,,C,0110,1,99,EL-12,10,0110,8,10,F,1,202309,1,102809,03.5
HFHA,11,E,21,,C,0110,1,99,EL-13,17,0110,8,15,F,1,202309,1,178409,03.3
HFHA,11,D,21,,C,0110,1,99,EL-13,17,0110,8,10,F,1,202309,1,178543,03.2
HFHA,11,E,21,,C,0110,1,99,EL-13,17,0110,8,10,F,1,202309,1,178543,03.2
HFHA,11,C,13,,C,0110,1,99,EL-11,08,0110,8,15,F,1,202309,1,085944,03.0
HFHA,11,B,17,,A,0110,1,99,EL-09,07,0110,8,20,F,2,202309,1,070549,00.9
HFHA,11,D,21,,B,0110,1,99,EL-13,17,0110,8,15,F,1,202309,1,175634,02.3
HFHA,11,C,21,,B,0110,1,99,EL-13,17,0110,8,15,F,1,202309,1,178378,02.2
HFHA,11,D,21,,B,0110,1,99,EL-13,17,0110,8,15,F,1,202309,1,178378,02.2
HFHA,11,D,21,,B,0110,1,99,EL-13,17,0110,8,15,F,1,202309,1,178378,02.2
HFHA,11,D,21,,B,0110,1,99,EL-13,17,0110,8,15,F,1,202309,1,170775,02.2
HFHA,11,B,11,,A,0110,1,99,EL-07,05,0110,8,20,F,2,202309,1,059740,00.3
HFHA,11,C,21,,B,0110,1,99,EL-12,16,0110,8,15,F,1,202309,1,160218,01.2
HFHA,11,D,21,,B,0110,1,99,EL-12,16,0110,8,15,F,1,202309,1,160218,01.2
HFHA,11,B,21,,B,0110,1,99,EL-12,16,0110,8,15,F,1,202309,1,160218,01.2
HFHA,11,B,13,,A,0110,1,99,EL-07,05,0110,8,20,F,2,202309,1,058000,00.9
HFHA,11,B,13,,A,0110,1,99,EL-07,05,0110,8,20,F,2,202309,1,058000,00.9
HFHA,11,B,13,,A,0110,1,99,EL-07,05,0110,8,20,F,2,202309,1,058000,00.9
HFHA,11,C,21,,B,0110,1,99,EL-12,16,0110,8,15,F,1,202309,1,160218,01.2
HFHA,11,B,17,,A,0110,1,99,EL-09,07,0110,8,20,F,2,202309,1,070550,00.3
HFHA,11,D,21,,A,0110,1,99,EL-12,16,0110,8,15,F,1,202309,1,167500,00.3
HFHA,11,C,17,,A,0110,1,99,EL-09,07,0110,8,15,F,1,202309,1,073549,00.2
HFHA,11,E,21,,A,0110,1,99,EL-12,16,0110,8,15,F,1,202309,1,167500,00.2
HSAA,11,F,17,15,G,0110,1,99,GS-15,18,0110,8,10,F,1,202309,1,181648,20.2
HSAA,11,G,13,15,F,0110,1,99,GS-15,16,0110,8,10,F,1,202309,1,160889,17.2
HSAA,11,I,17,15,G,0110,1,99,GS-15,18,0110,8,10,F,1,202309,1,183500,22.2
HSAA,11,H,19,15,G,0110,1,99,GS-15,18,0110,8,10,F,1,202309,1,183500,21.2
HSAA,11,I,17,,I,0110,1,SL,SL-00,20,0110,2,10,F,1,202309,1,212100,31.7
HSAA,11,F,17,15,E,0110,1,99,GS-15,16,0110,8,10,F,1,202309,1,160889,12.0
HSAB,11,J,17,14,F,0110,1,99,GS-14,15,0110,8,10,F,1,202309,1,154428,15.6
HSAB,11,H,17,14,G,0110,1,99,GS-14,15,0110,8,10,F,1,202309,1,158840,20.5
HSAB,11,G,13,14,G,0110,1,99,GS-14,16,0110,8,10,F,1,202309,1,163252,20.3
HSAB,24,E,13,14,E,0110,1,99,GS-14,15,0110,8,10,F,1,202309,1,154428,14.3
HSAB,11,G,17,14,H,0110,1,99,GS-14,15,0110,8,10,F,1,202309,1,158840,27.0
HSAB,24,F,13,14,F,0110,1,99,GS-14,17,0110,8,10,F,1,202309,1,172075,18.8
HSAB,11,H,13,14,F,0110,1,99,GS-14,15,0110,8,10,F,1,202309,1,154428,17.3
HSAB,24,J,17,14,G,0110,1,99,GS-14,15,0110,8,10,F,1,202309,1,158840,20.5
HSAB,11,F,17,14,F,0110,1,99,GS-14,13,0110,8,10,F,1,202309,1,132368,17.8
HSAB,11,I,17,14,J,0110,1,99,GS-14,16,0110,8,10,F,1,202309,1,163252,35.3
HSAB,11,H,04,14,D,0110,1,99,GS-14,13,0110,8,10,F,1,202309,1,132368,08.0
HSAB,06,H,21,14,G,0110,1,99,GS-14,17,0110,8,10,F,1,202309,1,170701,23.0
HSAB,11,I,13,14,F,0110,1,99,GS-14,15,0110,8,10,F,1,202309,1,158840,19.0
HSAB,06,I,17,14,F,0110,1,99,GS-14,16,0110,8,10,F,1,202309,1,166209,15.1
HSAB,11,K,13,15,E,0110,1,99,GS-15,18,0110,5,10,F,1,202309,1,183500,14.9
HSAB,11,H,17,15,F,0110,1,99,GS-15,18,0110,2,10,F,1,202309,1,181648,17.3
HSAB,11,E,13,15,E,0110,1,99,GS-15,16,0110,2,10,F,1,202309,1,166079,14.5
HSAB,24,F,17,13,E,0110,1,99,GS-13,12,0110,8,10,F,1,202309,1,123216,14.2
HSAB,11,F,14,14,F,0110,1,99,GS-14,17,0110,8,10,F,1,202309,1,172075,18.8
HSAB,11,E,13,14,E,0110,1,99,GS-14,15,0110,8,10,F,1,202309,1,154428,13.8
HSAB,11,I,21,15,E,0110,1,99,GS-15,18,0110,2,10,F,1,202309,1,183500,13.8
HSAB,24,E,17,14,E,0110,1,99,GS-14,14,0110,8,10,F,1,202309,1,145604,13.1
HSAB,**,G,21,15,F,0110,1,99,GS-15,17,0110,2,10,F,1,202309,1,171268,15.5
HSAB,24,F,17,15,E,0110,1,99,GS-15,17,0110,2,10,F,1,202309,1,171268,12.9
HSAB,11,G,13,14,D,0110,1,99,GS-14,15,0110,8,10,F,1,202309,1,154428,08.9
HSAB,11,J,21,14,E,0110,1,99,GS-14,15,0110,8,10,F,1,202309,1,158840,10.0
HSAB,11,H,17,14,F,0110,1,99,GS-14,16,0110,8,10,F,1,202309,1,163252,16.5
HSAB,11,J,17,14,F,0110,1,99,GS-14,15,0110,8,10,F,1,202309,1,158840,16.3
HSAB,24,F,04,14,E,0110,1,99,GS-14,15,0110,8,10,F,1,202309,1,158840,11.2
HSAB,11,J,17,14,D,0110,1,99,GS-14,16,0110,8,10,F,1,202309,1,167663,08.6
HSAB,06,H,17,14,E,0110,1,99,GS-14,16,0110,8,10,F,1,202309,1,161717,10.8
HSAB,11,E,17,15,E,0110,1,99,GS-15,18,0110,2,10,F,1,202309,1,183500,10.3
HSAB,11,K,21,14,E,0110,1,99,GS-14,17,0110,8,10,F,1,202309,1,172075,10.2
HSAB,33,E,17,14,D,0110,1,99,GS-14,12,0110,8,10,F,1,202309,1,128031,09.4
HSAB,11,F,17,14,A,0110,1,99,GS-14,13,0110,8,15,F,1,202309,1,132368,00.4
HSAB,53,F,21,14,D,0110,1,99,GS-14,13,0110,8,10,F,1,202309,1,138080,08.5
HSAB,**,D,13,14,D,0110,1,99,GS-14,14,0110,8,10,F,1,202309,1,145604,06.7
HSAB,11,D,13,14,D,0110,1,99,GS-14,13,0110,8,10,F,1,202309,1,132368,06.7
HSAB,11,G,17,14,D,0110,1,99,GS-14,15,0110,8,10,F,1,202309,1,150016,06.7
HSAB,11,D,17,13,C,0110,1,99,GS-13,11,0110,8,10,F,1,202309,1,112015,04.8
HSAB,51,G,21,14,D,0110,1,99,GS-14,14,0110,8,10,F,1,202309,1,145604,06.3
HSAB,11,J,13,14,B,0110,1,99,GS-14,13,0110,8,30,F,1,202309,1,132368,01.1
HSAB,**,F,21,14,B,0110,1,99,GS-14,14,0110,8,15,F,1,202309,1,141192,01.8
HSAB,11,D,17,13,A,0110,1,99,GS-13,11,0110,8,15,F,1,202309,1,112015,00.7
HSAB,24,F,17,15,E,0110,1,99,GS-15,17,0110,2,10,F,1,202309,1,171268,13.8
HSAC,12,I,17,15,I,0110,1,99,GS-15,18,0110,2,10,F,1,202309,1,183500,32.6
HSAC,51,F,21,15,F,0110,1,99,GS-15,18,0110,2,10,F,1,202309,1,181648,16.2
HSAC,11,I,17,14,G,0110,1,99,GS-14,16,0110,5,10,F,1,202309,1,167663,21.9
HSAC,11,J,21,13,E,0110,1,99,GS-13,14,0110,8,10,F,1,202309,1,145617,14.9
HSAC,11,F,17,14,E,0110,1,99,GS-14,15,0110,8,10,F,1,202309,1,150016,11.8
HSAC,24,E,17,13,D,0110,1,99,GS-13,11,0110,8,10,F,1,202309,1,119482,07.1
HSAC,11,E,17,12,D,0110,1,99,GS-12,10,0110,8,10,F,1,202309,1,100479,07.3
HSAC,51,E,17,14,D,0110,1,99,GS-14,14,0110,8,10,F,1,202309,1,145604,08.2
HSAC,30,F,17,14,D,0110,1,99,GS-14,12,0110,8,15,F,1,202309,1,124152,08.1
HSAC,48,D,17,14,D,0110,1,99,GS-14,13,0110,5,10,F,1,202309,1,134670,07.0
HSAC,24,E,17,11,B,0110,1,99,GS-11,07,0110,8,15,F,1,202309,1,078592,02.2
HSAC,11,G,21,13,D,0110,1,99,GS-13,12,0110,8,10,F,1,202309,1,123216,05.6
HSAC,24,E,21,14,D,0110,1,99,GS-14,15,0110,5,10,F,1,202309,1,150016,07.4
HSAC,51,C,17,14,D,0110,1,99,GS-14,12,0110,5,10,F,1,202309,1,125310,05.3
HSAC,24,D,13,13,C,0110,1,99,GS-13,11,0110,8,15,F,1,202309,1,112015,04.8
HSAC,24,C,17,13,C,0110,1,99,GS-13,11,0110,8,10,F,1,202309,1,119482,03.9
HSAC,11,D,17,13,C,0110,1,99,GS-13,11,0110,8,10,F,1,202309,1,119482,03.8
HSAC,11,F,17,13,C,0110,1,99,GS-13,11,0110,8,15,F,1,202309,1,115749,03.8
HSAC,11,C,17,12,B,0110,1,99,GS-12,09,0110,8,15,F,1,202309,1,094199,02.5
HSAC,11,C,17,13,B,0110,1,99,GS-13,11,0110,8,15,F,1,202309,1,112015,02.4
HSAC,11,C,04,11,A,0110,1,99,GS-11,07,0110,8,15,F,1,202309,1,078592,00.7
HSAC,51,H,17,15,F,0110,1,99,GS-15,18,0110,2,10,F,1,202309,1,183500,19.6
HSBB,11,F,13,14,F,0110,1,99,GS-14,16,0110,8,15,F,1,202309,1,167663,15.1
HSBB,11,E,17,15,D,0110,1,99,GS-15,16,0110,2,10,F,1,202309,1,166079,08.4
HSBB,US,E,17,13,B,0110,1,99,GS-13,10,0110,8,15,F,1,202309,1,,02.6
HSBC,51,J,15,,G,0110,1,99,SV-I,13,0110,8,38,F,1,202309,1,130683,23.7
HSBC,51,F,17,,E,0110,1,99,SV-K,19,0110,2,38,F,1,202309,1,197957,14.6
HSBC,51,E,17,,B,0110,1,99,SV-I,12,0110,8,38,F,1,202309,1,126949,01.8
HSBC,48,F,17,,E,0110,1,99,SV-J,14,0110,8,38,F,1,202309,1,143425,11.5
HSBC,45,E,17,,D,0110,1,99,SV-I,12,0110,8,38,F,1,202309,1,121477,09.1
HSBC,51,D,13,,D,0110,1,99,SV-H,09,0110,8,38,F,1,202309,1,094199,08.6
HSBC,51,F,17,,D,0110,1,99,SV-K,18,0110,2,38,F,1,202309,1,182880,06.3
HSBC,51,I,01,,D,0110,1,99,SV-J,16,0110,8,38,F,1,202309,1,163873,06.8
HSBC,36,C,01,,C,0110,1,99,SV-I,13,0110,8,38,F,1,202309,1,130466,03.7
HSBC,51,C,12,,B,0110,1,99,SV-G,08,0110,8,38,F,1,202309,1,083830,02.7
HSBD,11,F,17,15,F,0110,1,99,GS-15,18,0110,2,10,F,1,202309,1,183500,18.1
HSBD,11,F,21,13,D,0110,1,99,GS-13,13,0110,8,10,F,1,202309,1,134416,07.9
HSBD,11,E,17,14,E,0110,1,99,GS-14,13,0110,8,10,F,1,202309,1,136780,13.7
HSBD,11,E,17,13,C,0110,1,99,GS-13,11,0110,8,10,F,1,202309,1,115749,03.8
HSBD,11,C,14,11,A,0110,1,99,GS-11,07,0110,8,15,F,1,202309,1,078592,00.1
HSCA,44,F,17,15,F,0110,1,99,GS-15,17,0110,8,10,F,1,202309,1,174540,17.7
HSCA,08,G,17,15,F,0110,1,99,GS-15,18,0110,2,10,F,1,202309,1,183500,18.6
HSCA,51,F,21,15,D,0110,1,99,GS-15,17,0110,8,10,F,1,202309,1,176458,08.3
HSCA,51,E,17,15,D,0110,1,99,GS-15,16,0110,8,10,F,1,202309,1,166079,07.0
HSCA,44,D,17,13,A,0110,1,99,GS-13,11,0110,8,15,F,1,202309,1,110798,00.3
HSCB,11,F,13,14,E,0110,1,99,GS-14,14,0110,8,10,F,1,202309,1,141192,12.0
HSCB,11,F,17,15,F,0110,1,99,GS-15,16,0110,8,10,F,1,202309,1,160889,17.0
HSCB,11,F,13,15,F,0110,1,99,GS-15,17,0110,2,10,F,1,202309,1,176458,18.8
HSCB,11,E,17,14,E,0110,1,99,GS-14,13,0110,8,15,F,1,202309,1,132368,13.0
HSCB,11,E,17,14,E,0110,1,99,GS-14,14,0110,8,10,F,1,202309,1,145604,12.5
HSCB,11,C,17,12,B,0110,1,99,GS-12,09,0110,8,15,F,1,202309,1,094199,02.1
HSCB,11,I,13,14,B,0110,1,99,GS-14,13,0110,8,15,F,1,202309,1,136780,02.8
HSFA,11,G,17,15,E,0110,1,99,GS-15,17,0110,8,10,F,1,202309,1,171268,13.3
HU03,42,F,04,13,E,0110,1,99,GS-13,11,0110,8,10,F,1,202309,1,118891,14.9
HU03,42,I,17,14,J,0110,1,99,GS-14,15,0110,2,10,F,1,202309,1,157522,35.3
HU03,25,E,17,13,D,0110,1,99,GS-13,11,0110,8,10,F,1,202309,1,118184,09.0
HU03,42,E,13,12,A,0110,1,99,GS-12,09,0110,8,15,F,1,202309,1,090893,00.4
HU03,42,D,17,12,C,0110,1,99,GS-12,09,0110,8,10,F,1,202309,1,096953,04.1
HU03,13,C,17,09,A,0110,1,99,GS-09,06,0110,8,15,F,1,202309,1,060314,00.0
HU04,13,E,21,11,C,0110,1,99,GS-11,08,0110,8,10,F,1,202309,1,080271,04.5
HU06,12,I,17,13,F,0110,1,99,GS-13,11,0110,8,10,F,1,202309,1,118194,15.0
HU06,48,F,04,14,F,0110,1,99,GS-14,15,0110,2,10,F,1,202309,1,151502,18.3
HU06,48,J,17,12,E,0110,1,99,GS-12,09,0110,8,10,F,1,202309,1,098833,14.3
HU06,48,H,13,13,E,0110,1,99,GS-13,12,0110,7,10,F,1,202309,1,124646,13.0
HU06,48,E,17,12,C,0110,1,99,GS-12,09,0110,8,10,F,1,202309,1,092843,03.3
HU06,48,D,17,09,B,0110,1,99,GS-09,06,0110,8,15,F,1,202309,1,061957,01.0
HU06,48,C,04,09,A,0110,1,99,GS-09,06,0110,8,15,F,1,202309,1,061957,00.9
HU08,08,F,17,13,E,0110,1,99,GS-13,12,0110,8,10,F,1,202309,1,120017,13.8
HU08,08,E,13,11,B,0110,1,99,GS-11,07,0110,8,15,F,1,202309,1,079102,02.1
HU09,06,G,17,13,F,0110,1,99,GS-13,13,0110,7,10,F,1,202309,1,136851,15.2
HU09,06,F,04,13,G,0110,1,99,GS-13,13,0110,8,10,F,1,202309,1,133050,22.0
HU09,13,I,13,12,E,0110,1,99,GS-12,09,0110,8,10,F,1,202309,1,096213,10.0
HU09,06,E,04,14,E,0110,1,99,GS-14,15,0110,2,10,F,1,202309,1,158418,13.0
HU09,13,I,17,12,D,0110,1,99,GS-12,09,0110,8,10,F,1,202309,1,096213,06.1
HU09,06,C,17,11,B,0110,1,99,GS-11,08,0110,8,15,F,1,202309,1,085508,01.4
HU10,40,J,14,13,F,0110,1,99,GS-13,11,0110,8,10,F,1,202309,1,118194,16.9
HU10,53,E,04,13,E,0110,1,99,GS-13,12,0110,8,10,F,1,202309,1,120500,13.2
HU10,53,E,04,12,E,0110,1,99,GS-12,11,0110,8,10,F,1,202309,1,110548,13.2
HUEE,11,F,13,15,D,0110,1,99,GS-15,18,0110,8,10,F,1,202309,1,181648,08.4
HUEE,09,F,21,15,D,0110,1,99,GS-15,17,0110,8,10,F,1,202309,1,170679,05.3
HUMM,39,H,17,15,E,0110,1,99,GS-15,16,0110,8,10,F,1,202309,1,166265,13.3
HUMM,11,I,17,14,E,0110,1,99,GS-14,15,0110,8,10,F,1,202309,1,158840,13.0
HUMM,11,G,17,13,E,0110,1,99,GS-13,13,0110,8,10,F,1,202309,1,134416,10.7
HUMM,11,F,21,14,B,0110,1,99,GS-14,13,0110,8,15,F,1,202309,1,136780,01.5
HUMM,11,D,17,14,A,0110,1,99,GS-14,14,0110,8,15,F,1,202309,1,145604,00.7
HURR,08,J,17,14,F,0110,1,99,GS-14,15,0110,8,10,F,1,202309,1,150418,17.8
HURR,11,K,21,13,F,0110,1,99,GS-13,14,0110,8,10,F,1,202309,1,145617,19.7
HURR,11,G,20,14,G,0110,1,99,GS-14,17,0110,8,10,F,1,202309,1,172075,21.1
HURR,11,J,04,14,F,0110,1,99,GS-14,17,0110,8,10,F,1,202309,1,172075,18.9
HURR,11,I,21,,I,0110,1,ES,ES-**,20,0110,2,50,F,1,202309,1,212100,32.3
HURR,11,F,04,14,F,0110,1,99,GS-14,15,0110,8,10,F,1,202309,1,158840,19.1
HURR,13,H,17,14,G,0110,1,99,GS-14,14,0110,2,10,F,1,202309,1,147486,21.2
HURR,48,F,04,14,F,0110,1,99,GS-14,14,0110,8,10,F,1,202309,1,143086,19.1
HURR,11,K,17,15,J,0110,1,99,GS-15,18,0110,2,10,F,1,202309,1,183500,45.0
HURR,11,K,21,14,I,0110,1,99,GS-14,17,0110,8,10,F,1,202309,1,172075,30.3
HURR,11,I,17,15,I,0110,1,99,GS-15,18,0110,2,10,F,1,202309,1,183500,33.1
HURR,11,K,21,14,F,0110,1,99,GS-14,15,0110,8,10,F,1,202309,1,154428,18.0
HURR,17,I,13,13,F,0110,1,99,GS-13,13,0110,8,10,F,1,202309,1,138992,17.0
HURR,11,H,21,14,F,0110,1,99,GS-14,17,0110,8,10,F,1,202309,1,172075,19.4
HURR,11,F,17,14,F,0110,1,99,GS-14,14,0110,8,10,F,1,202309,1,145604,18.3
HURR,11,I,21,15,G,0110,1,99,GS-15,18,0110,2,10,F,1,202309,1,183500,23.4
HURR,11,K,17,15,I,0110,1,99,GS-15,18,0110,2,10,F,1,202309,1,183500,32.7
HURR,11,E,13,15,E,0110,1,99,GS-15,17,0110,2,10,F,1,202309,1,171268,14.6
HURR,17,G,04,14,E,0110,1,99,GS-14,14,0110,2,10,F,1,202309,1,146959,13.3
HURR,17,G,17,12,D,0110,1,99,GS-12,10,0110,8,10,F,1,202309,1,104583,09.0
HURR,17,E,17,13,D,0110,1,99,GS-13,11,0110,8,10,F,1,202309,1,113390,09.0
HURR,11,C,13,13,C,0110,1,99,GS-13,11,0110,8,10,F,1,202309,1,112015,04.1
HURR,11,E,17,13,D,0110,1,99,GS-13,11,0110,8,10,F,1,202309,1,119482,06.2
HURR,15,G,22,14,D,0110,1,99,GS-14,12,0110,8,10,F,1,202309,1,129128,05.5
HURR,11,D,17,13,D,0110,1,99,GS-13,12,0110,8,10,P,2,202309,1,123216,05.2
HURR,06,F,21,13,C,0110,1,99,GS-13,15,0110,8,10,F,1,202309,1,158432,03.6
HURR,11,E,21,13,B,0110,1,99,GS-13,11,0110,8,15,F,1,202309,1,119482,02.8
HURR,36,D,04,13,A,0110,1,99,GS-13,09,0110,8,15,F,1,202309,1,098496,00.3
HURR,11,D,13,12,B,0110,1,99,GS-12,09,0110,8,15,F,1,202309,1,094199,01.6
HURR,09,F,21,13,B,0110,1,99,GS-13,11,0110,8,15,F,1,202309,1,114368,01.1
HURR,11,E,17,14,E,0110,1,99,GS-14,13,0110,8,15,F,1,202309,1,132368,10.7
HURR,13,B,04,09,A,0110,1,99,GS-09,06,0110,8,15,F,1,202309,1,060314,00.3
HURR,06,E,04,14,A,0110,1,99,GS-14,16,0110,8,15,F,1,202309,1,168018,00.3
HUTT,11,I,17,14,F,0110,1,99,GS-14,15,0110,8,10,F,1,202309,1,154428,19.0
HUTT,11,H,17,15,D,0110,1,99,GS-15,18,0110,2,10,F,1,202309,1,183500,07.9
HUTT,11,E,21,14,D,0110,1,99,GS-14,14,0110,8,10,F,1,202309,1,145604,05.6
HUTT,11,F,21,14,C,0110,1,99,GS-14,14,0110,8,10,F,1,202309,1,145604,04.1
HUTT,11,E,17,14,A,0110,1,99,GS-14,15,0110,8,15,F,1,202309,1,158840,00.8
IN01,24,I,21,15,G,0110,1,99,GS-15,18,0110,8,10,F,1,202309,1,183500,24.3
IN01,11,H,14,14,F,0110,1,99,GS-14,15,0110,8,10,F,1,202309,1,158840,18.2
IN01,11,F,17,14,F,0110,1,99,GS-14,15,0110,8,10,F,1,202309,1,154428,15.1
IN01,08,G,17,12,G,0110,1,99,GS-12,11,0110,8,10,F,1,202309,1,113163,23.8
IN01,51,E,17,14,E,0110,1,99,GS-14,13,0110,8,10,F,1,202309,1,133394,14.3
IN01,11,I,21,15,B,0110,1,99,GS-15,16,0110,2,15,F,1,202309,1,160889,02.3
IN01,08,F,17,12,D,0110,1,99,GS-12,10,0110,8,10,F,1,202309,1,100929,09.3
IN01,11,E,17,13,D,0110,1,99,GS-13,11,0110,8,10,F,1,202309,1,119482,08.1
IN01,08,H,17,13,C,0110,1,99,GS-13,11,0110,8,10,F,1,202309,1,112743,04.9
IN01,24,D,17,13,C,0110,1,99,GS-13,11,0110,8,10,F,1,202309,1,115749,04.0
IN05,56,C,17,12,B,0110,1,99,GS-12,08,0110,8,15,F,1,202309,1,088352,02.1
IN05,30,J,21,13,D,0110,1,99,GS-13,10,0110,8,10,F,1,202309,1,105062,06.8
IN05,11,K,21,14,J,0110,1,99,GS-14,17,0110,8,10,F,1,202309,1,172075,43.2
IN05,56,F,17,14,F,0110,1,99,GS-14,12,0110,8,10,F,1,202309,1,120272,15.5
IN05,08,E,17,13,D,0110,1,99,GS-13,11,0110,8,10,F,1,202309,1,116380,06.6
IN05,08,G,21,14,E,0110,1,99,GS-14,15,0110,8,10,F,1,202309,1,154715,10.5
IN05,08,F,13,12,A,0110,1,99,GS-12,10,0110,8,15,F,1,202309,1,107046,00.9
IN07,16,H,17,12,G,0110,1,99,GS-12,10,0110,8,10,F,1,202309,1,107680,23.3
IN07,32,E,13,12,G,0110,1,99,GS-12,10,0110,8,10,F,1,202309,1,109769,22.3
IN07,08,H,17,13,H,0110,1,99,GS-13,13,0110,8,10,F,1,202309,1,138200,25.8
IN07,32,K,15,14,I,0110,1,99,GS-14,15,0110,8,10,F,1,202309,1,153816,31.3
IN07,16,H,13,12,G,0110,1,99,GS-12,10,0110,8,10,F,1,202309,1,104919,22.8
IN07,06,F,13,12,E,0110,1,99,GS-12,09,0110,8,10,F,1,202309,1,093875,12.4
IN07,06,H,17,13,D,0110,1,99,GS-13,13,0110,8,10,F,1,202309,1,137396,09.8
IN07,08,G,21,13,D,0110,1,99,GS-13,11,0110,8,10,F,1,202309,1,112743,05.4
IN07,08,C,13,12,C,0110,1,99,GS-12,09,0110,8,10,F,1,202309,1,091753,04.0
IN07,08,D,21,14,C,0110,1,99,GS-14,12,0110,2,10,F,1,202309,1,128931,03.8
IN07,08,B,17,12,B,0110,1,99,GS-12,09,0110,8,15,F,1,202309,1,091753,02.3
IN07,49,D,17,11,B,0110,1,99,GS-11,07,0110,8,15,F,1,202309,1,073713,02.3
IN07,32,C,17,09,A,0110,1,99,GS-09,05,0110,8,35,F,1,202309,1,058226,00.4
IN07,08,E,21,12,A,0110,1,99,GS-12,09,0110,8,15,F,1,202309,1,091753,00.2
IN07,08,D,13,12,A,0110,1,99,GS-12,09,0110,8,15,F,1,202309,1,091753,00.1
IN08,51,H,17,14,G,0110,1,99,GS-14,15,0110,2,10,F,1,202309,1,158840,23.3
IN08,51,I,18,13,F,0110,1,99,GS-13,13,0110,8,10,F,1,202309,1,138150,15.0
IN08,51,K,21,14,I,0110,1,99,GS-14,17,0110,8,10,F,1,202309,1,172075,32.7
IN08,51,H,17,13,H,0110,1,99,GS-13,14,0110,8,10,F,1,202309,1,145617,27.2
IN08,51,K,13,14,J,0110,1,99,GS-14,17,0110,8,10,F,1,202309,1,172075,51.4
IN08,51,I,21,13,F,0110,1,99,GS-13,14,0110,8,10,F,1,202309,1,141884,19.0
IN08,04,G,17,13,E,0110,1,99,GS-13,12,0110,8,10,F,1,202309,1,121477,10.1
IN08,36,G,21,14,E,0110,1,99,GS-14,13,0110,8,10,F,1,202309,1,135251,12.5
IN08,08,C,21,12,A,0110,1,99,GS-12,09,0110,8,15,F,1,202309,1,091753,00.3
IN08,51,H,21,13,E,0110,1,99,GS-13,13,0110,8,10,F,1,202309,1,138150,11.8
IN08,08,E,17,14,E,0110,1,99,GS-14,13,0110,4,10,F,1,202309,1,133229,10.8
IN08,51,F,17,15,E,0110,1,99,GS-15,18,0110,2,10,F,1,202309,1,183500,10.7
IN08,08,F,21,13,D,0110,1,99,GS-13,12,0110,8,10,F,1,202309,1,127290,07.3
IN08,08,E,17,13,D,0110,1,99,GS-13,12,0110,8,10,F,1,202309,1,123653,06.9
IN08,51,G,17,13,D,0110,1,99,GS-13,11,0110,8,10,F,1,202309,1,115749,06.7
IN08,08,I,21,12,A,0110,1,99,GS-12,09,0110,8,20,F,2,202309,1,091753,00.1
IN08,26,G,17,11,A,0110,1,99,GS-11,08,0110,8,15,F,1,202309,1,089835,00.8
IN08,08,C,17,09,A,0110,1,99,GS-09,06,0110,8,20,F,2,202309,1,065379,00.3
IN08,08,C,21,12,A,0110,1,99,GS-12,09,0110,8,40,F,2,202309,1,091753,00.2
IN08,08,C,18,11,A,0110,1,99,GS-11,07,0110,8,20,F,2,202309,1,076551,00.1
IN10,08,F,12,13,G,0110,1,99,GS-13,13,0110,8,10,F,1,202309,1,138200,20.9
IN10,08,H,15,13,H,0110,1,99,GS-13,14,0110,8,10,F,1,202309,1,141836,26.7
IN10,08,F,17,13,E,0110,1,99,GS-13,13,0110,8,10,F,1,202309,1,130926,12.3
IN10,08,G,17,12,E,0110,1,99,GS-12,11,0110,8,10,F,1,202309,1,110104,11.4
IN10,08,C,17,11,C,0110,1,99,GS-11,08,0110,8,15,F,1,202309,1,084205,03.9
IN15,51,G,21,14,F,0110,1,99,GS-14,16,0110,8,10,F,1,202309,1,167663,18.3
IN15,51,K,21,15,I,0110,1,99,GS-15,18,0110,2,10,F,1,202309,1,183500,34.9
IN15,51,I,17,14,G,0110,1,99,GS-14,17,0110,8,10,F,1,202309,1,172075,23.5
IN15,51,K,17,14,J,0110,1,99,GS-14,15,0110,8,10,F,1,202309,1,158840,38.0
IN15,41,G,17,14,G,0110,1,99,GS-14,16,0110,8,10,F,1,202309,1,162322,21.5
IN15,53,H,17,14,F,0110,1,99,GS-14,16,0110,8,10,F,1,202309,1,168283,19.1
IN22,11,J,21,14,H,0110,1,99,GS-14,17,0110,8,10,F,1,202309,1,172075,27.0
IN27,51,I,17,15,H,0110,1,99,GS-15,18,0110,2,10,F,1,202309,1,183500,27.3
IN27,51,E,13,15,E,0110,1,99,GS-15,18,0110,2,10,F,1,202309,1,183500,14.6
IN27,51,H,21,14,F,0110,1,99,GS-14,15,0110,8,10,F,1,202309,1,150016,15.3
IN27,51,K,21,14,H,0110,1,99,GS-14,17,0110,8,10,F,1,202309,1,172075,26.0
IN27,51,G,13,14,G,0110,1,99,GS-14,15,0110,8,10,F,1,202309,1,150016,23.3
IN27,51,H,17,15,E,0110,1,99,GS-15,18,0110,2,10,F,1,202309,1,183500,14.0
IN27,51,F,17,14,F,0110,1,99,GS-14,15,0110,8,10,F,1,202309,1,150016,15.2
IN27,51,F,17,14,E,0110,1,99,GS-14,14,0110,8,10,F,1,202309,1,141192,11.9
IN27,08,D,13,11,D,0110,1,99,GS-11,07,0110,8,10,F,1,202309,1,076551,05.3
IN27,51,E,17,14,D,0110,1,99,GS-14,14,0110,8,10,F,1,202309,1,141192,07.3
IN27,51,F,17,13,D,0110,1,99,GS-13,12,0110,8,10,F,1,202309,1,123216,05.0
IN27,16,G,13,13,C,0110,1,99,GS-13,09,0110,8,10,F,1,202309,1,098496,04.7
IN27,02,G,17,13,C,0110,1,99,GS-13,12,0110,8,10,F,1,202309,1,122128,04.6
IN27,35,I,21,13,B,0110,1,99,GS-13,10,0110,8,15,F,1,202309,1,106081,02.4
MC00,11,H,21,,E,0110,1,ES,ES-**,20,0110,2,50,F,1,202309,1,211621,10.9
MC00,11,E,17,14,D,0110,1,99,GS-14,13,0110,2,10,F,1,202309,1,132368,08.6
MC00,11,E,17,13,D,0110,1,99,GS-13,12,0110,8,10,F,1,202309,1,123216,06.7
MC00,11,G,21,15,C,0110,1,99,GS-15,18,0110,2,10,F,1,202309,1,181648,04.1
MC00,11,D,17,13,B,0110,1,99,GS-13,11,0110,8,15,F,1,202309,1,119482,02.9
MC00,11,D,17,13,B,0110,1,99,GS-13,11,0110,8,15,F,1,202309,1,112015,02.1
MC00,11,D,17,12,B,0110,1,99,GS-12,09,0110,8,15,F,1,202309,1,097339,01.8
MC00,11,G,17,11,A,0110,1,99,GS-11,08,0110,8,15,F,1,202309,1,081211,00.6
MC00,11,D,17,11,A,0110,1,99,GS-11,08,0110,8,15,F,1,202309,1,086450,00.6
MI00,11,J,21,,F,0110,1,99,MC-3A,20,0110,8,10,F,1,202309,1,200790,18.3
MI00,11,F,17,,E,0110,1,99,MC-3A,17,0110,8,10,F,1,202309,1,178927,11.6
MI00,39,H,21,,G,0110,1,99,MC-3B,16,0110,8,10,F,1,202309,1,164367,22.6
MI00,11,G,21,,E,0110,1,99,MC-3A,15,0110,8,10,F,1,202309,1,156757,13.8
MI00,11,F,21,,C,0110,1,99,MC-3A,15,0110,8,10,F,1,202309,1,154627,04.8
MI00,11,F,21,,D,0110,1,99,MC-3B,15,0110,8,10,F,1,202309,1,158822,07.8
MI00,51,I,21,,E,0110,1,99,MC-2D,19,0110,2,10,F,1,202309,1,198294,10.0
MI00,11,E,17,,D,0110,1,99,MC-3B,13,0110,8,10,F,1,202309,1,137773,05.4
MI00,11,E,17,,D,0110,1,99,MC-3B,15,0110,8,15,F,1,202309,1,153818,09.1
MI00,11,G,21,,D,0110,1,99,MC-4A,12,0110,8,10,F,1,202309,1,127180,06.7
MI00,11,F,17,,C,0110,1,99,MC-3A,17,0110,8,10,F,1,202309,1,175079,03.5
MI00,11,K,21,,D,0110,1,99,MC-2B,20,0110,5,10,F,1,202309,1,209100,06.9
MI00,11,K,21,,D,0110,1,99,MC-3A,19,0110,8,10,F,1,202309,1,198431,05.3
MI00,11,J,21,,C,0110,1,99,MC-2D,20,0110,2,10,F,1,202309,1,206100,03.2
MI00,11,G,21,,B,0110,1,99,MC-2C,20,0110,2,15,F,1,202309,1,207600,02.5
NF00,51,I,17,,I,0110,1,99,AD-04,20,0110,8,38,F,1,202309,1,206279,31.8
NF00,51,K,17,14,J,0110,1,99,GS-14,17,0110,8,10,F,1,202309,1,172075,44.3
NF00,51,J,21,,F,0110,1,99,AD-04,20,0110,8,38,F,1,202309,1,206279,16.0
NF00,51,C,13,13,C,0110,1,99,GS-13,14,0110,8,15,F,1,202309,1,141884,04.3
NF00,51,C,18,13,C,0110,1,99,GS-13,11,0110,8,10,F,1,202309,1,112015,03.1
NU00,24,I,18,13,F,0110,1,99,GG-13,12,0110,8,38,F,1,202309,1,123216,16.3
NU00,24,J,21,15,E,0110,1,99,GG-15,16,0110,8,38,F,1,202309,1,166079,13.4
NU00,24,F,17,14,E,0110,1,99,GG-14,14,0110,8,38,F,1,202309,1,141192,11.3
NU00,51,G,17,14,D,0110,1,99,GG-14,16,0110,8,38,F,1,202309,1,163252,08.1
NU00,24,K,17,14,F,0110,1,99,GG-14,17,0110,8,38,F,1,202309,1,172075,19.9
NU00,24,H,17,13,H,0110,1,99,GG-13,13,0110,8,38,F,1,202309,1,138150,26.0
NU00,24,D,14,13,E,0110,1,99,GG-13,11,0110,8,38,F,1,202309,1,115749,11.8
NV11,15,G,21,15,G,0110,1,99,GS-15,17,0110,2,10,F,1,202309,1,170874,23.0
NV22,51,I,17,14,A,0110,1,99,GS-14,15,0110,8,15,F,1,202309,1,150016,00.3
NV25,51,H,21,14,B,0110,1,99,GS-14,12,0110,8,15,F,1,202309,1,125686,02.9
OM00,11,G,21,14,E,0110,1,99,GS-14,16,0110,8,10,F,1,202309,1,167663,12.5
OM00,11,E,17,12,A,0110,1,99,GS-12,12,0110,8,15,F,1,202309,1,122459,00.9
OM00,22,D,21,12,A,0110,1,99,GS-12,09,0110,8,15,F,1,202309,1,096636,00.5
OM00,51,C,13,11,A,0110,1,99,GS-11,07,0110,8,15,F,1,202309,1,078592,00.3
RR00,06,E,13,12,E,0110,1,99,GS-12,12,0110,8,10,F,1,202309,1,122987,14.1
SB00,11,E,17,14,E,0110,1,99,GS-14,14,0110,8,10,F,1,202309,1,141192,13.3
SB00,11,H,13,,G,0110,1,99,AD-00,14,0110,8,20,P,2,202309,1,145617,24.8
SB00,11,J,21,15,F,0110,1,99,GS-15,18,0110,2,10,F,1,202309,1,183500,15.3
SB00,11,I,21,14,E,0110,1,99,GS-14,17,0110,8,10,F,1,202309,1,172075,14.6
SB00,11,F,04,,F,0110,1,99,AD-00,17,0110,8,48,F,2,202309,1,176458,18.7
SB00,11,I,17,14,E,0110,1,99,GS-14,17,0110,8,10,F,1,202309,1,172075,12.3
SB00,11,G,17,14,E,0110,1,99,GS-14,13,0110,5,10,F,1,202309,1,132368,11.4
SB00,11,E,17,,D,0110,1,99,AD-00,18,0110,8,48,F,2,202309,1,181648,06.8
SB00,11,D,14,12,C,0110,1,99,GS-12,09,0110,8,10,F,1,202309,1,097339,04.5
SB00,11,D,17,,A,0110,1,99,AD-00,11,0110,8,48,F,2,202309,1,119319,00.6
SE00,11,H,21,,F,0110,1,99,SK-16,23,0110,8,10,F,1,202309,1,272100,15.3
SE00,11,G,21,,E,0110,1,99,SK-17,23,0110,2,10,F,1,202309,1,272100,12.5
SE00,25,H,21,,E,0110,1,99,SK-14,21,0110,8,10,F,1,202309,1,235999,10.3
SE00,36,J,17,,D,0110,1,99,SK-14,22,0110,8,10,F,1,202309,1,245201,08.5
SE00,11,K,21,,J,0110,1,99,SK-16,23,0110,8,10,F,1,202309,1,272100,35.3
SE00,11,H,21,,G,0110,1,99,SK-17,23,0110,2,10,F,1,202309,1,272100,23.3
SE00,36,H,17,,F,0110,1,99,SK-17,23,0110,2,10,F,1,202309,1,272100,15.8
SE00,11,J,21,,F,0110,1,99,SO-02,30,0110,2,10,F,1,202309,1,,15.5
SE00,25,I,17,,F,0110,1,99,SK-16,23,0110,8,10,F,1,202309,1,270170,15.3
SE00,11,H,21,,H,0110,1,99,SK-17,23,0110,2,10,F,1,202309,1,272100,26.3
SE00,11,K,17,,I,0110,1,99,SK-16,23,0110,8,10,F,1,202309,1,272100,32.6
SE00,11,H,21,,F,0110,1,99,SK-16,23,0110,8,10,F,1,202309,1,272100,16.2
SE00,11,G,21,,G,0110,1,99,SK-14,21,0110,8,10,F,1,202309,1,238592,21.2
SE00,11,H,21,,F,0110,1,99,SO-02,30,0110,2,10,F,1,202309,1,,19.2
SE00,11,H,21,,G,0110,1,99,SK-14,20,0110,8,10,F,1,202309,1,210374,20.1
SE00,11,H,13,,E,0110,1,99,SK-16,23,0110,8,10,F,1,202309,1,272100,14.9
SE00,11,H,21,,E,0110,1,99,SK-16,23,0110,8,10,F,1,202309,1,272100,14.1
SE00,36,I,21,,E,0110,1,99,SK-16,23,0110,8,10,F,1,202309,1,272100,13.8
SE00,11,I,21,,E,0110,1,99,SK-17,23,0110,2,10,F,1,202309,1,272100,13.4
SE00,11,I,21,,E,0110,1,99,SK-14,20,0110,8,10,F,1,202309,1,202658,12.7
SE00,11,G,21,,E,0110,1,99,SK-16,23,0110,8,10,F,1,202309,1,272100,13.1
SE00,11,F,17,,E,0110,1,99,SK-14,20,0110,8,15,F,1,202309,1,211210,11.0
SE00,11,F,17,,E,0110,1,99,SK-17,22,0110,2,15,F,1,202309,1,259992,12.8
SE00,11,G,17,,E,0110,1,99,SK-14,21,0110,8,10,F,1,202309,1,238592,11.8
SE00,11,H,21,,E,0110,1,99,SK-16,23,0110,8,10,F,1,202309,1,272100,11.3
SE00,11,I,22,,E,0110,1,99,SK-16,23,0110,8,10,F,1,202309,1,272100,11.2
SE00,11,H,21,,E,0110,1,99,SK-16,23,0110,8,10,F,1,202309,1,272100,11.2
SE00,08,H,13,,E,0110,1,99,SK-16,23,0110,8,10,F,1,202309,1,266047,11.1
SE00,17,D,17,,E,0110,1,99,SK-14,15,0110,8,10,F,1,202309,1,151448,11.1
SE00,11,F,21,,E,0110,1,99,SK-16,23,0110,8,10,F,1,202309,1,269079,11.1
SE00,06,H,21,,E,0110,1,99,SK-14,22,0110,8,10,F,1,202309,1,259590,11.0
SE00,11,F,21,,C,0110,1,99,SK-14,20,0110,8,15,F,1,202309,1,209118,03.3
SE00,36,I,17,,F,0110,1,99,SK-15,23,0110,2,10,F,1,202309,1,264819,18.0
SE00,11,G,17,,E,0110,1,99,SK-14,21,0110,8,10,F,1,202309,1,223386,10.5
SE00,11,G,21,,E,0110,1,99,SK-16,23,0110,8,10,F,1,202309,1,272100,10.3
SE00,11,E,17,,C,0110,1,99,SK-16,22,0110,8,15,F,1,202309,1,245505,03.5
SE00,49,E,21,,D,0110,1,99,SK-17,22,0110,2,10,F,1,202309,1,246289,07.1
SE00,36,F,21,,E,0110,1,99,SK-16,23,0110,8,10,F,1,202309,1,272100,10.0
SE00,11,G,15,,E,0110,1,99,SK-16,22,0110,8,10,F,1,202309,1,259344,10.0
SE00,11,G,15,,E,0110,1,99,SK-14,21,0110,8,10,F,1,202309,1,238592,10.0
SE00,11,G,17,,E,0110,1,99,SK-14,14,0110,8,10,F,1,202309,1,148161,14.1
SE00,11,E,21,,D,0110,1,99,SK-13,12,0110,8,10,F,1,202309,1,129032,08.2
SE00,17,F,17,,D,0110,1,99,SK-14,21,0110,8,10,F,1,202309,1,233730,09.8
SE00,36,G,17,,D,0110,1,99,SK-14,22,0110,8,10,F,1,202309,1,245201,09.3
SE00,11,D,17,,A,0110,1,99,SK-12,12,0110,8,15,F,1,202309,1,125203,00.2
SE00,11,G,21,,D,0110,1,99,SK-14,21,0110,8,10,F,1,202309,1,238592,09.2
SE00,11,E,21,,D,0110,1,99,SK-16,23,0110,8,10,F,1,202309,1,272100,09.2
SE00,11,E,21,,D,0110,1,99,SK-16,23,0110,8,10,F,1,202309,1,272100,09.2
SE00,11,F,21,,D,0110,1,99,SK-17,23,0110,2,10,F,1,202309,1,272100,09.2
SE00,36,E,17,,D,0110,1,99,SK-14,15,0110,8,10,F,1,202309,1,158930,09.2
SE00,06,H,21,,D,0110,1,99,SK-17,23,0110,2,10,F,1,202309,1,272100,09.2
SE00,11,E,21,,D,0110,1,99,SK-14,21,0110,8,10,F,1,202309,1,238592,09.2
SE00,11,D,17,,D,0110,1,99,SK-13,15,0110,8,10,F,1,202309,1,157613,09.2
SE00,48,G,22,,D,0110,1,99,SK-14,21,0110,8,10,F,1,202309,1,227571,09.1
SE00,11,D,21,,B,0110,1,99,SK-14,17,0110,8,40,F,2,202309,1,175272,01.0
SE00,11,G,21,,D,0110,1,99,SK-16,22,0110,8,10,F,1,202309,1,252908,09.0
SE00,11,G,17,,D,0110,1,99,SK-14,21,0110,8,10,F,1,202309,1,238592,09.0
SE00,11,D,13,,D,0110,1,99,SK-14,19,0110,8,10,F,1,202309,1,191803,09.0
SE00,36,J,17,,D,0110,1,99,SK-14,22,0110,8,10,F,1,202309,1,245201,08.9
SE00,11,D,17,,D,0110,1,99,SK-13,12,0110,8,10,F,1,202309,1,129032,05.1
SE00,36,I,17,,D,0110,1,99,SK-16,22,0110,8,10,F,1,202309,1,259913,08.3
SE00,17,F,17,,D,0110,1,99,SK-14,21,0110,8,10,P,2,202309,1,233730,08.3
SE00,11,H,21,,D,0110,1,99,SK-16,22,0110,8,10,F,1,202309,1,252908,08.2
SE00,11,I,21,,D,0110,1,99,SK-14,21,0110,8,10,F,1,202309,1,238592,08.2
SE00,25,F,21,,D,0110,1,99,SK-14,21,0110,8,10,F,1,202309,1,235999,08.0
SE00,11,G,21,,D,0110,1,99,SK-16,23,0110,8,10,F,1,202309,1,266069,07.8
SE00,11,G,21,,D,0110,1,99,SK-14,20,0110,8,10,F,1,202309,1,207819,07.4
SE00,11,E,17,,D,0110,1,99,SK-14,15,0110,8,10,F,1,202309,1,156646,07.2
SE00,11,G,21,,B,0110,1,99,SK-14,20,0110,8,15,F,1,202309,1,207819,02.3
SE00,17,F,13,,D,0110,1,99,SK-13,20,0110,8,10,F,1,202309,1,203556,07.1
SE00,06,G,13,,D,0110,1,99,SK-14,21,0110,8,10,F,1,202309,1,232713,07.1
SE00,11,E,21,,D,0110,1,99,SK-17,23,0110,2,10,F,1,202309,1,267069,07.1
SE00,11,E,21,,D,0110,1,99,SK-14,21,0110,8,10,F,1,202309,1,233286,07.1
SE00,11,H,21,,D,0110,1,99,SK-14,21,0110,8,10,F,1,202309,1,238592,07.1
SE00,11,G,21,,D,0110,1,99,SK-16,22,0110,8,10,F,1,202309,1,252908,07.0
SE00,11,G,21,,F,0110,1,99,SK-16,22,0110,8,10,F,1,202309,1,240077,15.2
SE00,11,C,13,,D,0110,1,99,SK-13,13,0110,8,10,F,1,202309,1,133277,06.7
SE00,11,E,21,,D,0110,1,99,SK-16,21,0110,8,10,F,1,202309,1,233363,06.1
SE00,11,E,21,,D,0110,1,99,SK-14,20,0110,8,15,F,1,202309,1,208949,05.3
SE00,13,E,21,,D,0110,1,99,SK-14,20,0110,8,15,F,1,202309,1,219010,05.2
SE00,06,G,21,,D,0110,1,99,SK-16,22,0110,8,10,F,1,202309,1,254551,05.1
SE00,11,E,21,,D,0110,1,99,SK-16,22,0110,8,15,F,1,202309,1,245842,05.0
SE00,11,D,21,,C,0110,1,99,SK-17,21,0110,2,15,F,1,202309,1,224079,04.3
SE00,11,F,22,,C,0110,1,99,SK-14,21,0110,8,15,F,1,202309,1,229955,04.1
SE00,25,H,21,,C,0110,1,99,SK-14,20,0110,8,10,F,1,202309,1,205560,03.8
SE00,11,F,21,,C,0110,1,99,SK-14,21,0110,8,15,F,1,202309,1,222178,03.8
SE00,11,D,21,,C,0110,1,99,SK-14,19,0110,8,15,F,1,202309,1,195070,03.3
SE00,11,E,21,,C,0110,1,99,SK-14,19,0110,8,15,F,1,202309,1,195070,03.3
SE00,11,C,13,,C,0110,1,99,SK-11,09,0110,8,10,F,1,202309,1,097778,03.1
SE00,48,E,21,,C,0110,1,99,SK-14,15,0110,8,10,F,1,202309,1,150375,03.0
SE00,11,E,21,,C,0110,1,99,SK-14,21,0110,8,15,F,1,202309,1,220202,03.0
SE00,36,C,13,,B,0110,1,99,SK-13,13,0110,8,15,F,1,202309,1,132606,02.6
SE00,11,D,21,,B,0110,1,99,SK-17,22,0110,2,15,F,1,202309,1,246638,01.8
SE00,17,F,13,,B,0110,1,99,SK-14,19,0110,8,15,F,1,202309,1,199679,01.8
SE00,11,H,21,,B,0110,1,99,SK-14,20,0110,8,15,F,1,202309,1,210374,01.6
SE00,11,D,21,,B,0110,1,99,SK-14,20,0110,8,15,F,1,202309,1,203833,01.4
SE00,11,G,21,,B,0110,1,99,SK-14,19,0110,8,15,F,1,202309,1,197854,01.3
SE00,11,H,21,,C,0110,1,99,SK-14,19,0110,8,15,F,1,202309,1,197854,04.3
SE00,06,C,17,,A,0110,1,99,SK-14,20,0110,8,15,F,1,202309,1,200302,00.1
SE00,11,D,21,,B,0110,1,99,SK-14,17,0110,8,15,F,1,202309,1,176682,01.3
SE00,17,C,21,,B,0110,1,99,SK-14,17,0110,8,40,F,2,202309,1,173081,01.3
SE00,11,D,17,,B,0110,1,99,SK-14,17,0110,8,15,F,1,202309,1,176682,01.3
SE00,06,F,21,,B,0110,1,99,ED-00,18,0110,8,48,I,2,202309,1,188414,01.2
SE00,11,D,17,,B,0110,1,99,SK-14,17,0110,8,15,F,1,202309,1,176682,01.2
SE00,11,D,21,,C,0110,1,99,SK-14,17,0110,8,15,F,1,202309,1,176682,04.0
SE00,11,D,21,,B,0110,1,99,SK-14,17,0110,8,40,F,2,202309,1,176682,01.1
SE00,11,E,21,,B,0110,1,99,SK-14,19,0110,8,40,F,2,202309,1,199446,01.0
SE00,11,D,21,,B,0110,1,99,SK-14,17,0110,8,40,F,2,202309,1,176682,01.0
SE00,11,D,21,,B,0110,1,99,SK-14,17,0110,8,40,F,2,202309,1,176682,01.0
SE00,11,E,17,,B,0110,1,99,SK-14,17,0110,8,40,F,2,202309,1,176682,01.0
SE00,17,H,21,,F,0110,1,99,SK-14,19,0110,8,10,F,1,202309,1,195382,16.1
SE00,36,G,21,,A,0110,1,99,SK-14,20,0110,8,15,F,1,202309,1,204971,00.9
SE00,11,G,21,,A,0110,1,99,ED-00,18,0110,8,48,I,2,202309,1,185471,00.9
SE00,11,D,21,,C,0110,1,99,SK-14,20,0110,8,15,F,1,202309,1,207819,03.4
SE00,06,G,21,,C,0110,1,99,SK-16,21,0110,8,15,F,1,202309,1,232685,03.3
SE00,11,E,21,,C,0110,1,99,SK-14,20,0110,8,15,F,1,202309,1,207819,03.3
SE00,36,F,21,,C,0110,1,99,SK-14,20,0110,8,15,F,1,202309,1,213575,03.3
SE00,11,D,21,,A,0110,1,99,SK-14,18,0110,8,40,F,2,202309,1,184100,00.3
SE00,11,E,21,,A,0110,1,99,SK-14,20,0110,8,40,F,2,202309,1,207819,00.2
SE00,11,D,17,,C,0110,1,99,SK-12,13,0110,8,15,F,1,202309,1,133815,03.2
SE00,08,D,21,,A,0110,1,99,SK-14,17,0110,8,15,F,1,202309,1,179320,00.1
SE00,11,E,21,,C,0110,1,99,SK-14,20,0110,8,15,F,1,202309,1,207819,03.1
SE00,11,E,17,,A,0110,1,99,SK-14,18,0110,8,40,F,2,202309,1,184100,00.1
SE00,11,D,21,,C,0110,1,99,SK-14,20,0110,8,40,F,2,202309,1,207819,03.1
SE00,06,D,21,,C,0110,1,99,SK-14,18,0110,8,15,F,1,202309,1,187435,03.1
SE00,11,C,21,,A,0110,1,99,SK-14,18,0110,8,15,F,1,202309,1,184100,00.1
SE00,06,C,21,,C,0110,1,99,SK-14,20,0110,8,15,F,1,202309,1,200302,03.1
SE00,11,D,21,,A,0110,1,99,SK-14,20,0110,8,40,F,2,202309,1,207819,00.1
SE00,11,E,21,,C,0110,1,99,SK-14,20,0110,8,15,F,1,202309,1,207819,03.0
SE00,42,G,21,,C,0110,1,99,SK-14,20,0110,8,15,F,1,202309,1,200525,03.0
SE00,11,D,17,,A,0110,1,99,SK-14,18,0110,8,15,F,1,202309,1,184100,00.0
SE00,17,I,21,,E,0110,1,99,SK-17,23,0110,2,10,F,1,202309,1,272100,10.7
SE00,11,G,21,,D,0110,1,99,SK-14,21,0110,8,10,F,1,202309,1,238592,08.4
SE00,17,E,21,,C,0110,1,99,SK-14,19,0110,8,15,F,1,202309,1,195382,04.3
SK00,24,F,17,14,E,0110,1,99,GS-14,15,0110,8,10,F,1,202309,1,150016,12.5
SK00,24,I,17,13,F,0110,1,99,GS-13,14,0110,8,10,F,1,202309,1,145617,16.2
SK00,24,F,13,13,D,0110,1,99,GS-13,12,0110,8,10,F,1,202309,1,126949,06.0
SK00,24,F,21,13,D,0110,1,99,GS-13,12,0110,8,10,F,1,202309,1,123216,06.0
SK00,24,F,17,,E,0110,1,ES,ES-**,17,0110,2,50,F,1,202309,1,177109,10.0
SK00,24,D,17,13,C,0110,1,99,GS-13,11,0110,8,10,F,1,202309,1,115749,04.7
SK00,24,H,17,15,F,0110,1,99,GS-15,18,0110,2,10,F,1,202309,1,181648,15.0
SK00,24,C,17,12,C,0110,1,99,GS-12,09,0110,8,10,F,1,202309,1,097339,03.8
SK00,24,K,21,13,C,0110,1,99,GS-13,11,0110,8,10,F,1,202309,1,115749,03.4
SK00,24,F,17,13,B,0110,1,99,GS-13,11,0110,8,15,F,1,202309,1,115749,01.1
ST00,11,E,17,14,C,0110,1,99,GS-14,14,0110,8,15,F,1,202309,1,145604,04.8
ST00,11,I,15,14,E,0110,1,99,GG-14,16,0110,8,48,F,2,202309,1,163252,12.3
ST00,11,I,04,,H,0110,1,ES,ES-**,20,0110,2,50,F,1,202309,1,207574,27.3
ST00,11,G,04,14,G,0110,1,99,GS-14,16,0110,8,10,F,1,202309,1,163252,20.3
ST00,11,H,15,,G,0110,1,ES,ES-**,20,0110,2,50,F,1,202309,1,200692,23.9
ST00,11,E,21,15,D,0110,1,99,GS-15,16,0110,8,15,F,1,202309,1,160889,06.4
ST00,11,I,21,14,F,0110,1,99,GS-14,17,0110,8,10,F,1,202309,1,172075,15.1
ST00,11,I,21,14,E,0110,1,99,GG-14,15,0110,8,48,F,2,202309,1,158840,11.3
ST00,11,G,21,15,D,0110,1,99,GS-15,17,0110,8,15,F,1,202309,1,171268,09.8
ST00,11,D,13,14,D,0110,1,99,GS-14,14,0110,8,10,F,1,202309,1,145604,08.3
ST00,11,F,21,14,C,0110,1,99,GS-14,14,0110,8,15,F,1,202309,1,145604,04.3
ST00,11,C,04,09,B,0110,1,99,GS-09,06,0110,8,15,F,1,202309,1,067122,01.9
ST00,11,C,21,13,B,0110,1,99,GS-13,11,0110,8,15,F,1,202309,1,112015,01.8
ST00,11,D,21,14,B,0110,1,99,GG-14,13,0110,8,48,F,2,202309,1,136780,01.2
ST00,11,E,21,15,B,0110,1,99,GS-15,18,0110,8,44,F,2,202309,1,181648,01.0
ST00,11,E,13,13,A,0110,1,99,GS-13,13,0110,8,15,F,1,202309,1,130683,00.7
ST00,11,G,21,14,F,0110,1,99,GG-14,16,0110,8,48,F,2,202309,1,163252,17.2
SZ00,11,I,21,14,F,0110,1,99,GS-14,15,0110,8,10,F,1,202309,1,158840,18.0
SZ00,11,I,21,14,I,0110,1,99,GS-14,17,0110,8,10,F,1,202309,1,172075,30.9
SZ00,11,K,21,15,H,0110,1,99,GS-15,18,0110,8,10,F,1,202309,1,183500,25.1
SZ00,11,G,21,14,F,0110,1,99,GS-14,15,0110,8,10,F,1,202309,1,158840,18.9
SZ00,24,J,21,13,G,0110,1,99,GS-13,14,0110,8,10,F,1,202309,1,145617,24.8
SZ00,11,K,21,14,J,0110,1,99,GS-14,17,0110,8,10,P,2,202309,1,172075,35.4
SZ00,11,K,13,15,J,0110,1,99,GS-15,18,0110,8,10,F,1,202309,1,183500,46.6
SZ00,11,I,18,14,H,0110,1,99,GS-14,17,0110,2,10,F,1,202309,1,172075,25.0
SZ00,51,J,21,15,G,0110,1,99,GS-15,18,0110,8,10,F,1,202309,1,183500,24.2
SZ00,11,K,21,15,J,0110,1,99,GS-15,18,0110,8,10,F,1,202309,1,183500,39.2
SZ00,11,K,22,13,F,0110,1,99,GS-13,14,0110,8,10,F,1,202309,1,145617,18.9
SZ00,24,K,21,14,G,0110,1,99,GS-14,16,0110,8,10,F,1,202309,1,167663,21.9
SZ00,24,H,18,13,H,0110,1,99,GS-13,14,0110,8,10,F,1,202309,1,145617,25.2
SZ00,11,K,17,14,J,0110,1,99,GS-14,17,0110,8,10,F,1,202309,1,172075,53.0
SZ00,24,J,21,14,I,0110,1,99,GS-14,17,0110,8,10,F,1,202309,1,172075,33.0
SZ00,24,G,17,13,E,0110,1,99,GS-13,13,0110,8,10,F,1,202309,1,134416,14.2
SZ00,24,I,21,14,F,0110,1,99,GS-14,16,0110,8,10,F,1,202309,1,163252,19.3
SZ00,24,J,21,14,E,0110,1,99,GS-14,15,0110,8,10,F,1,202309,1,150016,13.5
SZ00,11,J,17,14,I,0110,1,99,GS-14,17,0110,8,10,F,1,202309,1,172075,33.5
SZ00,11,K,13,13,F,0110,1,99,GS-13,13,0110,8,15,F,1,202309,1,130683,15.8
SZ00,51,K,21,13,D,0110,1,99,GS-13,14,0110,8,10,F,1,202309,1,145617,07.9
SZ00,11,F,17,13,E,0110,1,99,GS-13,13,0110,8,10,F,1,202309,1,130683,14.1
SZ00,24,G,21,14,D,0110,1,99,GS-14,13,0110,8,10,F,1,202309,1,136780,07.0
SZ00,11,I,21,13,D,0110,1,99,GS-13,12,0110,8,10,F,1,202309,1,126949,05.8
SZ00,11,C,17,13,B,0110,1,99,GS-13,12,0110,8,15,F,1,202309,1,123216,01.6
SZ00,17,E,21,13,B,0110,1,99,GS-13,10,0110,8,40,I,2,202309,1,109732,02.7
SZ00,24,G,17,12,B,0110,1,99,GS-12,09,0110,8,15,F,1,202309,1,094199,01.5
SZ00,24,C,13,11,B,0110,1,99,GS-11,07,0110,8,15,F,1,202309,1,078592,01.3
SZ00,11,G,17,12,A,0110,1,99,GS-12,10,0110,8,15,F,1,202309,1,106759,00.7
SZ00,24,D,17,11,A,0110,1,99,GS-11,07,0110,8,15,F,1,202309,1,078592,00.0
TC00,11,E,17,14,E,0110,1,99,GS-14,13,0110,8,10,F,1,202309,1,132368,12.4
TC00,11,E,21,15,D,0110,1,99,GS-15,16,0110,8,10,F,1,202309,1,166079,07.1
TC00,11,F,17,14,F,0110,1,99,GS-14,15,0110,8,10,F,1,202309,1,158840,17.8
TC00,11,H,04,15,H,0110,1,99,GS-15,18,0110,2,10,F,1,202309,1,183500,27.1
TC00,11,K,21,15,I,0110,1,99,GS-15,18,0110,2,10,F,1,202309,1,183500,33.0
TC00,11,I,17,15,I,0110,1,99,GS-15,18,0110,2,10,F,1,202309,1,183500,32.3
TC00,11,I,17,14,I,0110,1,99,GS-14,16,0110,8,10,F,1,202309,1,163252,31.8
TC00,11,E,17,15,E,0110,1,99,GS-15,18,0110,8,15,F,1,202309,1,183500,14.9
TC00,11,H,17,15,G,0110,1,99,GS-15,18,0110,2,10,F,1,202309,1,183500,24.5
TC00,11,H,17,15,G,0110,1,99,GS-15,18,0110,2,10,F,1,202309,1,183500,23.8
TC00,11,J,21,15,H,0110,1,99,GS-15,18,0110,8,10,F,1,202309,1,183500,26.8
TC00,11,I,21,15,G,0110,1,99,GS-15,18,0110,8,10,F,1,202309,1,183500,23.1
TC00,11,H,18,14,G,0110,1,99,GS-14,15,0110,8,10,F,1,202309,1,158840,24.5
TC00,11,K,21,13,H,0110,1,99,GS-13,14,0110,8,10,F,1,202309,1,145617,28.1
TC00,11,H,18,14,G,0110,1,99,GS-14,16,0110,8,10,F,1,202309,1,163252,24.3
TC00,11,G,21,14,F,0110,1,99,GS-14,16,0110,8,10,F,1,202309,1,163252,15.2
TC00,11,I,21,15,H,0110,1,99,GS-15,18,0110,2,10,F,1,202309,1,183500,28.9
TC00,11,K,17,15,J,0110,1,99,GS-15,18,0110,2,10,F,1,202309,1,183500,40.2
TC00,11,I,21,,F,0110,1,ES,ES-**,19,0110,2,50,F,1,202309,1,196117,18.1
TC00,11,J,18,14,F,0110,1,99,GS-14,17,0110,8,10,F,1,202309,1,172075,19.2
TC00,11,E,17,13,E,0110,1,99,GS-13,12,0110,8,10,F,1,202309,1,123216,14.1
TC00,11,H,21,15,E,0110,1,99,GS-15,18,0110,2,10,F,1,202309,1,183500,13.8
TC00,11,J,21,14,E,0110,1,99,GS-14,15,0110,8,10,F,1,202309,1,150016,13.3
TC00,42,E,17,14,E,0110,1,99,GS-14,14,0110,8,10,F,1,202309,1,149008,13.3
TC00,11,J,17,15,F,0110,1,99,GS-15,18,0110,2,10,F,1,202309,1,183500,15.3
TC00,11,G,17,15,E,0110,1,99,GS-15,16,0110,8,10,F,1,202309,1,160889,12.0
TC00,11,F,17,14,E,0110,1,99,GS-14,15,0110,8,10,F,1,202309,1,154428,12.0
TC00,11,E,17,14,E,0110,1,99,GS-14,14,0110,8,10,F,1,202309,1,145604,13.3
TC00,11,D,09,14,E,0110,1,99,GS-14,14,0110,8,10,F,1,202309,1,141192,11.0
TC00,11,F,17,14,E,0110,1,99,GS-14,14,0110,8,10,F,1,202309,1,145604,13.1
TC00,11,E,13,13,E,0110,1,99,GS-13,13,0110,8,10,F,1,202309,1,130683,10.5
TC00,11,E,21,15,D,0110,1,99,GS-15,16,0110,8,10,F,1,202309,1,160889,09.3
TC00,11,F,17,13,E,0110,1,99,GS-13,13,0110,8,10,F,1,202309,1,130683,10.2
TC00,11,F,17,14,E,0110,1,99,GS-14,15,0110,8,10,F,1,202309,1,154428,10.0
TC00,11,H,21,15,D,0110,1,99,GS-15,18,0110,8,10,F,1,202309,1,183500,09.7
TC00,11,F,21,14,D,0110,1,99,GS-14,14,0110,8,10,F,1,202309,1,145604,09.1
TC00,11,G,17,14,E,0110,1,99,GS-14,14,0110,8,10,F,1,202309,1,141192,11.3
TC00,11,E,17,14,D,0110,1,99,GS-14,16,0110,8,10,F,1,202309,1,167663,09.0
TC00,11,E,14,13,D,0110,1,99,GS-13,12,0110,8,10,F,1,202309,1,123216,08.3
TC00,11,E,14,14,D,0110,1,99,GS-14,13,0110,8,15,F,1,202309,1,132368,06.8
TC00,11,G,20,14,D,0110,1,99,GS-14,14,0110,8,10,F,1,202309,1,141192,07.3
TC00,11,D,17,13,D,0110,1,99,GS-13,12,0110,8,10,P,2,202309,1,123216,07.3
TC00,11,E,21,15,D,0110,1,99,GS-15,16,0110,8,10,F,1,202309,1,160889,07.2
TC00,11,F,21,15,D,0110,1,99,GS-15,16,0110,8,10,F,1,202309,1,166079,07.2
TC00,11,F,21,15,D,0110,1,99,GS-15,17,0110,8,10,F,1,202309,1,171268,07.1
TC00,11,G,21,14,D,0110,1,99,GS-14,14,0110,8,10,F,1,202309,1,145604,07.0
TC00,11,C,17,13,C,0110,1,99,GS-13,11,0110,8,10,F,1,202309,1,115749,04.4
TC00,11,D,17,12,D,0110,1,99,GS-12,10,0110,8,10,F,1,202309,1,103619,06.5
TC00,11,G,17,13,D,0110,1,99,GS-13,11,0110,8,10,F,1,202309,1,119482,05.8
TC00,11,D,18,13,D,0110,1,99,GS-13,11,0110,8,15,P,2,202309,1,119482,05.5
TC00,11,C,14,14,D,0110,1,99,GS-14,13,0110,8,15,F,1,202309,1,132368,05.2
TC00,11,D,17,14,C,0110,1,99,GS-14,13,0110,8,15,F,1,202309,1,132368,04.5
TC00,11,F,13,15,C,0110,1,99,GS-15,18,0110,8,44,F,2,202309,1,181648,04.3
TC00,11,E,17,13,D,0110,1,99,GS-13,14,0110,8,10,F,1,202309,1,145617,07.3
TC00,11,E,21,14,C,0110,1,99,GS-14,13,0110,8,10,F,1,202309,1,136780,04.3
TC00,11,D,21,14,C,0110,1,99,GS-14,14,0110,8,10,F,1,202309,1,141192,04.2
TC00,11,C,13,12,C,0110,1,99,GS-12,09,0110,8,15,F,1,202309,1,094199,03.9
TC00,11,C,13,12,C,0110,1,99,GS-12,09,0110,8,15,F,1,202309,1,094199,03.9
TC00,11,C,13,12,C,0110,1,99,GS-12,09,0110,8,15,F,1,202309,1,094199,03.9
TC00,11,C,14,12,C,0110,1,99,GS-12,09,0110,8,10,F,1,202309,1,094199,03.4
TC00,11,F,17,11,B,0110,1,99,GS-11,08,0110,8,15,F,1,202309,1,083830,02.4
TC00,11,D,17,13,B,0110,1,99,GS-13,12,0110,8,15,F,1,202309,1,123216,02.2
TC00,11,C,10,11,B,0110,1,99,GS-11,07,0110,8,15,F,1,202309,1,078592,01.7
TC00,11,C,17,11,B,0110,1,99,GS-11,07,0110,8,15,F,1,202309,1,078592,01.6
TC00,11,C,07,11,A,0110,1,99,GS-11,07,0110,8,15,F,1,202309,1,078592,00.9
TC00,11,C,17,11,A,0110,1,99,GS-11,07,0110,8,15,F,1,202309,1,078592,00.3
TC00,11,B,07,11,A,0110,1,99,GS-11,07,0110,8,15,F,1,202309,1,078592,00.2
TC00,11,C,17,11,A,0110,1,99,GS-11,07,0110,8,15,F,1,202309,1,078592,00.2
TC00,11,C,13,12,A,0110,1,99,GS-12,11,0110,8,15,F,1,202309,1,116179,00.2
TC00,11,G,04,13,A,0110,1,99,GS-13,13,0110,8,15,F,1,202309,1,134416,00.0
TD01,11,J,17,13,G,0110,1,99,GS-13,14,0110,8,10,F,1,202309,1,145617,21.1
TD01,11,F,17,15,F,0110,1,99,GS-15,16,0110,7,10,F,1,202309,1,166079,17.0
TD01,33,H,17,14,G,0110,1,99,GS-14,16,0110,8,10,F,1,202309,1,165841,22.8
TD01,11,I,21,,G,0110,1,ES,ES-**,20,0110,2,50,F,1,202309,1,202041,24.3
TD01,11,I,21,15,I,0110,1,99,GS-15,18,0110,8,10,F,1,202309,1,183500,30.0
TD01,08,F,17,14,F,0110,1,99,GS-14,15,0110,8,10,F,1,202309,1,150418,19.3
TD01,25,I,17,14,F,0110,1,99,GS-14,16,0110,8,10,F,1,202309,1,161477,15.8
TD01,25,G,17,14,G,0110,1,99,GS-14,17,0110,8,10,F,1,202309,1,170205,22.0
TD01,25,I,17,15,H,0110,1,99,GS-15,18,0110,2,10,F,1,202309,1,183500,27.8
TD01,25,K,21,15,J,0110,1,99,GS-15,18,0110,8,10,F,1,202309,1,183500,40.7
TD01,11,G,17,15,E,0110,1,99,GS-15,17,0110,8,10,F,1,202309,1,171268,14.0
TD01,11,J,21,15,H,0110,1,99,GS-15,18,0110,2,15,F,1,202309,1,183500,28.5
TD01,11,H,14,12,G,0110,1,99,GS-12,12,0110,8,10,F,1,202309,1,122459,23.6
TD01,24,F,17,14,E,0110,1,99,GS-14,15,0110,8,10,F,1,202309,1,154428,14.2
TD01,25,G,17,14,E,0110,1,99,GS-14,15,0110,8,10,F,1,202309,1,157113,13.7
TD01,25,E,17,13,E,0110,1,99,GS-13,11,0110,8,10,F,1,202309,1,118184,10.9
TD01,25,D,17,13,E,0110,1,99,GS-13,12,0110,8,10,F,1,202309,1,125569,10.2
TD01,13,D,17,14,E,0110,1,99,GS-14,13,0110,8,10,F,1,202309,1,139293,10.2
TD01,11,E,17,15,D,0110,1,99,GS-15,18,0110,2,10,F,1,202309,1,181648,08.9
TD01,25,E,17,13,D,0110,1,99,GS-13,11,0110,8,10,F,1,202309,1,110798,08.7
TD01,11,F,17,14,D,0110,1,99,GS-14,14,0110,8,15,F,1,202309,1,145604,08.0
TD01,25,E,17,12,D,0110,1,99,GS-12,10,0110,8,10,F,1,202309,1,105599,07.8
TD01,25,E,21,14,D,0110,1,99,GS-14,13,0110,8,10,F,1,202309,1,135293,07.3
TD01,11,I,21,14,D,0110,1,99,GS-14,13,0110,8,15,F,1,202309,1,136780,07.0
TD01,11,D,13,13,D,0110,1,99,GS-13,11,0110,8,15,F,1,202309,1,112015,06.8
TD01,25,F,17,12,D,0110,1,99,GS-12,09,0110,8,10,F,1,202309,1,093175,06.7
TD01,25,C,13,12,D,0110,1,99,GS-12,09,0110,8,10,F,1,202309,1,096281,06.3
TD01,06,D,17,12,B,0110,1,99,GS-12,10,0110,8,15,F,1,202309,1,103383,02.3
TD01,12,D,17,13,D,0110,1,99,GS-13,10,0110,8,10,F,1,202309,1,104955,05.8
TD01,25,C,13,11,C,0110,1,99,GS-11,08,0110,8,10,P,2,202309,1,082919,04.2
TD01,11,D,17,12,C,0110,1,99,GS-12,10,0110,8,15,F,1,202309,1,100479,03.6
TD01,11,C,17,11,C,0110,1,99,GS-11,07,0110,8,15,F,1,202309,1,078592,03.6
TD01,25,E,13,12,C,0110,1,99,GS-12,09,0110,8,10,F,1,202309,1,096281,03.4
TD01,11,B,13,07,A,0110,1,99,GS-07,05,0110,8,15,F,1,202309,1,053105,00.4
TD01,17,C,17,12,B,0110,1,99,GS-12,09,0110,8,10,F,1,202309,1,092279,02.7
TD01,25,C,13,11,C,0110,1,99,GS-11,08,0110,8,10,F,1,202309,1,080328,03.2
TD01,11,C,13,13,C,0110,1,99,GS-13,11,0110,8,15,F,1,202309,1,112015,03.1
TD01,25,E,21,14,B,0110,1,99,GS-14,14,0110,8,15,F,1,202309,1,148385,02.8
TD01,42,C,17,12,B,0110,1,99,GS-12,09,0110,8,15,F,1,202309,1,093923,02.7
TD01,11,F,21,12,B,0110,1,99,GS-12,09,0110,8,15,F,1,202309,1,094199,01.8
TD01,25,C,17,11,B,0110,1,99,GS-11,07,0110,8,15,F,1,202309,1,077738,01.3
TD01,25,B,13,07,A,0110,1,99,GS-07,05,0110,8,15,F,1,202309,1,052527,00.2
TD01,25,D,17,13,B,0110,1,99,GS-13,11,0110,8,15,F,1,202309,1,114491,01.3
TD01,11,D,13,13,B,0110,1,99,GS-13,11,0110,8,15,F,1,202309,1,115749,01.1
TD01,25,C,17,09,A,0110,1,99,GS-09,06,0110,8,15,F,1,202309,1,066393,00.5
TD01,45,C,17,13,A,0110,1,99,GS-13,09,0110,8,15,F,1,202309,1,098496,00.4
TD01,53,E,21,13,A,0110,1,99,GS-13,10,0110,8,15,F,1,202309,1,109546,00.3
TD01,11,D,21,11,A,0110,1,99,GS-11,07,0110,8,15,F,1,202309,1,078592,00.3
TD03,11,K,22,,F,0110,1,99,FV-J,18,0110,8,38,F,1,202309,1,182374,16.0
TD03,11,E,13,,E,0110,1,99,FV-J,14,0110,8,38,F,1,202309,1,146599,14.3
TD03,11,F,18,,F,0110,1,99,FV-K,20,0110,8,38,F,1,202309,1,210662,16.2
TD03,11,J,17,,G,0110,1,99,FV-K,20,0110,2,38,F,1,202309,1,212100,22.9
TD03,11,K,17,,G,0110,1,99,FV-J,17,0110,8,38,F,1,202309,1,177111,22.0
TD03,11,G,17,,G,0110,1,99,FV-K,20,0110,2,38,F,1,202309,1,210341,22.0
TD03,11,G,17,,F,0110,1,99,FV-J,15,0110,8,38,F,1,202309,1,159888,16.8
TD03,11,G,22,,F,0110,1,99,FV-J,18,0110,8,38,F,1,202309,1,182374,17.2
TD03,11,J,12,,H,0110,1,99,FV-K,20,0110,8,38,F,1,202309,1,212100,27.0
TD03,11,K,21,,G,0110,1,99,FV-J,17,0110,8,38,F,1,202309,1,170463,21.3
TD03,11,K,17,,J,0110,1,99,FV-K,20,0110,8,38,F,1,202309,1,212100,38.5
TD03,11,H,13,,G,0110,1,99,FV-J,16,0110,8,38,F,1,202309,1,161336,21.3
TD03,11,J,13,,H,0110,1,99,FV-J,17,0110,8,38,F,1,202309,1,172482,28.8
TD03,11,G,17,,E,0110,1,99,FV-G,08,0110,8,38,F,1,202309,1,081279,13.7
TD03,11,J,13,,G,0110,1,99,FV-J,17,0110,8,38,F,1,202309,1,177290,24.6
TD03,11,H,17,,H,0110,1,99,FV-J,17,0110,8,38,F,1,202309,1,178563,25.3
TD03,11,I,21,,E,0110,1,99,FV-J,18,0110,8,38,F,1,202309,1,182233,13.3
TD03,11,J,21,,E,0110,1,99,FV-K,20,0110,8,38,F,1,202309,1,212100,14.9
TD03,11,J,21,,E,0110,1,99,FV-J,17,0110,8,38,F,1,202309,1,173959,14.7
TD03,11,J,21,,E,0110,1,99,FV-J,16,0110,8,38,F,1,202309,1,167152,14.8
TD03,GT,E,20,,D,0110,1,99,FV-H,11,0110,8,38,F,1,202309,1,112767,05.2
TD03,11,J,18,,E,0110,1,99,FV-J,15,0110,8,38,F,1,202309,1,156767,12.6
TD03,11,E,13,,E,0110,1,99,FV-J,14,0110,8,38,F,1,202309,1,149368,10.8
TD03,11,G,21,,D,0110,1,99,FV-J,13,0110,8,38,F,1,202309,1,136168,08.8
TD03,34,D,13,,D,0110,1,99,FV-I,10,0110,8,38,F,1,202309,1,104693,08.6
TD03,11,J,17,,D,0110,1,99,FV-J,18,0110,8,38,F,1,202309,1,182374,08.1
TD03,11,D,14,,D,0110,1,99,FV-I,12,0110,8,38,F,1,202309,1,122401,07.4
TD03,11,D,17,,D,0110,1,99,FV-I,12,0110,8,38,F,1,202309,1,125056,07.3
TD03,11,I,17,,D,0110,1,99,FV-J,18,0110,8,38,F,1,202309,1,182374,06.2
TD03,11,C,13,,D,0110,1,99,FV-H,10,0110,8,38,F,1,202309,1,107277,05.1
TD03,11,G,22,,C,0110,1,99,FV-J,15,0110,8,38,F,1,202309,1,154547,04.9
TD03,11,E,13,,C,0110,1,99,FV-H,08,0110,8,38,F,1,202309,1,083088,03.9
TD03,11,F,04,,B,0110,1,99,FV-J,18,0110,8,38,F,1,202309,1,181676,01.3
TD03,11,D,17,,B,0110,1,99,FV-G,10,0110,8,38,F,1,202309,1,102223,01.1
TD03,11,F,17,,F,0110,1,99,FV-K,18,0110,2,38,F,1,202309,1,184650,17.1
TD03,11,F,17,,E,0110,1,99,FV-K,18,0110,2,38,F,1,202309,1,183258,10.4
TD04,51,J,21,14,H,0110,1,99,GS-14,17,0110,8,10,F,1,202309,1,172075,27.6
TD04,11,J,17,15,E,0110,1,99,GS-15,18,0110,8,10,F,1,202309,1,181648,13.4
TD04,11,J,18,14,D,0110,1,99,GS-14,15,0110,8,10,F,1,202309,1,154428,08.6
TD04,11,E,21,14,D,0110,1,99,GS-14,15,0110,8,10,F,1,202309,1,154428,05.2
TD04,11,D,16,13,C,0110,1,99,GS-13,11,0110,8,10,F,1,202309,1,115749,03.8
TD04,41,D,18,13,B,0110,1,99,GS-13,10,0110,8,15,F,1,202309,1,101779,02.3
TD04,11,F,22,14,B,0110,1,99,GS-14,16,0110,8,15,F,1,202309,1,163252,01.2
TD04,08,F,19,11,A,0110,1,99,GS-11,07,0110,8,15,F,1,202309,1,076551,00.8
TD05,11,K,17,14,H,0110,1,99,GS-14,17,0110,8,10,F,1,202309,1,172075,25.6
TD05,11,H,17,14,H,0110,1,99,GS-14,17,0110,8,10,F,1,202309,1,172075,28.7
TD05,24,F,17,14,F,0110,1,99,GS-14,15,0110,8,10,F,1,202309,1,154428,16.3
TD05,11,G,18,14,F,0110,1,99,GS-14,15,0110,8,10,F,1,202309,1,150016,18.6
TD05,51,E,17,14,E,0110,1,99,GS-14,15,0110,8,10,F,1,202309,1,158840,13.8
TD05,11,K,18,15,E,0110,1,99,GS-15,18,0110,2,10,F,1,202309,1,183500,13.0
TD05,24,E,13,14,E,0110,1,99,GS-14,14,0110,8,10,F,1,202309,1,141192,11.8
TD05,11,E,13,13,D,0110,1,99,GS-13,11,0110,8,10,F,1,202309,1,115749,08.1
TD05,51,E,14,13,D,0110,1,99,GS-13,11,0110,8,10,F,1,202309,1,115749,07.0
TD05,11,I,17,13,C,0110,1,99,GS-13,11,0110,8,10,F,1,202309,1,115749,04.5
TD05,11,D,17,13,B,0110,1,99,GS-13,11,0110,8,15,F,1,202309,1,112015,02.8
TD05,48,B,13,07,B,0110,1,99,GS-07,05,0110,8,15,F,1,202309,1,050652,01.7
TD05,11,E,17,14,D,0110,1,99,GS-14,16,0110,8,10,F,1,202309,1,163252,06.1
TD05,24,H,17,13,F,0110,1,99,GS-13,13,0110,8,15,F,1,202309,1,130683,18.8
TD09,24,F,21,15,D,0110,1,99,GS-15,15,0110,8,10,F,1,202309,1,155700,07.6
TD10,11,G,21,14,E,0110,1,99,GS-14,15,0110,8,10,F,1,202309,1,154428,13.8
TD10,27,F,21,13,C,0110,1,99,GS-13,10,0110,8,10,F,1,202309,1,106858,03.0
TD10,11,G,17,13,D,0110,1,99,GS-13,13,0110,8,10,F,1,202309,1,134416,09.9
TD10,11,D,21,14,C,0110,1,99,GS-14,13,0110,8,10,F,1,202309,1,136780,04.0
TD10,11,E,21,12,B,0110,1,99,GS-12,10,0110,8,15,F,1,202309,1,109899,01.2
TD10,48,F,21,13,A,0110,1,99,GS-13,14,0110,8,15,F,1,202309,1,140215,00.2
TD10,27,F,21,12,A,0110,1,99,GS-12,09,0110,8,15,F,1,202309,1,095853,00.1
TD12,11,G,17,14,F,0110,1,99,GS-14,15,0110,8,10,F,1,202309,1,154428,16.3
TD12,11,K,13,,F,0110,1,SL,SL-00,20,0110,2,10,F,1,202309,1,201850,19.4
TD12,12,F,21,15,D,0110,1,99,GS-15,14,0110,8,10,F,1,202309,1,141472,08.1
TD12,55,D,17,14,D,0110,1,99,GS-14,12,0110,8,10,F,1,202309,1,128031,06.7
TD12,11,F,21,14,C,0110,1,99,GS-14,14,0110,8,10,F,1,202309,1,141192,04.2
TD13,11,G,17,13,F,0110,1,99,GS-13,12,0110,8,10,F,1,202309,1,126949,15.1
TD13,11,I,21,14,F,0110,1,99,GS-14,17,0110,8,10,F,1,202309,1,172075,15.5
TD13,12,F,17,14,F,0110,1,99,GS-14,14,0110,8,10,F,1,202309,1,148829,15.8
TD13,11,B,13,07,B,0110,1,99,GS-07,05,0110,8,15,F,1,202309,1,053105,01.6
TD13,11,B,13,12,B,0110,1,99,GS-12,09,0110,8,15,F,1,202309,1,094199,02.3
TD13,11,B,17,11,A,0110,1,99,GS-11,07,0110,8,15,F,1,202309,1,078592,00.5
TD13,11,E,17,14,E,0110,1,99,GS-14,15,0110,8,10,F,1,202309,1,154428,10.1
TD16,11,H,17,14,F,0110,1,99,GS-14,15,0110,8,10,F,1,202309,1,158840,18.1
TD16,11,H,17,14,E,0110,1,99,GS-14,16,0110,8,10,F,1,202309,1,163252,12.7
TD16,11,C,13,13,C,0110,1,99,GS-13,11,0110,8,10,F,1,202309,1,112015,03.3
TD16,11,F,21,14,D,0110,1,99,GS-14,13,0110,8,10,F,1,202309,1,136780,05.1
TD16,11,G,21,15,C,0110,1,99,GS-15,16,0110,2,10,F,1,202309,1,160889,03.8
TD16,11,D,21,11,A,0110,1,99,GS-11,07,0110,8,15,F,1,202309,1,078592,00.7
TD16,13,G,21,13,A,0110,1,99,GS-13,12,0110,8,15,F,1,202309,1,121342,00.5
TD16,11,F,21,12,A,0110,1,99,GS-12,09,0110,8,15,F,1,202309,1,094199,00.3
TD17,24,G,17,14,F,0110,1,99,GS-14,15,0110,8,15,F,1,202309,1,158840,17.2
TD17,30,E,13,14,F,0110,1,99,GS-14,14,0110,8,10,F,1,202309,1,143549,15.5
TD17,51,E,14,14,E,0110,1,99,GS-14,14,0110,8,10,F,1,202309,1,145604,11.4
TD17,06,D,17,12,D,0110,1,99,GS-12,11,0110,8,10,F,1,202309,1,115087,07.3
TD17,11,D,17,12,C,0110,1,99,GS-12,09,0110,8,15,F,1,202309,1,094199,03.3
TD17,13,D,17,12,B,0110,1,99,GS-12,08,0110,8,15,F,1,202309,1,087466,02.8
TD17,51,F,17,15,G,0110,1,99,GS-15,18,0110,2,10,F,1,202309,1,183500,20.7
TN00,11,J,17,15,J,0110,1,99,GS-15,18,0110,8,10,F,1,202309,1,183500,36.4
TN00,11,G,11,10,G,0119,3,99,GS-10,09,XXXX,8,10,F,1,202309,1,090610,23.9
TN00,11,F,17,15,D,0110,1,99,GS-15,18,0110,8,10,F,1,202309,1,181648,08.1
TR91,11,K,17,14,J,0110,1,99,GS-14,17,0110,8,10,F,1,202309,1,172075,54.8
TR91,11,J,14,15,J,0110,1,99,GS-15,18,0110,8,10,F,1,202309,1,183500,35.0
TR91,11,G,21,15,E,0110,1,99,GS-15,18,0110,8,10,F,1,202309,1,183500,13.6
TR91,11,F,17,,F,0110,1,99,OR-53,16,0110,8,10,F,1,202309,1,166232,15.1
TR91,11,F,17,12,D,0110,1,99,GS-12,10,0110,8,10,F,1,202309,1,100479,07.1
TR91,11,G,13,,F,0110,1,ES,ES-**,17,0110,8,50,F,1,202309,1,178035,17.6
TR91,11,H,17,15,H,0110,1,99,GS-15,18,0110,8,10,F,1,202309,1,183500,25.9
TR91,11,I,21,15,I,0110,1,99,GS-15,18,0110,8,10,F,1,202309,1,183500,32.0
TR91,11,J,17,14,I,0110,1,99,GS-14,17,0110,8,10,F,1,202309,1,172075,31.8
TR91,11,I,17,14,E,0110,1,99,GS-14,15,0110,2,10,F,1,202309,1,154428,14.3
TR91,11,K,19,,J,0110,1,SL,SL-00,18,0110,2,10,F,1,202309,1,187300,43.3
TR91,11,I,17,,I,0110,1,ES,ES-**,19,0110,2,50,F,1,202309,1,194510,32.0
TR91,11,I,21,15,G,0110,1,99,GS-15,18,0110,8,10,F,1,202309,1,183500,20.1
TR91,11,J,21,,F,0110,1,ES,ES-**,19,0110,2,50,F,1,202309,1,198465,19.1
TR91,11,G,21,15,G,0110,1,99,GS-15,18,0110,8,10,F,1,202309,1,183500,20.3
TR91,UK,G,17,15,F,0110,1,99,GS-15,13,0110,2,10,F,1,202309,1,133186,17.0
TR91,11,I,21,,F,0110,1,SL,SL-00,18,0110,2,10,F,1,202309,1,187300,19.1
TR91,11,J,13,15,I,0110,1,99,GS-15,18,0110,8,10,F,1,202309,1,183500,31.7
TR91,11,I,17,15,H,0110,1,99,GS-15,18,0110,2,10,F,1,202309,1,183500,28.0
TR91,11,I,17,15,I,0110,1,99,GS-15,18,0110,8,10,F,1,202309,1,183500,32.3
TR91,11,J,13,14,H,0110,1,99,GS-14,17,0110,8,10,F,1,202309,1,172075,26.5
TR91,11,E,17,15,E,0110,1,99,GS-15,16,0110,2,10,F,1,202309,1,166079,12.6
TR91,11,H,21,15,G,0110,1,99,GS-15,18,0110,8,10,F,1,202309,1,183500,24.9
TR91,11,G,17,14,G,0110,1,99,GS-14,16,0110,8,10,F,1,202309,1,163252,22.6
TR91,11,K,17,15,J,0110,1,99,GS-15,18,0110,8,10,F,1,202309,1,183500,46.2
TR91,11,I,21,15,H,0110,1,99,GS-15,18,0110,8,10,F,1,202309,1,183500,26.9
TR91,11,G,17,15,G,0110,1,99,GS-15,18,0110,2,10,F,1,202309,1,183500,23.7
TR91,11,H,17,,H,0110,1,ES,ES-**,20,0110,2,50,F,1,202309,1,203286,25.9
TR91,11,G,04,15,F,0110,1,99,GS-15,18,0110,8,10,F,1,202309,1,183500,15.0
TR91,11,F,13,14,F,0110,1,99,GS-14,15,0110,8,10,F,1,202309,1,158840,19.1
TR91,11,G,13,14,G,0110,1,99,GS-14,15,0110,8,10,F,1,202309,1,158840,23.8
TR91,11,F,17,14,F,0110,1,99,GS-14,16,0110,8,10,F,1,202309,1,167663,17.2
TR91,EN,G,17,15,F,0110,1,99,GS-15,16,0110,8,10,F,1,202309,1,162034,17.1
TR91,11,I,17,14,I,0110,1,99,GS-14,17,0110,8,10,F,1,202309,1,172075,31.9
TR91,11,H,17,15,G,0110,1,99,GS-15,18,0110,2,10,F,1,202309,1,183500,22.2
TR91,11,H,01,15,G,0110,1,99,GS-15,18,0110,2,10,F,1,202309,1,183500,24.9
TR91,11,H,17,,H,0110,1,ES,ES-**,20,0110,2,50,F,1,202309,1,203700,29.3
TR91,11,H,21,15,G,0110,1,99,GS-15,18,0110,8,10,F,1,202309,1,183500,22.8
TR91,11,F,17,15,F,0110,1,99,GS-15,18,0110,2,10,F,1,202309,1,181648,17.6
TR91,11,H,04,15,G,0110,1,99,GS-15,18,0110,8,10,F,1,202309,1,183500,23.5
TR91,11,H,21,15,G,0110,1,99,GS-15,18,0110,8,10,F,1,202309,1,183500,23.2
TR91,11,G,17,15,F,0110,1,99,GS-15,17,0110,2,10,F,1,202309,1,176458,16.2
TR91,11,I,21,15,H,0110,1,99,GS-15,18,0110,8,10,F,1,202309,1,183500,27.1
TR91,JA,H,17,15,F,0110,1,99,GS-15,14,0110,2,10,F,1,202309,1,141020,16.8
TR91,11,H,21,14,G,0110,1,99,GS-14,17,0110,8,10,F,1,202309,1,172075,23.3
TR91,04,I,21,15,F,0110,1,99,GS-15,18,0110,2,10,F,1,202309,1,180768,16.9
TR91,11,F,04,,F,0110,1,ES,ES-**,18,0110,2,50,F,1,202309,1,188933,17.3
TR91,11,H,21,15,F,0110,1,99,GS-15,18,0110,8,10,F,1,202309,1,183500,16.8
TR91,11,J,21,14,G,0110,1,99,GS-14,17,0110,8,10,F,1,202309,1,172075,24.6
TR91,11,H,17,,G,0110,1,ES,ES-**,20,0110,2,50,F,1,202309,1,203700,24.0
TR91,11,K,21,,J,0110,1,ES,ES-**,20,0110,2,50,F,1,202309,1,203700,37.9
TR91,51,G,17,15,B,0110,1,99,GS-15,17,0110,8,20,F,2,202309,1,176458,02.1
TR91,11,H,21,15,G,0110,1,99,GS-15,18,0110,8,10,F,1,202309,1,183500,23.0
TR91,11,G,04,15,F,0110,1,99,GS-15,17,0110,2,10,F,1,202309,1,171268,16.2
TR91,11,J,17,15,J,0110,1,99,GS-15,18,0110,2,10,F,1,202309,1,183500,36.4
TR91,11,I,17,14,F,0110,1,99,GS-14,16,0110,8,10,F,1,202309,1,167663,16.9
TR91,11,K,21,,J,0110,1,SL,SL-00,18,0110,8,10,F,1,202309,1,187300,35.4
TR91,11,F,17,14,F,0110,1,99,GS-14,16,0110,8,10,F,1,202309,1,163252,15.2
TR91,BK,G,17,15,G,0110,1,99,GS-15,18,0110,8,10,P,2,202309,1,181096,22.9
TR91,11,J,13,15,H,0110,1,99,GS-15,18,0110,2,10,F,1,202309,1,183500,29.7
TR91,11,H,17,15,F,0110,1,99,GS-15,18,0110,2,10,F,1,202309,1,183500,18.1
TR91,11,K,21,15,J,0110,1,99,GS-15,18,0110,8,10,F,1,202309,1,183500,35.9
TR91,51,K,13,15,F,0110,1,99,GS-15,18,0110,8,10,F,1,202309,1,183500,16.0
TR91,GM,I,17,15,H,0110,1,99,GS-15,18,0110,8,10,F,1,202309,1,181096,26.8
TR91,11,J,17,15,I,0110,1,99,GS-15,18,0110,8,10,F,1,202309,1,183500,32.4
TR91,11,I,17,,G,0110,1,ES,ES-**,20,0110,2,50,F,1,202309,1,203286,24.3
TR91,11,I,17,15,I,0110,1,99,GS-15,18,0110,2,10,F,1,202309,1,183500,31.0
TR91,11,F,17,14,E,0110,1,99,GS-14,15,0110,2,10,F,1,202309,1,150016,14.4
TR91,11,E,21,14,C,0110,1,99,GS-14,15,0110,8,10,F,1,202309,1,158840,04.3
TR91,25,G,17,15,E,0110,1,99,GS-15,18,0110,8,20,F,2,202309,1,183500,14.3
TR91,11,E,17,14,A,0110,1,99,GS-14,13,0110,8,15,F,1,202309,1,132368,00.3
TR91,11,F,12,15,E,0110,1,99,GS-15,18,0110,8,10,F,1,202309,1,183500,13.0
TR91,11,D,17,13,C,0110,1,99,GS-13,11,0110,8,15,F,1,202309,1,112015,04.2
TR91,SN,G,17,,E,0110,1,99,AD-00,17,0110,2,10,F,1,202309,1,175838,14.6
TR91,11,F,17,,E,0110,1,ES,ES-**,19,0110,2,50,F,1,202309,1,192547,14.6
TR91,11,H,17,,F,0110,1,ES,ES-**,20,0110,2,50,F,1,202309,1,202811,17.7
TR91,11,E,04,15,C,0110,1,99,GS-15,17,0110,8,10,F,1,202309,1,171268,03.2
TR91,11,F,04,14,E,0110,1,99,GS-14,15,0110,2,10,F,1,202309,1,150016,12.3
TR91,11,E,04,15,D,0110,1,99,GS-15,17,0110,8,10,F,1,202309,1,171268,08.4
TR91,37,F,04,15,E,0110,1,99,GS-15,15,0110,2,10,F,1,202309,1,155162,13.9
TR91,11,H,21,15,G,0110,1,99,GS-15,18,0110,8,10,F,1,202309,1,183500,20.2
TR91,11,E,17,13,B,0110,1,99,GS-13,11,0110,8,15,F,1,202309,1,115749,01.3
TR91,11,H,17,,A,0110,1,ES,ES-**,20,0110,2,50,F,1,202309,1,203700,00.7
TR91,08,J,21,14,G,0110,1,99,GS-14,16,0110,8,10,F,1,202309,1,167608,22.0
TR91,11,H,17,15,H,0110,1,99,GS-15,18,0110,2,10,F,1,202309,1,183500,26.3
TR91,11,F,17,14,F,0110,1,99,GS-14,14,0110,2,10,F,1,202309,1,145604,15.1
TR91,11,E,17,13,B,0110,1,99,GS-13,14,0110,8,15,F,1,202309,1,145617,01.1
TR91,11,E,17,15,E,0110,1,99,GS-15,17,0110,2,10,F,1,202309,1,171268,11.2
TR91,11,F,13,15,C,0110,1,99,GS-15,18,0110,8,20,F,2,202309,1,181648,04.4
TR91,11,F,04,,F,0110,1,SL,SL-00,18,0110,2,10,F,1,202309,1,187300,16.9
TR91,11,F,21,,E,0110,1,ES,ES-**,20,0110,2,50,F,1,202309,1,203426,14.2
TR91,11,E,13,15,E,0110,1,99,GS-15,18,0110,8,10,F,1,202309,1,183500,13.9
TR91,11,G,17,13,D,0110,1,99,GS-13,14,0110,8,15,F,1,202309,1,145617,09.6
TR91,11,E,17,13,E,0110,1,99,GS-13,12,0110,8,10,F,1,202309,1,123216,13.7
TR91,11,D,17,11,B,0110,1,99,GS-11,08,0110,8,15,F,1,202309,1,086450,01.2
TR91,11,E,17,15,D,0110,1,99,GS-15,17,0110,2,10,F,1,202309,1,176458,07.0
TR91,BE,F,17,,D,0110,1,99,AD-00,16,0110,2,10,F,1,202309,1,165745,09.9
TR91,11,F,04,,E,0110,1,ES,ES-**,19,0110,2,50,F,1,202309,1,194405,13.3
TR91,11,F,17,15,E,0110,1,99,GS-15,17,0110,2,10,F,1,202309,1,171268,12.1
TR91,11,I,21,15,E,0110,1,99,GS-15,18,0110,8,38,F,1,202309,1,183500,13.1
TR91,11,F,17,15,E,0110,1,99,GS-15,16,0110,2,10,F,1,202309,1,160889,13.1
TR91,11,F,21,15,E,0110,1,99,GS-15,18,0110,8,10,F,1,202309,1,183500,13.0
TR91,11,F,17,15,E,0110,1,99,GS-15,17,0110,2,15,F,1,202309,1,171268,12.8
TR91,11,F,17,14,E,0110,1,99,GS-14,14,0110,8,10,F,1,202309,1,145604,12.1
TR91,11,I,17,15,D,0110,1,99,GS-15,18,0110,8,10,F,1,202309,1,183500,08.6
TR91,KE,G,04,,E,0110,1,99,AD-00,14,0110,2,10,F,1,202309,1,142482,11.3
TR91,11,F,17,15,E,0110,1,99,GS-15,18,0110,2,10,F,1,202309,1,181648,11.2
TR91,11,G,17,,E,0110,1,99,OR-70,24,0110,2,10,F,1,202309,1,283102,11.2
TR91,11,E,17,15,E,0110,1,99,GS-15,18,0110,8,10,F,1,202309,1,183500,11.2
TR91,11,F,13,15,E,0110,1,99,GS-15,18,0110,8,10,F,1,202309,1,183500,11.1
TR91,11,F,17,15,E,0110,1,99,GS-15,18,0110,8,10,F,1,202309,1,183500,11.0
TR91,11,E,04,15,C,0110,1,99,GS-15,18,0110,8,10,F,1,202309,1,183500,03.2
TR91,11,F,21,15,E,0110,1,99,GS-15,16,0110,2,10,F,1,202309,1,160889,11.0
TR91,11,F,21,15,E,0110,1,99,GS-15,18,0110,8,10,F,1,202309,1,183500,11.0
TR91,11,E,17,,E,0110,1,ES,ES-**,18,0110,2,50,F,1,202309,1,181544,10.6
TR91,11,F,21,,A,0110,1,99,OR-60,21,0110,8,15,F,1,202309,1,220112,00.6
TR91,11,F,04,15,E,0110,1,99,GS-15,18,0110,2,10,F,1,202309,1,183500,10.3
TR91,11,D,04,13,C,0110,1,99,GS-13,11,0110,8,10,F,1,202309,1,115749,03.4
TR91,11,G,21,,E,0110,1,ES,ES-**,20,0110,8,50,F,1,202309,1,203494,10.2
TR91,11,E,13,15,E,0110,1,99,GS-15,18,0110,8,10,F,1,202309,1,183500,10.2
TR91,11,E,13,,D,0110,1,ES,ES-**,16,0110,2,55,F,1,202309,1,165751,06.1
TR91,11,E,17,14,E,0110,1,99,GS-14,14,0110,2,10,F,1,202309,1,145604,11.0
TR91,MX,E,13,,E,0110,1,99,AD-00,13,0110,8,10,F,1,202309,1,130392,10.0
TR91,11,E,21,15,E,0110,1,99,GS-15,18,0110,8,10,F,1,202309,1,181648,10.0
TR91,11,E,21,,D,0110,1,99,OR-70,22,0110,2,10,F,1,202309,1,246932,09.9
TR91,11,E,17,15,D,0110,1,99,GS-15,17,0110,2,10,F,1,202309,1,171268,09.8
TR91,11,G,04,15,F,0110,1,99,GS-15,16,0110,2,10,F,1,202309,1,166079,17.2
TR91,11,F,17,15,D,0110,1,99,GS-15,17,0110,2,10,F,1,202309,1,176458,09.7
TR91,11,F,17,15,D,0110,1,99,GS-15,16,0110,8,10,F,1,202309,1,166079,09.5
TR91,11,D,04,14,D,0110,1,99,GS-14,14,0110,8,10,F,1,202309,1,145604,09.2
TR91,11,G,17,14,E,0110,1,99,GS-14,14,0110,8,38,F,1,202309,1,145604,12.1
TR91,11,F,17,14,D,0110,1,99,GS-14,13,0110,8,10,F,1,202309,1,132368,08.9
TR91,JA,E,17,14,D,0110,1,99,GS-14,13,0110,8,10,F,1,202309,1,133702,08.8
TR91,HK,D,13,,D,0110,1,99,AD-00,16,0110,8,10,F,1,202309,1,160917,08.8
TR91,11,E,17,14,D,0110,1,99,GS-14,14,0110,8,10,F,1,202309,1,145604,08.8
TR91,11,E,13,14,D,0110,1,99,GS-14,13,0110,8,10,F,1,202309,1,136780,08.7
TR91,11,F,17,14,D,0110,1,99,GS-14,15,0110,8,10,G,2,202309,1,158840,08.0
TR91,JA,E,09,,E,0110,1,99,AD-00,15,0110,2,10,F,1,202309,1,156230,10.5
TR91,11,F,17,15,G,0110,1,99,GS-15,18,0110,8,10,F,1,202309,1,183500,20.2
TR91,11,D,17,14,D,0110,1,99,GS-14,13,0110,8,10,F,1,202309,1,136780,06.8
TR91,11,E,17,14,D,0110,1,99,GS-14,15,0110,8,10,F,1,202309,1,150016,07.7
TR91,BR,F,17,,D,0110,1,99,AD-00,14,0110,2,10,F,1,202309,1,142972,07.5
TR91,11,D,04,15,D,0110,1,99,GS-15,16,0110,2,10,F,1,202309,1,160889,07.4
TR91,36,E,17,15,D,0110,1,99,GS-15,14,0110,8,10,F,1,202309,1,141472,07.3
TR91,11,E,04,14,D,0110,1,99,GS-14,15,0110,8,10,F,1,202309,1,150016,07.3
TR91,24,F,21,,D,0110,1,99,OR-70,23,0110,8,10,F,1,202309,1,269897,07.2
TR91,11,D,13,15,D,0110,1,99,GS-15,16,0110,2,10,F,1,202309,1,160889,07.2
TR91,11,D,13,,B,0110,1,99,OR-51,09,0110,8,35,F,1,202309,1,099809,01.3
TR91,11,D,13,14,D,0110,1,99,GS-14,13,0110,8,10,F,1,202309,1,132368,07.1
TR91,11,E,17,15,D,0110,1,99,GS-15,15,0110,8,10,F,1,202309,1,155700,07.1
TR91,11,E,17,15,D,0110,1,99,GS-15,18,0110,8,10,F,1,202309,1,181648,09.4
TR91,11,E,04,15,D,0110,1,99,GS-15,16,0110,2,10,F,1,202309,1,160889,06.7
TR91,11,H,17,15,D,0110,1,99,GS-15,18,0110,8,10,F,1,202309,1,183500,06.3
TR91,11,E,04,15,D,0110,1,99,GS-15,17,0110,8,10,F,1,202309,1,176458,06.2
TR91,11,E,17,13,C,0110,1,99,GS-13,11,0110,8,10,F,1,202309,1,119482,04.0
TR91,11,C,17,11,A,0110,1,99,GS-11,10,0110,8,15,F,1,202309,1,102166,00.2
TR91,11,D,17,13,D,0110,1,99,GS-13,11,0110,8,10,F,1,202309,1,115749,05.3
TR91,11,D,04,15,D,0110,1,99,GS-15,17,0110,8,15,F,1,202309,1,171268,05.2
TR91,11,D,04,13,C,0110,1,99,GS-13,12,0110,8,15,F,1,202309,1,123216,03.2
TR91,11,E,17,15,D,0110,1,99,GS-15,17,0110,8,10,F,1,202309,1,171268,05.2
TR91,11,D,17,12,A,0110,1,99,GS-12,12,0110,8,15,F,1,202309,1,122459,00.1
TR91,11,D,17,12,D,0110,1,99,GS-12,09,0110,8,15,F,1,202309,1,097339,05.0
TR91,11,F,04,,C,0110,1,ES,ES-**,19,0110,2,50,F,1,202309,1,194510,04.8
TR91,11,D,04,14,C,0110,1,99,GS-14,13,0110,8,10,F,1,202309,1,136780,04.8
TR91,11,D,17,13,C,0110,1,99,GS-13,11,0110,8,10,F,1,202309,1,115749,03.0
TR91,11,E,21,15,D,0110,1,99,GS-15,18,0110,8,10,F,1,202309,1,181648,07.2
TR91,36,D,17,15,C,0110,1,99,GS-15,17,0110,8,15,F,1,202309,1,170679,04.2
TR91,11,D,04,14,C,0110,1,99,GS-14,14,0110,8,10,F,1,202309,1,145604,04.2
TR91,11,E,17,11,B,0110,1,99,GS-11,08,0110,8,15,F,1,202309,1,081211,01.2
TR91,11,C,13,12,C,0110,1,99,GS-12,09,0110,8,15,F,1,202309,1,094199,04.2
TR91,11,D,17,13,C,0110,1,99,GS-13,11,0110,8,15,F,1,202309,1,115749,04.2
TR91,11,F,21,15,C,0110,1,99,GS-15,18,0110,8,10,F,1,202309,1,183500,04.1
TR91,11,D,21,15,C,0110,1,99,GS-15,16,0110,8,10,F,1,202309,1,160889,04.0
TR91,11,D,21,14,C,0110,1,99,GS-14,14,0110,8,10,F,1,202309,1,145604,04.0
TR91,11,C,17,13,C,0110,1,99,GS-13,12,0110,8,10,F,1,202309,1,123216,03.9
TR91,11,E,04,13,C,0110,1,99,GS-13,13,0110,8,10,F,1,202309,1,130683,03.9
TR91,11,D,17,14,C,0110,1,99,GS-14,13,0110,8,10,F,1,202309,1,132368,03.9
TR91,11,D,17,14,C,0110,1,99,GS-14,14,0110,8,10,F,1,202309,1,145604,03.8
TR91,11,E,17,13,C,0110,1,99,GS-13,13,0110,8,10,F,1,202309,1,130683,03.8
TR91,11,E,17,13,C,0110,1,99,GS-13,11,0110,8,10,F,1,202309,1,115749,03.6
TR91,11,D,17,11,A,0110,1,99,GS-11,07,0110,8,15,F,1,202309,1,078592,00.8
TR91,11,C,04,11,A,0110,1,99,GS-11,07,0110,8,15,F,1,202309,1,078592,00.2
TR91,11,E,04,14,C,0110,1,99,GS-14,14,0110,8,10,F,1,202309,1,145604,03.2
TR91,11,D,04,,C,0110,1,99,OR-53,17,0110,8,10,F,1,202309,1,177308,03.2
TR91,11,D,17,13,C,0110,1,99,GS-13,12,0110,8,10,F,1,202309,1,123216,03.2
TR91,11,D,21,15,C,0110,1,99,GS-15,18,0110,8,10,F,1,202309,1,183500,03.1
TR91,11,D,17,13,C,0110,1,99,GS-13,11,0110,8,10,F,1,202309,1,115749,03.0
TR91,11,C,17,12,C,0110,1,99,GS-12,09,0110,8,10,F,1,202309,1,097339,03.0
TR91,11,D,17,13,D,0110,1,99,GS-13,11,0110,8,15,F,1,202309,1,115749,05.5
TR91,11,D,04,12,B,0110,1,99,GS-12,09,0110,8,15,F,1,202309,1,094199,02.8
TR91,11,H,04,13,C,0110,1,99,GS-13,11,0110,8,15,F,1,202309,1,119482,03.6
TR91,11,E,13,15,B,0110,1,99,GS-15,17,0110,8,15,F,1,202309,1,176458,02.5
TR91,11,C,17,13,C,0110,1,99,GS-13,11,0110,8,15,F,1,202309,1,115749,04.2
TR91,11,E,04,14,B,0110,1,99,GS-14,16,0110,8,15,F,1,202309,1,167663,02.3
TR91,11,C,13,11,B,0110,1,99,GS-11,07,0110,8,15,F,1,202309,1,078592,02.3
TR91,11,C,17,12,B,0110,1,99,GS-12,10,0110,8,15,F,1,202309,1,109899,02.2
TR91,11,D,17,12,B,0110,1,99,GS-12,10,0110,8,15,F,1,202309,1,103619,02.2
TR91,11,D,17,12,B,0110,1,99,GS-12,11,0110,8,10,F,1,202309,1,113039,02.1
TR91,11,E,21,14,B,0110,1,99,GS-14,14,0110,8,15,F,1,202309,1,141192,02.1
TR91,11,D,21,14,B,0110,1,99,GS-14,14,0110,8,15,F,1,202309,1,141192,02.1
TR91,11,D,17,12,B,0110,1,99,GS-12,12,0110,8,15,F,1,202309,1,122459,02.0
TR91,11,D,21,14,B,0110,1,99,GS-14,15,0110,8,15,F,1,202309,1,154428,02.0
TR91,11,C,13,12,B,0110,1,99,GS-12,09,0110,8,15,F,1,202309,1,094199,02.0
TR91,11,D,21,13,B,0110,1,99,GS-13,13,0110,8,15,F,1,202309,1,138150,01.9
TR91,11,C,04,12,B,0110,1,99,GS-12,09,0110,8,15,F,1,202309,1,094199,01.9
TR91,11,E,17,14,B,0110,1,99,GS-14,17,0110,8,15,F,1,202309,1,172075,01.9
TR91,11,D,17,12,B,0110,1,99,GS-12,09,0110,8,15,F,1,202309,1,094199,01.9
TR91,11,D,04,13,B,0110,1,99,GS-13,11,0110,8,15,F,1,202309,1,115749,01.8
TR91,11,H,17,15,B,0110,1,99,GS-15,15,0110,8,15,F,1,202309,1,155700,01.8
TR91,11,D,17,14,B,0110,1,99,GS-14,13,0110,8,15,F,1,202309,1,136780,01.8
TR91,11,E,21,13,B,0110,1,99,GS-13,11,0110,8,15,F,1,202309,1,112015,01.7
TR91,11,E,21,,B,0110,1,99,OR-70,24,0110,8,15,F,1,202309,1,295500,01.4
TR91,11,D,17,13,B,0110,1,99,GS-13,11,0110,8,15,F,1,202309,1,112015,01.3
TR91,11,F,17,13,B,0110,1,99,GS-13,11,0110,8,15,F,1,202309,1,115749,01.3
TR91,11,C,13,,B,0110,1,99,OR-52,11,0110,8,35,F,1,202309,1,113224,01.3
TR91,11,D,15,14,B,0110,1,99,GS-14,15,0110,8,15,F,1,202309,1,154428,01.2
TR91,11,D,16,,B,0110,1,99,OR-53,15,0110,8,15,F,1,202309,1,158012,01.2
TR91,11,C,17,14,C,0110,1,99,GS-14,15,0110,8,15,F,1,202309,1,154428,04.1
TR91,11,B,13,11,B,0110,1,99,GS-11,07,0110,8,15,F,1,202309,1,078592,01.1
TR91,11,C,21,13,B,0110,1,99,GS-13,13,0110,8,15,F,1,202309,1,130683,01.1
TR91,11,D,21,,B,0110,1,99,OR-53,15,0110,8,15,F,1,202309,1,156980,01.0
TR91,11,D,21,,B,0110,1,99,OR-53,15,0110,8,15,F,1,202309,1,156980,01.0
TR91,11,D,04,13,B,0110,1,99,GS-13,11,0110,8,15,F,1,202309,1,112015,01.0
TR91,11,D,21,13,B,0110,1,99,GS-13,13,0110,8,40,F,2,202309,1,138150,01.0
TR91,11,D,04,13,A,0110,1,99,GS-13,13,0110,8,40,F,2,202309,1,130683,00.9
TR91,11,C,17,12,A,0110,1,99,GS-12,12,0110,8,15,F,1,202309,1,122459,00.9
TR91,11,E,04,14,A,0110,1,99,GS-14,17,0110,8,15,F,1,202309,1,172075,00.9
TR91,11,E,17,13,A,0110,1,99,GS-13,11,0110,8,15,F,1,202309,1,112015,00.7
TR91,11,E,04,13,A,0110,1,99,GS-13,14,0110,8,15,F,1,202309,1,145617,00.7
TR91,11,E,04,11,A,0110,1,99,GS-11,10,0110,8,15,F,1,202309,1,102166,00.5
TR91,11,E,17,14,A,0110,1,99,GS-14,17,0110,8,15,F,1,202309,1,172075,00.5
TR91,11,E,17,13,A,0110,1,99,GS-13,14,0110,8,15,F,1,202309,1,145617,00.3
TR91,11,D,04,14,A,0110,1,99,GS-14,15,0110,8,15,F,1,202309,1,154428,00.3
TR91,11,F,21,14,A,0110,1,99,GS-14,17,0110,8,15,F,1,202309,1,172075,00.3
TR91,11,D,04,,A,0110,1,99,OR-53,16,0110,8,15,F,1,202309,1,165001,00.3
TR91,11,D,21,13,A,0110,1,99,GS-13,14,0110,8,15,F,1,202309,1,145617,00.3
TR91,11,G,21,,A,0110,1,99,OR-60,21,0110,8,15,F,1,202309,1,220000,00.3
TR91,11,D,17,14,A,0110,1,99,GS-14,17,0110,8,15,F,1,202309,1,172075,00.3
TR91,11,D,04,,A,0110,1,99,OR-53,16,0110,8,15,F,1,202309,1,165001,00.3
TR91,11,D,04,,A,0110,1,99,OR-53,16,0110,8,15,F,1,202309,1,165001,00.3
TR91,11,C,17,11,B,0110,1,99,GS-11,08,0110,8,15,F,1,202309,1,081211,02.2
TR91,11,G,21,,A,0110,1,99,OR-60,21,0110,8,15,F,1,202309,1,220000,00.2
TR91,11,D,21,,A,0110,1,99,OR-53,16,0110,8,15,F,1,202309,1,165001,00.2
TR91,11,E,04,13,A,0110,1,99,GS-13,11,0110,8,15,F,1,202309,1,115749,00.1
TR91,11,D,17,11,A,0110,1,99,GS-11,10,0110,8,15,F,1,202309,1,102166,00.1
TR91,11,C,04,12,A,0110,1,99,GS-12,09,0110,8,15,F,1,202309,1,094199,00.1
TR91,11,D,21,13,A,0110,1,99,GS-13,14,0110,8,15,F,1,202309,1,145617,00.1
TR91,11,D,17,13,A,0110,1,99,GS-13,14,0110,8,15,F,1,202309,1,145617,00.1
TR91,11,B,17,09,A,0110,1,99,GS-09,07,0110,8,40,F,2,202309,1,075782,00.1
TR91,11,B,13,07,A,0110,1,99,GS-07,06,0110,8,40,F,2,202309,1,067265,00.1
TR91,11,E,17,,A,0110,1,ES,ES-**,17,0110,2,55,F,1,202309,1,171000,00.0
TR91,11,D,17,12,A,0110,1,99,GS-12,10,0110,8,15,F,1,202309,1,103619,00.0
TR91,11,C,04,12,A,0110,1,99,GS-12,10,0110,8,40,F,2,202309,1,100479,00.0
TR91,11,C,17,11,A,0110,1,99,GS-11,07,0110,8,15,F,1,202309,1,078592,00.0
TR91,11,K,04,15,F,0110,1,99,GS-15,18,0110,8,10,F,1,202309,1,183500,19.9
TR91,11,F,21,,E,0110,1,99,EX-03,15,0110,2,46,F,2,202309,1,158500,12.2
TR91,11,E,17,15,D,0110,1,99,GS-15,18,0110,2,15,F,1,202309,1,183500,07.9
TR93,17,I,21,,F,0110,1,99,IR-SM,18,0110,2,10,F,1,202309,1,183500,19.8
TR93,11,E,13,09,E,0110,1,99,GS-09,06,0110,8,10,F,1,202309,1,064957,11.3
TR93,11,H,17,14,H,0110,1,99,GS-14,15,0110,8,10,F,1,202309,1,150016,25.2
TR93,06,F,17,14,F,0110,1,99,GS-14,16,0110,8,10,F,1,202309,1,163218,15.8
TR93,53,F,04,14,A,0110,1,99,GS-14,16,0110,5,15,F,1,202309,1,168283,00.3
TR93,06,I,21,15,F,0110,1,99,GS-15,18,0110,8,10,F,1,202309,1,183500,19.2
TR93,11,G,13,13,G,0110,1,99,GS-13,13,0110,8,10,F,1,202309,1,130683,21.5
TR93,24,I,17,14,I,0110,1,99,GS-14,17,0110,5,10,F,1,202309,1,172075,33.2
TR93,11,I,17,14,F,0110,1,99,GS-14,15,0110,5,10,F,1,202309,1,158840,16.3
TR93,51,I,17,13,H,0110,1,99,GS-13,14,0110,8,10,F,1,202309,1,145617,28.3
TR93,11,I,13,13,I,0110,1,99,GS-13,14,0110,8,10,F,1,202309,1,145617,34.1
TR93,26,J,17,14,I,0110,1,99,GS-14,16,0110,8,10,F,1,202309,1,166724,34.4
TR93,**,K,21,14,F,0110,1,99,GS-14,17,0110,8,10,F,1,202309,1,172075,17.9
TR93,11,G,04,14,H,0110,1,99,GS-14,16,0110,5,10,F,1,202309,1,167663,25.3
TR93,23,G,13,13,H,0110,1,99,GS-13,12,0110,8,10,F,1,202309,1,128043,25.2
TR93,11,I,13,14,I,0110,1,99,GS-14,16,0110,5,10,F,1,202309,1,167663,33.5
TR93,**,E,04,14,F,0110,1,99,GS-14,15,0110,5,10,F,1,202309,1,150016,16.8
TR93,12,F,17,14,F,0110,1,99,GS-14,14,0110,7,10,F,1,202309,1,147428,17.3
TR93,51,G,17,15,F,0110,1,99,GS-15,16,0110,5,10,F,1,202309,1,166416,18.1
TR93,24,G,17,14,H,0110,1,99,GS-14,17,0110,5,10,F,1,202309,1,172075,25.1
TR93,11,F,17,14,F,0110,1,99,GS-14,15,0110,5,10,F,1,202309,1,150016,15.1
TR93,06,K,17,14,J,0110,1,99,GS-14,18,0110,7,10,F,1,202309,1,183500,37.4
TR93,11,J,17,13,H,0110,1,99,GS-13,13,0110,8,10,F,1,202309,1,130683,25.6
TR93,34,K,17,14,H,0110,1,99,GS-14,17,0110,8,10,F,1,202309,1,176842,29.0
TR93,51,G,17,14,G,0110,1,99,GS-14,16,0110,5,10,F,1,202309,1,163252,24.3
TR93,06,H,21,14,G,0110,1,99,GS-14,17,0110,8,10,F,1,202309,1,172819,22.2
TR93,06,J,17,14,G,0110,1,99,GS-14,18,0110,8,10,F,1,202309,1,183500,22.2
TR93,11,F,13,14,G,0110,1,99,GS-14,15,0110,5,10,F,1,202309,1,154428,20.9
TR93,36,J,17,14,I,0110,1,99,GS-14,17,0110,7,10,F,1,202309,1,176842,34.7
TR93,17,J,21,14,F,0110,1,99,GS-14,17,0110,8,10,F,1,202309,1,174438,15.6
TR93,24,G,17,14,F,0110,1,99,GS-14,15,0110,5,10,F,1,202309,1,158840,19.9
TR93,48,H,15,14,D,0110,1,99,GS-14,15,0110,8,15,F,1,202309,1,155711,08.3
TR93,11,H,04,,D,0110,1,99,IR-SM,18,0110,2,10,F,1,202309,1,183500,08.7
TR93,06,J,21,14,I,0110,1,99,GS-14,18,0110,8,10,F,1,202309,1,183500,32.5
TR93,06,F,13,13,F,0110,1,99,GS-13,14,0110,8,10,F,1,202309,1,146246,16.7
TR93,24,E,17,13,F,0110,1,99,GS-13,12,0110,8,10,F,1,202309,1,123216,15.5
TR93,06,I,13,13,H,0110,1,99,GS-13,15,0110,8,10,F,1,202309,1,158432,29.0
TR93,11,H,21,13,G,0110,1,99,GS-13,14,0110,8,10,F,1,202309,1,145617,24.6
TR93,11,I,13,14,I,0110,1,99,GS-14,15,0110,5,10,F,1,202309,1,154428,34.5
TR93,36,I,17,14,H,0110,1,99,GS-14,15,0110,8,10,F,1,202309,1,157607,28.7
TR93,13,J,17,14,H,0110,1,99,GS-14,15,0110,8,10,F,1,202309,1,159776,28.5
TR93,13,I,17,14,I,0110,1,99,GS-14,14,0110,8,10,F,1,202309,1,143390,31.2
TR93,47,K,21,14,F,0110,1,99,GS-14,13,0110,8,10,F,1,202309,1,135790,15.3
TR93,06,I,17,14,H,0110,1,99,GS-14,17,0110,8,10,F,1,202309,1,177619,25.3
TR93,11,K,21,,J,0110,1,99,IR-SM,18,0110,2,10,F,1,202309,1,183500,36.2
TR93,06,J,21,14,G,0110,1,99,GS-14,18,0110,7,10,F,1,202309,1,183500,21.7
TR93,24,K,04,14,F,0110,1,99,GS-14,17,0110,5,10,F,1,202309,1,172075,18.4
TR93,24,H,13,14,I,0110,1,99,GS-14,17,0110,5,10,F,1,202309,1,172075,32.3
TR93,46,H,17,14,F,0110,1,99,GS-14,12,0110,5,10,F,1,202309,1,128031,19.2
TR93,24,F,04,14,F,0110,1,99,GS-14,15,0110,5,10,F,1,202309,1,150016,17.6
TR93,24,F,04,13,F,0110,1,99,GS-13,12,0110,8,10,F,1,202309,1,123216,15.6
TR93,17,K,21,14,H,0110,1,99,GS-14,16,0110,8,10,F,1,202309,1,168569,27.0
TR93,51,I,17,13,J,0110,1,99,GS-13,12,0110,8,10,F,1,202309,1,128043,37.8
TR93,48,J,16,,H,0110,1,99,IR-FM,17,0110,2,10,F,1,202309,1,174647,26.1
TR93,27,H,17,14,H,0110,1,99,GS-14,16,0110,8,10,F,1,202309,1,164153,25.7
TR93,24,G,04,14,G,0110,1,99,GS-14,15,0110,5,10,F,1,202309,1,154428,22.8
TR93,11,I,13,14,I,0110,1,99,GS-14,17,0110,5,10,F,1,202309,1,172075,34.0
TR93,42,H,04,14,H,0110,1,99,GS-14,15,0110,5,10,F,1,202309,1,154022,28.1
TR93,12,I,17,12,F,0110,1,99,GS-12,11,0110,8,10,F,1,202309,1,111799,19.9
TR93,11,K,21,12,J,0110,1,99,GS-12,12,0110,8,10,F,1,202309,1,122459,39.9
TR93,12,I,13,,J,0110,1,99,IR-SM,18,0110,2,10,F,1,202309,1,183500,36.3
TR93,13,F,17,13,E,0110,1,99,GS-13,11,0110,8,10,F,1,202309,1,114409,14.8
TR93,17,G,21,14,F,0110,1,99,GS-14,15,0110,8,10,F,1,202309,1,155603,15.0
TR93,51,K,21,14,G,0110,1,99,GS-14,17,0110,5,10,F,1,202309,1,172075,21.1
TR93,39,H,21,13,F,0110,1,99,GS-13,13,0110,8,10,F,1,202309,1,133285,18.8
TR93,06,J,17,14,F,0110,1,99,GS-14,16,0110,7,10,F,1,202309,1,166209,17.2
TR93,11,J,17,,I,0110,1,99,IR-SM,18,0110,2,10,F,1,202309,1,183500,33.3
TR93,36,J,17,14,J,0110,1,99,GS-14,17,0110,8,10,F,1,202309,1,176842,36.3
TR93,48,J,18,14,H,0110,1,99,GS-14,17,0110,8,10,F,1,202309,1,174647,29.7
TR93,06,H,21,14,F,0110,1,99,GS-14,17,0110,8,10,F,1,202309,1,175192,17.0
TR93,51,F,13,13,F,0110,1,99,GS-13,14,0110,8,10,F,1,202309,1,141884,18.9
TR93,13,G,17,14,F,0110,1,99,GS-14,15,0110,8,10,F,1,202309,1,155679,18.3
TR93,27,I,21,,H,0110,1,99,IR-SM,18,0110,2,10,F,1,202309,1,183500,28.3
TR93,06,G,17,14,F,0110,1,99,GS-14,15,0110,8,10,F,1,202309,1,152733,15.0
TR93,36,K,21,14,J,0110,1,99,GS-14,17,0110,8,10,F,1,202309,1,176842,44.3
TR93,36,J,17,14,F,0110,1,99,GS-14,17,0110,8,10,F,1,202309,1,176842,19.3
TR93,13,H,17,14,G,0110,1,99,GS-14,15,0110,8,10,F,1,202309,1,159776,22.3
TR93,12,J,21,13,G,0110,1,99,GS-13,12,0110,8,10,F,1,202309,1,128043,23.0
TR93,41,F,04,13,F,0110,1,99,GS-13,13,0110,8,10,F,1,202309,1,130319,16.8
TR93,11,H,17,14,E,0110,1,99,GS-14,17,0110,8,10,F,1,202309,1,172075,14.6
TR93,11,E,04,12,E,0110,1,99,GS-12,11,0110,8,10,F,1,202309,1,116179,14.7
TR93,48,H,17,14,F,0110,1,99,GS-14,17,0110,8,10,F,1,202309,1,174647,17.6
TR93,06,E,17,14,E,0110,1,99,GS-14,16,0110,5,10,F,1,202309,1,163218,14.3
TR93,36,K,17,14,E,0110,1,99,GS-14,16,0110,7,10,F,1,202309,1,163240,14.4
TR93,39,H,13,13,E,0110,1,99,GS-13,12,0110,8,10,F,1,202309,1,126534,14.4
TR93,41,F,13,14,E,0110,1,99,GS-14,15,0110,8,10,F,1,202309,1,153998,14.4
TR93,24,H,21,14,E,0110,1,99,GS-14,15,0110,5,10,P,2,202309,1,150016,14.4
TR93,12,I,17,13,F,0110,1,99,GS-13,12,0110,8,10,F,1,202309,1,125945,16.8
TR93,24,J,21,14,E,0110,1,99,GS-14,15,0110,5,10,F,1,202309,1,158840,14.3
TR93,12,H,21,14,F,0110,1,99,GS-14,16,0110,8,10,F,1,202309,1,161231,16.7
TR93,51,F,13,15,E,0110,1,99,GS-15,17,0110,5,10,F,1,202309,1,176458,14.3
TR93,06,F,17,14,E,0110,1,99,GS-14,18,0110,8,10,F,1,202309,1,182419,14.4
TR93,48,J,17,14,E,0110,1,99,GS-14,16,0110,8,10,F,1,202309,1,161213,14.4
TR93,34,I,13,15,E,0110,1,99,GS-15,18,0110,8,10,F,1,202309,1,183500,14.4
TR93,27,F,13,14,E,0110,1,99,GS-14,15,0110,7,10,F,1,202309,1,151526,14.4
TR93,06,E,04,13,A,0110,1,99,GS-13,12,0110,8,15,F,1,202309,1,121873,00.9
TR93,39,H,21,14,E,0110,1,99,GS-14,14,0110,8,10,F,1,202309,1,149426,14.3
TR93,36,J,17,13,E,0110,1,99,GS-13,14,0110,8,10,F,1,202309,1,141977,14.3
TR93,36,K,17,14,E,0110,1,99,GS-14,14,0110,8,10,F,1,202309,1,145484,14.3
TR93,48,J,21,14,F,0110,1,99,GS-14,16,0110,7,10,F,1,202309,1,165691,19.4
TR93,06,H,17,14,E,0110,1,99,GS-14,14,0110,8,10,F,1,202309,1,149472,14.3
TR93,09,I,21,13,E,0110,1,99,GS-13,13,0110,8,10,F,1,202309,1,138140,10.9
TR93,06,J,21,14,E,0110,1,99,GS-14,18,0110,8,10,F,1,202309,1,183500,14.2
TR93,11,G,04,09,A,0110,1,99,GS-09,06,0110,8,38,F,1,202309,1,064957,00.3
TR93,48,F,13,14,F,0110,1,99,GS-14,12,0110,5,10,F,1,202309,1,127242,15.2
TR93,11,J,21,15,E,0110,1,99,GS-15,17,0110,5,10,F,1,202309,1,176458,14.1
TR93,24,E,13,14,E,0110,1,99,GS-14,14,0110,5,10,F,1,202309,1,141192,13.8
TR93,24,K,17,14,E,0110,1,99,GS-14,15,0110,8,10,F,1,202309,1,158840,13.6
TR93,37,F,17,14,E,0110,1,99,GS-14,12,0110,5,10,F,1,202309,1,126422,13.4
TR93,24,E,04,13,E,0110,1,99,GS-13,12,0110,8,10,F,1,202309,1,126949,13.1
TR93,11,I,04,12,E,0110,1,99,GS-12,11,0110,8,10,F,1,202309,1,113039,13.1
TR93,13,H,17,13,E,0110,1,99,GS-13,12,0110,8,10,F,1,202309,1,124809,13.0
TR93,48,E,13,14,E,0110,1,99,GS-14,15,0110,8,10,F,1,202309,1,152258,13.0
TR93,36,E,04,14,E,0110,1,99,GS-14,14,0110,5,10,F,1,202309,1,145103,13.0
TR93,17,F,21,14,E,0110,1,99,GS-14,15,0110,8,10,F,1,202309,1,151281,13.0
TR93,11,F,17,13,E,0110,1,99,GS-13,13,0110,8,10,F,1,202309,1,130683,12.8
TR93,49,J,13,12,H,0110,1,99,GS-12,08,0110,8,10,F,1,202309,1,085591,27.4
TR93,11,G,17,15,E,0110,1,99,GS-15,18,0110,8,10,F,1,202309,1,183500,12.7
TR93,11,I,21,14,F,0110,1,99,GS-14,17,0110,8,10,F,1,202309,1,172075,15.5
TR93,06,H,17,14,E,0110,1,99,GS-14,17,0110,8,10,F,1,202309,1,175192,11.9
TR93,29,F,17,14,E,0110,1,99,GS-14,15,0110,8,10,F,1,202309,1,153490,11.9
TR93,06,I,21,14,E,0110,1,99,GS-14,17,0110,5,10,F,1,202309,1,172819,11.3
TR93,53,H,17,13,E,0110,1,99,GS-13,13,0110,8,10,F,1,202309,1,131454,11.1
TR93,09,F,13,13,E,0110,1,99,GS-13,14,0110,8,10,P,2,202309,1,145814,11.1
TR93,36,F,17,14,E,0110,1,99,GS-14,16,0110,8,10,F,1,202309,1,167774,11.1
TR93,18,G,21,14,E,0110,1,99,GS-14,12,0110,8,10,F,1,202309,1,129207,11.1
TR93,06,F,21,13,E,0110,1,99,GS-13,13,0110,8,10,F,1,202309,1,136851,11.1
TR93,48,H,21,14,E,0110,1,99,GS-14,15,0110,8,10,F,1,202309,1,156736,11.1
TR93,17,G,04,14,D,0110,1,99,GS-14,15,0110,8,10,F,1,202309,1,159925,06.9
TR93,34,D,04,14,D,0110,1,99,GS-14,14,0110,5,10,F,1,202309,1,145103,09.0
TR93,11,E,04,14,C,0110,1,99,GS-14,15,0110,8,15,F,1,202309,1,154428,04.6
TR93,17,K,04,15,D,0110,1,99,GS-15,18,0110,5,10,F,1,202309,1,183500,09.1
TR93,24,H,21,14,D,0110,1,99,GS-14,13,0110,5,10,F,1,202309,1,132368,07.8
TR93,11,H,04,12,D,0110,1,99,GS-12,09,0110,8,10,F,1,202309,1,094199,07.8
TR93,25,E,04,14,D,0110,1,99,GS-14,13,0110,8,10,F,1,202309,1,135293,07.2
TR93,11,D,04,13,C,0110,1,99,GS-13,11,0110,8,10,F,1,202309,1,112015,04.8
TR93,11,C,04,12,C,0110,1,99,GS-12,09,0110,8,10,F,1,202309,1,094199,03.4
TR93,11,H,21,14,D,0110,1,99,GS-14,15,0110,5,10,F,1,202309,1,150016,05.3
TR93,51,D,04,12,C,0110,1,99,GS-12,09,0110,8,10,F,1,202309,1,094199,03.8
TR93,08,D,04,14,A,0110,1,99,GS-14,15,0110,8,15,F,1,202309,1,159013,00.2
TR93,13,C,14,13,D,0110,1,99,GS-13,10,0110,8,10,F,1,202309,1,104008,05.0
TR93,46,G,04,13,C,0110,1,99,GS-13,10,0110,5,10,F,1,202309,1,108345,04.8
TR93,11,F,04,13,C,0110,1,99,GS-13,11,0110,8,10,F,1,202309,1,112015,04.8
TR93,11,D,04,13,C,0110,1,99,GS-13,11,0110,8,10,F,1,202309,1,112015,04.8
TR93,11,H,21,14,C,0110,1,99,GS-14,16,0110,8,10,F,1,202309,1,163252,04.5
TR93,34,F,17,14,C,0110,1,99,GS-14,13,0110,8,10,F,1,202309,1,136035,04.5
TR93,11,G,04,14,C,0110,1,99,GS-14,15,0110,8,10,F,1,202309,1,158840,04.5
TR93,06,E,17,13,C,0110,1,99,GS-13,13,0110,8,10,F,1,202309,1,134060,03.8
TR93,36,H,17,13,C,0110,1,99,GS-13,12,0110,8,10,F,1,202309,1,126629,04.1
TR93,11,E,17,14,C,0110,1,99,GS-14,13,0110,5,10,F,1,202309,1,132368,04.0
TR93,36,J,04,14,C,0110,1,99,GS-14,12,0110,8,10,F,1,202309,1,125279,03.8
TR93,41,I,04,13,C,0110,1,99,GS-13,11,0110,8,10,F,1,202309,1,116231,03.8
TR93,06,E,04,14,C,0110,1,99,GS-14,14,0110,8,10,F,1,202309,1,148241,03.8
TR93,11,C,04,13,C,0110,1,99,GS-13,11,0110,8,10,F,1,202309,1,112015,03.8
TR93,11,D,04,14,C,0110,1,99,GS-14,13,0110,5,10,F,1,202309,1,132368,03.8
TR93,11,C,04,12,C,0110,1,99,GS-12,09,0110,8,10,F,1,202309,1,097339,03.7
TR93,37,F,04,13,C,0110,1,99,GS-13,11,0110,8,10,F,1,202309,1,112874,03.4
TR93,36,E,04,14,C,0110,1,99,GS-14,15,0110,8,10,F,1,202309,1,158705,03.3
TR93,48,E,04,13,C,0110,1,99,GS-13,11,0110,8,10,F,1,202309,1,117524,03.3
TR93,48,E,04,13,C,0110,1,99,GS-13,12,0110,8,10,F,1,202309,1,125057,03.3
TR93,27,H,04,14,C,0110,1,99,GS-14,14,0110,8,10,F,1,202309,1,147318,03.3
TR93,06,C,04,13,C,0110,1,99,GS-13,12,0110,8,10,F,1,202309,1,125448,03.3
TR93,48,E,04,13,C,0110,1,99,GS-13,11,0110,8,10,F,1,202309,1,117524,03.2
TR93,06,J,04,14,C,0110,1,99,GS-14,13,0110,8,10,F,1,202309,1,139258,03.2
TR93,51,E,13,12,C,0110,1,99,GS-12,09,0110,8,10,F,1,202309,1,094199,03.1
TR93,11,C,13,12,C,0110,1,99,GS-12,09,0110,8,10,F,1,202309,1,094199,03.0
TR93,36,I,04,13,C,0110,1,99,GS-13,12,0110,8,10,F,1,202309,1,126629,03.3
TR93,17,G,04,14,B,0110,1,99,GS-14,15,0110,8,15,F,1,202309,1,151281,02.9
TR93,17,E,04,14,B,0110,1,99,GS-14,15,0110,8,15,F,1,202309,1,151281,02.9
TR93,37,E,04,14,B,0110,1,99,GS-14,14,0110,8,15,F,1,202309,1,141466,02.9
TR93,11,D,17,12,B,0110,1,99,GS-12,09,0110,8,15,F,1,202309,1,094199,02.9
TR93,17,E,04,14,C,0110,1,99,GS-14,15,0110,8,10,F,1,202309,1,151281,03.3
TR93,11,C,04,11,B,0110,1,99,GS-11,07,0110,8,15,F,1,202309,1,078592,02.5
TR93,11,C,04,11,B,0110,1,99,GS-11,07,0110,8,15,F,1,202309,1,078592,02.4
TR93,24,F,04,12,B,0110,1,99,GS-12,09,0110,8,15,F,1,202309,1,094199,01.8
TR93,34,H,04,14,B,0110,1,99,GS-14,17,0110,8,15,F,1,202309,1,172308,01.8
TR93,06,F,04,14,B,0110,1,99,GS-14,16,0110,8,15,F,1,202309,1,161717,01.8
TR93,36,F,04,14,B,0110,1,99,GS-14,16,0110,8,15,F,1,202309,1,167774,01.8
TR93,06,E,04,14,B,0110,1,99,GS-14,16,0110,8,15,F,1,202309,1,166209,01.7
TR93,36,E,04,14,B,0110,1,99,GS-14,16,0110,8,15,F,1,202309,1,163240,01.8
TR93,06,D,04,14,B,0110,1,99,GS-14,16,0110,8,15,F,1,202309,1,168018,01.8
TR93,13,H,17,14,B,0110,1,99,GS-14,15,0110,8,15,F,1,202309,1,151583,01.6
TR93,06,B,04,11,B,0110,1,99,GS-11,08,0110,8,35,F,1,202309,1,080015,01.1
TR93,12,D,04,14,B,0110,1,99,GS-14,12,0110,8,15,F,1,202309,1,120272,01.0
TR93,48,G,04,13,B,0110,1,99,GS-13,11,0110,8,15,F,1,202309,1,117478,01.0
TR93,17,H,04,14,A,0110,1,99,GS-14,16,0110,8,15,F,1,202309,1,168569,00.9
TR93,49,B,04,07,A,0110,1,99,GS-07,04,0110,8,35,F,1,202309,1,046696,00.9
TR93,34,J,04,14,A,0110,1,99,GS-14,13,0110,8,15,F,1,202309,1,136035,00.3
TR93,13,F,04,14,A,0110,1,99,GS-14,15,0110,8,15,F,1,202309,1,159776,00.3
TR93,11,F,04,15,E,0110,1,99,GS-15,17,0110,5,15,F,1,202309,1,171268,11.8
TR93,11,K,04,15,A,0110,1,99,GS-15,18,0110,5,15,F,1,202309,1,183500,00.3
TR93,06,F,04,13,A,0110,1,99,GS-13,14,0110,5,15,F,1,202309,1,148255,00.3
TR93,11,C,04,13,A,0110,1,99,GS-13,11,0110,5,15,F,1,202309,1,112015,00.2
TR93,37,G,04,14,A,0110,1,99,GS-14,13,0110,5,15,F,1,202309,1,133383,00.2
TR93,36,G,17,14,A,0110,1,99,GS-14,17,0110,8,15,F,1,202309,1,176842,00.1
TR93,06,G,04,13,A,0110,1,99,GS-13,12,0110,8,15,F,1,202309,1,125448,00.1
TR93,11,G,04,11,A,0110,1,99,GS-11,08,0110,8,15,F,1,202309,1,089069,00.1
TR93,26,D,04,13,A,0110,1,99,GS-13,10,0110,8,15,F,1,202309,1,108532,00.1
TR93,25,F,04,14,A,0110,1,99,GS-14,15,0110,8,15,F,1,202309,1,157113,00.0
TR93,06,G,17,13,F,0110,1,99,GS-13,13,0110,8,10,F,1,202309,1,138122,16.9
TRAF,53,F,21,14,D,0110,1,99,GS-14,14,0110,8,15,F,1,202309,1,146710,06.7
TRAJ,42,E,04,,D,0110,1,99,NB-06,19,0110,8,10,F,1,202309,1,194505,07.1
TRAJ,36,H,04,,F,0110,1,99,NB-06,23,0110,8,10,F,1,202309,1,270135,15.2
TRAJ,11,I,21,,F,0110,1,99,NB-07,24,0110,2,10,F,1,202309,1,295500,16.0
TRAJ,11,F,13,,G,0110,1,99,NB-06,21,0110,4,10,F,1,202309,1,229980,20.6
TRAJ,11,K,21,,J,0110,1,99,NB-07,24,0110,2,10,F,1,202309,1,295500,40.3
TRAJ,11,J,21,,G,0110,1,99,NB-07,24,0110,8,10,F,1,202309,1,295500,21.5
TRAJ,11,G,21,,F,0110,1,99,NB-08,30,0110,2,10,F,1,202309,1,,19.4
TRAJ,11,J,21,,I,0110,1,99,NB-07,24,0110,2,10,F,1,202309,1,295500,33.3
TRAJ,36,H,21,,F,0110,1,99,NB-06,24,0110,8,10,F,1,202309,1,290393,18.9
TRAJ,11,I,04,,H,0110,1,99,NB-08,30,0110,2,10,F,1,202309,1,,26.8
TRAJ,11,H,21,,F,0110,1,99,NB-06,21,0110,8,10,F,1,202309,1,236357,18.3
TRAJ,11,D,21,,D,0110,1,99,NB-06,21,0110,8,10,F,1,202309,1,227537,06.4
TRAJ,11,K,21,,F,0110,1,99,NB-07,24,0110,2,10,F,1,202309,1,295500,19.0
TRAJ,11,F,21,,F,0110,1,99,NB-06,20,0110,8,10,F,1,202309,1,208304,16.2
TRAJ,11,H,21,,F,0110,1,99,NB-07,24,0110,2,10,F,1,202309,1,295500,17.3
TRAJ,36,K,17,,I,0110,1,99,NB-06,23,0110,8,10,F,1,202309,1,270135,31.8
TRAJ,11,I,21,,F,0110,1,99,NB-07,24,0110,2,10,F,1,202309,1,295500,19.2
TRAJ,11,K,21,,H,0110,1,99,NB-06,20,0110,8,10,F,1,202309,1,213838,28.9
TRAJ,11,F,04,,F,0110,1,99,NB-06,21,0110,8,10,F,1,202309,1,230779,16.1
TRAJ,36,G,21,,F,0110,1,99,NB-06,21,0110,8,10,P,2,202309,1,236680,16.2
TRAJ,11,H,21,,G,0110,1,99,NB-07,24,0110,2,10,F,1,202309,1,295500,22.5
TRAJ,11,I,21,,G,0110,1,99,NB-07,24,0110,2,10,F,1,202309,1,295500,20.5
TRAJ,11,H,04,,F,0110,1,99,NB-05,17,0110,8,10,F,1,202309,1,174911,17.1
TRAJ,11,K,21,,J,0110,1,99,NB-06,22,0110,8,10,F,1,202309,1,254081,36.3
TRAJ,11,H,04,,H,0110,1,99,NB-06,22,0110,8,10,F,1,202309,1,254081,26.5
TRAJ,11,J,18,,I,0110,1,99,NB-06,21,0110,8,10,F,1,202309,1,236357,33.8
TRAJ,11,G,21,,F,0110,1,99,NB-07,24,0110,2,10,F,1,202309,1,295500,16.2
TRAJ,11,F,17,,G,0110,1,99,NB-06,18,0110,8,10,F,1,202309,1,188762,20.1
TRAJ,11,G,17,,H,0110,1,99,NB-06,21,0110,8,10,F,1,202309,1,236357,25.8
TRAJ,11,G,21,,F,0110,1,99,NB-07,24,0110,2,10,F,1,202309,1,284675,17.0
TRAJ,11,H,21,,F,0110,1,99,NB-06,22,0110,8,10,F,1,202309,1,254081,15.1
TRAJ,11,G,13,,H,0110,1,99,NB-06,22,0110,8,10,F,1,202309,1,254081,26.2
TRAJ,11,J,21,,I,0110,1,99,NB-07,24,0110,2,10,F,1,202309,1,295500,32.3
TRAJ,11,I,21,,E,0110,1,99,NB-06,21,0110,8,10,F,1,202309,1,236357,14.9
TRAJ,11,H,21,,E,0110,1,99,NB-07,24,0110,2,10,F,1,202309,1,295500,14.3
TRAJ,23,E,13,,E,0110,1,99,NB-06,20,0110,8,10,F,1,202309,1,204870,14.3
TRAJ,11,E,17,,E,0110,1,99,NB-06,18,0110,8,10,F,1,202309,1,189102,14.1
TRAJ,11,G,21,,E,0110,1,99,NB-06,21,0110,8,10,F,1,202309,1,236357,14.1
TRAJ,11,I,21,,E,0110,1,99,NB-06,22,0110,8,10,F,1,202309,1,254081,13.5
TRAJ,11,H,18,,D,0110,1,99,NB-06,21,0110,8,10,F,1,202309,1,224347,09.1
TRAJ,11,I,21,,E,0110,1,99,NB-06,21,0110,8,10,P,2,202309,1,223234,13.3
TRAJ,11,I,21,,E,0110,1,99,NB-06,22,0110,8,10,F,1,202309,1,254081,13.1
TRAJ,11,E,17,,E,0110,1,99,NB-06,13,0110,8,10,F,1,202309,1,137281,13.1
TRAJ,11,D,21,,D,0110,1,99,NB-06,21,0110,8,10,F,1,202309,1,221744,07.1
TRAJ,11,J,18,,E,0110,1,99,NB-06,22,0110,8,10,F,1,202309,1,254081,12.1
TRAJ,11,G,04,,E,0110,1,99,NB-05,13,0110,8,10,F,1,202309,1,135110,12.1
TRAJ,36,K,21,,D,0110,1,99,NB-06,20,0110,8,10,F,1,202309,1,204748,07.8
TRAJ,11,G,21,,E,0110,1,99,NB-06,21,0110,8,10,F,1,202309,1,236357,11.9
TRAJ,11,J,17,,D,0110,1,99,NB-06,21,0110,8,10,F,1,202309,1,229279,09.9
TRAJ,11,E,04,,E,0110,1,99,NB-06,18,0110,8,10,F,1,202309,1,183465,11.2
TRAJ,11,F,13,,B,0110,1,99,NB-06,20,0110,8,15,F,1,202309,1,213734,02.3
TRAJ,11,E,21,,D,0110,1,99,NB-06,20,0110,8,10,F,1,202309,1,203870,05.1
TRAJ,11,F,17,,E,0110,1,99,NB-06,20,0110,8,10,F,1,202309,1,210843,10.8
TRAJ,11,K,17,,E,0110,1,99,NB-06,21,0110,8,10,F,1,202309,1,236357,10.8
TRAJ,11,I,22,,E,0110,1,99,NB-06,21,0110,8,10,F,1,202309,1,236357,10.2
TRAJ,11,F,21,,E,0110,1,99,NB-06,21,0110,8,10,F,1,202309,1,229909,10.0
TRAJ,11,H,21,,D,0110,1,99,NB-06,21,0110,8,10,F,1,202309,1,236357,09.8
TRAJ,11,H,21,,D,0110,1,99,NB-06,22,0110,8,10,F,1,202309,1,253613,09.8
TRAJ,48,F,13,,D,0110,1,99,NB-07,21,0110,2,10,F,1,202309,1,224163,09.2
TRAJ,47,E,17,,D,0110,1,99,NB-05,13,0110,8,10,F,1,202309,1,136590,09.2
TRAJ,11,G,17,,D,0110,1,99,NB-06,21,0110,8,10,F,1,202309,1,223272,09.1
TRAJ,11,F,21,,D,0110,1,99,NB-06,21,0110,8,10,F,1,202309,1,236357,09.0
TRAJ,11,H,04,,D,0110,1,99,NB-06,20,0110,8,10,F,1,202309,1,205161,08.0
TRAJ,11,E,17,,D,0110,1,99,NB-06,21,0110,8,15,F,1,202309,1,236277,07.8
TRAJ,11,F,17,,D,0110,1,99,NB-06,20,0110,8,10,F,1,202309,1,215186,08.2
TRAJ,11,E,17,,D,0110,1,99,NB-06,21,0110,7,10,F,1,202309,1,225652,08.1
TRAJ,11,G,21,,D,0110,1,99,NB-06,21,0110,8,10,F,1,202309,1,236357,08.1
TRAJ,11,F,17,,D,0110,1,99,NB-06,19,0110,8,10,F,1,202309,1,196068,08.1
TRAJ,11,G,21,,D,0110,1,99,NB-06,19,0110,8,10,F,1,202309,1,199660,08.1
TRAJ,11,K,21,,D,0110,1,99,NB-05,18,0110,8,10,F,1,202309,1,185649,08.1
TRAJ,11,G,21,,D,0110,1,99,NB-06,20,0110,8,10,F,1,202309,1,218079,07.9
TRAJ,11,E,17,,D,0110,1,99,NB-06,21,0110,8,10,F,1,202309,1,228103,08.1
TRAJ,11,F,17,,D,0110,1,99,NB-06,20,0110,8,10,F,1,202309,1,208294,08.0
TRAJ,11,E,04,,D,0110,1,99,NB-06,14,0110,8,10,F,1,202309,1,141972,07.4
TRAJ,11,E,21,,D,0110,1,99,NB-06,21,0110,8,10,F,1,202309,1,226133,07.2
TRAJ,11,F,04,,D,0110,1,99,NB-06,19,0110,8,10,F,1,202309,1,196001,07.1
TRAJ,11,E,21,,D,0110,1,99,NB-06,20,0110,8,10,F,1,202309,1,209786,07.1
TRAJ,11,F,21,,D,0110,1,99,NB-06,22,0110,7,10,F,1,202309,1,240110,07.0
TRAJ,11,E,21,,D,0110,1,99,NB-06,22,0110,7,10,F,1,202309,1,246447,07.0
TRAJ,11,E,21,,D,0110,1,99,NB-06,21,0110,8,10,F,1,202309,1,224428,06.2
TRAJ,11,G,21,,D,0110,1,99,NB-06,21,0110,8,10,F,1,202309,1,236357,06.1
TRAJ,11,C,13,,C,0110,1,99,NB-04,09,0110,8,15,F,1,202309,1,093496,04.3
TRAJ,53,E,21,,D,0110,1,99,NB-06,19,0110,8,10,F,1,202309,1,199814,05.1
TRAJ,11,C,13,,B,0110,1,99,NB-04,08,0110,8,15,F,1,202309,1,088429,02.2
TRAJ,11,F,04,,C,0110,1,99,NB-05,13,0110,8,15,F,1,202309,1,139182,04.0
TRAJ,11,J,21,,C,0110,1,99,NB-07,24,0110,2,10,F,1,202309,1,295500,03.1
TRAJ,11,E,21,,B,0110,1,99,NB-07,24,0110,2,15,F,1,202309,1,299200,02.5
TRAJ,11,F,21,,B,0110,1,99,NB-06,20,0110,8,15,F,1,202309,1,218641,02.4
TRAJ,11,C,13,,B,0110,1,99,NB-04,08,0110,8,15,F,1,202309,1,088298,02.3
TRAJ,11,C,13,,B,0110,1,99,NB-04,09,0110,8,15,F,1,202309,1,090619,02.3
TRAJ,25,D,21,,B,0110,1,99,NB-05,19,0110,8,15,F,1,202309,1,193698,02.3
TRAJ,11,J,21,,B,0110,1,99,NB-06,18,0110,8,15,F,1,202309,1,180397,02.1
TRAJ,11,E,21,,B,0110,1,99,NB-05,19,0110,8,15,F,1,202309,1,191372,02.0
TRAJ,11,D,21,,B,0110,1,99,NB-05,18,0110,8,15,F,1,202309,1,182259,02.0
TRAJ,11,C,17,,B,0110,1,99,NB-04,09,0110,8,15,F,1,202309,1,098639,02.0
TRAJ,11,E,21,,B,0110,1,99,NB-05,17,0110,8,15,F,1,202309,1,170185,01.9
TRAJ,11,C,21,,B,0110,1,99,NB-05,18,0110,8,15,F,1,202309,1,181304,01.2
TRAJ,11,D,21,,B,0110,1,99,NB-05,18,0110,8,15,F,1,202309,1,181304,01.0
TRAJ,11,D,21,,A,0110,1,99,NB-05,18,0110,8,15,F,1,202309,1,181304,00.9
TRAJ,11,D,17,,A,0110,1,99,NB-05,12,0110,8,15,F,1,202309,1,129656,00.9
TRAJ,11,C,04,,A,0110,1,99,NB-05,12,0110,8,15,F,1,202309,1,126855,00.8
TRAJ,11,F,21,,A,0110,1,99,NB-05,20,0110,8,15,F,1,202309,1,201637,00.3
TRAJ,11,F,04,,A,0110,1,99,NB-05,17,0110,8,15,F,1,202309,1,179508,00.1
TRAJ,11,D,21,,A,0110,1,99,NB-05,16,0110,8,15,F,1,202309,1,169442,00.1
TRAJ,11,H,21,,E,0110,1,99,NB-06,22,0110,8,10,F,1,202309,1,254081,14.8
TRAJ,40,F,17,,E,0110,1,99,NB-05,09,0110,8,10,F,1,202309,1,095032,13.8
TRFD,12,E,17,13,E,0110,1,99,GS-13,12,0110,8,10,F,1,202309,1,125945,11.4
TRFD,48,F,17,14,E,0110,1,99,GS-14,13,0110,8,10,F,1,202309,1,135194,13.3
TRFD,01,F,21,13,E,0110,1,99,GS-13,11,0110,8,10,F,1,202309,1,119117,11.4
TRFD,11,F,21,14,D,0110,1,99,GS-14,16,0110,2,10,F,1,202309,1,167663,07.2
TW00,11,E,17,14,D,0110,1,99,GS-14,14,0110,8,10,F,1,202309,1,141192,07.3
TW00,11,K,21,14,H,0110,1,99,GS-14,17,0110,8,10,F,1,202309,1,172075,29.2
TW00,11,F,21,14,E,0110,1,99,GS-14,15,0110,8,10,F,1,202309,1,158840,14.4
TW00,11,D,13,14,D,0110,1,99,GS-14,14,0110,8,10,F,1,202309,1,141192,08.0
TW00,24,E,17,14,D,0110,1,99,GS-14,14,0110,8,10,F,1,202309,1,141192,07.9
TW00,11,F,21,13,B,0110,1,99,GS-13,11,0110,8,15,F,1,202309,1,112015,01.9
VAAE,45,D,17,13,D,0110,1,99,GS-13,10,0110,8,10,F,1,202309,1,105062,08.9
VAHA,11,K,17,14,J,0110,1,99,GM-14,15,0110,*,10,F,1,202309,1,155468,39.6
VATA,06,G,21,14,F,0110,1,99,GS-14,17,0110,8,48,F,2,202309,1,172819,17.3
VATA,36,J,21,14,F,0110,1,99,GS-14,15,0110,8,10,F,1,202309,1,155139,15.3
VATA,11,F,13,14,E,0110,1,99,GS-14,15,0110,8,10,F,1,202309,1,158840,13.6
