AGYSUB,LOC,AGELVL,EDLVL,GSEGRD,LOSLVL,OCC,PATCO,PPGRD,SALLVL,STEMOCC,SUPERVIS,TOA,WORKSCH,WORKSTAT,DATECODE,EMPLOYMENT,SALARY,LOS
AD00,11,E,04,13,D,0110,1,GS-13,F,XXXX,8,10,F,1,199809,1,"$65,296",9.3
AD00,11,K,14,15,J,0110,1,GS-15,J,XXXX,8,10,F,1,199809,1,"$101,142",36.2
AF0N,51,I,04,13,D,0110,1,GS-13,G,XXXX,8,10,F,1,199809,1,"$72,758",5.8
AF3W,48,H,17,13,H,0110,1,GS-13,F,XXXX,8,10,F,1,199809,1,"$67,837",28.0
AG02,11,C,17,09,A,0110,1,GS-09,C,XXXX,8,15,F,1,199809,1,"$32,457",0.6
AG02,25,F,17,,D,0110,1,MA-21,E,XXXX,8,30,F,1,199809,1,"$56,238",6.2
AG02,11,H,17,15,G,0110,1,GM-15,I,XXXX,2,10,F,1,199809,1,"$93,366",23.5
AG02,11,J,17,12,J,0110,1,GS-12,F,XXXX,8,10,F,1,199809,1,"$61,190",36.2
AG02,11,K,21,12,G,0110,1,GS-12,E,XXXX,8,10,F,1,199809,1,"$56,482",22.4
AG02,36,E,17,,D,0110,1,MA-19,D,XXXX,2,30,F,1,199809,1,"$48,484",5.3
AG02,13,D,21,,B,0110,1,MA-16,D,XXXX,8,40,F,2,199809,1,"$44,783",2.0
AG02,11,E,13,12,E,0110,1,GS-12,E,XXXX,8,10,F,1,199809,1,"$53,343",11.6
AG02,11,H,17,15,G,0110,1,GS-15,I,XXXX,2,10,F,1,199809,1,"$90,767",24.7
AG02,11,E,13,12,E,0110,1,GS-12,E,XXXX,8,10,F,1,199809,1,"$50,205",10.9
AG02,11,D,13,11,D,0110,1,GS-11,C,XXXX,8,10,F,1,199809,1,"$39,270",7.4
AG02,11,J,13,14,J,0110,1,GM-14,H,XXXX,5,10,F,1,199809,1,"$85,978",36.3
AG02,11,F,13,13,F,0110,1,GM-13,F,XXXX,5,10,F,1,199809,1,"$66,232",19.4
AG02,11,H,18,13,H,0110,1,GM-13,G,XXXX,5,10,F,1,199809,1,"$71,489",27.6
AG02,11,C,04,07,D,0119,3,GS-07,C,XXXX,8,10,F,1,199809,1,"$30,068",9.5
AG02,51,D,13,,D,0110,1,MA-15,D,XXXX,8,30,*,2,199809,1,"$40,436",8.3
AG02,11,G,13,13,F,0110,1,GS-13,F,XXXX,8,10,F,1,199809,1,"$65,296",19.3
AG02,11,F,17,12,A,0110,1,GS-12,D,XXXX,8,15,F,1,199809,1,"$47,066",0.6
AG02,11,E,17,12,B,0110,1,GS-12,D,XXXX,8,15,F,1,199809,1,"$48,635",1.1
AG02,11,F,17,14,F,0110,1,GS-14,G,XXXX,8,10,F,1,199809,1,"$72,752",19.3
AG02,11,C,17,07,A,0110,1,GS-07,B,XXXX,8,38,F,1,199809,1,"$26,532",0.6
AG02,39,F,18,,E,0110,1,MA-16,D,XXXX,8,40,F,2,199809,1,"$46,145",13.4
AG02,39,D,13,,E,0110,1,MA-17,D,XXXX,8,30,F,1,199809,1,"$44,146",11.3
AG02,11,E,04,12,D,0110,1,GS-12,E,XXXX,8,10,F,1,199809,1,"$53,343",6.3
AG02,17,G,17,,G,0110,1,MA-19,E,XXXX,8,30,F,1,199809,1,"$58,396",23.5
AG02,17,G,17,,E,0110,1,MA-20,F,XXXX,8,30,F,1,199809,1,"$61,202",13.3
AG02,11,E,17,13,E,0110,1,GM-13,F,XXXX,5,10,F,1,199809,1,"$68,097",12.7
AG02,11,G,17,15,G,0110,1,GS-15,I,XXXX,2,10,F,1,199809,1,"$90,767",22.3
AG02,11,E,14,12,E,0110,1,GS-12,E,XXXX,8,10,F,1,199809,1,"$51,774",12.3
AG02,04,D,13,,D,0110,1,MA-19,E,XXXX,*,30,F,1,199809,1,"$55,092",8.3
AG02,27,E,13,,F,0110,1,MA-16,D,XXXX,8,30,F,1,199809,1,"$47,507",17.3
AG02,27,E,13,,E,0110,1,MA-16,D,XXXX,8,30,F,1,199809,1,"$43,421",12.1
AG02,40,F,17,,F,0110,1,MA-18,E,XXXX,8,30,F,1,199809,1,"$54,895",18.1
AG02,53,E,17,,D,0110,1,MA-18,D,XXXX,8,30,F,1,199809,1,"$47,310",8.3
AG02,11,F,17,14,F,0110,1,GM-14,G,XXXX,2,10,F,1,199809,1,"$79,372",17.9
AG02,11,H,21,11,B,0110,1,GS-11,D,XXXX,8,15,F,1,199809,1,"$40,579",1.1
AG02,11,D,17,11,B,0110,1,GS-11,D,XXXX,8,15,F,1,199809,1,"$41,888",2.0
AG02,53,C,14,,B,0110,1,MA-13,C,XXXX,8,30,F,1,199809,1,"$30,424",1.3
AG02,11,C,17,13,C,0110,1,GS-13,E,XXXX,2,10,F,1,199809,1,"$55,969",4.6
AG02,11,G,13,12,E,0110,1,GS-12,E,XXXX,8,10,F,1,199809,1,"$54,913",13.8
AG03,24,D,21,11,C,0110,1,GS-11,D,XXXX,8,42,F,2,199809,1,"$43,197",3.1
AG03,24,K,21,15,G,0110,1,GS-15,I,XXXX,8,10,F,1,199809,1,"$90,767",24.5
AG03,24,H,17,13,H,0110,1,GM-13,G,XXXX,4,10,F,1,199809,1,"$72,758",29.3
AG07,51,I,17,13,E,0110,1,GS-13,F,XXXX,8,10,F,1,199809,1,"$61,565",11.5
AG07,39,F,21,13,D,0110,1,GS-13,F,XXXX,8,10,F,1,199809,1,"$63,212",6.3
AG07,17,F,17,12,D,0110,1,GS-12,E,XXXX,8,10,F,1,199809,1,"$55,508",9.2
AG07,55,D,17,12,C,0110,1,GS-12,D,XXXX,8,15,F,1,199809,1,"$46,254",3.7
AG07,27,G,13,12,G,0110,1,GS-12,E,XXXX,8,10,F,1,199809,1,"$59,648",21.9
AG08,29,F,13,12,D,0110,1,GS-12,E,XXXX,8,10,F,1,199809,1,"$51,190",8.5
AG08,29,F,17,13,F,0110,1,GS-13,F,XXXX,8,10,F,1,199809,1,"$60,871",17.6
AG08,29,H,17,12,E,0110,1,GS-12,E,XXXX,8,10,F,1,199809,1,"$55,845",13.4
AG10,11,I,21,14,G,0110,1,GS-14,H,XXXX,8,42,F,2,199809,1,"$85,978",24.7
AG10,11,F,17,13,F,0110,1,GS-13,F,XXXX,8,10,F,1,199809,1,"$63,431",15.8
AG10,11,G,17,14,E,0110,1,GS-14,G,XXXX,2,10,F,1,199809,1,"$74,956",10.8
AG10,11,H,17,13,D,0110,1,GS-13,E,XXXX,8,10,F,1,199809,1,"$57,835",6.8
AG10,11,D,17,12,D,0110,1,GS-12,E,XXXX,8,10,F,1,199809,1,"$51,774",8.1
AG10,11,F,17,13,E,0110,1,GS-13,G,XXXX,8,10,F,1,199809,1,"$72,758",14.0
AG10,11,D,17,13,D,0110,1,GS-13,F,XXXX,8,10,F,1,199809,1,"$61,565",8.9
AG10,11,F,17,14,F,0110,1,GS-14,G,XXXX,8,10,F,1,199809,1,"$79,365",19.9
AG10,11,F,13,12,C,0110,1,GS-12,D,XXXX,8,15,F,1,199809,1,"$48,635",3.3
AG10,11,D,17,12,C,0110,1,GS-12,D,XXXX,8,10,F,1,199809,1,"$48,635",3.0
AG10,11,C,17,09,A,0110,1,GS-09,C,XXXX,8,15,F,1,199809,1,"$32,457",0.8
AG10,11,C,13,12,C,0110,1,GS-12,E,XXXX,8,15,F,1,199809,1,"$50,205",3.8
AG10,11,F,17,13,E,0110,1,GS-13,F,XXXX,8,10,F,1,199809,1,"$63,431",10.3
AG10,11,E,13,12,D,0110,1,GS-12,D,XXXX,8,10,F,1,199809,1,"$48,635",5.3
AG10,11,D,17,12,D,0110,1,GS-12,E,XXXX,8,10,F,1,199809,1,"$51,774",5.9
AG10,11,I,21,12,D,0110,1,GS-12,E,XXXX,8,10,F,1,199809,1,"$51,774",6.0
AG10,11,H,17,14,I,0110,1,GM-14,H,XXXX,2,10,F,1,199809,1,"$85,062",32.4
AG10,11,I,17,14,I,0110,1,GM-14,H,XXXX,2,10,F,1,199809,1,"$82,148",34.2
AG10,11,I,17,15,I,0110,1,GM-15,I,XXXX,2,10,F,1,199809,1,"$99,824",32.5
AG10,11,C,17,11,B,0110,1,GS-11,C,XXXX,8,15,F,1,199809,1,"$39,270",2.0
AG10,11,F,21,12,D,0110,1,GS-12,E,XXXX,8,10,F,1,199809,1,"$51,774",6.5
AG10,11,F,14,14,F,0110,1,GS-14,H,XXXX,8,10,F,1,199809,1,"$85,978",18.3
AG10,11,H,13,13,H,0110,1,GS-13,G,XXXX,8,10,F,1,199809,1,"$72,758",28.6
AG10,11,G,14,15,G,0110,1,GS-15,I,XXXX,2,10,F,1,199809,1,"$95,954",22.8
AG10,11,H,17,14,H,0110,1,GS-14,H,XXXX,8,10,F,1,199809,1,"$85,978",28.6
AG10,11,H,17,13,G,0110,1,GS-13,G,XXXX,8,10,F,1,199809,1,"$72,758",23.2
AG10,11,H,17,15,H,0110,1,GM-15,J,XXXX,2,10,F,1,199809,1,"$101,142",25.8
AG10,11,H,17,14,G,0110,1,GM-14,G,XXXX,2,10,F,1,199809,1,"$74,956",22.4
AG10,11,C,13,11,B,0110,1,GS-11,C,XXXX,8,15,F,1,199809,1,"$39,270",2.0
AG10,11,C,17,11,C,0110,1,GS-11,D,XXXX,8,15,F,1,199809,1,"$44,505",3.3
AG10,11,D,17,14,E,0110,1,GS-14,G,XXXX,2,10,F,1,199809,1,"$74,956",10.0
AG10,11,C,13,09,C,0110,1,GS-09,C,XXXX,8,15,F,1,199809,1,"$33,539",3.0
AG10,11,G,18,15,G,0110,1,GS-15,I,XXXX,2,10,F,1,199809,1,"$90,767",22.0
AG10,11,G,17,12,F,0110,1,GS-12,E,XXXX,8,10,F,1,199809,1,"$58,051",17.8
AG10,11,B,13,09,B,0110,1,GS-09,C,XXXX,8,15,F,1,199809,1,"$32,457",1.8
AG10,11,E,17,13,D,0110,1,GS-13,F,XXXX,8,10,F,1,199809,1,"$61,565",6.2
AG10,11,D,17,13,D,0110,1,GS-13,E,XXXX,8,10,F,1,199809,1,"$59,700",6.7
AG10,11,D,17,12,D,0110,1,GS-12,D,XXXX,8,10,F,1,199809,1,"$47,066",8.7
AG10,11,F,17,13,D,0110,1,GS-13,F,XXXX,8,10,F,1,199809,1,"$61,565",9.9
AG10,11,D,17,14,E,0110,1,GS-14,G,XXXX,2,10,F,1,199809,1,"$74,956",10.3
AG10,11,D,17,12,C,0110,1,GS-12,D,XXXX,8,10,F,1,199809,1,"$48,635",4.1
AG10,11,E,17,13,D,0110,1,GS-13,F,XXXX,8,10,F,1,199809,1,"$61,565",7.7
AG10,11,D,12,11,C,0110,1,GS-11,C,XXXX,8,15,F,1,199809,1,"$39,270",4.3
AG10,11,C,13,12,C,0110,1,GS-12,D,XXXX,8,10,F,1,199809,1,"$47,066",3.0
AG10,11,C,13,11,D,0110,1,GS-11,D,XXXX,8,10,F,1,199809,1,"$40,579",8.6
AG10,11,G,21,15,F,0110,1,GS-15,H,XXXX,8,42,F,2,199809,1,"$85,579",17.4
AG10,11,D,13,12,D,0110,1,GS-12,D,XXXX,8,10,F,1,199809,1,"$48,635",5.0
AG10,11,D,17,13,D,0110,1,GS-13,F,XXXX,8,10,F,1,199809,1,"$61,565",7.3
AG10,11,F,17,13,D,0110,1,GS-13,E,XXXX,8,10,F,1,199809,1,"$57,835",6.6
AG10,11,F,13,13,E,0110,1,GS-13,F,XXXX,8,10,F,1,199809,1,"$69,027",13.3
AG10,11,F,17,13,E,0110,1,GS-13,F,XXXX,8,10,F,1,199809,1,"$65,296",14.3
AG10,11,K,18,14,J,0110,1,GS-14,H,XXXX,8,10,F,1,199809,1,"$85,978",38.6
AG10,11,G,21,15,F,0110,1,GM-15,I,XXXX,2,10,F,1,199809,1,"$95,964",19.7
AG10,11,F,17,13,D,0110,1,GS-13,E,XXXX,8,10,F,1,199809,1,"$59,700",8.4
AG10,11,K,22,14,J,0110,1,GM-14,H,XXXX,5,10,F,1,199809,1,"$85,978",36.1
AG10,11,E,17,13,B,0110,1,GS-13,E,XXXX,8,42,F,2,199809,1,"$57,835",1.2
AG10,11,F,17,13,F,0110,1,GS-13,F,XXXX,8,10,F,1,199809,1,"$67,162",17.4
AG10,11,D,13,11,B,0110,1,GS-11,C,XXXX,8,15,F,1,199809,1,"$39,270",1.5
AG10,11,D,13,12,D,0110,1,GS-12,E,XXXX,8,10,F,1,199809,1,"$51,774",7.3
AG10,11,E,17,13,E,0110,1,GS-13,F,XXXX,8,10,F,1,199809,1,"$67,162",13.8
AG10,11,D,17,13,D,0110,1,GS-13,E,XXXX,8,10,F,1,199809,1,"$57,835",7.5
AG10,11,D,17,13,D,0110,1,GS-13,F,XXXX,8,10,F,1,199809,1,"$63,431",6.7
AG10,11,C,17,11,B,0110,1,GS-11,C,XXXX,8,15,F,1,199809,1,"$39,270",1.7
AG10,11,G,17,14,G,0110,1,GM-14,H,XXXX,2,10,F,1,199809,1,"$85,978",21.7
AG10,11,H,17,13,H,0110,1,GS-13,G,XXXX,8,10,F,1,199809,1,"$72,758",27.3
AG10,11,D,14,12,E,0110,1,GS-12,E,XXXX,8,10,F,1,199809,1,"$50,205",12.5
AG10,11,H,17,13,H,0110,1,GS-13,G,XXXX,8,10,F,1,199809,1,"$70,893",27.5
AG10,11,D,13,14,E,0110,1,GS-14,G,XXXX,2,10,F,1,199809,1,"$72,752",11.3
AG10,11,D,13,13,D,0110,1,GS-13,E,XXXX,8,10,F,1,199809,1,"$55,969",6.7
AG10,11,C,13,11,B,0110,1,GS-11,C,XXXX,8,15,F,1,199809,1,"$39,270",2.3
AG10,11,D,17,11,B,0110,1,GS-11,C,XXXX,8,15,F,1,199809,1,"$39,270",1.1
AG10,11,D,13,12,C,0110,1,GS-12,E,XXXX,8,10,F,1,199809,1,"$51,774",4.7
AG10,11,E,17,12,D,0110,1,GS-12,E,XXXX,8,10,F,1,199809,1,"$56,482",7.9
AG10,11,G,13,14,D,0110,1,GS-14,G,XXXX,8,42,F,2,199809,1,"$72,752",9.1
AG10,11,C,14,12,B,0110,1,GS-12,D,XXXX,8,15,F,1,199809,1,"$47,066",2.9
AG10,11,C,13,09,C,0110,1,GS-09,C,XXXX,8,15,F,1,199809,1,"$32,457",3.9
AG10,11,F,17,13,E,0110,1,GS-13,F,XXXX,8,10,F,1,199809,1,"$67,162",14.2
AG10,11,E,18,12,D,0110,1,GS-12,E,XXXX,8,10,F,1,199809,1,"$56,482",9.7
AG10,11,D,17,11,D,0110,1,GS-11,C,XXXX,8,10,F,1,199809,1,"$39,270",5.0
AG10,11,G,17,12,D,0110,1,GS-12,D,XXXX,8,10,F,1,199809,1,"$48,635",6.9
AG10,11,I,18,13,I,0110,1,GS-13,G,XXXX,8,10,F,1,199809,1,"$72,758",30.8
AG10,11,G,17,13,D,0110,1,GS-13,E,XXXX,8,10,F,1,199809,1,"$57,835",9.6
AG10,11,K,14,13,J,0110,1,GS-13,G,XXXX,8,10,F,1,199809,1,"$72,758",37.1
AG10,11,D,13,12,D,0110,1,GS-12,D,XXXX,8,10,F,1,199809,1,"$48,635",5.6
AG10,11,E,17,12,D,0110,1,GS-12,E,XXXX,8,10,F,1,199809,1,"$53,343",7.3
AG10,11,F,17,14,E,0110,1,GS-14,H,XXXX,8,10,F,1,199809,1,"$85,978",14.0
AG10,11,H,17,15,G,0110,1,GS-15,H,XXXX,2,10,F,1,199809,1,"$88,173",20.1
AG10,11,E,17,13,D,0110,1,GS-13,F,XXXX,8,10,F,1,199809,1,"$63,431",9.3
AG10,11,I,21,15,H,0110,1,GM-15,I,XXXX,5,42,F,2,199809,1,"$90,767",27.2
AG10,11,F,17,13,F,0110,1,GS-13,F,XXXX,8,10,F,1,199809,1,"$69,027",17.6
AG10,11,G,17,13,E,0110,1,GS-13,F,XXXX,8,10,F,1,199809,1,"$67,162",14.7
AG10,11,E,17,15,F,0110,1,GS-15,I,XXXX,2,10,F,1,199809,1,"$90,767",15.2
AG10,11,C,17,09,A,0110,1,GS-09,C,XXXX,8,15,F,1,199809,1,"$32,457",0.4
AG10,11,F,21,14,B,0110,1,GS-14,F,XXXX,8,42,F,2,199809,1,"$68,343",1.3
AG10,11,E,17,12,D,0110,1,GS-12,D,XXXX,8,10,F,1,199809,1,"$48,635",5.2
AG10,11,E,17,13,D,0110,1,GS-13,F,XXXX,8,10,F,1,199809,1,"$61,565",7.3
AG10,11,H,21,14,E,0110,1,GS-14,G,XXXX,8,10,F,1,199809,1,"$72,752",14.6
AG10,11,H,17,14,G,0110,1,GS-14,G,XXXX,2,10,F,1,199809,1,"$79,365",20.6
AG10,11,F,17,13,D,0110,1,GS-13,F,XXXX,8,10,F,1,199809,1,"$63,431",9.9
AG10,11,E,17,13,E,0110,1,GS-13,E,XXXX,8,10,F,1,199809,1,"$59,700",10.9
AG10,11,G,04,14,H,0110,1,GS-14,H,XXXX,8,10,F,1,199809,1,"$81,569",28.3
AG10,11,F,17,13,E,0110,1,GS-13,F,XXXX,8,10,F,1,199809,1,"$63,431",13.6
AG10,11,E,17,13,B,0110,1,GS-13,F,XXXX,8,15,F,1,199809,1,"$63,431",2.3
AG10,11,H,21,12,B,0110,1,GS-12,D,XXXX,8,15,F,1,199809,1,"$48,635",1.3
AG10,11,I,13,12,H,0110,1,GS-12,F,XXXX,8,10,F,1,199809,1,"$61,190",26.7
AG10,11,E,17,13,D,0110,1,GS-13,E,XXXX,8,10,F,1,199809,1,"$59,700",6.5
AG10,11,H,21,15,G,0110,1,GM-15,I,XXXX,5,10,F,1,199809,1,"$98,776",21.2
AG10,11,G,13,13,G,0110,1,GS-13,F,XXXX,8,10,F,1,199809,1,"$63,431",20.5
AG11,54,F,17,13,D,0110,1,GS-13,E,XXXX,8,15,F,1,199809,1,"$56,837",6.3
AG11,11,H,17,14,H,0110,1,GM-14,H,XXXX,5,10,F,1,199809,1,"$83,781",25.4
AG11,41,H,16,13,G,0110,1,GM-13,F,XXXX,5,10,F,1,199809,1,"$65,235",20.6
AG11,08,F,21,13,E,0110,1,GS-13,F,XXXX,8,10,F,1,199809,1,"$62,337",12.1
AG11,54,H,17,14,I,0110,1,GS-14,G,XXXX,8,10,F,1,199809,1,"$71,497",30.7
AG11,11,F,17,15,G,0110,1,GM-15,I,XXXX,2,10,F,1,199809,1,"$97,359",20.0
AG11,11,F,21,14,E,0110,1,GS-14,H,XXXX,8,10,F,1,199809,1,"$81,569",14.5
AG11,41,E,14,09,C,0110,1,GS-09,C,XXXX,8,42,F,2,199809,1,"$31,897",3.5
AG11,08,H,21,15,H,0110,1,GS-15,I,XXXX,8,10,F,1,199809,1,"$96,848",28.1
AG11,13,H,13,13,H,0110,1,GS-13,F,XXXX,8,10,F,1,199809,1,"$66,479",25.9
AG11,54,G,21,14,F,0110,1,GM-14,G,XXXX,2,10,F,1,199809,1,"$77,996",17.7
AG11,35,G,21,12,E,0110,1,GS-12,E,XXXX,8,10,F,1,199809,1,"$52,423",13.3
AG11,11,G,21,15,E,0110,1,GS-15,I,XXXX,8,10,F,1,199809,1,"$90,767",11.7
AG11,53,C,13,07,A,0119,3,GS-07,B,XXXX,8,42,F,2,199809,1,"$26,549",0.3
AG11,55,H,17,14,G,0110,1,GS-14,H,XXXX,8,10,F,1,199809,1,"$80,162",20.8
AG11,08,H,17,13,E,0110,1,GS-13,F,XXXX,8,10,F,1,199809,1,"$66,003",14.1
AG11,30,G,17,13,G,0110,1,GS-13,F,XXXX,8,10,F,1,199809,1,"$67,837",22.8
AG11,55,G,13,13,H,0110,1,GM-13,G,XXXX,5,10,F,1,199809,1,"$70,192",25.8
AG11,37,I,17,14,J,0110,1,GM-14,H,XXXX,5,10,F,1,199809,1,"$84,495",35.2
AG11,41,H,17,09,A,0110,1,GS-09,C,XXXX,8,20,F,2,199809,1,"$31,897",0.4
AG11,08,G,16,11,G,0110,1,GS-11,E,XXXX,8,10,F,1,199809,1,"$50,168",21.9
AG11,55,D,04,06,B,0119,3,GS-06,B,XXXX,8,42,I,2,199809,1,"$23,464",1.0
AG11,55,B,04,04,A,0119,3,GS-04,A,XXXX,8,42,I,2,199809,1,"$18,815",0.8
AG11,55,B,04,04,A,0119,3,GS-04,A,XXXX,8,42,I,2,199809,1,"$18,815",0.9
AG11,53,H,04,13,I,0110,1,GM-13,G,XXXX,5,10,F,1,199809,1,"$72,679",31.5
AG11,08,E,17,13,C,0110,1,GS-13,E,XXXX,8,10,F,1,199809,1,"$56,837",4.1
AG11,55,G,11,12,G,0110,1,GS-12,E,XXXX,8,10,F,1,199809,1,"$52,423",24.3
AG11,35,H,21,13,G,0110,1,GM-13,F,XXXX,4,10,F,1,199809,1,"$69,984",20.0
AG11,55,C,17,09,C,0110,1,GS-09,C,XXXX,8,15,F,1,199809,1,"$32,961",3.9
AG11,37,F,17,13,D,0110,1,GS-13,F,XXXX,8,10,F,1,199809,1,"$60,504",6.5
AG11,08,G,17,13,G,0110,1,GS-13,G,XXXX,8,10,F,1,199809,1,"$73,565",24.3
AG11,11,G,17,14,G,0110,1,GM-14,G,XXXX,5,10,F,1,199809,1,"$79,371",22.5
AG11,11,H,17,15,H,0110,1,GS-15,I,XXXX,2,10,F,1,199809,1,"$93,360",27.4
AG11,37,E,22,12,D,0110,1,GS-12,E,XXXX,8,42,F,2,199809,1,"$50,881",5.4
AG11,37,J,21,11,H,0110,1,GS-11,D,XXXX,8,10,F,1,199809,1,"$48,882",26.3
AG11,29,I,21,12,D,0110,1,GS-12,E,XXXX,8,10,F,1,199809,1,"$53,966",7.2
AG11,30,H,21,13,H,0110,1,GS-13,F,XXXX,8,10,F,1,199809,1,"$64,170",26.3
AG11,53,E,21,12,B,0110,1,GS-12,D,XXXX,8,42,F,2,199809,1,"$46,254",1.8
AG11,30,F,17,12,F,0110,1,GS-12,D,XXXX,8,10,F,1,199809,1,"$49,339",15.5
AG11,30,E,17,11,B,0110,1,GS-11,C,XXXX,8,20,P,2,199809,1,"$38,593",2.3
AG11,02,E,17,13,D,0110,1,GS-13,E,XXXX,8,10,F,1,199809,1,"$57,393",9.6
AG11,53,H,21,12,G,0110,1,GS-12,E,XXXX,8,10,F,1,199809,1,"$56,519",23.0
AG11,41,G,21,12,G,0110,1,GS-12,F,XXXX,8,10,F,1,199809,1,"$61,133",20.1
AG11,41,E,13,11,E,0110,1,GS-11,D,XXXX,8,15,F,1,199809,1,"$42,452",11.5
AG11,06,H,18,12,I,0110,1,GS-12,F,XXXX,8,10,F,1,199809,1,"$62,924",30.9
AG11,49,H,18,13,F,0110,1,GM-13,F,XXXX,4,10,F,1,199809,1,"$68,149",19.2
AG11,49,I,14,14,J,0110,1,GS-14,H,XXXX,2,10,F,1,199809,1,"$82,329",36.4
AG11,41,G,01,09,H,0110,1,GS-09,C,XXXX,8,10,F,1,199809,1,"$39,996",28.9
AG11,37,F,14,12,E,0110,1,GS-12,E,XXXX,8,10,F,1,199809,1,"$52,423",11.8
AG11,11,F,14,13,F,0110,1,GM-13,F,XXXX,5,10,F,1,199809,1,"$68,097",18.3
AG11,30,I,18,12,I,0110,1,GS-12,E,XXXX,8,10,F,1,199809,1,"$53,966",30.4
AG11,06,H,20,13,F,0110,1,GS-13,G,XXXX,8,10,F,1,199809,1,"$70,983",18.7
AG15,11,D,13,13,D,0110,1,GS-13,E,XXXX,8,10,F,1,199809,1,"$57,835",6.0
AG16,33,H,13,12,H,0110,1,GS-12,F,XXXX,8,10,F,1,199809,1,"$61,954",26.4
AG16,36,F,17,12,F,0110,1,GS-12,E,XXXX,8,10,F,1,199809,1,"$53,966",15.9
AG16,55,F,17,14,F,0110,1,GS-14,F,XXXX,8,10,F,1,199809,1,"$67,164",17.0
AG16,50,E,17,12,D,0110,1,GS-12,D,XXXX,8,10,F,1,199809,1,"$47,796",6.2
AG16,54,I,17,14,H,0110,1,GS-14,G,XXXX,8,10,F,1,199809,1,"$71,497",25.3
AG16,06,H,21,12,D,0110,1,GS-12,E,XXXX,8,10,F,1,199809,1,"$55,102",7.0
AG16,10,G,17,12,G,0110,1,GS-12,E,XXXX,8,10,F,1,199809,1,"$57,050",20.8
AG16,11,G,21,14,E,0110,1,GS-14,G,XXXX,8,10,F,1,199809,1,"$77,160",12.5
AG16,54,E,17,12,D,0110,1,GS-12,D,XXXX,8,10,F,1,199809,1,"$47,796",7.5
AG16,24,C,13,12,D,0110,1,GS-12,D,XXXX,8,10,F,1,199809,1,"$48,635",6.3
AG16,45,G,17,12,G,0110,1,GS-12,E,XXXX,8,10,F,1,199809,1,"$58,592",24.3
AG16,21,H,13,13,G,0110,1,GS-13,F,XXXX,8,10,F,1,199809,1,"$60,504",23.7
AG16,51,E,13,12,E,0110,1,GS-12,D,XXXX,8,10,F,1,199809,1,"$49,666",10.7
AG16,27,C,13,11,D,0110,1,GS-11,D,XXXX,8,10,F,1,199809,1,"$40,598",5.7
AG16,04,G,17,12,F,0110,1,GS-12,E,XXXX,8,10,F,1,199809,1,"$53,966",19.8
AG16,01,G,17,12,G,0110,1,GS-12,E,XXXX,8,10,F,1,199809,1,"$58,592",24.4
AG16,42,G,17,12,E,0110,1,GS-12,D,XXXX,8,10,F,1,199809,1,"$47,796",10.1
AG16,11,I,17,15,H,0110,1,GS-15,I,XXXX,8,10,F,1,199809,1,"$95,954",29.6
AG16,55,G,13,12,G,0110,1,GS-12,E,XXXX,8,10,F,1,199809,1,"$57,050",20.0
AG16,27,H,13,13,I,0110,1,GS-13,F,XXXX,2,10,F,1,199809,1,"$67,193",30.3
AG16,47,C,13,12,D,0110,1,GS-12,D,XXXX,8,10,F,1,199809,1,"$49,339",7.9
AG16,47,H,13,13,I,0110,1,GM-13,F,XXXX,*,10,F,1,199809,1,"$67,842",30.3
AG16,01,B,09,03,A,0119,3,GS-03,A,XXXX,8,42,P,2,199809,1,"$16,761",0.9
AG16,51,F,17,12,F,0110,1,GS-12,F,XXXX,8,10,F,1,199809,1,"$60,534",17.6
AG16,01,I,18,12,I,0110,1,GS-12,F,XXXX,8,10,F,1,199809,1,"$60,135",34.1
AG16,13,E,17,12,D,0110,1,GS-12,D,XXXX,8,10,F,1,199809,1,"$49,339",9.3
AG16,28,C,11,07,C,0110,1,GS-07,C,XXXX,8,10,F,1,199809,1,"$33,893",4.3
AG16,28,C,13,09,C,0110,1,GS-09,C,XXXX,8,15,F,1,199809,1,"$31,897",3.9
AG16,28,F,17,12,E,0110,1,GS-12,E,XXXX,8,10,F,1,199809,1,"$53,966",14.0
AG16,21,F,17,12,E,0110,1,GS-12,E,XXXX,8,10,F,1,199809,1,"$53,966",11.5
AG16,28,H,13,12,I,0110,1,GS-12,F,XXXX,8,10,F,1,199809,1,"$60,135",31.7
AG16,17,D,13,12,E,0110,1,GS-12,E,XXXX,8,10,F,1,199809,1,"$51,021",11.9
AG16,12,H,08,12,I,0110,1,GS-12,E,XXXX,8,10,F,1,199809,1,"$53,966",33.9
AG16,11,E,17,14,F,0110,1,GS-14,G,XXXX,8,10,F,1,199809,1,"$74,956",16.2
AG16,22,H,17,12,H,0110,1,GS-12,E,XXXX,8,10,F,1,199809,1,"$57,050",26.2
AG16,22,D,17,12,D,0110,1,GS-12,E,XXXX,8,10,F,1,199809,1,"$50,881",8.8
AG16,40,I,18,13,I,0110,1,GM-13,G,XXXX,5,10,F,1,199809,1,"$71,503",34.2
AG16,40,D,13,12,E,0110,1,GS-12,D,XXXX,8,10,F,1,199809,1,"$49,339",10.7
AG16,28,B,09,05,B,0110,1,GS-05,B,XXXX,8,15,F,1,199809,1,"$21,753",2.5
AG16,48,H,17,13,I,0110,1,GS-13,F,XXXX,8,10,F,1,199809,1,"$66,930",30.5
AG16,05,K,21,12,I,0110,1,GS-12,F,XXXX,8,10,F,1,199809,1,"$60,135",31.8
AG16,18,F,13,12,G,0110,1,GS-12,E,XXXX,8,10,F,1,199809,1,"$52,528",22.6
AG16,48,H,14,12,I,0110,1,GS-12,F,XXXX,8,10,F,1,199809,1,"$60,135",33.3
AG16,48,F,17,12,G,0110,1,GS-12,F,XXXX,8,10,F,1,199809,1,"$60,135",22.0
AG16,48,F,17,14,F,0110,1,GS-14,F,XXXX,8,10,F,1,199809,1,"$67,164",17.2
AG16,38,E,13,12,E,0110,1,GS-12,E,XXXX,8,10,F,1,199809,1,"$50,881",14.3
AG16,16,G,13,12,F,0110,1,GS-12,E,XXXX,8,10,F,1,199809,1,"$55,508",16.8
AG16,39,E,13,12,E,0110,1,GS-12,E,XXXX,8,10,F,1,199809,1,"$50,031",10.9
AG16,11,G,21,14,E,0110,1,GS-14,G,XXXX,8,10,F,1,199809,1,"$77,160",14.0
AG16,11,H,21,15,H,0110,1,GS-15,I,XXXX,8,10,F,1,199809,1,"$95,954",27.4
AG16,19,H,13,12,I,0110,1,GS-12,F,XXXX,8,10,F,1,199809,1,"$60,135",30.6
AG16,08,I,17,12,I,0110,1,GS-12,F,XXXX,8,10,F,1,199809,1,"$61,869",31.4
AG16,11,G,17,15,G,0110,1,GS-15,I,XXXX,8,10,F,1,199809,1,"$93,360",24.0
AG16,48,H,21,14,H,0110,1,GM-14,H,XXXX,5,10,F,1,199809,1,"$84,495",27.8
AG16,46,E,13,11,E,0110,1,GS-11,C,XXXX,8,10,F,1,199809,1,"$39,879",10.1
AG16,31,J,14,12,F,0110,1,GS-12,E,XXXX,8,10,F,1,199809,1,"$53,966",16.3
AG16,11,I,13,14,H,0110,1,GS-14,H,XXXX,8,10,F,1,199809,1,"$83,774",29.9
AG16,29,H,14,12,H,0110,1,GS-12,F,XXXX,8,10,F,1,199809,1,"$60,135",29.8
AG16,30,G,17,12,H,0110,1,GS-12,F,XXXX,8,10,F,1,199809,1,"$60,135",26.3
AG16,38,D,21,12,D,0110,1,GS-12,D,XXXX,8,10,F,1,199809,1,"$49,339",5.2
AG16,48,F,21,14,E,0110,1,GS-14,G,XXXX,8,10,F,1,199809,1,"$71,497",10.8
AG16,41,E,17,12,E,0110,1,GS-12,E,XXXX,8,10,F,1,199809,1,"$54,861",10.5
AG16,20,J,17,12,I,0110,1,GS-12,F,XXXX,8,10,F,1,199809,1,"$60,135",31.8
AG16,11,I,21,15,H,0110,1,GS-15,J,XXXX,8,10,F,1,199809,1,"$101,142",28.7
AG16,49,I,14,12,H,0110,1,GS-12,F,XXXX,8,10,F,1,199809,1,"$60,135",29.1
AG16,56,H,13,11,E,0110,1,GS-11,C,XXXX,8,10,F,1,199809,1,"$39,879",13.7
AG16,15,F,13,12,F,0110,1,GS-12,D,XXXX,8,10,P,2,199809,1,"$48,265",18.0
AG16,11,G,21,14,D,0110,1,GS-14,G,XXXX,8,10,F,1,199809,1,"$72,752",8.8
AG18,11,J,17,12,G,0110,1,GS-12,E,XXXX,8,10,F,1,199809,1,"$59,621",20.1
AG18,11,F,17,14,F,0110,1,GM-14,H,XXXX,5,10,F,1,199809,1,"$80,472",18.1
AG18,11,C,18,12,A,0110,1,GS-12,E,XXXX,8,15,F,1,199809,1,"$53,343",0.3
AG18,11,F,17,13,F,0110,1,GM-13,F,XXXX,5,10,F,1,199809,1,"$68,097",18.6
AG18,11,I,21,15,G,0110,1,GS-15,I,XXXX,2,10,F,1,199809,1,"$95,954",20.3
AG18,11,E,14,13,D,0110,1,GS-13,E,XXXX,8,10,F,1,199809,1,"$59,700",6.2
AG18,11,H,21,13,G,0110,1,GM-13,G,XXXX,5,10,F,1,199809,1,"$71,841",22.8
AG18,11,F,21,13,D,0110,1,GS-13,F,XXXX,8,10,F,1,199809,1,"$63,431",9.0
AG18,11,D,17,09,A,0110,1,GS-09,C,XXXX,8,42,F,2,199809,1,"$32,457",0.3
AG18,11,F,21,13,E,0110,1,GM-13,F,XXXX,5,10,F,1,199809,1,"$63,431",10.1
AG18,11,F,17,13,F,0110,1,GM-13,F,XXXX,5,10,F,1,199809,1,"$68,097",17.7
AG18,11,F,17,12,E,0110,1,GS-12,E,XXXX,8,10,F,1,199809,1,"$56,482",14.0
AG18,11,D,17,13,B,0110,1,GS-13,E,XXXX,8,20,F,2,199809,1,"$55,969",1.5
AG18,11,D,17,12,D,0110,1,GS-12,E,XXXX,8,10,F,1,199809,1,"$50,205",6.5
AG18,11,H,21,15,D,0110,1,GS-15,H,XXXX,2,10,F,1,199809,1,"$85,579",7.6
AG18,11,H,21,13,E,0110,1,GS-13,F,XXXX,8,10,F,1,199809,1,"$63,431",10.3
AG18,11,D,21,12,A,0110,1,GS-12,F,XXXX,8,20,F,2,199809,1,"$61,190",0.1
AG18,11,H,21,12,F,0110,1,GS-12,F,XXXX,8,10,F,1,199809,1,"$61,190",18.0
AG18,11,E,17,13,D,0110,1,GS-13,E,XXXX,8,10,F,1,199809,1,"$59,700",8.7
AG18,11,H,17,13,F,0110,1,GS-13,F,XXXX,8,10,F,1,199809,1,"$67,162",18.5
AG18,11,F,17,12,E,0110,1,GS-12,E,XXXX,8,10,F,1,199809,1,"$53,343",13.8
AG18,11,E,17,13,E,0110,1,GM-13,F,XXXX,5,10,F,1,199809,1,"$67,167",14.6
AG18,11,I,21,13,G,0110,1,GS-13,G,XXXX,8,10,F,1,199809,1,"$72,758",23.8
AG18,11,G,17,15,G,0110,1,GM-15,I,XXXX,5,10,F,1,199809,1,"$92,322",23.1
AG18,11,H,21,15,H,0110,1,GS-15,J,XXXX,8,10,F,1,199809,1,"$101,142",27.4
AG18,11,G,17,13,G,0110,1,GS-13,F,XXXX,8,10,F,1,199809,1,"$67,162",22.2
AG18,11,I,17,14,I,0110,1,GM-14,H,XXXX,5,10,F,1,199809,1,"$85,978",31.9
AG18,11,F,17,14,F,0110,1,GS-14,G,XXXX,8,10,F,1,199809,1,"$72,752",18.0
AG18,11,F,17,13,E,0110,1,GS-13,F,XXXX,8,10,F,1,199809,1,"$61,565",13.0
AG18,11,G,18,15,G,0110,1,GM-15,I,XXXX,2,10,F,1,199809,1,"$93,368",21.2
AG18,11,G,17,13,F,0110,1,GM-13,F,XXXX,5,10,F,1,199809,1,"$66,232",15.1
AG18,11,G,17,13,F,0110,1,GS-13,F,XXXX,8,10,F,1,199809,1,"$69,027",19.4
AG18,11,E,21,12,A,0110,1,GS-12,D,XXXX,8,20,F,2,199809,1,"$47,066",0.0
AG18,11,F,13,13,F,0110,1,GM-13,F,XXXX,5,10,F,1,199809,1,"$65,296",18.7
AG18,11,H,21,14,G,0110,1,GM-14,H,XXXX,5,10,F,1,199809,1,"$80,776",21.6
AG18,11,J,21,15,H,0110,1,GS-15,J,XXXX,8,10,F,1,199809,1,"$101,142",29.9
AG18,11,G,17,14,G,0110,1,GS-14,G,XXXX,8,10,F,1,199809,1,"$72,752",20.7
AG18,11,G,21,15,E,0110,1,GS-15,H,XXXX,2,10,F,1,199809,1,"$85,579",13.3
AG18,11,H,21,15,E,0110,1,GM-15,I,XXXX,5,10,F,1,199809,1,"$95,025",14.9
AG18,11,C,09,07,A,0110,1,GS-07,B,XXXX,8,42,F,2,199809,1,"$26,532",0.3
AG18,11,H,21,,G,0110,1,ES-01,J,XXXX,2,50,F,1,199809,1,"$106,412",21.1
AG18,11,I,21,13,H,0110,1,GM-13,G,XXXX,5,10,F,1,199809,1,"$72,758",25.8
AG18,11,G,21,15,D,0110,1,GS-15,I,XXXX,8,10,F,1,199809,1,"$90,767",9.2
AG18,11,F,21,14,E,0110,1,GM-14,G,XXXX,5,10,F,1,199809,1,"$76,056",14.8
AG18,11,H,18,15,I,0110,1,GS-15,I,XXXX,2,10,F,1,199809,1,"$90,767",33.2
AG18,11,G,13,13,G,0110,1,GS-13,F,XXXX,8,10,F,1,199809,1,"$61,565",20.9
AG18,11,A,09,04,A,0119,3,GS-04,A,XXXX,8,42,F,2,199809,1,"$19,146",0.3
AG18,11,F,21,13,D,0110,1,GS-13,F,XXXX,8,10,F,1,199809,1,"$61,565",6.0
AG18,11,G,17,13,F,0110,1,GM-13,F,XXXX,5,10,F,1,199809,1,"$68,097",18.7
AG18,11,G,17,13,F,0110,1,GM-13,F,XXXX,5,10,F,1,199809,1,"$68,097",18.8
AG18,11,D,13,12,D,0110,1,GS-12,E,XXXX,8,10,F,1,199809,1,"$51,774",8.2
AG18,11,E,17,15,E,0110,1,GS-15,H,XXXX,8,10,F,1,199809,1,"$85,579",13.0
AG18,11,C,17,09,A,0110,1,GS-09,C,XXXX,8,30,F,1,199809,1,"$32,457",0.2
AG18,11,H,13,15,H,0110,1,GM-15,J,XXXX,5,10,F,1,199809,1,"$101,142",28.3
AG18,11,G,17,15,E,0110,1,GS-15,H,XXXX,2,10,F,1,199809,1,"$85,579",14.7
AG18,11,D,21,12,A,0110,1,GS-12,E,XXXX,8,20,F,2,199809,1,"$53,343",0.2
AG18,11,H,21,14,G,0110,1,GS-14,H,XXXX,8,10,F,1,199809,1,"$83,774",24.0
AG18,11,G,13,13,G,0110,1,GS-13,G,XXXX,8,10,P,2,199809,1,"$72,758",23.6
AG18,11,B,14,07,A,0110,1,GS-07,B,XXXX,8,42,F,2,199809,1,"$26,532",0.3
AG18,11,I,20,14,H,0110,1,GM-14,H,XXXX,5,10,F,1,199809,1,"$80,430",28.9
AG18,11,F,12,14,F,0110,1,GM-14,G,XXXX,5,10,F,1,199809,1,"$78,380",18.3
AG18,11,H,17,11,G,0110,1,GS-11,D,XXXX,8,10,F,1,199809,1,"$49,740",20.8
AG18,11,G,17,14,G,0110,1,GM-14,H,XXXX,5,10,F,1,199809,1,"$85,219",21.5
AG18,11,E,21,13,C,0110,1,GS-13,F,XXXX,8,15,F,1,199809,1,"$61,565",4.4
AG18,11,G,21,13,E,0110,1,GM-13,F,XXXX,5,10,F,1,199809,1,"$66,232",10.3
AG18,11,F,21,13,F,0110,1,GM-13,F,XXXX,5,10,F,1,199809,1,"$63,431",15.6
AG18,11,C,13,11,D,0110,1,GS-11,D,XXXX,8,10,F,1,199809,1,"$41,888",6.0
AG18,11,E,13,13,F,0110,1,GM-13,F,XXXX,5,10,P,2,199809,1,"$63,431",15.2
AG18,11,J,18,14,J,0110,1,GM-14,H,XXXX,5,10,F,1,199809,1,"$85,978",36.3
AG18,11,F,17,13,F,0110,1,GM-13,F,XXXX,5,10,F,1,199809,1,"$69,968",16.0
AG18,11,I,21,14,H,0110,1,GS-14,G,XXXX,8,10,F,1,199809,1,"$77,160",26.8
AG18,11,C,17,09,A,0110,1,GS-09,C,XXXX,8,38,F,1,199809,1,"$32,457",0.3
AG18,11,F,21,13,E,0110,1,GM-13,F,XXXX,5,10,P,2,199809,1,"$63,431",12.3
AG18,11,I,18,13,J,0110,1,GM-13,G,XXXX,5,10,F,1,199809,1,"$72,758",36.1
AG18,11,H,17,15,G,0110,1,GM-15,I,XXXX,5,10,F,1,199809,1,"$95,477",23.6
AG18,11,F,17,13,G,0110,1,GM-13,F,XXXX,5,10,P,2,199809,1,"$68,103",21.6
AG18,11,G,17,13,G,0110,1,GM-13,F,XXXX,5,10,F,1,199809,1,"$67,167",24.1
AG18,11,G,21,,F,0110,1,ES-04,L,XXXX,2,50,F,1,199809,1,"$122,824",16.5
AG18,11,G,21,13,G,0110,1,GM-13,F,XXXX,5,10,F,1,199809,1,"$69,345",20.8
AG18,11,F,13,13,F,0110,1,GS-13,F,XXXX,8,10,P,2,199809,1,"$63,431",17.8
AG18,11,E,14,13,E,0110,1,GS-13,F,XXXX,8,10,F,1,199809,1,"$61,565",13.5
AG18,VE,E,17,13,D,0110,1,GM-13,E,XXXX,5,10,F,1,199809,1,"$59,132",7.8
AG18,11,G,21,14,D,0110,1,GS-14,G,XXXX,8,10,F,1,199809,1,"$72,752",9.2
AG18,11,G,21,13,E,0110,1,GM-13,F,XXXX,5,10,F,1,199809,1,"$67,167",12.3
AG18,11,F,21,,D,0110,1,ES-06,L,XXXX,2,50,F,1,199809,1,"$125,900",8.7
AG18,11,F,17,14,E,0110,1,GM-14,G,XXXX,5,10,F,1,199809,1,"$77,160",14.8
AG18,11,F,17,13,F,0110,1,GM-13,F,XXXX,5,10,F,1,199809,1,"$67,167",18.3
AG18,11,G,18,13,G,0110,1,GM-13,F,XXXX,5,10,F,1,199809,1,"$66,232",21.3
AG18,11,I,21,13,D,0110,1,GM-13,F,XXXX,5,10,F,1,199809,1,"$63,431",7.3
AG18,11,F,21,13,F,0110,1,GM-13,F,XXXX,5,10,F,1,199809,1,"$66,232",15.0
AG18,11,F,21,14,F,0110,1,GM-14,H,XXXX,5,10,F,1,199809,1,"$80,650",19.1
AG18,11,F,17,14,F,0110,1,GM-14,G,XXXX,5,10,F,1,199809,1,"$77,273",18.4
AG18,11,F,17,13,F,0110,1,GS-13,F,XXXX,8,10,F,1,199809,1,"$67,162",18.6
AG18,11,I,21,15,F,0110,1,GS-15,I,XXXX,2,10,F,1,199809,1,"$95,954",18.8
AG18,11,C,13,12,D,0110,1,GS-12,E,XXXX,8,10,F,1,199809,1,"$50,205",7.5
AG18,11,B,14,07,B,0110,1,GS-07,B,XXXX,8,42,I,2,199809,1,"$26,532",1.1
AG18,11,E,21,13,D,0110,1,GM-13,F,XXXX,5,10,F,1,199809,1,"$65,296",8.6
AG18,11,H,14,,I,0110,1,ES-04,L,XXXX,2,50,F,1,199809,1,"$122,824",33.0
AG18,11,G,21,15,H,0110,1,GS-15,H,XXXX,2,10,F,1,199809,1,"$85,579",27.3
AG18,11,F,17,13,G,0110,1,GM-13,F,XXXX,5,10,F,1,199809,1,"$68,103",21.4
AG18,11,F,13,11,E,0110,1,GS-11,D,XXXX,8,10,F,1,199809,1,"$44,505",11.6
AG18,11,I,17,15,I,0110,1,GM-15,I,XXXX,5,10,F,1,199809,1,"$98,928",32.1
AG18,11,F,17,14,F,0110,1,GM-14,G,XXXX,5,10,F,1,199809,1,"$76,056",15.5
AG18,11,F,21,13,D,0110,1,GS-13,F,XXXX,8,10,P,2,199809,1,"$61,565",5.9
AG18,11,G,21,,G,0110,1,ES-03,K,XXXX,2,50,F,1,199809,1,"$116,495",20.6
AG18,11,E,21,14,D,0110,1,GS-14,F,XXXX,8,10,F,1,199809,1,"$68,343",9.9
AG18,11,I,13,13,I,0110,1,GM-13,F,XXXX,5,10,F,1,199809,1,"$67,167",31.2
AG18,11,E,17,13,E,0110,1,GM-13,F,XXXX,5,10,F,1,199809,1,"$68,097",14.8
AG18,11,F,17,15,F,0110,1,GM-15,I,XXXX,5,10,F,1,199809,1,"$92,174",18.2
AG18,11,H,13,11,I,0110,1,GS-11,D,XXXX,8,10,F,1,199809,1,"$47,123",33.3
AG18,11,G,21,13,D,0110,1,GS-13,F,XXXX,8,10,F,1,199809,1,"$69,027",7.3
AG18,11,G,21,13,F,0110,1,GM-13,F,XXXX,5,10,F,1,199809,1,"$69,038",15.3
AG18,11,G,21,15,F,0110,1,GS-15,H,XXXX,8,10,F,1,199809,1,"$88,173",19.2
AG18,11,I,21,13,D,0110,1,GM-13,F,XXXX,5,10,F,1,199809,1,"$68,097",7.3
AG18,11,D,21,12,B,0110,1,GS-12,D,XXXX,8,20,F,2,199809,1,"$48,635",1.3
AG18,11,I,21,14,H,0110,1,GM-14,H,XXXX,5,10,F,1,199809,1,"$85,978",28.7
AG18,11,F,21,13,E,0110,1,GS-13,F,XXXX,8,10,F,1,199809,1,"$67,162",11.3
AG18,11,F,21,13,E,0110,1,GM-13,F,XXXX,5,10,F,1,199809,1,"$65,296",10.3
AG18,11,J,21,,F,0110,1,ES-05,L,XXXX,2,50,F,1,199809,1,"$125,900",18.6
AG18,11,E,21,13,D,0110,1,GM-13,F,XXXX,5,10,F,1,199809,1,"$65,296",7.8
AG18,11,E,22,14,B,0110,1,GS-14,G,XXXX,8,15,F,1,199809,1,"$72,752",1.7
AG18,11,H,17,14,G,0110,1,GM-14,H,XXXX,5,10,F,1,199809,1,"$80,472",24.9
AG18,11,F,17,12,D,0110,1,GS-12,E,XXXX,8,10,F,1,199809,1,"$50,205",7.2
AG18,RS,G,18,13,F,0110,1,GM-13,F,XXXX,5,10,F,1,199809,1,"$62,615",16.0
AG18,11,F,17,15,G,0110,1,GM-15,H,XXXX,2,10,F,1,199809,1,"$88,408",20.3
AG18,11,G,21,13,D,0110,1,GM-13,F,XXXX,5,10,F,1,199809,1,"$65,296",9.3
AG18,11,G,18,14,G,0110,1,GS-14,G,XXXX,8,10,F,1,199809,1,"$74,956",21.8
AG18,11,K,22,15,J,0110,1,GM-15,J,XXXX,5,10,F,1,199809,1,"$101,142",53.2
AG18,11,I,21,14,F,0110,1,GS-14,H,XXXX,8,10,F,1,199809,1,"$81,569",19.1
AG18,CA,F,17,13,F,0110,1,GM-13,F,XXXX,5,10,F,1,199809,1,"$61,743",16.6
AG18,11,I,21,13,H,0110,1,GM-13,G,XXXX,5,10,F,1,199809,1,"$72,758",29.6
AG18,11,C,13,09,A,0110,1,GS-09,C,XXXX,8,42,F,2,199809,1,"$32,457",0.3
AG18,11,F,21,13,E,0110,1,GM-13,F,XXXX,5,10,F,1,199809,1,"$68,097",11.9
AG18,11,E,17,14,F,0110,1,GM-14,H,XXXX,5,42,F,2,199809,1,"$80,430",15.8
AG18,11,I,21,15,H,0110,1,GM-15,I,XXXX,4,10,F,1,199809,1,"$98,621",28.8
AG18,11,F,21,13,D,0110,1,GS-13,F,XXXX,8,10,F,1,199809,1,"$61,565",9.0
AG18,11,D,17,12,D,0110,1,GS-12,E,XXXX,8,10,F,1,199809,1,"$51,774",7.7
AG18,11,F,21,15,C,0110,1,GS-15,H,XXXX,2,15,F,1,199809,1,"$80,391",4.4
AG18,11,C,21,12,B,0110,1,GS-12,D,XXXX,8,20,F,2,199809,1,"$48,635",1.1
AG18,11,C,17,11,B,0110,1,GS-11,D,XXXX,8,15,F,1,199809,1,"$40,579",2.2
AG18,11,E,21,12,A,0110,1,GS-12,E,XXXX,8,20,F,2,199809,1,"$53,343",0.9
AG18,11,G,21,13,F,0110,1,GM-13,F,XXXX,5,10,F,1,199809,1,"$68,721",19.1
AG18,11,G,14,12,E,0110,1,GS-12,E,XXXX,8,10,F,1,199809,1,"$51,774",13.0
AG18,11,H,21,14,F,0110,1,GM-14,G,XXXX,5,10,F,1,199809,1,"$79,431",19.1
AG18,11,I,21,13,D,0110,1,GM-13,F,XXXX,5,10,F,1,199809,1,"$69,033",8.0
AG18,11,E,21,13,D,0110,1,GM-13,F,XXXX,5,10,F,1,199809,1,"$65,296",9.8
AG18,11,F,21,14,D,0110,1,GM-14,G,XXXX,5,10,F,1,199809,1,"$72,752",5.0
AG18,11,G,21,14,E,0110,1,GM-14,G,XXXX,5,10,F,1,199809,1,"$74,956",11.3
AG18,11,G,21,13,E,0110,1,GS-13,F,XXXX,8,10,F,1,199809,1,"$63,431",10.7
AG18,11,H,21,13,F,0110,1,GM-13,G,XXXX,5,10,F,1,199809,1,"$70,635",18.2
AG18,11,I,21,13,H,0110,1,GM-13,G,XXXX,5,10,F,1,199809,1,"$72,758",28.3
AG18,11,E,21,13,D,0110,1,GM-13,F,XXXX,5,10,F,1,199809,1,"$65,296",9.2
AG18,11,G,17,13,D,0110,1,GS-13,F,XXXX,8,10,F,1,199809,1,"$61,565",9.3
AG18,11,H,21,15,H,0110,1,GM-15,I,XXXX,5,10,F,1,199809,1,"$97,564",28.5
AG18,11,G,21,13,F,0110,1,GM-13,F,XXXX,5,10,F,1,199809,1,"$69,345",18.9
AG18,11,J,21,13,E,0110,1,GM-13,F,XXXX,5,10,F,1,199809,1,"$66,232",13.7
AG18,11,H,21,13,G,0110,1,GM-13,F,XXXX,5,10,F,1,199809,1,"$69,038",20.2
AG18,11,J,21,15,G,0110,1,GM-15,J,XXXX,5,10,F,1,199809,1,"$101,142",23.0
AG18,11,G,21,15,E,0110,1,GS-15,H,XXXX,8,10,F,1,199809,1,"$85,579",14.3
AG18,11,I,21,14,H,0110,1,GM-14,H,XXXX,5,10,F,1,199809,1,"$85,978",27.6
AG18,11,I,18,15,G,0110,1,GM-15,I,XXXX,2,10,F,1,199809,1,"$94,685",23.1
AG18,11,I,21,14,I,0110,1,GM-14,H,XXXX,5,10,F,1,199809,1,"$85,978",33.1
AG18,11,H,18,14,G,0110,1,GM-14,G,XXXX,5,10,F,1,199809,1,"$79,505",21.3
AG18,11,F,17,14,F,0110,1,GS-14,G,XXXX,8,10,P,2,199809,1,"$74,956",18.3
AG18,11,I,17,13,F,0110,1,GM-13,F,XXXX,5,10,F,1,199809,1,"$66,232",19.3
AG18,11,D,21,13,B,0110,1,GS-13,E,XXXX,8,15,F,1,199809,1,"$59,700",2.0
AG18,11,I,21,14,G,0110,1,GM-14,G,XXXX,5,10,F,1,199809,1,"$78,467",23.5
AG18,11,H,17,13,G,0110,1,GM-13,F,XXXX,5,10,F,1,199809,1,"$67,167",21.2
AG18,11,F,17,13,E,0110,1,GM-13,F,XXXX,5,10,F,1,199809,1,"$63,431",11.1
AG18,11,H,21,14,H,0110,1,GM-14,G,XXXX,5,10,F,1,199809,1,"$79,499",25.8
AG18,11,F,17,14,E,0110,1,GS-14,G,XXXX,8,10,F,1,199809,1,"$74,956",13.8
AG18,11,E,21,15,E,0110,1,GS-15,H,XXXX,2,10,F,1,199809,1,"$85,579",11.3
AG18,11,F,17,13,E,0110,1,GM-13,F,XXXX,5,10,F,1,199809,1,"$66,232",11.8
AG18,11,G,21,15,F,0110,1,GS-15,I,XXXX,8,10,F,1,199809,1,"$95,954",17.7
AG18,11,J,18,12,I,0110,1,GS-12,F,XXXX,8,10,F,1,199809,1,"$61,190",34.8
AG18,11,I,21,14,H,0110,1,GM-14,H,XXXX,5,10,F,1,199809,1,"$85,978",28.3
AG18,11,I,21,14,H,0110,1,GS-14,H,XXXX,8,10,F,1,199809,1,"$85,978",29.3
AG18,11,G,21,13,E,0110,1,GM-13,F,XXXX,5,10,F,1,199809,1,"$67,167",12.5
AG18,11,I,21,13,E,0110,1,GM-13,F,XXXX,5,10,F,1,199809,1,"$67,167",11.2
AG18,11,G,21,14,F,0110,1,GM-14,H,XXXX,5,10,F,1,199809,1,"$81,400",19.0
AG18,11,E,17,14,E,0110,1,GS-14,G,XXXX,8,10,F,1,199809,1,"$74,956",13.3
AG18,11,D,21,12,B,0110,1,GS-12,E,XXXX,8,20,F,2,199809,1,"$53,343",1.1
AG18,11,E,21,13,B,0110,1,GS-13,E,XXXX,8,15,F,1,199809,1,"$59,700",2.0
AG18,11,F,18,14,G,0110,1,GM-14,G,XXXX,5,10,F,1,199809,1,"$75,831",23.1
AG18,11,F,21,14,E,0110,1,GM-14,G,XXXX,5,10,F,1,199809,1,"$76,056",10.3
AG18,11,H,17,13,E,0110,1,GM-13,F,XXXX,5,10,F,1,199809,1,"$68,103",14.5
AG18,11,H,21,14,G,0110,1,GM-14,H,XXXX,5,10,F,1,199809,1,"$80,993",24.4
AG18,11,F,21,13,D,0110,1,GM-13,F,XXXX,5,10,F,1,199809,1,"$63,431",6.2
AG18,11,G,21,15,G,0110,1,GM-15,I,XXXX,2,10,F,1,199809,1,"$99,151",22.0
AG18,11,I,21,15,I,0110,1,GM-15,J,XXXX,5,10,F,1,199809,1,"$101,142",33.1
AG18,11,H,21,13,F,0110,1,GS-13,F,XXXX,8,10,F,1,199809,1,"$63,431",18.0
AG18,11,I,21,13,F,0110,1,GS-13,G,XXXX,2,10,F,1,199809,1,"$72,758",19.8
AG18,11,G,18,14,G,0110,1,GS-14,H,XXXX,8,10,F,1,199809,1,"$85,978",24.6
AG18,11,J,18,13,J,0110,1,GS-13,F,XXXX,8,10,F,1,199809,1,"$67,162",35.4
AG18,11,I,18,14,I,0110,1,GM-14,H,XXXX,5,10,F,1,199809,1,"$84,332",31.0
AG18,11,I,18,14,I,0110,1,GM-14,H,XXXX,5,10,F,1,199809,1,"$84,590",30.7
AG18,11,I,21,14,I,0110,1,GM-14,H,XXXX,5,10,F,1,199809,1,"$84,337",33.0
AG18,11,E,21,13,D,0110,1,GS-13,F,XXXX,8,10,F,1,199809,1,"$61,565",5.9
AG18,11,F,17,13,D,0110,1,GM-13,F,XXXX,5,10,F,1,199809,1,"$63,431",9.3
AG18,11,H,21,13,D,0110,1,GM-13,F,XXXX,5,10,F,1,199809,1,"$65,296",9.7
AG18,11,H,20,13,E,0110,1,GM-13,F,XXXX,5,10,F,1,199809,1,"$66,232",11.1
AG18,11,D,17,13,D,0110,1,GM-13,F,XXXX,5,10,F,1,199809,1,"$63,431",9.6
AG18,11,H,18,14,H,0110,1,GS-14,H,XXXX,8,10,F,1,199809,1,"$81,569",27.1
AG18,11,G,18,13,G,0110,1,GM-13,G,XXXX,5,10,F,1,199809,1,"$72,758",20.3
AG18,11,G,21,13,D,0110,1,GM-13,F,XXXX,5,10,F,1,199809,1,"$68,097",5.8
AG18,11,E,21,11,B,0110,1,GS-11,C,XXXX,8,30,F,1,199809,1,"$39,270",1.1
AG18,11,H,18,13,G,0110,1,GS-13,F,XXXX,8,10,F,1,199809,1,"$65,296",23.8
AG18,11,E,21,14,D,0110,1,GS-14,G,XXXX,8,10,F,1,199809,1,"$70,547",5.8
AG18,11,D,17,12,D,0110,1,GS-12,E,XXXX,8,10,F,1,199809,1,"$51,774",8.6
AG18,11,H,21,15,F,0110,1,GM-15,J,XXXX,5,10,F,1,199809,1,"$101,142",18.1
AG18,11,F,21,13,D,0110,1,GS-13,F,XXXX,8,10,F,1,199809,1,"$61,565",7.9
AG18,11,G,17,14,F,0110,1,GM-14,G,XXXX,5,10,F,1,199809,1,"$76,054",18.3
AG18,11,H,21,13,F,0110,1,GM-13,G,XXXX,5,10,F,1,199809,1,"$72,758",16.3
AG18,11,I,21,13,H,0110,1,GM-13,G,XXXX,5,10,F,1,199809,1,"$72,758",26.9
AG18,11,I,18,12,G,0110,1,GS-12,F,XXXX,8,10,F,1,199809,1,"$61,190",22.2
AG18,11,F,21,14,D,0110,1,GS-14,G,XXXX,8,10,F,1,199809,1,"$70,547",8.1
AG18,11,G,21,13,D,0110,1,GM-13,F,XXXX,5,10,F,1,199809,1,"$65,296",8.9
AG18,11,G,21,14,D,0110,1,GS-14,G,XXXX,8,10,F,1,199809,1,"$79,365",8.6
AG18,11,K,18,13,J,0110,1,GM-13,G,XXXX,5,10,F,1,199809,1,"$72,758",36.9
AG18,11,J,21,14,J,0110,1,GM-14,H,XXXX,5,10,F,1,199809,1,"$85,978",35.8
AG18,11,I,18,14,H,0110,1,GM-14,H,XXXX,5,10,F,1,199809,1,"$85,108",27.7
AG18,11,I,21,14,H,0110,1,GS-14,H,XXXX,8,10,F,1,199809,1,"$85,978",28.3
AG18,11,I,21,13,H,0110,1,GM-13,G,XXXX,5,10,F,1,199809,1,"$72,758",29.0
AG18,11,H,21,14,H,0110,1,GM-14,H,XXXX,5,10,F,1,199809,1,"$80,678",29.2
AG18,KE,G,21,14,F,0110,1,GS-14,G,XXXX,8,10,F,1,199809,1,"$73,986",18.1
AG18,11,B,13,07,A,0110,1,GS-07,B,XXXX,8,42,F,2,199809,1,"$26,532",0.3
AG18,11,G,21,14,E,0110,1,GM-14,H,XXXX,5,10,F,1,199809,1,"$80,472",12.8
AG18,11,E,21,13,D,0110,1,GS-13,F,XXXX,8,10,F,1,199809,1,"$61,565",6.0
AG18,11,E,21,13,D,0110,1,GS-13,F,XXXX,8,10,F,1,199809,1,"$61,565",6.4
AG18,11,H,22,14,G,0110,1,GM-14,G,XXXX,5,10,F,1,199809,1,"$79,541",23.8
AG18,11,G,17,14,G,0110,1,GM-14,G,XXXX,5,10,F,1,199809,1,"$78,264",24.3
AG18,SZ,F,18,13,E,0110,1,GS-13,F,XXXX,8,10,F,1,199809,1,"$64,349",14.6
AG18,11,J,21,14,A,0110,1,GS-14,H,XXXX,8,15,F,1,199809,1,"$85,978",0.1
AG18,11,G,21,13,E,0110,1,GM-13,F,XXXX,5,10,F,1,199809,1,"$66,232",13.3
AG18,11,E,17,13,E,0110,1,GM-13,F,XXXX,5,10,F,1,199809,1,"$66,232",13.5
AG18,11,F,21,13,B,0110,1,GS-13,E,XXXX,8,15,F,1,199809,1,"$59,700",2.2
AG18,11,G,17,13,F,0110,1,GM-13,F,XXXX,5,10,F,1,199809,1,"$68,097",15.5
AG18,11,F,21,14,E,0110,1,GM-14,G,XXXX,5,10,F,1,199809,1,"$74,956",13.8
AG18,11,I,21,,I,0110,1,SL-00,K,XXXX,8,10,F,1,199809,1,"$113,526",32.1
AG18,11,H,18,15,G,0110,1,GM-15,I,XXXX,5,10,F,1,199809,1,"$90,814",20.1
AG18,11,D,21,12,A,0110,1,GS-12,E,XXXX,8,20,F,2,199809,1,"$50,205",0.0
AG18,11,H,18,14,H,0110,1,GM-14,H,XXXX,5,10,F,1,199809,1,"$83,552",29.9
AG18,11,I,21,14,I,0110,1,GM-14,H,XXXX,5,10,F,1,199809,1,"$85,978",32.3
AG18,11,H,21,14,I,0110,1,GM-14,H,XXXX,5,10,F,1,199809,1,"$81,077",30.5
AG18,11,E,17,12,D,0110,1,GS-12,D,XXXX,8,20,F,2,199809,1,"$48,635",6.7
AG18,11,D,17,14,D,0110,1,GS-14,F,XXXX,8,10,F,1,199809,1,"$66,138",8.1
AG18,11,J,18,13,G,0110,1,GM-13,F,XXXX,5,10,F,1,199809,1,"$66,232",22.1
AG18,11,F,17,13,F,0110,1,GS-13,F,XXXX,8,10,F,1,199809,1,"$65,296",16.3
AG18,11,I,21,15,H,0110,1,GM-15,I,XXXX,2,10,F,1,199809,1,"$96,977",28.9
AG18,11,I,21,15,D,0110,1,GM-15,I,XXXX,2,15,F,1,199809,1,"$93,360",7.6
AG18,11,G,21,14,F,0110,1,GS-14,G,XXXX,8,10,F,1,199809,1,"$74,956",17.8
AG18,11,J,18,12,J,0110,1,GS-12,F,XXXX,8,10,F,1,199809,1,"$61,190",35.8
AG18,11,H,21,14,G,0110,1,GM-14,H,XXXX,5,10,F,1,199809,1,"$85,666",23.6
AG18,11,F,13,13,F,0110,1,GS-13,F,XXXX,8,10,F,1,199809,1,"$61,565",18.7
AG18,11,J,21,14,I,0110,1,GM-14,H,XXXX,5,10,F,1,199809,1,"$85,978",33.6
AG18,11,H,21,14,E,0110,1,GM-14,G,XXXX,5,10,F,1,199809,1,"$77,160",14.3
AG18,11,I,18,13,I,0110,1,GM-13,G,XXXX,5,10,F,1,199809,1,"$72,758",32.6
AG18,11,G,12,13,F,0110,1,GM-13,F,XXXX,5,10,F,1,199809,1,"$67,162",18.8
AG18,11,F,22,15,E,0110,1,GS-15,H,XXXX,2,10,F,1,199809,1,"$80,391",13.1
AG18,11,F,21,13,D,0110,1,GS-13,F,XXXX,8,10,F,1,199809,1,"$67,162",9.7
AG18,11,I,21,13,H,0110,1,GM-13,G,XXXX,5,10,F,1,199809,1,"$72,758",26.0
AG18,11,I,21,13,H,0110,1,GM-13,G,XXXX,5,10,F,1,199809,1,"$72,758",28.9
AG18,11,D,17,12,B,0110,1,GS-12,D,XXXX,8,20,F,2,199809,1,"$48,635",1.1
AG18,11,F,17,13,F,0110,1,GM-13,F,XXXX,5,10,F,1,199809,1,"$66,232",18.0
AG18,11,G,21,15,E,0110,1,GS-15,H,XXXX,8,10,F,1,199809,1,"$85,579",14.2
AG18,11,F,21,13,A,0110,1,GS-13,F,XXXX,8,20,F,2,199809,1,"$63,431",0.7
AG18,11,I,21,13,F,0110,1,GM-13,G,XXXX,5,10,F,1,199809,1,"$71,301",18.5
AG18,11,I,21,14,D,0110,1,GM-14,G,XXXX,4,10,F,1,199809,1,"$77,809",9.7
AG18,11,G,17,12,G,0110,1,GS-12,F,XXXX,8,10,F,1,199809,1,"$61,190",20.9
AG18,11,D,17,13,D,0110,1,GS-13,E,XXXX,8,10,F,1,199809,1,"$57,835",6.9
AG18,11,I,21,14,G,0110,1,GM-14,G,XXXX,5,10,F,1,199809,1,"$78,264",21.8
AG18,11,F,21,14,D,0110,1,GS-14,G,XXXX,8,10,P,2,199809,1,"$70,547",8.0
AG18,11,G,21,14,D,0110,1,GS-14,G,XXXX,8,10,F,1,199809,1,"$77,160",7.5
AG18,11,F,17,13,D,0110,1,GS-13,F,XXXX,8,10,F,1,199809,1,"$61,565",8.4
AG18,11,H,17,13,D,0110,1,GM-13,F,XXXX,5,10,F,1,199809,1,"$67,167",9.8
AG18,11,G,21,13,E,0110,1,GM-13,F,XXXX,5,10,F,1,199809,1,"$67,167",11.7
AG18,11,G,17,13,F,0110,1,GM-13,F,XXXX,5,10,F,1,199809,1,"$66,232",18.3
AG18,11,D,17,13,D,0110,1,GS-13,F,XXXX,8,10,F,1,199809,1,"$61,565",9.0
AG18,11,E,13,13,D,0110,1,GS-13,F,XXXX,8,10,F,1,199809,1,"$61,565",9.2
AG18,11,J,22,13,G,0110,1,GM-13,G,XXXX,5,10,F,1,199809,1,"$72,758",23.3
AG18,11,G,21,13,F,0110,1,GM-13,F,XXXX,5,10,F,1,199809,1,"$67,167",15.3
AG18,11,H,17,13,I,0110,1,GM-13,G,XXXX,5,10,F,1,199809,1,"$72,165",30.1
AG18,11,H,18,14,H,0110,1,GM-14,G,XXXX,5,10,F,1,199809,1,"$79,365",26.2
AG18,11,F,21,14,D,0110,1,GM-14,G,XXXX,5,10,F,1,199809,1,"$79,555",8.5
AG18,11,G,21,14,E,0110,1,GM-14,G,XXXX,4,10,F,1,199809,1,"$74,956",11.9
AG18,11,D,17,13,D,0110,1,GS-13,E,XXXX,8,10,F,1,199809,1,"$57,835",6.9
AG18,11,G,17,13,G,0110,1,GM-13,F,XXXX,5,10,F,1,199809,1,"$67,167",21.9
AG18,11,E,17,13,D,0110,1,GM-13,F,XXXX,5,10,F,1,199809,1,"$63,431",9.3
AG18,11,G,21,14,F,0110,1,GM-14,G,XXXX,5,10,F,1,199809,1,"$79,482",16.9
AG18,11,G,21,12,F,0110,1,GS-12,E,XXXX,8,10,F,1,199809,1,"$56,482",16.4
AG18,11,E,21,13,A,0110,1,GS-13,E,XXXX,8,20,F,2,199809,1,"$55,969",0.1
AG18,11,G,21,13,D,0110,1,GS-13,F,XXXX,8,10,F,1,199809,1,"$61,565",6.7
AG18,11,I,22,14,F,0110,1,GM-14,H,XXXX,5,10,F,1,199809,1,"$80,392",19.2
AG18,11,D,21,12,A,0110,1,GS-12,D,XXXX,8,20,F,2,199809,1,"$47,066",0.1
AG18,11,I,18,13,I,0110,1,GM-13,G,XXXX,5,10,F,1,199809,1,"$72,758",32.0
AG18,11,G,21,15,E,0110,1,GM-15,I,XXXX,5,10,F,1,199809,1,"$92,716",14.4
AG18,11,E,21,12,D,0110,1,GS-12,E,XXXX,8,20,F,2,199809,1,"$53,343",6.0
AG18,11,I,21,14,G,0110,1,GS-14,H,XXXX,8,10,F,1,199809,1,"$85,978",21.8
AG18,11,H,19,13,F,0110,1,GM-13,F,XXXX,5,10,F,1,199809,1,"$68,097",18.6
AG18,11,H,21,15,H,0110,1,GM-15,I,XXXX,2,10,F,1,199809,1,"$90,747",29.9
AG18,11,H,21,14,E,0110,1,GM-14,G,XXXX,5,10,F,1,199809,1,"$77,045",10.8
AG18,11,E,18,13,D,0110,1,GM-13,F,XXXX,5,10,F,1,199809,1,"$63,431",9.3
AG18,11,J,21,13,F,0110,1,GM-13,G,XXXX,5,10,F,1,199809,1,"$72,758",19.6
AG18,11,D,14,12,E,0110,1,GS-12,E,XXXX,8,10,F,1,199809,1,"$50,205",12.1
AG18,11,H,17,14,H,0110,1,GM-14,H,XXXX,5,10,F,1,199809,1,"$85,978",25.8
AG18,11,E,17,12,D,0110,1,GS-12,E,XXXX,8,10,F,1,199809,1,"$50,205",8.8
AG18,11,H,08,13,J,0110,1,GS-13,F,XXXX,8,10,F,1,199809,1,"$63,431",35.0
AG18,11,G,12,07,G,0110,1,GS-07,C,XXXX,8,10,F,1,199809,1,"$39,516",23.0
AG18,11,H,12,12,F,0110,1,GS-12,E,XXXX,8,10,F,1,199809,1,"$58,051",19.9
AG18,11,H,21,15,H,0110,1,GM-15,I,XXXX,2,10,F,1,199809,1,"$97,634",28.5
AG18,11,F,21,14,E,0110,1,GS-14,G,XXXX,8,10,F,1,199809,1,"$72,752",11.8
AG18,11,F,21,14,D,0110,1,GS-14,F,XXXX,8,10,F,1,199809,1,"$68,343",7.8
AG18,11,F,21,14,E,0110,1,GM-14,G,XXXX,5,10,F,1,199809,1,"$75,068",12.0
AG18,11,F,17,11,F,0110,1,GS-11,D,XXXX,8,10,F,1,199809,1,"$49,740",19.2
AG22,27,I,21,15,A,0110,1,GS-15,G,XXXX,8,40,I,2,199809,1,"$77,834",0.7
AG22,54,G,21,15,A,0110,1,GS-15,G,XXXX,8,40,I,2,199809,1,"$76,456",0.8
AG30,11,E,21,13,E,0110,1,GS-13,F,XXXX,8,10,F,1,199809,1,"$65,296",10.9
AG30,51,F,17,09,A,0110,1,GS-09,C,XXXX,8,15,F,1,199809,1,"$32,457",0.2
AG30,11,H,21,14,E,0110,1,GS-14,G,XXXX,2,10,F,1,199809,1,"$77,160",13.4
AG32,11,G,17,14,G,0110,1,GM-14,G,XXXX,5,10,F,1,199809,1,"$79,564",20.8
AG32,11,F,17,13,E,0110,1,GM-13,F,XXXX,5,10,F,1,199809,1,"$63,431",10.3
AG32,11,H,21,14,G,0110,1,GM-14,H,XXXX,5,10,F,1,199809,1,"$81,897",24.6
AG32,11,G,17,13,G,0110,1,GM-13,F,XXXX,5,10,F,1,199809,1,"$69,038",21.0
AG32,11,E,17,13,E,0110,1,GM-13,F,XXXX,5,10,P,2,199809,1,"$66,232",13.5
AG32,11,E,17,13,D,0110,1,GS-13,E,XXXX,8,10,F,1,199809,1,"$59,700",8.3
AG32,11,I,20,13,J,0110,1,GM-13,G,XXXX,5,10,F,1,199809,1,"$72,758",36.3
AG32,11,H,17,13,G,0110,1,GM-13,F,XXXX,5,10,F,1,199809,1,"$68,226",20.3
AG32,11,I,17,13,I,0110,1,GM-13,G,XXXX,5,10,F,1,199809,1,"$70,588",34.8
AG32,11,H,21,15,G,0110,1,GM-15,I,XXXX,2,10,F,1,199809,1,"$93,432",22.9
AG32,11,F,17,13,F,0110,1,GM-13,F,XXXX,5,10,F,1,199809,1,"$63,431",15.7
AG32,11,E,17,14,E,0110,1,GM-14,G,XXXX,5,10,F,1,199809,1,"$74,956",12.7
AG32,11,E,17,13,E,0110,1,GS-13,E,XXXX,8,10,F,1,199809,1,"$59,700",10.8
AG32,11,I,21,,G,0110,1,ES-05,L,XXXX,2,50,F,1,199809,1,"$125,900",22.9
AG32,11,E,13,12,B,0110,1,GS-12,D,XXXX,8,15,F,1,199809,1,"$47,066",1.9
AG32,11,I,14,13,I,0110,1,GM-13,G,XXXX,5,10,F,1,199809,1,"$70,592",33.0
AG32,11,F,04,14,F,0110,1,GM-14,H,XXXX,5,10,F,1,199809,1,"$80,472",17.7
AG32,11,G,17,14,G,0110,1,GM-14,G,XXXX,5,10,F,1,199809,1,"$78,265",21.3
AG32,11,F,17,14,F,0110,1,GM-14,G,XXXX,5,10,F,1,199809,1,"$79,365",18.8
AG32,11,G,17,15,G,0110,1,GM-15,I,XXXX,2,10,F,1,199809,1,"$94,113",20.0
AG32,11,I,21,15,H,0110,1,GM-15,J,XXXX,2,10,F,1,199809,1,"$100,748",25.3
AG32,11,I,21,15,I,0110,1,GM-15,J,XXXX,2,10,F,1,199809,1,"$101,142",31.9
AG32,11,I,17,14,E,0110,1,GM-14,H,XXXX,5,10,F,1,199809,1,"$80,472",10.0
AG32,11,G,01,12,H,0110,1,GS-12,D,XXXX,8,10,F,1,199809,1,"$47,066",27.9
AG32,11,F,21,13,E,0110,1,GM-13,F,XXXX,5,10,F,1,199809,1,"$63,431",14.3
AG34,24,H,17,13,G,0110,1,GS-13,G,XXXX,8,10,F,1,199809,1,"$72,758",24.0
AG34,08,E,17,13,E,0110,1,GS-13,G,XXXX,8,10,F,1,199809,1,"$71,503",14.4
AG34,08,E,21,13,D,0110,1,GM-13,F,XXXX,5,10,F,1,199809,1,"$67,837",7.4
AG34,24,E,17,13,E,0110,1,GM-13,F,XXXX,5,10,F,1,199809,1,"$63,431",11.0
AG34,08,G,17,13,D,0110,1,GM-13,F,XXXX,5,10,F,1,199809,1,"$66,009",8.1
AG34,24,H,17,13,D,0110,1,GS-13,F,XXXX,8,10,F,1,199809,1,"$61,565",7.5
AG34,24,F,04,12,A,0110,1,GS-12,D,XXXX,8,15,F,1,199809,1,"$47,066",0.5
AG34,24,D,17,13,D,0110,1,GM-13,E,XXXX,5,10,F,1,199809,1,"$55,969",6.7
AG34,24,G,17,14,F,0110,1,GM-14,H,XXXX,5,10,F,1,199809,1,"$80,470",17.9
AG34,24,G,21,14,D,0110,1,GS-14,G,XXXX,8,10,F,1,199809,1,"$74,956",6.8
AG34,08,E,21,13,D,0110,1,GM-13,F,XXXX,5,10,P,2,199809,1,"$64,170",8.8
AG34,24,F,18,14,E,0110,1,GM-14,G,XXXX,2,10,F,1,199809,1,"$74,956",10.5
AG36,11,H,21,15,G,0110,1,GM-15,I,XXXX,2,10,F,1,199809,1,"$93,687",24.4
AG36,11,G,18,13,G,0110,1,GM-13,F,XXXX,5,10,F,1,199809,1,"$66,232",22.3
AG36,19,F,21,11,A,0110,1,GS-11,E,XXXX,8,15,F,1,199809,1,"$50,168",0.1
AG36,11,D,17,13,B,0110,1,GS-13,F,XXXX,8,15,F,1,199809,1,"$65,296",1.2
AG36,11,F,21,13,B,0110,1,GS-13,E,XXXX,8,15,F,1,199809,1,"$59,700",2.7
AG36,11,E,17,14,D,0110,1,GM-14,G,XXXX,5,10,F,1,199809,1,"$74,956",6.3
AG36,11,H,21,13,G,0110,1,GM-13,G,XXXX,5,10,F,1,199809,1,"$71,300",21.0
AG36,08,I,13,13,H,0110,1,GM-13,G,XXXX,2,10,F,1,199809,1,"$72,946",28.5
AG36,19,D,18,11,A,0110,1,GS-11,C,XXXX,8,15,F,1,199809,1,"$38,593",0.1
AG36,08,D,21,11,A,0110,1,GS-11,E,XXXX,8,15,F,1,199809,1,"$51,615",0.1
AG36,19,E,21,13,D,0110,1,GM-13,F,XXXX,2,10,F,1,199809,1,"$64,170",8.3
AG36,SF,H,21,15,G,0110,1,GM-15,I,XXXX,2,10,F,1,199809,1,"$93,889",21.7
AG37,11,J,21,14,F,0110,1,GS-14,H,XXXX,8,10,F,1,199809,1,"$85,978",16.2
AG38,11,G,17,15,G,0110,1,GM-15,I,XXXX,5,10,F,1,199809,1,"$94,342",21.3
AG38,11,H,21,,G,0110,1,ES-06,L,XXXX,2,50,F,1,199809,1,"$125,900",22.3
AG38,11,G,13,11,G,0110,1,GS-11,D,XXXX,8,10,F,1,199809,1,"$49,740",23.6
AG38,11,H,21,,H,0110,1,ES-05,L,XXXX,2,50,F,1,199809,1,"$125,900",27.8
AG38,11,G,21,15,F,0110,1,GM-15,I,XXXX,5,10,F,1,199809,1,"$90,197",19.4
AG38,11,G,18,14,E,0110,1,GS-14,G,XXXX,8,10,F,1,199809,1,"$70,547",13.2
AG38,11,I,18,15,I,0110,1,GM-15,I,XXXX,5,10,F,1,199809,1,"$99,861",32.3
AG38,11,F,13,15,G,0110,1,GS-15,I,XXXX,8,10,F,1,199809,1,"$90,767",22.7
AG38,11,G,21,,E,0110,1,ES-01,J,XXXX,2,50,F,1,199809,1,"$106,412",11.2
AG38,11,H,18,14,G,0110,1,GM-14,G,XXXX,5,10,F,1,199809,1,"$76,057",21.3
AG38,11,G,20,15,G,0110,1,GM-15,J,XXXX,5,10,F,1,199809,1,"$100,807",21.8
AG38,11,G,21,15,G,0110,1,GM-15,I,XXXX,5,10,F,1,199809,1,"$98,200",21.1
AG38,11,F,21,,F,0110,1,SL-00,L,XXXX,8,10,F,1,199809,1,"$125,900",15.7
AG38,11,H,17,15,H,0110,1,GM-15,I,XXXX,5,10,F,1,199809,1,"$94,665",25.8
AG38,11,G,17,15,G,0110,1,GS-15,H,XXXX,8,10,F,1,199809,1,"$88,173",20.3
AG38,11,I,21,,E,0110,1,ES-03,K,XXXX,2,50,F,1,199809,1,"$116,495",11.1
AG38,11,G,14,15,G,0110,1,GM-15,I,XXXX,5,10,F,1,199809,1,"$92,736",22.7
AG38,11,J,21,15,I,0110,1,GM-15,J,XXXX,5,10,F,1,199809,1,"$101,142",32.6
AG38,11,J,21,15,G,0110,1,GM-15,I,XXXX,5,10,F,1,199809,1,"$95,807",24.2
AGFA,11,F,14,15,F,0110,1,GM-15,I,XXXX,2,10,F,1,199809,1,"$93,366",18.6
AGFA,11,H,21,15,H,0110,1,GM-15,I,XXXX,2,10,F,1,199809,1,"$93,991",29.1
AGFA,11,G,21,14,G,0110,1,GS-14,G,XXXX,8,10,F,1,199809,1,"$79,365",20.2
AGFA,11,F,17,14,F,0110,1,GS-14,G,XXXX,8,10,F,1,199809,1,"$79,365",17.7
AGFA,11,H,17,14,F,0110,1,GS-14,G,XXXX,8,10,F,1,199809,1,"$79,365",15.3
AGFA,11,G,14,14,G,0110,1,GS-14,H,XXXX,8,10,F,1,199809,1,"$81,569",23.3
AGFA,11,H,14,13,G,0110,1,GS-13,F,XXXX,8,10,F,1,199809,1,"$61,565",22.4
AGFA,11,H,17,13,G,0110,1,GS-13,G,XXXX,8,10,F,1,199809,1,"$72,758",24.7
AGFA,11,F,17,15,F,0110,1,GM-15,I,XXXX,2,10,F,1,199809,1,"$92,429",16.8
AGFA,11,I,21,15,I,0110,1,GS-15,I,XXXX,2,10,F,1,199809,1,"$93,360",33.3
AGFA,11,I,21,13,G,0110,1,GS-13,G,XXXX,8,10,F,1,199809,1,"$72,758",23.3
AGFA,11,H,17,15,H,0110,1,GM-15,I,XXXX,2,10,F,1,199809,1,"$95,773",27.6
AGFA,11,G,21,15,E,0110,1,GM-15,H,XXXX,2,10,F,1,199809,1,"$88,173",12.6
AGFA,11,G,21,14,D,0110,1,GS-14,H,XXXX,8,10,F,1,199809,1,"$85,978",7.3
AGFA,11,F,21,14,E,0110,1,GS-14,G,XXXX,8,10,F,1,199809,1,"$79,365",11.3
AGFA,11,H,17,14,G,0110,1,GS-14,H,XXXX,8,10,F,1,199809,1,"$85,978",21.5
AGFA,11,D,17,13,D,0110,1,GS-13,F,XXXX,8,10,F,1,199809,1,"$63,431",8.4
AGPA,11,F,21,14,E,0110,1,GS-14,G,XXXX,8,10,F,1,199809,1,"$72,752",11.7
AGPA,11,F,21,14,D,0110,1,GS-14,G,XXXX,8,10,F,1,199809,1,"$74,956",9.0
AMAG,11,G,21,,E,0110,1,FO-02,H,XXXX,8,38,F,1,199809,1,"$84,720",11.3
AMAG,KE,H,17,,F,0110,1,FO-02,F,XXXX,8,38,F,1,199809,1,"$66,143",18.5
AMAG,11,J,21,15,F,0110,1,GS-15,J,XXXX,8,10,F,1,199809,1,"$101,142",18.8
AMAG,EG,G,17,,F,0110,1,FO-02,G,XXXX,8,38,F,1,199809,1,"$78,978",19.1
AMAG,ZA,G,13,,E,0110,1,FO-03,F,XXXX,8,38,F,1,199809,1,"$60,322",11.8
AMAG,11,H,21,,H,0110,1,FO-01,J,XXXX,2,38,F,1,199809,1,"$101,142",28.9
AMAG,11,H,21,15,H,0110,1,GS-15,J,XXXX,2,10,F,1,199809,1,"$101,142",25.5
AMAG,11,H,18,,G,0110,1,FO-01,J,XXXX,2,38,F,1,199809,1,"$101,142",22.3
AMAG,ID,F,21,,D,0110,1,FO-03,E,XXXX,8,38,F,1,199809,1,"$50,519",5.8
AMAG,11,H,21,14,F,0110,1,GS-14,G,XXXX,5,10,F,1,199809,1,"$77,160",19.3
AMAG,11,H,21,15,H,0110,1,GS-15,J,XXXX,8,10,F,1,199809,1,"$101,142",25.6
AMAG,11,I,17,,I,0110,1,FO-02,I,XXXX,8,38,F,1,199809,1,"$92,575",30.3
AMAG,EG,H,21,,E,0110,1,FO-02,H,XXXX,2,38,F,1,199809,1,"$86,301",12.2
AMAG,ES,F,21,,E,0110,1,FO-01,H,XXXX,2,38,F,1,199809,1,"$81,628",14.5
AMAG,SF,H,21,,F,0110,1,FO-01,I,XXXX,8,38,F,1,199809,1,"$94,287",19.5
AMAG,11,G,21,15,F,0110,1,GS-15,I,XXXX,8,10,F,1,199809,1,"$95,954",18.0
AMAG,11,E,21,14,D,0110,1,GS-14,G,XXXX,8,10,F,1,199809,1,"$74,956",8.9
AMAG,RS,G,21,,F,0110,1,FO-02,G,XXXX,8,38,F,1,199809,1,"$78,978",16.3
AMAG,11,J,21,15,F,0110,1,GS-15,J,XXXX,4,10,F,1,199809,1,"$101,142",16.6
AMAG,11,I,21,,F,0110,1,FO-01,J,XXXX,8,38,F,1,199809,1,"$101,142",15.9
AMAG,11,H,17,14,H,0110,1,GS-14,H,XXXX,8,10,F,1,199809,1,"$85,978",29.1
AMAG,MA,F,21,,D,0110,1,FO-03,E,XXXX,8,38,F,1,199809,1,"$58,565",7.2
AMAG,11,G,17,,F,0110,1,FO-02,H,XXXX,8,38,F,1,199809,1,"$87,261",19.7
AMAG,EG,H,15,,G,0110,1,FO-02,H,XXXX,8,38,F,1,199809,1,"$83,788",23.3
AMAG,ML,H,21,,G,0110,1,FO-02,H,XXXX,8,38,F,1,199809,1,"$86,301",22.1
AMAG,SG,H,21,,D,0110,1,FO-02,G,XXXX,8,38,F,1,199809,1,"$78,978",9.2
AMAG,11,J,21,15,I,0110,1,GS-15,J,XXXX,8,10,F,1,199809,1,"$101,142",34.5
AMAG,GT,G,17,,G,0110,1,FO-02,G,XXXX,2,38,F,1,199809,1,"$70,171",23.8
AMAG,HA,H,21,,F,0110,1,FO-02,H,XXXX,8,38,F,1,199809,1,"$86,301",16.5
AMAG,11,G,21,14,F,0110,1,GS-14,G,XXXX,8,10,F,1,199809,1,"$79,365",18.3
AMAG,11,I,21,,H,0110,1,FO-02,I,XXXX,8,38,F,1,199809,1,"$92,575",26.5
AMAG,JO,I,21,,E,0110,1,FO-02,H,XXXX,8,38,F,1,199809,1,"$86,301",14.3
AMAG,11,F,17,14,F,0110,1,GS-14,G,XXXX,8,10,F,1,199809,1,"$74,956",18.6
AMAG,11,I,21,15,H,0110,1,GS-15,J,XXXX,8,10,F,1,199809,1,"$101,142",29.8
AMAG,11,I,21,,H,0110,1,FO-01,J,XXXX,2,38,F,1,199809,1,"$101,142",29.9
AMAG,11,I,18,,F,0110,1,FP-02,I,XXXX,8,38,F,1,199809,1,"$92,575",18.2
AMAG,11,H,21,,F,0110,1,FO-02,I,XXXX,8,38,F,1,199809,1,"$92,575",15.7
AMAG,11,G,17,,E,0110,1,FO-02,G,XXXX,8,38,F,1,199809,1,"$73,080",13.8
AMAG,GH,H,21,,D,0110,1,FO-03,F,XXXX,8,38,F,1,199809,1,"$69,930",9.3
AMAG,11,H,14,,H,0110,1,FO-01,J,XXXX,8,38,F,1,199809,1,"$101,142",27.3
AMAG,JM,G,17,,G,0110,1,FO-01,I,XXXX,4,38,F,1,199809,1,"$94,287",21.0
AMAG,KZ,E,21,,D,0110,1,FP-03,D,XXXX,2,38,F,1,199809,1,"$49,048",6.4
AMAG,EG,F,21,,D,0110,1,FO-03,F,XXXX,8,38,F,1,199809,1,"$69,930",6.0
AMAG,RP,G,21,,F,0110,1,FP-02,H,XXXX,2,38,F,1,199809,1,"$83,788",16.2
AMAG,11,H,18,14,E,0110,1,GS-14,H,XXXX,8,10,F,1,199809,1,"$81,569",14.4
AMPC,11,I,17,15,H,0110,1,GM-15,I,XXXX,2,10,F,1,199809,1,"$94,915",28.1
AMPC,11,C,17,11,B,0110,1,GS-11,D,XXXX,8,15,F,1,199809,1,"$40,579",1.1
ARCE,39,I,20,13,H,0110,1,GS-13,G,XXXX,8,10,F,1,199809,1,"$73,056",26.2
ARCE,25,I,18,12,F,0110,1,GS-12,E,XXXX,8,10,F,1,199809,1,"$57,188",17.1
ARCE,13,F,14,12,F,0110,1,GS-12,E,XXXX,8,10,F,1,199809,1,"$55,508",18.3
ARCE,51,G,21,13,C,0110,1,GS-13,E,XXXX,8,10,F,1,199809,1,"$55,969",3.1
ARCE,25,H,17,13,G,0110,1,GS-13,F,XXXX,8,10,F,1,199809,1,"$69,889",23.8
ARCE,11,H,18,15,I,0110,1,GM-15,J,XXXX,2,10,F,1,199809,1,"$101,142",30.3
ARCE,36,D,13,11,D,0110,1,GS-11,D,XXXX,8,10,F,1,199809,1,"$44,199",6.6
ARCE,25,I,17,14,I,0110,1,GM-14,H,XXXX,2,10,F,1,199809,1,"$84,229",30.3
ARCE,17,H,17,13,G,0110,1,GS-13,G,XXXX,8,10,F,1,199809,1,"$70,276",23.0
ARCE,36,H,13,13,I,0110,1,GS-13,G,XXXX,8,10,F,1,199809,1,"$70,629",32.3
ARCE,11,H,17,15,H,0110,1,GM-15,I,XXXX,5,10,F,1,199809,1,"$95,935",26.9
ARCE,36,H,17,13,H,0110,1,GS-13,G,XXXX,8,10,F,1,199809,1,"$71,503",29.3
ARCE,36,E,13,11,D,0110,1,GS-11,D,XXXX,8,10,F,1,199809,1,"$44,199",9.3
ARCE,17,G,18,12,G,0110,1,GS-12,E,XXXX,8,10,F,1,199809,1,"$57,050",20.3
ARCE,36,D,13,13,E,0110,1,GS-13,F,XXXX,8,10,F,1,199809,1,"$62,995",11.7
ARCE,48,H,18,13,H,0110,1,GS-13,F,XXXX,8,10,F,1,199809,1,"$68,789",27.7
ARCE,36,H,13,11,G,0110,1,GS-11,D,XXXX,8,10,F,1,199809,1,"$46,310",20.7
ARCE,36,H,14,13,F,0110,1,GS-13,F,XXXX,8,10,F,1,199809,1,"$66,812",19.4
ARCE,26,F,17,12,F,0110,1,GS-12,F,XXXX,8,10,P,2,199809,1,"$62,382",19.7
ARCE,36,F,17,12,G,0110,1,GS-12,E,XXXX,8,10,F,1,199809,1,"$55,508",21.3
ARCE,42,H,17,15,H,0110,1,GM-15,J,XXXX,2,10,F,1,199809,1,"$101,519",27.1
ARCE,51,F,13,12,F,0110,1,GS-12,E,XXXX,8,10,F,1,199809,1,"$56,482",17.5
ARCE,36,E,17,11,C,0110,1,GS-11,D,XXXX,8,10,F,1,199809,1,"$42,860",4.6
ARCE,36,E,13,11,D,0110,1,GS-11,D,XXXX,8,10,F,1,199809,1,"$44,199",7.6
ARCE,11,G,04,15,F,0110,1,GM-15,I,XXXX,5,10,F,1,199809,1,"$96,617",19.9
ARCE,36,I,18,14,I,0110,1,GS-14,F,XXXX,8,10,F,1,199809,1,"$69,929",33.4
ARCE,24,G,13,12,E,0110,1,GS-12,E,XXXX,8,10,F,1,199809,1,"$54,913",13.1
ARCE,36,H,17,11,F,0110,1,GS-11,D,XXXX,8,10,F,1,199809,1,"$46,310",17.8
ARCE,51,D,17,13,D,0110,1,GS-13,E,XXXX,8,10,F,1,199809,1,"$55,969",8.6
ARCE,06,C,17,11,C,0110,1,GS-11,D,XXXX,8,10,F,1,199809,1,"$45,125",4.0
ARCE,11,H,18,14,H,0110,1,GS-14,H,XXXX,8,10,F,1,199809,1,"$83,774",25.8
ARCE,35,G,17,12,F,0110,1,GS-12,E,XXXX,8,10,F,1,199809,1,"$55,508",19.7
ARCE,24,D,13,13,E,0110,1,GS-13,F,XXXX,8,10,F,1,199809,1,"$61,565",11.1
ARCE,36,F,21,12,B,0110,1,GS-12,E,XXXX,8,15,F,1,199809,1,"$51,370",2.9
ARCE,41,D,17,12,E,0110,1,GS-12,F,XXXX,8,10,F,1,199809,1,"$61,133",10.3
ARCE,48,F,17,12,F,0110,1,GS-12,F,XXXX,8,10,F,1,199809,1,"$62,227",17.7
ARCE,42,H,17,12,H,0110,1,GS-12,E,XXXX,8,10,F,1,199809,1,"$56,693",26.1
ARCE,42,G,17,12,G,0110,1,GS-12,E,XXXX,8,10,F,1,199809,1,"$59,032",22.0
ARCE,13,D,17,12,D,0110,1,GS-12,D,XXXX,8,10,F,1,199809,1,"$49,339",5.6
ARCE,42,F,13,13,F,0110,1,GS-13,F,XXXX,8,10,F,1,199809,1,"$69,285",19.8
ARCE,45,F,13,12,G,0110,1,GS-12,E,XXXX,8,10,F,1,199809,1,"$58,592",22.0
ARCE,24,F,17,12,G,0110,1,GS-12,F,XXXX,8,10,F,1,199809,1,"$61,190",20.0
ARCE,42,J,13,12,G,0110,1,GS-12,E,XXXX,8,10,F,1,199809,1,"$55,924",22.9
ARCE,48,F,21,13,F,0110,1,GS-13,F,XXXX,8,10,F,1,199809,1,"$66,930",19.8
ARCE,42,D,13,12,E,0110,1,GS-12,D,XXXX,8,10,F,1,199809,1,"$48,817",10.0
ARCE,42,E,13,12,E,0110,1,GS-12,E,XXXX,8,10,F,1,199809,1,"$55,117",12.3
ARCE,54,G,13,12,H,0110,1,GS-12,E,XXXX,8,10,F,1,199809,1,"$58,592",25.5
ARCE,24,C,13,11,C,0110,1,GS-11,D,XXXX,8,10,F,1,199809,1,"$41,888",4.4
ARCE,11,D,13,13,D,0110,1,GS-13,F,XXXX,8,10,F,1,199809,1,"$61,565",8.9
ARCE,24,E,13,12,D,0110,1,GS-12,E,XXXX,8,10,F,1,199809,1,"$51,774",7.8
ARCE,24,G,17,12,G,0110,1,GS-12,E,XXXX,8,10,F,1,199809,1,"$58,051",22.8
ARCE,24,D,13,11,D,0110,1,GS-11,D,XXXX,8,10,F,1,199809,1,"$43,197",9.0
ARCE,05,D,13,11,D,0110,1,GS-11,D,XXXX,8,10,F,1,199809,1,"$43,738",8.9
ARCE,51,G,13,14,G,0110,1,GS-14,H,XXXX,8,10,F,1,199809,1,"$81,569",22.5
ARCE,06,D,17,09,B,0110,1,GS-09,C,XXXX,8,15,F,1,199809,1,"$34,490",2.3
ARCE,51,G,13,12,G,0110,1,GS-12,E,XXXX,8,10,F,1,199809,1,"$58,592",22.5
ARCE,51,F,13,13,G,0110,1,GS-13,E,XXXX,2,10,F,1,199809,1,"$58,670",20.6
ARCE,51,C,17,12,D,0110,1,GS-12,D,XXXX,8,10,F,1,199809,1,"$47,066",7.9
ARCE,51,I,13,12,I,0110,1,GS-12,F,XXXX,8,10,F,1,199809,1,"$60,135",33.6
ARCE,12,F,13,13,F,0110,1,GM-13,F,XXXX,2,10,F,1,199809,1,"$66,009",19.8
ARCE,54,C,14,11,C,0110,1,GS-11,C,XXXX,8,10,F,1,199809,1,"$39,879",4.2
ARCE,54,C,14,12,D,0110,1,GS-12,D,XXXX,8,10,F,1,199809,1,"$46,254",5.3
ARCE,45,E,17,12,F,0110,1,GS-12,E,XXXX,8,10,F,1,199809,1,"$55,508",19.6
ARCE,54,E,13,12,F,0110,1,GS-12,E,XXXX,8,10,F,1,199809,1,"$55,508",15.9
ARCE,54,D,13,11,C,0110,1,GS-11,C,XXXX,8,10,F,1,199809,1,"$38,593",4.2
ARCE,54,C,12,11,E,0110,1,GS-11,C,XXXX,8,10,F,1,199809,1,"$38,593",10.9
ARCE,37,G,14,12,G,0110,1,GS-12,F,XXXX,8,10,F,1,199809,1,"$60,135",23.4
ARCE,37,H,17,12,G,0110,1,GS-12,F,XXXX,8,10,F,1,199809,1,"$60,135",21.3
ARCE,37,J,17,12,I,0110,1,GS-12,F,XXXX,8,10,F,1,199809,1,"$60,135",30.8
ARCE,37,H,17,12,G,0110,1,GS-12,F,XXXX,8,10,F,1,199809,1,"$60,135",22.5
ARCE,13,I,13,14,I,0110,1,GM-14,G,XXXX,5,10,F,1,199809,1,"$79,856",31.7
ARCE,45,E,13,12,E,0110,1,GS-12,E,XXXX,8,10,F,1,199809,1,"$55,508",13.2
ARCE,45,C,13,11,D,0110,1,GS-11,D,XXXX,8,10,F,1,199809,1,"$43,738",6.3
ARCE,13,E,13,12,E,0110,1,GS-12,E,XXXX,8,15,F,1,199809,1,"$50,881",12.9
ARCE,02,H,13,13,H,0110,1,GS-13,F,XXXX,8,10,F,1,199809,1,"$62,610",26.3
ARCE,47,I,21,12,F,0110,1,GS-12,E,XXXX,8,10,F,1,199809,1,"$57,050",16.8
ARCE,12,E,17,12,E,0110,1,GS-12,E,XXXX,8,10,F,1,199809,1,"$53,966",10.8
ARCE,01,H,13,11,G,0110,1,GS-11,D,XXXX,8,10,F,1,199809,1,"$46,310",20.9
ARCE,22,G,17,11,C,0110,1,GS-11,D,XXXX,8,10,F,1,199809,1,"$41,165",3.2
ARCE,12,H,17,12,G,0110,1,GS-12,F,XXXX,8,10,F,1,199809,1,"$60,135",24.2
ARCE,12,G,14,12,F,0110,1,GS-12,E,XXXX,8,10,F,1,199809,1,"$57,050",18.1
ARCE,22,G,17,12,D,0110,1,GS-12,E,XXXX,8,10,F,1,199809,1,"$50,881",6.0
ARCE,51,I,17,15,I,0110,1,GM-15,J,XXXX,4,10,F,1,199809,1,"$101,142",34.2
ARCE,06,J,15,12,I,0110,1,GS-12,G,XXXX,8,10,F,1,199809,1,"$71,148",32.7
ARCE,51,H,21,14,E,0110,1,GS-14,H,XXXX,8,10,F,1,199809,1,"$81,569",13.5
ARCE,54,G,17,13,G,0110,1,GS-13,F,XXXX,6,10,F,1,199809,1,"$60,504",20.0
ARCE,54,F,13,12,D,0110,1,GS-12,F,XXXX,8,10,F,1,199809,1,"$60,135",6.9
ARCE,54,D,17,12,E,0110,1,GS-12,E,XXXX,8,10,F,1,199809,1,"$50,881",11.3
ARCE,48,E,17,11,D,0110,1,GS-11,D,XXXX,8,10,F,1,199809,1,"$41,743",7.5
ARCE,54,F,17,12,E,0110,1,GS-12,D,XXXX,8,10,F,1,199809,1,"$47,796",11.2
ARCE,42,C,13,09,D,0110,1,GS-09,C,XXXX,8,10,F,1,199809,1,"$32,578",6.0
ARCE,53,J,17,12,F,0110,1,GS-12,E,XXXX,8,10,F,1,199809,1,"$55,508",15.3
ARCE,21,G,04,09,H,0110,1,GS-09,C,XXXX,8,10,F,1,199809,1,"$31,897",25.8
ARCE,51,I,04,14,J,0110,1,GS-14,H,XXXX,8,10,F,1,199809,1,"$85,978",35.4
ARCE,27,F,14,12,F,0110,1,GS-12,E,XXXX,8,10,F,1,199809,1,"$56,508",19.7
ARCE,17,G,17,12,G,0110,1,GS-12,F,XXXX,8,10,F,1,199809,1,"$60,699",21.4
ARCE,31,H,17,14,I,0110,1,GS-14,H,XXXX,8,10,F,1,199809,1,"$84,495",30.8
ARCE,17,H,14,14,H,0110,1,GM-14,H,XXXX,2,10,F,1,199809,1,"$85,117",25.3
ARCE,13,G,13,12,G,0110,1,GS-12,F,XXXX,8,10,F,1,199809,1,"$60,135",20.7
ARCE,17,H,13,13,G,0110,1,GS-13,G,XXXX,8,10,F,1,199809,1,"$72,175",20.8
ARCE,36,J,21,11,G,0110,1,GS-11,D,XXXX,8,10,P,2,199809,1,"$48,882",21.2
ARCE,17,H,14,14,H,0110,1,GS-14,H,XXXX,4,10,F,1,199809,1,"$83,044",28.9
ARCE,17,K,21,12,G,0110,1,GS-12,F,XXXX,8,10,F,1,199809,1,"$60,699",22.2
ARCE,51,H,21,14,H,0110,1,GS-14,G,XXXX,8,10,F,1,199809,1,"$79,365",26.3
ARCE,17,J,17,13,J,0110,1,GM-13,G,XXXX,2,10,F,1,199809,1,"$71,503",39.8
ARCE,17,H,17,12,H,0110,1,GS-12,E,XXXX,8,10,F,1,199809,1,"$58,592",25.6
ARCE,06,G,13,13,H,0110,1,GS-13,F,XXXX,2,10,F,1,199809,1,"$69,265",26.7
ARCE,29,G,21,13,G,0110,1,GS-13,F,XXXX,8,10,F,1,199809,1,"$68,023",20.6
ARCE,12,H,17,12,F,0110,1,GS-12,E,XXXX,8,10,F,1,199809,1,"$57,050",18.3
ARCE,41,E,17,12,E,0110,1,GS-12,E,XXXX,8,10,F,1,199809,1,"$54,861",11.4
ARCE,06,E,17,07,A,0110,1,GS-07,B,XXXX,8,15,F,1,199809,1,"$26,624",0.0
ARCE,11,I,21,,H,0110,1,ES-02,K,XXXX,8,50,F,1,199809,1,"$111,454",29.3
ARCE,11,H,17,14,G,0110,1,GS-14,H,XXXX,8,10,F,1,199809,1,"$81,569",24.2
ARCE,42,F,17,13,F,0110,1,GS-13,F,XXXX,2,10,F,1,199809,1,"$68,345",19.7
ARCE,48,F,17,13,E,0110,1,GS-13,E,XXXX,8,10,F,1,199809,1,"$59,494",14.9
ARCE,06,E,13,11,E,0110,1,GS-11,D,XXXX,8,10,F,1,199809,1,"$43,075",10.3
ARCE,21,F,13,11,E,0110,1,GS-11,D,XXXX,8,10,F,1,199809,1,"$45,024",14.3
ARCE,21,F,13,13,G,0110,1,GS-13,F,XXXX,2,10,F,1,199809,1,"$62,337",20.3
ARCE,54,H,17,14,I,0110,1,GM-14,H,XXXX,2,10,F,1,199809,1,"$84,495",31.7
ARCE,12,I,17,11,F,0110,1,GS-11,D,XXXX,8,10,F,1,199809,1,"$47,596",18.4
ARCE,47,F,13,12,E,0110,1,GS-12,E,XXXX,8,10,F,1,199809,1,"$50,881",11.2
ARCE,01,H,13,12,H,0110,1,GS-12,E,XXXX,8,10,F,1,199809,1,"$55,508",27.3
ARCE,01,E,13,11,D,0110,1,GS-11,D,XXXX,8,10,F,1,199809,1,"$43,738",9.8
ARCE,01,H,17,12,G,0110,1,GS-12,F,XXXX,8,10,F,1,199809,1,"$60,135",22.9
ARCE,22,H,13,11,H,0110,1,GS-11,E,XXXX,8,30,F,1,199809,1,"$50,168",27.3
ARCE,01,H,17,14,I,0110,1,GM-14,H,XXXX,2,10,F,1,199809,1,"$84,495",30.1
ARCE,28,H,17,12,H,0110,1,GS-12,F,XXXX,8,10,F,1,199809,1,"$60,135",26.6
ARCE,28,H,17,13,H,0110,1,GS-13,G,XXXX,8,10,F,1,199809,1,"$71,503",25.4
ARCE,28,H,17,14,H,0110,1,GM-14,H,XXXX,5,10,F,1,199809,1,"$84,495",29.4
ARCE,28,F,17,14,F,0110,1,GS-14,F,XXXX,2,10,F,1,199809,1,"$67,164",18.5
ARCE,28,F,13,12,F,0110,1,GS-12,E,XXXX,8,10,F,1,199809,1,"$53,966",19.9
ARCE,28,E,13,12,E,0110,1,GS-12,E,XXXX,8,10,F,1,199809,1,"$57,050",13.5
ARCE,01,C,08,11,D,0110,1,GS-11,D,XXXX,8,10,F,1,199809,1,"$42,452",7.6
ARCE,28,H,13,12,H,0110,1,GS-12,E,XXXX,8,10,F,1,199809,1,"$57,050",28.8
ARCE,28,C,17,12,C,0110,1,GS-12,D,XXXX,8,10,F,1,199809,1,"$47,796",4.2
ARCE,28,E,17,12,C,0110,1,GS-12,D,XXXX,8,10,F,1,199809,1,"$47,796",4.3
ARCE,28,K,14,12,I,0110,1,GS-12,F,XXXX,8,10,F,1,199809,1,"$60,135",33.3
ARCE,40,H,13,12,H,0110,1,GS-12,E,XXXX,8,10,F,1,199809,1,"$55,508",26.4
ARCE,28,G,17,12,G,0110,1,GS-12,F,XXXX,8,10,F,1,199809,1,"$60,135",23.5
ARCE,22,E,17,11,C,0110,1,GS-11,D,XXXX,8,10,F,1,199809,1,"$41,165",3.1
ARCE,28,I,17,15,I,0110,1,GS-15,I,XXXX,2,10,F,1,199809,1,"$99,397",33.2
ARCE,22,F,13,14,G,0110,1,GS-14,F,XXXX,2,10,F,1,199809,1,"$69,331",21.8
ARCE,22,F,17,13,E,0110,1,GS-13,E,XXXX,2,10,F,1,199809,1,"$56,837",11.3
ARCE,47,J,18,13,J,0110,1,GS-13,G,XXXX,6,10,F,1,199809,1,"$71,503",39.9
ARCE,28,H,18,13,I,0110,1,GS-13,G,XXXX,2,10,F,1,199809,1,"$71,503",30.1
ARCE,22,F,17,12,E,0110,1,GS-12,E,XXXX,8,10,F,1,199809,1,"$53,966",13.0
ARCE,22,H,17,11,D,0110,1,GS-11,C,XXXX,8,15,F,1,199809,1,"$39,879",6.2
ARCE,22,F,17,13,E,0110,1,GS-13,F,XXXX,2,10,F,1,199809,1,"$60,504",14.4
ARCE,22,C,13,09,D,0110,1,GS-09,C,XXXX,8,10,F,1,199809,1,"$32,961",5.9
ARCE,22,F,17,11,F,0110,1,GS-11,E,XXXX,8,10,F,1,199809,1,"$50,168",17.8
ARCE,22,F,13,12,F,0110,1,GS-12,E,XXXX,8,10,F,1,199809,1,"$57,050",15.1
ARCE,22,F,07,12,G,0110,1,GS-12,D,XXXX,8,10,F,1,199809,1,"$49,339",23.7
ARCE,22,E,17,12,E,0110,1,GS-12,E,XXXX,8,10,F,1,199809,1,"$52,423",10.2
ARCE,28,G,17,13,G,0110,1,GS-13,G,XXXX,8,10,F,1,199809,1,"$71,503",21.3
ARCE,40,H,13,12,G,0110,1,GS-12,F,XXXX,8,10,F,1,199809,1,"$60,135",21.6
ARCE,51,G,17,14,F,0110,1,GS-14,G,XXXX,8,10,F,1,199809,1,"$74,956",19.3
ARCE,40,J,14,13,J,0110,1,GS-13,G,XXXX,2,10,F,1,199809,1,"$71,503",35.6
ARCE,13,H,17,13,H,0110,1,GM-13,F,XXXX,5,10,F,1,199809,1,"$67,847",29.3
ARCE,48,E,13,12,E,0110,1,GS-12,E,XXXX,8,10,F,1,199809,1,"$53,159",13.2
ARCE,48,J,18,12,J,0110,1,GS-12,F,XXXX,8,10,F,1,199809,1,"$63,865",36.2
ARCE,29,D,17,09,D,0110,1,GS-09,C,XXXX,8,20,F,2,199809,1,"$35,185",5.2
ARCE,48,F,17,13,F,0110,1,GS-13,E,XXXX,2,10,F,1,199809,1,"$57,635",18.2
ARCE,48,I,17,15,J,0110,1,GM-15,I,XXXX,2,10,F,1,199809,1,"$96,482",37.4
ARCE,51,G,13,15,G,0110,1,GS-15,H,XXXX,2,10,F,1,199809,1,"$88,173",24.0
ARCE,48,E,17,11,D,0110,1,GS-11,D,XXXX,8,10,F,1,199809,1,"$44,352",6.4
ARCE,48,G,17,11,G,0110,1,GS-11,E,XXXX,8,10,F,1,199809,1,"$53,281",22.3
ARCE,27,H,17,11,D,0110,1,GS-11,D,XXXX,8,10,F,1,199809,1,"$47,145",8.7
ARCE,27,D,08,12,E,0110,1,GS-12,E,XXXX,8,10,F,1,199809,1,"$53,368",11.6
ARCE,27,E,13,12,E,0110,1,GS-12,E,XXXX,8,10,F,1,199809,1,"$53,368",14.8
ARCE,31,H,14,12,G,0110,1,GS-12,E,XXXX,8,10,F,1,199809,1,"$57,050",20.4
ARCE,06,H,13,13,H,0110,1,GS-13,H,XXXX,5,10,F,1,199809,1,"$82,094",28.1
ARCE,11,H,17,15,I,0110,1,GM-15,J,XXXX,4,10,F,1,199809,1,"$101,142",32.4
ARCE,29,H,14,12,H,0110,1,GS-12,F,XXXX,8,10,F,1,199809,1,"$60,300",28.8
ARCE,05,H,13,12,G,0110,1,GS-12,E,XXXX,8,10,F,1,199809,1,"$55,508",20.2
ARCE,48,H,17,12,G,0110,1,GS-12,F,XXXX,8,10,F,1,199809,1,"$60,979",23.7
ARCE,29,H,17,12,H,0110,1,GS-12,E,XXXX,8,10,F,1,199809,1,"$55,845",27.5
ARCE,11,H,13,15,G,0110,1,GS-15,I,XXXX,2,10,F,1,199809,1,"$90,767",23.5
ARCE,29,F,13,12,F,0110,1,GS-12,E,XXXX,8,10,F,1,199809,1,"$51,190",15.1
ARCE,24,G,13,12,G,0110,1,GS-12,E,XXXX,8,10,P,2,199809,1,"$54,913",21.9
ARCE,37,H,17,12,H,0110,1,GS-12,F,XXXX,8,10,F,1,199809,1,"$60,135",27.8
ARCE,06,H,13,12,I,0110,1,GS-12,E,XXXX,8,10,F,1,199809,1,"$56,677",30.4
ARCE,29,H,13,12,F,0110,1,GS-12,E,XXXX,8,10,P,2,199809,1,"$54,293",16.2
ARCE,29,G,04,09,H,0119,3,GS-09,C,XXXX,8,10,F,1,199809,1,"$37,318",26.2
ARCE,51,F,14,13,E,0110,1,GS-13,F,XXXX,8,10,F,1,199809,1,"$63,431",13.7
ARCE,31,G,14,12,D,0110,1,GS-12,E,XXXX,8,10,F,1,199809,1,"$50,881",7.9
ARCE,05,J,21,12,H,0110,1,GS-12,E,XXXX,8,10,F,1,199809,1,"$58,592",25.2
ARCE,41,I,17,13,I,0110,1,GS-13,G,XXXX,2,10,F,1,199809,1,"$70,827",31.6
ARCE,29,D,14,13,D,0110,1,GS-13,E,XXXX,2,10,F,1,199809,1,"$56,994",9.2
ARCE,36,H,13,12,H,0110,1,GS-12,F,XXXX,8,10,F,1,199809,1,"$62,610",26.0
ARCE,48,I,18,14,I,0110,1,GS-14,G,XXXX,8,10,F,1,199809,1,"$79,091",34.0
ARCE,02,E,17,11,D,0110,1,GS-11,D,XXXX,8,20,F,2,199809,1,"$42,709",9.1
ARCE,06,D,13,11,E,0110,1,GS-11,D,XXXX,8,10,F,1,199809,1,"$40,719",10.0
ARCE,12,H,14,12,H,0110,1,GS-12,F,XXXX,8,10,F,1,199809,1,"$60,135",28.3
ARCE,53,D,13,12,D,0110,1,GS-12,E,XXXX,8,10,F,1,199809,1,"$51,808",8.7
ARCE,53,I,13,12,H,0110,1,GS-12,E,XXXX,8,10,F,1,199809,1,"$59,660",27.2
ARCE,53,H,17,12,H,0110,1,GS-12,F,XXXX,8,10,F,1,199809,1,"$61,230",28.3
ARCE,41,G,13,13,G,0110,1,GS-13,G,XXXX,8,10,F,1,199809,1,"$70,827",24.7
ARCE,41,H,14,12,H,0110,1,GS-12,E,XXXX,8,10,F,1,199809,1,"$57,997",25.9
ARCE,06,F,13,11,E,0110,1,GS-11,D,XXXX,8,10,F,1,199809,1,"$45,767",13.1
ARCE,41,D,13,12,D,0110,1,GS-12,D,XXXX,8,10,F,1,199809,1,"$48,590",9.3
ARCE,06,D,17,12,D,0110,1,GS-12,E,XXXX,8,10,F,1,199809,1,"$53,241",5.0
ARCE,01,G,12,13,F,0110,1,GM-13,F,XXXX,2,10,F,1,199809,1,"$66,923",18.2
ARCE,41,I,18,12,H,0110,1,GS-12,F,XXXX,8,10,F,1,199809,1,"$61,133",26.1
ARCE,51,H,18,15,I,0110,1,GM-15,J,XXXX,4,10,F,1,199809,1,"$101,142",30.1
ARCE,06,E,17,12,D,0110,1,GS-12,D,XXXX,8,10,F,1,199809,1,"$47,228",6.2
ARCE,06,C,13,07,A,0110,1,GS-07,B,XXXX,8,15,F,1,199809,1,"$26,624",0.8
ARCE,06,E,13,13,D,0110,1,GS-13,F,XXXX,2,10,F,1,199809,1,"$63,310",9.9
ARCE,06,E,17,11,C,0110,1,GS-11,C,XXXX,8,10,F,1,199809,1,"$39,406",3.9
ARCE,06,F,07,04,G,0119,3,GS-04,B,XXXX,8,38,F,1,199809,1,"$24,393",21.7
ARCE,53,F,13,12,F,0110,1,GS-12,E,XXXX,8,10,F,1,199809,1,"$52,423",19.3
ARCE,06,D,10,11,C,0110,1,GS-11,D,XXXX,8,15,F,1,199809,1,"$41,024",3.4
ARCE,11,F,13,14,E,0110,1,GS-14,G,XXXX,8,10,F,1,199809,1,"$72,752",14.2
ARCE,40,H,17,12,G,0110,1,GS-12,F,XXXX,8,10,F,1,199809,1,"$60,135",24.4
ARCE,41,G,13,14,G,0110,1,GS-14,H,XXXX,8,10,F,1,199809,1,"$81,493",24.8
ARCE,06,C,13,11,D,0110,1,GS-11,D,XXXX,8,10,F,1,199809,1,"$41,024",7.7
ARCE,06,F,13,07,A,0110,1,GS-07,C,XXXX,8,15,F,1,199809,1,"$32,832",0.6
ARCE,06,G,17,13,G,0110,1,GS-13,F,XXXX,8,10,F,1,199809,1,"$66,263",21.4
ARCE,51,I,17,14,I,0110,1,GS-14,H,XXXX,8,10,F,1,199809,1,"$85,978",31.2
ARCE,41,F,17,13,F,0110,1,GS-13,G,XXXX,8,10,F,1,199809,1,"$70,827",15.4
ARCE,51,D,13,13,E,0110,1,GS-13,F,XXXX,8,10,F,1,199809,1,"$61,565",13.8
ARCE,02,D,13,11,D,0110,1,GS-11,D,XXXX,8,10,F,1,199809,1,"$40,269",6.2
ARCE,15,E,13,12,F,0110,1,GS-12,D,XXXX,8,10,F,1,199809,1,"$48,265",17.0
ARCE,11,D,15,13,C,0110,1,GS-13,E,XXXX,8,10,F,1,199809,1,"$55,969",4.9
ARCE,02,F,13,11,C,0110,1,GS-11,D,XXXX,8,10,P,2,199809,1,"$40,269",4.9
ARCE,15,E,17,12,D,0110,1,GS-12,D,XXXX,8,10,F,1,199809,1,"$48,265",8.7
ARCE,06,C,14,07,B,0110,1,GS-07,B,XXXX,8,15,F,1,199809,1,"$26,624",1.7
ARCE,21,K,21,11,G,0110,1,GS-11,E,XXXX,8,10,F,1,199809,1,"$50,168",20.5
ARCE,11,G,14,14,H,0110,1,GS-14,G,XXXX,8,10,F,1,199809,1,"$79,365",26.8
ARCE,06,E,13,11,D,0110,1,GS-11,E,XXXX,8,10,F,1,199809,1,"$52,495",8.3
ARCE,RQ,H,18,13,G,0110,1,GS-13,F,XXXX,2,10,F,1,199809,1,"$67,827",23.1
ARCE,RQ,K,17,11,F,0110,1,GS-11,D,XXXX,8,10,F,1,199809,1,"$40,269",15.8
ARCE,11,G,16,14,H,0110,1,GS-14,G,XXXX,8,10,F,1,199809,1,"$72,752",25.8
ARCE,35,G,13,12,F,0110,1,GS-12,E,XXXX,8,10,F,1,199809,1,"$57,050",19.8
ARCE,35,C,13,11,D,0110,1,GS-11,D,XXXX,8,10,F,1,199809,1,"$41,165",6.4
ARCE,35,F,13,12,G,0110,1,GS-12,E,XXXX,8,10,F,1,199809,1,"$57,050",21.0
ARCE,47,G,17,12,G,0110,1,GS-12,E,XXXX,8,10,F,1,199809,1,"$57,050",20.2
ARCE,28,G,17,13,G,0110,1,GS-13,F,XXXX,2,10,F,1,199809,1,"$66,003",20.3
ARCE,47,F,17,12,F,0110,1,GS-12,E,XXXX,8,10,F,1,199809,1,"$58,592",17.8
ARCE,47,F,17,11,F,0110,1,GS-11,D,XXXX,8,10,F,1,199809,1,"$48,882",18.3
ARJA,11,I,21,,E,0110,1,AD-00,H,XXXX,8,48,F,2,199809,1,"$88,688",14.4
ARJA,11,G,21,,F,0110,1,AD-00,H,XXXX,8,48,F,2,199809,1,"$85,890",17.5
ARJA,11,H,21,,F,0110,1,AD-00,I,XXXX,8,48,F,2,199809,1,"$98,481",16.1
ARJA,11,D,21,,A,0110,1,AD-00,H,XXXX,8,48,P,2,199809,1,"$81,693",0.0
ARJA,11,K,21,,G,0110,1,AD-00,I,XXXX,8,48,F,2,199809,1,"$98,481",24.5
ARJA,11,J,21,,E,0110,1,AD-00,I,XXXX,8,48,F,2,199809,1,"$92,886",10.4
ARMP,51,I,21,13,E,0110,1,GS-13,Z,XXXX,4,10,F,1,199809,1,,11.8
ARMT,51,I,20,15,H,0110,1,GM-15,J,XXXX,2,10,F,1,199809,1,"$101,142",29.0
ARMT,51,F,13,11,E,0110,1,GS-11,C,XXXX,8,10,F,1,199809,1,"$39,270",11.3
ARMT,51,H,17,13,H,0110,1,GS-13,F,XXXX,8,10,F,1,199809,1,"$67,162",27.5
ARSB,51,D,17,13,D,0110,1,GS-13,E,XXXX,8,10,F,1,199809,1,"$59,700",6.8
ARX2,51,I,14,14,H,0110,1,GS-14,H,XXXX,8,10,F,1,199809,1,"$85,978",27.9
ARX2,51,I,13,13,J,0110,1,GS-13,G,XXXX,8,10,F,1,199809,1,"$72,758",37.2
ARXA,24,E,13,12,E,0110,1,GS-12,E,XXXX,8,10,F,1,199809,1,"$54,913",12.5
ARXQ,17,I,17,13,H,0110,1,GS-13,F,XXXX,8,10,F,1,199809,1,"$67,837",25.8
BG00,11,G,21,,G,0110,1,SL-00,K,XXXX,2,10,F,1,199809,1,"$110,016",24.1
BG00,11,G,17,13,H,0110,1,GM-13,G,XXXX,5,10,F,1,199809,1,"$72,330",25.9
BG00,11,E,17,13,E,0110,1,GS-13,F,XXXX,8,10,F,1,199809,1,"$61,565",10.2
BG00,11,E,13,11,B,0110,1,GS-11,C,XXXX,8,15,F,1,199809,1,"$39,270",2.2
BO00,11,F,21,15,E,0110,1,GS-15,I,XXXX,8,10,F,1,199809,1,"$90,767",13.1
BO00,11,J,21,15,H,0110,1,GS-15,J,XXXX,8,10,F,1,199809,1,"$101,142",27.8
BO00,11,I,22,15,H,0110,1,GS-15,J,XXXX,8,10,F,1,199809,1,"$101,142",25.8
BO00,11,H,21,15,E,0110,1,GS-15,I,XXXX,8,10,F,1,199809,1,"$93,360",14.5
BO00,11,H,17,15,G,0110,1,GS-15,I,XXXX,8,10,F,1,199809,1,"$98,548",23.5
BO00,11,I,21,15,F,0110,1,GS-15,J,XXXX,8,10,F,1,199809,1,"$101,142",19.7
BO00,11,I,20,,I,0110,1,ES-04,L,XXXX,2,50,F,1,199809,1,"$122,824",32.4
BO00,11,H,13,14,G,0110,1,GS-14,H,XXXX,8,10,F,1,199809,1,"$81,569",24.6
BO00,11,H,21,,H,0110,1,ES-03,K,XXXX,2,50,F,1,199809,1,"$116,495",26.1
BO00,11,F,18,15,E,0110,1,GS-15,I,XXXX,8,10,P,2,199809,1,"$98,548",14.9
BO00,11,F,17,15,F,0110,1,GS-15,I,XXXX,8,10,F,1,199809,1,"$95,954",15.3
BO00,11,G,13,15,F,0110,1,GS-15,I,XXXX,8,10,F,1,199809,1,"$90,767",19.7
BO00,11,H,13,15,H,0110,1,GS-15,J,XXXX,8,10,F,1,199809,1,"$101,142",29.1
BO00,11,I,21,15,H,0110,1,GS-15,J,XXXX,8,10,F,1,199809,1,"$101,142",25.4
BO00,11,I,21,15,H,0110,1,GS-15,J,XXXX,4,10,F,1,199809,1,"$101,142",25.8
BO00,11,H,21,15,G,0110,1,GS-15,I,XXXX,8,10,F,1,199809,1,"$95,954",23.8
BO00,11,I,17,15,H,0110,1,GS-15,J,XXXX,8,10,F,1,199809,1,"$101,142",25.1
BO00,11,G,21,15,E,0110,1,GS-15,I,XXXX,8,10,F,1,199809,1,"$90,767",12.1
BO00,11,G,21,15,F,0110,1,GS-15,I,XXXX,8,10,F,1,199809,1,"$98,548",19.1
BO00,11,F,17,15,E,0110,1,GS-15,I,XXXX,8,10,F,1,199809,1,"$93,360",11.9
BO00,11,F,17,14,F,0110,1,GS-14,G,XXXX,8,10,F,1,199809,1,"$72,752",16.1
BO00,11,H,14,15,G,0110,1,GS-15,I,XXXX,8,10,F,1,199809,1,"$98,548",22.1
BO00,11,H,18,15,H,0110,1,GS-15,J,XXXX,8,10,F,1,199809,1,"$101,142",29.0
CE00,11,C,14,,A,0110,1,AD-00,C,XXXX,8,38,F,1,199809,1,"$35,000",0.2
CE00,11,H,21,,F,0110,1,AD-00,I,XXXX,8,38,F,1,199809,1,"$90,000",15.4
CE00,11,C,18,,A,0110,1,AD-00,C,XXXX,8,38,F,1,199809,1,"$35,000",0.1
CE00,11,B,17,,A,0110,1,AD-00,C,XXXX,8,38,F,1,199809,1,"$35,000",0.0
CE00,11,C,17,12,B,0110,1,GS-12,D,XXXX,8,15,F,1,199809,1,"$47,066",2.3
CE00,11,B,14,,A,0110,1,AD-00,C,XXXX,8,38,F,1,199809,1,"$35,000",0.0
CE00,11,F,21,,B,0110,1,AD-00,K,XXXX,8,38,F,1,199809,1,"$118,400",1.9
CE00,11,C,17,,A,0110,1,AD-00,C,XXXX,8,38,F,1,199809,1,"$35,000",0.1
CM52,11,J,17,13,I,0110,1,GS-13,G,XXXX,8,10,F,1,199809,1,"$72,758",32.3
CM52,11,I,14,14,I,0110,1,GM-14,H,XXXX,5,10,F,1,199809,1,"$85,978",32.8
CM52,11,F,21,13,A,0110,1,GS-13,E,XXXX,8,15,F,1,199809,1,"$55,969",0.2
CM53,11,E,13,,F,0110,1,ZP-04,F,XXXX,8,10,F,1,199809,1,"$63,431",17.6
CM53,11,H,13,,G,0110,1,ZP-04,G,XXXX,2,10,F,1,199809,1,"$78,801",21.4
CM53,11,B,12,,B,0110,1,ZP-02,C,XXXX,8,15,F,1,199809,1,"$34,000",1.3
CM53,11,F,13,,G,0110,1,ZP-03,E,XXXX,8,10,P,2,199809,1,"$56,482",21.3
CM53,11,G,14,,G,0110,1,ZP-05,I,XXXX,2,10,F,1,199809,1,"$93,360",21.9
CM53,11,J,14,,J,0110,1,ZP-04,H,XXXX,8,10,F,1,199809,1,"$85,978",38.0
CM53,11,H,21,,F,0110,1,ZP-04,F,XXXX,8,10,F,1,199809,1,"$63,431",17.3
CM53,11,G,17,,F,0110,1,ZP-04,G,XXXX,2,10,F,1,199809,1,"$70,893",15.3
CM53,11,H,17,,H,0110,1,ZP-04,F,XXXX,8,10,F,1,199809,1,"$69,038",26.1
CM53,11,G,17,,F,0110,1,ZP-04,G,XXXX,8,10,F,1,199809,1,"$74,956",19.0
CM53,11,D,13,,A,0110,1,ZP-02,C,XXXX,8,15,F,1,199809,1,"$32,457",0.5
CM53,11,I,14,,H,0110,1,ES-04,L,XXXX,2,50,F,1,199809,1,"$122,824",27.3
CM53,11,C,13,,B,0110,1,ZP-02,B,XXXX,8,15,F,1,199809,1,"$26,532",2.8
CM53,11,C,13,,C,0110,1,ZP-03,C,XXXX,8,10,F,1,199809,1,"$39,270",3.9
CM53,11,E,17,,D,0110,1,ZP-03,D,XXXX,8,10,F,1,199809,1,"$49,000",8.7
CM53,11,H,21,,G,0110,1,ES-05,L,XXXX,2,50,F,1,199809,1,"$125,900",20.6
CM53,11,F,17,,D,0110,1,ZP-03,E,XXXX,8,10,F,1,199809,1,"$51,774",8.1
CM53,11,G,17,,G,0110,1,ZP-04,G,XXXX,8,10,F,1,199809,1,"$72,758",24.6
CM53,11,C,13,,B,0110,1,ZP-02,C,XXXX,8,15,F,1,199809,1,"$33,500",1.3
CM53,11,F,13,,C,0110,1,ZP-03,D,XXXX,8,10,F,1,199809,1,"$42,608",4.8
CM53,11,I,13,,G,0110,1,ZP-04,F,XXXX,8,10,F,1,199809,1,"$68,103",24.8
CM53,11,H,18,,G,0110,1,ZP-04,H,XXXX,8,10,F,1,199809,1,"$85,978",20.2
CM53,11,E,17,,D,0110,1,ZP-04,E,XXXX,8,10,F,1,199809,1,"$55,969",8.4
CM53,11,I,18,,H,0110,1,ZP-04,H,XXXX,8,10,F,1,199809,1,"$85,978",26.1
CM53,11,I,17,,F,0110,1,ZP-04,F,XXXX,8,10,P,2,199809,1,"$61,534",15.6
CM53,11,H,14,,H,0110,1,ZP-05,I,XXXX,2,10,F,1,199809,1,"$93,360",27.9
CM53,11,J,14,,I,0110,1,ZP-03,F,XXXX,8,10,F,1,199809,1,"$61,190",34.5
CM53,11,G,13,,G,0110,1,ZP-04,F,XXXX,8,10,F,1,199809,1,"$65,296",22.0
CM53,11,K,21,,E,0110,1,ES-04,L,XXXX,2,50,F,1,199809,1,"$122,824",13.3
CM53,11,G,17,,F,0110,1,ZP-05,H,XXXX,2,10,F,1,199809,1,"$89,831",18.5
CM53,11,J,13,,H,0110,1,ZP-04,H,XXXX,8,10,F,1,199809,1,"$85,978",26.3
CM53,11,E,17,,E,0110,1,ZP-04,G,XXXX,2,10,F,1,199809,1,"$72,752",13.8
CM53,11,I,18,,H,0110,1,ZP-04,F,XXXX,8,10,F,1,199809,1,"$69,027",25.8
CM53,11,C,13,,C,0110,1,ZP-03,C,XXXX,8,10,F,1,199809,1,"$39,270",3.6
CM53,11,H,21,,G,0110,1,ZP-05,I,XXXX,8,10,F,1,199809,1,"$98,548",21.0
CM53,11,G,17,,F,0110,1,ZP-04,G,XXXX,8,10,F,1,199809,1,"$72,758",19.4
CM53,11,D,13,,E,0110,1,ZP-03,E,XXXX,8,10,F,1,199809,1,"$56,482",10.1
CM53,11,H,17,,F,0110,1,ZP-04,F,XXXX,8,10,F,1,199809,1,"$65,296",17.8
CM53,11,E,18,,E,0110,1,ZP-04,F,XXXX,8,10,F,1,199809,1,"$63,431",14.8
CM53,11,C,17,,C,0110,1,ZP-03,D,XXXX,8,10,F,1,199809,1,"$40,579",4.2
CM53,11,H,13,,H,0110,1,ZP-04,H,XXXX,8,10,F,1,199809,1,"$83,774",26.0
CM53,11,E,13,,E,0110,1,ZP-02,C,XXXX,8,10,F,1,199809,1,"$38,951",13.6
CM53,11,K,13,,H,0110,1,ZP-03,E,XXXX,8,10,F,1,199809,1,"$51,774",25.1
CM53,11,H,13,,H,0110,1,ZP-05,J,XXXX,2,10,P,2,199809,1,"$101,142",28.2
CM53,11,G,17,,A,0110,1,ZP-02,C,XXXX,8,15,F,1,199809,1,"$35,700",0.3
CM53,11,C,13,,B,0110,1,ZP-02,B,XXXX,8,15,F,1,199809,1,"$26,532",2.8
CM53,11,E,13,,D,0110,1,ZP-03,C,XXXX,8,10,F,1,199809,1,"$39,270",6.5
CM53,11,C,14,,C,0110,1,ZP-03,C,XXXX,8,10,F,1,199809,1,"$39,270",3.8
CM53,11,D,13,,D,0110,1,ZP-03,D,XXXX,8,10,F,1,199809,1,"$47,066",7.3
CM53,11,F,13,,F,0110,1,ZP-03,E,XXXX,8,10,F,1,199809,1,"$53,343",17.9
CM53,11,D,21,,A,0110,1,ZP-02,C,XXXX,8,15,F,1,199809,1,"$35,702",0.3
CM53,11,F,13,,G,0110,1,ZP-04,G,XXXX,2,10,F,1,199809,1,"$77,160",21.6
CM53,11,C,14,,B,0110,1,ZP-02,C,XXXX,8,15,F,1,199809,1,"$31,836",1.2
CM53,11,H,17,,I,0110,1,ES-02,K,XXXX,2,50,F,1,199809,1,"$111,454",32.6
CM53,11,B,13,,A,0110,1,ZP-02,B,XXXX,8,15,F,1,199809,1,"$29,186",0.1
CM53,11,J,21,,H,0110,1,ZP-05,J,XXXX,8,10,F,1,199809,1,"$101,142",29.3
CM53,11,G,14,,G,0110,1,ZP-04,F,XXXX,8,10,F,1,199809,1,"$66,700",22.3
CM53,11,G,17,,G,0110,1,ZP-05,I,XXXX,2,10,F,1,199809,1,"$90,767",23.0
CM53,11,H,21,,G,0110,1,ZP-05,J,XXXX,8,10,F,1,199809,1,"$101,142",20.8
CM53,11,F,13,,G,0110,1,ZP-03,E,XXXX,8,10,F,1,199809,1,"$58,051",20.1
CM53,11,B,13,,A,0110,1,ZP-02,B,XXXX,8,15,F,1,199809,1,"$29,186",0.2
CM53,11,G,13,,E,0110,1,ZP-03,E,XXXX,8,10,F,1,199809,1,"$56,482",13.4
CM53,11,H,13,,H,0110,1,ZP-04,F,XXXX,8,10,F,1,199809,1,"$65,296",26.0
CM53,11,D,13,,D,0110,1,ZP-03,E,XXXX,8,10,F,1,199809,1,"$51,774",7.3
CM53,11,I,21,,G,0110,1,ZP-05,J,XXXX,2,10,F,1,199809,1,"$101,142",22.9
CM53,11,D,13,,D,0110,1,ZP-03,E,XXXX,8,10,F,1,199809,1,"$50,205",9.2
CM53,11,B,13,,B,0110,1,ZP-02,B,XXXX,8,15,F,1,199809,1,"$26,532",1.0
CM53,11,I,14,,I,0110,1,ZP-04,H,XXXX,8,20,I,2,199809,1,"$85,978",34.3
CM53,11,G,17,,H,0110,1,ZP-04,H,XXXX,8,10,F,1,199809,1,"$85,978",26.0
CM53,11,E,13,,E,0110,1,ZP-04,F,XXXX,8,10,F,1,199809,1,"$65,296",14.3
CM53,11,G,21,,F,0110,1,ZP-05,I,XXXX,2,10,F,1,199809,1,"$98,278",19.4
CM53,11,G,14,,G,0110,1,ZP-03,E,XXXX,8,10,F,1,199809,1,"$58,051",20.7
CM53,11,I,13,,I,0110,1,ZP-03,F,XXXX,8,10,F,1,199809,1,"$61,190",31.8
CM53,11,F,13,,G,0110,1,ZP-04,F,XXXX,8,10,F,1,199809,1,"$67,162",22.4
CM53,11,D,17,,D,0110,1,ZP-03,E,XXXX,8,10,F,1,199809,1,"$50,205",7.5
CM53,11,F,13,,F,0110,1,ZP-03,D,XXXX,8,10,F,1,199809,1,"$48,635",16.0
CM53,11,E,13,,E,0110,1,ZP-03,E,XXXX,8,10,F,1,199809,1,"$56,482",14.0
CM53,11,H,13,,I,0110,1,ZP-05,J,XXXX,8,10,F,1,199809,1,"$101,142",32.3
CM53,11,G,14,,F,0110,1,ZP-03,D,XXXX,8,10,F,1,199809,1,"$48,431",19.3
CM53,11,D,13,,D,0110,1,ZP-04,E,XXXX,8,10,F,1,199809,1,"$57,835",8.3
CM53,11,D,13,,C,0110,1,ZP-03,D,XXXX,8,10,F,1,199809,1,"$48,635",4.8
CM53,11,D,17,,C,0110,1,ZP-03,C,XXXX,8,10,F,1,199809,1,"$39,270",3.0
CM53,11,G,17,,H,0110,1,ES-01,J,XXXX,2,50,F,1,199809,1,"$106,412",25.9
CM53,11,G,13,,G,0110,1,ZP-04,G,XXXX,2,10,F,1,199809,1,"$77,810",23.0
CM53,11,F,13,,G,0110,1,ZP-04,F,XXXX,8,10,F,1,199809,1,"$69,968",20.4
CM53,11,C,13,,A,0110,1,ZP-02,B,XXXX,8,15,F,1,199809,1,"$26,532",0.6
CM53,11,D,13,,D,0110,1,ZP-03,E,XXXX,8,10,F,1,199809,1,"$50,205",7.9
CM53,11,B,13,,A,0110,1,ZP-02,B,XXXX,8,15,F,1,199809,1,"$26,532",0.8
CM53,11,H,17,,H,0110,1,ZP-05,J,XXXX,2,10,F,1,199809,1,"$101,142",28.8
CM53,11,F,13,,G,0110,1,ZP-04,H,XXXX,8,10,F,1,199809,1,"$81,569",20.7
CM53,11,C,17,,C,0110,1,ZP-03,D,XXXX,8,10,F,1,199809,1,"$47,500",3.6
CM53,11,B,13,,B,0110,1,ZP-02,C,XXXX,8,15,F,1,199809,1,"$32,457",1.3
CM53,11,C,13,,C,0110,1,ZP-03,D,XXXX,8,10,F,1,199809,1,"$47,066",4.2
CM53,11,I,21,,H,0110,1,ZP-05,J,XXXX,8,10,F,1,199809,1,"$101,142",27.1
CM53,11,H,21,,I,0110,1,ZP-04,H,XXXX,8,10,F,1,199809,1,"$85,978",30.4
CM53,11,F,13,,A,0110,1,ZP-02,B,XXXX,8,15,F,1,199809,1,"$29,186",0.3
CM53,11,F,13,,F,0110,1,ZP-04,F,XXXX,8,10,P,2,199809,1,"$61,565",19.7
CM53,11,D,13,,D,0110,1,ZP-04,E,XXXX,2,10,F,1,199809,1,"$55,969",7.5
CM53,11,D,13,,D,0110,1,ZP-04,E,XXXX,8,10,F,1,199809,1,"$55,969",7.2
CM53,11,E,13,,E,0110,1,ZP-04,E,XXXX,8,10,F,1,199809,1,"$59,700",12.0
CM53,11,B,13,,C,0110,1,ZP-02,B,XXXX,8,15,F,1,199809,1,"$26,532",3.8
CM53,11,I,13,,F,0110,1,ZP-03,E,XXXX,8,10,F,1,199809,1,"$54,913",19.3
CM53,11,G,13,,F,0110,1,ZP-03,E,XXXX,8,10,F,1,199809,1,"$56,482",15.7
CM53,11,G,21,,G,0110,1,ZP-03,F,XXXX,8,10,F,1,199809,1,"$61,190",23.3
CM53,11,C,13,,C,0110,1,ZP-03,C,XXXX,8,10,F,1,199809,1,"$39,270",3.0
CM53,11,E,13,,E,0110,1,ZP-03,D,XXXX,8,10,F,1,199809,1,"$45,814",10.2
CM53,11,C,13,,D,0110,1,ZP-03,D,XXXX,8,10,F,1,199809,1,"$47,066",5.3
CM53,11,G,13,,G,0110,1,ZP-03,D,XXXX,8,10,F,1,199809,1,"$47,066",23.6
CM53,11,C,13,,D,0110,1,ZP-03,D,XXXX,8,10,F,1,199809,1,"$48,635",5.3
CM53,11,C,13,,D,0110,1,ZP-03,C,XXXX,8,10,F,1,199809,1,"$39,270",6.5
CM53,11,B,13,,A,0110,1,ZP-02,B,XXXX,8,15,F,1,199809,1,"$29,186",0.1
CM53,11,H,13,,I,0110,1,ZP-04,G,XXXX,8,10,F,1,199809,1,"$72,758",30.0
CM53,11,D,13,,E,0110,1,ZP-03,E,XXXX,8,10,F,1,199809,1,"$53,343",10.8
CM53,11,H,21,,D,0110,1,ZP-04,E,XXXX,8,10,F,1,199809,1,"$59,700",7.7
CM53,11,F,17,,G,0110,1,ZP-04,G,XXXX,2,10,F,1,199809,1,"$77,160",23.6
CM53,11,C,13,,C,0110,1,ZP-03,D,XXXX,8,10,F,1,199809,1,"$40,579",4.3
CM53,11,G,17,,F,0110,1,ZP-03,E,XXXX,8,10,P,2,199809,1,"$56,482",15.4
CM53,11,G,13,,H,0110,1,ZP-04,H,XXXX,2,10,F,1,199809,1,"$81,569",27.8
CM53,11,E,17,,D,0110,1,ZP-04,E,XXXX,8,10,F,1,199809,1,"$56,544",6.2
CM53,11,E,17,,D,0110,1,ZP-03,E,XXXX,8,10,F,1,199809,1,"$51,774",8.8
CM53,11,I,14,,I,0110,1,ZP-03,E,XXXX,8,10,F,1,199809,1,"$59,621",33.3
CM53,11,G,14,,G,0110,1,ZP-03,E,XXXX,8,10,F,1,199809,1,"$59,621",22.9
CM53,11,H,14,,H,0110,1,ZP-04,H,XXXX,8,10,F,1,199809,1,"$85,978",29.3
CM53,11,G,17,,G,0110,1,ZP-05,I,XXXX,2,10,F,1,199809,1,"$90,767",22.1
CM53,11,D,17,,C,0110,1,ZP-03,C,XXXX,8,10,F,1,199809,1,"$39,270",3.9
CM53,11,C,13,,C,0110,1,ZP-03,D,XXXX,8,10,F,1,199809,1,"$40,579",4.1
CM53,11,H,05,,F,0110,1,ZP-02,C,XXXX,8,10,P,2,199809,1,"$36,786",18.8
CM53,11,G,13,,F,0110,1,ZP-03,D,XXXX,8,10,F,1,199809,1,"$44,505",15.3
CM53,11,G,17,,F,0110,1,ZP-03,E,XXXX,8,10,F,1,199809,1,"$54,913",18.8
CM53,11,B,13,,B,0110,1,ZP-02,B,XXXX,8,15,F,1,199809,1,"$26,532",1.0
CM53,11,B,13,,A,0110,1,ZP-02,B,XXXX,8,15,F,1,199809,1,"$29,186",0.1
CM53,11,F,13,,F,0110,1,ZP-03,E,XXXX,8,10,P,2,199809,1,"$56,482",18.2
CM53,11,F,17,,G,0110,1,ZP-04,F,XXXX,8,10,F,1,199809,1,"$69,969",21.3
CM53,11,I,13,,G,0110,1,ZP-04,F,XXXX,8,10,F,1,199809,1,"$65,296",23.2
CM53,11,G,17,,F,0110,1,ZP-04,G,XXXX,2,10,F,1,199809,1,"$72,752",18.6
CM53,11,C,13,,D,0110,1,ZP-03,D,XXXX,8,10,F,1,199809,1,"$48,635",6.9
CM53,11,D,13,,D,0110,1,ZP-03,D,XXXX,8,10,F,1,199809,1,"$48,635",6.3
CM53,11,D,17,,D,0110,1,ZP-03,D,XXXX,8,10,F,1,199809,1,"$48,635",5.0
CM53,11,H,14,,G,0110,1,ZP-03,E,XXXX,8,10,F,1,199809,1,"$54,913",24.3
CM53,11,E,17,,F,0110,1,ZP-04,E,XXXX,8,10,F,1,199809,1,"$59,700",16.0
CM53,11,G,13,,H,0110,1,ZP-04,F,XXXX,8,10,F,1,199809,1,"$65,296",29.7
CM53,11,G,13,,H,0110,1,ZP-05,I,XXXX,2,10,F,1,199809,1,"$95,463",26.0
CM53,11,D,17,,D,0110,1,ZP-04,E,XXXX,8,10,F,1,199809,1,"$57,835",7.3
CM53,11,D,13,,D,0110,1,ZP-03,D,XXXX,8,10,F,1,199809,1,"$48,635",9.9
CM53,11,B,13,,B,0110,1,ZP-02,C,XXXX,8,15,F,1,199809,1,"$33,500",1.2
CM53,11,D,14,,D,0110,1,ZP-03,E,XXXX,8,10,F,1,199809,1,"$51,774",8.3
CM53,11,E,17,,D,0110,1,ZP-03,E,XXXX,8,10,F,1,199809,1,"$50,205",9.1
CM53,11,E,17,,E,0110,1,ZP-04,F,XXXX,8,10,F,1,199809,1,"$61,565",11.9
CM53,11,G,13,,F,0110,1,ZP-04,F,XXXX,8,10,I,2,199809,1,"$65,183",15.8
CM53,11,G,21,,F,0110,1,ZP-04,G,XXXX,2,10,F,1,199809,1,"$77,160",15.8
CM53,11,F,13,,G,0110,1,ZP-04,G,XXXX,8,10,F,1,199809,1,"$72,758",24.8
CM53,11,E,14,,B,0110,1,ZP-02,B,XXXX,8,15,F,1,199809,1,"$26,532",1.0
CM53,11,C,17,,A,0110,1,ZP-02,C,XXXX,8,15,F,1,199809,1,"$32,457",0.6
CM53,11,E,13,,F,0110,1,ZP-04,F,XXXX,8,10,F,1,199809,1,"$65,296",17.9
CM53,11,I,21,,G,0110,1,ZP-05,J,XXXX,8,10,F,1,199809,1,"$101,142",23.1
CM53,11,G,17,,G,0110,1,ZP-04,G,XXXX,8,10,F,1,199809,1,"$70,903",23.1
CM53,11,F,17,,F,0110,1,ZP-03,E,XXXX,8,10,F,1,199809,1,"$56,482",18.4
CM53,11,B,13,,A,0110,1,ZP-02,B,XXXX,8,15,F,1,199809,1,"$29,186",0.1
CM53,11,I,09,,I,0110,1,ZP-03,E,XXXX,8,10,F,1,199809,1,"$54,913",33.4
CM53,11,G,13,,H,0110,1,ZP-04,F,XXXX,8,10,P,2,199809,1,"$69,969",25.1
CM53,11,F,21,,E,0110,1,ZP-04,F,XXXX,2,10,F,1,199809,1,"$68,343",11.0
CM53,11,D,14,,D,0110,1,ZP-04,E,XXXX,8,10,F,1,199809,1,"$55,969",5.2
CM53,11,D,14,,D,0110,1,ZP-03,D,XXXX,8,10,F,1,199809,1,"$48,635",5.0
CM53,11,H,21,,F,0110,1,ZP-05,J,XXXX,2,10,F,1,199809,1,"$101,142",19.3
CM53,11,D,17,,D,0110,1,ZP-03,E,XXXX,8,10,F,1,199809,1,"$50,205",5.1
CM53,11,F,14,,F,0110,1,ZP-04,F,XXXX,8,10,F,1,199809,1,"$63,431",18.3
CM53,11,G,21,,F,0110,1,ES-06,L,XXXX,2,50,F,1,199809,1,"$125,900",19.1
CM53,11,H,21,,H,0110,1,ZP-05,I,XXXX,2,10,F,1,199809,1,"$90,767",25.6
CM53,11,C,13,,C,0110,1,ZP-03,C,XXXX,8,10,F,1,199809,1,"$39,270",3.1
CM53,11,D,13,,C,0110,1,ZP-03,D,XXXX,8,10,F,1,199809,1,"$48,635",4.1
CM53,11,E,17,,E,0110,1,ZP-03,D,XXXX,8,38,F,1,199809,1,"$47,066",11.4
CM53,11,D,13,,D,0110,1,ZP-04,E,XXXX,8,10,F,1,199809,1,"$55,969",6.8
CM53,11,J,21,,G,0110,1,ZP-05,J,XXXX,2,10,F,1,199809,1,"$101,142",23.7
CM53,11,K,13,,G,0110,1,ZP-03,E,XXXX,8,10,F,1,199809,1,"$54,913",21.3
CM53,11,F,17,,F,0110,1,ZP-03,E,XXXX,8,10,F,1,199809,1,"$54,913",19.3
CM53,11,E,17,,E,0110,1,ZP-04,E,XXXX,8,10,F,1,199809,1,"$59,700",10.0
CM53,11,B,13,,A,0110,1,ZP-02,B,XXXX,8,15,F,1,199809,1,"$29,186",0.3
CM53,11,H,14,,H,0110,1,ZP-04,G,XXXX,8,10,F,1,199809,1,"$72,758",27.3
CM53,11,E,17,,E,0110,1,ZP-03,E,XXXX,8,10,F,1,199809,1,"$54,913",11.2
CM53,11,I,14,,J,0110,1,ZP-05,J,XXXX,2,10,F,1,199809,1,"$101,142",40.2
CM53,11,D,17,,C,0110,1,ZP-03,D,XXXX,8,10,F,1,199809,1,"$47,066",4.0
CM53,11,F,13,,E,0110,1,ZP-04,E,XXXX,8,10,F,1,199809,1,"$59,871",14.6
CM53,11,C,13,,A,0110,1,ZP-02,B,XXXX,8,15,F,1,199809,1,"$29,186",0.1
CM53,11,F,17,,E,0110,1,ZP-04,F,XXXX,8,10,F,1,199809,1,"$61,565",11.6
CM53,11,C,13,,B,0110,1,ZP-02,B,XXXX,8,15,F,1,199809,1,"$26,532",1.2
CM53,11,B,13,,A,0110,1,ZP-02,B,XXXX,8,15,F,1,199809,1,"$29,186",0.1
CM53,11,D,13,,D,0110,1,ZP-03,D,XXXX,8,10,F,1,199809,1,"$47,066",8.1
CM53,11,B,13,,A,0110,1,ZP-02,B,XXXX,8,15,F,1,199809,1,"$29,186",0.1
CM53,11,D,13,,E,0110,1,ZP-03,D,XXXX,8,10,F,1,199809,1,"$48,635",11.1
CM53,11,B,13,,B,0110,1,ZP-02,B,XXXX,8,15,F,1,199809,1,"$26,532",1.2
CM53,11,C,14,,C,0110,1,ZP-03,C,XXXX,8,10,F,1,199809,1,"$39,270",3.9
CM53,11,H,17,,H,0110,1,ZP-04,G,XXXX,2,10,F,1,199809,1,"$79,365",28.6
CM53,11,E,13,,E,0110,1,ZP-05,G,XXXX,2,10,F,1,199809,1,"$77,798",14.0
CM53,11,K,17,,G,0110,1,ZP-03,D,XXXX,8,10,F,1,199809,1,"$45,814",20.4
CM53,11,H,13,,H,0110,1,ZP-04,H,XXXX,2,10,F,1,199809,1,"$85,978",27.9
CM53,11,G,19,,F,0110,1,ZP-03,D,XXXX,8,10,F,1,199809,1,"$48,635",19.6
CM53,11,B,13,,A,0110,1,ZP-02,B,XXXX,8,15,F,1,199809,1,"$29,186",0.1
CM53,11,I,21,,G,0110,1,ES-04,L,XXXX,2,50,F,1,199809,1,"$122,824",23.0
CM53,11,D,18,,D,0110,1,ZP-03,E,XXXX,8,10,F,1,199809,1,"$53,343",6.3
CM53,11,F,17,,D,0110,1,ZP-04,E,XXXX,8,10,F,1,199809,1,"$59,700",9.8
CM53,11,I,14,,J,0110,1,ZP-04,H,XXXX,8,10,F,1,199809,1,"$85,978",35.3
CM53,11,C,13,,C,0110,1,ZP-03,C,XXXX,8,10,F,1,199809,1,"$39,270",3.1
CM53,11,F,13,,F,0110,1,ZP-03,E,XXXX,8,10,F,1,199809,1,"$58,051",19.3
CM53,11,J,14,,G,0110,1,ZP-04,H,XXXX,8,10,F,1,199809,1,"$85,978",21.0
CM53,11,C,13,,D,0110,1,ZP-03,E,XXXX,8,10,F,1,199809,1,"$51,774",6.9
CM53,11,E,17,,D,0110,1,ZP-03,E,XXXX,8,10,F,1,199809,1,"$51,774",7.7
CM53,11,F,13,,F,0110,1,ZP-04,G,XXXX,2,10,F,1,199809,1,"$76,056",19.0
CM53,11,I,17,,H,0110,1,ZP-04,H,XXXX,8,10,F,1,199809,1,"$85,978",25.4
CM53,11,C,13,,B,0110,1,ZP-02,B,XXXX,8,15,F,1,199809,1,"$26,532",1.0
CM53,11,K,21,,H,0110,1,ZP-04,H,XXXX,8,10,F,1,199809,1,"$85,978",28.3
CM53,11,J,17,,H,0110,1,ZP-04,H,XXXX,8,10,F,1,199809,1,"$83,774",28.8
CM53,11,H,17,,G,0110,1,ZP-04,G,XXXX,8,10,F,1,199809,1,"$79,365",24.5
CM53,11,C,13,,C,0110,1,ZP-03,C,XXXX,8,10,F,1,199809,1,"$39,270",3.3
CM53,11,F,17,,D,0110,1,ZP-03,E,XXXX,8,10,F,1,199809,1,"$51,774",7.3
CM53,11,H,18,,G,0110,1,ZP-04,H,XXXX,8,10,P,2,199809,1,"$84,514",20.0
CM53,11,I,21,,G,0110,1,ZP-04,G,XXXX,8,10,F,1,199809,1,"$72,758",21.3
CM53,11,H,13,,G,0110,1,ZP-03,F,XXXX,8,10,F,1,199809,1,"$61,190",24.4
CM53,11,E,21,,A,0110,1,ZP-03,D,XXXX,8,15,F,1,199809,1,"$47,066",0.6
CM53,11,D,14,,D,0110,1,ZP-03,D,XXXX,8,10,F,1,199809,1,"$48,635",7.3
CM53,11,F,17,,E,0110,1,ES-01,J,XXXX,2,50,F,1,199809,1,"$106,412",13.8
CM53,11,F,21,,E,0110,1,ZP-04,F,XXXX,8,10,F,1,199809,1,"$61,565",10.2
CM53,11,I,17,,I,0110,1,ZP-04,F,XXXX,8,10,F,1,199809,1,"$68,097",30.7
CM53,11,H,14,,G,0110,1,ZP-05,I,XXXX,2,10,F,1,199809,1,"$94,128",21.5
CM53,11,B,13,,A,0110,1,ZP-02,B,XXXX,8,15,F,1,199809,1,"$29,186",0.1
CM53,11,H,18,,H,0110,1,ZP-04,F,XXXX,8,10,F,1,199809,1,"$67,167",26.2
CM53,11,D,17,,D,0110,1,ZP-04,E,XXXX,8,10,F,1,199809,1,"$57,816",8.1
CM53,11,B,13,,A,0110,1,ZP-02,B,XXXX,8,15,F,1,199809,1,"$29,186",0.2
CM53,11,G,13,,I,0110,1,ZP-03,E,XXXX,8,10,F,1,199809,1,"$56,482",30.0
CM53,11,G,13,,G,0110,1,ZP-04,F,XXXX,8,10,F,1,199809,1,"$65,296",24.9
CM53,11,E,13,,E,0110,1,ZP-03,D,XXXX,8,10,F,1,199809,1,"$43,197",10.2
CM53,11,F,13,,H,0110,1,ZP-03,E,XXXX,8,10,F,1,199809,1,"$54,913",26.1
CM53,11,C,17,,D,0110,1,ZP-03,D,XXXX,8,10,F,1,199809,1,"$41,888",7.4
CM53,11,B,13,,A,0110,1,ZP-02,B,XXXX,8,15,F,1,199809,1,"$29,186",0.0
CM53,11,D,13,,E,0110,1,ZP-03,E,XXXX,8,10,F,1,199809,1,"$50,205",11.1
CM53,11,I,18,,J,0110,1,ZP-05,J,XXXX,2,10,F,1,199809,1,"$101,142",37.1
CM53,11,G,14,,H,0110,1,ZP-03,F,XXXX,8,10,F,1,199809,1,"$61,190",26.3
CM53,11,G,11,,H,0110,1,ZP-04,G,XXXX,2,10,F,1,199809,1,"$72,752",28.3
CM53,11,H,13,,F,0110,1,ZP-03,E,XXXX,8,10,F,1,199809,1,"$51,774",15.7
CM53,11,F,04,,G,0110,1,ZP-03,D,XXXX,8,10,F,1,199809,1,"$40,579",22.9
CM53,11,E,13,,F,0110,1,ZP-03,D,XXXX,8,10,F,1,199809,1,"$47,066",15.6
CM53,11,C,13,,C,0110,1,ZP-03,C,XXXX,8,10,F,1,199809,1,"$39,270",3.2
CM53,11,I,17,,I,0110,1,ZP-03,F,XXXX,8,10,F,1,199809,1,"$61,190",31.2
CM53,11,H,17,,I,0110,1,ZP-03,F,XXXX,8,10,F,1,199809,1,"$61,190",32.6
CM53,11,G,17,,G,0110,1,ZP-05,H,XXXX,2,10,F,1,199809,1,"$88,180",21.8
CM53,11,F,17,,A,0110,1,ZP-03,E,XXXX,8,15,F,1,199809,1,"$50,000",0.1
CM53,11,E,13,,F,0110,1,ZP-03,D,XXXX,8,10,F,1,199809,1,"$48,635",15.1
CM53,11,D,08,,F,0110,1,ZP-02,C,XXXX,8,10,F,1,199809,1,"$36,786",15.5
CM53,11,D,13,,D,0110,1,ZP-03,E,XXXX,8,10,F,1,199809,1,"$50,205",8.7
CM53,11,D,17,,C,0110,1,ZP-03,D,XXXX,8,10,F,1,199809,1,"$48,635",4.2
CM54,24,D,21,,D,0110,1,ZP-04,F,XXXX,8,10,F,1,199809,1,"$66,138",5.9
CM54,25,E,17,12,E,0110,1,GS-12,E,XXXX,8,10,F,1,199809,1,"$50,881",11.7
CM54,25,E,21,13,D,0110,1,GS-13,F,XXXX,8,10,F,1,199809,1,"$60,504",5.1
CM54,24,G,04,,A,0110,1,ZP-04,G,XXXX,8,15,F,1,199809,1,"$71,968",0.0
CM54,24,H,14,14,G,0110,1,GS-14,G,XXXX,8,10,F,1,199809,1,"$77,160",24.0
CM54,37,G,18,13,G,0110,1,GS-13,F,XXXX,8,10,F,1,199809,1,"$66,003",20.0
CM54,06,H,21,13,F,0110,1,GS-13,F,XXXX,8,10,F,1,199809,1,"$67,581",19.0
CM54,24,G,15,,D,0110,1,ZP-03,D,XXXX,8,10,F,1,199809,1,"$44,505",8.5
CM54,24,F,21,,H,0110,1,ZP-04,G,XXXX,8,10,F,1,199809,1,"$72,752",25.7
CM54,24,D,17,14,D,0110,1,GS-14,G,XXXX,8,10,F,1,199809,1,"$77,160",7.3
CM54,25,I,21,14,F,0110,1,GS-14,G,XXXX,2,10,F,1,199809,1,"$71,497",19.6
CM54,25,F,21,13,E,0110,1,GS-13,F,XXXX,8,10,F,1,199809,1,"$66,003",11.2
CM54,24,H,21,,H,0110,1,ZP-05,I,XXXX,8,10,F,1,199809,1,"$95,954",25.3
CM54,25,D,17,11,D,0110,1,GS-11,D,XXXX,8,10,F,1,199809,1,"$43,738",6.2
CM54,25,E,17,11,D,0110,1,GS-11,D,XXXX,8,10,F,1,199809,1,"$45,024",7.6
CM54,24,F,21,14,E,0110,1,GS-14,G,XXXX,8,10,F,1,199809,1,"$77,160",12.8
CM54,24,D,13,12,E,0110,1,GS-12,E,XXXX,8,10,F,1,199809,1,"$50,205",10.9
CM54,53,D,21,12,A,0110,1,GS-12,D,XXXX,8,15,F,1,199809,1,"$47,096",0.3
CM54,24,D,21,,A,0110,1,ZP-04,E,XXXX,8,15,F,1,199809,1,"$55,969",0.8
CM54,24,D,17,12,B,0110,1,GS-12,E,XXXX,8,15,F,1,199809,1,"$53,343",1.8
CM54,24,G,20,14,E,0110,1,GS-14,G,XXXX,8,10,F,1,199809,1,"$72,752",12.6
CM54,24,D,18,13,D,0110,1,GS-13,E,XXXX,8,10,P,2,199809,1,"$57,835",7.2
CM54,53,G,21,,E,0110,1,ZP-04,G,XXXX,2,10,F,1,199809,1,"$75,005",14.2
CM54,15,G,18,14,F,0110,1,GS-14,F,XXXX,2,10,F,1,199809,1,"$69,876",16.8
CM54,12,E,21,13,A,0110,1,GS-13,E,XXXX,8,15,F,1,199809,1,"$55,004",0.6
CM54,24,C,17,11,A,0110,1,GS-11,C,XXXX,8,15,F,1,199809,1,"$39,270",0.3
CM54,12,F,21,13,D,0110,1,GS-13,E,XXXX,8,10,F,1,199809,1,"$58,670",9.6
CM54,53,D,21,12,A,0110,1,GS-12,E,XXXX,8,15,F,1,199809,1,"$50,237",0.0
CM54,53,I,21,15,G,0110,1,GM-15,J,XXXX,2,10,F,1,199809,1,"$101,208",22.7
CM54,53,H,21,13,G,0110,1,GM-13,G,XXXX,4,10,F,1,199809,1,"$71,880",23.4
CM54,53,F,21,13,E,0110,1,GS-13,E,XXXX,8,10,F,1,199809,1,"$59,739",11.3
CM54,25,I,21,,E,0110,1,ZP-04,F,XXXX,8,10,F,1,199809,1,"$69,889",14.8
CM54,06,G,17,13,G,0110,1,GS-13,F,XXXX,8,10,F,1,199809,1,"$62,366",20.2
CM54,06,J,21,,G,0110,1,ZP-04,G,XXXX,8,10,F,1,199809,1,"$74,820",22.9
CM54,12,J,21,13,H,0110,1,GS-13,G,XXXX,8,10,F,1,199809,1,"$71,503",29.2
CM54,06,G,18,14,F,0110,1,GS-14,G,XXXX,8,10,F,1,199809,1,"$73,206",19.4
CM54,24,E,17,14,E,0110,1,GS-14,G,XXXX,8,10,F,1,199809,1,"$74,956",10.7
CM54,53,H,21,14,F,0110,1,GS-14,G,XXXX,8,10,F,1,199809,1,"$79,417",16.4
CM54,24,E,18,13,D,0110,1,GS-13,F,XXXX,8,10,F,1,199809,1,"$61,565",5.4
CM54,02,E,18,,D,0110,1,ZP-04,E,XXXX,8,10,F,1,199809,1,"$52,176",5.8
CM55,11,I,17,13,I,0110,1,GM-13,G,XXXX,5,10,F,1,199809,1,"$72,758",32.2
CM55,11,I,13,15,I,0110,1,GM-15,J,XXXX,2,10,F,1,199809,1,"$101,142",31.4
CM55,11,G,17,13,E,0110,1,GS-13,F,XXXX,8,10,F,1,199809,1,"$63,431",12.7
CM55,11,H,14,14,I,0110,1,GS-14,H,XXXX,8,10,F,1,199809,1,"$85,978",30.3
CM55,11,E,17,13,E,0110,1,GS-13,F,XXXX,8,10,F,1,199809,1,"$63,431",13.4
CM55,11,F,21,12,A,0110,1,GS-12,D,XXXX,8,15,F,1,199809,1,"$47,066",0.5
CM55,11,J,21,13,G,0110,1,GS-13,G,XXXX,8,10,F,1,199809,1,"$77,408",20.1
CM55,11,F,17,15,E,0110,1,GM-15,H,XXXX,2,10,F,1,199809,1,"$88,173",13.8
CM55,11,H,17,15,G,0110,1,GS-15,J,XXXX,2,10,F,1,199809,1,"$101,142",23.9
CM55,11,G,13,14,G,0110,1,GS-14,H,XXXX,8,10,F,1,199809,1,"$85,978",23.3
CM55,11,I,21,15,H,0110,1,GM-15,J,XXXX,2,10,F,1,199809,1,"$101,142",25.1
CM55,11,J,13,12,J,0110,1,GS-12,F,XXXX,8,10,F,1,199809,1,"$61,190",39.6
CM55,11,I,17,13,I,0110,1,GS-13,G,XXXX,8,10,F,1,199809,1,"$72,758",33.3
CM55,11,K,21,15,G,0110,1,GS-15,J,XXXX,2,10,F,1,199809,1,"$101,142",24.6
CM55,11,I,17,13,J,0110,1,GM-13,G,XXXX,5,10,F,1,199809,1,"$72,758",36.0
CM55,11,H,17,12,G,0110,1,GS-12,E,XXXX,8,10,F,1,199809,1,"$53,343",24.5
CM55,11,H,14,13,F,0110,1,GS-13,E,XXXX,8,10,F,1,199809,1,"$59,700",16.9
CM55,11,H,14,15,I,0110,1,GS-15,I,XXXX,2,10,F,1,199809,1,"$95,954",33.7
CM55,11,H,21,13,H,0110,1,GM-13,G,XXXX,5,10,F,1,199809,1,"$72,758",27.6
CM55,11,E,17,13,E,0110,1,GS-13,F,XXXX,8,10,F,1,199809,1,"$61,565",10.7
CM55,11,H,21,15,F,0110,1,GS-15,J,XXXX,2,10,F,1,199809,1,"$101,142",19.9
CM55,11,G,17,12,F,0110,1,GS-12,E,XXXX,8,10,F,1,199809,1,"$58,051",19.3
CM55,11,D,13,13,E,0110,1,GS-13,E,XXXX,8,10,F,1,199809,1,"$59,700",12.0
CM55,11,H,21,14,H,0110,1,GM-14,H,XXXX,2,10,F,1,199809,1,"$85,978",29.8
CM55,11,F,16,11,A,0110,1,GS-11,C,XXXX,8,15,F,1,199809,1,"$39,270",0.2
CM55,11,H,17,15,I,0110,1,GM-15,J,XXXX,2,10,F,1,199809,1,"$101,142",31.2
CM55,11,D,17,11,C,0110,1,GS-11,D,XXXX,8,10,F,1,199809,1,"$40,579",3.7
CM55,11,C,17,12,C,0110,1,GS-12,D,XXXX,8,10,F,1,199809,1,"$48,635",4.8
CM55,11,G,17,14,G,0110,1,GM-14,H,XXXX,5,10,F,1,199809,1,"$84,071",23.8
CM55,11,H,17,14,H,0110,1,GM-14,H,XXXX,2,10,F,1,199809,1,"$85,978",29.2
CM55,11,H,14,13,H,0110,1,GS-13,F,XXXX,8,10,F,1,199809,1,"$67,162",29.3
CM55,11,F,21,14,E,0110,1,GM-14,G,XXXX,5,10,F,1,199809,1,"$79,365",11.2
CM55,11,H,17,15,H,0110,1,GM-15,J,XXXX,2,10,F,1,199809,1,"$101,142",29.3
CM55,11,I,13,13,I,0110,1,GM-13,G,XXXX,5,10,F,1,199809,1,"$72,758",30.9
CM55,11,E,17,13,E,0110,1,GS-13,F,XXXX,8,10,F,1,199809,1,"$61,565",12.8
CM55,11,F,13,13,G,0110,1,GS-13,G,XXXX,8,10,F,1,199809,1,"$70,893",22.5
CM55,11,G,13,13,H,0110,1,GM-13,G,XXXX,5,10,F,1,199809,1,"$72,758",25.1
CM55,11,F,17,14,F,0110,1,GM-14,H,XXXX,5,10,F,1,199809,1,"$83,774",18.3
CM55,11,G,13,13,G,0110,1,GM-13,G,XXXX,5,10,F,1,199809,1,"$70,898",23.1
CM55,11,H,17,14,H,0110,1,GM-14,H,XXXX,2,10,F,1,199809,1,"$83,774",28.5
CM55,11,F,17,15,G,0110,1,GS-15,I,XXXX,2,10,F,1,199809,1,"$90,767",20.3
CM55,11,G,10,13,H,0110,1,GM-13,G,XXXX,5,10,F,1,199809,1,"$72,758",25.0
CM55,11,D,17,13,D,0110,1,GS-13,F,XXXX,8,10,F,1,199809,1,"$61,565",8.0
CM55,11,E,14,13,D,0110,1,GS-13,F,XXXX,8,10,F,1,199809,1,"$61,565",7.1
CM55,11,H,13,12,H,0110,1,GS-12,E,XXXX,8,10,F,1,199809,1,"$58,051",27.4
CM55,11,H,13,14,I,0110,1,GM-14,H,XXXX,2,10,F,1,199809,1,"$85,978",31.6
CM55,11,H,17,13,G,0110,1,GM-13,G,XXXX,5,10,F,1,199809,1,"$72,758",24.0
CM55,11,K,21,14,J,0110,1,GM-14,H,XXXX,5,10,F,1,199809,1,"$85,978",37.5
CM55,11,I,17,12,G,0110,1,GS-12,E,XXXX,8,10,F,1,199809,1,"$56,482",22.4
CM55,11,H,21,13,H,0110,1,GM-13,G,XXXX,5,10,F,1,199809,1,"$72,758",25.0
CM55,11,I,13,12,I,0110,1,GS-12,E,XXXX,8,10,F,1,199809,1,"$59,621",34.3
CM55,11,I,17,12,H,0110,1,GS-12,F,XXXX,8,10,F,1,199809,1,"$61,190",25.7
CM55,11,H,17,13,H,0110,1,GM-13,G,XXXX,5,10,F,1,199809,1,"$72,758",28.5
CM55,11,I,14,14,I,0110,1,GS-14,H,XXXX,2,10,F,1,199809,1,"$85,978",33.3
CM55,11,E,13,13,E,0110,1,GM-13,F,XXXX,5,10,F,1,199809,1,"$67,162",12.8
CM55,11,I,18,13,H,0110,1,GS-13,G,XXXX,8,10,F,1,199809,1,"$72,758",28.6
CM55,11,H,20,15,H,0110,1,GM-15,J,XXXX,2,10,F,1,199809,1,"$101,142",28.3
CM55,11,G,17,14,G,0110,1,GS-14,G,XXXX,2,10,F,1,199809,1,"$77,160",20.1
CM55,11,H,18,14,H,0110,1,GS-14,H,XXXX,8,10,F,1,199809,1,"$85,978",27.8
CM55,11,I,13,14,G,0110,1,GM-14,H,XXXX,2,10,F,1,199809,1,"$84,313",22.5
CM55,11,C,17,13,D,0110,1,GS-13,E,XXXX,8,10,F,1,199809,1,"$57,835",5.8
CM55,11,G,21,14,G,0110,1,GM-14,H,XXXX,2,10,F,1,199809,1,"$85,978",21.7
CM55,11,K,17,15,I,0110,1,GM-15,J,XXXX,2,10,F,1,199809,1,"$101,142",34.8
CM55,11,J,17,15,H,0110,1,GM-15,J,XXXX,2,10,F,1,199809,1,"$101,142",28.0
CM55,11,D,17,12,D,0110,1,GS-12,E,XXXX,8,10,F,1,199809,1,"$53,343",9.0
CM55,11,G,17,13,H,0110,1,GM-13,G,XXXX,5,10,F,1,199809,1,"$72,758",27.3
CM55,11,H,17,15,H,0110,1,GM-15,I,XXXX,5,10,P,2,199809,1,"$96,260",27.9
CM55,11,I,21,15,G,0110,1,GM-15,J,XXXX,2,10,F,1,199809,1,"$101,142",20.3
CM55,11,G,14,13,H,0110,1,GM-13,G,XXXX,5,10,F,1,199809,1,"$72,758",26.0
CM55,11,C,17,12,B,0110,1,GS-12,D,XXXX,8,15,F,1,199809,1,"$47,066",2.5
CM55,11,J,18,15,J,0110,1,GM-15,J,XXXX,2,10,F,1,199809,1,"$100,226",38.2
CM55,11,D,13,13,E,0110,1,GS-13,E,XXXX,8,10,F,1,199809,1,"$59,700",11.4
CM55,11,H,17,14,H,0110,1,GM-14,H,XXXX,5,10,F,1,199809,1,"$85,978",27.4
CM55,11,I,17,14,I,0110,1,GS-14,H,XXXX,2,10,F,1,199809,1,"$81,569",32.3
CM55,11,G,21,14,E,0110,1,GS-14,G,XXXX,8,10,F,1,199809,1,"$77,160",10.2
CM55,11,C,17,12,B,0110,1,GS-12,D,XXXX,8,15,F,1,199809,1,"$47,066",2.3
CM55,11,J,13,13,I,0110,1,GS-13,G,XXXX,8,10,F,1,199809,1,"$72,758",34.3
CM55,11,I,17,13,I,0110,1,GM-13,G,XXXX,5,10,F,1,199809,1,"$71,833",32.2
CM55,11,F,17,14,E,0110,1,GS-14,G,XXXX,2,10,F,1,199809,1,"$79,365",14.6
CM55,11,D,17,13,C,0110,1,GS-13,E,XXXX,8,10,F,1,199809,1,"$55,969",4.3
CM55,11,C,17,12,B,0110,1,GS-12,D,XXXX,8,15,F,1,199809,1,"$47,066",2.3
CM55,11,J,14,13,I,0110,1,GM-13,G,XXXX,5,10,F,1,199809,1,"$72,452",34.3
CM55,11,C,13,11,D,0110,1,GS-11,D,XXXX,8,10,F,1,199809,1,"$40,579",5.4
CM55,11,F,17,14,E,0110,1,GS-14,G,XXXX,8,10,F,1,199809,1,"$74,956",11.0
CM55,11,F,17,13,E,0110,1,GS-13,F,XXXX,8,10,F,1,199809,1,"$65,296",12.0
CM55,11,F,17,15,G,0110,1,GS-15,H,XXXX,2,10,F,1,199809,1,"$88,173",20.3
CM55,11,F,17,14,F,0110,1,GS-14,G,XXXX,8,10,F,1,199809,1,"$79,365",18.4
CM55,11,J,17,13,G,0110,1,GM-13,F,XXXX,5,10,F,1,199809,1,"$69,033",21.2
CM55,11,F,18,13,F,0110,1,GM-13,G,XXXX,5,10,F,1,199809,1,"$72,758",18.3
CM55,11,I,17,13,I,0110,1,GM-13,G,XXXX,5,10,F,1,199809,1,"$72,758",30.3
CM55,11,G,16,13,G,0110,1,GM-13,G,XXXX,5,10,F,1,199809,1,"$72,758",23.8
CM55,11,H,17,15,H,0110,1,GM-15,J,XXXX,2,10,F,1,199809,1,"$100,967",28.5
CM55,11,H,17,13,H,0110,1,GM-13,G,XXXX,5,10,F,1,199809,1,"$70,179",26.8
CM55,11,B,14,07,A,0110,1,GS-07,B,XXXX,8,15,F,1,199809,1,"$26,532",0.3
CM55,11,D,17,11,C,0110,1,GS-11,D,XXXX,8,10,F,1,199809,1,"$41,888",4.0
CM56,51,D,13,12,D,0110,1,GS-12,E,XXXX,8,10,F,1,199809,1,"$51,774",7.8
CM57,24,H,17,,D,0110,1,ZP-05,I,XXXX,2,10,F,1,199809,1,"$99,243",9.2
CM57,24,H,21,,A,0110,1,ZP-05,I,XXXX,2,20,F,2,199809,1,"$97,084",0.8
CM57,24,C,17,,B,0110,1,ZP-03,D,XXXX,8,15,F,1,199809,1,"$40,981",1.3
CM57,24,G,21,,C,0110,1,ZP-04,H,XXXX,8,10,F,1,199809,1,"$80,493",4.3
CM57,24,D,21,,D,0110,1,ZP-04,F,XXXX,8,10,F,1,199809,1,"$67,926",7.1
CM57,24,G,17,,E,0110,1,ZP-04,H,XXXX,8,10,F,1,199809,1,"$85,978",10.9
CM57,24,D,18,,C,0110,1,ZP-04,G,XXXX,8,15,F,1,199809,1,"$70,127",4.2
CM57,24,F,14,,D,0110,1,ZP-04,F,XXXX,8,10,F,1,199809,1,"$68,370",7.3
CM57,24,E,18,,C,0110,1,ZP-04,H,XXXX,8,10,F,1,199809,1,"$85,420",4.3
CM57,24,H,21,,H,0110,1,ZP-05,J,XXXX,8,10,F,1,199809,1,"$101,142",27.3
CM57,24,I,21,,F,0110,1,ZP-04,F,XXXX,8,10,F,1,199809,1,"$65,118",15.0
CM57,24,G,21,,A,0110,1,ZP-04,H,XXXX,8,20,F,2,199809,1,"$83,000",0.8
CM57,24,I,21,,H,0110,1,ZP-05,J,XXXX,8,10,F,1,199809,1,"$101,142",29.7
CM57,24,C,13,,C,0110,1,ZP-03,D,XXXX,8,10,F,1,199809,1,"$45,694",3.2
CM57,24,I,22,,G,0110,1,ZP-05,J,XXXX,8,10,F,1,199809,1,"$101,142",23.2
CM57,24,F,17,,F,0110,1,ZP-04,H,XXXX,8,10,F,1,199809,1,"$82,302",19.4
CM57,24,F,17,,F,0110,1,ZP-05,I,XXXX,2,10,F,1,199809,1,"$92,554",18.9
CM57,24,I,17,,I,0110,1,ES-03,K,XXXX,2,50,F,1,199809,1,"$116,495",31.8
CM57,24,D,17,,A,0110,1,ZP-02,D,XXXX,8,20,F,2,199809,1,"$48,419",0.8
CM57,24,G,18,,H,0110,1,ZP-04,H,XXXX,8,10,F,1,199809,1,"$85,978",26.0
CM57,24,C,18,,A,0110,1,ZP-03,D,XXXX,8,15,I,2,199809,1,"$45,000",0.1
CM57,24,D,17,,A,0110,1,ZP-03,D,XXXX,8,42,F,2,199809,1,"$40,000",0.0
CM57,24,B,13,,A,0110,1,ZP-02,B,XXXX,8,20,F,2,199809,1,"$28,000",0.3
CM57,24,D,21,,B,0110,1,ZP-03,E,XXXX,8,20,F,2,199809,1,"$51,226",1.0
CM57,24,E,21,,C,0110,1,ZP-04,F,XXXX,8,10,F,1,199809,1,"$63,029",3.2
CM57,24,I,22,,H,0110,1,ZP-05,J,XXXX,2,10,F,1,199809,1,"$104,176",29.7
CM61,11,G,17,15,F,0110,1,GS-15,I,XXXX,8,10,F,1,199809,1,"$93,360",18.3
CM63,24,C,17,11,A,0110,1,GS-11,C,XXXX,8,20,F,2,199809,1,"$39,270",0.9
CM63,24,H,17,14,G,0110,1,GS-14,H,XXXX,8,10,F,1,199809,1,"$85,978",24.8
CM63,24,E,17,12,F,0110,1,GS-12,E,XXXX,8,10,F,1,199809,1,"$54,913",16.2
CM63,24,D,18,13,C,0110,1,GS-13,E,XXXX,8,10,F,1,199809,1,"$55,969",3.4
CM63,13,F,21,,C,0110,1,ED-00,H,XXXX,8,48,I,2,199809,1,"$80,063",4.4
CM63,24,C,17,12,B,0110,1,GS-12,E,XXXX,8,20,F,2,199809,1,"$54,913",1.2
CM63,24,H,18,14,E,0110,1,GM-14,G,XXXX,2,10,F,1,199809,1,"$79,365",11.0
CM63,25,F,21,12,D,0110,1,GS-12,E,XXXX,8,15,P,2,199809,1,"$52,421",5.7
CM63,SA,G,17,,C,0110,1,FC-12,G,XXXX,8,48,F,2,199809,1,"$72,525",3.3
CM63,24,I,04,15,H,0110,1,GS-15,J,XXXX,8,20,F,2,199809,1,"$101,142",25.7
CM63,24,K,21,,G,0110,1,ES-05,L,XXXX,2,50,F,1,199809,1,"$125,900",24.8
CM63,24,C,13,09,B,0110,1,GG-09,C,XXXX,8,20,F,2,199809,1,"$32,457",1.7
CM63,24,B,13,09,B,0110,1,GG-09,C,XXXX,8,20,F,2,199809,1,"$32,457",1.3
CM63,24,D,13,12,D,0110,1,GS-12,E,XXXX,8,10,F,1,199809,1,"$51,774",7.4
CM63,24,C,14,11,A,0110,1,GS-11,C,XXXX,8,20,F,2,199809,1,"$39,270",0.1
CM63,24,D,13,13,B,0110,1,GS-13,F,XXXX,8,20,F,2,199809,1,"$65,296",1.1
CM63,24,B,13,09,B,0110,1,GS-09,C,XXXX,8,20,F,2,199809,1,"$32,457",1.3
CM63,24,C,13,07,B,0110,1,GG-07,B,XXXX,8,20,F,2,199809,1,"$26,532",1.0
CM63,24,C,13,09,B,0110,1,GG-09,C,XXXX,8,20,F,2,199809,1,"$32,457",1.3
CM63,24,D,13,12,D,0110,1,GS-12,D,XXXX,8,20,F,2,199809,1,"$47,066",5.9
CM63,18,C,04,11,B,0110,1,GG-11,C,XXXX,8,20,F,2,199809,1,"$38,593",1.1
CM63,18,B,13,09,B,0110,1,GG-09,C,XXXX,8,20,F,2,199809,1,"$31,897",1.1
CM63,42,C,13,07,B,0110,1,GS-07,B,XXXX,8,20,F,2,199809,1,"$27,145",1.5
CM63,24,E,04,12,C,0110,1,GS-12,E,XXXX,8,20,F,2,199809,1,"$58,051",4.7
CM63,24,D,21,13,D,0110,1,GS-13,F,XXXX,8,10,F,1,199809,1,"$61,565",5.9
CM63,24,G,17,14,D,0110,1,GS-14,G,XXXX,8,10,F,1,199809,1,"$72,752",9.1
CM63,24,H,21,14,F,0110,1,GS-14,G,XXXX,8,10,F,1,199809,1,"$79,365",15.8
CM65,11,I,13,13,I,0110,1,GM-13,G,XXXX,5,10,F,1,199809,1,"$72,758",31.3
CM65,11,I,17,,I,0110,1,ES-04,L,XXXX,2,50,F,1,199809,1,"$122,824",33.3
CM65,11,E,17,15,D,0110,1,GS-15,G,XXXX,8,10,F,1,199809,1,"$77,798",5.0
CM65,11,F,18,15,G,0110,1,GM-15,I,XXXX,2,10,F,1,199809,1,"$98,215",22.2
CM65,11,G,17,13,C,0110,1,GS-13,F,XXXX,8,10,F,1,199809,1,"$61,565",3.3
CM65,11,D,13,14,D,0110,1,GS-14,F,XXXX,8,10,F,1,199809,1,"$66,138",8.7
CM65,11,J,14,15,J,0110,1,GM-15,I,XXXX,5,10,F,1,199809,1,"$97,626",39.6
CM65,11,G,17,13,F,0110,1,GS-13,F,XXXX,8,10,F,1,199809,1,"$61,565",19.3
CM65,11,F,21,13,F,0110,1,GM-13,F,XXXX,5,10,F,1,199809,1,"$63,431",18.0
CM65,11,F,13,14,G,0110,1,GM-14,H,XXXX,5,10,F,1,199809,1,"$82,258",22.2
CM65,11,C,13,13,D,0110,1,GS-13,E,XXXX,8,10,F,1,199809,1,"$55,969",6.3
CM65,11,C,13,12,C,0110,1,GS-12,D,XXXX,8,15,F,1,199809,1,"$47,066",3.5
CM65,11,G,04,,A,0110,1,EX-03,L,XXXX,2,46,F,2,199809,1,"$125,900",0.8
CM65,11,C,13,13,D,0110,1,GS-13,E,XXXX,8,10,F,1,199809,1,"$55,969",5.3
CM65,11,F,14,12,D,0110,1,GS-12,D,XXXX,8,10,F,1,199809,1,"$48,635",8.2
CM65,11,H,21,13,G,0110,1,GM-13,G,XXXX,5,10,F,1,199809,1,"$72,758",23.6
CM65,11,G,17,15,H,0110,1,GM-15,J,XXXX,5,10,F,1,199809,1,"$101,142",26.0
CM65,11,K,21,,G,0110,1,ES-04,L,XXXX,2,50,F,1,199809,1,"$122,824",22.8
CM65,11,G,13,14,H,0110,1,GM-14,H,XXXX,4,10,F,1,199809,1,"$85,978",25.0
CM65,11,G,17,15,H,0110,1,GM-15,J,XXXX,2,10,F,1,199809,1,"$101,142",25.8
CM65,11,E,17,14,E,0110,1,GS-14,G,XXXX,8,10,F,1,199809,1,"$72,752",14.4
CM65,11,C,13,12,C,0110,1,GS-12,D,XXXX,8,10,F,1,199809,1,"$47,066",4.2
CM65,11,E,17,13,D,0110,1,GS-13,E,XXXX,8,10,F,1,199809,1,"$57,835",6.2
CM65,11,J,13,15,I,0110,1,GM-15,J,XXXX,5,10,F,1,199809,1,"$101,142",33.0
CM65,11,H,21,15,H,0110,1,GM-15,I,XXXX,5,10,F,1,199809,1,"$96,287",27.7
CM65,11,J,21,,G,0110,1,ES-04,L,XXXX,2,50,F,1,199809,1,"$122,824",20.0
CM65,11,E,17,13,D,0110,1,GS-13,E,XXXX,8,10,F,1,199809,1,"$57,835",6.3
CM65,11,E,13,12,D,0110,1,GS-12,E,XXXX,8,10,F,1,199809,1,"$51,774",7.8
CM65,11,G,18,15,G,0110,1,GM-15,I,XXXX,5,10,F,1,199809,1,"$93,256",20.2
CM65,11,G,17,,E,0110,1,ES-05,L,XXXX,2,55,F,1,199809,1,"$125,900",13.3
CM65,11,H,21,13,D,0110,1,GS-13,F,XXXX,8,10,F,1,199809,1,"$63,431",6.9
CM65,11,I,17,15,I,0110,1,GM-15,J,XXXX,5,10,F,1,199809,1,"$101,142",31.3
CM65,11,D,17,13,C,0110,1,GS-13,E,XXXX,8,10,F,1,199809,1,"$55,969",3.6
CT00,11,G,17,14,G,0110,1,GM-14,G,XXXX,5,10,F,1,199809,1,"$78,267",20.3
CT00,36,C,13,11,B,0110,1,GS-11,D,XXXX,8,15,F,1,199809,1,"$40,182",1.7
CT00,11,F,13,13,F,0110,1,GS-13,G,XXXX,8,10,F,1,199809,1,"$70,893",19.9
CT00,36,C,17,09,B,0110,1,GS-09,C,XXXX,8,15,F,1,199809,1,"$39,855",2.0
CT00,36,F,13,12,F,0110,1,GS-12,E,XXXX,8,10,F,1,199809,1,"$56,187",16.8
CT00,36,K,21,13,G,0110,1,GM-13,G,XXXX,5,10,F,1,199809,1,"$70,640",24.0
CT00,36,H,13,12,I,0110,1,GS-12,E,XXXX,8,10,F,1,199809,1,"$56,187",30.8
CT00,36,G,17,13,F,0110,1,GM-13,G,XXXX,5,10,F,1,199809,1,"$71,587",17.9
CT00,36,G,18,15,G,0110,1,GS-15,I,XXXX,2,10,F,1,199809,1,"$92,873",24.3
CT00,36,D,17,13,D,0110,1,GS-13,E,XXXX,8,10,F,1,199809,1,"$59,177",7.5
CT00,11,F,17,14,E,0110,1,GS-14,G,XXXX,8,10,F,1,199809,1,"$77,160",11.5
CT00,36,E,17,13,E,0110,1,GS-13,F,XXXX,8,10,F,1,199809,1,"$62,995",10.4
CT00,17,F,13,13,F,0110,1,GM-13,F,XXXX,5,10,F,1,199809,1,"$69,329",19.6
CT00,11,C,21,11,A,0110,1,GS-11,C,XXXX,8,15,F,1,199809,1,"$39,270",0.9
CT00,11,E,17,14,E,0110,1,GS-14,F,XXXX,2,10,F,1,199809,1,"$68,343",12.3
CT00,11,F,17,13,F,0110,1,GS-13,F,XXXX,8,10,F,1,199809,1,"$65,296",15.7
CT00,11,D,13,13,D,0110,1,GS-13,F,XXXX,8,10,F,1,199809,1,"$61,565",7.5
CT00,11,G,17,15,G,0110,1,GM-15,J,XXXX,2,10,F,1,199809,1,"$101,142",24.3
CT00,29,H,17,13,H,0110,1,GM-13,F,XXXX,5,10,F,1,199809,1,"$66,409",26.8
CT00,17,E,13,12,E,0110,1,GS-12,E,XXXX,8,10,F,1,199809,1,"$57,503",14.2
CT00,17,C,15,12,C,0110,1,GS-12,E,XXXX,8,10,F,1,199809,1,"$51,112",4.3
CT00,17,G,17,15,H,0110,1,GM-15,J,XXXX,2,10,F,1,199809,1,"$100,935",27.3
CT00,11,H,17,,I,0110,1,ES-06,L,XXXX,2,50,F,1,199809,1,"$125,900",30.2
CT00,17,E,17,12,D,0110,1,GS-12,E,XXXX,8,10,F,1,199809,1,"$54,308",9.3
CT00,17,I,13,13,H,0110,1,GS-13,G,XXXX,8,10,F,1,199809,1,"$74,074",29.6
CT00,17,F,17,12,E,0110,1,GS-12,E,XXXX,8,10,F,1,199809,1,"$57,503",10.3
CT00,11,G,17,,B,0110,1,ES-06,L,XXXX,2,50,F,1,199809,1,"$125,900",1.8
CT00,17,H,17,12,G,0110,1,GS-12,F,XXXX,8,10,F,1,199809,1,"$62,297",24.5
CT00,11,E,17,13,D,0110,1,GS-13,F,XXXX,8,10,F,1,199809,1,"$61,565",6.8
CT00,11,H,17,13,G,0110,1,GS-13,G,XXXX,8,10,F,1,199809,1,"$70,893",23.0
CT00,17,D,13,12,D,0110,1,GS-12,E,XXXX,8,10,F,1,199809,1,"$54,308",8.1
CT00,11,I,21,15,G,0110,1,GM-15,I,XXXX,5,10,F,1,199809,1,"$95,962",23.8
CT00,11,E,17,14,E,0110,1,GM-14,G,XXXX,5,10,F,1,199809,1,"$74,956",11.3
CT00,11,C,17,11,B,0110,1,GS-11,C,XXXX,8,15,F,1,199809,1,"$39,270",1.8
CT00,17,G,17,13,G,0110,1,GM-13,G,XXXX,2,10,F,1,199809,1,"$72,092",24.3
CT00,11,F,21,13,D,0110,1,GS-13,E,XXXX,8,15,F,1,199809,1,"$59,700",7.6
CT00,17,H,17,13,G,0110,1,GS-13,F,XXXX,8,10,F,1,199809,1,"$68,376",23.8
CT00,11,H,17,14,H,0110,1,GM-14,H,XXXX,2,10,F,1,199809,1,"$85,221",25.8
CT00,11,E,17,13,B,0110,1,GS-13,E,XXXX,8,15,F,1,199809,1,"$57,835",2.5
CT00,11,H,18,13,G,0110,1,GS-13,F,XXXX,8,10,F,1,199809,1,"$67,162",20.7
CT00,11,F,21,14,D,0110,1,GS-14,G,XXXX,8,10,F,1,199809,1,"$79,365",9.6
CT00,11,H,17,15,G,0110,1,GM-15,I,XXXX,2,10,F,1,199809,1,"$97,256",23.1
CT00,36,I,17,12,H,0110,1,GS-12,F,XXXX,8,10,F,1,199809,1,"$62,610",29.1
DD01,51,I,21,15,G,0110,1,GM-15,J,XXXX,5,10,F,1,199809,1,"$101,142",24.2
DD01,51,H,21,15,E,0110,1,GM-15,J,XXXX,5,10,F,1,199809,1,"$101,142",11.2
DD01,51,G,15,,G,0110,1,ES-03,K,XXXX,2,50,F,1,199809,1,"$116,495",20.3
DD01,51,G,21,14,E,0110,1,GS-14,H,XXXX,8,10,F,1,199809,1,"$83,774",14.3
DD01,51,F,21,,D,0110,1,ES-02,K,XXXX,2,60,F,2,199809,1,"$111,454",6.8
DD01,51,H,17,15,D,0110,1,GM-15,I,XXXX,5,10,F,1,199809,1,"$93,360",9.9
DD01,51,H,17,15,D,0110,1,GM-15,I,XXXX,5,10,F,1,199809,1,"$94,964",7.5
DD07,42,D,13,13,D,0110,1,GS-13,F,XXXX,8,10,F,1,199809,1,"$63,667",8.9
DD07,51,G,17,13,H,0110,1,GS-13,G,XXXX,8,10,F,1,199809,1,"$70,893",25.2
DD07,51,H,18,14,H,0110,1,GS-14,H,XXXX,8,10,F,1,199809,1,"$85,978",29.4
DD07,51,D,14,12,D,0110,1,GS-12,D,XXXX,8,10,F,1,199809,1,"$48,635",8.9
DD07,51,I,13,07,F,0119,3,GS-07,C,XXXX,8,10,F,1,199809,1,"$33,603",19.5
DD48,51,I,21,13,E,0110,1,GS-13,F,XXXX,8,10,F,1,199809,1,"$69,027",14.5
DD48,51,H,21,15,H,0110,1,GM-15,J,XXXX,5,10,F,1,199809,1,"$101,142",28.5
DJ01,11,G,17,13,H,0110,1,GS-13,G,XXXX,8,10,F,1,199809,1,"$72,758",26.0
DJ01,11,G,21,15,G,0110,1,GS-15,I,XXXX,8,10,F,1,199809,1,"$95,954",21.2
DJ01,11,F,17,15,F,0110,1,GM-15,I,XXXX,2,10,F,1,199809,1,"$98,548",15.9
DJ01,11,G,21,15,F,0110,1,GS-15,I,XXXX,8,10,F,1,199809,1,"$95,954",16.6
DJ01,11,E,04,12,A,0110,1,GS-12,D,XXXX,8,15,F,1,199809,1,"$47,066",0.9
DJ01,11,D,17,15,B,0110,1,GS-15,I,XXXX,8,15,F,1,199809,1,"$90,767",2.3
DJ01,11,G,18,15,G,0110,1,GS-15,I,XXXX,8,10,P,2,199809,1,"$95,954",21.1
DJ01,11,G,20,15,G,0110,1,GS-15,I,XXXX,8,10,F,1,199809,1,"$90,767",24.3
DJ01,11,H,21,15,G,0110,1,GS-15,I,XXXX,8,10,P,2,199809,1,"$98,548",24.3
DJ01,11,G,21,15,D,0110,1,GS-15,I,XXXX,8,10,F,1,199809,1,"$95,954",7.2
DJ01,11,H,18,,B,0110,1,ES-04,L,XXXX,2,55,F,1,199809,1,"$122,824",1.0
DJ01,11,F,17,15,D,0110,1,GS-15,H,XXXX,8,10,F,1,199809,1,"$80,391",6.0
DJ01,11,E,19,15,D,0110,1,GS-15,H,XXXX,8,10,F,1,199809,1,"$88,173",8.0
DJ01,11,G,15,15,G,0110,1,GS-15,J,XXXX,8,10,F,1,199809,1,"$101,142",21.8
DJ01,11,E,21,15,C,0110,1,GS-15,G,XXXX,8,10,F,1,199809,1,"$77,798",3.9
DJ01,11,D,22,12,B,0110,1,GS-12,F,XXXX,8,15,F,1,199809,1,"$61,190",1.1
DJ01,11,J,22,15,G,0110,1,GS-15,J,XXXX,8,10,F,1,199809,1,"$101,142",24.3
DJ01,11,G,17,15,E,0110,1,GS-15,H,XXXX,8,40,I,2,199809,1,"$85,579",14.2
DJ01,11,D,21,13,A,0110,1,GS-13,F,XXXX,8,15,F,1,199809,1,"$61,565",0.1
DJ01,11,G,17,15,F,0110,1,GS-15,I,XXXX,8,10,F,1,199809,1,"$95,954",19.3
DJ01,11,G,21,,G,0110,1,ES-04,L,XXXX,2,50,F,1,199809,1,"$122,824",23.8
DJ01,11,F,21,15,E,0110,1,GS-15,I,XXXX,8,10,P,2,199809,1,"$93,360",12.8
DJ01,11,D,21,15,C,0110,1,GS-15,G,XXXX,2,10,F,1,199809,1,"$77,798",4.2
DJ01,11,H,22,15,E,0110,1,GS-15,J,XXXX,8,10,F,1,199809,1,"$101,142",10.8
DJ01,11,G,15,,G,0110,1,ES-04,L,XXXX,2,50,F,1,199809,1,"$122,824",21.4
DJ01,11,G,21,15,G,0110,1,GM-15,J,XXXX,2,10,F,1,199809,1,"$101,142",20.9
DJ01,11,D,21,14,C,0110,1,GS-14,F,XXXX,8,10,F,1,199809,1,"$68,343",3.1
DJ01,11,E,17,14,C,0110,1,GS-14,F,XXXX,8,10,F,1,199809,1,"$68,343",3.2
DJ01,11,H,17,15,D,0110,1,GS-15,J,XXXX,8,10,F,1,199809,1,"$101,142",5.2
DJ01,11,H,21,15,H,0110,1,GS-15,I,XXXX,8,10,F,1,199809,1,"$95,954",26.4
DJ01,11,D,21,14,B,0110,1,GS-14,F,XXXX,8,15,F,1,199809,1,"$66,138",2.2
DJ01,17,G,21,15,E,0110,1,GS-15,I,XXXX,8,10,F,1,199809,1,"$97,689",11.8
DJ01,11,F,21,15,E,0110,1,GS-15,I,XXXX,8,10,P,2,199809,1,"$90,767",14.9
DJ01,11,F,16,,E,0110,1,ES-01,J,XXXX,2,50,F,1,199809,1,"$106,412",13.0
DJ01,11,J,14,15,J,0110,1,GM-15,J,XXXX,2,10,F,1,199809,1,"$101,142",36.3
DJ01,11,F,21,14,B,0110,1,GS-14,H,XXXX,8,15,F,1,199809,1,"$85,978",1.0
DJ01,11,E,21,15,C,0110,1,GS-15,G,XXXX,8,10,F,1,199809,1,"$77,798",3.2
DJ01,11,G,21,15,D,0110,1,GS-15,I,XXXX,8,10,F,1,199809,1,"$90,767",8.8
DJ01,11,D,17,12,A,0110,1,GS-12,F,XXXX,8,15,F,1,199809,1,"$61,190",0.3
DJ01,11,H,21,15,G,0110,1,GS-15,J,XXXX,8,10,F,1,199809,1,"$101,142",22.0
DJ01,11,H,21,15,G,0110,1,GS-15,I,XXXX,8,10,F,1,199809,1,"$90,767",23.0
DJ01,11,C,17,13,B,0110,1,GS-13,E,XXXX,8,15,F,1,199809,1,"$55,969",1.3
DJ01,11,H,21,15,F,0110,1,GM-15,I,XXXX,2,10,F,1,199809,1,"$95,954",15.9
DJ01,06,H,21,15,H,0110,1,GS-15,J,XXXX,8,10,F,1,199809,1,"$105,658",26.3
DJ01,11,F,21,15,D,0110,1,GS-15,I,XXXX,8,10,F,1,199809,1,"$93,360",6.0
DJ01,11,E,21,15,D,0110,1,GS-15,H,XXXX,8,10,F,1,199809,1,"$88,173",8.0
DJ01,11,D,21,12,B,0110,1,GS-12,F,XXXX,8,15,F,1,199809,1,"$61,190",2.1
DJ01,RO,E,17,15,D,0110,1,GS-15,I,XXXX,8,10,F,1,199809,1,"$91,869",8.8
DJ01,11,F,21,15,E,0110,1,GS-15,H,XXXX,8,10,F,1,199809,1,"$88,173",10.3
DJ01,11,E,21,15,D,0110,1,GS-15,H,XXXX,8,10,F,1,199809,1,"$85,579",9.9
DJ01,11,G,17,15,F,0110,1,GS-15,I,XXXX,8,10,F,1,199809,1,"$95,954",17.9
DJ01,11,E,21,13,A,0110,1,GS-13,G,XXXX,8,15,F,1,199809,1,"$70,893",0.1
DLAA,11,F,21,,B,0110,1,ES-06,L,XXXX,2,55,F,1,199809,1,"$125,900",2.2
DLAA,11,D,13,14,D,0110,1,GS-14,F,XXXX,8,10,F,1,199809,1,"$68,343",8.9
DLAM,06,J,22,12,I,0110,1,GS-12,F,XXXX,8,10,F,1,199809,1,"$63,922",32.6
DLBL,11,G,17,12,E,0110,1,GS-12,E,XXXX,8,10,F,1,199809,1,"$50,205",11.1
DLBL,11,H,17,15,H,0110,1,GM-15,J,XXXX,2,10,F,1,199809,1,"$101,142",27.8
DLBL,11,I,14,13,I,0110,1,GS-13,F,XXXX,8,10,F,1,199809,1,"$69,027",33.0
DLBL,26,J,17,07,G,0119,3,GS-07,C,XXXX,8,10,P,2,199809,1,"$33,357",20.3
DLBL,11,D,17,13,D,0110,1,GS-13,F,XXXX,8,10,F,1,199809,1,"$65,296",6.8
DLBL,27,K,13,07,F,0119,3,GS-07,C,XXXX,8,10,P,2,199809,1,"$32,735",16.6
DLBL,39,K,17,05,B,0119,3,GS-05,B,XXXX,8,15,P,2,199809,1,"$21,347",2.9
DLBL,11,B,13,07,A,0110,1,GS-07,B,XXXX,8,15,F,1,199809,1,"$26,532",0.3
DLBL,39,I,13,05,A,0119,3,GS-05,B,XXXX,8,15,P,2,199809,1,"$21,347",0.9
DLBL,11,E,13,14,E,0110,1,GM-14,G,XXXX,2,10,F,1,199809,1,"$74,956",14.3
DLBL,11,G,17,13,H,0110,1,GS-13,F,XXXX,8,10,F,1,199809,1,"$67,162",26.3
DLBL,17,E,17,12,E,0110,1,GS-12,E,XXXX,8,10,F,1,199809,1,"$55,906",11.5
DLBL,26,J,13,07,G,0119,3,GS-07,C,XXXX,8,10,P,2,199809,1,"$32,155",22.7
DLBL,26,J,13,05,A,0119,3,GS-05,B,XXXX,8,20,P,2,199809,1,"$21,838",0.6
DLBL,11,H,21,14,G,0110,1,GS-14,H,XXXX,8,10,F,1,199809,1,"$85,978",24.7
DLBL,11,H,21,14,H,0110,1,GM-14,H,XXXX,5,10,F,1,199809,1,"$85,978",28.1
DLBL,11,C,13,11,D,0110,1,GS-11,D,XXXX,8,10,F,1,199809,1,"$43,197",6.3
DLBL,11,H,17,14,H,0110,1,GM-14,H,XXXX,5,10,F,1,199809,1,"$85,978",28.3
DLBL,11,H,17,14,H,0110,1,GS-14,H,XXXX,5,10,F,1,199809,1,"$85,978",26.3
DLBL,11,H,17,13,H,0110,1,GS-13,G,XXXX,8,10,F,1,199809,1,"$72,758",28.3
DLBL,11,E,04,12,E,0110,1,GS-12,E,XXXX,8,10,F,1,199809,1,"$50,205",10.3
DLBL,26,F,17,11,E,0110,1,GS-11,E,XXXX,8,10,F,1,199809,1,"$52,043",10.3
DLBL,11,D,13,12,E,0110,1,GS-12,E,XXXX,8,10,F,1,199809,1,"$50,205",10.7
DLBL,17,F,17,05,B,0119,3,GS-05,B,XXXX,8,20,P,2,199809,1,"$22,535",1.3
DLBL,11,H,17,14,H,0110,1,GM-14,H,XXXX,2,10,F,1,199809,1,"$85,978",28.3
DLBL,11,G,13,13,G,0110,1,GS-13,G,XXXX,8,10,P,2,199809,1,"$72,758",22.3
DLBL,11,H,13,13,F,0110,1,GS-13,F,XXXX,8,10,F,1,199809,1,"$61,565",17.6
DLBL,11,G,17,13,D,0110,1,GS-13,F,XXXX,8,10,F,1,199809,1,"$63,431",9.3
DLBL,18,H,13,07,F,0119,3,GS-07,C,XXXX,8,10,P,2,199809,1,"$33,024",19.8
DLBL,11,F,17,13,D,0110,1,GS-13,F,XXXX,8,10,P,2,199809,1,"$63,431",9.5
DLBL,39,F,13,05,A,0119,3,GS-05,B,XXXX,8,20,P,2,199809,1,"$21,237",0.7
DLBL,39,D,13,05,B,0119,3,GS-05,B,XXXX,8,20,P,2,199809,1,"$22,226",1.1
DLBL,39,H,10,07,G,0119,3,GS-07,C,XXXX,8,10,P,2,199809,1,"$31,966",21.1
DLBL,26,G,13,07,C,0119,3,GS-07,B,XXXX,8,10,P,2,199809,1,"$28,851",4.6
DLBL,39,G,13,05,B,0119,3,GS-05,B,XXXX,8,20,P,2,199809,1,"$21,945",1.3
DLBL,39,H,13,07,E,0119,3,GS-07,B,XXXX,8,10,P,2,199809,1,"$29,765",11.2
DLBL,39,H,13,06,E,0119,3,GS-06,B,XXXX,8,10,P,2,199809,1,"$26,593",14.8
DLBL,11,C,13,11,C,0110,1,GS-11,C,XXXX,8,10,F,1,199809,1,"$39,270",3.4
DLBL,39,I,15,05,B,0119,3,GS-05,B,XXXX,8,20,P,2,199809,1,"$22,226",1.0
DLBL,39,E,06,06,B,0119,3,GS-06,B,XXXX,8,15,P,2,199809,1,"$24,247",2.9
DLBL,39,K,03,05,B,0119,3,GS-05,B,XXXX,8,15,P,2,199809,1,"$21,945",1.6
DLBL,11,H,21,15,G,0110,1,GM-15,J,XXXX,2,10,F,1,199809,1,"$101,142",23.0
DLBL,39,G,13,12,G,0110,1,GS-12,F,XXXX,8,10,F,1,199809,1,"$60,665",24.6
DLBL,17,E,13,05,B,0119,3,GS-05,B,XXXX,8,15,P,2,199809,1,"$22,535",1.8
DLBL,39,G,09,07,D,0119,3,GS-07,B,XXXX,8,10,P,2,199809,1,"$28,890",6.3
DLBL,39,G,17,12,G,0110,1,GS-12,E,XXXX,2,10,F,1,199809,1,"$58,289",20.4
DLBL,39,G,13,06,B,0119,3,GS-06,B,XXXX,8,15,P,2,199809,1,"$24,247",2.9
DLBL,55,J,13,07,F,0119,3,GS-07,C,XXXX,8,10,P,2,199809,1,"$31,515",16.0
DLBL,18,J,17,05,B,0119,3,GS-05,B,XXXX,8,15,P,2,199809,1,"$21,753",1.8
DLBL,11,E,17,13,D,0110,1,GS-13,F,XXXX,2,10,F,1,199809,1,"$61,565",8.8
DLBL,55,F,13,05,C,0119,3,GS-05,B,XXXX,8,20,P,2,199809,1,"$21,912",4.2
DLBL,18,I,13,07,F,0119,3,GS-07,C,XXXX,8,10,P,2,199809,1,"$33,090",18.9
DLBL,18,F,13,12,E,0110,1,GS-12,E,XXXX,8,10,F,1,199809,1,"$55,618",13.9
DLBL,18,I,04,05,B,0119,3,GS-05,B,XXXX,8,15,P,2,199809,1,"$21,753",1.8
DLBL,18,H,03,05,A,0119,3,GS-05,B,XXXX,8,20,P,2,199809,1,"$21,051",0.9
DLBL,18,F,08,06,B,0119,3,GS-06,B,XXXX,8,15,P,2,199809,1,"$24,247",2.5
DLBL,39,I,13,11,G,0110,1,GS-11,D,XXXX,8,10,F,1,199809,1,"$45,421",22.3
DLBL,17,J,13,07,E,0119,3,GS-07,C,XXXX,8,10,P,2,199809,1,"$31,511",13.8
DLBL,17,H,17,07,E,0119,3,GS-07,C,XXXX,8,10,P,2,199809,1,"$30,612",13.0
DLBL,17,E,13,11,E,0110,1,GS-11,E,XXXX,8,10,F,1,199809,1,"$51,972",12.1
DLBL,17,J,13,07,E,0119,3,GS-07,C,XXXX,8,10,P,2,199809,1,"$32,411",14.6
DLBL,17,K,09,07,G,0119,3,GS-07,C,XXXX,8,10,P,2,199809,1,"$34,211",21.4
DLBL,17,J,07,05,D,0119,3,GS-05,B,XXXX,8,15,P,2,199809,1,"$21,753",5.1
DLBL,39,F,09,06,E,0119,3,GS-06,B,XXXX,8,10,P,2,199809,1,"$27,375",10.5
DLBL,17,E,13,07,D,0119,3,GS-07,B,XXXX,8,10,P,2,199809,1,"$28,812",5.1
DLBL,17,H,13,07,D,0119,3,GS-07,B,XXXX,8,10,P,2,199809,1,"$29,712",8.7
DLBL,17,C,13,11,D,0110,1,GS-11,D,XXXX,8,10,F,1,199809,1,"$43,978",6.3
DLBL,17,E,14,05,C,0119,3,GS-05,B,XXXX,8,10,P,2,199809,1,"$23,990",4.3
DLBL,17,C,13,07,D,0110,1,GS-07,B,XXXX,8,15,F,1,199809,1,"$27,012",5.9
DLBL,17,K,11,07,E,0119,3,GS-07,C,XXXX,8,10,P,2,199809,1,"$32,411",13.8
DLBL,17,E,13,12,E,0110,1,GS-12,E,XXXX,2,10,F,1,199809,1,"$51,112",13.9
DLBL,17,D,13,11,D,0110,1,GS-11,D,XXXX,8,10,F,1,199809,1,"$45,310",8.1
DLBL,17,G,07,05,B,0119,3,GS-05,B,XXXX,8,20,P,2,199809,1,"$22,535",1.3
DLBL,17,K,07,05,E,0119,3,GS-05,B,XXXX,8,10,P,2,199809,1,"$25,264",13.5
DLBL,39,H,17,05,B,0119,3,GS-05,B,XXXX,8,20,P,2,199809,1,"$21,945",1.3
DLBL,17,J,04,12,G,0110,1,GS-12,E,XXXX,8,10,F,1,199809,1,"$54,308",22.8
DLBL,17,F,13,06,E,0119,3,GS-06,B,XXXX,8,10,P,2,199809,1,"$29,980",14.9
DLBL,17,I,13,05,D,0119,3,GS-05,B,XXXX,8,10,P,2,199809,1,"$25,445",8.4
DLBL,11,D,13,13,D,0110,1,GS-13,F,XXXX,2,10,F,1,199809,1,"$61,565",9.6
DLBL,17,K,17,05,D,0119,3,GS-05,B,XXXX,8,20,P,2,199809,1,"$22,535",7.3
DLBL,55,I,09,05,B,0119,3,GS-05,B,XXXX,8,15,P,2,199809,1,"$21,912",1.5
DLBL,17,I,10,05,B,0119,3,GS-05,B,XXXX,8,20,P,2,199809,1,"$22,535",1.3
DLBL,26,F,13,05,B,0119,3,GS-05,B,XXXX,8,15,P,2,199809,1,"$23,295",2.2
DLBL,26,F,13,05,B,0119,3,GS-05,B,XXXX,8,15,P,2,199809,1,"$22,566",1.5
DLBL,26,H,13,06,F,0119,3,GS-06,B,XXXX,8,10,P,2,199809,1,"$29,210",16.7
DLBL,27,I,13,05,B,0119,3,GS-05,B,XXXX,8,20,P,2,199809,1,"$22,145",1.3
DLBL,39,I,11,07,F,0119,3,GS-07,C,XXXX,8,10,P,2,199809,1,"$32,854",16.9
DLBL,26,J,07,07,G,0119,3,GS-07,C,XXXX,8,10,P,2,199809,1,"$32,456",23.3
DLBL,17,D,17,11,C,0110,1,GS-11,D,XXXX,8,10,F,1,199809,1,"$41,313",3.6
DLBL,26,J,09,07,G,0119,3,GS-07,C,XXXX,8,10,P,2,199809,1,"$32,155",21.5
DLBL,26,J,07,05,C,0119,3,GS-05,B,XXXX,8,20,P,2,199809,1,"$22,566",4.7
DLBL,11,H,22,12,F,0110,1,GS-12,E,XXXX,8,10,F,1,199809,1,"$54,913",15.1
DLBL,26,H,13,07,E,0119,3,GS-07,C,XXXX,8,10,F,1,199809,1,"$33,357",13.8
DLBL,55,I,13,05,B,0119,3,GS-05,B,XXXX,8,20,P,2,199809,1,"$21,912",1.2
DLBL,55,D,13,11,D,0110,1,GS-11,D,XXXX,8,10,F,1,199809,1,"$42,762",6.8
DLBL,55,E,13,12,E,0110,1,GS-12,E,XXXX,8,10,F,1,199809,1,"$54,360",14.9
DLBL,55,J,17,05,B,0119,3,GS-05,B,XXXX,8,20,P,2,199809,1,"$21,051",1.5
DLBL,55,J,04,07,G,0119,3,GS-07,C,XXXX,8,10,P,2,199809,1,"$33,265",21.0
DLBL,39,C,13,11,D,0110,1,GS-11,D,XXXX,8,10,F,1,199809,1,"$40,231",6.2
DLBL,11,G,18,12,D,0110,1,GS-12,E,XXXX,8,10,F,1,199809,1,"$53,343",7.5
DLBL,39,C,13,12,D,0110,1,GS-12,D,XXXX,2,10,F,1,199809,1,"$46,662",8.2
DLBL,11,D,13,13,E,0110,1,GS-13,F,XXXX,8,10,P,2,199809,1,"$65,296",11.1
DLBL,11,C,13,12,D,0110,1,GS-12,E,XXXX,8,10,F,1,199809,1,"$53,343",8.2
DLBL,27,G,13,05,B,0119,3,GS-05,B,XXXX,8,20,P,2,199809,1,"$22,145",1.3
DLBL,27,J,14,07,G,0119,3,GS-07,C,XXXX,8,10,P,2,199809,1,"$32,735",22.7
DLBL,39,F,13,12,F,0110,1,GS-12,D,XXXX,2,10,F,1,199809,1,"$48,145",15.6
DLBL,11,I,15,15,J,0110,1,GM-15,J,XXXX,2,10,F,1,199809,1,"$101,142",35.1
DLBL,27,K,13,05,C,0119,3,GS-05,B,XXXX,8,15,P,2,199809,1,"$21,753",3.3
DLBL,17,G,13,12,G,0110,1,GS-12,E,XXXX,2,10,F,1,199809,1,"$59,101",22.7
DLBL,27,I,15,06,D,0119,3,GS-06,B,XXXX,8,10,P,2,199809,1,"$25,480",5.8
DLBL,17,G,13,13,G,0110,1,GM-13,F,XXXX,2,10,F,1,199809,1,"$67,431",24.9
DLBL,39,I,09,07,E,0119,3,GS-07,B,XXXX,8,10,P,2,199809,1,"$29,765",12.3
DLBL,11,I,21,14,D,0110,1,GS-14,H,XXXX,8,48,F,2,199809,1,"$81,569",9.5
DLBL,11,D,13,11,D,0110,1,GS-11,D,XXXX,8,10,F,1,199809,1,"$43,197",6.2
DLBL,11,I,15,14,J,0110,1,GS-14,H,XXXX,2,10,F,1,199809,1,"$85,978",39.8
DLBL,11,G,14,13,E,0110,1,GS-13,F,XXXX,8,10,F,1,199809,1,"$61,565",10.1
DLBL,11,H,21,,G,0110,1,ES-04,L,XXXX,2,50,F,1,199809,1,"$122,824",24.3
DLES,11,H,18,14,H,0110,1,GS-14,H,XXXX,8,10,F,1,199809,1,"$85,978",27.6
DLES,11,I,21,15,I,0110,1,GM-15,J,XXXX,4,10,F,1,199809,1,"$101,142",31.5
DLES,11,H,13,14,I,0110,1,GM-14,H,XXXX,2,10,F,1,199809,1,"$85,978",30.3
DLES,11,G,13,12,G,0110,1,GS-12,E,XXXX,8,10,F,1,199809,1,"$58,051",22.9
DLET,11,J,17,12,J,0110,1,GS-12,F,XXXX,8,10,F,1,199809,1,"$61,190",37.0
DLET,11,G,13,12,F,0110,1,GS-12,E,XXXX,8,10,F,1,199809,1,"$53,343",15.0
DLET,11,H,13,12,G,0110,1,GS-12,F,XXXX,8,10,F,1,199809,1,"$61,190",20.7
DLET,11,K,13,12,H,0110,1,GS-12,F,XXXX,8,10,F,1,199809,1,"$61,190",25.8
DLET,11,E,13,13,C,0110,1,GS-13,F,XXXX,8,10,F,1,199809,1,"$61,565",4.2
DLET,11,C,04,11,D,0110,1,GS-11,D,XXXX,8,10,F,1,199809,1,"$40,579",5.3
DLET,11,G,14,13,G,0110,1,GS-13,F,XXXX,8,10,F,1,199809,1,"$65,296",23.9
DLET,11,H,04,13,H,0110,1,GS-13,G,XXXX,8,10,F,1,199809,1,"$72,758",29.2
DLET,11,G,13,12,G,0110,1,GS-12,E,XXXX,8,10,F,1,199809,1,"$56,482",22.3
DLET,11,H,17,13,G,0110,1,GS-13,F,XXXX,8,10,F,1,199809,1,"$69,027",23.1
DLET,11,H,17,13,H,0110,1,GS-13,F,XXXX,8,10,F,1,199809,1,"$69,027",26.5
DLET,11,H,04,12,G,0110,1,GS-12,E,XXXX,8,10,F,1,199809,1,"$54,913",20.6
DLLS,25,E,13,12,E,0110,1,GS-12,E,XXXX,8,10,F,1,199809,1,"$55,599",12.5
DLLS,17,B,13,07,A,0110,1,GS-07,B,XXXX,8,15,F,1,199809,1,"$27,012",0.6
DLLS,25,D,13,07,D,0119,3,GS-07,C,XXXX,8,10,P,2,199809,1,"$34,918",8.0
DLLS,25,J,13,11,G,0110,1,GS-11,E,XXXX,8,10,F,1,199809,1,"$51,686",21.9
DLLS,55,I,13,05,G,0119,3,GS-05,B,XXXX,8,15,P,2,199809,1,"$27,370",21.6
DLLS,25,G,17,11,G,0110,1,GS-11,E,XXXX,8,10,F,1,199809,1,"$51,686",24.1
DLLS,25,D,13,11,D,0110,1,GS-11,D,XXXX,8,10,F,1,199809,1,"$46,386",7.3
DLLS,11,D,13,13,D,0110,1,GS-13,E,XXXX,8,10,F,1,199809,1,"$55,969",8.3
DLLS,36,H,04,07,E,0119,3,GS-07,C,XXXX,8,10,P,2,199809,1,"$32,575",10.6
DLLS,11,D,17,13,D,0110,1,GS-13,E,XXXX,8,10,F,1,199809,1,"$57,835",5.8
DLLS,11,D,17,09,A,0110,1,GS-09,C,XXXX,8,15,F,1,199809,1,"$32,457",0.2
DLLS,50,H,13,06,B,0119,3,GS-06,B,XXXX,8,15,P,2,199809,1,"$23,464",1.4
DLLS,11,B,13,07,A,0110,1,GS-07,B,XXXX,8,15,F,1,199809,1,"$26,532",0.3
DLLS,11,B,13,07,A,0110,1,GS-07,B,XXXX,8,15,F,1,199809,1,"$26,532",0.2
DLLS,25,G,13,12,H,0110,1,GS-12,F,XXXX,8,10,F,1,199809,1,"$61,954",25.0
DLLS,11,J,13,13,J,0110,1,GS-13,G,XXXX,8,10,F,1,199809,1,"$72,758",39.4
DLLS,11,F,21,13,D,0110,1,GS-13,F,XXXX,8,10,F,1,199809,1,"$63,431",7.0
DLLS,25,F,17,12,G,0110,1,GS-12,E,XXXX,8,10,F,1,199809,1,"$58,776",21.3
DLLS,11,C,17,09,B,0110,1,GS-09,C,XXXX,8,15,F,1,199809,1,"$32,457",1.1
DLLS,11,G,14,14,H,0110,1,GM-14,H,XXXX,2,10,F,1,199809,1,"$82,676",26.4
DLLS,25,F,13,12,E,0110,1,GS-12,E,XXXX,8,10,F,1,199809,1,"$57,188",13.8
DLLS,11,D,14,09,B,0110,1,GS-09,C,XXXX,8,15,F,1,199809,1,"$32,457",2.3
DLLS,06,E,13,05,E,0119,3,GS-05,B,XXXX,8,10,P,2,199809,1,"$23,497",11.3
DLLS,11,F,17,12,D,0110,1,GS-12,E,XXXX,8,10,F,1,199809,1,"$53,343",8.4
DLLS,25,F,13,12,G,0110,1,GS-12,E,XXXX,8,10,F,1,199809,1,"$57,188",21.3
DLLS,25,D,13,11,C,0110,1,GS-11,D,XXXX,8,10,F,1,199809,1,"$41,086",3.9
DLLS,11,D,13,12,D,0110,1,GS-12,D,XXXX,8,10,F,1,199809,1,"$47,066",5.5
DLLS,25,B,13,07,A,0110,1,GS-07,B,XXXX,8,15,F,1,199809,1,"$26,864",0.2
DLLS,25,I,13,12,I,0110,1,GS-12,E,XXXX,8,10,F,1,199809,1,"$58,776",30.9
DLLS,01,H,07,07,E,0119,3,GS-07,B,XXXX,8,10,P,2,199809,1,"$29,667",10.9
DLLS,11,H,21,11,D,0110,1,GS-11,D,XXXX,8,10,F,1,199809,1,"$43,197",5.1
DLLS,25,E,13,12,E,0110,1,GS-12,E,XXXX,8,10,F,1,199809,1,"$55,599",12.9
DLLS,11,J,15,,J,0110,1,ES-01,J,XXXX,2,50,F,1,199809,1,"$106,412",38.7
DLLS,11,I,21,13,G,0110,1,GS-13,G,XXXX,8,10,F,1,199809,1,"$70,893",21.2
DLLS,13,E,13,11,E,0110,1,GS-11,D,XXXX,2,10,F,1,199809,1,"$46,644",13.3
DLLS,25,E,13,12,E,0110,1,GS-12,E,XXXX,8,10,F,1,199809,1,"$52,421",14.3
DLLS,25,E,04,05,A,0119,3,GS-05,B,XXXX,8,20,P,2,199809,1,"$21,967",0.7
DLLS,11,I,18,14,H,0110,1,GM-14,H,XXXX,2,10,F,1,199809,1,"$85,978",29.0
DLLS,25,F,13,13,F,0110,1,GM-13,F,XXXX,2,10,F,1,199809,1,"$68,949",19.8
DLLS,11,B,13,09,B,0110,1,GS-09,C,XXXX,8,15,F,1,199809,1,"$32,457",1.6
DLLS,25,I,17,14,I,0110,1,GM-14,H,XXXX,2,10,F,1,199809,1,"$85,345",32.4
DLLS,11,E,17,13,D,0110,1,GS-13,E,XXXX,8,10,F,1,199809,1,"$57,835",8.8
DLLS,11,C,13,13,D,0110,1,GS-13,E,XXXX,2,10,F,1,199809,1,"$55,969",6.3
DLLS,11,H,17,12,H,0110,1,GS-12,E,XXXX,8,10,F,1,199809,1,"$54,913",26.3
DLLS,25,E,13,12,E,0110,1,GS-12,E,XXXX,8,10,F,1,199809,1,"$55,599",14.8
DLLS,11,H,21,15,G,0110,1,GM-15,I,XXXX,2,10,F,1,199809,1,"$97,235",24.3
DLLS,25,G,17,12,E,0110,1,GS-12,E,XXXX,8,10,F,1,199809,1,"$58,776",12.9
DLLS,11,G,17,15,G,0110,1,GS-15,I,XXXX,2,10,F,1,199809,1,"$90,767",23.3
DLLS,25,C,13,11,C,0110,1,GS-11,D,XXXX,8,10,F,1,199809,1,"$41,086",4.4
DLLS,25,I,13,11,G,0110,1,GS-11,D,XXXX,8,10,F,1,199809,1,"$45,061",20.3
DLLS,11,E,17,09,D,0110,1,GS-09,C,XXXX,8,15,F,1,199809,1,"$32,457",7.0
DLLS,11,E,13,09,B,0110,1,GS-09,C,XXXX,8,15,F,1,199809,1,"$32,457",2.8
DLLS,25,K,18,13,J,0110,1,GM-13,G,XXXX,2,10,F,1,199809,1,"$73,667",41.4
DLLS,25,G,17,13,G,0110,1,GM-13,G,XXXX,2,10,F,1,199809,1,"$70,842",20.9
DLLS,11,C,13,11,D,0110,1,GS-11,D,XXXX,8,10,P,2,199809,1,"$40,579",6.5
DLLS,25,H,18,15,I,0110,1,GS-15,I,XXXX,2,10,F,1,199809,1,"$91,900",30.4
DLLS,11,H,14,15,I,0110,1,GM-15,I,XXXX,2,10,F,1,199809,1,"$96,397",31.2
DLLS,04,G,17,07,H,0119,3,GS-07,C,XXXX,8,10,P,2,199809,1,"$33,893",25.4
DLLS,04,J,13,07,E,0119,3,GS-07,B,XXXX,8,10,P,2,199809,1,"$29,549",12.4
DLLS,11,I,14,14,J,0110,1,GM-14,H,XXXX,2,10,F,1,199809,1,"$85,978",36.8
DLLS,11,G,11,15,H,0110,1,GM-15,I,XXXX,2,10,F,1,199809,1,"$92,426",26.3
DLLS,11,B,13,09,B,0110,1,GS-09,C,XXXX,8,15,F,1,199809,1,"$32,457",1.3
DLLS,11,D,13,13,E,0110,1,GS-13,F,XXXX,8,10,P,2,199809,1,"$63,431",10.0
DLLS,12,J,04,07,E,0119,3,GS-07,C,XXXX,8,10,P,2,199809,1,"$30,233",10.8
DLLS,11,H,17,15,H,0110,1,GS-15,H,XXXX,2,10,F,1,199809,1,"$82,985",29.9
DLLS,25,G,13,11,G,0110,1,GS-11,D,XXXX,8,10,F,1,199809,1,"$49,036",23.8
DLLS,25,D,13,12,E,0110,1,GS-12,E,XXXX,8,10,F,1,199809,1,"$54,010",10.8
DLLS,11,F,13,11,G,0110,1,GS-11,D,XXXX,8,10,F,1,199809,1,"$47,123",20.3
DLLS,25,E,13,12,E,0110,1,GS-12,E,XXXX,8,10,F,1,199809,1,"$57,188",12.7
DLLS,25,E,13,11,E,0110,1,GS-11,D,XXXX,8,10,F,1,199809,1,"$45,061",10.8
DLLS,25,J,14,13,J,0110,1,GM-13,G,XXXX,4,10,F,1,199809,1,"$73,667",39.6
DLLS,29,H,17,12,H,0110,1,GS-12,F,XXXX,8,10,F,1,199809,1,"$60,500",27.0
DLLS,25,H,17,13,H,0110,1,GM-13,G,XXXX,2,10,F,1,199809,1,"$70,528",28.7
DLLS,11,F,22,15,E,0110,1,GM-15,I,XXXX,5,10,F,1,199809,1,"$93,360",12.2
DLLS,25,K,13,06,B,0119,3,GS-06,B,XXXX,8,15,P,2,199809,1,"$24,980",1.5
DLLS,11,I,13,,I,0110,1,ES-05,L,XXXX,2,50,F,1,199809,1,"$125,900",33.0
DLLS,11,G,17,14,G,0110,1,GS-14,G,XXXX,2,10,F,1,199809,1,"$77,160",22.4
DLLS,11,D,13,12,E,0110,1,GS-12,E,XXXX,8,10,F,1,199809,1,"$54,913",11.2
DLLS,48,K,10,06,B,0119,3,GS-06,B,XXXX,8,15,P,2,199809,1,"$25,751",2.2
DLLS,11,I,21,13,H,0110,1,GS-13,G,XXXX,8,10,F,1,199809,1,"$72,758",27.0
DLLS,12,H,17,05,D,0119,3,GS-05,B,XXXX,8,20,P,2,199809,1,"$21,051",7.3
DLLS,25,H,04,05,B,0119,3,GS-05,B,XXXX,8,20,P,2,199809,1,"$21,753",1.3
DLLS,11,F,13,12,F,0110,1,GS-12,E,XXXX,8,10,F,1,199809,1,"$56,482",19.3
DLLS,25,G,17,07,E,0119,3,GS-07,C,XXXX,8,10,P,2,199809,1,"$32,233",11.7
DLLS,25,D,13,12,D,0110,1,GS-12,E,XXXX,8,10,F,1,199809,1,"$52,421",8.3
DLLS,11,H,13,12,I,0110,1,GS-12,F,XXXX,8,10,F,1,199809,1,"$61,190",30.8
DLLS,11,E,13,11,D,0110,1,GS-11,D,XXXX,8,10,F,1,199809,1,"$44,505",8.5
DLLS,25,J,14,13,J,0110,1,GM-13,G,XXXX,2,10,F,1,199809,1,"$71,571",35.8
DLLS,25,K,13,05,B,0119,3,GS-05,B,XXXX,8,15,P,2,199809,1,"$21,753",2.0
DLLS,11,E,17,11,D,0110,1,GS-11,D,XXXX,8,15,F,1,199809,1,"$40,579",5.1
DLLS,25,F,13,13,F,0110,1,GM-13,F,XXXX,2,10,F,1,199809,1,"$69,895",19.9
DLLS,11,C,13,12,D,0110,1,GS-12,E,XXXX,8,10,F,1,199809,1,"$51,774",7.1
DLLS,11,D,13,13,D,0110,1,GS-13,E,XXXX,8,10,F,1,199809,1,"$57,835",8.3
DLLS,11,H,13,12,E,0110,1,GS-12,E,XXXX,8,10,F,1,199809,1,"$53,343",14.1
DLLS,11,G,21,14,G,0110,1,GM-14,H,XXXX,2,10,F,1,199809,1,"$81,208",22.0
DLLS,11,B,13,09,B,0110,1,GS-09,C,XXXX,8,15,F,1,199809,1,"$32,457",1.3
DLLS,09,H,13,07,E,0119,3,GS-07,C,XXXX,8,10,P,2,199809,1,"$30,589",10.6
DLLS,11,H,13,14,G,0110,1,GM-14,G,XXXX,2,10,F,1,199809,1,"$77,160",22.3
DLLS,11,F,13,14,F,0110,1,GM-14,G,XXXX,2,10,F,1,199809,1,"$78,758",17.7
DLLS,11,I,13,13,J,0110,1,GS-13,G,XXXX,8,10,F,1,199809,1,"$72,758",35.3
DLLS,09,H,04,05,A,0119,3,GS-05,B,XXXX,8,20,P,2,199809,1,"$21,967",0.8
DLLS,11,G,14,13,H,0110,1,GS-13,F,XXXX,8,10,F,1,199809,1,"$69,027",26.1
DLLS,11,C,13,09,C,0110,1,GS-09,C,XXXX,8,15,F,1,199809,1,"$32,457",3.3
DLLS,36,I,13,07,E,0119,3,GS-07,C,XXXX,8,10,P,2,199809,1,"$32,575",12.5
DLLS,06,I,08,06,F,0119,3,GS-06,B,XXXX,8,10,P,2,199809,1,"$28,940",16.8
DLLS,09,G,13,06,B,0119,3,GS-06,B,XXXX,8,15,P,2,199809,1,"$24,484",2.4
DLLS,11,G,13,12,G,0110,1,GS-12,E,XXXX,8,10,F,1,199809,1,"$56,482",24.4
DLLS,11,I,18,15,I,0110,1,GM-15,J,XXXX,2,10,F,1,199809,1,"$101,142",33.1
DLLS,11,H,21,15,H,0110,1,GS-15,H,XXXX,5,10,F,1,199809,1,"$88,173",26.3
DLLS,11,E,17,12,D,0110,1,GS-12,E,XXXX,8,10,F,1,199809,1,"$53,343",9.0
DLLS,11,D,13,12,D,0110,1,GS-12,E,XXXX,8,10,F,1,199809,1,"$50,205",9.6
DLLS,08,K,17,05,E,0119,3,GS-05,B,XXXX,8,10,P,2,199809,1,"$27,437",14.2
DLLS,09,K,17,06,C,0119,3,GS-06,B,XXXX,8,15,P,2,199809,1,"$25,226",4.9
DLLS,12,I,13,05,C,0119,3,GS-05,B,XXXX,8,15,P,2,199809,1,"$21,753",3.8
DLLS,11,G,14,12,G,0110,1,GS-12,F,XXXX,8,10,F,1,199809,1,"$61,190",23.5
DLLS,11,F,13,12,G,0110,1,GS-12,F,XXXX,8,10,F,1,199809,1,"$61,190",21.0
DLLS,11,D,17,11,E,0110,1,GS-11,D,XXXX,8,10,F,1,199809,1,"$45,814",10.0
DLLS,25,G,13,06,B,0119,3,GS-06,B,XXXX,8,15,P,2,199809,1,"$23,464",1.4
DLLS,11,B,13,09,B,0110,1,GS-09,C,XXXX,8,15,F,1,199809,1,"$32,457",1.7
DLLS,25,C,13,11,D,0110,1,GS-11,D,XXXX,8,10,F,1,199809,1,"$45,061",7.3
DLLS,13,H,13,12,G,0110,1,GS-12,E,XXXX,8,10,F,1,199809,1,"$52,801",24.0
DLLS,11,H,15,12,H,0110,1,GS-12,F,XXXX,8,10,F,1,199809,1,"$61,190",27.6
DLLS,25,G,13,07,F,0119,3,GS-07,C,XXXX,8,10,P,2,199809,1,"$33,893",16.3
DLLS,25,F,04,05,B,0119,3,GS-05,B,XXXX,8,15,P,2,199809,1,"$22,633",1.2
DLLS,11,C,13,07,C,0110,1,GS-07,B,XXXX,8,15,F,1,199809,1,"$26,532",4.3
DLLS,11,C,13,11,D,0110,1,GS-11,D,XXXX,8,10,F,1,199809,1,"$41,888",5.3
DLLS,36,G,13,13,G,0110,1,GM-13,G,XXXX,2,10,F,1,199809,1,"$71,588",24.4
DLLS,11,D,17,13,D,0110,1,GS-13,E,XXXX,8,10,F,1,199809,1,"$55,969",7.3
DLLS,11,H,17,13,G,0110,1,GS-13,F,XXXX,8,10,F,1,199809,1,"$67,162",22.8
DLLS,37,F,13,11,F,0110,1,GS-11,D,XXXX,8,10,F,1,199809,1,"$48,882",18.7
DLLS,11,G,21,11,C,0110,1,GS-11,E,XXXX,8,10,F,1,199809,1,"$51,049",4.6
DLLS,36,H,13,12,D,0110,1,GS-12,E,XXXX,8,10,F,1,199809,1,"$52,976",8.2
DLLS,11,C,13,07,A,0110,1,GS-07,B,XXXX,8,15,F,1,199809,1,"$26,532",0.3
DLLS,36,J,10,07,F,0119,3,GS-07,C,XXXX,8,10,P,2,199809,1,"$33,479",19.0
DLLS,06,G,14,11,H,0110,1,GS-11,E,XXXX,8,10,F,1,199809,1,"$53,328",25.4
DLLS,36,D,13,07,D,0119,3,GS-07,C,XXXX,8,10,P,2,199809,1,"$35,288",9.3
DLLS,11,B,13,07,A,0110,1,GS-07,B,XXXX,8,15,F,1,199809,1,"$26,532",0.1
DLLS,11,K,17,14,I,0110,1,GS-14,G,XXXX,8,10,F,1,199809,1,"$77,160",32.3
DLLS,37,J,04,07,F,0119,3,GS-07,C,XXXX,8,10,F,1,199809,1,"$33,024",17.3
DLLS,11,K,17,14,J,0110,1,GM-14,H,XXXX,5,10,F,1,199809,1,"$85,978",36.4
DLLS,12,J,14,12,J,0110,1,GS-12,F,XXXX,8,10,F,1,199809,1,"$61,527",40.0
DLLS,36,I,13,06,C,0119,3,GS-06,B,XXXX,8,10,P,2,199809,1,"$25,029",3.7
DLLS,36,D,17,07,D,0119,3,GS-07,C,XXXX,8,10,P,2,199809,1,"$35,288",7.0
DLLS,29,H,18,12,G,0110,1,GS-12,E,XXXX,8,10,F,1,199809,1,"$55,845",22.0
DLLS,36,K,13,07,G,0119,3,GS-07,C,XXXX,8,10,P,2,199809,1,"$34,383",21.5
DLLS,11,H,13,13,G,0110,1,GS-13,F,XXXX,8,10,F,1,199809,1,"$67,162",20.3
DLLS,06,F,13,12,G,0110,1,GS-12,E,XXXX,8,10,F,1,199809,1,"$59,004",20.0
DLLS,11,B,13,09,B,0110,1,GS-09,C,XXXX,8,15,F,1,199809,1,"$32,457",1.6
DLLS,36,K,17,12,H,0110,1,GS-12,E,XXXX,8,10,F,1,199809,1,"$54,581",29.5
DLLS,11,E,13,11,F,0110,1,GS-11,D,XXXX,8,10,F,1,199809,1,"$43,197",15.3
DLLS,13,F,13,05,E,0119,3,GS-05,B,XXXX,8,20,P,2,199809,1,"$21,203",10.3
DLLS,42,D,07,05,A,0119,3,GS-05,B,XXXX,8,20,P,2,199809,1,"$21,501",0.8
DLLS,11,G,13,13,G,0110,1,GM-13,F,XXXX,2,10,F,1,199809,1,"$69,033",23.6
DLLS,36,F,13,11,E,0110,1,GS-11,D,XXXX,2,10,F,1,199809,1,"$48,216",13.0
DLLS,11,E,13,12,D,0110,1,GS-12,D,XXXX,8,10,F,1,199809,1,"$48,635",6.0
DLLS,11,E,17,13,E,0110,1,GM-13,F,XXXX,2,10,F,1,199809,1,"$65,296",11.8
DLLS,11,E,17,11,E,0110,1,GS-11,D,XXXX,8,10,F,1,199809,1,"$47,123",10.0
DLLS,11,B,13,07,A,0110,1,GS-07,B,XXXX,8,15,F,1,199809,1,"$26,532",0.2
DLLS,11,I,21,14,D,0110,1,GS-14,G,XXXX,2,10,F,1,199809,1,"$72,752",9.0
DLLS,36,F,13,11,F,0110,1,GS-11,E,XXXX,8,10,F,1,199809,1,"$50,895",19.3
DLLS,11,H,17,13,H,0110,1,GM-13,F,XXXX,2,10,F,1,199809,1,"$69,968",29.1
DLLS,11,G,14,14,H,0110,1,GS-14,G,XXXX,2,10,F,1,199809,1,"$74,956",27.2
DLLS,24,G,18,05,B,0119,3,GS-05,B,XXXX,8,20,P,2,199809,1,"$22,135",1.3
DLLS,11,C,17,11,B,0110,1,GS-11,C,XXXX,8,15,F,1,199809,1,"$39,270",1.5
DLLS,36,C,12,05,A,0119,3,GS-05,B,XXXX,8,20,P,2,199809,1,"$23,299",0.7
DLLS,11,I,18,13,I,0110,1,GS-13,G,XXXX,8,10,F,1,199809,1,"$72,758",33.1
DLLS,36,J,14,11,F,0110,1,GS-11,D,XXXX,8,10,F,1,199809,1,"$46,877",16.0
DLLS,11,G,13,09,G,0110,1,GS-09,C,XXXX,8,15,F,1,199809,1,"$32,457",23.8
DLLS,11,F,17,13,F,0110,1,GS-13,F,XXXX,8,10,F,1,199809,1,"$61,565",18.0
DLLS,11,I,18,,I,0110,1,ES-04,L,XXXX,2,50,F,1,199809,1,"$122,824",32.4
DLLS,36,H,13,12,E,0110,1,GS-12,E,XXXX,8,10,F,1,199809,1,"$56,187",14.4
DLLS,13,H,13,09,E,0110,1,GS-09,D,XXXX,8,10,F,1,199809,1,"$41,769",14.0
DLLS,36,K,09,07,E,0119,3,GS-07,C,XXXX,8,10,P,2,199809,1,"$30,766",12.9
DLLS,36,H,04,06,D,0119,3,GS-06,B,XXXX,8,10,P,2,199809,1,"$28,194",9.0
DLLS,36,D,13,12,D,0110,1,GS-12,E,XXXX,8,10,F,1,199809,1,"$52,976",9.2
DLLS,11,F,18,14,F,0110,1,GM-14,G,XXXX,2,10,P,2,199809,1,"$78,265",15.5
DLLS,11,F,13,12,G,0110,1,GS-12,E,XXXX,8,10,F,1,199809,1,"$56,482",20.3
DLLS,11,C,17,07,B,0110,1,GS-07,B,XXXX,8,15,F,1,199809,1,"$26,532",1.3
DLLS,36,D,17,11,C,0110,1,GS-11,D,XXXX,8,10,F,1,199809,1,"$41,521",3.7
DLLS,11,B,13,07,A,0110,1,GS-07,B,XXXX,8,15,F,1,199809,1,"$26,532",0.8
DLLS,12,E,04,06,C,0119,3,GS-06,B,XXXX,8,15,P,2,199809,1,"$23,464",4.8
DLLS,11,C,17,11,B,0110,1,GS-11,C,XXXX,8,15,F,1,199809,1,"$39,270",2.2
DLLS,11,D,13,07,C,0110,1,GS-07,B,XXXX,8,15,F,1,199809,1,"$26,532",3.6
DLLS,12,K,17,07,G,0119,3,GS-07,C,XXXX,8,10,P,2,199809,1,"$32,155",21.4
DLLS,36,I,17,05,B,0119,3,GS-05,B,XXXX,8,20,P,2,199809,1,"$23,299",1.6
DLLS,11,D,17,13,D,0110,1,GS-13,E,XXXX,8,10,F,1,199809,1,"$55,969",8.3
DLLS,11,F,13,12,F,0110,1,GS-12,E,XXXX,8,10,F,1,199809,1,"$56,482",19.3
DLLS,36,F,14,11,C,0110,1,GS-11,D,XXXX,8,10,F,1,199809,1,"$40,182",3.6
DLLS,36,E,17,12,E,0110,1,GS-12,D,XXXX,8,10,F,1,199809,1,"$49,764",11.7
DLLS,36,D,13,12,D,0110,1,GS-12,E,XXXX,8,10,F,1,199809,1,"$54,581",9.8
DLLS,11,I,13,11,G,0110,1,GS-11,E,XXXX,8,10,F,1,199809,1,"$51,049",22.2
DLLS,08,K,17,06,C,0119,3,GS-06,B,XXXX,8,15,P,2,199809,1,"$24,946",4.7
DLLS,11,I,13,11,E,0110,1,GS-11,D,XXXX,8,10,F,1,199809,1,"$45,814",12.8
DLLS,36,G,13,12,G,0110,1,GS-12,E,XXXX,8,10,F,1,199809,1,"$56,187",24.3
DLLS,36,F,13,13,G,0110,1,GM-13,F,XXXX,2,10,F,1,199809,1,"$69,679",23.3
DLLS,11,F,13,11,E,0110,1,GS-11,D,XXXX,8,10,F,1,199809,1,"$47,123",13.9
DLLS,06,I,17,05,A,0119,3,GS-05,B,XXXX,8,20,P,2,199809,1,"$22,028",0.5
DLLS,36,I,15,12,H,0110,1,GS-12,E,XXXX,8,10,F,1,199809,1,"$57,793",29.3
DLLS,36,I,04,05,A,0119,3,GS-05,B,XXXX,8,20,P,2,199809,1,"$23,299",0.5
DLLS,11,C,21,12,A,0110,1,GS-12,E,XXXX,8,15,F,1,199809,1,"$56,482",0.2
DLLS,24,K,17,05,C,0119,3,GS-05,B,XXXX,8,15,P,2,199809,1,"$22,135",3.6
DLLS,36,H,13,06,D,0119,3,GS-06,B,XXXX,8,10,P,2,199809,1,"$26,710",5.9
DLLS,42,I,13,12,H,0110,1,GS-12,F,XXXX,8,10,F,1,199809,1,"$61,418",26.4
DLLS,06,H,13,12,G,0110,1,GS-12,E,XXXX,8,10,F,1,199809,1,"$59,004",21.6
DLLS,36,I,17,12,E,0110,1,GS-12,E,XXXX,8,10,F,1,199809,1,"$54,581",11.4
DLLS,11,B,13,07,A,0110,1,GS-07,B,XXXX,8,15,F,1,199809,1,"$26,532",0.3
DLLS,36,F,13,05,F,0119,3,GS-05,B,XXXX,8,10,P,2,199809,1,"$28,627",18.9
DLLS,36,E,13,11,E,0110,1,GS-11,D,XXXX,2,10,F,1,199809,1,"$44,199",13.2
DLLS,11,C,17,11,B,0110,1,GS-11,D,XXXX,8,15,F,1,199809,1,"$40,579",2.1
DLLS,36,I,17,13,I,0110,1,GM-13,G,XXXX,2,10,F,1,199809,1,"$73,286",30.0
DLLS,48,C,13,11,D,0110,1,GS-11,D,XXXX,8,10,F,1,199809,1,"$44,352",7.3
DLLS,36,I,13,13,I,0110,1,GM-13,G,XXXX,2,10,F,1,199809,1,"$74,447",32.6
DLLS,36,H,10,05,B,0119,3,GS-05,B,XXXX,8,20,P,2,199809,1,"$23,965",1.3
DLLS,11,F,14,13,F,0110,1,GS-13,F,XXXX,2,10,F,1,199809,1,"$65,296",18.0
DLLS,36,G,05,06,F,0119,3,GS-06,B,XXXX,8,10,P,2,199809,1,"$28,940",18.2
DLLS,11,D,13,12,E,0110,1,GS-12,E,XXXX,8,10,F,1,199809,1,"$53,343",10.3
DLLS,36,C,13,11,C,0110,1,GS-11,D,XXXX,8,10,F,1,199809,1,"$41,521",3.6
DLLS,36,I,13,13,J,0110,1,GM-13,G,XXXX,2,10,F,1,199809,1,"$73,672",35.2
DLLS,36,E,13,06,D,0119,3,GS-06,B,XXXX,8,10,F,1,199809,1,"$27,452",7.6
DLLS,11,F,17,12,G,0110,1,GS-12,E,XXXX,8,10,F,1,199809,1,"$56,482",21.5
DLLS,11,C,13,12,D,0110,1,GS-12,D,XXXX,8,10,F,1,199809,1,"$47,066",6.3
DLLS,36,D,13,11,D,0110,1,GS-11,D,XXXX,8,10,F,1,199809,1,"$42,860",7.0
DLLS,11,F,13,12,G,0110,1,GS-12,E,XXXX,8,10,F,1,199809,1,"$58,051",22.3
DLLS,11,F,13,14,E,0110,1,GS-14,G,XXXX,2,10,F,1,199809,1,"$70,547",11.3
DLLS,36,F,04,05,A,0119,3,GS-05,B,XXXX,8,20,P,2,199809,1,"$23,299",0.5
DLLS,36,I,13,12,I,0110,1,GS-12,E,XXXX,2,10,F,1,199809,1,"$59,399",33.9
DLLS,11,H,14,14,H,0110,1,GM-14,H,XXXX,2,10,F,1,199809,1,"$80,652",26.0
DLLS,36,D,17,09,A,0110,1,GS-09,C,XXXX,8,15,F,1,199809,1,"$33,210",0.7
DLLS,11,C,13,11,C,0110,1,GS-11,C,XXXX,8,15,F,1,199809,1,"$39,270",4.3
DLLS,11,C,17,11,B,0110,1,GS-11,C,XXXX,8,15,F,1,199809,1,"$39,270",1.3
DLLS,11,C,21,12,A,0110,1,GS-12,E,XXXX,8,15,F,1,199809,1,"$56,482",0.1
DLLS,11,E,21,13,D,0110,1,GS-13,F,XXXX,8,10,F,1,199809,1,"$61,565",6.3
DLLS,11,F,17,12,E,0110,1,GS-12,E,XXXX,8,10,F,1,199809,1,"$54,913",12.9
DLLS,11,D,13,12,E,0110,1,GS-12,E,XXXX,8,10,F,1,199809,1,"$50,205",10.2
DLLS,36,D,08,05,E,0119,3,GS-05,B,XXXX,8,10,P,2,199809,1,"$26,629",12.2
DLLS,36,K,10,05,B,0119,3,GS-05,B,XXXX,8,20,P,2,199809,1,"$23,965",1.6
DLLS,36,I,08,07,E,0119,3,GS-07,B,XXXX,8,10,P,2,199809,1,"$29,549",11.8
DLLS,36,E,13,05,A,0119,3,GS-05,B,XXXX,8,20,P,2,199809,1,"$23,299",0.7
DLLS,36,K,04,07,E,0119,3,GS-07,C,XXXX,8,10,P,2,199809,1,"$30,418",13.3
DLLS,11,G,13,13,G,0110,1,GS-13,F,XXXX,8,10,F,1,199809,1,"$67,162",22.7
DLLS,11,F,17,15,G,0110,1,GS-15,H,XXXX,2,10,F,1,199809,1,"$82,985",22.1
DLLS,06,F,17,12,E,0110,1,GS-12,E,XXXX,8,10,F,1,199809,1,"$56,469",13.2
DLLS,11,C,13,13,D,0110,1,GS-13,E,XXXX,8,10,F,1,199809,1,"$55,969",6.0
DLLS,32,H,04,07,E,0119,3,GS-07,C,XXXX,8,10,P,2,199809,1,"$30,418",13.2
DLLS,06,I,17,11,G,0110,1,GS-11,E,XXXX,8,10,F,1,199809,1,"$50,594",21.0
DLLS,11,H,17,13,H,0110,1,GS-13,F,XXXX,8,10,F,1,199809,1,"$69,027",26.0
DLLS,13,F,13,12,F,0110,1,GS-12,E,XXXX,8,10,F,1,199809,1,"$59,015",18.7
DLLS,11,D,13,12,D,0110,1,GS-12,D,XXXX,8,10,F,1,199809,1,"$48,635",5.6
DLLS,11,G,21,13,G,0110,1,GS-13,G,XXXX,8,10,F,1,199809,1,"$72,758",20.2
DLLS,36,G,04,05,E,0119,3,GS-05,B,XXXX,8,10,P,2,199809,1,"$25,963",12.8
DLLS,11,B,13,07,B,0110,1,GS-07,B,XXXX,8,15,F,1,199809,1,"$27,416",1.2
DLLS,36,J,14,14,J,0110,1,GM-14,H,XXXX,2,10,F,1,199809,1,"$87,974",39.5
DLLS,36,C,13,12,D,0110,1,GS-12,E,XXXX,8,10,F,1,199809,1,"$51,370",7.1
DLLS,11,H,15,13,I,0110,1,GM-13,G,XXXX,2,10,F,1,199809,1,"$72,758",32.3
DLLS,36,F,18,12,E,0110,1,GS-12,E,XXXX,8,10,F,1,199809,1,"$52,976",11.3
DLLS,11,H,15,15,H,0110,1,GS-15,I,XXXX,2,10,F,1,199809,1,"$90,767",28.5
DLLS,36,I,13,05,C,0119,3,GS-05,B,XXXX,8,10,P,2,199809,1,"$25,297",3.8
DLLS,11,D,13,12,E,0110,1,GS-12,E,XXXX,8,10,F,1,199809,1,"$53,343",10.0
DLLS,11,E,17,13,E,0110,1,GS-13,E,XXXX,8,10,F,1,199809,1,"$59,700",11.0
DLLS,11,B,13,07,A,0110,1,GS-07,B,XXXX,8,15,F,1,199809,1,"$26,532",0.3
DLLS,11,F,13,05,B,0119,3,GS-05,B,XXXX,8,20,P,2,199809,1,"$22,135",1.4
DLLS,06,E,13,11,D,0110,1,GS-11,D,XXXX,8,10,F,1,199809,1,"$44,421",6.3
DLLS,11,C,13,12,D,0110,1,GS-12,D,XXXX,8,10,F,1,199809,1,"$48,635",6.3
DLLS,11,G,17,15,F,0110,1,GS-15,H,XXXX,2,10,F,1,199809,1,"$82,985",18.0
DLLS,36,H,14,13,H,0110,1,GS-13,G,XXXX,8,10,F,1,199809,1,"$70,629",26.6
DLLS,42,G,13,12,F,0110,1,GS-12,E,XXXX,8,10,F,1,199809,1,"$50,392",15.6
DLLS,36,G,13,12,G,0110,1,GS-12,E,XXXX,8,10,F,1,199809,1,"$56,187",24.9
DLLS,11,D,13,12,D,0110,1,GS-12,E,XXXX,8,10,F,1,199809,1,"$50,205",7.4
DLLS,11,G,13,13,F,0110,1,GS-13,F,XXXX,8,10,F,1,199809,1,"$67,162",18.5
DLLS,11,C,13,09,B,0110,1,GS-09,C,XXXX,8,15,F,1,199809,1,"$32,457",1.3
DLLS,11,H,17,09,C,0110,1,GS-09,C,XXXX,8,15,F,1,199809,1,"$32,457",4.6
DLLS,11,D,13,12,D,0110,1,GS-12,D,XXXX,8,10,F,1,199809,1,"$47,066",7.6
DLLS,42,J,13,15,J,0110,1,GM-15,I,XXXX,2,10,F,1,199809,1,"$97,998",38.7
DLLS,36,I,15,14,I,0110,1,GM-14,H,XXXX,2,10,F,1,199809,1,"$84,595",31.8
DLLS,11,G,17,12,E,0110,1,GS-12,E,XXXX,8,10,F,1,199809,1,"$59,621",10.3
DLLS,11,E,21,14,E,0110,1,GS-14,G,XXXX,8,10,F,1,199809,1,"$72,752",10.9
DLLS,36,D,13,12,D,0110,1,GS-12,D,XXXX,8,10,F,1,199809,1,"$48,158",6.3
DLLS,11,G,21,14,G,0110,1,GS-14,H,XXXX,8,10,F,1,199809,1,"$85,978",21.8
DLLS,11,D,17,11,D,0110,1,GS-11,C,XXXX,8,15,F,1,199809,1,"$39,270",5.0
DLLS,36,K,18,11,J,0110,1,GS-11,E,XXXX,8,10,F,1,199809,1,"$52,234",36.8
DLLS,12,H,04,06,C,0119,3,GS-06,B,XXXX,8,10,P,2,199809,1,"$25,811",4.3
DLLS,11,E,13,12,F,0110,1,GS-12,E,XXXX,8,10,F,1,199809,1,"$56,482",18.3
DLLS,25,G,17,12,E,0110,1,GS-12,E,XXXX,8,10,F,1,199809,1,"$58,776",14.3
DLLS,11,G,17,15,G,0110,1,GM-15,I,XXXX,2,10,F,1,199809,1,"$92,874",24.1
DLLS,36,F,13,12,F,0110,1,GS-12,E,XXXX,8,10,F,1,199809,1,"$54,581",16.1
DLLS,36,F,13,12,G,0110,1,GS-12,E,XXXX,8,10,F,1,199809,1,"$57,793",23.3
DLLS,11,D,13,13,D,0110,1,GS-13,E,XXXX,8,10,F,1,199809,1,"$59,700",6.5
DLLS,11,I,17,14,H,0110,1,GM-14,H,XXXX,2,10,F,1,199809,1,"$85,553",27.3
DLLS,42,F,13,13,F,0110,1,GM-13,F,XXXX,2,10,F,1,199809,1,"$65,540",19.2
DLLS,11,H,14,14,I,0110,1,GM-14,H,XXXX,2,10,F,1,199809,1,"$82,556",31.6
DLLS,13,G,13,05,C,0110,1,GS-05,B,XXXX,8,15,F,1,199809,1,"$24,032",3.6
DLLS,11,G,13,12,G,0110,1,GS-12,E,XXXX,8,10,F,1,199809,1,"$59,621",24.3
DLLS,36,G,13,12,G,0110,1,GS-12,E,XXXX,8,10,F,1,199809,1,"$56,187",24.5
DLLS,42,F,13,07,E,0119,3,GS-07,C,XXXX,8,10,P,2,199809,1,"$31,067",11.9
DLLS,36,C,13,11,C,0110,1,GS-11,D,XXXX,2,20,F,2,199809,1,"$40,182",4.6
DLLS,36,G,13,12,G,0110,1,GS-12,E,XXXX,8,10,F,1,199809,1,"$57,793",20.4
DLLS,36,D,17,12,E,0110,1,GS-12,E,XXXX,8,10,F,1,199809,1,"$52,976",10.2
DLLS,11,B,04,04,A,0119,3,GS-04,A,XXXX,8,42,F,2,199809,1,"$19,146",0.3
DLLS,06,I,14,12,J,0110,1,GS-12,F,XXXX,8,10,F,1,199809,1,"$61,310",35.3
DLLS,36,F,13,11,E,0110,1,GS-11,D,XXXX,8,10,F,1,199809,1,"$46,877",11.7
DLLS,36,H,14,15,I,0110,1,GS-15,I,XXXX,2,10,F,1,199809,1,"$90,219",30.8
DLLS,11,G,14,12,G,0110,1,GS-12,E,XXXX,8,10,F,1,199809,1,"$56,482",24.4
DLLS,11,E,13,12,D,0110,1,GS-12,E,XXXX,8,10,F,1,199809,1,"$51,774",8.7
DLLS,42,G,18,14,G,0110,1,GM-14,G,XXXX,2,10,F,1,199809,1,"$79,216",24.9
DLLS,11,C,17,12,C,0110,1,GS-12,D,XXXX,8,10,F,1,199809,1,"$47,066",3.2
DLLS,11,E,17,14,E,0110,1,GS-14,F,XXXX,8,10,F,1,199809,1,"$66,138",11.7
DLLS,29,F,13,13,F,0110,1,GM-13,F,XXXX,4,10,F,1,199809,1,"$66,409",19.3
DLLS,11,D,17,11,B,0110,1,GS-11,D,XXXX,8,15,F,1,199809,1,"$44,505",1.1
DLLS,11,I,17,15,G,0110,1,GS-15,J,XXXX,8,10,F,1,199809,1,"$101,142",24.0
DLLS,11,G,17,13,G,0110,1,GS-13,F,XXXX,8,10,F,1,199809,1,"$67,162",20.2
DLLS,36,F,04,05,A,0119,3,GS-05,B,XXXX,8,20,P,2,199809,1,"$23,299",0.7
DLLS,11,E,13,13,E,0110,1,GM-13,F,XXXX,2,10,F,1,199809,1,"$65,296",14.8
DLLS,42,C,13,09,B,0110,1,GS-09,C,XXXX,8,15,F,1,199809,1,"$32,578",1.3
DLLS,11,F,13,14,G,0110,1,GS-14,G,XXXX,2,10,P,2,199809,1,"$77,160",21.1
DLLS,36,G,14,12,G,0110,1,GS-12,F,XXXX,8,10,F,1,199809,1,"$62,610",22.7
DLLS,42,E,04,09,F,0110,1,GS-09,C,XXXX,8,10,F,1,199809,1,"$34,750",19.3
DLLS,11,D,17,11,D,0110,1,GS-11,D,XXXX,8,10,F,1,199809,1,"$43,197",5.2
DLLS,36,J,04,07,F,0119,3,GS-07,C,XXXX,8,10,P,2,199809,1,"$32,575",16.3
DLLS,02,H,14,07,F,0119,3,GS-07,C,XXXX,8,10,P,2,199809,1,"$30,502",15.3
DLLS,06,G,13,12,G,0110,1,GS-12,E,XXXX,8,10,F,1,199809,1,"$59,004",20.0
DLLS,11,G,17,13,G,0110,1,GS-13,F,XXXX,8,10,F,1,199809,1,"$69,027",21.0
DLLS,36,F,07,05,B,0119,3,GS-05,B,XXXX,8,15,P,2,199809,1,"$24,631",2.9
DLLS,11,D,13,13,E,0110,1,GS-13,E,XXXX,8,10,F,1,199809,1,"$59,700",11.3
DLLS,11,C,13,09,B,0110,1,GS-09,C,XXXX,8,15,F,1,199809,1,"$32,457",1.3
DLLS,11,J,19,14,I,0110,1,GS-14,G,XXXX,2,10,F,1,199809,1,"$79,365",33.5
DLLS,36,I,13,05,B,0119,3,GS-05,B,XXXX,8,20,P,2,199809,1,"$23,965",1.3
DLLS,36,I,04,06,F,0119,3,GS-06,C,XXXX,8,10,P,2,199809,1,"$31,162",19.8
DLLS,11,I,17,11,E,0110,1,GS-11,D,XXXX,8,10,F,1,199809,1,"$43,197",14.2
DLLS,11,D,13,12,D,0110,1,GS-12,E,XXXX,8,10,F,1,199809,1,"$50,205",7.3
DLLS,09,K,13,07,G,0119,3,GS-07,C,XXXX,8,10,P,2,199809,1,"$33,479",24.5
DLLS,36,I,13,11,G,0110,1,GS-11,D,XXXX,8,10,F,1,199809,1,"$45,538",22.3
DLLS,11,F,13,13,F,0110,1,GS-13,F,XXXX,8,10,F,1,199809,1,"$69,027",18.0
DLLS,11,G,14,12,H,0110,1,GS-12,F,XXXX,8,10,F,1,199809,1,"$61,190",28.2
DLLS,09,J,04,07,G,0119,3,GS-07,C,XXXX,8,10,P,2,199809,1,"$35,288",23.1
DLLS,11,C,13,12,D,0110,1,GS-12,E,XXXX,8,10,F,1,199809,1,"$51,774",7.2
DLLS,11,F,13,07,D,0119,3,GS-07,B,XXXX,8,10,P,2,199809,1,"$29,184",7.3
DLLS,11,F,13,13,E,0110,1,GS-13,E,XXXX,8,10,F,1,199809,1,"$59,700",10.2
DLLS,36,F,13,12,F,0110,1,GS-12,E,XXXX,8,10,F,1,199809,1,"$57,793",16.4
DLLS,11,E,04,06,F,0119,3,GS-06,B,XXXX,8,10,F,1,199809,1,"$28,652",18.8
DLLS,06,D,13,11,D,0110,1,GS-11,D,XXXX,8,10,F,1,199809,1,"$43,758",6.4
DLLS,50,H,13,06,B,0119,3,GS-06,B,XXXX,8,15,P,2,199809,1,"$23,464",1.4
DLLS,11,D,21,13,C,0110,1,GS-13,F,XXXX,8,10,F,1,199809,1,"$61,565",3.0
DLLS,11,H,14,15,G,0110,1,GM-15,I,XXXX,2,10,F,1,199809,1,"$98,714",23.6
DLLS,11,D,13,13,E,0110,1,GS-13,F,XXXX,8,10,P,2,199809,1,"$61,565",11.0
DLLS,11,B,13,09,B,0110,1,GS-09,C,XXXX,8,15,F,1,199809,1,"$32,457",2.3
DLLS,42,K,04,07,E,0119,3,GS-07,C,XXXX,8,10,P,2,199809,1,"$30,180",12.9
DLLS,06,G,13,12,H,0110,1,GS-12,E,XXXX,4,10,F,1,199809,1,"$55,725",26.4
DLLS,11,G,13,14,G,0110,1,GM-14,G,XXXX,2,10,F,1,199809,1,"$79,247",21.7
DLLS,21,F,13,11,G,0110,1,GS-11,C,XXXX,8,10,F,1,199809,1,"$39,879",20.1
DLLS,11,G,14,14,G,0110,1,GM-14,H,XXXX,2,10,F,1,199809,1,"$82,490",24.8
DLLS,42,G,17,12,G,0110,1,GS-12,F,XXXX,8,10,F,1,199809,1,"$61,418",24.0
DLLS,42,G,04,12,H,0110,1,GS-12,E,XXXX,8,10,F,1,199809,1,"$53,542",27.8
DLLS,11,C,13,11,D,0110,1,GS-11,D,XXXX,8,10,F,1,199809,1,"$43,197",5.7
DLLS,42,D,13,12,D,0110,1,GS-12,E,XXXX,8,10,F,1,199809,1,"$53,542",9.0
DLLS,11,H,14,12,I,0110,1,GS-12,F,XXXX,8,10,F,1,199809,1,"$61,190",30.3
DLLS,11,K,21,12,F,0110,1,GS-12,F,XXXX,8,10,F,1,199809,1,"$61,190",18.1
DLLS,13,K,14,12,H,0110,1,GS-12,E,XXXX,8,10,F,1,199809,1,"$55,908",27.1
DLLS,42,I,17,14,J,0110,1,GM-14,H,XXXX,2,10,F,1,199809,1,"$84,798",36.8
DLLS,42,K,04,07,F,0119,3,GS-07,B,XXXX,8,10,P,2,199809,1,"$29,549",16.8
DLLS,42,H,13,05,B,0119,3,GS-05,B,XXXX,8,15,P,2,199809,1,"$22,218",1.4
DLLS,11,F,13,14,G,0110,1,GM-14,G,XXXX,2,10,F,1,199809,1,"$78,265",20.4
DLLS,42,J,13,12,E,0110,1,GS-12,E,XXXX,8,10,F,1,199809,1,"$51,262",14.0
DLLS,11,I,18,15,J,0110,1,GS-15,I,XXXX,2,10,F,1,199809,1,"$98,548",35.1
DLLS,12,F,07,06,E,0119,3,GS-06,B,XXXX,8,10,P,2,199809,1,"$24,247",12.3
DLLS,11,G,14,14,H,0110,1,GS-14,G,XXXX,2,10,F,1,199809,1,"$77,160",26.8
DLLS,11,E,17,12,E,0110,1,GS-12,E,XXXX,8,10,F,1,199809,1,"$53,343",11.4
DLLS,42,K,04,06,E,0119,3,GS-06,B,XXXX,8,10,P,2,199809,1,"$27,161",10.8
DLLS,11,D,13,12,E,0110,1,GS-12,E,XXXX,8,10,F,1,199809,1,"$53,343",10.1
DLLS,11,D,17,13,D,0110,1,GS-13,E,XXXX,8,10,F,1,199809,1,"$57,835",6.1
DLLS,11,C,13,11,D,0110,1,GS-11,D,XXXX,8,10,P,2,199809,1,"$44,505",7.3
DLLS,42,I,13,06,D,0119,3,GS-06,B,XXXX,8,10,P,2,199809,1,"$25,029",5.9
DLLS,42,H,04,06,D,0119,3,GS-06,B,XXXX,8,10,P,2,199809,1,"$25,563",6.9
DLLS,11,F,17,12,E,0110,1,GS-12,E,XXXX,8,10,P,2,199809,1,"$54,913",14.3
DLLS,11,C,13,12,D,0110,1,GS-12,D,XXXX,8,10,F,1,199809,1,"$48,635",5.4
DLLS,11,G,14,15,G,0110,1,GS-15,H,XXXX,2,10,F,1,199809,1,"$80,391",22.0
DLLS,11,D,13,12,D,0110,1,GS-12,E,XXXX,8,10,F,1,199809,1,"$51,774",8.8
DLLS,24,C,13,11,D,0110,1,GS-11,D,XXXX,8,10,F,1,199809,1,"$44,505",7.5
DLLS,11,D,13,09,D,0110,1,GS-09,C,XXXX,8,15,F,1,199809,1,"$32,457",5.3
DLLS,06,J,10,06,D,0119,3,GS-06,B,XXXX,8,15,P,2,199809,1,"$25,371",7.3
DLLS,24,H,04,11,E,0110,1,GS-11,D,XXXX,2,10,F,1,199809,1,"$41,888",14.2
DLLS,24,G,17,05,B,0119,3,GS-05,B,XXXX,8,15,P,2,199809,1,"$22,135",1.4
DLLS,42,C,04,12,D,0110,1,GS-12,E,XXXX,8,10,F,1,199809,1,"$51,967",7.5
DLLS,24,C,13,11,D,0110,1,GS-11,D,XXXX,8,10,F,1,199809,1,"$43,197",6.2
DLLS,17,F,17,12,E,0110,1,GS-12,E,XXXX,8,10,F,1,199809,1,"$54,308",10.3
DLLS,11,E,04,06,F,0119,3,GS-06,B,XXXX,8,10,F,1,199809,1,"$28,652",19.2
DLLS,42,G,13,12,I,0110,1,GS-12,E,XXXX,8,10,F,1,199809,1,"$56,693",31.2
DLLS,11,E,13,14,E,0110,1,GS-14,G,XXXX,2,10,F,1,199809,1,"$72,752",12.8
DLLS,11,H,14,14,H,0110,1,GM-14,H,XXXX,2,10,F,1,199809,1,"$83,175",26.1
DLLS,42,G,13,12,G,0110,1,GS-12,E,XXXX,2,10,F,1,199809,1,"$59,843",23.0
DLLS,11,C,13,12,D,0110,1,GS-12,D,XXXX,8,10,F,1,199809,1,"$48,635",6.5
DLLS,11,H,14,13,I,0110,1,GS-13,F,XXXX,8,10,F,1,199809,1,"$67,162",30.3
DLLS,11,B,13,09,B,0110,1,GS-09,C,XXXX,8,15,F,1,199809,1,"$32,457",1.3
DLLS,42,J,11,06,D,0119,3,GS-06,B,XXXX,8,10,P,2,199809,1,"$25,029",5.7
DLLS,42,G,17,05,A,0119,3,GS-05,B,XXXX,8,20,P,2,199809,1,"$21,051",0.5
DLLS,12,F,10,06,G,0119,3,GS-06,C,XXXX,8,15,P,2,199809,1,"$30,504",23.2
DLLS,42,F,13,13,F,0110,1,GM-13,F,XXXX,4,10,F,1,199809,1,"$66,480",19.9
DLLS,11,F,17,14,F,0110,1,GM-14,G,XXXX,2,10,F,1,199809,1,"$79,372",19.8
DLLS,11,E,22,12,C,0110,1,GS-12,E,XXXX,8,10,F,1,199809,1,"$51,774",4.9
DLLS,11,B,13,07,A,0110,1,GS-07,B,XXXX,8,15,F,1,199809,1,"$26,532",0.2
DLLS,11,D,17,12,D,0110,1,GS-12,D,XXXX,8,10,F,1,199809,1,"$47,066",8.3
DLLS,11,D,13,12,D,0110,1,GS-12,D,XXXX,8,10,F,1,199809,1,"$48,635",8.4
DLLS,11,D,17,13,D,0110,1,GS-13,E,XXXX,8,10,F,1,199809,1,"$59,700",6.3
DLLS,11,D,17,11,D,0110,1,GS-11,D,XXXX,8,10,F,1,199809,1,"$47,123",6.7
DLLS,11,F,17,14,F,0110,1,GS-14,G,XXXX,8,10,F,1,199809,1,"$74,956",15.2
DLLS,42,D,13,12,D,0110,1,GS-12,E,XXXX,8,10,F,1,199809,1,"$53,542",9.3
DLLS,29,C,13,12,D,0110,1,GS-12,D,XXXX,8,10,F,1,199809,1,"$46,535",6.8
DLLS,06,E,17,07,A,0110,1,GS-07,B,XXXX,8,15,F,1,199809,1,"$27,284",0.4
DLLS,42,H,14,13,H,0110,1,GM-13,G,XXXX,2,10,F,1,199809,1,"$73,029",28.3
DLLS,11,C,13,13,D,0110,1,GS-13,E,XXXX,8,10,F,1,199809,1,"$55,969",7.0
DLLS,42,H,14,13,H,0110,1,GM-13,G,XXXX,2,10,F,1,199809,1,"$73,029",28.5
DLLS,42,H,14,13,H,0110,1,GM-13,G,XXXX,2,10,F,1,199809,1,"$70,229",28.6
DLLS,11,E,13,13,F,0110,1,GS-13,F,XXXX,8,10,F,1,199809,1,"$63,431",15.9
DLLS,11,D,13,13,D,0110,1,GS-13,E,XXXX,2,10,F,1,199809,1,"$57,835",8.2
DLLS,12,K,13,07,E,0119,3,GS-07,C,XXXX,8,10,P,2,199809,1,"$32,011",14.3
DLLS,11,C,13,12,D,0110,1,GS-12,D,XXXX,8,10,F,1,199809,1,"$48,635",7.3
DLLS,42,F,13,11,E,0110,1,GS-11,D,XXXX,8,10,F,1,199809,1,"$45,985",10.0
DLLS,11,C,17,09,B,0110,1,GS-09,C,XXXX,8,15,F,1,199809,1,"$32,457",1.3
DLLS,42,K,13,05,B,0119,3,GS-05,B,XXXX,8,15,P,2,199809,1,"$21,051",1.2
DLLS,11,G,13,11,E,0110,1,GS-11,D,XXXX,8,10,F,1,199809,1,"$47,123",11.4
DLLS,11,D,13,12,D,0110,1,GS-12,E,XXXX,8,10,F,1,199809,1,"$51,774",8.2
DLLS,42,J,04,07,G,0119,3,GS-07,C,XXXX,8,10,P,2,199809,1,"$32,396",20.8
DLLS,11,J,04,12,J,0110,1,GS-12,F,XXXX,8,10,F,1,199809,1,"$61,190",37.9
DLLS,11,I,14,13,I,0110,1,GS-13,G,XXXX,8,10,F,1,199809,1,"$72,758",34.3
DLLS,11,I,13,12,E,0110,1,GS-12,E,XXXX,8,10,F,1,199809,1,"$50,205",14.0
DLLS,12,H,03,07,E,0119,3,GS-07,B,XXXX,8,10,F,1,199809,1,"$29,549",12.7
DLLS,11,E,13,13,E,0110,1,GS-13,F,XXXX,8,10,F,1,199809,1,"$61,565",10.8
DLLS,06,F,13,14,E,0110,1,GS-14,G,XXXX,2,10,F,1,199809,1,"$76,000",14.8
DLLS,42,E,10,05,D,0119,3,GS-05,B,XXXX,8,20,P,2,199809,1,"$24,746",8.8
DLLS,51,I,04,05,B,0119,3,GS-05,B,XXXX,8,15,P,2,199809,1,"$21,191",2.5
DLLS,42,G,13,12,G,0110,1,GS-12,E,XXXX,8,10,F,1,199809,1,"$58,268",24.2
DLLS,11,F,17,13,E,0110,1,GS-13,E,XXXX,8,10,F,1,199809,1,"$59,700",11.3
DLLS,11,E,13,13,E,0110,1,GS-13,F,XXXX,8,10,F,1,199809,1,"$65,296",14.0
DLLS,11,D,13,12,D,0110,1,GS-12,E,XXXX,8,10,F,1,199809,1,"$50,205",7.8
DLLS,42,J,13,05,C,0119,3,GS-05,B,XXXX,8,15,P,2,199809,1,"$21,753",3.6
DLLS,11,E,13,12,E,0110,1,GS-12,E,XXXX,8,10,F,1,199809,1,"$53,343",13.3
DLLS,42,D,13,11,D,0110,1,GS-11,D,XXXX,8,10,F,1,199809,1,"$41,474",5.1
DLLS,42,G,13,12,H,0110,1,GS-12,E,XXXX,8,10,F,1,199809,1,"$57,050",25.0
DLLS,11,C,13,12,D,0110,1,GS-12,E,XXXX,8,10,P,2,199809,1,"$50,205",6.3
DLLS,42,I,15,13,I,0110,1,GM-13,G,XXXX,4,10,F,1,199809,1,"$73,029",30.0
DLLS,11,D,17,13,D,0110,1,GS-13,E,XXXX,8,10,F,1,199809,1,"$57,835",8.4
DLLS,06,D,13,11,D,0110,1,GS-11,D,XXXX,8,10,F,1,199809,1,"$44,421",7.3
DLLS,42,C,13,12,D,0110,1,GS-12,E,XXXX,8,10,F,1,199809,1,"$51,967",7.3
DLLS,11,D,13,12,E,0110,1,GS-12,D,XXXX,8,10,F,1,199809,1,"$48,635",10.3
DLLS,42,F,13,12,F,0110,1,GS-12,E,XXXX,8,10,F,1,199809,1,"$55,117",16.9
DLLS,42,H,08,07,D,0119,3,GS-07,B,XXXX,8,10,P,2,199809,1,"$29,771",9.4
DLLS,11,G,17,11,C,0110,1,GS-11,C,XXXX,8,15,F,1,199809,1,"$39,270",3.5
DLLS,42,F,13,12,F,0110,1,GS-12,E,XXXX,8,10,F,1,199809,1,"$58,268",19.2
DLLS,11,D,13,11,B,0110,1,GS-11,C,XXXX,8,15,F,1,199809,1,"$39,270",2.2
DLLS,42,E,13,12,D,0110,1,GS-12,E,XXXX,8,10,F,1,199809,1,"$50,392",7.4
DLLS,11,B,13,09,B,0110,1,GS-09,C,XXXX,8,15,F,1,199809,1,"$32,457",1.0
DLLS,42,I,04,07,H,0119,3,GS-07,C,XXXX,8,10,P,2,199809,1,"$30,418",28.4
DLLS,11,D,13,12,D,0110,1,GS-12,E,XXXX,8,10,F,1,199809,1,"$51,774",7.6
DLLS,42,H,04,06,B,0119,3,GS-06,B,XXXX,8,15,P,2,199809,1,"$24,428",2.3
DLLS,42,F,04,07,F,0119,3,GS-07,C,XXXX,8,10,P,2,199809,1,"$32,155",19.2
DLLS,11,F,14,13,F,0110,1,GS-13,F,XXXX,8,10,F,1,199809,1,"$65,296",16.1
DLLS,11,E,21,09,B,0110,1,GS-09,C,XXXX,8,15,F,1,199809,1,"$32,457",1.2
DLLS,11,B,13,07,A,0110,1,GS-07,B,XXXX,8,15,F,1,199809,1,"$26,532",0.3
DLLS,11,C,17,11,B,0110,1,GS-11,C,XXXX,8,15,F,1,199809,1,"$39,270",1.0
DLLS,42,C,13,12,D,0110,1,GS-12,E,XXXX,8,10,F,1,199809,1,"$53,542",7.1
DLLS,42,H,13,07,E,0119,3,GS-07,C,XXXX,8,10,P,2,199809,1,"$30,646",12.8
DLLS,13,F,13,12,F,0110,1,GS-12,E,XXXX,8,10,F,1,199809,1,"$51,248",18.5
DLLS,42,K,04,06,E,0119,3,GS-06,B,XXXX,8,10,P,2,199809,1,"$27,161",13.4
DLLS,42,F,08,12,G,0110,1,GS-12,E,XXXX,8,10,F,1,199809,1,"$56,693",20.9
DLLS,11,E,17,13,D,0110,1,GS-13,E,XXXX,8,10,F,1,199809,1,"$57,835",8.8
DLLS,42,D,13,11,E,0110,1,GS-11,D,XXXX,2,10,F,1,199809,1,"$43,358",13.8
DLLS,11,D,13,13,D,0110,1,GS-13,E,XXXX,8,10,F,1,199809,1,"$59,700",9.1
DLLS,11,D,13,11,E,0110,1,GS-11,D,XXXX,8,10,F,1,199809,1,"$47,123",11.3
DLLS,42,I,04,05,B,0119,3,GS-05,B,XXXX,8,20,P,2,199809,1,"$22,218",1.2
DLLS,13,H,13,12,D,0110,1,GS-12,D,XXXX,8,10,F,1,199809,1,"$46,588",5.9
DLLS,11,F,13,12,G,0110,1,GS-12,E,XXXX,8,10,F,1,199809,1,"$59,621",21.9
DLLS,11,B,13,09,B,0110,1,GS-09,C,XXXX,8,15,F,1,199809,1,"$32,457",1.3
DLLS,42,F,17,06,C,0119,3,GS-06,B,XXXX,8,10,P,2,199809,1,"$25,563",3.4
DLLS,11,D,17,07,A,0110,1,GS-07,B,XXXX,8,15,F,1,199809,1,"$26,532",0.6
DLLS,11,C,04,06,D,0119,3,GS-06,B,XXXX,8,10,F,1,199809,1,"$27,856",7.8
DLLS,13,G,13,13,G,0110,1,GS-13,F,XXXX,2,10,F,1,199809,1,"$60,940",20.8
DLLS,11,H,13,13,G,0110,1,GS-13,F,XXXX,8,10,F,1,199809,1,"$67,162",22.8
DLLS,11,E,13,12,F,0110,1,GS-12,E,XXXX,8,10,F,1,199809,1,"$53,343",15.5
DLLS,11,D,13,12,E,0110,1,GS-12,E,XXXX,8,10,F,1,199809,1,"$51,774",10.2
DLLS,11,G,04,07,D,0110,1,GS-07,C,XXXX,8,10,F,1,199809,1,"$30,068",7.3
DLLS,11,G,13,13,G,0110,1,GS-13,F,XXXX,8,10,F,1,199809,1,"$65,296",23.5
DLLS,11,G,13,11,G,0110,1,GS-11,D,XXXX,8,10,F,1,199809,1,"$49,740",23.4
DLLS,11,F,13,12,E,0110,1,GS-12,E,XXXX,8,10,F,1,199809,1,"$54,913",11.7
DLLS,11,F,13,12,E,0110,1,GS-12,E,XXXX,8,10,F,1,199809,1,"$54,913",11.0
DLLS,11,F,17,13,F,0110,1,GS-13,F,XXXX,8,10,F,1,199809,1,"$61,565",16.1
DLLS,24,F,13,12,F,0110,1,GS-12,E,XXXX,8,10,F,1,199809,1,"$53,343",15.3
DLLS,11,F,08,06,E,0119,3,GS-06,C,XXXX,8,10,F,1,199809,1,"$30,244",11.2
DLLS,11,E,17,11,B,0110,1,GS-11,C,XXXX,8,15,F,1,199809,1,"$39,270",1.2
DLLS,11,E,13,13,E,0110,1,GS-13,F,XXXX,8,10,F,1,199809,1,"$67,162",13.4
DLLS,11,E,04,06,E,0119,3,GS-06,B,XXXX,8,10,F,1,199809,1,"$27,856",13.1
DLLS,11,C,17,11,B,0110,1,GS-11,C,XXXX,8,15,F,1,199809,1,"$39,270",2.0
DLLS,11,D,13,11,C,0110,1,GS-11,C,XXXX,8,15,F,1,199809,1,"$39,270",3.8
DLLS,11,C,13,11,C,0110,1,GS-11,D,XXXX,8,10,F,1,199809,1,"$40,579",3.4
DLLS,11,B,13,09,B,0110,1,GS-09,C,XXXX,8,15,F,1,199809,1,"$32,457",1.2
DLLS,11,B,13,07,A,0110,1,GS-07,B,XXXX,8,15,F,1,199809,1,"$26,532",0.3
DLLS,11,C,13,11,B,0110,1,GS-11,C,XXXX,8,15,F,1,199809,1,"$39,270",2.2
DLLS,11,I,14,12,H,0110,1,GS-12,F,XXXX,8,10,F,1,199809,1,"$61,190",28.8
DLLS,11,H,13,11,H,0110,1,GS-11,E,XXXX,8,10,F,1,199809,1,"$51,049",29.6
DLLS,11,H,13,07,F,0119,3,GS-07,C,XXXX,8,10,P,2,199809,1,"$32,719",18.5
DLLS,11,G,14,14,H,0110,1,GM-14,H,XXXX,2,10,F,1,199809,1,"$80,904",27.6
DLLS,11,G,14,14,H,0110,1,GS-14,G,XXXX,8,10,F,1,199809,1,"$79,365",26.1
DLLS,11,H,14,14,H,0110,1,GM-14,H,XXXX,2,10,F,1,199809,1,"$82,036",29.1
DLLS,11,H,13,14,H,0110,1,GS-14,G,XXXX,2,10,F,1,199809,1,"$72,752",28.7
DLLS,11,E,13,13,E,0110,1,GS-13,F,XXXX,8,10,F,1,199809,1,"$65,296",14.1
DLLS,11,E,13,12,F,0110,1,GS-12,E,XXXX,8,10,P,2,199809,1,"$56,482",17.0
DLLS,11,E,13,12,E,0110,1,GS-12,E,XXXX,8,10,F,1,199809,1,"$53,343",13.0
DLLS,11,B,13,11,B,0110,1,GS-11,C,XXXX,8,15,F,1,199809,1,"$39,270",2.3
DLLS,11,E,13,12,F,0110,1,GS-12,E,XXXX,8,10,F,1,199809,1,"$53,343",16.8
DLLS,11,E,13,11,E,0110,1,GS-11,D,XXXX,8,10,F,1,199809,1,"$45,814",12.7
DLLS,11,D,13,12,C,0110,1,GS-12,D,XXXX,8,10,F,1,199809,1,"$47,066",3.5
DLLS,24,E,13,05,B,0119,3,GS-05,B,XXXX,8,20,P,2,199809,1,"$22,135",1.3
DLLS,11,C,13,11,D,0110,1,GS-11,D,XXXX,8,10,F,1,199809,1,"$43,197",5.6
DLLS,11,B,13,07,A,0110,1,GS-07,B,XXXX,8,15,F,1,199809,1,"$26,532",0.1
DLLS,11,D,13,13,D,0110,1,GS-13,E,XXXX,8,10,F,1,199809,1,"$57,835",9.3
DLLS,11,C,13,09,B,0110,1,GS-09,C,XXXX,8,15,F,1,199809,1,"$32,457",1.2
DLLS,11,D,13,11,D,0110,1,GS-11,D,XXXX,8,10,F,1,199809,1,"$44,505",8.2
DLLS,11,D,13,09,C,0110,1,GS-09,C,XXXX,8,15,F,1,199809,1,"$33,539",4.1
DLLS,11,D,13,11,D,0110,1,GS-11,D,XXXX,8,10,P,2,199809,1,"$43,197",6.8
DLLS,11,C,13,09,B,0110,1,GS-09,C,XXXX,8,42,F,2,199809,1,"$32,457",1.3
DLLS,11,D,17,07,A,0110,1,GS-07,B,XXXX,8,15,F,1,199809,1,"$26,532",0.4
DLLS,11,H,14,13,H,0110,1,GM-13,F,XXXX,2,10,F,1,199809,1,"$69,033",26.3
DLLS,11,G,13,14,G,0110,1,GM-14,G,XXXX,5,10,F,1,199809,1,"$79,371",23.8
DLLS,11,H,13,14,H,0110,1,GM-14,H,XXXX,2,10,F,1,199809,1,"$82,569",27.4
DLLS,11,H,14,15,H,0110,1,GM-15,I,XXXX,5,10,F,1,199809,1,"$94,767",27.1
DLLS,11,G,14,13,H,0110,1,GS-13,G,XXXX,8,10,F,1,199809,1,"$72,758",25.0
DLLS,11,H,11,14,G,0110,1,GS-14,G,XXXX,8,10,F,1,199809,1,"$72,752",24.4
DLLS,42,E,13,11,E,0110,1,GS-11,D,XXXX,8,10,F,1,199809,1,"$44,065",11.3
DLLS,11,G,17,13,H,0110,1,GS-13,F,XXXX,8,10,F,1,199809,1,"$67,162",26.4
DLLS,11,G,14,13,H,0110,1,GS-13,G,XXXX,8,10,F,1,199809,1,"$70,893",25.2
DLLS,24,F,13,12,F,0110,1,GS-12,E,XXXX,8,10,F,1,199809,1,"$58,051",19.9
DLLS,11,B,13,07,A,0110,1,GS-07,B,XXXX,8,15,F,1,199809,1,"$26,532",0.1
DLLS,11,H,17,12,H,0110,1,GS-12,F,XXXX,8,10,F,1,199809,1,"$61,190",28.8
DLLS,11,G,14,13,H,0110,1,GS-13,F,XXXX,8,10,F,1,199809,1,"$67,162",26.3
DLLS,11,F,13,12,G,0110,1,GS-12,F,XXXX,8,10,F,1,199809,1,"$61,190",20.5
DLLS,11,G,13,15,H,0110,1,GM-15,I,XXXX,2,10,F,1,199809,1,"$93,158",25.4
DLLS,11,E,13,11,G,0110,1,GS-11,D,XXXX,8,10,F,1,199809,1,"$45,814",20.2
DLLS,11,G,14,13,H,0110,1,GS-13,F,XXXX,8,10,F,1,199809,1,"$69,027",28.2
DLLS,11,G,13,11,G,0110,1,GS-11,D,XXXX,8,10,P,2,199809,1,"$47,123",22.3
DLLS,11,G,13,14,H,0110,1,GM-14,H,XXXX,2,10,F,1,199809,1,"$85,978",28.0
DLLS,11,G,13,,G,0110,1,ES-01,J,XXXX,2,50,F,1,199809,1,"$106,412",24.1
DLLS,13,G,18,05,B,0119,3,GS-05,B,XXXX,8,15,P,2,199809,1,"$22,617",2.5
DLLS,11,F,04,07,G,0119,3,GS-07,C,XXXX,8,10,F,1,199809,1,"$31,836",21.8
DLLS,11,F,13,11,F,0110,1,GS-11,D,XXXX,8,10,F,1,199809,1,"$47,123",17.0
DLLS,11,G,17,11,C,0110,1,GS-11,D,XXXX,8,10,F,1,199809,1,"$41,888",3.3
DLLS,11,D,04,06,E,0119,3,GS-06,B,XXXX,8,10,F,1,199809,1,"$27,060",11.8
DLLS,11,F,17,11,D,0110,1,GS-11,D,XXXX,8,10,F,1,199809,1,"$41,888",7.8
DLLS,11,E,13,13,F,0110,1,GS-13,F,XXXX,8,10,P,2,199809,1,"$61,565",16.2
DLLS,11,D,13,12,D,0110,1,GS-12,E,XXXX,8,10,F,1,199809,1,"$50,205",8.8
DLLS,11,E,04,07,E,0119,3,GS-07,C,XXXX,8,10,F,1,199809,1,"$30,952",14.9
DLLS,11,E,13,12,F,0110,1,GS-12,E,XXXX,8,10,F,1,199809,1,"$53,343",19.1
DLLS,11,C,13,11,C,0110,1,GS-11,D,XXXX,8,10,F,1,199809,1,"$40,579",3.5
DLLS,11,D,17,11,D,0110,1,GS-11,D,XXXX,8,10,F,1,199809,1,"$44,505",8.8
DLLS,11,C,13,11,D,0110,1,GS-11,D,XXXX,8,10,F,1,199809,1,"$43,197",5.8
DLLS,11,E,13,11,D,0110,1,GS-11,D,XXXX,8,10,F,1,199809,1,"$44,505",8.8
DLLS,11,D,12,12,D,0110,1,GS-12,E,XXXX,8,10,F,1,199809,1,"$51,774",9.3
DLLS,11,E,04,12,E,0110,1,GS-12,D,XXXX,8,10,F,1,199809,1,"$47,066",12.7
DLLS,11,D,13,13,D,0110,1,GS-13,E,XXXX,8,10,F,1,199809,1,"$57,835",9.6
DLLS,24,J,04,06,F,0119,3,GS-06,B,XXXX,8,10,P,2,199809,1,"$27,060",16.2
DLLS,11,I,13,13,J,0110,1,GS-13,G,XXXX,8,10,F,1,199809,1,"$72,758",37.0
DLLS,11,G,14,12,E,0110,1,GS-12,E,XXXX,8,10,F,1,199809,1,"$54,913",12.3
DLLS,11,H,13,14,H,0110,1,GM-14,H,XXXX,2,10,F,1,199809,1,"$82,699",28.3
DLLS,11,H,14,15,H,0110,1,GS-15,H,XXXX,2,10,F,1,199809,1,"$88,173",28.8
DLLS,11,D,13,11,D,0110,1,GS-11,D,XXXX,8,10,F,1,199809,1,"$44,505",8.8
DLLS,11,G,13,14,G,0110,1,GM-14,G,XXXX,2,10,F,1,199809,1,"$77,272",23.1
DLLS,11,F,14,13,G,0110,1,GS-13,F,XXXX,8,10,F,1,199809,1,"$65,296",22.2
DLLS,11,F,13,12,F,0110,1,GS-12,E,XXXX,8,10,F,1,199809,1,"$53,343",16.1
DLLS,11,H,21,11,E,0110,1,GS-11,D,XXXX,8,10,F,1,199809,1,"$47,123",11.8
DLLS,11,E,04,13,F,0110,1,GS-13,F,XXXX,8,10,F,1,199809,1,"$63,431",18.7
DLLS,11,D,04,06,E,0119,3,GS-06,B,XXXX,8,10,F,1,199809,1,"$28,652",12.2
DLLS,11,B,13,07,B,0110,1,GS-07,B,XXXX,8,15,F,1,199809,1,"$27,416",1.0
DLLS,11,E,17,11,B,0110,1,GS-11,C,XXXX,8,15,F,1,199809,1,"$39,270",1.5
DLLS,11,C,04,04,B,0119,3,GS-04,A,XXXX,8,42,F,2,199809,1,"$19,146",1.3
DLLS,11,I,13,11,E,0110,1,GS-11,D,XXXX,8,10,F,1,199809,1,"$47,123",11.4
DLLS,11,H,04,10,J,0119,3,GS-10,D,XXXX,2,10,F,1,199809,1,"$44,085",35.7
DLLS,11,E,13,11,E,0110,1,GS-11,D,XXXX,8,10,F,1,199809,1,"$45,814",10.4
DLLS,11,G,13,14,G,0110,1,GM-14,H,XXXX,2,10,F,1,199809,1,"$81,577",23.4
DLLS,24,C,04,09,E,0110,1,GS-09,C,XXXX,8,10,F,1,199809,1,"$32,457",10.9
DLLS,11,G,17,07,A,0110,1,GS-07,B,XXXX,8,15,F,1,199809,1,"$26,532",0.1
DLLS,11,F,14,14,F,0110,1,GS-14,G,XXXX,8,10,F,1,199809,1,"$79,365",15.0
DLLS,48,E,13,13,E,0110,1,GS-13,F,XXXX,4,10,F,1,199809,1,"$61,353",13.4
DLLS,11,E,12,12,E,0110,1,GS-12,E,XXXX,8,10,F,1,199809,1,"$51,774",11.3
DLLS,11,D,13,09,D,0110,1,GS-09,C,XXXX,8,15,F,1,199809,1,"$32,457",7.2
DLLS,11,C,13,12,D,0110,1,GS-12,E,XXXX,8,10,F,1,199809,1,"$50,205",7.3
DLLS,11,C,04,06,E,0119,3,GS-06,B,XXXX,8,10,F,1,199809,1,"$27,856",10.3
DLLS,11,C,17,09,B,0110,1,GS-09,C,XXXX,8,42,P,2,199809,1,"$33,539",1.5
DLLS,11,B,13,09,B,0110,1,GS-09,C,XXXX,8,15,F,1,199809,1,"$32,457",1.6
DLLS,11,I,17,13,I,0110,1,GM-13,G,XXXX,2,10,F,1,199809,1,"$72,758",34.0
DLLS,24,H,17,07,E,0119,3,GS-07,C,XXXX,8,10,P,2,199809,1,"$30,952",12.5
DLLS,06,H,13,13,H,0110,1,GS-13,G,XXXX,4,10,F,1,199809,1,"$70,161",29.1
DLLS,11,G,13,13,H,0110,1,GM-13,G,XXXX,2,10,F,1,199809,1,"$72,169",26.5
DLLS,11,G,04,12,H,0110,1,GS-12,E,XXXX,8,10,F,1,199809,1,"$58,051",28.8
DLLS,11,G,11,06,H,0119,3,GS-06,C,XXXX,8,10,F,1,199809,1,"$31,040",27.3
DLLS,11,G,14,13,H,0110,1,GM-13,F,XXXX,2,10,F,1,199809,1,"$67,167",25.1
DLLS,11,F,21,,F,0110,1,SL-00,J,XXXX,5,10,F,1,199809,1,"$101,606",16.3
DLLS,11,D,21,14,D,0110,1,GS-14,F,XXXX,8,10,P,2,199809,1,"$66,138",5.1
DLLS,48,D,13,11,D,0110,1,GS-11,D,XXXX,8,10,F,1,199809,1,"$45,085",7.5
DLLS,11,E,13,13,F,0110,1,GM-13,F,XXXX,2,10,F,1,199809,1,"$65,296",15.4
DLLS,11,E,13,12,E,0110,1,GS-12,E,XXXX,8,10,F,1,199809,1,"$54,913",14.8
DLLS,11,D,13,11,D,0110,1,GS-11,D,XXXX,8,10,F,1,199809,1,"$44,505",9.0
DLLS,11,E,13,12,E,0110,1,GS-12,E,XXXX,8,10,F,1,199809,1,"$56,482",10.8
DLLS,11,D,13,13,D,0110,1,GS-13,E,XXXX,8,10,F,1,199809,1,"$55,969",7.6
DLLS,11,D,09,07,D,0110,1,GS-07,C,XXXX,8,10,F,1,199809,1,"$30,952",9.8
DLLS,11,C,13,12,D,0110,1,GS-12,E,XXXX,8,10,F,1,199809,1,"$50,205",7.3
DLLS,42,J,17,13,I,0110,1,GM-13,G,XXXX,2,10,F,1,199809,1,"$73,029",32.5
DLLS,11,H,04,07,G,0119,3,GS-07,C,XXXX,8,10,F,1,199809,1,"$34,487",24.7
DLLS,11,H,14,14,H,0110,1,GM-14,H,XXXX,2,10,F,1,199809,1,"$81,208",27.8
DLLS,11,H,04,08,G,0119,3,GS-08,C,XXXX,2,10,F,1,199809,1,"$35,261",21.1
DLLS,11,H,04,10,G,0119,3,GS-10,D,XXXX,2,10,F,1,199809,1,"$44,085",23.7
DLLS,11,G,14,14,H,0110,1,GM-14,H,XXXX,2,10,F,1,199809,1,"$82,676",26.6
DLLS,11,F,10,07,E,0119,3,GS-07,C,XXXX,8,10,P,2,199809,1,"$30,952",12.8
DLLS,11,D,17,12,D,0110,1,GS-12,D,XXXX,8,10,F,1,199809,1,"$48,635",5.7
DLLS,11,E,13,14,E,0110,1,GM-14,G,XXXX,2,10,P,2,199809,1,"$75,007",13.4
DLLS,11,C,17,09,A,0110,1,GS-09,C,XXXX,8,42,P,2,199809,1,"$32,457",0.5
DLLS,11,E,13,12,E,0110,1,GS-12,E,XXXX,8,10,F,1,199809,1,"$50,205",12.1
DLLS,11,E,13,12,E,0110,1,GS-12,E,XXXX,8,10,F,1,199809,1,"$54,913",11.2
DLLS,11,C,13,11,D,0110,1,GS-11,D,XXXX,8,10,F,1,199809,1,"$43,197",7.8
DLLS,11,C,13,12,D,0110,1,GS-12,E,XXXX,8,10,F,1,199809,1,"$50,205",5.7
DLLS,11,C,13,12,D,0110,1,GS-12,E,XXXX,8,10,F,1,199809,1,"$50,205",7.1
DLLS,11,B,13,07,A,0110,1,GS-07,B,XXXX,8,15,F,1,199809,1,"$26,532",0.1
DLLS,11,I,07,12,J,0110,1,GS-12,E,XXXX,8,10,F,1,199809,1,"$53,343",36.3
DLLS,11,H,13,12,G,0110,1,GS-12,E,XXXX,8,10,F,1,199809,1,"$56,482",22.2
DLLS,37,I,13,06,C,0119,3,GS-06,B,XXXX,8,10,P,2,199809,1,"$25,029",4.2
DLLS,11,H,13,12,E,0110,1,GS-12,D,XXXX,8,10,F,1,199809,1,"$47,066",12.2
DLLS,11,H,13,12,H,0110,1,GS-12,F,XXXX,8,10,F,1,199809,1,"$61,190",26.9
DLLS,11,G,14,13,H,0110,1,GS-13,F,XXXX,8,10,F,1,199809,1,"$69,027",27.2
DLLS,11,F,13,15,G,0110,1,GS-15,H,XXXX,5,10,F,1,199809,1,"$85,579",20.3
DLLS,06,H,17,12,H,0110,1,GS-12,F,XXXX,8,10,F,1,199809,1,"$62,924",27.4
DLLS,11,H,14,14,I,0110,1,GS-14,G,XXXX,2,10,F,1,199809,1,"$77,160",30.2
DLLS,11,F,17,14,F,0110,1,GM-14,G,XXXX,2,10,F,1,199809,1,"$79,365",19.6
DLLS,11,F,21,09,A,0110,1,GS-09,C,XXXX,8,15,F,1,199809,1,"$32,457",0.1
DLLS,11,E,04,07,E,0119,3,GS-07,C,XXXX,8,10,F,1,199809,1,"$31,836",10.8
DLLS,11,D,13,13,E,0110,1,GS-13,F,XXXX,8,10,P,2,199809,1,"$61,565",13.8
DLLS,11,D,13,11,D,0110,1,GS-11,D,XXXX,8,10,F,1,199809,1,"$45,814",9.9
DLLS,06,E,13,12,F,0110,1,GS-12,E,XXXX,8,10,F,1,199809,1,"$55,725",15.1
DLLS,13,E,13,12,E,0110,1,GS-12,E,XXXX,8,10,F,1,199809,1,"$52,801",12.7
DLLS,11,C,13,12,D,0110,1,GS-12,E,XXXX,8,15,F,1,199809,1,"$50,205",5.6
DLLS,13,E,13,12,E,0110,1,GS-12,E,XXXX,8,10,F,1,199809,1,"$51,248",12.3
DLLS,11,C,13,12,D,0110,1,GS-12,E,XXXX,8,10,F,1,199809,1,"$50,205",5.9
DLLS,12,J,07,07,E,0119,3,GS-07,B,XXXX,8,10,P,2,199809,1,"$29,549",12.5
DLLS,11,J,04,06,J,0119,3,GS-06,C,XXXX,8,10,F,1,199809,1,"$31,040",37.3
DLLS,11,I,04,06,G,0119,3,GS-06,C,XXXX,8,10,F,1,199809,1,"$30,244",22.0
DLLS,11,G,17,13,G,0110,1,GS-13,F,XXXX,8,10,F,1,199809,1,"$65,296",21.4
DLLS,11,E,13,12,F,0110,1,GS-12,E,XXXX,8,10,F,1,199809,1,"$56,482",17.2
DLLS,11,D,13,12,D,0110,1,GS-12,E,XXXX,8,10,F,1,199809,1,"$51,774",8.1
DLLS,11,E,13,12,F,0110,1,GS-12,D,XXXX,8,10,F,1,199809,1,"$48,635",15.6
DLLS,51,C,13,11,C,0110,1,GS-11,D,XXXX,8,10,F,1,199809,1,"$40,144",3.5
DLLS,11,B,13,07,A,0110,1,GS-07,B,XXXX,8,15,F,1,199809,1,"$26,532",0.2
DLLS,11,H,04,12,I,0110,1,GS-12,E,XXXX,8,10,F,1,199809,1,"$53,343",31.8
DLLS,11,H,14,13,H,0110,1,GS-13,G,XXXX,8,10,F,1,199809,1,"$72,758",28.7
DLLS,11,B,13,11,B,0110,1,GS-11,C,XXXX,8,15,F,1,199809,1,"$39,270",2.3
DLLS,11,E,13,15,E,0110,1,GS-15,H,XXXX,5,10,F,1,199809,1,"$88,173",11.1
DLLS,11,C,17,11,B,0110,1,GS-11,D,XXXX,8,15,F,1,199809,1,"$40,579",2.6
DLLS,11,C,17,12,C,0110,1,GS-12,D,XXXX,8,10,F,1,199809,1,"$47,066",3.4
DLLS,11,I,13,11,G,0110,1,GS-11,D,XXXX,8,10,F,1,199809,1,"$49,740",23.9
DLLS,36,H,04,06,D,0119,3,GS-06,B,XXXX,8,10,P,2,199809,1,"$27,452",7.1
DLLS,11,H,14,13,H,0110,1,GS-13,G,XXXX,8,10,F,1,199809,1,"$70,893",28.7
DLLS,11,H,17,13,H,0110,1,GS-13,G,XXXX,8,10,F,1,199809,1,"$72,758",28.3
DLLS,11,G,17,07,C,0110,1,GS-07,B,XXXX,8,15,F,1,199809,1,"$26,532",4.6
DLLS,11,G,13,12,G,0110,1,GS-12,E,XXXX,8,10,F,1,199809,1,"$58,051",24.1
DLLS,11,G,13,13,D,0110,1,GS-13,E,XXXX,8,10,F,1,199809,1,"$55,969",8.2
DLLS,11,E,04,13,E,0110,1,GS-13,E,XXXX,8,10,F,1,199809,1,"$59,700",13.8
DLLS,11,E,13,14,F,0110,1,GS-14,F,XXXX,2,10,F,1,199809,1,"$68,343",15.8
DLLS,11,D,17,11,E,0110,1,GS-11,D,XXXX,8,10,F,1,199809,1,"$47,123",11.7
DLLS,06,G,13,11,D,0110,1,GS-11,D,XXXX,2,10,F,1,199809,1,"$42,391",6.2
DLLS,11,C,17,09,A,0110,1,GS-09,C,XXXX,8,15,F,1,199809,1,"$32,457",0.2
DLLS,11,C,13,11,C,0110,1,GS-11,D,XXXX,8,10,F,1,199809,1,"$40,579",3.5
DLLS,51,I,17,05,A,0119,3,GS-05,B,XXXX,8,15,P,2,199809,1,"$21,191",0.8
DLLS,11,H,13,13,I,0110,1,GS-13,G,XXXX,8,10,F,1,199809,1,"$72,758",32.3
DLLS,11,H,17,13,I,0110,1,GS-13,G,XXXX,8,10,F,1,199809,1,"$72,758",31.7
DLLS,11,G,13,14,H,0110,1,GM-14,H,XXXX,2,10,F,1,199809,1,"$83,350",25.0
DLLS,11,E,13,12,E,0110,1,GS-12,E,XXXX,8,10,F,1,199809,1,"$53,343",11.3
DLLS,11,H,17,13,H,0110,1,GS-13,G,XXXX,8,10,F,1,199809,1,"$72,758",27.4
DLLS,11,F,17,11,B,0110,1,GS-11,D,XXXX,8,15,F,1,199809,1,"$40,579",2.1
DLLS,11,D,11,14,E,0110,1,GS-14,G,XXXX,2,10,F,1,199809,1,"$70,547",12.1
DLLS,11,E,13,14,F,0110,1,GM-14,G,XXXX,2,10,F,1,199809,1,"$77,160",15.8
DLLS,51,B,13,09,B,0110,1,GS-09,C,XXXX,8,15,F,1,199809,1,"$32,109",1.3
DLLS,11,D,13,13,E,0110,1,GS-13,E,XXXX,8,10,F,1,199809,1,"$59,700",12.1
DLLS,04,I,05,07,D,0119,3,GS-07,B,XXXX,8,10,P,2,199809,1,"$29,549",9.4
DLLS,11,G,14,13,H,0110,1,GS-13,G,XXXX,8,10,F,1,199809,1,"$72,758",27.4
DLLS,11,G,13,13,G,0110,1,GM-13,G,XXXX,2,10,F,1,199809,1,"$70,473",23.8
DLLS,11,E,04,06,D,0119,3,GS-06,B,XXXX,8,10,F,1,199809,1,"$27,856",7.3
DLLS,11,G,13,13,G,0110,1,GS-13,F,XXXX,8,10,F,1,199809,1,"$67,162",23.8
DLLS,11,F,14,12,F,0110,1,GS-12,E,XXXX,8,10,F,1,199809,1,"$54,913",19.3
DLLS,12,C,13,11,D,0110,1,GS-11,D,XXXX,8,10,F,1,199809,1,"$42,452",7.3
DLLS,11,B,13,09,B,0110,1,GS-09,C,XXXX,8,15,F,1,199809,1,"$32,457",1.2
DLLS,11,I,18,14,H,0110,1,GS-14,H,XXXX,2,10,F,1,199809,1,"$83,774",29.3
DLLS,11,J,08,13,J,0110,1,GS-13,F,XXXX,8,10,F,1,199809,1,"$67,162",37.9
DLLS,11,I,05,14,I,0110,1,GM-14,G,XXXX,2,10,F,1,199809,1,"$79,365",32.6
DLLS,11,H,13,13,F,0110,1,GS-13,F,XXXX,8,10,F,1,199809,1,"$65,296",18.7
DLLS,11,I,09,13,I,0110,1,GS-13,G,XXXX,8,10,F,1,199809,1,"$70,893",32.6
DLLS,11,H,07,13,J,0110,1,GS-13,F,XXXX,8,10,F,1,199809,1,"$67,162",35.3
DLLS,11,H,08,08,I,0119,3,GS-08,C,XXXX,8,10,F,1,199809,1,"$38,199",30.9
DLLS,11,G,13,12,H,0110,1,GS-12,F,XXXX,8,10,F,1,199809,1,"$61,190",26.2
DLLS,11,D,21,13,D,0110,1,GS-13,F,XXXX,8,10,F,1,199809,1,"$61,565",6.5
DLLS,48,C,13,07,D,0110,1,GS-07,B,XXXX,8,20,F,2,199809,1,"$27,322",7.3
DLLS,51,K,04,07,D,0119,3,GS-07,B,XXXX,8,10,P,2,199809,1,"$28,681",6.8
DLLS,11,J,13,13,J,0110,1,GS-13,G,XXXX,8,10,F,1,199809,1,"$72,758",35.7
DLLS,11,I,04,06,G,0119,3,GS-06,B,XXXX,8,10,F,1,199809,1,"$29,448",22.3
DLLS,51,G,04,07,D,0119,3,GS-07,B,XXXX,8,10,P,2,199809,1,"$27,812",6.3
DLLS,11,G,13,08,F,0119,3,GS-08,C,XXXX,2,10,F,1,199809,1,"$35,261",19.5
DLLS,11,F,13,11,F,0110,1,GS-11,D,XXXX,8,10,F,1,199809,1,"$40,579",17.5
DLLS,11,D,13,12,D,0110,1,GS-12,E,XXXX,8,10,F,1,199809,1,"$51,774",9.3
DLLS,11,B,13,09,B,0110,1,GS-09,C,XXXX,8,15,F,1,199809,1,"$32,457",2.3
DLLS,11,E,13,11,E,0110,1,GS-11,D,XXXX,8,10,F,1,199809,1,"$44,505",10.1
DLLS,11,D,13,12,E,0110,1,GS-12,E,XXXX,8,10,F,1,199809,1,"$54,913",12.2
DLLS,11,E,13,13,F,0110,1,GS-13,E,XXXX,8,10,F,1,199809,1,"$59,700",18.0
DLLS,11,B,13,07,A,0110,1,GS-07,B,XXXX,8,15,F,1,199809,1,"$26,532",0.2
DLLS,11,C,13,12,D,0110,1,GS-12,D,XXXX,8,10,F,1,199809,1,"$48,635",7.5
DLLS,11,C,13,12,D,0110,1,GS-12,E,XXXX,8,10,P,2,199809,1,"$51,774",7.1
DLLS,34,G,13,05,A,0119,3,GS-05,B,XXXX,8,20,P,2,199809,1,"$23,299",0.6
DLLS,29,H,07,12,F,0110,1,GS-12,D,XXXX,8,10,F,1,199809,1,"$46,535",18.9
DLLS,11,G,13,12,E,0110,1,GS-12,E,XXXX,8,10,F,1,199809,1,"$56,482",14.9
DLLS,11,F,13,12,F,0110,1,GS-12,E,XXXX,8,10,P,2,199809,1,"$56,482",19.3
DLLS,11,F,13,13,G,0110,1,GS-13,F,XXXX,8,10,F,1,199809,1,"$67,162",21.1
DLLS,42,D,13,11,D,0110,1,GS-11,D,XXXX,8,10,F,1,199809,1,"$43,358",7.4
DLLS,11,D,13,11,D,0110,1,GS-11,D,XXXX,8,10,F,1,199809,1,"$44,505",9.7
DLLS,51,D,13,11,D,0110,1,GS-11,C,XXXX,8,10,F,1,199809,1,"$38,849",6.1
DLLS,11,C,04,06,D,0119,3,GS-06,B,XXXX,8,10,F,1,199809,1,"$27,060",7.3
DLLS,51,C,04,05,A,0119,3,GS-05,B,XXXX,8,20,P,2,199809,1,"$21,051",0.5
DLLS,11,H,04,07,G,0119,3,GS-07,C,XXXX,8,10,F,1,199809,1,"$32,719",24.5
DLLS,11,G,13,07,F,0119,3,GS-07,C,XXXX,8,10,F,1,199809,1,"$32,719",19.2
DLLS,11,B,17,09,A,0110,1,GS-09,C,XXXX,8,15,F,1,199809,1,"$32,457",0.1
DLLS,13,C,17,09,B,0110,1,GS-09,C,XXXX,8,15,F,1,199809,1,"$32,127",1.3
DLLS,11,C,17,07,A,0110,1,GS-07,B,XXXX,8,15,F,1,199809,1,"$26,532",0.1
DLLS,11,G,18,14,E,0110,1,GM-14,G,XXXX,2,10,F,1,199809,1,"$77,272",14.4
DLLS,11,J,14,11,I,0110,1,GS-11,E,XXXX,8,10,F,1,199809,1,"$51,049",31.4
DLLS,11,G,13,05,D,0119,3,GS-05,B,XXXX,8,15,P,2,199809,1,"$27,136",6.8
DLLS,48,G,13,12,G,0110,1,GS-12,F,XXXX,8,10,F,1,199809,1,"$60,979",21.3
DLLS,11,G,17,12,C,0110,1,GS-12,D,XXXX,8,10,F,1,199809,1,"$48,635",4.1
DLLS,11,D,13,12,D,0110,1,GS-12,E,XXXX,8,10,F,1,199809,1,"$50,205",7.1
DLLS,11,G,21,14,E,0110,1,GS-14,G,XXXX,8,10,F,1,199809,1,"$79,365",14.4
DLLS,37,E,04,07,D,0119,3,GS-07,B,XXXX,8,10,P,2,199809,1,"$28,681",7.0
DLLS,13,D,17,11,D,0110,1,GS-11,D,XXXX,8,10,F,1,199809,1,"$42,758",5.9
DLLS,11,D,13,12,D,0110,1,GS-12,E,XXXX,8,10,F,1,199809,1,"$50,205",7.3
DLLS,11,D,17,12,C,0110,1,GS-12,D,XXXX,8,10,F,1,199809,1,"$48,635",3.7
DLLS,51,I,09,07,E,0119,3,GS-07,B,XXXX,8,10,P,2,199809,1,"$28,871",11.8
DLLS,11,E,13,13,E,0110,1,GS-13,E,XXXX,8,10,F,1,199809,1,"$55,969",10.6
DLLS,11,F,13,13,F,0110,1,GM-13,F,XXXX,2,10,F,1,199809,1,"$67,167",19.3
DLLS,11,E,13,13,E,0110,1,GS-13,F,XXXX,8,10,F,1,199809,1,"$67,162",14.5
DLLS,11,D,13,12,D,0110,1,GS-12,D,XXXX,8,10,F,1,199809,1,"$48,635",6.5
DLLS,11,G,04,07,G,0119,3,GS-07,C,XXXX,8,10,F,1,199809,1,"$31,836",20.8
DLLS,11,C,13,12,C,0110,1,GS-12,D,XXXX,8,10,F,1,199809,1,"$47,066",3.3
DLLS,13,H,14,13,I,0110,1,GM-13,G,XXXX,2,10,F,1,199809,1,"$71,904",31.3
DLLS,11,I,14,14,J,0110,1,GM-14,H,XXXX,5,10,F,1,199809,1,"$85,978",35.2
DLLS,13,G,13,11,F,0110,1,GS-11,E,XXXX,8,10,F,1,199809,1,"$50,530",15.2
DLLS,11,F,17,14,F,0110,1,GS-14,G,XXXX,2,10,F,1,199809,1,"$70,547",15.9
DLLS,11,E,21,13,C,0110,1,GS-13,F,XXXX,8,10,F,1,199809,1,"$63,431",3.0
DLLS,37,K,11,07,H,0119,3,GS-07,C,XXXX,8,10,P,2,199809,1,"$33,893",27.8
DLLS,11,H,07,12,I,0110,1,GS-12,E,XXXX,8,10,F,1,199809,1,"$59,621",33.1
DLLS,37,I,04,07,E,0119,3,GS-07,B,XXXX,8,10,F,1,199809,1,"$29,549",12.8
DLLS,11,G,07,06,G,0119,3,GS-06,C,XXXX,8,10,F,1,199809,1,"$30,244",22.7
DLLS,11,D,13,13,D,0110,1,GS-13,E,XXXX,2,10,F,1,199809,1,"$57,835",7.4
DLLS,13,I,14,15,I,0110,1,GM-15,I,XXXX,2,10,F,1,199809,1,"$97,414",33.3
DLLS,11,C,13,09,B,0110,1,GS-09,C,XXXX,8,15,F,1,199809,1,"$32,457",1.7
DLLS,11,G,13,14,H,0110,1,GM-14,G,XXXX,2,10,F,1,199809,1,"$77,160",25.3
DLLS,11,G,04,12,G,0110,1,GS-12,D,XXXX,8,10,F,1,199809,1,"$48,635",20.5
DLLS,11,G,17,14,H,0110,1,GM-14,H,XXXX,2,10,F,1,199809,1,"$81,579",27.0
DLLS,37,G,17,07,E,0119,3,GS-07,C,XXXX,8,10,P,2,199809,1,"$31,287",13.8
DLLS,36,K,07,06,F,0119,3,GS-06,C,XXXX,8,10,P,2,199809,1,"$31,162",18.1
DLLS,37,F,13,11,E,0110,1,GS-11,D,XXXX,8,10,F,1,199809,1,"$46,310",13.0
DLLS,11,H,14,14,G,0110,1,GM-14,H,XXXX,2,10,F,1,199809,1,"$85,978",21.8
DLLS,11,G,05,07,H,0110,1,GS-07,C,XXXX,8,15,F,1,199809,1,"$34,487",25.1
DLLS,13,E,13,12,E,0110,1,GS-12,E,XXXX,8,10,F,1,199809,1,"$51,248",13.5
DLLS,11,H,04,09,H,0119,3,GS-09,D,XXXX,8,10,F,1,199809,1,"$42,198",27.3
DLLS,11,H,13,13,I,0110,1,GS-13,F,XXXX,8,10,F,1,199809,1,"$69,027",31.1
DLLS,06,F,13,13,G,0110,1,GS-13,F,XXXX,2,10,F,1,199809,1,"$66,263",20.0
DLLS,11,E,04,06,F,0119,3,GS-06,B,XXXX,8,10,F,1,199809,1,"$28,652",15.6
DLLS,42,H,07,12,H,0110,1,GS-12,E,XXXX,8,10,F,1,199809,1,"$56,693",25.8
DLLS,11,C,13,09,B,0110,1,GS-09,C,XXXX,8,15,F,1,199809,1,"$32,457",1.4
DLLS,11,D,13,11,D,0110,1,GS-11,D,XXXX,8,10,F,1,199809,1,"$44,505",9.2
DLLS,48,J,13,12,J,0110,1,GS-12,F,XXXX,8,10,F,1,199809,1,"$60,979",38.4
DLLS,13,C,17,07,B,0110,1,GS-07,B,XXXX,8,15,F,1,199809,1,"$27,137",1.5
DLLS,45,H,04,07,C,0119,3,GS-07,B,XXXX,8,10,P,2,199809,1,"$27,812",4.9
DLLS,13,F,13,12,G,0110,1,GS-12,E,XXXX,8,10,F,1,199809,1,"$57,461",22.1
DLLS,29,K,13,07,E,0119,3,GS-07,B,XXXX,8,10,P,2,199809,1,"$29,631",13.8
DLLS,13,C,13,09,C,0110,1,GS-09,C,XXXX,8,15,F,1,199809,1,"$33,198",4.3
DLLS,13,H,04,06,F,0119,3,GS-06,B,XXXX,8,10,P,2,199809,1,"$28,940",15.1
DLLS,13,H,04,07,E,0119,3,GS-07,B,XXXX,8,10,P,2,199809,1,"$28,887",14.8
DLLS,13,E,14,12,F,0110,1,GS-12,E,XXXX,8,10,F,1,199809,1,"$54,355",18.3
DLLS,48,G,14,11,G,0110,1,GS-11,D,XXXX,8,10,F,1,199809,1,"$46,960",21.3
DLLS,13,G,17,12,G,0110,1,GS-12,E,XXXX,8,10,F,1,199809,1,"$59,015",23.0
DLLS,11,F,13,12,G,0110,1,GS-12,E,XXXX,8,10,F,1,199809,1,"$58,051",22.0
DLLS,48,E,13,13,E,0110,1,GM-13,F,XXXX,2,10,F,1,199809,1,"$65,071",13.5
DLLS,13,D,13,11,D,0110,1,GS-11,D,XXXX,8,10,F,1,199809,1,"$42,758",7.3
DLLS,13,F,09,07,E,0119,3,GS-07,B,XXXX,8,10,P,2,199809,1,"$27,812",12.0
DLLS,37,H,17,12,G,0110,1,GS-12,E,XXXX,8,10,F,1,199809,1,"$55,508",23.3
DLLS,48,D,13,11,D,0110,1,GS-11,D,XXXX,8,10,F,1,199809,1,"$43,048",6.7
DLLS,11,C,13,09,B,0110,1,GS-09,C,XXXX,8,15,F,1,199809,1,"$32,457",1.0
DLLS,13,C,13,05,D,0110,1,GS-05,B,XXXX,8,15,F,1,199809,1,"$26,860",5.1
DLLS,13,H,04,05,B,0119,3,GS-05,B,XXXX,8,20,P,2,199809,1,"$21,753",1.4
DLLS,13,H,13,07,E,0119,3,GS-07,C,XXXX,8,10,P,2,199809,1,"$33,262",11.9
DLLS,13,E,13,11,D,0110,1,GS-11,D,XXXX,2,10,F,1,199809,1,"$44,053",8.0
DLLS,13,C,13,12,D,0110,1,GS-12,D,XXXX,8,10,F,1,199809,1,"$46,588",5.9
DLLS,11,C,13,12,D,0110,1,GS-12,E,XXXX,8,10,F,1,199809,1,"$53,343",7.3
DLLS,28,K,17,07,E,0119,3,GS-07,B,XXXX,8,10,P,2,199809,1,"$29,549",10.6
DLLS,11,F,17,14,F,0110,1,GM-14,G,XXXX,2,10,F,1,199809,1,"$77,160",18.3
DLLS,13,F,04,12,F,0110,1,GS-12,E,XXXX,8,10,F,1,199809,1,"$51,248",19.8
DLLS,11,E,18,14,E,0110,1,GS-14,G,XXXX,2,10,F,1,199809,1,"$72,752",13.8
DLLS,11,C,17,12,C,0110,1,GS-12,D,XXXX,8,10,F,1,199809,1,"$47,066",4.0
DLLS,13,G,13,12,H,0110,1,GS-12,F,XXXX,8,10,F,1,199809,1,"$60,568",25.3
DLLS,06,F,17,13,G,0110,1,GM-13,F,XXXX,2,10,F,1,199809,1,"$69,190",20.8
DLLS,13,F,12,07,D,0119,3,GS-07,B,XXXX,8,10,P,2,199809,1,"$29,762",8.3
DLLS,11,G,21,15,G,0110,1,GM-15,I,XXXX,5,10,F,1,199809,1,"$96,839",23.6
DLLS,12,G,04,05,D,0119,3,GS-05,B,XXXX,8,20,P,2,199809,1,"$22,257",5.8
DLLS,11,E,21,13,D,0110,1,GS-13,F,XXXX,8,10,F,1,199809,1,"$63,431",7.1
DLLS,39,D,17,11,C,0110,1,GS-11,C,XXXX,8,10,F,1,199809,1,"$39,432",3.6
DLLS,11,G,13,12,G,0110,1,GS-12,E,XXXX,8,10,F,1,199809,1,"$59,621",22.2
DLLS,42,G,13,07,D,0119,3,GS-07,B,XXXX,8,10,P,2,199809,1,"$29,549",9.3
DLLS,11,I,18,13,I,0110,1,GS-13,G,XXXX,8,10,F,1,199809,1,"$72,758",32.3
DLLS,11,I,04,13,J,0110,1,GS-13,G,XXXX,8,10,F,1,199809,1,"$72,758",36.7
DLLS,12,K,13,05,F,0119,3,GS-05,B,XXXX,8,20,P,2,199809,1,"$21,539",18.2
DLLS,11,G,13,13,E,0110,1,GS-13,E,XXXX,2,10,F,1,199809,1,"$57,835",12.3
DLLS,29,J,17,12,H,0110,1,GS-12,E,XXXX,8,10,F,1,199809,1,"$55,845",28.8
DLLS,12,J,13,05,A,0119,3,GS-05,B,XXXX,8,20,P,2,199809,1,"$21,539",0.6
DLLS,37,E,13,11,E,0110,1,GS-11,D,XXXX,8,10,F,1,199809,1,"$46,310",14.2
DLLS,12,I,17,06,B,0119,3,GS-06,B,XXXX,8,15,P,2,199809,1,"$24,007",1.7
DLLS,13,H,10,12,G,0110,1,GS-12,D,XXXX,2,10,F,1,199809,1,"$48,141",21.4
DLLS,12,G,13,07,F,0119,3,GS-07,C,XXXX,8,10,P,2,199809,1,"$33,893",16.3
DLLS,25,G,04,06,B,0119,3,GS-06,B,XXXX,8,15,P,2,199809,1,"$24,980",1.5
DLLS,47,F,13,12,F,0110,1,GS-12,E,XXXX,8,10,F,1,199809,1,"$53,966",18.0
DLLS,13,D,17,07,A,0110,1,GS-07,B,XXXX,8,15,F,1,199809,1,"$26,263",0.3
DLLS,13,H,13,13,H,0110,1,GM-13,F,XXXX,2,10,F,1,199809,1,"$64,633",27.8
DLLS,41,D,13,11,E,0110,1,GS-11,D,XXXX,2,10,F,1,199809,1,"$49,694",11.3
DLLS,12,H,09,07,C,0119,3,GS-07,B,XXXX,8,10,P,2,199809,1,"$28,456",4.9
DLLS,12,I,04,07,F,0119,3,GS-07,B,XXXX,8,10,P,2,199809,1,"$29,549",15.6
DLLS,12,H,14,12,H,0110,1,GS-12,E,XXXX,8,10,F,1,199809,1,"$58,592",28.3
DLLS,11,D,17,13,D,0110,1,GS-13,E,XXXX,8,10,F,1,199809,1,"$57,835",5.2
DLLS,11,F,13,13,G,0110,1,GS-13,F,XXXX,8,10,F,1,199809,1,"$67,162",20.3
DLLS,11,C,13,12,D,0110,1,GS-12,E,XXXX,8,10,F,1,199809,1,"$50,205",7.3
DLLS,11,E,13,12,E,0110,1,GS-12,E,XXXX,8,10,F,1,199809,1,"$56,482",14.2
DLLS,11,F,17,11,D,0110,1,GS-11,D,XXXX,8,15,F,1,199809,1,"$44,505",8.9
DLLS,41,I,09,05,B,0119,3,GS-05,B,XXXX,8,15,P,2,199809,1,"$21,753",1.9
DLLS,11,H,10,06,H,0119,3,GS-06,C,XXXX,8,10,F,1,199809,1,"$31,040",28.7
DLLS,17,F,13,13,G,0110,1,GS-13,G,XXXX,2,10,F,1,199809,1,"$70,276",21.7
DLLS,39,E,13,06,C,0119,3,GS-06,B,XXXX,8,10,P,2,199809,1,"$24,461",3.2
DLLS,11,D,13,11,D,0110,1,GS-11,D,XXXX,8,10,F,1,199809,1,"$40,579",5.4
DLLS,11,C,13,09,B,0110,1,GS-09,C,XXXX,8,15,F,1,199809,1,"$32,457",1.4
DLLS,42,D,13,06,B,0119,3,GS-06,Z,XXXX,8,15,P,2,199809,1,,1.7
DLLS,11,C,13,12,D,0110,1,GS-12,E,XXXX,8,10,F,1,199809,1,"$51,774",7.1
DLLS,39,C,13,09,B,0110,1,GS-09,C,XXXX,8,15,F,1,199809,1,"$32,590",2.8
DLLS,48,K,04,05,D,0119,3,GS-05,B,XXXX,8,20,P,2,199809,1,"$22,357",5.2
DLLS,11,D,17,13,D,0110,1,GS-13,E,XXXX,2,10,F,1,199809,1,"$55,969",6.3
DLLS,11,C,17,09,A,0110,1,GS-09,C,XXXX,8,15,F,1,199809,1,"$32,457",0.3
DLLS,39,B,13,09,B,0110,1,GS-09,C,XXXX,8,15,F,1,199809,1,"$32,178",1.3
DLLS,39,G,13,12,H,0110,1,GS-12,F,XXXX,6,10,F,1,199809,1,"$61,441",25.8
DLLS,39,F,17,11,C,0110,1,GS-11,C,XXXX,8,10,F,1,199809,1,"$39,432",3.6
DLLS,42,D,17,07,C,0110,1,GS-07,C,XXXX,8,10,F,1,199809,1,"$34,147",4.6
DLLS,18,H,14,12,H,0110,1,GS-12,F,XXXX,6,10,F,1,199809,1,"$60,255",28.3
DLLS,11,G,21,,E,0110,1,SL-00,J,XXXX,5,10,F,1,199809,1,"$101,606",14.1
DLLS,11,E,17,12,D,0110,1,GS-12,D,XXXX,8,10,F,1,199809,1,"$47,066",5.6
DLLS,11,D,17,09,A,0110,1,GS-09,C,XXXX,8,15,F,1,199809,1,"$32,457",0.2
DLLS,11,C,13,07,A,0110,1,GS-07,B,XXXX,8,15,F,1,199809,1,"$26,532",0.2
DLLS,12,K,13,05,C,0119,3,GS-05,B,XXXX,8,15,P,2,199809,1,"$21,753",3.1
DLLS,06,D,13,11,D,0110,1,GS-11,D,XXXX,8,10,F,1,199809,1,"$43,758",7.6
DLLS,39,G,13,12,G,0110,1,GS-12,E,XXXX,6,10,F,1,199809,1,"$57,553",24.5
DLLS,11,D,17,12,E,0110,1,GS-12,E,XXXX,8,10,F,1,199809,1,"$53,343",12.0
DLLS,11,B,13,09,B,0110,1,GS-09,C,XXXX,8,15,F,1,199809,1,"$32,457",1.3
DLLS,17,E,13,13,E,0110,1,GM-13,F,XXXX,2,10,F,1,199809,1,"$64,578",12.9
DLLS,24,D,13,11,D,0110,1,GS-11,D,XXXX,8,10,F,1,199809,1,"$43,197",7.4
DLLS,11,C,11,11,D,0110,1,GS-11,D,XXXX,8,10,F,1,199809,1,"$44,505",7.3
DLLS,11,E,13,12,F,0110,1,GS-12,E,XXXX,8,10,F,1,199809,1,"$56,482",15.3
DLLS,11,C,17,09,A,0110,1,GS-09,C,XXXX,8,15,F,1,199809,1,"$32,457",0.1
DLLS,11,D,13,12,E,0110,1,GS-12,E,XXXX,8,10,F,1,199809,1,"$50,205",11.0
DLLS,11,G,13,12,F,0110,1,GS-12,E,XXXX,8,10,F,1,199809,1,"$54,913",18.4
DLLS,11,B,13,07,A,0110,1,GS-07,B,XXXX,8,15,F,1,199809,1,"$26,532",0.3
DLLS,06,C,17,09,B,0110,1,GS-09,C,XXXX,8,15,F,1,199809,1,"$33,906",1.1
DLLS,11,E,17,12,B,0110,1,GS-12,E,XXXX,8,15,F,1,199809,1,"$51,774",2.3
DLLS,11,J,21,13,G,0110,1,GS-13,G,XXXX,8,10,F,1,199809,1,"$72,758",20.2
DLLS,11,D,17,11,B,0110,1,GS-11,C,XXXX,8,15,F,1,199809,1,"$39,270",1.5
DLLS,11,E,18,13,E,0110,1,GS-13,F,XXXX,8,10,F,1,199809,1,"$63,431",14.1
DLLS,11,G,17,15,G,0110,1,GS-15,I,XXXX,2,10,F,1,199809,1,"$90,767",23.1
DLLS,11,E,14,14,F,0110,1,GM-14,G,XXXX,2,10,F,1,199809,1,"$77,160",15.3
DLLS,11,B,13,09,B,0110,1,GS-09,C,XXXX,8,15,F,1,199809,1,"$32,457",1.2
DLLS,47,J,04,07,E,0119,3,GS-07,C,XXXX,8,10,P,2,199809,1,"$30,418",13.7
DLLS,39,H,13,12,G,0110,1,GS-12,E,XXXX,8,10,F,1,199809,1,"$56,714",23.8
DLLS,39,B,13,09,B,0110,1,GS-09,C,XXXX,8,15,F,1,199809,1,"$32,178",1.3
DLLS,11,H,04,07,F,0119,3,GS-07,C,XXXX,8,10,F,1,199809,1,"$32,719",19.7
DLLS,11,D,17,11,B,0110,1,GS-11,C,XXXX,8,15,F,1,199809,1,"$39,270",1.3
DLLS,42,I,13,05,E,0119,3,GS-05,B,XXXX,8,20,P,2,199809,1,"$21,916",10.6
DLLS,48,H,13,06,B,0119,3,GS-06,B,XXXX,8,15,P,2,199809,1,"$24,587",2.3
DLLS,42,F,17,06,B,0119,3,GS-06,Z,XXXX,8,15,P,2,199809,1,,1.7
DLLS,11,F,14,13,G,0110,1,GM-13,F,XXXX,2,10,F,1,199809,1,"$69,036",22.1
DLLS,48,G,13,13,E,0110,1,GS-13,E,XXXX,2,10,F,1,199809,1,"$55,776",10.9
DLLS,11,F,17,09,C,0110,1,GS-09,C,XXXX,8,15,F,1,199809,1,"$32,457",3.5
DLLS,18,D,13,11,D,0110,1,GS-11,D,XXXX,8,10,F,1,199809,1,"$42,536",7.3
DLLS,12,K,07,05,G,0119,3,GS-05,B,XXXX,8,15,P,2,199809,1,"$25,966",21.6
DLLS,31,J,04,07,G,0119,3,GS-07,C,XXXX,8,10,P,2,199809,1,"$33,024",20.8
DLLS,18,H,08,05,D,0119,3,GS-05,B,XXXX,8,15,P,2,199809,1,"$23,158",7.4
DLLS,12,F,08,07,C,0119,3,GS-07,B,XXXX,8,10,P,2,199809,1,"$26,943",3.3
DLLS,37,D,13,11,D,0110,1,GS-11,D,XXXX,8,10,F,1,199809,1,"$42,452",7.4
DLLS,11,G,13,13,H,0110,1,GS-13,F,XXXX,8,10,F,1,199809,1,"$67,162",26.5
DLLS,06,I,21,15,C,0110,1,GS-15,I,XXXX,2,15,F,1,199809,1,"$92,110",4.3
DLLS,48,C,13,12,D,0110,1,GS-12,D,XXXX,8,10,F,1,199809,1,"$46,903",5.9
DLLS,17,D,17,12,E,0110,1,GS-12,E,XXXX,8,10,F,1,199809,1,"$52,710",10.8
DLLS,11,B,13,07,A,0110,1,GS-07,B,XXXX,8,15,F,1,199809,1,"$26,532",0.3
DLLS,11,K,21,,H,0110,1,ES-04,L,XXXX,2,50,F,1,199809,1,"$122,824",25.4
DLLS,11,J,18,,J,0110,1,ES-03,K,XXXX,2,50,F,1,199809,1,"$116,495",39.2
DLLS,11,G,13,12,G,0110,1,GS-12,E,XXXX,8,10,F,1,199809,1,"$59,621",22.1
DLLS,17,H,13,13,I,0110,1,GM-13,G,XXXX,4,10,F,1,199809,1,"$74,074",32.1
DLLS,47,E,09,05,E,0119,3,GS-05,B,XXXX,8,10,P,2,199809,1,"$23,860",11.3
DLLS,17,H,13,14,H,0110,1,GS-14,G,XXXX,2,10,F,1,199809,1,"$78,556",28.9
DLLS,17,H,13,05,B,0119,3,GS-05,B,XXXX,8,15,P,2,199809,1,"$22,535",1.3
DLLS,22,E,17,05,B,0119,3,GS-05,B,XXXX,8,20,P,2,199809,1,"$21,753",1.0
DLLS,17,F,13,12,F,0110,1,GS-12,E,XXXX,8,10,F,1,199809,1,"$59,101",18.4
DLLS,49,I,07,07,E,0119,3,GS-07,B,XXXX,8,10,P,2,199809,1,"$28,681",10.7
DLLS,11,F,21,12,D,0110,1,GS-12,E,XXXX,8,10,F,1,199809,1,"$58,051",8.3
DLLS,17,C,13,11,C,0110,1,GS-11,C,XXXX,8,10,F,1,199809,1,"$39,981",3.3
DLLS,11,E,17,11,B,0110,1,GS-11,C,XXXX,8,15,F,1,199809,1,"$39,270",1.5
DLLS,17,I,13,13,I,0110,1,GM-13,G,XXXX,2,10,F,1,199809,1,"$74,074",32.4
DLLS,18,H,13,12,H,0110,1,GS-12,F,XXXX,8,10,F,1,199809,1,"$60,255",29.4
DLLS,11,E,13,12,E,0110,1,GS-12,D,XXXX,8,10,F,1,199809,1,"$48,635",10.3
DLLS,48,D,13,07,A,0110,1,GS-07,B,XXXX,8,15,F,1,199809,1,"$26,441",0.6
DLLS,17,F,10,06,E,0119,3,GS-06,B,XXXX,8,10,F,1,199809,1,"$28,360",11.3
DLLS,17,F,13,12,G,0110,1,GS-12,E,XXXX,8,10,F,1,199809,1,"$59,101",23.2
DLLS,17,H,17,11,D,0110,1,GS-11,D,XXXX,8,10,F,1,199809,1,"$46,642",9.4
DLLS,17,H,17,14,H,0110,1,GS-14,G,XXXX,2,10,F,1,199809,1,"$74,067",25.3
DLLS,11,H,17,09,B,0110,1,GS-09,C,XXXX,8,15,F,1,199809,1,"$32,457",2.1
DLLS,11,E,17,12,D,0110,1,GS-12,E,XXXX,8,10,F,1,199809,1,"$53,343",9.2
DLLS,06,G,17,06,C,0119,3,GS-06,B,XXXX,8,15,P,2,199809,1,"$24,553",3.3
DLLS,11,H,17,13,E,0110,1,GS-13,F,XXXX,8,10,F,1,199809,1,"$61,565",12.0
DLLS,48,F,04,05,A,0119,3,GS-05,Z,XXXX,8,20,P,2,199809,1,,0.1
DLLS,17,G,13,13,G,0110,1,GS-13,F,XXXX,2,10,F,1,199809,1,"$66,477",23.2
DLLS,29,G,13,13,G,0110,1,GM-13,G,XXXX,2,10,F,1,199809,1,"$70,102",23.0
DLLS,11,F,13,,G,0110,1,ES-04,L,XXXX,2,50,F,1,199809,1,"$122,824",20.0
DLLS,17,C,13,07,B,0110,1,GS-07,B,XXXX,8,15,F,1,199809,1,"$27,912",1.3
DLLS,17,H,14,13,I,0110,1,GM-13,G,XXXX,2,10,F,1,199809,1,"$73,640",30.1
DLLS,06,B,13,07,A,0110,1,GS-07,B,XXXX,8,15,F,1,199809,1,"$27,717",0.5
DLLS,17,I,13,12,H,0110,1,GS-12,E,XXXX,8,10,F,1,199809,1,"$57,503",29.2
DLLS,13,I,13,07,D,0119,3,GS-07,B,XXXX,8,10,P,2,199809,1,"$28,012",7.9
DLLS,13,D,13,11,D,0110,1,GS-11,D,XXXX,8,10,F,1,199809,1,"$42,758",7.4
DLLS,17,D,17,09,D,0110,1,GS-09,C,XXXX,8,15,F,1,199809,1,"$35,248",7.8
DLLS,17,F,13,12,F,0110,1,GS-12,E,XXXX,8,10,F,1,199809,1,"$57,503",18.0
DLLS,29,H,14,07,E,0119,3,GS-07,C,XXXX,8,10,P,2,199809,1,"$33,986",10.8
DLLS,11,H,19,13,H,0110,1,GS-13,F,XXXX,8,10,F,1,199809,1,"$65,296",28.1
DLLS,11,D,13,13,E,0110,1,GM-13,F,XXXX,2,10,F,1,199809,1,"$63,431",10.1
DLLS,11,D,13,11,D,0110,1,GS-11,E,XXXX,8,10,F,1,199809,1,"$51,049",9.0
DLLS,11,F,17,14,G,0110,1,GS-14,G,XXXX,2,10,F,1,199809,1,"$70,547",20.8
DLLS,17,F,13,12,G,0110,1,GS-12,F,XXXX,8,10,F,1,199809,1,"$60,699",23.3
DLLS,11,H,13,13,G,0110,1,GS-13,G,XXXX,8,10,F,1,199809,1,"$70,893",23.0
DLLS,17,E,13,11,F,0110,1,GS-11,E,XXXX,8,10,P,2,199809,1,"$51,972",15.0
DLLS,17,G,11,05,C,0119,3,GS-05,B,XXXX,8,15,P,2,199809,1,"$21,753",4.0
DLLS,17,G,07,07,E,0119,3,GS-07,C,XXXX,8,10,F,1,199809,1,"$32,411",10.2
DLLS,11,J,17,05,D,0119,3,GS-05,B,XXXX,8,15,P,2,199809,1,"$22,135",5.3
DLLS,11,E,17,09,A,0110,1,GS-09,C,XXXX,8,15,F,1,199809,1,"$32,457",0.3
DLLS,11,I,13,11,E,0110,1,GS-11,D,XXXX,8,10,F,1,199809,1,"$45,814",11.1
DLLS,11,E,13,13,D,0110,1,GS-13,E,XXXX,8,10,F,1,199809,1,"$59,700",9.7
DLLS,17,D,11,12,E,0110,1,GS-12,E,XXXX,8,10,F,1,199809,1,"$52,710",11.9
DLLS,11,F,13,12,D,0110,1,GS-12,E,XXXX,8,10,F,1,199809,1,"$51,774",8.2
DLLS,17,E,08,06,E,0119,3,GS-06,B,XXXX,8,10,F,1,199809,1,"$29,980",11.6
DLLS,17,D,13,12,D,0110,1,GS-12,E,XXXX,8,10,F,1,199809,1,"$54,308",9.6
DLLS,11,J,17,14,J,0110,1,GS-14,G,XXXX,8,10,F,1,199809,1,"$77,160",38.3
DLLS,17,H,13,13,H,0110,1,GM-13,G,XXXX,2,10,F,1,199809,1,"$72,318",27.3
DLLS,11,G,13,12,F,0110,1,GS-12,E,XXXX,8,10,F,1,199809,1,"$53,343",15.8
DLLS,11,E,13,14,D,0110,1,GS-14,G,XXXX,8,10,F,1,199809,1,"$72,752",8.0
DLLS,06,G,09,06,B,0119,3,GS-06,B,XXXX,8,15,P,2,199809,1,"$24,553",2.4
DLLS,17,D,13,11,D,0110,1,GS-11,D,XXXX,8,10,F,1,199809,1,"$43,978",7.5
DLLS,17,D,04,06,F,0119,3,GS-06,B,XXXX,8,10,F,1,199809,1,"$29,980",16.9
DLLS,29,G,08,05,B,0119,3,GS-05,B,XXXX,8,20,P,2,199809,1,"$21,813",1.0
DLLS,11,C,13,13,D,0110,1,GS-13,E,XXXX,8,10,F,1,199809,1,"$55,969",7.3
DLLS,48,K,13,12,J,0110,1,GS-12,F,XXXX,8,10,F,1,199809,1,"$63,865",40.2
DLLS,11,F,17,09,E,0110,1,GS-09,C,XXXX,8,15,F,1,199809,1,"$33,539",12.8
DLLS,13,C,13,11,D,0110,1,GS-11,D,XXXX,8,10,F,1,199809,1,"$42,758",5.8
DLLS,17,F,13,12,F,0110,1,GS-12,E,XXXX,8,10,F,1,199809,1,"$52,710",15.4
DLLS,13,J,08,07,C,0119,3,GS-07,B,XXXX,8,10,P,2,199809,1,"$28,012",4.9
DLLS,11,C,13,12,D,0110,1,GS-12,E,XXXX,8,10,F,1,199809,1,"$50,205",7.4
DLLS,06,C,13,09,B,0110,1,GS-09,C,XXXX,8,15,F,1,199809,1,"$33,906",1.3
DLLS,11,F,13,14,G,0110,1,GS-14,F,XXXX,2,10,F,1,199809,1,"$66,138",23.3
DLLS,17,B,13,09,B,0110,1,GS-09,C,XXXX,8,15,F,1,199809,1,"$33,044",1.5
DLLS,17,C,14,12,D,0110,1,GS-12,D,XXXX,8,10,F,1,199809,1,"$49,515",6.4
DLLS,26,H,17,05,C,0119,3,GS-05,B,XXXX,8,20,P,2,199809,1,"$22,566",4.7
DLLS,06,F,04,05,D,0119,3,GS-05,B,XXXX,8,20,P,2,199809,1,"$28,640",9.3
DLLS,06,C,13,09,B,0110,1,GS-09,C,XXXX,2,15,F,1,199809,1,"$33,376",1.5
DLLS,11,F,13,13,F,0110,1,GS-13,F,XXXX,8,10,P,2,199809,1,"$63,431",18.5
DLLS,11,D,13,11,D,0110,1,GS-11,C,XXXX,8,15,F,1,199809,1,"$39,270",6.1
DLLS,11,D,13,12,D,0110,1,GS-12,D,XXXX,8,10,F,1,199809,1,"$48,635",7.3
DLLS,11,D,13,13,E,0110,1,GS-13,E,XXXX,8,10,F,1,199809,1,"$57,835",10.3
DLLS,17,E,13,12,F,0110,1,GS-12,E,XXXX,8,10,F,1,199809,1,"$57,503",15.5
DLLS,17,D,13,12,D,0110,1,GS-12,E,XXXX,8,10,F,1,199809,1,"$51,112",6.8
DLLS,11,B,13,07,A,0110,1,GS-07,B,XXXX,8,15,F,1,199809,1,"$26,532",0.3
DLLS,11,F,21,13,E,0110,1,GS-13,F,XXXX,8,10,F,1,199809,1,"$67,162",10.0
DLLS,11,J,17,11,B,0110,1,GS-11,D,XXXX,8,15,F,1,199809,1,"$40,579",2.0
DLLS,11,D,17,12,E,0110,1,GS-12,E,XXXX,8,10,F,1,199809,1,"$53,343",10.0
DLLS,42,G,17,05,B,0119,3,GS-05,B,XXXX,8,20,P,2,199809,1,"$22,218",1.4
DLLS,11,C,13,11,D,0110,1,GS-11,D,XXXX,8,10,F,1,199809,1,"$41,888",5.6
DLLS,11,C,13,09,B,0110,1,GS-09,C,XXXX,8,15,F,1,199809,1,"$32,457",1.1
DLLS,11,I,17,12,F,0110,1,GS-12,E,XXXX,8,10,F,1,199809,1,"$54,913",19.8
DLLS,11,E,17,14,E,0110,1,GS-14,G,XXXX,2,10,F,1,199809,1,"$72,752",12.3
DLLS,11,H,17,13,H,0110,1,GS-13,F,XXXX,8,10,F,1,199809,1,"$69,027",26.9
DLLS,48,G,13,07,D,0119,3,GS-07,C,XXXX,8,10,P,2,199809,1,"$32,155",9.5
DLLS,11,G,17,11,F,0110,1,GS-11,E,XXXX,8,10,F,1,199809,1,"$51,049",18.8
DLLS,11,D,13,13,E,0110,1,GS-13,F,XXXX,8,10,P,2,199809,1,"$63,431",10.3
DLLS,48,D,13,11,D,0110,1,GS-11,D,XXXX,8,10,F,1,199809,1,"$43,738",7.3
DLLS,11,D,13,13,D,0110,1,GS-13,E,XXXX,8,10,F,1,199809,1,"$57,835",8.2
DLLS,11,D,13,12,D,0110,1,GS-12,E,XXXX,8,10,F,1,199809,1,"$53,343",9.3
DLLS,11,I,14,14,J,0110,1,GM-14,H,XXXX,5,10,F,1,199809,1,"$85,978",35.9
DLLS,11,G,17,11,F,0110,1,GS-11,D,XXXX,8,10,F,1,199809,1,"$41,888",15.4
DLLS,11,D,13,11,D,0110,1,GS-11,D,XXXX,8,10,F,1,199809,1,"$43,197",6.0
DLLS,17,I,14,15,J,0110,1,GS-15,I,XXXX,2,10,F,1,199809,1,"$92,408",36.8
DLLS,26,H,13,12,H,0110,1,GS-12,E,XXXX,8,10,F,1,199809,1,"$59,182",27.0
DLLS,11,B,13,07,A,0110,1,GS-07,B,XXXX,8,15,F,1,199809,1,"$26,532",0.0
DLLS,11,B,17,07,A,0110,1,GS-07,B,XXXX,8,15,F,1,199809,1,"$26,532",0.2
DLLS,17,D,13,11,D,0110,1,GS-11,D,XXXX,8,10,F,1,199809,1,"$45,310",8.1
DLLS,11,D,13,11,D,0110,1,GS-11,D,XXXX,8,10,F,1,199809,1,"$43,197",9.6
DLLS,11,B,13,07,A,0110,1,GS-07,B,XXXX,8,15,F,1,199809,1,"$26,532",0.3
DLLS,11,E,17,11,B,0110,1,GS-11,C,XXXX,8,15,F,1,199809,1,"$39,270",1.2
DLLS,17,E,13,11,E,0110,1,GS-11,D,XXXX,8,10,F,1,199809,1,"$41,313",11.0
DLLS,11,D,13,13,D,0110,1,GS-13,E,XXXX,8,10,F,1,199809,1,"$57,835",9.3
DLLS,11,C,13,09,C,0110,1,GS-09,C,XXXX,8,15,F,1,199809,1,"$33,539",4.0
DLLS,11,H,17,13,H,0110,1,GS-13,F,XXXX,8,10,F,1,199809,1,"$61,565",27.5
DLLS,55,F,13,12,F,0110,1,GS-12,E,XXXX,8,10,F,1,199809,1,"$55,913",19.2
DLLS,11,E,17,13,D,0110,1,GS-13,E,XXXX,2,10,F,1,199809,1,"$55,969",5.2
DLLS,06,I,13,12,I,0110,1,GS-12,F,XXXX,8,10,F,1,199809,1,"$63,922",32.9
DLLS,11,G,17,15,G,0110,1,GM-15,I,XXXX,2,10,F,1,199809,1,"$94,383",22.2
DLLS,17,G,13,13,H,0110,1,GM-13,G,XXXX,2,10,F,1,199809,1,"$71,229",27.0
DLLS,06,B,13,07,B,0110,1,GS-07,C,XXXX,8,15,F,1,199809,1,"$34,181",1.1
DLLS,13,E,17,12,E,0110,1,GS-12,E,XXXX,8,10,F,1,199809,1,"$52,801",13.0
DLLS,11,D,13,12,D,0110,1,GS-12,D,XXXX,8,10,F,1,199809,1,"$47,066",5.5
DLLS,48,E,13,12,E,0110,1,GS-12,E,XXXX,8,10,F,1,199809,1,"$53,159",10.3
DLLS,17,F,13,12,G,0110,1,GS-12,E,XXXX,8,10,F,1,199809,1,"$57,503",20.3
DLLS,55,E,13,05,A,0119,3,GS-05,B,XXXX,8,15,P,2,199809,1,"$21,051",0.9
DLLS,11,I,14,13,I,0110,1,GS-13,G,XXXX,8,10,F,1,199809,1,"$72,758",31.1
DLLS,11,D,13,11,D,0110,1,GS-11,D,XXXX,8,10,F,1,199809,1,"$43,197",6.1
DLLS,41,I,13,05,B,0119,3,GS-05,B,XXXX,8,15,P,2,199809,1,"$22,115",1.3
DLLS,36,F,21,12,E,0110,1,GS-12,E,XXXX,8,10,F,1,199809,1,"$57,793",10.1
DLLS,11,G,17,11,D,0110,1,GS-11,D,XXXX,8,10,F,1,199809,1,"$45,814",9.7
DLLS,55,E,13,11,E,0110,1,GS-11,D,XXXX,8,10,F,1,199809,1,"$45,353",12.9
DLLS,12,I,04,06,B,0119,3,GS-06,B,XXXX,8,20,P,2,199809,1,"$23,464",1.4
DLLS,55,E,17,05,B,0119,3,GS-05,B,XXXX,8,15,P,2,199809,1,"$21,753",1.0
DLLS,55,D,13,06,B,0119,3,GS-06,B,XXXX,8,15,P,2,199809,1,"$24,247",2.2
DLLS,55,I,13,12,I,0110,1,GS-12,F,XXXX,6,10,F,1,199809,1,"$60,574",33.7
DLLS,11,I,17,12,E,0110,1,GS-12,E,XXXX,8,10,F,1,199809,1,"$54,913",13.3
DLLS,12,G,13,11,G,0110,1,GS-11,C,XXXX,2,10,F,1,199809,1,"$39,879",22.2
DLLS,13,I,14,12,H,0110,1,GS-12,F,XXXX,8,10,F,1,199809,1,"$60,568",28.8
DLLS,11,I,14,12,H,0110,1,GS-12,F,XXXX,8,10,F,1,199809,1,"$61,190",29.8
DLLS,11,B,13,07,A,0110,1,GS-07,B,XXXX,8,15,F,1,199809,1,"$26,532",0.0
DLLS,12,J,08,07,F,0119,3,GS-07,C,XXXX,8,10,P,2,199809,1,"$33,893",18.0
DLLS,12,I,13,07,E,0119,3,GS-07,B,XXXX,8,10,P,2,199809,1,"$29,549",11.5
DLLS,11,C,21,12,A,0110,1,GS-12,E,XXXX,8,15,F,1,199809,1,"$56,482",0.1
DLLS,11,G,13,13,G,0110,1,GS-13,F,XXXX,8,10,F,1,199809,1,"$65,296",21.0
DLLS,11,D,13,11,D,0110,1,GS-11,D,XXXX,8,10,F,1,199809,1,"$44,505",8.3
DLLS,11,F,17,13,D,0110,1,GS-13,E,XXXX,2,10,F,1,199809,1,"$55,969",7.3
DLLS,11,G,13,13,G,0110,1,GS-13,F,XXXX,8,10,F,1,199809,1,"$61,565",21.3
DLLS,47,F,17,05,A,0119,3,GS-05,B,XXXX,8,15,P,2,199809,1,"$21,051",0.2
DLLS,11,E,13,14,E,0110,1,GS-14,G,XXXX,2,10,F,1,199809,1,"$70,547",14.0
DLLS,13,I,04,07,D,0119,3,GS-07,B,XXXX,8,10,F,1,199809,1,"$29,762",6.1
DLLS,11,I,17,13,G,0110,1,GS-13,G,XXXX,8,10,F,1,199809,1,"$70,893",21.7
DLLS,17,G,18,05,B,0119,3,GS-05,B,XXXX,8,15,P,2,199809,1,"$21,753",1.5
DLLS,11,H,17,13,G,0110,1,GS-13,F,XXXX,8,10,F,1,199809,1,"$67,162",23.0
DLLS,45,I,04,07,D,0119,3,GS-07,B,XXXX,8,10,P,2,199809,1,"$28,681",8.3
DLLS,37,E,17,12,E,0110,1,GS-12,E,XXXX,8,10,F,1,199809,1,"$50,881",14.3
DLLS,47,H,04,07,E,0119,3,GS-07,B,XXXX,8,10,P,2,199809,1,"$29,549",12.3
DLLS,11,D,13,13,D,0110,1,GS-13,E,XXXX,2,10,F,1,199809,1,"$59,700",9.9
DLLS,13,G,13,14,F,0110,1,GS-14,G,XXXX,2,10,F,1,199809,1,"$72,012",18.3
DLLS,13,F,13,13,F,0110,1,GS-13,F,XXXX,2,10,F,1,199809,1,"$60,940",18.3
DLLS,01,H,14,07,E,0119,3,GS-07,B,XXXX,8,10,P,2,199809,1,"$29,549",13.1
DLLS,13,G,13,13,H,0110,1,GM-13,G,XXXX,2,10,F,1,199809,1,"$70,384",26.4
DLLS,11,F,13,07,B,0110,1,GS-07,B,XXXX,8,15,F,1,199809,1,"$26,532",1.6
DLLS,11,B,13,09,B,0110,1,GS-09,C,XXXX,8,15,F,1,199809,1,"$32,457",1.1
DLLS,48,E,13,12,E,0110,1,GS-12,E,XXXX,8,10,F,1,199809,1,"$54,723",11.5
DLLS,01,K,11,07,E,0119,3,GS-07,B,XXXX,8,10,P,2,199809,1,"$29,549",13.1
DLLS,48,H,13,12,G,0110,1,GS-12,F,XXXX,8,10,F,1,199809,1,"$60,979",23.2
DLLS,01,K,04,06,G,0119,3,GS-06,C,XXXX,8,10,P,2,199809,1,"$30,626",21.0
DLLS,11,C,13,09,B,0110,1,GS-09,C,XXXX,8,15,F,1,199809,1,"$32,457",1.5
DLLS,13,C,13,07,B,0110,1,GS-07,B,XXXX,8,15,F,1,199809,1,"$26,263",2.2
DLLS,24,H,17,11,D,0110,1,GS-11,D,XXXX,8,10,F,1,199809,1,"$45,814",9.2
DLLS,11,C,17,09,B,0110,1,GS-09,C,XXXX,8,15,F,1,199809,1,"$32,457",1.7
DLLS,11,H,15,14,H,0110,1,GM-14,H,XXXX,2,10,F,1,199809,1,"$83,524",28.3
DLLS,28,J,08,07,E,0119,3,GS-07,C,XXXX,8,10,F,1,199809,1,"$30,418",12.4
DLLS,13,E,14,11,E,0110,1,GS-11,D,XXXX,8,10,F,1,199809,1,"$46,644",12.0
DLLS,42,G,14,12,G,0110,1,GS-12,F,XXXX,2,10,F,1,199809,1,"$61,418",24.7
DLLS,08,C,13,11,C,0110,1,GS-11,D,XXXX,2,10,F,1,199809,1,"$41,029",3.7
DLLS,48,C,13,11,C,0110,1,GS-11,D,XXXX,2,10,F,1,199809,1,"$40,439",3.2
DLLS,02,H,13,05,B,0119,3,GS-05,A,XXXX,8,15,P,2,199809,1,"$19,969",1.2
DLLS,05,G,09,07,D,0119,3,GS-07,B,XXXX,8,10,P,2,199809,1,"$28,681",6.9
DLLS,05,I,04,07,D,0119,3,GS-07,B,XXXX,8,10,P,2,199809,1,"$28,681",7.8
DLLS,13,D,13,12,E,0110,1,GS-12,E,XXXX,8,10,F,1,199809,1,"$51,248",12.1
DLLS,05,E,04,05,A,0119,3,GS-05,B,XXXX,8,20,P,2,199809,1,"$21,051",0.9
DLLS,17,H,14,13,H,0110,1,GM-13,G,XXXX,2,10,F,1,199809,1,"$70,283",28.3
DLLS,22,I,13,06,D,0119,3,GS-06,B,XXXX,8,15,P,2,199809,1,"$24,247",9.7
DLLS,11,E,13,12,D,0110,1,GS-12,E,XXXX,8,10,F,1,199809,1,"$50,205",6.2
DLLS,11,D,13,13,D,0110,1,GS-13,E,XXXX,8,10,F,1,199809,1,"$57,835",7.3
DLLS,28,G,10,05,B,0119,3,GS-05,B,XXXX,8,20,P,2,199809,1,"$21,753",1.5
DLLS,11,G,13,13,G,0110,1,GM-13,F,XXXX,2,10,F,1,199809,1,"$65,296",20.0
DLLS,34,F,17,05,A,0119,3,GS-05,B,XXXX,8,20,P,2,199809,1,"$23,299",0.6
DLLS,22,F,13,05,B,0119,3,GS-05,B,XXXX,8,20,P,2,199809,1,"$21,753",1.5
DLLS,11,C,04,06,D,0119,3,GS-06,B,XXXX,8,10,F,1,199809,1,"$27,060",7.6
DLLS,11,C,04,12,D,0110,1,GS-12,D,XXXX,8,10,F,1,199809,1,"$48,635",6.3
DLLS,22,I,09,07,E,0119,3,GS-07,C,XXXX,8,10,P,2,199809,1,"$30,418",12.7
DLLS,36,D,13,11,D,0110,1,GS-11,D,XXXX,8,10,F,1,199809,1,"$44,199",7.5
DLLS,28,J,08,07,E,0119,3,GS-07,B,XXXX,8,10,P,2,199809,1,"$29,549",14.3
DLLS,48,K,13,05,B,0119,3,GS-05,B,XXXX,8,20,P,2,199809,1,"$23,103",2.8
DLLS,22,J,04,07,G,0119,3,GS-07,C,XXXX,8,10,P,2,199809,1,"$32,155",21.3
DLLS,48,J,04,07,D,0119,3,GS-07,B,XXXX,8,10,P,2,199809,1,"$28,681",6.7
DLLS,11,G,13,14,H,0110,1,GM-14,G,XXXX,2,10,F,1,199809,1,"$79,026",26.9
DLLS,48,G,13,07,D,0119,3,GS-07,B,XXXX,8,10,P,2,199809,1,"$29,537",5.2
DLLS,11,C,13,09,B,0110,1,GS-09,C,XXXX,8,15,F,1,199809,1,"$32,457",1.1
DLLS,06,C,08,09,D,0110,1,GS-09,C,XXXX,8,10,F,1,199809,1,"$33,906",8.8
DLLS,22,C,13,05,C,0119,3,GS-05,B,XXXX,8,20,P,2,199809,1,"$21,051",3.0
DLLS,11,C,04,06,D,0119,3,GS-06,B,XXXX,8,10,F,1,199809,1,"$27,856",8.8
DLLS,22,J,06,07,F,0119,3,GS-07,C,XXXX,8,10,P,2,199809,1,"$30,418",15.7
DLLS,11,D,17,09,B,0110,1,GS-09,C,XXXX,8,15,F,1,199809,1,"$32,457",1.1
DLLS,11,D,13,09,B,0110,1,GS-09,C,XXXX,8,15,F,1,199809,1,"$32,457",2.0
DLLS,28,I,07,07,G,0119,3,GS-07,C,XXXX,8,10,P,2,199809,1,"$31,287",22.8
DLLS,11,H,14,12,H,0110,1,GS-12,F,XXXX,8,10,F,1,199809,1,"$61,190",28.3
DLLS,11,H,13,11,G,0110,1,GS-11,E,XXXX,8,10,F,1,199809,1,"$51,049",24.4
DLLS,11,E,21,13,C,0110,1,GS-13,F,XXXX,8,10,F,1,199809,1,"$63,431",3.0
DLLS,06,J,13,07,F,0119,3,GS-07,C,XXXX,8,10,P,2,199809,1,"$32,738",17.2
DLLS,53,I,14,12,I,0110,1,GS-12,E,XXXX,8,10,F,1,199809,1,"$56,519",30.7
DLLS,11,D,13,13,E,0110,1,GS-13,F,XXXX,2,10,F,1,199809,1,"$61,565",10.3
DLLS,40,E,13,07,E,0119,3,GS-07,C,XXXX,8,10,F,1,199809,1,"$33,024",14.9
DLLS,11,C,13,07,C,0110,1,GS-07,B,XXXX,8,15,F,1,199809,1,"$26,532",3.7
DLLS,48,F,13,12,F,0110,1,GS-12,E,XXXX,8,10,F,1,199809,1,"$56,287",18.1
DLLS,29,C,13,11,C,0110,1,GS-11,C,XXXX,8,10,F,1,199809,1,"$39,989",3.4
DLLS,08,I,15,05,A,0119,3,GS-05,B,XXXX,8,20,P,2,199809,1,"$21,658",0.5
DLLS,40,J,13,05,A,0119,3,GS-05,B,XXXX,8,20,P,2,199809,1,"$21,051",0.8
DLLS,40,H,13,05,D,0119,3,GS-05,B,XXXX,8,20,P,2,199809,1,"$21,753",5.4
DLLS,11,D,17,12,D,0110,1,GS-12,E,XXXX,8,10,F,1,199809,1,"$50,205",6.3
DLLS,40,H,07,05,D,0119,3,GS-05,B,XXXX,8,20,P,2,199809,1,"$23,860",7.6
DLLS,36,G,13,07,G,0119,3,GS-07,Z,XXXX,8,10,P,2,199809,1,,20.1
DLLS,40,G,17,12,G,0110,1,GS-12,E,XXXX,8,10,F,1,199809,1,"$55,508",20.3
DLLS,48,F,07,06,D,0119,3,GS-06,B,XXXX,8,10,P,2,199809,1,"$25,811",6.3
DLLS,48,I,17,05,A,0119,3,GS-05,B,XXXX,8,20,P,2,199809,1,"$21,051",0.8
DLLS,48,C,13,05,A,0119,3,GS-05,B,XXXX,8,20,P,2,199809,1,"$21,347",0.7
DLLS,48,D,13,12,D,0110,1,GS-12,E,XXXX,8,10,F,1,199809,1,"$51,595",7.4
DLLS,08,H,14,07,G,0119,3,GS-07,C,XXXX,8,10,P,2,199809,1,"$33,082",20.3
DLLS,48,H,17,11,D,0110,1,GS-11,D,XXXX,8,10,F,1,199809,1,"$42,353",5.3
DLLS,48,H,17,05,A,0119,3,GS-05,B,XXXX,8,20,P,2,199809,1,"$22,357",0.8
DLLS,48,D,13,12,E,0110,1,GS-12,E,XXXX,8,10,F,1,199809,1,"$54,723",14.1
DLLS,25,H,13,12,G,0110,1,GS-12,E,XXXX,2,10,F,1,199809,1,"$57,188",24.2
DLLS,48,E,13,05,A,0119,3,GS-05,B,XXXX,8,20,P,2,199809,1,"$21,347",0.7
DLLS,48,D,17,05,A,0119,3,GS-05,B,XXXX,8,20,P,2,199809,1,"$21,051",0.8
DLLS,48,H,13,07,E,0119,3,GS-07,C,XXXX,8,10,P,2,199809,1,"$30,418",11.5
DLLS,48,E,13,11,D,0110,1,GS-11,D,XXXX,8,10,F,1,199809,1,"$44,352",8.2
DLLS,11,C,13,12,D,0110,1,GS-12,D,XXXX,8,10,F,1,199809,1,"$48,635",7.9
DLLS,13,H,13,12,G,0110,1,GS-12,E,XXXX,8,10,F,1,199809,1,"$55,908",24.4
DLLS,05,G,07,06,C,0119,3,GS-06,B,XXXX,8,10,P,2,199809,1,"$25,811",4.2
DLLS,48,J,13,05,B,0119,3,GS-05,B,XXXX,8,20,P,2,199809,1,"$22,357",2.6
DLLS,48,I,07,06,C,0119,3,GS-06,B,XXXX,8,10,P,2,199809,1,"$27,412",4.9
DLLS,48,I,13,12,H,0110,1,GS-12,E,XXXX,8,10,F,1,199809,1,"$59,415",28.8
DLLS,48,F,17,13,G,0110,1,GM-13,F,XXXX,2,10,F,1,199809,1,"$67,863",20.0
DLLS,48,G,13,05,A,0119,3,GS-05,B,XXXX,8,20,P,2,199809,1,"$21,347",0.8
DLLS,48,C,13,12,D,0110,1,GS-12,D,XXXX,8,10,F,1,199809,1,"$46,903",6.3
DLLS,11,F,13,14,E,0110,1,GS-14,F,XXXX,2,10,F,1,199809,1,"$66,138",12.1
DLLS,11,B,13,07,A,0110,1,GS-07,B,XXXX,8,15,F,1,199809,1,"$26,532",0.1
DLLS,48,I,13,13,I,0110,1,GM-13,G,XXXX,2,10,F,1,199809,1,"$72,507",34.0
DLLS,11,C,13,07,A,0110,1,GS-07,B,XXXX,8,15,F,1,199809,1,"$26,532",0.3
DLLS,48,H,13,12,F,0110,1,GS-12,F,XXXX,8,10,F,1,199809,1,"$60,979",15.8
DLLS,11,G,17,12,G,0110,1,GS-12,E,XXXX,8,10,F,1,199809,1,"$59,621",21.4
DLLS,48,D,13,11,D,0110,1,GS-11,D,XXXX,8,10,F,1,199809,1,"$43,048",7.4
DLLS,48,H,04,11,E,0110,1,GS-11,D,XXXX,8,10,F,1,199809,1,"$42,353",11.3
DLLS,11,G,19,13,F,0110,1,GS-13,F,XXXX,8,10,F,1,199809,1,"$63,431",18.3
DLLS,48,F,17,05,D,0119,3,GS-05,B,XXXX,8,15,P,2,199809,1,"$21,753",6.7
DLLS,13,F,13,06,B,0119,3,GS-06,B,XXXX,8,15,P,2,199809,1,"$23,464",1.9
DLLS,48,D,13,05,A,0119,3,GS-05,B,XXXX,8,20,P,2,199809,1,"$21,051",0.8
DLLS,48,D,13,06,B,0119,3,GS-06,B,XXXX,8,20,P,2,199809,1,"$24,247",2.4
DLLS,48,H,14,06,D,0119,3,GS-06,B,XXXX,8,10,P,2,199809,1,"$26,173",6.1
DLLS,48,H,13,12,G,0110,1,GS-12,E,XXXX,8,10,F,1,199809,1,"$54,723",21.2
DLLS,48,I,04,07,G,0119,3,GS-07,C,XXXX,8,10,P,2,199809,1,"$32,155",21.7
DLLS,11,I,15,13,I,0110,1,GM-13,G,XXXX,2,10,F,1,199809,1,"$72,519",31.3
DLLS,48,H,13,07,E,0110,1,GS-07,C,XXXX,8,10,F,1,199809,1,"$34,368",13.0
DLLS,42,E,13,12,D,0110,1,GS-12,E,XXXX,8,10,F,1,199809,1,"$50,392",8.3
DLLS,11,F,21,12,B,0110,1,GS-12,D,XXXX,8,15,F,1,199809,1,"$47,066",2.1
DLLS,48,E,13,05,B,0110,1,GS-05,B,XXXX,8,38,F,1,199809,1,"$22,059",2.9
DLLS,48,E,17,09,B,0110,1,GS-09,C,XXXX,8,15,F,1,199809,1,"$32,345",1.0
DLLS,29,D,13,11,C,0110,1,GS-11,D,XXXX,8,10,F,1,199809,1,"$41,415",4.6
DLLS,06,F,17,09,B,0110,1,GS-09,C,XXXX,8,15,F,1,199809,1,"$33,906",1.3
DLLS,48,H,17,07,E,0119,3,GS-07,B,XXXX,8,10,P,2,199809,1,"$29,083",11.7
DLLS,48,H,13,14,H,0110,1,GS-14,G,XXXX,2,10,F,1,199809,1,"$79,091",29.1
DLLS,48,E,17,07,A,0110,1,GS-07,B,XXXX,8,15,F,1,199809,1,"$26,441",0.9
DLLS,48,D,04,07,E,0119,3,GS-07,B,XXXX,8,10,F,1,199809,1,"$29,083",14.1
DLLS,48,C,13,09,D,0110,1,GS-09,C,XXXX,2,15,F,1,199809,1,"$33,423",5.9
DLLS,11,D,13,12,D,0110,1,GS-12,D,XXXX,8,10,F,1,199809,1,"$48,635",8.8
DLLS,48,G,13,12,G,0110,1,GS-12,E,XXXX,8,10,F,1,199809,1,"$59,415",24.2
DLLS,11,D,17,12,C,0110,1,GS-12,D,XXXX,8,10,F,1,199809,1,"$48,635",4.3
DLLS,40,K,13,05,A,0119,3,GS-05,B,XXXX,8,20,P,2,199809,1,"$21,051",0.3
DLLS,48,G,13,12,G,0110,1,GS-12,E,XXXX,8,10,F,1,199809,1,"$59,415",23.7
DLLS,48,D,13,07,A,0110,1,GS-07,B,XXXX,8,15,F,1,199809,1,"$26,441",0.6
DLLS,48,G,13,12,G,0110,1,GS-12,E,XXXX,8,10,F,1,199809,1,"$58,951",23.8
DLLS,48,E,13,12,D,0110,1,GS-12,E,XXXX,2,10,F,1,199809,1,"$51,595",8.0
DLLS,48,C,13,11,C,0110,1,GS-11,D,XXXX,8,10,F,1,199809,1,"$40,439",3.7
DLLS,48,G,13,14,H,0110,1,GM-14,H,XXXX,2,10,F,1,199809,1,"$83,371",26.2
DLLS,11,G,13,12,G,0110,1,GS-12,E,XXXX,8,10,F,1,199809,1,"$54,913",21.5
DLLS,11,I,17,12,G,0110,1,GS-12,E,XXXX,8,10,F,1,199809,1,"$56,482",21.7
DLLS,11,B,13,07,A,0110,1,GS-07,B,XXXX,8,15,F,1,199809,1,"$26,532",0.2
DLLS,06,I,13,06,B,0119,3,GS-06,B,XXXX,8,15,P,2,199809,1,"$24,942",1.6
DLLS,13,H,14,13,G,0110,1,GM-13,G,XXXX,2,10,F,1,199809,1,"$72,019",24.6
DLLS,29,K,17,15,J,0110,1,GM-15,J,XXXX,2,10,F,1,199809,1,"$100,001",38.8
DLLS,06,D,17,11,B,0110,1,GS-11,D,XXXX,8,15,F,1,199809,1,"$41,024",1.0
DLLS,32,J,08,05,C,0119,3,GS-05,B,XXXX,8,15,P,2,199809,1,"$21,753",4.8
DLLS,51,E,13,11,D,0110,1,GS-11,D,XXXX,8,10,F,1,199809,1,"$42,733",5.8
DLLS,46,D,14,06,B,0119,3,GS-06,B,XXXX,8,15,P,2,199809,1,"$24,247",2.3
DLLS,46,G,13,06,B,0119,3,GS-06,B,XXXX,8,15,P,2,199809,1,"$24,247",2.3
DLLS,06,F,17,05,D,0119,3,GS-05,B,XXXX,8,20,P,2,199809,1,"$22,273",5.5
DLLS,48,E,13,12,F,0110,1,GS-12,E,XXXX,8,10,F,1,199809,1,"$50,031",17.0
DLLS,27,E,15,11,E,0110,1,GS-11,D,XXXX,8,10,F,1,199809,1,"$47,145",12.9
DLLS,01,H,04,05,C,0119,3,GS-05,B,XXXX,8,20,P,2,199809,1,"$21,051",4.3
DLLS,48,E,13,11,C,0110,1,GS-11,D,XXXX,2,10,F,1,199809,1,"$40,439",3.3
DLLS,11,H,21,09,C,0110,1,GS-09,D,XXXX,8,15,F,1,199809,1,"$42,198",4.7
DLLS,27,I,14,12,I,0110,1,GS-12,F,XXXX,6,10,F,1,199809,1,"$61,219",32.8
DLLS,06,H,13,07,E,0119,3,GS-07,C,XXXX,8,10,P,2,199809,1,"$34,181",13.3
DLLS,06,J,13,12,J,0110,1,GS-12,F,XXXX,8,10,F,1,199809,1,"$63,922",38.9
DLLS,25,I,13,12,E,0110,1,GS-12,E,XXXX,8,10,F,1,199809,1,"$55,599",10.8
DLLS,11,E,13,11,E,0110,1,GS-11,D,XXXX,8,10,F,1,199809,1,"$45,814",12.4
DLLS,29,E,17,12,E,0110,1,GS-12,E,XXXX,8,10,F,1,199809,1,"$52,742",11.9
DLLS,11,E,04,06,E,0119,3,GS-06,B,XXXX,8,10,F,1,199809,1,"$28,652",11.2
DLLS,11,F,21,,D,0110,1,EX-04,K,XXXX,*,46,F,2,199809,1,"$118,400",5.3
DLLS,11,F,14,12,F,0110,1,GS-12,E,XXXX,8,10,F,1,199809,1,"$56,482",19.3
DLLS,19,K,06,07,F,0119,3,GS-07,C,XXXX,8,10,P,2,199809,1,"$30,418",15.8
DLLS,11,C,13,07,B,0110,1,GS-07,B,XXXX,8,15,F,1,199809,1,"$26,532",2.0
DLLS,48,K,13,06,E,0119,3,GS-06,C,XXXX,8,20,P,2,199809,1,"$30,504",14.1
DLLS,29,F,13,13,F,0110,1,GM-13,F,XXXX,4,10,F,1,199809,1,"$64,560",18.1
DLLS,11,F,13,14,F,0110,1,GS-14,G,XXXX,2,10,F,1,199809,1,"$72,752",19.9
DLLS,19,J,07,06,G,0119,3,GS-06,B,XXXX,8,30,P,2,199809,1,"$29,722",21.4
DLLS,34,G,13,05,A,0119,3,GS-05,B,XXXX,8,20,P,2,199809,1,"$23,299",0.6
DLLS,08,B,13,07,A,0110,1,GS-07,Z,XXXX,8,15,F,1,199809,1,,0.3
DLLS,11,H,14,14,H,0110,1,GM-14,H,XXXX,2,10,F,1,199809,1,"$85,978",26.5
DLLS,11,C,13,12,D,0110,1,GS-12,E,XXXX,8,10,F,1,199809,1,"$50,205",5.6
DLLS,29,C,13,11,D,0110,1,GS-11,D,XXXX,8,10,F,1,199809,1,"$42,709",6.3
DLLS,29,G,13,14,G,0110,1,GM-14,G,XXXX,2,10,F,1,199809,1,"$78,478",22.2
DLLS,11,F,04,11,G,0110,1,GS-11,D,XXXX,8,10,P,2,199809,1,"$47,123",20.9
DLLS,29,G,13,07,E,0119,3,GS-07,B,XXXX,8,10,P,2,199809,1,"$29,729",10.9
DLLS,29,F,04,12,G,0110,1,GS-12,E,XXXX,8,10,F,1,199809,1,"$52,742",22.2
DLLS,11,H,17,15,H,0110,1,GM-15,I,XXXX,2,10,F,1,199809,1,"$97,068",27.3
DLLS,29,H,17,12,G,0110,1,GS-12,E,XXXX,8,10,F,1,199809,1,"$55,661",22.6
DLLS,29,H,17,12,F,0110,1,GS-12,E,XXXX,8,10,F,1,199809,1,"$55,845",16.0
DLLS,29,G,14,11,E,0110,1,GS-11,C,XXXX,8,10,F,1,199809,1,"$38,828",14.4
DLLS,29,F,13,12,E,0110,1,GS-12,E,XXXX,8,10,F,1,199809,1,"$52,742",12.8
DLLS,29,I,17,06,D,0119,3,GS-06,B,XXXX,8,10,P,2,199809,1,"$24,394",5.2
DLLS,29,I,08,07,E,0119,3,GS-07,B,XXXX,8,10,P,2,199809,1,"$29,549",12.7
DLLS,29,H,13,13,H,0110,1,GM-13,F,XXXX,2,10,F,1,199809,1,"$69,174",26.9
DLLS,29,D,13,12,E,0110,1,GS-12,E,XXXX,8,10,F,1,199809,1,"$55,845",13.6
DLLS,29,K,17,07,F,0119,3,GS-07,B,XXXX,8,10,P,2,199809,1,"$29,549",17.1
DLLS,11,G,13,13,F,0110,1,GM-13,F,XXXX,2,10,F,1,199809,1,"$67,167",19.1
DLLS,29,B,13,09,B,0110,1,GS-09,C,XXXX,8,15,F,1,199809,1,"$32,091",1.1
DLLS,11,E,17,11,C,0110,1,GS-11,D,XXXX,8,10,F,1,199809,1,"$40,579",3.4
DLLS,48,G,13,13,G,0110,1,GM-13,F,XXXX,2,10,F,1,199809,1,"$69,730",24.2
DLLS,11,D,13,07,D,0110,1,GS-07,B,XXXX,8,15,F,1,199809,1,"$26,532",6.7
DLLS,29,C,13,07,A,0110,1,GS-07,B,XXXX,8,15,F,1,199809,1,"$26,233",0.1
DLLS,29,D,13,12,D,0110,1,GS-12,E,XXXX,8,10,F,1,199809,1,"$52,742",9.8
DLLS,11,H,17,,G,0110,1,ES-04,L,XXXX,2,50,F,1,199809,1,"$122,824",24.8
DLLS,17,H,04,07,H,0119,3,GS-07,C,XXXX,8,10,F,1,199809,1,"$33,311",28.4
DLLS,29,H,13,11,F,0110,1,GS-11,D,XXXX,8,10,F,1,199809,1,"$47,727",17.6
DLLS,06,G,13,14,H,0110,1,GM-14,H,XXXX,2,10,F,1,199809,1,"$87,021",27.3
DLLS,29,H,13,11,D,0110,1,GS-11,C,XXXX,8,10,F,1,199809,1,"$38,828",8.3
DLLS,29,H,13,07,F,0119,3,GS-07,C,XXXX,8,30,P,2,199809,1,"$30,502",18.1
DLLS,29,K,13,07,E,0119,3,GS-07,B,XXXX,8,10,P,2,199809,1,"$28,759",14.2
DLLS,29,I,13,07,G,0119,3,GS-07,C,XXXX,8,10,P,2,199809,1,"$32,350",23.9
DLLS,29,G,17,13,G,0110,1,GM-13,F,XXXX,2,10,F,1,199809,1,"$68,254",20.5
DLLS,29,G,13,06,C,0119,3,GS-06,B,XXXX,8,10,P,2,199809,1,"$24,313",4.5
DLLS,29,E,13,11,D,0110,1,GS-11,D,XXXX,8,10,F,1,199809,1,"$42,709",7.1
DLLS,11,I,22,14,H,0110,1,GS-14,H,XXXX,8,10,F,1,199809,1,"$85,978",29.5
DLLS,29,K,13,12,F,0110,1,GS-12,E,XXXX,2,10,F,1,199809,1,"$54,293",19.9
DLLS,29,C,13,11,C,0110,1,GS-11,C,XXXX,8,10,F,1,199809,1,"$38,828",3.6
DLLS,11,C,17,11,B,0110,1,GS-11,C,XXXX,8,15,F,1,199809,1,"$39,270",1.1
DLLS,31,K,13,06,B,0119,3,GS-06,B,XXXX,8,15,P,2,199809,1,"$23,464",1.9
DLLS,29,H,13,13,H,0110,1,GM-13,F,XXXX,2,10,F,1,199809,1,"$68,254",26.3
DLLS,32,G,06,05,A,0119,3,GS-05,B,XXXX,8,15,P,2,199809,1,"$21,051",0.3
DLLS,49,K,07,07,E,0119,3,GS-07,B,XXXX,8,10,P,2,199809,1,"$29,549",14.3
DLLS,11,C,13,11,C,0110,1,GS-11,C,XXXX,8,10,F,1,199809,1,"$39,270",3.1
DLLS,08,C,17,09,B,0110,1,GS-09,C,XXXX,8,15,F,1,199809,1,"$32,817",1.1
DLLS,01,F,04,05,C,0119,3,GS-05,B,XXXX,8,20,P,2,199809,1,"$21,051",4.5
DLLS,29,E,17,11,D,0110,1,GS-11,D,XXXX,8,10,F,1,199809,1,"$41,415",5.8
DLLS,29,E,17,13,E,0110,1,GS-13,E,XXXX,2,10,F,1,199809,1,"$59,027",13.0
DLLS,29,D,14,11,D,0110,1,GS-11,D,XXXX,8,10,F,1,199809,1,"$42,709",6.2
DLLS,29,B,13,07,B,0110,1,GS-07,B,XXXX,8,15,F,1,199809,1,"$27,107",1.0
DLLS,01,K,11,11,F,0110,1,GS-11,C,XXXX,2,10,F,1,199809,1,"$38,747",19.9
DLLS,31,J,09,05,A,0119,3,GS-05,B,XXXX,8,20,P,2,199809,1,"$21,051",0.5
DLLS,29,H,18,12,E,0110,1,GS-12,E,XXXX,8,10,F,1,199809,1,"$51,190",12.3
DLLS,11,G,07,13,H,0110,1,GM-13,F,XXXX,2,10,F,1,199809,1,"$65,296",29.0
DLLS,29,F,06,07,F,0119,3,GS-07,C,XXXX,8,10,F,1,199809,1,"$32,350",17.4
DLLS,29,C,13,09,E,0110,1,GS-09,C,XXXX,8,10,F,1,199809,1,"$32,091",11.3
DLLS,29,K,04,06,G,0119,3,GS-06,B,XXXX,8,10,P,2,199809,1,"$29,903",22.4
DLLS,08,C,17,07,A,0110,1,GS-07,B,XXXX,8,15,F,1,199809,1,"$26,826",0.1
DLLS,48,H,17,15,H,0110,1,GM-15,I,XXXX,2,10,F,1,199809,1,"$98,583",29.4
DLLS,11,G,18,13,H,0110,1,GS-13,G,XXXX,8,10,F,1,199809,1,"$72,758",26.3
DLLS,13,G,10,05,G,0119,3,GS-05,B,XXXX,8,20,P,2,199809,1,"$27,568",23.3
DLLS,11,D,17,11,D,0110,1,GS-11,D,XXXX,8,10,F,1,199809,1,"$48,431",9.3
DLLS,11,D,13,13,D,0110,1,GS-13,E,XXXX,8,10,F,1,199809,1,"$55,969",7.6
DLLS,11,H,13,12,D,0110,1,GS-12,E,XXXX,8,10,F,1,199809,1,"$50,205",9.3
DLLS,29,K,16,06,D,0119,3,GS-06,B,XXXX,8,10,P,2,199809,1,"$25,968",8.0
DLLS,20,I,04,06,C,0119,3,GS-06,B,XXXX,8,15,P,2,199809,1,"$23,464",4.5
DLLS,11,F,13,14,G,0110,1,GS-14,G,XXXX,2,10,F,1,199809,1,"$70,547",23.8
DLLS,20,F,13,06,B,0119,3,GS-06,B,XXXX,8,15,P,2,199809,1,"$23,464",1.6
DLLS,29,E,14,12,D,0110,1,GS-12,D,XXXX,8,10,F,1,199809,1,"$46,535",6.0
DLLS,18,C,13,09,B,0110,1,GS-09,C,XXXX,8,15,F,1,199809,1,"$31,960",1.0
DLLS,13,D,13,11,D,0110,1,GS-11,D,XXXX,8,10,F,1,199809,1,"$42,758",7.3
DLLS,11,G,17,12,D,0110,1,GS-12,D,XXXX,8,10,F,1,199809,1,"$48,635",5.5
DLLS,53,K,04,07,G,0119,3,GS-07,C,XXXX,8,10,P,2,199809,1,"$32,741",22.1
DLLS,06,I,13,13,I,0110,1,GS-13,G,XXXX,4,10,F,1,199809,1,"$76,007",34.2
DLLS,11,D,21,13,D,0110,1,GS-13,F,XXXX,8,10,P,2,199809,1,"$61,565",5.8
DLLS,11,D,17,09,C,0110,1,GS-09,C,XXXX,8,15,F,1,199809,1,"$32,457",4.5
DLLS,11,H,17,13,D,0110,1,GS-13,F,XXXX,8,10,F,1,199809,1,"$61,565",9.7
DLLS,02,G,17,06,C,0119,3,GS-06,B,XXXX,8,10,P,2,199809,1,"$23,000",3.1
DLLS,53,E,13,07,D,0119,3,GS-07,B,XXXX,8,10,P,2,199809,1,"$29,549",9.9
DLLS,11,H,21,13,H,0110,1,GS-13,G,XXXX,8,10,F,1,199809,1,"$72,758",26.0
DLLS,53,F,13,05,A,0119,3,GS-05,B,XXXX,8,15,P,2,199809,1,"$21,051",0.7
DLLS,16,F,13,06,B,0119,3,GS-06,B,XXXX,8,15,P,2,199809,1,"$23,464",1.6
DLLS,11,E,17,12,C,0110,1,GS-12,D,XXXX,8,10,F,1,199809,1,"$47,066",3.4
DLLS,11,G,17,12,C,0110,1,GS-12,D,XXXX,8,10,F,1,199809,1,"$47,066",4.8
DLLS,08,H,17,07,F,0119,3,GS-07,C,XXXX,8,10,P,2,199809,1,"$32,189",15.9
DLLS,08,C,13,12,D,0110,1,GS-12,D,XXXX,8,10,F,1,199809,1,"$47,588",7.3
DLLS,48,E,04,05,D,0119,3,GS-05,B,XXXX,8,20,P,2,199809,1,"$27,370",9.6
DLLS,08,J,04,06,D,0119,3,GS-06,B,XXXX,8,15,P,2,199809,1,"$25,751",5.3
DLLS,11,F,17,12,E,0110,1,GS-12,E,XXXX,8,10,F,1,199809,1,"$53,343",10.8
DLLS,06,C,13,09,B,0110,1,GS-09,C,XXXX,8,15,F,1,199809,1,"$33,376",1.6
DLLS,08,H,07,07,G,0119,3,GS-07,C,XXXX,8,10,P,2,199809,1,"$32,155",20.9
DLLS,48,H,14,11,G,0110,1,GS-11,E,XXXX,8,10,F,1,199809,1,"$53,281",24.4
DLLS,41,G,13,05,B,0119,3,GS-05,B,XXXX,8,15,P,2,199809,1,"$21,753",1.4
DLLS,11,F,21,15,D,0110,1,GS-15,H,XXXX,8,10,F,1,199809,1,"$85,579",7.0
DLLS,04,F,09,07,E,0119,3,GS-07,C,XXXX,8,10,P,2,199809,1,"$30,418",11.8
DLLS,35,I,05,07,F,0119,3,GS-07,C,XXXX,8,10,P,2,199809,1,"$32,155",18.9
DLLS,11,C,13,09,B,0110,1,GS-09,C,XXXX,8,15,F,1,199809,1,"$32,457",1.1
DLLS,11,C,13,09,A,0110,1,GS-09,C,XXXX,8,42,P,2,199809,1,"$32,457",0.3
DLLS,49,H,07,06,C,0119,3,GS-06,B,XXXX,8,10,P,2,199809,1,"$24,247",3.4
DLLS,11,H,21,15,H,0110,1,GS-15,I,XXXX,2,10,F,1,199809,1,"$93,360",25.0
DLLS,11,D,13,09,B,0110,1,GS-09,C,XXXX,8,15,F,1,199809,1,"$32,457",1.1
DLLS,11,D,17,12,D,0110,1,GS-12,D,XXXX,8,10,F,1,199809,1,"$47,066",5.0
DLLS,15,H,17,05,D,0119,3,GS-05,B,XXXX,8,15,P,2,199809,1,"$20,635",9.7
DLLS,06,F,17,13,E,0110,1,GS-13,F,XXXX,2,10,F,1,199809,1,"$64,315",14.8
DLLS,06,E,13,13,E,0110,1,GS-13,F,XXXX,4,10,F,1,199809,1,"$62,366",11.7
DLLS,11,D,13,09,B,0110,1,GS-09,C,XXXX,8,15,F,1,199809,1,"$32,457",1.4
DLLS,11,F,13,11,D,0110,1,GS-11,D,XXXX,8,10,F,1,199809,1,"$43,197",8.7
DLLS,53,J,17,11,G,0110,1,GS-11,E,XXXX,2,10,F,1,199809,1,"$51,082",23.2
DLLS,11,I,13,12,I,0110,1,GS-12,F,XXXX,8,10,F,1,199809,1,"$61,190",31.1
DLLS,11,C,17,09,B,0110,1,GS-09,C,XXXX,8,15,F,1,199809,1,"$32,457",1.3
DLLS,11,J,21,15,H,0110,1,GS-15,J,XXXX,8,10,F,1,199809,1,"$101,142",26.1
DLLS,53,I,13,05,B,0119,3,GS-05,B,XXXX,8,15,P,2,199809,1,"$22,150",1.1
DLLS,53,F,13,05,F,0119,3,GS-05,B,XXXX,8,15,P,2,199809,1,"$27,869",16.9
DLLS,13,C,13,05,C,0110,1,GS-05,B,XXXX,8,15,F,1,199809,1,"$21,203",4.3
DLLS,11,D,17,09,A,0110,1,GS-09,C,XXXX,8,15,F,1,199809,1,"$32,457",0.4
DLLS,53,E,13,05,A,0119,3,GS-05,B,XXXX,8,15,P,2,199809,1,"$21,435",0.8
DLLS,04,I,15,12,I,0110,1,GS-12,E,XXXX,8,10,F,1,199809,1,"$58,592",34.9
DLLS,36,G,13,05,A,0119,3,GS-05,B,XXXX,8,20,P,2,199809,1,"$21,051",0.6
DLLS,42,H,18,13,H,0110,1,GM-13,G,XXXX,2,10,F,1,199809,1,"$70,225",27.4
DLLS,41,K,04,07,G,0119,3,GS-07,C,XXXX,8,10,P,2,199809,1,"$32,689",21.8
DLLS,53,H,03,06,C,0119,3,GS-06,B,XXXX,8,10,P,2,199809,1,"$24,688",3.9
DLLS,06,D,13,07,B,0110,1,GS-07,B,XXXX,8,15,F,1,199809,1,"$27,284",2.7
DLLS,41,G,13,07,D,0119,3,GS-07,B,XXXX,8,10,P,2,199809,1,"$27,391",5.6
DLLS,53,F,13,06,E,0119,3,GS-06,B,XXXX,8,15,P,2,199809,1,"$23,464",12.7
DLLS,25,C,13,07,A,0110,1,GS-07,B,XXXX,8,15,F,1,199809,1,"$26,864",0.4
DLLS,11,B,13,09,B,0110,1,GS-09,C,XXXX,8,15,F,1,199809,1,"$32,457",1.3
DLLS,06,F,17,09,B,0110,1,GS-09,C,XXXX,2,15,F,1,199809,1,"$35,037",2.2
DLLS,41,F,13,12,F,0110,1,GS-12,E,XXXX,8,10,F,1,199809,1,"$59,565",17.9
DLLS,11,G,17,12,D,0110,1,GS-12,E,XXXX,8,10,F,1,199809,1,"$50,205",6.6
DLLS,06,E,17,09,B,0110,1,GS-09,C,XXXX,8,15,F,1,199809,1,"$33,906",2.2
DLLS,41,G,12,12,G,0110,1,GS-12,E,XXXX,8,10,F,1,199809,1,"$59,565",20.3
DLLS,06,G,09,12,H,0110,1,GS-12,E,XXXX,8,10,F,1,199809,1,"$55,725",26.0
DLLS,06,F,17,12,E,0110,1,GS-12,E,XXXX,8,10,F,1,199809,1,"$57,365",12.8
DLLS,06,D,13,11,D,0110,1,GS-11,D,XXXX,8,10,F,1,199809,1,"$45,125",6.5
DLLS,11,H,14,12,I,0110,1,GS-12,E,XXXX,8,10,F,1,199809,1,"$56,482",30.2
DLLS,06,G,13,05,B,0119,3,GS-05,B,XXXX,8,15,P,2,199809,1,"$23,497",2.0
DLLS,53,D,13,12,D,0110,1,GS-12,E,XXXX,8,10,F,1,199809,1,"$51,808",7.4
DLLS,06,E,17,05,D,0119,3,GS-05,B,XXXX,8,10,P,2,199809,1,"$29,094",5.7
DLLS,11,H,21,13,D,0110,1,GS-13,F,XXXX,8,10,F,1,199809,1,"$63,431",6.5
DLLS,53,E,13,11,D,0110,1,GS-11,D,XXXX,8,10,F,1,199809,1,"$43,225",8.4
DLLS,06,F,13,06,B,0119,3,GS-06,B,XXXX,8,15,P,2,199809,1,"$23,464",1.7
DLLS,06,K,10,07,E,0119,3,GS-07,B,XXXX,8,10,P,2,199809,1,"$29,549",14.3
DLLS,04,E,13,05,A,0119,3,GS-05,B,XXXX,8,15,P,2,199809,1,"$21,051",0.3
DLLS,06,J,13,07,G,0119,3,GS-07,C,XXXX,8,10,P,2,199809,1,"$32,034",20.0
DLLS,11,E,13,13,E,0110,1,GS-13,F,XXXX,8,10,F,1,199809,1,"$61,565",10.2
DLLS,48,G,13,07,A,0110,1,GS-07,B,XXXX,8,15,F,1,199809,1,"$26,441",0.6
DLLS,06,H,13,07,F,0119,3,GS-07,C,XXXX,8,10,P,2,199809,1,"$36,027",19.6
DLLS,06,D,13,09,B,0110,1,GS-09,C,XXXX,8,15,F,1,199809,1,"$33,376",1.6
DLLS,11,D,13,12,D,0110,1,GS-12,E,XXXX,8,10,F,1,199809,1,"$50,205",9.2
DLLS,11,G,21,13,D,0110,1,GS-13,F,XXXX,8,10,F,1,199809,1,"$69,027",9.0
DLLS,48,E,13,09,B,0110,1,GS-09,C,XXXX,8,15,F,1,199809,1,"$32,345",1.1
DLLS,11,H,21,,G,0110,1,ES-04,L,XXXX,2,50,F,1,199809,1,"$122,824",20.6
DLLS,11,C,17,11,B,0110,1,GS-11,C,XXXX,8,15,F,1,199809,1,"$39,270",1.5
DLLS,06,G,13,05,A,0119,3,GS-05,B,XXXX,8,20,P,2,199809,1,"$22,028",0.5
DLLS,48,F,17,11,D,0110,1,GS-11,C,XXXX,2,15,F,1,199809,1,"$39,135",9.2
DLLS,11,F,17,11,D,0110,1,GS-11,D,XXXX,8,10,F,1,199809,1,"$41,888",6.2
DLLS,06,F,13,11,F,0110,1,GS-11,E,XXXX,8,10,F,1,199809,1,"$53,328",18.8
DLLS,06,B,13,09,B,0110,1,GS-09,C,XXXX,8,15,F,1,199809,1,"$33,906",1.2
DLLS,06,F,07,07,D,0119,3,GS-07,C,XXXX,8,10,F,1,199809,1,"$31,410",9.6
DLLS,06,F,04,07,F,0119,3,GS-07,C,XXXX,8,10,P,2,199809,1,"$35,104",18.5
DLLS,06,F,13,07,E,0119,3,GS-07,C,XXXX,8,10,P,2,199809,1,"$31,410",10.8
DLLS,11,E,17,07,A,0110,1,GS-07,B,XXXX,8,15,F,1,199809,1,"$26,532",0.3
DLLS,34,I,13,05,A,0119,3,GS-05,B,XXXX,8,20,P,2,199809,1,"$23,299",0.6
DLLS,41,H,14,06,C,0119,3,GS-06,B,XXXX,8,10,P,2,199809,1,"$25,444",4.1
DLLS,11,G,14,12,G,0110,1,GS-12,F,XXXX,8,10,F,1,199809,1,"$61,190",24.3
DLLS,11,B,04,04,A,0119,3,GS-04,A,XXXX,8,42,F,2,199809,1,"$19,146",0.3
DLLS,06,G,13,12,D,0110,1,GS-12,E,XXXX,4,10,F,1,199809,1,"$50,807",8.1
DLLS,06,F,13,13,F,0110,1,GS-13,F,XXXX,2,10,F,1,199809,1,"$68,212",18.8
DLLS,06,E,07,07,D,0119,3,GS-07,B,XXXX,8,10,P,2,199809,1,"$29,102",5.6
DLLS,06,E,13,05,C,0119,3,GS-05,B,XXXX,8,15,P,2,199809,1,"$21,753",4.1
DLLS,11,C,17,11,B,0110,1,GS-11,C,XXXX,8,15,F,1,199809,1,"$39,270",1.2
DLLS,06,J,09,07,D,0119,3,GS-07,B,XXXX,8,10,P,2,199809,1,"$28,193",5.8
DLLS,11,H,14,13,H,0110,1,GM-13,G,XXXX,2,10,F,1,199809,1,"$71,301",26.8
DLLS,06,C,13,07,A,0110,1,GS-07,B,XXXX,8,15,F,1,199809,1,"$27,717",0.5
DLLS,48,G,13,13,G,0110,1,GS-13,F,XXXX,2,10,F,1,199809,1,"$61,353",23.6
DLLS,06,K,13,07,E,0119,3,GS-07,B,XXXX,8,10,P,2,199809,1,"$29,549",11.6
DLLS,11,C,13,07,B,0110,1,GS-07,B,XXXX,8,15,F,1,199809,1,"$26,532",1.6
DLLS,06,E,08,05,B,0119,3,GS-05,B,XXXX,8,15,P,2,199809,1,"$22,762",1.3
DLLS,48,I,13,12,J,0110,1,GS-12,F,XXXX,8,10,F,1,199809,1,"$60,979",36.2
DLLS,06,I,13,06,D,0119,3,GS-06,B,XXXX,8,10,P,2,199809,1,"$26,428",6.3
DLLS,06,H,06,05,E,0119,3,GS-05,B,XXXX,8,10,P,2,199809,1,"$23,711",12.8
DLLS,06,E,13,06,B,0119,3,GS-06,B,XXXX,8,15,P,2,199809,1,"$24,942",2.4
DLLS,11,I,18,14,I,0110,1,GM-14,H,XXXX,2,10,F,1,199809,1,"$85,978",32.2
DLLS,11,H,21,15,F,0110,1,GS-15,I,XXXX,8,10,F,1,199809,1,"$95,954",17.3
DLLS,06,C,13,09,B,0110,1,GS-09,C,XXXX,8,15,F,1,199809,1,"$35,037",2.3
DLLS,11,E,17,14,D,0110,1,GS-14,G,XXXX,8,10,F,1,199809,1,"$72,752",9.2
DLLS,06,H,13,12,G,0110,1,GS-12,E,XXXX,8,10,F,1,199809,1,"$55,725",20.3
DLLS,11,G,13,14,G,0110,1,GM-14,G,XXXX,2,10,F,1,199809,1,"$78,261",24.9
DLLS,13,C,17,07,B,0110,1,GS-07,B,XXXX,8,15,F,1,199809,1,"$27,137",1.0
DLLS,06,E,17,11,D,0110,1,GS-11,D,XXXX,8,10,F,1,199809,1,"$45,767",7.3
DLLS,06,C,13,11,D,0110,1,GS-11,E,XXXX,2,10,F,1,199809,1,"$53,328",6.3
DLLS,06,F,13,12,G,0110,1,GS-12,E,XXXX,8,10,F,1,199809,1,"$57,365",22.1
DLLS,15,F,10,05,D,0119,3,GS-05,B,XXXX,8,20,P,2,199809,1,"$20,635",6.5
DLLS,06,I,13,11,B,0110,1,GS-11,D,XXXX,8,15,F,1,199809,1,"$41,024",2.1
DLLS,11,C,17,09,B,0110,1,GS-09,C,XXXX,8,15,F,1,199809,1,"$32,457",2.2
DLLS,06,D,09,05,B,0119,3,GS-05,B,XXXX,8,15,P,2,199809,1,"$21,753",2.3
DLLS,04,K,14,07,F,0119,3,GS-07,C,XXXX,8,10,P,2,199809,1,"$31,287",16.6
DLLS,06,H,13,12,H,0110,1,GS-12,F,XXXX,8,10,F,1,199809,1,"$60,644",26.6
DLLS,06,G,13,12,G,0110,1,GS-12,E,XXXX,8,10,F,1,199809,1,"$55,725",20.4
DLLS,11,F,21,14,D,0110,1,GS-14,F,XXXX,8,10,F,1,199809,1,"$68,343",8.0
DLLS,11,D,21,14,D,0110,1,GS-14,G,XXXX,8,10,F,1,199809,1,"$70,547",8.2
DLLS,06,D,13,11,D,0110,1,GS-11,D,XXXX,8,10,F,1,199809,1,"$45,767",7.3
DLLS,06,H,17,06,B,0119,3,GS-06,B,XXXX,8,15,P,2,199809,1,"$25,371",2.6
DLLS,06,E,13,12,E,0110,1,GS-12,E,XXXX,8,10,F,1,199809,1,"$54,086",13.1
DLLS,11,K,17,13,F,0110,1,GS-13,G,XXXX,8,10,F,1,199809,1,"$72,758",18.3
DLLS,06,I,04,06,F,0119,3,GS-06,C,XXXX,8,15,P,2,199809,1,"$30,282",18.7
DLLS,06,F,13,05,C,0119,3,GS-05,B,XXXX,8,15,P,2,199809,1,"$22,762",3.7
DLLS,06,E,08,11,E,0110,1,GS-11,D,XXXX,8,10,F,1,199809,1,"$43,758",14.9
DLLS,11,E,13,09,B,0110,1,GS-09,C,XXXX,8,15,F,1,199809,1,"$32,457",1.7
DLLS,06,F,11,12,F,0110,1,GS-12,E,XXXX,8,10,F,1,199809,1,"$55,725",19.5
DLLS,25,E,13,12,C,0110,1,GS-12,D,XXXX,8,10,F,1,199809,1,"$47,654",3.6
DLLS,06,H,13,05,A,0119,3,GS-05,B,XXXX,8,15,P,2,199809,1,"$22,028",0.1
DLLS,06,F,14,12,F,0110,1,GS-12,E,XXXX,8,10,F,1,199809,1,"$52,446",17.8
DLLS,06,B,13,07,A,0110,1,GS-07,B,XXXX,8,15,F,1,199809,1,"$27,284",0.0
DLLS,29,G,17,12,E,0110,1,GS-12,E,XXXX,2,10,F,1,199809,1,"$55,845",14.5
DLLS,06,D,13,12,D,0110,1,GS-12,E,XXXX,8,10,F,1,199809,1,"$54,086",8.4
DLLS,16,I,14,06,D,0119,3,GS-06,B,XXXX,8,15,P,2,199809,1,"$28,940",6.0
DLLS,06,D,13,11,D,0110,1,GS-11,D,XXXX,8,10,F,1,199809,1,"$43,075",7.3
DLLS,11,D,13,11,D,0110,1,GS-11,D,XXXX,8,10,F,1,199809,1,"$40,579",5.2
DLLS,11,B,13,09,B,0110,1,GS-09,C,XXXX,8,15,F,1,199809,1,"$32,457",1.0
DLLS,06,G,09,06,B,0119,3,GS-06,B,XXXX,8,15,P,2,199809,1,"$24,553",2.0
DLLS,06,G,04,07,H,0119,3,GS-07,C,XXXX,8,10,F,1,199809,1,"$36,027",27.1
DLLS,04,D,13,12,D,0110,1,GS-12,E,XXXX,8,10,F,1,199809,1,"$50,881",7.4
DLLS,06,H,07,05,A,0119,3,GS-05,B,XXXX,8,15,P,2,199809,1,"$22,028",0.2
DLLS,15,E,13,07,D,0119,3,GS-07,B,XXXX,8,10,P,2,199809,1,"$27,206",6.3
DLLS,06,J,13,13,F,0110,1,GS-13,E,XXXX,2,10,F,1,199809,1,"$58,468",16.6
DLLS,06,H,14,13,I,0110,1,GM-13,G,XXXX,2,10,F,1,199809,1,"$74,396",30.7
DLLS,53,C,13,09,B,0110,1,GS-09,C,XXXX,8,15,F,1,199809,1,"$32,478",2.8
DLLS,06,K,13,07,E,0119,3,GS-07,C,XXXX,8,10,P,2,199809,1,"$30,920",13.4
DLLS,11,E,17,12,E,0110,1,GS-12,E,XXXX,8,10,F,1,199809,1,"$51,774",12.6
DLLS,06,F,13,05,B,0119,3,GS-05,B,XXXX,8,15,P,2,199809,1,"$22,762",1.3
DLLS,11,E,18,12,E,0110,1,GS-12,E,XXXX,8,10,F,1,199809,1,"$56,482",13.8
DLLS,15,G,13,07,D,0119,3,GS-07,B,XXXX,8,10,P,2,199809,1,"$26,382",5.7
DLLS,11,F,21,11,C,0110,1,GS-11,C,XXXX,8,15,F,1,199809,1,"$39,270",3.3
DLLS,53,G,13,06,B,0119,3,GS-06,B,XXXX,8,15,P,2,199809,1,"$23,892",2.3
DLLS,11,D,13,11,D,0110,1,GS-11,D,XXXX,8,10,F,1,199809,1,"$43,197",9.3
DLLS,11,D,13,12,D,0110,1,GS-12,D,XXXX,8,10,F,1,199809,1,"$48,635",8.0
DLLS,06,D,13,11,B,0110,1,GS-11,D,XXXX,8,15,F,1,199809,1,"$41,024",1.3
DLLS,11,C,04,06,D,0119,3,GS-06,B,XXXX,8,10,P,2,199809,1,"$27,060",7.6
DLLS,11,E,17,11,B,0110,1,GS-11,C,XXXX,8,15,F,1,199809,1,"$39,270",2.1
DLLS,11,C,04,06,D,0119,3,GS-06,B,XXXX,8,10,F,1,199809,1,"$27,856",8.9
DLLS,11,D,17,07,A,0110,1,GS-07,B,XXXX,8,15,F,1,199809,1,"$26,532",0.2
DLLS,11,K,07,06,H,0119,3,GS-06,C,XXXX,8,10,F,1,199809,1,"$31,040",26.2
DLLS,11,J,13,14,J,0110,1,GM-14,H,XXXX,2,10,F,1,199809,1,"$85,978",38.3
DLLS,11,I,05,12,I,0110,1,GS-12,E,XXXX,8,10,F,1,199809,1,"$56,482",33.4
DLLS,11,I,14,14,J,0110,1,GM-14,H,XXXX,2,10,F,1,199809,1,"$85,978",35.9
DLLS,11,H,14,14,I,0110,1,GM-14,H,XXXX,2,10,F,1,199809,1,"$85,978",30.4
DLLS,11,H,04,07,I,0110,1,GS-07,C,XXXX,8,10,F,1,199809,1,"$34,487",31.0
DLLS,11,I,04,06,I,0119,3,GS-06,C,XXXX,8,10,F,1,199809,1,"$31,040",33.3
DLLS,11,I,04,12,J,0110,1,GS-12,E,XXXX,8,10,F,1,199809,1,"$58,051",36.7
DLLS,11,H,04,09,I,0119,3,GS-09,D,XXXX,2,10,F,1,199809,1,"$41,116",32.8
DLLS,11,H,04,08,I,0119,3,GS-08,C,XXXX,2,10,F,1,199809,1,"$37,219",32.3
DLLS,11,H,14,12,I,0110,1,GS-12,E,XXXX,8,10,F,1,199809,1,"$54,913",32.3
DLLS,11,H,21,,G,0110,1,ES-03,K,XXXX,2,50,F,1,199809,1,"$116,495",20.1
DLLS,11,H,07,08,I,0119,3,GS-08,C,XXXX,2,10,F,1,199809,1,"$38,199",31.0
DLLS,11,G,13,13,G,0110,1,GS-13,G,XXXX,8,10,F,1,199809,1,"$72,758",24.4
DLLS,11,H,04,11,H,0110,1,GS-11,D,XXXX,8,10,F,1,199809,1,"$45,814",27.7
DLLS,11,G,08,11,H,0110,1,GS-11,D,XXXX,8,10,F,1,199809,1,"$44,505",27.3
DLLS,11,G,04,08,H,0119,3,GS-08,C,XXXX,2,10,F,1,199809,1,"$36,240",28.5
DLLS,11,G,13,12,F,0110,1,GS-12,E,XXXX,8,10,F,1,199809,1,"$59,621",19.0
DLLS,11,G,04,08,F,0119,3,GS-08,C,XXXX,2,10,F,1,199809,1,"$35,261",19.1
DLLS,11,G,14,14,H,0110,1,GM-14,G,XXXX,2,10,F,1,199809,1,"$79,365",27.3
DLLS,11,G,13,13,H,0110,1,GS-13,F,XXXX,8,10,F,1,199809,1,"$69,027",27.5
DLLS,11,G,04,06,H,0119,3,GS-06,C,XXXX,8,10,F,1,199809,1,"$31,040",25.8
DLLS,11,G,04,07,G,0119,3,GS-07,C,XXXX,8,10,F,1,199809,1,"$32,719",23.8
DLLS,11,G,04,06,E,0119,3,GS-06,B,XXXX,8,10,F,1,199809,1,"$28,652",13.5
DLLS,11,F,04,07,F,0119,3,GS-07,C,XXXX,8,10,F,1,199809,1,"$32,719",19.8
DLLS,11,F,13,12,H,0110,1,GS-12,E,XXXX,8,10,F,1,199809,1,"$54,913",25.8
DLLS,11,G,17,13,F,0110,1,GS-13,F,XXXX,8,10,F,1,199809,1,"$63,431",19.3
DLLS,11,H,13,12,E,0110,1,GS-12,E,XXXX,8,10,F,1,199809,1,"$54,913",13.8
DLLS,11,E,04,07,E,0119,3,GS-07,C,XXXX,8,10,F,1,199809,1,"$31,836",12.0
DLLS,11,F,11,07,G,0119,3,GS-07,C,XXXX,8,10,F,1,199809,1,"$33,603",21.4
DLLS,11,E,13,13,F,0110,1,GS-13,E,XXXX,2,10,F,1,199809,1,"$55,969",15.2
DLLS,11,E,04,06,G,0119,3,GS-06,B,XXXX,8,10,F,1,199809,1,"$29,448",21.5
DLLS,11,F,17,11,E,0110,1,GS-11,D,XXXX,8,10,F,1,199809,1,"$45,814",10.3
DLLS,11,F,04,08,F,0119,3,GS-08,C,XXXX,2,10,F,1,199809,1,"$34,281",15.2
DLLS,11,D,04,07,E,0119,3,GS-07,C,XXXX,8,10,F,1,199809,1,"$30,068",11.2
DLLS,11,E,13,13,F,0110,1,GM-13,F,XXXX,2,10,F,1,199809,1,"$63,431",15.1
DLLS,11,B,17,09,A,0110,1,GS-09,C,XXXX,8,15,F,1,199809,1,"$32,457",0.3
DLLS,11,D,13,11,E,0110,1,GS-11,D,XXXX,8,10,F,1,199809,1,"$43,197",12.6
DLLS,11,F,04,06,F,0119,3,GS-06,B,XXXX,8,10,F,1,199809,1,"$27,060",16.1
DLLS,11,C,04,06,D,0119,3,GS-06,B,XXXX,8,10,F,1,199809,1,"$27,060",7.2
DLLS,11,D,13,13,E,0110,1,GS-13,E,XXXX,2,10,F,1,199809,1,"$59,700",10.3
DLLS,11,D,04,07,E,0119,3,GS-07,C,XXXX,8,10,F,1,199809,1,"$30,952",12.0
DLLS,11,B,13,11,B,0110,1,GS-11,C,XXXX,8,15,F,1,199809,1,"$39,270",2.3
DLLS,11,D,04,06,E,0119,3,GS-06,B,XXXX,8,10,F,1,199809,1,"$28,652",13.1
DLLS,06,K,13,06,D,0119,3,GS-06,B,XXXX,8,10,P,2,199809,1,"$27,008",9.9
DLLS,11,I,04,06,G,0119,3,GS-06,C,XXXX,8,10,F,1,199809,1,"$31,040",23.1
DLLS,11,I,04,09,I,0119,3,GS-09,D,XXXX,8,10,F,1,199809,1,"$42,198",34.5
DLLS,11,I,14,13,I,0110,1,GS-13,G,XXXX,2,10,F,1,199809,1,"$70,893",33.3
DLLS,11,I,07,06,F,0119,3,GS-06,B,XXXX,8,10,F,1,199809,1,"$28,652",19.5
DLLS,11,I,04,06,D,0119,3,GS-06,B,XXXX,8,10,F,1,199809,1,"$27,856",7.7
DLLS,11,I,04,06,H,0119,3,GS-06,C,XXXX,8,10,F,1,199809,1,"$31,040",28.1
DLLS,11,H,15,14,H,0110,1,GM-14,H,XXXX,2,10,F,1,199809,1,"$85,978",26.5
DLLS,11,H,04,07,I,0119,3,GS-07,C,XXXX,8,10,F,1,199809,1,"$34,487",32.9
DLLS,11,H,13,13,H,0110,1,GS-13,F,XXXX,8,10,F,1,199809,1,"$69,027",28.3
DLLS,11,H,13,12,H,0110,1,GS-12,F,XXXX,8,10,F,1,199809,1,"$61,190",26.2
DLLS,11,H,04,,I,0110,1,ES-04,L,XXXX,2,50,F,1,199809,1,"$122,824",31.8
DLLS,11,H,04,07,E,0119,3,GS-07,C,XXXX,8,10,F,1,199809,1,"$30,952",13.3
DLLS,11,H,04,06,F,0119,3,GS-06,B,XXXX,8,10,F,1,199809,1,"$27,856",15.3
DLLS,11,G,13,12,G,0110,1,GS-12,E,XXXX,8,10,F,1,199809,1,"$53,343",22.6
DLLS,11,G,07,06,H,0119,3,GS-06,C,XXXX,8,10,F,1,199809,1,"$31,040",27.3
DLLS,11,G,04,07,H,0119,3,GS-07,C,XXXX,8,10,F,1,199809,1,"$33,603",25.5
DLLS,11,G,04,08,H,0119,3,GS-08,C,XXXX,2,10,F,1,199809,1,"$37,219",27.0
DLLS,11,G,15,13,H,0110,1,GS-13,F,XXXX,8,10,P,2,199809,1,"$69,027",27.3
DLLS,11,H,04,06,I,0119,3,GS-06,C,XXXX,8,10,F,1,199809,1,"$31,040",32.2
DLLS,11,H,17,12,E,0110,1,GS-12,E,XXXX,8,10,F,1,199809,1,"$53,343",13.8
DLLS,11,G,04,11,H,0110,1,GS-11,D,XXXX,8,10,F,1,199809,1,"$47,123",27.3
DLLS,11,K,04,07,F,0119,3,GS-07,C,XXXX,8,10,F,1,199809,1,"$32,719",18.8
DLLS,11,F,04,06,D,0119,3,GS-06,B,XXXX,8,10,F,1,199809,1,"$27,856",7.3
DLLS,11,F,04,07,F,0119,3,GS-07,C,XXXX,8,10,F,1,199809,1,"$30,068",15.5
DLLS,11,F,17,12,F,0110,1,GS-12,E,XXXX,8,10,F,1,199809,1,"$58,051",15.9
DLLS,11,C,03,06,E,0119,3,GS-06,B,XXXX,8,10,F,1,199809,1,"$27,856",11.8
DLLS,11,C,13,11,C,0110,1,GS-11,C,XXXX,8,10,F,1,199809,1,"$39,270",4.9
DLLS,11,E,13,12,E,0110,1,GS-12,E,XXXX,8,10,F,1,199809,1,"$56,482",13.8
DLLS,11,F,13,09,B,0110,1,GS-09,C,XXXX,8,15,F,1,199809,1,"$32,457",1.1
DLLS,11,F,17,12,E,0110,1,GS-12,E,XXXX,8,10,F,1,199809,1,"$54,913",11.6
DLLS,11,E,13,12,E,0110,1,GS-12,E,XXXX,8,10,F,1,199809,1,"$50,205",11.3
DLLS,11,E,04,06,E,0119,3,GS-06,B,XXXX,8,10,F,1,199809,1,"$28,652",11.3
DLLS,11,D,13,13,E,0110,1,GS-13,E,XXXX,8,10,F,1,199809,1,"$59,700",11.2
DLLS,11,D,04,06,E,0119,3,GS-06,B,XXXX,8,10,P,2,199809,1,"$27,856",11.4
DLLS,11,G,13,12,F,0110,1,GS-12,E,XXXX,8,10,F,1,199809,1,"$51,774",16.3
DLLS,11,E,04,07,F,0119,3,GS-07,C,XXXX,8,10,F,1,199809,1,"$31,836",15.2
DLLS,11,E,04,07,E,0110,1,GS-07,C,XXXX,8,10,F,1,199809,1,"$30,952",12.2
DLLS,11,C,04,06,E,0119,3,GS-06,B,XXXX,8,10,F,1,199809,1,"$27,856",10.1
DLLS,20,K,13,06,F,0119,3,GS-06,B,XXXX,8,10,P,2,199809,1,"$28,158",15.1
DLLS,11,K,13,13,J,0110,1,GS-13,G,XXXX,8,10,F,1,199809,1,"$72,758",38.0
DLLS,11,I,14,14,I,0110,1,GM-14,H,XXXX,2,10,F,1,199809,1,"$85,978",32.2
DLLS,11,I,04,07,F,0119,3,GS-07,C,XXXX,8,10,F,1,199809,1,"$31,836",18.0
DLLS,11,H,04,06,G,0119,3,GS-06,C,XXXX,8,10,F,1,199809,1,"$30,244",22.8
DLLS,11,H,04,09,G,0119,3,GS-09,D,XXXX,8,10,F,1,199809,1,"$40,033",21.3
DLLS,11,H,14,12,H,0110,1,GS-12,F,XXXX,8,10,F,1,199809,1,"$61,190",25.6
DLLS,11,H,04,07,G,0119,3,GS-07,C,XXXX,8,10,F,1,199809,1,"$31,836",21.2
DLLS,11,H,04,07,H,0119,3,GS-07,C,XXXX,8,10,F,1,199809,1,"$33,603",28.8
DLLS,11,H,13,12,I,0110,1,GS-12,F,XXXX,8,10,F,1,199809,1,"$61,190",32.0
DLLS,11,G,14,12,G,0110,1,GS-12,E,XXXX,8,10,F,1,199809,1,"$58,051",22.5
DLLS,11,G,14,14,H,0110,1,GM-14,H,XXXX,2,10,F,1,199809,1,"$81,917",26.7
DLLS,11,G,04,07,G,0119,3,GS-07,C,XXXX,8,10,F,1,199809,1,"$32,719",24.9
DLLS,11,G,13,07,G,0119,3,GS-07,C,XXXX,8,10,F,1,199809,1,"$34,487",22.8
DLLS,11,G,09,13,H,0110,1,GM-13,F,XXXX,2,10,F,1,199809,1,"$65,296",26.4
DLLS,11,G,04,08,G,0119,3,GS-08,C,XXXX,2,10,F,1,199809,1,"$35,261",21.6
DLLS,11,F,04,11,G,0110,1,GS-11,D,XXXX,8,10,F,1,199809,1,"$43,197",22.3
DLLS,11,G,13,09,G,0110,1,GS-09,D,XXXX,8,15,F,1,199809,1,"$41,116",20.3
DLLS,11,F,08,07,G,0119,3,GS-07,C,XXXX,8,10,F,1,199809,1,"$33,603",23.2
DLLS,11,F,08,06,G,0119,3,GS-06,B,XXXX,8,10,F,1,199809,1,"$29,448",20.0
DLLS,11,F,07,11,G,0110,1,GS-11,D,XXXX,8,10,F,1,199809,1,"$45,814",20.9
DLLS,11,F,04,07,F,0119,3,GS-07,C,XXXX,8,10,F,1,199809,1,"$31,836",19.2
DLLS,11,F,04,08,G,0119,3,GS-08,C,XXXX,2,10,F,1,199809,1,"$35,261",24.2
DLLS,11,C,07,06,E,0119,3,GS-06,B,XXXX,8,10,F,1,199809,1,"$27,856",10.6
DLLS,11,D,04,06,E,0119,3,GS-06,B,XXXX,8,10,F,1,199809,1,"$27,856",12.8
DLLS,11,F,13,12,F,0110,1,GS-12,E,XXXX,8,10,F,1,199809,1,"$54,913",18.6
DLLS,11,E,03,06,F,0119,3,GS-06,B,XXXX,8,10,F,1,199809,1,"$28,652",18.0
DLLS,11,E,04,07,E,0119,3,GS-07,C,XXXX,8,10,F,1,199809,1,"$30,952",14.0
DLLS,11,E,04,06,E,0119,3,GS-06,B,XXXX,8,10,F,1,199809,1,"$27,856",13.9
DLLS,11,D,04,07,E,0119,3,GS-07,C,XXXX,8,10,F,1,199809,1,"$30,068",13.1
DLLS,11,D,04,06,E,0119,3,GS-06,B,XXXX,8,10,F,1,199809,1,"$28,652",11.7
DLLS,11,D,13,12,F,0110,1,GS-12,D,XXXX,8,10,F,1,199809,1,"$48,635",15.7
DLLS,36,J,17,13,G,0110,1,GM-13,F,XXXX,2,10,F,1,199809,1,"$69,679",23.7
DLLS,11,D,17,11,C,0110,1,GS-11,D,XXXX,8,10,F,1,199809,1,"$41,888",3.9
DLLS,11,D,17,12,C,0110,1,GS-12,D,XXXX,8,10,F,1,199809,1,"$47,066",4.3
DLLS,12,H,13,12,G,0110,1,GS-12,E,XXXX,8,10,F,1,199809,1,"$55,508",22.5
DLLS,11,H,13,11,F,0110,1,GS-11,D,XXXX,8,10,F,1,199809,1,"$44,505",16.4
DLLS,12,G,13,07,D,0119,3,GS-07,B,XXXX,8,10,P,2,199809,1,"$29,344",6.4
DLLS,11,F,17,14,F,0110,1,GS-14,G,XXXX,2,10,F,1,199809,1,"$72,752",18.2
DLLS,48,E,13,05,C,0119,3,GS-05,B,XXXX,8,20,P,2,199809,1,"$29,068",3.5
DLLS,11,G,13,12,E,0110,1,GS-12,E,XXXX,8,10,F,1,199809,1,"$54,913",11.3
DLLS,48,G,13,12,G,0110,1,GS-12,E,XXXX,8,10,F,1,199809,1,"$56,287",23.6
DLLS,48,F,07,06,D,0119,3,GS-06,B,XXXX,8,10,P,2,199809,1,"$25,811",7.1
DLLS,11,F,17,12,D,0110,1,GS-12,E,XXXX,8,10,F,1,199809,1,"$53,343",8.7
DLLS,11,D,13,12,D,0110,1,GS-12,E,XXXX,8,10,F,1,199809,1,"$50,205",8.9
DLLS,11,G,05,11,G,0110,1,GS-11,D,XXXX,8,10,F,1,199809,1,"$47,123",24.9
DLLS,13,G,17,09,B,0110,1,GS-09,C,XXXX,8,15,F,1,199809,1,"$33,198",2.1
DLLS,11,G,13,12,G,0110,1,GS-12,E,XXXX,8,10,F,1,199809,1,"$58,051",24.3
DLLS,13,C,17,07,A,0110,1,GS-07,B,XXXX,8,15,F,1,199809,1,"$26,263",0.3
DLLS,11,C,13,07,C,0110,1,GS-07,B,XXXX,8,15,F,1,199809,1,"$26,532",4.2
DLLS,11,C,17,09,A,0110,1,GS-09,C,XXXX,8,15,F,1,199809,1,"$32,457",0.3
DLLS,06,D,17,11,C,0110,1,GS-11,D,XXXX,2,10,F,1,199809,1,"$40,383",3.3
DLLS,11,B,04,07,A,0110,1,GS-07,B,XXXX,8,15,F,1,199809,1,"$26,532",0.2
DLLS,13,B,13,07,A,0110,1,GS-07,B,XXXX,8,15,F,1,199809,1,"$26,263",0.3
DLLS,12,C,04,05,B,0119,3,GS-05,B,XXXX,8,15,P,2,199809,1,"$21,753",1.7
DLLS,11,B,13,09,B,0110,1,GS-09,C,XXXX,8,15,F,1,199809,1,"$32,457",1.2
DLLS,11,B,13,07,A,0110,1,GS-07,B,XXXX,8,15,F,1,199809,1,"$26,532",0.0
DLLS,11,C,13,09,B,0110,1,GS-09,C,XXXX,8,15,F,1,199809,1,"$33,539",2.0
DLLS,11,B,13,09,B,0110,1,GS-09,C,XXXX,8,15,F,1,199809,1,"$32,457",1.0
DLLS,11,B,13,07,A,0110,1,GS-07,B,XXXX,8,15,F,1,199809,1,"$26,532",0.3
DLLS,06,C,13,09,B,0110,1,GS-09,C,XXXX,8,15,F,1,199809,1,"$34,490",2.0
DLLS,06,E,17,07,C,0110,1,GS-07,C,XXXX,8,15,F,1,199809,1,"$35,104",3.4
DLLS,11,F,17,11,B,0110,1,GS-11,D,XXXX,8,15,F,1,199809,1,"$40,579",2.0
DLLS,11,C,13,07,A,0110,1,GS-07,B,XXXX,8,15,F,1,199809,1,"$26,532",0.3
DLMS,51,G,17,13,F,0110,1,GS-13,F,XXXX,8,10,F,1,199809,1,"$65,296",19.1
DLMS,51,C,09,09,A,0110,1,GS-09,C,XXXX,8,15,F,1,199809,1,"$32,457",0.3
DLMS,51,H,17,14,A,0110,1,GS-14,H,XXXX,8,15,F,1,199809,1,"$85,978",0.3
DLMS,51,G,21,13,D,0110,1,GS-13,F,XXXX,8,10,F,1,199809,1,"$65,296",7.8
DLMS,51,G,13,13,H,0110,1,GS-13,F,XXXX,8,10,F,1,199809,1,"$65,296",28.7
DLPE,11,G,13,15,G,0110,1,GM-15,I,XXXX,2,10,F,1,199809,1,"$95,961",22.8
DLPE,11,I,21,15,H,0110,1,GS-15,J,XXXX,8,10,F,1,199809,1,"$101,142",28.2
DLPE,11,I,22,,I,0110,1,ES-05,L,XXXX,2,50,F,1,199809,1,"$125,900",30.2
DLPE,11,F,17,15,F,0110,1,GS-15,I,XXXX,8,10,F,1,199809,1,"$93,360",19.2
DLPE,11,G,17,15,G,0110,1,GS-15,H,XXXX,5,10,F,1,199809,1,"$85,579",23.0
DLPE,11,G,17,15,G,0110,1,GS-15,I,XXXX,8,10,F,1,199809,1,"$95,954",22.9
DLPE,11,H,17,15,H,0110,1,GS-15,I,XXXX,8,10,F,1,199809,1,"$98,548",27.4
DLPE,11,I,18,,J,0110,1,ES-05,L,XXXX,2,50,F,1,199809,1,"$125,900",35.3
DLPE,11,I,21,14,E,0110,1,GS-14,H,XXXX,8,10,F,1,199809,1,"$85,978",14.7
DLPW,11,F,13,13,G,0110,1,GS-13,G,XXXX,8,10,F,1,199809,1,"$70,893",20.4
DLPW,11,F,17,,F,0110,1,ES-04,L,XXXX,2,50,F,1,199809,1,"$122,824",15.3
DLPW,11,D,13,12,E,0110,1,GS-12,E,XXXX,8,10,F,1,199809,1,"$54,913",10.8
DLPW,11,H,13,14,H,0110,1,GS-14,H,XXXX,8,10,F,1,199809,1,"$85,978",28.4
DLPW,11,G,14,13,H,0110,1,GS-13,F,XXXX,8,10,F,1,199809,1,"$67,162",27.0
DLPW,11,G,22,15,G,0110,1,GM-15,I,XXXX,2,10,F,1,199809,1,"$93,638",22.2
DLSH,11,E,13,14,E,0110,1,GS-14,G,XXXX,8,10,F,1,199809,1,"$70,547",13.6
DLSH,11,I,21,13,E,0110,1,GS-13,F,XXXX,8,10,F,1,199809,1,"$69,027",14.7
DLSH,11,I,21,15,H,0110,1,GS-15,J,XXXX,5,10,F,1,199809,1,"$101,142",27.8
DLSH,11,H,14,15,H,0110,1,GM-15,I,XXXX,2,10,F,1,199809,1,"$93,360",28.0
DLSH,11,H,13,13,H,0110,1,GS-13,F,XXXX,8,10,F,1,199809,1,"$69,027",28.6
DLSH,11,C,13,09,C,0110,1,GS-09,C,XXXX,8,10,F,1,199809,1,"$33,539",4.4
DLSH,11,I,17,12,F,0110,1,GS-12,D,XXXX,8,10,F,1,199809,1,"$48,635",15.0
DLSH,11,H,13,14,G,0110,1,GS-14,H,XXXX,8,10,F,1,199809,1,"$83,774",22.0
DLSH,11,E,21,14,E,0110,1,GS-14,G,XXXX,8,10,F,1,199809,1,"$74,956",11.1
DLSH,11,H,19,14,D,0110,1,GS-14,H,XXXX,8,10,F,1,199809,1,"$85,978",7.3
DLSH,11,G,21,14,D,0110,1,GS-14,G,XXXX,8,10,F,1,199809,1,"$70,547",8.4
DLSH,11,E,13,13,E,0110,1,GS-13,F,XXXX,8,10,F,1,199809,1,"$67,162",12.0
DLSH,11,F,12,14,D,0110,1,GS-14,G,XXXX,8,10,F,1,199809,1,"$77,160",8.3
DLSH,11,C,13,13,D,0110,1,GS-13,F,XXXX,8,10,F,1,199809,1,"$61,565",7.3
DLSH,11,D,17,14,E,0110,1,GS-14,G,XXXX,2,10,F,1,199809,1,"$72,752",10.1
DLWB,11,J,13,15,J,0110,1,GS-15,J,XXXX,8,10,F,1,199809,1,"$101,142",39.5
DLWB,11,F,13,13,F,0110,1,GS-13,G,XXXX,8,10,F,1,199809,1,"$72,758",18.6
DLWB,11,G,17,13,D,0110,1,GS-13,G,XXXX,8,10,F,1,199809,1,"$72,758",8.3
DLWB,11,J,17,13,G,0110,1,GS-13,G,XXXX,8,10,F,1,199809,1,"$72,758",22.2
DLWB,11,J,13,14,J,0110,1,GS-14,H,XXXX,8,10,F,1,199809,1,"$85,978",39.6
DLWB,11,G,17,13,F,0110,1,GS-13,F,XXXX,8,10,F,1,199809,1,"$69,027",18.1
DN00,41,F,18,12,D,0110,1,GS-12,E,XXXX,8,10,F,1,199809,1,"$53,293",9.9
DN00,11,I,17,14,I,0110,1,GS-14,H,XXXX,8,10,F,1,199809,1,"$85,978",30.5
DN00,11,F,20,14,D,0110,1,GS-14,H,XXXX,8,10,F,1,199809,1,"$81,569",7.1
DN00,11,H,21,15,E,0110,1,GS-15,I,XXXX,8,10,F,1,199809,1,"$90,767",11.1
DN00,11,H,21,13,G,0110,1,GS-13,G,XXXX,8,10,F,1,199809,1,"$72,758",24.3
DN00,11,H,18,14,G,0110,1,GS-14,H,XXXX,8,10,F,1,199809,1,"$85,978",23.3
DN00,24,G,17,14,G,0110,1,GS-14,H,XXXX,8,10,F,1,199809,1,"$83,774",23.1
DN00,11,H,14,14,H,0110,1,GS-14,H,XXXX,8,10,F,1,199809,1,"$83,774",28.6
DN00,11,E,17,13,D,0110,1,GS-13,F,XXXX,8,10,F,1,199809,1,"$65,296",9.9
DN00,11,H,17,13,D,0110,1,GS-13,F,XXXX,8,10,F,1,199809,1,"$63,431",9.3
DN00,11,F,21,,E,0110,1,ES-05,L,XXXX,2,50,F,1,199809,1,"$125,900",12.3
DN00,11,J,17,15,I,0110,1,GM-15,J,XXXX,5,10,F,1,199809,1,"$101,142",32.3
DN00,11,H,21,15,H,0110,1,GS-15,J,XXXX,2,10,F,1,199809,1,"$101,142",26.2
DN00,11,H,18,15,G,0110,1,GS-15,J,XXXX,8,10,F,1,199809,1,"$101,142",23.2
DN00,11,E,21,13,E,0110,1,GS-13,F,XXXX,8,10,F,1,199809,1,"$65,296",14.3
DN00,11,I,21,15,G,0110,1,GM-15,J,XXXX,4,10,F,1,199809,1,"$101,142",24.3
DN00,11,H,13,,G,0110,1,ES-04,L,XXXX,2,50,F,1,199809,1,"$122,824",20.4
DN00,11,I,14,13,G,0110,1,GS-13,G,XXXX,8,10,F,1,199809,1,"$72,758",24.8
DN00,11,H,15,15,H,0110,1,GM-15,J,XXXX,2,10,F,1,199809,1,"$101,142",29.0
DN00,11,F,17,14,D,0110,1,GS-14,G,XXXX,8,10,F,1,199809,1,"$74,956",7.3
DN00,11,I,21,15,H,0110,1,GS-15,J,XXXX,8,10,F,1,199809,1,"$101,142",25.3
DN00,11,G,17,14,G,0110,1,GS-14,H,XXXX,8,10,F,1,199809,1,"$85,978",21.0
DN00,11,G,18,15,G,0110,1,GM-15,I,XXXX,5,10,F,1,199809,1,"$92,066",20.0
DN00,41,F,17,14,F,0110,1,GS-14,G,XXXX,8,10,F,1,199809,1,"$79,291",18.4
DN00,11,J,13,12,J,0110,1,GS-12,F,XXXX,8,10,F,1,199809,1,"$61,932",37.8
DN00,11,C,09,12,D,0110,1,GS-12,E,XXXX,8,10,F,1,199809,1,"$50,205",7.3
DN00,11,J,17,14,I,0110,1,GS-14,H,XXXX,8,10,F,1,199809,1,"$85,978",34.3
DN00,11,E,17,13,D,0110,1,GS-13,F,XXXX,8,10,F,1,199809,1,"$65,296",9.9
DN00,11,H,19,13,E,0110,1,GS-13,F,XXXX,8,10,F,1,199809,1,"$67,162",10.9
DN00,11,J,04,15,H,0110,1,GS-15,I,XXXX,8,10,F,1,199809,1,"$98,548",29.2
DN00,11,G,13,14,H,0110,1,GS-14,G,XXXX,8,10,F,1,199809,1,"$77,160",27.4
DN00,11,H,17,15,F,0110,1,GS-15,H,XXXX,8,10,F,1,199809,1,"$88,173",15.5
DN00,11,C,13,12,D,0110,1,GS-12,E,XXXX,8,10,F,1,199809,1,"$51,774",6.8
DN00,11,H,14,12,G,0110,1,GS-12,E,XXXX,8,10,F,1,199809,1,"$54,913",21.1
DN00,11,D,17,13,D,0110,1,GS-13,E,XXXX,8,10,F,1,199809,1,"$55,969",6.5
DN00,11,H,13,,I,0110,1,ES-04,L,XXXX,2,50,F,1,199809,1,"$122,824",33.3
DN00,11,F,18,15,D,0110,1,GS-15,I,XXXX,8,10,F,1,199809,1,"$90,767",8.9
DN00,11,I,21,15,G,0110,1,GM-15,J,XXXX,5,10,F,1,199809,1,"$101,142",22.5
DN00,24,H,17,15,G,0110,1,GS-15,H,XXXX,8,10,F,1,199809,1,"$85,579",24.1
DN00,11,H,21,15,G,0110,1,GM-15,I,XXXX,5,10,F,1,199809,1,"$93,360",22.0
DN00,11,E,17,13,E,0110,1,GS-13,F,XXXX,8,10,F,1,199809,1,"$63,431",10.6
DN00,11,K,21,14,G,0110,1,GS-14,H,XXXX,8,10,F,1,199809,1,"$85,978",24.1
DN00,11,F,13,13,G,0110,1,GS-13,F,XXXX,8,10,F,1,199809,1,"$63,431",21.2
DN00,11,G,13,13,G,0110,1,GS-13,G,XXXX,8,10,F,1,199809,1,"$70,893",24.6
DN00,11,F,17,14,E,0110,1,GS-14,H,XXXX,8,10,F,1,199809,1,"$83,774",10.8
DN00,11,F,13,13,F,0110,1,GS-13,F,XXXX,8,10,F,1,199809,1,"$67,162",18.7
DN00,11,H,13,15,H,0110,1,GM-15,J,XXXX,2,10,F,1,199809,1,"$101,142",26.6
DN00,11,G,13,14,G,0110,1,GS-14,H,XXXX,8,10,F,1,199809,1,"$83,774",24.4
DN00,11,H,21,,G,0110,1,ES-06,L,XXXX,2,50,F,1,199809,1,"$125,900",20.3
DN00,11,F,13,14,F,0110,1,GS-14,G,XXXX,8,10,F,1,199809,1,"$79,365",18.0
DN00,11,F,13,15,F,0110,1,GS-15,I,XXXX,8,10,F,1,199809,1,"$90,767",19.3
DN00,11,G,17,15,G,0110,1,GS-15,I,XXXX,8,10,F,1,199809,1,"$93,360",22.8
DN00,11,G,14,13,F,0110,1,GS-13,F,XXXX,8,10,F,1,199809,1,"$65,296",19.2
DN00,11,C,13,07,A,0110,1,GS-07,B,XXXX,8,15,F,1,199809,1,"$26,532",0.8
DN00,11,H,17,13,H,0110,1,GS-13,G,XXXX,8,10,F,1,199809,1,"$72,758",26.4
DN00,11,F,13,13,G,0110,1,GS-13,F,XXXX,8,10,P,2,199809,1,"$69,027",21.4
DN00,11,D,17,13,E,0110,1,GS-13,E,XXXX,8,10,F,1,199809,1,"$57,835",10.1
DN00,11,H,13,15,H,0110,1,GS-15,I,XXXX,8,10,F,1,199809,1,"$95,954",25.0
DN00,11,E,14,13,E,0110,1,GS-13,E,XXXX,8,10,F,1,199809,1,"$57,835",12.7
DN00,11,G,13,14,G,0110,1,GS-14,H,XXXX,8,10,F,1,199809,1,"$85,978",24.6
DN00,11,H,12,14,H,0110,1,GS-14,H,XXXX,8,10,F,1,199809,1,"$85,978",28.0
DN00,11,H,17,13,G,0110,1,GS-13,F,XXXX,8,10,F,1,199809,1,"$67,162",22.1
DN00,11,I,17,15,H,0110,1,GS-15,J,XXXX,8,10,F,1,199809,1,"$101,142",29.3
DN00,11,H,13,14,H,0110,1,GS-14,H,XXXX,8,10,F,1,199809,1,"$85,978",27.7
DN00,11,H,13,15,H,0110,1,GM-15,J,XXXX,4,10,F,1,199809,1,"$101,142",26.3
DN00,11,E,17,14,E,0110,1,GS-14,G,XXXX,8,10,F,1,199809,1,"$72,752",10.1
DN00,11,H,04,,H,0110,1,ES-05,L,XXXX,2,50,F,1,199809,1,"$125,900",29.5
DN00,11,H,17,15,H,0110,1,GM-15,I,XXXX,5,10,F,1,199809,1,"$98,923",28.3
DN00,11,G,17,15,H,0110,1,GM-15,I,XXXX,2,10,F,1,199809,1,"$94,660",25.0
DN00,11,E,17,15,C,0110,1,GS-15,H,XXXX,8,10,F,1,199809,1,"$88,173",4.4
DN00,11,G,21,13,G,0110,1,GS-13,F,XXXX,8,10,F,1,199809,1,"$69,027",20.7
DN00,11,G,04,13,G,0110,1,GS-13,F,XXXX,8,10,F,1,199809,1,"$69,027",22.0
DN00,11,G,17,14,E,0110,1,GS-14,H,XXXX,8,10,P,2,199809,1,"$83,774",14.0
DN00,11,J,17,14,G,0110,1,GS-14,H,XXXX,8,10,F,1,199809,1,"$85,978",23.3
DN00,11,F,17,13,E,0110,1,GS-13,F,XXXX,8,10,F,1,199809,1,"$63,431",14.2
DN00,11,F,22,14,E,0110,1,GS-14,G,XXXX,8,10,F,1,199809,1,"$77,160",11.2
DN00,11,I,21,14,H,0110,1,GS-14,H,XXXX,8,10,F,1,199809,1,"$85,978",26.7
DN00,11,I,21,,G,0110,1,ES-04,L,XXXX,2,50,F,1,199809,1,"$122,824",23.1
DN00,11,G,17,15,F,0110,1,GM-15,H,XXXX,2,10,F,1,199809,1,"$88,173",15.6
DN00,11,F,17,13,F,0110,1,GS-13,G,XXXX,8,10,F,1,199809,1,"$72,758",19.6
DN00,11,H,17,14,H,0110,1,GS-14,H,XXXX,8,10,F,1,199809,1,"$85,978",25.5
DN00,11,J,21,14,I,0110,1,GS-14,H,XXXX,8,10,F,1,199809,1,"$85,978",33.5
DN00,11,H,17,13,D,0110,1,GS-13,E,XXXX,8,10,F,1,199809,1,"$57,835",5.8
DN00,53,F,17,14,F,0110,1,GS-14,F,XXXX,8,10,F,1,199809,1,"$68,279",19.0
DN00,11,H,17,14,G,0110,1,GS-14,G,XXXX,8,10,F,1,199809,1,"$79,365",20.1
DN00,11,G,21,15,G,0110,1,GM-15,J,XXXX,2,10,F,1,199809,1,"$101,142",24.1
DN00,53,G,17,13,G,0110,1,GS-13,F,XXXX,8,10,F,1,199809,1,"$60,504",22.5
DN00,11,G,21,15,E,0110,1,GM-15,J,XXXX,2,10,F,1,199809,1,"$101,142",11.1
DN00,11,G,15,15,E,0110,1,GM-15,I,XXXX,5,10,F,1,199809,1,"$90,767",13.9
DN00,11,G,13,13,G,0110,1,GS-13,G,XXXX,8,10,F,1,199809,1,"$70,893",22.1
DN00,11,F,21,13,C,0110,1,GS-13,E,XXXX,8,10,F,1,199809,1,"$57,835",3.8
DN00,11,F,17,13,F,0110,1,GS-13,G,XXXX,8,10,F,1,199809,1,"$70,893",19.6
DN00,11,E,18,14,D,0110,1,GS-14,H,XXXX,8,10,F,1,199809,1,"$81,569",9.5
DN00,41,F,18,13,E,0110,1,GS-13,F,XXXX,8,10,F,1,199809,1,"$61,508",10.3
DN00,11,J,17,14,G,0110,1,GS-14,H,XXXX,8,10,F,1,199809,1,"$85,978",24.7
DN00,11,I,21,15,E,0110,1,GS-15,I,XXXX,8,10,F,1,199809,1,"$95,954",14.3
DN00,11,I,14,13,J,0110,1,GS-13,G,XXXX,8,10,F,1,199809,1,"$72,758",35.5
DN00,11,I,13,15,I,0110,1,GM-15,J,XXXX,4,10,F,1,199809,1,"$101,142",31.3
DN00,11,E,21,14,C,0110,1,GS-14,G,XXXX,8,10,F,1,199809,1,"$70,547",4.7
DN00,08,J,17,13,F,0110,1,GS-13,F,XXXX,8,10,F,1,199809,1,"$69,793",16.2
DN00,11,I,22,15,G,0110,1,GS-15,J,XXXX,8,10,F,1,199809,1,"$101,142",21.3
DN00,11,G,18,13,F,0110,1,GS-13,F,XXXX,8,10,F,1,199809,1,"$69,027",18.2
DN00,41,G,17,13,F,0110,1,GS-13,F,XXXX,8,10,F,1,199809,1,"$61,508",17.2
DN00,11,H,21,,H,0110,1,ST-00,L,XXXX,8,10,F,1,199809,1,"$120,052",25.9
DN00,53,D,17,13,D,0110,1,GS-13,E,XXXX,8,10,F,1,199809,1,"$57,781",6.3
DN00,11,D,17,07,B,0110,1,GS-07,C,XXXX,8,15,F,1,199809,1,"$31,836",1.0
DN00,11,F,17,14,D,0110,1,GS-14,G,XXXX,8,10,F,1,199809,1,"$74,956",6.7
DN00,53,H,18,13,G,0110,1,GS-13,F,XXXX,8,10,F,1,199809,1,"$63,372",20.8
DN00,11,H,17,14,I,0110,1,GS-14,H,XXXX,8,10,F,1,199809,1,"$85,978",30.3
DN00,11,G,17,13,G,0110,1,GS-13,G,XXXX,8,10,F,1,199809,1,"$70,893",23.2
DN00,11,D,13,13,F,0110,1,GS-13,F,XXXX,8,10,P,2,199809,1,"$63,431",16.6
DN00,11,H,17,13,D,0110,1,GS-13,G,XXXX,8,10,F,1,199809,1,"$70,893",9.3
DN00,11,H,21,15,H,0110,1,GM-15,J,XXXX,2,10,F,1,199809,1,"$101,142",25.4
DN00,41,H,18,12,F,0110,1,GS-12,E,XXXX,8,10,F,1,199809,1,"$56,429",17.3
DN00,41,H,21,13,F,0110,1,GS-13,G,XXXX,8,10,F,1,199809,1,"$70,827",18.2
DN00,11,I,21,14,H,0110,1,GS-14,H,XXXX,8,10,F,1,199809,1,"$85,978",29.4
DN00,41,G,17,12,G,0110,1,GS-12,F,XXXX,8,10,F,1,199809,1,"$61,133",21.7
DN00,53,F,17,13,E,0110,1,GS-13,E,XXXX,8,10,F,1,199809,1,"$58,670",14.0
DN00,41,F,17,13,F,0110,1,GS-13,F,XXXX,8,10,F,1,199809,1,"$61,508",17.5
DN00,41,D,13,12,D,0110,1,GS-12,E,XXXX,8,10,F,1,199809,1,"$51,726",7.3
DN00,41,D,13,13,D,0110,1,GS-13,E,XXXX,8,10,F,1,199809,1,"$59,644",9.6
DN00,41,D,13,12,D,0110,1,GS-12,D,XXXX,8,10,F,1,199809,1,"$47,022",7.3
DN00,41,G,10,12,H,0110,1,GS-12,E,XXXX,8,10,F,1,199809,1,"$54,861",25.6
DN00,41,G,17,12,D,0110,1,GS-12,E,XXXX,8,10,F,1,199809,1,"$53,293",7.3
DN00,41,G,18,13,F,0110,1,GS-13,F,XXXX,8,10,F,1,199809,1,"$65,235",18.3
DN00,41,H,17,12,F,0110,1,GS-12,E,XXXX,8,10,F,1,199809,1,"$56,429",17.7
DN00,41,D,14,13,D,0110,1,GS-13,E,XXXX,8,10,F,1,199809,1,"$55,917",7.3
DN00,41,F,14,12,F,0110,1,GS-12,E,XXXX,8,10,F,1,199809,1,"$54,861",18.0
DN00,41,H,18,12,F,0110,1,GS-12,E,XXXX,8,10,F,1,199809,1,"$57,997",16.8
DN00,11,G,21,14,E,0110,1,GS-14,G,XXXX,8,10,F,1,199809,1,"$74,956",12.7
DN00,11,G,17,13,D,0110,1,GS-13,G,XXXX,8,10,F,1,199809,1,"$72,758",9.0
DN00,11,F,17,15,D,0110,1,GS-15,H,XXXX,8,10,F,1,199809,1,"$85,579",9.4
DN00,11,I,21,15,G,0110,1,GS-15,J,XXXX,8,10,F,1,199809,1,"$101,142",23.4
DN00,41,G,18,13,G,0110,1,GS-13,F,XXXX,8,10,F,1,199809,1,"$63,372",23.3
DN00,11,H,17,15,B,0110,1,GS-15,J,XXXX,8,15,F,1,199809,1,"$101,142",1.1
DN00,11,I,21,15,D,0110,1,GS-15,H,XXXX,8,10,F,1,199809,1,"$85,579",6.8
DN00,11,H,17,14,F,0110,1,GS-14,G,XXXX,8,10,F,1,199809,1,"$79,365",17.7
DN00,11,D,13,13,E,0110,1,GS-13,E,XXXX,8,10,F,1,199809,1,"$57,835",13.0
DN00,11,I,17,15,I,0110,1,GM-15,J,XXXX,2,10,F,1,199809,1,"$101,142",33.8
DN00,11,E,13,13,E,0110,1,GS-13,F,XXXX,8,10,F,1,199809,1,"$63,431",13.9
DN00,53,F,17,13,F,0110,1,GS-13,F,XXXX,8,10,F,1,199809,1,"$60,504",18.1
DN00,11,E,21,15,C,0110,1,GS-15,I,XXXX,8,10,P,2,199809,1,"$93,360",3.7
DN00,11,D,17,12,A,0110,1,GS-12,E,XXXX,8,15,F,1,199809,1,"$53,343",0.0
EB00,11,F,17,14,G,0110,1,GM-14,H,XXXX,5,10,F,1,199809,1,"$81,569",20.0
EB00,11,D,17,13,D,0110,1,GS-13,E,XXXX,8,10,F,1,199809,1,"$59,700",7.9
EB00,11,F,17,14,D,0110,1,GS-14,F,XXXX,8,10,P,2,199809,1,"$68,343",7.8
EB00,11,I,17,,I,0110,1,SL-00,J,XXXX,2,10,F,1,199809,1,"$108,504",32.3
EB00,11,D,13,13,D,0110,1,GS-13,F,XXXX,8,10,F,1,199809,1,"$63,431",9.8
EB00,11,D,13,11,C,0110,1,GS-11,C,XXXX,8,10,F,1,199809,1,"$39,270",4.8
EB00,11,D,13,13,D,0110,1,GS-13,E,XXXX,8,15,F,1,199809,1,"$59,700",7.3
EB00,11,F,17,14,E,0110,1,GS-14,G,XXXX,8,10,F,1,199809,1,"$74,956",13.8
EDEE,11,H,18,12,H,0110,1,GS-12,F,XXXX,8,10,F,1,199809,1,"$61,190",28.7
EDER,11,F,21,13,E,0110,1,GS-13,F,XXXX,8,10,F,1,199809,1,"$67,162",11.4
EDEY,11,I,21,,E,0110,1,AD-00,J,XXXX,8,48,F,2,199809,1,"$101,200",14.0
EE00,11,H,17,14,H,0110,1,GS-14,H,XXXX,8,10,F,1,199809,1,"$85,978",29.8
EE00,11,J,17,15,G,0110,1,GS-15,J,XXXX,8,10,F,1,199809,1,"$101,142",22.3
EM00,11,I,21,15,J,0110,1,GM-15,J,XXXX,5,10,F,1,199809,1,"$101,142",37.0
EM00,11,J,17,13,G,0110,1,GS-13,G,XXXX,8,10,F,1,199809,1,"$70,893",21.7
EM00,51,H,21,15,G,0110,1,GM-15,I,XXXX,5,10,F,1,199809,1,"$98,986",23.8
EP00,11,H,21,15,G,0110,1,GM-15,J,XXXX,2,10,F,1,199809,1,"$101,142",21.3
EP00,51,E,17,13,D,0110,1,GS-13,F,XXXX,8,10,F,1,199809,1,"$67,162",9.2
EP00,11,G,21,15,E,0110,1,GM-15,I,XXXX,2,10,F,1,199809,1,"$93,360",14.0
EP00,11,J,22,,A,0110,1,EF-00,F,XXXX,8,48,I,2,199809,1,"$69,992",0.3
EP00,11,G,21,14,D,0110,1,GS-14,G,XXXX,8,10,F,1,199809,1,"$74,956",5.5
EP00,11,C,17,09,A,0110,1,GS-09,C,XXXX,8,15,F,1,199809,1,"$32,457",0.7
EP00,11,D,21,12,A,0110,1,GS-12,D,XXXX,8,15,F,1,199809,1,"$47,066",0.9
EP00,51,D,18,13,D,0110,1,GS-13,E,XXXX,8,10,F,1,199809,1,"$59,700",8.8
EP00,11,F,21,13,E,0110,1,GS-13,F,XXXX,8,10,F,1,199809,1,"$69,027",14.2
EP00,51,E,17,11,A,0110,1,GS-11,C,XXXX,8,15,F,1,199809,1,"$39,270",0.2
EP00,11,F,17,14,E,0110,1,GS-14,G,XXXX,8,10,F,1,199809,1,"$79,365",13.6
EP00,51,I,21,14,G,0110,1,GS-14,H,XXXX,8,10,F,1,199809,1,"$85,978",24.3
EP00,11,I,21,15,I,0110,1,GS-15,J,XXXX,8,10,F,1,199809,1,"$101,142",31.1
EP00,11,J,22,,A,0110,1,EF-00,G,XXXX,8,48,I,2,199809,1,"$70,054",0.8
EP00,11,J,22,,A,0110,1,ED-00,F,XXXX,8,48,I,2,199809,1,"$69,992",0.2
EP00,11,G,22,,A,0110,1,ED-00,G,XXXX,8,48,I,2,199809,1,"$70,054",0.8
EP00,11,D,21,12,B,0110,1,GS-12,D,XXXX,8,15,F,1,199809,1,"$48,635",1.1
EP00,11,F,21,14,E,0110,1,GS-14,G,XXXX,8,10,F,1,199809,1,"$77,160",13.4
EP00,11,I,21,14,F,0110,1,GS-14,G,XXXX,8,10,F,1,199809,1,"$72,752",16.0
EP00,11,D,21,13,B,0110,1,GS-13,E,XXXX,8,15,F,1,199809,1,"$55,969",1.7
EP00,11,B,14,09,A,0110,1,GS-09,C,XXXX,8,15,F,1,199809,1,"$32,457",0.3
EP00,11,F,21,,A,0110,1,EF-00,F,XXXX,8,48,I,2,199809,1,"$69,992",0.5
EP00,37,C,17,11,B,0110,1,GS-11,C,XXXX,8,30,F,1,199809,1,"$38,593",1.1
EP00,11,D,21,12,B,0110,1,GS-12,D,XXXX,8,15,F,1,199809,1,"$47,066",1.3
EP00,11,G,21,,A,0110,1,ED-00,Z,XXXX,8,48,I,2,199809,1,,0.3
EP00,51,C,18,09,A,0110,1,GS-09,C,XXXX,8,15,F,1,199809,1,"$32,457",0.2
EP00,11,I,21,14,G,0110,1,GS-14,G,XXXX,8,10,F,1,199809,1,"$77,160",22.9
EP00,11,H,21,,A,0110,1,EF-00,F,XXXX,8,48,I,2,199809,1,"$69,992",0.5
EP00,11,H,21,,F,0110,1,ES-06,L,XXXX,8,50,F,1,199809,1,"$125,900",18.8
EP00,11,E,17,13,D,0110,1,GS-13,F,XXXX,8,10,P,2,199809,1,"$61,565",5.9
EP00,24,D,13,13,D,0110,1,GS-13,E,XXXX,8,10,F,1,199809,1,"$59,700",7.8
EP00,11,F,21,15,D,0110,1,GS-15,G,XXXX,8,10,F,1,199809,1,"$77,798",7.3
EP00,53,H,17,13,E,0110,1,GS-13,F,XXXX,8,10,F,1,199809,1,"$65,339",12.5
EP00,11,C,17,13,C,0110,1,GS-13,E,XXXX,8,10,F,1,199809,1,"$55,969",4.0
EP00,11,I,17,,A,0110,1,EI-00,C,XXXX,8,48,I,2,199809,1,"$30,400",0.4
EP00,11,J,17,13,F,0110,1,GS-13,G,XXXX,8,10,F,1,199809,1,"$72,758",17.7
EP00,11,F,14,,A,0110,1,EF-00,F,XXXX,8,48,I,2,199809,1,"$69,992",0.6
EP00,11,E,17,15,E,0110,1,GS-15,I,XXXX,2,10,F,1,199809,1,"$93,360",13.4
EP00,11,G,21,,A,0110,1,EF-00,F,XXXX,8,48,I,2,199809,1,"$69,992",0.5
EP00,11,E,17,14,E,0110,1,GS-14,G,XXXX,8,10,F,1,199809,1,"$74,956",11.0
EP00,11,C,17,09,A,0110,1,GS-09,C,XXXX,8,15,F,1,199809,1,"$32,457",0.5
EP00,11,E,17,14,E,0110,1,GS-14,G,XXXX,8,10,F,1,199809,1,"$77,160",10.8
EP00,51,H,14,14,H,0110,1,GS-14,H,XXXX,8,10,F,1,199809,1,"$81,569",25.3
EP00,37,H,18,14,H,0110,1,GS-14,H,XXXX,8,10,F,1,199809,1,"$84,495",28.3
EP00,11,D,18,13,B,0110,1,GS-13,E,XXXX,8,15,F,1,199809,1,"$55,969",1.0
EP00,11,H,21,,A,0110,1,EF-00,G,XXXX,8,48,I,2,199809,1,"$70,054",0.3
EP00,11,F,17,14,E,0110,1,GS-14,G,XXXX,8,10,F,1,199809,1,"$72,752",14.8
EP00,51,F,17,15,F,0110,1,GS-15,H,XXXX,2,10,F,1,199809,1,"$88,173",19.0
EP00,11,J,21,,A,0110,1,ED-00,F,XXXX,8,48,I,2,199809,1,"$69,992",0.5
EP00,11,E,14,13,D,0110,1,GS-13,E,XXXX,8,10,F,1,199809,1,"$59,700",7.8
EP00,11,F,21,14,E,0110,1,GS-14,G,XXXX,8,10,F,1,199809,1,"$72,752",11.8
EP00,11,D,21,13,B,0110,1,GS-13,E,XXXX,8,15,F,1,199809,1,"$57,835",1.1
EP00,11,D,17,13,B,0110,1,GS-13,E,XXXX,8,15,F,1,199809,1,"$55,969",1.7
EP00,11,F,21,13,D,0110,1,GS-13,E,XXXX,8,10,F,1,199809,1,"$59,700",5.0
EP00,51,H,18,14,G,0110,1,GS-14,H,XXXX,8,10,F,1,199809,1,"$85,978",24.4
EP00,11,C,17,09,A,0110,1,GS-09,C,XXXX,8,15,F,1,199809,1,"$32,457",0.5
EP00,37,F,13,09,E,0110,1,GS-09,C,XXXX,8,10,F,1,199809,1,"$34,024",13.3
EP00,11,D,14,14,D,0110,1,GS-14,G,XXXX,8,10,F,1,199809,1,"$72,752",9.8
EP00,37,D,17,13,D,0110,1,GS-13,E,XXXX,8,10,F,1,199809,1,"$55,004",8.6
EP00,11,F,17,13,D,0110,1,GS-13,F,XXXX,8,10,F,1,199809,1,"$63,431",8.4
EP00,51,F,14,14,E,0110,1,GS-14,H,XXXX,8,10,F,1,199809,1,"$81,569",13.0
EP00,11,F,21,14,D,0110,1,GS-14,G,XXXX,8,10,F,1,199809,1,"$74,956",6.8
EP00,11,H,22,,A,0110,1,ED-00,G,XXXX,8,48,I,2,199809,1,"$70,054",0.0
EP00,51,E,17,11,D,0110,1,GS-11,E,XXXX,8,15,F,1,199809,1,"$51,049",6.3
EP00,11,E,17,14,C,0110,1,GS-14,G,XXXX,8,10,F,1,199809,1,"$77,160",4.1
EP00,11,D,18,13,D,0110,1,GS-13,E,XXXX,8,10,F,1,199809,1,"$57,835",6.3
EP00,51,H,17,12,D,0110,1,GS-12,D,XXXX,8,10,F,1,199809,1,"$47,066",7.8
EP00,37,H,17,13,F,0110,1,GS-13,F,XXXX,8,10,F,1,199809,1,"$69,670",19.5
EP00,11,E,17,14,D,0110,1,GS-14,G,XXXX,8,10,F,1,199809,1,"$72,752",8.2
EP00,51,H,21,14,E,0110,1,GS-14,G,XXXX,8,10,F,1,199809,1,"$72,752",11.1
EP00,51,I,21,13,D,0110,1,GS-13,F,XXXX,8,10,F,1,199809,1,"$65,296",7.3
EP00,11,H,17,13,G,0110,1,GS-13,G,XXXX,8,10,F,1,199809,1,"$70,893",24.1
EP00,11,E,21,13,B,0110,1,GS-13,F,XXXX,8,15,F,1,199809,1,"$65,296",1.8
EP00,37,G,18,13,C,0110,1,GS-13,F,XXXX,8,10,F,1,199809,1,"$64,170",3.2
EP00,11,C,14,12,C,0110,1,GS-12,D,XXXX,8,10,F,1,199809,1,"$47,066",3.8
EP00,11,E,21,13,B,0110,1,GS-13,F,XXXX,8,15,P,2,199809,1,"$63,431",1.3
EP00,11,D,21,13,B,0110,1,GS-13,E,XXXX,8,15,F,1,199809,1,"$55,969",1.8
EP00,37,D,21,13,A,0110,1,GS-13,E,XXXX,8,15,F,1,199809,1,"$55,004",0.4
EP00,11,D,21,13,B,0110,1,GS-13,F,XXXX,8,15,F,1,199809,1,"$61,565",2.4
EP00,11,D,12,13,A,0110,1,GS-13,E,XXXX,8,20,F,2,199809,1,"$55,969",0.6
EP00,11,G,21,,A,0110,1,ED-00,F,XXXX,8,48,I,2,199809,1,"$69,992",0.1
EP00,39,F,17,14,E,0110,1,GS-14,G,XXXX,8,10,F,1,199809,1,"$70,837",14.7
EP00,11,F,21,,A,0110,1,EF-00,F,XXXX,8,48,I,2,199809,1,"$69,992",0.1
EP00,51,D,17,13,D,0110,1,GS-13,F,XXXX,8,10,P,2,199809,1,"$61,565",8.9
EP00,11,C,21,12,B,0110,1,GS-12,D,XXXX,8,15,F,1,199809,1,"$47,066",1.2
EP00,11,D,21,13,B,0110,1,GS-13,E,XXXX,8,15,F,1,199809,1,"$57,835",1.1
EP00,11,F,21,,A,0110,1,EF-00,F,XXXX,8,48,I,2,199809,1,"$69,992",0.3
EP00,11,E,17,13,E,0110,1,GS-13,F,XXXX,8,10,F,1,199809,1,"$61,565",10.1
EP00,11,H,21,15,G,0110,1,GS-15,I,XXXX,2,10,F,1,199809,1,"$95,954",23.3
EP00,11,D,17,11,C,0110,1,GS-11,C,XXXX,8,15,F,1,199809,1,"$39,270",3.1
EP00,11,H,21,12,E,0110,1,GS-12,D,XXXX,8,15,F,1,199809,1,"$47,066",12.0
EP00,51,E,17,13,D,0110,1,GS-13,E,XXXX,8,10,F,1,199809,1,"$55,969",6.6
EP00,11,H,17,15,B,0110,1,GS-15,I,XXXX,8,15,F,1,199809,1,"$98,548",1.2
EP00,11,G,21,14,D,0110,1,GS-14,H,XXXX,8,10,F,1,199809,1,"$81,569",6.3
EP00,11,H,22,,A,0110,1,ED-00,G,XXXX,8,48,I,2,199809,1,"$70,054",0.8
EP00,11,H,22,,A,0110,1,ED-00,G,XXXX,8,48,I,2,199809,1,"$70,054",0.3
EP00,39,I,21,13,Z,0110,1,GS-13,F,XXXX,8,10,I,2,199809,1,"$67,437",
EP00,17,E,17,13,D,0110,1,GS-13,E,XXXX,8,10,F,1,199809,1,"$58,881",8.3
EP00,11,E,17,13,D,0110,1,GS-13,F,XXXX,8,10,F,1,199809,1,"$63,431",8.3
EP00,51,E,15,13,D,0110,1,GS-13,F,XXXX,8,10,F,1,199809,1,"$65,296",9.2
EP00,51,I,21,13,F,0110,1,GS-13,F,XXXX,8,10,F,1,199809,1,"$65,296",16.7
EP00,11,G,12,,A,0110,1,EF-00,G,XXXX,8,48,I,2,199809,1,"$70,054",0.9
EP00,11,H,21,,A,0110,1,EF-00,G,XXXX,8,48,I,2,199809,1,"$70,054",0.0
EP00,11,G,21,15,E,0110,1,GS-15,I,XXXX,8,10,P,2,199809,1,"$90,767",13.6
EP00,11,G,22,,A,0110,1,ED-00,G,XXXX,8,48,I,2,199809,1,"$70,054",0.0
EP00,11,E,17,11,D,0110,1,GS-11,Z,XXXX,8,15,F,1,199809,1,,7.3
EP00,11,E,21,14,D,0110,1,GS-14,G,XXXX,8,10,F,1,199809,1,"$74,956",8.5
EP00,11,E,17,13,D,0110,1,GS-13,F,XXXX,8,10,F,1,199809,1,"$61,565",7.6
EP00,11,K,17,,A,0110,1,EF-00,F,XXXX,8,48,I,2,199809,1,"$69,992",0.7
EP00,11,J,21,,A,0110,1,EF-00,G,XXXX,8,48,I,2,199809,1,"$70,054",0.2
EP00,11,J,22,,A,0110,1,ED-00,Z,XXXX,8,48,I,2,199809,1,,0.5
EP00,11,D,21,11,A,0110,1,GS-11,D,XXXX,8,15,F,1,199809,1,"$47,123",0.9
EP00,11,F,17,15,E,0110,1,GS-15,H,XXXX,8,10,F,1,199809,1,"$82,985",12.6
EP00,51,J,21,15,I,0110,1,GS-15,J,XXXX,8,10,F,1,199809,1,"$101,142",34.5
EP00,11,F,21,14,D,0110,1,GS-14,G,XXXX,2,10,F,1,199809,1,"$77,160",8.3
EP00,11,F,21,,A,0110,1,EF-00,F,XXXX,8,48,I,2,199809,1,"$69,992",0.5
EP00,51,J,21,13,B,0110,1,GS-13,G,XXXX,8,10,F,1,199809,1,"$72,758",2.2
EP00,11,D,17,13,A,0110,1,GS-13,G,XXXX,8,15,F,1,199809,1,"$70,893",0.6
EP00,11,E,21,,A,0110,1,ED-00,F,XXXX,8,48,I,2,199809,1,"$69,992",0.7
EP00,11,H,21,14,H,0110,1,GS-14,H,XXXX,8,10,F,1,199809,1,"$81,569",26.3
EP00,51,D,17,13,D,0110,1,GS-13,F,XXXX,8,10,F,1,199809,1,"$61,565",6.3
EP00,11,F,17,15,E,0110,1,GS-15,H,XXXX,8,10,F,1,199809,1,"$88,173",12.5
EP00,11,J,21,,A,0110,1,ED-00,G,XXXX,8,48,I,2,199809,1,"$70,054",0.8
EP00,11,G,13,13,G,0110,1,GS-13,F,XXXX,8,10,F,1,199809,1,"$67,162",20.3
EP00,11,G,18,13,F,0110,1,GS-13,F,XXXX,8,10,F,1,199809,1,"$69,027",19.3
EP00,37,D,17,13,D,0110,1,GS-13,F,XXXX,8,10,F,1,199809,1,"$64,170",8.2
EP00,11,I,17,13,G,0110,1,GS-13,G,XXXX,8,10,F,1,199809,1,"$72,758",22.4
EP00,11,G,17,14,G,0110,1,GS-14,H,XXXX,8,10,F,1,199809,1,"$83,774",23.6
EP00,11,K,21,,A,0110,1,ED-00,F,XXXX,8,48,I,2,199809,1,"$69,992",0.5
EP00,11,H,17,13,G,0110,1,GS-13,G,XXXX,8,10,F,1,199809,1,"$72,758",24.3
EP00,11,I,22,,A,0110,1,ED-00,G,XXXX,8,48,I,2,199809,1,"$70,054",0.3
EP00,51,F,17,14,F,0110,1,GS-14,G,XXXX,8,10,F,1,199809,1,"$74,956",15.1
EP00,11,H,21,15,E,0110,1,GS-15,I,XXXX,8,10,F,1,199809,1,"$95,954",12.3
EP00,11,E,21,12,A,0110,1,GS-12,E,XXXX,8,15,F,1,199809,1,"$54,913",0.3
EP00,11,I,21,,A,0110,1,ED-00,I,XXXX,8,48,I,2,199809,1,"$91,848",0.8
EP00,11,H,22,,A,0110,1,EF-00,F,XXXX,8,48,I,2,199809,1,"$69,992",0.4
EP00,11,I,18,15,I,0110,1,GS-15,J,XXXX,8,10,F,1,199809,1,"$101,142",34.9
EP00,11,C,17,11,B,0110,1,GS-11,D,XXXX,8,15,F,1,199809,1,"$40,579",1.4
EP00,11,H,21,,A,0110,1,EF-00,G,XXXX,8,48,I,2,199809,1,"$70,054",0.8
EP00,51,H,17,12,D,0110,1,GS-12,D,XXXX,8,10,F,1,199809,1,"$47,066",7.3
EP00,11,F,21,,A,0110,1,ED-00,F,XXXX,8,48,I,2,199809,1,"$69,992",0.4
EP00,11,D,21,,A,0110,1,EF-00,F,XXXX,8,48,I,2,199809,1,"$69,992",0.5
EP00,11,G,21,,A,0110,1,ED-00,F,XXXX,8,48,I,2,199809,1,"$69,992",0.5
EP00,11,I,21,,A,0110,1,EF-00,G,XXXX,8,48,I,2,199809,1,"$70,054",0.8
EP00,11,F,21,,A,0110,1,EF-00,F,XXXX,8,48,I,2,199809,1,"$69,992",0.6
EP00,11,J,21,,B,0110,1,EF-00,G,XXXX,8,48,I,2,199809,1,"$70,054",1.0
EP00,11,D,22,12,A,0110,1,GS-12,D,XXXX,8,15,F,1,199809,1,"$47,066",0.6
EP00,11,E,18,12,A,0110,1,GS-12,D,XXXX,8,15,F,1,199809,1,"$47,066",0.1
EP00,11,H,21,13,F,0110,1,GS-13,F,XXXX,8,10,F,1,199809,1,"$69,027",17.2
EP00,11,H,21,14,G,0110,1,GS-14,H,XXXX,8,10,F,1,199809,1,"$85,978",21.8
EP00,11,G,21,,A,0110,1,EF-00,F,XXXX,8,48,I,2,199809,1,"$69,992",0.5
EP00,11,F,21,13,A,0110,1,GS-13,E,XXXX,8,15,F,1,199809,1,"$55,969",0.1
EP00,51,E,21,13,A,0110,1,GS-13,E,XXXX,8,15,F,1,199809,1,"$55,969",0.0
EP00,37,F,18,13,D,0110,1,GS-13,E,XXXX,8,10,F,1,199809,1,"$58,670",7.0
EP00,51,E,21,13,D,0110,1,GS-13,F,XXXX,8,10,F,1,199809,1,"$61,565",6.1
EP00,11,E,18,14,C,0110,1,GS-14,H,XXXX,8,10,F,1,199809,1,"$83,774",4.5
EP00,11,F,13,13,F,0110,1,GS-13,G,XXXX,8,10,F,1,199809,1,"$70,893",19.8
EP00,11,G,17,13,E,0110,1,GS-13,F,XXXX,8,15,F,1,199809,1,"$61,565",12.8
EP00,11,E,21,13,B,0110,1,GS-13,E,XXXX,8,15,F,1,199809,1,"$55,969",1.3
FC00,11,H,17,15,H,0110,1,GS-15,I,XXXX,8,10,F,1,199809,1,"$93,360",26.0
FC00,11,F,18,15,E,0110,1,GS-15,H,XXXX,8,10,F,1,199809,1,"$80,391",14.8
FC00,11,E,21,14,B,0110,1,GS-14,G,XXXX,8,20,F,2,199809,1,"$77,160",1.3
FC00,11,H,17,15,F,0110,1,GS-15,J,XXXX,8,10,F,1,199809,1,"$101,142",19.2
FC00,11,F,21,15,E,0110,1,GS-15,G,XXXX,2,10,F,1,199809,1,"$77,798",10.2
FC00,11,D,21,15,C,0110,1,GS-15,H,XXXX,8,10,F,1,199809,1,"$82,985",3.2
FC00,11,G,17,15,F,0110,1,GS-15,I,XXXX,8,10,F,1,199809,1,"$95,954",18.0
FC00,11,G,17,,G,0110,1,ES-04,L,XXXX,2,50,F,1,199809,1,"$122,824",21.8
FC00,11,F,21,14,D,0110,1,GS-14,H,XXXX,8,20,F,2,199809,1,"$85,978",5.6
FC00,11,H,21,15,G,0110,1,GS-15,J,XXXX,8,10,F,1,199809,1,"$101,142",24.1
FC00,11,G,17,15,G,0110,1,GM-15,I,XXXX,2,10,P,2,199809,1,"$95,954",22.2
FC00,11,J,21,15,D,0110,1,GS-15,I,XXXX,2,10,F,1,199809,1,"$93,360",5.9
FC00,11,H,17,13,E,0110,1,GS-13,E,XXXX,8,10,F,1,199809,1,"$59,700",10.5
FC00,11,G,21,14,D,0110,1,GS-14,F,XXXX,8,10,F,1,199809,1,"$68,343",8.3
FC00,11,E,17,13,B,0110,1,GS-13,E,XXXX,8,20,F,2,199809,1,"$55,969",2.0
FC00,11,D,17,09,A,0110,1,GS-09,C,XXXX,8,42,F,2,199809,1,"$32,457",0.1
FC00,11,I,21,,H,0110,1,SL-00,L,XXXX,2,10,F,1,199809,1,"$122,824",25.9
FC00,11,G,21,15,F,0110,1,GM-15,J,XXXX,5,10,F,1,199809,1,"$101,142",17.2
FC00,11,F,17,15,D,0110,1,GS-15,H,XXXX,8,20,F,2,199809,1,"$80,391",5.7
FC00,11,D,13,12,C,0110,1,GS-12,D,XXXX,8,20,F,2,199809,1,"$47,066",4.2
FC00,11,I,21,15,E,0110,1,GS-15,J,XXXX,8,10,F,1,199809,1,"$101,142",10.2
FC00,11,F,21,15,F,0110,1,GS-15,I,XXXX,8,10,F,1,199809,1,"$93,360",18.7
FC00,11,H,13,15,H,0110,1,GM-15,J,XXXX,5,10,F,1,199809,1,"$101,142",26.6
FC00,11,F,21,15,C,0110,1,GS-15,I,XXXX,8,10,F,1,199809,1,"$93,360",3.3
FC00,11,G,18,14,F,0110,1,GS-14,H,XXXX,8,10,F,1,199809,1,"$85,978",17.3
FC00,11,G,13,15,H,0110,1,GS-15,I,XXXX,8,10,F,1,199809,1,"$95,954",25.8
FC00,11,G,21,15,F,0110,1,GM-15,J,XXXX,5,10,F,1,199809,1,"$101,142",18.6
FC00,11,E,21,15,C,0110,1,GS-15,H,XXXX,2,10,F,1,199809,1,"$80,391",3.3
FC00,11,C,17,12,D,0110,1,GS-12,D,XXXX,8,10,F,1,199809,1,"$47,066",5.3
FC00,11,H,13,15,H,0110,1,GS-15,H,XXXX,8,10,F,1,199809,1,"$85,579",29.2
FC00,11,H,17,15,E,0110,1,GS-15,G,XXXX,8,20,F,2,199809,1,"$77,798",11.6
FC00,11,G,13,14,H,0110,1,GS-14,G,XXXX,8,10,F,1,199809,1,"$72,752",26.0
FC00,11,H,17,15,G,0110,1,GS-15,J,XXXX,8,10,F,1,199809,1,"$101,142",20.7
FC00,11,G,13,13,G,0110,1,GS-13,F,XXXX,8,10,F,1,199809,1,"$63,431",21.7
FC00,11,F,17,14,F,0110,1,GS-14,G,XXXX,8,10,F,1,199809,1,"$72,752",19.8
FC00,11,H,17,15,G,0110,1,GS-15,I,XXXX,8,10,F,1,199809,1,"$95,954",20.2
FC00,11,H,21,15,C,0110,1,GS-15,J,XXXX,8,10,F,1,199809,1,"$101,142",3.0
FC00,11,E,17,14,B,0110,1,GS-14,F,XXXX,8,20,F,2,199809,1,"$68,343",1.6
FC00,11,G,21,13,C,0110,1,GS-13,E,XXXX,8,20,F,2,199809,1,"$55,969",3.8
FC00,11,D,21,12,B,0110,1,GS-12,D,XXXX,8,20,F,2,199809,1,"$48,635",1.1
FC00,11,I,21,15,H,0110,1,GS-15,I,XXXX,8,10,F,1,199809,1,"$90,767",27.8
FC00,11,D,21,14,B,0110,1,GS-14,G,XXXX,8,20,F,2,199809,1,"$77,160",1.0
FC00,11,E,18,13,D,0110,1,GS-13,E,XXXX,8,10,F,1,199809,1,"$57,835",5.5
FC00,11,F,17,14,B,0110,1,GS-14,G,XXXX,8,20,F,2,199809,1,"$70,547",2.0
FC00,11,G,21,15,C,0110,1,GS-15,I,XXXX,8,10,F,1,199809,1,"$90,767",4.0
FC00,11,C,17,11,A,0110,1,GS-11,D,XXXX,8,20,F,2,199809,1,"$47,123",0.3
FC00,11,K,14,12,J,0110,1,GS-12,F,XXXX,8,10,F,1,199809,1,"$61,190",43.8
FC00,11,H,21,15,F,0110,1,GS-15,I,XXXX,8,10,F,1,199809,1,"$98,548",19.2
FC00,11,G,21,15,E,0110,1,GS-15,H,XXXX,8,10,F,1,199809,1,"$85,579",10.9
FC00,11,E,21,15,C,0110,1,GS-15,H,XXXX,8,10,F,1,199809,1,"$80,391",3.5
FC00,11,D,17,13,B,0110,1,GS-13,F,XXXX,8,20,F,2,199809,1,"$61,565",1.3
FC00,11,F,21,14,C,0110,1,GS-14,G,XXXX,8,10,F,1,199809,1,"$74,956",4.0
FC00,11,H,21,15,B,0110,1,GS-15,I,XXXX,8,20,F,2,199809,1,"$90,767",2.1
FC00,11,I,20,15,G,0110,1,GS-15,J,XXXX,8,10,F,1,199809,1,"$101,142",23.8
FC00,11,H,21,15,H,0110,1,GS-15,J,XXXX,8,10,F,1,199809,1,"$101,142",27.8
FC00,11,F,18,12,C,0110,1,GS-12,D,XXXX,8,10,F,1,199809,1,"$48,635",3.7
FC00,11,H,17,15,G,0110,1,GS-15,J,XXXX,8,10,F,1,199809,1,"$101,142",24.3
FC00,11,D,17,15,C,0110,1,GS-15,G,XXXX,8,10,F,1,199809,1,"$77,798",3.5
FC00,11,F,21,15,C,0110,1,GS-15,H,XXXX,8,10,F,1,199809,1,"$82,985",4.1
FD00,25,B,17,09,A,0110,1,CG-09,D,XXXX,8,15,F,1,199809,1,"$41,585",0.0
FD00,11,F,21,15,E,0110,1,CG-15,I,XXXX,2,10,F,1,199809,1,"$98,277",11.8
FD00,11,B,07,09,B,0110,1,CG-09,D,XXXX,8,20,F,2,199809,1,"$40,122",1.2
FD00,11,F,21,13,B,0110,1,CG-13,F,XXXX,8,15,F,1,199809,1,"$69,536",1.9
FD00,11,F,21,,D,0110,1,EO-03,O,XXXX,2,10,F,1,199809,1,"$153,311",9.6
FD00,11,H,21,,G,0110,1,EO-04,P,XXXX,2,10,F,1,199809,1,"$168,439",20.1
FD00,36,E,17,09,B,0110,1,CG-09,F,XXXX,8,15,F,1,199809,1,"$61,653",1.8
FD00,06,C,18,07,A,0110,1,CG-07,C,XXXX,8,42,P,2,199809,1,"$35,677",0.3
FD00,36,G,04,14,B,0110,1,CG-14,I,XXXX,8,15,F,1,199809,1,"$90,228",1.8
FD00,11,K,17,,E,0110,1,EO-02,M,XXXX,2,10,F,1,199809,1,"$132,383",10.4
FD00,17,H,17,14,D,0110,1,CG-14,I,XXXX,8,15,F,1,199809,1,"$99,362",8.1
FD00,11,C,07,13,B,0110,1,CG-13,G,XXXX,8,15,F,1,199809,1,"$72,020",1.3
FD00,11,H,17,15,I,0110,1,CG-15,J,XXXX,2,10,F,1,199809,1,"$109,739",30.9
FD00,11,H,21,14,H,0110,1,CG-14,J,XXXX,8,10,F,1,199809,1,"$100,150",29.4
FD00,11,F,21,14,D,0110,1,CG-14,G,XXXX,8,10,F,1,199809,1,"$79,602",7.2
FD00,11,D,17,09,A,0110,1,CG-09,D,XXXX,8,15,F,1,199809,1,"$40,122",0.1
FD00,11,B,07,09,B,0110,1,CG-09,D,XXXX,8,20,F,2,199809,1,"$40,122",1.3
FD00,11,F,17,14,F,0110,1,CG-14,H,XXXX,8,10,F,1,199809,1,"$89,773",19.3
FD00,11,C,09,13,D,0110,1,CG-13,F,XXXX,8,10,F,1,199809,1,"$64,881",6.8
FD00,11,F,17,14,D,0110,1,CG-14,H,XXXX,8,15,F,1,199809,1,"$88,045",6.3
FD00,11,F,21,14,E,0110,1,CG-14,H,XXXX,8,10,F,1,199809,1,"$85,477",13.3
FD00,11,C,04,12,C,0110,1,CG-12,E,XXXX,8,15,F,1,199809,1,"$57,542",3.9
FD00,11,G,17,14,H,0110,1,CG-14,I,XXXX,8,10,F,1,199809,1,"$98,369",26.1
FD00,11,C,12,09,B,0110,1,CG-09,D,XXXX,8,10,F,1,199809,1,"$40,122",1.2
FD00,11,C,07,13,B,0110,1,CG-13,G,XXXX,8,15,F,1,199809,1,"$71,672",1.2
FD00,11,G,21,15,E,0110,1,CG-15,K,XXXX,2,10,F,1,199809,1,"$115,508",10.0
FD00,11,H,17,14,I,0110,1,CG-14,I,XXXX,8,10,F,1,199809,1,"$99,192",30.3
FD00,11,G,21,14,E,0110,1,CG-14,G,XXXX,8,10,F,1,199809,1,"$78,904",11.2
FD00,11,B,07,09,B,0110,1,CG-09,D,XXXX,8,20,F,2,199809,1,"$40,122",1.2
FD00,13,D,21,14,B,0110,1,CG-14,G,XXXX,8,15,F,1,199809,1,"$72,636",1.7
FD00,11,J,21,15,I,0110,1,CG-15,K,XXXX,2,10,F,1,199809,1,"$117,793",30.5
FD00,11,F,21,13,C,0110,1,CG-13,G,XXXX,8,15,F,1,199809,1,"$78,232",4.1
FD00,11,B,13,09,B,0110,1,CG-09,D,XXXX,8,10,F,1,199809,1,"$40,122",2.1
FD00,11,E,12,14,B,0110,1,CG-14,G,XXXX,2,15,F,1,199809,1,"$79,602",1.8
FD00,11,E,17,15,E,0110,1,CG-15,J,XXXX,2,10,F,1,199809,1,"$105,017",11.4
FD00,11,F,21,14,E,0110,1,CG-14,H,XXXX,8,10,F,1,199809,1,"$89,773",10.2
FD00,11,G,21,,D,0110,1,EO-02,M,XXXX,2,10,F,1,199809,1,"$132,383",7.4
FD00,48,C,17,09,A,0110,1,CG-09,C,XXXX,8,15,F,1,199809,1,"$36,681",0.3
FD00,11,B,07,09,B,0110,1,CG-09,D,XXXX,8,20,F,2,199809,1,"$40,122",1.1
FD00,29,F,17,14,B,0110,1,CG-14,F,XXXX,8,15,F,1,199809,1,"$66,394",1.3
FD00,11,F,21,13,B,0110,1,CG-13,G,XXXX,8,15,F,1,199809,1,"$73,887",2.1
FD00,11,G,17,15,G,0110,1,CG-15,K,XXXX,2,10,F,1,199809,1,"$110,748",24.4
FD00,11,G,21,14,E,0110,1,CG-14,I,XXXX,8,10,F,1,199809,1,"$92,340",12.2
FD00,11,J,21,,I,0110,1,EO-04,Q,XXXX,2,10,F,1,199809,1,"$171,473",32.7
FD00,48,F,17,14,B,0110,1,CG-14,G,XXXX,8,15,F,1,199809,1,"$72,776",1.8
FD00,06,B,11,04,A,0110,1,CG-04,B,XXXX,8,42,F,2,199809,1,"$24,851",0.3
FD00,11,D,12,12,B,0110,1,CG-12,F,XXXX,8,15,F,1,199809,1,"$67,615",1.0
FD00,11,B,07,07,B,0110,1,CG-07,C,XXXX,8,20,F,2,199809,1,"$31,538",1.0
FD00,25,D,17,14,B,0110,1,CG-14,H,XXXX,8,15,F,1,199809,1,"$82,505",1.8
FD00,06,G,18,14,B,0110,1,CG-14,H,XXXX,8,15,F,1,199809,1,"$87,143",1.8
FD00,47,G,22,14,B,0110,1,CG-14,F,XXXX,8,15,F,1,199809,1,"$69,516",1.0
FD00,11,F,17,14,E,0110,1,CG-14,G,XXXX,8,10,F,1,199809,1,"$79,495",10.5
FD00,11,C,21,13,B,0110,1,CG-13,F,XXXX,8,15,F,1,199809,1,"$69,536",2.1
FL00,51,H,21,,H,0110,1,VH-41,I,XXXX,8,10,F,1,199809,1,"$97,627",27.0
FL00,51,I,14,,I,0110,1,VH-42,J,XXXX,8,10,F,1,199809,1,"$109,996",34.8
FT00,11,H,21,,G,0110,1,ES-02,K,XXXX,2,50,F,1,199809,1,"$111,454",20.8
FT00,11,G,21,15,F,0110,1,GM-15,J,XXXX,2,10,F,1,199809,1,"$101,142",18.1
FT00,11,H,22,15,F,0110,1,GM-15,J,XXXX,2,10,F,1,199809,1,"$101,142",19.8
FT00,08,G,21,15,G,0110,1,GM-15,J,XXXX,5,10,F,1,199809,1,"$102,264",20.1
FT00,11,E,22,15,D,0110,1,GS-15,H,XXXX,5,15,F,1,199809,1,"$82,985",7.5
FT00,11,F,22,15,F,0110,1,GS-15,H,XXXX,5,10,F,1,199809,1,"$88,173",18.4
FT00,11,H,21,15,G,0110,1,GM-15,I,XXXX,5,10,F,1,199809,1,"$95,066",20.3
FT00,11,F,22,12,A,0110,1,GS-12,D,XXXX,8,15,F,1,199809,1,"$47,066",0.1
FT00,11,H,21,15,H,0110,1,GM-15,J,XXXX,2,10,F,1,199809,1,"$101,142",25.3
FT00,11,E,17,15,E,0110,1,GS-15,H,XXXX,5,15,P,2,199809,1,"$85,579",10.3
FT00,11,F,21,15,D,0110,1,GS-15,H,XXXX,5,10,F,1,199809,1,"$85,579",8.3
FT00,11,G,21,15,F,0110,1,GM-15,I,XXXX,5,10,F,1,199809,1,"$90,114",19.0
FT00,11,D,21,14,D,0110,1,GS-14,G,XXXX,8,10,F,1,199809,1,"$70,547",5.9
FT00,11,C,21,12,A,0110,1,GS-12,F,XXXX,8,15,F,1,199809,1,"$61,190",0.1
FT00,11,E,21,15,E,0110,1,GS-15,H,XXXX,5,10,P,2,199809,1,"$82,985",11.0
FT00,11,I,21,15,G,0110,1,GM-15,J,XXXX,5,10,F,1,199809,1,"$101,142",24.3
FT00,11,E,21,15,D,0110,1,GS-15,H,XXXX,5,10,F,1,199809,1,"$82,985",7.3
FT00,11,F,21,15,E,0110,1,GS-15,I,XXXX,5,10,P,2,199809,1,"$90,767",12.6
FT00,11,I,21,15,I,0110,1,GM-15,J,XXXX,5,10,F,1,199809,1,"$101,142",30.5
FT00,11,F,21,15,E,0110,1,GS-15,I,XXXX,5,10,F,1,199809,1,"$93,360",10.3
FT00,11,F,21,15,F,0110,1,GM-15,I,XXXX,5,10,F,1,199809,1,"$98,554",15.7
FT00,11,E,15,15,D,0110,1,GS-15,H,XXXX,5,10,F,1,199809,1,"$80,391",8.3
FT00,11,D,21,12,B,0110,1,GS-12,E,XXXX,8,15,F,1,199809,1,"$56,482",1.9
FT00,48,G,,,C,0110,1,EF-00,H,XXXX,8,48,I,2,199809,1,"$86,360",3.2
FT00,11,F,21,15,F,0110,1,GM-15,J,XXXX,5,10,F,1,199809,1,"$101,142",19.3
FT00,11,E,22,15,D,0110,1,GS-15,I,XXXX,5,10,F,1,199809,1,"$90,767",9.0
FT00,11,D,21,15,D,0110,1,GS-15,H,XXXX,5,10,F,1,199809,1,"$85,579",6.1
FT00,11,H,14,14,I,0110,1,GM-14,G,XXXX,5,10,F,1,199809,1,"$79,652",31.6
FT00,11,C,21,12,B,0110,1,GS-12,D,XXXX,8,15,F,1,199809,1,"$47,066",1.3
FT00,11,G,22,15,F,0110,1,GS-15,G,XXXX,5,10,F,1,199809,1,"$77,798",18.4
FT00,11,H,20,15,G,0110,1,GM-15,I,XXXX,5,10,F,1,199809,1,"$94,336",21.2
FT00,11,H,21,15,F,0110,1,GM-15,J,XXXX,2,10,F,1,199809,1,"$101,142",19.2
FT00,11,G,22,14,F,0110,1,GM-14,H,XXXX,5,10,F,1,199809,1,"$80,683",15.8
FT00,11,C,21,14,B,0110,1,GS-14,F,XXXX,8,15,F,1,199809,1,"$66,138",2.9
FT00,39,H,,,D,0110,1,EF-00,H,XXXX,8,48,I,2,199809,1,"$86,360",5.6
FT00,11,E,21,13,D,0110,1,GS-13,F,XXXX,8,10,F,1,199809,1,"$63,431",7.8
FT00,11,F,21,15,F,0110,1,GM-15,J,XXXX,5,10,F,1,199809,1,"$101,142",16.7
FT00,11,D,21,15,C,0110,1,GS-15,G,XXXX,8,15,F,1,199809,1,"$77,798",3.3
FT00,11,H,21,15,G,0110,1,GM-15,J,XXXX,5,10,F,1,199809,1,"$101,142",24.2
FT00,11,J,22,15,F,0110,1,GM-15,J,XXXX,5,10,F,1,199809,1,"$101,142",16.3
FT00,11,H,21,15,E,0110,1,GS-15,H,XXXX,5,10,F,1,199809,1,"$88,173",10.0
FT00,11,H,21,15,G,0110,1,GS-15,I,XXXX,5,10,F,1,199809,1,"$90,767",24.3
FT00,11,C,21,13,B,0110,1,GS-13,E,XXXX,8,15,F,1,199809,1,"$59,700",1.1
FT00,11,E,21,15,D,0110,1,GS-15,G,XXXX,5,10,F,1,199809,1,"$77,798",7.9
FT00,11,G,21,,G,0110,1,ES-04,L,XXXX,2,50,F,1,199809,1,"$122,824",20.6
FT00,11,D,21,14,B,0110,1,GS-14,F,XXXX,8,15,F,1,199809,1,"$68,343",2.1
FT00,11,E,21,15,A,0110,1,GS-15,J,XXXX,5,10,F,1,199809,1,"$101,142",0.0
FT00,11,H,21,15,E,0110,1,GS-15,I,XXXX,2,10,F,1,199809,1,"$93,360",10.1
FT00,11,I,21,15,I,0110,1,GM-15,J,XXXX,5,10,F,1,199809,1,"$101,142",31.0
FT00,11,D,21,14,C,0110,1,GS-14,G,XXXX,8,10,F,1,199809,1,"$70,547",4.1
FT00,11,C,21,14,B,0110,1,GS-14,F,XXXX,8,15,F,1,199809,1,"$66,138",2.1
FT00,11,E,21,15,D,0110,1,GS-15,H,XXXX,5,10,F,1,199809,1,"$80,391",8.1
FT00,11,I,21,15,G,0110,1,GS-15,I,XXXX,5,10,F,1,199809,1,"$90,767",23.0
FT00,11,H,21,15,H,0110,1,GM-15,J,XXXX,5,10,F,1,199809,1,"$101,142",26.0
FT00,06,K,18,13,J,0110,1,GS-13,G,XXXX,8,10,F,1,199809,1,"$76,007",35.9
FT00,11,F,21,,E,0110,1,EF-00,I,XXXX,8,48,I,2,199809,1,"$93,915",14.1
FT00,11,H,21,15,G,0110,1,GM-15,J,XXXX,5,10,F,1,199809,1,"$100,836",23.0
FT00,11,E,21,,D,0110,1,ES-02,K,XXXX,2,50,F,1,199809,1,"$111,454",8.6
FT00,11,H,21,15,F,0110,1,GS-15,I,XXXX,5,10,F,1,199809,1,"$95,954",19.6
FT00,11,F,17,14,D,0110,1,GS-14,F,XXXX,8,10,P,2,199809,1,"$68,343",8.1
FT00,11,D,21,13,B,0110,1,GS-13,E,XXXX,8,15,F,1,199809,1,"$55,969",1.2
FT00,11,G,21,15,F,0110,1,GS-15,H,XXXX,5,10,F,1,199809,1,"$85,579",19.0
FT00,11,I,22,15,G,0110,1,GM-15,I,XXXX,5,10,F,1,199809,1,"$99,420",20.1
FT00,11,D,21,13,B,0110,1,GS-13,E,XXXX,8,15,F,1,199809,1,"$55,969",2.2
FT00,11,H,22,15,E,0110,1,GS-15,H,XXXX,5,10,F,1,199809,1,"$85,579",10.5
FT00,11,F,21,,E,0110,1,ES-06,L,XXXX,2,55,F,1,199809,1,"$125,900",12.5
FT00,11,E,21,15,D,0110,1,GS-15,H,XXXX,5,10,F,1,199809,1,"$82,985",7.9
FT00,11,C,21,13,B,0110,1,GS-13,E,XXXX,8,15,F,1,199809,1,"$57,835",2.0
FY00,11,F,21,,B,0110,1,TM-15,K,XXXX,8,15,F,1,199809,1,"$114,236",1.1
GS03,11,C,16,12,B,0110,1,GS-12,D,XXXX,8,15,F,1,199809,1,"$47,066",2.4
GS27,11,I,15,15,H,0110,1,GS-15,J,XXXX,2,10,F,1,199809,1,"$101,142",28.7
HE10,11,F,17,14,D,0110,1,GM-14,G,XXXX,5,10,F,1,199809,1,"$76,056",9.7
HE10,11,G,17,15,G,0110,1,GS-15,I,XXXX,2,10,F,1,199809,1,"$98,548",23.9
HE10,11,J,22,15,H,0110,1,GM-15,J,XXXX,5,10,F,1,199809,1,"$101,142",28.0
HE10,11,H,21,14,G,0110,1,GM-14,H,XXXX,5,10,F,1,199809,1,"$85,978",20.9
HE10,11,D,17,14,C,0110,1,GS-14,F,XXXX,8,10,F,1,199809,1,"$66,138",4.3
HE10,11,I,04,14,D,0110,1,GS-14,H,XXXX,8,10,F,1,199809,1,"$85,978",7.6
HE10,11,C,18,12,A,0110,1,GS-12,D,XXXX,8,20,F,2,199809,1,"$47,066",0.1
HE10,11,J,21,15,H,0110,1,GM-15,J,XXXX,2,10,F,1,199809,1,"$101,142",29.5
HE32,24,E,21,,D,0110,1,AD-00,G,XXXX,8,48,F,2,199809,1,"$74,956",6.3
HE32,24,H,21,14,E,0110,1,GS-14,H,XXXX,8,10,F,1,199809,1,"$85,978",13.0
HE33,24,E,21,,D,0110,1,EE-00,G,XXXX,8,48,F,2,199809,1,"$70,875",5.9
HE33,24,E,21,,D,0110,1,AD-00,G,XXXX,8,48,F,2,199809,1,"$77,159",6.8
HE33,24,F,21,,D,0110,1,AD-00,I,XXXX,8,48,F,2,199809,1,"$93,360",5.1
HE33,24,E,21,,D,0110,1,EE-00,H,XXXX,8,48,F,2,199809,1,"$81,560",8.9
HE33,24,H,21,,C,0110,1,EI-00,G,XXXX,8,48,I,2,199809,1,"$78,200",3.8
HE33,24,H,22,15,F,0110,1,GM-15,I,XXXX,2,10,F,1,199809,1,"$98,548",18.6
HE33,24,H,22,14,F,0110,1,GS-14,H,XXXX,8,10,P,2,199809,1,"$83,774",19.2
HE33,24,F,21,,D,0110,1,EE-00,H,XXXX,8,48,F,2,199809,1,"$81,560",7.4
HE33,24,H,17,15,C,0110,1,GS-15,J,XXXX,2,15,F,1,199809,1,"$101,142",3.5
HE33,24,E,13,,D,0110,1,AD-00,H,XXXX,8,48,F,2,199809,1,"$81,569",7.3
HE33,24,H,21,13,F,0110,1,GS-13,F,XXXX,8,10,F,1,199809,1,"$61,565",18.5
HE33,24,I,13,,H,0110,1,ES-04,L,XXXX,2,50,F,1,199809,1,"$122,824",29.3
HE33,24,F,21,,A,0110,1,EE-00,G,XXXX,8,48,F,2,199809,1,"$75,090",0.8
HE33,24,H,21,15,H,0110,1,GS-15,J,XXXX,8,10,F,1,199809,1,"$101,142",25.3
HE33,24,D,21,,C,0110,1,AD-00,F,XXXX,8,48,F,2,199809,1,"$63,431",3.0
HE33,24,I,21,15,E,0110,1,GS-15,J,XXXX,8,10,F,1,199809,1,"$101,142",10.4
HE33,24,F,18,,C,0110,1,EE-00,F,XXXX,8,48,F,2,199809,1,"$65,365",4.7
HE33,24,D,,,B,0110,1,EE-00,F,XXXX,8,48,F,2,199809,1,"$61,567",1.1
HE34,24,K,17,13,G,0110,1,GS-13,G,XXXX,8,10,F,1,199809,1,"$72,758",20.9
HE34,24,F,17,13,F,0110,1,GS-13,G,XXXX,8,10,F,1,199809,1,"$70,893",17.8
HE34,24,H,22,14,F,0110,1,GS-14,H,XXXX,8,10,F,1,199809,1,"$81,569",18.9
HE35,13,D,21,13,A,0110,1,GS-13,E,XXXX,8,15,F,1,199809,1,"$55,400",0.7
HE36,24,B,13,09,C,0110,1,GS-09,C,XXXX,8,42,I,2,199809,1,"$32,457",3.8
HE36,24,G,21,14,D,0110,1,GS-14,G,XXXX,8,10,F,1,199809,1,"$70,547",8.8
HE36,24,G,13,13,G,0110,1,GS-13,G,XXXX,8,10,F,1,199809,1,"$70,893",23.8
HE36,24,E,13,13,E,0110,1,GS-13,F,XXXX,8,10,F,1,199809,1,"$63,431",12.8
HE36,24,I,14,15,H,0110,1,GM-15,I,XXXX,2,10,F,1,199809,1,"$96,332",29.4
HE36,24,D,17,13,D,0110,1,GS-13,F,XXXX,8,10,F,1,199809,1,"$61,565",8.3
HE36,24,H,17,14,F,0110,1,GS-14,G,XXXX,2,10,F,1,199809,1,"$79,365",19.7
HE36,24,C,13,13,C,0110,1,GS-13,E,XXXX,8,15,F,1,199809,1,"$55,969",4.7
HE36,11,H,17,15,G,0110,1,GS-15,H,XXXX,2,10,F,1,199809,1,"$85,579",21.2
HE36,11,E,18,13,D,0110,1,GS-13,E,XXXX,8,10,F,1,199809,1,"$59,700",7.4
HE36,11,E,17,12,D,0110,1,GS-12,D,XXXX,8,10,F,1,199809,1,"$48,635",7.7
HE36,11,E,21,14,D,0110,1,GS-14,F,XXXX,8,10,F,1,199809,1,"$66,138",6.3
HE36,11,F,17,13,D,0110,1,GS-13,F,XXXX,8,10,F,1,199809,1,"$67,162",8.8
HE36,24,G,13,,A,0110,1,EE-00,D,XXXX,8,48,P,2,199809,1,"$47,066",0.4
HE36,11,G,21,13,C,0110,1,GS-13,F,XXXX,8,15,F,1,199809,1,"$63,431",3.3
HE36,24,F,17,13,E,0110,1,GS-13,F,XXXX,8,10,F,1,199809,1,"$61,565",11.1
HE36,24,D,14,12,C,0110,1,GS-12,D,XXXX,8,38,I,2,199809,1,"$47,066",3.8
HE36,11,H,04,07,I,0119,3,GS-07,C,XXXX,8,10,F,1,199809,1,"$31,836",30.8
HE38,24,K,21,,C,0110,1,EI-00,C,XXXX,8,48,I,2,199809,1,"$39,131",3.8
HE38,24,H,21,14,G,0110,1,GS-14,H,XXXX,8,10,F,1,199809,1,"$83,774",24.2
HE38,24,H,21,14,E,0110,1,GS-14,H,XXXX,8,10,F,1,199809,1,"$81,569",11.1
HE38,24,G,13,,C,0110,1,EI-00,C,XXXX,8,48,I,2,199809,1,"$39,131",3.8
HE38,24,H,21,14,F,0110,1,GS-14,H,XXXX,8,10,F,1,199809,1,"$85,978",18.3
HE38,27,H,21,,C,0110,1,EG-00,C,XXXX,8,48,I,2,199809,1,"$39,131",3.8
HE38,24,J,22,,C,0110,1,EI-00,C,XXXX,8,48,I,2,199809,1,"$39,131",3.8
HE38,24,G,21,14,D,0110,1,GS-14,F,XXXX,8,10,F,1,199809,1,"$66,138",9.8
HE38,24,H,21,15,E,0110,1,GS-15,I,XXXX,8,10,F,1,199809,1,"$90,767",10.2
HE39,54,H,21,13,F,0110,1,GS-13,F,XXXX,8,10,F,1,199809,1,"$67,837",15.9
HE39,13,F,21,,B,0110,1,AD-00,E,XXXX,8,48,F,2,199809,1,"$59,093",1.1
HE39,13,C,21,,A,0110,1,AD-00,D,XXXX,8,48,F,2,199809,1,"$46,588",0.2
HE39,13,E,22,13,A,0110,1,GS-13,E,XXXX,8,15,F,1,199809,1,"$55,400",0.3
HE39,24,I,21,15,H,0110,1,GM-15,J,XXXX,5,10,F,1,199809,1,"$100,518",25.8
HE39,13,D,21,,A,0110,1,AD-00,D,XXXX,8,48,F,2,199809,1,"$46,588",0.2
HE39,54,D,18,09,A,0110,1,GS-09,C,XXXX,8,42,P,2,199809,1,"$31,897",0.3
HE39,13,D,21,13,A,0110,1,GS-13,E,XXXX,8,15,F,1,199809,1,"$55,400",0.2
HE39,13,C,21,,A,0110,1,AD-00,D,XXXX,8,48,F,2,199809,1,"$46,588",0.2
HE39,13,E,21,13,B,0110,1,GS-13,E,XXXX,8,15,F,1,199809,1,"$57,247",1.2
HE39,54,G,13,13,E,0110,1,GS-13,F,XXXX,8,10,F,1,199809,1,"$60,504",13.0
HE39,13,F,22,13,B,0110,1,GS-13,E,XXXX,8,15,F,1,199809,1,"$59,093",1.8
HE39,13,H,21,,B,0110,1,AD-00,G,XXXX,8,48,F,2,199809,1,"$70,172",1.5
HE39,13,C,21,,A,0110,1,AD-00,D,XXXX,8,48,F,2,199809,1,"$46,588",0.2
HE70,24,D,17,13,A,0110,1,GS-13,F,XXXX,8,15,F,1,199809,1,"$61,565",0.6
HE70,24,J,17,13,G,0110,1,GS-13,G,XXXX,8,10,F,1,199809,1,"$72,758",24.2
HE70,24,G,21,15,G,0110,1,GS-15,I,XXXX,8,10,F,1,199809,1,"$90,767",21.2
HE70,24,I,18,13,G,0110,1,GS-13,G,XXXX,8,10,F,1,199809,1,"$70,893",21.6
HE70,24,D,17,13,D,0110,1,GS-13,G,XXXX,8,10,F,1,199809,1,"$72,758",5.9
HE70,24,I,21,15,D,0110,1,GS-15,H,XXXX,8,10,F,1,199809,1,"$82,985",8.2
HE70,24,G,13,13,G,0110,1,GS-13,F,XXXX,8,10,F,1,199809,1,"$65,296",24.9
HE70,24,J,13,13,G,0110,1,GS-13,G,XXXX,8,10,F,1,199809,1,"$72,758",20.9
HE70,24,G,21,13,C,0110,1,GS-13,G,XXXX,8,15,F,1,199809,1,"$70,893",4.5
HE70,24,G,14,15,H,0110,1,GM-15,H,XXXX,2,10,F,1,199809,1,"$88,173",25.8
HE70,24,H,14,13,H,0110,1,GS-13,F,XXXX,8,10,F,1,199809,1,"$69,027",25.3
HE70,24,G,17,14,G,0110,1,GS-14,H,XXXX,8,10,F,1,199809,1,"$83,774",24.3
HE70,24,D,13,13,D,0110,1,GS-13,F,XXXX,8,15,F,1,199809,1,"$67,162",7.5
HE70,24,C,13,13,D,0110,1,GS-13,E,XXXX,8,10,F,1,199809,1,"$55,969",6.3
HE70,24,C,13,12,D,0110,1,GS-12,D,XXXX,8,15,F,1,199809,1,"$48,635",7.3
HE70,24,E,13,13,E,0110,1,GS-13,E,XXXX,8,10,P,2,199809,1,"$57,835",10.2
HE70,24,D,13,13,D,0110,1,GS-13,E,XXXX,8,10,F,1,199809,1,"$57,835",8.3
HE70,24,E,14,13,E,0110,1,GS-13,F,XXXX,8,10,F,1,199809,1,"$61,565",11.4
HE70,24,D,13,12,C,0110,1,GS-12,E,XXXX,8,10,F,1,199809,1,"$56,482",4.4
HE70,24,J,21,14,F,0110,1,GS-14,H,XXXX,8,10,F,1,199809,1,"$85,978",18.9
HE70,24,F,14,13,F,0110,1,GS-13,F,XXXX,8,10,F,1,199809,1,"$63,431",17.0
HE70,24,G,17,15,G,0110,1,GM-15,I,XXXX,2,10,F,1,199809,1,"$97,257",24.0
HE70,24,I,21,15,G,0110,1,GS-15,J,XXXX,8,10,F,1,199809,1,"$101,142",20.5
HE70,24,I,21,15,H,0110,1,GM-15,I,XXXX,2,10,F,1,199809,1,"$98,928",26.9
HE70,24,I,21,13,G,0110,1,GS-13,F,XXXX,8,10,F,1,199809,1,"$69,027",21.3
HU01,25,F,17,12,D,0110,1,GS-12,E,XXXX,8,10,F,1,199809,1,"$57,188",7.3
HU01,25,H,13,12,H,0110,1,GS-12,F,XXXX,8,10,F,1,199809,1,"$61,954",25.5
HU02,36,G,13,12,G,0110,1,GS-12,F,XXXX,8,10,F,1,199809,1,"$60,135",23.6
HU02,36,G,13,13,G,0110,1,GS-13,F,XXXX,8,10,F,1,199809,1,"$66,003",24.8
HU02,34,I,17,13,I,0110,1,GS-13,G,XXXX,8,10,F,1,199809,1,"$74,447",33.7
HU02,36,J,15,15,J,0110,1,GM-15,J,XXXX,5,10,F,1,199809,1,"$103,489",36.0
HU03,42,K,18,14,G,0110,1,GM-14,H,XXXX,4,10,F,1,199809,1,"$86,299",21.8
HU03,42,G,17,13,G,0110,1,GS-13,G,XXXX,8,10,F,1,199809,1,"$72,039",23.0
HU03,42,D,13,12,E,0110,1,GS-12,E,XXXX,8,10,F,1,199809,1,"$55,117",10.3
HU03,11,F,17,13,E,0110,1,GS-13,F,XXXX,8,10,F,1,199809,1,"$69,027",12.9
HU04,RQ,H,15,13,H,0110,1,GS-13,F,XXXX,8,10,F,1,199809,1,"$67,827",26.0
HU04,12,G,13,12,H,0110,1,GS-12,F,XXXX,8,10,F,1,199809,1,"$60,135",28.3
HU04,45,H,17,13,F,0110,1,GS-13,F,XXXX,8,10,F,1,199809,1,"$67,837",19.7
HU04,12,I,17,13,I,0110,1,GM-13,G,XXXX,4,10,F,1,199809,1,"$71,503",32.5
HU04,13,G,14,13,G,0110,1,GS-13,G,XXXX,8,10,F,1,199809,1,"$72,019",21.9
HU04,13,H,14,14,I,0110,1,GM-14,H,XXXX,2,10,F,1,199809,1,"$85,104",31.4
HU04,13,I,13,12,D,0110,1,GS-12,E,XXXX,8,10,F,1,199809,1,"$54,355",9.7
HU04,12,H,14,12,F,0110,1,GS-12,E,XXXX,8,10,F,1,199809,1,"$52,423",18.9
HU04,01,I,15,13,H,0110,1,GS-13,F,XXXX,8,10,F,1,199809,1,"$69,670",29.3
HU04,13,G,17,13,G,0110,1,GS-13,G,XXXX,8,10,F,1,199809,1,"$72,019",21.5
HU04,37,H,14,13,I,0110,1,GS-13,G,XXXX,8,10,F,1,199809,1,"$71,503",31.3
HU05,39,G,14,13,G,0110,1,GS-13,F,XXXX,2,10,F,1,199809,1,"$65,071",20.1
HU05,17,H,17,14,I,0110,1,GM-14,H,XXXX,2,10,F,1,199809,1,"$87,533",31.0
HU05,39,D,17,12,D,0110,1,GS-12,E,XXXX,8,10,F,1,199809,1,"$53,159",7.7
HU05,17,E,14,12,E,0110,1,GS-12,E,XXXX,8,10,F,1,199809,1,"$54,308",14.7
HU05,27,G,14,12,G,0110,1,GS-12,F,XXXX,8,10,F,1,199809,1,"$61,219",23.1
HU05,17,E,14,12,D,0110,1,GS-12,D,XXXX,8,10,F,1,199809,1,"$47,917",9.0
HU05,39,D,13,12,D,0110,1,GS-12,E,XXXX,8,10,F,1,199809,1,"$53,159",7.6
HU05,27,K,17,13,J,0110,1,GM-13,G,XXXX,2,10,F,1,199809,1,"$72,792",38.8
HU05,26,H,21,13,E,0110,1,GS-13,F,XXXX,8,10,F,1,199809,1,"$62,765",12.7
HU06,40,H,13,13,H,0110,1,GS-13,F,XXXX,8,10,F,1,199809,1,"$67,837",28.8
HU06,22,G,18,13,E,0110,1,GS-13,F,XXXX,8,10,F,1,199809,1,"$60,504",10.7
HU06,48,H,13,12,D,0110,1,GS-12,E,XXXX,8,10,F,1,199809,1,"$54,723",9.0
HU06,48,I,14,12,I,0110,1,GS-12,F,XXXX,8,10,F,1,199809,1,"$60,135",31.5
HU06,48,H,14,14,H,0110,1,GS-14,G,XXXX,2,10,F,1,199809,1,"$76,894",26.3
HU07,31,H,17,13,H,0110,1,GS-13,G,XXXX,8,10,F,1,199809,1,"$71,503",28.3
HU07,29,J,18,13,G,0110,1,GS-13,F,XXXX,8,10,F,1,199809,1,"$68,023",21.3
HU07,20,I,17,14,I,0110,1,GM-14,H,XXXX,2,10,F,1,199809,1,"$85,008",34.5
HU08,08,H,17,13,F,0110,1,GS-13,F,XXXX,8,10,F,1,199809,1,"$64,135",17.4
HU08,08,H,14,14,H,0110,1,GS-14,H,XXXX,2,10,F,1,199809,1,"$82,474",28.3
HU09,06,G,14,14,H,0110,1,GM-14,H,XXXX,2,10,F,1,199809,1,"$84,837",25.7
HU09,06,G,18,13,G,0110,1,GS-13,G,XXXX,8,10,F,1,199809,1,"$70,161",22.1
HU09,06,D,13,12,D,0110,1,GS-12,E,XXXX,8,10,F,1,199809,1,"$54,086",7.5
HU09,06,H,18,13,H,0110,1,GS-13,F,XXXX,8,10,F,1,199809,1,"$69,065",29.3
HU10,53,F,17,14,G,0110,1,GS-14,G,XXXX,2,10,F,1,199809,1,"$77,211",20.0
HU10,53,D,12,12,D,0110,1,GS-12,E,XXXX,8,10,F,1,199809,1,"$53,378",7.3
HU10,41,H,17,13,E,0110,1,GS-13,G,XXXX,8,10,F,1,199809,1,"$70,827",12.7
HUMM,11,H,17,14,H,0110,1,GS-14,H,XXXX,8,10,F,1,199809,1,"$85,978",27.0
HUOO,11,H,17,,F,0110,1,AD-00,N,XXXX,8,10,F,1,199809,1,"$146,683",15.1
HUOO,11,H,17,,C,0110,1,AD-00,I,XXXX,8,10,F,1,199809,1,"$95,827",3.5
HUOO,11,E,21,,D,0110,1,AD-00,K,XXXX,8,10,F,1,199809,1,"$117,200",6.3
HURR,11,F,17,14,B,0110,1,GS-14,G,XXXX,8,15,F,1,199809,1,"$72,752",2.4
HURR,11,I,21,14,G,0110,1,GS-14,H,XXXX,8,10,F,1,199809,1,"$85,978",21.3
HURR,11,G,13,14,H,0110,1,GM-14,H,XXXX,5,10,F,1,199809,1,"$85,978",26.2
HURR,11,I,17,14,G,0110,1,GM-14,H,XXXX,5,10,F,1,199809,1,"$85,978",20.3
HURR,11,H,17,14,G,0110,1,GS-14,H,XXXX,8,10,F,1,199809,1,"$85,978",22.8
HURR,11,H,18,15,H,0110,1,GM-15,I,XXXX,5,10,F,1,199809,1,"$94,659",28.4
HURR,11,E,21,13,D,0110,1,GS-13,F,XXXX,8,10,F,1,199809,1,"$63,431",5.8
HURR,11,I,21,,H,0110,1,ES-05,L,XXXX,2,50,F,1,199809,1,"$125,900",27.8
HURR,11,H,21,13,D,0110,1,GS-13,G,XXXX,8,10,F,1,199809,1,"$72,758",7.5
HURR,11,F,21,14,D,0110,1,GS-14,G,XXXX,8,10,F,1,199809,1,"$74,956",9.9
HURR,11,E,17,14,E,0110,1,GS-14,F,XXXX,8,10,F,1,199809,1,"$68,343",11.0
HURR,11,H,21,15,G,0110,1,GM-15,J,XXXX,2,10,F,1,199809,1,"$101,142",22.6
HURR,11,I,14,15,I,0110,1,GM-15,J,XXXX,2,10,F,1,199809,1,"$101,142",34.2
HURR,11,H,15,14,E,0110,1,GS-14,G,XXXX,8,10,F,1,199809,1,"$77,160",12.4
HURR,11,J,14,13,H,0110,1,GS-13,G,XXXX,8,10,F,1,199809,1,"$72,758",25.6
HURR,11,H,18,,H,0110,1,ES-04,L,XXXX,2,50,F,1,199809,1,"$122,824",26.3
HURR,11,G,18,14,F,0110,1,GM-14,H,XXXX,5,10,P,2,199809,1,"$84,878",19.9
HURR,11,H,14,15,I,0110,1,GM-15,J,XXXX,5,10,F,1,199809,1,"$101,142",30.1
HURR,11,E,21,14,D,0110,1,GS-14,G,XXXX,8,10,F,1,199809,1,"$74,956",7.3
HURR,11,I,21,15,G,0110,1,GS-15,J,XXXX,8,10,F,1,199809,1,"$101,142",23.0
HURR,11,F,21,13,D,0110,1,GS-13,F,XXXX,8,10,F,1,199809,1,"$65,296",5.9
HURR,11,I,04,15,E,0110,1,GS-15,I,XXXX,8,10,F,1,199809,1,"$98,548",13.0
HURR,11,D,21,14,D,0110,1,GS-14,G,XXXX,8,10,F,1,199809,1,"$72,752",7.3
HURR,11,G,17,14,G,0110,1,GS-14,H,XXXX,8,10,F,1,199809,1,"$81,569",21.5
HURR,11,H,13,14,H,0110,1,GM-14,H,XXXX,5,10,F,1,199809,1,"$84,878",26.5
HURR,11,G,04,15,F,0110,1,GS-15,I,XXXX,8,10,F,1,199809,1,"$90,767",18.6
HURR,11,H,17,14,H,0110,1,GS-14,H,XXXX,8,10,F,1,199809,1,"$85,978",29.5
IN01,11,J,21,15,H,0110,1,GS-15,J,XXXX,8,10,F,1,199809,1,"$101,142",29.5
IN01,11,J,17,15,J,0110,1,GS-15,J,XXXX,8,10,F,1,199809,1,"$101,142",36.6
IN01,11,H,17,15,F,0110,1,GS-15,I,XXXX,8,10,F,1,199809,1,"$95,954",17.2
IN01,11,F,17,14,E,0110,1,GS-14,G,XXXX,8,10,F,1,199809,1,"$72,752",13.8
IN01,11,I,17,,H,0110,1,ES-04,L,XXXX,2,50,F,1,199809,1,"$122,824",28.1
IN05,30,F,17,12,D,0110,1,GS-12,E,XXXX,8,10,F,1,199809,1,"$50,881",8.6
IN05,11,G,17,14,F,0110,1,GS-14,H,XXXX,8,10,F,1,199809,1,"$85,978",19.9
IN05,49,F,17,11,F,0110,1,GS-11,D,XXXX,8,10,F,1,199809,1,"$48,882",18.1
IN05,08,H,17,12,G,0110,1,GS-12,E,XXXX,8,10,F,1,199809,1,"$58,695",22.0
IN05,51,J,17,13,H,0110,1,GS-13,G,XXXX,8,10,F,1,199809,1,"$72,758",28.0
IN05,08,H,18,12,H,0110,1,GS-12,F,XXXX,8,10,F,1,199809,1,"$61,869",26.9
IN05,11,J,21,14,G,0110,1,GS-14,H,XXXX,8,10,F,1,199809,1,"$85,978",23.7
IN05,30,G,13,12,F,0110,1,GS-12,E,XXXX,8,10,F,1,199809,1,"$58,592",18.3
IN05,32,J,14,12,I,0110,1,GS-12,F,XXXX,8,10,F,1,199809,1,"$60,135",30.7
IN05,49,E,17,12,D,0110,1,GS-12,D,XXXX,8,10,F,1,199809,1,"$47,796",7.6
IN05,08,H,18,14,H,0110,1,GS-14,G,XXXX,8,10,F,1,199809,1,"$75,788",26.6
IN05,56,H,17,13,G,0110,1,GS-13,F,XXXX,8,10,F,1,199809,1,"$69,670",22.3
IN05,08,C,11,11,D,0110,1,GS-11,C,XXXX,8,10,F,1,199809,1,"$39,706",7.7
IN05,56,F,17,12,F,0110,1,GS-12,F,XXXX,8,10,F,1,199809,1,"$60,135",17.9
IN05,41,H,17,14,G,0110,1,GM-14,H,XXXX,2,10,F,1,199809,1,"$85,898",24.2
IN05,11,G,17,14,G,0110,1,GS-14,H,XXXX,8,10,F,1,199809,1,"$85,978",22.1
IN05,49,J,18,12,I,0110,1,GS-12,F,XXXX,8,10,F,1,199809,1,"$61,284",34.6
IN05,16,H,18,12,H,0110,1,GS-12,F,XXXX,8,10,F,1,199809,1,"$60,135",25.5
IN05,41,D,13,12,D,0110,1,GS-12,D,XXXX,8,15,F,1,199809,1,"$48,590",9.6
IN06,35,I,13,14,I,0110,1,GS-14,H,XXXX,2,10,F,1,199809,1,"$84,495",33.6
IN06,35,F,13,13,E,0110,1,GS-13,F,XXXX,8,10,F,1,199809,1,"$62,337",10.8
IN06,35,J,13,13,B,0110,1,GS-13,E,XXXX,8,30,F,1,199809,1,"$56,837",1.7
IN06,35,G,13,13,G,0110,1,GS-13,F,XXXX,8,10,F,1,199809,1,"$60,504",21.2
IN06,06,H,13,13,D,0110,1,GS-13,F,XXXX,2,10,F,1,199809,1,"$63,310",6.8
IN07,11,H,18,14,H,0110,1,GS-14,G,XXXX,8,10,F,1,199809,1,"$79,365",25.9
IN07,08,F,17,12,E,0110,1,GS-12,E,XXXX,8,10,F,1,199809,1,"$52,348",11.5
IN07,32,E,17,12,E,0110,1,GS-12,E,XXXX,8,10,F,1,199809,1,"$50,881",11.3
IN07,08,C,17,09,A,0110,1,GS-09,C,XXXX,8,15,F,1,199809,1,"$32,817",0.8
IN07,08,F,17,12,F,0110,1,GS-12,E,XXXX,8,10,F,1,199809,1,"$53,935",17.9
IN07,08,F,21,13,E,0110,1,GS-13,E,XXXX,8,10,F,1,199809,1,"$58,476",10.1
IN07,06,G,17,12,F,0110,1,GS-12,E,XXXX,8,10,F,1,199809,1,"$58,252",19.5
IN07,30,G,17,12,G,0110,1,GS-12,E,XXXX,8,10,F,1,199809,1,"$53,966",22.8
IN07,04,G,13,12,G,0110,1,GS-12,F,XXXX,8,10,F,1,199809,1,"$66,989",22.9
IN07,49,G,17,12,F,0110,1,GS-12,E,XXXX,8,10,F,1,199809,1,"$57,050",16.8
IN07,08,G,17,14,G,0110,1,GS-14,H,XXXX,2,10,F,1,199809,1,"$80,245",22.4
IN07,08,J,17,13,H,0110,1,GS-13,F,XXXX,8,10,F,1,199809,1,"$67,907",28.7
IN07,08,G,21,12,C,0110,1,GS-12,D,XXXX,8,15,F,1,199809,1,"$47,588",4.6
IN07,08,G,17,12,D,0110,1,GS-12,E,XXXX,8,10,F,1,199809,1,"$50,761",9.9
IN07,32,F,17,13,F,0110,1,GS-13,F,XXXX,2,10,F,1,199809,1,"$69,670",18.7
IN07,38,G,13,13,H,0110,1,GM-13,F,XXXX,2,10,F,1,199809,1,"$68,226",28.2
IN07,16,H,18,12,H,0110,1,GS-12,F,XXXX,8,10,F,1,199809,1,"$60,135",29.8
IN07,16,I,13,12,J,0110,1,GS-12,F,XXXX,8,10,F,1,199809,1,"$60,135",36.3
IN07,08,I,17,13,I,0110,1,GS-13,G,XXXX,8,10,F,1,199809,1,"$73,565",33.0
IN07,30,I,21,13,G,0110,1,GS-13,F,XXXX,8,10,F,1,199809,1,"$69,670",20.2
IN07,06,I,14,12,I,0110,1,GS-12,F,XXXX,8,10,F,1,199809,1,"$61,401",33.0
IN07,08,F,17,13,E,0110,1,GS-13,F,XXXX,8,10,F,1,199809,1,"$64,135",13.1
IN07,08,F,21,12,C,0110,1,GS-12,D,XXXX,8,10,F,1,199809,1,"$47,588",3.9
IN07,08,G,14,07,D,0110,1,GS-07,B,XXXX,8,42,I,2,199809,1,"$26,826",9.5
IN07,08,E,17,13,E,0110,1,GS-13,F,XXXX,8,10,F,1,199809,1,"$62,248",12.8
IN07,08,D,17,12,D,0110,1,GS-12,D,XXXX,8,10,F,1,199809,1,"$49,175",6.1
IN07,08,G,17,13,F,0110,1,GS-13,F,XXXX,8,10,F,1,199809,1,"$64,135",15.9
IN07,06,I,17,12,G,0110,1,GS-12,E,XXXX,8,10,F,1,199809,1,"$59,826",21.1
IN07,16,F,13,12,F,0110,1,GS-12,E,XXXX,8,10,F,1,199809,1,"$53,966",19.8
IN08,51,G,13,14,H,0110,1,GS-14,G,XXXX,8,10,F,1,199809,1,"$79,365",26.4
IN08,06,H,14,15,H,0110,1,GS-15,J,XXXX,8,10,F,1,199809,1,"$105,658",25.7
IN08,51,H,21,15,H,0110,1,GS-15,J,XXXX,8,10,F,1,199809,1,"$101,142",25.2
IN08,51,H,21,15,H,0110,1,GS-15,I,XXXX,8,10,F,1,199809,1,"$98,548",26.0
IN08,51,F,21,13,D,0110,1,GS-13,F,XXXX,8,10,F,1,199809,1,"$65,296",7.7
IN08,51,I,17,14,I,0110,1,GS-14,G,XXXX,8,10,F,1,199809,1,"$79,365",34.1
IN08,08,I,17,13,E,0110,1,GS-13,F,XXXX,8,10,F,1,199809,1,"$60,504",11.8
IN08,51,J,17,13,F,0110,1,GS-13,G,XXXX,8,10,F,1,199809,1,"$70,893",18.3
IN08,08,I,18,13,I,0110,1,GS-13,G,XXXX,4,10,F,1,199809,1,"$71,503",30.0
IN08,51,F,17,15,F,0110,1,GS-15,I,XXXX,8,10,F,1,199809,1,"$95,954",18.7
IN10,08,G,14,12,H,0110,1,GS-12,F,XXXX,8,10,F,1,199809,1,"$61,869",25.3
IN10,08,G,17,12,E,0110,1,GS-12,E,XXXX,8,10,F,1,199809,1,"$52,348",13.5
IN10,11,F,21,13,D,0110,1,GS-13,E,XXXX,8,10,F,1,199809,1,"$57,835",9.9
IN15,51,F,21,13,C,0110,1,GS-13,E,XXXX,8,10,F,1,199809,1,"$59,700",3.9
IN15,51,H,21,14,H,0110,1,GS-14,H,XXXX,8,10,F,1,199809,1,"$85,978",25.8
IN15,51,I,21,14,H,0110,1,GS-14,H,XXXX,8,10,F,1,199809,1,"$85,978",26.0
IN15,51,F,17,13,E,0110,1,GS-13,F,XXXX,8,10,F,1,199809,1,"$69,027",13.0
IN15,51,G,21,13,D,0110,1,GS-13,F,XXXX,8,10,F,1,199809,1,"$61,565",9.9
IN15,51,I,13,14,I,0110,1,GM-14,H,XXXX,5,10,F,1,199809,1,"$81,577",34.3
IN22,11,H,21,12,E,0110,1,GS-12,D,XXXX,8,10,F,1,199809,1,"$47,066",13.2
IN23,51,F,17,14,G,0110,1,GM-14,G,XXXX,5,10,F,1,199809,1,"$79,365",20.8
IN23,51,I,21,15,H,0110,1,GS-15,J,XXXX,2,10,F,1,199809,1,"$101,142",26.3
IN23,51,G,17,14,G,0110,1,GM-14,H,XXXX,5,10,F,1,199809,1,"$83,779",21.5
IN23,08,F,17,13,D,0110,1,GS-13,E,XXXX,8,10,F,1,199809,1,"$58,476",7.8
IN23,51,I,21,14,H,0110,1,GS-14,H,XXXX,8,10,F,1,199809,1,"$83,774",26.2
IN23,08,G,17,14,G,0110,1,GM-14,H,XXXX,2,10,F,1,199809,1,"$86,932",23.2
IN23,51,G,21,13,F,0110,1,GS-13,F,XXXX,8,10,F,1,199809,1,"$65,296",18.2
IN23,08,F,13,12,G,0110,1,GS-12,F,XXXX,8,10,F,1,199809,1,"$60,282",20.3
IN23,51,H,21,14,F,0110,1,GS-14,H,XXXX,8,10,F,1,199809,1,"$89,880",17.3
IN23,22,F,18,13,F,0110,1,GS-13,F,XXXX,8,10,F,1,199809,1,"$66,003",17.1
IN23,11,I,21,14,H,0110,1,GM-14,H,XXXX,5,10,F,1,199809,1,"$81,576",26.9
IN23,08,C,13,12,D,0110,1,GS-12,E,XXXX,8,10,F,1,199809,1,"$50,761",5.5
IN23,51,H,22,14,H,0110,1,GS-14,H,XXXX,8,10,F,1,199809,1,"$85,978",28.1
IN23,51,F,21,09,B,0110,1,GS-09,C,XXXX,8,15,F,1,199809,1,"$33,539",1.1
MC00,11,E,13,13,E,0110,1,GS-13,F,XXXX,8,10,F,1,199809,1,"$65,296",14.9
MC00,11,F,17,13,E,0110,1,GS-13,F,XXXX,8,10,F,1,199809,1,"$65,296",11.9
MC00,11,G,17,14,F,0110,1,GS-14,G,XXXX,8,10,F,1,199809,1,"$74,956",17.5
MC00,11,D,13,13,F,0110,1,GS-13,F,XXXX,8,10,F,1,199809,1,"$63,431",15.1
MC00,11,F,07,13,E,0110,1,GS-13,F,XXXX,8,10,F,1,199809,1,"$65,296",11.9
MC00,11,E,13,13,E,0110,1,GS-13,F,XXXX,8,10,F,1,199809,1,"$63,431",12.0
MC00,11,G,17,15,F,0110,1,GS-15,H,XXXX,2,15,F,1,199809,1,"$88,173",19.4
MC00,11,E,17,13,E,0110,1,GS-13,F,XXXX,8,10,F,1,199809,1,"$63,431",13.8
MC00,11,I,17,13,D,0110,1,GS-13,F,XXXX,8,10,F,1,199809,1,"$63,431",9.1
NF00,51,F,17,14,F,0110,1,GS-14,G,XXXX,8,10,F,1,199809,1,"$79,365",16.3
NF00,51,F,21,14,E,0110,1,GS-14,G,XXXX,8,10,F,1,199809,1,"$74,956",10.6
NF00,51,G,17,14,F,0110,1,GS-14,G,XXXX,8,10,F,1,199809,1,"$74,956",19.8
NF00,51,F,13,14,F,0110,1,GS-14,G,XXXX,8,10,F,1,199809,1,"$79,365",19.3
NF00,51,J,18,,G,0110,1,AD-00,H,XXXX,8,38,F,1,199809,1,"$88,170",24.3
NF00,51,H,21,,F,0110,1,AD-00,J,XXXX,8,38,F,1,199809,1,"$103,078",19.9
NF00,51,H,17,14,H,0110,1,GS-14,G,XXXX,8,10,P,2,199809,1,"$72,752",29.3
NF00,51,H,14,14,H,0110,1,GS-14,H,XXXX,8,10,F,1,199809,1,"$85,978",26.8
NF00,51,F,21,14,D,0110,1,GS-14,F,XXXX,8,10,F,1,199809,1,"$68,343",6.7
NF00,51,G,22,14,F,0110,1,GS-14,G,XXXX,8,10,F,1,199809,1,"$77,160",16.3
NF00,51,I,21,,H,0110,1,AD-00,J,XXXX,4,38,F,1,199809,1,"$103,078",26.8
NF00,51,G,13,14,G,0110,1,GS-14,G,XXXX,8,10,F,1,199809,1,"$77,160",22.8
NF00,51,I,21,15,H,0110,1,GS-15,I,XXXX,8,10,F,1,199809,1,"$98,548",26.4
NF00,51,F,17,,E,0110,1,AD-00,J,XXXX,2,38,F,1,199809,1,"$103,078",11.2
NF00,51,F,17,14,G,0110,1,GS-14,G,XXXX,8,10,F,1,199809,1,"$77,160",23.8
NU00,24,H,21,15,G,0110,1,GG-15,J,XXXX,8,38,F,1,199809,1,"$101,142",24.3
NU00,24,I,21,14,G,0110,1,GG-14,H,XXXX,8,38,F,1,199809,1,"$85,978",21.2
NU00,24,H,17,14,F,0110,1,GG-14,H,XXXX,8,38,F,1,199809,1,"$85,978",18.8
NV11,51,D,21,12,A,0110,1,GS-12,D,XXXX,8,15,F,1,199809,1,"$48,635",0.9
NV11,06,H,17,11,F,0110,1,GS-11,E,XXXX,8,10,P,2,199809,1,"$50,168",19.7
NV19,12,H,22,13,H,0110,1,GS-13,G,XXXX,8,10,F,1,199809,1,"$71,503",25.0
NV19,12,E,13,12,E,0110,1,GS-12,E,XXXX,8,10,F,1,199809,1,"$52,423",14.0
NV24,51,D,13,13,D,0110,1,GS-13,F,XXXX,8,10,F,1,199809,1,"$61,565",9.0
NV24,24,H,21,,F,0110,1,NT-05,F,XXXX,5,10,F,1,199809,1,"$69,813",18.0
RR00,17,E,13,12,F,0110,1,GS-12,E,XXXX,8,10,F,1,199809,1,"$55,906",15.3
RR00,17,E,13,12,E,0110,1,GS-12,E,XXXX,8,10,F,1,199809,1,"$52,710",13.2
RR00,17,D,13,12,D,0110,1,GS-12,D,XXXX,8,10,F,1,199809,1,"$47,917",7.2
SB00,11,I,04,14,I,0110,1,GS-14,H,XXXX,8,10,F,1,199809,1,"$81,569",30.2
SB00,11,G,17,14,H,0110,1,GS-14,H,XXXX,8,10,F,1,199809,1,"$85,978",25.2
SB00,11,H,18,15,G,0110,1,GM-15,J,XXXX,2,10,F,1,199809,1,"$101,142",23.9
SB00,11,C,13,,C,0110,1,AD-00,E,XXXX,8,48,F,2,199809,1,"$51,774",4.2
SB00,11,J,21,14,G,0110,1,GS-14,H,XXXX,8,10,F,1,199809,1,"$85,978",21.3
SB00,11,G,18,15,G,0110,1,GM-15,I,XXXX,2,10,F,1,199809,1,"$93,368",24.0
SB00,11,C,17,,A,0110,1,AD-00,D,XXXX,8,48,F,2,199809,1,"$45,814",0.7
SB00,11,G,17,,A,0110,1,AD-00,J,XXXX,8,48,F,2,199809,1,"$101,142",0.1
SE00,11,J,18,13,H,0110,1,GS-13,G,XXXX,8,10,F,1,199809,1,"$72,758",28.8
SE00,11,D,15,13,D,0110,1,GS-13,F,XXXX,8,10,F,1,199809,1,"$63,431",8.3
SE00,11,G,13,14,G,0110,1,GS-14,H,XXXX,8,10,F,1,199809,1,"$83,774",23.7
SE00,11,D,13,12,B,0110,1,GS-12,D,XXXX,8,15,F,1,199809,1,"$47,066",1.0
SE00,11,G,17,14,G,0110,1,GS-14,G,XXXX,8,10,F,1,199809,1,"$79,365",24.4
SE00,11,C,13,13,B,0110,1,GS-13,E,XXXX,8,15,F,1,199809,1,"$57,835",1.3
SE00,11,H,17,15,I,0110,1,GS-15,I,XXXX,2,10,F,1,199809,1,"$93,360",30.6
SE00,11,F,17,14,F,0110,1,GS-14,G,XXXX,5,10,F,1,199809,1,"$77,160",19.0
SE00,11,F,21,,B,0110,1,ES-04,L,XXXX,2,50,F,1,199809,1,"$122,824",2.3
SE00,11,D,21,15,B,0110,1,GS-15,J,XXXX,8,40,F,2,199809,1,"$101,142",1.0
SK00,24,I,18,,H,0110,1,ES-04,L,XXXX,2,50,F,1,199809,1,"$122,824",25.6
SK00,24,J,13,12,F,0110,1,GS-12,E,XXXX,8,10,F,1,199809,1,"$54,913",18.3
SK00,24,G,18,14,F,0110,1,GS-14,G,XXXX,8,10,F,1,199809,1,"$72,752",16.3
SK00,24,G,17,14,G,0110,1,GS-14,H,XXXX,8,10,F,1,199809,1,"$85,978",23.9
SK00,24,G,17,14,G,0110,1,GS-14,H,XXXX,8,10,F,1,199809,1,"$81,569",22.4
SK00,24,F,17,13,F,0110,1,GS-13,F,XXXX,8,10,F,1,199809,1,"$61,565",19.5
SK00,24,F,18,13,E,0110,1,GS-13,E,XXXX,8,10,F,1,199809,1,"$59,700",11.1
SK00,24,G,17,14,G,0110,1,GS-14,H,XXXX,8,10,F,1,199809,1,"$83,774",22.9
SK00,24,G,14,14,I,0110,1,GS-14,G,XXXX,8,10,F,1,199809,1,"$79,365",30.1
SK00,24,G,21,15,F,0110,1,GS-15,H,XXXX,8,10,F,1,199809,1,"$88,173",19.9
ST00,11,I,17,,J,0110,1,FE-MC,L,XXXX,8,38,F,1,199809,1,"$125,900",35.4
ST00,11,G,17,,G,0110,1,FO-01,I,XXXX,8,38,F,1,199809,1,"$90,188",20.7
ST00,TH,H,13,,H,0110,1,FE-OC,J,XXXX,2,38,F,1,199809,1,"$103,900",25.2
ST00,JM,F,15,,E,0110,1,FO-02,F,XXXX,8,38,F,1,199809,1,"$66,143",11.0
ST00,SZ,G,13,,F,0110,1,FO-01,H,XXXX,8,38,F,1,199809,1,"$81,628",15.7
ST00,ID,G,18,,G,0110,1,FO-01,I,XXXX,2,38,F,1,199809,1,"$94,287",21.1
ST00,FR,D,13,,D,0110,1,FO-03,E,XXXX,8,38,F,1,199809,1,"$55,203",8.7
ST00,CH,E,17,,E,0110,1,FO-03,F,XXXX,2,38,F,1,199809,1,"$62,132",11.0
ST00,NI,I,14,,I,0110,1,FA-MC,L,XXXX,2,38,F,1,199809,1,"$125,900",32.7
ST00,GT,H,18,,E,0110,1,FO-03,F,XXXX,8,38,F,1,199809,1,"$60,322",12.8
ST00,11,H,14,,I,0110,1,FE-MC,L,XXXX,2,38,F,1,199809,1,"$125,900",31.2
ST00,AG,D,17,,C,0110,1,FP-04,D,XXXX,8,48,F,2,199809,1,"$46,074",3.5
ST00,11,D,17,,D,0110,1,FO-03,E,XXXX,8,38,F,1,199809,1,"$59,216",8.3
ST00,EG,E,14,,F,0110,1,FO-03,F,XXXX,8,38,F,1,199809,1,"$63,996",16.8
ST00,VM,G,17,,D,0110,1,FO-02,F,XXXX,8,38,F,1,199809,1,"$64,216",9.8
ST00,IT,G,13,,D,0110,1,FO-03,E,XXXX,8,38,F,1,199809,1,"$50,519",7.9
ST00,AR,E,13,,E,0110,1,FO-02,F,XXXX,8,38,F,1,199809,1,"$66,143",12.0
ST00,UK,E,17,,E,0110,1,FO-03,F,XXXX,8,38,F,1,199809,1,"$60,322",12.0
ST00,11,G,17,,D,0110,1,FO-03,F,XXXX,8,38,F,1,199809,1,"$62,823",8.2
ST00,KS,F,21,,E,0110,1,FO-02,H,XXXX,8,38,F,1,199809,1,"$83,788",13.7
ST00,AU,G,17,,G,0110,1,FO-01,I,XXXX,8,38,F,1,199809,1,"$94,287",24.3
ST00,11,D,17,,E,0110,1,FO-03,F,XXXX,8,38,F,1,199809,1,"$68,649",10.7
ST00,FR,F,17,,E,0110,1,FO-02,F,XXXX,8,38,F,1,199809,1,"$64,216",13.4
ST00,NO,F,21,,F,0110,1,FO-02,F,XXXX,8,38,F,1,199809,1,"$68,127",15.8
ST00,AJ,G,17,,E,0110,1,FO-02,F,XXXX,8,38,F,1,199809,1,"$60,530",12.9
ST00,GM,F,17,,D,0110,1,FO-04,D,XXXX,8,38,F,1,199809,1,"$46,074",5.7
ST00,HK,G,17,,G,0110,1,FE-MC,K,XXXX,2,38,F,1,199809,1,"$118,400",21.8
ST00,11,F,18,,F,0110,1,FO-03,F,XXXX,8,38,F,1,199809,1,"$66,649",16.1
ST00,11,D,17,,D,0110,1,FO-03,E,XXXX,8,38,F,1,199809,1,"$52,614",9.7
ST00,11,H,17,,I,0110,1,FE-MC,L,XXXX,2,38,F,1,199809,1,"$125,900",31.3
ST00,11,F,15,,E,0110,1,FO-03,F,XXXX,8,38,F,1,199809,1,"$66,649",10.1
ST00,11,F,13,,E,0110,1,FO-03,F,XXXX,8,38,F,1,199809,1,"$62,823",11.9
ST00,TO,E,17,,E,0110,1,FO-02,F,XXXX,8,38,F,1,199809,1,"$62,346",14.0
ST00,11,I,17,,F,0110,1,FO-01,J,XXXX,2,38,F,1,199809,1,"$101,142",19.3
ST00,11,G,18,,E,0110,1,FO-03,E,XXXX,8,38,F,1,199809,1,"$51,081",12.5
ST00,11,G,13,,H,0110,1,FE-OC,K,XXXX,2,38,F,1,199809,1,"$111,454",25.3
ST00,CD,C,17,,A,0110,1,FP-05,C,XXXX,8,48,F,2,199809,1,"$37,333",0.3
ST00,51,I,18,,I,0110,1,FE-MC,L,XXXX,8,38,F,1,199809,1,"$124,817",32.2
ST00,11,E,14,,E,0110,1,FO-03,E,XXXX,8,38,F,1,199809,1,"$54,192",12.4
ST00,JA,E,14,,D,0110,1,FO-02,G,XXXX,8,38,F,1,199809,1,"$70,171",8.7
ST00,11,F,17,,E,0110,1,FO-02,H,XXXX,8,38,F,1,199809,1,"$84,720",14.2
ST00,GM,F,17,,E,0110,1,FO-02,F,XXXX,8,38,F,1,199809,1,"$66,143",13.3
ST00,11,D,13,,D,0110,1,FO-03,E,XXXX,8,38,F,1,199809,1,"$52,614",7.1
ST00,11,D,17,,D,0110,1,FO-03,E,XXXX,8,38,F,1,199809,1,"$55,818",8.8
ST00,NO,F,13,,C,0110,1,FP-04,D,XXXX,8,48,F,2,199809,1,"$40,936",4.5
ST00,11,E,17,,D,0110,1,FO-03,E,XXXX,8,38,F,1,199809,1,"$51,081",6.9
ST00,11,D,17,,D,0110,1,FO-03,F,XXXX,8,38,F,1,199809,1,"$68,649",8.2
ST00,11,G,13,,G,0110,1,FE-OC,K,XXXX,2,38,F,1,199809,1,"$116,495",24.2
ST00,11,F,17,,G,0110,1,FO-01,J,XXXX,8,38,F,1,199809,1,"$101,142",21.8
ST00,BU,G,21,,E,0110,1,FO-02,F,XXXX,8,38,F,1,199809,1,"$64,216",13.3
ST00,BR,H,17,,I,0110,1,FO-01,I,XXXX,2,38,F,1,199809,1,"$94,287",30.1
ST00,CD,E,13,,A,0110,1,FP-06,C,XXXX,8,48,F,2,199809,1,"$31,459",0.0
ST00,11,H,17,,G,0110,1,FO-03,F,XXXX,8,38,F,1,199809,1,"$66,649",20.1
ST00,11,D,17,,D,0110,1,FO-03,E,XXXX,8,38,F,1,199809,1,"$54,192",5.9
ST00,TW,E,13,,E,0110,1,FO-03,F,XXXX,8,38,F,1,199809,1,"$67,893",10.7
ST00,CD,C,17,,A,0110,1,FP-05,C,XXXX,8,48,F,2,199809,1,"$39,607",0.3
ST00,11,F,15,,F,0110,1,FO-02,G,XXXX,8,38,F,1,199809,1,"$75,272",19.1
ST00,11,D,17,,D,0110,1,FO-03,E,XXXX,8,38,F,1,199809,1,"$52,614",7.7
ST00,LG,G,21,,E,0110,1,FO-03,F,XXXX,2,38,F,1,199809,1,"$63,996",10.8
ST00,SN,G,21,,E,0110,1,FO-02,G,XXXX,8,38,F,1,199809,1,"$76,678",14.1
ST00,11,C,13,,C,0110,1,FO-04,D,XXXX,8,38,F,1,199809,1,"$45,229",4.7
ST00,IT,G,17,,G,0110,1,FE-OC,J,XXXX,2,38,F,1,199809,1,"$103,900",22.5
ST00,11,F,18,,F,0110,1,FO-02,H,XXXX,8,38,F,1,199809,1,"$82,252",18.4
ST00,HK,D,17,,C,0110,1,FP-04,C,XXXX,8,48,F,2,199809,1,"$39,744",3.1
ST00,UZ,F,17,,D,0110,1,FO-03,F,XXXX,8,38,F,1,199809,1,"$63,996",9.3
ST00,CD,B,13,,A,0110,1,FP-06,C,XXXX,8,48,F,2,199809,1,"$31,459",0.3
ST00,PL,G,17,,F,0110,1,FE-OC,J,XXXX,2,38,F,1,199809,1,"$103,900",19.9
ST00,IT,G,13,,E,0110,1,FO-02,F,XXXX,8,38,F,1,199809,1,"$68,127",13.9
ST00,SN,G,17,,G,0110,1,FE-OC,J,XXXX,2,38,F,1,199809,1,"$103,900",23.8
ST00,CD,D,17,,A,0110,1,FP-05,C,XXXX,8,48,F,2,199809,1,"$36,246",0.0
ST00,NU,G,17,,G,0110,1,FO-01,H,XXXX,2,38,F,1,199809,1,"$86,599",21.5
ST00,11,H,17,,H,0110,1,FE-OC,K,XXXX,8,38,F,1,199809,1,"$111,454",26.3
ST00,ZI,F,18,,D,0110,1,FO-03,D,XXXX,8,38,F,1,199809,1,"$47,619",5.9
ST00,11,E,13,,F,0110,1,FO-01,H,XXXX,8,38,F,1,199809,1,"$80,132",15.1
ST00,JA,D,17,,D,0110,1,FP-03,E,XXXX,8,48,F,2,199809,1,"$50,519",6.7
ST00,HO,F,17,,G,0110,1,FO-01,H,XXXX,2,38,F,1,199809,1,"$89,197",20.5
ST00,11,G,14,,G,0110,1,FO-01,J,XXXX,8,38,F,1,199809,1,"$101,142",23.3
ST00,IS,E,17,,E,0110,1,FP-02,F,XXXX,8,38,F,1,199809,1,"$64,216",11.9
ST00,PM,C,17,,A,0110,1,FP-05,C,XXXX,8,48,F,2,199809,1,"$35,190",0.5
ST00,ET,D,13,,D,0110,1,FP-04,D,XXXX,8,48,F,2,199809,1,"$40,936",9.0
ST00,MI,D,17,,D,0110,1,FO-04,D,XXXX,2,38,F,1,199809,1,"$47,456",5.9
ST00,11,G,17,,G,0110,1,FO-01,J,XXXX,8,38,F,1,199809,1,"$101,142",20.1
ST00,11,F,17,,F,0110,1,FO-02,G,XXXX,8,38,F,1,199809,1,"$79,856",15.0
ST00,MY,G,17,,E,0110,1,FO-02,H,XXXX,2,38,F,1,199809,1,"$83,788",14.3
ST00,CH,H,17,,G,0110,1,FO-02,G,XXXX,8,38,F,1,199809,1,"$70,171",23.9
ST00,11,F,17,,G,0110,1,FP-03,F,XXXX,8,38,F,1,199809,1,"$60,994",20.7
ST00,PE,F,18,,E,0110,1,FO-02,F,XXXX,2,38,F,1,199809,1,"$64,216",12.0
ST00,11,E,17,,D,0110,1,FO-03,E,XXXX,8,38,F,1,199809,1,"$59,216",8.3
ST00,11,H,17,,I,0110,1,FO-01,I,XXXX,8,38,F,1,199809,1,"$90,188",32.8
ST00,11,G,17,,F,0110,1,FO-01,I,XXXX,8,38,F,1,199809,1,"$92,895",19.3
ST00,11,F,13,,F,0110,1,FO-03,F,XXXX,8,38,F,1,199809,1,"$64,707",17.8
ST00,GM,D,17,,D,0110,1,FO-04,D,XXXX,8,38,F,1,199809,1,"$46,074",7.8
ST00,11,G,15,,E,0110,1,FO-03,F,XXXX,8,38,F,1,199809,1,"$66,649",13.3
ST00,TH,G,15,,E,0110,1,FO-02,G,XXXX,8,38,F,1,199809,1,"$72,276",14.3
ST00,11,F,17,,F,0110,1,FO-01,I,XXXX,8,38,F,1,199809,1,"$90,188",16.9
ST00,11,E,17,,F,0110,1,FO-02,H,XXXX,8,38,F,1,199809,1,"$82,252",15.3
ST00,FI,F,17,,F,0110,1,FO-02,G,XXXX,8,38,F,1,199809,1,"$78,978",15.7
ST00,GR,D,13,,E,0110,1,FP-05,C,XXXX,2,48,F,2,199809,1,"$33,170",10.9
ST00,RS,F,17,,E,0110,1,FO-02,G,XXXX,8,38,F,1,199809,1,"$76,678",11.3
ST00,11,E,17,,D,0110,1,FO-03,E,XXXX,8,38,F,1,199809,1,"$59,216",7.7
ST00,11,F,17,,E,0110,1,FO-02,G,XXXX,8,38,F,1,199809,1,"$77,530",14.0
ST00,11,G,17,,G,0110,1,FO-02,H,XXXX,2,38,F,1,199809,1,"$89,879",22.5
ST00,11,D,21,15,D,0110,1,GS-15,H,XXXX,5,15,F,1,199809,1,"$80,391",7.3
ST00,EZ,E,13,,E,0110,1,FO-02,F,XXXX,8,38,F,1,199809,1,"$68,127",13.5
ST00,ET,H,14,,H,0110,1,FO-02,H,XXXX,8,38,F,1,199809,1,"$86,301",28.7
ST00,BE,D,13,,D,0110,1,FO-03,E,XXXX,8,38,F,1,199809,1,"$58,565",7.9
ST00,CA,G,17,,G,0110,1,FO-01,I,XXXX,8,38,F,1,199809,1,"$94,287",24.0
ST00,RS,G,17,,E,0110,1,FO-02,F,XXXX,8,38,F,1,199809,1,"$68,127",12.9
ST00,11,D,13,,D,0110,1,FO-03,E,XXXX,8,38,F,1,199809,1,"$54,192",8.3
ST00,11,G,17,,F,0110,1,FE-OC,J,XXXX,2,38,F,1,199809,1,"$106,412",19.8
ST00,EZ,E,13,,F,0110,1,FO-02,H,XXXX,8,38,F,1,199809,1,"$81,347",17.5
ST00,11,G,17,,G,0110,1,FO-02,H,XXXX,8,38,F,1,199809,1,"$82,252",20.4
ST00,TW,D,17,,D,0110,1,FO-03,E,XXXX,8,38,F,1,199809,1,"$55,203",5.7
ST00,11,F,17,,D,0110,1,FO-03,F,XXXX,8,38,F,1,199809,1,"$68,649",8.7
ST00,CD,D,17,,C,0110,1,FP-05,D,XXXX,8,48,F,2,199809,1,"$45,915",4.9
ST00,11,E,14,,F,0110,1,FO-03,F,XXXX,8,38,F,1,199809,1,"$64,707",15.9
ST00,BK,J,17,,J,0110,1,FE-MC,K,XXXX,2,38,F,1,199809,1,"$118,400",41.4
ST00,11,G,17,,G,0110,1,FE-OC,K,XXXX,2,38,F,1,199809,1,"$116,495",22.3
ST00,CD,B,13,,A,0110,1,FP-06,C,XXXX,8,48,F,2,199809,1,"$31,459",0.2
ST00,TC,C,13,,C,0110,1,FO-04,D,XXXX,8,38,F,1,199809,1,"$42,164",3.9
ST00,11,G,17,,G,0110,1,FO-02,H,XXXX,8,38,F,1,199809,1,"$87,261",23.2
ST00,11,G,17,,E,0110,1,FO-03,G,XXXX,8,38,F,1,199809,1,"$70,708",12.6
ST00,36,E,17,,E,0110,1,FO-03,F,XXXX,8,38,F,1,199809,1,"$66,209",11.0
ST00,11,H,14,,G,0110,1,FO-01,H,XXXX,2,38,F,1,199809,1,"$82,536",20.6
ST00,11,H,17,,E,0110,1,FO-02,G,XXXX,8,38,F,1,199809,1,"$77,530",11.6
ST00,NL,F,13,,F,0110,1,FO-02,G,XXXX,8,38,F,1,199809,1,"$70,171",18.4
ST00,JA,E,13,,E,0110,1,FO-03,E,XXXX,8,38,F,1,199809,1,"$55,203",11.4
ST00,BK,D,17,,D,0110,1,FP-04,D,XXXX,8,48,F,2,199809,1,"$47,456",6.1
ST00,11,G,17,,E,0110,1,FO-02,G,XXXX,8,38,F,1,199809,1,"$70,952",13.5
ST00,11,F,13,,E,0110,1,FO-03,F,XXXX,8,38,F,1,199809,1,"$64,707",10.1
ST00,11,I,18,,I,0110,1,FE-MC,L,XXXX,8,38,F,1,199809,1,"$125,900",32.6
ST00,CD,C,15,,A,0110,1,FP-05,C,XXXX,8,48,F,2,199809,1,"$35,190",0.0
ST00,BE,I,17,,I,0110,1,FE-MC,K,XXXX,2,38,F,1,199809,1,"$118,400",33.3
ST00,SZ,I,21,,G,0110,1,FE-OC,I,XXXX,2,38,F,1,199809,1,"$99,200",20.0
ST00,11,K,21,15,H,0110,1,GS-15,J,XXXX,8,10,F,1,199809,1,"$101,142",28.0
ST00,11,I,15,,H,0110,1,FP-04,E,XXXX,8,48,F,2,199809,1,"$54,006",25.8
ST00,JA,H,17,,H,0110,1,FE-OC,J,XXXX,8,38,F,1,199809,1,"$103,900",26.7
ST00,FR,F,17,,F,0110,1,FO-03,E,XXXX,8,38,F,1,199809,1,"$58,565",16.8
ST00,11,F,17,,F,0110,1,FO-01,H,XXXX,8,38,F,1,199809,1,"$87,562",17.4
ST00,HR,G,14,,G,0110,1,FO-01,I,XXXX,2,38,F,1,199809,1,"$94,287",23.4
ST00,BU,D,14,,D,0110,1,FO-03,F,XXXX,8,38,F,1,199809,1,"$67,893",8.2
ST00,AL,F,17,,G,0110,1,FO-01,I,XXXX,2,38,F,1,199809,1,"$94,287",20.1
ST00,11,E,17,,E,0110,1,FP-03,E,XXXX,8,38,F,1,199809,1,"$55,818",11.4
ST00,IN,I,17,,H,0110,1,FO-03,F,XXXX,8,38,F,1,199809,1,"$69,930",25.3
ST00,HR,D,14,,D,0110,1,FO-03,E,XXXX,2,38,F,1,199809,1,"$52,035",7.7
ST00,JA,E,13,,D,0110,1,FO-03,E,XXXX,8,38,F,1,199809,1,"$53,596",8.5
ST00,CU,H,21,,G,0110,1,FO-01,I,XXXX,8,38,F,1,199809,1,"$94,287",23.3
ST00,BK,C,21,,C,0110,1,FP-04,D,XXXX,8,48,F,2,199809,1,"$44,732",4.5
ST00,11,H,18,,H,0110,1,FE-OC,K,XXXX,2,38,F,1,199809,1,"$116,495",26.5
ST00,LO,H,17,,G,0110,1,FO-01,I,XXXX,2,38,F,1,199809,1,"$91,873",22.8
ST00,11,E,17,,E,0110,1,FO-02,Z,XXXX,8,38,F,1,199809,1,,10.8
ST00,11,G,17,,F,0110,1,FO-01,I,XXXX,8,38,F,1,199809,1,"$95,682",17.3
ST00,11,E,17,,E,0110,1,FO-02,F,XXXX,8,38,F,1,199809,1,"$68,885",14.1
ST00,JA,E,13,,E,0110,1,FO-02,F,XXXX,8,38,F,1,199809,1,"$66,143",10.8
ST00,36,D,17,,D,0110,1,FP-04,D,XXXX,8,38,F,1,199809,1,"$47,668",7.4
ST00,11,F,17,,E,0110,1,FO-02,G,XXXX,8,38,F,1,199809,1,"$73,080",11.0
ST00,11,F,13,,F,0110,1,FO-02,G,XXXX,8,38,F,1,199809,1,"$79,856",18.0
ST00,11,F,17,,F,0110,1,FO-01,I,XXXX,8,38,F,1,199809,1,"$95,682",19.1
ST00,11,G,18,,H,0110,1,FO-01,J,XXXX,8,38,F,1,199809,1,"$101,142",25.8
ST00,SN,F,17,,E,0110,1,FO-02,F,XXXX,8,38,F,1,199809,1,"$68,127",12.7
ST00,CI,D,04,,C,0110,1,FP-04,D,XXXX,8,38,F,1,199809,1,"$40,936",4.4
ST00,IS,D,17,,D,0110,1,FO-04,D,XXXX,8,38,F,1,199809,1,"$42,164",7.4
ST00,11,F,13,,G,0110,1,FO-01,I,XXXX,8,38,F,1,199809,1,"$98,552",20.3
ST00,SA,G,17,,G,0110,1,FO-01,I,XXXX,2,38,F,1,199809,1,"$94,287",23.8
ST00,RS,D,04,,D,0110,1,FP-04,D,XXXX,8,38,F,1,199809,1,"$42,164",9.3
ST00,CD,B,13,,A,0110,1,FP-06,C,XXXX,8,48,F,2,199809,1,"$31,459",0.2
ST00,CH,E,13,,E,0110,1,FO-03,F,XXXX,8,38,F,1,199809,1,"$62,132",12.0
ST00,CA,G,17,,G,0110,1,FE-OC,J,XXXX,2,38,F,1,199809,1,"$108,600",22.8
ST00,IT,G,18,,G,0110,1,FO-01,H,XXXX,2,38,F,1,199809,1,"$86,599",22.8
ST00,KE,E,13,,E,0110,1,FP-03,E,XXXX,8,38,F,1,199809,1,"$55,203",13.7
ST00,11,H,14,,H,0110,1,FO-01,J,XXXX,8,38,F,1,199809,1,"$101,142",28.7
ST00,NP,H,17,,G,0110,1,FO-02,H,XXXX,2,38,F,1,199809,1,"$86,301",21.3
ST00,11,E,17,,E,0110,1,FO-02,F,XXXX,8,38,F,1,199809,1,"$64,931",10.3
ST00,11,H,13,,H,0110,1,FE-MC,L,XXXX,2,38,F,1,199809,1,"$122,824",26.3
ST00,RS,I,21,,I,0110,1,FO-03,F,XXXX,8,38,F,1,199809,1,"$63,996",30.9
ST00,FR,H,15,,F,0110,1,FO-01,I,XXXX,8,38,F,1,199809,1,"$94,287",17.4
ST00,CH,G,17,,F,0110,1,FO-02,H,XXXX,8,38,F,1,199809,1,"$86,301",15.9
ST00,11,J,18,,J,0110,1,FE-MC,L,XXXX,2,38,F,1,199809,1,"$125,900",38.9
ST00,CA,F,21,,E,0110,1,FO-02,F,XXXX,8,38,F,1,199809,1,"$62,346",11.3
ST00,11,G,17,,F,0110,1,FO-03,F,XXXX,8,38,F,1,199809,1,"$62,823",18.3
ST00,SA,G,17,,H,0110,1,FO-01,H,XXXX,2,38,F,1,199809,1,"$84,076",25.3
ST00,11,F,13,,F,0110,1,FO-03,F,XXXX,5,38,F,1,199809,1,"$68,649",16.5
ST00,11,F,17,,G,0110,1,FO-01,I,XXXX,2,38,F,1,199809,1,"$98,552",22.5
ST00,AM,E,14,,E,0110,1,FO-04,D,XXXX,8,38,F,1,199809,1,"$47,456",11.3
ST00,11,I,19,,I,0110,1,FE-MC,L,XXXX,2,38,F,1,199809,1,"$125,900",31.8
ST00,11,H,21,,G,0110,1,FE-MC,L,XXXX,8,38,F,1,199809,1,"$125,900",20.9
ST00,CH,E,17,,D,0110,1,FO-04,E,XXXX,8,38,F,1,199809,1,"$50,346",7.5
ST00,11,H,21,,D,0110,1,FO-03,E,XXXX,8,38,F,1,199809,1,"$57,492",5.9
ST00,SZ,H,17,,F,0110,1,FO-01,H,XXXX,8,38,F,1,199809,1,"$86,599",17.0
ST00,BR,F,17,,F,0110,1,FO-02,G,XXXX,2,38,F,1,199809,1,"$72,276",16.5
ST00,JA,I,17,,I,0110,1,FE-MC,K,XXXX,2,38,F,1,199809,1,"$118,400",32.8
ST00,11,F,17,,F,0110,1,FO-01,I,XXXX,8,38,F,1,199809,1,"$90,188",17.7
ST00,FR,F,13,,F,0110,1,FO-02,G,XXXX,8,38,F,1,199809,1,"$72,276",15.6
ST00,11,E,17,,E,0110,1,FO-03,E,XXXX,8,38,F,1,199809,1,"$59,216",11.0
ST00,TH,F,17,,F,0110,1,FO-02,F,XXXX,8,38,F,1,199809,1,"$66,143",15.8
ST00,11,H,14,,H,0110,1,FE-OC,L,XXXX,8,38,F,1,199809,1,"$122,824",29.8
ST00,IS,D,13,,E,0110,1,FO-03,E,XXXX,8,38,F,1,199809,1,"$58,565",10.1
ST00,11,E,13,,F,0110,1,FO-04,E,XXXX,8,38,F,1,199809,1,"$52,434",15.8
ST00,11,F,17,,F,0110,1,FO-01,I,XXXX,2,38,F,1,199809,1,"$90,188",19.5
ST00,11,G,19,,G,0110,1,FE-MC,L,XXXX,2,38,F,1,199809,1,"$125,900",24.9
ST00,KS,E,13,,E,0110,1,FO-03,F,XXXX,8,38,F,1,199809,1,"$60,322",12.5
ST00,11,H,17,,H,0110,1,FO-01,J,XXXX,4,38,F,1,199809,1,"$101,142",25.8
ST00,BR,H,17,,H,0110,1,FE-OC,K,XXXX,2,38,F,1,199809,1,"$114,500",27.9
ST00,11,E,17,,E,0110,1,FO-03,F,XXXX,8,38,F,1,199809,1,"$64,707",12.2
ST00,SF,E,15,,D,0110,1,FO-03,E,XXXX,8,38,F,1,199809,1,"$52,035",8.2
ST00,11,F,13,,F,0110,1,FO-01,I,XXXX,2,38,F,1,199809,1,"$90,188",17.4
ST00,HO,I,17,,I,0110,1,FO-01,I,XXXX,2,38,F,1,199809,1,"$94,287",30.0
ST00,GM,H,17,,H,0110,1,FE-MC,K,XXXX,2,38,F,1,199809,1,"$118,400",26.8
ST00,FR,F,17,,E,0110,1,FO-02,G,XXXX,8,38,F,1,199809,1,"$70,171",11.4
ST00,UY,F,20,,E,0110,1,FO-03,E,XXXX,8,38,F,1,199809,1,"$58,565",14.9
ST00,11,E,17,,E,0110,1,FO-02,G,XXXX,8,38,F,1,199809,1,"$70,952",10.4
ST00,11,G,17,,H,0110,1,FO-01,J,XXXX,8,38,F,1,199809,1,"$101,142",26.4
ST00,11,E,17,,D,0110,1,FP-03,E,XXXX,8,48,F,2,199809,1,"$57,492",7.5
ST00,EG,E,17,,F,0110,1,FP-04,D,XXXX,8,38,F,1,199809,1,"$47,456",15.8
ST00,11,D,13,,D,0110,1,FO-04,D,XXXX,8,38,F,1,199809,1,"$47,984",5.5
ST00,TH,E,13,,E,0110,1,FO-03,E,XXXX,8,38,F,1,199809,1,"$50,519",11.7
ST00,PM,H,18,,G,0110,1,FO-02,H,XXXX,8,38,F,1,199809,1,"$81,347",22.3
ST00,11,G,17,,F,0110,1,FO-02,I,XXXX,8,38,F,1,199809,1,"$92,575",19.6
ST00,JA,E,17,,E,0110,1,FO-01,G,XXXX,8,38,F,1,199809,1,"$76,942",13.1
ST00,CH,E,17,,F,0110,1,FO-02,G,XXXX,8,38,F,1,199809,1,"$78,978",15.3
ST00,11,G,17,,G,0110,1,FE-MC,L,XXXX,2,38,F,1,199809,1,"$122,824",22.3
ST00,11,G,13,,G,0110,1,FE-OC,K,XXXX,2,38,F,1,199809,1,"$116,495",24.0
ST00,KS,F,13,,E,0110,1,FP-02,F,XXXX,8,38,F,1,199809,1,"$66,143",14.9
ST00,AU,G,17,,G,0110,1,FE-MC,K,XXXX,2,38,F,1,199809,1,"$118,400",23.7
ST00,11,G,13,,G,0110,1,FO-02,I,XXXX,8,38,F,1,199809,1,"$92,575",24.9
ST00,KS,G,17,,H,0110,1,FO-01,I,XXXX,2,38,F,1,199809,1,"$94,287",25.4
ST00,11,E,13,,E,0110,1,FO-03,E,XXXX,8,38,F,1,199809,1,"$52,614",11.3
ST00,11,D,13,,E,0110,1,FP-04,D,XXXX,8,48,F,2,199809,1,"$45,229",11.4
ST00,JO,E,17,,D,0110,1,FO-03,D,XXXX,8,38,F,1,199809,1,"$49,048",7.9
ST00,RS,H,18,,H,0110,1,FE-OC,J,XXXX,2,38,F,1,199809,1,"$108,600",25.8
ST00,11,D,17,,D,0110,1,FO-04,E,XXXX,8,38,F,1,199809,1,"$50,906",6.8
ST00,11,D,17,,E,0110,1,FO-04,E,XXXX,8,38,F,1,199809,1,"$52,434",12.3
ST00,DJ,I,13,,I,0110,1,FA-OC,K,XXXX,2,38,F,1,199809,1,"$118,400",32.4
ST00,JA,G,17,,F,0110,1,FO-01,I,XXXX,2,38,F,1,199809,1,"$94,287",18.5
ST00,SF,F,17,,C,0110,1,FO-04,D,XXXX,8,38,F,1,199809,1,"$40,936",3.7
ST00,11,D,17,,D,0110,1,FO-03,E,XXXX,8,38,F,1,199809,1,"$54,192",6.9
ST00,GT,H,17,,I,0110,1,FO-01,H,XXXX,2,38,F,1,199809,1,"$89,197",34.6
ST00,CE,E,17,,E,0110,1,FO-03,E,XXXX,8,38,F,1,199809,1,"$58,565",11.7
ST00,11,G,21,,G,0110,1,ES-04,L,XXXX,2,50,F,1,199809,1,"$122,824",21.2
ST00,11,F,17,,F,0110,1,FO-01,I,XXXX,2,38,F,1,199809,1,"$92,895",19.3
ST00,MO,F,17,,F,0110,1,FE-OC,I,XXXX,2,38,F,1,199809,1,"$99,200",19.0
ST00,11,I,18,,I,0110,1,FE-OC,K,XXXX,8,38,F,1,199809,1,"$116,495",31.0
ST00,11,E,17,,E,0110,1,FO-02,F,XXXX,8,38,F,1,199809,1,"$66,879",13.1
ST00,JO,H,17,,G,0110,1,FO-02,G,XXXX,2,38,F,1,199809,1,"$76,678",20.8
ST00,CH,G,17,,G,0110,1,FO-02,G,XXXX,8,38,F,1,199809,1,"$78,978",21.8
ST00,BR,D,14,,E,0110,1,FO-02,F,XXXX,2,38,F,1,199809,1,"$62,346",11.8
ST00,FR,H,18,,G,0110,1,FO-01,I,XXXX,2,38,F,1,199809,1,"$91,873",20.4
ST00,11,G,14,,F,0110,1,FP-04,D,XXXX,8,38,F,1,199809,1,"$47,984",15.4
ST00,KS,F,13,,D,0110,1,FO-03,F,XXXX,8,38,F,1,199809,1,"$65,916",9.0
ST00,MO,G,17,,F,0110,1,FO-01,I,XXXX,2,38,F,1,199809,1,"$94,287",19.0
ST00,11,F,17,,F,0110,1,FO-02,H,XXXX,8,38,F,1,199809,1,"$84,720",19.0
ST00,CD,D,04,,A,0110,1,FP-05,C,XXXX,8,48,F,2,199809,1,"$35,190",0.0
ST00,11,G,17,,G,0110,1,FE-MC,L,XXXX,2,38,F,1,199809,1,"$122,824",22.2
ST00,TU,D,17,,D,0110,1,FO-03,E,XXXX,8,38,F,1,199809,1,"$58,565",9.2
ST00,TS,D,13,,D,0110,1,FO-02,F,XXXX,8,38,F,1,199809,1,"$62,346",9.2
ST00,11,G,15,,F,0110,1,FO-02,H,XXXX,8,38,F,1,199809,1,"$87,261",19.9
ST00,UZ,F,17,,F,0110,1,FO-02,G,XXXX,8,38,F,1,199809,1,"$74,444",19.2
ST00,CU,D,13,,D,0110,1,FP-05,D,XXXX,8,48,F,2,199809,1,"$45,915",5.2
ST00,BU,D,17,,D,0110,1,FO-04,E,XXXX,8,38,F,1,199809,1,"$53,412",6.7
ST00,ID,D,17,,E,0110,1,FO-03,E,XXXX,8,38,F,1,199809,1,"$50,519",10.1
ST00,11,G,17,,F,0110,1,ES-04,L,XXXX,2,50,F,1,199809,1,"$122,824",18.3
ST00,11,G,21,14,D,0110,1,GG-14,H,XXXX,8,48,F,2,199809,1,"$81,569",9.2
ST00,CA,H,17,,E,0110,1,FO-03,F,XXXX,8,38,F,1,199809,1,"$65,916",12.0
ST00,11,D,21,,D,0110,1,FO-03,E,XXXX,8,38,F,1,199809,1,"$51,081",5.9
ST00,11,G,14,,G,0110,1,FP-02,G,XXXX,8,38,F,1,199809,1,"$73,080",20.3
ST00,TU,E,15,,E,0110,1,FO-02,G,XXXX,2,38,F,1,199809,1,"$78,978",11.3
ST00,11,G,17,,G,0110,1,FO-01,J,XXXX,8,38,F,1,199809,1,"$101,142",23.1
ST00,CD,D,17,,D,0110,1,FP-05,C,XXXX,8,48,F,2,199809,1,"$35,190",6.3
ST00,BK,H,15,,G,0110,1,FO-02,H,XXXX,2,38,F,1,199809,1,"$86,301",24.5
ST00,TX,G,17,,H,0110,1,FO-01,I,XXXX,2,38,F,1,199809,1,"$94,287",25.8
ST00,CG,F,17,,D,0110,1,FO-03,E,XXXX,8,38,F,1,199809,1,"$50,519",9.8
ST00,AU,D,13,,E,0110,1,FP-04,D,XXXX,8,38,F,1,199809,1,"$44,732",11.9
ST00,ES,F,17,,G,0110,1,FO-02,H,XXXX,8,38,F,1,199809,1,"$86,301",20.9
ST00,CB,E,17,,E,0110,1,FO-03,F,XXXX,8,38,F,1,199809,1,"$62,132",11.0
ST00,CH,E,18,,D,0110,1,FO-03,E,XXXX,8,38,F,1,199809,1,"$52,035",6.7
ST00,GG,F,15,,E,0110,1,FO-02,G,XXXX,8,38,F,1,199809,1,"$78,978",12.5
ST00,11,F,18,,F,0110,1,FO-02,G,XXXX,8,38,F,1,199809,1,"$77,530",17.8
ST00,11,H,21,,H,0110,1,FE-OC,L,XXXX,8,38,F,1,199809,1,"$122,824",28.3
ST00,11,G,18,,G,0110,1,FO-02,H,XXXX,5,38,F,1,199809,1,"$84,720",21.3
ST00,11,F,18,,F,0110,1,FO-02,G,XXXX,8,38,F,1,199809,1,"$75,272",17.3
ST00,11,E,17,,D,0110,1,FP-04,E,XXXX,8,48,F,2,199809,1,"$50,906",7.6
ST00,11,F,17,,D,0110,1,FO-03,F,XXXX,8,38,F,1,199809,1,"$64,707",8.2
ST00,AJ,F,13,,F,0110,1,FO-03,F,XXXX,8,38,F,1,199809,1,"$60,322",15.5
ST00,11,D,17,,D,0110,1,FO-03,E,XXXX,8,38,F,1,199809,1,"$55,818",7.5
ST00,11,E,17,,D,0110,1,FO-03,E,XXXX,8,38,F,1,199809,1,"$59,216",7.1
ST00,GM,H,17,,I,0110,1,FE-MC,K,XXXX,8,38,F,1,199809,1,"$118,400",30.0
ST00,CO,G,09,,F,0110,1,FO-02,F,XXXX,8,38,F,1,199809,1,"$68,127",17.6
ST00,VM,F,14,,F,0110,1,FO-03,F,XXXX,8,38,F,1,199809,1,"$69,930",18.8
ST00,EZ,F,13,,F,0110,1,FO-02,H,XXXX,8,38,F,1,199809,1,"$81,347",19.5
ST00,MO,G,17,,G,0110,1,FO-02,H,XXXX,8,38,F,1,199809,1,"$83,788",20.8
ST00,25,I,21,,H,0110,1,FO-01,I,XXXX,8,38,F,1,199809,1,"$99,783",25.3
ST00,11,H,14,,H,0110,1,FE-MC,L,XXXX,2,38,F,1,199809,1,"$125,900",28.1
ST00,BE,H,18,,H,0110,1,FE-OC,J,XXXX,2,38,F,1,199809,1,"$108,600",28.5
ST00,11,H,21,14,H,0110,1,GM-14,H,XXXX,5,10,F,1,199809,1,"$85,978",27.1
ST00,11,G,17,,D,0110,1,FO-03,F,XXXX,8,38,F,1,199809,1,"$62,823",8.3
ST00,11,F,15,,E,0110,1,FO-03,F,XXXX,8,38,F,1,199809,1,"$66,649",11.4
ST00,11,I,18,,G,0110,1,FO-03,G,XXXX,8,38,F,1,199809,1,"$72,829",20.5
ST00,ES,F,15,,E,0110,1,FO-02,G,XXXX,2,38,F,1,199809,1,"$70,171",14.1
ST00,11,E,17,,D,0110,1,FO-03,E,XXXX,8,38,F,1,199809,1,"$55,818",9.0
ST00,SR,E,17,,E,0110,1,FO-03,F,XXXX,8,38,F,1,199809,1,"$60,322",13.2
ST00,IS,D,18,,B,0110,1,FP-04,D,XXXX,8,48,F,2,199809,1,"$40,936",2.8
ST00,DJ,F,17,,F,0110,1,FO-02,G,XXXX,2,38,F,1,199809,1,"$70,171",15.5
ST00,11,F,15,,E,0110,1,FO-02,G,XXXX,8,38,F,1,199809,1,"$73,080",14.1
ST00,MY,E,17,,F,0110,1,FP-04,D,XXXX,8,48,F,2,199809,1,"$44,732",19.3
ST00,11,H,17,,G,0110,1,FO-01,I,XXXX,8,38,F,1,199809,1,"$98,552",23.3
ST00,CH,G,17,,F,0110,1,FP-03,F,XXXX,8,38,F,1,199809,1,"$60,322",19.6
ST00,11,H,17,,H,0110,1,FE-OC,K,XXXX,2,38,F,1,199809,1,"$116,495",27.3
ST00,11,D,17,,D,0110,1,FO-04,D,XXXX,8,38,F,1,199809,1,"$49,424",6.3
ST00,PE,D,04,,B,0110,1,FP-04,D,XXXX,8,48,F,2,199809,1,"$42,164",1.8
ST00,HR,F,17,,F,0110,1,FO-03,F,XXXX,8,38,F,1,199809,1,"$67,893",18.5
ST00,FR,J,15,,J,0110,1,FE-MC,K,XXXX,2,38,F,1,199809,1,"$118,400",37.0
ST00,11,H,13,,G,0110,1,FO-01,I,XXXX,8,38,F,1,199809,1,"$98,552",20.7
ST00,BB,E,21,,E,0110,1,FO-03,E,XXXX,8,38,F,1,199809,1,"$56,860",10.8
ST00,11,E,14,,E,0110,1,FO-03,F,XXXX,8,38,F,1,199809,1,"$68,649",14.0
ST00,CH,H,19,,G,0110,1,FO-01,H,XXXX,8,38,F,1,199809,1,"$89,197",21.8
ST00,11,F,17,,G,0110,1,FO-01,I,XXXX,2,38,F,1,199809,1,"$98,552",20.6
ST00,UK,F,17,,E,0110,1,FO-02,F,XXXX,8,38,F,1,199809,1,"$64,216",14.3
ST00,11,D,17,,D,0110,1,FP-03,E,XXXX,8,48,F,2,199809,1,"$54,192",7.1
ST00,36,E,13,,F,0110,1,FO-02,G,XXXX,8,38,F,1,199809,1,"$72,599",15.1
ST00,11,E,13,,E,0110,1,FO-03,F,XXXX,8,38,F,1,199809,1,"$66,649",13.6
ST00,**,D,17,,D,0110,1,FP-04,Z,XXXX,8,38,F,1,199809,1,,6.1
ST00,CD,C,17,,A,0110,1,FP-05,C,XXXX,8,48,F,2,199809,1,"$35,190",0.2
ST00,BR,H,17,,I,0110,1,FE-OC,J,XXXX,2,38,F,1,199809,1,"$108,600",31.4
ST00,11,D,17,,D,0110,1,FO-03,E,XXXX,8,38,F,1,199809,1,"$51,081",6.1
ST00,CH,E,13,,E,0110,1,FO-04,D,XXXX,8,38,F,1,199809,1,"$43,429",12.3
ST00,11,H,13,,I,0110,1,FE-MC,L,XXXX,2,38,F,1,199809,1,"$125,900",31.3
ST00,11,G,17,,F,0110,1,FO-02,H,XXXX,8,38,F,1,199809,1,"$87,261",16.5
ST00,11,G,13,,G,0110,1,FO-01,J,XXXX,2,38,F,1,199809,1,"$101,142",23.5
ST00,11,H,17,,G,0110,1,FO-01,I,XXXX,8,38,F,1,199809,1,"$95,682",24.3
ST00,11,J,17,,F,0110,1,FO-02,H,XXXX,8,38,F,1,199809,1,"$87,261",19.5
ST00,11,C,13,,D,0110,1,FO-04,D,XXXX,8,38,F,1,199809,1,"$43,912",5.1
ST00,11,I,17,,I,0110,1,FO-01,J,XXXX,2,38,F,1,199809,1,"$101,142",32.3
ST00,11,F,13,,F,0110,1,FO-01,I,XXXX,8,38,F,1,199809,1,"$95,682",19.5
ST00,CY,E,17,,D,0110,1,FO-03,E,XXXX,8,38,F,1,199809,1,"$52,035",9.3
ST00,TS,C,13,,D,0110,1,FO-03,D,XXXX,8,38,F,1,199809,1,"$49,048",6.3
ST00,MX,H,14,,H,0110,1,FO-02,H,XXXX,8,38,F,1,199809,1,"$83,788",26.8
ST00,11,E,17,,E,0110,1,FO-02,G,XXXX,4,38,F,1,199809,1,"$77,530",13.5
ST00,AS,D,17,,C,0110,1,FO-04,D,XXXX,8,38,F,1,199809,1,"$40,936",3.9
ST00,FJ,D,17,,E,0110,1,FO-03,E,XXXX,2,38,F,1,199809,1,"$55,203",10.9
ST00,11,I,17,,I,0110,1,FO-02,I,XXXX,8,38,F,1,199809,1,"$92,575",31.5
ST00,11,F,18,,D,0110,1,FO-03,E,XXXX,8,38,F,1,199809,1,"$52,614",8.5
ST00,MY,H,18,,G,0110,1,FE-OC,J,XXXX,2,38,F,1,199809,1,"$108,600",22.0
ST00,11,H,17,,G,0110,1,FO-02,H,XXXX,8,38,F,1,199809,1,"$89,879",20.5
ST00,TC,F,17,,F,0110,1,FO-02,G,XXXX,8,38,F,1,199809,1,"$74,444",15.8
ST00,CD,B,13,,A,0110,1,FP-06,C,XXXX,8,48,F,2,199809,1,"$31,459",0.3
ST00,11,E,17,14,D,0110,1,GS-14,F,XXXX,8,15,F,1,199809,1,"$68,343",5.8
ST00,TW,F,17,,D,0110,1,FO-04,E,XXXX,8,38,F,1,199809,1,"$50,346",6.5
ST00,11,F,17,,D,0110,1,FO-03,E,XXXX,8,38,F,1,199809,1,"$51,081",5.7
ST00,UK,F,17,,F,0110,1,FE-OC,I,XXXX,8,38,F,1,199809,1,"$99,200",18.7
ST00,11,F,17,,E,0110,1,FO-03,F,XXXX,8,38,F,1,199809,1,"$60,994",11.0
ST00,JA,E,13,,F,0110,1,FO-02,G,XXXX,8,38,F,1,199809,1,"$76,678",16.1
ST00,FR,I,17,,H,0110,1,FE-OC,K,XXXX,2,38,F,1,199809,1,"$114,500",29.9
ST00,11,F,17,13,F,0110,1,GM-13,F,XXXX,5,10,F,1,199809,1,"$69,037",19.1
ST00,BA,E,17,,E,0110,1,FO-03,F,XXXX,8,38,F,1,199809,1,"$60,322",14.5
ST00,11,G,17,,H,0110,1,FO-01,I,XXXX,8,38,F,1,199809,1,"$95,682",26.8
ST00,CA,F,19,,F,0110,1,FO-02,G,XXXX,8,38,F,1,199809,1,"$78,978",16.7
ST00,EC,F,13,,G,0110,1,FO-02,F,XXXX,8,38,F,1,199809,1,"$64,216",20.4
ST00,NU,F,17,,F,0110,1,FO-01,I,XXXX,2,38,F,1,199809,1,"$94,287",18.0
ST00,SZ,E,13,,F,0110,1,FP-03,D,XXXX,8,38,F,1,199809,1,"$49,048",15.3
ST00,BR,E,15,,E,0110,1,FO-03,E,XXXX,8,38,F,1,199809,1,"$53,596",10.3
ST00,11,G,17,,G,0110,1,FE-OC,K,XXXX,2,38,F,1,199809,1,"$111,454",21.7
ST00,11,D,17,,D,0110,1,FO-03,E,XXXX,8,38,F,1,199809,1,"$52,614",8.1
ST00,11,F,17,,F,0110,1,FO-03,F,XXXX,8,38,F,1,199809,1,"$66,649",16.9
ST00,IS,G,17,,F,0110,1,FO-01,H,XXXX,8,38,F,1,199809,1,"$86,599",19.3
ST00,IN,E,13,,F,0110,1,FO-01,H,XXXX,2,38,F,1,199809,1,"$84,076",16.4
ST00,NU,E,04,,E,0110,1,FP-02,G,XXXX,8,48,F,2,199809,1,"$70,171",13.3
ST00,IS,G,17,,G,0110,1,FE-OC,J,XXXX,2,38,F,1,199809,1,"$108,600",23.2
ST00,11,H,13,,H,0110,1,FO-01,J,XXXX,2,38,F,1,199809,1,"$101,142",29.8
ST00,TW,F,17,,E,0110,1,FO-02,G,XXXX,8,38,F,1,199809,1,"$70,171",13.4
ST00,IV,F,17,,E,0110,1,FO-03,E,XXXX,8,38,F,1,199809,1,"$53,596",10.4
ST00,11,G,17,,F,0110,1,FO-01,I,XXXX,8,38,F,1,199809,1,"$98,552",19.7
ST00,JA,G,17,,G,0110,1,FE-MC,K,XXXX,2,38,F,1,199809,1,"$114,500",22.0
ST00,CH,F,17,,F,0110,1,FO-03,E,XXXX,8,38,F,1,199809,1,"$58,565",18.1
ST00,SR,E,17,,E,0110,1,FO-02,F,XXXX,8,38,F,1,199809,1,"$66,143",13.8
ST00,IN,G,17,,E,0110,1,FO-03,E,XXXX,8,38,F,1,199809,1,"$52,035",14.4
ST00,MK,G,13,,G,0110,1,FA-OC,K,XXXX,2,38,F,1,199809,1,"$118,400",22.8
ST00,JA,H,15,,G,0110,1,FO-01,H,XXXX,8,38,F,1,199809,1,"$84,076",23.3
ST00,GM,F,17,,G,0110,1,FO-02,G,XXXX,8,38,F,1,199809,1,"$74,444",20.8
ST00,11,E,17,,E,0110,1,FP-03,E,XXXX,8,38,F,1,199809,1,"$57,492",11.5
ST00,LO,E,14,,D,0110,1,FP-03,E,XXXX,8,48,F,2,199809,1,"$53,596",7.5
ST00,CG,E,17,,D,0110,1,FP-05,C,XXXX,8,48,F,2,199809,1,"$33,170",8.4
ST00,11,E,17,,E,0110,1,FO-03,F,XXXX,8,38,F,1,199809,1,"$62,823",10.7
ST00,11,D,13,,D,0110,1,FO-04,D,XXXX,8,38,F,1,199809,1,"$49,424",6.7
ST00,11,H,18,,H,0110,1,FO-01,J,XXXX,8,38,F,1,199809,1,"$101,142",28.2
ST00,CH,H,17,,F,0110,1,FO-02,G,XXXX,8,38,F,1,199809,1,"$72,276",18.5
ST00,BL,H,17,,H,0110,1,FE-OC,J,XXXX,2,38,F,1,199809,1,"$108,600",28.0
ST00,EC,G,17,,I,0110,1,FA-MC,L,XXXX,2,38,F,1,199809,1,"$125,900",30.2
ST00,HK,G,14,,G,0110,1,FA-MC,K,XXXX,2,38,F,1,199809,1,"$118,400",23.2
ST00,RS,F,17,,F,0110,1,FO-01,H,XXXX,2,38,F,1,199809,1,"$84,076",15.3
ST00,11,G,14,,G,0110,1,FE-OC,J,XXXX,8,38,F,1,199809,1,"$106,412",22.3
ST00,11,G,17,,F,0110,1,FO-02,H,XXXX,8,38,F,1,199809,1,"$82,252",15.7
ST00,11,E,17,,E,0110,1,FO-02,H,XXXX,8,38,F,1,199809,1,"$87,261",11.8
ST00,11,G,17,,H,0110,1,FE-OC,K,XXXX,8,38,F,1,199809,1,"$111,454",27.8
ST00,11,G,18,,H,0110,1,FO-02,I,XXXX,8,38,F,1,199809,1,"$92,575",25.1
ST00,11,D,13,,E,0110,1,FO-04,D,XXXX,8,38,F,1,199809,1,"$49,424",10.2
ST00,CI,G,17,,G,0110,1,FO-01,H,XXXX,8,38,F,1,199809,1,"$84,076",21.3
ST00,11,D,13,,D,0110,1,FO-04,D,XXXX,8,38,F,1,199809,1,"$45,229",6.5
ST00,ID,F,21,,D,0110,1,FP-03,E,XXXX,8,38,F,1,199809,1,"$53,596",8.8
ST00,11,F,17,,F,0110,1,FO-02,G,XXXX,8,38,F,1,199809,1,"$73,080",15.3
ST00,AU,H,17,,F,0110,1,FO-02,G,XXXX,8,38,F,1,199809,1,"$72,276",19.2
ST00,CD,C,04,,B,0110,1,FP-05,C,XXXX,8,48,F,2,199809,1,"$37,333",1.9
ST00,SP,G,17,,G,0110,1,FO-01,I,XXXX,8,38,F,1,199809,1,"$94,287",22.3
ST00,11,F,17,,F,0110,1,FO-01,H,XXXX,2,38,F,1,199809,1,"$85,011",18.3
ST00,BE,D,13,,D,0110,1,FP-04,C,XXXX,8,38,F,1,199809,1,"$39,744",8.5
ST00,11,E,13,,D,0110,1,FO-03,E,XXXX,8,38,F,1,199809,1,"$57,492",8.2
ST00,CD,C,17,,B,0110,1,FP-05,D,XXXX,8,48,F,2,199809,1,"$40,795",1.2
ST00,KS,I,18,,H,0110,1,FE-OC,J,XXXX,2,38,F,1,199809,1,"$103,900",26.1
ST00,11,G,15,,G,0110,1,FO-01,H,XXXX,2,38,F,1,199809,1,"$87,562",20.3
ST00,11,E,17,,D,0110,1,FO-03,F,XXXX,8,38,F,1,199809,1,"$64,707",8.5
ST00,UK,G,17,,G,0110,1,FO-02,G,XXXX,8,38,F,1,199809,1,"$70,171",20.6
ST00,RO,F,17,,E,0110,1,FO-03,F,XXXX,8,38,F,1,199809,1,"$69,930",13.8
ST00,LA,E,21,,D,0110,1,FO-03,F,XXXX,2,38,F,1,199809,1,"$62,132",7.5
ST00,11,G,18,,G,0110,1,FO-01,J,XXXX,2,38,F,1,199809,1,"$101,142",21.0
ST00,DR,G,13,,H,0110,1,FO-03,F,XXXX,8,38,F,1,199809,1,"$60,322",25.4
ST00,SY,E,17,,E,0110,1,FO-02,G,XXXX,2,38,F,1,199809,1,"$74,444",13.5
ST00,IN,D,17,,D,0110,1,FP-04,D,XXXX,8,38,F,1,199809,1,"$44,732",8.6
ST00,11,H,13,,H,0110,1,FO-01,J,XXXX,8,38,F,1,199809,1,"$101,142",29.3
ST00,BK,H,14,,H,0110,1,FO-02,G,XXXX,8,38,F,1,199809,1,"$78,978",28.4
ST00,11,F,14,,G,0110,1,FO-01,I,XXXX,2,38,F,1,199809,1,"$90,188",20.1
ST00,FR,F,17,,D,0110,1,FO-03,E,XXXX,8,38,F,1,199809,1,"$58,565",9.6
ST00,11,F,15,,D,0110,1,FO-03,F,XXXX,8,38,F,1,199809,1,"$66,649",9.6
ST00,RS,E,13,,E,0110,1,FO-02,G,XXXX,8,38,F,1,199809,1,"$72,276",12.5
ST00,PK,D,13,,D,0110,1,FP-04,D,XXXX,8,38,F,1,199809,1,"$46,074",8.8
ST00,11,D,13,,E,0110,1,FO-04,D,XXXX,8,38,F,1,199809,1,"$43,912",10.1
ST00,11,E,17,,E,0110,1,FO-03,F,XXXX,8,38,F,1,199809,1,"$64,707",11.3
ST00,JO,C,13,,C,0110,1,FP-05,C,XXXX,8,48,F,2,199809,1,"$33,170",4.0
ST00,MX,C,13,,C,0110,1,FP-05,C,XXXX,8,48,F,2,199809,1,"$35,190",4.5
ST00,NI,C,13,,B,0110,1,FP-05,C,XXXX,8,48,F,2,199809,1,"$31,266",1.8
ST00,SP,I,21,,F,0110,1,FO-02,G,XXXX,8,38,F,1,199809,1,"$76,678",18.5
ST00,TH,G,17,,G,0110,1,FE-MC,K,XXXX,2,38,F,1,199809,1,"$114,500",22.3
ST00,11,E,13,,E,0110,1,FO-03,F,XXXX,8,38,F,1,199809,1,"$60,994",11.5
ST00,CA,E,17,,F,0110,1,FO-03,E,XXXX,8,38,F,1,199809,1,"$53,596",15.9
ST00,11,E,17,,D,0110,1,FO-03,E,XXXX,8,38,F,1,199809,1,"$55,818",9.0
ST00,FR,D,13,,E,0110,1,FO-03,D,XXXX,8,38,F,1,199809,1,"$49,048",11.3
ST00,11,E,17,,E,0110,1,FP-03,E,XXXX,8,38,F,1,199809,1,"$55,818",13.4
ST00,DA,G,21,,F,0110,1,FO-01,G,XXXX,8,38,F,1,199809,1,"$79,250",15.5
ST00,11,E,17,,D,0110,1,FO-04,D,XXXX,8,38,F,1,199809,1,"$47,984",6.7
ST00,SA,D,13,,D,0110,1,FP-04,C,XXXX,8,48,F,2,199809,1,"$38,586",6.4
ST00,36,C,13,,C,0110,1,FO-04,D,XXXX,8,38,F,1,199809,1,"$43,623",3.7
ST00,11,I,13,14,I,0110,1,GM-14,H,XXXX,5,10,F,1,199809,1,"$85,978",32.8
ST00,11,G,13,,F,0110,1,FO-04,D,XXXX,8,38,F,1,199809,1,"$47,984",18.6
ST00,11,G,14,,H,0110,1,FO-03,G,XXXX,8,38,F,1,199809,1,"$70,708",26.8
ST00,11,G,17,,G,0110,1,FO-01,I,XXXX,8,38,F,1,199809,1,"$95,682",21.7
ST00,11,E,13,,E,0110,1,FO-04,E,XXXX,8,38,F,1,199809,1,"$55,626",14.9
ST00,11,F,21,,E,0110,1,FO-03,E,XXXX,8,38,F,1,199809,1,"$54,192",10.7
ST00,RS,E,21,,E,0110,1,FO-03,E,XXXX,8,38,F,1,199809,1,"$56,860",10.9
ST00,JA,F,17,,F,0110,1,FO-02,G,XXXX,8,38,F,1,199809,1,"$70,171",16.5
ST00,11,F,17,,E,0110,1,FO-03,F,XXXX,8,38,F,1,199809,1,"$62,823",10.3
ST00,SA,F,17,,G,0110,1,FO-02,G,XXXX,8,38,F,1,199809,1,"$76,678",20.3
ST00,11,H,17,,E,0110,1,FO-03,F,XXXX,8,38,F,1,199809,1,"$66,649",14.9
ST00,UK,G,17,,G,0110,1,FE-MC,K,XXXX,2,38,F,1,199809,1,"$118,400",21.1
ST00,AO,H,17,,H,0110,1,FO-01,I,XXXX,2,38,F,1,199809,1,"$91,873",28.3
ST00,YM,D,17,,D,0110,1,FP-04,C,XXXX,8,48,F,2,199809,1,"$39,744",8.8
ST00,CD,C,17,,A,0110,1,FP-05,C,XXXX,8,48,F,2,199809,1,"$39,607",0.3
ST00,CH,F,13,,E,0110,1,FP-03,E,XXXX,8,38,F,1,199809,1,"$53,596",12.0
ST00,EC,D,17,,C,0110,1,FO-03,D,XXXX,8,38,F,1,199809,1,"$49,048",4.9
ST00,11,D,17,,D,0110,1,FO-04,D,XXXX,8,38,F,1,199809,1,"$49,424",6.1
ST00,AS,H,17,,H,0110,1,FO-01,I,XXXX,2,38,F,1,199809,1,"$94,287",26.0
ST00,QA,D,13,,D,0110,1,FP-04,D,XXXX,8,48,F,2,199809,1,"$40,936",7.7
ST00,CD,E,17,,E,0110,1,FP-05,C,XXXX,8,48,F,2,199809,1,"$35,190",11.2
ST00,IC,H,15,,G,0110,1,FO-02,G,XXXX,8,38,F,1,199809,1,"$76,678",20.5
ST00,11,E,17,,E,0110,1,FO-02,G,XXXX,8,38,F,1,199809,1,"$70,952",13.3
ST00,11,E,13,,F,0110,1,FO-04,E,XXXX,8,38,F,1,199809,1,"$54,006",15.3
ST00,11,F,16,,D,0110,1,FO-03,E,XXXX,8,38,F,1,199809,1,"$55,818",6.5
ST00,11,F,17,,F,0110,1,FP-03,F,XXXX,8,38,F,1,199809,1,"$64,707",17.4
ST00,FR,D,13,,D,0110,1,FO-03,D,XXXX,8,38,F,1,199809,1,"$47,619",6.7
ST00,AU,F,13,,G,0110,1,FA-OC,K,XXXX,2,38,F,1,199809,1,"$118,400",24.7
ST00,11,H,13,,E,0110,1,FO-03,F,XXXX,8,38,F,1,199809,1,"$60,994",13.9
ST00,11,F,17,,F,0110,1,FO-02,G,XXXX,8,38,F,1,199809,1,"$70,952",19.5
ST00,UP,G,17,,H,0110,1,FO-01,I,XXXX,2,38,F,1,199809,1,"$94,287",25.0
ST00,GR,F,17,,F,0110,1,FO-02,G,XXXX,8,38,F,1,199809,1,"$78,978",19.7
ST00,11,I,18,,G,0110,1,FO-02,H,XXXX,8,38,F,1,199809,1,"$84,720",21.5
ST00,11,F,17,,F,0110,1,FO-02,H,XXXX,8,38,F,1,199809,1,"$82,252",18.5
ST00,11,G,14,,G,0110,1,FO-01,J,XXXX,8,38,F,1,199809,1,"$101,142",21.5
ST00,11,F,21,,D,0110,1,FO-04,E,XXXX,8,38,F,1,199809,1,"$52,434",7.3
ST00,11,G,17,,D,0110,1,FO-03,E,XXXX,8,38,F,1,199809,1,"$52,614",6.5
ST00,CA,G,08,,H,0110,1,FE-OC,I,XXXX,2,48,F,2,199809,1,"$99,200",28.3
ST00,TU,F,13,,F,0110,1,FO-01,H,XXXX,2,38,F,1,199809,1,"$84,076",18.3
ST00,AM,E,17,,E,0110,1,FO-02,H,XXXX,2,38,F,1,199809,1,"$81,347",14.3
ST00,JM,H,17,,I,0110,1,FO-01,I,XXXX,2,38,F,1,199809,1,"$94,287",31.6
ST00,WA,E,14,,E,0110,1,FO-02,G,XXXX,8,38,F,1,199809,1,"$72,276",14.3
ST00,11,G,13,,F,0110,1,FO-02,G,XXXX,8,38,F,1,199809,1,"$77,530",19.7
ST00,BL,G,18,,F,0110,1,FO-02,G,XXXX,8,38,F,1,199809,1,"$76,678",19.0
ST00,11,E,17,13,E,0110,1,GS-13,F,XXXX,8,10,F,1,199809,1,"$63,431",12.3
ST00,CY,E,17,,E,0110,1,FO-04,D,XXXX,2,38,F,1,199809,1,"$42,164",11.8
ST00,NG,G,17,,G,0110,1,FO-01,I,XXXX,2,38,F,1,199809,1,"$94,287",24.8
ST00,RS,D,13,,D,0110,1,FO-04,D,XXXX,8,38,F,1,199809,1,"$46,074",6.9
ST00,MX,G,13,,E,0110,1,FO-03,E,XXXX,8,38,F,1,199809,1,"$53,596",14.9
ST00,06,H,17,,H,0110,1,FO-02,I,XXXX,8,38,F,1,199809,1,"$92,427",26.9
ST00,11,F,17,,E,0110,1,FO-02,G,XXXX,8,38,F,1,199809,1,"$73,080",14.3
ST00,11,D,17,,E,0110,1,FO-03,E,XXXX,8,38,F,1,199809,1,"$54,192",10.5
ST00,BA,D,17,,D,0110,1,FO-03,E,XXXX,8,38,F,1,199809,1,"$50,519",9.0
ST00,BE,D,13,,D,0110,1,FP-04,D,XXXX,8,48,F,2,199809,1,"$47,456",8.1
ST00,11,F,15,,E,0110,1,FO-03,F,XXXX,8,38,F,1,199809,1,"$68,649",11.0
ST00,JA,F,17,,E,0110,1,FO-03,F,XXXX,8,38,F,1,199809,1,"$62,132",10.8
ST00,VM,H,17,,I,0110,1,FO-01,I,XXXX,2,38,F,1,199809,1,"$94,287",30.9
ST00,BX,H,17,,H,0110,1,FA-OC,K,XXXX,2,38,F,1,199809,1,"$118,400",26.5
ST00,SP,D,17,,E,0110,1,FO-03,E,XXXX,8,38,F,1,199809,1,"$53,596",10.3
ST00,CO,D,14,,D,0110,1,FP-04,C,XXXX,8,48,F,2,199809,1,"$39,744",8.3
ST00,11,H,21,,H,0110,1,FO-01,I,XXXX,8,38,F,1,199809,1,"$92,895",26.7
ST00,MU,G,17,,H,0110,1,FO-02,H,XXXX,2,38,F,1,199809,1,"$86,301",25.5
ST00,TD,F,14,,G,0110,1,FO-01,H,XXXX,2,38,F,1,199809,1,"$81,628",20.4
ST00,RO,G,17,,H,0110,1,FE-OC,J,XXXX,2,38,F,1,199809,1,"$108,600",26.3
ST00,11,E,13,,E,0110,1,FO-04,D,XXXX,8,38,F,1,199809,1,"$47,984",13.3
ST00,11,G,13,,G,0110,1,FO-03,E,XXXX,8,38,F,1,199809,1,"$55,818",20.0
ST00,UG,E,15,,D,0110,1,FO-04,D,XXXX,8,38,F,1,199809,1,"$40,936",8.5
ST00,11,I,15,,I,0110,1,FE-OC,K,XXXX,2,38,F,1,199809,1,"$116,495",31.4
ST00,SW,G,17,,F,0110,1,FO-01,H,XXXX,2,38,F,1,199809,1,"$84,076",19.3
ST00,NZ,E,17,,E,0110,1,FO-02,G,XXXX,2,38,F,1,199809,1,"$78,978",13.2
ST00,SW,E,13,,D,0110,1,FO-04,D,XXXX,8,38,F,1,199809,1,"$42,164",6.8
ST00,11,F,17,,E,0110,1,FO-03,E,XXXX,8,38,F,1,199809,1,"$54,192",14.2
ST00,TH,H,17,,H,0110,1,FO-02,H,XXXX,8,38,F,1,199809,1,"$83,788",27.2
ST00,36,E,17,,D,0110,1,FO-03,E,XXXX,8,38,F,1,199809,1,"$58,827",9.8
ST00,11,H,17,,H,0110,1,FE-OC,K,XXXX,2,38,F,1,199809,1,"$111,454",28.1
ST00,RP,F,17,,G,0110,1,FO-01,I,XXXX,2,38,F,1,199809,1,"$94,287",20.5
ST00,RO,E,17,,D,0110,1,FP-03,E,XXXX,8,48,F,2,199809,1,"$50,519",9.3
ST00,EC,F,14,,E,0110,1,FO-03,E,XXXX,8,38,F,1,199809,1,"$53,596",11.3
ST00,11,F,14,,F,0110,1,FO-01,I,XXXX,8,38,F,1,199809,1,"$90,188",19.0
ST00,CQ,E,13,,E,0110,1,FO-02,F,XXXX,8,38,F,1,199809,1,"$62,346",11.3
ST00,11,E,17,,E,0110,1,FO-03,E,XXXX,8,38,F,1,199809,1,"$59,216",14.5
ST00,PO,F,13,,F,0110,1,FO-02,G,XXXX,8,38,F,1,199809,1,"$78,978",19.9
ST00,AM,F,17,,E,0110,1,FO-02,G,XXXX,2,38,F,1,199809,1,"$76,678",14.2
ST00,KE,F,17,,E,0110,1,FO-01,G,XXXX,2,38,F,1,199809,1,"$79,250",14.3
ST00,EG,F,19,,E,0110,1,FO-02,F,XXXX,8,38,F,1,199809,1,"$66,143",12.9
ST00,LE,F,17,,F,0110,1,FO-02,G,XXXX,8,38,F,1,199809,1,"$72,276",17.0
ST00,AR,D,13,,E,0110,1,FO-02,E,XXXX,8,38,F,1,199809,1,"$58,767",11.3
ST00,GM,G,17,,G,0110,1,FO-01,I,XXXX,2,38,F,1,199809,1,"$91,873",22.8
ST00,11,I,17,,H,0110,1,FO-02,I,XXXX,8,38,F,1,199809,1,"$92,575",28.0
ST00,11,H,17,,F,0110,1,FO-02,H,XXXX,8,38,F,1,199809,1,"$89,879",18.8
ST00,11,D,18,,D,0110,1,FP-04,D,XXXX,8,48,F,2,199809,1,"$49,424",6.1
ST00,HU,F,13,,E,0110,1,FO-03,F,XXXX,8,38,F,1,199809,1,"$60,322",14.4
ST00,11,E,13,,E,0110,1,FO-02,F,XXXX,8,38,F,1,199809,1,"$64,931",13.1
ST00,SF,J,17,,H,0110,1,FE-MC,K,XXXX,2,38,F,1,199809,1,"$118,400",27.0
ST00,FR,G,17,,H,0110,1,FE-OC,J,XXXX,8,48,F,2,199809,1,"$103,900",26.3
ST00,GB,F,17,,D,0110,1,FO-04,D,XXXX,8,38,F,1,199809,1,"$46,074",5.5
ST00,SZ,F,15,,E,0110,1,FP-03,E,XXXX,8,38,F,1,199809,1,"$55,203",13.2
ST00,11,F,14,,E,0110,1,FO-04,E,XXXX,8,38,F,1,199809,1,"$54,006",10.3
ST00,FR,F,17,,F,0110,1,FO-02,G,XXXX,8,38,F,1,199809,1,"$76,678",16.6
ST00,TS,E,17,,E,0110,1,FO-02,G,XXXX,2,38,F,1,199809,1,"$76,678",12.7
ST00,HA,E,17,,E,0110,1,FO-02,E,XXXX,8,38,F,1,199809,1,"$58,767",11.0
ST00,11,E,17,,E,0110,1,FO-04,E,XXXX,8,38,F,1,199809,1,"$59,014",12.7
ST00,BE,G,17,,F,0110,1,FE-OC,J,XXXX,8,48,F,2,199809,1,"$108,600",18.3
ST00,11,D,17,,D,0110,1,FO-04,E,XXXX,8,38,F,1,199809,1,"$55,626",9.2
ST00,11,I,04,15,J,0110,1,GM-15,J,XXXX,2,10,F,1,199809,1,"$101,142",35.7
ST00,11,E,17,,E,0110,1,FO-03,F,XXXX,8,38,F,1,199809,1,"$60,994",10.7
ST00,RP,D,14,,E,0110,1,FO-02,F,XXXX,8,38,F,1,199809,1,"$66,143",11.4
ST00,11,C,14,,D,0110,1,FO-03,E,XXXX,8,38,F,1,199809,1,"$57,492",6.9
ST00,CE,H,17,,H,0110,1,FA-MC,K,XXXX,2,38,F,1,199809,1,"$118,400",28.3
ST00,11,F,17,,F,0110,1,FO-01,H,XXXX,2,38,F,1,199809,1,"$82,536",15.6
ST00,HU,I,17,,H,0110,1,FE-OC,K,XXXX,2,38,F,1,199809,1,"$114,500",29.8
ST00,PK,E,08,,F,0110,1,FP-04,D,XXXX,8,48,F,2,199809,1,"$42,164",15.0
ST00,11,E,17,,D,0110,1,FO-03,E,XXXX,8,38,F,1,199809,1,"$55,818",7.7
ST00,AS,G,18,,G,0110,1,FO-01,I,XXXX,8,38,F,1,199809,1,"$91,873",24.7
ST00,UP,F,16,,D,0110,1,FP-03,E,XXXX,8,48,F,2,199809,1,"$53,596",6.9
ST00,FR,D,17,,C,0110,1,FP-04,D,XXXX,8,48,F,2,199809,1,"$44,732",4.5
ST00,FR,G,17,,H,0110,1,FE-MC,K,XXXX,2,38,F,1,199809,1,"$118,400",27.0
ST00,11,F,13,,E,0110,1,FO-02,G,XXXX,8,38,F,1,199809,1,"$79,856",11.3
ST00,11,H,21,15,E,0110,1,GG-15,J,XXXX,2,48,F,2,199809,1,"$101,142",13.2
ST00,RS,H,17,,G,0110,1,FO-01,I,XXXX,2,38,F,1,199809,1,"$91,873",22.3
ST00,NI,E,17,,C,0110,1,FP-04,D,XXXX,8,48,F,2,199809,1,"$42,164",3.5
ST00,CY,D,13,,D,0110,1,FP-04,D,XXXX,2,48,F,2,199809,1,"$40,936",6.8
ST00,BR,G,17,,G,0110,1,FO-02,H,XXXX,8,38,F,1,199809,1,"$81,347",20.7
ST00,TH,E,13,,C,0110,1,FO-04,D,XXXX,8,38,F,1,199809,1,"$42,164",4.3
ST00,GR,H,17,,H,0110,1,FO-01,I,XXXX,2,38,F,1,199809,1,"$94,287",26.3
ST00,11,D,17,,D,0110,1,FO-03,E,XXXX,8,38,F,1,199809,1,"$54,192",6.5
ST00,11,F,17,,F,0110,1,FO-02,H,XXXX,8,38,F,1,199809,1,"$82,252",16.0
ST00,11,G,17,,H,0110,1,FO-01,I,XXXX,8,38,F,1,199809,1,"$95,682",25.2
ST00,GT,D,13,,D,0110,1,FP-04,C,XXXX,8,48,F,2,199809,1,"$39,744",8.3
ST00,11,D,13,,D,0110,1,FO-03,E,XXXX,8,38,F,1,199809,1,"$54,192",7.9
ST00,TW,F,17,,F,0110,1,FO-02,F,XXXX,8,38,F,1,199809,1,"$68,127",18.0
ST00,11,F,17,,D,0110,1,FO-04,E,XXXX,8,38,F,1,199809,1,"$55,626",9.5
ST00,ET,F,17,,D,0110,1,FP-03,F,XXXX,8,48,F,2,199809,1,"$62,132",9.4
ST00,MX,C,13,,D,0110,1,FO-04,D,XXXX,8,38,F,1,199809,1,"$43,429",6.7
ST00,IN,D,17,,D,0110,1,FO-04,E,XXXX,8,38,F,1,199809,1,"$51,856",7.8
ST00,BK,H,17,,I,0110,1,FA-MC,K,XXXX,2,38,F,1,199809,1,"$118,400",30.9
ST00,11,D,13,,D,0110,1,FO-04,D,XXXX,8,38,F,1,199809,1,"$46,586",7.1
ST00,BE,F,17,,F,0110,1,FE-OC,I,XXXX,2,38,F,1,199809,1,"$99,200",17.3
ST00,ET,E,17,,E,0110,1,FO-03,E,XXXX,8,38,F,1,199809,1,"$55,203",10.8
ST00,SF,E,13,,E,0110,1,FO-03,E,XXXX,8,38,F,1,199809,1,"$52,035",13.2
ST00,11,F,17,,E,0110,1,FO-03,F,XXXX,8,38,F,1,199809,1,"$60,994",14.1
ST00,11,F,17,,F,0110,1,FO-01,Z,XXXX,8,38,F,1,199809,1,,19.0
ST00,CD,C,14,,A,0110,1,FP-05,C,XXXX,8,48,F,2,199809,1,"$37,333",0.0
ST00,11,E,18,,D,0110,1,FO-03,E,XXXX,8,38,F,1,199809,1,"$51,081",6.3
ST00,KU,G,17,,H,0110,1,FA-MC,K,XXXX,2,38,F,1,199809,1,"$118,400",25.0
ST00,**,F,17,,E,0110,1,FO-03,Z,XXXX,8,38,F,1,199809,1,,13.1
ST00,11,F,17,,G,0110,1,FE-OC,L,XXXX,2,38,F,1,199809,1,"$122,824",21.5
ST00,11,G,17,,F,0110,1,FO-03,F,XXXX,8,38,F,1,199809,1,"$68,649",18.0
ST00,MX,E,15,,E,0110,1,FO-02,F,XXXX,8,38,F,1,199809,1,"$60,530",12.3
ST00,FR,F,17,,F,0110,1,FO-02,G,XXXX,8,38,F,1,199809,1,"$74,444",15.3
ST00,MY,H,13,,I,0110,1,FA-MC,K,XXXX,2,38,F,1,199809,1,"$118,400",31.3
ST00,11,H,17,,H,0110,1,FO-01,J,XXXX,8,38,F,1,199809,1,"$101,142",27.0
ST00,11,E,17,,D,0110,1,FO-04,D,XXXX,8,38,F,1,199809,1,"$49,424",8.8
ST00,11,I,17,,I,0110,1,FE-MC,L,XXXX,2,38,F,1,199809,1,"$125,900",32.3
ST00,11,F,17,,D,0110,1,FO-03,E,XXXX,8,38,F,1,199809,1,"$59,216",7.5
ST00,11,H,17,,D,0110,1,FO-04,D,XXXX,8,38,F,1,199809,1,"$49,424",9.5
ST00,GG,I,18,,I,0110,1,FA-MC,K,XXXX,2,38,F,1,199809,1,"$118,400",33.6
ST00,11,H,14,,I,0110,1,FE-OC,K,XXXX,8,38,F,1,199809,1,"$116,495",31.6
ST00,36,F,17,,F,0110,1,FO-03,F,XXXX,8,38,F,1,199809,1,"$68,196",15.3
ST00,11,D,18,,D,0110,1,FO-03,E,XXXX,8,38,F,1,199809,1,"$54,192",7.1
ST00,UV,G,17,,G,0110,1,FO-01,H,XXXX,2,38,F,1,199809,1,"$89,197",20.3
ST00,FR,G,15,,E,0110,1,FO-02,H,XXXX,8,38,F,1,199809,1,"$81,347",13.6
ST00,CS,F,15,,E,0110,1,FO-03,F,XXXX,8,38,F,1,199809,1,"$62,132",10.4
ST00,15,F,17,,F,0110,1,FO-01,G,XXXX,8,38,F,1,199809,1,"$76,942",16.4
ST00,11,D,13,,E,0110,1,FO-03,E,XXXX,8,38,F,1,199809,1,"$57,492",10.8
ST00,11,D,13,,E,0110,1,FO-02,F,XXXX,8,38,F,1,199809,1,"$64,931",12.5
ST00,CH,G,17,,F,0110,1,FO-01,I,XXXX,2,38,F,1,199809,1,"$94,287",18.5
ST00,11,E,15,,E,0110,1,FO-04,E,XXXX,8,38,F,1,199809,1,"$54,006",11.2
ST00,CA,G,17,,G,0110,1,FE-OC,J,XXXX,2,38,F,1,199809,1,"$108,600",24.2
ST00,CH,G,21,,E,0110,1,FO-03,F,XXXX,8,38,F,1,199809,1,"$69,930",10.3
ST00,11,E,18,,E,0110,1,FO-03,G,XXXX,8,38,F,1,199809,1,"$70,708",12.0
ST00,11,H,13,,G,0110,1,FO-01,J,XXXX,8,38,F,1,199809,1,"$101,142",23.9
ST00,11,H,17,,H,0110,1,FE-MC,L,XXXX,2,38,F,1,199809,1,"$125,900",29.9
ST00,JA,F,21,,E,0110,1,FO-03,E,XXXX,8,38,F,1,199809,1,"$55,203",10.7
ST00,11,G,17,,E,0110,1,FO-02,G,XXXX,8,38,F,1,199809,1,"$79,856",14.8
ST00,GM,F,17,,E,0110,1,FO-02,G,XXXX,8,38,F,1,199809,1,"$70,171",12.7
ST00,IS,G,17,,F,0110,1,FO-01,I,XXXX,8,38,F,1,199809,1,"$91,873",18.1
ST00,UK,G,17,,H,0110,1,FO-01,I,XXXX,8,38,F,1,199809,1,"$94,287",26.1
ST00,SA,E,17,,D,0110,1,FP-04,C,XXXX,8,48,F,2,199809,1,"$39,744",9.1
ST00,CD,E,17,,A,0110,1,FP-05,C,XXXX,8,48,F,2,199809,1,"$39,607",0.3
ST00,RP,G,19,,E,0110,1,FO-03,F,XXXX,8,38,F,1,199809,1,"$60,322",10.1
ST00,11,G,17,,G,0110,1,FO-01,I,XXXX,2,38,F,1,199809,1,"$98,552",22.7
ST00,TW,H,17,,E,0110,1,FO-03,F,XXXX,8,38,F,1,199809,1,"$67,893",11.6
ST00,PA,D,17,,D,0110,1,FO-04,D,XXXX,8,38,F,1,199809,1,"$46,074",6.1
ST00,GM,D,17,,E,0110,1,FP-03,E,XXXX,8,38,F,1,199809,1,"$53,596",10.3
ST00,11,I,17,,F,0110,1,FO-01,I,XXXX,8,38,F,1,199809,1,"$98,552",19.1
ST00,11,F,17,,F,0110,1,FO-02,G,XXXX,8,38,F,1,199809,1,"$77,530",15.8
ST00,11,G,16,,G,0110,1,FO-02,H,XXXX,8,38,F,1,199809,1,"$82,252",22.7
ST00,ES,G,18,,G,0110,1,FE-OC,J,XXXX,2,38,F,1,199809,1,"$108,600",23.0
ST00,11,H,18,,I,0110,1,FO-01,J,XXXX,8,38,F,1,199809,1,"$101,142",30.1
ST00,BO,D,13,,D,0110,1,FO-03,F,XXXX,8,38,F,1,199809,1,"$63,996",9.6
ST00,SY,F,13,,E,0110,1,FO-03,E,XXXX,8,38,F,1,199809,1,"$53,596",10.3
ST00,IS,H,17,,H,0110,1,FO-02,H,XXXX,8,38,F,1,199809,1,"$81,347",26.1
ST00,RS,F,17,,D,0110,1,FO-03,F,XXXX,8,38,F,1,199809,1,"$69,930",9.8
ST00,11,G,21,,F,0110,1,FO-02,H,XXXX,8,38,F,1,199809,1,"$87,261",18.3
ST00,IT,H,17,,H,0110,1,FE-OC,J,XXXX,2,38,F,1,199809,1,"$108,600",27.0
ST00,CD,C,13,,A,0110,1,FP-06,C,XXXX,8,48,F,2,199809,1,"$35,407",0.3
ST00,11,H,17,,F,0110,1,FO-01,I,XXXX,8,38,F,1,199809,1,"$95,682",15.2
ST00,MX,H,17,,H,0110,1,FO-01,I,XXXX,8,38,F,1,199809,1,"$94,287",25.8
ST00,12,F,15,,D,0110,1,FO-03,Z,XXXX,8,38,F,1,199809,1,,8.3
ST00,HK,G,17,,F,0110,1,FO-02,H,XXXX,2,38,F,1,199809,1,"$81,347",19.3
ST00,11,G,17,,E,0110,1,FO-02,G,XXXX,8,38,F,1,199809,1,"$75,272",14.4
ST00,11,E,18,,E,0110,1,FO-03,F,XXXX,8,38,F,1,199809,1,"$66,649",10.4
ST00,11,I,17,,J,0110,1,FE-CM,L,XXXX,8,38,F,1,199809,1,"$125,900",36.6
ST00,CA,E,13,,E,0110,1,FO-02,G,XXXX,8,38,F,1,199809,1,"$76,678",11.4
ST00,MZ,F,17,,E,0110,1,FO-03,D,XXXX,8,38,F,1,199809,1,"$47,619",12.0
ST00,JA,F,17,,F,0110,1,FO-01,H,XXXX,8,38,F,1,199809,1,"$89,197",17.0
ST00,HA,F,17,,E,0110,1,FO-03,F,XXXX,8,38,F,1,199809,1,"$62,132",13.9
ST00,IN,D,13,,D,0110,1,FO-04,D,XXXX,8,38,F,1,199809,1,"$40,936",9.8
ST00,11,I,14,,J,0110,1,FE-MC,L,XXXX,2,38,F,1,199809,1,"$125,900",35.3
ST00,CD,C,15,,A,0110,1,FP-05,C,XXXX,8,48,F,2,199809,1,"$39,607",0.2
ST00,PM,E,13,,E,0110,1,FO-04,D,XXXX,8,38,F,1,199809,1,"$46,074",10.5
ST00,PM,H,17,,H,0110,1,FE-OC,J,XXXX,2,38,F,1,199809,1,"$103,900",26.9
ST00,RS,E,13,,E,0110,1,FO-02,F,XXXX,8,38,F,1,199809,1,"$66,143",12.7
ST00,MX,H,21,,F,0110,1,FO-02,G,XXXX,8,38,F,1,199809,1,"$78,978",19.9
ST00,BH,G,18,,H,0110,1,FO-01,I,XXXX,2,38,F,1,199809,1,"$94,287",25.3
ST00,11,C,13,,D,0110,1,FO-04,D,XXXX,8,38,F,1,199809,1,"$45,229",6.5
ST00,RW,H,17,,H,0110,1,FA-OC,K,XXXX,*,38,F,1,199809,1,"$118,400",27.8
ST00,AR,H,17,,H,0110,1,FE-OC,J,XXXX,2,38,F,1,199809,1,"$108,600",27.1
ST00,11,F,17,,F,0110,1,FO-02,G,XXXX,8,38,F,1,199809,1,"$73,080",18.3
ST00,11,G,19,,G,0110,1,FO-01,I,XXXX,2,38,F,1,199809,1,"$92,895",24.1
ST00,11,E,15,,E,0110,1,FO-03,E,XXXX,8,38,F,1,199809,1,"$59,216",12.9
ST00,ES,G,14,,H,0110,1,FA-MC,L,XXXX,2,38,F,1,199809,1,"$125,900",25.0
ST00,PO,G,13,,D,0110,1,FO-03,F,XXXX,8,38,F,1,199809,1,"$60,322",8.3
ST00,MK,F,14,,C,0110,1,FO-04,D,XXXX,8,38,F,1,199809,1,"$40,936",4.7
ST00,FI,G,14,,F,0110,1,FO-02,G,XXXX,2,38,F,1,199809,1,"$72,276",15.0
ST00,11,C,13,,D,0110,1,FO-03,E,XXXX,8,38,F,1,199809,1,"$52,614",6.1
ST00,EG,D,13,,E,0110,1,FO-04,D,XXXX,8,38,F,1,199809,1,"$46,074",10.2
ST00,11,E,13,,E,0110,1,FO-02,G,XXXX,8,38,F,1,199809,1,"$77,530",12.1
ST00,UK,D,15,,C,0110,1,FO-04,D,XXXX,8,38,F,1,199809,1,"$43,429",4.5
ST00,11,G,17,,F,0110,1,FO-01,I,XXXX,2,38,F,1,199809,1,"$90,188",19.8
ST00,IT,F,17,,E,0110,1,FO-02,G,XXXX,8,38,F,1,199809,1,"$70,171",14.7
ST00,JA,D,15,,B,0110,1,FP-04,D,XXXX,8,48,F,2,199809,1,"$42,164",1.8
ST00,HA,E,13,,E,0110,1,FO-04,D,XXXX,8,38,F,1,199809,1,"$46,074",12.3
ST00,ET,G,18,,D,0110,1,FO-04,D,XXXX,8,38,F,1,199809,1,"$47,456",8.2
ST00,11,H,18,,H,0110,1,FO-02,I,XXXX,8,38,F,1,199809,1,"$92,575",29.3
ST00,11,G,17,,H,0110,1,FP-02,H,XXXX,8,38,F,1,199809,1,"$82,252",27.2
ST00,VE,E,15,,D,0110,1,FO-03,E,XXXX,8,38,F,1,199809,1,"$50,519",9.2
ST00,11,G,17,,G,0110,1,FO-01,I,XXXX,8,38,F,1,199809,1,"$92,895",20.4
ST00,11,G,17,,G,0110,1,FE-OC,K,XXXX,8,38,F,1,199809,1,"$111,454",23.7
ST00,JA,F,15,,F,0110,1,FO-03,F,XXXX,8,38,F,1,199809,1,"$62,132",16.3
ST00,GM,F,17,,F,0110,1,FO-02,G,XXXX,8,38,F,1,199809,1,"$72,276",17.6
ST00,11,C,13,,D,0110,1,FP-04,D,XXXX,8,48,F,2,199809,1,"$42,633",6.0
ST00,UK,G,15,,E,0110,1,FO-02,G,XXXX,8,38,F,1,199809,1,"$78,978",12.5
ST00,ZA,E,13,,D,0110,1,FP-04,D,XXXX,8,38,F,1,199809,1,"$43,429",7.7
ST00,GT,G,18,,E,0110,1,FO-02,F,XXXX,2,38,F,1,199809,1,"$66,143",14.9
ST00,CH,E,13,,E,0110,1,FO-03,F,XXXX,8,38,F,1,199809,1,"$60,322",10.4
ST00,11,H,17,14,H,0110,1,GM-14,H,XXXX,5,10,F,1,199809,1,"$85,978",28.9
ST00,TW,G,17,,G,0110,1,FO-01,I,XXXX,8,38,F,1,199809,1,"$94,287",23.0
ST00,11,G,18,,C,0110,1,FO-04,D,XXXX,8,38,F,1,199809,1,"$45,229",4.9
ST00,HO,E,17,,E,0110,1,FO-03,E,XXXX,8,38,F,1,199809,1,"$50,519",13.0
ST00,TZ,D,18,,B,0110,1,FP-05,C,XXXX,8,48,F,2,199809,1,"$33,170",2.0
ST00,11,H,17,,G,0110,1,FO-02,H,XXXX,8,38,F,1,199809,1,"$87,261",20.9
ST00,MO,D,13,,E,0110,1,FO-02,F,XXXX,8,38,F,1,199809,1,"$62,346",10.7
ST00,CH,E,17,,E,0110,1,FO-03,F,XXXX,8,38,F,1,199809,1,"$62,132",10.4
ST00,NI,E,13,,D,0110,1,FO-03,F,XXXX,8,38,F,1,199809,1,"$62,132",7.9
ST00,BR,I,14,,I,0110,1,FO-01,I,XXXX,2,38,F,1,199809,1,"$94,287",31.9
ST00,11,G,18,,E,0110,1,FO-03,F,XXXX,8,38,F,1,199809,1,"$66,649",13.2
ST00,AJ,G,20,,F,0110,1,FO-02,G,XXXX,8,38,F,1,199809,1,"$76,678",19.0
ST00,HO,E,17,,E,0110,1,FO-03,E,XXXX,8,38,F,1,199809,1,"$53,596",12.5
ST00,CD,D,17,,A,0110,1,FP-05,C,XXXX,8,48,F,2,199809,1,"$35,190",0.2
ST00,11,F,21,,F,0110,1,FO-02,G,XXXX,8,38,F,1,199809,1,"$75,272",15.7
ST00,11,E,17,,D,0110,1,FO-03,E,XXXX,8,38,F,1,199809,1,"$52,614",7.1
ST00,11,G,14,,G,0110,1,FE-OC,K,XXXX,2,38,F,1,199809,1,"$116,495",23.4
ST00,11,G,17,,H,0110,1,FE-MC,L,XXXX,2,38,F,1,199809,1,"$125,900",25.1
ST00,IN,F,17,,E,0110,1,FO-02,F,XXXX,8,38,F,1,199809,1,"$68,127",12.8
ST00,11,E,14,,E,0110,1,FO-03,E,XXXX,8,38,F,1,199809,1,"$57,492",10.3
ST00,11,H,17,,H,0110,1,FO-02,I,XXXX,8,38,F,1,199809,1,"$92,575",29.6
ST00,SF,F,18,,E,0110,1,FO-02,G,XXXX,8,38,F,1,199809,1,"$78,978",14.7
ST00,CH,E,17,,E,0110,1,FO-03,E,XXXX,8,38,F,1,199809,1,"$55,203",10.3
ST00,11,F,17,,F,0110,1,FO-01,I,XXXX,2,38,F,1,199809,1,"$92,895",19.8
ST00,11,J,12,,J,0110,1,FE-MC,L,XXXX,2,38,F,1,199809,1,"$125,900",37.8
ST00,IN,F,17,,D,0110,1,FO-03,E,XXXX,8,38,F,1,199809,1,"$56,860",7.2
ST00,SZ,I,21,,F,0110,1,FO-02,G,XXXX,8,38,F,1,199809,1,"$72,276",18.3
ST00,11,F,17,,E,0110,1,FO-02,F,XXXX,8,38,F,1,199809,1,"$66,879",11.4
ST00,CA,D,17,,D,0110,1,FO-03,E,XXXX,8,38,F,1,199809,1,"$56,860",9.5
ST00,11,E,17,,D,0110,1,FO-03,F,XXXX,8,38,F,1,199809,1,"$60,994",8.2
ST00,11,F,15,,E,0110,1,FP-04,E,XXXX,8,38,F,1,199809,1,"$52,434",11.4
ST00,11,F,17,,F,0110,1,FE-OC,K,XXXX,8,38,F,1,199809,1,"$111,454",19.3
ST00,SZ,E,17,,E,0110,1,FO-03,E,XXXX,8,38,F,1,199809,1,"$52,035",10.9
ST00,RO,G,21,,F,0110,1,FO-02,H,XXXX,2,38,F,1,199809,1,"$81,347",19.0
ST00,HA,F,17,,D,0110,1,FP-05,D,XXXX,8,48,F,2,199809,1,"$45,915",6.0
ST00,CH,E,13,,E,0110,1,FO-03,E,XXXX,8,38,F,1,199809,1,"$55,203",12.4
ST00,IN,E,04,,E,0110,1,FP-04,D,XXXX,8,48,F,2,199809,1,"$42,164",14.9
ST00,HK,C,14,,C,0110,1,FO-04,D,XXXX,8,38,F,1,199809,1,"$40,936",3.9
ST00,CD,E,15,,A,0110,1,FP-05,C,XXXX,8,48,F,2,199809,1,"$35,190",0.2
ST00,SG,F,17,,F,0110,1,FO-03,E,XXXX,8,38,F,1,199809,1,"$52,035",16.9
ST00,PL,D,17,,D,0110,1,FO-04,E,XXXX,8,38,F,1,199809,1,"$50,346",6.5
ST00,11,G,14,,H,0110,1,FO-02,H,XXXX,8,38,F,1,199809,1,"$87,261",26.1
ST00,FR,G,17,,F,0110,1,FO-02,G,XXXX,8,38,F,1,199809,1,"$74,444",17.2
ST00,RP,E,13,,D,0110,1,FO-03,E,XXXX,8,38,F,1,199809,1,"$55,203",9.8
ST00,EG,F,15,,D,0110,1,FO-03,F,XXXX,2,38,F,1,199809,1,"$69,930",9.6
ST00,11,D,21,,D,0110,1,FO-04,D,XXXX,8,38,F,1,199809,1,"$46,586",5.5
ST00,RS,D,04,,C,0110,1,FO-04,D,XXXX,8,38,F,1,199809,1,"$44,732",4.7
ST00,11,G,22,,E,0110,1,FO-01,I,XXXX,8,38,F,1,199809,1,"$95,682",14.3
ST00,KE,F,17,,E,0110,1,FO-03,F,XXXX,8,38,F,1,199809,1,"$60,322",12.9
ST00,GM,J,14,,J,0110,1,FE-MC,K,XXXX,2,38,F,1,199809,1,"$118,400",35.8
ST00,11,H,18,,I,0110,1,FO-01,J,XXXX,2,38,F,1,199809,1,"$101,142",31.7
ST00,CD,B,13,,A,0110,1,FP-06,C,XXXX,8,48,F,2,199809,1,"$31,459",0.2
ST00,TH,D,13,,D,0110,1,FO-04,D,XXXX,8,38,F,1,199809,1,"$48,880",7.7
ST00,11,I,17,,I,0110,1,FE-MC,L,XXXX,2,38,F,1,199809,1,"$125,900",34.8
ST00,PM,F,14,,D,0110,1,FO-04,E,XXXX,8,38,F,1,199809,1,"$50,346",6.7
ST00,11,E,18,,D,0110,1,FO-03,E,XXXX,8,38,F,1,199809,1,"$54,192",7.1
ST00,UK,F,21,,C,0110,1,FO-04,D,XXXX,8,38,F,1,199809,1,"$42,164",4.3
ST00,11,H,17,,H,0110,1,FO-01,I,XXXX,8,38,F,1,199809,1,"$98,552",26.9
ST00,11,E,17,,C,0110,1,FO-04,D,XXXX,8,38,F,1,199809,1,"$47,984",4.7
ST00,11,H,13,,I,0110,1,FE-MC,L,XXXX,8,38,F,1,199809,1,"$125,900",32.3
ST00,IS,E,17,,E,0110,1,FO-02,F,XXXX,8,38,F,1,199809,1,"$66,143",11.1
ST00,GM,C,17,,C,0110,1,FO-04,D,XXXX,8,38,F,1,199809,1,"$42,164",4.5
ST00,11,E,21,,D,0110,1,FO-03,F,XXXX,8,38,F,1,199809,1,"$68,649",9.2
ST00,11,H,14,14,H,0110,1,GM-14,H,XXXX,5,10,F,1,199809,1,"$83,319",25.2
ST00,IT,E,13,,E,0110,1,FO-03,D,XXXX,8,38,F,1,199809,1,"$49,048",12.8
ST00,11,G,17,,H,0110,1,FE-MC,L,XXXX,2,38,F,1,199809,1,"$122,824",25.5
ST00,LE,G,21,,G,0110,1,FA-MC,L,XXXX,2,38,F,1,199809,1,"$125,900",22.5
ST00,11,J,17,,J,0110,1,FE-OC,L,XXXX,2,38,F,1,199809,1,"$122,824",35.2
ST00,11,I,17,,I,0110,1,FE-OC,K,XXXX,2,38,F,1,199809,1,"$116,495",33.8
ST00,11,H,17,,H,0110,1,FE-OC,K,XXXX,2,38,F,1,199809,1,"$116,495",29.0
ST00,IS,G,15,,E,0110,1,FO-02,F,XXXX,8,38,F,1,199809,1,"$68,127",13.2
ST00,08,F,21,,F,0110,1,FO-02,H,XXXX,8,38,F,1,199809,1,"$83,259",17.9
ST00,UZ,F,21,,D,0110,1,FP-03,F,XXXX,8,48,F,2,199809,1,"$63,996",6.7
ST00,PK,H,17,,H,0110,1,FO-02,G,XXXX,8,38,F,1,199809,1,"$78,978",29.1
ST00,44,I,14,,H,0110,1,FE-MC,L,XXXX,8,38,F,1,199809,1,"$124,817",26.5
ST00,ID,E,17,,E,0110,1,FO-02,F,XXXX,8,38,F,1,199809,1,"$62,346",11.8
ST00,11,E,17,,E,0110,1,FO-03,E,XXXX,8,38,F,1,199809,1,"$59,216",10.4
ST00,PL,H,17,,H,0110,1,FO-01,I,XXXX,2,38,F,1,199809,1,"$94,287",29.0
ST00,11,F,17,,E,0110,1,FO-04,E,XXXX,8,38,F,1,199809,1,"$57,295",11.3
ST00,11,F,17,,E,0110,1,FO-04,E,XXXX,2,38,F,1,199809,1,"$57,295",12.1
ST00,CD,B,17,,A,0110,1,FP-05,C,XXXX,8,48,F,2,199809,1,"$37,333",0.2
ST00,11,E,17,,D,0110,1,FO-02,I,XXXX,8,38,F,1,199809,1,"$92,575",8.0
ST00,11,D,17,,A,0110,1,FP-05,C,XXXX,8,48,F,2,199809,1,"$38,881",0.3
ST00,BE,E,17,,D,0110,1,FO-03,E,XXXX,8,38,F,1,199809,1,"$50,519",7.3
ST00,11,E,17,,D,0110,1,FO-03,E,XXXX,8,38,F,1,199809,1,"$52,614",6.9
ST00,GB,E,17,,D,0110,1,FO-04,E,XXXX,8,38,F,1,199809,1,"$50,346",8.8
ST00,GT,I,14,,I,0110,1,FO-01,I,XXXX,2,38,F,1,199809,1,"$94,287",31.3
ST00,11,H,17,,G,0110,1,FE-OC,L,XXXX,2,38,F,1,199809,1,"$122,824",23.7
ST00,AS,G,17,,E,0110,1,FO-03,E,XXXX,8,38,F,1,199809,1,"$55,203",10.7
ST00,FI,H,17,,G,0110,1,FE-OC,K,XXXX,2,38,F,1,199809,1,"$114,500",23.3
ST00,UK,D,15,,C,0110,1,FO-04,D,XXXX,8,38,F,1,199809,1,"$46,074",4.9
ST00,11,D,13,,D,0110,1,FO-04,D,XXXX,8,38,F,1,199809,1,"$46,586",7.5
ST00,11,H,17,,E,0110,1,FO-03,F,XXXX,8,38,F,1,199809,1,"$68,649",12.0
ST00,UP,D,13,,C,0110,1,FP-04,C,XXXX,8,48,F,2,199809,1,"$38,586",3.4
ST00,KU,D,15,,C,0110,1,FP-04,C,XXXX,8,48,F,2,199809,1,"$39,744",4.5
ST00,YM,C,13,,D,0110,1,FP-04,C,XXXX,8,48,F,2,199809,1,"$39,744",5.4
ST00,11,H,17,,H,0110,1,FO-02,H,XXXX,8,38,F,1,199809,1,"$87,261",27.3
ST00,FR,H,17,,F,0110,1,FO-02,H,XXXX,8,38,F,1,199809,1,"$81,347",18.8
ST00,**,F,17,,F,0110,1,FO-02,Z,XXXX,8,38,F,1,199809,1,,18.0
ST00,11,C,11,,D,0110,1,FP-03,E,XXXX,8,48,F,2,199809,1,"$52,614",6.9
ST00,EC,G,18,,F,0110,1,FO-01,H,XXXX,2,38,F,1,199809,1,"$89,197",19.2
ST00,DA,F,17,,F,0110,1,FO-02,G,XXXX,8,38,F,1,199809,1,"$70,171",19.5
ST00,36,I,17,,G,0110,1,FO-01,I,XXXX,8,38,F,1,199809,1,"$92,282",24.8
ST00,AS,G,17,,G,0110,1,FO-01,I,XXXX,2,38,F,1,199809,1,"$91,873",23.3
ST00,11,F,17,,E,0110,1,FO-02,G,XXXX,8,38,F,1,199809,1,"$73,080",14.9
ST00,SZ,F,13,,F,0110,1,FP-03,E,XXXX,8,38,F,1,199809,1,"$55,203",18.7
ST00,EG,G,17,,G,0110,1,FE-OC,I,XXXX,2,38,F,1,199809,1,"$99,200",21.2
ST00,CA,F,17,,G,0110,1,FO-01,H,XXXX,2,38,F,1,199809,1,"$89,197",21.2
ST00,CD,D,17,,A,0110,1,FP-05,C,XXXX,8,48,F,2,199809,1,"$35,190",0.2
ST00,PK,I,22,,G,0110,1,FO-01,H,XXXX,2,38,F,1,199809,1,"$81,628",24.7
ST00,SG,I,21,,I,0110,1,FA-MC,K,XXXX,2,38,F,1,199809,1,"$118,400",34.3
ST00,11,I,17,,G,0110,1,FE-OC,L,XXXX,2,38,F,1,199809,1,"$122,824",23.6
ST00,11,H,17,,H,0110,1,FE-MC,L,XXXX,2,38,F,1,199809,1,"$125,900",27.7
ST00,JO,F,14,,G,0110,1,FE-OC,I,XXXX,2,38,F,1,199809,1,"$99,200",20.8
ST00,11,F,17,,E,0110,1,FO-02,G,XXXX,8,38,F,1,199809,1,"$70,952",14.0
ST00,11,G,17,,F,0110,1,FO-01,I,XXXX,2,38,F,1,199809,1,"$98,552",15.8
ST00,TH,G,17,,E,0110,1,FO-02,G,XXXX,8,38,F,1,199809,1,"$76,678",14.3
ST00,11,G,17,,G,0110,1,FO-01,I,XXXX,8,38,F,1,199809,1,"$92,895",22.8
ST00,11,G,17,,F,0110,1,FO-01,J,XXXX,2,38,F,1,199809,1,"$101,142",18.1
ST00,JA,F,17,,E,0110,1,FP-03,E,XXXX,8,38,F,1,199809,1,"$52,035",12.6
ST00,ID,D,13,,C,0110,1,FO-04,D,XXXX,8,38,F,1,199809,1,"$43,429",4.7
ST00,JA,H,21,,B,0110,1,FP-01,I,XXXX,8,48,F,2,199809,1,"$94,287",1.6
ST00,11,F,15,,F,0110,1,FO-02,G,XXXX,8,38,F,1,199809,1,"$70,952",16.9
ST00,17,E,13,,E,0110,1,FO-02,F,XXXX,8,38,F,1,199809,1,"$66,105",11.4
ST00,11,E,17,,D,0110,1,FO-04,F,XXXX,8,38,F,1,199809,1,"$60,785",9.1
ST00,11,G,13,,G,0110,1,FO-02,H,XXXX,8,38,F,1,199809,1,"$84,720",23.8
ST00,HK,F,21,,E,0110,1,FO-03,F,XXXX,8,38,F,1,199809,1,"$65,916",13.4
ST00,MX,F,17,,E,0110,1,FP-02,F,XXXX,8,38,F,1,199809,1,"$62,346",13.3
ST00,11,F,17,,E,0110,1,FO-02,H,XXXX,8,38,F,1,199809,1,"$84,720",14.8
ST00,CH,D,13,,D,0110,1,FP-03,E,XXXX,8,38,F,1,199809,1,"$50,519",7.7
ST00,**,F,17,,G,0110,1,FE-OC,Z,XXXX,8,38,F,1,199809,1,,20.3
ST00,UK,E,18,,D,0110,1,FO-03,E,XXXX,8,38,F,1,199809,1,"$50,519",9.8
ST00,11,F,17,14,D,0110,1,GS-14,G,XXXX,5,10,F,1,199809,1,"$72,752",9.5
ST00,IN,E,13,,E,0110,1,FO-02,F,XXXX,8,38,F,1,199809,1,"$68,127",13.4
ST00,KU,G,17,,H,0110,1,FO-01,I,XXXX,2,38,F,1,199809,1,"$91,873",26.4
ST00,TS,H,17,,G,0110,1,FA-MC,L,XXXX,2,38,F,1,199809,1,"$125,900",22.8
ST00,CD,C,13,,A,0110,1,FP-06,C,XXXX,8,48,F,2,199809,1,"$33,375",0.3
ST00,TZ,D,13,,D,0110,1,FP-04,D,XXXX,8,48,F,2,199809,1,"$40,936",8.7
ST00,EN,G,21,,E,0110,1,FO-02,F,XXXX,8,38,F,1,199809,1,"$66,143",14.3
ST00,BG,F,13,,D,0110,1,FO-03,E,XXXX,8,38,F,1,199809,1,"$58,565",8.5
ST00,BK,G,17,,G,0110,1,FO-01,I,XXXX,2,38,F,1,199809,1,"$94,287",21.8
ST00,11,C,13,,D,0110,1,FO-04,D,XXXX,8,38,F,1,199809,1,"$43,912",7.5
ST00,NZ,H,13,,F,0110,1,FO-03,F,XXXX,8,38,F,1,199809,1,"$67,893",16.3
ST00,GM,G,14,,G,0110,1,FO-01,I,XXXX,8,38,F,1,199809,1,"$91,873",22.7
ST00,LO,I,17,,I,0110,1,FA-MC,K,XXXX,2,38,F,1,199809,1,"$118,400",32.1
ST00,BM,E,17,,D,0110,1,FO-03,E,XXXX,8,38,F,1,199809,1,"$55,203",9.9
ST00,KG,G,17,,F,0110,1,FO-03,E,XXXX,8,38,F,1,199809,1,"$56,860",16.3
ST00,GH,H,17,,G,0110,1,FO-02,F,XXXX,2,38,F,1,199809,1,"$68,127",20.9
ST00,11,E,17,,D,0110,1,FO-04,E,XXXX,8,38,F,1,199809,1,"$54,006",5.1
ST00,KE,E,17,,F,0110,1,FO-02,G,XXXX,2,38,F,1,199809,1,"$70,171",15.7
ST00,RP,I,17,,J,0110,1,FO-01,I,XXXX,8,38,F,1,199809,1,"$94,287",36.2
ST00,IT,H,17,,E,0110,1,FO-03,F,XXXX,8,38,F,1,199809,1,"$63,996",14.8
ST00,AU,H,17,,H,0110,1,FO-02,G,XXXX,8,38,F,1,199809,1,"$76,678",28.8
ST00,11,H,17,,F,0110,1,FO-04,E,XXXX,8,38,F,1,199809,1,"$57,295",19.5
ST00,TW,F,17,,E,0110,1,FO-02,F,XXXX,8,38,F,1,199809,1,"$64,216",12.0
ST00,11,F,04,14,D,0110,1,GS-14,G,XXXX,5,15,F,1,199809,1,"$77,160",5.8
ST00,KZ,F,17,,E,0110,1,FO-03,E,XXXX,8,38,F,1,199809,1,"$58,565",13.3
ST00,EC,E,17,,D,0110,1,FO-04,D,XXXX,8,38,F,1,199809,1,"$44,732",7.3
ST00,ID,F,17,,E,0110,1,FO-02,G,XXXX,8,38,F,1,199809,1,"$76,678",14.8
ST00,11,F,17,,E,0110,1,FO-03,F,XXXX,8,38,F,1,199809,1,"$68,649",10.7
ST00,MD,I,17,,J,0110,1,FA-MC,K,XXXX,2,38,F,1,199809,1,"$118,400",36.2
ST00,JO,C,13,,C,0110,1,FO-04,D,XXXX,8,38,F,1,199809,1,"$40,936",3.7
ST00,11,E,17,,D,0110,1,FO-03,E,XXXX,8,38,F,1,199809,1,"$55,818",8.7
ST00,IT,F,13,,F,0110,1,FO-01,H,XXXX,8,38,F,1,199809,1,"$89,197",18.1
ST00,UY,F,14,,F,0110,1,FO-01,G,XXXX,2,38,F,1,199809,1,"$79,250",18.3
ST00,CB,F,13,,E,0110,1,FO-04,D,XXXX,8,38,F,1,199809,1,"$43,429",12.5
ST00,AS,I,14,,I,0110,1,FA-MC,L,XXXX,2,38,F,1,199809,1,"$125,900",34.1
ST00,CO,D,17,,C,0110,1,FO-04,D,XXXX,8,38,F,1,199809,1,"$46,074",3.9
ST00,UY,H,14,,H,0110,1,FO-01,I,XXXX,8,38,F,1,199809,1,"$91,873",25.1
ST00,11,G,18,,G,0110,1,FO-02,H,XXXX,8,38,F,1,199809,1,"$82,252",20.1
ST00,JA,E,17,,E,0110,1,FO-03,E,XXXX,8,38,F,1,199809,1,"$55,203",11.0
ST00,HU,E,17,,E,0110,1,FO-03,E,XXXX,8,38,F,1,199809,1,"$58,565",12.2
ST00,JA,F,15,,E,0110,1,FO-02,G,XXXX,8,38,F,1,199809,1,"$70,171",13.1
ST00,EC,C,17,,C,0110,1,FP-04,C,XXXX,8,48,F,2,199809,1,"$39,744",4.0
ST00,NI,C,17,,B,0110,1,FP-05,C,XXXX,8,48,F,2,199809,1,"$35,190",2.1
ST00,11,E,17,,F,0110,1,FO-01,H,XXXX,2,38,F,1,199809,1,"$85,011",15.3
ST00,11,G,17,,G,0110,1,FO-02,H,XXXX,8,38,F,1,199809,1,"$89,879",21.5
ST00,TS,C,13,,B,0110,1,FP-05,C,XXXX,8,48,F,2,199809,1,"$34,165",2.6
ST00,11,E,18,,E,0110,1,FO-02,G,XXXX,8,38,F,1,199809,1,"$75,272",13.1
ST00,CA,G,17,,G,0110,1,FO-01,I,XXXX,8,38,F,1,199809,1,"$94,287",23.7
ST00,VE,G,18,,G,0110,1,FO-01,H,XXXX,2,38,F,1,199809,1,"$86,599",20.1
ST00,11,G,17,,F,0110,1,FO-02,F,XXXX,8,38,F,1,199809,1,"$66,879",16.0
ST00,BE,E,17,,E,0110,1,FO-02,F,XXXX,8,38,F,1,199809,1,"$68,127",12.5
ST00,BM,H,17,,H,0110,1,FA-MC,K,XXXX,2,38,F,1,199809,1,"$118,400",26.5
ST00,MA,G,15,,D,0110,1,FO-03,E,XXXX,8,38,F,1,199809,1,"$56,860",7.9
ST00,IN,H,17,,H,0110,1,FO-02,H,XXXX,8,38,F,1,199809,1,"$83,788",27.7
ST00,11,H,17,,H,0110,1,FO-01,I,XXXX,8,38,F,1,199809,1,"$95,682",26.8
ST00,SW,G,17,,H,0110,1,FE-OC,J,XXXX,2,38,F,1,199809,1,"$103,900",25.3
ST00,HA,F,13,,F,0110,1,FO-02,G,XXXX,8,38,F,1,199809,1,"$74,444",19.8
ST00,11,F,17,,E,0110,1,FO-01,G,XXXX,2,38,F,1,199809,1,"$77,798",14.4
ST00,11,F,17,,F,0110,1,FE-OC,J,XXXX,2,38,F,1,199809,1,"$106,412",19.3
ST00,BE,F,17,,F,0110,1,FO-01,H,XXXX,8,38,F,1,199809,1,"$86,599",19.5
ST00,LI,J,18,,J,0110,1,FA-MC,L,XXXX,2,38,F,1,199809,1,"$125,900",36.7
ST00,IN,D,13,,E,0110,1,FO-04,D,XXXX,8,38,F,1,199809,1,"$40,936",10.0
ST00,CH,E,14,,D,0110,1,FO-03,F,XXXX,8,38,F,1,199809,1,"$60,322",9.6
ST00,11,J,18,,J,0110,1,FE-MC,L,XXXX,8,38,F,1,199809,1,"$125,900",37.0
ST00,11,D,17,,D,0110,1,FO-03,E,XXXX,8,38,F,1,199809,1,"$55,818",8.5
ST00,11,I,17,,H,0110,1,FE-OC,L,XXXX,8,38,F,1,199809,1,"$122,824",29.7
ST00,GR,C,04,,B,0110,1,FP-05,C,XXXX,8,48,F,2,199809,1,"$31,266",2.3
ST00,CD,D,21,,A,0110,1,FP-05,C,XXXX,8,48,F,2,199809,1,"$37,333",0.0
ST00,KS,F,13,,D,0110,1,FO-03,F,XXXX,8,38,F,1,199809,1,"$60,322",8.3
ST00,PK,D,17,,D,0110,1,FO-02,F,XXXX,2,38,F,1,199809,1,"$60,530",9.0
ST00,11,G,13,,F,0110,1,FO-03,F,XXXX,8,38,F,1,199809,1,"$66,649",18.1
ST00,KG,G,17,,F,0110,1,FO-01,I,XXXX,2,38,F,1,199809,1,"$94,287",19.3
ST00,CO,F,17,,C,0110,1,FO-04,D,XXXX,8,38,F,1,199809,1,"$42,164",4.7
ST00,JA,H,17,,H,0110,1,FE-OC,J,XXXX,2,38,F,1,199809,1,"$108,600",29.5
ST00,11,D,17,,D,0110,1,FO-04,D,XXXX,8,38,F,1,199809,1,"$46,586",5.9
ST00,CD,C,18,,B,0110,1,FP-05,C,XXXX,8,48,F,2,199809,1,"$39,607",2.1
ST00,11,E,17,,E,0110,1,FO-03,F,XXXX,8,38,F,1,199809,1,"$68,649",14.0
ST00,CD,D,17,,A,0110,1,FP-05,C,XXXX,8,48,F,2,199809,1,"$39,607",0.2
ST00,22,G,17,,G,0110,1,FO-02,H,XXXX,8,38,F,1,199809,1,"$80,834",22.0
ST00,11,G,17,,H,0110,1,FO-02,I,XXXX,8,38,F,1,199809,1,"$92,575",27.3
ST00,11,C,14,,D,0110,1,FO-03,E,XXXX,8,38,F,1,199809,1,"$51,081",5.9
ST00,SW,E,13,,F,0110,1,FO-02,G,XXXX,8,38,F,1,199809,1,"$76,678",16.1
ST00,SG,I,17,,I,0110,1,FE-OC,J,XXXX,2,38,F,1,199809,1,"$103,900",30.8
ST00,11,G,17,,D,0110,1,FO-03,E,XXXX,8,38,F,1,199809,1,"$54,192",8.5
ST00,11,H,17,,E,0110,1,FO-03,G,XXXX,8,38,F,1,199809,1,"$75,014",12.0
ST00,SI,G,18,,F,0110,1,FO-01,H,XXXX,2,38,F,1,199809,1,"$89,197",19.0
ST00,ID,E,17,,E,0110,1,FO-03,E,XXXX,8,38,F,1,199809,1,"$56,860",13.1
ST00,FR,D,21,,D,0110,1,FO-04,D,XXXX,8,38,F,1,199809,1,"$47,456",6.6
ST00,CV,I,13,,H,0110,1,FA-OC,K,XXXX,2,38,F,1,199809,1,"$118,400",25.5
ST00,PE,D,17,,E,0110,1,FO-03,E,XXXX,8,38,F,1,199809,1,"$58,565",10.0
ST00,11,D,17,,D,0110,1,FO-04,D,XXXX,8,38,F,1,199809,1,"$46,586",7.3
ST00,11,E,17,,E,0110,1,FO-02,F,XXXX,8,38,F,1,199809,1,"$68,885",13.4
ST00,11,F,17,,D,0110,1,FO-03,F,XXXX,8,38,F,1,199809,1,"$68,649",8.7
ST00,11,F,13,,E,0110,1,FO-03,F,XXXX,8,38,F,1,199809,1,"$62,823",13.5
ST00,11,K,14,,J,0110,1,FE-CM,L,XXXX,8,38,F,1,199809,1,"$125,900",40.0
ST00,CD,C,13,,A,0110,1,FP-06,C,XXXX,8,48,F,2,199809,1,"$31,459",0.0
ST00,11,I,17,,I,0110,1,FE-MC,L,XXXX,2,38,F,1,199809,1,"$125,900",31.1
ST00,13,H,21,,I,0110,1,FE-MC,L,XXXX,8,38,F,1,199809,1,"$125,717",34.3
ST00,MX,F,18,,D,0110,1,FO-03,E,XXXX,8,38,F,1,199809,1,"$58,565",8.2
ST00,11,F,17,,D,0110,1,FP-04,D,XXXX,8,38,F,1,199809,1,"$47,984",8.0
ST00,ES,F,13,,F,0110,1,FO-01,H,XXXX,8,38,F,1,199809,1,"$81,628",19.6
ST00,36,D,17,,D,0110,1,FO-03,F,XXXX,8,38,F,1,199809,1,"$60,591",9.2
ST00,11,J,14,,G,0110,1,FO-02,H,XXXX,8,38,F,1,199809,1,"$89,879",24.5
ST00,11,D,13,,E,0110,1,FP-03,E,XXXX,8,38,F,1,199809,1,"$55,818",11.7
ST00,11,I,18,,H,0110,1,FO-01,J,XXXX,8,38,F,1,199809,1,"$101,142",29.2
ST00,11,D,17,,D,0110,1,FO-03,E,XXXX,8,38,F,1,199809,1,"$55,818",8.2
ST00,KS,F,13,,F,0110,1,FO-02,H,XXXX,8,38,F,1,199809,1,"$81,347",15.4
ST00,11,E,15,,E,0110,1,FO-03,F,XXXX,8,38,F,1,199809,1,"$66,649",12.8
ST00,MX,I,15,,H,0110,1,FE-MC,K,XXXX,2,38,F,1,199809,1,"$118,400",29.2
ST00,TU,G,17,,F,0110,1,FE-OC,I,XXXX,2,38,F,1,199809,1,"$99,200",17.9
ST00,11,G,21,15,G,0110,1,GM-15,J,XXXX,2,10,F,1,199809,1,"$101,142",21.1
ST00,36,G,17,,G,0110,1,FO-01,J,XXXX,2,38,F,1,199809,1,"$103,489",22.2
ST00,JA,F,17,,E,0110,1,FO-02,G,XXXX,8,38,F,1,199809,1,"$74,444",13.4
ST00,11,F,17,14,E,0110,1,GS-14,G,XXXX,8,10,F,1,199809,1,"$72,752",13.6
ST00,AO,G,17,,G,0110,1,FA-MC,K,XXXX,2,38,F,1,199809,1,"$118,400",23.0
ST00,06,F,14,,F,0110,1,FO-01,Z,XXXX,8,38,F,1,199809,1,,18.0
ST00,11,F,15,,E,0110,1,FO-02,G,XXXX,8,38,F,1,199809,1,"$75,272",13.3
ST00,GM,F,17,,F,0110,1,FO-01,H,XXXX,8,38,F,1,199809,1,"$89,197",15.7
ST00,CD,B,13,,A,0110,1,FP-06,C,XXXX,8,48,F,2,199809,1,"$31,459",0.0
ST00,11,H,17,,H,0110,1,FE-OC,K,XXXX,2,38,F,1,199809,1,"$116,495",26.2
ST00,11,F,14,,F,0110,1,FO-01,Z,XXXX,8,38,F,1,199809,1,,17.7
ST00,11,F,17,,E,0110,1,FO-02,F,XXXX,8,38,F,1,199809,1,"$68,885",13.1
ST00,CD,C,17,,A,0110,1,FP-05,C,XXXX,8,48,F,2,199809,1,"$37,333",0.2
ST00,SF,C,17,,C,0110,1,FO-04,D,XXXX,8,38,F,1,199809,1,"$40,936",3.7
ST00,11,E,13,,D,0110,1,FO-03,F,XXXX,8,38,F,1,199809,1,"$64,707",8.3
ST00,CG,I,17,,H,0110,1,FO-02,H,XXXX,2,38,F,1,199809,1,"$81,347",27.8
ST00,GM,F,17,,F,0110,1,FO-01,G,XXXX,8,38,F,1,199809,1,"$76,942",16.1
ST00,TW,E,17,,D,0110,1,FO-03,F,XXXX,8,38,F,1,199809,1,"$69,930",9.8
ST00,CS,F,17,,F,0110,1,FO-02,G,XXXX,8,38,F,1,199809,1,"$78,978",19.0
ST00,11,E,17,,E,0110,1,FO-02,F,XXXX,8,38,F,1,199809,1,"$68,885",12.9
ST00,IN,E,17,,D,0110,1,FO-04,D,XXXX,8,38,F,1,199809,1,"$40,936",5.7
ST00,MY,E,17,,E,0110,1,FO-02,F,XXXX,8,38,F,1,199809,1,"$60,530",13.3
ST00,LT,F,21,,E,0110,1,FO-02,F,XXXX,2,38,F,1,199809,1,"$68,127",13.7
ST00,11,F,20,,E,0110,1,FO-02,F,XXXX,8,38,F,1,199809,1,"$68,885",11.8
ST00,HK,E,17,,E,0110,1,FO-02,G,XXXX,8,38,F,1,199809,1,"$74,444",13.8
ST00,EG,F,14,,F,0110,1,FO-01,G,XXXX,2,38,F,1,199809,1,"$79,250",17.3
ST00,IN,F,17,,D,0110,1,FO-03,F,XXXX,8,38,F,1,199809,1,"$65,916",9.6
ST00,11,E,13,,D,0110,1,FO-03,E,XXXX,8,38,F,1,199809,1,"$55,818",7.7
ST00,11,I,17,14,H,0110,1,GS-14,H,XXXX,8,20,I,2,199809,1,"$85,978",28.1
ST00,CD,D,17,,A,0110,1,FP-05,D,XXXX,8,48,F,2,199809,1,"$40,795",0.3
ST00,BE,G,17,,G,0110,1,FO-01,H,XXXX,8,38,F,1,199809,1,"$86,599",20.6
ST00,BH,D,17,,D,0110,1,FO-03,E,XXXX,8,38,F,1,199809,1,"$50,519",7.7
ST00,BK,G,17,,F,0110,1,FO-03,D,XXXX,8,38,F,1,199809,1,"$49,048",19.3
ST00,IV,D,14,,C,0110,1,FP-05,C,XXXX,8,48,F,2,199809,1,"$33,170",4.0
ST00,BG,H,17,,H,0110,1,FA-MC,K,XXXX,2,38,F,1,199809,1,"$118,400",28.9
ST00,IN,E,17,,D,0110,1,FO-03,F,XXXX,8,38,F,1,199809,1,"$69,930",8.7
ST00,DR,H,17,,H,0110,1,FO-01,I,XXXX,2,38,F,1,199809,1,"$94,287",28.4
ST00,CH,F,17,,F,0110,1,FO-02,G,XXXX,2,38,F,1,199809,1,"$78,978",16.1
ST00,IN,J,17,,J,0110,1,FP-03,E,XXXX,8,38,F,1,199809,1,"$58,565",36.9
ST00,CQ,H,18,,H,0110,1,FA-OC,K,XXXX,*,38,F,1,199809,1,"$118,400",28.8
ST00,IN,H,17,,H,0110,1,FO-01,I,XXXX,2,38,F,1,199809,1,"$94,287",29.1
ST00,11,G,15,,G,0110,1,FO-01,J,XXXX,8,38,F,1,199809,1,"$101,142",22.8
ST00,11,H,14,,F,0110,1,FO-02,G,XXXX,8,38,F,1,199809,1,"$73,080",19.5
ST00,BR,D,13,,C,0110,1,FP-03,E,XXXX,8,38,F,1,199809,1,"$50,519",4.2
ST00,11,F,17,,F,0110,1,FO-03,E,XXXX,8,38,F,1,199809,1,"$57,492",16.6
ST00,MO,E,13,,D,0110,1,FO-03,F,XXXX,8,38,F,1,199809,1,"$62,132",9.5
ST00,11,D,13,,E,0110,1,FO-04,D,XXXX,8,38,F,1,199809,1,"$43,912",11.3
ST00,CA,G,18,,G,0110,1,FE-OC,J,XXXX,2,38,F,1,199809,1,"$108,600",23.1
ST00,ZA,E,17,,E,0110,1,FO-02,G,XXXX,8,38,F,1,199809,1,"$70,171",13.5
ST00,11,G,17,14,G,0110,1,GM-14,H,XXXX,5,10,F,1,199809,1,"$84,326",20.3
ST00,MA,F,15,,E,0110,1,FO-03,E,XXXX,8,38,F,1,199809,1,"$58,565",11.3
ST00,11,F,17,,E,0110,1,FO-02,H,XXXX,8,38,F,1,199809,1,"$82,252",14.1
ST00,11,F,17,13,E,0110,1,GM-13,Z,XXXX,5,10,F,1,199809,1,,13.5
ST00,BR,F,17,,E,0110,1,FO-03,F,XXXX,8,38,F,1,199809,1,"$69,930",10.8
ST00,11,E,21,,D,0110,1,FO-04,D,XXXX,8,38,F,1,199809,1,"$49,424",6.7
ST00,BK,D,13,,D,0110,1,FP-04,D,XXXX,8,38,F,1,199809,1,"$42,164",8.3
ST00,11,I,17,,G,0110,1,FO-01,J,XXXX,2,38,F,1,199809,1,"$101,142",23.0
ST00,11,H,17,,E,0110,1,FO-02,H,XXXX,8,38,F,1,199809,1,"$82,252",14.8
ST00,MX,H,17,,G,0110,1,FO-02,H,XXXX,2,38,F,1,199809,1,"$83,788",24.4
ST00,BE,G,21,,E,0110,1,FO-02,F,XXXX,8,38,F,1,199809,1,"$68,127",11.3
ST00,11,F,17,,F,0110,1,FE-OC,J,XXXX,2,38,F,1,199809,1,"$106,412",16.8
ST00,11,D,13,,D,0110,1,FO-03,E,XXXX,8,38,F,1,199809,1,"$51,081",6.5
ST00,11,E,13,,D,0110,1,FO-04,E,XXXX,8,38,F,1,199809,1,"$54,006",9.3
ST00,GB,E,17,,F,0110,1,FO-02,G,XXXX,2,38,F,1,199809,1,"$72,276",17.0
ST00,PE,E,14,,E,0110,1,FO-03,F,XXXX,8,38,F,1,199809,1,"$62,132",13.3
ST00,MX,F,18,,C,0110,1,FP-04,D,XXXX,8,38,F,1,199809,1,"$42,164",4.0
ST00,CO,D,04,,B,0110,1,FP-04,D,XXXX,8,48,F,2,199809,1,"$44,732",2.5
ST00,CD,D,17,,D,0110,1,FP-05,C,XXXX,8,48,F,2,199809,1,"$35,190",6.4
ST00,PE,H,18,,H,0110,1,FA-MC,L,XXXX,2,38,F,1,199809,1,"$125,900",27.2
ST00,11,D,17,,D,0110,1,FO-03,E,XXXX,8,38,F,1,199809,1,"$54,192",7.1
ST00,PL,F,16,,E,0110,1,FO-02,H,XXXX,8,38,F,1,199809,1,"$81,347",13.3
ST00,GR,G,17,,F,0110,1,FO-01,I,XXXX,2,38,F,1,199809,1,"$94,287",16.8
ST00,CE,G,17,,F,0110,1,FO-02,F,XXXX,2,38,F,1,199809,1,"$62,346",16.9
ST00,11,C,13,,D,0110,1,FO-04,D,XXXX,8,38,F,1,199809,1,"$47,984",7.1
ST00,SF,C,14,,C,0110,1,FP-06,C,XXXX,8,48,F,2,199809,1,"$31,459",3.8
ST00,RP,C,18,,B,0110,1,FP-04,C,XXXX,8,48,F,2,199809,1,"$39,744",2.5
ST00,CD,C,13,,A,0110,1,FP-06,C,XXXX,8,48,F,2,199809,1,"$33,375",0.2
SZ00,11,H,21,14,E,0110,1,GS-14,H,XXXX,8,10,F,1,199809,1,"$81,569",14.2
SZ00,24,J,18,14,I,0110,1,GS-14,H,XXXX,8,10,F,1,199809,1,"$85,978",31.5
SZ00,24,G,18,15,G,0110,1,GS-15,I,XXXX,8,10,F,1,199809,1,"$90,767",20.3
SZ00,11,H,14,15,F,0110,1,GS-15,J,XXXX,2,10,F,1,199809,1,"$101,142",18.0
SZ00,11,H,21,15,E,0110,1,GS-15,I,XXXX,8,10,F,1,199809,1,"$90,767",10.3
SZ00,11,C,13,07,A,0110,1,GS-07,B,XXXX,8,15,F,1,199809,1,"$26,532",0.9
SZ00,24,D,21,13,A,0110,1,GS-13,E,XXXX,8,15,F,1,199809,1,"$59,700",0.1
SZ00,24,C,21,12,B,0110,1,GS-12,E,XXXX,8,15,F,1,199809,1,"$50,205",2.0
SZ00,24,B,17,09,A,0110,1,GS-09,C,XXXX,8,15,F,1,199809,1,"$32,457",0.0
SZ00,24,H,17,14,G,0110,1,GS-14,G,XXXX,8,10,F,1,199809,1,"$77,160",22.3
SZ00,11,J,21,15,I,0110,1,GS-15,J,XXXX,2,10,F,1,199809,1,"$101,142",33.8
SZ00,24,F,09,13,F,0110,1,GS-13,G,XXXX,8,10,F,1,199809,1,"$70,893",18.8
SZ00,11,D,21,13,D,0110,1,GS-13,F,XXXX,8,10,F,1,199809,1,"$65,296",6.2
SZ00,11,D,21,13,A,0110,1,GS-13,F,XXXX,8,15,F,1,199809,1,"$61,565",0.2
SZ00,11,F,21,13,D,0110,1,GS-13,F,XXXX,8,10,F,1,199809,1,"$63,431",5.1
SZ00,24,I,14,15,J,0110,1,GS-15,I,XXXX,8,10,F,1,199809,1,"$93,360",35.2
SZ00,11,H,21,14,F,0110,1,GS-14,H,XXXX,8,10,F,1,199809,1,"$85,978",19.4
SZ00,11,C,21,12,B,0110,1,GS-12,E,XXXX,8,15,F,1,199809,1,"$56,482",1.2
SZ00,11,D,18,12,A,0110,1,GS-12,E,XXXX,8,15,F,1,199809,1,"$56,482",0.1
SZ00,11,E,21,13,B,0110,1,GS-13,F,XXXX,8,15,F,1,199809,1,"$61,565",1.1
SZ00,24,I,21,14,H,0110,1,GS-14,H,XXXX,8,10,F,1,199809,1,"$85,978",26.2
SZ00,24,C,13,12,C,0110,1,GS-12,D,XXXX,8,10,F,1,199809,1,"$48,635",4.9
SZ00,11,H,17,14,H,0110,1,GS-14,H,XXXX,8,10,F,1,199809,1,"$83,774",28.0
SZ00,11,H,21,15,H,0110,1,GS-15,J,XXXX,8,10,F,1,199809,1,"$101,142",27.3
SZ00,11,G,13,14,G,0110,1,GS-14,H,XXXX,8,10,F,1,199809,1,"$83,774",21.6
SZ00,11,C,21,12,B,0110,1,GS-12,E,XXXX,8,15,F,1,199809,1,"$56,482",1.0
SZ00,11,F,21,13,A,0110,1,GS-13,F,XXXX,8,15,F,1,199809,1,"$67,162",0.1
SZ00,24,C,21,09,A,0110,1,GS-09,C,XXXX,8,15,F,1,199809,1,"$32,457",0.2
TC00,11,D,17,13,E,0110,1,GS-13,F,XXXX,8,10,F,1,199809,1,"$65,296",10.5
TC00,11,I,17,14,I,0110,1,GS-14,H,XXXX,8,10,F,1,199809,1,"$85,978",31.9
TC00,11,B,,05,A,0110,1,GS-05,B,XXXX,8,42,P,2,199809,1,"$21,421",0.3
TC00,11,D,17,11,D,0110,1,GS-11,D,XXXX,8,15,F,1,199809,1,"$44,505",6.3
TC00,11,E,13,14,E,0110,1,GS-14,G,XXXX,8,10,F,1,199809,1,"$77,160",12.6
TC00,11,K,17,13,I,0110,1,GS-13,G,XXXX,8,10,F,1,199809,1,"$72,758",31.9
TC00,11,D,21,14,C,0110,1,GS-14,F,XXXX,8,10,F,1,199809,1,"$68,343",4.0
TC00,11,K,21,12,G,0110,1,GS-12,F,XXXX,8,10,F,1,199809,1,"$61,190",24.4
TC00,11,G,17,14,F,0110,1,GS-14,H,XXXX,2,10,F,1,199809,1,"$83,774",19.1
TC00,11,F,17,13,F,0110,1,GS-13,F,XXXX,8,10,F,1,199809,1,"$67,162",18.4
TC00,11,J,21,14,F,0110,1,GS-14,G,XXXX,8,10,F,1,199809,1,"$72,752",18.6
TC00,11,D,17,13,D,0110,1,GS-13,F,XXXX,8,10,F,1,199809,1,"$63,431",6.9
TC00,11,H,17,13,G,0110,1,GS-13,G,XXXX,8,10,F,1,199809,1,"$72,758",22.7
TC00,11,F,21,15,D,0110,1,GM-15,I,XXXX,2,10,F,1,199809,1,"$96,850",8.2
TC00,11,G,21,14,E,0110,1,GS-14,H,XXXX,8,10,F,1,199809,1,"$83,774",13.3
TC00,11,H,21,15,D,0110,1,GS-15,I,XXXX,2,10,F,1,199809,1,"$95,954",8.1
TC00,11,J,21,14,F,0110,1,GS-14,H,XXXX,8,10,F,1,199809,1,"$85,978",19.9
TC00,11,G,18,12,F,0110,1,GS-12,E,XXXX,8,10,F,1,199809,1,"$56,482",15.9
TC00,11,I,21,15,E,0110,1,GS-15,I,XXXX,2,10,F,1,199809,1,"$93,360",12.4
TC00,11,F,17,13,F,0110,1,GS-13,F,XXXX,8,10,F,1,199809,1,"$67,162",18.2
TC00,11,E,21,14,C,0110,1,GS-14,G,XXXX,8,10,F,1,199809,1,"$77,160",4.3
TC00,11,F,17,13,F,0110,1,GS-13,G,XXXX,8,10,F,1,199809,1,"$72,758",15.3
TC00,11,F,18,11,A,0110,1,GS-11,C,XXXX,8,15,F,1,199809,1,"$39,270",0.3
TC00,11,G,21,14,F,0110,1,GS-14,H,XXXX,8,10,F,1,199809,1,"$85,978",18.6
TC00,11,F,18,15,E,0110,1,GS-15,I,XXXX,8,10,F,1,199809,1,"$90,767",13.1
TC00,11,H,21,15,H,0110,1,GS-15,J,XXXX,8,10,F,1,199809,1,"$101,142",27.0
TC00,11,D,21,14,C,0110,1,GS-14,G,XXXX,8,10,F,1,199809,1,"$74,956",4.1
TC00,11,I,17,14,H,0110,1,GS-14,H,XXXX,8,10,F,1,199809,1,"$85,978",26.9
TC00,11,E,21,14,E,0110,1,GS-14,H,XXXX,8,10,F,1,199809,1,"$85,978",10.1
TC00,11,G,21,13,A,0110,1,GS-13,E,XXXX,8,15,F,1,199809,1,"$59,700",0.1
TC00,11,F,21,11,C,0110,1,GS-11,D,XXXX,8,15,F,1,199809,1,"$41,888",3.1
TC00,11,F,21,14,C,0110,1,GS-14,H,XXXX,8,10,F,1,199809,1,"$85,978",4.7
TC00,11,G,17,13,H,0110,1,GS-13,G,XXXX,8,10,F,1,199809,1,"$72,758",27.1
TC00,11,F,17,13,F,0110,1,GS-13,G,XXXX,8,10,F,1,199809,1,"$72,758",18.0
TC00,11,C,,07,A,0110,1,GS-07,B,XXXX,8,42,P,2,199809,1,"$26,532",0.3
TD01,11,I,14,13,H,0110,1,GS-13,G,XXXX,8,10,F,1,199809,1,"$72,758",29.0
TD01,11,H,13,14,G,0110,1,GM-14,H,XXXX,5,10,F,1,199809,1,"$84,885",24.1
TD01,11,I,14,15,I,0110,1,GM-15,J,XXXX,2,10,F,1,199809,1,"$101,142",32.2
TD01,11,I,18,14,H,0110,1,GM-14,H,XXXX,5,10,F,1,199809,1,"$85,978",26.7
TD01,11,G,14,14,G,0110,1,GM-14,H,XXXX,5,10,F,1,199809,1,"$81,898",22.9
TD01,11,H,18,15,I,0110,1,GM-15,J,XXXX,2,10,F,1,199809,1,"$101,142",32.2
TD01,11,H,14,15,H,0110,1,GM-15,J,XXXX,5,10,F,1,199809,1,"$100,085",29.5
TD01,11,G,13,15,G,0110,1,GM-15,J,XXXX,2,10,F,1,199809,1,"$101,142",24.0
TD01,11,G,15,14,G,0110,1,GM-14,H,XXXX,5,10,F,1,199809,1,"$80,795",24.9
TD01,11,I,17,15,I,0110,1,GM-15,J,XXXX,5,10,F,1,199809,1,"$101,142",33.8
TD01,11,C,05,12,B,0110,1,GS-12,D,XXXX,8,30,F,1,199809,1,"$47,066",2.8
TD01,11,D,17,12,C,0110,1,GS-12,D,XXXX,8,38,F,1,199809,1,"$48,635",3.0
TD01,11,H,13,15,H,0110,1,GM-15,J,XXXX,2,10,F,1,199809,1,"$101,142",29.3
TD01,11,F,13,14,F,0110,1,GM-14,G,XXXX,5,10,F,1,199809,1,"$78,259",19.9
TD01,11,D,18,13,D,0110,1,GS-13,E,XXXX,8,10,F,1,199809,1,"$57,835",5.2
TD01,11,G,17,15,H,0110,1,GM-15,J,XXXX,2,10,F,1,199809,1,"$101,142",25.5
TD01,11,J,13,14,I,0110,1,GM-14,H,XXXX,5,10,F,1,199809,1,"$85,978",33.1
TD02,51,E,17,13,E,0110,1,GM-13,F,XXXX,5,10,F,1,199809,1,"$67,162",13.0
TD02,11,D,17,12,D,0110,1,GS-12,D,XXXX,8,10,F,1,199809,1,"$47,066",6.7
TD02,11,H,14,14,I,0110,1,GM-14,H,XXXX,5,10,F,1,199809,1,"$81,454",31.1
TD03,11,D,17,14,D,0110,1,FG-14,G,XXXX,8,38,F,1,199809,1,"$70,547",8.1
TD03,11,E,17,,F,0110,1,FV-JJ,G,XXXX,8,38,F,1,199809,1,"$78,051",16.7
TD03,11,G,09,13,B,0110,1,FG-13,E,XXXX,8,38,F,1,199809,1,"$55,969",2.5
TD03,11,I,21,14,H,0110,1,FG-14,I,XXXX,8,38,F,1,199809,1,"$90,242",27.1
TD03,11,J,17,13,B,0110,1,FG-13,F,XXXX,8,38,F,1,199809,1,"$65,296",1.0
TD03,11,F,15,14,F,0110,1,FG-14,G,XXXX,8,38,F,1,199809,1,"$79,365",17.3
TD03,11,I,04,13,A,0110,1,FG-13,E,XXXX,8,38,F,1,199809,1,"$55,969",0.4
TD03,11,E,04,11,C,0110,1,FG-11,C,XXXX,8,38,F,1,199809,1,"$39,270",4.9
TD03,11,J,21,14,H,0110,1,FG-14,H,XXXX,8,38,F,1,199809,1,"$85,978",26.3
TD03,11,H,14,,H,0110,1,FM-15,I,XXXX,2,38,F,1,199809,1,"$95,962",27.7
TD03,11,I,17,14,I,0110,1,FG-14,H,XXXX,8,38,F,1,199809,1,"$81,569",30.8
TD03,11,I,14,14,H,0110,1,FG-14,H,XXXX,8,38,F,1,199809,1,"$85,978",29.7
TD03,11,G,17,14,E,0110,1,FG-14,G,XXXX,8,38,F,1,199809,1,"$77,160",10.2
TD03,11,H,14,14,I,0110,1,FG-14,G,XXXX,8,38,F,1,199809,1,"$79,365",30.0
TD03,11,F,13,14,F,0110,1,FG-14,G,XXXX,8,38,F,1,199809,1,"$77,160",15.8
TD03,11,D,04,13,E,0110,1,FG-13,E,XXXX,8,38,P,2,199809,1,"$57,835",10.3
TD03,11,G,17,13,A,0110,1,FG-13,E,XXXX,8,38,F,1,199809,1,"$55,969",0.0
TD03,11,E,13,11,C,0110,1,FG-11,D,XXXX,8,38,F,1,199809,1,"$40,579",3.8
TD03,11,I,17,,H,0110,1,FM-15,I,XXXX,2,38,F,1,199809,1,"$96,820",25.8
TD03,11,G,17,14,G,0110,1,FG-14,H,XXXX,8,38,F,1,199809,1,"$81,569",20.9
TD03,11,C,12,13,B,0110,1,FG-13,E,XXXX,8,38,F,1,199809,1,"$55,969",2.5
TD03,11,G,14,14,H,0110,1,FG-14,H,XXXX,8,38,F,1,199809,1,"$81,569",27.3
TD03,11,F,12,13,F,0110,1,FG-13,F,XXXX,8,38,F,1,199809,1,"$63,431",15.5
TD03,11,H,04,13,B,0110,1,FG-13,E,XXXX,8,38,F,1,199809,1,"$55,969",2.1
TD03,11,G,14,14,E,0110,1,FG-14,H,XXXX,8,38,F,1,199809,1,"$83,774",13.2
TD03,11,E,12,14,B,0110,1,FG-14,F,XXXX,8,38,F,1,199809,1,"$66,138",2.0
TD03,11,H,21,14,G,0110,1,FG-14,H,XXXX,8,38,F,1,199809,1,"$81,569",22.4
TD03,11,G,12,,B,0110,1,FV-JJ,H,XXXX,8,38,F,1,199809,1,"$80,722",2.0
TD03,11,F,13,,B,0110,1,FV-JJ,H,XXXX,8,38,F,1,199809,1,"$85,978",2.2
TD03,11,I,14,14,E,0110,1,FG-14,G,XXXX,8,38,F,1,199809,1,"$77,160",12.0
TD03,11,H,12,11,D,0110,1,FG-11,C,XXXX,8,38,F,1,199809,1,"$39,270",5.9
TD03,11,F,13,13,D,0110,1,FG-13,E,XXXX,8,38,F,1,199809,1,"$55,969",7.3
TD03,11,H,21,15,H,0110,1,FG-15,J,XXXX,8,38,F,1,199809,1,"$101,142",25.5
TD03,11,F,17,14,F,0110,1,FG-14,G,XXXX,8,38,F,1,199809,1,"$77,160",18.3
TD03,11,H,15,13,F,0110,1,FG-13,G,XXXX,8,38,F,1,199809,1,"$70,893",19.2
TD04,11,D,17,13,D,0110,1,GS-13,F,XXXX,5,10,F,1,199809,1,"$61,565",8.1
TD04,11,I,21,15,D,0110,1,GS-15,H,XXXX,5,10,F,1,199809,1,"$85,579",8.2
TD04,11,D,13,14,D,0110,1,GS-14,F,XXXX,5,10,F,1,199809,1,"$68,343",8.2
TD04,11,I,18,15,H,0110,1,GM-15,I,XXXX,5,10,F,1,199809,1,"$97,630",27.0
TD04,11,E,21,13,C,0110,1,GS-13,E,XXXX,5,10,F,1,199809,1,"$59,700",3.0
TD04,11,D,17,13,D,0110,1,GS-13,E,XXXX,5,10,F,1,199809,1,"$59,700",5.8
TD05,11,H,15,15,H,0110,1,GS-15,J,XXXX,8,10,F,1,199809,1,"$101,142",28.2
TD05,11,H,18,14,G,0110,1,GS-14,H,XXXX,8,10,F,1,199809,1,"$85,978",23.1
TD05,11,F,16,14,G,0110,1,GS-14,G,XXXX,8,10,F,1,199809,1,"$74,956",21.7
TD05,11,I,15,15,H,0110,1,GS-15,J,XXXX,8,10,F,1,199809,1,"$101,142",26.1
TD05,11,G,13,15,G,0110,1,GS-15,I,XXXX,8,10,F,1,199809,1,"$90,767",22.4
TD05,11,H,18,15,G,0110,1,GS-15,I,XXXX,8,10,F,1,199809,1,"$98,548",22.8
TD05,11,D,17,14,D,0110,1,GS-14,F,XXXX,8,10,F,1,199809,1,"$66,138",7.4
TD05,11,G,17,14,E,0110,1,GS-14,G,XXXX,8,10,F,1,199809,1,"$74,956",10.2
TD05,11,D,17,14,D,0110,1,GS-14,F,XXXX,8,10,F,1,199809,1,"$66,138",7.6
TD05,11,C,14,11,D,0110,1,GS-11,C,XXXX,8,10,F,1,199809,1,"$39,270",5.6
TD05,11,K,14,15,H,0110,1,GS-15,J,XXXX,8,10,F,1,199809,1,"$101,142",28.8
TD06,11,E,18,14,F,0110,1,GS-14,G,XXXX,5,10,F,1,199809,1,"$72,752",16.8
TD09,11,G,13,14,G,0110,1,GM-14,G,XXXX,5,10,F,1,199809,1,"$78,265",22.4
TD10,11,H,21,13,D,0110,1,GS-13,E,XXXX,8,10,F,1,199809,1,"$57,835",6.7
TD10,11,D,12,12,E,0110,1,GS-12,E,XXXX,8,10,F,1,199809,1,"$50,205",10.0
TD11,25,F,18,13,F,0110,1,GS-13,F,XXXX,8,10,F,1,199809,1,"$68,001",17.8
TD11,25,J,21,14,G,0110,1,GS-14,H,XXXX,8,10,F,1,199809,1,"$80,356",20.3
TD11,25,G,17,15,G,0110,1,GM-15,I,XXXX,2,10,F,1,199809,1,"$99,779",21.0
TD11,25,J,21,14,H,0110,1,GS-14,H,XXXX,8,10,F,1,199809,1,"$87,052",27.1
TD11,25,I,21,14,H,0110,1,GS-14,H,XXXX,8,10,F,1,199809,1,"$87,052",26.2
TD11,11,F,17,14,F,0110,1,GM-14,H,XXXX,5,10,F,1,199809,1,"$80,472",18.5
TD11,25,E,17,13,B,0110,1,GS-13,F,XXXX,8,15,F,1,199809,1,"$62,335",2.1
TD11,25,C,17,12,B,0110,1,GS-12,D,XXXX,8,15,F,1,199809,1,"$49,243",1.5
TD11,25,D,17,12,B,0110,1,GS-12,E,XXXX,8,15,F,1,199809,1,"$50,832",2.8
TD11,25,H,22,13,D,0110,1,GS-13,F,XXXX,8,10,F,1,199809,1,"$66,112",7.3
TD11,25,G,18,14,G,0110,1,GS-14,G,XXXX,8,10,F,1,199809,1,"$75,892",20.4
TD11,25,G,21,15,F,0110,1,GM-15,I,XXXX,5,10,F,1,199809,1,"$94,527",15.7
TD11,25,D,20,11,B,0110,1,GS-11,D,XXXX,8,15,F,1,199809,1,"$46,386",1.2
TD13,11,G,17,14,G,0110,1,GM-14,H,XXXX,2,10,F,1,199809,1,"$81,569",24.3
TD13,11,H,17,14,G,0110,1,GS-14,H,XXXX,8,10,F,1,199809,1,"$85,978",24.9
TD13,11,G,14,13,G,0110,1,GS-13,F,XXXX,8,10,F,1,199809,1,"$67,162",24.1
TD13,11,F,08,11,G,0110,1,GS-11,D,XXXX,8,10,F,1,199809,1,"$45,814",23.2
TD13,11,H,13,11,H,0110,1,GS-11,E,XXXX,8,10,F,1,199809,1,"$51,049",26.2
TD13,11,H,17,14,H,0110,1,GS-14,H,XXXX,8,10,F,1,199809,1,"$81,569",27.7
TD13,11,E,04,13,C,0110,1,GS-13,E,XXXX,8,10,F,1,199809,1,"$59,700",4.5
TD13,11,F,13,13,F,0110,1,GS-13,F,XXXX,8,10,F,1,199809,1,"$63,431",15.7
TD15,11,H,21,14,I,0110,1,GM-14,H,XXXX,5,10,F,1,199809,1,"$85,978",33.1
TD15,11,H,20,15,H,0110,1,GM-15,J,XXXX,2,10,F,1,199809,1,"$101,142",26.0
TD15,11,G,13,13,C,0110,1,GS-13,F,XXXX,8,10,F,1,199809,1,"$63,431",4.3
TD15,11,I,17,14,H,0110,1,GM-14,H,XXXX,5,10,F,1,199809,1,"$85,978",28.1
TD15,11,H,14,14,H,0110,1,GM-14,H,XXXX,5,10,F,1,199809,1,"$85,978",27.8
TN00,11,H,17,,I,0110,1,ES-06,L,XXXX,2,50,F,1,199809,1,"$125,900",30.2
TN00,11,K,21,15,H,0110,1,GS-15,I,XXXX,8,10,F,1,199809,1,"$98,548",26.1
TN00,11,G,17,15,F,0110,1,GS-15,H,XXXX,8,10,P,2,199809,1,"$88,173",18.1
TN00,11,H,19,,G,0110,1,ES-03,K,XXXX,2,50,F,1,199809,1,"$116,495",20.7
TN00,11,G,17,15,G,0110,1,GS-15,J,XXXX,8,10,F,1,199809,1,"$101,142",22.8
TN00,11,F,17,,F,0110,1,ES-03,K,XXXX,2,50,F,1,199809,1,"$116,495",19.8
TN00,11,F,17,15,E,0110,1,GS-15,H,XXXX,8,10,F,1,199809,1,"$85,579",14.0
TN00,11,F,17,15,F,0110,1,GS-15,I,XXXX,8,10,F,1,199809,1,"$90,767",17.4
TN00,11,J,21,14,F,0110,1,GS-14,G,XXXX,8,10,F,1,199809,1,"$79,365",15.3
TN00,11,J,17,15,J,0110,1,GS-15,J,XXXX,4,10,F,1,199809,1,"$101,142",38.6
TN00,11,G,17,15,G,0110,1,GS-15,I,XXXX,8,10,F,1,199809,1,"$93,360",22.6
TN00,11,F,17,15,F,0110,1,GS-15,G,XXXX,8,10,F,1,199809,1,"$77,798",17.1
TN00,11,H,21,,G,0110,1,ES-06,L,XXXX,2,50,F,1,199809,1,"$125,900",21.1
TN00,SZ,G,13,14,G,0110,1,GS-14,G,XXXX,8,38,F,1,199809,1,"$73,986",20.6
TN00,11,I,21,,H,0110,1,ES-06,L,XXXX,2,50,F,1,199809,1,"$125,900",28.3
TN00,SZ,G,17,,H,0110,1,ES-04,K,XXXX,2,50,F,1,199809,1,"$114,500",25.3
TN00,11,I,17,,G,0110,1,ES-06,L,XXXX,2,50,F,1,199809,1,"$125,900",21.8
TN00,11,E,17,15,E,0110,1,GS-15,H,XXXX,8,10,F,1,199809,1,"$82,985",11.3
TN00,11,F,17,15,E,0110,1,GS-15,H,XXXX,8,10,F,1,199809,1,"$85,579",12.1
TN00,11,E,17,15,E,0110,1,GS-15,H,XXXX,8,10,F,1,199809,1,"$85,579",13.0
TN00,11,E,13,15,E,0110,1,GS-15,I,XXXX,8,10,F,1,199809,1,"$90,767",13.0
TN00,11,I,17,,I,0110,1,ES-06,L,XXXX,2,50,F,1,199809,1,"$125,900",34.3
TN00,11,G,17,15,G,0110,1,GS-15,H,XXXX,8,10,F,1,199809,1,"$88,173",24.6
TN00,11,F,17,15,F,0110,1,GS-15,I,XXXX,2,10,F,1,199809,1,"$93,360",18.7
TN00,11,H,17,,D,0110,1,ES-06,L,XXXX,2,55,F,1,199809,1,"$125,900",7.0
TN00,SZ,E,15,15,E,0110,1,GS-15,G,XXXX,8,10,F,1,199809,1,"$77,361",12.8
TN00,11,F,17,15,F,0110,1,GS-15,I,XXXX,8,10,F,1,199809,1,"$90,767",17.3
TN00,11,E,17,15,F,0110,1,GS-15,H,XXXX,8,10,P,2,199809,1,"$85,579",16.1
TN00,11,H,21,15,F,0110,1,GS-15,I,XXXX,8,10,F,1,199809,1,"$90,767",17.7
TN00,11,D,17,14,D,0110,1,GS-14,F,XXXX,8,10,F,1,199809,1,"$66,138",8.2
TN00,11,E,17,15,E,0110,1,GS-15,H,XXXX,8,10,F,1,199809,1,"$85,579",11.4
TN00,11,H,19,15,H,0110,1,GS-15,J,XXXX,4,10,F,1,199809,1,"$101,142",26.8
TN00,11,I,21,,J,0110,1,ES-06,L,XXXX,2,50,F,1,199809,1,"$125,900",35.2
TN00,11,F,13,,F,0110,1,ES-04,L,XXXX,2,50,F,1,199809,1,"$122,824",17.8
TN00,11,G,17,15,G,0110,1,GS-15,I,XXXX,8,10,F,1,199809,1,"$93,360",21.0
TN00,11,H,21,15,H,0110,1,GS-15,J,XXXX,8,10,F,1,199809,1,"$101,142",26.3
TN00,11,G,17,15,H,0110,1,GS-15,I,XXXX,8,10,F,1,199809,1,"$90,767",26.2
TR35,11,F,22,,D,0110,1,TG-22,I,XXXX,8,10,F,1,199809,1,"$94,531",6.1
TR35,11,G,21,,F,0110,1,TG-23,K,XXXX,8,10,F,1,199809,1,"$117,888",15.5
TR35,11,G,22,,E,0110,1,TG-22,I,XXXX,8,10,F,1,199809,1,"$91,708",10.2
TR35,11,G,21,,E,0110,1,TG-22,I,XXXX,8,10,F,1,199809,1,"$92,146",11.3
TR35,11,F,21,,B,0110,1,TG-20,H,XXXX,8,15,F,1,199809,1,"$80,000",1.0
TR35,11,H,21,,D,0110,1,TG-22,J,XXXX,8,30,F,1,199809,1,"$105,765",9.8
TR91,HU,J,,,A,0110,1,FC-12,I,XXXX,8,48,F,2,199809,1,"$94,287",0.1
TR91,11,F,17,15,E,0110,1,GS-15,I,XXXX,8,10,F,1,199809,1,"$93,360",10.6
TR91,11,J,21,15,G,0110,1,GS-15,J,XXXX,8,10,F,1,199809,1,"$101,142",23.7
TR91,11,E,17,,E,0110,1,ES-02,K,XXXX,2,50,F,1,199809,1,"$111,454",13.1
TR91,11,C,17,11,A,0110,1,GS-11,C,XXXX,8,15,F,1,199809,1,"$39,270",0.9
TR91,11,J,21,15,H,0110,1,GM-15,I,XXXX,5,10,F,1,199809,1,"$97,258",27.2
TR91,11,H,17,,H,0110,1,ES-04,L,XXXX,2,50,F,1,199809,1,"$122,824",27.3
TR91,11,H,17,,H,0110,1,ES-02,K,XXXX,2,50,F,1,199809,1,"$111,454",26.9
TR91,11,I,,15,D,0110,1,GS-15,H,XXXX,8,40,F,2,199809,1,"$82,985",8.3
TR91,11,J,21,15,I,0110,1,GS-15,J,XXXX,8,10,F,1,199809,1,"$101,142",30.9
TR91,GG,F,,,D,0110,1,FC-11,F,XXXX,8,48,F,2,199809,1,"$61,656",7.8
TR91,11,F,21,15,E,0110,1,GS-15,I,XXXX,8,10,F,1,199809,1,"$93,360",10.9
TR91,11,D,,13,A,0110,1,GS-13,E,XXXX,8,40,F,2,199809,1,"$55,969",0.3
TR91,11,C,,12,B,0110,1,GS-12,D,XXXX,8,44,F,2,199809,1,"$48,635",1.2
TR91,SA,G,,,C,0110,1,FC-12,I,XXXX,8,48,F,2,199809,1,"$94,287",3.7
TR91,11,G,17,15,A,0110,1,GS-15,J,XXXX,2,15,F,1,199809,1,"$101,142",0.1
TR91,11,C,17,09,A,0110,1,GS-09,C,XXXX,8,15,F,1,199809,1,"$38,951",0.8
TR91,11,H,17,15,G,0110,1,GS-15,I,XXXX,8,10,F,1,199809,1,"$90,767",23.1
TR91,11,D,17,13,D,0110,1,GS-13,E,XXXX,8,10,F,1,199809,1,"$59,700",6.3
TR91,11,D,21,12,A,0110,1,GS-12,D,XXXX,8,15,F,1,199809,1,"$47,066",0.8
TR91,11,H,22,15,G,0110,1,GS-15,I,XXXX,8,10,F,1,199809,1,"$95,954",20.3
TR91,11,E,17,13,D,0110,1,GS-13,F,XXXX,8,10,F,1,199809,1,"$61,565",6.8
TR91,11,D,17,14,D,0110,1,GS-14,F,XXXX,8,10,F,1,199809,1,"$66,138",5.4
TR91,11,E,21,14,D,0110,1,GS-14,G,XXXX,8,10,F,1,199809,1,"$70,547",8.0
TR91,11,I,22,15,G,0110,1,GM-15,J,XXXX,5,10,F,1,199809,1,"$101,142",22.3
TR91,11,D,,14,C,0110,1,GS-14,F,XXXX,8,40,F,2,199809,1,"$66,138",3.0
TR91,11,G,21,15,D,0110,1,GS-15,I,XXXX,8,10,F,1,199809,1,"$98,548",9.0
TR91,11,F,21,,F,0110,1,ES-01,J,XXXX,2,50,F,1,199809,1,"$106,412",15.0
TR91,11,E,21,15,D,0110,1,GS-15,J,XXXX,8,10,F,1,199809,1,"$101,142",6.8
TR91,11,I,14,14,G,0110,1,GS-14,G,XXXX,8,10,F,1,199809,1,"$79,365",21.1
TR91,SA,G,,,D,0110,1,FC-12,H,XXXX,8,48,F,2,199809,1,"$89,451",9.3
TR91,11,D,21,13,B,0110,1,GS-13,F,XXXX,8,15,F,1,199809,1,"$65,296",1.1
TR91,11,I,21,15,H,0110,1,GM-15,J,XXXX,5,10,F,1,199809,1,"$101,142",27.5
TR91,11,E,21,14,D,0110,1,GS-14,H,XXXX,8,15,F,1,199809,1,"$85,978",6.0
TR91,11,C,,12,A,0110,1,GS-12,E,XXXX,8,40,F,2,199809,1,"$59,621",0.0
TR91,11,D,17,13,C,0110,1,GS-13,E,XXXX,8,10,F,1,199809,1,"$55,969",3.2
TR91,JA,D,17,13,C,0110,1,GS-13,E,XXXX,8,10,F,1,199809,1,"$53,915",3.2
TR91,11,D,17,13,B,0110,1,GS-13,F,XXXX,8,15,F,1,199809,1,"$61,565",1.1
TR91,11,J,,15,J,0110,1,GS-15,J,XXXX,8,20,P,2,199809,1,"$101,142",35.5
TR91,11,D,21,14,C,0110,1,GS-14,G,XXXX,8,10,F,1,199809,1,"$72,752",4.0
TR91,11,C,,09,A,0110,1,GS-09,C,XXXX,8,40,F,2,199809,1,"$32,457",0.3
TR91,11,E,18,14,D,0110,1,GS-14,F,XXXX,8,10,F,1,199809,1,"$66,138",5.9
TR91,11,K,,,A,0110,1,EF-00,I,XXXX,8,48,I,2,199809,1,"$94,291",0.5
TR91,11,H,17,14,H,0110,1,GS-14,H,XXXX,8,10,F,1,199809,1,"$81,569",29.3
TR91,11,E,21,15,D,0110,1,GS-15,H,XXXX,8,10,P,2,199809,1,"$80,391",6.6
TR91,11,H,21,,G,0110,1,SL-00,J,XXXX,8,10,F,1,199809,1,"$106,412",20.9
TR91,11,J,21,,E,0110,1,ES-04,L,XXXX,2,50,F,1,199809,1,"$122,824",14.4
TR91,11,H,17,15,H,0110,1,GS-15,I,XXXX,8,10,F,1,199809,1,"$93,360",27.3
TR91,11,H,21,,H,0110,1,ES-04,L,XXXX,2,50,F,1,199809,1,"$122,824",25.3
TR91,SA,J,,,D,0110,1,FC-12,I,XXXX,2,48,F,2,199809,1,"$94,287",6.6
TR91,11,J,21,15,H,0110,1,GS-15,J,XXXX,8,10,F,1,199809,1,"$101,142",28.8
TR91,11,F,17,15,F,0110,1,GS-15,H,XXXX,2,10,F,1,199809,1,"$80,391",15.1
TR91,11,E,21,,D,0110,1,ES-02,K,XXXX,2,50,F,1,199809,1,"$111,454",9.0
TR91,11,H,21,15,G,0110,1,GS-15,I,XXXX,8,10,F,1,199809,1,"$98,548",23.7
TR91,11,J,18,,I,0110,1,ES-04,L,XXXX,2,50,F,1,199809,1,"$122,824",34.7
TR91,11,D,13,07,A,0110,1,GS-07,B,XXXX,8,15,F,1,199809,1,"$26,532",0.3
TR91,11,G,17,,D,0110,1,ES-03,K,XXXX,2,50,F,1,199809,1,"$116,495",9.9
TR91,11,G,17,15,G,0110,1,GS-15,I,XXXX,8,10,F,1,199809,1,"$90,767",21.7
TR91,SA,J,,,G,0110,1,FC-12,H,XXXX,8,48,F,2,199809,1,"$89,451",21.1
TR91,11,H,14,15,H,0110,1,GS-15,I,XXXX,8,10,F,1,199809,1,"$93,360",29.2
TR91,11,E,14,13,E,0110,1,GS-13,F,XXXX,8,10,F,1,199809,1,"$63,431",10.1
TR91,11,K,,15,D,0110,1,GS-15,J,XXXX,8,40,F,2,199809,1,"$101,142",9.3
TR91,11,F,17,13,F,0110,1,GS-13,F,XXXX,8,10,F,1,199809,1,"$67,162",19.9
TR91,11,I,18,15,G,0110,1,GS-15,J,XXXX,8,10,F,1,199809,1,"$101,142",24.6
TR91,11,G,17,15,G,0110,1,GS-15,I,XXXX,8,10,F,1,199809,1,"$95,954",24.0
TR91,11,C,17,11,B,0110,1,GS-11,C,XXXX,8,15,F,1,199809,1,"$39,270",1.8
TR91,11,C,17,13,C,0110,1,GS-13,E,XXXX,8,10,F,1,199809,1,"$57,835",4.3
TR91,11,E,17,14,E,0110,1,GS-14,G,XXXX,8,10,F,1,199809,1,"$74,956",12.0
TR91,11,G,21,13,E,0110,1,GS-13,F,XXXX,8,10,F,1,199809,1,"$63,431",13.2
TR91,11,H,13,,I,0110,1,ES-04,L,XXXX,2,50,F,1,199809,1,"$122,824",30.5
TR91,11,F,17,15,D,0110,1,GS-15,G,XXXX,8,10,F,1,199809,1,"$77,798",8.7
TR91,11,F,21,13,E,0110,1,GS-13,F,XXXX,8,10,F,1,199809,1,"$65,296",11.8
TR91,11,D,17,15,D,0110,1,GS-15,H,XXXX,8,10,F,1,199809,1,"$80,391",7.0
TR91,11,K,17,15,H,0110,1,GS-15,J,XXXX,8,10,F,1,199809,1,"$101,142",27.4
TR91,11,D,,13,C,0110,1,GS-13,E,XXXX,8,20,F,2,199809,1,"$55,969",3.7
TR91,11,C,17,11,A,0110,1,GS-11,D,XXXX,8,15,F,1,199809,1,"$48,431",0.3
TR91,11,I,17,14,I,0110,1,GM-14,H,XXXX,4,10,F,1,199809,1,"$85,978",33.3
TR91,11,G,18,15,G,0110,1,GS-15,I,XXXX,8,10,F,1,199809,1,"$98,548",20.2
TR91,11,E,17,13,D,0110,1,GS-13,F,XXXX,8,10,F,1,199809,1,"$63,431",9.2
TR91,11,H,,15,F,0110,1,GS-15,J,XXXX,8,40,F,2,199809,1,"$101,142",15.7
TR91,11,G,21,,F,0110,1,ES-01,J,XXXX,2,50,F,1,199809,1,"$106,412",17.7
TR91,11,E,21,13,C,0110,1,GS-13,F,XXXX,8,10,F,1,199809,1,"$63,431",3.3
TR91,11,I,17,,J,0110,1,ES-04,L,XXXX,2,50,F,1,199809,1,"$122,824",36.9
TR91,SA,F,,,B,0110,1,FC-12,H,XXXX,8,48,F,2,199809,1,"$89,451",1.1
TR91,11,E,17,14,E,0110,1,GS-14,G,XXXX,8,10,F,1,199809,1,"$72,752",11.5
TR91,GM,G,13,15,G,0110,1,GS-15,G,XXXX,8,10,F,1,199809,1,"$77,361",21.2
TR91,11,F,21,,A,0110,1,ES-04,L,XXXX,2,55,F,1,199809,1,"$122,824",0.2
TR91,11,G,21,,A,0110,1,ES-03,K,XXXX,2,55,F,1,199809,1,"$116,495",0.1
TR91,11,J,21,15,G,0110,1,GS-15,I,XXXX,8,10,F,1,199809,1,"$98,548",24.2
TR91,11,E,17,14,E,0110,1,GS-14,G,XXXX,8,10,F,1,199809,1,"$74,956",10.3
TR91,11,I,17,,I,0110,1,ES-01,J,XXXX,2,50,F,1,199809,1,"$106,412",33.3
TR91,11,G,18,15,G,0110,1,GS-15,I,XXXX,8,10,F,1,199809,1,"$98,548",20.5
TR91,11,F,21,15,E,0110,1,GS-15,I,XXXX,8,10,F,1,199809,1,"$90,767",14.3
TR91,11,I,21,14,E,0110,1,GS-14,G,XXXX,8,10,F,1,199809,1,"$72,752",10.8
TR91,11,E,17,13,D,0110,1,GS-13,F,XXXX,8,10,F,1,199809,1,"$61,565",7.4
TR91,11,I,18,13,I,0110,1,GS-13,G,XXXX,8,10,F,1,199809,1,"$72,758",34.4
TR91,11,D,21,13,C,0110,1,GS-13,F,XXXX,8,10,F,1,199809,1,"$61,565",3.3
TR91,11,D,17,14,D,0110,1,GS-14,F,XXXX,8,10,F,1,199809,1,"$66,138",6.9
TR91,11,H,14,15,H,0110,1,GM-15,I,XXXX,2,10,F,1,199809,1,"$99,593",29.0
TR91,11,E,13,12,E,0110,1,GS-12,E,XXXX,8,10,F,1,199809,1,"$51,774",10.4
TR91,11,E,17,11,B,0110,1,GS-11,C,XXXX,8,15,F,1,199809,1,"$39,270",2.3
TR91,11,H,17,,H,0110,1,SL-00,K,XXXX,8,10,F,1,199809,1,"$111,454",25.3
TR91,11,G,17,15,G,0110,1,GS-15,I,XXXX,8,10,F,1,199809,1,"$98,548",23.0
TR91,11,F,17,14,F,0110,1,GS-14,G,XXXX,8,10,F,1,199809,1,"$79,365",15.3
TR91,11,F,13,14,F,0110,1,GS-14,G,XXXX,8,10,F,1,199809,1,"$79,365",19.3
TR91,11,F,21,15,F,0110,1,GS-15,I,XXXX,2,10,F,1,199809,1,"$95,954",17.8
TR91,11,E,13,14,D,0110,1,GS-14,F,XXXX,8,10,F,1,199809,1,"$66,138",9.9
TR91,11,D,21,14,D,0110,1,GS-14,F,XXXX,8,10,F,1,199809,1,"$68,343",7.0
TR91,11,G,17,,G,0110,1,ES-01,J,XXXX,2,50,F,1,199809,1,"$106,412",22.6
TR91,11,D,17,11,C,0110,1,GS-11,C,XXXX,8,15,F,1,199809,1,"$39,270",4.6
TR91,11,G,17,15,F,0110,1,GS-15,Z,XXXX,8,10,F,1,199809,1,,18.8
TR91,11,F,17,15,E,0110,1,GS-15,H,XXXX,8,10,F,1,199809,1,"$82,985",10.8
TR91,11,I,17,,J,0110,1,ES-01,J,XXXX,2,50,F,1,199809,1,"$106,412",37.9
TR91,11,H,17,,I,0110,1,ES-04,L,XXXX,2,50,F,1,199809,1,"$122,824",32.8
TR91,11,D,17,12,B,0110,1,GS-12,D,XXXX,8,15,F,1,199809,1,"$48,635",2.9
TR91,11,E,17,14,D,0110,1,GS-14,G,XXXX,8,10,F,1,199809,1,"$70,547",7.4
TR91,11,E,13,12,D,0110,1,GS-12,E,XXXX,8,10,F,1,199809,1,"$50,205",6.7
TR91,11,H,14,14,I,0110,1,GS-14,H,XXXX,8,10,F,1,199809,1,"$81,569",30.9
TR91,11,G,17,,F,0110,1,ES-02,K,XXXX,2,50,F,1,199809,1,"$111,454",17.4
TR91,RS,K,,,F,0110,1,FC-12,H,XXXX,8,48,F,2,199809,1,"$84,615",16.9
TR91,11,I,17,15,G,0110,1,GS-15,I,XXXX,8,10,F,1,199809,1,"$93,360",20.4
TR91,11,D,21,12,B,0110,1,GS-12,D,XXXX,8,15,F,1,199809,1,"$47,066",1.0
TR91,FR,F,13,15,G,0110,1,GS-15,H,XXXX,8,10,F,1,199809,1,"$82,197",21.8
TR91,11,F,21,,E,0110,1,ES-01,J,XXXX,2,50,F,1,199809,1,"$106,412",10.2
TR91,11,D,17,14,B,0110,1,GS-14,H,XXXX,8,15,F,1,199809,1,"$85,978",2.6
TR91,11,G,18,13,F,0110,1,GS-13,F,XXXX,8,10,F,1,199809,1,"$65,296",18.5
TR91,11,F,14,14,G,0110,1,GS-14,G,XXXX,8,10,F,1,199809,1,"$79,365",21.3
TR91,11,G,21,15,D,0110,1,GS-15,H,XXXX,8,10,F,1,199809,1,"$82,985",8.6
TR91,11,E,17,,E,0110,1,ES-01,J,XXXX,2,50,F,1,199809,1,"$106,412",12.3
TR91,11,I,13,14,H,0110,1,GM-14,H,XXXX,4,10,F,1,199809,1,"$85,978",28.4
TR91,11,I,17,,I,0110,1,ES-04,L,XXXX,2,50,F,1,199809,1,"$122,824",33.7
TR91,11,I,21,14,G,0110,1,GS-14,H,XXXX,8,10,F,1,199809,1,"$83,774",23.0
TR91,11,F,14,15,F,0110,1,GS-15,H,XXXX,2,10,F,1,199809,1,"$85,579",15.3
TR91,11,G,18,15,F,0110,1,GS-15,I,XXXX,8,10,F,1,199809,1,"$95,954",18.2
TR91,11,I,21,15,F,0110,1,GS-15,I,XXXX,8,10,F,1,199809,1,"$95,954",16.2
TR91,11,F,21,15,F,0110,1,GS-15,I,XXXX,8,10,F,1,199809,1,"$93,360",17.8
TR91,11,H,17,15,I,0110,1,GS-15,H,XXXX,8,10,F,1,199809,1,"$88,173",32.6
TR91,11,I,17,15,F,0110,1,GS-15,H,XXXX,8,10,F,1,199809,1,"$85,579",16.4
TR91,HA,D,,,D,0110,1,FC-12,G,XXXX,8,40,F,2,199809,1,"$72,525",6.4
TR91,11,C,17,09,A,0110,1,GS-09,C,XXXX,8,30,F,1,199809,1,"$32,457",0.3
TR91,11,F,13,15,G,0110,1,GM-15,I,XXXX,5,10,F,1,199809,1,"$93,360",22.2
TR91,11,K,21,,J,0110,1,ES-04,L,XXXX,2,50,F,1,199809,1,"$122,824",38.0
TR91,11,J,21,15,J,0110,1,GS-15,J,XXXX,8,10,F,1,199809,1,"$101,142",36.5
TR91,11,H,21,15,F,0110,1,GS-15,I,XXXX,8,10,P,2,199809,1,"$98,548",18.5
TR91,11,F,,14,D,0110,1,GS-14,G,XXXX,8,40,F,2,199809,1,"$72,752",8.0
TR91,11,D,17,14,E,0110,1,GS-14,G,XXXX,8,10,F,1,199809,1,"$70,547",10.1
TR91,11,J,,15,D,0110,1,GS-15,J,XXXX,8,40,F,2,199809,1,"$101,142",5.8
TR91,11,C,17,09,A,0110,1,GS-09,C,XXXX,8,30,F,1,199809,1,"$33,539",0.3
TR91,11,E,,,D,0110,1,EF-00,E,XXXX,8,48,I,2,199809,1,"$55,660",5.7
TR91,11,C,17,09,A,0110,1,GS-09,C,XXXX,8,30,F,1,199809,1,"$32,457",0.1
TR91,11,E,17,15,E,0110,1,GS-15,H,XXXX,8,10,F,1,199809,1,"$88,173",14.3
TR91,11,C,,12,A,0110,1,GS-12,E,XXXX,8,40,F,2,199809,1,"$56,482",0.2
TR91,11,C,,12,B,0110,1,GS-12,E,XXXX,8,20,F,2,199809,1,"$54,913",1.4
TR91,11,C,17,11,B,0110,1,GS-11,C,XXXX,8,30,F,1,199809,1,"$39,270",1.1
TR91,11,F,21,15,F,0110,1,GS-15,I,XXXX,8,10,F,1,199809,1,"$98,548",16.3
TR91,11,F,17,15,F,0110,1,GS-15,I,XXXX,8,10,F,1,199809,1,"$95,954",16.3
TR91,11,H,17,14,H,0110,1,GS-14,H,XXXX,8,10,F,1,199809,1,"$83,774",26.1
TR91,11,D,21,13,B,0110,1,GS-13,E,XXXX,8,15,F,1,199809,1,"$57,835",2.2
TR91,11,G,17,13,E,0110,1,GS-13,F,XXXX,8,10,F,1,199809,1,"$65,296",14.5
TR91,11,F,21,15,F,0110,1,GS-15,J,XXXX,8,10,F,1,199809,1,"$101,142",17.8
TR91,11,J,18,,F,0110,1,ES-04,L,XXXX,2,50,F,1,199809,1,"$122,824",19.7
TR91,HU,E,,,E,0110,1,FC-12,H,XXXX,8,20,F,2,199809,1,"$84,615",12.2
TR91,11,G,17,13,E,0110,1,GS-13,F,XXXX,8,10,F,1,199809,1,"$63,431",14.8
TR91,11,D,,14,C,0110,1,GS-14,F,XXXX,8,40,F,2,199809,1,"$68,343",3.4
TR91,11,H,21,15,E,0110,1,GS-15,J,XXXX,8,10,F,1,199809,1,"$101,142",12.1
TR91,HK,F,17,15,C,0110,1,GS-15,G,XXXX,8,15,F,1,199809,1,"$74,943",4.1
TR91,11,F,17,,F,0110,1,ES-01,J,XXXX,2,50,F,1,199809,1,"$106,412",16.1
TR91,11,G,17,14,G,0110,1,GS-14,G,XXXX,8,10,F,1,199809,1,"$77,160",21.0
TR91,11,E,13,15,E,0110,1,GS-15,G,XXXX,8,10,F,1,199809,1,"$77,798",12.3
TR91,11,I,18,15,H,0110,1,GS-15,I,XXXX,8,10,F,1,199809,1,"$93,360",25.5
TR91,11,C,17,13,C,0110,1,GS-13,E,XXXX,8,10,F,1,199809,1,"$55,969",3.6
TR91,11,I,18,,H,0110,1,ES-04,L,XXXX,2,50,F,1,199809,1,"$122,824",29.8
TR91,11,E,21,13,B,0110,1,GS-13,E,XXXX,8,15,F,1,199809,1,"$57,835",2.3
TR91,11,F,17,,F,0110,1,ES-02,K,XXXX,2,50,F,1,199809,1,"$111,454",16.1
TR91,11,I,21,13,G,0110,1,GS-13,G,XXXX,8,10,F,1,199809,1,"$72,758",23.1
TR91,11,G,21,,A,0110,1,ES-04,L,XXXX,2,55,F,1,199809,1,"$122,824",0.2
TR91,11,G,21,14,E,0110,1,GS-14,G,XXXX,8,10,F,1,199809,1,"$79,365",10.5
TR91,11,F,17,14,F,0110,1,GS-14,G,XXXX,8,10,F,1,199809,1,"$77,160",15.3
TR91,11,H,21,,H,0110,1,ES-03,K,XXXX,2,50,F,1,199809,1,"$116,495",25.5
TR91,11,H,17,15,I,0110,1,GS-15,J,XXXX,8,10,F,1,199809,1,"$101,142",30.3
TR91,11,E,16,15,E,0110,1,GS-15,I,XXXX,8,10,F,1,199809,1,"$90,767",10.3
TR91,11,F,17,14,E,0110,1,GS-14,G,XXXX,8,10,P,2,199809,1,"$79,365",14.8
TR91,11,D,13,14,D,0110,1,GS-14,F,XXXX,8,15,F,1,199809,1,"$68,343",9.7
TR91,11,E,21,12,B,0110,1,GS-12,D,XXXX,8,15,F,1,199809,1,"$48,635",1.0
TR91,11,I,13,15,I,0110,1,GS-15,I,XXXX,8,10,F,1,199809,1,"$98,548",31.1
TR91,11,J,14,,I,0110,1,ES-03,K,XXXX,2,50,F,1,199809,1,"$116,495",33.7
TR91,SA,F,,,E,0110,1,FC-11,F,XXXX,8,48,F,2,199809,1,"$63,711",10.9
TR91,11,F,21,15,D,0110,1,GS-15,H,XXXX,8,10,F,1,199809,1,"$85,579",8.4
TR91,RS,H,,,E,0110,1,FC-12,I,XXXX,8,48,F,2,199809,1,"$94,287",11.0
TR91,SA,I,,,D,0110,1,FC-12,I,XXXX,8,48,F,2,199809,1,"$94,287",5.3
TR91,11,H,14,15,H,0110,1,GM-15,J,XXXX,2,10,F,1,199809,1,"$100,404",28.3
TR91,11,F,17,13,D,0110,1,GS-13,G,XXXX,8,10,P,2,199809,1,"$72,758",6.0
TR91,11,D,,14,B,0110,1,GS-14,F,XXXX,8,40,F,2,199809,1,"$66,138",2.0
TR91,11,E,18,14,C,0110,1,GS-14,H,XXXX,8,15,F,1,199809,1,"$85,978",3.0
TR91,SA,I,,,E,0110,1,FC-12,I,XXXX,8,48,F,2,199809,1,"$94,287",12.3
TR91,11,C,,09,A,0110,1,GS-09,C,XXXX,8,40,F,2,199809,1,"$32,457",0.9
TR91,11,D,,15,A,0110,1,GS-15,J,XXXX,8,40,F,2,199809,1,"$101,142",0.5
TR91,11,C,18,11,A,0110,1,GS-11,C,XXXX,8,15,F,1,199809,1,"$39,270",0.8
TR91,11,F,21,14,E,0110,1,GS-14,G,XXXX,8,10,F,1,199809,1,"$77,160",13.3
TR91,11,C,21,13,B,0110,1,GS-13,E,XXXX,8,15,F,1,199809,1,"$55,969",1.2
TR91,11,F,21,15,E,0110,1,GS-15,I,XXXX,8,10,F,1,199809,1,"$98,548",13.0
TR91,11,D,13,14,E,0110,1,GS-14,F,XXXX,8,10,F,1,199809,1,"$68,343",11.9
TR91,11,D,17,13,D,0110,1,GS-13,E,XXXX,8,10,F,1,199809,1,"$57,835",7.3
TR91,11,C,21,12,A,0110,1,GS-12,D,XXXX,8,15,F,1,199809,1,"$47,066",0.0
TR91,11,I,14,15,G,0110,1,GM-15,I,XXXX,2,10,F,1,199809,1,"$99,847",24.0
TR91,11,D,,13,A,0110,1,GS-13,F,XXXX,8,40,F,2,199809,1,"$65,296",0.2
TR91,11,D,17,14,D,0110,1,GS-14,F,XXXX,8,10,F,1,199809,1,"$66,138",7.0
TR91,SF,F,,,E,0110,1,FC-12,I,XXXX,8,48,F,2,199809,1,"$94,287",13.9
TR91,11,H,17,15,H,0110,1,GS-15,J,XXXX,8,10,F,1,199809,1,"$101,142",26.8
TR91,11,E,17,15,D,0110,1,GS-15,H,XXXX,8,15,F,1,199809,1,"$80,391",6.5
TR91,11,H,17,15,I,0110,1,GS-15,J,XXXX,8,10,F,1,199809,1,"$101,142",31.8
TR91,11,F,18,14,F,0110,1,GS-14,G,XXXX,8,10,F,1,199809,1,"$74,956",15.1
TR91,11,G,17,15,H,0110,1,GS-15,I,XXXX,8,10,F,1,199809,1,"$95,954",27.0
TR91,11,D,21,13,B,0110,1,GS-13,E,XXXX,8,15,F,1,199809,1,"$59,700",2.1
TR91,11,G,19,15,F,0110,1,GS-15,I,XXXX,8,10,F,1,199809,1,"$98,548",18.3
TR91,11,C,,12,A,0110,1,GS-12,F,XXXX,8,40,F,2,199809,1,"$61,190",0.2
TR91,11,J,21,15,G,0110,1,GS-15,I,XXXX,8,10,F,1,199809,1,"$93,360",23.3
TR91,11,I,21,,H,0110,1,ES-02,K,XXXX,2,50,F,1,199809,1,"$111,454",26.3
TR91,11,H,17,,G,0110,1,ES-03,K,XXXX,2,50,F,1,199809,1,"$116,495",24.9
TR91,11,G,17,,G,0110,1,ES-03,K,XXXX,8,50,F,1,199809,1,"$116,495",21.1
TR91,11,I,17,14,H,0110,1,GS-14,H,XXXX,8,10,F,1,199809,1,"$85,978",29.8
TR91,SA,G,,,A,0110,1,FC-12,I,XXXX,8,48,F,2,199809,1,"$94,287",0.7
TR91,11,G,18,15,E,0110,1,GS-15,I,XXXX,8,10,F,1,199809,1,"$90,767",13.0
TR91,11,E,21,15,D,0110,1,GS-15,H,XXXX,8,10,F,1,199809,1,"$82,985",6.9
TR91,11,J,21,15,G,0110,1,GS-15,I,XXXX,8,10,F,1,199809,1,"$90,767",22.3
TR91,11,G,17,15,G,0110,1,GS-15,H,XXXX,8,10,F,1,199809,1,"$88,173",21.2
TR91,11,H,17,15,H,0110,1,GS-15,J,XXXX,8,10,F,1,199809,1,"$101,142",27.6
TR91,11,D,17,15,D,0110,1,GS-15,H,XXXX,8,10,F,1,199809,1,"$82,985",9.1
TR91,11,H,17,12,I,0110,1,GS-12,E,XXXX,8,10,F,1,199809,1,"$54,913",33.4
TR91,11,E,17,15,E,0110,1,GS-15,H,XXXX,8,10,F,1,199809,1,"$88,173",14.8
TR91,11,D,17,13,D,0110,1,GS-13,E,XXXX,8,10,F,1,199809,1,"$57,835",6.8
TR91,11,F,21,15,E,0110,1,GS-15,I,XXXX,8,10,F,1,199809,1,"$90,767",13.0
TR91,11,E,15,,B,0110,1,ES-02,K,XXXX,2,55,F,1,199809,1,"$111,454",2.8
TR91,11,G,13,,B,0110,1,ES-04,L,XXXX,2,55,F,1,199809,1,"$122,824",1.3
TR91,11,F,17,14,D,0110,1,GS-14,G,XXXX,8,10,F,1,199809,1,"$77,160",8.8
TR91,11,D,13,11,E,0110,1,GS-11,D,XXXX,8,10,F,1,199809,1,"$45,814",10.2
TR91,11,E,21,15,E,0110,1,GS-15,I,XXXX,8,10,F,1,199809,1,"$90,767",13.1
TR91,11,H,21,,G,0110,1,ES-04,L,XXXX,2,50,F,1,199809,1,"$122,824",21.1
TR91,11,D,21,12,A,0110,1,GS-12,D,XXXX,8,15,F,1,199809,1,"$47,066",0.2
TR91,11,C,21,13,B,0110,1,GS-13,F,XXXX,8,15,F,1,199809,1,"$67,162",2.4
TR91,11,J,14,,H,0110,1,ES-04,L,XXXX,2,50,F,1,199809,1,"$122,824",28.9
TR93,11,C,17,12,B,0110,1,GS-12,D,XXXX,8,15,F,1,199809,1,"$47,066",2.2
TR93,11,B,17,07,A,0110,1,GS-07,B,XXXX,8,15,F,1,199809,1,"$26,532",0.2
TR93,06,H,17,13,E,0110,1,GS-13,G,XXXX,8,10,F,1,199809,1,"$70,983",13.1
TR93,25,E,13,12,E,0110,1,GS-12,D,XXXX,8,10,F,1,199809,1,"$49,243",10.3
TR93,09,D,17,12,D,0110,1,GS-12,E,XXXX,8,10,F,1,199809,1,"$52,672",7.3
TR93,06,F,21,14,E,0110,1,GS-14,G,XXXX,2,10,F,1,199809,1,"$76,000",10.3
TR93,17,D,17,12,A,0110,1,GS-12,D,XXXX,8,15,F,1,199809,1,"$47,917",0.3
TR93,11,D,13,13,D,0110,1,GS-13,F,XXXX,8,10,F,1,199809,1,"$63,431",8.2
TR93,36,H,17,13,C,0110,1,GS-13,F,XXXX,8,10,F,1,199809,1,"$62,995",4.0
TR93,36,F,17,13,G,0110,1,GS-13,G,XXXX,8,10,F,1,199809,1,"$70,629",21.4
TR93,48,G,17,13,C,0110,1,GS-13,E,XXXX,8,10,F,1,199809,1,"$59,494",3.8
TR93,36,I,21,13,E,0110,1,GS-13,G,XXXX,8,10,F,1,199809,1,"$72,538",10.8
TR93,11,I,13,14,G,0110,1,GM-14,H,XXXX,2,10,F,1,199809,1,"$85,978",21.8
TR93,34,D,17,12,A,0110,1,GS-12,D,XXXX,8,15,F,1,199809,1,"$48,158",0.2
TR93,06,E,13,13,E,0110,1,GS-13,F,XXXX,8,10,F,1,199809,1,"$69,065",11.4
TR93,11,G,21,13,F,0110,1,GS-13,G,XXXX,8,10,F,1,199809,1,"$70,893",19.9
TR93,11,F,21,12,E,0110,1,GS-12,E,XXXX,8,10,F,1,199809,1,"$58,051",14.9
TR93,11,I,14,14,H,0110,1,GS-14,H,XXXX,8,10,F,1,199809,1,"$85,978",28.3
TR93,11,I,21,14,D,0110,1,GS-14,F,XXXX,8,10,F,1,199809,1,"$68,343",6.8
TR93,11,B,13,09,B,0110,1,GS-09,C,XXXX,8,15,F,1,199809,1,"$32,457",1.0
TR93,36,F,21,13,C,0110,1,GS-13,F,XXXX,8,10,F,1,199809,1,"$62,995",4.3
TR93,11,G,21,13,D,0110,1,GS-13,F,XXXX,8,10,F,1,199809,1,"$63,431",6.8
TR93,11,F,17,14,E,0110,1,GS-14,G,XXXX,8,10,F,1,199809,1,"$70,547",13.1
TR93,11,D,17,13,C,0110,1,GS-13,E,XXXX,8,10,F,1,199809,1,"$55,969",3.7
TR93,36,G,18,13,F,0110,1,GS-13,G,XXXX,8,10,F,1,199809,1,"$74,447",19.3
TR93,36,G,21,13,D,0110,1,GS-13,F,XXXX,8,10,F,1,199809,1,"$62,995",7.0
TR93,11,G,17,13,F,0110,1,GS-13,F,XXXX,8,10,F,1,199809,1,"$69,027",15.8
TR93,36,I,19,13,D,0110,1,GS-13,G,XXXX,8,10,F,1,199809,1,"$72,538",7.1
TR93,36,K,17,13,D,0110,1,GS-13,F,XXXX,8,10,F,1,199809,1,"$64,903",7.7
TR93,11,C,17,13,C,0110,1,GS-13,E,XXXX,8,10,F,1,199809,1,"$55,969",3.3
TR93,06,I,07,13,B,0110,1,GS-13,F,XXXX,8,15,F,1,199809,1,"$61,392",2.8
TR93,36,E,17,13,D,0110,1,GS-13,F,XXXX,8,10,F,1,199809,1,"$62,995",9.7
TR93,11,D,17,13,D,0110,1,GS-13,E,XXXX,8,10,F,1,199809,1,"$55,969",6.4
TR93,06,H,04,13,D,0110,1,GS-13,F,XXXX,8,10,F,1,199809,1,"$69,065",7.6
TR93,11,G,18,14,D,0110,1,GS-14,H,XXXX,8,10,F,1,199809,1,"$81,569",8.2
TR93,27,G,17,12,A,0110,1,GS-12,D,XXXX,8,15,F,1,199809,1,"$47,088",0.7
TR93,11,B,13,07,A,0110,1,GS-07,B,XXXX,8,15,F,1,199809,1,"$26,532",0.2
TR93,11,B,13,07,B,0110,1,GS-07,B,XXXX,8,15,F,1,199809,1,"$26,532",1.0
TR93,11,C,04,09,A,0110,1,GS-09,C,XXXX,8,15,F,1,199809,1,"$32,457",0.4
TR93,36,H,21,13,E,0110,1,GS-13,F,XXXX,8,10,F,1,199809,1,"$64,903",10.4
TR93,36,F,17,13,C,0110,1,GS-13,F,XXXX,8,10,F,1,199809,1,"$64,903",4.0
TR93,11,I,13,13,I,0110,1,GS-13,G,XXXX,8,10,F,1,199809,1,"$72,758",32.2
TR93,48,H,17,12,A,0110,1,GS-12,D,XXXX,8,15,F,1,199809,1,"$49,124",0.5
TR93,11,C,13,13,D,0110,1,GS-13,F,XXXX,8,10,F,1,199809,1,"$63,431",7.1
TR93,11,D,17,13,D,0110,1,GS-13,F,XXXX,8,10,F,1,199809,1,"$63,431",9.7
TR93,11,B,13,07,B,0110,1,GS-07,B,XXXX,8,15,F,1,199809,1,"$27,416",1.1
TR93,06,E,13,13,C,0110,1,GS-13,F,XXXX,8,10,F,1,199809,1,"$61,392",3.5
TR93,10,D,13,13,D,0110,1,GS-13,F,XXXX,8,10,P,2,199809,1,"$61,795",9.5
TR93,48,H,17,13,E,0110,1,GS-13,F,XXXX,8,10,F,1,199809,1,"$68,151",11.8
TR93,11,E,17,13,D,0110,1,GS-13,F,XXXX,8,10,F,1,199809,1,"$63,431",5.9
TR93,34,I,13,13,I,0110,1,GS-13,G,XXXX,8,10,F,1,199809,1,"$73,029",30.6
TR93,11,E,17,12,D,0110,1,GS-12,E,XXXX,8,10,F,1,199809,1,"$50,205",7.3
TR93,11,H,17,11,H,0110,1,GS-11,E,XXXX,8,10,F,1,199809,1,"$51,049",25.0
TR93,11,D,13,13,D,0110,1,GS-13,F,XXXX,8,10,F,1,199809,1,"$63,431",8.2
TR93,11,D,13,13,D,0110,1,GS-13,F,XXXX,8,10,P,2,199809,1,"$63,431",9.3
TR93,36,I,21,13,F,0110,1,GS-13,G,XXXX,8,10,F,1,199809,1,"$74,447",15.0
TR93,42,G,13,13,G,0110,1,GS-13,G,XXXX,8,10,F,1,199809,1,"$72,039",21.4
TR93,11,D,09,13,E,0110,1,GS-13,E,XXXX,8,10,F,1,199809,1,"$57,835",10.3
TR93,17,F,21,13,E,0110,1,GS-13,G,XXXX,8,10,F,1,199809,1,"$72,175",14.0
TR93,06,E,04,13,A,0110,1,GS-13,E,XXXX,8,15,F,1,199809,1,"$58,468",0.3
TR93,11,B,04,07,A,0110,1,GS-07,B,XXXX,8,15,F,1,199809,1,"$26,532",0.1
TR93,11,B,13,09,B,0110,1,GS-09,C,XXXX,8,15,F,1,199809,1,"$32,457",1.0
TR93,11,D,13,12,C,0110,1,GS-12,D,XXXX,8,15,F,1,199809,1,"$47,066",4.4
TR93,11,E,13,13,E,0110,1,GS-13,F,XXXX,8,10,F,1,199809,1,"$67,162",10.8
TR93,11,C,13,12,C,0110,1,GS-12,D,XXXX,8,10,F,1,199809,1,"$47,066",3.3
TR93,11,C,13,13,D,0110,1,GS-13,F,XXXX,8,10,F,1,199809,1,"$63,431",7.3
TR93,11,C,13,13,D,0110,1,GS-13,F,XXXX,8,10,F,1,199809,1,"$63,431",7.2
TR93,11,B,13,07,A,0110,1,GS-07,B,XXXX,8,15,F,1,199809,1,"$26,532",0.3
TR93,11,C,13,12,C,0110,1,GS-12,D,XXXX,8,10,F,1,199809,1,"$48,635",3.3
TR93,11,H,13,12,H,0110,1,GS-12,E,XXXX,8,10,F,1,199809,1,"$59,621",28.9
TR93,06,H,13,13,F,0110,1,GS-13,F,XXXX,8,10,F,1,199809,1,"$64,315",15.4
TR93,11,D,17,12,C,0110,1,GS-12,D,XXXX,8,10,F,1,199809,1,"$48,635",3.3
TR93,11,C,17,13,C,0110,1,GS-13,E,XXXX,8,10,F,1,199809,1,"$57,835",4.1
TR93,11,B,13,07,A,0110,1,GS-07,B,XXXX,8,15,F,1,199809,1,"$26,532",0.3
TR93,06,F,17,13,E,0110,1,GS-13,F,XXXX,8,10,F,1,199809,1,"$66,263",12.6
TR93,11,F,17,14,E,0110,1,GM-14,H,XXXX,5,10,F,1,199809,1,"$81,569",13.3
TR93,11,B,13,07,A,0110,1,GS-07,B,XXXX,8,15,F,1,199809,1,"$26,532",0.3
TR93,11,B,13,09,B,0110,1,GS-09,C,XXXX,8,15,F,1,199809,1,"$32,457",1.0
TR93,11,B,13,07,A,0110,1,GS-07,B,XXXX,8,15,F,1,199809,1,"$26,532",0.3
TR93,11,B,04,07,A,0110,1,GS-07,B,XXXX,8,15,F,1,199809,1,"$26,532",0.3
TR93,11,C,13,12,C,0110,1,GS-12,D,XXXX,8,10,F,1,199809,1,"$48,635",4.5
TR93,11,D,13,13,E,0110,1,GS-13,F,XXXX,8,10,F,1,199809,1,"$61,565",10.0
TR93,51,D,13,13,E,0110,1,GS-13,F,XXXX,8,10,F,1,199809,1,"$67,837",12.8
TR93,11,D,17,13,D,0110,1,GS-13,E,XXXX,8,10,F,1,199809,1,"$57,835",7.7
TR93,11,D,13,13,D,0110,1,GS-13,F,XXXX,8,10,P,2,199809,1,"$61,565",9.1
TR93,11,B,13,07,A,0110,1,GS-07,B,XXXX,8,15,F,1,199809,1,"$26,532",0.3
TR93,11,B,13,09,B,0110,1,GS-09,C,XXXX,8,15,F,1,199809,1,"$32,457",1.0
TR93,11,D,13,13,E,0110,1,GS-13,F,XXXX,8,10,P,2,199809,1,"$61,565",10.2
TR93,11,E,17,14,E,0110,1,GS-14,G,XXXX,8,10,F,1,199809,1,"$70,547",11.3
TR93,11,B,13,07,A,0110,1,GS-07,B,XXXX,8,15,F,1,199809,1,"$26,532",0.2
TR93,11,C,17,13,D,0110,1,GS-13,E,XXXX,8,10,F,1,199809,1,"$55,969",6.3
TR93,11,H,17,13,G,0110,1,GS-13,G,XXXX,8,10,F,1,199809,1,"$72,758",24.8
TR93,06,J,04,13,E,0110,1,GS-13,F,XXXX,8,10,F,1,199809,1,"$65,229",12.0
TR93,11,C,04,07,A,0110,1,GS-07,B,XXXX,8,15,F,1,199809,1,"$26,532",0.4
TR93,13,K,21,13,E,0110,1,GS-13,G,XXXX,8,10,F,1,199809,1,"$72,019",13.5
TR93,11,E,17,13,E,0110,1,GS-13,F,XXXX,8,10,F,1,199809,1,"$63,431",12.3
TR93,13,D,13,13,D,0110,1,GS-13,F,XXXX,8,10,F,1,199809,1,"$62,786",8.3
TR93,36,I,04,13,E,0110,1,GS-13,F,XXXX,8,10,F,1,199809,1,"$64,903",12.3
TR93,25,H,21,13,F,0110,1,GS-13,F,XXXX,8,10,F,1,199809,1,"$66,112",16.7
TR93,13,H,12,13,G,0110,1,GS-13,G,XXXX,8,10,F,1,199809,1,"$70,172",21.9
TR93,12,D,13,13,E,0110,1,GS-13,F,XXXX,8,10,F,1,199809,1,"$60,028",11.3
TR93,13,E,17,13,C,0110,1,GS-13,F,XXXX,8,10,F,1,199809,1,"$60,940",3.5
TR93,11,H,21,13,D,0110,1,GS-13,F,XXXX,8,10,F,1,199809,1,"$63,431",6.8
TR93,06,I,17,13,F,0110,1,GS-13,F,XXXX,8,10,F,1,199809,1,"$68,212",18.1
TR93,11,C,13,11,A,0110,1,GS-11,C,XXXX,8,15,F,1,199809,1,"$39,270",0.3
TR93,26,E,17,13,D,0110,1,GS-13,G,XXXX,8,10,F,1,199809,1,"$70,372",9.5
TR93,11,G,21,14,E,0110,1,GS-14,G,XXXX,8,10,F,1,199809,1,"$77,160",10.1
TR93,42,H,17,13,F,0110,1,GS-13,F,XXXX,8,10,F,1,199809,1,"$69,285",17.4
TR93,11,I,13,13,I,0110,1,GS-13,G,XXXX,8,10,F,1,199809,1,"$72,758",32.9
TR93,11,B,13,07,A,0110,1,GS-07,B,XXXX,8,15,F,1,199809,1,"$26,532",0.3
TR93,11,E,21,12,A,0110,1,GS-12,F,XXXX,8,15,F,1,199809,1,"$61,190",0.1
TR93,48,D,21,13,C,0110,1,GS-13,F,XXXX,8,10,F,1,199809,1,"$62,310",3.6
TR93,55,E,17,12,D,0110,1,GS-12,D,XXXX,8,10,F,1,199809,1,"$49,699",7.6
TR93,06,I,21,14,F,0110,1,GM-14,H,XXXX,5,10,F,1,199809,1,"$82,915",19.0
TR93,06,J,07,13,B,0110,1,GS-13,F,XXXX,8,15,F,1,199809,1,"$62,366",2.8
TR93,06,I,17,13,C,0110,1,GS-13,F,XXXX,8,10,F,1,199809,1,"$61,392",4.0
TR93,11,D,13,13,E,0110,1,GS-13,F,XXXX,8,10,F,1,199809,1,"$63,431",10.2
TR93,11,B,17,07,A,0110,1,GS-07,B,XXXX,8,15,F,1,199809,1,"$26,532",0.3
TR93,29,E,17,13,E,0110,1,GS-13,E,XXXX,8,10,F,1,199809,1,"$58,832",10.0
TR93,17,G,17,13,G,0110,1,GS-13,G,XXXX,8,10,F,1,199809,1,"$74,074",20.7
TR93,17,F,14,13,D,0110,1,GS-13,F,XXXX,8,10,F,1,199809,1,"$66,477",9.9
TR93,04,D,13,12,D,0110,1,GS-12,D,XXXX,8,10,F,1,199809,1,"$47,796",7.0
TR93,11,G,13,13,E,0110,1,GS-13,F,XXXX,8,10,F,1,199809,1,"$61,565",13.7
TR93,11,E,17,14,D,0110,1,GS-14,F,XXXX,8,10,F,1,199809,1,"$68,343",8.3
TR93,17,F,17,13,E,0110,1,GS-13,F,XXXX,8,10,F,1,199809,1,"$66,477",11.8
TR93,26,E,17,13,D,0110,1,GS-13,F,XXXX,8,10,F,1,199809,1,"$66,569",7.1
TR93,26,F,18,12,D,0110,1,GS-12,D,XXXX,8,10,F,1,199809,1,"$47,983",7.0
TR93,17,H,17,13,F,0110,1,GS-13,G,XXXX,8,10,F,1,199809,1,"$70,276",17.8
TR93,25,I,17,13,D,0110,1,GS-13,F,XXXX,8,10,F,1,199809,1,"$66,112",7.7
TR93,11,I,14,13,H,0110,1,GS-13,F,XXXX,8,10,F,1,199809,1,"$67,162",26.0
TR93,06,F,21,13,E,0110,1,GS-13,G,XXXX,8,10,F,1,199809,1,"$76,007",10.1
TR93,11,D,13,07,A,0110,1,GS-07,B,XXXX,8,15,F,1,199809,1,"$26,532",0.3
TR93,11,C,04,07,A,0110,1,GS-07,B,XXXX,8,15,F,1,199809,1,"$26,532",0.4
TR93,25,D,17,12,D,0110,1,GS-12,E,XXXX,8,10,F,1,199809,1,"$50,832",7.7
TR93,48,J,21,13,D,0110,1,GS-13,F,XXXX,8,10,F,1,199809,1,"$61,353",5.7
TR93,22,H,17,12,H,0110,1,GS-12,E,XXXX,8,10,F,1,199809,1,"$55,508",27.6
TR93,17,I,17,13,E,0110,1,GS-13,G,XXXX,8,10,F,1,199809,1,"$72,175",14.4
TR93,40,E,04,12,D,0110,1,GS-12,D,XXXX,8,10,F,1,199809,1,"$49,339",6.9
TR93,13,H,13,13,E,0110,1,GS-13,F,XXXX,8,10,F,1,199809,1,"$68,326",11.9
TR93,11,F,21,11,A,0110,1,GS-11,C,XXXX,8,15,F,1,199809,1,"$39,270",0.0
TR93,48,H,13,14,D,0110,1,GM-14,G,XXXX,5,10,F,1,199809,1,"$74,697",7.2
TR93,48,F,21,13,C,0110,1,GS-13,F,XXXX,8,10,F,1,199809,1,"$61,353",3.8
TR93,48,H,17,13,D,0110,1,GS-13,F,XXXX,8,10,F,1,199809,1,"$62,337",6.5
TR93,48,I,17,13,D,0110,1,GS-13,F,XXXX,8,10,F,1,199809,1,"$66,204",6.5
TR93,48,J,17,13,D,0110,1,GS-13,F,XXXX,8,10,F,1,199809,1,"$66,204",6.5
TR93,11,J,17,13,I,0110,1,GS-13,F,XXXX,8,10,F,1,199809,1,"$67,162",34.0
TR93,27,C,04,12,A,0110,1,GS-12,D,XXXX,8,15,F,1,199809,1,"$47,088",0.7
TR93,47,F,13,13,E,0110,1,GS-13,E,XXXX,8,10,F,1,199809,1,"$56,837",13.4
TR93,11,I,17,15,H,0110,1,GM-15,J,XXXX,2,10,F,1,199809,1,"$101,142",27.2
TR93,11,H,17,15,F,0110,1,GS-15,H,XXXX,8,10,F,1,199809,1,"$88,173",15.3
TR93,13,D,17,13,D,0110,1,GS-13,F,XXXX,8,10,F,1,199809,1,"$62,786",6.2
TR93,17,F,13,12,F,0110,1,GS-12,E,XXXX,8,10,F,1,199809,1,"$52,710",15.8
TR93,11,D,13,11,B,0110,1,GS-11,C,XXXX,8,15,F,1,199809,1,"$39,270",1.2
TR93,27,D,13,13,C,0110,1,GS-13,E,XXXX,8,10,F,1,199809,1,"$55,995",3.3
TR93,06,E,21,13,C,0110,1,GS-13,F,XXXX,8,10,F,1,199809,1,"$64,315",4.0
TR93,11,F,17,13,E,0110,1,GS-13,G,XXXX,8,10,F,1,199809,1,"$70,893",14.4
TR93,11,H,13,14,H,0110,1,GS-14,H,XXXX,8,10,F,1,199809,1,"$85,978",28.7
TR93,48,F,13,12,E,0110,1,GS-12,E,XXXX,8,10,F,1,199809,1,"$50,762",14.7
TR93,08,G,14,13,F,0110,1,GS-13,F,XXXX,8,10,F,1,199809,1,"$60,362",16.9
TR93,17,H,04,13,F,0110,1,GS-13,F,XXXX,8,10,F,1,199809,1,"$66,477",17.6
TR93,13,H,21,13,D,0110,1,GS-13,F,XXXX,8,10,F,1,199809,1,"$62,786",8.9
TR93,06,H,04,14,D,0110,1,GS-14,G,XXXX,2,10,F,1,199809,1,"$74,813",7.4
TR93,17,I,14,13,E,0110,1,GS-13,G,XXXX,8,10,F,1,199809,1,"$70,276",11.7
TR93,06,G,14,13,F,0110,1,GS-13,F,XXXX,8,10,F,1,199809,1,"$67,147",19.0
TR93,29,D,17,12,A,0110,1,GS-12,D,XXXX,8,15,F,1,199809,1,"$46,381",0.3
TR93,06,G,21,13,C,0110,1,GS-13,F,XXXX,8,10,F,1,199809,1,"$64,315",4.0
TR93,53,H,21,13,D,0110,1,GS-13,F,XXXX,8,10,F,1,199809,1,"$61,606",5.0
TR93,11,C,04,09,A,0110,1,GS-09,C,XXXX,8,15,F,1,199809,1,"$32,457",0.4
TR93,48,G,12,13,E,0110,1,GS-13,F,XXXX,8,10,F,1,199809,1,"$65,071",10.7
TR93,06,D,13,13,D,0110,1,GS-13,F,XXXX,8,10,F,1,199809,1,"$61,392",7.4
TR93,06,E,07,13,E,0110,1,GS-13,F,XXXX,8,15,F,1,199809,1,"$62,366",10.2
TR93,06,G,13,13,E,0110,1,GS-13,F,XXXX,8,10,F,1,199809,1,"$64,315",10.2
TR93,11,F,17,14,E,0110,1,GS-14,G,XXXX,8,10,F,1,199809,1,"$72,752",11.6
TR93,06,G,13,13,E,0110,1,GS-13,F,XXXX,8,10,F,1,199809,1,"$64,315",11.3
TR93,06,G,07,13,B,0110,1,GS-13,F,XXXX,8,15,F,1,199809,1,"$61,392",2.8
TR93,06,G,13,13,F,0110,1,GS-13,F,XXXX,8,10,F,1,199809,1,"$60,417",16.2
TR93,06,F,17,13,C,0110,1,GS-13,F,XXXX,8,10,F,1,199809,1,"$63,310",4.0
TR93,06,I,07,13,C,0110,1,GS-13,F,XXXX,8,15,F,1,199809,1,"$61,392",4.8
TR93,06,F,07,13,B,0110,1,GS-13,E,XXXX,8,15,F,1,199809,1,"$59,474",1.1
TR93,11,B,13,07,B,0110,1,GS-07,B,XXXX,8,15,F,1,199809,1,"$26,532",1.0
TR93,06,D,13,13,C,0110,1,GS-13,F,XXXX,8,10,F,1,199809,1,"$64,315",4.0
TR93,11,D,17,12,C,0110,1,GS-12,E,XXXX,8,10,F,1,199809,1,"$50,205",3.3
TR93,11,G,21,13,D,0110,1,GS-13,F,XXXX,8,10,F,1,199809,1,"$63,431",6.8
TR93,11,F,04,13,G,0110,1,GS-13,F,XXXX,8,10,F,1,199809,1,"$61,565",24.5
TR93,11,D,13,07,E,0110,1,GS-07,C,XXXX,8,15,F,1,199809,1,"$34,487",11.6
TR93,17,I,21,13,F,0110,1,GS-13,F,XXXX,8,10,F,1,199809,1,"$66,477",19.9
TRAF,51,H,17,15,H,0110,1,GS-15,I,XXXX,8,10,F,1,199809,1,"$98,548",28.0
TRAJ,11,F,17,,D,0110,1,OC-18,K,XXXX,2,10,F,1,199809,1,"$113,759",5.1
TRAJ,11,H,16,,H,0110,1,OC-17,I,XXXX,8,10,F,1,199809,1,"$97,908",27.8
TRAJ,11,E,21,,D,0110,1,OC-16,H,XXXX,8,10,F,1,199809,1,"$83,160",7.3
TRAJ,36,G,17,,D,0110,1,OC-16,H,XXXX,8,10,F,1,199809,1,"$82,652",6.8
TRAJ,11,G,15,,D,0110,1,OC-20,K,XXXX,8,10,F,1,199809,1,"$112,129",7.1
TRAJ,11,G,21,,D,0110,1,OC-16,I,XXXX,8,10,F,1,199809,1,"$91,842",7.0
TRAJ,11,G,21,,H,0110,1,OC-18,K,XXXX,2,10,F,1,199809,1,"$110,073",25.1
TRAJ,11,D,21,,D,0110,1,OC-17,I,XXXX,8,10,F,1,199809,1,"$92,476",5.8
TRAJ,11,F,21,,F,0110,1,OC-18,J,XXXX,8,10,F,1,199809,1,"$103,535",15.3
TRAJ,11,H,21,,C,0110,1,OC-17,I,XXXX,8,10,F,1,199809,1,"$93,397",3.2
TRAJ,11,H,18,,F,0110,1,OC-17,I,XXXX,8,10,F,1,199809,1,"$99,158",19.2
TRAJ,11,F,21,,D,0110,1,OC-17,H,XXXX,8,10,F,1,199809,1,"$84,709",6.0
TRAJ,11,G,21,,C,0110,1,OC-18,I,XXXX,2,10,F,1,199809,1,"$98,270",4.3
TRAJ,11,F,21,,B,0110,1,OC-17,I,XXXX,8,15,F,1,199809,1,"$95,757",1.0
TRAJ,11,F,21,,D,0110,1,OC-20,L,XXXX,8,10,F,1,199809,1,"$123,071",9.7
TRAJ,11,F,17,,F,0110,1,OC-21,M,XXXX,2,32,F,1,199809,1,"$134,293",18.0
TRAJ,11,E,21,,E,0110,1,OC-18,J,XXXX,2,10,F,1,199809,1,"$104,931",10.3
TRAJ,11,G,21,,F,0110,1,OC-20,L,XXXX,2,10,F,1,199809,1,"$125,019",15.2
TRAJ,11,E,21,,D,0110,1,OC-14,F,XXXX,8,10,F,1,199809,1,"$64,800",8.3
TRAJ,11,F,13,,D,0110,1,OC-16,G,XXXX,8,10,F,1,199809,1,"$78,746",7.4
TRAJ,11,F,21,,F,0110,1,OC-16,H,XXXX,8,10,F,1,199809,1,"$87,429",15.2
TRAJ,11,E,17,,D,0110,1,OC-17,H,XXXX,8,10,F,1,199809,1,"$80,270",8.2
TRAJ,11,H,07,,F,0110,1,OC-14,F,XXXX,8,10,F,1,199809,1,"$62,681",19.9
TRAJ,11,F,17,,F,0110,1,OC-17,I,XXXX,8,10,F,1,199809,1,"$96,957",17.6
TRAJ,11,C,,,B,0110,1,OC-11,D,XXXX,8,20,F,2,199809,1,"$42,522",2.0
TRAJ,11,E,21,,D,0110,1,OC-16,H,XXXX,8,10,F,1,199809,1,"$89,683",8.9
TRAJ,11,H,21,,D,0110,1,OC-17,I,XXXX,8,10,F,1,199809,1,"$97,541",7.4
TRAJ,11,F,17,,E,0110,1,OC-17,I,XXXX,8,10,F,1,199809,1,"$95,093",10.8
TRAJ,11,J,21,,G,0110,1,OC-16,I,XXXX,8,15,F,1,199809,1,"$91,320",24.7
TRAJ,11,G,21,,C,0110,1,OC-17,I,XXXX,8,10,F,1,199809,1,"$99,199",4.3
TRAJ,11,J,13,,D,0110,1,OC-16,I,XXXX,8,10,F,1,199809,1,"$91,320",7.9
TRAJ,11,F,21,,D,0110,1,OC-17,I,XXXX,8,10,F,1,199809,1,"$94,350",9.0
TRAJ,11,F,21,,E,0110,1,OC-20,K,XXXX,2,10,F,1,199809,1,"$116,641",11.3
TRAJ,11,G,21,,D,0110,1,OC-17,I,XXXX,8,10,F,1,199809,1,"$97,939",8.0
TRAJ,11,G,21,,D,0110,1,OC-17,I,XXXX,8,10,F,1,199809,1,"$97,335",7.3
TRAJ,11,F,17,,D,0110,1,OC-18,J,XXXX,2,10,F,1,199809,1,"$106,267",7.3
TRAJ,11,H,18,,D,0110,1,OC-16,I,XXXX,8,10,F,1,199809,1,"$93,342",7.5
TRAJ,11,G,17,,F,0110,1,OC-17,J,XXXX,8,10,F,1,199809,1,"$106,055",18.5
TRAJ,11,E,17,,A,0110,1,OC-16,I,XXXX,8,15,F,1,199809,1,"$91,320",0.8
TRAJ,11,D,17,,C,0110,1,OC-13,E,XXXX,8,15,F,1,199809,1,"$54,227",3.3
TRAJ,11,D,21,,A,0110,1,OC-14,F,XXXX,8,15,F,1,199809,1,"$68,853",0.4
TRAJ,11,F,14,,F,0110,1,OC-14,F,XXXX,8,10,F,1,199809,1,"$64,856",16.5
TRAJ,11,E,17,,D,0110,1,OC-16,G,XXXX,8,10,F,1,199809,1,"$79,255",8.8
VAHB,11,G,18,14,E,0110,1,GM-14,G,XXXX,*,10,F,1,199809,1,"$77,160",14.6
VAHD,11,K,21,13,D,0110,1,GS-13,F,XXXX,8,10,F,1,199809,1,"$63,431",6.3
VATA,25,F,21,15,G,0110,1,GM-15,I,XXXX,2,10,F,1,199809,1,"$94,527",21.8
VATA,25,F,21,14,D,0110,1,GS-14,G,XXXX,8,10,F,1,199809,1,"$75,892",7.2
VATA,25,G,21,13,D,0110,1,GS-13,F,XXXX,8,10,P,2,199809,1,"$68,001",9.3
VATA,48,H,22,13,D,0110,1,GS-13,F,XXXX,8,15,P,2,199809,1,"$66,003",9.9
VATA,25,G,21,14,D,0110,1,GS-14,G,XXXX,8,10,P,2,199809,1,"$75,892",8.9
VATA,09,D,21,11,A,0110,1,GS-11,D,XXXX,8,20,F,2,199809,1,"$40,182",0.5
VATA,37,F,13,11,D,0110,1,GS-11,D,XXXX,8,42,F,2,199809,1,"$42,452",5.2
VATA,25,H,21,13,B,0110,1,GS-13,G,XXXX,8,42,F,2,199809,1,"$73,667",2.7
VATA,48,D,18,13,B,0110,1,GS-13,E,XXXX,8,20,F,2,199809,1,"$58,416",2.1
