AGYSUB,LOC,AGELVL,EDLVL,GSEGRD,LOSLVL,OCC,PATCO,PPGRD,SALLVL,STEMOCC,SUPERVIS,TOA,WORKSCH,WORKSTAT,DATECODE,EMPLOYMENT,SALARY,LOS
AF0N,51,I,04,13,D,0110,1,GS-13,H,XXXX,8,10,F,1,200209,1,"$86,095",9.8
AG02,11,H,17,15,H,0110,1,GM-15,K,XXXX,2,10,F,1,200209,1,"$113,554",27.5
AG02,36,D,14,,D,0110,1,MA-18,E,XXXX,8,30,F,1,200209,1,"$50,416",9.3
AG02,11,K,21,12,H,0110,1,GS-12,F,XXXX,8,10,F,1,200209,1,"$68,687",26.4
AG02,11,I,17,15,H,0110,1,GS-15,K,XXXX,2,10,F,1,200209,1,"$113,543",28.7
AG02,11,F,13,13,E,0110,1,GS-13,G,XXXX,8,10,F,1,200209,1,"$70,644",14.9
AG02,11,D,13,13,D,0110,1,GS-13,F,XXXX,8,10,F,1,200209,1,"$68,436",9.3
AG02,11,G,13,13,G,0110,1,GM-13,H,XXXX,5,10,F,1,200209,1,"$80,583",23.4
AG02,11,H,21,12,B,0110,1,GS-12,E,XXXX,8,15,F,1,200209,1,"$59,407",2.9
AG02,11,G,13,13,G,0110,1,GS-13,H,XXXX,8,10,F,1,200209,1,"$83,888",23.3
AG02,11,G,17,12,C,0110,1,GS-12,F,XXXX,8,10,F,1,200209,1,"$61,263",4.6
AG02,11,H,21,14,D,0110,1,GS-14,H,XXXX,8,10,F,1,200209,1,"$80,873",9.6
AG02,11,G,17,14,G,0110,1,GS-14,I,XXXX,8,10,F,1,200209,1,"$96,525",23.3
AG02,11,H,21,14,F,0110,1,GS-14,I,XXXX,2,10,F,1,200209,1,"$91,308",19.3
AG02,13,F,21,,B,0110,1,MA-18,E,XXXX,8,30,F,1,200209,1,"$55,597",2.2
AG02,11,E,17,12,C,0110,1,GS-12,E,XXXX,8,10,F,1,200209,1,"$57,550",4.7
AG02,11,C,17,12,D,0110,1,GS-12,E,XXXX,8,10,F,1,200209,1,"$57,550",5.7
AG02,11,F,17,14,E,0110,1,GM-14,I,XXXX,5,10,F,1,200209,1,"$93,916",10.3
AG02,39,E,13,,F,0110,1,MA-19,E,XXXX,8,30,F,1,200209,1,"$58,968",15.3
AG02,11,F,17,13,E,0110,1,GS-13,G,XXXX,8,10,F,1,200209,1,"$72,851",10.3
AG02,11,C,13,13,C,0110,1,GS-13,F,XXXX,8,10,F,1,200209,1,"$66,229",3.8
AG02,17,H,17,,F,0110,1,MA-20,G,XXXX,2,30,F,1,200209,1,"$71,742",17.3
AG02,11,G,17,13,D,0110,1,GS-13,F,XXXX,8,10,F,1,200209,1,"$66,229",8.0
AG02,11,G,17,14,F,0110,1,GS-14,H,XXXX,8,10,F,1,200209,1,"$88,699",15.1
AG02,11,H,17,15,H,0110,1,GS-15,K,XXXX,2,10,F,1,200209,1,"$113,543",26.3
AG02,13,C,17,,B,0110,1,MA-16,D,XXXX,8,30,F,1,200209,1,"$46,341",2.2
AG02,27,F,13,,F,0110,1,MA-18,E,XXXX,8,30,F,1,200209,1,"$59,051",15.8
AG02,11,F,14,11,F,0110,1,GS-11,F,XXXX,8,10,F,1,200209,1,"$60,405",16.3
AG02,11,G,21,12,B,0110,1,GS-12,E,XXXX,8,15,F,1,200209,1,"$59,407",2.8
AG02,48,F,17,,F,0110,1,MA-19,E,XXXX,8,30,F,1,200209,1,"$58,968",16.3
AG02,11,F,17,11,B,0110,1,GS-11,D,XXXX,8,15,F,1,200209,1,"$46,469",1.5
AG02,11,F,17,12,F,0110,1,GS-12,E,XXXX,8,10,F,1,200209,1,"$59,407",19.4
AG02,27,F,13,,G,0110,1,MA-18,F,XXXX,8,30,F,1,200209,1,"$60,778",21.3
AG02,20,G,17,,G,0110,1,MA-20,F,XXXX,2,30,F,1,200209,1,"$69,686",22.1
AG02,53,F,17,,E,0110,1,MA-20,F,XXXX,2,30,F,1,200209,1,"$65,574",12.3
AG02,11,I,21,13,D,0110,1,GS-13,G,XXXX,8,10,F,1,200209,1,"$70,644",5.1
AG02,53,C,14,,D,0110,1,MA-15,D,XXXX,8,30,F,1,200209,1,"$44,598",5.3
AG03,11,E,04,14,E,0110,1,GS-14,H,XXXX,8,10,F,1,200209,1,"$80,873",12.8
AG03,24,F,,13,B,0110,1,GS-13,F,XXXX,8,20,F,2,200209,1,"$66,229",1.8
AG03,24,K,21,15,H,0110,1,GS-15,K,XXXX,8,10,F,1,200209,1,"$110,474",28.5
AG07,51,J,17,13,F,0110,1,GS-13,G,XXXX,8,10,F,1,200209,1,"$77,266",15.5
AG07,55,E,17,12,D,0110,1,GS-12,F,XXXX,8,10,F,1,200209,1,"$61,511",7.7
AG07,27,G,17,13,H,0110,1,GS-13,G,XXXX,2,10,F,1,200209,1,"$77,321",25.9
AG08,29,G,13,13,E,0110,1,GS-13,G,XXXX,8,10,F,1,200209,1,"$71,413",12.5
AG08,29,C,13,09,D,0110,1,GS-09,D,XXXX,8,10,F,1,200209,1,"$46,430",5.9
AG08,29,G,17,13,G,0110,1,GS-13,G,XXXX,8,10,F,1,200209,1,"$75,741",21.6
AG08,29,H,17,13,F,0110,1,GS-13,G,XXXX,8,10,F,1,200209,1,"$71,413",17.4
AG08,29,F,17,13,F,0110,1,GS-13,G,XXXX,8,10,F,1,200209,1,"$71,413",15.9
AG08,29,E,11,12,C,0110,1,GS-12,E,XXXX,8,10,F,1,200209,1,"$54,595",4.3
AG08,29,F,17,14,F,0110,1,GS-14,G,XXXX,8,10,F,1,200209,1,"$76,720",17.8
AG08,29,E,17,14,D,0110,1,GS-14,G,XXXX,8,10,F,1,200209,1,"$76,720",5.1
AG08,29,D,17,11,A,0110,1,GS-11,D,XXXX,8,15,F,1,200209,1,"$45,552",0.0
AG08,11,G,21,14,E,0110,1,GS-14,H,XXXX,8,10,F,1,200209,1,"$88,699",13.5
AG08,29,E,13,13,F,0110,1,GS-13,G,XXXX,8,10,F,1,200209,1,"$71,413",15.6
AG08,11,H,21,13,B,0110,1,GS-13,G,XXXX,8,15,F,1,200209,1,"$72,851",2.3
AG10,11,G,13,14,G,0110,1,GS-14,I,XXXX,2,10,F,1,200209,1,"$96,525",24.5
AG10,11,F,14,13,E,0110,1,GS-13,G,XXXX,8,10,F,1,200209,1,"$75,058",10.2
AG10,11,H,17,14,E,0110,1,GS-14,I,XXXX,2,10,F,1,200209,1,"$93,916",14.8
AG10,11,H,17,13,E,0110,1,GS-13,G,XXXX,8,10,F,1,200209,1,"$77,266",10.8
AG10,11,C,13,11,B,0110,1,GS-11,D,XXXX,8,15,F,1,200209,1,"$46,469",2.9
AG10,11,C,13,09,C,0110,1,GS-09,D,XXXX,8,10,F,1,200209,1,"$49,924",3.1
AG10,11,C,17,11,C,0110,1,GS-11,D,XXXX,8,15,F,1,200209,1,"$46,469",3.9
AG10,11,G,17,14,G,0110,1,GS-14,I,XXXX,2,10,F,1,200209,1,"$99,134",23.9
AG10,11,D,17,11,A,0110,1,GS-11,D,XXXX,8,15,F,1,200209,1,"$46,469",0.1
AG10,11,F,13,13,D,0110,1,GS-13,G,XXXX,8,10,F,1,200209,1,"$72,851",7.3
AG10,11,D,13,13,D,0110,1,GS-13,G,XXXX,8,10,F,1,200209,1,"$70,644",7.2
AG10,11,G,17,13,E,0110,1,GS-13,H,XXXX,8,10,F,1,200209,1,"$81,680",14.3
AG10,11,C,14,11,B,0110,1,GS-11,D,XXXX,8,15,F,1,200209,1,"$46,469",2.3
AG10,11,F,,14,B,0110,1,GS-14,H,XXXX,8,42,F,2,200209,1,"$80,873",1.9
AG10,11,D,13,11,C,0110,1,GS-11,D,XXXX,8,15,F,1,200209,1,"$48,018",3.8
AG10,11,C,17,11,B,0110,1,GS-11,D,XXXX,8,15,F,1,200209,1,"$46,469",2.1
AG10,11,J,21,12,E,0110,1,GS-12,F,XXXX,8,10,F,1,200209,1,"$64,975",10.0
AG10,11,G,17,09,C,0110,1,GS-09,C,XXXX,8,15,F,1,200209,1,"$38,406",3.0
AG10,11,I,17,14,J,0110,1,GM-14,J,XXXX,2,10,F,1,200209,1,"$101,742",36.4
AG10,11,I,17,14,J,0110,1,GS-14,J,XXXX,2,10,F,1,200209,1,"$101,742",38.2
AG10,11,C,13,09,A,0110,1,GS-09,D,XXXX,8,15,F,1,200209,1,"$43,525",0.7
AG10,11,H,22,14,F,0110,1,GS-14,I,XXXX,8,10,F,1,200209,1,"$91,308",19.8
AG10,11,E,17,11,F,0110,1,GS-11,E,XXXX,8,10,F,1,200209,1,"$52,663",15.3
AG10,11,D,13,13,E,0110,1,GS-13,G,XXXX,8,10,F,1,200209,1,"$70,644",11.4
AG10,11,H,17,13,C,0110,1,GS-13,F,XXXX,8,10,F,1,200209,1,"$66,229",4.3
AG10,11,G,14,15,G,0110,1,GS-15,K,XXXX,8,10,F,1,200209,1,"$110,474",22.3
AG10,11,I,13,13,I,0110,1,GS-13,H,XXXX,8,10,F,1,200209,1,"$86,095",32.6
AG10,11,H,14,15,H,0110,1,GS-15,K,XXXX,2,10,F,1,200209,1,"$119,682",26.8
AG10,11,D,13,11,C,0110,1,GS-11,D,XXXX,8,15,F,1,200209,1,"$48,018",3.1
AG10,11,E,17,13,E,0110,1,GS-13,F,XXXX,8,10,F,1,200209,1,"$66,229",10.2
AG10,11,D,13,12,E,0110,1,GS-12,E,XXXX,8,10,F,1,200209,1,"$59,407",12.9
AG10,11,H,17,15,H,0110,1,GM-15,K,XXXX,2,10,F,1,200209,1,"$119,682",29.8
AG10,11,H,17,14,H,0110,1,GM-14,I,XXXX,2,10,F,1,200209,1,"$93,916",26.4
AG10,11,F,,14,C,0110,1,GS-14,J,XXXX,8,42,F,2,200209,1,"$101,742",3.6
AG10,11,E,17,14,E,0110,1,GS-14,I,XXXX,2,10,F,1,200209,1,"$96,525",14.0
AG10,11,C,17,11,C,0110,1,GS-11,D,XXXX,8,15,F,1,200209,1,"$46,469",4.7
AG10,11,H,18,15,H,0110,1,GS-15,K,XXXX,2,10,F,1,200209,1,"$110,474",26.0
AG10,11,H,17,12,G,0110,1,GS-12,G,XXXX,8,10,F,1,200209,1,"$70,543",21.8
AG10,11,D,13,09,B,0110,1,GS-09,C,XXXX,8,15,F,1,200209,1,"$39,686",2.3
AG10,11,C,13,13,D,0110,1,GS-13,F,XXXX,8,10,F,1,200209,1,"$66,229",5.8
AG10,11,C,13,11,C,0110,1,GS-11,D,XXXX,8,15,F,1,200209,1,"$46,469",4.3
AG10,11,C,17,12,B,0110,1,GS-12,E,XXXX,8,15,F,1,200209,1,"$55,694",2.9
AG10,11,H,17,13,G,0110,1,GS-13,H,XXXX,8,10,F,1,200209,1,"$86,095",24.2
AG10,11,G,17,14,E,0110,1,GS-14,H,XXXX,2,10,F,1,200209,1,"$88,699",13.9
AG10,11,F,17,12,C,0110,1,GS-12,E,XXXX,8,10,F,1,200209,1,"$59,407",3.8
AG10,11,C,04,12,D,0110,1,GS-12,E,XXXX,8,10,F,1,200209,1,"$55,694",6.4
AG10,11,E,17,13,C,0110,1,GS-13,F,XXXX,8,10,F,1,200209,1,"$66,229",3.8
AG10,11,D,13,12,D,0110,1,GS-12,F,XXXX,8,10,F,1,200209,1,"$61,263",7.0
AG10,11,D,13,13,E,0110,1,GS-13,G,XXXX,8,10,F,1,200209,1,"$77,266",11.3
AG10,11,D,13,12,E,0110,1,GS-12,F,XXXX,8,10,F,1,200209,1,"$61,263",12.6
AG10,11,F,21,12,C,0110,1,GS-12,F,XXXX,8,10,F,1,200209,1,"$66,831",4.1
AG10,11,H,,15,G,0110,1,GS-15,K,XXXX,8,42,F,2,200209,1,"$110,474",21.4
AG10,11,D,17,12,C,0110,1,GS-12,F,XXXX,8,10,F,1,200209,1,"$66,831",4.3
AG10,11,F,,13,C,0110,1,GS-13,G,XXXX,8,42,F,2,200209,1,"$72,851",4.9
AG10,11,F,17,15,F,0110,1,GS-15,J,XXXX,2,10,F,1,200209,1,"$101,267",18.0
AG10,11,F,21,13,E,0110,1,GS-13,G,XXXX,8,10,F,1,200209,1,"$79,473",13.8
AG10,11,H,12,14,E,0110,1,GS-14,I,XXXX,2,10,F,1,200209,1,"$91,308",10.0
AG10,11,C,17,11,A,0110,1,GS-11,D,XXXX,8,15,F,1,200209,1,"$46,469",0.3
AG10,11,G,17,13,F,0110,1,GS-13,H,XXXX,8,10,F,1,200209,1,"$86,095",18.3
AG10,11,D,18,11,B,0110,1,GS-11,D,XXXX,8,15,F,1,200209,1,"$46,469",1.9
AG10,11,C,,11,B,0110,1,GS-11,D,XXXX,8,42,F,2,200209,1,"$48,018",2.1
AG10,11,D,13,12,C,0110,1,GS-12,E,XXXX,8,15,F,1,200209,1,"$55,694",3.9
AG10,11,H,21,15,G,0110,1,GM-15,K,XXXX,2,10,F,1,200209,1,"$119,682",23.7
AG10,11,G,17,13,E,0110,1,GS-13,H,XXXX,8,10,F,1,200209,1,"$81,680",12.4
AG10,11,F,17,12,C,0110,1,GS-12,E,XXXX,8,15,F,1,200209,1,"$55,694",3.3
AG10,11,G,17,13,F,0110,1,GS-13,H,XXXX,8,10,F,1,200209,1,"$86,095",17.8
AG10,11,E,,14,D,0110,1,GS-14,G,XXXX,8,42,F,2,200209,1,"$78,265",5.2
AG10,11,D,13,12,C,0110,1,GS-12,E,XXXX,8,10,F,1,200209,1,"$55,694",3.3
AG10,11,G,17,13,E,0110,1,GS-13,G,XXXX,8,10,F,1,200209,1,"$72,851",12.4
AG10,11,G,17,14,G,0110,1,GS-14,H,XXXX,8,10,F,1,200209,1,"$88,699",21.4
AG10,11,F,17,13,F,0110,1,GS-13,H,XXXX,8,10,F,1,200209,1,"$83,888",17.5
AG10,11,F,17,13,E,0110,1,GS-13,G,XXXX,8,10,F,1,200209,1,"$72,851",11.3
AG10,11,D,17,13,D,0110,1,GS-13,F,XXXX,8,10,F,1,200209,1,"$68,436",5.7
AG10,11,H,17,15,H,0110,1,GS-15,K,XXXX,2,10,F,1,200209,1,"$110,474",25.7
AG10,11,C,13,09,B,0110,1,GS-09,C,XXXX,8,15,F,1,200209,1,"$39,686",1.7
AG10,11,H,17,13,I,0110,1,GS-13,H,XXXX,8,10,F,1,200209,1,"$86,095",31.3
AG10,11,I,17,13,I,0110,1,GS-13,H,XXXX,8,10,F,1,200209,1,"$86,095",31.5
AG10,11,C,17,12,D,0110,1,GS-12,E,XXXX,8,15,F,1,200209,1,"$55,694",8.3
AG10,11,D,17,12,C,0110,1,GS-12,E,XXXX,8,10,F,1,200209,1,"$57,550",4.5
AG10,11,E,13,15,F,0110,1,GS-15,J,XXXX,2,10,F,1,200209,1,"$101,267",15.3
AG10,11,C,13,12,C,0110,1,GS-12,E,XXXX,8,10,F,1,200209,1,"$55,694",3.3
AG10,11,D,,13,E,0110,1,GS-13,G,XXXX,8,48,F,2,200209,1,"$77,266",10.7
AG10,11,E,17,12,D,0110,1,GS-12,F,XXXX,8,10,F,1,200209,1,"$61,263",5.1
AG10,11,E,13,14,D,0110,1,GS-14,H,XXXX,8,10,F,1,200209,1,"$80,873",8.7
AG10,11,D,13,13,C,0110,1,GS-13,F,XXXX,8,10,F,1,200209,1,"$66,229",4.3
AG10,11,D,13,13,D,0110,1,GS-13,F,XXXX,8,10,F,1,200209,1,"$68,436",7.9
AG10,11,F,18,13,E,0110,1,GS-13,G,XXXX,8,10,F,1,200209,1,"$79,473",13.7
AG10,11,H,,14,G,0110,1,GS-14,J,XXXX,8,42,F,2,200209,1,"$101,742",22.1
AG10,11,H,17,13,H,0110,1,GS-13,H,XXXX,8,38,F,1,200209,1,"$86,095",26.2
AG10,11,J,18,13,I,0110,1,GS-13,H,XXXX,8,10,F,1,200209,1,"$86,095",34.8
AG10,11,G,17,13,E,0110,1,GS-13,G,XXXX,8,10,F,1,200209,1,"$75,058",13.6
AG10,11,F,17,13,F,0110,1,GS-13,H,XXXX,8,10,F,1,200209,1,"$86,095",19.7
AG10,11,F,17,13,E,0110,1,GS-13,G,XXXX,8,10,F,1,200209,1,"$72,851",11.3
AG10,11,C,13,09,B,0110,1,GS-09,C,XXXX,8,15,F,1,200209,1,"$38,406",2.6
AG10,11,H,17,15,G,0110,1,GS-15,K,XXXX,2,10,F,1,200209,1,"$110,474",24.1
AG10,11,F,17,13,E,0110,1,GS-13,G,XXXX,8,10,F,1,200209,1,"$79,473",13.3
AG10,11,G,17,14,G,0110,1,GS-14,I,XXXX,2,10,F,1,200209,1,"$93,916",21.6
AG10,11,H,17,13,F,0110,1,GS-13,H,XXXX,8,10,F,1,200209,1,"$86,095",18.7
AG10,11,F,17,15,F,0110,1,GS-15,K,XXXX,2,10,F,1,200209,1,"$116,613",19.2
AG10,11,C,17,11,C,0110,1,GS-11,D,XXXX,8,15,F,1,200209,1,"$46,469",4.3
AG10,11,C,13,12,C,0110,1,GS-12,E,XXXX,8,10,F,1,200209,1,"$57,550",3.9
AG10,11,F,17,13,E,0110,1,GS-13,G,XXXX,8,10,F,1,200209,1,"$79,473",11.3
AG10,11,I,17,14,H,0110,1,GS-14,J,XXXX,2,10,F,1,200209,1,"$101,742",25.0
AG10,11,G,17,14,E,0110,1,GS-14,H,XXXX,8,10,F,1,200209,1,"$88,699",13.9
AG10,11,D,13,12,C,0110,1,GS-12,E,XXXX,8,10,F,1,200209,1,"$57,550",3.3
AG10,11,D,13,12,D,0110,1,GS-12,E,XXXX,8,15,F,1,200209,1,"$55,694",6.9
AG10,11,G,13,12,B,0110,1,GS-12,E,XXXX,8,15,F,1,200209,1,"$55,694",1.9
AG10,11,E,13,12,C,0110,1,GS-12,E,XXXX,8,15,F,1,200209,1,"$55,694",3.8
AG10,11,G,04,14,I,0110,1,GS-14,J,XXXX,8,10,F,1,200209,1,"$101,742",32.3
AG10,11,E,17,13,E,0110,1,GS-13,H,XXXX,8,10,F,1,200209,1,"$81,680",10.5
AG10,11,G,17,12,D,0110,1,GS-12,F,XXXX,8,10,F,1,200209,1,"$61,263",6.0
AG11,54,G,17,13,E,0110,1,GS-13,G,XXXX,8,10,F,1,200209,1,"$73,146",10.3
AG11,51,I,17,14,H,0110,1,GM-14,J,XXXX,5,10,F,1,200209,1,"$101,742",29.4
AG11,11,H,13,15,G,0110,1,GS-15,J,XXXX,2,10,F,1,200209,1,"$101,267",24.5
AG11,41,H,16,13,G,0110,1,GM-13,G,XXXX,5,10,F,1,200209,1,"$79,587",24.6
AG11,**,C,,09,B,0110,1,GS-09,Z,XXXX,8,20,F,2,200209,1,,2.8
AG11,08,G,21,14,F,0110,1,GS-14,H,XXXX,8,10,F,1,200209,1,"$83,897",16.1
AG11,54,I,17,14,I,0110,1,GS-14,H,XXXX,8,10,F,1,200209,1,"$88,982",34.7
AG11,11,G,17,15,G,0110,1,GM-15,K,XXXX,2,10,F,1,200209,1,"$118,278",24.0
AG11,**,E,,09,A,0110,1,GS-09,Z,XXXX,8,42,F,2,200209,1,,0.5
AG11,11,G,21,15,F,0110,1,GS-15,J,XXXX,8,10,F,1,200209,1,"$107,405",18.5
AG11,02,F,16,13,D,0110,1,GS-13,F,XXXX,8,10,F,1,200209,1,"$61,389",6.9
AG11,08,I,21,15,I,0110,1,GS-15,K,XXXX,8,10,F,1,200209,1,"$116,633",32.1
AG11,41,C,,09,A,0110,1,GS-09,C,XXXX,8,20,F,2,200209,1,"$37,428",0.3
AG11,02,D,,12,A,0110,1,GS-12,D,XXXX,8,48,F,2,200209,1,"$49,959",0.8
AG11,13,I,13,13,H,0110,1,GS-13,H,XXXX,8,10,F,1,200209,1,"$80,405",29.9
AG11,54,H,21,14,G,0110,1,GM-14,I,XXXX,2,10,F,1,200209,1,"$96,608",21.7
AG11,55,H,17,14,G,0110,1,GS-14,I,XXXX,8,10,F,1,200209,1,"$96,608",24.8
AG11,08,H,17,13,F,0110,1,GS-13,G,XXXX,8,10,F,1,200209,1,"$79,599",18.1
AG11,30,H,17,13,H,0110,1,GS-13,H,XXXX,8,10,F,1,200209,1,"$83,902",26.8
AG11,55,H,13,13,H,0110,1,GM-13,H,XXXX,5,10,F,1,200209,1,"$84,991",29.8
AG11,08,F,17,13,D,0110,1,GS-13,G,XXXX,8,10,F,1,200209,1,"$73,146",8.1
AG11,55,G,11,13,H,0110,1,GS-13,F,XXXX,8,10,F,1,200209,1,"$68,844",28.3
AG11,55,G,21,12,B,0110,1,GS-12,E,XXXX,8,15,F,1,200209,1,"$54,275",1.5
AG11,55,B,,04,B,0119,3,GS-04,B,XXXX,8,42,P,2,200209,1,"$22,078",1.3
AG11,55,D,17,12,D,0110,1,GS-12,E,XXXX,8,10,F,1,200209,1,"$56,084",8.3
AG11,**,G,17,13,E,0110,1,GS-13,Z,XXXX,8,10,F,1,200209,1,,10.3
AG11,08,H,17,13,H,0110,1,GS-13,H,XXXX,8,10,F,1,200209,1,"$87,531",28.3
AG11,11,H,17,14,H,0110,1,GM-14,I,XXXX,5,10,F,1,200209,1,"$99,145",26.5
AG11,11,H,17,15,I,0110,1,GS-15,K,XXXX,2,10,F,1,200209,1,"$113,543",31.4
AG11,30,I,21,13,I,0110,1,GS-13,G,XXXX,8,10,F,1,200209,1,"$79,599",30.3
AG11,02,F,,12,D,0110,1,GS-12,E,XXXX,8,42,F,2,200209,1,"$54,954",5.2
AG11,30,F,17,13,F,0110,1,GS-13,F,XXXX,8,10,F,1,200209,1,"$68,844",19.5
AG11,30,F,17,12,D,0110,1,GS-12,E,XXXX,8,15,F,1,200209,1,"$56,084",5.1
AG11,41,H,21,12,G,0110,1,GS-12,G,XXXX,8,10,F,1,200209,1,"$72,503",24.1
AG11,06,I,18,12,I,0110,1,GS-12,G,XXXX,8,10,F,1,200209,1,"$75,368",34.9
AG11,49,I,18,13,G,0110,1,GM-13,H,XXXX,4,10,F,1,200209,1,"$82,119",23.2
AG11,53,E,,12,A,0110,1,GS-12,E,XXXX,8,48,F,2,200209,1,"$55,839",0.3
AG11,41,H,01,09,I,0110,1,GS-09,D,XXXX,8,10,F,1,200209,1,"$49,996",32.9
AG11,41,E,,11,B,0110,1,GS-11,D,XXXX,8,20,F,2,200209,1,"$46,795",1.6
AG11,**,G,14,13,F,0110,1,GS-13,Z,XXXX,8,10,F,1,200209,1,,15.6
AG11,30,J,18,13,I,0110,1,GS-13,F,XXXX,8,10,F,1,200209,1,"$68,844",34.3
AG11,06,H,20,14,G,0110,1,GS-14,I,XXXX,8,10,F,1,200209,1,"$92,335",22.7
AG15,11,E,13,13,E,0110,1,GS-13,G,XXXX,8,10,F,1,200209,1,"$75,058",10.0
AG16,33,H,13,12,I,0110,1,GS-12,G,XXXX,8,10,F,1,200209,1,"$73,757",30.4
AG16,36,G,17,12,F,0110,1,GS-12,F,XXXX,8,10,F,1,200209,1,"$66,937",19.9
AG16,08,G,17,14,G,0110,1,GS-14,H,XXXX,8,10,F,1,200209,1,"$86,439",21.0
AG16,11,F,17,14,E,0110,1,GS-14,G,XXXX,8,10,F,1,200209,1,"$78,265",10.2
AG16,54,I,17,14,H,0110,1,GS-14,H,XXXX,8,10,F,1,200209,1,"$88,982",29.3
AG16,11,J,21,,I,0110,1,ES-04,M,XXXX,2,50,F,1,200209,1,"$138,200",32.6
AG16,06,I,21,12,E,0110,1,GS-12,F,XXXX,8,10,F,1,200209,1,"$69,002",11.0
AG16,10,H,17,12,G,0110,1,GS-12,F,XXXX,8,10,F,1,200209,1,"$68,746",24.8
AG16,54,E,17,12,E,0110,1,GS-12,F,XXXX,8,10,F,1,200209,1,"$61,511",11.5
AG16,24,D,13,12,E,0110,1,GS-12,F,XXXX,8,10,F,1,200209,1,"$63,119",10.3
AG16,42,B,13,05,A,0110,1,GS-05,B,XXXX,8,15,F,1,200209,1,"$24,701",0.9
AG16,45,H,13,12,H,0110,1,GS-12,G,XXXX,8,10,F,1,200209,1,"$70,555",28.3
AG16,27,B,17,09,A,0110,1,GS-09,C,XXXX,8,15,F,1,200209,1,"$38,434",0.1
AG16,21,I,13,13,H,0110,1,GS-13,H,XXXX,8,10,F,1,200209,1,"$83,902",27.7
AG16,11,F,13,14,E,0110,1,GS-14,G,XXXX,8,10,F,1,200209,1,"$78,265",14.7
AG16,04,H,17,12,G,0110,1,GS-12,F,XXXX,8,10,F,1,200209,1,"$66,937",23.8
AG16,24,G,21,14,F,0110,1,GS-14,G,XXXX,8,15,F,1,200209,1,"$78,265",17.4
AG16,26,H,17,12,E,0110,1,GS-12,F,XXXX,8,10,F,1,200209,1,"$61,511",14.1
AG16,11,I,17,15,I,0110,1,GS-15,K,XXXX,8,10,F,1,200209,1,"$119,682",33.6
AG16,55,H,13,12,G,0110,1,GS-12,G,XXXX,8,10,F,1,200209,1,"$70,555",24.0
AG16,20,E,16,12,D,0110,1,GS-12,F,XXXX,8,10,F,1,200209,1,"$63,320",9.1
AG16,47,D,13,12,E,0110,1,GS-12,F,XXXX,8,10,F,1,200209,1,"$61,511",11.9
AG16,47,I,13,13,I,0110,1,GM-13,H,XXXX,*,10,F,1,200209,1,"$83,902",34.3
AG16,51,G,17,12,G,0110,1,GS-12,G,XXXX,8,10,F,1,200209,1,"$71,224",21.6
AG16,01,J,18,12,J,0110,1,GS-12,G,XXXX,8,10,F,1,200209,1,"$70,555",38.1
AG16,13,F,17,12,E,0110,1,GS-12,F,XXXX,8,10,F,1,200209,1,"$65,129",13.3
AG16,28,D,13,09,D,0110,1,GS-09,D,XXXX,8,10,F,1,200209,1,"$41,169",7.9
AG16,21,G,17,12,F,0110,1,GS-12,F,XXXX,8,10,F,1,200209,1,"$66,937",15.5
AG16,17,E,13,12,F,0110,1,GS-12,F,XXXX,8,10,F,1,200209,1,"$63,518",15.9
AG16,05,E,11,12,F,0110,1,GS-12,E,XXXX,8,10,F,1,200209,1,"$59,702",15.8
AG16,26,F,17,14,G,0110,1,GS-14,I,XXXX,8,10,F,1,200209,1,"$96,637",20.2
AG16,22,H,17,12,I,0110,1,GS-12,F,XXXX,8,10,F,1,200209,1,"$68,746",30.2
AG16,22,E,10,12,E,0110,1,GS-12,F,XXXX,8,10,F,1,200209,1,"$63,320",12.8
AG16,40,J,18,13,J,0110,1,GM-13,H,XXXX,5,10,F,1,200209,1,"$83,902",38.2
AG16,48,G,17,12,H,0110,1,GS-12,G,XXXX,8,10,F,1,200209,1,"$70,555",26.0
AG16,05,H,17,14,H,0110,1,GS-14,G,XXXX,8,10,F,1,200209,1,"$78,813",29.2
AG16,48,G,17,14,G,0110,1,GS-14,H,XXXX,8,10,F,1,200209,1,"$86,439",21.2
AG16,38,F,13,12,F,0110,1,GS-12,F,XXXX,8,10,F,1,200209,1,"$63,320",18.3
AG16,16,H,13,12,G,0110,1,GS-12,F,XXXX,8,10,F,1,200209,1,"$66,937",20.8
AG16,19,F,13,12,E,0110,1,GS-12,F,XXXX,8,10,F,1,200209,1,"$61,511",14.9
AG16,11,H,21,14,F,0110,1,GS-14,I,XXXX,8,10,F,1,200209,1,"$96,525",18.0
AG16,29,C,13,05,C,0110,1,GS-05,B,XXXX,8,15,F,1,200209,1,"$24,701",3.1
AG16,08,J,17,12,J,0110,1,GS-12,G,XXXX,8,10,F,1,200209,1,"$73,608",35.4
AG16,46,E,13,12,E,0110,1,GS-12,E,XXXX,8,10,F,1,200209,1,"$59,702",14.1
AG16,29,I,14,12,I,0110,1,GS-12,G,XXXX,8,10,F,1,200209,1,"$70,555",33.8
AG16,30,H,17,12,I,0110,1,GS-12,G,XXXX,8,10,F,1,200209,1,"$70,555",30.3
AG16,48,F,21,14,E,0110,1,GS-14,H,XXXX,8,10,F,1,200209,1,"$88,982",14.8
AG16,35,D,17,12,C,0110,1,GS-12,E,XXXX,8,15,F,1,200209,1,"$56,084",3.6
AG16,41,F,17,12,E,0110,1,GS-12,F,XXXX,8,10,F,1,200209,1,"$68,786",14.5
AG16,53,I,14,13,I,0110,1,GS-13,G,XXXX,8,10,F,1,200209,1,"$75,297",33.1
AG16,56,I,17,12,F,0110,1,GS-12,E,XXXX,8,10,F,1,200209,1,"$59,702",17.7
AG16,15,G,13,12,G,0110,1,GS-12,E,XXXX,8,10,P,2,200209,1,"$58,284",22.0
AG16,11,H,21,14,E,0110,1,GS-14,I,XXXX,8,10,F,1,200209,1,"$91,308",12.8
AG16,12,D,13,09,C,0110,1,GS-09,C,XXXX,8,15,F,1,200209,1,"$37,428",4.1
AG18,11,H,21,,D,0110,1,ES-04,M,XXXX,2,50,F,1,200209,1,"$138,200",8.1
AG18,11,G,17,14,G,0110,1,GM-14,J,XXXX,5,10,F,1,200209,1,"$100,447",22.1
AG18,11,G,17,13,G,0110,1,GM-13,H,XXXX,5,10,F,1,200209,1,"$82,791",22.6
AG18,11,D,,13,B,0110,1,GS-13,G,XXXX,8,20,F,2,200209,1,"$70,644",2.9
AG18,11,I,21,15,G,0110,1,GS-15,K,XXXX,2,10,F,1,200209,1,"$116,613",24.3
AG18,11,E,17,13,C,0110,1,GS-13,G,XXXX,8,15,F,1,200209,1,"$70,644",3.7
AG18,11,I,21,13,H,0110,1,GM-13,H,XXXX,5,10,F,1,200209,1,"$86,095",26.8
AG18,11,G,21,14,E,0110,1,GS-14,H,XXXX,8,10,F,1,200209,1,"$86,090",13.0
AG18,11,E,,11,C,0110,1,GS-11,D,XXXX,8,42,P,2,200209,1,"$46,469",3.0
AG18,11,G,21,14,E,0110,1,GS-14,H,XXXX,8,10,F,1,200209,1,"$88,699",14.1
AG18,11,G,17,13,G,0110,1,GM-13,H,XXXX,5,10,F,1,200209,1,"$82,791",21.7
AG18,11,G,17,13,F,0110,1,GS-13,G,XXXX,8,10,F,1,200209,1,"$75,058",18.0
AG18,11,C,,12,A,0110,1,GS-12,F,XXXX,8,20,F,2,200209,1,"$63,119",0.3
AG18,11,I,21,15,E,0110,1,GS-15,J,XXXX,8,10,F,1,200209,1,"$107,405",11.6
AG18,11,I,21,14,E,0110,1,GS-14,H,XXXX,8,10,F,1,200209,1,"$86,090",14.3
AG18,11,F,17,14,E,0110,1,GS-14,G,XXXX,8,10,I,2,200209,1,"$78,265",12.3
AG18,11,H,17,14,G,0110,1,GS-14,H,XXXX,8,10,F,1,200209,1,"$88,699",22.5
AG18,11,G,17,13,F,0110,1,GS-13,G,XXXX,8,10,F,1,200209,1,"$70,644",17.8
AG18,11,F,17,14,F,0110,1,GS-14,H,XXXX,8,10,F,1,200209,1,"$88,699",18.6
AG18,11,C,,11,A,0110,1,GS-11,D,XXXX,8,42,F,2,200209,1,"$46,469",0.2
AG18,11,I,21,13,H,0110,1,GS-13,H,XXXX,8,10,F,1,200209,1,"$86,095",27.8
AG18,11,G,17,15,H,0110,1,GM-15,K,XXXX,5,10,F,1,200209,1,"$112,316",27.1
AG18,11,H,17,14,H,0110,1,GS-14,I,XXXX,8,10,F,1,200209,1,"$91,308",26.2
AG18,11,G,17,14,G,0110,1,GS-14,I,XXXX,8,10,F,1,200209,1,"$91,308",22.0
AG18,11,G,17,13,F,0110,1,GS-13,G,XXXX,8,10,F,1,200209,1,"$77,266",17.0
AG18,11,H,18,15,H,0110,1,GM-15,K,XXXX,2,10,F,1,200209,1,"$116,625",25.2
AG18,11,D,,12,B,0110,1,GS-12,F,XXXX,8,20,F,2,200209,1,"$63,119",1.4
AG18,11,H,17,13,F,0110,1,GM-13,H,XXXX,5,10,F,1,200209,1,"$80,583",19.1
AG18,11,F,21,13,C,0110,1,GS-13,F,XXXX,8,15,F,1,200209,1,"$68,436",4.0
AG18,11,G,13,13,G,0110,1,GM-13,G,XXXX,5,10,F,1,200209,1,"$79,473",22.7
AG18,11,H,21,14,H,0110,1,GM-14,I,XXXX,5,10,F,1,200209,1,"$98,197",25.6
AG18,11,K,21,15,I,0110,1,GS-15,K,XXXX,8,10,F,1,200209,1,"$119,682",33.9
AG18,11,H,17,14,G,0110,1,GS-14,I,XXXX,8,10,F,1,200209,1,"$91,308",24.7
AG18,11,H,21,15,F,0110,1,GS-15,J,XXXX,8,10,F,1,200209,1,"$107,405",17.8
AG18,11,E,,12,B,0110,1,GS-12,F,XXXX,8,20,F,2,200209,1,"$64,975",2.2
AG18,11,I,21,15,F,0110,1,GM-15,K,XXXX,5,10,F,1,200209,1,"$115,514",18.9
AG18,11,H,21,,H,0110,1,ES-04,M,XXXX,2,50,F,1,200209,1,"$138,200",25.1
AG18,11,I,21,13,H,0110,1,GM-13,H,XXXX,5,10,F,1,200209,1,"$86,095",29.8
AG18,11,H,21,15,E,0110,1,GS-15,K,XXXX,2,10,F,1,200209,1,"$110,474",13.2
AG18,11,G,21,15,F,0110,1,GS-15,J,XXXX,8,10,F,1,200209,1,"$101,267",18.8
AG18,11,I,18,15,J,0110,1,GS-15,K,XXXX,2,10,F,1,200209,1,"$113,543",37.2
AG18,11,G,13,13,G,0110,1,GS-13,G,XXXX,8,10,F,1,200209,1,"$77,266",24.9
AG18,11,H,21,15,E,0110,1,GS-15,J,XXXX,2,10,F,1,200209,1,"$107,405",10.7
AG18,11,G,21,13,E,0110,1,GS-13,G,XXXX,8,10,F,1,200209,1,"$77,266",10.0
AG18,11,G,17,13,G,0110,1,GM-13,H,XXXX,5,10,F,1,200209,1,"$82,791",22.7
AG18,11,H,17,13,G,0110,1,GM-13,H,XXXX,5,10,F,1,200209,1,"$82,791",22.8
AG18,11,D,,13,B,0110,1,GS-13,G,XXXX,8,20,F,2,200209,1,"$70,644",2.8
AG18,11,F,17,15,F,0110,1,GS-15,J,XXXX,8,10,F,1,200209,1,"$107,405",17.0
AG18,11,D,17,13,C,0110,1,GS-13,F,XXXX,8,10,F,1,200209,1,"$66,229",4.2
AG18,11,I,13,15,I,0110,1,GM-15,K,XXXX,2,10,F,1,200209,1,"$119,682",32.3
AG18,11,J,,11,D,0110,1,GS-11,D,XXXX,8,42,P,2,200209,1,"$46,469",8.3
AG18,11,G,17,15,F,0110,1,GS-15,J,XXXX,2,10,F,1,200209,1,"$107,405",18.7
AG18,11,D,21,14,C,0110,1,GS-14,H,XXXX,8,15,F,1,200209,1,"$80,873",4.2
AG18,11,H,21,14,H,0110,1,GS-14,J,XXXX,8,10,F,1,200209,1,"$101,742",28.0
AG18,11,D,17,14,E,0110,1,GS-14,H,XXXX,2,10,F,1,200209,1,"$80,873",10.3
AG18,11,H,13,13,H,0110,1,GS-13,H,XXXX,8,10,F,1,200209,1,"$86,095",27.6
AG18,11,H,17,11,G,0110,1,GS-11,F,XXXX,8,10,F,1,200209,1,"$60,405",24.8
AG18,IN,H,17,15,H,0110,1,GS-15,I,XXXX,8,10,F,1,200209,1,"$99,098",25.5
AG18,11,F,21,13,D,0110,1,GS-13,G,XXXX,8,10,F,1,200209,1,"$79,473",8.4
AG18,11,H,21,13,E,0110,1,GM-13,H,XXXX,5,10,F,1,200209,1,"$80,583",14.3
AG18,11,G,21,14,F,0110,1,GS-14,H,XXXX,8,10,F,1,200209,1,"$88,699",19.6
AG18,11,D,13,13,E,0110,1,GS-13,G,XXXX,8,10,F,1,200209,1,"$70,644",10.0
AG18,11,F,13,13,F,0110,1,GM-13,G,XXXX,5,10,P,2,200209,1,"$79,473",19.2
AG18,11,G,17,13,G,0110,1,GM-13,H,XXXX,5,10,F,1,200209,1,"$86,095",20.0
AG18,11,I,21,14,I,0110,1,GS-14,I,XXXX,8,10,F,1,200209,1,"$93,916",30.8
AG18,11,H,21,14,C,0110,1,GS-14,I,XXXX,8,15,F,1,200209,1,"$91,308",3.9
AG18,11,G,21,13,F,0110,1,GM-13,G,XXXX,5,10,P,2,200209,1,"$79,473",16.3
AG18,11,J,18,14,J,0110,1,GS-14,I,XXXX,8,10,F,1,200209,1,"$93,916",40.1
AG18,11,H,17,15,H,0110,1,GM-15,K,XXXX,5,10,F,1,200209,1,"$116,051",27.6
AG18,11,G,17,13,H,0110,1,GM-13,H,XXXX,5,10,P,2,200209,1,"$85,004",25.6
AG18,11,H,17,13,H,0110,1,GM-13,H,XXXX,5,10,F,1,200209,1,"$83,898",28.1
AG18,11,H,21,,G,0110,1,ES-04,M,XXXX,2,50,F,1,200209,1,"$138,200",20.5
AG18,11,F,13,13,G,0110,1,GS-13,G,XXXX,8,10,P,2,200209,1,"$79,473",21.8
AG18,11,E,,12,B,0110,1,GS-12,F,XXXX,8,20,P,2,200209,1,"$66,831",2.2
AG18,11,F,14,13,F,0110,1,GS-13,G,XXXX,8,10,F,1,200209,1,"$77,266",17.5
AG18,11,F,17,13,E,0110,1,GM-13,G,XXXX,5,10,F,1,200209,1,"$79,473",11.8
AG18,11,G,13,12,G,0110,1,GS-12,G,XXXX,8,10,F,1,200209,1,"$72,400",24.3
AG18,11,D,,13,B,0110,1,GS-13,G,XXXX,8,20,F,2,200209,1,"$70,644",2.2
AG18,11,H,21,14,E,0110,1,GS-14,I,XXXX,8,10,P,2,200209,1,"$91,308",13.2
AG18,11,G,21,13,F,0110,1,GM-13,H,XXXX,5,10,F,1,200209,1,"$81,690",16.3
AG18,11,G,21,,E,0110,1,ES-06,M,XXXX,2,50,F,1,200209,1,"$138,200",12.7
AG18,11,G,18,13,H,0110,1,GM-13,H,XXXX,5,10,F,1,200209,1,"$80,583",25.3
AG18,11,J,21,14,E,0110,1,GS-14,H,XXXX,8,10,F,1,200209,1,"$88,699",11.3
AG18,11,F,21,14,C,0110,1,GS-14,H,XXXX,2,10,F,1,200209,1,"$86,090",3.3
AG18,11,G,21,13,F,0110,1,GM-13,H,XXXX,5,10,F,1,200209,1,"$80,583",19.0
AG18,11,G,21,14,G,0110,1,GM-14,J,XXXX,5,10,F,1,200209,1,"$100,656",23.1
AG18,11,G,17,14,G,0110,1,GS-14,I,XXXX,8,10,F,1,200209,1,"$96,525",22.4
AG18,11,G,17,14,G,0110,1,GS-14,H,XXXX,8,10,F,1,200209,1,"$86,090",22.6
AG18,11,D,13,13,E,0110,1,GS-13,G,XXXX,8,10,F,1,200209,1,"$70,644",11.5
AG18,11,F,21,14,E,0110,1,GS-14,H,XXXX,8,10,F,1,200209,1,"$86,090",12.6
AG18,11,B,,07,A,0110,1,GS-07,C,XXXX,8,42,F,2,200209,1,"$31,397",0.3
AG18,11,H,21,15,I,0110,1,GS-15,J,XXXX,2,10,F,1,200209,1,"$107,405",31.3
AG18,11,G,17,13,H,0110,1,GM-13,H,XXXX,5,10,F,1,200209,1,"$85,004",25.4
AG18,11,G,17,14,F,0110,1,GM-14,I,XXXX,5,10,F,1,200209,1,"$95,218",19.5
AG18,11,F,21,13,D,0110,1,GS-13,G,XXXX,8,10,P,2,200209,1,"$77,266",9.9
AG18,11,F,21,14,E,0110,1,GS-14,H,XXXX,8,10,F,1,200209,1,"$88,699",13.9
AG18,11,J,13,13,J,0110,1,GM-13,H,XXXX,5,10,F,1,200209,1,"$83,898",35.2
AG18,11,G,17,15,G,0110,1,GM-15,K,XXXX,5,10,F,1,200209,1,"$112,143",22.2
AG18,11,I,13,12,J,0110,1,GS-12,F,XXXX,8,10,F,1,200209,1,"$61,263",37.3
AG18,11,H,21,14,E,0110,1,GS-14,I,XXXX,8,10,F,1,200209,1,"$93,916",11.3
AG18,11,H,21,15,G,0110,1,GS-15,K,XXXX,8,10,F,1,200209,1,"$110,474",23.2
AG18,11,J,21,13,E,0110,1,GM-13,H,XXXX,5,10,F,1,200209,1,"$84,998",11.3
AG18,11,E,21,13,D,0110,1,GS-13,G,XXXX,8,10,F,1,200209,1,"$70,644",5.3
AG18,11,J,21,15,I,0110,1,GS-15,K,XXXX,8,10,F,1,200209,1,"$110,474",32.7
AG18,11,G,21,14,F,0110,1,GS-14,H,XXXX,8,10,F,1,200209,1,"$88,699",15.3
AG18,11,F,21,14,E,0110,1,GS-14,H,XXXX,8,10,F,1,200209,1,"$88,699",11.8
AG18,11,D,,12,B,0110,1,GS-12,F,XXXX,8,20,F,2,200209,1,"$63,119",1.3
AG18,11,E,,12,A,0110,1,GS-12,F,XXXX,8,20,F,2,200209,1,"$63,119",0.1
AG18,11,F,22,14,D,0110,1,GS-14,I,XXXX,8,10,F,1,200209,1,"$91,308",5.7
AG18,11,I,17,14,H,0110,1,GM-14,I,XXXX,5,10,F,1,200209,1,"$97,838",28.9
AG18,11,G,18,14,G,0110,1,GS-14,H,XXXX,8,10,F,1,200209,1,"$88,699",20.0
AG18,11,G,17,15,G,0110,1,GS-15,K,XXXX,8,10,F,1,200209,1,"$113,543",24.3
AG18,11,G,21,13,E,0110,1,GM-13,G,XXXX,5,10,F,1,200209,1,"$79,473",13.3
AG18,11,H,18,14,H,0110,1,GS-14,I,XXXX,8,10,F,1,200209,1,"$93,916",25.8
AG18,11,J,21,15,G,0110,1,GS-15,K,XXXX,8,10,F,1,200209,1,"$110,474",23.1
AG18,11,G,17,14,G,0110,1,GS-14,H,XXXX,8,10,F,1,200209,1,"$88,699",20.6
AG18,11,J,21,13,I,0110,1,GM-13,H,XXXX,5,10,F,1,200209,1,"$86,095",33.6
AG18,11,F,21,14,F,0110,1,GS-14,H,XXXX,8,10,F,1,200209,1,"$88,699",15.9
AG18,11,J,21,15,I,0110,1,GM-15,K,XXXX,5,10,F,1,200209,1,"$119,682",32.8
AG18,11,G,21,14,E,0110,1,GS-14,H,XXXX,8,10,F,1,200209,1,"$86,090",13.0
AG18,11,F,21,15,D,0110,1,GS-15,J,XXXX,8,10,F,1,200209,1,"$104,336",8.4
AG18,11,H,21,13,G,0110,1,GM-13,H,XXXX,5,10,F,1,200209,1,"$85,735",23.1
AG18,11,E,21,13,C,0110,1,GS-13,G,XXXX,8,15,F,1,200209,1,"$72,851",3.3
AG18,11,H,14,13,F,0110,1,GS-13,G,XXXX,8,10,F,1,200209,1,"$70,644",17.0
AG18,11,I,21,15,G,0110,1,GS-15,J,XXXX,2,10,F,1,200209,1,"$107,405",23.1
AG18,11,J,21,13,E,0110,1,GM-13,H,XXXX,5,10,F,1,200209,1,"$83,898",12.0
AG18,11,F,21,15,D,0110,1,GS-15,J,XXXX,2,10,F,1,200209,1,"$101,267",9.0
AG18,11,H,21,14,F,0110,1,GM-14,I,XXXX,5,10,F,1,200209,1,"$93,916",15.3
AG18,11,D,21,13,C,0110,1,GS-13,G,XXXX,8,15,F,1,200209,1,"$70,644",3.3
AG18,11,H,21,13,E,0110,1,GS-13,G,XXXX,8,10,F,1,200209,1,"$79,473",14.7
AG18,11,I,21,13,G,0110,1,GM-13,H,XXXX,5,10,F,1,200209,1,"$85,792",22.2
AG18,11,J,21,14,I,0110,1,GS-14,I,XXXX,8,10,F,1,200209,1,"$93,916",32.3
AG18,11,F,21,14,E,0110,1,GS-14,H,XXXX,8,10,F,1,200209,1,"$88,699",13.2
AG18,11,G,21,15,B,0110,1,GS-15,J,XXXX,2,15,F,1,200209,1,"$101,267",2.5
AG18,11,H,17,14,E,0110,1,GS-14,H,XXXX,8,10,F,1,200209,1,"$86,090",13.3
AG18,11,H,21,13,G,0110,1,GM-13,H,XXXX,5,10,F,1,200209,1,"$84,266",22.9
AG18,11,K,21,13,F,0110,1,GS-13,H,XXXX,8,10,F,1,200209,1,"$81,680",17.7
AG18,11,I,21,13,G,0110,1,GM-13,H,XXXX,5,10,F,1,200209,1,"$83,903",24.2
AG18,11,H,21,15,F,0110,1,GS-15,J,XXXX,2,10,F,1,200209,1,"$107,405",18.3
AG18,11,J,21,14,I,0110,1,GS-14,J,XXXX,8,10,F,1,200209,1,"$101,742",31.6
AG18,11,I,18,14,H,0110,1,GM-14,I,XXXX,5,10,F,1,200209,1,"$99,303",25.3
AG18,11,G,17,15,G,0110,1,GS-15,J,XXXX,8,10,P,2,200209,1,"$101,267",22.3
AG18,11,E,21,14,D,0110,1,GS-14,H,XXXX,8,10,F,1,200209,1,"$83,482",6.0
AG18,11,J,21,14,H,0110,1,GM-14,I,XXXX,5,10,F,1,200209,1,"$95,465",27.5
AG18,11,I,17,12,H,0110,1,GS-12,G,XXXX,8,10,F,1,200209,1,"$72,400",25.2
AG18,11,H,21,14,H,0110,1,GM-14,I,XXXX,5,10,F,1,200209,1,"$99,293",29.8
AG18,11,D,21,13,C,0110,1,GS-13,G,XXXX,8,15,F,1,200209,1,"$70,644",3.6
AG18,11,F,21,15,F,0110,1,GS-15,J,XXXX,2,10,F,1,200209,1,"$107,405",15.3
AG18,11,F,17,14,F,0110,1,GS-14,H,XXXX,8,10,F,1,200209,1,"$88,699",15.8
AG18,11,H,21,15,G,0110,1,GS-15,K,XXXX,8,10,F,1,200209,1,"$119,682",21.7
AG18,11,J,18,13,J,0110,1,GS-13,G,XXXX,8,10,F,1,200209,1,"$79,473",38.8
AG18,11,G,21,13,F,0110,1,GM-13,H,XXXX,5,10,F,1,200209,1,"$83,898",16.5
AG18,11,J,21,13,F,0110,1,GS-13,H,XXXX,8,10,F,1,200209,1,"$86,095",15.2
AG18,11,H,21,14,G,0110,1,GM-14,I,XXXX,5,10,F,1,200209,1,"$98,935",23.0
AG18,11,F,17,14,F,0110,1,GS-14,I,XXXX,8,10,F,1,200209,1,"$96,525",17.3
AG18,11,D,21,14,D,0110,1,GS-14,H,XXXX,8,10,F,1,200209,1,"$83,482",5.1
AG18,11,F,21,14,D,0110,1,GS-14,H,XXXX,8,10,F,1,200209,1,"$83,482",6.0
AG18,11,G,21,15,B,0110,1,GS-15,J,XXXX,2,15,F,1,200209,1,"$104,336",1.7
AG18,11,G,18,14,H,0110,1,GM-14,I,XXXX,2,10,F,1,200209,1,"$94,954",27.1
AG18,11,G,21,15,E,0110,1,GS-15,J,XXXX,8,10,F,1,200209,1,"$101,267",14.3
AG18,11,H,17,14,F,0110,1,GS-14,I,XXXX,8,10,F,1,200209,1,"$91,308",18.5
AG18,11,H,21,14,H,0110,1,GM-14,I,XXXX,5,10,F,1,200209,1,"$98,455",28.4
AG18,11,H,21,15,H,0110,1,GM-15,K,XXXX,2,10,F,1,200209,1,"$119,682",26.0
AG18,11,I,21,13,G,0110,1,GS-13,G,XXXX,8,10,F,1,200209,1,"$79,473",22.0
AG18,11,J,21,13,G,0110,1,GS-13,H,XXXX,8,10,F,1,200209,1,"$86,095",23.8
AG18,11,H,18,15,H,0110,1,GS-15,J,XXXX,8,10,F,1,200209,1,"$107,405",28.6
AG18,11,F,,13,B,0110,1,GS-13,F,XXXX,8,20,F,2,200209,1,"$68,436",1.4
AG18,11,J,18,14,J,0110,1,GS-14,J,XXXX,8,10,F,1,200209,1,"$101,742",35.0
AG18,11,I,18,15,I,0110,1,GS-15,K,XXXX,8,10,F,1,200209,1,"$110,474",34.7
AG18,11,F,21,15,D,0110,1,GS-15,I,XXXX,8,10,F,1,200209,1,"$92,060",9.9
AG18,11,F,17,13,E,0110,1,GM-13,G,XXXX,5,10,F,1,200209,1,"$79,473",13.3
AG18,11,I,21,13,E,0110,1,GM-13,H,XXXX,5,10,F,1,200209,1,"$81,680",13.7
AG18,11,I,20,13,F,0110,1,GM-13,H,XXXX,5,10,F,1,200209,1,"$80,583",15.1
AG18,11,E,17,14,E,0110,1,GS-14,H,XXXX,8,10,F,1,200209,1,"$86,090",13.6
AG18,11,I,18,14,I,0110,1,GS-14,I,XXXX,8,10,F,1,200209,1,"$99,134",31.1
AG18,11,D,,11,C,0110,1,GS-11,D,XXXX,8,42,F,2,200209,1,"$46,469",4.6
AG18,11,H,18,13,G,0110,1,GM-13,H,XXXX,5,10,F,1,200209,1,"$86,095",24.3
AG18,11,F,17,13,D,0110,1,GS-13,G,XXXX,8,10,P,2,200209,1,"$77,266",7.3
AG18,11,E,,12,D,0110,1,GS-12,F,XXXX,8,20,F,2,200209,1,"$63,119",5.4
AG18,11,D,21,13,C,0110,1,GS-13,G,XXXX,8,15,F,1,200209,1,"$70,644",3.0
AG18,11,I,18,13,H,0110,1,GS-13,H,XXXX,8,10,F,1,200209,1,"$81,680",27.8
AG18,11,E,17,13,E,0110,1,GS-13,G,XXXX,8,10,P,2,200209,1,"$72,851",12.6
AG18,11,F,,13,B,0110,1,GS-13,G,XXXX,8,20,F,2,200209,1,"$70,644",2.8
AG18,11,I,21,15,G,0110,1,GM-15,K,XXXX,5,10,F,1,200209,1,"$119,682",22.1
AG18,11,G,21,13,E,0110,1,GS-13,G,XXXX,8,10,F,1,200209,1,"$77,266",11.9
AG18,11,H,17,14,G,0110,1,GM-14,I,XXXX,5,10,F,1,200209,1,"$95,217",22.3
AG18,11,E,,13,B,0110,1,GS-13,G,XXXX,8,20,F,2,200209,1,"$72,851",2.0
AG18,11,H,21,14,G,0110,1,GS-14,I,XXXX,8,10,F,1,200209,1,"$91,308",20.3
AG18,11,J,21,14,I,0110,1,GS-14,I,XXXX,8,10,F,1,200209,1,"$93,916",30.9
AG18,11,I,18,13,H,0110,1,GS-13,G,XXXX,8,10,F,1,200209,1,"$79,473",26.2
AG18,11,G,21,14,E,0110,1,GS-14,I,XXXX,8,10,F,1,200209,1,"$91,308",12.1
AG18,11,H,21,13,E,0110,1,GM-13,G,XXXX,5,10,F,1,200209,1,"$79,473",12.9
AG18,11,H,21,15,E,0110,1,GS-15,J,XXXX,8,10,F,1,200209,1,"$104,336",12.6
AG18,11,K,18,13,J,0110,1,GM-13,H,XXXX,5,10,F,1,200209,1,"$86,095",40.9
AG18,11,J,21,14,J,0110,1,GM-14,J,XXXX,5,10,F,1,200209,1,"$101,742",39.8
AG18,11,J,21,14,I,0110,1,GS-14,J,XXXX,8,10,F,1,200209,1,"$101,742",32.3
AG18,11,J,21,14,I,0110,1,GS-14,I,XXXX,8,10,F,1,200209,1,"$91,308",33.0
AG18,11,I,21,14,I,0110,1,GM-14,I,XXXX,5,10,F,1,200209,1,"$98,081",33.2
AG18,11,H,21,14,F,0110,1,GS-14,I,XXXX,8,10,F,1,200209,1,"$99,134",16.8
AG18,11,F,21,14,E,0110,1,GS-14,H,XXXX,8,10,F,1,200209,1,"$83,482",10.0
AG18,11,E,21,14,E,0110,1,GS-14,H,XXXX,8,10,F,1,200209,1,"$86,090",10.4
AG18,11,I,22,14,H,0110,1,GM-14,I,XXXX,5,10,F,1,200209,1,"$96,736",27.8
AG18,11,H,17,14,H,0110,1,GS-14,I,XXXX,8,10,F,1,200209,1,"$96,525",28.3
AG18,11,G,18,14,F,0110,1,GS-14,I,XXXX,8,10,F,1,200209,1,"$91,308",18.6
AG18,11,F,,13,B,0110,1,GS-13,G,XXXX,8,20,F,2,200209,1,"$79,473",2.2
AG18,11,H,21,13,F,0110,1,GM-13,H,XXXX,5,10,F,1,200209,1,"$80,583",17.3
AG18,11,F,17,14,F,0110,1,GS-14,H,XXXX,8,10,F,1,200209,1,"$88,699",17.5
AG18,11,G,17,13,F,0110,1,GM-13,H,XXXX,5,10,F,1,200209,1,"$82,791",19.5
AG18,11,E,21,13,C,0110,1,GS-13,G,XXXX,8,10,F,1,200209,1,"$72,851",4.1
AG18,11,G,21,14,F,0110,1,GM-14,I,XXXX,5,10,F,1,200209,1,"$93,916",17.8
AG18,11,J,21,,J,0110,1,SL-00,M,XXXX,8,10,F,1,200209,1,"$138,200",36.1
AG18,11,E,21,13,C,0110,1,GS-13,F,XXXX,8,15,F,1,200209,1,"$68,436",4.0
AG18,11,I,18,14,I,0110,1,GM-14,J,XXXX,5,10,F,1,200209,1,"$101,480",33.9
AG18,11,J,21,14,J,0110,1,GM-14,J,XXXX,5,10,F,1,200209,1,"$101,742",36.3
AG18,11,I,21,14,I,0110,1,GM-14,J,XXXX,5,10,F,1,200209,1,"$101,161",34.5
AG18,11,F,,13,B,0110,1,GS-13,G,XXXX,8,20,F,2,200209,1,"$70,644",2.8
AG18,11,F,17,14,E,0110,1,GS-14,G,XXXX,8,15,F,1,200209,1,"$78,265",10.7
AG18,11,E,17,14,E,0110,1,GS-14,H,XXXX,8,10,F,1,200209,1,"$86,090",12.1
AG18,11,K,18,13,H,0110,1,GM-13,H,XXXX,5,10,F,1,200209,1,"$80,583",26.1
AG18,11,G,17,14,G,0110,1,GS-14,H,XXXX,8,10,F,1,200209,1,"$86,090",20.3
AG18,11,J,21,15,I,0110,1,GS-15,K,XXXX,8,10,F,1,200209,1,"$119,682",32.9
AG18,11,H,21,14,G,0110,1,GS-14,I,XXXX,8,10,F,1,200209,1,"$93,916",21.8
AG18,11,K,18,13,J,0110,1,GS-13,G,XXXX,8,10,F,1,200209,1,"$79,473",39.8
AG18,11,G,13,13,G,0110,1,GS-13,G,XXXX,8,10,F,1,200209,1,"$77,266",22.7
AG18,11,C,,11,A,0110,1,GS-11,D,XXXX,8,42,F,2,200209,1,"$46,469",0.3
AG18,11,K,21,14,J,0110,1,GM-14,J,XXXX,5,10,F,1,200209,1,"$101,742",37.6
AG18,11,I,21,14,F,0110,1,GM-14,I,XXXX,5,10,F,1,200209,1,"$93,916",18.3
AG18,11,G,22,15,F,0110,1,GS-15,J,XXXX,2,10,F,1,200209,1,"$104,336",17.1
AG18,11,D,,12,B,0110,1,GS-12,F,XXXX,8,20,F,2,200209,1,"$63,119",1.9
AG18,11,F,,13,C,0110,1,GS-13,F,XXXX,8,20,F,2,200209,1,"$68,436",3.6
AG18,11,G,21,15,E,0110,1,GS-15,J,XXXX,2,10,F,1,200209,1,"$101,267",13.7
AG18,11,G,17,14,G,0110,1,GS-14,H,XXXX,8,10,F,1,200209,1,"$88,699",22.0
AG18,11,G,21,15,F,0110,1,GS-15,J,XXXX,8,10,F,1,200209,1,"$107,405",18.2
AG18,11,F,21,14,D,0110,1,GS-14,H,XXXX,8,15,F,1,200209,1,"$88,699",6.6
AG18,11,H,17,12,G,0110,1,GS-12,G,XXXX,8,10,F,1,200209,1,"$72,400",24.9
AG18,11,I,21,14,H,0110,1,GM-14,I,XXXX,5,10,F,1,200209,1,"$95,226",25.8
AG18,11,F,21,15,D,0110,1,GS-15,J,XXXX,2,10,F,1,200209,1,"$101,267",5.6
AG18,11,G,21,14,E,0110,1,GS-14,I,XXXX,8,10,F,1,200209,1,"$96,525",11.5
AG18,11,H,21,14,F,0110,1,GS-14,H,XXXX,8,10,F,1,200209,1,"$88,699",15.7
AG18,11,D,,12,B,0110,1,GS-12,F,XXXX,8,20,F,2,200209,1,"$64,975",2.1
AG18,11,H,17,13,G,0110,1,GM-13,H,XXXX,5,10,F,1,200209,1,"$80,583",22.3
AG18,11,E,17,13,E,0110,1,GS-13,G,XXXX,8,10,P,2,200209,1,"$77,266",13.0
AG18,11,J,22,14,H,0110,1,GS-14,I,XXXX,8,10,F,1,200209,1,"$93,916",27.3
AG18,11,H,21,14,F,0110,1,GS-14,I,XXXX,8,10,F,1,200209,1,"$91,308",19.3
AG18,11,E,,12,B,0110,1,GS-12,F,XXXX,8,20,F,2,200209,1,"$66,831",2.1
AG18,11,H,18,15,I,0110,1,GS-15,J,XXXX,8,10,F,1,200209,1,"$104,336",30.2
AG18,11,G,21,15,E,0110,1,GS-15,J,XXXX,8,10,F,1,200209,1,"$107,405",12.5
AG18,11,E,17,13,E,0110,1,GS-13,G,XXXX,8,10,F,1,200209,1,"$75,058",10.9
AG18,11,H,17,13,H,0110,1,GM-13,H,XXXX,5,10,F,1,200209,1,"$81,690",25.9
AG18,11,E,,13,B,0110,1,GS-13,G,XXXX,8,20,F,2,200209,1,"$70,644",2.8
AG18,11,G,21,15,G,0110,1,GS-15,J,XXXX,8,10,F,1,200209,1,"$104,336",20.9
AG18,11,H,21,12,G,0110,1,GS-12,G,XXXX,8,10,F,1,200209,1,"$70,543",20.4
AG18,11,G,21,13,E,0110,1,GS-13,G,XXXX,8,10,F,1,200209,1,"$77,266",10.7
AG18,11,J,22,15,G,0110,1,GS-15,J,XXXX,8,10,F,1,200209,1,"$107,405",23.2
AG18,11,E,21,13,C,0110,1,GS-13,F,XXXX,8,15,F,1,200209,1,"$66,229",4.1
AG18,11,J,18,13,J,0110,1,GS-13,H,XXXX,8,10,F,1,200209,1,"$86,095",36.0
AG18,11,G,21,15,F,0110,1,GM-15,K,XXXX,2,10,F,1,200209,1,"$119,682",18.4
AG18,11,F,21,14,E,0110,1,GS-14,H,XXXX,8,10,F,1,200209,1,"$86,090",11.2
AG18,11,F,21,13,E,0110,1,GS-13,G,XXXX,8,10,F,1,200209,1,"$72,851",10.0
AG18,11,J,21,15,H,0110,1,GS-15,K,XXXX,8,10,F,1,200209,1,"$110,474",25.8
AG18,11,I,19,13,G,0110,1,GS-13,H,XXXX,8,10,F,1,200209,1,"$83,888",22.6
AG18,11,I,21,15,I,0110,1,GM-15,K,XXXX,2,10,F,1,200209,1,"$119,662",33.9
AG18,11,I,21,14,E,0110,1,GM-14,I,XXXX,5,10,F,1,200209,1,"$96,389",14.8
AG18,11,E,18,13,E,0110,1,GM-13,G,XXXX,5,10,F,1,200209,1,"$79,473",13.3
AG18,11,J,21,13,G,0110,1,GM-13,H,XXXX,5,10,F,1,200209,1,"$86,095",23.6
AG18,11,F,17,13,E,0110,1,GS-13,G,XXXX,8,10,F,1,200209,1,"$70,644",12.8
AG18,11,G,12,11,H,0110,1,GS-11,E,XXXX,8,10,F,1,200209,1,"$54,212",27.0
AG18,11,I,12,12,G,0110,1,GS-12,G,XXXX,8,10,F,1,200209,1,"$70,543",23.9
AG18,11,G,21,14,F,0110,1,GS-14,I,XXXX,8,10,F,1,200209,1,"$91,308",15.8
AG18,11,G,21,15,E,0110,1,GS-15,I,XXXX,2,10,F,1,200209,1,"$98,198",11.8
AG18,11,C,,11,C,0110,1,GS-11,D,XXXX,8,42,P,2,200209,1,"$46,469",4.4
AG18,11,G,17,11,G,0110,1,GS-11,F,XXXX,8,10,F,1,200209,1,"$60,405",23.2
AG18,11,E,,12,B,0110,1,GS-12,F,XXXX,8,20,F,2,200209,1,"$64,975",2.7
AG18,11,D,,12,A,0110,1,GS-12,F,XXXX,8,20,F,2,200209,1,"$68,687",0.0
AG18,11,C,,12,B,0110,1,GS-12,F,XXXX,8,20,F,2,200209,1,"$63,119",1.3
AG22,37,F,,15,A,0110,1,GS-15,H,XXXX,8,40,I,2,200209,1,"$89,715",0.8
AG22,47,F,,15,A,0110,1,GS-15,H,XXXX,8,40,I,2,200209,1,"$89,715",0.7
AG22,54,H,,15,B,0110,1,GS-15,H,XXXX,8,40,I,2,200209,1,"$89,715",1.0
AG22,21,G,,15,A,0110,1,GS-15,H,XXXX,8,40,I,2,200209,1,"$89,715",0.9
AG30,51,F,21,13,E,0110,1,GS-13,H,XXXX,8,10,F,1,200209,1,"$86,095",14.9
AG30,51,G,17,12,C,0110,1,GS-12,E,XXXX,8,10,F,1,200209,1,"$59,407",4.2
AG30,51,E,21,13,C,0110,1,GS-13,F,XXXX,8,15,F,1,200209,1,"$68,436",3.2
AG30,51,H,21,14,F,0110,1,GS-14,I,XXXX,2,10,F,1,200209,1,"$96,525",17.4
AG32,11,H,17,14,G,0110,1,GM-14,I,XXXX,5,10,F,1,200209,1,"$99,372",24.8
AG32,11,G,17,14,E,0110,1,GS-14,H,XXXX,8,10,F,1,200209,1,"$86,090",14.3
AG32,11,I,21,14,H,0110,1,GM-14,I,XXXX,5,10,F,1,200209,1,"$99,524",28.6
AG32,11,H,17,13,H,0110,1,GM-13,H,XXXX,5,10,F,1,200209,1,"$83,903",25.0
AG32,11,F,17,13,F,0110,1,GM-13,H,XXXX,5,10,P,2,200209,1,"$80,583",17.5
AG32,11,E,17,13,E,0110,1,GS-13,G,XXXX,8,10,F,1,200209,1,"$75,058",12.3
AG32,11,I,17,13,G,0110,1,GM-13,H,XXXX,5,10,F,1,200209,1,"$85,148",24.3
AG32,11,I,21,15,H,0110,1,GM-15,K,XXXX,2,10,F,1,200209,1,"$116,699",26.9
AG32,11,G,17,13,F,0110,1,GM-13,G,XXXX,5,10,F,1,200209,1,"$79,473",19.7
AG32,11,F,17,14,F,0110,1,GM-14,I,XXXX,5,10,F,1,200209,1,"$93,916",16.7
AG32,11,E,17,13,E,0110,1,GS-13,G,XXXX,8,10,F,1,200209,1,"$77,266",14.8
AG32,11,J,21,,H,0110,1,ES-06,M,XXXX,2,50,F,1,200209,1,"$138,200",26.9
AG32,11,J,14,13,J,0110,1,GS-13,H,XXXX,8,10,F,1,200209,1,"$86,095",37.0
AG32,11,G,04,14,G,0110,1,GM-14,I,XXXX,5,10,F,1,200209,1,"$97,838",21.7
AG32,11,H,17,14,H,0110,1,GM-14,I,XXXX,5,10,F,1,200209,1,"$95,227",25.3
AG32,11,G,17,14,G,0110,1,GM-14,I,XXXX,5,10,F,1,200209,1,"$96,525",22.8
AG32,11,J,21,13,H,0110,1,GM-13,H,XXXX,5,10,F,1,200209,1,"$86,095",27.6
AG32,11,H,17,15,G,0110,1,GM-15,K,XXXX,2,10,F,1,200209,1,"$117,505",24.0
AG32,11,C,13,12,C,0110,1,GS-12,E,XXXX,8,10,F,1,200209,1,"$59,407",3.3
AG32,11,J,21,15,J,0110,1,GM-15,K,XXXX,2,10,F,1,200209,1,"$119,682",35.9
AG32,11,H,01,12,I,0110,1,GS-12,F,XXXX,8,10,F,1,200209,1,"$61,263",31.9
AG32,11,G,21,13,F,0110,1,GM-13,G,XXXX,5,10,F,1,200209,1,"$79,473",18.3
AG34,24,I,17,13,H,0110,1,GS-13,H,XXXX,8,10,F,1,200209,1,"$86,095",28.0
AG34,08,F,17,14,F,0110,1,GS-14,I,XXXX,8,10,F,1,200209,1,"$91,524",18.4
AG34,08,F,21,14,E,0110,1,GS-14,I,XXXX,8,10,F,1,200209,1,"$91,524",11.4
AG34,24,E,17,13,D,0110,1,GM-13,F,XXXX,5,10,F,1,200209,1,"$68,436",7.5
AG34,24,B,11,07,A,0110,1,GS-07,C,XXXX,8,15,F,1,200209,1,"$31,397",0.0
AG34,24,E,17,12,A,0110,1,GS-12,E,XXXX,8,15,F,1,200209,1,"$55,694",0.7
AG34,08,G,17,13,E,0110,1,GM-13,G,XXXX,5,10,F,1,200209,1,"$79,609",12.1
AG34,37,H,17,14,G,0110,1,GS-14,G,XXXX,8,10,F,1,200209,1,"$78,813",23.0
AG34,24,I,17,13,E,0110,1,GS-13,G,XXXX,8,10,F,1,200209,1,"$77,266",11.5
AG34,08,J,21,13,G,0110,1,GS-13,G,XXXX,8,10,F,1,200209,1,"$79,599",21.5
AG34,24,G,17,12,C,0110,1,GS-12,F,XXXX,8,10,F,1,200209,1,"$61,263",4.5
AG34,24,E,17,13,E,0110,1,GM-13,G,XXXX,5,10,F,1,200209,1,"$72,851",10.7
AG34,24,C,17,13,B,0110,1,GM-13,F,XXXX,5,15,F,1,200209,1,"$66,229",1.7
AG34,24,H,17,14,G,0110,1,GM-14,I,XXXX,5,10,F,1,200209,1,"$97,836",21.9
AG34,24,H,21,14,E,0110,1,GS-14,I,XXXX,8,10,F,1,200209,1,"$93,916",10.8
AG34,08,F,21,13,E,0110,1,GM-13,G,XXXX,5,10,P,2,200209,1,"$77,448",12.8
AG34,24,G,18,14,E,0110,1,GM-14,I,XXXX,2,10,F,1,200209,1,"$93,916",14.5
AG36,11,G,21,12,B,0110,1,GS-12,F,XXXX,8,15,F,1,200209,1,"$68,687",2.3
AG36,11,I,21,15,H,0110,1,GM-15,K,XXXX,2,10,F,1,200209,1,"$119,682",28.4
AG36,11,G,21,14,E,0110,1,GS-14,H,XXXX,8,10,F,1,200209,1,"$88,699",10.7
AG36,11,H,17,13,B,0110,1,GS-13,H,XXXX,8,15,F,1,200209,1,"$86,095",2.8
AG36,11,G,21,14,D,0110,1,GS-14,H,XXXX,8,10,F,1,200209,1,"$83,482",6.7
AG36,11,H,17,14,B,0110,1,GS-14,I,XXXX,8,15,F,1,200209,1,"$93,916",1.5
AG36,13,I,21,14,C,0110,1,GS-14,H,XXXX,2,10,F,1,200209,1,"$82,179",3.1
AG36,13,C,17,11,B,0110,1,GS-11,D,XXXX,8,15,F,1,200209,1,"$47,268",2.6
AG36,13,E,17,13,C,0110,1,GS-13,F,XXXX,8,10,F,1,200209,1,"$65,195",3.1
AG36,11,I,21,14,H,0110,1,GS-14,I,XXXX,8,10,F,1,200209,1,"$93,916",25.0
AG36,19,C,17,11,B,0110,1,GS-11,D,XXXX,8,15,F,1,200209,1,"$46,795",2.3
AG36,08,J,13,14,I,0110,1,GS-14,I,XXXX,2,10,F,1,200209,1,"$92,831",32.5
AG36,13,F,17,11,B,0110,1,GS-11,E,XXXX,8,15,F,1,200209,1,"$59,463",2.0
AG36,19,G,21,12,B,0110,1,GS-12,F,XXXX,8,15,F,1,200209,1,"$61,511",2.7
AG36,19,E,18,12,C,0110,1,GS-12,E,XXXX,8,10,F,1,200209,1,"$54,275",4.1
AG36,19,F,21,14,E,0110,1,GS-14,H,XXXX,2,10,F,1,200209,1,"$86,439",12.3
AG36,08,H,17,11,C,0110,1,GS-11,E,XXXX,8,15,F,1,200209,1,"$51,968",3.1
AG36,08,C,17,11,C,0110,1,GS-11,D,XXXX,8,15,F,1,200209,1,"$48,819",3.8
AG36,08,E,13,13,C,0110,1,GS-13,F,XXXX,8,10,F,1,200209,1,"$67,334",3.5
AG36,08,C,17,12,C,0110,1,GS-12,E,XXXX,8,10,F,1,200209,1,"$56,624",3.6
AG36,08,F,17,11,A,0110,1,GS-11,D,XXXX,8,15,F,1,200209,1,"$47,245",0.3
AG36,11,F,21,14,D,0110,1,GS-14,H,XXXX,8,10,F,1,200209,1,"$86,090",7.8
AG36,11,I,21,14,A,0110,1,GS-14,J,XXXX,2,15,F,1,200209,1,"$101,742",0.1
AG36,11,F,17,14,D,0110,1,GS-14,I,XXXX,8,10,F,1,200209,1,"$91,308",6.3
AG37,11,H,18,14,H,0110,1,GS-14,H,XXXX,8,10,F,1,200209,1,"$86,090",26.3
AG37,11,F,12,14,F,0110,1,GS-14,H,XXXX,8,10,F,1,200209,1,"$86,090",19.5
AG37,11,H,20,15,H,0110,1,GM-15,K,XXXX,5,10,F,1,200209,1,"$119,682",25.8
AG37,11,J,15,14,D,0110,1,GS-14,H,XXXX,8,10,F,1,200209,1,"$80,873",6.5
AG37,11,G,17,14,G,0110,1,GS-14,I,XXXX,8,10,F,1,200209,1,"$96,525",22.3
AG37,11,K,21,14,G,0110,1,GS-14,J,XXXX,8,10,F,1,200209,1,"$101,742",20.2
AG38,11,H,17,15,H,0110,1,GM-15,K,XXXX,5,10,F,1,200209,1,"$114,706",25.3
AG38,11,I,21,,H,0110,1,ES-06,M,XXXX,2,50,F,1,200209,1,"$138,200",26.3
AG38,11,B,,04,A,0119,3,GS-04,B,XXXX,8,42,F,2,200209,1,"$22,655",0.3
AG38,11,G,12,15,G,0110,1,GS-15,J,XXXX,8,10,F,1,200209,1,"$104,336",22.3
AG38,11,E,17,,E,0110,1,ES-02,M,XXXX,2,50,F,1,200209,1,"$131,881",11.4
AG38,11,H,13,11,H,0110,1,GS-11,F,XXXX,8,10,F,1,200209,1,"$60,405",27.6
AG38,11,I,21,,I,0110,1,ES-05,M,XXXX,2,50,F,1,200209,1,"$138,200",31.8
AG38,11,H,21,15,G,0110,1,GM-15,K,XXXX,5,10,F,1,200209,1,"$112,871",23.4
AG38,11,H,21,,G,0110,1,ES-03,M,XXXX,8,50,F,1,200209,1,"$137,901",24.6
AG38,11,H,18,15,F,0110,1,GS-15,I,XXXX,8,10,F,1,200209,1,"$98,198",17.2
AG38,11,F,17,14,E,0110,1,GS-14,H,XXXX,8,10,F,1,200209,1,"$86,090",11.7
AG38,11,G,13,15,H,0110,1,GS-15,K,XXXX,8,10,F,1,200209,1,"$113,543",26.7
AG38,11,F,17,15,F,0110,1,GS-15,J,XXXX,8,10,F,1,200209,1,"$101,267",17.8
AG38,11,H,21,15,H,0110,1,GM-15,K,XXXX,5,10,F,1,200209,1,"$119,274",25.1
AG38,11,G,21,,F,0110,1,SL-00,M,XXXX,8,10,F,1,200209,1,"$138,200",19.7
AG38,11,H,17,15,H,0110,1,GM-15,K,XXXX,5,10,F,1,200209,1,"$118,159",29.8
AG38,11,G,17,15,G,0110,1,GS-15,K,XXXX,8,10,F,1,200209,1,"$110,474",24.3
AG38,11,H,14,15,H,0110,1,GM-15,K,XXXX,5,10,F,1,200209,1,"$112,808",26.7
AG38,11,K,21,14,D,0110,1,GS-14,J,XXXX,8,10,F,1,200209,1,"$101,742",9.2
AG38,11,K,21,15,H,0110,1,GM-15,K,XXXX,5,10,F,1,200209,1,"$116,441",28.2
AG38,11,G,21,15,F,0110,1,GS-15,J,XXXX,8,10,F,1,200209,1,"$104,336",15.3
AG38,11,J,21,15,E,0110,1,GS-15,J,XXXX,2,10,F,1,200209,1,"$101,267",13.7
AG38,11,H,21,14,F,0110,1,GM-14,I,XXXX,2,10,F,1,200209,1,"$93,916",15.9
AGDA,11,G,21,14,F,0110,1,GS-14,I,XXXX,8,10,F,1,200209,1,"$91,308",15.7
AGFA,11,H,17,14,G,0110,1,GS-14,J,XXXX,8,10,F,1,200209,1,"$101,742",21.8
AGFA,11,I,21,15,H,0110,1,GS-15,K,XXXX,2,10,F,1,200209,1,"$119,682",27.6
AGFA,11,H,21,14,F,0110,1,GS-14,I,XXXX,8,10,F,1,200209,1,"$93,916",16.5
AGFA,11,H,21,15,G,0110,1,GS-15,J,XXXX,2,10,F,1,200209,1,"$107,405",24.2
AGFA,11,G,17,15,G,0110,1,GS-15,J,XXXX,2,10,F,1,200209,1,"$104,336",21.7
AGFA,11,I,17,15,I,0110,1,GS-15,K,XXXX,2,10,F,1,200209,1,"$110,474",32.6
AGFA,11,H,17,14,F,0110,1,GS-14,I,XXXX,8,10,F,1,200209,1,"$96,525",19.3
AGFA,11,G,21,14,E,0110,1,GS-14,H,XXXX,8,10,F,1,200209,1,"$88,699",14.3
AGFA,11,H,14,13,H,0110,1,GS-13,G,XXXX,8,10,F,1,200209,1,"$77,266",26.4
AGFA,11,I,17,13,H,0110,1,GS-13,H,XXXX,8,10,F,1,200209,1,"$86,095",28.7
AGFA,11,H,18,14,H,0110,1,GS-14,I,XXXX,8,10,F,1,200209,1,"$96,525",25.3
AGFA,11,G,21,14,D,0110,1,GS-14,H,XXXX,8,10,F,1,200209,1,"$83,482",8.3
AGFA,11,G,17,15,G,0110,1,GM-15,K,XXXX,2,10,F,1,200209,1,"$115,512",20.8
AGFA,11,F,17,14,F,0110,1,GS-14,I,XXXX,8,10,F,1,200209,1,"$91,308",16.7
AGFA,11,E,13,14,E,0110,1,GS-14,H,XXXX,8,10,F,1,200209,1,"$88,699",13.0
AGFA,11,G,21,14,E,0110,1,GS-14,H,XXXX,8,10,F,1,200209,1,"$86,090",11.8
AGFA,11,I,21,13,H,0110,1,GS-13,H,XXXX,8,10,F,1,200209,1,"$86,095",27.3
AGFA,11,G,21,14,D,0110,1,GS-14,I,XXXX,8,15,F,1,200209,1,"$91,308",9.8
AGFA,29,F,12,14,G,0110,1,GS-14,I,XXXX,8,10,F,1,200209,1,"$99,734",21.8
AGFA,11,I,17,15,I,0110,1,GM-15,K,XXXX,2,10,F,1,200209,1,"$119,470",31.6
AGFA,11,H,21,15,F,0110,1,GM-15,K,XXXX,2,10,F,1,200209,1,"$116,613",16.6
AGFA,11,H,21,15,E,0110,1,GS-15,K,XXXX,2,10,F,1,200209,1,"$110,474",11.3
AGFA,11,I,17,14,H,0110,1,GS-14,J,XXXX,8,10,F,1,200209,1,"$101,742",25.5
AGFA,11,G,21,14,F,0110,1,GS-14,I,XXXX,8,10,F,1,200209,1,"$96,525",16.0
AM00,11,H,21,,F,0110,1,FP-02,J,XXXX,2,38,F,1,200209,1,"$106,355",15.3
AM00,11,K,21,15,G,0110,1,GS-15,K,XXXX,2,10,F,1,200209,1,"$119,682",22.8
AM00,11,I,21,15,H,0110,1,GS-15,K,XXXX,8,10,F,1,200209,1,"$119,682",29.5
AM00,EG,G,21,,D,0110,1,FO-02,G,XXXX,2,38,F,1,200209,1,"$73,119",9.8
AM00,11,I,21,14,G,0110,1,GS-14,I,XXXX,8,10,F,1,200209,1,"$96,525",23.3
AM00,11,I,21,15,H,0110,1,GS-15,K,XXXX,8,10,F,1,200209,1,"$119,682",29.6
AM00,ML,D,,,D,0110,1,FP-04,D,XXXX,8,48,F,2,200209,1,"$46,610",5.3
AM00,11,G,21,14,G,0110,1,GS-14,H,XXXX,8,10,F,1,200209,1,"$86,090",22.0
AM00,11,E,,,C,0110,1,FP-04,E,XXXX,8,48,F,2,200209,1,"$50,447",3.0
AM00,11,H,21,15,G,0110,1,GS-15,K,XXXX,8,10,F,1,200209,1,"$116,613",22.0
AM00,NI,H,21,,F,0110,1,FO-01,J,XXXX,2,38,F,1,200209,1,"$104,610",18.6
AM00,11,J,21,15,G,0110,1,GS-15,K,XXXX,8,10,F,1,200209,1,"$119,682",20.6
AM00,11,J,21,,F,0110,1,FO-01,K,XXXX,2,38,F,1,200209,1,"$119,682",19.9
AM00,KZ,G,21,,E,0110,1,FO-02,G,XXXX,2,38,F,1,200209,1,"$79,899",11.2
AM00,EG,I,15,,H,0110,1,FO-02,I,XXXX,8,38,F,1,200209,1,"$98,265",27.3
AM00,11,J,21,,G,0110,1,FO-02,J,XXXX,8,38,F,1,200209,1,"$103,258",21.3
AM00,11,K,21,15,J,0110,1,GS-15,K,XXXX,8,10,F,1,200209,1,"$119,682",38.5
AM00,ID,J,21,,F,0110,1,FE-03,L,XXXX,2,38,F,1,200209,1,"$129,800",18.0
AM00,11,I,21,,G,0110,1,FO-02,J,XXXX,8,38,F,1,200209,1,"$109,546",20.5
AM00,11,K,,,E,0110,1,AD-00,M,XXXX,8,48,F,2,200209,1,"$138,200",14.6
AM00,11,H,21,14,G,0110,1,GS-14,I,XXXX,8,10,F,1,200209,1,"$96,525",22.3
AM00,11,J,21,,I,0110,1,FO-02,J,XXXX,2,38,F,1,200209,1,"$109,546",30.5
AM00,11,G,,,A,0110,1,FP-04,G,XXXX,8,48,F,2,200209,1,"$71,926",0.5
AM00,EG,G,,,B,0110,1,FP-03,E,XXXX,8,48,F,2,200209,1,"$54,220",2.6
AM00,11,D,,,E,0110,1,FP-04,F,XXXX,8,48,F,2,200209,1,"$69,830",11.3
AM00,RS,F,21,,D,0110,1,FO-01,H,XXXX,2,38,F,1,200209,1,"$82,580",9.7
AM00,11,I,21,,F,0110,1,FO-02,J,XXXX,8,38,F,1,200209,1,"$109,546",19.7
AM00,EG,G,21,,E,0110,1,FO-02,H,XXXX,8,38,F,1,200209,1,"$89,927",10.0
AM00,11,H,17,,H,0110,1,FO-01,K,XXXX,8,38,F,1,200209,1,"$119,682",26.8
AM00,11,I,18,14,F,0110,1,GS-14,I,XXXX,8,10,F,1,200209,1,"$99,134",18.4
AM00,IS,G,,,B,0110,1,FP-03,F,XXXX,8,48,F,2,200209,1,"$68,684",2.0
AM00,11,H,17,15,H,0110,1,GS-15,K,XXXX,8,10,F,1,200209,1,"$110,474",25.8
AN00,11,G,21,14,C,0110,1,GS-14,I,XXXX,8,15,F,1,200209,1,"$91,308",3.3
AN00,11,F,17,14,B,0110,1,GS-14,H,XXXX,8,15,F,1,200209,1,"$80,873",1.8
ARAS,51,F,21,,A,0110,1,ED-00,H,XXXX,8,48,I,2,200209,1,"$84,244",0.5
ARCE,39,J,20,14,I,0110,1,GS-14,I,XXXX,8,10,F,1,200209,1,"$91,807",30.2
ARCE,25,I,18,12,G,0110,1,GS-12,G,XXXX,8,10,F,1,200209,1,"$71,866",21.1
ARCE,25,I,17,13,H,0110,1,GS-13,H,XXXX,8,10,F,1,200209,1,"$85,460",27.8
ARCE,48,H,13,11,B,0110,1,GS-11,D,XXXX,8,15,F,1,200209,1,"$46,228",1.7
ARCE,25,E,13,12,E,0110,1,GS-12,F,XXXX,8,10,P,2,200209,1,"$66,193",13.9
ARCE,02,J,21,12,J,0110,1,GS-12,F,XXXX,8,10,F,1,200209,1,"$61,614",39.6
ARCE,25,J,17,14,I,0110,1,GM-14,J,XXXX,2,10,F,1,200209,1,"$102,949",34.3
ARCE,17,I,17,13,H,0110,1,GS-13,H,XXXX,8,10,F,1,200209,1,"$86,220",27.0
ARCE,36,I,13,13,J,0110,1,GS-13,H,XXXX,8,10,F,1,200209,1,"$86,709",36.3
ARCE,11,I,17,15,I,0110,1,GM-15,K,XXXX,5,10,F,1,200209,1,"$119,659",30.9
ARCE,36,I,17,13,I,0110,1,GS-13,H,XXXX,8,10,F,1,200209,1,"$83,902",33.3
ARCE,36,F,13,11,E,0110,1,GS-11,E,XXXX,8,38,F,1,200209,1,"$56,035",13.3
ARCE,17,H,18,13,G,0110,1,GS-13,G,XXXX,6,10,F,1,200209,1,"$73,146",24.3
ARCE,36,E,13,13,F,0110,1,GS-13,G,XXXX,8,10,F,1,200209,1,"$79,865",15.7
ARCE,48,I,18,13,I,0110,1,GS-13,H,XXXX,8,10,F,1,200209,1,"$85,647",31.7
ARCE,36,B,13,07,B,0110,1,GS-07,C,XXXX,8,15,P,2,200209,1,"$30,597",2.3
ARCE,36,H,13,12,G,0110,1,GS-12,E,XXXX,8,10,F,1,200209,1,"$59,702",24.7
ARCE,36,H,14,13,G,0110,1,GS-13,H,XXXX,8,10,F,1,200209,1,"$82,146",23.4
ARCE,36,G,17,13,H,0110,1,GS-13,G,XXXX,8,10,F,1,200209,1,"$73,146",25.3
ARCE,36,G,21,11,A,0110,1,GS-11,D,XXXX,8,15,F,1,200209,1,"$48,032",0.6
ARCE,51,G,13,12,G,0110,1,GS-12,F,XXXX,8,10,F,1,200209,1,"$68,687",21.5
ARCE,36,F,13,12,E,0110,1,GS-12,F,XXXX,8,10,F,1,200209,1,"$61,405",11.6
ARCE,36,J,18,14,J,0110,1,GS-14,I,XXXX,8,10,F,1,200209,1,"$91,683",37.4
ARCE,51,H,13,12,F,0110,1,GS-12,Z,XXXX,8,10,F,1,200209,1,,17.1
ARCE,36,I,17,11,G,0110,1,GS-11,E,XXXX,8,10,F,1,200209,1,"$55,849",21.8
ARCE,51,C,17,09,B,0110,1,GS-09,C,XXXX,8,15,F,1,200209,1,"$37,428",1.3
ARCE,36,E,17,14,E,0110,1,GS-14,H,XXXX,2,10,F,1,200209,1,"$81,355",12.6
ARCE,06,D,17,13,D,0110,1,GS-13,G,XXXX,8,10,F,1,200209,1,"$73,077",8.0
ARCE,11,I,18,14,H,0110,1,GS-14,J,XXXX,8,10,F,1,200209,1,"$101,742",29.8
ARCE,37,B,08,04,A,0119,3,GS-04,B,XXXX,8,42,P,2,200209,1,"$22,078",0.3
ARCE,36,G,21,13,D,0110,1,GS-13,G,XXXX,6,10,F,1,200209,1,"$73,020",6.9
ARCE,41,E,17,13,E,0110,1,GS-13,G,XXXX,8,10,F,1,200209,1,"$79,587",14.3
ARCE,48,G,17,12,G,0110,1,GS-12,G,XXXX,8,10,F,1,200209,1,"$77,030",21.7
ARCE,42,H,17,12,I,0110,1,GS-12,G,XXXX,8,10,F,1,200209,1,"$70,942",30.1
ARCE,12,J,13,15,J,0110,1,GS-15,J,XXXX,2,10,F,1,200209,1,"$107,660",35.4
ARCE,17,H,04,12,D,0110,1,GS-12,F,XXXX,8,10,F,1,200209,1,"$64,874",7.5
ARCE,42,H,17,13,H,0110,1,GS-13,G,XXXX,8,10,F,1,200209,1,"$75,907",26.0
ARCE,13,E,17,12,D,0110,1,GS-12,F,XXXX,8,10,F,1,200209,1,"$61,511",9.6
ARCE,42,G,13,13,G,0110,1,GS-13,H,XXXX,8,10,F,1,200209,1,"$86,581",23.8
ARCE,45,G,13,13,H,0110,1,GS-13,G,XXXX,2,10,F,1,200209,1,"$77,448",26.0
ARCE,48,G,21,14,G,0110,1,GS-14,H,XXXX,2,10,F,1,200209,1,"$88,238",23.8
ARCE,42,E,13,12,E,0110,1,GS-12,F,XXXX,8,10,F,1,200209,1,"$63,476",14.0
ARCE,12,E,13,12,F,0110,1,GS-12,F,XXXX,8,15,F,1,200209,1,"$65,129",16.3
ARCE,42,D,04,06,F,0119,3,GS-06,C,XXXX,8,10,F,1,200209,1,"$34,097",17.3
ARCE,54,H,13,12,H,0110,1,GS-12,G,XXXX,8,10,F,1,200209,1,"$70,555",29.5
ARCE,51,G,17,14,B,0110,1,GS-14,G,XXXX,8,15,F,1,200209,1,"$78,265",1.1
ARCE,12,E,04,11,C,0110,1,GS-11,D,XXXX,8,10,F,1,200209,1,"$46,795",3.0
ARCE,51,B,13,11,C,0110,1,GS-11,D,XXXX,8,15,F,1,200209,1,"$48,018",3.1
ARCE,24,F,13,12,E,0110,1,GS-12,F,XXXX,8,10,F,1,200209,1,"$66,831",11.8
ARCE,02,E,17,13,E,0110,1,GS-13,E,XXXX,8,10,F,1,200209,1,"$59,409",12.9
ARCE,51,G,13,14,H,0110,1,GS-14,I,XXXX,8,10,F,1,200209,1,"$99,134",26.5
ARCE,06,E,17,11,D,0110,1,GS-11,E,XXXX,8,10,F,1,200209,1,"$53,210",6.3
ARCE,51,G,13,14,G,0110,1,GS-14,H,XXXX,2,10,F,1,200209,1,"$81,355",24.6
ARCE,12,G,13,13,G,0110,1,GS-13,H,XXXX,8,10,F,1,200209,1,"$81,751",23.8
ARCE,12,C,13,12,D,0110,1,GS-12,E,XXXX,8,10,F,1,200209,1,"$57,893",6.3
ARCE,54,D,13,05,D,0119,3,GS-05,B,XXXX,8,15,F,1,200209,1,"$25,525",8.2
ARCE,06,D,14,12,D,0110,1,GS-12,E,XXXX,8,10,F,1,200209,1,"$57,814",8.2
ARCE,45,D,14,12,D,0110,1,GS-12,E,XXXX,8,10,F,1,200209,1,"$59,702",9.3
ARCE,39,F,13,13,F,0110,1,GS-13,G,XXXX,8,10,F,1,200209,1,"$73,250",19.9
ARCE,54,E,13,12,D,0110,1,GS-12,E,XXXX,8,10,P,2,200209,1,"$56,084",8.2
ARCE,54,D,13,09,B,0110,1,GS-09,C,XXXX,8,15,F,1,200209,1,"$37,428",1.4
ARCE,54,D,12,12,E,0110,1,GS-12,E,XXXX,8,10,F,1,200209,1,"$54,275",14.9
ARCE,37,H,17,12,H,0110,1,GS-12,G,XXXX,8,10,F,1,200209,1,"$70,555",27.4
ARCE,37,H,17,12,H,0110,1,GS-12,G,XXXX,8,10,F,1,200209,1,"$70,555",25.3
ARCE,37,D,13,12,A,0110,1,GS-12,E,XXXX,8,48,I,2,200209,1,"$54,275",0.5
ARCE,37,I,17,13,H,0110,1,GS-13,G,XXXX,8,10,F,1,200209,1,"$75,297",26.5
ARCE,13,J,13,14,J,0110,1,GM-14,J,XXXX,5,10,F,1,200209,1,"$100,154",35.7
ARCE,45,F,13,13,F,0110,1,GS-13,G,XXXX,8,10,F,1,200209,1,"$70,995",17.2
ARCE,37,I,04,12,H,0110,1,GS-12,G,XXXX,8,10,F,1,200209,1,"$70,555",27.8
ARCE,13,E,13,13,F,0110,1,GS-13,F,XXXX,5,10,F,1,200209,1,"$68,844",16.9
ARCE,47,J,21,12,G,0110,1,GS-12,F,XXXX,8,10,F,1,200209,1,"$68,746",20.8
ARCE,51,F,17,14,E,0110,1,GS-14,G,XXXX,8,10,F,1,200209,1,"$78,265",14.8
ARCE,01,I,13,11,G,0110,1,GS-11,E,XXXX,8,10,F,1,200209,1,"$55,849",24.9
ARCE,53,G,11,09,D,0110,1,GS-09,C,XXXX,8,15,F,1,200209,1,"$38,506",7.3
ARCE,22,H,17,11,D,0110,1,GS-11,D,XXXX,8,10,F,1,200209,1,"$49,813",7.2
ARCE,12,I,17,12,H,0110,1,GS-12,G,XXXX,8,10,F,1,200209,1,"$70,555",28.2
ARCE,12,H,14,12,G,0110,1,GS-12,F,XXXX,8,10,F,1,200209,1,"$68,746",22.1
ARCE,22,G,17,12,E,0110,1,GS-12,F,XXXX,8,10,F,1,200209,1,"$63,320",10.0
ARCE,42,E,17,11,D,0110,1,GS-11,E,XXXX,8,15,F,1,200209,1,"$57,822",9.2
ARCE,51,H,21,15,F,0110,1,GS-15,J,XXXX,2,10,F,1,200209,1,"$107,405",17.5
ARCE,54,H,17,13,G,0110,1,GS-13,G,XXXX,7,10,F,1,200209,1,"$75,297",24.0
ARCE,37,B,09,04,A,0119,3,GS-04,B,XXXX,8,42,P,2,200209,1,"$22,078",0.3
ARCE,54,G,13,13,E,0110,1,GS-13,G,XXXX,2,10,F,1,200209,1,"$75,297",10.9
ARCE,12,E,17,12,F,0110,1,GS-12,F,XXXX,8,10,F,1,200209,1,"$63,320",15.3
ARCE,GM,F,17,12,E,0110,1,GS-12,E,XXXX,8,10,F,1,200209,1,"$51,624",11.5
ARCE,54,G,17,12,F,0110,1,GS-12,F,XXXX,8,10,F,1,200209,1,"$61,511",15.2
ARCE,42,D,13,11,E,0110,1,GS-11,E,XXXX,8,10,F,1,200209,1,"$51,404",10.0
ARCE,53,J,17,12,F,0110,1,GS-12,F,XXXX,8,10,F,1,200209,1,"$66,937",19.3
ARCE,21,G,04,11,H,0110,1,GS-11,D,XXXX,8,10,F,1,200209,1,"$48,304",29.8
ARCE,53,B,13,07,A,0110,1,GS-07,C,XXXX,8,15,F,1,200209,1,"$31,479",0.3
ARCE,11,J,04,14,J,0110,1,GS-14,J,XXXX,8,10,F,1,200209,1,"$101,742",39.4
ARCE,27,G,14,12,G,0110,1,GS-12,F,XXXX,8,10,F,1,200209,1,"$68,737",23.7
ARCE,17,F,13,12,F,0110,1,GS-12,G,XXXX,8,10,F,1,200209,1,"$70,555",19.1
ARCE,17,G,17,12,H,0110,1,GS-12,G,XXXX,8,10,F,1,200209,1,"$74,413",25.4
ARCE,17,H,14,14,H,0110,1,GM-14,J,XXXX,2,10,F,1,200209,1,"$104,369",29.3
ARCE,13,H,13,12,G,0110,1,GS-12,G,XXXX,4,10,F,1,200209,1,"$70,555",24.7
ARCE,17,H,13,13,G,0110,1,GS-13,H,XXXX,8,10,F,1,200209,1,"$88,489",24.8
ARCE,17,I,14,14,I,0110,1,GS-14,J,XXXX,4,10,F,1,200209,1,"$104,571",32.9
ARCE,17,K,21,12,H,0110,1,GS-12,G,XXXX,8,10,F,1,200209,1,"$74,413",26.2
ARCE,51,I,21,14,I,0110,1,GS-14,I,XXXX,8,10,F,1,200209,1,"$99,134",30.3
ARCE,17,H,17,12,H,0110,1,GS-12,G,XXXX,8,10,F,1,200209,1,"$70,555",29.6
ARCE,06,H,13,13,I,0110,1,GS-13,H,XXXX,2,10,F,1,200209,1,"$84,271",30.7
ARCE,29,H,21,13,G,0110,1,GS-13,H,XXXX,8,10,F,1,200209,1,"$82,006",24.6
ARCE,12,I,17,12,G,0110,1,GS-12,G,XXXX,8,10,F,1,200209,1,"$70,555",22.3
ARCE,41,F,17,12,F,0110,1,GS-12,F,XXXX,8,10,F,1,200209,1,"$66,927",15.4
ARCE,11,J,21,,I,0110,1,ES-04,M,XXXX,2,50,F,1,200209,1,"$138,200",33.3
ARCE,26,E,17,11,B,0110,1,GS-11,D,XXXX,8,15,F,1,200209,1,"$47,816",1.8
ARCE,42,G,17,13,G,0110,1,GS-13,H,XXXX,2,10,F,1,200209,1,"$84,581",23.7
ARCE,48,F,17,13,F,0110,1,GS-13,G,XXXX,2,10,F,1,200209,1,"$74,668",18.9
ARCE,06,E,13,12,E,0110,1,GS-12,E,XXXX,8,10,F,1,200209,1,"$59,910",14.3
ARCE,21,F,13,13,F,0110,1,GS-13,F,XXXX,8,10,F,1,200209,1,"$64,542",18.3
ARCE,21,G,13,14,G,0110,1,GS-14,H,XXXX,2,10,F,1,200209,1,"$83,897",24.3
ARCE,12,J,17,12,G,0110,1,GS-12,F,XXXX,8,10,F,1,200209,1,"$63,320",22.4
ARCE,47,G,13,12,F,0110,1,GS-12,F,XXXX,8,10,F,1,200209,1,"$63,320",15.2
ARCE,01,I,13,12,I,0110,1,GS-12,F,XXXX,8,10,F,1,200209,1,"$66,937",31.3
ARCE,01,F,13,12,E,0110,1,GS-12,E,XXXX,8,10,F,1,200209,1,"$59,702",13.8
ARCE,01,I,17,12,H,0110,1,GS-12,G,XXXX,8,10,F,1,200209,1,"$70,555",26.9
ARCE,22,I,13,11,I,0110,1,GS-11,E,XXXX,8,30,F,1,200209,1,"$58,867",31.3
ARCE,01,I,17,14,I,0110,1,GS-14,I,XXXX,2,10,F,1,200209,1,"$99,150",34.1
ARCE,01,C,17,11,C,0110,1,GS-11,D,XXXX,8,10,F,1,200209,1,"$45,285",4.4
ARCE,28,I,17,12,I,0110,1,GS-12,G,XXXX,8,10,F,1,200209,1,"$70,555",30.6
ARCE,28,I,17,13,H,0110,1,GS-13,H,XXXX,8,10,F,1,200209,1,"$83,902",29.4
ARCE,28,G,17,14,G,0110,1,GS-14,H,XXXX,5,10,F,1,200209,1,"$86,439",22.5
ARCE,28,G,13,12,G,0110,1,GS-12,F,XXXX,8,10,F,1,200209,1,"$65,129",23.9
ARCE,28,F,13,12,F,0110,1,GS-12,F,XXXX,8,10,F,1,200209,1,"$68,746",17.5
ARCE,01,D,13,12,E,0110,1,GS-12,E,XXXX,8,10,F,1,200209,1,"$59,702",11.6
ARCE,28,D,17,12,D,0110,1,GS-12,F,XXXX,8,10,F,1,200209,1,"$63,320",8.2
ARCE,51,C,13,09,C,0110,1,GS-09,C,XXXX,8,15,F,1,200209,1,"$37,428",3.5
ARCE,28,F,17,12,D,0110,1,GS-12,F,XXXX,8,10,F,1,200209,1,"$61,511",8.3
ARCE,28,K,14,12,J,0110,1,GS-12,G,XXXX,8,10,F,1,200209,1,"$70,555",37.3
ARCE,40,H,13,12,I,0110,1,GS-12,F,XXXX,8,10,F,1,200209,1,"$68,746",30.4
ARCE,28,H,17,13,H,0110,1,GS-13,G,XXXX,8,10,F,1,200209,1,"$77,448",27.5
ARCE,05,C,18,09,A,0110,1,GS-09,C,XXXX,8,15,F,1,200209,1,"$37,428",0.3
ARCE,15,F,17,11,B,0110,1,GS-11,E,XXXX,8,15,F,1,200209,1,"$50,018",2.8
ARCE,22,C,13,09,A,0110,1,GS-09,C,XXXX,8,15,F,1,200209,1,"$37,428",0.4
ARCE,22,G,13,14,H,0110,1,GS-14,H,XXXX,2,10,F,1,200209,1,"$88,982",25.8
ARCE,22,F,17,12,F,0110,1,GS-12,F,XXXX,8,10,F,1,200209,1,"$65,129",15.3
ARCE,47,J,18,13,J,0110,1,GS-13,H,XXXX,8,10,F,1,200209,1,"$83,902",43.9
ARCE,28,I,18,14,I,0110,1,GS-14,H,XXXX,2,10,F,1,200209,1,"$88,982",34.1
ARCE,22,G,17,12,F,0110,1,GS-12,F,XXXX,8,10,F,1,200209,1,"$65,129",17.0
ARCE,22,I,17,11,C,0110,1,GS-11,D,XXXX,8,15,F,1,200209,1,"$45,285",3.8
ARCE,22,H,17,12,E,0110,1,GS-12,E,XXXX,8,10,F,1,200209,1,"$57,893",10.2
ARCE,22,G,17,13,F,0110,1,GS-13,G,XXXX,2,10,F,1,200209,1,"$75,297",18.4
ARCE,22,D,13,12,D,0110,1,GS-12,E,XXXX,8,10,F,1,200209,1,"$56,084",9.9
ARCE,22,G,17,13,G,0110,1,GS-13,G,XXXX,2,10,F,1,200209,1,"$77,448",21.8
ARCE,22,G,13,12,F,0110,1,GS-12,F,XXXX,8,10,F,1,200209,1,"$68,746",19.1
ARCE,22,G,07,12,H,0110,1,GS-12,F,XXXX,8,10,F,1,200209,1,"$63,320",27.7
ARCE,22,D,13,11,D,0110,1,GS-11,E,XXXX,8,10,F,1,200209,1,"$51,322",8.8
ARCE,22,E,17,12,E,0110,1,GS-12,F,XXXX,8,10,F,1,200209,1,"$65,129",14.2
ARCE,28,H,17,13,H,0110,1,GS-13,H,XXXX,8,10,F,1,200209,1,"$83,902",25.3
ARCE,40,I,13,13,H,0110,1,GS-13,G,XXXX,8,10,F,1,200209,1,"$77,448",25.6
ARCE,48,H,13,14,G,0110,1,GS-14,I,XXXX,7,10,F,1,200209,1,"$93,428",23.3
ARCE,40,K,14,13,J,0110,1,GS-13,H,XXXX,8,10,F,1,200209,1,"$83,902",39.6
ARCE,48,D,17,11,B,0110,1,GS-11,D,XXXX,8,15,F,1,200209,1,"$46,228",1.7
ARCE,29,E,17,11,D,0110,1,GS-11,D,XXXX,8,10,F,1,200209,1,"$48,455",9.2
ARCE,48,G,17,13,G,0110,1,GS-13,G,XXXX,2,10,F,1,200209,1,"$74,668",22.2
ARCE,48,J,17,15,J,0110,1,GM-15,K,XXXX,2,10,F,1,200209,1,"$117,022",41.4
ARCE,11,H,13,15,H,0110,1,GS-15,K,XXXX,8,10,F,1,200209,1,"$110,474",28.0
ARCE,48,E,17,12,E,0110,1,GS-12,F,XXXX,8,10,F,1,200209,1,"$63,206",10.4
ARCE,48,E,17,11,C,0110,1,GS-11,D,XXXX,8,10,F,1,200209,1,"$46,228",3.9
ARCE,48,H,17,11,H,0110,1,GS-11,F,XXXX,8,10,F,1,200209,1,"$64,269",26.3
ARCE,27,H,17,12,E,0110,1,GS-12,F,XXXX,8,10,F,1,200209,1,"$65,022",12.7
ARCE,27,E,08,12,F,0110,1,GS-12,F,XXXX,8,10,F,1,200209,1,"$66,879",15.6
ARCE,40,B,13,07,B,0110,1,GS-07,C,XXXX,8,15,F,1,200209,1,"$30,597",1.7
ARCE,11,F,13,14,F,0110,1,GS-14,H,XXXX,8,10,F,1,200209,1,"$80,873",18.8
ARCE,31,I,14,12,G,0110,1,GS-12,G,XXXX,8,10,F,1,200209,1,"$70,555",24.4
ARCE,40,G,13,12,H,0110,1,GS-12,F,XXXX,8,10,F,1,200209,1,"$65,129",25.6
ARCE,05,I,13,12,G,0110,1,GS-12,F,XXXX,8,10,F,1,200209,1,"$68,746",24.2
ARCE,48,I,17,12,H,0110,1,GS-12,G,XXXX,8,10,F,1,200209,1,"$72,023",27.7
ARCE,29,I,17,12,I,0110,1,GS-12,F,XXXX,8,10,F,1,200209,1,"$67,332",31.5
ARCE,11,H,13,15,H,0110,1,GS-15,K,XXXX,2,10,F,1,200209,1,"$113,543",27.5
ARCE,29,F,13,12,F,0110,1,GS-12,F,XXXX,8,10,F,1,200209,1,"$63,693",19.1
ARCE,24,H,13,12,H,0110,1,GS-12,F,XXXX,8,10,P,2,200209,1,"$66,831",25.9
ARCE,45,F,17,07,A,0110,1,GS-07,C,XXXX,8,15,F,1,200209,1,"$34,678",0.7
ARCE,29,I,13,12,G,0110,1,GS-12,F,XXXX,8,10,P,2,200209,1,"$67,332",20.2
ARCE,06,I,17,13,G,0110,1,GS-13,G,XXXX,8,10,F,1,200209,1,"$75,402",24.7
ARCE,51,F,14,14,F,0110,1,GS-14,H,XXXX,8,10,F,1,200209,1,"$86,090",17.7
ARCE,31,H,14,13,E,0110,1,GS-13,G,XXXX,2,10,F,1,200209,1,"$70,995",11.9
ARCE,53,E,14,13,E,0110,1,GS-13,G,XXXX,2,10,F,1,200209,1,"$73,146",13.2
ARCE,36,H,13,12,I,0110,1,GS-12,G,XXXX,8,10,F,1,200209,1,"$74,835",30.0
ARCE,53,E,13,12,E,0110,1,GS-12,F,XXXX,8,10,F,1,200209,1,"$65,144",12.7
ARCE,53,I,17,12,I,0110,1,GS-12,G,XXXX,8,10,F,1,200209,1,"$72,588",32.2
ARCE,53,F,04,12,F,0110,1,GS-12,F,XXXX,8,10,F,1,200209,1,"$61,511",16.1
ARCE,41,H,13,14,H,0110,1,GS-14,I,XXXX,8,10,F,1,200209,1,"$91,439",28.7
ARCE,41,H,14,12,H,0110,1,GS-12,G,XXXX,8,10,F,1,200209,1,"$70,645",29.9
ARCE,06,F,13,11,F,0110,1,GS-11,E,XXXX,8,10,F,1,200209,1,"$58,046",17.1
ARCE,41,E,13,13,E,0110,1,GS-13,F,XXXX,8,10,F,1,200209,1,"$66,324",13.3
ARCE,06,D,17,13,D,0110,1,GS-13,G,XXXX,8,10,F,1,200209,1,"$73,540",9.0
ARCE,01,H,14,13,G,0110,1,GS-13,H,XXXX,6,10,F,1,200209,1,"$81,751",22.2
ARCE,51,I,18,15,I,0110,1,GM-15,K,XXXX,4,10,F,1,200209,1,"$119,682",34.1
ARCE,06,D,13,11,E,0110,1,GS-11,E,XXXX,8,10,F,1,200209,1,"$53,210",11.7
ARCE,06,F,13,13,E,0110,1,GS-13,H,XXXX,8,10,F,1,200209,1,"$82,731",13.9
ARCE,06,I,17,11,B,0110,1,GS-11,D,XXXX,8,15,F,1,200209,1,"$48,374",2.5
ARCE,06,F,07,04,H,0119,3,GS-04,B,XXXX,8,10,F,1,200209,1,"$29,833",25.7
ARCE,06,C,07,07,D,0110,1,GS-07,C,XXXX,8,15,F,1,200209,1,"$31,541",6.3
ARCE,11,G,12,13,G,0110,1,GS-13,G,XXXX,8,10,F,1,200209,1,"$75,058",21.6
ARCE,51,G,13,14,F,0110,1,GS-14,H,XXXX,8,10,F,1,200209,1,"$88,699",18.2
ARCE,40,I,17,12,H,0110,1,GS-12,G,XXXX,8,10,F,1,200209,1,"$70,555",28.4
ARCE,41,G,13,15,H,0110,1,GS-15,J,XXXX,2,10,F,1,200209,1,"$107,560",28.8
ARCE,06,G,13,11,C,0110,1,GS-11,D,XXXX,8,10,F,1,200209,1,"$49,793",4.6
ARCE,41,G,17,15,F,0110,1,GS-15,J,XXXX,2,10,F,1,200209,1,"$101,413",19.4
ARCE,53,E,13,14,F,0110,1,GS-14,H,XXXX,2,10,F,1,200209,1,"$86,314",17.8
ARCE,02,D,13,12,E,0110,1,GS-12,E,XXXX,8,10,F,1,200209,1,"$56,619",10.2
ARCE,15,F,13,12,G,0110,1,GS-12,E,XXXX,8,10,F,1,200209,1,"$59,949",21.0
ARCE,15,F,17,13,E,0110,1,GS-13,F,XXXX,8,10,F,1,200209,1,"$65,349",12.7
ARCE,06,D,14,11,D,0110,1,GS-11,E,XXXX,8,10,F,1,200209,1,"$52,928",5.7
ARCE,21,K,21,12,G,0110,1,GS-12,F,XXXX,8,10,F,1,200209,1,"$65,129",24.5
ARCE,11,H,14,14,I,0110,1,GS-14,I,XXXX,8,10,F,1,200209,1,"$96,525",30.8
ARCE,45,C,13,09,A,0110,1,GS-09,C,XXXX,8,15,F,1,200209,1,"$37,428",0.7
ARCE,RQ,I,18,13,H,0110,1,GS-13,G,XXXX,6,10,F,1,200209,1,"$77,229",27.1
ARCE,RQ,D,17,11,C,0110,1,GS-11,D,XXXX,8,15,F,1,200209,1,"$43,073",4.4
ARCE,11,H,16,14,H,0110,1,GS-14,I,XXXX,8,10,F,1,200209,1,"$91,308",29.8
ARCE,35,H,13,13,G,0110,1,GS-13,G,XXXX,4,10,F,1,200209,1,"$73,146",23.8
ARCE,35,D,13,12,E,0110,1,GS-12,E,XXXX,8,10,F,1,200209,1,"$57,893",10.4
ARCE,35,G,13,12,H,0110,1,GS-12,F,XXXX,8,10,F,1,200209,1,"$68,746",25.0
ARCE,47,H,17,12,G,0110,1,GS-12,G,XXXX,8,10,F,1,200209,1,"$70,555",24.2
ARCE,28,G,17,13,G,0110,1,GS-13,G,XXXX,2,10,F,1,200209,1,"$79,599",24.3
ARCE,47,G,17,12,G,0110,1,GS-12,G,XXXX,8,10,F,1,200209,1,"$70,555",21.8
ARJA,11,F,04,,C,0110,1,AD-00,J,XXXX,8,48,F,2,200209,1,"$101,636",3.2
ARJA,11,J,21,,F,0110,1,AD-00,J,XXXX,8,48,F,2,200209,1,"$106,603",18.4
ARJA,11,I,04,,I,0110,1,AD-00,K,XXXX,8,48,F,2,200209,1,"$119,682",31.8
ARJA,11,H,21,,G,0110,1,AD-00,J,XXXX,8,48,F,2,200209,1,"$103,290",21.5
ARJA,11,E,21,,C,0110,1,AD-00,I,XXXX,8,48,P,2,200209,1,"$96,669",3.1
ARJA,11,I,17,,B,0110,1,AD-00,J,XXXX,8,48,F,2,200209,1,"$103,290",1.2
ARJA,11,G,04,,E,0110,1,AD-00,K,XXXX,8,48,F,2,200209,1,"$119,682",12.2
ARJA,11,K,21,,H,0110,1,AD-00,K,XXXX,8,48,F,2,200209,1,"$118,190",28.5
ARJA,11,K,04,,C,0110,1,AD-00,I,XXXX,8,48,P,2,200209,1,"$91,703",3.1
ARMP,51,J,21,13,F,0110,1,GS-13,I,XXXX,4,10,F,1,200209,1,"$96,194",15.8
ARMT,51,F,13,13,F,0110,1,GS-13,F,XXXX,8,10,F,1,200209,1,"$68,436",15.3
ARSA,51,J,17,,A,0110,1,EH-00,Z,XXXX,8,48,I,2,200209,1,,0.5
ARSA,51,J,17,,A,0110,1,EF-00,Z,XXXX,8,48,I,2,200209,1,,0.5
ARSA,51,I,13,,A,0110,1,EF-00,Z,XXXX,8,48,I,2,200209,1,,0.3
ARSB,51,G,14,12,E,0110,1,GS-12,F,XXXX,8,10,F,1,200209,1,"$63,119",10.6
ARX2,51,J,14,14,I,0110,1,GS-14,J,XXXX,8,10,F,1,200209,1,"$101,742",31.9
ARXA,24,F,13,12,F,0110,1,GS-12,F,XXXX,8,10,F,1,200209,1,"$66,831",16.5
BG00,11,H,17,14,H,0110,1,GS-14,I,XXXX,8,10,F,1,200209,1,"$91,308",29.9
BG00,11,I,21,15,H,0110,1,GS-15,K,XXXX,8,10,F,1,200209,1,"$116,613",28.0
BG00,11,F,17,13,E,0110,1,GS-13,G,XXXX,8,10,F,1,200209,1,"$77,266",14.2
BG00,11,F,13,13,D,0110,1,GS-13,F,XXXX,8,10,F,1,200209,1,"$68,436",6.2
BO00,11,G,21,15,F,0110,1,GS-15,K,XXXX,8,10,F,1,200209,1,"$113,543",17.1
BO00,11,K,21,15,I,0110,1,GS-15,K,XXXX,8,10,F,1,200209,1,"$119,682",31.8
BO00,11,D,18,14,B,0110,1,GS-14,G,XXXX,8,15,F,1,200209,1,"$78,265",2.3
BO00,11,J,22,15,H,0110,1,GS-15,K,XXXX,8,10,F,1,200209,1,"$119,682",29.8
BO00,11,I,21,15,F,0110,1,GS-15,K,XXXX,8,10,F,1,200209,1,"$113,543",18.5
BO00,11,H,17,15,H,0110,1,GS-15,K,XXXX,8,10,F,1,200209,1,"$119,682",27.5
BO00,11,I,21,15,G,0110,1,GS-15,K,XXXX,8,10,F,1,200209,1,"$119,682",23.7
BO00,11,J,20,,J,0110,1,ES-04,M,XXXX,2,50,F,1,200209,1,"$138,200",36.4
BO00,11,I,13,14,H,0110,1,GS-14,I,XXXX,8,10,F,1,200209,1,"$99,134",28.6
BO00,11,I,21,,I,0110,1,ES-04,M,XXXX,2,50,F,1,200209,1,"$138,200",30.1
BO00,11,F,18,15,F,0110,1,GS-15,K,XXXX,8,10,P,2,200209,1,"$119,682",18.9
BO00,11,H,13,15,G,0110,1,GS-15,K,XXXX,8,10,F,1,200209,1,"$113,543",23.7
BO00,11,J,21,15,H,0110,1,GS-15,K,XXXX,8,10,F,1,200209,1,"$119,682",29.4
BO00,11,I,21,15,H,0110,1,GS-15,K,XXXX,4,10,F,1,200209,1,"$119,682",29.8
BO00,11,I,21,15,H,0110,1,GS-15,K,XXXX,8,10,F,1,200209,1,"$116,613",27.8
BO00,11,I,17,15,H,0110,1,GS-15,K,XXXX,8,10,F,1,200209,1,"$119,682",29.1
BO00,11,H,21,15,F,0110,1,GS-15,K,XXXX,8,10,F,1,200209,1,"$113,543",16.1
BO00,11,G,21,15,G,0110,1,GS-15,K,XXXX,8,10,F,1,200209,1,"$119,682",23.1
BO00,11,I,14,15,H,0110,1,GS-15,K,XXXX,8,10,F,1,200209,1,"$119,682",26.1
BO00,11,G,17,,D,0110,1,ES-05,M,XXXX,2,55,F,1,200209,1,"$138,200",6.3
BO00,11,I,18,15,I,0110,1,GS-15,K,XXXX,8,10,F,1,200209,1,"$119,682",33.0
BO00,11,F,21,15,B,0110,1,GS-15,J,XXXX,8,15,F,1,200209,1,"$104,336",2.2
BO00,11,D,21,13,C,0110,1,GS-13,F,XXXX,8,10,F,1,200209,1,"$66,229",3.2
CE00,11,C,17,,A,0110,1,AD-00,Z,XXXX,8,38,F,1,200209,1,,0.1
CE00,11,D,21,,A,0110,1,AD-00,I,XXXX,8,38,F,1,200209,1,"$90,000",0.3
CE00,11,H,21,,G,0110,1,ES-01,L,XXXX,2,50,F,1,200209,1,"$125,972",22.3
CE00,11,C,18,,B,0110,1,AD-00,D,XXXX,8,38,F,1,200209,1,"$45,000",1.2
CE00,11,E,21,,A,0110,1,AD-00,I,XXXX,8,38,F,1,200209,1,"$90,000",0.2
CE00,11,B,17,,A,0110,1,AD-00,D,XXXX,8,38,F,1,200209,1,"$45,000",0.0
CE00,11,B,13,,A,0110,1,AD-00,D,XXXX,8,38,F,1,200209,1,"$45,000",0.0
CE00,11,D,18,,A,0110,1,AD-00,D,XXXX,8,38,F,1,200209,1,"$45,000",0.8
CM52,11,J,14,14,J,0110,1,GM-14,J,XXXX,5,10,F,1,200209,1,"$101,742",36.8
CM53,11,F,13,,G,0110,1,ZP-04,H,XXXX,8,10,F,1,200209,1,"$89,601",21.6
CM53,11,I,13,,H,0110,1,ZP-04,J,XXXX,2,10,F,1,200209,1,"$107,555",25.4
CM53,11,C,13,,C,0110,1,ZP-03,F,XXXX,8,10,F,1,200209,1,"$60,000",3.0
CM53,11,G,13,,H,0110,1,ZP-03,G,XXXX,8,10,P,2,200209,1,"$72,399",25.3
CM53,11,H,14,,H,0110,1,ES-02,M,XXXX,2,50,F,1,200209,1,"$131,881",25.9
CM53,11,I,21,,G,0110,1,ZP-04,H,XXXX,8,10,F,1,200209,1,"$86,087",21.3
CM53,11,C,13,,B,0110,1,ZP-02,C,XXXX,8,15,F,1,200209,1,"$36,608",1.3
CM53,11,B,13,,A,0110,1,ZP-02,C,XXXX,8,15,F,1,200209,1,"$34,537",0.4
CM53,11,G,17,,F,0110,1,ZP-04,I,XXXX,2,10,F,1,200209,1,"$94,600",19.3
CM53,11,H,17,,I,0110,1,ZP-04,I,XXXX,8,10,F,1,200209,1,"$92,128",30.1
CM53,11,C,13,,B,0110,1,ZP-02,C,XXXX,8,15,F,1,200209,1,"$36,922",1.7
CM53,11,H,17,,G,0110,1,ZP-04,J,XXXX,2,10,F,1,200209,1,"$100,669",23.0
CM53,11,F,17,,E,0110,1,ZP-03,F,XXXX,8,10,F,1,200209,1,"$63,520",12.7
CM53,11,I,21,,G,0110,1,ES-05,M,XXXX,2,50,F,1,200209,1,"$138,200",24.6
CM53,11,F,17,,E,0110,1,ZP-04,G,XXXX,8,10,F,1,200209,1,"$76,665",12.1
CM53,11,H,17,,H,0110,1,ZP-04,I,XXXX,8,10,F,1,200209,1,"$99,097",28.6
CM53,11,J,13,,H,0110,1,ZP-04,I,XXXX,8,10,F,1,200209,1,"$91,172",28.8
CM53,11,I,18,,G,0110,1,ZP-04,J,XXXX,8,10,F,1,200209,1,"$101,742",24.2
CM53,11,I,18,,I,0110,1,ZP-04,J,XXXX,8,10,F,1,200209,1,"$101,742",30.1
CM53,11,I,17,,F,0110,1,ZP-04,H,XXXX,8,10,P,2,200209,1,"$86,469",19.6
CM53,11,B,13,,B,0110,1,ZP-03,D,XXXX,8,15,F,1,200209,1,"$46,469",1.3
CM53,11,J,14,,J,0110,1,ZP-03,G,XXXX,8,10,F,1,200209,1,"$72,399",38.5
CM53,11,H,13,,H,0110,1,ZP-04,I,XXXX,8,10,F,1,200209,1,"$93,279",26.0
CM53,11,H,17,,G,0110,1,ZP-05,K,XXXX,2,10,F,1,200209,1,"$119,789",22.5
CM53,11,F,17,,F,0110,1,ZP-04,I,XXXX,2,10,F,1,200209,1,"$99,634",17.8
CM53,11,C,13,,C,0110,1,ZP-03,D,XXXX,8,10,F,1,200209,1,"$48,143",4.0
CM53,11,B,13,,B,0110,1,ZP-03,D,XXXX,8,15,F,1,200209,1,"$46,469",2.0
CM53,11,D,13,,D,0110,1,ZP-03,F,XXXX,8,10,F,1,200209,1,"$62,484",7.6
CM53,11,I,21,,H,0110,1,ZP-05,K,XXXX,8,10,F,1,200209,1,"$119,678",25.0
CM53,11,B,11,,B,0110,1,ZP-01,B,XXXX,8,15,F,1,200209,1,"$29,555",1.8
CM53,11,G,17,,G,0110,1,ZP-04,I,XXXX,8,10,F,1,200209,1,"$97,456",23.4
CM53,11,E,13,,E,0110,1,ZP-04,H,XXXX,8,10,F,1,200209,1,"$82,589",14.1
CM53,11,B,13,,B,0110,1,ZP-03,D,XXXX,8,15,F,1,200209,1,"$46,469",2.2
CM53,11,B,17,,A,0110,1,ZP-02,C,XXXX,8,15,F,1,200209,1,"$38,406",0.2
CM53,11,I,17,,G,0110,1,ZP-04,H,XXXX,8,10,F,1,200209,1,"$87,257",21.8
CM53,11,F,18,,F,0110,1,ZP-04,H,XXXX,8,10,F,1,200209,1,"$86,767",18.8
CM53,11,D,,,D,0110,1,ZP-03,G,XXXX,8,20,F,2,200209,1,"$72,399",5.3
CM53,11,B,11,,B,0110,1,ZP-02,C,XXXX,8,15,F,1,200209,1,"$34,537",1.3
CM53,11,F,13,,F,0110,1,ZP-03,F,XXXX,8,10,F,1,200209,1,"$60,069",17.6
CM53,11,K,13,,H,0110,1,ZP-03,F,XXXX,8,10,F,1,200209,1,"$68,150",29.1
CM53,11,H,13,,I,0110,1,ZP-05,L,XXXX,2,10,F,1,200209,1,"$126,968",32.2
CM53,11,B,13,,B,0110,1,ZP-03,D,XXXX,8,15,F,1,200209,1,"$46,469",2.3
CM53,11,H,17,,D,0110,1,ZP-04,F,XXXX,8,10,F,1,200209,1,"$69,540",6.5
CM53,11,B,13,,B,0110,1,ZP-03,D,XXXX,8,15,F,1,200209,1,"$46,469",2.3
CM53,11,E,13,,E,0110,1,ZP-03,F,XXXX,8,10,F,1,200209,1,"$63,617",11.3
CM53,11,G,13,,G,0110,1,ZP-03,G,XXXX,8,10,F,1,200209,1,"$71,497",21.9
CM53,11,G,13,,H,0110,1,ZP-04,J,XXXX,2,10,F,1,200209,1,"$103,071",25.6
CM53,11,C,14,,D,0110,1,ZP-03,E,XXXX,8,10,F,1,200209,1,"$59,225",5.2
CM53,11,I,17,,J,0110,1,ES-02,M,XXXX,2,50,F,1,200209,1,"$131,881",36.6
CM53,11,H,14,,H,0110,1,ZP-04,H,XXXX,8,10,F,1,200209,1,"$86,697",26.3
CM53,11,H,17,,H,0110,1,ZP-05,K,XXXX,8,10,F,1,200209,1,"$118,152",27.0
CM53,11,I,21,,G,0110,1,ZP-05,K,XXXX,8,10,F,1,200209,1,"$119,678",24.8
CM53,11,G,13,,G,0110,1,ZP-04,H,XXXX,8,10,F,1,200209,1,"$81,090",24.1
CM53,11,H,13,,F,0110,1,ZP-03,G,XXXX,8,10,F,1,200209,1,"$72,399",17.4
CM53,11,C,14,,A,0110,1,ZP-02,C,XXXX,8,15,P,2,200209,1,"$36,107",0.9
CM53,11,I,13,,I,0110,1,ZP-04,I,XXXX,8,10,F,1,200209,1,"$93,991",30.0
CM53,11,D,13,,E,0110,1,ZP-03,G,XXXX,8,10,F,1,200209,1,"$70,279",11.3
CM53,11,B,13,,A,0110,1,ZP-02,C,XXXX,8,15,F,1,200209,1,"$34,536",0.7
CM53,11,J,21,,H,0110,1,ZP-05,L,XXXX,2,10,F,1,200209,1,"$126,968",26.9
CM53,11,D,13,,E,0110,1,ZP-04,G,XXXX,8,10,F,1,200209,1,"$77,611",13.2
CM53,11,F,14,,D,0110,1,ZP-04,H,XXXX,8,10,F,1,200209,1,"$82,050",8.9
CM53,11,H,17,,I,0110,1,ZP-04,J,XXXX,2,10,F,1,200209,1,"$104,240",30.0
CM53,11,B,13,,B,0110,1,ZP-02,C,XXXX,8,15,F,1,200209,1,"$34,536",1.2
CM53,11,F,13,,F,0110,1,ZP-04,I,XXXX,8,10,F,1,200209,1,"$92,199",18.3
CM53,11,C,13,,B,0110,1,ZP-02,D,XXXX,8,15,F,1,200209,1,"$42,247",2.3
CM53,11,F,18,,E,0110,1,ZP-03,G,XXXX,8,10,F,1,200209,1,"$72,399",10.3
CM53,11,H,21,,G,0110,1,ZP-05,L,XXXX,2,10,F,1,200209,1,"$126,968",23.4
CM53,11,B,13,,A,0110,1,ZP-02,C,XXXX,8,15,F,1,200209,1,"$34,538",0.2
CM53,11,E,22,,B,0110,1,ZP-04,H,XXXX,8,15,F,1,200209,1,"$81,288",2.1
CM53,11,C,13,,C,0110,1,ZP-03,D,XXXX,8,10,F,1,200209,1,"$48,687",3.7
CM53,11,I,13,,J,0110,1,ZP-03,G,XXXX,8,10,F,1,200209,1,"$72,399",35.8
CM53,11,G,13,,H,0110,1,ZP-04,I,XXXX,8,10,F,1,200209,1,"$90,826",26.4
CM53,11,E,17,,E,0110,1,ZP-03,F,XXXX,8,10,F,1,200209,1,"$62,086",11.5
CM53,11,B,13,,B,0110,1,ZP-02,C,XXXX,8,15,F,1,200209,1,"$34,536",1.1
CM53,11,G,13,,G,0110,1,ZP-03,F,XXXX,8,10,F,1,200209,1,"$66,841",20.0
CM53,11,F,13,,F,0110,1,ZP-03,G,XXXX,8,10,F,1,200209,1,"$72,399",18.0
CM53,11,D,14,,B,0110,1,ZP-02,D,XXXX,8,15,F,1,200209,1,"$49,262",2.6
CM53,11,H,14,,G,0110,1,ZP-03,E,XXXX,8,10,F,1,200209,1,"$59,145",23.3
CM53,11,F,17,,D,0110,1,ZP-03,E,XXXX,8,10,F,1,200209,1,"$58,714",5.2
CM53,11,E,13,,E,0110,1,ZP-04,H,XXXX,8,10,F,1,200209,1,"$82,984",12.3
CM53,11,D,13,,D,0110,1,ZP-05,I,XXXX,2,10,F,1,200209,1,"$94,822",8.8
CM53,11,E,17,,D,0110,1,ZP-03,E,XXXX,8,10,F,1,200209,1,"$58,250",7.0
CM53,11,C,13,,C,0110,1,ZP-03,E,XXXX,8,10,F,1,200209,1,"$51,403",3.3
CM53,11,H,17,,H,0110,1,ES-03,M,XXXX,2,50,F,1,200209,1,"$137,901",29.9
CM53,11,H,13,,H,0110,1,ZP-04,J,XXXX,2,10,F,1,200209,1,"$105,749",27.0
CM53,11,G,13,,G,0110,1,ZP-04,I,XXXX,8,10,F,1,200209,1,"$95,223",24.4
CM53,11,B,13,,B,0110,1,ZP-02,C,XXXX,8,15,F,1,200209,1,"$37,574",1.3
CM53,11,E,13,,E,0110,1,ZP-03,F,XXXX,8,10,F,1,200209,1,"$69,714",11.9
CM53,11,C,11,,C,0110,1,ZP-03,E,XXXX,8,10,F,1,200209,1,"$54,551",3.7
CM53,11,C,13,,C,0110,1,ZP-03,D,XXXX,8,10,F,1,200209,1,"$49,585",4.8
CM53,11,B,14,,B,0110,1,ZP-02,C,XXXX,8,15,F,1,200209,1,"$39,814",1.2
CM53,11,H,17,,I,0110,1,ZP-05,L,XXXX,2,10,F,1,200209,1,"$126,968",32.8
CM53,11,G,13,,G,0110,1,ZP-04,J,XXXX,8,10,F,1,200209,1,"$101,742",24.7
CM53,11,C,13,,D,0110,1,ZP-04,F,XXXX,8,10,F,1,200209,1,"$66,229",5.3
CM53,11,B,13,,B,0110,1,ZP-02,C,XXXX,8,15,F,1,200209,1,"$34,536",1.3
CM53,11,I,21,,I,0110,1,ZP-05,K,XXXX,8,10,F,1,200209,1,"$119,678",31.1
CM53,11,G,13,,C,0110,1,ZP-03,E,XXXX,8,10,F,1,200209,1,"$50,109",4.3
CM53,11,D,13,,E,0110,1,ZP-04,H,XXXX,2,10,F,1,200209,1,"$81,192",11.5
CM53,11,D,13,,E,0110,1,ZP-04,H,XXXX,2,10,F,1,200209,1,"$84,176",11.2
CM53,11,E,13,,F,0110,1,ZP-04,H,XXXX,8,10,F,1,200209,1,"$80,999",16.0
CM53,11,J,13,,G,0110,1,ZP-03,F,XXXX,8,10,F,1,200209,1,"$66,353",23.3
CM53,11,H,21,,H,0110,1,ZP-04,G,XXXX,8,10,F,1,200209,1,"$77,468",27.3
CM53,11,D,13,,D,0110,1,ZP-03,F,XXXX,8,10,P,2,200209,1,"$69,039",9.3
CM53,11,B,13,,C,0110,1,ZP-03,E,XXXX,8,10,P,2,200209,1,"$52,452",3.3
CM53,11,C,13,,B,0110,1,ZP-03,D,XXXX,8,15,F,1,200209,1,"$47,149",2.8
CM53,11,H,13,,H,0110,1,ZP-03,F,XXXX,8,10,F,1,200209,1,"$63,676",27.6
CM53,11,C,13,,C,0110,1,ZP-03,D,XXXX,8,10,F,1,200209,1,"$49,955",4.1
CM53,11,E,13,,E,0110,1,ZP-03,G,XXXX,8,10,F,1,200209,1,"$72,399",14.8
CM53,11,I,21,,E,0110,1,ZP-04,H,XXXX,8,10,F,1,200209,1,"$83,012",11.7
CM53,11,G,17,,H,0110,1,ZP-04,J,XXXX,8,10,F,1,200209,1,"$101,726",27.6
CM53,11,C,13,,D,0110,1,ZP-03,F,XXXX,8,10,F,1,200209,1,"$64,779",8.3
CM53,11,H,17,,F,0110,1,ZP-03,G,XXXX,8,10,P,2,200209,1,"$72,399",19.4
CM53,11,D,18,,B,0110,1,ZP-03,F,XXXX,8,15,F,1,200209,1,"$68,104",1.3
CM53,11,H,13,,I,0110,1,ZP-04,J,XXXX,8,10,F,1,200209,1,"$101,742",31.8
CM53,11,J,14,,J,0110,1,ZP-03,G,XXXX,8,10,F,1,200209,1,"$72,399",37.3
CM53,11,G,21,,F,0110,1,ZP-05,K,XXXX,8,10,F,1,200209,1,"$115,865",17.3
CM53,11,D,17,,B,0110,1,ZP-03,D,XXXX,8,15,F,1,200209,1,"$48,421",1.8
CM53,11,G,14,,H,0110,1,ZP-04,G,XXXX,8,10,F,1,200209,1,"$79,629",26.9
CM53,11,C,13,,A,0110,1,ZP-02,C,XXXX,8,15,F,1,200209,1,"$36,107",0.2
CM53,11,H,17,,H,0110,1,ZP-05,K,XXXX,2,10,F,1,200209,1,"$117,747",26.1
CM53,11,B,13,,A,0110,1,ZP-02,C,XXXX,8,15,F,1,200209,1,"$34,536",0.0
CM53,11,B,13,,B,0110,1,ZP-02,C,XXXX,8,15,F,1,200209,1,"$34,536",1.2
CM53,11,B,13,,B,0110,1,ZP-02,C,XXXX,8,15,F,1,200209,1,"$35,848",1.3
CM53,11,D,13,,D,0110,1,ZP-04,G,XXXX,8,10,F,1,200209,1,"$74,500",8.1
CM53,11,H,05,,G,0110,1,ZP-03,E,XXXX,8,10,P,2,200209,1,"$50,892",22.8
CM53,11,H,13,,F,0110,1,ZP-03,E,XXXX,8,10,F,1,200209,1,"$59,836",19.3
CM53,11,H,17,,G,0110,1,ZP-03,F,XXXX,8,10,F,1,200209,1,"$68,075",22.8
CM53,11,F,13,,G,0110,1,ZP-03,G,XXXX,8,10,P,2,200209,1,"$72,399",22.2
CM53,11,G,17,,H,0110,1,ZP-04,I,XXXX,2,10,F,1,200209,1,"$99,283",25.3
CM53,11,D,13,,E,0110,1,ZP-04,G,XXXX,8,10,F,1,200209,1,"$76,494",10.3
CM53,11,J,13,,H,0110,1,ZP-04,H,XXXX,8,10,F,1,200209,1,"$88,570",27.2
CM53,11,H,17,,G,0110,1,ZP-05,J,XXXX,2,10,F,1,200209,1,"$101,774",22.6
CM53,11,D,13,,E,0110,1,ZP-03,G,XXXX,8,10,F,1,200209,1,"$71,879",10.9
CM53,11,D,17,,C,0110,1,ZP-03,D,XXXX,8,10,F,1,200209,1,"$48,562",4.3
CM53,11,I,14,,H,0110,1,ZP-03,F,XXXX,8,10,F,1,200209,1,"$69,580",28.3
CM53,11,H,13,,I,0110,1,ZP-04,I,XXXX,8,10,F,1,200209,1,"$93,529",33.7
CM53,11,H,13,,I,0110,1,ZP-05,L,XXXX,2,10,F,1,200209,1,"$125,174",30.0
CM53,11,D,14,,E,0110,1,ZP-03,D,XXXX,8,10,F,1,200209,1,"$48,562",11.3
CM53,11,F,13,,D,0110,1,ZP-03,E,XXXX,8,10,F,1,200209,1,"$52,412",7.4
CM53,11,E,17,,E,0110,1,ZP-04,I,XXXX,8,10,P,2,200209,1,"$90,107",11.3
CM53,11,E,14,,E,0110,1,ZP-04,G,XXXX,8,10,F,1,200209,1,"$77,517",12.3
CM53,11,E,17,,E,0110,1,ZP-04,G,XXXX,8,10,F,1,200209,1,"$78,951",13.1
CM53,11,E,17,,F,0110,1,ZP-04,H,XXXX,8,10,F,1,200209,1,"$88,181",15.9
CM53,11,H,21,,F,0110,1,ZP-04,J,XXXX,2,10,F,1,200209,1,"$104,620",19.8
CM53,11,G,13,,H,0110,1,ZP-04,J,XXXX,2,10,F,1,200209,1,"$101,066",28.8
CM53,11,B,14,,B,0110,1,ZP-02,C,XXXX,8,15,F,1,200209,1,"$37,990",1.5
CM53,11,D,17,,C,0110,1,ZP-03,F,XXXX,8,15,F,1,200209,1,"$67,588",3.3
CM53,11,F,14,,D,0110,1,ZP-03,E,XXXX,8,10,F,1,200209,1,"$51,085",5.0
CM53,11,I,21,,H,0110,1,ZP-05,L,XXXX,2,10,F,1,200209,1,"$126,968",27.1
CM53,11,H,17,,H,0110,1,ZP-04,I,XXXX,8,10,F,1,200209,1,"$95,902",27.1
CM53,11,I,09,,J,0110,1,ZP-04,G,XXXX,8,10,F,1,200209,1,"$78,252",37.4
CM53,11,H,13,,H,0110,1,ZP-04,I,XXXX,8,10,P,2,200209,1,"$92,301",29.1
CM53,11,G,21,,F,0110,1,ZP-05,J,XXXX,2,10,F,1,200209,1,"$101,000",15.0
CM53,11,E,14,,D,0110,1,ZP-04,G,XXXX,8,10,F,1,200209,1,"$77,023",9.0
CM53,11,H,21,,G,0110,1,ZP-05,L,XXXX,2,10,F,1,200209,1,"$126,968",23.3
CM53,11,H,17,,H,0110,1,ZP-05,K,XXXX,8,10,F,1,200209,1,"$117,565",26.8
CM53,11,B,13,,B,0110,1,ZP-02,C,XXXX,8,15,F,1,200209,1,"$36,671",1.2
CM53,11,E,17,,D,0110,1,ZP-04,G,XXXX,8,10,F,1,200209,1,"$74,944",9.1
CM53,11,G,14,,G,0110,1,ZP-04,H,XXXX,8,10,F,1,200209,1,"$87,612",22.3
CM53,11,H,21,,G,0110,1,ES-06,M,XXXX,2,50,F,1,200209,1,"$138,200",23.1
CM53,11,I,21,,H,0110,1,ZP-05,K,XXXX,2,10,F,1,200209,1,"$118,057",29.6
CM53,11,D,17,,D,0110,1,ZP-04,F,XXXX,8,10,F,1,200209,1,"$69,780",6.0
CM53,11,B,13,,B,0110,1,ZP-02,C,XXXX,8,15,F,1,200209,1,"$34,537",1.3
CM53,11,F,17,,F,0110,1,ZP-03,F,XXXX,8,38,F,1,200209,1,"$61,901",15.4
CM53,11,E,13,,E,0110,1,ZP-04,H,XXXX,8,10,F,1,200209,1,"$81,520",10.8
CM53,11,K,,,H,0110,1,ZP-05,K,XXXX,8,20,P,2,200209,1,"$119,682",27.7
CM53,11,B,17,,A,0110,1,ZP-02,C,XXXX,8,15,F,1,200209,1,"$38,406",0.3
CM53,11,G,17,,G,0110,1,ZP-03,G,XXXX,8,10,F,1,200209,1,"$70,840",23.3
CM53,11,F,17,,E,0110,1,ZP-04,H,XXXX,8,10,F,1,200209,1,"$84,945",14.0
CM53,11,I,14,,I,0110,1,ZP-04,I,XXXX,8,10,F,1,200209,1,"$95,266",31.3
CM53,11,H,21,,B,0110,1,ZP-04,G,XXXX,8,15,F,1,200209,1,"$75,063",1.0
CM53,11,J,,,J,0110,1,ZP-05,K,XXXX,8,20,P,2,200209,1,"$119,678",44.2
CM53,11,D,17,,D,0110,1,ZP-03,F,XXXX,8,10,F,1,200209,1,"$69,199",8.0
CM53,11,F,13,,F,0110,1,ZP-04,H,XXXX,8,10,F,1,200209,1,"$80,200",18.6
CM53,11,B,13,,A,0110,1,ZP-02,C,XXXX,8,15,F,1,200209,1,"$34,538",0.1
CM53,11,G,17,,F,0110,1,ZP-05,I,XXXX,2,10,F,1,200209,1,"$95,748",15.6
CM53,11,B,13,,A,0110,1,ZP-02,C,XXXX,8,15,F,1,200209,1,"$36,102",0.1
CM53,11,E,13,,E,0110,1,ZP-03,F,XXXX,8,10,F,1,200209,1,"$67,288",12.1
CM53,11,D,17,,C,0110,1,ZP-03,D,XXXX,8,15,F,1,200209,1,"$48,325",4.9
CM53,11,B,13,,B,0110,1,ZP-02,C,XXXX,8,15,F,1,200209,1,"$34,537",1.3
CM53,11,F,13,,E,0110,1,ZP-03,F,XXXX,8,10,F,1,200209,1,"$68,235",11.8
CM53,11,E,13,,F,0110,1,ZP-03,F,XXXX,8,10,F,1,200209,1,"$66,154",15.1
CM53,11,C,13,,B,0110,1,ZP-03,E,XXXX,8,15,F,1,200209,1,"$54,745",1.3
CM53,11,D,14,,D,0110,1,ZP-03,F,XXXX,8,10,F,1,200209,1,"$66,090",7.9
CM53,11,I,17,,I,0110,1,ZP-04,J,XXXX,2,10,F,1,200209,1,"$102,634",32.6
CM53,11,F,13,,F,0110,1,ZP-05,J,XXXX,2,10,F,1,200209,1,"$104,764",18.0
CM53,11,E,13,,E,0110,1,ZP-03,E,XXXX,8,10,F,1,200209,1,"$51,221",11.3
CM53,11,K,17,,G,0110,1,ZP-03,F,XXXX,8,10,F,1,200209,1,"$60,836",24.4
CM53,11,I,13,,I,0110,1,ZP-04,J,XXXX,2,10,F,1,200209,1,"$107,938",31.9
CM53,11,H,19,,G,0110,1,ZP-03,F,XXXX,8,10,F,1,200209,1,"$65,391",23.6
CM53,11,C,17,,B,0110,1,ZP-02,C,XXXX,8,15,F,1,200209,1,"$39,865",1.4
CM53,11,C,13,,C,0110,1,ZP-03,D,XXXX,8,10,F,1,200209,1,"$48,559",4.1
CM53,11,I,21,,H,0110,1,ES-04,M,XXXX,2,50,F,1,200209,1,"$138,200",27.0
CM53,11,D,17,,B,0110,1,ZP-02,C,XXXX,8,15,F,1,200209,1,"$39,559",2.3
CM53,11,G,13,,G,0110,1,ZP-03,G,XXXX,8,10,F,1,200209,1,"$72,399",23.3
CM53,11,F,04,,D,0110,1,ZP-05,I,XXXX,8,10,F,1,200209,1,"$96,786",7.6
CM53,11,B,11,,B,0110,1,ZP-02,C,XXXX,8,15,F,1,200209,1,"$37,368",1.5
CM53,11,D,13,,E,0110,1,ZP-04,H,XXXX,8,10,F,1,200209,1,"$82,102",10.9
CM53,11,I,17,,H,0110,1,ZP-04,J,XXXX,8,10,F,1,200209,1,"$101,742",29.4
CM53,11,B,13,,A,0110,1,ZP-02,C,XXXX,8,15,F,1,200209,1,"$34,538",0.3
CM53,11,C,17,,A,0110,1,ZP-02,C,XXXX,8,15,F,1,200209,1,"$38,406",0.0
CM53,11,I,17,,H,0110,1,ZP-04,J,XXXX,8,10,F,1,200209,1,"$101,742",28.5
CM53,11,C,13,,D,0110,1,ZP-03,F,XXXX,8,10,F,1,200209,1,"$67,887",7.3
CM53,11,E,18,,C,0110,1,ZP-03,G,XXXX,8,15,F,1,200209,1,"$72,399",3.0
CM53,11,I,18,,G,0110,1,ZP-04,J,XXXX,8,10,P,2,200209,1,"$101,742",24.0
CM53,11,J,21,,H,0110,1,ZP-04,I,XXXX,8,10,F,1,200209,1,"$95,852",25.3
CM53,11,H,21,,D,0110,1,ES-02,M,XXXX,2,50,F,1,200209,1,"$131,881",5.1
CM53,11,I,13,,H,0110,1,ZP-04,H,XXXX,8,10,F,1,200209,1,"$80,328",28.4
CM53,11,D,14,,E,0110,1,ZP-03,G,XXXX,8,10,F,1,200209,1,"$70,121",11.3
CM53,11,G,17,,F,0110,1,ES-04,M,XXXX,2,50,F,1,200209,1,"$138,200",17.8
CM53,11,G,21,,E,0110,1,ZP-04,H,XXXX,8,10,F,1,200209,1,"$87,998",14.2
CM53,11,H,14,,H,0110,1,ZP-05,L,XXXX,2,10,F,1,200209,1,"$120,917",25.5
CM53,11,B,17,,A,0110,1,ZP-02,C,XXXX,8,15,F,1,200209,1,"$38,407",0.9
CM53,11,C,13,,B,0110,1,ZP-03,E,XXXX,8,15,F,1,200209,1,"$51,115",2.3
CM53,11,B,13,,A,0110,1,ZP-02,C,XXXX,8,15,F,1,200209,1,"$36,107",0.9
CM53,11,B,13,,A,0110,1,ZP-02,C,XXXX,8,15,F,1,200209,1,"$38,767",0.9
CM53,11,I,18,,I,0110,1,ZP-04,I,XXXX,8,10,F,1,200209,1,"$90,630",30.2
CM53,11,E,17,,E,0110,1,ZP-04,G,XXXX,8,10,F,1,200209,1,"$75,124",12.1
CM53,11,F,21,,C,0110,1,ZP-04,F,XXXX,8,10,F,1,200209,1,"$66,560",3.6
CM53,11,E,13,,E,0110,1,ZP-04,G,XXXX,8,10,F,1,200209,1,"$74,177",12.0
CM53,11,D,13,,C,0110,1,ZP-03,E,XXXX,8,10,F,1,200209,1,"$50,310",3.4
CM53,11,H,13,,I,0110,1,ZP-04,G,XXXX,8,10,F,1,200209,1,"$78,934",34.0
CM53,11,H,13,,H,0110,1,ZP-04,H,XXXX,8,10,F,1,200209,1,"$86,283",28.9
CM53,11,F,13,,E,0110,1,ZP-03,E,XXXX,8,10,F,1,200209,1,"$54,215",14.2
CM53,11,G,13,,I,0110,1,ZP-03,G,XXXX,8,10,F,1,200209,1,"$72,399",30.1
CM53,11,D,17,,E,0110,1,ZP-03,E,XXXX,8,10,F,1,200209,1,"$58,262",11.4
CM53,11,C,13,,C,0110,1,ZP-03,D,XXXX,8,10,F,1,200209,1,"$48,562",4.0
CM53,11,F,22,,B,0110,1,ZP-04,H,XXXX,8,15,F,1,200209,1,"$85,831",1.7
CM53,11,H,11,,I,0110,1,ZP-04,I,XXXX,2,10,F,1,200209,1,"$99,020",32.3
CM53,11,I,13,,F,0110,1,ZP-03,G,XXXX,8,10,F,1,200209,1,"$70,328",19.7
CM53,11,G,04,,H,0110,1,ZP-03,E,XXXX,8,10,F,1,200209,1,"$53,573",26.9
CM53,11,F,13,,F,0110,1,ZP-03,F,XXXX,8,10,F,1,200209,1,"$66,559",19.6
CM53,11,D,13,,D,0110,1,ZP-03,F,XXXX,8,10,F,1,200209,1,"$64,873",7.2
CM53,11,G,17,,C,0110,1,ZP-03,F,XXXX,8,10,F,1,200209,1,"$60,799",4.1
CM53,11,E,08,,F,0110,1,ZP-03,E,XXXX,8,10,F,1,200209,1,"$51,910",19.5
CM53,11,E,13,,E,0110,1,ZP-03,F,XXXX,8,10,F,1,200209,1,"$68,699",12.7
CM53,11,B,13,,B,0110,1,ZP-02,C,XXXX,8,15,F,1,200209,1,"$36,671",1.1
CM54,25,F,17,12,F,0110,1,GS-12,F,XXXX,8,10,F,1,200209,1,"$63,320",15.7
CM54,25,F,21,14,D,0110,1,GS-14,H,XXXX,8,10,F,1,200209,1,"$81,355",9.1
CM54,24,E,13,12,A,0110,1,GS-12,F,XXXX,8,15,F,1,200209,1,"$61,263",0.7
CM54,02,H,21,,B,0110,1,ZP-04,F,XXXX,8,15,F,1,200209,1,"$68,894",2.2
CM54,24,H,04,,C,0110,1,ZP-04,I,XXXX,8,10,F,1,200209,1,"$95,132",4.0
CM54,25,G,17,12,E,0110,1,GS-12,F,XXXX,8,10,F,1,200209,1,"$61,511",14.9
CM54,24,H,14,14,H,0110,1,GS-14,I,XXXX,8,10,F,1,200209,1,"$96,525",28.0
CM54,37,H,18,13,G,0110,1,GS-13,H,XXXX,8,10,F,1,200209,1,"$83,902",24.0
CM54,06,I,21,13,G,0110,1,GS-13,H,XXXX,8,10,F,1,200209,1,"$84,806",23.0
CM54,24,H,15,,E,0110,1,ZP-03,F,XXXX,8,10,F,1,200209,1,"$68,435",12.5
CM54,24,G,21,,H,0110,1,ZP-04,I,XXXX,8,10,F,1,200209,1,"$92,705",29.7
CM54,24,E,17,13,C,0110,1,GS-13,G,XXXX,8,10,F,1,200209,1,"$75,058",3.5
CM54,24,C,,,B,0110,1,ZP-02,C,XXXX,8,42,I,2,200209,1,"$39,599",1.8
CM54,25,J,21,14,G,0110,1,GS-14,H,XXXX,2,10,F,1,200209,1,"$88,982",23.6
CM54,44,G,21,14,F,0110,1,GS-14,I,XXXX,8,10,F,1,200209,1,"$93,020",15.2
CM54,24,I,21,,H,0110,1,ZP-05,K,XXXX,2,10,F,1,200209,1,"$119,678",29.3
CM54,25,E,17,12,E,0110,1,GS-12,E,XXXX,8,10,F,1,200209,1,"$59,702",10.2
CM54,25,F,17,12,E,0110,1,GS-12,E,XXXX,8,10,F,1,200209,1,"$59,702",11.6
CM54,24,G,21,14,F,0110,1,GS-14,I,XXXX,8,10,F,1,200209,1,"$93,916",16.8
CM54,24,E,13,12,E,0110,1,GS-12,F,XXXX,8,10,F,1,200209,1,"$63,119",14.9
CM54,24,F,21,,C,0110,1,ZP-04,G,XXXX,8,10,F,1,200209,1,"$74,771",3.5
CM54,45,F,17,13,G,0110,1,GS-13,G,XXXX,8,10,F,1,200209,1,"$73,146",23.6
CM54,06,E,21,12,C,0110,1,GS-12,F,XXXX,8,10,F,1,200209,1,"$65,417",3.5
CM54,24,G,20,14,F,0110,1,GS-14,I,XXXX,8,10,F,1,200209,1,"$93,916",16.6
CM54,24,E,18,13,E,0110,1,GS-13,G,XXXX,8,10,F,1,200209,1,"$75,058",11.2
CM54,53,H,21,,F,0110,1,ZP-04,J,XXXX,2,10,F,1,200209,1,"$100,517",18.2
CM54,12,E,21,12,B,0110,1,GS-12,E,XXXX,8,15,F,1,200209,1,"$56,179",1.0
CM54,15,H,18,14,G,0110,1,GS-14,H,XXXX,2,10,F,1,200209,1,"$84,245",20.8
CM54,12,E,21,13,C,0110,1,GS-13,G,XXXX,8,10,F,1,200209,1,"$70,995",4.6
CM54,24,E,13,12,B,0110,1,GS-12,G,XXXX,8,15,F,1,200209,1,"$70,543",2.1
CM54,24,D,17,13,C,0110,1,GS-13,F,XXXX,8,10,F,1,200209,1,"$68,436",4.3
CM54,12,G,21,14,E,0110,1,GS-14,H,XXXX,2,10,F,1,200209,1,"$81,355",13.6
CM54,24,D,14,,C,0110,1,ZP-04,F,XXXX,8,10,F,1,200209,1,"$68,812",3.2
CM54,53,E,21,13,C,0110,1,GS-13,G,XXXX,8,10,F,1,200209,1,"$70,828",4.0
CM54,53,I,21,15,H,0110,1,GM-15,K,XXXX,2,10,F,1,200209,1,"$119,993",26.7
CM54,53,G,21,13,A,0110,1,GS-13,G,XXXX,8,10,F,1,200209,1,"$77,467",0.5
CM54,53,H,21,,H,0110,1,ZP-04,I,XXXX,8,10,F,1,200209,1,"$95,988",27.4
CM54,53,G,21,13,F,0110,1,GS-13,G,XXXX,8,10,F,1,200209,1,"$75,254",15.3
CM54,25,J,21,,F,0110,1,ZP-04,H,XXXX,8,10,F,1,200209,1,"$89,871",18.8
CM54,53,D,21,12,B,0110,1,GS-12,F,XXXX,8,15,F,1,200209,1,"$61,422",1.5
CM54,06,H,17,13,G,0110,1,GS-13,H,XXXX,8,10,F,1,200209,1,"$82,505",24.2
CM54,06,J,21,,H,0110,1,ZP-04,I,XXXX,8,10,F,1,200209,1,"$98,728",26.9
CM54,12,K,21,13,I,0110,1,GS-13,H,XXXX,8,10,F,1,200209,1,"$83,902",33.2
CM54,06,H,18,14,G,0110,1,GS-14,I,XXXX,8,10,F,1,200209,1,"$94,944",23.4
CM54,24,E,17,14,E,0110,1,GS-14,I,XXXX,8,10,F,1,200209,1,"$93,916",14.7
CM54,53,I,21,14,G,0110,1,GS-14,I,XXXX,8,10,F,1,200209,1,"$96,776",20.4
CM54,53,F,21,13,A,0110,1,GS-13,G,XXXX,8,15,F,1,200209,1,"$77,467",0.1
CM54,02,F,18,,D,0110,1,ZP-04,F,XXXX,8,10,F,1,200209,1,"$65,738",9.8
CM55,11,D,17,13,B,0110,1,GS-13,F,XXXX,8,15,F,1,200209,1,"$66,229",1.5
CM55,11,J,17,13,J,0110,1,GM-13,H,XXXX,5,10,F,1,200209,1,"$86,095",36.2
CM55,11,I,13,15,J,0110,1,GM-15,K,XXXX,2,10,F,1,200209,1,"$119,682",35.4
CM55,11,G,17,13,F,0110,1,GS-13,G,XXXX,8,10,F,1,200209,1,"$79,473",16.7
CM55,11,K,21,13,G,0110,1,GS-13,H,XXXX,8,10,F,1,200209,1,"$86,095",24.1
CM55,11,I,17,15,H,0110,1,GS-15,K,XXXX,2,10,F,1,200209,1,"$119,682",27.9
CM55,11,H,13,14,H,0110,1,GS-14,J,XXXX,8,10,F,1,200209,1,"$101,742",27.3
CM55,11,J,17,13,J,0110,1,GS-13,H,XXXX,8,10,F,1,200209,1,"$86,095",37.3
CM55,11,J,17,13,J,0110,1,GM-13,H,XXXX,5,10,F,1,200209,1,"$86,095",40.0
CM55,11,I,14,14,G,0110,1,GS-14,H,XXXX,8,10,F,1,200209,1,"$83,482",20.9
CM55,11,D,17,11,B,0110,1,GS-11,F,XXXX,8,15,F,1,200209,1,"$60,405",2.8
CM55,11,E,13,11,D,0110,1,GS-11,E,XXXX,8,10,F,1,200209,1,"$51,115",7.3
CM55,11,I,14,15,J,0110,1,GS-15,K,XXXX,2,10,F,1,200209,1,"$119,682",37.7
CM55,11,I,21,13,I,0110,1,GS-13,H,XXXX,8,10,F,1,200209,1,"$86,095",31.6
CM55,11,F,17,13,E,0110,1,GS-13,G,XXXX,8,10,F,1,200209,1,"$79,473",14.7
CM55,11,I,21,15,G,0110,1,GS-15,K,XXXX,2,10,F,1,200209,1,"$119,682",23.9
CM55,11,H,17,13,G,0110,1,GS-13,G,XXXX,8,10,F,1,200209,1,"$75,058",23.3
CM55,11,E,13,13,F,0110,1,GS-13,G,XXXX,8,10,F,1,200209,1,"$75,058",16.0
CM55,11,I,21,14,I,0110,1,GM-14,J,XXXX,2,10,F,1,200209,1,"$101,742",33.8
CM55,11,F,16,13,C,0110,1,GS-13,F,XXXX,8,10,F,1,200209,1,"$68,436",4.2
CM55,11,E,17,12,D,0110,1,GS-12,E,XXXX,8,10,F,1,200209,1,"$57,550",7.7
CM55,11,I,17,15,I,0110,1,GS-15,K,XXXX,2,10,F,1,200209,1,"$110,474",33.2
CM55,11,H,14,13,I,0110,1,GS-13,H,XXXX,8,10,F,1,200209,1,"$81,680",33.3
CM55,11,H,18,15,G,0110,1,GS-15,J,XXXX,2,10,F,1,200209,1,"$107,405",21.3
CM55,11,F,21,14,F,0110,1,GM-14,J,XXXX,5,10,F,1,200209,1,"$101,742",15.2
CM55,11,D,17,15,D,0110,1,GS-15,I,XXXX,2,10,F,1,200209,1,"$92,060",9.8
CM55,11,H,17,15,I,0110,1,GM-15,K,XXXX,2,10,F,1,200209,1,"$119,682",33.3
CM55,11,J,13,13,I,0110,1,GM-13,H,XXXX,5,10,F,1,200209,1,"$86,095",34.9
CM55,11,F,17,13,F,0110,1,GS-13,G,XXXX,8,10,P,2,200209,1,"$77,266",16.8
CM55,11,G,13,13,H,0110,1,GM-13,H,XXXX,5,10,F,1,200209,1,"$86,095",29.1
CM55,11,D,17,12,D,0110,1,GS-12,E,XXXX,8,10,F,1,200209,1,"$57,550",6.3
CM55,11,H,13,13,H,0110,1,GS-13,H,XXXX,8,10,F,1,200209,1,"$86,095",27.1
CM55,11,G,17,15,G,0110,1,GS-15,K,XXXX,2,10,F,1,200209,1,"$110,474",24.3
CM55,11,D,17,12,C,0110,1,GS-12,E,XXXX,8,10,F,1,200209,1,"$59,407",4.3
CM55,11,H,10,14,H,0110,1,GS-14,I,XXXX,8,10,F,1,200209,1,"$91,308",29.0
CM55,11,C,14,11,B,0110,1,GS-11,D,XXXX,8,15,F,1,200209,1,"$46,469",1.3
CM55,11,E,14,13,E,0110,1,GS-13,H,XXXX,8,10,F,1,200209,1,"$81,680",11.1
CM55,11,I,13,12,I,0110,1,GS-12,G,XXXX,8,10,F,1,200209,1,"$72,400",31.4
CM55,11,I,13,15,J,0110,1,GS-15,K,XXXX,2,10,F,1,200209,1,"$110,474",35.6
CM55,11,I,17,13,H,0110,1,GM-13,H,XXXX,5,10,F,1,200209,1,"$86,095",28.0
CM55,11,K,21,14,J,0110,1,GM-14,J,XXXX,5,10,F,1,200209,1,"$101,742",41.5
CM55,11,J,17,12,H,0110,1,GS-12,G,XXXX,8,10,F,1,200209,1,"$70,543",26.4
CM55,11,I,21,13,H,0110,1,GM-13,H,XXXX,5,10,F,1,200209,1,"$86,095",29.0
CM55,11,D,17,12,D,0110,1,GS-12,E,XXXX,8,10,F,1,200209,1,"$57,550",5.4
CM55,11,J,17,12,H,0110,1,GS-12,G,XXXX,8,10,F,1,200209,1,"$72,400",29.7
CM55,11,I,17,13,I,0110,1,GM-13,H,XXXX,5,10,F,1,200209,1,"$86,095",32.5
CM55,11,C,13,11,B,0110,1,GS-11,D,XXXX,8,15,F,1,200209,1,"$46,469",2.2
CM55,11,F,13,13,F,0110,1,GM-13,H,XXXX,5,10,F,1,200209,1,"$86,095",16.8
CM55,11,J,18,14,I,0110,1,GS-14,I,XXXX,8,10,F,1,200209,1,"$93,916",32.6
CM55,11,G,17,14,G,0110,1,GS-14,I,XXXX,2,10,F,1,200209,1,"$96,525",24.1
CM55,11,I,18,14,I,0110,1,GS-14,J,XXXX,8,10,F,1,200209,1,"$101,742",31.8
CM55,11,J,13,14,H,0110,1,GM-14,J,XXXX,2,10,F,1,200209,1,"$101,742",26.5
CM55,11,D,17,13,D,0110,1,GS-13,G,XXXX,8,10,F,1,200209,1,"$72,851",9.8
CM55,11,H,21,15,H,0110,1,GS-15,J,XXXX,2,10,F,1,200209,1,"$107,405",25.7
CM55,11,K,17,15,I,0110,1,GM-15,K,XXXX,2,10,F,1,200209,1,"$119,682",32.0
CM55,11,H,17,13,I,0110,1,GM-13,H,XXXX,5,10,F,1,200209,1,"$86,095",31.3
CM55,11,I,17,15,I,0110,1,GM-15,K,XXXX,5,10,F,1,200209,1,"$116,977",31.9
CM55,11,J,21,15,G,0110,1,GM-15,K,XXXX,2,10,F,1,200209,1,"$119,682",24.3
CM55,11,H,14,14,I,0110,1,GS-14,I,XXXX,8,10,F,1,200209,1,"$91,308",30.0
CM55,11,E,13,13,F,0110,1,GS-13,G,XXXX,8,10,F,1,200209,1,"$75,058",15.4
CM55,11,H,17,14,I,0110,1,GM-14,J,XXXX,5,10,F,1,200209,1,"$101,742",31.4
CM55,11,H,21,14,E,0110,1,GS-14,I,XXXX,8,10,F,1,200209,1,"$93,916",14.2
CM55,11,D,17,14,D,0110,1,GS-14,H,XXXX,2,10,F,1,200209,1,"$80,873",6.3
CM55,11,D,17,15,D,0110,1,GS-15,I,XXXX,8,10,F,1,200209,1,"$95,129",8.3
CM55,11,C,16,13,C,0110,1,GS-13,F,XXXX,8,10,F,1,200209,1,"$66,229",4.5
CM55,11,K,14,13,J,0110,1,GM-13,H,XXXX,5,10,F,1,200209,1,"$86,095",38.3
CM55,11,G,17,14,F,0110,1,GS-14,I,XXXX,8,10,F,1,200209,1,"$93,916",15.0
CM55,11,G,17,13,F,0110,1,GS-13,H,XXXX,8,10,F,1,200209,1,"$83,888",16.0
CM55,11,J,17,13,H,0110,1,GM-13,H,XXXX,5,10,F,1,200209,1,"$83,898",25.2
CM55,11,D,17,13,D,0110,1,GS-13,F,XXXX,8,10,F,1,200209,1,"$66,229",7.1
CM55,11,G,18,13,G,0110,1,GM-13,H,XXXX,5,10,F,1,200209,1,"$86,095",22.3
CM55,11,H,16,13,H,0110,1,GM-13,H,XXXX,5,10,F,1,200209,1,"$86,095",27.8
CM55,11,I,17,13,I,0110,1,GM-13,H,XXXX,5,10,F,1,200209,1,"$86,095",30.8
CM55,11,F,17,13,F,0110,1,GS-13,G,XXXX,8,10,F,1,200209,1,"$77,266",17.8
CM55,11,C,14,12,C,0110,1,GS-12,E,XXXX,8,10,F,1,200209,1,"$57,550",4.3
CM56,51,J,17,15,D,0110,1,GS-15,K,XXXX,8,10,F,1,200209,1,"$110,474",9.2
CM56,51,E,13,13,E,0110,1,GS-13,G,XXXX,8,10,F,1,200209,1,"$72,851",11.8
CM57,24,B,,,A,0110,1,ZP-02,D,XXXX,8,20,F,2,200209,1,"$46,900",0.3
CM57,24,I,17,,E,0110,1,ZP-05,L,XXXX,2,10,F,1,200209,1,"$123,272",13.2
CM57,24,D,17,,D,0110,1,ZP-04,G,XXXX,8,10,F,1,200209,1,"$71,830",5.2
CM57,24,D,,,A,0110,1,ZP-03,G,XXXX,8,20,F,2,200209,1,"$74,000",0.2
CM57,24,H,21,,D,0110,1,ZP-04,J,XXXX,8,10,F,1,200209,1,"$101,673",8.3
CM57,24,E,21,,E,0110,1,ZP-04,I,XXXX,8,10,F,1,200209,1,"$93,215",11.1
CM57,24,E,,,C,0110,1,ZP-02,D,XXXX,8,20,F,2,200209,1,"$46,000",4.2
CM57,24,H,17,,E,0110,1,ZP-04,J,XXXX,8,10,F,1,200209,1,"$101,742",14.9
CM57,24,F,,,E,0110,1,ZP-04,I,XXXX,8,20,F,2,200209,1,"$95,000",12.9
CM57,24,E,18,,D,0110,1,ZP-04,I,XXXX,8,10,F,1,200209,1,"$95,325",8.2
CM57,24,E,,,C,0110,1,ZP-03,F,XXXX,8,20,F,2,200209,1,"$61,293",3.5
CM57,24,G,14,,E,0110,1,ZP-04,I,XXXX,8,10,F,1,200209,1,"$94,100",11.3
CM57,24,I,21,,I,0110,1,ZP-05,K,XXXX,8,10,F,1,200209,1,"$119,682",31.3
CM57,24,D,13,,F,0110,1,ZP-03,F,XXXX,8,10,F,1,200209,1,"$62,865",15.2
CM57,24,J,21,,F,0110,1,ZP-04,H,XXXX,8,10,F,1,200209,1,"$85,423",19.0
CM57,24,E,,,A,0110,1,ZP-03,G,XXXX,8,20,F,2,200209,1,"$73,342",0.9
CM57,24,H,21,,C,0110,1,ZP-04,J,XXXX,2,15,F,1,200209,1,"$107,859",4.8
CM57,24,I,21,,I,0110,1,ZP-05,K,XXXX,8,10,F,1,200209,1,"$119,682",33.7
CM57,24,J,22,,H,0110,1,ZP-05,K,XXXX,8,10,F,1,200209,1,"$119,682",27.2
CM57,24,G,17,,G,0110,1,ZP-04,J,XXXX,8,10,F,1,200209,1,"$101,742",23.4
CM57,24,H,,,C,0110,1,ZP-03,E,XXXX,8,20,F,2,200209,1,"$53,600",3.3
CM57,24,C,,,A,0110,1,ZP-02,E,XXXX,8,20,F,2,200209,1,"$58,000",0.2
CM57,24,F,17,,D,0110,1,ZP-04,I,XXXX,8,10,F,1,200209,1,"$99,045",7.4
CM57,24,H,18,,I,0110,1,ZP-05,K,XXXX,8,10,F,1,200209,1,"$112,810",30.0
CM57,24,D,21,,C,0110,1,ZP-03,F,XXXX,8,10,F,1,200209,1,"$62,999",3.6
CM57,24,E,21,,D,0110,1,ZP-04,G,XXXX,8,15,F,1,200209,1,"$76,170",5.0
CM57,24,I,22,,I,0110,1,ZP-05,L,XXXX,2,10,F,1,200209,1,"$123,272",33.7
CM59,11,C,17,12,A,0110,1,GS-12,E,XXXX,8,15,F,1,200209,1,"$55,694",0.3
CM61,11,H,17,15,G,0110,1,GS-15,K,XXXX,8,10,F,1,200209,1,"$116,613",22.3
CM63,24,F,13,12,A,0110,1,GS-12,E,XXXX,8,15,F,1,200209,1,"$55,694",0.9
CM63,24,H,17,14,H,0110,1,GS-14,J,XXXX,8,10,F,1,200209,1,"$101,742",28.8
CM63,24,C,,11,B,0110,1,GS-11,D,XXXX,8,20,P,2,200209,1,"$46,469",1.9
CM63,24,F,17,12,G,0110,1,GS-12,F,XXXX,8,10,F,1,200209,1,"$68,687",20.2
CM63,24,D,21,13,D,0110,1,GS-13,G,XXXX,8,10,F,1,200209,1,"$72,851",5.2
CM63,24,D,21,13,B,0110,1,GS-13,G,XXXX,8,15,F,1,200209,1,"$70,644",2.0
CM63,24,C,,12,A,0110,1,GS-12,E,XXXX,8,20,F,2,200209,1,"$55,694",0.2
CM63,24,I,18,14,F,0110,1,GM-14,I,XXXX,2,10,F,1,200209,1,"$96,525",15.0
CM63,24,I,,15,H,0110,1,GS-15,K,XXXX,8,20,F,2,200209,1,"$119,682",29.7
CM63,24,H,21,15,G,0110,1,GS-15,K,XXXX,8,10,F,1,200209,1,"$116,613",21.6
CM63,24,K,21,,H,0110,1,ES-05,M,XXXX,2,50,F,1,200209,1,"$138,200",28.8
CM63,26,C,,11,A,0110,1,GS-11,D,XXXX,8,20,F,2,200209,1,"$47,816",0.2
CM63,24,F,04,13,E,0110,1,GS-13,G,XXXX,8,10,F,1,200209,1,"$70,644",12.7
CM63,37,D,18,12,B,0110,1,GS-12,E,XXXX,8,15,F,1,200209,1,"$56,084",2.3
CM63,24,D,,12,C,0110,1,GS-12,E,XXXX,8,20,F,2,200209,1,"$55,694",3.3
CM63,42,F,17,12,B,0110,1,GS-12,E,XXXX,8,15,F,1,200209,1,"$54,715",1.7
CM63,24,E,21,15,D,0110,1,GS-15,K,XXXX,8,10,F,1,200209,1,"$119,682",7.1
CM63,24,H,21,15,F,0110,1,GS-15,J,XXXX,8,10,F,1,200209,1,"$104,336",18.0
CM63,24,D,13,13,C,0110,1,GS-13,F,XXXX,8,15,F,1,200209,1,"$66,229",3.5
CM63,17,D,,13,C,0110,1,GS-13,F,XXXX,8,20,F,2,200209,1,"$68,071",4.2
CM63,24,F,04,13,D,0110,1,GS-13,G,XXXX,8,15,F,1,200209,1,"$75,058",5.3
CM63,24,E,21,14,D,0110,1,GS-14,H,XXXX,8,10,F,1,200209,1,"$86,090",9.9
CM63,06,D,,11,A,0110,1,GS-11,D,XXXX,8,20,F,2,200209,1,"$48,374",0.1
CM63,24,H,21,14,E,0110,1,GS-14,I,XXXX,8,10,F,1,200209,1,"$91,308",13.1
CM63,06,E,,13,C,0110,1,GS-13,F,XXXX,8,20,F,2,200209,1,"$68,944",3.0
CM63,24,I,21,14,F,0110,1,GS-14,I,XXXX,8,10,F,1,200209,1,"$96,525",19.8
CM63,24,D,04,12,B,0110,1,GS-12,E,XXXX,8,15,F,1,200209,1,"$59,407",2.8
CM65,11,E,17,13,E,0110,1,GS-13,G,XXXX,8,10,F,1,200209,1,"$70,644",10.5
CM65,11,F,17,15,D,0110,1,GS-15,J,XXXX,8,10,P,2,200209,1,"$104,336",9.0
CM65,11,H,17,14,D,0110,1,GS-14,H,XXXX,8,10,F,1,200209,1,"$86,090",7.3
CM65,11,E,13,13,E,0110,1,GS-13,G,XXXX,8,10,F,1,200209,1,"$72,851",12.2
CM65,11,H,17,14,G,0110,1,GS-14,H,XXXX,8,10,F,1,200209,1,"$86,090",23.3
CM65,11,G,13,15,H,0110,1,GS-15,J,XXXX,8,10,F,1,200209,1,"$107,405",26.2
CM65,11,H,21,13,H,0110,1,GM-13,H,XXXX,5,10,F,1,200209,1,"$86,095",27.6
CM65,11,H,17,15,I,0110,1,GM-15,K,XXXX,5,10,F,1,200209,1,"$119,682",30.0
CM65,11,G,21,,E,0110,1,ES-03,M,XXXX,2,55,F,1,200209,1,"$137,901",12.2
CM65,11,K,21,,H,0110,1,ES-04,M,XXXX,2,50,F,1,200209,1,"$138,200",26.8
CM65,11,F,17,15,F,0110,1,GS-15,I,XXXX,8,10,F,1,200209,1,"$98,198",18.4
CM65,11,G,17,15,D,0110,1,GS-15,J,XXXX,2,10,F,1,200209,1,"$107,405",7.8
CM65,11,I,21,15,I,0110,1,GM-15,K,XXXX,5,10,F,1,200209,1,"$119,682",31.7
CM65,11,J,21,,G,0110,1,ES-05,M,XXXX,2,50,F,1,200209,1,"$138,200",24.0
CM65,11,F,17,13,E,0110,1,GS-13,G,XXXX,8,10,F,1,200209,1,"$77,266",10.3
CM65,11,H,18,15,G,0110,1,GM-15,K,XXXX,5,10,F,1,200209,1,"$116,493",24.2
CM65,11,I,,,D,0110,1,EX-03,M,XXXX,2,46,F,2,200209,1,"$138,200",7.4
CM65,11,I,21,15,E,0110,1,GS-15,I,XXXX,8,10,F,1,200209,1,"$92,060",10.9
CM65,11,J,17,15,J,0110,1,GM-15,K,XXXX,5,10,F,1,200209,1,"$119,682",35.3
CM65,11,H,12,14,G,0110,1,GS-14,I,XXXX,8,10,F,1,200209,1,"$91,308",22.8
CM65,11,D,17,14,D,0110,1,GS-14,H,XXXX,8,10,F,1,200209,1,"$88,699",7.6
CT00,11,H,17,14,G,0110,1,GM-14,I,XXXX,5,10,F,1,200209,1,"$95,230",24.3
CT00,36,I,17,13,G,0110,1,GS-13,H,XXXX,8,10,F,1,200209,1,"$86,709",23.8
CT00,36,D,13,12,D,0110,1,GS-12,F,XXXX,8,10,F,1,200209,1,"$65,242",5.7
CT00,11,G,13,13,G,0110,1,GS-13,H,XXXX,8,10,F,1,200209,1,"$86,095",23.9
CT00,36,F,13,12,G,0110,1,GS-12,F,XXXX,8,10,F,1,200209,1,"$69,079",20.8
CT00,36,I,13,12,I,0110,1,GS-12,G,XXXX,8,10,F,1,200209,1,"$70,998",34.8
CT00,36,H,17,13,G,0110,1,GM-13,H,XXXX,5,10,F,1,200209,1,"$87,857",21.9
CT00,36,H,18,15,H,0110,1,GS-15,K,XXXX,2,10,F,1,200209,1,"$117,363",28.3
CT00,36,E,17,13,E,0110,1,GS-13,G,XXXX,8,10,F,1,200209,1,"$77,583",11.5
CT00,11,F,17,15,F,0110,1,GS-15,J,XXXX,8,10,F,1,200209,1,"$104,336",15.5
CT00,36,F,17,13,E,0110,1,GS-13,G,XXXX,8,10,F,1,200209,1,"$79,865",14.4
CT00,36,B,17,11,B,0110,1,GS-11,D,XXXX,8,15,F,1,200209,1,"$48,032",1.7
CT00,17,G,13,13,G,0110,1,GM-13,H,XXXX,5,10,F,1,200209,1,"$85,093",23.6
CT00,11,D,21,13,C,0110,1,GS-13,G,XXXX,8,10,F,1,200209,1,"$70,644",4.9
CT00,11,F,17,14,F,0110,1,GS-14,I,XXXX,2,10,F,1,200209,1,"$93,916",16.3
CT00,11,G,17,13,F,0110,1,GS-13,H,XXXX,8,10,F,1,200209,1,"$81,680",19.7
CT00,11,E,13,13,E,0110,1,GS-13,G,XXXX,8,10,F,1,200209,1,"$77,266",11.5
CT00,11,H,17,15,H,0110,1,GS-15,K,XXXX,2,10,F,1,200209,1,"$119,682",28.3
CT00,29,I,17,13,I,0110,1,GM-13,H,XXXX,5,10,F,1,200209,1,"$82,242",30.8
CT00,17,F,17,13,F,0110,1,GS-13,H,XXXX,8,10,F,1,200209,1,"$81,683",16.9
CT00,17,F,13,12,F,0110,1,GS-12,G,XXXX,8,10,F,1,200209,1,"$70,597",18.2
CT00,17,D,15,12,D,0110,1,GS-12,F,XXXX,8,10,F,1,200209,1,"$66,782",8.3
CT00,17,H,17,15,I,0110,1,GS-15,L,XXXX,8,10,F,1,200209,1,"$123,010",31.3
CT00,17,F,17,12,E,0110,1,GS-12,F,XXXX,8,10,F,1,200209,1,"$68,690",13.3
CT00,17,I,13,13,I,0110,1,GS-13,H,XXXX,8,10,F,1,200209,1,"$88,489",33.6
CT00,17,G,17,12,E,0110,1,GS-12,G,XXXX,8,10,F,1,200209,1,"$70,597",14.3
CT00,17,H,17,12,H,0110,1,GS-12,G,XXXX,8,10,F,1,200209,1,"$74,413",28.5
CT00,11,F,17,13,E,0110,1,GS-13,H,XXXX,8,10,F,1,200209,1,"$81,680",10.8
CT00,11,I,17,13,H,0110,1,GS-13,H,XXXX,8,10,F,1,200209,1,"$86,095",27.0
CT00,17,E,17,12,C,0110,1,GS-12,E,XXXX,8,10,F,1,200209,1,"$59,151",3.7
CT00,17,E,13,12,E,0110,1,GS-12,G,XXXX,8,10,F,1,200209,1,"$70,597",12.1
CT00,11,J,21,15,H,0110,1,GS-15,K,XXXX,2,10,F,1,200209,1,"$119,682",27.8
CT00,11,D,17,13,D,0110,1,GS-13,F,XXXX,8,10,F,1,200209,1,"$68,436",5.8
CT00,17,H,17,13,H,0110,1,GS-13,H,XXXX,8,10,F,1,200209,1,"$88,489",28.3
CT00,11,F,,15,E,0110,1,GS-15,K,XXXX,2,20,F,2,200209,1,"$113,543",13.0
CT00,17,H,17,15,D,0110,1,GS-15,K,XXXX,2,10,F,1,200209,1,"$119,855",5.3
CT00,11,I,17,14,I,0110,1,GM-14,J,XXXX,2,10,F,1,200209,1,"$101,742",30.2
CT00,11,I,18,13,G,0110,1,GS-13,H,XXXX,8,10,F,1,200209,1,"$81,680",24.7
CT00,11,H,17,15,H,0110,1,GS-15,K,XXXX,8,10,F,1,200209,1,"$119,682",27.8
DD01,51,I,21,15,F,0110,1,GM-15,K,XXXX,5,10,F,1,200209,1,"$119,682",15.2
DD01,51,I,17,15,E,0110,1,GM-15,K,XXXX,5,10,F,1,200209,1,"$119,682",13.9
DD01,51,H,17,15,E,0110,1,GM-15,K,XXXX,5,10,F,1,200209,1,"$119,682",11.5
DD07,51,I,18,14,I,0110,1,GS-14,J,XXXX,8,10,F,1,200209,1,"$101,742",33.4
DD07,51,E,14,13,E,0110,1,GS-13,F,XXXX,8,10,F,1,200209,1,"$68,436",12.9
DD07,51,E,13,12,A,0110,1,GS-12,E,XXXX,8,15,F,1,200209,1,"$55,694",0.5
DD48,51,J,21,13,F,0110,1,GS-13,H,XXXX,8,10,F,1,200209,1,"$83,888",18.5
DD63,42,E,13,13,E,0110,1,GS-13,G,XXXX,8,10,F,1,200209,1,"$79,922",12.9
DJ01,11,H,17,13,I,0110,1,GS-13,H,XXXX,8,10,F,1,200209,1,"$86,095",30.0
DJ01,11,H,21,15,H,0110,1,GS-15,K,XXXX,8,10,F,1,200209,1,"$119,682",25.2
DJ01,11,E,15,15,D,0110,1,GS-15,J,XXXX,8,10,F,1,200209,1,"$104,336",7.2
DJ01,11,D,21,13,A,0110,1,GS-13,H,XXXX,8,15,F,1,200209,1,"$86,095",0.2
DJ01,11,G,17,,F,0110,1,ES-03,M,XXXX,2,50,F,1,200209,1,"$137,901",19.9
DJ01,11,E,21,15,E,0110,1,GS-15,I,XXXX,8,10,P,2,200209,1,"$92,060",10.3
DJ01,11,E,17,15,D,0110,1,GS-15,K,XXXX,8,10,F,1,200209,1,"$113,543",6.3
DJ01,11,H,18,15,H,0110,1,GS-15,K,XXXX,8,10,P,2,200209,1,"$119,682",25.1
DJ01,11,H,20,15,H,0110,1,GS-15,K,XXXX,8,10,F,1,200209,1,"$116,613",28.3
DJ01,11,H,21,15,H,0110,1,GS-15,K,XXXX,8,10,F,1,200209,1,"$119,682",28.3
DJ01,11,C,21,13,A,0110,1,GS-13,F,XXXX,8,15,F,1,200209,1,"$66,229",0.1
DJ01,11,G,21,15,E,0110,1,GS-15,K,XXXX,8,10,F,1,200209,1,"$119,682",11.2
DJ01,11,C,18,13,A,0110,1,GS-13,H,XXXX,8,15,F,1,200209,1,"$86,095",0.0
DJ01,11,G,22,14,C,0110,1,GS-14,I,XXXX,8,10,F,1,200209,1,"$93,916",3.7
DJ01,11,D,21,15,C,0110,1,GS-15,I,XXXX,8,10,F,1,200209,1,"$95,129",4.0
DJ01,11,E,21,15,C,0110,1,GS-15,I,XXXX,8,10,F,1,200209,1,"$95,129",3.9
DJ01,11,G,17,15,E,0110,1,GS-15,J,XXXX,8,10,F,1,200209,1,"$107,405",10.0
DJ01,11,E,19,15,E,0110,1,GS-15,K,XXXX,8,10,F,1,200209,1,"$113,543",12.0
DJ01,11,C,21,13,B,0110,1,GS-13,G,XXXX,8,15,F,1,200209,1,"$77,266",1.0
DJ01,11,H,15,15,H,0110,1,GS-15,K,XXXX,8,10,F,1,200209,1,"$119,682",25.8
DJ01,11,F,21,15,D,0110,1,GS-15,J,XXXX,8,10,F,1,200209,1,"$107,405",7.9
DJ01,11,E,21,14,C,0110,1,GS-14,H,XXXX,8,15,P,2,200209,1,"$83,482",3.0
DJ01,11,D,21,15,B,0110,1,GS-15,I,XXXX,8,15,F,1,200209,1,"$98,198",2.9
DJ01,11,D,21,15,C,0110,1,GS-15,I,XXXX,8,10,F,1,200209,1,"$98,198",4.1
DJ01,11,H,17,15,G,0110,1,GS-15,K,XXXX,8,10,F,1,200209,1,"$119,682",23.3
DJ01,11,H,21,,H,0110,1,ES-04,M,XXXX,2,50,F,1,200209,1,"$138,200",27.7
DJ01,11,D,21,15,D,0110,1,GS-15,J,XXXX,2,10,F,1,200209,1,"$104,336",8.2
DJ01,11,H,22,15,E,0110,1,GS-15,K,XXXX,8,10,F,1,200209,1,"$119,682",14.8
DJ01,11,D,17,15,D,0110,1,GS-15,J,XXXX,8,10,F,1,200209,1,"$104,336",5.2
DJ01,11,H,15,15,H,0110,1,GS-15,L,XXXX,8,10,F,1,200209,1,"$129,069",25.4
DJ01,11,C,21,13,A,0110,1,GS-13,H,XXXX,8,15,F,1,200209,1,"$86,095",0.1
DJ01,11,H,21,15,G,0110,1,GM-15,K,XXXX,2,10,F,1,200209,1,"$119,682",24.9
DJ01,11,E,21,15,D,0110,1,GS-15,J,XXXX,8,10,F,1,200209,1,"$101,267",7.1
DJ01,11,D,21,14,C,0110,1,GS-14,H,XXXX,8,15,F,1,200209,1,"$83,482",3.0
DJ01,11,F,17,15,D,0110,1,GS-15,J,XXXX,8,10,F,1,200209,1,"$104,336",7.2
DJ01,11,I,17,15,D,0110,1,GS-15,K,XXXX,8,10,F,1,200209,1,"$119,682",9.2
DJ01,11,I,21,15,I,0110,1,GS-15,K,XXXX,8,10,F,1,200209,1,"$119,682",30.4
DJ01,11,E,21,15,D,0110,1,GS-15,J,XXXX,8,10,F,1,200209,1,"$101,267",6.2
DJ01,17,H,21,15,F,0110,1,GS-15,K,XXXX,8,10,F,1,200209,1,"$119,855",15.8
DJ01,11,G,21,15,F,0110,1,GS-15,K,XXXX,8,10,P,2,200209,1,"$119,682",18.9
DJ01,11,G,16,,F,0110,1,ES-04,M,XXXX,2,50,F,1,200209,1,"$138,200",17.0
DJ01,11,E,21,15,C,0110,1,GS-15,J,XXXX,8,10,F,1,200209,1,"$101,267",4.0
DJ01,11,K,14,15,J,0110,1,GM-15,K,XXXX,2,10,F,1,200209,1,"$119,682",40.3
DJ01,11,G,21,15,D,0110,1,GS-15,K,XXXX,8,10,F,1,200209,1,"$113,543",5.0
DJ01,11,F,21,15,D,0110,1,GS-15,J,XXXX,8,10,F,1,200209,1,"$104,336",7.2
DJ01,11,H,21,15,E,0110,1,GS-15,K,XXXX,8,10,F,1,200209,1,"$116,613",12.8
DJ01,11,E,17,15,C,0110,1,GS-15,I,XXXX,8,10,F,1,200209,1,"$95,129",4.3
DJ01,11,D,22,14,B,0110,1,GS-14,H,XXXX,8,15,F,1,200209,1,"$80,873",2.0
DJ01,11,H,21,15,H,0110,1,GS-15,K,XXXX,8,10,F,1,200209,1,"$119,682",26.0
DJ01,11,D,21,13,B,0110,1,GS-13,G,XXXX,8,15,F,1,200209,1,"$70,644",1.1
DJ01,11,I,21,15,H,0110,1,GS-15,K,XXXX,8,10,F,1,200209,1,"$119,682",27.0
DJ01,11,D,17,15,D,0110,1,GS-15,I,XXXX,8,10,F,1,200209,1,"$98,198",5.3
DJ01,11,I,21,15,F,0110,1,GM-15,K,XXXX,2,10,F,1,200209,1,"$119,682",19.9
DJ01,11,C,14,13,A,0110,1,GS-13,H,XXXX,8,15,F,1,200209,1,"$86,095",0.2
DJ01,06,I,21,15,I,0110,1,GS-15,L,XXXX,8,10,F,1,200209,1,"$127,798",30.3
DJ01,11,F,21,15,E,0110,1,GS-15,K,XXXX,8,10,F,1,200209,1,"$116,613",12.0
DJ01,11,E,21,15,D,0110,1,GS-15,I,XXXX,8,10,F,1,200209,1,"$95,129",6.1
DJ01,11,F,17,15,E,0110,1,GS-15,K,XXXX,8,10,F,1,200209,1,"$119,682",12.8
DJ01,11,G,21,15,E,0110,1,GS-15,K,XXXX,8,10,F,1,200209,1,"$119,682",14.3
DJ01,11,E,21,15,E,0110,1,GS-15,K,XXXX,2,10,F,1,200209,1,"$113,543",13.9
DJ01,11,G,17,15,G,0110,1,GS-15,K,XXXX,8,10,F,1,200209,1,"$119,682",21.9
DLBL,11,G,17,13,F,0110,1,GS-13,G,XXXX,8,10,F,1,200209,1,"$70,644",15.1
DLBL,11,E,17,14,E,0110,1,GS-14,I,XXXX,8,10,F,1,200209,1,"$96,525",10.8
DLBL,11,H,17,13,I,0110,1,GS-13,H,XXXX,8,10,F,1,200209,1,"$86,095",30.3
DLBL,11,I,21,14,H,0110,1,GS-14,J,XXXX,8,10,F,1,200209,1,"$101,742",28.7
DLBL,11,I,21,15,I,0110,1,GS-15,K,XXXX,5,10,F,1,200209,1,"$119,682",32.1
DLBL,11,H,17,15,I,0110,1,GS-15,J,XXXX,5,10,F,1,200209,1,"$107,405",32.3
DLBL,11,I,17,14,I,0110,1,GS-14,J,XXXX,5,10,F,1,200209,1,"$101,742",30.3
DLBL,11,I,17,13,I,0110,1,GS-13,H,XXXX,8,10,F,1,200209,1,"$86,095",32.3
DLBL,11,H,13,14,H,0110,1,GS-14,J,XXXX,8,10,P,2,200209,1,"$101,742",26.3
DLBL,11,I,13,13,G,0110,1,GS-13,G,XXXX,8,10,F,1,200209,1,"$77,266",21.6
DLBL,11,H,21,13,E,0110,1,GS-13,G,XXXX,8,10,F,1,200209,1,"$79,473",13.3
DLBL,11,G,17,13,E,0110,1,GS-13,G,XXXX,8,10,P,2,200209,1,"$79,473",13.5
DLBL,11,I,21,15,H,0110,1,GM-15,K,XXXX,2,10,F,1,200209,1,"$119,682",27.0
DLBL,11,H,22,12,F,0110,1,GS-12,F,XXXX,8,10,F,1,200209,1,"$68,687",19.1
DLBL,11,J,15,15,J,0110,1,GM-15,K,XXXX,2,10,F,1,200209,1,"$119,682",39.1
DLBL,11,D,17,12,C,0110,1,GS-12,E,XXXX,8,15,F,1,200209,1,"$59,407",3.2
DLBL,11,H,13,14,E,0110,1,GS-14,J,XXXX,8,10,F,1,200209,1,"$101,742",11.6
DLBL,11,J,15,14,J,0110,1,GS-14,J,XXXX,2,10,F,1,200209,1,"$101,742",43.8
DLBL,11,H,14,13,F,0110,1,GS-13,H,XXXX,8,10,F,1,200209,1,"$83,888",15.5
DLES,11,I,18,14,I,0110,1,GS-14,J,XXXX,8,10,F,1,200209,1,"$101,742",31.6
DLES,11,G,13,12,H,0110,1,GS-12,G,XXXX,8,10,F,1,200209,1,"$72,400",26.9
DLET,11,H,13,12,F,0110,1,GS-12,F,XXXX,8,10,F,1,200209,1,"$66,831",19.0
DLET,11,K,13,12,H,0110,1,GS-12,G,XXXX,8,10,F,1,200209,1,"$72,400",29.8
DLET,11,F,13,11,C,0110,1,GS-11,E,XXXX,8,15,F,1,200209,1,"$58,857",3.7
DLET,11,J,21,14,H,0110,1,GS-14,J,XXXX,5,10,F,1,200209,1,"$101,742",26.8
DLLS,25,I,04,06,C,0119,3,GS-06,C,XXXX,8,10,P,2,200209,1,"$30,703",3.2
DLLS,11,D,17,11,B,0110,1,GS-11,D,XXXX,8,15,F,1,200209,1,"$46,469",2.7
DLLS,36,E,17,05,A,0119,3,GS-05,B,XXXX,8,15,P,2,200209,1,"$26,527",0.2
DLLS,25,E,13,12,F,0110,1,GS-12,F,XXXX,8,10,F,1,200209,1,"$69,975",16.5
DLLS,11,B,13,09,B,0110,1,GS-09,C,XXXX,8,15,F,1,200209,1,"$38,406",1.2
DLLS,25,C,13,12,C,0110,1,GS-12,E,XXXX,8,15,F,1,200209,1,"$58,629",4.6
DLLS,25,D,13,07,E,0119,3,GS-07,D,XXXX,8,10,P,2,200209,1,"$41,584",12.0
DLLS,25,H,17,12,H,0110,1,GS-12,F,XXXX,8,10,F,1,200209,1,"$68,084",28.1
DLLS,25,D,13,12,E,0110,1,GS-12,F,XXXX,8,10,F,1,200209,1,"$62,411",11.3
DLLS,11,C,17,07,A,0110,1,GS-07,C,XXXX,8,15,F,1,200209,1,"$39,772",0.8
DLLS,11,E,17,13,D,0110,1,GS-13,G,XXXX,8,10,F,1,200209,1,"$75,058",9.8
DLLS,11,E,17,12,C,0110,1,GS-12,E,XXXX,8,10,F,1,200209,1,"$59,407",4.2
DLLS,50,I,13,07,D,0119,3,GS-07,C,XXXX,8,10,P,2,200209,1,"$32,638",5.4
DLLS,11,C,13,12,C,0110,1,GS-12,E,XXXX,8,10,F,1,200209,1,"$57,550",4.3
DLLS,25,H,13,12,F,0110,1,GS-12,F,XXXX,2,10,F,1,200209,1,"$62,411",19.3
DLLS,25,H,13,12,H,0110,1,GS-12,G,XXXX,8,10,F,1,200209,1,"$73,757",29.0
DLLS,11,G,21,14,E,0110,1,GS-14,I,XXXX,8,10,F,1,200209,1,"$91,308",11.0
DLLS,25,G,17,13,H,0110,1,GS-13,G,XXXX,2,10,F,1,200209,1,"$78,714",25.3
DLLS,11,H,14,15,I,0110,1,GS-15,J,XXXX,2,10,F,1,200209,1,"$107,405",30.4
DLLS,25,G,13,13,F,0110,1,GS-13,G,XXXX,2,10,F,1,200209,1,"$76,466",17.8
DLLS,11,E,14,12,C,0110,1,GS-12,E,XXXX,8,15,F,1,200209,1,"$55,694",4.6
DLLS,11,G,17,12,E,0110,1,GS-12,F,XXXX,8,10,P,2,200209,1,"$66,831",12.4
DLLS,25,G,13,12,H,0110,1,GS-12,G,XXXX,8,10,F,1,200209,1,"$71,866",25.3
DLLS,11,E,13,13,D,0110,1,GS-13,G,XXXX,2,10,F,1,200209,1,"$72,851",9.5
DLLS,11,C,17,12,C,0110,1,GS-12,E,XXXX,8,10,F,1,200209,1,"$57,550",3.0
DLLS,25,B,17,11,B,0110,1,GS-11,D,XXXX,8,15,F,1,200209,1,"$48,918",2.1
DLLS,25,C,13,11,C,0110,1,GS-11,E,XXXX,8,10,F,1,200209,1,"$50,495",4.2
DLLS,25,J,13,12,I,0110,1,GS-12,G,XXXX,8,10,F,1,200209,1,"$71,866",34.8
DLLS,01,I,07,07,E,0119,3,GS-07,C,XXXX,8,10,P,2,200209,1,"$36,718",14.9
DLLS,11,I,21,12,D,0110,1,GS-12,F,XXXX,8,10,F,1,200209,1,"$61,263",9.1
DLLS,25,E,13,12,F,0110,1,GS-12,F,XXXX,8,10,F,1,200209,1,"$68,084",16.9
DLLS,06,C,13,09,B,0110,1,GS-09,C,XXXX,8,15,F,1,200209,1,"$39,980",1.3
DLLS,11,J,21,13,H,0110,1,GS-13,H,XXXX,8,10,F,1,200209,1,"$86,095",25.2
DLLS,13,F,13,11,F,0110,1,GS-11,E,XXXX,8,10,F,1,200209,1,"$56,414",17.3
DLLS,25,F,13,12,F,0110,1,GS-12,F,XXXX,8,10,F,1,200209,1,"$66,193",18.3
DLLS,25,F,04,06,C,0119,3,GS-06,C,XXXX,8,10,P,2,200209,1,"$31,662",4.7
DLLS,11,I,18,14,I,0110,1,GS-14,J,XXXX,8,10,F,1,200209,1,"$101,742",33.0
DLLS,25,G,13,14,G,0110,1,GS-14,I,XXXX,2,10,F,1,200209,1,"$90,362",23.8
DLLS,25,H,13,06,C,0119,3,GS-06,C,XXXX,8,10,P,2,200209,1,"$30,703",3.6
DLLS,25,F,17,12,E,0110,1,GS-12,G,XXXX,8,10,F,1,200209,1,"$73,757",12.8
DLLS,11,C,13,11,C,0110,1,GS-11,D,XXXX,8,15,F,1,200209,1,"$46,469",3.0
DLLS,11,H,17,12,I,0110,1,GS-12,F,XXXX,8,10,F,1,200209,1,"$68,687",30.3
DLLS,25,F,13,12,F,0110,1,GS-12,F,XXXX,8,10,F,1,200209,1,"$68,084",18.8
DLLS,11,I,21,15,H,0110,1,GM-15,K,XXXX,2,10,F,1,200209,1,"$118,130",28.3
DLLS,25,G,17,13,F,0110,1,GS-13,G,XXXX,2,10,F,1,200209,1,"$76,466",16.9
DLLS,11,H,17,15,H,0110,1,GS-15,K,XXXX,2,10,F,1,200209,1,"$110,474",27.3
DLLS,25,J,13,12,G,0110,1,GS-12,F,XXXX,8,10,F,1,200209,1,"$64,302",24.3
DLLS,11,F,17,12,E,0110,1,GS-12,E,XXXX,8,10,F,1,200209,1,"$57,550",11.0
DLLS,11,F,13,12,D,0110,1,GS-12,E,XXXX,8,10,F,1,200209,1,"$57,550",6.8
DLLS,25,H,17,13,G,0110,1,GM-13,H,XXXX,2,10,F,1,200209,1,"$87,709",24.9
DLLS,25,I,18,15,I,0110,1,GS-15,K,XXXX,2,10,F,1,200209,1,"$112,546",34.4
DLLS,11,J,14,14,J,0110,1,GM-14,J,XXXX,2,10,F,1,200209,1,"$101,742",40.8
DLLS,11,H,11,15,I,0110,1,GM-15,K,XXXX,2,10,F,1,200209,1,"$115,509",30.3
DLLS,11,E,13,13,E,0110,1,GS-13,G,XXXX,8,10,P,2,200209,1,"$79,473",14.0
DLLS,11,I,17,15,I,0110,1,GS-15,J,XXXX,2,10,F,1,200209,1,"$104,336",33.9
DLLS,25,H,13,12,H,0110,1,GS-12,F,XXXX,8,10,F,1,200209,1,"$64,302",27.8
DLLS,25,E,13,12,E,0110,1,GS-12,F,XXXX,8,10,F,1,200209,1,"$68,084",14.8
DLLS,11,G,13,12,G,0110,1,GS-12,F,XXXX,8,10,F,1,200209,1,"$63,119",24.3
DLLS,25,E,13,11,B,0110,1,GS-11,D,XXXX,8,15,F,1,200209,1,"$47,341",2.7
DLLS,25,E,13,12,F,0110,1,GS-12,F,XXXX,8,10,F,1,200209,1,"$69,975",16.7
DLLS,25,F,13,12,E,0110,1,GS-12,F,XXXX,8,10,F,1,200209,1,"$62,411",14.8
DLLS,25,B,13,07,A,0110,1,GS-07,C,XXXX,8,15,F,1,200209,1,"$31,986",0.0
DLLS,29,I,17,12,I,0110,1,GS-12,G,XXXX,8,10,F,1,200209,1,"$70,971",31.0
DLLS,25,I,17,14,I,0110,1,GS-14,I,XXXX,2,10,F,1,200209,1,"$93,020",32.7
DLLS,11,G,22,,F,0110,1,ES-01,L,XXXX,*,50,F,1,200209,1,"$125,972",16.2
DLLS,11,F,13,12,D,0110,1,GS-12,E,XXXX,8,10,F,1,200209,1,"$55,694",8.0
DLLS,25,C,13,09,B,0110,1,GS-09,C,XXXX,8,15,F,1,200209,1,"$39,126",1.2
DLLS,25,K,13,07,D,0119,3,GS-07,C,XXXX,8,10,P,2,200209,1,"$35,185",5.5
DLLS,11,I,13,,J,0110,1,ES-05,M,XXXX,2,50,F,1,200209,1,"$138,200",37.0
DLLS,11,H,17,14,H,0110,1,GS-14,I,XXXX,2,10,F,1,200209,1,"$93,916",26.4
DLLS,11,E,13,13,F,0110,1,GS-13,G,XXXX,8,10,F,1,200209,1,"$72,851",15.2
DLLS,48,K,10,07,D,0119,3,GS-07,C,XXXX,8,10,P,2,200209,1,"$36,747",6.2
DLLS,11,J,21,13,I,0110,1,GS-13,H,XXXX,8,10,F,1,200209,1,"$86,095",31.0
DLLS,25,H,04,07,D,0119,3,GS-07,C,XXXX,8,15,P,2,200209,1,"$31,617",5.3
DLLS,11,F,13,12,G,0110,1,GS-12,F,XXXX,8,10,F,1,200209,1,"$68,687",23.3
DLLS,25,D,13,09,D,0110,1,GS-09,D,XXXX,8,15,F,1,200209,1,"$40,430",6.2
DLLS,25,E,13,13,E,0110,1,GS-13,G,XXXX,2,10,F,1,200209,1,"$74,217",12.3
DLLS,17,K,04,05,B,0119,3,GS-05,B,XXXX,8,15,P,2,200209,1,"$26,921",2.8
DLLS,11,I,13,12,I,0110,1,GS-12,G,XXXX,8,10,F,1,200209,1,"$72,400",34.8
DLLS,11,F,13,12,E,0110,1,GS-12,F,XXXX,8,10,F,1,200209,1,"$61,263",12.5
DLLS,25,C,13,09,B,0110,1,GS-09,C,XXXX,8,15,F,1,200209,1,"$39,126",1.9
DLLS,25,J,14,13,J,0110,1,GM-13,H,XXXX,2,10,F,1,200209,1,"$87,709",39.8
DLLS,25,F,13,11,C,0110,1,GS-11,D,XXXX,8,10,F,1,200209,1,"$48,918",3.7
DLLS,25,K,13,06,D,0119,3,GS-06,C,XXXX,8,10,P,2,200209,1,"$30,288",6.0
DLLS,11,E,17,12,D,0110,1,GS-12,F,XXXX,8,10,F,1,200209,1,"$61,263",9.1
DLLS,11,B,13,11,B,0110,1,GS-11,D,XXXX,8,15,F,1,200209,1,"$46,469",2.3
DLLS,25,D,13,07,C,0110,1,GS-07,C,XXXX,8,10,F,1,200209,1,"$33,052",3.5
DLLS,25,G,13,14,G,0110,1,GS-14,I,XXXX,2,10,F,1,200209,1,"$95,677",23.9
DLLS,11,D,13,13,E,0110,1,GS-13,G,XXXX,8,10,F,1,200209,1,"$70,644",11.1
DLLS,11,D,13,13,E,0110,1,GS-13,G,XXXX,8,10,F,1,200209,1,"$75,058",12.3
DLLS,11,H,21,14,H,0110,1,GM-14,J,XXXX,2,10,F,1,200209,1,"$101,316",26.0
DLLS,11,B,13,09,B,0110,1,GS-09,C,XXXX,8,15,P,2,200209,1,"$39,686",2.3
DLLS,26,J,17,07,G,0119,3,GS-07,D,XXXX,8,10,P,2,200209,1,"$42,001",24.3
DLLS,09,I,13,07,E,0119,3,GS-07,C,XXXX,8,10,P,2,200209,1,"$38,567",14.6
DLLS,11,H,17,14,H,0110,1,GM-14,I,XXXX,2,10,F,1,200209,1,"$96,525",26.3
DLLS,11,F,17,15,G,0110,1,GS-15,J,XXXX,2,10,F,1,200209,1,"$107,405",21.7
DLLS,11,J,13,13,J,0110,1,GS-13,H,XXXX,8,10,F,1,200209,1,"$86,095",39.3
DLLS,11,I,17,13,G,0110,1,GS-13,H,XXXX,2,10,F,1,200209,1,"$86,095",22.9
DLLS,16,I,04,06,C,0119,3,GS-06,C,XXXX,8,15,P,2,200209,1,"$30,288",4.8
DLLS,11,H,14,13,I,0110,1,GS-13,H,XXXX,8,10,F,1,200209,1,"$86,095",30.1
DLLS,11,D,21,13,B,0110,1,GS-13,G,XXXX,8,15,F,1,200209,1,"$75,058",1.2
DLLS,11,D,13,13,D,0110,1,GS-13,F,XXXX,2,10,F,1,200209,1,"$66,229",7.3
DLLS,36,F,21,05,A,0119,3,GS-05,B,XXXX,8,15,P,2,200209,1,"$26,527",0.3
DLLS,36,I,13,07,F,0119,3,GS-07,D,XXXX,8,10,P,2,200209,1,"$41,109",16.5
DLLS,11,D,21,13,C,0110,1,GS-13,G,XXXX,8,10,F,1,200209,1,"$75,058",3.2
DLLS,25,E,13,09,B,0110,1,GS-09,C,XXXX,8,15,F,1,200209,1,"$39,126",1.7
DLLS,06,J,08,07,G,0119,3,GS-07,C,XXXX,8,10,P,2,200209,1,"$37,738",20.8
DLLS,09,H,13,07,D,0119,3,GS-07,C,XXXX,8,10,P,2,200209,1,"$37,495",6.4
DLLS,11,H,13,12,H,0110,1,GS-12,F,XXXX,8,10,F,1,200209,1,"$68,687",28.4
DLLS,11,I,18,15,J,0110,1,GM-15,K,XXXX,2,10,F,1,200209,1,"$119,682",37.1
DLLS,11,F,17,13,E,0110,1,GS-13,G,XXXX,8,10,F,1,200209,1,"$70,644",13.0
DLLS,11,E,13,13,E,0110,1,GS-13,G,XXXX,8,10,F,1,200209,1,"$70,644",13.6
DLLS,11,B,13,11,B,0110,1,GS-11,D,XXXX,8,15,F,1,200209,1,"$46,469",2.3
DLLS,09,K,17,07,D,0119,3,GS-07,C,XXXX,8,10,P,2,200209,1,"$37,495",8.9
DLLS,12,J,13,07,D,0119,3,GS-07,C,XXXX,8,10,P,2,200209,1,"$32,638",7.8
DLLS,11,H,14,13,H,0110,1,GS-13,G,XXXX,8,10,F,1,200209,1,"$79,473",27.5
DLLS,11,G,13,12,H,0110,1,GS-12,G,XXXX,8,10,F,1,200209,1,"$72,400",25.0
DLLS,11,E,17,12,E,0110,1,GS-12,F,XXXX,8,10,F,1,200209,1,"$61,263",14.0
DLLS,25,G,13,07,D,0119,3,GS-07,C,XXXX,8,10,P,2,200209,1,"$33,658",5.4
DLLS,11,C,13,13,D,0110,1,GS-13,F,XXXX,8,10,F,1,200209,1,"$66,229",5.7
DLLS,25,D,13,12,E,0110,1,GS-12,F,XXXX,8,10,F,1,200209,1,"$64,302",11.3
DLLS,13,I,13,13,H,0110,1,GS-13,G,XXXX,2,10,F,1,200209,1,"$71,714",28.6
DLLS,11,I,15,12,I,0110,1,GS-12,G,XXXX,8,10,F,1,200209,1,"$72,400",31.6
DLLS,25,H,13,07,G,0119,3,GS-07,C,XXXX,8,10,P,2,200209,1,"$39,779",20.3
DLLS,25,E,17,09,B,0110,1,GS-09,C,XXXX,8,15,F,1,200209,1,"$39,126",1.1
DLLS,34,H,13,13,H,0110,1,GM-13,H,XXXX,2,10,F,1,200209,1,"$88,991",28.4
DLLS,11,E,17,13,E,0110,1,GS-13,G,XXXX,8,10,F,1,200209,1,"$72,851",11.3
DLLS,11,H,17,13,H,0110,1,GS-13,H,XXXX,8,10,F,1,200209,1,"$83,888",26.8
DLLS,37,G,13,12,G,0110,1,GS-12,F,XXXX,8,10,F,1,200209,1,"$63,320",22.7
DLLS,11,G,21,13,D,0110,1,GS-13,G,XXXX,8,10,F,1,200209,1,"$72,851",8.6
DLLS,13,C,13,07,A,0110,1,GS-07,C,XXXX,8,15,F,1,200209,1,"$30,907",0.4
DLLS,36,I,13,12,E,0110,1,GS-12,F,XXXX,8,10,F,1,200209,1,"$69,079",12.2
DLLS,11,D,13,12,C,0110,1,GS-12,E,XXXX,8,10,F,1,200209,1,"$57,550",4.3
DLLS,06,H,14,12,H,0110,1,GS-12,G,XXXX,8,10,F,1,200209,1,"$71,363",29.4
DLLS,34,E,13,07,E,0119,3,GS-07,D,XXXX,8,10,P,2,200209,1,"$42,191",13.3
DLLS,11,B,13,07,A,0110,1,GS-07,C,XXXX,8,15,F,1,200209,1,"$31,397",0.0
DLLS,45,K,04,07,G,0119,3,GS-07,C,XXXX,8,10,P,2,200209,1,"$38,758",21.3
DLLS,11,C,17,11,B,0110,1,GS-11,D,XXXX,8,15,F,1,200209,1,"$46,469",1.3
DLLS,11,B,13,09,B,0110,1,GS-09,C,XXXX,8,15,F,1,200209,1,"$38,406",1.2
DLLS,36,J,13,07,D,0119,3,GS-07,C,XXXX,8,10,P,2,200209,1,"$34,678",7.7
DLLS,11,B,13,09,B,0110,1,GS-09,C,XXXX,8,15,F,1,200209,1,"$38,406",1.0
DLLS,29,I,18,12,H,0110,1,GS-12,F,XXXX,8,10,F,1,200209,1,"$69,151",26.0
DLLS,11,C,13,09,B,0110,1,GS-09,C,XXXX,8,15,F,1,200209,1,"$38,406",1.3
DLLS,11,I,13,13,G,0110,1,GS-13,H,XXXX,8,10,F,1,200209,1,"$81,680",24.3
DLLS,06,G,13,12,G,0110,1,GS-12,G,XXXX,8,10,F,1,200209,1,"$73,345",24.0
DLLS,25,C,13,12,D,0110,1,GS-12,E,XXXX,8,10,F,1,200209,1,"$58,629",5.6
DLLS,36,K,17,12,I,0110,1,GS-12,G,XXXX,8,10,F,1,200209,1,"$72,916",33.5
DLLS,11,F,13,12,F,0110,1,GS-12,F,XXXX,8,10,F,1,200209,1,"$61,263",19.3
DLLS,12,F,13,06,E,0119,3,GS-06,B,XXXX,8,15,P,2,200209,1,"$27,534",13.5
DLLS,42,E,07,06,C,0119,3,GS-06,C,XXXX,8,15,P,2,200209,1,"$31,255",4.8
DLLS,11,B,13,07,A,0110,1,GS-07,C,XXXX,8,15,F,1,200209,1,"$31,397",0.8
DLLS,11,H,13,13,H,0110,1,GM-13,H,XXXX,2,10,F,1,200209,1,"$83,898",27.6
DLLS,11,F,17,13,F,0110,1,GM-13,H,XXXX,2,10,F,1,200209,1,"$81,680",15.8
DLLS,11,F,17,12,E,0110,1,GS-12,F,XXXX,8,10,F,1,200209,1,"$63,119",14.0
DLLS,11,J,21,14,E,0110,1,GS-14,I,XXXX,2,10,F,1,200209,1,"$91,308",13.0
DLLS,36,G,13,12,G,0110,1,GS-12,F,XXXX,8,10,F,1,200209,1,"$67,161",23.3
DLLS,11,C,17,12,B,0110,1,GS-12,E,XXXX,8,15,F,1,200209,1,"$55,694",2.9
DLLS,36,H,13,05,B,0119,3,GS-05,C,XXXX,8,15,P,2,200209,1,"$34,061",1.2
DLLS,11,I,17,13,I,0110,1,GS-13,H,XXXX,2,10,F,1,200209,1,"$86,095",33.1
DLLS,11,H,14,14,I,0110,1,GS-14,I,XXXX,2,10,F,1,200209,1,"$93,916",31.2
DLLS,11,J,18,13,J,0110,1,GS-13,H,XXXX,8,10,F,1,200209,1,"$86,095",37.1
DLLS,36,K,14,11,G,0110,1,GS-11,E,XXXX,8,10,F,1,200209,1,"$59,236",20.0
DLLS,11,G,13,12,H,0110,1,GS-12,E,XXXX,8,10,F,1,200209,1,"$59,407",27.8
DLLS,11,G,17,13,G,0110,1,GS-13,G,XXXX,8,10,F,1,200209,1,"$77,266",22.0
DLLS,06,B,13,07,A,0110,1,GS-07,C,XXXX,8,15,F,1,200209,1,"$33,526",0.9
DLLS,11,I,18,,J,0110,1,ES-04,M,XXXX,2,50,F,1,200209,1,"$138,200",36.4
DLLS,36,I,13,12,F,0110,1,GS-12,G,XXXX,8,10,F,1,200209,1,"$70,998",18.4
DLLS,11,F,13,11,C,0110,1,GS-11,D,XXXX,8,42,P,2,200209,1,"$48,018",4.6
DLLS,27,K,13,07,G,0119,3,GS-07,D,XXXX,8,10,P,2,200209,1,"$40,848",20.6
DLLS,22,K,13,05,C,0119,3,GS-05,B,XXXX,8,15,P,2,200209,1,"$25,525",3.3
DLLS,13,E,13,11,D,0110,1,GS-11,D,XXXX,8,10,F,1,200209,1,"$45,744",7.8
DLLS,36,K,09,07,F,0119,3,GS-07,C,XXXX,8,10,P,2,200209,1,"$38,945",16.9
DLLS,36,I,04,07,E,0119,3,GS-07,C,XXXX,8,10,P,2,200209,1,"$37,863",13.0
DLLS,36,E,13,12,E,0110,1,GS-12,F,XXXX,8,10,F,1,200209,1,"$67,161",13.2
DLLS,11,G,18,14,F,0110,1,GS-14,I,XXXX,8,10,P,2,200209,1,"$96,525",19.5
DLLS,36,E,13,09,D,0110,1,GS-09,D,XXXX,8,15,F,1,200209,1,"$41,021",6.4
DLLS,11,H,21,14,E,0110,1,GS-14,I,XXXX,8,10,F,1,200209,1,"$93,916",11.3
DLLS,11,G,13,12,G,0110,1,GS-12,F,XXXX,8,10,F,1,200209,1,"$68,687",24.3
DLLS,11,D,17,12,D,0110,1,GS-12,E,XXXX,8,10,F,1,200209,1,"$57,550",5.3
DLLS,36,D,17,12,D,0110,1,GS-12,E,XXXX,8,10,F,1,200209,1,"$59,486",6.0
DLLS,34,E,17,12,D,0110,1,GS-12,F,XXXX,8,10,F,1,200209,1,"$63,323",7.7
DLLS,01,E,04,07,D,0119,3,GS-07,C,XXXX,8,10,P,2,200209,1,"$32,638",8.8
DLLS,11,E,13,12,D,0110,1,GS-12,E,XXXX,8,10,F,1,200209,1,"$57,550",7.6
DLLS,11,B,13,07,A,0110,1,GS-07,C,XXXX,8,15,F,1,200209,1,"$31,397",0.1
DLLS,11,E,17,13,E,0110,1,GS-13,G,XXXX,8,10,F,1,200209,1,"$75,058",12.3
DLLS,11,G,13,12,G,0110,1,GS-12,G,XXXX,8,10,F,1,200209,1,"$70,543",23.3
DLLS,11,E,21,14,E,0110,1,GS-14,H,XXXX,8,10,F,1,200209,1,"$83,482",10.0
DLLS,36,F,14,12,D,0110,1,GS-12,F,XXXX,8,10,F,1,200209,1,"$63,323",7.6
DLLS,34,F,17,12,F,0110,1,GS-12,F,XXXX,8,10,F,1,200209,1,"$67,161",15.7
DLLS,34,E,13,12,E,0110,1,GS-12,G,XXXX,8,10,F,1,200209,1,"$70,998",13.8
DLLS,11,J,13,12,H,0110,1,GS-12,G,XXXX,8,10,F,1,200209,1,"$70,543",26.2
DLLS,11,J,13,12,F,0110,1,GS-12,F,XXXX,8,10,F,1,200209,1,"$61,263",16.8
DLLS,36,H,13,12,H,0110,1,GS-12,G,XXXX,8,10,F,1,200209,1,"$72,916",28.8
DLLS,42,G,13,14,H,0110,1,GS-14,I,XXXX,2,10,F,1,200209,1,"$91,824",27.3
DLLS,06,J,17,07,C,0119,3,GS-07,C,XXXX,8,10,P,2,200209,1,"$33,774",4.5
DLLS,13,B,17,09,B,0110,1,GS-09,C,XXXX,8,15,F,1,200209,1,"$37,807",1.1
DLLS,11,C,17,12,B,0110,1,GS-12,E,XXXX,8,15,F,1,200209,1,"$55,694",2.2
DLLS,36,J,15,12,I,0110,1,GS-12,G,XXXX,8,10,F,1,200209,1,"$70,998",33.3
DLLS,36,G,13,06,B,0119,3,GS-06,B,XXXX,8,15,P,2,200209,1,"$27,534",2.1
DLLS,24,K,17,06,D,0119,3,GS-06,C,XXXX,8,10,P,2,200209,1,"$31,080",7.6
DLLS,36,I,13,06,D,0119,3,GS-06,C,XXXX,8,10,P,2,200209,1,"$33,099",9.9
DLLS,42,I,13,13,I,0110,1,GS-13,G,XXXX,2,10,F,1,200209,1,"$77,702",30.4
DLLS,06,H,13,12,H,0110,1,GS-12,G,XXXX,8,10,F,1,200209,1,"$75,327",25.6
DLLS,36,J,17,12,F,0110,1,GS-12,F,XXXX,8,10,F,1,200209,1,"$69,079",15.4
DLLS,11,C,13,12,C,0110,1,GS-12,E,XXXX,8,10,F,1,200209,1,"$57,550",4.3
DLLS,36,G,13,06,G,0119,3,GS-06,C,XXXX,8,10,P,2,200209,1,"$36,993",22.9
DLLS,36,F,13,12,F,0110,1,GS-12,F,XXXX,2,10,F,1,200209,1,"$63,323",17.2
DLLS,36,F,10,05,A,0119,3,GS-05,B,XXXX,8,15,P,2,200209,1,"$26,527",0.9
DLLS,48,D,13,12,E,0110,1,GS-12,F,XXXX,8,10,F,1,200209,1,"$60,944",11.3
DLLS,42,C,13,12,C,0110,1,GS-12,E,XXXX,2,10,F,1,200209,1,"$56,009",3.4
DLLS,11,F,14,14,G,0110,1,GS-14,H,XXXX,2,10,F,1,200209,1,"$88,699",22.0
DLLS,36,H,05,06,G,0119,3,GS-06,C,XXXX,8,10,P,2,200209,1,"$34,878",22.2
DLLS,11,E,13,13,E,0110,1,GS-13,G,XXXX,8,10,F,1,200209,1,"$72,851",14.3
DLLS,36,D,13,12,D,0110,1,GS-12,F,XXXX,8,10,F,1,200209,1,"$63,323",7.6
DLLS,36,J,13,12,J,0110,1,GS-12,H,XXXX,8,10,F,1,200209,1,"$87,208",39.2
DLLS,11,E,13,12,E,0110,1,GS-12,E,XXXX,8,10,F,1,200209,1,"$55,694",11.6
DLLS,13,F,12,09,B,0110,1,GS-09,C,XXXX,8,15,F,1,200209,1,"$37,807",1.2
DLLS,11,D,17,11,B,0110,1,GS-11,D,XXXX,8,15,F,1,200209,1,"$46,469",2.3
DLLS,36,E,13,12,E,0110,1,GS-12,F,XXXX,8,10,F,1,200209,1,"$63,323",11.0
DLLS,11,G,13,13,H,0110,1,GS-13,G,XXXX,2,10,F,1,200209,1,"$75,058",26.3
DLLS,11,G,13,14,F,0110,1,GS-14,I,XXXX,2,10,F,1,200209,1,"$91,308",15.3
DLLS,36,I,13,12,J,0110,1,GS-12,G,XXXX,2,10,F,1,200209,1,"$72,916",37.9
DLLS,11,H,14,14,I,0110,1,GM-14,I,XXXX,2,10,F,1,200209,1,"$98,051",30.0
DLLS,06,H,13,06,B,0119,3,GS-06,B,XXXX,8,15,P,2,200209,1,"$29,515",2.8
DLLS,11,D,17,12,B,0110,1,GS-12,E,XXXX,8,15,F,1,200209,1,"$55,694",2.7
DLLS,36,K,13,05,C,0119,3,GS-05,B,XXXX,8,15,P,2,200209,1,"$24,701",4.7
DLLS,11,G,17,12,F,0110,1,GS-12,F,XXXX,8,10,F,1,200209,1,"$68,687",16.9
DLLS,36,H,13,05,B,0119,3,GS-05,B,XXXX,8,15,P,2,200209,1,"$24,701",2.1
DLLS,11,B,13,12,C,0110,1,GS-12,E,XXXX,8,10,F,1,200209,1,"$55,694",3.0
DLLS,36,I,08,07,F,0119,3,GS-07,C,XXXX,8,10,P,2,200209,1,"$36,718",15.8
DLLS,11,C,09,12,C,0110,1,GS-12,E,XXXX,8,10,F,1,200209,1,"$59,407",3.0
DLLS,11,H,13,13,H,0110,1,GS-13,H,XXXX,8,10,F,1,200209,1,"$81,680",26.7
DLLS,36,B,04,05,A,0119,3,GS-05,B,XXXX,8,15,P,2,200209,1,"$26,527",0.9
DLLS,36,D,13,05,B,0119,3,GS-05,B,XXXX,8,15,P,2,200209,1,"$27,285",1.3
DLLS,11,G,17,15,H,0110,1,GS-15,J,XXXX,2,10,F,1,200209,1,"$104,336",26.1
DLLS,06,G,17,12,F,0110,1,GS-12,G,XXXX,8,10,F,1,200209,1,"$71,503",17.2
DLLS,11,D,13,13,E,0110,1,GS-13,G,XXXX,8,10,F,1,200209,1,"$72,851",10.0
DLLS,36,D,13,11,B,0110,1,GS-11,D,XXXX,2,15,F,1,200209,1,"$48,032",2.0
DLLS,39,K,17,06,D,0119,3,GS-06,C,XXXX,8,10,P,2,200209,1,"$30,862",6.9
DLLS,06,J,17,12,H,0110,1,GS-12,F,XXXX,8,10,F,1,200209,1,"$67,399",25.0
DLLS,11,H,17,13,I,0110,1,GS-13,H,XXXX,8,10,F,1,200209,1,"$86,095",30.0
DLLS,13,G,13,12,G,0110,1,GS-12,G,XXXX,8,10,F,1,200209,1,"$71,270",22.7
DLLS,11,E,13,12,D,0110,1,GS-12,F,XXXX,8,10,F,1,200209,1,"$63,119",9.6
DLLS,11,H,21,14,G,0110,1,GS-14,I,XXXX,8,10,F,1,200209,1,"$91,308",24.2
DLLS,11,G,17,11,B,0110,1,GS-11,D,XXXX,8,15,F,1,200209,1,"$46,469",1.7
DLLS,36,H,13,06,B,0119,3,GS-06,C,XXXX,8,15,P,2,200209,1,"$30,178",2.0
DLLS,11,I,15,13,J,0110,1,GM-13,H,XXXX,2,10,F,1,200209,1,"$86,095",36.3
DLLS,36,G,18,13,F,0110,1,GS-13,G,XXXX,2,10,F,1,200209,1,"$73,020",15.3
DLLS,11,H,15,,I,0110,1,ES-02,M,XXXX,2,50,F,1,200209,1,"$131,881",32.5
DLLS,11,F,17,13,F,0110,1,GS-13,G,XXXX,8,10,F,1,200209,1,"$77,266",15.0
DLLS,36,H,13,05,B,0119,3,GS-05,B,XXXX,8,15,P,2,200209,1,"$27,285",1.2
DLLS,11,B,13,09,B,0110,1,GS-09,C,XXXX,8,15,F,1,200209,1,"$38,406",1.1
DLLS,11,B,17,09,B,0110,1,GS-09,D,XXXX,8,15,F,1,200209,1,"$40,966",1.2
DLLS,06,F,13,12,E,0110,1,GS-12,F,XXXX,8,10,F,1,200209,1,"$63,774",10.3
DLLS,11,C,13,12,C,0110,1,GS-12,E,XXXX,8,10,F,1,200209,1,"$57,550",4.3
DLLS,11,D,13,13,E,0110,1,GS-13,G,XXXX,8,10,F,1,200209,1,"$72,851",10.3
DLLS,11,H,17,15,G,0110,1,GS-15,J,XXXX,2,10,F,1,200209,1,"$104,336",22.0
DLLS,36,H,14,13,I,0110,1,GS-13,H,XXXX,8,10,F,1,200209,1,"$88,991",30.6
DLLS,34,H,13,12,H,0110,1,GS-12,F,XXXX,8,10,F,1,200209,1,"$69,079",28.9
DLLS,11,E,13,13,E,0110,1,GS-13,G,XXXX,8,10,F,1,200209,1,"$70,644",11.4
DLLS,11,B,13,11,B,0110,1,GS-11,D,XXXX,8,15,F,1,200209,1,"$46,469",2.3
DLLS,36,H,17,05,B,0119,3,GS-05,B,XXXX,8,15,P,2,200209,1,"$27,285",1.8
DLLS,11,C,13,07,A,0110,1,GS-07,C,XXXX,8,15,F,1,200209,1,"$31,397",0.8
DLLS,11,G,13,13,G,0110,1,GS-13,H,XXXX,8,10,F,1,200209,1,"$81,680",22.5
DLLS,11,D,13,12,D,0110,1,GS-12,E,XXXX,8,10,F,1,200209,1,"$59,407",5.3
DLLS,11,C,13,12,C,0110,1,GS-12,E,XXXX,8,10,F,1,200209,1,"$55,694",3.0
DLLS,11,B,13,07,A,0110,1,GS-07,C,XXXX,8,15,F,1,200209,1,"$31,397",0.3
DLLS,11,I,17,12,D,0110,1,GS-12,E,XXXX,8,10,F,1,200209,1,"$57,550",8.6
DLLS,11,E,13,12,E,0110,1,GS-12,F,XXXX,8,10,F,1,200209,1,"$61,263",11.6
DLLS,11,B,13,12,C,0110,1,GS-12,E,XXXX,8,10,F,1,200209,1,"$55,694",3.3
DLLS,11,H,17,13,E,0110,1,GS-13,G,XXXX,8,10,F,1,200209,1,"$77,266",14.3
DLLS,11,F,21,14,E,0110,1,GS-14,I,XXXX,8,10,F,1,200209,1,"$93,916",14.9
DLLS,45,G,13,06,B,0119,3,GS-06,B,XXXX,8,15,P,2,200209,1,"$27,534",2.3
DLLS,11,H,21,14,H,0110,1,GS-14,J,XXXX,8,10,F,1,200209,1,"$101,742",25.8
DLLS,11,E,17,13,D,0110,1,GS-13,F,XXXX,8,10,F,1,200209,1,"$68,436",9.0
DLLS,11,B,13,07,A,0110,1,GS-07,C,XXXX,8,15,F,1,200209,1,"$31,397",0.0
DLLS,39,J,13,06,C,0119,3,GS-06,C,XXXX,8,10,P,2,200209,1,"$30,862",4.9
DLLS,12,I,04,07,D,0119,3,GS-07,C,XXXX,8,10,P,2,200209,1,"$34,678",8.3
DLLS,36,I,04,05,B,0119,3,GS-05,B,XXXX,8,15,P,2,200209,1,"$27,285",2.9
DLLS,25,H,17,12,F,0110,1,GS-12,G,XXXX,8,10,F,1,200209,1,"$73,757",18.3
DLLS,11,H,17,15,H,0110,1,GM-15,K,XXXX,2,10,F,1,200209,1,"$116,041",28.1
DLLS,11,B,13,09,B,0110,1,GS-09,C,XXXX,8,15,F,1,200209,1,"$38,406",1.3
DLLS,36,G,13,12,G,0110,1,GS-12,F,XXXX,8,10,F,1,200209,1,"$69,079",20.1
DLLS,34,G,13,12,H,0110,1,GS-12,G,XXXX,2,10,F,1,200209,1,"$70,998",27.3
DLLS,11,D,13,14,E,0110,1,GS-14,H,XXXX,8,10,F,1,200209,1,"$80,873",10.5
DLLS,11,I,17,14,I,0110,1,GM-14,J,XXXX,2,10,F,1,200209,1,"$101,742",31.3
DLLS,42,G,13,13,G,0110,1,GM-13,H,XXXX,2,10,F,1,200209,1,"$84,362",23.2
DLLS,11,B,13,09,B,0110,1,GS-09,C,XXXX,8,15,F,1,200209,1,"$38,406",1.1
DLLS,13,H,13,12,D,0110,1,GS-12,E,XXXX,8,10,F,1,200209,1,"$54,825",7.6
DLLS,11,H,13,12,H,0110,1,GS-12,G,XXXX,8,10,F,1,200209,1,"$72,400",28.3
DLLS,11,G,13,12,G,0110,1,GS-12,F,XXXX,8,10,F,1,200209,1,"$66,831",21.9
DLLS,11,B,13,07,A,0110,1,GS-07,C,XXXX,8,15,F,1,200209,1,"$31,397",0.8
DLLS,11,B,13,09,B,0110,1,GS-09,C,XXXX,8,15,F,1,200209,1,"$38,406",1.2
DLLS,34,H,13,12,H,0110,1,GS-12,F,XXXX,8,10,F,1,200209,1,"$69,079",28.5
DLLS,42,F,13,11,F,0110,1,GS-11,D,XXXX,8,10,F,1,200209,1,"$46,732",15.9
DLLS,11,D,21,13,C,0110,1,GS-13,G,XXXX,*,15,F,1,200209,1,"$72,851",3.0
DLLS,11,B,13,09,B,0110,1,GS-09,C,XXXX,8,15,F,1,200209,1,"$38,406",1.3
DLLS,34,F,13,05,B,0119,3,GS-05,B,XXXX,8,15,P,2,200209,1,"$27,073",1.8
DLLS,42,D,13,12,D,0110,1,GS-12,F,XXXX,8,10,F,1,200209,1,"$61,609",8.6
DLLS,11,F,13,14,F,0110,1,GM-14,I,XXXX,2,10,F,1,200209,1,"$93,916",18.3
DLLS,34,G,13,12,G,0110,1,GS-12,G,XXXX,8,10,F,1,200209,1,"$72,916",24.4
DLLS,34,E,17,12,E,0110,1,GS-12,F,XXXX,8,10,F,1,200209,1,"$67,161",14.2
DLLS,11,B,13,07,A,0110,1,GS-07,C,XXXX,8,15,F,1,200209,1,"$31,397",0.1
DLLS,36,G,13,12,F,0110,1,GS-12,F,XXXX,8,10,F,1,200209,1,"$63,323",15.7
DLLS,36,B,13,07,A,0110,1,GS-07,C,XXXX,8,15,F,1,200209,1,"$32,453",0.3
DLLS,11,H,14,13,H,0110,1,GS-13,G,XXXX,8,10,F,1,200209,1,"$75,058",28.4
DLLS,11,E,13,13,E,0110,1,GS-13,G,XXXX,8,15,F,1,200209,1,"$72,851",12.7
DLLS,11,D,17,13,D,0110,1,GS-13,F,XXXX,2,10,F,1,200209,1,"$66,229",7.2
DLLS,11,C,21,12,A,0110,1,GS-12,G,XXXX,8,15,F,1,200209,1,"$70,543",0.0
DLLS,34,H,10,05,A,0119,3,GS-05,B,XXXX,8,15,P,2,200209,1,"$26,200",0.3
DLLS,29,F,13,13,G,0110,1,GM-13,H,XXXX,4,10,F,1,200209,1,"$80,078",23.3
DLLS,11,J,17,15,H,0110,1,GS-15,K,XXXX,8,10,F,1,200209,1,"$119,682",28.0
DLLS,11,F,17,13,E,0110,1,GS-13,F,XXXX,8,10,F,1,200209,1,"$68,436",13.3
DLLS,11,H,17,13,G,0110,1,GS-13,H,XXXX,8,10,F,1,200209,1,"$83,888",24.2
DLLS,11,C,13,11,B,0110,1,GS-11,D,XXXX,8,20,F,2,200209,1,"$46,469",2.6
DLLS,34,G,04,06,C,0119,3,GS-06,C,XXXX,8,15,P,2,200209,1,"$32,125",4.7
DLLS,42,D,13,12,D,0110,1,GS-12,E,XXXX,8,10,F,1,200209,1,"$59,742",5.3
DLLS,11,B,13,09,B,0110,1,GS-09,C,XXXX,8,15,F,1,200209,1,"$38,406",1.3
DLLS,11,B,13,09,B,0110,1,GS-09,C,XXXX,8,15,F,1,200209,1,"$38,406",1.2
DLLS,34,G,13,05,D,0119,3,GS-05,C,XXXX,8,15,P,2,200209,1,"$34,061",7.0
DLLS,11,G,13,14,H,0110,1,GS-14,I,XXXX,2,10,F,1,200209,1,"$96,525",25.1
DLLS,34,G,14,12,H,0110,1,GS-12,G,XXXX,8,10,F,1,200209,1,"$74,835",26.7
DLLS,42,F,04,12,G,0110,1,GS-12,E,XXXX,8,10,F,1,200209,1,"$56,009",23.3
DLLS,11,E,17,12,D,0110,1,GS-12,F,XXXX,8,10,F,1,200209,1,"$61,263",9.2
DLLS,34,I,13,12,J,0110,1,GS-12,G,XXXX,8,10,F,1,200209,1,"$74,835",36.2
DLLS,02,I,14,07,F,0119,3,GS-07,C,XXXX,8,10,P,2,200209,1,"$35,676",19.3
DLLS,34,I,13,05,B,0119,3,GS-05,B,XXXX,8,15,P,2,200209,1,"$27,073",2.3
DLLS,06,H,13,12,G,0110,1,GS-12,G,XXXX,8,10,F,1,200209,1,"$73,345",24.0
DLLS,11,H,17,13,H,0110,1,GS-13,H,XXXX,8,10,F,1,200209,1,"$83,888",25.0
DLLS,27,G,13,07,B,0110,1,GS-07,C,XXXX,8,15,F,1,200209,1,"$32,467",1.2
DLLS,34,F,07,06,D,0119,3,GS-06,C,XXXX,8,10,P,2,200209,1,"$32,125",6.9
DLLS,11,D,13,12,D,0110,1,GS-12,E,XXXX,8,10,F,1,200209,1,"$59,407",5.3
DLLS,11,J,19,14,J,0110,1,GS-14,I,XXXX,2,10,F,1,200209,1,"$96,525",37.5
DLLS,36,J,13,07,D,0119,3,GS-07,C,XXXX,8,15,P,2,200209,1,"$35,699",5.3
DLLS,11,J,17,12,F,0110,1,GS-12,F,XXXX,8,10,F,1,200209,1,"$61,263",18.2
DLLS,11,H,21,,A,0110,1,EX-04,M,XXXX,2,46,F,2,200209,1,"$130,000",0.2
DLLS,11,D,13,13,E,0110,1,GS-13,F,XXXX,8,10,F,1,200209,1,"$68,436",11.3
DLLS,09,K,13,07,H,0119,3,GS-07,D,XXXX,8,10,P,2,200209,1,"$41,109",28.5
DLLS,11,G,13,13,G,0110,1,GS-13,H,XXXX,8,10,F,1,200209,1,"$83,888",22.0
DLLS,11,H,14,12,I,0110,1,GS-12,G,XXXX,8,10,F,1,200209,1,"$72,400",32.2
DLLS,11,D,13,12,E,0110,1,GS-12,F,XXXX,8,10,F,1,200209,1,"$66,831",11.2
DLLS,51,G,13,07,E,0119,3,GS-07,C,XXXX,8,10,P,2,200209,1,"$36,631",11.3
DLLS,11,G,13,14,E,0110,1,GS-14,H,XXXX,8,10,F,1,200209,1,"$86,090",14.2
DLLS,34,G,13,12,G,0110,1,GS-12,G,XXXX,8,10,F,1,200209,1,"$70,998",20.4
DLLS,11,F,04,06,G,0119,3,GS-06,C,XXXX,8,10,F,1,200209,1,"$35,790",22.8
DLLS,41,D,13,12,E,0110,1,GS-12,F,XXXX,8,10,F,1,200209,1,"$61,351",10.4
DLLS,50,I,13,07,D,0119,3,GS-07,C,XXXX,8,10,P,2,200209,1,"$32,638",5.4
DLLS,11,D,21,14,D,0110,1,GS-14,H,XXXX,8,10,F,1,200209,1,"$80,873",7.0
DLLS,11,I,14,15,H,0110,1,GM-15,K,XXXX,2,10,F,1,200209,1,"$119,682",27.6
DLLS,42,I,04,05,A,0119,3,GS-05,B,XXXX,8,15,P,2,200209,1,"$24,701",0.3
DLLS,11,E,13,14,F,0110,1,GS-14,H,XXXX,8,10,P,2,200209,1,"$83,482",15.0
DLLS,42,K,04,07,F,0119,3,GS-07,C,XXXX,8,10,P,2,200209,1,"$37,891",16.9
DLLS,06,H,13,12,I,0110,1,GS-12,G,XXXX,4,10,F,1,200209,1,"$71,363",30.5
DLLS,11,H,13,14,H,0110,1,GM-14,I,XXXX,2,10,F,1,200209,1,"$96,387",25.7
DLLS,21,G,13,12,G,0110,1,GS-12,E,XXXX,8,10,F,1,200209,1,"$59,702",24.1
DLLS,11,H,14,14,H,0110,1,GM-14,J,XXXX,2,10,F,1,200209,1,"$100,225",28.8
DLLS,11,F,17,12,B,0110,1,GS-12,E,XXXX,8,15,F,1,200209,1,"$55,694",2.3
DLLS,42,H,17,12,H,0110,1,GS-12,G,XXXX,8,10,F,1,200209,1,"$72,809",28.0
DLLS,42,H,04,12,I,0110,1,GS-12,F,XXXX,8,10,F,1,200209,1,"$69,075",31.8
DLLS,11,D,13,13,D,0110,1,GS-13,F,XXXX,8,10,F,1,200209,1,"$68,436",9.7
DLLS,42,E,13,12,E,0110,1,GS-12,F,XXXX,8,10,F,1,200209,1,"$69,075",13.0
DLLS,11,K,21,12,G,0110,1,GS-12,G,XXXX,8,10,F,1,200209,1,"$72,400",22.1
DLLS,42,I,10,05,A,0119,3,GS-05,B,XXXX,8,15,P,2,200209,1,"$25,490",0.6
DLLS,11,G,13,14,G,0110,1,GM-14,I,XXXX,2,10,F,1,200209,1,"$97,836",24.4
DLLS,42,F,13,05,A,0119,3,GS-05,B,XXXX,8,15,P,2,200209,1,"$25,490",0.6
DLLS,17,F,17,12,F,0110,1,GS-12,F,XXXX,8,10,F,1,200209,1,"$68,690",15.5
DLLS,42,B,04,11,B,0110,1,GS-11,D,XXXX,8,15,F,1,200209,1,"$46,732",2.1
DLLS,11,J,18,15,J,0110,1,GS-15,K,XXXX,2,10,F,1,200209,1,"$119,682",39.1
DLLS,11,H,14,14,I,0110,1,GS-14,I,XXXX,2,10,F,1,200209,1,"$93,916",30.8
DLLS,11,F,17,13,F,0110,1,GS-13,G,XXXX,8,10,P,2,200209,1,"$72,851",15.4
DLLS,42,F,13,05,B,0119,3,GS-05,B,XXXX,8,15,P,2,200209,1,"$25,525",1.4
DLLS,11,E,13,13,E,0110,1,GS-13,G,XXXX,8,10,F,1,200209,1,"$72,851",14.1
DLLS,11,D,13,12,E,0110,1,GS-12,F,XXXX,8,10,P,2,200209,1,"$61,263",11.3
DLLS,11,C,13,09,B,0110,1,GS-09,C,XXXX,8,15,F,1,200209,1,"$38,406",1.9
DLLS,42,I,04,07,E,0119,3,GS-07,C,XXXX,8,10,P,2,200209,1,"$35,786",10.9
DLLS,11,H,14,15,H,0110,1,GS-15,J,XXXX,2,10,F,1,200209,1,"$104,336",26.0
DLLS,42,E,13,05,A,0119,3,GS-05,B,XXXX,8,15,P,2,200209,1,"$24,902",0.0
DLLS,11,E,13,13,E,0110,1,GS-13,G,XXXX,2,10,F,1,200209,1,"$72,851",12.8
DLLS,42,I,13,05,B,0119,3,GS-05,B,XXXX,8,15,P,2,200209,1,"$25,525",1.6
DLLS,42,D,13,12,E,0110,1,GS-12,F,XXXX,8,10,F,1,200209,1,"$61,609",11.5
DLLS,42,G,10,05,E,0119,3,GS-05,C,XXXX,8,10,P,2,200209,1,"$33,139",13.6
DLLS,11,D,13,12,D,0110,1,GS-12,E,XXXX,8,10,F,1,200209,1,"$59,407",9.3
DLLS,11,B,13,07,A,0110,1,GS-07,C,XXXX,8,15,F,1,200209,1,"$31,397",0.3
DLLS,06,K,10,07,E,0119,3,GS-07,C,XXXX,8,10,P,2,200209,1,"$35,953",11.3
DLLS,24,I,04,12,F,0110,1,GS-12,F,XXXX,2,10,F,1,200209,1,"$61,263",18.2
DLLS,51,D,13,12,E,0110,1,GS-12,F,XXXX,8,10,F,1,200209,1,"$60,268",10.2
DLLS,11,G,17,13,E,0110,1,GS-13,G,XXXX,8,10,F,1,200209,1,"$72,851",14.3
DLLS,11,F,04,06,G,0119,3,GS-06,C,XXXX,8,10,F,1,200209,1,"$35,790",23.2
DLLS,42,H,13,12,J,0110,1,GS-12,G,XXXX,8,10,F,1,200209,1,"$72,809",35.2
DLLS,11,E,13,14,F,0110,1,GS-14,I,XXXX,2,10,F,1,200209,1,"$91,308",16.8
DLLS,11,B,13,07,A,0110,1,GS-07,C,XXXX,8,15,F,1,200209,1,"$31,397",0.6
DLLS,11,H,14,14,I,0110,1,GM-14,J,XXXX,2,10,F,1,200209,1,"$101,742",30.1
DLLS,42,H,13,12,H,0110,1,GS-12,G,XXXX,8,10,F,1,200209,1,"$72,809",27.0
DLLS,11,D,13,13,E,0110,1,GS-13,G,XXXX,8,10,F,1,200209,1,"$72,851",10.5
DLLS,11,I,14,13,I,0110,1,GS-13,H,XXXX,8,10,F,1,200209,1,"$86,095",34.3
DLLS,11,E,21,14,C,0110,1,GS-14,H,XXXX,8,15,F,1,200209,1,"$86,090",3.3
DLLS,11,D,13,11,C,0110,1,GS-11,D,XXXX,8,15,F,1,200209,1,"$46,469",3.7
DLLS,42,G,13,14,G,0110,1,GS-14,H,XXXX,2,10,F,1,200209,1,"$89,200",23.9
DLLS,11,G,17,14,G,0110,1,GM-14,I,XXXX,2,10,F,1,200209,1,"$96,537",23.8
DLLS,11,E,17,13,E,0110,1,GS-13,G,XXXX,8,10,F,1,200209,1,"$70,644",12.3
DLLS,11,E,13,12,E,0110,1,GS-12,F,XXXX,8,10,F,1,200209,1,"$61,263",12.4
DLLS,42,G,04,05,B,0119,3,GS-05,B,XXXX,8,15,P,2,200209,1,"$25,525",1.4
DLLS,11,G,17,15,F,0110,1,GS-15,J,XXXX,8,10,F,1,200209,1,"$104,336",19.2
DLLS,42,E,13,12,E,0110,1,GS-12,F,XXXX,8,10,F,1,200209,1,"$69,075",13.3
DLLS,29,D,13,12,E,0110,1,GS-12,F,XXXX,8,10,F,1,200209,1,"$60,054",10.3
DLLS,06,F,17,12,C,0110,1,GS-12,E,XXXX,8,10,F,1,200209,1,"$59,910",4.4
DLLS,42,H,14,13,I,0110,1,GM-13,H,XXXX,2,10,F,1,200209,1,"$86,581",32.3
DLLS,42,I,14,14,I,0110,1,GS-14,I,XXXX,2,10,F,1,200209,1,"$91,824",32.5
DLLS,42,I,14,13,I,0110,1,GM-13,H,XXXX,2,10,F,1,200209,1,"$85,484",32.6
DLLS,36,G,13,05,B,0119,3,GS-05,B,XXXX,8,15,P,2,200209,1,"$27,285",1.3
DLLS,11,C,13,11,B,0110,1,GS-11,D,XXXX,8,15,F,1,200209,1,"$46,469",2.3
DLLS,11,D,13,13,E,0110,1,GS-13,G,XXXX,2,10,F,1,200209,1,"$77,266",12.2
DLLS,12,K,13,07,F,0119,3,GS-07,C,XXXX,8,10,P,2,200209,1,"$39,062",18.3
DLLS,06,D,13,13,E,0110,1,GS-13,G,XXXX,2,10,F,1,200209,1,"$75,434",11.3
DLLS,42,G,13,12,E,0110,1,GS-12,F,XXXX,8,10,F,1,200209,1,"$61,609",14.0
DLLS,11,D,13,12,D,0110,1,GS-12,E,XXXX,8,10,F,1,200209,1,"$57,550",5.3
DLLS,42,K,13,06,D,0119,3,GS-06,C,XXXX,8,10,P,2,200209,1,"$30,288",5.2
DLLS,11,G,13,12,F,0110,1,GS-12,F,XXXX,8,10,F,1,200209,1,"$63,119",15.4
DLLS,42,B,13,11,B,0110,1,GS-11,D,XXXX,8,15,F,1,200209,1,"$46,732",2.1
DLLS,42,K,04,07,G,0119,3,GS-07,C,XXXX,8,10,P,2,200209,1,"$39,072",24.8
DLLS,12,I,03,07,F,0110,1,GS-07,C,XXXX,8,10,F,1,200209,1,"$36,718",16.7
DLLS,11,F,13,14,E,0110,1,GS-14,H,XXXX,2,10,F,1,200209,1,"$86,090",14.8
DLLS,42,F,13,15,F,0110,1,GS-15,J,XXXX,2,10,F,1,200209,1,"$101,840",18.8
DLLS,42,F,10,07,E,0119,3,GS-07,C,XXXX,8,10,P,2,200209,1,"$35,987",12.8
DLLS,11,C,13,12,C,0110,1,GS-12,E,XXXX,8,10,F,1,200209,1,"$55,694",3.3
DLLS,26,K,13,05,C,0119,3,GS-05,B,XXXX,8,15,P,2,200209,1,"$28,690",4.6
DLLS,11,B,13,09,B,0110,1,GS-09,C,XXXX,8,15,F,1,200209,1,"$38,406",1.1
DLLS,42,H,13,12,H,0110,1,GS-12,G,XXXX,8,10,F,1,200209,1,"$70,942",28.2
DLLS,11,F,17,14,F,0110,1,GS-14,H,XXXX,8,10,F,1,200209,1,"$80,873",15.3
DLLS,11,C,13,11,B,0110,1,GS-11,D,XXXX,8,15,F,1,200209,1,"$46,469",2.8
DLLS,11,F,13,13,F,0110,1,GS-13,G,XXXX,8,10,F,1,200209,1,"$72,851",17.3
DLLS,42,B,13,11,B,0110,1,GS-11,D,XXXX,8,15,F,1,200209,1,"$45,652",2.0
DLLS,42,D,13,12,D,0110,1,GS-12,F,XXXX,8,10,F,1,200209,1,"$60,186",9.1
DLLS,42,H,13,12,H,0110,1,GS-12,F,XXXX,8,10,F,1,200209,1,"$68,746",29.0
DLLS,11,E,17,14,E,0110,1,GS-14,H,XXXX,8,10,F,1,200209,1,"$86,090",12.4
DLLS,11,B,13,11,B,0110,1,GS-11,D,XXXX,8,15,F,1,200209,1,"$46,469",2.2
DLLS,06,E,13,12,E,0110,1,GS-12,F,XXXX,8,10,F,1,200209,1,"$63,774",11.3
DLLS,42,D,13,13,E,0110,1,GS-13,G,XXXX,2,10,F,1,200209,1,"$73,263",11.3
DLLS,11,E,13,12,E,0110,1,GS-12,F,XXXX,8,10,F,1,200209,1,"$63,119",14.3
DLLS,42,G,13,12,G,0110,1,GS-12,F,XXXX,8,10,F,1,200209,1,"$67,209",20.9
DLLS,11,B,13,12,C,0110,1,GS-12,E,XXXX,8,15,F,1,200209,1,"$55,694",3.3
DLLS,11,C,13,09,B,0110,1,GS-09,C,XXXX,8,15,F,1,200209,1,"$38,406",1.8
DLLS,11,B,13,07,A,0110,1,GS-07,C,XXXX,8,15,F,1,200209,1,"$31,397",0.1
DLLS,42,I,08,07,E,0119,3,GS-07,C,XXXX,8,10,P,2,200209,1,"$37,016",13.4
DLLS,42,G,13,12,G,0110,1,GS-12,G,XXXX,8,10,F,1,200209,1,"$72,809",23.2
DLLS,18,E,13,12,D,0110,1,GS-12,E,XXXX,8,10,F,1,200209,1,"$59,817",6.2
DLLS,06,F,17,13,E,0110,1,GS-13,G,XXXX,2,10,F,1,200209,1,"$75,434",11.4
DLLS,11,E,13,13,E,0110,1,GS-13,G,XXXX,8,10,F,1,200209,1,"$72,851",11.6
DLLS,42,I,04,07,D,0119,3,GS-07,C,XXXX,8,10,P,2,200209,1,"$33,930",6.3
DLLS,13,G,04,07,G,0119,3,GS-07,C,XXXX,8,10,P,2,200209,1,"$39,151",23.2
DLLS,42,G,17,12,G,0110,1,GS-12,F,XXXX,8,10,F,1,200209,1,"$65,342",21.4
DLLS,11,G,14,13,G,0110,1,GS-13,H,XXXX,2,10,F,1,200209,1,"$81,680",20.1
DLLS,11,B,13,11,B,0110,1,GS-11,D,XXXX,8,15,F,1,200209,1,"$46,469",2.0
DLLS,11,B,13,11,B,0110,1,GS-11,D,XXXX,8,15,F,1,200209,1,"$46,469",2.2
DLLS,11,E,21,13,D,0110,1,GS-13,F,XXXX,8,10,F,1,200209,1,"$68,436",5.2
DLLS,42,F,10,05,A,0119,3,GS-05,B,XXXX,8,15,P,2,200209,1,"$24,902",0.0
DLLS,42,H,13,07,F,0119,3,GS-07,C,XXXX,8,10,P,2,200209,1,"$38,044",16.8
DLLS,12,F,10,05,A,0119,3,GS-05,B,XXXX,8,15,P,2,200209,1,"$24,701",0.3
DLLS,13,G,13,12,G,0110,1,GS-12,F,XXXX,8,10,F,1,200209,1,"$65,788",22.5
DLLS,42,B,13,11,B,0110,1,GS-11,D,XXXX,8,15,F,1,200209,1,"$46,732",2.1
DLLS,42,K,04,06,F,0119,3,GS-06,C,XXXX,8,10,P,2,200209,1,"$34,097",17.4
DLLS,42,G,08,12,G,0110,1,GS-12,G,XXXX,8,10,F,1,200209,1,"$72,809",24.9
DLLS,42,E,13,12,F,0110,1,GS-12,F,XXXX,2,10,F,1,200209,1,"$63,476",17.8
DLLS,11,E,13,13,E,0110,1,GS-13,G,XXXX,8,10,F,1,200209,1,"$75,058",13.1
DLLS,11,B,13,11,B,0110,1,GS-11,D,XXXX,8,15,F,1,200209,1,"$46,469",2.3
DLLS,11,C,13,12,C,0110,1,GS-12,E,XXXX,8,10,F,1,200209,1,"$55,694",3.2
DLLS,42,C,04,11,C,0110,1,GS-11,D,XXXX,8,10,F,1,200209,1,"$48,289",4.3
DLLS,42,D,04,06,F,0119,3,GS-06,C,XXXX,8,10,F,1,200209,1,"$35,044",16.9
DLLS,06,I,11,05,D,0119,3,GS-05,C,XXXX,8,15,P,2,200209,1,"$30,675",9.9
DLLS,42,I,04,06,D,0119,3,GS-06,C,XXXX,8,15,P,2,200209,1,"$31,255",5.2
DLLS,37,I,13,12,D,0110,1,GS-12,E,XXXX,8,10,F,1,200209,1,"$59,702",9.9
DLLS,11,C,13,09,B,0110,1,GS-09,C,XXXX,8,15,F,1,200209,1,"$38,406",1.2
DLLS,11,G,13,12,H,0110,1,GS-12,G,XXXX,8,10,F,1,200209,1,"$72,400",25.9
DLLS,11,F,17,12,D,0110,1,GS-12,E,XXXX,8,15,F,1,200209,1,"$55,694",8.3
DLLS,42,G,17,06,D,0119,3,GS-06,C,XXXX,8,10,P,2,200209,1,"$32,202",7.4
DLLS,11,E,17,12,C,0110,1,GS-12,E,XXXX,8,10,F,1,200209,1,"$57,550",4.6
DLLS,11,C,13,07,B,0110,1,GS-07,C,XXXX,8,42,P,2,200209,1,"$31,397",1.3
DLLS,11,B,13,09,B,0110,1,GS-09,C,XXXX,8,15,F,1,200209,1,"$38,406",1.3
DLLS,39,B,13,07,A,0110,1,GS-07,C,XXXX,8,15,F,1,200209,1,"$31,073",0.1
DLLS,11,C,13,12,C,0110,1,GS-12,E,XXXX,8,15,F,1,200209,1,"$55,694",3.2
DLLS,11,B,13,11,B,0110,1,GS-11,D,XXXX,8,15,F,1,200209,1,"$46,469",2.3
DLLS,13,H,13,13,G,0110,1,GS-13,G,XXXX,2,10,F,1,200209,1,"$78,233",24.8
DLLS,11,I,13,13,H,0110,1,GS-13,H,XXXX,8,10,F,1,200209,1,"$83,888",26.8
DLLS,11,F,17,12,F,0110,1,GS-12,F,XXXX,8,10,F,1,200209,1,"$66,831",19.5
DLLS,11,E,13,12,E,0110,1,GS-12,F,XXXX,8,10,F,1,200209,1,"$64,975",14.2
DLLS,11,G,04,12,E,0110,1,GS-12,E,XXXX,8,10,F,1,200209,1,"$57,550",11.3
DLLS,11,G,13,13,H,0110,1,GS-13,H,XXXX,8,10,F,1,200209,1,"$81,680",27.5
DLLS,11,H,13,12,H,0110,1,GS-12,F,XXXX,8,10,F,1,200209,1,"$66,831",27.4
DLLS,11,G,13,12,F,0110,1,GS-12,F,XXXX,8,10,F,1,200209,1,"$68,687",15.7
DLLS,11,G,13,12,F,0110,1,GS-12,F,XXXX,8,10,F,1,200209,1,"$66,831",15.0
DLLS,11,G,17,13,G,0110,1,GS-13,G,XXXX,8,10,F,1,200209,1,"$77,266",20.1
DLLS,24,F,13,12,F,0110,1,GS-12,F,XXXX,8,10,F,1,200209,1,"$66,831",19.3
DLLS,11,F,08,06,F,0119,3,GS-06,C,XXXX,8,10,F,1,200209,1,"$36,732",15.2
DLLS,11,E,04,06,F,0119,3,GS-06,C,XXXX,8,10,F,1,200209,1,"$32,964",17.1
DLLS,11,D,13,12,D,0110,1,GS-12,F,XXXX,8,10,F,1,200209,1,"$61,263",7.4
DLLS,11,C,13,12,D,0110,1,GS-12,E,XXXX,8,10,F,1,200209,1,"$59,407",5.2
DLLS,11,C,13,12,C,0110,1,GS-12,E,XXXX,8,10,F,1,200209,1,"$57,550",4.3
DLLS,11,B,11,04,A,0119,3,GS-04,B,XXXX,8,42,P,2,200209,1,"$23,030",0.9
DLLS,11,B,13,09,B,0110,1,GS-09,C,XXXX,8,15,F,1,200209,1,"$38,406",1.2
DLLS,11,B,13,07,A,0110,1,GS-07,C,XXXX,8,15,F,1,200209,1,"$31,397",0.8
DLLS,11,J,14,12,I,0110,1,GS-12,G,XXXX,8,10,F,1,200209,1,"$72,400",32.8
DLLS,11,I,13,12,I,0110,1,GS-12,F,XXXX,8,10,F,1,200209,1,"$66,831",33.6
DLLS,51,I,13,07,H,0119,3,GS-07,C,XXXX,8,10,P,2,200209,1,"$39,772",27.5
DLLS,11,H,14,14,I,0110,1,GM-14,I,XXXX,2,10,F,1,200209,1,"$98,348",31.6
DLLS,11,H,14,14,I,0110,1,GS-14,I,XXXX,8,10,F,1,200209,1,"$99,134",30.1
DLLS,11,I,14,14,I,0110,1,GM-14,J,XXXX,2,10,F,1,200209,1,"$101,742",33.1
DLLS,11,H,13,14,H,0110,1,GS-14,I,XXXX,2,10,F,1,200209,1,"$91,308",26.7
DLLS,11,F,13,13,F,0110,1,GS-13,H,XXXX,8,10,F,1,200209,1,"$83,888",18.1
DLLS,11,F,13,12,G,0110,1,GS-12,F,XXXX,8,10,P,2,200209,1,"$68,687",21.0
DLLS,11,F,13,12,F,0110,1,GS-12,F,XXXX,8,10,F,1,200209,1,"$66,831",17.0
DLLS,11,C,13,13,D,0110,1,GS-13,F,XXXX,2,10,F,1,200209,1,"$68,436",6.3
DLLS,11,F,13,12,G,0110,1,GS-12,F,XXXX,8,10,F,1,200209,1,"$66,831",20.8
DLLS,11,F,13,12,F,0110,1,GS-12,F,XXXX,8,10,F,1,200209,1,"$63,119",16.7
DLLS,11,E,13,13,D,0110,1,GS-13,G,XXXX,2,10,F,1,200209,1,"$70,644",7.5
DLLS,24,F,13,07,D,0119,3,GS-07,C,XXXX,8,15,P,2,200209,1,"$32,444",5.3
DLLS,11,D,13,12,D,0110,1,GS-12,F,XXXX,8,10,F,1,200209,1,"$61,263",9.6
DLLS,11,E,13,14,E,0110,1,GS-14,H,XXXX,8,10,F,1,200209,1,"$86,090",13.3
DLLS,11,D,13,13,D,0110,1,GS-13,F,XXXX,8,10,F,1,200209,1,"$68,436",5.2
DLLS,11,E,13,12,E,0110,1,GS-12,F,XXXX,8,10,F,1,200209,1,"$63,119",12.2
DLLS,11,B,11,07,A,0110,1,GS-07,C,XXXX,8,15,F,1,200209,1,"$31,397",0.2
DLLS,11,E,13,12,D,0110,1,GS-12,E,XXXX,8,10,F,1,200209,1,"$59,407",8.1
DLLS,11,B,13,11,B,0110,1,GS-11,D,XXXX,8,15,F,1,200209,1,"$46,469",2.3
DLLS,11,D,13,12,E,0110,1,GS-12,F,XXXX,8,10,P,2,200209,1,"$61,263",10.8
DLLS,11,D,17,12,C,0110,1,GS-12,E,XXXX,8,10,F,1,200209,1,"$57,550",4.4
DLLS,11,I,14,13,I,0110,1,GS-13,H,XXXX,8,10,F,1,200209,1,"$86,095",30.6
DLLS,11,H,13,14,I,0110,1,GM-14,J,XXXX,2,10,F,1,200209,1,"$100,320",31.4
DLLS,11,H,11,14,H,0110,1,GS-14,I,XXXX,8,10,F,1,200209,1,"$91,308",28.4
DLLS,42,E,13,12,F,0110,1,GS-12,F,XXXX,8,10,F,1,200209,1,"$60,186",15.3
DLLS,11,H,17,13,I,0110,1,GS-13,H,XXXX,8,10,F,1,200209,1,"$81,680",30.4
DLLS,24,H,04,05,B,0119,3,GS-05,B,XXXX,8,15,P,2,200209,1,"$27,037",2.2
DLLS,11,H,14,13,H,0110,1,GS-13,H,XXXX,8,10,F,1,200209,1,"$86,095",29.2
DLLS,24,G,13,12,G,0110,1,GS-12,G,XXXX,8,10,F,1,200209,1,"$70,543",23.9
DLLS,53,G,17,05,G,0119,3,GS-05,C,XXXX,8,15,P,2,200209,1,"$33,038",23.8
DLLS,11,E,17,12,B,0110,1,GS-12,E,XXXX,8,15,F,1,200209,1,"$55,694",2.0
DLLS,11,C,13,12,C,0110,1,GS-12,E,XXXX,8,10,F,1,200209,1,"$57,550",4.8
DLLS,11,C,13,12,C,0110,1,GS-12,E,XXXX,8,10,F,1,200209,1,"$57,550",4.0
DLLS,11,C,13,12,C,0110,1,GS-12,E,XXXX,8,15,F,1,200209,1,"$55,694",3.8
DLLS,11,E,04,14,E,0110,1,GS-14,H,XXXX,2,10,F,1,200209,1,"$80,873",13.3
DLLS,11,B,13,11,C,0110,1,GS-11,D,XXXX,8,15,F,1,200209,1,"$46,469",3.0
DLLS,11,B,13,07,A,0110,1,GS-07,C,XXXX,8,15,F,1,200209,1,"$31,397",0.9
DLLS,11,C,13,11,B,0110,1,GS-11,D,XXXX,8,15,F,1,200209,1,"$46,469",2.5
DLLS,11,C,13,07,A,0110,1,GS-07,C,XXXX,8,15,F,1,200209,1,"$31,397",0.3
DLLS,11,B,13,11,B,0110,1,GS-11,D,XXXX,8,15,F,1,200209,1,"$46,469",2.2
DLLS,11,B,13,09,B,0110,1,GS-09,D,XXXX,8,15,F,1,200209,1,"$40,966",1.2
DLLS,11,I,17,12,I,0110,1,GS-12,G,XXXX,8,10,F,1,200209,1,"$72,400",32.8
DLLS,11,H,14,13,I,0110,1,GS-13,H,XXXX,8,10,F,1,200209,1,"$81,680",30.3
DLLS,11,G,13,13,G,0110,1,GS-13,G,XXXX,8,10,F,1,200209,1,"$79,473",24.5
DLLS,11,H,13,15,H,0110,1,GM-15,K,XXXX,2,10,F,1,200209,1,"$116,375",29.4
DLLS,11,F,13,11,G,0110,1,GS-11,E,XXXX,8,10,F,1,200209,1,"$55,760",24.2
DLLS,11,H,14,13,I,0110,1,GS-13,H,XXXX,8,10,F,1,200209,1,"$83,888",32.2
DLLS,11,G,13,12,H,0110,1,GS-12,F,XXXX,8,10,P,2,200209,1,"$61,263",26.3
DLLS,11,H,13,14,I,0110,1,GM-14,J,XXXX,2,10,F,1,200209,1,"$101,742",32.0
DLLS,11,H,13,,H,0110,1,ES-04,M,XXXX,2,50,F,1,200209,1,"$138,200",28.1
DLLS,11,G,04,07,H,0119,3,GS-07,C,XXXX,8,10,F,1,200209,1,"$38,725",25.8
DLLS,11,G,13,12,G,0110,1,GS-12,F,XXXX,8,10,F,1,200209,1,"$64,975",21.0
DLLS,11,G,17,12,D,0110,1,GS-12,F,XXXX,8,10,F,1,200209,1,"$61,263",7.3
DLLS,11,G,17,12,E,0110,1,GS-12,F,XXXX,8,10,F,1,200209,1,"$61,263",11.8
DLLS,11,C,13,12,C,0110,1,GS-12,E,XXXX,8,10,F,1,200209,1,"$55,694",3.8
DLLS,11,E,04,11,F,0110,1,GS-11,D,XXXX,8,10,F,1,200209,1,"$46,469",18.9
DLLS,11,F,13,13,G,0110,1,GS-13,G,XXXX,8,10,F,1,200209,1,"$72,851",23.1
DLLS,11,D,13,12,D,0110,1,GS-12,F,XXXX,8,10,F,1,200209,1,"$61,263",9.8
DLLS,11,E,12,13,E,0110,1,GS-13,G,XXXX,8,10,F,1,200209,1,"$72,851",13.3
DLLS,11,E,04,12,F,0110,1,GS-12,F,XXXX,8,10,F,1,200209,1,"$61,263",16.7
DLLS,11,B,13,07,A,0110,1,GS-07,C,XXXX,8,15,F,1,200209,1,"$31,397",0.2
DLLS,11,E,13,13,E,0110,1,GS-13,G,XXXX,8,10,F,1,200209,1,"$75,058",13.6
DLLS,11,C,13,12,C,0110,1,GS-12,E,XXXX,8,15,F,1,200209,1,"$55,694",3.3
DLLS,11,B,13,09,B,0110,1,GS-09,C,XXXX,8,15,F,1,200209,1,"$38,406",1.2
DLLS,11,D,17,12,C,0110,1,GS-12,E,XXXX,8,15,F,1,200209,1,"$55,694",3.1
DLLS,11,D,13,07,B,0110,1,GS-07,C,XXXX,8,15,F,1,200209,1,"$31,397",2.3
DLLS,11,C,17,12,C,0110,1,GS-12,E,XXXX,2,10,F,1,200209,1,"$55,694",3.1
DLLS,11,F,17,12,C,0110,1,GS-12,E,XXXX,8,10,F,1,200209,1,"$55,694",3.7
DLLS,11,J,13,13,J,0110,1,GS-13,H,XXXX,8,10,F,1,200209,1,"$86,095",41.0
DLLS,11,H,14,12,F,0110,1,GS-12,F,XXXX,8,10,F,1,200209,1,"$68,687",16.3
DLLS,11,H,13,14,I,0110,1,GM-14,J,XXXX,2,10,F,1,200209,1,"$101,742",32.3
DLLS,11,H,14,15,I,0110,1,GS-15,K,XXXX,2,10,F,1,200209,1,"$110,474",32.8
DLLS,11,I,13,12,G,0110,1,GS-12,F,XXXX,8,10,F,1,200209,1,"$61,263",24.3
DLLS,11,E,13,12,E,0110,1,GS-12,F,XXXX,8,10,F,1,200209,1,"$61,263",12.8
DLLS,11,G,13,14,H,0110,1,GM-14,I,XXXX,2,10,F,1,200209,1,"$96,661",27.1
DLLS,11,G,14,13,H,0110,1,GS-13,H,XXXX,8,10,F,1,200209,1,"$81,680",26.2
DLLS,11,I,21,12,F,0110,1,GS-12,F,XXXX,8,10,F,1,200209,1,"$61,263",15.8
DLLS,11,F,04,13,G,0110,1,GS-13,G,XXXX,8,10,F,1,200209,1,"$79,473",22.7
DLLS,24,D,13,09,B,0110,1,GS-09,C,XXXX,8,15,F,1,200209,1,"$38,406",1.2
DLLS,11,E,17,11,D,0110,1,GS-11,E,XXXX,8,10,F,1,200209,1,"$51,115",5.5
DLLS,11,B,13,09,B,0110,1,GS-09,C,XXXX,8,15,F,1,200209,1,"$38,406",2.0
DLLS,11,I,13,12,F,0110,1,GS-12,F,XXXX,8,10,F,1,200209,1,"$61,263",15.4
DLLS,11,I,04,11,J,0119,3,GS-11,E,XXXX,2,10,F,1,200209,1,"$58,857",39.7
DLLS,11,F,13,12,E,0110,1,GS-12,F,XXXX,8,10,F,1,200209,1,"$61,263",14.4
DLLS,11,H,13,14,H,0110,1,GM-14,J,XXXX,2,10,F,1,200209,1,"$101,742",27.4
DLLS,24,D,04,12,E,0110,1,GS-12,E,XXXX,2,10,F,1,200209,1,"$57,550",14.9
DLLS,11,H,17,12,C,0110,1,GS-12,E,XXXX,8,10,F,1,200209,1,"$57,550",4.1
DLLS,06,G,13,07,E,0119,3,GS-07,D,XXXX,8,10,P,2,200209,1,"$40,312",12.9
DLLS,11,G,14,14,F,0110,1,GS-14,I,XXXX,8,10,F,1,200209,1,"$96,525",19.0
DLLS,48,F,17,13,F,0110,1,GS-13,G,XXXX,4,10,F,1,200209,1,"$76,864",17.4
DLLS,11,E,13,12,C,0110,1,GS-12,E,XXXX,8,10,F,1,200209,1,"$55,694",3.9
DLLS,11,F,12,12,F,0110,1,GS-12,F,XXXX,8,10,F,1,200209,1,"$64,975",15.3
DLLS,11,E,13,12,E,0110,1,GS-12,E,XXXX,8,10,F,1,200209,1,"$57,550",11.2
DLLS,11,D,13,13,E,0110,1,GS-13,G,XXXX,2,10,F,1,200209,1,"$70,644",11.3
DLLS,11,D,13,12,C,0110,1,GS-12,E,XXXX,8,10,F,1,200209,1,"$55,694",3.8
DLLS,11,D,04,06,E,0119,3,GS-06,C,XXXX,8,10,F,1,200209,1,"$35,790",14.3
DLLS,11,C,13,11,D,0110,1,GS-11,E,XXXX,8,10,F,1,200209,1,"$51,115",5.6
DLLS,11,J,17,13,J,0110,1,GS-13,H,XXXX,8,10,F,1,200209,1,"$86,095",38.0
DLLS,24,I,17,07,F,0119,3,GS-07,C,XXXX,8,10,P,2,200209,1,"$38,725",16.5
DLLS,06,I,13,13,I,0110,1,GS-13,H,XXXX,4,10,F,1,200209,1,"$87,219",33.1
DLLS,11,H,13,14,I,0110,1,GS-14,I,XXXX,2,10,F,1,200209,1,"$93,916",30.5
DLLS,11,H,04,12,I,0110,1,GS-12,G,XXXX,8,10,F,1,200209,1,"$70,543",32.8
DLLS,11,H,11,06,I,0119,3,GS-06,C,XXXX,8,10,F,1,200209,1,"$36,732",31.3
DLLS,11,H,14,13,H,0110,1,GM-13,H,XXXX,2,10,F,1,200209,1,"$81,690",29.1
DLLS,11,G,21,,G,0110,1,SL-00,M,XXXX,5,10,F,1,200209,1,"$131,881",20.3
DLLS,11,E,21,14,D,0110,1,GS-14,H,XXXX,8,10,F,1,200209,1,"$86,090",9.1
DLLS,11,I,21,12,B,0110,1,GS-12,E,XXXX,8,15,F,1,200209,1,"$55,694",2.2
DLLS,11,F,13,13,F,0110,1,GM-13,H,XXXX,2,10,F,1,200209,1,"$81,680",19.4
DLLS,11,E,13,12,E,0110,1,GS-12,F,XXXX,8,10,F,1,200209,1,"$61,263",13.0
DLLS,11,E,13,13,E,0110,1,GS-13,G,XXXX,8,10,F,1,200209,1,"$72,851",14.8
DLLS,11,E,13,13,E,0110,1,GS-13,G,XXXX,2,10,F,1,200209,1,"$72,851",11.6
DLLS,11,E,09,12,E,0110,1,GS-12,E,XXXX,8,10,F,1,200209,1,"$57,550",13.8
DLLS,24,J,13,06,D,0119,3,GS-06,C,XXXX,8,10,P,2,200209,1,"$33,906",9.2
DLLS,11,I,04,07,H,0119,3,GS-07,D,XXXX,8,10,F,1,200209,1,"$40,818",28.7
DLLS,11,H,14,14,I,0110,1,GM-14,J,XXXX,2,10,F,1,200209,1,"$101,316",31.8
DLLS,11,H,04,08,H,0119,3,GS-08,D,XXXX,2,10,F,1,200209,1,"$44,047",25.1
DLLS,11,I,04,11,H,0119,3,GS-11,E,XXXX,2,10,F,1,200209,1,"$57,309",27.7
DLLS,11,H,14,14,I,0110,1,GM-14,J,XXXX,2,10,F,1,200209,1,"$100,447",30.6
DLLS,51,G,10,07,F,0119,3,GS-07,C,XXXX,8,10,P,2,200209,1,"$37,678",16.8
DLLS,11,G,13,15,G,0110,1,GM-15,K,XXXX,2,10,F,1,200209,1,"$115,061",22.8
DLLS,11,D,17,13,D,0110,1,GS-13,G,XXXX,8,10,F,1,200209,1,"$70,644",9.7
DLLS,11,E,13,14,F,0110,1,GM-14,I,XXXX,2,10,P,2,200209,1,"$93,974",17.4
DLLS,11,F,13,13,F,0110,1,GS-13,G,XXXX,8,10,F,1,200209,1,"$70,644",16.1
DLLS,11,F,13,13,F,0110,1,GS-13,G,XXXX,8,10,F,1,200209,1,"$72,851",15.2
DLLS,06,B,13,07,B,0110,1,GS-07,C,XXXX,8,15,F,1,200209,1,"$33,526",1.3
DLLS,11,J,07,12,J,0110,1,GS-12,F,XXXX,8,10,F,1,200209,1,"$66,831",40.3
DLLS,11,I,13,12,H,0110,1,GS-12,G,XXXX,8,10,F,1,200209,1,"$70,543",26.2
DLLS,37,J,13,07,D,0119,3,GS-07,C,XXXX,8,10,P,2,200209,1,"$35,698",8.2
DLLS,11,I,13,12,F,0110,1,GS-12,F,XXXX,8,10,F,1,200209,1,"$61,263",16.2
DLLS,11,I,13,13,I,0110,1,GS-13,G,XXXX,8,10,F,1,200209,1,"$79,473",30.9
DLLS,11,H,14,14,I,0110,1,GS-14,I,XXXX,2,10,F,1,200209,1,"$91,308",31.2
DLLS,11,F,13,15,G,0110,1,GS-15,J,XXXX,5,10,F,1,200209,1,"$107,405",24.3
DLLS,06,H,17,12,I,0110,1,GS-12,G,XXXX,8,10,F,1,200209,1,"$75,368",31.4
DLLS,11,I,14,14,I,0110,1,GS-14,I,XXXX,2,10,F,1,200209,1,"$93,916",34.2
DLLS,11,G,17,14,G,0110,1,GM-14,I,XXXX,2,10,F,1,200209,1,"$96,525",23.6
DLLS,11,G,21,12,C,0110,1,GS-12,E,XXXX,8,10,F,1,200209,1,"$59,407",4.1
DLLS,11,F,04,13,E,0110,1,GS-13,G,XXXX,8,10,F,1,200209,1,"$72,851",14.3
DLLS,11,E,04,07,E,0119,3,GS-07,C,XXXX,8,10,F,1,200209,1,"$39,772",14.8
DLLS,26,F,17,12,E,0110,1,GS-12,G,XXXX,8,10,F,1,200209,1,"$74,497",14.3
DLLS,11,C,13,11,B,0110,1,GS-11,D,XXXX,8,15,F,1,200209,1,"$46,469",2.9
DLLS,11,E,13,13,F,0110,1,GS-13,G,XXXX,2,10,P,2,200209,1,"$77,266",17.8
DLLS,11,E,13,12,E,0110,1,GS-12,F,XXXX,8,10,F,1,200209,1,"$61,263",13.9
DLLS,11,E,13,12,E,0110,1,GS-12,F,XXXX,8,10,F,1,200209,1,"$63,119",14.7
DLLS,17,C,13,11,D,0110,1,GS-11,D,XXXX,8,10,F,1,200209,1,"$49,353",5.4
DLLS,11,F,13,12,F,0110,1,GS-12,F,XXXX,8,10,F,1,200209,1,"$68,687",19.1
DLLS,11,B,13,11,B,0110,1,GS-11,D,XXXX,8,15,F,1,200209,1,"$46,469",2.0
DLLS,11,D,13,13,D,0110,1,GS-13,G,XXXX,8,10,F,1,200209,1,"$70,644",9.6
DLLS,13,E,13,12,F,0110,1,GS-12,F,XXXX,8,10,F,1,200209,1,"$65,788",16.3
DLLS,51,D,13,12,D,0110,1,GS-12,F,XXXX,8,10,F,1,200209,1,"$63,920",9.9
DLLS,12,K,07,07,F,0119,3,GS-07,C,XXXX,8,10,P,2,200209,1,"$36,718",16.5
DLLS,11,K,04,06,J,0119,3,GS-06,C,XXXX,8,10,F,1,200209,1,"$36,732",41.3
DLLS,11,C,13,12,C,0110,1,GS-12,E,XXXX,8,10,F,1,200209,1,"$55,694",3.7
DLLS,11,I,04,06,H,0119,3,GS-06,C,XXXX,8,10,F,1,200209,1,"$36,732",26.0
DLLS,11,H,17,13,H,0110,1,GS-13,H,XXXX,8,10,F,1,200209,1,"$81,680",25.4
DLLS,11,F,13,13,G,0110,1,GS-13,G,XXXX,5,10,F,1,200209,1,"$75,058",21.2
DLLS,11,D,13,13,E,0110,1,GS-13,G,XXXX,2,10,F,1,200209,1,"$72,851",12.1
DLLS,11,F,13,13,F,0110,1,GS-13,G,XXXX,2,10,F,1,200209,1,"$70,644",19.6
DLLS,11,C,13,09,B,0110,1,GS-09,C,XXXX,8,15,F,1,200209,1,"$38,406",1.0
DLLS,11,I,04,12,J,0110,1,GS-12,F,XXXX,8,10,F,1,200209,1,"$66,831",35.8
DLLS,11,I,14,13,I,0110,1,GS-13,H,XXXX,2,10,F,1,200209,1,"$86,095",32.7
DLLS,11,C,13,13,D,0110,1,GS-13,G,XXXX,8,10,F,1,200209,1,"$70,644",6.3
DLLS,11,F,13,15,F,0110,1,GS-15,K,XXXX,5,10,F,1,200209,1,"$110,474",15.1
DLLS,11,D,17,12,D,0110,1,GS-12,F,XXXX,8,10,F,1,200209,1,"$61,263",6.6
DLLS,11,B,13,07,A,0110,1,GS-07,C,XXXX,8,15,F,1,200209,1,"$31,397",0.4
DLLS,11,D,17,13,D,0110,1,GS-13,G,XXXX,8,10,F,1,200209,1,"$72,851",7.4
DLLS,13,C,13,09,B,0110,1,GS-09,C,XXXX,8,15,F,1,200209,1,"$37,807",1.7
DLLS,11,I,14,13,I,0110,1,GS-13,H,XXXX,2,10,F,1,200209,1,"$86,095",32.7
DLLS,11,H,17,14,I,0110,1,GS-14,I,XXXX,2,10,F,1,200209,1,"$93,916",32.3
DLLS,11,H,17,13,H,0110,1,GS-13,G,XXXX,8,10,F,1,200209,1,"$77,266",28.1
DLLS,11,G,13,13,E,0110,1,GS-13,G,XXXX,8,10,F,1,200209,1,"$72,851",12.2
DLLS,11,F,04,13,F,0110,1,GS-13,G,XXXX,8,10,F,1,200209,1,"$75,058",17.8
DLLS,11,F,13,14,F,0110,1,GS-14,H,XXXX,8,10,F,1,200209,1,"$88,699",19.8
DLLS,11,E,17,12,F,0110,1,GS-12,F,XXXX,8,10,F,1,200209,1,"$63,119",15.7
DLLS,06,H,13,12,E,0110,1,GS-12,F,XXXX,8,10,F,1,200209,1,"$65,417",10.2
DLLS,11,B,13,07,A,0110,1,GS-07,C,XXXX,8,15,F,1,200209,1,"$31,397",0.3
DLLS,11,D,17,12,C,0110,1,GS-12,E,XXXX,8,10,F,1,200209,1,"$59,407",4.2
DLLS,51,J,17,07,C,0119,3,GS-07,C,XXXX,8,10,P,2,200209,1,"$31,917",4.8
DLLS,11,I,17,13,J,0110,1,GS-13,H,XXXX,8,10,F,1,200209,1,"$86,095",35.7
DLLS,11,H,13,14,H,0110,1,GM-14,J,XXXX,2,10,F,1,200209,1,"$101,742",29.0
DLLS,11,F,13,12,F,0110,1,GS-12,F,XXXX,8,10,F,1,200209,1,"$66,831",15.3
DLLS,11,I,17,13,I,0110,1,GS-13,H,XXXX,8,10,F,1,200209,1,"$86,095",31.4
DLLS,11,G,17,12,D,0110,1,GS-12,F,XXXX,8,10,F,1,200209,1,"$61,263",6.1
DLLS,11,F,13,14,F,0110,1,GM-14,I,XXXX,2,10,F,1,200209,1,"$96,525",19.8
DLLS,11,B,13,11,B,0110,1,GS-11,D,XXXX,8,15,F,1,200209,1,"$46,469",2.8
DLLS,51,C,13,12,D,0110,1,GS-12,E,XXXX,8,10,F,1,200209,1,"$58,442",5.3
DLLS,11,D,13,11,C,0110,1,GS-11,D,XXXX,8,10,F,1,200209,1,"$46,469",4.1
DLLS,11,E,13,09,B,0110,1,GS-09,C,XXXX,8,15,F,1,200209,1,"$38,406",1.7
DLLS,11,E,13,14,F,0110,1,GS-14,H,XXXX,2,10,F,1,200209,1,"$83,482",16.1
DLLS,11,C,13,11,B,0110,1,GS-11,D,XXXX,8,15,F,1,200209,1,"$46,469",2.5
DLLS,11,B,13,07,A,0110,1,GS-07,D,XXXX,8,15,F,1,200209,1,"$40,818",0.8
DLLS,11,D,13,11,D,0110,1,GS-11,D,XXXX,8,15,F,1,200209,1,"$46,469",9.3
DLLS,11,C,17,12,B,0110,1,GS-12,E,XXXX,8,15,F,1,200209,1,"$55,694",2.3
DLLS,11,C,13,11,B,0110,1,GS-11,D,XXXX,8,15,F,1,200209,1,"$46,469",2.1
DLLS,04,J,05,07,E,0119,3,GS-07,C,XXXX,8,10,P,2,200209,1,"$36,718",13.4
DLLS,11,H,14,13,I,0110,1,GS-13,H,XXXX,8,10,F,1,200209,1,"$86,095",31.4
DLLS,11,H,13,13,H,0110,1,GM-13,H,XXXX,2,10,F,1,200209,1,"$85,600",27.8
DLLS,11,E,04,06,E,0119,3,GS-06,C,XXXX,8,10,F,1,200209,1,"$34,848",11.3
DLLS,11,G,13,13,H,0110,1,GS-13,H,XXXX,8,10,F,1,200209,1,"$81,680",27.8
DLLS,11,G,13,13,H,0110,1,GS-13,H,XXXX,2,10,F,1,200209,1,"$86,095",27.9
DLLS,11,G,14,12,G,0110,1,GS-12,F,XXXX,8,10,F,1,200209,1,"$66,831",23.3
DLLS,12,D,13,12,E,0110,1,GS-12,E,XXXX,8,10,F,1,200209,1,"$59,702",11.3
DLLS,11,C,21,11,B,0110,1,GS-11,D,XXXX,8,15,F,1,200209,1,"$46,469",1.7
DLLS,11,B,13,09,B,0110,1,GS-09,C,XXXX,8,15,F,1,200209,1,"$38,406",1.8
DLLS,11,J,05,14,J,0110,1,GM-14,I,XXXX,2,10,F,1,200209,1,"$96,525",36.6
DLLS,11,I,13,13,G,0110,1,GS-13,H,XXXX,8,10,F,1,200209,1,"$81,680",22.7
DLLS,11,J,09,13,J,0110,1,GS-13,H,XXXX,8,10,F,1,200209,1,"$86,095",36.6
DLLS,11,I,07,13,J,0110,1,GS-13,H,XXXX,8,10,F,1,200209,1,"$81,680",39.3
DLLS,11,I,08,08,I,0119,3,GS-08,D,XXXX,8,10,F,1,200209,1,"$45,206",34.9
DLLS,11,H,13,12,I,0110,1,GS-12,G,XXXX,8,10,F,1,200209,1,"$72,400",30.2
DLLS,11,E,21,14,E,0110,1,GS-14,H,XXXX,8,10,F,1,200209,1,"$86,090",10.5
DLLS,51,H,04,07,E,0119,3,GS-07,C,XXXX,8,10,P,2,200209,1,"$35,698",10.3
DLLS,11,H,13,08,G,0119,3,GS-08,D,XXXX,2,10,F,1,200209,1,"$44,047",23.5
DLLS,11,G,13,12,G,0110,1,GS-12,F,XXXX,8,10,F,1,200209,1,"$61,263",21.5
DLLS,11,G,17,11,B,0110,1,GS-11,D,XXXX,8,15,F,1,200209,1,"$46,469",1.9
DLLS,11,E,13,13,E,0110,1,GS-13,F,XXXX,8,10,F,1,200209,1,"$68,436",13.3
DLLS,11,F,13,12,E,0110,1,GS-12,F,XXXX,8,10,F,1,200209,1,"$61,263",14.1
DLLS,11,E,13,12,F,0110,1,GS-12,F,XXXX,8,10,F,1,200209,1,"$66,831",16.2
DLLS,11,F,13,13,G,0110,1,GS-13,G,XXXX,8,10,F,1,200209,1,"$75,058",22.0
DLLS,11,C,13,11,B,0110,1,GS-11,D,XXXX,8,15,F,1,200209,1,"$46,469",2.2
DLLS,11,D,13,12,E,0110,1,GS-12,F,XXXX,8,10,F,1,200209,1,"$63,119",11.5
DLLS,11,D,13,11,B,0110,1,GS-11,D,XXXX,8,15,F,1,200209,1,"$46,469",2.2
DLLS,29,H,07,12,G,0110,1,GS-12,F,XXXX,8,10,F,1,200209,1,"$60,054",22.9
DLLS,11,H,13,13,F,0110,1,GS-13,G,XXXX,8,10,F,1,200209,1,"$75,058",18.9
DLLS,11,G,13,13,H,0110,1,GS-13,H,XXXX,8,10,F,1,200209,1,"$83,888",25.1
DLLS,42,E,13,12,E,0110,1,GS-12,F,XXXX,8,10,F,1,200209,1,"$61,609",11.4
DLLS,11,E,13,12,E,0110,1,GS-12,F,XXXX,8,10,F,1,200209,1,"$63,119",13.7
DLLS,51,E,13,12,E,0110,1,GS-12,E,XXXX,8,10,F,1,200209,1,"$58,442",10.1
DLLS,11,D,04,07,E,0119,3,GS-07,C,XXXX,8,10,F,1,200209,1,"$35,584",11.3
DLLS,11,B,13,09,B,0110,1,GS-09,C,XXXX,8,15,F,1,200209,1,"$38,406",1.3
DLLS,51,D,04,06,C,0119,3,GS-06,B,XXXX,8,15,P,2,200209,1,"$29,648",4.5
DLLS,11,I,04,08,H,0119,3,GS-08,D,XXXX,8,10,F,1,200209,1,"$42,887",28.5
DLLS,11,H,13,07,G,0119,3,GS-07,D,XXXX,8,10,F,1,200209,1,"$40,818",23.2
DLLS,11,C,17,12,C,0110,1,GS-12,E,XXXX,8,10,F,1,200209,1,"$59,407",4.1
DLLS,13,D,17,12,D,0110,1,GS-12,E,XXXX,8,10,F,1,200209,1,"$58,479",5.3
DLLS,11,D,17,12,D,0110,1,GS-12,E,XXXX,8,10,F,1,200209,1,"$57,550",8.0
DLLS,11,H,18,14,F,0110,1,GM-14,I,XXXX,2,10,F,1,200209,1,"$96,661",18.4
DLLS,11,E,04,12,C,0110,1,GS-12,E,XXXX,8,10,F,1,200209,1,"$57,550",3.2
DLLS,11,K,14,11,J,0110,1,GS-11,F,XXXX,8,10,F,1,200209,1,"$60,405",35.4
DLLS,51,H,13,07,E,0119,3,GS-07,C,XXXX,8,10,P,2,200209,1,"$36,631",10.8
DLLS,48,H,13,12,H,0110,1,GS-12,G,XXXX,8,10,F,1,200209,1,"$72,023",25.3
DLLS,11,G,17,13,D,0110,1,GS-13,G,XXXX,8,10,F,1,200209,1,"$70,644",8.1
DLLS,13,E,13,11,B,0110,1,GS-11,D,XXXX,8,15,F,1,200209,1,"$45,744",2.2
DLLS,11,E,13,13,E,0110,1,GS-13,G,XXXX,8,10,F,1,200209,1,"$70,644",11.1
DLLS,11,C,13,11,C,0110,1,GS-11,D,XXXX,8,15,F,1,200209,1,"$46,469",4.0
DLLS,11,I,21,12,D,0110,1,GS-12,E,XXXX,8,10,F,1,200209,1,"$57,550",5.8
DLLS,11,G,21,14,F,0110,1,GS-14,I,XXXX,8,10,F,1,200209,1,"$96,525",18.4
DLLS,47,F,04,07,E,0119,3,GS-07,C,XXXX,8,10,P,2,200209,1,"$35,698",11.0
DLLS,13,E,17,12,D,0110,1,GS-12,F,XXXX,8,10,F,1,200209,1,"$60,307",9.9
DLLS,11,E,13,13,E,0110,1,GS-13,G,XXXX,8,10,F,1,200209,1,"$70,644",11.3
DLLS,11,B,13,09,B,0110,1,GS-09,C,XXXX,8,15,F,1,200209,1,"$38,406",1.1
DLLS,11,E,17,13,D,0110,1,GS-13,G,XXXX,8,10,F,1,200209,1,"$72,851",7.7
DLLS,11,F,13,13,E,0110,1,GS-13,G,XXXX,8,10,F,1,200209,1,"$72,851",14.6
DLLS,11,G,13,13,G,0110,1,GS-13,H,XXXX,8,10,F,1,200209,1,"$83,888",23.3
DLLS,06,E,13,09,D,0110,1,GS-09,E,XXXX,8,10,F,1,200209,1,"$50,638",7.3
DLLS,11,F,13,13,F,0110,1,GS-13,H,XXXX,8,10,F,1,200209,1,"$83,888",18.5
DLLS,11,E,13,13,E,0110,1,GS-13,F,XXXX,8,10,F,1,200209,1,"$66,229",10.5
DLLS,11,C,17,11,B,0110,1,GS-11,D,XXXX,8,15,F,1,200209,1,"$46,469",2.1
DLLS,11,H,04,07,G,0119,3,GS-07,C,XXXX,8,10,F,1,200209,1,"$38,725",24.8
DLLS,11,J,14,14,J,0110,1,GM-14,J,XXXX,5,10,F,1,200209,1,"$101,742",39.2
DLLS,11,G,17,14,F,0110,1,GS-14,H,XXXX,2,10,F,1,200209,1,"$88,699",19.9
DLLS,11,F,21,14,D,0110,1,GS-14,I,XXXX,8,10,F,1,200209,1,"$91,308",7.0
DLLS,11,I,07,12,J,0110,1,GS-12,G,XXXX,8,10,F,1,200209,1,"$72,400",37.1
DLLS,45,J,04,07,F,0119,3,GS-07,C,XXXX,8,10,P,2,200209,1,"$36,718",16.8
DLLS,11,B,13,11,B,0110,1,GS-11,D,XXXX,8,15,F,1,200209,1,"$46,469",2.2
DLLS,11,G,07,06,H,0119,3,GS-06,C,XXXX,8,10,F,1,200209,1,"$36,732",26.7
DLLS,11,D,17,12,C,0110,1,GS-12,E,XXXX,8,10,F,1,200209,1,"$57,550",3.7
DLLS,13,I,14,15,J,0110,1,GM-15,K,XXXX,2,10,F,1,200209,1,"$117,661",37.3
DLLS,11,D,13,11,D,0110,1,GS-11,E,XXXX,8,10,F,1,200209,1,"$51,115",5.7
DLLS,11,C,21,12,A,0110,1,GS-12,G,XXXX,8,15,F,1,200209,1,"$72,400",0.9
DLLS,11,H,04,12,G,0110,1,GS-12,F,XXXX,8,10,F,1,200209,1,"$63,119",24.5
DLLS,11,H,17,14,I,0110,1,GM-14,I,XXXX,2,10,F,1,200209,1,"$99,148",31.0
DLLS,37,H,17,07,F,0119,3,GS-07,C,XXXX,8,10,P,2,200209,1,"$37,738",17.8
DLLS,37,G,13,12,F,0110,1,GS-12,F,XXXX,8,10,F,1,200209,1,"$61,511",17.0
DLLS,11,C,13,12,C,0110,1,GS-12,E,XXXX,8,10,F,1,200209,1,"$55,694",3.2
DLLS,11,C,13,11,C,0110,1,GS-11,E,XXXX,8,15,F,1,200209,1,"$51,115",3.9
DLLS,48,C,13,11,C,0110,1,GS-11,D,XXXX,8,15,F,1,200209,1,"$47,768",3.6
DLLS,11,I,14,14,H,0110,1,GM-14,J,XXXX,2,10,F,1,200209,1,"$101,742",25.8
DLLS,11,H,05,12,H,0110,1,GS-12,E,XXXX,8,10,F,1,200209,1,"$57,550",29.1
DLLS,13,F,13,12,F,0110,1,GS-12,F,XXXX,8,10,F,1,200209,1,"$63,961",17.5
DLLS,11,I,04,09,I,0119,3,GS-09,D,XXXX,8,10,F,1,200209,1,"$49,924",31.3
DLLS,06,G,13,14,G,0110,1,GS-14,I,XXXX,2,10,F,1,200209,1,"$91,929",24.0
DLLS,11,E,04,06,F,0119,3,GS-06,C,XXXX,8,10,F,1,200209,1,"$34,848",19.6
DLLS,13,D,13,07,A,0110,1,GS-07,C,XXXX,8,15,F,1,200209,1,"$30,907",0.7
DLLS,11,C,13,09,C,0110,1,GS-09,C,XXXX,8,15,F,1,200209,1,"$38,406",3.3
DLLS,13,B,13,07,A,0110,1,GS-07,C,XXXX,8,15,F,1,200209,1,"$30,907",0.2
DLLS,42,I,07,12,H,0110,1,GS-12,F,XXXX,8,10,F,1,200209,1,"$69,075",29.8
DLLS,11,E,13,12,E,0110,1,GS-12,F,XXXX,8,10,F,1,200209,1,"$61,263",13.2
DLLS,13,D,17,12,D,0110,1,GS-12,E,XXXX,8,10,F,1,200209,1,"$56,652",5.5
DLLS,45,I,04,07,D,0119,3,GS-07,C,XXXX,8,10,P,2,200209,1,"$34,678",8.9
DLLS,11,G,13,12,H,0110,1,GS-12,G,XXXX,8,10,F,1,200209,1,"$70,543",26.1
DLLS,13,D,13,12,D,0110,1,GS-12,E,XXXX,8,10,F,1,200209,1,"$58,479",8.3
DLLS,13,D,09,09,B,0110,1,GS-09,C,XXXX,8,15,F,1,200209,1,"$37,807",1.9
DLLS,13,H,04,07,F,0119,3,GS-07,C,XXXX,8,10,P,2,200209,1,"$36,718",19.1
DLLS,13,H,04,07,F,0119,3,GS-07,C,XXXX,8,10,P,2,200209,1,"$36,059",18.8
DLLS,13,F,14,12,G,0110,1,GS-12,F,XXXX,8,10,F,1,200209,1,"$65,788",22.3
DLLS,48,H,14,12,H,0110,1,GS-12,F,XXXX,8,10,F,1,200209,1,"$62,790",25.3
DLLS,13,C,13,11,B,0110,1,GS-11,D,XXXX,8,15,F,1,200209,1,"$45,744",2.0
DLLS,13,H,17,12,H,0110,1,GS-12,G,XXXX,8,10,F,1,200209,1,"$71,270",27.0
DLLS,11,G,13,12,H,0110,1,GS-12,G,XXXX,8,10,F,1,200209,1,"$70,543",26.0
DLLS,13,G,13,05,A,0119,3,GS-05,B,XXXX,8,15,P,2,200209,1,"$24,952",0.2
DLLS,13,E,13,12,E,0110,1,GS-12,F,XXXX,8,10,F,1,200209,1,"$60,307",11.3
DLLS,13,H,07,11,G,0110,1,GS-11,E,XXXX,8,10,F,1,200209,1,"$59,463",21.8
DLLS,13,G,09,07,F,0119,3,GS-07,C,XXXX,8,10,P,2,200209,1,"$35,698",16.0
DLLS,13,F,09,05,A,0119,3,GS-05,B,XXXX,8,15,P,2,200209,1,"$24,952",0.6
DLLS,11,B,13,09,B,0110,1,GS-09,C,XXXX,8,15,F,1,200209,1,"$38,406",1.2
DLLS,37,H,17,12,H,0110,1,GS-12,F,XXXX,8,10,F,1,200209,1,"$66,937",27.3
DLLS,11,D,13,12,D,0110,1,GS-12,E,XXXX,8,10,F,1,200209,1,"$59,407",5.0
DLLS,13,D,13,12,D,0110,1,GS-12,E,XXXX,8,10,F,1,200209,1,"$54,825",9.1
DLLS,11,C,13,12,C,0110,1,GS-12,E,XXXX,8,10,F,1,200209,1,"$55,694",3.3
DLLS,13,I,04,07,D,0119,3,GS-07,C,XXXX,8,20,P,2,200209,1,"$33,658",5.4
DLLS,13,E,13,12,E,0110,1,GS-12,F,XXXX,2,10,F,1,200209,1,"$60,307",12.0
DLLS,13,D,13,13,D,0110,1,GS-13,F,XXXX,2,10,F,1,200209,1,"$69,541",9.9
DLLS,11,G,17,14,G,0110,1,GM-14,I,XXXX,2,10,F,1,200209,1,"$96,525",22.3
DLLS,13,F,04,12,G,0110,1,GS-12,F,XXXX,8,10,F,1,200209,1,"$67,615",23.8
DLLS,11,F,18,14,F,0110,1,GS-14,I,XXXX,2,10,F,1,200209,1,"$91,308",17.8
DLLS,11,D,17,11,B,0110,1,GS-11,D,XXXX,8,15,F,1,200209,1,"$46,469",2.2
DLLS,11,D,17,13,D,0110,1,GS-13,G,XXXX,2,10,F,1,200209,1,"$70,644",8.0
DLLS,13,B,13,07,B,0110,1,GS-07,C,XXXX,8,15,F,1,200209,1,"$31,938",1.3
DLLS,13,H,13,12,H,0110,1,GS-12,G,XXXX,8,10,F,1,200209,1,"$71,270",29.3
DLLS,11,G,17,13,G,0110,1,GS-13,H,XXXX,8,10,F,1,200209,1,"$83,888",24.8
DLLS,12,F,12,07,E,0119,3,GS-07,C,XXXX,8,10,P,2,200209,1,"$36,718",12.3
DLLS,12,H,04,05,A,0119,3,GS-05,B,XXXX,8,15,P,2,200209,1,"$25,568",0.8
DLLS,11,C,04,11,C,0110,1,GS-11,D,XXXX,8,10,F,1,200209,1,"$46,469",3.0
DLLS,11,H,21,15,H,0110,1,GS-15,K,XXXX,4,10,F,1,200209,1,"$119,682",27.6
DLLS,12,I,09,05,B,0119,3,GS-05,B,XXXX,8,15,P,2,200209,1,"$25,525",1.2
DLLS,12,G,04,06,D,0119,3,GS-06,C,XXXX,8,15,P,2,200209,1,"$31,350",9.8
DLLS,11,F,21,14,E,0110,1,GS-14,H,XXXX,8,10,F,1,200209,1,"$88,699",11.1
DLLS,06,E,17,13,D,0110,1,GS-13,G,XXXX,2,10,F,1,200209,1,"$73,077",8.4
DLLS,39,D,17,12,D,0110,1,GS-12,E,XXXX,8,10,F,1,200209,1,"$59,732",7.6
DLLS,11,H,13,13,H,0110,1,GS-13,G,XXXX,8,10,F,1,200209,1,"$79,473",26.2
DLLS,11,J,18,13,J,0110,1,GS-13,H,XXXX,8,10,F,1,200209,1,"$86,095",36.3
DLLS,11,F,13,12,B,0110,1,GS-12,E,XXXX,8,15,F,1,200209,1,"$59,407",1.9
DLLS,12,K,13,06,G,0119,3,GS-06,C,XXXX,8,10,P,2,200209,1,"$31,350",22.2
DLLS,11,H,13,14,F,0110,1,GS-14,H,XXXX,8,10,F,1,200209,1,"$83,482",16.3
DLLS,37,F,13,12,F,0110,1,GS-12,F,XXXX,8,10,F,1,200209,1,"$61,511",18.2
DLLS,11,J,04,12,E,0110,1,GS-12,E,XXXX,8,10,F,1,200209,1,"$59,407",11.2
DLLS,12,I,17,07,D,0119,3,GS-07,C,XXXX,8,10,P,2,200209,1,"$33,658",5.7
DLLS,12,I,10,12,H,0110,1,GS-12,F,XXXX,2,10,F,1,200209,1,"$63,668",25.4
DLLS,25,H,04,07,D,0119,3,GS-07,C,XXXX,8,10,P,2,200209,1,"$36,252",5.5
DLLS,48,G,04,06,C,0119,3,GS-06,B,XXXX,8,15,P,2,200209,1,"$29,370",3.8
DLLS,11,G,04,11,F,0110,1,GS-11,D,XXXX,8,15,F,1,200209,1,"$46,469",17.4
DLLS,47,G,13,12,G,0110,1,GS-12,F,XXXX,8,10,F,1,200209,1,"$65,129",22.0
DLLS,12,F,13,06,C,0119,3,GS-06,B,XXXX,8,15,P,2,200209,1,"$28,452",3.8
DLLS,12,E,17,12,C,0110,1,GS-12,E,XXXX,8,10,F,1,200209,1,"$56,100",4.3
DLLS,13,I,13,13,I,0110,1,GM-13,H,XXXX,2,10,F,1,200209,1,"$80,405",31.8
DLLS,12,B,09,05,B,0119,3,GS-05,B,XXXX,8,15,P,2,200209,1,"$25,525",1.2
DLLS,11,E,17,12,D,0110,1,GS-12,E,XXXX,8,10,F,1,200209,1,"$55,694",8.3
DLLS,12,H,09,07,D,0119,3,GS-07,C,XXXX,8,10,P,2,200209,1,"$35,894",8.9
DLLS,11,E,17,11,D,0110,1,GS-11,D,XXXX,8,15,F,1,200209,1,"$46,469",6.3
DLLS,12,H,13,05,E,0119,3,GS-05,C,XXXX,8,15,P,2,200209,1,"$33,239",11.9
DLLS,11,D,17,14,D,0110,1,GS-14,H,XXXX,2,10,F,1,200209,1,"$80,873",9.2
DLLS,39,E,13,06,D,0119,3,GS-06,C,XXXX,8,10,P,2,200209,1,"$31,250",5.1
DLLS,39,I,10,07,H,0119,3,GS-07,C,XXXX,8,10,P,2,200209,1,"$39,989",25.1
DLLS,11,G,13,13,G,0110,1,GS-13,H,XXXX,8,10,F,1,200209,1,"$81,680",24.3
DLLS,32,H,17,07,B,0119,3,GS-07,C,XXXX,8,15,P,2,200209,1,"$30,597",2.8
DLLS,11,D,13,13,E,0110,1,GS-13,G,XXXX,8,10,F,1,200209,1,"$70,644",11.3
DLLS,11,F,13,13,F,0110,1,GS-13,G,XXXX,8,10,F,1,200209,1,"$75,058",18.2
DLLS,11,B,13,11,B,0110,1,GS-11,D,XXXX,8,15,F,1,200209,1,"$46,469",2.0
DLLS,26,H,13,07,D,0119,3,GS-07,C,XXXX,8,10,P,2,200209,1,"$36,615",8.6
DLLS,11,G,17,12,E,0110,1,GS-12,F,XXXX,8,10,F,1,200209,1,"$61,263",12.9
DLLS,41,I,09,07,D,0119,3,GS-07,C,XXXX,8,10,P,2,200209,1,"$33,658",5.9
DLLS,39,H,13,06,D,0119,3,GS-06,C,XXXX,8,10,P,2,200209,1,"$30,759",5.3
DLLS,11,D,17,13,C,0110,1,GS-13,F,XXXX,2,10,F,1,200209,1,"$66,229",3.1
DLLS,17,G,13,13,H,0110,1,GS-13,H,XXXX,2,10,F,1,200209,1,"$88,489",25.7
DLLS,04,I,17,06,F,0119,3,GS-06,C,XXXX,8,10,P,2,200209,1,"$35,796",16.9
DLLS,39,F,13,07,D,0119,3,GS-07,C,XXXX,8,10,P,2,200209,1,"$34,181",7.2
DLLS,11,E,13,12,D,0110,1,GS-12,F,XXXX,8,10,F,1,200209,1,"$61,263",9.4
DLLS,11,D,13,13,D,0110,1,GS-13,F,XXXX,8,10,F,1,200209,1,"$68,436",5.4
DLLS,42,E,13,07,D,0119,3,GS-07,C,XXXX,8,10,P,2,200209,1,"$32,638",5.7
DLLS,11,D,13,12,E,0110,1,GS-12,F,XXXX,8,10,F,1,200209,1,"$64,975",11.1
DLLS,11,B,13,11,B,0110,1,GS-11,D,XXXX,8,15,F,1,200209,1,"$46,469",2.2
DLLS,39,C,13,12,D,0110,1,GS-12,E,XXXX,8,10,F,1,200209,1,"$56,957",5.3
DLLS,39,H,13,12,H,0110,1,GS-12,G,XXXX,7,10,F,1,200209,1,"$72,796",29.8
DLLS,39,G,17,12,D,0110,1,GS-12,E,XXXX,8,10,F,1,200209,1,"$59,732",7.6
DLLS,39,I,13,07,F,0119,3,GS-07,C,XXXX,8,10,P,2,200209,1,"$37,049",15.2
DLLS,11,B,13,07,A,0110,1,GS-07,C,XXXX,8,15,F,1,200209,1,"$31,397",0.0
DLLS,18,H,14,12,I,0110,1,GS-12,G,XXXX,7,10,F,1,200209,1,"$70,692",32.3
DLLS,11,C,13,12,C,0110,1,GS-12,E,XXXX,8,10,F,1,200209,1,"$55,694",3.1
DLLS,39,I,13,07,F,0119,3,GS-07,C,XXXX,8,10,P,2,200209,1,"$34,678",18.8
DLLS,11,E,17,12,D,0110,1,GS-12,F,XXXX,8,10,F,1,200209,1,"$61,263",9.6
DLLS,11,D,13,13,D,0110,1,GS-13,F,XXXX,8,10,F,1,200209,1,"$66,229",6.8
DLLS,11,C,13,11,C,0110,1,GS-11,D,XXXX,8,15,F,1,200209,1,"$46,469",4.3
DLLS,11,D,13,13,C,0110,1,GS-13,F,XXXX,2,10,F,1,200209,1,"$66,229",4.2
DLLS,11,D,21,13,B,0110,1,GS-13,G,XXXX,8,15,F,1,200209,1,"$77,266",2.9
DLLS,12,K,13,07,D,0119,3,GS-07,C,XXXX,8,10,P,2,200209,1,"$32,638",7.1
DLLS,41,E,13,12,E,0110,1,GS-12,F,XXXX,8,10,F,1,200209,1,"$61,351",11.6
DLLS,39,H,13,12,H,0110,1,GS-12,F,XXXX,7,10,F,1,200209,1,"$69,816",28.5
DLLS,11,D,13,09,B,0110,1,GS-09,C,XXXX,8,15,F,1,200209,1,"$38,406",1.3
DLLS,39,B,13,09,B,0110,1,GS-09,C,XXXX,8,15,F,1,200209,1,"$38,010",1.2
DLLS,11,E,17,13,F,0110,1,GS-13,G,XXXX,8,10,F,1,200209,1,"$72,851",16.0
DLLS,11,H,17,12,C,0110,1,GS-12,E,XXXX,8,10,F,1,200209,1,"$55,694",3.8
DLLS,17,E,13,13,F,0110,1,GM-13,H,XXXX,2,10,F,1,200209,1,"$81,683",16.9
DLLS,39,B,13,11,B,0110,1,GS-11,D,XXXX,8,15,F,1,200209,1,"$45,990",2.2
DLLS,11,D,13,11,D,0110,1,GS-11,D,XXXX,8,15,F,1,200209,1,"$46,469",6.6
DLLS,39,K,03,07,D,0119,3,GS-07,C,XXXX,8,15,P,2,200209,1,"$34,181",5.6
DLLS,39,I,13,05,A,0119,3,GS-05,B,XXXX,8,15,P,2,200209,1,"$25,170",0.6
DLLS,26,G,17,09,B,0110,1,GS-09,D,XXXX,8,15,F,1,200209,1,"$40,836",2.2
DLLS,24,E,13,12,E,0110,1,GS-12,F,XXXX,8,10,F,1,200209,1,"$61,263",11.4
DLLS,11,D,11,12,E,0110,1,GS-12,F,XXXX,8,10,F,1,200209,1,"$61,263",11.3
DLLS,39,B,13,07,A,0110,1,GS-07,C,XXXX,8,15,F,1,200209,1,"$31,569",0.2
DLLS,11,C,13,12,C,0110,1,GS-12,E,XXXX,8,10,F,1,200209,1,"$55,694",3.3
DLLS,11,D,13,11,B,0110,1,GS-11,D,XXXX,8,15,F,1,200209,1,"$46,469",2.3
DLLS,11,D,17,13,C,0110,1,GS-13,F,XXXX,8,10,F,1,200209,1,"$66,229",4.1
DLLS,11,G,13,12,G,0110,1,GS-12,F,XXXX,8,10,F,1,200209,1,"$68,687",22.4
DLLS,11,C,13,09,B,0110,1,GS-09,C,XXXX,8,15,F,1,200209,1,"$38,406",1.9
DLLS,11,C,13,12,C,0110,1,GS-12,E,XXXX,8,10,F,1,200209,1,"$57,550",4.3
DLLS,42,B,13,11,B,0110,1,GS-11,D,XXXX,8,15,F,1,200209,1,"$45,652",2.0
DLLS,39,H,13,12,H,0110,1,GS-12,G,XXXX,8,10,F,1,200209,1,"$71,653",28.6
DLLS,06,D,17,12,D,0110,1,GS-12,F,XXXX,8,10,F,1,200209,1,"$63,435",5.1
DLLS,17,F,13,06,D,0119,3,GS-06,C,XXXX,8,10,P,2,200209,1,"$31,944",5.8
DLLS,11,K,21,13,G,0110,1,GS-13,H,XXXX,8,10,F,1,200209,1,"$86,095",24.2
DLLS,11,F,18,13,F,0110,1,GS-13,G,XXXX,8,10,F,1,200209,1,"$79,473",18.1
DLLS,11,H,17,15,H,0110,1,GS-15,K,XXXX,2,10,F,1,200209,1,"$113,543",27.1
DLLS,39,H,09,07,E,0119,3,GS-07,C,XXXX,8,10,P,2,200209,1,"$36,020",10.3
DLLS,39,H,17,12,G,0110,1,GS-12,G,XXXX,4,10,F,1,200209,1,"$72,796",24.4
DLLS,39,E,04,05,B,0119,3,GS-05,B,XXXX,8,15,P,2,200209,1,"$26,758",2.0
DLLS,11,F,14,14,F,0110,1,GM-14,I,XXXX,2,10,F,1,200209,1,"$96,525",19.3
DLLS,47,K,04,07,F,0119,3,GS-07,C,XXXX,8,10,P,2,200209,1,"$36,718",17.7
DLLS,11,D,17,12,D,0110,1,GS-12,E,XXXX,8,15,F,1,200209,1,"$57,550",8.3
DLLS,39,H,13,07,D,0119,3,GS-07,C,XXXX,8,15,P,2,200209,1,"$33,658",6.9
DLLS,11,I,04,07,G,0119,3,GS-07,C,XXXX,8,10,F,1,200209,1,"$39,772",23.7
DLLS,48,I,13,07,D,0119,3,GS-07,C,XXXX,8,10,P,2,200209,1,"$34,358",6.3
DLLS,39,H,13,05,B,0119,3,GS-05,B,XXXX,8,15,P,2,200209,1,"$25,922",1.8
DLLS,42,F,17,07,D,0119,3,GS-07,C,XXXX,8,10,P,2,200209,1,"$32,638",5.7
DLLS,13,B,13,07,A,0110,1,GS-07,C,XXXX,8,15,F,1,200209,1,"$30,907",0.3
DLLS,06,B,13,07,A,0110,1,GS-07,C,XXXX,8,15,F,1,200209,1,"$33,526",0.5
DLLS,11,G,14,13,H,0110,1,GS-13,H,XXXX,8,10,F,1,200209,1,"$86,095",26.1
DLLS,48,G,13,13,E,0110,1,GS-13,G,XXXX,2,10,F,1,200209,1,"$72,472",14.9
DLLS,11,F,17,13,E,0110,1,GS-13,G,XXXX,8,10,F,1,200209,1,"$77,266",12.8
DLLS,51,B,13,07,A,0110,1,GS-07,C,XXXX,8,15,F,1,200209,1,"$30,887",0.1
DLLS,11,G,17,12,D,0110,1,GS-12,E,XXXX,8,10,F,1,200209,1,"$59,407",7.5
DLLS,18,F,13,09,F,0110,1,GS-09,D,XXXX,8,10,F,1,200209,1,"$41,249",17.0
DLLS,18,D,13,12,E,0110,1,GS-12,F,XXXX,8,10,F,1,200209,1,"$61,630",11.3
DLLS,18,G,13,12,F,0110,1,GS-12,G,XXXX,8,10,F,1,200209,1,"$70,692",17.9
DLLS,11,C,12,11,B,0110,1,GS-11,D,XXXX,8,15,F,1,200209,1,"$49,566",1.3
DLLS,18,I,08,06,E,0119,3,GS-06,C,XXXX,8,15,P,2,200209,1,"$30,288",11.4
DLLS,12,F,08,07,D,0119,3,GS-07,C,XXXX,8,10,P,2,200209,1,"$34,678",7.3
DLLS,37,E,13,12,E,0110,1,GS-12,E,XXXX,8,10,F,1,200209,1,"$59,702",11.4
DLLS,11,B,13,11,B,0110,1,GS-11,D,XXXX,8,15,F,1,200209,1,"$46,469",2.2
DLLS,29,B,13,07,A,0110,1,GS-07,C,XXXX,8,15,F,1,200209,1,"$30,778",0.1
DLLS,18,J,04,06,D,0119,3,GS-06,C,XXXX,8,10,P,2,200209,1,"$30,288",5.8
DLLS,06,I,21,15,D,0110,1,GS-15,K,XXXX,2,10,F,1,200209,1,"$117,966",8.3
DLLS,48,D,13,12,D,0110,1,GS-12,F,XXXX,8,10,F,1,200209,1,"$62,790",9.9
DLLS,18,G,09,05,B,0119,3,GS-05,B,XXXX,8,15,P,2,200209,1,"$26,348",2.0
DLLS,11,K,18,,J,0110,1,ES-05,M,XXXX,2,50,F,1,200209,1,"$138,200",43.2
DLLS,39,J,13,12,H,0110,1,GS-12,F,XXXX,8,10,F,1,200209,1,"$60,631",26.3
DLLS,11,H,13,12,H,0110,1,GS-12,G,XXXX,8,10,F,1,200209,1,"$72,400",26.1
DLLS,17,I,17,13,J,0110,1,GM-13,H,XXXX,4,10,F,1,200209,1,"$88,489",36.1
DLLS,17,I,13,14,I,0110,1,GS-14,I,XXXX,2,10,F,1,200209,1,"$99,209",32.4
DLLS,17,I,13,06,D,0119,3,GS-06,C,XXXX,8,10,P,2,200209,1,"$31,944",5.3
DLLS,22,F,17,06,D,0119,3,GS-06,C,XXXX,8,10,P,2,200209,1,"$30,288",5.0
DLLS,17,G,13,12,G,0110,1,GS-12,G,XXXX,8,10,F,1,200209,1,"$74,413",22.4
DLLS,17,F,13,06,B,0119,3,GS-06,B,XXXX,8,15,P,2,200209,1,"$28,452",2.3
DLLS,49,J,07,07,E,0119,3,GS-07,C,XXXX,8,10,P,2,200209,1,"$35,698",14.7
DLLS,11,G,21,13,E,0110,1,GS-13,G,XXXX,8,10,F,1,200209,1,"$77,266",12.3
DLLS,11,F,17,12,D,0110,1,GS-12,F,XXXX,8,10,F,1,200209,1,"$61,263",5.5
DLLS,17,C,13,07,A,0110,1,GS-07,C,XXXX,8,15,F,1,200209,1,"$32,270",0.6
DLLS,55,J,09,05,C,0119,3,GS-05,B,XXXX,8,15,P,2,200209,1,"$25,022",4.6
DLLS,17,J,13,13,J,0110,1,GM-13,H,XXXX,2,10,F,1,200209,1,"$88,489",36.4
DLLS,18,I,13,12,I,0110,1,GS-12,G,XXXX,8,10,F,1,200209,1,"$70,692",33.4
DLLS,17,I,17,07,F,0119,3,GS-07,C,XXXX,8,10,P,2,200209,1,"$38,726",17.0
DLLS,11,F,13,13,E,0110,1,GS-13,G,XXXX,2,10,F,1,200209,1,"$70,644",14.3
DLLS,17,F,13,12,F,0110,1,GS-12,F,XXXX,4,10,F,1,200209,1,"$68,690",16.1
DLLS,17,C,17,07,B,0110,1,GS-07,C,XXXX,8,15,F,1,200209,1,"$33,346",1.0
DLLS,48,E,13,12,C,0110,1,GS-12,E,XXXX,8,10,F,1,200209,1,"$57,251",4.6
DLLS,17,G,10,06,F,0119,3,GS-06,C,XXXX,8,10,F,1,200209,1,"$35,817",15.3
DLLS,17,I,17,12,E,0110,1,GS-12,F,XXXX,8,10,F,1,200209,1,"$64,874",13.4
DLLS,17,H,17,14,H,0110,1,GS-14,I,XXXX,2,10,F,1,200209,1,"$93,847",29.3
DLLS,11,I,17,12,D,0110,1,GS-12,E,XXXX,8,10,F,1,200209,1,"$57,550",6.1
DLLS,11,E,17,12,E,0110,1,GS-12,F,XXXX,8,10,F,1,200209,1,"$66,831",13.2
DLLS,17,C,13,11,C,0110,1,GS-11,D,XXXX,8,15,F,1,200209,1,"$47,762",3.9
DLLS,11,B,13,11,B,0110,1,GS-11,D,XXXX,8,15,F,1,200209,1,"$46,469",2.1
DLLS,06,H,17,07,D,0119,3,GS-07,C,XXXX,8,10,P,2,200209,1,"$35,953",7.3
DLLS,11,C,21,13,B,0110,1,GS-13,G,XXXX,8,15,F,1,200209,1,"$75,058",1.1
DLLS,17,K,07,05,D,0119,3,GS-05,B,XXXX,8,10,P,2,200209,1,"$27,995",9.1
DLLS,11,I,17,13,F,0110,1,GS-13,G,XXXX,8,10,F,1,200209,1,"$77,266",16.0
DLLS,48,G,04,07,G,0119,3,GS-07,C,XXXX,8,10,P,2,200209,1,"$39,779",21.2
DLLS,17,H,13,05,A,0119,3,GS-05,B,XXXX,8,15,P,2,200209,1,"$26,052",0.4
DLLS,17,H,13,13,H,0110,1,GS-13,H,XXXX,2,10,F,1,200209,1,"$81,683",27.2
DLLS,17,C,13,12,C,0110,1,GS-12,E,XXXX,8,15,F,1,200209,1,"$57,243",3.4
DLLS,29,H,17,13,H,0110,1,GS-13,H,XXXX,8,10,F,1,200209,1,"$84,396",27.0
DLLS,11,G,13,,G,0110,1,ES-04,M,XXXX,2,50,F,1,200209,1,"$138,200",24.0
DLLS,11,B,13,09,B,0110,1,GS-09,C,XXXX,8,15,F,1,200209,1,"$38,406",1.1
DLLS,06,C,13,12,D,0110,1,GS-12,E,XXXX,8,10,F,1,200209,1,"$59,910",5.3
DLLS,39,G,09,06,E,0119,3,GS-06,C,XXXX,8,10,P,2,200209,1,"$33,960",14.5
DLLS,13,I,13,07,E,0119,3,GS-07,C,XXXX,8,10,P,2,200209,1,"$35,029",11.9
DLLS,06,H,13,12,E,0110,1,GS-12,F,XXXX,8,10,F,1,200209,1,"$65,417",13.8
DLLS,17,F,13,07,D,0119,3,GS-07,C,XXXX,8,10,P,2,200209,1,"$36,574",9.1
DLLS,11,B,13,09,B,0110,1,GS-09,C,XXXX,8,15,F,1,200209,1,"$38,406",1.2
DLLS,17,D,17,07,D,0110,1,GS-07,C,XXXX,8,15,F,1,200209,1,"$32,270",5.6
DLLS,17,J,13,05,B,0119,3,GS-05,B,XXXX,8,15,P,2,200209,1,"$26,921",1.3
DLLS,17,I,13,07,E,0119,3,GS-07,C,XXXX,8,10,P,2,200209,1,"$38,726",12.7
DLLS,13,E,13,12,E,0110,1,GS-12,E,XXXX,8,10,F,1,200209,1,"$58,479",11.4
DLLS,17,C,13,11,C,0110,1,GS-11,D,XXXX,8,15,F,1,200209,1,"$47,762",3.9
DLLS,17,D,13,12,E,0110,1,GS-12,F,XXXX,8,10,F,1,200209,1,"$62,966",10.3
DLLS,17,E,13,11,C,0110,1,GS-11,D,XXXX,8,15,F,1,200209,1,"$47,762",4.7
DLLS,17,D,17,09,B,0110,1,GS-09,C,XXXX,8,15,F,1,200209,1,"$39,474",1.3
DLLS,17,E,17,11,E,0110,1,GS-11,E,XXXX,8,10,F,1,200209,1,"$52,536",11.8
DLLS,17,B,13,05,C,0119,3,GS-05,B,XXXX,8,15,P,2,200209,1,"$26,052",3.8
DLLS,06,D,17,07,A,0110,1,GS-07,C,XXXX,8,15,F,1,200209,1,"$32,684",0.5
DLLS,04,J,09,05,C,0119,3,GS-05,B,XXXX,8,15,P,2,200209,1,"$24,701",3.4
DLLS,17,F,13,13,G,0110,1,GS-13,G,XXXX,2,10,F,1,200209,1,"$77,146",22.0
DLLS,29,I,14,07,E,0119,3,GS-07,C,XXXX,8,10,P,2,200209,1,"$39,903",14.8
DLLS,11,I,19,13,I,0110,1,GS-13,H,XXXX,8,10,F,1,200209,1,"$81,680",32.1
DLLS,17,F,14,06,D,0119,3,GS-06,C,XXXX,8,10,P,2,200209,1,"$33,880",8.3
DLLS,11,E,13,12,E,0110,1,GS-12,F,XXXX,8,10,F,1,200209,1,"$66,831",13.0
DLLS,17,F,13,12,F,0110,1,GS-12,F,XXXX,4,10,F,1,200209,1,"$64,874",17.9
DLLS,11,G,17,14,G,0110,1,GS-14,H,XXXX,2,10,F,1,200209,1,"$88,699",24.8
DLLS,17,G,13,13,H,0110,1,GS-13,G,XXXX,2,10,F,1,200209,1,"$79,414",27.3
DLLS,11,I,13,13,H,0110,1,GS-13,H,XXXX,8,10,F,1,200209,1,"$86,095",27.0
DLLS,17,F,13,12,F,0110,1,GS-12,F,XXXX,8,10,P,2,200209,1,"$68,690",19.0
DLLS,11,C,21,12,B,0110,1,GS-12,G,XXXX,8,15,F,1,200209,1,"$70,543",1.0
DLLS,29,B,13,05,A,0110,1,GS-05,B,XXXX,8,15,F,1,200209,1,"$24,847",0.1
DLLS,17,B,13,09,B,0110,1,GS-09,C,XXXX,8,15,F,1,200209,1,"$39,474",2.1
DLLS,25,B,13,07,A,0110,1,GS-07,C,XXXX,8,15,F,1,200209,1,"$31,986",0.1
DLLS,51,K,17,07,D,0119,3,GS-07,C,XXXX,8,10,P,2,200209,1,"$32,444",9.3
DLLS,17,G,14,11,C,0110,1,GS-11,D,XXXX,8,10,F,1,200209,1,"$47,762",3.3
DLLS,11,F,17,12,C,0110,1,GS-12,E,XXXX,8,10,F,1,200209,1,"$59,407",4.3
DLLS,17,H,07,05,D,0119,3,GS-05,B,XXXX,8,15,P,2,200209,1,"$29,526",5.3
DLLS,11,J,13,12,F,0110,1,GS-12,F,XXXX,8,10,F,1,200209,1,"$63,119",15.1
DLLS,11,E,13,13,E,0110,1,GS-13,G,XXXX,8,10,F,1,200209,1,"$75,058",13.7
DLLS,17,E,11,12,F,0110,1,GS-12,F,XXXX,8,10,F,1,200209,1,"$66,782",15.9
DLLS,17,K,07,06,F,0119,3,GS-06,C,XXXX,8,10,P,2,200209,1,"$33,042",17.5
DLLS,39,I,17,07,D,0119,3,GS-07,C,XXXX,8,10,P,2,200209,1,"$33,145",5.3
DLLS,11,E,13,13,E,0110,1,GS-13,G,XXXX,8,10,F,1,200209,1,"$72,851",12.1
DLLS,11,F,13,13,E,0110,1,GS-13,G,XXXX,8,10,F,1,200209,1,"$70,644",12.2
DLLS,17,E,13,12,E,0110,1,GS-12,F,XXXX,8,10,F,1,200209,1,"$68,690",13.6
DLLS,11,J,17,14,J,0110,1,GS-14,I,XXXX,8,10,F,1,200209,1,"$93,916",42.3
DLLS,17,H,13,13,I,0110,1,GM-13,H,XXXX,2,10,F,1,200209,1,"$88,489",31.3
DLLS,11,H,13,12,F,0110,1,GS-12,F,XXXX,8,10,F,1,200209,1,"$66,831",19.8
DLLS,11,E,13,,E,0110,1,SL-00,K,XXXX,5,10,F,1,200209,1,"$119,682",12.0
DLLS,17,K,04,12,H,0110,1,GS-12,F,XXXX,4,10,F,1,200209,1,"$68,690",26.8
DLLS,48,I,13,06,B,0119,3,GS-06,B,XXXX,8,15,P,2,200209,1,"$29,044",2.8
DLLS,06,H,09,07,D,0119,3,GS-07,C,XXXX,8,10,P,2,200209,1,"$35,953",6.4
DLLS,17,B,13,07,B,0110,1,GS-07,C,XXXX,8,15,F,1,200209,1,"$32,270",1.0
DLLS,12,G,13,06,C,0119,3,GS-06,B,XXXX,8,10,P,2,200209,1,"$29,370",3.7
DLLS,17,D,17,12,E,0110,1,GS-12,F,XXXX,8,10,F,1,200209,1,"$62,966",11.5
DLLS,17,E,04,07,G,0119,3,GS-07,C,XXXX,8,10,F,1,200209,1,"$38,726",20.9
DLLS,29,H,08,07,D,0119,3,GS-07,C,XXXX,8,15,P,2,200209,1,"$32,740",5.0
DLLS,29,B,17,07,A,0110,1,GS-07,C,XXXX,8,15,F,1,200209,1,"$30,778",0.1
DLLS,11,F,17,12,F,0110,1,GS-12,E,XXXX,8,10,F,1,200209,1,"$59,407",16.8
DLLS,17,E,17,05,C,0119,3,GS-05,C,XXXX,8,15,P,2,200209,1,"$33,869",3.5
DLLS,13,D,13,12,D,0110,1,GS-12,F,XXXX,8,10,F,1,200209,1,"$60,307",9.8
DLLS,17,G,13,12,F,0110,1,GS-12,F,XXXX,8,10,F,1,200209,1,"$66,782",19.4
DLLS,06,H,13,05,C,0119,3,GS-05,B,XXXX,8,15,P,2,200209,1,"$27,968",3.4
DLLS,17,G,13,06,F,0119,3,GS-06,C,XXXX,8,10,P,2,200209,1,"$36,785",18.9
DLLS,11,D,17,12,D,0110,1,GS-12,F,XXXX,8,10,F,1,200209,1,"$61,263",8.8
DLLS,06,D,13,12,C,0110,1,GS-12,E,XXXX,8,15,F,1,200209,1,"$59,471",4.2
DLLS,13,E,17,11,B,0110,1,GS-11,D,XXXX,8,15,F,1,200209,1,"$45,744",2.0
DLLS,11,G,13,14,H,0110,1,GS-14,H,XXXX,2,10,F,1,200209,1,"$86,090",27.3
DLLS,17,K,17,05,E,0119,3,GS-05,B,XXXX,8,15,P,2,200209,1,"$29,526",11.3
DLLS,55,I,09,06,D,0119,3,GS-06,C,XXXX,8,15,P,2,200209,1,"$31,611",5.5
DLLS,17,C,13,11,B,0110,1,GS-11,D,XXXX,8,15,F,1,200209,1,"$47,762",2.3
DLLS,26,G,13,06,D,0119,3,GS-06,C,XXXX,8,10,P,2,200209,1,"$31,980",6.2
DLLS,06,G,04,07,E,0119,3,GS-07,D,XXXX,8,10,P,2,200209,1,"$40,312",13.3
DLLS,17,B,12,07,A,0110,1,GS-07,C,XXXX,8,15,F,1,200209,1,"$32,270",0.7
DLLS,11,G,13,13,G,0110,1,GS-13,H,XXXX,8,10,P,2,200209,1,"$81,680",22.5
DLLS,11,E,13,12,E,0110,1,GS-12,F,XXXX,8,10,F,1,200209,1,"$63,119",11.3
DLLS,11,E,13,13,E,0110,1,GS-13,G,XXXX,8,10,F,1,200209,1,"$77,266",14.3
DLLS,04,I,04,05,A,0119,3,GS-05,B,XXXX,8,15,P,2,200209,1,"$24,701",0.1
DLLS,17,F,13,12,F,0110,1,GS-12,G,XXXX,8,10,F,1,200209,1,"$72,505",19.5
DLLS,26,G,13,07,D,0119,3,GS-07,C,XXXX,8,15,P,2,200209,1,"$34,461",5.5
DLLS,55,J,08,05,B,0119,3,GS-05,B,XXXX,8,15,P,2,200209,1,"$24,701",2.9
DLLS,17,E,13,12,E,0110,1,GS-12,F,XXXX,8,10,F,1,200209,1,"$64,874",10.8
DLLS,12,E,04,05,B,0119,3,GS-05,B,XXXX,8,15,P,2,200209,1,"$25,525",1.8
DLLS,11,G,21,14,E,0110,1,GS-14,H,XXXX,8,10,F,1,200209,1,"$88,699",14.0
DLLS,11,J,17,13,D,0110,1,GS-13,F,XXXX,8,10,F,1,200209,1,"$68,436",6.0
DLLS,26,H,13,06,G,0119,3,GS-06,C,XXXX,8,10,P,2,200209,1,"$35,857",20.7
DLLS,06,F,13,05,A,0119,3,GS-05,B,XXXX,8,15,P,2,200209,1,"$26,386",0.6
DLLS,26,B,13,11,B,0110,1,GS-11,D,XXXX,8,15,F,1,200209,1,"$47,816",2.2
DLLS,42,G,17,07,D,0119,3,GS-07,C,XXXX,8,10,P,2,200209,1,"$33,680",5.4
DLLS,11,J,17,12,G,0110,1,GS-12,F,XXXX,8,10,F,1,200209,1,"$68,687",23.8
DLLS,27,J,13,06,D,0119,3,GS-06,C,XXXX,8,15,P,2,200209,1,"$30,159",5.3
DLLS,39,J,11,07,G,0119,3,GS-07,C,XXXX,8,10,P,2,200209,1,"$39,989",20.9
DLLS,11,F,17,13,F,0110,1,GS-13,H,XXXX,8,10,F,1,200209,1,"$86,095",16.3
DLLS,11,I,17,13,I,0110,1,GS-13,H,XXXX,8,10,F,1,200209,1,"$83,888",30.9
DLLS,48,H,13,07,E,0119,3,GS-07,C,XXXX,8,10,P,2,200209,1,"$38,758",13.5
DLLS,11,H,17,12,G,0110,1,GS-12,F,XXXX,8,10,F,1,200209,1,"$66,831",22.8
DLLS,17,C,13,11,B,0110,1,GS-11,D,XXXX,8,15,F,1,200209,1,"$47,762",2.8
DLLS,32,J,07,07,H,0119,3,GS-07,C,XXXX,8,10,P,2,200209,1,"$37,738",27.3
DLLS,11,B,13,11,B,0110,1,GS-11,D,XXXX,8,15,F,1,200209,1,"$48,018",2.1
DLLS,11,C,13,12,C,0110,1,GS-12,E,XXXX,8,10,F,1,200209,1,"$55,694",3.3
DLLS,12,I,13,05,A,0119,3,GS-05,B,XXXX,8,15,P,2,200209,1,"$24,701",0.9
DLLS,39,G,17,06,B,0119,3,GS-06,B,XXXX,8,15,P,2,200209,1,"$28,408",2.2
DLLS,11,C,13,12,C,0110,1,GS-12,E,XXXX,8,10,F,1,200209,1,"$55,694",3.9
DLLS,48,E,13,12,E,0110,1,GS-12,E,XXXX,8,10,F,1,200209,1,"$59,702",11.3
DLLS,11,D,13,13,E,0110,1,GS-13,G,XXXX,8,10,F,1,200209,1,"$79,473",12.2
DLLS,11,E,13,13,E,0110,1,GS-13,G,XXXX,8,10,F,1,200209,1,"$72,851",13.3
DLLS,26,H,10,05,D,0119,3,GS-05,C,XXXX,8,10,P,2,200209,1,"$30,429",6.8
DLLS,11,E,13,12,C,0110,1,GS-12,E,XXXX,8,10,F,1,200209,1,"$57,550",3.2
DLLS,26,B,13,09,B,0110,1,GS-09,D,XXXX,8,15,F,1,200209,1,"$40,836",2.2
DLLS,26,J,09,07,H,0119,3,GS-07,C,XXXX,8,10,P,2,200209,1,"$38,758",25.5
DLLS,11,J,14,14,J,0110,1,GM-14,J,XXXX,5,10,F,1,200209,1,"$101,742",39.9
DLLS,39,H,04,05,D,0119,3,GS-05,C,XXXX,8,15,P,2,200209,1,"$32,283",8.5
DLLS,11,H,17,12,F,0110,1,GS-12,E,XXXX,8,10,F,1,200209,1,"$57,550",19.4
DLLS,26,D,13,05,B,0119,3,GS-05,B,XXXX,8,15,P,2,200209,1,"$26,951",1.8
DLLS,26,G,13,05,B,0119,3,GS-05,B,XXXX,8,15,P,2,200209,1,"$25,525",1.5
DLLS,11,E,13,12,E,0110,1,GS-12,F,XXXX,8,10,F,1,200209,1,"$61,263",10.0
DLLS,17,J,14,15,J,0110,1,GS-15,K,XXXX,2,10,F,1,200209,1,"$113,546",40.8
DLLS,26,H,13,12,I,0110,1,GS-12,G,XXXX,8,10,F,1,200209,1,"$74,497",31.0
DLLS,11,C,13,12,C,0110,1,GS-12,E,XXXX,8,10,F,1,200209,1,"$57,550",4.0
DLLS,11,D,13,07,A,0110,1,GS-07,C,XXXX,8,15,F,1,200209,1,"$31,397",0.7
DLLS,13,F,09,09,D,0110,1,GS-09,C,XXXX,8,15,F,1,200209,1,"$37,807",8.3
DLLS,34,I,13,12,D,0110,1,GS-12,E,XXXX,8,10,F,1,200209,1,"$59,486",8.4
DLLS,11,E,13,11,E,0110,1,GS-11,E,XXXX,8,10,F,1,200209,1,"$54,212",13.6
DLLS,13,D,13,11,D,0110,1,GS-11,E,XXXX,8,10,F,1,200209,1,"$50,317",7.3
DLLS,11,B,17,11,B,0110,1,GS-11,D,XXXX,8,15,F,1,200209,1,"$46,469",1.7
DLLS,17,E,13,12,F,0110,1,GS-12,F,XXXX,8,10,F,1,200209,1,"$62,966",15.0
DLLS,11,E,21,13,B,0110,1,GS-13,G,XXXX,8,15,F,1,200209,1,"$77,266",1.3
DLLS,11,E,13,14,E,0110,1,GS-14,H,XXXX,8,10,F,1,200209,1,"$86,090",13.3
DLLS,11,D,13,13,D,0110,1,GS-13,F,XXXX,8,10,F,1,200209,1,"$68,436",8.0
DLLS,26,D,13,11,B,0110,1,GS-11,D,XXXX,8,15,F,1,200209,1,"$47,816",2.9
DLLS,11,I,17,14,I,0110,1,GS-14,H,XXXX,2,10,F,1,200209,1,"$83,482",31.5
DLLS,55,G,13,12,G,0110,1,GS-12,F,XXXX,8,10,F,1,200209,1,"$67,806",23.2
DLLS,29,E,14,11,A,0110,1,GS-11,D,XXXX,8,15,F,1,200209,1,"$45,552",0.2
DLLS,11,F,17,14,D,0110,1,GS-14,G,XXXX,2,10,F,1,200209,1,"$78,265",9.2
DLLS,11,C,13,11,B,0110,1,GS-11,D,XXXX,8,15,F,1,200209,1,"$46,469",2.3
DLLS,11,G,17,15,H,0110,1,GM-15,K,XXXX,2,10,F,1,200209,1,"$114,755",26.2
DLLS,17,H,13,13,I,0110,1,GM-13,H,XXXX,2,10,F,1,200209,1,"$87,363",31.0
DLLS,17,C,13,12,D,0110,1,GS-12,E,XXXX,8,10,F,1,200209,1,"$59,151",5.1
DLLS,11,B,13,07,B,0110,1,GS-07,C,XXXX,8,15,F,1,200209,1,"$31,397",1.0
DLLS,32,K,17,06,D,0119,3,GS-06,B,XXXX,8,15,P,2,200209,1,"$28,452",6.9
DLLS,26,H,13,07,F,0119,3,GS-07,D,XXXX,8,10,P,2,200209,1,"$42,001",17.8
DLLS,13,F,17,12,F,0110,1,GS-12,F,XXXX,8,10,F,1,200209,1,"$67,615",17.0
DLLS,11,D,13,12,D,0110,1,GS-12,F,XXXX,8,10,F,1,200209,1,"$61,263",9.5
DLLS,48,E,13,12,E,0110,1,GS-12,G,XXXX,8,10,F,1,200209,1,"$70,176",14.3
DLLS,17,G,13,12,G,0110,1,GS-12,G,XXXX,8,10,F,1,200209,1,"$70,597",24.3
DLLS,55,F,13,06,C,0119,3,GS-06,C,XXXX,8,10,P,2,200209,1,"$30,288",4.9
DLLS,11,B,13,09,B,0110,1,GS-09,C,XXXX,8,15,F,1,200209,1,"$38,406",1.0
DLLS,13,E,13,07,A,0110,1,GS-07,C,XXXX,8,15,F,1,200209,1,"$30,907",0.4
DLLS,11,J,14,13,J,0110,1,GS-13,H,XXXX,8,10,F,1,200209,1,"$86,095",35.1
DLLS,11,D,13,12,E,0110,1,GS-12,F,XXXX,8,10,F,1,200209,1,"$61,263",10.1
DLLS,41,J,13,07,D,0119,3,GS-07,C,XXXX,8,10,P,2,200209,1,"$33,539",5.3
DLLS,36,G,21,13,E,0110,1,GS-13,G,XXXX,8,10,F,1,200209,1,"$75,302",14.1
DLLS,55,E,13,12,E,0110,1,GS-12,F,XXXX,4,10,F,1,200209,1,"$60,477",10.8
DLLS,55,F,13,12,F,0110,1,GS-12,F,XXXX,8,10,F,1,200209,1,"$69,639",18.9
DLLS,11,G,17,12,E,0110,1,GS-12,F,XXXX,8,10,F,1,200209,1,"$61,263",13.7
DLLS,11,D,13,11,B,0110,1,GS-11,D,XXXX,8,15,F,1,200209,1,"$46,469",2.3
DLLS,55,F,13,11,F,0110,1,GS-11,E,XXXX,8,10,F,1,200209,1,"$56,573",16.9
DLLS,12,J,04,07,D,0119,3,GS-07,C,XXXX,8,15,P,2,200209,1,"$32,638",5.4
DLLS,55,I,13,05,C,0119,3,GS-05,B,XXXX,8,15,P,2,200209,1,"$26,348",4.4
DLLS,55,G,04,05,A,0119,3,GS-05,B,XXXX,8,15,P,2,200209,1,"$25,022",0.8
DLLS,11,B,13,07,A,0110,1,GS-07,C,XXXX,8,15,F,1,200209,1,"$36,631",0.9
DLLS,55,J,13,12,J,0110,1,GS-12,G,XXXX,7,10,F,1,200209,1,"$71,471",37.7
DLLS,11,J,17,12,F,0110,1,GS-12,F,XXXX,8,10,F,1,200209,1,"$66,831",17.3
DLLS,12,H,13,12,H,0110,1,GS-12,E,XXXX,2,10,F,1,200209,1,"$59,702",26.2
DLLS,25,H,17,09,C,0110,1,GS-09,C,XXXX,8,15,F,1,200209,1,"$39,126",3.0
DLLS,55,G,09,05,B,0119,3,GS-05,B,XXXX,8,15,P,2,200209,1,"$25,525",1.0
DLLS,11,J,14,12,I,0110,1,GS-12,G,XXXX,8,10,F,1,200209,1,"$72,400",33.8
DLLS,45,G,13,12,G,0110,1,GS-12,G,XXXX,8,10,F,1,200209,1,"$70,555",24.8
DLLS,11,B,13,09,B,0110,1,GS-09,C,XXXX,8,15,F,1,200209,1,"$38,406",1.3
DLLS,55,F,21,11,B,0110,1,GS-11,D,XXXX,8,15,F,1,200209,1,"$48,930",2.1
DLLS,11,C,13,11,B,0110,1,GS-11,D,XXXX,8,15,F,1,200209,1,"$46,469",2.0
DLLS,55,K,04,07,H,0119,3,GS-07,D,XXXX,8,10,P,2,200209,1,"$40,295",25.0
DLLS,55,F,04,05,B,0119,3,GS-05,B,XXXX,8,15,P,2,200209,1,"$26,690",2.8
DLLS,55,C,13,11,C,0110,1,GS-11,D,XXXX,8,10,F,1,200209,1,"$47,402",3.5
DLLS,11,C,13,12,C,0110,1,GS-12,E,XXXX,8,10,F,1,200209,1,"$57,550",4.0
DLLS,17,B,13,09,B,0110,1,GS-09,C,XXXX,8,15,F,1,200209,1,"$39,474",1.2
DLLS,12,I,13,07,F,0119,3,GS-07,C,XXXX,8,10,P,2,200209,1,"$36,718",15.5
DLLS,11,D,21,13,C,0110,1,GS-13,G,XXXX,8,10,F,1,200209,1,"$75,058",4.1
DLLS,11,H,13,13,H,0110,1,GS-13,G,XXXX,8,10,F,1,200209,1,"$79,473",25.0
DLLS,11,E,13,12,E,0110,1,GS-12,F,XXXX,8,10,F,1,200209,1,"$61,263",12.3
DLLS,11,H,13,13,H,0110,1,GS-13,G,XXXX,8,10,F,1,200209,1,"$77,266",25.3
DLLS,47,G,17,06,C,0119,3,GS-06,B,XXXX,8,10,P,2,200209,1,"$29,370",4.2
DLLS,13,I,09,05,B,0119,3,GS-05,B,XXXX,8,15,P,2,200209,1,"$25,783",1.8
DLLS,11,F,13,14,F,0110,1,GS-14,H,XXXX,2,10,F,1,200209,1,"$88,699",18.0
DLLS,13,J,04,07,E,0110,1,GS-07,C,XXXX,8,10,F,1,200209,1,"$37,090",10.1
DLLS,11,I,17,13,H,0110,1,GS-13,H,XXXX,8,10,F,1,200209,1,"$86,095",25.7
DLLS,11,D,13,12,B,0110,1,GS-12,E,XXXX,8,15,F,1,200209,1,"$55,694",2.3
DLLS,11,C,13,11,B,0110,1,GS-11,D,XXXX,8,15,F,1,200209,1,"$46,469",2.2
DLLS,11,C,13,09,B,0110,1,GS-09,C,XXXX,8,15,F,1,200209,1,"$38,406",1.2
DLLS,13,D,13,11,B,0110,1,GS-11,D,XXXX,8,15,F,1,200209,1,"$45,744",2.1
DLLS,17,H,18,07,D,0119,3,GS-07,C,XXXX,8,10,P,2,200209,1,"$32,638",5.5
DLLS,11,E,13,09,B,0110,1,GS-09,C,XXXX,8,15,F,1,200209,1,"$38,406",1.5
DLLS,11,D,17,11,C,0110,1,GS-11,D,XXXX,8,15,F,1,200209,1,"$46,469",3.8
DLLS,37,F,17,12,F,0110,1,GS-12,F,XXXX,2,10,F,1,200209,1,"$63,320",18.3
DLLS,47,H,04,07,F,0119,3,GS-07,C,XXXX,8,10,P,2,200209,1,"$36,718",16.3
DLLS,11,C,13,11,C,0110,1,GS-11,D,XXXX,8,15,F,1,200209,1,"$46,469",3.1
DLLS,11,C,13,09,B,0110,1,GS-09,C,XXXX,8,15,F,1,200209,1,"$38,406",1.3
DLLS,11,E,13,14,E,0110,1,GS-14,H,XXXX,2,10,F,1,200209,1,"$83,482",13.9
DLLS,13,F,13,14,G,0110,1,GS-14,H,XXXX,2,10,F,1,200209,1,"$82,179",22.3
DLLS,01,I,14,07,F,0119,3,GS-07,C,XXXX,8,10,P,2,200209,1,"$36,718",17.1
DLLS,13,H,13,13,I,0110,1,GM-13,H,XXXX,2,10,F,1,200209,1,"$84,751",30.4
DLLS,48,F,13,12,F,0110,1,GS-12,F,XXXX,8,10,F,1,200209,1,"$66,483",15.5
DLLS,34,G,17,05,A,0119,3,GS-05,B,XXXX,8,15,P,2,200209,1,"$26,200",0.5
DLLS,48,I,13,12,H,0110,1,GS-12,G,XXXX,8,10,F,1,200209,1,"$72,023",27.2
DLLS,11,D,13,12,D,0110,1,GS-12,E,XXXX,8,10,F,1,200209,1,"$59,407",5.5
DLLS,12,D,13,11,D,0110,1,GS-11,D,XXXX,8,10,F,1,200209,1,"$46,795",6.2
DLLS,48,I,17,12,E,0110,1,GS-12,F,XXXX,8,10,F,1,200209,1,"$65,181",13.2
DLLS,48,K,21,05,D,0119,3,GS-05,B,XXXX,8,15,P,2,200209,1,"$26,056",6.4
DLLS,11,D,17,12,D,0110,1,GS-12,E,XXXX,8,10,F,1,200209,1,"$59,407",5.7
DLLS,11,H,15,14,I,0110,1,GM-14,J,XXXX,2,10,F,1,200209,1,"$101,742",32.3
DLLS,01,K,08,07,F,0119,3,GS-07,C,XXXX,8,10,P,2,200209,1,"$36,718",16.4
DLLS,13,H,04,06,B,0119,3,GS-06,B,XXXX,8,15,P,2,200209,1,"$27,534",2.7
DLLS,13,F,14,13,F,0110,1,GS-13,F,XXXX,2,10,F,1,200209,1,"$69,541",16.0
DLLS,42,H,14,12,H,0110,1,GS-12,G,XXXX,8,10,F,1,200209,1,"$72,809",28.7
DLLS,08,D,13,12,D,0110,1,GS-12,F,XXXX,2,10,F,1,200209,1,"$62,285",7.7
DLLS,48,D,13,12,D,0110,1,GS-12,F,XXXX,2,10,F,1,200209,1,"$60,944",7.2
DLLS,05,G,09,07,E,0119,3,GS-07,C,XXXX,8,10,P,2,200209,1,"$35,698",10.9
DLLS,13,E,13,13,F,0110,1,GS-13,G,XXXX,2,10,F,1,200209,1,"$71,714",16.1
DLLS,05,F,04,05,C,0119,3,GS-05,B,XXXX,8,15,P,2,200209,1,"$27,172",4.9
DLLS,17,H,14,13,I,0110,1,GM-13,H,XXXX,2,10,F,1,200209,1,"$88,489",32.3
DLLS,11,C,13,11,B,0110,1,GS-11,D,XXXX,8,15,F,1,200209,1,"$46,469",2.3
DLLS,11,B,13,07,A,0110,1,GS-07,C,XXXX,8,15,F,1,200209,1,"$31,397",0.3
DLLS,22,J,13,07,E,0119,3,GS-07,C,XXXX,8,10,P,2,200209,1,"$33,658",13.7
DLLS,28,H,10,07,D,0119,3,GS-07,C,XXXX,8,10,P,2,200209,1,"$32,638",5.5
DLLS,11,H,13,13,G,0110,1,GM-13,G,XXXX,2,10,F,1,200209,1,"$79,473",24.0
DLLS,22,H,04,06,B,0119,3,GS-06,B,XXXX,8,15,P,2,200209,1,"$28,452",2.9
DLLS,11,D,04,06,E,0119,3,GS-06,C,XXXX,8,10,F,1,200209,1,"$33,906",11.6
DLLS,11,D,17,13,E,0110,1,GS-13,G,XXXX,2,10,F,1,200209,1,"$70,644",10.3
DLLS,36,D,13,12,E,0110,1,GS-12,F,XXXX,8,10,F,1,200209,1,"$63,323",11.5
DLLS,48,K,13,06,D,0119,3,GS-06,C,XXXX,8,15,P,2,200209,1,"$34,070",9.4
DLLS,48,K,04,07,E,0119,3,GS-07,C,XXXX,8,10,P,2,200209,1,"$34,678",10.7
DLLS,13,B,17,11,C,0110,1,GS-11,D,XXXX,8,15,F,1,200209,1,"$45,744",3.3
DLLS,11,H,13,14,I,0110,1,GM-14,I,XXXX,2,10,F,1,200209,1,"$96,126",30.9
DLLS,48,H,13,07,D,0119,3,GS-07,D,XXXX,8,10,P,2,200209,1,"$40,088",9.2
DLLS,13,E,13,07,C,0110,1,GS-07,C,XXXX,8,15,F,1,200209,1,"$30,907",4.4
DLLS,06,D,08,12,E,0110,1,GS-12,F,XXXX,8,10,F,1,200209,1,"$61,453",12.8
DLLS,11,D,04,06,E,0119,3,GS-06,C,XXXX,8,10,F,1,200209,1,"$34,848",12.8
DLLS,28,J,07,07,H,0119,3,GS-07,C,XXXX,8,10,P,2,200209,1,"$37,738",26.8
DLLS,13,C,13,09,B,0110,1,GS-09,C,XXXX,8,15,F,1,200209,1,"$39,066",2.4
DLLS,11,I,14,12,I,0110,1,GS-12,G,XXXX,8,10,F,1,200209,1,"$72,400",32.3
DLLS,11,H,13,12,H,0110,1,GS-12,F,XXXX,8,10,F,1,200209,1,"$68,687",28.4
DLLS,11,F,21,14,D,0110,1,GS-14,H,XXXX,2,10,F,1,200209,1,"$86,090",7.0
DLLS,06,K,13,07,G,0119,3,GS-07,D,XXXX,8,10,P,2,200209,1,"$41,402",21.2
DLLS,53,J,14,12,I,0110,1,GS-12,G,XXXX,8,10,F,1,200209,1,"$70,727",34.7
DLLS,11,E,13,14,E,0110,1,GS-14,H,XXXX,2,10,F,1,200209,1,"$83,482",14.3
DLLS,40,F,13,07,F,0119,3,GS-07,C,XXXX,8,10,P,2,200209,1,"$39,779",18.9
DLLS,11,D,13,12,D,0110,1,GS-12,E,XXXX,8,10,F,1,200209,1,"$57,550",7.7
DLLS,48,F,13,12,G,0110,1,GS-12,F,XXXX,8,10,F,1,200209,1,"$68,330",22.1
DLLS,17,C,13,12,C,0110,1,GS-12,E,XXXX,8,15,F,1,200209,1,"$57,243",3.9
DLLS,29,D,13,12,D,0110,1,GS-12,E,XXXX,8,10,F,1,200209,1,"$59,889",7.4
DLLS,48,D,17,09,B,0110,1,GS-09,C,XXXX,8,15,F,1,200209,1,"$38,206",1.8
DLLS,48,I,17,06,C,0119,3,GS-06,B,XXXX,8,10,P,2,200209,1,"$29,370",3.3
DLLS,11,E,17,12,E,0110,1,GS-12,F,XXXX,8,10,F,1,200209,1,"$63,119",10.3
DLLS,40,I,07,06,E,0119,3,GS-06,C,XXXX,8,10,P,2,200209,1,"$31,206",11.6
DLLS,36,H,13,07,G,0119,3,GS-07,D,XXXX,8,10,P,2,200209,1,"$42,191",24.1
DLLS,48,G,17,13,G,0110,1,GS-13,G,XXXX,2,10,F,1,200209,1,"$74,668",24.3
DLLS,48,G,07,07,E,0119,3,GS-07,C,XXXX,8,10,P,2,200209,1,"$34,678",10.3
DLLS,48,F,13,09,B,0110,1,GS-09,C,XXXX,8,15,F,1,200209,1,"$38,206",1.8
DLLS,48,E,13,12,E,0110,1,GS-12,F,XXXX,8,10,F,1,200209,1,"$64,637",11.4
DLLS,48,I,17,12,D,0110,1,GS-12,F,XXXX,8,10,F,1,200209,1,"$65,181",9.3
DLLS,48,H,17,05,C,0119,3,GS-05,B,XXXX,8,15,P,2,200209,1,"$29,666",4.8
DLLS,48,E,13,12,F,0110,1,GS-12,F,XXXX,8,10,F,1,200209,1,"$68,330",18.1
DLLS,25,I,13,12,H,0110,1,GS-12,G,XXXX,2,10,F,1,200209,1,"$71,866",28.2
DLLS,48,F,13,06,C,0119,3,GS-06,C,XXXX,8,15,P,2,200209,1,"$30,918",4.7
DLLS,48,I,13,07,F,0119,3,GS-07,C,XXXX,8,10,P,2,200209,1,"$36,718",15.5
DLLS,48,F,13,12,E,0110,1,GS-12,F,XXXX,8,10,F,1,200209,1,"$60,944",12.2
DLLS,11,G,13,11,B,0110,1,GS-11,D,XXXX,8,15,F,1,200209,1,"$46,469",2.3
DLLS,13,H,13,12,H,0110,1,GS-12,F,XXXX,8,10,F,1,200209,1,"$69,442",28.4
DLLS,11,C,13,11,B,0110,1,GS-11,D,XXXX,8,15,F,1,200209,1,"$46,469",2.2
DLLS,05,G,07,06,D,0119,3,GS-06,C,XXXX,8,10,P,2,200209,1,"$32,124",8.2
DLLS,48,K,13,05,D,0119,3,GS-05,B,XXXX,8,10,P,2,200209,1,"$29,666",6.6
DLLS,48,J,07,07,D,0119,3,GS-07,C,XXXX,8,10,P,2,200209,1,"$36,747",8.9
DLLS,48,J,13,13,I,0110,1,GS-13,G,XXXX,2,10,F,1,200209,1,"$79,060",32.8
DLLS,48,F,17,13,G,0110,1,GM-13,H,XXXX,2,10,F,1,200209,1,"$82,361",24.0
DLLS,48,D,13,05,D,0119,3,GS-05,C,XXXX,8,15,P,2,200209,1,"$35,060",5.0
DLLS,48,D,13,12,E,0110,1,GS-12,F,XXXX,8,10,F,1,200209,1,"$62,790",10.3
DLLS,11,F,13,14,F,0110,1,GS-14,H,XXXX,2,10,F,1,200209,1,"$86,090",16.1
DLLS,11,C,13,12,C,0110,1,GS-12,E,XXXX,8,10,F,1,200209,1,"$57,550",4.3
DLLS,48,I,13,12,F,0110,1,GS-12,G,XXXX,8,10,F,1,200209,1,"$72,023",19.8
DLLS,11,H,17,12,H,0110,1,GS-12,G,XXXX,8,10,F,1,200209,1,"$72,400",25.4
DLLS,48,F,13,06,C,0119,3,GS-06,B,XXXX,8,10,P,2,200209,1,"$29,044",3.2
DLLS,48,I,04,12,F,0110,1,GS-12,F,XXXX,8,10,F,1,200209,1,"$65,181",15.3
DLLS,11,H,19,13,G,0110,1,GS-13,H,XXXX,8,10,F,1,200209,1,"$81,680",22.3
DLLS,13,G,13,07,D,0119,3,GS-07,C,XXXX,8,10,P,2,200209,1,"$32,638",5.9
DLLS,48,F,13,05,E,0119,3,GS-05,B,XXXX,8,15,P,2,200209,1,"$24,701",11.2
DLLS,39,D,13,12,E,0110,1,GS-12,F,XXXX,4,10,F,1,200209,1,"$60,631",12.2
DLLS,48,I,13,12,H,0110,1,GS-12,F,XXXX,8,10,F,1,200209,1,"$68,330",25.2
DLLS,48,C,13,09,B,0110,1,GS-09,C,XXXX,8,15,F,1,200209,1,"$38,206",1.2
DLLS,48,J,04,07,H,0119,3,GS-07,C,XXXX,8,10,P,2,200209,1,"$38,758",25.7
DLLS,48,H,13,12,F,0110,1,GS-12,G,XXXX,8,10,F,1,200209,1,"$72,023",17.0
DLLS,48,C,13,09,B,0110,1,GS-09,C,XXXX,8,15,F,1,200209,1,"$38,206",1.8
DLLS,42,F,13,13,E,0110,1,GS-13,G,XXXX,2,10,F,1,200209,1,"$73,263",12.3
DLLS,11,F,21,13,D,0110,1,GS-13,G,XXXX,8,10,F,1,200209,1,"$70,644",6.1
DLLS,48,E,13,11,D,0110,1,GS-11,D,XXXX,8,10,F,1,200209,1,"$46,228",6.9
DLLS,06,K,04,05,D,0119,3,GS-05,B,XXXX,8,15,P,2,200209,1,"$28,871",5.2
DLLS,48,D,04,06,D,0119,3,GS-06,C,XXXX,8,10,P,2,200209,1,"$34,666",9.4
DLLS,48,E,17,12,D,0110,1,GS-12,E,XXXX,2,10,F,1,200209,1,"$57,251",5.0
DLLS,29,E,13,12,D,0110,1,GS-12,F,XXXX,8,10,F,1,200209,1,"$60,054",8.6
DLLS,11,D,13,11,A,0119,3,GS-11,D,XXXX,8,38,F,1,200209,1,"$46,469",0.3
DLLS,06,G,17,12,D,0110,1,GS-12,F,XXXX,8,10,F,1,200209,1,"$61,453",5.3
DLLS,48,I,13,14,I,0110,1,GS-14,I,XXXX,2,10,F,1,200209,1,"$96,023",33.1
DLLS,11,C,13,11,B,0110,1,GS-11,D,XXXX,8,15,F,1,200209,1,"$46,469",2.1
DLLS,11,C,13,12,C,0110,1,GS-12,E,XXXX,8,10,F,1,200209,1,"$55,694",3.3
DLLS,48,E,04,07,F,0119,3,GS-07,C,XXXX,8,10,F,1,200209,1,"$36,441",18.1
DLLS,06,I,08,05,D,0119,3,GS-05,B,XXXX,8,20,P,2,200209,1,"$29,025",5.0
DLLS,11,B,13,09,B,0110,1,GS-09,C,XXXX,8,15,F,1,200209,1,"$38,406",1.2
DLLS,48,D,13,12,D,0110,1,GS-12,E,XXXX,8,10,F,1,200209,1,"$59,098",9.9
DLLS,11,B,13,07,A,0110,1,GS-07,C,XXXX,8,15,F,1,200209,1,"$31,397",0.0
DLLS,11,E,13,12,E,0110,1,GS-12,F,XXXX,8,10,F,1,200209,1,"$63,119",12.8
DLLS,39,B,13,11,B,0110,1,GS-11,D,XXXX,8,15,F,1,200209,1,"$45,990",2.2
DLLS,11,B,13,07,A,0110,1,GS-07,C,XXXX,8,15,F,1,200209,1,"$31,397",0.0
DLLS,11,D,17,13,D,0110,1,GS-13,G,XXXX,2,10,F,1,200209,1,"$72,851",8.3
DLLS,11,C,13,11,B,0110,1,GS-11,D,XXXX,8,15,F,1,200209,1,"$46,469",2.2
DLLS,48,K,13,05,D,0119,3,GS-05,B,XXXX,8,10,P,2,200209,1,"$27,172",6.5
DLLS,48,F,04,07,E,0119,3,GS-07,C,XXXX,8,10,P,2,200209,1,"$36,718",11.3
DLLS,11,C,13,07,A,0110,1,GS-07,C,XXXX,8,15,F,1,200209,1,"$31,397",0.5
DLLS,48,H,13,12,H,0110,1,GS-12,G,XXXX,8,10,F,1,200209,1,"$72,023",27.7
DLLS,11,B,13,09,C,0110,1,GS-09,C,XXXX,8,15,F,1,200209,1,"$38,406",3.0
DLLS,48,E,13,12,C,0110,1,GS-12,E,XXXX,8,10,F,1,200209,1,"$57,251",4.6
DLLS,48,H,13,12,H,0110,1,GS-12,G,XXXX,8,10,F,1,200209,1,"$73,080",27.8
DLLS,48,D,13,12,D,0110,1,GS-12,F,XXXX,8,10,F,1,200209,1,"$60,944",7.7
DLLS,11,D,13,13,E,0110,1,GS-13,G,XXXX,2,10,F,1,200209,1,"$72,851",12.2
DLLS,48,H,13,14,I,0110,1,GM-14,J,XXXX,2,10,F,1,200209,1,"$101,213",30.2
DLLS,11,G,13,12,H,0110,1,GS-12,F,XXXX,8,10,F,1,200209,1,"$68,687",25.5
DLLS,13,C,13,11,B,0110,1,GS-11,D,XXXX,8,15,F,1,200209,1,"$45,744",2.0
DLLS,11,I,17,12,H,0110,1,GS-12,G,XXXX,8,10,F,1,200209,1,"$70,543",25.7
DLLS,06,H,13,06,C,0119,3,GS-06,C,XXXX,8,10,P,2,200209,1,"$30,392",3.6
DLLS,27,C,17,09,A,0110,1,GS-09,C,XXXX,8,15,F,1,200209,1,"$38,434",0.6
DLLS,11,C,13,12,C,0110,1,GS-12,E,XXXX,8,10,F,1,200209,1,"$57,550",4.2
DLLS,06,J,13,07,D,0119,3,GS-07,C,XXXX,8,10,P,2,200209,1,"$35,762",5.6
DLLS,13,H,14,13,H,0110,1,GM-13,H,XXXX,2,10,F,1,200209,1,"$84,751",28.6
DLLS,27,G,13,07,D,0119,3,GS-07,C,XXXX,8,15,P,2,200209,1,"$33,515",5.3
DLLS,06,K,14,07,H,0119,3,GS-07,D,XXXX,8,10,P,2,200209,1,"$41,402",26.7
DLLS,11,C,17,11,C,0110,1,GS-11,D,XXXX,8,15,F,1,200209,1,"$46,469",3.5
DLLS,11,C,13,09,B,0110,1,GS-09,C,XXXX,8,15,F,1,200209,1,"$38,406",1.1
DLLS,39,G,13,12,F,0110,1,GS-12,F,XXXX,2,10,F,1,200209,1,"$63,464",19.6
DLLS,27,E,09,05,F,0119,3,GS-05,C,XXXX,8,15,P,2,200209,1,"$32,976",18.6
DLLS,11,C,13,07,A,0119,3,GS-07,C,XXXX,8,38,F,1,200209,1,"$31,397",0.3
DLLS,11,B,13,09,B,0110,1,GS-09,C,XXXX,8,15,F,1,200209,1,"$38,406",1.3
DLLS,17,B,13,09,B,0110,1,GS-09,C,XXXX,8,15,F,1,200209,1,"$39,474",1.0
DLLS,06,D,17,12,D,0110,1,GS-12,F,XXXX,8,10,F,1,200209,1,"$63,435",5.0
DLLS,06,G,13,11,B,0110,1,GS-11,D,XXXX,8,15,F,1,200209,1,"$49,621",2.2
DLLS,51,F,13,12,D,0110,1,GS-12,F,XXXX,8,10,F,1,200209,1,"$60,268",9.8
DLLS,46,E,14,07,D,0119,3,GS-07,C,XXXX,8,10,P,2,200209,1,"$33,658",6.3
DLLS,11,B,13,11,B,0110,1,GS-11,D,XXXX,8,15,F,1,200209,1,"$46,469",2.2
DLLS,27,I,17,05,B,0119,3,GS-05,B,XXXX,8,15,P,2,200209,1,"$25,365",1.3
DLLS,06,G,17,07,D,0119,3,GS-07,C,XXXX,8,15,P,2,200209,1,"$33,857",9.5
DLLS,48,F,13,12,G,0110,1,GS-12,F,XXXX,8,10,F,1,200209,1,"$62,790",21.0
DLLS,27,F,15,12,F,0110,1,GS-12,F,XXXX,8,10,F,1,200209,1,"$61,307",16.9
DLLS,27,B,13,09,B,0110,1,GS-09,C,XXXX,8,15,F,1,200209,1,"$38,434",1.2
DLLS,27,K,13,07,D,0119,3,GS-07,C,XXXX,8,15,P,2,200209,1,"$33,658",7.3
DLLS,06,I,17,06,C,0119,3,GS-06,B,XXXX,8,10,P,2,200209,1,"$29,515",3.3
DLLS,51,H,04,05,F,0119,3,GS-05,B,XXXX,8,10,P,2,200209,1,"$29,923",17.5
DLLS,17,H,13,12,H,0110,1,GS-12,G,XXXX,7,10,F,1,200209,1,"$72,505",26.7
DLLS,11,C,17,07,B,0110,1,GS-07,C,XXXX,8,15,F,1,200209,1,"$35,584",1.1
DLLS,11,H,21,11,D,0110,1,GS-11,E,XXXX,8,10,F,1,200209,1,"$52,663",8.7
DLLS,11,C,13,11,B,0110,1,GS-11,D,XXXX,8,15,F,1,200209,1,"$46,469",2.2
DLLS,06,I,13,07,F,0119,3,GS-07,D,XXXX,8,10,P,2,200209,1,"$43,586",17.3
DLLS,11,B,13,07,A,0110,1,GS-07,C,XXXX,8,15,F,1,200209,1,"$31,397",0.3
DLLS,11,C,17,09,B,0110,1,GS-09,C,XXXX,8,15,F,1,200209,1,"$38,406",1.8
DLLS,25,J,13,12,E,0110,1,GS-12,F,XXXX,8,10,F,1,200209,1,"$68,084",14.8
DLLS,29,D,13,09,B,0110,1,GS-09,C,XXXX,8,15,F,1,200209,1,"$37,648",1.3
DLLS,11,E,13,12,F,0110,1,GS-12,F,XXXX,8,10,F,1,200209,1,"$61,263",16.4
DLLS,11,E,04,06,F,0119,3,GS-06,C,XXXX,8,10,F,1,200209,1,"$34,848",15.2
DLLS,11,G,14,12,G,0110,1,GS-12,F,XXXX,8,10,F,1,200209,1,"$68,687",23.3
DLLS,08,K,13,06,B,0119,3,GS-06,B,XXXX,8,15,P,2,200209,1,"$29,683",2.9
DLLS,08,J,15,07,D,0119,3,GS-07,C,XXXX,8,10,P,2,200209,1,"$35,114",9.8
DLLS,11,C,13,12,D,0110,1,GS-12,E,XXXX,8,10,F,1,200209,1,"$57,550",6.0
DLLS,48,K,13,07,F,0119,3,GS-07,C,XXXX,8,20,P,2,200209,1,"$39,779",18.2
DLLS,17,H,13,14,H,0110,1,GS-14,I,XXXX,2,10,F,1,200209,1,"$91,166",28.9
DLLS,29,F,13,13,G,0110,1,GS-13,H,XXXX,8,10,F,1,200209,1,"$80,068",22.1
DLLS,11,G,13,14,G,0110,1,GS-14,I,XXXX,2,10,F,1,200209,1,"$91,308",23.9
DLLS,31,G,13,06,C,0119,3,GS-06,B,XXXX,8,15,P,2,200209,1,"$29,370",3.5
DLLS,17,B,13,11,B,0110,1,GS-11,D,XXXX,8,15,F,1,200209,1,"$47,762",2.2
DLLS,19,C,13,12,C,0110,1,GS-12,E,XXXX,8,15,F,1,200209,1,"$54,275",4.3
DLLS,17,B,13,07,B,0110,1,GS-07,C,XXXX,8,15,F,1,200209,1,"$33,346",1.0
DLLS,11,H,14,14,I,0110,1,GM-14,J,XXXX,2,10,F,1,200209,1,"$101,742",30.5
DLLS,29,D,13,12,E,0110,1,GS-12,F,XXXX,8,10,F,1,200209,1,"$60,054",10.3
DLLS,11,G,04,12,G,0110,1,GS-12,F,XXXX,8,10,F,1,200209,1,"$63,119",24.9
DLLS,29,H,13,07,E,0119,3,GS-07,C,XXXX,8,10,P,2,200209,1,"$36,934",14.9
DLLS,39,J,09,07,F,0119,3,GS-07,C,XXXX,8,10,P,2,200209,1,"$37,049",16.3
DLLS,29,F,04,12,H,0110,1,GS-12,F,XXXX,8,10,F,1,200209,1,"$65,512",26.2
DLLS,29,H,17,12,H,0110,1,GS-12,F,XXXX,8,10,F,1,200209,1,"$68,961",26.6
DLLS,29,I,17,12,G,0110,1,GS-12,F,XXXX,8,10,F,1,200209,1,"$67,332",20.0
DLLS,06,H,14,12,F,0110,1,GS-12,F,XXXX,4,10,F,1,200209,1,"$65,417",18.4
DLLS,29,G,13,12,F,0110,1,GS-12,F,XXXX,8,10,F,1,200209,1,"$65,512",16.8
DLLS,29,J,17,07,D,0119,3,GS-07,C,XXXX,8,10,P,2,200209,1,"$33,856",9.2
DLLS,29,J,08,07,F,0119,3,GS-07,C,XXXX,8,10,P,2,200209,1,"$36,833",16.7
DLLS,29,H,13,13,I,0110,1,GM-13,H,XXXX,2,10,F,1,200209,1,"$83,322",30.9
DLLS,29,H,13,05,B,0119,3,GS-05,B,XXXX,8,15,P,2,200209,1,"$25,675",2.2
DLLS,11,G,13,13,G,0110,1,GS-13,H,XXXX,8,10,F,1,200209,1,"$83,888",23.1
DLLS,29,C,13,12,D,0110,1,GS-12,E,XXXX,8,10,F,1,200209,1,"$56,415",5.1
DLLS,48,H,13,13,H,0110,1,GM-13,H,XXXX,2,10,F,1,200209,1,"$85,647",28.2
DLLS,29,D,13,12,C,0110,1,GS-12,E,XXXX,8,10,F,1,200209,1,"$54,595",4.1
DLLS,29,B,13,09,B,0110,1,GS-09,C,XXXX,8,15,F,1,200209,1,"$37,648",1.6
DLLS,11,I,17,,H,0110,1,ES-04,M,XXXX,2,50,F,1,200209,1,"$138,200",28.8
DLLS,17,I,04,07,I,0119,3,GS-07,D,XXXX,8,10,F,1,200209,1,"$40,878",32.4
DLLS,29,H,13,12,G,0110,1,GS-12,F,XXXX,8,10,F,1,200209,1,"$61,703",21.6
DLLS,06,H,13,14,I,0110,1,GM-14,J,XXXX,2,10,F,1,200209,1,"$108,642",31.3
DLLS,29,G,15,06,E,0119,3,GS-06,C,XXXX,8,15,P,2,200209,1,"$36,007",13.5
DLLS,29,I,13,12,E,0110,1,GS-12,F,XXXX,8,10,F,1,200209,1,"$60,054",12.3
DLLS,29,H,13,12,D,0110,1,GS-12,E,XXXX,8,10,P,2,200209,1,"$54,595",8.3
DLLS,11,D,17,09,A,0110,1,GS-09,C,XXXX,8,15,F,1,200209,1,"$38,406",0.6
DLLS,29,I,13,07,G,0119,3,GS-07,C,XXXX,8,30,P,2,200209,1,"$37,856",22.1
DLLS,29,K,13,07,F,0119,3,GS-07,C,XXXX,8,10,P,2,200209,1,"$35,810",18.2
DLLS,29,I,13,07,H,0119,3,GS-07,D,XXXX,8,10,P,2,200209,1,"$40,013",27.9
DLLS,18,H,17,05,C,0119,3,GS-05,B,XXXX,8,15,P,2,200209,1,"$24,701",4.3
DLLS,29,G,13,07,D,0119,3,GS-07,C,XXXX,8,10,P,2,200209,1,"$33,763",9.6
DLLS,29,E,13,12,E,0110,1,GS-12,F,XXXX,8,10,F,1,200209,1,"$60,054",11.1
DLLS,11,E,17,11,B,0110,1,GS-11,D,XXXX,8,15,F,1,200209,1,"$46,469",1.7
DLLS,11,J,22,14,I,0110,1,GS-14,J,XXXX,8,10,F,1,200209,1,"$101,742",33.5
DLLS,42,G,13,05,B,0119,3,GS-05,B,XXXX,8,15,P,2,200209,1,"$27,190",2.3
DLLS,53,D,13,12,D,0110,1,GS-12,F,XXXX,8,10,F,1,200209,1,"$61,422",7.6
DLLS,31,K,13,06,D,0119,3,GS-06,C,XXXX,8,10,P,2,200209,1,"$30,288",5.9
DLLS,29,I,13,13,I,0110,1,GM-13,H,XXXX,2,10,F,1,200209,1,"$82,242",30.3
DLLS,46,I,13,06,B,0119,3,GS-06,B,XXXX,8,15,P,2,200209,1,"$27,534",2.3
DLLS,49,K,07,07,F,0119,3,GS-07,C,XXXX,8,10,P,2,200209,1,"$36,718",18.3
DLLS,31,I,04,06,C,0119,3,GS-06,B,XXXX,8,15,P,2,200209,1,"$29,370",3.5
DLLS,11,D,17,13,D,0110,1,GS-13,F,XXXX,*,10,F,1,200209,1,"$66,229",5.5
DLLS,08,D,17,12,D,0110,1,GS-12,F,XXXX,8,10,F,1,200209,1,"$60,398",5.1
DLLS,11,D,17,12,C,0110,1,GS-12,E,XXXX,8,10,F,1,200209,1,"$55,694",3.3
DLLS,01,G,04,06,D,0119,3,GS-06,B,XXXX,8,15,P,2,200209,1,"$28,452",8.5
DLLS,29,F,17,12,D,0110,1,GS-12,E,XXXX,8,10,F,1,200209,1,"$58,234",9.8
DLLS,29,F,17,13,F,0110,1,GS-13,G,XXXX,2,10,F,1,200209,1,"$73,577",17.0
DLLS,31,E,14,12,E,0110,1,GS-12,E,XXXX,8,10,F,1,200209,1,"$59,702",10.2
DLLS,29,C,13,12,D,0110,1,GS-12,E,XXXX,8,10,F,1,200209,1,"$56,415",5.0
DLLS,11,B,13,09,B,0110,1,GS-09,C,XXXX,8,15,F,1,200209,1,"$38,406",1.9
DLLS,41,I,13,06,B,0119,3,GS-06,B,XXXX,8,15,P,2,200209,1,"$29,237",2.8
DLLS,29,I,18,12,F,0110,1,GS-12,F,XXXX,8,10,F,1,200209,1,"$65,512",16.3
DLLS,11,H,07,13,I,0110,1,GM-13,G,XXXX,2,10,F,1,200209,1,"$79,473",33.0
DLLS,29,D,13,12,F,0110,1,GS-12,E,XXXX,8,10,F,1,200209,1,"$56,415",15.3
DLLS,08,D,17,12,C,0110,1,GS-12,E,XXXX,8,10,F,1,200209,1,"$58,511",4.1
DLLS,48,H,17,15,I,0110,1,GM-15,K,XXXX,2,10,F,1,200209,1,"$119,059",33.4
DLLS,11,H,18,14,I,0110,1,GS-14,I,XXXX,2,10,F,1,200209,1,"$93,916",30.3
DLLS,29,H,10,07,I,0110,1,GS-07,C,XXXX,8,10,F,1,200209,1,"$37,961",32.3
DLLS,13,G,10,07,H,0119,3,GS-07,C,XXXX,8,10,P,2,200209,1,"$38,120",27.3
DLLS,11,E,13,14,E,0110,1,GS-14,H,XXXX,2,10,F,1,200209,1,"$83,482",11.6
DLLS,11,I,13,12,E,0110,1,GS-12,F,XXXX,8,10,F,1,200209,1,"$63,119",13.3
DLLS,06,D,13,12,C,0110,1,GS-12,E,XXXX,8,10,F,1,200209,1,"$59,471",3.1
DLLS,11,C,13,09,B,0110,1,GS-09,C,XXXX,8,15,F,1,200209,1,"$38,406",1.3
DLLS,20,I,04,07,D,0119,3,GS-07,C,XXXX,8,10,P,2,200209,1,"$32,638",8.5
DLLS,11,G,13,15,H,0110,1,GS-15,J,XXXX,2,10,F,1,200209,1,"$101,267",27.8
DLLS,20,G,13,07,D,0119,3,GS-07,C,XXXX,8,10,P,2,200209,1,"$33,658",5.6
DLLS,29,F,14,12,E,0110,1,GS-12,F,XXXX,8,10,F,1,200209,1,"$60,054",10.0
DLLS,48,D,13,11,C,0110,1,GS-11,D,XXXX,8,15,F,1,200209,1,"$46,228",3.4
DLLS,13,E,13,12,E,0110,1,GS-12,F,XXXX,8,10,F,1,200209,1,"$60,307",11.3
DLLS,25,B,13,07,A,0110,1,GS-07,C,XXXX,8,15,F,1,200209,1,"$31,986",0.8
DLLS,11,H,17,12,D,0110,1,GS-12,F,XXXX,8,10,F,1,200209,1,"$63,119",9.5
DLLS,11,I,17,13,E,0110,1,GS-13,G,XXXX,8,10,F,1,200209,1,"$77,266",13.7
DLLS,02,G,17,07,D,0119,3,GS-07,C,XXXX,8,10,P,2,200209,1,"$30,981",7.1
DLLS,11,B,13,11,B,0110,1,GS-11,D,XXXX,8,15,F,1,200209,1,"$46,469",2.1
DLLS,11,I,21,13,I,0110,1,GS-13,H,XXXX,8,10,F,1,200209,1,"$86,095",30.0
DLLS,53,G,13,07,C,0119,3,GS-07,C,XXXX,8,10,P,2,200209,1,"$31,617",4.7
DLLS,16,F,13,07,D,0119,3,GS-07,C,XXXX,8,10,P,2,200209,1,"$33,658",5.6
DLLS,11,F,17,14,D,0110,1,GS-14,H,XXXX,8,10,F,1,200209,1,"$80,873",7.4
DLLS,11,H,17,13,D,0110,1,GS-13,G,XXXX,8,10,F,1,200209,1,"$70,644",8.8
DLLS,11,D,17,11,C,0110,1,GS-11,D,XXXX,8,15,F,1,200209,1,"$46,469",4.2
DLLS,11,C,13,09,C,0110,1,GS-09,C,XXXX,8,15,F,1,200209,1,"$38,406",3.8
DLLS,08,I,17,07,F,0119,3,GS-07,C,XXXX,8,10,P,2,200209,1,"$39,371",19.9
DLLS,11,C,13,09,C,0110,1,GS-09,C,XXXX,8,42,F,2,200209,1,"$38,406",3.5
DLLS,11,C,13,11,B,0110,1,GS-11,D,XXXX,8,15,F,1,200209,1,"$46,469",2.8
DLLS,11,D,17,12,C,0110,1,GS-12,E,XXXX,8,10,F,1,200209,1,"$57,550",3.0
DLLS,08,D,13,12,E,0110,1,GS-12,F,XXXX,8,10,F,1,200209,1,"$62,285",11.3
DLLS,42,C,13,12,C,0110,1,GS-12,E,XXXX,8,10,F,1,200209,1,"$56,009",3.8
DLLS,08,J,13,06,D,0119,3,GS-06,C,XXXX,8,15,P,2,200209,1,"$32,556",9.1
DLLS,11,G,17,12,E,0110,1,GS-12,F,XXXX,8,10,F,1,200209,1,"$66,831",14.8
DLLS,08,I,10,05,C,0119,3,GS-05,B,XXXX,8,15,P,2,200209,1,"$25,770",4.2
DLLS,48,H,14,12,H,0110,1,GS-12,G,XXXX,8,10,F,1,200209,1,"$71,106",28.4
DLLS,41,H,13,07,D,0119,3,GS-07,C,XXXX,8,10,P,2,200209,1,"$32,638",5.4
DLLS,11,B,13,07,A,0110,1,GS-07,C,XXXX,8,15,F,1,200209,1,"$31,397",0.7
DLLS,11,G,21,15,E,0110,1,GS-15,K,XXXX,8,10,F,1,200209,1,"$110,474",11.0
DLLS,13,C,13,12,C,0110,1,GS-12,E,XXXX,8,10,F,1,200209,1,"$54,825",4.0
DLLS,11,C,13,09,B,0110,1,GS-09,C,XXXX,8,15,F,1,200209,1,"$38,406",1.1
DLLS,11,C,13,11,B,0110,1,GS-11,D,XXXX,8,15,F,1,200209,1,"$46,469",2.9
DLLS,11,D,13,12,D,0110,1,GS-12,E,XXXX,8,10,F,1,200209,1,"$59,407",5.1
DLLS,49,I,07,07,D,0119,3,GS-07,C,XXXX,8,10,P,2,200209,1,"$33,658",7.4
DLLS,11,I,21,15,H,0110,1,GS-15,K,XXXX,2,10,F,1,200209,1,"$116,613",29.0
DLLS,06,C,13,11,B,0110,1,GS-11,D,XXXX,8,15,F,1,200209,1,"$49,621",2.1
DLLS,39,C,13,11,B,0110,1,GS-11,D,XXXX,8,15,F,1,200209,1,"$46,724",2.9
DLLS,11,E,17,13,D,0110,1,GS-13,G,XXXX,8,10,F,1,200209,1,"$72,851",9.0
DLLS,15,I,17,07,E,0119,3,GS-07,C,XXXX,8,10,P,2,200209,1,"$36,615",13.7
DLLS,06,F,17,12,F,0110,1,GS-12,G,XXXX,4,10,F,1,200209,1,"$77,309",18.8
DLLS,06,F,13,13,F,0110,1,GS-13,H,XXXX,4,10,F,1,200209,1,"$80,148",15.7
DLLS,06,C,13,09,B,0110,1,GS-09,C,XXXX,8,15,F,1,200209,1,"$39,980",1.3
DLLS,11,C,13,11,B,0110,1,GS-11,D,XXXX,8,15,F,1,200209,1,"$46,469",2.3
DLLS,25,B,13,09,B,0110,1,GS-09,C,XXXX,8,15,F,1,200209,1,"$39,126",1.9
DLLS,11,B,13,07,A,0110,1,GS-07,C,XXXX,8,15,F,1,200209,1,"$31,397",0.9
DLLS,15,H,13,06,B,0119,3,GS-06,B,XXXX,8,15,P,2,200209,1,"$25,344",2.3
DLLS,53,K,17,12,H,0110,1,GS-12,F,XXXX,4,10,F,1,200209,1,"$67,005",27.2
DLLS,11,J,13,12,J,0110,1,GS-12,G,XXXX,8,10,F,1,200209,1,"$72,400",35.1
DLLS,11,D,17,13,D,0110,1,GS-13,F,XXXX,2,10,F,1,200209,1,"$66,229",5.3
DLLS,53,J,13,07,D,0119,3,GS-07,C,XXXX,8,10,P,2,200209,1,"$33,578",5.1
DLLS,53,G,13,07,G,0119,3,GS-07,C,XXXX,8,10,P,2,200209,1,"$38,826",20.9
DLLS,06,D,13,12,D,0110,1,GS-12,E,XXXX,8,10,F,1,200209,1,"$59,471",8.3
DLLS,11,D,17,12,C,0110,1,GS-12,E,XXXX,8,10,F,1,200209,1,"$59,407",4.4
DLLS,11,C,13,12,C,0110,1,GS-12,E,XXXX,8,10,F,1,200209,1,"$55,694",3.3
DLLS,53,F,13,07,C,0119,3,GS-07,C,XXXX,8,10,P,2,200209,1,"$32,528",4.8
DLLS,53,D,13,06,C,0119,3,GS-06,C,XXXX,8,15,P,2,200209,1,"$30,216",3.4
DLLS,11,B,13,07,A,0110,1,GS-07,C,XXXX,8,15,F,1,200209,1,"$31,397",0.2
DLLS,04,J,15,12,J,0110,1,GS-12,G,XXXX,8,10,F,1,200209,1,"$70,555",38.9
DLLS,04,I,10,06,B,0119,3,GS-06,B,XXXX,8,15,P,2,200209,1,"$27,534",2.6
DLLS,13,C,13,11,B,0110,1,GS-11,D,XXXX,8,15,F,1,200209,1,"$45,744",2.9
DLLS,17,B,13,07,A,0110,1,GS-07,C,XXXX,8,15,F,1,200209,1,"$32,270",0.3
DLLS,41,K,04,07,H,0119,3,GS-07,C,XXXX,8,10,P,2,200209,1,"$39,829",25.8
DLLS,53,I,03,07,D,0119,3,GS-07,C,XXXX,8,10,P,2,200209,1,"$34,627",7.9
DLLS,53,D,13,12,D,0110,1,GS-12,E,XXXX,8,10,F,1,200209,1,"$57,700",6.7
DLLS,53,G,13,07,F,0119,3,GS-07,C,XXXX,8,10,P,2,200209,1,"$32,638",16.7
DLLS,25,C,13,12,C,0110,1,GS-12,F,XXXX,8,10,F,1,200209,1,"$60,520",4.4
DLLS,41,G,13,12,G,0110,1,GS-12,G,XXXX,8,10,F,1,200209,1,"$72,503",21.9
DLLS,11,H,17,13,E,0110,1,GS-13,F,XXXX,8,10,F,1,200209,1,"$68,436",10.6
DLLS,42,D,13,12,D,0110,1,GS-12,E,XXXX,8,10,F,1,200209,1,"$56,009",5.6
DLLS,51,F,10,05,E,0119,3,GS-05,B,XXXX,8,15,P,2,200209,1,"$26,348",14.3
DLLS,41,H,12,13,G,0110,1,GS-13,G,XXXX,8,10,F,1,200209,1,"$77,377",24.3
DLLS,06,H,09,12,I,0110,1,GS-12,G,XXXX,8,10,F,1,200209,1,"$71,363",30.0
DLLS,06,G,17,12,F,0110,1,GS-12,G,XXXX,8,10,F,1,200209,1,"$77,309",16.8
DLLS,06,E,13,12,E,0110,1,GS-12,F,XXXX,8,10,F,1,200209,1,"$67,399",10.5
DLLS,11,I,14,12,I,0110,1,GS-12,G,XXXX,8,10,F,1,200209,1,"$70,543",34.2
DLLS,06,C,13,11,B,0110,1,GS-11,D,XXXX,8,15,F,1,200209,1,"$48,374",2.8
DLLS,06,G,13,07,D,0119,3,GS-07,C,XXXX,8,10,P,2,200209,1,"$34,864",6.0
DLLS,53,D,13,12,E,0110,1,GS-12,F,XXXX,8,10,F,1,200209,1,"$65,144",11.4
DLLS,11,E,21,12,A,0110,1,GS-12,G,XXXX,8,15,F,1,200209,1,"$70,543",0.8
DLLS,11,I,21,13,E,0110,1,GS-13,G,XXXX,8,10,F,1,200209,1,"$79,473",10.5
DLLS,06,E,13,12,E,0110,1,GS-12,F,XXXX,8,10,F,1,200209,1,"$65,417",12.4
DLLS,06,G,13,07,D,0119,3,GS-07,C,XXXX,8,10,P,2,200209,1,"$32,638",5.7
DLLS,06,J,13,07,G,0119,3,GS-07,C,XXXX,8,10,P,2,200209,1,"$39,149",24.0
DLLS,24,F,13,12,E,0110,1,GS-12,G,XXXX,8,10,F,1,200209,1,"$72,400",14.2
DLLS,48,H,13,12,C,0110,1,GS-12,E,XXXX,8,10,F,1,200209,1,"$57,251",4.6
DLLS,06,I,13,07,G,0119,3,GS-07,D,XXXX,8,10,P,2,200209,1,"$43,586",23.6
DLLS,11,E,13,13,E,0110,1,GS-13,G,XXXX,8,10,F,1,200209,1,"$70,644",13.2
DLLS,11,H,21,15,E,0110,1,GS-15,J,XXXX,2,10,F,1,200209,1,"$104,336",13.0
DLLS,48,F,13,12,D,0110,1,GS-12,E,XXXX,8,10,F,1,200209,1,"$57,251",5.1
DLLS,13,B,13,09,B,0110,1,GS-09,C,XXXX,8,15,F,1,200209,1,"$37,807",1.0
DLLS,11,I,21,,G,0110,1,ES-04,M,XXXX,2,50,F,1,200209,1,"$138,200",24.6
DLLS,11,D,13,09,B,0110,1,GS-09,C,XXXX,8,15,F,1,200209,1,"$38,406",1.2
DLLS,11,D,17,12,D,0110,1,GS-12,E,XXXX,8,10,F,1,200209,1,"$59,407",5.5
DLLS,25,C,13,07,B,0110,1,GS-07,C,XXXX,8,15,F,1,200209,1,"$31,986",2.8
DLLS,48,G,17,12,E,0110,1,GS-12,E,XXXX,2,10,F,1,200209,1,"$59,098",13.2
DLLS,06,G,13,12,G,0110,1,GS-12,G,XXXX,8,10,F,1,200209,1,"$71,363",22.8
DLLS,06,C,13,12,D,0110,1,GS-12,F,XXXX,8,10,F,1,200209,1,"$63,435",5.2
DLLS,06,G,04,07,G,0119,3,GS-07,D,XXXX,8,10,P,2,200209,1,"$43,586",22.5
DLLS,11,F,17,12,C,0110,1,GS-12,E,XXXX,8,10,F,1,200209,1,"$57,550",4.3
DLLS,34,J,13,06,C,0119,3,GS-06,C,XXXX,8,15,P,2,200209,1,"$31,151",4.6
DLLS,11,G,17,12,F,0110,1,GS-12,E,XXXX,8,10,F,1,200209,1,"$57,550",19.3
DLLS,41,I,14,07,D,0119,3,GS-07,C,XXXX,8,10,P,2,200209,1,"$34,587",8.1
DLLS,11,H,14,12,H,0110,1,GS-12,G,XXXX,8,10,F,1,200209,1,"$72,400",28.3
DLLS,06,H,13,12,E,0110,1,GS-12,F,XXXX,8,10,F,1,200209,1,"$69,381",12.1
DLLS,11,C,12,09,B,0110,1,GS-09,C,XXXX,8,15,F,1,200209,1,"$38,406",1.2
DLLS,11,B,13,11,B,0110,1,GS-11,D,XXXX,8,15,F,1,200209,1,"$46,469",2.2
DLLS,11,F,13,11,E,0110,1,GS-11,D,XXXX,8,10,F,1,200209,1,"$46,469",14.6
DLLS,06,G,13,14,G,0110,1,GS-14,I,XXXX,2,10,F,1,200209,1,"$94,714",22.8
DLLS,11,F,13,09,G,0110,1,GS-09,C,XXXX,8,15,F,1,200209,1,"$38,406",22.9
DLLS,41,J,13,05,B,0119,3,GS-05,B,XXXX,8,15,P,2,200209,1,"$26,230",2.0
DLLS,06,E,13,07,D,0119,3,GS-07,C,XXXX,8,10,P,2,200209,1,"$32,638",8.1
DLLS,11,D,17,13,D,0110,1,GS-13,F,XXXX,8,10,F,1,200209,1,"$68,436",5.2
DLLS,06,K,09,07,D,0119,3,GS-07,C,XXXX,8,10,P,2,200209,1,"$37,043",9.8
DLLS,11,B,13,07,A,0110,1,GS-07,C,XXXX,8,15,F,1,200209,1,"$31,397",0.8
DLLS,11,I,14,13,I,0110,1,GM-13,H,XXXX,2,10,F,1,200209,1,"$86,095",30.8
DLLS,06,D,13,12,C,0110,1,GS-12,F,XXXX,8,10,F,1,200209,1,"$61,453",4.5
DLLS,48,G,13,13,H,0110,1,GS-13,G,XXXX,2,10,F,1,200209,1,"$76,864",27.6
DLLS,06,F,13,05,A,0119,3,GS-05,B,XXXX,8,20,F,2,200209,1,"$27,066",0.3
DLLS,06,J,13,07,E,0119,3,GS-07,C,XXXX,8,10,P,2,200209,1,"$35,974",10.3
DLLS,36,C,13,07,C,0110,1,GS-07,C,XXXX,8,15,F,1,200209,1,"$32,453",4.6
DLLS,06,F,13,07,D,0119,3,GS-07,C,XXXX,8,10,P,2,200209,1,"$35,762",6.4
DLLS,11,I,18,14,J,0110,1,GS-14,J,XXXX,8,10,F,1,200209,1,"$101,742",36.2
DLLS,11,I,21,15,G,0110,1,GS-15,K,XXXX,8,10,F,1,200209,1,"$119,682",21.3
DLLS,06,C,13,12,D,0110,1,GS-12,F,XXXX,2,10,F,1,200209,1,"$61,453",6.3
DLLS,06,I,13,12,G,0110,1,GS-12,G,XXXX,8,10,F,1,200209,1,"$73,345",24.3
DLLS,11,H,13,14,H,0110,1,GM-14,I,XXXX,2,10,F,1,200209,1,"$95,220",28.9
DLLS,12,D,17,12,D,0110,1,GS-12,E,XXXX,8,10,F,1,200209,1,"$57,893",5.0
DLLS,11,D,17,12,C,0110,1,GS-12,E,XXXX,8,10,F,1,200209,1,"$57,550",3.7
DLLS,12,C,13,12,C,0110,1,GS-12,E,XXXX,8,10,F,1,200209,1,"$54,275",3.7
DLLS,06,F,17,12,E,0110,1,GS-12,F,XXXX,8,10,F,1,200209,1,"$63,774",11.3
DLLS,06,D,13,13,E,0110,1,GS-13,G,XXXX,2,10,F,1,200209,1,"$77,791",10.3
DLLS,42,C,13,11,B,0110,1,GS-11,D,XXXX,8,15,F,1,200209,1,"$46,732",2.0
DLLS,06,G,13,12,H,0110,1,GS-12,G,XXXX,8,10,F,1,200209,1,"$73,345",26.1
DLLS,11,C,13,11,B,0110,1,GS-11,E,XXXX,8,15,F,1,200209,1,"$52,663",2.2
DLLS,29,C,13,07,A,0110,1,GS-07,C,XXXX,8,15,F,1,200209,1,"$30,778",0.3
DLLS,06,J,13,12,D,0110,1,GS-12,F,XXXX,8,10,F,1,200209,1,"$65,417",6.1
DLLS,11,D,17,12,D,0110,1,GS-12,E,XXXX,8,10,F,1,200209,1,"$59,407",6.2
DLLS,06,H,09,06,F,0119,3,GS-06,C,XXXX,8,10,P,2,200209,1,"$39,222",18.8
DLLS,04,K,14,07,G,0119,3,GS-07,C,XXXX,8,10,P,2,200209,1,"$39,779",20.4
DLLS,11,B,13,07,A,0110,1,GS-07,C,XXXX,8,15,F,1,200209,1,"$31,397",0.9
DLLS,06,I,13,12,I,0110,1,GS-12,G,XXXX,8,10,F,1,200209,1,"$75,327",30.6
DLLS,06,G,13,13,G,0110,1,GS-13,G,XXXX,2,10,F,1,200209,1,"$77,791",24.4
DLLS,11,F,21,15,E,0110,1,GS-15,I,XXXX,2,10,F,1,200209,1,"$98,198",12.0
DLLS,06,E,13,12,E,0110,1,GS-12,F,XXXX,8,10,F,1,200209,1,"$63,774",11.3
DLLS,06,C,17,11,B,0110,1,GS-11,D,XXXX,8,15,F,1,200209,1,"$48,374",2.2
DLLS,06,H,17,07,D,0119,3,GS-07,C,XXXX,8,10,P,2,200209,1,"$35,953",6.6
DLLS,06,F,13,12,F,0110,1,GS-12,F,XXXX,8,10,F,1,200209,1,"$69,381",17.1
DLLS,11,K,17,13,G,0110,1,GS-13,H,XXXX,8,10,F,1,200209,1,"$86,095",22.3
DLLS,11,B,13,07,A,0110,1,GS-07,C,XXXX,8,15,F,1,200209,1,"$31,397",0.8
DLLS,06,I,04,07,G,0119,3,GS-07,D,XXXX,8,10,P,2,200209,1,"$40,312",22.7
DLLS,06,G,13,07,D,0119,3,GS-07,C,XXXX,8,10,P,2,200209,1,"$35,953",7.7
DLLS,06,F,13,12,F,0110,1,GS-12,F,XXXX,2,10,F,1,200209,1,"$65,417",18.9
DLLS,11,E,13,13,D,0110,1,GS-13,F,XXXX,8,10,F,1,200209,1,"$68,436",5.7
DLLS,06,G,11,13,G,0110,1,GS-13,G,XXXX,2,10,F,1,200209,1,"$77,791",23.5
DLLS,25,F,13,13,D,0110,1,GS-13,G,XXXX,2,10,F,1,200209,1,"$71,968",7.6
DLLS,11,C,13,09,B,0110,1,GS-09,C,XXXX,8,15,F,1,200209,1,"$38,406",1.1
DLLS,06,I,13,06,C,0119,3,GS-06,C,XXXX,8,10,P,2,200209,1,"$31,373",4.8
DLLS,06,F,14,12,G,0110,1,GS-12,F,XXXX,8,10,F,1,200209,1,"$69,381",21.8
DLLS,06,C,13,12,C,0110,1,GS-12,E,XXXX,8,10,F,1,200209,1,"$59,910",4.0
DLLS,36,H,17,12,F,0110,1,GS-12,G,XXXX,8,10,F,1,200209,1,"$72,916",18.5
DLLS,06,E,13,14,E,0110,1,GS-14,H,XXXX,2,10,F,1,200209,1,"$83,572",12.4
DLLS,06,E,13,06,C,0119,3,GS-06,C,XXXX,8,15,P,2,200209,1,"$31,175",3.1
DLLS,16,J,14,07,E,0119,3,GS-07,C,XXXX,8,10,P,2,200209,1,"$36,718",10.0
DLLS,06,E,13,12,E,0110,1,GS-12,F,XXXX,8,10,F,1,200209,1,"$61,842",11.3
DLLS,11,E,13,12,D,0110,1,GS-12,F,XXXX,8,10,F,1,200209,1,"$61,263",9.2
DLLS,06,K,13,05,C,0119,3,GS-05,B,XXXX,8,15,P,2,200209,1,"$28,146",3.4
DLLS,06,H,09,07,D,0119,3,GS-07,C,XXXX,8,10,P,2,200209,1,"$35,953",6.0
DLLS,04,D,13,12,E,0110,1,GS-12,F,XXXX,8,10,F,1,200209,1,"$63,320",11.4
DLLS,06,E,17,07,E,0119,3,GS-07,C,XXXX,8,10,P,2,200209,1,"$38,133",10.3
DLLS,06,J,10,06,C,0119,3,GS-06,B,XXXX,8,10,P,2,200209,1,"$28,452",3.1
DLLS,06,J,10,05,A,0119,3,GS-05,B,XXXX,8,15,P,2,200209,1,"$26,386",0.9
DLLS,11,F,17,13,F,0110,1,GS-13,G,XXXX,8,10,F,1,200209,1,"$72,851",16.6
DLLS,06,C,13,07,A,0110,1,GS-07,C,XXXX,8,15,F,1,200209,1,"$33,526",0.8
DLLS,11,E,17,13,B,0110,1,GS-13,G,XXXX,8,15,F,1,200209,1,"$72,851",2.2
DLLS,06,G,13,07,D,0119,3,GS-07,C,XXXX,8,10,P,2,200209,1,"$34,864",5.3
DLLS,02,J,13,05,B,0119,3,GS-05,B,XXXX,8,15,P,2,200209,1,"$24,253",2.1
DLLS,11,F,18,12,F,0110,1,GS-12,F,XXXX,8,10,F,1,200209,1,"$68,687",17.8
DLLS,11,C,13,07,A,0110,1,GS-07,D,XXXX,8,15,F,1,200209,1,"$40,818",0.8
DLLS,15,H,13,07,D,0119,3,GS-07,C,XXXX,8,10,P,2,200209,1,"$31,920",9.7
DLLS,11,G,21,12,D,0110,1,GS-12,E,XXXX,8,10,F,1,200209,1,"$59,407",7.3
DLLS,53,H,13,07,D,0119,3,GS-07,C,XXXX,8,10,P,2,200209,1,"$34,627",6.3
DLLS,11,E,13,12,E,0110,1,GS-12,F,XXXX,8,10,F,1,200209,1,"$61,263",13.3
DLLS,06,D,13,13,D,0110,1,GS-13,G,XXXX,4,10,F,1,200209,1,"$70,720",5.3
DLLS,11,D,04,06,E,0119,3,GS-06,C,XXXX,8,10,P,2,200209,1,"$33,906",11.6
DLLS,11,E,17,12,D,0110,1,GS-12,F,XXXX,8,10,F,1,200209,1,"$61,263",6.1
DLLS,11,D,04,06,E,0119,3,GS-06,C,XXXX,8,10,F,1,200209,1,"$34,848",12.9
DLLS,11,C,13,09,B,0110,1,GS-09,C,XXXX,8,15,F,1,200209,1,"$38,406",1.2
DLLS,11,E,17,12,C,0110,1,GS-12,E,XXXX,8,10,F,1,200209,1,"$57,550",4.2
DLLS,11,I,04,12,J,0110,1,GS-12,E,XXXX,8,10,F,1,200209,1,"$57,550",35.0
DLLS,11,I,04,09,J,0119,3,GS-09,D,XXXX,2,10,F,1,200209,1,"$49,924",36.8
DLLS,11,I,04,08,J,0119,3,GS-08,D,XXXX,2,10,F,1,200209,1,"$45,206",36.3
DLLS,11,I,14,12,J,0110,1,GS-12,F,XXXX,8,10,F,1,200209,1,"$66,831",36.3
DLLS,11,I,21,,G,0110,1,ES-04,M,XXXX,2,50,F,1,200209,1,"$138,200",24.1
DLLS,11,I,07,08,J,0119,3,GS-08,D,XXXX,2,10,F,1,200209,1,"$45,206",35.0
DLLS,11,H,13,13,H,0110,1,GS-13,H,XXXX,8,10,F,1,200209,1,"$86,095",28.4
DLLS,11,H,04,12,I,0110,1,GS-12,F,XXXX,8,10,F,1,200209,1,"$61,263",31.7
DLLS,11,H,08,12,I,0110,1,GS-12,F,XXXX,8,10,F,1,200209,1,"$61,263",31.3
DLLS,11,H,04,08,I,0119,3,GS-08,D,XXXX,2,10,F,1,200209,1,"$45,206",32.5
DLLS,11,H,13,13,G,0110,1,GS-13,G,XXXX,8,10,F,1,200209,1,"$77,266",23.0
DLLS,11,H,04,08,G,0119,3,GS-08,D,XXXX,2,10,F,1,200209,1,"$42,887",23.1
DLLS,11,H,14,14,I,0110,1,GM-14,I,XXXX,2,10,F,1,200209,1,"$96,525",31.3
DLLS,11,H,13,14,I,0110,1,GS-14,I,XXXX,8,10,F,1,200209,1,"$91,308",31.5
DLLS,11,H,04,06,H,0119,3,GS-06,C,XXXX,8,10,F,1,200209,1,"$36,732",29.8
DLLS,11,G,04,07,H,0119,3,GS-07,D,XXXX,8,10,F,1,200209,1,"$40,818",27.8
DLLS,11,H,04,06,F,0119,3,GS-06,C,XXXX,8,10,F,1,200209,1,"$34,848",17.5
DLLS,11,G,17,11,F,0110,1,GS-11,D,XXXX,8,10,F,1,200209,1,"$46,469",15.6
DLLS,11,G,04,07,G,0119,3,GS-07,C,XXXX,8,10,F,1,200209,1,"$39,772",23.8
DLLS,11,G,13,12,H,0110,1,GS-12,F,XXXX,8,10,F,1,200209,1,"$66,831",29.8
DLLS,11,G,17,13,G,0110,1,GS-13,G,XXXX,8,10,F,1,200209,1,"$79,473",23.3
DLLS,11,I,13,12,F,0110,1,GS-12,F,XXXX,8,10,F,1,200209,1,"$66,831",17.8
DLLS,11,F,11,07,H,0119,3,GS-07,D,XXXX,8,10,F,1,200209,1,"$40,818",25.4
DLLS,11,F,13,13,F,0110,1,GS-13,G,XXXX,2,10,F,1,200209,1,"$72,851",19.2
DLLS,11,F,04,06,H,0119,3,GS-06,C,XXXX,8,10,F,1,200209,1,"$35,790",25.5
DLLS,11,G,17,12,E,0110,1,GS-12,F,XXXX,8,10,F,1,200209,1,"$61,263",14.3
DLLS,11,F,04,08,F,0119,3,GS-08,D,XXXX,2,10,F,1,200209,1,"$41,728",19.2
DLLS,11,E,04,07,F,0119,3,GS-07,C,XXXX,8,10,F,1,200209,1,"$37,678",15.2
DLLS,11,F,13,13,F,0110,1,GM-13,G,XXXX,2,10,F,1,200209,1,"$79,473",19.1
DLLS,11,C,17,13,C,0110,1,GS-13,F,XXXX,8,10,F,1,200209,1,"$66,229",4.3
DLLS,11,E,13,12,F,0110,1,GS-12,E,XXXX,8,10,F,1,200209,1,"$59,407",16.6
DLLS,11,F,04,06,G,0119,3,GS-06,C,XXXX,8,10,F,1,200209,1,"$33,906",20.1
DLLS,11,D,04,06,E,0119,3,GS-06,C,XXXX,8,10,F,1,200209,1,"$33,906",11.2
DLLS,11,E,13,13,E,0110,1,GS-13,G,XXXX,2,10,F,1,200209,1,"$75,058",14.3
DLLS,11,E,04,07,F,0119,3,GS-07,C,XXXX,8,10,F,1,200209,1,"$37,678",16.0
DLLS,11,E,04,12,F,0110,1,GS-12,E,XXXX,8,10,F,1,200209,1,"$55,694",16.7
DLLS,11,D,04,06,F,0119,3,GS-06,C,XXXX,8,10,F,1,200209,1,"$34,848",17.1
DLLS,06,K,13,07,E,0119,3,GS-07,C,XXXX,8,10,P,2,200209,1,"$37,043",13.9
DLLS,24,K,04,05,B,0119,3,GS-05,B,XXXX,8,15,P,2,200209,1,"$26,192",1.6
DLLS,11,J,07,06,G,0119,3,GS-06,C,XXXX,8,10,F,1,200209,1,"$35,790",23.5
DLLS,11,J,04,06,E,0119,3,GS-06,C,XXXX,8,10,F,1,200209,1,"$33,906",11.7
DLLS,11,I,04,06,I,0119,3,GS-06,C,XXXX,8,10,F,1,200209,1,"$36,732",32.1
DLLS,11,I,04,07,J,0119,3,GS-07,D,XXXX,8,10,F,1,200209,1,"$40,818",36.9
DLLS,11,H,13,13,I,0110,1,GS-13,H,XXXX,8,10,F,1,200209,1,"$83,888",32.3
DLLS,11,I,13,13,I,0110,1,GS-13,G,XXXX,8,10,F,1,200209,1,"$79,473",30.2
DLLS,11,I,04,,J,0110,1,ES-04,M,XXXX,2,50,F,1,200209,1,"$138,200",35.8
DLLS,11,I,04,06,F,0119,3,GS-06,C,XXXX,8,10,F,1,200209,1,"$34,848",19.3
DLLS,11,H,13,12,H,0110,1,GS-12,F,XXXX,8,10,F,1,200209,1,"$66,831",26.6
DLLS,11,G,07,07,I,0119,3,GS-07,C,XXXX,8,10,F,1,200209,1,"$39,772",31.3
DLLS,11,H,04,07,H,0119,3,GS-07,D,XXXX,8,10,F,1,200209,1,"$40,818",29.5
DLLS,11,H,04,08,I,0119,3,GS-08,D,XXXX,2,10,F,1,200209,1,"$45,206",31.0
DLLS,11,H,15,13,I,0110,1,GS-13,H,XXXX,8,10,P,2,200209,1,"$83,888",31.3
DLLS,11,I,17,12,F,0110,1,GS-12,F,XXXX,8,10,F,1,200209,1,"$66,831",17.8
DLLS,11,G,04,09,E,0110,1,GS-09,C,XXXX,8,10,F,1,200209,1,"$39,686",14.0
DLLS,11,G,04,12,I,0110,1,GS-12,F,XXXX,8,10,F,1,200209,1,"$63,119",31.3
DLLS,11,K,04,07,G,0119,3,GS-07,D,XXXX,8,10,F,1,200209,1,"$40,818",22.8
DLLS,11,F,04,06,E,0119,3,GS-06,C,XXXX,8,10,F,1,200209,1,"$33,906",11.3
DLLS,11,G,04,07,F,0119,3,GS-07,C,XXXX,8,10,F,1,200209,1,"$37,678",19.5
DLLS,11,F,17,12,F,0110,1,GS-12,G,XXXX,8,10,F,1,200209,1,"$70,543",19.9
DLLS,11,C,13,12,D,0110,1,GS-12,F,XXXX,8,10,F,1,200209,1,"$61,263",8.9
DLLS,11,F,13,13,F,0110,1,GS-13,G,XXXX,8,10,F,1,200209,1,"$72,851",17.8
DLLS,11,F,13,12,F,0110,1,GS-12,F,XXXX,8,10,F,1,200209,1,"$63,119",15.3
DLLS,11,E,04,06,F,0119,3,GS-06,C,XXXX,8,10,F,1,200209,1,"$34,848",15.3
DLLS,11,E,13,14,F,0110,1,GS-14,H,XXXX,2,10,F,1,200209,1,"$86,090",15.2
DLLS,11,E,04,06,F,0119,3,GS-06,C,XXXX,8,10,P,2,200209,1,"$34,848",15.4
DLLS,11,G,13,13,G,0110,1,GS-13,G,XXXX,8,10,F,1,200209,1,"$72,851",20.3
DLLS,11,F,04,07,F,0119,3,GS-07,D,XXXX,8,10,F,1,200209,1,"$40,818",19.2
DLLS,13,D,13,09,B,0110,1,GS-09,C,XXXX,8,15,F,1,200209,1,"$37,807",1.2
DLLS,11,K,13,13,J,0110,1,GS-13,H,XXXX,8,10,F,1,200209,1,"$86,095",42.0
DLLS,11,J,17,14,J,0110,1,GS-14,J,XXXX,2,10,F,1,200209,1,"$101,742",38.2
DLLS,11,I,14,14,J,0110,1,GM-14,J,XXXX,2,10,F,1,200209,1,"$101,742",36.2
DLLS,11,I,04,07,G,0119,3,GS-07,C,XXXX,8,10,F,1,200209,1,"$39,772",22.0
DLLS,11,I,04,06,H,0119,3,GS-06,C,XXXX,8,10,F,1,200209,1,"$36,732",26.8
DLLS,11,I,04,11,H,0110,1,GS-11,E,XXXX,8,10,F,1,200209,1,"$52,663",25.3
DLLS,11,I,14,12,H,0110,1,GS-12,G,XXXX,8,10,F,1,200209,1,"$72,400",29.6
DLLS,11,I,04,07,H,0119,3,GS-07,C,XXXX,8,10,F,1,200209,1,"$39,772",25.2
DLLS,11,H,04,07,I,0119,3,GS-07,D,XXXX,8,10,F,1,200209,1,"$40,818",32.8
DLLS,11,I,13,12,J,0110,1,GS-12,G,XXXX,8,10,F,1,200209,1,"$72,400",36.0
DLLS,11,H,14,12,H,0110,1,GS-12,G,XXXX,8,10,F,1,200209,1,"$70,543",26.5
DLLS,11,H,14,14,I,0110,1,GM-14,I,XXXX,2,10,F,1,200209,1,"$99,547",30.7
DLLS,11,H,14,14,H,0110,1,GS-14,J,XXXX,8,10,F,1,200209,1,"$101,742",29.8
DLLS,11,H,04,07,H,0119,3,GS-07,C,XXXX,8,10,F,1,200209,1,"$39,772",28.9
DLLS,11,G,13,07,H,0119,3,GS-07,D,XXXX,8,10,F,1,200209,1,"$40,818",26.8
DLLS,11,H,09,14,I,0110,1,GS-14,H,XXXX,2,10,F,1,200209,1,"$88,699",30.4
DLLS,11,H,04,08,H,0119,3,GS-08,D,XXXX,2,10,F,1,200209,1,"$44,047",25.6
DLLS,11,G,04,12,H,0110,1,GS-12,F,XXXX,8,10,F,1,200209,1,"$61,263",26.3
DLLS,11,H,13,12,G,0110,1,GS-12,F,XXXX,8,10,F,1,200209,1,"$61,263",24.3
DLLS,11,G,08,07,H,0119,3,GS-07,D,XXXX,8,10,F,1,200209,1,"$40,818",27.2
DLLS,11,G,07,12,G,0110,1,GS-12,F,XXXX,8,10,F,1,200209,1,"$61,263",24.9
DLLS,11,G,04,08,G,0119,3,GS-08,D,XXXX,2,10,F,1,200209,1,"$41,728",23.2
DLLS,11,G,04,11,H,0110,1,GS-11,D,XXXX,8,10,F,1,200209,1,"$48,018",28.2
DLLS,11,D,07,06,E,0119,3,GS-06,C,XXXX,8,10,F,1,200209,1,"$34,848",14.6
DLLS,11,G,13,13,G,0110,1,GS-13,G,XXXX,2,10,F,1,200209,1,"$72,851",22.6
DLLS,11,F,03,06,G,0119,3,GS-06,C,XXXX,8,10,F,1,200209,1,"$35,790",22.0
DLLS,11,F,04,07,F,0119,3,GS-07,C,XXXX,8,10,F,1,200209,1,"$37,678",18.0
DLLS,11,D,04,07,F,0119,3,GS-07,C,XXXX,8,10,F,1,200209,1,"$36,631",17.1
DLLS,13,G,13,09,F,0110,1,GS-09,D,XXXX,8,10,F,1,200209,1,"$49,145",17.5
DLLS,11,E,04,06,F,0119,3,GS-06,C,XXXX,8,10,F,1,200209,1,"$34,848",15.7
DLLS,11,E,13,13,F,0110,1,GS-13,G,XXXX,8,10,F,1,200209,1,"$70,644",19.7
DLLS,26,G,13,11,C,0110,1,GS-11,D,XXXX,8,10,F,1,200209,1,"$49,409",4.0
DLLS,36,J,17,13,H,0110,1,GM-13,H,XXXX,2,10,F,1,200209,1,"$87,858",27.7
DLLS,11,E,14,11,E,0110,1,GS-11,D,XXXX,8,10,F,1,200209,1,"$46,469",11.4
DLLS,13,C,13,11,C,0110,1,GS-11,D,XXXX,8,10,F,1,200209,1,"$45,744",3.1
DLLS,11,E,17,13,D,0110,1,GS-13,G,XXXX,8,10,F,1,200209,1,"$70,644",8.3
DLLS,12,I,13,12,H,0110,1,GS-12,F,XXXX,8,10,F,1,200209,1,"$66,937",26.5
DLLS,11,I,13,11,G,0110,1,GS-11,E,XXXX,8,10,F,1,200209,1,"$55,760",20.4
DLLS,12,H,13,07,E,0119,3,GS-07,C,XXXX,8,10,P,2,200209,1,"$36,950",10.4
DLLS,11,G,17,14,G,0110,1,GS-14,I,XXXX,2,10,F,1,200209,1,"$91,308",22.2
DLLS,11,H,13,12,F,0110,1,GS-12,F,XXXX,8,10,F,1,200209,1,"$68,687",15.3
DLLS,48,H,13,12,H,0110,1,GS-12,G,XXXX,8,10,F,1,200209,1,"$72,023",27.6
DLLS,11,F,17,12,E,0110,1,GS-12,F,XXXX,8,10,F,1,200209,1,"$64,975",10.7
DLLS,11,D,13,13,E,0110,1,GS-13,G,XXXX,8,10,F,1,200209,1,"$72,851",12.9
DLLS,11,H,05,12,H,0110,1,GS-12,F,XXXX,8,10,F,1,200209,1,"$63,119",28.9
DLLS,12,G,17,12,D,0110,1,GS-12,F,XXXX,8,10,F,1,200209,1,"$61,796",6.1
DLLS,11,G,13,12,H,0110,1,GS-12,G,XXXX,8,10,F,1,200209,1,"$70,543",28.3
DLLS,11,D,13,09,B,0110,1,GS-09,C,XXXX,8,15,F,1,200209,1,"$38,406",1.8
DLLS,13,D,17,12,C,0110,1,GS-12,E,XXXX,8,10,F,1,200209,1,"$58,479",4.3
DLLS,11,C,13,11,B,0110,1,GS-11,D,XXXX,8,15,F,1,200209,1,"$46,469",2.6
DLLS,11,C,13,07,A,0110,1,GS-07,C,XXXX,8,15,F,1,200209,1,"$31,397",0.0
DLLS,11,B,13,09,B,0110,1,GS-09,C,XXXX,8,15,F,1,200209,1,"$38,406",1.2
DLLS,11,D,13,12,B,0110,1,GS-12,E,XXXX,8,15,F,1,200209,1,"$55,694",2.4
DLLS,11,B,13,09,B,0110,1,GS-09,C,XXXX,8,15,F,1,200209,1,"$38,406",1.2
DLLS,12,H,13,06,C,0119,3,GS-06,C,XXXX,8,10,P,2,200209,1,"$30,400",3.6
DLLS,11,B,13,11,B,0110,1,GS-11,D,XXXX,8,15,F,1,200209,1,"$46,469",2.1
DLLS,12,C,13,12,C,0110,1,GS-12,E,XXXX,8,10,F,1,200209,1,"$58,051",4.3
DLLS,11,C,17,11,B,0110,1,GS-11,D,XXXX,8,15,F,1,200209,1,"$46,469",1.7
DLLS,12,D,04,07,D,0119,3,GS-07,C,XXXX,8,10,P,2,200209,1,"$33,658",5.7
DLLS,11,C,13,13,D,0110,1,GS-13,F,XXXX,8,10,F,1,200209,1,"$66,229",5.2
DLLS,11,B,13,09,B,0110,1,GS-09,C,XXXX,8,15,F,1,200209,1,"$38,406",1.8
DLLS,11,D,13,12,D,0110,1,GS-12,E,XXXX,8,10,F,1,200209,1,"$59,407",6.0
DLLS,11,C,13,07,A,0110,1,GS-07,C,XXXX,8,15,F,1,200209,1,"$31,397",0.8
DLLS,11,C,13,11,A,0110,1,GS-11,D,XXXX,8,42,F,2,200209,1,"$46,469",0.0
DLLS,11,C,13,11,D,0110,1,GS-11,D,XXXX,8,10,F,1,200209,1,"$46,469",5.0
DLLS,11,B,13,11,B,0110,1,GS-11,D,XXXX,8,15,F,1,200209,1,"$46,469",2.2
DLLS,42,B,13,07,B,0110,1,GS-07,C,XXXX,8,15,F,1,200209,1,"$32,627",1.1
DLLS,06,B,17,09,A,0110,1,GS-09,D,XXXX,8,15,F,1,200209,1,"$41,010",0.1
DLLS,06,C,13,11,B,0110,1,GS-11,D,XXXX,8,15,F,1,200209,1,"$48,374",2.3
DLLS,06,B,13,11,B,0110,1,GS-11,D,XXXX,8,15,F,1,200209,1,"$48,374",2.2
DLLS,11,C,13,11,B,0110,1,GS-11,D,XXXX,8,15,F,1,200209,1,"$48,018",2.4
DLLS,06,C,13,11,B,0110,1,GS-11,D,XXXX,8,15,F,1,200209,1,"$49,621",2.1
DLLS,06,B,13,07,A,0110,1,GS-07,C,XXXX,8,15,F,1,200209,1,"$32,684",0.1
DLLS,06,F,17,09,B,0110,1,GS-09,C,XXXX,8,15,F,1,200209,1,"$39,980",1.8
DLLS,06,E,17,12,D,0110,1,GS-12,F,XXXX,8,10,F,1,200209,1,"$61,453",7.4
DLLS,11,D,13,12,C,0110,1,GS-12,E,XXXX,8,10,F,1,200209,1,"$57,550",4.3
DLMS,51,G,17,14,G,0110,1,GS-14,I,XXXX,8,10,F,1,200209,1,"$91,308",23.1
DLMS,51,F,21,13,B,0110,1,GS-13,G,XXXX,8,15,F,1,200209,1,"$70,644",2.2
DLMS,51,D,09,13,C,0110,1,GS-13,F,XXXX,8,10,F,1,200209,1,"$68,436",4.3
DLMS,51,I,17,15,C,0110,1,GS-15,K,XXXX,2,10,F,1,200209,1,"$119,682",4.3
DLMS,51,H,21,13,E,0110,1,GS-13,G,XXXX,8,10,F,1,200209,1,"$79,473",11.8
DLMS,51,G,14,13,C,0110,1,GS-13,G,XXXX,8,15,F,1,200209,1,"$72,851",4.8
DLPE,11,H,13,15,H,0110,1,GM-15,K,XXXX,2,10,F,1,200209,1,"$119,682",27.0
DLPE,11,J,21,15,I,0110,1,GS-15,K,XXXX,8,10,F,1,200209,1,"$119,682",32.2
DLPE,11,D,04,12,D,0110,1,GS-12,F,XXXX,8,10,P,2,200209,1,"$61,263",5.3
DLPE,11,J,22,,I,0110,1,ES-05,M,XXXX,2,50,F,1,200209,1,"$138,200",34.2
DLPE,11,G,17,15,G,0110,1,GS-15,K,XXXX,8,10,F,1,200209,1,"$116,613",23.2
DLPE,11,G,17,15,H,0110,1,GS-15,K,XXXX,5,10,F,1,200209,1,"$119,682",27.0
DLPE,11,F,17,14,F,0110,1,GS-14,H,XXXX,8,10,F,1,200209,1,"$88,699",15.7
DLPE,11,H,17,15,H,0110,1,GS-15,K,XXXX,8,10,F,1,200209,1,"$119,682",26.9
DLPE,11,E,13,14,E,0110,1,GS-14,I,XXXX,8,10,F,1,200209,1,"$91,308",12.9
DLPE,11,I,17,15,I,0110,1,GS-15,K,XXXX,8,10,F,1,200209,1,"$119,682",31.4
DLPE,11,E,17,14,C,0110,1,GS-14,H,XXXX,8,10,F,1,200209,1,"$83,482",3.3
DLPE,11,F,17,13,F,0110,1,GS-13,H,XXXX,8,10,F,1,200209,1,"$81,680",17.8
DLPE,11,I,13,15,C,0110,1,GS-15,K,XXXX,8,44,F,2,200209,1,"$119,682",3.1
DLPE,11,J,18,,J,0110,1,ES-05,M,XXXX,2,50,F,1,200209,1,"$138,200",39.3
DLPE,11,C,13,12,C,0110,1,GS-12,E,XXXX,8,10,F,1,200209,1,"$57,550",4.3
DLPW,11,G,13,13,G,0110,1,GS-13,H,XXXX,8,10,F,1,200209,1,"$86,095",24.4
DLPW,11,G,17,,F,0110,1,ES-05,M,XXXX,2,50,F,1,200209,1,"$138,200",19.3
DLPW,11,I,13,14,I,0110,1,GS-14,J,XXXX,8,10,F,1,200209,1,"$101,742",32.4
DLPW,11,H,14,13,I,0110,1,GS-13,H,XXXX,8,10,F,1,200209,1,"$83,888",31.0
DLSH,11,F,13,15,F,0110,1,GS-15,I,XXXX,7,10,F,1,200209,1,"$95,129",17.6
DLSH,11,J,21,13,F,0110,1,GS-13,H,XXXX,8,10,F,1,200209,1,"$83,888",18.7
DLSH,11,I,14,15,I,0110,1,GM-15,K,XXXX,2,10,F,1,200209,1,"$116,613",32.0
DLSH,11,I,13,13,I,0110,1,GS-13,H,XXXX,8,10,F,1,200209,1,"$86,095",32.6
DLSH,11,D,13,12,D,0110,1,GS-12,E,XXXX,8,10,F,1,200209,1,"$59,407",8.4
DLSH,11,J,17,12,F,0110,1,GS-12,F,XXXX,8,10,F,1,200209,1,"$63,119",19.0
DLSH,11,H,13,14,H,0110,1,GS-14,J,XXXX,8,10,F,1,200209,1,"$101,742",26.0
DLSH,11,F,21,14,F,0110,1,GS-14,I,XXXX,8,10,F,1,200209,1,"$93,916",15.1
DLSH,11,G,21,13,B,0110,1,GS-13,F,XXXX,8,15,F,1,200209,1,"$68,436",1.7
DLSH,11,I,19,15,E,0110,1,GS-15,K,XXXX,2,10,F,1,200209,1,"$110,474",11.3
DLSH,11,E,21,13,D,0110,1,GS-13,H,XXXX,8,10,F,1,200209,1,"$86,095",9.0
DLSH,11,F,13,13,F,0110,1,GS-13,H,XXXX,8,10,F,1,200209,1,"$86,095",16.0
DLSH,11,J,18,13,C,0110,1,GS-13,G,XXXX,8,10,F,1,200209,1,"$70,644",3.7
DLSH,11,E,17,14,E,0110,1,GS-14,I,XXXX,2,10,F,1,200209,1,"$91,308",14.1
DLWB,11,G,13,13,G,0110,1,GS-13,H,XXXX,8,10,F,1,200209,1,"$86,095",22.6
DLWB,11,H,17,13,E,0110,1,GS-13,H,XXXX,8,10,F,1,200209,1,"$86,095",12.3
DLWB,11,H,17,13,G,0110,1,GS-13,H,XXXX,8,10,F,1,200209,1,"$86,095",22.1
DN00,04,G,21,12,E,0110,1,GS-12,E,XXXX,8,10,F,1,200209,1,"$59,702",11.1
DN00,53,H,18,14,G,0110,1,GS-14,I,XXXX,5,10,F,1,200209,1,"$94,051",24.6
DN00,41,G,18,13,E,0110,1,GS-13,G,XXXX,8,10,F,1,200209,1,"$70,745",13.9
DN00,11,C,14,11,B,0110,1,GS-11,E,XXXX,8,15,F,1,200209,1,"$51,115",1.8
DN00,11,G,21,15,E,0110,1,GS-15,K,XXXX,4,10,F,1,200209,1,"$110,474",11.1
DN00,11,B,13,07,A,0110,1,GS-07,C,XXXX,8,15,F,1,200209,1,"$31,397",0.2
DN00,11,D,13,12,B,0110,1,GS-12,E,XXXX,8,15,F,1,200209,1,"$55,694",1.7
DN00,11,H,21,15,F,0110,1,GS-15,K,XXXX,8,10,F,1,200209,1,"$113,543",15.1
DN00,11,I,18,14,H,0110,1,GS-14,J,XXXX,8,10,F,1,200209,1,"$101,742",27.3
DN00,11,B,13,07,A,0110,1,GS-07,C,XXXX,8,15,F,1,200209,1,"$33,491",0.2
DN00,24,H,17,15,H,0110,1,GS-15,K,XXXX,8,10,F,1,200209,1,"$110,474",27.1
DN00,11,E,21,14,C,0110,1,GS-14,H,XXXX,8,10,F,1,200209,1,"$88,699",3.1
DN00,11,I,14,14,I,0110,1,GS-14,J,XXXX,8,10,F,1,200209,1,"$101,742",32.6
DN00,11,D,17,13,A,0110,1,GS-13,H,XXXX,8,15,F,1,200209,1,"$86,095",0.7
DN00,11,F,17,14,E,0110,1,GS-14,H,XXXX,8,10,F,1,200209,1,"$88,699",13.9
DN00,11,I,17,13,E,0110,1,GS-13,G,XXXX,8,10,F,1,200209,1,"$79,473",13.3
DN00,11,D,21,11,B,0110,1,GS-11,D,XXXX,8,30,F,1,200209,1,"$46,469",2.1
DN00,11,J,17,15,J,0110,1,GS-15,K,XXXX,5,10,F,1,200209,1,"$119,682",36.3
DN00,11,H,18,15,H,0110,1,GS-15,K,XXXX,8,10,F,1,200209,1,"$119,682",27.2
DN00,11,F,21,13,F,0110,1,GS-13,H,XXXX,8,10,F,1,200209,1,"$81,680",18.3
DN00,11,J,21,15,H,0110,1,GS-15,K,XXXX,8,10,F,1,200209,1,"$119,682",28.3
DN00,11,B,13,07,A,0110,1,GS-07,C,XXXX,8,15,F,1,200209,1,"$31,397",0.3
DN00,11,I,21,15,H,0110,1,GS-15,K,XXXX,8,10,F,1,200209,1,"$119,682",29.3
DN00,11,G,17,15,A,0110,1,GS-15,K,XXXX,4,15,F,1,200209,1,"$119,682",0.3
DN00,11,H,17,15,H,0110,1,GS-15,K,XXXX,4,10,F,1,200209,1,"$110,474",25.0
DN00,11,C,17,12,C,0110,1,GS-12,E,XXXX,8,15,F,1,200209,1,"$57,550",3.3
DN00,11,H,18,15,G,0110,1,GS-15,K,XXXX,8,10,F,1,200209,1,"$119,682",24.0
DN00,41,G,17,14,G,0110,1,GS-14,J,XXXX,5,10,F,1,200209,1,"$101,888",22.4
DN00,11,C,21,12,B,0110,1,GS-12,E,XXXX,8,15,F,1,200209,1,"$55,694",1.3
DN00,11,J,17,14,J,0110,1,GS-14,J,XXXX,8,10,F,1,200209,1,"$101,742",38.3
DN00,11,F,17,13,E,0110,1,GS-13,H,XXXX,8,10,F,1,200209,1,"$83,888",13.9
DN00,11,H,17,13,D,0110,1,GS-13,H,XXXX,8,15,F,1,200209,1,"$86,095",7.2
DN00,11,I,19,13,E,0110,1,GS-13,H,XXXX,8,10,F,1,200209,1,"$81,680",14.9
DN00,11,J,04,15,I,0110,1,GS-15,K,XXXX,8,10,F,1,200209,1,"$119,682",33.2
DN00,11,H,13,14,I,0110,1,GS-14,I,XXXX,8,10,F,1,200209,1,"$96,525",31.4
DN00,11,D,13,13,E,0110,1,GS-13,G,XXXX,8,10,F,1,200209,1,"$70,644",10.8
DN00,11,H,18,14,H,0110,1,GS-14,J,XXXX,8,10,F,1,200209,1,"$101,742",25.0
DN00,11,C,17,12,B,0110,1,GS-12,E,XXXX,8,15,F,1,200209,1,"$55,694",1.4
DN00,11,E,17,13,E,0110,1,GS-13,G,XXXX,8,10,F,1,200209,1,"$72,851",10.5
DN00,11,G,18,15,E,0110,1,GS-15,K,XXXX,8,10,F,1,200209,1,"$113,543",12.9
DN00,11,C,13,07,A,0110,1,GS-07,C,XXXX,8,15,F,1,200209,1,"$35,584",0.5
DN00,11,D,13,12,B,0110,1,GS-12,E,XXXX,8,15,F,1,200209,1,"$59,407",1.2
DN00,11,I,21,15,H,0110,1,GM-15,K,XXXX,5,10,F,1,200209,1,"$119,682",26.5
DN00,24,I,17,,H,0110,1,EJ-04,K,XXXX,7,48,F,2,200209,1,"$110,594",28.1
DN00,11,I,21,15,H,0110,1,GM-15,K,XXXX,5,10,F,1,200209,1,"$116,613",26.0
DN00,11,E,18,14,C,0110,1,GS-14,I,XXXX,8,10,F,1,200209,1,"$93,916",4.0
DN00,11,C,17,12,B,0110,1,GS-12,E,XXXX,8,30,F,1,200209,1,"$55,694",2.3
DN00,11,K,21,15,H,0110,1,GS-15,K,XXXX,2,10,F,1,200209,1,"$110,474",28.1
DN00,11,D,17,07,A,0110,1,GS-07,D,XXXX,8,15,F,1,200209,1,"$40,818",0.5
DN00,11,G,13,13,H,0110,1,GS-13,G,XXXX,8,10,F,1,200209,1,"$79,473",25.2
DN00,11,E,13,12,B,0110,1,GS-12,E,XXXX,8,15,F,1,200209,1,"$59,407",2.2
DN00,11,I,17,,I,0110,1,ES-04,M,XXXX,2,50,F,1,200209,1,"$138,200",32.0
DN00,11,G,13,13,H,0110,1,GS-13,H,XXXX,8,10,F,1,200209,1,"$86,095",28.6
DN00,11,G,17,14,E,0110,1,GS-14,J,XXXX,8,10,F,1,200209,1,"$101,742",14.8
DN00,11,G,13,13,G,0110,1,GS-13,H,XXXX,8,10,F,1,200209,1,"$83,888",22.7
DN00,11,H,13,14,H,0110,1,GS-14,J,XXXX,8,10,F,1,200209,1,"$101,742",28.4
DN00,11,E,13,09,B,0110,1,GS-09,C,XXXX,8,15,F,1,200209,1,"$38,406",1.5
DN00,11,I,21,,G,0110,1,ES-06,M,XXXX,2,50,F,1,200209,1,"$138,200",24.3
DN00,11,G,13,14,G,0110,1,GS-14,I,XXXX,8,10,F,1,200209,1,"$99,134",22.0
DN00,11,G,13,15,G,0110,1,GS-15,K,XXXX,4,10,F,1,200209,1,"$113,543",23.3
DN00,11,H,17,15,H,0110,1,GS-15,K,XXXX,8,10,F,1,200209,1,"$116,613",26.8
DN00,11,B,13,07,A,0110,1,GS-07,C,XXXX,8,15,F,1,200209,1,"$34,538",0.2
DN00,11,G,17,13,A,0110,1,GS-13,H,XXXX,8,15,F,1,200209,1,"$83,888",0.6
DN00,11,G,17,15,A,0110,1,GS-15,K,XXXX,2,15,F,1,200209,1,"$119,682",0.2
DN00,11,H,17,13,I,0110,1,GS-13,H,XXXX,8,10,F,1,200209,1,"$86,095",30.4
DN00,11,G,13,13,H,0110,1,GS-13,H,XXXX,8,10,P,2,200209,1,"$83,888",25.4
DN00,11,D,21,14,A,0110,1,GS-14,I,XXXX,8,15,F,1,200209,1,"$91,308",0.9
DN00,11,F,21,12,B,0110,1,GS-12,F,XXXX,8,15,F,1,200209,1,"$63,119",1.8
DN00,11,F,17,13,F,0110,1,GS-13,G,XXXX,8,10,F,1,200209,1,"$75,058",16.7
DN00,11,H,13,14,H,0110,1,GS-14,J,XXXX,8,10,F,1,200209,1,"$101,742",28.6
DN00,11,H,12,15,I,0110,1,GS-15,J,XXXX,8,10,F,1,200209,1,"$107,405",32.0
DN00,11,B,13,07,A,0110,1,GS-07,C,XXXX,8,15,F,1,200209,1,"$35,584",0.1
DN00,11,I,17,15,I,0110,1,GS-15,K,XXXX,5,10,F,1,200209,1,"$119,682",33.3
DN00,11,I,13,15,I,0110,1,GS-15,K,XXXX,8,10,F,1,200209,1,"$110,474",31.7
DN00,11,I,13,15,I,0110,1,GM-15,K,XXXX,4,10,F,1,200209,1,"$119,682",30.3
DN00,11,H,21,13,B,0110,1,GS-13,F,XXXX,8,15,F,1,200209,1,"$68,436",1.5
DN00,11,F,17,15,E,0110,1,GS-15,J,XXXX,8,10,P,2,200209,1,"$104,336",14.1
DN00,11,I,04,,I,0110,1,ES-05,M,XXXX,2,50,F,1,200209,1,"$138,200",33.5
DN00,53,H,14,13,D,0110,1,GS-13,F,XXXX,8,15,F,1,200209,1,"$68,535",8.5
DN00,11,I,17,15,I,0110,1,GS-15,K,XXXX,4,10,F,1,200209,1,"$119,682",32.3
DN00,11,G,21,14,G,0110,1,GS-14,I,XXXX,8,10,F,1,200209,1,"$91,308",24.7
DN00,11,H,17,13,H,0110,1,GS-13,H,XXXX,8,10,F,1,200209,1,"$83,888",26.0
DN00,54,E,21,13,D,0110,1,GS-13,G,XXXX,8,10,F,1,200209,1,"$73,146",7.6
DN00,11,H,17,14,F,0110,1,GS-14,J,XXXX,8,10,P,2,200209,1,"$101,742",18.0
DN00,11,G,17,13,F,0110,1,GS-13,G,XXXX,8,10,F,1,200209,1,"$79,473",18.2
DN00,11,G,22,14,F,0110,1,GS-14,I,XXXX,8,10,F,1,200209,1,"$96,525",15.2
DN00,11,J,21,15,I,0110,1,GS-15,K,XXXX,8,10,F,1,200209,1,"$110,474",30.7
DN00,11,I,21,,H,0110,1,ES-04,M,XXXX,2,50,F,1,200209,1,"$138,200",27.1
DN00,11,H,17,15,F,0110,1,GM-15,K,XXXX,2,10,F,1,200209,1,"$110,474",19.6
DN00,11,G,17,13,G,0110,1,GS-13,H,XXXX,8,10,F,1,200209,1,"$86,095",23.6
DN00,11,I,17,14,H,0110,1,GS-14,J,XXXX,8,10,F,1,200209,1,"$101,742",29.5
DN00,11,H,17,14,D,0110,1,GS-14,G,XXXX,8,10,F,1,200209,1,"$78,265",9.8
DN00,53,G,17,14,G,0110,1,GS-14,H,XXXX,5,10,F,1,200209,1,"$88,826",23.0
DN00,11,H,17,14,G,0110,1,GS-14,I,XXXX,8,10,F,1,200209,1,"$96,525",24.1
DN00,11,H,21,15,H,0110,1,GS-15,K,XXXX,8,10,F,1,200209,1,"$119,682",28.1
DN00,11,G,17,13,G,0110,1,GS-13,G,XXXX,8,10,F,1,200209,1,"$77,266",21.7
DN00,41,H,17,14,H,0110,1,GS-14,H,XXXX,5,10,F,1,200209,1,"$86,214",26.5
DN00,11,H,21,15,F,0110,1,GS-15,K,XXXX,8,10,F,1,200209,1,"$119,682",15.1
DN00,11,G,17,15,F,0110,1,GM-15,K,XXXX,5,10,F,1,200209,1,"$113,543",17.9
DN00,11,F,13,14,B,0110,1,GS-14,H,XXXX,8,10,F,1,200209,1,"$88,699",1.8
DN00,11,G,21,13,D,0110,1,GS-13,G,XXXX,8,10,F,1,200209,1,"$75,058",7.8
DN00,11,G,17,14,G,0110,1,GS-14,H,XXXX,8,10,F,1,200209,1,"$88,699",23.6
DN00,11,F,18,15,E,0110,1,GS-15,K,XXXX,8,10,F,1,200209,1,"$116,613",13.5
DN00,11,C,13,09,B,0110,1,GS-09,D,XXXX,8,38,F,1,200209,1,"$46,085",1.3
DN00,11,K,17,14,H,0110,1,GS-14,J,XXXX,8,10,F,1,200209,1,"$101,742",28.7
DN00,11,I,21,15,F,0110,1,GS-15,K,XXXX,5,10,F,1,200209,1,"$116,613",18.3
DN00,11,C,13,07,B,0110,1,GS-07,C,XXXX,8,15,P,2,200209,1,"$32,444",1.4
DN00,11,K,17,15,H,0110,1,GS-15,K,XXXX,5,10,F,1,200209,1,"$119,682",27.0
DN00,11,I,22,15,H,0110,1,GS-15,K,XXXX,8,10,F,1,200209,1,"$119,682",25.3
DN00,11,H,18,14,G,0110,1,GS-14,I,XXXX,8,10,F,1,200209,1,"$91,308",22.2
DN00,41,G,17,13,G,0110,1,GS-13,G,XXXX,8,10,F,1,200209,1,"$77,377",21.2
DN00,11,C,13,09,A,0110,1,GS-09,C,XXXX,8,30,F,1,200209,1,"$38,406",0.3
DN00,11,I,21,,H,0110,1,ST-00,M,XXXX,8,10,F,1,200209,1,"$138,200",29.9
DN00,53,E,17,13,E,0110,1,GS-13,G,XXXX,8,10,F,1,200209,1,"$75,166",10.3
DN00,11,G,17,15,E,0110,1,GS-15,J,XXXX,8,10,F,1,200209,1,"$101,267",10.7
DN00,11,B,13,12,B,0110,1,GS-12,E,XXXX,8,15,F,1,200209,1,"$55,694",1.9
DN00,53,H,18,14,G,0110,1,GS-14,H,XXXX,5,10,F,1,200209,1,"$86,214",24.8
DN00,11,I,17,14,I,0110,1,GS-14,J,XXXX,8,10,F,1,200209,1,"$101,742",34.3
DN00,11,H,17,14,H,0110,1,GS-14,I,XXXX,8,10,F,1,200209,1,"$91,308",27.2
DN00,11,E,13,13,G,0110,1,GS-13,H,XXXX,8,10,P,2,200209,1,"$81,680",20.6
DN00,11,J,21,15,G,0110,1,GS-15,K,XXXX,4,10,F,1,200209,1,"$119,682",23.3
DN00,11,I,21,15,H,0110,1,GS-15,K,XXXX,8,10,F,1,200209,1,"$119,682",29.4
DN00,41,I,18,12,G,0110,1,GS-12,G,XXXX,8,10,F,1,200209,1,"$70,645",21.3
DN00,11,E,13,12,A,0110,1,GS-12,E,XXXX,8,15,F,1,200209,1,"$55,694",0.0
DN00,41,B,13,07,A,0110,1,GS-07,C,XXXX,8,15,F,1,200209,1,"$31,442",0.3
DN00,53,G,17,13,F,0110,1,GS-13,G,XXXX,8,10,F,1,200209,1,"$73,146",18.0
DN00,41,G,17,13,G,0110,1,GS-13,G,XXXX,8,10,P,2,200209,1,"$79,587",21.5
DN00,41,D,13,13,E,0110,1,GS-13,G,XXXX,8,10,F,1,200209,1,"$72,956",11.3
DN00,41,E,13,13,E,0110,1,GS-13,G,XXXX,8,10,F,1,200209,1,"$77,377",13.6
DN00,41,H,10,12,H,0110,1,GS-12,F,XXXX,8,10,F,1,200209,1,"$68,786",29.6
DN00,41,H,18,13,G,0110,1,GS-13,G,XXXX,8,10,F,1,200209,1,"$79,587",22.3
DN00,41,D,17,14,A,0110,1,GS-14,G,XXXX,5,15,F,1,200209,1,"$78,377",0.7
DN00,11,G,17,12,C,0110,1,GS-12,F,XXXX,8,10,F,1,200209,1,"$64,975",3.9
DN00,11,F,13,05,B,0110,1,GS-05,B,XXXX,8,15,F,1,200209,1,"$25,347",1.1
DN00,11,I,21,15,H,0110,1,GS-15,K,XXXX,8,10,F,1,200209,1,"$119,682",26.4
DN00,41,I,18,12,G,0110,1,GS-12,G,XXXX,8,10,F,1,200209,1,"$70,645",20.8
DN00,11,F,13,15,F,0110,1,GS-15,J,XXXX,4,10,F,1,200209,1,"$104,336",19.9
DN00,11,H,17,13,E,0110,1,GS-13,H,XXXX,8,10,F,1,200209,1,"$86,095",13.0
DN00,11,G,17,15,E,0110,1,GS-15,J,XXXX,8,10,F,1,200209,1,"$107,405",13.4
DN00,11,J,21,15,H,0110,1,GS-15,K,XXXX,8,10,F,1,200209,1,"$119,682",27.4
DN00,11,F,17,12,B,0110,1,GS-12,E,XXXX,8,15,F,1,200209,1,"$57,550",1.4
DN00,11,J,21,15,E,0110,1,GS-15,J,XXXX,5,10,F,1,200209,1,"$107,405",10.8
DN00,11,I,17,14,G,0110,1,GS-14,I,XXXX,8,10,F,1,200209,1,"$99,134",21.7
DN00,11,D,13,09,E,0110,1,GS-09,C,XXXX,8,15,F,1,200209,1,"$38,406",10.8
DN00,11,J,17,15,J,0110,1,GM-15,K,XXXX,2,10,F,1,200209,1,"$119,682",37.8
DN00,11,B,17,09,A,0110,1,GS-09,D,XXXX,8,15,F,1,200209,1,"$42,245",0.2
DN00,53,F,17,13,G,0110,1,GS-13,G,XXXX,8,10,F,1,200209,1,"$75,297",22.1
DN00,11,B,13,07,A,0110,1,GS-07,C,XXXX,8,15,F,1,200209,1,"$34,538",0.6
DN00,11,E,17,12,B,0110,1,GS-12,E,XXXX,8,15,F,1,200209,1,"$57,550",2.0
DN00,11,C,13,09,A,0110,1,GS-09,C,XXXX,8,15,F,1,200209,1,"$38,406",0.3
DN00,11,G,21,13,B,0110,1,GS-13,H,XXXX,8,15,F,1,200209,1,"$83,888",1.6
EB00,11,G,17,14,G,0110,1,GM-14,I,XXXX,2,10,F,1,200209,1,"$99,134",24.0
EB00,11,F,21,12,B,0110,1,GS-12,F,XXXX,8,15,F,1,200209,1,"$64,975",2.1
EB00,11,E,13,13,D,0110,1,GS-13,F,XXXX,8,10,F,1,200209,1,"$68,436",8.8
EB00,11,D,13,13,E,0110,1,GS-13,G,XXXX,8,10,F,1,200209,1,"$75,058",11.3
EB00,11,G,17,14,F,0110,1,GS-14,I,XXXX,8,10,F,1,200209,1,"$93,916",17.8
EB00,11,F,21,14,F,0110,1,GS-14,Z,XXXX,8,10,F,1,200209,1,,16.1
EB00,11,G,13,,G,0110,1,AD-00,J,XXXX,2,10,F,1,200209,1,"$101,263",23.7
EDEE,11,F,17,15,C,0110,1,GS-15,J,XXXX,5,15,F,1,200209,1,"$107,405",3.0
EDEE,11,F,21,14,C,0110,1,GS-14,H,XXXX,8,15,F,1,200209,1,"$86,090",3.3
EDEE,11,I,18,12,I,0110,1,GS-12,G,XXXX,8,10,F,1,200209,1,"$72,400",32.7
EDER,11,G,21,13,F,0110,1,GS-13,H,XXXX,8,10,F,1,200209,1,"$86,095",15.4
EDEY,11,I,21,,F,0110,1,AD-00,K,XXXX,8,48,F,2,200209,1,"$119,755",18.0
EE00,11,I,17,14,I,0110,1,GS-14,J,XXXX,8,10,F,1,200209,1,"$101,742",33.8
EE00,11,K,17,15,H,0110,1,GS-15,K,XXXX,8,10,F,1,200209,1,"$119,682",26.3
EM01,11,I,21,15,J,0110,1,GM-15,K,XXXX,5,10,F,1,200209,1,"$119,682",41.0
EM01,11,K,17,13,H,0110,1,GS-13,H,XXXX,8,10,F,1,200209,1,"$86,095",25.7
EP00,11,I,21,15,H,0110,1,GM-15,K,XXXX,2,10,F,1,200209,1,"$119,682",25.3
EP00,51,E,17,13,E,0110,1,GS-13,H,XXXX,8,10,F,1,200209,1,"$81,680",13.2
EP00,11,E,21,13,C,0110,1,GS-13,G,XXXX,8,10,F,1,200209,1,"$79,473",3.2
EP00,11,G,21,15,F,0110,1,GM-15,K,XXXX,2,10,F,1,200209,1,"$113,543",18.0
EP00,11,J,22,,B,0110,1,EF-00,F,XXXX,8,48,I,2,200209,1,"$68,407",1.3
EP00,11,H,21,15,D,0110,1,GS-15,J,XXXX,8,10,F,1,200209,1,"$104,336",9.5
EP00,11,D,17,13,C,0110,1,GS-13,F,XXXX,8,10,F,1,200209,1,"$66,229",4.7
EP00,11,G,21,14,F,0110,1,GS-14,I,XXXX,8,10,F,1,200209,1,"$91,308",18.2
EP00,51,F,17,13,C,0110,1,GS-13,G,XXXX,8,10,F,1,200209,1,"$70,644",4.2
EP00,11,G,17,14,F,0110,1,GS-14,I,XXXX,8,10,F,1,200209,1,"$96,525",17.6
EP00,11,I,21,,B,0110,1,ED-00,Z,XXXX,8,48,I,2,200209,1,,1.2
EP00,51,J,21,14,H,0110,1,GS-14,J,XXXX,8,10,F,1,200209,1,"$101,742",28.3
EP00,11,J,21,15,J,0110,1,GS-15,K,XXXX,8,10,F,1,200209,1,"$119,682",35.1
EP00,11,K,22,,B,0110,1,EF-00,F,XXXX,8,48,I,2,200209,1,"$68,864",1.8
EP00,11,J,22,,B,0110,1,ED-00,F,XXXX,8,48,I,2,200209,1,"$68,864",2.2
EP00,11,F,21,,B,0110,1,EF-00,F,XXXX,8,48,I,2,200209,1,"$68,407",1.3
EP00,11,H,22,,B,0110,1,ED-00,F,XXXX,8,48,I,2,200209,1,"$68,864",1.8
EP00,11,D,21,13,D,0110,1,GS-13,G,XXXX,8,10,F,1,200209,1,"$72,851",5.1
EP00,11,G,21,14,F,0110,1,GS-14,I,XXXX,8,10,F,1,200209,1,"$93,916",17.4
EP00,11,H,21,,B,0110,1,EF-00,F,XXXX,8,48,I,2,200209,1,"$69,758",1.9
EP00,11,D,21,13,B,0110,1,GS-13,F,XXXX,8,15,F,1,200209,1,"$66,229",2.0
EP00,11,J,21,14,G,0110,1,GS-14,I,XXXX,8,10,F,1,200209,1,"$91,308",20.0
EP00,11,D,21,14,D,0110,1,GS-14,H,XXXX,8,10,F,1,200209,1,"$86,090",5.7
EP00,11,G,21,,B,0110,1,EF-00,F,XXXX,8,48,I,2,200209,1,"$68,407",1.5
EP00,11,D,21,13,D,0110,1,GS-13,G,XXXX,8,10,F,1,200209,1,"$72,851",5.3
EP00,11,H,21,,B,0110,1,ED-00,Z,XXXX,8,48,I,2,200209,1,,1.3
EP00,51,D,18,13,C,0110,1,GS-13,F,XXXX,8,10,F,1,200209,1,"$68,436",4.2
EP00,11,J,21,15,H,0110,1,GS-15,J,XXXX,2,10,F,1,200209,1,"$101,267",26.9
EP00,11,I,21,,B,0110,1,ED-00,F,XXXX,8,48,I,2,200209,1,"$68,407",1.5
EP00,11,F,17,13,D,0110,1,GS-13,G,XXXX,8,10,P,2,200209,1,"$77,266",9.9
EP00,53,I,17,13,F,0110,1,GS-13,H,XXXX,8,10,F,1,200209,1,"$81,893",16.9
EP00,11,E,17,14,C,0110,1,GS-14,H,XXXX,8,10,F,1,200209,1,"$83,482",3.6
EP00,11,D,17,13,D,0110,1,GS-13,G,XXXX,8,10,F,1,200209,1,"$75,058",8.0
EP00,11,G,21,,A,0110,1,ED-00,F,XXXX,8,48,I,2,200209,1,"$68,864",0.8
EP00,37,D,21,12,B,0110,1,GS-12,E,XXXX,8,40,F,2,200209,1,"$56,084",1.8
EP00,51,K,17,13,G,0110,1,GS-13,H,XXXX,8,10,F,1,200209,1,"$86,095",21.7
EP00,11,D,21,13,C,0110,1,GS-13,G,XXXX,8,10,F,1,200209,1,"$70,644",3.1
EP00,39,E,21,13,B,0110,1,GS-13,F,XXXX,8,15,F,1,200209,1,"$66,592",2.1
EP00,11,F,14,,B,0110,1,ED-00,F,XXXX,8,48,I,2,200209,1,"$68,407",1.6
EP00,11,I,08,,B,0110,1,EF-00,F,XXXX,8,48,I,2,200209,1,"$68,407",1.2
EP00,11,F,17,15,F,0110,1,GS-15,K,XXXX,2,10,F,1,200209,1,"$119,682",17.4
EP00,11,G,18,,B,0110,1,ED-00,F,XXXX,8,48,I,2,200209,1,"$68,864",1.8
EP00,39,D,22,12,B,0110,1,GS-12,E,XXXX,8,15,F,1,200209,1,"$57,865",1.7
EP00,11,D,17,13,C,0110,1,GS-13,F,XXXX,8,10,F,1,200209,1,"$68,436",4.5
EP00,11,F,17,14,E,0110,1,GS-14,I,XXXX,8,10,F,1,200209,1,"$96,525",14.8
EP00,11,I,14,14,H,0110,1,GS-14,I,XXXX,8,10,F,1,200209,1,"$99,134",29.3
EP00,37,I,18,14,I,0110,1,GS-14,I,XXXX,8,10,F,1,200209,1,"$99,150",32.3
EP00,11,E,21,14,C,0110,1,GS-14,H,XXXX,8,10,F,1,200209,1,"$86,090",4.0
EP00,11,H,21,,B,0110,1,EF-00,F,XXXX,8,48,I,2,200209,1,"$68,407",1.3
EP00,08,G,17,13,F,0110,1,GS-13,H,XXXX,8,10,F,1,200209,1,"$87,531",18.8
EP00,11,K,21,,B,0110,1,EF-00,F,XXXX,8,48,I,2,200209,1,"$68,407",1.5
EP00,11,E,14,13,E,0110,1,GS-13,G,XXXX,8,10,F,1,200209,1,"$75,058",11.8
EP00,11,E,21,14,D,0110,1,GS-14,H,XXXX,8,10,F,1,200209,1,"$88,699",5.1
EP00,11,E,17,13,D,0110,1,GS-13,G,XXXX,8,10,F,1,200209,1,"$72,851",5.7
EP00,51,I,18,14,H,0110,1,GS-14,J,XXXX,8,10,F,1,200209,1,"$101,742",28.4
EP00,11,D,17,13,C,0110,1,GS-13,F,XXXX,8,10,F,1,200209,1,"$68,436",4.5
EP00,11,E,14,14,E,0110,1,GS-14,I,XXXX,8,10,F,1,200209,1,"$91,308",13.8
EP00,37,E,17,13,E,0110,1,GS-13,G,XXXX,8,10,F,1,200209,1,"$73,146",12.6
EP00,51,G,14,14,F,0110,1,GS-14,J,XXXX,8,10,F,1,200209,1,"$101,742",17.0
EP00,11,H,22,,B,0110,1,ED-00,F,XXXX,8,48,I,2,200209,1,"$68,864",2.0
EP00,11,F,21,14,C,0110,1,GS-14,H,XXXX,8,10,F,1,200209,1,"$83,482",4.3
EP00,51,F,17,14,E,0110,1,GS-14,G,XXXX,8,10,F,1,200209,1,"$78,265",10.3
EP00,11,F,17,14,D,0110,1,GS-14,I,XXXX,8,10,F,1,200209,1,"$93,916",8.1
EP00,11,D,18,14,E,0110,1,GS-14,H,XXXX,8,10,P,2,200209,1,"$83,482",10.3
EP00,11,I,17,13,E,0110,1,GS-13,G,XXXX,8,10,F,1,200209,1,"$70,644",11.8
EP00,11,G,21,,B,0110,1,ED-00,F,XXXX,8,48,I,2,200209,1,"$68,864",1.8
EP00,51,I,21,14,F,0110,1,GS-14,I,XXXX,8,10,F,1,200209,1,"$91,308",15.1
EP00,51,J,21,13,E,0110,1,GS-13,H,XXXX,8,10,F,1,200209,1,"$81,680",11.3
EP00,11,I,17,13,H,0110,1,GS-13,H,XXXX,8,10,F,1,200209,1,"$86,095",28.1
EP00,11,F,21,14,D,0110,1,GS-14,H,XXXX,8,10,F,1,200209,1,"$88,699",5.8
EP00,11,I,21,,B,0110,1,EF-00,F,XXXX,8,48,I,2,200209,1,"$68,864",1.8
EP00,11,E,18,13,C,0110,1,GS-13,G,XXXX,8,10,F,1,200209,1,"$70,644",3.6
EP00,37,G,18,13,D,0110,1,GS-13,G,XXXX,8,10,F,1,200209,1,"$77,448",7.2
EP00,37,G,13,13,G,0110,1,GS-13,H,XXXX,8,10,F,1,200209,1,"$81,751",22.9
EP00,37,C,17,12,D,0110,1,GS-12,E,XXXX,8,15,F,1,200209,1,"$57,893",5.5
EP00,11,D,14,13,D,0110,1,GS-13,G,XXXX,8,10,F,1,200209,1,"$72,851",7.8
EP00,11,F,21,14,D,0110,1,GS-14,H,XXXX,8,10,P,2,200209,1,"$86,090",5.3
EP00,11,E,21,14,D,0110,1,GS-14,H,XXXX,8,10,F,1,200209,1,"$86,090",5.8
EP00,37,D,21,14,C,0110,1,GS-14,G,XXXX,8,10,F,1,200209,1,"$76,271",4.4
EP00,11,E,21,13,D,0110,1,GS-13,G,XXXX,8,10,F,1,200209,1,"$79,473",6.4
EP00,11,E,12,13,C,0110,1,GS-13,G,XXXX,8,10,F,1,200209,1,"$75,058",4.6
EP00,11,H,21,,B,0110,1,ED-00,F,XXXX,8,48,I,2,200209,1,"$68,864",2.1
EP00,39,G,17,14,F,0110,1,GS-14,H,XXXX,2,10,F,1,200209,1,"$89,184",18.7
EP00,11,G,21,,B,0110,1,ED-00,F,XXXX,8,48,I,2,200209,1,"$68,864",2.1
EP00,11,D,21,14,D,0110,1,GS-14,H,XXXX,8,10,F,1,200209,1,"$83,482",5.4
EP00,11,E,21,14,D,0110,1,GS-14,H,XXXX,8,10,F,1,200209,1,"$86,090",5.1
EP00,11,G,21,,B,0110,1,EF-00,F,XXXX,8,48,I,2,200209,1,"$68,407",2.3
EP00,11,F,17,13,E,0110,1,GS-13,G,XXXX,8,10,F,1,200209,1,"$77,266",14.1
EP00,11,I,21,15,H,0110,1,GS-15,K,XXXX,8,10,F,1,200209,1,"$119,682",27.3
EP00,11,E,17,13,D,0110,1,GS-13,G,XXXX,8,10,F,1,200209,1,"$70,644",7.1
EP00,11,H,21,13,F,0110,1,GS-13,G,XXXX,8,10,F,1,200209,1,"$70,644",16.0
EP00,11,E,21,,A,0110,1,EF-00,F,XXXX,8,48,I,2,200209,1,"$68,407",0.3
EP00,51,F,17,13,E,0110,1,GS-13,G,XXXX,8,10,F,1,200209,1,"$79,473",10.6
EP00,11,I,17,15,D,0110,1,GS-15,K,XXXX,8,10,F,1,200209,1,"$119,682",5.2
EP00,11,G,08,,B,0110,1,EF-00,F,XXXX,8,48,I,2,200209,1,"$68,864",1.2
EP00,11,G,21,14,E,0110,1,GS-14,I,XXXX,8,10,F,1,200209,1,"$99,134",10.3
EP00,11,H,22,,B,0110,1,ED-00,G,XXXX,8,48,I,2,200209,1,"$70,054",1.3
EP00,39,J,21,13,I,0110,1,GS-13,H,XXXX,8,10,I,2,200209,1,"$82,127",31.2
EP00,11,F,17,14,E,0110,1,GS-14,H,XXXX,8,10,F,1,200209,1,"$88,699",12.3
EP00,51,G,21,15,F,0110,1,GS-15,K,XXXX,8,10,F,1,200209,1,"$110,474",17.2
EP00,51,F,15,14,E,0110,1,GS-14,H,XXXX,8,10,F,1,200209,1,"$88,699",13.2
EP00,37,E,20,13,C,0110,1,GS-13,G,XXXX,8,10,F,1,200209,1,"$73,146",3.5
EP00,51,I,21,13,G,0110,1,GS-13,G,XXXX,8,10,F,1,200209,1,"$79,473",20.7
EP00,11,H,12,,B,0110,1,EF-00,F,XXXX,8,48,I,2,200209,1,"$68,864",1.9
EP00,11,G,21,,A,0110,1,ED-00,F,XXXX,8,48,I,2,200209,1,"$68,864",0.8
EP00,11,H,21,15,F,0110,1,GS-15,K,XXXX,8,10,F,1,200209,1,"$110,474",17.6
EP00,11,H,22,,B,0110,1,ED-00,F,XXXX,8,48,I,2,200209,1,"$68,864",2.0
EP00,11,E,17,13,E,0110,1,GS-13,G,XXXX,8,10,F,1,200209,1,"$79,473",10.3
EP00,11,F,21,14,E,0110,1,GS-14,I,XXXX,8,10,P,2,200209,1,"$93,916",12.5
EP00,11,E,17,13,E,0110,1,GS-13,G,XXXX,8,10,F,1,200209,1,"$77,266",11.6
EP00,11,K,17,,B,0110,1,EF-00,F,XXXX,8,48,I,2,200209,1,"$68,864",1.7
EP00,11,K,21,,B,0110,1,EF-00,F,XXXX,8,48,I,2,200209,1,"$68,864",2.2
EP00,11,J,22,,B,0110,1,EF-00,Z,XXXX,8,48,I,2,200209,1,,1.5
EP00,11,C,18,12,B,0110,1,GS-12,E,XXXX,8,15,F,1,200209,1,"$55,694",1.0
EP00,11,E,21,13,C,0110,1,GS-13,G,XXXX,8,10,F,1,200209,1,"$70,644",4.9
EP00,11,G,17,15,F,0110,1,GS-15,J,XXXX,8,10,F,1,200209,1,"$104,336",16.6
EP00,11,G,21,14,E,0110,1,GS-14,I,XXXX,8,10,F,1,200209,1,"$93,916",12.3
EP00,11,D,21,13,B,0110,1,GS-13,G,XXXX,8,15,F,1,200209,1,"$72,851",1.4
EP00,11,F,21,,B,0110,1,ED-00,F,XXXX,8,48,I,2,200209,1,"$68,407",1.5
EP00,51,G,21,,B,0110,1,EF-00,G,XXXX,8,48,I,2,200209,1,"$73,045",1.8
EP00,51,K,21,13,H,0110,1,GS-13,H,XXXX,8,10,F,1,200209,1,"$86,095",25.9
EP00,11,E,17,13,C,0110,1,GS-13,H,XXXX,8,10,F,1,200209,1,"$86,095",4.6
EP00,11,F,21,,B,0110,1,ED-00,F,XXXX,8,48,I,2,200209,1,"$68,864",1.7
EP00,11,I,21,14,I,0110,1,GS-14,J,XXXX,8,10,F,1,200209,1,"$101,742",30.3
EP00,51,E,17,14,E,0110,1,GS-14,H,XXXX,8,10,F,1,200209,1,"$86,090",10.3
EP00,11,F,17,15,F,0110,1,GS-15,K,XXXX,2,10,F,1,200209,1,"$110,474",16.5
EP00,11,K,21,,B,0110,1,EF-00,F,XXXX,8,48,I,2,200209,1,"$68,864",1.8
EP00,11,H,18,13,G,0110,1,GS-13,H,XXXX,8,10,F,1,200209,1,"$86,095",23.3
EP00,37,E,17,13,E,0110,1,GS-13,G,XXXX,8,10,F,1,200209,1,"$77,448",12.2
EP00,11,I,17,13,H,0110,1,GS-13,H,XXXX,8,10,F,1,200209,1,"$86,095",26.4
EP00,11,H,17,14,H,0110,1,GS-14,J,XXXX,8,10,F,1,200209,1,"$101,742",27.6
EP00,11,K,21,,B,0110,1,ED-00,F,XXXX,8,48,I,2,200209,1,"$68,407",1.5
EP00,11,I,17,13,H,0110,1,GS-13,H,XXXX,8,10,F,1,200209,1,"$86,095",28.3
EP00,11,I,22,,B,0110,1,EF-00,F,XXXX,8,48,I,2,200209,1,"$68,407",1.3
EP00,51,G,17,14,F,0110,1,GS-14,I,XXXX,8,10,F,1,200209,1,"$93,916",19.1
EP00,11,H,21,15,F,0110,1,GS-15,K,XXXX,8,10,F,1,200209,1,"$119,682",16.3
EP00,11,E,21,13,C,0110,1,GS-13,G,XXXX,8,10,F,1,200209,1,"$75,058",4.3
EP00,11,I,21,,B,0110,1,ED-00,I,XXXX,8,48,I,2,200209,1,"$90,367",1.6
EP00,51,H,17,13,E,0110,1,GS-13,G,XXXX,8,10,F,1,200209,1,"$70,644",11.3
EP00,11,G,21,,B,0110,1,ED-00,F,XXXX,8,48,I,2,200209,1,"$68,407",1.4
EP00,11,E,21,,B,0110,1,ED-00,F,XXXX,8,48,I,2,200209,1,"$68,407",1.5
EP00,11,H,21,,B,0110,1,ED-00,F,XXXX,8,48,I,2,200209,1,"$68,407",1.5
EP00,11,J,21,,B,0110,1,ED-00,F,XXXX,8,48,I,2,200209,1,"$68,864",1.8
EP00,51,E,21,,B,0110,1,EF-00,F,XXXX,8,48,I,2,200209,1,"$69,306",1.9
EP00,11,F,21,,A,0110,1,EF-00,F,XXXX,8,48,I,2,200209,1,"$68,407",0.3
EP00,11,G,21,,B,0110,1,ED-00,F,XXXX,8,48,I,2,200209,1,"$68,407",1.6
EP00,11,E,22,13,C,0110,1,GS-13,G,XXXX,8,10,F,1,200209,1,"$72,851",4.6
EP00,11,I,21,,B,0110,1,ED-00,F,XXXX,8,48,I,2,200209,1,"$68,407",1.3
EP00,11,G,21,,B,0110,1,ED-00,F,XXXX,8,48,I,2,200209,1,"$68,407",1.3
EP00,11,E,18,13,C,0110,1,GS-13,G,XXXX,8,10,F,1,200209,1,"$72,851",4.1
EP00,11,I,21,13,G,0110,1,GS-13,H,XXXX,8,10,F,1,200209,1,"$83,888",21.2
EP00,11,I,21,14,H,0110,1,GS-14,J,XXXX,8,10,F,1,200209,1,"$101,742",25.8
EP00,11,G,21,,B,0110,1,EF-00,F,XXXX,8,48,I,2,200209,1,"$68,407",2.5
EP00,11,G,21,14,D,0110,1,GS-14,H,XXXX,8,10,F,1,200209,1,"$86,090",9.6
EP00,51,E,21,15,C,0110,1,GS-15,I,XXXX,2,10,F,1,200209,1,"$92,060",4.0
EP00,11,E,21,,B,0110,1,EF-00,F,XXXX,8,48,I,2,200209,1,"$68,407",1.3
EP00,37,D,21,12,C,0110,1,GS-12,E,XXXX,8,10,F,1,200209,1,"$56,084",3.5
EP00,37,G,18,13,E,0110,1,GS-13,G,XXXX,8,10,F,1,200209,1,"$73,146",11.0
EP00,51,C,13,11,C,0110,1,GS-11,D,XXXX,8,15,F,1,200209,1,"$46,469",4.8
EP00,11,F,18,15,D,0110,1,GS-15,K,XXXX,8,10,F,1,200209,1,"$110,474",8.5
EP00,11,G,13,14,G,0110,1,GS-14,I,XXXX,8,10,F,1,200209,1,"$91,308",23.8
EP00,11,C,21,11,A,0110,1,GS-11,E,XXXX,8,15,F,1,200209,1,"$55,760",0.0
FC00,11,I,17,15,I,0110,1,GS-15,K,XXXX,8,10,F,1,200209,1,"$116,613",30.0
FC00,11,F,18,15,F,0110,1,GS-15,J,XXXX,8,10,F,1,200209,1,"$104,336",18.8
FC00,11,F,21,15,D,0110,1,GS-15,K,XXXX,8,15,F,1,200209,1,"$110,474",5.3
FC00,11,I,17,15,G,0110,1,GS-15,K,XXXX,8,10,F,1,200209,1,"$119,682",23.2
FC00,11,F,21,15,E,0110,1,GS-15,J,XXXX,8,10,F,1,200209,1,"$101,267",14.2
FC00,11,H,17,14,D,0110,1,GS-14,I,XXXX,8,10,F,1,200209,1,"$96,525",7.5
FC00,11,G,21,14,B,0110,1,GS-14,I,XXXX,8,15,F,1,200209,1,"$99,134",1.2
FC00,11,H,17,15,E,0110,1,GS-15,K,XXXX,8,15,F,1,200209,1,"$119,682",12.8
FC00,11,E,21,15,A,0110,1,GS-15,I,XXXX,8,15,F,1,200209,1,"$92,060",0.2
FC00,11,H,17,15,G,0110,1,GS-15,K,XXXX,8,10,F,1,200209,1,"$119,682",22.0
FC00,11,H,17,,H,0110,1,ES-04,M,XXXX,2,50,F,1,200209,1,"$138,200",25.8
FC00,11,H,17,15,H,0110,1,GM-15,K,XXXX,2,10,F,1,200209,1,"$116,613",26.2
FC00,11,H,21,15,G,0110,1,GS-15,K,XXXX,8,10,F,1,200209,1,"$116,613",20.6
FC00,11,K,21,15,D,0110,1,GS-15,K,XXXX,8,10,F,1,200209,1,"$113,543",9.9
FC00,11,I,17,13,E,0110,1,GS-13,G,XXXX,8,10,F,1,200209,1,"$75,058",14.5
FC00,11,F,21,15,D,0110,1,GS-15,I,XXXX,8,10,F,1,200209,1,"$98,198",9.8
FC00,11,H,21,14,E,0110,1,GS-14,H,XXXX,8,10,F,1,200209,1,"$88,699",12.3
FC00,11,E,17,15,D,0110,1,GS-15,I,XXXX,8,15,F,1,200209,1,"$95,129",6.0
FC00,11,J,21,,H,0110,1,SL-00,M,XXXX,8,10,F,1,200209,1,"$138,200",29.9
FC00,11,D,21,13,B,0110,1,GS-13,F,XXXX,8,15,F,1,200209,1,"$66,229",1.3
FC00,11,H,21,15,G,0110,1,GM-15,K,XXXX,5,10,F,1,200209,1,"$119,682",21.2
FC00,11,G,21,15,F,0110,1,GS-15,K,XXXX,8,10,F,1,200209,1,"$119,682",15.9
FC00,11,E,17,15,E,0110,1,GS-15,J,XXXX,8,15,F,1,200209,1,"$104,336",10.0
FC00,11,I,21,15,E,0110,1,GS-15,K,XXXX,8,10,F,1,200209,1,"$119,682",14.2
FC00,11,G,21,15,G,0110,1,GS-15,K,XXXX,8,10,F,1,200209,1,"$113,543",22.7
FC00,11,H,13,15,I,0110,1,GM-15,K,XXXX,5,10,F,1,200209,1,"$119,682",30.6
FC00,11,E,17,14,B,0110,1,GS-14,G,XXXX,8,15,F,1,200209,1,"$78,265",1.8
FC00,11,H,13,15,H,0110,1,GS-15,K,XXXX,8,10,F,1,200209,1,"$119,682",29.8
FC00,11,H,21,15,G,0110,1,GM-15,K,XXXX,5,10,F,1,200209,1,"$119,682",22.6
FC00,11,D,17,15,D,0110,1,GS-15,I,XXXX,8,10,F,1,200209,1,"$95,129",9.3
FC00,11,I,13,15,I,0110,1,GS-15,J,XXXX,8,10,F,1,200209,1,"$107,405",33.2
FC00,11,I,17,15,F,0110,1,GS-15,J,XXXX,8,15,F,1,200209,1,"$101,267",15.6
FC00,11,H,13,14,I,0110,1,GS-14,I,XXXX,8,10,F,1,200209,1,"$91,308",30.0
FC00,11,I,17,15,G,0110,1,GS-15,K,XXXX,8,10,F,1,200209,1,"$119,682",24.7
FC00,11,H,13,14,H,0110,1,GS-14,H,XXXX,8,10,F,1,200209,1,"$88,699",25.7
FC00,11,G,17,15,G,0110,1,GS-15,J,XXXX,8,10,F,1,200209,1,"$101,267",23.8
FC00,11,I,17,15,G,0110,1,GS-15,K,XXXX,8,10,F,1,200209,1,"$116,613",24.2
FC00,11,I,21,15,D,0110,1,GS-15,K,XXXX,8,10,F,1,200209,1,"$119,682",7.0
FC00,11,E,17,14,D,0110,1,GS-14,H,XXXX,8,15,F,1,200209,1,"$88,699",5.6
FC00,11,H,21,15,D,0110,1,GS-15,I,XXXX,8,15,F,1,200209,1,"$98,198",7.8
FC00,11,F,18,14,D,0110,1,GS-14,H,XXXX,8,10,F,1,200209,1,"$83,482",9.3
FC00,11,G,17,15,D,0110,1,GS-15,I,XXXX,8,15,F,1,200209,1,"$95,129",6.0
FC00,11,H,21,15,C,0110,1,GS-15,I,XXXX,8,15,F,1,200209,1,"$98,198",4.6
FC00,11,E,21,15,B,0110,1,GS-15,K,XXXX,8,15,F,1,200209,1,"$116,613",1.3
FC00,11,K,14,12,J,0110,1,GS-12,G,XXXX,8,10,F,1,200209,1,"$72,400",47.8
FC00,11,I,21,15,G,0110,1,GS-15,K,XXXX,8,10,F,1,200209,1,"$119,682",23.2
FC00,11,G,21,15,E,0110,1,GS-15,J,XXXX,8,10,F,1,200209,1,"$107,405",14.9
FC00,11,E,17,15,D,0110,1,GS-15,I,XXXX,8,15,F,1,200209,1,"$95,129",5.3
FC00,11,G,21,15,D,0110,1,GS-15,J,XXXX,8,10,F,1,200209,1,"$104,336",8.0
FC00,11,I,21,15,D,0110,1,GS-15,K,XXXX,8,15,F,1,200209,1,"$113,543",6.1
FC00,11,F,18,13,D,0110,1,GS-13,G,XXXX,8,10,F,1,200209,1,"$70,644",7.7
FC00,11,I,21,15,H,0110,1,GS-15,K,XXXX,8,10,F,1,200209,1,"$110,474",28.0
FC00,11,G,21,13,B,0110,1,GS-13,F,XXXX,8,15,F,1,200209,1,"$66,229",1.9
FC00,11,I,17,15,H,0110,1,GS-15,K,XXXX,8,10,F,1,200209,1,"$119,682",28.3
FC00,11,D,21,12,C,0110,1,GS-12,E,XXXX,8,15,F,1,200209,1,"$55,694",4.5
FC00,11,E,17,15,D,0110,1,GS-15,J,XXXX,8,10,F,1,200209,1,"$101,267",7.5
FC00,11,G,21,15,D,0110,1,GS-15,J,XXXX,8,10,F,1,200209,1,"$107,405",8.1
FC00,11,C,13,13,B,0110,1,GS-13,F,XXXX,8,15,F,1,200209,1,"$68,436",2.1
FC00,11,C,13,14,B,0110,1,GS-14,G,XXXX,8,15,F,1,200209,1,"$78,265",2.1
FD00,25,C,17,12,C,0110,1,CG-12,G,XXXX,8,10,F,1,200209,1,"$77,158",4.0
FD00,11,G,21,15,F,0110,1,CG-15,L,XXXX,2,10,F,1,200209,1,"$125,257",15.8
FD00,11,G,21,14,D,0110,1,CG-14,I,XXXX,8,10,F,1,200209,1,"$98,234",5.9
FD00,11,B,,07,A,0110,1,CG-07,C,XXXX,8,40,F,2,200209,1,"$36,512",0.2
FD00,47,F,21,13,C,0110,1,CG-13,G,XXXX,8,10,F,1,200209,1,"$70,480",3.1
FD00,11,C,13,11,B,0110,1,CG-11,E,XXXX,8,15,F,1,200209,1,"$59,079",1.2
FD00,11,F,,15,A,0110,1,CG-15,L,XXXX,8,20,F,2,200209,1,"$128,956",0.3
FD00,11,D,21,12,A,0110,1,CG-12,H,XXXX,8,15,F,1,200209,1,"$88,098",0.1
FD00,36,F,17,12,D,0110,1,CG-12,H,XXXX,8,10,F,1,200209,1,"$89,857",9.6
FD00,36,H,04,14,D,0110,1,CG-14,K,XXXX,8,10,F,1,200209,1,"$117,099",5.8
FD00,17,I,17,14,E,0110,1,CG-14,L,XXXX,8,10,F,1,200209,1,"$128,837",12.1
FD00,11,I,17,15,I,0110,1,CG-15,N,XXXX,2,10,F,1,200209,1,"$142,112",34.9
FD00,11,B,,07,A,0110,1,CG-07,C,XXXX,8,40,F,2,200209,1,"$36,512",0.1
FD00,11,I,21,14,I,0110,1,CG-14,L,XXXX,8,10,F,1,200209,1,"$125,621",33.0
FD00,11,G,21,14,E,0110,1,CG-14,J,XXXX,8,10,F,1,200209,1,"$106,338",11.2
FD00,11,G,17,14,G,0110,1,CG-14,K,XXXX,8,10,F,1,200209,1,"$113,833",23.3
FD00,11,D,09,14,E,0110,1,CG-14,H,XXXX,8,10,F,1,200209,1,"$88,056",10.8
FD00,11,E,18,14,B,0110,1,CG-14,H,XXXX,8,15,F,1,200209,1,"$85,334",2.1
FD00,11,G,17,14,E,0110,1,CG-14,K,XXXX,8,10,F,1,200209,1,"$114,949",10.3
FD00,11,B,,09,B,0110,1,CG-09,D,XXXX,8,40,F,2,200209,1,"$47,603",2.3
FD00,11,B,,09,B,0110,1,CG-09,D,XXXX,8,40,F,2,200209,1,"$46,451",1.1
FD00,11,D,04,14,D,0110,1,CG-14,H,XXXX,8,10,F,1,200209,1,"$88,178",7.9
FD00,11,H,17,14,I,0110,1,CG-14,L,XXXX,8,10,F,1,200209,1,"$126,118",30.1
FD00,11,C,13,14,D,0110,1,CG-14,H,XXXX,8,10,F,1,200209,1,"$84,842",5.2
FD00,11,D,17,13,A,0110,1,CG-13,G,XXXX,8,15,F,1,200209,1,"$75,115",0.1
FD00,11,H,21,14,F,0110,1,CG-14,K,XXXX,8,10,F,1,200209,1,"$113,691",19.3
FD00,11,B,,09,B,0110,1,CG-09,D,XXXX,8,40,F,2,200209,1,"$46,451",1.3
FD00,11,I,17,14,I,0110,1,CG-14,L,XXXX,8,10,F,1,200209,1,"$126,118",34.3
FD00,06,J,21,14,D,0110,1,CG-14,J,XXXX,8,10,F,1,200209,1,"$101,977",6.8
FD00,11,H,21,14,F,0110,1,CG-14,I,XXXX,8,10,F,1,200209,1,"$99,313",15.2
FD00,13,E,18,14,D,0110,1,CG-14,I,XXXX,8,10,F,1,200209,1,"$98,086",5.7
FD00,11,K,21,15,I,0110,1,CG-15,N,XXXX,8,10,F,1,200209,1,"$140,350",34.5
FD00,11,G,21,14,D,0110,1,CG-14,K,XXXX,8,10,F,1,200209,1,"$110,326",8.1
FD00,11,F,17,15,F,0110,1,CG-15,M,XXXX,8,10,F,1,200209,1,"$137,451",15.4
FD00,11,F,21,14,E,0110,1,CG-14,K,XXXX,8,10,F,1,200209,1,"$112,344",14.2
FD00,48,C,17,13,C,0110,1,CG-13,G,XXXX,8,10,F,1,200209,1,"$74,270",4.5
FD00,11,C,21,12,A,0110,1,CG-12,H,XXXX,8,15,F,1,200209,1,"$88,098",0.2
FD00,29,F,17,14,D,0110,1,CG-14,I,XXXX,8,10,F,1,200209,1,"$92,314",5.3
FD00,11,E,17,15,F,0110,1,CG-15,K,XXXX,8,10,F,1,200209,1,"$113,910",15.3
FD00,11,B,,07,A,0110,1,CG-07,C,XXXX,8,40,F,2,200209,1,"$36,512",0.2
FD00,11,G,21,15,D,0110,1,CG-15,K,XXXX,8,10,F,1,200209,1,"$117,931",6.4
FD00,11,H,17,15,H,0110,1,CG-15,N,XXXX,2,10,F,1,200209,1,"$143,219",28.4
FD00,11,H,21,14,F,0110,1,CG-14,L,XXXX,8,10,F,1,200209,1,"$120,171",16.2
FD00,11,B,,07,A,0110,1,CG-07,C,XXXX,8,40,F,2,200209,1,"$36,512",0.5
FD00,48,G,17,14,D,0110,1,CG-14,J,XXXX,8,10,F,1,200209,1,"$101,173",5.8
FD00,11,E,21,14,D,0110,1,CG-14,K,XXXX,8,10,F,1,200209,1,"$110,268",5.0
FD00,25,E,17,14,D,0110,1,CG-14,K,XXXX,8,10,F,1,200209,1,"$117,591",5.8
FD00,06,D,13,12,B,0110,1,CG-12,G,XXXX,8,15,F,1,200209,1,"$79,075",1.7
FD00,11,D,21,12,B,0110,1,CG-12,H,XXXX,8,15,F,1,200209,1,"$85,038",1.0
FD00,11,D,21,12,B,0110,1,CG-12,H,XXXX,8,15,F,1,200209,1,"$85,038",1.0
FD00,11,D,17,13,C,0110,1,CG-13,I,XXXX,8,10,F,1,200209,1,"$99,390",4.8
FD00,11,G,17,14,E,0110,1,CG-14,J,XXXX,8,10,F,1,200209,1,"$103,479",14.5
FL00,51,H,21,,G,0110,1,VH-40,J,XXXX,8,10,F,1,200209,1,"$103,913",21.0
FL00,51,I,21,,I,0110,1,VH-41,L,XXXX,8,10,F,1,200209,1,"$123,627",31.0
FL00,51,J,14,,J,0110,1,VH-42,M,XXXX,8,10,F,1,200209,1,"$131,031",38.8
FT00,11,D,21,14,B,0110,1,GS-14,H,XXXX,8,15,F,1,200209,1,"$83,482",2.9
FT00,11,H,21,,G,0110,1,ES-04,M,XXXX,2,50,F,1,200209,1,"$138,200",24.8
FT00,11,E,21,,C,0110,1,ES-02,M,XXXX,2,50,F,1,200209,1,"$131,881",3.8
FT00,11,D,21,12,B,0110,1,GS-12,G,XXXX,8,15,F,1,200209,1,"$72,400",1.1
FT00,11,H,21,15,G,0110,1,GM-15,K,XXXX,2,10,F,1,200209,1,"$119,682",22.1
FT00,11,I,22,15,G,0110,1,GM-15,K,XXXX,2,10,F,1,200209,1,"$119,682",23.8
FT00,11,E,21,14,C,0110,1,GS-14,I,XXXX,5,15,F,1,200209,1,"$93,916",3.7
FT00,11,I,21,,A,0110,1,EF-00,J,XXXX,8,48,I,2,200209,1,"$103,620",0.9
FT00,49,H,21,15,G,0110,1,GM-15,K,XXXX,5,10,F,1,200209,1,"$116,633",24.1
FT00,11,G,22,15,G,0110,1,GS-15,K,XXXX,5,10,F,1,200209,1,"$110,474",22.4
FT00,11,I,21,15,G,0110,1,GM-15,K,XXXX,5,10,F,1,200209,1,"$119,682",24.3
FT00,11,G,22,13,C,0110,1,GS-13,G,XXXX,8,10,F,1,200209,1,"$70,644",4.0
FT00,11,I,21,15,H,0110,1,GM-15,K,XXXX,2,10,F,1,200209,1,"$119,682",29.3
FT00,06,F,17,15,E,0110,1,GS-15,K,XXXX,5,10,P,2,200209,1,"$117,966",14.3
FT00,11,D,21,13,B,0110,1,GS-13,G,XXXX,8,15,F,1,200209,1,"$77,266",2.0
FT00,11,H,21,15,G,0110,1,GM-15,K,XXXX,5,10,F,1,200209,1,"$118,912",23.0
FT00,11,E,21,15,D,0110,1,GS-15,I,XXXX,8,10,F,1,200209,1,"$98,198",9.9
FT00,11,F,21,15,F,0110,1,GS-15,J,XXXX,5,10,P,2,200209,1,"$104,336",15.0
FT00,11,I,21,15,H,0110,1,GM-15,K,XXXX,5,10,F,1,200209,1,"$119,682",28.3
FT00,11,F,21,15,E,0110,1,GS-15,K,XXXX,5,10,F,1,200209,1,"$113,543",11.3
FT00,11,F,21,,B,0110,1,EF-00,K,XXXX,8,48,I,2,200209,1,"$114,222",1.7
FT00,11,D,21,12,A,0110,1,GS-12,F,XXXX,8,15,F,1,200209,1,"$66,831",0.8
FT00,11,F,21,15,F,0110,1,GS-15,K,XXXX,5,10,P,2,200209,1,"$113,543",16.6
FT00,11,J,21,15,I,0110,1,GM-15,K,XXXX,5,10,F,1,200209,1,"$119,682",34.5
FT00,11,D,21,12,A,0110,1,GS-12,G,XXXX,8,20,F,2,200209,1,"$72,400",0.8
FT00,11,G,21,15,E,0110,1,GS-15,K,XXXX,5,10,F,1,200209,1,"$119,682",14.3
FT00,11,G,21,15,F,0110,1,GM-15,K,XXXX,2,10,F,1,200209,1,"$119,682",19.7
FT00,11,E,15,15,E,0110,1,GS-15,K,XXXX,5,10,F,1,200209,1,"$113,543",12.3
FT00,11,E,21,15,D,0110,1,GS-15,J,XXXX,8,10,F,1,200209,1,"$101,267",5.9
FT00,11,F,21,15,D,0110,1,GS-15,K,XXXX,8,10,F,1,200209,1,"$119,682",5.6
FT00,11,G,21,15,G,0110,1,GM-15,K,XXXX,5,10,F,1,200209,1,"$119,682",23.3
FT00,11,H,,,B,0110,1,EF-00,J,XXXX,8,48,I,2,200209,1,"$107,355",1.3
FT00,11,F,22,15,E,0110,1,GS-15,K,XXXX,5,10,F,1,200209,1,"$119,682",13.0
FT00,11,E,21,15,E,0110,1,GS-15,K,XXXX,5,10,F,1,200209,1,"$119,682",10.1
FT00,11,I,14,14,J,0110,1,GM-14,I,XXXX,5,10,F,1,200209,1,"$96,867",35.6
FT00,11,D,21,15,D,0110,1,GS-15,I,XXXX,8,10,F,1,200209,1,"$95,129",5.1
FT00,11,H,22,15,G,0110,1,GS-15,J,XXXX,5,10,F,1,200209,1,"$101,267",22.4
FT00,11,C,21,12,B,0110,1,GS-12,G,XXXX,8,15,F,1,200209,1,"$72,400",1.8
FT00,11,E,21,,A,0110,1,EF-00,J,XXXX,8,48,I,2,200209,1,"$103,620",0.1
FT00,11,F,21,15,D,0110,1,GS-15,K,XXXX,8,10,F,1,200209,1,"$119,682",9.3
FT00,11,H,21,,B,0110,1,EF-00,J,XXXX,8,48,I,2,200209,1,"$103,620",1.3
FT00,11,D,21,14,C,0110,1,GS-14,H,XXXX,5,10,F,1,200209,1,"$88,699",3.1
FT00,11,H,21,,E,0110,1,ES-06,M,XXXX,2,50,F,1,200209,1,"$138,200",12.9
FT00,11,I,20,15,H,0110,1,GM-15,K,XXXX,5,10,F,1,200209,1,"$117,770",25.2
FT00,11,I,21,15,G,0110,1,GM-15,K,XXXX,2,10,F,1,200209,1,"$119,682",23.2
FT00,11,H,22,15,F,0110,1,GS-15,J,XXXX,5,10,F,1,200209,1,"$101,267",19.8
FT00,11,F,21,15,B,0110,1,GS-15,K,XXXX,2,48,F,2,200209,1,"$119,682",1.2
FT00,11,F,21,13,E,0110,1,GS-13,G,XXXX,8,10,F,1,200209,1,"$79,473",11.8
FT00,11,G,21,15,G,0110,1,GM-15,K,XXXX,5,10,F,1,200209,1,"$119,682",20.7
FT00,11,F,21,15,C,0110,1,GS-15,K,XXXX,8,15,F,1,200209,1,"$110,474",3.1
FT00,11,E,21,14,B,0110,1,GS-14,H,XXXX,8,15,F,1,200209,1,"$80,873",1.1
FT00,11,D,21,15,D,0110,1,GS-15,K,XXXX,8,10,F,1,200209,1,"$110,474",7.3
FT00,11,I,21,15,H,0110,1,GM-15,K,XXXX,5,10,F,1,200209,1,"$119,682",28.2
FT00,11,K,22,15,G,0110,1,GM-15,K,XXXX,5,10,F,1,200209,1,"$119,682",20.3
FT00,11,D,21,12,A,0110,1,GS-12,F,XXXX,8,40,F,2,200209,1,"$66,831",0.0
FT00,11,I,21,15,E,0110,1,GS-15,K,XXXX,5,15,F,1,200209,1,"$113,543",14.0
FT00,11,I,21,15,D,0110,1,GS-15,K,XXXX,8,10,F,1,200209,1,"$119,682",7.1
FT00,11,I,21,15,H,0110,1,GS-15,K,XXXX,5,10,F,1,200209,1,"$113,543",28.3
FT00,11,F,21,15,E,0110,1,GS-15,J,XXXX,5,10,F,1,200209,1,"$101,267",11.9
FT00,11,C,21,12,C,0110,1,GS-12,F,XXXX,8,15,F,1,200209,1,"$66,831",3.0
FT00,11,H,21,,G,0110,1,ES-04,M,XXXX,2,50,F,1,200209,1,"$138,200",24.6
FT00,11,H,21,15,C,0110,1,GS-15,I,XXXX,8,10,F,1,200209,1,"$95,129",3.3
FT00,11,D,21,15,D,0110,1,GS-15,I,XXXX,8,10,F,1,200209,1,"$98,198",6.1
FT00,11,F,21,15,D,0110,1,GS-15,K,XXXX,5,10,F,1,200209,1,"$119,682",7.2
FT00,11,I,21,,E,0110,1,ES-06,M,XXXX,2,50,F,1,200209,1,"$138,200",11.3
FT00,11,C,21,12,B,0110,1,GS-12,G,XXXX,8,15,F,1,200209,1,"$72,400",1.0
FT00,11,J,21,15,J,0110,1,GM-15,K,XXXX,5,10,F,1,200209,1,"$119,682",35.0
FT00,11,D,21,15,D,0110,1,GS-15,J,XXXX,8,10,F,1,200209,1,"$104,336",8.1
FT00,11,D,21,15,D,0110,1,GS-15,I,XXXX,8,10,F,1,200209,1,"$98,198",6.1
FT00,11,E,21,15,B,0110,1,GS-15,J,XXXX,8,15,F,1,200209,1,"$107,405",2.1
FT00,11,E,21,15,E,0110,1,GS-15,K,XXXX,5,10,F,1,200209,1,"$113,543",12.1
FT00,11,J,21,15,H,0110,1,GS-15,K,XXXX,5,10,F,1,200209,1,"$116,613",27.0
FT00,11,I,21,15,I,0110,1,GM-15,K,XXXX,5,10,F,1,200209,1,"$119,682",30.0
FT00,11,D,21,14,C,0110,1,GS-14,G,XXXX,8,10,F,1,200209,1,"$78,265",3.1
FT00,06,K,18,13,J,0110,1,GS-13,I,XXXX,8,10,F,1,200209,1,"$91,933",39.9
FT00,11,C,21,12,B,0110,1,GS-12,G,XXXX,8,15,F,1,200209,1,"$72,400",1.1
FT00,11,C,18,12,A,0110,1,GS-12,F,XXXX,8,15,F,1,200209,1,"$66,831",0.0
FT00,11,G,21,,D,0110,1,EF-00,J,XXXX,8,48,I,2,200209,1,"$103,620",8.8
FT00,11,I,21,15,H,0110,1,GM-15,K,XXXX,5,10,F,1,200209,1,"$119,682",27.0
FT00,11,I,21,15,G,0110,1,GS-15,K,XXXX,5,10,F,1,200209,1,"$119,682",23.6
FT00,11,F,17,14,E,0110,1,GS-14,H,XXXX,8,10,P,2,200209,1,"$88,699",12.1
FT00,11,D,21,15,D,0110,1,GS-15,I,XXXX,8,10,F,1,200209,1,"$95,129",5.2
FT00,11,H,21,15,G,0110,1,GS-15,J,XXXX,8,10,F,1,200209,1,"$107,405",23.0
FT00,11,J,22,15,G,0110,1,GM-15,K,XXXX,5,10,F,1,200209,1,"$119,682",24.1
FT00,11,H,22,15,E,0110,1,GS-15,K,XXXX,5,10,F,1,200209,1,"$110,474",14.5
FT00,11,F,21,15,E,0110,1,GS-15,K,XXXX,5,10,F,1,200209,1,"$113,543",11.9
FY00,11,G,17,,D,0110,1,TM-15,K,XXXX,8,10,F,1,200209,1,"$112,350",6.4
FY00,11,H,18,,H,0110,1,TM-15,M,XXXX,8,10,F,1,200209,1,"$137,336",26.2
FY00,11,D,21,,D,0110,1,TM-13,H,XXXX,8,15,F,1,200209,1,"$85,251",5.1
FY00,11,G,21,,C,0110,1,TM-14,J,XXXX,8,15,F,1,200209,1,"$105,800",3.4
FY00,11,F,17,,E,0110,1,TM-14,J,XXXX,8,15,F,1,200209,1,"$105,800",12.0
FY00,11,E,21,,C,0110,1,TM-13,G,XXXX,8,15,F,1,200209,1,"$79,181",4.1
FY00,11,G,20,,E,0110,1,TM-15,L,XXXX,8,15,F,1,200209,1,"$124,000",10.7
FY00,11,G,21,,D,0110,1,TM-15,M,XXXX,8,10,F,1,200209,1,"$137,336",5.1
GB00,11,D,17,14,D,0110,1,GS-14,H,XXXX,8,10,F,1,200209,1,"$80,873",8.8
GB00,11,C,17,09,A,0110,1,GS-09,C,XXXX,8,15,F,1,200209,1,"$38,406",0.8
GB00,11,D,17,12,C,0110,1,GS-12,E,XXXX,8,10,P,2,200209,1,"$57,550",3.3
GB00,11,F,21,14,A,0110,1,GS-14,J,XXXX,8,15,F,1,200209,1,"$101,742",0.3
HE10,11,F,17,14,E,0110,1,GM-14,I,XXXX,5,10,P,2,200209,1,"$95,218",13.7
HE10,11,H,17,15,H,0110,1,GS-15,K,XXXX,2,10,F,1,200209,1,"$119,682",27.9
HE10,11,I,21,14,G,0110,1,GM-14,J,XXXX,5,10,F,1,200209,1,"$101,742",24.9
HE10,11,E,17,14,D,0110,1,GS-14,H,XXXX,8,10,F,1,200209,1,"$86,090",8.3
HE10,11,J,04,14,E,0110,1,GS-14,J,XXXX,8,10,F,1,200209,1,"$101,742",11.6
HE10,11,J,21,15,I,0110,1,GM-15,K,XXXX,5,10,F,1,200209,1,"$119,682",33.5
HE32,24,F,21,,E,0110,1,AD-00,I,XXXX,8,48,F,2,200209,1,"$91,308",10.3
HE32,24,H,21,14,F,0110,1,GS-14,J,XXXX,8,10,F,1,200209,1,"$101,742",17.0
HE32,24,F,01,,B,0110,1,AD-00,H,XXXX,8,48,F,2,200209,1,"$80,072",2.1
HE32,24,E,21,,C,0110,1,AD-00,F,XXXX,8,48,F,2,200209,1,"$66,831",3.9
HE32,24,C,17,,B,0110,1,AD-00,G,XXXX,8,48,F,2,200209,1,"$70,543",2.2
HE32,24,F,19,,C,0110,1,AD-00,G,XXXX,8,48,F,2,200209,1,"$70,644",4.9
HE32,24,D,21,,C,0110,1,AD-00,G,XXXX,8,48,F,2,200209,1,"$70,644",3.1
HE33,24,F,21,,D,0110,1,AD-00,J,XXXX,8,48,F,2,200209,1,"$105,665",9.9
HE33,24,F,21,14,E,0110,1,GS-14,J,XXXX,8,10,F,1,200209,1,"$101,742",10.8
HE33,24,K,01,,B,0110,1,EI-00,G,XXXX,8,48,I,2,200209,1,"$78,200",2.8
HE33,24,F,21,15,D,0110,1,GS-15,K,XXXX,8,15,F,1,200209,1,"$116,613",9.1
HE33,24,F,21,14,E,0110,1,GS-14,J,XXXX,8,10,F,1,200209,1,"$101,742",12.9
HE33,24,H,22,14,G,0110,1,GS-14,J,XXXX,8,10,P,2,200209,1,"$101,742",23.2
HE33,24,G,21,14,E,0110,1,GS-14,J,XXXX,8,10,F,1,200209,1,"$101,742",11.4
HE33,24,I,17,,D,0110,1,RS-00,O,XXXX,2,38,F,1,200209,1,"$152,608",7.5
HE33,24,D,21,,B,0110,1,AD-00,G,XXXX,8,48,F,2,200209,1,"$79,473",2.8
HE33,24,D,21,,B,0110,1,AD-00,G,XXXX,8,48,F,2,200209,1,"$79,473",2.1
HE33,24,F,13,14,E,0110,1,GS-14,I,XXXX,8,10,F,1,200209,1,"$99,134",11.3
HE33,24,H,21,14,G,0110,1,GS-14,H,XXXX,8,10,F,1,200209,1,"$86,090",22.5
HE33,24,I,21,15,H,0110,1,GS-15,K,XXXX,8,10,F,1,200209,1,"$119,682",29.3
HE33,24,F,21,,C,0110,1,AD-00,G,XXXX,8,48,F,2,200209,1,"$77,266",3.0
HE33,24,E,21,,B,0110,1,AD-00,I,XXXX,8,48,F,2,200209,1,"$93,916",2.8
HE33,24,G,15,,C,0110,1,AD-00,D,XXXX,8,48,F,2,200209,1,"$49,566",3.2
HE33,24,I,01,,B,0110,1,EI-00,G,XXXX,8,48,I,2,200209,1,"$78,200",2.9
HE33,24,E,21,14,D,0110,1,GS-14,I,XXXX,8,10,F,1,200209,1,"$93,916",7.0
HE33,24,J,21,,E,0110,1,RS-00,M,XXXX,2,38,F,1,200209,1,"$130,514",14.4
HE33,24,E,01,,D,0110,1,EE-00,H,XXXX,8,48,F,2,200209,1,"$86,110",5.1
HE34,24,K,17,13,G,0110,1,GS-13,H,XXXX,8,10,F,1,200209,1,"$86,095",24.9
HE34,24,F,01,13,E,0110,1,GS-13,G,XXXX,8,10,F,1,200209,1,"$75,058",13.1
HE36,24,F,21,,A,0110,1,AD-00,G,XXXX,8,48,F,2,200209,1,"$72,400",0.1
HE36,24,G,21,14,E,0110,1,GS-14,H,XXXX,8,10,F,1,200209,1,"$88,699",12.8
HE36,24,H,13,14,H,0110,1,GS-14,I,XXXX,8,10,F,1,200209,1,"$91,308",27.8
HE36,24,E,21,,B,0110,1,AD-00,G,XXXX,8,48,F,2,200209,1,"$75,058",1.2
HE36,24,G,21,,C,0110,1,ES-01,L,XXXX,2,50,F,1,200209,1,"$125,972",4.5
HE36,24,E,17,13,E,0110,1,GS-13,G,XXXX,8,10,F,1,200209,1,"$77,266",12.3
HE36,24,H,17,15,G,0110,1,GS-15,J,XXXX,2,10,F,1,200209,1,"$104,336",23.7
HE36,11,H,17,15,H,0110,1,GS-15,J,XXXX,2,10,F,1,200209,1,"$107,405",25.2
HE36,11,D,15,13,C,0110,1,GS-13,G,XXXX,8,10,F,1,200209,1,"$77,266",3.2
HE36,11,C,17,,B,0110,1,AD-00,D,XXXX,8,48,F,2,200209,1,"$46,469",1.3
HE36,24,C,16,13,B,0110,1,GS-13,G,XXXX,8,15,F,1,200209,1,"$72,851",1.7
HE36,11,F,17,13,E,0110,1,GS-13,G,XXXX,8,10,F,1,200209,1,"$75,058",11.4
HE36,11,F,17,13,E,0110,1,GS-13,F,XXXX,8,10,F,1,200209,1,"$68,436",11.7
HE36,11,F,21,13,E,0110,1,GS-13,G,XXXX,8,10,F,1,200209,1,"$75,058",10.3
HE36,11,G,17,13,E,0110,1,GS-13,H,XXXX,8,10,F,1,200209,1,"$81,680",12.8
HE36,24,H,13,13,C,0110,1,GS-13,F,XXXX,8,15,P,2,200209,1,"$66,229",4.4
HE36,24,C,21,,A,0110,1,AD-00,G,XXXX,8,48,F,2,200209,1,"$72,400",0.1
HE36,11,H,21,14,D,0110,1,GS-14,H,XXXX,8,10,F,1,200209,1,"$88,699",7.3
HE36,24,G,21,13,F,0110,1,GS-13,G,XXXX,8,10,F,1,200209,1,"$77,266",15.1
HE36,24,E,14,13,C,0110,1,GS-13,G,XXXX,8,15,F,1,200209,1,"$75,058",3.4
HE36,11,H,04,07,I,0119,3,GS-07,C,XXXX,8,10,F,1,200209,1,"$38,725",34.8
HE36,11,D,04,13,B,0110,1,GS-13,G,XXXX,8,15,F,1,200209,1,"$77,266",2.2
HE38,24,I,21,14,H,0110,1,GS-14,J,XXXX,8,10,F,1,200209,1,"$101,742",28.2
HE38,24,I,21,15,F,0110,1,GS-15,J,XXXX,8,10,F,1,200209,1,"$107,405",15.1
HE38,24,G,21,,C,0110,1,AD-00,I,XXXX,8,38,F,1,200209,1,"$92,800",3.0
HE38,24,C,21,12,B,0110,1,GS-12,F,XXXX,8,15,F,1,200209,1,"$64,975",1.3
HE38,24,K,21,,C,0110,1,EI-00,E,XXXX,8,48,I,2,200209,1,"$52,175",3.5
HE38,24,H,21,,C,0110,1,AD-00,P,XXXX,2,48,F,2,200209,1,"$167,400",3.3
HE38,24,I,21,14,G,0110,1,GS-14,J,XXXX,8,10,F,1,200209,1,"$101,742",22.3
HE38,24,K,22,,D,0110,1,EI-00,E,XXXX,8,48,I,2,200209,1,"$52,175",6.0
HE38,24,H,21,14,E,0110,1,GS-14,H,XXXX,8,10,F,1,200209,1,"$86,090",13.8
HE38,24,I,21,,E,0110,1,AD-00,M,XXXX,2,48,F,2,200209,1,"$137,000",14.2
HE39,54,H,21,13,F,0110,1,GS-13,H,XXXX,8,10,F,1,200209,1,"$81,751",19.9
HE39,13,D,21,,B,0110,1,AD-00,E,XXXX,8,48,F,2,200209,1,"$58,479",1.0
HE39,13,G,21,13,D,0110,1,GS-13,G,XXXX,8,15,F,1,200209,1,"$76,060",5.1
HE39,13,G,21,13,E,0110,1,GS-13,H,XXXX,8,10,F,1,200209,1,"$80,405",12.8
HE39,13,E,22,,B,0110,1,AD-00,E,XXXX,8,48,F,2,200209,1,"$56,652",1.0
HE39,13,G,21,,A,0110,1,AD-00,F,XXXX,8,48,F,2,200209,1,"$65,195",0.1
HE39,13,F,21,14,D,0110,1,GS-14,H,XXXX,8,10,F,1,200209,1,"$89,883",5.6
HE39,13,D,21,13,C,0110,1,GS-13,G,XXXX,8,15,F,1,200209,1,"$71,714",3.3
HE39,13,H,22,,B,0110,1,AD-00,E,XXXX,8,48,F,2,200209,1,"$58,479",2.2
HE39,13,E,21,,B,0110,1,AD-00,E,XXXX,8,48,F,2,200209,1,"$56,652",1.0
HE39,24,J,21,,H,0110,1,AD-00,M,XXXX,5,48,F,2,200209,1,"$136,213",29.8
HE39,13,E,21,,B,0110,1,AD-00,E,XXXX,8,48,F,2,200209,1,"$58,479",1.0
HE39,13,D,21,,B,0110,1,AD-00,E,XXXX,8,48,F,2,200209,1,"$58,479",1.0
HE39,13,F,21,,B,0110,1,AD-00,E,XXXX,8,48,F,2,200209,1,"$58,479",1.0
HE39,13,E,21,,B,0110,1,AD-00,E,XXXX,8,48,F,2,200209,1,"$58,479",1.0
HE39,13,E,21,,B,0110,1,AD-00,E,XXXX,8,48,F,2,200209,1,"$58,479",1.0
HE39,13,F,22,13,C,0110,1,GS-13,G,XXXX,8,15,F,1,200209,1,"$71,714",3.7
HE39,13,D,21,13,C,0110,1,GS-13,G,XXXX,8,10,F,1,200209,1,"$76,060",4.2
HE39,13,D,21,,B,0110,1,AD-00,E,XXXX,8,48,F,2,200209,1,"$53,289",1.0
HE39,13,D,21,,B,0110,1,AD-00,E,XXXX,8,48,F,2,200209,1,"$58,479",1.0
HE39,13,D,21,,B,0110,1,AD-00,F,XXXX,8,48,F,2,200209,1,"$65,195",2.2
HE39,13,E,21,13,C,0110,1,GS-13,G,XXXX,8,10,F,1,200209,1,"$71,714",3.3
HE39,13,F,22,,B,0110,1,AD-00,E,XXXX,8,48,F,2,200209,1,"$58,479",1.0
HE39,13,D,21,,B,0110,1,AD-00,E,XXXX,8,48,F,2,200209,1,"$56,652",1.0
HE39,13,F,21,,A,0110,1,AD-00,E,XXXX,8,48,F,2,200209,1,"$56,652",0.0
HE39,13,D,21,13,C,0110,1,GS-13,F,XXXX,8,15,F,1,200209,1,"$65,195",4.2
HE39,13,G,22,13,C,0110,1,GS-13,G,XXXX,8,10,F,1,200209,1,"$71,714",4.3
HE39,39,G,22,,C,0110,1,AD-00,E,XXXX,8,48,F,2,200209,1,"$59,732",3.8
HE39,13,F,21,,A,0110,1,AD-00,E,XXXX,8,48,F,2,200209,1,"$56,652",0.0
HE39,13,F,22,13,A,0110,1,GS-13,F,XXXX,8,15,F,1,200209,1,"$65,195",0.5
HE39,13,G,21,13,C,0110,1,GS-13,F,XXXX,8,15,F,1,200209,1,"$67,368",3.2
HE39,13,E,21,13,D,0110,1,GS-13,G,XXXX,8,15,F,1,200209,1,"$78,233",6.3
HE39,13,G,21,13,C,0110,1,GS-13,G,XXXX,8,10,F,1,200209,1,"$71,714",3.3
HE39,08,D,22,,B,0110,1,AD-00,E,XXXX,8,48,F,2,200209,1,"$58,479",1.0
HE39,08,D,22,,B,0110,1,AD-00,E,XXXX,8,48,F,2,200209,1,"$56,084",1.0
HE39,13,G,21,,A,0110,1,AD-00,E,XXXX,8,48,F,2,200209,1,"$56,652",0.0
HE39,13,G,21,,A,0110,1,AD-00,E,XXXX,8,48,F,2,200209,1,"$56,652",0.0
HE39,13,D,22,,B,0110,1,AD-00,E,XXXX,8,48,F,2,200209,1,"$58,479",1.0
HE39,13,E,22,,C,0110,1,AD-00,G,XXXX,8,48,F,2,200209,1,"$71,714",3.9
HE39,13,H,22,14,C,0110,1,GS-14,G,XXXX,2,15,F,1,200209,1,"$77,043",3.7
HE39,13,G,21,,B,0110,1,AD-00,E,XXXX,8,48,F,2,200209,1,"$58,479",2.2
HE39,24,D,18,,A,0110,1,AD-00,D,XXXX,8,48,F,2,200209,1,"$46,469",0.0
HE39,13,E,17,13,B,0110,1,GS-13,F,XXXX,8,15,F,1,200209,1,"$69,541",2.0
HE39,13,E,21,,B,0110,1,AD-00,F,XXXX,8,48,F,2,200209,1,"$67,368",2.2
HE39,11,F,22,,C,0110,1,AD-00,G,XXXX,8,48,F,2,200209,1,"$72,851",4.2
HE39,33,E,21,,B,0110,1,AD-00,E,XXXX,8,48,F,2,200209,1,"$57,893",1.0
HE70,11,E,17,13,C,0110,1,GS-13,G,XXXX,8,10,P,2,200209,1,"$77,266",4.6
HE70,24,K,17,13,H,0110,1,GS-13,H,XXXX,8,10,F,1,200209,1,"$86,095",28.2
HE70,24,F,21,13,B,0110,1,GS-13,G,XXXX,8,15,F,1,200209,1,"$72,851",2.8
HE70,24,H,21,15,H,0110,1,GS-15,K,XXXX,8,10,F,1,200209,1,"$110,474",25.2
HE70,24,J,21,15,E,0110,1,GS-15,J,XXXX,2,10,F,1,200209,1,"$107,405",12.2
HE70,24,H,13,13,H,0110,1,GS-13,H,XXXX,8,10,F,1,200209,1,"$86,095",28.9
HE70,24,F,17,14,E,0110,1,GS-14,I,XXXX,8,10,F,1,200209,1,"$96,525",11.0
HE70,24,D,17,12,D,0110,1,GS-12,F,XXXX,8,10,F,1,200209,1,"$63,119",8.2
HE70,24,J,13,13,G,0110,1,GS-13,H,XXXX,8,10,F,1,200209,1,"$86,095",24.9
HE70,24,H,14,15,H,0110,1,GS-15,K,XXXX,2,10,F,1,200209,1,"$113,543",29.8
HE70,24,H,14,15,H,0110,1,GS-15,Z,XXXX,2,10,F,1,200209,1,,29.8
HE70,24,I,14,13,H,0110,1,GS-13,H,XXXX,8,10,F,1,200209,1,"$86,095",29.3
HE70,24,G,17,14,H,0110,1,GS-14,J,XXXX,8,10,F,1,200209,1,"$101,742",28.3
HE70,24,D,13,15,E,0110,1,GS-15,I,XXXX,2,10,F,1,200209,1,"$92,060",10.3
HE70,24,D,13,13,E,0110,1,GS-13,F,XXXX,8,15,P,2,200209,1,"$68,436",11.3
HE70,24,D,13,12,D,0110,1,GS-12,F,XXXX,8,10,F,1,200209,1,"$68,687",8.2
HE70,24,C,13,12,D,0110,1,GS-12,E,XXXX,8,10,F,1,200209,1,"$59,407",7.0
HE70,24,D,17,11,C,0110,1,GS-11,D,XXXX,8,10,F,1,200209,1,"$49,566",3.8
HE70,24,D,13,13,E,0110,1,GS-13,F,XXXX,8,10,F,1,200209,1,"$68,436",11.1
HE70,24,E,13,13,D,0110,1,GS-13,G,XXXX,8,10,F,1,200209,1,"$72,851",8.4
HE70,24,J,21,14,G,0110,1,GS-14,J,XXXX,8,10,F,1,200209,1,"$101,742",22.9
HE70,24,G,14,14,G,0110,1,GS-14,H,XXXX,8,10,F,1,200209,1,"$88,699",21.0
HE70,24,H,17,15,H,0110,1,GM-15,K,XXXX,2,10,F,1,200209,1,"$118,158",28.0
HE70,24,J,21,15,G,0110,1,GS-15,K,XXXX,8,10,F,1,200209,1,"$119,682",24.5
HE70,24,I,21,15,I,0110,1,GM-15,K,XXXX,2,10,F,1,200209,1,"$119,682",30.9
HE70,24,E,17,13,E,0110,1,GS-13,G,XXXX,8,10,F,1,200209,1,"$70,644",13.3
HE70,24,J,21,14,H,0110,1,GS-14,I,XXXX,6,10,F,1,200209,1,"$91,308",25.3
HE70,24,F,14,15,F,0110,1,GS-15,J,XXXX,8,10,F,1,200209,1,"$104,336",16.2
HU01,25,H,13,14,H,0110,1,GS-14,I,XXXX,2,10,F,1,200209,1,"$90,362",29.5
HU02,36,H,13,12,H,0110,1,GS-12,G,XXXX,8,10,F,1,200209,1,"$70,555",27.6
HU02,36,H,13,13,H,0110,1,GS-13,H,XXXX,8,10,F,1,200209,1,"$81,751",28.8
HU02,34,J,17,13,J,0110,1,GS-13,H,XXXX,8,10,F,1,200209,1,"$88,991",37.7
HU03,42,I,14,14,I,0110,1,GS-14,I,XXXX,8,10,F,1,200209,1,"$91,824",30.9
HU03,42,C,20,09,A,0110,1,GS-09,C,XXXX,8,15,F,1,200209,1,"$38,623",0.2
HU03,42,E,13,12,E,0110,1,GS-12,F,XXXX,8,10,F,1,200209,1,"$67,209",14.3
HU04,RQ,I,15,13,I,0110,1,GS-13,G,XXXX,8,10,F,1,200209,1,"$77,229",30.0
HU04,12,H,13,13,I,0110,1,GS-13,G,XXXX,8,10,F,1,200209,1,"$75,297",32.3
HU04,45,I,17,13,G,0110,1,GS-13,H,XXXX,8,10,F,1,200209,1,"$81,751",23.7
HU04,12,I,17,14,J,0110,1,GS-14,H,XXXX,2,10,F,1,200209,1,"$88,982",36.5
HU04,13,G,14,13,H,0110,1,GS-13,H,XXXX,8,10,F,1,200209,1,"$84,751",25.9
HU04,13,I,14,14,J,0110,1,GM-14,J,XXXX,2,10,F,1,200209,1,"$100,154",35.4
HU04,13,H,17,13,H,0110,1,GS-13,H,XXXX,8,10,F,1,200209,1,"$84,751",25.5
HU04,37,I,14,13,J,0110,1,GS-13,H,XXXX,8,10,F,1,200209,1,"$83,902",35.3
HU05,39,G,14,14,G,0110,1,GS-14,H,XXXX,2,10,F,1,200209,1,"$85,488",24.1
HU05,17,I,17,14,J,0110,1,GM-14,J,XXXX,2,10,F,1,200209,1,"$104,571",35.0
HU05,39,E,17,12,E,0110,1,GS-12,F,XXXX,8,10,F,1,200209,1,"$66,364",11.7
HU05,27,H,14,13,H,0110,1,GS-13,G,XXXX,8,10,F,1,200209,1,"$77,321",27.1
HU05,17,F,14,12,E,0110,1,GS-12,F,XXXX,8,10,F,1,200209,1,"$64,874",13.0
HU05,39,D,13,12,E,0110,1,GS-12,F,XXXX,8,10,F,1,200209,1,"$66,364",11.6
HU05,27,K,17,13,J,0110,1,GM-13,H,XXXX,2,10,F,1,200209,1,"$86,157",42.8
HU06,40,I,13,13,I,0110,1,GS-13,H,XXXX,8,10,F,1,200209,1,"$83,902",32.8
HU06,22,H,18,13,E,0110,1,GS-13,G,XXXX,8,10,F,1,200209,1,"$75,297",14.7
HU06,48,I,13,13,E,0110,1,GS-13,G,XXXX,8,10,F,1,200209,1,"$74,668",13.0
HU06,48,J,14,13,J,0110,1,GS-13,G,XXXX,8,10,F,1,200209,1,"$79,599",35.5
HU07,31,I,17,13,I,0110,1,GS-13,H,XXXX,8,10,F,1,200209,1,"$83,902",32.3
HU07,20,I,21,14,F,0110,1,GS-14,H,XXXX,2,10,F,1,200209,1,"$84,391",16.7
HU08,08,I,17,13,G,0110,1,GS-13,H,XXXX,8,10,F,1,200209,1,"$80,799",21.4
HU08,08,I,14,14,I,0110,1,GS-14,J,XXXX,2,10,F,1,200209,1,"$103,440",32.3
HU09,06,H,14,14,H,0110,1,GM-14,J,XXXX,2,10,F,1,200209,1,"$108,642",29.7
HU09,06,H,18,13,H,0110,1,GS-13,H,XXXX,8,10,F,1,200209,1,"$87,219",26.1
HU09,06,D,13,12,E,0110,1,GS-12,G,XXXX,8,10,F,1,200209,1,"$71,363",11.5
HU09,06,I,18,13,I,0110,1,GS-13,H,XXXX,8,10,F,1,200209,1,"$87,326",33.3
HU10,53,D,12,14,E,0110,1,GS-14,H,XXXX,2,10,F,1,200209,1,"$81,084",11.3
HU10,41,I,17,13,F,0110,1,GS-13,H,XXXX,8,10,F,1,200209,1,"$86,218",16.7
HUMM,11,I,17,14,I,0110,1,GS-14,J,XXXX,8,10,F,1,200209,1,"$101,742",31.0
HUMM,11,E,21,14,D,0110,1,GS-14,H,XXXX,8,15,F,1,200209,1,"$86,090",8.1
HUPP,11,G,20,13,C,0110,1,GS-13,G,XXXX,8,10,F,1,200209,1,"$72,851",3.6
HUPP,11,H,13,13,C,0110,1,GS-13,G,XXXX,8,10,F,1,200209,1,"$72,851",3.7
HURR,11,D,22,13,B,0110,1,GS-13,G,XXXX,8,15,F,1,200209,1,"$70,644",2.6
HURR,11,I,21,14,H,0110,1,GS-14,J,XXXX,8,10,F,1,200209,1,"$101,742",25.3
HURR,11,J,17,14,G,0110,1,GM-14,J,XXXX,5,10,F,1,200209,1,"$101,742",24.3
HURR,11,F,21,13,A,0110,1,GS-13,H,XXXX,8,15,F,1,200209,1,"$86,095",0.8
HURR,11,I,18,15,I,0110,1,GS-15,K,XXXX,2,10,F,1,200209,1,"$119,682",32.4
HURR,11,G,21,15,F,0110,1,GS-15,I,XXXX,2,10,F,1,200209,1,"$92,060",18.9
HURR,11,H,21,14,E,0110,1,GS-14,I,XXXX,8,10,F,1,200209,1,"$93,916",11.5
HURR,11,E,21,13,B,0110,1,GS-13,G,XXXX,8,15,F,1,200209,1,"$70,644",2.5
HURR,11,G,17,14,C,0110,1,GS-14,H,XXXX,8,15,F,1,200209,1,"$86,090",4.8
HURR,11,G,21,14,E,0110,1,GS-14,I,XXXX,8,10,F,1,200209,1,"$93,916",13.9
HURR,11,E,17,14,F,0110,1,GS-14,I,XXXX,8,10,F,1,200209,1,"$91,308",15.0
HURR,11,F,17,14,E,0110,1,GS-14,I,XXXX,8,10,F,1,200209,1,"$91,308",11.7
HURR,11,H,15,15,F,0110,1,GS-15,J,XXXX,2,10,F,1,200209,1,"$104,336",16.4
HURR,13,D,17,09,A,0110,1,GS-09,C,XXXX,8,15,F,1,200209,1,"$37,807",0.2
HURR,11,I,18,,I,0110,1,ES-05,M,XXXX,2,50,F,1,200209,1,"$138,200",30.3
HURR,11,H,18,14,G,0110,1,GM-14,J,XXXX,5,10,P,2,200209,1,"$101,742",23.9
HURR,11,G,17,15,G,0110,1,GS-15,J,XXXX,2,10,F,1,200209,1,"$104,336",24.0
HURR,11,F,21,14,E,0110,1,GS-14,I,XXXX,8,10,F,1,200209,1,"$96,525",11.3
HURR,11,J,21,15,H,0110,1,GS-15,K,XXXX,8,10,F,1,200209,1,"$119,682",27.0
HURR,11,G,21,14,D,0110,1,GS-14,H,XXXX,8,10,F,1,200209,1,"$88,699",9.9
HURR,11,J,04,15,F,0110,1,GS-15,K,XXXX,8,10,F,1,200209,1,"$119,682",17.0
HURR,11,E,21,15,E,0110,1,GS-15,J,XXXX,2,10,F,1,200209,1,"$101,267",11.3
HURR,11,G,17,14,H,0110,1,GS-14,J,XXXX,8,10,F,1,200209,1,"$101,742",25.5
HURR,11,H,13,14,I,0110,1,GM-14,J,XXXX,5,10,F,1,200209,1,"$101,742",30.5
HURR,11,H,04,15,G,0110,1,GS-15,K,XXXX,8,10,F,1,200209,1,"$116,613",22.6
HURR,11,G,17,13,F,0110,1,GS-13,H,XXXX,8,10,F,1,200209,1,"$83,888",16.9
HURR,36,D,11,09,A,0110,1,GS-09,D,XXXX,8,15,F,1,200209,1,"$47,635",0.3
IN01,11,E,21,14,C,0110,1,GS-14,G,XXXX,8,10,F,1,200209,1,"$78,265",3.3
IN01,11,K,21,15,I,0110,1,GS-15,K,XXXX,8,10,F,1,200209,1,"$119,682",33.5
IN01,11,J,17,15,J,0110,1,GS-15,K,XXXX,8,10,F,1,200209,1,"$119,682",40.3
IN01,11,I,17,15,G,0110,1,GS-15,K,XXXX,8,10,F,1,200209,1,"$116,613",21.2
IN01,11,G,17,15,F,0110,1,GS-15,I,XXXX,8,10,F,1,200209,1,"$98,198",17.8
IN01,11,J,17,,I,0110,1,ES-04,M,XXXX,2,50,F,1,200209,1,"$138,200",32.1
IN05,11,H,17,14,G,0110,1,GS-14,J,XXXX,8,10,F,1,200209,1,"$101,742",23.9
IN05,08,I,17,12,H,0110,1,GS-12,G,XXXX,8,10,F,1,200209,1,"$73,608",26.0
IN05,51,K,17,13,I,0110,1,GS-13,H,XXXX,8,10,F,1,200209,1,"$86,095",32.0
IN05,08,I,18,12,I,0110,1,GS-12,G,XXXX,8,10,F,1,200209,1,"$73,608",30.9
IN05,30,H,13,12,G,0110,1,GS-12,G,XXXX,8,10,F,1,200209,1,"$70,555",22.3
IN05,32,J,14,12,I,0110,1,GS-12,G,XXXX,8,10,F,1,200209,1,"$70,555",34.7
IN05,41,E,13,12,F,0110,1,GS-12,F,XXXX,8,10,F,1,200209,1,"$66,927",15.3
IN05,02,I,17,13,H,0110,1,GS-13,F,XXXX,8,10,F,1,200209,1,"$67,329",26.8
IN05,32,G,17,14,G,0110,1,GS-14,I,XXXX,8,10,F,1,200209,1,"$96,608",24.6
IN05,56,G,17,12,F,0110,1,GS-12,F,XXXX,8,10,F,1,200209,1,"$61,511",15.3
IN05,56,I,17,13,H,0110,1,GS-13,H,XXXX,8,10,F,1,200209,1,"$83,902",26.3
IN05,41,I,17,14,H,0110,1,GM-14,J,XXXX,2,10,F,1,200209,1,"$101,888",28.2
IN05,16,I,18,12,H,0110,1,GS-12,G,XXXX,8,10,F,1,200209,1,"$70,555",29.5
IN05,32,H,17,13,H,0110,1,GS-13,H,XXXX,8,10,F,1,200209,1,"$81,751",27.0
IN07,11,I,18,14,H,0110,1,GS-14,I,XXXX,5,10,F,1,200209,1,"$99,134",29.9
IN07,08,G,17,13,F,0110,1,GS-13,G,XXXX,8,10,F,1,200209,1,"$74,067",15.5
IN07,32,F,17,12,F,0110,1,GS-12,F,XXXX,8,10,F,1,200209,1,"$63,320",15.3
IN07,08,D,17,12,C,0110,1,GS-12,E,XXXX,8,10,F,1,200209,1,"$56,624",4.8
IN07,08,G,17,13,G,0110,1,GS-13,G,XXXX,8,10,F,1,200209,1,"$74,067",21.9
IN07,08,G,21,13,E,0110,1,GS-13,G,XXXX,8,10,F,1,200209,1,"$74,067",14.1
IN07,06,H,17,12,G,0110,1,GS-12,G,XXXX,8,10,F,1,200209,1,"$72,731",23.5
IN07,30,G,17,12,H,0110,1,GS-12,F,XXXX,8,10,F,1,200209,1,"$66,937",26.8
IN07,08,H,17,12,F,0110,1,GS-12,F,XXXX,8,10,F,1,200209,1,"$66,059",17.5
IN07,06,F,17,11,C,0110,1,GS-11,D,XXXX,8,10,F,1,200209,1,"$48,237",4.0
IN07,04,H,13,12,H,0110,1,GS-12,G,XXXX,8,10,F,1,200209,1,"$73,328",26.9
IN07,49,H,17,13,G,0110,1,GS-13,G,XXXX,8,10,F,1,200209,1,"$75,297",20.8
IN07,08,H,17,14,H,0110,1,GS-14,I,XXXX,2,10,F,1,200209,1,"$98,135",26.4
IN07,08,H,21,12,D,0110,1,GS-12,F,XXXX,8,10,F,1,200209,1,"$62,285",8.6
IN07,16,D,17,09,C,0110,1,GS-09,C,XXXX,8,15,F,1,200209,1,"$38,675",3.6
IN07,08,H,17,12,E,0110,1,GS-12,F,XXXX,8,10,F,1,200209,1,"$64,172",13.9
IN07,32,G,17,13,G,0110,1,GS-13,H,XXXX,2,10,F,1,200209,1,"$83,902",22.7
IN07,38,H,13,13,I,0110,1,GM-13,H,XXXX,2,10,F,1,200209,1,"$82,209",32.2
IN07,16,I,18,12,I,0110,1,GS-12,G,XXXX,8,10,F,1,200209,1,"$70,555",33.8
IN07,30,I,21,13,G,0110,1,GS-13,H,XXXX,8,10,F,1,200209,1,"$83,902",24.2
IN07,06,J,14,12,J,0110,1,GS-12,G,XXXX,8,10,F,1,200209,1,"$72,731",37.0
IN07,08,G,17,13,F,0110,1,GS-13,H,XXXX,8,10,F,1,200209,1,"$80,799",17.1
IN07,06,E,13,12,E,0110,1,GS-12,F,XXXX,8,10,F,1,200209,1,"$61,543",14.0
IN07,08,G,21,12,D,0110,1,GS-12,F,XXXX,8,10,F,1,200209,1,"$62,285",7.9
IN07,08,F,17,13,F,0110,1,GS-13,G,XXXX,8,10,F,1,200209,1,"$78,555",16.8
IN07,32,K,21,13,F,0110,1,GS-13,H,XXXX,8,10,F,1,200209,1,"$81,751",17.0
IN07,08,E,17,12,E,0110,1,GS-12,F,XXXX,8,10,F,1,200209,1,"$62,285",10.1
IN07,06,E,14,12,E,0110,1,GS-12,F,XXXX,8,10,F,1,200209,1,"$67,137",14.9
IN07,06,E,17,12,E,0110,1,GS-12,F,XXXX,8,15,F,1,200209,1,"$61,543",10.2
IN07,08,H,17,13,F,0110,1,GS-13,H,XXXX,8,10,F,1,200209,1,"$80,799",19.9
IN07,06,I,13,11,F,0110,1,GS-11,D,XXXX,8,10,F,1,200209,1,"$48,237",16.1
IN07,06,I,17,12,H,0110,1,GS-12,G,XXXX,8,10,F,1,200209,1,"$72,731",25.1
IN07,16,G,13,12,G,0110,1,GS-12,F,XXXX,8,10,F,1,200209,1,"$66,937",23.8
IN07,49,D,13,11,B,0110,1,GS-11,D,XXXX,8,15,F,1,200209,1,"$45,285",1.3
IN08,51,H,13,14,I,0110,1,GS-14,I,XXXX,8,10,F,1,200209,1,"$99,134",30.4
IN08,06,H,14,15,H,0110,1,GS-15,L,XXXX,8,10,F,1,200209,1,"$127,798",29.7
IN08,51,D,17,12,D,0110,1,GS-12,F,XXXX,8,10,F,1,200209,1,"$63,119",6.2
IN08,51,I,21,15,H,0110,1,GS-15,K,XXXX,2,10,F,1,200209,1,"$119,682",29.2
IN08,51,D,14,12,D,0110,1,GS-12,E,XXXX,8,10,F,1,200209,1,"$59,407",7.8
IN08,51,I,21,15,I,0110,1,GS-15,K,XXXX,8,10,F,1,200209,1,"$119,682",30.0
IN08,55,F,17,12,C,0110,1,GS-12,G,XXXX,8,10,F,1,200209,1,"$70,555",4.8
IN08,51,I,18,14,D,0110,1,GS-14,H,XXXX,4,10,F,1,200209,1,"$86,090",5.8
IN08,51,G,21,13,E,0110,1,GS-13,G,XXXX,8,10,F,1,200209,1,"$79,473",11.7
IN08,08,J,21,13,F,0110,1,GS-13,G,XXXX,8,10,F,1,200209,1,"$75,297",15.8
IN08,51,K,17,13,G,0110,1,GS-13,H,XXXX,8,10,F,1,200209,1,"$86,095",22.3
IN08,08,D,15,11,D,0110,1,GS-11,D,XXXX,8,10,F,1,200209,1,"$46,795",5.7
IN08,08,G,15,13,C,0110,1,GS-13,F,XXXX,8,20,I,2,200209,1,"$67,334",4.9
IN08,08,J,18,13,I,0110,1,GS-13,H,XXXX,8,10,F,1,200209,1,"$83,902",34.0
IN08,51,G,17,15,G,0110,1,GS-15,K,XXXX,8,10,F,1,200209,1,"$119,682",22.7
IN10,08,G,21,14,E,0110,1,GS-14,G,XXXX,8,10,F,1,200209,1,"$76,271",13.9
IN15,51,I,21,14,H,0110,1,GS-14,J,XXXX,2,10,F,1,200209,1,"$101,742",29.8
IN15,51,D,13,13,C,0110,1,GS-13,F,XXXX,8,10,F,1,200209,1,"$66,229",3.8
IN15,51,E,17,13,B,0110,1,GS-13,G,XXXX,8,15,F,1,200209,1,"$77,266",2.5
IN15,51,J,21,14,I,0110,1,GS-14,J,XXXX,8,10,F,1,200209,1,"$101,742",30.0
IN15,51,G,17,13,F,0110,1,GS-13,H,XXXX,8,10,F,1,200209,1,"$83,888",17.0
IN15,51,C,17,12,A,0110,1,GS-12,E,XXXX,8,15,F,1,200209,1,"$55,694",0.5
IN15,51,H,21,14,E,0110,1,GS-14,H,XXXX,8,10,F,1,200209,1,"$83,482",13.9
IN15,51,J,13,14,J,0110,1,GM-14,I,XXXX,2,10,F,1,200209,1,"$99,146",38.3
IN22,11,I,21,12,F,0110,1,GS-12,F,XXXX,8,10,F,1,200209,1,"$61,263",17.2
IN22,11,H,17,14,G,0110,1,GS-14,I,XXXX,8,10,F,1,200209,1,"$96,525",24.3
IN23,51,G,17,14,G,0110,1,GM-14,I,XXXX,5,10,F,1,200209,1,"$96,525",24.8
IN23,51,J,21,15,I,0110,1,GS-15,K,XXXX,2,10,F,1,200209,1,"$119,682",30.3
IN23,51,H,17,14,H,0110,1,GM-14,J,XXXX,5,10,F,1,200209,1,"$101,742",25.5
IN23,51,C,17,11,B,0110,1,GS-11,D,XXXX,8,15,F,1,200209,1,"$46,469",1.9
IN23,08,G,17,13,E,0110,1,GS-13,G,XXXX,8,10,F,1,200209,1,"$76,311",11.8
IN23,22,D,18,12,D,0110,1,GS-12,G,XXXX,8,10,F,1,200209,1,"$70,555",5.0
IN23,51,H,21,14,G,0110,1,GS-14,H,XXXX,8,10,F,1,200209,1,"$88,699",22.2
IN23,08,G,13,12,G,0110,1,GS-12,G,XXXX,8,10,F,1,200209,1,"$73,608",24.3
IN23,22,E,17,13,D,0110,1,GS-13,F,XXXX,8,10,F,1,200209,1,"$64,542",7.1
IN23,51,H,21,14,G,0110,1,GS-14,J,XXXX,8,10,F,1,200209,1,"$101,742",21.3
IN23,22,G,18,13,G,0110,1,GS-13,G,XXXX,8,10,F,1,200209,1,"$79,599",21.1
IN23,11,J,21,14,I,0110,1,GM-14,I,XXXX,5,10,F,1,200209,1,"$99,145",30.9
IN23,08,D,13,13,D,0110,1,GS-13,G,XXXX,8,10,F,1,200209,1,"$74,067",9.5
IN23,08,E,17,09,B,0110,1,GS-09,D,XXXX,8,15,F,1,200209,1,"$40,348",1.1
IN23,51,F,21,13,D,0110,1,GS-13,G,XXXX,8,10,F,1,200209,1,"$70,644",5.1
MC00,11,F,17,13,F,0110,1,GS-13,H,XXXX,8,10,F,1,200209,1,"$81,680",17.0
MC00,11,C,13,11,C,0110,1,GS-11,D,XXXX,8,10,F,1,200209,1,"$48,018",3.2
MC00,11,E,13,14,F,0110,1,GS-14,H,XXXX,2,10,F,1,200209,1,"$88,699",19.1
MC00,11,F,13,13,F,0110,1,GS-13,G,XXXX,8,10,F,1,200209,1,"$79,473",16.0
MC00,11,E,17,13,D,0110,1,GS-13,G,XXXX,8,10,F,1,200209,1,"$72,851",5.5
MC00,11,J,17,13,E,0110,1,GS-13,G,XXXX,8,10,F,1,200209,1,"$79,473",13.1
NF00,51,G,17,15,G,0110,1,GS-15,J,XXXX,2,10,F,1,200209,1,"$107,405",20.3
NF00,51,G,21,14,E,0110,1,GS-14,I,XXXX,8,10,F,1,200209,1,"$93,916",14.6
NF00,51,H,17,,G,0110,1,AD-00,I,XXXX,8,38,F,1,200209,1,"$99,712",23.8
NF00,51,G,13,14,G,0110,1,GS-14,I,XXXX,8,10,F,1,200209,1,"$96,525",23.3
NF00,51,J,18,,H,0110,1,AD-00,J,XXXX,8,38,F,1,200209,1,"$104,336",28.3
NF00,51,I,21,,G,0110,1,AD-00,L,XXXX,8,38,F,1,200209,1,"$121,967",23.9
NF00,51,I,21,,I,0110,1,AD-00,L,XXXX,4,38,F,1,200209,1,"$121,967",30.8
NF00,51,G,13,14,H,0110,1,GS-14,I,XXXX,8,10,F,1,200209,1,"$96,525",26.8
NF00,51,I,21,15,I,0110,1,GS-15,K,XXXX,8,10,F,1,200209,1,"$119,682",30.4
NF00,51,G,17,,F,0110,1,AD-00,L,XXXX,2,38,F,1,200209,1,"$121,967",15.2
NF00,51,G,17,14,H,0110,1,GS-14,I,XXXX,8,10,F,1,200209,1,"$96,525",27.8
NF00,51,F,21,,B,0110,1,AD-00,L,XXXX,8,48,F,2,200209,1,"$121,967",1.1
NF00,51,C,17,13,A,0110,1,GS-13,F,XXXX,8,15,F,1,200209,1,"$68,436",0.5
NF00,51,E,21,,A,0110,1,EE-00,Z,XXXX,8,48,I,2,200209,1,,0.2
NF00,51,E,17,13,E,0110,1,GS-13,G,XXXX,8,10,F,1,200209,1,"$75,058",10.8
NF00,51,E,18,13,D,0110,1,GS-13,F,XXXX,8,10,F,1,200209,1,"$68,436",7.3
NU00,24,D,17,13,D,0110,1,GG-13,G,XXXX,8,38,F,1,200209,1,"$70,644",5.1
NU00,24,I,21,15,H,0110,1,GG-15,K,XXXX,8,38,F,1,200209,1,"$119,682",28.3
NU00,24,I,21,14,H,0110,1,GG-14,J,XXXX,8,38,F,1,200209,1,"$101,742",25.2
NU00,24,I,17,14,G,0110,1,GG-14,J,XXXX,8,38,F,1,200209,1,"$101,742",22.8
NV11,15,H,21,15,G,0110,1,GS-15,I,XXXX,5,10,F,1,200209,1,"$93,592",22.3
NV11,06,I,17,11,G,0110,1,GS-11,F,XXXX,8,10,P,2,200209,1,"$64,502",23.7
NV19,12,I,22,13,H,0110,1,GS-13,H,XXXX,8,10,F,1,200209,1,"$83,925",29.0
NV19,12,F,13,12,F,0110,1,GS-12,F,XXXX,8,10,F,1,200209,1,"$65,147",18.0
NV22,47,E,21,14,D,0110,1,GS-14,H,XXXX,8,10,F,1,200209,1,"$81,355",5.0
NV22,47,D,21,12,C,0110,1,GS-12,F,XXXX,8,15,F,1,200209,1,"$63,320",3.0
NV22,51,H,17,15,G,0110,1,GM-15,K,XXXX,2,10,F,1,200209,1,"$119,682",21.2
NV24,11,E,13,13,E,0110,1,GS-13,G,XXXX,8,10,F,1,200209,1,"$77,266",13.0
NV24,24,H,21,,G,0110,1,NT-05,H,XXXX,2,10,F,1,200209,1,"$85,348",22.0
NV41,51,C,13,09,B,0110,1,GS-09,D,XXXX,8,15,F,1,200209,1,"$43,525",1.7
NV41,51,C,13,09,A,0110,1,GS-09,D,XXXX,8,15,F,1,200209,1,"$49,924",0.1
NV41,51,B,13,07,A,0110,1,GS-07,D,XXXX,8,15,F,1,200209,1,"$40,818",0.3
NV41,51,B,13,11,B,0110,1,GS-11,D,XXXX,8,15,F,1,200209,1,"$46,469",2.0
NV41,51,E,13,13,C,0110,1,GS-13,G,XXXX,5,10,F,1,200209,1,"$72,851",4.9
NV41,51,E,17,15,E,0110,1,GS-15,J,XXXX,2,10,F,1,200209,1,"$101,267",10.7
QQ00,11,G,15,,C,0110,1,ES-03,M,XXXX,2,50,F,1,200209,1,"$137,901",3.7
RR00,17,F,13,12,F,0110,1,GS-12,F,XXXX,8,10,F,1,200209,1,"$68,690",19.3
RR00,17,F,13,12,F,0110,1,GS-12,F,XXXX,8,10,F,1,200209,1,"$66,782",17.2
RR00,17,D,13,12,E,0110,1,GS-12,F,XXXX,8,10,F,1,200209,1,"$62,966",11.2
SB00,11,I,04,14,I,0110,1,GS-14,J,XXXX,8,10,F,1,200209,1,"$101,742",34.2
SB00,11,H,17,14,H,0110,1,GS-14,J,XXXX,8,10,F,1,200209,1,"$101,742",29.2
SB00,11,D,,,C,0110,1,AD-00,D,XXXX,8,48,F,2,200209,1,"$49,566",3.8
SB00,11,H,,,B,0110,1,AD-00,H,XXXX,8,48,F,2,200209,1,"$83,888",2.0
SB00,11,K,21,14,H,0110,1,GS-14,J,XXXX,8,10,F,1,200209,1,"$101,742",25.3
SB00,11,H,18,15,H,0110,1,GM-15,K,XXXX,2,10,F,1,200209,1,"$119,682",28.0
SB00,11,F,,,B,0110,1,AD-00,H,XXXX,8,48,F,2,200209,1,"$81,680",1.2
SE00,11,K,18,,I,0110,1,SK-14,J,XXXX,8,10,F,1,200209,1,"$106,384",32.8
SE00,11,H,13,,H,0110,1,SK-14,K,XXXX,8,10,F,1,200209,1,"$114,426",27.7
SE00,11,E,21,,D,0110,1,SK-14,J,XXXX,8,15,F,1,200209,1,"$103,328",8.2
SE00,11,I,17,,D,0110,1,EX-04,M,XXXX,8,46,F,2,200209,1,"$130,000",8.9
SE00,11,F,21,,B,0110,1,SK-17,M,XXXX,2,15,F,1,200209,1,"$130,000",2.2
SE00,11,E,17,,D,0110,1,SK-14,J,XXXX,8,10,F,1,200209,1,"$106,384",9.9
SE00,11,E,21,,D,0110,1,SK-16,L,XXXX,8,10,F,1,200209,1,"$123,273",5.8
SE00,11,G,17,,F,0110,1,SK-14,J,XXXX,8,10,F,1,200209,1,"$106,384",18.8
SE00,11,D,18,,B,0110,1,SK-14,J,XXXX,8,15,F,1,200209,1,"$106,384",2.1
SE00,11,H,14,,I,0110,1,SK-14,I,XXXX,8,10,F,1,200209,1,"$97,476",31.3
SE00,11,H,17,,H,0110,1,SK-14,K,XXXX,8,10,F,1,200209,1,"$114,426",28.4
SE00,11,G,15,,B,0110,1,SK-16,M,XXXX,8,40,F,2,200209,1,"$130,000",1.3
SE00,11,F,21,,E,0110,1,SK-14,J,XXXX,8,10,F,1,200209,1,"$106,384",12.0
SE00,11,I,21,,G,0110,1,SK-14,K,XXXX,8,10,F,1,200209,1,"$114,426",23.6
SE00,11,D,21,,D,0110,1,SK-14,L,XXXX,8,10,F,1,200209,1,"$123,077",5.3
SE00,11,D,18,,B,0110,1,SK-14,J,XXXX,8,15,F,1,200209,1,"$106,384",2.0
SE00,11,I,21,,C,0110,1,SK-16,M,XXXX,8,15,F,1,200209,1,"$130,000",4.7
SE00,11,G,17,,G,0110,1,SK-14,K,XXXX,8,10,F,1,200209,1,"$114,426",23.0
SK00,24,J,18,,H,0110,1,ES-04,M,XXXX,2,50,F,1,200209,1,"$138,200",29.6
SK00,24,H,18,14,G,0110,1,GS-14,I,XXXX,8,10,F,1,200209,1,"$91,308",20.3
SK00,24,H,17,14,H,0110,1,GS-14,J,XXXX,8,10,F,1,200209,1,"$101,742",27.9
SK00,24,H,17,14,H,0110,1,GS-14,J,XXXX,8,10,F,1,200209,1,"$101,742",26.4
SK00,24,G,17,13,G,0110,1,GS-13,G,XXXX,8,10,F,1,200209,1,"$77,266",23.5
SK00,24,F,18,13,F,0110,1,GS-13,G,XXXX,8,10,F,1,200209,1,"$79,473",15.1
SK00,24,H,17,14,H,0110,1,GS-14,J,XXXX,8,10,F,1,200209,1,"$101,742",26.9
SK00,24,H,14,14,I,0110,1,GS-14,I,XXXX,8,10,F,1,200209,1,"$96,525",34.1
SK00,24,H,21,15,G,0110,1,GS-15,K,XXXX,2,10,F,1,200209,1,"$110,474",23.9
ST00,GR,G,17,,G,0110,1,FO-01,J,XXXX,2,38,F,1,200209,1,"$107,357",24.7
ST00,FR,H,21,,F,0110,1,FO-02,I,XXXX,8,38,F,1,200209,1,"$92,625",17.2
ST00,11,I,17,,H,0110,1,FO-01,K,XXXX,2,38,F,1,200209,1,"$119,682",25.3
ST00,11,E,13,,E,0110,1,FO-02,H,XXXX,8,38,F,1,200209,1,"$86,477",12.7
ST00,NG,E,17,,B,0110,1,FP-04,F,XXXX,8,48,F,2,200209,1,"$64,519",2.1
ST00,11,I,20,,F,0110,1,FO-02,I,XXXX,8,38,F,1,200209,1,"$91,744",16.8
ST00,QA,C,17,,D,0110,1,FO-03,E,XXXX,8,38,F,1,200209,1,"$54,220",5.0
ST00,BE,D,13,,E,0110,1,FO-03,E,XXXX,8,38,F,1,200209,1,"$54,220",11.8
ST00,BE,G,17,,D,0110,1,FO-03,E,XXXX,8,38,F,1,200209,1,"$57,522",8.3
ST00,NI,I,17,,I,0110,1,FO-01,J,XXXX,2,38,F,1,200209,1,"$107,357",30.4
ST00,KS,H,17,,E,0110,1,FO-02,H,XXXX,2,38,F,1,200209,1,"$82,296",13.8
ST00,KE,D,21,,B,0110,1,FP-04,D,XXXX,8,48,F,2,200209,1,"$49,448",2.5
ST00,IT,G,17,,E,0110,1,FO-02,G,XXXX,8,38,F,1,200209,1,"$73,119",12.2
ST00,TH,G,21,,F,0110,1,FO-01,J,XXXX,2,38,F,1,200209,1,"$107,357",17.7
ST00,11,E,17,,E,0110,1,FO-02,I,XXXX,8,38,F,1,200209,1,"$97,331",14.7
ST00,SF,G,15,,F,0110,1,FO-02,H,XXXX,8,38,F,1,200209,1,"$89,927",19.8
ST00,SA,G,17,,G,0110,1,FO-02,G,XXXX,8,38,F,1,200209,1,"$79,899",20.1
ST00,11,C,17,12,B,0110,1,GS-12,E,XXXX,8,15,F,1,200209,1,"$55,694",2.0
ST00,IS,C,17,,C,0110,1,FP-05,D,XXXX,8,48,F,2,200209,1,"$41,269",3.3
ST00,BE,H,17,,F,0110,1,FO-03,F,XXXX,8,38,F,1,200209,1,"$61,025",16.5
ST00,BM,D,17,,C,0110,1,FO-03,E,XXXX,8,38,F,1,200209,1,"$54,220",4.3
ST00,ES,G,17,,F,0110,1,FO-01,I,XXXX,2,38,F,1,200209,1,"$90,237",17.3
ST00,11,E,13,,E,0110,1,FO-02,G,XXXX,8,38,F,1,200209,1,"$76,833",11.1
ST00,JM,E,17,,E,0110,1,FO-02,G,XXXX,2,38,F,1,200209,1,"$73,119",12.8
ST00,11,H,17,,G,0110,1,FO-02,I,XXXX,8,38,F,1,200209,1,"$97,331",20.6
ST00,SF,C,04,,C,0110,1,FP-04,D,XXXX,8,48,F,2,200209,1,"$45,252",3.3
ST00,CB,E,13,,D,0110,1,FP-04,E,XXXX,8,48,F,2,200209,1,"$57,324",8.2
ST00,CH,H,21,,F,0110,1,FO-01,J,XXXX,2,38,F,1,200209,1,"$104,610",18.1
ST00,VM,D,13,,D,0110,1,FO-03,E,XXXX,8,38,F,1,200209,1,"$59,248",8.7
ST00,11,D,17,,D,0110,1,FO-03,F,XXXX,8,38,F,1,200209,1,"$60,444",5.5
ST00,GH,E,13,,F,0110,1,FP-04,D,XXXX,8,48,F,2,200209,1,"$45,252",16.9
ST00,AM,D,21,,C,0110,1,FP-04,E,XXXX,8,48,F,2,200209,1,"$57,324",3.0
ST00,11,F,17,,F,0110,1,FO-02,J,XXXX,8,38,F,1,200209,1,"$103,258",17.4
ST00,11,G,13,,F,0110,1,FO-02,H,XXXX,4,38,F,1,200209,1,"$86,477",17.9
ST00,ID,F,17,,F,0110,1,FO-03,F,XXXX,8,38,F,1,200209,1,"$68,684",19.3
ST00,11,I,17,,G,0110,1,FE-MC,M,XXXX,2,38,F,1,200209,1,"$138,200",22.0
ST00,PP,G,17,,D,0110,1,FO-03,F,XXXX,8,38,F,1,200209,1,"$61,025",9.9
ST00,11,H,17,,F,0110,1,FO-01,K,XXXX,2,38,F,1,200209,1,"$119,682",18.3
ST00,11,D,13,,D,0110,1,FO-03,F,XXXX,8,38,F,1,200209,1,"$62,258",7.5
ST00,11,I,17,,H,0110,1,FO-02,I,XXXX,8,38,F,1,200209,1,"$97,331",27.9
ST00,DR,G,17,,F,0110,1,FO-01,I,XXXX,2,38,F,1,200209,1,"$90,237",16.0
ST00,JA,D,04,,C,0110,1,FP-04,D,XXXX,8,48,F,2,200209,1,"$43,934",3.7
ST00,KS,D,04,,B,0110,1,FP-05,C,XXXX,8,48,F,2,200209,1,"$36,667",1.4
ST00,IT,E,17,,E,0110,1,FO-02,G,XXXX,8,38,F,1,200209,1,"$75,312",12.3
ST00,NZ,F,17,,F,0110,1,FO-01,J,XXXX,8,38,F,1,200209,1,"$101,563",19.3
ST00,SW,G,17,,F,0110,1,FO-01,J,XXXX,2,38,F,1,200209,1,"$104,610",19.7
ST00,CG,D,04,,C,0110,1,FP-05,C,XXXX,8,48,F,2,200209,1,"$37,767",3.7
ST00,BR,G,12,,F,0110,1,FO-03,F,XXXX,8,38,F,1,200209,1,"$68,684",15.5
ST00,HO,G,17,,F,0110,1,FO-01,I,XXXX,2,38,F,1,200209,1,"$98,605",15.3
ST00,PK,E,15,,E,0110,1,FP-04,D,XXXX,8,48,F,2,200209,1,"$46,610",14.9
ST00,CH,D,04,,D,0110,1,FP-04,D,XXXX,8,48,F,2,200209,1,"$45,252",5.3
ST00,IS,D,13,,E,0110,1,FO-03,F,XXXX,8,38,F,1,200209,1,"$61,025",10.7
ST00,CH,D,04,,D,0110,1,FP-04,D,XXXX,8,48,F,2,200209,1,"$45,252",9.3
ST00,SP,F,13,,G,0110,1,FO-01,J,XXXX,2,38,F,1,200209,1,"$107,357",21.5
ST00,UG,C,04,,B,0110,1,FP-05,D,XXXX,8,48,F,2,200209,1,"$40,067",1.4
ST00,PK,G,17,,E,0110,1,FO-02,H,XXXX,2,38,F,1,200209,1,"$84,765",12.7
ST00,UP,E,17,,D,0110,1,FP-04,F,XXXX,8,48,F,2,200209,1,"$60,815",8.9
ST00,11,I,17,,F,0110,1,FO-02,H,XXXX,8,38,F,1,200209,1,"$83,958",18.5
ST00,SY,F,13,,F,0110,1,FO-03,G,XXXX,8,38,F,1,200209,1,"$72,867",19.9
ST00,11,G,17,,F,0110,1,FO-03,H,XXXX,8,38,F,1,200209,1,"$88,765",17.8
ST00,NO,C,13,,C,0110,1,FO-04,D,XXXX,8,38,F,1,200209,1,"$46,610",4.2
ST00,UP,H,17,,F,0110,1,FO-02,H,XXXX,8,38,F,1,200209,1,"$87,308",16.6
ST00,36,I,13,,G,0110,1,FO-01,K,XXXX,2,38,F,1,200209,1,"$113,623",24.6
ST00,11,E,13,,E,0110,1,FO-03,G,XXXX,8,38,F,1,200209,1,"$70,072",10.5
ST00,CA,F,13,,F,0110,1,FO-02,G,XXXX,8,38,F,1,200209,1,"$75,312",15.4
ST00,IS,G,17,,F,0110,1,FO-01,I,XXXX,2,38,F,1,200209,1,"$95,733",17.5
ST00,11,D,21,14,A,0110,1,GG-14,J,XXXX,8,48,F,2,200209,1,"$101,742",0.0
ST00,11,D,15,,C,0110,1,FP-04,E,XXXX,8,48,F,2,200209,1,"$51,961",4.0
ST00,ET,D,13,,D,0110,1,FP-04,E,XXXX,8,48,F,2,200209,1,"$50,932",7.8
ST00,11,K,21,15,I,0110,1,GS-15,K,XXXX,8,10,F,1,200209,1,"$119,682",32.0
ST00,TU,E,13,,E,0110,1,FO-02,H,XXXX,8,38,F,1,200209,1,"$84,765",12.2
ST00,DR,E,04,,C,0110,1,FP-04,E,XXXX,8,48,F,2,200209,1,"$57,324",3.3
ST00,JA,F,17,,E,0110,1,FO-03,F,XXXX,8,38,F,1,200209,1,"$68,684",12.5
ST00,SP,E,15,,D,0110,1,FP-03,F,XXXX,8,38,F,1,200209,1,"$61,025",9.7
ST00,CH,F,13,,G,0110,1,FO-01,I,XXXX,2,38,F,1,200209,1,"$98,605",22.0
ST00,11,F,13,,E,0110,1,FO-03,G,XXXX,8,38,F,1,200209,1,"$74,339",13.6
ST00,BK,F,04,,E,0110,1,FP-04,D,XXXX,8,48,F,2,200209,1,"$48,008",12.8
ST00,HK,G,17,,G,0110,1,FO-01,J,XXXX,2,38,F,1,200209,1,"$107,357",23.1
ST00,GM,F,17,,F,0110,1,FO-01,I,XXXX,2,38,F,1,200209,1,"$92,945",16.7
ST00,CH,C,04,,D,0110,1,FP-05,C,XXXX,8,48,F,2,200209,1,"$36,667",5.2
ST00,SN,D,13,,D,0110,1,FO-03,E,XXXX,8,38,F,1,200209,1,"$54,220",5.0
ST00,UK,F,17,,E,0110,1,FO-02,G,XXXX,8,38,F,1,200209,1,"$77,572",14.3
ST00,11,G,15,,H,0110,1,FO-01,K,XXXX,2,38,F,1,200209,1,"$119,682",26.3
ST00,11,J,21,,I,0110,1,FO-03,H,XXXX,8,38,F,1,200209,1,"$86,180",34.9
ST00,11,G,17,14,F,0110,1,GS-14,H,XXXX,8,10,F,1,200209,1,"$86,090",17.1
ST00,11,F,17,,F,0110,1,FO-02,J,XXXX,8,38,F,1,200209,1,"$103,258",19.3
ST00,CA,G,21,,F,0110,1,FO-02,H,XXXX,8,38,F,1,200209,1,"$82,296",15.3
ST00,11,H,17,,G,0110,1,FO-02,H,XXXX,8,38,F,1,200209,1,"$86,477",22.3
ST00,MU,G,17,,E,0110,1,FO-02,G,XXXX,8,38,F,1,200209,1,"$77,572",11.3
ST00,AE,E,13,,E,0110,1,FO-02,G,XXXX,8,38,F,1,200209,1,"$79,899",14.4
ST00,CE,F,13,,E,0110,1,FO-03,F,XXXX,8,38,F,1,200209,1,"$62,856",14.8
ST00,SZ,C,04,,C,0110,1,FP-05,C,XXXX,8,48,F,2,200209,1,"$37,767",3.3
ST00,11,G,17,,G,0110,1,FO-01,K,XXXX,8,38,F,1,200209,1,"$119,682",21.7
ST00,BE,F,17,,F,0110,1,FO-02,G,XXXX,8,38,F,1,200209,1,"$77,572",15.0
ST00,EG,G,17,,F,0110,1,FO-02,H,XXXX,8,38,F,1,200209,1,"$84,765",19.8
ST00,11,E,13,,E,0110,1,FO-02,H,XXXX,8,38,F,1,200209,1,"$86,477",14.1
ST00,BM,F,13,,F,0110,1,FO-03,G,XXXX,8,38,F,1,200209,1,"$70,745",19.8
ST00,11,F,17,,F,0110,1,FO-02,H,XXXX,8,38,F,1,200209,1,"$89,071",16.5
ST00,11,F,15,,E,0110,1,FO-02,H,XXXX,8,38,F,1,200209,1,"$81,513",12.2
ST00,JO,F,17,,F,0110,1,FO-01,I,XXXX,8,38,F,1,200209,1,"$92,945",15.4
ST00,11,G,21,,F,0110,1,FO-02,H,XXXX,8,38,F,1,200209,1,"$86,477",18.9
ST00,EG,E,17,,E,0110,1,FO-02,G,XXXX,8,38,F,1,200209,1,"$75,312",11.5
ST00,CH,D,17,,E,0110,1,FO-03,F,XXXX,8,38,F,1,200209,1,"$62,856",10.8
ST00,UP,D,17,,B,0110,1,FP-04,D,XXXX,8,48,F,2,200209,1,"$43,934",2.2
ST00,EG,E,13,,E,0110,1,FP-04,D,XXXX,8,48,F,2,200209,1,"$45,252",14.9
ST00,11,I,17,,H,0110,1,FO-01,K,XXXX,8,38,F,1,200209,1,"$119,682",26.3
ST00,11,F,17,,F,0110,1,FO-01,J,XXXX,2,38,F,1,200209,1,"$109,925",17.1
ST00,FR,H,13,,H,0110,1,FE-MC,M,XXXX,2,38,F,1,200209,1,"$130,000",28.0
ST00,JA,H,17,,H,0110,1,FE-OC,L,XXXX,2,38,F,1,200209,1,"$123,700",29.4
ST00,MY,E,17,,F,0110,1,FO-03,F,XXXX,8,38,F,1,200209,1,"$66,684",15.3
ST00,AR,F,17,,E,0110,1,FO-03,F,XXXX,8,38,F,1,200209,1,"$62,856",11.9
ST00,11,E,17,,E,0110,1,FO-03,G,XXXX,8,38,F,1,200209,1,"$70,072",10.8
ST00,BK,D,17,,D,0110,1,FO-04,E,XXXX,8,38,F,1,200209,1,"$52,459",6.6
ST00,11,E,17,,F,0110,1,FO-03,G,XXXX,8,38,F,1,200209,1,"$72,174",16.3
ST00,AS,G,17,,D,0110,1,FO-03,E,XXXX,8,38,F,1,200209,1,"$59,248",7.7
ST00,ZI,D,04,,D,0110,1,FP-05,C,XXXX,8,48,F,2,200209,1,"$37,767",7.7
ST00,SP,E,17,,E,0110,1,FO-02,G,XXXX,8,38,F,1,200209,1,"$70,989",10.9
ST00,MX,I,17,,J,0110,1,FO-01,J,XXXX,2,38,F,1,200209,1,"$107,357",38.6
ST00,IN,I,17,,G,0110,1,FO-02,I,XXXX,2,38,F,1,200209,1,"$92,625",24.8
ST00,11,G,17,13,G,0110,1,GS-13,H,XXXX,8,10,F,1,200209,1,"$86,095",24.5
ST00,SA,C,17,,A,0110,1,FP-05,D,XXXX,8,48,F,2,200209,1,"$40,067",0.2
ST00,11,F,13,,E,0110,1,FO-02,J,XXXX,8,38,F,1,200209,1,"$103,258",13.0
ST00,MO,G,17,,G,0110,1,FO-01,J,XXXX,2,38,F,1,200209,1,"$107,357",23.0
ST00,PL,E,17,,E,0110,1,FO-02,H,XXXX,8,38,F,1,200209,1,"$82,296",13.2
ST00,11,G,17,,G,0110,1,FO-02,J,XXXX,8,38,F,1,200209,1,"$100,251",23.2
ST00,TS,E,17,,E,0110,1,FO-04,F,XXXX,8,38,F,1,200209,1,"$64,519",10.7
ST00,SA,D,04,,D,0110,1,FP-04,D,XXXX,8,48,F,2,200209,1,"$43,934",9.2
ST00,11,H,17,,G,0110,1,ES-04,M,XXXX,2,50,F,1,200209,1,"$138,200",22.3
ST00,11,H,21,14,E,0110,1,GG-14,I,XXXX,8,48,F,2,200209,1,"$99,134",13.2
ST00,11,I,17,,F,0110,1,FO-02,I,XXXX,8,38,F,1,200209,1,"$97,331",16.0
ST00,CH,E,17,,E,0110,1,FO-03,G,XXXX,8,38,F,1,200209,1,"$70,745",12.9
ST00,11,I,15,,H,0110,1,FO-01,K,XXXX,8,38,F,1,200209,1,"$119,682",28.5
ST00,11,F,17,,E,0110,1,FO-02,G,XXXX,8,38,F,1,200209,1,"$79,139",10.7
ST00,AF,E,17,,D,0110,1,FO-03,E,XXXX,8,38,F,1,200209,1,"$59,248",5.7
ST00,11,G,15,,F,0110,1,FO-01,K,XXXX,8,38,F,1,200209,1,"$116,619",16.5
ST00,NI,G,17,,G,0110,1,FO-02,H,XXXX,2,38,F,1,200209,1,"$89,927",21.8
ST00,CH,F,17,,F,0110,1,FO-02,G,XXXX,8,38,F,1,200209,1,"$70,989",18.2
ST00,TO,E,17,,B,0110,1,FP-04,E,XXXX,8,48,F,2,200209,1,"$57,324",2.0
ST00,BR,G,09,,G,0110,1,FO-01,J,XXXX,2,38,F,1,200209,1,"$101,563",21.6
ST00,11,G,13,,G,0110,1,FO-01,K,XXXX,2,38,F,1,200209,1,"$116,619",23.5
ST00,TD,H,17,,G,0110,1,FO-01,J,XXXX,8,38,F,1,200209,1,"$104,610",24.8
ST00,CA,I,17,,I,0110,1,FE-MC,M,XXXX,2,38,F,1,200209,1,"$130,000",32.5
ST00,CH,G,17,,E,0110,1,FO-03,G,XXXX,8,38,F,1,200209,1,"$76,856",12.3
ST00,IN,D,04,,D,0110,1,FP-05,C,XXXX,8,48,F,2,200209,1,"$36,667",7.5
ST00,11,F,15,,F,0110,1,FO-01,J,XXXX,8,38,F,1,200209,1,"$109,925",18.1
ST00,VM,F,17,,E,0110,1,FO-02,G,XXXX,8,38,F,1,200209,1,"$77,572",13.0
ST00,DA,F,17,,F,0110,1,FO-02,H,XXXX,8,38,F,1,200209,1,"$82,296",17.2
ST00,11,G,17,,F,0110,1,FO-01,J,XXXX,2,38,F,1,200209,1,"$106,723",19.5
ST00,VE,G,15,,F,0110,1,FO-01,I,XXXX,2,38,F,1,200209,1,"$92,945",18.1
ST00,RW,D,13,,D,0110,1,FP-04,E,XXXX,8,48,F,2,200209,1,"$52,459",5.2
ST00,UK,I,17,,I,0110,1,FE-MC,M,XXXX,2,38,F,1,200209,1,"$130,000",31.3
ST00,CB,E,17,,E,0110,1,FO-03,F,XXXX,8,38,F,1,200209,1,"$61,025",10.3
ST00,AR,E,04,,D,0110,1,FO-04,E,XXXX,8,38,F,1,200209,1,"$54,033",5.8
ST00,SW,I,13,,G,0110,1,FO-01,J,XXXX,2,38,F,1,200209,1,"$107,357",24.7
ST00,CH,F,17,,E,0110,1,FO-03,E,XXXX,8,38,F,1,200209,1,"$57,522",14.5
ST00,MY,F,21,,E,0110,1,FO-02,G,XXXX,8,38,F,1,200209,1,"$75,312",14.8
ST00,PE,D,04,,C,0110,1,FP-04,D,XXXX,8,48,F,2,200209,1,"$46,610",3.3
ST00,11,E,17,,E,0110,1,FO-02,H,XXXX,8,38,F,1,200209,1,"$83,958",11.1
ST00,JA,F,13,,F,0110,1,FO-02,H,XXXX,8,38,F,1,200209,1,"$82,296",17.6
ST00,PE,C,04,,D,0110,1,FP-05,C,XXXX,8,48,F,2,200209,1,"$37,767",5.3
ST00,11,F,17,,F,0110,1,FO-02,J,XXXX,2,38,F,1,200209,1,"$100,251",17.3
ST00,11,H,13,,H,0110,1,FO-01,K,XXXX,2,38,F,1,200209,1,"$119,682",27.5
ST00,CE,D,13,,D,0110,1,FO-03,E,XXXX,8,38,F,1,200209,1,"$55,847",6.0
ST00,EG,F,04,,F,0110,1,FO-02,G,XXXX,8,38,F,1,200209,1,"$73,119",18.8
ST00,IS,F,17,,E,0110,1,FO-02,G,XXXX,8,38,F,1,200209,1,"$70,989",13.3
ST00,11,E,17,,D,0110,1,FO-03,F,XXXX,8,38,F,1,200209,1,"$62,258",7.9
ST00,11,E,17,,E,0110,1,FO-02,H,XXXX,8,38,F,1,200209,1,"$83,958",14.9
ST00,11,F,17,,F,0110,1,FO-02,I,XXXX,8,38,F,1,200209,1,"$94,496",15.1
ST00,YI,F,17,,E,0110,1,FO-03,F,XXXX,8,38,F,1,200209,1,"$62,856",12.5
ST00,JA,F,17,,F,0110,1,FO-02,H,XXXX,8,38,F,1,200209,1,"$89,927",19.8
ST00,SF,C,13,,C,0110,1,FO-04,D,XXXX,8,38,F,1,200209,1,"$46,610",4.3
ST00,CH,C,17,,C,0110,1,FP-04,E,XXXX,8,48,F,2,200209,1,"$54,033",4.0
ST00,NI,D,13,,D,0110,1,FP-05,D,XXXX,8,48,F,2,200209,1,"$42,507",8.5
ST00,CA,D,04,,D,0110,1,FP-04,D,XXXX,8,48,F,2,200209,1,"$49,448",5.3
ST00,11,G,17,13,G,0110,1,GM-13,H,XXXX,5,10,F,1,200209,1,"$83,899",23.1
ST00,11,F,17,,E,0110,1,FO-03,G,XXXX,8,38,F,1,200209,1,"$76,569",14.3
ST00,11,G,17,,G,0110,1,FO-01,K,XXXX,2,38,F,1,200209,1,"$119,682",23.3
ST00,PE,F,04,,F,0110,1,FO-02,H,XXXX,2,38,F,1,200209,1,"$87,308",17.3
ST00,MX,H,17,,H,0110,1,FE-MC,M,XXXX,2,38,F,1,200209,1,"$130,000",27.2
ST00,11,G,17,,G,0110,1,FO-02,H,XXXX,8,38,F,1,200209,1,"$89,071",22.1
ST00,MO,H,17,,F,0110,1,FO-03,F,XXXX,8,38,F,1,200209,1,"$66,684",18.4
ST00,LE,F,04,,F,0110,1,FO-03,F,XXXX,8,38,F,1,200209,1,"$61,025",15.5
ST00,11,F,13,,E,0110,1,FO-03,G,XXXX,8,38,F,1,200209,1,"$76,569",11.5
ST00,YI,D,13,,E,0110,1,FO-03,F,XXXX,8,38,F,1,200209,1,"$61,025",10.7
ST00,AJ,E,04,,C,0110,1,FP-04,D,XXXX,8,48,F,2,200209,1,"$45,252",4.1
ST00,11,I,17,,G,0110,1,FO-01,J,XXXX,2,38,F,1,200209,1,"$109,925",22.5
ST00,11,G,17,,F,0110,1,FO-02,J,XXXX,8,38,F,1,200209,1,"$103,258",19.7
ST00,11,H,17,,H,0110,1,FO-01,K,XXXX,8,38,F,1,200209,1,"$116,619",29.1
ST00,SZ,F,17,,F,0110,1,FO-02,G,XXXX,8,38,F,1,200209,1,"$75,312",15.2
ST00,HU,D,17,,D,0110,1,FO-04,E,XXXX,8,38,F,1,200209,1,"$57,324",5.2
ST00,BB,C,17,,A,0110,1,FP-05,D,XXXX,8,48,F,2,200209,1,"$41,269",0.5
ST00,SY,E,17,,D,0110,1,FO-03,F,XXXX,8,38,F,1,200209,1,"$61,025",8.7
ST00,JA,F,17,,E,0110,1,FO-02,H,XXXX,8,38,F,1,200209,1,"$87,308",12.5
ST00,FR,C,04,,C,0110,1,FP-04,E,XXXX,8,48,F,2,200209,1,"$52,459",3.4
ST00,GM,F,17,,F,0110,1,FO-02,I,XXXX,8,38,F,1,200209,1,"$92,625",17.8
ST00,BE,C,04,,B,0110,1,FP-05,D,XXXX,8,48,F,2,200209,1,"$40,067",2.7
ST00,PA,G,17,,E,0110,1,FO-03,G,XXXX,8,38,F,1,200209,1,"$70,745",12.5
ST00,11,F,21,,E,0110,1,FO-02,I,XXXX,8,38,F,1,200209,1,"$91,744",11.5
ST00,UK,H,17,,H,0110,1,FO-01,J,XXXX,2,38,F,1,200209,1,"$107,357",25.0
ST00,VE,H,13,,H,0110,1,FO-02,H,XXXX,8,38,F,1,200209,1,"$82,296",29.4
ST00,SN,C,04,,C,0110,1,FP-04,D,XXXX,8,48,F,2,200209,1,"$49,448",3.3
ST00,CY,G,15,,D,0110,1,FO-03,F,XXXX,8,38,F,1,200209,1,"$62,856",8.9
ST00,TH,F,15,,E,0110,1,FO-02,H,XXXX,8,38,F,1,200209,1,"$87,308",13.6
ST00,SA,E,17,,B,0110,1,FP-04,D,XXXX,8,48,F,2,200209,1,"$48,008",2.3
ST00,11,D,17,,D,0110,1,FO-03,F,XXXX,8,38,F,1,200209,1,"$62,258",5.3
ST00,CG,E,13,,E,0110,1,FO-03,E,XXXX,8,38,F,1,200209,1,"$59,248",14.1
ST00,UK,C,13,,C,0110,1,FP-04,E,XXXX,8,48,F,2,200209,1,"$50,932",3.6
ST00,HK,I,21,,G,0110,1,FO-02,I,XXXX,8,38,F,1,200209,1,"$95,403",22.5
ST00,ID,F,04,,B,0110,1,FP-04,D,XXXX,8,48,F,2,200209,1,"$45,252",1.2
ST00,11,C,13,,D,0110,1,FP-04,E,XXXX,8,48,F,2,200209,1,"$53,519",5.3
ST00,SY,D,13,,E,0110,1,FP-04,D,XXXX,8,48,F,2,200209,1,"$49,448",10.4
ST00,TZ,D,13,,D,0110,1,FP-05,C,XXXX,8,48,F,2,200209,1,"$36,667",6.9
ST00,FR,D,13,,D,0110,1,FO-03,E,XXXX,8,38,F,1,200209,1,"$57,522",7.7
ST00,11,J,13,14,J,0110,1,GM-14,J,XXXX,5,10,F,1,200209,1,"$101,742",36.8
ST00,CH,H,13,,G,0110,1,FO-04,F,XXXX,8,38,F,1,200209,1,"$64,519",23.4
ST00,TZ,E,04,,F,0110,1,FP-04,D,XXXX,8,48,F,2,200209,1,"$43,934",15.3
ST00,SF,G,04,,H,0110,1,FO-02,G,XXXX,8,38,F,1,200209,1,"$73,119",26.3
ST00,CT,B,13,,B,0110,1,FP-06,C,XXXX,8,48,F,2,200209,1,"$38,001",1.3
ST00,BR,D,04,,D,0110,1,FP-05,C,XXXX,8,48,F,2,200209,1,"$37,767",9.3
ST00,RS,F,17,,E,0110,1,FO-02,H,XXXX,8,38,F,1,200209,1,"$82,296",14.3
ST00,SN,G,17,,G,0110,1,FO-02,I,XXXX,8,38,F,1,200209,1,"$92,625",24.3
ST00,IV,H,17,,F,0110,1,FO-02,H,XXXX,8,38,F,1,200209,1,"$82,296",18.9
ST00,11,H,17,,F,0110,1,FO-01,K,XXXX,8,38,F,1,200209,1,"$113,222",18.9
ST00,SF,I,17,,I,0110,1,FE-OC,L,XXXX,2,38,F,1,200209,1,"$123,700",32.3
ST00,HA,E,17,,E,0110,1,FO-03,F,XXXX,8,38,F,1,200209,1,"$62,856",10.1
ST00,11,G,17,,H,0110,1,FO-02,I,XXXX,8,38,F,1,200209,1,"$91,744",26.9
ST00,TD,E,17,,F,0110,1,FO-03,E,XXXX,8,38,F,1,200209,1,"$54,220",15.2
ST00,CO,C,13,,C,0110,1,FO-04,D,XXXX,8,38,F,1,200209,1,"$45,252",4.2
ST00,NU,F,17,,F,0110,1,FO-02,H,XXXX,2,38,F,1,200209,1,"$84,765",17.3
ST00,LA,F,17,,E,0110,1,FO-02,H,XXXX,8,38,F,1,200209,1,"$84,765",14.4
ST00,11,G,04,,F,0110,1,FO-03,H,XXXX,8,38,F,1,200209,1,"$88,765",19.8
ST00,KS,C,04,,B,0110,1,FP-04,D,XXXX,8,48,F,2,200209,1,"$43,934",2.8
ST00,11,G,17,,G,0110,1,FO-01,K,XXXX,8,38,F,1,200209,1,"$113,222",22.8
ST00,BR,D,04,,C,0110,1,FP-04,D,XXXX,8,48,F,2,200209,1,"$45,252",4.1
ST00,11,E,04,14,F,0110,1,GS-14,H,XXXX,8,10,F,1,200209,1,"$88,699",16.3
ST00,EC,E,13,,E,0110,1,FO-03,F,XXXX,8,38,F,1,200209,1,"$62,856",10.9
ST00,JA,D,04,,E,0110,1,FP-04,D,XXXX,8,48,F,2,200209,1,"$49,448",11.3
ST00,NI,G,13,,G,0110,1,FO-02,G,XXXX,8,38,F,1,200209,1,"$79,899",21.3
ST00,11,H,17,,G,0110,1,FE-OC,L,XXXX,2,38,F,1,200209,1,"$125,972",23.3
ST00,SZ,G,17,,F,0110,1,FO-03,F,XXXX,8,38,F,1,200209,1,"$66,684",18.2
ST00,JO,G,17,,C,0110,1,FP-04,D,XXXX,8,48,F,2,200209,1,"$46,610",3.7
ST00,UK,F,17,,F,0110,1,FO-02,G,XXXX,8,38,F,1,200209,1,"$73,119",15.3
ST00,RS,G,13,,G,0110,1,FO-01,J,XXXX,2,38,F,1,200209,1,"$107,357",23.0
ST00,11,F,13,,F,0110,1,FO-02,I,XXXX,8,38,F,1,200209,1,"$97,331",15.3
ST00,BK,D,04,,C,0110,1,FP-04,E,XXXX,8,48,F,2,200209,1,"$55,654",3.3
ST00,PK,C,17,,A,0110,1,FP-05,E,XXXX,8,48,F,2,200209,1,"$52,278",0.7
ST00,NL,D,04,,D,0110,1,FP-04,D,XXXX,8,48,F,2,200209,1,"$49,448",7.8
ST00,11,G,17,,G,0110,1,FO-02,J,XXXX,8,38,F,1,200209,1,"$100,251",21.0
ST00,CI,E,13,,F,0110,1,FO-02,G,XXXX,8,38,F,1,200209,1,"$75,312",15.3
ST00,RO,F,17,,E,0110,1,FO-02,G,XXXX,8,38,F,1,200209,1,"$73,119",11.5
ST00,11,G,17,,D,0110,1,FO-03,F,XXXX,8,38,F,1,200209,1,"$68,031",9.5
ST00,BG,E,15,,D,0110,1,FO-03,E,XXXX,8,38,F,1,200209,1,"$55,847",6.2
ST00,RP,E,13,,E,0110,1,FP-04,E,XXXX,8,48,F,2,200209,1,"$50,932",13.2
ST00,BR,D,17,,C,0110,1,FO-03,E,XXXX,8,38,F,1,200209,1,"$54,220",4.7
ST00,11,E,21,,D,0110,1,FO-03,F,XXXX,8,38,F,1,200209,1,"$64,126",5.7
ST00,TU,D,04,,D,0110,1,FP-04,D,XXXX,8,48,F,2,200209,1,"$43,934",6.8
ST00,FR,F,17,,F,0110,1,FO-02,G,XXXX,2,38,F,1,200209,1,"$79,899",15.0
ST00,IT,F,17,,F,0110,1,FO-03,G,XXXX,8,38,F,1,200209,1,"$70,745",16.7
ST00,UP,E,17,,E,0110,1,FO-03,F,XXXX,8,38,F,1,200209,1,"$68,684",13.2
ST00,CH,I,17,,G,0110,1,FO-02,H,XXXX,8,38,F,1,200209,1,"$89,927",22.6
ST00,11,G,17,,E,0110,1,FO-03,H,XXXX,8,38,F,1,200209,1,"$81,232",12.1
ST00,11,J,04,15,J,0110,1,GM-15,K,XXXX,2,10,F,1,200209,1,"$119,682",39.7
ST00,TU,E,17,,E,0110,1,FO-02,H,XXXX,8,38,F,1,200209,1,"$84,765",14.7
ST00,KU,E,13,,F,0110,1,FO-02,H,XXXX,2,38,F,1,200209,1,"$87,308",15.4
ST00,MZ,E,17,,E,0110,1,FO-03,F,XXXX,8,38,F,1,200209,1,"$62,856",10.7
ST00,SZ,F,04,,F,0110,1,FO-03,E,XXXX,8,38,F,1,200209,1,"$57,522",19.8
ST00,RS,G,17,,F,0110,1,FO-01,J,XXXX,2,38,F,1,200209,1,"$101,563",19.6
ST00,KS,H,13,,D,0110,1,FO-03,E,XXXX,8,38,F,1,200209,1,"$57,522",8.5
ST00,JA,E,17,,E,0110,1,FO-02,F,XXXX,8,38,F,1,200209,1,"$68,921",10.7
ST00,JA,D,04,,C,0110,1,FP-04,D,XXXX,8,38,F,1,200209,1,"$43,934",3.3
ST00,PK,D,04,,D,0110,1,FP-04,D,XXXX,8,48,F,2,200209,1,"$45,252",5.3
ST00,11,I,21,15,F,0110,1,GG-15,K,XXXX,2,48,F,2,200209,1,"$119,682",17.2
ST00,11,H,17,,H,0110,1,FO-01,K,XXXX,2,38,F,1,200209,1,"$119,682",26.3
ST00,RS,F,04,,F,0110,1,FO-02,G,XXXX,8,38,F,1,200209,1,"$79,899",17.6
ST00,11,H,13,,G,0110,1,FO-02,J,XXXX,8,38,F,1,200209,1,"$103,258",22.6
ST00,11,F,17,,D,0110,1,FO-03,F,XXXX,8,38,F,1,200209,1,"$62,258",7.5
ST00,IN,E,13,,E,0110,1,FP-04,E,XXXX,8,38,F,1,200209,1,"$52,459",10.8
ST00,KE,F,13,,C,0110,1,FP-04,D,XXXX,8,48,F,2,200209,1,"$46,610",4.5
ST00,11,F,17,13,F,0110,1,GS-13,G,XXXX,8,10,F,1,200209,1,"$75,058",16.5
ST00,VM,E,13,,D,0110,1,FO-03,E,XXXX,8,38,F,1,200209,1,"$59,248",8.3
ST00,11,I,17,,I,0110,1,FO-01,K,XXXX,2,38,F,1,200209,1,"$119,682",30.3
ST00,11,G,17,,G,0110,1,FO-01,K,XXXX,2,38,F,1,200209,1,"$113,222",20.0
ST00,BH,I,13,,G,0110,1,FO-02,G,XXXX,8,38,F,1,200209,1,"$75,312",21.4
ST00,GM,E,17,,C,0110,1,FP-04,E,XXXX,8,48,F,2,200209,1,"$55,654",3.7
ST00,CH,E,13,,E,0110,1,FO-03,F,XXXX,8,38,F,1,200209,1,"$68,684",14.0
ST00,BE,G,17,,G,0110,1,FE-MC,L,XXXX,2,38,F,1,200209,1,"$129,800",21.3
ST00,BG,F,17,,E,0110,1,FO-02,G,XXXX,8,38,F,1,200209,1,"$75,312",14.8
ST00,11,G,17,,F,0110,1,FO-02,H,XXXX,8,38,F,1,200209,1,"$83,958",18.1
ST00,JA,E,15,,D,0110,1,FO-03,E,XXXX,8,38,F,1,200209,1,"$55,847",6.8
ST00,JA,E,17,,D,0110,1,FO-03,E,XXXX,8,38,F,1,200209,1,"$59,248",7.7
ST00,AJ,F,17,,D,0110,1,FO-03,E,XXXX,8,38,F,1,200209,1,"$59,248",8.9
ST00,MI,D,13,,C,0110,1,FP-04,E,XXXX,8,48,F,2,200209,1,"$52,459",4.0
ST00,11,G,17,,F,0110,1,FO-02,I,XXXX,8,38,F,1,200209,1,"$91,744",17.1
ST00,CY,D,13,,E,0110,1,FP-04,E,XXXX,8,38,F,1,200209,1,"$50,932",12.3
ST00,BR,F,17,,F,0110,1,FO-02,G,XXXX,8,38,F,1,200209,1,"$77,572",16.3
ST00,11,G,17,,F,0110,1,FO-01,J,XXXX,2,38,F,1,200209,1,"$109,925",19.3
ST00,PP,F,17,,D,0110,1,FO-04,E,XXXX,8,38,F,1,200209,1,"$57,324",5.3
ST00,IN,G,17,,E,0110,1,FO-03,G,XXXX,8,38,F,1,200209,1,"$72,867",11.5
ST00,11,F,17,,D,0110,1,FO-03,F,XXXX,8,38,F,1,200209,1,"$66,050",7.3
ST00,TH,F,17,,F,0110,1,FO-02,H,XXXX,8,38,F,1,200209,1,"$84,765",17.0
ST00,MO,E,17,,E,0110,1,FO-02,G,XXXX,2,38,F,1,200209,1,"$70,989",11.1
ST00,11,H,17,,G,0110,1,FO-01,K,XXXX,8,38,F,1,200209,1,"$119,682",24.3
ST00,AS,G,17,,G,0110,1,FO-01,I,XXXX,2,38,F,1,200209,1,"$98,605",20.4
ST00,KS,D,04,,C,0110,1,FP-04,D,XXXX,8,48,F,2,200209,1,"$43,934",3.7
ST00,AS,E,13,,F,0110,1,FO-02,G,XXXX,8,38,F,1,200209,1,"$77,572",16.5
ST00,NI,B,13,,A,0110,1,FP-06,C,XXXX,8,48,F,2,200209,1,"$35,819",0.5
ST00,BU,H,21,,E,0110,1,FO-02,H,XXXX,8,38,F,1,200209,1,"$87,308",14.3
ST00,36,E,17,,D,0110,1,FP-04,F,XXXX,8,48,F,2,200209,1,"$62,262",6.9
ST00,PM,D,15,,C,0110,1,FP-04,D,XXXX,8,48,F,2,200209,1,"$46,610",3.7
ST00,FR,H,17,,F,0110,1,FO-02,H,XXXX,8,38,F,1,200209,1,"$89,927",18.8
ST00,11,E,13,,E,0110,1,FO-03,G,XXXX,8,38,F,1,200209,1,"$74,339",14.0
ST00,IN,F,17,,D,0110,1,FP-03,F,XXXX,8,48,F,2,200209,1,"$66,684",8.0
ST00,PL,H,17,,G,0110,1,FO-01,J,XXXX,2,38,F,1,200209,1,"$107,357",22.1
ST00,TS,D,04,,E,0110,1,FP-04,D,XXXX,8,48,F,2,200209,1,"$43,934",10.4
ST00,11,C,04,,C,0110,1,FP-04,E,XXXX,8,48,F,2,200209,1,"$50,447",3.1
ST00,11,I,17,,E,0110,1,FO-03,G,XXXX,8,38,F,1,200209,1,"$70,072",10.4
ST00,BY,H,21,,B,0110,1,FP-04,F,XXXX,8,48,F,2,200209,1,"$64,519",1.7
ST00,UP,C,04,,C,0110,1,FP-04,D,XXXX,8,48,F,2,200209,1,"$45,252",4.8
ST00,SW,G,17,,F,0110,1,FO-02,H,XXXX,8,38,F,1,200209,1,"$89,927",19.8
ST00,HK,E,13,,F,0110,1,FO-02,G,XXXX,8,38,F,1,200209,1,"$77,572",17.3
ST00,IN,C,04,,D,0110,1,FP-05,C,XXXX,8,48,F,2,200209,1,"$37,767",5.0
ST00,JA,I,17,,I,0110,1,FE-OC,L,XXXX,2,38,F,1,200209,1,"$123,700",34.1
ST00,NI,E,15,,A,0110,1,FP-04,F,XXXX,8,48,F,2,200209,1,"$64,519",0.5
ST00,11,I,21,,E,0110,1,FO-02,J,XXXX,8,38,F,1,200209,1,"$100,251",14.1
ST00,SF,H,17,,F,0110,1,FO-02,H,XXXX,8,38,F,1,200209,1,"$87,308",18.4
ST00,KU,D,13,,B,0110,1,FP-05,C,XXXX,8,48,F,2,200209,1,"$35,599",2.2
ST00,AR,D,15,,B,0110,1,FP-04,D,XXXX,8,48,F,2,200209,1,"$43,934",2.3
ST00,UP,F,13,,F,0110,1,FO-01,J,XXXX,2,38,F,1,200209,1,"$104,610",15.4
ST00,11,G,17,,F,0110,1,FO-03,G,XXXX,8,38,F,1,200209,1,"$70,072",16.0
ST00,RP,F,04,,D,0110,1,FP-04,E,XXXX,8,48,F,2,200209,1,"$55,654",5.4
ST00,CH,G,04,,B,0110,1,FO-02,G,XXXX,8,38,F,1,200209,1,"$73,119",2.2
ST00,RP,J,17,,H,0110,1,FE-OC,L,XXXX,2,38,F,1,200209,1,"$123,700",27.7
ST00,WA,F,17,,E,0110,1,FO-03,F,XXXX,8,38,F,1,200209,1,"$61,025",14.5
ST00,11,I,21,,G,0110,1,FO-02,J,XXXX,8,38,F,1,200209,1,"$106,355",23.9
ST00,CH,D,13,,E,0110,1,FO-03,F,XXXX,8,38,F,1,200209,1,"$61,025",10.5
ST00,SZ,H,17,,H,0110,1,FO-01,J,XXXX,8,38,F,1,200209,1,"$107,357",28.1
ST00,BE,F,04,,F,0110,1,FO-02,G,XXXX,8,38,F,1,200209,1,"$77,572",18.5
ST00,BR,D,17,,C,0110,1,FP-03,E,XXXX,8,48,F,2,200209,1,"$55,847",4.5
ST00,GM,F,17,,D,0110,1,FO-03,F,XXXX,8,38,F,1,200209,1,"$61,025",8.7
ST00,BE,H,13,,F,0110,1,FO-01,I,XXXX,2,38,F,1,200209,1,"$95,733",19.0
ST00,IS,D,13,,E,0110,1,FO-02,G,XXXX,8,38,F,1,200209,1,"$73,119",10.1
ST00,PL,D,17,,D,0110,1,FO-03,F,XXXX,8,38,F,1,200209,1,"$62,856",8.9
ST00,11,E,17,14,A,0110,1,GS-14,H,XXXX,5,15,F,1,200209,1,"$88,699",0.1
ST00,SN,F,13,,F,0110,1,FO-02,I,XXXX,2,38,F,1,200209,1,"$92,625",16.1
ST00,AU,G,17,,F,0110,1,FO-02,H,XXXX,8,38,F,1,200209,1,"$87,308",18.7
ST00,BL,D,04,,D,0110,1,FP-04,E,XXXX,8,48,F,2,200209,1,"$57,324",8.2
ST00,PM,D,04,,C,0110,1,FP-04,D,XXXX,8,48,F,2,200209,1,"$45,252",3.2
ST00,11,D,04,,C,0110,1,FP-04,E,XXXX,8,48,F,2,200209,1,"$53,519",3.3
ST00,MX,C,17,,D,0110,1,FP-04,D,XXXX,8,48,F,2,200209,1,"$49,448",5.0
ST00,MX,F,15,,E,0110,1,FO-02,F,XXXX,8,38,F,1,200209,1,"$66,914",11.7
ST00,JA,C,17,,C,0110,1,FO-03,E,XXXX,8,38,F,1,200209,1,"$54,220",4.7
ST00,11,G,17,,G,0110,1,FO-01,J,XXXX,8,38,F,1,200209,1,"$106,723",21.6
ST00,JM,D,13,,C,0110,1,FP-05,D,XXXX,8,48,F,2,200209,1,"$43,782",3.9
ST00,SA,C,13,,A,0110,1,FP-06,C,XXXX,8,48,F,2,200209,1,"$39,141",0.3
ST00,IT,E,04,,C,0110,1,FP-04,E,XXXX,8,48,F,2,200209,1,"$54,033",3.4
ST00,11,I,17,14,I,0110,1,GM-14,J,XXXX,5,10,F,1,200209,1,"$101,742",32.9
ST00,BR,F,17,,F,0110,1,FO-02,F,XXXX,8,38,F,1,200209,1,"$68,921",17.0
ST00,ZA,C,04,,D,0110,1,FP-05,C,XXXX,8,48,F,2,200209,1,"$36,667",6.5
ST00,SZ,E,13,,E,0110,1,FO-02,G,XXXX,8,38,F,1,200209,1,"$79,899",14.7
ST00,CS,F,13,,E,0110,1,FO-02,H,XXXX,8,38,F,1,200209,1,"$84,765",11.9
ST00,IS,H,17,,F,0110,1,FO-02,H,XXXX,8,38,F,1,200209,1,"$82,296",17.2
ST00,RS,H,17,,G,0110,1,FO-01,J,XXXX,2,38,F,1,200209,1,"$101,563",23.0
ST00,11,C,04,,C,0110,1,FP-04,E,XXXX,8,48,F,2,200209,1,"$51,961",3.3
ST00,BE,E,17,,E,0110,1,FO-02,F,XXXX,8,38,F,1,200209,1,"$68,921",11.1
ST00,SZ,G,17,,F,0110,1,FO-02,H,XXXX,8,38,F,1,200209,1,"$87,308",16.8
ST00,EN,F,13,,E,0110,1,FO-02,G,XXXX,8,38,F,1,200209,1,"$75,312",14.3
ST00,AU,G,17,,F,0110,1,FO-01,J,XXXX,2,38,F,1,200209,1,"$107,357",18.7
ST00,BE,D,13,,D,0110,1,FP-04,D,XXXX,8,48,F,2,200209,1,"$48,008",6.3
ST00,AL,D,04,,C,0110,1,FP-04,D,XXXX,8,48,F,2,200209,1,"$48,008",3.4
ST00,CH,E,17,,E,0110,1,FO-02,G,XXXX,8,38,F,1,200209,1,"$75,312",14.3
ST00,GM,G,17,,G,0110,1,FE-OC,K,XXXX,2,38,F,1,200209,1,"$118,300",23.8
ST00,11,F,13,,F,0110,1,FO-02,J,XXXX,8,38,S,2,200209,1,"$100,251",17.1
ST00,GM,G,17,,F,0110,1,FO-02,H,XXXX,8,38,F,1,200209,1,"$82,296",15.4
ST00,NU,F,17,,E,0110,1,FO-03,F,XXXX,8,38,F,1,200209,1,"$66,684",11.1
ST00,GM,E,17,,E,0110,1,FO-02,G,XXXX,8,38,F,1,200209,1,"$79,899",13.5
ST00,11,H,17,,G,0110,1,FO-01,K,XXXX,2,38,F,1,200209,1,"$119,682",20.0
ST00,IC,F,17,,E,0110,1,FO-03,F,XXXX,8,38,F,1,200209,1,"$68,684",14.9
ST00,11,H,21,,G,0110,1,FO-01,K,XXXX,2,38,F,1,200209,1,"$119,682",23.0
ST00,HK,E,13,,F,0110,1,FO-03,G,XXXX,8,38,F,1,200209,1,"$70,745",16.4
ST00,ES,E,15,,C,0110,1,FO-04,D,XXXX,8,38,F,1,200209,1,"$46,610",4.2
ST00,IN,G,17,,G,0110,1,FO-02,G,XXXX,8,38,F,1,200209,1,"$70,989",20.9
ST00,11,E,17,,E,0110,1,FO-03,G,XXXX,8,38,F,1,200209,1,"$74,339",10.5
ST00,JA,H,17,,G,0110,1,FO-01,I,XXXX,2,38,F,1,200209,1,"$98,605",21.2
ST00,CA,F,15,,E,0110,1,FO-02,I,XXXX,2,38,F,1,200209,1,"$98,265",14.8
ST00,SN,E,13,,E,0110,1,FO-02,G,XXXX,8,38,F,1,200209,1,"$75,312",13.8
ST00,HA,D,17,,B,0110,1,FP-04,D,XXXX,8,48,F,2,200209,1,"$46,610",2.3
ST00,GY,D,17,,A,0110,1,FP-05,E,XXXX,8,48,F,2,200209,1,"$52,278",0.7
ST00,CI,E,15,,D,0110,1,FO-03,E,XXXX,8,38,F,1,200209,1,"$59,248",9.5
ST00,PE,D,04,,D,0110,1,FP-04,D,XXXX,8,48,F,2,200209,1,"$46,610",6.7
ST00,NU,C,13,,D,0110,1,FO-04,D,XXXX,8,38,F,1,200209,1,"$48,008",5.1
ST00,11,G,13,,E,0110,1,FO-03,G,XXXX,8,38,F,1,200209,1,"$74,339",10.7
ST00,SY,E,04,,E,0110,1,FO-03,F,XXXX,8,38,F,1,200209,1,"$62,856",13.3
ST00,GT,D,17,,D,0110,1,FO-03,E,XXXX,8,38,F,1,200209,1,"$59,248",8.5
ST00,KE,E,17,,F,0110,1,FO-01,I,XXXX,2,38,F,1,200209,1,"$92,945",16.0
ST00,11,I,13,14,H,0110,1,GM-14,J,XXXX,5,10,F,1,200209,1,"$101,742",29.2
ST00,TD,E,17,,C,0110,1,FO-03,E,XXXX,8,38,F,1,200209,1,"$54,220",4.7
ST00,RS,C,15,,B,0110,1,FP-05,D,XXXX,8,48,F,2,200209,1,"$42,507",1.2
ST00,EI,G,15,,F,0110,1,FO-02,H,XXXX,8,38,F,1,200209,1,"$87,308",17.2
ST00,11,G,20,,E,0110,1,FO-02,I,XXXX,8,38,F,1,200209,1,"$94,496",10.7
ST00,BE,F,13,,E,0110,1,FP-01,I,XXXX,2,48,F,2,200209,1,"$90,237",12.0
ST00,PM,C,13,,C,0110,1,FO-04,D,XXXX,8,38,F,1,200209,1,"$48,008",4.2
ST00,MY,F,17,,F,0110,1,FO-02,G,XXXX,2,38,F,1,200209,1,"$79,899",15.8
ST00,11,G,17,,F,0110,1,FO-03,G,XXXX,8,38,F,1,200209,1,"$78,867",15.3
ST00,VM,C,17,,C,0110,1,FO-04,D,XXXX,8,38,F,1,200209,1,"$49,448",4.2
ST00,FR,F,17,,E,0110,1,FO-02,F,XXXX,8,38,F,1,200209,1,"$68,921",11.3
ST00,MG,D,04,,D,0110,1,FP-04,F,XXXX,8,48,F,2,200209,1,"$60,815",6.0
ST00,RO,D,13,,B,0110,1,FP-05,D,XXXX,8,48,F,2,200209,1,"$42,507",2.3
ST00,11,E,13,,E,0110,1,FO-03,G,XXXX,8,38,F,1,200209,1,"$70,072",11.5
ST00,TH,E,17,,D,0110,1,FP-04,D,XXXX,8,48,F,2,200209,1,"$43,934",5.5
ST00,HO,D,13,,B,0110,1,FP-05,D,XXXX,8,48,F,2,200209,1,"$41,269",2.0
ST00,BK,I,17,,G,0110,1,FO-01,J,XXXX,2,38,F,1,200209,1,"$104,610",22.8
ST00,MX,I,17,,D,0110,1,FO-03,E,XXXX,8,38,F,1,200209,1,"$55,847",5.0
ST00,IT,G,17,,G,0110,1,FO-02,H,XXXX,2,38,F,1,200209,1,"$87,308",23.5
ST00,SZ,G,13,,G,0110,1,FO-02,G,XXXX,8,38,F,1,200209,1,"$73,119",22.7
ST00,IT,E,13,,E,0110,1,FO-02,F,XXXX,8,38,F,1,200209,1,"$66,914",14.3
ST00,TZ,E,15,,D,0110,1,FP-04,D,XXXX,8,48,F,2,200209,1,"$45,252",5.7
ST00,11,H,17,,F,0110,1,FO-02,J,XXXX,8,38,F,1,200209,1,"$103,258",18.3
ST00,CH,I,13,,E,0110,1,FO-03,F,XXXX,8,38,F,1,200209,1,"$62,856",14.3
ST00,JA,E,17,,E,0110,1,FO-03,G,XXXX,8,38,F,1,200209,1,"$72,867",13.1
ST00,11,H,17,,H,0110,1,FO-02,J,XXXX,8,38,F,1,200209,1,"$106,355",27.8
ST00,IS,G,04,,B,0110,1,FP-04,E,XXXX,8,48,F,2,200209,1,"$57,324",2.7
ST00,PK,G,17,,E,0110,1,FO-03,F,XXXX,8,38,F,1,200209,1,"$66,684",11.1
ST00,CB,I,13,,D,0110,1,FO-03,E,XXXX,8,38,F,1,200209,1,"$57,522",9.5
ST00,FR,F,17,,F,0110,1,FO-01,J,XXXX,8,38,F,1,200209,1,"$101,563",18.7
ST00,11,G,17,,G,0110,1,FO-02,I,XXXX,8,38,F,1,200209,1,"$97,331",22.5
ST00,11,G,17,14,E,0110,1,GS-14,I,XXXX,8,10,F,1,200209,1,"$93,916",13.5
ST00,UP,F,13,,F,0110,1,FO-02,H,XXXX,2,38,F,1,200209,1,"$87,308",17.4
ST00,DR,F,17,,E,0110,1,FO-03,F,XXXX,8,38,F,1,200209,1,"$61,025",11.3
ST00,11,F,15,,D,0110,1,FO-03,F,XXXX,8,38,F,1,200209,1,"$62,258",6.2
ST00,SG,G,13,,E,0110,1,FO-02,G,XXXX,8,38,F,1,200209,1,"$79,899",12.5
ST00,NL,G,13,,H,0110,1,FE-OC,K,XXXX,2,38,F,1,200209,1,"$118,300",25.8
ST00,HK,D,13,,E,0110,1,FO-03,F,XXXX,8,38,F,1,200209,1,"$61,025",11.5
ST00,11,F,13,,E,0110,1,FO-02,H,XXXX,8,38,F,1,200209,1,"$83,958",13.5
ST00,KU,E,17,,B,0110,1,FP-04,E,XXXX,8,48,F,2,200209,1,"$55,654",2.2
ST00,FI,H,13,,G,0110,1,FO-02,H,XXXX,8,38,F,1,200209,1,"$87,308",20.3
ST00,11,D,17,,E,0110,1,FO-03,G,XXXX,8,38,F,1,200209,1,"$70,072",10.3
ST00,EG,I,17,,G,0110,1,FO-02,H,XXXX,8,38,F,1,200209,1,"$87,308",24.9
ST00,11,F,17,,F,0110,1,FO-02,J,XXXX,2,38,F,1,200209,1,"$100,251",19.7
ST00,BK,I,17,,I,0110,1,FO-02,I,XXXX,2,38,F,1,200209,1,"$95,403",32.8
ST00,11,G,04,15,D,0110,1,GS-15,J,XXXX,8,10,F,1,200209,1,"$101,267",9.8
ST00,11,F,17,,E,0110,1,FO-02,G,XXXX,8,38,F,1,200209,1,"$74,596",11.3
ST00,HU,G,17,,E,0110,1,FO-02,H,XXXX,8,38,F,1,200209,1,"$87,308",14.7
ST00,HR,E,17,,E,0110,1,FO-03,F,XXXX,8,38,F,1,200209,1,"$68,684",12.7
ST00,BR,C,17,,B,0110,1,FP-04,D,XXXX,8,48,F,2,200209,1,"$45,252",2.5
ST00,PE,E,17,,D,0110,1,FO-03,F,XXXX,8,38,F,1,200209,1,"$62,856",7.9
ST00,11,G,17,,G,0110,1,FO-02,J,XXXX,8,38,F,1,200209,1,"$103,258",24.1
ST00,UY,F,17,,F,0110,1,FO-02,G,XXXX,8,38,F,1,200209,1,"$75,312",15.0
ST00,FR,F,17,,F,0110,1,FO-02,G,XXXX,8,38,F,1,200209,1,"$79,899",16.2
ST00,MX,D,17,,D,0110,1,FO-03,E,XXXX,8,38,F,1,200209,1,"$55,847",8.3
ST00,11,H,17,,F,0110,1,FO-01,K,XXXX,2,38,F,1,200209,1,"$119,682",18.9
ST00,11,G,15,,F,0110,1,FO-01,J,XXXX,2,38,F,1,200209,1,"$109,925",17.1
ST00,11,E,04,,D,0110,1,FP-04,E,XXXX,8,48,F,2,200209,1,"$55,125",7.4
ST00,IV,E,04,,D,0110,1,FP-04,D,XXXX,8,48,F,2,200209,1,"$43,934",7.9
ST00,EC,F,17,,F,0110,1,FO-01,I,XXXX,2,38,F,1,200209,1,"$95,733",17.1
ST00,AR,G,17,,G,0110,1,FE-OC,K,XXXX,2,38,F,1,200209,1,"$118,300",24.1
ST00,JA,D,04,,D,0110,1,FP-04,F,XXXX,8,48,F,2,200209,1,"$62,639",5.8
ST00,ID,F,04,,F,0110,1,FO-03,E,XXXX,8,38,F,1,200209,1,"$54,220",18.8
ST00,HU,F,17,,F,0110,1,FO-01,I,XXXX,2,38,F,1,200209,1,"$95,733",18.4
ST00,BG,C,04,,C,0110,1,FP-04,D,XXXX,8,48,F,2,200209,1,"$49,448",4.1
ST00,11,G,17,,E,0110,1,FO-03,G,XXXX,8,38,F,1,200209,1,"$70,072",10.0
ST00,ID,C,04,,C,0110,1,FP-04,E,XXXX,8,48,F,2,200209,1,"$52,459",3.3
ST00,VM,F,13,,E,0110,1,FO-02,H,XXXX,8,38,F,1,200209,1,"$89,927",13.6
ST00,JO,D,17,,D,0110,1,FO-03,E,XXXX,8,38,F,1,200209,1,"$57,522",7.3
ST00,EC,D,04,,C,0110,1,FP-05,C,XXXX,8,48,F,2,200209,1,"$37,767",4.6
ST00,11,E,17,,E,0110,1,FO-02,G,XXXX,8,38,F,1,200209,1,"$79,139",11.1
ST00,TS,C,13,,C,0110,1,FP-04,D,XXXX,8,48,F,2,200209,1,"$45,252",4.0
ST00,CH,C,04,,C,0110,1,FO-05,C,XXXX,8,38,F,1,200209,1,"$36,667",3.9
ST00,SA,D,04,,D,0110,1,FP-04,D,XXXX,8,48,F,2,200209,1,"$46,610",9.3
ST00,FI,H,15,,G,0110,1,FO-02,H,XXXX,8,38,F,1,200209,1,"$82,296",22.1
ST00,BE,E,13,,E,0110,1,FP-02,F,XXXX,8,38,F,1,200209,1,"$66,914",10.1
ST00,KS,I,17,,I,0110,1,FE-MC,M,XXXX,2,38,F,1,200209,1,"$130,000",33.5
ST00,TU,E,17,,D,0110,1,FO-03,E,XXXX,8,38,F,1,200209,1,"$59,248",9.9
ST00,11,F,17,,F,0110,1,FO-02,I,XXXX,8,38,P,2,200209,1,"$97,331",18.0
ST00,11,D,13,,D,0110,1,FO-03,F,XXXX,8,38,F,1,200209,1,"$68,031",9.9
ST00,BE,F,13,,G,0110,1,FO-01,J,XXXX,2,38,F,1,200209,1,"$104,610",20.1
ST00,FR,F,17,,F,0110,1,FO-02,G,XXXX,8,38,F,1,200209,1,"$77,572",17.1
ST00,UK,E,17,,E,0110,1,FO-02,G,XXXX,8,38,F,1,200209,1,"$77,572",14.0
ST00,AO,D,04,,B,0110,1,FP-04,D,XXXX,8,48,F,2,200209,1,"$45,252",2.7
ST00,LU,D,04,,D,0110,1,FP-04,F,XXXX,8,48,F,2,200209,1,"$64,519",5.5
ST00,VM,F,17,,F,0110,1,FO-01,I,XXXX,2,38,F,1,200209,1,"$90,237",17.4
ST00,ZA,F,17,,E,0110,1,FO-02,G,XXXX,8,38,F,1,200209,1,"$79,899",12.2
ST00,11,G,17,,E,0110,1,FP-03,G,XXXX,8,38,F,1,200209,1,"$70,072",12.0
ST00,GY,E,04,,B,0110,1,FP-04,D,XXXX,8,48,F,2,200209,1,"$45,252",2.7
ST00,MX,C,17,,C,0110,1,FP-04,D,XXXX,8,48,F,2,200209,1,"$46,610",3.2
ST00,LO,G,17,,D,0110,1,FO-03,E,XXXX,8,38,F,1,200209,1,"$55,847",7.3
ST00,ZI,F,21,,D,0110,1,FO-03,F,XXXX,8,38,F,1,200209,1,"$61,025",8.0
ST00,IN,F,13,,F,0110,1,FO-01,J,XXXX,2,38,F,1,200209,1,"$107,357",19.4
ST00,11,D,17,11,A,0110,1,GS-11,E,XXXX,8,10,F,1,200209,1,"$58,857",0.0
ST00,IT,H,17,,G,0110,1,FE-MC,L,XXXX,2,38,F,1,200209,1,"$129,800",21.9
ST00,11,H,21,15,H,0110,1,GM-15,K,XXXX,2,10,F,1,200209,1,"$119,682",25.1
ST00,11,F,17,14,F,0110,1,GS-14,I,XXXX,8,10,F,1,200209,1,"$93,916",17.6
ST00,PK,D,04,,B,0110,1,FP-04,D,XXXX,8,48,F,2,200209,1,"$48,008",2.7
ST00,11,G,13,,G,0110,1,FO-01,K,XXXX,8,38,F,1,200209,1,"$119,682",22.0
ST00,BR,D,04,,D,0110,1,FP-04,D,XXXX,8,48,F,2,200209,1,"$43,934",5.6
ST00,SY,D,13,,C,0110,1,FP-05,D,XXXX,8,48,F,2,200209,1,"$43,782",4.0
ST00,JA,G,13,,G,0110,1,FE-OC,K,XXXX,2,38,F,1,200209,1,"$118,300",21.7
ST00,HK,G,17,,F,0110,1,FO-02,H,XXXX,8,38,F,1,200209,1,"$87,308",17.1
ST00,11,F,17,,E,0110,1,FO-03,G,XXXX,8,38,F,1,200209,1,"$76,569",11.3
ST00,CO,E,04,,D,0110,1,FP-04,D,XXXX,8,48,F,2,200209,1,"$48,008",9.1
ST00,11,D,17,,D,0110,1,FO-03,F,XXXX,8,38,F,1,200209,1,"$62,258",7.7
ST00,GT,G,17,,G,0110,1,FO-01,J,XXXX,2,38,F,1,200209,1,"$104,610",23.0
ST00,11,G,17,,F,0110,1,FO-02,I,XXXX,8,38,F,1,200209,1,"$94,496",18.0
ST00,NL,E,17,,F,0110,1,FO-02,G,XXXX,8,38,F,1,200209,1,"$75,312",17.3
ST00,BR,H,17,,G,0110,1,FO-01,J,XXXX,2,38,F,1,200209,1,"$104,610",20.7
ST00,JA,G,17,,F,0110,1,FO-02,H,XXXX,8,38,F,1,200209,1,"$82,296",15.8
ST00,TU,F,17,,F,0110,1,FO-01,J,XXXX,2,38,F,1,200209,1,"$104,610",17.8
ST00,UY,D,04,,B,0110,1,FP-04,D,XXXX,8,48,F,2,200209,1,"$43,934",1.6
ST00,PM,I,09,,F,0110,1,FO-01,J,XXXX,2,38,F,1,200209,1,"$107,357",18.0
ST00,11,F,17,,D,0110,1,FO-03,F,XXXX,8,38,F,1,200209,1,"$66,050",7.5
ST00,RS,G,17,,E,0110,1,FO-02,H,XXXX,8,38,F,1,200209,1,"$84,765",13.6
ST00,11,J,17,14,H,0110,1,GS-14,J,XXXX,8,20,I,2,200209,1,"$101,742",26.8
ST00,NI,C,13,,C,0110,1,FP-05,C,XXXX,8,48,F,2,200209,1,"$36,667",3.4
ST00,CA,H,17,,G,0110,1,FO-01,J,XXXX,2,38,F,1,200209,1,"$107,357",24.6
ST00,FR,E,17,,E,0110,1,FO-02,F,XXXX,8,38,F,1,200209,1,"$68,921",11.7
ST00,TW,E,17,,E,0110,1,FP-04,D,XXXX,8,48,F,2,200209,1,"$46,610",11.8
ST00,11,K,04,15,J,0110,1,GS-15,K,XXXX,8,10,F,1,200209,1,"$119,682",40.2
ST00,11,H,13,,G,0110,1,FO-01,J,XXXX,8,38,F,1,200209,1,"$106,723",23.5
ST00,GR,H,13,,G,0110,1,FO-01,H,XXXX,8,38,F,1,200209,1,"$85,057",20.8
ST00,RS,E,13,,E,0110,1,FO-03,F,XXXX,8,38,F,1,200209,1,"$62,856",10.5
ST00,ES,H,04,,F,0110,1,FP-03,G,XXXX,8,48,F,2,200209,1,"$75,053",18.0
ST00,11,F,17,,F,0110,1,FO-01,J,XXXX,2,38,F,1,200209,1,"$103,615",17.5
ST00,11,H,17,14,G,0110,1,GM-14,J,XXXX,5,10,F,1,200209,1,"$101,742",24.3
ST00,11,G,17,13,F,0110,1,GM-13,H,XXXX,5,10,F,1,200209,1,"$83,888",17.5
ST00,FR,I,17,,F,0110,1,FO-02,I,XXXX,8,38,F,1,200209,1,"$98,265",18.8
ST00,CI,H,17,,H,0110,1,FO-01,J,XXXX,2,38,F,1,200209,1,"$107,357",28.4
ST00,MX,H,21,,F,0110,1,FO-02,H,XXXX,8,38,F,1,200209,1,"$87,308",15.3
ST00,RS,D,04,,C,0110,1,FP-04,D,XXXX,8,48,F,2,200209,1,"$48,008",3.4
ST00,LE,F,13,,E,0110,1,FO-03,F,XXXX,8,38,F,1,200209,1,"$68,684",13.3
ST00,ET,E,04,,G,0110,1,FP-05,C,XXXX,8,48,F,2,200209,1,"$37,767",20.3
ST00,GH,D,17,,A,0110,1,FP-05,D,XXXX,8,48,F,2,200209,1,"$45,096",0.3
ST00,11,D,17,,C,0110,1,FP-04,E,XXXX,8,48,F,2,200209,1,"$51,961",3.0
ST00,11,E,04,,C,0110,1,FP-04,E,XXXX,8,48,F,2,200209,1,"$50,447",3.3
ST00,GH,H,17,,G,0110,1,FO-01,H,XXXX,8,38,F,1,200209,1,"$87,609",20.9
ST00,LH,D,13,,D,0110,1,FO-04,D,XXXX,8,38,F,1,200209,1,"$45,252",7.8
ST00,CH,D,04,,D,0110,1,FP-04,D,XXXX,8,48,F,2,200209,1,"$45,252",8.3
ST00,AE,C,04,,C,0110,1,FP-05,C,XXXX,8,48,F,2,200209,1,"$36,667",3.9
SZ00,11,G,21,15,E,0110,1,GS-15,K,XXXX,2,15,F,1,200209,1,"$116,613",11.8
SZ00,11,I,21,14,F,0110,1,GS-14,J,XXXX,8,10,F,1,200209,1,"$101,742",18.2
SZ00,11,E,21,12,C,0110,1,GS-12,G,XXXX,8,10,F,1,200209,1,"$72,400",3.1
SZ00,11,G,21,14,E,0110,1,GS-14,J,XXXX,8,15,P,2,200209,1,"$101,742",14.5
SZ00,24,D,21,13,B,0110,1,GS-13,G,XXXX,8,15,F,1,200209,1,"$70,644",2.9
SZ00,24,G,18,15,G,0110,1,GS-15,K,XXXX,8,10,F,1,200209,1,"$116,613",24.3
SZ00,11,E,21,13,C,0110,1,GS-13,H,XXXX,8,10,F,1,200209,1,"$86,095",3.1
SZ00,11,H,21,15,E,0110,1,GS-15,K,XXXX,8,10,F,1,200209,1,"$116,613",14.3
SZ00,11,C,17,12,C,0110,1,GS-12,E,XXXX,8,10,F,1,200209,1,"$59,407",4.9
SZ00,11,D,14,12,E,0110,1,GS-12,G,XXXX,8,15,F,1,200209,1,"$70,543",10.3
SZ00,24,D,21,13,D,0110,1,GS-13,G,XXXX,8,10,F,1,200209,1,"$72,851",6.0
SZ00,24,C,17,13,C,0110,1,GS-13,F,XXXX,8,10,F,1,200209,1,"$66,229",4.0
SZ00,24,H,17,15,H,0110,1,GS-15,J,XXXX,7,10,F,1,200209,1,"$104,336",26.3
SZ00,11,K,21,15,J,0110,1,GS-15,K,XXXX,8,10,F,1,200209,1,"$119,682",37.8
SZ00,24,G,09,13,G,0110,1,GS-13,H,XXXX,8,10,F,1,200209,1,"$86,095",22.8
SZ00,11,D,21,13,B,0110,1,GS-13,G,XXXX,8,15,F,1,200209,1,"$70,644",2.1
SZ00,11,E,21,14,E,0110,1,GS-14,I,XXXX,8,10,F,1,200209,1,"$91,308",10.2
SZ00,11,F,21,13,D,0110,1,GS-13,G,XXXX,8,10,F,1,200209,1,"$79,473",9.1
SZ00,11,I,21,14,G,0110,1,GS-14,J,XXXX,8,10,F,1,200209,1,"$101,742",23.4
SZ00,11,D,21,14,D,0110,1,GS-14,H,XXXX,8,10,F,1,200209,1,"$86,090",5.2
SZ00,24,D,21,12,B,0110,1,GS-12,E,XXXX,8,15,F,1,200209,1,"$57,550",2.5
SZ00,11,E,18,13,C,0110,1,GS-13,G,XXXX,8,10,F,1,200209,1,"$72,851",4.1
SZ00,11,E,21,13,D,0110,1,GS-13,G,XXXX,8,15,F,1,200209,1,"$70,644",9.9
SZ00,11,D,21,13,B,0110,1,GS-13,G,XXXX,8,15,F,1,200209,1,"$70,644",2.0
SZ00,11,F,21,13,D,0110,1,GS-13,G,XXXX,8,10,F,1,200209,1,"$77,266",5.1
SZ00,24,J,21,14,I,0110,1,GS-14,J,XXXX,8,10,F,1,200209,1,"$101,742",30.2
SZ00,11,E,21,13,B,0110,1,GS-13,G,XXXX,8,15,F,1,200209,1,"$79,473",2.8
SZ00,24,D,13,13,D,0110,1,GS-13,G,XXXX,8,10,F,1,200209,1,"$70,644",8.9
SZ00,11,F,21,13,C,0110,1,GS-13,G,XXXX,8,10,F,1,200209,1,"$72,851",3.2
SZ00,11,E,21,13,C,0110,1,GS-13,G,XXXX,8,10,F,1,200209,1,"$72,851",3.3
SZ00,11,I,21,15,I,0110,1,GS-15,K,XXXX,8,10,F,1,200209,1,"$119,682",31.3
SZ00,11,H,13,15,H,0110,1,GS-15,K,XXXX,8,10,F,1,200209,1,"$110,474",25.6
SZ00,11,D,21,14,D,0110,1,GS-14,H,XXXX,8,10,F,1,200209,1,"$83,482",5.0
SZ00,11,F,21,14,C,0110,1,GS-14,I,XXXX,8,10,F,1,200209,1,"$93,916",3.8
SZ00,11,F,21,14,C,0110,1,GS-14,I,XXXX,8,10,F,1,200209,1,"$93,916",4.1
SZ00,24,D,18,13,C,0110,1,GS-13,F,XXXX,8,10,F,1,200209,1,"$66,229",4.2
TC00,11,G,21,,F,0110,1,ES-03,M,XXXX,2,50,F,1,200209,1,"$137,901",18.0
TC00,11,E,17,13,E,0110,1,GS-13,G,XXXX,8,10,F,1,200209,1,"$79,473",14.5
TC00,11,J,17,14,J,0110,1,GS-14,J,XXXX,8,10,F,1,200209,1,"$101,742",35.9
TC00,11,G,21,14,B,0110,1,GS-14,J,XXXX,8,15,F,1,200209,1,"$101,742",2.2
TC00,11,E,13,15,F,0110,1,GS-15,K,XXXX,2,10,F,1,200209,1,"$110,474",16.6
TC00,11,E,21,13,B,0110,1,GS-13,F,XXXX,8,15,F,1,200209,1,"$66,229",1.3
TC00,11,K,17,13,J,0110,1,GS-13,H,XXXX,8,10,F,1,200209,1,"$86,095",35.9
TC00,11,E,21,14,D,0110,1,GS-14,H,XXXX,8,10,F,1,200209,1,"$88,699",8.0
TC00,11,K,21,12,H,0110,1,GS-12,G,XXXX,8,10,F,1,200209,1,"$72,400",28.4
TC00,11,H,21,15,A,0110,1,GS-15,K,XXXX,8,40,P,2,200209,1,"$119,682",0.3
TC00,11,G,17,13,G,0110,1,GS-13,H,XXXX,8,10,F,1,200209,1,"$81,680",22.4
TC00,11,D,21,13,C,0110,1,GS-13,G,XXXX,8,10,F,1,200209,1,"$75,058",3.8
TC00,11,D,18,13,C,0110,1,GS-13,F,XXXX,8,15,F,1,200209,1,"$68,436",3.6
TC00,11,D,17,13,E,0110,1,GS-13,H,XXXX,8,15,P,2,200209,1,"$83,888",10.9
TC00,11,H,17,14,H,0110,1,GS-14,I,XXXX,8,10,F,1,200209,1,"$91,308",26.7
TC00,11,H,21,14,F,0110,1,GS-14,J,XXXX,8,10,F,1,200209,1,"$101,742",17.3
TC00,11,H,21,15,E,0110,1,GS-15,K,XXXX,2,10,F,1,200209,1,"$119,682",12.1
TC00,11,D,17,13,E,0110,1,GS-13,G,XXXX,8,15,F,1,200209,1,"$72,851",11.5
TC00,11,H,18,13,F,0110,1,GS-13,H,XXXX,8,10,F,1,200209,1,"$81,680",19.9
TC00,11,J,21,15,F,0110,1,GS-15,K,XXXX,8,10,F,1,200209,1,"$116,613",16.4
TC00,11,F,17,13,G,0110,1,GS-13,H,XXXX,8,10,F,1,200209,1,"$83,888",22.2
TC00,11,E,21,13,B,0110,1,GS-13,G,XXXX,8,15,F,1,200209,1,"$77,266",1.9
TC00,11,C,18,13,C,0110,1,GS-13,F,XXXX,8,10,F,1,200209,1,"$68,436",3.3
TC00,11,F,21,14,D,0110,1,GS-14,I,XXXX,8,10,F,1,200209,1,"$96,525",8.3
TC00,11,D,21,14,C,0110,1,GS-14,H,XXXX,8,10,F,1,200209,1,"$86,090",3.3
TC00,11,G,17,14,F,0110,1,GS-14,I,XXXX,8,10,F,1,200209,1,"$93,916",19.3
TC00,11,D,21,13,C,0110,1,GS-13,G,XXXX,8,10,F,1,200209,1,"$79,473",3.4
TC00,11,G,18,13,C,0110,1,GS-13,G,XXXX,8,10,F,1,200209,1,"$70,644",4.3
TC00,11,H,21,14,G,0110,1,GS-14,J,XXXX,8,10,F,1,200209,1,"$101,742",22.6
TC00,11,G,18,15,F,0110,1,GS-15,K,XXXX,2,10,F,1,200209,1,"$116,613",17.1
TC00,11,I,21,15,I,0110,1,GS-15,K,XXXX,8,10,F,1,200209,1,"$119,682",31.0
TC00,11,D,21,14,C,0110,1,GS-14,H,XXXX,8,10,F,1,200209,1,"$83,482",3.3
TC00,11,J,17,14,I,0110,1,GS-14,J,XXXX,8,10,F,1,200209,1,"$101,742",30.9
TC00,11,G,21,14,D,0110,1,GS-14,H,XXXX,8,10,F,1,200209,1,"$83,482",6.2
TC00,11,D,18,13,C,0110,1,GS-13,F,XXXX,8,15,F,1,200209,1,"$66,229",3.0
TC00,11,E,21,14,B,0110,1,GS-14,J,XXXX,8,15,F,1,200209,1,"$101,742",1.4
TC00,11,D,17,12,D,0110,1,GS-12,E,XXXX,8,15,F,1,200209,1,"$55,694",7.0
TC00,11,G,21,13,D,0110,1,GS-13,G,XXXX,8,10,F,1,200209,1,"$70,644",7.1
TC00,11,H,17,13,I,0110,1,GS-13,H,XXXX,8,10,F,1,200209,1,"$86,095",31.1
TC00,11,G,17,14,G,0110,1,GS-14,I,XXXX,8,10,F,1,200209,1,"$91,308",22.0
TD01,11,I,14,13,I,0110,1,GS-13,H,XXXX,8,10,F,1,200209,1,"$86,095",33.0
TD01,11,H,13,14,H,0110,1,GM-14,J,XXXX,5,10,F,1,200209,1,"$101,742",28.1
TD01,11,H,17,14,F,0110,1,GS-14,J,XXXX,8,10,F,1,200209,1,"$101,742",17.3
TD01,11,H,14,14,H,0110,1,GM-14,I,XXXX,5,10,F,1,200209,1,"$99,523",26.9
TD01,11,I,18,15,J,0110,1,GM-15,K,XXXX,2,10,F,1,200209,1,"$119,682",36.2
TD01,11,H,13,15,H,0110,1,GM-15,K,XXXX,2,10,F,1,200209,1,"$119,682",28.0
TD01,11,I,18,14,C,0110,1,GS-14,H,XXXX,8,15,F,1,200209,1,"$83,482",4.9
TD01,11,D,05,14,D,0110,1,GS-14,H,XXXX,8,30,P,2,200209,1,"$80,873",6.8
TD01,11,H,13,15,I,0110,1,GS-15,K,XXXX,8,10,F,1,200209,1,"$119,682",33.3
TD01,11,G,13,14,G,0110,1,GM-14,I,XXXX,5,10,F,1,200209,1,"$95,217",23.9
TD01,11,H,17,15,H,0110,1,GS-15,K,XXXX,8,10,F,1,200209,1,"$119,682",29.5
TD02,51,C,17,13,C,0110,1,GS-13,F,XXXX,8,10,F,1,200209,1,"$66,229",4.7
TD02,11,G,17,13,B,0110,1,GS-13,F,XXXX,8,15,F,1,200209,1,"$68,436",2.6
TD02,11,I,17,14,C,0110,1,GS-14,H,XXXX,8,10,F,1,200209,1,"$86,090",3.5
TD02,11,E,21,14,A,0110,1,GS-14,G,XXXX,8,15,F,1,200209,1,"$78,265",0.7
TD02,11,C,17,09,B,0110,1,GS-09,C,XXXX,8,15,F,1,200209,1,"$38,406",2.2
TD02,11,D,17,15,E,0110,1,GS-15,I,XXXX,2,10,F,1,200209,1,"$95,129",10.7
TD02,51,C,17,12,B,0110,1,GS-12,E,XXXX,8,15,F,1,200209,1,"$55,694",2.4
TD02,11,E,17,11,C,0110,1,GS-11,D,XXXX,8,15,F,1,200209,1,"$46,469",3.1
TD02,11,C,13,13,B,0110,1,GS-13,F,XXXX,8,15,F,1,200209,1,"$66,229",1.8
TD03,11,D,18,12,A,0110,1,FG-12,F,XXXX,8,38,F,1,200209,1,"$63,119",0.8
TD03,11,H,09,14,D,0110,1,FG-14,H,XXXX,8,38,F,1,200209,1,"$80,873",6.5
TD03,11,J,17,13,D,0110,1,FG-13,G,XXXX,8,38,F,1,200209,1,"$79,473",5.0
TD03,11,G,15,14,G,0110,1,FG-14,I,XXXX,8,38,F,1,200209,1,"$96,525",21.3
TD03,11,G,17,13,B,0110,1,FG-13,F,XXXX,8,38,F,1,200209,1,"$68,436",1.1
TD03,11,J,04,13,C,0110,1,FG-13,G,XXXX,8,38,F,1,200209,1,"$72,851",4.4
TD03,11,I,14,,I,0110,1,FV-KK,K,XXXX,2,38,F,1,200209,1,"$118,760",31.7
TD03,11,J,17,14,J,0110,1,FG-14,I,XXXX,8,38,F,1,200209,1,"$99,134",35.0
TD03,11,D,13,09,A,0110,1,FG-09,D,XXXX,8,38,F,1,200209,1,"$48,644",0.3
TD03,11,G,17,14,E,0110,1,FG-14,I,XXXX,8,38,F,1,200209,1,"$96,525",14.2
TD03,11,G,17,13,B,0110,1,FG-13,G,XXXX,8,38,F,1,200209,1,"$72,851",1.5
TD03,11,E,18,,A,0110,1,FV-GG,D,XXXX,8,38,F,1,200209,1,"$49,163",0.0
TD03,11,I,14,14,I,0110,1,FG-14,I,XXXX,8,38,F,1,200209,1,"$99,134",34.0
TD03,11,E,18,13,D,0110,1,FG-13,H,XXXX,8,38,F,1,200209,1,"$81,680",9.8
TD03,11,H,17,14,C,0110,1,FG-14,G,XXXX,8,38,F,1,200209,1,"$78,265",4.5
TD03,11,F,13,12,D,0110,1,FG-12,E,XXXX,8,38,F,1,200209,1,"$59,407",7.8
TD03,11,J,17,,H,0110,1,FV-KK,L,XXXX,2,38,F,1,200209,1,"$121,714",29.8
TD03,11,E,04,,B,0110,1,FV-JJ,I,XXXX,8,38,F,1,200209,1,"$91,618",2.9
TD03,11,H,17,14,G,0110,1,FG-14,I,XXXX,8,38,F,1,200209,1,"$99,134",24.9
TD03,11,D,17,,C,0110,1,FV-JJ,I,XXXX,8,38,F,1,200209,1,"$94,704",4.1
TD03,11,H,14,,I,0110,1,FV-KK,J,XXXX,8,38,F,1,200209,1,"$109,062",31.3
TD03,11,I,04,13,D,0110,1,FG-13,G,XXXX,8,38,F,1,200209,1,"$72,851",6.1
TD03,11,C,17,12,B,0110,1,FG-12,F,XXXX,8,38,F,1,200209,1,"$64,975",1.1
TD03,11,K,14,,J,0110,1,FV-KK,L,XXXX,2,38,F,1,200209,1,"$123,417",40.6
TD03,11,H,14,14,F,0110,1,FG-14,J,XXXX,8,38,F,1,200209,1,"$101,742",17.2
TD03,11,F,12,14,D,0110,1,FG-14,I,XXXX,8,38,F,1,200209,1,"$91,308",6.0
TD03,11,I,21,14,H,0110,1,FG-14,I,XXXX,8,38,F,1,200209,1,"$99,134",26.4
TD03,11,I,21,15,H,0110,1,FG-15,K,XXXX,8,38,F,1,200209,1,"$119,682",29.5
TD03,11,H,04,,D,0110,1,FV-KK,J,XXXX,2,38,F,1,200209,1,"$100,902",7.2
TD03,11,F,17,14,B,0110,1,FG-14,H,XXXX,8,38,F,1,200209,1,"$80,873",1.9
TD03,11,E,20,12,D,0110,1,FG-12,F,XXXX,8,38,I,2,200209,1,"$61,263",5.2
TD03,11,I,12,,H,0110,1,FV-KK,K,XXXX,2,38,F,1,200209,1,"$116,647",26.7
TD03,11,E,17,12,D,0110,1,FG-12,E,XXXX,8,38,F,1,200209,1,"$55,694",5.3
TD03,11,C,14,13,D,0110,1,FG-13,F,XXXX,8,38,F,1,200209,1,"$66,229",6.3
TD03,11,H,21,13,E,0110,1,FG-13,H,XXXX,8,38,F,1,200209,1,"$86,095",14.2
TD03,11,I,17,,A,0110,1,FV-KK,K,XXXX,8,38,F,1,200209,1,"$118,000",0.3
TD04,11,E,17,13,E,0110,1,GS-13,G,XXXX,8,10,P,2,200209,1,"$77,266",12.1
TD04,11,I,21,15,E,0110,1,GS-15,J,XXXX,5,10,F,1,200209,1,"$107,405",12.2
TD04,11,G,17,14,F,0110,1,GS-14,J,XXXX,5,10,F,1,200209,1,"$101,742",17.3
TD04,11,E,21,13,D,0110,1,GS-13,G,XXXX,8,10,P,2,200209,1,"$75,058",6.6
TD04,11,E,21,14,C,0110,1,GS-14,H,XXXX,5,15,F,1,200209,1,"$80,873",3.3
TD05,11,I,15,15,I,0110,1,GS-15,K,XXXX,8,10,F,1,200209,1,"$119,682",32.2
TD05,11,I,18,14,H,0110,1,GS-14,J,XXXX,8,10,F,1,200209,1,"$101,742",27.1
TD05,11,G,16,14,H,0110,1,GS-14,I,XXXX,8,10,F,1,200209,1,"$93,916",25.7
TD05,11,J,15,15,I,0110,1,GS-15,K,XXXX,8,10,F,1,200209,1,"$119,682",30.1
TD05,11,J,17,12,B,0110,1,GS-12,E,XXXX,8,15,F,1,200209,1,"$57,550",1.2
TD05,11,G,13,15,H,0110,1,GS-15,K,XXXX,2,10,F,1,200209,1,"$113,543",26.4
TD05,11,I,18,15,H,0110,1,GS-15,K,XXXX,8,10,F,1,200209,1,"$119,682",26.8
TD05,11,E,17,14,E,0110,1,GS-14,I,XXXX,8,10,F,1,200209,1,"$91,308",11.4
TD05,11,H,17,14,E,0110,1,GS-14,I,XXXX,8,10,F,1,200209,1,"$93,916",14.2
TD05,11,E,17,14,E,0110,1,GS-14,I,XXXX,8,10,F,1,200209,1,"$91,308",11.6
TD05,11,D,14,12,D,0110,1,GS-12,E,XXXX,8,10,F,1,200209,1,"$59,407",9.6
TD05,11,K,14,15,I,0110,1,GS-15,K,XXXX,8,10,F,1,200209,1,"$119,682",32.8
TD05,11,E,13,13,D,0110,1,GS-13,F,XXXX,8,10,F,1,200209,1,"$68,436",6.0
TD05,11,C,08,09,D,0110,1,GS-09,C,XXXX,8,10,F,1,200209,1,"$39,686",5.0
TD09,11,F,17,12,D,0110,1,GS-12,E,XXXX,8,10,F,1,200209,1,"$59,407",5.0
TD09,11,G,13,14,H,0110,1,GM-14,J,XXXX,5,10,F,1,200209,1,"$100,445",26.4
TD09,11,H,17,14,E,0110,1,GS-14,H,XXXX,8,15,F,1,200209,1,"$86,090",10.4
TD09,11,I,17,15,G,0110,1,GS-15,K,XXXX,8,10,F,1,200209,1,"$119,682",22.4
TD10,11,I,21,13,E,0110,1,GS-13,G,XXXX,8,10,F,1,200209,1,"$75,058",10.7
TD11,25,G,18,14,G,0110,1,GS-14,I,XXXX,8,10,F,1,200209,1,"$93,020",21.8
TD11,25,K,21,14,G,0110,1,GS-14,I,XXXX,8,10,F,1,200209,1,"$98,335",24.3
TD11,11,G,16,13,B,0110,1,GS-13,G,XXXX,8,15,F,1,200209,1,"$72,851",2.0
TD11,25,E,22,13,B,0110,1,GS-13,G,XXXX,8,15,F,1,200209,1,"$78,714",1.3
TD11,11,G,17,14,G,0110,1,GM-14,I,XXXX,5,10,F,1,200209,1,"$97,834",22.5
TD11,25,E,17,14,D,0110,1,GS-14,G,XXXX,8,10,F,1,200209,1,"$79,732",6.8
TD11,25,I,22,14,E,0110,1,GS-14,I,XXXX,8,10,F,1,200209,1,"$90,362",11.3
TD11,25,H,18,14,G,0110,1,GS-14,I,XXXX,8,10,F,1,200209,1,"$95,677",24.4
TD11,25,H,21,15,F,0110,1,GM-15,K,XXXX,5,10,F,1,200209,1,"$115,672",19.7
TD11,11,C,13,11,A,0110,1,GS-11,E,XXXX,8,15,F,1,200209,1,"$54,212",0.2
TD13,11,H,17,15,H,0110,1,GS-15,J,XXXX,2,10,F,1,200209,1,"$107,405",28.3
TD13,11,H,17,14,H,0110,1,GS-14,J,XXXX,8,10,F,1,200209,1,"$101,742",28.9
TD13,11,B,13,07,A,0110,1,GS-07,C,XXXX,8,15,F,1,200209,1,"$31,397",0.1
TD13,11,B,11,07,B,0110,1,GS-07,C,XXXX,8,42,P,2,200209,1,"$31,397",1.3
TD13,11,G,14,13,H,0110,1,GS-13,H,XXXX,8,10,F,1,200209,1,"$83,888",28.1
TD13,11,I,17,14,I,0110,1,GS-14,J,XXXX,8,10,F,1,200209,1,"$101,742",31.7
TD13,11,F,04,14,D,0110,1,GS-14,H,XXXX,8,10,F,1,200209,1,"$83,482",8.5
TD13,11,G,13,14,F,0110,1,GS-14,H,XXXX,8,10,F,1,200209,1,"$88,699",19.7
TD15,11,I,21,14,J,0110,1,GM-14,J,XXXX,5,10,F,1,200209,1,"$101,742",37.1
TD15,11,G,04,14,B,0110,1,GS-14,J,XXXX,8,15,F,1,200209,1,"$101,742",1.1
TD15,11,I,20,15,I,0110,1,GM-15,K,XXXX,2,10,F,1,200209,1,"$119,682",30.0
TD15,11,H,13,14,D,0110,1,GS-14,H,XXXX,8,10,F,1,200209,1,"$86,090",8.3
TD15,11,E,04,14,D,0110,1,GS-14,H,XXXX,8,10,F,1,200209,1,"$80,873",5.1
TD15,11,D,04,13,C,0110,1,GS-13,F,XXXX,8,10,P,2,200209,1,"$68,436",4.3
TD15,11,I,17,14,I,0110,1,GM-14,J,XXXX,5,10,F,1,200209,1,"$101,742",32.1
TD15,11,I,14,14,I,0110,1,GM-14,J,XXXX,5,10,F,1,200209,1,"$101,742",31.8
TD16,11,F,17,13,A,0110,1,GS-13,F,XXXX,8,15,F,1,200209,1,"$66,229",0.1
TD16,11,G,04,15,E,0110,1,GS-15,J,XXXX,8,38,F,1,200209,1,"$107,405",11.3
TD16,11,G,21,15,C,0110,1,GS-15,J,XXXX,8,10,F,1,200209,1,"$101,267",4.2
TD16,11,H,22,,G,0110,1,SL-00,M,XXXX,2,10,F,1,200209,1,"$133,440",22.8
TD16,11,D,18,14,D,0110,1,GS-14,H,XXXX,8,10,F,1,200209,1,"$83,482",9.2
TD17,11,F,17,14,E,0110,1,GS-14,H,XXXX,5,10,F,1,200209,1,"$88,699",14.8
TD17,11,E,17,14,D,0110,1,GS-14,H,XXXX,5,10,F,1,200209,1,"$83,482",9.8
TD19,11,D,17,,A,0110,1,SV-GG,D,XXXX,8,38,F,1,200209,1,"$42,790",0.1
TN00,11,H,17,15,G,0110,1,GS-15,K,XXXX,8,10,P,2,200209,1,"$110,474",22.1
TN00,11,D,17,13,E,0110,1,GS-13,G,XXXX,8,10,F,1,200209,1,"$70,644",10.3
TN00,11,I,19,,G,0110,1,ES-04,M,XXXX,2,50,F,1,200209,1,"$138,200",24.7
TN00,SZ,H,17,,H,0110,1,ES-03,L,XXXX,2,50,F,1,200209,1,"$123,700",26.8
TN00,11,G,17,,G,0110,1,ES-04,M,XXXX,2,50,F,1,200209,1,"$138,200",23.8
TN00,11,G,17,15,F,0110,1,GS-15,J,XXXX,8,10,F,1,200209,1,"$107,405",18.0
TN00,11,J,21,14,F,0110,1,GS-14,I,XXXX,8,10,F,1,200209,1,"$99,134",19.3
TN00,11,H,17,15,H,0110,1,GS-15,K,XXXX,2,10,F,1,200209,1,"$119,682",27.2
TN00,11,K,17,15,J,0110,1,GS-15,K,XXXX,4,10,F,1,200209,1,"$119,682",42.6
TN00,11,G,17,15,G,0110,1,GS-15,J,XXXX,8,10,F,1,200209,1,"$101,267",21.1
TN00,SZ,G,13,14,G,0110,1,GS-14,H,XXXX,8,38,F,1,200209,1,"$86,585",24.6
TN00,11,J,21,,I,0110,1,ES-06,M,XXXX,2,50,F,1,200209,1,"$138,200",32.3
TN00,11,J,17,,H,0110,1,ES-06,M,XXXX,2,50,F,1,200209,1,"$138,200",25.8
TN00,11,F,13,15,F,0110,1,GS-15,K,XXXX,8,10,F,1,200209,1,"$110,474",17.0
TN00,11,H,17,15,H,0110,1,GS-15,K,XXXX,8,10,F,1,200209,1,"$110,474",28.6
TN00,11,H,04,10,J,0119,3,GS-10,E,XXXX,8,10,F,1,200209,1,"$53,576",35.0
TN00,11,F,15,15,F,0110,1,GS-15,J,XXXX,8,10,F,1,200209,1,"$104,336",16.8
TN00,11,F,17,15,G,0110,1,GS-15,K,XXXX,8,10,F,1,200209,1,"$110,474",21.3
TN00,11,F,17,15,F,0110,1,GS-15,J,XXXX,8,10,F,1,200209,1,"$107,405",15.4
TN00,11,I,19,15,I,0110,1,GS-15,K,XXXX,4,10,F,1,200209,1,"$119,682",30.8
TN00,11,G,13,,G,0110,1,ES-04,M,XXXX,2,50,F,1,200209,1,"$138,200",21.8
TN00,11,G,17,15,H,0110,1,GS-15,K,XXXX,8,10,F,1,200209,1,"$113,543",25.0
TN00,11,H,17,15,I,0110,1,GS-15,K,XXXX,8,10,F,1,200209,1,"$110,474",30.2
TR35,11,G,21,,E,0110,1,TG-22,L,XXXX,8,10,F,1,200209,1,"$122,838",10.1
TR35,11,H,21,,F,0110,1,TG-23,M,XXXX,8,10,F,1,200209,1,"$139,123",19.5
TR35,11,H,21,,F,0110,1,TG-22,K,XXXX,8,10,F,1,200209,1,"$110,094",15.3
TR35,11,F,18,,E,0110,1,TG-20,J,XXXX,8,10,F,1,200209,1,"$100,320",13.5
TR35,11,F,21,,C,0110,1,TG-22,K,XXXX,8,15,F,1,200209,1,"$114,672",3.2
TR91,11,K,21,15,H,0110,1,GS-15,K,XXXX,2,10,F,1,200209,1,"$119,682",27.7
TR91,11,D,17,14,C,0110,1,GS-14,H,XXXX,8,10,F,1,200209,1,"$80,873",4.9
TR91,11,I,17,,I,0110,1,ES-04,M,XXXX,2,50,F,1,200209,1,"$138,200",31.3
TR91,11,I,17,,I,0110,1,ES-02,M,XXXX,2,50,F,1,200209,1,"$131,881",30.9
TR91,11,J,21,15,E,0110,1,GS-15,J,XXXX,8,10,F,1,200209,1,"$104,336",12.3
TR91,11,C,17,11,B,0110,1,GS-11,E,XXXX,8,40,F,2,200209,1,"$52,663",1.1
TR91,11,K,21,15,I,0110,1,GS-15,K,XXXX,8,10,F,1,200209,1,"$119,682",34.9
TR91,11,G,21,15,E,0110,1,GS-15,K,XXXX,8,10,F,1,200209,1,"$113,543",14.9
TR91,11,G,17,,C,0110,1,ES-01,L,XXXX,2,50,F,1,200209,1,"$125,972",4.1
TR91,11,D,17,14,C,0110,1,GS-14,G,XXXX,8,10,F,1,200209,1,"$78,265",4.8
TR91,11,I,22,,G,0110,1,ES-01,L,XXXX,2,50,F,1,200209,1,"$125,972",24.3
TR91,11,F,17,13,E,0110,1,GS-13,G,XXXX,8,10,F,1,200209,1,"$77,266",10.8
TR91,11,C,17,13,B,0110,1,GS-13,F,XXXX,8,40,F,2,200209,1,"$66,229",1.2
TR91,11,D,11,13,C,0110,1,GS-13,F,XXXX,8,10,F,1,200209,1,"$66,229",4.3
TR91,11,C,17,12,A,0110,1,GS-12,F,XXXX,8,15,F,1,200209,1,"$63,119",0.1
TR91,11,E,17,15,D,0110,1,GS-15,I,XXXX,8,10,F,1,200209,1,"$95,129",9.4
TR91,11,F,21,14,E,0110,1,GS-14,H,XXXX,8,10,F,1,200209,1,"$88,699",12.0
TR91,11,E,17,15,D,0110,1,GS-15,K,XXXX,8,10,F,1,200209,1,"$119,682",5.9
TR91,11,G,21,,F,0110,1,ES-03,M,XXXX,2,50,F,1,200209,1,"$137,901",19.0
TR91,11,E,21,15,E,0110,1,GS-15,K,XXXX,8,10,F,1,200209,1,"$119,682",10.8
TR91,11,J,14,14,H,0110,1,GS-14,I,XXXX,8,10,F,1,200209,1,"$96,525",25.1
TR91,11,G,21,14,E,0110,1,GS-14,J,XXXX,8,10,F,1,200209,1,"$101,742",13.3
TR91,11,D,21,15,D,0110,1,GS-15,I,XXXX,8,10,F,1,200209,1,"$98,198",5.1
TR91,11,I,21,15,I,0110,1,GM-15,K,XXXX,5,10,F,1,200209,1,"$119,682",31.5
TR91,11,F,17,14,D,0110,1,GS-14,H,XXXX,8,15,P,2,200209,1,"$88,699",6.1
TR91,11,D,21,13,B,0110,1,GS-13,G,XXXX,8,40,F,2,200209,1,"$79,473",2.3
TR91,11,C,13,12,B,0110,1,GS-12,E,XXXX,8,15,F,1,200209,1,"$55,694",2.0
TR91,11,D,21,15,C,0110,1,GS-15,I,XXXX,8,10,F,1,200209,1,"$92,060",4.0
TR91,11,E,17,13,D,0110,1,GS-13,G,XXXX,8,10,F,1,200209,1,"$72,851",7.2
TR91,IT,E,17,15,D,0110,1,GS-15,I,XXXX,8,10,F,1,200209,1,"$90,839",7.2
TR91,11,F,21,15,E,0110,1,GS-15,J,XXXX,8,10,F,1,200209,1,"$107,405",12.3
TR91,11,E,13,15,D,0110,1,GS-15,I,XXXX,8,10,F,1,200209,1,"$92,060",8.7
TR91,11,D,17,13,D,0110,1,GS-13,G,XXXX,8,15,F,1,200209,1,"$72,851",7.1
TR91,11,I,17,14,I,0110,1,GS-14,I,XXXX,8,10,F,1,200209,1,"$99,134",33.3
TR91,11,I,21,,G,0110,1,SL-00,L,XXXX,8,10,F,1,200209,1,"$125,972",24.9
TR91,11,H,17,15,I,0110,1,GS-15,K,XXXX,8,10,F,1,200209,1,"$116,613",31.3
TR91,11,I,21,,H,0110,1,ES-04,M,XXXX,2,50,F,1,200209,1,"$138,200",29.3
TR91,11,I,21,15,H,0110,1,GS-15,K,XXXX,8,10,F,1,200209,1,"$119,682",27.7
TR91,11,D,17,14,C,0110,1,GS-14,H,XXXX,8,48,F,2,200209,1,"$83,482",3.1
TR91,11,C,17,13,A,0110,1,GS-13,G,XXXX,8,15,F,1,200209,1,"$75,058",0.1
TR91,11,D,17,12,C,0110,1,GS-12,E,XXXX,8,40,F,2,200209,1,"$57,550",3.3
TR91,11,H,17,,E,0110,1,ES-04,M,XXXX,2,50,F,1,200209,1,"$138,200",13.9
TR91,11,H,17,15,H,0110,1,GS-15,K,XXXX,8,10,F,1,200209,1,"$110,474",25.7
TR91,11,I,14,15,I,0110,1,GS-15,K,XXXX,8,10,F,1,200209,1,"$113,543",33.2
TR91,11,E,14,14,E,0110,1,GS-14,H,XXXX,8,10,F,1,200209,1,"$86,090",14.1
TR91,11,F,21,15,D,0110,1,GS-15,K,XXXX,8,10,F,1,200209,1,"$119,682",9.3
TR91,11,G,17,13,G,0110,1,GS-13,H,XXXX,8,10,F,1,200209,1,"$81,680",23.9
TR91,11,J,18,15,H,0110,1,GS-15,K,XXXX,8,10,F,1,200209,1,"$119,682",28.6
TR91,11,H,17,15,H,0110,1,GS-15,K,XXXX,8,10,F,1,200209,1,"$119,682",28.0
TR91,GM,D,17,13,D,0110,1,GS-13,F,XXXX,8,10,F,1,200209,1,"$63,369",5.8
TR91,11,E,21,12,A,0110,1,GS-12,G,XXXX,8,15,F,1,200209,1,"$72,400",0.3
TR91,11,F,21,14,B,0110,1,GS-14,H,XXXX,8,15,F,1,200209,1,"$83,482",2.1
TR91,11,D,17,15,D,0110,1,GS-15,I,XXXX,8,10,F,1,200209,1,"$98,198",8.3
TR91,11,E,21,15,D,0110,1,GS-15,J,XXXX,8,15,F,1,200209,1,"$107,405",6.0
TR91,11,H,21,13,F,0110,1,GS-13,G,XXXX,8,10,F,1,200209,1,"$79,473",17.2
TR91,11,D,21,15,C,0110,1,GS-15,I,XXXX,8,10,F,1,200209,1,"$92,060",4.0
TR91,11,G,17,15,E,0110,1,GS-15,J,XXXX,8,10,F,1,200209,1,"$101,267",12.7
TR91,11,F,21,13,F,0110,1,GS-13,G,XXXX,8,10,F,1,200209,1,"$79,473",15.8
TR91,IV,D,17,13,D,0110,1,GS-13,F,XXXX,8,10,F,1,200209,1,"$63,369",5.6
TR91,11,J,17,14,J,0110,1,GM-14,J,XXXX,4,10,F,1,200209,1,"$101,742",37.3
TR91,11,D,21,14,B,0110,1,GS-14,H,XXXX,8,15,F,1,200209,1,"$88,699",2.1
TR91,11,H,18,15,G,0110,1,GS-15,K,XXXX,8,10,F,1,200209,1,"$119,682",24.2
TR91,11,F,17,13,E,0110,1,GS-13,G,XXXX,8,10,F,1,200209,1,"$79,473",13.2
TR91,11,G,21,,G,0110,1,ES-03,M,XXXX,2,50,F,1,200209,1,"$137,901",21.7
TR91,11,F,21,15,D,0110,1,GS-15,J,XXXX,8,10,F,1,200209,1,"$101,267",7.4
TR91,11,C,13,13,B,0110,1,GS-13,F,XXXX,8,40,F,2,200209,1,"$68,436",2.0
TR91,11,F,17,14,F,0110,1,GS-14,I,XXXX,8,10,F,1,200209,1,"$91,308",15.5
TR91,11,G,13,15,H,0110,1,GS-15,J,XXXX,2,10,F,1,200209,1,"$104,336",25.2
TR91,11,J,17,,J,0110,1,ES-01,L,XXXX,2,50,F,1,200209,1,"$125,972",37.3
TR91,11,H,18,15,G,0110,1,GS-15,K,XXXX,2,10,F,1,200209,1,"$119,682",24.5
TR91,11,G,21,15,F,0110,1,GS-15,K,XXXX,8,10,F,1,200209,1,"$110,474",18.3
TR91,11,G,21,15,D,0110,1,GS-15,J,XXXX,8,10,F,1,200209,1,"$107,405",9.4
TR91,11,J,21,14,E,0110,1,GS-14,I,XXXX,8,10,F,1,200209,1,"$91,308",14.8
TR91,11,E,17,13,E,0110,1,GS-13,G,XXXX,8,10,F,1,200209,1,"$77,266",11.4
TR91,11,J,18,13,J,0110,1,GS-13,H,XXXX,8,10,F,1,200209,1,"$86,095",38.4
TR91,11,E,17,14,E,0110,1,GS-14,H,XXXX,8,10,F,1,200209,1,"$86,090",10.9
TR91,11,B,13,09,B,0110,1,GS-09,C,XXXX,8,15,F,1,200209,1,"$38,406",1.3
TR91,11,F,13,13,E,0110,1,GS-13,G,XXXX,8,10,F,1,200209,1,"$72,851",14.4
TR91,11,D,13,12,A,0110,1,GS-12,G,XXXX,8,15,F,1,200209,1,"$72,400",0.7
TR91,11,I,17,,H,0110,1,SL-00,M,XXXX,8,10,F,1,200209,1,"$138,200",29.3
TR91,11,G,17,15,H,0110,1,GS-15,K,XXXX,8,10,F,1,200209,1,"$119,682",27.0
TR91,11,G,17,14,F,0110,1,GS-14,I,XXXX,8,10,F,1,200209,1,"$96,525",19.3
TR91,11,G,13,14,G,0110,1,GS-14,I,XXXX,8,10,F,1,200209,1,"$96,525",23.3
TR91,11,G,21,15,G,0110,1,GS-15,K,XXXX,2,10,F,1,200209,1,"$119,682",21.8
TR91,11,F,13,15,E,0110,1,GS-15,I,XXXX,8,10,F,1,200209,1,"$95,129",13.9
TR91,11,E,21,15,E,0110,1,GS-15,J,XXXX,8,10,F,1,200209,1,"$101,267",11.0
TR91,11,H,17,,H,0110,1,ES-02,M,XXXX,2,50,F,1,200209,1,"$131,881",26.6
TR91,11,D,17,15,D,0110,1,GS-15,I,XXXX,8,10,F,1,200209,1,"$92,060",8.6
TR91,11,H,17,15,F,0110,1,GS-15,J,XXXX,2,10,F,1,200209,1,"$104,336",19.3
TR91,11,C,17,11,A,0110,1,GS-11,D,XXXX,8,40,F,2,200209,1,"$46,469",0.0
TR91,11,F,17,,E,0110,1,ES-02,M,XXXX,2,50,F,1,200209,1,"$131,881",12.9
TR91,11,F,13,14,B,0110,1,GS-14,H,XXXX,8,40,F,2,200209,1,"$88,699",2.5
TR91,11,B,13,09,B,0110,1,GS-09,C,XXXX,8,15,F,1,200209,1,"$38,406",1.5
TR91,11,J,17,,J,0110,1,ES-01,L,XXXX,2,50,F,1,200209,1,"$125,972",41.9
TR91,11,I,21,15,B,0110,1,GS-15,J,XXXX,8,40,F,2,200209,1,"$107,405",1.3
TR91,11,D,17,14,B,0110,1,GS-14,J,XXXX,8,40,F,2,200209,1,"$101,742",1.2
TR91,11,F,17,14,E,0110,1,GS-14,H,XXXX,8,10,F,1,200209,1,"$88,699",11.4
TR91,11,E,13,13,E,0110,1,GS-13,F,XXXX,8,10,F,1,200209,1,"$68,436",10.7
TR91,11,I,14,14,I,0110,1,GS-14,J,XXXX,8,10,F,1,200209,1,"$101,742",34.9
TR91,11,D,17,15,E,0110,1,GS-15,J,XXXX,8,10,F,1,200209,1,"$101,267",10.2
TR91,11,J,17,15,G,0110,1,GS-15,K,XXXX,8,10,F,1,200209,1,"$113,543",24.4
TR91,11,D,21,15,D,0110,1,GS-15,I,XXXX,8,10,F,1,200209,1,"$95,129",5.0
TR91,11,F,13,15,E,0110,1,GS-15,J,XXXX,2,10,F,1,200209,1,"$101,267",10.3
TR91,11,B,17,11,B,0110,1,GS-11,D,XXXX,8,15,F,1,200209,1,"$46,469",1.0
TR91,11,G,13,15,H,0110,1,GS-15,K,XXXX,8,10,F,1,200209,1,"$110,474",25.8
TR91,11,D,04,11,B,0110,1,GS-11,D,XXXX,8,30,F,1,200209,1,"$46,469",2.1
TR91,11,E,17,,D,0110,1,ES-01,L,XXXX,2,50,F,1,200209,1,"$125,972",6.6
TR91,11,G,14,15,H,0110,1,GS-15,J,XXXX,8,10,F,1,200209,1,"$104,336",25.3
TR91,11,H,21,15,E,0110,1,GS-15,J,XXXX,8,10,F,1,200209,1,"$107,405",12.6
TR91,11,F,21,,F,0110,1,ES-03,M,XXXX,2,50,F,1,200209,1,"$137,901",16.3
TR91,11,I,21,14,H,0110,1,GS-14,J,XXXX,8,10,F,1,200209,1,"$101,742",27.0
TR91,11,D,13,15,D,0110,1,GS-15,I,XXXX,2,10,F,1,200209,1,"$92,060",7.6
TR91,11,G,14,15,F,0110,1,GS-15,J,XXXX,2,10,F,1,200209,1,"$107,405",19.3
TR91,11,H,18,15,G,0110,1,GS-15,K,XXXX,2,10,F,1,200209,1,"$119,682",22.2
TR91,11,J,21,15,G,0110,1,GS-15,K,XXXX,8,10,F,1,200209,1,"$119,682",20.2
TR91,11,G,21,15,G,0110,1,GS-15,K,XXXX,8,10,F,1,200209,1,"$113,543",21.8
TR91,11,E,18,15,D,0110,1,GS-15,I,XXXX,8,40,F,2,200209,1,"$98,198",5.4
TR91,11,E,17,15,D,0110,1,GS-15,I,XXXX,8,10,F,1,200209,1,"$92,060",8.2
TR91,IV,G,18,14,E,0110,1,GS-14,H,XXXX,8,10,F,1,200209,1,"$84,245",11.4
TR91,11,E,21,15,D,0110,1,GS-15,I,XXXX,8,10,F,1,200209,1,"$92,060",5.8
TR91,JA,D,17,13,C,0110,1,GS-13,F,XXXX,2,15,F,1,200209,1,"$61,389",4.3
TR91,11,G,17,,G,0110,1,ES-03,M,XXXX,2,50,F,1,200209,1,"$137,901",24.3
TR91,11,G,17,15,F,0110,1,GS-15,J,XXXX,8,10,F,1,200209,1,"$107,405",17.5
TR91,11,G,13,15,H,0110,1,GM-15,K,XXXX,5,10,F,1,200209,1,"$113,543",26.2
TR91,11,F,21,15,E,0110,1,GS-15,I,XXXX,8,10,F,1,200209,1,"$95,129",11.1
TR91,11,I,17,,I,0110,1,ES-02,M,XXXX,2,50,F,1,200209,1,"$131,881",31.3
TR91,11,H,21,15,G,0110,1,GS-15,K,XXXX,8,10,P,2,200209,1,"$119,682",22.5
TR91,11,E,21,,C,0110,1,ES-01,L,XXXX,2,55,F,1,200209,1,"$125,972",4.4
TR91,11,F,21,15,E,0110,1,GS-15,J,XXXX,8,15,F,1,200209,1,"$101,267",12.0
TR91,11,B,17,09,A,0110,1,GS-09,C,XXXX,8,40,F,2,200209,1,"$38,406",0.2
TR91,11,I,21,,H,0110,1,ES-04,M,XXXX,2,50,F,1,200209,1,"$138,200",28.1
TR91,11,D,17,12,D,0110,1,GS-12,E,XXXX,8,15,F,1,200209,1,"$55,694",7.0
TR91,11,C,17,11,B,0110,1,GS-11,D,XXXX,8,15,F,1,200209,1,"$46,469",1.9
TR91,11,D,17,12,A,0110,1,GS-12,G,XXXX,8,15,F,1,200209,1,"$72,400",0.0
TR91,11,F,17,15,F,0110,1,GS-15,K,XXXX,8,10,F,1,200209,1,"$110,474",18.3
TR91,11,D,16,14,D,0110,1,GS-14,H,XXXX,8,15,F,1,200209,1,"$80,873",5.4
TR91,11,D,17,14,B,0110,1,GS-14,I,XXXX,8,48,F,2,200209,1,"$91,308",2.8
TR91,11,F,22,,D,0110,1,ES-03,M,XXXX,2,55,F,1,200209,1,"$137,901",5.3
TR91,11,G,21,15,G,0110,1,GS-15,K,XXXX,8,10,F,1,200209,1,"$119,682",20.3
TR91,11,G,17,15,G,0110,1,GS-15,K,XXXX,8,10,F,1,200209,1,"$116,613",20.3
TR91,11,F,21,,E,0110,1,ES-02,M,XXXX,2,55,F,1,200209,1,"$131,881",11.5
TR91,11,C,17,13,B,0110,1,GS-13,F,XXXX,8,15,F,1,200209,1,"$66,229",2.1
TR91,11,D,17,13,C,0110,1,GS-13,F,XXXX,8,15,F,1,200209,1,"$66,229",3.3
TR91,11,I,17,14,I,0110,1,GS-14,J,XXXX,8,10,F,1,200209,1,"$101,742",30.1
TR91,11,H,17,13,F,0110,1,GS-13,H,XXXX,8,10,F,1,200209,1,"$81,680",18.5
TR91,11,G,21,15,G,0110,1,GS-15,K,XXXX,8,10,F,1,200209,1,"$119,682",21.8
TR91,11,E,18,15,F,0110,1,GS-15,J,XXXX,8,10,F,1,200209,1,"$101,267",15.3
TR91,11,E,21,14,C,0110,1,GS-14,G,XXXX,8,10,F,1,200209,1,"$78,265",3.1
TR91,11,E,17,12,C,0110,1,GS-12,E,XXXX,8,15,F,1,200209,1,"$55,694",3.0
TR91,11,C,17,12,B,0110,1,GS-12,E,XXXX,8,15,F,1,200209,1,"$55,694",2.8
TR91,11,G,17,13,F,0110,1,GS-13,G,XXXX,8,10,F,1,200209,1,"$79,473",18.8
TR91,11,D,17,13,D,0110,1,GS-13,F,XXXX,8,15,F,1,200209,1,"$66,229",6.0
TR91,11,I,21,15,F,0110,1,GS-15,K,XXXX,8,10,F,1,200209,1,"$119,682",16.1
TR91,11,G,21,15,D,0110,1,GS-15,J,XXXX,8,10,F,1,200209,1,"$104,336",8.1
TR91,11,G,17,14,H,0110,1,GS-14,I,XXXX,8,10,F,1,200209,1,"$96,525",25.0
TR91,11,C,17,09,A,0110,1,GS-09,C,XXXX,8,30,F,1,200209,1,"$38,406",0.2
TR91,11,D,17,14,D,0110,1,GS-14,H,XXXX,2,10,F,1,200209,1,"$83,482",7.6
TR91,11,H,21,13,E,0110,1,GS-13,F,XXXX,8,10,F,1,200209,1,"$68,436",13.7
TR91,11,I,18,,I,0110,1,ES-04,M,XXXX,2,50,F,1,200209,1,"$138,200",33.8
TR91,11,G,17,,G,0110,1,ES-03,M,XXXX,2,50,F,1,200209,1,"$137,901",20.1
TR91,11,H,21,14,E,0110,1,GS-14,I,XXXX,8,10,F,1,200209,1,"$99,134",14.5
TR91,11,G,17,15,F,0110,1,GS-15,J,XXXX,8,10,F,1,200209,1,"$104,336",19.3
TR91,11,I,17,15,I,0110,1,GS-15,K,XXXX,8,10,F,1,200209,1,"$119,682",34.3
TR91,11,E,13,15,E,0110,1,GS-15,J,XXXX,8,10,F,1,200209,1,"$101,267",13.3
TR91,11,B,13,07,B,0110,1,GS-07,C,XXXX,8,40,F,2,200209,1,"$38,725",1.2
TR91,11,C,17,12,A,0110,1,GS-12,G,XXXX,8,15,F,1,200209,1,"$72,400",0.2
TR91,11,C,17,14,C,0110,1,GS-14,H,XXXX,8,10,F,1,200209,1,"$83,482",3.1
TR91,27,F,17,14,F,0110,1,GS-14,I,XXXX,8,10,P,2,200209,1,"$93,984",17.7
TR91,11,E,17,15,D,0110,1,GS-15,I,XXXX,2,15,F,1,200209,1,"$98,198",8.7
TR91,11,C,17,13,C,0110,1,GS-13,G,XXXX,8,40,F,2,200209,1,"$70,644",3.0
TR91,11,F,21,15,D,0110,1,GS-15,K,XXXX,8,10,F,1,200209,1,"$119,682",9.3
TR91,11,I,17,15,F,0110,1,GS-15,K,XXXX,2,10,F,1,200209,1,"$119,682",15.0
TR91,11,D,21,14,C,0110,1,GS-14,G,XXXX,8,10,F,1,200209,1,"$78,265",3.0
TR91,11,I,17,15,I,0110,1,GM-15,K,XXXX,2,10,F,1,200209,1,"$119,682",32.3
TR91,11,G,17,13,E,0110,1,GS-13,H,XXXX,8,10,P,2,200209,1,"$86,095",10.0
TR91,11,E,18,14,D,0110,1,GS-14,J,XXXX,8,10,F,1,200209,1,"$101,742",7.0
TR91,11,F,21,14,F,0110,1,GS-14,I,XXXX,8,10,F,1,200209,1,"$96,525",17.3
TR91,11,D,13,12,B,0110,1,GS-12,E,XXXX,8,38,F,1,200209,1,"$55,694",2.1
TR91,11,D,21,13,B,0110,1,GS-13,F,XXXX,8,15,F,1,200209,1,"$66,229",2.0
TR91,11,G,21,15,F,0110,1,GS-15,K,XXXX,8,10,F,1,200209,1,"$119,682",17.0
TR91,11,D,17,13,D,0110,1,GS-13,F,XXXX,8,15,F,1,200209,1,"$66,229",5.2
TR91,11,E,21,15,F,0110,1,GS-15,J,XXXX,8,10,F,1,200209,1,"$104,336",15.9
TR91,11,E,17,15,E,0110,1,GS-15,I,XXXX,8,10,F,1,200209,1,"$92,060",11.3
TR91,11,J,14,15,H,0110,1,GS-15,K,XXXX,8,10,F,1,200209,1,"$119,682",28.0
TR91,11,F,21,12,B,0110,1,GS-12,G,XXXX,8,40,F,2,200209,1,"$72,400",1.0
TR91,11,C,13,09,A,0110,1,GS-09,C,XXXX,8,30,F,1,200209,1,"$38,406",0.1
TR91,11,D,01,12,C,0110,1,GS-12,E,XXXX,8,30,F,1,200209,1,"$55,694",3.9
TR91,11,E,17,14,E,0110,1,GS-14,H,XXXX,8,10,P,2,200209,1,"$88,699",11.0
TR91,11,D,17,13,C,0110,1,GS-13,F,XXXX,8,10,F,1,200209,1,"$66,229",3.1
TR91,11,D,17,13,B,0110,1,GS-13,G,XXXX,8,15,F,1,200209,1,"$70,644",2.8
TR91,11,D,21,14,C,0110,1,GS-14,G,XXXX,8,40,F,2,200209,1,"$78,265",3.1
TR91,11,G,21,15,E,0110,1,GS-15,K,XXXX,8,15,F,1,200209,1,"$119,682",11.1
TR91,11,D,21,13,B,0110,1,GS-13,G,XXXX,8,40,F,2,200209,1,"$70,644",2.6
TR91,11,I,21,15,I,0110,1,GS-15,K,XXXX,8,10,F,1,200209,1,"$119,682",30.8
TR91,11,G,18,15,F,0110,1,GS-15,J,XXXX,8,10,F,1,200209,1,"$101,267",19.1
TR91,11,H,17,15,I,0110,1,GS-15,K,XXXX,8,10,F,1,200209,1,"$116,613",31.0
TR91,11,D,21,15,D,0110,1,GS-15,I,XXXX,8,10,F,1,200209,1,"$95,129",6.1
TR91,11,E,17,14,A,0110,1,GS-14,H,XXXX,8,15,F,1,200209,1,"$83,482",0.2
TR91,11,H,19,15,G,0110,1,GS-15,K,XXXX,8,10,F,1,200209,1,"$119,682",22.3
TR91,11,J,21,15,H,0110,1,GS-15,K,XXXX,8,10,F,1,200209,1,"$119,682",27.3
TR91,11,E,21,14,D,0110,1,GS-14,I,XXXX,2,15,F,1,200209,1,"$91,308",7.6
TR91,11,H,17,,H,0110,1,ES-03,M,XXXX,2,50,F,1,200209,1,"$137,901",25.1
TR91,11,J,17,14,I,0110,1,GS-14,J,XXXX,8,10,F,1,200209,1,"$101,742",33.8
TR91,11,G,18,15,F,0110,1,GS-15,K,XXXX,8,10,F,1,200209,1,"$113,543",17.0
TR91,11,C,17,12,B,0110,1,GS-12,E,XXXX,8,15,F,1,200209,1,"$55,694",2.0
TR91,11,C,17,12,B,0110,1,GS-12,E,XXXX,8,15,F,1,200209,1,"$55,694",2.3
TR91,11,K,21,15,H,0110,1,GS-15,K,XXXX,8,10,F,1,200209,1,"$113,543",26.3
TR91,11,H,17,15,H,0110,1,GS-15,K,XXXX,8,10,F,1,200209,1,"$110,474",25.2
TR91,11,I,17,15,I,0110,1,GS-15,K,XXXX,8,10,F,1,200209,1,"$119,682",31.6
TR91,11,E,17,,E,0110,1,ES-01,L,XXXX,2,50,F,1,200209,1,"$125,972",13.1
TR91,11,F,17,15,F,0110,1,GS-15,K,XXXX,8,10,F,1,200209,1,"$110,474",18.8
TR91,11,E,21,14,C,0110,1,GS-14,H,XXXX,8,15,F,1,200209,1,"$80,873",3.2
TR91,11,G,21,15,F,0110,1,GS-15,K,XXXX,8,10,F,1,200209,1,"$113,543",17.0
TR91,11,C,17,13,B,0110,1,GS-13,F,XXXX,8,15,F,1,200209,1,"$66,229",2.3
TR91,11,G,17,14,E,0110,1,GS-14,I,XXXX,8,10,F,1,200209,1,"$96,525",12.8
TR91,11,E,13,11,E,0110,1,GS-11,E,XXXX,8,10,F,1,200209,1,"$55,760",14.2
TR91,11,F,21,15,F,0110,1,GS-15,K,XXXX,8,10,F,1,200209,1,"$113,543",17.1
TR91,11,I,21,,H,0110,1,ES-04,M,XXXX,2,50,F,1,200209,1,"$138,200",25.1
TR91,11,D,21,15,D,0110,1,GS-15,I,XXXX,8,10,F,1,200209,1,"$92,060",6.1
TR91,11,B,17,11,A,0110,1,GS-11,D,XXXX,8,40,F,2,200209,1,"$46,469",0.0
TR91,11,D,17,13,C,0110,1,GS-13,F,XXXX,8,10,F,1,200209,1,"$66,229",3.0
TR91,11,D,21,14,B,0110,1,GS-14,H,XXXX,8,15,F,1,200209,1,"$86,090",1.1
TR91,11,C,17,13,B,0110,1,GS-13,G,XXXX,8,15,F,1,200209,1,"$70,644",2.2
TR93,23,C,17,12,C,0110,1,GS-12,E,XXXX,8,10,F,1,200209,1,"$56,084",4.2
TR93,25,F,04,14,D,0110,1,GS-14,J,XXXX,8,10,F,1,200209,1,"$103,650",9.7
TR93,06,H,17,13,F,0110,1,GS-13,H,XXXX,8,10,F,1,200209,1,"$87,326",17.1
TR93,25,E,13,13,E,0110,1,GS-13,G,XXXX,8,10,F,1,200209,1,"$71,968",14.3
TR93,09,E,17,13,E,0110,1,GS-13,G,XXXX,8,10,F,1,200209,1,"$74,570",11.3
TR93,06,G,21,14,E,0110,1,GS-14,I,XXXX,2,10,F,1,200209,1,"$97,500",14.3
TR93,11,D,13,13,E,0110,1,GS-13,H,XXXX,8,10,F,1,200209,1,"$81,680",12.2
TR93,48,E,21,13,C,0110,1,GS-13,G,XXXX,8,15,F,1,200209,1,"$70,276",3.0
TR93,36,H,17,13,D,0110,1,GS-13,G,XXXX,8,10,F,1,200209,1,"$79,865",8.0
TR93,11,D,04,13,D,0110,1,GS-13,G,XXXX,8,10,F,1,200209,1,"$70,644",7.7
TR93,36,G,17,13,H,0110,1,GS-13,H,XXXX,8,10,F,1,200209,1,"$88,991",25.4
TR93,48,G,17,13,D,0110,1,GS-13,G,XXXX,8,10,F,1,200209,1,"$74,668",7.8
TR93,36,I,21,13,E,0110,1,GS-13,H,XXXX,8,10,F,1,200209,1,"$88,991",14.8
TR93,11,J,13,14,H,0110,1,GM-14,J,XXXX,2,10,F,1,200209,1,"$101,742",25.8
TR93,34,E,17,13,C,0110,1,GS-13,G,XXXX,8,10,F,1,200209,1,"$75,302",4.2
TR93,06,F,13,13,F,0110,1,GS-13,H,XXXX,8,10,F,1,200209,1,"$85,029",15.4
TR93,11,H,21,13,G,0110,1,GS-13,H,XXXX,8,10,F,1,200209,1,"$86,095",23.9
TR93,11,G,21,12,F,0110,1,GS-12,G,XXXX,8,10,F,1,200209,1,"$70,543",18.9
TR93,11,J,14,14,I,0110,1,GS-14,J,XXXX,8,10,F,1,200209,1,"$101,742",32.3
TR93,11,J,21,14,E,0110,1,GS-14,H,XXXX,8,10,F,1,200209,1,"$88,699",10.8
TR93,11,H,21,13,E,0110,1,GS-13,G,XXXX,8,10,F,1,200209,1,"$79,473",10.8
TR93,11,G,17,14,F,0110,1,GS-14,I,XXXX,8,10,F,1,200209,1,"$91,308",17.1
TR93,36,D,17,14,D,0110,1,GS-14,G,XXXX,8,10,F,1,200209,1,"$78,813",7.7
TR93,36,H,18,14,G,0110,1,GS-14,I,XXXX,2,10,F,1,200209,1,"$94,379",23.3
TR93,36,H,21,13,E,0110,1,GS-13,H,XXXX,8,10,F,1,200209,1,"$82,146",11.9
TR93,11,H,17,14,F,0110,1,GS-14,I,XXXX,8,10,F,1,200209,1,"$93,916",19.8
TR93,36,I,19,13,E,0110,1,GS-13,H,XXXX,8,10,F,1,200209,1,"$88,991",11.1
TR93,17,G,04,13,D,0110,1,GS-13,G,XXXX,8,15,F,1,200209,1,"$70,340",6.1
TR93,36,K,17,13,E,0110,1,GS-13,H,XXXX,8,10,F,1,200209,1,"$82,146",11.7
TR93,11,D,17,13,D,0110,1,GS-13,G,XXXX,8,10,F,1,200209,1,"$72,851",7.3
TR93,06,J,07,13,D,0110,1,GS-13,H,XXXX,8,10,F,1,200209,1,"$82,731",6.8
TR93,36,F,17,13,E,0110,1,GS-13,H,XXXX,8,10,F,1,200209,1,"$82,146",13.7
TR93,11,E,17,14,E,0110,1,GS-14,H,XXXX,8,10,F,1,200209,1,"$80,873",10.4
TR93,06,I,04,13,E,0110,1,GS-13,H,XXXX,8,10,F,1,200209,1,"$85,029",11.6
TR93,27,H,17,13,D,0110,1,GS-13,G,XXXX,8,10,F,1,200209,1,"$72,903",7.1
TR93,11,J,04,13,F,0110,1,GS-13,H,XXXX,8,10,F,1,200209,1,"$86,095",16.0
TR93,11,C,13,13,D,0110,1,GS-13,F,XXXX,8,10,F,1,200209,1,"$66,229",5.0
TR93,11,G,21,12,A,0110,1,GS-12,E,XXXX,8,15,F,1,200209,1,"$55,694",0.2
TR93,36,I,21,13,E,0110,1,GS-13,H,XXXX,8,10,F,1,200209,1,"$82,146",14.4
TR93,34,F,17,13,D,0110,1,GS-13,H,XXXX,8,10,F,1,200209,1,"$84,428",8.0
TR93,11,J,13,13,J,0110,1,GS-13,H,XXXX,8,10,F,1,200209,1,"$86,095",36.2
TR93,48,I,17,14,C,0110,1,GS-14,H,XXXX,2,10,F,1,200209,1,"$83,270",4.5
TR93,11,F,04,14,B,0110,1,GS-14,I,XXXX,8,15,F,1,200209,1,"$91,308",1.3
TR93,11,D,13,13,E,0110,1,GS-13,G,XXXX,8,10,P,2,200209,1,"$79,473",11.1
TR93,11,E,17,14,E,0110,1,GS-14,H,XXXX,8,10,F,1,200209,1,"$86,090",13.7
TR93,11,C,13,12,D,0110,1,GS-12,E,XXXX,8,10,F,1,200209,1,"$57,550",5.1
TR93,11,B,13,09,B,0110,1,GS-09,C,XXXX,8,15,F,1,200209,1,"$38,406",1.2
TR93,48,H,17,13,F,0110,1,GS-13,H,XXXX,8,10,F,1,200209,1,"$86,904",15.8
TR93,11,I,17,11,H,0110,1,GS-11,F,XXXX,8,10,F,1,200209,1,"$60,405",29.0
TR93,11,E,13,13,E,0110,1,GS-13,G,XXXX,8,10,P,2,200209,1,"$79,473",13.3
TR93,06,F,21,13,B,0110,1,GS-13,G,XXXX,8,15,F,1,200209,1,"$71,242",1.4
TR93,36,J,21,13,F,0110,1,GS-13,H,XXXX,8,10,F,1,200209,1,"$88,991",19.0
TR93,24,D,04,12,D,0110,1,GS-12,E,XXXX,8,15,F,1,200209,1,"$55,694",7.2
TR93,42,G,13,13,H,0110,1,GS-13,H,XXXX,8,10,F,1,200209,1,"$84,581",25.4
TR93,17,G,21,13,F,0110,1,GS-13,H,XXXX,8,10,F,1,200209,1,"$88,489",18.0
TR93,11,B,04,07,A,0110,1,GS-07,C,XXXX,8,15,F,1,200209,1,"$31,397",0.6
TR93,11,C,13,12,C,0110,1,GS-12,E,XXXX,8,10,F,1,200209,1,"$55,694",3.5
TR93,11,C,04,13,C,0110,1,GS-13,F,XXXX,8,10,F,1,200209,1,"$66,229",4.1
TR93,06,F,17,12,B,0110,1,GS-12,F,XXXX,8,15,F,1,200209,1,"$61,453",2.8
TR93,11,C,13,13,D,0110,1,GS-13,F,XXXX,8,10,F,1,200209,1,"$66,229",5.0
TR93,11,F,13,14,E,0110,1,GS-14,I,XXXX,8,10,F,1,200209,1,"$91,308",14.8
TR93,11,D,13,13,D,0110,1,GS-13,G,XXXX,8,10,F,1,200209,1,"$72,851",7.3
TR93,11,D,13,14,E,0110,1,GS-14,H,XXXX,8,10,F,1,200209,1,"$86,090",11.3
TR93,11,C,04,07,A,0110,1,GS-07,C,XXXX,8,15,F,1,200209,1,"$31,397",0.2
TR93,11,D,13,13,E,0110,1,GS-13,H,XXXX,8,10,F,1,200209,1,"$81,680",11.2
TR93,11,I,13,12,I,0110,1,GS-12,G,XXXX,8,10,F,1,200209,1,"$72,400",32.9
TR93,06,H,13,13,F,0110,1,GS-13,H,XXXX,8,10,F,1,200209,1,"$82,505",19.2
TR93,11,E,17,13,D,0110,1,GS-13,G,XXXX,8,10,F,1,200209,1,"$72,851",7.3
TR93,11,B,13,11,B,0110,1,GS-11,D,XXXX,8,15,F,1,200209,1,"$46,469",2.2
TR93,11,D,17,13,D,0110,1,GS-13,G,XXXX,8,10,F,1,200209,1,"$79,473",8.1
TR93,11,C,13,12,C,0110,1,GS-12,E,XXXX,8,10,F,1,200209,1,"$59,407",4.3
TR93,06,F,17,13,F,0110,1,GS-13,H,XXXX,8,10,F,1,200209,1,"$84,862",16.6
TR93,11,C,13,12,C,0110,1,GS-12,E,XXXX,8,10,F,1,200209,1,"$57,550",4.3
TR93,11,B,13,07,A,0110,1,GS-07,C,XXXX,8,15,F,1,200209,1,"$31,397",0.6
TR93,11,B,13,09,B,0110,1,GS-09,C,XXXX,8,15,F,1,200209,1,"$38,406",1.2
TR93,11,C,13,13,D,0110,1,GS-13,F,XXXX,8,10,F,1,200209,1,"$66,229",5.0
TR93,11,B,13,07,A,0110,1,GS-07,C,XXXX,8,15,F,1,200209,1,"$31,397",0.6
TR93,11,C,13,12,C,0110,1,GS-12,E,XXXX,8,10,F,1,200209,1,"$55,694",3.3
TR93,11,C,04,12,C,0110,1,GS-12,E,XXXX,8,10,F,1,200209,1,"$57,550",4.3
TR93,11,G,04,13,F,0110,1,GS-13,G,XXXX,8,10,F,1,200209,1,"$79,473",16.6
TR93,11,C,13,13,D,0110,1,GS-13,G,XXXX,8,10,F,1,200209,1,"$72,851",8.5
TR93,11,E,13,13,E,0110,1,GS-13,G,XXXX,8,10,F,1,200209,1,"$79,473",14.0
TR93,51,E,13,13,F,0110,1,GS-13,H,XXXX,8,10,F,1,200209,1,"$83,902",16.8
TR93,11,E,13,13,E,0110,1,GS-13,G,XXXX,8,10,P,2,200209,1,"$77,266",13.1
TR93,11,B,13,07,A,0110,1,GS-07,C,XXXX,8,15,F,1,200209,1,"$31,397",0.2
TR93,11,C,13,12,C,0110,1,GS-12,E,XXXX,8,10,F,1,200209,1,"$57,550",4.3
TR93,11,C,13,13,D,0110,1,GS-13,F,XXXX,8,10,F,1,200209,1,"$66,229",5.0
TR93,11,B,04,11,B,0110,1,GS-11,D,XXXX,8,15,F,1,200209,1,"$46,469",2.1
TR93,11,B,13,09,B,0110,1,GS-09,C,XXXX,8,15,F,1,200209,1,"$38,406",1.1
TR93,11,F,17,14,F,0110,1,GS-14,I,XXXX,8,10,F,1,200209,1,"$91,308",15.3
TR93,11,D,17,14,E,0110,1,GS-14,H,XXXX,8,10,F,1,200209,1,"$80,873",10.3
TR93,06,J,04,13,F,0110,1,GS-13,H,XXXX,8,10,F,1,200209,1,"$82,731",16.0
TR93,11,C,04,13,C,0110,1,GS-13,F,XXXX,8,10,F,1,200209,1,"$66,229",4.4
TR93,13,K,21,13,F,0110,1,GS-13,H,XXXX,8,10,F,1,200209,1,"$84,751",17.5
TR93,11,F,17,14,F,0110,1,GS-14,H,XXXX,8,10,F,1,200209,1,"$86,090",16.3
TR93,13,D,13,14,E,0110,1,GS-14,H,XXXX,2,10,F,1,200209,1,"$84,747",12.3
TR93,11,B,13,12,C,0110,1,GS-12,E,XXXX,8,10,F,1,200209,1,"$55,694",3.3
TR93,25,H,21,13,G,0110,1,GS-13,H,XXXX,8,10,F,1,200209,1,"$85,460",20.7
TR93,13,I,12,13,H,0110,1,GS-13,H,XXXX,8,10,F,1,200209,1,"$84,751",25.9
TR93,13,F,17,13,D,0110,1,GS-13,G,XXXX,8,10,F,1,200209,1,"$78,233",7.5
TR93,13,I,21,13,F,0110,1,GS-13,G,XXXX,8,10,F,1,200209,1,"$78,233",15.4
TR93,36,H,14,14,H,0110,1,GS-14,J,XXXX,2,10,F,1,200209,1,"$105,165",29.9
TR93,06,J,17,13,G,0110,1,GS-13,H,XXXX,8,10,F,1,200209,1,"$87,219",21.8
TR93,11,D,13,13,C,0110,1,GS-13,G,XXXX,8,10,F,1,200209,1,"$72,851",4.3
TR93,26,F,17,13,E,0110,1,GS-13,H,XXXX,8,10,F,1,200209,1,"$88,589",13.5
TR93,11,H,21,14,E,0110,1,GS-14,I,XXXX,8,10,F,1,200209,1,"$96,525",14.1
TR93,11,D,17,13,C,0110,1,GS-13,F,XXXX,8,10,F,1,200209,1,"$68,436",4.2
TR93,11,C,04,11,B,0110,1,GS-11,D,XXXX,8,15,F,1,200209,1,"$46,469",1.8
TR93,42,I,17,13,G,0110,1,GS-13,H,XXXX,8,10,F,1,200209,1,"$84,362",21.4
TR93,11,C,17,11,B,0110,1,GS-11,D,XXXX,8,15,F,1,200209,1,"$46,469",1.4
TR93,11,C,13,12,C,0110,1,GS-12,E,XXXX,8,10,F,1,200209,1,"$57,550",4.3
TR93,11,C,17,13,D,0110,1,GS-13,F,XXXX,8,10,F,1,200209,1,"$66,229",6.3
TR93,06,I,17,13,D,0110,1,GS-13,H,XXXX,8,10,F,1,200209,1,"$80,433",8.0
TR93,11,E,13,14,E,0110,1,GS-14,H,XXXX,8,10,F,1,200209,1,"$86,090",14.2
TR93,11,C,17,13,C,0110,1,GS-13,F,XXXX,8,10,F,1,200209,1,"$66,229",4.3
TR93,13,G,22,12,B,0110,1,GS-12,F,XXXX,8,15,F,1,200209,1,"$63,961",1.8
TR93,13,F,17,14,E,0110,1,GS-14,G,XXXX,8,10,F,1,200209,1,"$79,611",14.0
TR93,29,B,13,07,A,0110,1,GS-07,C,XXXX,8,15,F,1,200209,1,"$30,693",0.9
TR93,17,H,17,13,G,0110,1,GS-13,H,XXXX,8,10,F,1,200209,1,"$88,489",24.7
TR93,11,B,13,07,A,0110,1,GS-07,C,XXXX,8,15,F,1,200209,1,"$31,397",0.8
TR93,04,E,13,13,E,0110,1,GS-13,G,XXXX,8,10,F,1,200209,1,"$73,146",11.0
TR93,11,H,13,14,F,0110,1,GS-14,H,XXXX,8,10,F,1,200209,1,"$86,090",17.7
TR93,11,B,04,07,A,0110,1,GS-07,C,XXXX,8,15,F,1,200209,1,"$31,397",0.6
TR93,11,E,17,,E,0110,1,IR-SM,I,XXXX,2,10,F,1,200209,1,"$90,168",12.3
TR93,11,G,17,14,F,0110,1,GS-14,H,XXXX,8,10,F,1,200209,1,"$88,699",15.8
TR93,26,F,17,13,E,0110,1,GS-13,H,XXXX,8,10,F,1,200209,1,"$86,318",11.1
TR93,13,D,17,13,B,0110,1,GS-13,G,XXXX,8,15,F,1,200209,1,"$73,887",1.3
TR93,26,G,18,13,E,0110,1,GS-13,G,XXXX,8,10,F,1,200209,1,"$70,419",11.0
TR93,17,I,17,13,G,0110,1,GS-13,H,XXXX,8,10,F,1,200209,1,"$86,220",21.8
TR93,25,J,17,13,E,0110,1,GS-13,H,XXXX,8,10,F,1,200209,1,"$83,212",11.7
TR93,11,J,14,14,I,0110,1,GS-14,I,XXXX,8,10,F,1,200209,1,"$91,308",30.0
TR93,11,D,04,12,A,0110,1,GS-12,F,XXXX,8,15,F,1,200209,1,"$68,687",0.9
TR93,55,G,21,13,C,0110,1,GS-13,F,XXXX,8,10,F,1,200209,1,"$67,559",3.3
TR93,11,E,13,12,C,0110,1,GS-12,E,XXXX,8,10,F,1,200209,1,"$57,550",4.3
TR93,11,B,13,09,B,0110,1,GS-09,C,XXXX,8,15,F,1,200209,1,"$38,406",1.9
TR93,48,K,21,13,D,0110,1,GS-13,G,XXXX,8,10,F,1,200209,1,"$76,864",9.7
TR93,22,I,17,12,I,0110,1,GS-12,F,XXXX,8,10,F,1,200209,1,"$66,937",31.6
TR93,17,J,17,13,F,0110,1,GS-13,H,XXXX,8,10,F,1,200209,1,"$88,489",18.4
TR93,40,F,04,12,E,0110,1,GS-12,F,XXXX,8,10,F,1,200209,1,"$61,511",11.2
TR93,37,H,13,13,F,0110,1,GS-13,H,XXXX,8,10,F,1,200209,1,"$81,751",15.9
TR93,11,G,21,14,C,0110,1,GS-14,H,XXXX,8,10,F,1,200209,1,"$86,090",4.0
TR93,48,I,17,13,E,0110,1,GS-13,G,XXXX,8,10,F,1,200209,1,"$77,448",10.5
TR93,48,I,17,13,E,0110,1,GS-13,H,XXXX,8,10,F,1,200209,1,"$84,556",10.8
TR93,27,D,04,13,C,0110,1,GS-13,G,XXXX,8,10,F,1,200209,1,"$72,903",4.7
TR93,47,G,13,13,F,0110,1,GS-13,G,XXXX,8,10,F,1,200209,1,"$73,146",17.5
TR93,11,H,17,15,F,0110,1,GS-15,K,XXXX,8,10,F,1,200209,1,"$113,543",19.3
TR93,13,E,17,13,E,0110,1,GS-13,G,XXXX,8,10,F,1,200209,1,"$78,233",10.2
TR93,29,C,13,12,C,0110,1,GS-12,E,XXXX,8,10,F,1,200209,1,"$54,445",3.1
TR93,27,E,13,13,D,0110,1,GS-13,G,XXXX,8,10,F,1,200209,1,"$75,112",7.3
TR93,11,F,17,13,D,0110,1,GS-13,F,XXXX,8,10,F,1,200209,1,"$68,436",7.4
TR93,11,G,17,14,F,0110,1,GS-14,I,XXXX,8,10,F,1,200209,1,"$91,308",18.4
TR93,11,I,13,14,I,0110,1,GS-14,J,XXXX,8,10,F,1,200209,1,"$101,742",32.7
TR93,17,I,04,14,G,0110,1,GS-14,H,XXXX,2,10,F,1,200209,1,"$88,484",21.6
TR93,13,I,21,13,E,0110,1,GS-13,G,XXXX,8,10,F,1,200209,1,"$78,233",12.9
TR93,06,I,04,14,E,0110,1,GS-14,I,XXXX,2,10,F,1,200209,1,"$95,051",11.4
TR93,17,I,14,13,F,0110,1,GS-13,H,XXXX,8,10,F,1,200209,1,"$86,220",15.7
TR93,06,E,17,13,C,0110,1,GS-13,G,XXXX,8,10,F,1,200209,1,"$77,791",4.3
TR93,11,B,13,07,A,0110,1,GS-07,C,XXXX,8,15,F,1,200209,1,"$31,397",0.2
TR93,53,I,21,13,D,0110,1,GS-13,G,XXXX,8,10,F,1,200209,1,"$79,680",9.0
TR93,48,H,12,13,E,0110,1,GS-13,G,XXXX,8,10,F,1,200209,1,"$79,060",14.7
TR93,06,H,13,13,F,0110,1,GS-13,H,XXXX,8,10,F,1,200209,1,"$82,505",15.3
TR93,06,G,07,13,D,0110,1,GS-13,H,XXXX,8,10,F,1,200209,1,"$82,731",6.8
TR93,06,H,13,13,G,0110,1,GS-13,H,XXXX,8,10,F,1,200209,1,"$80,148",20.2
TR93,06,G,17,13,D,0110,1,GS-13,H,XXXX,8,10,F,1,200209,1,"$82,731",8.0
TR93,06,J,07,13,E,0110,1,GS-13,G,XXXX,8,10,F,1,200209,1,"$78,135",11.6
TR93,06,E,13,13,D,0110,1,GS-13,H,XXXX,8,10,F,1,200209,1,"$82,505",8.0
TR93,06,G,04,13,E,0110,1,GS-13,G,XXXX,8,10,F,1,200209,1,"$78,135",11.2
TR93,11,D,17,13,D,0110,1,GS-13,G,XXXX,8,10,F,1,200209,1,"$72,851",7.3
TR93,11,H,21,13,E,0110,1,GS-13,G,XXXX,8,10,F,1,200209,1,"$79,473",10.8
TR93,11,G,04,13,H,0110,1,GS-13,G,XXXX,8,10,F,1,200209,1,"$77,266",28.5
TR93,11,E,13,13,F,0110,1,GS-13,F,XXXX,8,10,F,1,200209,1,"$66,229",15.6
TR93,17,I,21,13,G,0110,1,GS-13,H,XXXX,8,10,F,1,200209,1,"$83,952",23.9
TR93,51,D,04,13,B,0110,1,GS-13,F,XXXX,8,15,F,1,200209,1,"$66,229",1.8
TR93,06,D,04,12,B,0110,1,GS-12,F,XXXX,8,15,F,1,200209,1,"$61,453",1.2
TR93,11,C,13,12,C,0110,1,GS-12,E,XXXX,8,10,F,1,200209,1,"$55,694",3.1
TR93,11,B,04,09,B,0110,1,GS-09,C,XXXX,8,15,F,1,200209,1,"$38,406",1.2
TR95,11,G,21,14,C,0110,1,GS-14,G,XXXX,8,10,F,1,200209,1,"$78,265",4.5
TR95,11,F,17,14,E,0110,1,GS-14,H,XXXX,8,10,F,1,200209,1,"$80,873",11.3
TRAD,11,E,13,14,D,0110,1,GS-14,H,XXXX,8,10,F,1,200209,1,"$86,090",7.4
TRAD,11,G,22,14,D,0110,1,GS-14,I,XXXX,8,10,F,1,200209,1,"$93,916",5.0
TRAF,51,I,17,15,I,0110,1,GS-15,K,XXXX,8,10,F,1,200209,1,"$119,682",32.0
TRAI,11,B,11,07,B,0110,1,GS-07,C,XXXX,8,15,F,1,200209,1,"$31,397",2.3
TRAJ,11,G,17,,D,0110,1,NB-07,M,XXXX,2,10,F,1,200209,1,"$134,636",9.1
TRAJ,11,H,21,,E,0110,1,NB-06,K,XXXX,8,10,F,1,200209,1,"$114,618",13.0
TRAJ,11,E,21,,E,0110,1,NB-06,J,XXXX,8,10,F,1,200209,1,"$106,921",11.3
TRAJ,36,H,17,,E,0110,1,NB-06,J,XXXX,8,10,F,1,200209,1,"$105,634",10.8
TRAJ,11,G,15,,E,0110,1,NB-07,N,XXXX,8,10,F,1,200209,1,"$141,692",11.1
TRAJ,11,I,21,,B,0110,1,NB-06,J,XXXX,8,15,F,1,200209,1,"$102,644",1.6
TRAJ,11,D,21,,A,0110,1,NB-05,H,XXXX,8,40,F,2,200209,1,"$86,954",0.8
TRAJ,11,F,21,,E,0110,1,NB-06,K,XXXX,8,10,F,1,200209,1,"$115,415",10.0
TRAJ,11,H,21,,E,0110,1,NB-06,I,XXXX,8,10,F,1,200209,1,"$96,864",11.0
TRAJ,11,E,21,,D,0110,1,NB-06,J,XXXX,8,10,F,1,200209,1,"$107,411",9.8
TRAJ,11,G,21,,F,0110,1,NB-07,L,XXXX,8,10,F,1,200209,1,"$125,415",19.3
TRAJ,11,H,21,,D,0110,1,NB-06,K,XXXX,8,10,P,2,200209,1,"$111,249",7.2
TRAJ,11,F,14,,D,0110,1,NB-07,L,XXXX,2,10,F,1,200209,1,"$128,749",7.5
TRAJ,11,I,18,,G,0110,1,NB-07,M,XXXX,2,10,F,1,200209,1,"$130,041",23.2
TRAJ,11,G,21,,E,0110,1,NB-06,K,XXXX,8,10,F,1,200209,1,"$115,657",10.0
TRAJ,11,G,17,,G,0110,1,NB-07,P,XXXX,2,10,F,1,200209,1,"$160,231",22.0
TRAJ,11,F,21,,E,0110,1,NB-07,M,XXXX,2,10,F,1,200209,1,"$133,975",14.3
TRAJ,11,F,21,,E,0110,1,NB-05,G,XXXX,8,10,F,1,200209,1,"$79,287",12.3
TRAJ,11,G,13,,E,0110,1,NB-06,J,XXXX,8,10,F,1,200209,1,"$103,685",11.4
TRAJ,11,G,21,,F,0110,1,NB-06,J,XXXX,8,10,F,1,200209,1,"$100,531",19.2
TRAJ,11,H,07,,G,0110,1,NB-05,G,XXXX,8,10,F,1,200209,1,"$75,141",23.9
TRAJ,11,E,13,,D,0110,1,NB-05,H,XXXX,8,10,F,1,200209,1,"$89,816",9.6
TRAJ,11,D,17,,D,0110,1,NB-05,E,XXXX,8,15,F,1,200209,1,"$57,128",6.0
TRAJ,11,I,21,,E,0110,1,NB-07,L,XXXX,2,10,F,1,200209,1,"$128,926",11.4
TRAJ,11,F,21,,A,0110,1,NB-06,J,XXXX,8,15,F,1,200209,1,"$109,000",0.5
TRAJ,11,F,17,,E,0110,1,NB-07,L,XXXX,2,10,F,1,200209,1,"$124,595",14.8
TRAJ,11,E,21,,C,0110,1,NB-06,I,XXXX,8,15,F,1,200209,1,"$93,137",3.2
TRAJ,11,K,13,,E,0110,1,NB-06,J,XXXX,8,10,F,1,200209,1,"$105,674",11.9
TRAJ,11,G,21,,F,0110,1,NB-08,Q,XXXX,2,10,F,1,200209,1,"$177,191",15.3
TRAJ,11,G,21,,E,0110,1,NB-06,L,XXXX,8,10,F,1,200209,1,"$125,642",12.0
TRAJ,11,H,21,,E,0110,1,NB-06,L,XXXX,8,10,F,1,200209,1,"$121,834",11.3
TRAJ,11,F,17,,E,0110,1,NB-07,N,XXXX,2,10,F,1,200209,1,"$145,421",11.3
TRAJ,17,E,21,,C,0110,1,NB-06,H,XXXX,8,10,F,1,200209,1,"$85,852",3.2
TRAJ,11,I,21,,F,0110,1,NB-07,M,XXXX,2,10,F,1,200209,1,"$134,532",15.5
TRAJ,11,G,21,,D,0110,1,NB-06,K,XXXX,8,10,F,1,200209,1,"$111,934",5.2
TRAJ,11,I,18,,E,0110,1,NB-06,K,XXXX,8,10,F,1,200209,1,"$111,802",11.5
TRAJ,51,H,17,,G,0110,1,NB-06,I,XXXX,8,10,F,1,200209,1,"$98,700",22.5
TRAJ,11,E,21,,A,0110,1,NB-05,G,XXXX,8,40,F,2,200209,1,"$79,570",0.7
TRAJ,11,G,14,,G,0110,1,NB-05,G,XXXX,8,10,F,1,200209,1,"$78,610",20.5
TRAJ,11,F,18,,E,0110,1,NB-06,J,XXXX,8,10,F,1,200209,1,"$104,669",12.8
TRAJ,11,D,21,,B,0110,1,NB-05,I,XXXX,8,40,F,2,200209,1,"$90,255",1.4
VAHB,11,H,18,14,F,0110,1,GM-14,I,XXXX,5,10,F,1,200209,1,"$93,916",18.6
VAHD,11,K,21,14,E,0110,1,GS-14,I,XXXX,8,10,F,1,200209,1,"$91,308",10.3
VATA,25,G,21,15,H,0110,1,GM-15,K,XXXX,2,10,F,1,200209,1,"$118,799",25.8
VATA,25,G,21,14,E,0110,1,GS-14,I,XXXX,8,10,F,1,200209,1,"$98,335",11.2
VATA,25,H,21,13,E,0110,1,GS-13,H,XXXX,8,10,P,2,200209,1,"$83,212",13.3
VATA,25,H,21,14,E,0110,1,GS-14,I,XXXX,8,10,P,2,200209,1,"$95,677",12.9
VATA,09,D,21,13,C,0110,1,GS-13,G,XXXX,8,32,F,1,200209,1,"$73,020",4.5
VATA,48,G,21,14,E,0110,1,GS-14,I,XXXX,8,20,P,2,200209,1,"$97,148",12.3
VATA,37,G,13,12,D,0110,1,GS-12,E,XXXX,8,42,F,2,200209,1,"$57,893",9.2
VATA,12,C,21,,A,0110,1,AD-00,F,XXXX,8,48,F,2,200209,1,"$64,542",0.9
VATA,25,I,21,13,D,0110,1,GS-13,G,XXXX,8,20,F,2,200209,1,"$74,217",7.7
VATA,25,I,21,14,D,0110,1,GS-14,I,XXXX,8,42,F,2,200209,1,"$95,677",6.7
VATA,25,E,21,13,A,0110,1,GS-13,G,XXXX,8,20,F,2,200209,1,"$76,466",0.6
