AGYSUB,LOC,AGELVL,EDLVL,GSEGRD,LOSLVL,OCC,PATCO,PPGRD,SALLVL,STEMOCC,SUPERVIS,TOA,WORKSCH,WORKSTAT,DATECODE,EMPLOYMENT,SALARY,LOS
AF13,51,J,17,,J,0110,1,NH-04,O,XXXX,5,10,F,1,201409,1,157100,37.3
AF3C,12,K,21,15,I,0110,1,GS-15,O,XXXX,8,10,F,1,201409,1,155978,34.3
AF3Q,51,E,18,13,E,0110,1,GS-13,K,XXXX,2,10,F,1,201409,1,113904,12.1
AF3Q,51,D,17,13,E,0110,1,GS-13,K,XXXX,8,10,F,1,201409,1,110906,12.1
AF3Q,51,F,17,14,E,0110,1,GS-14,L,XXXX,8,10,F,1,201409,1,123970,10.4
AF3Q,51,E,13,13,E,0110,1,GS-13,K,XXXX,8,10,F,1,201409,1,116901,14.0
AG02,11,D,17,12,C,0110,1,GS-12,G,XXXX,8,10,F,1,201409,1,078142,03.4
AG02,11,G,13,13,E,0110,1,GS-13,J,XXXX,8,10,F,1,201409,1,107909,13.3
AG02,11,I,21,14,E,0110,1,GS-14,L,XXXX,5,10,F,1,201409,1,127512,14.8
AG02,11,D,21,11,A,0110,1,GS-11,F,XXXX,8,35,F,1,201409,1,063091,00.2
AG02,11,I,13,13,J,0110,1,GM-13,K,XXXX,5,10,F,1,201409,1,116901,35.4
AG02,11,I,13,12,E,0110,1,GS-12,I,XXXX,8,10,F,1,201409,1,090744,13.8
AG02,11,E,17,13,D,0110,1,GS-13,J,XXXX,5,10,F,1,201409,1,101914,08.2
AG02,45,J,17,14,J,0110,1,GS-14,L,XXXX,5,10,F,1,201409,1,126949,35.2
AG02,47,F,21,14,D,0110,1,GS-14,K,XXXX,8,10,F,1,201409,1,110676,06.2
AG02,11,H,14,12,H,0110,1,GS-12,I,XXXX,8,10,F,1,201409,1,098305,28.3
AG02,25,D,17,12,C,0110,1,GS-12,H,XXXX,8,10,F,1,201409,1,081039,04.6
AG02,51,K,21,13,F,0110,1,GS-13,K,XXXX,5,10,P,2,201409,1,110906,17.1
AG02,11,H,13,13,H,0110,1,GS-13,K,XXXX,8,10,F,1,201409,1,110906,26.8
AG02,11,I,17,13,F,0110,1,GS-13,J,XXXX,8,10,F,1,201409,1,101914,16.6
AG02,11,J,21,14,G,0110,1,GS-14,M,XXXX,5,10,F,1,201409,1,138136,21.6
AG02,11,I,21,13,E,0110,1,GS-13,J,XXXX,8,10,F,1,201409,1,107909,14.8
AG02,11,C,17,09,A,0110,1,GS-09,E,XXXX,8,15,F,1,201409,1,052146,00.3
AG02,11,I,21,14,F,0110,1,GS-14,M,XXXX,8,10,F,1,201409,1,131053,18.7
AG02,37,E,13,13,E,0110,1,GS-13,I,XXXX,8,10,F,1,201409,1,096515,14.3
AG02,11,D,17,12,C,0110,1,GS-12,G,XXXX,8,10,F,1,201409,1,078142,04.8
AG02,11,I,17,15,F,0110,1,GS-15,O,XXXX,2,10,F,1,201409,1,157100,17.2
AG02,11,G,21,15,B,0110,1,GS-15,N,XXXX,2,15,F,1,201409,1,145827,02.3
AG02,11,H,21,14,E,0110,1,GS-14,M,XXXX,8,10,F,1,201409,1,131053,13.3
AG03,01,E,17,12,E,0110,1,GS-12,H,XXXX,8,10,F,1,201409,1,085711,12.1
AG07,55,G,17,12,F,0110,1,GS-12,I,XXXX,8,10,F,1,201409,1,090344,16.2
AG07,11,K,21,,I,0110,1,SL-00,Q,XXXX,2,10,F,1,201409,1,178772,33.7
AG08,11,J,21,14,H,0110,1,GS-14,M,XXXX,8,10,F,1,201409,1,138136,25.5
AG08,29,D,13,13,D,0110,1,GS-13,I,XXXX,8,10,F,1,201409,1,090906,08.4
AG08,29,D,13,09,A,0110,1,GS-09,D,XXXX,8,35,F,1,201409,1,047923,00.8
AG08,29,G,11,13,F,0110,1,GS-13,I,XXXX,8,10,F,1,201409,1,099170,16.3
AG08,29,I,17,14,G,0110,1,GS-14,L,XXXX,8,10,F,1,201409,1,123695,24.5
AG08,29,H,17,13,E,0110,1,GS-13,I,XXXX,8,10,F,1,201409,1,096415,11.8
AG08,29,I,13,13,G,0110,1,GS-13,J,XXXX,8,10,F,1,201409,1,104679,24.5
AG08,29,H,13,13,H,0110,1,GS-13,J,XXXX,8,10,F,1,201409,1,104679,27.6
AG08,29,F,17,13,E,0110,1,GS-13,I,XXXX,8,10,F,1,201409,1,099170,12.0
AG08,29,D,13,13,E,0110,1,GS-13,I,XXXX,8,10,F,1,201409,1,096415,11.3
AG10,11,C,07,11,C,0110,1,GS-11,F,XXXX,8,15,F,1,201409,1,063091,04.0
AG10,11,H,17,14,F,0110,1,GS-14,M,XXXX,8,10,F,1,201409,1,131053,17.5
AG10,JA,G,17,12,H,0110,1,GS-12,G,XXXX,8,10,F,1,201409,1,079138,26.5
AG10,11,H,13,14,H,0110,1,GS-14,M,XXXX,8,10,S,2,201409,1,138136,25.0
AG10,11,C,14,11,B,0110,1,GS-11,F,XXXX,8,15,F,1,201409,1,063091,02.6
AG10,11,G,17,13,F,0110,1,GS-13,J,XXXX,8,10,F,1,201409,1,107909,17.0
AG10,11,D,13,13,D,0110,1,GS-13,I,XXXX,8,10,F,1,201409,1,092922,08.2
AG10,11,G,17,14,D,0110,1,GS-14,L,XXXX,8,42,F,2,201409,1,120429,08.7
AG10,11,K,17,13,G,0110,1,GS-13,K,XXXX,8,10,F,1,201409,1,116901,22.8
AG10,11,J,17,13,I,0110,1,GS-13,K,XXXX,8,10,F,1,201409,1,113904,33.8
AG10,11,I,17,13,G,0110,1,GS-13,K,XXXX,8,10,F,1,201409,1,116901,23.3
AG10,11,J,17,14,G,0110,1,GS-14,M,XXXX,8,10,F,1,201409,1,138136,24.4
AG10,11,G,13,12,G,0110,1,GS-12,I,XXXX,8,10,F,1,201409,1,090744,22.7
AG10,11,D,17,13,C,0110,1,GS-13,H,XXXX,8,10,F,1,201409,1,089924,04.4
AG10,11,E,17,12,C,0110,1,GS-12,H,XXXX,8,10,F,1,201409,1,080662,04.8
AG10,11,F,21,14,C,0110,1,GS-14,K,XXXX,8,42,F,2,201409,1,116887,04.8
AG10,11,F,13,13,E,0110,1,GS-13,J,XXXX,8,10,F,1,201409,1,107909,13.2
AG10,11,I,21,13,D,0110,1,GS-13,J,XXXX,8,10,F,1,201409,1,104911,06.2
AG10,11,H,22,14,B,0110,1,GS-14,K,XXXX,8,42,F,2,201409,1,113346,02.5
AG10,11,I,17,14,H,0110,1,GS-14,M,XXXX,8,10,F,1,201409,1,138136,25.9
AG10,11,I,13,14,F,0110,1,GS-14,L,XXXX,8,10,F,1,201409,1,127512,19.2
AG10,11,F,13,14,E,0110,1,GS-14,L,XXXX,8,10,F,1,201409,1,127512,12.6
AG10,11,I,17,14,H,0110,1,GS-14,M,XXXX,8,10,F,1,201409,1,131053,26.2
AG10,11,I,17,13,G,0110,1,GS-13,K,XXXX,8,10,F,1,201409,1,110906,20.0
AG10,11,I,17,14,H,0110,1,GS-14,M,XXXX,8,10,F,1,201409,1,138136,29.8
AG10,11,H,17,15,D,0110,1,GS-15,N,XXXX,8,42,F,2,201409,1,145827,05.3
AG10,11,D,17,13,D,0110,1,GS-13,I,XXXX,8,10,F,1,201409,1,095919,09.0
AG10,11,H,17,13,H,0110,1,GS-13,K,XXXX,8,10,F,1,201409,1,116901,25.3
AG10,11,K,21,15,I,0110,1,GS-15,O,XXXX,8,42,F,2,201409,1,157100,33.3
AG10,11,F,13,12,E,0110,1,GS-12,H,XXXX,8,10,F,1,201409,1,085703,14.2
AG10,11,D,17,12,D,0110,1,GS-12,H,XXXX,8,10,F,1,201409,1,083183,05.9
AG10,11,G,17,13,G,0110,1,GS-13,K,XXXX,8,10,F,1,201409,1,110906,21.2
AG10,11,H,13,13,F,0110,1,GS-13,K,XXXX,8,10,F,1,201409,1,116901,15.8
AG10,11,H,13,13,H,0110,1,GS-13,K,XXXX,8,10,F,1,201409,1,116901,28.4
AG10,11,F,17,14,E,0110,1,GS-14,M,XXXX,8,10,F,1,201409,1,131053,12.3
AG10,11,C,17,12,B,0110,1,GS-12,G,XXXX,8,15,F,1,201409,1,075621,02.8
AG10,11,H,17,13,D,0110,1,GS-13,K,XXXX,8,10,F,1,201409,1,116901,06.0
AG10,11,F,13,14,F,0110,1,GS-14,L,XXXX,8,10,F,1,201409,1,127512,19.8
AG10,11,C,16,11,C,0110,1,GS-11,F,XXXX,8,15,F,1,201409,1,063091,03.3
AG10,11,H,18,14,H,0110,1,GS-14,M,XXXX,8,10,F,1,201409,1,138136,25.7
AG10,11,C,04,12,D,0110,1,GS-12,H,XXXX,8,10,F,1,201409,1,080662,08.8
AG10,11,F,17,14,F,0110,1,GS-14,M,XXXX,8,10,F,1,201409,1,131053,16.6
AG10,11,D,17,13,E,0110,1,GS-13,J,XXXX,8,10,F,1,201409,1,101914,11.2
AG10,11,G,17,12,F,0110,1,GS-12,I,XXXX,8,10,F,1,201409,1,095785,16.7
AG10,11,G,17,14,E,0110,1,GS-14,M,XXXX,8,10,F,1,201409,1,134595,11.7
AG10,11,D,17,12,C,0110,1,GS-12,H,XXXX,8,10,F,1,201409,1,080662,04.4
AG10,11,F,13,13,E,0110,1,GS-13,J,XXXX,8,10,P,2,201409,1,101914,11.8
AG10,11,D,17,12,D,0110,1,GS-12,H,XXXX,8,10,F,1,201409,1,083183,05.0
AG10,11,F,17,14,E,0110,1,GS-14,L,XXXX,8,10,F,1,201409,1,123970,12.4
AG10,11,D,17,12,D,0110,1,GS-12,H,XXXX,8,10,F,1,201409,1,080662,05.0
AG11,30,I,17,13,F,0110,1,GS-13,I,XXXX,4,10,F,1,201409,1,096415,15.2
AG11,**,I,14,14,H,0110,1,GS-14,K,XXXX,4,10,F,1,201409,1,117404,27.8
AG11,06,D,17,11,C,0110,1,GS-11,G,XXXX,8,10,F,1,201409,1,075691,04.3
AG11,27,I,21,15,H,0110,1,GS-15,N,XXXX,8,10,F,1,201409,1,142000,29.8
AG11,**,J,17,14,G,0110,1,GS-14,L,XXXX,8,10,F,1,201409,1,120757,22.2
AG11,30,F,17,12,E,0110,1,GS-12,G,XXXX,8,10,F,1,201409,1,078762,13.0
AG11,49,H,21,13,F,0110,1,GS-13,I,XXXX,5,10,F,1,201409,1,096415,16.8
AG11,30,E,21,13,D,0110,1,GS-13,I,XXXX,8,10,F,1,201409,1,093660,07.1
AG11,11,J,14,13,I,0110,1,GS-13,K,XXXX,5,10,F,1,201409,1,116901,34.2
AG11,02,F,21,13,E,0110,1,GS-13,I,XXXX,8,15,F,1,201409,1,090264,13.3
AG11,41,J,21,13,J,0110,1,GS-13,K,XXXX,8,10,F,1,201409,1,113259,36.0
AG11,02,I,17,15,H,0110,1,GS-15,L,XXXX,2,38,F,1,201409,1,129650,28.3
AG11,06,K,20,15,I,0110,1,GS-15,N,XXXX,4,10,F,1,201409,1,149278,34.7
AG11,06,G,21,12,D,0110,1,GS-12,J,XXXX,8,10,F,1,201409,1,106955,08.3
AG11,08,H,17,15,G,0110,1,GS-15,M,XXXX,8,10,F,1,201409,1,139722,20.0
AG11,11,I,21,15,I,0110,1,GS-15,O,XXXX,5,10,F,1,201409,1,157100,30.5
AG11,54,J,21,14,I,0110,1,GS-14,L,XXXX,8,10,F,1,201409,1,126949,33.6
AG11,08,K,21,,J,0110,1,ST-00,P,XXXX,2,10,F,1,201409,1,168127,43.6
AG11,55,I,21,13,E,0110,1,GS-13,I,XXXX,8,10,F,1,201409,1,096415,12.3
AG11,08,J,21,14,H,0110,1,GS-14,M,XXXX,4,10,F,1,201409,1,132753,28.1
AG11,41,H,21,12,F,0110,1,GS-12,I,XXXX,8,10,F,1,201409,1,092801,15.5
AG11,11,B,14,09,A,0110,1,GS-09,E,XXXX,8,15,F,1,201409,1,052146,00.6
AG11,27,E,17,12,D,0110,1,GS-12,G,XXXX,8,10,F,1,201409,1,076446,06.4
AG11,55,J,17,13,J,0110,1,GS-13,J,XXXX,8,10,F,1,201409,1,101924,40.3
AG11,08,D,17,12,C,0110,1,GS-12,G,XXXX,8,10,F,1,201409,1,077072,03.8
AG11,08,E,21,13,C,0110,1,GS-13,I,XXXX,8,10,F,1,201409,1,094606,03.3
AG15,11,G,13,14,G,0110,1,GS-14,M,XXXX,8,10,F,1,201409,1,131053,22.0
AG16,48,H,17,12,D,0110,1,GS-12,G,XXXX,8,10,F,1,201409,1,071813,05.2
AG16,48,H,13,13,G,0110,1,GS-13,J,XXXX,8,10,F,1,201409,1,101913,24.8
AG16,05,H,11,12,H,0110,1,GS-12,H,XXXX,8,10,F,1,201409,1,088028,27.8
AG16,54,H,17,12,G,0110,1,GS-12,H,XXXX,8,10,F,1,201409,1,088028,23.5
AG16,47,G,13,12,G,0110,1,GS-12,I,XXXX,8,10,F,1,201409,1,090344,23.5
AG16,41,H,17,14,H,0110,1,GS-14,L,XXXX,8,10,F,1,201409,1,123539,26.5
AG16,11,J,21,15,E,0110,1,GS-15,N,XXXX,8,10,F,1,201409,1,141660,10.7
AG16,19,H,13,12,H,0110,1,GS-12,I,XXXX,8,10,F,1,201409,1,090344,25.4
AG16,24,H,17,14,G,0110,1,GS-14,M,XXXX,4,10,F,1,201409,1,134595,24.8
AG16,05,H,13,15,I,0110,1,GS-15,N,XXXX,8,10,F,1,201409,1,149333,33.0
AG16,48,I,21,14,H,0110,1,GS-14,L,XXXX,8,10,F,1,201409,1,126949,26.8
AG16,28,F,13,12,F,0110,1,GS-12,H,XXXX,8,10,F,1,201409,1,083395,17.8
AG16,44,G,17,12,D,0110,1,GS-12,H,XXXX,8,10,F,1,201409,1,088635,09.8
AG16,12,F,13,12,F,0110,1,GS-12,H,XXXX,8,10,F,1,201409,1,088028,15.7
AG16,24,I,17,15,I,0110,1,GS-15,N,XXXX,2,10,F,1,201409,1,149993,30.6
AG16,22,I,17,12,H,0110,1,GS-12,I,XXXX,8,10,F,1,201409,1,090344,27.4
AG16,24,I,17,15,H,0110,1,GS-15,N,XXXX,2,10,F,1,201409,1,149993,27.1
AG16,41,G,21,13,D,0110,1,GS-13,I,XXXX,8,10,F,1,201409,1,090027,09.8
AG16,50,H,17,14,D,0110,1,GS-14,L,XXXX,8,10,F,1,201409,1,126949,05.0
AG16,11,J,21,15,H,0110,1,GS-15,O,XXXX,8,10,F,1,201409,1,154160,27.7
AG16,56,G,17,12,E,0110,1,GS-12,H,XXXX,8,10,F,1,201409,1,085711,10.3
AG16,11,J,21,,G,0110,1,ES-**,P,XXXX,2,50,F,1,201409,1,165029,23.8
AG16,36,I,17,12,I,0110,1,GS-12,I,XXXX,8,10,F,1,201409,1,090344,31.9
AG16,37,K,21,14,G,0110,1,GS-14,K,XXXX,8,10,F,1,201409,1,117185,23.0
AG16,24,C,13,11,C,0110,1,GS-11,F,XXXX,8,10,F,1,201409,1,063091,03.5
AG16,38,H,13,12,I,0110,1,GS-12,I,XXXX,8,10,F,1,201409,1,090344,30.3
AG16,29,E,17,12,E,0110,1,GS-12,H,XXXX,8,10,F,1,201409,1,083395,12.2
AG16,05,H,10,14,G,0110,1,GS-14,J,XXXX,8,10,F,1,201409,1,107421,24.8
AG16,13,H,17,12,H,0110,1,GS-12,I,XXXX,8,10,F,1,201409,1,090344,25.3
AG16,48,I,17,14,I,0110,1,GS-14,M,XXXX,8,10,F,1,201409,1,134189,33.2
AG16,11,F,13,14,F,0110,1,GS-14,L,XXXX,8,10,F,1,201409,1,127512,19.6
AG16,30,C,17,12,C,0110,1,GS-12,F,XXXX,8,10,F,1,201409,1,069497,04.7
AG16,51,I,17,12,I,0110,1,GS-12,I,XXXX,8,10,F,1,201409,1,092172,33.7
AG16,40,D,11,12,E,0110,1,GS-12,H,XXXX,4,10,F,1,201409,1,081079,12.3
AG16,10,J,17,12,J,0110,1,GS-12,I,XXXX,8,10,F,1,201409,1,096382,36.8
AG18,11,D,21,12,A,0110,1,GS-12,H,XXXX,8,15,F,1,201409,1,085703,00.2
AG18,11,G,21,14,E,0110,1,GS-14,L,XXXX,8,10,F,1,201409,1,127512,13.3
AG18,11,J,21,15,G,0110,1,GS-15,O,XXXX,8,10,F,1,201409,1,157100,23.5
AG18,11,I,17,15,H,0110,1,GS-15,O,XXXX,8,10,F,1,201409,1,157100,29.0
AG18,11,J,21,14,D,0110,1,GS-14,M,XXXX,8,10,F,1,201409,1,134595,09.1
AG18,11,E,21,13,C,0110,1,GS-13,I,XXXX,8,10,F,1,201409,1,095919,04.7
AG18,11,H,21,,F,0110,1,ES-**,P,XXXX,2,50,F,1,201409,1,168606,17.6
AG18,11,H,22,13,D,0110,1,GS-13,K,XXXX,8,10,F,1,201409,1,113904,08.1
AG18,11,D,21,12,B,0110,1,GS-12,H,XXXX,8,15,F,1,201409,1,085703,01.0
AG18,11,H,17,15,G,0110,1,GS-15,O,XXXX,8,10,F,1,201409,1,157100,22.7
AG18,11,D,21,13,D,0110,1,GS-13,I,XXXX,8,10,F,1,201409,1,098916,05.1
AG18,11,I,17,13,G,0110,1,GM-13,K,XXXX,5,10,F,1,201409,1,116901,23.8
AG18,11,I,17,14,I,0110,1,GS-14,M,XXXX,8,10,F,1,201409,1,134595,30.6
AG18,11,D,21,13,C,0110,1,GS-13,I,XXXX,8,10,F,1,201409,1,095919,03.9
AG18,11,G,20,14,E,0110,1,GS-14,L,XXXX,8,10,F,1,201409,1,123970,14.2
AG18,11,E,21,14,D,0110,1,GS-14,K,XXXX,8,10,F,1,201409,1,116887,07.1
AG18,11,I,21,14,I,0110,1,GS-14,M,XXXX,8,10,F,1,201409,1,134595,31.0
AG18,11,J,21,14,G,0110,1,GS-14,L,XXXX,8,10,F,1,201409,1,127512,22.7
AG18,11,K,18,13,J,0110,1,GM-13,K,XXXX,5,10,F,1,201409,1,116901,36.3
AG18,11,I,21,14,F,0110,1,GS-14,L,XXXX,8,10,F,1,201409,1,123970,15.6
AG18,11,I,17,14,I,0110,1,GS-14,M,XXXX,8,10,F,1,201409,1,138136,33.7
AG18,11,C,13,11,D,0110,1,GS-11,G,XXXX,8,10,F,1,201409,1,079916,06.2
AG18,11,C,21,12,A,0110,1,GS-12,H,XXXX,8,15,F,1,201409,1,085703,00.3
AG18,11,K,21,15,I,0110,1,GM-15,O,XXXX,5,10,F,1,201409,1,157100,30.9
AG18,11,J,21,14,H,0110,1,GS-14,M,XXXX,8,10,F,1,201409,1,131053,25.2
AG18,11,I,22,15,D,0110,1,GS-15,O,XXXX,8,10,F,1,201409,1,157100,05.2
AG18,11,D,21,12,A,0110,1,GS-12,H,XXXX,8,15,F,1,201409,1,085703,00.1
AG18,11,I,17,12,J,0110,1,GS-12,I,XXXX,8,10,F,1,201409,1,098305,35.2
AG18,11,J,21,15,I,0110,1,GS-15,O,XXXX,5,10,F,1,201409,1,157100,30.2
AG18,11,C,21,12,A,0110,1,GS-12,H,XXXX,8,15,F,1,201409,1,085703,00.1
AG18,11,D,17,09,A,0110,1,GS-09,E,XXXX,8,15,F,1,201409,1,052146,00.3
AG18,11,J,17,13,I,0110,1,GM-13,K,XXXX,5,10,F,1,201409,1,116901,34.8
AG18,11,C,17,09,B,0110,1,GS-09,E,XXXX,8,15,F,1,201409,1,057360,01.0
AG18,11,I,17,13,H,0110,1,GS-13,K,XXXX,8,10,F,1,201409,1,110906,29.8
AG18,11,K,21,15,G,0110,1,GS-15,N,XXXX,8,10,F,1,201409,1,149993,23.3
AG18,11,E,21,12,C,0110,1,GS-12,I,XXXX,8,15,F,1,201409,1,090744,04.0
AG18,11,E,21,12,A,0110,1,GS-12,H,XXXX,8,15,F,1,201409,1,085703,00.8
AG18,11,I,21,14,H,0110,1,GS-14,M,XXXX,8,10,F,1,201409,1,138136,27.8
AG18,11,K,21,15,I,0110,1,GS-15,O,XXXX,8,10,F,1,201409,1,154160,30.3
AG18,11,E,21,13,D,0110,1,GS-13,I,XXXX,8,10,F,1,201409,1,098916,08.0
AG18,11,H,14,15,H,0110,1,GS-15,N,XXXX,8,10,F,1,201409,1,145827,29.5
AG18,11,J,21,15,I,0110,1,GS-15,O,XXXX,5,10,F,1,201409,1,157100,30.3
AG18,11,K,21,15,J,0110,1,GM-15,O,XXXX,2,10,F,1,201409,1,157100,36.2
AG18,11,I,17,13,H,0110,1,GS-13,K,XXXX,8,10,F,1,201409,1,116901,29.0
AG18,11,E,21,14,C,0110,1,GS-14,L,XXXX,8,10,F,1,201409,1,120429,04.6
AG18,11,D,21,13,D,0110,1,GS-13,I,XXXX,8,10,F,1,201409,1,098916,06.1
AG18,11,D,21,12,A,0110,1,GS-12,H,XXXX,8,15,F,1,201409,1,085703,00.1
AG18,11,J,17,15,I,0110,1,GM-15,O,XXXX,5,10,F,1,201409,1,157100,34.2
AG18,11,C,17,12,B,0110,1,GS-12,G,XXXX,8,15,F,1,201409,1,075621,02.8
AG18,11,B,17,09,B,0110,1,GS-09,E,XXXX,8,15,F,1,201409,1,053884,01.0
AG18,11,H,21,15,H,0110,1,GS-15,N,XXXX,8,10,F,1,201409,1,145827,25.8
AG18,11,D,22,12,C,0110,1,GS-12,H,XXXX,8,42,F,2,201409,1,088224,03.0
AG18,11,H,21,15,G,0110,1,GS-15,N,XXXX,2,10,F,1,201409,1,149993,23.8
AG18,11,H,17,14,H,0110,1,GS-14,M,XXXX,5,10,F,1,201409,1,134595,29.4
AG18,11,D,21,12,A,0110,1,GS-12,H,XXXX,8,15,F,1,201409,1,085703,00.0
AG18,11,E,21,12,C,0110,1,GS-12,I,XXXX,8,10,F,1,201409,1,090744,04.8
AG18,11,J,17,15,I,0110,1,GS-15,N,XXXX,8,10,F,1,201409,1,149993,33.9
AG18,11,K,19,13,I,0110,1,GS-13,K,XXXX,8,10,F,1,201409,1,116901,34.6
AG18,11,I,21,14,D,0110,1,GS-14,M,XXXX,8,10,F,1,201409,1,138136,05.0
AG18,11,D,21,12,A,0110,1,GS-12,H,XXXX,8,15,F,1,201409,1,085703,00.0
AG18,11,H,21,15,F,0110,1,GS-15,N,XXXX,8,10,F,1,201409,1,149993,16.9
AG18,11,I,21,15,I,0110,1,GS-15,O,XXXX,8,10,F,1,201409,1,157100,30.8
AG18,11,H,13,13,I,0110,1,GM-13,K,XXXX,5,10,P,2,201409,1,116901,31.2
AG18,11,K,18,15,J,0110,1,GM-15,O,XXXX,5,10,F,1,201409,1,157100,37.2
AG18,11,H,21,15,H,0110,1,GS-15,O,XXXX,8,10,F,1,201409,1,154160,25.2
AG18,11,F,21,15,C,0110,1,GS-15,N,XXXX,2,10,F,1,201409,1,145827,04.7
AG18,11,E,21,13,D,0110,1,GS-13,J,XXXX,8,10,P,2,201409,1,101914,09.0
AG18,11,K,21,15,H,0110,1,GS-15,N,XXXX,8,10,F,1,201409,1,149993,25.7
AG18,11,D,17,12,D,0110,1,GS-12,I,XXXX,8,15,F,1,201409,1,098305,09.2
AG18,11,K,21,13,I,0110,1,GM-13,K,XXXX,5,10,F,1,201409,1,116901,34.1
AG18,11,J,18,14,I,0110,1,GS-14,M,XXXX,8,10,F,1,201409,1,134595,32.0
AG18,11,G,21,,B,0110,1,ES-**,Q,XXXX,2,50,F,1,201409,1,172278,01.8
AG18,11,G,17,13,G,0110,1,GS-13,K,XXXX,8,10,P,2,201409,1,116901,24.9
AG18,11,E,21,13,D,0110,1,GS-13,J,XXXX,8,10,F,1,201409,1,104911,05.2
AG18,11,I,17,13,H,0110,1,GS-13,K,XXXX,8,10,F,1,201409,1,113904,29.9
AG18,11,K,21,15,J,0110,1,GS-15,O,XXXX,8,10,F,1,201409,1,157100,40.4
AG18,11,J,21,14,H,0110,1,GS-14,L,XXXX,8,10,F,1,201409,1,127512,25.3
AG18,11,C,17,09,A,0110,1,GS-09,E,XXXX,8,15,F,1,201409,1,052146,00.0
AG18,11,G,21,13,C,0110,1,GS-13,J,XXXX,8,10,F,1,201409,1,107909,04.4
AG18,11,K,21,14,J,0110,1,GS-14,M,XXXX,8,10,F,1,201409,1,138136,42.7
AG18,11,K,21,15,F,0110,1,GS-15,N,XXXX,8,10,F,1,201409,1,145827,15.9
AG18,11,H,17,14,E,0110,1,GS-14,L,XXXX,8,10,F,1,201409,1,123970,13.5
AG18,11,F,22,15,E,0110,1,GS-15,N,XXXX,8,10,F,1,201409,1,141660,12.1
AG18,11,K,17,14,I,0110,1,GS-14,M,XXXX,8,10,F,1,201409,1,138136,34.4
AG18,11,F,17,14,E,0110,1,GS-14,L,XXXX,8,10,F,1,201409,1,123970,11.0
AG18,11,J,21,14,G,0110,1,GS-14,M,XXXX,8,10,F,1,201409,1,131053,24.8
AG18,11,D,21,12,D,0110,1,GS-12,I,XXXX,8,10,F,1,201409,1,090744,05.2
AG18,11,B,17,09,B,0110,1,GS-09,E,XXXX,8,15,F,1,201409,1,053884,01.0
AG18,11,K,17,15,J,0110,1,GS-15,O,XXXX,2,10,F,1,201409,1,157100,37.5
AG18,11,C,13,11,D,0110,1,GS-11,G,XXXX,8,10,F,1,201409,1,079916,05.0
AG18,11,I,17,13,J,0110,1,GM-13,K,XXXX,5,10,F,1,201409,1,116901,37.4
AG18,11,E,21,12,A,0110,1,GS-12,H,XXXX,8,15,F,1,201409,1,085703,00.1
AG18,11,I,21,14,H,0110,1,GS-14,M,XXXX,5,10,F,1,201409,1,134595,27.3
AG18,11,J,21,13,D,0110,1,GS-13,J,XXXX,8,10,P,2,201409,1,101914,06.2
AG18,11,J,21,15,I,0110,1,GS-15,O,XXXX,8,10,F,1,201409,1,157100,32.9
AG18,11,J,21,15,G,0110,1,GS-15,O,XXXX,8,10,F,1,201409,1,157100,24.5
AG18,11,E,13,09,D,0110,1,GS-09,E,XXXX,8,38,F,1,201409,1,053884,07.3
AG18,11,F,21,14,E,0110,1,GS-14,L,XXXX,8,10,P,2,201409,1,127512,14.9
AG18,11,H,21,14,E,0110,1,GS-14,L,XXXX,8,10,F,1,201409,1,127512,13.5
AG18,11,I,22,13,D,0110,1,GS-13,J,XXXX,8,10,F,1,201409,1,101914,06.5
AG18,11,H,21,15,C,0110,1,GS-15,N,XXXX,5,10,F,1,201409,1,141660,03.0
AG18,11,J,21,14,H,0110,1,GS-14,M,XXXX,5,10,F,1,201409,1,134595,28.3
AG18,11,I,13,14,C,0110,1,GS-14,L,XXXX,8,10,F,1,201409,1,127512,03.8
AG18,11,G,17,15,F,0110,1,GS-15,N,XXXX,2,10,F,1,201409,1,145827,15.7
AG18,11,H,21,14,D,0110,1,GS-14,L,XXXX,8,10,F,1,201409,1,120429,05.1
AG18,11,J,17,14,E,0110,1,GS-14,K,XXXX,8,10,F,1,201409,1,116887,12.8
AG18,11,K,21,13,I,0110,1,GS-13,K,XXXX,8,10,F,1,201409,1,116901,34.0
AG18,11,D,21,12,B,0110,1,GS-12,H,XXXX,8,15,F,1,201409,1,085703,01.0
AG18,11,J,17,14,I,0110,1,GS-14,M,XXXX,5,10,F,1,201409,1,134595,32.0
AG18,11,J,17,14,I,0110,1,GS-14,M,XXXX,5,10,F,1,201409,1,131053,34.6
AG18,11,K,20,13,H,0110,1,GM-13,K,XXXX,5,10,F,1,201409,1,116901,27.1
AG18,11,F,21,14,E,0110,1,GS-14,K,XXXX,8,10,F,1,201409,1,113346,11.0
AG18,11,D,17,11,B,0110,1,GS-11,F,XXXX,8,15,F,1,201409,1,069400,01.2
AG18,11,E,21,13,D,0110,1,GS-13,J,XXXX,8,10,F,1,201409,1,101914,06.0
AG18,11,J,21,15,H,0110,1,GS-15,O,XXXX,8,10,F,1,201409,1,157100,26.2
AG18,11,K,21,13,G,0110,1,GM-13,K,XXXX,5,10,F,1,201409,1,116901,24.0
AG18,11,E,21,13,B,0110,1,GS-13,K,XXXX,8,15,F,1,201409,1,116901,02.2
AG18,11,F,17,14,A,0110,1,GS-14,J,XXXX,8,15,F,1,201409,1,106263,00.3
AG18,11,J,21,13,G,0110,1,GS-13,K,XXXX,8,10,F,1,201409,1,116901,23.9
AG18,11,J,21,15,H,0110,1,GS-15,N,XXXX,8,10,F,1,201409,1,145827,26.0
AG18,11,D,21,13,C,0110,1,GS-13,I,XXXX,8,10,F,1,201409,1,098916,04.0
AG18,11,J,21,15,J,0110,1,GS-15,O,XXXX,2,10,F,1,201409,1,157100,35.2
AG18,11,F,21,13,E,0110,1,GS-13,J,XXXX,8,10,F,1,201409,1,107909,13.3
AG18,11,H,21,14,G,0110,1,GS-14,M,XXXX,8,10,F,1,201409,1,134595,24.5
AG18,11,I,21,15,H,0110,1,GS-15,O,XXXX,2,10,F,1,201409,1,157100,25.7
AG18,11,H,21,15,A,0110,1,GS-15,O,XXXX,2,15,F,1,201409,1,157100,00.4
AG18,11,D,21,12,B,0110,1,GS-12,H,XXXX,8,15,F,1,201409,1,085703,01.2
AG18,11,F,21,14,E,0110,1,GS-14,L,XXXX,8,10,F,1,201409,1,120429,12.2
AG18,11,E,13,14,E,0110,1,GS-14,J,XXXX,5,10,F,1,201409,1,109804,13.0
AG18,11,H,21,13,D,0110,1,GS-13,J,XXXX,8,10,F,1,201409,1,107909,07.9
AG18,11,C,21,12,A,0110,1,GS-12,H,XXXX,8,15,F,1,201409,1,085703,00.3
AG18,11,J,17,15,J,0110,1,GM-15,O,XXXX,5,10,F,1,201409,1,157100,39.1
AG18,11,H,22,,F,0110,1,ES-**,Q,XXXX,2,50,F,1,201409,1,170259,17.7
AG18,11,F,18,15,E,0110,1,GS-15,N,XXXX,2,10,F,1,201409,1,141660,12.3
AG18,11,E,21,12,A,0110,1,GS-12,H,XXXX,8,15,F,1,201409,1,085703,00.3
AG18,11,I,21,,F,0110,1,ES-**,R,XXXX,2,50,F,1,201409,1,181500,17.0
AG18,11,D,17,11,B,0110,1,GS-11,F,XXXX,8,15,F,1,201409,1,063091,01.8
AG18,11,J,17,15,J,0110,1,GS-15,O,XXXX,5,10,F,1,201409,1,154160,36.6
AG18,11,H,22,14,E,0110,1,GS-14,L,XXXX,8,10,F,1,201409,1,123970,14.1
AG18,11,J,17,13,I,0110,1,GM-13,K,XXXX,5,10,F,1,201409,1,116901,31.5
AG18,11,D,21,13,C,0110,1,GS-13,J,XXXX,8,10,F,1,201409,1,101914,04.1
AG18,11,G,21,14,E,0110,1,GS-14,L,XXXX,8,10,F,1,201409,1,120429,12.7
AG18,11,F,21,12,A,0110,1,GS-12,H,XXXX,8,15,F,1,201409,1,085703,00.1
AG18,11,K,21,13,H,0110,1,GS-13,K,XXXX,8,10,F,1,201409,1,116901,29.7
AG18,11,F,17,12,D,0110,1,GS-12,H,XXXX,5,10,F,1,201409,1,088224,07.9
AG18,11,H,21,14,E,0110,1,GS-14,L,XXXX,8,10,F,1,201409,1,127512,14.7
AG18,11,E,21,12,B,0110,1,GS-12,H,XXXX,8,15,F,1,201409,1,085703,01.0
AG18,11,D,13,12,D,0110,1,GS-12,H,XXXX,8,15,F,1,201409,1,088224,07.8
AG18,11,G,21,13,E,0110,1,GS-13,J,XXXX,8,10,F,1,201409,1,107909,12.8
AG18,11,I,21,15,G,0110,1,GS-15,N,XXXX,8,10,F,1,201409,1,145827,22.0
AG18,11,J,18,15,I,0110,1,GS-15,O,XXXX,2,10,F,1,201409,1,157100,30.6
AG18,11,I,21,14,G,0110,1,GS-14,M,XXXX,8,10,F,1,201409,1,131053,21.9
AG18,11,J,17,15,I,0110,1,GS-15,O,XXXX,8,10,F,1,201409,1,157100,31.5
AG18,11,G,21,13,F,0110,1,GS-13,K,XXXX,8,10,F,1,201409,1,110906,15.2
AG18,11,H,21,15,G,0110,1,GS-15,N,XXXX,2,10,F,1,201409,1,145827,20.2
AG18,11,K,21,14,J,0110,1,GM-14,M,XXXX,5,10,F,1,201409,1,138136,35.0
AG18,11,K,21,14,I,0110,1,GS-14,M,XXXX,8,10,F,1,201409,1,138136,32.2
AG18,11,I,17,15,I,0110,1,GS-15,O,XXXX,8,10,F,1,201409,1,154160,32.6
AG18,11,J,17,14,H,0110,1,GS-14,M,XXXX,8,10,F,1,201409,1,138136,25.3
AG18,11,E,21,12,B,0110,1,GS-12,H,XXXX,8,15,F,1,201409,1,085703,01.3
AG18,11,I,17,15,I,0110,1,GS-15,N,XXXX,5,10,F,1,201409,1,145827,32.3
AG18,11,C,21,12,A,0110,1,GS-12,H,XXXX,8,15,F,1,201409,1,085703,00.4
AG18,11,G,21,14,E,0110,1,GS-14,K,XXXX,8,10,F,1,201409,1,116887,12.0
AG18,11,I,21,15,F,0110,1,GS-15,N,XXXX,5,10,F,1,201409,1,149993,15.3
AG18,11,G,21,13,C,0110,1,GS-13,I,XXXX,8,10,F,1,201409,1,098916,04.3
AG18,11,E,17,12,D,0110,1,GS-12,Z,XXXX,8,15,F,1,201409,1,,05.4
AG18,11,H,21,15,G,0110,1,GS-15,O,XXXX,4,10,F,1,201409,1,154160,23.2
AG18,11,D,21,12,A,0110,1,GS-12,H,XXXX,8,15,F,1,201409,1,085703,00.0
AG18,11,D,21,12,B,0110,1,GS-12,H,XXXX,7,15,F,1,201409,1,088224,02.0
AG18,11,I,21,13,I,0110,1,GS-13,K,XXXX,8,10,F,1,201409,1,116901,31.5
AG18,11,D,21,12,A,0110,1,GS-12,H,XXXX,8,15,F,1,201409,1,085703,00.9
AG18,11,I,21,14,G,0110,1,GS-14,M,XXXX,8,10,F,1,201409,1,134595,24.9
AG18,11,J,17,15,I,0110,1,GS-15,O,XXXX,8,10,F,1,201409,1,157100,34.3
AG18,11,I,21,14,H,0110,1,GM-14,M,XXXX,5,10,F,1,201409,1,138136,29.8
AG18,11,K,18,13,J,0110,1,GS-13,K,XXXX,8,10,F,1,201409,1,116901,38.1
AG18,11,H,17,13,G,0110,1,GS-13,K,XXXX,8,10,P,2,201409,1,113904,24.5
AG18,11,D,17,12,D,0110,1,GS-12,H,XXXX,8,10,F,1,201409,1,085703,06.8
AG18,11,K,21,15,I,0110,1,GM-15,O,XXXX,5,10,F,1,201409,1,157100,34.1
AG18,11,I,13,14,I,0110,1,GS-14,L,XXXX,5,10,F,1,201409,1,127512,33.8
AG18,11,H,21,14,F,0110,1,GS-14,M,XXXX,8,10,F,1,201409,1,131053,16.0
AG18,11,J,21,14,G,0110,1,GS-14,M,XXXX,8,10,F,1,201409,1,131053,22.0
AG18,11,I,21,15,D,0110,1,GS-15,N,XXXX,4,10,F,1,201409,1,149993,05.1
AG18,11,E,21,13,C,0110,1,GS-13,I,XXXX,8,10,F,1,201409,1,098916,04.9
AG18,11,G,18,13,D,0110,1,GS-13,J,XXXX,8,10,P,2,201409,1,107909,09.7
AG18,11,C,17,09,C,0110,1,GS-09,F,XXXX,8,10,F,1,201409,1,062573,04.6
AG18,11,F,21,15,D,0110,1,GS-15,O,XXXX,2,10,F,1,201409,1,154160,05.6
AG18,11,I,21,15,G,0110,1,GS-15,O,XXXX,2,10,F,1,201409,1,157100,21.0
AG18,11,J,17,13,I,0110,1,GS-13,K,XXXX,8,10,F,1,201409,1,116901,31.1
AG18,11,H,21,14,D,0110,1,GS-14,K,XXXX,8,10,F,1,201409,1,116887,07.5
AG18,11,J,21,15,H,0110,1,GS-15,O,XXXX,2,10,F,1,201409,1,157100,25.2
AG18,11,G,21,13,C,0110,1,GS-13,J,XXXX,8,10,F,1,201409,1,107909,04.0
AG18,11,H,21,15,F,0110,1,GS-15,M,XXXX,8,10,F,1,201409,1,137494,15.8
AG18,11,I,22,15,D,0110,1,GS-15,N,XXXX,8,10,F,1,201409,1,145827,05.7
AG18,11,J,21,13,J,0110,1,GM-13,K,XXXX,5,10,F,1,201409,1,116901,35.0
AG18,11,J,21,13,I,0110,1,GS-13,K,XXXX,8,10,F,1,201409,1,113904,32.3
AG18,11,K,18,13,J,0110,1,GS-13,K,XXXX,8,10,F,1,201409,1,116901,39.8
AG18,11,J,14,13,H,0110,1,GS-13,K,XXXX,8,10,F,1,201409,1,110906,29.0
AG18,11,K,21,13,J,0110,1,GM-13,K,XXXX,5,10,F,1,201409,1,116901,36.2
AG18,11,J,21,14,H,0110,1,GS-14,M,XXXX,8,10,F,1,201409,1,134595,29.3
AG18,11,D,21,13,D,0110,1,GS-13,J,XXXX,8,10,F,1,201409,1,101914,05.2
AG18,11,H,17,14,H,0110,1,GS-14,M,XXXX,8,10,F,1,201409,1,134595,25.6
AG30,51,I,21,13,H,0110,1,GS-13,K,XXXX,8,10,F,1,201409,1,116901,26.8
AG30,51,I,17,12,F,0110,1,GS-12,I,XXXX,8,10,F,1,201409,1,093264,16.2
AG32,11,J,17,13,J,0110,1,GM-13,K,XXXX,5,10,F,1,201409,1,116901,36.9
AG32,11,J,17,14,J,0110,1,GS-14,M,XXXX,8,10,F,1,201409,1,138136,36.7
AG32,11,H,17,13,H,0110,1,GS-13,K,XXXX,8,10,F,1,201409,1,116901,26.8
AG32,11,J,17,14,I,0110,1,GS-14,M,XXXX,8,10,F,1,201409,1,138136,34.7
AG32,11,I,17,13,H,0110,1,GM-13,K,XXXX,5,10,P,2,201409,1,115419,29.5
AG32,11,I,04,14,I,0110,1,GM-14,M,XXXX,5,10,F,1,201409,1,138136,33.6
AG32,11,K,21,14,J,0110,1,GM-14,M,XXXX,5,10,F,1,201409,1,138136,40.5
AG32,11,D,17,12,B,0110,1,GS-12,G,XXXX,8,15,F,1,201409,1,075621,02.8
AG32,11,I,17,14,H,0110,1,GS-14,M,XXXX,8,10,F,1,201409,1,134595,26.3
AG32,11,D,21,12,B,0110,1,GS-12,G,XXXX,8,15,F,1,201409,1,075621,02.8
AG32,11,F,17,13,D,0110,1,GS-13,J,XXXX,8,10,F,1,201409,1,101914,07.5
AG32,11,H,17,13,G,0110,1,GS-13,K,XXXX,8,10,F,1,201409,1,116901,24.3
AG34,08,C,13,05,A,0119,3,GS-05,C,XXXX,8,40,P,2,201409,1,033944,00.1
AG34,24,J,17,13,F,0110,1,GS-13,J,XXXX,5,10,F,1,201409,1,101914,16.4
AG34,08,D,07,09,B,0110,1,GS-09,E,XXXX,8,40,F,2,201409,1,051433,01.3
AG34,24,I,21,14,H,0110,1,GS-14,M,XXXX,8,10,F,1,201409,1,138136,27.7
AG34,24,F,21,14,D,0110,1,GS-14,L,XXXX,8,10,F,1,201409,1,120429,09.9
AG34,24,J,21,15,H,0110,1,GS-15,O,XXXX,2,10,F,1,201409,1,154160,25.0
AG34,08,F,21,13,E,0110,1,GS-13,J,XXXX,2,10,F,1,201409,1,100519,11.1
AG34,08,J,17,14,G,0110,1,GS-14,M,XXXX,8,10,F,1,201409,1,132753,24.1
AG34,24,D,21,12,B,0110,1,GS-12,G,XXXX,8,15,F,1,201409,1,075621,01.5
AG34,24,J,17,14,D,0110,1,GS-14,K,XXXX,5,10,F,1,201409,1,116887,07.6
AG34,08,B,13,05,A,0119,3,GS-05,C,XXXX,8,40,I,2,201409,1,033944,00.1
AG34,24,G,17,14,G,0110,1,GS-14,L,XXXX,8,10,F,1,201409,1,127512,22.7
AG34,24,J,21,14,G,0110,1,GS-14,M,XXXX,2,10,F,1,201409,1,138136,22.8
AG34,24,C,13,09,B,0110,1,GS-09,E,XXXX,8,10,F,1,201409,1,052146,02.9
AG34,24,F,21,14,D,0110,1,GS-14,K,XXXX,5,10,F,1,201409,1,116887,08.2
AG34,08,J,17,13,H,0110,1,GS-13,K,XXXX,8,10,F,1,201409,1,115301,25.3
AG34,08,E,17,05,B,0119,3,GS-05,C,XXXX,8,40,I,2,201409,1,033944,01.1
AG34,37,J,17,14,J,0110,1,GS-14,L,XXXX,5,10,F,1,201409,1,124111,35.0
AG34,08,D,15,12,D,0110,1,GS-12,H,XXXX,8,10,F,1,201409,1,082044,09.0
AG34,08,D,17,11,C,0110,1,GS-11,F,XXXX,8,10,F,1,201409,1,068451,04.3
AG34,08,I,21,14,G,0110,1,GS-14,M,XXXX,5,10,F,1,201409,1,136246,23.4
AG34,37,J,17,14,H,0110,1,GS-14,L,XXXX,5,10,F,1,201409,1,127465,26.3
AG34,24,G,17,14,F,0110,1,GS-14,L,XXXX,8,10,F,1,201409,1,127512,17.5
AG34,08,H,21,14,G,0110,1,GS-14,L,XXXX,2,10,F,1,201409,1,129260,24.8
AG34,08,D,01,05,A,0119,3,GS-05,C,XXXX,8,40,I,2,201409,1,033944,00.3
AG36,19,I,21,13,E,0110,1,GS-13,J,XXXX,8,10,F,1,201409,1,101924,14.6
AG36,13,D,17,12,D,0110,1,GS-12,G,XXXX,8,10,F,1,201409,1,077461,07.2
AG36,19,G,18,12,F,0110,1,GS-12,I,XXXX,8,10,F,1,201409,1,090344,16.0
AG36,11,J,17,14,E,0110,1,GS-14,M,XXXX,8,10,F,1,201409,1,134595,14.8
AG36,08,I,21,13,E,0110,1,GS-13,J,XXXX,8,10,F,1,201409,1,109388,10.4
AG36,11,I,17,13,E,0110,1,GS-13,J,XXXX,8,10,F,1,201409,1,104911,10.8
AG36,11,B,08,09,C,0110,1,GS-09,E,XXXX,8,15,F,1,201409,1,052146,04.2
AG36,11,E,13,14,E,0110,1,GS-14,L,XXXX,5,10,F,1,201409,1,123970,12.4
AG36,08,E,17,13,F,0110,1,GS-13,J,XXXX,8,10,F,1,201409,1,106432,15.6
AG37,11,D,17,11,C,0110,1,GS-11,F,XXXX,8,10,F,1,201409,1,063091,03.2
AG37,11,D,17,14,D,0110,1,GS-14,J,XXXX,5,10,F,1,201409,1,106263,09.5
AG37,11,I,12,14,I,0110,1,GS-14,M,XXXX,8,10,F,1,201409,1,138136,31.5
AG37,11,E,03,15,E,0110,1,GS-15,N,XXXX,2,10,F,1,201409,1,145827,14.2
AG37,11,H,17,14,C,0110,1,GS-14,L,XXXX,5,10,F,1,201409,1,127512,03.3
AG37,11,E,17,13,D,0110,1,GS-13,J,XXXX,8,10,F,1,201409,1,101914,07.8
AG37,11,J,21,14,E,0110,1,GS-14,L,XXXX,5,10,F,1,201409,1,123970,14.8
AG37,11,B,11,09,B,0110,1,GS-09,E,XXXX,8,15,F,1,201409,1,059098,01.3
AG37,11,K,15,15,F,0110,1,GS-15,N,XXXX,8,10,F,1,201409,1,149993,18.3
AG37,11,D,13,14,D,0110,1,GS-14,J,XXXX,8,10,F,1,201409,1,106263,07.3
AG37,11,H,21,14,D,0110,1,GS-14,N,XXXX,5,10,F,1,201409,1,145044,09.2
AG37,11,E,17,14,D,0110,1,GS-14,J,XXXX,4,10,F,1,201409,1,106263,08.2
AG38,11,I,21,15,F,0110,1,GS-15,O,XXXX,8,10,F,1,201409,1,157100,16.7
AG38,11,J,13,11,J,0110,1,GS-11,H,XXXX,8,10,F,1,201409,1,082019,39.5
AG38,11,J,17,15,J,0110,1,GM-15,O,XXXX,5,10,F,1,201409,1,157100,37.3
AG38,11,I,17,15,H,0110,1,GS-15,O,XXXX,8,10,F,1,201409,1,157100,27.8
AG38,11,I,17,15,H,0110,1,GS-15,N,XXXX,8,10,F,1,201409,1,149993,28.7
AG38,11,H,13,15,G,0110,1,GS-15,N,XXXX,8,10,F,1,201409,1,149993,21.2
AG38,11,E,20,13,D,0110,1,GS-13,J,XXXX,8,10,F,1,201409,1,101914,08.3
AG38,11,F,21,14,F,0110,1,GS-14,L,XXXX,8,10,F,1,201409,1,127512,15.0
AG38,11,G,21,,F,0110,1,SL-00,Q,XXXX,8,10,F,1,201409,1,170259,17.3
AG38,11,J,21,15,H,0110,1,GS-15,N,XXXX,8,10,F,1,201409,1,149993,27.8
AG38,11,I,21,15,H,0110,1,GS-15,O,XXXX,8,10,F,1,201409,1,157100,27.3
AG38,11,H,17,,G,0110,1,ES-**,R,XXXX,2,50,F,1,201409,1,181500,21.8
AG38,11,F,21,15,B,0110,1,GS-15,N,XXXX,8,15,F,1,201409,1,149993,01.3
AG38,11,H,21,15,G,0110,1,GS-15,O,XXXX,8,10,F,1,201409,1,154160,22.4
AG38,11,D,13,14,D,0110,1,GS-14,J,XXXX,8,10,F,1,201409,1,106263,07.5
AG38,11,J,13,15,J,0110,1,GS-15,O,XXXX,8,10,F,1,201409,1,157100,38.7
AG38,11,I,21,15,G,0110,1,GS-15,N,XXXX,8,10,F,1,201409,1,149993,24.9
AG38,11,I,21,14,D,0110,1,GS-14,M,XXXX,8,10,F,1,201409,1,131053,07.8
AG38,11,J,14,15,J,0110,1,GM-15,O,XXXX,5,10,F,1,201409,1,157100,38.7
AG38,11,J,21,,F,0110,1,ES-**,P,XXXX,8,50,F,1,201409,1,169775,17.6
AG38,11,J,21,15,H,0110,1,GS-15,N,XXXX,8,10,F,1,201409,1,145827,27.2
AG38,11,J,21,,H,0110,1,ES-**,R,XXXX,2,50,F,1,201409,1,181500,29.8
AGCR,11,C,09,11,D,0110,1,GS-11,F,XXXX,8,10,F,1,201409,1,063091,06.2
AGCR,11,B,08,11,D,0110,1,GS-11,F,XXXX,8,10,F,1,201409,1,063091,05.8
AGFA,11,F,17,14,F,0110,1,GS-14,L,XXXX,8,10,F,1,201409,1,127512,17.3
AGFA,11,J,21,14,G,0110,1,GS-14,M,XXXX,8,10,F,1,201409,1,138136,21.8
AGFA,11,I,21,15,F,0110,1,GS-15,N,XXXX,2,10,F,1,201409,1,141660,19.3
AGFA,11,G,17,15,F,0110,1,GS-15,N,XXXX,2,10,F,1,201409,1,149993,16.7
AGFA,11,J,21,15,H,0110,1,GS-15,O,XXXX,5,10,F,1,201409,1,157100,28.4
AGFA,11,I,21,14,G,0110,1,GS-14,M,XXXX,8,10,F,1,201409,1,134595,22.2
AGFA,11,J,21,14,I,0110,1,GS-14,M,XXXX,8,10,F,1,201409,1,134595,34.9
AGFA,11,J,21,15,H,0110,1,GM-15,O,XXXX,2,10,F,1,201409,1,157100,28.6
AGFA,11,K,14,13,J,0110,1,GS-13,K,XXXX,8,10,F,1,201409,1,116901,38.3
AGFA,11,H,17,14,F,0110,1,GS-14,L,XXXX,8,10,F,1,201409,1,127512,17.6
AGFA,11,I,21,14,D,0110,1,GS-14,K,XXXX,8,10,F,1,201409,1,116887,09.2
AGFA,11,G,17,14,F,0110,1,GS-14,L,XXXX,8,10,F,1,201409,1,127512,19.6
AGFA,11,F,17,13,E,0110,1,GS-13,J,XXXX,8,10,F,1,201409,1,104911,13.3
AGFA,11,I,21,15,H,0110,1,GS-15,O,XXXX,2,10,F,1,201409,1,157100,28.0
AGFA,11,K,17,14,I,0110,1,GS-14,M,XXXX,8,10,F,1,201409,1,138136,30.4
AGFA,11,I,17,15,I,0110,1,GM-15,O,XXXX,2,10,F,1,201409,1,157100,32.8
AGFA,11,J,17,14,I,0110,1,GS-14,M,XXXX,8,10,F,1,201409,1,138136,33.8
AGFA,29,H,12,14,I,0110,1,GS-14,L,XXXX,8,10,F,1,201409,1,126949,33.8
AGFA,11,G,17,14,D,0110,1,GS-14,M,XXXX,8,10,F,1,201409,1,131053,07.2
AGFA,11,J,17,15,I,0110,1,GS-15,O,XXXX,2,10,F,1,201409,1,157100,33.7
AGFA,11,J,21,15,G,0110,1,GS-15,O,XXXX,2,10,F,1,201409,1,157100,23.2
AGFA,11,F,17,14,E,0110,1,GS-14,L,XXXX,8,10,F,1,201409,1,120429,13.0
AGFA,11,I,21,14,H,0110,1,GS-14,M,XXXX,8,10,F,1,201409,1,134595,26.3
AM00,11,F,17,14,D,0110,1,GS-14,J,XXXX,8,10,F,1,201409,1,106263,06.2
AM00,11,I,17,15,G,0110,1,GS-15,N,XXXX,8,10,F,1,201409,1,141660,21.9
AM00,KE,G,17,,D,0110,1,FP-04,G,XXXX,8,38,F,1,201409,1,076206,05.3
AM00,11,E,17,,A,0110,1,FP-01,N,XXXX,8,48,F,2,201409,1,140683,00.5
AM00,11,H,21,,B,0110,1,FP-02,J,XXXX,8,48,F,2,201409,1,101283,02.9
AM00,KZ,D,17,,D,0110,1,FP-04,G,XXXX,8,38,F,1,201409,1,076206,07.3
AM00,11,E,13,,D,0110,1,FP-03,J,XXXX,8,48,F,2,201409,1,100934,07.9
AM00,KZ,H,17,,G,0110,1,FP-03,J,XXXX,2,38,F,1,201409,1,105851,22.0
AM00,11,E,17,15,E,0110,1,GS-15,L,XXXX,2,10,F,1,201409,1,124995,12.2
AM00,11,J,21,15,D,0110,1,GS-15,O,XXXX,8,10,F,1,201409,1,154160,09.6
AM00,11,K,18,14,I,0110,1,GS-14,M,XXXX,8,10,F,1,201409,1,138136,30.3
AM00,GH,G,13,,G,0110,1,FP-02,J,XXXX,2,48,F,2,201409,1,103122,21.4
AM00,CG,D,14,,D,0110,1,FP-04,F,XXXX,8,38,F,1,201409,1,063821,05.4
AM00,11,C,17,11,A,0110,1,GS-11,F,XXXX,8,35,F,1,201409,1,063091,00.1
AM00,11,J,21,14,I,0110,1,GS-14,M,XXXX,5,10,F,1,201409,1,134595,34.0
AM00,11,E,21,,D,0110,1,FO-03,L,XXXX,8,38,F,1,201409,1,120521,08.3
AM00,11,I,17,,A,0110,1,FP-02,L,XXXX,8,48,F,2,201409,1,128302,00.7
AM00,TH,E,22,,D,0110,1,FP-03,I,XXXX,8,38,F,1,201409,1,094046,07.1
AM00,11,E,17,14,C,0110,1,GS-14,J,XXXX,8,10,F,1,201409,1,109804,04.0
AM00,GT,D,17,,D,0110,1,FP-03,H,XXXX,8,38,F,1,201409,1,081126,09.5
AM00,11,K,04,,E,0110,1,FP-01,O,XXXX,8,48,F,2,201409,1,157100,13.3
AM00,PK,E,04,,D,0110,1,FP-03,H,XXXX,8,38,F,1,201409,1,088648,07.7
AM00,GH,G,21,,C,0110,1,FP-02,I,XXXX,8,38,F,1,201409,1,097203,03.9
AM00,KG,F,14,,E,0110,1,FO-02,J,XXXX,2,38,F,1,201409,1,100119,10.5
AM00,RP,I,21,,C,0110,1,FP-02,I,XXXX,8,48,F,2,201409,1,097203,03.2
AM00,**,I,17,,E,0110,1,FO-02,K,XXXX,2,38,F,1,201409,1,116066,12.5
AM00,CO,J,17,,D,0110,1,FO-02,L,XXXX,8,38,F,1,201409,1,123135,05.2
AM00,AF,D,17,,C,0110,1,FP-04,G,XXXX,8,48,F,2,201409,1,073986,03.3
AM00,EG,I,21,,E,0110,1,FP-02,J,XXXX,2,48,F,2,201409,1,100119,12.3
AM00,11,D,13,14,A,0110,1,GS-14,J,XXXX,8,15,F,1,201409,1,106263,00.8
AM00,11,J,21,14,I,0110,1,GS-14,M,XXXX,8,10,F,1,201409,1,138136,34.2
AM00,MI,E,17,,C,0110,1,FP-04,G,XXXX,8,38,F,1,201409,1,073986,03.9
AM00,ET,E,17,,D,0110,1,FO-03,H,XXXX,8,38,F,1,201409,1,081126,05.3
AM00,ZI,E,17,,D,0110,1,FO-03,G,XXXX,8,38,F,1,201409,1,074241,05.8
AM00,11,J,17,15,J,0110,1,GS-15,O,XXXX,5,10,F,1,201409,1,157100,37.8
AM00,HA,G,21,,C,0110,1,FP-03,G,XXXX,8,48,F,2,201409,1,078763,03.2
AM00,PE,E,14,,D,0110,1,FP-03,H,XXXX,8,38,F,1,201409,1,081126,05.4
AM00,11,F,21,,C,0110,1,FP-05,G,XXXX,8,48,F,2,201409,1,079131,04.7
AM00,11,F,17,,E,0110,1,FO-02,K,XXXX,2,38,F,1,201409,1,117414,10.0
AM00,11,D,17,14,D,0110,1,GS-14,K,XXXX,8,10,F,1,201409,1,113346,06.1
AM00,ID,G,17,,F,0110,1,FO-01,K,XXXX,2,38,F,1,201409,1,113075,16.8
AM00,11,I,21,,A,0110,1,ST-00,P,XXXX,2,48,F,2,201409,1,165500,00.7
AM00,TZ,H,21,,C,0110,1,FP-03,H,XXXX,8,38,F,1,201409,1,088648,03.9
AM00,11,K,21,15,I,0110,1,GS-15,O,XXXX,8,10,F,1,201409,1,157100,34.0
AM00,SG,F,17,,D,0110,1,FP-04,G,XXXX,8,38,F,1,201409,1,078492,06.0
AM00,11,D,17,13,C,0110,1,GS-13,I,XXXX,8,10,F,1,201409,1,092922,03.1
AM00,11,E,17,,D,0110,1,FO-02,J,XXXX,8,38,F,1,201409,1,104321,09.6
AM00,EG,D,17,,B,0110,1,FP-04,G,XXXX,8,48,F,2,201409,1,073986,02.3
AM00,11,C,17,11,A,0110,1,GS-11,F,XXXX,8,35,F,1,201409,1,063091,00.2
AM00,UG,F,17,,C,0110,1,FP-04,F,XXXX,8,38,F,1,201409,1,060158,03.8
AM00,11,J,14,15,E,0110,1,GS-15,Z,XXXX,5,10,F,1,201409,1,,10.2
AM00,11,H,21,15,D,0110,1,GS-15,N,XXXX,2,10,F,1,201409,1,141660,06.2
AM00,TH,D,17,,D,0110,1,FP-04,F,XXXX,8,48,F,2,201409,1,060158,08.3
AM00,SF,E,17,,D,0110,1,FP-03,J,XXXX,8,38,F,1,201409,1,105851,08.0
AM00,11,G,21,,D,0110,1,FP-03,I,XXXX,8,38,F,1,201409,1,092369,05.3
AM00,KE,E,21,,C,0110,1,FP-04,G,XXXX,8,38,F,1,201409,1,076206,04.1
AM00,RW,E,17,,C,0110,1,FP-04,F,XXXX,8,38,F,1,201409,1,061962,04.3
AM00,MZ,F,17,,D,0110,1,FP-02,K,XXXX,8,48,F,2,201409,1,119547,06.5
AM00,11,D,13,14,D,0110,1,GS-14,K,XXXX,8,10,F,1,201409,1,116887,09.6
AM00,11,K,21,,I,0110,1,FO-01,O,XXXX,8,38,F,1,201409,1,157100,32.2
AM00,AF,H,21,,E,0110,1,FP-01,N,XXXX,8,48,F,2,201409,1,142714,10.1
AM00,11,K,21,,B,0110,1,FP-01,O,XXXX,8,48,F,2,201409,1,157100,01.3
AM00,11,D,13,13,C,0110,1,GS-13,H,XXXX,8,10,F,1,201409,1,089924,04.1
AM00,AF,J,18,,D,0110,1,FP-02,L,XXXX,2,48,F,2,201409,1,123135,09.8
AM00,UP,H,17,,B,0110,1,FP-04,E,XXXX,8,48,F,2,201409,1,058406,02.3
AM00,11,F,17,14,D,0110,1,GS-14,L,XXXX,8,10,F,1,201409,1,120429,07.8
AM00,11,I,17,,F,0110,1,FP-04,H,XXXX,8,38,F,1,201409,1,086768,15.6
AM00,11,K,14,,H,0110,1,FP-01,O,XXXX,2,48,F,2,201409,1,157100,25.5
AM00,11,E,17,14,D,0110,1,GS-14,J,XXXX,8,10,F,1,201409,1,109804,08.4
AM00,11,E,21,,D,0110,1,FP-03,K,XXXX,8,38,F,1,201409,1,110294,08.7
AM00,NI,F,21,,D,0110,1,FP-02,J,XXXX,8,48,F,2,201409,1,109403,09.9
ARCE,48,H,17,11,D,0110,1,GS-11,G,XXXX,8,10,F,1,201409,1,075589,08.3
ARCE,06,H,17,14,E,0110,1,GS-14,N,XXXX,8,10,F,1,201409,1,146438,14.8
ARCE,27,G,08,12,H,0110,1,GS-12,I,XXXX,8,10,F,1,201409,1,099994,27.6
ARCE,31,C,12,11,C,0110,1,GS-11,E,XXXX,8,10,F,1,201409,1,059915,03.8
ARCE,35,C,17,11,D,0110,1,GS-11,E,XXXX,8,10,F,1,201409,1,059915,07.4
ARCE,01,E,08,12,E,0110,1,GS-12,G,XXXX,8,10,F,1,201409,1,074130,10.7
ARCE,25,K,18,13,I,0110,1,GS-13,K,XXXX,8,10,F,1,201409,1,114435,31.1
ARCE,48,E,17,13,D,0110,1,GS-13,I,XXXX,8,10,F,1,201409,1,099386,07.3
ARCE,42,G,17,12,G,0110,1,GS-12,H,XXXX,8,10,F,1,201409,1,087371,21.2
ARCE,45,H,13,13,H,0110,1,GS-13,J,XXXX,8,10,F,1,201409,1,107434,29.2
ARCE,27,I,14,12,J,0110,1,GS-12,I,XXXX,8,10,F,1,201409,1,099994,35.7
ARCE,36,H,13,13,G,0110,1,GS-13,K,XXXX,8,10,F,1,201409,1,111818,23.6
ARCE,06,C,13,11,D,0110,1,GS-11,F,XXXX,8,10,F,1,201409,1,064585,05.2
ARCE,48,H,17,13,F,0110,1,GS-13,I,XXXX,8,10,F,1,201409,1,099001,15.9
ARCE,53,D,13,12,C,0110,1,GS-12,G,XXXX,8,10,F,1,201409,1,076626,04.9
ARCE,29,C,13,11,D,0110,1,GS-11,F,XXXX,8,10,F,1,201409,1,063780,05.8
ARCE,29,I,13,13,I,0110,1,GS-13,I,XXXX,8,10,F,1,201409,1,096415,31.1
ARCE,53,J,17,12,F,0110,1,GS-12,H,XXXX,8,20,I,2,201409,1,085711,18.8
ARCE,11,G,13,15,H,0110,1,GS-15,N,XXXX,8,10,F,1,201409,1,149993,27.1
ARCE,26,H,17,12,E,0110,1,GS-12,I,XXXX,8,10,F,1,201409,1,095685,13.8
ARCE,39,I,17,14,H,0110,1,GS-14,L,XXXX,8,10,F,1,201409,1,121692,27.2
ARCE,22,I,17,13,H,0110,1,GS-13,J,XXXX,8,10,F,1,201409,1,107434,29.0
ARCE,22,I,17,13,H,0110,1,GS-13,J,XXXX,2,10,F,1,201409,1,107434,27.3
ARCE,54,J,17,13,J,0110,1,GS-13,J,XXXX,8,20,I,2,201409,1,107434,35.6
ARCE,54,F,13,12,G,0110,1,GS-12,G,XXXX,8,10,F,1,201409,1,071813,20.2
ARCE,47,I,17,12,I,0110,1,GS-12,I,XXXX,8,10,F,1,201409,1,094372,33.8
ARCE,06,K,17,11,E,0110,1,GS-11,G,XXXX,8,10,F,1,201409,1,079654,12.2
ARCE,53,K,17,13,I,0110,1,GS-13,J,XXXX,8,20,I,2,201409,1,107434,34.1
ARCE,35,F,13,12,G,0110,1,GS-12,I,XXXX,8,10,F,1,201409,1,090344,22.4
ARCE,01,E,13,13,E,0110,1,GS-13,H,XXXX,2,10,F,1,201409,1,088151,13.7
ARCE,41,J,17,14,I,0110,1,GS-14,M,XXXX,8,10,F,1,201409,1,130402,31.8
ARCE,21,C,04,12,D,0110,1,GS-12,G,XXXX,8,10,F,1,201409,1,071813,05.3
ARCE,27,C,13,12,D,0110,1,GS-12,G,XXXX,8,10,F,1,201409,1,078545,05.8
ARCE,42,C,13,11,D,0110,1,GS-11,F,XXXX,8,10,F,1,201409,1,061074,07.1
ARCE,05,C,13,11,D,0110,1,GS-11,F,XXXX,8,10,F,1,201409,1,063780,05.0
ARCE,13,J,13,14,J,0110,1,GS-14,L,XXXX,8,10,F,1,201409,1,123695,36.7
ARCE,22,D,17,12,E,0110,1,GS-12,I,XXXX,8,10,F,1,201409,1,090344,10.7
ARCE,51,E,17,15,E,0110,1,GS-15,L,XXXX,8,10,F,1,201409,1,124995,10.6
ARCE,48,J,13,11,E,0110,1,GS-11,G,XXXX,8,10,F,1,201409,1,077632,13.7
ARCE,17,H,14,13,H,0110,1,GS-13,J,XXXX,2,10,F,1,201409,1,107458,25.2
ARCE,51,D,14,15,E,0110,1,GS-15,L,XXXX,8,10,F,1,201409,1,124995,10.6
ARCE,29,C,13,11,D,0110,1,GS-11,F,XXXX,8,10,F,1,201409,1,063780,05.8
ARCE,53,C,13,12,C,0110,1,GS-12,G,XXXX,8,10,F,1,201409,1,079097,04.7
ARCE,54,E,18,12,C,0110,1,GS-12,G,XXXX,8,10,F,1,201409,1,071813,04.3
ARCE,41,D,13,11,C,0110,1,GS-11,F,XXXX,8,10,F,1,201409,1,063163,04.0
ARCE,54,F,13,14,H,0110,1,GS-14,J,XXXX,8,10,F,1,201409,1,107421,26.9
ARCE,21,D,13,12,E,0110,1,GS-12,G,XXXX,8,10,F,1,201409,1,071813,10.6
ARCE,41,H,17,11,F,0110,1,GS-11,G,XXXX,8,10,F,1,201409,1,075388,17.5
ARCE,51,G,21,15,C,0110,1,GS-15,N,XXXX,8,10,F,1,201409,1,145827,04.8
ARCE,53,I,04,12,H,0110,1,GS-12,H,XXXX,8,10,F,1,201409,1,088028,28.1
ARCE,36,E,17,14,E,0110,1,GS-14,K,XXXX,8,10,F,1,201409,1,113782,11.3
ARCE,54,D,13,13,D,0110,1,GS-13,H,XXXX,8,10,F,1,201409,1,082642,06.0
ARCE,37,F,13,12,E,0110,1,GS-12,H,XXXX,8,10,F,1,201409,1,081079,11.1
ARCE,12,E,17,13,E,0110,1,GS-13,I,XXXX,2,10,F,1,201409,1,096415,11.5
ARCE,40,C,17,12,D,0110,1,GS-12,G,XXXX,8,10,F,1,201409,1,074130,05.3
ARCE,11,I,12,13,I,0110,1,GS-13,K,XXXX,8,10,F,1,201409,1,116901,33.6
ARCE,28,H,13,14,H,0110,1,GS-14,K,XXXX,8,10,F,1,201409,1,113931,29.5
ARCE,02,E,17,11,D,0110,1,GS-11,F,XXXX,8,10,F,1,201409,1,069663,06.2
ARCE,06,D,17,13,E,0110,1,GS-13,I,XXXX,2,10,F,1,201409,1,097308,14.5
ARCE,31,E,17,13,E,0110,1,GS-13,I,XXXX,8,10,F,1,201409,1,093660,12.3
ARCE,48,H,13,13,H,0110,1,GS-13,K,XXXX,8,10,F,1,201409,1,113560,27.3
ARCE,06,D,17,13,D,0110,1,GS-13,H,XXXX,8,10,F,1,201409,1,088462,05.2
ARCE,42,G,17,12,H,0110,1,GS-12,I,XXXX,8,10,F,1,201409,1,093911,26.0
ARCE,29,D,09,12,E,0110,1,GS-12,G,XXXX,8,10,F,1,201409,1,078762,10.3
ARCE,51,K,21,15,H,0110,1,GS-15,P,XXXX,8,10,F,1,201409,1,164075,29.5
ARCE,22,G,13,12,G,0110,1,GS-12,H,XXXX,8,10,F,1,201409,1,085711,20.8
ARCE,54,I,13,13,G,0110,1,GS-13,K,XXXX,2,10,F,1,201409,1,112655,22.9
ARCE,36,J,17,12,J,0110,1,GS-12,I,XXXX,8,20,I,2,201409,1,092576,36.9
ARCE,42,I,13,13,J,0110,1,GS-13,K,XXXX,8,10,F,1,201409,1,114614,35.8
ARCE,01,D,13,14,E,0110,1,GS-14,K,XXXX,8,10,F,1,201409,1,110676,11.9
ARCE,31,J,17,13,G,0110,1,GS-13,J,XXXX,2,10,F,1,201409,1,107434,23.9
ARCE,31,E,17,12,D,0110,1,GS-12,G,XXXX,8,10,F,1,201409,1,076446,05.0
ARCE,05,K,13,13,J,0110,1,GS-13,J,XXXX,8,10,F,1,201409,1,104679,36.2
ARCE,05,F,18,12,E,0110,1,GS-12,H,XXXX,8,10,F,1,201409,1,085711,14.9
ARCE,06,I,07,05,J,0119,3,GS-05,D,XXXX,8,10,F,1,201409,1,047434,37.7
ARCE,41,G,17,14,H,0110,1,GS-14,M,XXXX,8,10,F,1,201409,1,130402,26.3
ARCE,42,D,13,09,B,0110,1,GS-09,E,XXXX,8,15,F,1,201409,1,052830,02.0
ARCE,01,F,13,13,G,0110,1,GS-13,J,XXXX,8,10,P,2,201409,1,104679,23.6
ARCE,11,F,13,15,F,0110,1,GS-15,L,XXXX,2,10,F,1,201409,1,124995,15.5
ARCE,51,I,17,15,H,0110,1,GS-15,O,XXXX,8,10,F,1,201409,1,157100,29.7
ARCE,12,C,17,11,C,0110,1,GS-11,F,XXXX,8,10,F,1,201409,1,063780,04.3
ARCE,54,I,14,13,I,0110,1,GS-13,J,XXXX,8,10,F,1,201409,1,107434,31.9
ARCE,22,D,17,12,C,0110,1,GS-12,F,XXXX,8,10,F,1,201409,1,069497,04.9
ARCE,11,K,13,15,J,0110,1,GS-15,P,XXXX,8,10,F,1,201409,1,164075,36.2
ARCE,11,D,13,14,E,0110,1,GS-14,J,XXXX,8,10,F,1,201409,1,106263,13.0
ARCE,26,E,13,11,D,0110,1,GS-11,F,XXXX,8,10,F,1,201409,1,069328,05.1
ARCE,11,D,13,14,E,0110,1,GS-14,J,XXXX,8,10,F,1,201409,1,106263,14.3
ARCE,31,F,17,11,D,0110,1,GS-11,F,XXXX,8,10,F,1,201409,1,061847,05.0
ARCE,28,G,17,14,G,0110,1,GS-14,K,XXXX,4,10,F,1,201409,1,113931,20.2
ARCE,22,I,17,13,I,0110,1,GS-13,J,XXXX,2,10,F,1,201409,1,109007,30.4
ARCE,42,J,17,13,J,0110,1,GS-13,J,XXXX,8,10,F,1,201409,1,109513,36.3
ARCE,31,B,13,11,C,0110,1,GS-11,E,XXXX,8,10,F,1,201409,1,057982,03.8
ARCE,36,J,21,14,F,0110,1,GS-14,M,XXXX,2,10,F,1,201409,1,135801,18.9
ARCE,15,J,17,12,J,0110,1,GS-12,I,XXXX,8,10,F,1,201409,1,099802,39.4
ARCE,06,E,13,11,D,0110,1,GS-11,F,XXXX,8,10,F,1,201409,1,068272,05.3
ARCE,41,G,13,14,H,0110,1,GS-14,M,XXXX,2,10,F,1,201409,1,133833,29.8
ARCE,53,K,17,12,J,0110,1,GS-12,I,XXXX,8,20,I,2,201409,1,090344,42.0
ARCE,22,J,17,12,G,0110,1,GS-12,I,XXXX,8,10,F,1,201409,1,090791,22.0
ARCE,48,H,17,12,G,0110,1,GS-12,I,XXXX,8,10,F,1,201409,1,099247,22.4
ARCE,13,G,17,13,G,0110,1,GS-13,J,XXXX,8,10,F,1,201409,1,104679,21.6
ARCE,06,F,14,13,G,0110,1,GS-13,K,XXXX,8,10,F,1,201409,1,114142,20.2
ARCE,36,C,13,12,D,0110,1,GS-12,G,XXXX,8,10,F,1,201409,1,071214,09.1
ARCE,11,H,17,15,I,0110,1,GS-15,O,XXXX,8,10,F,1,201409,1,154160,30.8
ARCE,36,K,17,13,I,0110,1,GS-13,I,XXXX,8,10,F,1,201409,1,093151,33.8
ARCE,48,I,17,13,I,0110,1,GS-13,K,XXXX,2,10,F,1,201409,1,114033,30.9
ARCE,17,C,13,12,D,0110,1,GS-12,G,XXXX,8,10,F,1,201409,1,076157,06.1
ARCE,17,C,17,12,D,0110,1,GS-12,G,XXXX,8,10,F,1,201409,1,076157,05.8
ARCE,06,F,14,12,F,0110,1,GS-12,I,XXXX,8,10,F,1,201409,1,096707,17.7
ARCE,51,E,17,12,E,0110,1,GS-12,H,XXXX,8,10,P,2,201409,1,081079,10.3
ARCE,05,H,17,12,D,0110,1,GS-12,G,XXXX,8,10,F,1,201409,1,074130,06.0
ARCE,21,E,13,12,E,0110,1,GS-12,G,XXXX,8,10,F,1,201409,1,078762,11.8
ARCE,02,C,13,11,D,0110,1,GS-11,F,XXXX,8,10,F,1,201409,1,069663,05.8
ARCE,51,H,17,14,H,0110,1,GS-14,M,XXXX,8,10,F,1,201409,1,138136,26.8
ARCE,54,G,13,12,G,0110,1,GS-12,I,XXXX,8,10,F,1,201409,1,091388,20.2
ARCE,51,I,17,13,I,0110,1,GS-13,K,XXXX,8,10,F,1,201409,1,116901,33.5
ARCE,53,C,13,13,D,0110,1,GS-13,I,XXXX,8,10,F,1,201409,1,091119,07.3
ARCE,36,G,17,12,D,0110,1,GS-12,H,XXXX,8,10,F,1,201409,1,088808,07.5
ARCE,25,C,14,12,D,0110,1,GS-12,G,XXXX,8,10,F,1,201409,1,075974,06.3
ARCE,15,D,13,11,D,0110,1,GS-11,F,XXXX,8,10,F,1,201409,1,063120,06.6
ARCE,01,D,12,12,E,0110,1,GS-12,G,XXXX,8,10,F,1,201409,1,074130,12.2
ARCE,40,D,14,12,D,0110,1,GS-12,G,XXXX,8,10,F,1,201409,1,076446,05.6
ARCE,48,G,17,14,H,0110,1,GS-14,L,XXXX,8,10,F,1,201409,1,127308,27.3
ARCE,29,K,17,12,D,0110,1,GS-12,H,XXXX,8,10,F,1,201409,1,085711,07.9
ARCE,12,F,13,12,D,0110,1,GS-12,G,XXXX,8,10,F,1,201409,1,074130,06.1
ARCE,53,K,17,13,I,0110,1,GS-13,J,XXXX,8,20,I,2,201409,1,107434,33.3
ARCE,53,K,17,13,J,0110,1,GS-13,J,XXXX,8,20,I,2,201409,1,107434,47.8
ARCE,06,E,17,12,C,0110,1,GS-12,G,XXXX,8,10,F,1,201409,1,078123,04.3
ARCE,28,H,17,12,G,0110,1,GS-12,I,XXXX,8,10,F,1,201409,1,091599,20.3
ARCE,01,C,13,12,D,0110,1,GS-12,G,XXXX,8,10,F,1,201409,1,071813,08.1
ARCE,12,H,13,13,H,0110,1,GS-13,J,XXXX,8,10,F,1,201409,1,107434,28.3
ARCE,51,I,17,15,E,0110,1,GS-15,N,XXXX,8,10,F,1,201409,1,145827,13.1
ARCE,51,F,04,13,E,0110,1,GS-13,K,XXXX,8,10,P,2,201409,1,116901,10.1
ARCE,51,G,17,14,G,0110,1,GS-14,M,XXXX,8,10,F,1,201409,1,138136,20.0
ARCE,13,H,13,14,G,0110,1,GS-14,L,XXXX,5,10,F,1,201409,1,122451,21.9
ARCE,51,C,17,09,C,0110,1,GS-09,F,XXXX,8,10,F,1,201409,1,060700,03.3
ARCE,47,I,13,12,H,0110,1,GS-12,I,XXXX,8,10,F,1,201409,1,092737,27.2
ARCE,06,D,17,13,D,0110,1,GS-13,I,XXXX,8,10,F,1,201409,1,091410,06.3
ARCE,12,D,17,12,E,0110,1,GS-12,H,XXXX,8,10,F,1,201409,1,081079,11.0
ARCE,41,C,13,13,D,0110,1,GS-13,H,XXXX,8,10,F,1,201409,1,087123,05.1
ARCE,53,K,13,13,I,0110,1,GS-13,J,XXXX,8,20,I,2,201409,1,101924,32.1
ARCE,53,K,13,13,J,0110,1,GS-13,J,XXXX,8,20,I,2,201409,1,107434,44.8
ARCE,15,H,13,13,I,0110,1,GS-13,J,XXXX,8,10,F,1,201409,1,109645,33.0
ARCE,06,G,17,13,G,0110,1,GS-13,L,XXXX,2,10,F,1,201409,1,126566,21.0
ARCE,06,G,17,11,F,0110,1,GS-11,H,XXXX,8,10,F,1,201409,1,081807,18.3
ARCE,41,H,04,12,D,0110,1,GS-12,I,XXXX,8,10,F,1,201409,1,095243,05.3
ARCE,06,H,13,13,H,0110,1,GS-13,J,XXXX,8,10,F,1,201409,1,107394,26.3
ARCE,41,G,13,14,H,0110,1,GS-14,L,XXXX,2,10,F,1,201409,1,123539,25.3
ARCE,40,C,04,12,C,0110,1,GS-12,F,XXXX,8,10,F,1,201409,1,069497,04.2
ARCE,41,E,13,07,D,0110,1,GS-07,D,XXXX,8,38,F,1,201409,1,049564,06.8
ARCE,45,I,17,12,E,0110,1,GS-12,H,XXXX,8,10,F,1,201409,1,085711,12.7
ARCE,53,I,11,12,E,0110,1,GS-12,H,XXXX,8,10,F,1,201409,1,086512,13.3
ARCE,28,D,17,12,D,0110,1,GS-12,H,XXXX,8,10,F,1,201409,1,083395,05.1
ARCE,12,E,13,13,F,0110,1,GS-13,J,XXXX,8,10,F,1,201409,1,101924,18.3
ARCE,42,F,13,13,G,0110,1,GS-13,J,XXXX,8,10,F,1,201409,1,108737,22.0
ARCE,22,K,17,11,F,0110,1,GS-11,G,XXXX,8,10,F,1,201409,1,075376,19.1
ARCE,02,J,13,13,D,0110,1,GS-13,K,XXXX,8,10,F,1,201409,1,111326,08.9
ARCE,15,H,17,13,G,0110,1,GS-13,J,XXXX,8,10,F,1,201409,1,109645,24.7
ARCE,12,H,17,13,H,0110,1,GS-13,I,XXXX,8,10,F,1,201409,1,099170,26.2
ARCE,29,D,13,11,D,0110,1,GS-11,F,XXXX,8,10,F,1,201409,1,063780,05.8
ARMC,24,H,17,,D,0110,1,DB-03,M,XXXX,8,10,F,1,201409,1,131930,05.4
ARMC,24,I,13,,C,0110,1,DB-03,K,XXXX,8,10,F,1,201409,1,115845,03.7
ARMC,24,I,17,,D,0110,1,DB-03,M,XXXX,8,10,F,1,201409,1,136182,05.4
ARMC,24,K,17,,D,0110,1,DB-03,L,XXXX,8,15,F,1,201409,1,125772,05.4
ARSA,51,J,13,15,H,0110,1,GS-15,N,XXXX,8,10,F,1,201409,1,141660,29.1
ARSA,11,H,13,15,G,0110,1,GS-15,N,XXXX,8,10,F,1,201409,1,145827,23.8
ARSB,06,C,17,07,A,0110,1,GS-07,D,XXXX,8,35,F,1,201409,1,041938,00.9
ARSB,01,B,13,07,A,0110,1,GS-07,C,XXXX,8,35,F,1,201409,1,039179,00.0
ARSB,54,C,13,09,B,0110,1,GS-09,D,XXXX,8,15,F,1,201409,1,047923,01.8
ARSB,01,C,13,07,A,0110,1,GS-07,C,XXXX,8,35,F,1,201409,1,039179,00.0
ARSB,42,B,17,07,A,0110,1,GS-07,D,XXXX,8,15,F,1,201409,1,041797,00.0
ARSB,17,H,13,09,B,0110,1,GS-09,D,XXXX,8,15,F,1,201409,1,047923,01.8
ARSB,54,B,13,07,B,0110,1,GS-07,C,XXXX,8,15,F,1,201409,1,039179,01.0
ARSB,29,B,13,07,B,0110,1,GS-07,C,XXXX,8,15,F,1,201409,1,039179,02.2
ARXR,24,H,13,,D,0110,1,DB-02,G,XXXX,8,10,F,1,201409,1,070825,08.0
BG00,11,H,17,14,H,0110,1,GS-14,M,XXXX,8,10,F,1,201409,1,131053,26.2
BG00,11,E,13,12,C,0110,1,GS-12,G,XXXX,8,15,F,1,201409,1,075621,03.2
BG00,11,E,17,15,C,0110,1,GS-15,O,XXXX,8,10,F,1,201409,1,157100,03.5
BO00,11,H,17,,G,0110,1,ES-**,Q,XXXX,2,50,F,1,201409,1,171022,21.0
BO00,11,K,21,15,J,0110,1,GS-15,O,XXXX,8,10,F,1,201409,1,157100,39.8
BO00,11,E,21,14,D,0110,1,GS-14,J,XXXX,8,10,F,1,201409,1,109804,05.1
BO00,11,E,21,14,C,0110,1,GS-14,J,XXXX,8,10,F,1,201409,1,109804,04.1
BO00,11,K,17,15,J,0110,1,GS-15,O,XXXX,8,10,F,1,201409,1,157100,39.5
BO00,11,J,21,15,H,0110,1,GS-15,O,XXXX,8,10,F,1,201409,1,157100,28.1
BO00,11,I,21,15,E,0110,1,GS-15,O,XXXX,8,10,F,1,201409,1,157100,14.2
BO00,11,G,21,15,F,0110,1,GS-15,N,XXXX,8,10,F,1,201409,1,145827,15.2
BO00,11,K,21,,J,0110,1,ES-**,Q,XXXX,2,50,F,1,201409,1,173136,41.6
BO00,11,F,21,15,C,0110,1,GS-15,O,XXXX,8,10,F,1,201409,1,157100,04.2
BO00,11,I,21,15,F,0110,1,GS-15,O,XXXX,8,10,F,1,201409,1,157100,17.8
BO00,11,E,17,15,F,0110,1,GS-15,M,XXXX,8,10,F,1,201409,1,137494,16.8
BO00,11,K,21,15,E,0110,1,GS-15,M,XXXX,8,10,F,1,201409,1,137494,14.3
BO00,11,J,21,15,J,0110,1,GS-15,O,XXXX,8,10,F,1,201409,1,157100,35.1
BO00,11,F,21,15,D,0110,1,GS-15,N,XXXX,8,10,F,1,201409,1,149993,06.3
CE00,11,C,17,,A,0110,1,AD-00,E,XXXX,8,48,F,2,201409,1,050500,00.8
CE00,11,C,18,,A,0110,1,AD-00,F,XXXX,8,48,I,2,201409,1,065000,00.3
CE00,11,C,18,,B,0110,1,AD-00,E,XXXX,8,48,F,2,201409,1,050000,01.3
CE00,11,C,13,,A,0110,1,AD-00,E,XXXX,8,48,F,2,201409,1,050000,00.0
CE00,11,C,17,,A,0110,1,AD-00,D,XXXX,8,48,F,2,201409,1,048480,00.7
CE00,11,C,18,,A,0110,1,AD-00,E,XXXX,8,48,F,2,201409,1,050000,00.2
CE00,11,D,14,,B,0110,1,AD-00,K,XXXX,8,48,F,2,201409,1,111100,01.0
CE00,11,J,21,,I,0110,1,ES-**,P,XXXX,2,50,F,1,201409,1,167000,34.3
CE00,11,F,22,,A,0110,1,AD-00,N,XXXX,8,48,F,2,201409,1,148000,00.3
CM53,11,I,17,,J,0110,1,ZP-05,O,XXXX,2,10,F,1,201409,1,157100,37.3
CM53,11,I,17,,E,0110,1,ZP-04,L,XXXX,8,10,F,1,201409,1,128439,11.0
CM53,11,I,13,,H,0110,1,ZP-04,M,XXXX,8,10,F,1,201409,1,135717,28.0
CM53,11,G,04,,D,0110,1,ZP-05,N,XXXX,2,10,F,1,201409,1,145203,05.7
CM53,11,E,13,,E,0110,1,ZP-04,K,XXXX,2,10,F,1,201409,1,115173,14.3
CM53,11,E,13,,E,0110,1,ZP-05,O,XXXX,2,10,F,1,201409,1,154318,13.3
CM53,11,G,13,,G,0110,1,ZP-04,K,XXXX,8,10,F,1,201409,1,114198,23.4
CM53,11,E,17,,C,0110,1,ZP-04,I,XXXX,8,10,F,1,201409,1,098360,04.6
CM53,11,G,13,,G,0110,1,ZP-04,M,XXXX,8,10,F,1,201409,1,133766,23.3
CM53,11,J,21,,E,0110,1,ZP-05,O,XXXX,2,10,F,1,201409,1,155210,13.0
CM53,11,F,14,,E,0110,1,ZP-03,I,XXXX,8,10,F,1,201409,1,091870,14.6
CM53,11,G,17,,E,0110,1,ZP-03,H,XXXX,8,10,F,1,201409,1,088946,13.8
CM53,11,E,13,,F,0110,1,ES-**,Q,XXXX,2,50,F,1,201409,1,172479,15.0
CM53,11,G,21,,D,0110,1,ZP-04,K,XXXX,8,10,F,1,201409,1,118563,06.0
CM53,11,H,13,,H,0110,1,ZP-03,I,XXXX,8,10,F,1,201409,1,098305,28.9
CM53,11,I,14,,F,0110,1,ZP-03,H,XXXX,8,10,F,1,201409,1,083471,17.0
CM53,11,C,13,,A,0110,1,ZP-02,E,XXXX,8,35,F,1,201409,1,050000,00.0
CM53,11,F,17,,F,0110,1,ZP-03,I,XXXX,8,10,F,1,201409,1,098305,16.1
CM53,11,I,13,,F,0110,1,ZP-03,I,XXXX,8,10,F,1,201409,1,095877,16.3
CM53,11,C,13,,D,0110,1,ZP-04,I,XXXX,2,10,F,1,201409,1,098279,07.2
CM53,11,F,17,,F,0110,1,ZP-04,K,XXXX,8,10,F,1,201409,1,117176,16.3
CM53,11,D,17,,C,0110,1,ZP-03,F,XXXX,8,10,F,1,201409,1,066025,03.8
CM53,11,D,13,,D,0110,1,ZP-04,K,XXXX,2,10,F,1,201409,1,117782,08.3
CM53,11,D,14,,D,0110,1,ZP-03,H,XXXX,8,10,F,1,201409,1,084956,09.2
CM53,11,G,04,,F,0110,1,ZP-03,I,XXXX,8,10,F,1,201409,1,097785,16.8
CM53,11,E,13,,E,0110,1,ZP-03,I,XXXX,8,10,P,2,201409,1,098305,13.3
CM53,11,I,21,,G,0110,1,ES-**,R,XXXX,2,50,F,1,201409,1,181500,23.9
CM53,11,D,13,,E,0110,1,ZP-04,J,XXXX,8,10,F,1,201409,1,104205,10.3
CM53,11,D,17,,D,0110,1,ZP-03,G,XXXX,8,10,F,1,201409,1,074013,05.2
CM53,11,D,04,,B,0110,1,ZP-04,J,XXXX,8,15,F,1,201409,1,105186,01.3
CM53,11,C,13,,D,0110,1,ZP-03,H,XXXX,8,10,F,1,201409,1,085704,07.2
CM53,11,E,17,,B,0110,1,ZP-03,H,XXXX,8,15,F,1,201409,1,081000,02.8
CM53,11,F,17,,E,0110,1,ZP-03,I,XXXX,8,10,F,1,201409,1,094106,13.8
CM53,11,D,13,,E,0110,1,ZP-03,H,XXXX,8,10,F,1,201409,1,085124,10.3
CM53,11,D,17,,B,0110,1,ZP-03,H,XXXX,8,15,F,1,201409,1,085000,02.6
CM53,11,E,13,,E,0110,1,ZP-04,K,XXXX,8,10,F,1,201409,1,111652,11.3
CM53,11,D,13,,D,0110,1,ZP-03,I,XXXX,8,10,F,1,201409,1,096848,09.5
CM53,11,C,13,,C,0110,1,ZP-03,G,XXXX,8,10,F,1,201409,1,078685,04.4
CM53,11,J,17,,H,0110,1,ES-**,Q,XXXX,2,50,F,1,201409,1,179830,25.8
CM53,11,G,13,,G,0110,1,ZP-04,M,XXXX,8,10,P,2,201409,1,138136,23.9
CM53,11,H,14,,G,0110,1,ZP-04,M,XXXX,8,10,F,1,201409,1,138136,20.8
CM53,11,B,04,,B,0110,1,ZP-02,E,XXXX,8,15,F,1,201409,1,057817,01.7
CM53,11,G,13,,G,0110,1,ES-**,R,XXXX,2,50,F,1,201409,1,181500,20.8
CM53,11,C,12,,D,0110,1,ZP-03,G,XXXX,8,10,F,1,201409,1,076424,07.0
CM53,11,D,17,,D,0110,1,ZP-03,H,XXXX,8,10,F,1,201409,1,087275,05.3
CM53,11,F,21,,C,0110,1,ZP-03,I,XXXX,8,10,F,1,201409,1,098305,04.9
CM53,11,C,17,,C,0110,1,ZP-03,G,XXXX,8,10,F,1,201409,1,070314,03.8
CM53,11,G,13,,G,0110,1,ES-**,Q,XXXX,2,50,F,1,201409,1,170599,22.8
CM53,11,H,17,,H,0110,1,ZP-04,N,XXXX,2,10,F,1,201409,1,146548,25.1
CM53,11,D,13,,D,0110,1,ZP-03,G,XXXX,8,10,F,1,201409,1,075991,08.0
CM53,11,F,21,,D,0110,1,ZP-04,L,XXXX,8,10,F,1,201409,1,128599,07.3
CM53,11,E,17,,C,0110,1,ZP-03,G,XXXX,8,10,F,1,201409,1,074448,04.1
CM53,11,D,21,,D,0110,1,ZP-04,L,XXXX,8,10,F,1,201409,1,123919,07.2
CM53,11,I,13,,I,0110,1,ZP-03,I,XXXX,8,10,F,1,201409,1,098305,33.9
CM53,11,E,13,,D,0110,1,ZP-04,I,XXXX,8,10,F,1,201409,1,090000,05.0
CM53,11,G,17,,E,0110,1,ZP-03,I,XXXX,8,10,F,1,201409,1,098305,12.7
CM53,11,I,13,,J,0110,1,ZP-03,I,XXXX,8,10,F,1,201409,1,098305,35.3
CM53,11,C,13,,C,0110,1,ZP-02,F,XXXX,8,10,P,2,201409,1,060930,03.5
CM53,11,I,13,,J,0110,1,ZP-04,L,XXXX,8,10,F,1,201409,1,120169,42.1
CM53,11,E,17,,B,0110,1,ZP-04,L,XXXX,8,15,F,1,201409,1,120331,02.1
CM53,11,E,13,,F,0110,1,ZP-04,M,XXXX,8,10,F,1,201409,1,138136,15.2
CM53,11,F,13,,F,0110,1,ZP-04,N,XXXX,2,10,F,1,201409,1,146548,19.1
CM53,11,C,13,,C,0110,1,ZP-03,G,XXXX,8,10,F,1,201409,1,074474,04.4
CM53,11,J,14,,J,0110,1,ES-**,Q,XXXX,2,50,F,1,201409,1,177938,37.8
CM53,11,C,17,,C,0110,1,ZP-03,F,XXXX,8,10,F,1,201409,1,067046,03.6
CM53,11,E,13,,E,0110,1,ZP-04,K,XXXX,8,10,F,1,201409,1,119952,13.3
CM53,11,I,13,,F,0110,1,ZP-03,I,XXXX,8,10,F,1,201409,1,093384,19.8
CM53,11,D,17,,C,0110,1,ZP-03,F,XXXX,8,10,F,1,201409,1,069477,03.5
CM53,11,D,13,,B,0110,1,ZP-04,J,XXXX,8,15,F,1,201409,1,105000,02.5
CM53,11,G,17,,H,0110,1,ZP-03,I,XXXX,8,10,F,1,201409,1,098305,26.8
CM53,11,H,18,,G,0110,1,ZP-03,I,XXXX,8,10,F,1,201409,1,098305,22.3
CM53,11,D,13,,D,0110,1,ZP-03,I,XXXX,8,10,F,1,201409,1,098305,08.8
CM53,11,G,18,,F,0110,1,ZP-05,O,XXXX,2,10,F,1,201409,1,157100,15.0
CM53,11,G,22,,E,0110,1,ZP-05,O,XXXX,2,10,F,1,201409,1,157100,14.0
CM53,11,J,17,,I,0110,1,ZP-04,N,XXXX,2,10,F,1,201409,1,146548,31.3
CM53,11,D,13,,D,0110,1,ZP-04,M,XXXX,2,10,F,1,201409,1,130677,09.9
CM53,11,G,13,,G,0110,1,ZP-04,M,XXXX,8,10,F,1,201409,1,131819,24.7
CM53,11,D,13,,D,0110,1,ZP-03,F,XXXX,8,10,F,1,201409,1,067861,05.1
CM53,11,H,12,,F,0110,1,ZP-03,I,XXXX,8,10,F,1,201409,1,098305,15.4
CM53,11,D,13,,E,0110,1,ZP-03,I,XXXX,8,10,F,1,201409,1,098305,11.9
CM53,11,H,17,,H,0110,1,ZP-05,O,XXXX,2,10,F,1,201409,1,157043,27.9
CM53,11,G,17,,F,0110,1,ZP-03,I,XXXX,8,10,F,1,201409,1,098305,19.0
CM53,11,D,13,,D,0110,1,ZP-04,J,XXXX,8,10,F,1,201409,1,104490,08.3
CM53,11,D,13,,A,0110,1,ZP-02,E,XXXX,8,15,F,1,201409,1,054000,00.4
CM53,11,H,17,,H,0110,1,ZP-04,M,XXXX,8,10,F,1,201409,1,138136,26.0
CM53,11,D,13,,D,0110,1,ZP-04,J,XXXX,8,10,F,1,201409,1,101237,08.5
CM53,11,C,17,,D,0110,1,ZP-03,I,XXXX,8,10,F,1,201409,1,096500,07.1
CM53,11,H,13,,I,0110,1,ZP-05,O,XXXX,2,10,F,1,201409,1,157100,30.3
CM53,11,J,13,,J,0110,1,ZP-03,I,XXXX,8,10,F,1,201409,1,098305,39.6
CM53,11,D,14,,E,0110,1,ZP-04,I,XXXX,8,10,F,1,201409,1,098174,10.2
CM53,11,J,21,,J,0110,1,ZP-04,N,XXXX,2,10,F,1,201409,1,146548,39.3
CM53,11,C,01,,A,0110,1,ZP-02,D,XXXX,8,15,F,1,201409,1,046894,00.5
CM53,11,H,13,,H,0110,1,ZP-03,H,XXXX,8,10,F,1,201409,1,086871,26.2
CM53,11,D,13,,B,0110,1,ZP-02,F,XXXX,8,15,F,1,201409,1,064000,01.8
CM53,11,D,04,,D,0110,1,ZP-04,K,XXXX,8,10,F,1,201409,1,117430,05.1
CM53,11,F,17,,F,0110,1,ZP-04,M,XXXX,2,10,F,1,201409,1,138136,16.2
CM53,11,C,11,,D,0110,1,ZP-03,H,XXXX,8,10,F,1,201409,1,086675,07.0
CM53,11,D,04,,B,0110,1,ZP-03,H,XXXX,8,15,F,1,201409,1,083325,02.0
CM53,11,I,04,,D,0110,1,ZP-04,M,XXXX,8,10,F,1,201409,1,138136,08.5
CM53,11,E,14,,E,0110,1,ZP-03,I,XXXX,8,10,F,1,201409,1,098305,13.8
CM53,11,H,08,,I,0110,1,ZP-03,I,XXXX,8,10,F,1,201409,1,094713,31.5
CM53,11,G,13,,G,0110,1,ZP-05,O,XXXX,2,10,F,1,201409,1,157100,23.5
CM53,11,D,13,,D,0110,1,ZP-04,L,XXXX,2,10,F,1,201409,1,121518,08.2
CM53,11,E,04,,C,0110,1,ZP-03,H,XXXX,8,10,F,1,201409,1,089941,03.1
CM53,11,C,04,,B,0110,1,ZP-03,F,XXXX,8,15,F,1,201409,1,063659,01.7
CM53,11,H,17,,H,0110,1,ZP-04,L,XXXX,8,10,F,1,201409,1,129877,25.3
CM53,11,C,13,,C,0110,1,ZP-03,H,XXXX,8,10,F,1,201409,1,083000,04.9
CM53,11,D,13,,C,0110,1,ZP-03,F,XXXX,8,10,F,1,201409,1,068934,04.2
CM53,11,C,13,,B,0110,1,ZP-02,E,XXXX,8,15,F,1,201409,1,054000,01.6
CM53,11,D,13,,E,0110,1,ZP-04,J,XXXX,2,10,F,1,201409,1,104716,11.7
CM53,11,D,13,,E,0110,1,ZP-04,J,XXXX,8,10,F,1,201409,1,102500,11.0
CM53,11,H,13,,H,0110,1,ZP-04,M,XXXX,8,10,F,1,201409,1,136212,29.9
CM53,11,I,13,,I,0110,1,ZP-04,M,XXXX,8,10,F,1,201409,1,138136,30.5
CM53,11,F,17,,D,0110,1,ZP-03,H,XXXX,8,10,F,1,201409,1,083421,07.8
CM53,11,G,17,,G,0110,1,ZP-04,M,XXXX,8,10,F,1,201409,1,138136,23.3
CM53,11,B,04,,C,0110,1,ZP-03,F,XXXX,8,10,F,1,201409,1,063091,03.5
CM53,11,E,21,,D,0110,1,ZP-04,K,XXXX,8,10,F,1,201409,1,118356,08.1
CM53,11,E,13,,F,0110,1,ZP-03,I,XXXX,8,10,F,1,201409,1,098305,15.9
CM53,11,E,17,,C,0110,1,ZP-04,I,XXXX,2,10,F,1,201409,1,096455,03.7
CM53,11,D,04,,B,0110,1,ZP-02,E,XXXX,8,15,F,1,201409,1,055691,02.8
CM53,11,F,04,,A,0110,1,ZP-03,F,XXXX,8,15,F,1,201409,1,063630,00.9
CM53,11,F,13,,G,0110,1,ZP-05,O,XXXX,2,10,F,1,201409,1,157100,20.0
CM53,11,I,21,,E,0110,1,ZP-05,O,XXXX,2,10,F,1,201409,1,152142,11.0
CM53,11,C,04,,A,0110,1,ZP-02,E,XXXX,8,15,F,1,201409,1,052500,00.7
CM53,11,I,21,,D,0110,1,ES-**,Q,XXXX,2,50,F,1,201409,1,178898,06.0
CM53,11,E,17,,E,0110,1,ZP-03,H,XXXX,8,10,F,1,201409,1,088319,13.3
CM53,11,D,11,,D,0110,1,ZP-04,J,XXXX,8,10,F,1,201409,1,100178,08.8
CM53,11,H,21,,E,0110,1,ZP-05,O,XXXX,2,10,F,1,201409,1,157100,10.0
CM53,11,F,14,,F,0110,1,ZP-04,M,XXXX,8,10,P,2,201409,1,138136,19.9
CM53,11,G,18,,E,0110,1,ZP-03,I,XXXX,8,10,F,1,201409,1,098305,13.3
CM53,11,E,13,,F,0110,1,ZP-04,L,XXXX,8,10,F,1,201409,1,126000,16.0
CM53,11,D,13,,E,0110,1,ZP-04,K,XXXX,2,10,F,1,201409,1,113000,10.1
CM53,11,D,13,,C,0110,1,ZP-03,F,XXXX,8,10,F,1,201409,1,067986,03.5
CM53,11,D,14,,E,0110,1,ZP-04,K,XXXX,8,10,P,2,201409,1,118594,11.2
CM53,11,K,21,,J,0110,1,ZP-05,O,XXXX,8,10,F,1,201409,1,157100,43.1
CM53,11,J,17,,F,0110,1,ZP-03,I,XXXX,8,10,F,1,201409,1,092171,16.0
CM53,11,H,13,,H,0110,1,ZP-04,M,XXXX,8,10,F,1,201409,1,138136,26.1
CM53,11,G,13,,G,0110,1,ZP-04,N,XXXX,2,10,F,1,201409,1,146548,21.2
CM53,11,D,13,,E,0110,1,ZP-04,L,XXXX,8,10,P,2,201409,1,121733,11.3
CM53,11,D,17,,D,0110,1,ZP-04,J,XXXX,8,10,F,1,201409,1,100000,06.1
CM53,11,E,17,,E,0110,1,ZP-04,J,XXXX,8,10,F,1,201409,1,109562,10.3
CM53,11,H,13,,G,0110,1,ZP-04,M,XXXX,8,10,F,1,201409,1,130826,22.8
CM53,11,D,13,,E,0110,1,ZP-04,J,XXXX,8,10,P,2,201409,1,106747,10.7
CM53,11,D,13,,A,0110,1,ZP-02,E,XXXX,8,35,F,1,201409,1,050000,00.0
CM53,11,D,17,,D,0110,1,ZP-03,I,XXXX,8,10,F,1,201409,1,090235,08.8
CM53,11,C,09,,D,0110,1,ZP-03,G,XXXX,8,10,F,1,201409,1,076805,09.2
CM53,11,F,13,,F,0110,1,ZP-03,I,XXXX,8,10,F,1,201409,1,098305,15.4
CM53,11,F,17,,F,0110,1,ZP-04,N,XXXX,2,10,F,1,201409,1,146548,15.3
CM53,11,E,13,,D,0110,1,ZP-03,G,XXXX,8,10,F,1,201409,1,079889,07.3
CM53,11,H,04,,D,0110,1,ZP-03,I,XXXX,8,10,F,1,201409,1,098305,08.5
CM53,11,D,13,,D,0110,1,ZP-04,J,XXXX,8,10,F,1,201409,1,102147,08.8
CM53,11,G,13,,G,0110,1,ZP-05,O,XXXX,2,10,F,1,201409,1,153654,22.2
CM53,11,D,13,,C,0110,1,ZP-03,F,XXXX,8,10,F,1,201409,1,067527,03.6
CM53,11,J,22,,F,0110,1,ZP-04,M,XXXX,8,10,F,1,201409,1,136771,16.0
CM53,11,D,12,,E,0110,1,ZP-04,K,XXXX,8,10,F,1,201409,1,119200,11.1
CM53,11,C,04,,B,0110,1,ZP-03,G,XXXX,8,15,F,1,201409,1,071688,01.4
CM53,11,D,17,,D,0110,1,ZP-04,J,XXXX,8,10,F,1,201409,1,105000,08.5
CM53,11,I,17,,D,0110,1,ZP-03,I,XXXX,8,10,F,1,201409,1,095855,08.5
CM53,11,E,13,,E,0110,1,ZP-03,I,XXXX,8,10,F,1,201409,1,098305,13.3
CM53,11,D,17,,C,0110,1,ZP-04,J,XXXX,8,15,F,1,201409,1,105000,03.0
CM53,11,H,13,,I,0110,1,ZP-05,O,XXXX,2,10,F,1,201409,1,157100,30.3
CM53,11,I,13,,J,0110,1,ZP-05,O,XXXX,8,10,F,1,201409,1,157100,36.7
CM53,11,G,17,,G,0110,1,ZP-04,L,XXXX,8,10,F,1,201409,1,126903,20.0
CM53,11,D,17,,D,0110,1,ZP-03,G,XXXX,8,10,F,1,201409,1,074013,05.2
CM53,11,G,13,,H,0110,1,ZP-05,O,XXXX,2,10,F,1,201409,1,157100,25.2
CM53,11,H,13,,E,0110,1,ZP-05,O,XXXX,2,10,F,1,201409,1,157100,10.0
CM53,11,F,13,,F,0110,1,ZP-04,N,XXXX,2,10,F,1,201409,1,146548,19.2
CM53,11,I,21,,B,0110,1,ZP-04,K,XXXX,8,15,F,1,201409,1,111153,02.1
CM53,11,C,04,,D,0110,1,ZP-04,K,XXXX,2,10,F,1,201409,1,110000,08.3
CM53,11,J,17,,F,0110,1,ZP-03,H,XXXX,8,10,F,1,201409,1,088154,17.5
CM53,11,I,17,,G,0110,1,ZP-04,M,XXXX,8,10,F,1,201409,1,138136,24.0
CM53,11,E,04,,E,0110,1,ZP-04,K,XXXX,2,10,F,1,201409,1,119838,14.8
CM53,11,E,11,,F,0110,1,ZP-05,O,XXXX,2,10,F,1,201409,1,152729,15.2
CM53,11,C,04,,B,0110,1,ZP-03,G,XXXX,8,15,F,1,201409,1,075750,01.1
CM53,11,D,13,,E,0110,1,ZP-03,H,XXXX,8,10,F,1,201409,1,082222,11.3
CM53,11,H,18,,I,0110,1,ZP-04,N,XXXX,2,10,F,1,201409,1,146548,30.7
CM53,11,C,04,,B,0110,1,ZP-03,G,XXXX,8,15,F,1,201409,1,075472,01.3
CM53,11,E,17,,D,0110,1,ZP-04,J,XXXX,2,10,F,1,201409,1,107733,09.4
CM53,11,D,01,,A,0110,1,ZP-02,E,XXXX,8,15,F,1,201409,1,054000,00.3
CM53,11,E,17,,E,0110,1,ZP-05,M,XXXX,2,10,F,1,201409,1,132188,10.3
CM53,11,C,04,,A,0110,1,ZP-03,I,XXXX,8,15,F,1,201409,1,090000,00.1
CM53,11,E,13,,D,0110,1,ZP-03,H,XXXX,8,10,F,1,201409,1,087584,09.1
CM53,11,K,18,,J,0110,1,ZP-04,M,XXXX,8,10,F,1,201409,1,138136,36.2
CM53,11,H,13,,G,0110,1,ZP-03,I,XXXX,8,10,F,1,201409,1,094446,23.8
CM53,11,G,14,,G,0110,1,ZP-04,M,XXXX,8,10,F,1,201409,1,138136,24.3
CM53,11,E,13,,D,0110,1,ZP-03,G,XXXX,8,10,F,1,201409,1,079063,08.3
CM53,11,F,14,,F,0110,1,ZP-04,N,XXXX,2,10,F,1,201409,1,146548,17.2
CM53,11,B,13,,A,0110,1,ZP-02,D,XXXX,8,15,F,1,201409,1,044500,00.5
CM53,11,I,17,,H,0110,1,ZP-05,O,XXXX,2,10,F,1,201409,1,157100,27.6
CM53,11,D,12,,D,0110,1,ZP-02,G,XXXX,8,10,F,1,201409,1,074654,09.8
CM53,11,C,04,,C,0110,1,ZP-03,F,XXXX,8,15,F,1,201409,1,063092,03.5
CM53,11,E,13,,F,0110,1,ZP-05,O,XXXX,2,10,F,1,201409,1,150332,17.3
CM53,11,G,13,,G,0110,1,ZP-04,N,XXXX,2,10,F,1,201409,1,146548,24.3
CM53,11,H,17,,G,0110,1,ZP-03,I,XXXX,8,10,F,1,201409,1,095176,24.7
CM53,11,I,13,,I,0110,1,ZP-04,N,XXXX,2,10,F,1,201409,1,146548,33.6
CM53,11,E,13,,E,0110,1,ZP-03,I,XXXX,8,10,F,1,201409,1,098305,12.5
CM53,11,J,17,,H,0110,1,ES-**,R,XXXX,2,50,F,1,201409,1,181500,29.8
CM53,11,F,17,,E,0110,1,ZP-04,L,XXXX,8,10,F,1,201409,1,123756,14.1
CM53,11,G,13,,G,0110,1,ZP-04,N,XXXX,2,10,F,1,201409,1,146548,22.9
CM53,11,J,17,,I,0110,1,ZP-05,O,XXXX,2,10,F,1,201409,1,157100,34.9
CM53,11,D,13,,E,0110,1,ZP-05,N,XXXX,2,10,F,1,201409,1,145238,10.3
CM53,11,G,13,,F,0110,1,ZP-03,I,XXXX,8,10,F,1,201409,1,098305,16.8
CM53,11,C,13,,D,0110,1,ZP-03,H,XXXX,8,10,F,1,201409,1,081886,05.2
CM53,11,E,13,,D,0110,1,ZP-02,E,XXXX,8,10,F,1,201409,1,053216,05.0
CM53,11,E,13,,E,0110,1,ES-**,P,XXXX,8,50,F,1,201409,1,163312,14.3
CM53,11,G,17,,G,0110,1,ZP-03,I,XXXX,8,10,F,1,201409,1,098305,23.5
CM53,11,K,19,,J,0110,1,ZP-03,I,XXXX,8,10,F,1,201409,1,098305,35.5
CM53,11,F,13,,F,0110,1,ZP-04,M,XXXX,8,10,F,1,201409,1,138136,19.5
CM53,11,D,13,,D,0110,1,ZP-03,H,XXXX,8,10,F,1,201409,1,082873,08.3
CM53,11,E,13,,E,0110,1,ZP-04,K,XXXX,2,10,F,1,201409,1,113354,13.3
CM53,11,D,13,,E,0110,1,ZP-04,K,XXXX,8,10,F,1,201409,1,112193,10.2
CM53,11,D,17,,D,0110,1,ZP-03,F,XXXX,8,10,F,1,201409,1,065574,06.5
CM53,11,C,17,,C,0110,1,ZP-03,F,XXXX,8,10,F,1,201409,1,069165,03.6
CM53,11,E,21,,D,0110,1,ZP-05,O,XXXX,2,10,F,1,201409,1,151946,08.0
CM53,11,I,04,,J,0110,1,ZP-03,I,XXXX,8,10,F,1,201409,1,098305,38.9
CM53,11,G,13,,G,0110,1,ZP-04,J,XXXX,7,10,F,1,201409,1,108137,24.1
CM53,11,H,13,,H,0110,1,ZP-04,M,XXXX,8,10,F,1,201409,1,138136,28.0
CM53,11,J,13,,J,0110,1,ZP-04,N,XXXX,2,10,F,1,201409,1,146548,36.1
CM53,11,H,17,,I,0110,1,ZP-05,O,XXXX,2,10,F,1,201409,1,155344,32.0
CM53,11,H,13,,G,0110,1,ZP-03,I,XXXX,8,10,F,1,201409,1,098305,23.8
CM53,11,J,17,,I,0110,1,ZP-04,M,XXXX,8,10,F,1,201409,1,132130,34.8
CM53,11,E,13,,E,0110,1,ZP-05,O,XXXX,2,10,F,1,201409,1,154318,11.0
CM53,11,C,17,,C,0110,1,ZP-03,G,XXXX,8,10,F,1,201409,1,079727,03.5
CM53,11,E,11,,E,0110,1,ZP-04,K,XXXX,8,10,P,2,201409,1,114558,13.8
CM53,11,D,17,,C,0110,1,ZP-04,J,XXXX,8,10,F,1,201409,1,105000,04.2
CM53,11,D,17,,E,0110,1,ZP-04,K,XXXX,2,10,F,1,201409,1,119536,10.3
CM53,11,D,13,,D,0110,1,ZP-03,H,XXXX,8,10,F,1,201409,1,086303,05.7
CM53,11,H,17,,H,0110,1,ZP-03,I,XXXX,8,38,F,1,201409,1,098305,27.4
CM53,11,G,17,,C,0110,1,ZP-04,L,XXXX,2,10,F,1,201409,1,127136,04.9
CM53,11,E,13,,E,0110,1,ZP-05,N,XXXX,2,10,F,1,201409,1,148750,14.0
CM53,11,C,08,,C,0110,1,ZP-04,H,XXXX,8,10,F,1,201409,1,089924,04.9
CM53,11,C,17,,C,0110,1,ZP-04,I,XXXX,8,10,F,1,201409,1,090000,04.2
CM53,11,E,13,,E,0110,1,ZP-04,L,XXXX,8,10,F,1,201409,1,127634,14.8
CM53,11,G,13,,G,0110,1,ZP-04,N,XXXX,2,10,F,1,201409,1,146548,23.2
CM53,11,F,21,,C,0110,1,ZP-04,M,XXXX,8,10,F,1,201409,1,138136,03.7
CM53,11,H,14,,H,0110,1,ZP-04,N,XXXX,2,10,F,1,201409,1,146548,25.6
CM53,11,D,13,,C,0110,1,ZP-03,F,XXXX,8,10,F,1,201409,1,065863,03.8
CM53,11,D,04,,C,0110,1,ZP-03,I,XXXX,8,10,F,1,201409,1,092829,04.3
CM53,11,H,17,,G,0110,1,ZP-04,M,XXXX,8,10,F,1,201409,1,132453,24.0
CM53,11,G,14,,H,0110,1,ZP-04,N,XXXX,2,10,F,1,201409,1,146548,27.8
CM53,11,E,13,,E,0110,1,ZP-05,M,XXXX,2,10,F,1,201409,1,134212,11.1
CM53,11,C,13,,D,0110,1,ZP-04,I,XXXX,8,10,F,1,201409,1,096336,06.8
CM53,11,C,17,,C,0110,1,ZP-03,H,XXXX,8,15,F,1,201409,1,088914,04.1
CM53,11,D,17,,C,0110,1,ZP-03,G,XXXX,8,10,F,1,201409,1,075287,03.6
CM53,11,E,13,,F,0110,1,ZP-04,M,XXXX,8,10,F,1,201409,1,135249,16.1
CM53,11,D,13,,E,0110,1,ZP-03,H,XXXX,8,10,F,1,201409,1,080969,10.4
CM53,11,G,13,,H,0110,1,ZP-04,M,XXXX,8,10,F,1,201409,1,138136,26.8
CM53,11,C,13,,D,0110,1,ZP-03,G,XXXX,8,10,F,1,201409,1,079325,05.3
CM53,11,G,13,,H,0110,1,ZP-03,I,XXXX,8,10,F,1,201409,1,098305,27.1
CM53,11,D,13,,E,0110,1,ZP-03,H,XXXX,8,10,F,1,201409,1,087822,10.4
CM53,11,D,13,,D,0110,1,ZP-04,I,XXXX,8,10,F,1,201409,1,099611,05.1
CM53,11,I,21,,H,0110,1,ZP-04,M,XXXX,8,10,F,1,201409,1,138136,26.2
CM53,11,E,17,,F,0110,1,ZP-04,M,XXXX,2,10,F,1,201409,1,138412,15.9
CM53,11,E,13,,E,0110,1,ZP-04,M,XXXX,2,10,F,1,201409,1,132706,10.3
CM53,11,C,12,,D,0110,1,ZP-03,G,XXXX,8,10,F,1,201409,1,076796,06.3
CM53,11,G,17,,G,0110,1,ZP-04,M,XXXX,8,10,F,1,201409,1,138136,21.0
CM53,11,H,21,,E,0110,1,ZP-04,N,XXXX,2,10,F,1,201409,1,146548,11.1
CM53,11,D,17,,B,0110,1,ZP-03,G,XXXX,8,15,F,1,201409,1,075750,02.3
CM53,11,H,21,,C,0110,1,ZP-03,I,XXXX,8,10,F,1,201409,1,098305,04.3
CM53,11,H,13,,I,0110,1,ZP-04,M,XXXX,8,10,F,1,201409,1,133958,31.6
CM53,11,E,21,,E,0110,1,ZP-04,M,XXXX,8,10,F,1,201409,1,134128,10.0
CM53,11,F,13,,F,0110,1,ZP-05,O,XXXX,2,10,F,1,201409,1,157100,15.2
CM53,11,C,13,,A,0110,1,ZP-02,G,XXXX,8,15,F,1,201409,1,074654,00.3
CM53,11,D,13,,D,0110,1,ZP-04,I,XXXX,8,10,F,1,201409,1,097468,07.1
CM53,11,H,17,,H,0110,1,ZP-05,O,XXXX,8,10,F,1,201409,1,157100,29.8
CM53,11,I,21,,E,0110,1,ZP-05,O,XXXX,8,10,F,1,201409,1,157100,10.3
CM54,12,G,21,,E,0110,1,ZP-04,L,XXXX,2,10,F,1,201409,1,124585,13.0
CM54,53,G,17,,E,0110,1,ZP-04,K,XXXX,8,10,F,1,201409,1,112945,10.1
CM54,53,H,21,,D,0110,1,ZP-04,L,XXXX,8,10,F,1,201409,1,128267,07.4
CM54,53,D,21,,D,0110,1,ZP-03,I,XXXX,8,20,F,2,201409,1,093062,05.0
CM54,12,F,21,,E,0110,1,ZP-04,K,XXXX,2,10,F,1,201409,1,117868,11.8
CM54,24,G,17,,F,0110,1,ZP-04,M,XXXX,8,10,P,2,201409,1,132500,15.5
CM54,53,G,21,,E,0110,1,ZP-03,I,XXXX,8,10,F,1,201409,1,096398,13.5
CM54,53,I,21,,H,0110,1,ZP-04,N,XXXX,2,10,F,1,201409,1,143706,27.3
CM54,25,F,17,,E,0110,1,ZP-04,L,XXXX,8,10,F,1,201409,1,120969,14.2
CM54,06,E,21,,D,0110,1,ZP-03,J,XXXX,8,10,F,1,201409,1,106955,05.9
CM54,25,G,17,,G,0110,1,ZP-04,M,XXXX,8,10,F,1,201409,1,138781,22.2
CM54,53,G,21,,F,0110,1,ZP-04,N,XXXX,2,10,F,1,201409,1,143706,15.9
CM54,53,K,21,,J,0110,1,ZP-04,M,XXXX,8,10,F,1,201409,1,135456,39.4
CM54,24,H,17,,H,0110,1,ZP-04,M,XXXX,8,10,P,2,201409,1,138136,26.7
CM54,45,I,17,,J,0110,1,ZP-04,L,XXXX,8,10,F,1,201409,1,121308,35.5
CM54,24,D,21,,A,0110,1,ZP-04,I,XXXX,8,15,F,1,201409,1,092921,00.7
CM54,53,I,21,,E,0110,1,ZP-04,M,XXXX,8,10,F,1,201409,1,133470,12.0
CM54,25,H,17,,H,0110,1,ZP-04,M,XXXX,8,10,F,1,201409,1,138781,27.7
CM54,02,G,18,,E,0110,1,ZP-03,I,XXXX,8,10,F,1,201409,1,098677,11.7
CM54,53,F,21,,E,0110,1,ZP-04,M,XXXX,8,10,F,1,201409,1,135456,10.2
CM54,12,J,20,,C,0110,1,ZP-03,I,XXXX,8,10,F,1,201409,1,095591,04.1
CM54,15,D,17,,D,0110,1,ZP-03,I,XXXX,8,10,P,2,201409,1,092204,08.0
CM54,15,H,21,,E,0110,1,ZP-04,K,XXXX,8,10,F,1,201409,1,117766,11.9
CM54,24,K,14,,J,0110,1,ZP-04,M,XXXX,8,10,F,1,201409,1,138136,40.3
CM54,25,H,17,,G,0110,1,ZP-04,M,XXXX,8,10,F,1,201409,1,138781,23.6
CM54,53,D,17,,D,0110,1,ZP-03,I,XXXX,8,10,F,1,201409,1,093008,05.3
CM54,12,F,21,,C,0110,1,ZP-03,H,XXXX,8,10,F,1,201409,1,081656,04.1
CM54,25,F,18,,B,0110,1,ZP-03,I,XXXX,8,15,F,1,201409,1,096061,02.8
CM54,15,F,17,,D,0110,1,ZP-04,J,XXXX,8,10,F,1,201409,1,106475,08.9
CM54,24,G,21,,F,0110,1,ZP-04,M,XXXX,8,10,P,2,201409,1,137286,15.4
CM54,53,E,18,,C,0110,1,ZP-03,I,XXXX,8,10,F,1,201409,1,095503,04.1
CM54,06,F,21,,E,0110,1,ZP-04,M,XXXX,8,10,F,1,201409,1,135890,11.2
CM54,06,J,17,,J,0110,1,ZP-04,O,XXXX,2,10,F,1,201409,1,157100,36.1
CM54,24,E,17,,D,0110,1,ZP-04,J,XXXX,8,10,F,1,201409,1,103967,09.8
CM54,24,J,20,,H,0110,1,ZP-04,M,XXXX,8,10,F,1,201409,1,138136,26.8
CM54,12,F,21,,D,0110,1,ZP-04,K,XXXX,2,10,F,1,201409,1,112769,08.5
CM54,12,I,21,,H,0110,1,ZP-04,M,XXXX,2,10,F,1,201409,1,134680,25.6
CM54,24,G,21,,F,0110,1,ZP-04,M,XXXX,8,10,F,1,201409,1,133444,17.1
CM54,12,I,16,13,E,0110,1,GS-13,J,XXXX,8,10,F,1,201409,1,104679,14.3
CM54,06,J,18,,J,0110,1,ZP-05,O,XXXX,2,10,F,1,201409,1,157100,35.4
CM54,53,E,21,,C,0110,1,ZP-03,I,XXXX,8,10,F,1,201409,1,096398,04.9
CM54,06,F,21,,D,0110,1,ZP-04,L,XXXX,8,10,F,1,201409,1,123774,07.9
CM54,06,E,13,,D,0110,1,ZP-03,I,XXXX,8,10,F,1,201409,1,095748,06.3
CM54,06,E,21,,D,0110,1,ZP-03,J,XXXX,8,10,F,1,201409,1,106955,06.1
CM54,02,J,21,,E,0110,1,ZP-04,M,XXXX,8,10,F,1,201409,1,138659,14.2
CM54,24,F,17,,F,0110,1,ZP-04,M,XXXX,8,10,F,1,201409,1,138136,16.7
CM54,25,J,17,,H,0110,1,ZP-04,L,XXXX,8,10,F,1,201409,1,128725,26.9
CM54,53,G,21,,D,0110,1,ZP-04,M,XXXX,8,10,F,1,201409,1,134120,07.8
CM54,12,J,21,13,E,0110,1,GS-13,J,XXXX,8,10,F,1,201409,1,107434,11.3
CM54,12,D,17,12,A,0110,1,GS-12,F,XXXX,8,15,F,1,201409,1,069497,00.3
CM54,06,I,21,,D,0110,1,ZP-04,L,XXXX,8,10,F,1,201409,1,129350,09.7
CM54,12,G,22,,E,0110,1,ZP-03,I,XXXX,8,10,F,1,201409,1,095591,10.7
CM54,53,F,21,,E,0110,1,ZP-04,N,XXXX,2,10,F,1,201409,1,143706,13.5
CM54,24,G,17,,E,0110,1,ZP-04,M,XXXX,8,10,F,1,201409,1,138136,11.3
CM54,24,J,17,,D,0110,1,ZP-05,O,XXXX,8,10,F,1,201409,1,157100,07.4
CM54,24,H,21,,F,0110,1,ZP-05,O,XXXX,2,10,F,1,201409,1,157100,15.5
CM54,25,D,04,,D,0110,1,ZP-03,I,XXXX,8,10,F,1,201409,1,098764,05.2
CM54,53,G,21,,D,0110,1,ZP-04,M,XXXX,8,10,F,1,201409,1,135456,08.2
CM54,24,H,21,,F,0110,1,ZP-04,L,XXXX,8,10,F,1,201409,1,120662,16.6
CM54,53,D,17,,D,0110,1,ZP-03,I,XXXX,8,10,F,1,201409,1,090389,06.5
CM54,24,H,13,,H,0110,1,ZP-04,L,XXXX,8,10,F,1,201409,1,125086,26.9
CM54,24,H,21,,G,0110,1,ZP-04,M,XXXX,8,10,F,1,201409,1,138136,21.0
CM54,25,E,17,,B,0110,1,ZP-03,H,XXXX,8,15,F,1,201409,1,087703,02.6
CM54,53,J,21,,I,0110,1,ZP-04,N,XXXX,2,10,F,1,201409,1,143706,30.2
CM54,25,E,04,,B,0110,1,ZP-03,G,XXXX,8,20,F,2,201409,1,075992,01.8
CM55,11,C,14,13,D,0110,1,GS-13,I,XXXX,8,10,F,1,201409,1,092922,07.2
CM55,11,F,14,13,E,0110,1,GS-13,J,XXXX,8,10,F,1,201409,1,104911,13.3
CM55,11,I,16,14,F,0110,1,GS-14,L,XXXX,8,10,F,1,201409,1,120429,16.2
CM55,11,I,17,15,J,0110,1,GS-15,O,XXXX,7,10,F,1,201409,1,157100,36.3
CM55,11,I,17,14,I,0110,1,GS-14,M,XXXX,2,10,F,1,201409,1,138136,30.3
CM55,11,I,21,15,H,0110,1,GS-15,O,XXXX,5,10,F,1,201409,1,157100,27.2
CM55,11,H,17,13,H,0110,1,GS-13,K,XXXX,8,10,F,1,201409,1,116901,28.2
CM55,11,K,21,14,J,0110,1,GS-14,M,XXXX,5,10,F,1,201409,1,138136,36.1
CM55,11,K,17,13,J,0110,1,GM-13,K,XXXX,5,10,F,1,201409,1,116901,42.7
CM55,11,F,04,13,E,0110,1,GS-13,J,XXXX,8,10,F,1,201409,1,101914,11.5
CM55,11,D,17,13,D,0110,1,GS-13,I,XXXX,8,10,F,1,201409,1,095919,06.8
CM55,11,I,17,14,H,0110,1,GS-14,M,XXXX,5,10,F,1,201409,1,134595,28.0
CM55,11,H,17,14,H,0110,1,GS-14,M,XXXX,5,10,F,1,201409,1,131053,26.4
CM55,11,D,17,13,C,0110,1,GS-13,H,XXXX,8,10,F,1,201409,1,089924,03.7
CM55,11,C,17,12,C,0110,1,GS-12,H,XXXX,8,10,F,1,201409,1,080662,03.9
CM55,11,G,13,14,H,0110,1,GS-14,M,XXXX,5,10,F,1,201409,1,131053,27.3
CM55,11,H,13,13,H,0110,1,GS-13,K,XXXX,8,10,F,1,201409,1,116901,27.9
CM55,11,E,14,14,D,0110,1,GS-14,J,XXXX,8,10,F,1,201409,1,106263,06.9
CM55,11,H,21,,G,0110,1,ES-**,N,XXXX,2,50,F,1,201409,1,143775,23.4
CM55,11,H,17,14,D,0110,1,GS-14,L,XXXX,8,10,F,1,201409,1,120429,09.0
CM55,11,D,13,14,D,0110,1,GS-14,J,XXXX,8,10,F,1,201409,1,106263,07.4
CM55,11,K,13,13,J,0110,1,GM-13,K,XXXX,5,10,F,1,201409,1,116901,46.8
CM55,11,J,13,13,J,0110,1,GS-13,K,XXXX,8,10,F,1,201409,1,116901,39.0
CM55,11,F,17,14,F,0110,1,GS-14,M,XXXX,2,10,F,1,201409,1,131053,18.2
CM55,11,I,21,14,F,0110,1,GS-14,M,XXXX,8,10,F,1,201409,1,134595,19.8
CM55,11,E,17,13,C,0110,1,GS-13,I,XXXX,8,10,F,1,201409,1,098916,03.8
CM55,11,H,17,13,D,0110,1,GS-13,J,XXXX,8,10,F,1,201409,1,104911,08.8
CM55,11,C,17,13,C,0110,1,GS-13,H,XXXX,8,10,F,1,201409,1,089924,04.1
CM55,11,D,04,14,D,0110,1,GS-14,K,XXXX,8,10,F,1,201409,1,116887,09.8
CM55,11,C,17,11,A,0110,1,GS-11,F,XXXX,8,35,F,1,201409,1,063091,00.0
CM55,11,D,18,13,D,0110,1,GS-13,I,XXXX,8,10,F,1,201409,1,092922,06.9
CM55,11,E,13,14,E,0110,1,GS-14,K,XXXX,8,10,F,1,201409,1,116887,14.1
CM55,11,D,21,13,C,0110,1,GS-13,I,XXXX,8,10,F,1,201409,1,095919,04.0
CM55,11,C,14,12,C,0110,1,GS-12,H,XXXX,8,10,F,1,201409,1,080662,04.0
CM56,51,E,17,14,E,0110,1,GS-14,M,XXXX,8,10,F,1,201409,1,138136,11.3
CM56,51,D,17,13,D,0110,1,GS-13,J,XXXX,8,10,F,1,201409,1,101914,08.9
CM56,51,D,13,14,D,0110,1,GS-14,K,XXXX,8,10,F,1,201409,1,116887,09.9
CM56,51,G,20,13,D,0110,1,GS-13,H,XXXX,8,10,F,1,201409,1,089924,05.8
CM56,51,D,17,14,D,0110,1,GS-14,K,XXXX,8,10,F,1,201409,1,116887,09.2
CM56,51,G,21,,C,0110,1,SL-00,P,XXXX,8,10,F,1,201409,1,165000,04.3
CM56,51,E,17,13,E,0110,1,GS-13,J,XXXX,8,15,F,1,201409,1,107909,10.6
CM57,24,D,17,,D,0110,1,ZP-03,H,XXXX,8,10,F,1,201409,1,088832,08.9
CM57,24,C,21,,A,0110,1,ZP-03,H,XXXX,8,15,F,1,201409,1,085000,00.1
CM57,24,K,21,,J,0110,1,ZP-05,O,XXXX,2,10,F,1,201409,1,157100,43.3
CM57,24,G,21,,C,0110,1,ZP-03,H,XXXX,8,10,F,1,201409,1,089033,04.6
CM57,24,J,21,,F,0110,1,ZP-04,M,XXXX,8,10,F,1,201409,1,138136,16.1
CM57,24,H,14,,F,0110,1,ZP-04,M,XXXX,8,10,F,1,201409,1,137875,15.4
CM57,24,I,17,,F,0110,1,ZP-04,M,XXXX,8,10,F,1,201409,1,138136,15.8
CM57,24,G,17,,G,0110,1,ZP-05,O,XXXX,8,10,F,1,201409,1,157100,22.6
CM57,24,F,18,,D,0110,1,ZP-03,I,XXXX,8,10,F,1,201409,1,095445,07.6
CM57,24,D,21,,D,0110,1,ZP-04,K,XXXX,8,10,F,1,201409,1,115288,06.0
CM57,24,F,21,,E,0110,1,ZP-04,L,XXXX,8,10,F,1,201409,1,129961,14.8
CM57,24,F,21,,E,0110,1,ZP-04,L,XXXX,8,10,F,1,201409,1,129991,12.2
CM61,11,D,17,15,D,0110,1,GS-15,L,XXXX,4,10,F,1,201409,1,124995,08.0
CM61,11,B,13,11,C,0110,1,GS-11,F,XXXX,8,10,F,1,201409,1,069400,03.1
CM63,24,G,21,,G,0110,1,ES-**,P,XXXX,2,50,F,1,201409,1,169610,21.9
CM63,24,D,17,13,C,0110,1,GS-13,J,XXXX,8,10,F,1,201409,1,101914,03.3
CM63,24,D,04,13,B,0110,1,GS-13,H,XXXX,8,15,F,1,201409,1,089924,02.0
CM63,24,H,04,14,F,0110,1,GS-14,L,XXXX,8,10,F,1,201409,1,123970,17.0
CM63,24,F,17,13,B,0110,1,GS-13,I,XXXX,8,15,F,1,201409,1,098916,01.8
CM63,13,F,21,12,D,0110,1,GS-12,G,XXXX,8,20,P,2,201409,1,079881,06.6
CM63,24,F,21,14,D,0110,1,GS-14,K,XXXX,4,10,F,1,201409,1,116887,05.2
CM63,24,D,04,12,B,0110,1,GS-12,I,XXXX,8,15,F,1,201409,1,090744,02.0
CM63,24,D,21,13,C,0110,1,GS-13,I,XXXX,8,10,F,1,201409,1,095919,04.2
CM63,24,J,21,15,H,0110,1,GS-15,O,XXXX,4,10,F,1,201409,1,157100,29.9
CM63,24,D,21,12,C,0110,1,GS-12,H,XXXX,8,10,F,1,201409,1,083183,04.4
CM63,24,I,17,13,I,0110,1,GS-13,K,XXXX,8,10,F,1,201409,1,110906,32.1
CM63,25,H,18,13,E,0110,1,GS-13,J,XXXX,4,10,F,1,201409,1,108413,11.2
CM63,24,D,13,14,D,0110,1,GS-14,J,XXXX,8,10,F,1,201409,1,106263,05.2
CM63,24,D,21,13,A,0110,1,GS-13,K,XXXX,8,15,F,1,201409,1,116901,00.2
CM63,24,D,17,13,C,0110,1,GS-13,J,XXXX,8,10,F,1,201409,1,104911,03.1
CM63,24,J,21,13,D,0110,1,GS-13,I,XXXX,8,10,F,1,201409,1,098916,05.9
CM63,24,E,17,12,B,0110,1,GS-12,H,XXXX,8,15,F,1,201409,1,080662,02.1
CM63,06,G,14,14,F,0110,1,GS-14,L,XXXX,8,10,F,1,201409,1,123279,15.0
CM63,24,D,04,12,B,0110,1,GS-12,H,XXXX,8,15,F,1,201409,1,085703,01.1
CM63,24,D,13,12,B,0110,1,GS-12,G,XXXX,8,15,F,1,201409,1,078142,01.9
CM63,24,C,04,12,B,0110,1,GS-12,H,XXXX,8,15,F,1,201409,1,085703,01.1
CM63,24,G,21,14,D,0110,1,GS-14,K,XXXX,8,10,F,1,201409,1,116887,05.2
CM63,24,G,21,13,B,0110,1,GS-13,I,XXXX,8,15,F,1,201409,1,095919,02.2
CM63,24,H,21,,G,0110,1,ES-**,N,XXXX,2,50,F,1,201409,1,147013,23.0
CM63,24,H,21,14,B,0110,1,GS-14,L,XXXX,8,15,F,1,201409,1,123970,02.8
CM63,24,E,18,14,E,0110,1,GS-14,K,XXXX,4,10,F,1,201409,1,116887,10.4
CM63,24,C,21,12,B,0110,1,GS-12,I,XXXX,8,15,F,1,201409,1,093264,01.2
CM63,29,F,13,15,A,0110,1,GS-15,N,XXXX,8,40,I,2,201409,1,149333,00.3
CM63,24,D,17,13,C,0110,1,GS-13,I,XXXX,8,10,F,1,201409,1,095919,03.0
CM63,24,D,21,13,B,0110,1,GS-13,J,XXXX,8,15,F,1,201409,1,104911,02.2
CM63,24,G,21,15,D,0110,1,GS-15,M,XXXX,5,10,F,1,201409,1,133328,08.5
CM63,24,E,21,12,C,0110,1,GS-12,I,XXXX,8,10,F,1,201409,1,098305,04.0
CM63,**,F,18,12,C,0110,1,GS-12,G,XXXX,8,20,F,2,201409,1,078776,03.0
CM63,24,C,04,12,B,0110,1,GS-12,H,XXXX,8,15,F,1,201409,1,085703,01.2
CM63,24,E,21,13,B,0110,1,GS-13,J,XXXX,8,15,F,1,201409,1,104911,02.2
CM63,24,F,21,15,F,0110,1,GS-15,N,XXXX,5,10,F,1,201409,1,141660,17.2
CM63,24,J,21,15,I,0110,1,GS-15,O,XXXX,4,10,F,1,201409,1,157100,33.6
CM63,24,D,21,13,D,0110,1,GS-13,J,XXXX,8,10,F,1,201409,1,104911,05.2
CM63,24,F,21,13,E,0110,1,GS-13,J,XXXX,8,10,P,2,201409,1,107909,13.3
CM63,24,C,21,13,B,0110,1,GS-13,J,XXXX,8,15,F,1,201409,1,104911,01.2
CM63,24,I,13,,J,0110,1,ES-**,R,XXXX,2,50,F,1,201409,1,181500,38.7
CM63,24,G,22,13,D,0110,1,GS-13,J,XXXX,8,10,F,1,201409,1,101914,09.3
CM63,24,H,21,15,G,0110,1,GS-15,O,XXXX,5,10,F,1,201409,1,157100,24.0
CM63,24,H,21,14,E,0110,1,GS-14,L,XXXX,8,10,F,1,201409,1,120429,12.9
CM63,24,E,21,13,D,0110,1,GS-13,J,XXXX,8,10,F,1,201409,1,101914,07.4
CM63,24,F,21,12,C,0110,1,GS-12,I,XXXX,8,10,F,1,201409,1,098305,04.1
CM63,24,G,21,15,G,0110,1,GS-15,O,XXXX,4,10,F,1,201409,1,157100,23.1
CM63,24,F,04,12,E,0110,1,GS-12,I,XXXX,8,10,F,1,201409,1,093264,14.8
CM63,24,F,21,15,E,0110,1,GS-15,M,XXXX,4,10,F,1,201409,1,137494,12.1
CM63,24,C,21,12,A,0110,1,GS-12,H,XXXX,8,15,F,1,201409,1,085703,00.2
CM63,24,D,17,13,C,0110,1,GS-13,H,XXXX,8,10,F,1,201409,1,089924,03.0
CM63,24,G,17,,G,0110,1,ES-**,O,XXXX,2,50,F,1,201409,1,158993,22.4
CM63,24,H,21,14,E,0110,1,GS-14,L,XXXX,8,10,F,1,201409,1,123970,10.8
CM63,17,E,21,13,B,0110,1,GS-13,J,XXXX,4,15,F,1,201409,1,102636,02.8
CM63,24,D,21,13,C,0110,1,GS-13,H,XXXX,8,10,F,1,201409,1,089924,03.1
CM63,24,D,21,13,D,0110,1,GS-13,I,XXXX,8,10,F,1,201409,1,098916,05.2
CM63,24,D,21,12,B,0110,1,GS-12,H,XXXX,8,15,F,1,201409,1,080662,02.2
CM63,24,F,21,15,F,0110,1,GS-15,M,XXXX,2,10,F,1,201409,1,137494,15.5
CM65,11,F,21,14,E,0110,1,GS-14,L,XXXX,8,10,F,1,201409,1,120429,10.4
CM65,11,H,21,,E,0110,1,ES-**,P,XXXX,2,50,F,1,201409,1,167670,13.3
CM65,11,C,17,12,C,0110,1,GS-12,H,XXXX,8,10,F,1,201409,1,080662,04.2
CM65,11,F,21,15,E,0110,1,GS-15,N,XXXX,5,10,P,2,201409,1,141660,12.7
CM65,11,H,17,15,I,0110,1,GS-15,O,XXXX,5,10,F,1,201409,1,154160,30.4
CM65,11,D,17,13,D,0110,1,GS-13,I,XXXX,8,15,F,1,201409,1,095919,05.8
CM65,11,H,17,14,G,0110,1,GS-14,M,XXXX,8,10,F,1,201409,1,131053,22.5
CM65,11,G,17,15,F,0110,1,GS-15,O,XXXX,4,10,F,1,201409,1,157100,19.5
CM65,11,H,21,,E,0110,1,EX-03,P,XXXX,2,**,F,2,201409,1,165300,12.3
CM65,11,I,17,15,G,0110,1,GS-15,O,XXXX,5,10,F,1,201409,1,157100,21.0
CM65,11,E,04,15,E,0110,1,GS-15,L,XXXX,4,10,F,1,201409,1,129161,10.4
CM65,11,F,17,15,F,0110,1,GS-15,M,XXXX,8,10,F,1,201409,1,137494,16.2
CM65,11,J,17,15,F,0110,1,GS-15,N,XXXX,5,10,F,1,201409,1,145827,19.3
CM65,11,G,13,14,G,0110,1,GS-14,M,XXXX,8,10,F,1,201409,1,131053,24.2
CT00,11,D,14,,D,0110,1,CT-13,K,XXXX,8,10,F,1,201409,1,113672,06.3
CT00,11,D,13,,C,0110,1,CT-13,N,XXXX,8,10,F,1,201409,1,149768,04.7
CT00,11,D,17,,D,0110,1,CT-15,O,XXXX,2,10,F,1,201409,1,155326,07.1
CT00,11,F,21,,B,0110,1,CT-15,T,XXXX,2,20,F,2,201409,1,216231,01.8
CT00,17,G,13,,H,0110,1,CT-14,P,XXXX,2,10,F,1,201409,1,161079,25.0
CT00,11,H,17,,F,0110,1,CT-13,L,XXXX,8,10,F,1,201409,1,128265,17.2
CT00,11,H,21,,E,0110,1,CT-14,P,XXXX,2,10,F,1,201409,1,162158,14.8
CT00,11,D,17,,A,0110,1,CT-13,J,XXXX,8,15,F,1,201409,1,107909,00.0
CT00,11,F,21,,F,0110,1,CT-13,M,XXXX,8,10,F,1,201409,1,135724,16.2
CT00,11,H,17,,H,0110,1,CT-15,S,XXXX,2,10,F,1,201409,1,195989,28.3
CT00,11,D,17,,D,0110,1,CT-13,L,XXXX,8,10,F,1,201409,1,120911,08.6
CT00,11,G,17,,E,0110,1,CT-13,K,XXXX,8,10,F,1,201409,1,113430,13.7
CT00,11,C,13,,C,0110,1,CT-13,K,XXXX,8,10,F,1,201409,1,113142,04.3
CT00,11,E,17,,B,0110,1,CT-14,N,XXXX,8,15,F,1,201409,1,143058,02.9
CT00,11,I,17,,H,0110,1,CT-15,T,XXXX,2,10,F,1,201409,1,214853,27.4
CT00,11,H,17,,H,0110,1,CT-14,R,XXXX,8,10,F,1,201409,1,187304,25.3
CT00,11,F,21,,B,0110,1,CT-13,K,XXXX,8,20,F,2,201409,1,112025,02.8
CT00,11,J,17,,I,0110,1,CT-14,P,XXXX,2,10,F,1,201409,1,167434,31.7
CT00,11,F,17,,D,0110,1,CT-13,L,XXXX,8,10,F,1,201409,1,122532,06.4
CT00,11,I,21,,G,0110,1,CT-15,T,XXXX,8,10,F,1,201409,1,205835,24.3
CT00,11,H,21,,D,0110,1,CT-14,N,XXXX,8,15,F,1,201409,1,146530,05.6
CT00,11,G,21,,B,0110,1,CT-18,U,XXXX,5,44,F,2,201409,1,233000,02.6
CT00,11,H,17,,G,0110,1,CT-14,P,XXXX,8,10,F,1,201409,1,165016,22.8
CT00,11,F,17,,F,0110,1,CT-13,M,XXXX,8,10,F,1,201409,1,139164,17.7
CU00,51,E,17,,D,0110,1,CU-14,K,XXXX,8,10,F,1,201409,1,,09.5
CU00,51,E,17,,D,0110,1,CU-14,L,XXXX,8,15,F,1,201409,1,,05.0
CU00,51,G,21,,E,0110,1,SS-02,T,XXXX,2,10,F,1,201409,1,,14.1
CU00,51,I,21,,G,0110,1,CU-15,R,XXXX,8,10,F,1,201409,1,,21.4
CU00,51,B,13,,B,0110,1,CU-09,G,XXXX,8,15,F,1,201409,1,,02.3
DD01,51,H,21,,G,0110,1,ES-**,P,XXXX,2,50,F,1,201409,1,167000,21.8
DD07,51,G,14,14,G,0110,1,GS-14,L,XXXX,2,10,F,1,201409,1,120429,24.9
DD07,51,G,13,14,D,0110,1,GS-14,J,XXXX,5,10,F,1,201409,1,109804,05.5
DD07,51,F,14,13,F,0110,1,GS-13,J,XXXX,8,10,F,1,201409,1,104911,17.6
DD07,51,D,13,13,D,0110,1,GS-13,I,XXXX,8,10,F,1,201409,1,095919,09.2
DD07,51,F,17,12,A,0110,1,GS-12,G,XXXX,8,15,F,1,201409,1,075621,00.3
DD07,51,G,13,13,H,0110,1,GS-13,J,XXXX,8,10,F,1,201409,1,101914,26.3
DD48,51,C,13,12,D,0110,1,GS-12,H,XXXX,8,10,F,1,201409,1,083183,06.0
DD48,51,F,17,13,E,0110,1,GS-13,K,XXXX,8,10,F,1,201409,1,110906,12.8
DD48,51,D,17,12,D,0110,1,GS-12,H,XXXX,8,10,F,1,201409,1,085703,07.7
DD63,42,C,13,09,B,0110,1,GS-09,E,XXXX,8,15,F,1,201409,1,051126,02.8
DD63,42,G,17,13,E,0110,1,GS-13,I,XXXX,8,10,F,1,201409,1,099920,10.8
DD63,42,G,13,13,G,0110,1,GS-13,K,XXXX,8,10,F,1,201409,1,114614,24.9
DD69,11,I,04,,H,0110,1,AD-03,O,XXXX,8,48,F,2,201409,1,157055,25.2
DD69,11,I,04,,G,0110,1,AD-01,O,XXXX,8,48,F,2,201409,1,157100,24.2
DD69,11,K,17,,E,0110,1,AD-03,N,XXXX,8,48,F,2,201409,1,146985,13.2
DD69,11,I,04,,D,0110,1,AD-03,N,XXXX,8,48,F,2,201409,1,146985,08.1
DD69,11,K,17,,J,0110,1,AD-01,O,XXXX,8,48,F,2,201409,1,157055,35.7
DD69,11,G,21,,E,0110,1,AD-01,O,XXXX,8,48,F,2,201409,1,150492,10.2
DD69,11,H,21,,F,0110,1,AD-03,M,XXXX,8,48,F,2,201409,1,133752,16.3
DD69,11,I,04,,F,0110,1,AD-03,N,XXXX,8,48,F,2,201409,1,146985,15.2
DJ01,11,J,21,15,G,0110,1,GS-15,O,XXXX,8,10,F,1,201409,1,157100,23.0
DJ01,11,G,21,15,F,0110,1,GS-15,O,XXXX,8,10,F,1,201409,1,157100,15.9
DJ01,11,H,16,15,G,0110,1,GS-15,O,XXXX,8,10,F,1,201409,1,154160,23.3
DJ01,11,G,21,15,E,0110,1,GS-15,O,XXXX,8,10,F,1,201409,1,157100,14.9
DJ01,11,F,21,15,E,0110,1,GS-15,O,XXXX,8,10,F,1,201409,1,157100,14.9
DJ01,11,D,21,13,B,0110,1,GS-13,J,XXXX,8,15,F,1,201409,1,104911,01.3
DJ01,11,G,21,15,F,0110,1,GS-15,O,XXXX,8,10,P,2,201409,1,154160,18.0
DJ01,11,J,21,15,G,0110,1,GS-15,O,XXXX,8,10,F,1,201409,1,157100,24.8
DJ01,11,F,21,15,D,0110,1,GS-15,M,XXXX,8,10,F,1,201409,1,137494,06.9
DJ01,11,H,21,15,C,0110,1,GS-15,M,XXXX,8,10,F,1,201409,1,137494,04.0
DJ01,11,J,15,15,J,0110,1,GS-15,O,XXXX,8,10,F,1,201409,1,157100,37.3
DJ01,11,E,21,15,D,0110,1,GS-15,M,XXXX,8,10,F,1,201409,1,137494,07.0
DJ01,11,G,21,,G,0110,1,ES-**,R,XXXX,2,50,F,1,201409,1,181500,20.2
DJ01,11,D,21,12,A,0110,1,GS-12,I,XXXX,8,15,F,1,201409,1,098305,00.0
DJ01,11,F,14,15,E,0110,1,GS-15,O,XXXX,2,10,F,1,201409,1,157100,12.1
DJ01,11,D,21,13,A,0110,1,GS-13,K,XXXX,8,15,F,1,201409,1,116901,00.1
DJ01,11,G,21,15,B,0110,1,GS-15,O,XXXX,8,15,F,1,201409,1,154160,02.0
DJ01,11,D,21,12,A,0110,1,GS-12,H,XXXX,8,15,F,1,201409,1,083183,00.1
DJ01,11,K,21,15,I,0110,1,GS-15,O,XXXX,8,10,F,1,201409,1,157100,31.9
DJ01,11,F,22,15,E,0110,1,GS-15,O,XXXX,8,10,F,1,201409,1,157100,14.0
DJ01,11,F,21,15,E,0110,1,GS-15,O,XXXX,8,10,F,1,201409,1,154160,12.1
DJ01,11,C,21,12,A,0110,1,GS-12,G,XXXX,8,15,F,1,201409,1,075621,00.1
DJ01,11,F,21,15,E,0110,1,GS-15,O,XXXX,8,10,F,1,201409,1,154160,13.0
DJ01,11,G,21,15,E,0110,1,GS-15,O,XXXX,8,10,F,1,201409,1,154160,13.1
DJ01,11,G,21,15,F,0110,1,GS-15,O,XXXX,2,10,F,1,201409,1,157100,15.9
DJ01,11,F,21,15,E,0110,1,GS-15,O,XXXX,8,10,F,1,201409,1,157100,12.2
DJ01,11,E,21,14,B,0110,1,GS-14,J,XXXX,8,15,F,1,201409,1,109804,02.0
DJ01,11,C,21,12,A,0110,1,GS-12,G,XXXX,8,15,F,1,201409,1,075621,00.1
DJ01,11,E,17,15,D,0110,1,GS-15,M,XXXX,8,10,F,1,201409,1,137494,06.9
DJ01,11,H,21,,H,0110,1,ES-**,Q,XXXX,2,50,F,1,201409,1,178722,25.8
DJ01,11,F,21,15,E,0110,1,GS-15,N,XXXX,8,10,F,1,201409,1,145827,10.8
DJ01,11,G,21,15,F,0110,1,GS-15,O,XXXX,8,10,F,1,201409,1,154160,15.9
DJ01,11,H,21,15,G,0110,1,GS-15,O,XXXX,8,10,F,1,201409,1,157100,23.9
DJ01,11,H,21,15,F,0110,1,GS-15,O,XXXX,8,10,F,1,201409,1,157100,19.1
DJ01,11,G,21,15,F,0110,1,GS-15,O,XXXX,8,10,F,1,201409,1,157100,19.0
DJ01,11,I,21,15,I,0110,1,GS-15,O,XXXX,8,10,F,1,201409,1,157100,30.9
DJ01,11,K,21,,J,0110,1,ES-**,R,XXXX,2,50,F,1,201409,1,181500,39.6
DJ01,11,E,21,15,D,0110,1,GS-15,M,XXXX,2,10,F,1,201409,1,137494,07.0
DJ01,11,K,21,15,J,0110,1,GS-15,O,XXXX,8,10,F,1,201409,1,157100,39.0
DJ01,11,K,21,15,J,0110,1,GS-15,O,XXXX,8,10,F,1,201409,1,157100,38.0
DJ01,11,D,21,15,C,0110,1,GS-15,L,XXXX,8,10,F,1,201409,1,124995,03.9
DJ01,11,K,17,15,J,0110,1,GS-15,O,XXXX,8,10,F,1,201409,1,157100,35.3
DJ01,11,D,21,15,C,0110,1,GS-15,L,XXXX,8,10,F,1,201409,1,124995,03.9
DJ01,11,G,21,15,F,0110,1,GS-15,O,XXXX,2,10,F,1,201409,1,154160,16.1
DJ01,11,J,21,,J,0110,1,SL-00,P,XXXX,8,10,F,1,201409,1,169432,36.9
DJ01,11,D,17,15,D,0110,1,GS-15,L,XXXX,8,10,F,1,201409,1,129161,06.0
DJ01,11,E,21,14,B,0110,1,GS-14,K,XXXX,8,15,F,1,201409,1,113346,02.0
DJ01,11,H,17,15,F,0110,1,GS-15,O,XXXX,8,10,F,1,201409,1,157100,19.2
DJ01,11,H,17,15,G,0110,1,GS-15,O,XXXX,8,10,F,1,201409,1,157100,24.8
DJ01,11,H,21,15,D,0110,1,GS-15,O,XXXX,8,10,F,1,201409,1,157100,09.0
DLAA,11,F,21,,A,0110,1,SL-00,N,XXXX,2,44,F,2,201409,1,140000,00.0
DLAM,41,J,12,13,J,0110,1,GS-13,K,XXXX,8,10,F,1,201409,1,113259,36.3
DLBL,11,F,21,13,C,0110,1,GS-13,I,XXXX,8,10,F,1,201409,1,098916,03.0
DLBL,11,F,15,14,E,0110,1,GS-14,J,XXXX,8,10,F,1,201409,1,109804,11.2
DLBL,11,H,17,15,G,0110,1,GS-15,O,XXXX,2,10,F,1,201409,1,154160,22.7
DLBL,11,K,21,,J,0110,1,ES-**,Q,XXXX,2,50,F,1,201409,1,176524,39.0
DLBL,11,K,17,15,J,0110,1,GS-15,O,XXXX,8,10,F,1,201409,1,157100,44.3
DLBL,11,J,17,13,H,0110,1,GS-13,K,XXXX,8,10,F,1,201409,1,110906,27.1
DLBL,11,J,14,13,H,0110,1,GS-13,K,XXXX,8,10,F,1,201409,1,116901,27.5
DLBL,11,E,13,14,E,0110,1,GS-14,K,XXXX,8,10,F,1,201409,1,116887,12.4
DLET,11,H,13,11,F,0110,1,GS-11,H,XXXX,8,10,F,1,201409,1,082019,15.7
DLET,11,D,13,13,C,0110,1,GS-13,I,XXXX,8,10,F,1,201409,1,092922,04.2
DLLS,11,C,13,12,D,0110,1,GS-12,H,XXXX,8,10,F,1,201409,1,080662,05.2
DLLS,11,E,13,12,D,0110,1,GS-12,G,XXXX,8,10,F,1,201409,1,078142,05.5
DLLS,11,C,13,12,C,0110,1,GS-12,G,XXXX,8,10,F,1,201409,1,075621,03.0
DLLS,11,I,21,14,H,0110,1,GS-14,M,XXXX,8,10,F,1,201409,1,134595,26.0
DLLS,11,E,13,15,F,0110,1,GS-15,M,XXXX,2,10,F,1,201409,1,133328,15.2
DLLS,11,F,13,14,G,0110,1,GS-14,L,XXXX,2,10,F,1,201409,1,127512,22.4
DLLS,39,H,13,06,C,0119,3,GS-06,D,XXXX,8,10,P,2,201409,1,047643,03.7
DLLS,13,E,13,12,D,0110,1,GS-12,G,XXXX,8,10,F,1,201409,1,079881,06.8
DLLS,11,I,13,13,J,0110,1,GS-13,K,XXXX,8,10,F,1,201409,1,116901,36.4
DLLS,11,D,04,12,D,0110,1,GS-12,H,XXXX,8,10,F,1,201409,1,085703,08.0
DLLS,11,G,13,14,G,0110,1,GS-14,M,XXXX,8,10,F,1,201409,1,131053,22.4
DLLS,11,I,13,13,G,0110,1,GS-13,J,XXXX,8,10,F,1,201409,1,107909,24.4
DLLS,11,J,17,13,F,0110,1,GS-13,J,XXXX,8,10,F,1,201409,1,101914,15.8
DLLS,11,J,17,12,G,0110,1,GS-12,I,XXXX,8,10,F,1,201409,1,095785,24.9
DLLS,32,I,17,07,F,0119,3,GS-07,D,XXXX,8,10,P,2,201409,1,048321,17.1
DLLS,11,F,13,13,F,0110,1,GS-13,J,XXXX,8,10,F,1,201409,1,104911,17.5
DLLS,13,F,13,14,F,0110,1,GS-14,K,XXXX,2,10,F,1,201409,1,115649,18.9
DLLS,13,J,13,12,F,0110,1,GS-12,H,XXXX,8,10,F,1,201409,1,089563,19.7
DLLS,40,K,07,07,F,0119,3,GS-07,D,XXXX,8,10,P,2,201409,1,047015,19.8
DLLS,11,D,13,14,E,0110,1,GS-14,K,XXXX,8,10,F,1,201409,1,113346,10.0
DLLS,29,K,10,07,G,0119,3,GS-07,D,XXXX,8,10,P,2,201409,1,047015,21.0
DLLS,11,D,13,14,E,0110,1,GS-14,J,XXXX,8,10,F,1,201409,1,109804,12.8
DLLS,55,D,13,12,D,0110,1,GS-12,G,XXXX,8,10,F,1,201409,1,079084,06.8
DLLS,51,H,04,06,C,0119,3,GS-06,C,XXXX,8,10,P,2,201409,1,037168,03.2
DLLS,48,K,15,07,D,0119,3,GS-07,D,XXXX,8,10,P,2,201409,1,045644,08.3
DLLS,06,D,13,12,D,0110,1,GS-12,H,XXXX,8,10,F,1,201409,1,087760,05.3
DLLS,06,I,14,12,I,0110,1,GS-12,J,XXXX,8,10,F,1,201409,1,106955,33.8
DLLS,17,G,13,12,H,0110,1,GS-12,I,XXXX,8,10,F,1,201409,1,099002,25.5
DLLS,42,F,13,13,E,0110,1,GS-13,I,XXXX,2,15,F,1,201409,1,099920,12.3
DLLS,11,D,17,12,B,0110,1,GS-12,G,XXXX,8,15,F,1,201409,1,075621,02.0
DLLS,48,D,13,12,D,0110,1,GS-12,H,XXXX,8,10,F,1,201409,1,083254,08.7
DLLS,11,D,13,13,D,0110,1,GS-13,I,XXXX,8,10,F,1,201409,1,095919,07.6
DLLS,42,G,14,13,G,0110,1,GS-13,K,XXXX,2,10,F,1,201409,1,111675,21.8
DLLS,17,G,17,12,G,0110,1,GS-12,I,XXXX,8,10,F,1,201409,1,091387,23.8
DLLS,11,I,07,12,J,0110,1,GS-12,I,XXXX,8,10,F,1,201409,1,095785,36.9
DLLS,11,E,13,13,F,0110,1,GS-13,J,XXXX,8,10,F,1,201409,1,104911,15.3
DLLS,11,C,13,12,D,0110,1,GS-12,H,XXXX,8,10,F,1,201409,1,083183,06.9
DLLS,11,D,13,13,D,0110,1,GS-13,I,XXXX,8,38,F,1,201409,1,095919,08.3
DLLS,06,F,17,06,B,0119,3,GS-06,D,XXXX,8,15,P,2,201409,1,048430,02.2
DLLS,11,C,13,12,D,0110,1,GS-12,H,XXXX,8,10,F,1,201409,1,080662,05.1
DLLS,25,E,13,05,B,0119,3,GS-05,C,XXXX,8,15,P,2,201409,1,035729,01.7
DLLS,11,G,13,12,G,0110,1,GS-12,I,XXXX,8,10,F,1,201409,1,093264,23.2
DLLS,11,F,13,14,G,0110,1,GS-14,L,XXXX,8,10,F,1,201409,1,127512,22.2
DLLS,11,I,13,13,H,0110,1,GS-13,K,XXXX,2,10,F,1,201409,1,110906,26.3
DLLS,06,D,13,07,D,0119,3,GS-07,E,XXXX,8,10,P,2,201409,1,051020,08.9
DLLS,11,E,13,13,E,0110,1,GS-13,J,XXXX,8,10,F,1,201409,1,104911,14.1
DLLS,11,C,17,12,D,0110,1,GS-12,H,XXXX,8,10,F,1,201409,1,083183,05.2
DLLS,11,D,13,12,C,0110,1,GS-12,G,XXXX,8,10,F,1,201409,1,075621,03.0
DLLS,11,G,13,15,G,0110,1,GS-15,N,XXXX,2,10,F,1,201409,1,141660,24.1
DLLS,11,G,04,14,H,0110,1,GS-14,M,XXXX,2,10,F,1,201409,1,134595,25.3
DLLS,11,F,13,14,F,0110,1,GS-14,L,XXXX,2,10,F,1,201409,1,127512,18.2
DLLS,37,I,13,12,H,0110,1,GS-12,I,XXXX,8,10,F,1,201409,1,090711,29.0
DLLS,11,C,13,12,C,0110,1,GS-12,G,XXXX,8,10,F,1,201409,1,078142,04.8
DLLS,11,D,13,13,D,0110,1,GS-13,I,XXXX,8,10,F,1,201409,1,098916,09.8
DLLS,11,C,13,12,D,0110,1,GS-12,H,XXXX,8,10,F,1,201409,1,080662,05.2
DLLS,06,E,04,09,A,0110,1,GS-09,E,XXXX,8,15,F,1,201409,1,056735,00.1
DLLS,17,J,13,07,E,0119,3,GS-07,E,XXXX,8,10,P,2,201409,1,051520,12.4
DLLS,42,I,13,12,H,0110,1,GS-12,I,XXXX,8,10,F,1,201409,1,093911,26.0
DLLS,11,I,17,12,H,0110,1,GS-12,I,XXXX,8,10,F,1,201409,1,095785,26.3
DLLS,06,I,13,12,G,0110,1,GS-12,H,XXXX,8,10,F,1,201409,1,087731,24.9
DLLS,11,E,13,14,E,0110,1,GS-14,K,XXXX,2,10,F,1,201409,1,116887,14.2
DLLS,24,G,04,05,A,0119,3,GS-05,C,XXXX,8,15,P,2,201409,1,034415,00.6
DLLS,11,I,13,15,I,0110,1,GS-15,N,XXXX,2,10,F,1,201409,1,149993,30.0
DLLS,11,D,13,09,B,0110,1,GS-09,E,XXXX,8,15,F,1,201409,1,052146,01.6
DLLS,11,J,17,15,J,0110,1,GS-15,O,XXXX,2,10,F,1,201409,1,157100,39.1
DLLS,48,I,13,07,E,0119,3,GS-07,D,XXXX,8,10,P,2,201409,1,045709,10.0
DLLS,36,D,13,05,D,0119,3,GS-05,D,XXXX,8,15,P,2,201409,1,046366,05.3
DLLS,11,G,17,14,G,0110,1,GS-14,L,XXXX,2,10,F,1,201409,1,127512,23.2
DLLS,11,C,17,12,C,0110,1,GS-12,H,XXXX,8,10,F,1,201409,1,080662,04.0
DLLS,42,G,13,12,H,0110,1,GS-12,I,XXXX,8,10,F,1,201409,1,096382,25.3
DLLS,12,D,13,12,E,0110,1,GS-12,H,XXXX,8,10,F,1,201409,1,088238,12.9
DLLS,42,I,13,13,I,0110,1,GS-13,K,XXXX,2,10,F,1,201409,1,111675,32.9
DLLS,45,H,13,07,D,0119,3,GS-07,C,XXXX,8,10,P,2,201409,1,039179,07.2
DLLS,11,F,13,13,E,0110,1,GS-13,J,XXXX,8,10,F,1,201409,1,104911,10.3
DLLS,11,H,13,14,I,0110,1,GS-14,L,XXXX,2,10,F,1,201409,1,127512,34.2
DLLS,11,J,13,14,J,0110,1,GS-14,L,XXXX,2,10,F,1,201409,1,127512,39.8
DLLS,11,K,17,,G,0110,1,ES-**,R,XXXX,2,50,F,1,201409,1,181425,23.5
DLLS,11,K,13,12,J,0110,1,GS-12,I,XXXX,8,10,F,1,201409,1,098305,38.2
DLLS,51,G,13,07,E,0119,3,GS-07,D,XXXX,8,10,P,2,201409,1,042636,10.9
DLLS,11,I,17,12,H,0110,1,GS-12,I,XXXX,8,10,F,1,201409,1,098305,26.8
DLLS,42,D,13,12,D,0110,1,GS-12,H,XXXX,8,10,F,1,201409,1,081555,07.6
DLLS,11,C,13,12,D,0110,1,GS-12,H,XXXX,8,10,F,1,201409,1,080662,05.2
DLLS,11,C,13,12,C,0110,1,GS-12,G,XXXX,8,10,F,1,201409,1,078142,04.0
DLLS,29,I,17,13,E,0110,1,GS-13,I,XXXX,2,10,F,1,201409,1,096415,11.6
DLLS,11,F,21,14,E,0110,1,GS-14,L,XXXX,8,10,F,1,201409,1,127512,12.0
DLLS,28,F,10,06,C,0119,3,GS-06,C,XXXX,8,10,P,2,201409,1,037605,03.9
DLLS,17,J,13,07,D,0119,3,GS-07,D,XXXX,8,10,P,2,201409,1,048658,09.2
DLLS,27,K,04,07,D,0119,3,GS-07,D,XXXX,8,10,P,2,201409,1,042896,07.3
DLLS,11,D,13,12,D,0110,1,GS-12,H,XXXX,8,10,F,1,201409,1,080662,05.0
DLLS,06,G,13,06,D,0119,3,GS-06,D,XXXX,8,15,P,2,201409,1,048430,09.1
DLLS,11,H,21,14,F,0110,1,GS-14,M,XXXX,8,10,F,1,201409,1,138136,19.0
DLLS,55,I,13,07,F,0119,3,GS-07,E,XXXX,8,10,P,2,201409,1,050932,16.9
DLLS,17,D,13,13,D,0110,1,GS-13,I,XXXX,2,10,F,1,201409,1,099617,09.4
DLLS,02,K,13,07,F,0119,3,GS-07,E,XXXX,8,10,P,2,201409,1,054204,17.3
DLLS,06,F,13,07,D,0119,3,GS-07,D,XXXX,8,10,P,2,201409,1,046883,06.2
DLLS,17,E,17,12,D,0110,1,GS-12,I,XXXX,8,10,F,1,201409,1,099002,07.7
DLLS,48,F,13,05,B,0119,3,GS-05,D,XXXX,8,10,P,2,201409,1,043467,01.9
DLLS,24,H,04,05,A,0119,3,GS-05,C,XXXX,8,15,P,2,201409,1,034415,00.3
DLLS,17,I,13,13,I,0110,1,GS-13,K,XXXX,2,10,F,1,201409,1,117729,33.9
DLLS,11,F,13,12,F,0110,1,GS-12,I,XXXX,8,10,F,1,201409,1,093264,17.1
DLLS,11,H,04,06,H,0119,3,GS-06,D,XXXX,8,10,F,1,201409,1,049867,27.9
DLLS,55,F,13,12,F,0110,1,GS-12,H,XXXX,8,10,F,1,201409,1,081481,15.4
DLLS,11,E,13,15,E,0110,1,GS-15,M,XXXX,2,10,F,1,201409,1,137494,14.1
DLLS,11,E,13,13,E,0110,1,GS-13,J,XXXX,8,10,F,1,201409,1,101914,13.3
DLLS,17,E,13,13,F,0110,1,GS-13,J,XXXX,2,10,F,1,201409,1,105654,15.3
DLLS,34,E,13,05,A,0119,3,GS-05,C,XXXX,8,15,P,2,201409,1,035662,00.2
DLLS,11,G,17,15,F,0110,1,GS-15,N,XXXX,2,10,F,1,201409,1,141660,17.4
DLLS,55,I,13,12,F,0110,1,GS-12,G,XXXX,8,10,F,1,201409,1,079084,15.5
DLLS,17,I,10,07,H,0119,3,GS-07,E,XXXX,8,10,F,1,201409,1,055813,27.2
DLLS,11,F,17,12,D,0110,1,GS-12,H,XXXX,8,10,F,1,201409,1,085703,08.8
DLLS,11,E,21,14,D,0110,1,GS-14,K,XXXX,8,10,F,1,201409,1,113346,08.2
DLLS,48,I,13,12,I,0110,1,GS-12,I,XXXX,8,10,F,1,201409,1,095496,33.0
DLLS,11,E,13,12,E,0110,1,GS-12,H,XXXX,8,10,F,1,201409,1,088224,11.3
DLLS,34,J,17,06,C,0119,3,GS-06,C,XXXX,8,10,P,2,201409,1,039753,03.3
DLLS,11,G,13,13,G,0110,1,GS-13,J,XXXX,8,10,F,1,201409,1,104911,23.3
DLLS,29,E,13,12,F,0110,1,GS-12,H,XXXX,8,10,F,1,201409,1,085711,17.1
DLLS,39,E,10,07,D,0119,3,GS-07,D,XXXX,8,10,P,2,201409,1,043445,06.6
DLLS,11,E,17,12,B,0110,1,GS-12,G,XXXX,8,15,F,1,201409,1,075621,02.5
DLLS,49,H,17,07,C,0119,3,GS-07,D,XXXX,8,10,P,2,201409,1,040485,04.8
DLLS,25,F,13,12,E,0110,1,GS-12,I,XXXX,8,10,F,1,201409,1,091168,13.9
DLLS,11,F,17,13,F,0110,1,GS-13,J,XXXX,8,10,F,1,201409,1,107909,16.3
DLLS,11,K,07,12,J,0110,1,GS-12,I,XXXX,8,10,F,1,201409,1,098305,52.3
DLLS,02,H,13,06,B,0119,3,GS-06,C,XXXX,8,15,P,2,201409,1,038508,02.5
DLLS,11,I,14,13,G,0110,1,GS-13,K,XXXX,8,10,F,1,201409,1,110906,24.5
DLLS,11,G,13,12,G,0110,1,GS-12,I,XXXX,8,10,F,1,201409,1,095785,22.0
DLLS,11,J,14,13,J,0110,1,GS-13,K,XXXX,8,10,F,1,201409,1,116901,39.5
DLLS,11,E,17,09,A,0110,1,GS-09,E,XXXX,8,35,F,1,201409,1,052146,00.1
DLLS,39,E,13,12,E,0110,1,GS-12,H,XXXX,8,10,F,1,201409,1,086697,13.2
DLLS,13,F,09,12,E,0110,1,GS-12,H,XXXX,8,10,F,1,201409,1,087143,13.8
DLLS,25,D,13,13,D,0110,1,GS-13,I,XXXX,2,10,F,1,201409,1,099378,08.0
DLLS,11,D,17,12,B,0110,1,GS-12,G,XXXX,8,38,F,1,201409,1,075621,02.9
DLLS,11,G,21,14,F,0110,1,GS-14,M,XXXX,8,10,F,1,201409,1,131053,19.0
DLLS,25,I,13,14,J,0110,1,GS-14,M,XXXX,2,10,F,1,201409,1,138781,35.9
DLLS,11,E,13,13,E,0110,1,GS-13,I,XXXX,8,10,P,2,201409,1,098916,12.8
DLLS,42,H,13,05,A,0119,3,GS-05,C,XXXX,8,15,P,2,201409,1,033742,00.7
DLLS,42,K,04,07,E,0119,3,GS-07,E,XXXX,8,10,P,2,201409,1,050157,12.3
DLLS,36,F,17,11,B,0110,1,GS-11,F,XXXX,8,15,F,1,201409,1,065377,02.8
DLLS,06,H,17,12,F,0110,1,GS-12,J,XXXX,8,10,F,1,201409,1,101471,19.4
DLLS,29,I,14,12,H,0110,1,GS-12,I,XXXX,8,10,F,1,201409,1,090344,29.3
DLLS,11,E,13,13,E,0110,1,GS-13,J,XXXX,8,10,P,2,201409,1,104911,14.3
DLLS,11,F,13,15,G,0110,1,GS-15,M,XXXX,2,10,F,1,201409,1,137494,23.1
DLLS,06,G,17,05,A,0119,3,GS-05,C,XXXX,8,15,P,2,201409,1,037443,00.9
DLLS,11,K,14,14,J,0110,1,GM-14,M,XXXX,2,10,F,1,201409,1,138136,42.0
DLLS,42,G,04,06,B,0119,3,GS-06,C,XXXX,8,15,P,2,201409,1,037612,02.1
DLLS,17,J,13,12,I,0110,1,GS-12,I,XXXX,8,10,F,1,201409,1,099002,31.6
DLLS,48,C,13,05,B,0119,3,GS-05,C,XXXX,8,15,P,2,201409,1,034547,01.6
DLLS,11,C,13,12,D,0110,1,GS-12,H,XXXX,8,10,F,1,201409,1,080662,05.2
DLLS,48,G,13,12,G,0110,1,GS-12,I,XXXX,8,10,F,1,201409,1,093047,23.3
DLLS,08,K,10,07,E,0119,3,GS-07,D,XXXX,8,10,P,2,201409,1,047654,10.3
DLLS,11,C,13,12,D,0110,1,GS-12,H,XXXX,8,10,F,1,201409,1,080662,05.2
DLLS,11,C,13,12,D,0110,1,GS-12,H,XXXX,8,10,F,1,201409,1,080662,05.8
DLLS,22,E,07,06,C,0119,3,GS-06,C,XXXX,8,10,P,2,201409,1,036431,03.5
DLLS,11,E,21,11,B,0110,1,GS-11,F,XXXX,8,15,F,1,201409,1,063091,01.6
DLLS,11,H,13,13,H,0110,1,GS-13,K,XXXX,8,10,F,1,201409,1,113904,29.8
DLLS,42,I,13,13,J,0110,1,GS-13,K,XXXX,8,10,F,1,201409,1,111675,35.2
DLLS,11,K,13,13,J,0110,1,GS-13,K,XXXX,8,10,F,1,201409,1,116901,42.2
DLLS,11,D,13,14,E,0110,1,GS-14,K,XXXX,2,10,F,1,201409,1,116887,10.2
DLLS,39,G,13,07,F,0119,3,GS-07,E,XXXX,8,10,P,2,201409,1,050179,17.1
DLLS,06,I,13,12,E,0110,1,GS-12,I,XXXX,8,10,F,1,201409,1,098728,14.1
DLLS,11,J,13,13,F,0110,1,GS-13,J,XXXX,2,10,F,1,201409,1,107909,17.9
DLLS,17,H,11,13,H,0110,1,GS-13,J,XXXX,2,10,F,1,201409,1,108673,27.9
DLLS,11,E,13,13,E,0110,1,GS-13,J,XXXX,8,10,F,1,201409,1,101914,12.8
DLLS,11,H,13,13,H,0110,1,GS-13,J,XXXX,8,10,F,1,201409,1,101914,27.3
DLLS,11,F,13,13,E,0110,1,GS-13,J,XXXX,8,10,F,1,201409,1,101914,14.4
DLLS,42,C,13,12,D,0110,1,GS-12,G,XXXX,8,10,F,1,201409,1,079084,05.3
DLLS,11,G,13,13,G,0110,1,GS-13,J,XXXX,8,10,F,1,201409,1,107909,21.6
DLLS,26,D,17,12,C,0110,1,GS-12,G,XXXX,8,10,F,1,201409,1,075542,03.0
DLLS,11,I,17,12,G,0110,1,GS-12,I,XXXX,8,10,F,1,201409,1,095785,23.8
DLLS,42,G,13,12,G,0110,1,GS-12,H,XXXX,8,10,F,1,201409,1,089732,21.1
DLLS,11,J,10,06,F,0119,3,GS-06,C,XXXX,8,10,P,2,201409,1,038363,15.9
DLLS,06,G,13,12,G,0110,1,GS-12,I,XXXX,8,10,F,1,201409,1,095472,23.3
DLLS,11,C,13,12,C,0110,1,GS-12,G,XXXX,8,10,F,1,201409,1,075621,03.8
DLLS,12,H,17,12,F,0110,1,GS-12,H,XXXX,8,10,F,1,201409,1,085711,16.3
DLLS,08,F,17,13,F,0110,1,GS-13,I,XXXX,8,10,F,1,201409,1,097563,16.1
DLLS,11,D,17,11,B,0110,1,GS-11,F,XXXX,8,15,F,1,201409,1,063091,01.6
DLLS,11,F,17,13,E,0110,1,GS-13,J,XXXX,8,10,F,1,201409,1,104911,11.7
DLLS,11,D,04,12,D,0110,1,GS-12,H,XXXX,8,10,F,1,201409,1,085703,08.1
DLLS,11,C,13,12,D,0110,1,GS-12,H,XXXX,8,10,F,1,201409,1,080662,05.8
DLLS,41,I,13,13,I,0110,1,GS-13,K,XXXX,8,10,F,1,201409,1,110355,33.9
DLLS,11,E,17,09,A,0110,1,GS-09,E,XXXX,8,15,F,1,201409,1,052146,00.4
DLLS,42,J,13,07,E,0119,3,GS-07,E,XXXX,8,10,P,2,201409,1,050157,14.3
DLLS,13,D,04,12,D,0110,1,GS-12,G,XXXX,8,10,F,1,201409,1,077461,05.0
DLLS,48,G,13,13,G,0110,1,GS-13,J,XXXX,8,10,F,1,201409,1,104825,23.4
DLLS,01,J,10,06,C,0119,3,GS-06,C,XXXX,8,10,P,2,201409,1,037605,03.4
DLLS,11,C,13,13,D,0110,1,GS-13,H,XXXX,8,10,F,1,201409,1,089924,05.2
DLLS,11,D,13,13,D,0110,1,GS-13,I,XXXX,8,10,F,1,201409,1,095919,08.2
DLLS,17,G,17,12,G,0110,1,GS-12,I,XXXX,8,10,F,1,201409,1,096463,23.4
DLLS,26,E,13,12,E,0110,1,GS-12,H,XXXX,8,10,F,1,201409,1,088131,14.2
DLLS,26,D,13,07,B,0119,3,GS-07,D,XXXX,8,15,P,2,201409,1,042586,02.8
DLLS,48,K,04,07,J,0119,3,GS-07,E,XXXX,8,10,P,2,201409,1,050932,37.7
DLLS,11,H,17,13,H,0110,1,GS-13,K,XXXX,8,10,F,1,201409,1,113904,27.4
DLLS,25,K,13,13,I,0110,1,GS-13,J,XXXX,2,10,F,1,201409,1,108413,31.2
DLLS,05,F,16,05,B,0119,3,GS-05,D,XXXX,8,15,P,2,201409,1,041122,01.0
DLLS,25,D,13,12,D,0110,1,GS-12,H,XXXX,8,10,F,1,201409,1,086103,09.1
DLLS,55,H,07,07,E,0119,3,GS-07,D,XXXX,8,10,P,2,201409,1,045935,14.8
DLLS,48,J,07,07,C,0119,3,GS-07,D,XXXX,8,10,P,2,201409,1,040485,04.4
DLLS,17,G,04,06,C,0119,3,GS-06,C,XXXX,8,10,P,2,201409,1,039922,03.1
DLLS,17,K,13,07,F,0119,3,GS-07,E,XXXX,8,10,P,2,201409,1,052951,17.2
DLLS,06,I,04,07,C,0119,3,GS-07,C,XXXX,8,10,P,2,201409,1,039179,04.3
DLLS,42,D,17,12,D,0110,1,GS-12,H,XXXX,8,10,F,1,201409,1,086498,08.0
DLLS,06,K,13,06,C,0119,3,GS-06,D,XXXX,8,10,P,2,201409,1,041888,03.4
DLLS,48,I,13,12,E,0110,1,GS-12,I,XXXX,8,10,F,1,201409,1,093047,13.8
DLLS,11,D,08,12,D,0110,1,GS-12,H,XXXX,8,10,F,1,201409,1,080662,09.8
DLLS,12,H,04,05,A,0119,3,GS-05,C,XXXX,8,15,P,2,201409,1,031628,00.2
DLLS,36,J,13,05,A,0119,3,GS-05,C,XXXX,8,15,P,2,201409,1,035662,00.0
DLLS,11,D,13,12,C,0110,1,GS-12,G,XXXX,8,10,F,1,201409,1,075621,03.7
DLLS,26,J,13,07,E,0119,3,GS-07,D,XXXX,8,10,P,2,201409,1,047015,13.4
DLLS,11,E,17,12,C,0110,1,GS-12,H,XXXX,8,10,F,1,201409,1,080662,04.2
DLLS,11,J,17,15,J,0110,1,GS-15,O,XXXX,5,20,I,2,201409,1,157100,38.1
DLLS,11,E,13,12,F,0110,1,GS-12,I,XXXX,8,10,F,1,201409,1,090744,16.9
DLLS,48,J,13,13,J,0110,1,GS-13,K,XXXX,8,10,F,1,201409,1,113560,39.6
DLLS,42,G,13,13,G,0110,1,GS-13,K,XXXX,2,10,F,1,201409,1,111675,23.3
DLLS,39,K,13,05,A,0119,3,GS-05,C,XXXX,8,15,P,2,201409,1,032844,00.6
DLLS,53,D,13,13,D,0110,1,GS-13,I,XXXX,2,10,F,1,201409,1,094058,09.0
DLLS,25,H,12,06,B,0119,3,GS-06,C,XXXX,8,15,P,2,201409,1,038542,02.6
DLLS,11,D,13,14,D,0110,1,GS-14,J,XXXX,2,10,F,1,201409,1,109804,08.1
DLLS,11,G,13,13,H,0110,1,GS-13,K,XXXX,8,10,F,1,201409,1,113904,25.1
DLLS,36,D,13,09,C,0110,1,GS-09,E,XXXX,8,10,F,1,201409,1,054035,03.7
DLLS,11,D,13,13,E,0110,1,GS-13,I,XXXX,8,10,F,1,201409,1,098916,10.3
DLLS,11,D,13,13,D,0110,1,GS-13,I,XXXX,8,10,F,1,201409,1,092922,09.1
DLLS,06,H,13,13,F,0110,1,GS-13,J,XXXX,2,10,F,1,201409,1,107620,18.3
DLLS,53,K,13,07,E,0119,3,GS-07,E,XXXX,8,10,P,2,201409,1,051559,13.7
DLLS,34,G,13,05,A,0119,3,GS-05,C,XXXX,8,15,P,2,201409,1,035662,00.7
DLLS,06,C,13,06,B,0119,3,GS-06,C,XXXX,8,15,P,2,201409,1,039271,01.3
DLLS,11,I,04,05,B,0119,3,GS-05,C,XXXX,8,15,P,2,201409,1,035563,01.3
DLLS,11,F,15,12,F,0110,1,GS-12,I,XXXX,8,10,F,1,201409,1,093264,17.2
DLLS,11,D,13,13,E,0110,1,GS-13,J,XXXX,8,10,F,1,201409,1,101914,12.6
DLLS,24,H,09,07,D,0119,3,GS-07,D,XXXX,8,10,P,2,201409,1,045473,06.8
DLLS,17,B,13,07,A,0110,1,GS-07,D,XXXX,8,15,F,1,201409,1,042933,00.5
DLLS,39,H,14,07,D,0119,3,GS-07,D,XXXX,8,10,P,2,201409,1,046161,09.4
DLLS,02,I,13,06,C,0119,3,GS-06,C,XXXX,8,10,P,2,201409,1,039791,03.3
DLLS,11,C,04,11,D,0110,1,GS-11,F,XXXX,8,38,F,1,201409,1,063091,06.4
DLLS,25,H,17,14,G,0110,1,GS-14,L,XXXX,2,10,F,1,201409,1,124549,24.8
DLLS,17,H,13,12,H,0110,1,GS-12,I,XXXX,8,10,F,1,201409,1,099002,29.8
DLLS,11,C,13,12,D,0110,1,GS-12,G,XXXX,8,10,F,1,201409,1,075621,05.3
DLLS,11,F,13,12,G,0110,1,GS-12,I,XXXX,8,10,F,1,201409,1,098305,21.6
DLLS,11,D,13,12,D,0110,1,GS-12,H,XXXX,8,10,F,1,201409,1,083183,07.8
DLLS,45,J,17,07,D,0119,3,GS-07,C,XXXX,8,10,P,2,201409,1,039179,08.2
DLLS,11,I,17,14,I,0110,1,GS-14,M,XXXX,2,10,F,1,201409,1,131053,33.9
DLLS,48,K,13,07,D,0119,3,GS-07,E,XXXX,8,10,P,2,201409,1,050062,07.2
DLLS,29,H,14,12,G,0110,1,GS-12,H,XXXX,8,10,F,1,201409,1,088028,22.0
DLLS,12,G,13,13,G,0110,1,GS-13,I,XXXX,8,10,F,1,201409,1,096415,23.2
DLLS,18,H,17,06,B,0119,3,GS-06,C,XXXX,8,15,P,2,201409,1,035256,02.1
DLLS,39,K,13,07,F,0119,3,GS-07,D,XXXX,8,10,P,2,201409,1,049590,16.9
DLLS,11,G,13,12,G,0110,1,GS-12,I,XXXX,8,10,F,1,201409,1,095785,23.3
DLLS,11,H,13,14,H,0110,1,GS-14,M,XXXX,2,10,F,1,201409,1,138136,28.8
DLLS,11,B,04,09,A,0110,1,GS-09,E,XXXX,8,35,F,1,201409,1,052146,00.1
DLLS,06,G,17,14,G,0110,1,GS-14,M,XXXX,2,10,F,1,201409,1,131025,20.4
DLLS,11,E,17,12,B,0110,1,GS-12,G,XXXX,8,15,F,1,201409,1,075621,02.0
DLLS,17,J,07,07,F,0119,3,GS-07,E,XXXX,8,10,P,2,201409,1,052951,17.2
DLLS,11,I,13,14,I,0110,1,GS-14,M,XXXX,2,10,F,1,201409,1,131053,31.2
DLLS,20,H,04,07,E,0119,3,GS-07,D,XXXX,8,10,P,2,201409,1,043097,10.3
DLLS,11,I,13,14,H,0110,1,GS-14,M,XXXX,2,10,F,1,201409,1,134595,26.2
DLLS,41,K,13,07,F,0119,3,GS-07,E,XXXX,8,10,P,2,201409,1,050941,17.3
DLLS,42,H,13,05,A,0119,3,GS-05,C,XXXX,8,15,P,2,201409,1,032240,00.3
DLLS,36,H,04,07,F,0119,3,GS-07,D,XXXX,8,10,P,2,201409,1,045499,16.0
DLLS,11,G,17,13,G,0110,1,GS-13,J,XXXX,8,10,F,1,201409,1,107909,24.4
DLLS,12,G,18,14,F,0110,1,GS-14,K,XXXX,4,10,F,1,201409,1,110676,19.1
DLLS,11,F,17,13,E,0110,1,GS-13,I,XXXX,8,10,F,1,201409,1,098916,14.2
DLLS,11,G,17,12,B,0110,1,GS-12,G,XXXX,8,15,F,1,201409,1,075621,02.3
DLLS,11,G,13,13,H,0110,1,GS-13,K,XXXX,8,10,F,1,201409,1,113904,26.0
DLLS,27,E,10,05,E,0119,3,GS-05,D,XXXX,8,15,P,2,201409,1,043571,14.3
DLLS,11,E,13,12,D,0110,1,GS-12,H,XXXX,8,10,F,1,201409,1,083183,08.4
DLLS,48,J,13,15,J,0110,1,GS-15,O,XXXX,2,10,F,1,201409,1,153801,38.2
DLLS,11,J,13,12,J,0110,1,GS-12,I,XXXX,8,10,F,1,201409,1,098305,40.4
DLLS,11,C,13,12,C,0110,1,GS-12,G,XXXX,8,10,F,1,201409,1,078142,04.9
DLLS,06,E,13,13,E,0110,1,GS-13,K,XXXX,2,10,F,1,201409,1,114142,13.0
DLLS,11,K,21,12,H,0110,1,GS-12,I,XXXX,8,10,F,1,201409,1,095785,27.8
DLLS,11,D,17,12,B,0110,1,GS-12,G,XXXX,8,15,F,1,201409,1,075621,02.5
DLLS,12,J,17,07,D,0119,3,GS-07,E,XXXX,8,10,P,2,201409,1,050932,07.7
DLLS,29,G,13,07,G,0119,3,GS-07,D,XXXX,8,10,P,2,201409,1,048321,23.3
DLLS,11,C,13,12,C,0110,1,GS-12,G,XXXX,8,10,F,1,201409,1,078142,04.5
DLLS,39,G,17,12,F,0110,1,GS-12,H,XXXX,8,10,F,1,201409,1,089007,19.6
DLLS,49,C,13,05,B,0119,3,GS-05,C,XXXX,8,15,P,2,201409,1,032683,01.1
DLLS,11,H,17,12,H,0110,1,GS-12,I,XXXX,8,10,F,1,201409,1,098305,25.1
DLLS,12,I,08,07,F,0119,3,GS-07,E,XXXX,8,10,P,2,201409,1,050932,19.3
DLLS,42,E,13,13,E,0110,1,GS-13,I,XXXX,2,10,F,1,201409,1,099920,14.1
DLLS,48,G,07,07,H,0119,3,GS-07,E,XXXX,8,10,F,1,201409,1,053837,25.2
DLLS,11,H,17,12,G,0110,1,GS-12,I,XXXX,8,10,F,1,201409,1,093264,23.0
DLLS,11,I,17,14,I,0110,1,GS-14,L,XXXX,2,10,F,1,201409,1,127512,32.1
DLLS,17,G,17,07,F,0119,3,GS-07,E,XXXX,8,10,P,2,201409,1,055813,15.5
DLLS,11,C,13,12,C,0110,1,GS-12,G,XXXX,8,10,F,1,201409,1,075621,03.9
DLLS,48,G,04,07,A,0110,1,GS-07,D,XXXX,8,38,F,1,201409,1,041413,00.9
DLLS,36,H,07,06,B,0119,3,GS-06,C,XXXX,8,15,P,2,201409,1,039753,02.5
DLLS,11,J,21,15,I,0110,1,GS-15,O,XXXX,8,10,F,1,201409,1,154160,31.4
DLLS,42,J,08,14,J,0110,1,GS-14,L,XXXX,2,10,F,1,201409,1,125017,36.9
DLLS,55,I,04,07,D,0119,3,GS-07,D,XXXX,8,10,P,2,201409,1,044584,06.9
DLLS,06,G,17,12,D,0110,1,GS-12,H,XXXX,8,10,F,1,201409,1,087731,08.9
DLLS,39,E,13,12,E,0110,1,GS-12,H,XXXX,8,10,F,1,201409,1,086602,14.9
DLLS,36,D,17,05,B,0119,3,GS-05,C,XXXX,8,15,P,2,201409,1,033490,01.5
DLLS,19,E,13,12,F,0110,1,GS-12,H,XXXX,8,10,F,1,201409,1,083395,16.3
DLLS,48,E,17,07,A,0110,1,GS-07,D,XXXX,8,15,F,1,201409,1,044172,00.3
DLLS,36,H,13,12,H,0110,1,GS-12,J,XXXX,8,10,F,1,201409,1,101866,27.5
DLLS,11,I,17,15,F,0110,1,GS-15,N,XXXX,2,10,F,1,201409,1,149993,19.3
DLLS,53,J,13,06,B,0119,3,GS-06,C,XXXX,8,15,P,2,201409,1,037619,02.1
DLLS,11,I,17,15,I,0110,1,GS-15,O,XXXX,2,10,F,1,201409,1,154160,31.8
DLLS,11,J,13,13,J,0110,1,GS-13,K,XXXX,8,10,F,1,201409,1,116901,39.8
DLLS,11,E,17,12,D,0110,1,GS-12,H,XXXX,8,10,F,1,201409,1,085703,08.2
DLLS,11,E,13,13,E,0110,1,GS-13,J,XXXX,2,10,F,1,201409,1,107909,14.3
DLLS,11,D,17,12,B,0110,1,GS-12,G,XXXX,8,15,F,1,201409,1,075621,02.9
DLLS,15,D,13,05,A,0119,3,GS-05,C,XXXX,8,15,P,2,201409,1,032279,00.3
DLLS,11,G,17,12,E,0110,1,GS-12,I,XXXX,8,10,F,1,201409,1,090744,13.9
DLLS,06,H,13,12,G,0110,1,GS-12,J,XXXX,8,10,F,1,201409,1,106955,24.4
DLLS,12,G,13,12,D,0110,1,GS-12,G,XXXX,8,10,F,1,201409,1,074130,05.7
DLLS,11,H,13,13,F,0110,1,GS-13,K,XXXX,2,10,F,1,201409,1,116901,17.6
DLLS,13,I,14,12,I,0110,1,GS-12,I,XXXX,8,10,F,1,201409,1,094404,31.1
DLLS,11,C,17,09,A,0110,1,GS-09,E,XXXX,8,35,F,1,201409,1,052146,00.0
DLLS,11,E,13,12,E,0110,1,GS-12,H,XXXX,8,10,F,1,201409,1,088224,10.9
DLLS,11,D,13,13,D,0110,1,GS-13,I,XXXX,8,10,F,1,201409,1,095919,07.6
DLLS,42,G,13,12,H,0110,1,GS-12,I,XXXX,8,10,F,1,201409,1,096382,29.8
DLLS,11,D,13,12,D,0110,1,GS-12,H,XXXX,8,10,F,1,201409,1,083183,06.6
DLLS,27,J,13,05,A,0119,3,GS-05,C,XXXX,8,15,P,2,201409,1,033512,00.3
DLLS,11,E,13,12,E,0110,1,GS-12,I,XXXX,8,10,F,1,201409,1,090744,13.0
DLLS,06,H,17,06,B,0119,3,GS-06,C,XXXX,8,15,P,2,201409,1,039271,01.6
DLLS,42,K,13,07,D,0119,3,GS-07,D,XXXX,8,10,P,2,201409,1,045977,07.0
DLLS,11,G,17,15,G,0110,1,GS-15,N,XXXX,2,10,F,1,201409,1,141660,23.5
DLLS,55,G,13,13,G,0110,1,GS-13,J,XXXX,2,10,F,1,201409,1,102592,22.7
DLLS,11,E,04,12,D,0110,1,GS-12,H,XXXX,8,10,F,1,201409,1,085703,08.1
DLLS,17,C,13,09,B,0110,1,GS-09,E,XXXX,8,15,F,1,201409,1,052516,01.7
DLLS,11,E,13,12,D,0110,1,GS-12,G,XXXX,8,10,F,1,201409,1,075621,08.8
DLLS,11,C,04,12,D,0110,1,GS-12,H,XXXX,8,10,F,1,201409,1,083183,08.1
DLLS,39,F,17,12,E,0110,1,GS-12,H,XXXX,8,10,F,1,201409,1,084197,11.8
DLLS,32,E,11,06,B,0119,3,GS-06,C,XXXX,8,15,P,2,201409,1,035256,02.2
DLLS,06,G,13,12,G,0110,1,GS-12,J,XXXX,8,10,F,1,201409,1,100632,23.3
DLLS,48,H,13,12,F,0110,1,GS-12,I,XXXX,8,10,F,1,201409,1,090599,17.1
DLLS,11,C,17,09,A,0110,1,GS-09,E,XXXX,8,35,F,1,201409,1,052146,00.0
DLLS,29,I,04,13,J,0110,1,GS-13,I,XXXX,2,10,F,1,201409,1,099170,38.2
DLLS,50,K,09,07,D,0119,3,GS-07,D,XXXX,8,10,P,2,201409,1,047015,06.8
DLLS,12,G,07,07,F,0119,3,GS-07,D,XXXX,8,10,P,2,201409,1,049626,17.7
DLLS,11,E,13,12,F,0110,1,GS-12,I,XXXX,8,10,F,1,201409,1,095785,15.3
DLLS,11,E,13,14,F,0110,1,GS-14,K,XXXX,4,10,F,1,201409,1,116887,16.5
DLLS,36,J,13,07,E,0119,3,GS-07,D,XXXX,8,10,P,2,201409,1,046838,11.4
DLLS,11,I,17,13,H,0110,1,GS-13,J,XXXX,8,10,F,1,201409,1,107909,29.1
DLLS,11,E,21,13,D,0110,1,GS-13,J,XXXX,8,10,P,2,201409,1,104911,08.2
DLLS,11,D,13,12,D,0110,1,GS-12,H,XXXX,8,10,F,1,201409,1,083183,07.6
DLLS,11,I,17,12,E,0110,1,GS-12,H,XXXX,8,10,F,1,201409,1,088224,11.6
DLLS,11,D,13,13,D,0110,1,GS-13,I,XXXX,8,10,F,1,201409,1,098916,09.1
DLLS,11,C,13,11,B,0110,1,GS-11,F,XXXX,8,15,F,1,201409,1,063091,01.5
DLLS,11,G,17,12,F,0110,1,GS-12,I,XXXX,8,10,F,1,201409,1,093264,16.4
DLLS,11,F,17,14,F,0110,1,GS-14,L,XXXX,2,10,F,1,201409,1,120429,19.9
DLLS,11,F,17,12,E,0110,1,GS-12,H,XXXX,8,10,F,1,201409,1,088224,10.0
DLLS,11,C,13,13,C,0110,1,GS-13,H,XXXX,8,10,F,1,201409,1,089924,04.7
DLLS,17,I,13,12,I,0110,1,GS-12,H,XXXX,8,10,F,1,201409,1,088849,30.9
DLLS,06,I,17,15,E,0110,1,GS-15,O,XXXX,2,10,F,1,201409,1,157100,10.2
DLLS,11,E,13,05,C,0119,3,GS-05,C,XXXX,8,10,P,2,201409,1,034415,03.0
DLLS,11,G,13,14,G,0110,1,GS-14,L,XXXX,2,10,F,1,201409,1,120429,23.3
DLLS,06,I,17,13,E,0110,1,GS-13,I,XXXX,2,10,F,1,201409,1,098189,13.8
DLLS,11,D,13,13,D,0110,1,GS-13,I,XXXX,8,10,F,1,201409,1,092922,08.3
DLLS,11,D,04,13,D,0110,1,GS-13,I,XXXX,2,10,F,1,201409,1,092922,08.2
DLLS,25,C,13,12,C,0110,1,GS-12,G,XXXX,8,10,F,1,201409,1,075974,04.0
DLLS,11,G,12,13,H,0110,1,GS-13,K,XXXX,8,10,F,1,201409,1,116901,25.4
DLLS,29,J,17,07,F,0119,3,GS-07,D,XXXX,8,10,P,2,201409,1,048321,19.5
DLLS,17,F,17,12,E,0110,1,GS-12,H,XXXX,8,10,F,1,201409,1,088849,12.5
DLLS,25,E,14,12,D,0110,1,GS-12,H,XXXX,8,10,F,1,201409,1,083571,06.7
DLLS,11,D,13,13,D,0110,1,GS-13,I,XXXX,8,10,F,1,201409,1,095919,08.3
DLLS,42,D,17,12,D,0110,1,GS-12,H,XXXX,8,10,F,1,201409,1,081555,08.3
DLLS,12,K,04,05,D,0119,3,GS-05,C,XXXX,8,15,P,2,201409,1,031628,06.5
DLLS,11,I,17,14,H,0110,1,GS-14,M,XXXX,8,10,F,1,201409,1,138136,27.3
DLLS,06,J,13,07,F,0119,3,GS-07,E,XXXX,8,10,P,2,201409,1,053823,17.3
DLLS,06,C,17,09,A,0110,1,GS-09,E,XXXX,8,15,F,1,201409,1,056735,00.6
DLLS,06,H,17,12,G,0110,1,GS-12,I,XXXX,8,10,F,1,201409,1,098052,23.3
DLLS,11,I,21,15,G,0110,1,GS-15,O,XXXX,2,10,F,1,201409,1,154160,23.0
DLLS,11,E,17,13,D,0110,1,GS-13,I,XXXX,8,10,F,1,201409,1,092922,08.3
DLLS,27,I,13,07,D,0119,3,GS-07,D,XXXX,8,10,P,2,201409,1,042896,07.2
DLLS,39,I,13,12,I,0110,1,GS-12,I,XXXX,8,10,F,1,201409,1,091413,31.5
DLLS,25,G,13,13,G,0110,1,GS-13,J,XXXX,8,10,F,1,201409,1,108413,23.3
DLLS,48,D,13,09,B,0110,1,GS-09,E,XXXX,8,15,F,1,201409,1,050656,01.4
DLLS,11,E,13,13,E,0110,1,GS-13,J,XXXX,8,10,F,1,201409,1,101914,14.7
DLLS,11,D,17,11,B,0110,1,GS-11,F,XXXX,8,15,F,1,201409,1,063091,01.6
DLLS,11,J,04,12,G,0110,1,GS-12,I,XXXX,8,10,F,1,201409,1,093264,23.3
DLLS,11,D,17,12,C,0110,1,GS-12,G,XXXX,8,10,F,1,201409,1,078142,03.8
DLLS,11,H,13,13,H,0110,1,GS-13,K,XXXX,8,10,F,1,201409,1,116901,25.3
DLLS,55,D,17,05,A,0119,3,GS-05,C,XXXX,8,15,P,2,201409,1,032720,00.8
DLLS,48,H,13,14,H,0110,1,GS-14,M,XXXX,2,10,F,1,201409,1,134189,29.5
DLLS,06,F,13,05,A,0119,3,GS-05,C,XXXX,8,15,P,2,201409,1,035230,00.6
DLLS,11,E,13,13,D,0110,1,GS-13,I,XXXX,8,10,F,1,201409,1,098916,09.8
DLLS,11,G,17,14,G,0110,1,GS-14,L,XXXX,2,10,F,1,201409,1,127512,20.0
DLLS,11,D,13,13,D,0110,1,GS-13,I,XXXX,8,10,F,1,201409,1,098916,09.8
DLLS,11,F,13,12,E,0110,1,GS-12,I,XXXX,8,10,F,1,201409,1,090744,14.3
DLLS,25,K,17,07,E,0119,3,GS-07,D,XXXX,8,10,P,2,201409,1,049969,10.4
DLLS,39,E,13,12,E,0110,1,GS-12,H,XXXX,8,10,F,1,201409,1,086697,14.2
DLLS,11,E,17,12,E,0110,1,GS-12,I,XXXX,8,10,F,1,201409,1,093264,14.1
DLLS,13,I,04,12,J,0110,1,GS-12,I,XXXX,8,10,F,1,201409,1,094404,35.8
DLLS,17,K,13,07,G,0119,3,GS-07,E,XXXX,8,10,P,2,201409,1,055813,24.7
DLLS,51,C,04,07,D,0119,3,GS-07,D,XXXX,8,10,P,2,201409,1,041791,06.8
DLLS,11,D,13,13,E,0110,1,GS-13,J,XXXX,8,10,F,1,201409,1,101914,12.0
DLLS,25,D,13,12,D,0110,1,GS-12,H,XXXX,8,10,F,1,201409,1,083571,08.8
DLLS,11,C,17,07,A,0110,1,GS-07,D,XXXX,8,35,F,1,201409,1,042631,00.1
DLLS,11,F,21,14,E,0110,1,GS-14,L,XXXX,8,10,F,1,201409,1,123970,12.1
DLLS,11,J,17,15,J,0110,1,GS-15,O,XXXX,2,10,F,1,201409,1,157100,39.3
DLLS,11,F,13,13,E,0110,1,GS-13,I,XXXX,8,10,F,1,201409,1,098916,13.1
DLLS,11,G,13,15,H,0110,1,GS-15,N,XXXX,2,10,F,1,201409,1,149993,25.9
DLLS,11,K,13,12,H,0110,1,GS-12,I,XXXX,8,10,F,1,201409,1,098305,29.8
DLLS,11,F,17,12,F,0110,1,GS-12,I,XXXX,8,10,F,1,201409,1,098305,15.1
DLLS,11,B,13,07,A,0110,1,GS-07,D,XXXX,8,35,F,1,201409,1,042631,00.0
DLLS,36,E,17,07,A,0110,1,GS-07,D,XXXX,8,15,F,1,201409,1,044175,00.7
DLLS,11,I,13,14,I,0110,1,GS-14,L,XXXX,2,10,F,1,201409,1,120429,33.2
DLLS,48,I,17,05,A,0119,3,GS-05,C,XXXX,8,15,P,2,201409,1,033432,00.3
DLLS,42,C,13,12,D,0110,1,GS-12,H,XXXX,8,10,F,1,201409,1,081555,06.0
DLLS,11,D,13,13,D,0110,1,GS-13,I,XXXX,8,10,F,1,201409,1,095919,07.0
DLLS,11,E,13,13,E,0110,1,GS-13,J,XXXX,8,10,F,1,201409,1,104911,10.1
DLLS,11,F,17,13,F,0110,1,GS-13,K,XXXX,2,10,F,1,201409,1,110906,15.1
DLLS,42,G,13,13,G,0110,1,GS-13,I,XXXX,8,10,F,1,201409,1,096981,23.5
DLLS,42,I,09,07,E,0119,3,GS-07,D,XXXX,8,10,P,2,201409,1,047015,13.4
DLLS,36,D,04,13,D,0110,1,GS-13,I,XXXX,8,10,F,1,201409,1,096288,08.5
DLLS,42,H,07,06,B,0119,3,GS-06,C,XXXX,8,15,P,2,201409,1,035256,01.9
DLLS,11,F,13,13,E,0110,1,GS-13,J,XXXX,8,10,F,1,201409,1,104911,14.2
DLLS,11,J,13,07,J,0119,3,GS-07,E,XXXX,8,10,F,1,201409,1,055421,38.8
DLLS,12,J,09,07,D,0119,3,GS-07,D,XXXX,8,10,P,2,201409,1,044403,09.3
DLLS,11,G,17,14,G,0110,1,GS-14,M,XXXX,2,10,F,1,201409,1,134595,24.3
DLLS,48,E,13,12,F,0110,1,GS-12,H,XXXX,8,10,F,1,201409,1,088151,15.5
DLLS,11,F,17,13,E,0110,1,GS-13,J,XXXX,8,10,F,1,201409,1,107909,13.3
DLLS,13,E,13,12,F,0110,1,GS-12,H,XXXX,8,10,F,1,201409,1,089563,16.3
DLLS,11,G,13,13,E,0110,1,GS-13,J,XXXX,8,10,F,1,201409,1,101914,10.0
DLLS,42,D,04,05,A,0119,3,GS-05,C,XXXX,8,15,P,2,201409,1,033742,00.7
DLLS,34,H,07,05,A,0119,3,GS-05,C,XXXX,8,15,P,2,201409,1,035662,00.2
DLLS,11,D,13,12,C,0110,1,GS-12,G,XXXX,8,10,F,1,201409,1,078142,03.1
DLLS,13,K,14,15,J,0110,1,GM-15,O,XXXX,2,10,F,1,201409,1,156043,49.3
DLLS,13,H,13,13,F,0110,1,GS-13,I,XXXX,2,10,F,1,201409,1,094991,19.8
DLLS,11,G,17,15,G,0110,1,GS-15,N,XXXX,2,10,F,1,201409,1,141660,20.3
DLLS,04,E,07,05,A,0119,3,GS-05,C,XXXX,8,15,P,2,201409,1,032348,00.6
DLLS,42,I,17,12,I,0110,1,GS-12,I,XXXX,8,10,F,1,201409,1,096382,33.6
DLLS,11,F,21,,B,0110,1,SL-00,M,XXXX,5,15,F,1,201409,1,133826,01.9
DLLS,27,D,13,12,D,0110,1,GS-12,G,XXXX,8,10,F,1,201409,1,076091,05.3
DLLS,17,H,04,07,I,0119,3,GS-07,E,XXXX,8,10,F,1,201409,1,055813,32.9
DLLS,11,D,17,13,D,0110,1,GS-13,I,XXXX,2,10,F,1,201409,1,098916,08.0
DLLS,11,C,09,13,D,0110,1,GS-13,H,XXXX,8,10,F,1,201409,1,089924,08.2
DLLS,11,D,13,13,D,0110,1,GS-13,I,XXXX,8,10,F,1,201409,1,098916,08.2
DLLS,39,G,13,07,C,0119,3,GS-07,D,XXXX,8,10,P,2,201409,1,041222,04.5
DLLS,11,D,17,11,B,0110,1,GS-11,F,XXXX,8,15,F,1,201409,1,063091,01.8
DLLS,11,I,21,13,F,0110,1,GS-13,K,XXXX,8,10,F,1,201409,1,110906,18.1
DLLS,06,F,17,12,F,0110,1,GS-12,J,XXXX,8,10,P,2,201409,1,101471,17.1
DLLS,11,J,21,13,F,0110,1,GS-13,J,XXXX,8,10,F,1,201409,1,107909,19.3
DLLS,06,E,13,12,E,0110,1,GS-12,I,XXXX,8,10,F,1,201409,1,098728,14.3
DLLS,06,D,04,05,A,0119,3,GS-05,C,XXXX,8,15,P,2,201409,1,034407,00.0
DLLS,11,C,13,12,C,0110,1,GS-12,G,XXXX,8,10,F,1,201409,1,078142,04.0
DLLS,11,I,14,12,F,0110,1,GS-12,I,XXXX,8,10,F,1,201409,1,093264,19.9
DLLS,11,E,13,14,F,0110,1,GS-14,K,XXXX,8,10,F,1,201409,1,116887,17.6
DLLS,11,H,17,14,G,0110,1,GS-14,M,XXXX,2,10,F,1,201409,1,131053,21.2
DLLS,42,G,13,12,F,0110,1,GS-12,I,XXXX,8,10,F,1,201409,1,091440,17.6
DLLS,13,K,13,06,B,0119,3,GS-06,C,XXXX,8,15,P,2,201409,1,036840,02.2
DLLS,11,I,14,13,J,0110,1,GS-13,J,XXXX,8,10,F,1,201409,1,104911,35.3
DLLS,11,D,13,14,E,0110,1,GS-14,K,XXXX,2,10,F,1,201409,1,113346,10.4
DLLS,11,H,17,09,A,0110,1,GS-09,E,XXXX,8,35,F,1,201409,1,052146,00.0
DLLS,11,F,13,13,E,0110,1,GS-13,J,XXXX,8,10,F,1,201409,1,101914,13.3
DLLS,25,I,13,13,J,0110,1,GS-13,K,XXXX,8,10,F,1,201409,1,117447,37.2
DLLS,09,G,13,06,B,0119,3,GS-06,C,XXXX,8,15,P,2,201409,1,038857,02.1
DLLS,11,H,17,12,H,0110,1,GS-12,I,XXXX,8,10,F,1,201409,1,095785,27.6
DLLS,13,H,14,13,H,0110,1,GS-13,J,XXXX,2,10,F,1,201409,1,106504,28.0
DLLS,17,H,13,12,I,0110,1,GS-12,I,XXXX,8,10,F,1,201409,1,099002,31.5
DLLS,11,E,17,12,E,0110,1,GS-12,H,XXXX,8,10,F,1,201409,1,085703,10.0
DLLS,17,K,17,07,D,0119,3,GS-07,D,XXXX,8,10,P,2,201409,1,044403,08.2
DLLS,42,I,13,15,I,0110,1,GS-15,O,XXXX,2,10,F,1,201409,1,157100,30.8
DLLS,11,I,13,14,I,0110,1,GS-14,L,XXXX,2,10,F,1,201409,1,127512,33.9
DLLS,11,C,17,09,A,0110,1,GS-09,E,XXXX,8,15,F,1,201409,1,052146,00.3
DLLS,11,F,13,13,G,0110,1,GS-13,K,XXXX,8,10,F,1,201409,1,110906,21.7
DLLS,37,H,13,13,I,0110,1,GS-13,J,XXXX,8,10,F,1,201409,1,101924,30.1
DLLS,11,G,17,,G,0110,1,ES-**,N,XXXX,2,50,F,1,201409,1,148674,21.6
DLLS,41,D,13,05,A,0119,3,GS-05,C,XXXX,8,15,P,2,201409,1,033343,00.7
DLLS,47,K,13,06,D,0119,3,GS-06,C,XXXX,8,15,P,2,201409,1,036431,07.7
DLLS,11,E,13,12,E,0110,1,GS-12,I,XXXX,8,10,F,1,201409,1,090744,12.4
DLLS,31,J,13,06,B,0119,3,GS-06,C,XXXX,8,15,P,2,201409,1,035256,02.3
DLLS,18,H,13,12,H,0110,1,GS-12,H,XXXX,8,10,F,1,201409,1,081448,29.0
DLLS,06,J,13,11,C,0110,1,GS-11,F,XXXX,8,38,F,1,201409,1,064585,04.9
DLLS,17,J,13,07,E,0119,3,GS-07,D,XXXX,8,10,P,2,201409,1,045709,10.0
DLLS,34,D,13,05,B,0119,3,GS-05,C,XXXX,8,15,P,2,201409,1,036851,01.9
DLLS,11,D,13,13,E,0110,1,GS-13,I,XXXX,8,10,F,1,201409,1,098916,10.8
DLLS,11,C,13,12,C,0110,1,GS-12,G,XXXX,8,10,F,1,201409,1,078142,04.9
DLLS,42,E,13,12,E,0110,1,GS-12,H,XXXX,8,10,F,1,201409,1,088969,14.1
DLLS,11,E,17,09,A,0110,1,GS-09,E,XXXX,8,35,F,1,201409,1,052146,00.0
DLLS,53,I,17,07,D,0119,3,GS-07,D,XXXX,8,10,P,2,201409,1,044591,05.9
DLLS,08,J,04,07,C,0119,3,GS-07,D,XXXX,8,15,P,2,201409,1,043449,04.4
DLLS,11,H,13,15,I,0110,1,GS-15,O,XXXX,2,10,F,1,201409,1,154160,30.3
DLLS,06,C,13,12,D,0110,1,GS-12,H,XXXX,8,10,F,1,201409,1,087760,05.3
DLLS,11,D,13,13,D,0110,1,GS-13,I,XXXX,8,10,F,1,201409,1,092922,07.3
DLLS,36,I,21,14,H,0110,1,GS-14,M,XXXX,2,10,F,1,201409,1,132131,26.1
DLLS,11,D,13,13,D,0110,1,GS-13,I,XXXX,8,10,F,1,201409,1,092922,08.1
DLLS,42,I,13,07,D,0119,3,GS-07,D,XXXX,8,10,P,2,201409,1,047370,08.2
DLLS,39,J,13,07,F,0119,3,GS-07,E,XXXX,8,10,P,2,201409,1,050234,17.3
DLLS,06,I,13,13,H,0110,1,GS-13,K,XXXX,2,10,F,1,201409,1,116599,26.1
DLLS,11,F,13,13,E,0110,1,GS-13,I,XXXX,8,10,F,1,201409,1,098916,12.3
DLLS,41,I,13,07,D,0119,3,GS-07,D,XXXX,8,10,P,2,201409,1,044057,05.7
DLLS,11,J,14,12,J,0110,1,GS-12,I,XXXX,8,10,F,1,201409,1,098305,38.5
DLLS,11,I,21,15,F,0110,1,GS-15,N,XXXX,2,10,F,1,201409,1,149993,19.0
DLLS,11,H,13,13,H,0110,1,GS-13,K,XXXX,8,10,F,1,201409,1,116901,25.7
DLLS,11,K,21,13,J,0110,1,GS-13,K,XXXX,8,10,F,1,201409,1,116901,42.9
DLLS,11,G,13,13,H,0110,1,GS-13,K,XXXX,8,10,F,1,201409,1,110906,25.6
DLLS,48,I,13,13,I,0110,1,GS-13,J,XXXX,4,10,F,1,201409,1,107737,34.1
DLLS,11,G,21,15,G,0110,1,GS-15,N,XXXX,2,10,F,1,201409,1,145827,21.1
DLLS,27,I,13,07,E,0119,3,GS-07,D,XXXX,8,10,P,2,201409,1,048431,13.5
DLLS,29,F,13,12,F,0110,1,GS-12,I,XXXX,8,10,F,1,201409,1,090344,19.4
DLLS,48,I,13,07,D,0119,3,GS-07,D,XXXX,8,10,P,2,201409,1,045554,07.7
DLLS,11,I,11,07,J,0119,3,GS-07,E,XXXX,8,10,F,1,201409,1,055421,37.4
DLLS,06,J,13,12,J,0110,1,GS-12,J,XXXX,8,10,F,1,201409,1,106955,36.0
DLLS,17,C,11,12,D,0110,1,GS-12,H,XXXX,8,10,F,1,201409,1,081234,05.0
DLLS,06,G,17,12,F,0110,1,GS-12,J,XXXX,8,10,F,1,201409,1,104213,17.0
DLLS,11,H,13,14,G,0110,1,GS-14,L,XXXX,2,10,F,1,201409,1,123970,24.6
DLLS,12,I,17,07,C,0119,3,GS-07,D,XXXX,8,10,P,2,201409,1,042836,04.3
DLLS,39,F,13,06,B,0119,3,GS-06,C,XXXX,8,15,P,2,201409,1,035256,02.0
DLLS,17,D,13,12,D,0110,1,GS-12,H,XXXX,8,10,F,1,201409,1,081234,08.7
DLLS,11,G,17,13,D,0110,1,GS-13,J,XXXX,8,10,F,1,201409,1,101914,09.5
DLLS,11,C,13,12,C,0110,1,GS-12,G,XXXX,8,10,F,1,201409,1,078142,04.3
DLLS,37,H,13,05,B,0119,3,GS-05,C,XXXX,8,15,P,2,201409,1,032592,01.2
DLLS,48,K,04,07,E,0119,3,GS-07,E,XXXX,8,10,P,2,201409,1,057424,13.2
DLLS,11,E,17,12,C,0110,1,GS-12,H,XXXX,8,10,F,1,201409,1,080662,04.8
DLLS,11,C,13,11,B,0110,1,GS-11,F,XXXX,8,15,F,1,201409,1,063091,02.8
DLLS,24,D,13,12,D,0110,1,GS-12,H,XXXX,8,10,F,1,201409,1,080662,05.3
DLLS,11,G,17,14,G,0110,1,GS-14,K,XXXX,2,10,F,1,201409,1,116887,20.3
DLLS,11,D,13,14,D,0110,1,GS-14,K,XXXX,2,10,F,1,201409,1,113346,08.3
DLLS,11,I,21,,I,0110,1,ES-**,R,XXXX,2,50,F,1,201409,1,181425,32.3
DLLS,11,E,13,14,E,0110,1,GS-14,L,XXXX,8,10,F,1,201409,1,123970,14.2
DLLS,25,H,18,13,I,0110,1,GS-13,K,XXXX,2,10,F,1,201409,1,117447,30.1
DLLS,08,K,13,07,C,0119,3,GS-07,D,XXXX,8,10,P,2,201409,1,043449,04.4
DLLS,29,D,13,12,D,0110,1,GS-12,G,XXXX,8,10,F,1,201409,1,074130,05.2
DLLS,11,I,13,12,J,0110,1,GS-12,I,XXXX,8,10,F,1,201409,1,098305,36.3
DLLS,29,G,13,07,G,0119,3,GS-07,D,XXXX,8,10,P,2,201409,1,048321,21.9
DLLS,24,G,07,07,C,0119,3,GS-07,D,XXXX,8,10,P,2,201409,1,042631,03.9
DLLS,13,F,13,13,E,0110,1,GS-13,J,XXXX,2,10,F,1,201409,1,103626,11.8
DLLS,15,I,04,07,D,0119,3,GS-07,D,XXXX,8,10,P,2,201409,1,045317,09.3
DLLS,29,G,13,12,H,0110,1,GS-12,H,XXXX,8,10,F,1,201409,1,085711,27.3
DLLS,11,D,17,12,C,0110,1,GS-12,H,XXXX,8,10,F,1,201409,1,080662,04.0
DLLS,29,G,13,12,F,0110,1,GS-12,H,XXXX,8,10,F,1,201409,1,085711,19.3
DLLS,29,F,17,12,F,0110,1,GS-12,H,XXXX,8,10,F,1,201409,1,085711,17.1
DLLS,39,G,13,06,C,0119,3,GS-06,C,XXXX,8,10,P,2,201409,1,037388,03.3
DLLS,11,J,13,15,G,0110,1,GS-15,N,XXXX,2,10,F,1,201409,1,145827,24.2
DLLS,06,F,13,12,F,0110,1,GS-12,J,XXXX,8,10,F,1,201409,1,101471,16.9
DLLS,17,F,13,12,D,0110,1,GS-12,H,XXXX,8,10,F,1,201409,1,086310,08.9
DLLS,11,E,13,12,E,0110,1,GS-12,I,XXXX,8,10,F,1,201409,1,090744,14.0
DLLS,11,C,17,12,C,0110,1,GS-12,H,XXXX,8,10,F,1,201409,1,080662,04.9
DLLS,11,F,17,14,F,0110,1,GS-14,M,XXXX,8,10,P,2,201409,1,131053,18.2
DLLS,11,C,09,13,D,0110,1,GS-13,I,XXXX,8,10,F,1,201409,1,095919,08.0
DLLS,11,K,14,,J,0110,1,ES-**,O,XXXX,2,50,F,1,201409,1,157420,42.0
DLLS,36,C,13,12,D,0110,1,GS-12,H,XXXX,8,10,F,1,201409,1,083584,05.9
DLLS,11,G,13,14,H,0110,1,GS-14,M,XXXX,2,10,F,1,201409,1,131053,28.1
DLLS,11,C,13,12,C,0110,1,GS-12,G,XXXX,8,10,F,1,201409,1,078142,04.9
DLLS,25,K,04,07,F,0119,3,GS-07,E,XXXX,8,10,P,2,201409,1,053256,17.2
DLLS,34,D,13,09,B,0110,1,GS-09,E,XXXX,8,15,F,1,201409,1,055836,02.0
DLLS,11,G,13,14,H,0110,1,GS-14,L,XXXX,2,10,F,1,201409,1,127512,26.3
DLLS,11,H,18,15,H,0110,1,GS-15,O,XXXX,2,10,F,1,201409,1,154160,29.8
DLLS,06,G,13,05,A,0119,3,GS-05,C,XXXX,8,15,P,2,201409,1,034407,00.8
DLLS,11,C,13,12,C,0110,1,GS-12,G,XXXX,8,10,F,1,201409,1,078142,04.7
DLLS,13,I,09,07,H,0119,3,GS-07,E,XXXX,8,10,P,2,201409,1,050932,28.0
DLLS,11,I,13,12,E,0110,1,GS-12,H,XXXX,8,10,F,1,201409,1,088224,11.3
DLLS,48,E,13,12,E,0110,1,GS-12,H,XXXX,8,10,F,1,201409,1,088151,12.2
DLLS,11,E,13,13,F,0110,1,GS-13,J,XXXX,8,10,F,1,201409,1,107909,17.2
DLLS,48,K,09,05,C,0119,3,GS-05,D,XXXX,8,10,P,2,201409,1,040122,04.7
DLLS,34,H,17,12,H,0110,1,GS-12,J,XXXX,8,10,F,1,201409,1,101866,26.2
DLLS,11,F,13,13,F,0110,1,GS-13,J,XXXX,8,10,F,1,201409,1,101914,18.0
DLLS,48,E,13,12,E,0110,1,GS-12,H,XXXX,8,10,F,1,201409,1,088151,11.6
DLLS,29,J,13,12,G,0110,1,GS-12,H,XXXX,8,10,F,1,201409,1,088028,20.3
DLLS,11,K,04,10,J,0119,3,GS-10,G,XXXX,2,10,F,1,201409,1,074654,51.6
DLLS,06,J,13,13,G,0110,1,GS-13,K,XXXX,2,10,F,1,201409,1,117403,22.1
DLLS,11,I,14,15,I,0110,1,GS-15,O,XXXX,2,10,F,1,201409,1,154160,32.1
DLLS,25,F,13,13,F,0110,1,GS-13,J,XXXX,2,10,F,1,201409,1,105401,16.3
DLLS,36,D,17,06,C,0119,3,GS-06,D,XXXX,8,10,P,2,201409,1,042402,03.9
DLLS,11,G,13,14,G,0110,1,GS-14,L,XXXX,2,10,F,1,201409,1,123970,23.4
DLLS,13,I,17,12,D,0110,1,GS-12,G,XXXX,8,10,F,1,201409,1,079881,06.9
DLLS,11,J,07,07,J,0119,3,GS-07,E,XXXX,8,10,F,1,201409,1,055421,43.2
DLLS,53,I,13,07,F,0119,3,GS-07,E,XXXX,8,10,P,2,201409,1,051559,16.7
DLLS,11,C,13,12,C,0110,1,GS-12,G,XXXX,8,10,F,1,201409,1,078142,04.1
DLLS,04,G,13,13,G,0110,1,GS-13,J,XXXX,8,10,F,1,201409,1,104246,23.4
DLLS,11,J,17,12,F,0110,1,GS-12,I,XXXX,8,10,F,1,201409,1,095785,19.3
DLLS,11,J,21,,H,0110,1,ES-**,R,XXXX,2,50,F,1,201409,1,181452,28.2
DLLS,15,E,17,05,B,0119,3,GS-05,C,XXXX,8,38,P,2,201409,1,033356,01.0
DLLS,53,E,13,12,E,0110,1,GS-12,H,XXXX,8,10,F,1,201409,1,088983,12.8
DLLS,11,G,13,13,E,0110,1,GS-13,J,XXXX,8,10,F,1,201409,1,107909,14.0
DLLS,11,D,17,11,B,0110,1,GS-11,F,XXXX,8,15,F,1,201409,1,063091,01.5
DLLS,17,D,13,12,E,0110,1,GS-12,I,XXXX,8,10,F,1,201409,1,091387,11.8
DLLS,11,E,21,13,D,0110,1,GS-13,J,XXXX,8,10,F,1,201409,1,104911,05.9
DLLS,48,I,13,07,G,0119,3,GS-07,E,XXXX,8,10,P,2,201409,1,053837,24.6
DLLS,11,C,13,12,C,0110,1,GS-12,G,XXXX,8,10,F,1,201409,1,078142,04.8
DLLS,11,J,21,14,G,0110,1,GS-14,M,XXXX,8,10,F,1,201409,1,138136,23.0
DLLS,13,F,13,13,E,0110,1,GS-13,I,XXXX,2,10,F,1,201409,1,097869,12.6
DLLS,42,D,13,13,D,0110,1,GS-13,I,XXXX,2,10,F,1,201409,1,096981,08.0
DLLS,39,E,13,13,F,0110,1,GS-13,I,XXXX,8,10,F,1,201409,1,094505,17.2
DLLS,25,F,13,13,F,0110,1,GS-13,J,XXXX,2,10,F,1,201409,1,105401,17.6
DLLS,42,G,07,07,D,0119,3,GS-07,D,XXXX,8,10,P,2,201409,1,044584,05.2
DLLS,11,C,17,11,C,0110,1,GS-11,F,XXXX,8,15,F,1,201409,1,063091,04.3
DLLS,36,K,13,07,D,0119,3,GS-07,D,XXXX,8,10,P,2,201409,1,048593,08.8
DLLS,11,H,13,14,H,0110,1,GS-14,L,XXXX,2,10,F,1,201409,1,123970,28.1
DLLS,09,I,04,07,D,0119,3,GS-07,E,XXXX,8,10,P,2,201409,1,051538,09.5
DLLS,06,I,04,07,G,0119,3,GS-07,E,XXXX,8,10,P,2,201409,1,056732,22.9
DLLS,11,C,13,13,D,0110,1,GS-13,I,XXXX,8,10,F,1,201409,1,092922,05.2
DLLS,29,K,07,06,D,0119,3,GS-06,C,XXXX,8,10,P,2,201409,1,039955,07.0
DLLS,11,I,13,,H,0110,1,ES-**,Q,XXXX,2,50,F,1,201409,1,172006,28.5
DLLS,11,C,13,12,C,0110,1,GS-12,G,XXXX,8,10,F,1,201409,1,075621,04.1
DLLS,11,C,21,13,B,0110,1,GS-13,J,XXXX,8,15,F,1,201409,1,104911,01.2
DLLS,42,E,13,12,E,0110,1,GS-12,H,XXXX,8,10,F,1,201409,1,082648,11.3
DLLS,42,E,13,12,E,0110,1,GS-12,H,XXXX,8,10,F,1,201409,1,085009,14.0
DLLS,13,F,17,12,F,0110,1,GS-12,H,XXXX,8,10,F,1,201409,1,089563,17.3
DLLS,11,D,13,07,D,0110,1,GS-07,D,XXXX,8,15,F,1,201409,1,042631,05.4
DLLS,11,I,17,12,H,0110,1,GS-12,I,XXXX,8,10,F,1,201409,1,090744,27.1
DLLS,11,B,13,07,A,0110,1,GS-07,D,XXXX,8,35,F,1,201409,1,042631,00.1
DLLS,11,I,04,07,I,0119,3,GS-07,E,XXXX,8,10,F,1,201409,1,055421,31.4
DLLS,11,D,17,12,B,0110,1,GS-12,G,XXXX,8,15,F,1,201409,1,075621,02.3
DLLS,36,K,14,12,I,0110,1,GS-12,I,XXXX,8,10,F,1,201409,1,099255,32.0
DLLS,11,G,13,14,G,0110,1,GS-14,L,XXXX,2,10,F,1,201409,1,123970,23.3
DLLS,11,G,17,13,G,0110,1,GS-13,K,XXXX,8,10,F,1,201409,1,110906,22.4
DLLS,11,C,13,12,D,0110,1,GS-12,H,XXXX,8,10,F,1,201409,1,080662,05.0
DLLS,17,E,13,07,C,0110,1,GS-07,D,XXXX,8,10,F,1,201409,1,045795,04.3
DLLS,29,C,13,12,D,0110,1,GS-12,G,XXXX,8,10,F,1,201409,1,074130,05.9
DLLS,48,H,13,12,F,0110,1,GS-12,H,XXXX,8,10,F,1,201409,1,088151,17.5
DLLS,11,I,13,13,I,0110,1,GS-13,K,XXXX,8,10,F,1,201409,1,116901,30.5
DLLS,26,E,17,07,D,0119,3,GS-07,D,XXXX,8,10,P,2,201409,1,045426,06.2
DLLS,51,F,04,07,F,0119,3,GS-07,D,XXXX,8,10,P,2,201409,1,047015,16.4
DLLS,34,H,17,12,F,0110,1,GS-12,I,XXXX,8,10,F,1,201409,1,099255,19.7
DLLS,11,D,13,12,E,0110,1,GS-12,H,XXXX,8,10,F,1,201409,1,088224,11.9
DLLS,48,F,13,13,F,0110,1,GS-13,J,XXXX,2,10,F,1,201409,1,107737,19.2
DLLS,11,F,17,14,F,0110,1,GS-14,L,XXXX,2,10,F,1,201409,1,123970,17.6
DLLS,25,C,17,09,A,0110,1,GS-09,E,XXXX,8,15,F,1,201409,1,052390,00.3
DLLS,42,D,13,12,D,0110,1,GS-12,H,XXXX,8,10,F,1,201409,1,081555,07.6
DLLS,17,F,17,12,G,0110,1,GS-12,I,XXXX,8,10,F,1,201409,1,096463,22.3
DLLS,25,I,13,12,I,0110,1,GS-12,I,XXXX,8,10,F,1,201409,1,098764,30.8
DLLS,06,G,10,05,B,0119,3,GS-05,C,XXXX,8,15,P,2,201409,1,036405,01.2
DLLS,11,H,17,14,H,0110,1,GS-14,L,XXXX,2,10,F,1,201409,1,123970,26.9
DLLS,11,E,13,14,F,0110,1,GS-14,L,XXXX,2,10,F,1,201409,1,127512,16.0
DLLS,11,E,13,13,F,0110,1,GS-13,I,XXXX,8,10,F,1,201409,1,098916,16.2
DLLS,06,H,13,07,C,0119,3,GS-07,D,XXXX,8,10,P,2,201409,1,043640,03.2
DLLS,08,K,13,07,D,0119,3,GS-07,D,XXXX,8,10,P,2,201409,1,047654,08.8
DLLS,36,C,17,12,D,0110,1,GS-12,H,XXXX,8,10,F,1,201409,1,083584,05.2
DLLS,11,C,13,12,D,0110,1,GS-12,H,XXXX,8,10,F,1,201409,1,080662,05.0
DLLS,11,D,17,12,D,0110,1,GS-12,H,XXXX,8,10,F,1,201409,1,085703,07.6
DLLS,11,E,13,13,F,0110,1,GS-13,K,XXXX,8,10,F,1,201409,1,113904,15.9
DLLS,11,C,17,12,C,0110,1,GS-12,G,XXXX,8,10,F,1,201409,1,078142,03.7
DLLS,17,E,17,12,D,0110,1,GS-12,I,XXXX,8,10,F,1,201409,1,099002,09.1
DLLS,11,D,13,12,D,0110,1,GS-12,H,XXXX,8,10,F,1,201409,1,085703,08.3
DLLS,34,J,13,12,E,0110,1,GS-12,H,XXXX,8,10,F,1,201409,1,086196,11.7
DLLS,11,C,13,11,C,0110,1,GS-11,F,XXXX,8,10,F,1,201409,1,065194,03.0
DLLS,11,H,13,14,I,0110,1,GS-14,M,XXXX,2,10,F,1,201409,1,131053,30.1
DLLS,13,K,13,07,D,0119,3,GS-07,E,XXXX,8,10,P,2,201409,1,050492,06.5
DLLS,11,D,04,09,A,0110,1,GS-09,E,XXXX,8,35,F,1,201409,1,052146,00.8
DLLS,11,J,18,13,F,0110,1,GS-13,K,XXXX,8,10,F,1,201409,1,113904,18.1
DLLS,11,D,13,12,E,0110,1,GS-12,H,XXXX,8,10,F,1,201409,1,088224,11.3
DLLS,48,J,17,07,D,0119,3,GS-07,D,XXXX,8,10,P,2,201409,1,044403,09.5
DLLS,06,C,13,12,D,0110,1,GS-12,H,XXXX,8,10,F,1,201409,1,087760,06.0
DLLS,26,J,13,07,F,0119,3,GS-07,E,XXXX,8,10,P,2,201409,1,052524,17.5
DLLS,34,H,13,12,H,0110,1,GS-12,J,XXXX,8,10,F,1,201409,1,101866,25.8
DLLS,11,F,17,13,E,0110,1,GS-13,I,XXXX,8,10,F,1,201409,1,098916,13.1
DLLS,05,J,07,07,G,0119,3,GS-07,D,XXXX,8,10,P,2,201409,1,049626,20.1
DLLS,48,J,04,06,B,0119,3,GS-06,C,XXXX,8,15,P,2,201409,1,035256,02.7
DLLS,11,K,04,07,I,0119,3,GS-07,E,XXXX,8,10,F,1,201409,1,055421,33.9
DLLS,11,C,13,12,D,0110,1,GS-12,H,XXXX,8,10,F,1,201409,1,080662,05.2
DLLS,11,K,22,13,J,0110,1,GS-13,H,XXXX,8,20,I,2,201409,1,089924,45.4
DLLS,11,C,13,12,D,0110,1,GS-12,G,XXXX,8,10,F,1,201409,1,075621,05.2
DLLS,06,C,13,07,A,0110,1,GS-07,D,XXXX,8,15,F,1,201409,1,043640,00.6
DLLS,11,G,13,12,F,0110,1,GS-12,I,XXXX,8,10,F,1,201409,1,090744,16.1
DLLS,39,K,08,07,E,0119,3,GS-07,D,XXXX,8,10,P,2,201409,1,048876,13.8
DLLS,11,I,13,13,I,0110,1,GS-13,K,XXXX,8,10,F,1,201409,1,116901,34.4
DLLS,11,C,13,11,B,0110,1,GS-11,F,XXXX,8,15,F,1,201409,1,063091,02.9
DLLS,17,K,13,15,J,0110,1,GS-15,O,XXXX,2,10,F,1,201409,1,155252,40.9
DLLS,11,J,14,13,J,0110,1,GS-13,K,XXXX,8,10,F,1,201409,1,116901,38.2
DLLS,11,F,13,15,E,0110,1,GS-15,M,XXXX,2,10,F,1,201409,1,137494,14.5
DLLS,11,H,17,12,F,0110,1,GS-12,I,XXXX,8,10,F,1,201409,1,093264,16.6
DLLS,34,J,04,06,C,0119,3,GS-06,D,XXXX,8,10,P,2,201409,1,042402,04.3
DLLS,11,G,13,12,F,0110,1,GS-12,I,XXXX,8,10,F,1,201409,1,090744,18.0
DLLS,11,D,13,13,E,0110,1,GS-13,J,XXXX,8,10,F,1,201409,1,101914,11.2
DLLS,06,J,13,07,F,0119,3,GS-07,E,XXXX,8,10,P,2,201409,1,053823,18.0
DLLS,39,J,13,05,A,0119,3,GS-05,C,XXXX,8,15,P,2,201409,1,032844,00.3
DLLS,13,K,04,07,D,0119,3,GS-07,D,XXXX,8,10,P,2,201409,1,042304,09.3
DLLS,36,H,13,12,H,0110,1,GS-12,J,XXXX,8,10,F,1,201409,1,101866,29.1
DLLS,53,D,13,06,C,0119,3,GS-06,D,XXXX,8,10,P,2,201409,1,040125,03.3
DLLS,11,E,13,12,D,0110,1,GS-12,H,XXXX,8,10,F,1,201409,1,085703,09.8
DLLS,36,G,13,12,G,0110,1,GS-12,J,XXXX,8,10,F,1,201409,1,101866,23.0
DLLS,48,I,04,12,D,0110,1,GS-12,G,XXXX,8,10,F,1,201409,1,078357,05.0
DLLS,11,D,13,13,E,0110,1,GS-13,I,XXXX,8,10,F,1,201409,1,098916,12.0
DLLS,11,C,13,12,C,0110,1,GS-12,G,XXXX,8,10,F,1,201409,1,078142,04.0
DLLS,11,G,17,14,G,0110,1,GS-14,M,XXXX,8,10,F,1,201409,1,131053,24.3
DLLS,42,G,13,12,G,0110,1,GS-12,I,XXXX,8,10,F,1,201409,1,093911,22.2
DLLS,48,J,13,13,H,0110,1,GS-13,K,XXXX,2,10,F,1,201409,1,110648,25.4
DLLS,11,C,17,07,A,0110,1,GS-07,D,XXXX,8,35,F,1,201409,1,042631,00.2
DLLS,06,E,13,12,E,0110,1,GS-12,I,XXXX,8,10,F,1,201409,1,098728,12.8
DLLS,11,G,13,13,G,0110,1,GS-13,J,XXXX,8,10,F,1,201409,1,104911,23.2
DLLS,36,I,18,13,H,0110,1,GS-13,K,XXXX,2,10,F,1,201409,1,114924,27.3
DLLS,11,D,13,11,B,0110,1,GS-11,F,XXXX,8,15,F,1,201409,1,063091,01.5
DLLS,50,C,13,05,A,0119,3,GS-05,C,XXXX,8,15,P,2,201409,1,031628,00.4
DLLS,11,E,13,14,F,0110,1,GS-14,K,XXXX,2,10,F,1,201409,1,116887,15.0
DLLS,41,G,13,12,G,0110,1,GS-12,I,XXXX,8,10,F,1,201409,1,092801,23.3
DLLS,36,C,13,12,D,0110,1,GS-12,G,XXXX,8,10,F,1,201409,1,078361,05.0
DLLS,11,D,17,09,A,0110,1,GS-09,E,XXXX,8,35,F,1,201409,1,052146,00.0
DLLS,48,E,17,09,D,0110,1,GS-09,E,XXXX,8,38,F,1,201409,1,050656,07.9
DLLS,53,G,13,12,G,0110,1,GS-12,I,XXXX,8,10,F,1,201409,1,096398,23.4
DLLS,17,D,17,11,B,0110,1,GS-11,F,XXXX,8,38,F,1,201409,1,063538,01.9
DLLS,06,D,04,05,C,0119,3,GS-05,D,XXXX,8,15,P,2,201409,1,045804,03.2
DLLS,11,K,17,12,H,0110,1,GS-12,I,XXXX,8,10,F,1,201409,1,098305,27.3
DLLS,11,D,17,12,B,0110,1,GS-12,G,XXXX,8,15,F,1,201409,1,075621,02.9
DLLS,11,J,04,12,J,0110,1,GS-12,I,XXXX,8,10,F,1,201409,1,095785,43.8
DLLS,36,G,04,06,C,0119,3,GS-06,D,XXXX,8,10,P,2,201409,1,043726,04.6
DLLS,29,K,04,07,D,0119,3,GS-07,D,XXXX,8,10,P,2,201409,1,041791,05.9
DLLS,11,C,13,12,C,0110,1,GS-12,G,XXXX,8,10,F,1,201409,1,075621,03.9
DLLS,06,H,13,12,H,0110,1,GS-12,J,XXXX,8,10,F,1,201409,1,106955,29.1
DLLS,11,E,17,12,D,0110,1,GS-12,H,XXXX,8,10,F,1,201409,1,085703,08.9
DLLS,11,F,13,12,F,0110,1,GS-12,I,XXXX,8,10,F,1,201409,1,093264,15.7
DLLS,25,H,13,06,C,0119,3,GS-06,D,XXXX,8,10,P,2,201409,1,041110,04.4
DLLS,48,G,13,12,F,0110,1,GS-12,I,XXXX,8,10,F,1,201409,1,090599,16.1
DLLS,06,F,13,12,F,0110,1,GS-12,I,XXXX,8,10,F,1,201409,1,098728,16.1
DLLS,40,H,13,05,D,0119,3,GS-05,C,XXXX,8,15,P,2,201409,1,039012,09.8
DLLS,11,F,13,13,F,0110,1,GS-13,J,XXXX,8,10,F,1,201409,1,107909,16.3
DLLS,11,H,17,15,H,0110,1,GS-15,N,XXXX,2,10,F,1,201409,1,145827,25.8
DLLS,06,D,13,07,D,0119,3,GS-07,D,XXXX,8,10,P,2,201409,1,048004,07.5
DLLS,08,G,13,12,G,0110,1,GS-12,I,XXXX,8,10,F,1,201409,1,094474,23.3
DLLS,11,C,13,12,D,0110,1,GS-12,H,XXXX,8,10,F,1,201409,1,080662,05.0
DLLS,11,G,13,12,H,0110,1,GS-12,H,XXXX,8,10,F,1,201409,1,088224,25.5
DLLS,06,E,17,13,E,0110,1,GS-13,I,XXXX,2,10,F,1,201409,1,098189,11.1
DLLS,13,H,13,12,G,0110,1,GS-12,I,XXXX,8,10,F,1,201409,1,091983,23.3
DLLS,55,J,13,07,D,0119,3,GS-07,D,XXXX,8,10,P,2,201409,1,045935,08.3
DLLS,11,G,17,14,H,0110,1,GS-14,M,XXXX,8,10,P,2,201409,1,131053,25.0
DLLS,48,J,17,12,H,0110,1,GS-12,I,XXXX,8,10,F,1,201409,1,090599,25.2
DLLS,12,K,17,07,E,0119,3,GS-07,E,XXXX,8,10,P,2,201409,1,051127,14.8
DLLS,11,E,13,13,E,0110,1,GS-13,J,XXXX,8,10,F,1,201409,1,104911,14.8
DLLS,11,C,14,12,D,0110,1,GS-12,H,XXXX,8,10,F,1,201409,1,080662,05.6
DLLS,55,I,04,07,E,0119,3,GS-07,D,XXXX,8,10,P,2,201409,1,045709,11.8
DLLS,11,E,13,13,E,0110,1,GS-13,J,XXXX,8,10,F,1,201409,1,101914,13.1
DLLS,36,F,13,05,A,0119,3,GS-05,C,XXXX,8,15,P,2,201409,1,031628,00.3
DLLS,17,G,13,13,H,0110,1,GS-13,K,XXXX,2,10,F,1,201409,1,111692,27.2
DLLS,11,C,13,12,C,0110,1,GS-12,G,XXXX,8,10,F,1,201409,1,078142,04.9
DLLS,17,D,13,12,D,0110,1,GS-12,G,XXXX,8,10,F,1,201409,1,078695,08.2
DLLS,11,D,17,13,D,0110,1,GS-13,I,XXXX,8,10,F,1,201409,1,095919,08.0
DLLS,11,J,14,13,I,0110,1,GS-13,K,XXXX,8,10,F,1,201409,1,113904,32.3
DLLS,11,C,13,12,B,0110,1,GS-12,G,XXXX,8,15,F,1,201409,1,075621,02.3
DLLS,11,E,13,14,E,0110,1,GS-14,L,XXXX,2,10,F,1,201409,1,120429,13.0
DLLS,25,I,10,06,B,0119,3,GS-06,D,XXXX,8,15,P,2,201409,1,040152,02.8
DLLS,11,J,13,13,J,0110,1,GS-13,K,XXXX,8,10,F,1,201409,1,116901,38.1
DLLS,06,D,13,07,D,0119,3,GS-07,D,XXXX,8,10,P,2,201409,1,046549,06.2
DLLS,11,H,13,15,I,0110,1,GS-15,N,XXXX,2,10,F,1,201409,1,149993,31.8
DLLS,06,K,13,07,D,0119,3,GS-07,D,XXXX,8,10,P,2,201409,1,041791,05.8
DLLS,45,E,07,07,C,0119,3,GS-07,D,XXXX,8,10,P,2,201409,1,041791,04.8
DLLS,11,G,17,12,E,0110,1,GS-12,H,XXXX,8,10,F,1,201409,1,088224,10.1
DLLS,11,D,17,11,B,0110,1,GS-11,F,XXXX,8,15,F,1,201409,1,063091,01.9
DLLS,39,J,17,07,E,0119,3,GS-07,E,XXXX,8,10,P,2,201409,1,050179,13.8
DLLS,26,E,13,12,E,0110,1,GS-12,I,XXXX,8,10,F,1,201409,1,090649,14.2
DLLS,11,G,13,12,G,0110,1,GS-12,I,XXXX,8,10,F,1,201409,1,095785,21.8
DLLS,11,D,13,13,D,0110,1,GS-13,I,XXXX,8,10,F,1,201409,1,098916,09.1
DLLS,11,H,04,13,H,0110,1,GS-13,K,XXXX,8,10,F,1,201409,1,113904,26.3
DLLS,11,G,13,14,G,0110,1,GS-14,L,XXXX,2,10,F,1,201409,1,120429,23.3
DLLS,37,K,09,06,D,0119,3,GS-06,C,XXXX,8,15,P,2,201409,1,037541,05.8
DLLS,11,D,13,12,D,0110,1,GS-12,H,XXXX,8,10,F,1,201409,1,085703,09.3
DLLS,11,H,13,12,H,0110,1,GS-12,I,XXXX,8,10,F,1,201409,1,098305,29.0
DLLS,11,E,13,13,E,0110,1,GS-13,J,XXXX,8,10,F,1,201409,1,104911,13.2
DLLS,13,G,13,12,G,0110,1,GS-12,I,XXXX,8,10,F,1,201409,1,091983,23.3
DLLS,11,E,13,12,E,0110,1,GS-12,I,XXXX,8,10,F,1,201409,1,090744,11.7
DLLS,11,C,13,12,C,0110,1,GS-12,G,XXXX,8,10,F,1,201409,1,078142,04.8
DLLS,42,C,17,09,B,0110,1,GS-09,E,XXXX,8,15,F,1,201409,1,051126,01.7
DLLS,11,C,17,11,B,0110,1,GS-11,F,XXXX,8,15,F,1,201409,1,063091,02.9
DLLS,42,E,14,13,E,0110,1,GS-13,J,XXXX,2,10,F,1,201409,1,102859,14.2
DLLS,42,C,13,09,B,0110,1,GS-09,E,XXXX,8,15,F,1,201409,1,051126,01.4
DLLS,11,J,17,15,I,0110,1,GS-15,O,XXXX,2,10,F,1,201409,1,157100,33.9
DLLS,11,C,04,09,A,0110,1,GS-09,E,XXXX,8,35,F,1,201409,1,052146,00.0
DLLS,47,I,17,07,F,0119,3,GS-07,D,XXXX,8,10,P,2,201409,1,048321,16.2
DLLS,11,G,17,14,G,0110,1,GS-14,L,XXXX,2,10,F,1,201409,1,127512,21.0
DLLS,11,C,13,13,C,0110,1,GS-13,H,XXXX,8,10,F,1,201409,1,089924,04.8
DLLS,11,J,13,12,J,0110,1,GS-12,I,XXXX,8,10,F,1,201409,1,095785,36.3
DLLS,34,G,13,07,D,0119,3,GS-07,D,XXXX,8,10,P,2,201409,1,047121,06.0
DLLS,11,D,13,09,A,0110,1,GS-09,E,XXXX,8,35,F,1,201409,1,052146,00.0
DLLS,25,C,13,12,D,0110,1,GS-12,H,XXXX,8,10,F,1,201409,1,086103,08.2
DLLS,11,C,13,12,C,0110,1,GS-12,G,XXXX,8,10,F,1,201409,1,075621,03.8
DLLS,11,H,13,13,G,0110,1,GS-13,J,XXXX,8,10,F,1,201409,1,101914,23.7
DLLS,11,I,17,12,H,0110,1,GS-12,I,XXXX,8,10,F,1,201409,1,093264,28.8
DLLS,11,H,13,14,G,0110,1,GS-14,L,XXXX,2,10,F,1,201409,1,123970,23.3
DLLS,27,H,09,07,I,0119,3,GS-07,E,XXXX,8,10,P,2,201409,1,052583,30.6
DLLS,13,I,13,07,C,0119,3,GS-07,D,XXXX,8,10,P,2,201409,1,042304,04.3
DLLS,41,F,09,07,G,0119,3,GS-07,D,XXXX,8,10,P,2,201409,1,047015,23.7
DLLS,11,H,17,13,G,0110,1,GS-13,K,XXXX,8,10,F,1,201409,1,110906,24.0
DLLS,34,H,13,05,A,0119,3,GS-05,C,XXXX,8,15,P,2,201409,1,035662,00.7
DLLS,11,I,04,12,J,0110,1,GS-12,I,XXXX,8,10,F,1,201409,1,090744,40.2
DLLS,06,I,17,12,H,0110,1,GS-12,J,XXXX,8,10,F,1,201409,1,106955,28.8
DLLS,11,G,13,14,G,0110,1,GS-14,M,XXXX,7,10,F,1,201409,1,131053,23.5
DLLS,11,D,13,14,D,0110,1,GS-14,J,XXXX,2,10,F,1,201409,1,106263,07.9
DLLS,22,E,10,05,B,0119,3,GS-05,C,XXXX,8,15,P,2,201409,1,032683,01.3
DLLS,13,D,04,12,D,0110,1,GS-12,G,XXXX,8,10,F,1,201409,1,077461,05.9
DLLS,20,J,13,07,F,0119,3,GS-07,D,XXXX,8,10,P,2,201409,1,049626,17.6
DLLS,06,J,17,07,E,0119,3,GS-07,D,XXXX,8,10,P,2,201409,1,043097,11.1
DLLS,53,H,13,07,D,0119,3,GS-07,D,XXXX,8,10,P,2,201409,1,043097,06.9
DLLS,29,I,13,12,I,0110,1,GS-12,I,XXXX,8,10,F,1,201409,1,090344,30.2
DLLS,02,H,13,07,B,0119,3,GS-07,D,XXXX,8,15,P,2,201409,1,042792,02.9
DLLS,11,H,17,12,F,0110,1,GS-12,I,XXXX,8,10,F,1,201409,1,093264,17.5
DLLS,39,I,17,12,F,0110,1,GS-12,H,XXXX,8,10,F,1,201409,1,087273,19.6
DLLS,12,K,13,07,F,0119,3,GS-07,E,XXXX,8,10,P,2,201409,1,051127,15.6
DLLS,42,D,13,09,B,0110,1,GS-09,E,XXXX,8,15,F,1,201409,1,051126,01.5
DLLS,36,C,17,11,B,0110,1,GS-11,F,XXXX,8,15,F,1,201409,1,065377,01.7
DLLS,42,J,17,06,D,0119,3,GS-06,C,XXXX,8,10,P,2,201409,1,039531,05.3
DLLS,11,E,13,13,E,0110,1,GS-13,I,XXXX,8,10,F,1,201409,1,098916,13.3
DLLS,26,H,13,07,B,0119,3,GS-07,D,XXXX,8,15,P,2,201409,1,042586,02.8
DLLS,13,G,13,12,F,0110,1,GS-12,H,XXXX,8,10,F,1,201409,1,087143,18.4
DLLS,11,F,13,12,F,0110,1,GS-12,I,XXXX,8,10,F,1,201409,1,093264,17.6
DLLS,11,C,13,12,C,0110,1,GS-12,G,XXXX,8,10,F,1,201409,1,075621,03.1
DLLS,17,E,13,13,F,0110,1,GS-13,J,XXXX,2,10,F,1,201409,1,102636,15.8
DLLS,11,C,17,09,A,0110,1,GS-09,E,XXXX,8,15,F,1,201409,1,052146,00.3
DLLS,06,I,13,12,G,0110,1,GS-12,I,XXXX,8,10,F,1,201409,1,098052,22.2
DLLS,11,H,13,13,H,0110,1,GS-13,K,XXXX,8,10,F,1,201409,1,113904,29.3
DLLS,11,E,17,12,B,0110,1,GS-12,G,XXXX,8,30,F,1,201409,1,075621,02.3
DLLS,11,G,13,12,G,0110,1,GS-12,I,XXXX,8,10,F,1,201409,1,093264,21.2
DLLS,53,C,04,05,A,0119,3,GS-05,C,XXXX,8,15,P,2,201409,1,033747,00.1
DLLS,11,D,13,13,D,0110,1,GS-13,I,XXXX,8,10,F,1,201409,1,095919,08.1
DLLS,11,G,13,14,H,0110,1,GS-14,L,XXXX,2,10,F,1,201409,1,127512,26.3
DLLS,11,E,13,13,E,0110,1,GS-13,J,XXXX,8,10,F,1,201409,1,104911,13.8
DLLS,11,F,17,13,F,0110,1,GS-13,K,XXXX,2,10,F,1,201409,1,110906,17.3
DLLS,11,H,13,14,G,0110,1,GS-14,L,XXXX,2,10,F,1,201409,1,127512,24.8
DLLS,42,C,13,12,D,0110,1,GS-12,G,XXXX,8,15,F,1,201409,1,076613,05.2
DLLS,31,G,14,12,G,0110,1,GS-12,H,XXXX,8,10,F,1,201409,1,088028,22.2
DLLS,11,C,13,12,D,0110,1,GS-12,H,XXXX,8,10,F,1,201409,1,080662,05.6
DLLS,11,C,17,12,C,0110,1,GS-12,G,XXXX,8,10,F,1,201409,1,075621,03.0
DLLS,11,G,13,15,G,0110,1,GS-15,N,XXXX,2,10,F,1,201409,1,141660,23.3
DLLS,09,H,13,07,D,0119,3,GS-07,D,XXXX,8,10,P,2,201409,1,048593,07.7
DLLS,36,J,04,07,D,0119,3,GS-07,D,XXXX,8,10,P,2,201409,1,045709,09.5
DLLS,06,I,13,14,I,0110,1,GS-14,N,XXXX,2,10,F,1,201409,1,146438,34.8
DLLS,11,I,14,15,I,0110,1,GS-15,O,XXXX,8,10,F,1,201409,1,157100,31.2
DLLS,11,D,17,11,C,0110,1,GS-11,F,XXXX,8,10,F,1,201409,1,063091,04.1
DLLS,48,G,17,12,G,0110,1,GS-12,I,XXXX,8,10,F,1,201409,1,095496,22.3
DLLS,11,C,13,12,D,0110,1,GS-12,H,XXXX,8,10,F,1,201409,1,080662,05.0
DLLS,42,J,17,07,F,0119,3,GS-07,E,XXXX,8,10,P,2,201409,1,051550,17.3
DLLS,11,I,21,15,H,0110,1,GS-15,O,XXXX,2,10,F,1,201409,1,154160,26.8
DLLS,36,C,13,12,D,0110,1,GS-12,H,XXXX,8,10,F,1,201409,1,083584,05.3
DLLS,45,K,04,06,C,0119,3,GS-06,C,XXXX,8,10,P,2,201409,1,038780,04.3
DLLS,42,F,10,05,B,0119,3,GS-05,C,XXXX,8,15,P,2,201409,1,032683,01.3
DLLS,25,I,13,06,C,0119,3,GS-06,D,XXXX,8,10,P,2,201409,1,041110,04.0
DLLS,11,E,13,12,E,0110,1,GS-12,I,XXXX,8,10,F,1,201409,1,093264,13.3
DLLS,48,E,13,12,E,0110,1,GS-12,H,XXXX,8,10,F,1,201409,1,088151,14.0
DLLS,11,I,17,12,E,0110,1,GS-12,I,XXXX,8,10,F,1,201409,1,090744,13.7
DLLS,13,H,17,14,G,0110,1,GS-14,L,XXXX,2,10,F,1,201409,1,122451,23.4
DLLS,11,I,13,12,H,0110,1,GS-12,I,XXXX,8,10,F,1,201409,1,095785,26.3
DLLS,11,F,21,14,E,0110,1,GS-14,L,XXXX,8,10,F,1,201409,1,123970,13.3
DLLS,08,F,13,12,F,0110,1,GS-12,I,XXXX,8,10,F,1,201409,1,094474,19.6
DLLS,11,J,17,,J,0110,1,ES-**,Q,XXXX,2,50,F,1,201409,1,177900,35.8
DLLS,11,D,13,13,D,0110,1,GS-13,I,XXXX,8,10,F,1,201409,1,098916,07.6
DLLS,29,H,13,12,G,0110,1,GS-12,H,XXXX,8,10,F,1,201409,1,088028,23.0
DLLS,11,D,13,12,D,0110,1,GS-12,H,XXXX,8,10,F,1,201409,1,085703,09.1
DLLS,25,J,04,07,F,0119,3,GS-07,E,XXXX,8,10,P,2,201409,1,054252,17.4
DLLS,36,G,04,07,D,0119,3,GS-07,D,XXXX,8,10,P,2,201409,1,048593,06.6
DLLS,11,I,13,12,F,0110,1,GS-12,I,XXXX,8,10,F,1,201409,1,090744,16.6
DLLS,12,I,13,07,E,0119,3,GS-07,D,XXXX,8,10,P,2,201409,1,047015,13.8
DLLS,26,J,13,07,F,0119,3,GS-07,E,XXXX,8,10,P,2,201409,1,053943,18.8
DLLS,17,H,13,12,F,0110,1,GS-12,I,XXXX,8,10,F,1,201409,1,096463,16.6
DLLS,25,E,13,12,D,0110,1,GS-12,H,XXXX,8,10,F,1,201409,1,083571,06.7
DLLS,22,J,17,07,C,0119,3,GS-07,D,XXXX,8,10,P,2,201409,1,041791,04.7
DLLS,11,G,13,15,G,0110,1,GS-15,N,XXXX,2,10,F,1,201409,1,149993,24.3
DLLS,11,K,17,14,F,0110,1,GS-14,L,XXXX,8,10,F,1,201409,1,127512,16.1
DLLS,06,I,13,07,D,0119,3,GS-07,E,XXXX,8,10,P,2,201409,1,052567,08.3
DLLS,06,H,13,07,D,0119,3,GS-07,D,XXXX,8,10,P,2,201409,1,046549,05.0
DLLS,24,I,04,05,A,0119,3,GS-05,C,XXXX,8,15,P,2,201409,1,034415,00.3
DLLS,11,F,17,13,E,0110,1,GS-13,J,XXXX,8,10,F,1,201409,1,104911,14.3
DLLS,11,B,17,09,A,0110,1,GS-09,E,XXXX,8,35,F,1,201409,1,052146,00.1
DLLS,06,F,13,13,F,0110,1,GS-13,K,XXXX,2,10,F,1,201409,1,117403,18.1
DLLS,42,F,13,05,B,0119,3,GS-05,C,XXXX,8,15,P,2,201409,1,034867,01.0
DLLS,48,G,13,12,F,0110,1,GS-12,I,XXXX,8,10,F,1,201409,1,095496,15.4
DLLS,48,H,04,05,B,0119,3,GS-05,C,XXXX,8,15,P,2,201409,1,033738,02.7
DLLS,42,D,13,13,E,0110,1,GS-13,I,XXXX,2,10,F,1,201409,1,099920,11.7
DLLS,33,E,13,12,E,0110,1,GS-12,I,XXXX,8,10,F,1,201409,1,091168,13.1
DLLS,42,H,13,07,E,0119,3,GS-07,D,XXXX,8,10,P,2,201409,1,047015,13.3
DLLS,11,K,21,14,G,0110,1,GS-14,M,XXXX,8,10,F,1,201409,1,138136,24.1
DLLS,11,D,13,13,D,0110,1,GS-13,I,XXXX,8,10,F,1,201409,1,098916,08.2
DLLS,24,J,13,12,J,0110,1,GS-12,I,XXXX,8,10,F,1,201409,1,098305,35.9
DLLS,13,F,13,12,E,0110,1,GS-12,H,XXXX,8,10,F,1,201409,1,087143,13.2
DLLS,27,E,13,12,E,0110,1,GS-12,H,XXXX,8,10,F,1,201409,1,085908,13.2
DLLS,11,H,17,12,H,0110,1,GS-12,I,XXXX,8,10,F,1,201409,1,095785,25.9
DLLS,18,I,13,07,D,0119,3,GS-07,D,XXXX,8,10,P,2,201409,1,043097,07.7
DLLS,06,I,17,12,F,0110,1,GS-12,I,XXXX,8,10,F,1,201409,1,095472,16.3
DLLS,42,F,13,07,A,0110,1,GS-07,D,XXXX,8,15,F,1,201409,1,041797,00.7
DLLS,11,D,13,09,B,0110,1,GS-09,E,XXXX,8,15,F,1,201409,1,052146,01.6
DLLS,12,I,13,06,C,0119,3,GS-06,C,XXXX,8,10,P,2,201409,1,036431,03.0
DLLS,04,E,04,07,D,0119,3,GS-07,D,XXXX,8,10,P,2,201409,1,045709,05.9
DLLS,11,C,13,12,D,0110,1,GS-12,H,XXXX,8,10,F,1,201409,1,080662,05.2
DLLS,18,I,13,07,E,0119,3,GS-07,D,XXXX,8,10,P,2,201409,1,045709,10.8
DLLS,11,D,17,12,B,0110,1,GS-12,G,XXXX,8,15,F,1,201409,1,075621,02.3
DLLS,08,I,17,12,D,0110,1,GS-12,G,XXXX,8,10,F,1,201409,1,077072,09.3
DLLS,11,E,13,13,E,0110,1,GS-13,J,XXXX,8,10,F,1,201409,1,101914,13.2
DLLS,11,C,13,12,D,0110,1,GS-12,H,XXXX,8,10,F,1,201409,1,080662,05.2
DLLS,06,D,13,12,D,0110,1,GS-12,I,XXXX,8,10,F,1,201409,1,090502,08.0
DLLS,11,D,17,13,D,0110,1,GS-13,I,XXXX,8,10,F,1,201409,1,098916,08.2
DLLS,17,D,13,12,E,0110,1,GS-12,H,XXXX,8,10,F,1,201409,1,088849,12.2
DLLS,12,K,04,05,A,0119,3,GS-05,C,XXXX,8,15,P,2,201409,1,033465,00.7
DLLS,06,G,17,07,D,0119,3,GS-07,E,XXXX,8,10,P,2,201409,1,051020,07.8
DLLS,17,I,17,12,E,0110,1,GS-12,H,XXXX,8,10,F,1,201409,1,083772,10.1
DLLS,11,H,04,12,H,0110,1,GS-12,I,XXXX,8,10,F,1,201409,1,095785,27.7
DLLS,40,C,17,05,B,0119,3,GS-05,C,XXXX,8,15,P,2,201409,1,031628,02.8
DLLS,16,G,12,05,D,0119,3,GS-05,C,XXXX,8,15,P,2,201409,1,037957,06.1
DLLS,06,J,13,07,F,0119,3,GS-07,E,XXXX,8,10,P,2,201409,1,055659,15.1
DLLS,11,E,13,13,E,0110,1,GS-13,J,XXXX,8,10,F,1,201409,1,107909,14.3
DLLS,11,J,04,07,J,0119,3,GS-07,E,XXXX,8,10,F,1,201409,1,055421,35.8
DLLS,11,C,13,12,C,0110,1,GS-12,G,XXXX,8,10,F,1,201409,1,075621,03.1
DLLS,11,G,17,13,G,0110,1,GS-13,K,XXXX,8,10,F,1,201409,1,110906,20.0
DLLS,40,I,17,06,D,0119,3,GS-06,D,XXXX,8,10,P,2,201409,1,042304,05.8
DLLS,13,C,13,12,D,0110,1,GS-12,G,XXXX,8,10,F,1,201409,1,079881,06.9
DLLS,11,G,17,13,D,0110,1,GS-13,J,XXXX,8,10,F,1,201409,1,101914,08.8
DLLS,11,I,13,12,D,0110,1,GS-12,H,XXXX,8,10,F,1,201409,1,083183,08.4
DLLS,17,E,17,12,E,0110,1,GS-12,I,XXXX,8,10,F,1,201409,1,091387,12.9
DLLS,19,E,13,12,E,0110,1,GS-12,H,XXXX,8,10,F,1,201409,1,083395,14.2
DLLS,08,C,13,07,A,0110,1,GS-07,D,XXXX,8,15,F,1,201409,1,042048,00.7
DLLS,11,C,13,12,B,0110,1,GS-12,G,XXXX,8,38,F,1,201409,1,075621,02.1
DLLS,11,F,13,13,F,0110,1,GS-13,J,XXXX,8,10,F,1,201409,1,107909,19.7
DLLS,11,G,17,14,H,0110,1,GS-14,M,XXXX,2,10,F,1,201409,1,134595,25.3
DLLS,06,H,13,13,H,0110,1,GS-13,L,XXXX,2,10,F,1,201409,1,127187,27.7
DLLS,27,J,13,07,F,0119,3,GS-07,E,XXXX,8,10,P,2,201409,1,051199,17.3
DLLS,42,C,13,12,D,0110,1,GS-12,G,XXXX,8,10,F,1,201409,1,079084,05.3
DLLS,25,D,13,13,D,0110,1,GS-13,I,XXXX,2,10,F,1,201409,1,099378,08.2
DLLS,11,D,17,12,D,0110,1,GS-12,H,XXXX,8,10,F,1,201409,1,085703,08.8
DLLS,11,E,13,13,F,0110,1,GS-13,J,XXXX,8,10,F,1,201409,1,104911,15.8
DLLS,11,G,17,15,F,0110,1,GS-15,M,XXXX,2,10,F,1,201409,1,137494,19.6
DLLS,25,H,13,12,H,0110,1,GS-12,I,XXXX,8,10,F,1,201409,1,098764,28.8
DLLS,11,J,13,14,I,0110,1,GS-14,M,XXXX,2,10,F,1,201409,1,134595,34.5
DLLS,48,C,04,07,A,0110,1,GS-07,D,XXXX,8,15,F,1,201409,1,044172,00.5
DLLS,06,E,13,09,A,0110,1,GS-09,E,XXXX,8,15,F,1,201409,1,056735,00.6
DLLS,48,G,13,12,F,0110,1,GS-12,I,XXXX,8,10,F,1,201409,1,090599,18.2
DLLS,06,J,13,09,A,0110,1,GS-09,F,XXXX,8,15,F,1,201409,1,069391,00.6
DLLS,11,C,17,09,A,0110,1,GS-09,E,XXXX,8,35,F,1,201409,1,052146,00.0
DLLS,42,G,13,06,C,0119,3,GS-06,C,XXXX,8,10,P,2,201409,1,038866,03.7
DLLS,11,E,17,11,B,0110,1,GS-11,F,XXXX,8,15,F,1,201409,1,063091,01.6
DLLS,25,F,13,12,F,0110,1,GS-12,I,XXXX,8,10,F,1,201409,1,098764,16.6
DLLS,11,F,13,12,F,0110,1,GS-12,I,XXXX,8,10,F,1,201409,1,090744,18.6
DLLS,48,I,21,05,A,0119,3,GS-05,D,XXXX,8,15,P,2,201409,1,046363,00.2
DLLS,11,F,09,13,F,0110,1,GS-13,J,XXXX,8,10,F,1,201409,1,107909,15.0
DLLS,06,K,13,12,J,0110,1,GS-12,J,XXXX,8,10,F,1,201409,1,106955,37.6
DLLS,11,F,13,13,F,0110,1,GS-13,J,XXXX,8,10,F,1,201409,1,101914,19.3
DLLS,18,H,17,07,E,0119,3,GS-07,D,XXXX,8,10,P,2,201409,1,049626,13.3
DLLS,13,I,13,14,I,0110,1,GS-14,L,XXXX,2,10,F,1,201409,1,125852,34.3
DLLS,11,F,17,14,F,0110,1,GS-14,L,XXXX,2,10,F,1,201409,1,120429,15.5
DLLS,11,D,13,13,E,0110,1,GS-13,I,XXXX,8,10,F,1,201409,1,098916,10.0
DLLS,12,K,07,12,G,0110,1,GS-12,H,XXXX,8,10,F,1,201409,1,081079,24.4
DLLS,25,K,17,06,C,0119,3,GS-06,D,XXXX,8,10,P,2,201409,1,041110,04.7
DLLS,06,F,13,12,D,0110,1,GS-12,H,XXXX,8,10,F,1,201409,1,087760,05.3
DLLS,11,C,13,12,C,0110,1,GS-12,G,XXXX,8,10,F,1,201409,1,078142,04.8
DLLS,11,C,13,12,D,0110,1,GS-12,H,XXXX,8,10,F,1,201409,1,080662,05.2
DLLS,36,K,13,13,G,0110,1,GS-13,K,XXXX,8,10,F,1,201409,1,114924,24.0
DLLS,25,C,17,09,A,0110,1,GS-09,E,XXXX,8,15,F,1,201409,1,052390,00.5
DLLS,11,D,04,12,D,0110,1,GS-12,H,XXXX,8,10,F,1,201409,1,083183,08.1
DLLS,11,C,04,09,A,0110,1,GS-09,E,XXXX,8,35,F,1,201409,1,052146,00.2
DLLS,48,H,17,13,H,0110,1,GS-13,K,XXXX,2,10,F,1,201409,1,110648,26.3
DLLS,25,G,17,12,E,0110,1,GS-12,I,XXXX,8,10,F,1,201409,1,091168,13.1
DLLS,48,K,13,12,F,0110,1,GS-12,I,XXXX,8,10,F,1,201409,1,090599,16.6
DLLS,11,E,13,13,E,0110,1,GS-13,J,XXXX,2,10,F,1,201409,1,107909,14.2
DLLS,11,E,13,09,B,0110,1,GS-09,E,XXXX,8,15,F,1,201409,1,052146,01.6
DLLS,18,G,13,13,G,0110,1,GS-13,I,XXXX,8,10,F,1,201409,1,096854,23.3
DLLS,25,J,10,06,C,0119,3,GS-06,C,XXXX,8,10,P,2,201409,1,038542,03.0
DLLS,11,J,13,15,H,0110,1,GS-15,O,XXXX,2,10,F,1,201409,1,154160,27.2
DLLS,11,C,17,11,B,0110,1,GS-11,F,XXXX,8,15,F,1,201409,1,063091,01.4
DLLS,48,K,13,13,I,0110,1,GS-13,J,XXXX,2,10,F,1,201409,1,107737,31.8
DLLS,53,J,17,07,E,0119,3,GS-07,D,XXXX,8,10,P,2,201409,1,045709,12.8
DLLS,42,E,04,13,E,0110,1,GS-13,I,XXXX,2,10,F,1,201409,1,096981,14.1
DLLS,17,H,17,13,H,0110,1,GS-13,J,XXXX,2,10,F,1,201409,1,108673,27.5
DLLS,12,K,13,07,D,0119,3,GS-07,D,XXXX,8,10,P,2,201409,1,041791,09.3
DLLS,47,K,04,07,G,0119,3,GS-07,E,XXXX,8,10,P,2,201409,1,050932,24.4
DLLS,11,H,13,12,H,0110,1,GS-12,I,XXXX,8,10,F,1,201409,1,098305,28.2
DLLS,11,H,17,12,E,0110,1,GS-12,I,XXXX,8,10,F,1,201409,1,098305,14.0
DLLS,11,I,17,13,I,0110,1,GS-13,K,XXXX,8,10,F,1,201409,1,110906,31.8
DLLS,12,J,13,13,G,0110,1,GS-13,I,XXXX,8,10,F,1,201409,1,090906,24.4
DLLS,11,C,13,12,C,0110,1,GS-12,G,XXXX,8,10,F,1,201409,1,078142,04.8
DLLS,11,C,13,12,C,0110,1,GS-12,G,XXXX,8,10,F,1,201409,1,075621,03.1
DLLS,17,E,13,12,E,0110,1,GS-12,I,XXXX,8,10,F,1,201409,1,091387,13.2
DLLS,42,F,13,12,G,0110,1,GS-12,I,XXXX,8,10,F,1,201409,1,093911,20.6
DLLS,11,D,13,13,D,0110,1,GS-13,J,XXXX,8,10,F,1,201409,1,101914,09.6
DLLS,11,F,13,12,E,0110,1,GS-12,I,XXXX,8,10,F,1,201409,1,090744,12.7
DLLS,11,H,18,12,H,0110,1,GS-12,I,XXXX,8,10,F,1,201409,1,098305,29.8
DLLS,25,G,13,07,G,0119,3,GS-07,E,XXXX,8,10,P,2,201409,1,055680,23.9
DLLS,13,G,13,12,G,0110,1,GS-12,H,XXXX,8,10,F,1,201409,1,087143,20.9
DLLS,11,E,17,14,F,0110,1,GS-14,K,XXXX,2,10,F,1,201409,1,116887,16.3
DLLS,41,F,13,07,D,0119,3,GS-07,D,XXXX,8,10,P,2,201409,1,044057,05.7
DLLS,11,D,17,11,B,0110,1,GS-11,F,XXXX,8,15,F,1,201409,1,063091,02.2
DLLS,11,D,13,13,E,0110,1,GS-13,J,XXXX,8,10,F,1,201409,1,101914,12.0
DLLS,42,E,17,12,E,0110,1,GS-12,H,XXXX,8,10,F,1,201409,1,086498,10.3
DLLS,12,E,13,12,F,0110,1,GS-12,H,XXXX,8,10,F,1,201409,1,085711,15.6
DLLS,11,I,13,14,H,0110,1,GS-14,M,XXXX,2,10,F,1,201409,1,134595,28.1
DLLS,42,H,13,06,C,0119,3,GS-06,C,XXXX,8,10,P,2,201409,1,038780,04.9
DLLS,05,G,17,07,C,0119,3,GS-07,D,XXXX,8,10,P,2,201409,1,040485,04.7
DLLS,48,F,13,05,E,0119,3,GS-05,D,XXXX,8,10,P,2,201409,1,043467,12.6
DLLS,42,E,13,09,B,0110,1,GS-09,E,XXXX,8,15,F,1,201409,1,050479,02.0
DLLS,53,C,04,05,A,0119,3,GS-05,C,XXXX,8,15,P,2,201409,1,033747,00.1
DLLS,11,C,13,12,C,0110,1,GS-12,G,XXXX,8,10,F,1,201409,1,075621,03.8
DLLS,41,J,17,12,F,0110,1,GS-12,I,XXXX,8,10,F,1,201409,1,090359,18.1
DLLS,47,C,17,12,C,0110,1,GS-12,F,XXXX,8,10,F,1,201409,1,069497,03.2
DLLS,11,D,13,13,E,0110,1,GS-13,I,XXXX,8,10,F,1,201409,1,095919,13.2
DLLS,11,D,17,09,A,0110,1,GS-09,E,XXXX,8,35,F,1,201409,1,052146,00.1
DLLS,36,G,13,12,H,0110,1,GS-12,J,XXXX,8,10,F,1,201409,1,101866,25.1
DLLS,11,C,13,12,B,0110,1,GS-12,G,XXXX,8,15,F,1,201409,1,075621,02.0
DLLS,11,C,13,12,D,0110,1,GS-12,H,XXXX,8,10,F,1,201409,1,080662,05.2
DLLS,11,I,13,13,G,0110,1,GS-13,J,XXXX,8,10,F,1,201409,1,104911,20.7
DLLS,12,G,13,12,G,0110,1,GS-12,I,XXXX,8,10,F,1,201409,1,093140,23.3
DLLS,18,C,13,07,B,0110,1,GS-07,C,XXXX,8,15,F,1,201409,1,039357,01.6
DLLS,11,E,17,13,E,0110,1,GS-13,J,XXXX,8,10,F,1,201409,1,104911,13.7
DLLS,06,D,13,05,A,0119,3,GS-05,C,XXXX,8,15,P,2,201409,1,035230,00.7
DLLS,11,E,13,13,E,0110,1,GS-13,J,XXXX,2,10,F,1,201409,1,101914,14.3
DLLS,11,D,13,12,D,0110,1,GS-12,H,XXXX,8,10,F,1,201409,1,085703,09.7
DLLS,11,F,13,09,B,0110,1,GS-09,E,XXXX,8,15,F,1,201409,1,052146,01.7
DLLS,11,K,14,,J,0110,1,ES-**,Q,XXXX,2,50,F,1,201409,1,179655,42.4
DLLS,11,D,13,13,E,0110,1,GS-13,I,XXXX,8,10,P,2,201409,1,098916,12.2
DLLS,11,D,13,13,D,0110,1,GS-13,J,XXXX,8,10,F,1,201409,1,101914,09.5
DLLS,11,F,13,13,F,0110,1,GS-13,J,XXXX,8,10,F,1,201409,1,107909,17.3
DLLS,06,H,13,05,B,0119,3,GS-05,C,XXXX,8,15,P,2,201409,1,038692,01.2
DLLS,42,H,13,07,D,0119,3,GS-07,D,XXXX,8,10,P,2,201409,1,043931,06.7
DLLS,42,I,13,12,H,0110,1,GS-12,I,XXXX,8,10,F,1,201409,1,091440,27.9
DLLS,34,H,17,13,H,0110,1,GS-13,J,XXXX,8,10,F,1,201409,1,108712,27.7
DLLS,11,J,13,07,D,0119,3,GS-07,D,XXXX,8,10,P,2,201409,1,048315,09.2
DLLS,11,H,17,13,H,0110,1,GS-13,K,XXXX,8,10,F,1,201409,1,113904,28.5
DLLS,11,J,04,07,J,0119,3,GS-07,E,XXXX,8,10,F,1,201409,1,055421,36.8
DLLS,11,D,17,13,D,0110,1,GS-13,I,XXXX,8,10,F,1,201409,1,095919,05.8
DLLS,36,G,13,13,H,0110,1,GS-13,J,XXXX,2,10,F,1,201409,1,108712,27.2
DLLS,48,H,13,12,G,0110,1,GS-12,I,XXXX,8,10,F,1,201409,1,093047,24.1
DLLS,09,G,13,07,D,0119,3,GS-07,D,XXXX,8,10,P,2,201409,1,047498,07.7
DLLS,27,H,04,07,C,0119,3,GS-07,D,XXXX,8,10,P,2,201409,1,042896,04.7
DLLS,34,F,13,05,C,0119,3,GS-05,C,XXXX,8,10,P,2,201409,1,036851,03.5
DLLS,42,B,13,09,B,0110,1,GS-09,E,XXXX,8,15,F,1,201409,1,051126,01.7
DLLS,17,F,13,09,B,0110,1,GS-09,E,XXXX,8,15,F,1,201409,1,052516,01.7
DLLS,39,J,13,07,E,0119,3,GS-07,D,XXXX,8,10,P,2,201409,1,048876,13.8
DLLS,11,C,13,11,B,0110,1,GS-11,F,XXXX,8,15,F,1,201409,1,063091,02.9
DLLS,11,G,14,12,H,0110,1,GS-12,I,XXXX,8,10,F,1,201409,1,095785,25.2
DLLS,11,I,13,13,I,0110,1,GS-13,K,XXXX,2,10,F,1,201409,1,110906,31.6
DLLS,36,I,13,07,E,0119,3,GS-07,E,XXXX,8,10,P,2,201409,1,051538,10.3
DLLS,09,I,21,07,E,0119,3,GS-07,E,XXXX,8,10,P,2,201409,1,054483,12.3
DLLS,48,K,17,12,H,0110,1,GS-12,I,XXXX,8,10,F,1,201409,1,099247,25.2
DLLS,11,J,21,,B,0110,1,EX-04,O,XXXX,2,46,F,2,201409,1,155500,01.6
DLLS,42,G,13,12,G,0110,1,GS-12,I,XXXX,8,10,F,1,201409,1,093911,23.4
DLLS,11,D,13,13,E,0110,1,GS-13,J,XXXX,8,10,F,1,201409,1,101914,10.6
DLLS,42,E,14,13,F,0110,1,GS-13,J,XXXX,2,10,F,1,201409,1,102859,16.2
DLLS,26,G,04,07,F,0119,3,GS-07,D,XXXX,8,15,P,2,201409,1,048265,16.3
DLLS,13,E,17,13,E,0110,1,GS-13,I,XXXX,8,10,F,1,201409,1,094991,13.0
DLLS,11,D,17,12,D,0110,1,GS-12,H,XXXX,8,10,F,1,201409,1,085703,08.9
DLLS,27,J,21,07,E,0119,3,GS-07,D,XXXX,8,10,P,2,201409,1,048431,10.0
DLLS,11,G,17,14,G,0110,1,GS-14,M,XXXX,2,10,F,1,201409,1,131053,21.2
DLLS,11,D,13,06,D,0119,3,GS-06,D,XXXX,8,10,P,2,201409,1,042198,06.6
DLLS,29,I,17,13,H,0110,1,GS-13,J,XXXX,2,10,F,1,201409,1,107434,28.9
DLLS,11,D,17,12,C,0110,1,GS-12,G,XXXX,8,10,F,1,201409,1,075621,03.0
DLLS,34,J,14,12,J,0110,1,GS-12,J,XXXX,2,10,F,1,201409,1,101866,39.2
DLLS,55,I,04,06,D,0119,3,GS-06,C,XXXX,8,10,P,2,201409,1,039955,08.1
DLLS,11,C,13,12,D,0110,1,GS-12,H,XXXX,8,10,F,1,201409,1,080662,05.2
DLLS,55,H,13,12,I,0110,1,GS-12,I,XXXX,8,10,F,1,201409,1,093462,30.9
DLLS,48,G,04,05,H,0119,3,GS-05,D,XXXX,8,10,P,2,201409,1,041122,26.3
DLLS,11,E,13,12,E,0110,1,GS-12,I,XXXX,8,10,F,1,201409,1,090744,14.8
DLLS,11,F,21,14,F,0110,1,GS-14,M,XXXX,8,10,P,2,201409,1,131053,16.1
DLLS,48,E,04,05,A,0119,3,GS-05,C,XXXX,8,15,P,2,201409,1,035659,00.2
DLLS,11,F,13,13,F,0110,1,GS-13,J,XXXX,8,10,F,1,201409,1,107909,19.4
DLLS,12,K,04,07,E,0119,3,GS-07,D,XXXX,8,10,P,2,201409,1,049745,12.8
DLLS,11,C,17,12,D,0110,1,GS-12,H,XXXX,8,10,F,1,201409,1,083183,05.3
DLLS,11,E,17,13,E,0110,1,GS-13,J,XXXX,8,10,F,1,201409,1,104911,12.8
DLLS,11,D,13,09,A,0110,1,GS-09,E,XXXX,8,35,F,1,201409,1,052146,00.0
DLLS,24,F,13,06,D,0119,3,GS-06,C,XXXX,8,10,P,2,201409,1,038363,06.8
DLLS,11,G,21,14,G,0110,1,GS-14,M,XXXX,2,10,F,1,201409,1,138136,22.4
DLLS,17,H,13,13,H,0110,1,GS-13,K,XXXX,2,10,F,1,201409,1,111692,28.1
DLLS,25,G,13,12,H,0110,1,GS-12,I,XXXX,8,10,F,1,201409,1,098764,26.7
DLLS,11,C,13,12,D,0110,1,GS-12,H,XXXX,8,10,F,1,201409,1,080662,05.1
DLLS,17,J,13,14,J,0110,1,GS-14,M,XXXX,2,10,F,1,201409,1,131982,39.2
DLLS,55,I,21,12,E,0110,1,GS-12,H,XXXX,8,10,F,1,201409,1,086273,14.0
DLLS,11,H,04,14,I,0110,1,GS-14,M,XXXX,8,10,F,1,201409,1,131053,34.6
DLLS,11,J,17,12,D,0110,1,GS-12,H,XXXX,8,10,F,1,201409,1,085703,07.7
DLLS,25,E,13,12,F,0110,1,GS-12,H,XXXX,8,10,F,1,201409,1,088635,16.2
DLLS,11,B,13,09,A,0110,1,GS-09,E,XXXX,8,15,F,1,201409,1,052146,00.4
DLLS,11,C,13,12,C,0110,1,GS-12,G,XXXX,8,10,F,1,201409,1,078142,04.7
DLLS,11,F,13,13,E,0110,1,GS-13,J,XXXX,8,10,F,1,201409,1,104911,14.3
DLLS,34,H,13,05,A,0119,3,GS-05,C,XXXX,8,15,P,2,201409,1,035662,00.7
DLLS,48,J,13,06,C,0119,3,GS-06,C,XXXX,8,10,P,2,201409,1,038508,04.3
DLLS,11,F,17,12,D,0110,1,GS-12,H,XXXX,8,10,F,1,201409,1,085703,07.7
DLLS,11,C,17,09,A,0110,1,GS-09,E,XXXX,8,15,F,1,201409,1,052146,00.4
DLLS,51,D,04,07,D,0119,3,GS-07,D,XXXX,8,10,P,2,201409,1,045301,08.7
DLLS,11,C,13,12,D,0110,1,GS-12,H,XXXX,8,10,F,1,201409,1,080662,05.2
DLLS,11,J,04,06,H,0119,3,GS-06,D,XXXX,8,10,F,1,201409,1,049867,29.4
DLLS,11,C,13,12,C,0110,1,GS-12,G,XXXX,8,10,F,1,201409,1,075621,04.0
DLLS,11,D,11,13,E,0110,1,GS-13,J,XXXX,2,10,F,1,201409,1,104911,13.3
DLLS,11,H,21,13,F,0110,1,GS-13,K,XXXX,8,10,F,1,201409,1,113904,17.2
DLLS,11,G,13,15,G,0110,1,GS-15,N,XXXX,2,10,F,1,201409,1,141660,21.5
DLLS,15,G,10,05,A,0119,3,GS-05,C,XXXX,8,15,P,2,201409,1,032279,00.3
DLLS,11,D,13,12,D,0110,1,GS-12,H,XXXX,8,10,F,1,201409,1,083183,07.3
DLLS,37,G,13,12,G,0110,1,GS-12,I,XXXX,8,10,F,1,201409,1,090344,23.3
DLLS,11,G,04,07,H,0119,3,GS-07,E,XXXX,8,10,F,1,201409,1,055421,29.0
DLLS,11,K,07,09,J,0119,3,GS-09,F,XXXX,2,10,F,1,201409,1,066049,47.2
DLLS,42,I,13,14,J,0110,1,GS-14,M,XXXX,2,10,F,1,201409,1,131962,35.9
DLLS,24,G,10,06,C,0119,3,GS-06,D,XXXX,8,10,P,2,201409,1,047310,04.3
DLLS,13,D,13,12,D,0110,1,GS-12,G,XXXX,8,38,F,1,201409,1,079881,07.9
DLLS,11,C,17,11,B,0110,1,GS-11,F,XXXX,8,15,F,1,201409,1,063091,01.4
DLLS,13,I,13,05,B,0119,3,GS-05,C,XXXX,8,15,P,2,201409,1,034152,01.8
DLLS,11,D,13,13,D,0110,1,GS-13,I,XXXX,8,10,F,1,201409,1,098916,09.5
DLLS,06,J,13,06,B,0119,3,GS-06,C,XXXX,8,15,P,2,201409,1,039271,01.5
DLLS,01,G,10,05,A,0119,3,GS-05,C,XXXX,8,15,P,2,201409,1,031628,00.3
DLLS,13,H,13,12,H,0110,1,GS-12,I,XXXX,8,10,F,1,201409,1,094404,28.3
DLLS,11,G,13,14,H,0110,1,GS-14,M,XXXX,8,10,P,2,201409,1,134595,26.9
DLLS,17,C,17,09,B,0110,1,GS-09,E,XXXX,8,15,F,1,201409,1,052516,01.7
DLLS,36,G,10,06,C,0119,3,GS-06,D,XXXX,8,10,P,2,201409,1,041077,03.2
DLLS,11,F,13,14,G,0110,1,GS-14,L,XXXX,2,10,F,1,201409,1,127512,22.0
DLLS,11,H,13,14,I,0110,1,GS-14,M,XXXX,2,10,F,1,201409,1,131053,31.8
DLLS,46,D,13,06,B,0119,3,GS-06,C,XXXX,8,15,P,2,201409,1,035256,02.4
DLLS,17,D,13,12,E,0110,1,GS-12,H,XXXX,8,10,F,1,201409,1,088849,12.1
DLLS,48,D,13,13,D,0110,1,GS-13,I,XXXX,2,10,F,1,201409,1,096090,09.6
DLLS,11,C,13,12,C,0110,1,GS-12,H,XXXX,8,10,F,1,201409,1,080662,04.2
DLLS,31,I,13,07,D,0119,3,GS-07,D,XXXX,8,10,P,2,201409,1,045709,09.6
DLLS,06,J,07,07,C,0119,3,GS-07,D,XXXX,8,10,P,2,201409,1,043640,04.3
DLLS,11,C,13,12,C,0110,1,GS-12,G,XXXX,8,10,F,1,201409,1,078142,04.0
DLLS,11,J,05,12,J,0110,1,GS-12,I,XXXX,8,10,F,1,201409,1,093264,41.1
DLLS,36,I,09,06,C,0119,3,GS-06,D,XXXX,8,10,P,2,201409,1,041077,03.3
DLLS,11,C,17,12,B,0110,1,GS-12,G,XXXX,8,15,F,1,201409,1,075621,02.1
DLLS,11,D,04,14,D,0110,1,GS-14,K,XXXX,2,10,F,1,201409,1,113346,08.3
DLLS,06,I,17,07,C,0119,3,GS-07,D,XXXX,8,10,P,2,201409,1,046382,03.7
DLLS,37,D,13,07,A,0110,1,GS-07,C,XXXX,8,15,F,1,201409,1,039179,00.8
DLLS,48,H,17,12,F,0110,1,GS-12,G,XXXX,8,10,F,1,201409,1,075909,15.3
DLLS,13,D,17,12,D,0110,1,GS-12,G,XXXX,8,10,F,1,201409,1,079881,06.8
DLLS,11,C,13,07,A,0110,1,GS-07,D,XXXX,8,35,F,1,201409,1,042631,00.0
DLLS,36,C,13,13,D,0110,1,GS-13,I,XXXX,2,10,F,1,201409,1,096288,05.9
DLLS,11,E,13,12,E,0110,1,GS-12,I,XXXX,8,10,F,1,201409,1,090744,12.8
DLLS,09,I,04,05,B,0119,3,GS-05,C,XXXX,8,15,P,2,201409,1,036021,01.1
DLLS,13,I,13,13,I,0110,1,GS-13,K,XXXX,2,10,F,1,201409,1,112261,34.7
DLLS,11,C,13,13,D,0110,1,GS-13,H,XXXX,8,10,F,1,201409,1,089924,05.1
DLLS,53,I,17,07,D,0119,3,GS-07,E,XXXX,8,10,P,2,201409,1,050165,07.9
DLLS,51,E,13,12,F,0110,1,GS-12,H,XXXX,8,10,F,1,201409,1,087446,17.3
DLLS,36,I,14,12,F,0110,1,GS-12,I,XXXX,8,10,F,1,201409,1,099255,19.6
DLLS,50,K,13,07,F,0119,3,GS-07,D,XXXX,8,10,P,2,201409,1,048321,17.4
DLLS,11,H,13,12,H,0110,1,GS-12,I,XXXX,8,10,F,1,201409,1,098305,27.3
DLLS,11,C,13,12,D,0110,1,GS-12,H,XXXX,8,10,F,1,201409,1,080662,05.6
DLLS,22,J,13,06,D,0119,3,GS-06,C,XXXX,8,10,P,2,201409,1,037605,06.0
DLLS,25,D,08,12,D,0110,1,GS-12,H,XXXX,8,10,F,1,201409,1,083571,08.3
DLLS,27,I,15,12,H,0110,1,GS-12,I,XXXX,8,10,F,1,201409,1,093271,28.9
DLLS,09,I,17,07,C,0119,3,GS-07,D,XXXX,8,10,P,2,201409,1,045648,03.5
DLLS,06,F,17,12,D,0110,1,GS-12,H,XXXX,8,10,F,1,201409,1,085151,08.8
DLLS,11,G,13,14,H,0110,1,GS-14,L,XXXX,2,10,F,1,201409,1,127512,25.3
DLLS,11,G,13,14,G,0110,1,GS-14,L,XXXX,8,10,F,1,201409,1,120429,24.1
DLLS,08,G,13,06,E,0119,3,GS-06,D,XXXX,8,10,P,2,201409,1,049184,14.8
DLLS,11,D,13,12,E,0110,1,GS-12,H,XXXX,8,10,F,1,201409,1,088224,11.0
DLLS,46,G,13,07,D,0119,3,GS-07,D,XXXX,8,10,P,2,201409,1,040485,05.2
DLLS,11,K,17,15,J,0110,1,GS-15,O,XXXX,2,10,F,1,201409,1,157100,43.0
DLLS,12,J,04,05,C,0119,3,GS-05,C,XXXX,8,15,P,2,201409,1,031628,04.3
DLLS,11,C,17,12,C,0110,1,GS-12,G,XXXX,8,10,F,1,201409,1,075621,03.5
DLLS,36,J,04,06,D,0119,3,GS-06,D,XXXX,8,10,P,2,201409,1,043726,07.0
DLLS,24,F,17,05,B,0119,3,GS-05,C,XXXX,8,15,P,2,201409,1,035563,01.2
DLLS,17,K,13,07,D,0119,3,GS-07,D,XXXX,8,10,P,2,201409,1,044403,08.2
DLLS,11,D,13,07,A,0110,1,GS-07,D,XXXX,8,35,F,1,201409,1,042631,00.1
DLLS,11,J,13,12,J,0110,1,GS-12,I,XXXX,8,10,F,1,201409,1,095785,38.3
DLLS,29,H,13,07,D,0119,3,GS-07,D,XXXX,8,10,P,2,201409,1,043097,06.7
DLLS,39,J,17,07,C,0119,3,GS-07,C,XXXX,8,10,P,2,201409,1,039892,04.5
DLLS,11,D,13,13,E,0110,1,GS-13,I,XXXX,8,10,F,1,201409,1,095919,11.6
DLLS,11,H,17,14,I,0110,1,GM-14,M,XXXX,2,10,F,1,201409,1,138136,31.2
DLLS,11,D,11,12,D,0110,1,GS-12,H,XXXX,8,10,F,1,201409,1,085703,08.3
DLLS,11,G,13,13,G,0110,1,GS-13,J,XXXX,8,10,F,1,201409,1,107909,24.2
DLLS,39,K,13,07,E,0119,3,GS-07,D,XXXX,8,10,P,2,201409,1,046910,12.3
DLLS,11,D,13,12,D,0110,1,GS-12,H,XXXX,8,10,F,1,201409,1,085703,08.0
DLLS,17,K,17,07,H,0119,3,GS-07,E,XXXX,8,10,P,2,201409,1,055813,29.0
DLLS,13,I,13,12,I,0110,1,GS-12,I,XXXX,8,10,F,1,201409,1,094404,34.5
DLLS,11,H,13,13,J,0110,1,GS-13,K,XXXX,8,10,F,1,201409,1,116901,35.0
DLLS,11,D,13,13,E,0110,1,GS-13,J,XXXX,8,10,F,1,201409,1,101914,10.3
DLLS,25,E,13,13,F,0110,1,GS-13,J,XXXX,8,10,F,1,201409,1,108413,15.3
DLLS,48,F,17,14,G,0110,1,GS-14,L,XXXX,2,10,F,1,201409,1,120427,21.9
DLLS,11,J,13,12,J,0110,1,GS-12,I,XXXX,8,10,F,1,201409,1,098305,37.9
DLLS,11,C,13,12,C,0110,1,GS-12,G,XXXX,8,10,F,1,201409,1,075621,04.3
DLLS,42,I,13,07,D,0119,3,GS-07,C,XXXX,8,10,P,2,201409,1,039937,05.2
DLLS,49,K,07,07,H,0119,3,GS-07,E,XXXX,8,10,P,2,201409,1,050932,26.7
DLLS,17,D,17,07,A,0110,1,GS-07,D,XXXX,8,15,F,1,201409,1,042933,00.5
DLLS,17,D,13,12,E,0110,1,GS-12,I,XXXX,8,10,F,1,201409,1,093925,12.1
DLLS,12,I,13,07,C,0119,3,GS-07,D,XXXX,8,10,P,2,201409,1,040485,04.9
DLLS,36,K,13,07,E,0119,3,GS-07,E,XXXX,8,10,P,2,201409,1,055956,13.2
DLLS,25,J,13,07,F,0119,3,GS-07,E,XXXX,8,10,P,2,201409,1,051396,15.5
DLLS,36,E,13,06,D,0119,3,GS-06,D,XXXX,8,10,P,2,201409,1,045051,08.3
DLLS,11,H,17,13,H,0110,1,GS-13,K,XXXX,8,10,F,1,201409,1,113904,28.0
DLLS,55,J,09,07,E,0119,3,GS-07,D,XXXX,8,10,P,2,201409,1,045709,13.0
DLLS,11,F,13,13,F,0110,1,GS-13,J,XXXX,8,10,F,1,201409,1,107909,16.2
DLLS,41,H,13,07,D,0119,3,GS-07,D,XXXX,8,10,P,2,201409,1,044403,09.0
DLLS,06,K,13,05,A,0119,3,GS-05,C,XXXX,8,15,P,2,201409,1,035230,00.0
DLLS,11,D,17,09,A,0110,1,GS-09,E,XXXX,8,35,F,1,201409,1,052146,00.0
DLLS,11,D,13,13,D,0110,1,GS-13,I,XXXX,8,10,F,1,201409,1,092922,09.0
DLLS,11,D,13,12,D,0110,1,GS-12,H,XXXX,8,10,F,1,201409,1,085703,09.2
DLLS,11,D,17,11,B,0110,1,GS-11,F,XXXX,8,15,F,1,201409,1,063091,02.9
DLLS,11,C,13,12,C,0110,1,GS-12,G,XXXX,8,10,F,1,201409,1,078142,04.6
DLLS,11,H,17,13,E,0110,1,GS-13,J,XXXX,8,10,F,1,201409,1,107909,13.9
DLLS,11,D,13,13,D,0110,1,GS-13,I,XXXX,8,10,F,1,201409,1,095919,08.3
DLLS,34,I,13,12,I,0110,1,GS-12,J,XXXX,8,10,F,1,201409,1,101866,30.4
DLLS,25,J,17,14,H,0110,1,GS-14,L,XXXX,2,10,F,1,201409,1,128107,28.9
DLLS,25,I,17,15,J,0110,1,GS-15,N,XXXX,2,10,F,1,201409,1,146508,36.0
DLLS,11,C,17,12,C,0110,1,GS-12,G,XXXX,8,10,F,1,201409,1,075621,03.1
DLLS,29,F,13,13,G,0110,1,GS-13,I,XXXX,4,10,F,1,201409,1,099170,22.3
DLLS,11,E,13,12,F,0110,1,GS-12,I,XXXX,8,10,F,1,201409,1,090744,15.1
DLLS,42,K,04,07,D,0119,3,GS-07,D,XXXX,8,10,P,2,201409,1,043097,09.8
DLLS,11,K,13,13,I,0110,1,GS-13,K,XXXX,8,10,F,1,201409,1,116901,34.9
DLLS,11,F,13,13,D,0110,1,GS-13,I,XXXX,8,10,F,1,201409,1,098916,09.2
DLLS,11,C,17,07,A,0110,1,GS-07,D,XXXX,8,35,F,1,201409,1,042631,00.0
DLLS,11,K,21,12,G,0110,1,GS-12,H,XXXX,8,10,F,1,201409,1,088224,20.7
DLLS,11,F,17,12,D,0110,1,GS-12,G,XXXX,8,10,F,1,201409,1,075621,05.9
DLLS,11,C,13,12,C,0110,1,GS-12,G,XXXX,8,10,F,1,201409,1,075621,03.0
DLLS,11,F,21,14,E,0110,1,GS-14,K,XXXX,8,10,F,1,201409,1,116887,13.7
DLLS,11,I,18,14,I,0110,1,GS-14,M,XXXX,8,10,F,1,201409,1,138136,31.5
DLLS,17,E,13,12,E,0110,1,GS-12,I,XXXX,8,10,F,1,201409,1,091387,14.0
DLLS,11,H,21,14,G,0110,1,GS-14,M,XXXX,8,10,F,1,201409,1,138136,22.0
DLLS,48,F,13,13,G,0110,1,GS-13,J,XXXX,2,10,F,1,201409,1,104825,22.3
DLLS,34,I,17,05,A,0119,3,GS-05,C,XXXX,8,15,P,2,201409,1,035662,00.1
DLLS,11,G,17,13,G,0110,1,GS-13,J,XXXX,8,10,F,1,201409,1,104911,21.2
DLLS,17,E,13,13,F,0110,1,GS-13,J,XXXX,2,10,F,1,201409,1,105654,17.1
DLLS,36,E,13,05,A,0119,3,GS-05,C,XXXX,8,15,P,2,201409,1,035662,00.2
DLLS,29,I,10,07,D,0119,3,GS-07,D,XXXX,8,10,P,2,201409,1,041791,05.9
DLLS,04,I,13,07,D,0119,3,GS-07,D,XXXX,8,10,P,2,201409,1,044078,08.3
DLLS,34,J,10,07,E,0119,3,GS-07,E,XXXX,8,10,P,2,201409,1,050066,12.3
DLLS,11,G,21,13,E,0110,1,GS-13,K,XXXX,8,10,F,1,201409,1,113904,12.8
DLLS,11,I,17,,I,0110,1,ES-**,R,XXXX,2,50,F,1,201409,1,181452,33.6
DLLS,11,G,17,14,F,0110,1,GS-14,K,XXXX,2,10,F,1,201409,1,116887,18.6
DLLS,51,H,13,12,G,0110,1,GS-12,H,XXXX,8,10,F,1,201409,1,089809,21.8
DLLS,25,J,17,12,I,0110,1,GS-12,I,XXXX,8,10,F,1,201409,1,098764,30.3
DLLS,48,I,17,12,D,0110,1,GS-12,H,XXXX,8,10,F,1,201409,1,086189,06.8
DLLS,06,H,13,13,G,0110,1,GS-13,L,XXXX,2,10,F,1,201409,1,120665,22.4
DLLS,17,E,17,12,E,0110,1,GS-12,I,XXXX,8,10,F,1,201409,1,091387,13.8
DLLS,11,D,13,12,D,0110,1,GS-12,H,XXXX,8,10,F,1,201409,1,083183,08.0
DLLS,51,D,09,06,B,0119,3,GS-06,C,XXXX,8,15,P,2,201409,1,035969,02.6
DLLS,11,J,17,,J,0110,1,ES-**,R,XXXX,2,50,F,1,201409,1,181452,36.0
DLLS,01,K,17,07,E,0119,3,GS-07,D,XXXX,8,10,P,2,201409,1,040485,10.3
DLLS,06,F,13,13,F,0110,1,GS-13,J,XXXX,8,10,F,1,201409,1,107620,17.1
DLLS,11,K,21,14,E,0110,1,GS-14,L,XXXX,8,10,F,1,201409,1,127512,14.2
DLLS,13,E,13,12,E,0110,1,GS-12,H,XXXX,8,10,F,1,201409,1,087143,13.7
DLLS,37,I,13,12,I,0110,1,GS-12,I,XXXX,8,10,F,1,201409,1,093098,34.7
DLLS,11,D,13,12,E,0110,1,GS-12,H,XXXX,8,10,F,1,201409,1,088224,10.8
DLLS,11,J,14,14,J,0110,1,GS-14,M,XXXX,2,10,F,1,201409,1,134595,38.0
DLLS,48,E,13,12,F,0110,1,GS-12,H,XXXX,8,10,F,1,201409,1,088151,16.6
DLLS,26,K,13,07,I,0119,3,GS-07,E,XXXX,8,10,P,2,201409,1,053943,32.7
DLLS,13,H,13,12,H,0110,1,GS-12,I,XXXX,8,10,F,1,201409,1,091983,29.3
DLLS,11,G,21,14,F,0110,1,GS-14,M,XXXX,8,10,F,1,201409,1,138136,15.3
DLLS,06,G,13,13,F,0110,1,GS-13,L,XXXX,2,10,F,1,201409,1,120665,17.8
DLLS,11,H,15,14,G,0110,1,GS-14,L,XXXX,2,10,F,1,201409,1,127512,24.0
DLLS,48,H,13,12,G,0110,1,GS-12,I,XXXX,8,10,F,1,201409,1,095496,24.3
DLLS,48,H,13,12,E,0110,1,GS-12,H,XXXX,8,10,F,1,201409,1,080805,13.1
DLLS,55,E,13,12,E,0110,1,GS-12,H,XXXX,8,10,F,1,201409,1,083877,11.1
DLLS,41,D,13,05,A,0119,3,GS-05,C,XXXX,8,15,P,2,201409,1,033343,00.7
DLLS,11,D,17,11,D,0110,1,GS-11,F,XXXX,8,15,F,1,201409,1,063091,09.6
DLLS,06,G,13,12,F,0110,1,GS-12,J,XXXX,8,10,F,1,201409,1,101471,16.5
DLLS,48,G,13,07,F,0119,3,GS-07,D,XXXX,8,10,P,2,201409,1,047015,15.2
DLLS,09,F,13,07,C,0119,3,GS-07,D,XXXX,8,10,P,2,201409,1,045648,04.2
DLLS,21,J,13,12,J,0110,1,GS-12,H,XXXX,8,10,F,1,201409,1,088028,36.1
DLLS,06,F,13,12,E,0110,1,GS-12,I,XXXX,8,10,F,1,201409,1,092892,14.0
DLLS,13,G,14,13,G,0110,1,GS-13,J,XXXX,2,10,F,1,201409,1,103626,21.9
DLLS,11,G,13,12,E,0110,1,GS-12,H,XXXX,8,10,P,2,201409,1,085703,10.9
DLLS,11,E,17,13,E,0110,1,GS-13,J,XXXX,8,10,F,1,201409,1,101914,11.3
DLLS,11,F,17,14,F,0110,1,GS-14,L,XXXX,2,10,F,1,201409,1,127512,19.3
DLLS,13,D,04,07,A,0110,1,GS-07,D,XXXX,8,15,F,1,201409,1,040939,00.6
DLLS,11,C,17,09,A,0110,1,GS-09,E,XXXX,8,35,F,1,201409,1,052146,00.0
DLLS,06,E,17,13,E,0110,1,GS-13,K,XXXX,2,10,F,1,201409,1,114142,12.3
DLLS,06,E,13,06,B,0119,3,GS-06,C,XXXX,8,15,P,2,201409,1,039271,01.3
DLLS,11,D,13,12,D,0110,1,GS-12,H,XXXX,8,10,F,1,201409,1,080662,05.1
DLLS,13,F,13,12,D,0110,1,GS-12,G,XXXX,8,10,F,1,201409,1,079881,07.8
DLLS,11,H,13,13,I,0110,1,GS-13,K,XXXX,8,10,F,1,201409,1,110906,31.1
DLLS,22,K,13,06,C,0119,3,GS-06,C,XXXX,8,15,P,2,201409,1,037605,04.7
DLLS,11,F,13,13,E,0110,1,GS-13,J,XXXX,8,10,F,1,201409,1,107909,14.3
DLLS,11,D,17,12,C,0110,1,GS-12,G,XXXX,8,10,F,1,201409,1,078142,03.1
DLLS,11,H,13,12,F,0110,1,GS-12,I,XXXX,8,10,F,1,201409,1,093264,15.8
DLLS,11,E,01,12,D,0110,1,GS-12,H,XXXX,8,10,F,1,201409,1,085703,08.1
DLLS,39,E,17,12,C,0110,1,GS-12,G,XXXX,8,10,F,1,201409,1,074657,04.3
DLLS,42,D,13,13,E,0110,1,GS-13,J,XXXX,2,10,F,1,201409,1,102859,11.4
DLLS,06,K,12,07,F,0119,3,GS-07,E,XXXX,8,10,P,2,201409,1,055278,18.0
DLLS,48,G,04,05,A,0119,3,GS-05,C,XXXX,8,15,P,2,201409,1,031628,00.1
DLLS,37,C,04,12,D,0110,1,GS-12,G,XXXX,8,10,F,1,201409,1,074130,05.3
DLLS,17,H,04,05,H,0119,3,GS-05,D,XXXX,8,15,P,2,201409,1,041122,29.8
DLLS,17,D,13,07,E,0119,3,GS-07,E,XXXX,8,10,P,2,201409,1,055813,12.9
DLLS,24,G,04,12,H,0110,1,GS-12,I,XXXX,8,10,F,1,201409,1,090744,26.9
DLLS,11,C,13,12,D,0110,1,GS-12,H,XXXX,8,10,F,1,201409,1,085703,08.1
DLLS,11,G,17,12,G,0110,1,GS-12,I,XXXX,8,10,F,1,201409,1,093264,20.1
DLLS,11,E,04,14,E,0110,1,GS-14,L,XXXX,2,10,F,1,201409,1,120429,14.9
DLLS,11,D,17,13,D,0110,1,GS-13,I,XXXX,8,10,F,1,201409,1,098916,07.7
DLLS,06,C,13,09,A,0110,1,GS-09,E,XXXX,8,15,F,1,201409,1,053380,00.3
DLLS,26,F,13,05,A,0119,3,GS-05,C,XXXX,8,15,P,2,201409,1,034379,00.2
DLLS,11,C,17,09,A,0110,1,GS-09,E,XXXX,8,15,F,1,201409,1,052146,00.3
DLLS,36,I,11,06,B,0119,3,GS-06,C,XXXX,8,15,P,2,201409,1,035256,02.2
DLLS,12,H,17,06,C,0119,3,GS-06,C,XXXX,8,10,P,2,201409,1,036431,03.3
DLLS,11,K,21,12,G,0110,1,GS-12,I,XXXX,8,10,F,1,201409,1,095785,21.1
DLLS,48,I,09,05,B,0119,3,GS-05,C,XXXX,8,38,P,2,201409,1,032683,01.8
DLLS,11,E,13,13,E,0110,1,GS-13,J,XXXX,8,10,F,1,201409,1,107909,14.1
DLLS,11,E,21,12,D,0110,1,GS-12,H,XXXX,8,10,F,1,201409,1,088224,06.5
DLLS,42,G,13,12,G,0110,1,GS-12,I,XXXX,8,10,F,1,201409,1,096382,24.9
DLLS,11,D,13,11,B,0110,1,GS-11,F,XXXX,8,15,F,1,201409,1,063091,01.6
DLLS,17,K,21,07,D,0119,3,GS-07,D,XXXX,8,10,P,2,201409,1,044364,06.8
DLLS,34,H,04,05,G,0119,3,GS-05,D,XXXX,8,15,P,2,201409,1,046366,22.9
DLLS,11,H,17,13,H,0110,1,GM-13,K,XXXX,2,10,F,1,201409,1,116901,27.8
DLLS,11,H,17,14,F,0110,1,GS-14,L,XXXX,2,10,F,1,201409,1,120429,16.2
DLLS,09,H,04,07,D,0119,3,GS-07,D,XXXX,8,10,P,2,201409,1,048938,08.7
DLLS,17,C,13,12,D,0110,1,GS-12,G,XXXX,8,10,F,1,201409,1,078695,05.0
DLLS,11,C,13,12,C,0110,1,GS-12,G,XXXX,8,10,F,1,201409,1,078142,04.7
DLLS,11,D,13,14,D,0110,1,GS-14,J,XXXX,2,10,F,1,201409,1,109804,08.0
DLLS,11,E,17,14,E,0110,1,GS-14,J,XXXX,2,10,F,1,201409,1,109804,10.4
DLLS,06,D,17,09,B,0110,1,GS-09,E,XXXX,8,15,F,1,201409,1,056735,01.8
DLLS,06,I,13,12,I,0110,1,GS-12,J,XXXX,8,10,F,1,201409,1,106955,34.8
DLLS,48,G,04,11,D,0110,1,GS-11,F,XXXX,8,10,F,1,201409,1,065372,05.9
DLLS,37,H,17,12,I,0110,1,GS-12,I,XXXX,8,10,F,1,201409,1,093098,30.3
DLLS,11,D,17,13,D,0110,1,GS-13,J,XXXX,8,10,F,1,201409,1,104911,09.3
DLLS,17,K,13,07,D,0119,3,GS-07,D,XXXX,8,10,P,2,201409,1,042933,06.3
DLLS,36,F,13,06,B,0119,3,GS-06,D,XXXX,8,15,P,2,201409,1,041077,02.9
DLLS,36,J,13,07,E,0119,3,GS-07,D,XXXX,8,10,P,2,201409,1,047015,14.1
DLLS,11,F,13,13,E,0110,1,GS-13,J,XXXX,8,10,F,1,201409,1,104911,14.2
DLLS,09,H,13,05,A,0119,3,GS-05,C,XXXX,8,15,P,2,201409,1,034858,00.6
DLLS,26,K,17,07,E,0119,3,GS-07,E,XXXX,8,10,P,2,201409,1,051104,11.0
DLLS,13,D,13,12,D,0110,1,GS-12,G,XXXX,8,10,F,1,201409,1,079881,07.8
DLLS,11,C,13,12,C,0110,1,GS-12,G,XXXX,8,10,F,1,201409,1,075621,03.1
DLLS,39,F,07,05,D,0119,3,GS-05,C,XXXX,8,10,P,2,201409,1,035426,07.7
DLLS,01,K,13,07,C,0119,3,GS-07,D,XXXX,8,10,P,2,201409,1,041791,04.4
DLLS,31,E,13,13,F,0110,1,GS-13,I,XXXX,2,10,F,1,201409,1,099170,15.9
DLLS,12,F,13,12,F,0110,1,GS-12,H,XXXX,8,10,F,1,201409,1,081079,18.1
DLLS,11,C,04,07,A,0110,1,GS-07,D,XXXX,8,35,F,1,201409,1,042631,00.0
DLLS,17,D,13,12,E,0110,1,GS-12,H,XXXX,8,10,F,1,201409,1,088849,12.1
DLLS,11,G,21,14,E,0110,1,GS-14,M,XXXX,8,10,F,1,201409,1,131053,14.1
DLLS,06,D,17,06,B,0119,3,GS-06,D,XXXX,8,15,P,2,201409,1,041738,01.5
DLLS,13,G,13,12,E,0110,1,GS-12,H,XXXX,8,10,F,1,201409,1,089563,14.2
DLLS,36,F,17,09,B,0110,1,GS-09,E,XXXX,8,15,F,1,201409,1,054035,01.6
DLLS,11,G,04,07,G,0119,3,GS-07,E,XXXX,8,10,F,1,201409,1,055421,23.3
DLLS,11,F,13,12,F,0110,1,GS-12,I,XXXX,8,10,F,1,201409,1,090744,15.7
DLLS,42,B,13,09,A,0110,1,GS-09,E,XXXX,8,15,F,1,201409,1,051126,00.0
DLLS,08,J,12,05,D,0119,3,GS-05,C,XXXX,8,15,P,2,201409,1,038473,07.3
DLLS,11,C,17,11,B,0110,1,GS-11,F,XXXX,8,15,F,1,201409,1,063091,01.6
DLLS,11,F,17,12,F,0110,1,GS-12,I,XXXX,8,10,F,1,201409,1,093264,17.3
DLLS,06,G,13,07,D,0119,3,GS-07,E,XXXX,8,10,P,2,201409,1,050914,09.5
DLLS,13,H,13,12,G,0110,1,GS-12,H,XXXX,8,10,F,1,201409,1,087143,20.3
DLLS,11,F,17,12,E,0110,1,GS-12,H,XXXX,8,10,F,1,201409,1,088224,10.0
DLLS,47,K,04,07,G,0119,3,GS-07,E,XXXX,8,10,P,2,201409,1,050932,24.4
DLLS,06,I,17,07,D,0119,3,GS-07,D,XXXX,8,10,P,2,201409,1,049459,07.9
DLLS,11,F,21,13,E,0110,1,GS-13,K,XXXX,8,10,F,1,201409,1,113904,11.9
DLLS,11,G,17,13,F,0110,1,GS-13,J,XXXX,8,10,F,1,201409,1,104911,16.4
DLLS,24,I,17,07,D,0119,3,GS-07,D,XXXX,8,10,P,2,201409,1,044052,05.2
DLLS,11,G,21,05,B,0119,3,GS-05,C,XXXX,8,15,P,2,201409,1,034415,01.1
DLLS,11,F,21,14,E,0110,1,GS-14,L,XXXX,8,10,F,1,201409,1,127512,13.1
DLLS,25,H,13,12,H,0110,1,GS-12,I,XXXX,8,10,F,1,201409,1,098764,28.7
DLLS,36,I,13,12,I,0110,1,GS-12,J,XXXX,8,10,F,1,201409,1,101866,32.0
DLLS,17,F,17,06,B,0119,3,GS-06,C,XXXX,8,15,P,2,201409,1,038635,02.3
DLLS,36,K,17,06,B,0119,3,GS-06,C,XXXX,8,15,P,2,201409,1,039753,02.4
DLLS,11,F,17,13,F,0110,1,GS-13,J,XXXX,8,10,F,1,201409,1,101914,16.2
DLLS,39,D,17,12,D,0110,1,GS-12,H,XXXX,8,10,F,1,201409,1,081881,08.5
DLLS,36,K,13,07,D,0119,3,GS-07,E,XXXX,8,10,P,2,201409,1,054483,07.7
DLLS,36,F,17,07,A,0110,1,GS-07,D,XXXX,8,15,F,1,201409,1,044175,00.7
DLLS,45,I,13,07,F,0119,3,GS-07,D,XXXX,8,10,P,2,201409,1,043097,18.3
DLLS,13,D,13,12,D,0110,1,GS-12,H,XXXX,8,10,F,1,201409,1,082302,08.9
DLLS,11,I,13,13,I,0110,1,GS-13,K,XXXX,8,10,F,1,201409,1,113904,30.2
DLLS,34,I,04,07,F,0119,3,GS-07,E,XXXX,8,10,P,2,201409,1,054483,16.7
DLLS,11,C,17,12,B,0110,1,GS-12,G,XXXX,8,15,F,1,201409,1,075621,02.6
DLLS,11,D,21,12,B,0110,1,GS-12,I,XXXX,8,15,F,1,201409,1,098305,01.1
DLLS,06,D,13,12,E,0110,1,GS-12,I,XXXX,8,10,F,1,201409,1,093244,11.2
DLLS,50,K,13,07,F,0119,3,GS-07,D,XXXX,8,10,P,2,201409,1,048321,17.4
DLLS,48,D,13,05,A,0119,3,GS-05,C,XXXX,8,20,P,2,201409,1,031628,00.2
DLLS,29,H,12,05,A,0119,3,GS-05,C,XXXX,8,30,P,2,201409,1,031628,00.7
DLLS,11,H,17,12,H,0110,1,GS-12,I,XXXX,8,10,F,1,201409,1,095785,26.0
DLLS,11,B,13,07,A,0110,1,GS-07,D,XXXX,8,35,F,1,201409,1,042631,00.0
DLLS,13,F,13,12,G,0110,1,GS-12,H,XXXX,8,10,F,1,201409,1,089563,21.1
DLLS,13,F,13,13,G,0110,1,GS-13,J,XXXX,2,10,F,1,201409,1,106504,21.9
DLLS,11,C,13,13,D,0110,1,GS-13,H,XXXX,8,10,F,1,201409,1,089924,05.3
DLLS,13,H,13,12,G,0110,1,GS-12,H,XXXX,8,10,F,1,201409,1,089563,23.3
DLLS,11,J,21,15,H,0110,1,GS-15,O,XXXX,8,10,F,1,201409,1,157100,25.0
DLLS,39,G,13,13,G,0110,1,GS-13,J,XXXX,2,10,F,1,201409,1,103096,24.2
DLLS,13,D,13,07,E,0119,3,GS-07,D,XXXX,8,10,P,2,201409,1,045033,12.2
DLLS,25,C,13,12,D,0110,1,GS-12,H,XXXX,8,10,F,1,201409,1,081039,05.8
DLLS,11,G,13,15,H,0110,1,GS-15,N,XXXX,2,10,F,1,201409,1,145827,25.3
DLLS,06,K,17,07,C,0119,3,GS-07,D,XXXX,8,10,P,2,201409,1,047928,04.3
DLLS,11,J,14,14,J,0110,1,GS-14,M,XXXX,2,10,F,1,201409,1,138136,41.8
DLLS,11,J,14,12,H,0110,1,GS-12,I,XXXX,8,10,F,1,201409,1,098305,28.3
DLLS,11,H,13,13,H,0110,1,GS-13,K,XXXX,8,10,F,1,201409,1,113904,27.2
DLLS,11,C,17,12,B,0110,1,GS-12,G,XXXX,8,15,F,1,201409,1,075621,02.3
DLLS,11,C,17,12,C,0110,1,GS-12,H,XXXX,8,10,P,2,201409,1,080662,04.1
DLLS,11,J,17,12,I,0110,1,GS-12,I,XXXX,8,10,F,1,201409,1,093264,31.5
DLLS,11,G,17,13,G,0110,1,GS-13,J,XXXX,2,10,F,1,201409,1,107909,20.8
DLLS,11,C,13,12,C,0110,1,GS-12,G,XXXX,8,10,F,1,201409,1,075621,03.1
DLLS,11,J,21,,G,0110,1,SL-00,P,XXXX,5,10,F,1,201409,1,166953,23.0
DLLS,11,G,17,12,F,0110,1,GS-12,I,XXXX,8,10,F,1,201409,1,093264,16.2
DLLS,12,F,13,05,A,0119,3,GS-05,C,XXXX,8,15,P,2,201409,1,033465,00.2
DLLS,25,G,13,12,G,0110,1,GS-12,I,XXXX,8,10,F,1,201409,1,096232,23.4
DLLS,11,J,13,12,H,0110,1,GS-12,I,XXXX,8,10,F,1,201409,1,095785,27.4
DLLS,11,C,13,12,D,0110,1,GS-12,H,XXXX,8,10,F,1,201409,1,080662,05.3
DLLS,48,H,04,07,D,0119,3,GS-07,E,XXXX,8,10,P,2,201409,1,051076,07.1
DLLS,11,H,13,12,D,0110,1,GS-12,H,XXXX,8,10,F,1,201409,1,085703,08.3
DLLS,11,B,04,07,A,0110,1,GS-07,D,XXXX,8,35,F,1,201409,1,042631,00.1
DLLS,25,K,11,06,B,0119,3,GS-06,D,XXXX,8,15,P,2,201409,1,040152,02.8
DLLS,11,H,13,12,H,0110,1,GS-12,I,XXXX,8,10,F,1,201409,1,098305,26.7
DLLS,11,D,13,12,D,0110,1,GS-12,H,XXXX,8,10,F,1,201409,1,083183,07.1
DLLS,11,E,13,13,E,0110,1,GS-13,J,XXXX,2,10,F,1,201409,1,101914,13.0
DLLS,41,F,13,12,E,0110,1,GS-12,H,XXXX,8,10,F,1,201409,1,087917,13.3
DLLS,11,H,13,12,H,0110,1,GS-12,I,XXXX,8,10,F,1,201409,1,095785,26.1
DLLS,55,H,04,07,C,0119,3,GS-07,D,XXXX,8,10,P,2,201409,1,040531,04.5
DLLS,24,I,13,12,I,0110,1,GS-12,I,XXXX,8,10,F,1,201409,1,098305,31.3
DLLS,06,H,13,12,I,0110,1,GS-12,J,XXXX,8,10,F,1,201409,1,104213,30.9
DLLS,04,C,17,09,A,0110,1,GS-09,D,XXXX,8,15,F,1,201409,1,049015,00.6
DLLS,25,J,13,07,D,0119,3,GS-07,D,XXXX,8,10,P,2,201409,1,046059,07.7
DLLS,39,G,13,07,C,0119,3,GS-07,C,XXXX,8,10,P,2,201409,1,039179,03.7
DLLS,42,H,10,07,G,0119,3,GS-07,E,XXXX,8,10,P,2,201409,1,051918,24.8
DLLS,11,F,13,12,E,0110,1,GS-12,I,XXXX,8,10,F,1,201409,1,090744,13.8
DLLS,11,J,14,14,J,0110,1,GS-14,M,XXXX,2,10,F,1,201409,1,138136,40.8
DLLS,06,E,13,14,E,0110,1,GS-14,M,XXXX,2,10,F,1,201409,1,134878,14.1
DLLS,13,K,17,07,E,0119,3,GS-07,D,XXXX,8,10,P,2,201409,1,049127,13.8
DLLS,48,C,13,07,A,0110,1,GS-07,D,XXXX,8,15,F,1,201409,1,044172,00.8
DLLS,12,E,09,07,E,0119,3,GS-07,D,XXXX,8,10,P,2,201409,1,047015,13.2
DLLS,06,H,07,05,D,0119,3,GS-05,D,XXXX,8,15,P,2,201409,1,042439,09.7
DLLS,48,J,17,12,I,0110,1,GS-12,I,XXXX,8,10,F,1,201409,1,095496,32.9
DLLS,06,J,13,12,J,0110,1,GS-12,J,XXXX,8,10,F,1,201409,1,106955,38.1
DLLS,36,D,13,13,E,0110,1,GS-13,J,XXXX,2,10,F,1,201409,1,105606,13.3
DLLS,06,I,17,12,I,0110,1,GS-12,J,XXXX,8,10,F,1,201409,1,106955,30.7
DLLS,17,J,13,13,I,0110,1,GS-13,K,XXXX,2,10,F,1,201409,1,114710,34.4
DLLS,04,D,13,12,D,0110,1,GS-12,H,XXXX,8,10,F,1,201409,1,080556,08.6
DLLS,11,H,04,13,H,0110,1,GS-13,K,XXXX,8,10,F,1,201409,1,116901,29.8
DLLS,26,F,13,12,E,0110,1,GS-12,I,XXXX,8,10,F,1,201409,1,090649,14.9
DLLS,06,I,17,12,H,0110,1,GS-12,J,XXXX,8,10,F,1,201409,1,100632,29.1
DLLS,39,I,13,07,D,0119,3,GS-07,D,XXXX,8,10,P,2,201409,1,044803,07.0
DLLS,11,D,13,13,D,0110,1,GS-13,I,XXXX,8,10,F,1,201409,1,098916,08.6
DLLS,11,E,17,13,D,0110,1,GS-13,I,XXXX,8,10,F,1,201409,1,098916,08.0
DLLS,11,H,13,12,E,0110,1,GS-12,H,XXXX,8,10,F,1,201409,1,088224,10.4
DLLS,11,D,18,11,B,0110,1,GS-11,F,XXXX,8,15,F,1,201409,1,063091,01.5
DLLS,13,H,13,13,G,0110,1,GS-13,J,XXXX,2,10,F,1,201409,1,103626,23.9
DLLS,11,C,17,12,B,0110,1,GS-12,G,XXXX,8,15,F,1,201409,1,075621,02.6
DLLS,11,G,13,13,F,0110,1,GS-13,J,XXXX,2,10,F,1,201409,1,104911,15.2
DLLS,11,D,13,14,E,0110,1,GS-14,K,XXXX,2,10,F,1,201409,1,116887,11.1
DLLS,17,C,13,07,A,0110,1,GS-07,D,XXXX,8,15,F,1,201409,1,042933,00.8
DLLS,11,D,17,12,D,0110,1,GS-12,H,XXXX,8,10,F,1,201409,1,083183,06.2
DLLS,11,D,17,13,D,0110,1,GS-13,I,XXXX,8,10,F,1,201409,1,098916,09.0
DLLS,11,H,12,12,H,0110,1,GS-12,I,XXXX,8,10,F,1,201409,1,098305,27.3
DLLS,17,H,13,12,H,0110,1,GS-12,I,XXXX,8,10,F,1,201409,1,096463,27.0
DLLS,45,K,04,07,G,0119,3,GS-07,D,XXXX,8,10,P,2,201409,1,049626,20.9
DLLS,11,E,18,13,D,0110,1,GS-13,I,XXXX,8,10,F,1,201409,1,098916,08.3
DLLS,11,D,11,13,D,0110,1,GS-13,I,XXXX,2,10,F,1,201409,1,095919,08.3
DLLS,45,E,17,13,E,0110,1,GS-13,I,XXXX,8,10,F,1,201409,1,096415,10.1
DLLS,39,G,17,05,B,0119,3,GS-05,C,XXXX,8,15,P,2,201409,1,032204,02.8
DLLS,25,C,13,09,B,0110,1,GS-09,E,XXXX,8,15,F,1,201409,1,052390,01.8
DLLS,11,C,13,13,C,0110,1,GS-13,H,XXXX,8,10,F,1,201409,1,089924,04.7
DLLS,13,I,13,07,F,0110,1,GS-07,D,XXXX,8,15,F,1,201409,1,040939,15.7
DLLS,13,F,13,12,E,0110,1,GS-12,H,XXXX,8,10,F,1,201409,1,089563,14.0
DLLS,13,F,17,13,F,0110,1,GS-13,J,XXXX,2,10,F,1,201409,1,103626,16.3
DLLS,12,K,17,07,C,0119,3,GS-07,D,XXXX,8,10,P,2,201409,1,040485,03.9
DLLS,11,J,13,15,I,0110,1,GS-15,O,XXXX,2,10,F,1,201409,1,157100,34.8
DLLS,11,C,13,12,C,0110,1,GS-12,G,XXXX,8,10,F,1,201409,1,078142,04.7
DLLS,11,G,21,14,E,0110,1,GS-14,L,XXXX,8,10,F,1,201409,1,123970,13.9
DLLS,36,G,17,12,D,0110,1,GS-12,H,XXXX,8,10,F,1,201409,1,086196,07.0
DLLS,51,E,08,07,D,0119,3,GS-07,D,XXXX,8,15,P,2,201409,1,043097,06.8
DLLS,11,E,17,12,B,0110,1,GS-12,G,XXXX,8,15,F,1,201409,1,075621,02.7
DLLS,06,G,08,12,G,0110,1,GS-12,J,XXXX,8,10,F,1,201409,1,101471,22.0
DLLS,17,G,10,06,B,0119,3,GS-06,C,XXXX,8,15,P,2,201409,1,039922,02.7
DLLS,11,C,04,13,D,0110,1,GS-13,H,XXXX,8,10,F,1,201409,1,089924,06.3
DLLS,28,F,08,06,C,0119,3,GS-06,C,XXXX,8,15,P,2,201409,1,035256,04.7
DLLS,11,J,17,13,J,0110,1,GS-13,K,XXXX,8,10,F,1,201409,1,116901,40.1
DLLS,11,K,13,14,J,0110,1,GS-14,M,XXXX,2,10,F,1,201409,1,138136,38.6
DLLS,13,H,09,07,E,0119,3,GS-07,D,XXXX,8,10,P,2,201409,1,047763,12.5
DLLS,13,G,04,12,H,0110,1,GS-12,H,XXXX,8,10,F,1,201409,1,087143,28.6
DLLS,11,E,13,12,C,0110,1,GS-12,G,XXXX,8,15,F,1,201409,1,078142,04.3
DLLS,06,D,13,06,B,0119,3,GS-06,C,XXXX,8,15,P,2,201409,1,036431,02.6
DLLS,12,D,17,05,A,0119,3,GS-05,C,XXXX,8,15,P,2,201409,1,031628,00.8
DLLS,42,I,13,14,J,0110,1,GS-14,L,XXXX,2,10,F,1,201409,1,128490,35.2
DLLS,47,H,04,07,G,0119,3,GS-07,E,XXXX,8,10,P,2,201409,1,050932,22.0
DLLS,13,H,13,13,H,0110,1,GS-13,J,XXXX,2,10,F,1,201409,1,103626,29.5
DLLS,17,G,13,14,G,0110,1,GS-14,L,XXXX,2,10,F,1,201409,1,121282,22.7
DLLS,11,C,17,11,B,0110,1,GS-11,F,XXXX,8,15,F,1,201409,1,063091,01.5
DLLS,11,I,17,13,H,0110,1,GS-13,K,XXXX,8,10,F,1,201409,1,113904,26.3
DLLS,11,K,17,12,F,0110,1,GS-12,I,XXXX,8,10,F,1,201409,1,093264,18.1
DLLS,13,D,13,12,D,0110,1,GS-12,H,XXXX,8,10,F,1,201409,1,084722,09.0
DLLS,12,B,04,07,A,0110,1,GS-07,D,XXXX,8,15,F,1,201409,1,042836,00.8
DLLS,04,G,13,05,A,0119,3,GS-05,C,XXXX,8,15,P,2,201409,1,032348,00.8
DLLS,26,J,13,07,G,0119,3,GS-07,E,XXXX,8,10,P,2,201409,1,055363,20.5
DLLS,11,I,13,13,I,0110,1,GS-13,K,XXXX,2,10,F,1,201409,1,113904,34.6
DLLS,06,I,13,12,F,0110,1,GS-12,G,XXXX,8,10,F,1,201409,1,077411,19.5
DLLS,11,G,13,14,H,0110,1,GS-14,M,XXXX,8,10,F,1,201409,1,131053,25.1
DLLS,11,D,17,09,A,0110,1,GS-09,E,XXXX,8,35,F,1,201409,1,052146,00.0
DLLS,42,C,11,12,D,0110,1,GS-12,H,XXXX,8,10,F,1,201409,1,084027,08.3
DLLS,11,K,13,12,J,0110,1,GS-12,I,XXXX,8,10,F,1,201409,1,098305,38.2
DLLS,36,K,13,07,E,0119,3,GS-07,E,XXXX,8,10,P,2,201409,1,054483,13.9
DLLS,48,E,13,12,E,0110,1,GS-12,I,XXXX,8,10,F,1,201409,1,094024,13.8
DLLS,11,C,17,09,A,0110,1,GS-09,E,XXXX,8,35,F,1,201409,1,052146,00.1
DLLS,11,H,13,13,H,0110,1,GS-13,K,XXXX,8,10,F,1,201409,1,110906,28.1
DLLS,11,I,17,14,J,0110,1,GS-14,M,XXXX,2,10,F,1,201409,1,138136,36.8
DLLS,11,H,04,06,H,0119,3,GS-06,D,XXXX,8,10,F,1,201409,1,049867,28.6
DLLS,11,H,17,13,G,0110,1,GS-13,K,XXXX,8,10,F,1,201409,1,110906,24.9
DLLS,55,H,13,12,H,0110,1,GS-12,H,XXXX,8,10,F,1,201409,1,088669,28.8
DLLS,11,I,13,12,I,0110,1,GS-12,I,XXXX,8,10,F,1,201409,1,098305,33.3
DLLS,36,C,17,12,D,0110,1,GS-12,H,XXXX,8,10,F,1,201409,1,086196,05.1
DLLS,06,H,13,12,E,0110,1,GS-12,I,XXXX,8,10,F,1,201409,1,093244,11.7
DLLS,11,B,13,07,A,0110,1,GS-07,D,XXXX,8,35,F,1,201409,1,042631,00.0
DLLS,11,H,17,12,G,0110,1,GS-12,I,XXXX,8,10,F,1,201409,1,093264,20.2
DLLS,11,H,17,13,F,0110,1,GS-13,J,XXXX,8,10,F,1,201409,1,104911,15.7
DLLS,11,F,21,14,E,0110,1,GS-14,L,XXXX,8,10,F,1,201409,1,120429,12.9
DLLS,11,I,17,13,E,0110,1,GS-13,J,XXXX,8,10,F,1,201409,1,101914,10.3
DLLS,42,C,13,12,D,0110,1,GS-12,G,XXXX,8,10,F,1,201409,1,079084,05.3
DLLS,11,G,14,13,E,0110,1,GS-13,J,XXXX,8,10,F,1,201409,1,101914,14.0
DLLS,36,F,13,12,E,0110,1,GS-12,I,XXXX,8,10,F,1,201409,1,094031,14.0
DLLS,42,E,13,12,E,0110,1,GS-12,I,XXXX,8,10,F,1,201409,1,096382,13.3
DLLS,11,C,13,12,D,0110,1,GS-12,H,XXXX,8,10,F,1,201409,1,080662,05.2
DLLS,26,I,17,12,H,0110,1,GS-12,I,XXXX,8,10,F,1,201409,1,098202,26.3
DLLS,48,F,13,12,F,0110,1,GS-12,I,XXXX,8,10,F,1,201409,1,093047,19.6
DLLS,13,I,10,07,E,0119,3,GS-07,D,XXXX,8,10,P,2,201409,1,044403,10.0
DLLS,53,E,13,12,E,0110,1,GS-12,H,XXXX,8,10,F,1,201409,1,086512,11.3
DLLS,16,J,04,07,C,0119,3,GS-07,C,XXXX,8,10,P,2,201409,1,039179,03.1
DLLS,48,I,13,14,H,0110,1,GS-14,K,XXXX,2,10,F,1,201409,1,116987,27.5
DLLS,13,H,17,13,H,0110,1,GS-13,J,XXXX,4,10,F,1,201409,1,106504,29.0
DLLS,17,J,14,12,F,0110,1,GS-12,I,XXXX,8,10,F,1,201409,1,091387,15.3
DLLS,36,K,13,07,G,0119,3,GS-07,E,XXXX,8,10,P,2,201409,1,057428,24.1
DLLS,11,G,13,12,F,0110,1,GS-12,I,XXXX,8,10,F,1,201409,1,093264,19.5
DLLS,48,F,07,05,B,0119,3,GS-05,D,XXXX,8,10,P,2,201409,1,043984,01.8
DLLS,11,I,04,12,H,0110,1,GS-12,I,XXXX,8,10,F,1,201409,1,093264,25.9
DLLS,36,K,04,05,E,0119,3,GS-05,D,XXXX,8,10,P,2,201409,1,046366,14.6
DLLS,11,I,13,12,I,0110,1,GS-12,I,XXXX,8,10,F,1,201409,1,093264,34.9
DLLS,17,E,13,12,F,0110,1,GS-12,I,XXXX,8,10,F,1,201409,1,091387,15.9
DLLS,36,B,13,05,B,0119,3,GS-05,C,XXXX,8,15,P,2,201409,1,036851,01.3
DLLS,12,H,17,12,E,0110,1,GS-12,H,XXXX,8,10,F,1,201409,1,088238,14.0
DLLS,11,C,13,12,C,0110,1,GS-12,G,XXXX,8,10,F,1,201409,1,075621,03.1
DLLS,17,F,13,12,D,0110,1,GS-12,H,XXXX,8,10,F,1,201409,1,086310,07.6
DLLS,11,E,13,12,E,0110,1,GS-12,I,XXXX,8,10,F,1,201409,1,090744,13.2
DLLS,11,K,13,12,H,0110,1,GS-12,I,XXXX,8,10,F,1,201409,1,095785,27.1
DLLS,11,F,13,12,F,0110,1,GS-12,I,XXXX,8,10,F,1,201409,1,093264,16.2
DLLS,06,D,13,13,E,0110,1,GS-13,J,XXXX,2,10,F,1,201409,1,104326,12.0
DLLS,11,J,13,12,I,0110,1,GS-12,I,XXXX,8,10,F,1,201409,1,098305,31.7
DLLS,11,G,13,13,H,0110,1,GS-13,K,XXXX,8,10,F,1,201409,1,116901,25.9
DLLS,12,F,17,12,F,0110,1,GS-12,H,XXXX,8,10,F,1,201409,1,085711,17.0
DLLS,48,H,13,05,A,0119,3,GS-05,D,XXXX,8,38,P,2,201409,1,041122,00.1
DLLS,11,G,13,12,G,0110,1,GS-12,I,XXXX,8,10,F,1,201409,1,095785,24.8
DLLS,25,K,13,07,D,0119,3,GS-07,D,XXXX,8,10,P,2,201409,1,048541,08.7
DLLS,29,J,13,07,D,0119,3,GS-07,D,XXXX,8,10,P,2,201409,1,044403,09.2
DLLS,11,D,04,12,D,0110,1,GS-12,H,XXXX,8,10,F,1,201409,1,085703,08.1
DLLS,11,E,14,12,F,0110,1,GS-12,I,XXXX,8,10,F,1,201409,1,093264,16.2
DLLS,11,G,13,14,G,0110,1,GS-14,L,XXXX,2,10,F,1,201409,1,123970,23.1
DLLS,11,F,13,13,D,0110,1,GS-13,I,XXXX,8,10,F,1,201409,1,098916,07.0
DLLS,11,H,17,14,G,0110,1,GS-14,M,XXXX,8,10,F,1,201409,1,131053,24.8
DLLS,17,E,13,12,E,0110,1,GS-12,I,XXXX,8,10,F,1,201409,1,091387,12.9
DLLS,11,H,07,06,D,0119,3,GS-06,D,XXXX,8,10,P,2,201409,1,042198,05.9
DLLS,04,J,13,07,C,0119,3,GS-07,D,XXXX,8,10,P,2,201409,1,041407,04.0
DLLS,42,F,09,07,D,0119,3,GS-07,D,XXXX,8,10,P,2,201409,1,043931,06.8
DLLS,11,D,13,13,D,0110,1,GS-13,I,XXXX,8,10,F,1,201409,1,098916,08.4
DLLS,06,C,13,05,C,0119,3,GS-05,D,XXXX,8,10,P,2,201409,1,041190,04.8
DLLS,51,F,13,12,G,0110,1,GS-12,I,XXXX,8,10,F,1,201409,1,092172,21.9
DLLS,11,E,13,12,D,0110,1,GS-12,H,XXXX,8,10,F,1,201409,1,085703,08.2
DLLS,36,F,13,07,C,0119,3,GS-07,D,XXXX,8,10,P,2,201409,1,045648,04.8
DLLS,11,H,14,12,E,0110,1,GS-12,I,XXXX,8,10,F,1,201409,1,090744,13.7
DLLS,48,D,13,09,B,0110,1,GS-09,E,XXXX,8,15,F,1,201409,1,050656,01.8
DLLS,22,K,13,07,D,0119,3,GS-07,D,XXXX,8,10,P,2,201409,1,048321,07.8
DLLS,11,C,13,11,B,0110,1,GS-11,F,XXXX,8,15,F,1,201409,1,063091,02.8
DLLS,17,H,13,07,F,0119,3,GS-07,E,XXXX,8,10,P,2,201409,1,052951,17.7
DLLS,06,F,13,12,F,0110,1,GS-12,I,XXXX,8,10,F,1,201409,1,095472,17.2
DLLS,13,D,13,12,D,0110,1,GS-12,H,XXXX,8,10,F,1,201409,1,082302,08.6
DLLS,06,H,13,11,E,0110,1,GS-11,F,XXXX,8,10,F,1,201409,1,068890,11.4
DLLS,48,K,13,13,G,0110,1,GS-13,K,XXXX,8,10,F,1,201409,1,111809,24.2
DLLS,17,E,13,07,C,0119,3,GS-07,D,XXXX,8,10,P,2,201409,1,042933,04.5
DLLS,48,H,17,12,F,0110,1,GS-12,I,XXXX,8,10,F,1,201409,1,090599,17.0
DLLS,12,J,09,07,C,0119,3,GS-07,D,XXXX,8,10,P,2,201409,1,040485,04.9
DLLS,48,D,13,12,D,0110,1,GS-12,H,XXXX,8,10,F,1,201409,1,083578,05.1
DLLS,11,F,17,12,D,0110,1,GS-12,H,XXXX,8,10,F,1,201409,1,085703,09.8
DLLS,48,G,12,05,B,0119,3,GS-05,D,XXXX,8,38,P,2,201409,1,045173,01.7
DLLS,06,D,04,09,A,0110,1,GS-09,E,XXXX,8,15,F,1,201409,1,053380,00.1
DLLS,25,D,13,13,D,0110,1,GS-13,I,XXXX,2,10,F,1,201409,1,096367,08.1
DLLS,11,E,13,15,E,0110,1,GS-15,M,XXXX,2,10,F,1,201409,1,137494,13.0
DLLS,06,C,17,09,D,0110,1,GS-09,F,XXXX,8,15,F,1,201409,1,062407,05.4
DLLS,06,B,13,05,A,0119,3,GS-05,C,XXXX,8,15,P,2,201409,1,034407,00.6
DLLS,01,G,07,06,E,0119,3,GS-06,D,XXXX,8,10,P,2,201409,1,045828,10.4
DLLS,25,J,21,09,A,0110,1,GS-09,E,XXXX,8,15,F,1,201409,1,052390,00.3
DLLS,13,E,17,13,F,0110,1,GS-13,I,XXXX,2,10,F,1,201409,1,094991,15.3
DLLS,27,E,17,07,A,0110,1,GS-07,C,XXXX,8,38,F,1,201409,1,039179,00.5
DLLS,11,H,17,,E,0110,1,ES-**,Q,XXXX,2,50,F,1,201409,1,174343,11.4
DLLS,11,C,17,11,B,0110,1,GS-11,F,XXXX,8,15,F,1,201409,1,063091,01.7
DLLS,11,C,13,12,C,0110,1,GS-12,G,XXXX,8,10,F,1,201409,1,078142,04.8
DLLS,12,I,04,05,B,0119,3,GS-05,C,XXXX,8,15,P,2,201409,1,032683,01.3
DLLS,48,E,13,05,A,0119,3,GS-05,C,XXXX,8,38,P,2,201409,1,031628,00.1
DLLS,11,I,13,15,J,0110,1,GS-15,N,XXXX,2,10,F,1,201409,1,145827,35.3
DLLS,11,J,04,07,J,0119,3,GS-07,E,XXXX,8,10,F,1,201409,1,055421,41.5
DLLS,26,I,13,07,D,0119,3,GS-07,D,XXXX,8,10,P,2,201409,1,043097,07.1
DLLS,17,K,04,07,J,0119,3,GS-07,E,XXXX,8,10,F,1,201409,1,055813,44.3
DLLS,11,C,13,12,D,0110,1,GS-12,H,XXXX,8,10,F,1,201409,1,080662,05.3
DLLS,11,H,17,12,G,0110,1,GS-12,I,XXXX,8,10,F,1,201409,1,095785,22.3
DLLS,11,E,13,14,F,0110,1,GS-14,L,XXXX,2,10,F,1,201409,1,120429,15.3
DLLS,36,I,13,05,A,0119,3,GS-05,C,XXXX,8,15,P,2,201409,1,032409,00.2
DLLS,32,G,13,06,D,0119,3,GS-06,D,XXXX,8,38,P,2,201409,1,043479,06.7
DLLS,17,C,13,09,B,0110,1,GS-09,E,XXXX,8,15,F,1,201409,1,052516,01.7
DLLS,11,I,04,07,I,0110,1,GS-07,E,XXXX,8,10,F,1,201409,1,054000,33.2
DLLS,29,G,13,12,E,0110,1,GS-12,I,XXXX,8,10,F,1,201409,1,090344,12.2
DLLS,11,E,13,13,F,0110,1,GS-13,K,XXXX,8,10,F,1,201409,1,110906,15.3
DLLS,09,J,13,07,J,0119,3,GS-07,E,XXXX,8,10,P,2,201409,1,057428,36.1
DLLS,06,D,13,09,B,0110,1,GS-09,E,XXXX,8,15,F,1,201409,1,056735,01.7
DLLS,48,G,13,12,F,0110,1,GS-12,I,XXXX,8,10,F,1,201409,1,090599,16.6
DLLS,09,K,07,07,C,0119,3,GS-07,D,XXXX,8,10,P,2,201409,1,044175,03.5
DLLS,11,D,11,12,E,0110,1,GS-12,H,XXXX,8,10,F,1,201409,1,088224,13.3
DLLS,11,E,13,13,F,0110,1,GS-13,J,XXXX,8,10,F,1,201409,1,107909,15.8
DLLS,13,D,13,12,C,0110,1,GS-12,G,XXXX,8,10,F,1,201409,1,075041,04.9
DLLS,11,G,13,12,F,0110,1,GS-12,G,XXXX,8,10,F,1,201409,1,075621,19.8
DLLS,48,F,13,12,G,0110,1,GS-12,I,XXXX,8,10,F,1,201409,1,095496,23.9
DLLS,11,J,21,14,J,0110,1,GS-14,M,XXXX,2,10,F,1,201409,1,138136,38.0
DLLS,17,D,13,12,D,0110,1,GS-12,H,XXXX,8,10,F,1,201409,1,086310,08.3
DLLS,11,E,17,11,B,0110,1,GS-11,F,XXXX,8,15,F,1,201409,1,063091,01.9
DLLS,39,C,13,12,C,0110,1,GS-12,G,XXXX,8,10,F,1,201409,1,074657,04.3
DLLS,17,E,17,07,B,0110,1,GS-07,D,XXXX,8,15,F,1,201409,1,042933,01.5
DLLS,48,I,13,07,D,0119,3,GS-07,D,XXXX,8,10,P,2,201409,1,041791,07.6
DLLS,09,H,17,07,C,0119,3,GS-07,D,XXXX,8,10,P,2,201409,1,045648,03.9
DLLS,06,D,13,09,C,0110,1,GS-09,F,XXXX,8,15,F,1,201409,1,069970,03.7
DLLS,17,K,17,14,J,0110,1,GS-14,M,XXXX,2,10,F,1,201409,1,139115,41.3
DLLS,17,H,13,14,H,0110,1,GS-14,M,XXXX,4,10,F,1,201409,1,131982,28.8
DLLS,36,H,17,06,E,0119,3,GS-06,D,XXXX,8,10,P,2,201409,1,049024,11.8
DLLS,48,H,13,12,I,0110,1,GS-12,I,XXXX,8,10,F,1,201409,1,095496,30.1
DLLS,11,G,13,14,G,0110,1,GS-14,L,XXXX,8,10,F,1,201409,1,120429,24.1
DLLS,11,E,13,14,E,0110,1,GS-14,K,XXXX,2,10,F,1,201409,1,116887,14.1
DLLS,25,D,13,12,D,0110,1,GS-12,H,XXXX,8,10,F,1,201409,1,081039,08.1
DLLS,29,K,17,07,G,0119,3,GS-07,D,XXXX,8,10,P,2,201409,1,049626,21.0
DLMS,51,I,14,14,F,0110,1,GS-14,L,XXXX,8,10,F,1,201409,1,127512,16.8
DLMS,51,E,13,13,C,0110,1,GS-13,H,XXXX,8,10,F,1,201409,1,089924,04.9
DLMS,51,C,13,13,D,0110,1,GS-13,I,XXXX,8,10,F,1,201409,1,092922,06.5
DLMS,51,K,21,14,I,0110,1,GS-14,M,XXXX,8,10,F,1,201409,1,138136,30.7
DLMS,51,J,17,14,J,0110,1,GS-14,M,XXXX,8,10,F,1,201409,1,138136,35.1
DLMS,51,I,14,15,H,0110,1,GS-15,O,XXXX,2,10,F,1,201409,1,157100,26.0
DLMS,51,G,21,12,B,0110,1,GS-12,H,XXXX,8,15,F,1,201409,1,080662,02.8
DLMS,51,I,17,15,I,0110,1,GS-15,O,XXXX,8,20,I,2,201409,1,157100,34.4
DLOW,11,J,13,12,J,0110,1,GS-12,I,XXXX,8,10,F,1,201409,1,098305,38.9
DLPE,11,H,17,14,H,0110,1,GS-14,M,XXXX,8,10,F,1,201409,1,134595,29.8
DLPE,11,G,13,14,G,0110,1,GS-14,M,XXXX,8,10,F,1,201409,1,138136,24.9
DLPE,11,J,13,15,I,0110,1,GS-15,O,XXXX,8,10,F,1,201409,1,154160,31.1
DLPE,11,H,21,15,E,0110,1,GS-15,M,XXXX,2,10,F,1,201409,1,137494,13.1
DLPE,11,I,21,,I,0110,1,ES-**,R,XXXX,2,50,F,1,201409,1,181452,30.5
DLPE,11,G,17,15,G,0110,1,GS-15,N,XXXX,8,10,F,1,201409,1,145827,23.5
DLPE,11,F,17,13,F,0110,1,GS-13,K,XXXX,8,10,P,2,201409,1,113904,17.2
DLPE,11,G,21,14,F,0110,1,GS-14,K,XXXX,8,10,F,1,201409,1,113346,16.3
DLPE,11,F,17,15,F,0110,1,GS-15,N,XXXX,8,10,F,1,201409,1,149993,18.1
DLPE,11,H,04,15,F,0110,1,GS-15,N,XXXX,8,10,F,1,201409,1,141660,16.6
DLPE,11,J,17,15,J,0110,1,GS-15,O,XXXX,8,10,F,1,201409,1,157100,38.9
DLPW,11,D,17,13,B,0110,1,GS-13,H,XXXX,8,15,F,1,201409,1,089924,01.3
DLPW,11,F,21,13,B,0110,1,GS-13,I,XXXX,8,15,F,1,201409,1,092922,02.8
DLPW,11,D,13,13,D,0110,1,GS-13,I,XXXX,8,10,F,1,201409,1,095919,07.8
DLPW,11,F,21,13,A,0110,1,GS-13,J,XXXX,8,15,F,1,201409,1,104911,00.4
DLPW,11,E,21,14,D,0110,1,GS-14,K,XXXX,8,10,F,1,201409,1,116887,07.2
DLPW,11,D,21,14,D,0110,1,GS-14,K,XXXX,8,10,F,1,201409,1,113346,05.3
DLPW,11,G,19,15,D,0110,1,GS-15,N,XXXX,2,10,F,1,201409,1,149993,09.3
DLPW,11,E,13,13,D,0110,1,GS-13,I,XXXX,8,10,F,1,201409,1,092922,08.3
DLPW,11,F,17,14,E,0110,1,GS-14,L,XXXX,8,10,F,1,201409,1,120429,10.0
DLPW,11,E,21,14,D,0110,1,GS-14,K,XXXX,8,10,F,1,201409,1,116887,07.2
DLPW,11,H,17,,F,0110,1,ES-**,R,XXXX,2,50,F,1,201409,1,181471,17.8
DLPW,11,E,13,13,E,0110,1,GS-13,J,XXXX,8,10,F,1,201409,1,107909,14.2
DLPW,11,D,17,13,D,0110,1,GS-13,I,XXXX,8,10,F,1,201409,1,092922,06.3
DLPW,11,F,21,13,A,0110,1,GS-13,H,XXXX,8,15,F,1,201409,1,089924,00.3
DLSH,11,H,13,14,H,0110,1,GS-14,L,XXXX,8,10,F,1,201409,1,127512,27.9
DLSH,11,H,21,14,C,0110,1,GS-14,J,XXXX,8,10,F,1,201409,1,106263,04.0
DLSH,11,D,13,14,E,0110,1,GS-14,J,XXXX,8,10,F,1,201409,1,106263,11.3
DLSH,11,H,21,14,H,0110,1,GS-14,M,XXXX,8,10,F,1,201409,1,138136,27.1
DLSH,11,I,21,13,E,0110,1,GS-13,K,XXXX,8,10,F,1,201409,1,110906,13.7
DLSH,11,F,13,13,E,0110,1,GS-13,I,XXXX,8,10,F,1,201409,1,095919,11.4
DLSH,11,H,21,13,B,0110,1,GS-13,I,XXXX,8,15,F,1,201409,1,092922,02.2
DLSH,11,F,17,12,E,0110,1,GS-12,I,XXXX,8,10,F,1,201409,1,090744,13.4
DLSH,11,E,17,13,D,0110,1,GS-13,I,XXXX,8,10,F,1,201409,1,095919,06.5
DLSH,11,K,19,15,G,0110,1,GS-15,O,XXXX,2,10,F,1,201409,1,157100,23.3
DLSH,11,K,17,15,F,0110,1,GS-15,O,XXXX,2,10,F,1,201409,1,157100,16.2
DN00,41,D,17,12,C,0110,1,GS-12,G,XXXX,8,10,F,1,201409,1,075707,03.8
DN00,11,H,17,15,C,0110,1,GS-15,N,XXXX,8,10,F,1,201409,1,149993,04.3
DN00,11,F,17,13,E,0110,1,GS-13,J,XXXX,8,10,F,1,201409,1,107909,14.2
DN00,11,G,17,14,E,0110,1,GS-14,L,XXXX,8,10,I,2,201409,1,123970,14.0
DN00,11,H,17,13,E,0110,1,GS-13,I,XXXX,8,10,F,1,201409,1,098916,13.3
DN00,11,F,21,13,E,0110,1,GS-13,J,XXXX,8,10,F,1,201409,1,107909,13.3
DN00,41,E,20,13,D,0110,1,GS-13,I,XXXX,8,10,F,1,201409,1,090027,05.2
DN00,41,D,18,13,C,0110,1,GS-13,H,XXXX,8,10,F,1,201409,1,087123,04.0
DN00,41,J,18,13,H,0110,1,GS-13,K,XXXX,8,10,F,1,201409,1,110355,25.9
DN00,53,I,17,13,I,0110,1,GS-13,J,XXXX,8,10,F,1,201409,1,107434,34.1
DN00,11,G,17,13,E,0110,1,GS-13,K,XXXX,8,10,F,1,201409,1,116901,10.6
DN00,41,D,13,13,D,0110,1,GS-13,I,XXXX,8,10,F,1,201409,1,098739,09.0
DN00,41,G,13,13,H,0110,1,GS-13,K,XXXX,8,10,F,1,201409,1,113259,25.6
DN00,53,I,17,13,I,0110,1,GS-13,J,XXXX,8,10,F,1,201409,1,107434,30.0
DN00,41,E,13,13,E,0110,1,GS-13,J,XXXX,8,10,P,2,201409,1,101643,12.3
DN00,11,D,17,12,C,0110,1,GS-12,G,XXXX,8,10,F,1,201409,1,078142,03.6
DN00,11,E,17,14,C,0110,1,GS-14,J,XXXX,8,10,F,1,201409,1,109804,04.3
DN00,11,F,13,13,E,0110,1,GS-13,J,XXXX,8,10,F,1,201409,1,101914,12.3
DN00,54,D,17,13,D,0110,1,GS-13,I,XXXX,8,10,F,1,201409,1,090906,08.2
DN00,11,K,13,15,J,0110,1,GS-15,O,XXXX,4,10,F,1,201409,1,157100,43.7
DN00,24,K,17,15,J,0110,1,GS-15,O,XXXX,8,10,F,1,201409,1,157100,39.1
DN00,42,F,21,15,F,0110,1,GS-15,N,XXXX,2,10,F,1,201409,1,148321,15.8
DN00,11,J,21,13,E,0110,1,GS-13,J,XXXX,8,10,F,1,201409,1,107909,10.9
DN00,11,D,17,13,B,0110,1,GS-13,I,XXXX,8,15,F,1,201409,1,095919,02.1
DN00,11,G,17,15,D,0110,1,GS-15,N,XXXX,2,10,F,1,201409,1,141660,05.3
DN00,11,D,17,13,C,0110,1,GS-13,H,XXXX,8,10,F,1,201409,1,089924,04.8
DN00,41,D,13,13,E,0110,1,GS-13,I,XXXX,8,10,F,1,201409,1,095835,10.8
DN00,41,G,14,14,H,0110,1,GS-14,L,XXXX,5,10,F,1,201409,1,123539,25.5
DN00,48,C,17,13,C,0110,1,GS-13,H,XXXX,8,10,F,1,201409,1,085396,04.1
DN00,11,H,13,15,E,0110,1,GS-15,O,XXXX,4,10,F,1,201409,1,157100,11.4
DN00,11,J,21,15,H,0110,1,GS-15,N,XXXX,2,10,F,1,201409,1,145827,28.6
DN00,11,E,17,12,E,0110,1,GS-12,H,XXXX,8,10,F,1,201409,1,088224,13.4
DN00,11,F,21,13,D,0110,1,GS-13,J,XXXX,8,10,F,1,201409,1,101914,09.0
DN00,11,C,17,13,D,0110,1,GS-13,I,XXXX,8,10,F,1,201409,1,092922,05.3
DN00,11,I,17,14,H,0110,1,GS-14,M,XXXX,8,10,F,1,201409,1,134595,25.9
DN00,11,K,21,14,J,0110,1,GS-14,M,XXXX,5,10,F,1,201409,1,138136,41.2
DN00,11,J,17,15,E,0110,1,GS-15,O,XXXX,2,10,F,1,201409,1,157100,12.1
DN00,11,G,17,13,D,0110,1,GS-13,J,XXXX,8,10,F,1,201409,1,101914,09.3
DN00,11,E,17,14,E,0110,1,GS-14,L,XXXX,8,10,F,1,201409,1,120429,13.8
DN00,11,I,21,15,G,0110,1,GS-15,O,XXXX,2,10,F,1,201409,1,157100,23.1
DN00,11,K,21,14,F,0110,1,GS-14,L,XXXX,6,10,F,1,201409,1,123970,19.2
DN00,11,C,13,12,A,0110,1,GS-12,G,XXXX,8,15,F,1,201409,1,075621,00.0
DN00,11,E,17,13,D,0110,1,GS-13,I,XXXX,8,10,F,1,201409,1,095919,07.3
DN00,11,E,17,15,E,0110,1,GS-15,L,XXXX,2,10,F,1,201409,1,124995,13.5
DN00,11,D,17,13,D,0110,1,GS-13,I,XXXX,8,10,F,1,201409,1,095919,07.8
DN00,11,C,17,13,C,0110,1,GS-13,H,XXXX,8,10,F,1,201409,1,089924,03.3
DN00,11,H,21,15,E,0110,1,GS-15,N,XXXX,2,10,F,1,201409,1,149993,11.6
DN00,42,H,21,15,F,0110,1,GS-15,N,XXXX,2,10,F,1,201409,1,144417,19.6
DN00,11,J,17,14,I,0110,1,GS-14,M,XXXX,8,10,P,2,201409,1,138136,30.0
DN00,11,K,13,14,G,0110,1,GS-14,M,XXXX,8,10,F,1,201409,1,134595,21.8
DN00,11,G,13,13,C,0110,1,GS-13,I,XXXX,8,10,F,1,201409,1,098916,03.3
DN00,11,I,17,15,B,0110,1,GS-15,O,XXXX,2,15,F,1,201409,1,157100,02.8
DN00,11,I,17,14,H,0110,1,GS-14,M,XXXX,8,10,F,1,201409,1,138136,26.8
DN00,11,J,21,14,J,0110,1,GS-14,M,XXXX,2,10,F,1,201409,1,138136,36.6
DN00,11,I,17,14,J,0110,1,GS-14,M,XXXX,8,10,F,1,201409,1,138136,35.5
DN00,11,H,13,13,I,0110,1,GS-13,K,XXXX,8,10,F,1,201409,1,116901,32.6
DN00,11,G,13,13,E,0110,1,GS-13,J,XXXX,8,10,F,1,201409,1,107909,13.1
DN00,11,C,17,12,B,0110,1,GS-12,G,XXXX,8,15,F,1,201409,1,075621,02.2
DN00,42,D,17,13,E,0110,1,GS-13,I,XXXX,8,10,F,1,201409,1,095473,10.0
DN00,11,I,18,15,G,0110,1,GS-15,O,XXXX,8,10,F,1,201409,1,157100,24.8
DN00,11,C,17,11,B,0110,1,GS-11,F,XXXX,8,15,F,1,201409,1,063091,01.6
DN00,11,I,21,14,F,0110,1,GS-14,M,XXXX,8,10,F,1,201409,1,131053,19.8
DN00,11,J,17,13,G,0110,1,GS-13,K,XXXX,8,10,F,1,201409,1,116901,24.9
DN00,42,I,17,14,C,0110,1,GS-14,J,XXXX,8,10,F,1,201409,1,109501,04.8
DN00,11,H,21,14,E,0110,1,GS-14,L,XXXX,8,10,F,1,201409,1,120429,13.8
DN00,11,D,17,13,D,0110,1,GS-13,I,XXXX,8,10,F,1,201409,1,095919,06.2
DN00,11,H,13,13,E,0110,1,GS-13,J,XXXX,8,10,F,1,201409,1,104911,12.7
DN00,11,H,17,15,H,0110,1,GS-15,O,XXXX,8,10,P,2,201409,1,157100,26.0
DN00,11,I,17,14,E,0110,1,GS-14,M,XXXX,6,10,F,1,201409,1,138136,12.5
DN00,11,E,17,15,D,0110,1,GS-15,L,XXXX,2,10,F,1,201409,1,124995,06.0
DN00,11,F,17,14,D,0110,1,GS-14,K,XXXX,8,10,F,1,201409,1,116887,05.7
DN00,11,D,17,13,D,0110,1,GS-13,I,XXXX,8,10,F,1,201409,1,098916,07.9
DN00,11,E,17,14,C,0110,1,GS-14,J,XXXX,8,10,F,1,201409,1,109804,03.1
DN00,11,D,13,14,D,0110,1,GS-14,J,XXXX,8,10,F,1,201409,1,109804,09.2
DN00,11,D,17,13,C,0110,1,GS-13,I,XXXX,8,10,F,1,201409,1,098916,04.1
DN00,11,D,13,13,C,0110,1,GS-13,I,XXXX,8,10,F,1,201409,1,095919,03.9
DN00,11,F,17,15,F,0110,1,GS-15,N,XXXX,8,10,F,1,201409,1,149993,18.2
DN00,11,E,17,13,D,0110,1,GS-13,H,XXXX,8,10,F,1,201409,1,089924,05.3
DN00,11,H,17,13,E,0110,1,GS-13,J,XXXX,8,10,F,1,201409,1,104911,14.2
DN00,11,H,17,15,E,0110,1,GS-15,N,XXXX,6,10,F,1,201409,1,145827,11.3
DN00,11,I,17,14,H,0110,1,GS-14,L,XXXX,5,10,F,1,201409,1,120429,26.1
DN00,11,J,21,15,G,0110,1,GS-15,N,XXXX,7,10,F,1,201409,1,149993,22.8
DN00,11,C,17,12,B,0110,1,GS-12,G,XXXX,8,15,F,1,201409,1,075621,01.3
DN00,11,C,17,11,B,0110,1,GS-11,F,XXXX,8,15,F,1,201409,1,067297,01.3
DN00,11,H,17,13,H,0110,1,GS-13,K,XXXX,8,10,F,1,201409,1,113904,28.7
DN00,11,E,17,14,D,0110,1,GS-14,K,XXXX,8,10,F,1,201409,1,116887,07.4
DN00,11,D,13,13,D,0110,1,GS-13,H,XXXX,8,10,F,1,201409,1,089924,05.2
DN00,11,F,17,14,F,0110,1,GS-14,M,XXXX,8,10,F,1,201409,1,138136,15.4
DN00,11,H,17,13,H,0110,1,GS-13,K,XXXX,8,10,F,1,201409,1,116901,26.6
DN00,11,G,17,13,G,0110,1,GS-13,K,XXXX,8,10,F,1,201409,1,113904,22.4
DN00,11,K,17,15,D,0110,1,GS-15,M,XXXX,2,10,F,1,201409,1,137494,05.7
DN00,11,D,13,13,D,0110,1,GS-13,I,XXXX,8,10,F,1,201409,1,095919,05.7
DN00,11,I,13,14,J,0110,1,GS-14,L,XXXX,6,10,F,1,201409,1,127512,37.3
DNFE,11,D,17,09,A,0110,1,GS-09,E,XXXX,8,35,F,1,201409,1,052146,00.5
DNFE,11,C,13,07,D,0110,1,GS-07,D,XXXX,8,35,F,1,201409,1,042631,06.1
DNFE,11,F,17,14,D,0110,1,GS-14,L,XXXX,8,10,F,1,201409,1,120429,09.8
DNFE,11,B,13,07,A,0110,1,GS-07,D,XXXX,8,35,F,1,201409,1,042631,00.3
DNFE,11,D,13,13,D,0110,1,GS-13,I,XXXX,8,10,F,1,201409,1,098916,08.2
DNFE,11,D,17,09,E,0110,1,GS-09,F,XXXX,8,35,F,1,201409,1,064311,10.7
DNFE,11,C,17,09,B,0110,1,GS-09,E,XXXX,8,35,F,1,201409,1,052146,01.0
DNFE,11,C,17,09,A,0110,1,GS-09,E,XXXX,8,35,F,1,201409,1,057360,00.3
DNFE,11,D,13,13,D,0110,1,GS-13,I,XXXX,8,10,F,1,201409,1,098916,08.6
DNFE,11,E,16,13,D,0110,1,GS-13,I,XXXX,8,10,F,1,201409,1,098916,07.3
DNFE,11,E,17,09,D,0110,1,GS-09,E,XXXX,8,35,F,1,201409,1,052146,05.4
DNFE,11,J,18,15,J,0110,1,GS-15,O,XXXX,8,10,F,1,201409,1,157100,37.0
DNFE,11,B,17,07,A,0110,1,GS-07,D,XXXX,8,35,F,1,201409,1,042631,00.3
DNFE,11,C,17,09,A,0110,1,GS-09,E,XXXX,8,35,F,1,201409,1,059098,00.9
DNFE,11,B,13,09,C,0110,1,GS-09,F,XXXX,8,35,F,1,201409,1,060836,03.0
DNFE,11,G,13,13,H,0110,1,GS-13,J,XXXX,8,10,F,1,201409,1,101914,25.0
DNFE,11,D,17,13,B,0110,1,GS-13,K,XXXX,8,15,F,1,201409,1,116901,01.3
DNFE,11,D,17,14,C,0110,1,GS-14,J,XXXX,8,10,F,1,201409,1,106263,04.3
DNFE,11,E,21,13,B,0110,1,GS-13,K,XXXX,8,15,F,1,201409,1,116901,01.4
DNFE,11,E,21,13,B,0110,1,GS-13,K,XXXX,8,15,F,1,201409,1,113904,02.2
DNFE,11,K,21,15,H,0110,1,GS-15,O,XXXX,8,10,F,1,201409,1,157100,27.1
DNFE,11,D,13,13,D,0110,1,GS-13,I,XXXX,8,10,F,1,201409,1,098916,08.3
DNFE,11,I,13,14,I,0110,1,GS-14,M,XXXX,8,10,F,1,201409,1,138136,33.9
DNFE,11,H,18,15,H,0110,1,GS-15,O,XXXX,8,10,F,1,201409,1,157100,25.5
DNFE,11,C,17,09,A,0110,1,GS-09,E,XXXX,8,35,F,1,201409,1,052146,00.9
DNFE,11,D,13,13,D,0110,1,GS-13,I,XXXX,8,10,F,1,201409,1,098916,07.6
DNFE,11,E,17,13,D,0110,1,GS-13,J,XXXX,8,10,F,1,201409,1,101914,09.7
DNFE,11,J,13,13,J,0110,1,GS-13,K,XXXX,8,10,F,1,201409,1,116901,37.2
DNFE,25,I,,,B,0110,1,ED-00,M,XXXX,8,48,I,2,201409,1,130813,01.3
DNFE,11,G,21,15,C,0110,1,GS-15,N,XXXX,8,10,F,1,201409,1,149993,04.1
DNFE,11,D,17,09,A,0110,1,GS-09,E,XXXX,8,15,F,1,201409,1,052146,00.0
DNFE,11,C,14,07,A,0110,1,GS-07,D,XXXX,8,35,F,1,201409,1,042631,00.3
DNFE,11,B,17,07,A,0110,1,GS-07,D,XXXX,8,35,F,1,201409,1,045473,00.3
DNFE,11,C,17,09,A,0110,1,GS-09,E,XXXX,8,35,F,1,201409,1,052146,00.4
DNFE,11,C,17,12,C,0110,1,GS-12,G,XXXX,8,15,F,1,201409,1,075621,03.0
DNFE,11,C,09,13,D,0110,1,GS-13,H,XXXX,8,10,F,1,201409,1,089924,05.7
DNFE,11,D,13,13,D,0110,1,GS-13,I,XXXX,8,10,F,1,201409,1,098916,07.3
DNFE,11,J,13,15,D,0110,1,GS-15,O,XXXX,8,15,F,1,201409,1,157100,06.3
DNFE,11,C,09,13,D,0110,1,GS-13,I,XXXX,8,10,F,1,201409,1,092922,06.3
DNFE,11,D,17,13,D,0110,1,GS-13,I,XXXX,8,10,F,1,201409,1,095919,05.2
DNFE,11,K,21,14,D,0110,1,GS-14,M,XXXX,8,15,F,1,201409,1,131053,05.3
DNFE,11,H,21,13,C,0110,1,GS-13,J,XXXX,8,15,F,1,201409,1,104911,04.3
DNFE,11,E,21,13,B,0110,1,GS-13,H,XXXX,8,15,F,1,201409,1,089924,02.0
DNFE,11,G,13,15,E,0110,1,GS-15,N,XXXX,8,10,F,1,201409,1,141660,12.0
DNFE,11,F,21,15,D,0110,1,GS-15,M,XXXX,8,10,F,1,201409,1,137494,07.7
DNFE,11,J,15,14,H,0110,1,GS-14,M,XXXX,8,10,F,1,201409,1,138136,26.8
DNFE,11,H,13,11,D,0110,1,GS-11,H,XXXX,8,10,F,1,201409,1,082019,09.0
DNFE,11,I,21,15,E,0110,1,GS-15,O,XXXX,8,10,F,1,201409,1,157100,12.6
DNFE,11,J,21,15,C,0110,1,GS-15,O,XXXX,8,15,F,1,201409,1,157100,04.9
DNFE,11,D,21,13,B,0110,1,GS-13,H,XXXX,8,15,F,1,201409,1,089924,02.0
DNFE,11,K,17,14,G,0110,1,GS-14,M,XXXX,8,10,F,1,201409,1,134595,20.4
DNFE,11,D,17,13,D,0110,1,GS-13,I,XXXX,8,10,F,1,201409,1,098916,06.2
DNFE,11,H,13,13,E,0110,1,GS-13,J,XXXX,8,10,F,1,201409,1,104911,12.6
DNFE,11,C,17,13,D,0110,1,GS-13,H,XXXX,8,10,F,1,201409,1,089924,05.3
DNFE,11,H,21,14,E,0110,1,GS-14,M,XXXX,8,10,F,1,201409,1,131053,12.9
DNFE,11,C,17,09,A,0110,1,GS-09,E,XXXX,8,35,F,1,201409,1,052146,00.9
DNFE,11,C,17,09,A,0110,1,GS-09,F,XXXX,8,35,F,1,201409,1,062573,00.9
DNFE,11,D,17,13,D,0110,1,GS-13,I,XXXX,8,10,F,1,201409,1,098916,06.3
DNFE,11,D,13,11,B,0110,1,GS-11,F,XXXX,8,15,F,1,201409,1,063091,02.8
DNFE,11,D,13,13,D,0110,1,GS-13,I,XXXX,8,10,F,1,201409,1,098916,09.9
DNFE,11,C,14,09,B,0110,1,GS-09,E,XXXX,8,15,F,1,201409,1,052146,01.7
DNFE,11,C,13,13,D,0110,1,GS-13,H,XXXX,8,10,F,1,201409,1,089924,06.0
DNFE,11,C,17,09,A,0110,1,GS-09,E,XXXX,8,35,F,1,201409,1,052146,00.9
DNFE,11,B,13,11,B,0110,1,GS-11,F,XXXX,8,15,F,1,201409,1,063091,02.6
DNFE,11,K,21,,J,0110,1,SL-00,P,XXXX,8,10,F,1,201409,1,167000,36.3
DNFE,11,C,17,11,B,0110,1,GS-11,F,XXXX,8,15,F,1,201409,1,063091,01.1
DNFE,11,C,17,09,A,0110,1,GS-09,E,XXXX,8,15,F,1,201409,1,057360,00.0
EB00,11,D,17,12,C,0110,1,GS-12,G,XXXX,8,10,F,1,201409,1,078142,03.1
EB00,11,C,17,11,B,0110,1,GS-11,F,XXXX,8,35,F,1,201409,1,063091,01.2
EB00,11,D,17,12,B,0110,1,GS-12,G,XXXX,8,15,F,1,201409,1,075621,01.1
EB00,11,J,17,14,J,0110,1,GS-14,M,XXXX,8,10,F,1,201409,1,138136,36.0
EB00,11,G,13,13,G,0110,1,GS-13,K,XXXX,8,10,F,1,201409,1,116901,23.3
EB00,11,I,17,15,H,0110,1,GS-15,O,XXXX,2,10,F,1,201409,1,157100,29.8
EB00,11,H,21,13,E,0110,1,GS-13,K,XXXX,8,10,F,1,201409,1,110906,14.1
EB00,11,C,17,12,B,0110,1,GS-12,G,XXXX,8,35,F,1,201409,1,075621,01.0
EB00,11,G,17,13,E,0110,1,GS-13,K,XXXX,8,15,F,1,201409,1,116901,10.4
EDEP,11,D,17,13,C,0110,1,GS-13,H,XXXX,8,10,F,1,201409,1,089924,04.2
EDER,11,H,21,15,F,0110,1,GS-15,O,XXXX,5,10,F,1,201409,1,157100,15.3
EDER,11,I,21,13,H,0110,1,GS-13,K,XXXX,8,10,F,1,201409,1,116901,27.4
EDER,11,H,17,15,F,0110,1,GS-15,O,XXXX,8,10,F,1,201409,1,157100,15.0
EE00,11,K,17,14,J,0110,1,GS-14,M,XXXX,8,10,F,1,201409,1,138136,45.8
EE00,36,J,21,14,G,0110,1,GS-14,M,XXXX,8,10,F,1,201409,1,132131,23.8
EE00,48,E,21,14,C,0110,1,GS-14,K,XXXX,8,10,F,1,201409,1,110104,04.0
EE00,17,H,21,14,C,0110,1,GS-14,L,XXXX,8,10,F,1,201409,1,124849,04.9
EE00,06,I,21,14,C,0110,1,GS-14,L,XXXX,8,10,F,1,201409,1,123319,04.0
EE00,13,F,18,14,F,0110,1,GS-14,K,XXXX,8,15,F,1,201409,1,115649,17.5
EE00,11,G,21,14,D,0110,1,GS-14,L,XXXX,8,10,F,1,201409,1,120429,06.8
EP00,11,H,17,15,H,0110,1,GS-15,O,XXXX,2,10,F,1,201409,1,157100,29.4
EP00,11,G,22,15,D,0110,1,GS-15,N,XXXX,7,10,F,1,201409,1,149993,05.9
EP00,11,F,21,13,D,0110,1,GS-13,J,XXXX,8,10,F,1,201409,1,101914,05.0
EP00,11,G,21,14,F,0110,1,GS-14,M,XXXX,8,10,F,1,201409,1,134595,17.7
EP00,11,F,21,15,D,0110,1,GS-15,M,XXXX,8,10,F,1,201409,1,133328,07.0
EP00,11,G,21,14,F,0110,1,GS-14,L,XXXX,8,10,F,1,201409,1,127512,17.3
EP00,11,G,21,14,F,0110,1,GS-14,M,XXXX,8,10,P,2,201409,1,131053,15.1
EP00,11,D,18,13,C,0110,1,GS-13,I,XXXX,8,15,F,1,201409,1,095919,03.1
EP00,51,K,21,13,H,0110,1,GS-13,K,XXXX,8,10,F,1,201409,1,116901,27.0
EP00,51,D,17,12,C,0110,1,GS-12,I,XXXX,8,15,F,1,201409,1,090744,04.8
EP00,25,G,21,,C,0110,1,ED-00,K,XXXX,8,48,I,2,201409,1,110256,04.4
EP00,51,D,17,09,A,0110,1,GS-09,E,XXXX,8,35,F,1,201409,1,052146,00.4
EP00,51,I,14,14,H,0110,1,GS-14,M,XXXX,8,10,F,1,201409,1,138136,29.0
EP00,06,G,21,,A,0110,1,ED-00,Z,XXXX,8,48,I,2,201409,1,,00.5
EP00,51,F,18,15,F,0110,1,GS-15,N,XXXX,2,10,F,1,201409,1,149993,16.2
EP00,51,I,17,13,G,0110,1,GS-13,K,XXXX,8,10,F,1,201409,1,113904,22.3
EP00,51,H,17,14,H,0110,1,GS-14,M,XXXX,8,10,F,1,201409,1,131053,25.1
EP00,51,I,17,14,G,0110,1,GS-14,M,XXXX,8,10,F,1,201409,1,138136,22.5
EP00,51,C,17,09,A,0110,1,GS-09,E,XXXX,8,35,F,1,201409,1,052146,00.4
EP00,51,H,21,15,E,0110,1,GS-15,M,XXXX,8,10,F,1,201409,1,137494,12.9
EP00,51,E,18,13,D,0110,1,GS-13,I,XXXX,8,10,F,1,201409,1,098916,05.8
EP00,51,I,22,13,D,0110,1,GS-13,J,XXXX,8,10,F,1,201409,1,107909,09.7
EP00,44,H,21,,A,0110,1,ED-00,K,XXXX,8,48,I,2,201409,1,110256,00.3
EP00,06,E,21,,B,0110,1,ED-00,K,XXXX,8,48,I,2,201409,1,110256,01.7
EP00,25,I,21,,B,0110,1,EF-00,K,XXXX,8,48,I,2,201409,1,110256,02.8
EP00,51,C,11,12,C,0110,1,GS-12,G,XXXX,8,10,F,1,201409,1,075621,04.3
EP00,25,K,22,,E,0110,1,EF-00,K,XXXX,8,48,I,2,201409,1,110256,13.2
EP00,06,K,21,,E,0110,1,ED-00,Z,XXXX,8,48,I,2,201409,1,,13.1
EP00,17,K,21,,D,0110,1,ED-00,K,XXXX,8,48,I,2,201409,1,110256,06.9
EP00,37,G,17,15,G,0110,1,GS-15,O,XXXX,2,10,F,1,201409,1,153885,24.1
EP00,08,I,21,,C,0110,1,ED-00,K,XXXX,8,48,I,2,201409,1,110256,04.4
EP00,08,K,21,,D,0110,1,ED-00,K,XXXX,8,48,I,2,201409,1,110256,07.8
EP00,11,I,17,13,G,0110,1,GS-13,K,XXXX,8,10,F,1,201409,1,116901,21.9
EP00,25,G,21,,B,0110,1,ED-00,K,XXXX,8,48,I,2,201409,1,110256,01.8
EP00,11,K,21,,D,0110,1,ED-00,K,XXXX,8,48,I,2,201409,1,110256,07.7
EP00,11,C,13,13,D,0110,1,GS-13,I,XXXX,8,10,F,1,201409,1,092922,05.3
EP00,24,G,21,,B,0110,1,EF-00,K,XXXX,8,48,I,2,201409,1,110256,02.8
EP00,51,K,21,,B,0110,1,EF-00,K,XXXX,8,48,I,2,201409,1,110256,02.8
EP00,11,G,17,13,D,0110,1,GS-13,J,XXXX,8,10,F,1,201409,1,104911,09.1
EP00,11,G,14,14,F,0110,1,GS-14,L,XXXX,8,10,F,1,201409,1,123970,19.8
EP00,51,G,21,13,D,0110,1,GS-13,J,XXXX,8,10,F,1,201409,1,104911,09.7
EP00,11,H,21,,E,0110,1,EF-00,K,XXXX,8,48,I,2,201409,1,110256,10.2
EP00,42,K,21,,E,0110,1,EF-00,K,XXXX,8,48,I,2,201409,1,110256,13.8
EP00,06,H,17,,E,0110,1,EF-00,K,XXXX,8,48,I,2,201409,1,110256,11.8
EP00,24,I,21,,E,0110,1,EF-00,K,XXXX,8,48,I,2,201409,1,110256,13.5
EP00,11,I,17,14,H,0110,1,GS-14,M,XXXX,8,10,F,1,201409,1,138136,29.6
EP00,11,G,14,14,G,0110,1,GS-14,M,XXXX,8,10,F,1,201409,1,138136,23.2
EP00,11,I,21,15,H,0110,1,GS-15,O,XXXX,8,10,F,1,201409,1,154160,29.4
EP00,25,I,21,,D,0110,1,ED-00,K,XXXX,8,48,I,2,201409,1,110256,09.8
EP00,37,H,21,,D,0110,1,EF-00,K,XXXX,8,48,I,2,201409,1,110256,06.9
EP00,42,I,21,,A,0110,1,ED-00,K,XXXX,8,48,I,2,201409,1,110256,00.5
EP00,51,I,17,15,H,0110,1,GS-15,O,XXXX,7,10,F,1,201409,1,157100,28.6
EP00,11,I,21,14,I,0110,1,GS-14,M,XXXX,8,10,F,1,201409,1,138136,30.1
EP00,11,F,17,14,G,0110,1,GS-14,L,XXXX,8,10,F,1,201409,1,123970,20.0
EP00,11,H,14,14,H,0110,1,GS-14,M,XXXX,8,10,F,1,201409,1,138136,25.8
EP00,11,D,17,13,C,0110,1,GS-13,I,XXXX,8,10,F,1,201409,1,095919,04.3
EP00,11,H,17,15,G,0110,1,GS-15,N,XXXX,8,10,F,1,201409,1,149993,23.9
EP00,11,F,17,15,F,0110,1,GS-15,N,XXXX,2,10,F,1,201409,1,145827,17.4
EP00,11,C,17,13,C,0110,1,GS-13,I,XXXX,8,10,F,1,201409,1,092922,04.8
EP00,39,I,17,14,I,0110,1,GS-14,M,XXXX,8,10,F,1,201409,1,131831,30.6
EP00,11,J,21,15,I,0110,1,GS-15,O,XXXX,8,10,F,1,201409,1,157100,30.0
EP00,24,K,21,,E,0110,1,EF-00,K,XXXX,8,48,I,2,201409,1,110256,13.3
EP00,26,G,21,,A,0110,1,EH-00,L,XXXX,8,48,I,2,201409,1,123759,00.2
EP00,25,F,21,,C,0110,1,ED-00,K,XXXX,8,48,I,2,201409,1,110256,04.4
EP00,11,I,21,15,G,0110,1,GS-15,O,XXXX,8,10,F,1,201409,1,157100,24.5
EP00,06,I,21,,A,0110,1,ED-00,Z,XXXX,8,48,I,2,201409,1,,00.5
EP00,08,J,18,,E,0110,1,EF-00,K,XXXX,8,48,I,2,201409,1,110256,13.8
EP00,11,I,13,14,J,0110,1,GS-14,M,XXXX,8,10,F,1,201409,1,138136,35.8
EP00,11,F,17,14,E,0110,1,GS-14,K,XXXX,8,10,F,1,201409,1,113346,11.0
EP00,25,F,22,,D,0110,1,EF-00,K,XXXX,8,48,I,2,201409,1,110256,09.8
EP00,51,I,21,,C,0110,1,ED-00,K,XXXX,8,48,I,2,201409,1,110256,04.4
EP00,51,I,21,,C,0110,1,ED-00,K,XXXX,8,48,I,2,201409,1,110256,03.4
EP00,17,H,21,,D,0110,1,ED-00,K,XXXX,8,48,I,2,201409,1,110256,06.6
EP00,26,G,21,,C,0110,1,ED-00,K,XXXX,8,48,I,2,201409,1,110256,04.4
EP00,11,E,17,13,D,0110,1,GS-13,J,XXXX,8,10,F,1,201409,1,101914,05.3
EP00,11,D,17,13,D,0110,1,GS-13,I,XXXX,8,10,F,1,201409,1,098916,05.3
EP00,11,E,17,13,E,0110,1,GS-13,J,XXXX,8,10,F,1,201409,1,107909,11.4
EP00,11,F,21,13,C,0110,1,GS-13,I,XXXX,8,10,F,1,201409,1,098916,03.0
EP00,11,F,13,13,B,0110,1,GS-13,I,XXXX,8,15,F,1,201409,1,095919,02.8
EP00,11,G,21,14,F,0110,1,GS-14,M,XXXX,8,10,F,1,201409,1,134595,17.1
EP00,11,D,17,13,E,0110,1,GS-13,J,XXXX,8,10,F,1,201409,1,101914,11.1
EP00,11,E,22,15,E,0110,1,GS-15,N,XXXX,2,10,F,1,201409,1,141660,11.1
EP00,11,E,17,14,D,0110,1,GS-14,K,XXXX,8,10,F,1,201409,1,116887,07.6
EP00,44,I,22,13,B,0110,1,GS-13,J,XXXX,8,15,F,1,201409,1,105401,02.7
EP00,51,K,21,13,G,0110,1,GS-13,K,XXXX,8,10,F,1,201409,1,116901,23.2
EP00,27,I,21,,E,0110,1,ED-00,K,XXXX,8,48,I,2,201409,1,110256,12.8
EP00,11,C,13,11,B,0110,1,GS-11,F,XXXX,8,15,F,1,201409,1,063091,01.5
EP00,11,C,17,11,A,0110,1,GS-11,F,XXXX,8,35,F,1,201409,1,063091,00.0
EP00,11,D,13,13,B,0110,1,GS-13,I,XXXX,8,15,F,1,201409,1,095919,01.5
EP00,11,J,21,13,D,0110,1,GS-13,I,XXXX,8,10,F,1,201409,1,098916,06.7
EP00,11,H,17,13,H,0110,1,GS-13,K,XXXX,8,10,F,1,201409,1,116901,26.1
EP00,37,H,17,13,E,0110,1,GS-13,I,XXXX,8,10,F,1,201409,1,099354,10.3
EP00,25,H,21,,E,0110,1,EF-00,K,XXXX,8,48,I,2,201409,1,110256,10.8
EP00,41,G,21,13,B,0110,1,GS-13,H,XXXX,8,15,F,1,201409,1,085396,02.8
EP00,27,G,21,,D,0110,1,EH-00,J,XXXX,8,48,I,2,201409,1,104350,08.3
EP00,11,F,21,14,D,0110,1,GS-14,L,XXXX,8,10,F,1,201409,1,127512,05.2
EP00,11,J,21,14,G,0110,1,GS-14,M,XXXX,8,10,F,1,201409,1,138136,22.3
EP00,11,I,17,15,H,0110,1,GS-15,O,XXXX,2,10,F,1,201409,1,157100,28.5
EP00,11,H,21,13,F,0110,1,GS-13,K,XXXX,8,10,F,1,201409,1,113904,16.3
EP00,11,I,21,15,E,0110,1,GS-15,O,XXXX,6,10,F,1,201409,1,154160,12.6
EP00,11,G,21,15,F,0110,1,GS-15,N,XXXX,8,10,F,1,201409,1,149993,15.9
EP00,39,G,21,15,F,0110,1,GS-15,M,XXXX,2,10,F,1,201409,1,131218,16.1
EP00,39,F,22,15,E,0110,1,GS-15,L,XXXX,2,10,F,1,201409,1,123266,13.6
EP00,39,K,21,13,J,0110,1,GS-13,J,XXXX,8,10,I,2,201409,1,105844,43.2
EP00,39,F,14,13,C,0110,1,GS-13,I,XXXX,8,10,F,1,201409,1,094401,03.8
EP00,25,G,21,,D,0110,1,EF-00,K,XXXX,8,48,I,2,201409,1,110256,09.8
EP00,36,I,21,,D,0110,1,ED-00,Z,XXXX,8,48,I,2,201409,1,,05.6
EP00,37,K,21,,E,0110,1,EF-00,K,XXXX,8,48,I,2,201409,1,110256,11.8
EP00,09,K,21,,E,0110,1,EF-00,K,XXXX,8,48,I,2,201409,1,110256,10.8
EP00,11,E,21,13,D,0110,1,GS-13,J,XXXX,8,10,F,1,201409,1,104911,06.2
EP00,11,D,21,13,D,0110,1,GS-13,I,XXXX,8,10,F,1,201409,1,098916,05.2
EP00,11,G,21,15,F,0110,1,GS-15,N,XXXX,8,10,F,1,201409,1,149993,17.1
EP00,11,D,21,13,D,0110,1,GS-13,J,XXXX,8,10,F,1,201409,1,101914,05.1
EP00,11,E,21,14,E,0110,1,GS-14,L,XXXX,8,10,F,1,201409,1,123970,10.0
EP00,11,G,18,14,F,0110,1,GS-14,L,XXXX,8,10,F,1,201409,1,127512,15.6
EP00,11,H,21,15,F,0110,1,GS-15,O,XXXX,8,10,F,1,201409,1,154160,17.2
EP00,11,G,21,15,F,0110,1,GS-15,N,XXXX,8,10,F,1,201409,1,149993,17.8
EP00,11,E,21,14,D,0110,1,GS-14,L,XXXX,8,10,F,1,201409,1,120429,07.0
EP00,11,F,18,14,E,0110,1,GS-14,L,XXXX,8,10,F,1,201409,1,127512,13.0
EP00,11,F,21,15,E,0110,1,GS-15,N,XXXX,8,10,F,1,201409,1,145827,13.3
EP00,11,I,21,14,F,0110,1,GS-14,M,XXXX,8,10,F,1,201409,1,134595,16.0
EP00,11,F,21,14,E,0110,1,GS-14,L,XXXX,8,10,F,1,201409,1,127512,12.0
EP00,41,F,21,12,D,0110,1,GS-12,G,XXXX,8,40,F,2,201409,1,078762,05.9
EP00,11,K,17,13,G,0110,1,GS-13,K,XXXX,8,10,F,1,201409,1,113904,23.7
EP00,11,G,21,,D,0110,1,EF-00,K,XXXX,8,48,I,2,201409,1,110256,09.8
EP00,37,I,21,,B,0110,1,EF-00,K,XXXX,8,48,I,2,201409,1,110256,02.8
EP00,24,K,21,,E,0110,1,EF-00,K,XXXX,8,48,I,2,201409,1,110256,11.8
EP00,42,G,21,,E,0110,1,EF-00,K,XXXX,8,48,I,2,201409,1,110256,10.3
EP00,39,F,21,,A,0110,1,ED-00,K,XXXX,8,48,I,2,201409,1,110256,00.5
EP00,42,K,21,,D,0110,1,EF-00,K,XXXX,8,48,I,2,201409,1,110256,09.8
EP00,42,H,21,,B,0110,1,EF-00,K,XXXX,8,48,I,2,201409,1,110256,01.2
EP00,06,K,22,,D,0110,1,EF-00,K,XXXX,8,48,I,2,201409,1,110256,06.0
EP00,19,H,21,,E,0110,1,EF-00,K,XXXX,8,48,I,2,201409,1,110256,13.7
EP00,44,J,21,,E,0110,1,ED-00,K,XXXX,8,48,I,2,201409,1,110256,10.8
EP00,42,J,21,,D,0110,1,ED-00,K,XXXX,8,48,I,2,201409,1,110256,09.8
EP00,37,F,21,13,E,0110,1,GS-13,J,XXXX,8,10,F,1,201409,1,102193,10.6
EP00,26,I,21,13,E,0110,1,GS-13,K,XXXX,8,10,F,1,201409,1,116779,13.5
EP00,06,K,21,,E,0110,1,EF-00,K,XXXX,8,48,I,2,201409,1,110256,11.8
EP00,41,H,22,,C,0110,1,ED-00,K,XXXX,8,48,I,2,201409,1,110256,04.4
EP00,41,H,21,,B,0110,1,ED-00,K,XXXX,8,48,I,2,201409,1,110256,01.7
EP00,11,J,17,,E,0110,1,EF-00,K,XXXX,8,48,I,2,201409,1,110256,10.8
EP00,11,H,17,13,G,0110,1,GS-13,K,XXXX,8,10,F,1,201409,1,116901,23.5
EP00,36,I,21,,D,0110,1,ED-00,K,XXXX,8,48,I,2,201409,1,110256,07.2
EP00,08,K,12,,E,0110,1,EF-00,K,XXXX,8,48,I,2,201409,1,110256,13.8
EP00,11,F,20,14,E,0110,1,GS-14,M,XXXX,8,10,F,1,201409,1,131053,11.2
EP00,37,G,21,13,D,0110,1,GS-13,I,XXXX,8,10,F,1,201409,1,099354,06.9
EP00,37,J,18,13,F,0110,1,GS-13,K,XXXX,8,10,F,1,201409,1,110709,19.1
EP00,37,D,17,13,D,0110,1,GS-13,J,XXXX,8,10,F,1,201409,1,105031,05.0
EP00,18,K,21,,D,0110,1,EF-00,K,XXXX,8,48,I,2,201409,1,110256,07.8
FC00,11,K,21,15,F,0110,1,GS-15,O,XXXX,5,10,F,1,201409,1,157100,18.0
FC00,11,H,17,15,E,0110,1,GS-15,O,XXXX,8,10,F,1,201409,1,157100,13.8
FC00,11,J,17,15,G,0110,1,GS-15,O,XXXX,8,10,F,1,201409,1,157100,24.8
FC00,11,D,04,14,C,0110,1,GS-14,J,XXXX,8,10,F,1,201409,1,109804,03.0
FC00,11,J,21,15,F,0110,1,GS-15,O,XXXX,8,10,F,1,201409,1,154160,16.2
FC00,11,E,21,13,C,0110,1,GS-13,H,XXXX,8,10,F,1,201409,1,089924,04.3
FC00,11,J,21,15,H,0110,1,GS-15,O,XXXX,8,10,F,1,201409,1,157100,26.9
FC00,11,H,17,15,F,0110,1,GS-15,O,XXXX,8,10,F,1,201409,1,157100,19.5
FC00,11,K,17,15,J,0110,1,GS-15,O,XXXX,8,10,F,1,201409,1,157100,42.0
FC00,11,G,21,14,F,0110,1,GS-14,L,XXXX,8,10,F,1,201409,1,120429,15.7
FC00,11,C,04,07,B,0119,3,GS-07,D,XXXX,8,15,F,1,201409,1,046894,02.0
FC00,11,B,12,07,B,0119,3,GS-07,D,XXXX,8,15,F,1,201409,1,045473,02.1
FC00,11,H,21,15,G,0110,1,GS-15,O,XXXX,8,10,F,1,201409,1,154160,21.8
FC00,11,K,13,15,J,0110,1,GS-15,O,XXXX,8,20,P,2,201409,1,157100,42.6
FC00,11,H,04,15,C,0110,1,GS-15,O,XXXX,2,10,F,1,201409,1,157100,04.2
FC00,11,J,17,15,J,0110,1,GS-15,O,XXXX,8,10,F,1,201409,1,157100,35.8
FC00,11,K,17,15,J,0110,1,GM-15,O,XXXX,2,10,F,1,201409,1,157100,38.2
FC00,11,F,17,15,G,0110,1,GS-15,O,XXXX,8,10,F,1,201409,1,157100,21.2
FC00,11,D,21,13,B,0110,1,GS-13,J,XXXX,8,15,F,1,201409,1,104911,01.2
FC00,11,K,21,15,F,0110,1,GS-15,O,XXXX,8,10,F,1,201409,1,154160,16.6
FC00,11,K,21,15,F,0110,1,GS-15,O,XXXX,8,10,F,1,201409,1,157100,19.0
FC00,11,E,12,15,C,0110,1,GS-15,L,XXXX,8,10,F,1,201409,1,124995,04.5
FC00,11,C,12,09,B,0110,1,GS-09,E,XXXX,8,15,F,1,201409,1,052146,02.8
FC00,11,G,04,15,C,0110,1,GS-15,M,XXXX,8,10,F,1,201409,1,137494,03.0
FC00,11,C,04,09,B,0110,1,GS-09,E,XXXX,8,15,F,1,201409,1,052146,02.1
FC00,11,J,21,15,G,0110,1,GS-15,O,XXXX,8,10,F,1,201409,1,157100,20.0
FC00,11,G,17,15,F,0110,1,GS-15,O,XXXX,8,10,F,1,201409,1,157100,17.3
FC00,11,I,21,15,F,0110,1,GS-15,O,XXXX,8,10,F,1,201409,1,157100,19.3
FC00,11,H,11,15,D,0110,1,GS-15,O,XXXX,8,10,F,1,201409,1,157100,08.2
FC00,11,G,21,15,E,0110,1,GS-15,O,XXXX,8,10,F,1,201409,1,157100,13.3
FC00,11,J,17,15,I,0110,1,GS-15,O,XXXX,8,10,F,1,201409,1,157100,34.0
FC00,11,K,17,13,H,0110,1,GS-13,K,XXXX,8,10,F,1,201409,1,116901,26.5
FC00,11,K,21,15,H,0110,1,GS-15,O,XXXX,5,10,F,1,201409,1,157100,26.2
FC00,11,H,12,14,D,0110,1,GS-14,M,XXXX,8,10,F,1,201409,1,131053,05.9
FC00,11,I,18,14,F,0110,1,GS-14,M,XXXX,8,10,F,1,201409,1,131053,19.7
FC00,11,J,21,15,H,0110,1,GS-15,O,XXXX,8,10,F,1,201409,1,157100,27.8
FC00,11,J,21,15,F,0110,1,GS-15,O,XXXX,8,10,F,1,201409,1,154160,19.8
FC00,26,G,17,15,C,0110,1,GS-15,M,XXXX,8,10,F,1,201409,1,134017,04.0
FC00,11,G,15,15,D,0110,1,GS-15,O,XXXX,8,10,F,1,201409,1,157100,09.8
FC00,11,I,21,15,E,0110,1,GS-15,O,XXXX,8,10,F,1,201409,1,157100,13.2
FC00,11,H,21,15,F,0110,1,GS-15,O,XXXX,8,10,F,1,201409,1,157100,17.3
FC00,11,E,12,15,C,0110,1,GS-15,L,XXXX,8,10,F,1,201409,1,124995,04.0
FC00,11,F,21,15,C,0110,1,GS-15,M,XXXX,2,10,F,1,201409,1,137494,03.0
FC00,11,K,21,,I,0110,1,SL-00,P,XXXX,5,10,F,1,201409,1,165300,34.6
FC00,11,G,17,15,C,0110,1,GS-15,M,XXXX,8,10,F,1,201409,1,137494,04.1
FC00,11,K,21,15,E,0110,1,GS-15,O,XXXX,2,10,F,1,201409,1,157100,11.0
FC00,11,J,21,,I,0110,1,SL-00,P,XXXX,5,10,F,1,201409,1,165300,33.2
FC00,11,I,21,15,H,0110,1,GS-15,O,XXXX,8,10,F,1,201409,1,157100,26.2
FC00,11,J,17,,J,0110,1,ES-**,P,XXXX,2,50,F,1,201409,1,167100,37.8
FC00,11,D,14,12,A,0110,1,GS-12,H,XXXX,8,15,F,1,201409,1,085703,00.1
FC00,11,J,21,15,I,0110,1,GS-15,O,XXXX,8,10,F,1,201409,1,157100,32.5
FC00,11,I,17,15,F,0110,1,GS-15,O,XXXX,8,10,F,1,201409,1,154160,18.0
FC00,11,F,11,15,D,0110,1,GS-15,M,XXXX,8,10,F,1,201409,1,133328,07.6
FC00,11,I,18,15,I,0110,1,GS-15,O,XXXX,8,10,F,1,201409,1,157100,30.7
FC00,11,H,18,15,G,0110,1,GS-15,O,XXXX,5,10,F,1,201409,1,154160,21.3
FC00,11,H,17,15,F,0110,1,GS-15,O,XXXX,8,10,F,1,201409,1,157100,17.9
FC00,11,B,04,07,B,0119,3,GS-07,D,XXXX,8,15,F,1,201409,1,045473,02.0
FC00,11,K,21,15,J,0110,1,GS-15,O,XXXX,8,10,F,1,201409,1,157100,35.1
FC00,11,J,21,15,G,0110,1,GS-15,O,XXXX,8,10,F,1,201409,1,157100,20.0
FC00,11,D,18,15,C,0110,1,GS-15,L,XXXX,8,10,F,1,201409,1,124995,03.0
FC00,11,J,21,15,I,0110,1,GS-15,O,XXXX,5,10,F,1,201409,1,157100,34.7
FC00,11,I,21,15,E,0110,1,GS-15,O,XXXX,5,10,F,1,201409,1,157100,13.9
FC00,11,D,04,07,B,0119,3,GS-07,D,XXXX,8,20,F,2,201409,1,044052,01.8
FC00,11,C,21,13,B,0110,1,GS-13,J,XXXX,8,15,F,1,201409,1,104911,01.1
FC00,11,B,04,09,B,0110,1,GS-09,E,XXXX,8,15,F,1,201409,1,052146,02.1
FC00,11,J,17,15,F,0110,1,GS-15,O,XXXX,8,10,F,1,201409,1,157100,19.5
FD00,13,J,17,14,D,0110,1,CG-14,N,XXXX,8,10,F,1,201409,1,142822,06.6
FD00,11,G,21,14,D,0110,1,CG-14,P,XXXX,8,10,F,1,201409,1,162619,09.5
FD00,11,F,21,14,B,0110,1,CG-14,R,XXXX,8,40,F,2,201409,1,180886,02.3
FD00,11,B,17,07,A,0110,1,CG-07,D,XXXX,8,40,F,2,201409,1,047257,00.3
FD00,11,E,13,15,E,0110,1,CG-15,P,XXXX,8,10,F,1,201409,1,163823,13.2
FD00,11,B,13,07,A,0110,1,CG-07,D,XXXX,8,40,F,2,201409,1,047257,00.1
FD00,36,H,17,13,G,0110,1,CG-13,P,XXXX,8,10,F,1,201409,1,168319,21.3
FD00,29,G,17,14,C,0110,1,CG-14,K,XXXX,8,10,F,1,201409,1,114275,04.2
FD00,11,F,21,14,B,0110,1,CG-14,P,XXXX,8,15,F,1,201409,1,163802,02.3
FD00,11,B,13,09,B,0110,1,CG-09,E,XXXX,8,15,F,1,201409,1,057869,02.2
FD00,11,F,21,14,F,0110,1,CG-14,N,XXXX,8,10,F,1,201409,1,147581,18.1
FD00,36,J,04,14,F,0110,1,CG-14,T,XXXX,8,10,F,1,201409,1,200991,17.8
FD00,11,G,21,,F,0110,1,CM-02,U,XXXX,2,10,F,1,201409,1,233000,17.0
FD00,11,J,17,15,G,0110,1,CG-15,U,XXXX,8,10,F,1,201409,1,221610,24.5
FD00,11,E,21,14,E,0110,1,CG-14,M,XXXX,8,10,F,1,201409,1,137464,10.3
FD00,11,B,13,09,B,0110,1,CG-09,E,XXXX,8,40,F,2,201409,1,058261,02.2
FD00,11,B,13,07,A,0110,1,CG-07,D,XXXX,8,40,F,2,201409,1,047257,00.2
FD00,29,B,13,07,A,0110,1,CG-07,D,XXXX,8,40,F,2,201409,1,041290,00.2
FD00,11,C,13,11,C,0110,1,CG-11,G,XXXX,8,15,F,1,201409,1,073309,03.2
FD00,11,C,13,11,C,0110,1,CG-11,G,XXXX,8,15,F,1,201409,1,073309,03.1
FD00,47,B,13,07,A,0110,1,CG-07,D,XXXX,8,40,F,2,201409,1,041290,00.5
FD00,13,C,13,07,A,0110,1,CG-07,D,XXXX,8,40,F,2,201409,1,044976,00.4
FD00,11,D,21,14,D,0110,1,CG-14,R,XXXX,8,10,F,1,201409,1,188393,07.0
FD00,11,E,17,14,C,0110,1,CG-14,Q,XXXX,8,10,F,1,201409,1,170766,04.8
FD00,11,B,13,09,B,0110,1,CG-09,E,XXXX,8,40,F,2,201409,1,058261,02.1
FD00,11,D,13,12,D,0110,1,CG-12,J,XXXX,8,10,F,1,201409,1,101449,08.8
FD00,11,C,13,12,D,0110,1,CG-12,H,XXXX,8,10,F,1,201409,1,087680,06.2
FD00,11,D,17,09,C,0110,1,CG-09,F,XXXX,8,40,F,2,201409,1,062838,03.8
FD00,11,G,21,15,D,0110,1,CG-15,T,XXXX,8,10,F,1,201409,1,206020,07.1
FD00,11,J,21,14,H,0110,1,CG-14,P,XXXX,8,10,F,1,201409,1,167963,27.2
FD00,11,C,13,11,C,0110,1,CG-11,G,XXXX,8,15,F,1,201409,1,073309,03.8
FD00,11,D,13,13,B,0110,1,CG-13,N,XXXX,8,15,F,1,201409,1,141041,01.0
FD00,48,I,17,14,F,0110,1,CG-14,Q,XXXX,8,10,F,1,201409,1,174795,17.8
FD00,11,J,21,15,E,0110,1,CG-15,M,XXXX,8,15,F,1,201409,1,138170,11.4
FD00,11,C,13,12,D,0110,1,CG-12,H,XXXX,8,10,F,1,201409,1,087338,06.1
FD00,11,G,17,14,E,0110,1,CG-14,P,XXXX,8,10,F,1,201409,1,163624,12.1
FD00,11,I,17,15,H,0110,1,CG-15,U,XXXX,8,10,F,1,201409,1,221610,27.3
FD00,11,D,13,14,C,0110,1,CG-14,Q,XXXX,8,10,F,1,201409,1,171936,04.0
FD00,11,C,13,13,D,0110,1,CG-13,I,XXXX,8,10,F,1,201409,1,099554,05.3
FD00,11,J,21,15,D,0110,1,CG-15,T,XXXX,8,10,F,1,201409,1,217115,07.5
FD00,11,B,13,09,B,0110,1,CG-09,E,XXXX,8,40,F,2,201409,1,058261,02.2
FD00,11,C,13,07,A,0110,1,CG-07,D,XXXX,8,40,F,2,201409,1,047257,00.6
FD00,11,D,13,12,D,0110,1,CG-12,H,XXXX,8,10,F,1,201409,1,085285,05.3
FD00,11,C,17,12,A,0110,1,CG-12,M,XXXX,8,15,F,1,201409,1,130231,00.2
FD00,11,E,17,14,D,0110,1,CG-14,L,XXXX,8,10,F,1,201409,1,125145,08.2
FD00,11,I,17,14,G,0110,1,CG-14,N,XXXX,8,10,F,1,201409,1,143974,24.8
FD00,11,F,21,15,E,0110,1,CG-15,T,XXXX,8,10,F,1,201409,1,210501,13.0
FD00,17,C,17,12,C,0110,1,CG-12,H,XXXX,8,15,F,1,201409,1,084284,04.4
FD00,13,D,17,12,C,0110,1,CG-12,H,XXXX,8,10,F,1,201409,1,081170,03.1
FD00,11,F,13,,C,0110,1,CM-01,R,XXXX,2,10,F,1,201409,1,186733,03.9
FD00,11,D,13,12,D,0110,1,CG-12,I,XXXX,8,10,F,1,201409,1,091118,06.3
FD00,11,G,17,13,B,0110,1,CG-13,M,XXXX,8,15,F,1,201409,1,133888,02.3
FD00,11,B,13,09,B,0110,1,CG-09,E,XXXX,8,40,F,2,201409,1,058261,02.2
FD00,48,C,13,07,A,0110,1,CG-07,D,XXXX,8,40,F,2,201409,1,045343,00.2
FD00,11,B,13,07,A,0110,1,CG-07,D,XXXX,8,40,F,2,201409,1,047257,00.1
FD00,11,H,21,12,D,0110,1,CG-12,M,XXXX,8,10,F,1,201409,1,134071,07.3
FD00,11,I,14,15,I,0110,1,CG-15,U,XXXX,8,10,F,1,201409,1,221610,30.3
FD00,11,B,13,07,A,0110,1,CG-07,D,XXXX,8,40,F,2,201409,1,047257,00.1
FD00,11,D,17,13,B,0110,1,CG-13,N,XXXX,8,15,F,1,201409,1,143809,01.2
FD00,11,D,21,12,A,0110,1,CG-12,M,XXXX,8,15,F,1,201409,1,130231,00.1
FD00,25,K,21,14,E,0110,1,CG-14,S,XXXX,8,10,F,1,201409,1,198030,11.5
FD00,11,C,13,11,C,0110,1,CG-11,G,XXXX,8,15,F,1,201409,1,073309,03.2
FD00,11,C,12,11,C,0110,1,CG-11,G,XXXX,8,15,F,1,201409,1,073309,03.8
FD00,11,J,21,15,H,0110,1,CG-15,U,XXXX,8,10,F,1,201409,1,221610,28.2
FD00,11,D,21,14,B,0110,1,CG-14,P,XXXX,8,15,F,1,201409,1,163802,02.0
FD00,11,F,21,14,D,0110,1,CG-14,P,XXXX,8,10,F,1,201409,1,162124,09.0
FD00,11,E,21,14,B,0110,1,CG-14,P,XXXX,8,15,F,1,201409,1,163802,02.1
FD00,11,E,21,14,D,0110,1,CG-14,R,XXXX,8,10,F,1,201409,1,188393,06.1
FD00,11,E,17,12,B,0110,1,CG-12,L,XXXX,8,15,F,1,201409,1,128941,01.0
FD00,06,F,17,12,B,0110,1,CG-12,L,XXXX,8,15,F,1,201409,1,122363,02.6
FD00,11,J,17,,J,0110,1,EM-00,V,XXXX,2,10,F,1,201409,1,243771,40.3
FD00,11,C,04,09,B,0110,1,CG-09,E,XXXX,8,40,F,2,201409,1,056865,01.2
FD00,11,I,17,14,G,0110,1,CG-14,R,XXXX,8,10,F,1,201409,1,188393,22.3
FD00,06,G,17,12,F,0110,1,CG-12,N,XXXX,8,10,F,1,201409,1,148912,15.3
FD00,11,I,21,15,H,0110,1,CG-15,T,XXXX,8,10,F,1,201409,1,219420,27.8
FD00,11,D,17,11,C,0110,1,CG-11,G,XXXX,8,15,F,1,201409,1,075613,03.8
FD00,11,C,17,07,A,0110,1,CG-07,D,XXXX,8,40,F,2,201409,1,047257,00.2
FD00,48,F,17,14,F,0110,1,CG-14,N,XXXX,8,10,F,1,201409,1,145663,16.2
FD00,11,I,21,14,H,0110,1,CG-14,R,XXXX,8,10,F,1,201409,1,180962,26.2
FD00,47,D,13,12,D,0110,1,CG-12,G,XXXX,8,10,F,1,201409,1,074016,05.2
FD00,11,D,22,12,A,0110,1,CG-12,L,XXXX,8,15,F,1,201409,1,128941,00.1
FL00,51,J,21,,I,0110,1,VH-41,S,XXXX,2,10,F,1,201409,1,194930,30.5
FL00,51,I,17,,H,0110,1,VH-40,O,XXXX,8,10,F,1,201409,1,158468,27.8
FL00,51,J,21,,I,0110,1,VH-40,Q,XXXX,8,10,F,1,201409,1,170380,33.0
FRFT,11,D,17,,B,0110,1,CN-**,N,XXXX,8,38,F,1,201409,1,,02.6
FRFT,11,I,22,,F,0110,1,CN-**,Q,XXXX,8,10,F,1,201409,1,,15.6
FRFT,11,C,17,,B,0110,1,CN-**,E,XXXX,8,48,F,2,201409,1,,01.7
FRFT,11,B,13,,A,0110,1,CN-**,D,XXXX,8,48,F,2,201409,1,,00.7
FRFT,11,F,04,,E,0110,1,CN-**,P,XXXX,8,38,F,1,201409,1,,10.3
FRFT,11,H,21,,H,0110,1,CN-**,S,XXXX,2,10,F,1,201409,1,,25.2
FRFT,11,E,13,,F,0110,1,CN-**,J,XXXX,8,10,F,1,201409,1,,16.8
FRFT,11,C,04,,B,0110,1,CN-**,F,XXXX,8,48,F,2,201409,1,,02.2
FRFT,11,D,21,,D,0110,1,CN-**,O,XXXX,8,10,F,1,201409,1,,06.3
FRFT,11,C,13,,D,0110,1,CN-**,H,XXXX,8,48,F,2,201409,1,,05.1
FRFT,11,D,04,,B,0110,1,CN-**,P,XXXX,8,48,F,2,201409,1,,02.1
FRFT,11,C,13,,C,0110,1,CN-**,H,XXXX,8,48,F,2,201409,1,,03.3
FRFT,11,B,13,,B,0110,1,CN-**,F,XXXX,8,48,F,2,201409,1,,02.2
FRFT,11,D,17,,C,0110,1,CN-**,M,XXXX,8,10,F,1,201409,1,,03.8
FRFT,11,D,21,,B,0110,1,CN-**,P,XXXX,8,38,F,1,201409,1,,01.9
FRFT,11,F,21,,D,0110,1,CN-**,P,XXXX,8,10,F,1,201409,1,,05.2
FRFT,11,B,04,,B,0110,1,CN-**,D,XXXX,8,15,F,1,201409,1,,01.3
FRFT,11,G,21,,F,0110,1,CN-**,T,XXXX,8,38,F,1,201409,1,,15.2
FRFT,11,F,21,,C,0110,1,CN-**,S,XXXX,8,38,F,1,201409,1,,04.8
FRFT,11,D,17,,B,0110,1,CN-**,M,XXXX,8,15,F,1,201409,1,,02.8
FRFT,11,E,17,,D,0110,1,CN-**,L,XXXX,8,48,F,2,201409,1,,06.8
FRFT,11,F,13,,E,0110,1,CN-**,L,XXXX,8,10,F,1,201409,1,,11.0
FRFT,11,B,11,,A,0110,1,CN-**,D,XXXX,8,48,F,2,201409,1,,00.1
FRFT,11,C,17,,B,0110,1,CN-**,E,XXXX,8,48,F,2,201409,1,,01.7
FRFT,11,F,21,,D,0110,1,CN-**,R,XXXX,2,15,F,1,201409,1,,06.7
FRFT,11,D,13,,C,0110,1,CN-**,M,XXXX,8,48,F,2,201409,1,,04.0
FRFT,11,G,04,,E,0110,1,CN-**,T,XXXX,2,38,F,1,201409,1,,13.2
FRFT,11,F,21,,D,0110,1,CN-**,R,XXXX,8,38,F,1,201409,1,,09.2
FRFT,11,F,21,,E,0110,1,CN-**,S,XXXX,2,38,F,1,201409,1,,13.0
FRFT,11,D,21,,A,0110,1,CN-**,M,XXXX,8,38,F,1,201409,1,,00.5
FRFT,11,E,21,,B,0110,1,CN-**,P,XXXX,8,48,F,2,201409,1,,01.3
FRFT,11,F,21,,E,0110,1,CN-**,S,XXXX,2,10,F,1,201409,1,,14.9
FRFT,11,C,13,,A,0110,1,CN-**,L,XXXX,8,38,F,1,201409,1,,00.2
FRFT,11,F,22,,B,0110,1,CN-**,S,XXXX,2,38,F,1,201409,1,,01.8
FT00,11,D,21,12,B,0110,1,GS-12,I,XXXX,8,15,F,1,201409,1,098305,01.0
FT00,11,E,21,12,B,0110,1,GS-12,I,XXXX,8,15,F,1,201409,1,098305,01.0
FT00,11,E,21,15,D,0110,1,GS-15,O,XXXX,8,10,F,1,201409,1,157100,09.0
FT00,11,G,21,15,D,0110,1,GS-15,O,XXXX,8,10,F,1,201409,1,154160,07.9
FT00,11,G,21,15,E,0110,1,GS-15,O,XXXX,8,10,F,1,201409,1,157100,14.1
FT00,11,F,21,15,E,0110,1,GS-15,O,XXXX,8,10,F,1,201409,1,157100,13.1
FT00,11,F,21,15,D,0110,1,GS-15,N,XXXX,8,10,F,1,201409,1,141660,08.1
FT00,11,F,21,14,A,0110,1,GS-14,L,XXXX,8,15,F,1,201409,1,127512,00.3
FT00,11,E,21,14,D,0110,1,GS-14,L,XXXX,8,10,F,1,201409,1,123970,07.3
FT00,11,H,21,14,G,0110,1,GS-14,L,XXXX,8,10,F,1,201409,1,123970,23.8
FT00,11,E,21,15,B,0110,1,GS-15,O,XXXX,8,20,F,2,201409,1,157100,01.5
FT00,11,J,22,15,I,0110,1,GS-15,O,XXXX,8,10,F,1,201409,1,157100,34.3
FT00,11,F,20,15,E,0110,1,GS-15,O,XXXX,8,10,F,1,201409,1,157100,10.0
FT00,11,E,21,14,C,0110,1,GS-14,K,XXXX,8,10,F,1,201409,1,116887,04.1
FT00,25,D,21,15,D,0110,1,GS-15,M,XXXX,8,10,I,2,201409,1,138136,05.0
FT00,11,F,21,15,E,0110,1,GS-15,M,XXXX,8,10,F,1,201409,1,137494,12.8
FT00,11,I,21,15,H,0110,1,GS-15,O,XXXX,2,10,F,1,201409,1,157100,28.6
FT00,11,C,21,13,B,0110,1,GS-13,J,XXXX,8,15,F,1,201409,1,104911,02.1
FT00,11,D,21,12,A,0110,1,GS-12,I,XXXX,8,15,F,1,201409,1,098305,00.1
FT00,11,H,21,15,E,0110,1,GS-15,O,XXXX,8,10,F,1,201409,1,157100,14.3
FT00,11,D,21,14,C,0110,1,GS-14,L,XXXX,8,10,F,1,201409,1,120429,03.1
FT00,11,H,21,15,G,0110,1,GS-15,O,XXXX,8,10,F,1,201409,1,157100,23.3
FT00,11,G,21,15,E,0110,1,GS-15,O,XXXX,8,10,F,1,201409,1,157100,12.7
FT00,11,I,21,15,F,0110,1,GS-15,O,XXXX,8,10,F,1,201409,1,157100,17.6
FT00,11,E,,,B,0110,1,EF-00,L,XXXX,8,48,I,2,201409,1,129519,01.1
FT00,11,K,21,15,G,0110,1,GS-15,O,XXXX,8,10,F,1,201409,1,157100,21.3
FT00,11,E,21,14,C,0110,1,GS-14,K,XXXX,8,15,F,1,201409,1,116887,03.0
FT00,11,C,21,12,A,0110,1,GS-12,I,XXXX,8,15,F,1,201409,1,098305,00.2
FT00,11,J,17,,I,0110,1,ES-**,Q,XXXX,2,50,F,1,201409,1,179700,31.8
FT00,11,I,21,,I,0110,1,ES-**,P,XXXX,2,50,F,1,201409,1,166500,31.7
FT00,11,I,22,15,H,0110,1,GS-15,O,XXXX,8,10,F,1,201409,1,157100,25.0
FT00,11,F,21,,D,0110,1,ES-**,O,XXXX,2,50,F,1,201409,1,158000,06.2
FT00,11,J,21,15,J,0110,1,GS-15,O,XXXX,8,10,F,1,201409,1,157100,35.0
FT00,11,K,22,15,H,0110,1,GS-15,O,XXXX,8,10,F,1,201409,1,157100,26.3
FT00,11,G,21,15,E,0110,1,GS-15,O,XXXX,2,10,F,1,201409,1,157100,13.1
FT00,11,G,21,15,F,0110,1,GS-15,O,XXXX,8,10,F,1,201409,1,157100,19.3
FT00,11,H,21,15,F,0110,1,GS-15,O,XXXX,8,10,F,1,201409,1,157100,19.0
FT00,11,F,21,15,E,0110,1,GS-15,N,XXXX,8,10,F,1,201409,1,149993,14.0
FT00,11,F,21,14,A,0110,1,GS-14,M,XXXX,8,15,F,1,201409,1,138136,00.7
FT00,11,K,21,15,J,0110,1,GM-15,O,XXXX,5,10,F,1,201409,1,157100,36.3
FT00,11,I,22,14,F,0110,1,GS-14,L,XXXX,8,10,F,1,201409,1,127512,16.0
FT00,11,J,21,15,I,0110,1,GM-15,O,XXXX,2,10,F,1,201409,1,157100,34.1
FT00,11,D,21,13,B,0110,1,GS-13,J,XXXX,8,15,F,1,201409,1,104911,02.1
FT00,11,I,21,15,E,0110,1,GS-15,O,XXXX,8,10,F,1,201409,1,157100,10.8
FT00,11,D,21,15,D,0110,1,GS-15,N,XXXX,8,10,F,1,201409,1,141660,06.2
FT00,11,K,21,15,J,0110,1,GM-15,O,XXXX,5,10,F,1,201409,1,157100,42.0
FT00,11,C,21,13,B,0110,1,GS-13,J,XXXX,8,15,F,1,201409,1,104911,02.1
FT00,11,I,17,15,G,0110,1,GS-15,O,XXXX,8,10,F,1,201409,1,157100,24.0
FT00,11,E,21,15,E,0110,1,GS-15,O,XXXX,8,10,F,1,201409,1,157100,10.0
FT00,11,D,21,14,A,0110,1,GS-14,J,XXXX,8,15,F,1,201409,1,106263,00.3
FT00,11,F,21,15,D,0110,1,GS-15,N,XXXX,8,10,F,1,201409,1,145827,07.2
FT00,11,H,21,15,G,0110,1,GS-15,O,XXXX,8,10,F,1,201409,1,157100,23.9
FT00,11,G,21,15,F,0110,1,GS-15,O,XXXX,8,10,F,1,201409,1,157100,18.3
FT00,11,E,21,15,E,0110,1,GS-15,N,XXXX,8,10,F,1,201409,1,149993,12.9
FT00,11,G,21,15,G,0110,1,GS-15,O,XXXX,8,10,F,1,201409,1,157100,20.1
FT00,11,E,21,14,D,0110,1,GS-14,L,XXXX,8,10,F,1,201409,1,120429,06.0
FT00,11,E,21,14,D,0110,1,GS-14,K,XXXX,8,10,F,1,201409,1,113346,09.0
FT00,11,F,21,15,D,0110,1,GS-15,O,XXXX,8,10,F,1,201409,1,157100,06.2
FT00,11,E,21,15,C,0110,1,GS-15,M,XXXX,8,10,F,1,201409,1,137494,03.1
FT00,11,E,13,14,C,0110,1,GS-14,L,XXXX,8,10,F,1,201409,1,120429,04.5
FT00,11,I,21,15,F,0110,1,GS-15,O,XXXX,8,10,F,1,201409,1,157100,17.3
FT00,11,D,21,15,D,0110,1,GS-15,M,XXXX,8,10,F,1,201409,1,137494,05.0
FT00,11,D,21,14,B,0110,1,GS-14,L,XXXX,8,15,F,1,201409,1,123970,01.2
FT00,11,I,21,15,J,0110,1,GM-15,O,XXXX,5,10,F,1,201409,1,157100,35.2
FT00,11,G,21,15,G,0110,1,GS-15,O,XXXX,8,10,F,1,201409,1,157100,22.1
FT00,11,I,21,15,F,0110,1,GS-15,O,XXXX,8,10,F,1,201409,1,157100,16.4
FT00,11,F,21,15,F,0110,1,GS-15,O,XXXX,8,10,F,1,201409,1,157100,15.1
FT00,11,K,20,15,J,0110,1,GM-15,O,XXXX,5,10,F,1,201409,1,157100,37.2
FT00,11,J,22,15,I,0110,1,GS-15,O,XXXX,8,10,F,1,201409,1,157100,31.8
FT00,11,F,21,15,E,0110,1,GS-15,N,XXXX,8,10,F,1,201409,1,145827,13.1
FT00,11,E,21,15,D,0110,1,GS-15,N,XXXX,8,10,F,1,201409,1,141660,07.1
FT00,11,E,21,15,D,0110,1,GS-15,O,XXXX,8,10,F,1,201409,1,154160,08.0
FT00,11,H,21,15,F,0110,1,GS-15,O,XXXX,8,10,F,1,201409,1,157100,15.0
FT00,11,J,21,15,I,0110,1,GM-15,O,XXXX,5,10,F,1,201409,1,157100,32.7
FT00,11,H,21,15,G,0110,1,GS-15,O,XXXX,8,10,F,1,201409,1,157100,21.9
FT00,11,F,21,15,E,0110,1,GS-15,O,XXXX,8,10,F,1,201409,1,157100,13.9
FT00,11,D,21,13,B,0110,1,GS-13,J,XXXX,8,15,F,1,201409,1,104911,01.2
FT00,11,J,21,15,J,0110,1,GM-15,O,XXXX,5,10,F,1,201409,1,157100,35.0
FT00,11,D,21,15,D,0110,1,GS-15,L,XXXX,8,10,F,1,201409,1,129161,06.0
FT00,11,I,21,15,H,0110,1,GS-15,O,XXXX,8,10,F,1,201409,1,157100,26.3
FT00,11,E,21,15,C,0110,1,GS-15,L,XXXX,8,10,F,1,201409,1,129161,04.0
FT00,11,H,21,15,F,0110,1,GS-15,O,XXXX,8,10,F,1,201409,1,157100,17.8
FT00,11,F,21,15,F,0110,1,GS-15,O,XXXX,8,10,F,1,201409,1,157100,16.8
GB00,11,C,17,12,C,0110,1,GS-12,G,XXXX,8,15,F,1,201409,1,078142,03.3
GB00,11,G,21,14,D,0110,1,GS-14,M,XXXX,8,15,F,1,201409,1,131053,06.1
GB00,11,F,17,13,D,0110,1,GS-13,J,XXXX,8,10,F,1,201409,1,101914,09.8
GB00,11,E,17,14,D,0110,1,GS-14,J,XXXX,8,10,F,1,201409,1,109804,06.1
GB00,11,F,17,15,F,0110,1,GS-15,M,XXXX,2,10,P,2,201409,1,137494,15.2
GB00,11,G,21,14,E,0110,1,GS-14,L,XXXX,8,10,F,1,201409,1,123970,12.5
HE10,11,D,17,13,B,0110,1,GS-13,H,XXXX,8,15,P,2,201409,1,089924,02.3
HE10,11,C,21,12,B,0110,1,GS-12,G,XXXX,8,15,F,1,201409,1,078142,01.2
HE10,11,D,21,13,C,0110,1,GS-13,I,XXXX,8,10,F,1,201409,1,098916,03.4
HE10,11,F,15,15,F,0110,1,GS-15,N,XXXX,8,10,F,1,201409,1,149993,15.2
HE10,11,D,18,12,B,0110,1,GS-12,G,XXXX,8,15,F,1,201409,1,075621,01.3
HE10,11,I,21,15,G,0110,1,GS-15,O,XXXX,8,10,F,1,201409,1,157100,22.0
HE10,11,E,21,13,C,0110,1,GS-13,J,XXXX,8,10,F,1,201409,1,101914,04.1
HE10,11,E,09,14,E,0110,1,GS-14,K,XXXX,8,10,F,1,201409,1,116887,13.3
HE10,11,K,21,15,J,0110,1,GM-15,O,XXXX,5,10,F,1,201409,1,157100,45.5
HE10,11,G,18,14,F,0110,1,GS-14,L,XXXX,8,10,F,1,201409,1,123970,15.2
HE10,11,E,18,13,B,0110,1,GS-13,J,XXXX,8,15,F,1,201409,1,104911,01.3
HE10,11,K,04,14,G,0110,1,GS-14,M,XXXX,8,10,F,1,201409,1,138136,23.6
HE10,11,K,21,14,J,0110,1,GM-14,M,XXXX,5,10,F,1,201409,1,138136,36.9
HE32,24,D,21,,A,0110,1,RG-00,J,XXXX,8,48,F,2,201409,1,101914,00.3
HE33,24,H,21,15,G,0110,1,GS-15,O,XXXX,8,10,F,1,201409,1,157100,21.9
HE33,24,G,21,14,D,0110,1,GS-14,M,XXXX,8,10,F,1,201409,1,134595,09.1
HE33,24,G,21,14,E,0110,1,GS-14,M,XXXX,8,10,F,1,201409,1,138136,14.8
HE33,24,K,22,14,J,0110,1,GS-14,M,XXXX,8,10,P,2,201409,1,138136,35.2
HE33,24,H,13,14,G,0110,1,GS-14,M,XXXX,8,10,P,2,201409,1,138136,23.3
HE33,24,F,21,,A,0110,1,RG-00,M,XXXX,8,48,F,2,201409,1,138136,00.3
HE33,24,G,21,15,E,0110,1,GS-15,O,XXXX,8,10,F,1,201409,1,154160,14.8
HE33,24,K,21,15,J,0110,1,GS-15,O,XXXX,8,10,F,1,201409,1,157100,41.3
HE33,24,H,21,14,G,0110,1,GS-14,M,XXXX,8,10,F,1,201409,1,138136,24.9
HE33,24,K,17,,F,0110,1,RS-00,T,XXXX,2,38,F,1,201409,1,201700,19.5
HE33,24,E,21,,A,0110,1,RG-00,J,XXXX,8,48,F,2,201409,1,101914,00.3
HE33,24,F,21,14,C,0110,1,GS-14,L,XXXX,8,10,F,1,201409,1,127512,04.7
HE33,24,I,21,,G,0110,1,RS-00,P,XXXX,2,38,F,1,201409,1,160410,21.1
HE33,24,G,21,14,E,0110,1,GS-14,M,XXXX,8,10,P,2,201409,1,131053,14.1
HE33,24,G,21,,G,0110,1,RG-00,N,XXXX,8,48,F,2,201409,1,149993,22.8
HE33,24,G,21,15,F,0110,1,GS-15,O,XXXX,8,10,F,1,201409,1,157100,19.0
HE33,24,H,21,14,F,0110,1,GS-14,M,XXXX,8,10,F,1,201409,1,134595,15.0
HE33,24,I,21,14,G,0110,1,GS-14,M,XXXX,8,10,F,1,201409,1,138136,23.4
HE36,24,C,21,,B,0110,1,RG-00,I,XXXX,8,48,F,2,201409,1,093264,01.1
HE36,24,D,13,13,E,0110,1,GS-13,I,XXXX,8,10,F,1,201409,1,098916,12.0
HE36,24,H,17,14,G,0110,1,GS-14,L,XXXX,8,10,F,1,201409,1,127512,23.4
HE36,24,E,22,,B,0110,1,RG-00,I,XXXX,8,48,F,2,201409,1,093264,01.0
HE36,24,H,21,14,E,0110,1,GS-14,M,XXXX,8,10,F,1,201409,1,131053,14.3
HE36,24,F,16,14,F,0110,1,GS-14,M,XXXX,8,10,F,1,201409,1,131053,15.3
HE36,24,C,21,,A,0110,1,RG-00,I,XXXX,8,48,F,2,201409,1,098305,00.0
HE36,24,J,21,,F,0110,1,RF-00,Q,XXXX,8,10,F,1,201409,1,173748,19.3
HE36,24,D,17,,B,0110,1,RG-00,I,XXXX,8,48,F,2,201409,1,093264,01.2
HE36,24,D,21,,A,0110,1,RG-00,I,XXXX,8,48,F,2,201409,1,098305,00.1
HE36,24,D,21,14,C,0110,1,GS-14,J,XXXX,8,15,F,1,201409,1,106263,03.1
HE36,24,C,21,,A,0110,1,RG-00,I,XXXX,8,48,F,2,201409,1,098305,00.3
HE36,24,D,21,,B,0110,1,RG-00,I,XXXX,8,48,F,2,201409,1,098916,02.2
HE36,24,F,21,,B,0110,1,EG-00,M,XXXX,8,48,I,2,201409,1,130813,02.8
HE36,24,F,21,,D,0110,1,RG-00,H,XXXX,8,48,F,2,201409,1,083183,05.8
HE36,24,D,21,14,D,0110,1,GS-14,K,XXXX,8,15,F,1,201409,1,113346,05.1
HE36,24,D,21,14,D,0110,1,GS-14,K,XXXX,8,10,F,1,201409,1,116887,05.1
HE36,24,H,17,14,G,0110,1,GS-14,L,XXXX,8,10,F,1,201409,1,123970,23.7
HE36,24,I,21,14,H,0110,1,GS-14,L,XXXX,8,10,F,1,201409,1,127512,27.1
HE36,24,E,21,13,B,0110,1,GS-13,J,XXXX,8,15,F,1,201409,1,104911,02.0
HE36,24,H,21,14,D,0110,1,GS-14,K,XXXX,8,10,F,1,201409,1,116887,06.7
HE36,24,D,21,13,B,0110,1,GS-13,I,XXXX,8,15,F,1,201409,1,098916,02.0
HE36,24,F,21,15,E,0110,1,GS-15,N,XXXX,2,10,F,1,201409,1,149993,12.1
HE36,24,D,22,12,B,0110,1,GS-12,I,XXXX,8,15,F,1,201409,1,098305,02.0
HE36,24,I,17,14,G,0110,1,GS-14,M,XXXX,8,10,F,1,201409,1,131053,24.8
HE36,24,D,21,14,C,0110,1,GS-14,J,XXXX,8,15,F,1,201409,1,106263,03.2
HE36,24,C,18,,A,0110,1,RG-00,I,XXXX,8,48,F,2,201409,1,098305,00.0
HE36,24,D,21,,B,0110,1,RG-00,I,XXXX,8,48,F,2,201409,1,097333,01.1
HE36,24,E,21,13,B,0110,1,GS-13,J,XXXX,8,15,F,1,201409,1,104911,02.1
HE36,24,H,17,14,G,0110,1,GS-14,L,XXXX,8,10,F,1,201409,1,123970,24.3
HE36,24,K,04,08,J,0119,3,GS-08,F,XXXX,8,10,F,1,201409,1,061377,46.8
HE36,24,I,22,,A,0110,1,EG-00,M,XXXX,8,48,I,2,201409,1,130813,00.5
HE36,24,F,21,14,E,0110,1,GS-14,L,XXXX,8,10,F,1,201409,1,123970,11.3
HE36,24,J,17,14,F,0110,1,GS-14,L,XXXX,8,10,F,1,201409,1,123970,16.4
HE36,24,D,21,13,B,0110,1,GS-13,J,XXXX,8,15,F,1,201409,1,104911,02.3
HE36,24,D,21,14,D,0110,1,GS-14,K,XXXX,8,10,F,1,201409,1,113346,05.2
HE36,24,C,21,,A,0110,1,RG-00,I,XXXX,8,48,F,2,201409,1,098305,00.1
HE36,24,E,21,13,B,0110,1,GS-13,K,XXXX,8,15,F,1,201409,1,116901,02.7
HE36,24,F,17,14,F,0110,1,GS-14,L,XXXX,8,10,F,1,201409,1,127512,16.5
HE38,24,I,21,,B,0110,1,EI-00,E,XXXX,8,48,I,2,201409,1,052175,02.4
HE38,24,H,21,15,F,0110,1,GS-15,O,XXXX,8,10,F,1,201409,1,157100,16.5
HE38,24,K,21,15,H,0110,1,GS-15,O,XXXX,8,10,F,1,201409,1,157100,27.1
HE38,24,K,21,,B,0110,1,EI-00,E,XXXX,8,48,I,2,201409,1,052175,02.2
HE38,37,H,22,,A,0110,1,EI-00,E,XXXX,8,48,I,2,201409,1,052175,00.1
HE38,24,J,21,14,H,0110,1,GS-14,M,XXXX,8,10,F,1,201409,1,134595,25.8
HE38,24,E,21,14,C,0110,1,GS-14,K,XXXX,8,10,F,1,201409,1,116887,04.3
HE38,24,F,21,,A,0110,1,EI-00,E,XXXX,8,48,I,2,201409,1,052175,00.1
HE38,37,J,21,,B,0110,1,EI-00,E,XXXX,8,48,I,2,201409,1,052175,02.5
HE39,13,F,21,,C,0110,1,RG-00,J,XXXX,8,48,F,2,201409,1,105446,03.5
HE39,13,D,21,,B,0110,1,AD-00,G,XXXX,8,48,F,2,201409,1,075041,01.0
HE39,13,D,21,,C,0110,1,RG-00,H,XXXX,8,48,F,2,201409,1,089234,03.1
HE39,13,G,21,14,D,0110,1,GS-14,L,XXXX,8,10,F,1,201409,1,122451,09.7
HE39,13,G,21,14,F,0110,1,GS-14,M,XXXX,8,10,F,1,201409,1,132654,16.2
HE39,13,G,21,,B,0110,1,RG-00,J,XXXX,8,48,F,2,201409,1,102045,02.2
HE39,13,F,21,15,E,0110,1,GS-15,M,XXXX,2,10,F,1,201409,1,136038,13.0
HE39,13,E,22,13,B,0110,1,GS-13,H,XXXX,8,15,F,1,201409,1,086355,02.1
HE39,13,H,21,13,E,0110,1,GS-13,J,XXXX,8,15,F,1,201409,1,100748,10.9
HE39,39,F,21,,D,0110,1,RG-00,H,XXXX,8,48,F,2,201409,1,088680,07.8
HE39,13,D,22,,B,0110,1,AD-00,G,XXXX,8,48,F,2,201409,1,075041,02.1
HE39,13,E,21,12,B,0110,1,GS-12,G,XXXX,8,15,F,1,201409,1,077461,02.2
HE39,13,F,21,,B,0110,1,AD-00,G,XXXX,8,48,F,2,201409,1,075041,01.1
HE39,13,D,17,,B,0110,1,AD-00,G,XXXX,8,48,F,2,201409,1,075041,01.1
HE39,13,G,21,14,E,0110,1,GS-14,K,XXXX,8,15,F,1,201409,1,115649,13.0
HE39,13,E,21,,C,0110,1,AD-00,G,XXXX,8,48,F,2,201409,1,075041,04.7
HE39,13,I,22,15,F,0110,1,GS-15,O,XXXX,5,10,F,1,201409,1,152042,16.3
HE39,13,G,21,14,D,0110,1,GS-14,K,XXXX,8,10,F,1,201409,1,119050,05.9
HE39,11,D,17,12,C,0110,1,GS-12,H,XXXX,8,10,F,1,201409,1,083183,03.6
HE39,24,D,21,,B,0110,1,RG-00,H,XXXX,8,48,F,2,201409,1,089924,01.0
HE39,13,H,21,14,F,0110,1,GS-14,M,XXXX,8,10,F,1,201409,1,132654,18.3
HE39,13,E,21,,B,0110,1,AD-00,G,XXXX,8,48,F,2,201409,1,075041,01.1
HE39,13,E,21,,A,0110,1,AD-00,G,XXXX,8,48,F,2,201409,1,072620,00.1
HE39,13,H,22,14,F,0110,1,GS-14,M,XXXX,8,10,F,1,201409,1,132654,15.7
HE39,13,C,21,,A,0110,1,AD-00,G,XXXX,8,48,F,2,201409,1,072620,00.1
HE39,13,H,21,,D,0110,1,RG-00,J,XXXX,8,48,F,2,201409,1,100748,07.2
HE39,13,K,21,,D,0110,1,RG-00,L,XXXX,8,48,F,2,201409,1,122451,06.1
HE39,13,D,21,,C,0110,1,RG-00,H,XXXX,8,48,F,2,201409,1,086355,03.1
HE39,11,F,22,,D,0110,1,RG-00,I,XXXX,8,48,F,2,201409,1,092922,06.3
HE39,13,E,21,13,A,0110,1,GS-13,I,XXXX,8,15,F,1,201409,1,094991,00.3
HE39,13,F,21,15,E,0110,1,GS-15,M,XXXX,8,10,F,1,201409,1,132037,14.2
HE39,13,E,22,,D,0110,1,RG-00,J,XXXX,8,48,F,2,201409,1,102045,05.3
HE39,13,E,21,14,D,0110,1,GS-14,J,XXXX,8,10,F,1,201409,1,102045,05.3
HE39,13,E,21,,D,0110,1,RG-00,I,XXXX,8,48,F,2,201409,1,097869,06.2
HE39,13,E,21,,D,0110,1,RG-00,J,XXXX,8,48,F,2,201409,1,100748,05.9
HE39,13,I,21,13,F,0110,1,GS-13,J,XXXX,8,10,F,1,201409,1,106504,15.2
HE39,13,D,21,,C,0110,1,RG-00,H,XXXX,8,48,F,2,201409,1,089234,03.1
HE39,13,H,21,14,F,0110,1,GS-14,L,XXXX,8,10,F,1,201409,1,125852,15.5
HE39,13,H,22,14,E,0110,1,GS-14,L,XXXX,8,10,F,1,201409,1,125852,12.5
HE39,42,I,21,14,F,0110,1,GS-14,L,XXXX,8,10,F,1,201409,1,126949,15.3
HE39,13,E,17,,B,0110,1,RG-00,H,XXXX,8,48,F,2,201409,1,086355,01.0
HE39,13,I,21,14,F,0110,1,GS-14,M,XXXX,8,10,F,1,201409,1,132654,17.1
HE39,13,I,21,,F,0110,1,RF-00,N,XXXX,8,38,F,1,201409,1,143021,17.6
HE39,13,E,21,,D,0110,1,RG-00,K,XXXX,8,48,F,2,201409,1,112248,08.2
HE39,39,F,21,,E,0110,1,RG-00,I,XXXX,8,48,F,2,201409,1,097262,10.0
HE39,13,G,18,14,E,0110,1,GS-14,L,XXXX,8,10,F,1,201409,1,122451,11.8
HE39,24,H,21,,D,0110,1,RF-00,O,XXXX,4,48,F,2,201409,1,153328,09.1
HE39,13,D,21,,B,0110,1,AD-00,G,XXXX,8,48,F,2,201409,1,077461,02.1
HE39,13,I,21,14,E,0110,1,GS-14,K,XXXX,8,15,F,1,201409,1,119050,12.0
HE39,13,J,22,14,F,0110,1,GS-14,M,XXXX,4,10,F,1,201409,1,132654,15.7
HE39,13,G,21,15,E,0110,1,GS-15,O,XXXX,5,10,F,1,201409,1,156043,10.6
HE39,13,D,21,,B,0110,1,AD-00,G,XXXX,8,48,F,2,201409,1,075041,01.1
HE39,13,D,21,,D,0110,1,RG-00,I,XXXX,8,48,F,2,201409,1,097869,05.2
HE39,13,I,18,,D,0110,1,RG-00,J,XXXX,8,48,F,2,201409,1,100748,08.3
HE39,13,D,21,,A,0110,1,AD-00,G,XXXX,8,48,F,2,201409,1,072620,00.1
HE39,13,F,21,,D,0110,1,RG-00,J,XXXX,8,48,F,2,201409,1,100748,09.7
HE39,13,E,21,,A,0110,1,AD-00,G,XXXX,8,48,F,2,201409,1,072620,00.1
HE39,39,I,22,13,F,0110,1,GS-13,J,XXXX,8,10,F,1,201409,1,102983,15.8
HE39,13,F,22,,C,0110,1,RG-00,I,XXXX,8,48,F,2,201409,1,097869,03.8
HE39,13,H,21,,D,0110,1,RG-00,J,XXXX,8,48,F,2,201409,1,106504,05.5
HE39,13,H,21,,B,0110,1,RG-00,J,XXXX,8,48,F,2,201409,1,109383,02.7
HE39,13,E,21,,D,0110,1,RG-00,J,XXXX,8,48,F,2,201409,1,100748,09.3
HE39,13,E,22,14,D,0110,1,GS-14,J,XXXX,8,10,F,1,201409,1,108847,06.2
HE39,13,H,21,14,E,0110,1,GS-14,K,XXXX,8,15,F,1,201409,1,119050,13.0
HE39,13,F,21,,B,0110,1,AD-00,G,XXXX,8,48,F,2,201409,1,075041,01.1
HE39,13,H,21,14,F,0110,1,GS-14,M,XXXX,8,10,F,1,201409,1,132654,15.3
HE39,13,J,21,,F,0110,1,RF-00,P,XXXX,8,48,F,2,201409,1,165375,16.4
HE39,13,E,21,,C,0110,1,RG-00,H,XXXX,8,48,F,2,201409,1,086355,04.1
HE39,13,E,22,,B,0110,1,AD-00,G,XXXX,8,48,F,2,201409,1,075041,01.1
HE39,13,G,17,13,E,0110,1,GS-13,J,XXXX,8,10,F,1,201409,1,109383,14.0
HE39,13,E,17,,B,0110,1,AD-00,G,XXXX,8,48,F,2,201409,1,075041,02.1
HE39,13,D,21,,A,0110,1,AD-00,G,XXXX,8,48,F,2,201409,1,072620,00.1
HE70,11,F,17,14,E,0110,1,GS-14,L,XXXX,8,10,F,1,201409,1,123970,11.6
HE70,24,D,13,13,D,0110,1,GS-13,K,XXXX,8,10,F,1,201409,1,110906,07.8
HE70,24,F,13,14,G,0110,1,GS-14,M,XXXX,8,10,F,1,201409,1,131053,20.2
HE70,24,E,13,14,F,0110,1,GS-14,L,XXXX,8,10,F,1,201409,1,123970,15.3
HE70,24,J,21,15,G,0110,1,GS-15,O,XXXX,8,10,F,1,201409,1,154160,20.5
HE70,24,J,21,15,D,0110,1,GS-15,N,XXXX,8,10,F,1,201409,1,141660,09.1
HE70,24,F,13,,G,0110,1,ES-**,P,XXXX,2,50,F,1,201409,1,160224,22.3
HE70,24,I,14,14,I,0110,1,GS-14,M,XXXX,8,10,F,1,201409,1,138136,33.0
HE70,24,G,21,14,E,0110,1,GS-14,L,XXXX,8,10,F,1,201409,1,120429,11.8
HE70,24,E,17,14,C,0110,1,GS-14,J,XXXX,8,10,F,1,201409,1,106263,03.9
HE70,24,E,13,13,C,0110,1,GS-13,I,XXXX,8,10,F,1,201409,1,092922,03.9
HE70,24,K,17,13,J,0110,1,GS-13,K,XXXX,8,10,F,1,201409,1,116901,40.2
HE70,24,E,13,13,F,0110,1,GS-13,J,XXXX,8,10,F,1,201409,1,107909,15.0
HE70,24,D,17,13,D,0110,1,GS-13,I,XXXX,8,10,F,1,201409,1,092922,05.6
HE70,11,G,17,14,F,0110,1,GS-14,M,XXXX,8,10,P,2,201409,1,134595,16.6
HE70,24,G,13,14,G,0110,1,GS-14,L,XXXX,8,10,F,1,201409,1,120429,23.3
HE70,24,F,17,13,G,0110,1,GS-13,K,XXXX,8,10,F,1,201409,1,110906,20.2
HE70,24,H,21,14,E,0110,1,GS-14,L,XXXX,8,10,F,1,201409,1,123970,13.8
HE70,24,F,13,15,F,0110,1,GS-15,N,XXXX,2,10,F,1,201409,1,145827,19.0
HE70,24,G,13,13,G,0110,1,GS-13,K,XXXX,8,10,F,1,201409,1,113904,20.4
HE70,24,C,17,13,B,0110,1,GS-13,I,XXXX,8,15,F,1,201409,1,095919,02.2
HE70,24,F,13,14,G,0110,1,GS-14,L,XXXX,8,10,F,1,201409,1,127512,22.3
HE70,24,I,13,14,J,0110,1,GS-14,M,XXXX,8,10,F,1,201409,1,138136,35.7
HE70,24,D,13,13,E,0110,1,GS-13,J,XXXX,8,10,F,1,201409,1,104911,10.3
HE70,24,E,13,13,E,0110,1,GS-13,I,XXXX,8,10,F,1,201409,1,098916,12.2
HE70,24,K,21,15,J,0110,1,GS-15,O,XXXX,8,10,F,1,201409,1,157100,35.7
HFHA,11,D,21,,B,0110,1,EL-13,M,XXXX,8,15,F,1,201409,1,138897,02.1
HFHA,11,F,21,,C,0110,1,EL-14,N,XXXX,8,10,F,1,201409,1,148471,03.1
HFHA,11,E,17,,B,0110,1,EL-13,M,XXXX,8,15,F,1,201409,1,139682,02.2
HFHA,11,D,21,,C,0110,1,EL-12,L,XXXX,8,10,F,1,201409,1,124925,03.1
HFHA,11,J,21,,J,0110,1,LL-01,U,XXXX,2,10,F,1,201409,1,234830,38.2
HFHA,11,G,17,,D,0110,1,EL-15,N,XXXX,8,10,F,1,201409,1,146892,05.2
HFHA,11,I,21,,F,0110,1,EL-15,Q,XXXX,8,10,F,1,201409,1,177948,17.1
HFHA,11,H,21,,G,0110,1,LL-01,U,XXXX,2,10,F,1,201409,1,227191,23.9
HFHA,11,C,13,,B,0110,1,EL-09,G,XXXX,8,15,F,1,201409,1,076057,02.3
HFHA,11,E,17,,C,0110,1,EL-13,K,XXXX,8,10,F,1,201409,1,116500,04.2
HFHA,11,F,21,,E,0110,1,EL-14,P,XXXX,8,10,F,1,201409,1,165191,12.2
HFHA,11,G,17,,C,0110,1,EL-13,L,XXXX,8,10,F,1,201409,1,124125,03.6
HFHA,11,F,21,,C,0110,1,EL-14,N,XXXX,8,10,F,1,201409,1,149514,03.0
HFHA,11,D,18,,D,0110,1,EL-14,N,XXXX,8,10,F,1,201409,1,144890,08.1
HFHA,11,H,21,,H,0110,1,EL-14,O,XXXX,8,10,F,1,201409,1,157470,27.0
HFHA,11,D,21,,B,0110,1,EL-12,L,XXXX,8,15,F,1,201409,1,122450,01.3
HFHA,11,D,21,,B,0110,1,EL-13,M,XXXX,8,15,F,1,201409,1,138403,02.3
HFHA,11,K,21,,J,0110,1,EL-15,R,XXXX,8,10,F,1,201409,1,181406,37.3
HFHA,11,H,21,,C,0110,1,EL-14,Q,XXXX,8,10,F,1,201409,1,174004,04.1
HFHA,11,I,21,,B,0110,1,EL-14,N,XXXX,8,15,F,1,201409,1,149972,01.8
HFHA,11,D,21,,B,0110,1,EL-12,L,XXXX,8,15,F,1,201409,1,121200,01.0
HFHA,11,F,21,,D,0110,1,EL-15,T,XXXX,8,10,F,1,201409,1,204293,09.5
HFHA,11,C,17,,C,0110,1,EL-13,K,XXXX,8,10,F,1,201409,1,110098,04.2
HFHA,11,F,21,,D,0110,1,EL-12,M,XXXX,8,15,F,1,201409,1,131062,05.6
HFHA,11,J,18,,F,0110,1,EL-15,R,XXXX,8,10,F,1,201409,1,180597,16.1
HFHA,11,G,21,,F,0110,1,EL-15,Q,XXXX,8,10,F,1,201409,1,170387,17.1
HFHA,11,H,17,,F,0110,1,EL-14,P,XXXX,8,10,F,1,201409,1,164428,18.8
HFHA,11,F,21,,F,0110,1,EL-15,R,XXXX,8,10,F,1,201409,1,182830,16.7
HFHA,11,C,14,,C,0110,1,EL-09,G,XXXX,8,10,F,1,201409,1,073840,03.0
HFHA,11,C,13,,C,0110,1,EL-07,F,XXXX,8,15,F,1,201409,1,060765,03.3
HFHA,11,E,17,,C,0110,1,EL-13,L,XXXX,8,10,F,1,201409,1,128000,04.6
HFHA,11,E,13,,E,0110,1,EL-13,M,XXXX,8,10,F,1,201409,1,135275,14.3
HFHA,11,B,13,,B,0110,1,EL-07,G,XXXX,8,15,F,1,201409,1,073639,01.2
HFHA,11,G,21,,D,0110,1,EL-15,S,XXXX,2,10,F,1,201409,1,194688,06.8
HFHA,11,H,17,,C,0110,1,EL-14,P,XXXX,8,10,F,1,201409,1,167197,04.8
HFHA,11,C,17,,B,0110,1,EL-07,E,XXXX,8,15,F,1,201409,1,051458,01.4
HFHI,11,F,21,,B,0110,1,EL-15,T,XXXX,8,15,F,1,201409,1,205530,02.8
HSAA,11,G,17,,G,0110,1,SL-00,P,XXXX,8,10,F,1,201409,1,162800,22.7
HSAA,11,F,19,15,E,0110,1,GS-15,N,XXXX,8,10,F,1,201409,1,141660,12.2
HSAA,11,G,17,15,E,0110,1,GS-15,N,XXXX,8,10,F,1,201409,1,141660,13.2
HSAA,11,J,17,15,I,0110,1,GS-15,O,XXXX,8,10,F,1,201409,1,157100,34.3
HSAB,11,E,17,14,C,0110,1,GS-14,J,XXXX,8,10,F,1,201409,1,109804,03.3
HSAB,06,D,17,14,E,0110,1,GS-14,K,XXXX,8,10,F,1,201409,1,119654,10.0
HSAB,11,H,21,15,F,0110,1,GS-15,M,XXXX,2,10,F,1,201409,1,137494,19.4
HSAB,11,D,14,14,D,0110,1,GS-14,L,XXXX,8,10,F,1,201409,1,120429,09.8
HSAB,11,G,13,13,D,0110,1,GS-13,H,XXXX,8,10,F,1,201409,1,089924,08.3
HSAB,11,I,17,15,E,0110,1,GS-15,N,XXXX,8,10,F,1,201409,1,141660,13.9
HSAB,11,J,13,15,D,0110,1,GS-15,M,XXXX,2,10,F,1,201409,1,137494,05.9
HSAB,11,E,17,14,B,0110,1,GS-14,J,XXXX,8,15,F,1,201409,1,109804,01.1
HSAB,11,H,21,14,B,0110,1,GS-14,J,XXXX,8,15,F,1,201409,1,106263,01.1
HSAB,06,G,17,14,D,0110,1,GS-14,K,XXXX,8,10,F,1,201409,1,119654,06.1
HSAB,11,J,21,14,H,0110,1,GS-14,L,XXXX,8,10,F,1,201409,1,123970,28.6
HSAB,11,H,22,15,F,0110,1,GS-15,N,XXXX,2,10,F,1,201409,1,141660,17.4
HSAB,06,G,21,14,E,0110,1,GS-14,K,XXXX,8,10,F,1,201409,1,119654,10.0
HSAB,11,D,13,15,D,0110,1,GS-15,O,XXXX,8,10,F,1,201409,1,154160,09.2
HSAB,11,E,21,14,D,0110,1,GS-14,J,XXXX,8,10,F,1,201409,1,106263,05.4
HSAB,11,D,17,14,E,0110,1,GS-14,J,XXXX,8,10,F,1,201409,1,106263,11.7
HSAB,11,H,21,14,B,0110,1,GS-14,J,XXXX,8,15,F,1,201409,1,109804,01.0
HSAB,11,D,11,15,E,0110,1,GS-15,M,XXXX,2,10,F,1,201409,1,133328,12.0
HSAB,11,E,17,14,F,0110,1,GS-14,J,XXXX,8,10,F,1,201409,1,109804,18.0
HSAB,11,D,17,14,C,0110,1,GS-14,J,XXXX,8,10,F,1,201409,1,109804,03.9
HSAB,11,D,17,15,B,0110,1,GS-15,L,XXXX,8,15,F,1,201409,1,129161,01.3
HSAB,11,H,17,14,D,0110,1,GS-14,J,XXXX,8,15,F,1,201409,1,106263,07.3
HSAB,11,D,13,14,D,0110,1,GS-14,J,XXXX,8,10,F,1,201409,1,106263,09.8
HSAB,11,E,17,13,D,0110,1,GS-13,I,XXXX,8,10,F,1,201409,1,098916,08.1
HSAB,11,E,17,12,C,0110,1,GS-12,G,XXXX,8,10,F,1,201409,1,078142,04.6
HSAB,11,I,21,14,B,0110,1,GS-14,L,XXXX,8,15,F,1,201409,1,127512,01.2
HSAB,11,E,21,12,D,0110,1,GS-12,I,XXXX,8,15,F,1,201409,1,093264,06.5
HSAB,06,G,17,14,B,0110,1,GS-14,J,XXXX,8,15,F,1,201409,1,108019,01.8
HSAB,11,H,17,14,E,0110,1,GS-14,K,XXXX,8,10,F,1,201409,1,113346,12.9
HSAC,11,H,17,15,E,0110,1,GS-15,N,XXXX,2,10,F,1,201409,1,141660,13.9
HSAC,11,D,13,13,C,0110,1,GS-13,I,XXXX,8,10,F,1,201409,1,092922,04.6
HSAC,11,H,21,14,D,0110,1,GS-14,L,XXXX,5,10,F,1,201409,1,123970,05.7
HSAC,11,C,17,11,A,0110,1,GS-11,H,XXXX,8,15,F,1,201409,1,082019,00.8
HSAC,11,C,14,12,B,0110,1,GS-12,G,XXXX,8,15,F,1,201409,1,075621,01.6
HSAC,11,C,17,13,D,0110,1,GS-13,H,XXXX,8,10,F,1,201409,1,089924,06.3
HSAC,11,G,17,15,G,0110,1,GS-15,N,XXXX,8,10,F,1,201409,1,145827,23.6
HSAC,11,D,17,11,A,0110,1,GS-11,F,XXXX,8,15,F,1,201409,1,063091,00.9
HSAC,11,F,17,15,E,0110,1,GS-15,M,XXXX,5,10,F,1,201409,1,137494,10.6
HSAC,11,G,17,14,E,0110,1,GS-14,L,XXXX,5,10,F,1,201409,1,120429,12.9
HSAC,11,J,17,14,D,0110,1,GS-14,L,XXXX,8,10,F,1,201409,1,120429,08.3
HSAC,11,H,21,13,D,0110,1,GS-13,K,XXXX,8,10,F,1,201409,1,113904,05.9
HSAC,11,D,17,11,D,0110,1,GS-11,G,XXXX,8,10,F,1,201409,1,071504,06.5
HSAC,11,G,21,13,G,0110,1,GS-13,K,XXXX,8,10,F,1,201409,1,113904,21.3
HSAC,11,K,21,14,D,0110,1,GS-14,M,XXXX,5,10,F,1,201409,1,131053,06.2
HSAC,11,G,13,14,D,0110,1,GS-14,K,XXXX,5,10,F,1,201409,1,113346,06.6
HSAC,11,C,17,11,A,0110,1,GS-11,F,XXXX,8,15,F,1,201409,1,063091,00.3
HSAC,11,E,17,13,D,0110,1,GS-13,I,XXXX,8,10,F,1,201409,1,095919,05.2
HSAC,11,C,17,12,C,0110,1,GS-12,G,XXXX,8,10,F,1,201409,1,075621,03.6
HSBB,11,D,17,14,E,0110,1,GS-14,K,XXXX,8,10,F,1,201409,1,113346,11.1
HSBC,51,D,17,,D,0110,1,SV-J,K,XXXX,8,38,F,1,201409,1,110210,08.7
HSBC,51,D,13,,D,0110,1,SV-I,J,XXXX,8,38,F,1,201409,1,100715,06.1
HSBC,51,C,13,,B,0110,1,SV-I,G,XXXX,8,38,F,1,201409,1,073389,02.8
HSBC,51,D,17,,B,0110,1,SV-H,F,XXXX,8,38,F,1,201409,1,062037,01.1
HSBC,51,D,17,,A,0110,1,SV-J,J,XXXX,8,38,F,1,201409,1,108070,00.9
HSBC,51,G,21,,D,0110,1,SV-K,O,XXXX,2,38,F,1,201409,1,152791,05.1
HSBC,51,H,21,,B,0110,1,SV-I,H,XXXX,8,38,F,1,201409,1,086102,01.4
HSBC,51,D,17,,B,0110,1,SV-J,I,XXXX,8,38,F,1,201409,1,095577,01.3
HSBC,51,C,13,,B,0110,1,SV-G,F,XXXX,8,38,F,1,201409,1,062417,01.0
HSBC,51,C,13,,C,0110,1,SV-I,G,XXXX,8,38,F,1,201409,1,073389,04.3
HSBC,51,C,09,,D,0110,1,SV-I,G,XXXX,8,38,F,1,201409,1,073389,06.3
HSBD,11,C,13,12,C,0110,1,GS-12,G,XXXX,8,10,F,1,201409,1,078142,03.7
HSBD,11,D,17,15,D,0110,1,GS-15,L,XXXX,2,10,F,1,201409,1,124995,09.1
HSBD,11,D,04,13,C,0110,1,GS-13,H,XXXX,8,10,F,1,201409,1,089924,04.7
HSCA,51,E,17,15,D,0110,1,GS-15,N,XXXX,4,10,F,1,201409,1,141660,09.6
HSCB,11,D,17,13,D,0110,1,GS-13,I,XXXX,8,10,F,1,201409,1,095919,05.6
HSCB,11,G,17,15,H,0110,1,GS-15,N,XXXX,2,10,F,1,201409,1,145827,25.8
HU01,25,E,04,12,D,0110,1,GS-12,H,XXXX,8,10,F,1,201409,1,083571,08.3
HU03,42,G,17,13,H,0110,1,GS-13,J,XXXX,8,10,F,1,201409,1,108737,26.3
HU03,42,K,14,14,J,0110,1,GS-14,M,XXXX,4,10,F,1,201409,1,135434,42.9
HU03,42,D,04,12,C,0110,1,GS-12,G,XXXX,8,10,F,1,201409,1,076613,04.0
HU03,06,E,17,12,D,0110,1,GS-12,H,XXXX,8,10,F,1,201409,1,085151,06.1
HU03,42,D,04,12,D,0110,1,GS-12,G,XXXX,8,10,F,1,201409,1,076613,05.9
HU04,13,E,04,12,C,0110,1,GS-12,G,XXXX,8,10,F,1,201409,1,077461,04.8
HU04,13,C,04,12,C,0110,1,GS-12,G,XXXX,8,10,F,1,201409,1,075041,04.2
HU04,13,D,17,12,D,0110,1,GS-12,H,XXXX,8,10,F,1,201409,1,082302,08.0
HU04,13,J,17,14,J,0110,1,GS-14,L,XXXX,2,10,F,1,201409,1,129253,37.4
HU04,48,G,17,12,D,0110,1,GS-12,H,XXXX,8,10,F,1,201409,1,080805,09.6
HU04,13,C,04,12,C,0110,1,GS-12,G,XXXX,8,10,F,1,201409,1,075041,04.0
HU06,48,G,17,12,E,0110,1,GS-12,H,XXXX,8,10,F,1,201409,1,085702,10.1
HU06,48,E,17,12,D,0110,1,GS-12,H,XXXX,8,10,F,1,201409,1,080805,06.0
HU06,48,D,04,14,D,0110,1,GS-14,J,XXXX,2,10,F,1,201409,1,103226,09.3
HU06,48,F,13,12,C,0110,1,GS-12,G,XXXX,8,10,F,1,201409,1,075909,04.0
HU06,48,C,04,12,C,0110,1,GS-12,G,XXXX,8,10,F,1,201409,1,075909,04.0
HU06,48,D,04,13,E,0110,1,GS-13,I,XXXX,8,10,F,1,201409,1,096090,10.0
HU08,08,E,04,12,C,0110,1,GS-12,G,XXXX,8,10,F,1,201409,1,077072,04.2
HU08,08,H,17,14,D,0110,1,GS-14,J,XXXX,2,10,F,1,201409,1,104809,08.8
HU09,06,E,04,12,E,0110,1,GS-12,H,XXXX,8,10,F,1,201409,1,087760,13.0
HU09,06,K,18,13,J,0110,1,GS-13,K,XXXX,8,10,F,1,201409,1,119668,45.3
HU09,06,C,04,12,C,0110,1,GS-12,H,XXXX,8,10,F,1,201409,1,085017,04.0
HU10,40,H,14,12,D,0110,1,GS-12,G,XXXX,8,10,F,1,201409,1,076446,07.9
HU10,53,K,17,14,H,0110,1,GS-14,L,XXXX,2,10,F,1,201409,1,121565,27.8
HU10,53,C,04,12,C,0110,1,GS-12,G,XXXX,8,10,F,1,201409,1,076626,04.2
HUEE,11,G,21,15,E,0110,1,GS-15,N,XXXX,8,10,F,1,201409,1,145827,14.0
HUMM,11,J,21,13,C,0110,1,GS-13,I,XXXX,8,10,F,1,201409,1,098916,04.9
HUMM,11,J,20,14,F,0110,1,GS-14,L,XXXX,8,10,F,1,201409,1,127512,15.5
HUMM,11,F,17,13,C,0110,1,GS-13,K,XXXX,8,10,F,1,201409,1,116901,04.8
HUMM,11,F,17,14,C,0110,1,GS-14,K,XXXX,8,10,F,1,201409,1,116887,04.3
HUMM,11,K,04,15,B,0110,1,GS-15,O,XXXX,2,10,F,1,201409,1,157100,01.7
HURR,13,F,17,13,E,0110,1,GS-13,J,XXXX,8,10,F,1,201409,1,100748,12.2
HURR,11,H,04,14,D,0110,1,GS-14,L,XXXX,8,10,F,1,201409,1,127512,09.9
HURR,11,J,21,15,I,0110,1,GS-15,O,XXXX,2,10,F,1,201409,1,157100,34.6
HURR,11,J,21,14,G,0110,1,GS-14,L,XXXX,8,10,F,1,201409,1,127512,21.9
HURR,11,F,21,13,C,0110,1,GS-13,I,XXXX,8,10,F,1,201409,1,098916,03.0
HURR,11,H,21,,G,0110,1,ES-**,Q,XXXX,2,50,F,1,201409,1,179634,23.3
HURR,17,K,04,14,H,0110,1,GS-14,M,XXXX,2,10,F,1,201409,1,135548,25.3
HURR,11,H,21,15,E,0110,1,GS-15,N,XXXX,2,10,F,1,201409,1,141660,14.4
HURR,11,J,21,13,D,0110,1,GS-13,J,XXXX,8,10,F,1,201409,1,101914,09.0
HURR,08,E,17,12,B,0110,1,GS-12,G,XXXX,8,15,F,1,201409,1,074587,02.8
HURR,11,F,20,14,E,0110,1,GS-14,L,XXXX,8,10,F,1,201409,1,127512,12.1
HURR,11,I,17,15,J,0110,1,GS-15,O,XXXX,2,10,F,1,201409,1,157100,35.9
HURR,11,I,17,14,F,0110,1,GS-14,M,XXXX,8,10,F,1,201409,1,134595,16.8
HURR,11,F,17,15,D,0110,1,GS-15,N,XXXX,2,10,F,1,201409,1,141660,08.8
HURR,11,I,17,15,G,0110,1,GS-15,O,XXXX,8,10,F,1,201409,1,154160,21.9
HURR,11,C,13,13,D,0110,1,GS-13,I,XXXX,8,10,F,1,201409,1,092922,05.6
HURR,11,G,21,14,C,0110,1,GS-14,L,XXXX,8,10,F,1,201409,1,123970,03.2
HURR,17,H,14,12,G,0110,1,GS-12,I,XXXX,8,10,F,1,201409,1,096463,24.9
HURR,11,E,04,15,E,0110,1,GS-15,M,XXXX,2,10,F,1,201409,1,137494,10.1
HURR,11,K,21,14,G,0110,1,GS-14,M,XXXX,8,10,F,1,201409,1,138136,23.5
HURR,11,D,04,13,E,0110,1,GS-13,I,XXXX,8,10,F,1,201409,1,098916,10.1
HURR,11,E,13,14,D,0110,1,GS-14,J,XXXX,8,10,F,1,201409,1,109804,07.1
HURR,11,J,21,13,E,0110,1,GS-13,J,XXXX,8,10,F,1,201409,1,107909,10.7
HURR,11,J,21,15,G,0110,1,GS-15,N,XXXX,8,10,F,1,201409,1,149993,21.9
HURR,17,G,13,13,D,0110,1,GS-13,J,XXXX,8,10,F,1,201409,1,105654,08.0
HURR,11,J,17,15,J,0110,1,GS-15,O,XXXX,2,10,F,1,201409,1,157100,42.1
HURR,11,F,21,14,E,0110,1,GS-14,L,XXXX,8,10,F,1,201409,1,120429,10.4
HUTT,11,G,21,14,D,0110,1,GS-14,M,XXXX,8,15,F,1,201409,1,134595,09.2
IN01,11,K,21,14,E,0110,1,GS-14,M,XXXX,8,10,F,1,201409,1,138136,10.5
IN01,11,F,21,13,D,0110,1,GS-13,J,XXXX,8,10,F,1,201409,1,107909,09.3
IN01,11,I,22,15,G,0110,1,GS-15,O,XXXX,8,10,F,1,201409,1,157100,22.7
IN01,06,C,17,12,B,0110,1,GS-12,G,XXXX,8,15,F,1,201409,1,074392,01.7
IN01,11,F,14,13,D,0110,1,GS-13,J,XXXX,8,10,F,1,201409,1,107909,09.2
IN01,08,I,21,12,B,0110,1,GS-12,G,XXXX,8,15,F,1,201409,1,077072,01.2
IN01,11,E,21,13,D,0110,1,GS-13,I,XXXX,8,10,F,1,201409,1,098916,05.4
IN01,11,I,17,15,H,0110,1,GS-15,O,XXXX,2,10,F,1,201409,1,157100,29.8
IN01,08,D,13,12,D,0110,1,GS-12,G,XXXX,8,10,F,1,201409,1,079558,07.8
IN01,08,C,17,12,C,0110,1,GS-12,H,XXXX,8,10,F,1,201409,1,089502,04.5
IN01,08,C,17,12,C,0110,1,GS-12,G,XXXX,8,10,F,1,201409,1,077072,03.9
IN01,11,G,21,15,F,0110,1,GS-15,N,XXXX,8,10,F,1,201409,1,149993,15.3
IN05,08,E,21,14,B,0110,1,GS-14,J,XXXX,8,15,F,1,201409,1,108302,01.5
IN05,32,J,17,14,J,0110,1,GS-14,L,XXXX,8,10,F,1,201409,1,126949,36.5
IN05,11,E,13,14,E,0110,1,GS-14,K,XXXX,8,10,F,1,201409,1,113346,11.8
IN05,08,E,14,12,D,0110,1,GS-12,I,XXXX,8,10,F,1,201409,1,091988,05.9
IN05,56,D,17,12,D,0110,1,GS-12,G,XXXX,8,10,F,1,201409,1,076446,06.5
IN05,08,E,21,13,C,0110,1,GS-13,I,XXXX,8,10,F,1,201409,1,097563,03.3
IN07,08,H,17,14,H,0110,1,GS-14,L,XXXX,8,10,F,1,201409,1,122274,28.8
IN07,08,G,17,13,G,0110,1,GS-13,J,XXXX,8,10,F,1,201409,1,100519,22.0
IN07,06,K,17,12,J,0110,1,GS-12,I,XXXX,8,10,F,1,201409,1,096707,37.1
IN07,49,J,17,13,I,0110,1,GS-13,J,XXXX,8,10,F,1,201409,1,107434,32.8
IN07,08,I,17,14,H,0110,1,GS-14,L,XXXX,2,10,F,1,201409,1,125767,29.1
IN07,32,D,13,12,E,0110,1,GS-12,G,XXXX,8,10,F,1,201409,1,076446,13.3
IN07,08,F,17,12,F,0110,1,GS-12,I,XXXX,8,10,F,1,201409,1,094474,16.8
IN07,49,F,17,11,E,0110,1,GS-11,G,XXXX,8,10,F,1,201409,1,075376,10.7
IN07,16,J,13,12,J,0110,1,GS-12,I,XXXX,8,10,F,1,201409,1,090344,35.8
IN07,49,D,17,12,C,0110,1,GS-12,G,XXXX,8,10,F,1,201409,1,071813,03.9
IN07,08,I,17,13,H,0110,1,GS-13,K,XXXX,8,10,F,1,201409,1,112345,27.4
IN07,08,I,21,13,H,0110,1,GS-13,K,XXXX,8,10,F,1,201409,1,112345,26.0
IN07,16,F,13,12,E,0110,1,GS-12,H,XXXX,8,10,F,1,201409,1,081079,13.8
IN07,16,F,17,12,E,0110,1,GS-12,H,XXXX,8,10,F,1,201409,1,083395,14.3
IN07,06,H,13,12,H,0110,1,GS-12,I,XXXX,8,10,F,1,201409,1,096707,26.0
IN07,08,G,13,11,H,0110,1,GS-11,H,XXXX,8,10,F,1,201409,1,080896,25.3
IN07,08,I,21,13,F,0110,1,GS-13,I,XXXX,8,10,F,1,201409,1,097563,19.9
IN07,08,D,17,09,C,0110,1,GS-09,E,XXXX,8,35,F,1,201409,1,051433,04.5
IN07,08,I,15,13,G,0110,1,GS-13,J,XXXX,8,10,F,1,201409,1,103475,22.3
IN07,08,C,17,12,C,0110,1,GS-12,G,XXXX,8,10,F,1,201409,1,079558,04.3
IN07,06,H,17,12,F,0110,1,GS-12,I,XXXX,8,10,F,1,201409,1,091748,16.0
IN07,06,F,17,12,A,0110,1,GS-12,I,XXXX,8,15,F,1,201409,1,096707,00.8
IN07,08,D,17,11,B,0110,1,GS-11,F,XXXX,8,15,F,1,201409,1,064302,02.7
IN08,08,C,17,11,B,0110,1,GS-11,F,XXXX,8,15,F,1,201409,1,062228,01.8
IN08,51,G,18,13,D,0110,1,GS-13,I,XXXX,8,10,F,1,201409,1,098916,06.0
IN08,51,F,17,12,D,0110,1,GS-12,G,XXXX,8,10,F,1,201409,1,078142,06.0
IN08,08,D,17,13,C,0110,1,GS-13,H,XXXX,8,15,F,1,201409,1,088693,03.3
IN08,08,D,17,11,B,0110,1,GS-11,F,XXXX,8,20,I,2,201409,1,062228,02.9
IN08,51,D,17,13,D,0110,1,GS-13,I,XXXX,8,10,F,1,201409,1,092922,07.8
IN08,51,I,21,14,G,0110,1,GS-14,L,XXXX,8,10,F,1,201409,1,127512,23.7
IN08,51,I,17,15,I,0110,1,GS-15,O,XXXX,4,10,F,1,201409,1,157100,34.6
IN08,51,F,13,13,E,0110,1,GS-13,J,XXXX,8,10,F,1,201409,1,101914,14.3
IN08,08,C,14,11,B,0110,1,GS-11,F,XXXX,8,20,F,2,201409,1,062228,01.8
IN08,51,H,17,12,D,0110,1,GS-12,H,XXXX,8,10,F,1,201409,1,080662,06.6
IN08,51,D,17,13,B,0110,1,GS-13,I,XXXX,8,15,F,1,201409,1,092922,01.7
IN08,51,F,17,13,F,0110,1,GS-13,K,XXXX,8,10,F,1,201409,1,110906,18.2
IN08,08,D,17,11,C,0110,1,GS-11,F,XXXX,8,20,P,2,201409,1,068451,03.7
IN08,51,H,21,13,E,0110,1,GS-13,J,XXXX,8,10,F,1,201409,1,104911,10.0
IN08,51,G,17,13,G,0110,1,GS-13,J,XXXX,8,10,F,1,201409,1,101914,23.0
IN08,08,E,21,12,C,0110,1,GS-12,H,XXXX,8,15,F,1,201409,1,082044,03.5
IN08,04,E,17,13,B,0110,1,GS-13,H,XXXX,8,20,F,2,201409,1,088151,01.1
IN08,51,K,21,15,J,0110,1,GS-15,O,XXXX,4,10,F,1,201409,1,157100,42.0
IN08,51,J,21,14,D,0110,1,GS-14,L,XXXX,8,10,F,1,201409,1,120429,06.6
IN08,51,D,17,11,B,0110,1,GS-11,G,XXXX,8,15,F,1,201409,1,077813,02.9
IN08,51,F,21,13,B,0110,1,GS-13,I,XXXX,8,15,F,1,201409,1,098916,02.8
IN08,51,K,13,14,J,0110,1,GS-14,M,XXXX,8,10,F,1,201409,1,138136,42.4
IN08,51,G,17,14,E,0110,1,GS-14,J,XXXX,8,10,F,1,201409,1,109804,14.3
IN10,08,D,12,13,E,0110,1,GS-13,J,XXXX,8,10,F,1,201409,1,103475,11.8
IN10,08,C,17,09,B,0110,1,GS-09,E,XXXX,8,20,F,2,201409,1,051433,01.7
IN10,08,E,17,11,B,0110,1,GS-11,F,XXXX,8,20,F,2,201409,1,064302,02.4
IN10,08,F,15,13,F,0110,1,GS-13,K,XXXX,8,10,F,1,201409,1,115301,17.7
IN15,51,D,13,11,C,0110,1,GS-11,F,XXXX,8,10,F,1,201409,1,069400,04.5
IN15,51,J,21,15,H,0110,1,GS-15,N,XXXX,2,10,F,1,201409,1,145827,25.8
IN15,51,I,17,13,H,0110,1,GS-13,K,XXXX,8,10,F,1,201409,1,116901,29.0
IN15,51,J,21,14,F,0110,1,GS-14,K,XXXX,8,10,F,1,201409,1,116887,19.8
IN15,51,K,13,14,J,0110,1,GM-14,M,XXXX,2,10,F,1,201409,1,138136,50.2
IN15,51,G,17,14,E,0110,1,GS-14,M,XXXX,8,10,F,1,201409,1,134595,14.5
IN15,41,E,17,14,E,0110,1,GS-14,K,XXXX,8,10,F,1,201409,1,113246,12.5
IN15,51,C,17,12,B,0110,1,GS-12,G,XXXX,8,15,F,1,201409,1,075621,02.1
IN22,11,H,21,14,F,0110,1,GS-14,M,XXXX,8,10,F,1,201409,1,138136,18.0
IN22,11,D,13,11,D,0110,1,GS-11,F,XXXX,8,15,F,1,201409,1,063091,06.7
IN27,51,C,13,14,D,0110,1,GS-14,J,XXXX,8,10,F,1,201409,1,106263,05.5
IN27,51,K,21,15,J,0110,1,GS-15,O,XXXX,2,10,F,1,201409,1,157100,42.3
IN27,22,E,17,12,D,0110,1,GS-12,G,XXXX,8,10,F,1,201409,1,074130,06.2
IN27,51,F,17,13,A,0110,1,GS-13,J,XXXX,8,15,F,1,201409,1,107909,00.4
IN27,51,G,17,14,F,0110,1,GS-14,M,XXXX,8,10,F,1,201409,1,131053,18.3
IN27,22,H,17,14,F,0110,1,GS-14,K,XXXX,2,10,F,1,201409,1,117185,19.0
IN27,51,E,17,13,C,0110,1,GS-13,H,XXXX,8,15,F,1,201409,1,089924,03.5
IN27,51,J,21,15,I,0110,1,GS-15,N,XXXX,2,10,F,1,201409,1,145827,34.1
IN27,51,F,17,14,D,0110,1,GS-14,L,XXXX,8,10,F,1,201409,1,120429,05.0
IN27,51,I,21,14,F,0110,1,GS-14,L,XXXX,8,10,F,1,201409,1,123970,17.0
IN27,51,C,17,09,A,0110,1,GS-09,E,XXXX,8,15,F,1,201409,1,052146,00.2
MC00,11,J,21,15,D,0110,1,GS-15,N,XXXX,2,10,F,1,201409,1,149993,09.0
MC00,11,K,17,14,I,0110,1,GS-14,M,XXXX,8,10,F,1,201409,1,134595,32.8
MC00,11,H,13,13,H,0110,1,GS-13,K,XXXX,8,10,F,1,201409,1,116901,27.9
MC00,11,H,13,13,I,0110,1,GS-13,K,XXXX,8,10,F,1,201409,1,116901,30.9
MC00,11,H,17,13,H,0110,1,GS-13,K,XXXX,8,10,F,1,201409,1,116901,29.0
MI00,11,G,21,,B,0110,1,MC-3B,L,XXXX,8,15,F,1,201409,1,120501,01.3
MI00,11,F,21,,B,0110,1,MC-3B,K,XXXX,8,15,F,1,201409,1,112476,02.0
MI00,11,D,17,,D,0110,1,MC-3B,I,XXXX,8,10,F,1,201409,1,093627,07.6
MI00,11,I,21,,C,0110,1,MC-3A,O,XXXX,8,10,F,1,201409,1,157624,04.8
MI00,11,E,17,,C,0110,1,MC-3B,H,XXXX,8,10,F,1,201409,1,089329,03.0
MI00,11,G,21,,A,0110,1,MC-2D,P,XXXX,2,15,F,1,201409,1,165000,00.9
MI00,11,K,21,,B,0110,1,MC-2C,P,XXXX,5,15,F,1,201409,1,166650,01.8
MI00,11,F,21,,E,0110,1,MC-3B,M,XXXX,8,15,F,1,201409,1,131704,14.3
NF00,51,H,21,,D,0110,1,AD-04,P,XXXX,8,38,F,1,201409,1,165596,09.0
NF00,51,K,18,14,F,0110,1,GS-14,M,XXXX,8,10,F,1,201409,1,138136,16.4
NF00,51,I,17,,H,0110,1,AD-04,P,XXXX,2,38,F,1,201409,1,165596,27.2
NF00,51,I,17,14,J,0110,1,GS-14,M,XXXX,8,10,F,1,201409,1,138136,35.3
NF00,51,I,21,14,H,0110,1,GS-14,M,XXXX,8,10,F,1,201409,1,138136,26.5
NF00,51,H,17,,G,0110,1,AD-04,M,XXXX,8,38,F,1,201409,1,139218,22.8
NU00,24,C,13,14,D,0110,1,GG-14,J,XXXX,8,38,F,1,201409,1,106263,06.3
NU00,24,G,17,13,F,0110,1,GG-13,J,XXXX,8,38,F,1,201409,1,101914,17.0
NU00,24,J,18,14,G,0110,1,GG-14,L,XXXX,8,38,F,1,201409,1,127512,23.0
NV12,51,I,14,15,I,0110,1,GS-15,N,XXXX,8,10,F,1,201409,1,141660,31.1
NV19,12,H,17,13,H,0110,1,GS-13,I,XXXX,8,10,F,1,201409,1,099170,25.1
NV22,51,K,17,15,I,0110,1,GS-15,P,XXXX,8,10,F,1,201409,1,164075,33.2
NV22,47,H,21,14,F,0110,1,GS-14,L,XXXX,8,10,P,2,201409,1,123695,17.0
NV22,51,D,17,13,D,0110,1,GS-13,I,XXXX,8,10,F,1,201409,1,098916,06.3
NV22,47,E,21,12,B,0110,1,GS-12,G,XXXX,8,20,F,2,201409,1,074130,02.2
NV24,24,K,21,,I,0110,1,ND-05,M,XXXX,8,10,F,1,201409,1,134985,34.0
OM00,39,D,17,14,D,0110,1,GS-14,K,XXXX,8,10,F,1,201409,1,111674,08.7
OM00,11,E,22,14,C,0110,1,GS-14,K,XXXX,8,10,F,1,201409,1,116887,03.5
RR00,17,H,13,12,I,0110,1,GS-12,I,XXXX,8,10,F,1,201409,1,099002,31.3
RR00,17,C,13,09,D,0110,1,GS-09,E,XXXX,8,10,F,1,201409,1,056016,05.1
SB00,11,G,13,,G,0110,1,AD-00,N,XXXX,8,48,F,2,201409,1,149993,20.2
SB00,11,K,21,,H,0110,1,AD-00,M,XXXX,8,48,F,2,201409,1,133328,27.3
SB00,11,G,21,14,D,0110,1,GS-14,L,XXXX,8,10,F,1,201409,1,123970,05.6
SB00,11,F,13,,F,0110,1,AD-00,J,XXXX,8,48,P,2,201409,1,101914,15.8
SB00,11,H,21,15,D,0110,1,GS-15,N,XXXX,2,10,F,1,201409,1,145827,06.3
SB00,11,I,17,15,D,0110,1,GS-15,N,XXXX,8,10,F,1,201409,1,141660,06.3
SE00,11,E,17,,A,0110,1,SK-13,M,XXXX,8,15,F,1,201409,1,130951,00.3
SE00,36,E,17,,E,0110,1,SK-15,R,XXXX,2,10,F,1,201409,1,187343,10.7
SE00,11,I,17,,G,0110,1,SK-16,T,XXXX,8,10,F,1,201409,1,202486,23.5
SE00,11,K,22,,G,0110,1,SK-16,T,XXXX,8,40,F,2,201409,1,202000,21.9
SE00,11,G,21,,E,0110,1,SK-16,U,XXXX,8,10,F,1,201409,1,220890,12.0
SE00,11,H,21,,D,0110,1,SK-17,T,XXXX,2,15,F,1,201409,1,210051,09.8
SE00,11,E,21,,A,0110,1,SK-14,R,XXXX,8,40,F,2,201409,1,188000,00.3
SE00,11,D,21,,B,0110,1,SK-14,P,XXXX,8,15,F,1,201409,1,167266,01.5
SE00,11,F,17,,E,0110,1,SK-11,J,XXXX,8,15,F,1,201409,1,106616,14.0
SE00,11,D,21,,B,0110,1,SK-15,Q,XXXX,2,15,F,1,201409,1,172744,02.0
SE00,11,F,17,,B,0110,1,SK-12,L,XXXX,8,15,F,1,201409,1,127784,01.5
SE00,11,E,17,,C,0110,1,SK-14,Q,XXXX,8,40,F,2,201409,1,172078,03.8
SE00,11,F,22,,E,0110,1,SK-17,T,XXXX,2,15,F,1,201409,1,219727,10.6
SE00,11,K,21,,J,0110,1,SK-14,S,XXXX,8,10,F,1,201409,1,193427,35.6
SE00,11,F,17,,B,0110,1,SK-14,R,XXXX,8,40,F,2,201409,1,180205,02.1
SE00,11,F,17,,B,0110,1,SK-14,Q,XXXX,8,40,F,2,201409,1,173810,02.8
SE00,11,G,22,,E,0110,1,SK-14,R,XXXX,8,40,F,2,201409,1,184000,12.9
SE00,11,D,13,,B,0110,1,SK-14,O,XXXX,8,15,F,1,201409,1,155289,02.0
SE00,11,E,15,,B,0110,1,SK-14,P,XXXX,8,15,F,1,201409,1,165640,01.0
SE00,11,B,17,,A,0110,1,SK-11,G,XXXX,8,35,F,1,201409,1,072000,00.1
SE00,11,C,21,,A,0110,1,SK-14,R,XXXX,8,15,F,1,201409,1,184000,00.2
SE00,11,C,21,,A,0110,1,SK-14,P,XXXX,8,15,F,1,201409,1,163000,00.2
SE00,11,F,21,,E,0110,1,SK-14,R,XXXX,8,40,F,2,201409,1,184000,12.2
SE00,17,H,21,,B,0110,1,SK-15,T,XXXX,2,15,F,1,201409,1,202195,01.7
SE00,11,D,21,,A,0110,1,SK-14,R,XXXX,8,40,F,2,201409,1,184000,00.2
SE00,25,G,17,,E,0110,1,SK-16,T,XXXX,8,10,F,1,201409,1,213368,12.8
SE00,11,H,21,,D,0110,1,SK-17,U,XXXX,2,10,F,1,201409,1,227453,06.5
SE00,17,C,17,,A,0110,1,SK-11,H,XXXX,8,35,F,1,201409,1,084367,00.2
SE00,11,E,21,,A,0110,1,SK-14,R,XXXX,8,15,F,1,201409,1,184829,00.6
SE00,11,C,17,,C,0110,1,SK-13,J,XXXX,8,15,F,1,201409,1,102434,04.4
SE00,11,F,21,,D,0110,1,SK-16,T,XXXX,8,10,F,1,201409,1,205033,07.9
SE00,36,D,21,,D,0110,1,SK-14,S,XXXX,8,40,F,2,201409,1,193657,05.8
SE00,11,F,21,,B,0110,1,SO-01,U,XXXX,2,15,F,1,201409,1,234067,02.8
SE00,11,G,15,,D,0110,1,SO-02,V,XXXX,2,10,F,1,201409,1,243400,07.1
SE00,11,H,21,,E,0110,1,SK-16,U,XXXX,8,15,F,1,201409,1,220890,11.4
SE00,11,F,17,,C,0110,1,SK-14,Q,XXXX,8,10,F,1,201409,1,174717,03.2
SE00,11,G,21,,A,0110,1,SK-14,R,XXXX,8,40,F,2,201409,1,184000,00.2
SE00,11,G,21,,C,0110,1,SK-14,M,XXXX,8,15,F,1,201409,1,130256,03.7
SE00,11,C,21,,A,0110,1,SK-14,P,XXXX,8,40,F,2,201409,1,163000,00.2
SE00,11,H,17,,H,0110,1,SK-15,S,XXXX,2,10,F,1,201409,1,198053,27.3
SE00,11,E,17,,C,0110,1,SK-14,L,XXXX,8,15,F,1,201409,1,123611,04.0
SE00,11,F,18,,E,0110,1,SK-17,U,XXXX,2,10,F,1,201409,1,220652,14.1
SE00,11,D,17,,C,0110,1,SK-13,K,XXXX,8,15,F,1,201409,1,116984,04.3
SE00,11,J,21,,H,0110,1,SK-17,T,XXXX,2,10,F,1,201409,1,210232,26.3
SE00,11,D,13,,B,0110,1,SK-14,P,XXXX,8,40,F,2,201409,1,165640,01.2
SE00,11,G,21,,D,0110,1,EX-04,O,XXXX,2,46,F,2,201409,1,155500,08.5
SE00,11,F,21,,D,0110,1,SK-16,S,XXXX,8,15,F,1,201409,1,193427,05.2
SE00,11,E,21,,B,0110,1,SK-17,T,XXXX,2,15,F,1,201409,1,210051,01.5
SE00,11,G,22,,E,0110,1,SK-16,T,XXXX,8,15,F,1,201409,1,205000,10.1
SE00,11,F,21,,E,0110,1,SK-17,S,XXXX,2,10,F,1,201409,1,193525,10.0
SE00,11,E,21,,A,0110,1,SK-14,P,XXXX,8,40,F,2,201409,1,163000,00.2
SE00,11,E,22,,E,0110,1,SK-14,R,XXXX,8,40,F,2,201409,1,184000,12.3
SE00,11,F,18,,E,0110,1,SK-17,S,XXXX,2,10,F,1,201409,1,199515,14.0
SE00,11,E,21,,B,0110,1,SK-14,Q,XXXX,8,40,F,2,201409,1,175994,01.3
SE00,11,E,21,,E,0110,1,SK-14,R,XXXX,8,15,F,1,201409,1,184000,11.4
SE00,11,F,21,,B,0110,1,SK-14,R,XXXX,8,15,F,1,201409,1,186849,01.0
SE00,11,D,21,,A,0110,1,SK-14,P,XXXX,8,40,F,2,201409,1,169535,00.2
SE00,11,D,15,,B,0110,1,SK-14,S,XXXX,8,40,F,2,201409,1,191520,01.0
SE00,11,F,21,,E,0110,1,SK-16,S,XXXX,8,15,F,1,201409,1,191520,10.1
SE00,11,H,21,,A,0110,1,SK-14,R,XXXX,8,40,P,2,201409,1,186849,00.9
SE00,11,C,21,,A,0110,1,SK-14,R,XXXX,8,15,F,1,201409,1,184000,00.2
SE00,11,F,15,,B,0110,1,SK-14,O,XXXX,8,40,F,2,201409,1,159948,02.0
SE00,11,J,17,,C,0110,1,SK-16,U,XXXX,8,15,F,1,201409,1,220890,04.2
SE00,11,D,17,,B,0110,1,SK-13,M,XXXX,8,40,F,2,201409,1,132241,02.1
SE00,17,D,17,,A,0110,1,SK-14,Q,XXXX,8,15,F,1,201409,1,176387,00.8
SE00,17,C,17,,B,0110,1,SK-11,G,XXXX,8,15,F,1,201409,1,072659,02.1
SE00,11,G,21,,D,0110,1,SK-15,T,XXXX,2,10,F,1,201409,1,208901,08.9
SE00,36,D,13,,B,0110,1,SK-15,T,XXXX,2,15,F,1,201409,1,213047,02.2
SE00,25,F,21,,B,0110,1,SK-14,S,XXXX,8,15,F,1,201409,1,191521,01.3
SE00,48,G,13,,B,0110,1,SK-16,S,XXXX,8,15,F,1,201409,1,193000,02.1
SE00,08,H,17,,A,0110,1,SK-14,Q,XXXX,8,15,F,1,201409,1,179000,00.2
SE00,06,F,21,,A,0110,1,SK-14,S,XXXX,8,15,F,1,201409,1,194665,00.2
SE00,11,G,13,,D,0110,1,SK-16,T,XXXX,8,10,F,1,201409,1,205033,08.8
SE00,11,E,21,,A,0110,1,SK-14,R,XXXX,8,15,F,1,201409,1,184000,00.3
SE00,11,F,21,,F,0110,1,SK-17,U,XXXX,2,10,F,1,201409,1,225266,17.2
SE00,11,F,21,,B,0110,1,SK-14,S,XXXX,8,40,F,2,201409,1,193427,02.3
SE00,11,E,15,,B,0110,1,SK-14,P,XXXX,8,15,F,1,201409,1,165640,01.0
SE00,11,F,21,,B,0110,1,SK-14,R,XXXX,8,15,F,1,201409,1,186603,02.2
SE00,11,E,17,,A,0110,1,SK-14,P,XXXX,8,40,F,2,201409,1,163000,00.3
SE00,11,D,21,,B,0110,1,SK-14,O,XXXX,8,40,F,2,201409,1,159948,02.1
SE00,36,F,17,,D,0110,1,SK-14,T,XXXX,8,10,F,1,201409,1,203579,06.8
SE00,36,H,21,,C,0110,1,SK-16,T,XXXX,8,10,F,1,201409,1,215793,04.8
SK00,24,G,21,13,D,0110,1,GS-13,J,XXXX,8,10,F,1,201409,1,101914,06.3
SK00,24,J,17,14,J,0110,1,GS-14,M,XXXX,8,10,F,1,201409,1,138136,39.9
SK00,24,J,17,14,J,0110,1,GS-14,M,XXXX,8,10,F,1,201409,1,138136,38.4
SK00,24,C,13,12,D,0110,1,GS-12,G,XXXX,8,10,F,1,201409,1,078142,05.1
SK00,24,I,18,14,H,0110,1,GS-14,M,XXXX,8,10,F,1,201409,1,134595,27.0
SK00,24,J,17,14,J,0110,1,GS-14,M,XXXX,8,10,F,1,201409,1,138136,38.8
SK00,24,C,17,12,C,0110,1,GS-12,G,XXXX,8,10,F,1,201409,1,078142,04.7
SK00,24,G,21,15,G,0110,1,GS-15,N,XXXX,2,10,F,1,201409,1,149993,20.9
SK00,24,J,21,,J,0110,1,ES-**,P,XXXX,2,50,F,1,201409,1,164483,35.9
ST00,11,G,21,14,B,0110,1,GG-14,J,XXXX,8,48,F,2,201409,1,106263,02.3
ST00,11,G,21,14,C,0110,1,GS-14,J,XXXX,8,42,F,2,201409,1,109804,04.1
ST00,11,G,17,15,C,0110,1,GS-15,O,XXXX,8,42,F,2,201409,1,157100,03.9
ST00,11,E,04,14,E,0110,1,GS-14,K,XXXX,8,10,F,1,201409,1,113346,11.3
ST00,11,I,17,14,J,0110,1,GS-14,M,XXXX,8,10,F,1,201409,1,134595,35.1
ST00,11,H,21,14,F,0110,1,GS-14,M,XXXX,8,10,F,1,201409,1,131053,16.9
ST00,11,G,21,14,A,0110,1,GS-14,J,XXXX,8,42,F,2,201409,1,109804,00.4
ST00,11,J,17,15,H,0110,1,GS-15,N,XXXX,8,10,F,1,201409,1,149993,29.1
ST00,11,I,17,,C,0110,1,ES-**,Q,XXXX,2,55,F,1,201409,1,179700,04.1
ST00,11,D,17,13,D,0110,1,GS-13,I,XXXX,8,10,F,1,201409,1,098916,05.1
ST00,11,J,21,14,H,0110,1,GG-14,M,XXXX,8,48,F,2,201409,1,138136,25.2
ST00,11,F,21,14,E,0110,1,GS-14,L,XXXX,8,10,F,1,201409,1,120429,14.0
ST00,11,G,15,14,C,0110,1,GG-14,L,XXXX,8,48,F,2,201409,1,120429,03.3
ST00,11,K,17,15,J,0110,1,GS-15,O,XXXX,2,10,F,1,201409,1,154160,40.8
ST00,11,D,17,14,D,0110,1,GS-14,J,XXXX,8,10,F,1,201409,1,106263,06.7
ST00,11,I,21,15,B,0110,1,GS-15,O,XXXX,2,42,F,2,201409,1,157100,02.1
ST00,11,H,21,,A,0110,1,ED-00,Z,XXXX,*,48,F,2,201409,1,,00.2
ST00,11,K,21,,J,0110,1,ES-**,P,XXXX,2,50,F,1,201409,1,168694,37.1
ST00,11,F,17,14,F,0110,1,GS-14,L,XXXX,5,10,F,1,201409,1,120429,16.5
ST00,11,F,15,,E,0110,1,ES-**,N,XXXX,2,50,F,1,201409,1,144493,14.9
ST00,11,J,13,15,J,0110,1,GS-15,O,XXXX,8,10,F,1,201409,1,157100,38.2
ST00,11,C,21,15,A,0110,1,GS-15,O,XXXX,8,42,F,2,201409,1,157100,00.1
ST00,11,D,13,13,C,0110,1,GS-13,I,XXXX,8,10,F,1,201409,1,092922,04.2
ST00,11,D,06,07,B,0110,1,GS-07,D,XXXX,8,20,F,2,201409,1,048315,02.6
SZ00,11,K,21,15,J,0110,1,GS-15,O,XXXX,8,10,F,1,201409,1,157100,49.8
SZ00,11,G,21,14,G,0110,1,GS-14,L,XXXX,8,10,F,1,201409,1,123970,21.9
SZ00,31,K,21,15,J,0110,1,GS-15,N,XXXX,8,10,F,1,201409,1,149333,43.3
SZ00,11,J,13,15,J,0110,1,GS-15,O,XXXX,8,10,F,1,201409,1,157100,37.6
SZ00,11,F,21,13,E,0110,1,GS-13,J,XXXX,8,10,F,1,201409,1,107909,10.3
SZ00,11,I,22,13,D,0110,1,GS-13,K,XXXX,8,10,F,1,201409,1,116901,09.9
SZ00,11,K,21,15,H,0110,1,GS-15,O,XXXX,8,10,F,1,201409,1,157100,26.3
SZ00,11,G,21,13,D,0110,1,GS-13,K,XXXX,8,10,F,1,201409,1,110906,09.0
SZ00,11,H,17,14,G,0110,1,GS-14,M,XXXX,8,10,F,1,201409,1,138136,24.5
SZ00,11,F,21,15,F,0110,1,GS-15,O,XXXX,2,10,F,1,201409,1,157100,17.2
SZ00,11,G,18,14,F,0110,1,GS-14,L,XXXX,8,10,F,1,201409,1,127512,16.0
SZ00,11,E,21,13,D,0110,1,GS-13,J,XXXX,8,10,F,1,201409,1,107909,09.9
SZ00,24,I,09,13,I,0110,1,GS-13,K,XXXX,8,10,F,1,201409,1,116901,34.7
SZ00,11,J,21,14,E,0110,1,GS-14,L,XXXX,8,10,F,1,201409,1,123970,11.3
SZ00,11,G,17,13,E,0110,1,GS-13,J,XXXX,8,10,F,1,201409,1,104911,10.0
SZ00,24,H,21,13,C,0110,1,GS-13,I,XXXX,8,10,F,1,201409,1,098916,04.5
SZ00,24,C,17,13,D,0110,1,GS-13,H,XXXX,8,10,F,1,201409,1,089924,05.8
SZ00,11,K,17,14,J,0110,1,GS-14,M,XXXX,8,10,F,1,201409,1,138136,44.0
SZ00,51,H,21,15,F,0110,1,GS-15,N,XXXX,8,10,F,1,201409,1,149993,15.2
SZ00,24,I,21,14,G,0110,1,GS-14,M,XXXX,8,10,F,1,201409,1,138136,24.0
SZ00,24,G,21,14,E,0110,1,GS-14,L,XXXX,8,10,F,1,201409,1,120429,10.3
SZ00,24,F,18,13,F,0110,1,GS-13,K,XXXX,8,10,F,1,201409,1,110906,16.2
SZ00,11,K,21,15,I,0110,1,GS-15,O,XXXX,8,10,F,1,201409,1,157100,30.2
SZ00,11,J,21,14,H,0110,1,GS-14,M,XXXX,8,10,P,2,201409,1,138136,26.4
SZ00,11,F,17,14,F,0110,1,GS-14,M,XXXX,8,10,F,1,201409,1,134595,16.9
SZ00,24,H,21,13,F,0110,1,GS-13,K,XXXX,8,10,F,1,201409,1,110906,15.8
SZ00,24,I,21,14,F,0110,1,GS-14,M,XXXX,8,10,F,1,201409,1,138136,17.9
SZ00,11,I,21,15,F,0110,1,GS-15,N,XXXX,8,10,F,1,201409,1,149993,16.1
SZ00,24,J,13,12,D,0110,1,GS-12,G,XXXX,8,15,F,1,201409,1,075621,06.8
SZ00,24,J,21,14,G,0110,1,GS-14,M,XXXX,8,10,F,1,201409,1,131053,20.5
SZ00,24,J,21,14,E,0110,1,GS-14,L,XXXX,8,10,F,1,201409,1,123970,12.9
SZ00,24,G,21,15,E,0110,1,GS-15,N,XXXX,2,10,F,1,201409,1,149993,11.0
SZ00,24,E,17,13,D,0110,1,GS-13,I,XXXX,8,10,F,1,201409,1,092922,05.2
SZ00,24,F,21,13,F,0110,1,GS-13,K,XXXX,8,10,F,1,201409,1,113904,18.0
SZ00,24,K,17,15,J,0110,1,GS-15,O,XXXX,2,10,F,1,201409,1,157100,38.3
TC00,11,D,17,09,A,0110,1,GS-09,E,XXXX,8,20,F,2,201409,1,052146,00.9
TC00,11,E,21,14,D,0110,1,GS-14,L,XXXX,8,10,F,1,201409,1,123970,06.2
TC00,11,G,21,15,D,0110,1,GS-15,N,XXXX,2,10,F,1,201409,1,141660,09.1
TC00,11,D,17,13,D,0110,1,GS-13,I,XXXX,8,10,F,1,201409,1,092922,05.9
TC00,11,G,21,14,F,0110,1,GS-14,M,XXXX,8,10,F,1,201409,1,131053,15.3
TC00,11,F,18,13,F,0110,1,GS-13,K,XXXX,8,10,F,1,201409,1,110906,15.5
TC00,11,G,17,13,G,0110,1,GS-13,K,XXXX,8,10,F,1,201409,1,116901,22.8
TC00,11,F,18,13,F,0110,1,GS-13,K,XXXX,8,10,F,1,201409,1,113904,15.3
TC00,11,F,17,15,F,0110,1,GS-15,N,XXXX,2,10,F,1,201409,1,141660,18.9
TC00,11,C,17,11,C,0110,1,GS-11,F,XXXX,8,15,F,1,201409,1,063091,03.0
TC00,11,C,17,12,C,0110,1,GS-12,G,XXXX,8,15,F,1,201409,1,078142,03.6
TC00,11,C,17,11,C,0110,1,GS-11,G,XXXX,8,15,F,1,201409,1,075710,04.3
TC00,11,E,17,09,A,0110,1,GS-09,E,XXXX,8,35,F,1,201409,1,052146,00.0
TC00,11,I,21,13,F,0110,1,GS-13,K,XXXX,8,10,F,1,201409,1,110906,19.1
TC00,11,C,17,11,A,0110,1,GS-11,F,XXXX,8,15,F,1,201409,1,065194,00.0
TC00,11,E,17,13,D,0110,1,GS-13,I,XXXX,8,10,F,1,201409,1,098916,07.8
TC00,11,E,17,14,D,0110,1,GS-14,J,XXXX,8,10,F,1,201409,1,106263,08.8
TC00,11,D,21,12,A,0110,1,GS-12,I,XXXX,8,15,F,1,201409,1,098305,00.2
TC00,11,J,17,13,J,0110,1,GS-13,K,XXXX,8,10,F,1,201409,1,116901,39.8
TC00,11,K,21,15,G,0110,1,GS-15,O,XXXX,2,10,F,1,201409,1,157100,24.0
TC00,11,I,17,14,I,0110,1,GS-14,M,XXXX,8,10,F,1,201409,1,138136,31.2
TC00,11,F,17,12,C,0110,1,GS-12,G,XXXX,8,15,F,1,201409,1,078142,03.0
TC00,11,J,21,14,D,0110,1,GS-14,K,XXXX,8,10,F,1,201409,1,116887,09.3
TC00,11,C,21,12,A,0110,1,GS-12,G,XXXX,8,15,F,1,201409,1,075621,00.3
TC00,11,I,17,14,I,0110,1,GS-14,M,XXXX,8,10,F,1,201409,1,138136,34.0
TC00,11,H,21,15,F,0110,1,GS-15,N,XXXX,8,10,F,1,201409,1,149993,19.9
TC00,11,D,17,11,C,0110,1,GS-11,F,XXXX,8,20,F,2,201409,1,069400,04.0
TC00,11,I,21,,A,0110,1,ES-**,Q,XXXX,2,50,F,1,201409,1,177000,00.0
TC00,11,D,17,11,C,0110,1,GS-11,F,XXXX,8,20,F,2,201409,1,063091,03.0
TC00,11,C,17,09,A,0110,1,GS-09,F,XXXX,8,20,F,2,201409,1,062573,00.9
TC00,11,B,09,09,B,0110,1,GS-09,E,XXXX,8,20,F,2,201409,1,052146,02.0
TC00,11,J,21,15,I,0110,1,GS-15,O,XXXX,8,10,F,1,201409,1,157100,32.3
TC00,11,J,17,13,I,0110,1,GS-13,K,XXXX,8,10,F,1,201409,1,116901,34.4
TC00,11,F,21,14,A,0110,1,GS-14,M,XXXX,8,15,F,1,201409,1,138136,00.7
TC00,11,F,21,14,C,0110,1,GS-14,L,XXXX,8,10,F,1,201409,1,127512,04.7
TC00,11,D,17,11,C,0110,1,GS-11,F,XXXX,8,20,F,2,201409,1,069400,03.0
TC00,11,J,18,14,I,0110,1,GS-14,M,XXXX,8,10,F,1,201409,1,134595,31.9
TC00,11,G,21,14,E,0110,1,GS-14,M,XXXX,8,10,F,1,201409,1,131053,14.1
TC00,11,J,21,14,I,0110,1,GS-14,M,XXXX,8,10,F,1,201409,1,138136,34.6
TC00,11,I,21,15,F,0110,1,GS-15,O,XXXX,8,10,F,1,201409,1,154160,18.1
TC00,11,J,21,15,E,0110,1,GS-15,M,XXXX,8,10,F,1,201409,1,137494,13.3
TC00,11,F,21,14,D,0110,1,GS-14,M,XXXX,8,10,F,1,201409,1,131053,09.0
TC00,11,D,17,11,C,0110,1,GS-11,F,XXXX,8,15,F,1,201409,1,063091,04.1
TD01,11,H,13,15,G,0110,1,GS-15,O,XXXX,8,10,F,1,201409,1,157100,22.3
TD01,11,D,21,09,B,0110,1,GS-09,F,XXXX,8,15,F,1,201409,1,067787,01.2
TD01,11,J,14,14,J,0110,1,GM-14,M,XXXX,5,10,F,1,201409,1,138136,38.9
TD01,11,B,17,09,B,0110,1,GS-09,F,XXXX,8,15,F,1,201409,1,060836,01.2
TD03,11,D,17,,D,0110,1,FV-I,I,XXXX,8,38,F,1,201409,1,091883,08.0
TD03,11,H,08,,I,0110,1,FV-K,P,XXXX,8,38,F,1,201409,1,164707,30.3
TD03,11,K,21,,E,0110,1,FV-J,K,XXXX,8,38,F,1,201409,1,118625,12.3
TD03,11,I,22,,D,0110,1,FV-J,M,XXXX,8,38,F,1,201409,1,134182,07.0
TD03,11,J,09,,F,0110,1,FV-J,M,XXXX,8,38,F,1,201409,1,135507,16.7
TD03,11,J,17,,E,0110,1,FV-J,L,XXXX,8,38,F,1,201409,1,123257,13.0
TD03,11,E,17,,E,0110,1,FV-J,J,XXXX,8,38,F,1,201409,1,109940,12.6
TD03,11,K,04,,F,0110,1,FV-I,K,XXXX,8,38,F,1,201409,1,117056,16.4
TD03,11,F,13,,E,0110,1,FV-J,K,XXXX,8,38,F,1,201409,1,112275,12.3
TD03,11,I,17,,E,0110,1,FV-J,M,XXXX,8,38,F,1,201409,1,135903,13.4
TD03,11,H,13,,F,0110,1,FV-J,L,XXXX,8,38,F,1,201409,1,120033,19.8
TD03,11,J,17,,G,0110,1,FV-K,Q,XXXX,2,38,F,1,201409,1,170880,20.3
TD03,11,E,17,,D,0110,1,FV-J,K,XXXX,8,38,F,1,201409,1,114034,08.1
TD03,11,K,04,,F,0110,1,FV-K,P,XXXX,2,38,F,1,201409,1,161280,16.3
TD03,11,E,17,,A,0110,1,FV-I,H,XXXX,8,38,F,1,201409,1,084470,00.9
TD03,11,H,17,,E,0110,1,FV-K,Q,XXXX,2,38,F,1,201409,1,170880,13.8
TD03,11,H,18,,C,0110,1,FV-J,J,XXXX,8,38,F,1,201409,1,109097,03.6
TD03,11,I,17,,J,0110,1,FV-J,L,XXXX,8,38,F,1,201409,1,127383,35.3
TD03,11,F,17,,E,0110,1,FV-K,N,XXXX,2,38,F,1,201409,1,148380,13.0
TD03,11,F,18,,E,0110,1,FV-J,M,XXXX,8,38,F,1,201409,1,135407,12.7
TD03,11,H,21,,D,0110,1,FV-K,P,XXXX,8,38,F,1,201409,1,162974,05.9
TD03,11,E,17,,C,0110,1,FV-G,E,XXXX,8,38,F,1,201409,1,056565,04.7
TD03,11,J,17,,F,0110,1,FV-J,M,XXXX,8,38,F,1,201409,1,139724,15.9
TD03,11,C,13,,D,0110,1,FV-I,G,XXXX,8,38,P,2,201409,1,079200,07.0
TD03,11,J,21,,H,0110,1,FV-K,O,XXXX,8,38,F,1,201409,1,158721,26.1
TD03,11,H,12,,F,0110,1,FV-K,P,XXXX,8,38,F,1,201409,1,163184,18.0
TD03,11,C,13,,D,0110,1,FV-G,G,XXXX,8,38,F,1,201409,1,079543,05.9
TD03,11,H,21,,F,0110,1,FV-K,O,XXXX,2,38,F,1,201409,1,153017,16.6
TD03,11,H,13,,F,0110,1,FV-J,L,XXXX,8,38,F,1,201409,1,123379,15.6
TD04,11,J,21,14,D,0110,1,GS-14,M,XXXX,8,10,F,1,201409,1,131053,05.0
TD04,11,I,17,14,C,0110,1,GS-14,K,XXXX,8,10,F,1,201409,1,116887,04.4
TD05,11,J,16,14,J,0110,1,GS-14,M,XXXX,8,10,F,1,201409,1,138136,37.6
TD05,11,K,17,14,E,0110,1,GS-14,M,XXXX,8,10,F,1,201409,1,131053,13.1
TD05,11,K,18,14,C,0110,1,GS-14,M,XXXX,8,10,F,1,201409,1,131053,04.0
TD05,11,G,14,14,F,0110,1,GS-14,L,XXXX,8,10,F,1,201409,1,127512,19.7
TD05,11,E,17,14,D,0110,1,GS-14,L,XXXX,8,10,F,1,201409,1,120429,05.0
TD05,11,E,17,14,D,0110,1,GS-14,K,XXXX,8,10,F,1,201409,1,116887,08.5
TD05,11,J,17,15,H,0110,1,GS-15,N,XXXX,2,10,F,1,201409,1,149993,26.2
TD09,11,I,17,13,F,0110,1,GS-13,J,XXXX,8,10,F,1,201409,1,107909,17.0
TD09,11,G,17,13,D,0110,1,GS-13,K,XXXX,8,10,F,1,201409,1,116901,07.5
TD09,11,K,17,15,I,0110,1,GS-15,O,XXXX,8,10,F,1,201409,1,157100,34.4
TD10,11,K,21,14,G,0110,1,GS-14,L,XXXX,8,10,F,1,201409,1,127512,22.7
TD11,25,J,21,15,I,0110,1,GS-15,O,XXXX,8,10,F,1,201409,1,157100,31.3
TD11,11,D,17,13,D,0110,1,GS-13,H,XXXX,8,10,F,1,201409,1,089924,05.2
TD11,11,H,17,13,E,0110,1,GS-13,K,XXXX,8,10,F,1,201409,1,110906,12.1
TD11,25,I,18,14,I,0110,1,GS-14,M,XXXX,8,10,F,1,201409,1,138781,33.8
TD11,11,J,21,15,E,0110,1,GS-15,N,XXXX,8,10,F,1,201409,1,141660,12.0
TD11,25,C,13,13,D,0110,1,GS-13,I,XXXX,8,10,F,1,201409,1,090344,08.4
TD11,25,B,13,07,B,0110,1,GS-07,D,XXXX,8,15,F,1,201409,1,044258,01.0
TD11,25,B,17,11,B,0110,1,GS-11,F,XXXX,8,15,F,1,201409,1,063386,01.2
TD11,48,C,13,12,D,0110,1,GS-12,F,XXXX,8,10,I,2,201409,1,069497,05.1
TD11,25,D,17,09,B,0110,1,GS-09,E,XXXX,8,20,F,2,201409,1,059374,01.2
TD11,25,G,17,15,F,0110,1,GS-15,O,XXXX,2,10,F,1,201409,1,154879,18.8
TD11,25,K,22,14,G,0110,1,GS-14,M,XXXX,8,10,F,1,201409,1,135223,23.3
TD11,25,E,17,13,C,0110,1,GS-13,J,XXXX,8,10,P,2,201409,1,108413,04.7
TD11,25,E,17,14,E,0110,1,GS-14,L,XXXX,8,10,F,1,201409,1,124549,12.9
TD11,25,C,17,11,B,0110,1,GS-11,F,XXXX,8,15,F,1,201409,1,063386,01.8
TD11,25,H,17,14,D,0110,1,GS-14,K,XXXX,8,10,F,1,201409,1,113875,06.8
TD11,25,B,17,07,A,0110,1,GS-07,D,XXXX,8,35,F,1,201409,1,042830,00.8
TD11,25,D,17,13,D,0110,1,GS-13,I,XXXX,8,10,P,2,201409,1,099378,07.9
TD11,08,D,17,13,E,0110,1,GS-13,I,XXXX,8,10,F,1,201409,1,094606,10.3
TD11,25,E,21,13,C,0110,1,GS-13,I,XXXX,8,10,F,1,201409,1,090344,04.8
TD12,11,E,17,13,D,0110,1,GS-13,I,XXXX,8,10,F,1,201409,1,098916,07.3
TD12,11,E,21,14,D,0110,1,GS-14,J,XXXX,8,10,F,1,201409,1,109804,08.2
TD12,11,E,21,13,D,0110,1,GS-13,I,XXXX,8,10,F,1,201409,1,098916,05.0
TD12,11,I,13,15,E,0110,1,GS-15,N,XXXX,2,10,F,1,201409,1,141660,10.4
TD13,11,I,04,14,D,0110,1,GS-14,L,XXXX,8,10,F,1,201409,1,120429,09.9
TD13,11,I,04,14,G,0110,1,GS-14,M,XXXX,8,10,F,1,201409,1,131053,20.5
TD13,11,I,13,14,I,0110,1,GS-14,M,XXXX,8,10,F,1,201409,1,138136,31.7
TD13,11,D,17,13,D,0110,1,GS-13,I,XXXX,8,10,F,1,201409,1,092922,06.8
TD13,11,I,17,15,H,0110,1,GS-15,O,XXXX,8,10,F,1,201409,1,157100,29.3
TD13,11,H,21,13,C,0110,1,GS-13,I,XXXX,8,15,F,1,201409,1,095919,04.4
TD15,11,H,17,15,F,0110,1,GS-15,O,XXXX,2,10,F,1,201409,1,157100,17.1
TD15,11,K,21,14,F,0110,1,GS-14,M,XXXX,8,10,F,1,201409,1,131053,17.9
TD15,11,E,21,14,D,0110,1,GS-14,J,XXXX,8,10,F,1,201409,1,106263,05.4
TD15,11,J,17,14,F,0110,1,GS-14,L,XXXX,8,15,F,1,201409,1,127512,16.3
TD15,11,C,17,14,C,0110,1,GS-14,J,XXXX,8,10,F,1,201409,1,106263,04.8
TD15,11,F,21,14,D,0110,1,GS-14,M,XXXX,8,10,F,1,201409,1,131053,05.3
TD15,11,I,21,,D,0110,1,ED-00,O,XXXX,8,48,I,2,201409,1,153206,05.3
TD15,11,J,21,,E,0110,1,ES-**,P,XXXX,2,50,F,1,201409,1,167000,13.0
TD15,11,F,17,15,D,0110,1,GS-15,O,XXXX,2,10,F,1,201409,1,154160,09.3
TD15,11,J,21,14,G,0110,1,GS-14,M,XXXX,8,10,F,1,201409,1,138136,20.2
TD16,11,F,17,14,C,0110,1,GS-14,J,XXXX,8,10,F,1,201409,1,106263,03.7
TD16,11,G,17,14,D,0110,1,GS-14,K,XXXX,8,10,F,1,201409,1,113346,09.0
TD16,11,H,21,14,D,0110,1,GS-14,M,XXXX,8,10,F,1,201409,1,131053,06.5
TD17,11,E,17,15,E,0110,1,GS-15,L,XXXX,2,10,F,1,201409,1,129161,11.7
TN00,11,H,17,15,H,0110,1,GS-15,O,XXXX,8,10,F,1,201409,1,157100,27.4
TN00,11,E,11,10,E,0119,3,GS-10,F,XXXX,8,10,F,1,201409,1,066997,14.9
TN00,11,E,17,13,E,0110,1,GS-13,J,XXXX,8,10,F,1,201409,1,104911,13.1
TR91,11,E,21,,C,0110,1,ES-**,N,XXXX,2,55,F,1,201409,1,140000,04.8
TR91,11,D,17,12,A,0110,1,GS-12,G,XXXX,8,15,F,1,201409,1,075621,00.7
TR91,11,F,17,15,F,0110,1,GS-15,M,XXXX,2,10,F,1,201409,1,133328,17.5
TR91,11,E,13,13,B,0110,1,GS-13,J,XXXX,8,15,F,1,201409,1,104911,02.1
TR91,11,D,13,14,E,0110,1,GS-14,K,XXXX,8,10,F,1,201409,1,113346,10.3
TR91,11,C,17,11,A,0110,1,GS-11,F,XXXX,8,20,F,2,201409,1,063091,00.0
TR91,11,D,17,12,C,0110,1,GS-12,I,XXXX,8,10,F,1,201409,1,093264,03.3
TR91,11,C,13,13,B,0110,1,GS-13,H,XXXX,8,15,F,1,201409,1,089924,01.6
TR91,11,C,21,12,B,0110,1,GS-12,I,XXXX,8,15,F,1,201409,1,098305,01.0
TR91,11,D,13,14,E,0110,1,GS-14,L,XXXX,8,10,F,1,201409,1,123970,11.6
TR91,11,C,13,09,B,0110,1,GS-09,E,XXXX,8,40,F,2,201409,1,053884,02.2
TR91,11,E,13,14,E,0110,1,GS-14,K,XXXX,8,10,F,1,201409,1,113346,10.3
TR91,11,C,17,,A,0110,1,OR-42,H,XXXX,8,40,F,2,201409,1,089799,00.0
TR91,25,F,17,14,E,0110,1,GS-14,M,XXXX,8,10,F,1,201409,1,138781,14.0
TR91,EG,E,17,14,E,0110,1,GS-14,I,XXXX,8,10,F,1,201409,1,094097,10.2
TR91,11,E,17,14,D,0110,1,GS-14,K,XXXX,8,40,F,2,201409,1,116887,08.6
TR91,11,H,04,,E,0110,1,OR-80,V,XXXX,8,40,I,2,201409,1,247500,10.3
TR91,11,G,21,15,D,0110,1,GS-15,N,XXXX,2,10,F,1,201409,1,149993,08.1
TR91,11,G,17,14,G,0110,1,GS-14,M,XXXX,4,10,F,1,201409,1,138136,22.9
TR91,11,D,17,14,D,0110,1,GS-14,J,XXXX,8,10,F,1,201409,1,109804,06.8
TR91,11,G,17,15,F,0110,1,GS-15,O,XXXX,2,10,F,1,201409,1,157100,19.0
TR91,11,G,21,,B,0110,1,ES-**,P,XXXX,2,55,F,1,201409,1,165000,01.6
TR91,11,J,21,15,E,0110,1,GS-15,O,XXXX,8,10,F,1,201409,1,157100,13.9
TR91,11,F,21,,A,0110,1,ES-**,Q,XXXX,2,50,F,1,201409,1,171050,00.0
TR91,11,E,21,14,B,0110,1,GS-14,J,XXXX,8,15,F,1,201409,1,106263,02.9
TR91,11,H,17,14,G,0110,1,GS-14,M,XXXX,8,10,F,1,201409,1,131053,22.8
TR91,11,D,04,14,C,0110,1,GS-14,J,XXXX,8,10,F,1,201409,1,109804,04.2
TR91,11,D,17,12,B,0110,1,GS-12,G,XXXX,8,15,F,1,201409,1,075621,01.8
TR91,11,D,04,12,C,0110,1,GS-12,G,XXXX,8,10,F,1,201409,1,078142,03.3
TR91,11,D,17,12,A,0110,1,GS-12,G,XXXX,8,35,F,1,201409,1,075621,00.5
TR91,11,C,17,13,A,0110,1,GS-13,H,XXXX,8,20,F,2,201409,1,089924,00.0
TR91,11,D,17,13,C,0110,1,GS-13,I,XXXX,8,10,F,1,201409,1,092922,04.0
TR91,11,K,21,15,I,0110,1,GS-15,O,XXXX,8,10,F,1,201409,1,157100,34.5
TR91,11,I,17,15,G,0110,1,GS-15,O,XXXX,8,10,F,1,201409,1,154160,23.4
TR91,11,J,19,,I,0110,1,SL-00,P,XXXX,8,10,F,1,201409,1,166953,34.3
TR91,11,D,17,13,B,0110,1,GS-13,H,XXXX,8,15,F,1,201409,1,089924,02.0
TR91,11,I,21,14,E,0110,1,GS-14,L,XXXX,8,10,F,1,201409,1,127512,13.0
TR91,11,D,21,15,D,0110,1,GS-15,M,XXXX,8,10,F,1,201409,1,137494,05.2
TR91,11,D,17,14,D,0110,1,GS-14,K,XXXX,8,10,F,1,201409,1,116887,06.2
TR91,11,J,21,15,H,0110,1,GS-15,O,XXXX,8,10,F,1,201409,1,157100,29.0
TR91,11,B,13,,A,0110,1,OR-33,G,XXXX,8,40,F,2,201409,1,070000,00.1
TR91,11,K,21,15,G,0110,1,GS-15,O,XXXX,8,10,F,1,201409,1,157100,24.4
TR91,11,K,04,15,J,0110,1,GS-15,O,XXXX,8,10,F,1,201409,1,157100,35.9
TR91,36,C,13,,A,0110,1,OR-42,G,XXXX,8,40,F,2,201409,1,072232,00.5
TR91,11,J,21,15,F,0110,1,GS-15,N,XXXX,8,10,F,1,201409,1,149993,19.2
TR91,11,D,13,13,D,0110,1,GS-13,I,XXXX,8,10,F,1,201409,1,098916,07.1
TR91,11,F,17,15,F,0110,1,GS-15,O,XXXX,8,10,F,1,201409,1,157100,17.7
TR91,11,D,17,13,D,0110,1,GS-13,I,XXXX,8,10,F,1,201409,1,098916,05.6
TR91,11,J,21,15,F,0110,1,GS-15,O,XXXX,8,10,F,1,201409,1,154160,17.0
TR91,11,D,21,15,C,0110,1,GS-15,L,XXXX,8,10,F,1,201409,1,124995,04.0
TR91,11,I,21,,H,0110,1,ES-**,Q,XXXX,2,50,F,1,201409,1,179700,28.9
TR91,11,D,13,13,D,0110,1,GS-13,I,XXXX,8,15,F,1,201409,1,092922,05.3
TR91,11,D,21,14,B,0110,1,GS-14,K,XXXX,8,15,F,1,201409,1,116887,02.0
TR91,11,H,17,15,H,0110,1,GS-15,N,XXXX,8,10,F,1,201409,1,149993,27.4
TR91,11,H,14,14,H,0110,1,GS-14,M,XXXX,8,10,F,1,201409,1,134595,26.0
TR91,11,D,21,,A,0110,1,OR-53,M,XXXX,8,40,F,2,201409,1,130001,00.1
TR91,11,D,17,13,D,0110,1,GS-13,I,XXXX,8,20,F,2,201409,1,092922,05.4
TR91,11,F,17,12,E,0110,1,GS-12,I,XXXX,8,10,F,1,201409,1,098305,13.0
TR91,11,E,17,,B,0110,1,OR-60,R,XXXX,8,40,F,2,201409,1,186077,02.2
TR91,11,I,21,15,H,0110,1,GS-15,O,XXXX,8,10,F,1,201409,1,157100,26.9
TR91,11,C,17,,B,0110,1,OR-52,K,XXXX,8,40,F,2,201409,1,118500,01.2
TR91,11,E,17,15,E,0110,1,GS-15,N,XXXX,2,10,F,1,201409,1,141660,14.7
TR91,UK,F,17,,F,0110,1,ES-**,O,XXXX,2,50,F,1,201409,1,157596,15.1
TR91,11,C,04,,D,0110,1,OR-60,L,XXXX,8,10,F,1,201409,1,128933,07.1
TR91,11,C,17,12,B,0110,1,GS-12,G,XXXX,8,35,F,1,201409,1,075621,01.9
TR91,11,K,21,,J,0110,1,SL-00,P,XXXX,8,10,F,1,201409,1,166953,45.8
TR91,UK,D,04,15,D,0110,1,GS-15,J,XXXX,2,10,F,1,201409,1,107332,06.6
TR91,11,F,04,14,E,0110,1,GS-14,L,XXXX,8,10,F,1,201409,1,123970,13.6
TR91,11,I,21,15,D,0110,1,GS-15,O,XXXX,8,10,F,1,201409,1,157100,05.3
TR91,11,E,17,14,D,0110,1,GS-14,L,XXXX,8,10,F,1,201409,1,120429,07.5
TR91,11,C,17,,A,0110,1,OR-52,L,XXXX,8,40,F,2,201409,1,125000,00.8
TR91,11,C,17,12,B,0110,1,GS-12,H,XXXX,8,15,F,1,201409,1,083183,01.3
TR91,11,C,13,11,B,0110,1,GS-11,F,XXXX,8,20,F,2,201409,1,065194,01.0
TR91,11,I,13,14,E,0110,1,GS-14,M,XXXX,8,10,F,1,201409,1,138136,14.5
TR91,11,J,21,15,I,0110,1,GS-15,O,XXXX,8,10,F,1,201409,1,157100,33.7
TR91,11,D,21,13,B,0110,1,GS-13,J,XXXX,8,15,F,1,201409,1,104911,02.0
TR91,11,G,21,15,E,0110,1,GS-15,O,XXXX,8,10,F,1,201409,1,154160,11.1
TR91,11,D,12,15,C,0110,1,GS-15,L,XXXX,8,10,F,1,201409,1,124995,04.0
TR91,11,D,21,14,C,0110,1,GS-14,K,XXXX,8,10,F,1,201409,1,113346,03.0
TR91,11,F,17,15,F,0110,1,GS-15,O,XXXX,2,10,F,1,201409,1,154160,16.8
TR91,11,E,17,15,A,0110,1,GS-15,L,XXXX,8,40,F,2,201409,1,124995,00.3
TR91,11,D,21,12,B,0110,1,GS-12,H,XXXX,8,15,F,1,201409,1,088224,02.0
TR91,11,G,17,15,G,0110,1,GS-15,O,XXXX,2,10,F,1,201409,1,157100,20.8
TR91,11,J,21,,G,0110,1,ES-**,P,XXXX,2,50,F,1,201409,1,169771,23.3
TR91,11,D,17,13,C,0110,1,GS-13,H,XXXX,8,10,F,1,201409,1,089924,03.3
TR91,11,D,17,13,B,0110,1,GS-13,H,XXXX,8,15,F,1,201409,1,089924,02.2
TR91,11,D,04,,D,0110,1,OR-60,O,XXXX,8,10,F,1,201409,1,155826,07.7
TR91,11,E,04,15,D,0110,1,GS-15,M,XXXX,8,15,F,1,201409,1,133328,05.9
TR91,11,I,17,,C,0110,1,ES-**,Q,XXXX,2,50,F,1,201409,1,175000,04.7
TR91,11,H,21,15,G,0110,1,GS-15,O,XXXX,8,10,F,1,201409,1,157100,21.3
TR91,11,F,17,14,E,0110,1,GS-14,L,XXXX,8,10,F,1,201409,1,123970,12.0
TR91,11,J,18,15,G,0110,1,GS-15,O,XXXX,8,10,F,1,201409,1,157100,23.4
TR91,11,I,21,,H,0110,1,ES-**,Q,XXXX,2,50,F,1,201409,1,178000,28.9
TR91,11,D,21,,B,0110,1,OR-53,M,XXXX,8,40,F,2,201409,1,138256,01.3
TR91,11,H,21,14,E,0110,1,GS-14,M,XXXX,8,10,F,1,201409,1,138136,10.4
TR91,11,F,21,15,E,0110,1,GS-15,O,XXXX,8,10,F,1,201409,1,154160,13.8
TR91,11,I,17,15,I,0110,1,GS-15,O,XXXX,8,10,F,1,201409,1,157100,32.3
TR91,11,C,17,13,B,0110,1,GS-13,J,XXXX,8,40,F,2,201409,1,107909,01.9
TR91,11,G,21,15,F,0110,1,GS-15,O,XXXX,8,10,F,1,201409,1,157100,17.9
TR91,11,C,17,11,B,0110,1,GS-11,F,XXXX,8,35,F,1,201409,1,063091,01.5
TR91,11,D,17,,D,0110,1,OR-53,K,XXXX,8,10,F,1,201409,1,113778,08.3
TR91,11,F,21,15,E,0110,1,GS-15,N,XXXX,2,10,F,1,201409,1,149993,12.1
TR91,11,K,21,14,H,0110,1,GS-14,M,XXXX,8,10,F,1,201409,1,131053,29.2
TR91,11,E,21,15,B,0110,1,GS-15,O,XXXX,2,15,F,1,201409,1,157100,02.0
TR91,11,D,17,14,D,0110,1,GS-14,K,XXXX,2,10,F,1,201409,1,116887,08.6
TR91,11,D,04,13,C,0110,1,GS-13,I,XXXX,8,10,F,1,201409,1,098916,04.9
TR91,BE,F,17,,D,0110,1,ES-**,P,XXXX,2,50,F,1,201409,1,163275,06.1
TR91,11,K,17,14,J,0110,1,GS-14,M,XXXX,8,10,F,1,201409,1,138136,45.8
TR91,11,G,17,14,D,0110,1,GS-14,L,XXXX,8,10,F,1,201409,1,123970,07.8
TR91,11,J,18,15,J,0110,1,GS-15,O,XXXX,2,10,F,1,201409,1,157100,36.5
TR91,11,D,17,13,D,0110,1,GS-13,H,XXXX,8,10,F,1,201409,1,089924,06.1
TR91,11,H,17,,H,0110,1,ES-**,Q,XXXX,2,50,F,1,201409,1,176292,25.6
TR91,11,E,07,14,D,0110,1,GS-14,M,XXXX,8,10,F,1,201409,1,131053,06.4
TR91,11,C,17,12,A,0110,1,GS-12,I,XXXX,8,20,F,2,201409,1,098305,00.8
TR91,11,D,17,12,A,0110,1,GS-12,I,XXXX,8,20,F,2,201409,1,093264,00.8
TR91,11,D,17,09,A,0110,1,GS-09,E,XXXX,8,35,F,1,201409,1,052146,00.1
TR91,11,C,17,12,B,0110,1,GS-12,G,XXXX,8,20,F,2,201409,1,075621,01.1
TR91,11,E,17,15,D,0110,1,GS-15,L,XXXX,2,10,F,1,201409,1,129161,06.8
TR91,11,F,01,15,F,0110,1,GS-15,N,XXXX,8,10,F,1,201409,1,145827,15.9
TR91,11,C,17,13,B,0110,1,GS-13,H,XXXX,8,15,F,1,201409,1,089924,02.9
TR91,11,F,17,14,D,0110,1,GS-14,M,XXXX,8,10,F,1,201409,1,134595,05.6
TR91,11,G,21,15,E,0110,1,GS-15,O,XXXX,8,10,F,1,201409,1,157100,11.2
TR91,11,I,14,15,I,0110,1,GS-15,O,XXXX,2,10,F,1,201409,1,157100,31.3
TR91,11,B,13,,B,0110,1,OR-42,H,XXXX,8,40,F,2,201409,1,084830,02.1
TR91,11,D,17,14,D,0110,1,GS-14,J,XXXX,8,10,F,1,201409,1,109804,05.2
TR91,11,E,17,15,C,0110,1,GS-15,O,XXXX,2,10,F,1,201409,1,157100,03.3
TR91,11,K,21,15,H,0110,1,GS-15,O,XXXX,8,10,F,1,201409,1,154160,26.3
TR91,11,E,04,13,D,0110,1,GS-13,J,XXXX,8,10,F,1,201409,1,101914,07.2
TR91,11,F,04,15,D,0110,1,GS-15,N,XXXX,8,10,F,1,201409,1,145827,07.0
TR91,11,C,13,,B,0110,1,OR-51,G,XXXX,8,40,F,2,201409,1,077512,01.4
TR91,11,G,21,15,F,0110,1,GS-15,O,XXXX,8,10,F,1,201409,1,154160,18.1
TR91,11,E,17,15,E,0110,1,GS-15,N,XXXX,8,10,F,1,201409,1,145827,13.9
TR91,11,G,21,14,D,0110,1,GS-14,M,XXXX,2,10,F,1,201409,1,134595,07.9
TR91,11,K,21,,H,0110,1,SL-00,P,XXXX,8,10,F,1,201409,1,166953,26.4
TR91,11,D,13,13,B,0110,1,GS-13,J,XXXX,8,15,F,1,201409,1,104911,01.2
TR91,11,G,17,15,G,0110,1,GS-15,O,XXXX,8,10,F,1,201409,1,154160,23.3
TR91,11,E,21,15,C,0110,1,GS-15,O,XXXX,8,10,F,1,201409,1,157100,03.1
TR91,11,G,21,,A,0110,1,ES-**,O,XXXX,8,55,F,1,201409,1,157100,00.1
TR91,11,D,04,13,C,0110,1,GS-13,H,XXXX,8,10,F,1,201409,1,089924,04.1
TR91,11,J,17,15,I,0110,1,GS-15,N,XXXX,8,10,F,1,201409,1,149993,34.8
TR91,11,D,13,13,B,0110,1,GS-13,J,XXXX,8,15,F,1,201409,1,104911,01.1
TR91,11,E,17,15,D,0110,1,GS-15,M,XXXX,2,10,F,1,201409,1,137494,09.3
TR91,36,F,17,,A,0110,1,OR-70,V,XXXX,8,40,F,2,201409,1,240000,00.3
TR91,11,D,17,13,B,0110,1,GS-13,I,XXXX,8,32,F,1,201409,1,092922,02.2
TR91,11,G,21,15,G,0110,1,GS-15,O,XXXX,8,10,F,1,201409,1,157100,23.0
TR91,11,F,21,15,E,0110,1,GS-15,O,XXXX,8,10,F,1,201409,1,154160,14.2
TR91,11,G,21,15,D,0110,1,GS-15,O,XXXX,8,10,F,1,201409,1,154160,07.8
TR91,11,E,21,15,C,0110,1,GS-15,L,XXXX,8,10,F,1,201409,1,124995,04.0
TR91,11,G,17,,F,0110,1,ES-**,N,XXXX,2,50,F,1,201409,1,145157,15.3
TR91,11,D,17,14,E,0110,1,GS-14,K,XXXX,8,10,F,1,201409,1,113346,10.2
TR91,11,G,04,,F,0110,1,ES-**,P,XXXX,2,50,F,1,201409,1,167497,18.3
TR91,11,E,17,14,D,0110,1,GS-14,K,XXXX,8,10,F,1,201409,1,116887,07.2
TR91,11,J,21,14,H,0110,1,GS-14,M,XXXX,8,10,F,1,201409,1,138136,26.4
TR91,11,G,21,15,F,0110,1,GS-15,O,XXXX,8,10,F,1,201409,1,157100,15.9
TR91,11,D,17,,A,0110,1,OR-42,G,XXXX,8,40,F,2,201409,1,075000,00.3
TR91,11,D,17,13,B,0110,1,GS-13,H,XXXX,8,15,F,1,201409,1,089924,01.9
TR91,11,E,21,,A,0110,1,ES-**,O,XXXX,2,55,F,1,201409,1,150000,00.8
TR91,11,G,17,15,F,0110,1,GS-15,N,XXXX,8,10,F,1,201409,1,145827,18.4
TR91,11,F,17,15,E,0110,1,GS-15,M,XXXX,2,10,F,1,201409,1,137494,13.2
TR91,11,D,17,,A,0110,1,OR-42,F,XXXX,8,35,F,1,201409,1,064086,00.9
TR91,11,E,21,15,E,0110,1,GS-15,O,XXXX,8,10,F,1,201409,1,154160,10.0
TR91,11,D,19,,B,0110,1,OR-53,M,XXXX,8,15,F,1,201409,1,136997,02.3
TR91,11,E,21,14,D,0110,1,GS-14,L,XXXX,2,10,F,1,201409,1,120429,06.3
TR91,11,F,21,,D,0110,1,ES-**,N,XXXX,2,55,F,1,201409,1,140000,09.5
TR91,11,D,04,14,D,0110,1,GS-14,K,XXXX,2,10,F,1,201409,1,116887,08.3
TR91,11,G,17,15,E,0110,1,GS-15,O,XXXX,2,10,F,1,201409,1,157100,10.0
TR91,11,J,17,15,J,0110,1,GS-15,O,XXXX,8,10,F,1,201409,1,157100,37.2
TR91,11,G,21,,D,0110,1,OR-60,M,XXXX,8,10,F,1,201409,1,137931,06.3
TR91,11,G,17,,H,0110,1,ES-**,Q,XXXX,2,50,F,1,201409,1,172880,25.1
TR91,11,J,17,13,I,0110,1,GS-13,K,XXXX,8,10,F,1,201409,1,116901,30.5
TR91,11,I,21,,I,0110,1,ES-**,Q,XXXX,2,50,F,1,201409,1,179700,31.0
TR91,11,H,17,14,B,0110,1,GS-14,L,XXXX,8,20,F,2,201409,1,123970,01.1
TR91,11,H,21,,H,0110,1,ES-**,Q,XXXX,2,50,F,1,201409,1,175000,25.1
TR91,11,E,21,15,B,0110,1,GS-15,N,XXXX,8,15,F,1,201409,1,145827,01.2
TR91,11,F,17,15,F,0110,1,GS-15,N,XXXX,8,10,F,1,201409,1,149993,15.0
TR91,11,E,17,15,B,0110,1,GS-15,L,XXXX,8,40,F,2,201409,1,129161,01.8
TR91,11,D,04,14,C,0110,1,GS-14,J,XXXX,2,10,F,1,201409,1,106263,04.1
TR91,11,I,17,14,J,0110,1,GS-14,M,XXXX,8,10,F,1,201409,1,134595,35.8
TR91,11,C,13,12,B,0110,1,GS-12,G,XXXX,8,15,F,1,201409,1,078142,01.9
TR91,11,F,21,15,E,0110,1,GS-15,N,XXXX,8,10,F,1,201409,1,145827,14.0
TR91,11,D,17,13,B,0110,1,GS-13,I,XXXX,8,15,F,1,201409,1,092922,01.4
TR91,11,I,22,15,D,0110,1,GS-15,M,XXXX,8,10,F,1,201409,1,137494,05.7
TR91,11,I,13,15,D,0110,1,GS-15,O,XXXX,8,10,F,1,201409,1,154160,07.0
TR91,11,E,21,15,E,0110,1,GS-15,O,XXXX,8,10,F,1,201409,1,154160,10.1
TR91,11,K,04,15,E,0110,1,GS-15,O,XXXX,8,10,F,1,201409,1,157100,10.9
TR91,11,G,17,14,B,0110,1,GS-14,L,XXXX,8,15,F,1,201409,1,120429,01.6
TR91,11,F,21,15,A,0110,1,GS-15,O,XXXX,8,40,F,2,201409,1,154160,00.8
TR91,11,J,17,15,G,0110,1,GS-15,O,XXXX,8,10,F,1,201409,1,157100,24.0
TR91,11,J,17,,J,0110,1,ES-**,Q,XXXX,2,50,F,1,201409,1,175644,36.3
TR91,11,D,17,15,C,0110,1,GS-15,L,XXXX,8,10,F,1,201409,1,124995,04.0
TR91,11,G,21,,F,0110,1,SL-00,P,XXXX,8,10,F,1,201409,1,166953,16.9
TR91,11,J,13,15,J,0110,1,GS-15,O,XXXX,8,10,F,1,201409,1,157100,37.8
TR91,11,E,13,13,E,0110,1,GS-13,J,XXXX,8,10,F,1,201409,1,104911,14.8
TR91,11,D,17,13,B,0110,1,GS-13,J,XXXX,8,40,F,2,201409,1,101914,01.8
TR91,11,H,13,15,G,0110,1,GS-15,M,XXXX,8,10,F,1,201409,1,133328,22.7
TR91,11,C,13,14,C,0110,1,GS-14,J,XXXX,8,15,F,1,201409,1,106263,04.7
TR91,11,C,17,14,B,0110,1,GS-14,J,XXXX,8,15,F,1,201409,1,106263,02.2
TR91,11,I,17,,H,0110,1,ES-**,Q,XXXX,2,50,F,1,201409,1,172170,26.8
TR91,11,G,17,14,D,0110,1,GS-14,L,XXXX,8,10,F,1,201409,1,120429,07.9
TR91,11,C,04,,C,0110,1,OR-53,K,XXXX,8,10,F,1,201409,1,110065,03.2
TR91,11,E,21,15,E,0110,1,GS-15,O,XXXX,8,10,F,1,201409,1,154160,11.3
TR91,11,F,21,,A,0110,1,OR-60,R,XXXX,8,40,F,2,201409,1,180000,00.0
TR91,11,D,17,13,D,0110,1,GS-13,I,XXXX,8,10,F,1,201409,1,098916,06.0
TR91,11,H,21,15,F,0110,1,GS-15,N,XXXX,8,10,F,1,201409,1,145827,18.3
TR91,11,I,21,15,F,0110,1,GS-15,O,XXXX,8,10,F,1,201409,1,157100,16.8
TR91,11,D,17,14,D,0110,1,GS-14,K,XXXX,2,10,F,1,201409,1,116887,05.2
TR91,11,G,17,14,F,0110,1,GS-14,M,XXXX,2,10,F,1,201409,1,134595,19.5
TR91,11,D,21,15,C,0110,1,GS-15,L,XXXX,8,10,F,1,201409,1,124995,04.0
TR91,11,H,04,,F,0110,1,OR-70,T,XXXX,8,10,F,1,201409,1,203451,15.2
TR91,11,I,21,15,G,0110,1,GS-15,O,XXXX,8,10,F,1,201409,1,157100,21.2
TR91,11,H,13,15,G,0110,1,GS-15,O,XXXX,2,10,F,1,201409,1,154160,20.7
TR91,11,G,21,15,E,0110,1,GS-15,O,XXXX,8,10,F,1,201409,1,157100,10.1
TR91,AF,E,04,12,B,0110,1,GS-12,F,XXXX,8,15,F,1,201409,1,060877,02.3
TR91,11,F,17,,F,0110,1,ES-**,N,XXXX,2,50,F,1,201409,1,148722,16.8
TR91,11,G,21,14,E,0110,1,GS-14,M,XXXX,8,10,F,1,201409,1,131053,14.3
TR91,11,F,17,,G,0110,1,ES-**,P,XXXX,2,50,F,1,201409,1,168000,20.3
TR91,11,D,21,15,C,0110,1,GS-15,L,XXXX,8,10,F,1,201409,1,124995,04.0
TR91,11,F,17,15,F,0110,1,GS-15,O,XXXX,2,10,F,1,201409,1,154160,16.9
TR91,11,D,17,14,D,0110,1,GS-14,K,XXXX,8,10,F,1,201409,1,113346,08.2
TR91,11,H,17,15,H,0110,1,GS-15,O,XXXX,2,10,F,1,201409,1,157100,28.0
TR91,11,I,04,15,E,0110,1,GS-15,O,XXXX,2,10,F,1,201409,1,157100,10.1
TR91,11,I,17,15,G,0110,1,GS-15,O,XXXX,8,10,F,1,201409,1,157100,21.5
TR93,11,G,17,14,G,0110,1,GS-14,L,XXXX,5,10,F,1,201409,1,127512,24.2
TR93,06,K,17,13,F,0110,1,GS-13,K,XXXX,8,10,F,1,201409,1,119668,19.9
TR93,06,D,04,14,B,0110,1,GS-14,L,XXXX,8,15,F,1,201409,1,123319,02.1
TR93,11,D,04,13,D,0110,1,GS-13,I,XXXX,8,10,F,1,201409,1,095919,08.6
TR93,17,E,17,14,A,0110,1,GS-14,M,XXXX,8,15,F,1,201409,1,139115,00.1
TR93,11,F,17,14,E,0110,1,GS-14,K,XXXX,5,10,F,1,201409,1,116887,12.1
TR93,09,G,17,14,G,0110,1,GS-14,L,XXXX,5,10,F,1,201409,1,129154,23.0
TR93,11,E,13,12,D,0110,1,GS-12,H,XXXX,8,10,F,1,201409,1,085703,06.2
TR93,11,D,13,12,D,0110,1,GS-12,H,XXXX,8,10,F,1,201409,1,083183,06.1
TR93,11,C,04,12,D,0110,1,GS-12,H,XXXX,8,10,F,1,201409,1,083183,05.7
TR93,11,D,13,13,D,0110,1,GS-13,J,XXXX,8,10,F,1,201409,1,104911,09.9
TR93,48,E,17,13,D,0110,1,GS-13,I,XXXX,8,10,F,1,201409,1,099001,08.2
TR93,48,J,17,14,F,0110,1,GS-14,L,XXXX,7,10,F,1,201409,1,123868,19.8
TR93,11,G,13,14,G,0110,1,GS-14,M,XXXX,5,10,F,1,201409,1,138136,23.3
TR93,06,K,21,13,G,0110,1,GS-13,K,XXXX,8,10,F,1,201409,1,119668,23.6
TR93,11,C,04,12,C,0110,1,GS-12,H,XXXX,8,10,F,1,201409,1,080662,04.0
TR93,17,I,04,14,A,0110,1,GS-14,M,XXXX,8,15,F,1,201409,1,139115,00.1
TR93,06,H,17,14,F,0110,1,GS-14,O,XXXX,8,10,F,1,201409,1,150291,16.3
TR93,13,G,21,14,E,0110,1,GS-14,L,XXXX,8,10,F,1,201409,1,122451,14.9
TR93,11,K,17,13,H,0110,1,GS-13,K,XXXX,8,10,F,1,201409,1,116901,25.4
TR93,48,J,21,13,D,0110,1,GS-13,I,XXXX,8,10,F,1,201409,1,093660,06.0
TR93,11,D,04,09,A,0110,1,GS-09,E,XXXX,8,15,F,1,201409,1,052146,00.4
TR93,48,J,17,14,H,0110,1,GS-14,K,XXXX,8,10,F,1,201409,1,110676,26.6
TR93,12,D,17,14,D,0110,1,GS-14,K,XXXX,7,10,F,1,201409,1,110676,08.3
TR93,36,I,17,13,J,0110,1,GS-13,L,XXXX,8,10,F,1,201409,1,121136,37.4
TR93,11,F,17,12,E,0110,1,GS-12,I,XXXX,8,10,F,1,201409,1,090744,12.8
TR93,11,E,17,14,F,0110,1,GS-14,L,XXXX,5,10,F,1,201409,1,120429,15.3
TR93,13,F,17,13,C,0110,1,GS-13,I,XXXX,8,10,F,1,201409,1,092112,04.0
TR93,11,F,13,14,F,0110,1,GS-14,M,XXXX,5,10,F,1,201409,1,131053,19.7
TR93,34,G,13,14,D,0110,1,GS-14,K,XXXX,8,10,F,1,201409,1,117452,05.4
TR93,36,I,17,13,D,0110,1,GS-13,J,XXXX,8,10,F,1,201409,1,102500,05.2
TR93,11,G,13,14,G,0110,1,GS-14,L,XXXX,5,10,F,1,201409,1,123970,24.5
TR93,34,F,17,14,D,0110,1,GS-14,L,XXXX,8,10,F,1,201409,1,121122,05.4
TR93,11,G,13,14,H,0110,1,GS-14,L,XXXX,5,10,F,1,201409,1,127512,25.0
TR93,11,F,17,14,C,0110,1,GS-14,M,XXXX,8,10,F,1,201409,1,138136,03.7
TR93,12,I,17,,D,0110,1,IR-FM,I,XXXX,2,10,F,1,201409,1,099420,05.4
TR93,12,H,21,13,E,0110,1,GS-13,J,XXXX,8,10,F,1,201409,1,101924,14.0
TR93,11,I,17,,H,0110,1,IR-SM,O,XXXX,2,10,F,1,201409,1,151952,25.3
TR93,11,F,17,14,C,0110,1,GS-14,K,XXXX,8,10,F,1,201409,1,116887,03.2
TR93,06,E,21,14,C,0110,1,GS-14,M,XXXX,8,10,F,1,201409,1,134878,03.6
TR93,13,H,17,14,F,0110,1,GS-14,M,XXXX,8,10,F,1,201409,1,132654,19.5
TR93,06,F,17,13,D,0110,1,GS-13,J,XXXX,8,10,F,1,201409,1,101889,05.2
TR93,06,D,17,14,D,0110,1,GS-14,L,XXXX,8,10,F,1,201409,1,123319,05.4
TR93,06,D,13,14,B,0110,1,GS-14,K,XXXX,8,15,F,1,201409,1,119466,02.1
TR93,48,G,13,,D,0110,1,IR-FM,K,XXXX,2,10,F,1,201409,1,114642,09.8
TR93,04,G,13,14,G,0110,1,GS-14,L,XXXX,5,10,F,1,201409,1,126512,23.0
TR93,54,I,17,14,G,0110,1,GS-14,M,XXXX,5,10,F,1,201409,1,134595,23.3
TR93,36,H,17,14,E,0110,1,GS-14,M,XXXX,8,10,F,1,201409,1,132131,10.3
TR93,11,D,17,12,C,0110,1,GS-12,G,XXXX,8,10,F,1,201409,1,078142,03.8
TR93,11,F,21,13,F,0110,1,GS-13,K,XXXX,8,10,F,1,201409,1,110906,15.6
TR93,06,G,21,15,E,0110,1,GS-15,O,XXXX,8,10,F,1,201409,1,154125,10.2
TR93,39,F,13,13,D,0110,1,GS-13,I,XXXX,8,10,F,1,201409,1,094401,05.4
TR93,11,G,13,13,H,0110,1,GS-13,K,XXXX,8,10,P,2,201409,1,116901,25.1
TR93,48,I,17,13,D,0110,1,GS-13,K,XXXX,8,10,F,1,201409,1,111809,07.0
TR93,11,D,21,14,B,0110,1,GS-14,K,XXXX,5,15,F,1,201409,1,113346,02.2
TR93,24,E,17,13,E,0110,1,GS-13,J,XXXX,8,10,F,1,201409,1,104911,10.9
TR93,06,E,17,13,D,0110,1,GS-13,J,XXXX,8,10,F,1,201409,1,101098,06.8
TR93,39,E,21,13,B,0110,1,GS-13,H,XXXX,8,15,F,1,201409,1,084813,02.1
TR93,06,E,17,14,D,0110,1,GS-14,K,XXXX,7,10,F,1,201409,1,112403,08.2
TR93,06,D,21,13,B,0110,1,GS-13,I,XXXX,8,15,F,1,201409,1,092052,02.1
TR93,06,J,17,13,G,0110,1,GS-13,K,XXXX,8,10,F,1,201409,1,119668,23.1
TR93,06,E,17,13,D,0110,1,GS-13,J,XXXX,8,10,F,1,201409,1,101258,06.0
TR93,39,G,21,13,D,0110,1,GS-13,J,XXXX,8,10,F,1,201409,1,102983,09.8
TR93,48,F,21,13,B,0110,1,GS-13,I,XXXX,8,15,F,1,201409,1,099386,02.1
TR93,17,G,21,14,E,0110,1,GS-14,L,XXXX,8,10,F,1,201409,1,124849,10.8
TR93,11,K,04,13,D,0110,1,GS-13,H,XXXX,8,10,F,1,201409,1,089924,06.3
TR93,11,E,15,13,D,0110,1,GS-13,I,XXXX,5,10,F,1,201409,1,092922,07.1
TR93,17,I,17,13,F,0110,1,GS-13,K,XXXX,8,10,F,1,201409,1,114710,15.0
TR93,11,H,17,15,B,0110,1,GS-15,O,XXXX,5,15,F,1,201409,1,157100,02.8
TR93,11,C,13,09,C,0110,1,GS-09,E,XXXX,8,10,F,1,201409,1,052146,04.8
TR93,06,K,04,14,F,0110,1,GS-14,N,XXXX,8,10,F,1,201409,1,142585,18.4
TR93,06,J,17,,G,0110,1,IR-FM,M,XXXX,2,10,F,1,201409,1,131635,20.0
TR93,11,K,17,14,J,0110,1,GS-14,M,XXXX,7,10,F,1,201409,1,138136,48.2
TR93,06,I,21,14,E,0110,1,GS-14,M,XXXX,8,10,F,1,201409,1,130530,11.7
TR93,11,J,17,12,E,0110,1,GS-12,H,XXXX,8,15,F,1,201409,1,083183,10.3
TR93,11,D,17,14,B,0110,1,GS-14,K,XXXX,8,15,F,1,201409,1,113346,02.9
TR93,13,D,21,,D,0110,1,IR-FM,J,XXXX,2,10,F,1,201409,1,102589,08.0
TR93,36,K,21,14,H,0110,1,GS-14,N,XXXX,7,10,F,1,201409,1,143141,26.8
TR93,12,E,17,13,D,0110,1,GS-13,H,XXXX,8,10,F,1,201409,1,085396,08.4
TR93,06,K,04,14,G,0110,1,GS-14,M,XXXX,8,10,F,1,201409,1,130530,23.6
TR93,06,K,21,14,E,0110,1,GS-14,L,XXXX,8,10,F,1,201409,1,127172,11.3
TR93,11,D,13,12,C,0110,1,GS-12,H,XXXX,8,10,F,1,201409,1,080662,04.9
TR93,36,C,13,13,C,0110,1,GS-13,J,XXXX,8,10,F,1,201409,1,102500,04.0
TR93,47,I,17,13,H,0110,1,GS-13,J,XXXX,8,10,F,1,201409,1,107434,29.4
TR93,11,E,13,14,F,0110,1,GS-14,L,XXXX,5,10,F,1,201409,1,123970,17.0
TR93,11,E,13,13,E,0110,1,GS-13,I,XXXX,8,10,F,1,201409,1,095919,11.9
TR93,11,H,17,14,H,0110,1,GS-14,M,XXXX,5,10,F,1,201409,1,138136,28.3
TR93,48,H,21,13,E,0110,1,GS-13,J,XXXX,8,10,F,1,201409,1,105598,10.4
TR93,48,J,17,13,E,0110,1,GS-13,K,XXXX,8,10,F,1,201409,1,110648,10.3
TR93,06,H,17,14,B,0110,1,GS-14,N,XXXX,8,15,F,1,201409,1,141406,02.1
TR93,17,E,04,13,B,0110,1,GS-13,I,XXXX,8,15,F,1,201409,1,090561,02.3
TR93,36,D,13,14,B,0110,1,GS-14,L,XXXX,8,15,F,1,201409,1,128461,02.1
TR93,12,G,17,13,D,0110,1,GS-13,I,XXXX,8,10,F,1,201409,1,096185,07.8
TR93,11,E,17,14,C,0110,1,GS-14,M,XXXX,5,10,F,1,201409,1,138136,04.9
TR93,11,H,13,13,H,0110,1,GS-13,K,XXXX,8,10,F,1,201409,1,116901,25.5
TR93,11,G,17,13,D,0110,1,GS-13,J,XXXX,5,10,F,1,201409,1,101914,07.3
TR93,36,D,04,14,B,0110,1,GS-14,N,XXXX,8,15,F,1,201409,1,143141,02.1
TR93,26,I,18,13,G,0110,1,GS-13,K,XXXX,8,10,F,1,201409,1,110790,22.9
TR93,11,J,13,14,H,0110,1,GS-14,M,XXXX,8,10,F,1,201409,1,138136,26.8
TR93,48,H,17,13,D,0110,1,GS-13,J,XXXX,8,10,F,1,201409,1,101913,05.4
TR93,17,I,21,14,I,0110,1,GS-14,M,XXXX,7,10,F,1,201409,1,139115,30.0
TR93,26,I,21,13,D,0110,1,GS-13,J,XXXX,8,10,F,1,201409,1,101807,06.3
TR93,06,K,17,13,C,0110,1,GS-13,J,XXXX,8,10,F,1,201409,1,101258,04.0
TR93,11,G,17,14,D,0110,1,GS-14,M,XXXX,8,10,F,1,201409,1,138136,05.6
TR93,36,D,17,14,E,0110,1,GS-14,K,XXXX,8,10,F,1,201409,1,117452,11.3
TR93,36,K,21,13,G,0110,1,GS-13,L,XXXX,8,10,F,1,201409,1,121136,23.6
TR93,11,H,17,,H,0110,1,IR-SM,O,XXXX,2,10,F,1,201409,1,152936,27.3
TR93,13,G,17,13,G,0110,1,GS-13,K,XXXX,8,10,F,1,201409,1,112261,22.2
TR93,11,H,17,12,F,0110,1,GS-12,H,XXXX,8,10,F,1,201409,1,088224,16.6
TR93,06,H,21,14,B,0110,1,GS-14,L,XXXX,5,15,F,1,201409,1,123319,02.3
TR93,06,I,21,14,D,0110,1,GS-14,N,XXXX,8,10,F,1,201409,1,146438,05.2
TR93,48,I,17,13,C,0110,1,GS-13,H,XXXX,8,15,F,1,201409,1,087354,04.7
TR93,06,G,17,14,D,0110,1,GS-14,O,XXXX,8,10,F,1,201409,1,150291,07.7
TR93,11,H,17,,G,0110,1,IR-SM,O,XXXX,2,10,F,1,201409,1,157100,24.3
TR93,06,F,21,13,E,0110,1,GS-13,L,XXXX,8,10,F,1,201409,1,123926,13.2
TR93,26,H,17,14,H,0110,1,GS-14,M,XXXX,8,10,F,1,201409,1,137992,25.4
TR93,48,G,17,14,D,0110,1,GS-14,K,XXXX,7,10,F,1,201409,1,113773,08.6
TR93,36,I,17,13,D,0110,1,GS-13,I,XXXX,8,10,F,1,201409,1,095974,05.2
TR93,11,E,21,14,B,0110,1,GS-14,J,XXXX,8,15,F,1,201409,1,106263,02.1
TR93,24,I,04,14,D,0110,1,GS-14,M,XXXX,5,10,F,1,201409,1,138136,09.4
TR93,08,D,17,13,B,0110,1,GS-13,H,XXXX,8,15,F,1,201409,1,088693,02.1
TR93,48,F,14,13,D,0110,1,GS-13,I,XXXX,8,10,F,1,201409,1,093174,08.8
TR93,11,D,17,13,D,0110,1,GS-13,I,XXXX,5,10,F,1,201409,1,092922,05.0
TR93,36,K,17,13,G,0110,1,GS-13,L,XXXX,8,10,F,1,201409,1,121136,23.6
TR93,11,C,13,09,A,0110,1,GS-09,E,XXXX,8,15,F,1,201409,1,052146,00.3
TR93,06,I,21,14,E,0110,1,GS-14,M,XXXX,7,10,F,1,201409,1,138731,12.7
TR93,06,H,21,14,G,0110,1,GS-14,M,XXXX,8,10,F,1,201409,1,138731,23.5
TR93,27,G,17,14,F,0110,1,GS-14,M,XXXX,8,10,F,1,201409,1,134511,16.7
TR93,36,I,04,,E,0110,1,IR-FM,M,XXXX,2,10,F,1,201409,1,133250,11.6
TR93,11,J,20,14,H,0110,1,GS-14,M,XXXX,5,10,F,1,201409,1,138136,27.8
TR93,12,J,17,14,D,0110,1,GS-14,K,XXXX,7,10,F,1,201409,1,113660,05.4
TR93,27,G,21,,F,0110,1,IR-SM,N,XXXX,2,10,F,1,201409,1,147188,19.3
TR93,08,D,17,13,B,0110,1,GS-13,H,XXXX,8,15,F,1,201409,1,088693,02.1
TR93,11,C,04,12,C,0110,1,GS-12,H,XXXX,8,10,F,1,201409,1,080662,04.9
TR93,06,G,17,13,D,0110,1,GS-13,J,XXXX,8,10,F,1,201409,1,104326,08.9
TR93,11,G,17,13,E,0110,1,GS-13,K,XXXX,8,10,P,2,201409,1,110906,10.1
TR93,11,D,17,12,C,0110,1,GS-12,H,XXXX,8,10,F,1,201409,1,083183,04.4
TR93,36,K,14,,J,0110,1,IR-FM,N,XXXX,2,10,F,1,201409,1,143141,41.9
TR93,11,K,17,14,C,0110,1,GS-14,J,XXXX,8,10,F,1,201409,1,106263,04.6
TR93,12,G,17,12,E,0110,1,GS-12,H,XXXX,8,10,F,1,201409,1,085787,10.9
TR93,11,E,13,14,F,0110,1,GS-14,L,XXXX,5,10,F,1,201409,1,123970,16.2
TR93,11,E,17,14,D,0110,1,GS-14,J,XXXX,5,10,F,1,201409,1,109804,09.1
TR93,36,I,17,13,D,0110,1,GS-13,J,XXXX,8,10,F,1,201409,1,105606,05.4
TR93,06,I,17,13,D,0110,1,GS-13,K,XXXX,8,10,F,1,201409,1,110881,05.4
TR93,08,G,13,,D,0110,1,IR-FM,J,XXXX,2,10,F,1,201409,1,107318,05.4
TR93,11,C,17,09,D,0110,1,GS-09,E,XXXX,8,10,F,1,201409,1,057360,06.5
TR93,53,E,17,14,D,0110,1,GS-14,K,XXXX,7,10,F,1,201409,1,111147,05.2
TR93,08,G,17,13,E,0110,1,GS-13,J,XXXX,8,10,F,1,201409,1,106432,10.9
TR93,17,D,17,14,B,0110,1,GS-14,J,XXXX,8,15,F,1,201409,1,107016,02.1
TR93,06,H,17,14,D,0110,1,GS-14,L,XXXX,7,10,F,1,201409,1,123279,08.2
TR93,06,I,17,14,E,0110,1,GS-14,N,XXXX,8,10,F,1,201409,1,142585,13.2
TR93,06,F,13,13,B,0110,1,GS-13,J,XXXX,8,15,F,1,201409,1,101098,02.1
TR93,25,I,04,14,E,0110,1,GS-14,M,XXXX,8,10,F,1,201409,1,138781,12.7
TR93,26,H,17,14,G,0110,1,GS-14,L,XXXX,7,10,F,1,201409,1,123841,23.0
TR93,40,J,21,13,D,0110,1,GS-13,I,XXXX,8,10,F,1,201409,1,096415,05.2
TR93,06,I,17,14,H,0110,1,GS-14,O,XXXX,7,10,F,1,201409,1,150291,28.4
TR93,11,J,21,12,I,0110,1,GS-12,I,XXXX,8,10,F,1,201409,1,098305,30.9
TR93,06,G,13,13,G,0110,1,GS-13,L,XXXX,8,10,F,1,201409,1,127187,20.0
TR93,17,J,17,,D,0110,1,IR-FM,K,XXXX,2,10,F,1,201409,1,118769,07.0
TR93,06,G,21,14,D,0110,1,GS-14,L,XXXX,8,10,F,1,201409,1,127481,07.7
TR93,06,J,21,14,F,0110,1,GS-14,N,XXXX,7,10,F,1,201409,1,141406,18.8
TR93,12,D,17,14,D,0110,1,GS-14,K,XXXX,8,10,F,1,201409,1,110216,09.0
TR93,11,F,17,14,B,0110,1,GS-14,M,XXXX,8,15,F,1,201409,1,138136,02.9
TR93,06,H,17,13,F,0110,1,GS-13,L,XXXX,8,10,F,1,201409,1,127187,16.3
TR93,11,E,04,14,F,0110,1,GS-14,L,XXXX,5,10,F,1,201409,1,120429,16.2
TR93,39,I,13,,E,0110,1,IR-FM,J,XXXX,2,10,F,1,201409,1,100223,11.3
TR93,11,J,17,14,I,0110,1,GS-14,M,XXXX,5,10,F,1,201409,1,138136,30.3
TR93,11,C,13,09,A,0110,1,GS-09,E,XXXX,8,15,F,1,201409,1,052146,00.3
TR93,11,J,21,14,D,0110,1,GS-14,M,XXXX,8,10,F,1,201409,1,131053,08.9
TR93,11,G,04,12,C,0110,1,GS-12,H,XXXX,8,10,F,1,201409,1,080662,04.1
TR93,11,F,17,13,B,0110,1,GS-13,I,XXXX,8,15,F,1,201409,1,092922,02.1
TR93,25,J,17,13,F,0110,1,GS-13,K,XXXX,8,10,F,1,201409,1,114435,19.0
TR93,17,E,21,14,A,0110,1,GS-14,M,XXXX,8,15,F,1,201409,1,131982,00.1
TR93,48,D,17,13,D,0110,1,GS-13,I,XXXX,8,10,F,1,201409,1,099001,08.2
TR93,36,D,13,13,B,0110,1,GS-13,I,XXXX,8,15,F,1,201409,1,099394,02.1
TR93,23,E,13,13,F,0110,1,GS-13,J,XXXX,8,10,F,1,201409,1,104679,16.2
TR93,11,D,17,13,D,0110,1,GS-13,I,XXXX,5,10,F,1,201409,1,092922,06.1
TR93,36,I,17,14,H,0110,1,GS-14,M,XXXX,8,10,F,1,201409,1,135801,27.3
TR93,13,J,17,13,D,0110,1,GS-13,J,XXXX,8,10,F,1,201409,1,106504,08.8
TR93,06,G,21,14,D,0110,1,GS-14,L,XXXX,8,10,F,1,201409,1,127172,08.0
TR93,11,J,21,14,G,0110,1,GS-14,M,XXXX,7,10,F,1,201409,1,131053,22.8
TR93,36,G,17,14,F,0110,1,GS-14,M,XXXX,8,10,F,1,201409,1,130085,19.7
TR93,17,D,21,13,C,0110,1,GS-13,I,XXXX,8,10,F,1,201409,1,096598,04.0
TR93,53,F,17,13,B,0110,1,GS-13,H,XXXX,8,15,F,1,201409,1,088179,02.1
TR93,51,I,17,,D,0110,1,IR-FM,J,XXXX,2,10,F,1,201409,1,102018,05.4
TR93,11,D,04,13,D,0110,1,GS-13,I,XXXX,8,10,F,1,201409,1,095919,07.8
TR93,53,D,13,14,D,0110,1,GS-14,K,XXXX,8,10,F,1,201409,1,114620,05.4
TR93,27,D,13,13,D,0110,1,GS-13,I,XXXX,8,10,F,1,201409,1,096320,05.4
TR93,06,I,21,14,E,0110,1,GS-14,M,XXXX,8,10,F,1,201409,1,134155,13.2
TR93,34,I,17,14,G,0110,1,GS-14,M,XXXX,8,10,F,1,201409,1,139471,20.0
TR93,11,D,04,12,D,0110,1,GS-12,H,XXXX,8,10,F,1,201409,1,083183,05.7
TR93,11,G,17,15,F,0110,1,GS-15,N,XXXX,5,10,F,1,201409,1,141660,19.3
TR93,11,D,13,11,C,0110,1,GS-11,G,XXXX,8,10,F,1,201409,1,075710,04.0
TR93,11,G,17,14,F,0110,1,GS-14,L,XXXX,5,10,F,1,201409,1,127512,19.3
TR93,13,F,17,14,E,0110,1,GS-14,M,XXXX,7,10,F,1,201409,1,132654,13.3
TR93,06,D,13,14,B,0110,1,GS-14,K,XXXX,8,15,F,1,201409,1,116028,02.4
TR93,17,J,21,14,E,0110,1,GS-14,L,XXXX,8,10,F,1,201409,1,128415,12.7
TR93,11,E,13,13,E,0110,1,GS-13,I,XXXX,8,10,F,1,201409,1,095919,12.0
TR93,11,G,17,13,F,0110,1,GS-13,K,XXXX,8,10,F,1,201409,1,116901,19.3
TR93,11,J,17,14,E,0110,1,GS-14,M,XXXX,8,10,F,1,201409,1,138136,14.5
TR93,11,E,04,14,E,0110,1,GS-14,L,XXXX,5,10,F,1,201409,1,120429,14.0
TR93,36,E,13,14,B,0110,1,GS-14,N,XXXX,8,15,F,1,201409,1,143141,02.4
TR93,11,D,04,12,D,0110,1,GS-12,H,XXXX,8,10,F,1,201409,1,080662,06.9
TR93,08,G,17,12,E,0110,1,GS-12,H,XXXX,8,10,F,1,201409,1,087016,10.2
TR93,17,I,21,14,F,0110,1,GS-14,M,XXXX,8,10,F,1,201409,1,131982,18.0
TR93,11,F,21,13,D,0110,1,GS-13,I,XXXX,5,10,F,1,201409,1,095919,05.4
TR93,39,F,21,14,D,0110,1,GS-14,K,XXXX,8,10,F,1,201409,1,110244,05.2
TR93,11,D,04,12,C,0110,1,GS-12,H,XXXX,8,10,F,1,201409,1,080662,04.1
TR93,11,E,04,13,E,0110,1,GS-13,K,XXXX,8,10,F,1,201409,1,110906,13.8
TR93,11,K,13,15,I,0110,1,GS-15,O,XXXX,5,10,F,1,201409,1,157100,31.3
TR93,51,H,17,13,H,0110,1,GS-13,J,XXXX,8,10,F,1,201409,1,107434,28.8
TR93,25,K,21,13,I,0110,1,GS-13,K,XXXX,8,10,F,1,201409,1,117447,32.5
TR93,48,J,21,13,D,0110,1,GS-13,J,XXXX,8,10,F,1,201409,1,104825,09.3
TR93,06,J,18,14,C,0110,1,GS-14,O,XXXX,8,10,F,1,201409,1,150291,04.5
TR93,48,D,17,14,D,0110,1,GS-14,K,XXXX,8,10,F,1,201409,1,117443,05.4
TR93,11,F,17,14,F,0110,1,GS-14,L,XXXX,5,10,F,1,201409,1,127512,16.1
TR93,13,E,17,14,D,0110,1,GS-14,K,XXXX,8,10,F,1,201409,1,119050,09.3
TR93,06,D,13,13,D,0110,1,GS-13,J,XXXX,8,10,F,1,201409,1,101098,07.6
TR93,48,C,13,13,C,0110,1,GS-13,I,XXXX,8,10,F,1,201409,1,096090,04.0
TR93,13,E,13,14,F,0110,1,GS-14,L,XXXX,8,10,F,1,201409,1,122451,15.1
TR93,06,J,21,,H,0110,1,IR-FM,N,XXXX,2,10,F,1,201409,1,144046,26.3
TR93,11,D,13,14,D,0110,1,GS-14,K,XXXX,5,10,F,1,201409,1,113346,09.2
TR93,25,F,21,14,C,0110,1,GS-14,K,XXXX,8,10,F,1,201409,1,110317,04.2
TR93,06,I,17,13,B,0110,1,GS-13,I,XXXX,8,15,F,1,201409,1,097836,02.1
TR93,11,D,13,12,D,0110,1,GS-12,H,XXXX,8,10,F,1,201409,1,083183,06.9
TR93,17,E,04,14,B,0110,1,GS-14,M,XXXX,8,15,F,1,201409,1,139115,02.0
TR93,11,I,21,14,E,0110,1,GS-14,L,XXXX,5,10,F,1,201409,1,127512,12.1
TR93,06,F,17,14,B,0110,1,GS-14,N,XXXX,8,15,F,1,201409,1,141406,02.9
TR93,48,H,18,14,G,0110,1,GS-14,N,XXXX,8,10,F,1,201409,1,143129,20.6
TR93,36,H,17,14,H,0110,1,GS-14,N,XXXX,7,10,F,1,201409,1,143141,25.7
TR93,55,H,17,13,G,0110,1,GS-13,J,XXXX,8,10,F,1,201409,1,108292,23.5
TR93,17,E,21,14,D,0110,1,GS-14,K,XXXX,8,10,F,1,201409,1,114149,06.0
TR93,49,D,13,12,D,0110,1,GS-12,G,XXXX,8,10,F,1,201409,1,076446,05.4
TR93,06,F,17,14,B,0110,1,GS-14,N,XXXX,8,15,F,1,201409,1,141406,02.9
TR93,06,F,21,14,D,0110,1,GS-14,L,XXXX,8,10,F,1,201409,1,123279,08.0
TR93,12,H,13,,H,0110,1,IR-SM,N,XXXX,2,10,F,1,201409,1,148191,27.3
TR93,36,J,21,14,J,0110,1,GS-14,N,XXXX,8,10,F,1,201409,1,143141,35.3
TR93,11,D,04,12,D,0110,1,GS-12,H,XXXX,8,10,F,1,201409,1,083183,06.6
TR93,08,G,17,13,E,0110,1,GS-13,I,XXXX,8,10,F,1,201409,1,097563,14.2
TR93,11,C,17,11,B,0110,1,GS-11,F,XXXX,8,15,F,1,201409,1,063091,01.8
TR93,24,F,04,14,F,0110,1,GS-14,L,XXXX,5,10,F,1,201409,1,123970,19.1
TRAD,11,F,17,14,E,0110,1,GS-14,L,XXXX,8,10,F,1,201409,1,127512,11.3
TRAJ,11,J,21,,G,0110,1,NB-07,U,XXXX,2,10,F,1,201409,1,239637,24.0
TRAJ,11,E,21,,D,0110,1,NB-06,P,XXXX,8,15,F,1,201409,1,164707,06.2
TRAJ,11,F,04,,F,0110,1,NB-06,M,XXXX,8,10,F,1,201409,1,136176,17.5
TRAJ,11,D,21,,A,0110,1,NB-05,M,XXXX,8,40,F,2,201409,1,135110,00.0
TRAJ,11,J,21,,F,0110,1,NB-06,O,XXXX,8,10,F,1,201409,1,156308,19.9
TRAJ,11,D,21,,C,0110,1,NB-06,N,XXXX,8,10,I,2,201409,1,146129,03.6
TRAJ,11,E,21,,D,0110,1,NB-06,P,XXXX,8,10,F,1,201409,1,164019,06.1
TRAJ,11,J,21,,H,0110,1,NB-06,R,XXXX,8,10,F,1,201409,1,186077,25.0
TRAJ,11,J,21,,I,0110,1,NB-06,T,XXXX,8,10,F,1,201409,1,205679,31.5
TRAJ,11,F,21,,C,0110,1,NB-05,M,XXXX,8,20,I,2,201409,1,130083,03.1
TRAJ,11,E,17,,B,0110,1,NB-05,M,XXXX,8,15,F,1,201409,1,136788,01.8
TRAJ,11,H,22,,B,0110,1,NB-06,Q,XXXX,8,15,F,1,201409,1,170896,01.2
TRAJ,11,F,18,,A,0110,1,NB-05,M,XXXX,8,15,F,1,201409,1,130001,00.1
TRAJ,11,D,21,,B,0110,1,NB-05,N,XXXX,8,15,F,1,201409,1,140124,02.1
TRAJ,11,E,21,,E,0110,1,NB-07,U,XXXX,2,10,F,1,201409,1,220941,10.4
TRAJ,11,E,21,,B,0110,1,NB-06,O,XXXX,8,15,F,1,201409,1,155820,02.9
TRAJ,36,J,17,,G,0110,1,NB-06,T,XXXX,8,10,F,1,201409,1,209730,22.8
TRAJ,11,H,18,,C,0110,1,NB-06,Q,XXXX,8,10,F,1,201409,1,172164,03.1
TRAJ,11,I,21,,F,0110,1,NB-08,V,XXXX,2,10,F,1,201409,1,252450,15.3
TRAJ,11,F,21,,A,0110,1,NB-06,O,XXXX,8,15,F,1,201409,1,159450,00.8
TRAJ,11,I,17,,H,0110,1,NB-07,U,XXXX,2,10,F,1,201409,1,239637,26.8
TRAJ,11,G,21,,E,0110,1,NB-07,U,XXXX,2,10,F,1,201409,1,239637,11.5
TRAJ,11,H,21,,A,0110,1,NB-06,R,XXXX,8,40,F,2,201409,1,182481,00.8
TRAJ,11,C,04,,B,0110,1,NB-05,H,XXXX,8,15,F,1,201409,1,085263,02.2
TRAJ,11,G,18,,D,0110,1,NB-07,U,XXXX,2,10,F,1,201409,1,239637,08.6
TRAJ,11,E,21,,D,0110,1,NB-06,S,XXXX,8,10,F,1,201409,1,193768,07.2
TRAJ,11,H,21,,E,0110,1,NB-07,U,XXXX,8,10,F,1,201409,1,239637,12.5
TRAJ,11,G,21,,D,0110,1,NB-06,S,XXXX,8,15,F,1,201409,1,199677,08.3
TRAJ,11,F,16,,E,0110,1,NB-06,Q,XXXX,8,10,F,1,201409,1,179214,13.2
TRAJ,11,G,21,,E,0110,1,NB-07,U,XXXX,2,10,F,1,201409,1,239637,10.2
TRAJ,11,H,21,,G,0110,1,NB-07,U,XXXX,2,10,F,1,201409,1,239637,23.3
TRAJ,11,F,21,,D,0110,1,NB-06,T,XXXX,8,15,F,1,201409,1,200032,05.3
TRAJ,11,E,17,,D,0110,1,NB-06,R,XXXX,8,10,F,1,201409,1,186077,07.0
TRAJ,11,F,21,,D,0110,1,NB-06,P,XXXX,8,15,F,1,201409,1,164244,05.8
TRAJ,11,H,18,,G,0110,1,NB-06,R,XXXX,8,10,F,1,201409,1,186077,24.8
TRAJ,11,G,21,,D,0110,1,NB-06,R,XXXX,8,10,F,1,201409,1,180682,09.3
TRAJ,11,F,17,,A,0110,1,NB-05,M,XXXX,8,15,F,1,201409,1,135700,00.1
TRAJ,11,E,21,,D,0110,1,NB-07,T,XXXX,2,10,F,1,201409,1,205485,08.9
TRAJ,11,E,21,,B,0110,1,NB-05,O,XXXX,8,40,F,2,201409,1,154700,01.8
TRAJ,11,D,17,,E,0110,1,NB-05,J,XXXX,8,10,F,1,201409,1,102070,11.1
TRAJ,11,H,21,,E,0110,1,NB-06,R,XXXX,8,10,F,1,201409,1,186077,12.7
TRAJ,11,G,21,,C,0110,1,NB-06,R,XXXX,8,10,F,1,201409,1,186077,04.5
TRAJ,11,E,21,,B,0110,1,NB-05,N,XXXX,8,40,F,2,201409,1,145154,01.0
TRAJ,11,I,21,,E,0110,1,NB-07,U,XXXX,2,10,F,1,201409,1,239637,10.0
TRAJ,11,E,21,,B,0110,1,NB-05,M,XXXX,8,15,F,1,201409,1,137357,01.3
TRAJ,11,F,22,,D,0110,1,NB-06,P,XXXX,8,10,F,1,201409,1,164447,08.2
TRAJ,11,I,18,,G,0110,1,NB-06,R,XXXX,8,10,F,1,201409,1,186077,23.4
TRAJ,11,E,04,,C,0110,1,NB-05,J,XXXX,8,10,F,1,201409,1,101646,03.1
TRAJ,11,H,21,,G,0110,1,NB-07,S,XXXX,2,10,F,1,201409,1,191408,24.3
TRAJ,11,D,13,,A,0110,1,NB-05,M,XXXX,8,15,F,1,201409,1,130001,00.2
TRAJ,11,G,21,,A,0110,1,NB-06,P,XXXX,8,15,F,1,201409,1,168032,00.0
TRAJ,11,I,17,,B,0110,1,NB-06,P,XXXX,8,15,F,1,201409,1,167307,01.8
TRAJ,11,F,21,,A,0110,1,NB-06,O,XXXX,8,40,F,2,201409,1,159450,00.8
TRAJ,11,F,22,,D,0110,1,NB-06,R,XXXX,8,15,F,1,201409,1,186077,05.9
TRAJ,11,E,21,,C,0110,1,NB-06,R,XXXX,8,15,F,1,201409,1,184469,04.8
TRAJ,11,F,21,,D,0110,1,NB-06,Q,XXXX,8,10,F,1,201409,1,174438,06.1
TRAJ,11,J,21,,E,0110,1,NB-06,R,XXXX,8,10,F,1,201409,1,186077,11.0
TRAJ,11,G,21,,D,0110,1,NB-06,R,XXXX,8,15,F,1,201409,1,184733,05.9
TRAJ,11,H,13,,C,0110,1,NB-06,P,XXXX,8,10,F,1,201409,1,167153,04.2
TRAJ,11,F,04,,D,0110,1,NB-05,M,XXXX,8,10,F,1,201409,1,139978,08.1
TRAJ,11,D,21,,C,0110,1,NB-06,O,XXXX,8,10,F,1,201409,1,157623,04.3
TRAJ,11,E,21,,D,0110,1,NB-06,P,XXXX,8,10,F,1,201409,1,161927,08.0
TRAJ,11,I,21,,G,0110,1,NB-07,U,XXXX,2,10,F,1,201409,1,239637,23.3
TRAJ,11,F,17,,D,0110,1,NB-06,P,XXXX,8,10,F,1,201409,1,160645,09.2
TRAJ,11,J,21,,I,0110,1,NB-07,U,XXXX,8,10,F,1,201409,1,239637,31.3
TRAJ,11,F,21,,D,0110,1,NB-06,O,XXXX,8,10,F,1,201409,1,159379,07.4
TRAJ,11,G,21,,C,0110,1,NB-06,P,XXXX,8,10,F,1,201409,1,161643,04.3
TRAJ,11,C,17,,A,0110,1,NB-05,H,XXXX,8,15,F,1,201409,1,085263,00.2
TRAJ,11,H,04,,F,0110,1,NB-07,U,XXXX,2,10,F,1,201409,1,239637,17.8
TRAJ,11,K,22,,J,0110,1,NB-06,S,XXXX,8,30,F,1,201409,1,198129,40.2
TRAJ,11,D,04,,C,0110,1,NB-06,P,XXXX,8,10,F,1,201409,1,161045,03.1
TRAJ,11,K,21,,E,0110,1,NB-06,R,XXXX,8,10,F,1,201409,1,186077,13.6
TRAJ,11,H,21,,D,0110,1,NB-06,Q,XXXX,8,10,F,1,201409,1,176281,07.0
TRAJ,11,J,21,,G,0110,1,NB-08,V,XXXX,2,10,F,1,201409,1,252450,23.1
TRAJ,11,F,21,,E,0110,1,NB-07,U,XXXX,2,10,F,1,201409,1,239637,13.5
TRAJ,11,D,21,,D,0110,1,NB-06,N,XXXX,8,10,F,1,201409,1,143202,07.2
TRAJ,11,E,21,,C,0110,1,NB-06,O,XXXX,8,15,F,1,201409,1,155412,04.0
TRAJ,11,J,21,,H,0110,1,NB-06,R,XXXX,8,10,F,1,201409,1,185111,27.3
TRFD,48,D,17,13,C,0110,1,GS-13,H,XXXX,8,10,F,1,201409,1,082642,04.3
TRFD,48,C,17,13,B,0110,1,GS-13,H,XXXX,8,15,F,1,201409,1,082642,02.4
TRFD,11,C,04,14,D,0110,1,GS-14,J,XXXX,8,10,F,1,201409,1,109804,06.0
TRFD,11,F,04,14,C,0110,1,GS-14,M,XXXX,8,10,F,1,201409,1,138136,03.3
TRFD,01,D,21,13,B,0110,1,GS-13,H,XXXX,8,15,F,1,201409,1,082642,02.3
TRFD,11,D,13,14,D,0110,1,GS-14,J,XXXX,8,10,F,1,201409,1,109804,09.2
VAHB,11,K,18,14,I,0110,1,GM-14,M,XXXX,5,10,F,1,201409,1,138136,30.6
VATA,25,J,21,15,J,0110,1,GS-15,O,XXXX,8,10,F,1,201409,1,157100,37.8
VATA,25,H,21,13,C,0110,1,GS-13,K,XXXX,8,42,P,2,201409,1,111424,04.9
VATA,36,I,21,14,D,0110,1,GS-14,L,XXXX,8,10,F,1,201409,1,126949,06.3
VATA,06,J,21,15,G,0110,1,GS-15,O,XXXX,2,48,F,2,201409,1,157100,21.3
VATA,12,G,21,13,C,0110,1,GS-13,I,XXXX,8,48,P,2,201409,1,093660,04.7
VATA,25,K,21,13,H,0110,1,GS-13,K,XXXX,8,10,P,2,201409,1,117447,25.3
