AGYSUB,LOC,AGELVL,EDLVL,GSEGRD,LOSLVL,OCC,PATCO,PP,PPGRD,SALLVL,STEMOCC,SUPERVIS,TOA,WORKSCH,WORKSTAT,DATECODE,EMPLOYMENT,SALARY,LOS
AF3Q,51,B,13,,B,0110,1,99,DR-01,H,0110,8,15,F,1,202009,1,082192,02.2
AG01,11,E,17,15,E,0110,1,99,GS-15,O,0110,5,10,F,1,202009,1,156973,10.8
AG02,08,I,21,14,F,0110,1,99,GS-14,O,0110,8,10,F,1,202009,1,153659,18.9
AG02,11,J,17,13,G,0110,1,99,GS-13,L,0110,8,10,F,1,202009,1,126620,22.6
AG02,47,G,21,14,E,0110,1,99,GS-14,M,0110,8,10,F,1,202009,1,132960,12.2
AG02,11,J,21,14,G,0110,1,99,GS-14,O,0110,5,10,F,1,202009,1,153665,20.8
AG02,11,I,13,13,I,0110,1,99,GS-13,M,0110,8,10,F,1,202009,1,133465,32.9
AG02,11,I,21,14,F,0110,1,99,GS-14,O,0110,8,10,F,1,202009,1,157709,19.4
AG02,08,J,21,14,F,0110,1,99,GS-14,M,0110,2,10,F,1,202009,1,137900,16.4
AG02,11,J,21,13,G,0110,1,99,GS-13,M,0110,8,10,F,1,202009,1,130043,20.8
AG02,11,J,17,13,J,0110,1,99,GS-13,M,0110,8,10,P,2,202009,1,133465,35.5
AG02,11,F,21,14,E,0110,1,99,GS-14,M,0110,5,10,F,1,202009,1,137491,14.8
AG02,37,J,17,15,G,0110,1,99,GS-15,P,0110,2,10,F,1,202009,1,165654,24.6
AG02,11,K,21,14,H,0110,1,99,GS-14,O,0110,5,10,F,1,202009,1,157709,27.6
AG02,11,J,17,13,F,0110,1,99,GS-13,L,0110,8,10,F,1,202009,1,126620,16.8
AG02,11,F,17,14,E,0110,1,99,GS-14,M,0110,5,10,F,1,202009,1,133447,14.2
AG02,37,F,13,13,G,0110,1,99,GS-13,K,0110,8,10,P,2,202009,1,113765,20.3
AG02,11,F,13,14,F,0110,1,99,GS-14,N,0110,5,10,F,1,202009,1,149621,18.4
AG02,08,G,17,13,G,0110,1,99,GS-13,L,0110,8,10,F,1,202009,1,126704,21.6
AG02,11,J,14,12,I,0110,1,99,GS-12,K,0110,8,10,F,1,202009,1,112240,34.3
AG02,11,D,13,12,A,0110,1,99,GS-12,I,0110,8,15,F,1,202009,1,094970,00.8
AG02,42,E,17,13,E,0110,1,99,GS-13,J,0110,8,10,P,2,202009,1,100355,10.4
AG02,11,D,17,11,A,0110,1,99,GS-11,G,0110,8,15,F,1,202009,1,072030,00.3
AG02,11,E,17,14,E,0110,1,99,GS-14,L,0110,2,10,F,1,202009,1,121316,10.6
AG02,11,I,21,15,D,0110,1,99,GS-15,Q,0110,2,10,F,1,202009,1,170800,08.3
AG02,09,D,17,13,D,0110,1,99,GS-13,K,0110,8,10,F,1,202009,1,112074,06.3
AG02,17,D,21,13,D,0110,1,99,GS-13,J,0110,8,10,F,1,202009,1,104549,05.2
AG02,11,D,17,13,D,0110,1,99,GS-13,J,0110,8,10,F,1,202009,1,106085,05.2
AG02,11,H,21,12,C,0110,1,99,GS-12,J,0110,8,10,F,1,202009,1,103605,04.8
AG02,11,G,17,13,B,0110,1,99,GS-13,J,0110,8,15,F,1,202009,1,106085,01.6
AG02,11,G,21,12,A,0110,1,99,GS-12,H,0110,8,15,F,1,202009,1,086335,00.9
AG02,11,C,17,11,A,0110,1,99,GS-11,G,0110,8,15,F,1,202009,1,072030,00.3
AG02,11,D,04,13,E,0110,1,99,GS-13,J,0110,8,10,F,1,202009,1,109508,10.0
AG07,11,I,17,13,I,0110,1,99,GS-13,M,0110,8,10,F,1,202009,1,133465,30.3
AG07,11,K,21,14,H,0110,1,99,GS-14,O,0110,8,10,F,1,202009,1,153665,28.7
AG08,29,E,13,13,E,0110,1,99,GS-13,K,0110,8,10,F,1,202009,1,110593,14.4
AG08,29,I,13,13,I,0110,1,99,GS-13,K,0110,8,10,F,1,202009,1,119810,33.6
AG08,29,F,13,13,F,0110,1,99,GS-13,K,0110,8,10,F,1,202009,1,116738,17.3
AG08,29,I,11,13,G,0110,1,99,GS-13,K,0110,8,10,F,1,202009,1,116738,22.3
AG08,29,E,17,13,E,0110,1,99,GS-13,J,0110,8,10,F,1,202009,1,101376,10.6
AG08,29,E,08,13,D,0110,1,99,GS-13,J,0110,8,10,F,1,202009,1,101376,07.9
AG08,29,E,13,13,D,0110,1,99,GS-13,J,0110,8,10,F,1,202009,1,101376,06.8
AG08,29,J,13,13,D,0110,1,99,GS-13,J,0110,8,10,F,1,202009,1,104448,06.0
AG08,29,D,17,14,D,0110,1,99,GS-14,J,0110,8,10,F,1,202009,1,108904,05.9
AG08,29,E,17,13,D,0110,1,99,GS-13,J,0110,8,10,F,1,202009,1,101376,05.3
AG08,29,I,17,13,C,0110,1,99,GS-13,J,0110,8,10,F,1,202009,1,101376,03.9
AG08,29,D,13,13,C,0110,1,99,GS-13,I,0110,8,10,F,1,202009,1,098304,03.9
AG08,29,F,21,13,C,0110,1,99,GS-13,I,0110,8,10,F,1,202009,1,095231,03.7
AG08,29,E,17,13,B,0110,1,99,GS-13,I,0110,8,15,F,1,202009,1,092159,02.3
AG08,29,C,17,11,B,0110,1,99,GS-11,F,0110,8,15,F,1,202009,1,064660,01.9
AG08,29,C,17,11,A,0110,1,99,GS-11,F,0110,8,15,F,1,202009,1,064660,00.3
AG08,29,D,04,12,C,0110,1,99,GS-12,G,0110,8,15,F,1,202009,1,077501,04.3
AG08,29,B,13,09,A,0110,1,99,GS-09,E,0110,8,15,F,1,202009,1,053443,00.2
AG10,11,G,17,14,E,0110,1,99,GS-14,L,0110,5,10,F,1,202009,1,125360,12.0
AG10,11,H,17,13,G,0110,1,99,GS-13,M,0110,8,10,F,1,202009,1,130043,23.0
AG10,11,G,13,14,H,0110,1,99,GS-14,O,0110,8,10,F,1,202009,1,153665,25.8
AG10,11,K,17,13,J,0110,1,99,GS-13,M,0110,8,10,F,1,202009,1,133465,39.8
AG10,11,F,13,13,F,0110,1,99,GS-13,L,0110,8,10,F,1,202009,1,123198,19.3
AG10,11,I,17,13,G,0110,1,99,GS-13,M,0110,8,10,F,1,202009,1,133465,22.3
AG10,11,G,13,14,F,0110,1,99,GS-14,O,0110,8,10,F,1,202009,1,157709,18.6
AG10,11,I,21,15,G,0110,1,99,GS-15,P,0110,5,10,F,1,202009,1,166487,20.7
AG10,11,J,17,14,J,0110,1,99,GS-14,O,0110,8,10,F,1,202009,1,157709,35.8
AG10,11,I,13,14,G,0110,1,99,GS-14,N,0110,8,10,F,1,202009,1,149621,21.8
AG10,41,G,17,14,F,0110,1,99,GS-14,N,0110,8,10,F,1,202009,1,149562,18.3
AG10,11,I,17,13,I,0110,1,99,GS-13,M,0110,8,10,F,1,202009,1,133465,31.3
AG10,11,J,17,14,I,0110,1,99,GS-14,O,0110,8,10,F,1,202009,1,157709,32.2
AG10,11,I,13,14,I,0110,1,99,GS-14,O,0110,8,10,S,2,202009,1,157709,31.0
AG10,11,H,17,13,H,0110,1,99,GS-13,M,0110,8,10,F,1,202009,1,133465,27.2
AG10,11,D,13,14,E,0110,1,99,GS-14,M,0110,8,10,F,1,202009,1,133447,12.2
AG10,11,J,18,14,I,0110,1,99,GS-14,O,0110,8,10,F,1,202009,1,157709,31.7
AG10,11,J,17,13,H,0110,1,99,GS-13,M,0110,8,10,F,1,202009,1,133465,26.0
AG10,11,H,17,14,G,0110,1,99,GS-14,O,0110,8,10,F,1,202009,1,157709,22.6
AG10,11,J,17,14,I,0110,1,99,GS-14,O,0110,8,10,F,1,202009,1,157709,31.9
AG10,11,G,13,13,F,0110,1,99,GS-13,M,0110,8,10,F,1,202009,1,130043,19.2
AG10,11,F,17,12,E,0110,1,99,GS-12,K,0110,8,10,F,1,202009,1,112240,10.8
AG10,11,E,17,14,E,0110,1,99,GS-14,M,0110,8,10,F,1,202009,1,133447,11.0
AG10,11,C,09,12,B,0110,1,99,GS-12,H,0110,8,15,F,1,202009,1,089213,02.0
AG10,11,D,17,11,C,0110,1,99,GS-11,G,0110,8,15,F,1,202009,1,072030,04.7
AG10,11,C,14,12,C,0110,1,99,GS-12,H,0110,8,15,F,1,202009,1,086335,03.3
AG10,11,D,13,12,C,0110,1,99,GS-12,I,0110,8,10,F,1,202009,1,092091,04.3
AG10,11,C,13,12,C,0110,1,99,GS-12,H,0110,8,10,F,1,202009,1,089213,04.2
AG10,11,D,17,13,C,0110,1,99,GS-13,J,0110,8,10,F,1,202009,1,102663,04.2
AG10,11,C,17,13,C,0110,1,99,GS-13,J,0110,8,10,F,1,202009,1,102663,03.8
AG10,11,B,08,07,B,0110,1,99,GS-07,D,0110,8,15,G,2,202009,1,048670,02.9
AG10,11,D,21,12,B,0110,1,99,GS-12,H,0110,8,15,F,1,202009,1,089213,02.4
AG10,11,C,13,12,B,0110,1,99,GS-12,H,0110,8,15,F,1,202009,1,086335,02.0
AG10,11,C,13,11,B,0110,1,99,GS-11,G,0110,8,15,F,1,202009,1,072030,01.6
AG10,11,B,08,03,B,0119,3,99,GS-03,C,XXXX,8,40,G,2,202009,1,031284,01.3
AG10,11,B,04,03,B,0119,3,99,GS-03,C,XXXX,8,40,G,2,202009,1,031284,01.3
AG10,11,B,04,03,B,0119,3,99,GS-03,C,XXXX,8,40,G,2,202009,1,031284,01.3
AG10,11,C,03,09,B,0110,1,99,GS-09,F,0110,8,15,F,1,202009,1,061519,01.1
AG10,11,D,17,09,A,0110,1,99,GS-09,E,0110,8,35,F,1,202009,1,059534,00.9
AG10,11,C,13,09,A,0110,1,99,GS-09,E,0110,8,35,F,1,202009,1,059534,00.8
AG10,11,C,13,09,A,0110,1,99,GS-09,E,0110,8,15,F,1,202009,1,059534,00.1
AG10,11,C,13,11,A,0110,1,99,GS-11,G,0110,8,15,F,1,202009,1,072030,00.1
AG10,11,D,13,07,A,0110,1,99,GS-07,D,0110,8,15,F,1,202009,1,048670,00.0
AG11,41,G,21,15,D,0110,1,99,GS-15,M,0110,2,10,F,1,202009,1,135329,09.5
AG11,08,K,21,14,I,0110,1,99,GS-14,O,0110,8,10,F,1,202009,1,153659,34.1
AG11,49,I,21,13,G,0110,1,99,GS-13,K,0110,5,10,F,1,202009,1,112520,22.8
AG11,11,K,14,13,J,0110,1,99,GS-13,M,0110,5,10,F,1,202009,1,133465,40.3
AG11,30,G,17,12,F,0110,1,99,GS-12,I,0110,8,10,F,1,202009,1,092068,19.0
AG11,54,K,21,14,J,0110,1,99,GS-14,N,0110,8,10,F,1,202009,1,140146,39.6
AG11,27,J,21,15,J,0110,1,99,GS-15,P,0110,8,10,F,1,202009,1,168151,35.8
AG11,06,F,17,12,F,0110,1,99,GS-12,I,0110,8,10,F,1,202009,1,093454,15.9
AG11,30,F,04,12,E,0110,1,99,GS-12,G,0110,8,15,F,1,202009,1,076721,11.2
AG11,41,H,21,13,F,0110,1,99,GS-13,J,0110,8,10,F,1,202009,1,107097,18.8
AG11,08,I,17,15,H,0110,1,99,GS-15,P,0110,8,10,F,1,202009,1,166848,26.1
AG11,55,E,17,13,D,0110,1,99,GS-13,K,0110,8,10,F,1,202009,1,111036,09.8
AG11,27,F,17,13,E,0110,1,99,GS-13,I,0110,8,10,F,1,202009,1,097313,12.4
AG11,06,E,18,15,E,0110,1,99,GS-15,O,0110,2,10,F,1,202009,1,152028,11.4
AG11,11,J,21,15,E,0110,1,99,GS-15,Q,0110,4,10,F,1,202009,1,170800,11.0
AG11,11,D,13,12,A,0110,1,99,GS-12,H,0110,8,20,F,2,202009,1,086335,00.5
AG11,51,F,21,11,E,0110,1,99,GS-11,I,0110,8,10,F,1,202009,1,093638,10.0
AG11,08,F,21,13,D,0110,1,99,GS-13,L,0110,8,10,F,1,202009,1,123369,09.3
AG11,08,F,21,14,D,0110,1,99,GS-14,L,0110,4,10,F,1,202009,1,126081,09.3
AG11,04,D,14,11,D,0110,1,99,GS-11,G,0110,8,10,F,1,202009,1,070731,06.7
AG11,30,E,17,13,D,0110,1,99,GS-13,J,0110,4,10,F,1,202009,1,103396,05.1
AG11,08,C,13,09,C,0110,1,99,GS-09,F,0110,8,10,F,1,202009,1,061873,03.8
AG11,24,D,21,12,B,0110,1,99,GS-12,H,0110,8,42,F,2,202009,1,089213,01.3
AG11,55,G,21,12,A,0110,1,99,GS-12,H,0110,8,15,F,1,202009,1,086952,00.5
AG11,06,D,21,12,A,0110,1,99,GS-12,H,0110,8,15,F,1,202009,1,087612,00.3
AG11,**,E,21,12,A,0110,1,99,GS-12,G,0110,8,15,F,1,202009,1,079725,00.1
AG11,**,E,21,12,A,0110,1,99,GS-12,G,0110,8,15,F,1,202009,1,079725,00.1
AG16,24,I,17,14,I,0110,1,99,GS-14,O,0110,4,10,F,1,202009,1,157709,30.8
AG16,38,I,13,12,J,0110,1,99,GS-12,I,0110,8,10,F,1,202009,1,099741,36.3
AG16,12,H,13,12,G,0110,1,99,GS-12,I,0110,8,10,F,1,202009,1,099741,21.7
AG16,28,G,13,12,G,0110,1,99,GS-12,I,0110,8,10,F,1,202009,1,097183,23.8
AG16,19,I,13,12,I,0110,1,99,GS-12,I,0110,8,10,F,1,202009,1,099741,31.4
AG16,47,H,13,12,H,0110,1,99,GS-12,I,0110,8,10,F,1,202009,1,099741,29.5
AG16,13,I,17,12,I,0110,1,99,GS-12,J,0110,8,10,F,1,202009,1,105083,31.3
AG16,40,E,11,12,F,0110,1,99,GS-12,I,0110,4,10,F,1,202009,1,094626,18.3
AG16,56,H,17,12,F,0110,1,99,GS-12,I,0110,8,10,F,1,202009,1,099741,16.3
AG16,54,I,17,12,H,0110,1,99,GS-12,I,0110,8,10,F,1,202009,1,099741,29.5
AG16,41,I,17,14,I,0110,1,99,GS-14,N,0110,8,10,F,1,202009,1,145727,32.5
AG16,50,I,17,14,G,0110,1,99,GS-14,N,0110,8,10,F,1,202009,1,141283,24.4
AG16,05,F,09,12,D,0110,1,99,GS-12,H,0110,8,10,F,1,202009,1,086952,07.9
AG16,41,D,17,12,E,0110,1,99,GS-12,I,0110,8,10,F,1,202009,1,092794,10.7
AG16,48,D,13,12,D,0110,1,99,GS-12,H,0110,8,10,F,1,202009,1,081836,07.9
AG18,11,I,21,15,G,0110,1,99,GS-15,Q,0110,8,10,F,1,202009,1,170800,21.8
AG18,11,I,17,14,F,0110,1,99,GS-14,O,0110,8,10,F,1,202009,1,153665,19.5
AG18,11,K,21,15,I,0110,1,99,GS-15,Q,0110,8,20,P,2,202009,1,170800,32.2
AG18,29,K,21,15,J,0110,1,99,GM-15,P,0110,*,10,F,1,202009,1,166535,42.2
AG18,11,J,21,15,G,0110,1,99,GS-15,Q,0110,8,10,F,1,202009,1,170800,21.3
AG18,11,K,17,13,J,0110,1,99,GS-13,M,0110,8,20,P,2,202009,1,133465,35.8
AG18,11,K,21,15,J,0110,1,99,GS-15,Q,0110,8,20,P,2,202009,1,170800,38.9
AG18,11,F,21,15,E,0110,1,99,GS-15,O,0110,8,10,F,1,202009,1,156973,12.0
AG18,11,F,21,15,E,0110,1,99,GS-15,O,0110,8,10,F,1,202009,1,156973,13.2
AG18,29,H,21,15,F,0110,1,99,GS-15,N,0110,8,10,F,1,202009,1,145183,19.3
AG18,11,K,21,15,J,0110,1,99,GS-15,Q,0110,2,20,P,2,202009,1,170800,38.9
AG18,11,J,13,14,J,0110,1,99,GS-14,O,0110,8,20,P,2,202009,1,153665,39.8
AG18,11,J,21,15,G,0110,1,99,GS-15,Q,0110,8,10,F,1,202009,1,170800,22.9
AG18,29,I,22,,G,0110,1,ES,ES-**,S,0110,2,50,F,1,202009,1,197300,23.7
AG18,53,K,17,15,J,0110,1,99,GS-15,O,0110,8,20,P,2,202009,1,156403,39.9
AG18,11,K,21,15,I,0110,1,99,GS-15,Q,0110,2,20,P,2,202009,1,170800,31.2
AG18,29,J,21,15,I,0110,1,99,GS-15,N,0110,8,10,F,1,202009,1,149453,33.9
AG18,29,J,14,15,J,0110,1,99,GS-15,O,0110,8,10,F,1,202009,1,157994,35.5
AG18,11,K,21,15,I,0110,1,99,GS-15,Q,0110,2,20,P,2,202009,1,170800,30.6
AG18,11,K,17,15,I,0110,1,99,GS-15,Q,0110,5,20,P,2,202009,1,170800,32.3
AG18,11,K,21,13,J,0110,1,99,GS-13,M,0110,8,20,P,2,202009,1,133465,41.1
AG18,11,I,17,15,G,0110,1,99,GS-15,Q,0110,8,10,F,1,202009,1,170800,21.7
AG18,11,H,21,14,F,0110,1,99,GS-14,N,0110,8,10,F,1,202009,1,145578,18.1
AG18,29,I,17,,H,0110,1,ES,ES-**,R,0110,2,50,F,1,202009,1,181947,29.3
AG18,11,E,17,14,D,0110,1,99,GS-14,M,0110,8,10,F,1,202009,1,137491,05.9
AG18,11,D,18,13,D,0110,1,99,GS-13,J,0110,8,10,F,1,202009,1,106085,06.0
AG18,29,F,14,13,F,0110,1,99,GS-13,J,0110,8,10,F,1,202009,1,104448,15.3
AG18,11,K,17,15,J,0110,1,99,GS-15,Q,0110,8,20,P,2,202009,1,170800,37.4
AG18,29,K,18,13,J,0110,1,99,GS-13,K,0110,8,10,F,1,202009,1,119810,44.1
AG18,29,H,13,15,I,0110,1,99,GS-15,P,0110,8,10,F,1,202009,1,166535,30.3
AG18,29,F,17,14,G,0110,1,99,GS-14,L,0110,8,10,F,1,202009,1,123423,20.7
AG18,11,K,17,14,J,0110,1,99,GS-14,O,0110,5,10,F,1,202009,1,157709,38.0
AG18,11,I,21,13,E,0110,1,99,GS-13,M,0110,8,10,F,1,202009,1,130043,13.9
AG18,29,G,13,12,A,0110,1,99,GS-12,I,0110,8,15,F,1,202009,1,095589,00.1
AG18,11,I,21,14,G,0110,1,99,GS-14,N,0110,8,10,F,1,202009,1,145578,21.2
AG18,11,J,17,14,J,0110,1,99,GS-14,O,0110,5,10,F,1,202009,1,157709,35.5
AG18,11,K,21,15,J,0110,1,99,GS-15,Q,0110,8,20,P,2,202009,1,170800,48.6
AG18,11,J,21,14,H,0110,1,99,GS-14,O,0110,4,20,F,2,202009,1,157709,27.9
AG18,29,J,17,13,H,0110,1,99,GM-13,K,0110,5,10,F,1,202009,1,119810,29.8
AG18,11,H,17,14,G,0110,1,99,GS-14,N,0110,8,10,F,1,202009,1,149621,23.7
AG18,11,I,21,15,G,0110,1,99,GS-15,P,0110,8,10,F,1,202009,1,166487,21.5
AG18,11,J,21,15,G,0110,1,99,GS-15,P,0110,8,10,F,1,202009,1,166487,21.6
AG18,11,J,21,15,H,0110,1,99,GS-15,Q,0110,2,10,F,1,202009,1,170800,27.0
AG18,29,I,21,15,E,0110,1,99,GS-15,N,0110,8,10,F,1,202009,1,140912,13.5
AG18,29,D,17,13,A,0110,1,99,GS-13,I,0110,5,15,F,1,202009,1,092159,00.3
AG18,11,H,21,15,G,0110,1,99,GS-15,O,0110,8,10,F,1,202009,1,156973,21.4
AG18,11,J,22,15,E,0110,1,99,GS-15,O,0110,8,10,F,1,202009,1,152215,12.5
AG18,11,I,21,15,I,0110,1,99,GS-15,Q,0110,8,10,F,1,202009,1,170800,31.9
AG18,11,I,17,13,G,0110,1,99,GS-13,K,0110,8,10,F,1,202009,1,112930,22.1
AG18,11,F,13,11,E,0110,1,99,GS-11,G,0110,8,38,F,1,202009,1,079233,13.3
AG18,11,I,21,15,H,0110,1,99,GS-15,Q,0110,2,10,F,1,202009,1,170800,29.8
AG18,11,H,21,15,F,0110,1,99,GS-15,Q,0110,8,10,F,1,202009,1,170800,15.8
AG18,11,J,21,14,I,0110,1,99,GS-14,O,0110,8,10,F,1,202009,1,157709,33.3
AG18,11,I,17,14,I,0110,1,99,GS-14,O,0110,8,10,F,1,202009,1,157709,31.6
AG18,29,I,18,13,G,0110,1,99,GS-13,J,0110,8,10,F,1,202009,1,107521,22.0
AG18,29,K,18,14,J,0110,1,99,GS-14,N,0110,8,10,F,1,202009,1,141573,38.0
AG18,11,I,21,15,H,0110,1,99,GS-15,Q,0110,2,10,F,1,202009,1,170800,26.3
AG18,11,K,21,14,H,0110,1,99,GS-14,O,0110,8,10,F,1,202009,1,157709,28.0
AG18,11,K,21,15,I,0110,1,99,GS-15,P,0110,8,10,F,1,202009,1,166487,31.0
AG18,11,K,21,14,I,0110,1,99,GS-14,O,0110,8,10,F,1,202009,1,157709,34.3
AG18,11,I,21,15,G,0110,1,99,GS-15,Q,0110,8,10,F,1,202009,1,170800,22.0
AG18,11,K,21,15,J,0110,1,99,GS-15,Q,0110,5,10,F,1,202009,1,170800,36.3
AG18,11,K,21,13,E,0110,1,99,GS-13,L,0110,8,20,P,2,202009,1,126620,12.2
AG18,11,J,21,14,I,0110,1,99,GS-14,O,0110,8,20,P,2,202009,1,157709,30.6
AG18,11,K,21,15,I,0110,1,99,GS-15,Q,0110,8,20,P,2,202009,1,170800,32.1
AG18,29,K,22,15,E,0110,1,99,GS-15,O,0110,8,10,F,1,202009,1,157994,11.7
AG18,29,F,21,14,C,0110,1,99,GS-14,J,0110,8,15,F,1,202009,1,108904,04.7
AG18,11,K,17,14,I,0110,1,99,GS-14,O,0110,8,20,P,2,202009,1,157709,31.3
AG18,29,I,21,14,D,0110,1,99,GS-14,J,0110,8,15,F,1,202009,1,108904,07.9
AG18,29,E,21,12,A,0110,1,99,GS-12,J,0110,8,15,F,1,202009,1,100756,00.0
AG18,29,E,21,12,A,0110,1,99,GS-12,I,0110,8,15,F,1,202009,1,095589,00.3
AG18,11,D,21,13,D,0110,1,99,GS-13,K,0110,8,10,F,1,202009,1,112930,05.1
AG18,11,J,21,14,E,0110,1,99,GS-14,O,0110,8,10,F,1,202009,1,157709,11.0
AG18,29,J,21,15,E,0110,1,99,GS-15,P,0110,4,10,F,1,202009,1,162265,11.1
AG18,11,C,17,13,D,0110,1,99,GS-13,J,0110,8,10,F,1,202009,1,102663,07.3
AG18,11,F,21,14,E,0110,1,99,GS-14,M,0110,8,10,F,1,202009,1,137491,10.9
AG18,29,I,21,15,E,0110,1,99,GS-15,M,0110,2,10,F,1,202009,1,132371,10.3
AG18,41,E,13,13,E,0110,1,99,GS-13,J,0110,8,10,F,1,202009,1,107097,12.2
AG18,29,E,21,12,C,0110,1,99,GS-12,J,0110,8,15,F,1,202009,1,100756,03.8
AG18,11,J,13,15,E,0110,1,99,GS-15,Q,0110,8,10,F,1,202009,1,170800,11.1
AG18,29,D,21,12,A,0110,1,99,GS-12,I,0110,8,15,F,1,202009,1,090421,00.5
AG18,11,I,21,15,E,0110,1,99,GS-15,Q,0110,2,10,F,1,202009,1,170800,12.7
AG18,11,I,21,15,D,0110,1,99,GS-15,Q,0110,2,10,F,1,202009,1,170800,09.0
AG18,11,E,17,12,D,0110,1,99,GS-12,I,0110,8,10,F,1,202009,1,092091,09.0
AG18,11,D,17,14,D,0110,1,99,GS-14,L,0110,8,10,F,1,202009,1,121316,08.8
AG18,11,F,21,14,D,0110,1,99,GS-14,N,0110,8,10,F,1,202009,1,145578,08.2
AG18,29,G,04,09,B,0110,1,99,GS-09,E,0110,8,15,F,1,202009,1,053443,02.5
AG18,29,D,21,12,A,0110,1,99,GS-12,H,0110,8,15,F,1,202009,1,087837,00.6
AG18,29,E,21,13,D,0110,1,99,GS-13,J,0110,8,10,F,1,202009,1,104448,06.1
AG18,29,E,21,13,D,0110,1,99,GS-13,K,0110,8,10,F,1,202009,1,110593,05.9
AG18,29,E,17,12,A,0110,1,99,GS-12,H,0110,8,15,F,1,202009,1,087837,00.8
AG18,11,E,17,12,D,0110,1,99,GS-12,I,0110,8,10,F,1,202009,1,092091,05.0
AG18,29,E,21,13,C,0110,1,99,GS-13,J,0110,8,10,F,1,202009,1,101376,04.9
AG18,29,D,21,13,C,0110,1,99,GS-13,J,0110,8,10,F,1,202009,1,101376,04.7
AG18,11,D,21,12,C,0110,1,99,GS-12,J,0110,8,10,F,1,202009,1,103605,04.1
AG18,11,I,21,15,C,0110,1,99,GS-15,Q,0110,8,10,F,1,202009,1,170800,04.1
AG18,11,E,17,13,C,0110,1,99,GS-13,K,0110,8,10,F,1,202009,1,112930,04.0
AG18,29,B,17,09,B,0110,1,99,GS-09,E,0110,8,15,F,1,202009,1,053443,01.5
AG18,29,D,21,12,A,0110,1,99,GS-12,H,0110,8,15,F,1,202009,1,087837,00.7
AG18,29,E,21,12,A,0110,1,99,GS-12,H,0110,8,15,F,1,202009,1,087837,00.2
AG18,29,E,17,12,B,0110,1,99,GS-12,H,0110,8,15,F,1,202009,1,087837,01.2
AG18,11,C,17,11,B,0110,1,99,GS-11,G,0110,8,15,F,1,202009,1,074431,02.8
AG18,29,C,13,12,B,0110,1,99,GS-12,H,0110,8,15,F,1,202009,1,080085,02.8
AG18,11,E,17,12,B,0110,1,99,GS-12,H,0110,8,15,F,1,202009,1,086335,02.7
AG18,11,D,14,12,C,0110,1,99,GS-12,H,0110,8,15,F,1,202009,1,086335,03.6
AG18,29,B,13,09,A,0110,1,99,GS-09,E,0110,8,15,F,1,202009,1,053443,00.8
AG18,11,C,17,11,B,0110,1,99,GS-11,G,0110,8,15,F,1,202009,1,072030,01.8
AG18,11,F,21,14,B,0110,1,99,GS-14,N,0110,8,15,F,1,202009,1,141534,01.4
AG18,29,E,21,12,B,0110,1,99,GS-12,I,0110,8,15,F,1,202009,1,090421,01.3
AG18,29,E,21,12,B,0110,1,99,GS-12,H,0110,8,15,F,1,202009,1,087837,01.2
AG18,29,F,21,12,B,0110,1,99,GS-12,H,0110,8,15,F,1,202009,1,087837,01.2
AG18,29,D,21,12,B,0110,1,99,GS-12,H,0110,8,15,F,1,202009,1,087837,01.2
AG18,29,C,21,12,B,0110,1,99,GS-12,J,0110,8,15,F,1,202009,1,100756,01.1
AG18,29,D,21,12,B,0110,1,99,GS-12,H,0110,8,15,F,1,202009,1,087837,01.1
AG18,29,D,21,12,B,0110,1,99,GS-12,H,0110,8,15,F,1,202009,1,087837,01.1
AG18,29,D,21,12,B,0110,1,99,GS-12,H,0110,8,15,F,1,202009,1,087837,01.1
AG18,29,C,21,12,A,0110,1,99,GS-12,I,0110,8,15,F,1,202009,1,093005,00.9
AG18,29,E,17,09,C,0110,1,99,GS-09,E,0110,8,15,F,1,202009,1,053443,04.9
AG18,29,E,17,09,A,0110,1,99,GS-09,E,0110,8,15,F,1,202009,1,053443,00.9
AG18,29,C,17,09,A,0110,1,99,GS-09,E,0110,8,15,F,1,202009,1,053443,00.8
AG18,11,E,17,09,A,0110,1,99,GS-09,E,0110,8,15,F,1,202009,1,059534,00.8
AG18,29,D,17,09,A,0110,1,99,GS-09,F,0110,8,15,F,1,202009,1,069477,00.8
AG18,29,G,17,13,A,0110,1,99,GS-13,I,0110,8,15,F,1,202009,1,092159,00.6
AG18,29,J,21,12,A,0110,1,99,GS-12,J,0110,8,15,F,1,202009,1,100756,00.6
AG18,29,F,21,13,C,0110,1,99,GS-13,I,0110,5,15,F,1,202009,1,092159,03.8
AG18,29,C,21,12,A,0110,1,99,GS-12,H,0110,8,15,F,1,202009,1,087837,00.5
AG18,29,D,21,12,A,0110,1,99,GS-12,I,0110,8,15,F,1,202009,1,098173,00.4
AG18,29,D,21,12,A,0110,1,99,GS-12,H,0110,8,15,F,1,202009,1,087837,00.3
AG18,29,C,17,11,A,0110,1,99,GS-11,F,0110,8,15,F,1,202009,1,064660,00.3
AG18,29,C,17,11,A,0110,1,99,GS-11,F,0110,8,15,F,1,202009,1,068971,00.4
AG18,29,D,21,12,A,0110,1,99,GS-12,I,0110,8,15,F,1,202009,1,095589,00.3
AG18,29,D,21,12,A,0110,1,99,GS-12,H,0110,8,15,F,1,202009,1,087837,00.3
AG18,29,C,17,09,A,0110,1,99,GS-09,E,0110,8,15,F,1,202009,1,055224,00.3
AG18,29,D,21,12,A,0110,1,99,GS-12,J,0110,8,15,F,1,202009,1,100756,00.3
AG18,29,I,21,15,A,0110,1,99,GS-15,O,0110,2,15,F,1,202009,1,153724,00.2
AG18,29,G,21,14,A,0110,1,99,GS-14,J,0110,8,15,F,1,202009,1,108904,00.2
AG18,29,C,21,12,A,0110,1,99,GS-12,J,0110,8,15,F,1,202009,1,100756,00.2
AG18,29,C,21,12,A,0110,1,99,GS-12,H,0110,8,15,F,1,202009,1,087837,00.2
AG18,29,E,21,12,A,0110,1,99,GS-12,I,0110,8,15,F,1,202009,1,093005,00.1
AG18,29,C,21,12,A,0110,1,99,GS-12,H,0110,8,15,F,1,202009,1,087837,00.2
AG18,29,C,14,09,A,0110,1,99,GS-09,E,0110,8,15,F,1,202009,1,053443,00.1
AG18,11,K,16,,A,0110,1,99,RA-00,S,0110,2,38,F,1,202009,1,195000,00.0
AG18,29,C,17,09,A,0110,1,99,GS-09,E,0110,8,15,F,1,202009,1,053443,00.0
AG18,29,C,21,12,A,0110,1,99,GS-12,H,0110,8,15,F,1,202009,1,087837,00.0
AG18,29,D,21,12,A,0110,1,99,GS-12,H,0110,8,15,F,1,202009,1,087837,00.0
AG18,29,D,13,13,A,0110,1,99,GS-13,I,0110,8,15,F,1,202009,1,098304,00.0
AG18,29,D,21,12,A,0110,1,99,GS-12,H,0110,8,15,F,1,202009,1,087837,00.0
AG18,29,C,21,12,A,0110,1,99,GS-12,J,0110,8,15,F,1,202009,1,100756,00.0
AG18,11,G,13,15,H,0110,1,99,GS-15,Q,0110,8,10,F,1,202009,1,170800,25.3
AG30,51,J,21,13,I,0110,1,99,GS-13,M,0110,8,10,F,1,202009,1,133465,32.9
AG30,51,J,17,12,G,0110,1,99,GS-12,K,0110,8,10,F,1,202009,1,112240,22.2
AG30,51,F,21,14,D,0110,1,99,GS-14,M,0110,7,10,F,1,202009,1,137491,05.3
AG34,08,J,21,14,H,0110,1,99,GS-14,O,0110,5,10,F,1,202009,1,153659,29.4
AG34,24,J,18,14,I,0110,1,99,GS-14,O,0110,5,10,F,1,202009,1,157709,32.5
AG34,24,K,17,13,G,0110,1,99,GS-13,L,0110,8,10,F,1,202009,1,126620,22.4
AG34,08,H,21,14,F,0110,1,99,GS-14,M,0110,2,10,F,1,202009,1,133961,17.1
AG34,24,H,17,14,H,0110,1,99,GS-14,O,0110,8,10,F,1,202009,1,153665,28.7
AG34,24,K,21,15,H,0110,1,99,GS-15,P,0110,2,10,F,1,202009,1,166487,28.8
AG34,24,G,21,14,E,0110,1,99,GS-14,N,0110,8,10,F,1,202009,1,145578,14.2
AG34,24,G,17,14,F,0110,1,99,GS-14,N,0110,8,10,F,1,202009,1,149621,19.7
AG34,24,K,17,14,E,0110,1,99,GS-14,N,0110,8,10,F,1,202009,1,145578,13.7
AG34,08,F,15,14,F,0110,1,99,GS-14,L,0110,5,10,F,1,202009,1,122141,15.0
AG34,08,G,04,13,C,0110,1,99,GS-13,J,0110,8,10,F,1,202009,1,106696,04.2
AG34,24,I,17,14,G,0110,1,99,GS-14,O,0110,8,10,F,1,202009,1,153665,23.5
AG34,24,K,21,15,I,0110,1,99,GS-15,Q,0110,2,10,F,1,202009,1,170800,31.0
AG34,08,E,17,13,E,0110,1,99,GS-13,J,0110,4,10,F,1,202009,1,106696,10.3
AG34,08,E,07,11,D,0110,1,99,GS-11,G,0110,8,20,F,2,202009,1,070181,07.3
AG34,24,E,21,14,D,0110,1,99,GS-14,L,0110,8,10,F,1,202009,1,121316,07.6
AG34,24,D,21,13,C,0110,1,99,GS-13,K,0110,8,10,F,1,202009,1,112930,04.0
AG34,37,E,17,12,C,0110,1,99,GS-12,H,0110,8,10,F,1,202009,1,082383,03.7
AG34,37,G,21,13,C,0110,1,99,GS-13,I,0110,8,10,F,1,202009,1,094803,03.7
AG34,24,B,11,07,C,0110,1,99,GS-07,D,0110,8,10,F,1,202009,1,048670,03.3
AG34,24,D,17,13,B,0110,1,99,GS-13,K,0110,8,15,F,1,202009,1,112930,01.8
AG37,11,E,13,14,E,0110,1,99,GS-14,N,0110,8,10,F,1,202009,1,141534,13.3
AG37,11,K,21,14,G,0110,1,99,GS-14,N,0110,5,10,F,1,202009,1,149621,20.9
AG37,11,I,21,14,F,0110,1,99,GS-14,O,0110,5,10,F,1,202009,1,157709,15.3
AG37,11,E,17,14,F,0110,1,99,GS-14,M,0110,5,10,F,1,202009,1,137491,15.5
AG37,11,E,15,15,E,0110,1,99,GS-15,P,0110,2,10,F,1,202009,1,161730,10.6
AG37,11,E,17,14,E,0110,1,99,GS-14,M,0110,2,10,F,1,202009,1,133447,10.9
AG37,11,D,17,14,E,0110,1,99,GS-14,M,0110,5,10,F,1,202009,1,133447,10.0
AG37,11,G,21,13,D,0110,1,99,GS-13,K,0110,8,10,F,1,202009,1,116353,07.3
AG38,11,F,20,14,E,0110,1,99,GS-14,N,0110,8,10,F,1,202009,1,141534,14.3
AG38,11,I,17,14,G,0110,1,99,GS-14,O,0110,8,10,F,1,202009,1,153665,23.6
AG38,11,I,21,15,H,0110,1,99,GS-15,Q,0110,8,10,F,1,202009,1,170800,28.4
AG38,11,G,21,14,F,0110,1,99,GS-14,N,0110,8,10,F,1,202009,1,145578,19.3
AG38,11,J,17,15,J,0110,1,99,GS-15,Q,0110,8,10,F,1,202009,1,170800,36.6
AG38,11,J,21,15,I,0110,1,99,GS-15,Q,0110,8,10,F,1,202009,1,170800,33.3
AG38,11,J,21,15,E,0110,1,99,GS-15,Q,0110,5,10,F,1,202009,1,170800,13.8
AG38,11,I,21,,H,0110,1,SL,SL-00,R,0110,8,10,F,1,202009,1,184495,29.2
AG38,11,K,21,15,I,0110,1,99,GS-15,Q,0110,8,10,F,1,202009,1,170800,31.0
AG38,11,I,20,,G,0110,1,ES,ES-**,R,0110,2,50,F,1,202009,1,186500,20.2
AG38,11,I,13,15,H,0110,1,99,GS-15,Q,0110,8,10,F,1,202009,1,170800,27.3
AG38,11,E,13,15,E,0110,1,99,GS-15,O,0110,8,10,F,1,202009,1,156973,13.5
AG38,11,I,17,,H,0110,1,ES,ES-**,S,0110,2,50,F,1,202009,1,197300,27.8
AG38,11,J,21,15,G,0110,1,99,GS-15,Q,0110,8,10,F,1,202009,1,170800,24.6
AG38,11,J,17,15,J,0110,1,99,GS-15,Q,0110,8,10,F,1,202009,1,170800,35.8
AG38,11,H,21,15,G,0110,1,99,GS-15,P,0110,8,10,F,1,202009,1,166487,21.0
AG38,11,K,21,15,I,0110,1,99,GS-15,Q,0110,8,10,F,1,202009,1,170800,33.3
AG38,11,F,21,14,D,0110,1,99,GS-14,L,0110,5,10,F,1,202009,1,121316,05.9
AG38,11,H,21,,G,0110,1,ES,ES-**,S,0110,2,50,F,1,202009,1,197300,23.3
AG38,11,H,17,15,G,0110,1,99,GS-15,Q,0110,8,10,F,1,202009,1,170800,20.0
AG38,11,E,13,14,E,0110,1,99,GS-14,M,0110,8,10,F,1,202009,1,133447,12.2
AG38,11,H,21,,E,0110,1,ES,ES-**,R,0110,2,50,F,1,202009,1,184464,11.6
AG38,11,E,21,15,D,0110,1,99,GS-15,O,0110,5,10,F,1,202009,1,152215,07.2
AG38,11,D,21,15,D,0110,1,99,GS-15,O,0110,5,10,F,1,202009,1,152215,06.3
AG38,11,E,21,14,D,0110,1,99,GS-14,L,0110,8,10,F,1,202009,1,125360,05.6
AG38,11,E,17,14,C,0110,1,99,GS-14,L,0110,8,15,F,1,202009,1,121316,04.7
AG38,11,D,21,13,C,0110,1,99,GS-13,K,0110,8,10,F,1,202009,1,112930,04.1
AG38,11,E,17,12,B,0110,1,99,GS-12,H,0110,8,35,F,1,202009,1,089213,02.0
AG38,11,D,17,15,D,0110,1,99,GS-15,N,0110,8,15,F,1,202009,1,142701,05.4
AG38,11,I,17,15,E,0110,1,99,GS-15,P,0110,5,10,F,1,202009,1,161730,11.5
AG99,11,K,17,14,J,0110,1,99,GS-14,O,0110,8,10,F,1,202009,1,157709,36.4
AG99,11,J,17,15,J,0110,1,99,GM-15,Q,0110,2,10,F,1,202009,1,170800,38.8
AG99,11,J,21,15,H,0110,1,99,GS-15,P,0110,2,10,F,1,202009,1,166487,28.2
AG99,41,H,21,14,F,0110,1,99,GS-14,L,0110,8,10,F,1,202009,1,126554,15.8
AG99,11,J,22,,I,0110,1,ES,ES-**,S,0110,2,50,F,1,202009,1,197300,33.3
AG99,11,J,21,15,I,0110,1,99,GS-15,P,0110,2,10,F,1,202009,1,166487,32.3
AG99,11,J,21,14,F,0110,1,99,GS-14,N,0110,8,10,F,1,202009,1,145578,15.3
AG99,48,I,13,14,I,0110,1,99,GS-14,M,0110,8,10,F,1,202009,1,131695,30.8
AG99,11,K,21,15,I,0110,1,99,GS-15,Q,0110,8,10,F,1,202009,1,170800,34.6
AG99,11,H,17,15,H,0110,1,99,GS-15,P,0110,5,10,F,1,202009,1,166487,25.6
AG99,11,K,17,15,J,0110,1,99,GS-15,Q,0110,8,10,F,1,202009,1,170800,39.8
AG99,11,I,21,15,F,0110,1,99,GS-15,Q,0110,8,10,F,1,202009,1,170800,16.6
AG99,24,J,17,15,I,0110,1,99,GS-15,Q,0110,8,10,F,1,202009,1,170800,33.1
AG99,11,F,13,12,E,0110,1,99,GS-12,H,0110,8,10,F,1,202009,1,089213,13.5
AG99,11,I,13,15,H,0110,1,99,GS-15,P,0110,2,10,F,1,202009,1,166487,29.4
AG99,11,H,17,15,G,0110,1,99,GS-15,Q,0110,2,10,F,1,202009,1,170800,22.7
AG99,11,K,21,15,H,0110,1,99,GS-15,Q,0110,2,10,F,1,202009,1,170800,25.3
AG99,11,G,21,14,E,0110,1,99,GS-14,M,0110,8,10,F,1,202009,1,133447,11.7
AG99,11,G,17,14,D,0110,1,99,GS-14,M,0110,8,10,F,1,202009,1,133447,08.7
AG99,11,E,17,15,D,0110,1,99,GM-15,N,0110,2,10,F,1,202009,1,142701,08.6
AG99,11,E,13,14,D,0110,1,99,GS-14,M,0110,8,10,F,1,202009,1,133447,07.6
AG99,11,F,21,14,D,0110,1,99,GS-14,L,0110,8,10,F,1,202009,1,129404,05.0
AG99,11,E,21,14,C,0110,1,99,GS-14,L,0110,8,10,F,1,202009,1,121316,04.3
AG99,11,E,21,13,C,0110,1,99,GS-13,J,0110,8,10,F,1,202009,1,102663,03.6
AG99,11,D,18,13,B,0110,1,99,GS-13,J,0110,8,15,F,1,202009,1,106085,01.5
AG99,11,B,17,12,B,0110,1,99,GS-12,H,0110,8,15,F,1,202009,1,086335,02.3
AGCR,11,D,09,11,E,0110,1,99,GS-11,H,0110,8,10,F,1,202009,1,086435,12.2
AM**,11,I,21,15,E,0110,1,99,GS-15,Q,0110,2,10,F,1,202009,1,170800,12.3
AM**,TH,I,21,,E,0110,1,99,FO-02,N,0110,8,38,F,1,202009,1,143298,14.0
AM**,EG,J,17,,F,0110,1,99,FO-03,K,0110,2,38,F,1,202009,1,112731,18.4
AM**,11,E,17,14,E,0110,1,99,GS-14,N,0110,8,10,F,1,202009,1,141534,12.1
AM**,11,G,17,14,E,0110,1,99,GS-14,N,0110,8,10,F,1,202009,1,149621,13.8
AM**,11,K,18,15,F,0110,1,99,GS-15,P,0110,8,10,F,1,202009,1,166487,15.8
AM**,KZ,F,17,,E,0110,1,99,FP-03,K,0110,2,38,F,1,202009,1,116114,12.2
AM**,11,E,13,14,F,0110,1,99,GS-14,N,0110,8,10,F,1,202009,1,145578,15.7
AM**,11,K,04,,F,0110,1,99,FP-01,Q,0110,8,48,F,2,202009,1,170800,19.3
AM**,11,K,21,,J,0110,1,99,FP-01,Q,0110,8,48,F,2,202009,1,170800,38.0
AM**,11,K,21,15,F,0110,1,99,GS-15,Q,0110,8,10,F,1,202009,1,170800,15.7
AM**,EG,E,17,,F,0110,1,99,FO-02,L,0110,8,38,F,1,202009,1,123610,15.5
AM**,11,G,17,,F,0110,1,99,FO-02,O,0110,8,38,F,1,202009,1,155398,16.0
AM**,11,K,17,15,H,0110,1,99,GS-15,Q,0110,8,10,F,1,202009,1,170800,28.0
AM**,11,H,17,,F,0110,1,99,FO-02,P,0110,8,38,F,1,202009,1,164861,18.4
AM**,IS,E,17,,E,0110,1,99,FP-03,I,0110,8,38,F,1,202009,1,097244,13.7
AM**,MZ,H,17,,E,0110,1,99,FO-03,K,0110,8,38,F,1,202009,1,112731,11.3
AM**,11,E,17,,E,0110,1,99,FO-02,L,0110,8,38,F,1,202009,1,122672,11.4
AM**,11,E,17,15,E,0110,1,99,GS-15,N,0110,2,10,F,1,202009,1,147458,12.7
AM**,ES,E,17,,E,0110,1,99,FO-03,K,0110,8,38,F,1,202009,1,112731,10.1
AM**,11,J,17,,D,0110,1,99,FP-02,P,0110,8,48,F,2,202009,1,160059,09.9
AM**,06,F,17,15,F,0110,1,99,GS-15,P,0110,2,10,F,1,202009,1,165581,16.4
AM**,SF,G,21,,F,0110,1,99,FO-03,K,0110,8,38,F,1,202009,1,112731,16.3
AM**,GH,I,21,,E,0110,1,99,FO-03,K,0110,8,38,F,1,202009,1,119597,10.0
AM**,11,E,04,14,A,0110,1,99,GS-14,L,0110,2,15,F,1,202009,1,121316,00.9
AM**,11,E,17,,D,0110,1,99,FO-03,J,0110,8,38,F,1,202009,1,108618,09.5
AM**,NP,J,21,,F,0110,1,99,FO-02,M,0110,8,38,F,1,202009,1,139124,18.3
AM**,11,C,17,,B,0110,1,99,FP-04,G,0110,8,48,F,2,202009,1,075921,01.0
AM**,11,G,17,15,G,0110,1,99,GS-15,Q,0110,8,10,F,1,202009,1,170800,22.9
AM**,11,D,17,14,D,0110,1,99,GS-14,L,0110,8,15,F,1,202009,1,121316,06.4
AM**,MI,F,13,,D,0110,1,99,FO-03,J,0110,8,38,F,1,202009,1,109448,07.0
AM**,BG,I,21,,D,0110,1,99,FO-02,M,0110,8,38,F,1,202009,1,131137,09.0
AM**,11,G,17,,D,0110,1,99,FP-01,Q,0110,8,48,F,2,202009,1,170800,06.6
AM**,11,I,17,,E,0110,1,99,FP-01,Q,0110,8,48,F,2,202009,1,170800,11.4
AM**,11,D,17,,A,0110,1,99,FP-05,H,0110,8,48,F,2,202009,1,087711,00.2
AM**,11,D,17,14,D,0110,1,99,GS-14,L,0110,8,10,F,1,202009,1,125360,06.1
AM**,11,F,17,,D,0110,1,99,FP-02,M,0110,8,48,F,2,202009,1,138069,06.1
AM**,11,E,17,,D,0110,1,99,FP-01,N,0110,2,48,F,2,202009,1,142701,05.6
AM**,11,D,17,,D,0110,1,99,FP-03,J,0110,8,48,F,2,202009,1,108618,05.3
AM**,11,F,17,14,D,0110,1,99,GS-14,M,0110,8,15,F,1,202009,1,137491,05.1
AM**,11,F,17,,C,0110,1,99,FP-01,P,0110,8,48,F,2,202009,1,160610,03.9
AM**,11,E,17,,C,0110,1,99,FP-02,K,0110,8,48,F,2,202009,1,115630,03.7
AM**,11,E,21,15,D,0110,1,99,GS-15,N,0110,2,15,F,1,202009,1,142701,08.7
AM**,11,C,17,12,B,0110,1,99,GS-12,H,0110,8,35,F,1,202009,1,086335,01.8
AM**,11,E,17,12,B,0110,1,99,GS-12,H,0110,8,35,F,1,202009,1,086335,01.8
AM**,11,F,17,,B,0110,1,99,FP-02,M,0110,8,48,F,2,202009,1,134047,01.1
AM**,11,F,17,,A,0110,1,99,FP-02,M,0110,8,48,F,2,202009,1,134047,00.3
AM**,11,D,17,,A,0110,1,99,FP-05,H,0110,8,48,F,2,202009,1,085156,00.3
AM**,11,C,17,11,A,0110,1,99,GS-11,G,0110,8,35,F,1,202009,1,072030,00.0
AM**,11,F,21,15,D,0110,1,99,GS-15,N,0110,8,15,F,1,202009,1,142701,07.0
AM**,BM,E,17,,D,0110,1,99,FO-03,K,0110,8,38,F,1,202009,1,112731,08.3
ARAF,24,I,13,,E,0110,1,99,DB-02,I,0110,8,10,F,1,202009,1,092009,14.0
ARAF,24,C,17,,B,0110,1,99,DB-03,I,0110,8,20,F,2,202009,1,093218,02.0
ARCE,36,G,17,14,F,0110,1,99,GS-14,N,0110,8,10,F,1,202009,1,149483,17.3
ARCE,01,F,13,14,F,0110,1,99,GS-14,L,0110,2,10,F,1,202009,1,122180,19.7
ARCE,45,J,17,12,F,0110,1,99,GS-12,I,0110,8,10,F,1,202009,1,099741,18.7
ARCE,39,D,17,15,E,0110,1,99,GS-15,M,0110,2,10,F,1,202009,1,131841,11.8
ARCE,53,F,17,13,E,0110,1,99,GS-13,J,0110,8,10,F,1,202009,1,106604,10.9
ARCE,06,I,17,13,G,0110,1,99,GS-13,K,0110,8,10,F,1,202009,1,119317,22.0
ARCE,53,K,17,12,G,0110,1,99,GS-12,I,0110,8,20,I,2,202009,1,094626,24.8
ARCE,02,F,17,14,E,0110,1,99,GS-14,L,0110,8,10,F,1,202009,1,120563,12.2
ARCE,06,H,17,11,G,0110,1,99,GS-11,I,0110,8,10,F,1,202009,1,095023,24.3
ARCE,54,H,13,14,I,0110,1,99,GS-14,L,0110,8,10,F,1,202009,1,129367,32.9
ARCE,11,G,13,15,G,0110,1,99,GS-15,P,0110,2,10,F,1,202009,1,161730,21.5
ARCE,28,I,17,12,H,0110,1,99,GS-12,I,0110,8,10,F,1,202009,1,099741,26.3
ARCE,21,F,13,12,F,0110,1,99,GS-12,I,0110,8,10,F,1,202009,1,094626,17.8
ARCE,41,G,13,13,F,0110,1,99,GS-13,L,0110,8,10,F,1,202009,1,126571,15.8
ARCE,15,J,13,13,J,0110,1,99,GS-13,L,0110,8,10,F,1,202009,1,122296,39.0
ARCE,41,E,13,14,F,0110,1,99,GS-14,L,0110,7,10,F,1,202009,1,126554,16.3
ARCE,12,F,17,13,F,0110,1,99,GS-13,J,0110,2,10,F,1,202009,1,109479,17.0
ARCE,11,K,21,14,H,0110,1,99,GS-14,L,0110,8,10,F,1,202009,1,129404,28.0
ARCE,36,K,21,14,G,0110,1,99,GS-14,P,0110,2,10,F,1,202009,1,161939,24.9
ARCE,06,E,14,13,E,0110,1,99,GS-13,J,0110,7,10,F,1,202009,1,106059,12.3
ARCE,41,H,13,14,I,0110,1,99,GS-14,N,0110,2,10,F,1,202009,1,145727,31.3
ARCE,48,H,17,15,I,0110,1,99,GS-15,Q,0110,2,10,F,1,202009,1,170111,30.9
ARCE,12,G,13,13,E,0110,1,99,GS-13,J,0110,8,10,F,1,202009,1,103396,12.1
ARCE,22,J,17,14,I,0110,1,99,GS-14,L,0110,2,10,F,1,202009,1,129367,33.3
ARCE,36,I,13,13,H,0110,1,99,GS-13,M,0110,8,10,F,1,202009,1,133531,29.6
ARCE,41,J,17,12,G,0110,1,99,GS-12,I,0110,8,10,F,1,202009,1,095524,23.5
ARCE,51,F,17,13,F,0110,1,99,GS-13,J,0110,8,10,P,2,202009,1,103895,16.3
ARCE,05,K,13,13,J,0110,1,99,GS-13,K,0110,8,10,F,1,202009,1,118603,42.2
ARCE,54,H,13,12,H,0110,1,99,GS-12,I,0110,8,10,F,1,202009,1,099741,26.2
ARCE,06,G,13,12,G,0110,1,99,GS-12,J,0110,8,10,F,1,202009,1,108705,23.7
ARCE,01,E,13,13,E,0110,1,99,GS-13,J,0110,8,10,F,1,202009,1,106437,14.1
ARCE,27,I,13,13,I,0110,1,99,GS-13,L,0110,2,10,F,1,202009,1,120973,33.6
ARCE,51,G,04,13,F,0110,1,99,GS-13,M,0110,8,10,F,1,202009,1,133465,16.1
ARCE,21,E,13,12,F,0110,1,99,GS-12,H,0110,8,10,F,1,202009,1,086952,15.1
ARCE,51,H,17,15,H,0110,1,99,GS-15,Q,0110,2,10,F,1,202009,1,170800,26.0
ARCE,01,H,13,13,H,0110,1,99,GS-13,K,0110,8,10,F,1,202009,1,118603,29.6
ARCE,36,D,17,12,F,0110,1,99,GS-12,I,0110,8,10,F,1,202009,1,092791,15.1
ARCE,06,H,17,13,H,0110,1,99,GS-13,M,0110,2,10,F,1,202009,1,135440,27.0
ARCE,48,F,17,13,E,0110,1,99,GS-13,L,0110,8,10,F,1,202009,1,122382,13.3
ARCE,53,J,04,12,I,0110,1,99,GS-12,I,0110,8,10,F,1,202009,1,099741,34.1
ARCE,42,E,04,13,E,0110,1,99,GS-13,K,0110,8,10,F,1,202009,1,115868,14.4
ARCE,06,F,17,14,G,0110,1,99,GS-14,M,0110,8,10,F,1,202009,1,133160,20.5
ARCE,36,E,13,12,F,0110,1,99,GS-12,I,0110,8,10,F,1,202009,1,090139,17.1
ARCE,01,F,13,15,F,0110,1,99,GS-15,N,0110,2,10,F,1,202009,1,143720,17.9
ARCE,51,I,17,14,I,0110,1,99,GS-14,O,0110,8,10,F,1,202009,1,157709,32.8
ARCE,13,K,13,14,J,0110,1,99,GS-14,N,0110,8,10,F,1,202009,1,140146,42.7
ARCE,17,D,13,14,E,0110,1,99,GS-14,L,0110,8,10,F,1,202009,1,123544,12.1
ARCE,29,J,13,13,J,0110,1,99,GS-13,K,0110,8,10,F,1,202009,1,116738,37.1
ARCE,13,H,17,13,H,0110,1,99,GS-13,K,0110,8,10,F,1,202009,1,118603,27.6
ARCE,05,G,18,14,G,0110,1,99,GS-14,L,0110,8,10,F,1,202009,1,125773,20.9
ARCE,48,I,17,12,E,0110,1,99,GS-12,I,0110,8,10,F,1,202009,1,099238,14.3
ARCE,15,I,17,14,I,0110,1,99,GS-14,L,0110,8,10,F,1,202009,1,129689,30.7
ARCE,27,K,14,12,J,0110,1,99,GS-12,J,0110,8,10,F,1,202009,1,107234,41.7
ARCE,06,I,13,13,I,0110,1,99,GS-13,M,0110,8,10,F,1,202009,1,131966,32.3
ARCE,35,G,13,12,H,0110,1,99,GS-12,J,0110,8,10,F,1,202009,1,100369,28.4
ARCE,06,E,17,14,E,0110,1,99,GS-14,L,0110,8,10,F,1,202009,1,125327,12.3
ARCE,06,K,17,12,J,0110,1,99,GS-12,J,0110,8,20,I,2,202009,1,108705,40.1
ARCE,42,D,13,12,E,0110,1,99,GS-12,H,0110,8,10,F,1,202009,1,086905,13.1
ARCE,12,F,17,13,F,0110,1,99,GS-13,K,0110,8,10,F,1,202009,1,115562,17.5
ARCE,48,I,17,13,G,0110,1,99,GS-13,K,0110,8,10,F,1,202009,1,118005,21.9
ARCE,42,I,17,13,H,0110,1,99,GS-13,K,0110,8,10,F,1,202009,1,112736,27.2
ARCE,54,E,17,13,E,0110,1,99,GS-13,J,0110,8,10,F,1,202009,1,106437,12.0
ARCE,11,I,13,15,I,0110,1,99,GS-15,Q,0110,8,10,F,1,202009,1,170800,33.1
ARCE,31,F,17,13,F,0110,1,99,GS-13,K,0110,8,10,P,2,202009,1,112889,18.3
ARCE,53,E,13,13,E,0110,1,99,GS-13,K,0110,8,10,P,2,202009,1,116599,13.3
ARCE,22,H,13,12,H,0110,1,99,GS-12,I,0110,8,10,F,1,202009,1,099741,26.8
ARCE,48,I,17,12,H,0110,1,99,GS-12,K,0110,8,10,F,1,202009,1,114683,28.4
ARCE,06,I,17,14,G,0110,1,99,GS-14,Q,0110,8,10,F,1,202009,1,170800,20.8
ARCE,01,I,18,13,F,0110,1,99,GS-13,J,0110,8,10,F,1,202009,1,106437,19.8
ARCE,42,H,13,13,H,0110,1,99,GS-13,L,0110,8,10,F,1,202009,1,128924,28.0
ARCE,53,G,13,13,F,0110,1,99,GS-13,K,0110,8,10,F,1,202009,1,113268,18.4
ARCE,51,F,13,12,E,0110,1,99,GS-12,J,0110,8,10,P,2,202009,1,100223,11.5
ARCE,17,I,14,13,I,0110,1,99,GS-13,K,0110,2,10,F,1,202009,1,119718,31.2
ARCE,11,F,21,15,F,0110,1,99,GS-15,P,0110,8,10,F,1,202009,1,166487,16.6
ARCE,48,G,14,13,H,0110,1,99,GS-13,L,0110,8,10,F,1,202009,1,129376,26.2
ARCE,54,H,13,12,H,0110,1,99,GS-12,H,0110,8,10,F,1,202009,1,089510,26.2
ARCE,51,E,14,15,F,0110,1,99,GS-15,P,0110,2,10,F,1,202009,1,161730,16.6
ARCE,01,F,13,13,F,0110,1,99,GS-13,J,0110,8,10,F,1,202009,1,100355,16.7
ARCE,31,F,17,13,E,0110,1,99,GS-13,J,0110,8,10,F,1,202009,1,106786,11.0
ARCE,21,E,13,13,F,0110,1,99,GS-13,J,0110,8,10,F,1,202009,1,100355,16.6
ARCE,12,G,13,14,G,0110,1,99,GS-14,L,0110,2,10,F,1,202009,1,129367,24.3
ARCE,35,E,17,12,E,0110,1,99,GS-12,G,0110,8,10,F,1,202009,1,079778,13.4
ARCE,02,E,13,11,D,0110,1,99,GS-11,I,0110,8,10,F,1,202009,1,090670,07.5
ARCE,41,G,13,13,F,0110,1,99,GS-13,J,0110,8,10,F,1,202009,1,107097,17.1
ARCE,22,J,17,14,J,0110,1,99,GS-14,L,0110,8,10,F,1,202009,1,125773,35.0
ARCE,01,F,17,13,F,0110,1,99,GS-13,I,0110,2,10,F,1,202009,1,097313,18.2
ARCE,29,E,13,13,E,0110,1,99,GS-13,I,0110,2,10,F,1,202009,1,098304,11.8
ARCE,17,E,13,14,E,0110,1,99,GS-14,L,0110,8,10,F,1,202009,1,127529,11.8
ARCE,54,E,17,12,E,0110,1,99,GS-12,H,0110,8,10,F,1,202009,1,084394,11.8
ARCE,41,D,13,13,E,0110,1,99,GS-13,J,0110,8,10,F,1,202009,1,103851,11.8
ARCE,31,E,13,13,E,0110,1,99,GS-13,J,0110,2,10,F,1,202009,1,100684,11.8
ARCE,12,D,13,11,D,0110,1,99,GS-11,F,0110,8,10,F,1,202009,1,068276,07.3
ARCE,40,E,14,13,E,0110,1,99,GS-13,J,0110,2,10,F,1,202009,1,100355,11.6
ARCE,06,F,13,13,E,0110,1,99,GS-13,J,0110,2,10,F,1,202009,1,102744,11.3
ARCE,21,E,04,13,E,0110,1,99,GS-13,J,0110,8,10,F,1,202009,1,100355,11.3
ARCE,48,E,17,14,E,0110,1,99,GS-14,L,0110,8,10,F,1,202009,1,127822,11.3
ARCE,15,F,17,,E,0110,1,99,DB-04,L,0110,8,10,F,1,202009,1,121411,11.2
ARCE,01,D,17,11,D,0110,1,99,GS-11,F,0110,8,15,F,1,202009,1,064009,05.2
ARCE,39,F,17,13,E,0110,1,99,GS-13,I,0110,8,10,F,1,202009,1,094272,11.1
ARCE,28,E,17,13,E,0110,1,99,GS-13,J,0110,2,10,F,1,202009,1,109479,11.1
ARCE,11,D,13,13,E,0110,1,99,GS-13,K,0110,8,10,F,1,202009,1,116353,11.1
ARCE,31,H,17,12,E,0110,1,99,GS-12,H,0110,8,10,F,1,202009,1,087237,11.0
ARCE,22,F,17,12,E,0110,1,99,GS-12,H,0110,8,10,F,1,202009,1,089510,10.9
ARCE,51,H,21,15,E,0110,1,99,GS-15,Q,0110,8,10,F,1,202009,1,170800,10.8
ARCE,37,D,13,13,E,0110,1,99,GS-13,K,0110,8,10,F,1,202009,1,110605,10.7
ARCE,13,E,17,14,E,0110,1,99,GS-14,K,0110,8,10,F,1,202009,1,113581,10.4
ARCE,11,F,18,14,E,0110,1,99,GS-14,L,0110,8,10,F,1,202009,1,129404,10.3
ARCE,12,E,17,13,E,0110,1,99,GS-13,I,0110,2,10,F,1,202009,1,094272,10.3
ARCE,40,D,17,14,E,0110,1,99,GS-14,K,0110,8,10,F,1,202009,1,118587,10.2
ARCE,41,E,13,12,E,0110,1,99,GS-12,I,0110,8,10,F,1,202009,1,090064,10.0
ARCE,31,D,13,12,D,0110,1,99,GS-12,H,0110,8,10,F,1,202009,1,087237,09.8
ARCE,48,D,13,11,D,0110,1,99,GS-11,H,0110,8,10,F,1,202009,1,080492,09.8
ARCE,31,J,21,12,B,0110,1,99,GS-12,G,0110,8,15,F,1,202009,1,076972,02.8
ARCE,41,E,17,13,D,0110,1,99,GS-13,J,0110,8,10,F,1,202009,1,107097,09.1
ARCE,01,E,17,12,D,0110,1,99,GS-12,G,0110,8,10,F,1,202009,1,076721,05.4
ARCE,51,D,17,13,D,0110,1,99,GS-13,J,0110,8,10,F,1,202009,1,106085,08.3
ARCE,29,C,17,13,D,0110,1,99,GS-13,I,0110,8,10,F,1,202009,1,095654,08.2
ARCE,51,D,13,12,D,0110,1,99,GS-12,H,0110,8,10,F,1,202009,1,082232,08.1
ARCE,54,D,13,13,D,0110,1,99,GS-13,I,0110,8,10,F,1,202009,1,097313,07.8
ARCE,41,I,13,12,D,0110,1,99,GS-12,I,0110,8,10,F,1,202009,1,090064,07.8
ARCE,54,C,13,13,D,0110,1,99,GS-13,I,0110,2,10,F,1,202009,1,097313,07.0
ARCE,42,D,17,13,D,0110,1,99,GS-13,J,0110,7,10,F,1,202009,1,102476,06.0
ARCE,01,D,13,11,D,0110,1,99,GS-11,G,0110,8,10,F,1,202009,1,070409,06.0
ARCE,53,C,13,13,D,0110,1,99,GS-13,J,0110,8,10,F,1,202009,1,103272,06.0
ARCE,42,C,04,12,D,0110,1,99,GS-12,G,0110,8,10,F,1,202009,1,079003,05.8
ARCE,02,D,17,12,D,0110,1,99,GS-12,H,0110,8,10,F,1,202009,1,088659,05.7
ARCE,06,C,13,12,D,0110,1,99,GS-12,H,0110,8,10,F,1,202009,1,083615,05.3
ARCE,05,H,17,12,D,0110,1,99,GS-12,H,0110,8,10,F,1,202009,1,086952,05.3
ARCE,12,D,17,12,D,0110,1,99,GS-12,G,0110,8,10,F,1,202009,1,079278,05.1
ARCE,12,E,17,12,D,0110,1,99,GS-12,G,0110,8,10,F,1,202009,1,079278,05.1
ARCE,04,D,13,11,D,0110,1,99,GS-11,G,0110,8,10,F,1,202009,1,072942,05.1
ARCE,54,D,13,12,D,0110,1,99,GS-12,G,0110,8,10,F,1,202009,1,076721,05.0
ARCE,29,F,13,12,C,0110,1,99,GS-12,G,0110,8,10,F,1,202009,1,077845,04.8
ARCE,47,C,17,12,C,0110,1,99,GS-12,G,0110,8,10,F,1,202009,1,079278,04.8
ARCE,24,F,17,11,C,0110,1,99,GS-11,G,0110,8,15,F,1,202009,1,074431,04.5
ARCE,29,I,17,12,C,0110,1,99,GS-12,H,0110,8,10,F,1,202009,1,082669,04.8
ARCE,06,D,13,11,C,0110,1,99,GS-11,G,0110,8,10,F,1,202009,1,074412,04.3
ARCE,31,D,17,11,C,0110,1,99,GS-11,F,0110,8,10,F,1,202009,1,068500,04.2
ARCE,54,C,13,09,C,0110,1,99,GS-09,E,0110,8,10,F,1,202009,1,052905,04.1
ARCE,54,C,13,11,C,0110,1,99,GS-11,F,0110,8,10,F,1,202009,1,066143,04.1
ARCE,RQ,D,17,12,C,0110,1,99,GS-12,H,0110,8,10,F,1,202009,1,081836,03.8
ARCE,27,D,13,12,C,0110,1,99,GS-12,H,0110,8,10,F,1,202009,1,082484,03.3
ARCE,47,G,13,11,C,0110,1,99,GS-11,F,0110,8,10,F,1,202009,1,068276,03.3
ARCE,53,D,17,11,C,0110,1,99,GS-11,G,0110,8,10,F,1,202009,1,072457,03.3
ARCE,25,D,17,12,C,0110,1,99,GS-12,H,0110,8,10,P,2,202009,1,088276,03.2
ARCE,06,C,17,09,B,0110,1,99,GS-09,F,0110,8,15,F,1,202009,1,064535,02.6
ARCE,36,B,04,09,B,0110,1,99,GS-09,E,0110,8,15,F,1,202009,1,054844,02.3
ARCE,06,D,21,12,B,0110,1,99,GS-12,H,0110,8,15,F,1,202009,1,083615,01.5
ARCE,36,B,17,05,B,0110,1,99,GS-05,D,0110,8,20,F,2,202009,1,040345,02.3
ARCE,02,D,13,11,B,0110,1,99,GS-11,G,0110,8,15,F,1,202009,1,071583,02.2
ARCE,01,B,13,11,B,0110,1,99,GS-11,F,0110,8,15,F,1,202009,1,064009,02.2
ARCE,01,D,17,11,B,0110,1,99,GS-11,F,0110,8,15,F,1,202009,1,064009,02.1
ARCE,31,B,13,09,B,0110,1,99,GS-09,E,0110,8,15,F,1,202009,1,053078,02.0
ARCE,17,D,13,09,B,0110,1,99,GS-09,E,0110,8,35,F,1,202009,1,058672,01.7
ARCE,42,C,17,11,B,0110,1,99,GS-11,F,0110,8,15,F,1,202009,1,069579,01.6
ARCE,42,D,17,11,B,0110,1,99,GS-11,F,0110,8,15,F,1,202009,1,069579,01.6
ARCE,08,H,04,13,B,0110,1,99,GS-13,L,0110,8,20,F,2,202009,1,123369,01.4
ARCE,06,B,13,07,B,0110,1,99,GS-07,D,0110,8,15,F,1,202009,1,047137,01.3
ARCE,36,G,17,11,B,0110,1,99,GS-11,G,0110,8,15,F,1,202009,1,073962,01.2
ARCE,17,D,17,11,B,0110,1,99,GS-11,F,0110,8,38,F,1,202009,1,064611,01.2
ARCE,12,C,21,11,B,0110,1,99,GS-11,F,0110,8,15,F,1,202009,1,066143,01.1
ARCE,12,B,04,07,B,0110,1,99,GS-07,D,0110,8,15,F,1,202009,1,043251,01.0
ARCE,25,B,13,07,A,0110,1,99,GS-07,D,0110,8,15,F,1,202009,1,048159,00.8
ARCE,25,C,13,07,A,0110,1,99,GS-07,D,0110,8,15,F,1,202009,1,048159,00.8
ARCE,26,E,17,09,A,0110,1,99,GS-09,E,0110,8,15,F,1,202009,1,058092,00.7
ARCE,51,B,13,07,A,0110,1,99,GS-07,D,0110,8,15,F,1,202009,1,043459,00.5
ARCE,36,D,17,09,A,0110,1,99,GS-09,F,0110,8,15,F,1,202009,1,061131,00.3
ARCE,27,B,04,07,A,0110,1,99,GS-07,D,0110,8,15,F,1,202009,1,046499,00.3
ARCE,17,B,13,07,A,0110,1,99,GS-07,D,0110,8,15,F,1,202009,1,043657,00.2
ARCE,17,C,13,11,A,0110,1,99,GS-11,G,0110,8,15,F,1,202009,1,070987,00.1
ARCE,12,B,17,09,A,0110,1,99,GS-09,E,0110,8,15,F,1,202009,1,052905,00.0
ARCE,21,B,13,07,A,0110,1,99,GS-07,D,0110,8,15,F,1,202009,1,043251,00.0
ARCE,36,K,17,13,J,0110,1,99,GS-13,K,0110,8,10,F,1,202009,1,113492,39.8
ARSA,11,I,13,15,H,0110,1,99,GS-15,Q,0110,8,10,F,1,202009,1,170800,29.8
ARSA,11,F,13,15,G,0110,1,99,GS-15,O,0110,8,10,F,1,202009,1,152215,20.3
ARSB,29,B,13,09,B,0110,1,99,GS-09,E,0110,8,15,F,1,202009,1,053680,01.2
ARSB,01,C,13,07,B,0110,1,99,GS-07,D,0110,8,15,F,1,202009,1,044692,01.0
ARSB,31,B,13,07,A,0110,1,99,GS-07,D,0110,8,35,F,1,202009,1,043392,00.6
ARSB,31,D,13,07,A,0110,1,99,GS-07,D,0110,8,35,F,1,202009,1,043392,00.6
ARSB,51,C,17,07,A,0110,1,99,GS-07,D,0110,8,15,F,1,202009,1,043459,00.5
ARSB,41,B,13,07,A,0110,1,99,GS-07,D,0110,8,15,F,1,202009,1,046156,00.4
ARSB,29,B,13,07,A,0110,1,99,GS-07,D,0110,8,15,F,1,202009,1,043691,00.2
ARSB,53,B,13,07,A,0110,1,99,GS-07,D,0110,8,15,F,1,202009,1,043251,00.0
BG00,11,F,13,14,E,0110,1,99,GS-14,M,0110,8,10,F,1,202009,1,133447,13.2
BG00,11,E,13,12,E,0110,1,99,GS-12,I,0110,8,10,F,1,202009,1,092091,13.8
BG00,11,F,21,14,A,0110,1,99,GS-14,O,0110,8,15,F,1,202009,1,157709,00.1
BO00,11,K,21,15,I,0110,1,99,GS-15,Q,0110,8,10,F,1,202009,1,170800,34.1
BO00,11,H,21,15,G,0110,1,99,GS-15,Q,0110,8,10,F,1,202009,1,170800,21.2
BO00,11,F,17,,F,0110,1,ES,ES-**,R,0110,2,50,F,1,202009,1,181471,17.2
BO00,11,F,21,15,E,0110,1,99,GS-15,O,0110,8,10,F,1,202009,1,156973,11.1
BO00,11,J,21,15,G,0110,1,99,GS-15,Q,0110,8,10,F,1,202009,1,170800,23.8
BO00,11,F,21,15,D,0110,1,99,GS-15,N,0110,8,10,F,1,202009,1,142701,08.1
BO00,11,D,21,14,D,0110,1,99,GS-14,L,0110,8,15,F,1,202009,1,125360,07.2
BO00,11,E,21,14,D,0110,1,99,GS-14,L,0110,8,15,F,1,202009,1,121316,05.1
BO00,11,D,21,15,B,0110,1,99,GS-15,O,0110,8,15,F,1,202009,1,152215,02.7
BO00,11,D,21,13,B,0110,1,99,GS-13,K,0110,8,15,F,1,202009,1,112930,02.1
BO00,11,D,21,13,C,0110,1,99,GS-13,K,0110,8,15,F,1,202009,1,119775,03.9
BO00,11,D,21,14,A,0110,1,99,GS-14,L,0110,8,15,F,1,202009,1,121316,00.1
CE00,11,K,21,,J,0110,1,ES,ES-**,R,0110,2,50,F,1,202009,1,181499,40.3
CE00,11,E,21,,D,0110,1,99,AD-00,N,0110,8,48,F,2,202009,1,141433,06.2
CE00,11,D,17,,B,0110,1,99,AD-00,F,0110,8,48,F,2,202009,1,068742,01.3
CE00,11,E,21,,C,0110,1,99,AD-00,P,0110,8,48,F,2,202009,1,160000,03.2
CE00,11,C,17,,B,0110,1,99,AD-00,I,0110,8,48,F,2,202009,1,090000,02.7
CE00,11,D,17,,B,0110,1,99,AD-00,G,0110,8,48,F,2,202009,1,075000,02.3
CE00,11,D,21,,B,0110,1,99,AD-00,K,0110,8,48,F,2,202009,1,110000,02.2
CE00,11,B,13,,B,0110,1,99,AD-00,E,0110,8,48,F,2,202009,1,055000,01.3
CE00,11,B,17,,B,0110,1,99,AD-00,E,0110,8,48,F,2,202009,1,058000,01.2
CE00,11,B,17,,B,0110,1,99,AD-00,F,0110,8,48,F,2,202009,1,060000,01.2
CE00,11,C,17,,A,0110,1,99,AD-00,F,0110,8,48,F,2,202009,1,067000,00.6
CE00,11,G,21,,A,0110,1,99,AD-00,M,0110,8,48,F,2,202009,1,137500,00.5
CM52,11,B,13,11,B,0110,1,99,GS-11,G,0110,8,40,F,2,202009,1,072030,01.9
CM52,11,B,14,09,A,0110,1,99,GS-09,G,0110,8,20,F,2,202009,1,073426,00.5
CM52,11,D,17,11,A,0110,1,99,GS-11,I,0110,8,40,F,2,202009,1,093638,00.2
CM53,24,I,13,,H,0110,1,99,ZP-04,O,0110,8,10,F,1,202009,1,157709,29.3
CM53,24,K,17,,I,0110,1,ES,ES-**,S,0110,2,50,F,1,202009,1,197300,31.8
CM53,24,F,17,,D,0110,1,99,ZP-04,M,0110,8,10,F,1,202009,1,135797,09.7
CM53,24,E,21,,C,0110,1,99,ZP-03,K,0110,8,10,F,1,202009,1,112240,04.3
CM53,24,D,17,,D,0110,1,99,ZP-03,H,0110,8,10,F,1,202009,1,089314,06.3
CM53,24,E,13,,C,0110,1,99,ZP-03,H,0110,8,10,F,1,202009,1,082816,04.0
CM53,24,C,13,,C,0110,1,99,ZP-03,H,0110,8,10,F,1,202009,1,087847,04.3
CM53,24,F,17,,C,0110,1,99,ZP-02,F,0110,8,10,F,1,202009,1,068580,04.3
CM53,24,E,17,,C,0110,1,99,ZP-03,H,0110,8,10,F,1,202009,1,089462,04.2
CM53,24,E,17,,E,0110,1,99,ZP-04,N,0110,8,10,F,1,202009,1,149361,11.8
CM53,24,H,21,,G,0110,1,99,ZP-05,Q,0110,8,10,F,1,202009,1,170800,21.3
CM53,24,E,13,,E,0110,1,99,ZP-04,N,0110,2,10,F,1,202009,1,147833,14.8
CM53,24,F,17,,F,0110,1,99,ZP-03,K,0110,8,10,F,1,202009,1,112240,19.4
CM53,24,H,04,,G,0110,1,99,ZP-04,N,0110,8,10,F,1,202009,1,142325,22.9
CM53,47,H,13,,I,0110,1,99,ZP-04,N,0110,8,10,P,2,202009,1,140146,30.0
CM53,24,H,13,,I,0110,1,99,ZP-04,O,0110,8,10,F,1,202009,1,157709,32.8
CM53,24,E,13,,F,0110,1,99,ZP-04,O,0110,2,10,F,1,202009,1,154346,16.1
CM53,24,E,13,,F,0110,1,99,ZP-05,P,0110,2,10,F,1,202009,1,164500,16.3
CM53,24,E,18,,E,0110,1,99,ZP-04,N,0110,8,10,F,1,202009,1,148987,13.1
CM53,24,F,04,,G,0110,1,99,ZP-05,Q,0110,2,10,F,1,202009,1,170800,20.8
CM53,24,F,13,,G,0110,1,99,ZP-04,O,0110,8,10,F,1,202009,1,157709,20.8
CM53,24,I,14,,I,0110,1,99,ZP-04,P,0110,2,10,F,1,202009,1,167313,33.8
CM53,24,G,17,,G,0110,1,99,ZP-04,P,0110,2,10,F,1,202009,1,167313,21.3
CM53,24,E,13,,F,0110,1,99,ZP-05,Q,0110,2,10,F,1,202009,1,170800,16.2
CM53,24,F,13,,F,0110,1,99,ZP-05,Q,0110,2,10,F,1,202009,1,170800,17.1
CM53,24,H,17,,H,0110,1,99,ZP-05,Q,0110,8,10,F,1,202009,1,170800,25.6
CM53,24,H,13,,H,0110,1,99,ZP-04,P,0110,2,10,F,1,202009,1,167313,28.9
CM53,24,H,13,,I,0110,1,99,ZP-04,O,0110,8,10,F,1,202009,1,157709,30.7
CM53,24,F,14,,F,0110,1,99,ZP-04,L,0110,8,10,F,1,202009,1,127660,16.2
CM53,24,E,11,,E,0110,1,99,ZP-04,O,0110,8,10,F,1,202009,1,150761,14.8
CM53,24,I,14,,I,0110,1,99,ZP-04,P,0110,2,10,F,1,202009,1,167313,31.6
CM53,24,H,13,,I,0110,1,99,ZP-04,O,0110,2,10,F,1,202009,1,156907,30.1
CM53,24,F,13,,G,0110,1,99,ZP-05,Q,0110,8,10,F,1,202009,1,170800,21.3
CM53,24,K,21,,J,0110,1,ES,ES-**,S,0110,2,50,F,1,202009,1,197300,35.9
CM53,24,I,14,,H,0110,1,99,ZP-04,O,0110,8,10,F,1,202009,1,157709,26.8
CM53,24,H,17,,H,0110,1,99,ZP-04,O,0110,8,10,F,1,202009,1,157709,29.3
CM53,24,H,13,,H,0110,1,99,ZP-04,P,0110,2,10,F,1,202009,1,167313,27.2
CM53,24,I,13,,J,0110,1,99,ZP-04,O,0110,8,10,F,1,202009,1,157709,35.9
CM53,24,E,17,,E,0110,1,99,ZP-03,K,0110,8,10,F,1,202009,1,112240,13.0
CM53,24,I,08,,J,0110,1,99,ZP-03,K,0110,8,10,F,1,202009,1,112240,37.5
CM53,24,E,13,,F,0110,1,99,ZP-04,O,0110,8,10,F,1,202009,1,150448,16.7
CM53,24,G,13,,G,0110,1,99,ZP-03,K,0110,8,10,F,1,202009,1,112240,21.4
CM53,24,H,13,,H,0110,1,99,ZP-05,Q,0110,8,10,F,1,202009,1,170800,29.2
CM53,24,F,13,,F,0110,1,99,ZP-04,N,0110,8,10,F,1,202009,1,140260,17.0
CM53,24,I,13,,H,0110,1,99,ZP-04,M,0110,8,10,F,1,202009,1,132329,29.8
CM53,24,I,21,,F,0110,1,99,ZP-05,Q,0110,8,10,F,1,202009,1,170800,16.1
CM53,24,F,13,,G,0110,1,99,ZP-04,O,0110,2,10,F,1,202009,1,152745,20.3
CM53,24,D,12,,E,0110,1,99,ZP-04,M,0110,8,10,F,1,202009,1,132704,12.3
CM53,24,J,17,,I,0110,1,99,ZP-04,M,0110,8,38,F,1,202009,1,130860,33.4
CM53,24,J,21,,F,0110,1,99,ZP-05,Q,0110,8,10,F,1,202009,1,170800,16.3
CM53,24,I,13,,J,0110,1,99,ZP-05,Q,0110,8,10,F,1,202009,1,170800,36.4
CM53,24,F,13,,G,0110,1,99,ZP-05,Q,0110,2,10,F,1,202009,1,170800,20.0
CM53,24,D,12,,E,0110,1,99,ZP-03,J,0110,8,10,F,1,202009,1,108597,13.0
CM53,24,H,13,,H,0110,1,99,ZP-04,O,0110,8,10,F,1,202009,1,157709,29.3
CM53,24,H,13,,H,0110,1,99,ZP-04,N,0110,8,10,F,1,202009,1,145088,29.5
CM53,24,F,13,,F,0110,1,ES,ES-**,S,0110,2,50,F,1,202009,1,197300,19.3
CM53,24,F,17,,F,0110,1,99,ZP-04,O,0110,8,10,F,1,202009,1,154210,16.3
CM53,24,I,17,,I,0110,1,99,ZP-05,Q,0110,2,10,F,1,202009,1,170800,33.9
CM53,24,F,04,,E,0110,1,99,ZP-04,O,0110,8,10,F,1,202009,1,151224,11.1
CM53,24,J,17,,I,0110,1,99,ZP-04,P,0110,2,10,F,1,202009,1,167313,32.0
CM53,24,G,13,,G,0110,1,99,ZP-03,K,0110,8,10,F,1,202009,1,112240,21.9
CM53,24,G,17,,F,0110,1,99,ZP-05,P,0110,2,10,F,1,202009,1,169712,15.4
CM53,24,J,13,,J,0110,1,99,ZP-03,K,0110,8,10,F,1,202009,1,112240,35.4
CM53,24,F,13,,F,0110,1,99,ZP-04,O,0110,8,10,F,1,202009,1,157709,19.3
CM53,24,F,13,,F,0110,1,99,ZP-04,O,0110,8,10,F,1,202009,1,157709,17.3
CM53,24,E,17,,F,0110,1,99,ZP-05,Q,0110,2,10,F,1,202009,1,170800,16.3
CM53,24,H,13,,H,0110,1,ES,ES-**,S,0110,2,50,F,1,202009,1,197300,28.8
CM53,24,I,17,,F,0110,1,99,ZP-03,K,0110,8,10,F,1,202009,1,112240,18.7
CM53,24,H,17,,F,0110,1,99,ZP-03,K,0110,8,10,F,1,202009,1,112240,19.9
CM53,24,E,13,,E,0110,1,99,ZP-04,K,0110,8,10,F,1,202009,1,114509,14.1
CM53,24,G,13,,F,0110,1,99,ZP-05,Q,0110,2,10,F,1,202009,1,170800,16.3
CM53,24,K,21,,F,0110,1,99,ZP-05,Q,0110,8,10,F,1,202009,1,170800,19.0
CM53,24,J,18,,J,0110,1,99,ZP-04,P,0110,2,10,F,1,202009,1,167313,36.7
CM53,24,D,04,,E,0110,1,99,ZP-04,N,0110,2,10,F,1,202009,1,148115,14.3
CM53,24,H,21,,E,0110,1,99,ZP-04,O,0110,8,10,F,1,202009,1,155116,12.0
CM53,24,E,13,,E,0110,1,99,ZP-05,P,0110,2,10,F,1,202009,1,164747,12.8
CM53,24,F,13,,F,0110,1,99,ZP-04,M,0110,8,10,F,1,202009,1,139152,19.3
CM53,24,F,14,,F,0110,1,99,ZP-03,K,0110,8,10,F,1,202009,1,112240,19.8
CM53,24,E,13,,E,0110,1,99,ZP-04,O,0110,8,10,F,1,202009,1,157709,14.0
CM53,12,G,17,,F,0110,1,99,ZP-05,Q,0110,8,10,F,1,202009,1,170800,16.3
CM53,24,J,13,,G,0110,1,99,ZP-03,K,0110,8,10,F,1,202009,1,112240,22.3
CM53,24,F,21,,E,0110,1,99,ZP-04,O,0110,8,10,F,1,202009,1,157709,13.3
CM53,24,I,17,,H,0110,1,99,ZP-04,M,0110,8,10,F,1,202009,1,135595,29.5
CM53,24,I,13,,I,0110,1,99,ZP-04,P,0110,2,10,F,1,202009,1,167313,30.3
CM53,24,F,11,,G,0110,1,99,ZP-05,Q,0110,2,10,F,1,202009,1,170800,21.2
CM53,24,F,13,,G,0110,1,99,ZP-04,O,0110,8,10,F,1,202009,1,157709,22.0
CM53,24,D,13,,E,0110,1,99,ZP-04,N,0110,8,10,F,1,202009,1,142111,13.3
CM53,24,H,18,,F,0110,1,99,ZP-03,K,0110,8,10,F,1,202009,1,112240,19.3
CM53,24,G,14,,G,0110,1,99,ZP-04,P,0110,2,10,F,1,202009,1,167313,23.2
CM53,24,E,13,,E,0110,1,99,ZP-04,M,0110,8,10,P,2,202009,1,133447,13.1
CM53,24,J,13,,I,0110,1,99,ZP-04,O,0110,8,10,F,1,202009,1,157709,34.0
CM53,26,E,12,,F,0110,1,99,ZP-04,N,0110,8,10,F,1,202009,1,140146,17.1
CM53,24,D,04,,E,0110,1,99,ZP-04,L,0110,2,10,F,1,202009,1,127000,12.3
CM53,24,F,13,,E,0110,1,99,ZP-03,K,0110,8,10,F,1,202009,1,112240,13.3
CM53,24,F,13,,F,0110,1,99,ZP-03,K,0110,8,10,F,1,202009,1,111063,16.5
CM53,24,E,13,,E,0110,1,99,ZP-05,Q,0110,2,10,F,1,202009,1,170204,14.3
CM53,24,J,13,,J,0110,1,99,ZP-05,Q,0110,8,10,F,1,202009,1,170800,42.7
CM53,24,F,13,,G,0110,1,99,ZP-04,O,0110,8,10,F,1,202009,1,157709,22.1
CM53,24,I,13,,I,0110,1,99,ZP-04,O,0110,8,10,F,1,202009,1,157709,32.1
CM53,24,J,17,,I,0110,1,99,ZP-04,P,0110,2,10,F,1,202009,1,167313,31.3
CM53,24,J,21,,G,0110,1,ES,ES-**,S,0110,2,50,F,1,202009,1,197300,23.0
CM53,24,F,13,,F,0110,1,99,ZP-04,M,0110,8,10,F,1,202009,1,132111,15.2
CM53,24,E,13,,E,0110,1,99,ZP-04,N,0110,2,10,F,1,202009,1,141264,12.6
CM53,24,H,17,,I,0110,1,99,ZP-03,K,0110,8,10,F,1,202009,1,112240,32.8
CM53,24,J,13,,J,0110,1,99,ZP-03,K,0110,8,10,F,1,202009,1,112240,39.9
CM53,24,F,13,,F,0110,1,99,ZP-03,J,0110,8,10,F,1,202009,1,105470,17.4
CM53,24,I,17,,I,0110,1,99,ZP-03,K,0110,8,10,F,1,202009,1,110493,30.7
CM53,24,H,17,,H,0110,1,99,ZP-04,O,0110,8,10,F,1,202009,1,157709,26.0
CM53,35,J,21,,F,0110,1,99,ZP-05,P,0110,8,10,F,1,202009,1,165896,17.0
CM53,24,F,17,,E,0110,1,99,ZP-03,K,0110,8,10,F,1,202009,1,112240,14.8
CM53,24,G,13,,H,0110,1,99,ZP-05,Q,0110,2,10,F,1,202009,1,170800,26.1
CM53,24,F,11,,F,0110,1,99,ZP-04,O,0110,8,10,P,2,202009,1,152296,19.8
CM53,24,F,17,,G,0110,1,99,ZP-04,P,0110,2,10,F,1,202009,1,167313,21.9
CM53,24,E,13,,F,0110,1,99,ZP-04,L,0110,8,10,F,1,202009,1,120097,15.5
CM53,24,G,13,,F,0110,1,99,ZP-04,M,0110,8,10,F,1,202009,1,135313,16.3
CM53,24,E,14,,F,0110,1,99,ZP-04,O,0110,8,10,P,2,202009,1,157709,17.2
CM53,24,G,21,,F,0110,1,99,ZP-05,Q,0110,2,10,F,1,202009,1,170800,16.1
CM53,24,G,13,,H,0110,1,99,ZP-04,P,0110,2,10,F,1,202009,1,167313,25.2
CM53,24,I,17,,I,0110,1,99,ZP-04,O,0110,8,10,F,1,202009,1,157709,30.0
CM53,24,F,13,,G,0110,1,ES,ES-**,S,0110,2,50,F,1,202009,1,194134,20.3
CM53,24,J,17,,I,0110,1,99,ZP-05,Q,0110,2,10,F,1,202009,1,170800,33.6
CM53,24,F,17,,D,0110,1,99,ZP-03,K,0110,8,10,F,1,202009,1,112240,06.1
CM53,24,F,13,,F,0110,1,99,ZP-04,N,0110,2,10,F,1,202009,1,143021,17.7
CM53,24,G,13,,G,0110,1,99,ZP-05,Q,0110,2,10,F,1,202009,1,170800,23.6
CM53,24,E,13,,E,0110,1,99,ZP-05,Q,0110,2,10,F,1,202009,1,170800,14.3
CM53,24,I,04,,E,0110,1,99,ZP-04,M,0110,8,10,F,1,202009,1,130547,14.6
CM53,24,G,17,,G,0110,1,99,ZP-04,O,0110,2,10,F,1,202009,1,157709,22.3
CM53,24,G,13,,H,0110,1,99,ZP-04,P,0110,2,10,F,1,202009,1,167313,25.6
CM53,24,F,13,,F,0110,1,99,ZP-04,P,0110,2,10,F,1,202009,1,161920,19.3
CM53,24,H,13,,G,0110,1,99,ZP-03,K,0110,8,10,F,1,202009,1,112240,22.8
CM53,24,H,13,,H,0110,1,99,ZP-05,Q,0110,2,10,F,1,202009,1,170800,28.3
CM53,24,E,13,,F,0110,1,99,ZP-03,K,0110,8,10,F,1,202009,1,112240,16.3
CM53,53,G,13,,G,0110,1,99,ZP-05,Q,0110,8,10,F,1,202009,1,170800,23.3
CM53,24,G,04,,D,0110,1,99,ZP-03,I,0110,8,10,F,1,202009,1,096299,05.0
CM53,24,I,14,,I,0110,1,99,ZP-04,O,0110,8,10,F,1,202009,1,157709,30.3
CM53,24,K,17,,J,0110,1,99,ZP-04,O,0110,8,10,P,2,202009,1,157709,40.8
CM53,24,J,14,,G,0110,1,99,ZP-03,J,0110,8,10,F,1,202009,1,109221,23.0
CM53,24,I,13,,I,0110,1,99,ZP-03,J,0110,8,10,F,1,202009,1,104712,32.2
CM53,24,E,13,,F,0110,1,99,ZP-05,Q,0110,2,10,F,1,202009,1,170800,15.9
CM53,24,I,17,,J,0110,1,99,ZP-05,Q,0110,2,10,F,1,202009,1,170800,38.0
CM53,24,I,17,,I,0110,1,99,ZP-04,P,0110,2,10,F,1,202009,1,167313,31.1
CM53,24,F,13,,F,0110,1,99,ZP-03,K,0110,8,10,F,1,202009,1,112240,16.4
CM53,24,H,18,,G,0110,1,99,ZP-05,Q,0110,2,10,F,1,202009,1,170800,21.0
CM53,24,H,13,,I,0110,1,99,ZP-05,Q,0110,2,10,F,1,202009,1,170800,31.2
CM53,24,I,12,,G,0110,1,99,ZP-04,N,0110,8,10,F,1,202009,1,144788,21.4
CM53,24,I,13,,H,0110,1,99,ZP-03,K,0110,8,10,F,1,202009,1,111720,29.8
CM53,24,F,13,,F,0110,1,ES,ES-**,R,0110,2,50,F,1,202009,1,180318,17.0
CM53,24,F,21,,E,0110,1,ST,ST-00,S,0110,4,10,F,1,202009,1,197300,14.0
CM53,24,E,13,,E,0110,1,99,ZP-04,P,0110,2,10,F,1,202009,1,165723,14.8
CM53,24,D,11,,E,0110,1,99,ZP-04,N,0110,2,10,F,1,202009,1,142102,13.0
CM53,24,J,18,,H,0110,1,99,ZP-03,K,0110,8,10,F,1,202009,1,112240,28.3
CM53,24,F,13,,F,0110,1,99,ZP-04,M,0110,2,10,F,1,202009,1,135971,19.3
CM53,24,J,17,,F,0110,1,99,ZP-04,O,0110,8,10,F,1,202009,1,157709,17.1
CM53,24,H,13,,H,0110,1,ES,ES-**,S,0110,2,50,F,1,202009,1,194976,29.5
CM53,24,F,04,,F,0110,1,99,ZP-05,Q,0110,8,10,F,1,202009,1,170800,16.4
CM53,24,E,13,,E,0110,1,99,ZP-04,M,0110,2,10,F,1,202009,1,132713,14.3
CM53,11,E,13,,E,0110,1,99,ZP-04,L,0110,8,10,F,1,202009,1,124000,11.0
CM53,24,D,13,,E,0110,1,99,ZP-03,J,0110,8,10,F,1,202009,1,103668,11.3
CM53,24,G,21,,E,0110,1,99,ZP-05,Q,0110,2,10,F,1,202009,1,170800,13.3
CM53,24,E,21,,B,0110,1,99,ZP-03,J,0110,8,10,F,1,202009,1,104922,02.4
CM53,24,J,04,,F,0110,1,99,ZP-04,O,0110,8,10,F,1,202009,1,157709,19.7
CM53,24,H,13,,C,0110,1,99,ZP-03,H,0110,8,15,F,1,202009,1,082000,04.8
CM53,24,E,17,,E,0110,1,99,ZP-04,J,0110,8,10,F,1,202009,1,106616,11.1
CM53,24,D,13,,E,0110,1,99,ZP-04,L,0110,2,10,F,1,202009,1,125666,11.0
CM53,24,F,04,,E,0110,1,99,ZP-04,O,0110,8,10,F,1,202009,1,157709,11.1
CM53,24,E,13,,D,0110,1,99,ZP-04,L,0110,2,10,F,1,202009,1,128600,08.5
CM53,24,G,13,,E,0110,1,99,ZP-04,L,0110,8,10,F,1,202009,1,126322,11.0
CM53,24,H,17,,E,0110,1,99,ZP-04,P,0110,2,10,F,1,202009,1,167313,10.9
CM53,24,D,08,,E,0110,1,99,ZP-04,L,0110,8,10,F,1,202009,1,126439,10.9
CM53,24,D,13,,E,0110,1,99,ZP-04,N,0110,2,10,F,1,202009,1,140932,10.9
CM53,24,G,21,,E,0110,1,99,ZP-05,O,0110,2,10,F,1,202009,1,152500,10.9
CM53,13,D,13,,D,0110,1,99,ZP-04,I,0110,8,40,F,2,202009,1,096117,07.8
CM53,24,D,04,,D,0110,1,99,ZP-03,H,0110,8,10,F,1,202009,1,082537,09.5
CM53,24,E,13,,E,0110,1,99,ZP-04,K,0110,8,10,F,1,202009,1,116340,10.3
CM53,24,E,17,,E,0110,1,99,ZP-05,O,0110,2,10,F,1,202009,1,153663,10.2
CM53,24,E,17,,E,0110,1,99,ZP-04,O,0110,8,10,F,1,202009,1,153544,10.2
CM53,24,F,17,,E,0110,1,99,ZP-04,L,0110,8,10,F,1,202009,1,123595,10.1
CM53,24,E,17,,D,0110,1,99,ZP-03,I,0110,8,10,F,1,202009,1,096016,09.8
CM53,24,H,17,,E,0110,1,99,ZP-03,K,0110,8,10,F,1,202009,1,111454,13.8
CM53,24,D,17,,D,0110,1,99,ZP-03,I,0110,8,10,F,1,202009,1,099400,09.3
CM53,24,F,04,,D,0110,1,99,ZP-04,M,0110,8,10,F,1,202009,1,139084,09.1
CM53,24,E,04,,D,0110,1,99,ZP-03,H,0110,8,10,F,1,202009,1,084224,08.9
CM53,24,F,17,,E,0110,1,99,ZP-04,L,0110,2,10,F,1,202009,1,126442,14.6
CM53,24,E,17,,D,0110,1,99,ZP-04,M,0110,8,10,F,1,202009,1,130240,08.6
CM53,24,D,17,,D,0110,1,99,ZP-03,J,0110,8,10,F,1,202009,1,107222,08.4
CM53,24,D,13,,D,0110,1,99,ZP-04,K,0110,8,10,F,1,202009,1,113150,06.4
CM53,24,G,17,,D,0110,1,99,ZP-05,Q,0110,8,10,F,1,202009,1,170800,08.1
CM53,24,J,21,,D,0110,1,99,ZP-04,N,0110,8,10,F,1,202009,1,143475,08.1
CM53,24,F,17,,D,0110,1,99,ZP-03,I,0110,8,10,F,1,202009,1,093396,08.1
CM53,24,D,04,,D,0110,1,99,ZP-04,M,0110,2,10,F,1,202009,1,131211,07.4
CM53,24,E,21,,C,0110,1,99,ZP-03,J,0110,8,15,F,1,202009,1,102463,04.1
CM53,24,C,17,,C,0110,1,99,ZP-03,H,0110,8,10,F,1,202009,1,089710,04.2
CM53,24,G,04,,D,0110,1,99,ZP-03,I,0110,8,10,F,1,202009,1,090591,07.0
CM53,24,D,04,,D,0110,1,99,ZP-03,J,0110,8,10,F,1,202009,1,103918,06.7
CM53,24,E,13,,D,0110,1,99,ZP-03,I,0110,8,10,F,1,202009,1,096094,06.4
CM53,24,D,17,,D,0110,1,99,ZP-03,J,0110,8,10,F,1,202009,1,102472,06.4
CM53,24,D,14,,D,0110,1,99,ZP-02,G,0110,8,10,F,1,202009,1,077916,06.3
CM53,24,D,17,,D,0110,1,99,ZP-04,K,0110,8,10,F,1,202009,1,112414,05.2
CM53,24,D,13,,D,0110,1,99,ZP-04,J,0110,8,10,F,1,202009,1,102663,05.6
CM53,24,F,21,,C,0110,1,99,ZP-03,K,0110,8,10,F,1,202009,1,112240,04.3
CM53,24,D,17,,D,0110,1,99,ZP-03,I,0110,8,10,F,1,202009,1,093168,06.0
CM53,24,F,17,,D,0110,1,99,ZP-05,O,0110,2,10,F,1,202009,1,151835,05.9
CM53,24,H,17,,D,0110,1,99,ZP-03,H,0110,8,10,F,1,202009,1,086160,05.7
CM53,24,F,17,,D,0110,1,99,ZP-03,H,0110,8,10,F,1,202009,1,085246,05.6
CM53,24,C,13,,D,0110,1,99,ZP-03,I,0110,8,10,F,1,202009,1,094438,05.6
CM53,24,C,13,,D,0110,1,99,ZP-03,G,0110,8,10,F,1,202009,1,073183,05.6
CM53,24,C,13,,D,0110,1,99,ZP-03,H,0110,8,10,F,1,202009,1,089467,05.5
CM53,24,C,13,,D,0110,1,99,ZP-04,K,0110,2,10,F,1,202009,1,111733,05.5
CM53,24,C,04,,B,0110,1,99,ZP-03,H,0110,8,15,F,1,202009,1,082816,02.7
CM53,24,D,13,,C,0110,1,99,ZP-03,I,0110,8,10,F,1,202009,1,094003,03.6
CM53,24,D,14,,D,0110,1,99,ZP-02,F,0110,8,10,F,1,202009,1,068233,05.2
CM53,24,D,17,,D,0110,1,99,ZP-04,M,0110,8,10,F,1,202009,1,133195,05.2
CM53,24,E,17,,D,0110,1,99,ZP-03,I,0110,8,10,F,1,202009,1,090544,05.2
CM53,24,C,13,,D,0110,1,99,ZP-03,I,0110,8,10,F,1,202009,1,091723,05.1
CM53,24,E,21,,D,0110,1,99,ZP-04,L,0110,8,10,F,1,202009,1,122672,05.0
CM53,24,D,17,,C,0110,1,99,ZP-04,J,0110,8,15,F,1,202009,1,102663,04.9
CM53,24,E,21,,C,0110,1,99,ZP-04,O,0110,8,10,F,1,202009,1,157709,04.8
CM53,24,H,21,,C,0110,1,99,ZP-03,J,0110,8,10,F,1,202009,1,106829,04.8
CM53,24,G,17,,C,0110,1,99,ZP-03,H,0110,8,10,F,1,202009,1,080528,04.5
CM53,24,E,17,,C,0110,1,99,ZP-03,I,0110,8,10,F,1,202009,1,098128,04.5
CM53,24,G,21,,C,0110,1,99,ZP-04,N,0110,8,10,F,1,202009,1,149658,04.4
CM53,24,E,17,,C,0110,1,99,ZP-03,H,0110,8,10,F,1,202009,1,082329,04.4
CM53,24,C,13,,C,0110,1,99,ZP-03,J,0110,8,10,F,1,202009,1,104821,04.4
CM53,24,C,13,,C,0110,1,99,ZP-03,H,0110,8,10,F,1,202009,1,086958,04.4
CM53,24,D,17,,C,0110,1,99,ZP-03,H,0110,8,10,F,1,202009,1,085573,04.4
CM53,24,D,14,,C,0110,1,99,ZP-04,K,0110,8,10,F,1,202009,1,113849,04.4
CM53,24,C,17,,C,0110,1,99,ZP-03,H,0110,8,10,F,1,202009,1,086062,04.4
CM53,24,C,13,,C,0110,1,99,ZP-03,H,0110,8,15,F,1,202009,1,081263,03.3
CM53,24,C,17,,C,0110,1,99,ZP-03,I,0110,8,10,F,1,202009,1,094354,04.3
CM53,24,C,13,,C,0110,1,99,ZP-03,H,0110,8,10,F,1,202009,1,089083,04.3
CM53,24,C,13,,C,0110,1,99,ZP-03,I,0110,8,10,F,1,202009,1,091126,04.3
CM53,24,C,17,,C,0110,1,99,ZP-03,I,0110,8,10,F,1,202009,1,094625,04.3
CM53,24,C,13,,C,0110,1,99,ZP-03,I,0110,8,10,F,1,202009,1,091126,04.3
CM53,24,C,13,,C,0110,1,99,ZP-02,G,0110,8,15,F,1,202009,1,070687,03.3
CM53,24,F,21,,C,0110,1,99,ZP-03,J,0110,8,10,F,1,202009,1,108821,04.3
CM53,24,C,14,,C,0110,1,99,ZP-03,H,0110,8,10,F,1,202009,1,083635,04.1
CM53,24,D,17,,C,0110,1,99,ZP-03,H,0110,8,10,F,1,202009,1,088040,04.3
CM53,24,B,09,,C,0110,1,99,ZP-03,G,0110,8,10,F,1,202009,1,078675,03.0
CM53,24,C,13,,C,0110,1,99,ZP-03,I,0110,8,10,F,1,202009,1,095967,04.2
CM53,24,C,17,,C,0110,1,99,ZP-03,I,0110,8,10,F,1,202009,1,091776,04.2
CM53,24,D,17,,C,0110,1,99,ZP-03,I,0110,8,10,F,1,202009,1,092501,04.2
CM53,24,D,18,,C,0110,1,99,ZP-04,L,0110,8,10,F,1,202009,1,121219,04.2
CM53,53,D,17,,C,0110,1,99,ZP-03,H,0110,8,10,F,1,202009,1,089356,04.2
CM53,24,D,17,,C,0110,1,99,ZP-03,I,0110,8,10,F,1,202009,1,091677,04.0
CM53,24,C,13,,C,0110,1,99,ZP-03,H,0110,8,10,F,1,202009,1,080557,03.8
CM53,24,C,13,,C,0110,1,99,ZP-03,H,0110,8,10,F,1,202009,1,083254,03.8
CM53,24,C,13,,C,0110,1,99,ZP-02,G,0110,8,15,F,1,202009,1,070131,03.2
CM53,24,C,13,,C,0110,1,99,ZP-03,H,0110,8,10,F,1,202009,1,088781,03.7
CM53,24,C,04,,B,0110,1,99,ZP-03,I,0110,8,10,F,1,202009,1,093288,02.3
CM53,24,E,17,,C,0110,1,99,ZP-04,M,0110,8,10,F,1,202009,1,131482,03.1
CM53,24,C,04,,B,0110,1,99,ZP-03,I,0110,8,15,F,1,202009,1,090000,02.7
CM53,24,D,04,,B,0110,1,99,ZP-03,G,0110,8,15,F,1,202009,1,078134,02.7
CM53,24,C,04,,B,0110,1,99,ZP-03,H,0110,8,15,F,1,202009,1,084369,02.6
CM53,24,C,04,,B,0110,1,99,ZP-03,H,0110,8,15,F,1,202009,1,084369,02.5
CM53,24,D,04,,B,0110,1,99,ZP-02,G,0110,8,15,F,1,202009,1,072464,01.2
CM53,24,D,17,,C,0110,1,99,ZP-03,G,0110,8,15,F,1,202009,1,076554,03.9
CM53,24,C,17,,B,0110,1,99,ZP-03,J,0110,8,15,F,1,202009,1,108909,02.1
CM53,24,D,21,,B,0110,1,99,ZP-04,L,0110,8,15,F,1,202009,1,121500,02.0
CM53,24,E,21,,B,0110,1,99,ZP-04,K,0110,8,15,F,1,202009,1,118000,02.1
CM53,24,C,21,,B,0110,1,99,ZP-03,K,0110,8,15,F,1,202009,1,112240,02.1
CM53,24,C,17,,B,0110,1,99,ZP-03,G,0110,8,15,F,1,202009,1,077150,01.9
CM53,24,E,21,,B,0110,1,99,ZP-04,L,0110,8,15,F,1,202009,1,126620,01.9
CM53,24,C,17,,B,0110,1,99,ZP-03,I,0110,8,15,F,1,202009,1,091000,01.8
CM53,24,D,17,,B,0110,1,99,ZP-02,H,0110,8,15,F,1,202009,1,083929,01.8
CM53,24,F,04,,B,0110,1,99,ZP-02,G,0110,8,15,F,1,202009,1,070142,01.6
CM53,24,F,04,,B,0110,1,99,ZP-03,I,0110,8,15,F,1,202009,1,099830,01.3
CM53,24,D,04,,B,0110,1,99,ZP-04,L,0110,8,15,F,1,202009,1,121505,01.2
CM53,24,H,21,,B,0110,1,99,ZP-03,K,0110,8,15,F,1,202009,1,112240,01.2
CM53,24,G,04,,C,0110,1,99,ZP-04,O,0110,8,15,F,1,202009,1,150104,04.9
CM53,24,C,04,,A,0110,1,99,ZP-02,F,0110,8,35,F,1,202009,1,066564,00.9
CM53,24,D,17,,A,0110,1,99,ZP-02,F,0110,8,35,F,1,202009,1,066564,00.9
CM53,24,E,17,,A,0110,1,99,ZP-02,F,0110,8,35,F,1,202009,1,066564,00.9
CM53,24,D,17,,A,0110,1,99,ZP-02,G,0110,8,35,F,1,202009,1,070000,00.5
CM53,24,C,17,,A,0110,1,99,ZP-02,F,0110,8,35,F,1,202009,1,069000,00.4
CM53,37,F,21,,A,0110,1,99,ZP-04,N,0110,8,40,F,2,202009,1,145634,00.3
CM53,24,C,21,,A,0110,1,99,ZP-03,K,0110,8,15,F,1,202009,1,112240,00.2
CM53,24,F,21,,A,0110,1,99,ZP-03,H,0110,8,35,F,1,202009,1,080000,00.0
CM53,24,K,17,,C,0110,1,ST,ST-00,S,0110,4,10,F,1,202009,1,197300,04.5
CM53,24,I,17,,H,0110,1,99,ZP-03,K,0110,8,10,F,1,202009,1,112240,25.0
CM53,24,E,04,,C,0110,1,99,ZP-03,H,0110,8,10,F,1,202009,1,080494,03.2
CM53,24,C,14,,C,0110,1,99,ZP-03,G,0110,8,10,F,1,202009,1,079448,04.1
CM53,24,D,13,,C,0110,1,99,ZP-03,H,0110,8,10,F,1,202009,1,081731,04.1
CM54,53,I,21,,E,0110,1,99,ZP-05,Q,0110,2,10,F,1,202009,1,170800,13.9
CM54,53,E,21,,D,0110,1,99,ZP-03,J,0110,8,10,F,1,202009,1,109264,05.1
CM54,06,G,21,,E,0110,1,99,ZP-04,O,0110,8,10,F,1,202009,1,156850,14.0
CM54,24,I,21,,G,0110,1,99,ZP-05,Q,0110,2,10,F,1,202009,1,170800,21.5
CM54,12,G,21,,F,0110,1,99,ZP-04,N,0110,8,10,F,1,202009,1,149284,17.8
CM54,15,H,17,,E,0110,1,99,ZP-04,M,0110,8,10,F,1,202009,1,132148,14.9
CM54,53,J,21,,E,0110,1,99,ZP-04,O,0110,8,10,F,1,202009,1,153527,13.4
CM54,53,J,21,,I,0110,1,99,ZP-04,P,0110,2,10,F,1,202009,1,162877,33.3
CM54,02,I,18,,F,0110,1,99,ZP-03,K,0110,8,10,F,1,202009,1,111543,17.7
CM54,53,I,21,,E,0110,1,99,ZP-04,O,0110,8,10,F,1,202009,1,153527,14.3
CM54,12,I,21,13,G,0110,1,99,GS-13,K,0110,8,10,F,1,202009,1,118603,22.6
CM54,06,F,21,,E,0110,1,99,ZP-03,L,0110,8,10,F,1,202009,1,121668,12.0
CM54,06,G,13,,E,0110,1,99,ZP-03,L,0110,8,10,F,1,202009,1,121668,12.3
CM54,53,H,21,,F,0110,1,99,ZP-04,O,0110,8,10,F,1,202009,1,153527,16.2
CM54,53,H,21,,F,0110,1,99,ZP-03,J,0110,8,10,F,1,202009,1,109264,19.5
CM54,24,G,17,,G,0110,1,99,ZP-04,O,0110,8,10,F,1,202009,1,157709,22.7
CM54,15,I,21,,F,0110,1,99,ZP-04,N,0110,8,10,F,1,202009,1,144510,17.9
CM54,24,I,21,,G,0110,1,99,ZP-04,O,0110,8,10,P,2,202009,1,157709,21.4
CM54,12,G,21,,E,0110,1,99,ZP-04,N,0110,8,10,F,1,202009,1,149284,14.5
CM54,06,F,21,,E,0110,1,99,ZP-04,M,0110,8,10,F,1,202009,1,133500,12.1
CM54,25,H,17,,H,0110,1,99,ZP-04,O,0110,8,10,F,1,202009,1,156053,28.2
CM54,12,K,16,13,G,0110,1,99,GS-13,K,0110,8,10,F,1,202009,1,118603,20.3
CM54,15,F,17,,E,0110,1,99,ZP-04,M,0110,2,10,F,1,202009,1,136635,14.0
CM54,25,I,17,,H,0110,1,99,ZP-04,O,0110,8,10,F,1,202009,1,156053,29.6
CM54,12,H,21,,F,0110,1,99,ZP-04,N,0110,8,10,F,1,202009,1,149284,19.0
CM54,24,H,21,,G,0110,1,99,ZP-04,O,0110,8,10,F,1,202009,1,157709,23.1
CM54,12,H,22,,F,0110,1,99,ZP-03,J,0110,8,10,F,1,202009,1,106245,16.7
CM54,24,H,17,,G,0110,1,99,ZP-04,O,0110,8,10,P,2,202009,1,157709,21.5
CM54,53,H,17,,F,0110,1,99,ZP-04,O,0110,2,10,F,1,202009,1,154934,16.1
CM54,06,G,21,,F,0110,1,99,ZP-04,O,0110,8,10,F,1,202009,1,152741,17.2
CM54,24,H,17,,F,0110,1,99,ZP-04,O,0110,8,10,F,1,202009,1,157709,17.3
CM54,25,I,17,,I,0110,1,99,ZP-04,O,0110,8,10,F,1,202009,1,156053,33.7
CM54,06,K,18,,J,0110,1,99,ZP-05,Q,0110,2,10,F,1,202009,1,170800,41.4
CM54,06,J,21,,F,0110,1,99,ZP-04,O,0110,8,10,F,1,202009,1,155366,15.7
CM54,24,I,13,,I,0110,1,99,ZP-04,O,0110,8,10,F,1,202009,1,157709,32.9
CM54,24,K,17,,E,0110,1,99,ZP-05,Q,0110,8,10,F,1,202009,1,170800,13.4
CM54,53,G,21,,F,0110,1,99,ZP-05,Q,0110,2,10,F,1,202009,1,170800,19.5
CM54,25,G,17,,G,0110,1,99,ZP-04,O,0110,8,10,F,1,202009,1,156053,20.2
CM54,53,E,17,,E,0110,1,99,ZP-04,M,0110,2,10,F,1,202009,1,136445,11.3
CM54,12,E,17,13,D,0110,1,99,GS-13,J,0110,8,10,F,1,202009,1,100355,06.3
CM54,45,G,18,,B,0110,1,99,ZP-04,L,0110,8,15,F,1,202009,1,120503,02.7
CM54,53,D,22,,A,0110,1,99,ZP-03,I,0110,8,15,F,1,202009,1,092024,00.8
CM54,24,D,19,,A,0110,1,99,ZP-03,I,0110,8,15,F,1,202009,1,093000,00.6
CM54,25,E,04,,E,0110,1,99,ZP-04,M,0110,8,10,F,1,202009,1,139113,11.2
CM54,24,H,21,,E,0110,1,SL,SL-00,S,0110,2,10,F,1,202009,1,195538,11.1
CM54,24,F,17,,E,0110,1,99,ZP-04,L,0110,8,10,F,1,202009,1,121000,11.0
CM54,53,E,21,,E,0110,1,99,ZP-04,K,0110,8,10,F,1,202009,1,115820,11.0
CM54,53,F,21,,E,0110,1,99,ZP-03,J,0110,8,10,F,1,202009,1,109264,10.9
CM54,53,E,17,,E,0110,1,99,ZP-03,J,0110,8,10,F,1,202009,1,109264,12.5
CM54,12,H,21,,E,0110,1,99,ZP-04,L,0110,8,10,F,1,202009,1,125441,10.1
CM54,12,K,20,,E,0110,1,99,ZP-04,K,0110,8,10,F,1,202009,1,117701,10.1
CM54,53,F,18,,E,0110,1,99,ZP-03,J,0110,8,10,F,1,202009,1,109264,10.1
CM54,53,H,22,,E,0110,1,99,ZP-04,L,0110,8,10,F,1,202009,1,125389,10.8
CM54,25,G,18,,D,0110,1,99,ZP-04,L,0110,8,10,F,1,202009,1,127821,08.8
CM54,25,F,17,,D,0110,1,99,ZP-04,L,0110,8,10,F,1,202009,1,128806,08.6
CM54,24,E,21,,D,0110,1,99,ZP-04,L,0110,8,15,F,1,202009,1,128595,07.9
CM54,24,I,21,,D,0110,1,99,ZP-04,M,0110,8,10,F,1,202009,1,132883,07.5
CM54,53,D,18,,C,0110,1,99,ZP-03,I,0110,8,10,F,1,202009,1,096403,03.3
CM54,24,D,21,,C,0110,1,99,ZP-03,I,0110,8,10,F,1,202009,1,096749,03.3
CM54,24,F,21,,B,0110,1,99,ZP-04,L,0110,8,15,F,1,202009,1,121246,02.8
CM54,25,D,17,,B,0110,1,99,ZP-03,I,0110,8,15,F,1,202009,1,090724,02.7
CM54,24,E,21,,B,0110,1,99,ZP-04,K,0110,8,15,F,1,202009,1,114735,02.6
CM54,24,E,04,,B,0110,1,99,ZP-04,J,0110,8,15,F,1,202009,1,105949,01.3
CM54,15,E,21,,A,0110,1,99,ZP-03,H,0110,8,15,F,1,202009,1,082480,00.7
CM54,25,C,04,,A,0110,1,99,ZP-03,G,0110,8,15,F,1,202009,1,077435,00.6
CM54,24,E,04,,A,0110,1,99,ZP-03,J,0110,8,15,F,1,202009,1,100000,00.6
CM54,24,I,21,,A,0110,1,99,ZP-03,I,0110,8,15,F,1,202009,1,097800,00.3
CM55,11,E,17,14,D,0110,1,99,GS-14,M,0110,2,10,F,1,202009,1,137491,09.7
CM55,11,G,17,15,F,0110,1,99,GS-15,Q,0110,2,10,F,1,202009,1,170800,15.1
CM55,11,I,13,13,I,0110,1,99,GS-13,M,0110,8,10,F,1,202009,1,133465,33.9
CM55,11,F,17,14,D,0110,1,99,GS-14,M,0110,8,10,F,1,202009,1,133447,09.9
CM55,11,E,13,15,E,0110,1,99,GS-15,O,0110,8,10,F,1,202009,1,156973,14.5
CM55,11,H,13,14,I,0110,1,99,GS-14,O,0110,5,10,F,1,202009,1,157709,33.3
CM55,11,J,21,14,H,0110,1,99,GS-14,O,0110,8,10,F,1,202009,1,157709,25.8
CM55,11,J,16,15,G,0110,1,99,GS-15,P,0110,8,10,F,1,202009,1,161730,22.2
CM55,11,K,13,13,J,0110,1,99,GS-13,M,0110,8,10,F,1,202009,1,133465,45.1
CM55,11,H,04,13,H,0110,1,99,GS-13,L,0110,8,10,F,1,202009,1,126620,27.5
CM55,11,K,17,13,J,0110,1,99,GM-13,M,0110,5,10,F,1,202009,1,133465,48.7
CM55,11,J,17,14,I,0110,1,99,GS-14,O,0110,5,10,F,1,202009,1,157709,34.0
CM55,11,I,17,13,I,0110,1,99,GS-13,M,0110,8,10,F,1,202009,1,133465,34.3
CM55,11,F,13,15,G,0110,1,99,GS-15,P,0110,6,10,F,1,202009,1,161730,20.1
CM55,11,E,17,14,E,0110,1,99,GS-14,M,0110,8,10,F,1,202009,1,133447,12.8
CM55,11,J,17,13,E,0110,1,99,GS-13,M,0110,8,10,F,1,202009,1,130043,14.8
CM55,11,I,21,,H,0110,1,ES,ES-**,Q,0110,2,50,F,1,202009,1,174946,29.4
CM55,11,D,04,11,B,0110,1,99,GS-11,G,0110,8,15,F,1,202009,1,072030,01.9
CM55,11,E,21,13,E,0110,1,99,GS-13,K,0110,8,10,F,1,202009,1,119775,10.0
CM55,11,D,17,14,C,0110,1,99,GS-14,L,0110,8,10,F,1,202009,1,121316,04.7
CM55,11,D,14,13,D,0110,1,99,GS-13,J,0110,8,10,F,1,202009,1,109508,06.1
CM55,11,D,17,12,D,0110,1,99,GS-12,H,0110,8,10,F,1,202009,1,086335,05.8
CM55,11,D,13,13,C,0110,1,99,GS-13,J,0110,8,10,F,1,202009,1,102663,04.8
CM55,11,F,21,14,C,0110,1,99,GS-14,N,0110,8,10,F,1,202009,1,141534,04.8
CM55,11,F,21,13,C,0110,1,99,GS-13,K,0110,8,10,F,1,202009,1,112930,04.8
CM55,11,F,17,13,C,0110,1,99,GS-13,J,0110,8,10,F,1,202009,1,102663,03.9
CM55,11,D,17,12,A,0110,1,99,GS-12,H,0110,8,15,F,1,202009,1,086335,00.3
CM55,11,H,17,15,A,0110,1,99,GS-15,P,0110,2,15,F,1,202009,1,161730,00.5
CM55,11,C,17,09,B,0110,1,99,GS-09,F,0110,8,15,F,1,202009,1,061519,02.0
CM55,11,C,17,11,A,0110,1,99,GS-11,G,0110,8,15,F,1,202009,1,079233,00.9
CM55,11,B,17,09,B,0110,1,99,GS-09,F,0110,8,35,F,1,202009,1,065488,01.6
CM55,11,C,17,09,A,0110,1,99,GS-09,E,0110,8,35,F,1,202009,1,059534,00.8
CM55,11,C,13,09,A,0110,1,99,GS-09,E,0110,8,15,F,1,202009,1,059534,00.6
CM55,11,B,14,07,A,0110,1,99,GS-07,D,0110,8,15,F,1,202009,1,048670,00.4
CM55,11,E,04,12,A,0110,1,99,GS-12,H,0110,8,15,F,1,202009,1,086335,00.3
CM56,51,F,17,14,F,0110,1,99,GS-14,O,0110,8,10,F,1,202009,1,157709,17.3
CM56,51,F,17,14,F,0110,1,99,GS-14,N,0110,8,10,F,1,202009,1,145578,15.2
CM56,51,E,13,14,F,0110,1,99,GS-14,N,0110,8,10,F,1,202009,1,145578,15.9
CM56,51,E,17,13,F,0110,1,99,GS-13,L,0110,8,10,F,1,202009,1,123198,15.8
CM56,51,F,17,13,F,0110,1,99,GS-13,M,0110,8,10,F,1,202009,1,130043,16.7
CM56,51,F,21,15,E,0110,1,99,GS-15,N,0110,2,10,F,1,202009,1,147458,11.2
CM56,51,E,13,07,A,0110,1,99,GS-07,D,0110,8,15,F,1,202009,1,048670,00.4
CM56,51,H,21,,E,0110,1,SL,SL-00,Q,0110,2,10,F,1,202009,1,174944,10.0
CM56,51,E,21,13,D,0110,1,99,GS-13,K,0110,8,10,F,1,202009,1,112930,06.1
CM56,51,C,13,09,A,0110,1,99,GS-09,E,0110,8,35,F,1,202009,1,059534,00.4
CM56,51,I,20,14,E,0110,1,99,GS-14,M,0110,8,10,F,1,202009,1,133447,11.8
CM56,51,D,17,14,C,0110,1,99,GS-14,L,0110,8,10,F,1,202009,1,121316,03.9
CM57,24,K,21,,G,0110,1,99,ZP-04,O,0110,8,10,F,1,202009,1,157709,22.8
CM57,24,I,14,,G,0110,1,99,ZP-04,O,0110,8,10,F,1,202009,1,157709,21.5
CM57,24,F,17,,E,0110,1,99,ZP-04,M,0110,8,10,F,1,202009,1,139260,14.9
CM57,24,J,17,,G,0110,1,99,ZP-05,Q,0110,2,10,F,1,202009,1,170800,21.8
CM57,24,E,21,,E,0110,1,99,ZP-04,L,0110,8,10,F,1,202009,1,125414,13.3
CM57,24,G,21,,G,0110,1,99,ZP-05,Q,0110,2,10,F,1,202009,1,170800,20.8
CM57,24,E,21,,E,0110,1,99,ZP-05,Q,0110,8,10,F,1,202009,1,170800,12.0
CM57,24,H,21,,E,0110,1,99,ZP-03,K,0110,8,10,F,1,202009,1,112240,10.6
CM57,24,C,11,,D,0110,1,99,ZP-02,H,0110,8,10,F,1,202009,1,084022,05.3
CM57,24,F,15,,D,0110,1,99,ZP-03,J,0110,8,10,F,1,202009,1,109240,05.5
CM57,24,E,21,,C,0110,1,99,ZP-03,K,0110,8,10,F,1,202009,1,110184,04.0
CM57,24,E,21,,B,0110,1,99,ZP-04,K,0110,8,15,F,1,202009,1,113665,01.1
CM63,24,E,13,14,E,0110,1,99,GS-14,M,0110,8,10,F,1,202009,1,137491,11.2
CM63,13,G,21,15,B,0110,1,99,GG-15,Q,0110,4,40,I,2,202009,1,170800,02.1
CM63,24,J,17,15,H,0110,1,99,GS-15,Q,0110,5,10,F,1,202009,1,170800,27.0
CM63,24,I,21,15,I,0110,1,99,GS-15,Q,0110,5,10,F,1,202009,1,170800,30.0
CM63,17,F,21,13,D,0110,1,99,GS-13,L,0110,4,10,F,1,202009,1,128159,08.8
CM63,24,H,04,13,G,0110,1,99,GS-13,K,0110,8,10,F,1,202009,1,119775,20.8
CM63,24,H,21,15,E,0110,1,99,GS-15,P,0110,5,10,F,1,202009,1,166487,14.5
CM63,24,F,18,13,F,0110,1,99,GS-13,L,0110,4,10,F,1,202009,1,123198,16.3
CM63,24,I,21,14,F,0110,1,99,GS-14,N,0110,8,10,F,1,202009,1,149621,18.9
CM63,24,G,21,15,G,0110,1,99,GS-15,Q,0110,2,10,F,1,202009,1,170800,21.5
CM63,24,F,21,15,E,0110,1,99,GS-15,N,0110,2,10,F,1,202009,1,147458,13.4
CM63,25,I,18,13,F,0110,1,99,GS-13,L,0110,4,10,F,1,202009,1,128677,17.2
CM63,33,F,21,15,D,0110,1,99,GS-15,P,0110,8,40,I,2,202009,1,164858,05.9
CM63,24,G,21,15,F,0110,1,99,GS-15,Q,0110,4,10,F,1,202009,1,170800,18.1
CM63,24,D,13,14,E,0110,1,99,GS-14,M,0110,8,10,F,1,202009,1,133447,12.1
CM63,24,I,04,15,G,0110,1,99,GS-15,P,0110,4,10,F,1,202009,1,166487,23.0
CM63,24,H,17,15,G,0110,1,99,GS-15,P,0110,5,10,F,1,202009,1,161730,22.0
CM63,24,G,18,15,F,0110,1,99,GS-15,P,0110,2,10,F,1,202009,1,161730,16.4
CM63,24,J,22,,G,0110,1,ES,ES-**,S,0110,2,50,F,1,202009,1,197300,21.3
CM63,06,H,14,14,G,0110,1,99,GS-14,N,0110,8,10,F,1,202009,1,147731,21.0
CM63,24,E,13,13,D,0110,1,99,GS-13,K,0110,8,10,F,1,202009,1,112930,07.9
CM63,24,I,21,,H,0110,1,ES,ES-**,Q,0110,2,50,F,1,202009,1,176490,29.1
CM63,24,H,21,15,G,0110,1,99,GS-15,Q,0110,5,10,F,1,202009,1,170800,23.2
CM63,24,G,21,14,F,0110,1,99,GS-14,N,0110,8,10,F,1,202009,1,141534,19.3
CM63,24,I,17,14,H,0110,1,99,GS-14,O,0110,5,10,F,1,202009,1,157709,28.5
CM63,24,I,17,15,J,0110,1,99,GS-15,Q,0110,8,10,F,1,202009,1,170800,36.4
CM63,24,I,21,,H,0110,1,ES,ES-**,R,0110,2,50,F,1,202009,1,181739,29.0
CM63,24,H,13,14,I,0110,1,99,GS-14,O,0110,8,10,F,1,202009,1,157709,30.2
CM63,24,K,21,13,E,0110,1,99,GS-13,L,0110,8,10,F,1,202009,1,123198,11.9
CM63,24,G,21,15,E,0110,1,99,GS-15,P,0110,4,10,F,1,202009,1,161730,11.2
CM63,24,H,21,15,E,0110,1,99,GS-15,O,0110,5,10,F,1,202009,1,156973,11.2
CM63,13,G,21,12,E,0110,1,99,GS-12,I,0110,8,10,P,2,202009,1,096999,12.6
CM63,24,F,04,15,E,0110,1,99,GS-15,N,0110,4,10,F,1,202009,1,147458,10.3
CM63,24,D,04,13,A,0110,1,99,GS-13,L,0110,8,15,F,1,202009,1,126620,00.1
CM63,24,D,21,13,A,0110,1,99,GS-13,J,0110,8,15,F,1,202009,1,102663,00.0
CM63,21,F,17,13,D,0110,1,99,GS-13,J,0110,8,15,F,1,202009,1,109479,07.2
CM63,24,E,17,14,D,0110,1,99,GS-14,N,0110,8,10,F,1,202009,1,141534,09.1
CM63,24,E,21,13,D,0110,1,99,GS-13,K,0110,8,10,F,1,202009,1,116353,09.1
CM63,24,E,17,13,D,0110,1,99,GS-13,K,0110,8,10,F,1,202009,1,116353,09.0
CM63,24,I,21,14,D,0110,1,99,GS-14,N,0110,8,10,F,1,202009,1,149621,08.8
CM63,24,E,21,14,D,0110,1,99,GS-14,M,0110,8,10,F,1,202009,1,137491,08.2
CM63,24,E,04,13,C,0110,1,99,GS-13,K,0110,8,15,F,1,202009,1,116353,03.2
CM63,24,F,17,12,D,0110,1,99,GS-12,J,0110,8,10,F,1,202009,1,100727,08.1
CM63,24,G,17,14,D,0110,1,99,GS-14,M,0110,8,10,F,1,202009,1,133447,07.8
CM63,24,D,17,13,C,0110,1,99,GS-13,L,0110,8,10,F,1,202009,1,123198,04.1
CM63,24,D,21,14,D,0110,1,99,GS-14,N,0110,4,10,F,1,202009,1,141534,07.2
CM63,24,D,21,13,C,0110,1,99,GS-13,K,0110,8,10,F,1,202009,1,119775,03.0
CM63,24,H,13,15,D,0110,1,99,GS-15,Q,0110,5,10,F,1,202009,1,170800,05.3
CM63,24,E,21,13,D,0110,1,99,GS-13,M,0110,8,40,I,2,202009,1,133465,05.3
CM63,24,D,21,14,D,0110,1,99,GS-14,L,0110,8,10,F,1,202009,1,125360,06.2
CM63,25,D,13,12,C,0110,1,99,GS-12,K,0110,8,30,P,2,202009,1,111389,03.0
CM63,24,J,13,15,D,0110,1,99,GG-15,Q,0110,4,40,I,2,202009,1,170800,06.0
CM63,36,F,21,13,A,0110,1,99,GS-13,M,0110,8,15,F,1,202009,1,137045,00.8
CM63,24,D,17,12,B,0110,1,99,GS-12,H,0110,8,10,F,1,202009,1,089213,02.3
CM63,42,D,13,12,D,0110,1,99,GS-12,H,0110,8,40,F,2,202009,1,083397,05.2
CM63,24,F,21,13,D,0110,1,99,GS-13,K,0110,8,10,F,1,202009,1,112930,05.2
CM63,24,F,21,13,D,0110,1,99,GS-13,L,0110,8,10,F,1,202009,1,123198,05.2
CM63,24,D,13,13,D,0110,1,99,GS-13,L,0110,8,10,F,1,202009,1,123198,05.2
CM63,24,E,17,13,D,0110,1,99,GS-13,K,0110,8,10,F,1,202009,1,116353,05.1
CM63,24,E,17,13,D,0110,1,99,GS-13,K,0110,8,10,F,1,202009,1,112930,05.1
CM63,24,D,21,14,D,0110,1,99,GS-14,M,0110,8,10,F,1,202009,1,133447,05.1
CM63,24,I,21,15,F,0110,1,99,GS-15,Q,0110,8,40,I,2,202009,1,170800,15.3
CM63,24,D,21,13,C,0110,1,99,GS-13,L,0110,8,10,F,1,202009,1,123198,04.3
CM63,24,D,21,13,C,0110,1,99,GS-13,J,0110,8,10,F,1,202009,1,106085,04.2
CM63,24,D,17,13,C,0110,1,99,GS-13,K,0110,8,10,F,1,202009,1,112930,04.2
CM63,24,D,13,13,C,0110,1,99,GS-13,L,0110,8,10,F,1,202009,1,123198,04.2
CM63,24,D,21,13,C,0110,1,99,GS-13,K,0110,8,10,F,1,202009,1,112930,04.1
CM63,24,E,17,13,C,0110,1,99,GS-13,L,0110,8,10,F,1,202009,1,123198,04.1
CM63,24,D,07,13,C,0110,1,99,GS-13,K,0110,8,10,F,1,202009,1,119775,04.1
CM63,24,E,13,13,C,0110,1,99,GS-13,L,0110,8,10,F,1,202009,1,123198,04.1
CM63,24,F,13,13,C,0110,1,99,GS-13,K,0110,8,10,F,1,202009,1,119775,04.0
CM63,08,E,21,13,C,0110,1,99,GS-13,M,0110,8,10,F,1,202009,1,130039,03.8
CM63,24,C,04,11,C,0110,1,99,GG-11,G,0110,8,40,P,2,202009,1,072030,03.2
CM63,17,E,21,12,B,0110,1,99,GS-12,I,0110,8,20,F,2,202009,1,094626,02.7
CM63,24,J,21,15,B,0110,1,99,GG-15,N,0110,4,40,I,2,202009,1,142701,02.6
CM63,24,C,17,11,B,0110,1,99,GG-11,G,0110,8,40,P,2,202009,1,072030,02.0
CM63,24,C,21,11,B,0110,1,99,GG-11,G,0110,8,40,P,2,202009,1,074431,02.0
CM63,48,C,21,12,B,0110,1,99,GS-12,H,0110,8,40,F,2,202009,1,088210,02.0
CM63,24,C,04,13,B,0110,1,99,GS-13,J,0110,8,15,F,1,202009,1,106085,02.0
CM63,24,F,04,13,B,0110,1,99,GS-13,K,0110,8,15,F,1,202009,1,119775,02.0
CM63,24,F,17,12,A,0110,1,99,GS-12,K,0110,8,15,F,1,202009,1,112240,00.3
CM63,24,D,17,13,B,0110,1,99,GS-13,J,0110,8,15,F,1,202009,1,106085,01.2
CM63,24,D,17,13,B,0110,1,99,GS-13,K,0110,8,15,F,1,202009,1,119775,01.2
CM63,24,D,04,12,B,0110,1,99,GS-12,H,0110,8,15,F,1,202009,1,089213,01.1
CM63,24,D,17,12,B,0110,1,99,GS-12,H,0110,8,15,F,1,202009,1,089213,01.0
CM63,24,C,17,13,B,0110,1,99,GS-13,K,0110,8,15,F,1,202009,1,119775,01.0
CM63,24,C,04,11,B,0110,1,99,GG-11,H,0110,8,40,F,2,202009,1,081634,01.2
CM63,24,D,21,12,B,0110,1,99,GS-12,H,0110,8,15,F,1,202009,1,086335,01.0
CM63,24,E,21,11,A,0110,1,99,GG-11,G,0110,8,40,P,2,202009,1,072030,00.9
CM63,25,F,21,15,A,0110,1,99,GG-15,N,0110,4,30,I,2,202009,1,141202,00.9
CM63,44,E,21,15,A,0110,1,99,GG-15,N,0110,4,30,I,2,202009,1,141202,00.9
CM63,44,F,21,15,A,0110,1,99,GG-15,N,0110,4,40,I,2,202009,1,141202,00.8
CM63,36,H,04,15,B,0110,1,99,GG-15,P,0110,4,30,I,2,202009,1,164858,02.4
CM63,24,E,21,12,A,0110,1,99,GS-12,K,0110,8,15,F,1,202009,1,112240,00.3
CM63,24,D,21,12,A,0110,1,99,GS-12,H,0110,8,15,F,1,202009,1,086335,00.3
CM63,24,C,04,12,A,0110,1,99,GS-12,J,0110,8,15,F,1,202009,1,100727,00.2
CM63,24,C,04,07,A,0110,1,99,GG-07,D,0110,8,45,F,2,202009,1,048670,00.2
CM63,24,C,13,07,A,0110,1,99,GG-07,D,0110,8,40,F,2,202009,1,048670,00.2
CM63,24,C,17,07,A,0110,1,99,GG-07,D,0110,8,40,F,2,202009,1,048670,00.1
CM63,24,C,04,12,A,0110,1,99,GS-12,I,0110,8,15,F,1,202009,1,097848,00.1
CM63,24,C,21,12,A,0110,1,99,GS-12,K,0110,8,15,F,1,202009,1,112240,00.1
CM63,24,D,04,12,A,0110,1,99,GS-12,K,0110,8,15,F,1,202009,1,112240,00.1
CM63,24,C,17,12,A,0110,1,99,GS-12,H,0110,8,15,F,1,202009,1,086335,00.0
CM63,24,H,22,14,F,0110,1,99,GS-14,M,0110,8,10,F,1,202009,1,137491,15.3
CM63,24,J,17,13,J,0110,1,99,GS-13,M,0110,8,10,F,1,202009,1,133465,38.1
CT00,11,I,21,,E,0110,1,99,CT-14,R,0110,8,10,F,1,202009,1,189323,10.2
CT00,11,E,17,,E,0110,1,99,CT-15,T,0110,2,38,F,1,202009,1,205558,13.1
CT00,11,G,17,,G,0110,1,99,CT-14,S,0110,8,10,F,1,202009,1,197399,23.8
CT00,11,E,14,,E,0110,1,99,CT-14,P,0110,8,10,F,1,202009,1,163622,12.3
CT00,11,G,17,,E,0110,1,99,CT-14,Q,0110,8,10,F,1,202009,1,175122,12.5
CT00,11,J,17,,G,0110,1,99,CT-14,R,0110,8,10,F,1,202009,1,180094,23.2
CT00,11,E,17,,E,0110,1,99,CT-14,Q,0110,8,10,F,1,202009,1,174028,14.7
CT00,11,J,21,,I,0110,1,99,CT-15,V,0110,8,10,F,1,202009,1,253300,30.3
CT00,11,I,17,,I,0110,1,99,CT-15,V,0110,2,38,F,1,202009,1,253300,34.3
CT00,11,K,17,,J,0110,1,99,CT-14,T,0110,2,10,F,1,202009,1,217243,37.7
CT00,11,J,17,,H,0110,1,99,CT-14,T,0110,8,10,F,1,202009,1,217243,28.8
CT00,11,J,13,,D,0110,1,99,CT-14,P,0110,8,10,F,1,202009,1,162042,08.9
CT00,11,E,17,,F,0110,1,99,CT-14,P,0110,8,10,F,1,202009,1,163133,15.3
CT00,11,F,18,,D,0110,1,99,CT-14,P,0110,8,10,F,1,202009,1,169049,09.8
CT00,11,I,21,,G,0110,1,99,CT-14,T,0110,8,10,F,1,202009,1,210554,20.8
CT00,11,F,17,,D,0110,1,99,CT-14,Q,0110,8,10,F,1,202009,1,175506,09.6
CT00,11,D,17,,D,0110,1,99,CT-14,O,0110,8,10,F,1,202009,1,152136,05.5
CT00,11,E,21,,E,0110,1,99,CT-15,S,0110,8,10,F,1,202009,1,191370,10.3
CT00,11,F,13,,E,0110,1,99,CT-14,T,0110,8,10,F,1,202009,1,211218,10.7
CT00,11,F,17,,D,0110,1,99,CT-15,T,0110,2,10,F,1,202009,1,206868,08.9
CT00,11,D,17,,D,0110,1,99,CT-14,O,0110,8,10,F,1,202009,1,155884,05.2
CT00,36,F,21,,B,0110,1,99,CT-13,O,0110,8,15,F,1,202009,1,159194,01.2
CT00,11,G,21,,D,0110,1,99,CT-18,V,0110,2,10,F,1,202009,1,253300,07.8
CT00,11,F,17,,D,0110,1,99,CT-13,L,0110,8,10,F,1,202009,1,129201,06.4
CT00,11,F,21,,D,0110,1,99,CT-13,N,0110,8,15,F,1,202009,1,149227,06.3
CT00,11,D,17,,D,0110,1,99,CT-13,L,0110,8,10,F,1,202009,1,128849,06.2
CT00,11,E,21,,D,0110,1,99,CT-13,N,0110,8,15,F,1,202009,1,149227,06.1
CT00,11,F,13,,D,0110,1,99,CT-14,S,0110,8,10,F,1,202009,1,191695,05.3
CT00,11,I,21,,D,0110,1,99,CT-14,Q,0110,8,10,F,1,202009,1,170826,05.2
CT00,11,G,17,,C,0110,1,99,CT-14,S,0110,8,38,F,1,202009,1,198545,04.0
CT00,11,D,21,,B,0110,1,99,CT-12,M,0110,8,15,F,1,202009,1,138935,01.1
CT00,11,F,17,,B,0110,1,99,CT-13,P,0110,8,15,F,1,202009,1,169811,01.1
CT00,11,C,21,,A,0110,1,99,CT-12,N,0110,8,15,F,1,202009,1,144000,00.0
CU00,51,G,18,,G,0110,1,99,CU-15,U,0110,2,10,F,1,202009,1,,22.8
CU00,51,G,21,,F,0110,1,99,SS-02,W,0110,2,10,F,1,202009,1,,15.6
CU00,51,F,17,,F,0110,1,99,CU-14,M,0110,8,10,F,1,202009,1,,15.5
CU00,51,G,17,,F,0110,1,99,CU-14,L,0110,8,10,F,1,202009,1,,19.9
CU00,51,J,21,,E,0110,1,99,CU-15,U,0110,8,10,F,1,202009,1,,10.6
CU00,51,F,21,,D,0110,1,99,CU-14,I,0110,8,10,F,1,202009,1,,08.2
DD07,51,E,13,13,F,0110,1,99,GS-13,L,0110,8,10,F,1,202009,1,126620,15.2
DD07,51,I,21,13,I,0110,1,99,GS-13,L,0110,8,10,F,1,202009,1,126620,32.3
DD07,51,I,14,14,I,0110,1,99,GS-14,N,0110,2,10,F,1,202009,1,149621,30.9
DD07,51,H,13,14,E,0110,1,99,GS-14,N,0110,5,10,F,1,202009,1,141534,11.5
DD07,51,D,17,13,B,0110,1,99,GS-13,J,0110,8,15,F,1,202009,1,102663,01.6
DD48,51,G,17,13,F,0110,1,99,GS-13,M,0110,8,10,F,1,202009,1,133465,18.8
DD48,51,E,13,13,E,0110,1,99,GS-13,K,0110,8,10,F,1,202009,1,119775,12.0
DD48,51,E,17,14,F,0110,1,99,GS-14,N,0110,2,10,F,1,202009,1,141534,15.5
DD48,51,E,17,12,E,0110,1,99,GS-12,J,0110,8,10,F,1,202009,1,103605,13.7
DD48,51,C,13,12,C,0110,1,99,GS-12,I,0110,8,15,F,1,202009,1,092091,04.9
DD48,51,F,21,12,C,0110,1,99,GS-12,I,0110,8,10,F,1,202009,1,092091,03.3
DD63,42,H,13,13,I,0110,1,99,GS-13,L,0110,8,10,F,1,202009,1,128924,30.9
DD63,42,D,13,12,D,0110,1,99,GS-12,I,0110,8,10,F,1,202009,1,091738,08.8
DD63,42,J,21,13,B,0110,1,99,GS-13,J,0110,8,15,F,1,202009,1,102476,01.1
DD69,11,J,04,,G,0110,1,99,AD-04,P,0110,8,48,F,2,202009,1,168185,21.2
DD69,11,J,17,,I,0110,1,99,AD-04,Q,0110,8,48,F,2,202009,1,170800,31.2
DD69,11,K,21,,J,0110,1,99,AD-04,Q,0110,2,48,F,2,202009,1,170800,41.7
DD69,11,J,21,,E,0110,1,99,AD-04,Q,0110,8,48,F,2,202009,1,170800,14.1
DD69,11,H,21,,F,0110,1,99,AD-04,Q,0110,8,48,F,2,202009,1,170800,16.2
DD69,11,I,21,,G,0110,1,99,AD-03,O,0110,2,48,F,2,202009,1,157342,22.3
DD69,11,I,21,,E,0110,1,99,AD-04,N,0110,8,48,F,2,202009,1,149209,10.3
DJ01,11,I,16,15,H,0110,1,99,GS-15,Q,0110,8,10,F,1,202009,1,170800,29.3
DJ01,11,I,17,15,I,0110,1,99,GS-15,Q,0110,8,10,F,1,202009,1,170800,30.8
DJ01,11,K,15,15,J,0110,1,99,GS-15,Q,0110,8,10,F,1,202009,1,170800,43.4
DJ01,11,J,21,15,I,0110,1,99,GS-15,Q,0110,8,10,F,1,202009,1,170800,30.0
DJ01,11,H,21,,G,0110,1,SL,SL-00,S,0110,5,10,F,1,202009,1,197300,21.9
DJ01,11,G,21,15,F,0110,1,99,GS-15,Q,0110,2,10,F,1,202009,1,170800,16.8
DJ01,11,I,21,15,F,0110,1,99,GS-15,Q,0110,8,10,F,1,202009,1,170800,15.0
DJ01,11,E,17,15,E,0110,1,99,GS-15,Q,0110,8,10,F,1,202009,1,170800,12.1
DJ01,11,H,22,15,G,0110,1,99,GS-15,Q,0110,8,10,F,1,202009,1,170800,20.0
DJ01,11,F,21,,E,0110,1,ES,ES-**,R,0110,2,50,F,1,202009,1,182756,13.0
DJ01,11,G,21,15,F,0110,1,99,GS-15,Q,0110,2,10,F,1,202009,1,170800,18.1
DJ01,11,H,21,15,G,0110,1,99,GS-15,Q,0110,8,10,P,2,202009,1,170800,24.0
DJ01,11,H,21,15,G,0110,1,99,GS-15,Q,0110,8,10,F,1,202009,1,170800,21.9
DJ01,11,I,21,15,H,0110,1,99,GS-15,Q,0110,8,10,F,1,202009,1,170800,25.6
DJ01,11,I,21,,I,0110,1,ES,ES-**,S,0110,2,50,F,1,202009,1,197300,31.9
DJ01,11,H,21,15,G,0110,1,99,GS-15,Q,0110,8,10,F,1,202009,1,170800,21.0
DJ01,11,K,21,,J,0110,1,ES,ES-**,S,0110,2,50,F,1,202009,1,197300,45.7
DJ01,11,K,21,15,J,0110,1,99,GS-15,Q,0110,8,10,F,1,202009,1,170800,37.9
DJ01,11,G,14,,F,0110,1,ES,ES-**,Q,0110,2,50,F,1,202009,1,178155,18.2
DJ01,11,G,21,15,G,0110,1,99,GS-15,Q,0110,8,10,F,1,202009,1,170800,21.0
DJ01,11,H,21,15,H,0110,1,99,GS-15,Q,0110,8,10,F,1,202009,1,170800,25.0
DJ01,11,J,21,15,J,0110,1,99,GS-15,Q,0110,8,10,F,1,202009,1,170800,37.4
DJ01,11,H,21,15,F,0110,1,99,GS-15,Q,0110,8,10,F,1,202009,1,170800,19.1
DJ01,11,G,21,15,E,0110,1,99,GS-15,Q,0110,8,10,F,1,202009,1,170800,12.9
DJ01,11,G,21,15,F,0110,1,99,GS-15,Q,0110,8,10,F,1,202009,1,170800,18.2
DJ01,11,H,21,15,G,0110,1,99,GS-15,Q,0110,2,10,F,1,202009,1,170800,22.1
DJ01,11,G,21,15,F,0110,1,99,GS-15,Q,0110,8,10,F,1,202009,1,170800,19.0
DJ01,11,F,17,15,E,0110,1,99,GS-15,Q,0110,8,10,F,1,202009,1,170800,12.9
DJ01,11,D,21,13,A,0110,1,99,GS-13,J,0110,8,15,F,1,202009,1,102663,00.7
DJ01,11,D,21,15,C,0110,1,99,GS-15,O,0110,8,10,F,1,202009,1,152215,04.8
DJ01,11,I,21,15,E,0110,1,99,GS-15,Q,0110,8,10,F,1,202009,1,170800,10.0
DJ01,11,F,21,15,D,0110,1,99,GS-15,P,0110,8,10,F,1,202009,1,161730,08.1
DJ01,11,E,21,15,D,0110,1,99,GS-15,P,0110,2,10,F,1,202009,1,166487,07.3
DJ01,11,E,21,15,D,0110,1,99,GS-15,O,0110,8,10,F,1,202009,1,156973,06.2
DJ01,11,E,21,15,D,0110,1,99,GS-15,P,0110,8,10,F,1,202009,1,166487,06.1
DJ01,11,D,21,15,D,0110,1,99,GS-15,N,0110,8,10,F,1,202009,1,147458,05.1
DJ01,11,D,21,15,C,0110,1,99,GS-15,O,0110,8,10,F,1,202009,1,152215,04.9
DJ01,11,D,21,15,C,0110,1,99,GS-15,N,0110,8,10,F,1,202009,1,142701,04.2
DJ01,11,H,21,15,C,0110,1,99,GS-15,Q,0110,8,10,F,1,202009,1,170800,04.1
DJ01,11,F,21,13,C,0110,1,99,GS-13,J,0110,8,10,F,1,202009,1,102663,03.9
DJ01,11,E,21,15,C,0110,1,99,GS-15,Q,0110,8,10,F,1,202009,1,170800,03.7
DJ01,11,G,21,15,C,0110,1,99,GS-15,O,0110,8,10,F,1,202009,1,156973,03.2
DJ01,11,D,21,13,B,0110,1,99,GS-13,J,0110,8,15,F,1,202009,1,102663,01.1
DJ01,11,D,21,14,B,0110,1,99,GS-14,N,0110,8,15,F,1,202009,1,141534,01.1
DJ01,11,C,17,13,A,0110,1,99,GS-13,M,0110,8,15,F,1,202009,1,133465,00.2
DJ01,11,D,21,13,A,0110,1,99,GS-13,M,0110,8,15,F,1,202009,1,133465,00.1
DJ01,11,J,21,15,A,0110,1,99,GS-15,Q,0110,8,15,F,1,202009,1,170800,00.0
DJ15,11,E,17,14,E,0110,1,99,GS-14,L,0110,8,10,F,1,202009,1,129404,10.6
DLAM,41,K,12,13,J,0110,1,99,GS-13,L,0110,8,10,F,1,202009,1,126571,42.3
DLBL,11,F,18,14,F,0110,1,99,GS-14,N,0110,8,10,F,1,202009,1,145578,18.4
DLBL,11,I,15,,I,0110,1,ES,ES-**,S,0110,2,50,F,1,202009,1,196338,32.9
DLBL,11,I,17,15,H,0110,1,99,GS-15,Q,0110,2,10,F,1,202009,1,170800,28.7
DLBL,11,E,13,13,E,0110,1,99,GS-13,K,0110,8,10,F,1,202009,1,116353,14.3
DLBL,11,H,21,13,D,0110,1,99,GS-13,L,0110,8,10,F,1,202009,1,123198,09.0
DLBL,11,G,21,14,D,0110,1,99,GS-14,L,0110,8,10,F,1,202009,1,129404,08.8
DLBL,11,D,13,11,A,0110,1,99,GS-11,H,0110,8,15,F,1,202009,1,081634,00.3
DLEH,11,E,13,14,D,0110,1,99,GS-14,L,0110,8,10,F,1,202009,1,129404,05.3
DLEH,11,E,21,13,C,0110,1,99,GS-13,K,0110,8,10,F,1,202009,1,112930,04.1
DLEH,11,F,17,14,B,0110,1,99,GS-14,L,0110,8,15,F,1,202009,1,129404,02.1
DLET,11,I,13,11,G,0110,1,99,GS-11,I,0110,8,10,F,1,202009,1,093638,21.7
DLET,11,G,17,14,D,0110,1,99,GS-14,L,0110,8,10,F,1,202009,1,125360,09.9
DLET,11,F,13,14,D,0110,1,99,GS-14,L,0110,8,10,F,1,202009,1,121316,07.6
DLLS,13,I,13,12,I,0110,1,99,GS-12,J,0110,8,10,F,1,202009,1,105083,34.3
DLLS,11,K,21,14,J,0110,1,99,GS-14,N,0110,8,10,F,1,202009,1,149621,49.0
DLLS,11,F,13,12,F,0110,1,99,GS-12,J,0110,8,10,F,1,202009,1,106483,15.8
DLLS,53,J,17,07,E,0119,3,99,GS-07,E,XXXX,8,10,P,2,202009,1,055274,14.4
DLLS,06,D,04,07,C,0119,3,99,GS-07,E,XXXX,8,10,P,2,202009,1,051036,03.8
DLLS,11,F,21,14,E,0110,1,99,GS-14,N,0110,8,10,F,1,202009,1,145578,14.2
DLLS,11,K,13,07,J,0119,3,99,GS-07,F,XXXX,8,10,F,1,202009,1,063267,44.8
DLLS,25,J,13,13,J,0110,1,99,GS-13,M,0110,8,20,I,2,202009,1,132064,43.2
DLLS,17,E,13,12,E,0110,1,99,GS-12,I,0110,8,10,F,1,202009,1,090758,13.1
DLLS,27,E,13,12,E,0110,1,99,GS-12,J,0110,8,10,F,1,202009,1,107234,11.3
DLLS,42,D,17,13,E,0110,1,99,GS-13,J,0110,8,10,F,1,202009,1,109088,10.3
DLLS,32,F,10,05,C,0119,3,99,GS-05,C,XXXX,8,15,P,2,202009,1,037800,04.3
DLLS,34,K,04,07,E,0119,3,99,GS-07,E,XXXX,8,10,P,2,202009,1,056637,10.3
DLLS,37,K,09,07,E,0119,3,99,GS-07,E,XXXX,8,10,P,2,202009,1,050935,11.8
DLLS,26,E,17,12,D,0110,1,99,GS-12,I,0110,8,10,F,1,202009,1,095479,09.0
DLLS,32,F,11,07,D,0119,3,99,GS-07,D,XXXX,8,10,P,2,202009,1,049747,08.2
DLLS,11,I,04,11,E,0110,1,99,GS-11,G,0110,8,10,F,1,202009,1,072030,10.3
DLLS,06,H,10,07,D,0119,3,99,GS-07,E,XXXX,8,10,P,2,202009,1,054328,07.2
DLLS,36,G,17,12,D,0110,1,99,GS-12,I,0110,8,10,F,1,202009,1,097517,06.7
DLLS,11,F,04,12,D,0110,1,99,GS-12,I,0110,8,10,F,1,202009,1,094970,05.9
DLLS,11,E,21,14,D,0110,1,99,GS-14,M,0110,8,10,F,1,202009,1,133447,05.3
DLLS,26,E,13,12,C,0110,1,99,GS-12,H,0110,8,10,F,1,202009,1,087053,04.6
DLLS,13,E,13,12,C,0110,1,99,GS-12,H,0110,8,10,F,1,202009,1,083524,04.4
DLLS,11,E,17,12,E,0110,1,99,GS-12,I,0110,8,10,F,1,202009,1,092091,12.4
DLLS,11,E,13,13,F,0110,1,99,GS-13,L,0110,8,10,F,1,202009,1,126620,16.6
DLLS,55,J,21,12,G,0110,1,99,GS-12,J,0110,8,10,F,1,202009,1,101383,20.0
DLLS,11,K,21,12,I,0110,1,99,GS-12,K,0110,8,10,F,1,202009,1,112240,33.8
DLLS,11,H,13,12,G,0110,1,99,GS-12,K,0110,8,10,F,1,202009,1,112240,21.7
DLLS,13,F,17,13,G,0110,1,99,GS-13,K,0110,2,10,F,1,202009,1,115342,21.3
DLLS,11,G,17,14,H,0110,1,99,GS-14,O,0110,2,10,F,1,202009,1,153665,25.3
DLLS,11,F,13,13,G,0110,1,99,GS-13,L,0110,8,10,P,2,202009,1,126620,20.3
DLLS,33,F,13,13,F,0110,1,99,GS-13,K,0110,8,10,F,1,202009,1,115131,19.1
DLLS,08,G,17,14,G,0110,1,99,GS-14,M,0110,2,10,F,1,202009,1,137900,22.1
DLLS,11,E,17,13,E,0110,1,99,GS-13,K,0110,8,10,F,1,202009,1,116353,13.6
DLLS,11,H,17,15,H,0110,1,99,GS-15,Q,0110,2,10,F,1,202009,1,170800,25.7
DLLS,11,I,13,12,I,0110,1,99,GS-12,K,0110,8,10,F,1,202009,1,112240,32.1
DLLS,11,I,13,12,G,0110,1,99,GS-12,K,0110,8,10,F,1,202009,1,112240,21.9
DLLS,26,E,13,13,F,0110,1,99,GS-13,L,0110,8,10,F,1,202009,1,123554,15.6
DLLS,51,G,04,07,G,0119,3,99,GS-07,E,XXXX,8,10,P,2,202009,1,056670,22.5
DLLS,11,F,13,14,G,0110,1,99,GS-14,N,0110,2,10,F,1,202009,1,145578,21.3
DLLS,11,F,13,15,G,0110,1,99,GS-15,O,0110,8,10,F,1,202009,1,156973,22.5
DLLS,11,I,13,14,I,0110,1,99,GS-14,N,0110,2,10,F,1,202009,1,149621,30.6
DLLS,17,J,13,13,I,0110,1,99,GS-13,M,0110,2,10,F,1,202009,1,131532,34.1
DLLS,11,J,13,,I,0110,1,ES,ES-**,S,0110,2,50,F,1,202009,1,196338,34.5
DLLS,11,E,13,13,E,0110,1,99,GS-13,L,0110,8,10,F,1,202009,1,123198,14.3
DLLS,11,E,13,13,E,0110,1,99,GS-13,K,0110,8,10,F,1,202009,1,119775,13.3
DLLS,11,F,13,14,F,0110,1,99,GS-14,M,0110,2,10,F,1,202009,1,137491,19.2
DLLS,11,F,13,13,F,0110,1,99,GS-13,L,0110,8,10,F,1,202009,1,123198,19.3
DLLS,34,I,17,13,H,0110,1,99,GS-13,L,0110,2,10,F,1,202009,1,126503,25.7
DLLS,11,E,17,14,E,0110,1,99,GS-14,N,0110,2,10,F,1,202009,1,141534,14.3
DLLS,17,F,13,12,F,0110,1,99,GS-12,J,0110,8,10,F,1,202009,1,102104,18.2
DLLS,48,H,17,12,H,0110,1,99,GS-12,J,0110,8,10,F,1,202009,1,107509,28.3
DLLS,11,H,13,13,G,0110,1,99,GS-13,M,0110,8,10,F,1,202009,1,130043,22.3
DLLS,11,E,13,14,F,0110,1,99,GS-14,M,0110,2,10,F,1,202009,1,137491,15.6
DLLS,06,G,13,12,G,0110,1,99,GS-12,L,0110,8,10,F,1,202009,1,121668,22.9
DLLS,48,I,13,12,G,0110,1,99,GS-12,J,0110,8,10,F,1,202009,1,107509,22.6
DLLS,06,K,12,07,G,0119,3,99,GS-07,F,XXXX,8,10,P,2,202009,1,064203,24.0
DLLS,25,G,13,12,F,0110,1,99,GS-12,J,0110,8,10,F,1,202009,1,108214,19.9
DLLS,36,K,18,13,I,0110,1,99,GS-13,M,0110,2,10,F,1,202009,1,137045,33.3
DLLS,17,I,13,12,I,0110,1,99,GS-12,K,0110,8,10,F,1,202009,1,110614,33.0
DLLS,17,F,13,12,F,0110,1,99,GS-12,K,0110,8,10,F,1,202009,1,110614,19.0
DLLS,37,J,17,12,J,0110,1,99,GS-12,J,0110,8,10,F,1,202009,1,103647,36.3
DLLS,06,F,13,12,G,0110,1,99,GS-12,L,0110,8,10,F,1,202009,1,121668,20.3
DLLS,13,H,13,12,H,0110,1,99,GS-12,J,0110,8,10,F,1,202009,1,102388,26.9
DLLS,42,J,13,15,J,0110,1,99,GS-15,Q,0110,8,10,F,1,202009,1,170800,36.8
DLLS,11,K,13,15,I,0110,1,99,GS-15,Q,0110,2,10,F,1,202009,1,170800,33.3
DLLS,11,E,04,15,E,0110,1,99,GS-15,O,0110,2,10,F,1,202009,1,156973,14.3
DLLS,11,G,17,13,F,0110,1,99,GS-13,L,0110,8,10,F,1,202009,1,123198,19.1
DLLS,11,K,21,14,I,0110,1,99,GS-14,O,0110,8,10,F,1,202009,1,157709,30.2
DLLS,11,D,13,14,E,0110,1,99,GS-14,M,0110,2,10,F,1,202009,1,133447,10.1
DLLS,11,J,13,13,J,0110,1,99,GS-13,M,0110,8,10,F,1,202009,1,133465,36.5
DLLS,11,E,04,13,E,0110,1,99,GS-13,K,0110,2,10,F,1,202009,1,119775,14.2
DLLS,42,F,13,12,E,0110,1,99,GS-12,J,0110,8,10,F,1,202009,1,100080,13.6
DLLS,11,E,04,13,E,0110,1,99,GS-13,K,0110,8,10,F,1,202009,1,116353,14.1
DLLS,12,K,13,13,I,0110,1,99,GS-13,J,0110,8,10,F,1,202009,1,109479,30.5
DLLS,12,J,08,07,H,0119,3,99,GS-07,E,XXXX,8,10,P,2,202009,1,056222,25.3
DLLS,06,H,17,12,E,0110,1,99,GS-12,J,0110,8,10,F,1,202009,1,108058,14.9
DLLS,06,K,13,07,G,0119,3,99,GS-07,F,XXXX,8,10,P,2,202009,1,064203,23.3
DLLS,11,H,13,14,H,0110,1,99,GS-14,O,0110,5,10,F,1,202009,1,153665,28.2
DLLS,12,F,09,07,F,0119,3,99,GS-07,E,XXXX,8,10,P,2,202009,1,054781,19.2
DLLS,11,F,13,13,G,0110,1,99,GS-13,M,0110,8,10,F,1,202009,1,133465,21.9
DLLS,48,F,13,12,F,0110,1,99,GS-12,J,0110,8,10,F,1,202009,1,107509,17.6
DLLS,17,K,13,07,E,0119,3,99,GS-07,E,XXXX,8,10,P,2,202009,1,051898,14.2
DLLS,11,I,13,13,J,0110,1,99,GS-13,M,0110,8,10,F,1,202009,1,133465,41.1
DLLS,42,H,14,13,H,0110,1,99,GS-13,L,0110,2,10,F,1,202009,1,128924,27.8
DLLS,17,H,13,12,E,0110,1,99,GS-12,J,0110,8,10,F,1,202009,1,102104,13.6
DLLS,11,I,13,14,I,0110,1,99,GS-14,O,0110,8,10,P,2,202009,1,157709,33.0
DLLS,48,G,13,13,G,0110,1,99,GS-13,K,0110,2,10,F,1,202009,1,114727,22.6
DLLS,11,F,13,14,G,0110,1,99,GS-14,N,0110,2,10,F,1,202009,1,145578,21.0
DLLS,11,F,13,12,F,0110,1,99,GS-12,J,0110,8,10,F,1,202009,1,109362,18.9
DLLS,09,H,13,12,H,0110,1,99,GS-12,K,0110,8,10,F,1,202009,1,111389,29.5
DLLS,11,I,13,13,G,0110,1,99,GS-13,M,0110,2,10,F,1,202009,1,133465,23.7
DLLS,48,J,13,12,F,0110,1,99,GS-12,J,0110,8,10,F,1,202009,1,107509,19.8
DLLS,11,F,17,13,E,0110,1,99,GS-13,L,0110,8,10,F,1,202009,1,123198,14.0
DLLS,08,K,13,07,E,0119,3,99,GS-07,E,XXXX,8,10,P,2,202009,1,056902,14.8
DLLS,25,H,17,12,F,0110,1,99,GS-12,J,0110,8,10,F,1,202009,1,108214,19.1
DLLS,36,J,21,14,I,0110,1,99,GS-14,O,0110,2,10,F,1,202009,1,157787,32.1
DLLS,08,J,17,12,F,0110,1,99,GS-12,I,0110,8,10,F,1,202009,1,095336,15.3
DLLS,11,K,04,07,J,0119,3,99,GS-07,F,XXXX,8,10,F,1,202009,1,063267,39.9
DLLS,11,F,13,14,F,0110,1,99,GS-14,N,0110,2,10,F,1,202009,1,145578,17.1
DLLS,12,G,13,12,G,0110,1,99,GS-12,I,0110,8,10,F,1,202009,1,099741,21.6
DLLS,11,F,17,13,E,0110,1,99,GS-13,K,0110,8,10,F,1,202009,1,119775,14.3
DLLS,11,G,13,15,F,0110,1,99,GS-15,Q,0110,2,10,F,1,202009,1,170800,19.0
DLLS,41,K,17,12,G,0110,1,99,GS-12,J,0110,8,10,F,1,202009,1,106442,24.2
DLLS,11,E,13,12,F,0110,1,99,GS-12,J,0110,8,10,F,1,202009,1,106483,18.0
DLLS,11,H,17,13,G,0110,1,99,GS-13,L,0110,8,10,F,1,202009,1,123198,21.1
DLLS,11,J,17,12,I,0110,1,99,GS-12,K,0110,8,10,F,1,202009,1,112240,32.3
DLLS,11,I,13,12,E,0110,1,99,GS-12,J,0110,8,10,F,1,202009,1,106483,14.3
DLLS,11,G,13,13,G,0110,1,99,GS-13,L,0110,8,10,F,1,202009,1,126620,24.0
DLLS,11,H,13,12,H,0110,1,99,GS-12,K,0110,8,10,F,1,202009,1,112240,27.8
DLLS,25,J,17,15,I,0110,1,99,GS-15,P,0110,2,10,F,1,202009,1,160032,30.8
DLLS,06,J,04,07,H,0119,3,99,GS-07,F,XXXX,8,10,P,2,202009,1,064203,28.9
DLLS,17,I,11,13,I,0110,1,99,GS-13,L,0110,2,10,F,1,202009,1,128159,33.9
DLLS,41,H,13,13,H,0110,1,99,GS-13,K,0110,2,10,F,1,202009,1,113588,29.3
DLLS,48,H,17,14,H,0110,1,99,GS-14,N,0110,2,10,F,1,202009,1,143315,27.9
DLLS,11,F,13,13,F,0110,1,99,GS-13,L,0110,8,10,F,1,202009,1,123198,18.8
DLLS,48,H,13,07,G,0119,3,99,GS-07,E,XXXX,8,10,P,2,202009,1,054781,21.2
DLLS,26,K,13,07,J,0119,3,99,GS-07,F,XXXX,8,10,P,2,202009,1,061735,38.7
DLLS,11,I,17,,F,0110,1,ES,ES-**,S,0110,2,50,F,1,202009,1,197300,17.5
DLLS,11,H,21,,G,0110,1,ES,ES-**,S,0110,2,50,F,1,202009,1,196338,22.2
DLLS,39,H,17,12,H,0110,1,99,GS-12,J,0110,8,10,F,1,202009,1,103698,25.6
DLLS,12,F,13,11,F,0110,1,99,GS-11,H,0110,8,10,F,1,202009,1,088636,18.7
DLLS,18,H,13,13,H,0110,1,99,GS-13,K,0110,8,10,F,1,202009,1,119595,29.3
DLLS,11,H,13,14,I,0110,1,99,GS-14,N,0110,2,10,F,1,202009,1,149621,30.1
DLLS,34,K,14,12,J,0110,1,99,GS-12,K,0110,8,10,F,1,202009,1,115251,45.3
DLLS,11,H,13,15,H,0110,1,99,GS-15,Q,0110,2,10,F,1,202009,1,170800,27.5
DLLS,13,G,13,13,F,0110,1,99,GS-13,K,0110,2,10,F,1,202009,1,118547,18.6
DLLS,42,J,13,07,E,0119,3,99,GS-07,E,XXXX,8,10,P,2,202009,1,056414,14.2
DLLS,55,F,13,13,F,0110,1,99,GS-13,J,0110,8,10,F,1,202009,1,104691,17.1
DLLS,12,H,13,12,H,0110,1,99,GS-12,J,0110,8,10,F,1,202009,1,106245,29.3
DLLS,11,F,17,13,E,0110,1,99,GS-13,K,0110,8,10,F,1,202009,1,116353,14.9
DLLS,11,F,11,12,F,0110,1,99,GS-12,J,0110,8,10,F,1,202009,1,106483,19.3
DLLS,13,G,13,13,G,0110,1,99,GS-13,J,0110,4,10,F,1,202009,1,108934,22.3
DLLS,11,E,13,13,E,0110,1,99,GS-13,K,0110,2,10,F,1,202009,1,112930,13.6
DLLS,11,I,17,12,I,0110,1,99,GS-12,K,0110,8,10,F,1,202009,1,112240,31.1
DLLS,11,J,17,,J,0110,1,ES,ES-**,S,0110,2,50,F,1,202009,1,197300,39.6
DLLS,25,I,13,12,I,0110,1,99,GS-12,K,0110,8,10,F,1,202009,1,111062,32.8
DLLS,12,H,18,14,H,0110,1,99,GS-14,M,0110,2,10,F,1,202009,1,132960,25.2
DLLS,06,H,08,12,H,0110,1,99,GS-12,L,0110,8,10,F,1,202009,1,121668,28.1
DLLS,13,I,13,13,H,0110,1,99,GS-13,K,0110,2,10,F,1,202009,1,115342,25.8
DLLS,11,G,17,13,G,0110,1,99,GS-13,M,0110,2,10,F,1,202009,1,133465,23.3
DLLS,48,E,13,13,F,0110,1,99,GS-13,K,0110,2,10,F,1,202009,1,114727,15.0
DLLS,11,J,04,06,H,0119,3,99,GS-06,E,XXXX,8,10,F,1,202009,1,056939,29.2
DLLS,53,F,13,12,F,0110,1,99,GS-12,J,0110,8,10,F,1,202009,1,106462,18.8
DLLS,11,J,13,13,I,0110,1,99,GS-13,M,0110,8,10,F,1,202009,1,130043,30.5
DLLS,13,K,14,15,J,0110,1,99,GS-15,Q,0110,8,10,F,1,202009,1,170800,55.3
DLLS,55,I,07,07,G,0119,3,99,GS-07,E,XXXX,8,10,P,2,202009,1,054140,20.8
DLLS,51,H,13,13,H,0110,1,99,GS-13,K,0110,8,10,F,1,202009,1,113064,29.5
DLLS,11,I,17,12,I,0110,1,99,GS-12,K,0110,8,10,F,1,202009,1,112240,33.7
DLLS,11,I,21,14,H,0110,1,99,GS-14,O,0110,8,10,F,1,202009,1,157709,28.5
DLLS,42,D,13,12,E,0110,1,99,GS-12,J,0110,8,10,F,1,202009,1,100080,12.0
DLLS,11,F,13,13,G,0110,1,99,GS-13,L,0110,8,10,F,1,202009,1,126620,20.3
DLLS,48,I,17,12,G,0110,1,99,GS-12,J,0110,8,10,F,1,202009,1,107509,23.0
DLLS,17,K,17,07,J,0119,3,99,GS-07,F,XXXX,8,10,P,2,202009,1,062351,35.0
DLLS,17,I,13,07,G,0119,3,99,GS-07,F,XXXX,8,10,P,2,202009,1,062351,23.8
DLLS,26,F,13,13,G,0110,1,99,GS-13,L,0110,8,10,F,1,202009,1,120214,20.2
DLLS,11,I,17,12,G,0110,1,99,GS-12,K,0110,8,10,F,1,202009,1,112240,22.6
DLLS,11,H,17,13,H,0110,1,99,GS-13,L,0110,8,10,F,1,202009,1,126620,27.2
DLLS,06,F,13,13,F,0110,1,99,GS-13,M,0110,2,10,F,1,202009,1,137256,19.0
DLLS,36,H,13,13,H,0110,1,99,GS-13,L,0110,2,10,F,1,202009,1,126503,29.0
DLLS,13,E,13,12,E,0110,1,99,GS-12,I,0110,8,10,F,1,202009,1,096999,13.8
DLLS,11,F,13,13,F,0110,1,99,GS-13,L,0110,8,10,F,1,202009,1,123198,19.3
DLLS,17,F,13,13,G,0110,1,99,GS-13,L,0110,2,10,F,1,202009,1,124786,21.9
DLLS,11,G,13,14,F,0110,1,99,GS-14,N,0110,2,10,F,1,202009,1,141534,17.8
DLLS,06,J,13,12,J,0110,1,99,GS-12,L,0110,8,10,F,1,202009,1,121668,40.8
DLLS,06,J,14,12,J,0110,1,99,GS-12,L,0110,8,10,F,1,202009,1,121668,39.8
DLLS,11,H,17,14,H,0110,1,99,GS-14,N,0110,2,10,F,1,202009,1,145578,26.3
DLLS,06,E,13,12,E,0110,1,99,GS-12,J,0110,8,10,F,1,202009,1,109187,14.0
DLLS,55,I,13,12,J,0110,1,99,GS-12,J,0110,8,10,F,1,202009,1,104051,36.9
DLLS,53,K,17,07,F,0119,3,99,GS-07,E,XXXX,8,10,P,2,202009,1,053339,18.8
DLLS,11,I,13,12,H,0110,1,99,GS-12,K,0110,8,10,F,1,202009,1,112240,29.2
DLLS,48,I,13,12,J,0110,1,99,GS-12,J,0110,8,10,F,1,202009,1,107509,36.1
DLLS,25,K,13,07,G,0119,3,99,GS-07,F,XXXX,8,10,P,2,202009,1,060998,21.5
DLLS,11,H,13,13,H,0110,1,99,GS-13,L,0110,8,10,F,1,202009,1,126620,29.3
DLLS,11,I,13,14,H,0110,1,99,GS-14,N,0110,2,10,F,1,202009,1,149621,29.3
DLLS,11,J,17,13,J,0110,1,99,GS-13,M,0110,8,10,F,1,202009,1,133465,37.8
DLLS,06,H,17,14,H,0110,1,99,GS-14,P,0110,2,10,F,1,202009,1,162189,26.4
DLLS,11,G,13,13,G,0110,1,99,GS-13,L,0110,8,10,F,1,202009,1,126620,20.4
DLLS,01,E,13,13,E,0110,1,99,GS-13,K,0110,8,10,F,1,202009,1,113161,13.0
DLLS,11,E,04,12,E,0110,1,99,GS-12,J,0110,8,10,F,1,202009,1,103605,14.2
DLLS,11,G,17,15,F,0110,1,99,GS-15,O,0110,2,10,F,1,202009,1,156973,16.4
DLLS,11,I,14,13,G,0110,1,99,GS-13,L,0110,8,10,F,1,202009,1,126620,20.0
DLLS,11,H,17,13,G,0110,1,99,GS-13,L,0110,8,10,F,1,202009,1,126620,22.2
DLLS,11,I,21,15,H,0110,1,99,GS-15,Q,0110,8,10,F,1,202009,1,170800,28.0
DLLS,11,F,17,13,G,0110,1,99,GS-13,K,0110,2,10,F,1,202009,1,116353,20.1
DLLS,11,E,13,13,E,0110,1,99,GS-13,L,0110,8,10,F,1,202009,1,123198,14.7
DLLS,12,H,17,12,G,0110,1,99,GS-12,I,0110,8,10,F,1,202009,1,099741,23.0
DLLS,11,G,17,14,G,0110,1,99,GS-14,N,0110,2,10,F,1,202009,1,145578,21.5
DLLS,11,H,13,14,F,0110,1,99,GS-14,M,0110,2,10,F,1,202009,1,133447,19.8
DLLS,48,F,13,12,F,0110,1,99,GS-12,I,0110,8,10,F,1,202009,1,091155,18.2
DLLS,25,E,13,12,E,0110,1,99,GS-12,I,0110,8,10,F,1,202009,1,099669,14.1
DLLS,11,J,17,15,H,0110,1,99,GS-15,Q,0110,2,10,F,1,202009,1,170800,25.3
DLLS,17,F,17,12,E,0110,1,99,GS-12,K,0110,8,10,F,1,202009,1,110614,13.7
DLLS,11,I,04,12,I,0110,1,99,GS-12,K,0110,8,10,F,1,202009,1,112240,33.7
DLLS,11,J,17,14,J,0110,1,99,GS-14,O,0110,2,10,F,1,202009,1,153665,38.1
DLLS,27,F,13,12,F,0110,1,99,GS-12,J,0110,8,10,F,1,202009,1,101734,19.2
DLLS,11,G,13,12,H,0110,1,99,GS-12,K,0110,8,10,F,1,202009,1,112240,27.6
DLLS,11,E,13,13,F,0110,1,99,GS-13,L,0110,8,10,P,2,202009,1,123198,18.2
DLLS,11,F,13,12,F,0110,1,99,GS-12,J,0110,8,10,F,1,202009,1,106483,17.3
DLLS,11,I,13,13,H,0110,1,99,GS-13,L,0110,8,10,F,1,202009,1,123198,29.7
DLLS,13,H,17,13,G,0110,1,99,GS-13,L,0110,2,10,F,1,202009,1,124955,22.3
DLLS,11,I,13,14,J,0110,1,99,GS-14,O,0110,2,10,F,1,202009,1,157709,36.1
DLLS,11,J,08,07,J,0119,3,99,GS-07,F,XXXX,8,10,F,1,202009,1,063267,42.0
DLLS,11,H,17,15,G,0110,1,99,GS-15,Q,0110,2,10,F,1,202009,1,170800,23.4
DLLS,48,J,13,13,I,0110,1,99,GS-13,K,0110,2,10,F,1,202009,1,118005,30.3
DLLS,27,I,13,05,D,0119,3,99,GS-05,D,XXXX,8,10,P,2,202009,1,048803,09.5
DLLS,11,J,18,12,J,0110,1,99,GS-12,K,0110,8,10,F,1,202009,1,112240,35.8
DLLS,17,J,13,14,J,0110,1,99,GS-14,N,0110,2,10,F,1,202009,1,143469,40.0
DLLS,11,G,21,14,F,0110,1,99,GS-14,O,0110,8,10,F,1,202009,1,153665,18.0
DLLS,11,H,13,12,H,0110,1,99,GS-12,K,0110,8,10,F,1,202009,1,112240,25.5
DLLS,17,H,13,12,I,0110,1,99,GS-12,K,0110,8,10,F,1,202009,1,110614,31.6
DLLS,39,F,13,12,G,0110,1,99,GS-12,J,0110,8,10,F,1,202009,1,101265,20.2
DLLS,17,G,17,12,F,0110,1,99,GS-12,J,0110,8,10,F,1,202009,1,104941,18.6
DLLS,11,H,13,15,H,0110,1,99,GS-15,Q,0110,2,10,F,1,202009,1,170800,29.1
DLLS,11,E,13,15,F,0110,1,99,GS-15,O,0110,2,10,F,1,202009,1,156973,16.2
DLLS,42,I,13,12,I,0110,1,99,GS-12,J,0110,8,10,F,1,202009,1,108421,31.3
DLLS,40,F,13,14,F,0110,1,99,GS-14,L,0110,8,10,F,1,202009,1,125773,16.2
DLLS,12,H,13,12,G,0110,1,99,GS-12,I,0110,8,10,F,1,202009,1,099741,20.2
DLLS,11,G,13,12,G,0110,1,99,GS-12,J,0110,8,10,F,1,202009,1,109362,20.3
DLLS,11,G,21,,F,0110,1,SL,SL-00,R,0110,5,10,F,1,202009,1,181500,19.3
DLLS,36,I,13,07,E,0119,3,99,GS-07,E,XXXX,8,10,P,2,202009,1,059968,13.7
DLLS,29,H,17,06,I,0119,3,99,GS-06,D,XXXX,8,10,P,2,202009,1,048707,30.3
DLLS,11,F,17,13,F,0110,1,99,GS-13,M,0110,8,10,F,1,202009,1,133465,18.8
DLLS,47,E,17,13,F,0110,1,99,GS-13,K,0110,8,10,F,1,202009,1,112520,15.3
DLLS,11,F,17,14,G,0110,1,99,GS-14,N,0110,2,10,F,1,202009,1,145578,22.3
DLLS,11,E,13,12,E,0110,1,99,GS-12,J,0110,8,10,F,1,202009,1,103605,13.8
DLLS,25,E,13,14,F,0110,1,99,GS-14,L,0110,2,10,F,1,202009,1,128045,15.1
DLLS,11,G,21,14,F,0110,1,99,GS-14,O,0110,8,10,F,1,202009,1,157709,18.1
DLLS,11,I,22,,G,0110,1,ES,ES-**,R,0110,2,50,F,1,202009,1,186181,24.3
DLLS,13,J,14,12,J,0110,1,99,GS-12,J,0110,8,10,F,1,202009,1,105083,37.1
DLLS,29,H,13,12,G,0110,1,99,GS-12,J,0110,8,10,F,1,202009,1,100756,22.1
DLLS,11,I,13,12,I,0110,1,99,GS-12,J,0110,8,10,F,1,202009,1,106483,31.5
DLLS,11,J,04,12,J,0110,1,99,GS-12,I,0110,8,10,F,1,202009,1,094970,39.2
DLLS,11,F,13,,G,0110,1,ES,ES-**,S,0110,2,50,F,1,202009,1,196338,21.2
DLLS,13,E,04,12,E,0110,1,99,GS-12,I,0110,8,10,F,1,202009,1,094304,13.0
DLLS,17,K,14,12,G,0110,1,99,GS-12,J,0110,8,10,F,1,202009,1,107778,21.3
DLLS,11,H,17,15,H,0110,1,99,GS-15,Q,0110,2,10,F,1,202009,1,170800,27.2
DLLS,11,E,13,13,F,0110,1,99,GS-13,K,0110,8,10,F,1,202009,1,119775,15.1
DLLS,06,J,17,07,E,0119,3,99,GS-07,E,XXXX,8,10,P,2,202009,1,059265,13.9
DLLS,11,J,13,15,J,0110,1,99,GS-15,Q,0110,2,10,F,1,202009,1,170800,36.3
DLLS,36,K,13,07,F,0119,3,99,GS-07,F,XXXX,8,10,P,2,202009,1,064964,19.2
DLLS,36,H,13,13,I,0110,1,99,GS-13,M,0110,2,10,F,1,202009,1,130017,33.2
DLLS,26,F,17,07,E,0119,3,99,GS-07,E,XXXX,8,10,P,2,202009,1,055405,12.2
DLLS,11,I,17,12,H,0110,1,99,GS-12,K,0110,8,10,F,1,202009,1,112240,28.3
DLLS,06,I,13,12,F,0110,1,99,GS-12,K,0110,8,10,F,1,202009,1,112308,17.7
DLLS,06,H,17,12,G,0110,1,99,GS-12,L,0110,8,10,F,1,202009,1,121668,23.0
DLLS,11,E,13,13,E,0110,1,99,GS-13,K,0110,8,10,F,1,202009,1,119775,14.3
DLLS,11,F,17,14,E,0110,1,99,GS-14,M,0110,2,10,F,1,202009,1,133447,13.7
DLLS,11,J,13,13,I,0110,1,99,GS-13,M,0110,2,10,F,1,202009,1,133465,32.3
DLLS,11,H,14,13,I,0110,1,99,GS-13,L,0110,8,10,F,1,202009,1,123198,31.2
DLLS,13,H,13,12,G,0110,1,99,GS-12,J,0110,8,10,F,1,202009,1,102388,24.4
DLLS,13,G,13,12,F,0110,1,99,GS-12,J,0110,8,10,F,1,202009,1,102388,19.2
DLLS,11,K,17,12,I,0110,1,99,GS-12,K,0110,8,10,F,1,202009,1,112240,30.9
DLLS,25,K,17,07,F,0119,3,99,GS-07,E,XXXX,8,10,P,2,202009,1,056184,16.4
DLLS,26,H,04,07,G,0119,3,99,GS-07,E,XXXX,8,10,P,2,202009,1,056987,22.3
DLLS,17,H,17,07,G,0119,3,99,GS-07,F,XXXX,8,10,P,2,202009,1,062351,21.5
DLLS,17,H,17,13,H,0110,1,99,GS-13,L,0110,2,10,F,1,202009,1,121413,29.5
DLLS,11,I,17,13,I,0110,1,99,GS-13,M,0110,8,10,F,1,202009,1,133465,33.8
DLLS,13,I,13,13,I,0110,1,99,GS-13,L,0110,2,10,F,1,202009,1,121751,30.0
DLLS,41,H,13,13,F,0110,1,99,GS-13,K,0110,2,10,F,1,202009,1,113588,19.3
DLLS,11,F,13,13,F,0110,1,99,GS-13,K,0110,8,10,F,1,202009,1,116353,17.1
DLLS,11,F,13,12,F,0110,1,99,GS-12,J,0110,8,10,F,1,202009,1,109362,17.7
DLLS,48,J,13,07,F,0119,3,99,GS-07,E,XXXX,8,10,P,2,202009,1,050457,17.4
DLLS,42,J,13,14,J,0110,1,99,GS-14,O,0110,2,10,F,1,202009,1,152342,41.9
DLLS,48,H,17,12,F,0110,1,99,GS-12,J,0110,8,10,F,1,202009,1,101995,16.0
DLLS,11,J,17,13,I,0110,1,99,GS-13,M,0110,8,10,F,1,202009,1,133465,33.4
DLLS,11,J,13,14,J,0110,1,99,GS-14,O,0110,2,10,F,1,202009,1,157709,37.3
DLLS,13,H,13,12,H,0110,1,99,GS-12,J,0110,8,10,F,1,202009,1,105083,29.3
DLLS,11,G,17,13,G,0110,1,99,GS-13,M,0110,2,10,F,1,202009,1,133465,21.1
DLLS,11,F,13,13,G,0110,1,99,GS-13,L,0110,8,10,F,1,202009,1,126620,20.8
DLLS,17,G,13,13,G,0110,1,99,GS-13,L,0110,2,10,F,1,202009,1,124786,23.1
DLLS,36,I,13,12,I,0110,1,99,GS-12,K,0110,8,10,F,1,202009,1,115251,31.1
DLLS,11,D,09,13,E,0110,1,99,GS-13,K,0110,8,10,F,1,202009,1,116353,14.2
DLLS,40,K,07,07,H,0119,3,99,GS-07,E,XXXX,8,10,P,2,202009,1,051898,25.8
DLLS,11,G,13,12,G,0110,1,99,GS-12,J,0110,8,10,F,1,202009,1,109362,21.8
DLLS,42,J,13,12,I,0110,1,99,GS-12,J,0110,8,10,F,1,202009,1,108421,33.9
DLLS,11,G,21,14,G,0110,1,99,GS-14,O,0110,8,10,P,2,202009,1,157709,22.1
DLLS,11,F,13,13,F,0110,1,99,GS-13,L,0110,8,10,F,1,202009,1,126620,19.3
DLLS,45,H,13,12,H,0110,1,99,GS-12,I,0110,8,10,F,1,202009,1,099741,29.4
DLLS,11,G,13,13,H,0110,1,99,GS-13,M,0110,8,10,F,1,202009,1,133465,27.7
DLLS,11,H,17,14,H,0110,1,99,GS-14,O,0110,2,10,F,1,202009,1,153665,26.0
DLLS,11,J,04,12,I,0110,1,99,GS-12,K,0110,8,10,F,1,202009,1,112240,32.0
DLLS,11,K,04,07,J,0119,3,99,GS-07,F,XXXX,8,10,F,1,202009,1,063267,41.8
DLLS,11,J,17,12,F,0110,1,99,GS-12,J,0110,8,10,F,1,202009,1,106483,17.6
DLLS,13,I,14,13,H,0110,1,99,GS-13,L,0110,2,10,F,1,202009,1,121751,27.9
DLLS,11,H,13,13,G,0110,1,99,GS-13,L,0110,8,10,F,1,202009,1,126620,23.5
DLLS,06,J,17,13,G,0110,1,99,GS-13,L,0110,2,10,F,1,202009,1,121547,22.4
DLLS,11,E,13,12,E,0110,1,99,GS-12,J,0110,8,10,F,1,202009,1,103605,14.2
DLLS,11,F,13,14,F,0110,1,99,GS-14,N,0110,2,10,F,1,202009,1,145578,19.1
DLLS,09,I,04,07,E,0119,3,99,GS-07,E,XXXX,8,10,P,2,202009,1,057958,14.7
DLLS,39,J,17,12,H,0110,1,99,GS-12,J,0110,8,10,F,1,202009,1,102520,25.6
DLLS,13,G,13,12,G,0110,1,99,GS-12,J,0110,8,10,F,1,202009,1,105083,20.0
DLLS,11,F,21,14,E,0110,1,99,GS-14,N,0110,8,10,F,1,202009,1,141534,14.3
DLLS,11,H,13,14,H,0110,1,99,GS-14,O,0110,8,10,F,1,202009,1,157709,28.5
DLLS,11,H,13,,I,0110,1,ES,ES-**,S,0110,2,50,F,1,202009,1,196338,30.3
DLLS,12,I,17,12,G,0110,1,99,GS-12,I,0110,8,10,F,1,202009,1,099741,22.3
DLLS,17,G,13,13,G,0110,1,99,GS-13,K,0110,2,10,F,1,202009,1,118040,21.9
DLLS,48,I,17,13,I,0110,1,99,GS-13,L,0110,2,10,F,1,202009,1,127840,32.3
DLLS,11,K,21,,J,0110,1,SL,SL-00,Q,0110,5,10,F,1,202009,1,176490,37.4
DLLS,11,E,11,14,E,0110,1,99,GS-14,L,0110,2,10,F,1,202009,1,129404,14.3
DLLS,11,I,13,15,I,0110,1,99,GS-15,P,0110,2,10,F,1,202009,1,166487,30.8
DLLS,11,E,13,12,E,0110,1,99,GS-12,J,0110,8,10,F,1,202009,1,103605,13.1
DLLS,11,F,13,13,G,0110,1,99,GS-13,M,0110,8,10,F,1,202009,1,130043,23.2
DLLS,11,F,13,13,G,0110,1,99,GS-13,M,0110,8,10,F,1,202009,1,130043,20.3
DLLS,36,K,04,07,F,0119,3,99,GS-07,F,XXXX,8,10,P,2,202009,1,061633,15.5
DLLS,11,E,13,13,F,0110,1,99,GS-13,L,0110,8,10,F,1,202009,1,123198,16.8
DLLS,11,J,13,13,H,0110,1,99,GS-13,L,0110,8,10,F,1,202009,1,126620,26.8
DLLS,11,J,17,12,H,0110,1,99,GS-12,K,0110,8,10,F,1,202009,1,112240,29.8
DLLS,25,I,13,12,I,0110,1,99,GS-12,K,0110,8,10,F,1,202009,1,111062,34.7
DLLS,11,H,19,15,F,0110,1,99,GS-15,Q,0110,5,10,F,1,202009,1,170800,15.3
DLLS,11,E,13,13,E,0110,1,99,GS-13,K,0110,8,10,F,1,202009,1,119775,13.6
DLLS,11,I,17,,G,0110,1,ES,ES-**,S,0110,2,50,F,1,202009,1,191496,23.8
DLLS,48,J,13,12,J,0110,1,99,GS-12,J,0110,8,10,F,1,202009,1,107509,39.0
DLLS,11,F,13,15,G,0110,1,99,GS-15,P,0110,2,10,F,1,202009,1,166487,22.0
DLLS,11,E,13,13,F,0110,1,99,GS-13,L,0110,8,10,F,1,202009,1,123198,16.3
DLLS,11,G,17,12,F,0110,1,99,GS-12,J,0110,8,10,F,1,202009,1,106483,16.1
DLLS,11,H,04,07,H,0119,3,99,GS-07,F,XXXX,8,10,F,1,202009,1,063267,29.3
DLLS,11,J,17,15,J,0110,1,99,GS-15,Q,0110,2,10,F,1,202009,1,170800,37.8
DLLS,11,I,13,15,J,0110,1,99,GS-15,Q,0110,2,10,F,1,202009,1,170800,37.8
DLLS,11,H,13,12,H,0110,1,99,GS-12,K,0110,8,10,F,1,202009,1,112240,27.2
DLLS,42,F,13,12,F,0110,1,99,GS-12,J,0110,8,10,F,1,202009,1,100075,17.3
DLLS,11,I,17,13,I,0110,1,99,GS-13,M,0110,8,10,F,1,202009,1,133465,30.0
DLLS,13,H,04,12,I,0110,1,99,GS-12,J,0110,8,10,F,1,202009,1,102388,34.6
DLLS,42,G,13,12,G,0110,1,99,GS-12,J,0110,8,10,F,1,202009,1,108421,22.4
DLLS,36,I,04,07,E,0119,3,99,GS-07,E,XXXX,8,10,P,2,202009,1,059968,12.7
DLLS,06,I,13,13,I,0110,1,99,GS-13,N,0110,4,10,F,1,202009,1,144676,33.7
DLLS,48,I,13,12,H,0110,1,99,GS-12,J,0110,8,10,F,1,202009,1,107509,29.3
DLLS,17,G,17,12,F,0110,1,99,GS-12,K,0110,8,10,F,1,202009,1,110614,15.1
DLLS,11,I,13,14,I,0110,1,99,GS-14,O,0110,2,10,F,1,202009,1,157709,34.1
DLLS,34,J,13,12,J,0110,1,99,GS-12,K,0110,8,10,F,1,202009,1,115251,36.4
DLLS,11,F,13,14,G,0110,1,99,GS-14,M,0110,2,10,F,1,202009,1,137491,20.8
DLLS,42,H,13,12,H,0110,1,99,GS-12,J,0110,8,10,F,1,202009,1,108421,28.2
DLLS,11,J,13,12,I,0110,1,99,GS-12,K,0110,8,10,F,1,202009,1,112240,32.4
DLLS,29,G,17,13,G,0110,1,99,GS-13,J,0110,8,10,F,1,202009,1,107521,23.1
DLLS,08,H,13,07,G,0119,3,99,GS-07,F,XXXX,8,10,P,2,202009,1,060063,20.8
DLLS,11,F,13,12,G,0110,1,99,GS-12,K,0110,8,10,F,1,202009,1,112240,21.3
DLLS,11,E,13,13,F,0110,1,99,GS-13,L,0110,8,10,F,1,202009,1,123198,15.6
DLLS,48,H,13,13,G,0110,1,99,GS-13,K,0110,2,10,F,1,202009,1,118005,24.2
DLLS,11,H,13,13,H,0110,1,99,GS-13,M,0110,8,10,F,1,202009,1,130043,27.6
DLLS,39,K,13,07,F,0119,3,99,GS-07,E,XXXX,8,10,P,2,202009,1,055212,18.3
DLLS,11,I,13,13,I,0110,1,99,GS-13,M,0110,8,10,F,1,202009,1,133465,34.1
DLLS,11,H,13,14,H,0110,1,99,GS-14,O,0110,2,10,F,1,202009,1,153665,28.5
DLLS,11,I,04,07,I,0119,3,99,GS-07,F,XXXX,8,10,F,1,202009,1,063267,33.4
DLLS,39,G,13,13,G,0110,1,99,GS-13,K,0110,8,10,F,1,202009,1,114077,23.3
DLLS,17,H,17,13,H,0110,1,99,GS-13,K,0110,2,10,F,1,202009,1,118040,28.3
DLLS,11,I,17,13,I,0110,1,99,GS-13,M,0110,8,10,F,1,202009,1,133465,34.0
DLLS,11,H,17,15,H,0110,1,99,GS-15,Q,0110,2,10,F,1,202009,1,170800,29.6
DLLS,49,K,07,07,I,0119,3,99,GS-07,E,XXXX,8,10,P,2,202009,1,056222,32.7
DLLS,11,F,13,14,G,0110,1,99,GS-14,N,0110,8,10,F,1,202009,1,149621,20.2
DLLS,11,F,13,13,F,0110,1,99,GS-13,L,0110,8,10,F,1,202009,1,123198,19.2
DLLS,51,H,13,12,H,0110,1,99,GS-12,J,0110,8,10,F,1,202009,1,103182,27.9
DLLS,11,J,17,13,I,0110,1,99,GS-13,K,0110,8,10,F,1,202009,1,119775,34.8
DLLS,11,F,01,12,E,0110,1,99,GS-12,J,0110,8,10,F,1,202009,1,103605,14.1
DLLS,17,F,13,12,F,0110,1,99,GS-12,J,0110,8,10,F,1,202009,1,107778,17.8
DLLS,39,H,13,13,I,0110,1,99,GS-13,L,0110,2,10,F,1,202009,1,123584,30.2
DLLS,11,J,17,12,I,0110,1,99,GS-12,K,0110,8,10,F,1,202009,1,112240,32.0
DLLS,11,G,21,14,F,0110,1,99,GS-14,N,0110,8,10,F,1,202009,1,145578,19.7
DLLS,48,F,13,12,G,0110,1,99,GS-12,J,0110,8,10,F,1,202009,1,104752,21.5
DLLS,11,H,13,13,F,0110,1,99,GS-13,L,0110,8,10,F,1,202009,1,123198,16.0
DLLS,11,H,13,13,I,0110,1,99,GS-13,M,0110,8,10,F,1,202009,1,133465,32.0
DLLS,13,F,17,13,F,0110,1,99,GS-13,K,0110,8,10,F,1,202009,1,112138,19.8
DLLS,36,G,13,12,G,0110,1,99,GS-12,K,0110,8,10,F,1,202009,1,115251,20.0
DLLS,17,I,13,13,I,0110,1,99,GS-13,M,0110,2,10,F,1,202009,1,131532,33.2
DLLS,06,I,17,12,H,0110,1,99,GS-12,K,0110,8,10,F,1,202009,1,113900,29.3
DLLS,11,H,13,12,G,0110,1,99,GS-12,J,0110,8,10,F,1,202009,1,109362,24.0
DLLS,51,I,13,07,F,0119,3,99,GS-07,E,XXXX,8,10,P,2,202009,1,052197,16.9
DLLS,36,I,13,12,I,0110,1,99,GS-12,K,0110,8,10,F,1,202009,1,115251,33.5
DLLS,11,I,13,14,H,0110,1,99,GS-14,O,0110,7,10,F,1,202009,1,157709,29.6
DLLS,36,H,13,13,I,0110,1,99,GS-13,J,0110,2,10,F,1,202009,1,105417,30.0
DLLS,11,H,13,13,I,0110,1,99,GS-13,M,0110,8,10,F,1,202009,1,130043,30.2
DLLS,11,I,15,14,I,0110,1,99,GS-14,O,0110,2,10,F,1,202009,1,153665,30.1
DLLS,12,G,13,12,G,0110,1,99,GS-12,I,0110,8,10,F,1,202009,1,094626,24.2
DLLS,29,H,13,12,H,0110,1,99,GS-12,J,0110,8,10,F,1,202009,1,100756,25.3
DLLS,24,G,13,13,F,0110,1,99,GS-13,L,0110,2,10,F,1,202009,1,126620,18.3
DLLS,11,I,13,12,I,0110,1,99,GS-12,K,0110,8,10,F,1,202009,1,112240,32.7
DLLS,08,H,04,06,E,0119,3,99,GS-06,E,XXXX,8,10,P,2,202009,1,055477,12.6
DLLS,53,H,13,12,H,0110,1,99,GS-12,J,0110,8,10,F,1,202009,1,109264,29.4
DLLS,34,I,17,12,I,0110,1,99,GS-12,K,0110,8,10,F,1,202009,1,115251,32.2
DLLS,06,G,13,12,G,0110,1,99,GS-12,K,0110,8,10,F,1,202009,1,118548,22.1
DLLS,06,F,13,13,F,0110,1,99,GS-13,L,0110,8,10,F,1,202009,1,122416,18.8
DLLS,13,I,13,12,H,0110,1,99,GS-12,J,0110,8,10,F,1,202009,1,102388,26.3
DLLS,36,K,13,07,E,0119,3,99,GS-07,E,XXXX,8,10,P,2,202009,1,059968,14.8
DLLS,42,J,13,14,J,0110,1,99,GS-14,O,0110,2,10,F,1,202009,1,152342,41.2
DLLS,48,J,13,07,F,0119,3,99,GS-07,E,XXXX,8,10,P,2,202009,1,053339,16.1
DLLS,11,H,04,08,I,0119,3,99,GS-08,G,XXXX,8,10,F,1,202009,1,070072,32.1
DLLS,11,H,13,,I,0110,1,ES,ES-**,Q,0110,2,50,F,1,202009,1,176490,31.3
DLLS,36,J,14,12,H,0110,1,99,GS-12,K,0110,8,10,F,1,202009,1,115251,25.6
DLLS,11,G,17,13,G,0110,1,99,GS-13,L,0110,8,10,F,1,202009,1,123198,23.3
DLLS,11,E,13,12,F,0110,1,99,GS-12,J,0110,8,10,F,1,202009,1,106483,15.7
DLLS,06,H,13,12,G,0110,1,99,GS-12,L,0110,8,10,F,1,202009,1,121668,22.5
DLLS,42,I,13,07,E,0119,3,99,GS-07,E,XXXX,8,10,P,2,202009,1,053442,12.8
DLLS,48,H,07,07,I,0119,3,99,GS-07,F,XXXX,8,10,F,1,202009,1,060600,31.2
DLLS,48,J,13,12,G,0110,1,99,GS-12,J,0110,8,10,F,1,202009,1,107509,23.1
DLLS,11,F,13,13,G,0110,1,99,GS-13,M,0110,8,10,F,1,202009,1,130043,21.3
DLLS,11,H,21,14,G,0110,1,99,GS-14,O,0110,8,10,F,1,202009,1,157709,20.1
DLLS,12,F,13,07,E,0119,3,99,GS-07,D,XXXX,8,10,P,2,202009,1,047574,11.2
DLLS,11,G,13,12,F,0110,1,99,GS-12,J,0110,8,10,F,1,202009,1,109362,18.7
DLLS,11,H,17,13,I,0110,1,99,GS-13,M,0110,8,10,F,1,202009,1,130043,30.4
DLLS,11,K,18,14,J,0110,1,99,GS-14,O,0110,8,10,F,1,202009,1,157709,37.5
DLLS,42,H,13,12,J,0110,1,99,GS-12,J,0110,8,10,F,1,202009,1,108421,35.8
DLLS,11,F,17,13,F,0110,1,99,GS-13,L,0110,8,10,F,1,202009,1,126620,17.3
DLLS,11,I,14,12,F,0110,1,99,GS-12,J,0110,8,10,F,1,202009,1,109362,19.7
DLLS,17,I,13,12,J,0110,1,99,GS-12,K,0110,8,10,F,1,202009,1,110614,35.9
DLLS,48,H,13,12,G,0110,1,99,GS-12,J,0110,8,10,F,1,202009,1,107509,21.4
DLLS,11,H,15,12,G,0110,1,99,GS-12,K,0110,8,10,F,1,202009,1,112240,23.3
DLLS,11,G,13,14,G,0110,1,99,GS-14,N,0110,2,10,F,1,202009,1,141534,21.8
DLLS,11,F,13,15,F,0110,1,99,GS-15,O,0110,2,10,F,1,202009,1,152215,16.4
DLLS,11,K,13,12,J,0110,1,99,GS-12,K,0110,8,10,F,1,202009,1,112240,44.2
DLLS,13,H,13,14,G,0110,1,99,GS-14,M,0110,2,10,F,1,202009,1,136295,24.9
DLLS,11,G,13,12,G,0110,1,99,GS-12,K,0110,8,10,F,1,202009,1,112240,23.1
DLLS,13,J,13,14,J,0110,1,99,GS-14,N,0110,2,10,F,1,202009,1,147652,40.3
DLLS,13,G,17,12,G,0110,1,99,GS-12,J,0110,8,10,F,1,202009,1,105083,23.3
DLLS,17,F,13,13,E,0110,1,99,GS-13,K,0110,2,10,F,1,202009,1,114668,14.3
DLLS,06,E,13,07,E,0119,3,99,GS-07,E,XXXX,8,10,P,2,202009,1,057620,12.2
DLLS,11,E,13,14,F,0110,1,99,GS-14,N,0110,8,10,F,1,202009,1,145578,16.0
DLLS,53,E,13,13,F,0110,1,99,GS-13,K,0110,2,10,F,1,202009,1,116599,15.0
DLLS,11,H,13,12,I,0110,1,99,GS-12,K,0110,8,10,F,1,202009,1,112240,30.8
DLLS,11,I,17,15,I,0110,1,99,GS-15,Q,0110,2,10,F,1,202009,1,170800,31.3
DLLS,17,G,13,12,E,0110,1,99,GS-12,J,0110,8,10,F,1,202009,1,102104,14.9
DLLS,06,I,13,12,J,0110,1,99,GS-12,L,0110,8,10,F,1,202009,1,121668,35.1
DLLS,13,I,14,13,I,0110,1,99,GS-13,L,0110,2,10,F,1,202009,1,124955,34.0
DLLS,25,E,13,13,E,0110,1,99,GS-13,L,0110,2,10,F,1,202009,1,121904,14.2
DLLS,11,H,17,14,I,0110,1,99,GS-14,O,0110,2,10,F,1,202009,1,157709,30.3
DLLS,11,I,17,14,I,0110,1,99,GS-14,O,0110,8,10,F,1,202009,1,157709,30.8
DLLS,11,E,13,14,E,0110,1,99,GS-14,M,0110,2,10,F,1,202009,1,133447,13.7
DLLS,11,H,17,13,G,0110,1,99,GS-13,L,0110,8,10,F,1,202009,1,123198,20.2
DLLS,42,J,09,12,E,0110,1,99,GS-12,H,0110,8,10,F,1,202009,1,086177,12.8
DLLS,11,E,13,13,E,0110,1,99,GS-13,K,0110,8,10,F,1,202009,1,119775,14.3
DLLS,51,G,13,12,G,0110,1,99,GS-12,J,0110,8,10,F,1,202009,1,103182,23.3
DLLS,36,I,04,07,G,0119,3,99,GS-07,E,XXXX,8,10,P,2,202009,1,053800,22.0
DLLS,11,H,13,15,H,0110,1,99,GS-15,Q,0110,2,10,F,1,202009,1,170800,29.3
DLLS,27,J,15,12,I,0110,1,99,GS-12,J,0110,8,10,F,1,202009,1,107234,34.9
DLLS,48,H,13,13,H,0110,1,99,GS-13,L,0110,2,10,F,1,202009,1,124561,29.4
DLLS,29,I,13,12,H,0110,1,99,GS-12,J,0110,8,10,F,1,202009,1,100756,29.1
DLLS,06,H,17,07,E,0119,3,99,GS-07,F,XXXX,8,10,P,2,202009,1,063307,13.8
DLLS,11,H,17,14,H,0110,1,99,GS-14,O,0110,2,10,F,1,202009,1,153665,29.2
DLLS,11,G,13,13,F,0110,1,99,GS-13,L,0110,8,10,F,1,202009,1,123198,19.3
DLLS,11,H,13,14,I,0110,1,99,GS-14,O,0110,8,10,F,1,202009,1,157709,31.1
DLLS,06,E,17,13,E,0110,1,99,GS-13,K,0110,2,10,F,1,202009,1,118074,12.8
DLLS,48,J,13,13,J,0110,1,99,GS-13,L,0110,4,10,F,1,202009,1,127840,40.1
DLLS,55,E,13,12,E,0110,1,99,GS-12,I,0110,8,10,F,1,202009,1,096046,12.8
DLLS,11,E,13,12,E,0110,1,99,GS-12,J,0110,8,10,F,1,202009,1,103605,13.3
DLLS,48,G,13,13,G,0110,1,99,GS-13,L,0110,8,10,F,1,202009,1,129376,20.2
DLLS,06,K,13,14,J,0110,1,99,GS-14,Q,0110,2,10,F,1,202009,1,170800,40.8
DLLS,13,I,17,14,H,0110,1,99,GS-14,N,0110,2,10,F,1,202009,1,143867,29.4
DLLS,04,F,13,12,E,0110,1,99,GS-12,I,0110,8,10,F,1,202009,1,098029,14.6
DLLS,11,F,13,13,G,0110,1,99,GS-13,M,0110,2,10,F,1,202009,1,130043,20.3
DLLS,17,I,17,12,H,0110,1,99,GS-12,J,0110,8,10,F,1,202009,1,107778,29.8
DLLS,48,I,13,12,G,0110,1,99,GS-12,J,0110,8,10,F,1,202009,1,104752,23.5
DLLS,11,I,13,12,I,0110,1,99,GS-12,K,0110,8,10,F,1,202009,1,112240,34.2
DLLS,48,H,13,05,F,0119,3,99,GS-05,E,XXXX,8,15,P,2,202009,1,052193,17.3
DLLS,13,E,04,11,B,0110,1,99,GS-11,F,0110,8,15,F,1,202009,1,067437,01.8
DLLS,11,E,13,14,E,0110,1,99,GS-14,M,0110,2,10,F,1,202009,1,133447,14.4
DLLS,11,J,17,13,J,0110,1,99,GS-13,M,0110,8,10,F,1,202009,1,130043,35.1
DLLS,55,G,13,12,G,0110,1,99,GS-12,I,0110,8,10,F,1,202009,1,098714,21.4
DLLS,11,F,13,14,G,0110,1,99,GS-14,N,0110,2,10,F,1,202009,1,141534,20.2
DLLS,11,H,13,15,I,0110,1,99,GS-15,Q,0110,2,10,F,1,202009,1,170800,31.9
DLLS,48,H,13,12,H,0110,1,99,GS-12,J,0110,8,10,F,1,202009,1,107509,25.7
DLLS,34,H,13,12,I,0110,1,99,GS-12,J,0110,8,10,F,1,202009,1,108421,31.0
DLLS,11,I,17,14,H,0110,1,99,GS-14,O,0110,2,10,F,1,202009,1,157709,27.2
DLLS,11,J,04,14,J,0110,1,99,GS-14,O,0110,8,10,F,1,202009,1,157709,40.6
DLLS,42,F,14,13,G,0110,1,99,GS-13,L,0110,2,10,F,1,202009,1,125618,20.2
DLLS,42,H,13,12,H,0110,1,99,GS-12,J,0110,8,10,F,1,202009,1,102709,27.1
DLLS,48,G,13,13,E,0110,1,99,GS-13,J,0110,8,10,F,1,202009,1,108170,13.8
DLLS,11,J,13,13,J,0110,1,99,GS-13,K,0110,8,10,F,1,202009,1,119775,39.3
DLLS,11,K,21,,H,0110,1,SL,SL-00,R,0110,5,10,F,1,202009,1,180615,29.0
DLLS,11,I,17,12,H,0110,1,99,GS-12,K,0110,8,10,F,1,202009,1,112240,26.1
DLLS,42,J,09,07,F,0119,3,99,GS-07,E,XXXX,8,10,P,2,202009,1,056411,19.4
DLLS,11,J,13,14,I,0110,1,99,GS-14,O,0110,2,10,F,1,202009,1,157709,34.1
DLLS,11,I,13,13,I,0110,1,99,GS-13,M,0110,8,10,F,1,202009,1,133465,33.2
DLLS,11,F,13,14,G,0110,1,99,GS-14,N,0110,2,10,F,1,202009,1,141534,20.1
DLLS,12,K,13,07,G,0119,3,99,GS-07,E,XXXX,8,10,P,2,202009,1,059888,21.6
DLLS,11,H,13,14,H,0110,1,99,GS-14,N,0110,2,10,F,1,202009,1,149621,29.3
DLLS,11,G,13,12,G,0110,1,99,GS-12,J,0110,8,10,F,1,202009,1,109362,22.9
DLLS,11,J,13,13,J,0110,1,99,GS-13,M,0110,8,10,F,1,202009,1,133465,37.1
DLLS,11,F,18,13,E,0110,1,99,GS-13,L,0110,8,10,F,1,202009,1,123198,14.3
DLLS,11,K,17,12,E,0110,1,99,GS-12,J,0110,8,10,F,1,202009,1,103605,13.7
DLLS,11,F,17,13,E,0110,1,99,GS-13,K,0110,2,10,F,1,202009,1,119775,14.2
DLLS,42,F,17,12,F,0110,1,99,GS-12,J,0110,8,10,F,1,202009,1,102860,16.3
DLLS,11,J,13,14,I,0110,1,99,GS-14,O,0110,2,10,F,1,202009,1,157709,32.2
DLLS,06,H,13,12,H,0110,1,99,GS-12,K,0110,8,10,F,1,202009,1,113900,29.3
DLLS,11,H,17,13,F,0110,1,99,GS-13,L,0110,8,10,F,1,202009,1,123198,15.6
DLLS,11,H,13,14,I,0110,1,99,GS-14,N,0110,8,10,F,1,202009,1,145578,30.1
DLLS,11,H,12,13,I,0110,1,99,GS-13,M,0110,8,10,F,1,202009,1,133465,31.4
DLLS,37,I,13,13,J,0110,1,99,GS-13,L,0110,8,10,F,1,202009,1,120127,36.2
DLLS,17,I,17,13,I,0110,1,99,GS-13,L,0110,2,10,F,1,202009,1,128159,33.5
DLLS,11,J,13,12,E,0110,1,99,GS-12,J,0110,8,10,F,1,202009,1,103605,14.4
DLLS,13,F,17,13,F,0110,1,99,GS-13,K,0110,8,10,F,1,202009,1,115342,19.1
DLLS,12,I,17,12,G,0110,1,99,GS-12,I,0110,8,10,F,1,202009,1,097183,20.0
DLLS,11,E,13,14,F,0110,1,99,GS-14,L,0110,2,10,F,1,202009,1,129404,15.1
DLLS,25,G,13,12,G,0110,1,99,GS-12,K,0110,8,10,F,1,202009,1,111062,22.6
DLLS,26,J,17,12,I,0110,1,99,GS-12,J,0110,8,10,F,1,202009,1,109522,32.3
DLLS,11,J,21,15,I,0110,1,99,GS-15,Q,0110,2,10,F,1,202009,1,170800,32.9
DLLS,11,I,13,13,I,0110,1,99,GS-13,L,0110,8,10,F,1,202009,1,126620,33.3
DLLS,36,G,13,06,E,0119,3,99,GS-06,E,XXXX,8,10,P,2,202009,1,053968,14.3
DLLS,11,E,13,11,E,0110,1,99,GS-11,G,0110,8,10,F,1,202009,1,072030,12.6
DLLS,42,G,10,07,H,0119,3,99,GS-07,D,XXXX,8,10,P,2,202009,1,048990,26.3
DLLS,42,F,13,13,G,0110,1,99,GS-13,K,0110,8,10,F,1,202009,1,113733,20.1
DLLS,48,F,13,15,G,0110,1,99,GS-15,N,0110,2,10,F,1,202009,1,145799,21.4
DLLS,11,H,13,15,I,0110,1,99,GS-15,Q,0110,2,10,F,1,202009,1,170800,32.3
DLLS,11,F,13,15,G,0110,1,99,GS-15,Q,0110,2,10,F,1,202009,1,170800,20.1
DLLS,13,J,09,07,F,0119,3,99,GS-07,E,XXXX,8,10,P,2,202009,1,056196,18.6
DLLS,11,G,13,13,H,0110,1,99,GS-13,M,0110,8,10,F,1,202009,1,133465,25.4
DLLS,04,J,13,07,E,0119,3,99,GS-07,E,XXXX,8,10,P,2,202009,1,053765,14.3
DLLS,36,I,13,12,J,0110,1,99,GS-12,K,0110,8,10,F,1,202009,1,115251,35.1
DLLS,11,F,13,14,F,0110,1,99,GS-14,M,0110,2,10,F,1,202009,1,137491,19.1
DLLS,11,E,13,13,F,0110,1,99,GS-13,L,0110,8,10,F,1,202009,1,123198,15.8
DLLS,37,F,17,12,E,0110,1,99,GS-12,H,0110,8,10,F,1,202009,1,080297,13.3
DLLS,34,J,17,13,I,0110,1,99,GS-13,M,0110,8,10,F,1,202009,1,130017,33.7
DLLS,06,G,13,14,G,0110,1,99,GS-14,P,0110,2,10,F,1,202009,1,166572,20.1
DLLS,11,F,13,13,F,0110,1,99,GS-13,M,0110,8,10,F,1,202009,1,130043,19.2
DLLS,11,F,13,14,F,0110,1,99,GS-14,N,0110,2,10,F,1,202009,1,141534,18.9
DLLS,06,G,13,13,G,0110,1,99,GS-13,L,0110,2,10,F,1,202009,1,121547,23.3
DLLS,42,I,13,13,I,0110,1,99,GS-13,L,0110,8,10,F,1,202009,1,122132,32.0
DLLS,11,I,17,12,G,0110,1,99,GS-12,K,0110,8,10,F,1,202009,1,112240,23.5
DLLS,13,H,13,13,H,0110,1,99,GS-13,L,0110,2,10,F,1,202009,1,124955,27.9
DLLS,29,J,17,13,J,0110,1,99,GS-13,K,0110,2,10,F,1,202009,1,119810,35.0
DLLS,11,G,13,13,G,0110,1,99,GS-13,L,0110,8,10,F,1,202009,1,123198,22.2
DLLS,26,F,13,12,G,0110,1,99,GS-12,J,0110,8,10,F,1,202009,1,103905,20.2
DLLS,25,G,13,12,G,0110,1,99,GS-12,J,0110,8,10,F,1,202009,1,105365,22.2
DLLS,11,H,21,13,F,0110,1,99,GS-13,M,0110,8,10,F,1,202009,1,133465,18.8
DLLS,11,G,13,15,G,0110,1,99,GS-15,Q,0110,2,10,F,1,202009,1,170800,20.5
DLLS,11,I,17,14,G,0110,1,99,GS-14,N,0110,2,10,F,1,202009,1,149621,22.3
DLLS,25,F,14,12,E,0110,1,99,GS-12,J,0110,8,10,F,1,202009,1,102517,12.7
DLLS,25,H,13,13,H,0110,1,99,GS-13,M,0110,8,10,F,1,202009,1,132064,29.3
DLLS,42,F,13,12,G,0110,1,99,GS-12,J,0110,8,10,F,1,202009,1,100075,20.0
DLLS,11,I,17,14,I,0110,1,99,GS-14,N,0110,2,10,F,1,202009,1,149621,32.9
DLLS,11,J,21,,H,0110,1,SL,SL-00,R,0110,2,10,F,1,202009,1,181048,29.1
DLLS,11,K,21,14,G,0110,1,99,GS-14,O,0110,8,10,F,1,202009,1,153665,20.2
DLLS,25,F,13,13,E,0110,1,99,GS-13,K,0110,2,10,F,1,202009,1,115131,12.8
DLLS,11,F,13,12,F,0110,1,99,GS-12,J,0110,8,10,F,1,202009,1,103605,17.3
DLLS,36,J,21,07,F,0119,3,99,GS-07,F,XXXX,8,10,P,2,202009,1,064964,18.3
DLLS,11,E,13,14,E,0110,1,99,GS-14,N,0110,2,10,F,1,202009,1,141534,14.3
DLLS,11,H,13,12,H,0110,1,99,GS-12,K,0110,8,10,F,1,202009,1,112240,29.3
DLLS,37,G,17,13,F,0110,1,99,GS-13,K,0110,8,10,F,1,202009,1,112520,19.7
DLLS,17,E,13,12,F,0110,1,99,GS-12,K,0110,8,10,F,1,202009,1,110614,18.1
DLLS,01,I,07,07,F,0119,3,99,GS-07,E,XXXX,8,10,P,2,202009,1,053482,16.4
DLLS,11,J,13,15,J,0110,1,99,GS-15,Q,0110,2,10,F,1,202009,1,170800,36.0
DLLS,11,E,17,14,E,0110,1,99,GS-14,M,0110,2,10,F,1,202009,1,133447,14.0
DLLS,11,E,13,13,E,0110,1,99,GS-13,L,0110,8,10,F,1,202009,1,123198,14.3
DLLS,21,F,13,13,F,0110,1,99,GS-13,J,0110,8,10,F,1,202009,1,109479,15.0
DLLS,42,E,17,12,E,0110,1,99,GS-12,I,0110,8,10,F,1,202009,1,097441,14.0
DLLS,11,G,13,14,F,0110,1,99,GS-14,M,0110,2,10,F,1,202009,1,133447,15.2
DLLS,17,F,17,12,F,0110,1,99,GS-12,K,0110,8,10,F,1,202009,1,110614,19.0
DLLS,36,E,13,12,E,0110,1,99,GS-12,J,0110,8,10,F,1,202009,1,106384,14.8
DLLS,11,H,21,,H,0110,1,ES,ES-**,S,0110,2,50,F,1,202009,1,196338,27.1
DLLS,11,G,13,13,G,0110,1,99,GS-13,M,0110,8,10,F,1,202009,1,130043,22.3
DLLS,11,I,13,14,I,0110,1,99,GS-14,O,0110,2,10,F,1,202009,1,157709,34.8
DLLS,42,G,13,13,H,0110,1,99,GS-13,K,0110,2,10,F,1,202009,1,115700,26.6
DLLS,11,G,13,13,F,0110,1,99,GS-13,L,0110,8,10,F,1,202009,1,123198,18.3
DLLS,11,F,14,13,G,0110,1,99,GS-13,L,0110,8,10,F,1,202009,1,123198,22.3
DLLS,13,I,13,12,H,0110,1,99,GS-12,J,0110,8,10,F,1,202009,1,105083,29.4
DLLS,11,G,17,14,G,0110,1,99,GS-14,N,0110,2,10,F,1,202009,1,145578,22.3
DLLS,13,G,09,12,F,0110,1,99,GS-12,J,0110,8,10,F,1,202009,1,102388,19.9
DLLS,48,I,13,07,E,0119,3,99,GS-07,E,XXXX,8,10,P,2,202009,1,059673,12.9
DLLS,48,J,13,14,I,0110,1,99,GS-14,N,0110,2,10,F,1,202009,1,143315,33.5
DLLS,36,H,17,12,E,0110,1,99,GS-12,J,0110,8,10,F,1,202009,1,106384,13.0
DLLS,06,G,17,13,F,0110,1,99,GS-13,M,0110,2,10,F,1,202009,1,137256,18.3
DLLS,25,F,13,13,G,0110,1,99,GS-13,M,0110,8,10,F,1,202009,1,132064,21.3
DLLS,11,E,13,14,E,0110,1,99,GS-14,N,0110,2,10,F,1,202009,1,141534,14.2
DLLS,11,I,17,13,F,0110,1,99,GS-13,M,0110,8,10,F,1,202009,1,130043,19.9
DLLS,27,I,13,13,G,0110,1,99,GS-13,K,0110,2,10,F,1,202009,1,114433,22.6
DLLS,13,E,13,12,E,0110,1,99,GS-12,I,0110,8,10,F,1,202009,1,096999,14.7
DLLS,11,H,21,14,H,0110,1,99,GS-14,O,0110,8,10,F,1,202009,1,157709,25.0
DLLS,06,J,13,12,H,0110,1,99,GS-12,K,0110,8,10,F,1,202009,1,113900,28.2
DLLS,42,E,13,13,E,0110,1,99,GS-13,J,0110,8,10,F,1,202009,1,105782,13.6
DLLS,42,H,13,12,G,0110,1,99,GS-12,J,0110,8,10,F,1,202009,1,108421,23.6
DLLS,04,H,13,13,H,0110,1,99,GS-13,L,0110,8,10,F,1,202009,1,122868,29.4
DLLS,55,J,13,12,G,0110,1,99,GS-12,I,0110,8,10,F,1,202009,1,098714,21.5
DLLS,11,F,13,12,F,0110,1,99,GS-12,J,0110,8,10,F,1,202009,1,106483,16.9
DLLS,29,F,13,12,F,0110,1,99,GS-12,I,0110,8,10,F,1,202009,1,093005,19.3
DLLS,42,J,13,13,J,0110,1,99,GS-13,L,0110,2,10,F,1,202009,1,128924,38.9
DLLS,06,J,17,13,F,0110,1,99,GS-13,L,0110,2,10,F,1,202009,1,121547,19.8
DLLS,11,G,04,12,C,0110,1,99,GS-12,I,0110,8,10,F,1,202009,1,097848,03.2
DLLS,06,H,13,07,F,0119,3,99,GS-07,F,XXXX,8,10,P,2,202009,1,060911,15.5
DLLS,48,J,04,07,G,0119,3,99,GS-07,E,XXXX,8,10,P,2,202009,1,056619,22.4
DLLS,06,J,13,07,E,0119,3,99,GS-07,F,XXXX,8,10,P,2,202009,1,063307,14.3
DLLS,17,J,13,12,E,0110,1,99,GS-12,H,0110,8,10,F,1,202009,1,085084,13.7
DLLS,34,K,04,07,G,0119,3,99,GS-07,F,XXXX,8,10,P,2,202009,1,064964,22.7
DLLS,11,H,13,13,H,0110,1,99,GS-13,M,0110,8,10,F,1,202009,1,133465,25.7
DLLS,31,H,14,12,H,0110,1,99,GS-12,I,0110,8,10,F,1,202009,1,099741,28.2
DLLS,45,J,13,07,G,0119,3,99,GS-07,E,XXXX,8,10,P,2,202009,1,051898,24.3
DLLS,11,F,13,12,E,0110,1,99,GS-12,J,0110,8,10,F,1,202009,1,103605,14.7
DLLS,11,J,17,12,F,0110,1,99,GS-12,J,0110,8,10,F,1,202009,1,109362,19.7
DLLS,06,H,13,12,H,0110,1,99,GS-12,K,0110,8,10,F,1,202009,1,113900,29.3
DLLS,11,G,13,14,G,0110,1,99,GS-14,N,0110,8,10,F,1,202009,1,149621,23.7
DLLS,06,I,17,12,H,0110,1,99,GS-12,L,0110,8,10,F,1,202009,1,121668,25.4
DLLS,11,F,13,13,G,0110,1,99,GS-13,M,0110,8,10,F,1,202009,1,130043,21.8
DLLS,39,J,13,12,J,0110,1,99,GS-12,J,0110,8,10,F,1,202009,1,103698,37.6
DLLS,11,H,17,14,H,0110,1,99,GS-14,N,0110,2,10,F,1,202009,1,145578,26.0
DLLS,04,E,17,07,E,0119,3,99,GS-07,E,XXXX,8,10,P,2,202009,1,056222,14.2
DLLS,06,J,17,12,J,0110,1,99,GS-12,K,0110,8,10,F,1,202009,1,113900,35.2
DLLS,12,K,09,07,F,0119,3,99,GS-07,E,XXXX,8,10,P,2,202009,1,051898,15.3
DLLS,25,K,17,14,I,0110,1,99,GS-14,O,0110,2,10,F,1,202009,1,152052,34.9
DLLS,11,I,13,13,G,0110,1,99,GS-13,L,0110,8,10,F,1,202009,1,126620,21.2
DLLS,11,F,13,12,F,0110,1,99,GS-12,J,0110,8,10,F,1,202009,1,109362,19.2
DLLS,11,I,13,14,I,0110,1,99,GS-14,N,0110,2,10,F,1,202009,1,149621,34.1
DLLS,06,J,17,,F,0110,1,ES,ES-**,R,0110,2,50,F,1,202009,1,189280,16.2
DLLS,27,I,09,07,J,0119,3,99,GS-07,F,XXXX,8,10,P,2,202009,1,060445,36.6
DLLS,11,I,17,13,G,0110,1,99,GS-13,L,0110,8,10,F,1,202009,1,126620,21.7
DLLS,25,E,13,13,E,0110,1,99,GS-13,K,0110,2,10,F,1,202009,1,111745,12.9
DLLS,11,G,17,12,E,0110,1,99,GS-12,J,0110,8,10,F,1,202009,1,103605,13.7
DLLS,11,G,21,14,F,0110,1,99,GS-14,N,0110,8,10,F,1,202009,1,145578,18.0
DLLS,42,E,13,13,E,0110,1,99,GS-13,K,0110,2,10,F,1,202009,1,119006,14.0
DLLS,11,H,17,,H,0110,1,ES,ES-**,S,0110,2,50,F,1,202009,1,196338,27.6
DLLS,13,E,13,12,E,0110,1,99,GS-12,I,0110,8,38,F,1,202009,1,096999,13.9
DLLS,12,H,07,07,G,0119,3,99,GS-07,E,XXXX,8,10,P,2,202009,1,056222,23.7
DLLS,13,H,13,13,H,0110,1,99,GS-13,J,0110,2,10,F,1,202009,1,108934,27.1
DLLS,26,F,21,12,E,0110,1,99,GS-12,I,0110,8,10,F,1,202009,1,092670,11.8
DLLS,12,H,13,13,H,0110,1,99,GS-13,K,0110,8,10,F,1,202009,1,112520,29.2
DLLS,17,K,13,14,J,0110,1,99,GS-14,O,0110,2,10,F,1,202009,1,155424,45.2
DLLS,06,J,13,12,I,0110,1,99,GS-12,J,0110,8,10,F,1,202009,1,105138,30.9
DLLS,11,I,13,12,H,0110,1,99,GS-12,I,0110,8,10,F,1,202009,1,097848,25.8
DLLS,11,H,13,12,H,0110,1,99,GS-12,K,0110,8,10,F,1,202009,1,112240,28.1
DLLS,11,I,04,14,I,0110,1,99,GS-14,O,0110,2,10,F,1,202009,1,157709,31.3
DLLS,11,F,13,14,F,0110,1,99,GS-14,M,0110,2,10,F,1,202009,1,137491,18.6
DLLS,39,I,14,07,F,0119,3,99,GS-07,E,XXXX,8,10,P,2,202009,1,055580,15.4
DLLS,48,H,13,13,H,0110,1,99,GS-13,K,0110,2,10,F,1,202009,1,118005,29.9
DLLS,18,I,13,12,J,0110,1,99,GS-12,I,0110,8,10,F,1,202009,1,095417,35.0
DLLS,29,G,13,12,H,0110,1,99,GS-12,J,0110,8,10,F,1,202009,1,101204,25.4
DLLS,11,F,13,12,F,0110,1,99,GS-12,J,0110,8,10,F,1,202009,1,109362,18.4
DLLS,11,H,13,15,I,0110,1,99,GS-15,Q,0110,2,10,F,1,202009,1,170800,30.1
DLLS,11,F,13,14,F,0110,1,99,GS-14,N,0110,8,10,F,1,202009,1,141534,19.8
DLLS,51,I,13,12,H,0110,1,99,GS-12,J,0110,8,10,F,1,202009,1,103182,29.4
DLLS,11,G,17,14,F,0110,1,99,GS-14,M,0110,2,10,F,1,202009,1,137491,17.7
DLLS,06,G,17,12,E,0110,1,99,GS-12,J,0110,8,10,F,1,202009,1,105138,14.8
DLLS,11,H,13,13,I,0110,1,99,GS-13,M,0110,8,10,F,1,202009,1,133465,31.6
DLLS,11,F,13,13,E,0110,1,99,GS-13,K,0110,8,10,F,1,202009,1,112930,14.4
DLLS,42,F,13,13,F,0110,1,99,GS-13,L,0110,8,10,F,1,202009,1,122312,19.3
DLLS,06,I,13,13,H,0110,1,99,GS-13,N,0110,2,10,F,1,202009,1,144676,28.4
DLLS,42,F,13,13,F,0110,1,99,GS-13,L,0110,2,10,F,1,202009,1,125618,17.4
DLLS,11,G,17,13,G,0110,1,99,GS-13,L,0110,8,10,F,1,202009,1,126620,20.3
DLLS,11,H,13,14,H,0110,1,99,GS-14,O,0110,2,10,F,1,202009,1,153665,29.1
DLLS,11,I,17,14,H,0110,1,99,GS-14,O,0110,2,10,F,1,202009,1,153665,27.0
DLLS,11,E,13,13,E,0110,1,99,GS-13,K,0110,8,10,F,1,202009,1,119775,14.2
DLLS,11,I,04,06,I,0119,3,99,GS-06,E,XXXX,8,10,F,1,202009,1,056939,34.6
DLLS,11,I,17,13,I,0110,1,99,GS-13,M,0110,8,10,F,1,202009,1,133465,31.0
DLLS,11,H,17,12,G,0110,1,99,GS-12,K,0110,8,10,F,1,202009,1,112240,22.4
DLLS,11,H,13,15,I,0110,1,99,GS-15,P,0110,2,10,F,1,202009,1,166487,31.3
DLLS,29,H,13,12,I,0110,1,99,GS-12,J,0110,8,10,F,1,202009,1,100756,33.3
DLLS,48,F,13,12,E,0110,1,99,GS-12,J,0110,8,10,F,1,202009,1,102919,14.6
DLLS,55,I,13,12,I,0110,1,99,GS-12,J,0110,8,10,F,1,202009,1,104051,34.8
DLLS,42,J,04,06,D,0119,3,99,GS-06,D,XXXX,8,10,P,2,202009,1,046539,08.2
DLLS,11,G,13,14,H,0110,1,99,GS-14,M,0110,2,10,F,1,202009,1,137491,25.3
DLLS,11,J,21,14,I,0110,1,99,GS-14,O,0110,8,10,F,1,202009,1,157709,32.0
DLLS,42,I,10,07,I,0119,3,99,GS-07,E,XXXX,8,10,P,2,202009,1,057895,30.8
DLLS,11,F,13,13,F,0110,1,99,GS-13,K,0110,8,10,F,1,202009,1,119775,19.7
DLLS,11,H,17,14,I,0110,1,99,GS-14,O,0110,8,10,P,2,202009,1,157709,31.0
DLLS,37,J,13,12,J,0110,1,99,GS-12,J,0110,8,10,F,1,202009,1,103647,40.7
DLLS,25,J,13,12,J,0110,1,99,GS-12,K,0110,8,10,F,1,202009,1,111062,36.8
DLLS,11,H,17,14,G,0110,1,99,GS-14,N,0110,2,10,F,1,202009,1,145578,24.6
DLLS,39,J,13,07,E,0119,3,99,GS-07,E,XXXX,8,10,P,2,202009,1,054078,13.0
DLLS,06,G,13,13,G,0110,1,99,GS-13,L,0110,8,10,F,1,202009,1,122632,23.1
DLLS,55,H,13,13,H,0110,1,99,GS-13,L,0110,2,10,F,1,202009,1,120555,28.7
DLLS,42,F,13,13,G,0110,1,99,GS-13,K,0110,8,10,F,1,202009,1,115700,20.1
DLLS,11,E,13,14,E,0110,1,99,GS-14,L,0110,5,10,F,1,202009,1,129404,14.0
DLLS,11,I,13,14,H,0110,1,99,GS-14,N,0110,2,10,F,1,202009,1,145578,29.3
DLLS,11,H,13,13,G,0110,1,99,GS-13,M,0110,8,10,F,1,202009,1,130043,20.3
DLLS,11,F,13,12,F,0110,1,99,GS-12,J,0110,8,10,F,1,202009,1,109362,19.0
DLLS,13,J,17,12,E,0110,1,99,GS-12,I,0110,8,10,F,1,202009,1,096999,12.9
DLLS,11,E,04,13,E,0110,1,99,GS-13,K,0110,8,10,F,1,202009,1,116353,14.2
DLLS,22,K,13,07,E,0119,3,99,GS-07,E,XXXX,8,10,P,2,202009,1,056222,13.8
DLLS,11,E,13,14,E,0110,1,99,GS-14,L,0110,2,10,F,1,202009,1,129404,14.3
DLLS,11,E,13,13,E,0110,1,99,GS-13,L,0110,8,10,F,1,202009,1,123198,14.0
DLLS,39,E,17,12,E,0110,1,99,GS-12,I,0110,8,10,F,1,202009,1,095935,14.6
DLLS,12,K,04,07,F,0119,3,99,GS-07,E,XXXX,8,10,P,2,202009,1,058352,18.8
DLLS,24,H,04,12,I,0110,1,99,GS-12,J,0110,8,10,F,1,202009,1,109362,32.9
DLLS,11,H,17,14,H,0110,1,99,GS-14,M,0110,8,10,F,1,202009,1,137491,28.5
DLLS,13,I,13,13,H,0110,1,99,GS-13,K,0110,2,10,F,1,202009,1,115342,29.3
DLLS,42,H,13,14,H,0110,1,99,GS-14,N,0110,2,10,F,1,202009,1,140624,29.3
DLLS,42,E,17,12,E,0110,1,99,GS-12,J,0110,8,10,F,1,202009,1,100080,14.3
DLLS,13,E,13,12,E,0110,1,99,GS-12,I,0110,8,10,F,1,202009,1,096999,12.9
DLLS,11,G,21,14,F,0110,1,99,GS-14,N,0110,8,10,F,1,202009,1,149621,19.0
DLLS,48,G,13,13,H,0110,1,99,GS-13,L,0110,2,10,F,1,202009,1,127840,25.2
DLLS,19,F,13,12,G,0110,1,99,GS-12,I,0110,8,10,F,1,202009,1,097183,22.3
DLLS,11,H,21,14,G,0110,1,99,GS-14,O,0110,2,10,F,1,202009,1,157709,20.0
DLLS,11,G,13,14,H,0110,1,99,GS-14,O,0110,2,10,F,1,202009,1,153665,28.0
DLLS,24,G,13,12,G,0110,1,99,GS-12,J,0110,8,10,F,1,202009,1,109362,20.0
DLLS,11,J,04,07,J,0119,3,99,GS-07,F,XXXX,8,10,F,1,202009,1,063267,37.5
DLLS,11,H,17,14,H,0110,1,99,GS-14,N,0110,2,10,F,1,202009,1,149621,25.9
DLLS,11,J,17,13,F,0110,1,99,GS-13,L,0110,8,10,F,1,202009,1,126620,16.3
DLLS,11,J,13,14,J,0110,1,99,GS-14,N,0110,2,10,F,1,202009,1,145578,37.6
DLLS,11,K,04,07,J,0119,3,99,GS-07,F,XXXX,8,10,F,1,202009,1,063267,42.8
DLLS,19,F,13,12,G,0110,1,99,GS-12,I,0110,8,10,F,1,202009,1,097183,20.2
DLLS,29,I,14,12,H,0110,1,99,GS-12,J,0110,8,10,F,1,202009,1,100756,28.0
DLLS,11,H,13,13,H,0110,1,99,GS-13,L,0110,8,10,F,1,202009,1,126620,29.2
DLLS,11,G,17,15,G,0110,1,99,GS-15,Q,0110,2,10,F,1,202009,1,170800,22.3
DLLS,11,K,04,06,J,0119,3,99,GS-06,E,XXXX,8,10,F,1,202009,1,056939,35.5
DLLS,39,F,13,12,F,0110,1,99,GS-12,J,0110,8,10,F,1,202009,1,101265,19.2
DLLS,39,F,10,07,E,0119,3,99,GS-07,E,XXXX,8,10,P,2,202009,1,052576,12.7
DLLS,48,H,13,12,H,0110,1,99,GS-12,J,0110,8,10,F,1,202009,1,107509,28.3
DLLS,11,K,21,13,H,0110,1,99,GS-13,M,0110,8,10,F,1,202009,1,130043,25.3
DLLS,11,E,13,13,F,0110,1,99,GS-13,L,0110,8,10,F,1,202009,1,123198,15.2
DLLS,42,E,13,13,F,0110,1,99,GS-13,K,0110,8,10,F,1,202009,1,112736,16.1
DLLS,39,G,17,12,F,0110,1,99,GS-12,I,0110,8,10,F,1,202009,1,098380,17.8
DLLS,25,J,18,13,J,0110,1,99,GS-13,M,0110,2,10,F,1,202009,1,132064,36.1
DLLS,11,F,13,14,F,0110,1,99,GS-14,M,0110,2,10,F,1,202009,1,137491,18.1
DLLS,17,F,13,12,G,0110,1,99,GS-12,K,0110,8,10,F,1,202009,1,110614,20.0
DLLS,48,J,17,12,E,0110,1,99,GS-12,K,0110,8,10,F,1,202009,1,111742,12.8
DLLS,11,K,13,13,G,0110,1,99,GS-13,M,0110,8,10,F,1,202009,1,130043,23.9
DLLS,11,I,21,14,G,0110,1,99,GS-14,O,0110,8,10,F,1,202009,1,157709,21.3
DLLS,11,E,13,14,E,0110,1,99,GS-14,M,0110,8,10,F,1,202009,1,137491,14.1
DLLS,13,E,13,12,E,0110,1,99,GS-12,I,0110,8,10,F,1,202009,1,099694,14.9
DLLS,17,K,13,12,J,0110,1,99,GS-12,J,0110,8,10,F,1,202009,1,104941,36.9
DLLS,17,I,04,07,J,0119,3,99,GS-07,F,XXXX,8,10,F,1,202009,1,062351,38.9
DLLS,48,G,13,12,F,0110,1,99,GS-12,J,0110,8,10,F,1,202009,1,104752,18.2
DLLS,45,F,17,13,F,0110,1,99,GS-13,K,0110,8,10,F,1,202009,1,113966,16.1
DLLS,11,E,17,13,E,0110,1,99,GS-13,K,0110,2,10,F,1,202009,1,119775,14.9
DLLS,11,E,13,14,E,0110,1,99,GS-14,M,0110,2,10,F,1,202009,1,137491,13.9
DLLS,11,I,17,14,I,0110,1,99,GS-14,O,0110,2,10,F,1,202009,1,157709,30.4
DLLS,17,K,13,07,G,0119,3,99,GS-07,F,XXXX,8,10,P,2,202009,1,062351,23.3
DLLS,11,F,13,14,G,0110,1,99,GS-14,N,0110,2,10,F,1,202009,1,145578,20.2
DLLS,06,I,13,12,I,0110,1,99,GS-12,L,0110,8,10,F,1,202009,1,121668,30.4
DLLS,06,G,13,13,G,0110,1,99,GS-13,N,0110,2,10,F,1,202009,1,140966,24.1
DLLS,11,F,13,12,G,0110,1,99,GS-12,J,0110,8,10,F,1,202009,1,109362,20.0
DLLS,11,G,13,12,G,0110,1,99,GS-12,K,0110,8,10,F,1,202009,1,112240,23.6
DLLS,11,J,13,14,J,0110,1,99,GS-14,O,0110,2,10,F,1,202009,1,153665,39.9
DLLS,25,G,13,13,G,0110,1,99,GS-13,L,0110,2,10,F,1,202009,1,125291,23.6
DLLS,17,F,13,12,F,0110,1,99,GS-12,J,0110,8,10,F,1,202009,1,104941,18.1
DLLS,45,I,13,07,E,0119,3,99,GS-07,D,XXXX,8,10,P,2,202009,1,049016,13.2
DLLS,11,H,13,14,H,0110,1,99,GS-14,N,0110,2,10,F,1,202009,1,145578,29.3
DLLS,11,G,13,15,G,0110,1,99,GS-15,Q,0110,2,10,F,1,202009,1,170800,24.3
DLLS,11,F,13,14,F,0110,1,99,GS-14,M,0110,8,10,F,1,202009,1,133447,18.8
DLLS,39,H,13,07,G,0119,3,99,GS-07,E,XXXX,8,10,P,2,202009,1,058452,23.1
DLLS,17,H,13,14,H,0110,1,99,GS-14,N,0110,2,10,F,1,202009,1,147454,28.7
DLLS,11,E,11,13,E,0110,1,99,GS-13,K,0110,8,10,F,1,202009,1,119775,14.3
DLLS,11,H,21,14,F,0110,1,99,GS-14,O,0110,8,10,F,1,202009,1,153665,19.1
DLLS,11,I,17,13,I,0110,1,99,GS-13,K,0110,8,10,F,1,202009,1,119775,30.3
DLLS,11,I,04,06,I,0119,3,99,GS-06,E,XXXX,8,10,F,1,202009,1,056939,33.9
DLLS,42,F,14,13,G,0110,1,99,GS-13,L,0110,2,10,F,1,202009,1,125618,22.3
DLLS,11,F,13,13,F,0110,1,99,GS-13,K,0110,2,10,F,1,202009,1,119775,16.8
DLLS,11,E,17,14,E,0110,1,99,GS-14,M,0110,8,10,F,1,202009,1,133447,11.8
DLLS,13,E,04,12,E,0110,1,99,GS-12,I,0110,8,10,F,1,202009,1,094304,11.9
DLLS,48,H,04,12,F,0110,1,99,GS-12,I,0110,8,10,F,1,202009,1,097037,15.8
DLLS,48,I,13,07,E,0119,3,99,GS-07,E,XXXX,8,10,P,2,202009,1,051898,14.3
DLLS,36,D,13,14,E,0110,1,99,GS-14,M,0110,2,10,F,1,202009,1,132875,11.9
DLLS,11,F,21,13,E,0110,1,99,GS-13,L,0110,8,10,F,1,202009,1,126620,11.9
DLLS,11,G,17,13,E,0110,1,99,GS-13,K,0110,8,10,F,1,202009,1,116353,11.9
DLLS,53,K,17,07,E,0119,3,99,GS-07,E,XXXX,8,10,P,2,202009,1,055274,11.9
DLLS,29,D,13,13,E,0110,1,99,GS-13,J,0110,2,10,F,1,202009,1,104448,11.9
DLLS,25,E,13,12,E,0110,1,99,GS-12,I,0110,8,10,F,1,202009,1,099669,11.9
DLLS,11,E,13,12,E,0110,1,99,GS-12,J,0110,8,10,F,1,202009,1,100727,11.8
DLLS,36,H,04,05,E,0119,3,99,GS-05,D,XXXX,8,10,P,2,202009,1,047057,11.5
DLLS,11,H,17,12,D,0110,1,99,GS-12,H,0110,8,10,F,1,202009,1,089213,06.3
DLLS,11,D,13,13,E,0110,1,99,GS-13,K,0110,8,10,F,1,202009,1,116353,11.2
DLLS,11,D,13,13,E,0110,1,99,GS-13,K,0110,8,10,F,1,202009,1,116353,11.6
DLLS,42,E,13,12,C,0110,1,99,GS-12,H,0110,8,10,F,1,202009,1,086177,04.6
DLLS,11,E,17,12,D,0110,1,99,GS-12,I,0110,8,10,F,1,202009,1,097848,08.2
DLLS,11,D,13,12,E,0110,1,99,GS-12,J,0110,8,10,F,1,202009,1,100727,11.6
DLLS,11,D,13,14,E,0110,1,99,GS-14,L,0110,2,10,F,1,202009,1,125360,11.5
DLLS,11,F,13,12,E,0110,1,99,GS-12,J,0110,8,10,F,1,202009,1,100727,11.5
DLLS,12,H,13,12,E,0110,1,99,GS-12,H,0110,8,10,F,1,202009,1,089510,11.8
DLLS,41,G,13,07,E,0119,3,99,GS-07,E,XXXX,8,10,P,2,202009,1,053847,11.7
DLLS,06,F,13,05,A,0119,3,99,GS-05,C,XXXX,8,15,P,2,202009,1,039078,00.9
DLLS,04,F,04,07,E,0119,3,99,GS-07,E,XXXX,8,10,P,2,202009,1,053339,12.0
DLLS,06,G,13,06,F,0119,3,99,GS-06,F,XXXX,8,10,P,2,202009,1,061722,15.8
DLLS,11,F,21,13,E,0110,1,99,GS-13,K,0110,8,10,F,1,202009,1,116353,12.5
DLLS,11,I,17,13,G,0110,1,99,GS-13,L,0110,8,10,F,1,202009,1,123198,20.0
DLLS,06,E,17,12,E,0110,1,99,GS-12,J,0110,8,10,F,1,202009,1,102947,11.4
DLLS,17,E,13,12,E,0110,1,99,GS-12,I,0110,8,10,F,1,202009,1,093594,11.4
DLLS,17,J,17,12,F,0110,1,99,GS-12,J,0110,8,10,F,1,202009,1,102104,16.2
DLLS,42,D,13,13,E,0110,1,99,GS-13,J,0110,2,10,F,1,202009,1,109088,11.3
DLLS,06,E,13,12,E,0110,1,99,GS-12,J,0110,8,10,F,1,202009,1,109187,11.3
DLLS,06,G,13,13,E,0110,1,99,GS-13,L,0110,2,10,F,1,202009,1,122416,11.3
DLLS,17,E,13,12,E,0110,1,99,GS-12,I,0110,8,10,F,1,202009,1,099268,14.7
DLLS,17,E,13,12,E,0110,1,99,GS-12,I,0110,8,10,F,1,202009,1,096431,14.2
DLLS,37,D,04,12,E,0110,1,99,GS-12,I,0110,8,10,F,1,202009,1,090660,11.3
DLLS,11,D,13,13,E,0110,1,99,GS-13,K,0110,8,10,F,1,202009,1,112930,11.3
DLLS,01,K,17,07,F,0119,3,99,GS-07,E,XXXX,8,10,P,2,202009,1,050592,16.3
DLLS,06,D,13,12,E,0110,1,99,GS-12,K,0110,8,10,F,1,202009,1,112308,11.3
DLLS,11,F,13,14,E,0110,1,99,GS-14,M,0110,2,10,F,1,202009,1,133447,10.3
DLLS,11,D,13,13,E,0110,1,99,GS-13,K,0110,8,10,F,1,202009,1,119775,11.3
DLLS,11,D,13,05,D,0119,3,99,GS-05,C,XXXX,8,10,P,2,202009,1,039291,08.3
DLLS,06,G,17,13,F,0110,1,99,GS-13,L,0110,2,10,F,1,202009,1,121547,17.1
DLLS,42,F,13,13,E,0110,1,99,GS-13,K,0110,2,10,F,1,202009,1,112394,11.3
DLLS,53,E,17,05,B,0119,3,99,GS-05,D,XXXX,8,15,P,2,202009,1,049727,02.2
DLLS,11,D,13,13,E,0110,1,99,GS-13,K,0110,8,10,F,1,202009,1,112930,11.3
DLLS,11,D,13,12,E,0110,1,99,GS-12,J,0110,8,10,F,1,202009,1,100727,11.2
DLLS,42,E,13,12,E,0110,1,99,GS-12,I,0110,8,10,F,1,202009,1,097299,11.3
DLLS,11,D,13,13,E,0110,1,99,GS-13,K,0110,8,10,F,1,202009,1,112930,11.2
DLLS,11,D,13,12,E,0110,1,99,GS-12,J,0110,8,10,F,1,202009,1,100727,11.2
DLLS,39,E,13,12,E,0110,1,99,GS-12,J,0110,8,10,F,1,202009,1,102520,11.3
DLLS,29,E,13,13,E,0110,1,99,GS-13,J,0110,2,10,F,1,202009,1,101376,11.2
DLLS,24,H,10,07,E,0119,3,99,GS-07,F,XXXX,8,10,P,2,202009,1,060023,10.4
DLLS,37,G,04,05,B,0119,3,99,GS-05,C,XXXX,8,15,P,2,202009,1,037244,02.3
DLLS,48,G,07,06,E,0119,3,99,GS-06,E,XXXX,8,10,P,2,202009,1,052211,11.9
DLLS,11,E,17,09,A,0110,1,99,GS-09,G,0110,8,15,F,1,202009,1,071442,00.9
DLLS,37,E,13,12,D,0110,1,99,GS-12,H,0110,8,10,F,1,202009,1,087699,06.8
DLLS,42,H,17,12,G,0110,1,99,GS-12,J,0110,8,10,F,1,202009,1,102709,20.8
DLLS,04,F,04,12,D,0110,1,99,GS-12,H,0110,8,10,F,1,202009,1,087429,06.1
DLLS,42,F,04,07,C,0119,3,99,GS-07,D,XXXX,8,10,P,2,202009,1,047014,04.4
DLLS,42,F,04,06,D,0119,3,99,GS-06,D,XXXX,8,10,P,2,202009,1,045129,05.0
DLLS,11,H,17,14,E,0110,1,99,GS-14,M,0110,2,10,F,1,202009,1,137491,14.8
DLLS,06,H,04,12,D,0110,1,99,GS-12,I,0110,8,10,F,1,202009,1,090533,06.3
DLLS,48,E,04,11,B,0110,1,99,GS-11,F,0110,8,15,F,1,202009,1,068994,02.1
DLLS,47,I,17,12,E,0110,1,99,GS-12,H,0110,8,10,F,1,202009,1,086952,14.2
DLLS,40,I,04,05,A,0119,3,99,GS-05,C,XXXX,8,15,P,2,202009,1,034916,00.5
DLLS,39,D,13,12,D,0110,1,99,GS-12,I,0110,8,10,F,1,202009,1,090604,09.3
DLLS,53,K,13,07,D,0119,3,99,GS-07,E,XXXX,8,10,P,2,202009,1,052116,09.8
DLLS,11,F,17,12,E,0110,1,99,GS-12,I,0110,8,10,F,1,202009,1,094970,11.0
DLLS,11,D,13,13,E,0110,1,99,GS-13,J,0110,8,10,F,1,202009,1,109508,11.2
DLLS,11,D,13,12,E,0110,1,99,GS-12,J,0110,8,10,F,1,202009,1,100727,11.2
DLLS,13,F,04,13,E,0110,1,99,GS-13,J,0110,2,10,F,1,202009,1,105729,11.0
DLLS,06,I,13,07,E,0119,3,99,GS-07,E,XXXX,8,10,P,2,202009,1,057620,11.0
DLLS,17,D,13,12,E,0110,1,99,GS-12,I,0110,8,10,F,1,202009,1,099268,11.0
DLLS,11,D,13,12,E,0110,1,99,GS-12,I,0110,8,10,F,1,202009,1,097848,10.1
DLLS,26,K,17,07,E,0119,3,99,GS-07,D,XXXX,8,10,P,2,202009,1,044692,13.7
DLLS,11,E,13,13,E,0110,1,99,GS-13,J,0110,8,10,F,1,202009,1,109508,11.1
DLLS,55,D,11,12,E,0110,1,99,GS-12,I,0110,8,10,F,1,202009,1,093377,11.0
DLLS,11,E,13,12,E,0110,1,99,GS-12,J,0110,8,10,F,1,202009,1,100727,11.1
DLLS,11,D,13,13,E,0110,1,99,GS-13,K,0110,8,10,F,1,202009,1,112930,11.0
DLLS,46,H,13,07,E,0119,3,99,GS-07,E,XXXX,8,10,P,2,202009,1,050457,11.2
DLLS,11,E,13,13,E,0110,1,99,GS-13,K,0110,8,10,F,1,202009,1,112930,10.9
DLLS,13,E,13,13,E,0110,1,99,GS-13,J,0110,2,10,F,1,202009,1,102525,14.2
DLLS,12,K,09,07,E,0119,3,99,GS-07,E,XXXX,8,10,P,2,202009,1,050457,10.9
DLLS,26,D,13,13,E,0110,1,99,GS-13,J,0110,8,10,F,1,202009,1,103396,10.9
DLLS,12,I,13,07,E,0119,3,99,GS-07,E,XXXX,8,10,P,2,202009,1,050457,10.9
DLLS,06,E,13,05,E,0119,3,99,GS-05,E,XXXX,8,10,P,2,202009,1,051112,10.9
DLLS,11,F,17,12,E,0110,1,99,GS-12,J,0110,8,10,F,1,202009,1,100727,10.9
DLLS,11,D,13,13,E,0110,1,99,GS-13,K,0110,8,10,F,1,202009,1,112930,10.9
DLLS,11,D,13,13,E,0110,1,99,GS-13,J,0110,8,10,F,1,202009,1,109508,10.8
DLLS,17,K,13,07,E,0119,3,99,GS-07,E,XXXX,8,10,P,2,202009,1,054359,12.3
DLLS,17,K,21,07,E,0119,3,99,GS-07,E,XXXX,8,10,P,2,202009,1,055957,12.8
DLLS,49,J,17,05,D,0119,3,99,GS-05,D,XXXX,8,10,P,2,202009,1,045393,09.7
DLLS,45,G,07,07,E,0119,3,99,GS-07,E,XXXX,8,10,P,2,202009,1,050457,10.8
DLLS,06,G,17,12,D,0110,1,99,GS-12,I,0110,8,10,F,1,202009,1,093454,08.2
DLLS,11,E,13,14,E,0110,1,99,GS-14,L,0110,2,10,F,1,202009,1,125360,10.7
DLLS,11,D,13,12,E,0110,1,99,GS-12,K,0110,8,10,F,1,202009,1,112240,10.7
DLLS,11,D,13,13,E,0110,1,99,GS-13,K,0110,2,10,F,1,202009,1,112930,10.7
DLLS,27,I,04,07,E,0119,3,99,GS-07,E,XXXX,8,10,P,2,202009,1,054247,10.7
DLLS,11,D,13,13,E,0110,1,99,GS-13,K,0110,8,10,F,1,202009,1,112930,10.6
DLLS,48,K,09,07,E,0119,3,99,GS-07,E,XXXX,8,10,P,2,202009,1,050814,10.7
DLLS,37,H,17,07,E,0119,3,99,GS-07,D,XXXX,8,10,P,2,202009,1,049016,10.7
DLLS,11,D,13,13,E,0110,1,99,GS-13,K,0110,8,10,F,1,202009,1,119775,10.7
DLLS,36,I,04,06,E,0119,3,99,GS-06,E,XXXX,8,10,P,2,202009,1,052469,10.6
DLLS,29,I,13,12,F,0110,1,99,GS-12,J,0110,8,10,F,1,202009,1,100756,18.3
DLLS,48,I,17,13,G,0110,1,99,GS-13,J,0110,8,10,F,1,202009,1,104892,22.0
DLLS,17,F,13,07,E,0119,3,99,GS-07,E,XXXX,8,10,P,2,202009,1,054359,10.5
DLLS,12,I,04,07,E,0119,3,99,GS-07,D,XXXX,8,10,P,2,202009,1,049016,10.5
DLLS,17,F,13,12,E,0110,1,99,GS-12,I,0110,8,10,F,1,202009,1,093594,10.4
DLLS,12,J,17,07,E,0119,3,99,GS-07,E,XXXX,8,10,P,2,202009,1,053747,10.4
DLLS,11,E,13,13,E,0110,1,99,GS-13,J,0110,8,10,F,1,202009,1,106085,10.3
DLLS,11,E,13,13,D,0110,1,99,GS-13,J,0110,8,10,F,1,202009,1,106085,09.7
DLLS,39,E,13,12,E,0110,1,99,GS-12,I,0110,8,10,F,1,202009,1,093269,10.3
DLLS,39,F,17,13,E,0110,1,99,GS-13,I,0110,2,10,F,1,202009,1,098231,10.3
DLLS,53,J,17,07,E,0110,1,99,GS-07,F,0110,8,10,F,1,202009,1,061589,13.9
DLLS,45,K,04,05,D,0119,3,99,GS-05,D,XXXX,8,10,P,2,202009,1,044229,06.2
DLLS,06,K,17,07,E,0119,3,99,GS-07,E,XXXX,8,10,P,2,202009,1,059791,10.3
DLLS,09,G,13,07,E,0119,3,99,GS-07,E,XXXX,8,10,P,2,202009,1,056349,10.2
DLLS,34,G,13,12,D,0110,1,99,GS-12,I,0110,8,10,F,1,202009,1,097517,06.7
DLLS,25,D,13,12,E,0110,1,99,GS-12,I,0110,8,10,F,1,202009,1,096821,10.0
DLLS,11,F,17,12,E,0110,1,99,GS-12,J,0110,8,10,F,1,202009,1,100727,10.0
DLLS,11,D,13,12,E,0110,1,99,GS-12,J,0110,8,10,F,1,202009,1,100727,10.0
DLLS,25,J,13,07,E,0119,3,99,GS-07,E,XXXX,8,10,P,2,202009,1,052974,10.4
DLLS,25,J,13,06,D,0119,3,99,GS-06,D,XXXX,8,10,P,2,202009,1,049117,07.3
DLLS,36,I,17,07,E,0119,3,99,GS-07,E,XXXX,8,10,P,2,202009,1,058303,10.0
DLLS,11,E,13,12,E,0110,1,99,GS-12,J,0110,8,10,F,1,202009,1,100727,10.0
DLLS,36,E,17,06,E,0119,3,99,GS-06,E,XXXX,8,10,P,2,202009,1,052469,10.0
DLLS,24,I,07,07,D,0119,3,99,GS-07,E,XXXX,8,10,P,2,202009,1,055158,09.9
DLLS,37,D,13,13,D,0110,1,99,GS-13,J,0110,8,10,F,1,202009,1,100355,09.9
DLLS,06,K,04,05,A,0119,3,99,GS-05,C,XXXX,8,15,P,2,202009,1,037244,00.1
DLLS,11,E,13,13,D,0110,1,99,GS-13,J,0110,8,10,F,1,202009,1,109508,09.8
DLLS,11,E,17,13,D,0110,1,99,GS-13,K,0110,8,10,F,1,202009,1,112930,09.8
DLLS,37,F,13,07,E,0119,3,99,GS-07,E,XXXX,8,10,P,2,202009,1,053930,12.5
DLLS,06,H,13,07,D,0119,3,99,GS-07,E,XXXX,8,10,P,2,202009,1,055974,09.7
DLLS,13,E,13,12,D,0110,1,99,GS-12,H,0110,8,10,F,1,202009,1,088914,09.7
DLLS,39,H,13,07,D,0119,3,99,GS-07,E,XXXX,8,10,P,2,202009,1,051074,09.7
DLLS,36,J,17,07,D,0119,3,99,GS-07,E,XXXX,8,10,P,2,202009,1,058303,09.5
DLLS,17,K,13,05,D,0119,3,99,GS-05,D,XXXX,8,10,P,2,202009,1,043886,06.4
DLLS,48,D,13,07,C,0119,3,99,GS-07,D,XXXX,8,15,F,1,202009,1,048172,04.0
DLLS,36,K,07,07,D,0119,3,99,GS-07,E,XXXX,8,10,P,2,202009,1,056637,09.5
DLLS,22,F,07,07,D,0119,3,99,GS-07,E,XXXX,8,10,P,2,202009,1,050457,09.5
DLLS,01,K,10,07,D,0119,3,99,GS-07,D,XXXX,8,10,P,2,202009,1,049016,09.4
DLLS,36,J,09,07,D,0119,3,99,GS-07,E,XXXX,8,10,P,2,202009,1,056637,09.4
DLLS,42,I,04,07,D,0119,3,99,GS-07,D,XXXX,8,10,P,2,202009,1,048087,08.0
DLLS,02,K,13,07,D,0119,3,99,GS-07,E,XXXX,8,10,P,2,202009,1,054815,09.4
DLLS,12,I,17,07,D,0119,3,99,GS-07,D,XXXX,8,10,P,2,202009,1,049016,09.3
DLLS,36,H,10,07,D,0119,3,99,GS-07,E,XXXX,8,10,P,2,202009,1,056637,09.2
DLLS,51,I,04,07,D,0119,3,99,GS-07,E,XXXX,8,10,P,2,202009,1,050706,09.2
DLLS,06,J,13,07,D,0119,3,99,GS-07,E,XXXX,8,10,P,2,202009,1,055974,09.2
DLLS,37,D,04,05,D,0119,3,99,GS-05,D,XXXX,8,10,P,2,202009,1,045977,07.5
DLLS,51,E,17,12,D,0110,1,99,GS-12,H,0110,8,10,F,1,202009,1,089942,09.1
DLLS,11,D,13,13,D,0110,1,99,GS-13,K,0110,8,10,F,1,202009,1,112930,09.1
DLLS,11,D,13,12,D,0110,1,99,GS-12,J,0110,8,10,F,1,202009,1,103605,09.1
DLLS,17,H,04,07,D,0119,3,99,GS-07,E,XXXX,8,10,P,2,202009,1,054359,09.1
DLLS,27,E,17,13,C,0110,1,99,GS-13,J,0110,8,10,F,1,202009,1,101354,04.9
DLLS,36,I,17,09,F,0110,1,99,GS-09,F,0110,8,10,F,1,202009,1,065207,17.8
DLLS,11,D,13,13,D,0110,1,99,GS-13,K,0110,8,10,F,1,202009,1,112930,09.0
DLLS,11,E,13,12,D,0110,1,99,GS-12,I,0110,8,10,F,1,202009,1,094970,07.8
DLLS,11,D,13,13,D,0110,1,99,GS-13,K,0110,8,10,F,1,202009,1,112930,09.0
DLLS,11,D,13,13,D,0110,1,99,GS-13,J,0110,2,10,F,1,202009,1,109508,09.0
DLLS,02,J,13,07,D,0119,3,99,GS-07,E,XXXX,8,10,P,2,202009,1,056427,09.0
DLLS,36,H,13,07,D,0119,3,99,GS-07,E,XXXX,8,10,P,2,202009,1,056637,08.9
DLLS,11,E,17,13,D,0110,1,99,GS-13,K,0110,8,10,F,1,202009,1,112930,08.9
DLLS,53,E,13,13,E,0110,1,99,GS-13,J,0110,8,10,F,1,202009,1,109936,10.7
DLLS,36,H,17,13,D,0110,1,99,GS-13,K,0110,2,10,F,1,202009,1,115960,08.8
DLLS,25,J,10,06,D,0119,3,99,GS-06,D,XXXX,8,10,P,2,202009,1,049262,08.9
DLLS,11,E,17,13,D,0110,1,99,GS-13,K,0110,8,10,F,1,202009,1,112930,07.3
DLLS,11,H,13,14,G,0110,1,99,GS-14,N,0110,2,10,F,1,202009,1,141534,20.0
DLLS,26,J,13,07,D,0119,3,99,GS-07,E,XXXX,8,10,P,2,202009,1,053822,08.8
DLLS,25,I,12,07,D,0119,3,99,GS-07,E,XXXX,8,10,P,2,202009,1,054579,08.6
DLLS,36,I,07,11,D,0110,1,99,GS-11,G,0110,8,10,F,1,202009,1,073962,08.6
DLLS,11,D,04,12,E,0110,1,99,GS-12,I,0110,8,10,F,1,202009,1,097848,12.5
DLLS,46,F,13,07,D,0119,3,99,GS-07,D,XXXX,8,10,P,2,202009,1,047574,08.5
DLLS,18,D,17,12,C,0110,1,99,GS-12,H,0110,8,10,F,1,202009,1,082521,04.9
DLLS,41,D,04,12,C,0110,1,99,GS-12,H,0110,8,10,F,1,202009,1,087334,04.3
DLLS,11,E,17,13,D,0110,1,99,GS-13,K,0110,8,10,F,1,202009,1,112930,08.3
DLLS,11,H,17,13,D,0110,1,99,GS-13,J,0110,8,10,F,1,202009,1,109508,08.3
DLLS,11,E,13,13,D,0110,1,99,GS-13,J,0110,8,10,F,1,202009,1,109508,08.3
DLLS,12,E,17,07,D,0119,3,99,GS-07,D,XXXX,8,10,P,2,202009,1,047606,05.2
DLLS,36,J,11,07,D,0119,3,99,GS-07,D,XXXX,8,10,P,2,202009,1,047574,08.2
DLLS,13,K,13,07,E,0119,3,99,GS-07,E,XXXX,8,10,P,2,202009,1,050122,12.1
DLLS,39,H,17,07,D,0119,3,99,GS-07,D,XXXX,8,10,P,2,202009,1,047418,07.8
DLLS,09,H,13,07,D,0119,3,99,GS-07,E,XXXX,8,10,P,2,202009,1,054739,08.1
DLLS,11,D,17,13,D,0110,1,99,GS-13,J,0110,8,10,F,1,202009,1,106085,08.1
DLLS,11,F,17,13,D,0110,1,99,GS-13,K,0110,8,10,F,1,202009,1,112930,08.1
DLLS,11,E,13,12,D,0110,1,99,GS-12,I,0110,8,10,F,1,202009,1,092091,08.1
DLLS,36,D,13,13,D,0110,1,99,GS-13,K,0110,8,10,F,1,202009,1,112445,08.0
DLLS,42,F,13,12,E,0110,1,99,GS-12,H,0110,8,10,F,1,202009,1,086905,11.0
DLLS,13,J,13,07,D,0119,3,99,GS-07,E,XXXX,8,10,P,2,202009,1,050122,07.8
DLLS,11,H,18,11,D,0110,1,99,GS-11,G,0110,8,10,F,1,202009,1,072030,08.0
DLLS,11,E,17,13,D,0110,1,99,GS-13,K,0110,8,10,F,1,202009,1,112930,08.0
DLLS,13,K,10,07,G,0119,3,99,GS-07,E,XXXX,8,10,P,2,202009,1,050122,21.9
DLLS,48,F,17,12,E,0110,1,99,GS-12,I,0110,8,10,F,1,202009,1,090967,14.0
DLLS,11,F,17,12,D,0110,1,99,GS-12,I,0110,8,10,F,1,202009,1,097848,08.0
DLLS,11,G,21,,D,0110,1,ES,ES-**,S,0110,2,50,F,1,202009,1,197300,07.9
DLLS,17,E,17,12,D,0110,1,99,GS-12,I,0110,8,10,F,1,202009,1,096431,07.9
DLLS,06,F,13,05,C,0119,3,99,GS-05,E,XXXX,8,15,P,2,202009,1,051837,03.9
DLLS,06,F,17,12,E,0110,1,99,GS-12,J,0110,8,10,F,1,202009,1,102947,12.3
DLLS,42,D,17,12,D,0110,1,99,GS-12,I,0110,8,10,F,1,202009,1,094519,07.7
DLLS,42,D,13,12,D,0110,1,99,GS-12,I,0110,8,10,F,1,202009,1,091738,07.7
DLLS,42,D,17,12,D,0110,1,99,GS-12,I,0110,8,10,F,1,202009,1,091738,07.7
DLLS,48,G,13,12,D,0110,1,99,GS-12,H,0110,8,10,F,1,202009,1,084991,07.7
DLLS,55,G,13,12,D,0110,1,99,GS-12,I,0110,8,10,F,1,202009,1,093377,07.7
DLLS,34,D,17,12,D,0110,1,99,GS-12,I,0110,8,10,F,1,202009,1,094519,07.7
DLLS,18,D,13,13,D,0110,1,99,GS-13,I,0110,2,10,F,1,202009,1,091994,07.6
DLLS,06,E,13,12,D,0110,1,99,GS-12,I,0110,8,10,F,1,202009,1,096375,07.7
DLLS,17,E,13,12,D,0110,1,99,GS-12,I,0110,8,10,F,1,202009,1,093594,07.7
DLLS,06,D,17,13,D,0110,1,99,GS-13,L,0110,2,10,F,1,202009,1,122416,07.7
DLLS,06,G,17,12,D,0110,1,99,GS-12,I,0110,8,10,F,1,202009,1,099827,06.7
DLLS,11,E,17,13,D,0110,1,99,GS-13,K,0110,8,10,F,1,202009,1,112930,07.6
DLLS,11,D,04,12,D,0110,1,99,GS-12,I,0110,8,10,F,1,202009,1,094970,06.8
DLLS,17,D,17,13,D,0110,1,99,GS-13,K,0110,8,10,F,1,202009,1,111295,07.6
DLLS,11,E,13,13,D,0110,1,99,GS-13,J,0110,8,10,F,1,202009,1,102663,07.6
DLLS,48,D,04,12,D,0110,1,99,GS-12,I,0110,8,10,F,1,202009,1,090967,07.6
DLLS,06,I,17,07,D,0119,3,99,GS-07,E,XXXX,8,10,P,2,202009,1,054328,07.6
DLLS,11,F,21,12,D,0110,1,99,GS-12,I,0110,8,10,F,1,202009,1,097848,07.6
DLLS,11,E,17,13,D,0110,1,99,GS-13,K,0110,8,10,F,1,202009,1,112930,07.6
DLLS,06,E,17,07,D,0119,3,99,GS-07,E,XXXX,8,10,P,2,202009,1,058033,07.6
DLLS,06,K,13,07,D,0119,3,99,GS-07,E,XXXX,8,10,P,2,202009,1,055974,07.5
DLLS,11,D,17,12,D,0110,1,99,GS-12,I,0110,8,10,F,1,202009,1,097848,07.6
DLLS,11,E,18,13,D,0110,1,99,GS-13,J,0110,8,10,F,1,202009,1,106085,07.6
DLLS,11,D,13,13,D,0110,1,99,GS-13,K,0110,8,10,F,1,202009,1,112930,07.5
DLLS,42,E,13,12,D,0110,1,99,GS-12,I,0110,8,10,F,1,202009,1,091738,07.6
DLLS,42,D,13,13,D,0110,1,99,GS-13,I,0110,4,10,F,1,202009,1,099170,07.5
DLLS,39,H,07,07,E,0119,3,99,GS-07,E,XXXX,8,10,P,2,202009,1,050381,13.7
DLLS,11,G,13,05,C,0119,3,99,GS-05,D,XXXX,8,10,P,2,202009,1,043222,04.5
DLLS,12,K,04,07,D,0119,3,99,GS-07,D,XXXX,8,10,P,2,202009,1,047574,07.4
DLLS,06,G,13,12,D,0110,1,99,GS-12,I,0110,8,10,F,1,202009,1,090533,07.4
DLLS,36,K,04,05,B,0119,3,99,GS-05,C,XXXX,8,15,P,2,202009,1,036080,01.0
DLLS,12,I,04,06,F,0119,3,99,GS-06,D,XXXX,8,10,P,2,202009,1,045605,15.2
DLLS,06,I,13,07,D,0119,3,99,GS-07,E,XXXX,8,10,P,2,202009,1,054328,05.3
DLLS,11,E,21,13,D,0110,1,99,GS-13,L,0110,8,10,F,1,202009,1,126620,07.2
DLLS,16,J,04,07,D,0119,3,99,GS-07,D,XXXX,8,10,P,2,202009,1,046133,05.3
DLLS,42,G,13,12,D,0110,1,99,GS-12,H,0110,8,10,F,1,202009,1,088958,08.3
DLLS,48,H,04,12,D,0110,1,99,GS-12,I,0110,8,10,F,1,202009,1,090967,06.9
DLLS,06,H,17,07,D,0119,3,99,GS-07,E,XXXX,8,10,P,2,202009,1,058033,06.9
DLLS,12,E,17,07,D,0119,3,99,GS-07,E,XXXX,8,10,P,2,202009,1,050676,06.8
DLLS,47,E,17,12,D,0110,1,99,GS-12,H,0110,8,10,F,1,202009,1,081836,06.1
DLLS,48,D,13,12,D,0110,1,99,GS-12,I,0110,8,10,F,1,202009,1,097037,06.8
DLLS,34,I,13,07,D,0119,3,99,GS-07,E,XXXX,8,10,P,2,202009,1,054972,06.7
DLLS,34,I,13,07,D,0119,3,99,GS-07,E,XXXX,8,10,P,2,202009,1,054972,06.7
DLLS,06,G,13,07,D,0119,3,99,GS-07,E,XXXX,8,10,P,2,202009,1,054328,06.6
DLLS,04,F,07,07,D,0119,3,99,GS-07,D,XXXX,8,10,P,2,202009,1,049285,06.6
DLLS,38,F,17,12,D,0110,1,99,GS-12,H,0110,8,38,F,1,202009,1,084394,06.6
DLLS,17,F,17,12,D,0110,1,99,GS-12,I,0110,8,10,F,1,202009,1,093594,06.6
DLLS,17,D,13,12,D,0110,1,99,GS-12,I,0110,8,10,F,1,202009,1,093594,06.6
DLLS,11,D,13,12,D,0110,1,99,GS-12,I,0110,8,10,F,1,202009,1,094970,06.6
DLLS,11,F,04,12,D,0110,1,99,GS-12,I,0110,8,10,F,1,202009,1,094970,06.2
DLLS,11,D,13,13,D,0110,1,99,GS-13,J,0110,8,10,F,1,202009,1,102663,06.5
DLLS,25,E,17,12,D,0110,1,99,GS-12,I,0110,8,10,F,1,202009,1,093973,06.5
DLLS,48,D,04,12,D,0110,1,99,GS-12,I,0110,8,10,F,1,202009,1,097037,06.5
DLLS,29,I,04,07,J,0119,3,99,GS-07,E,XXXX,8,10,P,2,202009,1,057046,35.8
DLLS,27,F,10,07,G,0119,3,99,GS-07,F,XXXX,8,10,P,2,202009,1,060445,20.3
DLLS,11,D,17,13,D,0110,1,99,GS-13,J,0110,8,10,F,1,202009,1,109508,06.3
DLLS,11,C,04,12,C,0110,1,99,GS-12,H,0110,8,10,F,1,202009,1,089213,03.7
DLLS,42,D,17,12,D,0110,1,99,GS-12,I,0110,8,10,F,1,202009,1,091738,06.3
DLLS,01,H,10,07,D,0119,3,99,GS-07,D,XXXX,8,10,P,2,202009,1,046256,06.3
DLLS,06,D,17,09,B,0110,1,99,GS-09,F,0110,8,15,F,1,202009,1,060415,01.1
DLLS,16,J,17,07,D,0119,3,99,GS-07,D,XXXX,8,10,P,2,202009,1,047574,06.3
DLLS,15,H,10,07,D,0119,3,99,GS-07,D,XXXX,8,10,P,2,202009,1,049055,06.3
DLLS,11,D,17,09,A,0110,1,99,GS-09,E,0110,8,15,F,1,202009,1,059534,00.3
DLLS,42,I,13,07,D,0119,3,99,GS-07,D,XXXX,8,10,P,2,202009,1,048990,06.3
DLLS,24,I,04,07,D,0119,3,99,GS-07,E,XXXX,8,10,P,2,202009,1,053536,06.3
DLLS,39,K,13,07,D,0119,3,99,GS-07,D,XXXX,8,10,P,2,202009,1,047963,06.3
DLLS,26,G,13,07,D,0110,1,99,GS-07,E,0110,8,10,F,1,202009,1,050657,06.2
DLLS,11,E,17,13,D,0110,1,99,GS-13,J,0110,8,10,F,1,202009,1,102663,05.2
DLLS,11,C,11,12,D,0110,1,99,GS-12,I,0110,8,10,F,1,202009,1,092091,06.2
DLLS,11,C,11,12,D,0110,1,99,GS-12,I,0110,8,10,F,1,202009,1,092091,06.2
DLLS,36,F,13,05,D,0119,3,99,GS-05,D,XXXX,8,10,P,2,202009,1,045726,06.2
DLLS,11,D,04,13,D,0110,1,99,GS-13,J,0110,8,10,F,1,202009,1,106085,06.2
DLLS,11,D,04,12,D,0110,1,99,GS-12,I,0110,8,10,F,1,202009,1,092091,06.2
DLLS,11,D,04,13,D,0110,1,99,GS-13,J,0110,8,10,F,1,202009,1,106085,06.2
DLLS,11,C,17,13,D,0110,1,99,GS-13,J,0110,8,10,F,1,202009,1,109508,06.1
DLLS,12,J,17,07,D,0119,3,99,GS-07,D,XXXX,8,10,P,2,202009,1,049141,06.1
DLLS,11,D,17,12,D,0110,1,99,GS-12,I,0110,8,10,F,1,202009,1,094970,06.1
DLLS,11,D,17,13,D,0110,1,99,GS-13,J,0110,8,10,F,1,202009,1,106085,06.1
DLLS,11,D,13,13,D,0110,1,99,GS-13,J,0110,2,10,F,1,202009,1,109508,06.1
DLLS,25,F,17,13,D,0110,1,99,GS-13,J,0110,8,10,F,1,202009,1,104972,06.1
DLLS,11,C,13,13,D,0110,1,99,GS-13,J,0110,8,10,F,1,202009,1,106085,06.1
DLLS,11,D,13,13,D,0110,1,99,GS-13,J,0110,8,10,F,1,202009,1,102663,06.1
DLLS,11,D,17,12,D,0110,1,99,GS-12,I,0110,8,10,F,1,202009,1,094970,06.1
DLLS,11,C,13,13,D,0110,1,99,GS-13,J,0110,8,10,F,1,202009,1,106085,06.1
DLLS,27,D,04,12,D,0110,1,99,GS-12,I,0110,8,10,F,1,202009,1,090734,06.1
DLLS,11,F,17,13,D,0110,1,99,GS-13,J,0110,8,10,F,1,202009,1,106085,06.1
DLLS,26,D,04,12,D,0110,1,99,GS-12,I,0110,8,10,F,1,202009,1,092670,06.1
DLLS,11,E,13,12,D,0110,1,99,GS-12,I,0110,8,10,F,1,202009,1,092091,06.1
DLLS,11,E,13,12,D,0110,1,99,GS-12,I,0110,8,10,F,1,202009,1,097848,06.0
DLLS,11,I,17,13,D,0110,1,99,GS-13,J,0110,8,10,F,1,202009,1,106085,06.0
DLLS,11,E,17,13,D,0110,1,99,GS-13,J,0110,8,10,F,1,202009,1,106085,06.0
DLLS,11,C,13,12,D,0110,1,99,GS-12,I,0110,8,10,F,1,202009,1,094970,06.0
DLLS,42,D,13,12,D,0110,1,99,GS-12,I,0110,8,10,F,1,202009,1,091738,06.0
DLLS,11,E,17,13,D,0110,1,99,GS-13,J,0110,2,10,F,1,202009,1,109508,06.0
DLLS,17,C,13,12,D,0110,1,99,GS-12,I,0110,8,10,F,1,202009,1,090758,06.0
DLLS,29,J,17,12,D,0110,1,99,GS-12,I,0110,8,10,F,1,202009,1,090421,08.1
DLLS,12,J,21,07,F,0119,3,99,GS-07,E,XXXX,8,10,P,2,202009,1,056222,15.1
DLLS,06,E,04,05,B,0119,3,99,GS-05,D,XXXX,8,15,P,2,202009,1,042986,01.3
DLLS,11,G,17,12,D,0110,1,99,GS-12,I,0110,8,10,F,1,202009,1,094970,06.0
DLLS,06,D,13,07,D,0110,1,99,GS-07,F,0110,8,10,F,1,202009,1,064203,05.9
DLLS,29,D,04,11,D,0110,1,99,GS-11,F,0110,8,10,F,1,202009,1,067112,05.9
DLLS,11,C,04,13,D,0110,1,99,GS-13,J,0110,8,10,F,1,202009,1,106085,05.9
DLLS,25,D,21,13,D,0110,1,99,GS-13,J,0110,8,10,F,1,202009,1,108358,05.9
DLLS,13,D,13,12,D,0110,1,99,GS-12,H,0110,8,10,F,1,202009,1,083524,05.9
DLLS,13,E,17,12,D,0110,1,99,GS-12,H,0110,8,10,F,1,202009,1,086219,05.9
DLLS,12,F,17,12,D,0110,1,99,GS-12,H,0110,8,10,F,1,202009,1,087172,05.9
DLLS,11,D,17,12,D,0110,1,99,GS-12,I,0110,8,10,F,1,202009,1,092091,05.9
DLLS,06,D,17,12,D,0110,1,99,GS-12,I,0110,8,10,F,1,202009,1,096375,05.9
DLLS,37,K,04,07,E,0119,3,99,GS-07,D,XXXX,8,10,P,2,202009,1,047939,10.4
DLLS,51,C,13,12,D,0110,1,99,GS-12,H,0110,8,10,F,1,202009,1,084660,05.8
DLLS,06,E,13,07,D,0119,3,99,GS-07,E,XXXX,8,10,P,2,202009,1,058033,05.8
DLLS,11,E,13,14,D,0110,1,99,GS-14,L,0110,2,10,F,1,202009,1,121316,05.8
DLLS,42,E,14,12,D,0110,1,99,GS-12,I,0110,8,10,F,1,202009,1,091738,05.8
DLLS,39,K,07,07,D,0119,3,99,GS-07,D,XXXX,8,10,P,2,202009,1,047963,05.8
DLLS,47,I,13,07,D,0119,3,99,GS-07,D,XXXX,8,10,P,2,202009,1,046133,05.8
DLLS,11,K,17,,D,0110,1,ES,ES-**,S,0110,2,50,F,1,202009,1,193607,05.8
DLLS,11,E,04,12,D,0110,1,99,GS-12,I,0110,8,10,F,1,202009,1,094970,05.8
DLLS,53,F,04,05,D,0119,3,99,GS-05,C,XXXX,8,10,P,2,202009,1,039525,05.7
DLLS,31,D,13,12,D,0110,1,99,GS-12,H,0110,8,10,F,1,202009,1,082105,05.7
DLLS,06,D,04,13,D,0110,1,99,GS-13,J,0110,2,10,F,1,202009,1,107655,05.7
DLLS,06,F,10,06,D,0119,3,99,GS-06,D,XXXX,8,10,P,2,202009,1,045928,05.4
DLLS,29,E,04,12,D,0110,1,99,GS-12,H,0110,8,10,F,1,202009,1,082669,05.4
DLLS,06,E,04,12,D,0110,1,99,GS-12,I,0110,8,10,F,1,202009,1,099827,05.4
DLLS,17,G,17,12,C,0110,1,99,GS-12,H,0110,8,10,F,1,202009,1,087921,03.7
DLLS,11,D,17,13,D,0110,1,99,GS-13,J,0110,8,10,F,1,202009,1,106085,05.3
DLLS,13,E,17,12,D,0110,1,99,GS-12,H,0110,8,10,F,1,202009,1,086219,05.3
DLLS,11,B,13,12,D,0110,1,99,GS-12,H,0110,8,10,F,1,202009,1,086335,05.3
DLLS,11,C,13,12,C,0110,1,99,GS-12,H,0110,8,10,F,1,202009,1,089213,04.3
DLLS,11,C,13,13,D,0110,1,99,GS-13,J,0110,8,10,F,1,202009,1,106085,05.3
DLLS,17,D,17,12,D,0110,1,99,GS-12,H,0110,8,10,F,1,202009,1,085084,05.3
DLLS,48,K,04,07,D,0119,3,99,GS-07,D,XXXX,8,10,P,2,202009,1,046133,09.2
DLLS,11,C,17,12,C,0110,1,99,GS-12,I,0110,8,10,F,1,202009,1,092091,04.1
DLLS,04,K,04,07,D,0119,3,99,GS-07,D,XXXX,8,10,P,2,202009,1,044806,05.3
DLLS,42,C,13,12,D,0110,1,99,GS-12,H,0110,8,10,F,1,202009,1,088958,05.2
DLLS,29,D,04,11,D,0110,1,99,GS-11,F,0110,8,10,F,1,202009,1,066816,05.1
DLLS,06,C,04,12,C,0110,1,99,GS-12,I,0110,8,10,F,1,202009,1,096707,04.1
DLLS,26,D,17,12,D,0110,1,99,GS-12,H,0110,8,10,F,1,202009,1,084244,05.1
DLLS,11,C,13,09,D,0110,1,99,GS-09,F,0110,8,10,F,1,202009,1,065488,05.0
DLLS,25,D,13,12,D,0110,1,99,GS-12,H,0110,8,10,F,1,202009,1,088276,05.0
DLLS,11,C,13,13,D,0110,1,99,GS-13,J,0110,8,10,F,1,202009,1,102663,05.0
DLLS,11,C,13,12,D,0110,1,99,GS-12,H,0110,8,10,F,1,202009,1,089213,05.0
DLLS,11,F,17,12,E,0110,1,99,GS-12,I,0110,8,10,F,1,202009,1,092091,10.0
DLLS,11,C,13,13,D,0110,1,99,GS-13,J,0110,8,10,F,1,202009,1,102663,05.0
DLLS,11,C,13,12,D,0110,1,99,GS-12,I,0110,8,10,F,1,202009,1,092091,05.0
DLLS,11,C,13,12,D,0110,1,99,GS-12,I,0110,8,10,F,1,202009,1,092091,05.0
DLLS,11,D,17,13,D,0110,1,99,GS-13,J,0110,8,10,F,1,202009,1,102663,05.0
DLLS,11,C,13,12,D,0110,1,99,GS-12,I,0110,8,10,F,1,202009,1,092091,05.0
DLLS,29,D,04,12,D,0110,1,99,GS-12,H,0110,8,10,F,1,202009,1,082669,05.0
DLLS,11,D,13,12,C,0110,1,99,GS-12,H,0110,8,10,F,1,202009,1,089213,04.9
DLLS,11,C,04,12,C,0110,1,99,GS-12,H,0110,8,10,F,1,202009,1,089213,04.9
DLLS,11,D,13,12,C,0110,1,99,GS-12,H,0110,8,10,F,1,202009,1,089213,04.9
DLLS,12,I,13,12,C,0110,1,99,GS-12,H,0110,8,10,F,1,202009,1,084447,04.9
DLLS,06,K,13,07,C,0119,3,99,GS-07,E,XXXX,8,10,P,2,202009,1,051632,04.9
DLLS,06,C,13,12,C,0110,1,99,GS-12,H,0110,8,10,F,1,202009,1,087612,04.9
DLLS,06,F,04,12,C,0110,1,99,GS-12,I,0110,8,10,F,1,202009,1,096707,04.9
DLLS,11,D,13,12,C,0110,1,99,GS-12,H,0110,8,10,F,1,202009,1,089213,04.9
DLLS,06,D,13,12,C,0110,1,99,GS-12,H,0110,8,10,F,1,202009,1,087612,04.9
DLLS,13,F,13,07,C,0119,3,99,GS-07,D,XXXX,8,10,P,2,202009,1,044692,04.9
DLLS,13,I,17,07,D,0119,3,99,GS-07,D,XXXX,8,10,P,2,202009,1,044692,05.2
DLLS,11,C,13,12,C,0110,1,99,GS-12,H,0110,8,10,F,1,202009,1,089213,04.9
DLLS,17,C,13,12,C,0110,1,99,GS-12,H,0110,8,10,F,1,202009,1,087921,04.9
DLLS,12,H,17,12,C,0110,1,99,GS-12,H,0110,8,10,F,1,202009,1,084447,04.8
DLLS,25,K,13,06,C,0119,3,99,GS-06,D,XXXX,8,10,P,2,202009,1,047673,04.7
DLLS,25,C,13,12,C,0110,1,99,GS-12,H,0110,8,10,F,1,202009,1,088276,04.7
DLLS,48,I,04,07,D,0119,3,99,GS-07,D,XXXX,8,10,P,2,202009,1,049726,05.0
DLLS,11,H,04,06,C,0119,3,99,GS-06,D,XXXX,8,10,P,2,202009,1,048178,04.7
DLLS,25,C,13,12,C,0110,1,99,GS-12,H,0110,8,10,F,1,202009,1,088276,04.7
DLLS,45,J,13,06,C,0119,3,99,GS-06,D,XXXX,8,10,P,2,202009,1,040218,04.6
DLLS,17,E,13,12,C,0110,1,99,GS-12,H,0110,8,10,F,1,202009,1,085084,04.6
DLLS,17,D,17,09,C,0110,1,99,GS-09,G,0110,8,10,F,1,202009,1,076274,04.6
DLLS,08,C,04,07,C,0119,3,99,GS-07,D,XXXX,8,10,P,2,202009,1,049001,04.5
DLLS,08,D,04,05,C,0119,3,99,GS-05,C,XXXX,8,10,P,2,202009,1,039559,04.5
DLLS,29,E,17,12,C,0110,1,99,GS-12,H,0110,8,10,F,1,202009,1,080085,04.5
DLLS,29,D,04,12,C,0110,1,99,GS-12,H,0110,8,10,F,1,202009,1,080085,04.5
DLLS,47,D,04,05,C,0119,3,99,GS-05,C,XXXX,8,15,P,2,202009,1,037244,03.2
DLLS,11,E,17,12,C,0110,1,99,GS-12,H,0110,8,10,F,1,202009,1,089213,04.4
DLLS,26,F,04,07,C,0119,3,99,GS-07,D,XXXX,8,10,P,2,202009,1,049074,04.4
DLLS,25,I,09,06,C,0119,3,99,GS-06,D,XXXX,8,10,P,2,202009,1,046228,04.4
DLLS,36,I,04,07,C,0119,3,99,GS-07,D,XXXX,8,10,P,2,202009,1,044692,04.4
DLLS,36,I,13,05,C,0119,3,99,GS-05,D,XXXX,8,10,P,2,202009,1,044381,04.4
DLLS,36,D,17,12,C,0110,1,99,GS-12,I,0110,8,10,F,1,202009,1,091606,04.4
DLLS,11,C,17,13,C,0110,1,99,GS-13,J,0110,8,10,F,1,202009,1,102663,04.4
DLLS,54,J,13,07,C,0119,3,99,GS-07,D,XXXX,8,10,P,2,202009,1,044692,04.4
DLLS,54,I,04,06,C,0119,3,99,GS-06,D,XXXX,8,10,P,2,202009,1,042813,04.4
DLLS,11,C,13,12,C,0110,1,99,GS-12,H,0110,8,10,F,1,202009,1,089213,04.3
DLLS,21,J,13,07,C,0119,3,99,GS-07,D,XXXX,8,10,P,2,202009,1,043251,04.3
DLLS,11,C,13,12,C,0110,1,99,GS-12,H,0110,8,10,F,1,202009,1,089213,04.3
DLLS,11,C,13,12,C,0110,1,99,GS-12,H,0110,8,10,F,1,202009,1,089213,04.3
DLLS,11,D,17,12,C,0110,1,99,GS-12,I,0110,8,10,F,1,202009,1,092091,04.3
DLLS,11,E,17,12,C,0110,1,99,GS-12,H,0110,8,10,F,1,202009,1,089213,04.3
DLLS,11,C,04,12,C,0110,1,99,GS-12,H,0110,8,10,F,1,202009,1,089213,04.3
DLLS,11,D,13,12,C,0110,1,99,GS-12,H,0110,8,10,F,1,202009,1,089213,04.3
DLLS,13,C,13,12,C,0110,1,99,GS-12,H,0110,8,10,F,1,202009,1,083524,04.3
DLLS,11,D,17,12,C,0110,1,99,GS-12,H,0110,8,10,F,1,202009,1,089213,04.3
DLLS,11,C,13,12,C,0110,1,99,GS-12,H,0110,8,10,F,1,202009,1,089213,04.3
DLLS,11,G,13,13,C,0110,1,99,GS-13,J,0110,8,10,F,1,202009,1,102663,04.3
DLLS,06,C,13,12,C,0110,1,99,GS-12,I,0110,8,10,F,1,202009,1,090533,04.3
DLLS,06,C,04,13,C,0110,1,99,GS-13,K,0110,2,10,F,1,202009,1,111286,04.3
DLLS,11,C,13,12,C,0110,1,99,GS-12,H,0110,8,10,F,1,202009,1,089213,04.3
DLLS,11,B,13,09,B,0110,1,99,GS-09,E,0110,8,15,F,1,202009,1,059534,01.1
DLLS,11,C,13,12,C,0110,1,99,GS-12,H,0110,8,10,F,1,202009,1,089213,04.3
DLLS,11,C,13,09,B,0110,1,99,GS-09,E,0110,8,15,F,1,202009,1,059534,01.4
DLLS,11,C,13,12,C,0110,1,99,GS-12,H,0110,8,10,F,1,202009,1,086335,03.7
DLLS,11,D,13,12,C,0110,1,99,GS-12,H,0110,8,10,F,1,202009,1,086335,03.3
DLLS,11,C,13,12,C,0110,1,99,GS-12,H,0110,8,15,F,1,202009,1,086335,03.2
DLLS,29,C,04,11,C,0110,1,99,GS-11,F,0110,8,10,F,1,202009,1,069277,04.3
DLLS,11,C,11,11,C,0110,1,99,GS-11,G,0110,8,10,F,1,202009,1,072030,03.7
DLLS,11,E,04,15,C,0110,1,99,GS-15,O,0110,2,10,F,1,202009,1,152215,04.3
DLLS,11,C,13,12,C,0110,1,99,GS-12,H,0110,8,10,F,1,202009,1,086335,03.2
DLLS,11,C,13,12,C,0110,1,99,GS-12,H,0110,8,10,F,1,202009,1,089213,04.3
DLLS,11,C,13,12,C,0110,1,99,GS-12,H,0110,8,10,F,1,202009,1,089213,04.3
DLLS,48,D,17,07,C,0119,3,99,GS-07,D,XXXX,8,10,P,2,202009,1,043556,04.3
DLLS,25,F,13,12,C,0110,1,99,GS-12,H,0110,8,10,F,1,202009,1,088276,04.3
DLLS,48,C,13,09,B,0110,1,99,GS-09,E,0110,8,15,F,1,202009,1,057025,01.5
DLLS,13,F,13,07,C,0110,1,99,GS-07,E,0110,8,10,F,1,202009,1,053159,04.9
DLLS,11,C,13,12,C,0110,1,99,GS-12,I,0110,8,10,F,1,202009,1,092091,04.1
DLLS,13,C,13,12,C,0110,1,99,GS-12,H,0110,8,10,F,1,202009,1,083524,04.1
DLLS,48,G,21,12,B,0110,1,99,GS-12,H,0110,8,15,F,1,202009,1,082696,02.8
DLLS,11,E,13,12,C,0110,1,99,GS-12,H,0110,8,10,F,1,202009,1,089213,04.1
DLLS,06,C,13,09,C,0110,1,99,GS-09,F,0110,8,10,F,1,202009,1,064535,03.5
DLLS,08,C,04,12,C,0110,1,99,GS-12,H,0110,8,10,F,1,202009,1,086923,04.0
DLLS,48,F,13,12,C,0110,1,99,GS-12,H,0110,8,10,F,1,202009,1,082696,04.0
DLLS,11,D,17,11,B,0110,1,99,GS-11,G,0110,8,15,F,1,202009,1,072030,01.9
DLLS,47,H,13,12,C,0110,1,99,GS-12,G,0110,8,10,F,1,202009,1,076721,03.9
DLLS,48,C,13,07,C,0110,1,99,GS-07,E,0110,8,15,F,1,202009,1,052833,03.9
DLLS,11,C,13,13,C,0110,1,99,GS-13,J,0110,8,10,F,1,202009,1,102663,03.9
DLLS,25,C,13,12,C,0110,1,99,GS-12,H,0110,8,10,F,1,202009,1,085428,03.8
DLLS,11,H,21,14,C,0110,1,99,GS-14,O,0110,8,10,F,1,202009,1,157709,03.8
DLLS,11,D,17,13,C,0110,1,99,GS-13,J,0110,8,10,F,1,202009,1,102663,03.8
DLLS,34,J,04,06,C,0119,3,99,GS-06,D,XXXX,8,10,P,2,202009,1,047972,03.8
DLLS,11,D,17,12,C,0110,1,99,GS-12,H,0110,8,10,F,1,202009,1,089213,03.8
DLLS,06,J,13,07,C,0119,3,99,GS-07,E,XXXX,8,10,P,2,202009,1,051036,03.8
DLLS,36,C,13,12,C,0110,1,99,GS-12,H,0110,8,10,F,1,202009,1,088651,03.8
DLLS,36,G,04,06,C,0119,3,99,GS-06,D,XXXX,8,10,P,2,202009,1,047972,03.8
DLLS,36,G,04,05,C,0119,3,99,GS-05,D,XXXX,8,10,P,2,202009,1,044381,03.8
DLLS,49,K,04,07,H,0119,3,99,GS-07,E,XXXX,8,10,P,2,202009,1,053339,25.9
DLLS,11,C,13,12,C,0110,1,99,GS-12,H,0110,8,10,F,1,202009,1,086335,03.7
DLLS,11,C,13,12,C,0110,1,99,GS-12,H,0110,8,15,F,1,202009,1,086335,03.2
DLLS,11,C,04,11,B,0110,1,99,GS-11,G,0110,8,15,F,1,202009,1,074431,01.8
DLLS,11,C,13,12,C,0110,1,99,GS-12,H,0110,8,15,F,1,202009,1,086335,03.0
DLLS,17,C,04,12,C,0110,1,99,GS-12,H,0110,8,10,F,1,202009,1,085084,03.7
DLLS,11,C,13,11,B,0110,1,99,GS-11,G,0110,8,15,F,1,202009,1,072030,02.1
DLLS,29,C,04,12,C,0110,1,99,GS-12,G,0110,8,10,F,1,202009,1,077845,03.7
DLLS,41,C,13,12,C,0110,1,99,GS-12,H,0110,8,10,F,1,202009,1,081875,03.7
DLLS,36,G,04,06,C,0119,3,99,GS-06,D,XXXX,8,10,P,2,202009,1,043038,03.7
DLLS,11,C,17,13,C,0110,1,99,GS-13,J,0110,8,10,F,1,202009,1,102663,03.7
DLLS,36,E,21,05,C,0119,3,99,GS-05,D,XXXX,8,15,P,2,202009,1,041691,03.3
DLLS,11,C,13,12,C,0110,1,99,GS-12,H,0110,8,15,F,1,202009,1,086335,03.2
DLLS,11,C,13,12,C,0110,1,99,GS-12,H,0110,8,10,F,1,202009,1,086335,03.7
DLLS,48,H,04,06,C,0119,3,99,GS-06,D,XXXX,8,10,P,2,202009,1,043351,03.7
DLLS,11,C,13,12,C,0110,1,99,GS-12,H,0110,8,10,F,1,202009,1,086335,03.7
DLLS,13,C,04,09,C,0110,1,99,GS-09,E,0110,8,10,F,1,202009,1,055738,03.7
DLLS,22,E,04,05,C,0119,3,99,GS-05,C,XXXX,8,10,P,2,202009,1,036080,03.7
DLLS,11,C,17,12,C,0110,1,99,GS-12,H,0110,8,15,F,1,202009,1,089213,03.3
DLLS,11,C,13,12,C,0110,1,99,GS-12,H,0110,8,15,F,1,202009,1,086335,03.1
DLLS,13,D,04,12,C,0110,1,99,GS-12,H,0110,8,10,F,1,202009,1,083524,03.7
DLLS,11,D,17,11,B,0110,1,99,GS-11,G,0110,8,15,F,1,202009,1,072030,02.9
DLLS,48,J,04,06,C,0119,3,99,GS-06,D,XXXX,8,10,P,2,202009,1,044749,03.7
DLLS,11,C,17,12,C,0110,1,99,GS-12,H,0110,8,15,F,1,202009,1,086335,03.7
DLLS,42,E,04,07,C,0110,1,99,GS-07,D,0110,8,15,F,1,202009,1,047014,03.7
DLLS,22,H,04,06,C,0119,3,99,GS-06,D,XXXX,8,10,P,2,202009,1,041516,03.7
DLLS,22,E,04,06,C,0119,3,99,GS-06,D,XXXX,8,10,P,2,202009,1,041516,03.7
DLLS,27,D,04,12,C,0110,1,99,GS-12,H,0110,8,10,F,1,202009,1,082484,03.7
DLLS,11,D,17,14,C,0110,1,99,GS-14,M,0110,8,10,F,1,202009,1,133447,03.7
DLLS,41,E,13,12,C,0110,1,99,GS-12,H,0110,8,10,F,1,202009,1,081875,03.7
DLLS,34,G,04,06,C,0119,3,99,GS-06,D,XXXX,8,10,P,2,202009,1,047972,03.7
DLLS,11,G,21,12,C,0110,1,99,GS-12,H,0110,8,10,F,1,202009,1,089213,03.8
DLLS,11,D,17,12,C,0110,1,99,GS-12,H,0110,8,15,F,1,202009,1,086335,03.5
DLLS,24,I,04,05,A,0119,3,99,GS-05,C,XXXX,8,15,P,2,202009,1,039291,00.0
DLLS,36,D,04,05,A,0119,3,99,GS-05,D,XXXX,8,15,P,2,202009,1,040345,00.3
DLLS,11,B,13,09,B,0110,1,99,GS-09,E,0110,8,15,F,1,202009,1,059534,02.3
DLLS,06,J,13,05,A,0119,3,99,GS-05,D,XXXX,8,15,P,2,202009,1,042592,00.4
DLLS,11,B,13,07,A,0110,1,99,GS-07,D,0110,8,15,F,1,202009,1,048670,00.2
DLLS,13,J,04,05,D,0119,3,99,GS-05,D,XXXX,8,15,P,2,202009,1,046598,07.2
DLLS,42,E,13,09,B,0110,1,99,GS-09,E,0110,8,15,F,1,202009,1,057508,01.9
DLLS,48,I,04,05,E,0119,3,99,GS-05,D,XXXX,8,15,P,2,202009,1,048928,13.9
DLLS,29,D,17,11,B,0110,1,99,GS-11,F,0110,8,15,F,1,202009,1,064948,02.1
DLLS,04,G,13,06,B,0119,3,99,GS-06,D,XXXX,8,15,P,2,202009,1,044353,02.4
DLLS,13,C,17,11,B,0110,1,99,GS-11,F,0110,8,15,F,1,202009,1,067437,02.8
DLLS,29,E,17,05,B,0119,3,99,GS-05,C,XXXX,8,15,P,2,202009,1,036609,01.1
DLLS,11,F,04,09,A,0110,1,99,GS-09,E,0110,8,15,F,1,202009,1,059534,00.9
DLLS,37,F,17,05,B,0119,3,99,GS-05,C,XXXX,8,15,P,2,202009,1,037244,02.3
DLLS,55,I,04,06,B,0119,3,99,GS-06,D,XXXX,8,15,P,2,202009,1,040603,02.3
DLLS,05,I,04,06,B,0119,3,99,GS-06,C,XXXX,8,15,P,2,202009,1,038921,02.3
DLLS,20,C,04,06,B,0119,3,99,GS-06,C,XXXX,8,15,P,2,202009,1,038921,02.3
DLLS,06,C,17,07,B,0110,1,99,GS-07,E,0110,8,15,F,1,202009,1,052759,02.3
DLLS,05,C,13,06,B,0119,3,99,GS-06,C,XXXX,8,15,P,2,202009,1,038921,02.3
DLLS,11,B,04,07,A,0110,1,99,GS-07,D,0110,8,35,F,1,202009,1,048670,00.1
DLLS,34,I,04,05,B,0119,3,99,GS-05,D,XXXX,8,15,P,2,202009,1,043036,02.3
DLLS,37,D,04,05,D,0119,3,99,GS-05,C,XXXX,8,15,P,2,202009,1,038408,07.3
DLLS,11,B,17,09,B,0110,1,99,GS-09,E,0110,8,15,F,1,202009,1,059534,01.3
DLLS,53,H,17,06,B,0119,3,99,GS-06,C,XXXX,8,20,P,2,202009,1,038921,02.3
DLLS,36,E,13,06,B,0119,3,99,GS-06,D,XXXX,8,15,P,2,202009,1,044973,02.2
DLLS,34,D,04,06,B,0119,3,99,GS-06,D,XXXX,8,15,P,2,202009,1,044973,02.2
DLLS,42,E,10,06,B,0119,3,99,GS-06,D,XXXX,8,15,P,2,202009,1,042308,02.2
DLLS,11,E,17,12,B,0110,1,99,GS-12,H,0110,8,15,F,1,202009,1,086335,02.2
DLLS,48,H,13,05,B,0119,3,99,GS-05,C,XXXX,8,15,P,2,202009,1,037244,02.2
DLLS,11,C,17,12,B,0110,1,99,GS-12,H,0110,8,15,F,1,202009,1,086335,02.2
DLLS,48,G,04,05,B,0119,3,99,GS-05,D,XXXX,8,15,P,2,202009,1,048928,01.1
DLLS,26,I,04,06,B,0119,3,99,GS-06,D,XXXX,8,15,P,2,202009,1,042738,02.2
DLLS,55,H,04,06,B,0119,3,99,GS-06,D,XXXX,8,15,P,2,202009,1,040603,02.2
DLLS,31,J,04,06,B,0119,3,99,GS-06,C,XXXX,8,15,P,2,202009,1,038921,02.2
DLLS,11,D,13,11,B,0110,1,99,GS-11,G,0110,8,15,F,1,202009,1,072030,02.0
DLLS,25,G,04,05,B,0119,3,99,GS-05,D,XXXX,8,15,P,2,202009,1,041471,02.2
DLLS,42,J,04,06,B,0119,3,99,GS-06,D,XXXX,8,15,P,2,202009,1,042308,02.1
DLLS,42,F,17,07,B,0110,1,99,GS-07,D,0110,8,15,F,1,202009,1,047014,02.1
DLLS,39,I,04,06,E,0119,3,99,GS-06,E,XXXX,8,10,P,2,202009,1,052008,12.0
DLLS,11,C,13,11,B,0110,1,99,GS-11,G,0110,8,15,F,1,202009,1,072030,02.0
DLLS,41,F,13,09,B,0110,1,99,GS-09,F,0110,8,15,F,1,202009,1,063987,02.0
DLLS,11,C,13,11,B,0110,1,99,GS-11,G,0110,8,15,F,1,202009,1,072030,02.0
DLLS,11,C,17,11,B,0110,1,99,GS-11,G,0110,8,15,F,1,202009,1,072030,02.0
DLLS,06,H,04,06,B,0119,3,99,GS-06,C,XXXX,8,15,P,2,202009,1,038921,02.0
DLLS,11,D,17,12,B,0110,1,99,GS-12,H,0110,8,15,F,1,202009,1,086335,02.1
DLLS,11,D,13,11,B,0110,1,99,GS-11,G,0110,8,15,F,1,202009,1,072030,02.1
DLLS,11,C,13,11,B,0110,1,99,GS-11,G,0110,8,15,F,1,202009,1,072030,02.1
DLLS,11,E,13,11,B,0110,1,99,GS-11,G,0110,8,15,F,1,202009,1,072030,02.1
DLLS,11,C,13,09,B,0110,1,99,GS-09,F,0110,8,15,F,1,202009,1,061519,02.0
DLLS,11,B,13,11,B,0110,1,99,GS-11,G,0110,8,15,F,1,202009,1,072030,02.0
DLLS,15,J,04,05,B,0119,3,99,GS-05,D,XXXX,8,10,P,2,202009,1,046807,01.3
DLLS,11,J,04,06,B,0119,3,99,GS-06,D,XXXX,8,15,P,2,202009,1,043798,02.0
DLLS,24,D,13,06,B,0119,3,99,GS-06,D,XXXX,8,15,P,2,202009,1,043798,02.0
DLLS,11,D,17,11,B,0110,1,99,GS-11,G,0110,8,15,F,1,202009,1,072030,01.9
DLLS,25,C,13,11,B,0110,1,99,GS-11,G,0110,8,15,F,1,202009,1,071274,01.9
DLLS,34,C,09,06,B,0119,3,99,GS-06,D,XXXX,8,15,P,2,202009,1,044973,01.9
DLLS,34,J,09,05,B,0119,3,99,GS-05,D,XXXX,8,15,P,2,202009,1,041691,01.9
DLLS,11,D,13,09,B,0110,1,99,GS-09,E,0110,8,15,F,1,202009,1,059534,01.9
DLLS,11,F,13,11,B,0110,1,99,GS-11,G,0110,8,15,F,1,202009,1,072030,01.9
DLLS,11,D,17,11,B,0110,1,99,GS-11,G,0110,8,15,F,1,202009,1,072030,01.9
DLLS,11,D,17,11,B,0110,1,99,GS-11,G,0110,8,15,F,1,202009,1,072030,01.9
DLLS,47,I,04,06,B,0119,3,99,GS-06,C,XXXX,8,15,P,2,202009,1,038921,01.9
DLLS,48,I,04,05,A,0119,3,99,GS-05,D,XXXX,8,15,P,2,202009,1,040147,00.7
DLLS,13,C,04,09,B,0110,1,99,GS-09,E,0110,8,15,F,1,202009,1,055738,01.9
DLLS,42,B,13,09,B,0110,1,99,GS-09,E,0110,8,15,F,1,202009,1,057508,01.9
DLLS,11,B,13,09,B,0110,1,99,GS-09,E,0110,8,15,F,1,202009,1,059534,01.9
DLLS,11,C,17,11,B,0110,1,99,GS-11,G,0110,8,15,F,1,202009,1,072030,01.9
DLLS,25,C,13,09,B,0110,1,99,GS-09,E,0110,8,15,F,1,202009,1,058909,01.8
DLLS,48,F,17,09,B,0110,1,99,GS-09,E,0110,8,15,F,1,202009,1,057025,01.8
DLLS,31,H,04,06,B,0119,3,99,GS-06,C,XXXX,8,15,P,2,202009,1,039048,01.8
DLLS,11,D,04,11,B,0110,1,99,GS-11,G,0110,8,15,F,1,202009,1,072030,01.8
DLLS,11,C,17,11,B,0110,1,99,GS-11,G,0110,8,15,F,1,202009,1,072030,01.8
DLLS,11,C,13,11,B,0110,1,99,GS-11,G,0110,8,15,F,1,202009,1,072030,01.8
DLLS,36,F,11,06,B,0119,3,99,GS-06,D,XXXX,8,15,P,2,202009,1,044973,01.8
DLLS,11,F,13,09,B,0110,1,99,GS-09,E,0110,8,15,F,1,202009,1,059534,01.8
DLLS,17,K,04,06,B,0119,3,99,GS-06,D,XXXX,8,15,P,2,202009,1,043164,01.8
DLLS,17,G,04,06,B,0119,3,99,GS-06,D,XXXX,8,15,P,2,202009,1,043164,01.8
DLLS,11,F,17,11,B,0110,1,99,GS-11,G,0110,8,15,F,1,202009,1,072030,01.8
DLLS,17,E,04,06,B,0119,3,99,GS-06,C,XXXX,8,15,P,2,202009,1,038921,01.8
DLLS,11,B,13,09,B,0110,1,99,GS-09,E,0110,8,15,F,1,202009,1,059534,01.8
DLLS,11,C,13,09,B,0110,1,99,GS-09,E,0110,8,15,F,1,202009,1,059534,01.8
DLLS,11,C,17,09,B,0110,1,99,GS-09,E,0110,8,15,F,1,202009,1,059534,01.8
DLLS,11,D,13,09,B,0110,1,99,GS-09,E,0110,8,15,F,1,202009,1,059534,01.7
DLLS,11,B,13,09,B,0110,1,99,GS-09,E,0110,8,15,F,1,202009,1,059534,01.7
DLLS,11,C,13,09,B,0110,1,99,GS-09,E,0110,8,15,F,1,202009,1,059534,01.7
DLLS,36,H,17,09,B,0110,1,99,GS-09,F,0110,8,15,F,1,202009,1,061131,01.7
DLLS,12,J,04,05,A,0119,3,99,GS-05,C,XXXX,8,15,P,2,202009,1,034916,00.2
DLLS,11,B,13,09,B,0110,1,99,GS-09,E,0110,8,15,F,1,202009,1,059534,01.6
DLLS,36,F,04,05,A,0119,3,99,GS-05,D,XXXX,8,15,P,2,202009,1,040345,00.2
DLLS,36,F,17,11,B,0110,1,99,GS-11,G,0110,8,15,F,1,202009,1,073962,01.6
DLLS,42,C,13,09,B,0110,1,99,GS-09,E,0110,8,15,F,1,202009,1,057508,01.6
DLLS,06,F,04,06,B,0119,3,99,GS-06,D,XXXX,8,15,P,2,202009,1,043560,01.6
DLLS,42,C,13,09,B,0110,1,99,GS-09,E,0110,8,15,F,1,202009,1,057508,01.6
DLLS,25,C,17,11,B,0110,1,99,GS-11,G,0110,8,15,F,1,202009,1,071274,01.5
DLLS,42,C,13,09,B,0110,1,99,GS-09,E,0110,8,15,F,1,202009,1,057508,01.5
DLLS,11,H,04,06,B,0119,3,99,GS-06,D,XXXX,8,15,P,2,202009,1,043798,01.5
DLLS,48,C,17,09,B,0110,1,99,GS-09,E,0110,8,15,F,1,202009,1,057025,01.6
DLLS,06,J,04,05,B,0119,3,99,GS-05,C,XXXX,8,15,P,2,202009,1,036080,01.5
DLLS,25,H,04,05,C,0119,3,99,GS-05,D,XXXX,8,10,P,2,202009,1,040175,03.0
DLLS,42,E,13,09,B,0110,1,99,GS-09,E,0110,8,15,F,1,202009,1,057508,01.5
DLLS,25,K,04,06,B,0119,3,99,GS-06,D,XXXX,8,15,P,2,202009,1,043466,01.5
DLLS,11,K,04,,B,0110,1,99,EX-04,O,0110,2,46,F,2,202009,1,158500,01.4
DLLS,49,E,17,05,B,0119,3,99,GS-05,C,XXXX,8,15,P,2,202009,1,036080,01.5
DLLS,11,C,17,07,B,0110,1,99,GS-07,E,0110,8,15,F,1,202009,1,050292,01.3
DLLS,18,F,04,06,B,0119,3,99,GS-06,C,XXXX,8,15,P,2,202009,1,038921,01.3
DLLS,42,D,10,05,B,0119,3,99,GS-05,C,XXXX,8,15,P,2,202009,1,039220,01.3
DLLS,54,I,04,05,B,0119,3,99,GS-05,C,XXXX,8,15,P,2,202009,1,036080,01.3
DLLS,06,C,17,11,B,0110,1,99,GS-11,G,0110,8,15,F,1,202009,1,078081,01.3
DLLS,29,E,04,05,B,0119,3,99,GS-05,C,XXXX,8,15,P,2,202009,1,036609,01.3
DLLS,26,C,13,06,B,0119,3,99,GS-06,D,XXXX,8,15,P,2,202009,1,042738,01.3
DLLS,36,D,13,11,B,0110,1,99,GS-11,G,0110,8,15,F,1,202009,1,073962,01.3
DLLS,53,E,04,05,B,0119,3,99,GS-05,C,XXXX,8,15,P,2,202009,1,039525,01.3
DLLS,48,J,13,05,B,0119,3,99,GS-05,C,XXXX,8,15,P,2,202009,1,036080,01.3
DLLS,48,D,10,05,B,0119,3,99,GS-05,C,XXXX,8,15,P,2,202009,1,036080,01.3
DLLS,11,D,17,12,B,0110,1,99,GS-12,H,0110,8,15,F,1,202009,1,089213,01.3
DLLS,11,B,13,12,B,0110,1,99,GS-12,H,0110,8,15,F,1,202009,1,086335,01.3
DLLS,11,B,13,12,B,0110,1,99,GS-12,H,0110,8,15,F,1,202009,1,086335,01.3
DLLS,11,C,13,09,A,0110,1,99,GS-09,E,0110,8,35,F,1,202009,1,059534,00.3
DLLS,06,D,04,05,B,0119,3,99,GS-05,D,XXXX,8,15,P,2,202009,1,044012,01.3
DLLS,42,H,13,05,B,0119,3,99,GS-05,C,XXXX,8,15,P,2,202009,1,039220,01.3
DLLS,11,D,17,12,B,0110,1,99,GS-12,H,0110,8,15,F,1,202009,1,089213,01.2
DLLS,11,J,04,05,B,0119,3,99,GS-05,D,XXXX,8,15,P,2,202009,1,040601,01.2
DLLS,36,B,17,11,B,0110,1,99,GS-11,G,0110,8,15,F,1,202009,1,073962,01.2
DLLS,11,B,13,09,B,0110,1,99,GS-09,E,0110,8,15,F,1,202009,1,059534,01.2
DLLS,11,B,13,09,B,0110,1,99,GS-09,E,0110,8,15,F,1,202009,1,059534,01.2
DLLS,11,B,17,09,B,0110,1,99,GS-09,E,0110,8,15,F,1,202009,1,059534,01.1
DLLS,11,C,13,09,B,0110,1,99,GS-09,E,0110,8,15,F,1,202009,1,059534,01.1
DLLS,24,H,04,05,B,0119,3,99,GS-05,D,XXXX,8,15,P,2,202009,1,040601,01.1
DLLS,39,B,17,11,B,0110,1,99,GS-11,F,0110,8,15,F,1,202009,1,066548,01.1
DLLS,06,D,13,07,B,0110,1,99,GS-07,E,0110,8,15,F,1,202009,1,051036,01.1
DLLS,31,I,04,05,B,0119,3,99,GS-05,C,XXXX,8,15,P,2,202009,1,035030,01.1
DLLS,48,E,10,05,B,0119,3,99,GS-05,C,XXXX,8,15,P,2,202009,1,036080,01.1
DLLS,15,F,17,05,B,0119,3,99,GS-05,C,XXXX,8,15,P,2,202009,1,037203,01.1
DLLS,25,I,04,05,B,0119,3,99,GS-05,D,XXXX,8,15,P,2,202009,1,040175,01.1
DLLS,11,D,04,12,B,0110,1,99,GS-12,I,0110,8,15,F,1,202009,1,094970,01.1
DLLS,36,K,04,05,B,0119,3,99,GS-05,D,XXXX,8,15,P,2,202009,1,041691,01.1
DLLS,11,B,13,09,B,0110,1,99,GS-09,E,0110,8,15,F,1,202009,1,059534,01.1
DLLS,11,C,04,13,B,0110,1,99,GS-13,K,0110,8,15,F,1,202009,1,119775,01.1
DLLS,11,B,13,09,B,0110,1,99,GS-09,E,0110,8,15,F,1,202009,1,059534,01.1
DLLS,11,B,04,09,B,0110,1,99,GS-09,E,0110,8,15,F,1,202009,1,059534,01.1
DLLS,11,C,21,12,B,0110,1,99,GS-12,K,0110,8,15,F,1,202009,1,112240,01.1
DLLS,11,E,04,12,B,0110,1,99,GS-12,I,0110,8,15,F,1,202009,1,097848,01.0
DLLS,11,B,13,09,B,0110,1,99,GS-09,E,0110,8,15,F,1,202009,1,059534,01.0
DLLS,11,C,13,09,B,0110,1,99,GS-09,E,0110,8,15,F,1,202009,1,059534,01.0
DLLS,11,B,13,09,B,0110,1,99,GS-09,E,0110,8,15,F,1,202009,1,059534,01.0
DLLS,11,E,13,09,B,0110,1,99,GS-09,F,0110,8,15,F,1,202009,1,067473,01.0
DLLS,11,D,21,13,B,0110,1,99,GS-13,M,0110,8,15,F,1,202009,1,133465,01.0
DLLS,11,E,21,13,B,0110,1,99,GS-13,J,0110,8,15,F,1,202009,1,102663,01.0
DLLS,11,B,13,09,B,0110,1,99,GS-09,E,0110,8,15,F,1,202009,1,059534,01.0
DLLS,48,K,04,05,B,0119,3,99,GS-05,C,XXXX,8,15,P,2,202009,1,038890,01.0
DLLS,11,D,13,07,A,0110,1,99,GS-07,D,0110,8,15,F,1,202009,1,048670,00.9
DLLS,17,I,04,05,A,0119,3,99,GS-05,C,XXXX,8,15,P,2,202009,1,038722,00.9
DLLS,15,D,13,05,A,0119,3,99,GS-05,C,XXXX,8,15,P,2,202009,1,036003,00.9
DLLS,11,D,17,09,A,0110,1,99,GS-09,E,0110,8,15,F,1,202009,1,059534,00.8
DLLS,18,H,04,05,A,0119,3,99,GS-05,C,XXXX,8,15,P,2,202009,1,035208,00.8
DLLS,40,I,04,05,A,0119,3,99,GS-05,D,XXXX,8,10,P,2,202009,1,044229,00.8
DLLS,41,F,17,07,A,0110,1,99,GS-07,D,0110,8,15,F,1,202009,1,046156,00.8
DLLS,12,E,04,05,A,0119,3,99,GS-05,C,XXXX,8,15,P,2,202009,1,034916,00.8
DLLS,04,D,10,05,A,0119,3,99,GS-05,C,XXXX,8,15,P,2,202009,1,036172,00.8
DLLS,06,B,04,07,A,0110,1,99,GS-07,D,0110,8,15,F,1,202009,1,049390,00.8
DLLS,36,D,17,07,A,0110,1,99,GS-07,D,0110,8,15,F,1,202009,1,049976,00.8
DLLS,32,D,13,05,A,0119,3,99,GS-05,C,XXXX,8,15,P,2,202009,1,035437,00.8
DLLS,40,J,04,05,A,0119,3,99,GS-05,C,XXXX,8,15,P,2,202009,1,034916,00.8
DLLS,41,I,17,05,A,0119,3,99,GS-05,C,XXXX,8,15,P,2,202009,1,037262,00.8
DLLS,36,B,13,07,A,0110,1,99,GS-07,D,0110,8,15,F,1,202009,1,049976,00.7
DLLS,36,C,13,07,A,0110,1,99,GS-07,D,0110,8,15,F,1,202009,1,049976,00.7
DLLS,17,C,17,09,A,0110,1,99,GS-09,E,0110,8,15,F,1,202009,1,058672,00.7
DLLS,26,G,04,05,A,0119,3,99,GS-05,C,XXXX,8,15,P,2,202009,1,038340,00.7
DLLS,37,H,04,05,A,0119,3,99,GS-05,C,XXXX,8,15,P,2,202009,1,034916,00.7
DLLS,48,C,04,05,A,0119,3,99,GS-05,D,XXXX,8,15,P,2,202009,1,040147,00.7
DLLS,06,B,13,07,A,0110,1,99,GS-07,E,0110,8,15,F,1,202009,1,052759,00.7
DLLS,39,J,13,05,A,0119,3,99,GS-05,C,XXXX,8,15,P,2,202009,1,036301,00.7
DLLS,48,I,04,05,A,0119,3,99,GS-05,D,XXXX,8,15,P,2,202009,1,040147,00.7
DLLS,36,K,04,05,A,0119,3,99,GS-05,C,XXXX,8,15,P,2,202009,1,034916,00.6
DLLS,39,D,13,05,A,0119,3,99,GS-05,C,XXXX,8,15,P,2,202009,1,036383,00.6
DLLS,17,I,04,05,A,0119,3,99,GS-05,C,XXXX,8,15,P,2,202009,1,038722,00.6
DLLS,29,C,04,05,A,0119,3,99,GS-05,C,XXXX,8,15,P,2,202009,1,035428,00.6
DLLS,28,I,04,05,A,0119,3,99,GS-05,C,XXXX,8,15,P,2,202009,1,034916,00.6
DLLS,37,F,04,05,A,0119,3,99,GS-05,C,XXXX,8,15,P,2,202009,1,034916,00.5
DLLS,42,H,04,05,A,0119,3,99,GS-05,C,XXXX,8,15,P,2,202009,1,035955,00.5
DLLS,42,F,13,05,A,0119,3,99,GS-05,C,XXXX,8,15,P,2,202009,1,037954,00.5
DLLS,42,D,13,05,A,0119,3,99,GS-05,C,XXXX,8,15,P,2,202009,1,037954,00.5
DLLS,11,C,04,09,A,0110,1,99,GS-09,E,0110,8,15,F,1,202009,1,059534,00.5
DLLS,11,C,04,09,A,0110,1,99,GS-09,E,0110,8,15,F,1,202009,1,059534,00.5
DLLS,11,C,04,07,A,0110,1,99,GS-07,D,0110,8,15,F,1,202009,1,048670,00.5
DLLS,39,K,17,05,A,0119,3,99,GS-05,C,XXXX,8,15,P,2,202009,1,036142,00.5
DLLS,20,D,04,05,A,0119,3,99,GS-05,C,XXXX,8,15,P,2,202009,1,034916,00.5
DLLS,49,K,04,05,A,0119,3,99,GS-05,C,XXXX,8,15,P,2,202009,1,034916,00.5
DLLS,06,C,13,07,A,0110,1,99,GS-07,E,0110,8,15,F,1,202009,1,052759,00.5
DLLS,11,E,17,09,A,0110,1,99,GS-09,E,0110,8,15,F,1,202009,1,059534,00.5
DLLS,11,B,04,07,A,0110,1,99,GS-07,D,0110,8,15,F,1,202009,1,048670,00.4
DLLS,11,B,13,07,A,0110,1,99,GS-07,D,0110,8,15,F,1,202009,1,048670,00.4
DLLS,11,D,13,07,A,0110,1,99,GS-07,D,0110,8,15,F,1,202009,1,048670,00.4
DLLS,11,D,04,07,B,0110,1,99,GS-07,D,0110,8,15,F,1,202009,1,048670,01.8
DLLS,11,B,04,07,A,0110,1,99,GS-07,D,0110,8,15,F,1,202009,1,048670,00.4
DLLS,42,B,13,07,A,0110,1,99,GS-07,D,0110,8,15,F,1,202009,1,047014,00.4
DLLS,11,B,13,07,A,0110,1,99,GS-07,D,0110,8,15,F,1,202009,1,048670,00.4
DLLS,11,B,04,07,A,0110,1,99,GS-07,D,0110,8,15,F,1,202009,1,048670,00.4
DLLS,05,H,04,05,A,0119,3,99,GS-05,C,XXXX,8,15,P,2,202009,1,034916,00.4
DLLS,48,I,04,05,A,0119,3,99,GS-05,C,XXXX,8,15,P,2,202009,1,037635,00.5
DLLS,11,B,04,09,A,0110,1,99,GS-09,E,0110,8,15,F,1,202009,1,059534,00.4
DLLS,29,J,04,05,A,0119,3,99,GS-05,C,XXXX,8,15,P,2,202009,1,035428,00.4
DLLS,11,B,04,07,A,0110,1,99,GS-07,D,0110,8,15,F,1,202009,1,048670,00.4
DLLS,11,C,04,09,A,0110,1,99,GS-09,E,0110,8,15,F,1,202009,1,059534,00.4
DLLS,11,C,13,07,A,0110,1,99,GS-07,D,0110,8,15,F,1,202009,1,048670,00.4
DLLS,11,C,04,07,A,0110,1,99,GS-07,D,0110,8,15,F,1,202009,1,048670,00.4
DLLS,11,B,04,07,A,0110,1,99,GS-07,D,0110,8,15,F,1,202009,1,048670,00.4
DLLS,37,C,04,07,A,0110,1,99,GS-07,D,0110,8,15,F,1,202009,1,044944,00.3
DLLS,11,B,13,07,A,0110,1,99,GS-07,D,0110,8,15,F,1,202009,1,048670,00.3
DLLS,11,C,17,09,A,0110,1,99,GS-09,E,0110,8,15,F,1,202009,1,059534,00.3
DLLS,11,B,17,09,A,0110,1,99,GS-09,E,0110,8,15,F,1,202009,1,059534,00.4
DLLS,01,K,04,05,A,0119,3,99,GS-05,C,XXXX,8,15,P,2,202009,1,036090,00.3
DLLS,11,B,13,07,A,0110,1,99,GS-07,D,0110,8,15,F,1,202009,1,048670,00.4
DLLS,28,E,04,05,A,0119,3,99,GS-05,C,XXXX,8,15,P,2,202009,1,034916,00.4
DLLS,22,J,04,05,A,0119,3,99,GS-05,C,XXXX,8,15,P,2,202009,1,034916,00.4
DLLS,06,K,04,05,A,0119,3,99,GS-05,C,XXXX,8,15,P,2,202009,1,039078,00.4
DLLS,11,C,13,07,A,0110,1,99,GS-07,D,0110,8,15,F,1,202009,1,048670,00.4
DLLS,53,F,04,05,A,0119,3,99,GS-05,C,XXXX,8,15,P,2,202009,1,034916,00.4
DLLS,53,I,04,05,A,0119,3,99,GS-05,C,XXXX,8,15,P,2,202009,1,034916,00.3
DLLS,11,B,13,07,A,0110,1,99,GS-07,D,0110,8,15,F,1,202009,1,048670,00.3
DLLS,25,J,04,05,A,0119,3,99,GS-05,C,XXXX,8,15,P,2,202009,1,038879,00.3
DLLS,36,E,04,05,A,0119,3,99,GS-05,D,XXXX,8,15,P,2,202009,1,040345,00.3
DLLS,13,D,04,05,A,0119,3,99,GS-05,C,XXXX,8,15,P,2,202009,1,036786,00.3
DLLS,11,B,13,07,A,0110,1,99,GS-07,D,0110,8,15,F,1,202009,1,048670,00.3
DLLS,21,B,13,05,A,0119,3,99,GS-05,C,XXXX,8,15,P,2,202009,1,034916,00.3
DLLS,31,G,04,05,A,0119,3,99,GS-05,C,XXXX,8,15,P,2,202009,1,034916,00.3
DLLS,11,B,13,07,A,0110,1,99,GS-07,D,0110,8,15,F,1,202009,1,048670,00.3
DLLS,11,C,13,07,A,0110,1,99,GS-07,D,0110,8,15,F,1,202009,1,048670,00.3
DLLS,11,D,13,09,A,0110,1,99,GS-09,E,0110,8,15,F,1,202009,1,059534,00.3
DLLS,11,C,13,07,A,0110,1,99,GS-07,D,0110,8,15,F,1,202009,1,048670,00.3
DLLS,11,C,17,09,A,0110,1,99,GS-09,E,0110,8,15,F,1,202009,1,059534,00.2
DLLS,31,J,04,05,A,0119,3,99,GS-05,C,XXXX,8,15,P,2,202009,1,035030,00.3
DLLS,11,B,13,07,A,0110,1,99,GS-07,D,0110,8,15,F,1,202009,1,048670,00.2
DLLS,11,C,17,09,A,0110,1,99,GS-09,E,0110,8,15,F,1,202009,1,059534,00.3
DLLS,11,B,17,09,A,0110,1,99,GS-09,E,0110,8,15,F,1,202009,1,059534,00.2
DLLS,11,B,04,09,A,0110,1,99,GS-09,E,0110,8,15,F,1,202009,1,059534,00.2
DLLS,11,B,13,07,A,0110,1,99,GS-07,D,0110,8,15,F,1,202009,1,048670,00.2
DLLS,11,B,13,07,A,0110,1,99,GS-07,D,0110,8,15,F,1,202009,1,048670,00.2
DLLS,11,C,17,09,A,0110,1,99,GS-09,E,0110,8,15,F,1,202009,1,059534,00.2
DLLS,51,H,04,05,A,0119,3,99,GS-05,C,XXXX,8,15,P,2,202009,1,036121,00.2
DLLS,11,B,13,07,A,0110,1,99,GS-07,D,0110,8,15,F,1,202009,1,048670,00.3
DLLS,11,D,13,07,A,0110,1,99,GS-07,D,0110,8,15,F,1,202009,1,048670,00.2
DLLS,13,B,17,07,A,0110,1,99,GS-07,D,0110,8,15,F,1,202009,1,045567,00.3
DLLS,12,K,13,09,A,0110,1,99,GS-09,E,0110,8,15,F,1,202009,1,052905,00.2
DLLS,11,B,13,07,A,0110,1,99,GS-07,D,0110,8,15,F,1,202009,1,048670,00.2
DLLS,11,B,13,07,A,0110,1,99,GS-07,D,0110,8,15,F,1,202009,1,048670,00.2
DLLS,11,B,13,07,A,0110,1,99,GS-07,D,0110,8,15,F,1,202009,1,048670,00.3
DLLS,01,H,04,05,A,0119,3,99,GS-05,C,XXXX,8,15,P,2,202009,1,036090,00.3
DLLS,11,B,17,09,A,0110,1,99,GS-09,E,0110,8,35,F,1,202009,1,059534,00.3
DLLS,11,C,17,09,A,0110,1,99,GS-09,E,0110,8,15,F,1,202009,1,059534,00.3
DLLS,11,B,13,07,A,0110,1,99,GS-07,D,0110,8,15,F,1,202009,1,048670,00.2
DLLS,11,B,13,07,A,0110,1,99,GS-07,D,0110,8,15,F,1,202009,1,048670,00.2
DLLS,41,J,04,05,A,0119,3,99,GS-05,C,XXXX,8,15,P,2,202009,1,037262,00.2
DLLS,12,D,17,09,A,0110,1,99,GS-09,E,0110,8,15,F,1,202009,1,052905,00.2
DLLS,11,B,13,07,A,0110,1,99,GS-07,D,0110,8,35,F,1,202009,1,048670,00.2
DLLS,41,F,04,05,A,0119,3,99,GS-05,C,XXXX,8,15,P,2,202009,1,037262,00.1
DLLS,12,G,04,05,A,0119,3,99,GS-05,C,XXXX,8,15,P,2,202009,1,034916,00.1
DLLS,11,C,17,09,A,0110,1,99,GS-09,E,0110,8,35,F,1,202009,1,059534,00.1
DLLS,11,B,13,07,A,0110,1,99,GS-07,D,0110,8,15,F,1,202009,1,048670,00.1
DLLS,11,B,13,07,A,0110,1,99,GS-07,D,0110,8,35,F,1,202009,1,048670,00.1
DLLS,11,C,17,09,A,0110,1,99,GS-09,E,0110,8,15,F,1,202009,1,059534,00.1
DLLS,11,D,21,12,A,0110,1,99,GS-12,K,0110,8,15,F,1,202009,1,112240,00.1
DLLS,11,C,13,07,A,0110,1,99,GS-07,D,0110,8,15,F,1,202009,1,048670,00.1
DLLS,06,I,04,05,A,0119,3,99,GS-05,D,XXXX,8,15,P,2,202009,1,042592,00.1
DLLS,42,B,13,07,A,0110,1,99,GS-07,D,0110,8,15,F,1,202009,1,047014,00.0
DLLS,25,K,04,05,A,0119,3,99,GS-05,C,XXXX,8,15,P,2,202009,1,038993,00.0
DLLS,45,G,13,05,A,0119,3,99,GS-05,C,XXXX,8,15,P,2,202009,1,034916,00.0
DLLS,47,C,13,05,A,0119,3,99,GS-05,C,XXXX,8,15,P,2,202009,1,034916,00.0
DLLS,01,H,13,05,A,0119,3,99,GS-05,C,XXXX,8,15,P,2,202009,1,034916,00.0
DLLS,13,I,13,05,A,0119,3,99,GS-05,C,XXXX,8,15,P,2,202009,1,036786,00.2
DLLS,11,H,04,05,A,0119,3,99,GS-05,C,XXXX,8,15,P,2,202009,1,039291,00.0
DLLS,48,H,04,05,A,0119,3,99,GS-05,C,XXXX,8,15,P,2,202009,1,035163,00.0
DLLS,11,C,21,12,A,0110,1,99,GS-12,K,0110,8,15,F,1,202009,1,112240,00.0
DLLS,11,B,13,07,A,0110,1,99,GS-07,D,0110,8,35,F,1,202009,1,048670,00.0
DLLS,11,J,04,12,J,0110,1,99,GS-12,K,0110,8,10,F,1,202009,1,112240,46.2
DLLS,34,I,13,05,B,0119,3,99,GS-05,D,XXXX,8,10,P,2,202009,1,041691,01.7
DLLS,06,F,13,12,D,0110,1,99,GS-12,J,0110,8,10,F,1,202009,1,102947,09.8
DLLS,06,E,13,12,E,0110,1,99,GS-12,I,0110,8,10,F,1,202009,1,090533,10.0
DLLS,02,J,17,05,D,0119,3,99,GS-05,E,XXXX,8,15,P,2,202009,1,050765,09.7
DLLS,48,H,12,07,D,0119,3,99,GS-07,E,XXXX,8,10,P,2,202009,1,059673,07.7
DLLS,48,J,21,07,F,0119,3,99,GS-07,F,XXXX,8,10,P,2,202009,1,064644,17.6
DLLS,36,D,17,12,D,0110,1,99,GS-12,I,0110,8,10,F,1,202009,1,097517,05.4
DLLS,08,F,04,12,D,0110,1,99,GS-12,H,0110,8,10,F,1,202009,1,089727,05.0
DLLS,36,C,13,05,A,0119,3,99,GS-05,E,XXXX,8,15,P,2,202009,1,052452,00.0
DLLS,11,E,16,12,C,0110,1,99,GS-12,H,0110,8,15,F,1,202009,1,089213,04.0
DLMS,51,K,14,15,I,0110,1,99,GS-15,Q,0110,2,10,F,1,202009,1,170800,32.0
DLMS,51,K,14,14,G,0110,1,99,GS-14,N,0110,8,10,F,1,202009,1,149621,22.8
DLMS,51,H,21,14,D,0110,1,99,GS-14,L,0110,8,10,F,1,202009,1,129404,08.9
DLMS,51,D,13,14,D,0110,1,99,GS-14,L,0110,8,15,F,1,202009,1,121316,05.8
DLOF,17,G,21,14,E,0110,1,99,GS-14,M,0110,8,10,F,1,202009,1,135499,10.8
DLOF,11,D,13,13,E,0110,1,99,GS-13,K,0110,8,10,F,1,202009,1,119775,11.3
DLOF,13,F,17,14,D,0110,1,99,GS-14,L,0110,8,10,F,1,202009,1,124938,08.3
DLOF,36,F,17,14,C,0110,1,99,GS-14,N,0110,8,10,F,1,202009,1,141179,04.4
DLOF,06,G,17,15,A,0110,1,99,GS-15,Q,0110,8,15,F,1,202009,1,170800,00.4
DLOW,11,G,22,14,E,0110,1,99,GS-14,M,0110,8,10,F,1,202009,1,137491,13.7
DLPE,11,H,13,14,I,0110,1,99,GS-14,O,0110,8,10,F,1,202009,1,157709,30.9
DLPE,11,H,21,,F,0110,1,ES,ES-**,S,0110,2,50,F,1,202009,1,197300,19.3
DLPE,11,I,04,15,G,0110,1,99,GS-15,Q,0110,7,10,F,1,202009,1,170800,22.6
DLPE,11,K,17,15,J,0110,1,99,GS-15,Q,0110,8,10,F,1,202009,1,170800,44.9
DLPE,11,J,17,14,J,0110,1,99,GS-14,O,0110,8,10,F,1,202009,1,157709,35.8
DLPE,11,H,17,14,G,0110,1,99,GS-14,N,0110,8,10,P,2,202009,1,145578,23.3
DLPE,11,H,17,15,H,0110,1,99,GS-15,Q,0110,8,10,F,1,202009,1,170800,29.6
DLPE,11,E,17,15,E,0110,1,99,GS-15,N,0110,8,10,F,1,202009,1,147458,12.3
DLPE,11,E,13,14,D,0110,1,99,GS-14,L,0110,8,10,F,1,202009,1,121316,07.6
DLPE,11,J,17,,H,0110,1,SL,SL-00,Q,0110,2,44,F,2,202009,1,170800,26.2
DLPW,11,F,21,14,E,0110,1,99,GS-14,N,0110,8,10,F,1,202009,1,149621,13.3
DLPW,11,F,13,13,F,0110,1,99,GS-13,K,0110,8,10,F,1,202009,1,112930,19.2
DLPW,11,F,13,14,G,0110,1,99,GS-14,N,0110,8,10,F,1,202009,1,145578,20.2
DLPW,11,F,21,14,E,0110,1,99,GS-14,N,0110,8,10,F,1,202009,1,149621,13.3
DLPW,11,E,13,14,E,0110,1,99,GS-14,M,0110,8,10,F,1,202009,1,133447,13.8
DLPW,11,G,17,15,F,0110,1,99,GS-15,P,0110,2,10,F,1,202009,1,166487,16.0
DLPW,11,F,13,13,E,0110,1,99,GS-13,K,0110,8,10,F,1,202009,1,119775,14.3
DLPW,11,G,21,13,D,0110,1,99,GS-13,L,0110,8,10,F,1,202009,1,126620,06.4
DLPW,11,E,17,13,D,0110,1,99,GS-13,K,0110,8,10,F,1,202009,1,116353,07.3
DLPW,11,H,21,14,D,0110,1,99,GS-14,M,0110,8,10,F,1,202009,1,133447,06.3
DLPW,11,C,17,13,B,0110,1,99,GS-13,J,0110,8,15,F,1,202009,1,106085,01.2
DLPW,11,C,04,13,B,0110,1,99,GS-13,J,0110,8,15,F,1,202009,1,102663,01.1
DLPW,11,E,17,13,B,0110,1,99,GS-13,K,0110,8,15,F,1,202009,1,119775,01.1
DLSH,11,G,17,13,F,0110,1,99,GS-13,L,0110,8,10,P,2,202009,1,123198,19.4
DLSH,11,G,13,13,F,0110,1,99,GS-13,K,0110,8,10,F,1,202009,1,119775,17.4
DLSH,11,K,17,15,G,0110,1,99,GS-15,Q,0110,2,10,F,1,202009,1,170800,22.2
DLSH,11,I,17,15,I,0110,1,99,GS-15,Q,0110,8,10,F,1,202009,1,170800,32.0
DLSH,11,I,13,14,I,0110,1,99,GS-14,O,0110,8,10,F,1,202009,1,157709,33.9
DLSH,11,K,19,15,H,0110,1,99,GS-15,Q,0110,8,10,F,1,202009,1,170800,29.3
DLSH,11,G,17,13,E,0110,1,99,GS-13,K,0110,8,10,F,1,202009,1,119775,12.5
DLSH,11,F,13,15,F,0110,1,99,GS-15,O,0110,2,10,F,1,202009,1,156973,17.3
DLSH,11,J,21,14,I,0110,1,99,GS-14,O,0110,8,10,F,1,202009,1,157709,33.1
DLSH,11,H,21,14,G,0110,1,99,GS-14,N,0110,8,10,F,1,202009,1,141534,22.3
DLSH,11,I,21,14,E,0110,1,99,GS-14,N,0110,8,10,F,1,202009,1,141534,10.0
DLSH,11,E,17,13,D,0110,1,99,GS-13,K,0110,8,10,F,1,202009,1,112930,08.6
DLSH,11,I,21,14,D,0110,1,99,GS-14,M,0110,8,10,F,1,202009,1,137491,08.2
DLSH,11,F,04,12,A,0110,1,99,GS-12,K,0110,8,15,F,1,202009,1,112240,00.0
DLWB,11,E,17,14,F,0110,1,99,GS-14,N,0110,8,10,F,1,202009,1,145578,15.2
DN00,11,K,17,14,J,0110,1,99,GS-14,O,0110,8,10,F,1,202009,1,157709,41.5
DN00,11,H,17,15,G,0110,1,99,GS-15,Q,0110,2,10,F,1,202009,1,170800,24.6
DN00,11,C,17,12,C,0110,1,99,GS-12,H,0110,8,10,F,1,202009,1,086335,04.3
DN00,11,I,17,13,H,0110,1,99,GS-13,M,0110,8,10,F,1,202009,1,133465,28.5
DN00,11,F,17,15,E,0110,1,99,GS-15,N,0110,2,10,F,1,202009,1,147458,11.3
DN00,11,E,17,14,F,0110,1,99,GS-14,O,0110,8,10,F,1,202009,1,157709,15.5
DN00,11,I,13,13,F,0110,1,99,GS-13,L,0110,8,10,F,1,202009,1,126620,18.7
DN00,11,G,17,13,F,0110,1,99,GS-13,K,0110,8,10,F,1,202009,1,119775,19.4
DN00,11,J,21,15,H,0110,1,99,GS-15,Q,0110,8,10,F,1,202009,1,170800,29.1
DN00,11,K,18,15,I,0110,1,99,GS-15,Q,0110,8,10,F,1,202009,1,170800,30.8
DN00,11,H,17,14,G,0110,1,99,GS-14,N,0110,8,10,F,1,202009,1,149621,20.0
DN00,11,G,13,13,F,0110,1,99,GS-13,L,0110,8,10,F,1,202009,1,123198,18.3
DN00,11,K,13,14,H,0110,1,99,GS-14,O,0110,8,10,F,1,202009,1,157709,27.8
DN00,37,E,17,13,E,0110,1,99,GS-13,K,0110,8,10,F,1,202009,1,110605,13.8
DN00,11,G,17,14,F,0110,1,99,GS-14,N,0110,8,10,F,1,202009,1,149621,19.8
DN00,42,I,21,15,H,0110,1,99,GS-15,P,0110,2,10,F,1,202009,1,169763,25.6
DN00,11,I,13,13,J,0110,1,99,GS-13,M,0110,8,10,F,1,202009,1,133465,38.6
DN00,11,I,21,14,F,0110,1,99,GS-14,N,0110,8,10,F,1,202009,1,149621,19.8
DN00,11,I,17,13,F,0110,1,99,GS-13,L,0110,8,10,F,1,202009,1,123198,19.3
DN00,11,I,17,14,F,0110,1,99,GS-14,M,0110,8,10,F,1,202009,1,137491,15.3
DN00,11,H,17,14,F,0110,1,99,GS-14,N,0110,8,10,F,1,202009,1,145578,16.6
DN00,11,H,13,13,F,0110,1,99,GS-13,M,0110,8,10,F,1,202009,1,130043,19.1
DN00,11,K,17,14,F,0110,1,99,GS-14,O,0110,6,10,F,1,202009,1,157709,18.6
DN00,11,I,17,13,G,0110,1,99,GS-13,L,0110,8,10,F,1,202009,1,126620,20.2
DN00,11,K,21,15,J,0110,1,99,GS-15,Q,0110,2,10,F,1,202009,1,170800,42.7
DN00,11,I,17,13,I,0110,1,99,GS-13,M,0110,8,10,F,1,202009,1,133465,34.7
DN00,11,H,21,14,F,0110,1,99,GS-14,M,0110,8,10,F,1,202009,1,133447,15.1
DN00,11,K,17,14,I,0110,1,99,GS-14,O,0110,8,10,F,1,202009,1,157709,32.8
DN00,11,K,21,14,H,0110,1,99,GS-14,N,0110,6,10,F,1,202009,1,149621,25.2
DN00,41,H,14,14,I,0110,1,99,GS-14,N,0110,5,10,F,1,202009,1,149562,31.5
DN00,41,F,13,13,F,0110,1,99,GS-13,L,0110,8,10,F,1,202009,1,123325,18.3
DN00,42,E,17,14,F,0110,1,99,GS-14,L,0110,8,10,F,1,202009,1,125815,16.0
DN00,11,E,17,14,E,0110,1,99,GS-14,M,0110,6,10,F,1,202009,1,133447,13.9
DN00,11,F,13,13,F,0110,1,99,GS-13,L,0110,8,10,F,1,202009,1,126620,18.0
DN00,42,G,21,15,G,0110,1,99,GS-15,P,0110,8,10,F,1,202009,1,169763,21.8
DN00,11,I,21,15,F,0110,1,99,GS-15,Q,0110,2,10,F,1,202009,1,170800,17.6
DN00,11,H,17,12,F,0110,1,99,GS-12,J,0110,8,10,F,1,202009,1,106483,19.8
DN00,42,E,17,13,E,0110,1,99,GS-13,K,0110,8,10,F,1,202009,1,112736,14.3
DN00,41,H,13,13,I,0110,1,99,GS-13,L,0110,8,10,F,1,202009,1,126571,31.6
DN00,11,G,21,14,E,0110,1,99,GS-14,M,0110,8,10,F,1,202009,1,137491,10.6
DN00,13,F,17,13,E,0110,1,99,GS-13,K,0110,8,10,F,1,202009,1,112138,11.4
DN00,11,H,17,15,E,0110,1,99,GS-15,Q,0110,2,10,F,1,202009,1,170800,11.3
DN00,11,E,17,13,E,0110,1,99,GS-13,K,0110,8,10,F,1,202009,1,119775,11.3
DN00,11,E,13,14,E,0110,1,99,GS-14,M,0110,8,10,F,1,202009,1,137491,11.2
DN00,11,F,17,13,D,0110,1,99,GS-13,K,0110,8,10,F,1,202009,1,112930,05.4
DN00,41,D,17,11,B,0110,1,99,GS-11,F,0110,8,15,F,1,202009,1,068309,02.2
DN00,11,J,17,14,I,0110,1,99,GS-14,N,0110,5,10,F,1,202009,1,149621,32.1
DN00,42,J,17,14,E,0110,1,99,GS-14,M,0110,8,10,F,1,202009,1,133216,10.8
DN00,11,H,17,14,G,0110,1,99,GS-14,O,0110,8,10,F,1,202009,1,157709,21.4
DN00,11,K,13,15,E,0110,1,99,GS-15,Q,0110,2,10,F,1,202009,1,170800,10.3
DN00,11,E,17,13,D,0110,1,99,GS-13,K,0110,8,10,F,1,202009,1,119775,09.6
DN00,11,E,17,14,E,0110,1,99,GS-14,M,0110,6,10,F,1,202009,1,133447,10.1
DN00,11,E,17,14,E,0110,1,99,GS-14,M,0110,8,10,F,1,202009,1,137491,10.1
DN00,11,H,13,13,D,0110,1,99,GS-13,L,0110,8,10,F,1,202009,1,123198,09.3
DN00,11,J,17,15,D,0110,1,99,GS-15,Q,0110,2,10,F,1,202009,1,170800,08.8
DN00,11,E,13,13,D,0110,1,99,GS-13,J,0110,8,10,F,1,202009,1,106085,07.2
DN00,11,E,13,13,C,0110,1,99,GS-13,K,0110,8,10,F,1,202009,1,119775,04.0
DN00,41,F,17,13,F,0110,1,99,GS-13,J,0110,8,10,F,1,202009,1,103851,15.1
DN00,13,F,17,12,D,0110,1,99,GS-12,H,0110,8,10,F,1,202009,1,088914,05.8
DN00,47,D,17,13,D,0110,1,99,GS-13,J,0110,8,10,F,1,202009,1,100355,06.2
DN00,11,G,17,14,D,0110,1,99,GS-14,L,0110,8,10,F,1,202009,1,121316,05.9
DN00,11,F,17,13,D,0110,1,99,GS-13,J,0110,8,10,F,1,202009,1,106085,05.3
DN00,11,G,15,13,D,0110,1,99,GS-13,J,0110,8,10,F,1,202009,1,106085,05.3
DN00,41,E,14,13,D,0110,1,99,GS-13,J,0110,8,10,F,1,202009,1,100606,05.3
DN00,11,C,13,13,D,0110,1,99,GS-13,J,0110,8,10,F,1,202009,1,106085,05.3
DN00,41,D,13,12,D,0110,1,99,GS-12,H,0110,8,10,F,1,202009,1,084605,05.2
DN00,11,D,13,13,D,0110,1,99,GS-13,J,0110,8,10,F,1,202009,1,106085,05.1
DN00,11,D,04,13,A,0110,1,99,GS-13,J,0110,8,15,F,1,202009,1,102663,00.6
DN00,11,C,17,13,C,0110,1,99,GS-13,J,0110,8,10,F,1,202009,1,106085,04.7
DN00,11,H,17,13,C,0110,1,99,GS-13,K,0110,8,10,F,1,202009,1,116353,04.7
DN00,41,K,21,13,C,0110,1,99,GS-13,L,0110,8,10,F,1,202009,1,120080,04.6
DN00,41,C,14,12,C,0110,1,99,GS-12,I,0110,8,15,F,1,202009,1,092794,04.4
DN00,41,C,11,12,C,0110,1,99,GS-12,H,0110,8,10,F,1,202009,1,081875,04.3
DN00,11,D,17,13,C,0110,1,99,GS-13,J,0110,8,10,F,1,202009,1,106085,04.0
DN00,11,H,17,13,C,0110,1,99,GS-13,K,0110,8,10,F,1,202009,1,112930,03.8
DN00,11,F,17,13,C,0110,1,99,GS-13,J,0110,8,10,F,1,202009,1,106085,03.7
DN00,11,D,17,13,C,0110,1,99,GS-13,J,0110,8,10,F,1,202009,1,102663,03.7
DN00,41,D,17,12,B,0110,1,99,GS-12,H,0110,8,15,F,1,202009,1,084605,01.5
DN00,11,D,13,12,B,0110,1,99,GS-12,H,0110,8,15,F,1,202009,1,086335,01.2
DN00,41,E,13,13,B,0110,1,99,GS-13,J,0110,8,15,F,1,202009,1,107097,01.2
DN00,11,C,04,13,B,0110,1,99,GS-13,J,0110,8,15,F,1,202009,1,102663,01.1
DN00,11,D,17,12,B,0110,1,99,GS-12,H,0110,8,15,F,1,202009,1,086335,01.1
DN00,11,F,17,13,B,0110,1,99,GS-13,J,0110,8,15,F,1,202009,1,106085,01.1
DN00,11,B,17,12,B,0110,1,99,GS-12,H,0110,8,15,F,1,202009,1,086335,01.1
DN00,11,B,17,12,B,0110,1,99,GS-12,H,0110,8,15,F,1,202009,1,086335,01.1
DN00,11,D,17,13,B,0110,1,99,GS-13,J,0110,8,15,F,1,202009,1,106085,01.0
DN00,41,E,21,11,A,0110,1,99,GS-11,G,0110,8,15,F,1,202009,1,077417,00.8
DN00,11,D,04,13,A,0110,1,99,GS-13,J,0110,8,15,F,1,202009,1,102663,00.8
DN00,11,C,13,11,A,0110,1,99,GS-11,G,0110,8,15,F,1,202009,1,072030,00.5
DN00,11,E,17,11,A,0110,1,99,GS-11,G,0110,8,15,F,1,202009,1,072030,00.5
DN00,11,D,04,11,A,0110,1,99,GS-11,G,0110,8,15,F,1,202009,1,072030,00.5
DN00,11,C,17,12,A,0110,1,99,GS-12,H,0110,8,15,F,1,202009,1,086335,00.2
DN00,41,D,21,11,A,0110,1,99,GS-11,F,0110,8,15,F,1,202009,1,068309,00.1
DNFE,11,I,13,13,F,0110,1,99,GS-13,L,0110,8,10,F,1,202009,1,126620,18.6
DNFE,11,H,13,13,I,0110,1,99,GS-13,L,0110,8,10,F,1,202009,1,123198,31.0
DNFE,11,E,13,13,E,0110,1,99,GS-13,L,0110,8,10,F,1,202009,1,123198,14.3
DNFE,11,G,21,15,F,0110,1,99,GS-15,Q,0110,8,10,F,1,202009,1,170800,17.1
DNFE,11,I,21,14,F,0110,1,99,GS-14,O,0110,8,10,F,1,202009,1,157709,18.9
DNFE,11,G,17,15,F,0110,1,99,GS-15,P,0110,8,10,F,1,202009,1,161730,15.8
DNFE,11,J,21,15,F,0110,1,99,GS-15,Q,0110,8,10,F,1,202009,1,170800,18.6
DNFE,11,K,13,14,J,0110,1,99,GS-14,O,0110,8,10,F,1,202009,1,157709,40.0
DNFE,11,I,13,15,F,0110,1,99,GS-15,Q,0110,8,10,F,1,202009,1,170800,18.0
DNFE,11,E,17,13,D,0110,1,99,GS-13,J,0110,8,10,F,1,202009,1,109508,07.8
DNFE,11,G,17,13,E,0110,1,99,GS-13,K,0110,8,10,F,1,202009,1,112930,11.4
DNFE,11,E,17,14,E,0110,1,99,GS-14,M,0110,8,10,F,1,202009,1,133447,11.3
DNFE,11,D,17,13,D,0110,1,99,GS-13,K,0110,8,10,F,1,202009,1,112930,08.0
DNFE,11,E,21,13,D,0110,1,99,GS-13,K,0110,8,15,F,1,202009,1,112930,08.3
DNFE,11,I,21,13,E,0110,1,99,GS-13,L,0110,8,10,F,1,202009,1,126620,10.3
DNFE,11,I,21,15,E,0110,1,99,GS-15,Q,0110,8,10,F,1,202009,1,170800,10.1
DNFE,11,D,17,13,E,0110,1,99,GS-13,K,0110,8,10,F,1,202009,1,112930,10.0
DNFE,11,E,17,13,D,0110,1,99,GS-13,J,0110,8,10,F,1,202009,1,109508,05.9
DNFE,11,D,13,13,D,0110,1,99,GS-13,K,0110,8,10,F,1,202009,1,112930,09.1
DNFE,11,K,15,14,I,0110,1,99,GS-14,O,0110,8,10,F,1,202009,1,157709,32.9
DNFE,11,D,17,13,D,0110,1,99,GS-13,J,0110,8,10,F,1,202009,1,109508,08.0
DNFE,11,D,17,13,D,0110,1,99,GS-13,J,0110,8,10,F,1,202009,1,109508,07.0
DNFE,11,D,17,13,D,0110,1,99,GS-13,J,0110,8,10,F,1,202009,1,109508,06.3
DNFE,11,D,17,13,D,0110,1,99,GS-13,J,0110,8,10,F,1,202009,1,109508,05.5
DNFE,11,D,17,13,D,0110,1,99,GS-13,J,0110,8,10,F,1,202009,1,109508,05.5
DNFE,11,D,17,13,D,0110,1,99,GS-13,J,0110,8,10,F,1,202009,1,109508,05.5
DNFE,11,E,21,13,D,0110,1,99,GS-13,J,0110,8,10,F,1,202009,1,109508,05.3
DNFE,11,D,17,13,D,0110,1,99,GS-13,J,0110,8,10,F,1,202009,1,109508,05.3
DNFE,11,E,17,13,C,0110,1,99,GS-13,J,0110,8,15,F,1,202009,1,106085,04.2
DNFE,11,D,13,12,C,0110,1,99,GS-12,H,0110,8,15,F,1,202009,1,086335,03.8
DNFE,11,C,17,14,C,0110,1,99,GS-14,L,0110,8,15,F,1,202009,1,121316,04.9
DNFE,11,H,17,13,C,0110,1,99,GS-13,K,0110,8,10,F,1,202009,1,112930,04.8
DNFE,11,D,17,14,C,0110,1,99,GS-14,L,0110,8,10,F,1,202009,1,121316,04.7
DNFE,11,C,14,13,B,0110,1,99,GS-13,J,0110,8,10,F,1,202009,1,102663,01.4
DNFE,11,C,11,12,C,0110,1,99,GS-12,H,0110,8,10,F,1,202009,1,086335,03.3
DNFE,11,D,21,13,C,0110,1,99,GS-13,K,0110,8,10,F,1,202009,1,112930,04.3
DNFE,11,D,17,13,C,0110,1,99,GS-13,J,0110,8,10,F,1,202009,1,106085,04.2
DNFE,11,F,21,15,C,0110,1,99,GS-15,N,0110,8,10,F,1,202009,1,142701,04.2
DNFE,11,D,17,13,D,0110,1,99,GS-13,J,0110,8,15,F,1,202009,1,102663,05.7
DNFE,11,D,17,13,C,0110,1,99,GS-13,J,0110,8,15,F,1,202009,1,106085,03.7
DNFE,11,F,17,12,B,0110,1,99,GS-12,H,0110,8,15,F,1,202009,1,086335,01.3
DNFE,11,C,17,12,B,0110,1,99,GS-12,H,0110,8,15,F,1,202009,1,086335,02.8
DNFE,11,D,17,11,A,0110,1,99,GS-11,G,0110,8,15,F,1,202009,1,072030,00.2
DNFE,11,C,17,11,A,0110,1,99,GS-11,G,0110,8,15,F,1,202009,1,072030,00.3
DNFE,11,D,17,12,B,0110,1,99,GS-12,H,0110,8,15,F,1,202009,1,086335,02.8
DNFE,11,E,17,15,B,0110,1,99,GS-15,Q,0110,8,15,F,1,202009,1,170800,02.7
DNFE,11,C,17,13,B,0110,1,99,GS-13,J,0110,8,15,F,1,202009,1,102663,02.7
DNFE,11,C,17,12,B,0110,1,99,GS-12,H,0110,8,15,F,1,202009,1,086335,02.5
DNFE,11,C,13,13,B,0110,1,99,GS-13,J,0110,8,15,F,1,202009,1,102663,02.0
DNFE,11,F,13,13,B,0110,1,99,GS-13,J,0110,8,15,F,1,202009,1,102663,02.0
DNFE,11,F,21,12,B,0110,1,99,GS-12,H,0110,8,15,F,1,202009,1,086335,01.9
DNFE,11,E,17,12,B,0110,1,99,GS-12,H,0110,8,15,F,1,202009,1,086335,01.6
DNFE,11,E,18,12,B,0110,1,99,GS-12,H,0110,8,15,F,1,202009,1,086335,01.4
DNFE,11,C,17,09,A,0110,1,99,GS-09,F,0110,8,15,F,1,202009,1,067473,00.6
DNFE,11,B,13,07,B,0110,1,99,GS-07,D,0110,8,15,F,1,202009,1,048670,01.1
DNFE,11,D,21,13,B,0110,1,99,GS-13,K,0110,8,15,F,1,202009,1,112930,01.2
DNFE,11,D,17,11,A,0110,1,99,GS-11,H,0110,8,15,F,1,202009,1,084034,00.9
DNFE,11,E,21,12,A,0110,1,99,GS-12,H,0110,8,15,F,1,202009,1,086335,00.5
DNFE,11,D,17,12,A,0110,1,99,GS-12,H,0110,8,15,F,1,202009,1,086335,00.5
DNFE,11,D,17,11,A,0110,1,99,GS-11,H,0110,8,15,F,1,202009,1,086435,00.3
DNFE,11,F,21,11,C,0110,1,99,GS-11,I,0110,8,15,F,1,202009,1,093638,04.1
DNFE,11,I,21,11,A,0110,1,99,GS-11,I,0110,8,15,F,1,202009,1,093638,00.2
DNFE,11,E,21,13,A,0110,1,99,GS-13,M,0110,8,15,F,1,202009,1,130043,00.2
DNFE,11,D,17,12,A,0110,1,99,GS-12,H,0110,8,15,F,1,202009,1,086335,00.2
DNFE,11,E,14,14,A,0110,1,99,GS-14,L,0110,8,15,F,1,202009,1,125360,00.0
DNFE,11,C,21,12,D,0110,1,99,GS-12,H,0110,8,15,F,1,202009,1,086335,07.0
EB00,11,K,17,14,J,0110,1,99,GS-14,O,0110,8,10,F,1,202009,1,157709,42.0
EB00,11,H,13,13,H,0110,1,99,GS-13,M,0110,8,10,F,1,202009,1,133465,29.3
EB00,11,I,21,13,G,0110,1,99,GS-13,M,0110,8,10,F,1,202009,1,133465,20.1
EB00,11,D,17,12,B,0110,1,99,GS-12,H,0110,8,15,F,1,202009,1,086335,01.1
EB00,11,G,17,13,B,0110,1,99,GS-13,J,0110,8,15,F,1,202009,1,106085,02.8
EB00,11,C,17,13,B,0110,1,99,GS-13,J,0110,8,15,F,1,202009,1,102663,01.9
EB00,11,G,17,15,A,0110,1,99,GS-15,O,0110,2,15,F,1,202009,1,152215,00.6
EB00,11,K,17,12,A,0110,1,99,GS-12,H,0110,8,15,F,1,202009,1,086335,00.3
EDER,11,J,21,13,I,0110,1,99,GS-13,M,0110,8,10,F,1,202009,1,133465,33.4
EDER,11,I,21,15,G,0110,1,99,GS-15,Q,0110,5,10,F,1,202009,1,170800,21.3
EE00,17,I,21,14,E,0110,1,99,GS-14,N,0110,8,10,F,1,202009,1,147454,10.9
EE00,06,J,21,14,E,0110,1,99,GS-14,O,0110,8,10,F,1,202009,1,153423,10.0
EE00,47,F,21,14,D,0110,1,99,GS-14,K,0110,8,10,F,1,202009,1,118587,08.2
EE00,11,D,18,14,C,0110,1,99,GS-14,M,0110,8,10,F,1,202009,1,137491,04.9
EE00,11,D,21,13,B,0110,1,99,GS-13,J,0110,8,15,F,1,202009,1,109508,02.2
EE00,11,E,21,13,B,0110,1,99,GS-13,J,0110,8,15,F,1,202009,1,106085,02.3
EE00,11,D,21,13,B,0110,1,99,GS-13,J,0110,8,15,F,1,202009,1,106085,01.3
EP00,51,H,21,14,F,0110,1,99,GS-14,M,0110,8,10,F,1,202009,1,137491,15.7
EP00,11,K,13,14,J,0110,1,99,GS-14,O,0110,8,10,P,2,202009,1,157709,41.8
EP00,51,K,21,,D,0110,1,99,EF-00,K,0110,8,48,I,2,202009,1,110256,08.8
EP00,11,E,17,13,D,0110,1,99,GS-13,K,0110,8,10,F,1,202009,1,112930,06.9
EP00,11,F,21,13,D,0110,1,99,GS-13,K,0110,8,10,F,1,202009,1,112930,05.8
EP00,09,G,21,,C,0110,1,99,EF-00,K,0110,8,48,I,2,202009,1,110256,04.5
EP00,42,I,21,,D,0110,1,99,EF-00,K,0110,8,48,I,2,202009,1,110256,05.3
EP00,11,F,17,13,F,0110,1,99,GS-13,L,0110,8,10,F,1,202009,1,126620,17.1
EP00,11,G,21,15,F,0110,1,99,GS-15,Q,0110,8,10,F,1,202009,1,170800,19.3
EP00,11,K,21,14,H,0110,1,99,GS-14,O,0110,8,10,F,1,202009,1,157709,28.3
EP00,19,J,21,,B,0110,1,99,ED-00,K,0110,8,48,I,2,202009,1,110256,02.8
EP00,37,H,21,14,E,0110,1,99,GS-14,M,0110,8,10,F,1,202009,1,130698,12.9
EP00,11,H,21,14,G,0110,1,99,GS-14,O,0110,8,10,F,1,202009,1,157709,23.1
EP00,11,I,17,15,J,0110,1,99,GS-15,Q,0110,2,10,F,1,202009,1,170800,35.4
EP00,51,H,18,15,G,0110,1,99,GS-15,Q,0110,2,10,F,1,202009,1,170800,22.2
EP00,25,H,21,,D,0110,1,99,EF-00,K,0110,8,48,I,2,202009,1,110256,05.4
EP00,51,J,17,13,H,0110,1,99,GS-13,M,0110,8,10,F,1,202009,1,133465,28.3
EP00,11,K,21,15,J,0110,1,99,GS-15,Q,0110,8,10,F,1,202009,1,170800,36.0
EP00,11,F,21,14,E,0110,1,99,GS-14,N,0110,8,10,F,1,202009,1,145578,12.2
EP00,11,E,14,15,E,0110,1,99,GS-15,Q,0110,2,10,F,1,202009,1,170800,14.1
EP00,36,J,21,,E,0110,1,99,ED-00,Z,0110,8,48,I,2,202009,1,,11.6
EP00,11,K,17,13,H,0110,1,99,GS-13,M,0110,8,10,F,1,202009,1,133465,29.7
EP00,11,I,21,,A,0110,1,99,EF-00,K,0110,8,48,I,2,202009,1,110256,00.5
EP00,04,K,21,,D,0110,1,99,EF-00,K,0110,8,48,I,2,202009,1,110256,05.3
EP00,11,H,21,15,G,0110,1,99,GS-15,Q,0110,8,10,F,1,202009,1,170800,23.8
EP00,24,H,21,,D,0110,1,99,EF-00,K,0110,8,48,I,2,202009,1,110256,08.8
EP00,11,G,17,14,H,0110,1,99,GS-14,N,0110,8,10,F,1,202009,1,149621,26.0
EP00,11,I,21,13,G,0110,1,99,GS-13,M,0110,8,10,F,1,202009,1,133465,22.3
EP00,11,H,18,14,G,0110,1,99,GS-14,O,0110,8,10,F,1,202009,1,153665,21.6
EP00,11,I,14,14,I,0110,1,99,GS-14,O,0110,8,10,F,1,202009,1,157709,31.8
EP00,11,I,17,13,H,0110,1,99,GS-13,M,0110,8,10,F,1,202009,1,133465,29.6
EP00,11,H,14,14,H,0110,1,99,GS-14,N,0110,8,10,F,1,202009,1,149621,25.8
EP00,24,K,,,A,0110,1,99,EF-00,K,0110,8,48,I,2,202009,1,110256,00.5
EP00,11,I,17,15,H,0110,1,99,GS-15,Q,0110,8,10,F,1,202009,1,170800,29.9
EP00,17,J,21,,E,0110,1,99,EF-00,K,0110,8,48,I,2,202009,1,110256,12.6
EP00,18,K,21,,E,0110,1,99,EF-00,K,0110,8,48,I,2,202009,1,110256,13.8
EP00,51,K,22,13,F,0110,1,99,GS-13,M,0110,8,10,F,1,202009,1,130043,15.7
EP00,11,J,17,13,H,0110,1,99,GS-13,M,0110,8,10,F,1,202009,1,133465,27.9
EP00,39,I,21,15,G,0110,1,99,GS-15,O,0110,5,10,F,1,202009,1,158212,22.2
EP00,11,J,21,15,I,0110,1,99,GS-15,Q,0110,8,10,F,1,202009,1,170800,30.5
EP00,11,F,21,15,F,0110,1,99,GS-15,P,0110,8,10,F,1,202009,1,161730,16.1
EP00,11,G,21,15,E,0110,1,99,GS-15,P,0110,8,10,F,1,202009,1,166487,13.0
EP00,37,K,21,,F,0110,1,99,EF-00,K,0110,8,48,I,2,202009,1,110256,17.8
EP00,51,I,17,15,H,0110,1,99,GS-15,Q,0110,8,10,F,1,202009,1,170800,28.3
EP00,11,I,21,15,G,0110,1,99,GS-15,Q,0110,8,10,F,1,202009,1,170800,23.1
EP00,11,G,17,14,F,0110,1,99,GS-14,N,0110,8,10,F,1,202009,1,145578,17.0
EP00,11,J,17,15,I,0110,1,99,GS-15,Q,0110,2,10,F,1,202009,1,170800,34.5
EP00,11,G,18,15,F,0110,1,99,GS-15,P,0110,8,10,F,1,202009,1,166487,19.0
EP00,11,J,21,15,J,0110,1,99,GS-15,Q,0110,8,10,F,1,202009,1,170800,35.4
EP00,11,I,21,15,G,0110,1,99,GS-15,Q,0110,8,10,F,1,202009,1,170800,21.9
EP00,11,F,17,14,E,0110,1,99,GS-14,N,0110,8,10,F,1,202009,1,145578,13.7
EP00,11,I,21,,D,0110,1,99,EF-00,K,0110,8,48,I,2,202009,1,110256,05.2
EP00,11,G,22,15,F,0110,1,99,GS-15,Q,0110,2,10,F,1,202009,1,170800,17.1
EP00,25,H,22,,F,0110,1,99,EF-00,K,0110,8,48,I,2,202009,1,110256,15.8
EP00,11,I,14,14,H,0110,1,99,GS-14,O,0110,8,10,F,1,202009,1,157709,29.2
EP00,11,H,21,14,G,0110,1,99,GS-14,O,0110,8,10,F,1,202009,1,157709,23.7
EP00,11,F,21,14,E,0110,1,99,GS-14,N,0110,8,10,F,1,202009,1,145578,13.0
EP00,11,H,17,14,F,0110,1,99,GS-14,N,0110,8,10,F,1,202009,1,141534,15.2
EP00,39,G,22,14,F,0110,1,99,GS-14,M,0110,8,10,F,1,202009,1,138235,19.7
EP00,37,G,21,13,F,0110,1,99,GS-13,L,0110,8,10,F,1,202009,1,123247,16.6
EP00,11,H,21,14,G,0110,1,99,GS-14,O,0110,8,10,F,1,202009,1,153665,23.3
EP00,11,G,20,15,F,0110,1,99,GS-15,Q,0110,8,10,F,1,202009,1,170800,17.2
EP00,51,I,21,15,F,0110,1,99,GS-15,Q,0110,8,10,F,1,202009,1,170800,19.0
EP00,11,J,21,15,G,0110,1,99,GS-15,Q,0110,8,10,F,1,202009,1,170800,22.3
EP00,42,H,21,,F,0110,1,99,EF-00,K,0110,8,48,I,2,202009,1,110256,16.3
EP00,11,I,21,15,G,0110,1,99,GS-15,Q,0110,8,10,F,1,202009,1,170800,23.3
EP00,08,K,18,,D,0110,1,99,EF-00,K,0110,8,48,I,2,202009,1,110256,05.2
EP00,11,G,17,15,G,0110,1,99,GS-15,Q,0110,2,10,F,1,202009,1,170800,23.4
EP00,51,G,13,14,D,0110,1,99,GS-14,O,0110,7,10,F,1,202009,1,157709,07.5
EP00,11,F,17,14,E,0110,1,99,GS-14,M,0110,8,10,P,2,202009,1,137491,11.3
EP00,44,J,22,13,D,0110,1,99,GS-13,L,0110,8,10,F,1,202009,1,128677,08.7
EP00,11,F,17,13,E,0110,1,99,GS-13,L,0110,8,10,F,1,202009,1,123198,11.3
EP00,37,I,17,13,F,0110,1,99,GS-13,L,0110,8,10,F,1,202009,1,120086,15.3
EP00,18,J,21,,B,0110,1,99,ED-00,K,0110,8,48,I,2,202009,1,110256,02.4
EP00,11,E,21,15,E,0110,1,99,GS-15,O,0110,5,10,F,1,202009,1,152215,11.2
EP00,11,G,21,14,E,0110,1,99,GS-14,M,0110,8,10,F,1,202009,1,137491,11.0
EP00,41,I,22,,E,0110,1,99,EF-00,K,0110,8,48,I,2,202009,1,110256,10.4
EP00,25,G,21,,E,0110,1,99,ED-00,K,0110,8,48,I,2,202009,1,110256,10.4
EP00,25,H,21,,E,0110,1,99,EF-00,K,0110,8,48,I,2,202009,1,110256,10.4
EP00,51,J,21,,E,0110,1,99,EF-00,K,0110,8,48,I,2,202009,1,110256,10.4
EP00,11,E,17,13,E,0110,1,99,GS-13,K,0110,8,10,F,1,202009,1,119775,10.3
EP00,51,E,13,14,E,0110,1,99,GS-14,M,0110,8,10,F,1,202009,1,137491,12.3
EP00,51,D,11,13,E,0110,1,99,GS-13,K,0110,8,10,F,1,202009,1,119775,10.3
EP00,39,G,14,13,D,0110,1,99,GS-13,K,0110,8,10,F,1,202009,1,113822,09.8
EP00,51,K,21,,D,0110,1,99,ED-00,K,0110,8,48,I,2,202009,1,110256,09.4
EP00,11,F,21,13,D,0110,1,99,GS-13,K,0110,8,10,F,1,202009,1,112930,05.1
EP00,11,G,21,13,D,0110,1,99,GS-13,L,0110,8,10,F,1,202009,1,123198,09.0
EP00,11,D,17,13,D,0110,1,99,GS-13,K,0110,8,10,F,1,202009,1,116353,09.1
EP00,41,H,21,13,D,0110,1,99,GS-13,K,0110,8,10,F,1,202009,1,113588,08.9
EP00,37,K,21,,D,0110,1,99,EF-00,K,0110,8,48,I,2,202009,1,110256,08.8
EP00,11,G,13,14,D,0110,1,99,GS-14,M,0110,8,10,F,1,202009,1,133447,08.8
EP00,25,H,21,,D,0110,1,99,ED-00,K,0110,8,48,I,2,202009,1,110256,07.8
EP00,41,I,21,,D,0110,1,99,EF-00,K,0110,8,48,I,2,202009,1,110256,07.7
EP00,11,D,13,13,D,0110,1,99,GS-13,K,0110,8,10,F,1,202009,1,112930,07.6
EP00,11,E,13,14,D,0110,1,99,GS-14,M,0110,8,10,F,1,202009,1,133447,07.5
EP00,11,E,21,13,D,0110,1,99,GS-13,K,0110,8,10,F,1,202009,1,112930,07.5
EP00,37,D,17,13,D,0110,1,99,GS-13,J,0110,8,10,F,1,202009,1,107445,07.0
EP00,42,J,21,,D,0110,1,99,EH-00,K,0110,8,48,I,2,202009,1,110256,06.5
EP00,39,H,21,,D,0110,1,99,ED-00,K,0110,8,48,I,2,202009,1,110256,06.5
EP00,51,E,17,13,D,0110,1,99,GS-13,K,0110,8,10,F,1,202009,1,112930,08.8
EP00,44,J,21,,D,0110,1,99,EH-00,K,0110,8,48,I,2,202009,1,110256,06.4
EP00,06,H,21,,D,0110,1,99,ED-00,Z,0110,8,48,I,2,202009,1,,06.5
EP00,11,D,17,13,D,0110,1,99,GS-13,K,0110,8,10,F,1,202009,1,112930,06.1
EP00,39,H,21,,D,0110,1,99,EH-00,L,0110,8,48,I,2,202009,1,123759,05.8
EP00,37,D,17,12,D,0110,1,99,GS-12,H,0110,8,10,F,1,202009,1,087699,05.6
EP00,37,E,17,13,D,0110,1,99,GS-13,J,0110,8,10,F,1,202009,1,104284,05.6
EP00,11,E,21,12,A,0110,1,99,GS-12,I,0110,8,15,F,1,202009,1,097848,00.3
EP00,11,C,17,12,C,0110,1,99,GS-12,H,0110,8,15,F,1,202009,1,086335,03.8
EP00,11,C,17,13,D,0110,1,99,GS-13,J,0110,8,10,F,1,202009,1,102663,05.2
EP00,51,D,13,13,D,0110,1,99,GS-13,J,0110,8,10,F,1,202009,1,109508,05.2
EP00,23,H,21,,D,0110,1,99,EF-00,K,0110,8,48,I,2,202009,1,110256,05.2
EP00,44,D,21,13,D,0110,1,99,GS-13,K,0110,8,10,F,1,202009,1,111745,05.1
EP00,51,E,17,13,D,0110,1,99,GS-13,J,0110,8,10,F,1,202009,1,109508,05.1
EP00,11,G,21,13,D,0110,1,99,GS-13,K,0110,8,10,F,1,202009,1,112930,05.1
EP00,51,D,17,13,D,0110,1,99,GS-13,J,0110,8,10,F,1,202009,1,109508,05.0
EP00,11,C,17,13,D,0110,1,99,GS-13,J,0110,8,10,F,1,202009,1,102663,05.0
EP00,51,D,17,13,C,0110,1,99,GS-13,J,0110,8,10,F,1,202009,1,106085,04.8
EP00,26,E,18,13,C,0110,1,99,GS-13,J,0110,8,10,F,1,202009,1,106856,04.8
EP00,55,H,21,,C,0110,1,99,EF-00,K,0110,8,48,I,2,202009,1,110256,04.7
EP00,36,G,21,,C,0110,1,99,EF-00,K,0110,8,48,I,2,202009,1,110256,04.7
EP00,37,I,21,,C,0110,1,99,EF-00,K,0110,8,48,I,2,202009,1,110256,04.5
EP00,24,K,21,,D,0110,1,99,EF-00,K,0110,8,48,I,2,202009,1,110256,05.3
EP00,11,H,21,13,C,0110,1,99,GS-13,J,0110,8,10,F,1,202009,1,106085,04.0
EP00,11,D,17,13,C,0110,1,99,GS-13,J,0110,8,10,F,1,202009,1,102663,04.9
EP00,51,D,17,13,C,0110,1,99,GS-13,J,0110,8,10,F,1,202009,1,102663,03.8
EP00,26,G,21,13,C,0110,1,99,GS-13,J,0110,8,10,F,1,202009,1,103516,03.7
EP00,24,K,21,,A,0110,1,99,EF-00,K,0110,8,48,I,2,202009,1,110256,00.5
EP00,22,K,21,,B,0110,1,99,EF-00,K,0110,8,48,I,2,202009,1,110256,02.8
EP00,11,D,14,13,B,0110,1,99,GS-13,J,0110,8,15,F,1,202009,1,106085,02.3
EP00,11,K,21,,B,0110,1,99,ED-00,Z,0110,8,48,I,2,202009,1,,02.3
EP00,37,E,21,,B,0110,1,99,EF-00,J,0110,8,48,I,2,202009,1,104350,02.3
EP00,51,C,17,09,B,0110,1,99,GS-09,G,0110,8,35,F,1,202009,1,071442,02.0
EP00,37,D,21,13,B,0110,1,99,GS-13,K,0110,8,15,F,1,202009,1,110605,01.8
EP00,37,C,17,12,B,0110,1,99,GS-12,H,0110,8,15,F,1,202009,1,085041,01.3
EP00,51,C,21,12,B,0110,1,99,GS-12,H,0110,8,15,F,1,202009,1,086335,01.3
EP00,51,E,17,11,B,0110,1,99,GS-11,G,0110,8,15,F,1,202009,1,072030,01.1
EP00,11,D,21,12,B,0110,1,99,GS-12,H,0110,8,15,F,1,202009,1,086335,01.0
EP00,11,E,17,13,B,0110,1,99,GS-13,M,0110,8,15,F,1,202009,1,133465,01.0
EP00,11,I,21,,B,0110,1,99,EF-00,K,0110,8,48,I,2,202009,1,110256,01.2
EP00,51,E,21,,A,0110,1,99,EF-00,K,0110,8,48,I,2,202009,1,110256,00.5
EP00,11,F,21,,A,0110,1,99,EF-00,K,0110,8,48,I,2,202009,1,110256,00.5
EP00,18,F,17,,A,0110,1,99,ED-00,K,0110,8,48,I,2,202009,1,110256,00.5
EP00,42,H,21,,A,0110,1,99,EF-00,K,0110,8,48,I,2,202009,1,110256,00.5
EP00,39,E,21,12,A,0110,1,99,GS-12,G,0110,8,40,F,2,202009,1,079764,00.5
EP00,17,K,21,,A,0110,1,99,EF-00,K,0110,8,48,I,2,202009,1,110256,00.5
EP00,13,H,21,,A,0110,1,99,EF-00,K,0110,8,48,I,2,202009,1,110256,00.4
EP00,25,G,21,,A,0110,1,99,EF-00,K,0110,8,48,I,2,202009,1,110256,00.5
EP00,37,C,17,12,A,0110,1,99,GS-12,G,0110,8,15,F,1,202009,1,079725,00.2
EP00,51,C,18,11,A,0110,1,99,GS-11,G,0110,8,15,F,1,202009,1,072030,00.1
EP00,11,C,21,12,A,0110,1,99,GS-12,H,0110,8,15,F,1,202009,1,086335,00.1
EP00,51,C,17,09,A,0110,1,99,GS-09,E,0110,8,35,F,1,202009,1,059534,00.0
EP00,51,F,17,13,D,0110,1,99,GS-13,J,0110,8,10,F,1,202009,1,102663,06.1
FC00,11,K,21,15,H,0110,1,99,GS-15,Q,0110,8,10,F,1,202009,1,170800,26.0
FC00,11,J,21,,G,0110,1,SL,SL-00,Q,0110,8,10,F,1,202009,1,176688,23.6
FC00,11,D,04,14,D,0110,1,99,GS-14,L,0110,5,10,F,1,202009,1,129404,08.1
FC00,11,J,17,15,G,0110,1,99,GS-15,Q,0110,8,10,F,1,202009,1,170800,24.0
FC00,11,H,17,,H,0110,1,SL,SL-00,Q,0110,5,10,F,1,202009,1,176688,27.2
FC00,11,K,21,15,H,0110,1,99,GS-15,Q,0110,8,10,F,1,202009,1,170800,26.0
FC00,11,F,13,14,E,0110,1,99,GS-14,M,0110,8,10,F,1,202009,1,133447,14.3
FC00,11,K,21,15,I,0110,1,99,GS-15,Q,0110,8,10,F,1,202009,1,170800,32.9
FC00,11,J,21,15,I,0110,1,99,GS-15,Q,0110,8,10,F,1,202009,1,170800,32.2
FC00,11,H,17,15,G,0110,1,99,GS-15,Q,0110,8,10,F,1,202009,1,170800,23.3
FC00,11,J,18,14,H,0110,1,99,GS-14,O,0110,8,10,F,1,202009,1,157709,25.7
FC00,11,I,21,15,H,0110,1,99,GS-15,Q,0110,8,10,F,1,202009,1,170800,27.8
FC00,11,K,21,15,I,0110,1,99,GS-15,Q,0110,8,10,F,1,202009,1,170800,33.8
FC00,11,I,17,15,H,0110,1,99,GS-15,Q,0110,8,10,F,1,202009,1,170800,25.5
FC00,11,I,17,15,G,0110,1,99,GS-15,Q,0110,8,10,F,1,202009,1,170800,23.9
FC00,11,K,17,15,I,0110,1,99,GS-15,Q,0110,8,10,F,1,202009,1,170800,30.8
FC00,11,J,21,15,G,0110,1,99,GS-15,Q,0110,5,10,F,1,202009,1,170800,21.4
FC00,11,K,17,15,J,0110,1,99,GS-15,Q,0110,8,10,F,1,202009,1,170800,48.0
FC00,11,K,21,,J,0110,1,SL,SL-00,Q,0110,5,10,F,1,202009,1,176688,39.2
FC00,11,K,21,15,J,0110,1,99,GS-15,Q,0110,8,10,F,1,202009,1,170800,41.1
FC00,11,J,18,15,J,0110,1,99,GS-15,Q,0110,8,10,F,1,202009,1,170800,36.7
FC00,11,K,21,15,J,0110,1,99,GS-15,Q,0110,8,10,F,1,202009,1,170800,38.5
FC00,11,J,15,15,E,0110,1,99,GS-15,Q,0110,2,38,F,1,202009,1,170800,12.5
FC00,11,K,17,,G,0110,1,ES,ES-**,S,0110,2,50,F,1,202009,1,192300,21.5
FC00,11,K,21,,J,0110,1,SL,SL-00,Q,0110,5,10,F,1,202009,1,176688,40.6
FC00,11,H,21,15,F,0110,1,99,GS-15,Q,0110,2,10,F,1,202009,1,170800,19.3
FC00,11,K,21,15,I,0110,1,99,GS-15,Q,0110,8,10,F,1,202009,1,170800,32.2
FC00,11,J,21,15,H,0110,1,99,GS-15,Q,0110,2,10,F,1,202009,1,170800,25.3
FC00,11,J,21,15,G,0110,1,99,GS-15,Q,0110,8,10,F,1,202009,1,170800,23.3
FC00,11,K,17,15,J,0110,1,99,GS-15,Q,0110,8,10,F,1,202009,1,170800,41.8
FC00,11,K,21,15,H,0110,1,99,GS-15,Q,0110,8,10,F,1,202009,1,170800,25.8
FC00,11,J,21,15,F,0110,1,99,GS-15,Q,0110,8,10,F,1,202009,1,170800,19.2
FC00,11,I,15,,F,0110,1,ES,ES-**,R,0110,2,50,F,1,202009,1,180578,15.8
FC00,11,I,11,15,E,0110,1,99,GS-15,Q,0110,8,10,F,1,202009,1,170800,14.2
FC00,11,I,12,15,E,0110,1,99,GS-15,Q,0110,2,10,F,1,202009,1,170800,11.9
FC00,11,H,11,15,E,0110,1,99,GS-15,P,0110,8,10,F,1,202009,1,166487,13.6
FC00,11,E,21,15,D,0110,1,99,GS-15,O,0110,2,10,F,1,202009,1,156973,07.1
FC00,11,F,21,14,E,0110,1,99,GS-14,M,0110,8,10,F,1,202009,1,137491,10.3
FC00,11,F,12,15,E,0110,1,99,GS-15,P,0110,8,10,F,1,202009,1,161730,10.5
FC00,11,I,04,,E,0110,1,SL,SL-00,Q,0110,5,10,F,1,202009,1,176688,10.2
FC00,11,H,17,15,E,0110,1,99,GS-15,Q,0110,8,10,F,1,202009,1,170800,10.1
FC00,26,H,17,15,E,0110,1,99,GS-15,P,0110,2,10,F,1,202009,1,164858,10.1
FC00,11,E,21,15,B,0110,1,99,GS-15,O,0110,8,10,F,1,202009,1,156973,02.3
FC00,11,H,04,15,D,0110,1,99,GS-15,Q,0110,2,10,F,1,202009,1,170800,09.0
FC00,11,D,04,14,D,0110,1,99,GS-14,L,0110,8,10,F,1,202009,1,121316,08.1
FC00,11,F,21,,C,0110,1,ES,ES-**,Q,0110,2,50,F,1,202009,1,176490,04.8
FC00,11,D,15,14,C,0110,1,99,GS-14,M,0110,8,10,F,1,202009,1,137491,04.1
FC00,11,C,17,12,C,0110,1,99,GS-12,H,0110,8,10,F,1,202009,1,086335,04.1
FC00,11,C,12,11,C,0110,1,99,GS-11,G,0110,8,10,F,1,202009,1,072030,04.1
FC00,11,D,12,11,C,0110,1,99,GS-11,G,0110,8,10,F,1,202009,1,074431,04.1
FC00,11,D,17,11,C,0110,1,99,GS-11,G,0110,8,10,F,1,202009,1,072030,04.0
FC00,11,D,17,07,C,0119,3,99,GS-07,F,XXXX,8,15,F,1,202009,1,063267,03.7
FC00,11,B,04,07,C,0119,3,99,GS-07,E,XXXX,8,10,F,1,202009,1,051914,03.7
FC00,11,H,12,15,A,0110,1,99,GS-15,Q,0110,8,15,F,1,202009,1,170800,00.4
FC00,11,D,17,14,D,0110,1,99,GS-14,M,0110,8,10,F,1,202009,1,137491,05.2
FC00,11,C,21,14,B,0110,1,99,GS-14,L,0110,8,15,F,1,202009,1,121316,02.3
FC00,11,C,12,05,B,0119,3,99,GS-05,D,XXXX,8,15,F,1,202009,1,040601,01.3
FC00,11,D,17,09,D,0110,1,99,GS-09,E,0110,8,15,F,1,202009,1,059534,06.4
FC00,11,E,12,13,B,0110,1,99,GS-13,K,0110,8,15,F,1,202009,1,112930,01.1
FC00,11,D,12,13,A,0110,1,99,GS-13,K,0110,8,15,F,1,202009,1,119775,00.3
FC00,11,D,12,13,A,0110,1,99,GS-13,K,0110,8,15,F,1,202009,1,119775,00.2
FC00,11,G,12,15,A,0110,1,99,GS-15,P,0110,8,15,F,1,202009,1,161730,00.3
FC00,11,C,12,13,A,0110,1,99,GS-13,J,0110,8,15,F,1,202009,1,102663,00.2
FC00,11,C,17,13,A,0110,1,99,GS-13,M,0110,8,15,F,1,202009,1,133465,00.2
FC00,11,C,04,07,A,0119,3,99,GS-07,E,XXXX,8,15,F,1,202009,1,053536,00.1
FC00,11,E,17,14,A,0110,1,99,GS-14,O,0110,8,15,F,1,202009,1,157709,00.1
FC00,11,B,17,07,A,0119,3,99,GS-07,E,XXXX,8,15,F,1,202009,1,051914,00.0
FC00,11,C,17,07,A,0119,3,99,GS-07,D,XXXX,8,15,F,1,202009,1,048670,00.0
FC00,11,B,17,07,A,0119,3,99,GS-07,D,XXXX,8,15,F,1,202009,1,048670,00.0
FC00,11,E,17,14,D,0110,1,99,GS-14,L,0110,8,10,F,1,202009,1,125360,08.2
FD00,48,J,17,14,G,0110,1,99,CG-14,T,0110,8,10,F,1,202009,1,200969,23.8
FD00,11,E,21,14,D,0110,1,99,CG-14,S,0110,8,10,F,1,202009,1,191692,05.1
FD00,11,G,13,15,F,0110,1,99,CG-15,T,0110,8,10,F,1,202009,1,216263,19.2
FD00,11,J,14,15,J,0110,1,99,CG-15,V,0110,8,10,F,1,202009,1,243500,36.3
FD00,11,H,21,14,G,0110,1,99,CG-14,R,0110,8,10,F,1,202009,1,189120,24.1
FD00,11,I,21,13,E,0110,1,99,CG-13,R,0110,8,10,F,1,202009,1,180269,13.3
FD00,11,G,21,15,E,0110,1,99,CG-15,V,0110,8,10,F,1,202009,1,243500,12.1
FD00,11,K,21,14,I,0110,1,99,CG-14,T,0110,8,10,F,1,202009,1,214328,33.2
FD00,11,G,21,15,F,0110,1,99,CG-15,V,0110,8,10,F,1,202009,1,243500,19.0
FD00,11,G,21,14,E,0110,1,99,CG-14,T,0110,8,15,F,1,202009,1,208781,13.4
FD00,11,F,21,14,E,0110,1,99,CG-14,T,0110,8,10,F,1,202009,1,214328,12.2
FD00,06,D,09,12,E,0110,1,99,CG-12,P,0110,8,10,F,1,202009,1,160233,10.8
FD00,11,I,21,14,G,0110,1,99,CG-14,Q,0110,8,10,F,1,202009,1,170800,24.4
FD00,11,I,17,,J,0110,1,99,CX-00,W,0110,8,10,F,1,202009,1,273400,35.4
FD00,11,J,17,14,H,0110,1,99,CG-14,T,0110,8,10,F,1,202009,1,214328,28.3
FD00,11,F,17,14,E,0110,1,99,CG-14,P,0110,8,10,F,1,202009,1,162965,14.2
FD00,11,F,21,14,F,0110,1,99,CG-14,Q,0110,8,10,F,1,202009,1,178440,16.3
FD00,11,J,17,14,I,0110,1,99,CG-14,R,0110,8,10,F,1,202009,1,187610,30.8
FD00,11,H,21,,F,0110,1,99,CM-02,V,0110,2,10,F,1,202009,1,243500,16.0
FD00,11,F,21,15,E,0110,1,99,CG-15,V,0110,8,10,F,1,202009,1,243500,13.0
FD00,11,H,17,14,F,0110,1,99,CG-14,T,0110,8,10,F,1,202009,1,214328,18.1
FD00,11,H,21,15,E,0110,1,99,CG-15,V,0110,8,10,F,1,202009,1,243500,13.1
FD00,11,H,17,14,G,0110,1,99,CG-14,S,0110,8,10,F,1,202009,1,191387,21.3
FD00,36,I,17,14,H,0110,1,99,CG-14,U,0110,8,10,F,1,202009,1,225356,27.3
FD00,48,G,17,14,G,0110,1,99,CG-14,R,0110,8,10,F,1,202009,1,189901,22.3
FD00,11,I,21,,G,0110,1,99,EM-00,W,0110,2,10,F,1,202009,1,273400,23.0
FD00,11,G,21,14,F,0110,1,99,CG-14,T,0110,8,10,F,1,202009,1,211897,15.0
FD00,11,E,22,14,B,0110,1,99,CG-14,T,0110,8,15,F,1,202009,1,203691,02.7
FD00,48,E,13,12,E,0110,1,99,CG-12,I,0110,8,10,F,1,202009,1,099103,11.3
FD00,11,F,21,14,E,0110,1,99,CG-14,S,0110,8,10,F,1,202009,1,192143,11.2
FD00,11,H,21,14,F,0110,1,99,CG-14,T,0110,8,10,F,1,202009,1,208303,15.6
FD00,11,G,17,11,F,0110,1,99,CG-11,J,0110,8,15,F,1,202009,1,102570,18.3
FD00,11,F,17,14,E,0110,1,99,CG-14,T,0110,8,10,F,1,202009,1,214328,10.8
FD00,13,E,17,14,E,0110,1,99,CG-14,L,0110,8,10,F,1,202009,1,124244,10.4
FD00,11,E,21,14,D,0110,1,99,CG-14,S,0110,8,10,F,1,202009,1,196985,05.3
FD00,29,H,17,14,E,0110,1,99,CG-14,M,0110,8,10,F,1,202009,1,137955,10.2
FD00,11,G,13,,D,0110,1,99,CM-02,V,0110,2,10,F,1,202009,1,243500,09.9
FD00,11,E,17,14,D,0110,1,99,CG-14,M,0110,8,10,F,1,202009,1,132461,09.9
FD00,13,E,17,12,D,0110,1,99,CG-12,I,0110,8,10,F,1,202009,1,098863,09.1
FD00,06,G,17,14,D,0110,1,99,CG-14,R,0110,8,10,F,1,202009,1,184822,08.6
FD00,11,F,21,14,D,0110,1,99,CG-14,N,0110,8,10,F,1,202009,1,143195,08.1
FD00,11,F,17,14,D,0110,1,99,CG-14,S,0110,8,10,F,1,202009,1,198674,07.2
FD00,11,E,21,14,D,0110,1,99,CG-14,R,0110,8,10,F,1,202009,1,182433,07.2
FD00,11,D,04,13,D,0110,1,99,CG-13,K,0110,8,10,F,1,202009,1,112414,07.2
FD00,11,F,17,14,D,0110,1,99,CG-14,S,0110,8,10,F,1,202009,1,199931,07.0
FD00,17,C,13,14,D,0110,1,99,CG-14,L,0110,8,10,F,1,202009,1,124438,06.6
FD00,11,D,17,14,D,0110,1,99,CG-14,S,0110,8,10,F,1,202009,1,199154,06.2
FD00,11,E,21,12,D,0110,1,99,CG-12,I,0110,8,15,F,1,202009,1,093418,05.7
FD00,11,E,22,14,D,0110,1,99,CG-14,S,0110,8,10,F,1,202009,1,195616,06.1
FD00,11,E,21,14,D,0110,1,99,CG-14,R,0110,8,10,F,1,202009,1,189791,06.1
FD00,11,D,21,14,D,0110,1,99,CG-14,S,0110,8,10,F,1,202009,1,198982,05.9
FD00,11,D,17,09,C,0110,1,99,CG-09,F,0110,8,40,F,2,202009,1,066589,03.3
FD00,11,C,17,12,D,0110,1,99,CG-12,J,0110,8,10,F,1,202009,1,105728,05.9
FD00,11,C,17,12,D,0110,1,99,CG-12,I,0110,8,10,F,1,202009,1,095148,05.6
FD00,11,C,13,12,C,0110,1,99,CG-12,I,0110,8,15,F,1,202009,1,093418,04.2
FD00,11,D,21,14,D,0110,1,99,CG-14,S,0110,8,10,F,1,202009,1,198269,05.3
FD00,11,D,21,14,D,0110,1,99,CG-14,S,0110,8,10,F,1,202009,1,198284,05.3
FD00,11,D,21,14,D,0110,1,99,CG-14,S,0110,8,10,F,1,202009,1,196817,05.2
FD00,36,C,17,11,C,0110,1,99,CG-11,H,0110,8,10,F,1,202009,1,089157,04.5
FD00,11,E,15,14,C,0110,1,99,CG-14,S,0110,8,10,F,1,202009,1,192167,04.3
FD00,25,H,17,14,D,0110,1,99,CG-14,Q,0110,8,10,F,1,202009,1,171908,06.1
FD00,11,E,17,14,E,0110,1,99,CG-14,Q,0110,8,10,F,1,202009,1,171686,14.2
FD00,11,C,13,09,B,0110,1,99,CG-09,F,0110,8,40,F,2,202009,1,065297,02.3
FD00,11,B,13,07,A,0110,1,99,CG-07,E,0110,8,40,F,2,202009,1,052888,00.8
FD00,11,B,11,09,B,0110,1,99,CG-09,F,0110,8,40,F,2,202009,1,064419,01.7
FD00,11,C,13,09,B,0110,1,99,CG-09,F,0110,8,40,F,2,202009,1,064419,02.8
FD00,13,C,13,09,B,0110,1,99,CG-09,E,0110,8,40,F,2,202009,1,059467,02.2
FD00,06,B,13,09,B,0110,1,99,CG-09,G,0110,8,40,F,2,202009,1,074714,02.2
FD00,11,D,21,14,B,0110,1,99,CG-14,R,0110,8,15,F,1,202009,1,185812,02.2
FD00,11,D,21,14,B,0110,1,99,CG-14,R,0110,8,15,F,1,202009,1,185812,02.1
FD00,11,D,17,13,B,0110,1,99,CG-13,P,0110,8,15,F,1,202009,1,168531,02.0
FD00,11,F,21,13,D,0110,1,99,CG-13,O,0110,8,15,F,1,202009,1,152527,08.8
FD00,11,B,13,07,B,0110,1,99,CG-07,E,0110,8,40,F,2,202009,1,052888,01.7
FD00,11,C,13,07,B,0110,1,99,CG-07,E,0110,8,40,F,2,202009,1,054263,01.9
FD00,17,B,13,09,B,0110,1,99,CG-09,F,0110,8,40,F,2,202009,1,061066,01.2
FD00,11,B,13,09,B,0110,1,99,CG-09,F,0110,8,40,F,2,202009,1,064419,01.1
FD00,11,F,21,14,B,0110,1,99,CG-14,T,0110,8,15,F,1,202009,1,213261,01.1
FD00,48,B,21,07,A,0110,1,99,CG-07,D,0110,8,40,F,2,202009,1,049591,00.3
FD00,11,B,13,07,A,0110,1,99,CG-07,E,0110,8,40,F,2,202009,1,052888,00.1
FD00,11,B,13,07,A,0110,1,99,CG-07,E,0110,8,40,F,2,202009,1,052888,00.1
FD00,11,C,13,07,A,0110,1,99,CG-07,E,0110,8,40,F,2,202009,1,052888,00.0
FD00,11,D,22,14,A,0110,1,99,CG-14,R,0110,8,15,F,1,202009,1,185939,00.0
FD00,11,B,13,07,A,0110,1,99,CG-07,E,0110,8,40,F,2,202009,1,052888,00.0
FL00,51,I,17,,H,0110,1,99,VH-41,T,0110,2,10,F,1,202009,1,,29.9
FL00,51,E,17,,E,0110,1,99,VH-40,P,0110,8,10,F,1,202009,1,,10.0
FL00,51,J,17,,I,0110,1,99,VH-40,S,0110,8,10,F,1,202009,1,,33.8
FL00,51,E,21,,D,0110,1,99,VH-42,U,0110,2,10,F,1,202009,1,226643,06.3
FL00,51,G,21,,D,0110,1,99,VH-40,N,0110,8,10,F,1,202009,1,,06.1
FL00,51,C,17,,D,0110,1,99,VH-39,J,0110,8,10,F,1,202009,1,,05.6
FRFT,11,I,17,,G,0110,1,99,CN-60,S,0110,8,10,F,1,202009,1,199368,21.0
FRFT,11,G,13,,G,0110,1,99,CN-60,O,0110,8,10,F,1,202009,1,152415,22.8
FRFT,11,G,21,,F,0110,1,99,CN-82,U,0110,2,10,F,1,202009,1,237001,18.1
FRFT,11,H,21,,G,0110,1,99,CN-71,V,0110,2,10,F,1,202009,1,240000,21.2
FRFT,11,J,22,,G,0110,1,99,CN-71,T,0110,8,10,F,1,202009,1,214368,21.6
FRFT,11,G,21,,F,0110,1,99,CN-71,U,0110,2,10,F,1,202009,1,229171,15.3
FRFT,11,I,21,,F,0110,1,99,CN-71,U,0110,2,10,F,1,202009,1,229171,19.8
FRFT,11,G,21,,E,0110,1,99,CN-71,T,0110,8,10,F,1,202009,1,210125,11.2
FRFT,11,G,13,,F,0110,1,99,CN-60,O,0110,8,10,F,1,202009,1,156225,17.0
FRFT,11,F,17,,E,0110,1,99,CN-60,O,0110,2,10,F,1,202009,1,153944,12.8
FRFT,11,G,04,,F,0110,1,99,CN-71,T,0110,2,10,F,1,202009,1,219209,16.3
FRFT,11,D,21,,B,0110,1,99,CN-53,N,0110,8,15,F,1,202009,1,145000,02.0
FRFT,11,D,21,,D,0110,1,99,CN-60,Q,0110,8,10,F,1,202009,1,172927,08.1
FRFT,53,E,13,,E,0110,1,99,CN-60,Q,0110,8,10,F,1,202009,1,175776,10.0
FRFT,11,G,21,,E,0110,1,99,CN-71,U,0110,8,10,F,1,202009,1,230489,10.8
FRFT,11,D,17,,D,0110,1,99,CN-52,I,0110,8,10,F,1,202009,1,093475,09.7
FRFT,11,E,04,,D,0110,1,99,CN-60,Q,0110,8,10,F,1,202009,1,171720,05.4
FRFT,11,F,17,,D,0110,1,99,CN-60,Q,0110,8,10,F,1,202009,1,172000,06.1
FRFT,11,E,17,,D,0110,1,99,CN-60,Q,0110,8,10,F,1,202009,1,171720,05.3
FRFT,11,D,21,,D,0110,1,99,CN-60,Q,0110,8,10,F,1,202009,1,173780,06.3
FRFT,11,D,21,,D,0110,1,99,CN-60,Q,0110,8,10,F,1,202009,1,171720,05.1
FRFT,11,D,17,,A,0110,1,99,CN-52,J,0110,8,15,F,1,202009,1,100000,00.2
FRFT,11,F,21,,C,0110,1,99,CN-60,R,0110,8,10,F,1,202009,1,181773,04.3
FRFT,11,D,21,,D,0110,1,99,CN-60,P,0110,8,10,F,1,202009,1,169086,06.1
FRFT,11,E,21,,C,0110,1,99,CN-60,P,0110,8,10,F,1,202009,1,169086,04.1
FRFT,11,C,13,,C,0110,1,99,CN-51,H,0110,8,40,F,2,202009,1,080881,03.7
FRFT,11,F,21,,C,0110,1,99,CN-60,R,0110,8,10,F,1,202009,1,181773,03.7
FRFT,11,C,13,,C,0110,1,99,CN-51,H,0110,8,15,F,1,202009,1,082903,03.2
FRFT,11,F,21,,C,0110,1,99,CN-60,P,0110,8,10,F,1,202009,1,165128,04.6
FRFT,11,B,13,,B,0110,1,99,CN-51,G,0110,8,40,F,2,202009,1,078908,01.3
FRFT,11,C,04,,B,0110,1,99,CN-40,G,0110,8,40,F,2,202009,1,072002,01.3
FRFT,11,B,13,,B,0110,1,99,CN-40,G,0110,8,40,F,2,202009,1,072002,01.3
FRFT,11,C,13,,C,0110,1,99,CN-51,H,0110,8,40,F,2,202009,1,080000,03.3
FRFT,11,H,21,,H,0110,1,99,CN-71,U,0110,8,15,F,1,202009,1,233188,25.3
FRFT,11,B,12,,B,0110,1,99,CN-40,G,0110,8,40,F,2,202009,1,072002,01.3
FRFT,11,B,13,,B,0110,1,99,CN-40,G,0110,8,40,F,2,202009,1,072002,01.2
FRFT,11,C,21,,B,0110,1,99,CN-53,N,0110,8,15,F,1,202009,1,145000,01.1
FRFT,11,B,13,,A,0110,1,99,CN-30,E,0110,8,40,F,2,202009,1,055000,00.3
FRFT,11,C,17,,B,0110,1,99,CN-40,G,0110,8,40,F,2,202009,1,071651,02.5
FRFT,11,B,13,,A,0110,1,99,CN-30,F,0110,8,40,F,2,202009,1,064743,00.2
FT00,11,K,21,15,J,0110,1,99,GM-15,Q,0110,5,10,F,1,202009,1,170800,41.2
FT00,11,J,21,15,G,0110,1,99,GS-15,Q,0110,8,10,F,1,202009,1,170800,22.5
FT00,11,F,21,15,E,0110,1,99,GS-15,Q,0110,8,10,F,1,202009,1,170800,10.1
FT00,11,G,21,15,F,0110,1,99,GS-15,Q,0110,8,10,F,1,202009,1,170800,16.0
FT00,11,I,21,15,H,0110,1,99,GS-15,Q,0110,8,10,F,1,202009,1,170800,27.9
FT00,11,J,22,15,G,0110,1,99,GS-15,Q,0110,8,10,F,1,202009,1,170800,22.0
FT00,11,G,21,15,E,0110,1,99,GS-15,Q,0110,8,10,F,1,202009,1,170800,13.2
FT00,11,G,21,15,G,0110,1,99,GS-15,Q,0110,8,10,F,1,202009,1,170800,20.0
FT00,11,I,15,15,H,0110,1,99,GS-15,Q,0110,8,10,F,1,202009,1,170800,25.7
FT00,11,I,21,15,H,0110,1,99,GS-15,Q,0110,8,10,F,1,202009,1,170800,29.3
FT00,11,G,21,15,F,0110,1,99,GS-15,Q,0110,8,10,F,1,202009,1,170800,18.8
FT00,11,E,21,15,E,0110,1,99,GS-15,Q,0110,8,10,F,1,202009,1,170800,12.0
FT00,11,J,21,,I,0110,1,ES,ES-**,S,0110,2,50,F,1,202009,1,191200,34.6
FT00,11,I,21,15,E,0110,1,99,GS-15,Q,0110,8,10,F,1,202009,1,170800,13.9
FT00,11,E,21,15,E,0110,1,99,GS-15,Q,0110,8,10,F,1,202009,1,170800,12.2
FT00,11,K,21,15,J,0110,1,99,GM-15,Q,0110,5,10,F,1,202009,1,170800,48.0
FT00,11,I,21,15,H,0110,1,99,GS-15,Q,0110,8,10,F,1,202009,1,170800,29.9
FT00,11,K,21,,J,0110,1,ES,ES-**,S,0110,2,50,F,1,202009,1,192300,40.1
FT00,11,H,21,,F,0110,1,SL,SL-00,R,0110,8,10,F,1,202009,1,181500,19.1
FT00,11,G,20,15,F,0110,1,99,GS-15,Q,0110,8,10,F,1,202009,1,170800,16.0
FT00,11,G,21,15,F,0110,1,99,GS-15,Q,0110,8,10,F,1,202009,1,170800,19.0
FT00,11,G,21,15,E,0110,1,99,GS-15,Q,0110,8,10,F,1,202009,1,170800,14.0
FT00,11,J,17,15,I,0110,1,99,GS-15,Q,0110,8,10,F,1,202009,1,170800,30.0
FT00,11,K,22,15,I,0110,1,99,GS-15,Q,0110,8,10,F,1,202009,1,170800,32.3
FT00,11,K,22,15,J,0110,1,99,GS-15,Q,0110,8,10,F,1,202009,1,170800,40.4
FT00,11,I,21,15,G,0110,1,99,GS-15,Q,0110,8,10,F,1,202009,1,170800,20.1
FT00,11,F,21,15,E,0110,1,99,GS-15,Q,0110,8,10,F,1,202009,1,170800,13.1
FT00,11,I,21,14,H,0110,1,99,GS-14,N,0110,8,10,F,1,202009,1,149621,29.8
FT00,11,I,21,15,G,0110,1,99,GS-15,Q,0110,8,10,F,1,202009,1,170800,20.3
FT00,11,H,21,15,H,0110,1,99,GS-15,Q,0110,8,10,F,1,202009,1,170800,26.1
FT00,11,I,21,,G,0110,1,ES,ES-**,S,0110,2,50,F,1,202009,1,192300,21.0
FT00,11,F,21,15,F,0110,1,99,GS-15,Q,0110,8,10,F,1,202009,1,170800,15.0
FT00,11,I,21,15,G,0110,1,99,GS-15,Q,0110,8,10,F,1,202009,1,170800,23.9
FT00,11,K,21,,J,0110,1,ES,ES-**,S,0110,2,50,F,1,202009,1,192300,37.7
FT00,11,G,21,15,G,0110,1,99,GS-15,Q,0110,8,10,F,1,202009,1,170800,20.0
FT00,11,H,21,15,H,0110,1,99,GS-15,Q,0110,8,10,F,1,202009,1,170800,25.3
FT00,11,F,21,15,F,0110,1,99,GS-15,Q,0110,8,10,F,1,202009,1,170800,15.0
FT00,11,H,21,,E,0110,1,ES,ES-**,R,0110,2,50,F,1,202009,1,184900,12.3
FT00,11,F,21,15,E,0110,1,99,GS-15,Q,0110,8,10,F,1,202009,1,170800,13.3
FT00,11,F,21,15,D,0110,1,99,GS-15,Q,0110,8,10,F,1,202009,1,170800,06.3
FT00,11,F,21,15,E,0110,1,99,GS-15,Q,0110,8,10,F,1,202009,1,170800,11.0
FT00,11,F,21,15,E,0110,1,99,GS-15,Q,0110,8,10,F,1,202009,1,170800,12.0
FT00,11,K,21,15,G,0110,1,99,GS-15,Q,0110,8,10,F,1,202009,1,170800,23.3
FT00,11,D,13,13,C,0110,1,99,GS-13,M,0110,8,10,F,1,202009,1,133465,04.1
FT00,11,F,13,15,E,0110,1,99,GS-15,Q,0110,8,10,F,1,202009,1,170800,10.5
FT00,11,J,21,15,F,0110,1,99,GS-15,Q,0110,8,10,F,1,202009,1,170800,16.8
FT00,11,D,21,12,B,0110,1,99,GS-12,K,0110,8,15,F,1,202009,1,112240,01.1
FT00,11,F,21,15,D,0110,1,99,GS-15,Q,0110,8,10,F,1,202009,1,170800,09.1
FT00,11,F,21,15,D,0110,1,99,GS-15,Q,0110,5,10,F,1,202009,1,170800,09.1
FT00,11,F,21,15,D,0110,1,99,GS-15,Q,0110,8,10,F,1,202009,1,170800,09.0
FT00,11,E,21,15,D,0110,1,99,GS-15,Q,0110,5,10,F,1,202009,1,170800,08.1
FT00,11,F,21,15,D,0110,1,99,GS-15,P,0110,5,10,F,1,202009,1,166487,08.1
FT00,11,E,21,15,D,0110,1,99,GS-15,Q,0110,8,10,F,1,202009,1,170800,07.2
FT00,11,E,21,15,D,0110,1,99,GS-15,Q,0110,8,10,F,1,202009,1,170800,07.2
FT00,11,E,21,15,D,0110,1,99,GS-15,Q,0110,8,10,F,1,202009,1,170800,07.1
FT00,11,F,21,15,D,0110,1,99,GS-15,P,0110,8,10,F,1,202009,1,166487,07.0
FT00,11,G,21,15,D,0110,1,99,GS-15,Q,0110,8,10,F,1,202009,1,170800,06.7
FT00,11,G,21,15,D,0110,1,99,GS-15,P,0110,8,10,F,1,202009,1,166487,06.3
FT00,11,D,21,15,D,0110,1,99,GS-15,P,0110,8,10,F,1,202009,1,161730,06.2
FT00,11,E,21,15,D,0110,1,99,GS-15,P,0110,8,10,F,1,202009,1,161730,06.1
FT00,11,G,21,15,D,0110,1,99,GS-15,Q,0110,8,10,F,1,202009,1,170800,05.2
FT00,11,D,21,15,D,0110,1,99,GS-15,O,0110,8,10,F,1,202009,1,156973,05.1
FT00,11,H,21,15,F,0110,1,99,GS-15,Q,0110,8,10,F,1,202009,1,170800,16.7
FT00,11,E,21,13,D,0110,1,99,GS-13,L,0110,8,10,F,1,202009,1,123198,05.0
FT00,11,H,15,,C,0110,1,ES,ES-**,S,0110,2,50,F,1,202009,1,192300,04.8
FT00,11,F,21,15,C,0110,1,99,GS-15,P,0110,8,10,F,1,202009,1,161730,04.1
FT00,11,E,21,15,C,0110,1,99,GS-15,N,0110,8,10,F,1,202009,1,147458,04.1
FT00,11,D,21,14,C,0110,1,99,GS-14,M,0110,8,10,F,1,202009,1,133447,03.2
FT00,11,F,21,15,C,0110,1,99,GS-15,P,0110,8,10,F,1,202009,1,166487,03.1
FT00,11,D,21,15,C,0110,1,99,GS-15,O,0110,8,10,F,1,202009,1,156973,03.1
FT00,11,F,21,15,B,0110,1,99,GS-15,P,0110,8,15,F,1,202009,1,166487,02.2
FT00,11,D,21,13,B,0110,1,99,GS-13,K,0110,8,15,F,1,202009,1,119775,02.1
FT00,11,D,21,13,B,0110,1,99,GS-13,K,0110,8,15,F,1,202009,1,119775,02.1
FT00,11,D,21,13,B,0110,1,99,GS-13,K,0110,8,15,F,1,202009,1,119775,02.1
FT00,11,D,22,13,B,0110,1,99,GS-13,K,0110,8,15,F,1,202009,1,119775,02.1
FT00,11,E,21,13,B,0110,1,99,GS-13,K,0110,8,15,F,1,202009,1,119775,02.0
FT00,11,D,21,13,B,0110,1,99,GS-13,M,0110,8,15,F,1,202009,1,133465,01.2
FT00,11,D,21,12,B,0110,1,99,GS-12,K,0110,8,15,F,1,202009,1,112240,01.2
FT00,11,D,21,12,B,0110,1,99,GS-12,K,0110,8,15,F,1,202009,1,112240,01.2
FT00,11,E,21,,B,0110,1,99,EF-00,M,0110,8,48,F,2,202009,1,138572,01.7
FT00,11,D,21,14,A,0110,1,99,GS-14,M,0110,8,15,F,1,202009,1,137491,00.3
FT00,11,D,15,12,A,0110,1,99,GS-12,K,0110,8,15,F,1,202009,1,112240,00.3
FT00,11,C,21,12,A,0110,1,99,GS-12,K,0110,8,15,F,1,202009,1,112240,00.3
FT00,11,D,21,12,A,0110,1,99,GS-12,K,0110,8,15,F,1,202009,1,112240,00.2
FT00,11,C,21,13,A,0110,1,99,GS-13,M,0110,8,15,F,1,202009,1,133465,00.1
FT00,11,D,21,13,A,0110,1,99,GS-13,M,0110,8,15,F,1,202009,1,133465,00.1
FT00,11,D,21,15,C,0110,1,99,GS-15,N,0110,8,10,F,1,202009,1,147458,04.1
GB00,11,H,17,15,G,0110,1,99,GS-15,Q,0110,8,10,P,2,202009,1,170800,21.2
GB00,11,H,21,14,F,0110,1,99,GS-14,N,0110,8,10,F,1,202009,1,149621,17.0
GB00,11,G,17,14,E,0110,1,99,GS-14,N,0110,8,10,F,1,202009,1,145578,12.1
GB00,11,D,13,13,D,0110,1,99,GS-13,K,0110,8,10,F,1,202009,1,119775,09.3
GB00,11,C,13,13,D,0110,1,99,GS-13,L,0110,8,10,F,1,202009,1,123198,06.7
GB00,11,E,17,13,D,0110,1,99,GS-13,J,0110,8,10,F,1,202009,1,102663,05.0
GB00,11,C,17,11,B,0110,1,99,GS-11,G,0110,8,35,F,1,202009,1,072030,01.0
GB00,11,D,17,13,D,0110,1,99,GS-13,J,0110,8,10,F,1,202009,1,102663,05.8
HE10,11,H,18,14,G,0110,1,99,GS-14,N,0110,8,10,F,1,202009,1,149621,21.2
HE10,11,G,09,14,F,0110,1,99,GS-14,N,0110,8,10,F,1,202009,1,145578,19.3
HE10,11,G,15,15,G,0110,1,99,GS-15,Q,0110,8,10,F,1,202009,1,170800,21.2
HE10,11,K,04,14,H,0110,1,99,GS-14,O,0110,8,10,F,1,202009,1,157709,29.6
HE10,11,K,21,,D,0110,1,99,EI-00,E,0110,8,48,I,2,202009,1,052175,08.8
HE10,11,D,17,13,C,0110,1,99,GS-13,J,0110,8,10,F,1,202009,1,109508,04.3
HE10,11,D,21,12,C,0110,1,99,GS-12,H,0110,8,10,F,1,202009,1,086335,04.2
HE10,11,F,21,13,C,0110,1,99,GS-13,J,0110,8,15,F,1,202009,1,102663,04.1
HE10,11,B,13,11,B,0110,1,99,GS-11,G,0110,8,15,F,1,202009,1,074431,01.4
HE10,11,D,21,14,A,0110,1,99,GS-14,L,0110,8,15,F,1,202009,1,121316,00.4
HE10,11,D,21,14,A,0110,1,99,GS-14,N,0110,8,15,F,1,202009,1,145578,00.3
HE10,11,D,21,13,A,0110,1,99,GS-13,K,0110,8,15,F,1,202009,1,112930,00.2
HE33,24,K,21,15,J,0110,1,99,GS-15,Q,0110,8,10,F,1,202009,1,170800,47.3
HE33,24,K,22,14,J,0110,1,99,GS-14,O,0110,8,10,P,2,202009,1,157709,41.2
HE33,24,J,21,,H,0110,1,99,RS-00,S,0110,2,38,F,1,202009,1,194128,27.1
HE33,24,H,01,15,G,0110,1,99,GS-15,Q,0110,8,10,F,1,202009,1,170800,23.1
HE33,24,I,21,15,G,0110,1,99,GS-15,Q,0110,8,10,F,1,202009,1,170800,20.8
HE33,24,I,21,15,G,0110,1,99,GS-15,Q,0110,2,10,F,1,202009,1,170800,21.0
HE33,24,H,21,14,G,0110,1,99,GS-14,O,0110,8,10,P,2,202009,1,157709,20.1
HE33,24,H,21,14,F,0110,1,99,GS-14,O,0110,8,10,F,1,202009,1,157709,15.1
HE33,24,I,21,,F,0110,1,99,RG-00,Q,0110,8,48,F,2,202009,1,170800,15.1
HE33,24,H,21,,H,0110,1,99,RS-00,R,0110,8,48,F,2,202009,1,189311,25.0
HE33,24,H,21,14,G,0110,1,99,GS-14,O,0110,8,10,F,1,202009,1,157709,20.8
HE33,24,H,21,15,H,0110,1,99,GS-15,Q,0110,4,10,F,1,202009,1,170800,28.8
HE33,24,G,21,,D,0110,1,99,RG-00,Q,0110,8,48,F,2,202009,1,170800,06.3
HE33,24,G,21,,D,0110,1,99,RG-00,M,0110,8,48,F,2,202009,1,137491,06.3
HE33,24,F,21,,D,0110,1,99,RG-00,M,0110,8,48,F,2,202009,1,133447,06.3
HE33,24,F,21,,E,0110,1,99,RG-00,Q,0110,8,48,F,2,202009,1,170800,12.2
HE33,24,G,21,,C,0110,1,99,RG-00,O,0110,8,48,F,2,202009,1,157709,04.2
HE33,24,E,21,,B,0110,1,99,RG-00,M,0110,8,48,F,2,202009,1,133447,01.5
HE33,24,C,21,,B,0110,1,99,RG-00,K,0110,8,48,F,2,202009,1,112240,01.0
HE33,24,D,17,,A,0110,1,99,RG-00,E,0110,8,48,F,2,202009,1,059534,00.2
HE34,24,E,17,14,C,0110,1,99,GS-14,M,0110,2,10,F,1,202009,1,133447,03.8
HE34,24,F,22,,B,0110,1,99,RG-00,J,0110,8,48,F,2,202009,1,109508,02.3
HE36,24,G,16,15,G,0110,1,99,GS-15,Q,0110,2,10,F,1,202009,1,170800,21.3
HE36,24,I,04,,F,0110,1,99,EI-00,N,0110,8,48,I,2,202009,1,142187,16.2
HE36,24,I,21,14,E,0110,1,99,GS-14,N,0110,8,10,F,1,202009,1,145578,12.7
HE36,24,G,17,14,G,0110,1,99,GS-14,O,0110,8,10,F,1,202009,1,153665,22.5
HE36,24,G,21,,F,0110,1,99,RF-00,R,0110,8,48,F,2,202009,1,182039,18.1
HE36,24,G,21,15,F,0110,1,99,GS-15,P,0110,8,10,F,1,202009,1,166487,17.3
HE36,24,E,13,14,F,0110,1,99,GS-14,M,0110,8,10,F,1,202009,1,133447,17.9
HE36,24,K,17,15,G,0110,1,99,GS-15,P,0110,2,10,F,1,202009,1,166487,22.4
HE36,24,I,17,14,H,0110,1,99,GS-14,N,0110,8,10,F,1,202009,1,149621,29.7
HE36,24,J,17,14,H,0110,1,99,GS-14,O,0110,8,10,F,1,202009,1,153665,29.4
HE36,24,G,21,,F,0110,1,99,RF-00,S,0110,2,48,F,2,202009,1,191900,18.4
HE36,24,I,14,14,F,0110,1,99,GS-14,N,0110,2,10,F,1,202009,1,141534,19.3
HE36,24,J,21,14,G,0110,1,99,GS-14,O,0110,8,10,F,1,202009,1,157709,20.3
HE36,24,E,17,13,E,0110,1,99,GS-13,K,0110,8,10,F,1,202009,1,116353,14.1
HE36,24,E,21,14,D,0110,1,99,GS-14,N,0110,8,10,F,1,202009,1,141534,09.2
HE36,24,F,22,,E,0110,1,99,RG-00,N,0110,8,48,F,2,202009,1,145578,11.3
HE36,24,E,21,15,D,0110,1,99,GS-15,O,0110,8,10,F,1,202009,1,152215,07.1
HE36,24,F,21,14,D,0110,1,99,GS-14,N,0110,8,10,F,1,202009,1,145578,08.5
HE36,24,E,17,14,D,0110,1,99,GS-14,L,0110,8,10,F,1,202009,1,125360,09.6
HE36,24,E,21,15,D,0110,1,99,GS-15,O,0110,2,10,F,1,202009,1,156973,09.1
HE36,24,D,21,13,D,0110,1,99,GS-13,J,0110,8,10,F,1,202009,1,102663,08.2
HE36,24,F,21,14,D,0110,1,99,GS-14,N,0110,8,10,F,1,202009,1,141534,08.1
HE36,24,E,22,14,D,0110,1,99,GS-14,M,0110,8,10,F,1,202009,1,137491,08.0
HE36,24,E,21,15,D,0110,1,99,GS-15,N,0110,8,10,F,1,202009,1,147458,08.0
HE36,24,E,17,14,D,0110,1,99,GS-14,M,0110,8,10,P,2,202009,1,137491,07.2
HE36,24,G,21,,B,0110,1,99,RG-00,K,0110,8,48,F,2,202009,1,119775,01.3
HE36,24,E,21,14,D,0110,1,99,GS-14,M,0110,8,10,F,1,202009,1,137491,07.1
HE36,24,D,17,14,D,0110,1,99,GS-14,L,0110,8,10,F,1,202009,1,129404,07.0
HE36,24,K,22,,D,0110,1,99,EI-00,N,0110,8,48,I,2,202009,1,142187,06.5
HE36,24,D,21,14,D,0110,1,99,GS-14,M,0110,8,10,F,1,202009,1,133447,06.3
HE36,24,D,21,,C,0110,1,99,RG-00,K,0110,8,48,F,2,202009,1,119775,03.7
HE36,24,D,17,12,D,0110,1,99,GS-12,I,0110,8,10,F,1,202009,1,094970,06.3
HE36,24,D,21,14,D,0110,1,99,GS-14,M,0110,8,10,F,1,202009,1,137491,06.1
HE36,24,E,21,14,D,0110,1,99,GS-14,M,0110,8,10,F,1,202009,1,133447,06.1
HE36,24,E,18,14,D,0110,1,99,GS-14,M,0110,8,10,F,1,202009,1,133447,06.0
HE36,24,D,21,14,D,0110,1,99,GS-14,M,0110,8,15,F,1,202009,1,133447,05.3
HE36,24,E,18,14,C,0110,1,99,GS-14,L,0110,8,10,F,1,202009,1,125360,04.7
HE36,24,F,18,13,B,0110,1,99,GS-13,J,0110,8,15,F,1,202009,1,106085,02.9
HE36,24,E,21,13,C,0110,1,99,GS-13,L,0110,8,15,F,1,202009,1,123198,04.0
HE36,24,K,22,,C,0110,1,99,EI-00,N,0110,8,48,I,2,202009,1,142187,03.9
HE36,24,C,18,11,C,0110,1,99,GS-11,G,0110,8,10,F,1,202009,1,074431,03.3
HE36,24,D,22,13,C,0110,1,99,GS-13,K,0110,8,15,F,1,202009,1,119775,03.0
HE36,24,D,21,13,B,0110,1,99,GS-13,K,0110,8,15,F,1,202009,1,119775,02.9
HE36,24,D,22,13,B,0110,1,99,GS-13,J,0110,8,15,F,1,202009,1,106085,02.8
HE36,24,D,21,,B,0110,1,99,RG-00,K,0110,8,48,F,2,202009,1,119775,01.1
HE36,24,D,21,13,B,0110,1,99,GS-13,K,0110,8,15,F,1,202009,1,119775,02.0
HE36,24,C,21,,B,0110,1,99,RG-00,K,0110,8,48,F,2,202009,1,119775,01.2
HE36,24,D,21,,B,0110,1,99,RG-00,K,0110,8,48,F,2,202009,1,119775,01.1
HE36,24,C,17,09,A,0110,1,99,GS-09,E,0110,8,35,F,1,202009,1,059534,00.9
HE36,24,C,20,,A,0110,1,99,RG-00,K,0110,8,48,F,2,202009,1,112240,00.2
HE36,24,C,17,,A,0110,1,99,AD-00,J,0110,8,15,F,1,202009,1,101000,00.1
HE36,24,D,20,,A,0110,1,99,RG-00,K,0110,8,48,F,2,202009,1,112240,00.1
HE36,24,C,20,,A,0110,1,99,RG-00,K,0110,8,48,F,2,202009,1,112240,00.1
HE36,24,D,20,,A,0110,1,99,RG-00,K,0110,8,48,F,2,202009,1,112240,00.0
HE38,24,J,21,15,G,0110,1,99,GS-15,Q,0110,8,10,F,1,202009,1,170800,22.5
HE38,24,I,15,,G,0110,1,99,EI-00,E,0110,8,48,I,2,202009,1,052175,21.8
HE38,24,F,21,,D,0110,1,99,EI-00,E,0110,8,48,I,2,202009,1,052175,05.3
HE38,24,J,21,,A,0110,1,99,EI-00,E,0110,8,48,I,2,202009,1,052175,00.7
HE38,24,F,21,,A,0110,1,99,EI-00,E,0110,8,48,I,2,202009,1,052175,00.4
HE39,39,J,22,14,G,0110,1,99,GS-14,M,0110,8,10,F,1,202009,1,130763,21.8
HE39,13,F,22,14,E,0110,1,99,GS-14,M,0110,8,10,F,1,202009,1,136295,12.2
HE39,13,J,21,13,G,0110,1,99,GS-13,L,0110,8,10,F,1,202009,1,124955,21.2
HE39,13,G,21,14,F,0110,1,99,GS-14,M,0110,8,15,F,1,202009,1,136295,15.3
HE39,13,J,18,13,E,0110,1,99,GS-13,L,0110,8,15,F,1,202009,1,121751,14.3
HE39,13,K,21,14,E,0110,1,99,GS-14,N,0110,7,15,F,1,202009,1,147652,12.1
HE39,13,I,17,13,G,0110,1,99,GS-13,L,0110,8,10,F,1,202009,1,124955,20.0
HE39,13,H,21,14,F,0110,1,99,GS-14,N,0110,8,10,F,1,202009,1,147652,19.0
HE39,13,J,21,,G,0110,1,99,RF-00,O,0110,4,38,F,1,202009,1,159140,23.6
HE39,39,G,21,13,F,0110,1,99,GS-13,L,0110,8,10,F,1,202009,1,120146,16.0
HE39,13,I,21,14,G,0110,1,99,GS-14,N,0110,8,10,F,1,202009,1,147652,24.3
HE39,13,I,21,14,F,0110,1,99,GS-14,N,0110,8,10,F,1,202009,1,140081,19.0
HE39,13,I,21,13,F,0110,1,99,GS-13,L,0110,8,10,F,1,202009,1,124955,16.9
HE39,13,H,18,14,F,0110,1,99,GS-14,N,0110,8,10,F,1,202009,1,147652,17.8
HE39,13,G,21,15,G,0110,1,99,GS-15,Q,0110,8,10,F,1,202009,1,170800,20.2
HE39,13,J,21,13,E,0110,1,99,GS-13,L,0110,8,10,F,1,202009,1,124955,11.5
HE39,13,H,21,14,G,0110,1,99,GS-14,N,0110,8,10,F,1,202009,1,147652,22.2
HE39,39,G,21,13,E,0110,1,99,GS-13,K,0110,8,10,F,1,202009,1,113822,13.8
HE39,13,J,21,14,F,0110,1,99,GS-14,N,0110,8,10,F,1,202009,1,140081,18.0
HE39,13,K,22,14,G,0110,1,99,GS-14,N,0110,8,10,F,1,202009,1,147652,21.7
HE39,11,I,21,15,G,0110,1,99,GS-15,Q,0110,4,10,F,1,202009,1,170800,22.2
HE39,13,K,21,14,G,0110,1,99,GS-14,N,0110,8,10,F,1,202009,1,147652,23.1
HE39,11,G,22,14,E,0110,1,99,GS-14,M,0110,8,10,F,1,202009,1,137491,12.3
HE39,13,F,21,14,E,0110,1,99,GS-14,L,0110,8,10,F,1,202009,1,128724,12.2
HE39,13,I,22,14,F,0110,1,99,GS-14,N,0110,8,10,F,1,202009,1,147652,18.5
HE39,13,I,21,14,E,0110,1,99,GS-14,L,0110,8,15,F,1,202009,1,124938,13.2
HE39,13,J,21,14,G,0110,1,99,GS-14,N,0110,4,10,F,1,202009,1,147652,21.5
HE39,13,J,22,15,G,0110,1,99,GS-15,Q,0110,8,10,F,1,202009,1,170800,22.3
HE39,18,K,21,14,G,0110,1,99,GS-14,N,0110,8,10,F,1,202009,1,140146,21.3
HE39,13,F,21,13,F,0110,1,99,GS-13,L,0110,8,10,F,1,202009,1,124955,15.3
HE39,13,J,22,14,G,0110,1,99,GS-14,N,0110,8,10,F,1,202009,1,147652,21.7
HE39,13,H,21,14,E,0110,1,99,GS-14,N,0110,4,10,F,1,202009,1,143867,11.9
HE39,13,G,21,13,E,0110,1,99,GS-13,L,0110,8,10,F,1,202009,1,124955,11.9
HE39,13,H,21,15,F,0110,1,99,GS-15,P,0110,2,10,F,1,202009,1,169233,19.0
HE39,13,F,21,14,E,0110,1,99,GS-14,M,0110,4,10,F,1,202009,1,136295,11.3
HE39,13,E,21,13,D,0110,1,99,GS-13,J,0110,8,15,F,1,202009,1,102525,05.0
HE39,13,G,22,,D,0110,1,99,RG-00,K,0110,8,48,F,2,202009,1,118847,09.8
HE39,13,G,21,13,D,0110,1,99,GS-13,J,0110,8,15,F,1,202009,1,105729,06.1
HE39,13,E,21,13,D,0110,1,99,GS-13,J,0110,8,10,F,1,202009,1,105729,08.1
HE39,13,F,21,,E,0110,1,99,RG-00,L,0110,8,48,F,2,202009,1,124938,10.1
HE39,13,E,21,14,D,0110,1,99,GS-14,K,0110,8,15,F,1,202009,1,117366,09.1
HE39,13,I,21,,D,0110,1,99,RG-00,M,0110,4,48,F,2,202009,1,136295,08.7
HE39,13,F,21,14,D,0110,1,99,GS-14,L,0110,4,10,F,1,202009,1,128724,08.2
HE39,13,F,22,,C,0110,1,99,RG-00,J,0110,8,48,F,2,202009,1,108934,04.7
HE39,13,E,21,13,C,0110,1,99,GS-13,L,0110,8,15,F,1,202009,1,124955,03.3
HE39,13,F,22,13,D,0110,1,99,GS-13,K,0110,8,10,F,1,202009,1,115342,08.1
HE39,13,G,21,13,D,0110,1,99,GS-13,J,0110,8,15,F,1,202009,1,108934,08.1
HE39,13,F,22,,D,0110,1,99,RG-00,J,0110,8,48,F,2,202009,1,105729,07.1
HE39,13,G,21,,D,0110,1,99,RG-00,J,0110,8,48,F,2,202009,1,105729,07.1
HE39,13,F,21,13,E,0110,1,99,GS-13,K,0110,8,10,F,1,202009,1,112138,10.7
HE39,13,F,21,14,D,0110,1,99,GS-14,L,0110,8,10,F,1,202009,1,128724,06.3
HE39,13,D,21,13,D,0110,1,99,GS-13,K,0110,8,10,F,1,202009,1,112138,06.1
HE39,13,H,21,14,D,0110,1,99,GS-14,N,0110,4,10,F,1,202009,1,147652,05.9
HE39,13,G,21,13,D,0110,1,99,GS-13,J,0110,8,15,F,1,202009,1,105729,05.1
HE39,39,D,17,13,C,0110,1,99,GS-13,J,0110,8,10,F,1,202009,1,107498,04.7
HE39,13,E,21,,C,0110,1,99,RG-00,I,0110,8,48,F,2,202009,1,096117,03.3
HE39,13,E,21,,B,0110,1,99,RG-00,I,0110,8,48,F,2,202009,1,096117,02.2
HE39,13,D,21,,B,0110,1,99,AD-00,H,0110,8,48,F,2,202009,1,088914,02.1
HE39,13,E,21,,B,0110,1,99,RG-00,I,0110,8,48,F,2,202009,1,096117,02.0
HE39,13,F,21,,B,0110,1,99,AD-00,I,0110,8,48,F,2,202009,1,091609,02.0
HE39,13,E,21,,B,0110,1,99,AD-00,H,0110,8,48,F,2,202009,1,088914,01.3
HE39,13,C,21,,B,0110,1,99,AD-00,H,0110,8,48,F,2,202009,1,088914,01.1
HE39,13,D,21,,B,0110,1,99,AD-00,H,0110,8,48,F,2,202009,1,088914,01.1
HE39,13,D,21,,B,0110,1,99,AD-00,H,0110,8,48,F,2,202009,1,088914,01.1
HE39,13,D,22,,B,0110,1,99,AD-00,H,0110,8,48,F,2,202009,1,088914,01.1
HE39,13,C,21,,A,0110,1,99,AD-00,H,0110,8,48,F,2,202009,1,086219,00.1
HE39,13,C,21,,A,0110,1,99,AD-00,H,0110,8,48,F,2,202009,1,086219,00.1
HE39,08,C,21,,A,0110,1,99,AD-00,H,0110,8,48,F,2,202009,1,089727,00.1
HE70,11,I,17,14,G,0110,1,99,GS-14,O,0110,8,10,P,2,202009,1,157709,22.6
HE70,24,F,13,13,G,0110,1,99,GS-13,M,0110,8,10,F,1,202009,1,130043,21.0
HE70,42,E,13,14,F,0110,1,99,GS-14,M,0110,8,10,F,1,202009,1,133216,16.3
HE70,24,G,13,14,H,0110,1,99,GS-14,O,0110,8,10,F,1,202009,1,157709,26.2
HE70,24,H,21,14,F,0110,1,99,GS-14,N,0110,8,10,F,1,202009,1,149621,17.8
HE70,24,K,21,15,J,0110,1,99,GS-15,Q,0110,8,10,F,1,202009,1,170800,41.7
HE70,24,F,13,14,E,0110,1,99,GS-14,N,0110,8,10,F,1,202009,1,141534,13.8
HE70,24,H,13,14,H,0110,1,99,GS-14,O,0110,8,10,F,1,202009,1,153665,29.3
HE70,24,K,21,15,H,0110,1,99,GS-15,Q,0110,8,10,F,1,202009,1,170800,26.5
HE70,24,G,13,14,H,0110,1,99,GS-14,O,0110,8,10,F,1,202009,1,153665,28.3
HE70,24,I,21,13,E,0110,1,99,GS-13,M,0110,8,10,F,1,202009,1,130043,13.6
HE70,24,G,13,,H,0110,1,ES,ES-**,S,0110,2,50,F,1,202009,1,197300,28.3
HE70,24,H,17,13,H,0110,1,99,GS-13,M,0110,8,10,F,1,202009,1,133465,26.2
HE70,24,I,13,13,H,0110,1,99,GS-13,M,0110,8,10,F,1,202009,1,133465,26.4
HE70,24,G,13,13,F,0110,1,99,GS-13,L,0110,8,10,F,1,202009,1,123198,18.2
HE70,24,K,21,15,F,0110,1,99,GS-15,Q,0110,8,10,F,1,202009,1,170800,15.1
HE70,24,F,13,14,G,0110,1,99,GS-14,O,0110,8,10,F,1,202009,1,153665,21.3
HE70,24,I,21,14,F,0110,1,99,GS-14,O,0110,8,10,F,1,202009,1,153665,19.8
HE70,11,G,17,14,F,0110,1,99,GS-14,N,0110,8,10,F,1,202009,1,149621,17.6
HE70,24,G,13,15,H,0110,1,99,GS-15,Q,0110,2,10,F,1,202009,1,170800,25.0
HE70,24,E,17,13,E,0110,1,99,GS-13,K,0110,8,10,F,1,202009,1,119775,11.6
HE70,24,E,17,13,F,0110,1,99,GS-13,K,0110,8,10,F,1,202009,1,116353,15.3
HE70,24,C,13,13,D,0110,1,99,GS-13,K,0110,8,10,F,1,202009,1,112930,05.3
HE70,24,G,17,14,D,0110,1,99,GS-14,N,0110,8,10,F,1,202009,1,145578,09.9
HE70,24,F,17,12,D,0110,1,99,GS-12,J,0110,8,10,F,1,202009,1,100727,08.3
HE70,24,E,17,13,D,0110,1,99,GS-13,M,0110,8,10,F,1,202009,1,133465,06.8
HE70,24,E,17,12,C,0110,1,99,GS-12,H,0110,8,10,F,1,202009,1,089213,04.4
HE70,24,D,17,13,B,0110,1,99,GS-13,M,0110,8,15,F,1,202009,1,133465,02.2
HE70,24,F,21,13,B,0110,1,99,GS-13,K,0110,8,15,F,1,202009,1,116353,02.0
HE70,24,H,21,12,D,0110,1,99,GS-12,H,0110,8,10,F,1,202009,1,089213,07.2
HE70,24,D,17,13,B,0110,1,99,GS-13,J,0110,8,15,F,1,202009,1,106085,01.4
HE70,12,C,17,13,B,0110,1,99,GS-13,I,0110,8,15,F,1,202009,1,094272,01.3
HE70,24,D,21,13,B,0110,1,99,GS-13,J,0110,8,15,F,1,202009,1,106085,01.3
HE70,24,C,21,12,B,0110,1,99,GS-12,H,0110,8,15,F,1,202009,1,086335,01.3
HE70,11,D,21,12,B,0110,1,99,GS-12,H,0110,8,15,F,1,202009,1,086335,01.3
HE70,24,E,21,13,B,0110,1,99,GS-13,L,0110,8,15,F,1,202009,1,126620,01.1
HE70,24,C,13,11,B,0110,1,99,GS-11,G,0110,8,15,F,1,202009,1,072030,01.0
HE70,24,D,17,11,A,0110,1,99,GS-11,G,0110,8,15,F,1,202009,1,074431,00.7
HE70,24,D,17,13,A,0110,1,99,GS-13,K,0110,8,15,F,1,202009,1,112930,00.6
HFHA,11,H,21,,G,0110,1,99,EL-15,U,0110,8,10,F,1,202009,1,225624,22.7
HFHA,11,E,17,,D,0110,1,99,EL-13,L,0110,8,10,F,1,202009,1,120649,08.9
HFHA,11,H,21,,G,0110,1,99,EL-15,T,0110,8,10,F,1,202009,1,212923,23.1
HFHA,11,K,21,,G,0110,1,99,EL-14,S,0110,8,10,F,1,202009,1,198432,20.1
HFHA,37,J,17,,E,0110,1,99,EL-15,U,0110,2,10,F,1,202009,1,224952,14.4
HFHA,11,K,18,,G,0110,1,99,EL-15,U,0110,8,10,F,1,202009,1,225595,22.2
HFHA,11,J,17,,G,0110,1,99,EL-15,U,0110,8,10,F,1,202009,1,230308,22.3
HFHA,11,H,21,,G,0110,1,99,EL-15,U,0110,8,10,F,1,202009,1,229442,20.8
HFHA,11,I,21,,G,0110,1,99,EL-14,S,0110,8,10,F,1,202009,1,197059,24.8
HFHA,11,I,21,,I,0110,1,99,LL-01,Z,0110,2,10,F,1,202009,1,,30.0
HFHA,11,H,21,,E,0110,1,99,LL-01,V,0110,2,10,F,1,202009,1,251414,12.8
HFHA,11,K,21,,J,0110,1,99,EL-15,T,0110,8,10,F,1,202009,1,219457,43.3
HFHA,11,F,17,,E,0110,1,99,EL-14,Q,0110,8,10,F,1,202009,1,171433,10.6
HFHA,11,D,17,,D,0110,1,99,EL-14,M,0110,8,10,F,1,202009,1,137355,08.3
HFHA,11,F,17,,E,0110,1,99,EL-14,P,0110,8,10,F,1,202009,1,163647,10.3
HFHA,11,I,21,,E,0110,1,99,EL-14,S,0110,8,10,F,1,202009,1,197743,10.1
HFHA,11,H,17,,D,0110,1,99,EL-14,P,0110,8,10,F,1,202009,1,165595,09.6
HFHA,11,E,18,,D,0110,1,99,EL-14,R,0110,8,10,F,1,202009,1,187987,09.1
HFHA,11,G,22,,D,0110,1,99,EL-14,R,0110,8,10,F,1,202009,1,180944,09.1
HFHA,11,G,17,,D,0110,1,99,EL-15,S,0110,2,10,F,1,202009,1,199144,09.0
HFHA,11,E,21,,D,0110,1,99,EL-14,S,0110,8,10,F,1,202009,1,190250,08.3
HFHA,11,E,21,,D,0110,1,99,EL-15,S,0110,2,10,F,1,202009,1,197231,08.1
HFHA,11,F,21,,E,0110,1,99,EL-14,S,0110,8,10,F,1,202009,1,192104,12.8
HFHA,11,E,21,,D,0110,1,99,EL-14,P,0110,8,10,F,1,202009,1,168365,07.8
HFHA,11,F,21,,D,0110,1,99,EL-14,R,0110,8,10,F,1,202009,1,181142,05.2
HFHA,11,C,14,,C,0110,1,99,EL-12,J,0110,8,10,F,1,202009,1,101193,04.5
HFHA,11,F,21,,C,0110,1,99,EL-13,P,0110,8,10,F,1,202009,1,164277,04.3
HFHA,11,C,13,,C,0110,1,99,EL-11,H,0110,8,10,F,1,202009,1,083772,04.2
HFHA,11,D,21,,C,0110,1,99,EL-14,P,0110,8,10,F,1,202009,1,169597,04.1
HFHA,11,B,13,,B,0110,1,99,EL-07,F,0110,8,15,F,1,202009,1,061065,02.0
HFHA,11,E,21,,C,0110,1,99,EL-13,P,0110,8,10,F,1,202009,1,165068,03.2
HFHA,11,G,14,,C,0110,1,99,EL-15,U,0110,2,10,F,1,202009,1,227392,03.0
HFHA,11,B,13,,B,0110,1,99,EL-09,F,0110,8,15,F,1,202009,1,068057,02.2
HFHA,11,E,21,,B,0110,1,99,EL-12,N,0110,8,15,F,1,202009,1,144000,01.2
HFHA,11,C,21,,B,0110,1,99,EL-12,N,0110,8,15,F,1,202009,1,144000,01.2
HFHA,11,E,21,,B,0110,1,99,EL-12,M,0110,8,15,F,1,202009,1,135000,01.1
HFHA,11,C,17,,A,0110,1,99,EL-09,F,0110,8,15,F,1,202009,1,067482,00.5
HFHA,11,C,17,,A,0110,1,99,EL-09,G,0110,8,15,F,1,202009,1,070000,00.5
HFHA,11,E,21,,A,0110,1,99,EL-12,O,0110,8,15,F,1,202009,1,150000,00.3
HFHA,11,D,21,,A,0110,1,99,EL-12,O,0110,8,15,F,1,202009,1,150000,00.2
HFHA,11,D,21,,A,0110,1,99,EL-12,O,0110,8,15,F,1,202009,1,150000,00.2
HFHA,11,B,13,,A,0110,1,99,EL-07,E,0110,8,20,F,2,202009,1,057000,00.0
HFHA,11,B,13,,A,0110,1,99,EL-07,E,0110,8,20,F,2,202009,1,055000,00.0
HFHA,11,K,17,,G,0110,1,99,EL-15,T,0110,8,20,F,2,202009,1,210000,23.4
HSAA,11,E,17,15,D,0110,1,99,GS-15,O,0110,8,10,F,1,202009,1,152215,07.4
HSAA,11,E,17,15,F,0110,1,99,GS-15,P,0110,8,10,F,1,202009,1,161730,17.2
HSAA,11,G,19,15,F,0110,1,99,GS-15,Q,0110,8,10,F,1,202009,1,170800,18.2
HSAA,11,H,17,,H,0110,1,SL,SL-00,S,0110,8,10,F,1,202009,1,197300,28.7
HSAA,11,E,17,15,E,0110,1,99,GS-15,O,0110,8,10,F,1,202009,1,156973,10.2
HSAB,11,I,17,14,E,0110,1,99,GS-14,M,0110,8,10,F,1,202009,1,133447,12.6
HSAB,11,H,17,14,F,0110,1,99,GS-14,M,0110,8,10,F,1,202009,1,137491,17.5
HSAB,11,F,13,14,F,0110,1,99,GS-14,N,0110,8,10,F,1,202009,1,145578,17.3
HSAB,11,D,17,14,E,0110,1,99,GS-14,M,0110,8,10,F,1,202009,1,133447,11.6
HSAB,11,D,13,14,E,0110,1,99,GS-14,M,0110,8,10,F,1,202009,1,133447,11.3
HSAB,11,K,21,14,I,0110,1,99,GS-14,N,0110,8,10,F,1,202009,1,149621,34.6
HSAB,11,F,17,14,G,0110,1,99,GS-14,N,0110,8,10,F,1,202009,1,141534,24.0
HSAB,11,H,13,14,E,0110,1,99,GS-14,M,0110,8,10,F,1,202009,1,137491,14.3
HSAB,11,G,17,14,E,0110,1,99,GS-14,M,0110,8,10,F,1,202009,1,133447,13.0
HSAB,11,H,04,14,F,0110,1,99,GS-14,N,0110,8,10,F,1,202009,1,145578,17.4
HSAB,11,G,21,15,E,0110,1,99,GS-15,Q,0110,2,10,F,1,202009,1,170800,13.8
HSAB,11,F,17,14,G,0110,1,99,GS-14,N,0110,8,10,F,1,202009,1,149621,21.0
HSAB,11,I,17,14,I,0110,1,99,GS-14,N,0110,8,10,F,1,202009,1,145578,32.3
HSAB,11,F,13,15,F,0110,1,99,GS-15,Q,0110,2,10,F,1,202009,1,170800,15.2
HSAB,06,H,21,14,F,0110,1,99,GS-14,O,0110,8,10,F,1,202009,1,151835,16.0
HSAB,06,I,17,14,E,0110,1,99,GS-14,N,0110,8,10,F,1,202009,1,147731,12.1
HSAB,11,H,17,15,E,0110,1,99,GS-15,O,0110,2,10,F,1,202009,1,156973,14.3
HSAB,11,E,13,14,E,0110,1,99,GS-14,M,0110,8,10,F,1,202009,1,133447,11.5
HSAB,11,E,14,14,F,0110,1,99,GS-14,N,0110,8,10,F,1,202009,1,149621,15.8
HSAB,11,D,13,14,E,0110,1,99,GS-14,M,0110,8,10,F,1,202009,1,133447,10.8
HSAB,11,F,13,14,E,0110,1,99,GS-14,M,0110,8,10,F,1,202009,1,133447,10.2
HSAB,11,E,17,14,E,0110,1,99,GS-14,L,0110,8,10,F,1,202009,1,121316,10.1
HSAB,11,F,21,15,E,0110,1,99,GS-15,N,0110,2,10,F,1,202009,1,142701,12.5
HSAB,11,E,17,15,E,0110,1,99,GS-15,N,0110,2,10,F,1,202009,1,147458,10.0
HSAB,11,F,13,14,D,0110,1,99,GS-14,M,0110,8,10,F,1,202009,1,133447,05.9
HSAB,11,J,21,14,D,0110,1,99,GS-14,N,0110,8,10,F,1,202009,1,141534,07.1
HSAB,11,H,17,14,E,0110,1,99,GS-14,N,0110,8,10,F,1,202009,1,145578,13.5
HSAB,11,D,17,14,D,0110,1,99,GS-14,M,0110,8,10,F,1,202009,1,133447,09.1
HSAB,11,E,22,14,D,0110,1,99,GS-14,M,0110,8,10,F,1,202009,1,137491,09.0
HSAB,11,I,17,14,E,0110,1,99,GS-14,M,0110,8,10,F,1,202009,1,137491,13.3
HSAB,11,F,04,14,D,0110,1,99,GS-14,M,0110,8,10,F,1,202009,1,137491,08.2
HSAB,11,I,17,14,D,0110,1,99,GS-14,N,0110,8,10,F,1,202009,1,149621,05.6
HSAB,06,H,17,14,D,0110,1,99,GS-14,M,0110,8,10,F,1,202009,1,137076,07.8
HSAB,11,E,17,15,D,0110,1,99,GS-15,P,0110,2,10,F,1,202009,1,166487,07.3
HSAB,11,J,21,14,D,0110,1,99,GS-14,O,0110,8,10,F,1,202009,1,153665,07.2
HSAB,11,I,21,15,D,0110,1,99,GS-15,O,0110,2,10,F,1,202009,1,156973,07.1
HSAB,11,E,17,14,D,0110,1,99,GS-14,L,0110,8,10,F,1,202009,1,121316,06.4
HSAB,11,E,21,13,D,0110,1,99,GS-13,K,0110,8,15,F,1,202009,1,112930,05.5
HSAB,11,C,13,13,C,0110,1,99,GS-13,J,0110,8,15,F,1,202009,1,102663,03.7
HSAB,11,G,17,14,C,0110,1,99,GS-14,M,0110,8,10,F,1,202009,1,133447,03.7
HSAB,11,E,17,14,C,0110,1,99,GS-14,M,0110,8,10,F,1,202009,1,133447,03.3
HSAB,11,C,04,12,A,0110,1,99,GS-12,H,0110,8,15,F,1,202009,1,086335,00.9
HSAB,11,F,21,13,C,0110,1,99,GS-13,K,0110,8,15,F,1,202009,1,116353,03.3
HSAB,11,E,17,15,E,0110,1,99,GS-15,N,0110,2,10,F,1,202009,1,142701,10.8
HSAC,11,I,17,15,H,0110,1,99,GS-15,Q,0110,2,10,F,1,202009,1,170800,29.6
HSAC,11,E,21,15,E,0110,1,99,GS-15,O,0110,2,10,F,1,202009,1,152215,13.2
HSAC,11,H,17,14,F,0110,1,99,GS-14,N,0110,5,10,F,1,202009,1,149621,18.9
HSAC,11,H,21,14,H,0110,1,99,GS-14,N,0110,5,10,F,1,202009,1,145578,27.3
HSAC,11,H,13,14,F,0110,1,99,GS-14,N,0110,5,10,F,1,202009,1,141534,16.0
HSAC,11,I,21,13,E,0110,1,99,GS-13,M,0110,8,10,F,1,202009,1,133465,11.9
HSAC,11,D,17,12,C,0110,1,99,GS-12,H,0110,8,15,F,1,202009,1,086335,04.1
HSAC,11,D,17,14,D,0110,1,99,GS-14,L,0110,8,10,F,1,202009,1,125360,05.2
HSAC,11,E,17,13,C,0110,1,99,GS-13,J,0110,8,10,F,1,202009,1,106085,04.9
HSAC,11,E,17,14,C,0110,1,99,GS-14,L,0110,5,10,F,1,202009,1,125360,04.4
HSAC,11,C,17,13,C,0110,1,99,GS-13,J,0110,8,10,F,1,202009,1,106085,04.0
HSAC,11,G,21,13,B,0110,1,99,GS-13,J,0110,8,15,F,1,202009,1,106085,02.6
HSAC,11,D,17,13,B,0110,1,99,GS-13,J,0110,8,15,F,1,202009,1,106085,02.3
HSAC,11,C,17,13,B,0110,1,99,GS-13,J,0110,8,15,F,1,202009,1,102663,02.3
HSAC,11,F,21,13,B,0110,1,99,GS-13,J,0110,8,15,F,1,202009,1,106085,02.1
HSAC,11,C,17,12,A,0110,1,99,GS-12,H,0110,8,15,F,1,202009,1,086335,00.9
HSAC,11,C,17,12,A,0110,1,99,GS-12,H,0110,8,15,F,1,202009,1,086335,00.8
HSAC,11,G,17,15,F,0110,1,99,GS-15,Q,0110,2,10,F,1,202009,1,170800,16.7
HSBB,11,E,17,14,E,0110,1,99,GS-14,L,0110,8,15,F,1,202009,1,121316,11.5
HSBB,11,E,17,15,D,0110,1,99,GS-15,N,0110,8,10,F,1,202009,1,142701,06.8
HSBC,51,E,17,,D,0110,1,99,SV-I,J,0110,8,38,F,1,202009,1,108562,08.2
HSBC,51,I,15,,G,0110,1,99,SV-I,H,0110,8,38,F,1,202009,1,088002,20.8
HSBC,51,E,13,,E,0110,1,99,SV-J,N,0110,2,38,F,1,202009,1,146958,12.1
HSBC,51,E,17,,E,0110,1,99,SV-J,O,0110,2,38,F,1,202009,1,158435,11.6
HSBC,51,E,17,,D,0110,1,99,SV-K,O,0110,2,38,F,1,202009,1,153100,07.0
HSBC,51,E,17,,B,0110,1,99,SV-H,G,0110,8,38,F,1,202009,1,070138,02.2
HSBC,51,G,18,,B,0110,1,99,SV-J,N,0110,8,38,F,1,202009,1,147940,02.0
HSBC,51,H,01,,C,0110,1,99,SV-I,L,0110,8,38,F,1,202009,1,129940,03.8
HSBC,51,B,01,,A,0110,1,99,SV-H,G,0110,8,38,F,1,202009,1,077641,00.7
HSBD,11,E,17,15,F,0110,1,99,GS-15,P,0110,2,10,F,1,202009,1,161730,15.1
HSBD,11,D,13,14,D,0110,1,99,GS-14,M,0110,8,10,F,1,202009,1,133447,09.7
HSBD,11,E,21,12,A,0110,1,99,GS-12,K,0110,8,15,F,1,202009,1,112240,00.8
HSBD,11,E,17,12,E,0110,1,99,GS-12,J,0110,8,10,F,1,202009,1,106483,10.7
HSBD,11,C,17,12,C,0110,1,99,GS-12,H,0110,8,10,F,1,202009,1,089213,03.3
HSBD,11,D,17,11,A,0110,1,99,GS-11,G,0110,8,15,F,1,202009,1,072030,00.8
HSCA,51,E,17,15,E,0110,1,99,GS-15,O,0110,8,10,F,1,202009,1,156973,14.7
HSCA,51,G,17,15,F,0110,1,99,GS-15,Q,0110,2,10,F,1,202009,1,170800,15.7
HSCA,51,F,21,15,D,0110,1,99,GS-15,O,0110,8,10,F,1,202009,1,156973,05.3
HSCA,51,D,17,14,C,0110,1,99,GS-14,L,0110,8,10,F,1,202009,1,129404,04.0
HSCB,11,E,17,13,E,0110,1,99,GS-13,L,0110,8,10,F,1,202009,1,126620,14.0
HSCB,11,F,13,15,F,0110,1,99,GS-15,O,0110,2,10,F,1,202009,1,152215,15.8
HSCB,11,D,17,12,E,0110,1,99,GS-12,J,0110,8,10,F,1,202009,1,100727,10.0
HSCB,11,E,17,14,D,0110,1,99,GS-14,L,0110,8,10,F,1,202009,1,121316,09.5
HSCB,11,F,17,12,D,0110,1,99,GS-12,I,0110,8,10,F,1,202009,1,097848,08.4
HSCB,11,E,17,14,D,0110,1,99,GS-14,L,0110,8,10,F,1,202009,1,121316,09.0
HSFA,11,G,17,15,E,0110,1,99,GS-15,N,0110,8,15,F,1,202009,1,142701,10.3
HU03,42,E,04,12,E,0110,1,99,GS-12,I,0110,8,10,F,1,202009,1,097299,11.9
HU03,42,H,17,14,I,0110,1,99,GS-14,N,0110,2,10,F,1,202009,1,140624,32.3
HU03,42,F,17,12,C,0110,1,99,GS-12,H,0110,8,10,F,1,202009,1,086177,04.0
HU03,42,E,17,11,B,0110,1,99,GS-11,F,0110,8,15,F,1,202009,1,069579,01.1
HU03,42,D,17,11,B,0110,1,99,GS-11,F,0110,8,15,F,1,202009,1,069579,01.1
HU04,13,E,21,11,B,0110,1,99,GS-11,F,0110,8,15,F,1,202009,1,067437,01.5
HU04,13,C,17,11,B,0110,1,99,GS-11,F,0110,8,15,F,1,202009,1,067437,01.4
HU05,17,H,13,13,E,0110,1,99,GS-13,L,0110,8,10,F,1,202009,1,124786,14.0
HU05,17,G,17,12,D,0110,1,99,GS-12,I,0110,8,10,F,1,202009,1,093594,06.0
HU05,17,E,17,12,D,0110,1,99,GS-12,I,0110,8,10,F,1,202009,1,093594,06.0
HU05,17,D,17,12,D,0110,1,99,GS-12,I,0110,8,10,F,1,202009,1,093594,06.0
HU06,48,I,17,13,E,0110,1,99,GS-13,K,0110,8,10,F,1,202009,1,111448,12.0
HU06,48,E,04,14,F,0110,1,99,GS-14,M,0110,2,10,F,1,202009,1,131695,15.3
HU06,48,I,17,11,E,0110,1,99,GS-11,G,0110,8,10,F,1,202009,1,078192,11.3
HU06,48,G,13,13,E,0110,1,99,GS-13,K,0110,7,10,F,1,202009,1,111448,10.0
HU06,48,E,17,09,A,0110,1,99,GS-09,E,0110,8,15,F,1,202009,1,057025,00.3
HU06,48,C,17,09,A,0110,1,99,GS-09,E,0110,8,15,F,1,202009,1,057025,00.2
HU08,08,I,17,14,E,0110,1,99,GS-14,M,0110,2,10,F,1,202009,1,133961,14.8
HU08,08,F,17,13,D,0110,1,99,GS-13,J,0110,8,10,F,1,202009,1,103362,08.9
HU08,08,H,17,11,F,0110,1,99,GS-11,G,0110,8,10,F,1,202009,1,074859,15.0
HU09,06,F,17,13,E,0110,1,99,GS-13,K,0110,7,10,F,1,202009,1,118074,12.2
HU09,06,F,04,13,F,0110,1,99,GS-13,K,0110,8,10,F,1,202009,1,118074,19.0
HU09,13,H,13,12,D,0110,1,99,GS-12,H,0110,8,10,F,1,202009,1,080830,07.1
HU09,06,D,04,13,E,0110,1,99,GS-13,L,0110,8,10,F,1,202009,1,126126,10.0
HU09,13,I,17,12,C,0110,1,99,GS-12,H,0110,8,10,F,1,202009,1,083524,03.2
HU10,40,J,14,13,E,0110,1,99,GS-13,J,0110,8,10,F,1,202009,1,103396,13.9
HU10,53,D,04,13,E,0110,1,99,GS-13,J,0110,8,10,F,1,202009,1,103272,10.2
HU10,53,D,04,12,E,0110,1,99,GS-12,I,0110,8,10,F,1,202009,1,098056,10.2
HUMM,39,G,17,14,E,0110,1,99,GS-14,M,0110,8,10,F,1,202009,1,137627,10.3
HUMM,11,I,17,14,E,0110,1,99,GS-14,M,0110,8,10,F,1,202009,1,137491,10.0
HURR,11,K,21,14,H,0110,1,99,GS-14,O,0110,8,10,F,1,202009,1,157709,29.5
HURR,11,K,17,15,G,0110,1,99,GS-15,P,0110,2,10,F,1,202009,1,161730,22.8
HURR,11,K,21,13,F,0110,1,99,GS-13,M,0110,8,10,F,1,202009,1,130043,16.7
HURR,11,K,21,15,J,0110,1,99,GS-15,Q,0110,2,10,F,1,202009,1,170800,40.6
HURR,11,G,20,14,F,0110,1,99,GS-14,O,0110,8,10,F,1,202009,1,153665,18.1
HURR,11,I,04,14,F,0110,1,99,GS-14,O,0110,8,10,F,1,202009,1,153665,15.9
HURR,11,I,21,,H,0110,1,ES,ES-**,S,0110,2,50,F,1,202009,1,192300,29.3
HURR,11,E,04,14,F,0110,1,99,GS-14,N,0110,8,10,F,1,202009,1,141534,16.1
HURR,11,K,21,15,H,0110,1,99,GS-15,Q,0110,8,10,F,1,202009,1,170800,27.9
HURR,13,G,17,14,F,0110,1,99,GS-14,M,0110,2,10,F,1,202009,1,132509,18.2
HURR,48,E,04,14,F,0110,1,99,GS-14,L,0110,8,10,F,1,202009,1,127822,16.1
HURR,11,J,17,15,J,0110,1,99,GS-15,Q,0110,2,10,F,1,202009,1,170800,42.0
HURR,11,K,21,14,H,0110,1,99,GS-14,O,0110,8,10,F,1,202009,1,153665,27.3
HURR,11,K,21,13,F,0110,1,99,GS-13,L,0110,8,10,F,1,202009,1,123198,15.0
HURR,11,G,21,14,F,0110,1,99,GS-14,O,0110,8,10,F,1,202009,1,153665,16.4
HURR,11,I,21,15,G,0110,1,99,GS-15,Q,0110,2,10,F,1,202009,1,170800,20.5
HURR,11,J,17,15,H,0110,1,99,GS-15,Q,0110,2,10,F,1,202009,1,170800,29.7
HURR,11,D,13,14,E,0110,1,99,GS-14,M,0110,8,10,F,1,202009,1,137491,11.6
HURR,17,F,04,14,E,0110,1,99,GS-14,L,0110,2,10,F,1,202009,1,123544,10.3
HURR,11,E,17,14,D,0110,1,99,GS-14,L,0110,8,10,F,1,202009,1,121316,07.9
HURR,11,F,22,13,B,0110,1,99,GS-13,J,0110,8,15,F,1,202009,1,106085,02.5
HURR,11,D,17,13,B,0110,1,99,GS-13,J,0110,8,15,F,1,202009,1,102663,02.2
HURR,48,C,13,09,A,0110,1,99,GS-09,E,0110,8,15,F,1,202009,1,057025,00.9
HURR,11,E,21,13,A,0110,1,99,GS-13,M,0110,8,15,F,1,202009,1,133465,00.6
HUTT,11,H,17,14,F,0110,1,99,GS-14,M,0110,8,10,F,1,202009,1,137491,16.0
HUTT,11,G,17,15,C,0110,1,99,GS-15,Q,0110,2,10,F,1,202009,1,170800,04.9
HUTT,11,F,21,14,C,0110,1,99,GS-14,L,0110,8,10,F,1,202009,1,121316,04.6
HUTT,11,D,21,14,B,0110,1,99,GS-14,L,0110,8,15,F,1,202009,1,121316,02.6
HUTT,11,E,21,14,B,0110,1,99,GS-14,L,0110,8,15,F,1,202009,1,121316,02.3
IN01,11,J,17,15,J,0110,1,99,GS-15,Q,0110,2,10,F,1,202009,1,170800,35.8
IN01,11,I,21,15,G,0110,1,99,GS-15,Q,0110,8,10,F,1,202009,1,170800,21.3
IN01,11,G,14,14,F,0110,1,99,GS-14,N,0110,8,10,F,1,202009,1,141534,15.2
IN01,11,E,17,13,E,0110,1,99,GS-13,M,0110,8,10,F,1,202009,1,133465,12.1
IN01,51,J,22,15,H,0110,1,99,GS-15,Q,0110,5,10,F,1,202009,1,170800,28.7
IN01,08,F,17,11,G,0110,1,99,GS-11,I,0110,8,10,F,1,202009,1,091234,20.8
IN01,11,E,17,13,E,0110,1,99,GS-13,K,0110,8,10,F,1,202009,1,119775,11.3
IN01,08,E,17,11,D,0110,1,99,GS-11,G,0110,8,10,F,1,202009,1,079538,06.4
IN01,11,D,17,12,D,0110,1,99,GS-12,H,0110,8,15,F,1,202009,1,086335,05.1
IN01,08,G,17,12,B,0110,1,99,GS-12,H,0110,8,15,F,1,202009,1,086923,01.9
IN01,11,D,17,11,B,0110,1,99,GS-11,H,0110,8,15,F,1,202009,1,084034,01.0
IN05,30,J,21,12,C,0110,1,99,GS-12,H,0110,8,10,F,1,202009,1,084394,03.8
IN05,53,F,13,14,F,0110,1,99,GS-14,N,0110,8,10,F,1,202009,1,145654,17.8
IN05,56,E,17,12,E,0110,1,99,GS-12,I,0110,8,10,F,1,202009,1,092068,12.5
IN05,56,E,17,12,C,0110,1,99,GS-12,H,0110,8,10,F,1,202009,1,084394,03.6
IN05,08,F,21,14,D,0110,1,99,GS-14,M,0110,8,10,F,1,202009,1,137900,07.5
IN05,08,G,17,12,D,0110,1,99,GS-12,J,0110,8,10,F,1,202009,1,109358,06.4
IN07,16,H,17,12,G,0110,1,99,GS-12,I,0110,8,10,F,1,202009,1,099741,20.3
IN07,08,J,17,14,I,0110,1,99,GS-14,O,0110,8,20,P,2,202009,1,153659,34.8
IN07,32,E,13,12,F,0110,1,99,GS-12,I,0110,8,10,F,1,202009,1,093441,19.3
IN07,08,H,17,14,H,0110,1,99,GS-14,M,0110,2,10,F,1,202009,1,133961,28.1
IN07,08,G,17,13,G,0110,1,99,GS-13,L,0110,8,10,F,1,202009,1,123369,22.8
IN07,06,J,15,13,H,0110,1,99,GS-13,L,0110,8,10,F,1,202009,1,129261,28.3
IN07,16,G,13,12,F,0110,1,99,GS-12,I,0110,8,10,F,1,202009,1,094626,19.8
IN07,08,H,13,11,I,0110,1,99,GS-11,I,0110,8,10,F,1,202009,1,091234,31.3
IN07,06,F,13,12,D,0110,1,99,GS-12,H,0110,8,10,F,1,202009,1,081836,09.5
IN07,08,E,17,13,D,0110,1,99,GS-13,J,0110,8,10,F,1,202009,1,100027,08.7
IN07,06,G,17,13,D,0110,1,99,GS-13,L,0110,8,10,F,1,202009,1,122632,06.8
IN07,49,G,17,12,F,0110,1,99,GS-12,I,0110,8,10,F,1,202009,1,099741,16.7
IN07,06,E,17,13,D,0110,1,99,GS-13,J,0110,8,10,F,1,202009,1,109373,09.7
IN07,08,F,21,12,B,0110,1,99,GS-12,H,0110,8,15,F,1,202009,1,084118,02.4
IN07,06,B,17,11,B,0110,1,99,GS-11,F,0110,8,15,F,1,202009,1,069761,01.4
IN07,08,B,13,09,B,0110,1,99,GS-09,E,0110,8,15,F,1,202009,1,058006,01.0
IN07,08,D,21,12,A,0110,1,99,GS-12,H,0110,8,15,F,1,202009,1,084118,00.8
IN08,51,G,17,13,E,0110,1,99,GS-13,K,0110,8,10,F,1,202009,1,112930,12.0
IN08,51,H,17,14,G,0110,1,99,GS-14,N,0110,2,10,F,1,202009,1,141534,20.3
IN08,51,H,18,13,E,0110,1,99,GS-13,L,0110,8,10,F,1,202009,1,123198,12.1
IN08,51,K,21,14,H,0110,1,99,GS-14,O,0110,8,10,F,1,202009,1,153665,29.7
IN08,51,H,17,13,G,0110,1,99,GS-13,M,0110,8,10,F,1,202009,1,133465,24.2
IN08,51,H,17,13,H,0110,1,99,GS-13,L,0110,8,10,F,1,202009,1,123198,29.1
IN08,51,K,17,15,J,0110,1,99,GS-15,Q,0110,4,10,F,1,202009,1,170800,40.7
IN08,51,K,13,14,J,0110,1,99,GS-14,O,0110,8,10,F,1,202009,1,157709,48.4
IN08,51,I,21,13,F,0110,1,99,GS-13,L,0110,8,10,F,1,202009,1,126620,16.0
IN08,04,G,17,13,D,0110,1,99,GS-13,J,0110,8,10,F,1,202009,1,106437,07.1
IN08,51,K,21,14,D,0110,1,99,GS-14,O,0110,8,10,F,1,202009,1,157709,09.8
IN08,08,F,17,13,D,0110,1,99,GS-13,J,0110,8,10,F,1,202009,1,106696,09.7
IN08,08,F,21,14,D,0110,1,99,GS-14,L,0110,8,10,F,1,202009,1,126081,09.5
IN08,51,F,17,14,D,0110,1,99,GS-14,L,0110,8,10,F,1,202009,1,125360,09.0
IN08,51,H,21,13,D,0110,1,99,GS-13,L,0110,8,10,F,1,202009,1,123198,08.8
IN08,08,D,17,13,D,0110,1,99,GS-13,J,0110,8,10,F,1,202009,1,106696,07.8
IN08,51,E,17,14,D,0110,1,99,GS-14,N,0110,4,10,F,1,202009,1,145578,07.7
IN08,51,C,21,11,C,0110,1,99,GS-11,G,0110,8,10,F,1,202009,1,072030,04.3
IN08,08,E,21,13,C,0110,1,99,GS-13,K,0110,8,10,F,1,202009,1,110031,04.3
IN08,51,E,17,13,C,0110,1,99,GS-13,J,0110,8,10,F,1,202009,1,109508,03.9
IN08,51,G,17,11,C,0110,1,99,GS-11,G,0110,8,10,F,1,202009,1,072030,03.7
IN08,51,F,21,12,D,0110,1,99,GS-12,H,0110,8,15,F,1,202009,1,089213,05.1
IN08,08,C,17,11,A,0110,1,99,GS-11,G,0110,8,20,F,2,202009,1,070181,00.9
IN08,51,I,21,12,A,0110,1,99,GS-12,H,0110,8,20,F,2,202009,1,086335,00.1
IN10,08,E,12,13,F,0110,1,99,GS-13,L,0110,8,10,F,1,202009,1,123369,17.9
IN10,08,G,15,13,G,0110,1,99,GS-13,M,0110,8,10,F,1,202009,1,130039,23.7
IN10,08,E,17,13,D,0110,1,99,GS-13,K,0110,8,10,F,1,202009,1,113366,09.4
IN10,08,F,17,12,D,0110,1,99,GS-12,I,0110,8,10,F,1,202009,1,095336,08.5
IN15,51,G,21,14,F,0110,1,99,GS-14,N,0110,8,10,F,1,202009,1,145578,15.3
IN15,51,K,21,15,I,0110,1,99,GS-15,Q,0110,2,10,F,1,202009,1,170800,31.9
IN15,51,I,17,14,G,0110,1,99,GS-14,O,0110,8,10,F,1,202009,1,157709,20.5
IN15,51,K,17,13,J,0110,1,99,GS-13,M,0110,8,10,F,1,202009,1,133465,35.0
IN15,41,G,17,14,F,0110,1,99,GS-14,N,0110,8,10,F,1,202009,1,141893,18.5
IN22,11,I,21,14,G,0110,1,99,GS-14,O,0110,8,10,F,1,202009,1,157709,24.0
IN22,11,E,13,12,E,0110,1,99,GS-12,I,0110,8,10,F,1,202009,1,097848,12.7
IN27,51,H,17,14,G,0110,1,99,GS-14,O,0110,8,10,F,1,202009,1,157709,24.3
IN27,51,D,13,15,E,0110,1,99,GS-15,P,0110,2,10,F,1,202009,1,166487,11.6
IN27,51,H,21,14,E,0110,1,99,GS-14,M,0110,8,10,F,1,202009,1,133447,12.3
IN27,51,J,21,14,G,0110,1,99,GS-14,N,0110,8,10,F,1,202009,1,149621,23.0
IN27,51,G,17,14,E,0110,1,99,GS-14,O,0110,8,10,F,1,202009,1,153665,11.0
IN27,51,F,17,14,E,0110,1,99,GS-14,L,0110,8,10,F,1,202009,1,125360,12.2
IN27,22,D,13,13,D,0110,1,99,GS-13,I,0110,8,10,F,1,202009,1,091231,08.4
IN27,51,D,17,12,C,0110,1,99,GS-12,H,0110,8,10,F,1,202009,1,089213,04.3
IN27,51,E,17,13,B,0110,1,99,GS-13,J,0110,8,15,F,1,202009,1,102663,02.0
IN27,51,F,13,09,B,0110,1,99,GS-09,E,0110,8,15,F,1,202009,1,059534,01.7
IN27,02,F,17,13,B,0110,1,99,GS-13,J,0110,8,15,F,1,202009,1,105427,01.6
MC00,11,K,17,14,J,0110,1,99,GS-14,O,0110,8,10,F,1,202009,1,157709,38.8
MC00,11,I,13,14,I,0110,1,99,GS-14,N,0110,8,10,F,1,202009,1,145578,34.0
MC00,11,K,17,,J,0110,1,ES,ES-**,R,0110,2,50,F,1,202009,1,183072,41.4
MC00,11,D,17,13,D,0110,1,99,GS-13,J,0110,8,10,F,1,202009,1,109508,05.6
MC00,11,C,17,13,C,0110,1,99,GS-13,J,0110,8,10,F,1,202009,1,102663,04.2
MC00,11,D,17,13,C,0110,1,99,GS-13,J,0110,8,10,F,1,202009,1,106085,03.7
MC00,11,F,21,15,B,0110,1,99,GS-15,O,0110,8,15,F,1,202009,1,156973,01.1
MC00,11,F,17,13,A,0110,1,99,GS-13,K,0110,8,15,F,1,202009,1,119775,00.8
MC00,11,J,21,15,A,0110,1,99,GS-15,Q,0110,2,15,F,1,202009,1,170800,00.0
MI00,11,I,21,,F,0110,1,99,MC-2C,R,0110,5,10,F,1,202009,1,186173,15.3
MI00,11,E,17,,D,0110,1,99,MC-3A,O,0110,8,10,F,1,202009,1,154574,08.6
MI00,11,G,21,,F,0110,1,99,MC-3B,O,0110,8,10,F,1,202009,1,151948,19.6
MI00,11,F,21,,E,0110,1,99,MC-3B,L,0110,8,15,F,1,202009,1,126723,10.8
MI00,11,E,21,,B,0110,1,99,MC-3B,L,0110,8,15,F,1,202009,1,125000,01.8
MI00,11,H,21,,D,0110,1,99,MC-3A,P,0110,8,10,F,1,202009,1,162144,07.3
MI00,11,E,21,,C,0110,1,99,MC-4A,L,0110,8,15,F,1,202009,1,129000,04.8
MI00,11,I,21,,D,0110,1,99,MC-2D,Q,0110,2,10,F,1,202009,1,175692,07.0
MI00,11,D,17,,B,0110,1,99,MC-3B,L,0110,8,15,F,1,202009,1,125508,02.4
MI00,11,F,21,,C,0110,1,99,MC-4B,J,0110,8,10,F,1,202009,1,106399,03.7
MI00,11,E,17,,A,0110,1,99,MC-3B,M,0110,8,15,F,1,202009,1,137500,00.5
MI00,11,J,21,,C,0110,1,99,MC-2B,S,0110,5,10,F,1,202009,1,191193,03.9
MI00,11,E,21,,C,0110,1,99,MC-3B,M,0110,8,10,F,1,202009,1,134404,03.7
MI00,11,J,21,,B,0110,1,99,MC-3A,Q,0110,8,15,F,1,202009,1,177289,02.3
MI00,11,J,21,,A,0110,1,99,MC-2D,R,0110,8,15,F,1,202009,1,185143,00.2
NF00,51,K,18,14,G,0110,1,99,GS-14,O,0110,8,10,F,1,202009,1,157709,21.4
NF00,51,K,17,,I,0110,1,99,AD-04,R,0110,2,38,F,1,202009,1,189056,33.2
NF00,51,I,17,,H,0110,1,99,AD-04,R,0110,8,38,F,1,202009,1,189056,28.8
NF00,51,J,17,14,J,0110,1,99,GS-14,O,0110,8,10,F,1,202009,1,157709,41.3
NF00,51,J,21,,E,0110,1,99,AD-04,R,0110,8,38,F,1,202009,1,189056,13.0
NU00,24,K,18,14,H,0110,1,99,GG-14,O,0110,8,38,F,1,202009,1,153665,29.0
NU00,24,K,17,15,E,0110,1,99,GG-15,Q,0110,7,38,F,1,202009,1,170800,11.9
NU00,24,F,17,14,D,0110,1,99,GG-14,N,0110,8,38,F,1,202009,1,145578,05.2
NU00,24,K,17,14,D,0110,1,99,GG-14,O,0110,8,38,F,1,202009,1,157709,05.2
NU00,24,H,17,13,G,0110,1,99,GG-13,L,0110,8,38,F,1,202009,1,123198,23.0
NV11,15,G,21,15,G,0110,1,99,GS-15,N,0110,2,10,F,1,202009,1,148195,20.0
NV22,51,G,21,14,C,0110,1,99,GS-14,L,0110,8,15,F,1,202009,1,121316,04.3
OM00,39,E,17,14,E,0110,1,99,GS-14,M,0110,8,10,F,1,202009,1,134800,14.7
OM00,11,F,21,14,D,0110,1,99,GS-14,N,0110,8,10,F,1,202009,1,145578,09.5
RR00,17,J,13,13,J,0110,1,99,GS-13,L,0110,8,10,F,1,202009,1,128159,37.3
RR00,17,D,13,12,E,0110,1,99,GS-12,I,0110,8,10,F,1,202009,1,093594,11.1
SB00,11,D,17,13,E,0110,1,99,GS-13,K,0110,8,10,F,1,202009,1,112930,10.3
SB00,11,G,13,,G,0110,1,99,AD-00,M,0110,8,20,P,2,202009,1,133465,21.8
SB00,11,I,21,15,E,0110,1,99,GS-15,Q,0110,2,10,F,1,202009,1,170800,12.3
SB00,11,F,13,14,B,0110,1,99,GS-14,L,0110,8,10,F,1,202009,1,129404,02.2
SB00,11,F,21,,D,0110,1,99,AD-00,O,0110,8,48,F,2,202009,1,157709,08.1
SB00,11,I,21,14,E,0110,1,99,GS-14,O,0110,8,10,F,1,202009,1,157709,11.6
SB00,11,F,04,,F,0110,1,99,AD-00,N,0110,8,48,F,2,202009,1,149621,15.7
SB00,11,I,17,14,D,0110,1,99,GS-14,O,0110,8,10,F,1,202009,1,157709,09.3
SB00,11,E,17,,C,0110,1,99,AD-00,N,0110,8,48,F,2,202009,1,145578,03.8
SB00,11,C,17,,D,0110,1,99,AD-00,I,0110,8,48,F,2,202009,1,092091,05.7
SE00,11,H,21,,E,0110,1,99,SK-16,V,0110,8,10,F,1,202009,1,250334,12.3
SE00,11,G,21,,D,0110,1,99,SK-16,V,0110,8,10,F,1,202009,1,249940,09.5
SE00,25,G,21,,D,0110,1,99,SK-14,T,0110,8,10,F,1,202009,1,216644,07.3
SE00,11,G,21,,D,0110,1,99,SK-14,T,0110,8,10,F,1,202009,1,218671,05.2
SE00,36,J,17,,C,0110,1,99,SK-14,T,0110,8,10,F,1,202009,1,211564,04.8
SE00,11,K,21,,I,0110,1,99,SK-16,V,0110,8,10,F,1,202009,1,250334,32.3
SE00,11,G,21,,G,0110,1,99,SK-17,V,0110,2,10,F,1,202009,1,253300,20.3
SE00,36,G,17,,E,0110,1,99,SK-17,V,0110,2,10,F,1,202009,1,253300,12.8
SE00,11,I,21,,E,0110,1,99,SO-02,W,0110,2,10,F,1,202009,1,265210,12.5
SE00,25,H,17,,E,0110,1,99,SK-16,V,0110,8,10,F,1,202009,1,248012,12.3
SE00,11,H,21,,G,0110,1,99,SK-17,V,0110,2,10,F,1,202009,1,253300,23.3
SE00,11,K,17,,H,0110,1,99,SK-16,V,0110,8,10,F,1,202009,1,250334,29.6
SE00,11,H,21,,E,0110,1,99,SK-16,V,0110,8,10,F,1,202009,1,250334,13.2
SE00,11,G,21,,F,0110,1,99,SK-14,T,0110,8,10,F,1,202009,1,218671,18.2
SE00,11,E,17,,D,0110,1,99,SK-13,L,0110,8,10,F,1,202009,1,121871,05.8
SE00,11,H,13,,E,0110,1,99,SK-16,V,0110,8,10,F,1,202009,1,250334,11.9
SE00,11,G,21,,E,0110,1,99,SK-16,V,0110,8,10,F,1,202009,1,250334,11.2
SE00,11,G,21,,E,0110,1,99,SK-17,V,0110,2,10,F,1,202009,1,253300,11.1
SE00,11,E,15,,D,0110,1,99,SK-14,N,0110,8,10,F,1,202009,1,142864,06.0
SE00,36,E,17,,D,0110,1,99,SK-13,P,0110,8,10,F,1,202009,1,167081,09.6
SE00,36,I,21,,E,0110,1,99,SK-16,V,0110,8,10,F,1,202009,1,253300,10.8
SE00,11,H,21,,E,0110,1,99,SK-17,V,0110,2,10,F,1,202009,1,253300,10.4
SE00,11,I,21,,D,0110,1,99,SK-14,P,0110,8,10,F,1,202009,1,169341,09.7
SE00,11,G,21,,E,0110,1,99,SK-16,V,0110,8,10,F,1,202009,1,247660,10.1
SE00,11,G,17,,D,0110,1,99,SK-14,T,0110,8,10,F,1,202009,1,218671,08.8
SE00,11,H,21,,D,0110,1,99,SK-17,V,0110,2,10,F,1,202009,1,253300,08.3
SE00,11,I,22,,D,0110,1,99,SK-16,V,0110,8,10,F,1,202009,1,250334,08.2
SE00,11,H,21,,D,0110,1,99,SK-16,V,0110,8,10,F,1,202009,1,250334,08.2
SE00,48,H,13,,D,0110,1,99,SK-16,U,0110,8,10,F,1,202009,1,239782,08.1
SE00,17,D,17,,D,0110,1,99,SK-13,L,0110,8,10,F,1,202009,1,120106,08.1
SE00,11,E,21,,D,0110,1,99,SK-16,U,0110,8,10,F,1,202009,1,224842,08.1
SE00,06,G,15,,D,0110,1,99,SK-14,U,0110,8,10,F,1,202009,1,237039,08.1
SE00,11,E,21,,D,0110,1,99,SO-02,W,0110,2,10,F,1,202009,1,265210,08.1
SE00,11,G,21,,E,0110,1,99,SK-14,R,0110,8,10,F,1,202009,1,189684,11.7
SE00,11,D,13,,D,0110,1,99,SK-14,S,0110,8,10,F,1,202009,1,196006,07.8
SE00,36,I,17,,F,0110,1,99,SK-15,V,0110,2,10,F,1,202009,1,242502,15.0
SE00,11,G,17,,D,0110,1,99,SK-13,Q,0110,8,10,F,1,202009,1,176096,07.5
SE00,11,E,13,,D,0110,1,99,SK-13,K,0110,8,10,F,1,202009,1,113533,07.4
SE00,11,F,21,,D,0110,1,99,SK-16,U,0110,8,10,F,1,202009,1,235201,07.3
SE00,11,E,17,,A,0110,1,99,SK-16,T,0110,8,15,F,1,202009,1,205143,00.5
SE00,11,G,17,,D,0110,1,99,SK-13,O,0110,8,10,F,1,202009,1,151203,05.9
SE00,49,E,21,,C,0110,1,99,SK-14,S,0110,8,15,F,1,202009,1,194321,04.1
SE00,11,E,21,,D,0110,1,99,SK-14,T,0110,8,10,F,1,202009,1,218671,07.1
SE00,11,G,15,,D,0110,1,99,SK-14,T,0110,8,10,F,1,202009,1,215342,07.1
SE00,11,G,15,,D,0110,1,99,SK-14,T,0110,8,10,F,1,202009,1,215342,07.1
SE00,11,F,17,,E,0110,1,99,SK-13,K,0110,8,10,F,1,202009,1,115249,11.1
SE00,11,E,21,,D,0110,1,99,SK-12,I,0110,8,10,F,1,202009,1,095470,05.2
SE00,17,E,17,,D,0110,1,99,SK-14,T,0110,8,10,F,1,202009,1,215504,06.8
SE00,36,F,17,,D,0110,1,99,SK-14,T,0110,8,10,F,1,202009,1,212243,06.3
SE00,11,F,17,,D,0110,1,99,SK-14,T,0110,8,10,F,1,202009,1,211910,06.3
SE00,11,F,21,,D,0110,1,99,SK-14,T,0110,8,15,F,1,202009,1,211910,06.2
SE00,11,D,21,,D,0110,1,99,SK-16,V,0110,8,10,F,1,202009,1,250334,06.2
SE00,11,E,21,,D,0110,1,99,SK-16,V,0110,8,10,F,1,202009,1,250334,06.2
SE00,11,F,21,,D,0110,1,99,SK-17,V,0110,2,10,F,1,202009,1,250335,06.2
SE00,17,D,17,,D,0110,1,99,SK-13,L,0110,8,10,F,1,202009,1,120140,06.2
SE00,06,H,21,,D,0110,1,99,SK-14,U,0110,8,10,F,1,202009,1,237039,06.2
SE00,11,E,21,,D,0110,1,99,SK-14,T,0110,8,10,F,1,202009,1,211910,06.2
SE00,48,F,22,,D,0110,1,99,SK-14,T,0110,8,10,F,1,202009,1,209454,06.1
SE00,11,F,21,,D,0110,1,99,SK-14,T,0110,8,10,F,1,202009,1,218671,06.1
SE00,11,G,21,,D,0110,1,99,SK-14,T,0110,8,10,F,1,202009,1,218671,06.1
SE00,11,G,17,,D,0110,1,99,SK-14,T,0110,8,10,F,1,202009,1,218044,06.0
SE00,11,D,13,,D,0110,1,99,SK-14,P,0110,8,10,F,1,202009,1,160270,06.0
SE00,36,I,17,,D,0110,1,99,SK-14,U,0110,8,10,F,1,202009,1,224537,05.9
SE00,17,J,21,,D,0110,1,99,SK-14,T,0110,8,10,P,2,202009,1,215504,05.9
SE00,11,D,17,,D,0110,1,99,SK-13,N,0110,8,10,F,1,202009,1,149705,05.3
SE00,11,D,17,,C,0110,1,99,SK-12,I,0110,8,15,F,1,202009,1,095470,03.9
SE00,36,H,17,,D,0110,1,99,SK-14,U,0110,8,10,F,1,202009,1,224537,05.3
SE00,17,E,17,,D,0110,1,99,SK-14,T,0110,8,10,P,2,202009,1,212558,05.3
SE00,11,G,21,,D,0110,1,99,SK-14,T,0110,8,15,F,1,202009,1,218671,05.2
SE00,11,I,21,,D,0110,1,99,SK-14,T,0110,8,10,F,1,202009,1,218671,05.2
SE00,25,F,21,,D,0110,1,99,SK-14,T,0110,8,15,F,1,202009,1,201811,05.1
SE00,11,G,21,,C,0110,1,99,SK-14,T,0110,8,10,F,1,202009,1,218671,04.8
SE00,11,E,17,,C,0110,1,99,SK-13,L,0110,8,10,F,1,202009,1,123484,04.2
SE00,17,E,13,,F,0110,1,99,SK-13,Q,0110,8,10,F,1,202009,1,179891,18.0
SE00,06,F,13,,C,0110,1,99,SK-13,R,0110,8,10,F,1,202009,1,182772,04.2
SE00,11,E,21,,C,0110,1,99,SK-17,U,0110,2,15,F,1,202009,1,223159,04.2
SE00,11,D,17,,C,0110,1,99,SK-14,S,0110,8,15,F,1,202009,1,194932,04.1
SE00,11,G,21,,F,0110,1,99,SK-14,T,0110,8,10,F,1,202009,1,218671,17.5
SE00,11,E,21,,C,0110,1,99,SK-13,O,0110,8,10,F,1,202009,1,156821,04.1
SE00,11,F,21,,F,0110,1,99,SK-14,T,0110,8,10,F,1,202009,1,213638,18.0
SE00,11,F,21,,E,0110,1,99,SK-14,R,0110,8,10,F,1,202009,1,189253,12.2
SE00,11,E,18,,C,0110,1,99,SK-13,K,0110,8,10,F,1,202009,1,113533,03.7
SE00,11,C,13,,C,0110,1,99,SK-12,J,0110,8,10,F,1,202009,1,105061,03.7
SE00,11,D,21,,D,0110,1,99,SK-14,R,0110,8,15,F,1,202009,1,183960,08.4
SE00,11,E,21,,C,0110,1,99,SK-14,T,0110,8,40,F,2,202009,1,207660,03.1
SE00,11,D,21,,D,0110,1,99,SK-14,Q,0110,8,40,F,2,202009,1,174597,07.7
SE00,06,E,21,,B,0110,1,99,SK-14,T,0110,8,40,F,2,202009,1,200007,02.2
SE00,11,E,17,,B,0110,1,99,SK-14,Q,0110,8,40,F,2,202009,1,174597,02.2
SE00,06,F,21,,B,0110,1,99,SK-14,T,0110,8,15,F,1,202009,1,200007,02.1
SE00,11,D,21,,B,0110,1,99,SK-14,S,0110,8,40,F,2,202009,1,193797,02.0
SE00,11,D,21,,B,0110,1,99,SK-14,Q,0110,8,40,F,2,202009,1,170219,01.3
SE00,11,D,21,,B,0110,1,99,SK-14,Q,0110,8,40,F,2,202009,1,170219,01.2
SE00,11,E,22,,B,0110,1,99,SK-14,S,0110,8,40,F,2,202009,1,192149,01.1
SE00,11,E,21,,D,0110,1,99,SK-14,R,0110,8,40,F,2,202009,1,185651,07.8
SE00,11,G,21,,A,0110,1,99,SK-14,R,0110,8,40,I,2,202009,1,184000,00.3
SE00,11,D,17,,A,0110,1,99,SK-14,P,0110,8,40,F,2,202009,1,163000,00.3
SE00,11,E,17,,A,0110,1,99,SK-14,P,0110,8,40,F,2,202009,1,163000,00.3
SE00,11,C,21,,A,0110,1,99,SK-14,P,0110,8,40,F,2,202009,1,163000,00.3
SE00,11,D,17,,A,0110,1,99,SK-14,P,0110,8,40,F,2,202009,1,163000,00.1
SE00,48,D,21,,A,0110,1,99,SK-11,H,0110,8,15,F,1,202009,1,081393,00.0
SE00,11,E,21,,C,0110,1,99,SK-14,R,0110,8,40,F,2,202009,1,184000,03.1
SE00,17,I,21,,D,0110,1,99,SK-17,V,0110,2,10,F,1,202009,1,253300,07.7
SE00,11,E,21,,D,0110,1,99,SK-14,R,0110,8,10,F,1,202009,1,189684,06.0
SE00,11,G,21,,D,0110,1,99,SK-14,T,0110,8,10,F,1,202009,1,218671,05.4
SK00,24,E,17,14,D,0110,1,99,GS-14,L,0110,8,10,F,1,202009,1,125360,09.5
SK00,24,J,18,15,I,0110,1,99,GS-15,Q,0110,2,10,F,1,202009,1,170800,33.1
SK00,24,K,17,14,J,0110,1,99,GS-14,O,0110,8,10,F,1,202009,1,157709,44.9
SK00,24,K,21,,J,0110,1,ES,ES-**,R,0110,2,50,F,1,202009,1,182012,41.9
SK00,24,H,17,13,E,0110,1,99,GS-13,M,0110,8,10,F,1,202009,1,133465,13.3
SK00,24,E,13,13,C,0110,1,99,GS-13,J,0110,8,10,F,1,202009,1,109508,03.0
SK00,24,E,21,13,C,0110,1,99,GS-13,J,0110,8,10,F,1,202009,1,106085,03.0
SK00,24,K,21,11,A,0110,1,99,GS-11,G,0110,8,15,F,1,202009,1,072030,00.4
ST00,11,H,15,14,D,0110,1,99,GG-14,N,0110,8,48,F,2,202009,1,145578,09.3
ST00,11,I,04,,G,0110,1,ES,ES-**,S,0110,2,50,F,1,202009,1,190248,24.3
ST00,11,K,17,15,J,0110,1,99,GS-15,Q,0110,8,10,F,1,202009,1,170800,35.1
ST00,11,F,04,14,F,0110,1,99,GS-14,N,0110,8,10,F,1,202009,1,141534,17.3
ST00,11,G,15,,G,0110,1,ES,ES-**,Q,0110,2,50,F,1,202009,1,175623,20.9
ST00,11,K,17,14,I,0110,1,99,GS-14,O,0110,8,20,I,2,202009,1,157709,31.7
ST00,11,H,21,14,E,0110,1,99,GS-14,O,0110,8,10,F,1,202009,1,157709,12.1
ST00,11,H,21,14,D,0110,1,99,GG-14,M,0110,8,48,F,2,202009,1,137491,08.3
ST00,11,D,13,14,D,0110,1,99,GS-14,L,0110,8,10,F,1,202009,1,121316,05.3
ST00,11,D,17,15,B,0110,1,99,GS-15,O,0110,8,44,F,2,202009,1,156973,01.0
SZ00,11,H,21,13,F,0110,1,99,GS-13,M,0110,8,10,F,1,202009,1,133465,15.0
SZ00,11,H,21,14,H,0110,1,99,GS-14,N,0110,8,10,F,1,202009,1,149621,27.9
SZ00,11,J,21,15,G,0110,1,99,GS-15,Q,0110,8,10,F,1,202009,1,170800,22.1
SZ00,11,G,21,13,F,0110,1,99,GS-13,M,0110,8,10,F,1,202009,1,133465,15.9
SZ00,24,I,21,13,G,0110,1,99,GS-13,M,0110,8,10,F,1,202009,1,133465,21.8
SZ00,11,K,21,14,I,0110,1,99,GS-14,O,0110,8,10,P,2,202009,1,157709,32.5
SZ00,11,K,13,15,J,0110,1,99,GS-15,Q,0110,8,10,F,1,202009,1,170800,43.6
SZ00,24,H,21,13,G,0110,1,99,GS-13,M,0110,8,10,F,1,202009,1,133465,24.0
SZ00,11,H,18,14,G,0110,1,99,GS-14,O,0110,8,10,F,1,202009,1,153665,22.0
SZ00,11,K,21,15,J,0110,1,99,GS-15,Q,0110,8,10,F,1,202009,1,170800,36.2
SZ00,11,K,22,13,F,0110,1,99,GS-13,M,0110,8,10,F,1,202009,1,133465,15.9
SZ00,24,K,21,14,F,0110,1,99,GS-14,N,0110,8,10,F,1,202009,1,149621,18.9
SZ00,24,G,18,13,G,0110,1,99,GS-13,M,0110,8,10,F,1,202009,1,133465,22.2
SZ00,11,F,17,14,F,0110,1,99,GS-14,O,0110,8,10,F,1,202009,1,153665,17.3
SZ00,11,K,17,14,J,0110,1,99,GS-14,O,0110,8,10,F,1,202009,1,157709,50.0
SZ00,24,J,21,14,I,0110,1,99,GS-14,O,0110,8,10,F,1,202009,1,157709,30.0
SZ00,11,K,21,14,F,0110,1,99,GS-14,O,0110,8,10,F,1,202009,1,153665,17.3
SZ00,24,F,17,13,E,0110,1,99,GS-13,K,0110,8,10,F,1,202009,1,119775,11.2
SZ00,24,H,21,14,F,0110,1,99,GS-14,N,0110,8,10,F,1,202009,1,145578,16.3
SZ00,24,I,21,13,E,0110,1,99,GS-13,L,0110,8,10,F,1,202009,1,123198,10.5
SZ00,11,I,17,14,I,0110,1,99,GS-14,O,0110,8,10,F,1,202009,1,157709,30.6
SZ00,11,K,13,13,E,0110,1,99,GS-13,K,0110,8,15,F,1,202009,1,116353,12.8
SZ00,51,K,21,13,C,0110,1,99,GS-13,M,0110,8,10,F,1,202009,1,133465,04.9
SZ00,11,D,21,13,C,0110,1,99,GS-13,K,0110,8,10,F,1,202009,1,112930,04.9
SZ00,11,E,17,13,E,0110,1,99,GS-13,J,0110,8,10,F,1,202009,1,109508,11.1
SZ00,24,F,21,13,C,0110,1,99,GS-13,K,0110,8,10,F,1,202009,1,112930,04.0
SZ00,11,H,21,13,B,0110,1,99,GS-13,J,0110,8,15,F,1,202009,1,109508,02.8
SZ00,11,F,21,12,B,0110,1,99,GS-12,H,0110,8,15,F,1,202009,1,089213,01.9
SZ00,11,C,17,12,B,0110,1,99,GS-12,I,0110,8,15,F,1,202009,1,094970,01.0
TC00,11,D,17,13,D,0110,1,99,GS-13,J,0110,8,15,F,1,202009,1,109508,09.4
TC00,11,E,21,14,C,0110,1,99,GS-14,L,0110,8,10,F,1,202009,1,129404,04.2
TC00,11,F,17,14,E,0110,1,99,GS-14,M,0110,8,10,F,1,202009,1,137491,14.8
TC00,11,H,04,15,G,0110,1,99,GS-15,Q,0110,2,10,F,1,202009,1,170800,24.1
TC00,11,K,21,15,I,0110,1,99,GS-15,Q,0110,2,10,F,1,202009,1,170800,30.0
TC00,11,K,21,14,F,0110,1,99,GS-14,N,0110,8,10,F,1,202009,1,145578,15.3
TC00,11,H,17,15,H,0110,1,99,GS-15,Q,0110,2,10,F,1,202009,1,170800,29.3
TC00,11,H,17,14,H,0110,1,99,GS-14,N,0110,8,10,F,1,202009,1,145578,28.8
TC00,11,D,17,14,E,0110,1,99,GS-14,O,0110,8,15,F,1,202009,1,153665,11.9
TC00,11,G,17,15,G,0110,1,99,GS-15,Q,0110,2,10,F,1,202009,1,170800,21.6
TC00,11,H,17,15,G,0110,1,99,GS-15,Q,0110,2,10,F,1,202009,1,170800,20.8
TC00,11,H,21,15,G,0110,1,99,GS-15,Q,0110,8,10,F,1,202009,1,170800,20.1
TC00,11,H,18,14,G,0110,1,99,GS-14,N,0110,8,10,F,1,202009,1,141534,21.5
TC00,11,J,21,13,H,0110,1,99,GS-13,M,0110,8,10,F,1,202009,1,133465,25.1
TC00,11,G,18,14,G,0110,1,99,GS-14,N,0110,8,10,F,1,202009,1,145578,21.3
TC00,11,F,21,14,E,0110,1,99,GS-14,M,0110,8,10,F,1,202009,1,137491,12.2
TC00,11,I,21,15,H,0110,1,99,GS-15,Q,0110,2,10,F,1,202009,1,170800,26.0
TC00,11,J,17,15,J,0110,1,99,GS-15,Q,0110,2,10,F,1,202009,1,170800,37.2
TC00,11,K,21,15,G,0110,1,99,GS-15,Q,0110,8,10,F,1,202009,1,170800,24.2
TC00,11,H,21,,F,0110,1,ES,ES-**,Q,0110,2,50,F,1,202009,1,178641,15.2
TC00,11,F,17,14,E,0110,1,99,GS-14,L,0110,8,10,F,1,202009,1,129404,11.8
TC00,11,F,17,12,E,0110,1,99,GS-12,J,0110,8,10,F,1,202009,1,103605,11.2
TC00,11,J,18,14,F,0110,1,99,GS-14,O,0110,8,10,F,1,202009,1,157709,16.2
TC00,11,H,21,15,E,0110,1,99,GS-15,Q,0110,2,10,F,1,202009,1,170800,10.8
TC00,11,J,17,15,E,0110,1,99,GS-15,P,0110,2,10,F,1,202009,1,166487,12.4
TC00,11,G,17,14,D,0110,1,99,GS-14,M,0110,8,10,F,1,202009,1,133447,09.0
TC00,11,E,17,14,D,0110,1,99,GS-14,M,0110,8,10,F,1,202009,1,133447,09.0
TC00,11,D,17,13,E,0110,1,99,GS-13,K,0110,8,10,F,1,202009,1,112930,10.3
TC00,11,E,17,13,E,0110,1,99,GS-13,K,0110,8,10,F,1,202009,1,116353,10.1
TC00,11,D,18,11,B,0110,1,99,GS-11,G,0110,8,20,F,2,202009,1,074431,02.8
TC00,11,E,21,14,D,0110,1,99,GS-14,M,0110,8,10,F,1,202009,1,133447,06.3
TC00,11,G,21,15,D,0110,1,99,GS-15,Q,0110,8,10,F,1,202009,1,170800,06.7
TC00,11,D,17,12,D,0110,1,99,GS-12,H,0110,8,10,F,1,202009,1,089213,06.2
TC00,11,F,17,13,D,0110,1,99,GS-13,J,0110,8,10,F,1,202009,1,109508,08.3
TC00,11,E,17,14,D,0110,1,99,GS-14,L,0110,2,10,F,1,202009,1,125360,06.1
TC00,11,D,14,13,C,0110,1,99,GS-13,J,0110,8,15,F,1,202009,1,102663,03.8
TC00,11,F,20,12,C,0110,1,99,GS-12,J,0110,8,15,F,1,202009,1,100727,04.3
TC00,11,D,21,14,C,0110,1,99,GS-14,M,0110,8,10,F,1,202009,1,133447,04.3
TC00,11,E,21,14,C,0110,1,99,GS-14,L,0110,8,10,F,1,202009,1,129404,04.2
TC00,11,F,21,14,C,0110,1,99,GS-14,L,0110,8,10,F,1,202009,1,125360,04.2
TC00,11,C,17,11,B,0110,1,99,GS-11,G,0110,8,15,F,1,202009,1,074431,01.4
TC00,11,C,14,11,B,0110,1,99,GS-11,G,0110,8,15,F,1,202009,1,072030,02.2
TC00,11,D,17,11,B,0110,1,99,GS-11,G,0110,8,20,F,2,202009,1,072030,01.5
TC00,11,F,13,15,B,0110,1,99,GS-15,N,0110,8,20,F,2,202009,1,147458,01.3
TC00,11,C,17,09,B,0110,1,99,GS-09,G,0110,8,20,F,2,202009,1,077396,01.3
TC00,11,E,17,13,C,0110,1,99,GS-13,M,0110,8,15,F,1,202009,1,130043,04.3
TC00,11,D,21,13,B,0110,1,99,GS-13,K,0110,8,15,F,1,202009,1,112930,01.3
TC00,11,C,21,13,B,0110,1,99,GS-13,K,0110,8,15,F,1,202009,1,112930,01.2
TD01,11,J,17,13,F,0110,1,99,GS-13,M,0110,8,10,F,1,202009,1,133465,18.1
TD01,11,E,17,14,E,0110,1,99,GS-14,M,0110,8,10,F,1,202009,1,133447,14.0
TD01,11,H,17,14,F,0110,1,99,GS-14,N,0110,8,10,F,1,202009,1,149621,19.8
TD01,11,H,21,,G,0110,1,ES,ES-**,R,0110,2,50,F,1,202009,1,180507,21.3
TD01,11,I,21,15,H,0110,1,99,GS-15,Q,0110,8,10,F,1,202009,1,170800,27.0
TD01,08,E,17,13,F,0110,1,99,GS-13,K,0110,8,10,F,1,202009,1,116700,16.3
TD01,25,I,17,14,E,0110,1,99,GS-14,N,0110,8,10,F,1,202009,1,144049,12.8
TD01,25,F,17,14,F,0110,1,99,GS-14,O,0110,8,10,F,1,202009,1,152052,19.0
TD01,25,H,17,15,G,0110,1,99,GS-15,Q,0110,2,10,F,1,202009,1,170800,24.8
TD01,11,I,18,14,E,0110,1,99,GS-14,N,0110,8,10,F,1,202009,1,145578,11.0
TD01,25,K,21,15,J,0110,1,99,GS-15,Q,0110,8,10,F,1,202009,1,170800,37.7
TD01,11,F,17,13,E,0110,1,99,GS-13,M,0110,8,10,F,1,202009,1,133465,11.0
TD01,11,I,21,15,H,0110,1,99,GS-15,Q,0110,2,15,F,1,202009,1,170800,25.5
TD01,11,H,14,12,G,0110,1,99,GS-12,K,0110,8,10,F,1,202009,1,112240,20.6
TD01,11,E,17,14,E,0110,1,99,GS-14,M,0110,8,10,F,1,202009,1,137491,11.2
TD01,25,F,17,14,E,0110,1,99,GS-14,N,0110,8,10,P,2,202009,1,140048,10.7
TD01,25,D,17,12,D,0110,1,99,GS-12,I,0110,8,10,F,1,202009,1,093973,07.9
TD01,25,D,17,13,D,0110,1,99,GS-13,J,0110,8,10,F,1,202009,1,108358,07.2
TD01,11,D,17,14,D,0110,1,99,GS-14,M,0110,8,10,F,1,202009,1,133447,07.2
TD01,11,E,17,15,D,0110,1,99,GS-15,O,0110,2,10,F,1,202009,1,152215,05.9
TD01,11,E,17,13,D,0110,1,99,GS-13,K,0110,8,10,F,1,202009,1,112930,05.7
TD01,25,D,17,12,D,0110,1,99,GS-12,H,0110,8,10,F,1,202009,1,088276,05.7
TD01,25,D,17,12,C,0110,1,99,GS-12,I,0110,8,10,F,1,202009,1,091125,04.8
TD01,11,E,18,14,C,0110,1,99,GS-14,L,0110,8,10,F,1,202009,1,121316,04.6
TD01,25,D,21,13,C,0110,1,99,GS-13,J,0110,8,10,F,1,202009,1,108358,04.3
TD01,11,C,13,12,C,0110,1,99,GS-12,H,0110,8,15,F,1,202009,1,086335,03.8
TD01,25,E,22,12,C,0110,1,99,GS-12,I,0110,8,10,F,1,202009,1,096821,03.8
TD01,25,E,17,11,C,0110,1,99,GS-11,G,0110,8,10,F,1,202009,1,073650,03.7
TD01,25,B,13,09,C,0110,1,99,GS-09,E,0110,8,20,F,2,202009,1,058909,03.3
TD01,25,B,13,11,C,0110,1,99,GS-11,G,0110,8,10,F,1,202009,1,071274,03.3
TD01,11,D,17,11,B,0110,1,99,GS-11,G,0110,8,15,F,1,202009,1,072030,02.8
TD01,25,B,13,09,B,0110,1,99,GS-09,E,0110,8,15,F,1,202009,1,058909,01.2
TD01,25,B,13,09,B,0110,1,99,GS-09,E,0110,8,15,F,1,202009,1,058909,02.2
TD01,25,C,13,09,B,0110,1,99,GS-09,F,0110,8,15,F,1,202009,1,062837,02.1
TD01,11,E,21,13,B,0110,1,99,GS-13,J,0110,8,15,F,1,202009,1,106085,01.3
TD01,11,G,21,14,A,0110,1,99,GS-14,L,0110,8,15,F,1,202009,1,121316,00.8
TD01,11,C,17,11,A,0110,1,99,GS-11,G,0110,8,15,F,1,202009,1,079233,00.6
TD01,11,C,17,07,A,0110,1,99,GS-07,D,0110,8,15,F,1,202009,1,048670,00.6
TD01,25,D,13,11,A,0110,1,99,GS-11,G,0110,8,15,F,1,202009,1,071274,00.4
TD01,25,B,13,07,A,0110,1,99,GS-07,D,0110,8,15,F,1,202009,1,048159,00.2
TD03,11,K,22,,E,0110,1,99,FV-J,P,0110,8,38,F,1,202009,1,167149,13.0
TD03,11,D,13,,E,0110,1,99,FV-I,J,0110,8,38,F,1,202009,1,109238,11.3
TD03,11,I,17,,F,0110,1,99,FV-K,S,0110,2,38,F,1,202009,1,196440,19.9
TD03,11,F,17,,F,0110,1,99,FV-J,N,0110,8,38,F,1,202009,1,147720,18.6
TD03,11,K,17,,F,0110,1,99,FV-J,O,0110,8,38,F,1,202009,1,154777,19.1
TD03,11,G,17,,F,0110,1,99,FV-K,R,0110,2,38,F,1,202009,1,184728,19.1
TD03,11,J,17,,F,0110,1,99,FV-J,P,0110,8,38,F,1,202009,1,167149,19.5
TD03,11,K,09,,G,0110,1,99,FV-J,P,0110,8,38,F,1,202009,1,167149,22.8
TD03,11,D,17,,B,0110,1,99,FV-J,M,0110,8,38,F,1,202009,1,137244,01.8
TD03,11,F,22,,E,0110,1,99,FV-J,P,0110,8,38,F,1,202009,1,166353,14.2
TD03,11,I,12,,G,0110,1,99,FV-K,S,0110,8,38,F,1,202009,1,196440,24.0
TD03,11,K,21,,F,0110,1,99,FV-J,N,0110,8,38,F,1,202009,1,148965,18.3
TD03,11,H,13,,F,0110,1,99,FV-J,N,0110,8,38,F,1,202009,1,140990,18.3
TD03,11,J,13,,H,0110,1,99,FV-J,O,0110,8,38,F,1,202009,1,150730,25.8
TD03,11,K,17,,G,0110,1,99,FV-J,P,0110,8,38,F,1,202009,1,167149,21.9
TD03,11,F,17,,E,0110,1,99,FV-G,G,0110,8,38,F,1,202009,1,071029,10.7
TD03,11,E,17,,E,0110,1,99,FV-I,L,0110,8,38,F,1,202009,1,121071,12.3
TD03,11,J,13,,G,0110,1,99,FV-J,O,0110,8,38,F,1,202009,1,154933,21.6
TD03,11,G,17,,G,0110,1,99,FV-J,O,0110,8,38,F,1,202009,1,156044,22.3
TD03,11,H,21,,E,0110,1,99,FV-J,O,0110,8,38,F,1,202009,1,159252,10.3
TD03,11,H,17,,F,0110,1,99,FV-K,R,0110,2,38,F,1,202009,1,185137,19.2
TD03,11,J,21,,E,0110,1,99,FV-K,S,0110,8,38,F,1,202009,1,196440,11.9
TD03,11,I,21,,E,0110,1,99,FV-J,O,0110,8,38,F,1,202009,1,152021,11.7
TD03,11,J,21,,E,0110,1,99,FV-J,N,0110,8,38,F,1,202009,1,146072,11.8
TD03,11,F,20,,E,0110,1,99,FV-K,Q,0110,2,38,F,1,202009,1,177900,11.1
TD03,11,I,18,,D,0110,1,99,FV-J,M,0110,8,38,F,1,202009,1,136997,09.6
TD03,11,E,17,,D,0110,1,99,FV-I,L,0110,8,38,F,1,202009,1,120518,07.0
TD03,11,G,21,,D,0110,1,99,FV-J,K,0110,8,38,F,1,202009,1,118995,05.8
TD03,11,I,17,,D,0110,1,99,FV-J,P,0110,8,38,F,1,202009,1,160813,05.1
TD03,11,D,14,,C,0110,1,99,FV-I,K,0110,8,38,F,1,202009,1,110908,04.4
TD03,11,I,17,,C,0110,1,99,FV-J,O,0110,8,38,F,1,202009,1,159662,03.3
TD03,11,F,22,,B,0110,1,99,FV-I,L,0110,8,38,F,1,202009,1,126221,01.9
TD03,11,D,13,,A,0110,1,99,FV-G,F,0110,8,38,F,1,202009,1,061406,00.9
TD03,11,D,13,,A,0110,1,99,FV-J,N,0110,8,38,F,1,202009,1,140266,00.2
TD03,11,E,09,,A,0110,1,99,FV-I,L,0110,8,48,P,2,202009,1,120000,00.2
TD03,BR,F,17,,E,0110,1,99,FV-J,M,0110,8,38,F,1,202009,1,132046,14.1
TD04,11,J,18,14,D,0110,1,99,GS-14,M,0110,8,10,F,1,202009,1,133447,05.6
TD04,11,G,21,14,D,0110,1,99,GS-14,N,0110,8,10,F,1,202009,1,141534,05.3
TD04,11,E,21,14,B,0110,1,99,GS-14,L,0110,8,15,F,1,202009,1,129404,02.2
TD04,11,C,16,11,A,0110,1,99,GS-11,G,0110,8,15,F,1,202009,1,072030,00.8
TD05,11,E,14,14,E,0110,1,99,GS-14,L,0110,8,10,F,1,202009,1,129404,11.4
TD05,11,K,17,14,G,0110,1,99,GS-14,O,0110,8,10,F,1,202009,1,157709,22.6
TD05,11,K,17,14,F,0110,1,99,GS-14,O,0110,8,10,F,1,202009,1,157709,19.1
TD05,11,H,17,14,H,0110,1,99,GS-14,O,0110,8,10,F,1,202009,1,153665,25.7
TD05,11,F,17,14,E,0110,1,99,GS-14,M,0110,8,10,F,1,202009,1,137491,13.3
TD05,11,G,18,13,F,0110,1,99,GS-13,K,0110,8,10,F,1,202009,1,116353,15.7
TD05,11,F,17,15,E,0110,1,99,GS-15,P,0110,2,10,F,1,202009,1,166487,11.0
TD05,11,K,18,15,E,0110,1,99,GS-15,Q,0110,2,10,F,1,202009,1,170800,10.0
TD05,11,D,13,13,D,0110,1,99,GS-13,J,0110,8,10,F,1,202009,1,109508,08.8
TD05,11,E,17,13,D,0110,1,99,GS-13,J,0110,8,10,F,1,202009,1,109508,08.1
TD05,11,E,18,14,D,0110,1,99,GS-14,M,0110,8,10,F,1,202009,1,133447,05.4
TD05,11,D,13,12,D,0110,1,99,GS-12,I,0110,8,10,F,1,202009,1,094970,05.1
TD05,11,G,17,13,F,0110,1,99,GS-13,K,0110,8,15,F,1,202009,1,116353,15.8
TD09,11,J,17,15,E,0110,1,99,GS-15,P,0110,8,10,F,1,202009,1,161730,10.4
TD09,11,D,14,12,C,0110,1,99,GS-12,I,0110,8,10,F,1,202009,1,092091,04.0
TD10,11,F,21,14,E,0110,1,99,GS-14,L,0110,8,10,F,1,202009,1,129404,10.8
TD10,11,E,21,11,A,0110,1,99,GS-11,G,0110,8,15,F,1,202009,1,072030,00.0
TD10,11,F,17,13,D,0110,1,99,GS-13,K,0110,8,10,F,1,202009,1,116353,06.9
TD10,11,E,21,14,C,0110,1,99,GS-14,L,0110,8,10,F,1,202009,1,121316,04.2
TD12,11,F,17,14,E,0110,1,99,GS-14,M,0110,8,10,F,1,202009,1,133447,13.3
TD12,11,J,13,15,F,0110,1,99,GS-15,Q,0110,2,10,F,1,202009,1,170800,16.4
TD12,11,E,21,13,D,0110,1,99,GS-13,J,0110,8,10,F,1,202009,1,109508,05.5
TD12,11,F,21,14,D,0110,1,99,GS-14,M,0110,8,10,F,1,202009,1,133447,05.1
TD12,11,D,17,14,C,0110,1,99,GS-14,L,0110,8,10,F,1,202009,1,125360,03.7
TD12,11,E,21,13,B,0110,1,99,GS-13,K,0110,8,15,F,1,202009,1,116353,01.2
TD13,11,J,13,14,J,0110,1,99,GS-14,O,0110,8,10,F,1,202009,1,157709,37.7
TD13,11,J,04,14,H,0110,1,99,GS-14,O,0110,8,10,F,1,202009,1,157709,26.5
TD13,11,E,17,14,E,0110,1,99,GS-14,M,0110,8,10,F,1,202009,1,137491,12.8
TD13,11,E,17,11,E,0110,1,99,GS-11,G,0110,8,15,F,1,202009,1,072030,11.6
TD13,11,E,17,14,D,0110,1,99,GS-14,M,0110,8,10,F,1,202009,1,133447,07.1
TD16,11,H,17,14,F,0110,1,99,GS-14,N,0110,8,10,F,1,202009,1,141534,15.1
TD16,11,I,21,14,E,0110,1,99,GS-14,O,0110,8,10,F,1,202009,1,157709,12.5
TD16,11,I,21,15,F,0110,1,99,GS-15,Q,0110,2,10,F,1,202009,1,170800,15.7
TD16,11,I,21,14,E,0110,1,99,GS-14,M,0110,8,10,F,1,202009,1,133447,10.5
TD16,11,H,17,14,D,0110,1,99,GS-14,M,0110,8,10,F,1,202009,1,137491,09.7
TD16,11,E,17,14,D,0110,1,99,GS-14,N,0110,8,10,F,1,202009,1,141534,05.1
TD16,11,E,17,13,D,0110,1,99,GS-13,K,0110,8,15,F,1,202009,1,112930,05.0
TD16,11,C,13,11,B,0110,1,99,GS-11,H,0110,8,15,F,1,202009,1,081634,01.7
TD17,30,E,13,14,E,0110,1,99,GS-14,L,0110,8,10,F,1,202009,1,129367,12.5
TD17,11,E,14,14,D,0110,1,99,GS-14,L,0110,8,10,F,1,202009,1,125360,08.4
TD17,11,B,13,11,A,0110,1,99,GS-11,G,0110,8,15,F,1,202009,1,072030,00.1
TD17,11,F,17,15,F,0110,1,99,GS-15,Q,0110,2,10,F,1,202009,1,170800,17.7
TN00,11,J,17,15,I,0110,1,99,GS-15,Q,0110,8,10,F,1,202009,1,170800,33.4
TN00,11,F,11,10,G,0119,3,99,GS-10,H,XXXX,8,10,F,1,202009,1,080860,20.9
TN00,11,F,17,14,E,0110,1,99,GS-14,L,0110,8,10,F,1,202009,1,129404,11.1
TN00,11,F,21,14,D,0110,1,99,GS-14,L,0110,8,10,F,1,202009,1,129404,06.8
TR91,11,K,17,14,J,0110,1,99,GS-14,O,0110,8,10,F,1,202009,1,157709,51.8
TR91,11,I,14,14,I,0110,1,99,GS-14,O,0110,8,10,F,1,202009,1,157709,32.0
TR91,11,G,21,15,E,0110,1,99,GS-15,P,0110,8,10,F,1,202009,1,161730,10.6
TR91,11,F,17,,E,0110,1,99,OR-53,N,0110,8,10,F,1,202009,1,143236,12.1
TR91,11,E,17,11,C,0110,1,99,GS-11,G,0110,8,15,F,1,202009,1,074431,04.1
TR91,11,G,17,15,G,0110,1,99,GS-15,P,0110,8,10,F,1,202009,1,166487,22.9
TR91,11,H,21,15,H,0110,1,99,GS-15,Q,0110,8,10,F,1,202009,1,170800,29.0
TR91,11,F,17,15,E,0110,1,99,GS-15,Q,0110,2,10,F,1,202009,1,170800,12.8
TR91,11,I,17,14,H,0110,1,99,GS-14,O,0110,8,10,F,1,202009,1,157709,28.8
TR91,SN,G,17,15,G,0110,1,99,GS-15,M,0110,2,10,F,1,202009,1,134888,20.0
TR91,11,F,17,15,E,0110,1,99,GS-15,P,0110,2,10,F,1,202009,1,161730,14.3
TR91,11,H,17,14,F,0110,1,99,GS-14,M,0110,8,15,F,1,202009,1,133447,15.5
TR91,25,G,17,14,G,0110,1,99,GS-14,O,0110,8,10,F,1,202009,1,156053,20.0
TR91,11,K,19,,J,0110,1,SL,SL-00,Q,0110,2,10,F,1,202009,1,176900,40.3
TR91,11,I,17,15,H,0110,1,99,GS-15,Q,0110,2,10,F,1,202009,1,170800,29.0
TR91,11,I,21,15,F,0110,1,99,GS-15,Q,0110,8,10,F,1,202009,1,170800,17.1
TR91,11,J,21,,F,0110,1,ES,ES-**,Q,0110,2,50,F,1,202009,1,176633,16.1
TR91,11,H,17,,G,0110,1,ES,ES-**,Q,0110,2,50,F,1,202009,1,176393,22.1
TR91,11,G,21,15,F,0110,1,99,GS-15,Q,0110,8,10,F,1,202009,1,170800,17.3
TR91,11,F,17,14,E,0110,1,99,GS-14,N,0110,2,10,P,2,202009,1,145578,14.0
TR91,11,I,21,15,F,0110,1,99,GS-15,Q,0110,8,10,F,1,202009,1,170800,16.1
TR91,11,I,13,15,H,0110,1,99,GS-15,Q,0110,8,10,F,1,202009,1,170800,28.7
TR91,11,I,17,15,H,0110,1,99,GS-15,Q,0110,8,10,F,1,202009,1,170800,29.3
TR91,11,J,13,14,G,0110,1,99,GS-14,O,0110,8,10,F,1,202009,1,157709,23.5
TR91,11,E,17,14,D,0110,1,99,GS-14,M,0110,2,10,F,1,202009,1,133447,09.6
TR91,11,H,21,15,G,0110,1,99,GS-15,Q,0110,8,10,F,1,202009,1,170800,21.9
TR91,11,K,17,15,J,0110,1,99,GS-15,Q,0110,8,10,F,1,202009,1,170800,43.2
TR91,11,H,21,15,G,0110,1,99,GS-15,Q,0110,8,10,F,1,202009,1,170800,23.9
TR91,JA,F,17,15,G,0110,1,99,GS-15,M,0110,2,10,F,1,202009,1,131242,20.7
TR91,11,H,17,,G,0110,1,ES,ES-**,S,0110,2,50,F,1,202009,1,192300,22.9
TR91,11,G,17,15,G,0110,1,99,GS-15,Q,0110,2,10,F,1,202009,1,170800,22.9
TR91,11,G,04,15,E,0110,1,99,GS-15,Q,0110,8,10,F,1,202009,1,170800,12.0
TR91,11,K,21,15,J,0110,1,99,GS-15,Q,0110,8,20,I,2,202009,1,170800,35.0
TR91,11,F,13,14,F,0110,1,99,GS-14,N,0110,8,10,F,1,202009,1,141534,16.1
TR91,11,F,13,14,G,0110,1,99,GS-14,N,0110,8,10,F,1,202009,1,141534,20.8
TR91,11,E,17,14,E,0110,1,99,GS-14,N,0110,8,10,F,1,202009,1,149621,14.2
TR91,11,I,17,14,H,0110,1,99,GS-14,O,0110,4,10,F,1,202009,1,157709,28.9
TR91,11,G,17,15,F,0110,1,99,GS-15,Q,0110,2,10,F,1,202009,1,170800,19.2
TR91,11,F,13,15,E,0110,1,99,GS-15,P,0110,2,10,F,1,202009,1,166487,14.2
TR91,11,G,01,15,G,0110,1,99,GS-15,Q,0110,8,10,F,1,202009,1,170800,21.9
TR91,11,K,18,15,H,0110,1,99,GS-15,Q,0110,8,10,F,1,202009,1,170800,29.4
TR91,11,H,17,,H,0110,1,ES,ES-**,S,0110,2,50,F,1,202009,1,192300,26.3
TR91,11,H,21,15,F,0110,1,99,GS-15,Q,0110,8,10,F,1,202009,1,170800,19.9
TR91,11,E,13,14,F,0110,1,99,GS-14,N,0110,8,10,F,1,202009,1,145578,16.3
TR91,11,F,17,15,E,0110,1,99,GS-15,P,0110,8,10,F,1,202009,1,161730,14.6
TR91,11,H,04,15,G,0110,1,99,GS-15,Q,0110,8,10,F,1,202009,1,170800,20.5
TR91,11,H,21,15,G,0110,1,99,GS-15,Q,0110,8,10,F,1,202009,1,170800,20.2
TR91,11,F,17,14,E,0110,1,99,GS-14,N,0110,2,10,F,1,202009,1,145578,13.2
TR91,11,H,21,15,G,0110,1,99,GS-15,Q,0110,8,10,F,1,202009,1,170800,24.1
TR91,11,H,17,15,E,0110,1,99,GS-15,P,0110,2,10,F,1,202009,1,166487,13.8
TR91,11,H,21,14,G,0110,1,99,GS-14,O,0110,8,10,F,1,202009,1,157709,20.3
TR91,04,H,21,15,E,0110,1,99,GS-15,P,0110,2,10,F,1,202009,1,162027,13.9
TR91,11,E,04,15,E,0110,1,99,GS-15,P,0110,2,10,F,1,202009,1,161730,14.3
TR91,11,F,04,15,E,0110,1,99,GS-15,Q,0110,2,10,F,1,202009,1,170800,12.6
TR91,11,H,21,15,E,0110,1,99,GS-15,Q,0110,8,10,F,1,202009,1,170800,13.8
TR91,11,J,21,14,F,0110,1,99,GS-14,O,0110,8,10,F,1,202009,1,157709,16.4
TR91,11,G,17,,G,0110,1,ES,ES-**,Q,0110,2,50,F,1,202009,1,176490,21.0
TR91,11,I,04,,G,0110,1,99,OR-70,U,0110,8,10,F,1,202009,1,238115,24.2
TR91,11,J,21,,I,0110,1,ES,ES-**,S,0110,2,50,F,1,202009,1,192300,34.9
TR91,11,H,17,15,G,0110,1,99,GS-15,Q,0110,2,10,F,1,202009,1,170800,21.3
TR91,11,H,21,15,G,0110,1,99,GS-15,Q,0110,8,10,F,1,202009,1,170800,20.0
TR91,11,I,17,15,I,0110,1,99,GS-15,Q,0110,2,10,F,1,202009,1,170800,33.4
TR91,11,H,17,14,E,0110,1,99,GS-14,N,0110,8,10,F,1,202009,1,149621,13.9
TR91,11,K,21,,I,0110,1,SL,SL-00,Q,0110,8,10,F,1,202009,1,176900,32.4
TR91,11,F,17,14,E,0110,1,99,GS-14,N,0110,8,10,F,1,202009,1,145578,12.2
TR91,11,G,17,15,F,0110,1,99,GS-15,Q,0110,8,10,P,2,202009,1,170800,19.9
TR91,11,I,13,15,H,0110,1,99,GS-15,Q,0110,2,10,F,1,202009,1,170800,26.7
TR91,11,G,17,15,F,0110,1,99,GS-15,P,0110,2,10,F,1,202009,1,161730,15.1
TR91,11,K,21,15,G,0110,1,99,GS-15,Q,0110,8,10,F,1,202009,1,170800,23.0
TR91,11,K,17,,I,0110,1,ES,ES-**,S,0110,2,50,F,1,202009,1,192300,32.3
TR91,11,H,17,,H,0110,1,ES,ES-**,R,0110,2,50,F,1,202009,1,181048,26.9
TR91,11,J,21,15,I,0110,1,99,GS-15,Q,0110,8,10,F,1,202009,1,170800,32.9
TR91,11,J,13,15,E,0110,1,99,GS-15,Q,0110,8,10,F,1,202009,1,170800,13.0
TR91,11,H,17,15,G,0110,1,99,GS-15,Q,0110,8,10,F,1,202009,1,170800,23.8
TR91,11,J,17,15,H,0110,1,99,GS-15,Q,0110,8,10,F,1,202009,1,170800,29.4
TR91,11,K,21,15,H,0110,1,99,GS-15,Q,0110,8,10,F,1,202009,1,170800,25.2
TR91,11,H,17,,G,0110,1,ES,ES-**,S,0110,2,50,F,1,202009,1,192300,21.3
TR91,11,H,17,15,H,0110,1,99,GS-15,Q,0110,2,10,F,1,202009,1,170800,28.0
TR91,11,E,21,13,B,0110,1,99,GS-13,M,0110,8,15,F,1,202009,1,133465,01.0
TR91,11,J,21,,G,0110,1,ES,ES-**,S,0110,2,50,F,1,202009,1,192300,22.8
TR91,11,H,21,,G,0110,1,99,EX-03,O,0110,2,46,F,2,202009,1,158500,24.8
TR91,11,G,17,14,E,0110,1,99,GS-14,O,0110,8,10,F,1,202009,1,157709,11.7
TR91,11,E,12,15,E,0110,1,99,GS-15,Q,0110,8,10,F,1,202009,1,170800,10.0
TR91,11,J,22,,E,0110,1,SL,SL-00,Q,0110,2,10,F,1,202009,1,176900,11.7
TR91,11,F,17,15,E,0110,1,99,GS-15,P,0110,2,10,F,1,202009,1,166487,11.6
TR91,11,E,17,15,E,0110,1,99,GS-15,O,0110,2,10,F,1,202009,1,156973,11.6
TR91,11,G,17,,E,0110,1,ES,ES-**,R,0110,2,50,F,1,202009,1,185618,14.7
TR91,11,D,04,13,A,0110,1,99,GS-13,M,0110,8,15,F,1,202009,1,133465,00.2
TR91,11,E,04,14,D,0110,1,99,GS-14,L,0110,2,10,F,1,202009,1,129404,09.3
TR91,11,F,17,15,F,0110,1,99,GS-15,O,0110,8,10,F,1,202009,1,156973,15.8
TR91,11,D,04,13,A,0110,1,99,GS-13,M,0110,8,15,F,1,202009,1,133465,00.3
TR91,11,E,04,15,E,0110,1,99,GS-15,O,0110,2,10,F,1,202009,1,152215,10.9
TR91,11,H,21,15,F,0110,1,99,GS-15,Q,0110,8,10,F,1,202009,1,170800,17.2
TR91,11,J,21,14,F,0110,1,99,GS-14,O,0110,8,10,F,1,202009,1,153665,19.0
TR91,11,H,17,15,G,0110,1,99,GS-15,Q,0110,2,10,F,1,202009,1,170800,23.3
TR91,11,E,17,14,E,0110,1,99,GS-14,L,0110,8,10,F,1,202009,1,125360,12.1
TR91,11,D,17,14,D,0110,1,99,GS-14,M,0110,8,10,F,1,202009,1,133447,08.2
TR91,11,F,04,,E,0110,1,SL,SL-00,P,0110,2,15,F,1,202009,1,165601,14.0
TR91,11,F,21,,E,0110,1,ES,ES-**,R,0110,2,50,F,1,202009,1,181048,11.2
TR91,11,D,13,15,E,0110,1,99,GS-15,O,0110,8,10,F,1,202009,1,152215,10.9
TR91,11,D,17,13,E,0110,1,99,GS-13,J,0110,8,15,F,1,202009,1,106085,10.7
TR91,11,E,17,15,C,0110,1,99,GS-15,N,0110,8,20,F,2,202009,1,142701,04.0
TR91,BE,E,17,15,D,0110,1,99,GS-15,K,0110,2,10,F,1,202009,1,116658,06.9
TR91,11,E,04,15,E,0110,1,99,GS-15,P,0110,2,10,F,1,202009,1,161730,10.3
TR91,11,E,17,15,D,0110,1,99,GS-15,N,0110,2,10,F,1,202009,1,142701,09.1
TR91,11,E,04,15,E,0110,1,99,GS-15,O,0110,2,10,F,1,202009,1,156973,12.1
TR91,11,E,21,15,E,0110,1,99,GS-15,Q,0110,8,10,F,1,202009,1,170800,10.0
TR91,11,E,13,14,D,0110,1,99,GS-14,M,0110,8,15,F,1,202009,1,133447,09.9
TR91,11,E,17,14,D,0110,1,99,GS-14,M,0110,8,10,F,1,202009,1,133447,09.8
TR91,11,G,21,15,D,0110,1,99,GS-15,Q,0110,8,10,F,1,202009,1,170800,09.7
TR91,11,E,17,14,D,0110,1,99,GS-14,L,0110,8,10,F,1,202009,1,121316,09.1
TR91,36,D,13,,D,0110,1,99,OR-51,O,0110,8,10,F,1,202009,1,158720,09.0
TR91,11,I,17,15,B,0110,1,99,GS-15,Q,0110,8,10,F,1,202009,1,170800,02.5
TR91,11,E,17,15,D,0110,1,99,GS-15,O,0110,8,10,F,1,202009,1,152215,09.9
TR91,UK,F,04,14,D,0110,1,99,GS-14,J,0110,2,10,F,1,202009,1,102274,08.3
TR91,11,D,04,14,D,0110,1,99,GS-14,L,0110,8,38,F,1,202009,1,121316,08.2
TR91,11,F,17,,D,0110,1,99,OR-70,U,0110,2,10,F,1,202009,1,234147,08.2
TR91,11,E,17,15,D,0110,1,99,GS-15,N,0110,2,10,F,1,202009,1,142701,08.2
TR91,11,D,17,15,D,0110,1,99,GS-15,Q,0110,8,10,F,1,202009,1,170800,08.2
TR91,11,F,13,15,D,0110,1,99,GS-15,Q,0110,8,10,F,1,202009,1,170800,08.1
TR91,11,E,17,15,D,0110,1,99,GS-15,O,0110,8,10,F,1,202009,1,156973,08.0
TR91,11,E,04,14,A,0110,1,99,GS-14,O,0110,8,15,F,1,202009,1,157709,00.2
TR91,11,E,21,14,D,0110,1,99,GS-14,L,0110,8,10,F,1,202009,1,129404,08.0
TR91,11,E,21,15,D,0110,1,99,GS-15,Q,0110,8,10,F,1,202009,1,170800,08.0
TR91,11,D,17,15,D,0110,1,99,GS-15,N,0110,2,10,F,1,202009,1,147458,07.6
TR91,11,H,17,15,D,0110,1,99,GS-15,P,0110,2,10,F,1,202009,1,161730,07.6
TR91,11,E,17,15,D,0110,1,99,GS-15,O,0110,2,10,F,1,202009,1,156973,07.6
TR91,11,E,17,14,D,0110,1,99,GS-14,M,0110,2,10,F,1,202009,1,137491,07.4
TR91,11,E,21,14,D,0110,1,99,GS-14,O,0110,8,10,F,1,202009,1,157709,07.4
TR91,11,E,04,15,D,0110,1,99,GS-15,P,0110,2,10,F,1,202009,1,166487,07.3
TR91,11,C,04,11,A,0110,1,99,GS-11,G,0110,8,15,F,1,202009,1,072030,00.4
TR91,11,F,21,15,D,0110,1,99,GS-15,Q,0110,8,10,F,1,202009,1,170800,07.2
TR91,11,E,13,15,D,0110,1,99,GS-15,P,0110,8,10,F,1,202009,1,161730,07.2
TR91,11,D,17,14,D,0110,1,99,GS-14,L,0110,8,10,F,1,202009,1,125360,07.1
TR91,PK,E,13,13,D,0110,1,99,GS-13,H,0110,8,10,F,1,202009,1,086550,07.1
TR91,11,D,21,15,D,0110,1,99,GS-15,O,0110,8,10,F,1,202009,1,156973,07.0
TR91,11,E,21,,D,0110,1,99,OR-60,R,0110,8,10,F,1,202009,1,185688,06.9
TR91,11,D,17,14,D,0110,1,99,GS-14,M,0110,2,10,F,1,202009,1,137491,06.8
TR91,11,E,17,14,D,0110,1,99,GS-14,N,0110,8,10,F,1,202009,1,141534,06.8
TR91,11,E,17,15,D,0110,1,99,GS-15,N,0110,2,10,F,1,202009,1,147458,06.7
TR91,11,E,17,14,D,0110,1,99,GS-14,M,0110,8,10,F,1,202009,1,133447,06.6
TR91,11,E,17,14,D,0110,1,99,GS-14,L,0110,2,10,F,1,202009,1,125360,06.3
TR91,11,C,04,14,D,0110,1,99,GS-14,L,0110,8,10,F,1,202009,1,121316,06.2
TR91,11,D,17,15,D,0110,1,99,GS-15,N,0110,2,10,F,1,202009,1,142701,06.0
TR91,11,E,17,14,D,0110,1,99,GS-14,L,0110,8,10,F,1,202009,1,121316,05.8
TR91,11,D,13,14,D,0110,1,99,GS-14,L,0110,8,10,F,1,202009,1,125360,05.8
TR91,11,F,21,,D,0110,1,ES,ES-**,N,0110,2,55,F,1,202009,1,140000,05.8
TR91,11,E,17,14,D,0110,1,99,GS-14,M,0110,2,15,F,1,202009,1,133447,05.8
TR91,11,D,17,13,D,0110,1,99,GS-13,J,0110,8,10,F,1,202009,1,109508,05.8
TR91,UK,E,13,13,D,0110,1,99,GS-13,H,0110,8,10,F,1,202009,1,081304,05.7
TR91,11,F,17,13,D,0110,1,99,GS-13,M,0110,8,15,F,1,202009,1,133465,05.0
TR91,11,D,09,14,D,0110,1,99,GS-14,L,0110,2,10,F,1,202009,1,125360,05.6
TR91,11,D,17,13,C,0110,1,99,GS-13,J,0110,8,10,F,1,202009,1,102663,03.8
TR91,11,D,17,14,C,0110,1,99,GS-14,L,0110,8,10,F,1,202009,1,125360,04.7
TR91,11,E,17,14,C,0110,1,99,GS-14,L,0110,8,10,F,1,202009,1,125360,04.5
TR91,11,D,04,14,C,0110,1,99,GS-14,L,0110,2,10,F,1,202009,1,121316,04.4
TR91,11,D,13,14,C,0110,1,99,GS-14,L,0110,8,10,F,1,202009,1,121316,04.3
TR91,11,F,21,,C,0110,1,99,OR-60,T,0110,8,10,F,1,202009,1,212861,04.2
TR91,11,D,13,14,C,0110,1,99,GS-14,L,0110,8,15,F,1,202009,1,129404,04.2
TR91,11,C,13,13,C,0110,1,99,GS-13,J,0110,8,15,F,1,202009,1,102663,04.2
TR91,11,C,13,12,C,0110,1,99,GS-12,H,0110,8,15,F,1,202009,1,086335,04.2
TR91,11,D,17,13,C,0110,1,99,GS-13,J,0110,8,10,F,1,202009,1,109508,04.1
TR91,11,D,21,15,C,0110,1,99,GS-15,O,0110,8,10,F,1,202009,1,152215,04.1
TR91,11,E,17,15,D,0110,1,99,GS-15,N,0110,8,10,F,1,202009,1,147458,06.4
TR91,11,D,08,13,C,0110,1,99,GS-13,J,0110,8,10,F,1,202009,1,106085,03.8
TR91,11,D,04,14,C,0110,1,99,GS-14,L,0110,8,10,F,1,202009,1,121316,03.7
TR91,11,E,04,13,C,0110,1,99,GS-13,K,0110,8,10,F,1,202009,1,112930,03.4
TR91,11,H,17,15,C,0110,1,99,GS-15,P,0110,8,15,F,1,202009,1,166487,03.3
TR91,11,D,04,14,C,0110,1,99,GS-14,M,0110,8,10,F,1,202009,1,137491,03.2
TR91,11,D,17,12,B,0110,1,99,GS-12,H,0110,8,15,F,1,202009,1,086335,01.0
TR91,11,E,17,15,B,0110,1,99,GS-15,O,0110,2,15,F,1,202009,1,156973,02.4
TR91,11,D,17,11,B,0110,1,99,GS-11,H,0110,8,15,F,1,202009,1,084034,02.3
TR91,11,D,04,14,B,0110,1,99,GS-14,M,0110,8,40,F,2,202009,1,133447,02.3
TR91,11,C,17,13,B,0110,1,99,GS-13,J,0110,8,15,F,1,202009,1,102663,02.3
TR91,11,D,17,14,B,0110,1,99,GS-14,M,0110,8,15,F,1,202009,1,133447,02.2
TR91,11,C,17,13,B,0110,1,99,GS-13,J,0110,8,15,F,1,202009,1,109508,02.1
TR91,11,D,13,11,B,0110,1,99,GS-11,G,0110,8,40,F,2,202009,1,072030,02.0
TR91,11,C,17,12,B,0110,1,99,GS-12,H,0110,8,15,F,1,202009,1,086335,01.8
TR91,11,C,17,11,A,0110,1,99,GS-11,G,0110,8,15,F,1,202009,1,072030,00.0
TR91,11,D,17,13,B,0110,1,99,GS-13,K,0110,8,15,F,1,202009,1,119775,01.6
TR91,11,E,17,13,B,0110,1,99,GS-13,M,0110,8,15,F,1,202009,1,133465,01.4
TR91,11,D,21,14,C,0110,1,99,GS-14,O,0110,8,15,F,1,202009,1,157709,04.2
TR91,11,D,21,,B,0110,1,99,OR-53,O,0110,8,15,F,1,202009,1,153914,01.3
TR91,11,C,04,13,B,0110,1,99,GS-13,K,0110,8,15,F,1,202009,1,119775,01.2
TR91,11,B,13,11,B,0110,1,99,GS-11,G,0110,8,40,F,2,202009,1,072030,01.2
TR91,11,D,21,,B,0110,1,99,OR-53,O,0110,8,15,F,1,202009,1,152825,01.2
TR91,11,F,21,15,B,0110,1,99,GS-15,Q,0110,8,15,F,1,202009,1,170800,01.1
TR91,11,B,13,07,B,0110,1,99,GS-07,E,0110,8,40,F,2,202009,1,050292,01.1
TR91,11,C,21,12,B,0110,1,99,GS-12,K,0110,8,15,F,1,202009,1,112240,01.0
TR91,11,C,21,13,B,0110,1,99,GS-13,K,0110,8,15,F,1,202009,1,119775,01.0
TR91,11,E,17,14,B,0110,1,99,GS-14,O,0110,8,15,F,1,202009,1,157709,01.0
TR91,11,C,17,11,A,0110,1,99,GS-11,I,0110,8,15,F,1,202009,1,093638,00.9
TR91,11,D,04,12,A,0110,1,99,GS-12,K,0110,8,15,F,1,202009,1,112240,00.9
TR91,11,D,17,13,A,0110,1,99,GS-13,J,0110,8,15,F,1,202009,1,102663,00.9
TR91,11,C,04,14,A,0110,1,99,GS-14,M,0110,8,15,F,1,202009,1,133447,00.9
TR91,11,C,17,13,A,0110,1,99,GS-13,K,0110,8,15,F,1,202009,1,119775,00.8
TR91,11,D,17,13,A,0110,1,99,GS-13,J,0110,8,15,F,1,202009,1,102663,00.8
TR91,11,D,17,13,A,0110,1,99,GS-13,K,0110,8,15,F,1,202009,1,116353,00.8
TR91,11,F,04,,A,0110,1,ES,ES-**,O,0110,2,55,F,1,202009,1,150000,00.7
TR91,11,D,17,12,A,0110,1,99,GS-12,H,0110,8,35,F,1,202009,1,086335,00.6
TR91,11,D,04,12,A,0110,1,99,GS-12,H,0110,8,15,F,1,202009,1,086335,00.3
TR91,11,C,04,12,A,0110,1,99,GS-12,H,0110,8,15,F,1,202009,1,086335,00.3
TR91,11,E,04,12,A,0110,1,99,GS-12,K,0110,8,15,F,1,202009,1,112240,00.2
TR91,11,D,04,,A,0110,1,99,OR-53,O,0110,8,15,F,1,202009,1,155000,00.2
TR91,11,G,04,,A,0110,1,99,OR-53,P,0110,8,15,F,1,202009,1,160000,00.2
TR91,11,C,21,14,A,0110,1,99,GS-14,O,0110,8,15,F,1,202009,1,157709,00.1
TR91,11,C,21,,A,0110,1,99,OR-53,O,0110,8,15,F,1,202009,1,155000,00.1
TR91,11,D,17,12,A,0110,1,99,GS-12,H,0110,8,15,F,1,202009,1,086335,00.0
TR91,11,E,17,,E,0110,1,99,OR-60,R,0110,8,10,F,1,202009,1,184851,14.3
TR91,11,K,04,15,F,0110,1,99,GS-15,Q,0110,8,10,F,1,202009,1,170800,16.9
TR93,17,I,21,,F,0110,1,99,IR-SM,P,0110,2,10,F,1,202009,1,160626,16.8
TR93,11,G,17,13,F,0110,1,99,GS-13,K,0110,8,10,F,1,202009,1,116353,18.9
TR93,11,H,17,14,G,0110,1,99,GS-14,M,0110,8,10,F,1,202009,1,133447,22.2
TR93,36,J,17,13,G,0110,1,99,GS-13,M,0110,8,10,F,1,202009,1,137045,21.0
TR93,06,F,17,14,E,0110,1,99,GS-14,N,0110,8,10,F,1,202009,1,140273,12.8
TR93,11,H,17,13,F,0110,1,99,GS-13,M,0110,8,10,F,1,202009,1,133465,16.2
TR93,06,H,21,15,F,0110,1,99,GS-15,Q,0110,8,10,F,1,202009,1,170800,16.2
TR93,11,F,13,12,F,0110,1,99,GS-12,K,0110,8,15,F,1,202009,1,112240,18.5
TR93,11,H,17,14,I,0110,1,99,GS-14,O,0110,5,10,F,1,202009,1,157709,30.2
TR93,11,H,17,14,E,0110,1,99,GS-14,M,0110,5,10,F,1,202009,1,137491,13.3
TR93,11,H,17,13,H,0110,1,99,GS-13,M,0110,8,10,F,1,202009,1,133465,25.3
TR93,11,H,13,13,I,0110,1,99,GS-13,M,0110,8,15,F,1,202009,1,133465,31.1
TR93,26,I,17,14,I,0110,1,99,GS-14,O,0110,8,10,F,1,202009,1,153889,31.4
TR93,11,K,21,14,E,0110,1,99,GS-14,O,0110,8,10,F,1,202009,1,157709,14.9
TR93,11,F,04,14,G,0110,1,99,GS-14,N,0110,5,10,F,1,202009,1,149621,22.3
TR93,23,F,13,13,G,0110,1,99,GS-13,K,0110,8,10,F,1,202009,1,118603,22.2
TR93,11,I,13,14,I,0110,1,99,GS-14,N,0110,5,10,F,1,202009,1,149621,30.5
TR93,11,E,04,13,E,0110,1,99,GS-13,L,0110,8,10,F,1,202009,1,123198,13.8
TR93,12,F,17,14,E,0110,1,99,GS-14,M,0110,7,10,F,1,202009,1,132960,14.3
TR93,51,F,17,15,F,0110,1,99,GS-15,N,0110,5,10,F,1,202009,1,144305,15.2
TR93,11,G,17,14,G,0110,1,99,GS-14,O,0110,5,10,F,1,202009,1,153665,22.1
TR93,11,E,17,14,E,0110,1,99,GS-14,M,0110,5,10,F,1,202009,1,133447,12.1
TR93,11,I,17,14,I,0110,1,99,GS-14,O,0110,5,10,F,1,202009,1,157709,34.3
TR93,06,J,17,14,I,0110,1,99,GS-14,Q,0110,7,10,F,1,202009,1,170800,34.5
TR93,11,I,17,13,G,0110,1,99,GS-13,K,0110,8,10,F,1,202009,1,112930,22.6
TR93,34,J,17,14,H,0110,1,99,GS-14,P,0110,8,10,F,1,202009,1,161939,26.0
TR93,11,F,17,14,G,0110,1,99,GS-14,N,0110,5,10,F,1,202009,1,145578,21.3
TR93,06,G,21,14,F,0110,1,99,GS-14,O,0110,8,10,F,1,202009,1,153423,19.2
TR93,06,J,17,14,F,0110,1,99,GS-14,Q,0110,8,10,F,1,202009,1,170800,19.2
TR93,11,F,13,14,F,0110,1,99,GS-14,M,0110,5,10,F,1,202009,1,133447,17.9
TR93,36,J,17,14,I,0110,1,99,GS-14,P,0110,7,10,F,1,202009,1,161939,31.7
TR93,06,H,17,14,E,0110,1,99,GS-14,M,0110,8,10,F,1,202009,1,135421,14.9
TR93,48,K,21,14,F,0110,1,99,GS-14,M,0110,7,10,F,1,202009,1,139441,15.3
TR93,24,F,17,14,F,0110,1,99,GS-14,M,0110,5,10,F,1,202009,1,137491,16.9
TR93,13,H,21,14,G,0110,1,99,GS-14,N,0110,8,10,F,1,202009,1,147652,20.9
TR93,48,G,14,13,E,0110,1,99,GS-13,K,0110,8,10,F,1,202009,1,118885,14.9
TR93,06,J,21,14,H,0110,1,99,GS-14,P,0110,8,10,F,1,202009,1,166572,29.5
TR93,17,K,21,14,F,0110,1,99,GS-14,O,0110,8,10,F,1,202009,1,155424,19.9
TR93,06,E,13,13,E,0110,1,99,GS-13,L,0110,8,10,F,1,202009,1,129836,13.7
TR93,11,E,17,13,E,0110,1,99,GS-13,J,0110,8,10,F,1,202009,1,102663,12.6
TR93,06,I,13,13,H,0110,1,99,GS-13,N,0110,8,10,F,1,202009,1,144676,26.0
TR93,11,H,21,13,G,0110,1,99,GS-13,M,0110,8,10,F,1,202009,1,133465,21.6
TR93,11,I,13,13,I,0110,1,99,GS-13,M,0110,8,10,F,1,202009,1,133465,31.5
TR93,36,H,17,14,H,0110,1,99,GS-14,N,0110,8,10,F,1,202009,1,145283,25.7
TR93,11,J,17,,I,0110,1,99,IR-SM,Q,0110,2,10,F,1,202009,1,170800,31.3
TR93,11,I,17,15,H,0110,1,99,GS-15,Q,0110,5,10,F,1,202009,1,170800,25.3
TR93,13,I,17,14,H,0110,1,99,GS-14,N,0110,8,10,F,1,202009,1,147652,25.5
TR93,13,H,17,13,H,0110,1,99,GS-13,L,0110,8,10,F,1,202009,1,124955,28.2
TR93,26,J,21,14,E,0110,1,99,GS-14,M,0110,8,10,F,1,202009,1,130215,12.3
TR93,06,I,17,14,G,0110,1,99,GS-14,O,0110,8,10,F,1,202009,1,153423,22.3
TR93,06,J,21,14,F,0110,1,99,GS-14,Q,0110,7,10,F,1,202009,1,170800,18.7
TR93,24,J,04,14,F,0110,1,99,GS-14,O,0110,5,10,F,1,202009,1,157709,15.4
TR93,11,H,13,14,H,0110,1,99,GS-14,O,0110,5,10,F,1,202009,1,157709,29.3
TR93,46,H,17,13,F,0110,1,99,GS-13,J,0110,8,10,F,1,202009,1,103396,16.2
TR93,11,E,04,13,E,0110,1,99,GS-13,K,0110,8,10,F,1,202009,1,119775,14.6
TR93,11,F,04,12,E,0110,1,99,GS-12,J,0110,8,10,F,1,202009,1,103605,12.6
TR93,17,K,21,14,G,0110,1,99,GS-14,O,0110,8,10,F,1,202009,1,155424,24.0
TR93,06,I,21,14,E,0110,1,99,GS-14,O,0110,8,10,F,1,202009,1,157806,14.0
TR93,51,I,17,13,I,0110,1,99,GS-13,K,0110,8,10,F,1,202009,1,118603,34.8
TR93,27,H,17,14,G,0110,1,99,GS-14,O,0110,8,10,F,1,202009,1,150674,22.7
TR93,11,F,04,13,F,0110,1,99,GS-13,M,0110,8,10,F,1,202009,1,133465,19.8
TR93,48,E,17,13,E,0110,1,99,GS-13,K,0110,8,10,F,1,202009,1,111575,14.3
TR93,11,F,13,14,G,0110,1,99,GS-14,N,0110,5,10,F,1,202009,1,149621,23.0
TR93,42,H,04,14,H,0110,1,99,GS-14,M,0110,5,10,F,1,202009,1,134393,25.2
TR93,12,I,17,12,F,0110,1,99,GS-12,J,0110,8,10,F,1,202009,1,100795,16.9
TR93,09,H,17,14,H,0110,1,99,GS-14,O,0110,5,10,F,1,202009,1,152499,29.1
TR93,11,K,21,12,J,0110,1,99,GS-12,K,0110,8,10,F,1,202009,1,112240,36.9
TR93,11,G,13,14,H,0110,1,99,GS-14,O,0110,5,10,F,1,202009,1,157709,25.7
TR93,12,E,17,14,F,0110,1,99,GS-14,M,0110,8,10,F,1,202009,1,133974,15.0
TR93,12,I,13,,I,0110,1,99,IR-SM,Q,0110,2,10,F,1,202009,1,170800,33.3
TR93,11,I,17,,I,0110,1,99,IR-SM,Q,0110,2,10,F,1,202009,1,170800,33.3
TR93,11,F,17,13,E,0110,1,99,GS-13,J,0110,8,10,F,1,202009,1,106085,11.8
TR93,17,G,21,14,E,0110,1,99,GS-14,M,0110,8,10,F,1,202009,1,139484,12.0
TR93,54,J,17,14,H,0110,1,99,GS-14,O,0110,5,10,F,1,202009,1,157709,29.3
TR93,11,J,21,14,F,0110,1,99,GS-14,O,0110,5,10,F,1,202009,1,153665,18.1
TR93,13,G,13,14,G,0110,1,99,GS-14,N,0110,8,10,F,1,202009,1,147652,21.1
TR93,39,H,21,13,F,0110,1,99,GS-13,L,0110,8,10,F,1,202009,1,120146,15.8
TR93,06,I,17,14,E,0110,1,99,GS-14,N,0110,7,10,F,1,202009,1,147731,14.3
TR93,11,I,17,,I,0110,1,99,IR-SM,Q,0110,2,10,F,1,202009,1,170800,30.3
TR93,36,J,17,14,I,0110,1,99,GS-14,P,0110,8,10,F,1,202009,1,161939,33.3
TR93,48,I,18,14,H,0110,1,99,GS-14,P,0110,8,10,F,1,202009,1,161141,26.7
TR93,06,G,21,14,E,0110,1,99,GS-14,O,0110,8,10,F,1,202009,1,155938,14.0
TR93,11,H,17,14,H,0110,1,99,GS-14,O,0110,5,10,F,1,202009,1,153665,25.3
TR93,48,J,17,13,E,0110,1,99,GS-13,M,0110,8,10,F,1,202009,1,136370,13.0
TR93,11,F,13,13,F,0110,1,99,GS-13,L,0110,8,10,F,1,202009,1,126620,15.9
TR93,13,G,17,14,F,0110,1,99,GS-14,N,0110,8,10,F,1,202009,1,140081,15.3
TR93,27,H,21,,H,0110,1,99,IR-SM,Q,0110,2,10,F,1,202009,1,170800,25.3
TR93,06,I,17,,G,0110,1,99,IR-FM,Q,0110,2,10,F,1,202009,1,170800,22.3
TR93,06,F,17,13,E,0110,1,99,GS-13,L,0110,8,10,F,1,202009,1,125020,12.0
TR93,36,K,21,14,J,0110,1,99,GS-14,P,0110,8,10,F,1,202009,1,161939,41.3
TR93,36,J,17,14,F,0110,1,99,GS-14,O,0110,8,10,F,1,202009,1,157787,16.3
TR93,13,G,17,14,F,0110,1,99,GS-14,N,0110,8,10,F,1,202009,1,147652,19.3
TR93,04,H,13,14,H,0110,1,99,GS-14,N,0110,5,10,F,1,202009,1,145187,29.0
TR93,12,I,21,13,G,0110,1,99,GS-13,K,0110,8,10,F,1,202009,1,118603,20.0
TR93,41,F,04,13,A,0110,1,99,GS-13,K,0110,8,15,F,1,202009,1,116834,00.8
TR93,11,H,17,14,E,0110,1,99,GS-14,O,0110,8,10,F,1,202009,1,157709,11.6
TR93,11,E,04,12,E,0110,1,99,GS-12,J,0110,8,10,F,1,202009,1,103605,11.7
TR93,06,E,17,13,E,0110,1,99,GS-13,M,0110,8,10,F,1,202009,1,133546,11.3
TR93,36,J,17,14,E,0110,1,99,GS-14,N,0110,7,10,F,1,202009,1,141179,11.4
TR93,39,H,13,13,E,0110,1,99,GS-13,K,0110,8,10,F,1,202009,1,113822,11.4
TR93,41,E,13,14,E,0110,1,99,GS-14,M,0110,8,10,F,1,202009,1,138058,11.4
TR93,11,G,21,14,E,0110,1,99,GS-14,M,0110,5,10,P,2,202009,1,133447,11.4
TR93,12,H,17,13,E,0110,1,99,GS-13,K,0110,8,10,F,1,202009,1,113377,13.8
TR93,06,J,17,13,G,0110,1,99,GS-13,M,0110,8,10,F,1,202009,1,137256,21.7
TR93,11,I,21,14,E,0110,1,99,GS-14,M,0110,5,10,F,1,202009,1,137491,11.3
TR93,12,H,21,14,E,0110,1,99,GS-14,N,0110,8,10,F,1,202009,1,145456,13.7
TR93,11,E,13,15,E,0110,1,99,GS-15,O,0110,5,10,F,1,202009,1,156973,11.3
TR93,08,H,13,,E,0110,1,99,IR-FM,O,0110,2,10,F,1,202009,1,153659,11.4
TR93,06,E,17,14,E,0110,1,99,GS-14,O,0110,8,10,F,1,202009,1,157806,11.4
TR93,48,I,17,14,E,0110,1,99,GS-14,M,0110,8,10,F,1,202009,1,131695,11.4
TR93,36,H,13,15,E,0110,1,99,GS-15,P,0110,8,10,F,1,202009,1,166068,11.4
TR93,27,E,13,14,E,0110,1,99,GS-14,M,0110,7,10,F,1,202009,1,135221,11.4
TR93,39,G,21,14,E,0110,1,99,GS-14,M,0110,8,10,F,1,202009,1,133908,11.3
TR93,36,J,17,13,E,0110,1,99,GS-13,L,0110,8,10,F,1,202009,1,126503,11.3
TR93,36,J,17,14,E,0110,1,99,GS-14,L,0110,8,10,F,1,202009,1,126658,11.3
TR93,40,K,21,14,E,0110,1,99,GS-14,L,0110,8,10,F,1,202009,1,125773,11.3
TR93,48,I,21,14,F,0110,1,99,GS-14,N,0110,7,10,F,1,202009,1,144615,16.5
TR93,06,H,17,13,E,0110,1,99,GS-13,L,0110,8,10,F,1,202009,1,122528,11.3
TR93,06,J,21,14,E,0110,1,99,GS-14,Q,0110,8,10,F,1,202009,1,170800,11.2
TR93,48,F,13,13,E,0110,1,99,GS-13,J,0110,8,10,F,1,202009,1,102276,12.3
TR93,11,I,21,14,A,0110,1,99,GS-14,N,0110,5,15,F,1,202009,1,145578,00.9
TR93,27,F,17,12,E,0110,1,99,GS-12,J,0110,8,10,F,1,202009,1,107234,11.1
TR93,11,E,13,14,E,0110,1,99,GS-14,L,0110,5,10,F,1,202009,1,125360,10.9
TR93,11,E,13,13,E,0110,1,99,GS-13,J,0110,8,10,F,1,202009,1,106085,10.8
TR93,06,E,04,13,A,0110,1,99,GS-13,K,0110,8,15,F,1,202009,1,118706,00.8
TR93,11,K,17,14,E,0110,1,99,GS-14,M,0110,8,10,F,1,202009,1,137491,10.6
TR93,42,K,18,14,E,0110,1,99,GS-14,O,0110,8,10,F,1,202009,1,152342,10.5
TR93,37,E,17,13,E,0110,1,99,GS-13,J,0110,8,10,F,1,202009,1,101644,10.4
TR93,06,K,21,14,F,0110,1,99,GS-14,O,0110,8,10,F,1,202009,1,157806,17.3
TR93,25,G,21,14,E,0110,1,99,GS-14,N,0110,8,10,F,1,202009,1,140048,10.3
TR93,11,E,04,13,E,0110,1,99,GS-13,J,0110,8,10,F,1,202009,1,109508,10.1
TR93,11,H,04,12,E,0110,1,99,GS-12,J,0110,8,10,F,1,202009,1,100727,10.1
TR93,25,E,13,13,E,0110,1,99,GS-13,K,0110,8,10,F,1,202009,1,111745,10.0
TR93,13,G,17,13,E,0110,1,99,GS-13,K,0110,8,10,F,1,202009,1,112138,10.0
TR93,48,D,13,14,E,0110,1,99,GS-14,M,0110,8,10,F,1,202009,1,136352,10.0
TR93,36,D,04,13,E,0110,1,99,GS-13,K,0110,8,10,F,1,202009,1,115960,10.0
TR93,17,F,21,14,E,0110,1,99,GS-14,M,0110,8,10,F,1,202009,1,135499,10.0
TR93,11,E,17,13,D,0110,1,99,GS-13,J,0110,8,10,F,1,202009,1,109508,09.8
TR93,11,G,17,15,D,0110,1,99,GS-15,Q,0110,8,10,F,1,202009,1,170800,09.7
TR93,11,D,17,14,D,0110,1,99,GS-14,L,0110,5,10,F,1,202009,1,125360,07.8
TR93,11,H,21,14,E,0110,1,99,GS-14,O,0110,8,10,F,1,202009,1,157709,12.5
TR93,06,G,17,14,D,0110,1,99,GS-14,P,0110,8,10,F,1,202009,1,160041,09.0
TR93,29,E,17,14,D,0110,1,99,GS-14,M,0110,8,10,F,1,202009,1,137943,09.0
TR93,06,I,21,14,D,0110,1,99,GS-14,O,0110,5,10,F,1,202009,1,153423,08.3
TR93,06,G,13,13,D,0110,1,99,GS-13,L,0110,8,10,F,1,202009,1,129836,08.1
TR93,53,G,17,13,D,0110,1,99,GS-13,K,0110,8,10,F,1,202009,1,113268,08.1
TR93,36,E,13,13,D,0110,1,99,GS-13,L,0110,8,10,P,2,202009,1,126503,08.1
TR93,36,F,13,14,D,0110,1,99,GS-14,O,0110,8,10,F,1,202009,1,157787,08.1
TR93,36,E,17,14,D,0110,1,99,GS-14,N,0110,8,10,F,1,202009,1,141179,08.1
TR93,18,G,21,14,D,0110,1,99,GS-14,K,0110,8,10,F,1,202009,1,112332,08.1
TR93,42,J,17,13,E,0110,1,99,GS-13,K,0110,8,10,F,1,202009,1,115700,10.7
TR93,06,E,21,13,D,0110,1,99,GS-13,K,0110,8,10,F,1,202009,1,118074,08.1
TR93,48,G,21,14,D,0110,1,99,GS-14,N,0110,8,10,F,1,202009,1,140483,08.1
TR93,08,E,17,14,D,0110,1,99,GS-14,L,0110,8,10,F,1,202009,1,126081,08.1
TR93,17,F,04,14,C,0110,1,99,GS-14,M,0110,8,15,F,1,202009,1,139484,03.8
TR93,11,D,13,13,D,0110,1,99,GS-13,J,0110,8,10,F,1,202009,1,106085,07.8
TR93,11,D,04,11,C,0110,1,99,GS-11,G,0110,8,15,F,1,202009,1,074431,03.6
TR93,34,C,04,13,D,0110,1,99,GS-13,J,0110,8,15,F,1,202009,1,105417,06.1
TR93,17,F,17,14,D,0110,1,99,GS-14,O,0110,8,10,F,1,202009,1,155424,06.1
TR93,17,J,04,15,D,0110,1,99,GS-15,P,0110,5,10,F,1,202009,1,168764,06.1
TR93,48,D,04,05,D,0110,1,99,GS-05,D,0110,8,10,F,1,202009,1,046262,05.1
TR93,11,D,17,13,D,0110,1,99,GS-13,J,0110,5,10,F,1,202009,1,106085,05.9
TR93,11,C,04,12,D,0110,1,99,GS-12,H,0110,8,10,F,1,202009,1,089213,05.2
TR93,11,G,04,07,C,0110,1,99,GS-07,E,0110,8,10,F,1,202009,1,051914,04.8
TR93,11,F,04,13,C,0110,1,99,GS-13,J,0110,8,10,F,1,202009,1,102663,03.0
TR93,25,D,04,13,C,0110,1,99,GS-13,K,0110,8,15,F,1,202009,1,111745,04.2
TR93,11,E,04,13,C,0110,1,99,GS-13,J,0110,8,10,F,1,202009,1,106085,04.0
TR93,11,C,04,11,B,0110,1,99,GS-11,G,0110,8,15,F,1,202009,1,072030,01.8
TR93,11,B,04,07,A,0110,1,99,GS-07,D,0110,8,35,F,1,202009,1,048670,00.4
TR93,06,K,17,14,H,0110,1,99,GS-14,O,0110,8,10,F,1,202009,1,151835,25.9
TR93,11,H,21,14,B,0110,1,99,GS-14,M,0110,5,15,F,1,202009,1,133447,02.3
TR93,11,C,04,07,A,0110,1,99,GS-07,E,0110,8,15,F,1,202009,1,050292,00.8
TR93,11,C,14,11,B,0110,1,99,GS-11,G,0110,8,35,F,1,202009,1,072030,02.0
TR93,46,G,04,13,B,0110,1,99,GS-13,I,0110,5,15,F,1,202009,1,094272,01.8
TR93,11,E,04,11,B,0110,1,99,GS-11,G,0110,8,15,F,1,202009,1,072030,01.8
TR93,11,C,04,11,B,0110,1,99,GS-11,G,0110,8,15,F,1,202009,1,072030,01.8
TR93,11,G,21,14,B,0110,1,99,GS-14,N,0110,8,15,F,1,202009,1,141534,01.5
TR93,34,E,17,13,B,0110,1,99,GS-13,J,0110,8,15,F,1,202009,1,108931,01.5
TR93,11,F,04,14,B,0110,1,99,GS-14,N,0110,8,15,F,1,202009,1,141534,01.5
TR93,06,E,17,13,A,0110,1,99,GS-13,K,0110,8,15,F,1,202009,1,111286,00.8
TR93,36,H,17,13,B,0110,1,99,GS-13,J,0110,8,15,F,1,202009,1,105417,01.1
TR93,11,D,04,12,B,0110,1,99,GS-12,H,0110,8,15,F,1,202009,1,089213,01.0
TR93,36,I,04,13,A,0110,1,99,GS-13,I,0110,8,15,F,1,202009,1,094575,00.8
TR93,41,I,04,13,A,0110,1,99,GS-13,I,0110,8,15,F,1,202009,1,097360,00.8
TR93,11,D,04,11,A,0110,1,99,GS-11,G,0110,8,15,F,1,202009,1,072030,00.8
TR93,06,E,04,13,A,0110,1,99,GS-13,K,0110,8,15,F,1,202009,1,118074,00.8
TR93,25,H,04,13,A,0110,1,99,GS-13,J,0110,8,15,F,1,202009,1,101585,00.8
TR93,25,D,04,13,A,0110,1,99,GS-13,J,0110,8,15,F,1,202009,1,101585,00.8
TR93,11,C,04,09,A,0110,1,99,GS-09,E,0110,8,15,F,1,202009,1,059534,00.8
TR93,11,C,04,11,A,0110,1,99,GS-11,G,0110,8,15,F,1,202009,1,072030,00.8
TR93,11,C,04,09,A,0110,1,99,GS-09,E,0110,8,15,F,1,202009,1,059534,00.7
TR93,08,E,17,12,A,0110,1,99,GS-12,H,0110,8,15,F,1,202009,1,084118,00.5
TR93,08,E,04,12,A,0110,1,99,GS-12,H,0110,8,15,F,1,202009,1,084118,00.4
TR93,13,C,17,05,A,0110,1,99,GS-05,C,0110,8,35,F,1,202009,1,036786,00.4
TR93,42,G,04,13,A,0110,1,99,GS-13,I,0110,8,15,F,1,202009,1,099170,00.3
TR93,17,K,04,13,A,0110,1,99,GS-13,M,0110,8,15,F,1,202009,1,131532,00.3
TR93,06,E,04,13,A,0110,1,99,GS-13,M,0110,8,15,F,1,202009,1,135440,00.2
TR93,36,D,04,13,A,0110,1,99,GS-13,M,0110,8,15,F,1,202009,1,137045,00.3
TR93,48,D,04,13,A,0110,1,99,GS-13,I,0110,8,15,F,1,202009,1,098336,00.3
TR93,48,D,04,13,A,0110,1,99,GS-13,J,0110,8,15,F,1,202009,1,104898,00.3
TR93,48,D,04,13,A,0110,1,99,GS-13,I,0110,8,15,F,1,202009,1,098336,00.3
TR93,27,G,04,13,A,0110,1,99,GS-13,L,0110,8,15,F,1,202009,1,127512,00.3
TR93,06,C,04,13,A,0110,1,99,GS-13,J,0110,8,15,F,1,202009,1,104182,00.3
TR93,48,D,04,13,A,0110,1,99,GS-13,I,0110,8,15,F,1,202009,1,098336,00.2
TR93,06,I,04,13,A,0110,1,99,GS-13,J,0110,8,15,F,1,202009,1,104182,00.2
TR93,11,D,13,07,A,0110,1,99,GS-07,D,0110,8,35,F,1,202009,1,048670,00.1
TR93,11,B,04,09,A,0110,1,99,GS-09,E,0110,8,35,F,1,202009,1,059534,00.0
TR93,36,H,04,13,A,0110,1,99,GS-13,J,0110,8,15,F,1,202009,1,105417,00.3
TR93,06,F,17,13,E,0110,1,99,GS-13,K,0110,8,10,F,1,202009,1,118706,13.9
TRAJ,11,D,04,,C,0110,1,99,NB-06,Q,0110,8,10,F,1,202009,1,175221,04.1
TRAJ,11,E,13,,C,0110,1,99,NB-04,G,0110,8,10,F,1,202009,1,078254,03.3
TRAJ,11,G,04,,E,0110,1,99,NB-06,T,0110,8,10,F,1,202009,1,202817,12.2
TRAJ,11,I,21,,E,0110,1,99,NB-07,V,0110,2,10,F,1,202009,1,250216,13.0
TRAJ,11,E,13,,F,0110,1,99,NB-06,R,0110,8,10,F,1,202009,1,184652,17.6
TRAJ,11,K,21,,J,0110,1,99,NB-07,W,0110,2,10,F,1,202009,1,270300,37.3
TRAJ,11,I,21,,F,0110,1,99,NB-07,W,0110,8,10,F,1,202009,1,270300,18.5
TRAJ,11,G,21,,F,0110,1,99,NB-08,W,0110,2,10,F,1,202009,1,277600,16.4
TRAJ,11,J,21,,I,0110,1,99,NB-07,V,0110,2,10,F,1,202009,1,252314,30.3
TRAJ,36,G,21,,F,0110,1,99,NB-06,W,0110,8,10,F,1,202009,1,260237,15.9
TRAJ,11,I,04,,G,0110,1,99,NB-08,W,0110,2,10,F,1,202009,1,277600,23.8
TRAJ,11,H,21,,F,0110,1,99,NB-06,T,0110,8,10,F,1,202009,1,212693,15.3
TRAJ,11,D,21,,C,0110,1,99,NB-06,R,0110,8,10,F,1,202009,1,183709,03.4
TRAJ,11,K,21,,F,0110,1,99,NB-06,T,0110,8,10,P,2,202009,1,212861,17.1
TRAJ,11,K,21,,F,0110,1,99,NB-07,W,0110,2,10,F,1,202009,1,270300,16.0
TRAJ,11,F,21,,E,0110,1,99,NB-06,Q,0110,8,10,F,1,202009,1,179485,13.2
TRAJ,11,H,21,,E,0110,1,99,NB-07,W,0110,2,10,F,1,202009,1,261218,14.3
TRAJ,36,K,17,,H,0110,1,99,NB-06,V,0110,8,10,F,1,202009,1,243486,28.8
TRAJ,11,H,21,,F,0110,1,99,NB-07,W,0110,2,10,F,1,202009,1,270300,16.2
TRAJ,11,K,21,,H,0110,1,99,NB-06,R,0110,8,10,F,1,202009,1,189298,25.9
TRAJ,11,E,04,,E,0110,1,99,NB-06,R,0110,8,10,F,1,202009,1,186813,13.1
TRAJ,36,G,21,,E,0110,1,99,NB-06,T,0110,8,10,P,2,202009,1,208687,13.2
TRAJ,11,G,21,,F,0110,1,99,NB-07,W,0110,2,10,F,1,202009,1,270300,19.5
TRAJ,11,G,17,,F,0110,1,99,NB-06,T,0110,8,10,F,1,202009,1,212861,15.2
TRAJ,11,H,21,,F,0110,1,99,NB-07,W,0110,2,10,F,1,202009,1,270300,17.6
TRAJ,11,G,04,,E,0110,1,99,NB-05,P,0110,8,10,F,1,202009,1,165353,14.1
TRAJ,11,K,21,,I,0110,1,99,NB-06,U,0110,8,10,F,1,202009,1,228824,33.3
TRAJ,11,F,17,,E,0110,1,99,NB-07,V,0110,2,10,F,1,202009,1,257152,13.0
TRAJ,11,H,04,,G,0110,1,99,NB-06,T,0110,8,10,F,1,202009,1,219342,23.5
TRAJ,11,J,18,,I,0110,1,99,NB-06,T,0110,8,10,F,1,202009,1,212861,30.8
TRAJ,11,F,21,,E,0110,1,99,NB-07,W,0110,2,10,F,1,202009,1,266280,13.2
TRAJ,11,F,17,,F,0110,1,99,NB-06,M,0110,8,10,F,1,202009,1,132584,17.1
TRAJ,11,F,17,,G,0110,1,99,NB-06,T,0110,8,10,F,1,202009,1,201532,22.8
TRAJ,11,F,21,,E,0110,1,99,NB-07,U,0110,2,10,F,1,202009,1,229841,14.0
TRAJ,11,G,21,,E,0110,1,99,NB-06,U,0110,8,10,F,1,202009,1,228824,12.1
TRAJ,11,G,13,,G,0110,1,99,NB-06,U,0110,8,10,F,1,202009,1,228824,23.2
TRAJ,11,I,21,,H,0110,1,99,NB-07,W,0110,2,10,F,1,202009,1,270300,29.3
TRAJ,11,I,21,,E,0110,1,99,NB-06,T,0110,8,10,F,1,202009,1,212693,11.9
TRAJ,11,G,21,,E,0110,1,99,NB-07,W,0110,2,10,F,1,202009,1,270300,11.3
TRAJ,11,D,13,,E,0110,1,99,NB-06,M,0110,8,10,F,1,202009,1,138200,11.3
TRAJ,11,G,17,,E,0110,1,99,NB-04,I,0110,8,10,F,1,202009,1,091680,14.9
TRAJ,11,F,21,,E,0110,1,99,NB-06,T,0110,8,10,F,1,202009,1,211037,11.1
TRAJ,11,H,21,,E,0110,1,99,NB-06,U,0110,8,10,F,1,202009,1,228824,10.5
TRAJ,11,G,18,,D,0110,1,99,NB-06,R,0110,8,10,F,1,202009,1,185048,06.1
TRAJ,11,I,21,,E,0110,1,99,NB-06,S,0110,8,10,F,1,202009,1,195995,10.3
TRAJ,11,I,13,,E,0110,1,99,NB-06,T,0110,8,10,F,1,202009,1,210326,10.2
TRAJ,11,H,21,,E,0110,1,99,NB-06,U,0110,8,10,F,1,202009,1,228824,10.1
TRAJ,11,D,17,,E,0110,1,99,NB-05,K,0110,8,10,F,1,202009,1,113946,10.1
TRAJ,11,D,21,,C,0110,1,99,NB-05,P,0110,8,10,F,1,202009,1,161221,04.2
TRAJ,11,I,18,,D,0110,1,99,NB-06,U,0110,8,10,F,1,202009,1,228824,09.1
TRAJ,11,F,04,,D,0110,1,99,NB-05,K,0110,8,10,F,1,202009,1,119605,09.1
TRAJ,11,K,21,,C,0110,1,99,NB-06,N,0110,8,10,F,1,202009,1,146244,04.8
TRAJ,11,G,21,,D,0110,1,99,NB-06,T,0110,8,10,F,1,202009,1,212861,08.9
TRAJ,11,I,17,,D,0110,1,99,NB-06,T,0110,8,10,F,1,202009,1,202434,06.9
TRAJ,11,D,04,,D,0110,1,99,NB-06,O,0110,8,10,F,1,202009,1,159817,08.2
TRAJ,11,D,21,,B,0110,1,99,NB-05,P,0110,8,15,F,1,202009,1,164855,02.1
TRAJ,11,F,17,,D,0110,1,99,NB-06,R,0110,8,10,F,1,202009,1,180623,07.8
TRAJ,11,J,17,,D,0110,1,99,NB-06,S,0110,8,10,F,1,202009,1,199642,07.8
TRAJ,11,E,17,,D,0110,1,99,NB-06,Q,0110,8,10,F,1,202009,1,175387,07.8
TRAJ,11,F,04,,D,0110,1,99,NB-04,I,0110,8,10,F,1,202009,1,098460,07.6
TRAJ,11,I,22,,D,0110,1,99,NB-06,T,0110,8,10,F,1,202009,1,212861,07.2
TRAJ,11,E,21,,D,0110,1,99,NB-06,T,0110,8,10,F,1,202009,1,201857,07.1
TRAJ,11,G,21,,D,0110,1,99,NB-06,T,0110,8,10,F,1,202009,1,207782,06.8
TRAJ,11,H,21,,D,0110,1,99,NB-06,T,0110,8,10,F,1,202009,1,217383,06.8
TRAJ,48,E,13,,D,0110,1,99,NB-06,R,0110,8,10,F,1,202009,1,181221,06.2
TRAJ,47,D,17,,D,0110,1,99,NB-05,J,0110,8,10,F,1,202009,1,104552,06.2
TRAJ,11,G,17,,D,0110,1,99,NB-06,R,0110,8,10,F,1,202009,1,183966,06.1
TRAJ,11,F,21,,D,0110,1,99,NB-06,T,0110,8,15,F,1,202009,1,208585,06.0
TRAJ,11,H,04,,D,0110,1,99,NB-06,Q,0110,8,10,F,1,202009,1,179656,05.0
TRAJ,11,D,17,,D,0110,1,99,NB-06,S,0110,8,10,F,1,202009,1,191765,05.2
TRAJ,11,E,17,,D,0110,1,99,NB-06,R,0110,8,10,F,1,202009,1,183379,05.2
TRAJ,11,E,17,,D,0110,1,99,NB-06,R,0110,8,10,F,1,202009,1,184369,05.2
TRAJ,11,F,21,,D,0110,1,99,NB-06,T,0110,8,10,F,1,202009,1,212861,05.1
TRAJ,11,F,17,,D,0110,1,99,NB-06,Q,0110,8,10,F,1,202009,1,173112,05.1
TRAJ,11,F,21,,D,0110,1,99,NB-06,Q,0110,8,10,F,1,202009,1,174381,05.1
TRAJ,11,K,21,,D,0110,1,99,NB-05,O,0110,8,10,F,1,202009,1,153593,05.1
TRAJ,11,F,21,,C,0110,1,99,NB-06,S,0110,8,15,F,1,202009,1,191470,04.9
TRAJ,11,E,17,,D,0110,1,99,NB-06,R,0110,8,10,F,1,202009,1,184165,05.1
TRAJ,11,E,17,,D,0110,1,99,NB-06,R,0110,8,10,F,1,202009,1,180397,05.0
TRAJ,11,E,17,,C,0110,1,99,NB-05,I,0110,8,38,F,1,202009,1,099408,04.9
TRAJ,11,D,04,,C,0110,1,99,NB-05,J,0110,8,10,F,1,202009,1,102669,04.4
TRAJ,11,C,04,,C,0110,1,99,NB-04,G,0110,8,10,F,1,202009,1,078030,04.4
TRAJ,11,C,04,,C,0110,1,99,NB-04,H,0110,8,10,F,1,202009,1,083702,04.0
TRAJ,11,D,21,,C,0110,1,99,NB-06,S,0110,8,10,F,1,202009,1,195336,04.2
TRAJ,11,E,04,,C,0110,1,99,NB-06,Q,0110,8,10,F,1,202009,1,173508,04.2
TRAJ,11,D,21,,C,0110,1,99,NB-06,Q,0110,8,10,F,1,202009,1,179248,04.1
TRAJ,11,E,21,,C,0110,1,99,NB-06,R,0110,8,10,F,1,202009,1,183844,04.0
TRAJ,11,D,21,,C,0110,1,99,NB-06,R,0110,8,10,F,1,202009,1,187714,04.0
TRAJ,11,D,13,,C,0110,1,99,NB-06,Q,0110,8,10,F,1,202009,1,179711,03.2
TRAJ,11,D,21,,C,0110,1,99,NB-05,P,0110,8,10,F,1,202009,1,167136,03.2
TRAJ,11,G,21,,C,0110,1,99,NB-06,S,0110,8,10,F,1,202009,1,196351,03.1
TRAJ,11,D,21,,B,0110,1,99,NB-05,P,0110,8,15,F,1,202009,1,164855,02.1
TRAJ,11,C,21,,B,0110,1,99,NB-05,O,0110,8,15,F,1,202009,1,157005,02.0
TRAJ,11,J,04,,A,0110,1,99,NB-09,Z,0110,2,15,F,1,202009,1,,00.2
TRAJ,11,I,21,,A,0110,1,99,NB-07,W,0110,2,15,F,1,202009,1,270300,00.1
TRAJ,11,G,21,,E,0110,1,99,NB-06,U,0110,8,10,F,1,202009,1,222768,11.8
TRAJ,11,E,17,,D,0110,1,99,NB-05,J,0110,8,10,F,1,202009,1,101525,06.8
TRFD,12,D,17,13,D,0110,1,99,GS-13,K,0110,8,10,F,1,202009,1,110138,08.4
TRFD,48,E,17,14,E,0110,1,99,GS-14,L,0110,8,10,F,1,202009,1,120857,10.3
TRFD,01,E,21,13,D,0110,1,99,GS-13,J,0110,8,10,F,1,202009,1,103673,08.4
TW00,11,I,17,,G,0110,1,ES,ES-**,Q,0110,2,50,F,1,202009,1,179000,20.8
TW00,11,K,21,14,H,0110,1,99,GS-14,O,0110,8,10,F,1,202009,1,157709,26.3
TW00,11,F,21,14,E,0110,1,99,GS-14,N,0110,8,10,F,1,202009,1,141534,11.4
TW00,11,D,17,14,E,0110,1,99,GS-14,N,0110,8,10,F,1,202009,1,141534,10.8
TW00,11,C,13,13,D,0110,1,99,GS-13,J,0110,8,10,F,1,202009,1,102663,05.0
VAAA,11,C,17,13,A,0110,1,99,GS-13,J,0110,8,15,F,1,202009,1,102663,00.7
VAHA,11,K,17,14,J,0110,1,99,GM-14,O,0110,*,10,F,1,202009,1,151593,36.6
VALA,11,E,17,14,D,0110,1,99,GS-14,L,0110,8,15,F,1,202009,1,121316,07.0
VATA,06,G,21,14,E,0110,1,99,GS-14,N,0110,8,48,F,2,202009,1,149040,14.3
VATA,36,J,21,14,E,0110,1,99,GS-14,N,0110,8,10,F,1,202009,1,142479,12.3
