AGYSUB,LOC,AGELVL,EDLVL,GSEGRD,LOSLVL,OCC,PATCO,PPGRD,SALLVL,STEMOCC,SUPERVIS,TOA,WORKSCH,WORKSTAT,DATECODE,EMPLOYMENT,SALARY,LOS
AF0N,51,J,04,13,E,0110,1,GS-13,H,XXXX,8,10,F,1,200309,1,"$89,774",10.8
AG02,11,I,17,15,H,0110,1,GM-15,K,XXXX,2,10,F,1,200309,1,"$118,395",28.5
AG02,36,D,14,,E,0110,1,MA-18,E,XXXX,8,30,F,1,200309,1,"$53,759",10.3
AG02,11,J,10,14,G,0110,1,GS-14,I,XXXX,2,10,F,1,200309,1,"$95,204",23.8
AG02,11,I,17,15,H,0110,1,GS-15,K,XXXX,2,10,F,1,200309,1,"$118,384",29.7
AG02,11,F,13,13,F,0110,1,GS-13,G,XXXX,8,10,F,1,200309,1,"$75,961",15.9
AG02,11,C,17,09,A,0110,1,GS-09,D,XXXX,8,15,F,1,200309,1,"$40,044",0.3
AG02,11,D,13,14,E,0110,1,GS-14,H,XXXX,2,10,F,1,200309,1,"$81,602",10.3
AG02,11,G,13,13,G,0110,1,GM-13,H,XXXX,5,10,F,1,200309,1,"$86,328",24.4
AG02,11,C,13,11,C,0110,1,GS-11,D,XXXX,8,15,F,1,200309,1,"$48,451",3.3
AG02,11,H,13,13,G,0110,1,GS-13,H,XXXX,8,10,F,1,200309,1,"$89,774",24.3
AG02,11,G,17,12,D,0110,1,GS-12,F,XXXX,8,10,F,1,200309,1,"$65,813",5.6
AG02,11,H,21,14,E,0110,1,GS-14,H,XXXX,8,10,F,1,200309,1,"$89,764",10.6
AG02,11,G,17,14,G,0110,1,GS-14,J,XXXX,8,10,F,1,200309,1,"$103,366",24.3
AG02,11,H,21,14,G,0110,1,GS-14,I,XXXX,2,10,F,1,200309,1,"$95,204",20.3
AG02,13,F,21,,C,0110,1,MA-18,F,XXXX,8,30,F,1,200309,1,"$60,883",3.2
AG02,11,E,17,12,D,0110,1,GS-12,F,XXXX,8,10,F,1,200309,1,"$61,942",5.7
AG02,11,D,17,12,D,0110,1,GS-12,F,XXXX,8,10,F,1,200309,1,"$61,942",6.7
AG02,11,F,17,14,E,0110,1,GM-14,I,XXXX,5,10,F,1,200309,1,"$97,925",11.3
AG02,39,E,13,,F,0110,1,MA-19,F,XXXX,8,30,F,1,200309,1,"$62,735",16.3
AG02,11,F,17,13,E,0110,1,GS-13,H,XXXX,8,10,F,1,200309,1,"$80,565",11.3
AG02,11,C,13,13,C,0110,1,GS-13,G,XXXX,8,10,F,1,200309,1,"$71,357",4.8
AG02,27,H,17,,F,0110,1,MA-20,G,XXXX,2,30,F,1,200309,1,"$76,087",18.3
AG02,11,G,17,14,F,0110,1,GS-14,I,XXXX,8,10,F,1,200309,1,"$92,484",16.1
AG02,11,H,17,15,H,0110,1,GS-15,K,XXXX,2,10,F,1,200309,1,"$118,384",27.3
AG02,13,C,17,,C,0110,1,MA-17,E,XXXX,8,30,F,1,200309,1,"$50,149",3.2
AG02,11,F,14,12,F,0110,1,GS-12,F,XXXX,8,10,F,1,200309,1,"$67,749",17.3
AG02,11,G,21,13,C,0110,1,GS-13,F,XXXX,8,10,F,1,200309,1,"$69,054",3.8
AG02,11,F,21,14,B,0110,1,GS-14,H,XXXX,2,15,F,1,200309,1,"$81,602",2.4
AG02,48,F,17,,F,0110,1,MA-19,F,XXXX,8,30,F,1,200309,1,"$62,735",17.3
AG02,11,F,17,12,B,0110,1,GS-12,E,XXXX,8,15,F,1,200309,1,"$58,070",2.5
AG02,27,F,13,,G,0110,1,MA-18,F,XXXX,8,30,F,1,200309,1,"$64,445",22.3
AG02,20,G,17,,G,0110,1,MA-20,G,XXXX,2,30,F,1,200309,1,"$71,847",23.1
AG02,53,F,17,,E,0110,1,MA-20,F,XXXX,2,30,F,1,200309,1,"$67,607",13.3
AG02,27,E,21,,A,0110,1,MA-14,D,XXXX,8,30,F,1,200309,1,"$47,421",0.3
AG02,11,I,21,13,D,0110,1,GS-13,G,XXXX,8,10,F,1,200309,1,"$75,961",6.1
AG02,53,D,14,,D,0110,1,MA-15,D,XXXX,8,30,F,1,200309,1,"$45,980",6.3
AG03,11,E,04,14,E,0110,1,GS-14,H,XXXX,8,10,F,1,200309,1,"$89,764",13.8
AG03,24,F,,13,B,0110,1,GS-13,G,XXXX,8,20,F,2,200309,1,"$71,357",2.8
AG03,24,K,21,15,H,0110,1,GS-15,K,XXXX,8,10,F,1,200309,1,"$118,384",29.5
AG07,11,J,17,13,F,0110,1,GS-13,H,XXXX,8,10,F,1,200309,1,"$82,867",16.5
AG07,55,E,17,12,D,0110,1,GS-12,F,XXXX,8,10,F,1,200309,1,"$65,874",8.7
AG07,27,H,17,13,H,0110,1,GS-13,H,XXXX,2,10,F,1,200309,1,"$82,941",26.9
AG08,29,G,13,13,E,0110,1,GS-13,G,XXXX,8,10,F,1,200309,1,"$74,290",13.5
AG08,29,C,13,11,D,0110,1,GS-11,E,XXXX,8,10,F,1,200309,1,"$52,125",6.9
AG08,29,F,17,09,B,0110,1,GS-09,C,XXXX,8,15,F,1,200309,1,"$39,163",1.3
AG08,29,G,17,13,G,0110,1,GS-13,H,XXXX,8,10,F,1,200309,1,"$81,044",22.6
AG08,29,I,17,13,F,0110,1,GS-13,G,XXXX,8,10,F,1,200309,1,"$76,541",18.4
AG08,29,F,17,14,F,0110,1,GS-14,G,XXXX,8,10,F,1,200309,1,"$79,807",16.9
AG08,29,B,13,07,A,0110,1,GS-07,C,XXXX,8,38,F,1,200309,1,"$32,016",0.3
AG08,29,E,11,13,D,0110,1,GS-13,F,XXXX,8,10,F,1,200309,1,"$67,535",5.3
AG08,29,F,17,14,F,0110,1,GS-14,H,XXXX,8,10,F,1,200309,1,"$85,128",18.8
AG08,29,D,17,12,B,0110,1,GS-12,E,XXXX,8,15,F,1,200309,1,"$56,793",1.0
AG08,11,H,21,14,E,0110,1,GS-14,I,XXXX,8,10,F,1,200309,1,"$92,484",14.5
AG08,29,F,13,13,F,0110,1,GS-13,G,XXXX,8,10,F,1,200309,1,"$76,541",16.6
AG08,11,H,21,13,C,0110,1,GS-13,G,XXXX,8,10,F,1,200309,1,"$78,263",3.3
AG10,11,I,17,13,E,0110,1,GS-13,H,XXXX,8,10,F,1,200309,1,"$80,565",11.8
AG10,11,C,13,11,C,0110,1,GS-11,E,XXXX,8,10,F,1,200309,1,"$54,913",4.1
AG10,11,C,17,12,C,0110,1,GS-12,E,XXXX,8,15,F,1,200309,1,"$58,070",4.9
AG10,11,G,17,15,H,0110,1,GS-15,L,XXXX,2,10,F,1,200309,1,"$124,783",27.1
AG10,11,D,17,12,B,0110,1,GS-12,E,XXXX,8,15,F,1,200309,1,"$58,070",1.1
AG10,11,G,13,13,D,0110,1,GS-13,G,XXXX,8,10,F,1,200309,1,"$78,263",8.3
AG10,11,E,17,09,A,0110,1,GS-09,D,XXXX,8,15,F,1,200309,1,"$40,044",0.8
AG10,11,G,17,13,F,0110,1,GS-13,H,XXXX,8,10,F,1,200309,1,"$85,169",15.3
AG10,11,C,14,12,C,0110,1,GS-12,E,XXXX,8,10,F,1,200309,1,"$58,070",3.3
AG10,11,F,,14,B,0110,1,GS-14,H,XXXX,8,42,F,2,200309,1,"$87,043",2.9
AG10,11,D,13,12,C,0110,1,GS-12,E,XXXX,8,15,F,1,200309,1,"$58,070",4.8
AG10,11,C,17,12,C,0110,1,GS-12,E,XXXX,8,10,F,1,200309,1,"$58,070",3.1
AG10,11,J,21,12,E,0110,1,GS-12,F,XXXX,8,10,F,1,200309,1,"$69,685",11.0
AG10,11,H,17,11,C,0110,1,GS-11,D,XXXX,8,15,F,1,200309,1,"$48,451",4.0
AG10,11,I,17,14,J,0110,1,GS-14,J,XXXX,2,10,F,1,200309,1,"$106,086",37.4
AG10,11,C,,11,A,0110,1,GS-11,D,XXXX,8,42,F,2,200309,1,"$48,451",0.0
AG10,11,C,13,09,B,0110,1,GS-09,D,XXXX,8,15,F,1,200309,1,"$45,383",1.7
AG10,11,C,17,09,A,0110,1,GS-09,D,XXXX,8,30,F,1,200309,1,"$40,044",0.0
AG10,11,F,17,14,F,0110,1,GS-14,I,XXXX,2,10,F,1,200309,1,"$97,925",15.6
AG10,11,C,,07,A,0119,3,GS-07,C,XXXX,8,42,F,2,200309,1,"$32,736",0.3
AG10,11,H,22,14,G,0110,1,GS-14,I,XXXX,8,10,F,1,200309,1,"$97,925",20.8
AG10,11,E,17,12,F,0110,1,GS-12,F,XXXX,8,10,F,1,200309,1,"$60,006",16.3
AG10,11,D,17,12,C,0110,1,GS-12,F,XXXX,8,10,F,1,200309,1,"$61,942",4.5
AG10,11,E,13,13,E,0110,1,GS-13,G,XXXX,8,10,F,1,200309,1,"$75,961",12.4
AG10,11,I,17,13,D,0110,1,GS-13,G,XXXX,8,10,F,1,200309,1,"$71,357",5.3
AG10,11,G,14,15,G,0110,1,GS-15,K,XXXX,8,10,F,1,200309,1,"$118,384",23.3
AG10,11,I,13,13,I,0110,1,GS-13,H,XXXX,8,10,F,1,200309,1,"$89,774",33.6
AG10,11,D,17,12,A,0110,1,GS-12,E,XXXX,8,15,F,1,200309,1,"$58,070",0.7
AG10,11,E,17,13,E,0110,1,GS-13,G,XXXX,8,10,F,1,200309,1,"$71,357",11.2
AG10,11,I,17,14,H,0110,1,GS-14,I,XXXX,2,10,F,1,200309,1,"$97,925",27.4
AG10,11,D,13,09,B,0110,1,GS-09,D,XXXX,8,15,F,1,200309,1,"$41,379",1.7
AG10,11,E,17,14,F,0110,1,GS-14,J,XXXX,8,10,F,1,200309,1,"$103,366",15.0
AG10,11,D,17,12,D,0110,1,GS-12,F,XXXX,8,10,F,1,200309,1,"$60,006",5.7
AG10,11,G,13,13,G,0110,1,GS-13,H,XXXX,8,10,F,1,200309,1,"$89,774",20.8
AG10,11,H,18,15,H,0110,1,GS-15,K,XXXX,8,10,F,1,200309,1,"$118,384",27.0
AG10,11,D,13,11,C,0110,1,GS-11,D,XXXX,8,15,F,1,200309,1,"$48,451",3.3
AG10,11,C,13,13,D,0110,1,GS-13,G,XXXX,8,10,F,1,200309,1,"$71,357",6.8
AG10,11,H,21,13,C,0110,1,GS-13,F,XXXX,8,10,F,1,200309,1,"$69,054",3.9
AG10,11,C,17,12,C,0110,1,GS-12,F,XXXX,8,15,F,1,200309,1,"$60,006",3.9
AG10,11,I,17,13,H,0110,1,GS-13,H,XXXX,8,10,F,1,200309,1,"$89,774",25.2
AG10,11,F,17,13,C,0110,1,GS-13,F,XXXX,8,10,F,1,200309,1,"$69,054",4.8
AG10,11,C,04,12,D,0110,1,GS-12,F,XXXX,8,10,F,1,200309,1,"$60,006",7.4
AG10,11,E,17,14,C,0110,1,GS-14,H,XXXX,8,10,F,1,200309,1,"$81,602",4.8
AG10,11,D,13,13,D,0110,1,GS-13,F,XXXX,8,10,F,1,200309,1,"$69,054",8.0
AG10,11,D,13,13,E,0110,1,GS-13,H,XXXX,8,10,F,1,200309,1,"$82,867",12.3
AG10,11,D,13,12,E,0110,1,GS-12,F,XXXX,8,10,F,1,200309,1,"$65,813",13.6
AG10,11,F,21,13,D,0110,1,GS-13,G,XXXX,8,10,F,1,200309,1,"$73,659",5.1
AG10,11,H,,15,G,0110,1,GS-15,K,XXXX,8,42,F,2,200309,1,"$115,184",22.4
AG10,11,F,,13,D,0110,1,GS-13,H,XXXX,8,42,F,2,200309,1,"$80,565",5.9
AG10,11,F,17,15,F,0110,1,GS-15,J,XXXX,2,10,F,1,200309,1,"$108,785",19.0
AG10,11,E,17,12,D,0110,1,GS-12,G,XXXX,8,10,F,1,200309,1,"$75,492",6.5
AG10,11,H,12,14,E,0110,1,GS-14,I,XXXX,2,10,F,1,200309,1,"$95,204",11.0
AG10,11,C,17,11,B,0110,1,GS-11,E,XXXX,8,15,F,1,200309,1,"$50,067",1.3
AG10,11,D,13,11,C,0110,1,GS-11,E,XXXX,8,15,F,1,200309,1,"$59,760",3.9
AG10,11,C,,12,C,0110,1,GS-12,F,XXXX,8,42,F,2,200309,1,"$60,006",3.1
AG10,11,D,13,12,C,0110,1,GS-12,F,XXXX,8,15,F,1,200309,1,"$61,942",4.9
AG10,11,G,17,13,D,0110,1,GS-13,G,XXXX,8,10,F,1,200309,1,"$71,357",9.0
AG10,11,H,21,15,G,0110,1,GM-15,L,XXXX,2,10,F,1,200309,1,"$124,783",24.7
AG10,11,G,17,14,E,0110,1,GS-14,I,XXXX,8,10,F,1,200309,1,"$92,484",13.4
AG10,11,F,17,12,D,0110,1,GS-12,F,XXXX,8,15,F,1,200309,1,"$60,006",5.1
AG10,11,G,17,13,F,0110,1,GS-13,H,XXXX,8,10,F,1,200309,1,"$89,774",18.8
AG10,11,C,13,09,B,0110,1,GS-09,D,XXXX,8,15,F,1,200309,1,"$40,044",1.3
AG10,11,F,,14,D,0110,1,GS-14,H,XXXX,8,42,P,2,200309,1,"$84,323",6.2
AG10,11,F,13,13,F,0110,1,GS-13,H,XXXX,8,10,S,2,200309,1,"$89,774",17.5
AG10,11,G,17,13,E,0110,1,GS-13,H,XXXX,8,10,P,2,200309,1,"$80,565",13.4
AG10,11,G,17,14,G,0110,1,GS-14,I,XXXX,2,10,F,1,200309,1,"$95,204",22.4
AG10,11,F,17,13,F,0110,1,GS-13,H,XXXX,8,10,F,1,200309,1,"$89,774",18.5
AG10,11,G,17,13,E,0110,1,GS-13,G,XXXX,8,10,F,1,200309,1,"$75,961",12.3
AG10,11,H,17,15,H,0110,1,GS-15,K,XXXX,2,10,F,1,200309,1,"$118,384",26.7
AG10,11,I,17,13,I,0110,1,GS-13,H,XXXX,8,10,F,1,200309,1,"$89,774",32.5
AG10,11,C,09,09,B,0110,1,GS-09,D,XXXX,8,15,F,1,200309,1,"$40,044",1.3
AG10,11,C,17,13,D,0110,1,GS-13,F,XXXX,8,15,F,1,200309,1,"$69,054",6.5
AG10,11,D,17,13,D,0110,1,GS-13,G,XXXX,8,10,F,1,200309,1,"$71,357",5.5
AG10,11,C,13,12,C,0110,1,GS-12,F,XXXX,8,10,F,1,200309,1,"$60,006",4.3
AG10,11,E,17,12,D,0110,1,GS-12,F,XXXX,8,10,F,1,200309,1,"$63,877",6.1
AG10,11,E,13,14,D,0110,1,GS-14,H,XXXX,8,10,F,1,200309,1,"$89,764",9.7
AG10,11,B,17,09,A,0110,1,GS-09,D,XXXX,8,30,F,1,200309,1,"$40,044",0.3
AG10,11,D,13,13,D,0110,1,GS-13,G,XXXX,8,10,F,1,200309,1,"$73,659",5.3
AG10,11,E,13,09,B,0110,1,GS-09,D,XXXX,8,15,F,1,200309,1,"$41,379",1.8
AG10,11,D,13,13,D,0110,1,GS-13,G,XXXX,8,10,F,1,200309,1,"$73,659",8.9
AG10,11,F,18,14,E,0110,1,GS-14,H,XXXX,8,10,F,1,200309,1,"$89,764",14.7
AG10,11,H,,14,G,0110,1,GS-14,J,XXXX,8,42,F,2,200309,1,"$106,086",23.1
AG10,11,H,17,13,H,0110,1,GS-13,H,XXXX,8,38,F,1,200309,1,"$89,774",27.2
AG10,11,C,13,09,A,0110,1,GS-09,D,XXXX,8,15,F,1,200309,1,"$40,044",0.8
AG10,11,J,18,13,J,0110,1,GS-13,H,XXXX,8,10,F,1,200309,1,"$89,774",35.8
AG10,11,H,17,13,E,0110,1,GS-13,G,XXXX,8,10,F,1,200309,1,"$78,263",14.6
AG10,11,C,13,11,C,0110,1,GS-11,D,XXXX,8,15,F,1,200309,1,"$48,451",3.6
AG10,11,H,21,14,B,0110,1,GS-14,H,XXXX,8,15,F,1,200309,1,"$81,602",1.8
AG10,11,C,13,09,B,0110,1,GS-09,D,XXXX,8,15,F,1,200309,1,"$41,379",2.3
AG10,11,I,17,15,H,0110,1,GS-15,K,XXXX,2,10,F,1,200309,1,"$115,184",25.1
AG10,11,F,17,13,E,0110,1,GS-13,H,XXXX,8,10,F,1,200309,1,"$82,867",14.3
AG10,11,G,17,14,G,0110,1,GS-14,I,XXXX,2,10,F,1,200309,1,"$97,925",22.6
AG10,11,H,17,13,F,0110,1,GS-13,H,XXXX,8,10,F,1,200309,1,"$89,774",19.7
AG10,11,C,12,11,C,0110,1,GS-11,D,XXXX,8,15,F,1,200309,1,"$48,451",3.3
AG10,11,F,17,15,G,0110,1,GS-15,L,XXXX,2,10,F,1,200309,1,"$124,783",20.2
AG10,11,C,17,12,D,0110,1,GS-12,E,XXXX,8,15,F,1,200309,1,"$58,070",5.3
AG10,11,F,17,13,E,0110,1,GS-13,H,XXXX,8,10,F,1,200309,1,"$82,867",12.3
AG10,11,D,14,09,D,0110,1,GS-09,D,XXXX,8,10,F,1,200309,1,"$40,044",5.7
AG10,11,I,17,14,H,0110,1,GS-14,J,XXXX,2,10,F,1,200309,1,"$106,086",26.0
AG10,11,G,17,14,E,0110,1,GS-14,I,XXXX,8,10,F,1,200309,1,"$95,204",14.9
AG10,11,F,17,14,F,0110,1,GS-14,H,XXXX,8,10,F,1,200309,1,"$89,764",15.9
AG10,11,E,13,12,D,0110,1,GS-12,F,XXXX,8,10,F,1,200309,1,"$60,006",7.9
AG10,11,G,13,12,B,0110,1,GS-12,F,XXXX,8,15,F,1,200309,1,"$60,006",2.9
AG10,11,F,13,12,C,0110,1,GS-12,F,XXXX,8,10,F,1,200309,1,"$61,942",4.8
AG10,11,H,04,14,I,0110,1,GS-14,J,XXXX,8,10,F,1,200309,1,"$106,086",33.3
AG10,11,F,17,13,E,0110,1,GS-13,H,XXXX,8,10,F,1,200309,1,"$85,169",11.5
AG10,11,G,17,12,D,0110,1,GS-12,F,XXXX,8,10,F,1,200309,1,"$63,877",7.0
AG11,54,G,17,13,E,0110,1,GS-13,G,XXXX,8,10,F,1,200309,1,"$76,097",11.3
AG11,51,I,17,14,I,0110,1,GM-14,J,XXXX,5,10,F,1,200309,1,"$106,086",30.4
AG11,11,H,13,15,H,0110,1,GS-15,K,XXXX,2,10,F,1,200309,1,"$111,985",25.5
AG11,41,I,16,13,H,0110,1,GM-13,H,XXXX,5,10,F,1,200309,1,"$85,343",25.6
AG11,**,D,,09,C,0110,1,GS-09,Z,XXXX,8,20,F,2,200309,1,,3.8
AG11,08,G,21,14,F,0110,1,GS-14,H,XXXX,8,10,F,1,200309,1,"$87,279",17.1
AG11,54,I,17,14,J,0110,1,GS-14,I,XXXX,8,10,F,1,200309,1,"$95,215",35.7
AG11,11,G,17,15,H,0110,1,GM-15,L,XXXX,2,10,F,1,200309,1,"$123,321",25.0
AG11,11,G,21,15,F,0110,1,GS-15,K,XXXX,8,10,F,1,200309,1,"$111,985",19.5
AG11,08,I,21,15,I,0110,1,GS-15,L,XXXX,8,10,F,1,200309,1,"$121,330",33.1
AG11,30,E,,12,A,0110,1,GS-12,E,XXXX,8,42,F,2,200309,1,"$56,463",0.9
AG11,30,C,,05,B,0119,3,GS-05,B,XXXX,8,42,P,2,200309,1,"$25,697",1.3
AG11,13,I,13,13,I,0110,1,GS-13,H,XXXX,8,10,F,1,200309,1,"$86,005",30.9
AG11,54,H,21,14,G,0110,1,GM-14,J,XXXX,2,10,F,1,200309,1,"$100,505",22.7
AG11,55,I,17,14,H,0110,1,GS-14,J,XXXX,8,10,F,1,200309,1,"$103,150",25.8
AG11,08,I,17,13,F,0110,1,GS-13,H,XXXX,8,10,F,1,200309,1,"$82,812",19.1
AG11,30,H,17,13,H,0110,1,GS-13,H,XXXX,8,10,F,1,200309,1,"$87,289",27.8
AG11,55,H,13,13,I,0110,1,GM-13,H,XXXX,5,10,F,1,200309,1,"$88,547",30.8
AG11,08,F,17,13,D,0110,1,GS-13,G,XXXX,8,10,F,1,200309,1,"$76,097",9.1
AG11,55,B,,04,A,0119,3,GS-04,B,XXXX,8,42,F,2,200309,1,"$22,968",0.3
AG11,55,H,11,13,H,0110,1,GS-13,G,XXXX,8,10,F,1,200309,1,"$73,859",29.3
AG11,55,G,21,12,B,0110,1,GS-12,E,XXXX,8,15,F,1,200309,1,"$58,345",2.5
AG11,55,B,,04,B,0119,3,GS-04,B,XXXX,8,42,P,2,200309,1,"$22,968",2.3
AG11,**,G,17,13,E,0110,1,GS-13,Z,XXXX,8,10,F,1,200309,1,,11.3
AG11,08,H,17,13,H,0110,1,GS-13,I,XXXX,8,10,F,1,200309,1,"$91,390",29.3
AG11,11,H,17,14,H,0110,1,GM-14,J,XXXX,5,10,F,1,200309,1,"$103,378",27.5
AG11,11,I,17,15,I,0110,1,GS-15,L,XXXX,2,10,F,1,200309,1,"$121,583",32.4
AG11,30,G,17,13,G,0110,1,GS-13,G,XXXX,8,10,F,1,200309,1,"$73,859",20.5
AG11,30,F,17,12,D,0110,1,GS-12,F,XXXX,8,15,F,1,200309,1,"$62,110",6.1
AG11,41,C,,09,B,0110,1,GS-09,C,XXXX,8,20,F,2,200309,1,"$38,936",1.1
AG11,41,H,21,12,H,0110,1,GS-12,G,XXXX,8,10,F,1,200309,1,"$75,646",25.1
AG11,06,I,18,12,J,0110,1,GS-12,G,XXXX,8,10,F,1,200309,1,"$78,820",35.9
AG11,49,I,18,13,G,0110,1,GM-13,H,XXXX,4,10,F,1,200309,1,"$87,289",24.2
AG11,02,F,,12,B,0110,1,GS-12,E,XXXX,8,48,F,2,200309,1,"$53,225",1.3
AG11,41,H,01,09,I,0110,1,GS-09,E,XXXX,8,10,F,1,200309,1,"$52,164",33.9
AG11,41,E,,12,B,0110,1,GS-12,E,XXXX,8,20,F,2,200309,1,"$56,463",2.6
AG11,**,G,14,13,F,0110,1,GS-13,Z,XXXX,8,10,F,1,200309,1,,16.6
AG11,30,J,18,13,J,0110,1,GS-13,G,XXXX,8,10,F,1,200309,1,"$73,859",35.3
AG11,06,C,17,09,B,0110,1,GS-09,D,XXXX,8,38,P,2,200309,1,"$41,809",2.7
AG11,06,I,20,14,G,0110,1,GS-14,I,XXXX,8,10,F,1,200309,1,"$96,561",23.7
AG15,11,E,13,13,E,0110,1,GS-13,G,XXXX,8,10,F,1,200309,1,"$78,263",11.0
AG16,33,I,13,12,I,0110,1,GS-12,G,XXXX,8,10,F,1,200309,1,"$77,005",31.4
AG16,36,G,17,12,G,0110,1,GS-12,G,XXXX,2,10,F,1,200309,1,"$71,520",20.9
AG16,08,G,17,14,G,0110,1,GS-14,I,XXXX,8,10,F,1,200309,1,"$92,570",22.0
AG16,11,F,17,15,E,0110,1,GS-15,I,XXXX,8,10,F,1,200309,1,"$95,987",11.2
AG16,11,J,21,,I,0110,1,ES-04,N,XXXX,2,50,F,1,200309,1,"$142,500",33.6
AG16,06,I,21,12,E,0110,1,GS-12,G,XXXX,8,10,F,1,200309,1,"$71,970",12.0
AG16,10,H,17,12,H,0110,1,GS-12,G,XXXX,8,10,F,1,200309,1,"$71,520",25.8
AG16,54,F,17,12,E,0110,1,GS-12,F,XXXX,8,10,F,1,200309,1,"$63,992",12.5
AG16,23,D,13,12,E,0110,1,GS-12,F,XXXX,8,10,F,1,200309,1,"$63,992",11.3
AG16,42,B,13,07,B,0110,1,GS-07,C,XXXX,8,15,F,1,200309,1,"$31,830",1.9
AG16,45,H,13,12,H,0110,1,GS-12,G,XXXX,8,10,F,1,200309,1,"$73,403",29.3
AG16,27,C,17,11,B,0110,1,GS-11,D,XXXX,8,15,F,1,200309,1,"$48,494",1.1
AG16,21,I,13,13,H,0110,1,GS-13,H,XXXX,8,10,F,1,200309,1,"$87,289",28.7
AG16,11,F,13,14,F,0110,1,GS-14,H,XXXX,8,10,F,1,200309,1,"$84,323",15.7
AG16,04,H,17,12,G,0110,1,GS-12,F,XXXX,8,10,F,1,200309,1,"$69,638",24.8
AG16,24,H,21,14,F,0110,1,GS-14,H,XXXX,8,15,F,1,200309,1,"$84,323",18.4
AG16,26,H,17,12,F,0110,1,GS-12,F,XXXX,8,10,F,1,200309,1,"$65,874",15.1
AG16,11,J,17,15,I,0110,1,GS-15,L,XXXX,8,10,F,1,200309,1,"$124,783",34.6
AG16,55,H,13,12,H,0110,1,GS-12,G,XXXX,8,10,F,1,200309,1,"$73,403",25.0
AG16,18,D,17,11,C,0110,1,GS-11,D,XXXX,8,15,F,1,200309,1,"$47,201",4.8
AG16,20,E,16,12,E,0110,1,GS-12,F,XXXX,8,10,F,1,200309,1,"$65,874",10.1
AG16,47,D,13,12,E,0110,1,GS-12,F,XXXX,8,10,F,1,200309,1,"$65,874",12.9
AG16,47,I,13,13,J,0110,1,GM-13,H,XXXX,*,10,F,1,200309,1,"$87,289",35.3
AG16,51,G,17,12,G,0110,1,GS-12,G,XXXX,8,10,F,1,200309,1,"$74,159",22.6
AG16,01,J,18,12,J,0110,1,GS-12,G,XXXX,8,10,F,1,200309,1,"$73,403",39.1
AG16,13,F,17,12,E,0110,1,GS-12,F,XXXX,8,10,F,1,200309,1,"$67,756",14.3
AG16,28,D,13,11,D,0110,1,GS-11,D,XXXX,8,10,F,1,200309,1,"$47,110",8.9
AG16,22,G,17,12,F,0110,1,GS-12,F,XXXX,8,10,F,1,200309,1,"$69,638",16.5
AG16,17,E,13,12,F,0110,1,GS-12,F,XXXX,8,10,F,1,200309,1,"$67,985",16.9
AG16,05,E,11,12,F,0110,1,GS-12,F,XXXX,8,10,F,1,200309,1,"$62,110",16.8
AG16,11,F,17,14,G,0110,1,GS-14,I,XXXX,8,10,F,1,200309,1,"$97,925",21.2
AG16,22,I,17,12,I,0110,1,GS-12,G,XXXX,8,10,F,1,200309,1,"$73,403",31.2
AG16,40,E,10,12,E,0110,1,GS-12,F,XXXX,8,10,F,1,200309,1,"$65,874",13.8
AG16,40,J,18,13,J,0110,1,GM-13,H,XXXX,5,10,F,1,200309,1,"$87,289",39.2
AG16,40,B,11,07,B,0110,1,GS-07,C,XXXX,8,15,F,1,200309,1,"$31,830",1.3
AG16,48,G,17,12,H,0110,1,GS-12,G,XXXX,8,10,F,1,200309,1,"$73,403",27.0
AG16,05,H,17,14,I,0110,1,GS-14,H,XXXX,8,10,F,1,200309,1,"$84,634",30.2
AG16,27,D,17,12,D,0110,1,GS-12,E,XXXX,8,15,F,1,200309,1,"$58,122",5.6
AG16,48,G,17,14,G,0110,1,GS-14,H,XXXX,8,10,F,1,200309,1,"$89,925",22.2
AG16,38,F,13,12,F,0110,1,GS-12,F,XXXX,8,10,F,1,200309,1,"$67,756",19.3
AG16,16,H,13,12,G,0110,1,GS-12,F,XXXX,8,10,F,1,200309,1,"$69,638",21.8
AG16,19,F,13,12,F,0110,1,GS-12,F,XXXX,8,10,F,1,200309,1,"$65,874",15.9
AG16,11,H,21,14,F,0110,1,GS-14,J,XXXX,8,10,F,1,200309,1,"$100,645",19.0
AG16,29,C,13,07,C,0110,1,GS-07,C,XXXX,8,10,F,1,200309,1,"$31,830",4.1
AG16,08,J,17,12,J,0110,1,GS-12,G,XXXX,8,10,F,1,200309,1,"$76,851",36.4
AG16,46,F,13,12,F,0110,1,GS-12,F,XXXX,8,10,F,1,200309,1,"$62,110",15.1
AG16,30,H,17,12,I,0110,1,GS-12,G,XXXX,8,10,F,1,200309,1,"$73,403",31.3
AG16,48,G,21,14,F,0110,1,GS-14,I,XXXX,8,10,F,1,200309,1,"$92,570",15.8
AG16,35,D,17,12,C,0110,1,GS-12,F,XXXX,8,15,F,1,200309,1,"$60,227",4.6
AG16,49,F,17,12,A,0110,1,GS-12,E,XXXX,8,15,F,1,200309,1,"$56,463",0.1
AG16,41,F,17,12,F,0110,1,GS-12,G,XXXX,8,10,F,1,200309,1,"$71,766",15.5
AG16,53,J,14,13,I,0110,1,GS-13,H,XXXX,8,10,F,1,200309,1,"$80,574",34.1
AG16,44,E,21,11,A,0110,1,GS-11,D,XXXX,8,15,F,1,200309,1,"$49,422",0.8
AG16,56,I,17,12,F,0110,1,GS-12,F,XXXX,8,10,F,1,200309,1,"$62,110",18.7
AG16,15,G,13,12,G,0110,1,GS-12,F,XXXX,8,10,P,2,200309,1,"$60,093",23.0
AG16,11,H,21,14,E,0110,1,GS-14,I,XXXX,8,10,F,1,200309,1,"$95,204",13.8
AG16,27,B,05,09,D,0110,1,GS-09,D,XXXX,8,15,I,2,200309,1,"$40,080",5.0
AG16,12,D,13,11,D,0110,1,GS-11,D,XXXX,8,15,F,1,200309,1,"$47,110",5.1
AG18,11,H,21,,D,0110,1,ES-04,N,XXXX,2,50,F,1,200309,1,"$142,500",9.1
AG18,11,G,17,14,G,0110,1,GM-14,J,XXXX,5,10,F,1,200309,1,"$104,735",23.1
AG18,11,G,17,13,G,0110,1,GM-13,H,XXXX,5,10,F,1,200309,1,"$86,328",23.6
AG18,11,D,21,13,C,0110,1,GS-13,G,XXXX,8,15,F,1,200309,1,"$75,961",3.9
AG18,11,J,21,15,H,0110,1,GS-15,L,XXXX,2,10,F,1,200309,1,"$121,583",25.3
AG18,11,E,17,13,C,0110,1,GS-13,G,XXXX,8,15,F,1,200309,1,"$75,961",4.7
AG18,11,I,21,13,H,0110,1,GM-13,H,XXXX,5,10,F,1,200309,1,"$89,774",27.8
AG18,11,G,21,14,E,0110,1,GS-14,I,XXXX,8,10,F,1,200309,1,"$92,484",14.0
AG18,11,G,21,14,F,0110,1,GS-14,I,XXXX,8,10,F,1,200309,1,"$92,484",15.1
AG18,11,G,17,14,G,0110,1,GS-14,I,XXXX,8,10,F,1,200309,1,"$95,204",22.7
AG18,11,G,17,13,F,0110,1,GS-13,G,XXXX,8,10,F,1,200309,1,"$78,263",19.0
AG18,11,D,,12,B,0110,1,GS-12,F,XXXX,8,20,F,2,200309,1,"$65,813",1.3
AG18,11,I,21,15,E,0110,1,GS-15,K,XXXX,8,10,F,1,200309,1,"$115,184",12.6
AG18,11,I,21,14,F,0110,1,GS-14,H,XXXX,8,10,F,1,200309,1,"$89,764",15.3
AG18,11,F,21,13,B,0110,1,GS-13,G,XXXX,8,15,F,1,200309,1,"$75,961",2.5
AG18,11,F,17,14,E,0110,1,GS-14,H,XXXX,8,10,I,2,200309,1,"$81,602",12.3
AG18,11,I,17,14,G,0110,1,GS-14,I,XXXX,8,10,F,1,200309,1,"$95,204",23.5
AG18,11,G,17,13,F,0110,1,GS-13,G,XXXX,8,10,F,1,200309,1,"$75,961",18.8
AG18,11,F,17,14,F,0110,1,GS-14,I,XXXX,8,10,F,1,200309,1,"$92,484",19.6
AG18,11,J,21,13,H,0110,1,GS-13,H,XXXX,8,10,F,1,200309,1,"$89,774",28.8
AG18,11,H,17,15,H,0110,1,GM-15,L,XXXX,5,10,F,1,200309,1,"$120,304",28.1
AG18,11,H,17,14,H,0110,1,GS-14,I,XXXX,8,10,F,1,200309,1,"$95,204",27.2
AG18,11,G,17,14,G,0110,1,GS-14,I,XXXX,8,10,F,1,200309,1,"$95,204",23.0
AG18,11,G,17,13,F,0110,1,GS-13,H,XXXX,8,10,F,1,200309,1,"$82,867",18.0
AG18,11,H,18,15,H,0110,1,GM-15,L,XXXX,5,10,F,1,200309,1,"$121,597",26.2
AG18,11,D,21,12,B,0110,1,GS-12,F,XXXX,8,15,F,1,200309,1,"$67,749",2.4
AG18,11,D,,12,A,0110,1,GS-12,F,XXXX,8,20,F,2,200309,1,"$67,749",0.8
AG18,11,F,21,14,D,0110,1,GS-14,H,XXXX,8,15,F,1,200309,1,"$81,602",5.0
AG18,11,G,13,13,G,0110,1,GM-13,H,XXXX,5,10,F,1,200309,1,"$85,169",23.7
AG18,11,I,21,14,H,0110,1,GM-14,J,XXXX,5,10,F,1,200309,1,"$102,389",26.6
AG18,11,K,21,15,I,0110,1,GS-15,L,XXXX,8,10,F,1,200309,1,"$124,783",34.9
AG18,11,H,17,14,H,0110,1,GS-14,I,XXXX,8,10,F,1,200309,1,"$97,925",25.7
AG18,11,H,21,15,F,0110,1,GS-15,K,XXXX,8,10,F,1,200309,1,"$115,184",18.8
AG18,11,I,21,15,F,0110,1,GM-15,L,XXXX,5,10,F,1,200309,1,"$120,439",19.9
AG18,11,I,21,,H,0110,1,ES-04,N,XXXX,2,50,F,1,200309,1,"$142,500",26.1
AG18,11,J,21,13,I,0110,1,GM-13,H,XXXX,5,10,F,1,200309,1,"$89,774",30.8
AG18,11,H,21,15,E,0110,1,GS-15,K,XXXX,2,10,F,1,200309,1,"$118,384",14.2
AG18,11,G,21,15,F,0110,1,GS-15,J,XXXX,8,10,F,1,200309,1,"$105,586",19.8
AG18,11,H,13,13,H,0110,1,GS-13,H,XXXX,8,10,F,1,200309,1,"$82,867",25.9
AG18,11,H,21,15,E,0110,1,GS-15,K,XXXX,2,10,F,1,200309,1,"$115,184",11.7
AG18,11,G,21,14,E,0110,1,GS-14,H,XXXX,8,10,F,1,200309,1,"$89,764",11.0
AG18,11,H,17,13,G,0110,1,GM-13,H,XXXX,5,10,F,1,200309,1,"$86,328",23.7
AG18,11,H,17,13,G,0110,1,GM-13,H,XXXX,5,10,F,1,200309,1,"$86,328",23.8
AG18,11,D,21,13,C,0110,1,GS-13,G,XXXX,8,15,F,1,200309,1,"$75,961",3.8
AG18,11,F,17,15,F,0110,1,GS-15,K,XXXX,8,10,F,1,200309,1,"$115,184",18.0
AG18,11,I,13,15,I,0110,1,GM-15,L,XXXX,2,10,F,1,200309,1,"$124,783",33.3
AG18,11,J,,11,D,0110,1,GS-11,E,XXXX,8,42,P,2,200309,1,"$50,067",9.3
AG18,11,H,17,15,F,0110,1,GS-15,K,XXXX,2,10,F,1,200309,1,"$111,985",19.7
AG18,11,I,21,15,H,0110,1,GS-15,K,XXXX,8,10,F,1,200309,1,"$111,985",29.0
AG18,11,E,17,14,E,0110,1,GS-14,H,XXXX,2,10,F,1,200309,1,"$87,043",11.3
AG18,11,H,13,13,H,0110,1,GS-13,H,XXXX,8,10,F,1,200309,1,"$89,774",28.6
AG18,11,I,17,11,H,0110,1,GS-11,F,XXXX,8,10,F,1,200309,1,"$62,991",25.8
AG18,IN,H,17,15,H,0110,1,GS-15,J,XXXX,8,10,F,1,200309,1,"$102,168",26.5
AG18,11,F,21,13,D,0110,1,GS-13,H,XXXX,8,10,F,1,200309,1,"$85,169",9.4
AG18,11,H,21,13,F,0110,1,GM-13,H,XXXX,5,10,F,1,200309,1,"$86,328",15.3
AG18,11,G,21,14,G,0110,1,GS-14,I,XXXX,8,10,F,1,200309,1,"$92,484",20.6
AG18,11,D,13,13,E,0110,1,GS-13,G,XXXX,8,10,F,1,200309,1,"$75,961",11.0
AG18,11,F,13,13,G,0110,1,GM-13,H,XXXX,5,10,P,2,200309,1,"$82,867",20.2
AG18,11,G,17,13,G,0110,1,GM-13,H,XXXX,5,10,F,1,200309,1,"$89,774",21.0
AG18,11,J,21,14,I,0110,1,GS-14,J,XXXX,8,10,F,1,200309,1,"$100,645",31.8
AG18,11,H,21,14,C,0110,1,GS-14,I,XXXX,8,15,F,1,200309,1,"$95,204",4.9
AG18,11,G,21,13,F,0110,1,GM-13,H,XXXX,5,10,P,2,200309,1,"$82,867",17.3
AG18,11,I,17,15,H,0110,1,GM-15,L,XXXX,5,10,F,1,200309,1,"$120,998",28.6
AG18,11,G,17,13,H,0110,1,GM-13,H,XXXX,5,10,P,2,200309,1,"$88,636",26.6
AG18,11,C,,09,A,0110,1,GS-09,D,XXXX,8,42,F,2,200309,1,"$40,044",0.3
AG18,11,H,17,13,H,0110,1,GM-13,H,XXXX,5,10,F,1,200309,1,"$87,483",29.1
AG18,11,H,21,,G,0110,1,ES-04,N,XXXX,2,50,F,1,200309,1,"$142,500",21.5
AG18,11,G,13,13,G,0110,1,GS-13,H,XXXX,8,10,P,2,200309,1,"$85,169",22.8
AG18,11,E,20,13,C,0110,1,GS-13,G,XXXX,8,15,P,2,200309,1,"$73,659",3.2
AG18,11,F,14,14,F,0110,1,GS-14,H,XXXX,8,10,F,1,200309,1,"$89,764",18.5
AG18,11,F,17,13,E,0110,1,GM-13,H,XXXX,5,10,F,1,200309,1,"$82,867",12.8
AG18,11,G,13,12,H,0110,1,GS-12,G,XXXX,8,10,F,1,200309,1,"$75,492",25.3
AG18,11,E,21,13,C,0110,1,GS-13,G,XXXX,8,15,F,1,200309,1,"$75,961",3.2
AG18,11,H,21,14,E,0110,1,GS-14,I,XXXX,8,10,P,2,200309,1,"$95,204",14.2
AG18,11,H,21,14,F,0110,1,GS-14,I,XXXX,8,10,F,1,200309,1,"$92,484",17.3
AG18,11,G,21,,E,0110,1,ES-06,N,XXXX,2,50,F,1,200309,1,"$142,500",13.7
AG18,11,H,18,13,H,0110,1,GM-13,H,XXXX,5,10,F,1,200309,1,"$86,328",26.3
AG18,11,J,21,14,E,0110,1,GS-14,I,XXXX,8,10,F,1,200309,1,"$95,204",12.3
AG18,11,F,21,15,C,0110,1,GS-15,I,XXXX,2,10,F,1,200309,1,"$95,987",4.3
AG18,11,G,21,13,G,0110,1,GM-13,H,XXXX,5,10,F,1,200309,1,"$86,328",20.0
AG18,11,G,21,14,G,0110,1,GM-14,J,XXXX,5,10,F,1,200309,1,"$104,954",24.1
AG18,11,G,17,14,G,0110,1,GS-14,J,XXXX,8,10,F,1,200309,1,"$100,645",23.4
AG18,11,G,17,14,G,0110,1,GS-14,I,XXXX,8,10,F,1,200309,1,"$92,484",23.6
AG18,11,D,13,13,E,0110,1,GS-13,G,XXXX,8,10,F,1,200309,1,"$75,961",12.5
AG18,11,F,21,14,E,0110,1,GS-14,I,XXXX,8,10,F,1,200309,1,"$92,484",13.6
AG18,11,H,21,15,I,0110,1,GS-15,K,XXXX,2,10,F,1,200309,1,"$115,184",32.3
AG18,11,G,17,13,H,0110,1,GM-13,H,XXXX,5,10,F,1,200309,1,"$88,636",26.4
AG18,11,G,17,14,G,0110,1,GM-14,I,XXXX,5,10,F,1,200309,1,"$99,283",20.5
AG18,11,F,21,14,E,0110,1,GS-14,I,XXXX,8,10,F,1,200309,1,"$92,484",14.9
AG18,11,J,13,13,J,0110,1,GM-13,H,XXXX,5,10,F,1,200309,1,"$87,483",36.2
AG18,11,G,17,15,G,0110,1,GM-15,L,XXXX,5,10,F,1,200309,1,"$120,124",23.2
AG18,11,I,13,12,J,0110,1,GS-12,F,XXXX,8,10,F,1,200309,1,"$65,813",38.3
AG18,11,B,,09,A,0110,1,GS-09,D,XXXX,8,42,F,2,200309,1,"$40,044",0.3
AG18,11,H,21,14,E,0110,1,GS-14,I,XXXX,8,10,P,2,200309,1,"$97,925",12.3
AG18,11,H,21,15,G,0110,1,GS-15,K,XXXX,8,10,F,1,200309,1,"$115,184",24.2
AG18,11,D,,11,A,0110,1,GS-11,D,XXXX,8,42,F,2,200309,1,"$48,451",0.2
AG18,11,J,21,13,E,0110,1,GM-13,H,XXXX,5,10,F,1,200309,1,"$88,631",12.3
AG18,11,E,17,13,B,0110,1,GS-13,F,XXXX,8,15,F,1,200309,1,"$69,054",1.7
AG18,11,E,21,14,D,0110,1,GS-14,H,XXXX,8,10,F,1,200309,1,"$81,602",6.3
AG18,11,J,21,15,I,0110,1,GS-15,K,XXXX,8,10,F,1,200309,1,"$115,184",33.7
AG18,11,G,21,14,F,0110,1,GS-14,I,XXXX,8,10,F,1,200309,1,"$92,484",16.3
AG18,11,F,21,14,E,0110,1,GS-14,I,XXXX,8,10,F,1,200309,1,"$92,484",12.8
AG18,11,D,,12,B,0110,1,GS-12,F,XXXX,8,20,F,2,200309,1,"$67,749",2.3
AG18,11,E,,12,B,0110,1,GS-12,F,XXXX,8,20,F,2,200309,1,"$65,813",1.1
AG18,11,F,22,14,D,0110,1,GS-14,I,XXXX,8,10,F,1,200309,1,"$97,925",6.7
AG18,11,I,17,14,H,0110,1,GM-14,J,XXXX,5,10,F,1,200309,1,"$102,015",29.9
AG18,11,H,18,14,G,0110,1,GS-14,I,XXXX,8,10,F,1,200309,1,"$92,484",21.0
AG18,11,G,17,15,H,0110,1,GS-15,K,XXXX,8,10,F,1,200309,1,"$118,384",25.3
AG18,11,H,21,13,E,0110,1,GM-13,H,XXXX,5,10,F,1,200309,1,"$85,169",14.3
AG18,11,H,18,14,H,0110,1,GS-14,I,XXXX,8,10,F,1,200309,1,"$97,925",26.8
AG18,11,J,21,15,G,0110,1,GS-15,K,XXXX,8,10,F,1,200309,1,"$115,184",24.1
AG18,11,G,17,14,G,0110,1,GS-14,I,XXXX,8,10,F,1,200309,1,"$95,204",21.6
AG18,11,J,21,13,I,0110,1,GM-13,H,XXXX,5,10,F,1,200309,1,"$89,774",34.6
AG18,11,G,21,14,F,0110,1,GS-14,I,XXXX,8,10,F,1,200309,1,"$95,204",16.9
AG18,11,J,21,15,I,0110,1,GM-15,L,XXXX,5,10,F,1,200309,1,"$124,783",33.8
AG18,11,G,21,14,E,0110,1,GS-14,H,XXXX,8,10,F,1,200309,1,"$89,764",14.0
AG18,11,G,21,15,D,0110,1,GS-15,J,XXXX,8,10,F,1,200309,1,"$108,785",9.4
AG18,11,H,21,13,G,0110,1,GM-13,H,XXXX,5,10,F,1,200309,1,"$89,398",24.1
AG18,11,E,21,13,C,0110,1,GS-13,G,XXXX,8,15,F,1,200309,1,"$75,961",4.3
AG18,11,H,14,13,F,0110,1,GS-13,G,XXXX,8,10,F,1,200309,1,"$75,961",18.0
AG18,11,I,21,15,G,0110,1,GS-15,K,XXXX,2,10,F,1,200309,1,"$111,985",24.1
AG18,11,J,21,13,E,0110,1,GM-13,H,XXXX,5,10,F,1,200309,1,"$89,774",13.0
AG18,11,G,21,15,E,0110,1,GS-15,J,XXXX,2,10,F,1,200309,1,"$108,785",10.0
AG18,11,H,21,14,F,0110,1,GM-14,I,XXXX,5,10,F,1,200309,1,"$97,925",16.3
AG18,11,D,21,13,C,0110,1,GS-13,G,XXXX,8,15,F,1,200309,1,"$75,961",4.3
AG18,11,H,21,13,F,0110,1,GS-13,H,XXXX,8,10,F,1,200309,1,"$82,867",15.7
AG18,11,I,21,13,G,0110,1,GM-13,H,XXXX,5,10,F,1,200309,1,"$89,458",23.2
AG18,11,J,21,14,I,0110,1,GS-14,I,XXXX,8,10,F,1,200309,1,"$97,925",33.3
AG18,11,F,21,14,E,0110,1,GS-14,I,XXXX,8,10,F,1,200309,1,"$92,484",14.2
AG18,11,G,21,15,C,0110,1,GS-15,J,XXXX,2,10,F,1,200309,1,"$108,785",3.5
AG18,11,H,17,14,E,0110,1,GS-14,H,XXXX,8,10,F,1,200309,1,"$89,764",14.3
AG18,11,H,21,13,G,0110,1,GM-13,H,XXXX,5,10,F,1,200309,1,"$89,774",23.9
AG18,11,K,21,13,F,0110,1,GS-13,H,XXXX,8,10,F,1,200309,1,"$87,472",18.7
AG18,11,I,21,13,H,0110,1,GM-13,H,XXXX,5,10,F,1,200309,1,"$89,774",25.2
AG18,11,H,21,15,F,0110,1,GS-15,K,XXXX,2,10,F,1,200309,1,"$111,985",19.3
AG18,11,D,,09,A,0110,1,GS-09,D,XXXX,8,42,F,2,200309,1,"$40,044",0.3
AG18,11,J,21,14,I,0110,1,GS-14,J,XXXX,8,10,F,1,200309,1,"$106,086",32.6
AG18,11,I,18,14,H,0110,1,GM-14,J,XXXX,5,10,F,1,200309,1,"$103,543",26.3
AG18,11,G,17,15,G,0110,1,GS-15,J,XXXX,8,10,P,2,200309,1,"$105,586",23.3
AG18,11,J,21,14,H,0110,1,GM-14,J,XXXX,5,10,F,1,200309,1,"$102,261",28.5
AG18,11,I,17,12,H,0110,1,GS-12,G,XXXX,8,10,F,1,200309,1,"$75,492",26.2
AG18,11,I,21,14,I,0110,1,GM-14,J,XXXX,5,10,F,1,200309,1,"$103,533",30.8
AG18,11,E,21,13,C,0110,1,GS-13,G,XXXX,8,15,F,1,200309,1,"$75,961",4.6
AG18,11,F,21,15,F,0110,1,GS-15,K,XXXX,2,10,F,1,200309,1,"$115,184",16.3
AG18,11,G,17,14,F,0110,1,GS-14,I,XXXX,8,10,F,1,200309,1,"$92,484",16.8
AG18,11,H,21,15,G,0110,1,GS-15,L,XXXX,8,10,F,1,200309,1,"$124,783",22.7
AG18,11,K,18,13,J,0110,1,GS-13,H,XXXX,8,10,F,1,200309,1,"$82,867",39.8
AG18,11,J,21,13,F,0110,1,GS-13,H,XXXX,8,10,F,1,200309,1,"$89,774",16.2
AG18,11,H,21,14,G,0110,1,GM-14,J,XXXX,5,10,F,1,200309,1,"$103,159",24.0
AG18,11,F,17,15,F,0110,1,GS-15,K,XXXX,8,10,F,1,200309,1,"$111,985",18.3
AG18,11,F,21,14,D,0110,1,GS-14,H,XXXX,8,10,F,1,200309,1,"$89,764",7.0
AG18,11,G,21,15,B,0110,1,GS-15,K,XXXX,2,15,F,1,200309,1,"$111,985",2.7
AG18,11,G,18,14,H,0110,1,GM-14,I,XXXX,2,10,F,1,200309,1,"$99,008",28.1
AG18,11,G,21,15,F,0110,1,GS-15,J,XXXX,8,10,F,1,200309,1,"$108,785",15.3
AG18,11,I,17,14,F,0110,1,GS-14,I,XXXX,8,10,F,1,200309,1,"$97,925",19.5
AG18,11,I,21,15,H,0110,1,GS-15,J,XXXX,8,10,F,1,200309,1,"$108,785",29.4
AG18,11,H,21,15,H,0110,1,GM-15,L,XXXX,2,10,F,1,200309,1,"$124,783",27.0
AG18,11,I,21,13,G,0110,1,GS-13,H,XXXX,8,10,F,1,200309,1,"$82,867",23.0
AG18,11,J,21,13,G,0110,1,GS-13,H,XXXX,8,10,F,1,200309,1,"$89,774",24.8
AG18,11,B,,07,A,0110,1,GS-07,C,XXXX,8,42,F,2,200309,1,"$32,736",0.3
AG18,11,J,18,15,J,0110,1,GS-15,K,XXXX,8,10,F,1,200309,1,"$111,985",36.0
AG18,11,C,,11,B,0110,1,GS-11,D,XXXX,8,42,F,2,200309,1,"$48,451",1.6
AG18,11,J,18,15,J,0110,1,GS-15,K,XXXX,8,10,F,1,200309,1,"$115,184",35.7
AG18,11,F,21,15,E,0110,1,GS-15,I,XXXX,8,10,F,1,200309,1,"$99,186",10.9
AG18,11,G,17,13,E,0110,1,GM-13,H,XXXX,5,10,F,1,200309,1,"$82,867",14.3
AG18,11,I,21,13,E,0110,1,GM-13,H,XXXX,5,10,F,1,200309,1,"$85,169",14.7
AG18,11,I,20,13,F,0110,1,GM-13,H,XXXX,5,10,F,1,200309,1,"$86,328",16.1
AG18,11,E,17,14,E,0110,1,GS-14,I,XXXX,8,10,F,1,200309,1,"$92,484",14.6
AG18,11,F,17,13,G,0110,1,GS-13,G,XXXX,8,15,F,1,200309,1,"$71,357",20.4
AG18,11,H,18,13,H,0110,1,GM-13,H,XXXX,5,10,F,1,200309,1,"$89,774",25.3
AG18,11,D,,12,A,0110,1,GS-12,F,XXXX,8,20,F,2,200309,1,"$65,813",0.1
AG18,11,F,17,14,D,0110,1,GS-14,H,XXXX,8,10,F,1,200309,1,"$89,764",8.3
AG18,11,E,20,12,D,0110,1,GS-12,F,XXXX,8,15,F,1,200309,1,"$67,749",6.4
AG18,11,D,21,13,C,0110,1,GS-13,G,XXXX,8,15,F,1,200309,1,"$75,961",4.0
AG18,11,I,18,13,H,0110,1,GS-13,H,XXXX,8,10,F,1,200309,1,"$85,169",28.8
AG18,11,E,17,13,E,0110,1,GS-13,G,XXXX,8,10,P,2,200309,1,"$75,961",13.6
AG18,11,F,21,13,C,0110,1,GS-13,G,XXXX,8,15,F,1,200309,1,"$75,961",3.8
AG18,11,I,21,15,G,0110,1,GM-15,L,XXXX,5,10,F,1,200309,1,"$124,783",23.1
AG18,11,G,21,13,E,0110,1,GS-13,H,XXXX,8,10,F,1,200309,1,"$82,867",12.9
AG18,11,H,17,14,G,0110,1,GM-14,I,XXXX,5,10,F,1,200309,1,"$99,282",23.3
AG18,11,F,20,13,C,0110,1,GS-13,G,XXXX,8,15,F,1,200309,1,"$75,961",3.0
AG18,11,I,21,14,G,0110,1,GS-14,I,XXXX,8,10,F,1,200309,1,"$95,204",21.3
AG18,11,J,21,14,I,0110,1,GS-14,I,XXXX,8,10,F,1,200309,1,"$97,925",31.9
AG18,11,J,18,13,H,0110,1,GS-13,H,XXXX,8,10,F,1,200309,1,"$82,867",27.2
AG18,11,I,21,15,F,0110,1,GS-15,J,XXXX,8,10,F,1,200309,1,"$108,785",19.9
AG18,11,H,21,13,E,0110,1,GM-13,H,XXXX,5,10,F,1,200309,1,"$85,169",13.9
AG18,11,H,21,15,E,0110,1,GS-15,J,XXXX,8,10,F,1,200309,1,"$108,785",13.6
AG18,11,K,18,13,J,0110,1,GM-13,H,XXXX,5,10,F,1,200309,1,"$89,774",41.9
AG18,11,K,21,14,J,0110,1,GM-14,J,XXXX,5,10,F,1,200309,1,"$106,086",40.8
AG18,11,J,21,14,I,0110,1,GS-14,J,XXXX,8,10,F,1,200309,1,"$106,086",33.3
AG18,11,J,21,14,I,0110,1,GS-14,I,XXXX,8,10,F,1,200309,1,"$97,925",34.0
AG18,11,H,21,15,F,0110,1,GS-15,K,XXXX,2,10,F,1,200309,1,"$111,985",17.8
AG18,11,F,21,14,E,0110,1,GS-14,H,XXXX,8,10,F,1,200309,1,"$89,764",11.0
AG18,11,I,22,14,H,0110,1,GM-14,J,XXXX,5,10,F,1,200309,1,"$100,865",28.8
AG18,11,H,17,14,H,0110,1,GS-14,J,XXXX,8,10,F,1,200309,1,"$103,366",29.3
AG18,11,G,18,14,F,0110,1,GS-14,I,XXXX,8,10,F,1,200309,1,"$97,925",19.6
AG18,11,F,,13,C,0110,1,GS-13,H,XXXX,8,20,F,2,200309,1,"$82,867",3.2
AG18,11,H,21,13,F,0110,1,GM-13,H,XXXX,5,10,F,1,200309,1,"$86,328",18.3
AG18,11,F,17,14,F,0110,1,GS-14,I,XXXX,8,10,F,1,200309,1,"$92,484",18.5
AG18,11,H,17,13,G,0110,1,GM-13,H,XXXX,5,10,F,1,200309,1,"$86,328",20.5
AG18,11,E,21,13,D,0110,1,GS-13,G,XXXX,8,10,F,1,200309,1,"$75,961",5.1
AG18,11,G,21,14,F,0110,1,GM-14,I,XXXX,5,10,F,1,200309,1,"$97,925",18.8
AG18,11,J,21,,J,0110,1,SL-00,N,XXXX,8,10,F,1,200309,1,"$142,500",37.1
AG18,11,E,21,13,D,0110,1,GS-13,G,XXXX,8,15,F,1,200309,1,"$73,659",5.0
AG18,11,I,18,14,I,0110,1,GM-14,J,XXXX,5,10,F,1,200309,1,"$106,086",34.9
AG18,11,J,21,14,J,0110,1,GM-14,J,XXXX,5,10,F,1,200309,1,"$106,086",37.3
AG18,11,I,21,14,J,0110,1,GM-14,J,XXXX,5,10,F,1,200309,1,"$105,481",35.5
AG18,11,F,21,13,C,0110,1,GS-13,G,XXXX,8,15,F,1,200309,1,"$75,961",3.8
AG18,11,F,17,14,E,0110,1,GS-14,H,XXXX,8,10,F,1,200309,1,"$84,323",11.7
AG18,11,K,18,13,H,0110,1,GM-13,H,XXXX,5,10,F,1,200309,1,"$86,328",27.1
AG18,11,G,17,14,G,0110,1,GS-14,I,XXXX,8,10,F,1,200309,1,"$92,484",21.3
AG18,11,J,21,15,I,0110,1,GS-15,L,XXXX,8,10,F,1,200309,1,"$124,783",33.9
AG18,11,H,21,14,G,0110,1,GS-14,I,XXXX,8,10,F,1,200309,1,"$97,925",22.8
AG18,11,K,18,13,J,0110,1,GS-13,H,XXXX,8,10,F,1,200309,1,"$82,867",40.8
AG18,11,G,13,13,G,0110,1,GS-13,H,XXXX,8,10,F,1,200309,1,"$82,867",23.7
AG18,11,C,,11,B,0110,1,GS-11,D,XXXX,8,42,F,2,200309,1,"$48,451",1.3
AG18,11,K,21,14,J,0110,1,GM-14,J,XXXX,5,10,F,1,200309,1,"$106,086",38.6
AG18,11,I,21,14,F,0110,1,GM-14,J,XXXX,5,10,F,1,200309,1,"$100,645",19.3
AG18,11,G,22,15,F,0110,1,GS-15,J,XXXX,2,10,F,1,200309,1,"$108,785",18.1
AG18,11,F,21,13,C,0110,1,GS-13,G,XXXX,8,15,F,1,200309,1,"$73,659",4.6
AG18,11,G,21,15,E,0110,1,GS-15,J,XXXX,2,10,F,1,200309,1,"$105,586",14.7
AG18,11,G,17,14,G,0110,1,GS-14,I,XXXX,8,10,F,1,200309,1,"$92,484",23.0
AG18,11,H,21,15,F,0110,1,GS-15,K,XXXX,8,10,F,1,200309,1,"$115,184",19.2
AG18,11,G,21,14,D,0110,1,GS-14,I,XXXX,8,10,F,1,200309,1,"$92,484",7.6
AG18,11,H,17,12,H,0110,1,GS-12,G,XXXX,8,10,F,1,200309,1,"$75,492",25.9
AG18,11,J,21,14,H,0110,1,GM-14,J,XXXX,5,10,F,1,200309,1,"$102,012",26.8
AG18,11,F,21,15,D,0110,1,GS-15,J,XXXX,2,10,F,1,200309,1,"$108,785",6.6
AG18,11,H,21,14,E,0110,1,GS-14,J,XXXX,8,10,F,1,200309,1,"$103,366",12.5
AG18,11,H,21,14,F,0110,1,GS-14,I,XXXX,8,10,F,1,200309,1,"$95,204",16.7
AG18,11,D,20,13,C,0110,1,GS-13,G,XXXX,8,15,F,1,200309,1,"$73,659",3.1
AG18,11,H,17,13,G,0110,1,GM-13,H,XXXX,5,10,F,1,200309,1,"$86,328",23.3
AG18,11,E,17,13,E,0110,1,GS-13,H,XXXX,8,10,P,2,200309,1,"$82,867",14.0
AG18,11,K,22,14,H,0110,1,GS-14,I,XXXX,8,10,F,1,200309,1,"$97,925",28.3
AG18,11,H,21,14,G,0110,1,GS-14,I,XXXX,8,10,F,1,200309,1,"$95,204",20.3
AG18,11,E,21,13,C,0110,1,GS-13,G,XXXX,8,15,F,1,200309,1,"$73,659",3.1
AG18,11,G,21,15,E,0110,1,GS-15,K,XXXX,8,10,F,1,200309,1,"$111,985",13.5
AG18,11,H,17,13,H,0110,1,GM-13,H,XXXX,5,10,F,1,200309,1,"$85,181",26.9
AG18,11,E,21,13,C,0110,1,GS-13,G,XXXX,8,15,F,1,200309,1,"$75,961",3.8
AG18,11,H,21,15,G,0110,1,GS-15,J,XXXX,8,10,F,1,200309,1,"$108,785",21.9
AG18,11,H,21,12,G,0110,1,GS-12,G,XXXX,8,10,F,1,200309,1,"$73,556",21.4
AG18,11,H,21,13,E,0110,1,GS-13,H,XXXX,8,10,F,1,200309,1,"$82,867",11.7
AG18,11,J,22,15,G,0110,1,GS-15,K,XXXX,8,10,F,1,200309,1,"$111,985",24.2
AG18,11,E,21,13,D,0110,1,GS-13,G,XXXX,8,15,F,1,200309,1,"$71,357",5.1
AG18,11,J,18,13,J,0110,1,GS-13,H,XXXX,8,10,F,1,200309,1,"$89,774",37.0
AG18,11,H,21,15,F,0110,1,GM-15,L,XXXX,2,10,F,1,200309,1,"$124,783",19.4
AG18,11,F,21,15,E,0110,1,GS-15,I,XXXX,8,10,F,1,200309,1,"$95,987",12.2
AG18,11,F,21,13,E,0110,1,GS-13,G,XXXX,8,10,F,1,200309,1,"$75,961",11.0
AG18,11,J,21,15,H,0110,1,GS-15,K,XXXX,8,10,F,1,200309,1,"$115,184",26.8
AG18,11,I,19,13,G,0110,1,GS-13,H,XXXX,8,10,F,1,200309,1,"$87,472",23.6
AG18,11,I,21,15,I,0110,1,GM-15,L,XXXX,2,10,F,1,200309,1,"$124,763",34.9
AG18,11,I,21,14,F,0110,1,GM-14,J,XXXX,5,10,F,1,200309,1,"$100,504",15.8
AG18,11,F,18,13,E,0110,1,GM-13,H,XXXX,5,10,F,1,200309,1,"$82,867",14.3
AG18,11,K,21,13,G,0110,1,GM-13,H,XXXX,5,10,F,1,200309,1,"$89,774",24.6
AG18,11,F,17,13,E,0110,1,GS-13,G,XXXX,8,10,F,1,200309,1,"$75,961",13.8
AG18,11,H,12,12,H,0110,1,GS-12,F,XXXX,8,10,F,1,200309,1,"$61,942",28.0
AG18,11,I,12,12,G,0110,1,GS-12,G,XXXX,8,10,F,1,200309,1,"$75,492",24.9
AG18,11,G,21,14,F,0110,1,GS-14,I,XXXX,8,10,F,1,200309,1,"$95,204",16.8
AG18,11,G,21,15,E,0110,1,GS-15,J,XXXX,2,10,F,1,200309,1,"$105,586",12.8
AG18,11,G,17,11,G,0110,1,GS-11,F,XXXX,8,10,F,1,200309,1,"$62,991",24.2
AG18,11,F,21,12,C,0110,1,GS-12,F,XXXX,8,15,F,1,200309,1,"$67,749",3.7
AG18,11,C,,07,A,0110,1,GS-07,C,XXXX,8,42,F,2,200309,1,"$32,736",0.3
AG18,11,D,,12,B,0110,1,GS-12,G,XXXX,8,20,F,2,200309,1,"$71,620",1.0
AG18,11,C,,12,B,0110,1,GS-12,F,XXXX,8,20,F,2,200309,1,"$65,813",2.3
AG22,47,G,,15,A,0110,1,GS-15,I,XXXX,8,40,I,2,200309,1,"$93,330",0.7
AG30,51,F,21,13,F,0110,1,GS-13,H,XXXX,8,10,F,1,200309,1,"$89,774",15.9
AG30,51,G,17,12,D,0110,1,GS-12,F,XXXX,8,10,F,1,200309,1,"$63,877",5.2
AG30,51,E,21,13,C,0110,1,GS-13,G,XXXX,8,10,F,1,200309,1,"$75,961",4.2
AG30,51,I,21,14,F,0110,1,GS-14,J,XXXX,2,10,F,1,200309,1,"$106,086",18.4
AG32,11,H,17,14,H,0110,1,GM-14,J,XXXX,5,10,F,1,200309,1,"$103,615",25.8
AG32,11,G,17,14,F,0110,1,GS-14,I,XXXX,8,10,F,1,200309,1,"$92,484",15.3
AG32,11,I,21,14,H,0110,1,GM-14,J,XXXX,5,10,F,1,200309,1,"$106,086",29.6
AG32,11,H,17,13,H,0110,1,GM-13,H,XXXX,5,10,F,1,200309,1,"$89,774",26.0
AG32,11,F,17,13,F,0110,1,GM-13,H,XXXX,5,10,P,2,200309,1,"$86,328",18.5
AG32,11,C,17,11,A,0110,1,GS-11,D,XXXX,8,15,F,1,200309,1,"$48,451",0.8
AG32,11,F,17,13,E,0110,1,GS-13,H,XXXX,8,10,F,1,200309,1,"$80,565",13.3
AG32,11,I,17,13,H,0110,1,GM-13,H,XXXX,5,10,F,1,200309,1,"$88,787",25.3
AG32,11,I,21,15,H,0110,1,GM-15,L,XXXX,2,10,F,1,200309,1,"$121,675",27.9
AG32,11,G,17,13,G,0110,1,GM-13,H,XXXX,5,10,F,1,200309,1,"$82,867",20.7
AG32,11,F,17,14,F,0110,1,GM-14,I,XXXX,5,10,F,1,200309,1,"$97,925",17.7
AG32,11,F,17,13,F,0110,1,GS-13,H,XXXX,8,10,F,1,200309,1,"$80,565",15.8
AG32,11,J,14,13,J,0110,1,GS-13,H,XXXX,8,10,F,1,200309,1,"$89,774",38.0
AG32,11,G,04,14,G,0110,1,GM-14,J,XXXX,5,10,F,1,200309,1,"$102,015",22.7
AG32,11,H,17,14,H,0110,1,GM-14,J,XXXX,5,10,F,1,200309,1,"$102,013",26.3
AG32,11,G,17,14,G,0110,1,GM-14,J,XXXX,5,10,F,1,200309,1,"$100,645",23.8
AG32,11,J,21,13,F,0110,1,GS-13,H,XXXX,8,10,F,1,200309,1,"$89,774",18.3
AG32,11,H,17,15,H,0110,1,GM-15,L,XXXX,2,10,F,1,200309,1,"$122,515",25.0
AG32,11,J,21,15,J,0110,1,GM-15,L,XXXX,2,10,F,1,200309,1,"$124,783",36.9
AG32,11,H,01,12,I,0110,1,GS-12,F,XXXX,8,10,F,1,200309,1,"$65,813",32.9
AG32,11,G,21,13,F,0110,1,GM-13,H,XXXX,5,10,F,1,200309,1,"$82,867",19.3
AG34,24,I,17,13,H,0110,1,GS-13,H,XXXX,8,10,F,1,200309,1,"$89,774",29.0
AG34,08,F,17,15,F,0110,1,GS-15,J,XXXX,2,10,F,1,200309,1,"$102,664",19.4
AG34,08,F,21,14,E,0110,1,GS-14,I,XXXX,8,10,F,1,200309,1,"$95,215",12.4
AG34,24,E,17,13,D,0110,1,GM-13,G,XXXX,5,10,F,1,200309,1,"$73,659",8.5
AG34,24,B,11,09,B,0110,1,GS-09,D,XXXX,8,15,F,1,200309,1,"$40,044",1.0
AG34,24,E,21,12,A,0110,1,GS-12,E,XXXX,8,15,F,1,200309,1,"$58,070",0.8
AG34,08,H,17,14,E,0110,1,GS-14,H,XXXX,8,10,F,1,200309,1,"$89,925",13.1
AG34,37,H,17,14,G,0110,1,GS-14,H,XXXX,8,10,F,1,200309,1,"$84,634",24.0
AG34,24,I,17,13,E,0110,1,GS-13,H,XXXX,8,10,F,1,200309,1,"$82,867",12.5
AG34,08,J,21,13,G,0110,1,GS-13,H,XXXX,8,10,F,1,200309,1,"$82,812",22.5
AG34,08,G,17,13,F,0110,1,GS-13,H,XXXX,8,15,F,1,200309,1,"$80,574",19.0
AG34,24,G,17,12,D,0110,1,GS-12,F,XXXX,8,10,F,1,200309,1,"$65,813",5.5
AG34,24,E,17,13,E,0110,1,GM-13,G,XXXX,5,10,F,1,200309,1,"$78,263",11.7
AG34,08,D,21,11,A,0110,1,GS-11,D,XXXX,8,15,F,1,200309,1,"$47,110",0.2
AG34,24,D,17,13,B,0110,1,GM-13,G,XXXX,5,15,F,1,200309,1,"$71,357",2.7
AG34,24,H,17,14,G,0110,1,GM-14,J,XXXX,5,10,F,1,200309,1,"$102,013",22.9
AG34,24,H,21,14,E,0110,1,GS-14,I,XXXX,8,10,F,1,200309,1,"$97,925",11.8
AG34,08,F,21,13,E,0110,1,GM-13,H,XXXX,5,10,P,2,200309,1,"$82,812",13.8
AG34,08,D,17,11,B,0110,1,GS-11,D,XXXX,8,15,F,1,200309,1,"$47,110",2.9
AG34,24,G,18,14,F,0110,1,GM-14,I,XXXX,2,10,F,1,200309,1,"$97,925",15.5
AG36,11,G,21,12,C,0110,1,GS-12,G,XXXX,8,15,F,1,200309,1,"$71,620",3.3
AG36,11,I,21,15,H,0110,1,GM-15,L,XXXX,2,10,F,1,200309,1,"$124,783",29.4
AG36,11,H,17,13,C,0110,1,GS-13,H,XXXX,8,10,F,1,200309,1,"$89,774",3.8
AG36,11,G,21,14,D,0110,1,GS-14,H,XXXX,8,10,F,1,200309,1,"$89,764",7.7
AG36,11,H,17,14,B,0110,1,GS-14,I,XXXX,8,15,F,1,200309,1,"$97,925",2.5
AG36,13,I,21,14,C,0110,1,GS-14,H,XXXX,2,10,F,1,200309,1,"$88,259",4.1
AG36,13,C,17,12,C,0110,1,GS-12,E,XXXX,8,10,F,1,200309,1,"$57,097",3.6
AG36,11,I,21,14,H,0110,1,GS-14,I,XXXX,8,10,F,1,200309,1,"$97,925",26.0
AG36,19,C,17,11,C,0110,1,GS-11,E,XXXX,8,10,F,1,200309,1,"$50,252",3.3
AG36,13,F,17,12,C,0110,1,GS-12,F,XXXX,8,10,F,1,200309,1,"$66,613",3.0
AG36,19,G,21,13,C,0110,1,GS-13,F,XXXX,8,10,F,1,200309,1,"$69,382",3.7
AG36,19,E,18,13,D,0110,1,GS-13,F,XXXX,8,10,F,1,200309,1,"$67,143",5.1
AG36,19,F,21,14,E,0110,1,GS-14,H,XXXX,2,10,F,1,200309,1,"$89,925",13.3
AG36,08,H,17,11,C,0110,1,GS-11,E,XXXX,8,15,F,1,200309,1,"$54,258",4.1
AG36,08,C,17,13,C,0110,1,GS-13,G,XXXX,8,10,F,1,200309,1,"$70,298",4.6
AG36,08,F,17,11,B,0110,1,GS-11,E,XXXX,8,15,F,1,200309,1,"$50,968",1.3
AG36,11,F,21,14,D,0110,1,GS-14,H,XXXX,8,10,F,1,200309,1,"$89,764",8.8
AG36,11,I,21,14,B,0110,1,GS-14,J,XXXX,2,15,F,1,200309,1,"$106,086",1.1
AG36,11,H,21,14,C,0110,1,GS-14,H,XXXX,8,15,F,1,200309,1,"$81,602",3.2
AG37,11,H,18,14,H,0110,1,GS-14,I,XXXX,8,10,F,1,200309,1,"$92,484",27.3
AG37,11,G,12,14,G,0110,1,GS-14,I,XXXX,8,10,F,1,200309,1,"$92,484",20.5
AG37,11,B,12,07,C,0110,1,GS-07,C,XXXX,8,15,F,1,200309,1,"$32,736",4.3
AG37,11,H,20,15,H,0110,1,GM-15,L,XXXX,5,10,F,1,200309,1,"$124,783",26.8
AG37,11,J,15,14,D,0110,1,GS-14,H,XXXX,8,10,F,1,200309,1,"$87,043",7.5
AG37,11,G,17,14,G,0110,1,GS-14,J,XXXX,8,10,F,1,200309,1,"$100,645",23.3
AG37,11,K,21,14,G,0110,1,GS-14,J,XXXX,8,10,F,1,200309,1,"$106,086",21.2
AG38,11,H,17,15,H,0110,1,GM-15,K,XXXX,5,10,F,1,200309,1,"$119,597",26.3
AG38,11,I,21,,H,0110,1,ES-06,N,XXXX,2,50,F,1,200309,1,"$142,500",27.3
AG38,11,E,21,13,B,0110,1,GS-13,H,XXXX,8,15,F,1,200309,1,"$82,867",2.0
AG38,11,G,12,15,G,0110,1,GS-15,J,XXXX,8,10,F,1,200309,1,"$108,785",23.3
AG38,11,E,17,,E,0110,1,ES-03,N,XXXX,2,50,F,1,200309,1,"$142,500",12.4
AG38,11,H,13,11,H,0110,1,GS-11,F,XXXX,8,10,F,1,200309,1,"$62,991",28.6
AG38,11,I,21,,I,0110,1,ES-05,N,XXXX,2,50,F,1,200309,1,"$142,500",32.8
AG38,11,H,21,,G,0110,1,ES-01,M,XXXX,8,50,F,1,200309,1,"$131,342",24.4
AG38,11,H,21,,H,0110,1,ES-03,N,XXXX,8,50,F,1,200309,1,"$142,500",25.6
AG38,11,H,18,15,F,0110,1,GS-15,J,XXXX,8,10,F,1,200309,1,"$105,586",18.2
AG38,11,F,17,14,E,0110,1,GS-14,H,XXXX,8,10,F,1,200309,1,"$89,764",12.7
AG38,11,G,13,15,H,0110,1,GS-15,K,XXXX,8,10,F,1,200309,1,"$118,384",27.7
AG38,11,G,17,15,F,0110,1,GS-15,J,XXXX,8,10,F,1,200309,1,"$108,785",18.8
AG38,11,H,21,15,H,0110,1,GM-15,L,XXXX,5,10,F,1,200309,1,"$124,783",26.1
AG38,11,G,21,,G,0110,1,SL-00,N,XXXX,8,10,F,1,200309,1,"$142,500",20.7
AG38,11,I,17,15,I,0110,1,GM-15,L,XXXX,5,10,F,1,200309,1,"$123,196",30.8
AG38,11,H,17,15,H,0110,1,GS-15,K,XXXX,8,10,F,1,200309,1,"$115,184",25.3
AG38,11,H,14,15,H,0110,1,GM-15,L,XXXX,5,10,F,1,200309,1,"$120,817",27.7
AG38,11,K,21,15,E,0110,1,GS-15,K,XXXX,8,10,F,1,200309,1,"$111,985",10.2
AG38,11,K,21,15,H,0110,1,GM-15,L,XXXX,5,10,F,1,200309,1,"$121,405",29.2
AG38,11,G,21,15,F,0110,1,GS-15,J,XXXX,8,10,F,1,200309,1,"$108,785",16.3
AG38,11,J,21,15,E,0110,1,GS-15,J,XXXX,2,10,F,1,200309,1,"$105,586",14.7
AG38,11,H,21,14,F,0110,1,GM-14,I,XXXX,2,10,F,1,200309,1,"$97,925",16.9
AGDA,11,G,21,14,F,0110,1,GS-14,I,XXXX,8,10,F,1,200309,1,"$95,204",16.7
AGFA,11,H,17,14,G,0110,1,GS-14,J,XXXX,8,10,F,1,200309,1,"$106,086",22.8
AGFA,11,I,21,15,H,0110,1,GS-15,L,XXXX,2,10,F,1,200309,1,"$124,783",28.6
AGFA,11,H,21,14,F,0110,1,GS-14,J,XXXX,8,10,F,1,200309,1,"$100,645",17.5
AGFA,11,I,13,13,I,0110,1,GS-13,H,XXXX,8,10,F,1,200309,1,"$89,774",31.1
AGFA,11,H,21,15,H,0110,1,GS-15,K,XXXX,2,10,F,1,200309,1,"$115,184",25.2
AGFA,11,G,17,15,G,0110,1,GS-15,J,XXXX,2,10,F,1,200309,1,"$108,785",22.7
AGFA,11,I,17,15,I,0110,1,GS-15,K,XXXX,2,10,F,1,200309,1,"$115,184",33.6
AGFA,11,I,17,14,G,0110,1,GS-14,J,XXXX,8,10,F,1,200309,1,"$100,645",20.3
AGFA,11,C,17,13,D,0110,1,GS-13,F,XXXX,8,10,F,1,200309,1,"$69,054",6.5
AGFA,11,G,21,14,F,0110,1,GS-14,I,XXXX,8,10,F,1,200309,1,"$92,484",15.3
AGFA,11,I,14,13,H,0110,1,GS-13,H,XXXX,8,10,F,1,200309,1,"$82,867",27.4
AGFA,11,I,17,13,H,0110,1,GS-13,H,XXXX,8,10,F,1,200309,1,"$89,774",29.7
AGFA,11,F,21,14,E,0110,1,GS-14,J,XXXX,8,10,F,1,200309,1,"$100,645",14.8
AGFA,11,I,18,14,H,0110,1,GS-14,J,XXXX,8,10,F,1,200309,1,"$100,645",26.3
AGFA,11,G,21,14,D,0110,1,GS-14,H,XXXX,8,10,F,1,200309,1,"$89,764",9.3
AGFA,11,G,17,15,G,0110,1,GM-15,L,XXXX,2,10,F,1,200309,1,"$123,636",21.8
AGFA,11,F,17,14,F,0110,1,GS-14,I,XXXX,8,10,F,1,200309,1,"$95,204",17.7
AGFA,11,E,13,14,E,0110,1,GS-14,I,XXXX,8,10,F,1,200309,1,"$95,204",14.0
AGFA,11,G,21,14,E,0110,1,GS-14,I,XXXX,8,10,F,1,200309,1,"$92,484",12.8
AGFA,11,J,21,13,H,0110,1,GS-13,H,XXXX,8,10,F,1,200309,1,"$89,774",28.3
AGFA,11,H,21,14,E,0110,1,GS-14,I,XXXX,8,10,F,1,200309,1,"$97,925",10.8
AGFA,29,F,12,14,G,0110,1,GS-14,J,XXXX,8,10,F,1,200309,1,"$103,752",22.8
AGFA,38,I,,15,I,0110,1,GS-15,K,XXXX,8,20,F,2,200309,1,"$118,219",32.3
AGFA,11,H,21,15,F,0110,1,GM-15,L,XXXX,2,10,F,1,200309,1,"$121,583",17.6
AGFA,11,E,17,14,E,0110,1,GS-14,I,XXXX,8,10,F,1,200309,1,"$92,484",13.1
AGFA,11,H,21,15,E,0110,1,GS-15,K,XXXX,2,10,F,1,200309,1,"$115,184",12.3
AGFA,11,I,17,14,H,0110,1,GS-14,J,XXXX,8,10,F,1,200309,1,"$106,086",26.5
AGFA,11,G,21,15,F,0110,1,GS-15,J,XXXX,2,10,F,1,200309,1,"$108,785",17.0
AM00,11,H,21,,F,0110,1,FP-02,K,XXXX,2,38,F,1,200309,1,"$110,891",16.3
AM00,CO,G,13,,F,0110,1,FO-01,I,XXXX,2,38,F,1,200309,1,"$90,325",16.1
AM00,11,G,,,A,0110,1,FP-04,G,XXXX,8,48,F,2,200309,1,"$74,994",0.5
AM00,11,K,21,15,G,0110,1,GS-15,L,XXXX,2,10,F,1,200309,1,"$124,783",23.8
AM00,ID,H,17,,F,0110,1,FO-01,K,XXXX,2,38,F,1,200309,1,"$110,682",16.0
AM00,11,I,21,15,I,0110,1,GS-15,L,XXXX,8,10,F,1,200309,1,"$124,783",30.5
AM00,EG,G,21,,E,0110,1,FO-01,H,XXXX,2,38,F,1,200309,1,"$85,140",10.8
AM00,11,I,21,14,G,0110,1,GS-14,J,XXXX,8,10,F,1,200309,1,"$100,645",24.3
AM00,11,I,21,15,I,0110,1,GS-15,L,XXXX,8,10,F,1,200309,1,"$124,783",30.6
AM00,ML,D,,,D,0110,1,FP-04,D,XXXX,8,48,F,2,200309,1,"$49,496",6.3
AM00,11,G,21,14,G,0110,1,GS-14,H,XXXX,8,10,F,1,200309,1,"$89,764",23.0
AM00,BC,E,,,C,0110,1,FP-04,D,XXXX,8,48,F,2,200309,1,"$48,055",4.0
AM00,11,H,21,15,G,0110,1,GS-15,L,XXXX,8,10,F,1,200309,1,"$121,583",23.0
AM00,11,H,21,,F,0110,1,FO-01,L,XXXX,2,38,F,1,200309,1,"$124,783",19.6
AM00,11,K,21,15,G,0110,1,GS-15,L,XXXX,8,10,F,1,200309,1,"$124,783",21.6
AM00,11,J,21,,G,0110,1,FO-01,L,XXXX,2,38,F,1,200309,1,"$124,783",20.9
AM00,KZ,G,21,,E,0110,1,FO-02,H,XXXX,2,38,F,1,200309,1,"$84,847",12.2
AM00,11,J,21,,G,0110,1,FO-02,J,XXXX,8,38,F,1,200309,1,"$107,662",22.3
AM00,11,K,21,15,J,0110,1,GS-15,L,XXXX,8,10,F,1,200309,1,"$124,783",39.5
AM00,11,J,21,,F,0110,1,FE-03,N,XXXX,2,38,F,1,200309,1,"$142,500",19.0
AM00,11,I,21,,G,0110,1,FO-02,K,XXXX,8,38,F,1,200309,1,"$114,218",21.5
AM00,11,K,,,F,0110,1,AD-00,N,XXXX,8,48,F,2,200309,1,"$142,500",16.6
AM00,11,H,21,14,G,0110,1,GS-14,J,XXXX,8,10,F,1,200309,1,"$103,366",23.3
AM00,11,J,21,,I,0110,1,FO-02,K,XXXX,2,38,F,1,200309,1,"$114,218",31.5
AM00,GT,G,17,,F,0110,1,FP-02,I,XXXX,2,38,F,1,200309,1,"$90,014",16.3
AM00,EG,G,,,C,0110,1,FP-03,E,XXXX,8,48,F,2,200309,1,"$57,578",3.6
AM00,11,I,21,,G,0110,1,FO-02,K,XXXX,8,38,F,1,200309,1,"$114,218",20.7
AM00,EG,G,21,,E,0110,1,FO-02,I,XXXX,8,38,F,1,200309,1,"$92,714",11.0
AM00,11,E,,,A,0110,1,FP-04,G,XXXX,8,48,F,2,200309,1,"$74,994",0.5
AM00,11,H,17,,H,0110,1,FO-01,L,XXXX,8,38,F,1,200309,1,"$124,783",27.8
AM00,11,I,18,14,F,0110,1,GS-14,J,XXXX,8,10,F,1,200309,1,"$106,086",19.4
AM00,IS,G,,,C,0110,1,FP-03,G,XXXX,8,48,F,2,200309,1,"$72,938",3.0
AM00,11,H,17,15,H,0110,1,GS-15,K,XXXX,8,10,F,1,200309,1,"$115,184",26.8
ARCE,39,J,20,14,I,0110,1,GS-14,I,XXXX,8,10,F,1,200309,1,"$95,796",31.2
ARCE,25,J,18,12,G,0110,1,GS-12,G,XXXX,8,10,F,1,200309,1,"$75,031",22.1
ARCE,25,I,17,14,H,0110,1,GS-14,I,XXXX,2,10,F,1,200309,1,"$94,338",28.8
ARCE,48,H,13,11,B,0110,1,GS-11,D,XXXX,8,15,F,1,200309,1,"$49,782",2.7
ARCE,25,E,13,12,E,0110,1,GS-12,G,XXXX,8,10,P,2,200309,1,"$71,082",14.9
ARCE,02,J,21,12,J,0110,1,GS-12,F,XXXX,8,10,F,1,200309,1,"$65,244",40.6
ARCE,17,I,17,13,H,0110,1,GS-13,I,XXXX,8,10,F,1,200309,1,"$92,489",28.0
ARCE,36,I,13,13,J,0110,1,GS-13,I,XXXX,8,10,F,1,200309,1,"$93,031",37.3
ARCE,11,I,17,15,I,0110,1,GM-15,L,XXXX,5,10,F,1,200309,1,"$124,760",31.9
ARCE,36,I,17,13,I,0110,1,GS-13,H,XXXX,8,10,F,1,200309,1,"$87,289",34.3
ARCE,17,H,18,13,H,0110,1,GS-13,G,XXXX,6,10,F,1,200309,1,"$78,336",25.3
ARCE,36,E,13,13,F,0110,1,GS-13,H,XXXX,8,10,F,1,200309,1,"$85,874",16.7
ARCE,48,I,18,13,I,0110,1,GS-13,H,XXXX,8,10,F,1,200309,1,"$89,264",32.7
ARCE,36,B,13,09,C,0110,1,GS-09,C,XXXX,8,15,F,1,200309,1,"$38,936",3.3
ARCE,36,I,13,12,H,0110,1,GS-12,F,XXXX,8,10,F,1,200309,1,"$63,992",25.7
ARCE,36,I,14,13,G,0110,1,GS-13,H,XXXX,8,10,F,1,200309,1,"$88,259",24.4
ARCE,36,G,17,13,H,0110,1,GS-13,G,XXXX,8,10,F,1,200309,1,"$76,097",26.3
ARCE,36,G,21,11,B,0110,1,GS-11,E,XXXX,8,15,F,1,200309,1,"$51,883",1.6
ARCE,51,G,13,12,G,0110,1,GS-12,G,XXXX,8,10,F,1,200309,1,"$73,556",22.5
ARCE,36,F,13,12,E,0110,1,GS-12,F,XXXX,8,10,F,1,200309,1,"$66,195",12.6
ARCE,36,J,18,14,J,0110,1,GS-14,I,XXXX,8,10,F,1,200309,1,"$98,658",38.4
ARCE,36,I,17,11,G,0110,1,GS-11,E,XXXX,8,10,F,1,200309,1,"$59,677",22.8
ARCE,51,C,17,11,B,0110,1,GS-11,D,XXXX,8,15,F,1,200309,1,"$47,110",2.3
ARCE,36,E,17,14,E,0110,1,GS-14,H,XXXX,2,10,F,1,200309,1,"$87,279",13.6
ARCE,06,D,17,13,D,0110,1,GS-13,H,XXXX,5,10,F,1,200309,1,"$81,580",9.0
ARCE,11,I,18,14,I,0110,1,GS-14,J,XXXX,8,10,F,1,200309,1,"$106,086",30.8
ARCE,36,G,21,13,D,0110,1,GS-13,G,XXXX,8,10,F,1,200309,1,"$78,717",7.9
ARCE,41,E,17,14,F,0110,1,GS-14,H,XXXX,8,10,F,1,200309,1,"$89,947",15.3
ARCE,48,G,17,12,G,0110,1,GS-12,H,XXXX,8,10,F,1,200309,1,"$80,708",22.7
ARCE,42,I,17,12,I,0110,1,GS-12,G,XXXX,8,10,F,1,200309,1,"$74,006",31.1
ARCE,12,J,13,15,J,0110,1,GS-15,K,XXXX,2,10,F,1,200309,1,"$111,997",36.4
ARCE,17,H,04,12,D,0110,1,GS-12,F,XXXX,8,10,F,1,200309,1,"$69,798",8.5
ARCE,42,H,17,13,H,0110,1,GS-13,G,XXXX,8,10,F,1,200309,1,"$78,979",27.0
ARCE,13,E,17,13,E,0110,1,GS-13,G,XXXX,8,10,F,1,200309,1,"$71,620",10.6
ARCE,42,G,13,13,G,0110,1,GS-13,I,XXXX,8,10,F,1,200309,1,"$90,323",24.8
ARCE,45,G,13,13,H,0110,1,GS-13,H,XXXX,2,10,F,1,200309,1,"$80,574",27.0
ARCE,12,B,17,07,A,0110,1,GS-07,C,XXXX,8,15,F,1,200309,1,"$31,830",0.0
ARCE,48,G,21,14,G,0110,1,GS-14,I,XXXX,2,10,F,1,200309,1,"$94,664",24.8
ARCE,42,E,13,12,F,0110,1,GS-12,F,XXXX,8,10,F,1,200309,1,"$66,216",15.0
ARCE,12,F,13,12,F,0110,1,GS-12,F,XXXX,8,10,F,1,200309,1,"$69,638",17.3
ARCE,42,E,04,06,F,0119,3,GS-06,C,XXXX,8,10,F,1,200309,1,"$35,567",18.3
ARCE,54,H,13,12,I,0110,1,GS-12,G,XXXX,8,10,F,1,200309,1,"$73,403",30.5
ARCE,51,G,17,14,B,0110,1,GS-14,H,XXXX,8,15,F,1,200309,1,"$84,323",2.1
ARCE,12,F,04,12,C,0110,1,GS-12,E,XXXX,8,10,F,1,200309,1,"$56,463",4.0
ARCE,51,C,13,12,C,0110,1,GS-12,E,XXXX,8,10,F,1,200309,1,"$58,070",4.1
ARCE,24,F,13,13,E,0110,1,GS-13,G,XXXX,8,10,F,1,200309,1,"$73,659",12.8
ARCE,02,E,17,13,E,0110,1,GS-13,F,XXXX,8,10,F,1,200309,1,"$63,293",13.9
ARCE,51,H,13,14,H,0110,1,GS-14,J,XXXX,8,10,F,1,200309,1,"$106,086",27.5
ARCE,06,E,17,11,D,0110,1,GS-11,E,XXXX,8,10,F,1,200309,1,"$55,647",7.3
ARCE,51,G,13,14,H,0110,1,GS-14,H,XXXX,2,10,F,1,200309,1,"$87,279",25.6
ARCE,12,G,13,13,G,0110,1,GS-13,H,XXXX,8,10,F,1,200309,1,"$85,051",24.8
ARCE,12,C,13,12,D,0110,1,GS-12,F,XXXX,8,10,F,1,200309,1,"$62,110",7.3
ARCE,54,D,13,06,D,0119,3,GS-06,B,XXXX,8,15,F,1,200309,1,"$29,598",9.2
ARCE,48,D,14,12,D,0110,1,GS-12,F,XXXX,8,10,F,1,200309,1,"$61,590",9.2
ARCE,45,D,14,12,E,0110,1,GS-12,F,XXXX,8,10,F,1,200309,1,"$63,992",10.3
ARCE,54,F,13,13,G,0110,1,GS-13,G,XXXX,8,10,F,1,200309,1,"$73,859",20.9
ARCE,54,E,13,12,D,0110,1,GS-12,F,XXXX,8,10,P,2,200309,1,"$60,227",9.2
ARCE,54,D,13,11,B,0110,1,GS-11,D,XXXX,8,15,F,1,200309,1,"$47,110",2.4
ARCE,54,D,12,11,F,0110,1,GS-11,E,XXXX,8,10,F,1,200309,1,"$53,394",15.9
ARCE,37,H,17,12,H,0110,1,GS-12,G,XXXX,8,10,F,1,200309,1,"$73,403",28.4
ARCE,37,I,17,12,H,0110,1,GS-12,G,XXXX,8,10,F,1,200309,1,"$73,403",26.3
ARCE,12,D,13,07,A,0110,1,GS-07,C,XXXX,8,15,F,1,200309,1,"$31,830",0.1
ARCE,51,C,13,09,B,0110,1,GS-09,D,XXXX,8,15,F,1,200309,1,"$40,044",1.2
ARCE,37,E,13,12,B,0110,1,GS-12,E,XXXX,8,48,I,2,200309,1,"$56,463",1.5
ARCE,37,I,17,13,H,0110,1,GS-13,G,XXXX,8,10,F,1,200309,1,"$78,336",27.5
ARCE,13,J,13,14,J,0110,1,GM-14,J,XXXX,5,10,F,1,200309,1,"$104,308",36.7
ARCE,45,F,13,13,F,0110,1,GS-13,G,XXXX,8,10,F,1,200309,1,"$76,097",18.2
ARCE,37,I,04,12,H,0110,1,GS-12,G,XXXX,8,10,F,1,200309,1,"$73,403",28.8
ARCE,13,F,13,13,F,0110,1,GS-13,G,XXXX,8,10,F,1,200309,1,"$74,687",17.9
ARCE,47,J,21,12,G,0110,1,GS-12,G,XXXX,8,10,F,1,200309,1,"$73,403",21.8
ARCE,51,F,17,14,F,0110,1,GS-14,H,XXXX,8,10,F,1,200309,1,"$84,323",15.8
ARCE,01,I,13,11,H,0110,1,GS-11,E,XXXX,8,10,F,1,200309,1,"$58,106",25.9
ARCE,53,G,11,09,D,0110,1,GS-09,D,XXXX,8,15,F,1,200309,1,"$41,515",8.3
ARCE,22,H,17,11,D,0110,1,GS-11,E,XXXX,8,10,F,1,200309,1,"$53,394",8.2
ARCE,12,I,17,12,H,0110,1,GS-12,G,XXXX,8,10,F,1,200309,1,"$73,403",29.2
ARCE,12,H,14,12,G,0110,1,GS-12,G,XXXX,8,10,F,1,200309,1,"$73,403",23.1
ARCE,22,H,17,12,E,0110,1,GS-12,F,XXXX,8,10,F,1,200309,1,"$65,874",11.0
ARCE,42,E,17,11,E,0110,1,GS-11,F,XXXX,8,10,F,1,200309,1,"$60,167",10.2
ARCE,51,I,21,15,F,0110,1,GS-15,K,XXXX,2,10,F,1,200309,1,"$111,985",18.5
ARCE,54,H,17,13,H,0110,1,GS-13,H,XXXX,7,10,F,1,200309,1,"$80,574",25.0
ARCE,54,G,13,13,E,0110,1,GS-13,G,XXXX,2,10,F,1,200309,1,"$78,336",11.9
ARCE,12,E,17,12,F,0110,1,GS-12,F,XXXX,8,10,F,1,200309,1,"$65,874",16.3
ARCE,48,J,04,12,B,0110,1,GS-12,F,XXXX,8,15,F,1,200309,1,"$62,083",2.6
ARCE,GM,F,17,12,E,0110,1,GS-12,E,XXXX,8,10,F,1,200309,1,"$54,942",12.5
ARCE,54,G,17,13,F,0110,1,GS-13,F,XXXX,8,10,F,1,200309,1,"$69,382",16.2
ARCE,42,D,13,12,E,0110,1,GS-12,Z,XXXX,8,10,F,1,200309,1,,11.0
ARCE,53,K,17,12,G,0110,1,GS-12,F,XXXX,8,10,F,1,200309,1,"$69,638",20.3
ARCE,21,H,04,11,I,0110,1,GS-11,E,XXXX,8,10,F,1,200309,1,"$51,823",30.8
ARCE,53,B,13,09,B,0110,1,GS-09,D,XXXX,8,15,F,1,200309,1,"$40,176",1.3
ARCE,11,J,04,14,J,0110,1,GS-14,J,XXXX,8,10,F,1,200309,1,"$106,086",40.4
ARCE,27,G,14,12,G,0110,1,GS-12,G,XXXX,8,10,F,1,200309,1,"$73,621",24.7
ARCE,17,H,17,12,H,0110,1,GS-12,G,XXXX,8,10,F,1,200309,1,"$77,775",26.4
ARCE,17,I,14,14,I,0110,1,GM-14,J,XXXX,2,10,F,1,200309,1,"$109,083",30.3
ARCE,51,H,13,14,H,0110,1,GS-14,H,XXXX,8,10,F,1,200309,1,"$84,323",25.7
ARCE,17,I,13,13,H,0110,1,GS-13,I,XXXX,8,10,F,1,200309,1,"$92,489",25.8
ARCE,17,I,14,14,I,0110,1,GS-14,J,XXXX,8,10,F,1,200309,1,"$109,295",33.9
ARCE,17,K,21,12,H,0110,1,GS-12,G,XXXX,8,10,F,1,200309,1,"$77,775",27.2
ARCE,17,I,17,12,I,0110,1,GS-12,G,XXXX,8,10,F,1,200309,1,"$73,403",30.6
ARCE,06,H,13,13,I,0110,1,GS-13,H,XXXX,8,10,F,1,200309,1,"$87,898",31.7
ARCE,29,H,21,13,H,0110,1,GS-13,H,XXXX,8,10,F,1,200309,1,"$85,338",25.6
ARCE,12,I,17,12,G,0110,1,GS-12,G,XXXX,8,10,F,1,200309,1,"$73,403",23.3
ARCE,41,F,17,12,F,0110,1,GS-12,G,XXXX,8,10,F,1,200309,1,"$71,766",16.4
ARCE,26,F,17,12,B,0110,1,GS-12,E,XXXX,8,15,F,1,200309,1,"$59,888",2.8
ARCE,26,G,17,11,G,0110,1,GS-11,E,XXXX,8,10,F,1,200309,1,"$59,965",20.6
ARCE,42,G,17,14,G,0110,1,GS-14,I,XXXX,2,10,F,1,200309,1,"$93,330",24.7
ARCE,05,C,17,09,A,0110,1,GS-09,C,XXXX,8,15,F,1,200309,1,"$38,936",0.5
ARCE,48,G,17,13,F,0110,1,GS-13,G,XXXX,2,10,F,1,200309,1,"$77,819",19.9
ARCE,06,F,13,12,F,0110,1,GS-12,F,XXXX,8,10,F,1,200309,1,"$64,672",15.3
ARCE,21,G,13,13,F,0110,1,GS-13,F,XXXX,8,10,F,1,200309,1,"$69,382",19.3
ARCE,21,G,13,14,H,0110,1,GS-14,H,XXXX,2,10,F,1,200309,1,"$87,279",25.3
ARCE,21,C,13,07,A,0110,1,GS-07,C,XXXX,8,15,F,1,200309,1,"$31,830",0.8
ARCE,12,J,17,12,G,0110,1,GS-12,F,XXXX,8,10,F,1,200309,1,"$65,874",23.4
ARCE,47,G,13,12,F,0110,1,GS-12,F,XXXX,8,10,F,1,200309,1,"$67,756",16.2
ARCE,01,I,13,12,I,0110,1,GS-12,G,XXXX,8,10,F,1,200309,1,"$71,520",32.3
ARCE,01,F,13,12,E,0110,1,GS-12,F,XXXX,8,10,F,1,200309,1,"$62,110",14.8
ARCE,01,I,17,12,H,0110,1,GS-12,G,XXXX,8,10,F,1,200309,1,"$73,403",27.9
ARCE,22,I,13,11,I,0110,1,GS-11,F,XXXX,8,30,F,1,200309,1,"$61,248",32.3
ARCE,01,I,17,14,J,0110,1,GS-14,J,XXXX,2,10,F,1,200309,1,"$103,150",35.1
ARCE,01,D,17,11,D,0110,1,GS-11,D,XXXX,8,10,F,1,200309,1,"$48,681",5.4
ARCE,28,I,17,12,I,0110,1,GS-12,G,XXXX,8,10,F,1,200309,1,"$73,403",31.6
ARCE,28,I,17,13,I,0110,1,GS-13,H,XXXX,8,10,F,1,200309,1,"$87,289",30.4
ARCE,28,G,17,14,G,0110,1,GS-14,H,XXXX,5,10,F,1,200309,1,"$89,925",23.5
ARCE,28,G,13,12,G,0110,1,GS-12,F,XXXX,8,10,F,1,200309,1,"$69,638",24.9
ARCE,28,F,13,12,F,0110,1,GS-12,G,XXXX,8,10,F,1,200309,1,"$71,520",18.5
ARCE,01,D,13,12,E,0110,1,GS-12,F,XXXX,8,10,F,1,200309,1,"$63,992",12.6
ARCE,28,D,17,13,D,0110,1,GS-13,G,XXXX,8,10,F,1,200309,1,"$71,620",9.2
ARCE,51,D,13,11,C,0110,1,GS-11,D,XXXX,8,15,F,1,200309,1,"$47,110",4.5
ARCE,28,F,17,12,D,0110,1,GS-12,F,XXXX,8,10,F,1,200309,1,"$65,874",9.3
ARCE,28,K,14,12,J,0110,1,GS-12,G,XXXX,8,10,F,1,200309,1,"$73,403",38.3
ARCE,40,I,13,12,I,0110,1,GS-12,G,XXXX,8,10,F,1,200309,1,"$71,520",31.4
ARCE,28,H,17,13,H,0110,1,GS-13,H,XXXX,8,10,F,1,200309,1,"$82,812",28.5
ARCE,05,C,18,11,C,0110,1,GS-11,D,XXXX,8,15,F,1,200309,1,"$47,110",3.9
ARCE,15,F,17,12,C,0110,1,GS-12,E,XXXX,8,10,F,1,200309,1,"$54,942",3.8
ARCE,22,G,13,14,H,0110,1,GS-14,I,XXXX,2,10,F,1,200309,1,"$92,570",26.8
ARCE,22,G,17,12,F,0110,1,GS-12,F,XXXX,8,10,F,1,200309,1,"$67,756",16.3
ARCE,47,K,18,13,J,0110,1,GS-13,H,XXXX,8,10,F,1,200309,1,"$87,289",44.9
ARCE,28,I,18,14,J,0110,1,GS-14,I,XXXX,2,10,F,1,200309,1,"$95,215",35.1
ARCE,22,G,17,12,F,0110,1,GS-12,F,XXXX,8,10,F,1,200309,1,"$69,638",18.0
ARCE,22,I,17,11,C,0110,1,GS-11,D,XXXX,8,15,F,1,200309,1,"$48,681",4.8
ARCE,22,I,17,12,E,0110,1,GS-12,F,XXXX,8,10,F,1,200309,1,"$62,110",11.2
ARCE,22,G,17,13,F,0110,1,GS-13,G,XXXX,2,10,F,1,200309,1,"$78,336",19.4
ARCE,22,D,13,12,E,0110,1,GS-12,F,XXXX,8,10,F,1,200309,1,"$60,227",10.9
ARCE,22,G,17,13,G,0110,1,GS-13,H,XXXX,2,10,F,1,200309,1,"$80,574",22.8
ARCE,22,G,13,12,G,0110,1,GS-12,G,XXXX,8,10,F,1,200309,1,"$71,520",20.1
ARCE,22,G,07,12,H,0110,1,GS-12,F,XXXX,8,10,F,1,200309,1,"$67,756",28.7
ARCE,22,E,13,12,D,0110,1,GS-12,Z,XXXX,8,10,F,1,200309,1,,9.8
ARCE,22,F,17,12,F,0110,1,GS-12,F,XXXX,8,10,F,1,200309,1,"$67,756",15.2
ARCE,28,H,17,13,H,0110,1,GS-13,H,XXXX,8,10,F,1,200309,1,"$87,289",26.3
ARCE,48,H,13,14,G,0110,1,GS-14,J,XXXX,7,10,F,1,200309,1,"$100,074",24.3
ARCE,40,K,14,13,J,0110,1,GS-13,H,XXXX,8,10,F,1,200309,1,"$87,289",40.6
ARCE,48,F,13,12,F,0110,1,GS-12,F,XXXX,8,10,F,1,200309,1,"$67,364",16.3
ARCE,48,D,17,11,B,0110,1,GS-11,D,XXXX,8,15,F,1,200309,1,"$49,782",2.7
ARCE,29,E,13,12,E,0110,1,GS-12,E,XXXX,8,10,F,1,200309,1,"$56,654",10.2
ARCE,48,G,17,13,G,0110,1,GS-13,G,XXXX,2,10,F,1,200309,1,"$77,819",23.2
ARCE,48,J,17,15,J,0110,1,GM-15,L,XXXX,2,10,F,1,200309,1,"$124,075",42.4
ARCE,11,H,13,15,H,0110,1,GS-15,L,XXXX,8,10,F,1,200309,1,"$121,583",29.0
ARCE,48,F,17,12,E,0110,1,GS-12,F,XXXX,8,10,F,1,200309,1,"$68,291",11.4
ARCE,48,F,17,11,C,0110,1,GS-11,D,XXXX,8,10,F,1,200309,1,"$49,782",4.9
ARCE,48,H,17,12,H,0110,1,GS-12,G,XXXX,8,10,F,1,200309,1,"$72,430",27.3
ARCE,27,I,17,12,E,0110,1,GS-12,F,XXXX,8,10,F,1,200309,1,"$69,746",13.7
ARCE,27,E,08,12,F,0110,1,GS-12,G,XXXX,8,10,F,1,200309,1,"$71,684",16.6
ARCE,40,B,13,09,B,0110,1,GS-09,C,XXXX,8,15,F,1,200309,1,"$38,936",2.7
ARCE,11,F,13,14,F,0110,1,GS-14,H,XXXX,8,10,F,1,200309,1,"$87,043",19.8
ARCE,31,I,14,12,H,0110,1,GS-12,G,XXXX,8,10,F,1,200309,1,"$73,403",25.4
ARCE,40,G,13,12,H,0110,1,GS-12,F,XXXX,8,10,F,1,200309,1,"$67,756",26.6
ARCE,05,I,13,12,H,0110,1,GS-12,G,XXXX,8,10,F,1,200309,1,"$71,520",25.2
ARCE,48,I,17,12,H,0110,1,GS-12,G,XXXX,8,10,F,1,200309,1,"$75,063",28.7
ARCE,29,I,17,12,I,0110,1,GS-12,G,XXXX,8,10,F,1,200309,1,"$70,045",32.5
ARCE,11,I,13,15,H,0110,1,GS-15,L,XXXX,2,10,F,1,200309,1,"$121,583",28.5
ARCE,29,G,13,12,G,0110,1,GS-12,F,XXXX,8,10,F,1,200309,1,"$66,259",20.1
ARCE,24,H,13,12,H,0110,1,GS-12,G,XXXX,8,10,P,2,200309,1,"$71,620",26.9
ARCE,45,F,17,09,B,0110,1,GS-09,C,XXXX,8,15,F,1,200309,1,"$38,936",1.7
ARCE,29,I,13,13,G,0110,1,GS-13,G,XXXX,8,10,F,1,200309,1,"$74,290",21.2
ARCE,27,B,07,04,A,0119,3,GS-04,B,XXXX,8,42,I,2,200309,1,"$23,642",0.3
ARCE,06,I,17,13,H,0110,1,GS-13,H,XXXX,8,10,F,1,200309,1,"$80,958",25.7
ARCE,51,G,14,14,F,0110,1,GS-14,H,XXXX,8,10,F,1,200309,1,"$89,764",18.7
ARCE,31,H,14,13,E,0110,1,GS-13,G,XXXX,2,10,F,1,200309,1,"$78,336",12.9
ARCE,53,E,14,13,E,0110,1,GS-13,G,XXXX,2,10,F,1,200309,1,"$76,097",14.2
ARCE,36,I,13,12,I,0110,1,GS-12,G,XXXX,8,10,F,1,200309,1,"$78,231",31.0
ARCE,53,E,13,12,E,0110,1,GS-12,F,XXXX,8,10,F,1,200309,1,"$69,913",13.7
ARCE,53,I,17,12,I,0110,1,GS-12,G,XXXX,8,10,F,1,200309,1,"$75,740",33.2
ARCE,53,G,04,12,F,0110,1,GS-12,F,XXXX,8,10,F,1,200309,1,"$63,992",17.1
ARCE,41,H,13,14,H,0110,1,GS-14,I,XXXX,8,10,F,1,200309,1,"$95,399",29.7
ARCE,41,I,14,12,I,0110,1,GS-12,G,XXXX,8,10,F,1,200309,1,"$75,646",30.9
ARCE,53,G,13,12,F,0110,1,GS-12,F,XXXX,8,10,F,1,200309,1,"$62,145",18.1
ARCE,41,E,13,13,E,0110,1,GS-13,G,XXXX,2,10,F,1,200309,1,"$71,502",14.3
ARCE,06,E,17,12,E,0110,1,GS-12,G,XXXX,8,10,F,1,200309,1,"$74,778",10.0
ARCE,01,H,14,13,G,0110,1,GS-13,H,XXXX,6,10,F,1,200309,1,"$85,051",23.2
ARCE,51,I,18,15,J,0110,1,GM-15,L,XXXX,2,10,F,1,200309,1,"$124,783",35.1
ARCE,06,F,13,13,E,0110,1,GS-13,H,XXXX,8,10,F,1,200309,1,"$86,520",14.9
ARCE,06,I,17,11,C,0110,1,GS-11,E,XXXX,8,15,F,1,200309,1,"$52,274",3.5
ARCE,06,G,07,04,H,0119,3,GS-04,C,XXXX,8,10,F,1,200309,1,"$31,285",26.7
ARCE,06,C,07,09,D,0110,1,GS-09,D,XXXX,8,15,F,1,200309,1,"$40,239",7.3
ARCE,11,G,12,13,G,0110,1,GS-13,H,XXXX,8,10,F,1,200309,1,"$80,565",22.6
ARCE,51,G,13,14,F,0110,1,GS-14,I,XXXX,8,10,F,1,200309,1,"$95,204",19.2
ARCE,40,I,17,12,H,0110,1,GS-12,G,XXXX,8,10,F,1,200309,1,"$73,403",29.4
ARCE,41,H,13,15,H,0110,1,GS-15,K,XXXX,2,10,F,1,200309,1,"$115,419",29.8
ARCE,06,G,13,11,D,0110,1,GS-11,E,XXXX,8,10,F,1,200309,1,"$53,558",5.6
ARCE,41,G,17,15,G,0110,1,GS-15,J,XXXX,2,10,F,1,200309,1,"$105,801",20.4
ARCE,53,E,13,14,F,0110,1,GS-14,I,XXXX,2,10,F,1,200309,1,"$90,058",18.8
ARCE,02,E,13,12,E,0110,1,GS-12,E,XXXX,8,10,F,1,200309,1,"$58,376",11.2
ARCE,15,F,13,12,G,0110,1,GS-12,F,XXXX,8,10,F,1,200309,1,"$61,810",22.0
ARCE,15,F,17,13,E,0110,1,GS-13,F,XXXX,8,10,F,1,200309,1,"$67,377",13.7
ARCE,06,D,14,11,D,0110,1,GS-11,E,XXXX,8,10,F,1,200309,1,"$57,241",6.7
ARCE,21,K,21,12,H,0110,1,GS-12,F,XXXX,8,10,F,1,200309,1,"$67,756",25.5
ARCE,11,H,14,14,I,0110,1,GS-14,J,XXXX,8,10,F,1,200309,1,"$100,645",31.8
ARCE,45,C,13,11,B,0110,1,GS-11,D,XXXX,8,15,F,1,200309,1,"$47,110",1.7
ARCE,RQ,I,18,13,H,0110,1,GS-13,G,XXXX,6,10,F,1,200309,1,"$79,629",28.1
ARCE,RQ,D,17,11,D,0110,1,GS-11,D,XXXX,8,10,F,1,200309,1,"$45,842",5.4
ARCE,11,H,16,14,I,0110,1,GS-14,I,XXXX,8,10,F,1,200309,1,"$97,925",30.8
ARCE,35,H,13,13,G,0110,1,GS-13,G,XXXX,4,10,F,1,200309,1,"$78,336",24.8
ARCE,35,D,13,12,E,0110,1,GS-12,F,XXXX,8,10,F,1,200309,1,"$62,110",11.4
ARCE,35,G,13,12,H,0110,1,GS-12,G,XXXX,8,10,F,1,200309,1,"$73,403",26.0
ARCE,35,E,13,12,C,0110,1,GS-12,E,XXXX,8,10,F,1,200309,1,"$58,345",3.3
ARCE,47,H,17,12,H,0110,1,GS-12,G,XXXX,8,10,F,1,200309,1,"$73,403",25.2
ARCE,28,H,17,13,H,0110,1,GS-13,H,XXXX,2,10,F,1,200309,1,"$85,051",25.3
ARCE,47,G,17,12,G,0110,1,GS-12,G,XXXX,8,10,F,1,200309,1,"$73,403",22.8
ARCE,06,C,17,07,A,0110,1,GS-07,C,XXXX,8,15,F,1,200309,1,"$34,179",0.3
ARCE,13,D,04,09,A,0110,1,GS-09,D,XXXX,8,15,F,1,200309,1,"$41,532",0.8
ARJA,11,G,04,,C,0110,1,AD-00,J,XXXX,8,48,F,2,200309,1,"$105,971",4.2
ARJA,11,J,21,,F,0110,1,AD-00,K,XXXX,8,48,F,2,200309,1,"$112,874",19.4
ARJA,11,J,04,,I,0110,1,AD-00,L,XXXX,8,48,F,2,200309,1,"$124,783",32.8
ARJA,11,H,21,,G,0110,1,AD-00,J,XXXX,8,48,F,2,200309,1,"$109,423",22.5
ARJA,11,E,21,,C,0110,1,AD-00,J,XXXX,8,48,P,2,200309,1,"$100,792",4.1
ARJA,11,I,17,,B,0110,1,AD-00,J,XXXX,8,48,F,2,200309,1,"$107,696",2.2
ARJA,11,G,04,,E,0110,1,AD-00,L,XXXX,8,48,F,2,200309,1,"$124,783",13.2
ARJA,11,K,04,,C,0110,1,AD-00,I,XXXX,8,48,P,2,200309,1,"$95,615",4.1
ARMP,51,J,21,13,F,0110,1,GS-13,I,XXXX,4,10,F,1,200309,1,"$98,634",16.8
ARMT,51,G,13,13,F,0110,1,GS-13,G,XXXX,8,10,F,1,200309,1,"$73,659",16.3
ARSA,51,H,13,13,F,0110,1,GS-13,G,XXXX,8,10,F,1,200309,1,"$75,961",18.1
ARSB,37,B,11,07,B,0110,1,GS-07,C,XXXX,8,15,F,1,200309,1,"$31,830",1.9
ARSB,01,C,13,05,B,0110,1,GS-05,B,XXXX,8,15,F,1,200309,1,"$25,697",2.7
ARX2,51,J,14,14,I,0110,1,GS-14,J,XXXX,8,10,F,1,200309,1,"$106,086",32.9
ARXA,24,F,13,12,F,0110,1,GS-12,G,XXXX,8,10,F,1,200309,1,"$71,620",17.5
BG00,11,H,17,14,I,0110,1,GS-14,I,XXXX,8,10,F,1,200309,1,"$95,204",30.9
BG00,11,I,21,15,H,0110,1,GS-15,L,XXXX,8,10,F,1,200309,1,"$121,583",29.0
BG00,11,F,17,13,F,0110,1,GS-13,H,XXXX,8,10,F,1,200309,1,"$82,867",15.2
BG00,11,F,13,13,D,0110,1,GS-13,G,XXXX,8,15,F,1,200309,1,"$73,659",7.2
BO00,11,G,21,15,F,0110,1,GS-15,L,XXXX,8,10,F,1,200309,1,"$121,583",18.1
BO00,11,K,21,15,I,0110,1,GS-15,L,XXXX,8,10,F,1,200309,1,"$124,783",32.8
BO00,11,D,18,15,C,0110,1,GS-15,I,XXXX,8,10,F,1,200309,1,"$95,987",3.3
BO00,11,J,22,15,I,0110,1,GS-15,L,XXXX,8,10,F,1,200309,1,"$124,783",30.8
BO00,11,I,21,15,F,0110,1,GS-15,L,XXXX,8,10,F,1,200309,1,"$121,583",19.5
BO00,11,I,17,15,H,0110,1,GS-15,L,XXXX,8,10,F,1,200309,1,"$124,783",28.5
BO00,11,J,21,15,G,0110,1,GS-15,L,XXXX,8,10,F,1,200309,1,"$124,783",24.7
BO00,11,J,20,,J,0110,1,ES-04,N,XXXX,2,50,F,1,200309,1,"$142,500",37.4
BO00,11,I,13,14,H,0110,1,GS-14,J,XXXX,8,10,F,1,200309,1,"$103,366",29.6
BO00,11,F,21,15,A,0110,1,GS-15,I,XXXX,8,15,F,1,200309,1,"$99,186",0.8
BO00,11,I,21,,I,0110,1,ES-04,N,XXXX,2,50,F,1,200309,1,"$142,500",31.1
BO00,11,G,18,15,F,0110,1,GS-15,L,XXXX,8,10,P,2,200309,1,"$124,783",19.9
BO00,11,H,13,15,G,0110,1,GS-15,K,XXXX,8,10,F,1,200309,1,"$118,384",24.7
BO00,11,J,21,15,I,0110,1,GS-15,L,XXXX,8,10,F,1,200309,1,"$124,783",30.4
BO00,11,I,21,15,H,0110,1,GS-15,L,XXXX,8,10,F,1,200309,1,"$124,783",28.8
BO00,11,J,17,15,I,0110,1,GS-15,L,XXXX,8,10,F,1,200309,1,"$124,783",30.1
BO00,11,H,21,15,F,0110,1,GS-15,K,XXXX,8,10,F,1,200309,1,"$118,384",17.1
BO00,11,H,21,15,G,0110,1,GS-15,L,XXXX,8,10,F,1,200309,1,"$124,783",24.1
BO00,11,I,14,15,H,0110,1,GS-15,L,XXXX,8,10,F,1,200309,1,"$124,783",27.1
BO00,11,G,17,,D,0110,1,ES-05,N,XXXX,2,55,F,1,200309,1,"$142,500",7.3
BO00,11,I,18,15,I,0110,1,GS-15,L,XXXX,8,10,F,1,200309,1,"$124,783",34.0
BO00,11,F,21,15,C,0110,1,GS-15,J,XXXX,8,10,F,1,200309,1,"$108,785",3.2
BO00,11,D,21,13,C,0110,1,GS-13,G,XXXX,8,10,F,1,200309,1,"$71,357",4.2
BO00,11,D,21,14,C,0110,1,GS-14,H,XXXX,8,15,F,1,200309,1,"$87,043",3.2
CE00,11,C,17,,A,0110,1,AD-00,D,XXXX,8,48,F,2,200309,1,"$45,000",0.1
CE00,11,H,21,,G,0110,1,ES-01,M,XXXX,2,50,F,1,200309,1,"$131,342",23.3
CE00,11,D,21,,A,0110,1,AD-00,I,XXXX,8,48,F,2,200309,1,"$95,000",0.3
CE00,11,C,18,,A,0110,1,AD-00,D,XXXX,8,48,F,2,200309,1,"$45,000",0.0
CE00,11,E,21,,A,0110,1,AD-00,I,XXXX,8,48,F,2,200309,1,"$95,000",0.1
CE00,11,C,14,,A,0110,1,AD-00,D,XXXX,8,48,F,2,200309,1,"$45,000",0.2
CE00,11,F,21,,A,0110,1,AD-00,I,XXXX,8,48,F,2,200309,1,"$95,000",0.4
CE00,11,E,21,,B,0110,1,AD-00,J,XXXX,8,38,F,1,200309,1,"$105,000",1.2
CE00,11,B,17,,B,0110,1,AD-00,D,XXXX,8,38,F,1,200309,1,"$48,000",1.0
CM53,11,F,13,,G,0110,1,ZP-04,I,XXXX,8,10,F,1,200309,1,"$95,629",22.6
CM53,11,I,13,,H,0110,1,ZP-05,L,XXXX,8,10,F,1,200309,1,"$121,545",26.4
CM53,11,C,13,,C,0110,1,ZP-04,G,XXXX,8,10,F,1,200309,1,"$71,054",4.0
CM53,11,G,13,,H,0110,1,ZP-03,G,XXXX,8,10,P,2,200309,1,"$75,487",26.3
CM53,11,H,14,,H,0110,1,ES-02,M,XXXX,2,50,F,1,200309,1,"$137,543",26.9
CM53,11,C,,,A,0110,1,ZP-03,E,XXXX,8,40,F,2,200309,1,"$50,500",0.3
CM53,11,I,21,,G,0110,1,ZP-04,I,XXXX,8,10,F,1,200309,1,"$92,416",22.3
CM53,11,C,13,,B,0110,1,ZP-03,E,XXXX,8,15,F,1,200309,1,"$51,571",2.3
CM53,11,B,13,,A,0110,1,ZP-02,C,XXXX,8,15,F,1,200309,1,"$37,646",0.0
CM53,11,H,17,,G,0110,1,ZP-04,J,XXXX,2,10,F,1,200309,1,"$101,002",20.3
CM53,11,I,17,,I,0110,1,ZP-04,I,XXXX,8,10,F,1,200309,1,"$98,285",31.1
CM53,11,C,13,,B,0110,1,ZP-03,E,XXXX,8,15,F,1,200309,1,"$50,873",2.7
CM53,11,H,17,,G,0110,1,ZP-05,K,XXXX,2,10,F,1,200309,1,"$115,265",24.0
CM53,11,B,13,,A,0110,1,ZP-02,C,XXXX,8,15,F,1,200309,1,"$35,607",0.3
CM53,11,F,17,,E,0110,1,ZP-03,F,XXXX,8,10,F,1,200309,1,"$66,647",13.7
CM53,11,I,21,,H,0110,1,ES-05,N,XXXX,2,50,F,1,200309,1,"$142,500",25.6
CM53,11,C,21,,A,0110,1,ZP-04,G,XXXX,8,15,F,1,200309,1,"$75,492",0.1
CM53,11,G,17,,E,0110,1,ZP-04,G,XXXX,8,10,F,1,200309,1,"$79,935",13.1
CM53,11,H,17,,H,0110,1,ZP-04,J,XXXX,8,10,F,1,200309,1,"$105,616",29.6
CM53,11,J,13,,H,0110,1,ZP-04,I,XXXX,8,10,F,1,200309,1,"$97,569",29.8
CM53,11,I,18,,H,0110,1,ZP-04,J,XXXX,8,10,F,1,200309,1,"$106,081",25.2
CM53,11,J,18,,I,0110,1,ZP-04,J,XXXX,8,10,F,1,200309,1,"$106,081",31.1
CM53,11,B,13,,B,0110,1,ZP-03,D,XXXX,8,15,F,1,200309,1,"$48,451",2.3
CM53,11,H,13,,H,0110,1,ZP-04,J,XXXX,8,10,F,1,200309,1,"$101,225",27.0
CM53,11,H,17,,G,0110,1,ZP-05,L,XXXX,2,10,F,1,200309,1,"$128,194",23.5
CM53,11,F,17,,F,0110,1,ZP-04,J,XXXX,2,10,F,1,200309,1,"$106,937",18.8
CM53,11,C,13,,D,0110,1,ZP-03,E,XXXX,8,10,F,1,200309,1,"$51,852",5.0
CM53,11,D,04,,E,0110,1,ZP-02,C,XXXX,8,15,F,1,200309,1,"$35,355",10.5
CM53,11,C,13,,C,0110,1,ZP-03,E,XXXX,8,10,F,1,200309,1,"$52,385",3.0
CM53,11,D,13,,D,0110,1,ZP-04,G,XXXX,8,10,F,1,200309,1,"$73,615",8.6
CM53,11,I,21,,H,0110,1,ZP-05,L,XXXX,8,10,F,1,200309,1,"$124,783",26.0
CM53,11,B,11,,B,0110,1,ZP-02,C,XXXX,8,15,F,1,200309,1,"$37,917",2.8
CM53,11,H,17,,G,0110,1,ZP-04,J,XXXX,8,10,F,1,200309,1,"$104,234",24.4
CM53,11,B,13,,A,0110,1,ZP-02,D,XXXX,8,15,F,1,200309,1,"$42,046",0.1
CM53,11,E,13,,F,0110,1,ZP-04,H,XXXX,8,10,F,1,200309,1,"$89,487",15.1
CM53,11,C,13,,C,0110,1,ZP-03,E,XXXX,8,15,F,1,200309,1,"$51,251",3.2
CM53,11,B,17,,B,0110,1,ZP-02,D,XXXX,8,15,F,1,200309,1,"$40,044",1.2
CM53,11,I,17,,G,0110,1,ZP-04,I,XXXX,8,10,F,1,200309,1,"$91,742",22.8
CM53,11,H,17,,H,0110,1,ZP-05,L,XXXX,8,10,F,1,200309,1,"$124,782",29.0
CM53,11,F,18,,F,0110,1,ZP-04,I,XXXX,8,10,F,1,200309,1,"$93,651",19.8
CM53,11,D,,,D,0110,1,ZP-04,H,XXXX,8,20,F,2,200309,1,"$81,903",6.3
CM53,11,B,13,,A,0110,1,ZP-02,C,XXXX,8,15,F,1,200309,1,"$38,840",0.7
CM53,11,B,11,,B,0110,1,ZP-02,C,XXXX,8,15,F,1,200309,1,"$38,639",2.3
CM53,11,F,13,,F,0110,1,ZP-03,F,XXXX,8,10,F,1,200309,1,"$64,810",18.6
CM53,11,K,13,,I,0110,1,ZP-03,G,XXXX,8,10,F,1,200309,1,"$72,499",30.1
CM53,11,I,13,,I,0110,1,ZP-05,M,XXXX,2,10,F,1,200309,1,"$132,382",33.2
CM53,11,F,21,,A,0110,1,ZP-03,G,XXXX,8,15,F,1,200309,1,"$73,556",0.2
CM53,11,C,14,,C,0110,1,ZP-03,E,XXXX,8,10,F,1,200309,1,"$55,759",3.0
CM53,11,C,13,,C,0110,1,ZP-03,E,XXXX,8,10,F,1,200309,1,"$51,105",3.3
CM53,11,H,17,,D,0110,1,ZP-04,G,XXXX,8,10,F,1,200309,1,"$72,506",7.5
CM53,11,C,13,,C,0110,1,ZP-03,E,XXXX,8,10,F,1,200309,1,"$51,575",3.3
CM53,11,E,13,,E,0110,1,ZP-03,F,XXXX,8,10,F,1,200309,1,"$68,399",12.3
CM53,11,G,13,,G,0110,1,ZP-03,G,XXXX,8,10,F,1,200309,1,"$75,487",22.9
CM53,11,G,13,,H,0110,1,ZP-04,K,XXXX,2,10,F,1,200309,1,"$110,240",26.6
CM53,11,C,11,,A,0110,1,ZP-02,C,XXXX,8,15,F,1,200309,1,"$36,010",0.9
CM53,11,D,14,,D,0110,1,ZP-03,F,XXXX,8,10,F,1,200309,1,"$64,938",6.2
CM53,11,G,22,,E,0110,1,ZP-04,I,XXXX,2,10,F,1,200309,1,"$98,672",11.7
CM53,11,C,17,,D,0110,1,ZP-03,F,XXXX,8,15,F,1,200309,1,"$60,470",5.1
CM53,11,H,14,,H,0110,1,ZP-04,I,XXXX,8,10,F,1,200309,1,"$93,287",27.3
CM53,11,H,17,,H,0110,1,ZP-05,L,XXXX,8,10,F,1,200309,1,"$124,783",28.0
CM53,11,I,21,,H,0110,1,ZP-05,L,XXXX,8,10,F,1,200309,1,"$124,783",25.8
CM53,11,G,13,,H,0110,1,ZP-04,H,XXXX,8,10,F,1,200309,1,"$87,677",25.1
CM53,11,G,21,,A,0110,1,ZP-04,I,XXXX,8,15,F,1,200309,1,"$95,000",0.0
CM53,11,B,13,,A,0110,1,ZP-02,C,XXXX,8,15,F,1,200309,1,"$36,010",0.3
CM53,11,H,13,,F,0110,1,ZP-03,G,XXXX,8,10,F,1,200309,1,"$75,487",18.4
CM53,11,C,14,,B,0110,1,ZP-03,E,XXXX,8,15,P,2,200309,1,"$51,571",1.9
CM53,11,B,13,,A,0110,1,ZP-02,C,XXXX,8,15,F,1,200309,1,"$36,010",0.1
CM53,11,E,13,,E,0110,1,ZP-04,G,XXXX,8,10,F,1,200309,1,"$79,684",12.3
CM53,11,J,21,,H,0110,1,ZP-05,M,XXXX,2,10,F,1,200309,1,"$132,382",27.9
CM53,11,E,13,,E,0110,1,ZP-04,H,XXXX,8,10,F,1,200309,1,"$83,915",14.2
CM53,11,F,14,,D,0110,1,ZP-04,H,XXXX,8,10,F,1,200309,1,"$87,671",9.9
CM53,11,B,13,,A,0110,1,ZP-02,C,XXXX,8,15,F,1,200309,1,"$36,730",0.4
CM53,11,B,13,,A,0110,1,ZP-02,C,XXXX,8,15,F,1,200309,1,"$37,646",0.0
CM53,11,B,17,,A,0110,1,ZP-02,C,XXXX,8,15,F,1,200309,1,"$38,171",0.2
CM53,11,H,17,,I,0110,1,ZP-04,K,XXXX,2,10,F,1,200309,1,"$111,294",31.0
CM53,11,B,13,,A,0110,1,ZP-02,C,XXXX,8,15,F,1,200309,1,"$34,930",0.7
CM53,11,B,13,,B,0110,1,ZP-03,D,XXXX,8,15,F,1,200309,1,"$49,600",2.2
CM53,11,F,13,,F,0110,1,ZP-04,J,XXXX,8,10,F,1,200309,1,"$100,360",19.3
CM53,11,C,13,,C,0110,1,ZP-03,E,XXXX,8,10,F,1,200309,1,"$51,011",3.3
CM53,11,F,18,,E,0110,1,ZP-03,G,XXXX,8,10,F,1,200309,1,"$75,487",11.3
CM53,11,B,13,,A,0110,1,ZP-02,C,XXXX,8,15,F,1,200309,1,"$38,171",0.3
CM53,11,H,21,,G,0110,1,ZP-05,M,XXXX,2,10,F,1,200309,1,"$132,382",24.4
CM53,11,B,13,,B,0110,1,ZP-02,C,XXXX,8,15,F,1,200309,1,"$36,011",1.2
CM53,11,E,22,,C,0110,1,ZP-04,H,XXXX,8,10,F,1,200309,1,"$88,907",3.1
CM53,11,J,13,,J,0110,1,ZP-03,G,XXXX,8,10,F,1,200309,1,"$75,487",36.8
CM53,11,G,13,,H,0110,1,ZP-04,I,XXXX,8,10,F,1,200309,1,"$98,033",27.4
CM53,11,E,17,,E,0110,1,ZP-03,F,XXXX,8,10,F,1,200309,1,"$64,734",12.5
CM53,11,G,13,,G,0110,1,ZP-03,G,XXXX,8,10,F,1,200309,1,"$71,106",21.0
CM53,11,F,13,,F,0110,1,ZP-03,G,XXXX,8,10,F,1,200309,1,"$75,487",19.0
CM53,11,D,14,,C,0110,1,ZP-03,E,XXXX,8,10,F,1,200309,1,"$55,775",3.6
CM53,11,H,14,,G,0110,1,ZP-03,F,XXXX,8,10,F,1,200309,1,"$62,445",24.3
CM53,11,F,17,,D,0110,1,ZP-03,F,XXXX,8,10,F,1,200309,1,"$63,556",6.2
CM53,11,E,13,,E,0110,1,ZP-04,H,XXXX,8,10,F,1,200309,1,"$89,292",13.3
CM53,11,E,13,,D,0110,1,ZP-05,I,XXXX,2,10,F,1,200309,1,"$98,866",9.8
CM53,11,E,17,,D,0110,1,ZP-03,F,XXXX,8,10,F,1,200309,1,"$63,138",8.0
CM53,11,C,13,,C,0110,1,ZP-03,E,XXXX,8,10,F,1,200309,1,"$57,535",4.3
CM53,11,H,17,,I,0110,1,ES-04,N,XXXX,2,50,F,1,200309,1,"$142,500",30.9
CM53,11,H,13,,H,0110,1,ZP-04,K,XXXX,2,10,F,1,200309,1,"$112,542",28.0
CM53,11,G,13,,H,0110,1,ZP-04,J,XXXX,8,10,F,1,200309,1,"$102,084",25.4
CM53,11,B,13,,B,0110,1,ZP-03,E,XXXX,8,15,F,1,200309,1,"$51,571",2.3
CM53,11,E,13,,E,0110,1,ZP-03,G,XXXX,8,10,F,1,200309,1,"$74,772",12.9
CM53,11,C,11,,C,0110,1,ZP-03,F,XXXX,8,10,F,1,200309,1,"$61,109",4.7
CM53,11,C,13,,D,0110,1,ZP-03,G,XXXX,8,10,F,1,200309,1,"$70,000",5.8
CM53,11,C,14,,B,0110,1,ZP-03,E,XXXX,8,15,F,1,200309,1,"$53,500",2.2
CM53,11,I,17,,I,0110,1,ZP-05,M,XXXX,2,10,F,1,200309,1,"$132,382",33.8
CM53,11,G,13,,H,0110,1,ZP-04,J,XXXX,8,10,F,1,200309,1,"$106,081",25.7
CM53,11,G,13,,B,0110,1,ZP-05,J,XXXX,8,15,F,1,200309,1,"$105,050",2.6
CM53,11,C,13,,D,0110,1,ZP-04,F,XXXX,8,10,F,1,200309,1,"$69,054",6.3
CM53,11,C,17,,A,0110,1,ZP-02,D,XXXX,8,15,F,1,200309,1,"$42,046",0.1
CM53,11,E,14,,E,0110,1,ZP-04,H,XXXX,8,10,F,1,200309,1,"$86,089",14.6
CM53,11,B,13,,B,0110,1,ZP-03,D,XXXX,8,15,F,1,200309,1,"$49,527",2.3
CM53,11,J,21,,I,0110,1,ZP-05,L,XXXX,8,10,F,1,200309,1,"$124,783",32.1
CM53,11,G,13,,D,0110,1,ZP-03,E,XXXX,8,10,F,1,200309,1,"$54,518",5.3
CM53,11,E,13,,E,0110,1,ZP-04,H,XXXX,2,10,F,1,200309,1,"$88,802",12.5
CM53,11,E,13,,E,0110,1,ZP-04,I,XXXX,8,10,F,1,200309,1,"$92,364",12.2
CM53,11,B,13,,A,0110,1,ZP-02,C,XXXX,8,15,F,1,200309,1,"$36,010",0.3
CM53,11,F,13,,F,0110,1,ZP-04,H,XXXX,8,10,F,1,200309,1,"$86,776",17.0
CM53,11,J,13,,G,0110,1,ZP-03,G,XXXX,8,10,F,1,200309,1,"$70,013",24.3
CM53,11,G,21,,G,0110,1,ES-03,N,XXXX,2,50,F,1,200309,1,"$142,500",21.3
CM53,11,H,21,,H,0110,1,ZP-04,H,XXXX,8,10,F,1,200309,1,"$84,003",28.3
CM53,11,D,13,,E,0110,1,ZP-03,G,XXXX,8,10,P,2,200309,1,"$73,999",10.3
CM53,11,C,13,,C,0110,1,ZP-03,E,XXXX,8,10,F,1,200309,1,"$52,001",3.8
CM53,11,H,13,,H,0110,1,ZP-03,F,XXXX,8,10,F,1,200309,1,"$68,364",28.6
CM53,11,B,13,,D,0110,1,ZP-02,C,XXXX,8,15,F,1,200309,1,"$36,010",5.3
CM53,11,C,13,,D,0110,1,ZP-03,E,XXXX,8,10,F,1,200309,1,"$56,314",5.1
CM53,11,C,13,,C,0110,1,ZP-04,G,XXXX,8,10,F,1,200309,1,"$71,054",4.9
CM53,11,E,13,,F,0110,1,ZP-04,H,XXXX,8,10,F,1,200309,1,"$80,016",15.8
CM53,11,I,21,,E,0110,1,ZP-04,H,XXXX,8,10,F,1,200309,1,"$89,533",12.7
CM53,11,G,17,,H,0110,1,ZP-04,J,XXXX,8,10,F,1,200309,1,"$106,081",28.6
CM53,11,E,04,,D,0110,1,ZP-02,C,XXXX,8,15,F,1,200309,1,"$36,009",5.9
CM53,11,B,13,,A,0110,1,ZP-02,C,XXXX,8,15,F,1,200309,1,"$35,610",0.3
CM53,11,D,13,,D,0110,1,ZP-03,G,XXXX,8,10,F,1,200309,1,"$70,865",9.3
CM53,11,H,17,,G,0110,1,ZP-03,G,XXXX,8,10,P,2,200309,1,"$75,487",20.4
CM53,11,D,18,,B,0110,1,ZP-03,G,XXXX,8,15,F,1,200309,1,"$72,591",2.3
CM53,11,H,13,,I,0110,1,ZP-04,J,XXXX,8,10,F,1,200309,1,"$106,081",32.8
CM53,11,J,14,,J,0110,1,ZP-03,G,XXXX,8,10,F,1,200309,1,"$75,487",38.3
CM53,11,G,21,,F,0110,1,ZP-05,L,XXXX,8,10,F,1,200309,1,"$122,884",18.3
CM53,11,E,17,,B,0110,1,ZP-03,E,XXXX,8,15,F,1,200309,1,"$52,455",2.8
CM53,11,H,14,,H,0110,1,ZP-04,H,XXXX,8,10,F,1,200309,1,"$85,681",27.9
CM53,11,C,13,,B,0110,1,ZP-02,C,XXXX,8,15,F,1,200309,1,"$37,647",1.2
CM53,11,H,17,,H,0110,1,ZP-05,L,XXXX,2,10,F,1,200309,1,"$125,420",27.1
CM53,11,B,13,,B,0110,1,ZP-02,C,XXXX,8,15,F,1,200309,1,"$36,009",1.0
CM53,11,B,13,,B,0110,1,ZP-03,D,XXXX,8,15,F,1,200309,1,"$48,451",2.2
CM53,11,B,13,,B,0110,1,ZP-03,D,XXXX,8,15,F,1,200309,1,"$48,451",2.3
CM53,11,B,14,,A,0110,1,ZP-02,C,XXXX,8,15,F,1,200309,1,"$36,730",0.2
CM53,11,D,13,,D,0110,1,ZP-04,H,XXXX,8,10,F,1,200309,1,"$81,638",9.1
CM53,11,H,17,,G,0110,1,ZP-03,G,XXXX,8,10,F,1,200309,1,"$71,674",23.8
CM53,11,G,13,,G,0110,1,ZP-03,G,XXXX,8,10,P,2,200309,1,"$75,487",23.2
CM53,11,G,17,,H,0110,1,ZP-04,J,XXXX,2,10,F,1,200309,1,"$106,250",26.3
CM53,11,E,13,,E,0110,1,ZP-04,G,XXXX,8,10,F,1,200309,1,"$79,756",11.3
CM53,11,H,17,,G,0110,1,ZP-05,J,XXXX,2,10,F,1,200309,1,"$108,851",23.6
CM53,11,D,13,,E,0110,1,ZP-03,G,XXXX,8,10,P,2,200309,1,"$75,487",11.9
CM53,11,D,17,,D,0110,1,ZP-03,E,XXXX,8,10,F,1,200309,1,"$53,063",5.3
CM53,11,I,14,,H,0110,1,ZP-03,G,XXXX,8,10,F,1,200309,1,"$73,664",29.3
CM53,11,H,13,,I,0110,1,ZP-04,J,XXXX,8,10,F,1,200309,1,"$101,106",34.7
CM53,11,H,13,,I,0110,1,ZP-05,M,XXXX,2,10,F,1,200309,1,"$132,382",31.0
CM53,11,D,14,,E,0110,1,ZP-03,E,XXXX,8,10,F,1,200309,1,"$53,063",12.3
CM53,11,E,17,,E,0110,1,ZP-04,I,XXXX,8,10,P,2,200309,1,"$98,008",12.3
CM53,11,E,14,,E,0110,1,ZP-04,H,XXXX,8,10,F,1,200309,1,"$84,055",13.3
CM53,11,F,17,,E,0110,1,ZP-04,H,XXXX,8,10,F,1,200309,1,"$84,704",14.1
CM53,11,F,17,,F,0110,1,ZP-04,I,XXXX,8,10,F,1,200309,1,"$95,546",16.9
CM53,11,H,21,,G,0110,1,ZP-04,K,XXXX,2,10,F,1,200309,1,"$111,961",20.8
CM53,11,G,13,,H,0110,1,ZP-04,J,XXXX,2,10,F,1,200309,1,"$108,159",29.8
CM53,11,B,14,,B,0110,1,ZP-03,D,XXXX,8,15,F,1,200309,1,"$48,451",2.5
CM53,11,D,17,,C,0110,1,ZP-04,G,XXXX,8,10,F,1,200309,1,"$77,473",4.3
CM53,11,F,14,,D,0110,1,ZP-03,E,XXXX,8,10,F,1,200309,1,"$55,260",6.0
CM53,11,J,21,,H,0110,1,ES-02,M,XXXX,2,50,F,1,200309,1,"$137,543",28.1
CM53,11,H,17,,H,0110,1,ZP-04,J,XXXX,8,10,F,1,200309,1,"$103,051",28.1
CM53,11,C,21,,A,0110,1,ZP-03,G,XXXX,8,15,F,1,200309,1,"$75,492",0.0
CM53,11,H,13,,I,0110,1,ZP-04,I,XXXX,8,10,P,2,200309,1,"$98,470",30.1
CM53,11,G,21,,F,0110,1,ZP-05,J,XXXX,2,10,F,1,200309,1,"$108,656",16.0
CM53,11,E,14,,E,0110,1,ZP-04,H,XXXX,8,10,F,1,200309,1,"$82,419",10.0
CM53,11,I,21,,G,0110,1,ZP-05,M,XXXX,2,10,F,1,200309,1,"$132,382",24.3
CM53,11,H,17,,H,0110,1,ZP-05,L,XXXX,2,10,F,1,200309,1,"$124,245",27.8
CM53,11,E,17,,E,0110,1,ZP-04,H,XXXX,8,10,F,1,200309,1,"$81,500",10.1
CM53,11,G,14,,G,0110,1,ZP-04,I,XXXX,8,10,F,1,200309,1,"$94,710",23.3
CM53,11,H,21,,G,0110,1,ES-06,N,XXXX,2,50,F,1,200309,1,"$142,500",24.1
CM53,11,I,21,,I,0110,1,ZP-05,L,XXXX,2,10,F,1,200309,1,"$125,602",30.6
CM53,11,D,17,,D,0110,1,ZP-04,G,XXXX,8,10,F,1,200309,1,"$75,884",7.0
CM53,11,B,13,,B,0110,1,ZP-03,D,XXXX,8,15,F,1,200309,1,"$48,950",2.3
CM53,11,F,17,,F,0110,1,ZP-03,F,XXXX,8,38,F,1,200309,1,"$66,787",16.4
CM53,11,E,13,,E,0110,1,ZP-04,H,XXXX,8,10,F,1,200309,1,"$89,331",11.8
CM53,11,K,,,H,0110,1,ZP-05,L,XXXX,8,20,P,2,200309,1,"$124,783",28.7
CM53,11,B,13,,A,0110,1,ZP-02,C,XXXX,8,15,F,1,200309,1,"$37,647",0.0
CM53,11,C,17,,B,0110,1,ZP-02,D,XXXX,8,15,F,1,200309,1,"$40,044",1.3
CM53,11,G,17,,G,0110,1,ZP-03,G,XXXX,8,10,F,1,200309,1,"$75,361",24.3
CM53,11,F,17,,F,0110,1,ZP-04,I,XXXX,8,10,F,1,200309,1,"$92,038",15.0
CM53,11,I,14,,I,0110,1,ZP-04,J,XXXX,8,10,F,1,200309,1,"$100,521",32.3
CM53,11,H,21,,B,0110,1,ZP-04,H,XXXX,8,15,F,1,200309,1,"$81,394",2.0
CM53,11,B,13,,A,0110,1,ZP-02,C,XXXX,8,15,F,1,200309,1,"$36,010",0.3
CM53,11,J,,,J,0110,1,ZP-05,L,XXXX,8,20,P,2,200309,1,"$124,783",45.2
CM53,11,E,17,,D,0110,1,ZP-03,G,XXXX,8,10,F,1,200309,1,"$74,098",9.0
CM53,11,G,13,,F,0110,1,ZP-04,H,XXXX,8,10,F,1,200309,1,"$86,379",19.6
CM53,11,B,13,,B,0110,1,ZP-02,C,XXXX,8,15,F,1,200309,1,"$36,011",1.1
CM53,11,G,17,,F,0110,1,ZP-05,J,XXXX,2,10,F,1,200309,1,"$102,765",16.6
CM53,11,E,13,,E,0110,1,ZP-03,G,XXXX,8,10,F,1,200309,1,"$72,270",13.1
CM53,11,D,17,,D,0110,1,ZP-03,E,XXXX,8,15,F,1,200309,1,"$52,199",5.9
CM53,11,B,13,,B,0110,1,ZP-03,D,XXXX,8,15,F,1,200309,1,"$48,451",2.3
CM53,11,F,13,,E,0110,1,ZP-03,G,XXXX,8,10,F,1,200309,1,"$72,589",12.8
CM53,11,E,13,,F,0110,1,ZP-03,G,XXXX,8,10,F,1,200309,1,"$71,044",16.1
CM53,11,B,13,,A,0110,1,ZP-02,C,XXXX,8,15,F,1,200309,1,"$37,090",0.0
CM53,11,C,13,,C,0110,1,ZP-03,F,XXXX,8,15,P,2,200309,1,"$60,762",4.2
CM53,11,D,14,,D,0110,1,ZP-04,G,XXXX,8,10,F,1,200309,1,"$76,813",8.9
CM53,11,I,17,,I,0110,1,ZP-04,J,XXXX,2,10,F,1,200309,1,"$108,873",33.6
CM53,11,C,14,,C,0110,1,ZP-02,E,XXXX,8,10,F,1,200309,1,"$54,530",4.0
CM53,11,B,12,,A,0110,1,ZP-02,C,XXXX,8,15,F,1,200309,1,"$37,646",0.1
CM53,11,F,13,,F,0110,1,ZP-05,K,XXXX,2,10,F,1,200309,1,"$111,907",19.0
CM53,11,E,13,,E,0110,1,ZP-03,E,XXXX,8,10,F,1,200309,1,"$56,048",12.3
CM53,11,K,17,,H,0110,1,ZP-03,F,XXXX,8,10,F,1,200309,1,"$64,648",25.4
CM53,11,I,13,,I,0110,1,ZP-04,K,XXXX,8,10,F,1,200309,1,"$111,284",32.9
CM53,11,H,19,,G,0110,1,ZP-03,G,XXXX,8,10,F,1,200309,1,"$70,429",24.6
CM53,11,C,17,,B,0110,1,ZP-02,D,XXXX,8,15,F,1,200309,1,"$43,975",2.4
CM53,11,B,13,,B,0110,1,ZP-02,C,XXXX,8,15,F,1,200309,1,"$36,644",1.0
CM53,11,B,13,,A,0110,1,ZP-02,C,XXXX,8,15,F,1,200309,1,"$38,171",0.1
CM53,11,J,21,,H,0110,1,ES-04,N,XXXX,2,50,F,1,200309,1,"$142,500",28.0
CM53,11,D,17,,C,0110,1,ZP-03,D,XXXX,8,10,F,1,200309,1,"$48,451",3.3
CM53,11,C,13,,C,0110,1,ZP-03,E,XXXX,8,10,F,1,200309,1,"$58,070",3.2
CM53,11,G,13,,G,0110,1,ZP-03,G,XXXX,8,10,F,1,200309,1,"$75,487",24.3
CM53,11,F,04,,D,0110,1,ZP-05,J,XXXX,8,10,F,1,200309,1,"$103,638",8.6
CM53,11,B,11,,B,0110,1,ZP-03,E,XXXX,8,15,F,1,200309,1,"$50,873",2.5
CM53,11,D,13,,E,0110,1,ZP-04,H,XXXX,8,10,F,1,200309,1,"$89,096",11.9
CM53,11,J,17,,I,0110,1,ZP-04,J,XXXX,8,10,F,1,200309,1,"$106,081",30.4
CM53,11,C,17,,B,0110,1,ZP-02,D,XXXX,8,15,F,1,200309,1,"$40,044",1.0
CM53,11,I,17,,H,0110,1,ZP-04,J,XXXX,8,10,F,1,200309,1,"$106,081",29.5
CM53,11,D,13,,D,0110,1,ZP-04,G,XXXX,8,10,F,1,200309,1,"$77,339",8.3
CM53,11,C,13,,A,0110,1,ZP-02,C,XXXX,8,15,F,1,200309,1,"$37,090",0.0
CM53,11,E,18,,C,0110,1,ZP-04,H,XXXX,8,15,F,1,200309,1,"$80,284",4.0
CM53,11,I,18,,H,0110,1,ZP-04,J,XXXX,8,10,P,2,200309,1,"$106,081",25.0
CM53,11,H,21,,D,0110,1,ES-02,M,XXXX,2,50,F,1,200309,1,"$137,543",6.1
CM53,11,G,17,,A,0110,1,ZA-03,F,XXXX,8,15,F,1,200309,1,"$65,000",0.1
CM53,11,I,13,,H,0110,1,ZP-04,H,XXXX,8,10,F,1,200309,1,"$85,763",29.4
CM53,11,G,17,,F,0110,1,ES-04,N,XXXX,2,50,F,1,200309,1,"$142,500",18.8
CM53,11,G,21,,F,0110,1,ZP-04,I,XXXX,8,10,F,1,200309,1,"$95,127",15.2
CM53,11,I,14,,H,0110,1,ZP-05,L,XXXX,2,10,F,1,200309,1,"$128,090",26.5
CM53,11,C,17,,B,0110,1,ZP-03,D,XXXX,8,15,F,1,200309,1,"$48,451",1.9
CM53,11,C,13,,C,0110,1,ZP-03,E,XXXX,8,10,F,1,200309,1,"$57,211",3.3
CM53,11,C,13,,A,0110,1,ZP-03,G,XXXX,8,15,F,1,200309,1,"$70,000",0.2
CM53,11,B,13,,A,0110,1,ZP-02,C,XXXX,8,15,F,1,200309,1,"$36,417",0.4
CM53,11,B,13,,B,0110,1,ZP-03,D,XXXX,8,15,F,1,200309,1,"$49,600",1.9
CM53,11,C,13,,B,0110,1,ZP-02,D,XXXX,8,15,F,1,200309,1,"$42,764",1.9
CM53,11,I,18,,I,0110,1,ZP-04,I,XXXX,8,10,F,1,200309,1,"$96,914",31.2
CM53,11,E,17,,E,0110,1,ZP-04,H,XXXX,8,10,F,1,200309,1,"$80,599",13.1
CM53,11,F,21,,C,0110,1,ZP-04,G,XXXX,8,10,F,1,200309,1,"$71,966",4.6
CM53,11,E,13,,E,0110,1,ZP-04,G,XXXX,8,10,F,1,200309,1,"$79,892",13.0
CM53,11,D,13,,C,0110,1,ZP-03,E,XXXX,8,10,F,1,200309,1,"$55,367",4.4
CM53,11,H,13,,H,0110,1,ZP-04,I,XXXX,8,10,F,1,200309,1,"$91,942",29.9
CM53,11,F,13,,F,0110,1,ZP-03,E,XXXX,8,10,F,1,200309,1,"$56,528",15.2
CM53,11,G,13,,I,0110,1,ZP-03,G,XXXX,8,10,F,1,200309,1,"$75,487",31.1
CM53,11,D,17,,E,0110,1,ZP-03,F,XXXX,8,10,F,1,200309,1,"$62,424",12.4
CM53,11,C,13,,D,0110,1,ZP-03,E,XXXX,8,10,F,1,200309,1,"$53,063",5.0
CM53,11,G,22,,B,0110,1,ZP-04,I,XXXX,8,15,F,1,200309,1,"$91,783",2.7
CM53,11,H,11,,I,0110,1,ZP-04,J,XXXX,2,10,F,1,200309,1,"$106,091",33.3
CM53,11,I,13,,G,0110,1,ZP-03,G,XXXX,8,10,F,1,200309,1,"$75,432",20.7
CM53,11,G,04,,H,0110,1,ZP-03,E,XXXX,8,10,F,1,200309,1,"$57,701",27.9
CM53,11,F,13,,G,0110,1,ZP-03,G,XXXX,8,10,F,1,200309,1,"$72,479",20.6
CM53,11,D,13,,D,0110,1,ZP-04,G,XXXX,8,10,F,1,200309,1,"$76,294",8.2
CM53,11,G,17,,D,0110,1,ZP-03,F,XXXX,8,10,F,1,200309,1,"$64,913",5.1
CM53,11,E,08,,G,0110,1,ZP-03,E,XXXX,8,10,F,1,200309,1,"$55,910",20.5
CM53,11,E,13,,E,0110,1,ZP-03,G,XXXX,8,10,F,1,200309,1,"$72,811",13.7
CM53,11,D,21,,B,0110,1,ZP-03,G,XXXX,8,15,F,1,200309,1,"$71,620",1.8
CM53,11,B,13,,B,0110,1,ZP-03,D,XXXX,8,15,F,1,200309,1,"$48,451",2.1
CM53,11,B,13,,A,0110,1,ZP-02,C,XXXX,8,15,F,1,200309,1,"$38,171",0.2
CM54,24,E,21,,E,0110,1,ZP-04,I,XXXX,8,10,F,1,200309,1,"$97,593",10.9
CM54,25,F,17,13,F,0110,1,GS-13,G,XXXX,8,10,F,1,200309,1,"$71,620",16.7
CM54,25,F,21,14,E,0110,1,GS-14,H,XXXX,8,10,F,1,200309,1,"$87,279",10.1
CM54,24,E,13,12,B,0110,1,GS-12,F,XXXX,8,15,F,1,200309,1,"$63,877",1.7
CM54,02,H,21,,C,0110,1,ZP-04,G,XXXX,8,10,F,1,200309,1,"$75,647",3.2
CM54,24,H,04,,D,0110,1,ZP-04,J,XXXX,8,10,F,1,200309,1,"$104,247",5.0
CM54,25,G,17,12,F,0110,1,GS-12,F,XXXX,8,10,F,1,200309,1,"$63,992",15.9
CM54,24,I,14,14,H,0110,1,GS-14,J,XXXX,8,10,F,1,200309,1,"$103,366",29.0
CM54,37,H,18,14,H,0110,1,GS-14,I,XXXX,2,10,F,1,200309,1,"$92,570",25.0
CM54,06,I,21,13,G,0110,1,GS-13,H,XXXX,8,10,F,1,200309,1,"$88,503",24.0
CM54,24,H,15,,E,0110,1,ZP-03,G,XXXX,8,10,F,1,200309,1,"$71,952",13.5
CM54,24,G,21,,I,0110,1,ZP-04,I,XXXX,8,10,F,1,200309,1,"$99,364",30.7
CM54,24,E,17,14,C,0110,1,GS-14,H,XXXX,8,10,F,1,200309,1,"$84,323",4.5
CM54,24,D,,,B,0110,1,ZP-02,D,XXXX,8,42,I,2,200309,1,"$41,288",2.8
CM54,25,J,21,14,G,0110,1,GS-14,I,XXXX,2,10,F,1,200309,1,"$92,570",24.6
CM54,44,G,21,14,F,0110,1,GS-14,I,XXXX,8,10,F,1,200309,1,"$97,113",16.2
CM54,24,I,21,,I,0110,1,ZP-05,L,XXXX,2,10,F,1,200309,1,"$126,504",30.3
CM54,25,E,17,12,E,0110,1,GS-12,F,XXXX,8,10,F,1,200309,1,"$63,992",11.2
CM54,25,F,17,12,E,0110,1,GS-12,F,XXXX,8,10,F,1,200309,1,"$63,992",12.6
CM54,24,E,13,13,F,0110,1,GS-13,G,XXXX,8,10,F,1,200309,1,"$71,357",15.9
CM54,24,F,21,,C,0110,1,ZP-04,H,XXXX,8,10,F,1,200309,1,"$83,182",4.5
CM54,45,F,17,13,G,0110,1,GS-13,G,XXXX,8,10,F,1,200309,1,"$78,336",24.6
CM54,06,E,21,12,C,0110,1,GS-12,F,XXXX,8,10,F,1,200309,1,"$68,603",4.5
CM54,12,H,21,13,A,0110,1,GS-13,H,XXXX,8,15,F,1,200309,1,"$80,574",0.3
CM54,24,E,17,,A,0110,1,ZP-04,F,XXXX,8,15,F,1,200309,1,"$69,100",0.3
CM54,24,H,20,14,F,0110,1,GS-14,I,XXXX,8,10,F,1,200309,1,"$97,925",17.6
CM54,24,E,18,13,E,0110,1,GS-13,G,XXXX,8,10,F,1,200309,1,"$78,263",12.2
CM54,53,H,21,,F,0110,1,ZP-04,J,XXXX,2,10,F,1,200309,1,"$108,337",19.2
CM54,12,E,21,12,B,0110,1,GS-12,F,XXXX,8,15,F,1,200309,1,"$60,575",2.0
CM54,15,H,18,15,G,0110,1,GS-15,I,XXXX,2,10,F,1,200309,1,"$93,654",21.8
CM54,12,F,21,13,D,0110,1,GS-13,G,XXXX,8,10,F,1,200309,1,"$76,097",5.6
CM54,24,E,13,12,C,0110,1,GS-12,G,XXXX,8,10,F,1,200309,1,"$75,492",3.1
CM54,24,D,17,13,D,0110,1,GS-13,G,XXXX,8,10,F,1,200309,1,"$73,659",5.3
CM54,12,G,21,14,E,0110,1,GS-14,H,XXXX,2,10,F,1,200309,1,"$87,279",14.6
CM54,24,D,14,,C,0110,1,ZP-04,G,XXXX,8,10,F,1,200309,1,"$75,692",4.2
CM54,53,E,21,13,D,0110,1,GS-13,G,XXXX,8,15,F,1,200309,1,"$76,210",5.0
CM54,53,J,21,15,H,0110,1,GM-15,L,XXXX,2,10,F,1,200309,1,"$125,192",27.7
CM54,53,G,21,13,D,0110,1,GS-13,H,XXXX,8,10,F,1,200309,1,"$80,830",6.0
CM54,53,I,21,,H,0110,1,ZP-04,J,XXXX,8,10,F,1,200309,1,"$102,252",28.4
CM54,53,G,21,14,F,0110,1,GS-14,H,XXXX,8,10,F,1,200309,1,"$87,329",16.3
CM54,25,J,21,,F,0110,1,ZP-04,I,XXXX,8,10,F,1,200309,1,"$96,075",19.8
CM54,53,F,17,13,C,0110,1,GS-13,F,XXXX,2,15,F,1,200309,1,"$69,281",3.3
CM54,53,D,21,13,B,0110,1,GS-13,G,XXXX,8,15,F,1,200309,1,"$71,591",2.5
CM54,06,H,17,13,H,0110,1,GS-13,H,XXXX,2,10,F,1,200309,1,"$88,997",25.2
CM54,06,K,21,,H,0110,1,ZP-04,J,XXXX,8,10,F,1,200309,1,"$106,018",27.9
CM54,12,K,21,13,I,0110,1,GS-13,H,XXXX,8,10,F,1,200309,1,"$87,289",34.2
CM54,53,D,21,13,A,0110,1,GS-13,G,XXXX,8,15,F,1,200309,1,"$71,591",0.2
CM54,06,H,18,14,G,0110,1,GS-14,J,XXXX,2,10,F,1,200309,1,"$101,833",24.4
CM54,24,F,17,14,F,0110,1,GS-14,I,XXXX,8,10,F,1,200309,1,"$97,925",15.7
CM54,53,I,21,14,G,0110,1,GS-14,J,XXXX,8,10,F,1,200309,1,"$100,976",21.4
CM54,53,G,21,13,C,0110,1,GS-13,H,XXXX,8,15,F,1,200309,1,"$80,830",4.5
CM54,02,F,18,,E,0110,1,ZP-04,G,XXXX,8,10,F,1,200309,1,"$72,180",10.8
CM54,02,E,18,,A,0110,1,ZP-03,E,XXXX,8,15,F,1,200309,1,"$53,612",0.7
CM54,53,C,14,,A,0110,1,ZP-02,D,XXXX,8,15,F,1,200309,1,"$49,000",0.1
CM54,15,F,21,11,A,0110,1,GS-11,D,XXXX,8,15,F,1,200309,1,"$47,275",0.9
CM54,12,D,21,11,A,0110,1,GS-11,D,XXXX,8,15,F,1,200309,1,"$48,911",0.8
CM55,11,D,17,13,B,0110,1,GS-13,G,XXXX,8,15,F,1,200309,1,"$71,357",2.5
CM55,11,J,17,13,J,0110,1,GM-13,H,XXXX,5,10,F,1,200309,1,"$89,774",37.2
CM55,11,J,13,15,J,0110,1,GM-15,L,XXXX,2,10,F,1,200309,1,"$124,783",36.4
CM55,11,H,17,13,F,0110,1,GS-13,H,XXXX,8,10,F,1,200309,1,"$82,867",17.7
CM55,11,K,21,14,H,0110,1,GS-14,I,XXXX,8,10,F,1,200309,1,"$95,204",25.1
CM55,11,I,17,15,H,0110,1,GS-15,L,XXXX,2,10,F,1,200309,1,"$124,783",28.9
CM55,11,H,13,14,H,0110,1,GS-14,J,XXXX,8,10,F,1,200309,1,"$106,086",28.3
CM55,11,J,17,13,J,0110,1,GS-13,H,XXXX,8,10,F,1,200309,1,"$89,774",38.3
CM55,11,J,17,13,J,0110,1,GM-13,H,XXXX,5,10,F,1,200309,1,"$89,774",41.0
CM55,11,I,14,14,G,0110,1,GM-14,H,XXXX,5,10,F,1,200309,1,"$89,764",21.9
CM55,11,D,17,12,C,0110,1,GS-12,F,XXXX,8,15,F,1,200309,1,"$67,749",3.8
CM55,11,E,13,12,D,0110,1,GS-12,E,XXXX,8,10,F,1,200309,1,"$58,070",8.3
CM55,11,I,21,14,I,0110,1,GS-14,I,XXXX,8,10,F,1,200309,1,"$95,204",32.6
CM55,11,F,17,14,F,0110,1,GM-14,H,XXXX,5,10,F,1,200309,1,"$89,764",15.7
CM55,11,I,21,15,G,0110,1,GS-15,L,XXXX,2,10,F,1,200309,1,"$124,783",24.9
CM55,11,H,17,14,G,0110,1,GS-14,H,XXXX,8,10,F,1,200309,1,"$87,043",24.3
CM55,11,E,13,13,F,0110,1,GS-13,H,XXXX,8,10,F,1,200309,1,"$80,565",17.0
CM55,11,B,04,09,B,0110,1,GS-09,D,XXXX,8,15,F,1,200309,1,"$40,044",1.8
CM55,11,G,16,13,D,0110,1,GS-13,G,XXXX,8,10,F,1,200309,1,"$73,659",5.2
CM55,11,I,14,13,I,0110,1,GS-13,H,XXXX,8,10,F,1,200309,1,"$85,169",34.3
CM55,11,H,18,15,G,0110,1,GS-15,K,XXXX,2,10,F,1,200309,1,"$111,985",22.3
CM55,11,G,21,15,F,0110,1,GS-15,K,XXXX,8,10,F,1,200309,1,"$111,985",16.2
CM55,11,D,17,15,E,0110,1,GS-15,I,XXXX,2,10,F,1,200309,1,"$99,186",11.7
CM55,11,J,13,13,J,0110,1,GM-13,H,XXXX,5,10,F,1,200309,1,"$89,774",35.9
CM55,11,F,17,13,F,0110,1,GS-13,H,XXXX,8,10,P,2,200309,1,"$80,565",17.8
CM55,11,H,13,13,I,0110,1,GM-13,H,XXXX,5,10,F,1,200309,1,"$89,774",30.1
CM55,11,D,17,13,D,0110,1,GS-13,F,XXXX,8,10,F,1,200309,1,"$69,054",7.4
CM55,11,H,13,13,H,0110,1,GS-13,H,XXXX,8,10,F,1,200309,1,"$89,774",28.1
CM55,11,G,17,15,H,0110,1,GS-15,K,XXXX,8,10,F,1,200309,1,"$118,384",25.3
CM55,11,D,17,12,D,0110,1,GS-12,F,XXXX,8,10,F,1,200309,1,"$63,877",5.3
CM55,11,H,10,14,I,0110,1,GS-14,I,XXXX,8,10,F,1,200309,1,"$97,925",30.0
CM55,11,C,14,12,B,0110,1,GS-12,E,XXXX,8,15,F,1,200309,1,"$58,070",2.3
CM55,11,F,14,13,E,0110,1,GS-13,H,XXXX,8,10,F,1,200309,1,"$85,169",12.1
CM55,11,I,13,12,I,0110,1,GS-12,G,XXXX,8,10,F,1,200309,1,"$75,492",32.4
CM55,11,I,17,13,H,0110,1,GM-13,H,XXXX,5,10,F,1,200309,1,"$89,774",29.0
CM55,11,K,21,14,J,0110,1,GM-14,J,XXXX,5,10,F,1,200309,1,"$106,086",42.5
CM55,11,J,17,12,H,0110,1,GS-12,G,XXXX,8,10,F,1,200309,1,"$73,556",27.4
CM55,11,I,21,13,I,0110,1,GM-13,H,XXXX,5,10,F,1,200309,1,"$89,774",30.0
CM55,11,D,17,13,D,0110,1,GS-13,F,XXXX,8,10,F,1,200309,1,"$69,054",6.4
CM55,11,J,17,12,I,0110,1,GS-12,G,XXXX,8,10,F,1,200309,1,"$75,492",30.7
CM55,11,I,17,13,I,0110,1,GM-13,H,XXXX,5,10,F,1,200309,1,"$89,774",33.5
CM55,11,C,13,12,C,0110,1,GS-12,E,XXXX,8,10,F,1,200309,1,"$58,070",3.2
CM55,11,F,13,14,F,0110,1,GS-14,I,XXXX,8,10,F,1,200309,1,"$95,204",17.8
CM55,11,J,18,14,I,0110,1,GS-14,I,XXXX,8,10,F,1,200309,1,"$97,925",33.6
CM55,11,H,17,14,H,0110,1,GS-14,J,XXXX,2,10,F,1,200309,1,"$100,645",25.1
CM55,11,I,18,14,I,0110,1,GS-14,J,XXXX,8,10,F,1,200309,1,"$106,086",32.8
CM55,11,J,13,14,H,0110,1,GM-14,J,XXXX,2,10,F,1,200309,1,"$106,086",27.5
CM55,11,D,17,13,E,0110,1,GS-13,G,XXXX,8,10,F,1,200309,1,"$78,263",10.8
CM55,11,H,21,15,H,0110,1,GS-15,K,XXXX,2,10,F,1,200309,1,"$118,384",26.7
CM55,11,K,17,15,I,0110,1,GM-15,L,XXXX,2,10,F,1,200309,1,"$124,783",33.0
CM55,11,H,17,13,I,0110,1,GM-13,H,XXXX,5,10,F,1,200309,1,"$89,774",32.3
CM55,11,D,21,14,C,0110,1,GS-14,H,XXXX,8,10,F,1,200309,1,"$89,764",4.3
CM55,11,I,17,15,I,0110,1,GM-15,L,XXXX,5,10,F,1,200309,1,"$124,783",32.9
CM55,11,J,21,15,H,0110,1,GM-15,L,XXXX,2,10,F,1,200309,1,"$124,783",25.3
CM55,11,H,14,14,I,0110,1,GS-14,I,XXXX,8,10,F,1,200309,1,"$97,925",31.0
CM55,11,E,13,14,F,0110,1,GS-14,H,XXXX,8,10,F,1,200309,1,"$87,043",16.4
CM55,11,I,17,14,I,0110,1,GM-14,J,XXXX,5,10,F,1,200309,1,"$106,086",32.4
CM55,11,H,21,14,F,0110,1,GS-14,J,XXXX,8,10,F,1,200309,1,"$100,645",15.2
CM55,11,D,17,14,D,0110,1,GS-14,H,XXXX,2,10,F,1,200309,1,"$87,043",7.3
CM55,11,E,17,15,D,0110,1,GS-15,J,XXXX,8,10,F,1,200309,1,"$102,386",9.3
CM55,11,D,17,09,B,0110,1,GS-09,D,XXXX,8,15,F,1,200309,1,"$40,044",2.8
CM55,11,C,16,13,D,0110,1,GS-13,G,XXXX,8,10,F,1,200309,1,"$71,357",5.5
CM55,11,G,17,14,F,0110,1,GS-14,I,XXXX,8,10,F,1,200309,1,"$97,925",16.0
CM55,11,D,17,12,C,0110,1,GS-12,F,XXXX,8,10,F,1,200309,1,"$60,006",3.2
CM55,11,G,17,14,F,0110,1,GM-14,I,XXXX,5,10,F,1,200309,1,"$92,484",17.0
CM55,11,K,17,13,H,0110,1,GM-13,H,XXXX,5,10,F,1,200309,1,"$89,774",26.2
CM55,11,G,18,13,G,0110,1,GM-13,H,XXXX,5,10,F,1,200309,1,"$89,774",23.3
CM55,11,H,16,13,H,0110,1,GM-13,H,XXXX,5,10,F,1,200309,1,"$89,774",28.8
CM55,11,I,17,13,I,0110,1,GM-13,H,XXXX,5,10,F,1,200309,1,"$89,774",31.8
CM55,11,F,17,13,F,0110,1,GS-13,H,XXXX,8,10,F,1,200309,1,"$82,867",18.8
CM55,11,C,14,12,D,0110,1,GS-12,F,XXXX,8,10,F,1,200309,1,"$63,877",5.3
CM55,11,H,04,15,C,0110,1,GS-15,K,XXXX,8,10,F,1,200309,1,"$118,384",3.1
CM56,51,J,17,15,E,0110,1,GS-15,K,XXXX,8,10,F,1,200309,1,"$118,384",10.2
CM56,51,E,13,13,E,0110,1,GS-13,G,XXXX,8,10,F,1,200309,1,"$78,263",12.8
CM57,24,D,17,,D,0110,1,ZP-04,G,XXXX,8,10,F,1,200309,1,"$78,039",6.2
CM57,24,D,,,B,0110,1,ZP-03,G,XXXX,8,20,F,2,200309,1,"$77,005",1.2
CM57,24,H,21,,D,0110,1,ZP-04,J,XXXX,8,10,F,1,200309,1,"$106,009",9.3
CM57,24,E,21,,E,0110,1,ZP-04,J,XXXX,8,10,F,1,200309,1,"$101,583",12.1
CM57,24,E,,,D,0110,1,ZP-02,D,XXXX,8,20,F,2,200309,1,"$47,962",5.2
CM57,24,C,12,,D,0110,1,ZP-02,E,XXXX,8,10,F,1,200309,1,"$56,124",5.3
CM57,24,F,,,E,0110,1,ZP-04,J,XXXX,8,20,F,2,200309,1,"$101,013",13.4
CM57,24,E,18,,D,0110,1,ZP-04,J,XXXX,2,10,F,1,200309,1,"$105,444",9.2
CM57,24,E,14,,C,0110,1,ZP-03,F,XXXX,8,15,F,1,200309,1,"$66,899",4.5
CM57,24,G,14,,E,0110,1,ZP-04,J,XXXX,8,10,F,1,200309,1,"$100,586",12.3
CM57,24,I,21,,I,0110,1,ZP-05,L,XXXX,8,10,F,1,200309,1,"$124,783",32.3
CM57,24,D,13,,F,0110,1,ZP-03,F,XXXX,8,10,F,1,200309,1,"$68,168",16.2
CM57,24,J,21,,G,0110,1,ZP-04,I,XXXX,8,10,F,1,200309,1,"$91,293",20.0
CM57,24,F,21,,B,0110,1,ZP-03,G,XXXX,8,15,F,1,200309,1,"$77,005",1.9
CM57,24,H,21,,D,0110,1,ZP-04,K,XXXX,2,15,F,1,200309,1,"$112,547",5.8
CM57,24,E,17,,E,0110,1,ZP-04,I,XXXX,8,15,F,1,200309,1,"$95,924",11.6
CM57,24,J,21,,I,0110,1,ZP-05,L,XXXX,8,10,F,1,200309,1,"$124,783",34.7
CM57,24,B,,,A,0110,1,ZP-01,C,XXXX,8,20,F,2,200309,1,"$35,396",0.4
CM57,24,J,22,,H,0110,1,ZP-05,L,XXXX,8,10,F,1,200309,1,"$124,783",28.2
CM57,24,G,17,,G,0110,1,ZP-04,J,XXXX,8,10,F,1,200309,1,"$106,086",24.4
CM57,24,H,14,,C,0110,1,ZP-03,E,XXXX,8,15,F,1,200309,1,"$55,886",4.3
CM57,24,D,18,,A,0110,1,ZP-03,G,XXXX,8,15,F,1,200309,1,"$71,422",0.9
CM57,24,H,18,,I,0110,1,ZP-05,K,XXXX,8,10,F,1,200309,1,"$119,680",31.0
CM57,24,D,21,,C,0110,1,ZP-03,G,XXXX,8,10,F,1,200309,1,"$70,941",4.6
CM57,24,E,21,,D,0110,1,ZP-04,H,XXXX,8,10,F,1,200309,1,"$82,596",6.0
CM57,24,J,22,,I,0110,1,ZP-05,L,XXXX,2,10,F,1,200309,1,"$128,526",34.7
CM59,11,C,17,12,B,0110,1,GS-12,F,XXXX,8,15,F,1,200309,1,"$60,006",1.3
CM59,11,A,,04,A,0119,3,GS-04,B,XXXX,8,42,F,2,200309,1,"$23,621",0.2
CM61,11,H,17,15,G,0110,1,GS-15,L,XXXX,8,10,F,1,200309,1,"$121,583",23.3
CM63,24,F,13,13,B,0110,1,GS-13,F,XXXX,8,15,F,1,200309,1,"$69,054",1.9
CM63,24,I,17,14,H,0110,1,GS-14,J,XXXX,8,10,F,1,200309,1,"$106,086",29.8
CM63,24,F,17,12,G,0110,1,GS-12,G,XXXX,8,10,F,1,200309,1,"$71,620",21.2
CM63,24,D,21,14,D,0110,1,GS-14,H,XXXX,8,10,F,1,200309,1,"$84,323",6.2
CM63,24,E,21,13,C,0110,1,GS-13,G,XXXX,8,15,F,1,200309,1,"$78,263",3.0
CM63,24,D,,12,B,0110,1,GS-12,F,XXXX,8,20,F,2,200309,1,"$60,006",1.2
CM63,24,I,18,14,F,0110,1,GS-14,J,XXXX,8,10,F,1,200309,1,"$100,645",16.0
CM63,25,E,,13,B,0110,1,GS-13,G,XXXX,8,20,F,2,200309,1,"$70,439",2.3
CM63,24,J,04,15,I,0110,1,GS-15,L,XXXX,8,10,F,1,200309,1,"$124,783",30.7
CM63,24,H,21,15,G,0110,1,GS-15,L,XXXX,8,10,F,1,200309,1,"$124,783",22.6
CM63,24,K,21,,H,0110,1,ES-05,N,XXXX,2,50,F,1,200309,1,"$142,500",29.8
CM63,26,C,,12,B,0110,1,GS-12,E,XXXX,8,20,F,2,200309,1,"$59,888",1.2
CM63,24,F,04,13,E,0110,1,GS-13,G,XXXX,8,10,F,1,200309,1,"$75,961",13.7
CM63,24,D,,13,C,0110,1,GS-13,F,XXXX,8,20,F,2,200309,1,"$69,054",4.3
CM63,42,F,17,12,B,0110,1,GS-12,E,XXXX,8,15,F,1,200309,1,"$58,824",2.7
CM63,24,H,21,15,F,0110,1,GS-15,J,XXXX,8,10,F,1,200309,1,"$108,785",19.0
CM63,24,D,13,13,C,0110,1,GS-13,G,XXXX,8,15,F,1,200309,1,"$71,357",4.5
CM63,17,D,,13,D,0110,1,GS-13,G,XXXX,8,20,F,2,200309,1,"$73,515",5.2
CM63,24,F,04,13,D,0110,1,GS-13,G,XXXX,8,10,F,1,200309,1,"$78,263",6.3
CM63,24,E,21,14,E,0110,1,GS-14,I,XXXX,8,10,F,1,200309,1,"$92,484",10.9
CM63,06,D,,11,B,0110,1,GS-11,E,XXXX,8,20,F,2,200309,1,"$52,274",1.1
CM63,24,H,21,14,E,0110,1,GS-14,I,XXXX,8,10,F,1,200309,1,"$95,204",14.1
CM63,06,E,14,13,C,0110,1,GS-13,G,XXXX,8,15,F,1,200309,1,"$74,502",4.0
CM63,24,I,21,14,G,0110,1,GS-14,J,XXXX,8,10,F,1,200309,1,"$100,645",20.8
CM63,24,D,04,12,C,0110,1,GS-12,F,XXXX,8,15,F,1,200309,1,"$63,877",3.8
CM65,11,E,17,13,E,0110,1,GS-13,G,XXXX,8,10,F,1,200309,1,"$75,961",11.5
CM65,11,F,17,15,E,0110,1,GS-15,K,XXXX,8,10,F,1,200309,1,"$111,985",10.0
CM65,11,H,17,14,D,0110,1,GS-14,H,XXXX,8,10,F,1,200309,1,"$89,764",8.3
CM65,11,E,13,14,E,0110,1,GS-14,H,XXXX,8,10,F,1,200309,1,"$81,602",13.2
CM65,11,G,21,15,A,0110,1,GS-15,J,XXXX,8,15,F,1,200309,1,"$105,586",0.4
CM65,11,G,13,15,H,0110,1,GS-15,K,XXXX,8,10,F,1,200309,1,"$115,184",27.2
CM65,11,I,21,13,H,0110,1,GM-13,H,XXXX,5,10,F,1,200309,1,"$89,774",28.6
CM65,11,H,17,15,I,0110,1,GM-15,L,XXXX,5,10,F,1,200309,1,"$124,783",31.0
CM65,11,G,21,,E,0110,1,ES-03,N,XXXX,2,55,F,1,200309,1,"$142,500",13.2
CM65,11,K,21,,H,0110,1,ES-04,N,XXXX,2,50,F,1,200309,1,"$142,500",27.8
CM65,11,F,17,15,F,0110,1,GS-15,J,XXXX,8,10,F,1,200309,1,"$105,586",19.4
CM65,11,G,17,15,D,0110,1,GS-15,K,XXXX,2,10,F,1,200309,1,"$111,985",8.8
CM65,11,I,21,15,I,0110,1,GM-15,L,XXXX,5,10,F,1,200309,1,"$124,783",32.7
CM65,11,K,21,,H,0110,1,ES-05,N,XXXX,2,50,F,1,200309,1,"$142,500",25.0
CM65,11,F,17,14,E,0110,1,GS-14,H,XXXX,8,10,F,1,200309,1,"$87,043",11.3
CM65,11,I,,,D,0110,1,EX-03,N,XXXX,2,46,F,2,200309,1,"$142,500",8.4
CM65,11,I,21,15,E,0110,1,GS-15,I,XXXX,8,10,F,1,200309,1,"$99,186",11.9
CM65,11,H,12,14,G,0110,1,GS-14,I,XXXX,8,10,F,1,200309,1,"$97,925",23.8
CM65,11,E,17,15,D,0110,1,GS-15,I,XXXX,8,10,F,1,200309,1,"$99,186",8.6
CT00,36,I,17,,I,0110,1,CT-13,K,XXXX,8,10,F,1,200309,1,"$111,637",31.1
CT00,11,H,17,,H,0110,1,CT-16,M,XXXX,2,10,F,1,200309,1,"$134,000",25.3
CT00,36,I,17,,G,0110,1,CT-13,J,XXXX,8,10,F,1,200309,1,"$108,773",24.8
CT00,36,D,13,,D,0110,1,CT-13,H,XXXX,8,10,F,1,200309,1,"$88,735",6.7
CT00,11,G,13,,G,0110,1,CT-13,J,XXXX,8,10,F,1,200309,1,"$107,729",24.9
CT00,11,G,21,,E,0110,1,CT-15,M,XXXX,8,10,F,1,200309,1,"$134,000",13.3
CT00,36,G,13,,G,0110,1,CT-12,H,XXXX,8,10,F,1,200309,1,"$89,062",21.8
CT00,36,H,17,,G,0110,1,CT-14,K,XXXX,2,10,F,1,200309,1,"$118,390",22.9
CT00,36,H,18,,H,0110,1,CT-15,M,XXXX,2,10,F,1,200309,1,"$134,000",29.3
CT00,36,E,17,,E,0110,1,CT-13,I,XXXX,8,10,F,1,200309,1,"$97,323",12.5
CT00,11,G,17,,F,0110,1,CT-15,M,XXXX,8,10,F,1,200309,1,"$134,000",16.5
CT00,36,F,17,,F,0110,1,CT-13,J,XXXX,8,10,F,1,200309,1,"$103,049",15.4
CT00,36,C,17,,B,0110,1,CT-11,F,XXXX,8,15,F,1,200309,1,"$62,260",2.7
CT00,17,G,13,,G,0110,1,CT-13,J,XXXX,8,10,F,1,200309,1,"$108,140",24.6
CT00,11,D,21,,D,0110,1,CT-14,I,XXXX,8,10,F,1,200309,1,"$97,923",5.9
CT00,11,F,17,,F,0110,1,CT-14,K,XXXX,2,10,F,1,200309,1,"$117,510",17.3
CT00,11,G,17,,G,0110,1,CT-13,J,XXXX,8,10,F,1,200309,1,"$102,203",20.7
CT00,36,H,21,,C,0110,1,CT-09,F,XXXX,8,15,F,1,200309,1,"$64,736",4.9
CT00,11,E,13,,E,0110,1,CT-14,J,XXXX,8,10,F,1,200309,1,"$104,451",12.5
CT00,11,H,17,,H,0110,1,CT-16,M,XXXX,2,10,F,1,200309,1,"$134,000",29.3
CT00,29,I,17,,I,0110,1,CT-13,J,XXXX,8,10,F,1,200309,1,"$105,359",31.8
CT00,17,F,17,,F,0110,1,CT-13,J,XXXX,8,10,F,1,200309,1,"$102,449",17.9
CT00,11,D,,,C,0110,1,CT-12,F,XXXX,8,42,F,2,200309,1,"$69,685",3.2
CT00,17,F,13,,F,0110,1,CT-13,I,XXXX,8,10,F,1,200309,1,"$96,756",19.2
CT00,17,D,15,,D,0110,1,CT-13,I,XXXX,8,10,F,1,200309,1,"$91,064",9.3
CT00,17,H,17,,I,0110,1,CT-15,M,XXXX,8,10,F,1,200309,1,"$134,000",32.3
CT00,17,F,17,,E,0110,1,CT-12,H,XXXX,8,10,F,1,200309,1,"$86,151",14.3
CT00,17,J,13,,I,0110,1,CT-13,K,XXXX,8,10,F,1,200309,1,"$113,833",34.6
CT00,17,G,17,,F,0110,1,CT-12,H,XXXX,8,10,F,1,200309,1,"$88,543",15.3
CT00,17,I,17,,H,0110,1,CT-12,I,XXXX,8,10,F,1,200309,1,"$93,330",29.5
CT00,11,F,17,,E,0110,1,CT-13,J,XXXX,8,10,F,1,200309,1,"$102,203",11.8
CT00,11,I,17,,H,0110,1,CT-13,J,XXXX,8,10,F,1,200309,1,"$107,729",28.0
CT00,17,E,17,,C,0110,1,CT-12,G,XXXX,8,10,F,1,200309,1,"$78,972",4.7
CT00,17,E,13,,E,0110,1,CT-13,I,XXXX,8,10,F,1,200309,1,"$93,910",13.1
CT00,11,J,21,,H,0110,1,CT-15,M,XXXX,2,10,F,1,200309,1,"$134,000",28.8
CT00,11,D,17,,D,0110,1,CT-13,H,XXXX,8,10,F,1,200309,1,"$88,390",6.8
CT00,17,H,17,,H,0110,1,CT-13,K,XXXX,8,10,F,1,200309,1,"$110,987",29.3
CT00,11,G,,,E,0110,1,CT-18,M,XXXX,2,20,F,2,200309,1,"$134,000",14.0
CT00,17,H,17,,D,0110,1,CT-15,M,XXXX,2,10,F,1,200309,1,"$134,000",6.3
CT00,11,I,17,,I,0110,1,CT-15,M,XXXX,2,10,F,1,200309,1,"$134,000",31.3
CT00,17,F,21,,C,0110,1,CT-15,L,XXXX,8,10,F,1,200309,1,"$122,624",4.2
CT00,11,I,18,,H,0110,1,CT-13,J,XXXX,8,10,F,1,200309,1,"$102,203",25.7
CT00,11,I,17,,H,0110,1,CT-15,M,XXXX,8,10,F,1,200309,1,"$134,000",28.8
DD01,51,I,21,15,F,0110,1,GM-15,L,XXXX,5,10,F,1,200309,1,"$124,783",16.2
DD01,51,E,21,,E,0110,1,ES-01,M,XXXX,2,50,F,1,200309,1,"$131,342",10.8
DD01,51,I,17,15,E,0110,1,GM-15,L,XXXX,5,10,F,1,200309,1,"$124,783",14.9
DD01,51,I,17,15,E,0110,1,GM-15,L,XXXX,5,10,F,1,200309,1,"$124,783",12.5
DD07,51,I,18,14,I,0110,1,GS-14,J,XXXX,8,10,F,1,200309,1,"$106,086",34.4
DD07,51,E,14,13,E,0110,1,GS-13,G,XXXX,8,10,F,1,200309,1,"$73,659",13.9
DD07,51,E,13,12,C,0110,1,GS-12,F,XXXX,8,15,F,1,200309,1,"$60,006",4.2
DD48,51,J,21,13,F,0110,1,GS-13,H,XXXX,8,10,F,1,200309,1,"$89,774",19.5
DD63,42,E,13,13,E,0110,1,GS-13,H,XXXX,8,10,F,1,200309,1,"$83,374",13.9
DJ01,11,H,17,13,I,0110,1,GS-13,H,XXXX,8,10,F,1,200309,1,"$89,774",31.0
DJ01,11,H,21,15,H,0110,1,GS-15,L,XXXX,8,10,F,1,200309,1,"$124,783",26.2
DJ01,11,D,21,14,B,0110,1,GS-14,I,XXXX,8,15,F,1,200309,1,"$95,204",1.2
DJ01,11,G,17,,G,0110,1,ES-04,N,XXXX,2,50,F,1,200309,1,"$142,500",20.9
DJ01,11,F,21,15,E,0110,1,GS-15,I,XXXX,8,10,P,2,200309,1,"$99,186",11.3
DJ01,11,H,18,15,H,0110,1,GS-15,L,XXXX,8,10,P,2,200309,1,"$124,783",26.1
DJ01,11,H,20,15,H,0110,1,GS-15,L,XXXX,8,10,F,1,200309,1,"$121,583",29.3
DJ01,11,I,21,15,H,0110,1,GS-15,L,XXXX,8,10,F,1,200309,1,"$124,783",29.3
DJ01,11,D,21,14,B,0110,1,GS-14,H,XXXX,8,15,F,1,200309,1,"$81,602",1.1
DJ01,11,H,21,15,E,0110,1,GS-15,L,XXXX,8,10,F,1,200309,1,"$124,783",12.2
DJ01,11,D,18,14,B,0110,1,GS-14,I,XXXX,8,15,F,1,200309,1,"$95,204",1.0
DJ01,11,G,22,15,C,0110,1,GS-15,J,XXXX,8,10,F,1,200309,1,"$105,586",4.7
DJ01,11,D,21,15,D,0110,1,GS-15,J,XXXX,8,10,F,1,200309,1,"$105,586",5.0
DJ01,11,E,21,15,C,0110,1,GS-15,J,XXXX,8,10,F,1,200309,1,"$102,386",4.9
DJ01,11,G,17,15,E,0110,1,GS-15,K,XXXX,8,10,F,1,200309,1,"$115,184",11.0
DJ01,11,F,19,15,E,0110,1,GS-15,L,XXXX,8,10,F,1,200309,1,"$121,583",13.0
DJ01,11,C,21,14,B,0110,1,GS-14,H,XXXX,8,15,F,1,200309,1,"$87,043",2.0
DJ01,11,H,15,15,H,0110,1,GS-15,L,XXXX,8,10,F,1,200309,1,"$124,783",26.8
DJ01,11,F,21,15,D,0110,1,GS-15,K,XXXX,8,10,F,1,200309,1,"$115,184",8.9
DJ01,11,E,21,15,C,0110,1,GS-15,I,XXXX,8,10,F,1,200309,1,"$95,987",4.0
DJ01,11,D,21,15,C,0110,1,GS-15,J,XXXX,8,10,F,1,200309,1,"$108,785",3.9
DJ01,11,E,21,15,D,0110,1,GS-15,J,XXXX,8,10,F,1,200309,1,"$105,586",5.1
DJ01,11,H,17,15,G,0110,1,GS-15,L,XXXX,8,10,F,1,200309,1,"$124,783",24.3
DJ01,11,H,21,,H,0110,1,ES-04,N,XXXX,2,50,F,1,200309,1,"$142,500",28.7
DJ01,11,E,21,15,D,0110,1,GS-15,K,XXXX,2,10,F,1,200309,1,"$115,184",9.2
DJ01,11,I,22,15,F,0110,1,GS-15,L,XXXX,8,10,F,1,200309,1,"$124,783",15.8
DJ01,11,H,15,15,H,0110,1,GS-15,M,XXXX,8,10,F,1,200309,1,"$132,403",26.4
DJ01,11,C,21,14,B,0110,1,GS-14,I,XXXX,8,15,F,1,200309,1,"$95,204",1.1
DJ01,11,H,21,15,H,0110,1,GM-15,L,XXXX,2,10,F,1,200309,1,"$124,783",25.9
DJ01,11,E,21,15,D,0110,1,GS-15,K,XXXX,8,10,F,1,200309,1,"$111,985",8.1
DJ01,11,D,21,15,C,0110,1,GS-15,I,XXXX,8,10,F,1,200309,1,"$95,987",4.0
DJ01,11,F,17,15,D,0110,1,GS-15,K,XXXX,8,10,F,1,200309,1,"$115,184",8.2
DJ01,11,I,17,15,E,0110,1,GS-15,L,XXXX,8,10,F,1,200309,1,"$124,783",10.2
DJ01,11,I,21,15,I,0110,1,GS-15,L,XXXX,8,10,F,1,200309,1,"$124,783",31.4
DJ01,17,H,21,15,F,0110,1,GS-15,L,XXXX,8,10,F,1,200309,1,"$125,261",16.8
DJ01,11,G,21,15,G,0110,1,GS-15,L,XXXX,8,10,P,2,200309,1,"$124,783",20.4
DJ01,11,G,16,,F,0110,1,ES-04,N,XXXX,2,50,F,1,200309,1,"$142,500",18.0
DJ01,11,E,21,15,D,0110,1,GS-15,J,XXXX,8,10,F,1,200309,1,"$105,586",5.0
DJ01,11,K,14,15,J,0110,1,GM-15,L,XXXX,2,10,F,1,200309,1,"$124,783",41.3
DJ01,11,G,21,15,D,0110,1,GS-15,L,XXXX,2,10,F,1,200309,1,"$121,583",6.0
DJ01,11,F,21,15,D,0110,1,GS-15,K,XXXX,8,10,F,1,200309,1,"$111,985",8.2
DJ01,11,H,21,15,E,0110,1,GS-15,L,XXXX,8,10,F,1,200309,1,"$124,783",13.8
DJ01,11,E,17,15,D,0110,1,GS-15,J,XXXX,8,10,F,1,200309,1,"$105,586",5.3
DJ01,11,D,22,15,C,0110,1,GS-15,I,XXXX,8,10,F,1,200309,1,"$95,987",3.0
DJ01,11,I,21,15,H,0110,1,GS-15,L,XXXX,8,10,F,1,200309,1,"$124,783",27.0
DJ01,11,D,21,14,B,0110,1,GS-14,H,XXXX,8,15,F,1,200309,1,"$81,602",2.1
DJ01,11,I,21,15,H,0110,1,GS-15,L,XXXX,8,10,F,1,200309,1,"$124,783",28.0
DJ01,11,D,17,15,D,0110,1,GS-15,J,XXXX,8,10,F,1,200309,1,"$105,586",6.3
DJ01,11,I,21,15,G,0110,1,GM-15,L,XXXX,2,10,F,1,200309,1,"$124,783",20.9
DJ01,11,C,14,14,B,0110,1,GS-14,I,XXXX,8,15,F,1,200309,1,"$95,204",1.2
DJ01,06,I,21,15,I,0110,1,GS-15,M,XXXX,8,10,F,1,200309,1,"$134,000",31.3
DJ01,11,F,21,15,E,0110,1,GS-15,L,XXXX,8,10,F,1,200309,1,"$121,583",13.0
DJ01,11,E,21,15,D,0110,1,GS-15,J,XXXX,8,10,F,1,200309,1,"$102,386",7.1
DJ01,11,F,17,15,E,0110,1,GS-15,L,XXXX,8,10,F,1,200309,1,"$124,783",13.8
DJ01,11,G,21,15,F,0110,1,GS-15,L,XXXX,8,10,F,1,200309,1,"$124,783",15.3
DJ01,11,F,21,15,E,0110,1,GS-15,L,XXXX,2,10,F,1,200309,1,"$121,583",14.9
DJ01,11,H,17,15,G,0110,1,GS-15,L,XXXX,8,10,F,1,200309,1,"$124,783",22.9
DJ01,11,D,21,13,B,0110,1,GS-13,H,XXXX,8,15,F,1,200309,1,"$89,774",1.0
DLBL,11,H,17,13,F,0110,1,GS-13,G,XXXX,8,10,F,1,200309,1,"$75,961",16.1
DLBL,11,E,17,14,E,0110,1,GS-14,J,XXXX,8,10,F,1,200309,1,"$103,366",11.8
DLBL,11,H,17,13,I,0110,1,GS-13,H,XXXX,8,10,F,1,200309,1,"$89,774",31.3
DLBL,11,C,17,12,C,0110,1,GS-12,E,XXXX,8,10,F,1,200309,1,"$58,070",3.7
DLBL,11,I,21,14,H,0110,1,GS-14,J,XXXX,8,10,F,1,200309,1,"$106,086",29.7
DLBL,11,I,21,15,I,0110,1,GS-15,L,XXXX,5,10,F,1,200309,1,"$124,783",33.1
DLBL,11,I,17,15,I,0110,1,GS-15,K,XXXX,5,10,F,1,200309,1,"$115,184",33.3
DLBL,11,I,17,14,I,0110,1,GS-14,J,XXXX,5,10,F,1,200309,1,"$106,086",31.3
DLBL,11,I,17,13,I,0110,1,GS-13,H,XXXX,8,10,F,1,200309,1,"$89,774",33.3
DLBL,11,H,13,14,H,0110,1,GS-14,J,XXXX,8,10,P,2,200309,1,"$106,086",27.3
DLBL,11,I,13,13,G,0110,1,GS-13,H,XXXX,8,10,F,1,200309,1,"$85,169",22.6
DLBL,11,H,21,13,E,0110,1,GS-13,H,XXXX,8,10,F,1,200309,1,"$82,867",14.3
DLBL,11,G,18,13,E,0110,1,GS-13,H,XXXX,8,10,P,2,200309,1,"$82,867",14.5
DLBL,11,I,21,15,H,0110,1,GM-15,L,XXXX,2,10,F,1,200309,1,"$124,783",28.0
DLBL,11,I,22,12,G,0110,1,GS-12,G,XXXX,8,10,F,1,200309,1,"$71,620",20.1
DLBL,11,J,15,15,J,0110,1,GM-15,L,XXXX,2,10,F,1,200309,1,"$124,783",40.1
DLBL,11,D,17,13,C,0110,1,GS-13,F,XXXX,8,15,F,1,200309,1,"$69,054",4.2
DLBL,11,I,13,14,E,0110,1,GS-14,J,XXXX,8,10,F,1,200309,1,"$106,086",12.6
DLBL,11,H,14,13,F,0110,1,GS-13,H,XXXX,8,10,F,1,200309,1,"$87,472",16.5
DLCF,11,E,17,12,E,0110,1,GS-12,F,XXXX,8,10,F,1,200309,1,"$65,813",11.8
DLES,11,I,18,14,I,0110,1,GS-14,J,XXXX,8,10,F,1,200309,1,"$106,086",32.6
DLES,11,H,13,12,H,0110,1,GS-12,G,XXXX,8,10,F,1,200309,1,"$75,492",27.9
DLET,11,H,13,12,G,0110,1,GS-12,F,XXXX,8,10,F,1,200309,1,"$69,685",20.0
DLET,11,K,14,12,I,0110,1,GS-12,G,XXXX,8,10,F,1,200309,1,"$75,492",30.8
DLET,11,F,13,11,C,0110,1,GS-11,F,XXXX,8,15,F,1,200309,1,"$61,376",4.7
DLLS,25,I,04,06,C,0119,3,GS-06,C,XXXX,8,10,P,2,200309,1,"$33,054",4.2
DLLS,11,E,17,12,C,0110,1,GS-12,E,XXXX,8,10,F,1,200309,1,"$58,070",3.7
DLLS,11,H,17,,H,0110,1,ES-03,N,XXXX,2,50,F,1,200309,1,"$142,500",25.1
DLLS,36,E,17,05,B,0119,3,GS-05,B,XXXX,8,15,P,2,200309,1,"$28,300",1.2
DLLS,36,F,13,12,F,0110,1,GS-12,G,XXXX,8,10,F,1,200309,1,"$74,219",17.5
DLLS,11,B,13,11,B,0110,1,GS-11,D,XXXX,8,15,F,1,200309,1,"$48,451",2.2
DLLS,25,C,13,12,D,0110,1,GS-12,F,XXXX,8,15,F,1,200309,1,"$63,183",5.6
DLLS,25,E,13,07,E,0119,3,GS-07,D,XXXX,8,10,P,2,200309,1,"$43,411",13.0
DLLS,25,H,17,12,H,0110,1,GS-12,G,XXXX,8,10,F,1,200309,1,"$71,082",29.1
DLLS,25,E,13,12,E,0110,1,GS-12,F,XXXX,8,10,F,1,200309,1,"$67,132",12.3
DLLS,11,C,17,09,B,0110,1,GS-09,D,XXXX,8,15,F,1,200309,1,"$44,049",1.8
DLLS,11,E,14,13,E,0110,1,GS-13,G,XXXX,8,10,F,1,200309,1,"$78,263",10.8
DLLS,11,D,21,12,B,0110,1,GS-12,G,XXXX,8,15,F,1,200309,1,"$73,556",1.0
DLLS,50,I,13,07,D,0119,3,GS-07,C,XXXX,8,10,P,2,200309,1,"$35,014",6.4
DLLS,11,C,13,07,A,0110,1,GS-07,C,XXXX,8,15,F,1,200309,1,"$32,736",0.3
DLLS,25,H,13,12,G,0110,1,GS-12,F,XXXX,2,10,F,1,200309,1,"$65,158",20.3
DLLS,25,H,13,12,I,0110,1,GS-12,G,XXXX,8,10,F,1,200309,1,"$77,005",30.0
DLLS,11,G,21,14,E,0110,1,GS-14,I,XXXX,8,10,F,1,200309,1,"$95,204",12.0
DLLS,25,G,17,13,H,0110,1,GS-13,H,XXXX,2,10,F,1,200309,1,"$82,180",26.3
DLLS,11,H,14,15,I,0110,1,GS-15,K,XXXX,2,10,F,1,200309,1,"$111,985",31.4
DLLS,25,G,13,13,F,0110,1,GS-13,G,XXXX,2,10,F,1,200309,1,"$79,832",18.8
DLLS,11,E,14,12,D,0110,1,GS-12,F,XXXX,8,15,F,1,200309,1,"$60,006",5.6
DLLS,11,G,17,12,E,0110,1,GS-12,F,XXXX,8,10,P,2,200309,1,"$69,685",13.4
DLLS,25,G,13,12,H,0110,1,GS-12,G,XXXX,8,10,F,1,200309,1,"$77,005",26.3
DLLS,11,E,13,14,E,0110,1,GS-14,H,XXXX,2,10,F,1,200309,1,"$81,602",10.5
DLLS,25,C,17,12,C,0110,1,GS-12,E,XXXX,8,15,F,1,200309,1,"$59,234",3.1
DLLS,25,C,13,11,D,0110,1,GS-11,E,XXXX,8,10,F,1,200309,1,"$54,366",5.2
DLLS,25,J,13,12,J,0110,1,GS-12,G,XXXX,8,10,F,1,200309,1,"$75,031",35.8
DLLS,01,I,07,07,F,0119,3,GS-07,C,XXXX,8,10,P,2,200309,1,"$38,197",15.9
DLLS,11,I,21,12,E,0110,1,GS-12,F,XXXX,8,10,F,1,200309,1,"$63,877",10.1
DLLS,25,F,13,12,F,0110,1,GS-12,G,XXXX,8,10,F,1,200309,1,"$71,082",17.9
DLLS,06,D,13,11,B,0110,1,GS-11,E,XXXX,8,15,F,1,200309,1,"$50,587",2.3
DLLS,11,J,21,13,H,0110,1,GS-13,H,XXXX,8,10,F,1,200309,1,"$89,774",26.2
DLLS,13,F,13,11,F,0110,1,GS-11,F,XXXX,8,10,F,1,200309,1,"$60,347",18.3
DLLS,25,F,13,12,F,0110,1,GS-12,G,XXXX,8,10,F,1,200309,1,"$71,082",19.3
DLLS,25,F,04,06,D,0119,3,GS-06,C,XXXX,8,10,P,2,200309,1,"$34,056",5.7
DLLS,48,K,13,05,E,0119,3,GS-05,B,XXXX,8,15,P,2,200309,1,"$26,278",11.8
DLLS,11,J,18,14,I,0110,1,GS-14,J,XXXX,8,10,F,1,200309,1,"$106,086",34.0
DLLS,25,G,13,14,G,0110,1,GS-14,I,XXXX,2,10,F,1,200309,1,"$94,338",24.8
DLLS,25,H,13,06,C,0119,3,GS-06,C,XXXX,8,10,P,2,200309,1,"$33,054",4.6
DLLS,25,F,17,12,E,0110,1,GS-12,G,XXXX,8,10,F,1,200309,1,"$77,005",13.8
DLLS,11,C,13,12,C,0110,1,GS-12,F,XXXX,8,10,F,1,200309,1,"$60,006",4.0
DLLS,11,I,17,12,I,0110,1,GS-12,G,XXXX,8,10,F,1,200309,1,"$71,620",31.3
DLLS,25,F,13,12,F,0110,1,GS-12,G,XXXX,8,10,F,1,200309,1,"$73,056",19.8
DLLS,11,I,14,15,H,0110,1,GM-15,L,XXXX,2,10,F,1,200309,1,"$123,166",29.3
DLLS,25,H,17,13,F,0110,1,GS-13,G,XXXX,2,10,F,1,200309,1,"$79,832",17.9
DLLS,11,H,17,15,H,0110,1,GS-15,K,XXXX,2,10,F,1,200309,1,"$118,384",28.3
DLLS,11,F,17,12,E,0110,1,GS-12,F,XXXX,8,10,F,1,200309,1,"$61,942",12.0
DLLS,11,F,13,12,D,0110,1,GS-12,F,XXXX,8,10,F,1,200309,1,"$61,942",7.8
DLLS,25,H,17,13,H,0110,1,GM-13,I,XXXX,2,10,F,1,200309,1,"$91,573",25.9
DLLS,25,B,13,07,A,0110,1,GS-07,C,XXXX,8,15,F,1,200309,1,"$33,393",0.3
DLLS,25,I,18,15,J,0110,1,GS-15,L,XXXX,2,10,F,1,200309,1,"$120,757",35.4
DLLS,11,J,13,14,J,0110,1,GM-14,J,XXXX,2,10,F,1,200309,1,"$106,086",41.8
DLLS,11,H,11,,I,0110,1,ES-01,M,XXXX,2,50,F,1,200309,1,"$131,342",31.3
DLLS,11,E,13,13,F,0110,1,GS-13,H,XXXX,8,10,P,2,200309,1,"$82,867",15.0
DLLS,11,I,17,15,I,0110,1,GS-15,K,XXXX,2,10,F,1,200309,1,"$111,985",34.9
DLLS,25,H,13,12,H,0110,1,GS-12,F,XXXX,8,10,F,1,200309,1,"$69,107",28.8
DLLS,25,E,13,12,F,0110,1,GS-12,G,XXXX,8,10,F,1,200309,1,"$71,082",15.8
DLLS,11,B,13,07,A,0110,1,GS-07,C,XXXX,8,15,F,1,200309,1,"$32,736",0.3
DLLS,11,G,13,12,H,0110,1,GS-12,F,XXXX,8,10,F,1,200309,1,"$67,749",25.3
DLLS,25,F,13,11,C,0110,1,GS-11,E,XXXX,8,10,F,1,200309,1,"$51,070",3.7
DLLS,25,F,13,12,F,0110,1,GS-12,G,XXXX,8,10,F,1,200309,1,"$73,056",17.7
DLLS,25,F,13,12,F,0110,1,GS-12,F,XXXX,8,10,F,1,200309,1,"$67,132",15.8
DLLS,25,B,13,09,B,0110,1,GS-09,D,XXXX,8,15,F,1,200309,1,"$40,847",1.0
DLLS,25,K,17,05,A,0119,3,GS-05,B,XXXX,8,15,P,2,200309,1,"$26,958",0.6
DLLS,29,I,17,12,I,0110,1,GS-12,G,XXXX,8,10,F,1,200309,1,"$73,831",32.0
DLLS,11,G,21,,F,0110,1,ES-02,M,XXXX,2,50,F,1,200309,1,"$137,543",17.2
DLLS,25,F,17,05,E,0119,3,GS-05,C,XXXX,8,15,P,2,200309,1,"$35,042",11.6
DLLS,11,F,14,12,D,0110,1,GS-12,F,XXXX,8,10,F,1,200309,1,"$60,006",9.0
DLLS,25,C,13,11,B,0110,1,GS-11,D,XXXX,8,15,F,1,200309,1,"$49,422",2.2
DLLS,12,E,10,05,A,0119,3,GS-05,B,XXXX,8,15,P,2,200309,1,"$26,679",0.6
DLLS,11,B,13,07,A,0110,1,GS-07,C,XXXX,8,15,F,1,200309,1,"$32,736",0.6
DLLS,25,K,13,07,D,0119,3,GS-07,C,XXXX,8,10,P,2,200309,1,"$37,845",6.5
DLLS,11,J,13,,J,0110,1,ES-05,N,XXXX,2,50,F,1,200309,1,"$142,500",38.0
DLLS,11,H,17,14,H,0110,1,GS-14,J,XXXX,2,10,F,1,200309,1,"$100,645",27.4
DLLS,11,E,13,13,F,0110,1,GS-13,G,XXXX,8,10,F,1,200309,1,"$78,263",16.2
DLLS,48,K,10,07,D,0119,3,GS-07,C,XXXX,8,10,P,2,200309,1,"$38,498",7.2
DLLS,11,J,21,13,I,0110,1,GS-13,H,XXXX,8,10,F,1,200309,1,"$89,774",32.0
DLLS,25,I,04,07,D,0119,3,GS-07,C,XXXX,8,15,P,2,200309,1,"$33,953",6.3
DLLS,11,G,13,12,G,0110,1,GS-12,G,XXXX,8,10,F,1,200309,1,"$73,556",24.3
DLLS,25,D,13,11,D,0110,1,GS-11,D,XXXX,8,10,F,1,200309,1,"$49,422",7.2
DLLS,25,E,13,13,E,0110,1,GS-13,G,XXXX,2,10,F,1,200309,1,"$79,832",13.3
DLLS,17,K,13,06,C,0119,3,GS-06,C,XXXX,8,15,P,2,200309,1,"$31,362",3.8
DLLS,11,F,13,12,E,0110,1,GS-12,F,XXXX,8,10,F,1,200309,1,"$63,877",13.5
DLLS,25,C,13,11,B,0110,1,GS-11,D,XXXX,8,15,F,1,200309,1,"$49,422",2.9
DLLS,25,K,13,07,D,0119,3,GS-07,C,XXXX,8,10,P,2,200309,1,"$33,953",7.0
DLLS,11,F,17,12,E,0110,1,GS-12,F,XXXX,8,10,F,1,200309,1,"$63,877",10.1
DLLS,11,C,13,12,C,0110,1,GS-12,E,XXXX,8,10,F,1,200309,1,"$58,070",3.3
DLLS,25,D,13,07,C,0110,1,GS-07,C,XXXX,8,10,F,1,200309,1,"$35,619",4.5
DLLS,25,G,13,14,G,0110,1,GS-14,I,XXXX,2,10,F,1,200309,1,"$99,888",24.9
DLLS,11,D,13,13,E,0110,1,GS-13,G,XXXX,8,10,F,1,200309,1,"$75,961",12.1
DLLS,11,E,13,14,E,0110,1,GS-14,H,XXXX,2,10,F,1,200309,1,"$84,323",13.3
DLLS,11,H,21,14,H,0110,1,GM-14,J,XXXX,2,10,F,1,200309,1,"$105,643",27.0
DLLS,26,K,17,07,H,0119,3,GS-07,D,XXXX,8,10,P,2,200309,1,"$43,891",25.3
DLLS,09,I,13,07,F,0119,3,GS-07,D,XXXX,8,10,P,2,200309,1,"$40,267",15.6
DLLS,11,I,17,14,H,0110,1,GM-14,J,XXXX,2,10,F,1,200309,1,"$100,645",27.3
DLLS,11,G,17,,G,0110,1,ES-01,M,XXXX,2,50,F,1,200309,1,"$131,342",22.7
DLLS,11,J,13,13,J,0110,1,GS-13,H,XXXX,8,10,F,1,200309,1,"$89,774",40.3
DLLS,11,I,17,13,G,0110,1,GS-13,H,XXXX,2,10,F,1,200309,1,"$89,774",23.9
DLLS,16,I,04,07,D,0119,3,GS-07,C,XXXX,8,15,P,2,200309,1,"$33,953",5.8
DLLS,11,H,14,13,I,0110,1,GS-13,H,XXXX,8,10,F,1,200309,1,"$89,774",31.1
DLLS,11,D,21,13,B,0110,1,GS-13,G,XXXX,8,15,F,1,200309,1,"$78,263",2.2
DLLS,11,D,17,13,D,0110,1,GS-13,G,XXXX,8,10,F,1,200309,1,"$71,357",8.3
DLLS,09,G,21,05,B,0119,3,GS-05,C,XXXX,8,15,P,2,200309,1,"$31,950",1.3
DLLS,11,B,13,07,A,0110,1,GS-07,C,XXXX,8,15,F,1,200309,1,"$32,736",0.7
DLLS,36,J,13,07,F,0119,3,GS-07,D,XXXX,8,10,P,2,200309,1,"$44,102",17.5
DLLS,25,F,13,11,B,0110,1,GS-11,D,XXXX,8,15,F,1,200309,1,"$49,422",2.7
DLLS,11,B,13,07,A,0110,1,GS-07,C,XXXX,8,15,F,1,200309,1,"$32,736",0.1
DLLS,11,B,13,07,A,0110,1,GS-07,C,XXXX,8,15,F,1,200309,1,"$32,736",0.8
DLLS,06,J,08,07,G,0119,3,GS-07,C,XXXX,8,10,P,2,200309,1,"$39,258",21.8
DLLS,09,H,13,07,D,0119,3,GS-07,C,XXXX,8,10,P,2,200309,1,"$39,148",7.4
DLLS,11,H,13,12,H,0110,1,GS-12,G,XXXX,8,10,F,1,200309,1,"$71,620",29.4
DLLS,11,J,18,15,J,0110,1,GM-15,L,XXXX,2,10,F,1,200309,1,"$124,783",38.1
DLLS,11,F,17,13,E,0110,1,GS-13,G,XXXX,8,10,F,1,200309,1,"$75,961",14.0
DLLS,11,E,13,13,E,0110,1,GS-13,G,XXXX,8,10,F,1,200309,1,"$75,961",14.6
DLLS,11,C,13,12,C,0110,1,GS-12,E,XXXX,8,10,F,1,200309,1,"$58,070",3.3
DLLS,09,K,17,07,D,0119,3,GS-07,D,XXXX,8,10,P,2,200309,1,"$40,267",9.9
DLLS,12,J,13,07,D,0119,3,GS-07,C,XXXX,8,10,P,2,200309,1,"$35,014",8.8
DLLS,11,H,14,13,H,0110,1,GS-13,H,XXXX,8,10,F,1,200309,1,"$82,867",28.5
DLLS,11,G,13,13,H,0110,1,GS-13,H,XXXX,2,10,F,1,200309,1,"$80,565",26.0
DLLS,11,E,17,12,F,0110,1,GS-12,F,XXXX,8,10,F,1,200309,1,"$65,813",15.0
DLLS,25,H,13,07,D,0119,3,GS-07,C,XXXX,8,10,P,2,200309,1,"$35,014",6.4
DLLS,11,C,13,13,D,0110,1,GS-13,G,XXXX,8,10,F,1,200309,1,"$71,357",6.7
DLLS,25,D,13,13,E,0110,1,GS-13,G,XXXX,2,10,F,1,200309,1,"$72,787",12.3
DLLS,13,I,13,13,H,0110,1,GS-13,G,XXXX,2,10,F,1,200309,1,"$76,951",29.6
DLLS,25,H,13,07,G,0119,3,GS-07,D,XXXX,8,10,P,2,200309,1,"$41,380",21.3
DLLS,25,E,17,11,B,0110,1,GS-11,D,XXXX,8,15,F,1,200309,1,"$49,422",2.1
DLLS,34,H,13,13,H,0110,1,GM-13,I,XXXX,2,10,F,1,200309,1,"$93,031",29.4
DLLS,11,E,17,13,E,0110,1,GS-13,G,XXXX,8,10,F,1,200309,1,"$78,263",12.3
DLLS,11,I,17,13,H,0110,1,GS-13,H,XXXX,8,10,F,1,200309,1,"$87,472",27.8
DLLS,37,G,13,12,G,0110,1,GS-12,F,XXXX,8,10,F,1,200309,1,"$67,756",23.7
DLLS,11,H,21,13,D,0110,1,GS-13,G,XXXX,8,10,F,1,200309,1,"$78,263",9.6
DLLS,13,C,13,09,B,0110,1,GS-09,C,XXXX,8,15,F,1,200309,1,"$39,373",1.4
DLLS,36,I,13,12,E,0110,1,GS-12,G,XXXX,8,10,F,1,200309,1,"$72,213",13.2
DLLS,11,D,13,12,D,0110,1,GS-12,F,XXXX,8,10,F,1,200309,1,"$61,942",5.3
DLLS,06,H,14,12,I,0110,1,GS-12,G,XXXX,8,10,F,1,200309,1,"$74,840",30.4
DLLS,34,E,13,07,E,0119,3,GS-07,D,XXXX,8,10,P,2,200309,1,"$44,102",14.3
DLLS,45,K,07,07,G,0119,3,GS-07,D,XXXX,8,10,P,2,200309,1,"$41,380",22.3
DLLS,11,B,13,07,A,0110,1,GS-07,C,XXXX,8,15,F,1,200309,1,"$32,736",0.2
DLLS,11,D,17,12,B,0110,1,GS-12,E,XXXX,8,15,F,1,200309,1,"$58,070",2.3
DLLS,11,B,13,11,B,0110,1,GS-11,D,XXXX,8,15,F,1,200309,1,"$48,451",2.2
DLLS,36,J,13,07,D,0119,3,GS-07,C,XXXX,8,10,P,2,200309,1,"$37,136",8.7
DLLS,11,B,13,11,B,0110,1,GS-11,D,XXXX,8,15,F,1,200309,1,"$48,451",2.0
DLLS,29,I,18,12,H,0110,1,GS-12,G,XXXX,8,10,F,1,200309,1,"$71,938",27.0
DLLS,11,C,13,11,B,0110,1,GS-11,D,XXXX,8,15,F,1,200309,1,"$48,451",2.3
DLLS,06,G,13,12,H,0110,1,GS-12,G,XXXX,8,10,F,1,200309,1,"$76,918",25.0
DLLS,36,K,17,12,I,0110,1,GS-12,G,XXXX,8,10,F,1,200309,1,"$76,225",34.5
DLLS,11,F,17,12,G,0110,1,GS-12,F,XXXX,8,10,F,1,200309,1,"$65,813",20.3
DLLS,06,I,17,09,C,0110,1,GS-09,D,XXXX,8,15,F,1,200309,1,"$41,809",4.4
DLLS,12,G,13,06,E,0119,3,GS-06,B,XXXX,8,15,P,2,200309,1,"$29,598",14.5
DLLS,42,E,07,06,D,0119,3,GS-06,C,XXXX,8,10,P,2,200309,1,"$32,603",5.8
DLLS,11,B,13,09,B,0110,1,GS-09,D,XXXX,8,15,F,1,200309,1,"$40,044",1.8
DLLS,11,H,13,13,H,0110,1,GM-13,H,XXXX,2,10,F,1,200309,1,"$87,483",28.6
DLLS,11,F,17,13,F,0110,1,GM-13,H,XXXX,2,10,F,1,200309,1,"$85,169",16.8
DLLS,11,F,17,12,F,0110,1,GS-12,F,XXXX,8,10,F,1,200309,1,"$65,813",15.0
DLLS,11,J,21,14,E,0110,1,GS-14,I,XXXX,2,10,F,1,200309,1,"$97,925",14.0
DLLS,36,G,13,12,G,0110,1,GS-12,G,XXXX,8,10,F,1,200309,1,"$72,213",24.3
DLLS,11,C,17,13,C,0110,1,GS-13,F,XXXX,8,10,F,1,200309,1,"$69,054",3.9
DLLS,36,H,13,06,E,0119,3,GS-06,C,XXXX,8,10,P,2,200309,1,"$39,686",13.2
DLLS,11,I,17,13,I,0110,1,GS-13,H,XXXX,2,10,F,1,200309,1,"$89,774",34.1
DLLS,11,H,14,14,I,0110,1,GS-14,I,XXXX,2,10,F,1,200309,1,"$97,925",32.2
DLLS,11,J,18,13,J,0110,1,GS-13,H,XXXX,8,10,F,1,200309,1,"$89,774",38.1
DLLS,36,K,14,12,G,0110,1,GS-12,F,XXXX,8,10,F,1,200309,1,"$66,195",21.0
DLLS,11,H,13,12,D,0110,1,GS-12,F,XXXX,8,10,F,1,200309,1,"$63,877",6.7
DLLS,11,G,17,13,G,0110,1,GS-13,H,XXXX,8,10,F,1,200309,1,"$80,565",23.0
DLLS,06,B,13,09,B,0110,1,GS-09,D,XXXX,8,15,F,1,200309,1,"$43,006",1.9
DLLS,11,J,18,,J,0110,1,ES-04,N,XXXX,2,50,F,1,200309,1,"$142,500",37.4
DLLS,36,I,13,12,F,0110,1,GS-12,G,XXXX,8,10,F,1,200309,1,"$74,219",19.4
DLLS,11,F,13,11,D,0110,1,GS-11,E,XXXX,8,42,F,2,200309,1,"$50,067",5.6
DLLS,27,K,13,07,G,0119,3,GS-07,D,XXXX,8,10,P,2,200309,1,"$42,596",21.6
DLLS,22,K,13,06,C,0119,3,GS-06,B,XXXX,8,15,P,2,200309,1,"$28,644",4.3
DLLS,13,E,13,12,E,0110,1,GS-12,E,XXXX,8,10,F,1,200309,1,"$57,097",10.1
DLLS,36,K,09,07,F,0119,3,GS-07,D,XXXX,8,10,P,2,200309,1,"$40,709",17.9
DLLS,36,I,04,07,E,0119,3,GS-07,D,XXXX,8,10,P,2,200309,1,"$40,709",14.0
DLLS,36,E,13,12,E,0110,1,GS-12,G,XXXX,8,10,F,1,200309,1,"$70,207",14.2
DLLS,11,G,18,14,G,0110,1,GS-14,J,XXXX,8,10,P,2,200309,1,"$100,645",20.5
DLLS,36,E,13,11,D,0110,1,GS-11,E,XXXX,8,10,F,1,200309,1,"$50,209",7.4
DLLS,11,H,21,14,E,0110,1,GS-14,J,XXXX,8,10,F,1,200309,1,"$100,645",12.3
DLLS,11,G,13,12,H,0110,1,GS-12,G,XXXX,8,10,F,1,200309,1,"$73,556",25.3
DLLS,11,D,17,12,D,0110,1,GS-12,F,XXXX,8,10,F,1,200309,1,"$61,942",6.3
DLLS,36,D,17,12,D,0110,1,GS-12,F,XXXX,8,10,F,1,200309,1,"$66,195",7.0
DLLS,34,E,17,12,D,0110,1,GS-12,F,XXXX,8,10,F,1,200309,1,"$66,195",8.7
DLLS,11,E,13,12,D,0110,1,GS-12,F,XXXX,8,10,F,1,200309,1,"$61,942",8.6
DLLS,11,B,13,09,B,0110,1,GS-09,D,XXXX,8,15,F,1,200309,1,"$40,044",1.1
DLLS,11,E,17,13,E,0110,1,GS-13,H,XXXX,8,10,F,1,200309,1,"$80,565",13.3
DLLS,11,G,13,12,G,0110,1,GS-12,G,XXXX,8,10,F,1,200309,1,"$73,556",24.3
DLLS,11,F,21,14,E,0110,1,GS-14,H,XXXX,8,10,F,1,200309,1,"$89,764",11.0
DLLS,36,G,14,12,D,0110,1,GS-12,F,XXXX,8,10,F,1,200309,1,"$66,195",8.6
DLLS,34,F,17,12,F,0110,1,GS-12,G,XXXX,8,10,F,1,200309,1,"$70,207",16.7
DLLS,36,K,13,05,A,0119,3,GS-05,B,XXXX,8,15,P,2,200309,1,"$27,387",0.9
DLLS,34,E,13,12,E,0110,1,GS-12,G,XXXX,8,10,F,1,200309,1,"$74,219",14.8
DLLS,11,J,13,12,H,0110,1,GS-12,G,XXXX,8,10,F,1,200309,1,"$73,556",27.2
DLLS,11,J,18,12,F,0110,1,GS-12,F,XXXX,8,10,F,1,200309,1,"$65,813",17.8
DLLS,36,H,13,12,H,0110,1,GS-12,G,XXXX,8,10,F,1,200309,1,"$78,231",29.8
DLLS,42,G,13,14,H,0110,1,GS-14,I,XXXX,2,10,F,1,200309,1,"$98,524",28.3
DLLS,06,J,17,07,D,0119,3,GS-07,C,XXXX,8,10,P,2,200309,1,"$36,458",5.5
DLLS,13,C,17,11,B,0110,1,GS-11,D,XXXX,8,15,F,1,200309,1,"$47,639",2.1
DLLS,11,C,17,12,C,0110,1,GS-12,F,XXXX,8,10,F,1,200309,1,"$60,006",3.2
DLLS,36,J,15,12,I,0110,1,GS-12,G,XXXX,8,10,F,1,200309,1,"$74,219",34.3
DLLS,36,H,13,06,C,0119,3,GS-06,B,XXXX,8,10,P,2,200309,1,"$29,598",3.1
DLLS,24,K,17,07,D,0119,3,GS-07,C,XXXX,8,10,P,2,200309,1,"$36,010",8.6
DLLS,36,I,13,06,E,0119,3,GS-06,C,XXXX,8,10,P,2,200309,1,"$35,616",10.9
DLLS,42,J,13,13,I,0110,1,GS-13,H,XXXX,2,10,F,1,200309,1,"$81,058",31.4
DLLS,06,I,13,12,H,0110,1,GS-12,H,XXXX,8,10,F,1,200309,1,"$81,076",26.6
DLLS,36,J,17,12,F,0110,1,GS-12,G,XXXX,8,10,F,1,200309,1,"$72,213",16.4
DLLS,36,G,13,06,G,0119,3,GS-06,C,XXXX,8,10,P,2,200309,1,"$38,668",23.9
DLLS,36,F,13,12,F,0110,1,GS-12,F,XXXX,2,10,F,1,200309,1,"$66,195",18.2
DLLS,48,D,13,12,E,0110,1,GS-12,F,XXXX,8,10,F,1,200309,1,"$65,439",12.3
DLLS,42,C,13,12,C,0110,1,GS-12,F,XXXX,2,10,F,1,200309,1,"$60,373",4.4
DLLS,36,H,05,06,G,0119,3,GS-06,C,XXXX,8,10,P,2,200309,1,"$37,237",23.2
DLLS,11,E,13,13,F,0110,1,GS-13,G,XXXX,8,10,F,1,200309,1,"$78,263",15.3
DLLS,36,D,13,12,D,0110,1,GS-12,F,XXXX,8,10,F,1,200309,1,"$66,195",8.6
DLLS,11,F,13,12,E,0110,1,GS-12,F,XXXX,8,10,F,1,200309,1,"$60,006",12.6
DLLS,13,F,12,09,B,0110,1,GS-09,D,XXXX,8,15,F,1,200309,1,"$40,685",2.2
DLLS,11,D,17,12,C,0110,1,GS-12,E,XXXX,8,10,F,1,200309,1,"$58,070",3.3
DLLS,36,E,13,12,E,0110,1,GS-12,F,XXXX,8,10,F,1,200309,1,"$66,195",12.0
DLLS,11,G,13,13,H,0110,1,GS-13,H,XXXX,2,10,F,1,200309,1,"$80,565",27.3
DLLS,11,G,13,14,F,0110,1,GS-14,I,XXXX,2,10,F,1,200309,1,"$97,925",16.3
DLLS,11,I,14,14,I,0110,1,GM-14,J,XXXX,2,10,F,1,200309,1,"$104,958",31.0
DLLS,06,I,13,07,C,0119,3,GS-07,C,XXXX,8,10,P,2,200309,1,"$34,227",3.8
DLLS,11,D,17,12,C,0110,1,GS-12,F,XXXX,8,10,F,1,200309,1,"$60,006",3.7
DLLS,36,K,13,05,D,0119,3,GS-05,B,XXXX,8,15,P,2,200309,1,"$26,553",7.9
DLLS,11,G,17,12,F,0110,1,GS-12,G,XXXX,8,10,F,1,200309,1,"$71,620",17.9
DLLS,36,I,13,05,C,0119,3,GS-05,B,XXXX,8,15,P,2,200309,1,"$26,553",3.1
DLLS,11,C,13,12,C,0110,1,GS-12,F,XXXX,8,10,F,1,200309,1,"$60,006",4.0
DLLS,11,C,09,12,C,0110,1,GS-12,F,XXXX,8,10,F,1,200309,1,"$63,877",4.0
DLLS,36,H,04,05,B,0119,3,GS-05,B,XXXX,8,15,P,2,200309,1,"$27,387",2.1
DLLS,11,H,13,13,H,0110,1,GS-13,H,XXXX,8,10,F,1,200309,1,"$87,472",27.7
DLLS,36,D,13,06,B,0119,3,GS-06,C,XXXX,8,15,P,2,200309,1,"$31,545",2.3
DLLS,11,G,17,15,H,0110,1,GS-15,K,XXXX,2,10,F,1,200309,1,"$111,985",27.1
DLLS,06,G,17,12,F,0110,1,GS-12,G,XXXX,8,10,F,1,200309,1,"$76,799",18.2
DLLS,11,D,13,13,E,0110,1,GS-13,G,XXXX,8,10,F,1,200309,1,"$78,263",11.0
DLLS,36,D,13,12,C,0110,1,GS-12,F,XXXX,2,15,F,1,200309,1,"$60,177",3.0
DLLS,39,K,17,07,D,0119,3,GS-07,C,XXXX,8,10,P,2,200309,1,"$34,622",7.9
DLLS,06,J,17,12,H,0110,1,GS-12,G,XXXX,8,10,F,1,200309,1,"$72,761",26.0
DLLS,11,I,17,13,I,0110,1,GS-13,H,XXXX,8,10,F,1,200309,1,"$89,774",31.0
DLLS,36,I,04,05,A,0119,3,GS-05,B,XXXX,8,15,P,2,200309,1,"$27,387",0.8
DLLS,13,G,13,13,G,0110,1,GS-13,G,XXXX,2,10,F,1,200309,1,"$79,215",23.7
DLLS,11,E,13,12,E,0110,1,GS-12,F,XXXX,8,10,F,1,200309,1,"$65,813",10.6
DLLS,11,H,21,14,H,0110,1,GS-14,I,XXXX,8,10,F,1,200309,1,"$95,204",25.2
DLLS,11,G,17,12,B,0110,1,GS-12,E,XXXX,8,15,F,1,200309,1,"$58,070",2.7
DLLS,36,H,13,07,C,0119,3,GS-07,C,XXXX,8,10,P,2,200309,1,"$36,186",3.0
DLLS,11,I,14,13,J,0110,1,GM-13,H,XXXX,2,10,F,1,200309,1,"$89,774",37.3
DLLS,36,G,18,13,F,0110,1,GS-13,G,XXXX,2,10,F,1,200309,1,"$78,717",16.3
DLLS,11,I,15,,I,0110,1,ES-03,N,XXXX,2,50,F,1,200309,1,"$142,500",33.5
DLLS,11,F,17,13,F,0110,1,GS-13,H,XXXX,8,10,F,1,200309,1,"$82,867",16.0
DLLS,36,I,13,06,B,0119,3,GS-06,C,XXXX,8,15,P,2,200309,1,"$31,545",2.2
DLLS,06,F,13,12,E,0110,1,GS-12,F,XXXX,8,10,F,1,200309,1,"$66,693",11.3
DLLS,11,C,17,13,D,0110,1,GS-13,F,XXXX,8,10,F,1,200309,1,"$69,054",5.3
DLLS,11,D,13,13,E,0110,1,GS-13,G,XXXX,8,10,F,1,200309,1,"$75,961",11.3
DLLS,11,H,17,15,G,0110,1,GS-15,K,XXXX,2,10,F,1,200309,1,"$111,985",23.0
DLLS,34,H,13,12,H,0110,1,GS-12,G,XXXX,8,10,F,1,200309,1,"$74,219",29.9
DLLS,11,E,13,13,E,0110,1,GS-13,G,XXXX,8,10,F,1,200309,1,"$75,961",12.4
DLLS,11,C,13,12,C,0110,1,GS-12,E,XXXX,8,10,F,1,200309,1,"$58,070",3.3
DLLS,36,J,13,05,A,0119,3,GS-05,B,XXXX,8,15,P,2,200309,1,"$27,387",0.7
DLLS,11,C,13,09,B,0110,1,GS-09,D,XXXX,8,15,F,1,200309,1,"$40,044",1.8
DLLS,11,H,13,14,G,0110,1,GS-14,I,XXXX,8,10,F,1,200309,1,"$92,484",23.5
DLLS,11,D,13,12,D,0110,1,GS-12,F,XXXX,8,10,F,1,200309,1,"$63,877",6.3
DLLS,11,C,13,12,C,0110,1,GS-12,F,XXXX,8,10,F,1,200309,1,"$60,006",4.0
DLLS,11,B,13,09,B,0110,1,GS-09,D,XXXX,8,15,F,1,200309,1,"$40,044",1.3
DLLS,11,I,17,12,D,0110,1,GS-12,F,XXXX,8,10,F,1,200309,1,"$61,942",9.6
DLLS,34,H,13,05,A,0119,3,GS-05,B,XXXX,8,15,P,2,200309,1,"$27,387",0.7
DLLS,11,C,13,13,C,0110,1,GS-13,F,XXXX,2,10,F,1,200309,1,"$69,054",4.3
DLLS,11,F,21,14,F,0110,1,GS-14,I,XXXX,8,10,F,1,200309,1,"$97,925",15.9
DLLS,45,G,13,06,C,0119,3,GS-06,B,XXXX,8,15,P,2,200309,1,"$29,598",3.3
DLLS,11,H,21,14,H,0110,1,GS-14,J,XXXX,8,10,F,1,200309,1,"$106,086",26.8
DLLS,11,E,17,13,E,0110,1,GS-13,G,XXXX,8,10,F,1,200309,1,"$73,659",10.0
DLLS,11,B,13,07,B,0110,1,GS-07,C,XXXX,8,15,F,1,200309,1,"$33,828",1.0
DLLS,39,J,13,07,D,0119,3,GS-07,C,XXXX,8,10,P,2,200309,1,"$34,622",5.9
DLLS,12,I,08,07,D,0119,3,GS-07,C,XXXX,8,10,P,2,200309,1,"$36,075",9.3
DLLS,36,I,04,06,C,0119,3,GS-06,C,XXXX,8,15,P,2,200309,1,"$31,545",3.9
DLLS,25,H,17,12,F,0110,1,GS-12,G,XXXX,8,10,F,1,200309,1,"$77,005",19.3
DLLS,11,H,17,15,H,0110,1,GM-15,L,XXXX,2,10,F,1,200309,1,"$120,988",29.1
DLLS,11,B,13,11,B,0110,1,GS-11,D,XXXX,8,15,F,1,200309,1,"$48,451",2.3
DLLS,36,G,13,12,G,0110,1,GS-12,G,XXXX,8,10,F,1,200309,1,"$72,213",21.1
DLLS,34,G,13,12,H,0110,1,GS-12,G,XXXX,2,10,F,1,200309,1,"$76,225",28.3
DLLS,11,E,13,14,E,0110,1,GS-14,H,XXXX,8,10,F,1,200309,1,"$87,043",11.5
DLLS,11,E,17,14,E,0110,1,GS-14,H,XXXX,8,10,P,2,200309,1,"$89,764",14.1
DLLS,11,J,17,14,I,0110,1,GM-14,J,XXXX,2,10,F,1,200309,1,"$106,086",32.3
DLLS,42,G,13,13,G,0110,1,GM-13,H,XXXX,2,10,F,1,200309,1,"$88,007",24.2
DLLS,11,B,13,11,B,0110,1,GS-11,D,XXXX,8,15,F,1,200309,1,"$48,451",2.1
DLLS,13,H,13,12,D,0110,1,GS-12,E,XXXX,8,10,F,1,200309,1,"$59,000",8.6
DLLS,11,H,13,12,H,0110,1,GS-12,G,XXXX,8,10,F,1,200309,1,"$75,492",29.3
DLLS,11,G,13,13,G,0110,1,GS-13,G,XXXX,8,10,F,1,200309,1,"$73,659",22.9
DLLS,11,B,13,09,B,0110,1,GS-09,D,XXXX,8,15,F,1,200309,1,"$40,044",1.8
DLLS,11,B,13,11,B,0110,1,GS-11,D,XXXX,8,15,F,1,200309,1,"$48,451",2.2
DLLS,34,H,13,12,H,0110,1,GS-12,G,XXXX,8,10,F,1,200309,1,"$74,219",29.5
DLLS,42,G,13,12,F,0110,1,GS-12,E,XXXX,8,10,F,1,200309,1,"$58,426",16.9
DLLS,11,E,21,13,C,0110,1,GS-13,G,XXXX,*,10,F,1,200309,1,"$75,961",4.0
DLLS,11,B,13,11,B,0110,1,GS-11,D,XXXX,8,15,F,1,200309,1,"$48,451",2.3
DLLS,34,F,13,05,B,0119,3,GS-05,B,XXXX,8,15,P,2,200309,1,"$29,212",2.8
DLLS,42,D,13,12,D,0110,1,GS-12,F,XXXX,8,10,F,1,200309,1,"$64,268",9.6
DLLS,11,F,13,14,F,0110,1,GM-14,I,XXXX,2,10,F,1,200309,1,"$97,925",19.3
DLLS,34,H,13,12,H,0110,1,GS-12,G,XXXX,8,10,F,1,200309,1,"$78,231",25.4
DLLS,34,E,17,12,F,0110,1,GS-12,G,XXXX,8,10,F,1,200309,1,"$70,207",15.2
DLLS,42,B,11,04,A,0119,3,GS-04,B,XXXX,8,20,F,2,200309,1,"$23,766",0.3
DLLS,11,B,13,09,B,0110,1,GS-09,D,XXXX,8,15,F,1,200309,1,"$40,044",1.1
DLLS,36,B,13,07,A,0110,1,GS-07,C,XXXX,8,15,F,1,200309,1,"$33,924",0.2
DLLS,36,B,13,09,B,0110,1,GS-09,D,XXXX,8,15,F,1,200309,1,"$41,497",1.3
DLLS,11,H,18,13,H,0110,1,GS-13,G,XXXX,8,10,F,1,200309,1,"$78,263",29.4
DLLS,11,F,13,13,E,0110,1,GS-13,G,XXXX,8,10,F,1,200309,1,"$75,961",13.7
DLLS,11,D,18,13,D,0110,1,GS-13,G,XXXX,2,10,F,1,200309,1,"$71,357",8.2
DLLS,11,D,21,12,B,0110,1,GS-12,G,XXXX,8,15,P,2,200309,1,"$73,556",1.0
DLLS,34,H,10,05,B,0119,3,GS-05,B,XXXX,8,15,P,2,200309,1,"$28,300",1.3
DLLS,29,G,13,13,G,0110,1,GM-13,H,XXXX,4,10,F,1,200309,1,"$85,558",24.3
DLLS,11,J,17,15,H,0110,1,GS-15,L,XXXX,8,10,F,1,200309,1,"$124,783",29.0
DLLS,11,F,17,13,E,0110,1,GS-13,G,XXXX,8,10,F,1,200309,1,"$73,659",14.3
DLLS,11,H,17,13,H,0110,1,GS-13,H,XXXX,8,10,F,1,200309,1,"$87,472",25.2
DLLS,11,C,21,12,C,0110,1,GS-12,G,XXXX,8,15,F,1,200309,1,"$73,556",3.6
DLLS,34,G,04,06,D,0119,3,GS-06,C,XXXX,8,10,P,2,200309,1,"$33,580",5.7
DLLS,42,D,13,12,D,0110,1,GS-12,F,XXXX,8,10,F,1,200309,1,"$64,268",6.3
DLLS,11,B,13,11,B,0110,1,GS-11,D,XXXX,8,15,F,1,200309,1,"$48,451",2.3
DLLS,11,B,13,11,B,0110,1,GS-11,D,XXXX,8,15,F,1,200309,1,"$48,451",2.2
DLLS,34,G,13,05,D,0119,3,GS-05,C,XXXX,8,15,P,2,200309,1,"$35,599",8.0
DLLS,11,G,13,14,H,0110,1,GS-14,J,XXXX,2,10,F,1,200309,1,"$100,645",26.1
DLLS,34,H,14,12,H,0110,1,GS-12,G,XXXX,8,10,F,1,200309,1,"$78,231",27.7
DLLS,42,F,09,12,G,0110,1,GS-12,F,XXXX,8,10,F,1,200309,1,"$60,373",24.3
DLLS,11,E,17,12,E,0110,1,GS-12,F,XXXX,8,10,F,1,200309,1,"$65,813",10.2
DLLS,34,I,13,12,J,0110,1,GS-12,G,XXXX,8,10,F,1,200309,1,"$78,231",37.2
DLLS,34,I,17,05,A,0119,3,GS-05,B,XXXX,8,15,P,2,200309,1,"$27,387",0.7
DLLS,02,I,14,07,G,0119,3,GS-07,C,XXXX,8,10,P,2,200309,1,"$36,781",20.3
DLLS,34,I,13,05,C,0119,3,GS-05,B,XXXX,8,15,P,2,200309,1,"$29,212",3.3
DLLS,06,H,13,12,H,0110,1,GS-12,G,XXXX,8,10,F,1,200309,1,"$78,997",25.0
DLLS,11,H,17,13,H,0110,1,GS-13,H,XXXX,8,10,F,1,200309,1,"$87,472",26.0
DLLS,27,G,13,07,B,0110,1,GS-07,C,XXXX,8,15,F,1,200309,1,"$34,950",2.2
DLLS,11,D,15,12,D,0110,1,GS-12,F,XXXX,8,10,F,1,200309,1,"$63,877",6.3
DLLS,11,K,17,14,J,0110,1,GS-14,J,XXXX,2,10,F,1,200309,1,"$103,366",38.5
DLLS,11,J,17,12,F,0110,1,GS-12,F,XXXX,8,10,F,1,200309,1,"$63,877",19.2
DLLS,11,I,21,,D,0110,1,EX-04,M,XXXX,2,46,F,2,200309,1,"$134,000",7.2
DLLS,11,E,13,13,E,0110,1,GS-13,G,XXXX,8,10,F,1,200309,1,"$73,659",12.3
DLLS,09,K,13,07,H,0119,3,GS-07,D,XXXX,8,10,P,2,200309,1,"$44,102",29.5
DLLS,11,G,13,13,G,0110,1,GS-13,H,XXXX,8,10,F,1,200309,1,"$89,774",23.0
DLLS,11,H,14,12,I,0110,1,GS-12,G,XXXX,8,10,F,1,200309,1,"$75,492",33.2
DLLS,11,D,13,12,E,0110,1,GS-12,F,XXXX,8,10,F,1,200309,1,"$69,685",12.2
DLLS,51,G,13,07,E,0119,3,GS-07,C,XXXX,8,10,P,2,200309,1,"$39,284",12.3
DLLS,11,G,13,14,F,0110,1,GS-14,H,XXXX,8,10,F,1,200309,1,"$89,764",15.2
DLLS,34,G,13,12,G,0110,1,GS-12,G,XXXX,8,10,F,1,200309,1,"$74,219",21.4
DLLS,11,F,04,06,G,0119,3,GS-06,C,XXXX,8,10,F,1,200309,1,"$37,315",23.8
DLLS,41,E,13,12,E,0110,1,GS-12,F,XXXX,8,10,F,1,200309,1,"$64,008",11.4
DLLS,11,B,13,07,A,0110,1,GS-07,C,XXXX,8,15,F,1,200309,1,"$32,736",0.2
DLLS,50,I,13,07,D,0119,3,GS-07,C,XXXX,8,10,P,2,200309,1,"$35,014",6.4
DLLS,11,E,21,14,D,0110,1,GS-14,H,XXXX,8,10,F,1,200309,1,"$87,043",8.0
DLLS,11,I,14,15,H,0110,1,GM-15,L,XXXX,2,10,F,1,200309,1,"$124,783",28.6
DLLS,42,I,04,05,B,0119,3,GS-05,B,XXXX,8,15,P,2,200309,1,"$26,553",1.3
DLLS,11,E,13,14,F,0110,1,GS-14,H,XXXX,8,10,P,2,200309,1,"$89,764",16.0
DLLS,11,B,13,07,A,0110,1,GS-07,C,XXXX,8,15,F,1,200309,1,"$32,736",0.2
DLLS,42,K,04,07,F,0119,3,GS-07,C,XXXX,8,10,P,2,200309,1,"$39,525",17.9
DLLS,11,H,13,14,H,0110,1,GM-14,J,XXXX,2,10,F,1,200309,1,"$100,502",26.7
DLLS,21,G,13,12,H,0110,1,GS-12,F,XXXX,8,10,F,1,200309,1,"$62,110",25.1
DLLS,11,H,14,14,H,0110,1,GM-14,J,XXXX,2,10,F,1,200309,1,"$104,504",29.8
DLLS,11,F,17,12,C,0110,1,GS-12,F,XXXX,8,10,F,1,200309,1,"$60,006",3.3
DLLS,42,H,17,13,H,0110,1,GS-13,H,XXXX,2,10,F,1,200309,1,"$81,058",29.0
DLLS,42,H,04,12,I,0110,1,GS-12,G,XXXX,8,10,F,1,200309,1,"$72,059",32.8
DLLS,11,D,13,13,E,0110,1,GS-13,G,XXXX,8,10,F,1,200309,1,"$73,659",10.7
DLLS,42,E,13,12,E,0110,1,GS-12,G,XXXX,8,10,F,1,200309,1,"$72,059",14.0
DLLS,11,K,21,12,G,0110,1,GS-12,G,XXXX,8,10,F,1,200309,1,"$75,492",23.1
DLLS,42,I,10,05,C,0119,3,GS-05,B,XXXX,8,10,P,2,200309,1,"$28,362",4.8
DLLS,11,G,13,14,H,0110,1,GM-14,J,XXXX,2,10,F,1,200309,1,"$102,013",25.4
DLLS,42,F,13,05,B,0119,3,GS-05,B,XXXX,8,15,P,2,200309,1,"$27,476",1.6
DLLS,17,F,17,12,F,0110,1,GS-12,G,XXXX,8,10,F,1,200309,1,"$73,787",16.5
DLLS,42,C,04,12,C,0110,1,GS-12,E,XXXX,8,10,F,1,200309,1,"$58,426",3.1
DLLS,11,J,18,15,J,0110,1,GS-15,L,XXXX,2,10,F,1,200309,1,"$124,783",40.1
DLLS,36,J,21,15,A,0110,1,GS-15,L,XXXX,2,15,F,1,200309,1,"$129,310",0.6
DLLS,11,H,14,14,I,0110,1,GS-14,J,XXXX,2,10,F,1,200309,1,"$100,645",31.8
DLLS,11,F,17,13,F,0110,1,GS-13,G,XXXX,8,10,P,2,200309,1,"$78,263",16.4
DLLS,42,F,13,05,B,0119,3,GS-05,B,XXXX,8,15,P,2,200309,1,"$27,409",2.4
DLLS,11,E,13,13,F,0110,1,GS-13,G,XXXX,8,10,F,1,200309,1,"$78,263",15.1
DLLS,11,D,13,12,E,0110,1,GS-12,F,XXXX,8,10,P,2,200309,1,"$63,877",12.3
DLLS,11,C,13,11,B,0110,1,GS-11,D,XXXX,8,15,F,1,200309,1,"$48,451",2.9
DLLS,42,I,04,07,E,0119,3,GS-07,C,XXXX,8,10,P,2,200309,1,"$37,329",11.9
DLLS,11,H,14,15,H,0110,1,GS-15,J,XXXX,2,10,F,1,200309,1,"$108,785",27.0
DLLS,42,F,13,05,B,0119,3,GS-05,B,XXXX,8,15,P,2,200309,1,"$26,771",1.0
DLLS,11,E,13,13,E,0110,1,GS-13,G,XXXX,2,10,F,1,200309,1,"$75,961",13.8
DLLS,42,I,13,05,B,0119,3,GS-05,B,XXXX,8,15,P,2,200309,1,"$27,409",2.6
DLLS,42,D,13,12,E,0110,1,GS-12,F,XXXX,8,10,F,1,200309,1,"$66,216",12.5
DLLS,42,G,10,05,E,0119,3,GS-05,C,XXXX,8,10,P,2,200309,1,"$34,563",14.6
DLLS,11,E,13,12,E,0110,1,GS-12,F,XXXX,8,10,F,1,200309,1,"$63,877",10.3
DLLS,06,K,13,07,E,0119,3,GS-07,C,XXXX,8,10,P,2,200309,1,"$38,737",12.3
DLLS,24,I,09,12,F,0110,1,GS-12,F,XXXX,2,10,F,1,200309,1,"$63,877",19.2
DLLS,51,D,13,12,E,0110,1,GS-12,F,XXXX,8,10,F,1,200309,1,"$62,750",11.2
DLLS,11,G,17,13,F,0110,1,GS-13,G,XXXX,8,10,F,1,200309,1,"$75,961",15.3
DLLS,11,F,04,06,G,0119,3,GS-06,C,XXXX,8,10,F,1,200309,1,"$37,315",24.2
DLLS,11,F,13,14,F,0110,1,GS-14,I,XXXX,2,10,F,1,200309,1,"$95,204",17.8
DLLS,11,B,13,09,B,0110,1,GS-09,D,XXXX,8,15,F,1,200309,1,"$40,044",1.6
DLLS,11,I,14,14,I,0110,1,GM-14,J,XXXX,2,10,F,1,200309,1,"$106,086",31.1
DLLS,42,H,13,12,H,0110,1,GS-12,G,XXXX,8,10,F,1,200309,1,"$75,954",28.0
DLLS,11,D,13,14,E,0110,1,GS-14,H,XXXX,2,10,F,1,200309,1,"$84,323",11.5
DLLS,11,I,14,13,J,0110,1,GS-13,H,XXXX,8,10,F,1,200309,1,"$89,774",35.3
DLLS,11,E,21,14,C,0110,1,GS-14,I,XXXX,8,10,F,1,200309,1,"$92,484",4.3
DLLS,11,D,13,12,C,0110,1,GS-12,E,XXXX,8,10,F,1,200309,1,"$58,070",4.7
DLLS,42,G,13,14,G,0110,1,GS-14,I,XXXX,2,10,F,1,200309,1,"$93,050",24.9
DLLS,11,G,17,15,G,0110,1,GS-15,J,XXXX,2,10,F,1,200309,1,"$108,785",24.8
DLLS,11,E,17,13,E,0110,1,GS-13,G,XXXX,8,10,F,1,200309,1,"$75,961",13.3
DLLS,11,E,17,12,E,0110,1,GS-12,F,XXXX,8,10,P,2,200309,1,"$63,877",13.4
DLLS,42,G,09,05,B,0119,3,GS-05,B,XXXX,8,15,P,2,200309,1,"$27,409",2.4
DLLS,11,G,14,15,G,0110,1,GS-15,J,XXXX,8,10,F,1,200309,1,"$108,785",20.2
DLLS,42,E,13,12,E,0110,1,GS-12,G,XXXX,8,10,F,1,200309,1,"$72,059",14.3
DLLS,29,D,13,12,E,0110,1,GS-12,F,XXXX,8,10,F,1,200309,1,"$64,365",11.3
DLLS,06,F,17,12,D,0110,1,GS-12,F,XXXX,8,10,F,1,200309,1,"$64,672",5.4
DLLS,42,I,14,13,I,0110,1,GM-13,I,XXXX,2,10,F,1,200309,1,"$90,323",33.3
DLLS,11,C,17,07,A,0110,1,GS-07,C,XXXX,8,15,F,1,200309,1,"$32,736",0.7
DLLS,11,B,13,07,A,0110,1,GS-07,C,XXXX,8,15,F,1,200309,1,"$32,736",0.9
DLLS,42,I,14,14,I,0110,1,GS-14,I,XXXX,2,10,F,1,200309,1,"$95,787",33.5
DLLS,42,I,14,13,I,0110,1,GM-13,H,XXXX,2,10,F,1,200309,1,"$89,179",33.6
DLLS,36,G,13,06,B,0119,3,GS-06,C,XXXX,8,15,P,2,200309,1,"$31,545",2.3
DLLS,11,C,13,12,C,0110,1,GS-12,E,XXXX,8,10,F,1,200309,1,"$58,070",3.3
DLLS,11,E,13,13,E,0110,1,GS-13,H,XXXX,2,10,F,1,200309,1,"$80,565",13.2
DLLS,06,D,13,13,E,0110,1,GS-13,H,XXXX,2,10,F,1,200309,1,"$81,580",12.3
DLLS,42,G,13,12,F,0110,1,GS-12,F,XXXX,8,10,F,1,200309,1,"$66,216",15.0
DLLS,11,D,13,12,D,0110,1,GS-12,F,XXXX,8,10,F,1,200309,1,"$61,942",6.3
DLLS,11,H,13,12,F,0110,1,GS-12,F,XXXX,8,10,F,1,200309,1,"$65,813",16.4
DLLS,42,B,13,12,C,0110,1,GS-12,E,XXXX,8,10,F,1,200309,1,"$58,426",3.1
DLLS,42,K,04,07,H,0119,3,GS-07,D,XXXX,8,10,P,2,200309,1,"$40,650",25.8
DLLS,12,I,07,09,F,0110,1,GS-09,D,XXXX,8,10,F,1,200309,1,"$41,532",17.7
DLLS,42,G,13,15,F,0110,1,GS-15,J,XXXX,2,10,F,1,200309,1,"$106,232",19.8
DLLS,42,F,10,07,E,0119,3,GS-07,C,XXXX,8,10,P,2,200309,1,"$37,441",13.8
DLLS,11,C,13,12,C,0110,1,GS-12,F,XXXX,8,10,F,1,200309,1,"$60,006",4.3
DLLS,26,K,13,06,D,0119,3,GS-06,C,XXXX,8,10,P,2,200309,1,"$31,972",5.6
DLLS,11,C,13,11,B,0110,1,GS-11,D,XXXX,8,15,F,1,200309,1,"$48,451",2.1
DLLS,42,H,13,12,H,0110,1,GS-12,G,XXXX,8,10,F,1,200309,1,"$75,954",29.2
DLLS,11,G,17,14,F,0110,1,GS-14,H,XXXX,8,10,F,1,200309,1,"$87,043",16.3
DLLS,11,C,13,12,C,0110,1,GS-12,E,XXXX,8,10,F,1,200309,1,"$58,070",3.8
DLLS,11,F,13,13,F,0110,1,GS-13,G,XXXX,8,10,F,1,200309,1,"$78,263",18.3
DLLS,42,C,13,12,C,0110,1,GS-12,E,XXXX,8,10,F,1,200309,1,"$56,927",3.0
DLLS,42,E,13,12,E,0110,1,GS-12,F,XXXX,8,10,F,1,200309,1,"$62,620",10.1
DLLS,42,H,13,12,I,0110,1,GS-12,G,XXXX,8,10,F,1,200309,1,"$73,403",30.0
DLLS,11,E,17,14,E,0110,1,GS-14,H,XXXX,8,10,F,1,200309,1,"$89,764",13.4
DLLS,11,B,13,12,C,0110,1,GS-12,E,XXXX,8,10,F,1,200309,1,"$58,070",3.2
DLLS,06,E,13,12,E,0110,1,GS-12,F,XXXX,8,10,F,1,200309,1,"$66,693",12.3
DLLS,42,D,13,13,E,0110,1,GS-13,G,XXXX,2,10,F,1,200309,1,"$76,426",12.3
DLLS,11,E,13,12,F,0110,1,GS-12,F,XXXX,8,10,F,1,200309,1,"$65,813",15.3
DLLS,42,G,13,12,G,0110,1,GS-12,G,XXXX,8,10,F,1,200309,1,"$74,006",21.9
DLLS,11,C,13,13,C,0110,1,GS-13,F,XXXX,8,15,F,1,200309,1,"$69,054",4.3
DLLS,11,C,13,11,B,0110,1,GS-11,D,XXXX,8,15,F,1,200309,1,"$48,451",2.8
DLLS,11,B,13,09,B,0110,1,GS-09,D,XXXX,8,15,F,1,200309,1,"$40,044",1.1
DLLS,42,I,08,07,E,0119,3,GS-07,C,XXXX,8,10,P,2,200309,1,"$38,511",14.4
DLLS,42,G,13,12,G,0110,1,GS-12,G,XXXX,8,10,F,1,200309,1,"$75,954",24.2
DLLS,18,E,13,12,D,0110,1,GS-12,F,XXXX,7,10,F,1,200309,1,"$62,229",7.2
DLLS,13,F,17,14,E,0110,1,GS-14,H,XXXX,2,10,F,1,200309,1,"$80,234",12.4
DLLS,11,E,17,13,E,0110,1,GS-13,G,XXXX,8,10,F,1,200309,1,"$78,263",12.6
DLLS,42,I,04,07,D,0119,3,GS-07,C,XXXX,8,10,P,2,200309,1,"$36,371",7.3
DLLS,13,G,04,07,G,0119,3,GS-07,D,XXXX,8,10,P,2,200309,1,"$40,772",24.2
DLLS,42,G,17,12,G,0110,1,GS-12,F,XXXX,8,10,F,1,200309,1,"$68,163",22.4
DLLS,11,G,14,14,G,0110,1,GS-14,I,XXXX,2,10,F,1,200309,1,"$92,484",21.1
DLLS,11,B,13,12,C,0110,1,GS-12,E,XXXX,8,10,F,1,200309,1,"$58,070",3.0
DLLS,42,C,14,11,C,0110,1,GS-11,E,XXXX,8,10,F,1,200309,1,"$50,373",3.2
DLLS,11,F,21,13,D,0110,1,GS-13,G,XXXX,8,10,F,1,200309,1,"$73,659",6.2
DLLS,42,G,10,05,B,0119,3,GS-05,B,XXXX,8,15,P,2,200309,1,"$26,771",1.0
DLLS,42,I,13,07,F,0119,3,GS-07,C,XXXX,8,10,P,2,200309,1,"$39,581",17.8
DLLS,12,F,10,05,B,0119,3,GS-05,B,XXXX,8,15,P,2,200309,1,"$26,553",1.3
DLLS,13,G,13,12,G,0110,1,GS-12,F,XXXX,8,10,F,1,200309,1,"$68,516",23.5
DLLS,42,C,13,12,C,0110,1,GS-12,E,XXXX,8,10,F,1,200309,1,"$58,426",3.1
DLLS,42,K,04,06,F,0119,3,GS-06,C,XXXX,8,10,P,2,200309,1,"$35,567",18.4
DLLS,11,B,13,07,A,0110,1,GS-07,C,XXXX,8,15,F,1,200309,1,"$32,736",0.2
DLLS,42,G,08,13,H,0110,1,GS-13,H,XXXX,2,10,F,1,200309,1,"$81,058",25.9
DLLS,42,E,13,12,F,0110,1,GS-12,F,XXXX,8,10,F,1,200309,1,"$68,163",18.8
DLLS,11,E,13,13,E,0110,1,GS-13,H,XXXX,8,10,F,1,200309,1,"$80,565",14.1
DLLS,42,C,14,12,D,0110,1,GS-12,E,XXXX,8,10,F,1,200309,1,"$58,426",5.3
DLLS,42,D,07,06,F,0119,3,GS-06,C,XXXX,8,10,F,1,200309,1,"$36,555",17.9
DLLS,06,I,11,06,E,0119,3,GS-06,C,XXXX,8,15,P,2,200309,1,"$34,802",10.9
DLLS,42,J,14,06,D,0119,3,GS-06,C,XXXX,8,10,P,2,200309,1,"$32,603",6.2
DLLS,37,I,13,12,E,0110,1,GS-12,F,XXXX,8,10,F,1,200309,1,"$63,992",10.9
DLLS,11,C,13,11,B,0110,1,GS-11,D,XXXX,8,15,F,1,200309,1,"$48,451",2.2
DLLS,11,G,13,12,H,0110,1,GS-12,G,XXXX,8,10,F,1,200309,1,"$75,492",26.9
DLLS,42,B,13,07,A,0110,1,GS-07,C,XXXX,8,15,F,1,200309,1,"$32,937",0.7
DLLS,11,F,17,12,D,0110,1,GS-12,F,XXXX,8,10,F,1,200309,1,"$60,006",9.3
DLLS,42,G,17,06,D,0119,3,GS-06,C,XXXX,8,10,P,2,200309,1,"$34,579",8.4
DLLS,11,E,17,12,D,0110,1,GS-12,F,XXXX,8,10,F,1,200309,1,"$61,942",5.6
DLLS,11,B,13,11,B,0110,1,GS-11,D,XXXX,8,15,F,1,200309,1,"$48,451",2.3
DLLS,39,B,13,09,B,0110,1,GS-09,C,XXXX,8,15,F,1,200309,1,"$39,604",1.1
DLLS,11,C,13,12,C,0110,1,GS-12,F,XXXX,8,15,F,1,200309,1,"$60,006",4.2
DLLS,11,C,13,12,C,0110,1,GS-12,E,XXXX,8,10,F,1,200309,1,"$58,070",3.3
DLLS,13,H,13,13,H,0110,1,GS-13,H,XXXX,2,10,F,1,200309,1,"$83,742",25.8
DLLS,11,I,13,13,H,0110,1,GS-13,H,XXXX,8,10,F,1,200309,1,"$87,472",27.8
DLLS,42,F,17,13,G,0110,1,GS-13,G,XXXX,2,10,F,1,200309,1,"$74,109",20.5
DLLS,11,E,13,12,F,0110,1,GS-12,F,XXXX,8,10,F,1,200309,1,"$69,685",15.2
DLLS,11,H,04,12,E,0110,1,GS-12,F,XXXX,8,10,F,1,200309,1,"$61,942",12.3
DLLS,11,H,13,13,H,0110,1,GS-13,H,XXXX,8,10,F,1,200309,1,"$85,169",28.5
DLLS,11,G,13,12,F,0110,1,GS-12,G,XXXX,8,10,F,1,200309,1,"$71,620",16.7
DLLS,11,G,13,12,F,0110,1,GS-12,G,XXXX,8,10,F,1,200309,1,"$71,620",16.0
DLLS,11,G,17,13,G,0110,1,GS-13,H,XXXX,8,10,F,1,200309,1,"$80,565",21.1
DLLS,24,G,13,12,G,0110,1,GS-12,F,XXXX,8,10,F,1,200309,1,"$69,685",20.3
DLLS,11,G,09,06,F,0119,3,GS-06,C,XXXX,8,10,F,1,200309,1,"$38,297",16.2
DLLS,11,F,04,06,F,0119,3,GS-06,C,XXXX,8,10,F,1,200309,1,"$34,369",16.9
DLLS,11,D,13,12,D,0110,1,GS-12,F,XXXX,8,10,F,1,200309,1,"$63,877",8.4
DLLS,11,C,14,12,D,0110,1,GS-12,F,XXXX,8,10,F,1,200309,1,"$61,942",5.3
DLLS,11,B,11,07,B,0110,1,GS-07,C,XXXX,8,15,F,1,200309,1,"$32,736",1.9
DLLS,11,B,13,11,B,0110,1,GS-11,D,XXXX,8,15,F,1,200309,1,"$48,451",2.2
DLLS,11,J,14,12,I,0110,1,GS-12,G,XXXX,8,10,F,1,200309,1,"$75,492",33.8
DLLS,11,I,13,12,I,0110,1,GS-12,F,XXXX,8,10,F,1,200309,1,"$69,685",34.6
DLLS,51,I,14,07,H,0119,3,GS-07,D,XXXX,8,10,P,2,200309,1,"$41,467",28.5
DLLS,11,H,14,14,I,0110,1,GM-14,J,XXXX,2,10,F,1,200309,1,"$105,268",32.6
DLLS,11,H,14,14,I,0110,1,GS-14,J,XXXX,8,10,F,1,200309,1,"$106,086",31.1
DLLS,11,I,14,14,I,0110,1,GM-14,J,XXXX,2,10,F,1,200309,1,"$106,086",34.1
DLLS,11,I,13,14,H,0110,1,GS-14,I,XXXX,2,10,F,1,200309,1,"$97,925",27.7
DLLS,11,F,13,13,F,0110,1,GS-13,H,XXXX,8,10,F,1,200309,1,"$87,472",19.1
DLLS,11,F,13,12,G,0110,1,GS-12,G,XXXX,8,10,P,2,200309,1,"$71,620",22.0
DLLS,11,F,13,12,F,0110,1,GS-12,F,XXXX,8,10,F,1,200309,1,"$69,685",18.0
DLLS,11,C,13,13,D,0110,1,GS-13,G,XXXX,2,10,F,1,200309,1,"$73,659",7.3
DLLS,11,F,13,12,G,0110,1,GS-12,F,XXXX,8,10,F,1,200309,1,"$69,685",21.8
DLLS,11,F,13,12,F,0110,1,GS-12,F,XXXX,8,10,F,1,200309,1,"$65,813",17.7
DLLS,11,E,15,13,D,0110,1,GS-13,G,XXXX,2,10,F,1,200309,1,"$75,961",8.5
DLLS,24,F,13,07,D,0119,3,GS-07,C,XXXX,8,10,P,2,200309,1,"$34,919",6.3
DLLS,11,D,13,12,E,0110,1,GS-12,F,XXXX,8,10,F,1,200309,1,"$65,813",10.6
DLLS,11,E,13,14,E,0110,1,GS-14,H,XXXX,8,10,F,1,200309,1,"$89,764",14.3
DLLS,11,D,13,13,D,0110,1,GS-13,G,XXXX,8,10,F,1,200309,1,"$73,659",6.2
DLLS,11,E,13,12,E,0110,1,GS-12,F,XXXX,8,10,F,1,200309,1,"$65,813",13.2
DLLS,11,B,11,09,B,0110,1,GS-09,D,XXXX,8,15,F,1,200309,1,"$40,044",1.2
DLLS,11,E,13,12,D,0110,1,GS-12,F,XXXX,8,10,F,1,200309,1,"$61,942",9.1
DLLS,11,C,13,12,C,0110,1,GS-12,E,XXXX,8,10,F,1,200309,1,"$58,070",3.3
DLLS,11,E,17,12,D,0110,1,GS-12,F,XXXX,8,10,F,1,200309,1,"$61,942",5.4
DLLS,11,I,13,14,I,0110,1,GM-14,J,XXXX,2,10,F,1,200309,1,"$104,604",32.4
DLLS,11,I,11,14,H,0110,1,GS-14,I,XXXX,8,10,F,1,200309,1,"$97,925",29.4
DLLS,42,F,13,12,F,0110,1,GS-12,F,XXXX,8,10,F,1,200309,1,"$64,517",16.3
DLLS,11,H,17,13,I,0110,1,GS-13,H,XXXX,8,10,F,1,200309,1,"$87,472",31.4
DLLS,24,H,04,06,C,0119,3,GS-06,C,XXXX,8,10,P,2,200309,1,"$31,423",3.2
DLLS,11,H,14,13,I,0110,1,GS-13,H,XXXX,8,10,F,1,200309,1,"$89,774",30.2
DLLS,24,G,13,12,G,0110,1,GS-12,G,XXXX,8,10,F,1,200309,1,"$75,492",24.9
DLLS,53,G,17,05,G,0119,3,GS-05,C,XXXX,8,10,P,2,200309,1,"$34,466",24.8
DLLS,11,E,14,12,C,0110,1,GS-12,E,XXXX,8,10,F,1,200309,1,"$58,070",3.0
DLLS,11,C,13,12,D,0110,1,GS-12,F,XXXX,8,10,F,1,200309,1,"$61,942",5.8
DLLS,11,C,13,12,D,0110,1,GS-12,F,XXXX,8,10,F,1,200309,1,"$61,942",5.0
DLLS,11,C,13,12,C,0110,1,GS-12,F,XXXX,8,15,F,1,200309,1,"$60,006",4.8
DLLS,11,E,04,14,E,0110,1,GS-14,H,XXXX,2,10,F,1,200309,1,"$87,043",14.3
DLLS,11,B,13,09,B,0110,1,GS-09,D,XXXX,8,15,F,1,200309,1,"$40,044",1.9
DLLS,11,D,13,12,C,0110,1,GS-12,E,XXXX,8,10,F,1,200309,1,"$58,070",3.5
DLLS,11,C,13,09,B,0110,1,GS-09,D,XXXX,8,15,F,1,200309,1,"$40,044",1.3
DLLS,11,B,13,12,C,0110,1,GS-12,E,XXXX,8,10,F,1,200309,1,"$58,070",3.2
DLLS,11,B,13,09,B,0110,1,GS-09,D,XXXX,8,15,F,1,200309,1,"$40,044",1.3
DLLS,11,C,13,11,B,0110,1,GS-11,D,XXXX,8,15,F,1,200309,1,"$48,451",2.2
DLLS,11,I,17,12,I,0110,1,GS-12,G,XXXX,8,10,F,1,200309,1,"$75,492",33.8
DLLS,11,H,14,13,I,0110,1,GS-13,H,XXXX,8,10,F,1,200309,1,"$85,169",31.3
DLLS,11,G,13,13,H,0110,1,GS-13,H,XXXX,8,10,F,1,200309,1,"$85,169",25.5
DLLS,11,H,17,,I,0110,1,ES-01,M,XXXX,2,50,F,1,200309,1,"$131,342",30.4
DLLS,11,F,13,11,H,0110,1,GS-11,E,XXXX,8,10,F,1,200309,1,"$59,760",25.2
DLLS,11,H,14,13,I,0110,1,GS-13,H,XXXX,8,10,F,1,200309,1,"$89,774",33.2
DLLS,11,H,13,12,H,0110,1,GS-12,F,XXXX,8,10,F,1,200309,1,"$65,813",27.3
DLLS,11,H,17,14,I,0110,1,GM-14,J,XXXX,2,10,F,1,200309,1,"$106,086",33.0
DLLS,11,H,13,,H,0110,1,ES-04,N,XXXX,2,50,F,1,200309,1,"$142,500",29.1
DLLS,11,G,04,07,H,0119,3,GS-07,D,XXXX,8,10,F,1,200309,1,"$40,376",26.8
DLLS,11,G,13,12,G,0110,1,GS-12,F,XXXX,8,10,F,1,200309,1,"$67,749",22.0
DLLS,11,H,17,12,D,0110,1,GS-12,F,XXXX,8,10,F,1,200309,1,"$63,877",8.3
DLLS,11,G,17,12,E,0110,1,GS-12,F,XXXX,8,10,F,1,200309,1,"$63,163",12.8
DLLS,11,C,13,12,C,0110,1,GS-12,F,XXXX,8,10,F,1,200309,1,"$60,006",4.8
DLLS,11,F,13,12,F,0110,1,GS-12,E,XXXX,8,10,F,1,200309,1,"$58,070",19.9
DLLS,11,F,13,13,G,0110,1,GS-13,G,XXXX,8,10,F,1,200309,1,"$75,961",24.1
DLLS,11,D,13,12,E,0110,1,GS-12,F,XXXX,8,10,F,1,200309,1,"$63,877",10.8
DLLS,11,E,12,13,E,0110,1,GS-13,G,XXXX,8,10,F,1,200309,1,"$78,263",14.3
DLLS,11,F,04,12,F,0110,1,GS-12,F,XXXX,8,10,F,1,200309,1,"$65,813",17.7
DLLS,11,C,13,12,C,0110,1,GS-12,F,XXXX,8,10,F,1,200309,1,"$60,006",4.3
DLLS,11,B,13,09,B,0110,1,GS-09,D,XXXX,8,15,F,1,200309,1,"$41,379",2.2
DLLS,11,D,17,12,C,0110,1,GS-12,F,XXXX,8,10,F,1,200309,1,"$60,006",4.1
DLLS,11,C,13,09,C,0110,1,GS-09,D,XXXX,8,15,F,1,200309,1,"$40,044",3.3
DLLS,11,F,17,12,C,0110,1,GS-12,F,XXXX,8,10,F,1,200309,1,"$60,006",4.7
DLLS,11,J,13,13,J,0110,1,GS-13,H,XXXX,8,10,F,1,200309,1,"$89,774",42.0
DLLS,11,H,14,12,F,0110,1,GS-12,G,XXXX,8,10,F,1,200309,1,"$71,620",17.3
DLLS,11,I,13,14,I,0110,1,GM-14,J,XXXX,2,10,F,1,200309,1,"$106,086",33.3
DLLS,11,I,14,15,I,0110,1,GS-15,K,XXXX,2,10,F,1,200309,1,"$115,184",33.8
DLLS,11,I,13,12,H,0110,1,GS-12,F,XXXX,8,10,F,1,200309,1,"$63,877",25.3
DLLS,11,E,13,12,E,0110,1,GS-12,F,XXXX,8,10,F,1,200309,1,"$63,877",13.8
DLLS,11,H,13,14,H,0110,1,GM-14,J,XXXX,2,10,F,1,200309,1,"$100,787",28.1
DLLS,11,G,14,13,H,0110,1,GS-13,H,XXXX,8,10,F,1,200309,1,"$85,169",27.2
DLLS,11,I,21,12,F,0110,1,GS-12,F,XXXX,8,10,F,1,200309,1,"$65,813",16.8
DLLS,11,F,04,14,G,0110,1,GS-14,H,XXXX,8,10,F,1,200309,1,"$89,764",23.7
DLLS,24,D,13,11,B,0110,1,GS-11,D,XXXX,8,15,F,1,200309,1,"$48,451",2.2
DLLS,11,F,17,12,D,0110,1,GS-12,F,XXXX,8,10,F,1,200309,1,"$60,006",6.5
DLLS,11,B,13,11,C,0110,1,GS-11,D,XXXX,8,10,F,1,200309,1,"$48,451",3.0
DLLS,11,J,13,12,F,0110,1,GS-12,F,XXXX,8,10,F,1,200309,1,"$65,813",16.4
DLLS,11,I,04,11,J,0119,3,GS-11,F,XXXX,2,10,F,1,200309,1,"$61,376",40.7
DLLS,11,F,13,12,F,0110,1,GS-12,F,XXXX,8,10,F,1,200309,1,"$63,877",15.4
DLLS,11,H,13,15,H,0110,1,GS-15,K,XXXX,2,10,F,1,200309,1,"$111,985",28.4
DLLS,24,D,04,12,F,0110,1,GS-12,F,XXXX,2,10,F,1,200309,1,"$61,942",15.9
DLLS,11,H,17,13,D,0110,1,GS-13,F,XXXX,8,10,F,1,200309,1,"$69,054",5.1
DLLS,06,G,13,07,E,0119,3,GS-07,D,XXXX,8,10,P,2,200309,1,"$42,155",13.9
DLLS,11,G,21,14,G,0110,1,GS-14,J,XXXX,8,10,F,1,200309,1,"$103,366",20.0
DLLS,48,F,17,13,F,0110,1,GS-13,H,XXXX,4,10,F,1,200309,1,"$82,397",18.4
DLLS,11,F,13,12,C,0110,1,GS-12,F,XXXX,8,10,F,1,200309,1,"$60,006",4.9
DLLS,11,F,12,12,F,0110,1,GS-12,F,XXXX,8,10,F,1,200309,1,"$67,749",16.3
DLLS,11,B,17,09,A,0110,1,GS-09,D,XXXX,8,38,F,1,200309,1,"$40,044",0.1
DLLS,11,E,13,12,E,0110,1,GS-12,F,XXXX,8,10,F,1,200309,1,"$61,942",12.2
DLLS,11,B,13,07,A,0110,1,GS-07,C,XXXX,8,15,F,1,200309,1,"$32,736",0.1
DLLS,11,D,13,13,E,0110,1,GS-13,G,XXXX,2,10,F,1,200309,1,"$75,961",12.3
DLLS,11,D,13,12,C,0110,1,GS-12,F,XXXX,8,10,F,1,200309,1,"$60,006",4.8
DLLS,11,D,04,06,F,0119,3,GS-06,C,XXXX,8,10,F,1,200309,1,"$37,315",15.3
DLLS,11,B,11,09,B,0110,1,GS-09,D,XXXX,8,15,F,1,200309,1,"$40,044",2.3
DLLS,11,D,04,05,E,0119,3,GS-05,C,XXXX,8,10,P,2,200309,1,"$30,831",13.3
DLLS,11,C,13,11,D,0110,1,GS-11,E,XXXX,8,10,F,1,200309,1,"$53,298",6.6
DLLS,11,J,17,13,J,0110,1,GS-13,H,XXXX,8,10,F,1,200309,1,"$89,774",39.0
DLLS,24,I,17,07,F,0119,3,GS-07,D,XXXX,8,10,P,2,200309,1,"$40,376",17.5
DLLS,06,I,13,13,I,0110,1,GS-13,I,XXXX,4,10,F,1,200309,1,"$93,942",34.1
DLLS,11,H,13,14,I,0110,1,GS-14,I,XXXX,2,10,F,1,200309,1,"$97,925",31.5
DLLS,11,H,13,12,I,0110,1,GS-12,G,XXXX,8,10,F,1,200309,1,"$73,556",33.8
DLLS,11,H,10,06,I,0119,3,GS-06,C,XXXX,8,10,F,1,200309,1,"$38,297",32.3
DLLS,11,H,14,13,I,0110,1,GM-13,H,XXXX,2,10,F,1,200309,1,"$87,483",30.1
DLLS,11,E,21,14,E,0110,1,GS-14,I,XXXX,8,10,F,1,200309,1,"$95,204",10.1
DLLS,11,I,21,12,C,0110,1,GS-12,F,XXXX,8,10,F,1,200309,1,"$60,006",3.2
DLLS,11,F,13,13,G,0110,1,GM-13,H,XXXX,2,10,F,1,200309,1,"$85,169",20.4
DLLS,11,E,13,12,E,0110,1,GS-12,F,XXXX,8,10,F,1,200309,1,"$63,877",14.0
DLLS,11,F,13,13,F,0110,1,GS-13,G,XXXX,8,10,F,1,200309,1,"$78,263",15.8
DLLS,11,E,13,13,E,0110,1,GS-13,G,XXXX,2,10,F,1,200309,1,"$78,263",12.6
DLLS,51,B,13,05,A,0119,3,GS-05,B,XXXX,8,15,P,2,200309,1,"$26,429",0.8
DLLS,11,I,04,07,H,0119,3,GS-07,D,XXXX,8,10,F,1,200309,1,"$42,558",29.7
DLLS,11,I,14,14,I,0110,1,GM-14,J,XXXX,2,10,F,1,200309,1,"$105,643",32.8
DLLS,11,I,04,08,H,0119,3,GS-08,D,XXXX,2,10,F,1,200309,1,"$45,924",26.1
DLLS,11,I,04,11,H,0119,3,GS-11,E,XXXX,2,10,F,1,200309,1,"$59,760",28.7
DLLS,11,H,14,14,I,0110,1,GM-14,J,XXXX,2,10,F,1,200309,1,"$104,735",31.6
DLLS,51,G,10,07,F,0119,3,GS-07,D,XXXX,8,10,P,2,200309,1,"$40,376",17.8
DLLS,11,H,13,15,G,0110,1,GM-15,L,XXXX,2,10,F,1,200309,1,"$123,166",23.8
DLLS,11,E,17,14,E,0110,1,GS-14,H,XXXX,2,10,F,1,200309,1,"$81,602",10.7
DLLS,11,F,13,14,F,0110,1,GM-14,I,XXXX,2,10,P,2,200309,1,"$97,986",18.4
DLLS,11,F,13,13,F,0110,1,GS-13,G,XXXX,8,10,F,1,200309,1,"$75,961",17.1
DLLS,11,F,13,13,F,0110,1,GS-13,G,XXXX,8,10,F,1,200309,1,"$78,263",16.2
DLLS,06,B,13,07,B,0110,1,GS-07,C,XXXX,8,15,F,1,200309,1,"$36,330",2.3
DLLS,11,B,13,11,B,0110,1,GS-11,D,XXXX,8,15,F,1,200309,1,"$48,451",2.0
DLLS,11,B,13,07,A,0110,1,GS-07,C,XXXX,8,15,F,1,200309,1,"$32,736",0.3
DLLS,11,J,07,12,J,0110,1,GS-12,F,XXXX,8,10,F,1,200309,1,"$69,685",41.3
DLLS,11,I,13,12,H,0110,1,GS-12,G,XXXX,8,10,F,1,200309,1,"$73,556",27.2
DLLS,37,J,13,07,D,0119,3,GS-07,C,XXXX,8,10,P,2,200309,1,"$37,136",9.2
DLLS,11,I,13,12,F,0110,1,GS-12,F,XXXX,8,10,F,1,200309,1,"$65,813",17.2
DLLS,11,I,13,13,I,0110,1,GS-13,H,XXXX,8,10,F,1,200309,1,"$82,867",31.9
DLLS,11,H,14,14,I,0110,1,GS-14,I,XXXX,2,10,F,1,200309,1,"$97,925",32.2
DLLS,11,G,13,15,H,0110,1,GS-15,K,XXXX,5,10,F,1,200309,1,"$115,184",25.3
DLLS,06,I,17,12,I,0110,1,GS-12,G,XXXX,8,10,F,1,200309,1,"$78,820",32.4
DLLS,11,I,14,14,J,0110,1,GS-14,J,XXXX,2,10,F,1,200309,1,"$100,645",35.2
DLLS,11,G,17,15,G,0110,1,GS-15,J,XXXX,2,10,F,1,200309,1,"$108,785",24.6
DLLS,11,G,21,12,D,0110,1,GS-12,F,XXXX,8,10,F,1,200309,1,"$63,877",5.1
DLLS,11,F,04,13,F,0110,1,GS-13,G,XXXX,8,10,F,1,200309,1,"$75,961",15.3
DLLS,11,F,04,07,F,0119,3,GS-07,D,XXXX,8,10,F,1,200309,1,"$41,467",15.8
DLLS,26,G,17,12,F,0110,1,GS-12,G,XXXX,8,10,F,1,200309,1,"$77,856",15.3
DLLS,11,C,13,12,C,0110,1,GS-12,E,XXXX,8,10,F,1,200309,1,"$58,070",3.9
DLLS,11,E,13,13,F,0110,1,GS-13,H,XXXX,2,10,P,2,200309,1,"$80,565",18.8
DLLS,11,E,13,12,E,0110,1,GS-12,F,XXXX,8,10,F,1,200309,1,"$65,813",14.9
DLLS,11,E,13,12,F,0110,1,GS-12,F,XXXX,8,10,F,1,200309,1,"$67,749",15.7
DLLS,17,C,13,12,D,0110,1,GS-12,E,XXXX,8,10,F,1,200309,1,"$59,827",6.4
DLLS,24,G,13,05,F,0119,3,GS-05,C,XXXX,8,15,P,2,200309,1,"$34,353",17.9
DLLS,11,F,13,12,G,0110,1,GS-12,G,XXXX,8,10,F,1,200309,1,"$71,620",20.1
DLLS,11,B,13,12,C,0110,1,GS-12,E,XXXX,8,10,F,1,200309,1,"$58,070",3.0
DLLS,11,D,13,13,E,0110,1,GS-13,G,XXXX,8,10,F,1,200309,1,"$75,961",10.6
DLLS,13,F,13,12,F,0110,1,GS-12,G,XXXX,8,10,F,1,200309,1,"$70,420",17.3
DLLS,51,D,13,12,E,0110,1,GS-12,F,XXXX,8,10,F,1,200309,1,"$66,553",10.9
DLLS,12,K,07,07,F,0119,3,GS-07,C,XXXX,8,10,P,2,200309,1,"$38,197",17.5
DLLS,11,D,13,12,C,0110,1,GS-12,F,XXXX,8,10,F,1,200309,1,"$60,006",4.7
DLLS,11,J,04,06,H,0119,3,GS-06,C,XXXX,8,10,F,1,200309,1,"$38,297",27.0
DLLS,11,H,17,13,H,0110,1,GS-13,H,XXXX,8,10,F,1,200309,1,"$85,169",26.4
DLLS,11,F,13,13,G,0110,1,GS-13,H,XXXX,5,10,F,1,200309,1,"$80,565",22.2
DLLS,11,E,13,13,E,0110,1,GS-13,G,XXXX,2,10,F,1,200309,1,"$75,961",13.1
DLLS,11,F,13,13,G,0110,1,GS-13,G,XXXX,2,10,F,1,200309,1,"$75,961",20.6
DLLS,11,C,13,11,B,0110,1,GS-11,D,XXXX,8,15,F,1,200309,1,"$48,451",2.0
DLLS,11,B,13,07,A,0110,1,GS-07,C,XXXX,8,15,F,1,200309,1,"$32,736",0.6
DLLS,11,I,11,12,J,0110,1,GS-12,F,XXXX,8,10,F,1,200309,1,"$69,685",36.8
DLLS,11,I,14,13,I,0110,1,GS-13,H,XXXX,8,10,F,1,200309,1,"$89,774",33.7
DLLS,11,C,17,14,D,0110,1,GS-14,H,XXXX,2,10,F,1,200309,1,"$81,602",7.3
DLLS,11,F,13,15,F,0110,1,GS-15,K,XXXX,5,10,F,1,200309,1,"$115,184",16.1
DLLS,11,D,17,12,D,0110,1,GS-12,F,XXXX,8,10,F,1,200309,1,"$65,813",7.6
DLLS,11,B,13,09,B,0110,1,GS-09,D,XXXX,8,15,F,1,200309,1,"$40,044",1.4
DLLS,11,D,17,13,D,0110,1,GS-13,G,XXXX,8,10,F,1,200309,1,"$78,263",8.4
DLLS,13,C,13,11,B,0110,1,GS-11,D,XXXX,8,15,F,1,200309,1,"$47,639",2.7
DLLS,11,I,14,13,I,0110,1,GS-13,H,XXXX,2,10,F,1,200309,1,"$89,774",33.7
DLLS,17,D,13,07,A,0110,1,GS-07,C,XXXX,8,15,F,1,200309,1,"$33,726",0.8
DLLS,11,I,17,14,I,0110,1,GS-14,J,XXXX,2,10,F,1,200309,1,"$100,645",33.3
DLLS,11,H,17,13,H,0110,1,GS-13,H,XXXX,8,10,F,1,200309,1,"$80,565",29.1
DLLS,11,H,13,13,E,0110,1,GS-13,G,XXXX,8,10,F,1,200309,1,"$78,263",13.2
DLLS,11,F,04,13,F,0110,1,GS-13,H,XXXX,8,10,F,1,200309,1,"$80,565",18.8
DLLS,11,F,13,14,G,0110,1,GS-14,I,XXXX,8,10,F,1,200309,1,"$92,484",20.8
DLLS,11,E,17,12,F,0110,1,GS-12,F,XXXX,8,10,F,1,200309,1,"$65,813",16.7
DLLS,06,H,13,13,E,0110,1,GS-13,G,XXXX,2,10,F,1,200309,1,"$74,163",11.2
DLLS,11,B,13,09,B,0110,1,GS-09,D,XXXX,8,15,F,1,200309,1,"$40,044",1.3
DLLS,11,D,17,12,D,0110,1,GS-12,F,XXXX,8,10,F,1,200309,1,"$63,877",5.2
DLLS,11,D,13,12,D,0110,1,GS-12,G,XXXX,8,10,F,1,200309,1,"$75,492",5.8
DLLS,51,J,17,07,D,0119,3,GS-07,C,XXXX,8,10,P,2,200309,1,"$34,303",5.8
DLLS,11,H,13,14,I,0110,1,GM-14,J,XXXX,2,10,F,1,200309,1,"$106,086",30.0
DLLS,11,F,13,12,F,0110,1,GS-12,F,XXXX,8,10,F,1,200309,1,"$69,685",16.3
DLLS,11,I,17,13,I,0110,1,GS-13,H,XXXX,8,10,F,1,200309,1,"$89,774",32.4
DLLS,11,G,18,13,D,0110,1,GS-13,F,XXXX,8,10,F,1,200309,1,"$69,054",7.1
DLLS,11,F,13,14,G,0110,1,GM-14,J,XXXX,2,10,F,1,200309,1,"$100,645",20.8
DLLS,11,C,13,12,C,0110,1,GS-12,E,XXXX,8,10,F,1,200309,1,"$58,070",3.8
DLLS,51,C,13,12,D,0110,1,GS-12,F,XXXX,8,10,F,1,200309,1,"$62,750",6.3
DLLS,11,D,13,12,D,0110,1,GS-12,E,XXXX,8,10,F,1,200309,1,"$58,070",5.1
DLLS,11,E,14,11,B,0110,1,GS-11,D,XXXX,8,15,F,1,200309,1,"$48,451",2.7
DLLS,11,E,13,14,F,0110,1,GS-14,H,XXXX,2,10,F,1,200309,1,"$89,764",17.1
DLLS,11,C,13,09,B,0110,1,GS-09,D,XXXX,8,15,F,1,200309,1,"$41,379",2.4
DLLS,11,C,13,12,C,0110,1,GS-12,E,XXXX,8,10,F,1,200309,1,"$58,070",3.5
DLLS,11,B,13,09,B,0110,1,GS-09,D,XXXX,8,15,F,1,200309,1,"$45,383",1.8
DLLS,11,D,13,12,E,0110,1,GS-12,E,XXXX,8,10,F,1,200309,1,"$58,070",10.3
DLLS,11,C,13,12,C,0110,1,GS-12,E,XXXX,8,15,F,1,200309,1,"$58,070",3.1
DLLS,04,J,05,07,E,0119,3,GS-07,C,XXXX,8,10,P,2,200309,1,"$38,197",14.4
DLLS,11,H,14,13,I,0110,1,GS-13,H,XXXX,8,10,F,1,200309,1,"$89,774",32.4
DLLS,11,H,13,13,H,0110,1,GM-13,H,XXXX,2,10,F,1,200309,1,"$89,259",28.8
DLLS,11,F,04,06,E,0119,3,GS-06,C,XXXX,8,10,F,1,200309,1,"$37,315",12.3
DLLS,11,H,13,13,H,0110,1,GS-13,H,XXXX,8,10,F,1,200309,1,"$85,169",28.8
DLLS,11,H,13,13,H,0110,1,GS-13,H,XXXX,2,10,F,1,200309,1,"$89,774",28.9
DLLS,11,G,14,12,G,0110,1,GS-12,G,XXXX,8,10,F,1,200309,1,"$71,620",24.3
DLLS,12,D,13,12,E,0110,1,GS-12,F,XXXX,8,10,F,1,200309,1,"$62,110",12.3
DLLS,11,C,21,12,B,0110,1,GS-12,E,XXXX,8,15,F,1,200309,1,"$58,070",2.7
DLLS,11,C,13,11,B,0110,1,GS-11,D,XXXX,8,15,F,1,200309,1,"$48,451",2.8
DLLS,11,J,05,14,J,0110,1,GM-14,J,XXXX,2,10,F,1,200309,1,"$103,366",37.6
DLLS,11,I,17,13,G,0110,1,GS-13,H,XXXX,8,10,F,1,200309,1,"$85,169",23.7
DLLS,11,J,09,13,J,0110,1,GS-13,H,XXXX,8,10,F,1,200309,1,"$89,774",37.6
DLLS,11,I,07,13,J,0110,1,GS-13,H,XXXX,8,10,F,1,200309,1,"$85,169",40.3
DLLS,11,I,08,08,J,0119,3,GS-08,D,XXXX,8,10,F,1,200309,1,"$47,132",35.9
DLLS,11,H,13,12,I,0110,1,GS-12,G,XXXX,8,10,F,1,200309,1,"$75,492",31.2
DLLS,11,E,21,14,E,0110,1,GS-14,I,XXXX,8,10,F,1,200309,1,"$92,484",11.5
DLLS,51,H,04,07,E,0119,3,GS-07,C,XXXX,8,10,P,2,200309,1,"$38,197",11.3
DLLS,11,H,13,08,G,0119,3,GS-08,D,XXXX,2,10,F,1,200309,1,"$45,924",24.5
DLLS,11,G,13,12,G,0110,1,GS-12,F,XXXX,8,10,F,1,200309,1,"$63,877",22.5
DLLS,11,G,17,12,B,0110,1,GS-12,E,XXXX,8,15,F,1,200309,1,"$58,070",2.9
DLLS,11,E,13,13,E,0110,1,GS-13,G,XXXX,8,10,F,1,200309,1,"$73,659",14.3
DLLS,11,F,13,12,F,0110,1,GS-12,F,XXXX,8,10,F,1,200309,1,"$65,813",15.1
DLLS,11,E,13,12,F,0110,1,GS-12,G,XXXX,8,10,F,1,200309,1,"$71,620",17.2
DLLS,11,F,13,13,G,0110,1,GS-13,H,XXXX,8,10,F,1,200309,1,"$80,565",23.0
DLLS,11,C,13,12,C,0110,1,GS-12,E,XXXX,8,10,F,1,200309,1,"$58,070",3.2
DLLS,11,D,13,12,E,0110,1,GS-12,F,XXXX,8,10,F,1,200309,1,"$65,813",12.5
DLLS,11,D,13,12,C,0110,1,GS-12,E,XXXX,8,15,F,1,200309,1,"$58,070",3.2
DLLS,29,I,07,12,G,0110,1,GS-12,F,XXXX,8,10,F,1,200309,1,"$64,365",23.9
DLLS,11,H,13,13,F,0110,1,GS-13,H,XXXX,8,10,F,1,200309,1,"$80,565",19.9
DLLS,11,G,13,13,H,0110,1,GS-13,H,XXXX,8,10,F,1,200309,1,"$89,774",26.1
DLLS,51,E,13,05,C,0119,3,GS-05,C,XXXX,8,15,P,2,200309,1,"$33,747",4.9
DLLS,42,E,13,12,E,0110,1,GS-12,F,XXXX,8,10,F,1,200309,1,"$64,268",12.4
DLLS,11,E,13,12,E,0110,1,GS-12,F,XXXX,8,10,F,1,200309,1,"$67,749",14.7
DLLS,51,E,13,12,E,0110,1,GS-12,F,XXXX,8,10,F,1,200309,1,"$62,750",11.1
DLLS,11,D,04,07,E,0119,3,GS-07,C,XXXX,8,10,F,1,200309,1,"$37,102",12.3
DLLS,11,B,13,11,B,0110,1,GS-11,D,XXXX,8,15,F,1,200309,1,"$48,451",2.3
DLLS,51,D,04,06,D,0119,3,GS-06,C,XXXX,8,10,P,2,200309,1,"$31,508",5.5
DLLS,11,I,04,08,H,0119,3,GS-08,D,XXXX,8,10,F,1,200309,1,"$44,715",29.5
DLLS,11,H,13,07,G,0119,3,GS-07,D,XXXX,8,10,F,1,200309,1,"$42,558",24.2
DLLS,11,C,17,12,D,0110,1,GS-12,F,XXXX,8,10,F,1,200309,1,"$63,877",5.1
DLLS,13,B,13,07,A,0110,1,GS-07,C,XXXX,8,15,F,1,200309,1,"$32,188",0.5
DLLS,13,D,17,12,D,0110,1,GS-12,F,XXXX,8,10,F,1,200309,1,"$62,807",6.3
DLLS,11,D,17,12,D,0110,1,GS-12,F,XXXX,8,10,F,1,200309,1,"$61,942",9.0
DLLS,11,E,04,12,C,0110,1,GS-12,F,XXXX,8,10,F,1,200309,1,"$61,942",4.2
DLLS,11,K,14,11,J,0110,1,GS-11,F,XXXX,8,10,F,1,200309,1,"$62,991",36.4
DLLS,51,H,13,07,E,0119,3,GS-07,C,XXXX,8,10,P,2,200309,1,"$39,284",11.8
DLLS,48,H,13,12,H,0110,1,GS-12,G,XXXX,8,10,F,1,200309,1,"$75,063",26.3
DLLS,13,E,13,12,C,0110,1,GS-12,E,XXXX,8,10,F,1,200309,1,"$57,097",3.2
DLLS,11,E,13,13,E,0110,1,GS-13,G,XXXX,8,10,F,1,200309,1,"$75,961",12.1
DLLS,11,C,13,12,D,0110,1,GS-12,E,XXXX,8,10,F,1,200309,1,"$58,070",5.0
DLLS,11,J,21,12,D,0110,1,GS-12,F,XXXX,8,10,F,1,200309,1,"$61,942",6.8
DLLS,11,H,21,14,F,0110,1,GS-14,J,XXXX,8,10,F,1,200309,1,"$100,645",19.4
DLLS,47,F,04,07,E,0119,3,GS-07,C,XXXX,8,10,P,2,200309,1,"$37,136",12.0
DLLS,13,E,14,12,E,0110,1,GS-12,F,XXXX,8,10,F,1,200309,1,"$62,807",10.9
DLLS,11,E,13,13,E,0110,1,GS-13,G,XXXX,8,10,F,1,200309,1,"$75,961",12.3
DLLS,11,E,17,13,D,0110,1,GS-13,G,XXXX,8,10,F,1,200309,1,"$75,961",8.7
DLLS,39,D,17,07,A,0110,1,GS-07,C,XXXX,8,15,F,1,200309,1,"$32,940",0.8
DLLS,11,F,13,13,F,0110,1,GS-13,G,XXXX,8,10,F,1,200309,1,"$78,263",15.6
DLLS,11,G,13,14,G,0110,1,GS-14,I,XXXX,2,10,F,1,200309,1,"$92,484",24.3
DLLS,06,E,13,11,D,0110,1,GS-11,E,XXXX,8,10,F,1,200309,1,"$57,334",8.3
DLLS,11,F,13,13,F,0110,1,GS-13,H,XXXX,8,10,F,1,200309,1,"$89,774",19.5
DLLS,11,E,17,13,E,0110,1,GS-13,G,XXXX,8,10,F,1,200309,1,"$71,357",11.5
DLLS,11,C,17,12,C,0110,1,GS-12,F,XXXX,8,10,F,1,200309,1,"$60,006",3.1
DLLS,11,H,04,07,H,0119,3,GS-07,D,XXXX,8,10,F,1,200309,1,"$40,376",25.8
DLLS,11,J,14,14,J,0110,1,GM-14,J,XXXX,5,10,F,1,200309,1,"$106,086",40.2
DLLS,11,G,17,14,G,0110,1,GS-14,I,XXXX,2,10,F,1,200309,1,"$95,204",20.9
DLLS,11,F,21,14,D,0110,1,GS-14,I,XXXX,8,10,F,1,200309,1,"$95,204",8.0
DLLS,11,I,07,12,J,0110,1,GS-12,G,XXXX,8,10,F,1,200309,1,"$75,492",38.1
DLLS,45,J,04,07,F,0119,3,GS-07,C,XXXX,8,10,P,2,200309,1,"$38,197",17.8
DLLS,11,B,13,12,C,0110,1,GS-12,E,XXXX,8,10,F,1,200309,1,"$58,070",3.2
DLLS,11,H,07,06,H,0119,3,GS-06,C,XXXX,8,10,F,1,200309,1,"$38,297",27.7
DLLS,11,D,17,12,C,0110,1,GS-12,F,XXXX,8,10,F,1,200309,1,"$61,942",4.7
DLLS,13,J,14,15,J,0110,1,GM-15,L,XXXX,2,10,F,1,200309,1,"$122,532",38.3
DLLS,11,D,13,12,D,0110,1,GS-12,E,XXXX,8,10,F,1,200309,1,"$58,070",6.7
DLLS,11,C,21,13,B,0110,1,GS-13,H,XXXX,8,15,F,1,200309,1,"$80,565",1.9
DLLS,11,H,04,12,H,0110,1,GS-12,F,XXXX,8,10,F,1,200309,1,"$65,813",25.5
DLLS,11,H,17,14,I,0110,1,GM-14,J,XXXX,2,10,F,1,200309,1,"$103,381",32.0
DLLS,37,H,17,07,F,0119,3,GS-07,C,XXXX,8,10,P,2,200309,1,"$39,258",18.8
DLLS,37,G,13,12,F,0110,1,GS-12,F,XXXX,8,10,F,1,200309,1,"$63,992",18.0
DLLS,11,C,13,12,C,0110,1,GS-12,F,XXXX,8,10,F,1,200309,1,"$60,006",4.2
DLLS,11,D,13,12,C,0110,1,GS-12,E,XXXX,8,15,F,1,200309,1,"$58,070",4.9
DLLS,48,C,13,11,C,0110,1,GS-11,E,XXXX,8,10,F,1,200309,1,"$51,389",4.6
DLLS,11,I,14,14,H,0110,1,GM-14,J,XXXX,2,10,F,1,200309,1,"$106,086",26.8
DLLS,11,H,05,12,I,0110,1,GS-12,F,XXXX,8,10,F,1,200309,1,"$61,942",30.1
DLLS,13,F,13,12,F,0110,1,GS-12,F,XXXX,8,10,F,1,200309,1,"$68,516",18.5
DLLS,11,I,04,09,I,0119,3,GS-09,E,XXXX,8,10,F,1,200309,1,"$52,058",32.3
DLLS,06,G,13,14,H,0110,1,GS-14,I,XXXX,2,10,F,1,200309,1,"$96,404",25.0
DLLS,13,D,13,09,B,0110,1,GS-09,C,XXXX,8,15,F,1,200309,1,"$39,373",1.7
DLLS,11,C,13,11,C,0110,1,GS-11,D,XXXX,8,15,F,1,200309,1,"$48,451",4.3
DLLS,13,B,13,09,B,0110,1,GS-09,C,XXXX,8,15,F,1,200309,1,"$39,373",1.2
DLLS,42,I,07,12,I,0110,1,GS-12,G,XXXX,8,10,F,1,200309,1,"$74,006",30.8
DLLS,11,E,14,12,E,0110,1,GS-12,F,XXXX,8,10,F,1,200309,1,"$65,813",14.2
DLLS,13,D,17,12,D,0110,1,GS-12,F,XXXX,8,10,F,1,200309,1,"$60,903",6.5
DLLS,45,I,04,07,D,0119,3,GS-07,C,XXXX,8,10,P,2,200309,1,"$37,136",9.9
DLLS,11,G,13,12,H,0110,1,GS-12,G,XXXX,8,10,F,1,200309,1,"$73,556",27.1
DLLS,13,D,13,12,D,0110,1,GS-12,F,XXXX,8,10,F,1,200309,1,"$62,807",9.3
DLLS,13,D,09,11,B,0110,1,GS-11,D,XXXX,8,15,F,1,200309,1,"$47,639",2.9
DLLS,13,I,09,07,G,0119,3,GS-07,C,XXXX,8,10,P,2,200309,1,"$39,258",20.1
DLLS,13,I,04,07,F,0119,3,GS-07,C,XXXX,8,10,P,2,200309,1,"$38,626",19.8
DLLS,13,F,14,12,G,0110,1,GS-12,G,XXXX,8,10,F,1,200309,1,"$70,420",23.3
DLLS,48,H,14,12,H,0110,1,GS-12,F,XXXX,8,10,F,1,200309,1,"$65,439",26.3
DLLS,13,D,13,12,C,0110,1,GS-12,E,XXXX,8,10,F,1,200309,1,"$57,097",3.0
DLLS,11,G,13,12,H,0110,1,GS-12,G,XXXX,8,10,F,1,200309,1,"$73,556",27.0
DLLS,13,G,13,05,B,0119,3,GS-05,B,XXXX,8,15,P,2,200309,1,"$26,851",1.2
DLLS,13,E,13,12,E,0110,1,GS-12,F,XXXX,8,10,F,1,200309,1,"$62,807",12.3
DLLS,13,H,07,12,G,0110,1,GS-12,G,XXXX,8,10,F,1,200309,1,"$74,226",22.8
DLLS,13,G,09,07,F,0119,3,GS-07,C,XXXX,8,10,P,2,200309,1,"$38,197",17.0
DLLS,13,F,09,05,B,0119,3,GS-05,B,XXXX,8,15,P,2,200309,1,"$26,851",1.6
DLLS,37,I,17,12,H,0110,1,GS-12,F,XXXX,8,10,F,1,200309,1,"$69,638",28.3
DLLS,13,D,13,12,E,0110,1,GS-12,E,XXXX,8,10,F,1,200309,1,"$59,000",10.1
DLLS,11,C,13,12,C,0110,1,GS-12,F,XXXX,8,10,F,1,200309,1,"$60,006",4.3
DLLS,13,I,08,07,D,0119,3,GS-07,C,XXXX,8,20,P,2,200309,1,"$35,014",6.4
DLLS,13,F,13,12,E,0110,1,GS-12,F,XXXX,2,10,F,1,200309,1,"$64,710",13.0
DLLS,13,D,13,13,E,0110,1,GS-13,G,XXXX,2,10,F,1,200309,1,"$74,687",10.9
DLLS,11,B,13,07,A,0110,1,GS-07,C,XXXX,8,15,F,1,200309,1,"$32,736",0.2
DLLS,11,G,17,14,G,0110,1,GM-14,J,XXXX,2,10,F,1,200309,1,"$100,645",23.3
DLLS,13,G,04,12,G,0110,1,GS-12,G,XXXX,8,10,F,1,200309,1,"$70,420",24.8
DLLS,11,F,18,14,F,0110,1,GS-14,I,XXXX,2,10,F,1,200309,1,"$97,925",18.8
DLLS,11,D,17,12,C,0110,1,GS-12,E,XXXX,8,15,F,1,200309,1,"$58,070",3.2
DLLS,11,D,17,13,D,0110,1,GS-13,G,XXXX,2,10,F,1,200309,1,"$75,961",9.0
DLLS,13,B,13,09,B,0110,1,GS-09,C,XXXX,8,15,F,1,200309,1,"$39,373",2.3
DLLS,13,H,13,12,I,0110,1,GS-12,G,XXXX,8,10,F,1,200309,1,"$74,226",30.3
DLLS,11,G,17,13,H,0110,1,GS-13,H,XXXX,8,10,F,1,200309,1,"$87,472",25.8
DLLS,12,G,12,07,E,0119,3,GS-07,C,XXXX,8,10,P,2,200309,1,"$38,197",13.3
DLLS,12,I,04,06,B,0119,3,GS-06,B,XXXX,8,15,P,2,200309,1,"$29,739",1.8
DLLS,11,C,04,12,C,0110,1,GS-12,F,XXXX,8,10,F,1,200309,1,"$60,006",4.0
DLLS,11,H,21,15,H,0110,1,GS-15,L,XXXX,4,10,F,1,200309,1,"$124,783",28.6
DLLS,12,I,09,06,B,0119,3,GS-06,B,XXXX,8,15,P,2,200309,1,"$29,598",2.2
DLLS,12,H,04,06,E,0119,3,GS-06,C,XXXX,8,15,P,2,200309,1,"$33,704",10.8
DLLS,11,F,21,14,E,0110,1,GS-14,I,XXXX,8,10,F,1,200309,1,"$92,484",12.1
DLLS,06,E,17,13,D,0110,1,GS-13,G,XXXX,2,10,F,1,200309,1,"$79,108",9.4
DLLS,39,E,17,12,D,0110,1,GS-12,F,XXXX,8,10,F,1,200309,1,"$64,274",8.6
DLLS,11,H,13,13,H,0110,1,GS-13,H,XXXX,8,10,F,1,200309,1,"$82,867",27.2
DLLS,11,J,18,13,J,0110,1,GS-13,H,XXXX,8,10,F,1,200309,1,"$89,774",37.3
DLLS,11,F,17,12,B,0110,1,GS-12,F,XXXX,8,15,F,1,200309,1,"$63,877",2.9
DLLS,11,H,13,14,F,0110,1,GS-14,H,XXXX,8,10,F,1,200309,1,"$89,764",17.3
DLLS,37,F,13,12,F,0110,1,GS-12,F,XXXX,8,10,F,1,200309,1,"$65,874",19.2
DLLS,11,J,07,12,E,0110,1,GS-12,F,XXXX,8,10,F,1,200309,1,"$63,877",12.2
DLLS,12,J,17,07,D,0119,3,GS-07,C,XXXX,8,10,P,2,200309,1,"$35,014",6.7
DLLS,12,I,11,12,H,0110,1,GS-12,F,XXXX,2,10,F,1,200309,1,"$66,438",26.4
DLLS,25,H,04,07,D,0119,3,GS-07,C,XXXX,8,10,P,2,200309,1,"$37,845",6.5
DLLS,48,G,09,06,C,0119,3,GS-06,C,XXXX,8,10,P,2,200309,1,"$31,508",4.8
DLLS,11,G,04,12,F,0110,1,GS-12,E,XXXX,8,10,F,1,200309,1,"$58,070",18.6
DLLS,47,G,13,12,G,0110,1,GS-12,F,XXXX,8,10,F,1,200309,1,"$69,638",23.0
DLLS,12,G,13,07,C,0119,3,GS-07,C,XXXX,8,15,P,2,200309,1,"$32,891",4.8
DLLS,12,E,17,12,D,0110,1,GS-12,F,XXXX,8,10,F,1,200309,1,"$60,244",5.3
DLLS,12,C,09,06,B,0119,3,GS-06,B,XXXX,8,15,P,2,200309,1,"$29,598",2.2
DLLS,11,E,17,12,D,0110,1,GS-12,F,XXXX,8,10,F,1,200309,1,"$60,006",9.3
DLLS,12,I,12,07,D,0119,3,GS-07,C,XXXX,8,10,P,2,200309,1,"$38,555",9.9
DLLS,12,H,13,05,G,0119,3,GS-05,C,XXXX,8,15,P,2,200309,1,"$34,679",23.5
DLLS,11,E,17,14,E,0110,1,GS-14,H,XXXX,2,10,F,1,200309,1,"$87,043",10.2
DLLS,39,E,13,06,D,0119,3,GS-06,C,XXXX,8,10,P,2,200309,1,"$32,606",6.1
DLLS,39,I,10,07,H,0119,3,GS-07,D,XXXX,8,10,P,2,200309,1,"$41,724",26.1
DLLS,11,G,13,13,H,0110,1,GS-13,H,XXXX,8,10,F,1,200309,1,"$87,472",25.3
DLLS,32,H,17,07,C,0119,3,GS-07,C,XXXX,8,10,P,2,200309,1,"$32,891",3.8
DLLS,11,D,13,13,E,0110,1,GS-13,G,XXXX,8,10,F,1,200309,1,"$75,961",12.3
DLLS,11,F,13,13,F,0110,1,GS-13,G,XXXX,8,10,F,1,200309,1,"$78,263",19.2
DLLS,11,B,13,12,C,0110,1,GS-12,E,XXXX,8,10,F,1,200309,1,"$58,070",3.0
DLLS,26,H,13,07,D,0119,3,GS-07,C,XXXX,8,10,P,2,200309,1,"$39,389",9.6
DLLS,11,G,17,12,E,0110,1,GS-12,F,XXXX,8,10,F,1,200309,1,"$65,813",13.9
DLLS,41,J,09,07,D,0119,3,GS-07,C,XXXX,8,10,P,2,200309,1,"$35,014",6.9
DLLS,39,I,10,05,C,0119,3,GS-05,B,XXXX,8,15,P,2,200309,1,"$26,138",4.4
DLLS,39,H,13,06,D,0119,3,GS-06,C,XXXX,8,10,P,2,200309,1,"$32,048",6.3
DLLS,11,D,17,13,C,0110,1,GS-13,G,XXXX,2,10,F,1,200309,1,"$71,357",4.1
DLLS,17,G,13,13,H,0110,1,GS-13,I,XXXX,2,10,F,1,200309,1,"$92,489",26.7
DLLS,11,C,13,07,A,0110,1,GS-07,C,XXXX,8,15,F,1,200309,1,"$32,736",0.7
DLLS,06,C,17,05,A,0119,3,GS-05,B,XXXX,8,15,P,2,200309,1,"$28,384",0.1
DLLS,04,I,17,07,F,0119,3,GS-07,C,XXXX,8,10,P,2,200309,1,"$39,258",17.9
DLLS,39,F,13,07,D,0119,3,GS-07,C,XXXX,8,10,P,2,200309,1,"$35,614",8.2
DLLS,11,E,13,12,E,0110,1,GS-12,F,XXXX,8,10,F,1,200309,1,"$65,813",10.4
DLLS,11,D,15,13,D,0110,1,GS-13,G,XXXX,8,10,F,1,200309,1,"$73,659",6.4
DLLS,42,E,13,07,D,0119,3,GS-07,C,XXXX,8,10,P,2,200309,1,"$35,014",6.7
DLLS,11,D,13,12,E,0110,1,GS-12,F,XXXX,8,10,F,1,200309,1,"$67,749",12.1
DLLS,11,B,13,12,C,0110,1,GS-12,E,XXXX,8,10,F,1,200309,1,"$58,070",3.2
DLLS,39,C,13,12,D,0110,1,GS-12,F,XXXX,8,10,F,1,200309,1,"$61,260",6.3
DLLS,39,H,13,12,I,0110,1,GS-12,G,XXXX,7,10,F,1,200309,1,"$75,961",30.8
DLLS,39,G,17,12,D,0110,1,GS-12,F,XXXX,8,10,F,1,200309,1,"$64,274",8.6
DLLS,39,I,13,07,F,0119,3,GS-07,C,XXXX,8,10,P,2,200309,1,"$38,563",16.2
DLLS,11,B,13,07,B,0110,1,GS-07,C,XXXX,8,15,F,1,200309,1,"$33,828",1.0
DLLS,11,E,17,12,C,0110,1,GS-12,E,XXXX,8,10,F,1,200309,1,"$58,070",3.0
DLLS,11,C,17,12,C,0110,1,GS-12,F,XXXX,8,10,F,1,200309,1,"$60,006",4.1
DLLS,39,I,13,07,F,0119,3,GS-07,C,XXXX,8,10,P,2,200309,1,"$37,136",19.8
DLLS,11,F,17,12,E,0110,1,GS-12,F,XXXX,8,10,F,1,200309,1,"$65,813",10.6
DLLS,11,D,13,13,D,0110,1,GS-13,G,XXXX,8,10,F,1,200309,1,"$71,357",7.8
DLLS,11,C,13,12,D,0110,1,GS-12,E,XXXX,8,10,F,1,200309,1,"$58,070",5.3
DLLS,11,D,13,13,D,0110,1,GS-13,G,XXXX,2,10,F,1,200309,1,"$71,357",5.2
DLLS,12,K,18,07,D,0119,3,GS-07,C,XXXX,8,10,P,2,200309,1,"$35,014",8.1
DLLS,41,E,13,12,E,0110,1,GS-12,F,XXXX,8,10,F,1,200309,1,"$64,008",12.6
DLLS,39,H,13,12,H,0110,1,GS-12,G,XXXX,7,10,F,1,200309,1,"$72,747",29.5
DLLS,39,B,13,09,B,0110,1,GS-09,D,XXXX,8,15,F,1,200309,1,"$40,924",2.2
DLLS,11,E,17,13,F,0110,1,GS-13,G,XXXX,8,10,F,1,200309,1,"$78,263",17.0
DLLS,11,B,13,07,B,0110,1,GS-07,C,XXXX,8,15,F,1,200309,1,"$32,736",1.1
DLLS,11,H,17,12,C,0110,1,GS-12,F,XXXX,8,10,F,1,200309,1,"$60,006",4.8
DLLS,17,F,13,13,F,0110,1,GM-13,H,XXXX,2,10,F,1,200309,1,"$85,374",17.9
DLLS,39,C,13,11,C,0110,1,GS-11,D,XXXX,8,10,F,1,200309,1,"$49,516",3.2
DLLS,11,D,13,12,D,0110,1,GS-12,E,XXXX,8,10,F,1,200309,1,"$58,070",7.6
DLLS,39,K,03,07,D,0119,3,GS-07,C,XXXX,8,10,P,2,200309,1,"$36,694",6.6
DLLS,39,I,13,05,B,0119,3,GS-05,B,XXXX,8,15,P,2,200309,1,"$27,076",1.6
DLLS,26,G,17,09,C,0110,1,GS-09,D,XXXX,8,10,F,1,200309,1,"$44,051",3.2
DLLS,11,D,13,12,E,0110,1,GS-12,F,XXXX,8,10,F,1,200309,1,"$65,813",12.3
DLLS,39,B,13,09,B,0110,1,GS-09,D,XXXX,8,15,F,1,200309,1,"$40,293",1.2
DLLS,11,C,13,12,C,0110,1,GS-12,F,XXXX,8,10,F,1,200309,1,"$60,006",4.3
DLLS,11,D,13,12,C,0110,1,GS-12,E,XXXX,8,10,F,1,200309,1,"$58,070",3.3
DLLS,11,D,17,13,D,0110,1,GS-13,G,XXXX,8,10,F,1,200309,1,"$71,357",5.1
DLLS,11,H,13,12,G,0110,1,GS-12,G,XXXX,8,10,F,1,200309,1,"$71,620",23.4
DLLS,11,C,13,11,B,0110,1,GS-11,D,XXXX,8,15,F,1,200309,1,"$48,451",2.9
DLLS,39,I,08,05,B,0119,3,GS-05,B,XXXX,8,15,P,2,200309,1,"$26,138",2.8
DLLS,11,C,17,12,D,0110,1,GS-12,F,XXXX,8,10,F,1,200309,1,"$61,942",5.3
DLLS,42,C,13,11,C,0110,1,GS-11,D,XXXX,8,10,F,1,200309,1,"$49,081",3.0
DLLS,39,H,13,12,H,0110,1,GS-12,G,XXXX,8,10,F,1,200309,1,"$74,662",29.6
DLLS,06,D,17,12,D,0110,1,GS-12,F,XXXX,8,10,F,1,200309,1,"$68,603",6.1
DLLS,11,F,21,14,D,0110,1,GS-14,H,XXXX,2,10,F,1,200309,1,"$81,602",7.3
DLLS,17,F,13,07,D,0119,3,GS-07,C,XXXX,8,10,P,2,200309,1,"$35,975",6.8
DLLS,11,K,21,13,H,0110,1,GS-13,H,XXXX,8,10,F,1,200309,1,"$89,774",25.2
DLLS,11,F,18,13,F,0110,1,GS-13,H,XXXX,8,10,F,1,200309,1,"$85,169",19.1
DLLS,11,H,17,15,H,0110,1,GS-15,K,XXXX,2,10,F,1,200309,1,"$118,384",28.1
DLLS,39,H,09,07,E,0119,3,GS-07,C,XXXX,8,10,P,2,200309,1,"$37,492",11.3
DLLS,39,H,17,12,H,0110,1,GS-12,G,XXXX,4,10,F,1,200309,1,"$75,961",25.4
DLLS,11,F,17,14,G,0110,1,GM-14,J,XXXX,2,10,F,1,200309,1,"$100,645",20.3
DLLS,47,K,04,07,F,0119,3,GS-07,C,XXXX,8,10,P,2,200309,1,"$39,258",18.7
DLLS,11,D,17,12,D,0110,1,GS-12,F,XXXX,8,10,F,1,200309,1,"$61,942",9.3
DLLS,39,H,13,07,D,0119,3,GS-07,C,XXXX,8,10,P,2,200309,1,"$35,014",7.9
DLLS,11,I,04,07,G,0119,3,GS-07,D,XXXX,8,10,F,1,200309,1,"$42,558",24.7
DLLS,48,I,13,07,D,0119,3,GS-07,C,XXXX,8,10,P,2,200309,1,"$35,806",7.3
DLLS,11,B,13,07,A,0110,1,GS-07,C,XXXX,8,15,F,1,200309,1,"$32,736",0.8
DLLS,42,B,13,07,A,0110,1,GS-07,C,XXXX,8,15,F,1,200309,1,"$32,937",0.4
DLLS,48,C,04,05,B,0119,3,GS-05,B,XXXX,8,15,P,2,200309,1,"$28,255",1.8
DLLS,39,H,13,05,B,0119,3,GS-05,B,XXXX,8,15,P,2,200309,1,"$27,879",2.8
DLLS,42,G,17,07,D,0119,3,GS-07,C,XXXX,8,10,P,2,200309,1,"$35,014",6.7
DLLS,13,B,13,09,B,0110,1,GS-09,C,XXXX,8,15,F,1,200309,1,"$39,373",1.3
DLLS,06,B,13,09,B,0110,1,GS-09,D,XXXX,8,15,F,1,200309,1,"$43,006",1.5
DLLS,11,G,14,13,H,0110,1,GS-13,H,XXXX,8,10,F,1,200309,1,"$89,774",27.1
DLLS,48,H,13,13,F,0110,1,GS-13,G,XXXX,2,10,F,1,200309,1,"$77,819",15.9
DLLS,11,F,17,13,E,0110,1,GS-13,H,XXXX,8,10,F,1,200309,1,"$82,867",13.8
DLLS,42,B,13,07,A,0110,1,GS-07,C,XXXX,8,15,F,1,200309,1,"$32,937",0.8
DLLS,11,G,17,12,D,0110,1,GS-12,F,XXXX,8,10,F,1,200309,1,"$63,877",8.5
DLLS,18,F,13,09,F,0110,1,GS-09,D,XXXX,8,10,F,1,200309,1,"$42,912",18.0
DLLS,18,E,13,12,E,0110,1,GS-12,F,XXXX,8,10,F,1,200309,1,"$64,114",12.3
DLLS,18,G,13,12,F,0110,1,GS-12,G,XXXX,8,10,F,1,200309,1,"$73,543",18.9
DLLS,11,D,12,12,B,0110,1,GS-12,F,XXXX,8,15,F,1,200309,1,"$60,006",2.3
DLLS,18,I,08,07,E,0119,3,GS-07,C,XXXX,8,10,P,2,200309,1,"$33,953",12.4
DLLS,12,G,08,07,D,0119,3,GS-07,C,XXXX,8,10,P,2,200309,1,"$37,136",8.3
DLLS,37,E,13,12,E,0110,1,GS-12,F,XXXX,8,10,F,1,200309,1,"$63,992",12.4
DLLS,18,F,17,05,B,0119,3,GS-05,C,XXXX,8,15,P,2,200309,1,"$33,402",2.3
DLLS,11,C,13,12,C,0110,1,GS-12,E,XXXX,8,10,F,1,200309,1,"$58,070",3.2
DLLS,29,B,13,07,B,0110,1,GS-07,C,XXXX,8,15,F,1,200309,1,"$33,084",1.1
DLLS,18,J,07,07,D,0119,3,GS-07,C,XXXX,8,10,P,2,200309,1,"$33,953",6.8
DLLS,06,J,21,15,D,0110,1,GS-15,L,XXXX,2,10,F,1,200309,1,"$123,705",9.3
DLLS,06,D,17,13,E,0110,1,GS-13,G,XXXX,2,10,F,1,200309,1,"$76,906",10.9
DLLS,48,K,17,05,B,0119,3,GS-05,B,XXXX,8,15,P,2,200309,1,"$26,278",1.2
DLLS,39,J,13,12,H,0110,1,GS-12,F,XXXX,8,10,F,1,200309,1,"$65,089",27.3
DLLS,17,I,17,13,J,0110,1,GM-13,I,XXXX,4,10,F,1,200309,1,"$92,489",37.1
DLLS,17,I,13,07,D,0119,3,GS-07,C,XXXX,8,10,P,2,200309,1,"$35,975",6.3
DLLS,22,F,17,07,D,0119,3,GS-07,C,XXXX,8,10,P,2,200309,1,"$33,953",6.0
DLLS,17,G,13,12,G,0110,1,GS-12,G,XXXX,8,10,F,1,200309,1,"$77,775",23.4
DLLS,17,F,13,06,C,0119,3,GS-06,C,XXXX,8,10,P,2,200309,1,"$30,553",3.3
DLLS,49,J,07,07,F,0119,3,GS-07,C,XXXX,8,10,P,2,200309,1,"$37,136",15.7
DLLS,11,G,21,13,E,0110,1,GS-13,H,XXXX,8,10,F,1,200309,1,"$80,565",13.3
DLLS,11,F,17,12,D,0110,1,GS-12,F,XXXX,8,10,F,1,200309,1,"$63,877",6.5
DLLS,55,K,09,05,D,0119,3,GS-05,B,XXXX,8,15,P,2,200309,1,"$26,936",5.6
DLLS,17,J,13,13,J,0110,1,GM-13,I,XXXX,2,10,F,1,200309,1,"$92,489",37.4
DLLS,18,I,13,12,I,0110,1,GS-12,G,XXXX,8,10,F,1,200309,1,"$73,543",34.4
DLLS,17,I,17,07,F,0119,3,GS-07,D,XXXX,8,10,P,2,200309,1,"$40,472",18.0
DLLS,11,F,13,13,F,0110,1,GS-13,G,XXXX,2,10,F,1,200309,1,"$75,961",15.3
DLLS,17,F,13,12,F,0110,1,GS-12,G,XXXX,4,10,F,1,200309,1,"$73,787",17.1
DLLS,17,C,17,09,B,0110,1,GS-09,D,XXXX,8,15,F,1,200309,1,"$41,255",2.0
DLLS,48,E,13,12,D,0110,1,GS-12,F,XXXX,8,10,F,1,200309,1,"$61,590",5.6
DLLS,17,G,10,06,F,0119,3,GS-06,C,XXXX,8,10,F,1,200309,1,"$37,432",16.3
DLLS,17,I,17,12,E,0110,1,GS-12,F,XXXX,8,10,F,1,200309,1,"$67,804",14.4
DLLS,17,I,17,14,I,0110,1,GS-14,I,XXXX,2,10,F,1,200309,1,"$98,084",30.3
DLLS,11,I,17,12,D,0110,1,GS-12,F,XXXX,8,10,F,1,200309,1,"$61,942",7.1
DLLS,11,F,17,12,E,0110,1,GS-12,F,XXXX,8,10,F,1,200309,1,"$69,685",14.2
DLLS,17,C,13,12,C,0110,1,GS-12,E,XXXX,8,10,F,1,200309,1,"$59,827",4.9
DLLS,11,C,13,12,C,0110,1,GS-12,E,XXXX,8,10,F,1,200309,1,"$58,070",3.1
DLLS,06,H,17,07,D,0119,3,GS-07,C,XXXX,8,10,P,2,200309,1,"$37,598",8.3
DLLS,11,C,21,13,B,0110,1,GS-13,G,XXXX,8,15,F,1,200309,1,"$78,263",2.1
DLLS,17,K,07,05,E,0119,3,GS-05,B,XXXX,8,10,P,2,200309,1,"$29,122",10.1
DLLS,11,I,17,13,F,0110,1,GS-13,H,XXXX,8,10,F,1,200309,1,"$80,565",17.0
DLLS,48,G,07,07,G,0119,3,GS-07,D,XXXX,8,10,P,2,200309,1,"$41,380",22.2
DLLS,17,H,13,05,B,0119,3,GS-05,B,XXXX,8,15,P,2,200309,1,"$28,135",1.4
DLLS,11,B,13,07,A,0110,1,GS-07,C,XXXX,8,15,F,1,200309,1,"$32,736",0.1
DLLS,17,H,13,13,H,0110,1,GS-13,H,XXXX,2,10,F,1,200309,1,"$87,746",28.2
DLLS,17,C,13,12,C,0110,1,GS-12,F,XXXX,8,15,F,1,200309,1,"$61,821",4.4
DLLS,11,D,21,12,A,0110,1,GS-12,G,XXXX,8,15,F,1,200309,1,"$73,556",0.0
DLLS,29,H,17,13,H,0110,1,GS-13,H,XXXX,8,10,F,1,200309,1,"$87,799",28.0
DLLS,11,G,17,,H,0110,1,ES-04,N,XXXX,2,50,F,1,200309,1,"$142,500",25.0
DLLS,11,B,13,11,B,0110,1,GS-11,D,XXXX,8,15,F,1,200309,1,"$48,451",2.1
DLLS,06,D,13,12,D,0110,1,GS-12,F,XXXX,8,10,F,1,200309,1,"$64,672",6.3
DLLS,39,G,09,06,F,0119,3,GS-06,C,XXXX,8,10,P,2,200309,1,"$35,327",15.5
DLLS,17,B,13,07,A,0110,1,GS-07,C,XXXX,8,15,F,1,200309,1,"$33,726",0.8
DLLS,13,J,13,07,E,0119,3,GS-07,C,XXXX,8,10,P,2,200309,1,"$37,553",12.9
DLLS,06,H,13,12,E,0110,1,GS-12,F,XXXX,8,10,F,1,200309,1,"$68,603",14.8
DLLS,17,F,13,07,E,0119,3,GS-07,C,XXXX,8,10,P,2,200309,1,"$39,348",10.1
DLLS,11,B,13,11,B,0110,1,GS-11,D,XXXX,8,15,F,1,200309,1,"$48,451",2.2
DLLS,17,D,17,09,D,0110,1,GS-09,D,XXXX,8,15,F,1,200309,1,"$41,255",6.6
DLLS,17,J,13,05,B,0119,3,GS-05,B,XXXX,8,15,P,2,200309,1,"$29,042",2.3
DLLS,17,I,13,07,E,0119,3,GS-07,D,XXXX,8,10,P,2,200309,1,"$40,472",13.7
DLLS,18,I,17,05,A,0119,3,GS-05,B,XXXX,8,15,P,2,200309,1,"$25,697",0.2
DLLS,13,E,13,12,E,0110,1,GS-12,F,XXXX,8,10,F,1,200309,1,"$62,807",12.4
DLLS,17,C,13,12,C,0110,1,GS-12,E,XXXX,8,10,F,1,200309,1,"$59,827",4.9
DLLS,17,D,17,12,E,0110,1,GS-12,F,XXXX,8,10,F,1,200309,1,"$67,804",11.3
DLLS,17,F,13,11,D,0110,1,GS-11,E,XXXX,8,10,F,1,200309,1,"$51,581",5.7
DLLS,17,E,17,11,E,0110,1,GS-11,E,XXXX,8,10,F,1,200309,1,"$54,910",12.8
DLLS,17,B,13,05,C,0119,3,GS-05,B,XXXX,8,10,P,2,200309,1,"$28,135",4.8
DLLS,06,D,17,09,B,0110,1,GS-09,D,XXXX,8,15,F,1,200309,1,"$41,809",1.5
DLLS,04,K,09,05,C,0119,3,GS-05,B,XXXX,8,15,P,2,200309,1,"$26,553",4.4
DLLS,17,G,13,13,G,0110,1,GS-13,H,XXXX,2,10,F,1,200309,1,"$80,630",23.0
DLLS,11,I,19,13,I,0110,1,GS-13,H,XXXX,8,10,F,1,200309,1,"$85,169",33.1
DLLS,17,F,14,07,D,0119,3,GS-07,C,XXXX,8,10,P,2,200309,1,"$37,099",9.3
DLLS,11,E,13,12,E,0110,1,GS-12,F,XXXX,8,10,F,1,200309,1,"$69,685",14.0
DLLS,17,F,13,12,F,0110,1,GS-12,F,XXXX,4,10,F,1,200309,1,"$69,798",18.9
DLLS,11,G,17,14,H,0110,1,GS-14,I,XXXX,2,10,F,1,200309,1,"$95,204",25.8
DLLS,17,G,13,13,H,0110,1,GS-13,H,XXXX,2,10,F,1,200309,1,"$85,374",28.3
DLLS,11,I,13,13,H,0110,1,GS-13,H,XXXX,8,10,F,1,200309,1,"$89,774",28.0
DLLS,17,F,13,12,G,0110,1,GS-12,G,XXXX,8,10,P,2,200309,1,"$71,792",20.0
DLLS,11,D,21,13,B,0110,1,GS-13,G,XXXX,8,15,F,1,200309,1,"$78,263",2.0
DLLS,29,B,13,07,B,0110,1,GS-07,C,XXXX,8,15,F,1,200309,1,"$32,016",1.1
DLLS,17,C,13,11,C,0110,1,GS-11,D,XXXX,8,15,F,1,200309,1,"$49,917",3.1
DLLS,25,B,13,09,B,0110,1,GS-09,D,XXXX,8,15,F,1,200309,1,"$40,847",1.1
DLLS,51,K,17,07,E,0119,3,GS-07,C,XXXX,8,10,P,2,200309,1,"$36,010",10.3
DLLS,17,H,14,11,C,0110,1,GS-11,E,XXXX,8,10,F,1,200309,1,"$51,581",4.3
DLLS,11,F,17,12,D,0110,1,GS-12,F,XXXX,8,10,F,1,200309,1,"$63,877",5.3
DLLS,17,H,07,05,D,0119,3,GS-05,C,XXXX,8,10,P,2,200309,1,"$30,856",6.3
DLLS,11,J,13,12,F,0110,1,GS-12,F,XXXX,8,10,F,1,200309,1,"$65,813",16.1
DLLS,11,F,13,13,E,0110,1,GS-13,H,XXXX,8,10,F,1,200309,1,"$80,565",14.7
DLLS,17,E,11,12,F,0110,1,GS-12,F,XXXX,8,10,F,1,200309,1,"$69,798",16.9
DLLS,17,K,07,06,F,0119,3,GS-06,C,XXXX,8,10,P,2,200309,1,"$34,372",18.5
DLLS,39,I,17,07,D,0119,3,GS-07,C,XXXX,8,10,P,2,200309,1,"$35,614",6.3
DLLS,11,F,15,13,E,0110,1,GS-13,G,XXXX,8,10,F,1,200309,1,"$78,263",13.1
DLLS,11,G,14,13,E,0110,1,GS-13,G,XXXX,8,10,F,1,200309,1,"$75,961",13.2
DLLS,17,E,13,12,E,0110,1,GS-12,G,XXXX,8,10,F,1,200309,1,"$71,792",14.6
DLLS,17,I,13,13,I,0110,1,GM-13,I,XXXX,2,10,F,1,200309,1,"$92,489",32.3
DLLS,11,H,13,12,G,0110,1,GS-12,F,XXXX,8,10,F,1,200309,1,"$69,685",20.8
DLLS,11,F,21,,E,0110,1,SL-00,L,XXXX,5,10,F,1,200309,1,"$124,783",13.0
DLLS,17,K,04,12,H,0110,1,GS-12,G,XXXX,8,10,F,1,200309,1,"$71,792",27.8
DLLS,48,J,13,06,C,0119,3,GS-06,C,XXXX,8,10,P,2,200309,1,"$31,245",3.8
DLLS,06,H,09,07,D,0119,3,GS-07,C,XXXX,8,10,P,2,200309,1,"$37,598",7.4
DLLS,17,B,13,09,B,0110,1,GS-09,D,XXXX,8,15,F,1,200309,1,"$41,255",2.0
DLLS,12,G,13,07,C,0119,3,GS-07,C,XXXX,8,10,P,2,200309,1,"$32,891",4.7
DLLS,17,E,17,12,E,0110,1,GS-12,F,XXXX,8,10,F,1,200309,1,"$67,804",12.5
DLLS,17,E,04,07,G,0119,3,GS-07,D,XXXX,8,10,F,1,200309,1,"$40,472",21.9
DLLS,29,H,08,07,D,0119,3,GS-07,C,XXXX,8,10,P,2,200309,1,"$35,132",6.0
DLLS,29,B,17,09,B,0110,1,GS-09,C,XXXX,8,15,F,1,200309,1,"$39,163",1.1
DLLS,17,B,13,07,A,0110,1,GS-07,C,XXXX,8,15,F,1,200309,1,"$33,726",0.8
DLLS,11,G,17,12,F,0110,1,GS-12,F,XXXX,8,10,F,1,200309,1,"$63,877",17.8
DLLS,17,E,17,05,C,0119,3,GS-05,C,XXXX,8,15,P,2,200309,1,"$35,392",4.5
DLLS,13,D,13,12,E,0110,1,GS-12,F,XXXX,8,10,F,1,200309,1,"$62,807",10.8
DLLS,17,G,13,12,G,0110,1,GS-12,G,XXXX,8,10,F,1,200309,1,"$71,792",20.4
DLLS,06,H,13,06,C,0119,3,GS-06,C,XXXX,8,15,P,2,200309,1,"$32,693",4.4
DLLS,17,G,13,07,F,0110,1,GS-07,D,XXXX,8,10,F,1,200309,1,"$40,472",19.9
DLLS,11,B,17,09,A,0110,1,GS-09,D,XXXX,8,15,F,1,200309,1,"$40,044",0.3
DLLS,11,D,17,12,D,0110,1,GS-12,F,XXXX,8,10,F,1,200309,1,"$63,877",9.8
DLLS,06,D,13,12,D,0110,1,GS-12,F,XXXX,8,15,F,1,200309,1,"$64,445",5.2
DLLS,13,F,17,12,C,0110,1,GS-12,E,XXXX,8,10,F,1,200309,1,"$57,097",3.0
DLLS,17,K,17,06,E,0119,3,GS-06,C,XXXX,8,10,P,2,200309,1,"$33,385",12.3
DLLS,55,J,09,07,D,0119,3,GS-07,C,XXXX,8,10,P,2,200309,1,"$35,518",6.5
DLLS,17,C,13,11,C,0110,1,GS-11,E,XXXX,8,10,F,1,200309,1,"$51,581",3.3
DLLS,26,G,13,07,D,0119,3,GS-07,C,XXXX,8,10,P,2,200309,1,"$36,012",7.2
DLLS,06,G,04,07,E,0119,3,GS-07,D,XXXX,8,10,P,2,200309,1,"$43,295",14.3
DLLS,17,C,12,09,B,0110,1,GS-09,D,XXXX,8,15,F,1,200309,1,"$41,255",1.7
DLLS,11,G,13,13,G,0110,1,GS-13,H,XXXX,8,10,P,2,200309,1,"$85,169",23.5
DLLS,11,E,13,12,E,0110,1,GS-12,F,XXXX,8,10,F,1,200309,1,"$65,813",12.3
DLLS,11,E,13,13,F,0110,1,GS-13,H,XXXX,8,10,F,1,200309,1,"$80,565",15.3
DLLS,04,J,04,05,B,0119,3,GS-05,B,XXXX,8,15,P,2,200309,1,"$26,553",1.1
DLLS,17,F,13,12,G,0110,1,GS-12,G,XXXX,8,10,F,1,200309,1,"$77,775",20.5
DLLS,26,G,13,07,D,0119,3,GS-07,C,XXXX,8,10,P,2,200309,1,"$37,138",6.5
DLLS,17,E,13,12,E,0110,1,GS-12,F,XXXX,8,10,F,1,200309,1,"$69,798",11.8
DLLS,12,E,04,06,B,0119,3,GS-06,B,XXXX,8,15,P,2,200309,1,"$28,644",2.8
DLLS,11,G,21,14,F,0110,1,GS-14,I,XXXX,8,10,F,1,200309,1,"$92,484",15.0
DLLS,11,K,18,13,D,0110,1,GS-13,G,XXXX,8,10,F,1,200309,1,"$73,659",7.0
DLLS,26,I,13,06,G,0119,3,GS-06,C,XXXX,8,10,P,2,200309,1,"$38,483",21.7
DLLS,06,F,13,05,B,0119,3,GS-05,B,XXXX,8,15,P,2,200309,1,"$28,513",1.6
DLLS,26,C,13,11,C,0110,1,GS-11,E,XXXX,8,10,F,1,200309,1,"$51,634",3.2
DLLS,42,H,17,07,D,0119,3,GS-07,C,XXXX,8,10,P,2,200309,1,"$36,231",6.4
DLLS,11,J,17,12,G,0110,1,GS-12,G,XXXX,8,10,F,1,200309,1,"$71,620",24.8
DLLS,27,J,13,06,D,0119,3,GS-06,C,XXXX,8,15,P,2,200309,1,"$32,434",6.3
DLLS,39,J,11,07,G,0119,3,GS-07,D,XXXX,8,10,P,2,200309,1,"$41,724",21.9
DLLS,11,F,17,13,F,0110,1,GS-13,H,XXXX,8,10,F,1,200309,1,"$89,774",17.3
DLLS,26,I,17,05,A,0119,3,GS-05,B,XXXX,8,15,P,2,200309,1,"$27,256",0.1
DLLS,11,I,17,13,I,0110,1,GS-13,H,XXXX,8,10,F,1,200309,1,"$89,774",31.9
DLLS,48,H,13,07,E,0119,3,GS-07,D,XXXX,8,10,P,2,200309,1,"$41,380",14.5
DLLS,11,H,17,12,G,0110,1,GS-12,F,XXXX,8,10,F,1,200309,1,"$69,685",23.8
DLLS,26,F,10,05,A,0119,3,GS-05,B,XXXX,8,15,P,2,200309,1,"$25,697",0.1
DLLS,11,C,13,12,C,0110,1,GS-12,E,XXXX,8,10,F,1,200309,1,"$58,070",3.8
DLLS,36,B,13,07,A,0110,1,GS-07,C,XXXX,8,15,F,1,200309,1,"$33,924",0.3
DLLS,32,K,09,07,H,0119,3,GS-07,C,XXXX,8,10,P,2,200309,1,"$39,258",28.3
DLLS,11,C,13,12,C,0110,1,GS-12,E,XXXX,8,10,F,1,200309,1,"$58,070",3.1
DLLS,11,C,13,12,C,0110,1,GS-12,F,XXXX,8,10,F,1,200309,1,"$60,006",4.3
DLLS,12,I,13,06,B,0119,3,GS-06,B,XXXX,8,15,P,2,200309,1,"$28,644",1.9
DLLS,39,H,17,06,C,0119,3,GS-06,C,XXXX,8,15,P,2,200309,1,"$30,630",3.2
DLLS,11,C,13,13,C,0110,1,GS-13,F,XXXX,8,10,F,1,200309,1,"$69,054",4.9
DLLS,48,E,13,12,E,0110,1,GS-12,F,XXXX,8,10,F,1,200309,1,"$63,992",12.3
DLLS,11,E,13,13,E,0110,1,GS-13,H,XXXX,8,10,F,1,200309,1,"$82,867",13.2
DLLS,11,E,13,13,E,0110,1,GS-13,G,XXXX,8,10,F,1,200309,1,"$78,263",14.3
DLLS,26,H,10,06,D,0119,3,GS-06,C,XXXX,8,10,P,2,200309,1,"$34,432",7.8
DLLS,11,E,13,12,C,0110,1,GS-12,F,XXXX,8,10,F,1,200309,1,"$61,942",4.2
DLLS,26,C,13,09,C,0110,1,GS-09,D,XXXX,8,10,F,1,200309,1,"$44,051",3.2
DLLS,11,J,14,14,J,0110,1,GM-14,J,XXXX,5,10,F,1,200309,1,"$106,086",40.9
DLLS,39,H,04,06,D,0119,3,GS-06,C,XXXX,8,15,P,2,200309,1,"$35,570",9.5
DLLS,11,H,17,12,G,0110,1,GS-12,F,XXXX,8,10,F,1,200309,1,"$61,942",20.4
DLLS,26,G,13,05,B,0119,3,GS-05,B,XXXX,8,15,P,2,200309,1,"$27,409",2.5
DLLS,11,E,13,12,E,0110,1,GS-12,F,XXXX,8,10,F,1,200309,1,"$63,877",11.0
DLLS,17,J,14,15,J,0110,1,GS-15,L,XXXX,2,10,F,1,200309,1,"$121,964",41.8
DLLS,26,I,14,12,I,0110,1,GS-12,G,XXXX,8,10,F,1,200309,1,"$77,856",32.0
DLLS,11,C,13,12,D,0110,1,GS-12,F,XXXX,8,10,F,1,200309,1,"$61,942",5.0
DLLS,11,D,13,09,B,0110,1,GS-09,D,XXXX,8,15,F,1,200309,1,"$40,044",1.7
DLLS,13,F,13,11,D,0110,1,GS-11,D,XXXX,8,15,F,1,200309,1,"$47,639",9.3
DLLS,34,I,13,12,D,0110,1,GS-12,F,XXXX,8,10,F,1,200309,1,"$64,189",9.4
DLLS,11,F,17,09,A,0110,1,GS-09,D,XXXX,8,15,F,1,200309,1,"$40,044",0.5
DLLS,11,E,13,11,E,0110,1,GS-11,E,XXXX,8,10,F,1,200309,1,"$56,529",14.6
DLLS,11,D,13,12,D,0110,1,GS-12,E,XXXX,8,10,F,1,200309,1,"$58,070",8.3
DLLS,17,B,13,07,A,0110,1,GS-07,C,XXXX,8,15,F,1,200309,1,"$33,726",0.5
DLLS,17,F,13,12,F,0110,1,GS-12,F,XXXX,8,10,F,1,200309,1,"$65,809",16.0
DLLS,11,E,21,14,B,0110,1,GS-14,H,XXXX,8,15,F,1,200309,1,"$87,043",2.3
DLLS,11,E,17,14,E,0110,1,GS-14,I,XXXX,8,10,F,1,200309,1,"$92,484",14.3
DLLS,11,D,17,13,D,0110,1,GS-13,G,XXXX,8,10,F,1,200309,1,"$73,659",9.0
DLLS,26,D,13,12,C,0110,1,GS-12,E,XXXX,8,10,F,1,200309,1,"$59,888",3.9
DLLS,55,G,13,12,G,0110,1,GS-12,G,XXXX,8,10,F,1,200309,1,"$70,642",24.2
DLLS,29,E,14,12,B,0110,1,GS-12,E,XXXX,8,15,F,1,200309,1,"$56,793",1.2
DLLS,11,F,17,14,E,0110,1,GS-14,H,XXXX,2,10,F,1,200309,1,"$84,323",10.2
DLLS,11,C,13,12,C,0110,1,GS-12,E,XXXX,8,10,F,1,200309,1,"$58,070",3.3
DLLS,11,H,17,15,H,0110,1,GM-15,L,XXXX,2,10,F,1,200309,1,"$122,847",27.2
DLLS,17,H,13,13,I,0110,1,GM-13,I,XXXX,2,10,F,1,200309,1,"$91,312",32.0
DLLS,17,C,13,12,D,0110,1,GS-12,F,XXXX,8,10,F,1,200309,1,"$63,815",6.1
DLLS,11,B,13,11,B,0110,1,GS-11,D,XXXX,8,15,F,1,200309,1,"$48,451",2.0
DLLS,55,H,13,05,A,0119,3,GS-05,B,XXXX,8,15,P,2,200309,1,"$25,697",0.7
DLLS,13,F,17,12,F,0110,1,GS-12,G,XXXX,8,10,F,1,200309,1,"$70,420",18.0
DLLS,48,F,17,12,F,0110,1,GS-12,G,XXXX,8,10,F,1,200309,1,"$73,139",15.3
DLLS,17,G,13,12,H,0110,1,GS-12,G,XXXX,8,10,F,1,200309,1,"$73,787",25.3
DLLS,55,F,13,07,D,0119,3,GS-07,C,XXXX,8,10,P,2,200309,1,"$35,014",5.9
DLLS,11,B,13,11,B,0110,1,GS-11,D,XXXX,8,15,F,1,200309,1,"$48,451",2.0
DLLS,11,J,14,13,J,0110,1,GS-13,H,XXXX,8,10,F,1,200309,1,"$89,774",36.1
DLLS,11,E,13,12,E,0110,1,GS-12,F,XXXX,8,10,F,1,200309,1,"$63,877",11.1
DLLS,41,J,13,07,D,0119,3,GS-07,C,XXXX,8,10,P,2,200309,1,"$36,084",6.3
DLLS,36,G,21,13,F,0110,1,GS-13,G,XXXX,2,10,F,1,200309,1,"$78,717",15.1
DLLS,55,E,13,12,E,0110,1,GS-12,F,XXXX,4,10,F,1,200309,1,"$63,005",11.8
DLLS,55,F,13,12,F,0110,1,GS-12,G,XXXX,8,10,F,1,200309,1,"$74,461",19.9
DLLS,11,H,17,12,E,0110,1,GS-12,F,XXXX,8,10,F,1,200309,1,"$65,813",14.7
DLLS,55,G,04,05,A,0119,3,GS-05,B,XXXX,8,15,P,2,200309,1,"$25,697",0.8
DLLS,11,D,13,12,C,0110,1,GS-12,E,XXXX,8,10,F,1,200309,1,"$58,070",3.3
DLLS,55,F,13,11,F,0110,1,GS-11,E,XXXX,8,10,F,1,200309,1,"$58,944",17.9
DLLS,12,J,07,07,D,0119,3,GS-07,C,XXXX,8,10,P,2,200309,1,"$35,014",6.4
DLLS,55,I,13,06,D,0119,3,GS-06,B,XXXX,8,10,P,2,200309,1,"$29,598",5.4
DLLS,55,G,04,05,B,0119,3,GS-05,B,XXXX,8,15,P,2,200309,1,"$26,936",1.8
DLLS,11,B,13,09,B,0110,1,GS-09,D,XXXX,8,15,F,1,200309,1,"$41,379",1.9
DLLS,11,J,20,12,F,0110,1,GS-12,G,XXXX,8,10,F,1,200309,1,"$71,620",18.3
DLLS,12,H,13,12,H,0110,1,GS-12,F,XXXX,2,10,F,1,200309,1,"$62,110",27.2
DLLS,25,H,17,11,C,0110,1,GS-11,D,XXXX,8,15,F,1,200309,1,"$49,422",4.0
DLLS,55,G,09,05,B,0119,3,GS-05,B,XXXX,8,15,P,2,200309,1,"$27,409",2.0
DLLS,11,J,14,12,I,0110,1,GS-12,G,XXXX,8,10,F,1,200309,1,"$75,492",34.8
DLLS,45,G,13,12,H,0110,1,GS-12,G,XXXX,8,10,F,1,200309,1,"$73,403",25.8
DLLS,55,F,21,12,C,0110,1,GS-12,E,XXXX,8,10,F,1,200309,1,"$57,277",3.1
DLLS,11,C,13,12,C,0110,1,GS-12,E,XXXX,8,10,F,1,200309,1,"$58,070",3.0
DLLS,55,K,04,07,H,0119,3,GS-07,D,XXXX,8,10,P,2,200309,1,"$41,977",26.0
DLLS,55,F,07,05,C,0119,3,GS-05,B,XXXX,8,10,P,2,200309,1,"$28,673",3.8
DLLS,55,C,13,11,C,0110,1,GS-11,E,XXXX,8,10,F,1,200309,1,"$50,976",4.5
DLLS,11,C,13,12,D,0110,1,GS-12,F,XXXX,8,10,F,1,200309,1,"$61,942",5.0
DLLS,17,B,13,09,B,0110,1,GS-09,D,XXXX,8,15,F,1,200309,1,"$42,631",2.2
DLLS,12,J,13,07,F,0119,3,GS-07,C,XXXX,8,10,P,2,200309,1,"$38,197",16.5
DLLS,11,D,21,14,D,0110,1,GS-14,H,XXXX,8,10,F,1,200309,1,"$84,323",5.1
DLLS,11,H,13,13,H,0110,1,GS-13,H,XXXX,8,10,F,1,200309,1,"$85,169",26.0
DLLS,11,E,13,12,E,0110,1,GS-12,F,XXXX,8,10,F,1,200309,1,"$65,813",13.3
DLLS,11,H,13,13,H,0110,1,GS-13,H,XXXX,8,10,F,1,200309,1,"$80,565",26.3
DLLS,47,G,17,07,D,0119,3,GS-07,C,XXXX,8,10,P,2,200309,1,"$33,953",5.2
DLLS,13,I,17,06,B,0119,3,GS-06,B,XXXX,8,15,P,2,200309,1,"$28,965",2.8
DLLS,11,F,13,14,F,0110,1,GS-14,I,XXXX,2,10,F,1,200309,1,"$95,204",19.0
DLLS,13,J,07,09,E,0110,1,GS-09,D,XXXX,8,10,F,1,200309,1,"$41,998",11.1
DLLS,11,J,17,13,H,0110,1,GS-13,H,XXXX,8,10,F,1,200309,1,"$89,774",26.7
DLLS,11,D,21,12,A,0110,1,GS-12,G,XXXX,8,15,F,1,200309,1,"$73,556",0.0
DLLS,11,D,13,12,C,0110,1,GS-12,F,XXXX,8,10,F,1,200309,1,"$60,006",3.3
DLLS,11,C,13,12,C,0110,1,GS-12,E,XXXX,8,10,F,1,200309,1,"$58,070",3.2
DLLS,11,B,13,07,A,0110,1,GS-07,C,XXXX,8,15,F,1,200309,1,"$32,736",0.3
DLLS,11,C,13,11,B,0110,1,GS-11,D,XXXX,8,15,F,1,200309,1,"$48,451",2.2
DLLS,13,D,18,12,C,0110,1,GS-12,E,XXXX,8,15,F,1,200309,1,"$57,097",3.1
DLLS,17,H,18,07,D,0119,3,GS-07,C,XXXX,8,10,P,2,200309,1,"$35,014",6.5
DLLS,11,E,13,11,C,0110,1,GS-11,D,XXXX,8,10,F,1,200309,1,"$48,451",3.5
DLLS,11,D,17,12,C,0110,1,GS-12,E,XXXX,8,15,F,1,200309,1,"$58,070",4.8
DLLS,37,F,17,12,F,0110,1,GS-12,F,XXXX,2,10,F,1,200309,1,"$67,756",19.3
DLLS,47,I,04,07,F,0119,3,GS-07,C,XXXX,8,10,P,2,200309,1,"$38,197",17.3
DLLS,11,C,13,12,C,0110,1,GS-12,E,XXXX,8,10,F,1,200309,1,"$58,070",4.1
DLLS,11,C,13,11,B,0110,1,GS-11,D,XXXX,8,15,F,1,200309,1,"$48,451",2.3
DLLS,11,E,13,14,E,0110,1,GS-14,H,XXXX,2,10,F,1,200309,1,"$89,764",14.9
DLLS,13,G,13,14,G,0110,1,GS-14,H,XXXX,2,10,F,1,200309,1,"$88,259",23.3
DLLS,01,I,14,07,F,0119,3,GS-07,C,XXXX,8,10,P,2,200309,1,"$38,197",18.1
DLLS,13,H,13,13,I,0110,1,GM-13,H,XXXX,2,10,F,1,200309,1,"$88,269",31.4
DLLS,48,F,13,12,F,0110,1,GS-12,G,XXXX,8,10,F,1,200309,1,"$71,214",16.5
DLLS,48,I,13,12,H,0110,1,GS-12,G,XXXX,8,10,F,1,200309,1,"$75,063",28.2
DLLS,01,I,13,05,B,0119,3,GS-05,B,XXXX,8,15,P,2,200309,1,"$25,697",2.3
DLLS,11,D,13,12,D,0110,1,GS-12,F,XXXX,8,10,F,1,200309,1,"$63,877",6.5
DLLS,12,D,13,11,D,0110,1,GS-11,E,XXXX,8,10,F,1,200309,1,"$50,252",7.2
DLLS,48,I,17,12,E,0110,1,GS-12,G,XXXX,8,10,F,1,200309,1,"$70,361",14.2
DLLS,11,D,17,13,D,0110,1,GS-13,F,XXXX,8,10,F,1,200309,1,"$69,054",6.7
DLLS,11,I,15,14,I,0110,1,GM-14,J,XXXX,2,10,F,1,200309,1,"$106,086",33.3
DLLS,01,K,08,07,F,0119,3,GS-07,C,XXXX,8,10,P,2,200309,1,"$39,258",17.4
DLLS,13,H,04,06,C,0119,3,GS-06,B,XXXX,8,15,P,2,200309,1,"$29,598",3.7
DLLS,13,F,14,13,F,0110,1,GS-13,G,XXXX,2,10,F,1,200309,1,"$74,687",17.0
DLLS,42,H,14,12,H,0110,1,GS-12,G,XXXX,8,10,F,1,200309,1,"$75,954",29.7
DLLS,08,D,13,12,D,0110,1,GS-12,F,XXXX,2,10,F,1,200309,1,"$66,998",8.7
DLLS,48,D,13,13,D,0110,1,GS-13,G,XXXX,2,10,F,1,200309,1,"$70,951",8.2
DLLS,05,H,09,07,E,0119,3,GS-07,C,XXXX,8,10,P,2,200309,1,"$37,136",11.9
DLLS,13,E,13,13,F,0110,1,GS-13,G,XXXX,2,10,F,1,200309,1,"$74,687",17.1
DLLS,05,F,04,06,D,0119,3,GS-06,C,XXXX,8,15,P,2,200309,1,"$31,508",5.9
DLLS,48,E,13,07,D,0110,1,GS-07,C,XXXX,8,10,F,1,200309,1,"$33,636",6.8
DLLS,17,I,14,13,I,0110,1,GM-13,I,XXXX,2,10,F,1,200309,1,"$92,489",33.3
DLLS,11,C,13,11,C,0110,1,GS-11,E,XXXX,8,10,F,1,200309,1,"$50,067",3.3
DLLS,11,B,13,09,B,0110,1,GS-09,D,XXXX,8,15,F,1,200309,1,"$40,044",1.3
DLLS,22,J,13,07,E,0119,3,GS-07,C,XXXX,8,10,P,2,200309,1,"$35,014",14.7
DLLS,28,H,13,07,D,0119,3,GS-07,C,XXXX,8,10,P,2,200309,1,"$35,014",6.5
DLLS,11,H,13,13,H,0110,1,GM-13,H,XXXX,2,10,F,1,200309,1,"$85,434",25.0
DLLS,22,H,04,06,C,0119,3,GS-06,C,XXXX,8,10,P,2,200309,1,"$30,553",3.9
DLLS,11,D,04,06,E,0119,3,GS-06,C,XXXX,8,10,F,1,200309,1,"$35,351",12.6
DLLS,11,D,17,13,E,0110,1,GS-13,G,XXXX,2,10,F,1,200309,1,"$75,961",11.3
DLLS,11,B,13,07,A,0110,1,GS-07,C,XXXX,8,15,F,1,200309,1,"$32,736",0.2
DLLS,36,E,13,12,E,0110,1,GS-12,F,XXXX,8,10,F,1,200309,1,"$66,195",12.5
DLLS,48,K,13,07,E,0119,3,GS-07,C,XXXX,8,10,P,2,200309,1,"$38,498",10.4
DLLS,48,K,04,07,E,0119,3,GS-07,C,XXXX,8,10,P,2,200309,1,"$37,136",11.7
DLLS,13,C,17,12,C,0110,1,GS-12,E,XXXX,8,10,F,1,200309,1,"$57,097",4.3
DLLS,11,H,13,14,I,0110,1,GM-14,J,XXXX,2,10,F,1,200309,1,"$100,229",31.9
DLLS,48,H,13,07,E,0119,3,GS-07,D,XXXX,8,10,P,2,200309,1,"$41,999",10.2
DLLS,13,E,13,09,D,0110,1,GS-09,C,XXXX,8,15,F,1,200309,1,"$39,373",5.4
DLLS,06,D,08,12,E,0110,1,GS-12,F,XXXX,8,10,F,1,200309,1,"$66,524",13.8
DLLS,28,J,07,07,H,0119,3,GS-07,D,XXXX,8,10,P,2,200309,1,"$40,319",27.8
DLLS,11,I,14,12,I,0110,1,GS-12,G,XXXX,8,10,F,1,200309,1,"$75,492",33.3
DLLS,11,I,13,12,H,0110,1,GS-12,G,XXXX,8,10,F,1,200309,1,"$71,620",29.4
DLLS,11,F,21,15,D,0110,1,GS-15,I,XXXX,2,10,F,1,200309,1,"$95,987",8.0
DLLS,06,K,13,07,G,0119,3,GS-07,D,XXXX,8,10,P,2,200309,1,"$43,295",22.2
DLLS,53,J,14,12,J,0110,1,GS-12,G,XXXX,8,10,F,1,200309,1,"$75,740",35.7
DLLS,11,E,13,14,F,0110,1,GS-14,H,XXXX,2,10,F,1,200309,1,"$89,764",15.3
DLLS,40,F,13,07,F,0119,3,GS-07,D,XXXX,8,10,P,2,200309,1,"$41,380",19.9
DLLS,11,D,13,12,D,0110,1,GS-12,F,XXXX,8,10,F,1,200309,1,"$61,942",8.7
DLLS,48,G,13,12,G,0110,1,GS-12,G,XXXX,8,10,F,1,200309,1,"$73,139",23.1
DLLS,17,C,13,12,C,0110,1,GS-12,F,XXXX,8,10,F,1,200309,1,"$63,815",4.9
DLLS,29,D,13,12,D,0110,1,GS-12,F,XXXX,8,10,F,1,200309,1,"$62,319",8.4
DLLS,48,D,17,11,B,0110,1,GS-11,D,XXXX,8,15,F,1,200309,1,"$48,176",2.8
DLLS,40,I,17,06,C,0119,3,GS-06,C,XXXX,8,10,P,2,200309,1,"$31,508",4.3
DLLS,11,E,17,12,E,0110,1,GS-12,F,XXXX,8,10,F,1,200309,1,"$67,749",11.3
DLLS,40,I,07,07,E,0119,3,GS-07,C,XXXX,8,10,P,2,200309,1,"$35,014",12.6
DLLS,36,H,13,07,H,0119,3,GS-07,D,XXXX,8,10,P,2,200309,1,"$44,102",25.1
DLLS,48,H,17,13,H,0110,1,GS-13,G,XXXX,2,10,F,1,200309,1,"$77,819",25.3
DLLS,48,G,07,07,E,0119,3,GS-07,C,XXXX,8,10,P,2,200309,1,"$36,075",11.3
DLLS,48,F,13,11,B,0110,1,GS-11,D,XXXX,8,15,F,1,200309,1,"$48,176",2.8
DLLS,48,E,13,12,E,0110,1,GS-12,F,XXXX,8,10,F,1,200309,1,"$69,289",12.4
DLLS,48,I,17,12,E,0110,1,GS-12,F,XXXX,8,10,F,1,200309,1,"$68,291",10.3
DLLS,48,I,17,06,D,0119,3,GS-06,C,XXXX,8,15,P,2,200309,1,"$34,644",5.8
DLLS,48,E,13,12,F,0110,1,GS-12,G,XXXX,8,10,F,1,200309,1,"$71,214",19.1
DLLS,25,I,13,12,H,0110,1,GS-12,G,XXXX,2,10,F,1,200309,1,"$75,031",29.2
DLLS,11,C,13,07,A,0110,1,GS-07,C,XXXX,8,15,F,1,200309,1,"$32,736",0.9
DLLS,48,I,13,07,F,0119,3,GS-07,C,XXXX,8,10,P,2,200309,1,"$39,258",16.5
DLLS,48,F,13,12,E,0110,1,GS-12,F,XXXX,8,10,F,1,200309,1,"$65,439",13.2
DLLS,11,G,13,12,C,0110,1,GS-12,E,XXXX,8,10,F,1,200309,1,"$58,070",3.3
DLLS,13,I,13,12,H,0110,1,GS-12,G,XXXX,8,10,F,1,200309,1,"$72,323",29.4
DLLS,11,C,13,12,C,0110,1,GS-12,E,XXXX,8,10,F,1,200309,1,"$58,070",3.2
DLLS,05,H,07,07,D,0119,3,GS-07,C,XXXX,8,10,P,2,200309,1,"$36,075",9.2
DLLS,48,J,07,07,D,0119,3,GS-07,C,XXXX,8,10,P,2,200309,1,"$39,665",9.9
DLLS,25,G,17,14,H,0110,1,GS-14,I,XXXX,2,10,F,1,200309,1,"$94,338",25.0
DLLS,48,E,14,05,D,0119,3,GS-05,C,XXXX,8,10,P,2,200309,1,"$36,727",6.0
DLLS,48,D,13,12,E,0110,1,GS-12,F,XXXX,8,10,F,1,200309,1,"$67,364",11.3
DLLS,11,G,13,14,F,0110,1,GS-14,I,XXXX,2,10,F,1,200309,1,"$92,484",17.1
DLLS,11,D,13,12,D,0110,1,GS-12,F,XXXX,8,10,F,1,200309,1,"$61,942",5.3
DLLS,48,I,13,12,G,0110,1,GS-12,G,XXXX,8,10,F,1,200309,1,"$75,063",20.8
DLLS,11,H,17,12,H,0110,1,GS-12,G,XXXX,8,10,F,1,200309,1,"$75,492",26.4
DLLS,48,F,13,06,C,0119,3,GS-06,C,XXXX,8,10,P,2,200309,1,"$31,245",4.2
DLLS,48,I,13,12,F,0110,1,GS-12,G,XXXX,8,10,F,1,200309,1,"$70,361",16.3
DLLS,11,H,19,13,G,0110,1,GS-13,H,XXXX,8,10,F,1,200309,1,"$85,169",23.3
DLLS,13,G,13,07,D,0119,3,GS-07,C,XXXX,8,10,P,2,200309,1,"$35,014",6.9
DLLS,39,D,13,12,E,0110,1,GS-12,F,XXXX,4,10,F,1,200309,1,"$65,089",13.2
DLLS,48,I,13,12,H,0110,1,GS-12,G,XXXX,8,10,F,1,200309,1,"$71,214",26.2
DLLS,48,C,13,11,B,0110,1,GS-11,D,XXXX,8,15,F,1,200309,1,"$48,176",2.2
DLLS,48,J,04,07,H,0119,3,GS-07,D,XXXX,8,10,P,2,200309,1,"$40,319",26.7
DLLS,48,I,14,12,F,0110,1,GS-12,G,XXXX,8,10,F,1,200309,1,"$75,063",18.0
DLLS,48,C,13,11,B,0110,1,GS-11,D,XXXX,8,15,F,1,200309,1,"$48,176",2.8
DLLS,11,B,13,07,A,0110,1,GS-07,C,XXXX,8,15,F,1,200309,1,"$32,736",0.0
DLLS,42,F,13,13,E,0110,1,GS-13,G,XXXX,2,10,F,1,200309,1,"$76,426",13.3
DLLS,11,G,21,13,D,0110,1,GS-13,G,XXXX,8,10,F,1,200309,1,"$75,961",7.1
DLLS,48,F,13,11,D,0110,1,GS-11,D,XXXX,8,10,F,1,200309,1,"$49,782",7.9
DLLS,06,K,04,06,D,0119,3,GS-06,C,XXXX,8,10,P,2,200309,1,"$32,693",6.2
DLLS,48,F,17,12,D,0110,1,GS-12,F,XXXX,2,10,F,1,200309,1,"$61,590",6.0
DLLS,29,E,13,12,D,0110,1,GS-12,F,XXXX,8,10,F,1,200309,1,"$62,472",9.6
DLLS,11,D,13,11,B,0119,3,GS-11,E,XXXX,8,38,F,1,200309,1,"$50,067",1.3
DLLS,06,G,17,12,D,0110,1,GS-12,F,XXXX,8,10,F,1,200309,1,"$66,524",6.3
DLLS,48,I,13,14,I,0110,1,GS-14,J,XXXX,2,10,F,1,200309,1,"$100,074",34.1
DLLS,11,C,13,12,C,0110,1,GS-12,E,XXXX,8,10,F,1,200309,1,"$58,070",3.1
DLLS,11,C,13,12,C,0110,1,GS-12,F,XXXX,8,10,F,1,200309,1,"$60,006",4.3
DLLS,48,E,07,07,F,0119,3,GS-07,C,XXXX,8,10,F,1,200309,1,"$39,061",19.1
DLLS,06,I,09,06,D,0119,3,GS-06,C,XXXX,8,15,P,2,200309,1,"$32,808",6.0
DLLS,48,B,13,07,A,0110,1,GS-07,C,XXXX,8,15,F,1,200309,1,"$32,550",0.6
DLLS,48,I,17,05,C,0119,3,GS-05,B,XXXX,8,15,P,2,200309,1,"$25,697",3.7
DLLS,48,D,13,12,E,0110,1,GS-12,F,XXXX,8,10,F,1,200309,1,"$63,515",10.9
DLLS,11,B,13,07,B,0110,1,GS-07,C,XXXX,8,15,F,1,200309,1,"$33,828",1.0
DLLS,11,E,13,12,E,0110,1,GS-12,F,XXXX,8,10,F,1,200309,1,"$65,813",13.8
DLLS,39,C,13,11,C,0110,1,GS-11,D,XXXX,8,10,F,1,200309,1,"$49,516",3.2
DLLS,11,B,13,09,B,0110,1,GS-09,D,XXXX,8,15,F,1,200309,1,"$40,044",1.0
DLLS,11,D,13,12,C,0110,1,GS-12,E,XXXX,8,10,F,1,200309,1,"$58,070",3.2
DLLS,48,K,13,06,D,0119,3,GS-06,C,XXXX,8,10,P,2,200309,1,"$30,553",7.5
DLLS,48,F,08,07,E,0119,3,GS-07,C,XXXX,8,10,P,2,200309,1,"$38,197",12.3
DLLS,11,C,13,09,B,0110,1,GS-09,D,XXXX,8,15,F,1,200309,1,"$40,044",1.5
DLLS,48,H,13,12,H,0110,1,GS-12,G,XXXX,8,10,F,1,200309,1,"$75,063",28.7
DLLS,11,C,13,09,C,0110,1,GS-09,D,XXXX,8,15,F,1,200309,1,"$41,379",4.0
DLLS,48,E,13,12,D,0110,1,GS-12,F,XXXX,8,10,F,1,200309,1,"$61,590",5.6
DLLS,48,H,13,12,H,0110,1,GS-12,G,XXXX,8,10,F,1,200309,1,"$76,569",28.8
DLLS,48,D,13,12,D,0110,1,GS-12,F,XXXX,8,10,F,1,200309,1,"$63,515",8.7
DLLS,11,D,13,13,E,0110,1,GS-13,G,XXXX,2,10,F,1,200309,1,"$78,263",13.2
DLLS,48,H,13,14,I,0110,1,GM-14,J,XXXX,2,10,F,1,200309,1,"$105,484",31.2
DLLS,11,H,13,12,H,0110,1,GS-12,G,XXXX,8,10,F,1,200309,1,"$71,620",26.5
DLLS,13,C,13,12,C,0110,1,GS-12,E,XXXX,8,10,F,1,200309,1,"$57,097",3.0
DLLS,06,H,13,07,C,0119,3,GS-07,C,XXXX,8,10,P,2,200309,1,"$35,319",4.6
DLLS,27,C,17,09,B,0110,1,GS-09,D,XXXX,8,15,F,1,200309,1,"$41,416",1.6
DLLS,11,C,13,12,D,0110,1,GS-12,F,XXXX,8,10,F,1,200309,1,"$61,942",5.2
DLLS,06,J,13,07,D,0119,3,GS-07,C,XXXX,8,10,P,2,200309,1,"$38,674",6.6
DLLS,13,I,14,13,H,0110,1,GS-13,H,XXXX,2,10,F,1,200309,1,"$88,269",29.6
DLLS,27,H,13,07,D,0119,3,GS-07,C,XXXX,8,10,P,2,200309,1,"$36,042",6.3
DLLS,11,B,17,09,A,0110,1,GS-09,D,XXXX,8,15,F,1,200309,1,"$40,044",0.7
DLLS,11,C,17,12,C,0110,1,GS-12,E,XXXX,8,15,F,1,200309,1,"$58,070",4.5
DLLS,11,C,13,11,B,0110,1,GS-11,D,XXXX,8,15,F,1,200309,1,"$48,451",2.1
DLLS,39,G,13,12,G,0110,1,GS-12,F,XXXX,2,10,F,1,200309,1,"$66,222",20.6
DLLS,27,F,09,05,F,0119,3,GS-05,C,XXXX,8,15,P,2,200309,1,"$34,383",19.6
DLLS,11,B,13,11,B,0110,1,GS-11,D,XXXX,8,15,F,1,200309,1,"$48,451",2.3
DLLS,17,B,13,11,B,0110,1,GS-11,D,XXXX,8,15,F,1,200309,1,"$49,917",2.0
DLLS,17,C,13,07,A,0110,1,GS-07,C,XXXX,8,15,F,1,200309,1,"$33,726",0.8
DLLS,06,E,17,12,D,0110,1,GS-12,F,XXXX,8,10,F,1,200309,1,"$68,603",6.0
DLLS,17,F,17,14,A,0110,1,GS-14,I,XXXX,2,15,F,1,200309,1,"$95,281",0.5
DLLS,06,G,13,12,C,0110,1,GS-12,F,XXXX,8,10,F,1,200309,1,"$62,366",3.2
DLLS,51,F,13,12,E,0110,1,GS-12,F,XXXX,8,10,F,1,200309,1,"$62,750",10.8
DLLS,46,E,14,07,D,0119,3,GS-07,C,XXXX,8,10,P,2,200309,1,"$35,014",7.3
DLLS,11,C,13,12,C,0110,1,GS-12,E,XXXX,8,15,F,1,200309,1,"$58,070",3.2
DLLS,27,J,17,05,B,0119,3,GS-05,B,XXXX,8,15,P,2,200309,1,"$28,215",2.3
DLLS,06,G,17,07,E,0119,3,GS-07,C,XXXX,8,15,P,2,200309,1,"$36,435",10.5
DLLS,48,F,13,12,G,0110,1,GS-12,F,XXXX,8,10,F,1,200309,1,"$67,364",22.0
DLLS,11,B,13,07,A,0110,1,GS-07,C,XXXX,8,15,F,1,200309,1,"$32,736",0.2
DLLS,27,F,15,12,F,0110,1,GS-12,F,XXXX,8,10,F,1,200309,1,"$63,934",17.9
DLLS,27,C,13,11,B,0110,1,GS-11,D,XXXX,8,15,F,1,200309,1,"$48,494",2.2
DLLS,27,K,18,07,D,0119,3,GS-07,C,XXXX,8,10,P,2,200309,1,"$34,701",8.3
DLLS,06,J,17,07,C,0119,3,GS-07,C,XXXX,8,10,P,2,200309,1,"$34,227",4.3
DLLS,51,H,04,06,F,0119,3,GS-06,C,XXXX,8,10,P,2,200309,1,"$33,762",18.5
DLLS,17,H,13,13,H,0110,1,GS-13,H,XXXX,2,10,F,1,200309,1,"$80,630",27.7
DLLS,11,D,17,09,B,0110,1,GS-09,D,XXXX,8,15,F,1,200309,1,"$40,044",2.1
DLLS,11,I,21,11,D,0110,1,GS-11,E,XXXX,8,10,F,1,200309,1,"$56,529",9.7
DLLS,48,G,09,05,D,0119,3,GS-05,C,XXXX,8,10,P,2,200309,1,"$36,727",6.2
DLLS,06,I,13,07,F,0119,3,GS-07,D,XXXX,8,10,P,2,200309,1,"$45,706",18.3
DLLS,18,B,13,07,A,0110,1,GS-07,C,XXXX,8,15,F,1,200309,1,"$31,891",0.3
DLLS,11,B,13,09,B,0110,1,GS-09,D,XXXX,8,15,F,1,200309,1,"$40,044",1.3
DLLS,11,C,17,11,B,0110,1,GS-11,D,XXXX,8,15,F,1,200309,1,"$48,451",2.8
DLLS,25,J,13,12,F,0110,1,GS-12,G,XXXX,8,10,F,1,200309,1,"$73,056",15.8
DLLS,29,D,13,11,B,0110,1,GS-11,D,XXXX,8,15,F,1,200309,1,"$47,385",2.3
DLLS,11,F,17,12,F,0110,1,GS-12,F,XXXX,8,10,F,1,200309,1,"$63,877",17.4
DLLS,11,F,04,06,F,0119,3,GS-06,C,XXXX,8,10,F,1,200309,1,"$36,333",16.2
DLLS,11,G,14,12,G,0110,1,GS-12,G,XXXX,8,10,F,1,200309,1,"$71,620",24.3
DLLS,08,K,14,07,C,0119,3,GS-07,C,XXXX,8,10,P,2,200309,1,"$33,326",3.9
DLLS,08,J,14,07,E,0119,3,GS-07,C,XXXX,8,10,P,2,200309,1,"$37,770",10.8
DLLS,11,D,13,12,D,0110,1,GS-12,F,XXXX,8,10,F,1,200309,1,"$60,006",6.5
DLLS,48,K,13,07,F,0119,3,GS-07,D,XXXX,8,20,P,2,200309,1,"$41,380",19.2
DLLS,17,H,13,14,H,0110,1,GS-14,I,XXXX,2,10,F,1,200309,1,"$95,281",29.9
DLLS,29,G,13,13,G,0110,1,GS-13,H,XXXX,8,10,F,1,200309,1,"$83,296",23.1
DLLS,11,G,13,14,G,0110,1,GS-14,I,XXXX,2,10,F,1,200309,1,"$97,925",24.9
DLLS,11,B,13,07,A,0110,1,GS-07,C,XXXX,8,15,F,1,200309,1,"$32,736",0.3
DLLS,31,G,13,07,C,0119,3,GS-07,C,XXXX,8,10,P,2,200309,1,"$33,953",4.5
DLLS,17,C,13,12,C,0110,1,GS-12,E,XXXX,8,10,F,1,200309,1,"$59,827",3.2
DLLS,19,C,13,12,D,0110,1,GS-12,E,XXXX,8,10,F,1,200309,1,"$58,345",5.3
DLLS,17,C,13,11,B,0110,1,GS-11,D,XXXX,8,15,F,1,200309,1,"$49,917",2.0
DLLS,11,I,14,14,I,0110,1,GM-14,J,XXXX,2,10,F,1,200309,1,"$106,086",31.5
DLLS,29,D,13,12,E,0110,1,GS-12,F,XXXX,8,10,P,2,200309,1,"$62,472",11.3
DLLS,11,G,04,12,H,0110,1,GS-12,F,XXXX,8,10,F,1,200309,1,"$65,813",25.9
DLLS,29,H,13,07,F,0119,3,GS-07,C,XXXX,8,10,P,2,200309,1,"$38,420",15.9
DLLS,39,J,09,07,F,0119,3,GS-07,C,XXXX,8,10,P,2,200309,1,"$38,563",17.3
DLLS,29,G,04,12,H,0110,1,GS-12,F,XXXX,8,10,F,1,200309,1,"$68,152",27.2
DLLS,29,I,17,12,H,0110,1,GS-12,G,XXXX,8,10,F,1,200309,1,"$71,762",27.6
DLLS,29,I,17,12,G,0110,1,GS-12,G,XXXX,8,10,F,1,200309,1,"$70,045",21.0
DLLS,06,H,14,12,F,0110,1,GS-12,F,XXXX,2,10,F,1,200309,1,"$68,603",19.4
DLLS,29,G,13,12,F,0110,1,GS-12,F,XXXX,8,10,F,1,200309,1,"$68,152",17.8
DLLS,29,J,17,07,E,0119,3,GS-07,C,XXXX,8,10,P,2,200309,1,"$35,218",10.2
DLLS,29,J,08,07,F,0119,3,GS-07,C,XXXX,8,10,P,2,200309,1,"$38,326",17.7
DLLS,29,I,13,13,I,0110,1,GM-13,H,XXXX,2,10,F,1,200309,1,"$86,682",31.9
DLLS,29,H,10,06,C,0119,3,GS-06,B,XXXX,8,10,P,2,200309,1,"$29,771",3.2
DLLS,11,H,13,13,G,0110,1,GS-13,H,XXXX,8,10,F,1,200309,1,"$89,774",24.1
DLLS,29,C,13,12,D,0110,1,GS-12,F,XXXX,8,10,F,1,200309,1,"$60,579",6.1
DLLS,48,H,13,13,H,0110,1,GM-13,H,XXXX,2,10,F,1,200309,1,"$89,264",29.2
DLLS,22,D,13,05,A,0119,3,GS-05,B,XXXX,8,15,P,2,200309,1,"$25,697",0.7
DLLS,29,D,13,12,D,0110,1,GS-12,E,XXXX,8,10,F,1,200309,1,"$58,686",5.1
DLLS,29,E,13,05,E,0119,3,GS-05,C,XXXX,8,10,P,2,200309,1,"$30,079",12.6
DLLS,11,B,13,11,B,0110,1,GS-11,D,XXXX,8,15,F,1,200309,1,"$48,451",2.6
DLLS,17,I,04,07,I,0119,3,GS-07,D,XXXX,8,10,F,1,200309,1,"$42,721",33.4
DLLS,29,I,13,12,G,0110,1,GS-12,F,XXXX,8,10,F,1,200309,1,"$64,208",22.6
DLLS,06,H,13,14,I,0110,1,GM-14,K,XXXX,2,10,F,1,200309,1,"$113,934",32.3
DLLS,29,G,15,06,E,0119,3,GS-06,C,XXXX,8,15,P,2,200309,1,"$37,454",14.5
DLLS,29,I,13,12,E,0110,1,GS-12,F,XXXX,8,10,F,1,200309,1,"$62,472",13.3
DLLS,29,H,13,12,D,0110,1,GS-12,E,XXXX,8,10,P,2,200309,1,"$58,686",9.3
DLLS,29,G,17,07,A,0110,1,GS-07,C,XXXX,8,15,F,1,200309,1,"$32,016",0.7
DLLS,11,B,13,07,A,0110,1,GS-07,C,XXXX,8,15,F,1,200309,1,"$32,736",0.2
DLLS,11,D,17,11,C,0110,1,GS-11,D,XXXX,8,15,F,1,200309,1,"$48,451",3.4
DLLS,29,I,13,07,G,0119,3,GS-07,D,XXXX,8,30,P,2,200309,1,"$41,520",23.1
DLLS,29,K,13,07,F,0119,3,GS-07,C,XXXX,8,10,P,2,200309,1,"$37,261",19.2
DLLS,29,J,13,07,H,0119,3,GS-07,D,XXXX,8,10,P,2,200309,1,"$41,622",28.9
DLLS,29,H,17,07,E,0119,3,GS-07,C,XXXX,8,10,P,2,200309,1,"$36,197",10.6
DLLS,29,F,13,12,E,0110,1,GS-12,F,XXXX,8,10,F,1,200309,1,"$64,365",12.1
DLLS,11,E,17,12,B,0110,1,GS-12,E,XXXX,8,15,F,1,200309,1,"$58,070",2.7
DLLS,11,J,22,14,I,0110,1,GS-14,J,XXXX,8,10,F,1,200309,1,"$106,086",34.5
DLLS,42,H,13,06,C,0119,3,GS-06,C,XXXX,8,10,P,2,200309,1,"$30,627",3.3
DLLS,53,D,13,12,D,0110,1,GS-12,F,XXXX,8,10,F,1,200309,1,"$64,087",8.6
DLLS,46,I,13,06,C,0119,3,GS-06,B,XXXX,8,10,P,2,200309,1,"$29,598",3.3
DLLS,49,K,07,07,F,0119,3,GS-07,C,XXXX,8,10,P,2,200309,1,"$38,197",19.3
DLLS,31,I,04,06,C,0119,3,GS-06,C,XXXX,8,15,P,2,200309,1,"$31,508",4.5
DLLS,11,E,17,13,D,0110,1,GS-13,G,XXXX,8,10,F,1,200309,1,"$71,357",6.5
DLLS,08,D,17,12,D,0110,1,GS-12,F,XXXX,8,10,F,1,200309,1,"$65,028",6.1
DLLS,11,D,17,12,C,0110,1,GS-12,F,XXXX,8,10,F,1,200309,1,"$60,006",4.3
DLLS,01,G,04,06,D,0119,3,GS-06,C,XXXX,8,15,P,2,200309,1,"$30,553",9.5
DLLS,29,F,17,13,F,0110,1,GS-13,G,XXXX,2,10,F,1,200309,1,"$78,793",18.0
DLLS,31,E,14,12,E,0110,1,GS-12,F,XXXX,8,10,F,1,200309,1,"$63,992",11.2
DLLS,29,C,13,12,D,0110,1,GS-12,F,XXXX,8,10,F,1,200309,1,"$60,579",6.0
DLLS,11,B,13,11,B,0110,1,GS-11,D,XXXX,8,15,F,1,200309,1,"$48,451",2.9
DLLS,41,J,13,07,C,0119,3,GS-07,C,XXXX,8,10,P,2,200309,1,"$32,803",3.8
DLLS,29,I,18,13,F,0110,1,GS-13,G,XXXX,2,10,F,1,200309,1,"$72,038",17.3
DLLS,11,H,11,13,I,0110,1,GM-13,H,XXXX,2,10,F,1,200309,1,"$85,169",34.0
DLLS,29,D,13,12,F,0110,1,GS-12,F,XXXX,8,10,F,1,200309,1,"$60,579",16.3
DLLS,08,D,17,12,D,0110,1,GS-12,F,XXXX,8,10,F,1,200309,1,"$63,057",5.1
DLLS,48,I,17,15,I,0110,1,GM-15,L,XXXX,2,10,F,1,200309,1,"$124,075",34.4
DLLS,11,H,18,14,I,0110,1,GS-14,I,XXXX,2,10,F,1,200309,1,"$97,925",31.3
DLLS,29,H,13,09,I,0110,1,GS-09,D,XXXX,8,10,F,1,200309,1,"$41,774",33.3
DLLS,13,H,10,07,H,0119,3,GS-07,C,XXXX,8,10,P,2,200309,1,"$39,699",28.3
DLLS,11,E,17,14,E,0110,1,GS-14,H,XXXX,2,10,F,1,200309,1,"$89,764",12.6
DLLS,11,D,13,12,C,0110,1,GS-12,F,XXXX,8,10,F,1,200309,1,"$60,006",4.1
DLLS,29,B,13,07,A,0110,1,GS-07,C,XXXX,8,15,F,1,200309,1,"$32,016",0.7
DLLS,20,J,04,07,D,0119,3,GS-07,C,XXXX,8,10,P,2,200309,1,"$35,014",9.5
DLLS,11,G,13,15,H,0110,1,GS-15,J,XXXX,2,10,F,1,200309,1,"$105,586",28.8
DLLS,20,G,13,07,D,0119,3,GS-07,C,XXXX,8,10,P,2,200309,1,"$35,014",6.6
DLLS,29,F,14,12,E,0110,1,GS-12,F,XXXX,8,10,F,1,200309,1,"$64,365",11.0
DLLS,48,D,13,12,C,0110,1,GS-12,E,XXXX,8,15,F,1,200309,1,"$57,740",4.4
DLLS,13,E,13,12,E,0110,1,GS-12,F,XXXX,8,10,F,1,200309,1,"$62,807",12.3
DLLS,25,C,13,09,B,0110,1,GS-09,D,XXXX,8,15,F,1,200309,1,"$40,847",1.8
DLLS,11,H,17,12,E,0110,1,GS-12,F,XXXX,8,10,F,1,200309,1,"$65,813",10.5
DLLS,11,I,17,13,E,0110,1,GS-13,H,XXXX,8,10,F,1,200309,1,"$82,867",14.7
DLLS,02,H,17,07,D,0119,3,GS-07,C,XXXX,8,10,P,2,200309,1,"$31,941",8.1
DLLS,11,C,14,12,C,0110,1,GS-12,E,XXXX,8,10,F,1,200309,1,"$58,070",3.1
DLLS,11,I,21,13,I,0110,1,GS-13,H,XXXX,8,10,F,1,200309,1,"$89,774",31.0
DLLS,53,G,13,07,D,0119,3,GS-07,C,XXXX,8,10,P,2,200309,1,"$33,953",5.7
DLLS,16,G,13,07,D,0119,3,GS-07,C,XXXX,8,10,P,2,200309,1,"$35,014",6.6
DLLS,11,F,17,14,D,0110,1,GS-14,H,XXXX,8,10,F,1,200309,1,"$87,043",8.4
DLLS,11,H,17,13,D,0110,1,GS-13,G,XXXX,8,10,F,1,200309,1,"$75,961",9.8
DLLS,11,C,13,11,C,0110,1,GS-11,D,XXXX,8,15,F,1,200309,1,"$48,451",4.8
DLLS,08,I,17,07,G,0119,3,GS-07,D,XXXX,8,10,P,2,200309,1,"$42,214",20.9
DLLS,11,C,13,12,C,0110,1,GS-12,E,XXXX,8,10,F,1,200309,1,"$58,070",3.8
DLLS,11,D,17,13,C,0110,1,GS-13,F,XXXX,8,10,F,1,200309,1,"$69,054",4.0
DLLS,08,D,13,12,E,0110,1,GS-12,F,XXXX,8,10,F,1,200309,1,"$66,998",12.3
DLLS,42,C,13,12,C,0110,1,GS-12,F,XXXX,8,10,F,1,200309,1,"$60,373",4.8
DLLS,08,J,13,07,E,0119,3,GS-07,C,XXXX,8,10,P,2,200309,1,"$37,770",10.1
DLLS,11,G,17,12,F,0110,1,GS-12,F,XXXX,8,10,F,1,200309,1,"$69,685",15.8
DLLS,08,I,10,05,D,0119,3,GS-05,B,XXXX,8,15,P,2,200309,1,"$27,801",5.2
DLLS,48,I,14,12,H,0110,1,GS-12,G,XXXX,8,10,F,1,200309,1,"$74,500",29.4
DLLS,41,H,13,07,D,0119,3,GS-07,C,XXXX,8,10,P,2,200309,1,"$35,014",6.4
DLLS,11,B,13,09,B,0110,1,GS-09,D,XXXX,8,15,F,1,200309,1,"$40,044",1.7
DLLS,11,G,21,,E,0110,1,SL-00,L,XXXX,5,20,F,2,200309,1,"$124,783",12.0
DLLS,13,C,13,13,D,0110,1,GS-13,F,XXXX,8,10,F,1,200309,1,"$67,897",5.0
DLLS,11,C,13,12,C,0110,1,GS-12,E,XXXX,8,10,F,1,200309,1,"$58,070",3.9
DLLS,11,D,13,12,D,0110,1,GS-12,F,XXXX,8,10,F,1,200309,1,"$63,877",6.1
DLLS,49,I,07,07,D,0119,3,GS-07,C,XXXX,8,10,P,2,200309,1,"$36,075",8.4
DLLS,11,I,21,15,I,0110,1,GS-15,L,XXXX,2,10,F,1,200309,1,"$121,583",30.0
DLLS,06,C,13,12,C,0110,1,GS-12,F,XXXX,8,10,F,1,200309,1,"$62,366",3.1
DLLS,39,C,13,11,C,0110,1,GS-11,E,XXXX,8,10,F,1,200309,1,"$50,378",3.9
DLLS,11,E,17,13,E,0110,1,GS-13,G,XXXX,8,10,F,1,200309,1,"$75,961",10.0
DLLS,15,I,17,07,E,0119,3,GS-07,C,XXXX,8,10,P,2,200309,1,"$37,749",14.7
DLLS,06,G,17,12,F,0110,1,GS-12,H,XXXX,8,10,F,1,200309,1,"$81,076",19.8
DLLS,06,F,13,13,F,0110,1,GS-13,H,XXXX,4,10,F,1,200309,1,"$88,997",16.7
DLLS,11,C,13,12,C,0110,1,GS-12,E,XXXX,8,10,F,1,200309,1,"$58,070",3.3
DLLS,11,B,13,09,B,0110,1,GS-09,D,XXXX,8,15,F,1,200309,1,"$40,044",1.9
DLLS,15,H,13,06,C,0119,3,GS-06,B,XXXX,8,10,P,2,200309,1,"$27,001",3.3
DLLS,11,D,17,13,D,0110,1,GS-13,G,XXXX,2,10,F,1,200309,1,"$71,357",6.3
DLLS,53,J,13,07,D,0119,3,GS-07,C,XXXX,8,10,P,2,200309,1,"$36,128",6.1
DLLS,53,G,13,07,G,0119,3,GS-07,D,XXXX,8,10,P,2,200309,1,"$40,508",21.9
DLLS,06,D,13,12,D,0110,1,GS-12,F,XXXX,8,10,F,1,200309,1,"$64,445",9.3
DLLS,11,E,17,12,D,0110,1,GS-12,F,XXXX,8,10,F,1,200309,1,"$63,877",5.4
DLLS,11,C,13,12,C,0110,1,GS-12,F,XXXX,8,10,F,1,200309,1,"$60,006",4.3
DLLS,53,F,13,07,D,0119,3,GS-07,C,XXXX,8,10,P,2,200309,1,"$35,034",5.8
DLLS,53,D,13,07,D,0119,3,GS-07,C,XXXX,8,15,P,2,200309,1,"$33,939",5.4
DLLS,11,B,13,09,B,0110,1,GS-09,D,XXXX,8,15,F,1,200309,1,"$40,044",1.2
DLLS,04,J,13,12,J,0110,1,GS-12,G,XXXX,8,10,F,1,200309,1,"$73,403",39.9
DLLS,13,C,13,12,C,0110,1,GS-12,E,XXXX,8,10,F,1,200309,1,"$57,097",3.9
DLLS,17,B,13,09,B,0110,1,GS-09,D,XXXX,8,15,F,1,200309,1,"$41,255",1.3
DLLS,41,K,09,07,H,0119,3,GS-07,D,XXXX,8,10,P,2,200309,1,"$42,645",26.8
DLLS,53,I,14,07,D,0119,3,GS-07,C,XXXX,8,10,P,2,200309,1,"$37,223",8.9
DLLS,11,B,13,07,A,0110,1,GS-07,C,XXXX,8,15,F,1,200309,1,"$32,736",0.1
DLLS,53,E,13,12,D,0110,1,GS-12,F,XXXX,8,10,F,1,200309,1,"$62,145",7.7
DLLS,53,G,13,07,F,0119,3,GS-07,C,XXXX,8,10,P,2,200309,1,"$35,014",17.7
DLLS,25,D,13,12,D,0110,1,GS-12,F,XXXX,8,10,F,1,200309,1,"$65,158",5.4
DLLS,11,G,13,07,A,0110,1,GS-07,C,XXXX,8,15,F,1,200309,1,"$32,736",0.3
DLLS,41,G,13,12,G,0110,1,GS-12,G,XXXX,8,10,F,1,200309,1,"$75,646",22.9
DLLS,11,H,17,13,E,0110,1,GS-13,G,XXXX,8,10,F,1,200309,1,"$75,961",11.6
DLLS,42,E,13,12,D,0110,1,GS-12,F,XXXX,8,10,F,1,200309,1,"$60,373",6.6
DLLS,51,F,10,05,F,0119,3,GS-05,B,XXXX,8,10,P,2,200309,1,"$28,266",15.3
DLLS,41,H,12,13,H,0110,1,GS-13,H,XXXX,8,10,F,1,200309,1,"$80,729",25.3
DLLS,06,H,09,12,I,0110,1,GS-12,G,XXXX,8,10,F,1,200309,1,"$74,840",31.0
DLLS,06,G,17,12,F,0110,1,GS-12,H,XXXX,8,10,F,1,200309,1,"$81,076",17.8
DLLS,06,E,13,12,E,0110,1,GS-12,G,XXXX,8,10,F,1,200309,1,"$74,840",11.5
DLLS,11,I,14,12,J,0110,1,GS-12,G,XXXX,8,10,F,1,200309,1,"$73,556",35.2
DLLS,06,C,13,12,C,0110,1,GS-12,F,XXXX,8,10,F,1,200309,1,"$60,630",3.8
DLLS,06,H,13,07,D,0119,3,GS-07,C,XXXX,8,10,P,2,200309,1,"$37,598",7.0
DLLS,53,E,13,12,E,0110,1,GS-12,F,XXXX,8,10,F,1,200309,1,"$67,971",12.4
DLLS,06,B,13,07,A,0110,1,GS-07,C,XXXX,8,15,F,1,200309,1,"$35,158",0.3
DLLS,06,B,13,07,A,0110,1,GS-07,C,XXXX,8,15,F,1,200309,1,"$35,158",0.2
DLLS,11,E,21,13,B,0110,1,GS-13,G,XXXX,8,15,F,1,200309,1,"$78,263",1.8
DLLS,11,I,21,13,E,0110,1,GS-13,H,XXXX,8,10,F,1,200309,1,"$82,867",11.5
DLLS,06,F,13,12,E,0110,1,GS-12,G,XXXX,8,10,F,1,200309,1,"$72,761",13.4
DLLS,06,G,13,07,D,0119,3,GS-07,C,XXXX,8,10,P,2,200309,1,"$35,014",6.7
DLLS,06,K,13,07,H,0119,3,GS-07,D,XXXX,8,10,P,2,200309,1,"$40,852",25.0
DLLS,06,F,13,12,F,0110,1,GS-12,H,XXXX,8,10,F,1,200309,1,"$81,076",15.2
DLLS,48,H,13,12,D,0110,1,GS-12,F,XXXX,8,10,F,1,200309,1,"$61,590",5.6
DLLS,06,I,13,07,G,0119,3,GS-07,D,XXXX,8,10,P,2,200309,1,"$45,706",24.6
DLLS,11,B,13,07,A,0110,1,GS-07,C,XXXX,8,15,F,1,200309,1,"$32,736",0.3
DLLS,11,E,13,13,E,0110,1,GS-13,G,XXXX,8,10,F,1,200309,1,"$75,961",14.2
DLLS,11,H,21,15,E,0110,1,GS-15,J,XXXX,2,10,F,1,200309,1,"$108,785",14.0
DLLS,48,F,13,12,D,0110,1,GS-12,F,XXXX,8,10,F,1,200309,1,"$61,590",6.1
DLLS,13,B,13,11,B,0110,1,GS-11,D,XXXX,8,15,F,1,200309,1,"$47,639",2.0
DLLS,11,I,21,,H,0110,1,ES-04,N,XXXX,2,50,F,1,200309,1,"$142,500",25.6
DLLS,11,D,13,11,B,0110,1,GS-11,D,XXXX,8,15,F,1,200309,1,"$48,451",2.2
DLLS,25,D,13,09,C,0110,1,GS-09,D,XXXX,8,15,F,1,200309,1,"$40,847",3.8
DLLS,48,G,17,12,E,0110,1,GS-12,F,XXXX,2,10,F,1,200309,1,"$63,515",14.2
DLLS,06,G,13,12,G,0110,1,GS-12,G,XXXX,8,10,F,1,200309,1,"$74,840",23.8
DLLS,06,C,13,12,D,0110,1,GS-12,F,XXXX,8,10,F,1,200309,1,"$68,603",6.2
DLLS,06,G,04,07,G,0119,3,GS-07,D,XXXX,8,10,P,2,200309,1,"$45,706",23.5
DLLS,11,F,17,12,D,0110,1,GS-12,F,XXXX,8,10,F,1,200309,1,"$61,942",5.3
DLLS,11,G,17,12,G,0110,1,GS-12,F,XXXX,8,10,F,1,200309,1,"$61,942",20.3
DLLS,41,I,14,07,D,0119,3,GS-07,C,XXXX,8,10,P,2,200309,1,"$37,177",9.1
DLLS,11,H,14,12,H,0110,1,GS-12,G,XXXX,8,10,F,1,200309,1,"$75,492",29.3
DLLS,06,H,13,12,E,0110,1,GS-12,G,XXXX,8,10,F,1,200309,1,"$74,840",13.6
DLLS,11,C,12,11,B,0110,1,GS-11,D,XXXX,8,15,F,1,200309,1,"$48,451",2.2
DLLS,11,C,13,12,C,0110,1,GS-12,E,XXXX,8,10,F,1,200309,1,"$58,070",3.6
DLLS,11,F,13,12,F,0110,1,GS-12,E,XXXX,8,10,F,1,200309,1,"$58,070",15.6
DLLS,06,G,13,14,G,0110,1,GS-14,I,XXXX,2,10,F,1,200309,1,"$99,326",23.8
DLLS,11,F,13,11,G,0110,1,GS-11,D,XXXX,8,15,F,1,200309,1,"$48,451",23.9
DLLS,41,J,13,06,C,0119,3,GS-06,B,XXXX,8,15,P,2,200309,1,"$29,519",3.0
DLLS,06,F,13,07,D,0119,3,GS-07,C,XXXX,8,10,P,2,200309,1,"$35,014",9.1
DLLS,11,D,17,13,D,0110,1,GS-13,G,XXXX,8,10,F,1,200309,1,"$73,659",6.2
DLLS,06,K,09,07,E,0119,3,GS-07,C,XXXX,8,10,P,2,200309,1,"$38,737",10.8
DLLS,11,B,13,09,B,0110,1,GS-09,D,XXXX,8,15,F,1,200309,1,"$40,044",1.8
DLLS,11,I,14,13,I,0110,1,GM-13,H,XXXX,2,10,F,1,200309,1,"$89,774",31.8
DLLS,06,D,13,12,D,0110,1,GS-12,F,XXXX,8,10,F,1,200309,1,"$66,524",5.5
DLLS,48,H,13,13,H,0110,1,GS-13,H,XXXX,2,10,F,1,200309,1,"$82,397",28.6
DLLS,06,J,13,07,E,0119,3,GS-07,C,XXXX,8,10,P,2,200309,1,"$37,539",11.3
DLLS,36,C,13,09,D,0110,1,GS-09,D,XXXX,8,15,F,1,200309,1,"$41,497",5.6
DLLS,06,F,13,07,D,0119,3,GS-07,C,XXXX,8,10,P,2,200309,1,"$38,674",7.4
DLLS,11,I,21,15,G,0110,1,GS-15,L,XXXX,8,10,F,1,200309,1,"$124,783",22.3
DLLS,06,D,13,12,D,0110,1,GS-12,F,XXXX,2,10,F,1,200309,1,"$66,524",7.3
DLLS,11,H,13,14,H,0110,1,GM-14,J,XXXX,2,10,F,1,200309,1,"$102,316",29.9
DLLS,12,D,17,12,D,0110,1,GS-12,F,XXXX,8,10,F,1,200309,1,"$62,110",6.0
DLLS,12,C,13,12,C,0110,1,GS-12,E,XXXX,8,10,F,1,200309,1,"$58,345",4.7
DLLS,06,F,17,12,E,0110,1,GS-12,F,XXXX,8,10,F,1,200309,1,"$66,693",12.3
DLLS,06,D,13,13,E,0110,1,GS-13,H,XXXX,2,10,F,1,200309,1,"$84,053",11.3
DLLS,42,C,13,12,C,0110,1,GS-12,E,XXXX,8,10,F,1,200309,1,"$58,426",3.0
DLLS,06,G,13,12,H,0110,1,GS-12,G,XXXX,8,10,F,1,200309,1,"$76,918",27.1
DLLS,11,C,13,12,C,0110,1,GS-12,F,XXXX,8,10,F,1,200309,1,"$60,006",3.6
DLLS,48,C,13,09,B,0110,1,GS-09,C,XXXX,8,15,F,1,200309,1,"$39,817",1.3
DLLS,06,J,13,12,D,0110,1,GS-12,F,XXXX,8,10,F,1,200309,1,"$68,603",7.1
DLLS,11,D,17,12,D,0110,1,GS-12,F,XXXX,8,10,F,1,200309,1,"$63,877",7.2
DLLS,06,H,11,07,F,0119,3,GS-07,D,XXXX,8,10,P,2,200309,1,"$45,706",19.8
DLLS,04,K,14,07,G,0119,3,GS-07,D,XXXX,8,10,P,2,200309,1,"$41,380",21.4
DLLS,11,B,13,09,B,0110,1,GS-09,D,XXXX,8,15,F,1,200309,1,"$40,044",1.9
DLLS,06,I,13,12,I,0110,1,GS-12,H,XXXX,8,10,F,1,200309,1,"$81,076",31.6
DLLS,06,H,13,13,H,0110,1,GS-13,H,XXXX,2,10,F,1,200309,1,"$84,053",25.4
DLLS,11,G,21,,E,0110,1,SL-00,L,XXXX,5,10,F,1,200309,1,"$124,783",13.0
DLLS,06,E,13,12,E,0110,1,GS-12,G,XXXX,8,10,F,1,200309,1,"$70,735",12.3
DLLS,06,C,17,11,C,0110,1,GS-11,E,XXXX,8,10,F,1,200309,1,"$52,274",3.2
DLLS,06,I,17,07,D,0119,3,GS-07,C,XXXX,8,10,P,2,200309,1,"$38,737",7.6
DLLS,06,F,13,12,F,0110,1,GS-12,G,XXXX,8,10,F,1,200309,1,"$74,840",18.1
DLLS,11,K,17,13,G,0110,1,GS-13,H,XXXX,8,10,F,1,200309,1,"$89,774",23.3
DLLS,11,B,13,09,B,0110,1,GS-09,D,XXXX,8,15,F,1,200309,1,"$40,044",1.8
DLLS,06,J,04,07,G,0119,3,GS-07,D,XXXX,8,10,P,2,200309,1,"$43,295",23.7
DLLS,06,G,13,07,D,0119,3,GS-07,C,XXXX,8,10,P,2,200309,1,"$37,598",8.7
DLLS,06,F,13,12,F,0110,1,GS-12,F,XXXX,2,10,F,1,200309,1,"$68,603",19.9
DLLS,11,F,13,14,D,0110,1,GS-14,H,XXXX,2,10,F,1,200309,1,"$81,602",6.7
DLLS,06,G,11,13,G,0110,1,GS-13,H,XXXX,2,10,F,1,200309,1,"$84,053",24.5
DLLS,25,F,13,13,D,0110,1,GS-13,G,XXXX,2,10,F,1,200309,1,"$77,484",8.6
DLLS,11,C,13,11,B,0110,1,GS-11,D,XXXX,8,15,F,1,200309,1,"$48,451",2.1
DLLS,06,I,17,06,D,0119,3,GS-06,C,XXXX,8,10,P,2,200309,1,"$33,833",5.8
DLLS,06,G,14,12,G,0110,1,GS-12,G,XXXX,8,10,F,1,200309,1,"$74,840",22.8
DLLS,06,C,17,12,D,0110,1,GS-12,F,XXXX,8,10,F,1,200309,1,"$64,672",5.0
DLLS,36,H,17,13,F,0110,1,GS-13,H,XXXX,2,10,F,1,200309,1,"$83,488",19.5
DLLS,06,E,13,14,E,0110,1,GS-14,I,XXXX,2,10,F,1,200309,1,"$90,561",13.4
DLLS,16,J,14,07,E,0119,3,GS-07,C,XXXX,8,10,P,2,200309,1,"$39,258",11.0
DLLS,06,E,13,12,E,0110,1,GS-12,F,XXXX,8,10,F,1,200309,1,"$66,693",12.3
DLLS,11,E,13,12,E,0110,1,GS-12,F,XXXX,8,10,F,1,200309,1,"$63,877",10.2
DLLS,06,K,13,06,C,0119,3,GS-06,C,XXXX,8,10,P,2,200309,1,"$32,808",4.4
DLLS,06,H,12,07,D,0119,3,GS-07,C,XXXX,8,10,P,2,200309,1,"$37,598",7.0
DLLS,04,E,13,12,E,0110,1,GS-12,F,XXXX,8,10,F,1,200309,1,"$67,756",12.4
DLLS,06,F,17,07,E,0119,3,GS-07,C,XXXX,8,10,P,2,200309,1,"$39,877",11.3
DLLS,06,F,13,05,A,0119,3,GS-05,B,XXXX,8,15,P,2,200309,1,"$28,384",0.1
DLLS,06,J,10,06,C,0119,3,GS-06,C,XXXX,8,10,P,2,200309,1,"$30,553",4.1
DLLS,06,J,10,06,B,0119,3,GS-06,C,XXXX,8,15,P,2,200309,1,"$30,758",1.9
DLLS,11,B,13,07,A,0110,1,GS-07,C,XXXX,8,15,F,1,200309,1,"$32,736",0.1
DLLS,11,F,17,13,F,0110,1,GS-13,G,XXXX,8,10,F,1,200309,1,"$75,961",17.6
DLLS,06,C,13,09,B,0110,1,GS-09,D,XXXX,8,15,F,1,200309,1,"$43,006",1.8
DLLS,11,E,21,13,C,0110,1,GS-13,G,XXXX,8,10,F,1,200309,1,"$78,263",3.2
DLLS,06,G,13,07,D,0119,3,GS-07,C,XXXX,8,10,P,2,200309,1,"$37,598",6.3
DLLS,02,J,13,06,C,0119,3,GS-06,B,XXXX,8,10,P,2,200309,1,"$27,001",3.1
DLLS,11,F,18,12,F,0110,1,GS-12,G,XXXX,8,10,F,1,200309,1,"$73,556",18.8
DLLS,11,C,13,09,B,0110,1,GS-09,D,XXXX,8,15,F,1,200309,1,"$45,383",1.8
DLLS,11,B,13,07,A,0110,1,GS-07,C,XXXX,8,15,F,1,200309,1,"$32,736",0.3
DLLS,15,H,13,07,E,0119,3,GS-07,C,XXXX,8,10,P,2,200309,1,"$33,877",10.7
DLLS,11,G,21,12,D,0110,1,GS-12,F,XXXX,8,10,F,1,200309,1,"$63,877",8.3
DLLS,53,H,13,07,D,0119,3,GS-07,C,XXXX,8,10,P,2,200309,1,"$36,128",7.3
DLLS,11,E,13,12,E,0110,1,GS-12,F,XXXX,8,10,F,1,200309,1,"$63,877",14.3
DLLS,06,E,13,13,D,0110,1,GS-13,G,XXXX,4,10,F,1,200309,1,"$76,635",6.3
DLLS,11,F,17,13,D,0110,1,GS-13,F,XXXX,2,10,F,1,200309,1,"$69,054",7.1
DLLS,11,D,04,06,E,0119,3,GS-06,C,XXXX,8,10,F,1,200309,1,"$37,315",13.9
DLLS,11,C,13,11,B,0110,1,GS-11,D,XXXX,8,15,F,1,200309,1,"$48,451",2.2
DLLS,11,E,17,12,D,0110,1,GS-12,F,XXXX,8,10,F,1,200309,1,"$61,942",5.2
DLLS,11,I,04,12,J,0110,1,GS-12,F,XXXX,8,10,F,1,200309,1,"$61,942",36.0
DLLS,11,I,04,09,J,0119,3,GS-09,E,XXXX,2,10,F,1,200309,1,"$52,058",37.8
DLLS,11,I,04,08,J,0119,3,GS-08,D,XXXX,2,10,F,1,200309,1,"$47,132",37.3
DLLS,11,I,14,12,J,0110,1,GS-12,G,XXXX,8,10,F,1,200309,1,"$71,620",37.3
DLLS,11,I,21,,H,0110,1,ES-04,N,XXXX,2,50,F,1,200309,1,"$142,500",25.1
DLLS,11,I,07,08,J,0119,3,GS-08,D,XXXX,2,10,F,1,200309,1,"$47,132",36.0
DLLS,11,H,13,13,H,0110,1,GS-13,H,XXXX,8,10,F,1,200309,1,"$89,774",29.4
DLLS,11,H,08,12,I,0110,1,GS-12,F,XXXX,8,10,F,1,200309,1,"$65,813",32.3
DLLS,11,H,04,08,I,0119,3,GS-08,D,XXXX,2,10,F,1,200309,1,"$47,132",33.5
DLLS,11,H,13,13,G,0110,1,GS-13,H,XXXX,8,10,F,1,200309,1,"$82,867",24.0
DLLS,11,H,04,08,G,0119,3,GS-08,D,XXXX,2,10,F,1,200309,1,"$44,715",24.1
DLLS,11,H,14,14,I,0110,1,GM-14,J,XXXX,2,10,F,1,200309,1,"$103,366",32.3
DLLS,11,H,13,14,I,0110,1,GS-14,I,XXXX,8,10,F,1,200309,1,"$95,204",32.5
DLLS,11,H,04,06,I,0119,3,GS-06,C,XXXX,8,10,F,1,200309,1,"$38,297",30.8
DLLS,11,H,04,07,H,0119,3,GS-07,D,XXXX,8,10,F,1,200309,1,"$42,558",28.8
DLLS,11,H,04,06,F,0119,3,GS-06,C,XXXX,8,10,F,1,200309,1,"$36,333",18.5
DLLS,11,G,17,12,F,0110,1,GS-12,E,XXXX,8,10,F,1,200309,1,"$58,070",16.6
DLLS,11,G,04,07,G,0119,3,GS-07,D,XXXX,8,10,F,1,200309,1,"$42,558",24.8
DLLS,11,G,13,12,I,0110,1,GS-12,G,XXXX,8,10,F,1,200309,1,"$71,620",30.8
DLLS,11,H,17,13,G,0110,1,GS-13,H,XXXX,8,10,F,1,200309,1,"$82,867",24.3
DLLS,11,I,13,12,F,0110,1,GS-12,G,XXXX,8,10,F,1,200309,1,"$71,620",18.8
DLLS,11,G,11,07,H,0119,3,GS-07,D,XXXX,8,10,F,1,200309,1,"$42,558",26.4
DLLS,11,F,04,06,H,0119,3,GS-06,C,XXXX,8,10,F,1,200309,1,"$38,297",26.5
DLLS,11,G,17,12,F,0110,1,GS-12,F,XXXX,8,10,F,1,200309,1,"$65,813",15.3
DLLS,11,F,13,13,G,0110,1,GM-13,H,XXXX,2,10,F,1,200309,1,"$85,169",20.1
DLLS,11,C,17,13,D,0110,1,GS-13,G,XXXX,8,10,F,1,200309,1,"$71,357",5.3
DLLS,11,E,13,12,F,0110,1,GS-12,F,XXXX,8,10,F,1,200309,1,"$63,877",17.6
DLLS,11,D,07,06,E,0119,3,GS-06,C,XXXX,8,10,F,1,200309,1,"$35,351",12.2
DLLS,11,E,13,13,F,0110,1,GS-13,H,XXXX,2,10,F,1,200309,1,"$80,565",15.3
DLLS,11,E,04,07,F,0119,3,GS-07,C,XXXX,8,10,F,1,200309,1,"$39,284",17.0
DLLS,11,E,04,12,F,0110,1,GS-12,F,XXXX,8,10,F,1,200309,1,"$60,006",17.7
DLLS,11,C,13,07,A,0110,1,GS-07,C,XXXX,8,15,F,1,200309,1,"$32,736",0.2
DLLS,11,E,09,05,E,0110,1,GS-05,C,XXXX,8,10,F,1,200309,1,"$35,755",14.6
DLLS,11,E,04,06,F,0119,3,GS-06,Z,XXXX,8,10,F,1,200309,1,,18.1
DLLS,06,K,13,07,E,0119,3,GS-07,C,XXXX,8,10,P,2,200309,1,"$38,737",14.9
DLLS,24,K,04,05,B,0119,3,GS-05,B,XXXX,8,15,P,2,200309,1,"$28,190",2.6
DLLS,11,J,07,06,G,0119,3,GS-06,Z,XXXX,8,10,F,1,200309,1,,24.5
DLLS,11,I,04,07,J,0119,3,GS-07,D,XXXX,8,10,F,1,200309,1,"$42,558",37.9
DLLS,11,I,13,13,I,0110,1,GS-13,H,XXXX,8,10,F,1,200309,1,"$87,472",33.3
DLLS,11,I,13,13,I,0110,1,GS-13,H,XXXX,8,10,F,1,200309,1,"$82,867",31.2
DLLS,11,I,04,,J,0110,1,ES-04,N,XXXX,2,50,F,1,200309,1,"$142,500",36.8
DLLS,11,I,04,06,G,0119,3,GS-06,C,XXXX,8,10,F,1,200309,1,"$36,333",20.3
DLLS,11,H,13,12,H,0110,1,GS-12,F,XXXX,8,10,F,1,200309,1,"$69,685",27.6
DLLS,11,H,07,07,I,0119,3,GS-07,D,XXXX,8,10,F,1,200309,1,"$41,467",32.3
DLLS,11,H,04,07,I,0119,3,GS-07,D,XXXX,8,10,F,1,200309,1,"$42,558",30.5
DLLS,11,H,04,08,I,0119,3,GS-08,D,XXXX,2,10,F,1,200309,1,"$47,132",32.0
DLLS,11,H,15,13,I,0110,1,GS-13,H,XXXX,8,10,P,2,200309,1,"$87,472",32.3
DLLS,11,I,17,12,F,0110,1,GS-12,F,XXXX,8,10,F,1,200309,1,"$69,685",18.8
DLLS,11,G,04,12,F,0110,1,GS-12,E,XXXX,8,10,F,1,200309,1,"$58,070",15.0
DLLS,11,H,04,12,I,0110,1,GS-12,F,XXXX,8,10,F,1,200309,1,"$65,813",32.3
DLLS,11,K,04,07,G,0119,3,GS-07,D,XXXX,8,10,F,1,200309,1,"$42,558",23.8
DLLS,11,G,04,07,G,0119,3,GS-07,C,XXXX,8,10,F,1,200309,1,"$39,284",20.5
DLLS,11,G,17,12,G,0110,1,GS-12,G,XXXX,8,10,F,1,200309,1,"$75,492",20.9
DLLS,11,D,13,12,D,0110,1,GS-12,F,XXXX,8,10,F,1,200309,1,"$63,877",9.9
DLLS,11,F,13,13,F,0110,1,GS-13,G,XXXX,8,10,F,1,200309,1,"$78,263",18.8
DLLS,11,F,13,12,F,0110,1,GS-12,F,XXXX,8,10,F,1,200309,1,"$67,749",16.3
DLLS,11,F,04,06,F,0119,3,GS-06,C,XXXX,8,10,F,1,200309,1,"$36,333",16.3
DLLS,11,E,13,14,F,0110,1,GS-14,H,XXXX,2,10,F,1,200309,1,"$89,764",16.2
DLLS,11,H,14,13,G,0110,1,GS-13,G,XXXX,8,10,F,1,200309,1,"$75,961",21.3
DLLS,11,F,04,07,G,0119,3,GS-07,D,XXXX,8,10,F,1,200309,1,"$42,558",20.2
DLLS,11,B,11,05,B,0110,1,GS-05,B,XXXX,8,15,F,1,200309,1,"$26,429",1.8
DLLS,13,D,13,11,B,0110,1,GS-11,D,XXXX,8,15,F,1,200309,1,"$47,639",2.2
DLLS,11,K,13,13,J,0110,1,GS-13,H,XXXX,8,10,F,1,200309,1,"$89,774",43.0
DLLS,11,J,17,15,J,0110,1,GS-15,K,XXXX,2,10,F,1,200309,1,"$111,985",39.2
DLLS,11,J,14,14,J,0110,1,GS-14,J,XXXX,8,10,F,1,200309,1,"$106,086",37.2
DLLS,11,J,04,07,G,0119,3,GS-07,D,XXXX,8,10,F,1,200309,1,"$42,558",23.0
DLLS,11,I,04,06,H,0119,3,GS-06,C,XXXX,8,10,F,1,200309,1,"$38,297",27.8
DLLS,11,I,04,11,H,0110,1,GS-11,E,XXXX,8,10,F,1,200309,1,"$54,913",26.3
DLLS,11,I,14,12,I,0110,1,GS-12,G,XXXX,8,10,F,1,200309,1,"$75,492",30.6
DLLS,11,I,04,07,H,0119,3,GS-07,D,XXXX,8,10,F,1,200309,1,"$41,467",26.2
DLLS,11,I,07,07,I,0119,3,GS-07,D,XXXX,8,10,F,1,200309,1,"$42,558",33.8
DLLS,11,I,13,12,J,0110,1,GS-12,G,XXXX,8,10,F,1,200309,1,"$75,492",37.0
DLLS,11,H,14,12,H,0110,1,GS-12,G,XXXX,8,10,F,1,200309,1,"$75,492",27.5
DLLS,11,H,14,14,I,0110,1,GM-14,J,XXXX,2,10,F,1,200309,1,"$103,797",31.7
DLLS,11,H,14,14,I,0110,1,GS-14,J,XXXX,2,10,F,1,200309,1,"$106,086",30.8
DLLS,11,H,04,07,H,0119,3,GS-07,D,XXXX,8,10,F,1,200309,1,"$41,467",29.9
DLLS,11,H,13,07,H,0119,3,GS-07,D,XXXX,8,10,F,1,200309,1,"$42,558",27.8
DLLS,11,H,09,14,I,0110,1,GS-14,I,XXXX,2,10,F,1,200309,1,"$92,484",31.4
DLLS,11,G,04,12,H,0110,1,GS-12,F,XXXX,8,10,F,1,200309,1,"$63,877",27.3
DLLS,11,H,13,12,H,0110,1,GS-12,F,XXXX,8,10,F,1,200309,1,"$65,813",25.3
DLLS,11,G,08,07,H,0119,3,GS-07,D,XXXX,8,10,F,1,200309,1,"$42,558",28.2
DLLS,11,G,07,12,H,0110,1,GS-12,F,XXXX,8,10,F,1,200309,1,"$65,813",25.9
DLLS,11,G,04,08,G,0119,3,GS-08,D,XXXX,2,10,F,1,200309,1,"$43,506",24.2
DLLS,11,G,04,12,H,0110,1,GS-12,E,XXXX,8,10,F,1,200309,1,"$58,070",29.2
DLLS,11,G,13,13,G,0110,1,GS-13,G,XXXX,2,10,F,1,200309,1,"$78,263",23.6
DLLS,11,F,03,06,G,0119,3,GS-06,C,XXXX,8,10,F,1,200309,1,"$37,315",23.0
DLLS,11,F,04,07,F,0119,3,GS-07,D,XXXX,8,10,F,1,200309,1,"$40,376",19.0
DLLS,11,E,04,07,F,0119,3,GS-07,C,XXXX,8,10,F,1,200309,1,"$39,284",18.1
DLLS,13,H,13,11,F,0110,1,GS-11,E,XXXX,8,10,F,1,200309,1,"$53,993",18.5
DLLS,11,E,04,06,F,0119,3,GS-06,C,XXXX,8,10,F,1,200309,1,"$36,333",16.7
DLLS,11,E,13,13,G,0110,1,GS-13,G,XXXX,8,10,F,1,200309,1,"$75,961",20.7
DLLS,26,G,13,12,D,0110,1,GS-12,E,XXXX,8,10,F,1,200309,1,"$59,888",5.0
DLLS,36,K,17,13,H,0110,1,GM-13,I,XXXX,2,10,F,1,200309,1,"$93,031",28.7
DLLS,11,F,14,12,E,0110,1,GS-12,E,XXXX,8,10,F,1,200309,1,"$58,070",12.4
DLLS,13,C,13,11,C,0110,1,GS-11,D,XXXX,8,10,F,1,200309,1,"$49,227",4.1
DLLS,11,E,17,13,D,0110,1,GS-13,G,XXXX,*,10,F,1,200309,1,"$75,961",9.3
DLLS,11,I,13,11,G,0110,1,GS-11,E,XXXX,8,10,F,1,200309,1,"$58,145",21.4
DLLS,12,H,13,07,E,0119,3,GS-07,C,XXXX,8,10,P,2,200309,1,"$38,555",11.4
DLLS,11,G,17,14,G,0110,1,GS-14,I,XXXX,2,10,F,1,200309,1,"$95,204",23.2
DLLS,36,G,04,05,A,0119,3,GS-05,B,XXXX,8,15,P,2,200309,1,"$27,387",0.1
DLLS,11,H,17,12,F,0110,1,GS-12,G,XXXX,8,10,F,1,200309,1,"$71,620",16.3
DLLS,48,H,13,12,H,0110,1,GS-12,G,XXXX,8,10,F,1,200309,1,"$75,063",28.6
DLLS,48,C,13,07,A,0110,1,GS-07,C,XXXX,8,15,F,1,200309,1,"$34,998",0.9
DLLS,36,H,13,05,A,0119,3,GS-05,B,XXXX,8,15,P,2,200309,1,"$25,697",0.4
DLLS,11,G,21,12,E,0110,1,GS-12,F,XXXX,8,10,F,1,200309,1,"$67,749",13.7
DLLS,11,E,13,13,E,0110,1,GS-13,G,XXXX,8,10,F,1,200309,1,"$75,961",13.9
DLLS,11,H,13,12,H,0110,1,GS-12,F,XXXX,8,10,F,1,200309,1,"$65,813",29.9
DLLS,12,H,17,12,D,0110,1,GS-12,F,XXXX,8,10,F,1,200309,1,"$66,438",7.1
DLLS,11,H,21,12,H,0110,1,GS-12,G,XXXX,8,10,F,1,200309,1,"$75,492",29.3
DLLS,11,D,13,11,B,0110,1,GS-11,D,XXXX,8,15,F,1,200309,1,"$48,451",2.8
DLLS,13,D,17,13,D,0110,1,GS-13,F,XXXX,2,10,F,1,200309,1,"$67,897",5.3
DLLS,11,C,13,09,B,0110,1,GS-09,D,XXXX,8,15,F,1,200309,1,"$40,044",1.0
DLLS,25,C,17,07,A,0110,1,GS-07,C,XXXX,8,15,F,1,200309,1,"$33,393",0.8
DLLS,11,B,13,11,B,0110,1,GS-11,D,XXXX,8,15,F,1,200309,1,"$48,451",2.2
DLLS,11,D,13,12,C,0110,1,GS-12,F,XXXX,8,10,F,1,200309,1,"$60,006",3.4
DLLS,11,C,13,11,B,0110,1,GS-11,D,XXXX,8,15,F,1,200309,1,"$48,451",2.2
DLLS,12,I,13,07,C,0119,3,GS-07,C,XXXX,8,10,P,2,200309,1,"$34,149",4.6
DLLS,11,C,13,12,C,0110,1,GS-12,E,XXXX,8,10,F,1,200309,1,"$58,070",3.1
DLLS,12,C,13,12,D,0110,1,GS-12,F,XXXX,8,10,F,1,200309,1,"$62,529",5.3
DLLS,11,C,17,12,B,0110,1,GS-12,E,XXXX,8,15,F,1,200309,1,"$58,070",2.7
DLLS,12,D,07,07,D,0119,3,GS-07,C,XXXX,8,10,P,2,200309,1,"$35,014",6.7
DLLS,11,C,13,13,D,0110,1,GS-13,G,XXXX,8,10,F,1,200309,1,"$71,357",6.2
DLLS,11,B,13,11,B,0110,1,GS-11,D,XXXX,8,15,F,1,200309,1,"$48,451",2.8
DLLS,11,D,13,12,D,0110,1,GS-12,F,XXXX,8,10,F,1,200309,1,"$63,877",7.0
DLLS,11,C,13,09,B,0110,1,GS-09,D,XXXX,8,15,F,1,200309,1,"$40,044",2.1
DLLS,11,C,13,12,B,0110,1,GS-12,E,XXXX,8,42,F,2,200309,1,"$58,070",1.0
DLLS,11,C,13,12,D,0110,1,GS-12,E,XXXX,8,10,F,1,200309,1,"$58,070",6.0
DLLS,42,B,13,11,B,0110,1,GS-11,D,XXXX,8,15,F,1,200309,1,"$48,748",2.1
DLLS,06,B,17,11,B,0110,1,GS-11,E,XXXX,8,15,F,1,200309,1,"$52,035",1.1
DLLS,06,C,13,12,C,0110,1,GS-12,F,XXXX,8,10,F,1,200309,1,"$60,630",3.3
DLLS,06,C,13,12,C,0110,1,GS-12,F,XXXX,8,10,F,1,200309,1,"$60,630",3.2
DLLS,11,C,13,12,C,0110,1,GS-12,E,XXXX,8,10,F,1,200309,1,"$58,070",3.4
DLLS,06,B,13,09,B,0110,1,GS-09,D,XXXX,8,15,F,1,200309,1,"$41,809",1.1
DLLS,06,G,17,11,B,0110,1,GS-11,E,XXXX,2,15,F,1,200309,1,"$50,587",2.8
DLLS,06,F,17,12,D,0110,1,GS-12,F,XXXX,8,10,F,1,200309,1,"$66,524",8.4
DLLS,11,D,13,12,D,0110,1,GS-12,F,XXXX,8,10,F,1,200309,1,"$61,942",5.3
DLMS,51,H,17,14,G,0110,1,GS-14,I,XXXX,8,10,F,1,200309,1,"$97,925",24.1
DLMS,51,F,21,13,C,0110,1,GS-13,G,XXXX,8,10,F,1,200309,1,"$75,961",3.2
DLMS,51,D,09,13,D,0110,1,GS-13,G,XXXX,8,10,F,1,200309,1,"$73,659",5.3
DLMS,51,I,17,15,D,0110,1,GS-15,L,XXXX,2,10,F,1,200309,1,"$124,783",5.3
DLMS,51,H,21,13,E,0110,1,GS-13,H,XXXX,8,10,F,1,200309,1,"$85,169",12.8
DLMS,51,G,14,13,D,0110,1,GS-13,G,XXXX,8,10,F,1,200309,1,"$75,961",5.8
DLPE,11,H,13,15,H,0110,1,GM-15,L,XXXX,2,10,F,1,200309,1,"$124,783",28.0
DLPE,11,J,21,15,I,0110,1,GS-15,L,XXXX,8,10,F,1,200309,1,"$124,783",33.2
DLPE,11,D,17,12,D,0110,1,GS-12,F,XXXX,8,10,P,2,200309,1,"$65,813",6.3
DLPE,11,J,22,,J,0110,1,ES-05,N,XXXX,2,50,F,1,200309,1,"$142,500",35.2
DLPE,11,G,17,15,G,0110,1,GS-15,L,XXXX,8,10,F,1,200309,1,"$124,783",24.2
DLPE,11,F,17,14,F,0110,1,GS-14,I,XXXX,8,10,F,1,200309,1,"$97,925",16.7
DLPE,11,H,17,15,H,0110,1,GS-15,L,XXXX,8,10,F,1,200309,1,"$124,783",27.9
DLPE,11,E,13,14,E,0110,1,GS-14,I,XXXX,8,10,F,1,200309,1,"$97,925",13.9
DLPE,11,I,17,15,I,0110,1,GS-15,L,XXXX,8,10,F,1,200309,1,"$124,783",32.4
DLPE,11,F,21,,F,0110,1,ES-01,M,XXXX,2,50,F,1,200309,1,"$131,342",19.5
DLPE,11,F,17,14,C,0110,1,GS-14,H,XXXX,8,10,F,1,200309,1,"$89,764",4.3
DLPE,11,F,17,13,F,0110,1,GS-13,H,XXXX,8,10,F,1,200309,1,"$87,472",18.8
DLPE,11,G,14,,D,0110,1,ES-01,M,XXXX,2,50,F,1,200309,1,"$131,342",9.3
DLPE,11,G,17,15,C,0110,1,GS-15,J,XXXX,8,44,F,2,200309,1,"$102,386",4.9
DLPE,11,C,13,12,D,0110,1,GS-12,F,XXXX,8,10,P,2,200309,1,"$61,942",5.3
DLPW,11,F,17,,D,0110,1,ES-01,M,XXXX,2,60,F,2,200309,1,"$131,342",6.9
DLPW,11,G,13,13,H,0110,1,GS-13,H,XXXX,8,10,F,1,200309,1,"$89,774",25.4
DLPW,11,B,11,07,B,0110,1,GS-07,C,XXXX,8,15,F,1,200309,1,"$32,736",1.8
DLPW,11,I,13,14,I,0110,1,GS-14,J,XXXX,8,10,F,1,200309,1,"$106,086",33.4
DLPW,11,H,14,13,I,0110,1,GS-13,H,XXXX,8,10,F,1,200309,1,"$87,472",32.0
DLSH,11,F,13,15,F,0110,1,GS-15,J,XXXX,7,10,F,1,200309,1,"$105,586",18.6
DLSH,11,J,21,13,F,0110,1,GS-13,H,XXXX,8,10,F,1,200309,1,"$89,774",19.7
DLSH,11,I,14,15,I,0110,1,GM-15,L,XXXX,2,10,F,1,200309,1,"$124,783",33.0
DLSH,11,I,13,13,I,0110,1,GS-13,H,XXXX,8,10,F,1,200309,1,"$89,774",33.6
DLSH,11,D,17,13,D,0110,1,GS-13,F,XXXX,8,10,F,1,200309,1,"$69,054",9.4
DLSH,11,J,17,12,G,0110,1,GS-12,F,XXXX,8,10,F,1,200309,1,"$65,813",20.0
DLSH,11,I,13,14,H,0110,1,GS-14,J,XXXX,8,10,F,1,200309,1,"$106,086",27.0
DLSH,11,F,21,14,F,0110,1,GS-14,I,XXXX,8,10,F,1,200309,1,"$97,925",16.1
DLSH,11,G,21,13,B,0110,1,GS-13,G,XXXX,8,15,F,1,200309,1,"$75,961",2.7
DLSH,11,I,19,15,E,0110,1,GS-15,K,XXXX,2,10,F,1,200309,1,"$115,184",12.3
DLSH,11,E,21,13,E,0110,1,GS-13,H,XXXX,8,10,F,1,200309,1,"$89,774",10.0
DLSH,11,F,13,13,F,0110,1,GS-13,H,XXXX,8,10,F,1,200309,1,"$89,774",17.0
DLSH,11,K,18,13,C,0110,1,GS-13,G,XXXX,8,10,F,1,200309,1,"$75,961",4.7
DLSH,11,E,17,14,F,0110,1,GS-14,I,XXXX,2,10,F,1,200309,1,"$97,925",15.1
DLWB,11,G,13,13,G,0110,1,GS-13,H,XXXX,8,10,F,1,200309,1,"$89,774",23.6
DLWB,11,H,17,13,E,0110,1,GS-13,H,XXXX,8,10,F,1,200309,1,"$89,774",13.3
DLWB,11,H,17,13,G,0110,1,GS-13,H,XXXX,8,10,F,1,200309,1,"$89,774",23.1
DN00,53,H,18,14,H,0110,1,GS-14,I,XXXX,5,10,F,1,200309,1,"$98,125",25.6
DN00,41,G,18,13,E,0110,1,GS-13,G,XXXX,8,10,F,1,200309,1,"$76,116",14.9
DN00,11,G,21,15,B,0110,1,GS-15,L,XXXX,8,15,F,1,200309,1,"$124,783",1.6
DN00,11,C,14,12,B,0110,1,GS-12,E,XXXX,8,15,F,1,200309,1,"$58,070",2.8
DN00,11,G,21,15,E,0110,1,GS-15,K,XXXX,8,10,F,1,200309,1,"$118,384",12.1
DN00,11,D,13,12,B,0110,1,GS-12,F,XXXX,8,15,F,1,200309,1,"$60,006",2.7
DN00,11,I,21,15,F,0110,1,GS-15,K,XXXX,8,10,F,1,200309,1,"$118,384",16.1
DN00,11,E,21,15,A,0110,1,GS-15,L,XXXX,8,15,F,1,200309,1,"$124,783",0.9
DN00,11,I,18,14,H,0110,1,GS-14,J,XXXX,8,99,F,1,200309,1,"$106,086",28.3
DN00,11,B,13,09,B,0110,1,GS-09,D,XXXX,8,15,F,1,200309,1,"$40,044",1.2
DN00,24,H,17,15,H,0110,1,GS-15,K,XXXX,8,10,F,1,200309,1,"$115,184",28.1
DN00,11,F,21,15,C,0110,1,GS-15,I,XXXX,8,10,F,1,200309,1,"$99,186",4.1
DN00,11,I,14,14,I,0110,1,GS-14,J,XXXX,8,10,F,1,200309,1,"$106,086",33.6
DN00,11,E,17,13,B,0110,1,GS-13,H,XXXX,8,15,F,1,200309,1,"$89,774",1.7
DN00,11,F,17,15,E,0110,1,GS-15,I,XXXX,4,10,F,1,200309,1,"$99,186",14.9
DN00,11,I,17,13,E,0110,1,GS-13,H,XXXX,8,10,F,1,200309,1,"$82,867",14.3
DN00,11,K,17,15,J,0110,1,GS-15,L,XXXX,5,10,F,1,200309,1,"$124,783",37.3
DN00,11,I,18,15,H,0110,1,GS-15,L,XXXX,8,10,F,1,200309,1,"$124,783",28.2
DN00,11,B,13,09,A,0110,1,GS-09,D,XXXX,8,30,F,1,200309,1,"$40,044",0.1
DN00,11,F,21,13,F,0110,1,GS-13,H,XXXX,8,10,F,1,200309,1,"$85,169",19.3
DN00,11,J,21,15,H,0110,1,GS-15,L,XXXX,8,10,F,1,200309,1,"$124,783",29.3
DN00,11,B,13,09,B,0110,1,GS-09,D,XXXX,8,15,F,1,200309,1,"$40,044",1.3
DN00,11,J,21,15,I,0110,1,GS-15,L,XXXX,8,10,F,1,200309,1,"$124,783",30.3
DN00,11,H,17,15,B,0110,1,GS-15,L,XXXX,4,15,F,1,200309,1,"$124,783",1.3
DN00,11,H,17,15,H,0110,1,GS-15,K,XXXX,4,10,F,1,200309,1,"$115,184",26.0
DN00,11,H,18,15,H,0110,1,GS-15,L,XXXX,8,10,F,1,200309,1,"$124,783",25.0
DN00,41,G,17,14,G,0110,1,GS-14,J,XXXX,5,10,F,1,200309,1,"$106,303",23.4
DN00,11,D,21,12,B,0110,1,GS-12,F,XXXX,8,15,F,1,200309,1,"$60,006",2.3
DN00,11,K,17,14,J,0110,1,GS-14,J,XXXX,8,10,F,1,200309,1,"$106,086",39.3
DN00,11,F,17,13,E,0110,1,GS-13,H,XXXX,8,10,F,1,200309,1,"$89,774",14.9
DN00,11,H,17,13,D,0110,1,GS-13,H,XXXX,8,15,F,1,200309,1,"$89,774",8.2
DN00,11,I,19,13,F,0110,1,GS-13,H,XXXX,8,10,F,1,200309,1,"$87,472",15.9
DN00,11,K,04,15,I,0110,1,GS-15,L,XXXX,8,10,F,1,200309,1,"$124,783",34.2
DN00,11,H,13,14,I,0110,1,GS-14,J,XXXX,8,10,F,1,200309,1,"$103,366",32.4
DN00,11,I,21,14,I,0110,1,GS-14,J,XXXX,5,10,F,1,200309,1,"$100,645",30.2
DN00,11,D,17,13,B,0110,1,GS-13,F,XXXX,8,15,F,1,200309,1,"$69,054",2.4
DN00,11,E,17,13,E,0110,1,GS-13,G,XXXX,8,10,F,1,200309,1,"$78,263",11.5
DN00,11,G,18,15,E,0110,1,GS-15,L,XXXX,8,10,F,1,200309,1,"$121,583",13.9
DN00,11,D,13,12,B,0110,1,GS-12,F,XXXX,8,15,F,1,200309,1,"$63,877",2.2
DN00,11,F,13,15,A,0110,1,GS-15,L,XXXX,4,15,F,1,200309,1,"$124,783",0.4
DN00,11,J,21,15,H,0110,1,GM-15,L,XXXX,5,10,F,1,200309,1,"$124,783",27.5
DN00,24,I,17,,H,0110,1,EJ-04,K,XXXX,7,48,F,2,200309,1,"$115,310",29.1
DN00,11,I,21,15,H,0110,1,GM-15,L,XXXX,5,10,F,1,200309,1,"$121,583",27.0
DN00,11,E,18,15,D,0110,1,GS-15,J,XXXX,8,15,F,1,200309,1,"$108,785",5.0
DN00,11,D,17,13,C,0110,1,GS-13,F,XXXX,8,15,F,1,200309,1,"$69,054",3.2
DN00,11,F,17,13,F,0110,1,GS-13,H,XXXX,8,10,F,1,200309,1,"$82,867",15.6
DN00,11,K,21,15,H,0110,1,GS-15,K,XXXX,2,10,F,1,200309,1,"$118,384",29.1
DN00,11,D,17,09,B,0110,1,GS-09,D,XXXX,8,15,F,1,200309,1,"$45,383",1.5
DN00,11,G,13,13,H,0110,1,GS-13,H,XXXX,8,10,F,1,200309,1,"$82,867",26.2
DN00,11,F,13,12,C,0110,1,GS-12,F,XXXX,8,15,F,1,200309,1,"$63,877",3.2
DN00,11,I,17,,I,0110,1,ES-04,N,XXXX,2,50,F,1,200309,1,"$142,500",33.0
DN00,11,G,17,14,F,0110,1,GS-14,J,XXXX,8,10,F,1,200309,1,"$106,086",15.8
DN00,11,G,13,13,G,0110,1,GS-13,H,XXXX,8,10,F,1,200309,1,"$87,472",23.7
DN00,11,H,13,14,H,0110,1,GS-14,J,XXXX,8,10,F,1,200309,1,"$106,086",29.4
DN00,11,E,13,11,B,0110,1,GS-11,D,XXXX,8,15,F,1,200309,1,"$48,451",2.5
DN00,11,I,21,,H,0110,1,ES-06,N,XXXX,2,50,F,1,200309,1,"$142,500",25.3
DN00,11,G,13,14,G,0110,1,GS-14,J,XXXX,8,10,F,1,200309,1,"$103,366",23.0
DN00,11,G,13,15,G,0110,1,GS-15,L,XXXX,4,10,F,1,200309,1,"$121,583",24.3
DN00,11,H,17,15,H,0110,1,GS-15,L,XXXX,8,10,F,1,200309,1,"$124,783",27.8
DN00,11,B,13,09,B,0110,1,GS-09,D,XXXX,8,15,F,1,200309,1,"$40,044",1.2
DN00,11,G,17,13,B,0110,1,GS-13,H,XXXX,8,15,F,1,200309,1,"$87,472",1.6
DN00,11,G,17,15,B,0110,1,GS-15,L,XXXX,2,15,F,1,200309,1,"$124,783",1.2
DN00,11,I,17,13,I,0110,1,GS-13,H,XXXX,8,10,F,1,200309,1,"$89,774",31.4
DN00,11,G,13,13,H,0110,1,GS-13,H,XXXX,8,10,P,2,200309,1,"$89,774",26.4
DN00,11,D,21,15,B,0110,1,GS-15,J,XXXX,8,15,F,1,200309,1,"$105,586",1.9
DN00,11,I,17,14,D,0110,1,GS-14,I,XXXX,8,10,F,1,200309,1,"$92,484",9.4
DN00,11,F,21,13,B,0110,1,GS-13,G,XXXX,8,15,F,1,200309,1,"$71,357",2.8
DN00,54,D,17,13,A,0110,1,GS-13,F,XXXX,8,20,F,2,200309,1,"$67,143",0.1
DN00,11,F,17,13,F,0110,1,GS-13,G,XXXX,8,10,F,1,200309,1,"$78,263",17.7
DN00,11,H,13,14,H,0110,1,GS-14,J,XXXX,8,10,F,1,200309,1,"$106,086",29.6
DN00,11,I,12,15,I,0110,1,GS-15,K,XXXX,8,10,F,1,200309,1,"$118,384",33.0
DN00,11,B,13,09,B,0110,1,GS-09,D,XXXX,8,15,F,1,200309,1,"$40,044",1.1
DN00,11,J,17,15,I,0110,1,GS-15,L,XXXX,5,10,F,1,200309,1,"$124,783",34.3
DN00,11,I,13,15,I,0110,1,GS-15,L,XXXX,8,10,F,1,200309,1,"$121,583",32.7
DN00,11,H,21,13,B,0110,1,GS-13,G,XXXX,8,15,F,1,200309,1,"$73,659",2.5
DN00,11,F,17,15,F,0110,1,GS-15,K,XXXX,8,10,P,2,200309,1,"$115,184",15.1
DN00,11,I,17,,I,0110,1,ES-05,N,XXXX,2,50,F,1,200309,1,"$142,500",34.5
DN00,53,H,14,13,D,0110,1,GS-13,G,XXXX,8,10,F,1,200309,1,"$73,809",9.5
DN00,11,I,17,15,I,0110,1,GS-15,L,XXXX,8,10,F,1,200309,1,"$124,783",33.3
DN00,11,H,21,14,H,0110,1,GS-14,I,XXXX,8,10,F,1,200309,1,"$95,204",25.7
DN00,11,H,17,13,H,0110,1,GS-13,H,XXXX,8,10,F,1,200309,1,"$89,774",27.0
DN00,54,E,21,13,D,0110,1,GS-13,G,XXXX,8,10,F,1,200309,1,"$78,336",8.6
DN00,11,H,17,14,F,0110,1,GS-14,J,XXXX,8,10,P,2,200309,1,"$106,086",19.0
DN00,11,G,17,14,F,0110,1,GS-14,I,XXXX,6,15,F,1,200309,1,"$92,484",19.2
DN00,11,G,22,14,F,0110,1,GS-14,J,XXXX,8,10,F,1,200309,1,"$100,645",16.2
DN00,11,J,21,15,I,0110,1,GS-15,K,XXXX,8,10,F,1,200309,1,"$115,184",32.3
DN00,11,J,21,,H,0110,1,ES-04,N,XXXX,2,50,F,1,200309,1,"$142,500",28.1
DN00,11,H,17,15,G,0110,1,GM-15,K,XXXX,2,10,F,1,200309,1,"$115,184",20.6
DN00,11,I,17,14,I,0110,1,GS-14,J,XXXX,8,10,F,1,200309,1,"$106,086",30.5
DN00,11,I,17,14,E,0110,1,GS-14,H,XXXX,8,10,F,1,200309,1,"$84,323",10.8
DN00,53,G,17,14,G,0110,1,GS-14,I,XXXX,5,10,F,1,200309,1,"$92,673",24.0
DN00,11,I,17,14,H,0110,1,GS-14,J,XXXX,8,10,F,1,200309,1,"$103,366",25.1
DN00,11,G,21,12,A,0110,1,GS-12,F,XXXX,8,15,F,1,200309,1,"$67,749",0.3
DN00,11,H,21,15,H,0110,1,GS-15,L,XXXX,8,10,F,1,200309,1,"$124,783",29.1
DN00,11,G,17,13,G,0110,1,GS-13,H,XXXX,8,10,F,1,200309,1,"$82,867",22.7
DN00,41,H,17,14,H,0110,1,GS-14,H,XXXX,5,10,F,1,200309,1,"$89,947",27.5
DN00,11,H,21,15,F,0110,1,GS-15,L,XXXX,8,10,F,1,200309,1,"$124,783",16.1
DN00,11,H,17,15,F,0110,1,GM-15,L,XXXX,5,10,F,1,200309,1,"$121,583",18.9
DN00,11,F,13,14,B,0110,1,GS-14,I,XXXX,8,10,F,1,200309,1,"$95,204",2.8
DN00,11,G,21,13,D,0110,1,GS-13,G,XXXX,8,10,F,1,200309,1,"$78,263",8.8
DN00,11,G,17,14,G,0110,1,GS-14,I,XXXX,8,10,F,1,200309,1,"$95,204",24.6
DN00,11,F,18,15,E,0110,1,GS-15,L,XXXX,8,10,F,1,200309,1,"$121,583",14.5
DN00,11,C,13,11,B,0110,1,GS-11,E,XXXX,8,38,F,1,200309,1,"$51,682",2.3
DN00,11,K,17,14,H,0110,1,GS-14,J,XXXX,8,10,F,1,200309,1,"$106,086",29.7
DN00,11,J,21,15,F,0110,1,GS-15,L,XXXX,5,10,F,1,200309,1,"$121,583",19.3
DN00,11,C,13,09,B,0110,1,GS-09,D,XXXX,8,15,F,1,200309,1,"$40,044",2.4
DN00,11,F,21,15,E,0110,1,GS-15,J,XXXX,8,15,F,1,200309,1,"$105,586",10.6
DN00,11,B,10,04,A,0119,3,GS-04,B,XXXX,8,42,P,2,200309,1,"$23,621",0.3
DN00,11,K,17,15,H,0110,1,GS-15,L,XXXX,5,10,F,1,200309,1,"$124,783",28.0
DN00,11,B,13,07,A,0119,3,GS-07,C,XXXX,8,15,F,1,200309,1,"$34,919",0.6
DN00,11,E,21,15,A,0110,1,GS-15,I,XXXX,8,15,F,1,200309,1,"$95,987",0.6
DN00,41,H,17,13,G,0110,1,GS-13,H,XXXX,8,10,F,1,200309,1,"$83,036",22.2
DN00,11,C,17,11,B,0110,1,GS-11,D,XXXX,8,30,F,1,200309,1,"$48,451",1.3
DN00,11,I,21,,I,0110,1,ST-00,N,XXXX,8,10,F,1,200309,1,"$142,500",30.9
DN00,11,G,17,15,E,0110,1,GS-15,J,XXXX,8,10,F,1,200309,1,"$108,785",11.7
DN00,11,E,21,15,A,0110,1,GS-15,L,XXXX,8,15,F,1,200309,1,"$124,783",0.8
DN00,11,C,13,12,B,0110,1,GS-12,F,XXXX,8,15,P,2,200309,1,"$60,006",2.9
DN00,53,I,18,14,H,0110,1,GS-14,I,XXXX,5,10,F,1,200309,1,"$92,673",25.8
DN00,11,I,17,14,J,0110,1,GS-14,J,XXXX,8,10,F,1,200309,1,"$106,086",35.3
DN00,11,H,17,14,H,0110,1,GS-14,I,XXXX,8,10,F,1,200309,1,"$97,925",28.2
DN00,11,E,13,13,G,0110,1,GS-13,H,XXXX,8,10,P,2,200309,1,"$85,169",21.6
DN00,11,K,21,15,G,0110,1,GS-15,L,XXXX,4,10,F,1,200309,1,"$124,783",24.3
DN00,11,I,21,15,I,0110,1,GS-15,L,XXXX,8,10,F,1,200309,1,"$124,783",30.4
DN00,41,I,18,12,G,0110,1,GS-12,G,XXXX,8,10,F,1,200309,1,"$73,706",22.3
DN00,53,G,17,13,F,0110,1,GS-13,H,XXXX,8,10,F,1,200309,1,"$80,574",19.0
DN00,41,G,17,13,G,0110,1,GS-13,H,XXXX,8,10,P,2,200309,1,"$83,036",22.5
DN00,41,E,13,13,E,0110,1,GS-13,G,XXXX,8,10,F,1,200309,1,"$76,116",12.3
DN00,41,E,13,13,E,0110,1,GS-13,H,XXXX,8,10,F,1,200309,1,"$83,036",14.6
DN00,41,H,10,12,I,0110,1,GS-12,G,XXXX,8,10,F,1,200309,1,"$73,706",30.6
DN00,41,H,18,13,G,0110,1,GS-13,H,XXXX,8,10,F,1,200309,1,"$85,343",23.3
DN00,41,D,17,14,B,0110,1,GS-14,H,XXXX,5,15,F,1,200309,1,"$84,495",1.7
DN00,11,G,17,12,C,0110,1,GS-12,F,XXXX,8,10,F,1,200309,1,"$67,749",4.9
DN00,11,F,13,07,B,0110,1,GS-07,C,XXXX,8,15,F,1,200309,1,"$32,736",2.1
DN00,11,J,21,15,H,0110,1,GS-15,L,XXXX,2,10,F,1,200309,1,"$124,783",27.4
DN00,41,I,18,12,G,0110,1,GS-12,G,XXXX,8,10,F,1,200309,1,"$73,706",21.8
DN00,11,F,13,15,G,0110,1,GS-15,J,XXXX,4,10,F,1,200309,1,"$108,785",20.9
DN00,11,H,17,13,E,0110,1,GS-13,H,XXXX,8,10,F,1,200309,1,"$89,774",14.0
DN00,11,G,17,15,E,0110,1,GS-15,K,XXXX,8,10,F,1,200309,1,"$115,184",14.4
DN00,11,J,21,15,H,0110,1,GS-15,L,XXXX,8,10,F,1,200309,1,"$124,783",28.4
DN00,11,F,17,12,B,0110,1,GS-12,F,XXXX,8,15,F,1,200309,1,"$61,942",2.4
DN00,11,J,21,15,E,0110,1,GS-15,K,XXXX,5,10,F,1,200309,1,"$111,985",11.8
DN00,11,I,17,14,G,0110,1,GS-14,J,XXXX,8,10,F,1,200309,1,"$103,366",22.7
DN00,11,E,13,11,E,0110,1,GS-11,D,XXXX,8,15,F,1,200309,1,"$48,451",11.8
DN00,11,J,17,15,J,0110,1,GM-15,L,XXXX,2,10,F,1,200309,1,"$124,783",38.8
DN00,11,C,17,11,B,0110,1,GS-11,D,XXXX,8,38,F,1,200309,1,"$48,451",1.2
DN00,53,G,17,13,G,0110,1,GS-13,H,XXXX,8,10,F,1,200309,1,"$80,574",23.1
DN00,11,B,13,09,B,0110,1,GS-09,D,XXXX,8,15,F,1,200309,1,"$40,044",1.6
DN00,11,E,17,13,C,0110,1,GS-13,F,XXXX,8,15,F,1,200309,1,"$69,054",3.0
DN00,11,C,13,11,B,0110,1,GS-11,D,XXXX,8,15,F,1,200309,1,"$48,451",1.3
DN00,11,G,21,13,B,0110,1,GS-13,H,XXXX,8,15,F,1,200309,1,"$87,472",2.6
EB00,11,D,17,09,A,0110,1,GS-09,D,XXXX,8,15,F,1,200309,1,"$45,383",0.0
EB00,11,G,17,14,H,0110,1,GM-14,J,XXXX,2,10,F,1,200309,1,"$103,366",25.0
EB00,11,F,21,13,C,0110,1,GS-13,G,XXXX,8,15,F,1,200309,1,"$73,659",3.1
EB00,11,E,13,13,D,0110,1,GS-13,G,XXXX,8,10,F,1,200309,1,"$73,659",9.8
EB00,11,E,13,13,E,0110,1,GS-13,H,XXXX,8,10,F,1,200309,1,"$80,565",12.3
EB00,11,G,17,14,F,0110,1,GS-14,I,XXXX,8,10,F,1,200309,1,"$97,925",18.8
EB00,11,G,21,14,F,0110,1,GS-14,L,XXXX,8,10,F,1,200309,1,"$122,632",17.1
EB00,11,G,13,,G,0110,1,AD-00,J,XXXX,2,10,F,1,200309,1,"$105,582",24.7
EDEE,11,I,18,12,I,0110,1,GS-12,G,XXXX,8,10,F,1,200309,1,"$75,492",33.7
EDER,11,F,17,15,C,0110,1,GS-15,K,XXXX,5,15,F,1,200309,1,"$115,184",4.0
EDER,11,G,21,13,F,0110,1,GS-13,H,XXXX,8,10,F,1,200309,1,"$89,774",16.4
EDER,11,F,21,14,C,0110,1,GS-14,I,XXXX,8,10,F,1,200309,1,"$92,484",4.3
EDEY,11,J,21,,F,0110,1,AD-00,L,XXXX,8,48,F,2,200309,1,"$124,665",19.0
EE00,11,I,17,14,I,0110,1,GS-14,J,XXXX,8,10,F,1,200309,1,"$106,086",34.8
EE00,11,K,17,15,H,0110,1,GS-15,L,XXXX,8,10,F,1,200309,1,"$124,783",27.3
EP00,11,I,21,15,H,0110,1,GM-15,L,XXXX,2,10,F,1,200309,1,"$124,783",26.3
EP00,51,F,17,13,E,0110,1,GS-13,H,XXXX,8,10,F,1,200309,1,"$85,169",14.2
EP00,11,E,21,14,C,0110,1,GS-14,H,XXXX,8,10,F,1,200309,1,"$89,764",4.2
EP00,11,H,21,15,F,0110,1,GM-15,K,XXXX,2,10,F,1,200309,1,"$118,384",19.0
EP00,11,B,17,09,A,0110,1,GS-09,D,XXXX,8,48,F,2,200309,1,"$40,044",0.2
EP00,11,K,22,,B,0110,1,EF-00,J,XXXX,8,48,I,2,200309,1,"$105,581",2.3
EP00,11,H,21,15,E,0110,1,GS-15,K,XXXX,8,10,F,1,200309,1,"$111,985",10.5
EP00,11,D,17,13,D,0110,1,GS-13,G,XXXX,8,10,F,1,200309,1,"$71,357",5.7
EP00,11,G,21,14,F,0110,1,GS-14,I,XXXX,8,10,F,1,200309,1,"$97,925",19.2
EP00,51,F,17,14,D,0110,1,GS-14,H,XXXX,8,10,F,1,200309,1,"$81,602",5.2
EP00,11,G,17,14,F,0110,1,GS-14,J,XXXX,8,10,F,1,200309,1,"$103,366",18.6
EP00,11,I,21,,B,0110,1,ED-00,Z,XXXX,8,48,I,2,200309,1,,2.2
EP00,51,J,21,14,H,0110,1,GS-14,J,XXXX,8,10,F,1,200309,1,"$106,086",29.3
EP00,11,J,21,15,J,0110,1,GS-15,L,XXXX,8,10,F,1,200309,1,"$124,783",37.1
EP00,11,E,21,,A,0110,1,ED-00,Z,XXXX,8,48,I,2,200309,1,,0.8
EP00,11,K,22,,B,0110,1,EF-00,Z,XXXX,8,48,I,2,200309,1,,2.8
EP00,11,K,22,,C,0110,1,EF-00,J,XXXX,8,48,I,2,200309,1,"$105,581",3.2
EP00,11,G,21,,B,0110,1,EF-00,Z,XXXX,8,48,I,2,200309,1,,2.3
EP00,11,H,22,,B,0110,1,ED-00,Z,XXXX,8,48,I,2,200309,1,,2.8
EP00,11,E,21,13,D,0110,1,GS-13,G,XXXX,8,10,F,1,200309,1,"$75,961",6.1
EP00,11,G,21,14,F,0110,1,GS-14,J,XXXX,8,10,F,1,200309,1,"$100,645",18.4
EP00,11,H,21,,B,0110,1,EF-00,J,XXXX,8,48,I,2,200309,1,"$105,581",2.9
EP00,11,J,21,14,G,0110,1,GS-14,I,XXXX,8,10,F,1,200309,1,"$97,925",21.0
EP00,11,E,21,14,D,0110,1,GS-14,H,XXXX,8,10,F,1,200309,1,"$89,764",6.7
EP00,11,G,21,,B,0110,1,ED-00,Z,XXXX,8,48,I,2,200309,1,,2.5
EP00,11,E,21,13,D,0110,1,GS-13,G,XXXX,8,10,F,1,200309,1,"$75,961",6.3
EP00,11,H,21,,B,0110,1,ED-00,Z,XXXX,8,48,I,2,200309,1,,2.3
EP00,51,D,18,14,D,0110,1,GS-14,H,XXXX,8,10,F,1,200309,1,"$81,602",5.2
EP00,11,J,21,15,H,0110,1,GS-15,J,XXXX,2,10,F,1,200309,1,"$108,785",27.9
EP00,11,I,21,,B,0110,1,EF-00,J,XXXX,8,48,I,2,200309,1,"$105,581",2.5
EP00,11,F,17,13,E,0110,1,GS-13,H,XXXX,8,10,P,2,200309,1,"$80,565",10.9
EP00,53,I,17,13,F,0110,1,GS-13,H,XXXX,8,10,F,1,200309,1,"$85,449",17.9
EP00,11,E,17,14,C,0110,1,GS-14,H,XXXX,7,10,F,1,200309,1,"$89,764",4.6
EP00,11,D,17,13,D,0110,1,GS-13,G,XXXX,8,10,F,1,200309,1,"$78,263",9.0
EP00,11,G,21,,B,0110,1,ED-00,Z,XXXX,8,48,I,2,200309,1,,1.8
EP00,37,D,21,12,B,0110,1,GS-12,F,XXXX,8,40,F,2,200309,1,"$60,227",2.8
EP00,51,K,17,13,G,0110,1,GS-13,H,XXXX,8,10,F,1,200309,1,"$89,774",22.7
EP00,11,D,21,13,C,0110,1,GS-13,G,XXXX,8,10,F,1,200309,1,"$75,961",4.1
EP00,39,E,21,13,C,0110,1,GS-13,G,XXXX,8,15,F,1,200309,1,"$74,116",3.1
EP00,11,G,14,,B,0110,1,ED-00,Z,XXXX,8,48,I,2,200309,1,,2.6
EP00,11,I,08,,B,0110,1,ED-00,J,XXXX,8,48,I,2,200309,1,"$105,581",2.2
EP00,11,H,21,,A,0110,1,ED-00,Z,XXXX,8,48,I,2,200309,1,,0.8
EP00,11,F,17,15,F,0110,1,GS-15,L,XXXX,2,10,F,1,200309,1,"$124,783",18.4
EP00,11,G,18,,B,0110,1,ED-00,Z,XXXX,8,48,I,2,200309,1,,2.8
EP00,39,D,22,12,B,0110,1,GS-12,F,XXXX,8,15,F,1,200309,1,"$62,326",2.7
EP00,11,D,17,13,D,0110,1,GS-13,G,XXXX,8,10,F,1,200309,1,"$73,659",5.5
EP00,11,F,17,14,F,0110,1,GS-14,J,XXXX,8,10,F,1,200309,1,"$103,366",15.8
EP00,11,I,14,14,I,0110,1,GS-14,J,XXXX,8,10,F,1,200309,1,"$103,366",30.3
EP00,37,I,18,14,I,0110,1,GS-14,J,XXXX,8,10,F,1,200309,1,"$103,150",33.3
EP00,11,E,21,15,D,0110,1,GS-15,I,XXXX,8,10,F,1,200309,1,"$95,987",5.0
EP00,11,I,21,,B,0110,1,EF-00,J,XXXX,8,48,I,2,200309,1,"$105,581",2.3
EP00,08,G,17,13,F,0110,1,GS-13,I,XXXX,8,10,F,1,200309,1,"$91,390",19.8
EP00,11,K,21,,B,0110,1,EF-00,Z,XXXX,8,48,I,2,200309,1,,2.5
EP00,11,F,14,14,E,0110,1,GS-14,H,XXXX,8,10,F,1,200309,1,"$87,043",12.8
EP00,11,E,21,14,D,0110,1,GS-14,I,XXXX,8,10,F,1,200309,1,"$92,484",6.1
EP00,11,E,17,13,D,0110,1,GS-13,G,XXXX,8,10,F,1,200309,1,"$78,263",6.7
EP00,11,F,21,12,B,0110,1,GS-12,G,XXXX,8,15,F,1,200309,1,"$75,492",2.8
EP00,51,I,18,14,H,0110,1,GS-14,J,XXXX,8,10,F,1,200309,1,"$106,086",29.4
EP00,11,D,17,13,D,0110,1,GS-13,G,XXXX,8,10,F,1,200309,1,"$73,659",5.5
EP00,11,E,14,14,E,0110,1,GS-14,I,XXXX,8,10,F,1,200309,1,"$95,204",14.8
EP00,37,E,17,13,E,0110,1,GS-13,G,XXXX,8,10,F,1,200309,1,"$78,336",13.6
EP00,11,C,17,13,C,0110,1,GS-13,F,XXXX,8,15,F,1,200309,1,"$69,054",3.3
EP00,11,H,20,14,E,0110,1,GS-14,J,XXXX,8,15,F,1,200309,1,"$106,086",14.0
EP00,11,C,20,11,A,0110,1,GS-11,D,XXXX,8,15,F,1,200309,1,"$48,451",0.2
EP00,51,G,14,14,F,0110,1,GS-14,J,XXXX,8,10,F,1,200309,1,"$106,086",18.0
EP00,11,I,22,,C,0110,1,ED-00,Z,XXXX,8,48,I,2,200309,1,,3.0
EP00,11,F,21,14,D,0110,1,GS-14,H,XXXX,8,10,F,1,200309,1,"$89,764",5.3
EP00,11,D,21,12,A,0110,1,GS-12,E,XXXX,8,15,F,1,200309,1,"$58,070",0.6
EP00,51,F,17,13,E,0110,1,GS-13,G,XXXX,8,10,F,1,200309,1,"$78,263",11.3
EP00,11,F,17,15,D,0110,1,GS-15,J,XXXX,8,10,F,1,200309,1,"$105,586",9.1
EP00,11,E,14,14,E,0110,1,GS-14,I,XXXX,8,10,F,1,200309,1,"$92,484",12.3
EP00,11,E,18,14,E,0110,1,GS-14,H,XXXX,8,10,P,2,200309,1,"$89,764",11.3
EP00,11,I,17,13,E,0110,1,GS-13,G,XXXX,8,10,F,1,200309,1,"$75,961",12.8
EP00,11,H,21,,B,0110,1,EF-00,Z,XXXX,8,48,I,2,200309,1,,2.8
EP00,11,E,21,,A,0110,1,EF-00,Z,XXXX,8,48,I,2,200309,1,,0.3
EP00,51,I,21,14,F,0110,1,GS-14,I,XXXX,8,10,F,1,200309,1,"$95,204",16.1
EP00,51,J,21,13,E,0110,1,GS-13,H,XXXX,8,10,F,1,200309,1,"$85,169",12.3
EP00,11,I,17,13,H,0110,1,GS-13,H,XXXX,8,10,F,1,200309,1,"$89,774",29.1
EP00,11,F,21,14,D,0110,1,GS-14,I,XXXX,8,10,F,1,200309,1,"$92,484",6.8
EP00,11,I,21,,B,0110,1,EF-00,F,XXXX,8,48,I,2,200309,1,"$68,407",2.8
EP00,11,E,18,13,C,0110,1,GS-13,G,XXXX,8,10,F,1,200309,1,"$75,961",4.6
EP00,37,H,18,13,D,0110,1,GS-13,H,XXXX,8,10,F,1,200309,1,"$82,812",8.2
EP00,37,G,13,13,G,0110,1,GS-13,H,XXXX,8,10,F,1,200309,1,"$87,289",23.9
EP00,11,D,14,13,D,0110,1,GS-13,G,XXXX,8,10,F,1,200309,1,"$75,961",8.8
EP00,11,F,21,14,D,0110,1,GS-14,I,XXXX,8,10,P,2,200309,1,"$95,204",6.3
EP00,11,E,21,15,D,0110,1,GS-15,I,XXXX,8,10,F,1,200309,1,"$95,987",6.8
EP00,37,E,21,14,D,0110,1,GS-14,H,XXXX,8,10,F,1,200309,1,"$81,989",5.4
EP00,11,E,21,13,D,0110,1,GS-13,H,XXXX,8,10,F,1,200309,1,"$82,867",7.4
EP00,11,H,21,,C,0110,1,ED-00,Z,XXXX,8,48,I,2,200309,1,,3.1
EP00,39,G,17,14,F,0110,1,GS-14,I,XXXX,2,10,F,1,200309,1,"$95,796",19.7
EP00,11,G,21,,C,0110,1,ED-00,Z,XXXX,8,48,I,2,200309,1,,3.1
EP00,39,D,08,12,A,0110,1,GS-12,E,XXXX,8,40,F,2,200309,1,"$58,431",0.0
EP00,11,D,21,15,D,0110,1,GS-15,I,XXXX,8,10,F,1,200309,1,"$95,987",6.4
EP00,11,E,21,14,D,0110,1,GS-14,H,XXXX,8,10,F,1,200309,1,"$89,764",6.1
EP00,11,G,21,,C,0110,1,EF-00,J,XXXX,8,48,I,2,200309,1,"$105,581",3.3
EP00,11,F,17,13,F,0110,1,GS-13,H,XXXX,8,10,F,1,200309,1,"$82,867",15.1
EP00,11,I,21,15,H,0110,1,GS-15,L,XXXX,8,10,F,1,200309,1,"$124,783",28.3
EP00,11,E,17,13,D,0110,1,GS-13,G,XXXX,8,10,F,1,200309,1,"$75,961",8.1
EP00,11,I,21,13,F,0110,1,GS-13,G,XXXX,8,10,F,1,200309,1,"$75,961",17.0
EP00,11,E,21,,B,0110,1,EF-00,J,XXXX,8,48,I,2,200309,1,"$105,581",1.3
EP00,51,F,17,13,E,0110,1,GS-13,H,XXXX,8,10,F,1,200309,1,"$82,867",11.6
EP00,11,I,17,15,D,0110,1,GS-15,L,XXXX,8,10,F,1,200309,1,"$124,783",6.2
EP00,11,H,08,,B,0110,1,EF-00,J,XXXX,8,48,I,2,200309,1,"$105,581",2.2
EP00,11,H,21,14,E,0110,1,GS-14,J,XXXX,8,10,F,1,200309,1,"$106,086",11.3
EP00,11,I,22,,B,0110,1,ED-00,J,XXXX,8,48,I,2,200309,1,"$105,581",2.3
EP00,39,J,21,13,I,0110,1,GS-13,H,XXXX,8,10,I,2,200309,1,"$85,698",32.2
EP00,11,F,17,14,E,0110,1,GS-14,I,XXXX,8,10,F,1,200309,1,"$92,484",13.3
EP00,51,H,21,15,F,0110,1,GS-15,K,XXXX,8,10,F,1,200309,1,"$115,184",18.2
EP00,51,F,15,14,E,0110,1,GS-14,I,XXXX,8,10,F,1,200309,1,"$92,484",14.2
EP00,37,E,20,13,C,0110,1,GS-13,G,XXXX,8,10,F,1,200309,1,"$78,336",4.5
EP00,51,J,21,13,G,0110,1,GS-13,H,XXXX,8,10,F,1,200309,1,"$85,169",21.7
EP00,11,G,21,,B,0110,1,ED-00,Z,XXXX,8,48,I,2,200309,1,,1.8
EP00,11,H,21,15,F,0110,1,GS-15,K,XXXX,8,10,F,1,200309,1,"$118,384",18.6
EP00,11,H,22,,C,0110,1,ED-00,K,XXXX,8,48,F,2,200309,1,"$112,088",3.0
EP00,11,F,17,13,E,0110,1,GS-13,H,XXXX,8,10,F,1,200309,1,"$82,867",11.3
EP00,11,F,21,14,E,0110,1,GS-14,I,XXXX,8,10,P,2,200309,1,"$97,925",13.5
EP00,11,F,17,13,E,0110,1,GS-13,H,XXXX,8,10,F,1,200309,1,"$80,565",12.6
EP00,11,K,17,,B,0110,1,EF-00,J,XXXX,8,48,I,2,200309,1,"$105,581",2.7
EP00,11,K,21,,C,0110,1,EF-00,J,XXXX,8,48,I,2,200309,1,"$105,581",3.2
EP00,11,K,22,,B,0110,1,EF-00,Z,XXXX,8,48,I,2,200309,1,,2.5
EP00,11,D,18,12,B,0110,1,GS-12,F,XXXX,8,15,F,1,200309,1,"$60,006",2.0
EP00,11,E,21,13,D,0110,1,GS-13,G,XXXX,8,10,F,1,200309,1,"$75,961",5.9
EP00,11,G,17,15,F,0110,1,GS-15,K,XXXX,8,10,F,1,200309,1,"$111,985",17.6
EP00,11,G,21,14,E,0110,1,GS-14,J,XXXX,8,10,F,1,200309,1,"$100,645",13.3
EP00,11,D,21,13,B,0110,1,GS-13,G,XXXX,8,15,F,1,200309,1,"$75,961",2.4
EP00,11,G,21,,B,0110,1,EF-00,J,XXXX,8,48,I,2,200309,1,"$105,581",2.5
EP00,51,K,21,13,H,0110,1,GS-13,H,XXXX,8,10,F,1,200309,1,"$89,774",26.9
EP00,11,F,21,,B,0110,1,ED-00,Z,XXXX,8,48,I,2,200309,1,,2.7
EP00,11,C,22,12,A,0110,1,GS-12,E,XXXX,8,15,F,1,200309,1,"$58,070",0.1
EP00,11,I,21,14,I,0110,1,GS-14,J,XXXX,8,10,F,1,200309,1,"$106,086",31.3
EP00,51,E,17,14,E,0110,1,GS-14,H,XXXX,8,10,F,1,200309,1,"$89,764",11.3
EP00,11,G,17,15,F,0110,1,GS-15,K,XXXX,2,10,F,1,200309,1,"$115,184",17.5
EP00,11,K,21,,B,0110,1,EF-00,J,XXXX,8,48,I,2,200309,1,"$105,581",2.8
EP00,11,H,18,13,G,0110,1,GS-13,H,XXXX,8,10,F,1,200309,1,"$89,774",24.3
EP00,11,J,17,13,H,0110,1,GS-13,H,XXXX,8,10,P,2,200309,1,"$89,774",27.4
EP00,11,H,17,14,H,0110,1,GS-14,J,XXXX,8,10,F,1,200309,1,"$106,086",28.6
EP00,11,K,21,,B,0110,1,EF-00,F,XXXX,8,48,I,2,200309,1,"$68,407",2.5
EP00,11,I,17,13,H,0110,1,GS-13,H,XXXX,8,10,F,1,200309,1,"$89,774",29.3
EP00,51,C,13,09,C,0110,1,GS-09,D,XXXX,8,30,F,1,200309,1,"$40,044",4.5
EP00,11,J,22,,B,0110,1,EF-00,J,XXXX,8,48,I,2,200309,1,"$105,581",2.3
EP00,11,I,21,,A,0110,1,ED-00,F,XXXX,8,48,I,2,200309,1,"$68,407",0.8
EP00,51,G,17,14,G,0110,1,GS-14,I,XXXX,8,10,F,1,200309,1,"$97,925",20.1
EP00,11,I,21,15,F,0110,1,GS-15,L,XXXX,8,10,F,1,200309,1,"$124,783",17.3
EP00,11,F,21,13,D,0110,1,GS-13,G,XXXX,8,10,F,1,200309,1,"$78,263",5.3
EP00,51,I,17,13,E,0110,1,GS-13,G,XXXX,8,10,F,1,200309,1,"$75,961",12.3
EP00,11,I,17,,A,0110,1,ED-00,L,XXXX,8,48,F,2,200309,1,"$124,959",0.4
EP00,11,G,21,,B,0110,1,EF-00,Z,XXXX,8,48,I,2,200309,1,,2.4
EP00,11,E,21,,B,0110,1,ED-00,Z,XXXX,8,48,I,2,200309,1,,2.5
EP00,11,G,08,,B,0110,1,EF-00,F,XXXX,8,48,I,2,200309,1,"$68,407",1.0
EP00,11,H,21,,B,0110,1,EF-00,G,XXXX,8,48,I,2,200309,1,"$73,045",2.5
EP00,11,J,21,,B,0110,1,ED-00,Z,XXXX,8,48,I,2,200309,1,,2.8
EP00,51,E,21,,B,0110,1,EF-00,F,XXXX,8,48,I,2,200309,1,"$68,407",2.9
EP00,11,F,21,,B,0110,1,EF-00,J,XXXX,8,48,I,2,200309,1,"$105,581",1.3
EP00,11,G,21,,B,0110,1,ED-00,Z,XXXX,8,48,I,2,200309,1,,2.6
EP00,51,E,22,13,D,0110,1,GS-13,G,XXXX,8,10,F,1,200309,1,"$78,263",5.6
EP00,11,J,21,,B,0110,1,ED-00,Z,XXXX,8,48,I,2,200309,1,,2.3
EP00,11,G,21,,B,0110,1,ED-00,Z,XXXX,8,48,I,2,200309,1,,2.3
EP00,11,F,18,13,D,0110,1,GS-13,H,XXXX,8,10,F,1,200309,1,"$80,565",5.1
EP00,11,I,21,13,G,0110,1,GS-13,H,XXXX,8,10,F,1,200309,1,"$87,472",22.2
EP00,11,I,21,14,H,0110,1,GS-14,J,XXXX,8,10,F,1,200309,1,"$106,086",26.8
EP00,11,H,21,,B,0110,1,EF-00,J,XXXX,8,48,I,2,200309,1,"$105,581",2.5
EP00,11,G,21,14,E,0110,1,GS-14,H,XXXX,8,10,F,1,200309,1,"$89,764",10.6
EP00,51,F,21,15,D,0110,1,GS-15,I,XXXX,2,10,F,1,200309,1,"$99,186",5.0
EP00,11,E,21,,B,0110,1,EF-00,Z,XXXX,8,48,I,2,200309,1,,2.3
EP00,37,D,21,,A,0110,1,ED-00,F,XXXX,8,48,I,2,200309,1,"$69,462",0.6
EP00,37,G,18,13,E,0110,1,GS-13,G,XXXX,8,10,F,1,200309,1,"$78,336",12.0
EP00,51,D,13,12,D,0110,1,GS-12,E,XXXX,8,15,F,1,200309,1,"$58,070",5.8
EP00,11,F,18,15,D,0110,1,GS-15,K,XXXX,8,10,F,1,200309,1,"$115,184",9.5
EP00,11,I,21,,A,0110,1,EF-00,Z,XXXX,8,48,I,2,200309,1,,0.8
EP00,11,G,13,14,G,0110,1,GS-14,I,XXXX,8,10,F,1,200309,1,"$97,925",24.8
EP00,11,C,17,12,A,0110,1,GS-12,E,XXXX,8,15,F,1,200309,1,"$58,070",0.0
EP00,11,D,21,11,B,0110,1,GS-11,E,XXXX,8,15,F,1,200309,1,"$58,145",1.0
FC00,11,I,17,15,I,0110,1,GS-15,L,XXXX,8,10,F,1,200309,1,"$121,583",31.0
FC00,11,G,18,15,F,0110,1,GS-15,K,XXXX,8,10,F,1,200309,1,"$111,985",19.8
FC00,11,F,21,15,D,0110,1,GS-15,K,XXXX,8,10,F,1,200309,1,"$115,184",6.3
FC00,11,I,17,15,G,0110,1,GS-15,L,XXXX,8,10,F,1,200309,1,"$124,783",24.2
FC00,11,G,21,15,F,0110,1,GS-15,J,XXXX,8,10,F,1,200309,1,"$108,785",15.2
FC00,11,H,17,14,D,0110,1,GS-14,J,XXXX,8,10,F,1,200309,1,"$100,645",8.5
FC00,11,G,21,15,B,0110,1,GS-15,K,XXXX,8,15,F,1,200309,1,"$111,985",2.2
FC00,11,H,17,15,E,0110,1,GS-15,L,XXXX,8,15,F,1,200309,1,"$124,783",13.8
FC00,11,E,21,15,D,0110,1,GS-15,I,XXXX,8,15,F,1,200309,1,"$99,186",5.4
FC00,11,H,17,15,G,0110,1,GS-15,L,XXXX,8,10,F,1,200309,1,"$124,783",23.0
FC00,11,H,17,,H,0110,1,ES-04,N,XXXX,2,50,F,1,200309,1,"$142,500",26.8
FC00,11,H,17,15,H,0110,1,GM-15,L,XXXX,2,10,F,1,200309,1,"$124,783",27.2
FC00,11,H,21,15,G,0110,1,GS-15,L,XXXX,8,10,F,1,200309,1,"$124,783",21.6
FC00,11,K,21,15,E,0110,1,GS-15,K,XXXX,8,10,F,1,200309,1,"$118,384",10.9
FC00,11,I,17,13,F,0110,1,GS-13,H,XXXX,8,10,F,1,200309,1,"$80,565",15.5
FC00,11,F,21,15,E,0110,1,GS-15,J,XXXX,8,10,F,1,200309,1,"$105,586",10.8
FC00,11,H,21,14,E,0110,1,GS-14,I,XXXX,8,10,F,1,200309,1,"$92,484",13.3
FC00,11,F,17,15,D,0110,1,GS-15,J,XXXX,8,10,F,1,200309,1,"$102,386",7.0
FC00,11,J,21,,I,0110,1,SL-00,N,XXXX,8,10,F,1,200309,1,"$142,500",30.9
FC00,11,E,21,14,B,0110,1,GS-14,H,XXXX,8,15,F,1,200309,1,"$81,602",2.3
FC00,11,H,21,,G,0110,1,SL-00,N,XXXX,8,10,F,1,200309,1,"$142,500",22.2
FC00,11,G,21,15,F,0110,1,GS-15,L,XXXX,8,10,F,1,200309,1,"$124,783",16.9
FC00,11,F,17,15,E,0110,1,GS-15,J,XXXX,8,15,F,1,200309,1,"$108,785",11.0
FC00,11,J,21,15,F,0110,1,GS-15,L,XXXX,8,10,F,1,200309,1,"$124,783",15.2
FC00,11,G,21,15,G,0110,1,GS-15,L,XXXX,8,10,F,1,200309,1,"$121,583",23.7
FC00,11,I,13,15,I,0110,1,GM-15,L,XXXX,5,10,F,1,200309,1,"$124,783",31.6
FC00,11,E,17,14,B,0110,1,GS-14,H,XXXX,8,15,F,1,200309,1,"$84,323",2.8
FC00,11,H,13,15,I,0110,1,GS-15,L,XXXX,8,10,F,1,200309,1,"$124,783",30.8
FC00,11,H,21,15,G,0110,1,GM-15,L,XXXX,5,10,F,1,200309,1,"$124,783",23.6
FC00,11,F,21,15,D,0110,1,GS-15,J,XXXX,8,10,F,1,200309,1,"$108,785",8.3
FC00,11,D,17,15,E,0110,1,GS-15,J,XXXX,8,10,F,1,200309,1,"$102,386",10.3
FC00,11,I,13,15,I,0110,1,GS-15,K,XXXX,8,10,F,1,200309,1,"$115,184",34.2
FC00,11,I,17,15,F,0110,1,GS-15,J,XXXX,8,10,F,1,200309,1,"$108,785",16.6
FC00,11,H,13,14,I,0110,1,GS-14,I,XXXX,8,10,F,1,200309,1,"$95,204",31.0
FC00,11,I,17,15,H,0110,1,GS-15,L,XXXX,8,10,F,1,200309,1,"$124,783",25.7
FC00,11,H,13,14,H,0110,1,GS-14,I,XXXX,8,10,F,1,200309,1,"$92,484",26.7
FC00,11,G,17,15,G,0110,1,GS-15,J,XXXX,8,10,F,1,200309,1,"$108,785",24.8
FC00,11,J,18,15,I,0110,1,GS-15,L,XXXX,8,10,F,1,200309,1,"$124,783",34.0
FC00,11,I,17,15,H,0110,1,GS-15,L,XXXX,8,10,F,1,200309,1,"$121,583",25.2
FC00,11,I,21,15,D,0110,1,GS-15,L,XXXX,8,10,F,1,200309,1,"$124,783",8.0
FC00,11,F,17,14,D,0110,1,GS-14,I,XXXX,8,10,F,1,200309,1,"$95,204",6.6
FC00,11,H,21,15,D,0110,1,GS-15,J,XXXX,8,10,F,1,200309,1,"$105,586",8.8
FC00,11,F,18,15,E,0110,1,GS-15,I,XXXX,8,10,F,1,200309,1,"$95,987",10.3
FC00,11,H,21,15,A,0110,1,GS-15,L,XXXX,8,15,F,1,200309,1,"$124,783",0.0
FC00,11,G,17,15,D,0110,1,GS-15,J,XXXX,8,10,F,1,200309,1,"$102,386",7.0
FC00,11,I,21,15,D,0110,1,GS-15,J,XXXX,8,10,F,1,200309,1,"$105,586",5.6
FC00,11,E,21,15,C,0110,1,GS-15,L,XXXX,8,15,F,1,200309,1,"$121,583",4.0
FC00,11,K,14,12,J,0110,1,GS-12,G,XXXX,8,10,F,1,200309,1,"$75,492",48.8
FC00,11,I,21,15,G,0110,1,GS-15,L,XXXX,8,10,F,1,200309,1,"$124,783",24.2
FC00,11,H,21,15,F,0110,1,GS-15,K,XXXX,8,10,F,1,200309,1,"$111,985",15.9
FC00,11,E,17,15,D,0110,1,GS-15,J,XXXX,8,10,F,1,200309,1,"$102,386",6.3
FC00,11,G,21,15,D,0110,1,GS-15,J,XXXX,8,10,F,1,200309,1,"$108,785",9.0
FC00,11,I,21,15,D,0110,1,GS-15,L,XXXX,8,10,F,1,200309,1,"$124,783",7.1
FC00,11,G,18,14,D,0110,1,GS-14,H,XXXX,8,10,F,1,200309,1,"$81,602",8.7
FC00,11,G,21,14,D,0110,1,GS-14,J,XXXX,8,10,F,1,200309,1,"$103,366",5.2
FC00,11,I,21,15,H,0110,1,GS-15,K,XXXX,8,10,F,1,200309,1,"$115,184",29.0
FC00,11,G,21,14,B,0110,1,GS-14,H,XXXX,8,15,F,1,200309,1,"$81,602",2.9
FC00,11,I,17,15,H,0110,1,GS-15,L,XXXX,8,10,F,1,200309,1,"$124,783",29.3
FC00,11,D,21,13,D,0110,1,GS-13,F,XXXX,8,15,F,1,200309,1,"$69,054",5.5
FC00,11,E,17,15,D,0110,1,GS-15,J,XXXX,8,10,F,1,200309,1,"$108,785",8.5
FC00,11,G,21,15,D,0110,1,GS-15,K,XXXX,8,10,F,1,200309,1,"$115,184",9.1
FC00,11,D,13,14,C,0110,1,GS-14,H,XXXX,8,10,F,1,200309,1,"$81,602",3.1
FC00,11,C,13,14,C,0110,1,GS-14,H,XXXX,8,10,F,1,200309,1,"$84,323",3.1
FD00,11,G,21,15,F,0110,1,CG-15,M,XXXX,2,10,F,1,200309,1,"$130,803",16.8
FD00,11,B,,09,B,0110,1,CG-09,D,XXXX,8,40,F,2,200309,1,"$45,409",1.2
FD00,47,F,21,13,C,0110,1,CG-13,G,XXXX,8,10,F,1,200309,1,"$73,615",4.1
FD00,11,C,13,12,B,0110,1,CG-12,F,XXXX,8,15,F,1,200309,1,"$67,865",2.2
FD00,11,F,,15,E,0110,1,CG-15,M,XXXX,2,20,F,2,200309,1,"$134,666",12.8
FD00,11,E,21,13,B,0110,1,CG-13,J,XXXX,8,15,F,1,200309,1,"$101,199",1.1
FD00,36,F,17,13,E,0110,1,CG-13,J,XXXX,8,10,F,1,200309,1,"$103,208",10.6
FD00,36,H,04,14,D,0110,1,CG-14,L,XXXX,8,10,F,1,200309,1,"$122,272",6.8
FD00,17,I,17,14,E,0110,1,CG-14,M,XXXX,8,10,F,1,200309,1,"$134,574",13.1
FD00,11,B,,07,B,0110,1,CG-07,C,XXXX,8,40,F,2,200309,1,"$38,129",1.1
FD00,11,F,17,14,A,0110,1,CG-14,L,XXXX,8,15,F,1,200309,1,"$129,935",0.1
FD00,11,I,21,14,I,0110,1,CG-14,L,XXXX,8,10,F,1,200309,1,"$129,935",34.0
FD00,11,G,21,14,E,0110,1,CG-14,K,XXXX,8,10,F,1,200309,1,"$111,046",13.3
FD00,11,G,17,14,G,0110,1,CG-14,K,XXXX,8,10,F,1,200309,1,"$118,874",24.3
FD00,11,D,09,14,E,0110,1,CG-14,I,XXXX,8,10,F,1,200309,1,"$91,956",11.8
FD00,11,E,18,14,C,0110,1,CG-14,H,XXXX,8,10,F,1,200309,1,"$89,112",3.1
FD00,11,G,17,14,E,0110,1,CG-14,L,XXXX,8,10,F,1,200309,1,"$120,038",11.3
FD00,11,B,,09,B,0110,1,CG-09,D,XXXX,8,40,F,2,200309,1,"$48,507",2.1
FD00,11,D,04,14,D,0110,1,CG-14,I,XXXX,8,10,F,1,200309,1,"$92,081",8.9
FD00,11,H,17,14,I,0110,1,CG-14,L,XXXX,8,10,F,1,200309,1,"$129,935",31.1
FD00,11,D,13,14,D,0110,1,CG-14,H,XXXX,8,10,F,1,200309,1,"$88,599",6.2
FD00,11,D,17,14,B,0110,1,CG-14,H,XXXX,8,15,F,1,200309,1,"$86,284",1.1
FD00,11,H,21,14,F,0110,1,CG-14,K,XXXX,8,10,F,1,200309,1,"$118,724",19.8
FD00,11,B,,09,B,0110,1,CG-09,D,XXXX,8,40,F,2,200309,1,"$48,507",2.3
FD00,11,I,17,14,J,0110,1,CG-14,L,XXXX,8,10,F,1,200309,1,"$129,935",35.3
FD00,06,K,21,14,D,0110,1,CG-14,J,XXXX,8,10,F,1,200309,1,"$106,464",7.8
FD00,11,H,21,14,F,0110,1,CG-14,J,XXXX,8,10,F,1,200309,1,"$103,710",16.2
FD00,11,F,15,12,C,0110,1,CG-12,F,XXXX,8,10,F,1,200309,1,"$67,865",4.7
FD00,13,E,18,14,D,0110,1,CG-14,J,XXXX,8,10,F,1,200309,1,"$102,450",6.7
FD00,11,K,21,15,J,0110,1,CG-15,N,XXXX,8,10,F,1,200309,1,"$146,565",35.5
FD00,11,G,21,14,D,0110,1,CG-14,K,XXXX,8,10,F,1,200309,1,"$115,210",9.1
FD00,11,F,17,15,F,0110,1,CG-15,N,XXXX,8,10,F,1,200309,1,"$143,536",16.4
FD00,11,G,21,14,F,0110,1,CG-14,K,XXXX,8,10,F,1,200309,1,"$117,318",15.2
FD00,48,D,17,13,D,0110,1,CG-13,G,XXXX,8,10,F,1,200309,1,"$77,602",5.5
FD00,11,C,21,13,B,0110,1,CG-13,J,XXXX,8,15,F,1,200309,1,"$101,199",1.2
FD00,11,B,,07,A,0110,1,CG-07,C,XXXX,8,40,F,2,200309,1,"$37,735",0.2
FD00,29,G,17,14,D,0110,1,CG-14,I,XXXX,8,10,F,1,200309,1,"$96,413",6.3
FD00,11,B,,09,B,0110,1,CG-09,D,XXXX,8,40,F,2,200309,1,"$45,409",1.2
FD00,11,G,21,15,D,0110,1,CG-15,L,XXXX,8,10,F,1,200309,1,"$123,153",7.4
FD00,11,H,17,15,H,0110,1,CG-15,N,XXXX,2,10,F,1,200309,1,"$147,555",29.4
FD00,11,H,21,14,F,0110,1,CG-14,L,XXXX,8,10,F,1,200309,1,"$125,491",17.2
FD00,11,B,,09,B,0110,1,CG-09,D,XXXX,8,40,F,2,200309,1,"$45,409",1.5
FD00,48,G,17,14,D,0110,1,CG-14,J,XXXX,8,10,F,1,200309,1,"$105,712",6.8
FD00,11,E,21,15,D,0110,1,CG-15,L,XXXX,8,10,F,1,200309,1,"$126,665",6.0
FD00,06,D,13,13,B,0110,1,CG-13,I,XXXX,8,15,F,1,200309,1,"$91,752",2.7
FD00,11,E,21,13,C,0110,1,CG-13,I,XXXX,8,15,F,1,200309,1,"$97,684",3.1
FD00,11,D,21,13,B,0110,1,CG-13,I,XXXX,8,15,F,1,200309,1,"$97,684",2.0
FD00,11,D,17,14,D,0110,1,CG-14,K,XXXX,8,10,F,1,200309,1,"$114,170",5.8
FD00,11,G,17,14,F,0110,1,CG-14,J,XXXX,8,10,F,1,200309,1,"$108,061",15.5
FD00,11,B,,07,B,0110,1,CG-07,C,XXXX,8,40,F,2,200309,1,"$37,735",1.4
FL00,51,H,21,,G,0110,1,VH-40,J,XXXX,8,10,F,1,200309,1,"$108,173",22.0
FL00,51,I,21,,I,0110,1,VH-41,M,XXXX,8,10,F,1,200309,1,"$130,303",32.0
FL00,51,J,14,,J,0110,1,VH-42,M,XXXX,8,10,F,1,200309,1,"$138,106",39.8
FT00,11,D,21,15,C,0110,1,GS-15,I,XXXX,2,10,F,1,200309,1,"$99,186",3.9
FT00,11,I,21,,H,0110,1,ES-04,N,XXXX,2,50,F,1,200309,1,"$142,500",25.8
FT00,11,E,21,,C,0110,1,ES-03,N,XXXX,2,50,F,1,200309,1,"$142,500",4.8
FT00,11,D,21,13,B,0110,1,GS-13,H,XXXX,8,15,F,1,200309,1,"$82,867",2.1
FT00,11,H,21,15,G,0110,1,GM-15,L,XXXX,2,10,F,1,200309,1,"$124,783",23.1
FT00,11,I,22,15,G,0110,1,GM-15,L,XXXX,2,10,F,1,200309,1,"$124,783",24.8
FT00,11,F,21,14,C,0110,1,GS-14,I,XXXX,5,15,F,1,200309,1,"$95,204",4.7
FT00,11,J,21,,B,0110,1,EF-00,J,XXXX,8,48,I,2,200309,1,"$103,620",1.9
FT00,49,H,21,15,H,0110,1,GM-15,L,XXXX,5,10,F,1,200309,1,"$121,330",25.1
FT00,11,G,22,15,G,0110,1,GS-15,K,XXXX,8,10,F,1,200309,1,"$115,184",23.4
FT00,11,I,21,15,H,0110,1,GM-15,L,XXXX,5,10,F,1,200309,1,"$124,783",25.3
FT00,11,G,22,13,D,0110,1,GS-13,G,XXXX,8,10,F,1,200309,1,"$75,961",5.0
FT00,11,I,21,15,I,0110,1,GM-15,L,XXXX,2,10,F,1,200309,1,"$124,783",30.3
FT00,06,F,17,15,F,0110,1,GS-15,L,XXXX,8,20,P,2,200309,1,"$127,141",15.3
FT00,11,D,21,14,C,0110,1,GS-14,H,XXXX,8,15,F,1,200309,1,"$89,764",3.0
FT00,11,H,21,15,G,0110,1,GM-15,L,XXXX,5,10,F,1,200309,1,"$123,981",24.0
FT00,11,E,21,15,E,0110,1,GS-15,J,XXXX,8,10,F,1,200309,1,"$105,586",10.9
FT00,11,F,21,15,F,0110,1,GS-15,K,XXXX,5,10,P,2,200309,1,"$111,985",16.0
FT00,11,J,21,15,H,0110,1,GM-15,L,XXXX,5,10,F,1,200309,1,"$124,783",29.3
FT00,11,F,21,15,E,0110,1,GS-15,L,XXXX,8,10,F,1,200309,1,"$124,783",12.3
FT00,11,D,21,13,B,0110,1,GS-13,G,XXXX,8,15,F,1,200309,1,"$73,659",1.8
FT00,11,G,21,15,F,0110,1,GS-15,K,XXXX,5,10,P,2,200309,1,"$118,384",17.6
FT00,11,J,21,15,J,0110,1,GM-15,L,XXXX,5,10,F,1,200309,1,"$124,783",35.5
FT00,11,D,21,13,B,0110,1,GS-13,H,XXXX,8,20,F,2,200309,1,"$80,565",1.8
FT00,11,G,21,15,F,0110,1,GS-15,L,XXXX,8,10,F,1,200309,1,"$124,783",15.3
FT00,11,G,21,15,G,0110,1,GM-15,L,XXXX,2,10,F,1,200309,1,"$124,783",20.7
FT00,11,F,15,15,E,0110,1,GS-15,L,XXXX,8,10,F,1,200309,1,"$121,583",13.3
FT00,11,E,21,15,D,0110,1,GS-15,J,XXXX,8,10,F,1,200309,1,"$108,785",6.9
FT00,11,G,21,15,D,0110,1,GS-15,L,XXXX,8,10,F,1,200309,1,"$124,783",6.6
FT00,11,G,21,15,G,0110,1,GM-15,L,XXXX,5,10,F,1,200309,1,"$124,783",24.3
FT00,11,H,,,B,0110,1,EF-00,K,XXXX,8,48,I,2,200309,1,"$110,674",2.3
FT00,11,F,22,15,E,0110,1,GS-15,L,XXXX,8,10,F,1,200309,1,"$124,783",14.0
FT00,11,E,21,15,E,0110,1,GS-15,L,XXXX,8,10,F,1,200309,1,"$124,783",11.1
FT00,11,D,21,15,D,0110,1,GS-15,J,XXXX,8,10,F,1,200309,1,"$102,386",6.1
FT00,11,H,22,15,G,0110,1,GS-15,J,XXXX,8,10,F,1,200309,1,"$108,785",23.4
FT00,11,D,21,13,B,0110,1,GS-13,H,XXXX,8,15,F,1,200309,1,"$82,867",2.8
FT00,11,E,21,,B,0110,1,EF-00,K,XXXX,8,48,I,2,200309,1,"$110,674",1.1
FT00,11,F,21,15,E,0110,1,GS-15,L,XXXX,8,10,F,1,200309,1,"$124,783",10.3
FT00,11,I,21,,B,0110,1,EF-00,K,XXXX,8,48,I,2,200309,1,"$110,674",2.3
FT00,11,D,21,14,C,0110,1,GS-14,I,XXXX,8,10,F,1,200309,1,"$95,204",4.1
FT00,11,H,21,,E,0110,1,ES-06,N,XXXX,2,50,F,1,200309,1,"$142,500",13.9
FT00,11,I,20,15,H,0110,1,GM-15,L,XXXX,5,10,F,1,200309,1,"$122,791",26.2
FT00,11,I,21,15,G,0110,1,GM-15,L,XXXX,2,10,F,1,200309,1,"$124,783",24.2
FT00,11,H,22,15,G,0110,1,GS-15,J,XXXX,8,10,F,1,200309,1,"$108,785",20.8
FT00,11,F,21,13,E,0110,1,GS-13,H,XXXX,8,10,F,1,200309,1,"$82,867",12.8
FT00,11,G,21,15,G,0110,1,GM-15,L,XXXX,5,10,F,1,200309,1,"$124,783",21.7
FT00,11,F,21,15,C,0110,1,GS-15,K,XXXX,8,10,F,1,200309,1,"$115,184",4.1
FT00,11,E,21,15,B,0110,1,GS-15,I,XXXX,8,15,F,1,200309,1,"$99,186",2.1
FT00,11,E,21,15,D,0110,1,GS-15,K,XXXX,8,10,F,1,200309,1,"$118,384",8.3
FT00,11,I,21,15,H,0110,1,GM-15,L,XXXX,5,10,F,1,200309,1,"$124,783",29.2
FT00,11,K,22,15,G,0110,1,GM-15,L,XXXX,5,10,F,1,200309,1,"$124,783",21.3
FT00,11,D,21,12,B,0110,1,GS-12,F,XXXX,8,40,F,2,200309,1,"$69,685",1.0
FT00,11,I,21,15,F,0110,1,GS-15,L,XXXX,8,10,F,1,200309,1,"$124,783",15.0
FT00,11,I,21,15,D,0110,1,GS-15,L,XXXX,8,10,F,1,200309,1,"$124,783",8.1
FT00,11,I,21,15,H,0110,1,GS-15,L,XXXX,8,10,F,1,200309,1,"$121,583",29.3
FT00,11,F,21,15,E,0110,1,GS-15,J,XXXX,8,10,F,1,200309,1,"$108,785",12.9
FT00,11,C,21,13,C,0110,1,GS-13,G,XXXX,8,15,F,1,200309,1,"$73,659",4.0
FT00,11,H,21,,H,0110,1,ES-04,N,XXXX,2,50,F,1,200309,1,"$142,500",25.6
FT00,11,H,21,15,C,0110,1,GS-15,J,XXXX,8,10,F,1,200309,1,"$102,386",4.3
FT00,11,E,21,15,D,0110,1,GS-15,J,XXXX,8,10,F,1,200309,1,"$108,785",7.1
FT00,11,F,21,15,D,0110,1,GS-15,L,XXXX,8,10,F,1,200309,1,"$124,783",8.2
FT00,11,I,21,15,E,0110,1,GS-15,L,XXXX,8,10,F,1,200309,1,"$124,783",11.6
FT00,11,I,21,,E,0110,1,EF-00,J,XXXX,8,48,I,2,200309,1,"$107,355",12.3
FT00,11,C,21,13,B,0110,1,GS-13,H,XXXX,8,15,F,1,200309,1,"$80,565",2.0
FT00,11,J,21,15,J,0110,1,GM-15,L,XXXX,5,10,F,1,200309,1,"$124,783",36.0
FT00,11,E,21,15,D,0110,1,GS-15,K,XXXX,8,10,F,1,200309,1,"$115,184",9.1
FT00,11,E,21,15,C,0110,1,GS-15,K,XXXX,8,10,F,1,200309,1,"$115,184",3.1
FT00,11,F,21,15,E,0110,1,GS-15,L,XXXX,8,10,F,1,200309,1,"$121,583",13.1
FT00,11,J,21,15,H,0110,1,GS-15,L,XXXX,5,10,F,1,200309,1,"$121,583",28.0
FT00,11,I,21,15,I,0110,1,GM-15,L,XXXX,5,10,F,1,200309,1,"$124,783",31.0
FT00,11,D,21,14,C,0110,1,GS-14,H,XXXX,8,10,F,1,200309,1,"$84,323",4.1
FT00,06,K,18,13,J,0110,1,GS-13,I,XXXX,8,10,F,1,200309,1,"$96,415",40.9
FT00,11,C,21,13,B,0110,1,GS-13,H,XXXX,8,15,F,1,200309,1,"$82,867",2.1
FT00,11,D,18,12,B,0110,1,GS-12,F,XXXX,8,15,F,1,200309,1,"$69,685",1.0
FT00,11,G,21,,A,0110,1,EF-00,J,XXXX,8,48,I,2,200309,1,"$107,355",0.0
FT00,11,I,21,15,H,0110,1,GM-15,L,XXXX,5,10,F,1,200309,1,"$124,783",28.0
FT00,11,I,21,15,G,0110,1,GS-15,L,XXXX,8,10,F,1,200309,1,"$124,783",24.6
FT00,11,G,17,14,E,0110,1,GS-14,I,XXXX,8,10,P,2,200309,1,"$92,484",13.1
FT00,11,E,21,15,D,0110,1,GS-15,J,XXXX,8,10,F,1,200309,1,"$108,785",6.2
FT00,11,H,21,15,G,0110,1,GS-15,K,XXXX,8,10,F,1,200309,1,"$115,184",24.0
FT00,11,J,22,15,H,0110,1,GM-15,L,XXXX,5,10,F,1,200309,1,"$124,783",25.1
FT00,11,I,22,15,F,0110,1,GS-15,K,XXXX,8,10,F,1,200309,1,"$115,184",15.5
FT00,11,F,21,15,E,0110,1,GS-15,L,XXXX,8,10,F,1,200309,1,"$124,783",12.9
FT00,11,D,21,15,D,0110,1,GS-15,I,XXXX,8,10,F,1,200309,1,"$95,987",5.4
FY00,11,G,17,,D,0110,1,TM-15,L,XXXX,2,10,F,1,200309,1,"$123,483",7.4
FY00,11,H,18,,H,0110,1,TM-15,N,XXXX,8,10,F,1,200309,1,"$141,594",27.2
FY00,11,D,21,,D,0110,1,TM-13,I,XXXX,8,15,F,1,200309,1,"$92,290",6.1
FY00,11,G,21,,C,0110,1,TM-14,K,XXXX,8,15,F,1,200309,1,"$110,562",4.4
FY00,11,F,21,,D,0110,1,TM-13,H,XXXX,8,15,F,1,200309,1,"$88,821",5.1
FY00,11,G,21,,D,0110,1,TM-15,N,XXXX,8,10,F,1,200309,1,"$141,594",6.1
GB00,11,D,17,14,D,0110,1,GS-14,H,XXXX,8,10,F,1,200309,1,"$87,043",9.8
GB00,11,C,17,11,B,0110,1,GS-11,D,XXXX,8,15,F,1,200309,1,"$48,451",1.8
GB00,11,D,17,13,C,0110,1,GS-13,F,XXXX,8,10,P,2,200309,1,"$69,054",4.3
GB00,11,G,21,14,B,0110,1,GS-14,J,XXXX,8,15,F,1,200309,1,"$106,086",1.3
GB00,11,D,17,12,B,0110,1,GS-12,G,XXXX,8,15,F,1,200309,1,"$75,492",1.0
GB00,11,C,17,09,A,0110,1,GS-09,D,XXXX,8,15,F,1,200309,1,"$40,044",0.7
HE10,11,G,17,14,E,0110,1,GM-14,J,XXXX,5,10,P,2,200309,1,"$102,004",14.7
HE10,11,H,17,15,H,0110,1,GS-15,L,XXXX,2,10,F,1,200309,1,"$124,783",28.9
HE10,11,E,18,13,C,0110,1,GS-13,G,XXXX,8,15,F,1,200309,1,"$71,357",4.2
HE10,11,I,21,14,H,0110,1,GM-14,J,XXXX,5,10,F,1,200309,1,"$106,086",25.9
HE10,11,E,17,14,D,0110,1,GS-14,I,XXXX,8,10,F,1,200309,1,"$92,484",9.3
HE10,11,J,04,14,E,0110,1,GS-14,J,XXXX,8,10,F,1,200309,1,"$106,086",12.6
HE10,11,K,21,15,I,0110,1,GM-15,L,XXXX,5,10,F,1,200309,1,"$124,783",34.5
HE32,24,F,21,15,E,0110,1,GS-15,I,XXXX,8,15,F,1,200309,1,"$95,987",11.3
HE32,24,I,21,14,F,0110,1,GS-14,J,XXXX,8,10,F,1,200309,1,"$106,086",18.0
HE32,24,F,01,,C,0110,1,AD-00,H,XXXX,8,48,F,2,200309,1,"$84,323",3.1
HE32,24,F,21,,C,0110,1,AD-00,F,XXXX,8,48,F,2,200309,1,"$69,685",4.9
HE32,24,C,17,,A,0110,1,AD-00,E,XXXX,8,48,F,2,200309,1,"$55,859",0.3
HE32,24,D,17,,C,0110,1,AD-00,G,XXXX,8,48,F,2,200309,1,"$73,659",3.2
HE32,24,F,19,,D,0110,1,AD-00,G,XXXX,8,48,F,2,200309,1,"$78,263",5.9
HE32,24,B,17,,A,0110,1,AD-00,E,XXXX,8,48,F,2,200309,1,"$54,913",0.3
HE32,24,E,21,,B,0110,1,AD-00,J,XXXX,8,48,F,2,200309,1,"$108,785",1.3
HE33,24,F,21,,E,0110,1,AD-00,K,XXXX,8,48,F,2,200309,1,"$116,576",10.9
HE33,24,F,21,14,E,0110,1,GS-14,J,XXXX,8,10,F,1,200309,1,"$106,086",11.8
HE33,24,G,21,15,E,0110,1,GS-15,L,XXXX,8,10,F,1,200309,1,"$124,783",10.1
HE33,24,F,21,14,E,0110,1,GS-14,J,XXXX,8,10,F,1,200309,1,"$106,086",13.9
HE33,24,I,22,14,G,0110,1,GS-14,J,XXXX,8,10,P,2,200309,1,"$106,086",24.2
HE33,24,G,21,14,E,0110,1,GS-14,J,XXXX,8,10,F,1,200309,1,"$106,086",12.4
HE33,24,I,17,,D,0110,1,RS-00,P,XXXX,2,38,F,1,200309,1,"$167,124",8.5
HE33,24,D,21,,C,0110,1,AD-00,H,XXXX,8,48,F,2,200309,1,"$85,169",3.8
HE33,24,E,21,,C,0110,1,AD-00,H,XXXX,8,48,F,2,200309,1,"$85,169",3.1
HE33,24,F,13,14,E,0110,1,GS-14,J,XXXX,8,10,F,1,200309,1,"$106,086",12.3
HE33,24,I,21,14,G,0110,1,GS-14,H,XXXX,8,10,F,1,200309,1,"$89,764",23.5
HE33,24,I,21,15,I,0110,1,GS-15,L,XXXX,8,10,F,1,200309,1,"$124,783",30.3
HE33,24,F,21,,C,0110,1,AD-00,H,XXXX,8,48,F,2,200309,1,"$85,169",4.0
HE33,24,J,21,,A,0110,1,EI-00,G,XXXX,8,48,I,2,200309,1,"$78,197",0.8
HE33,24,E,21,,C,0110,1,AD-00,J,XXXX,8,48,F,2,200309,1,"$100,645",3.8
HE33,24,G,15,,C,0110,1,AD-00,E,XXXX,8,48,F,2,200309,1,"$58,070",4.2
HE33,24,E,21,15,D,0110,1,GS-15,J,XXXX,8,10,F,1,200309,1,"$105,586",8.0
HE33,24,E,01,,D,0110,1,EE-00,I,XXXX,8,48,F,2,200309,1,"$97,922",6.1
HE34,24,K,17,13,H,0110,1,GS-13,H,XXXX,8,10,F,1,200309,1,"$89,774",25.9
HE34,24,F,17,13,E,0110,1,GS-13,H,XXXX,8,10,F,1,200309,1,"$82,867",14.1
HE36,24,F,21,,B,0110,1,AD-00,G,XXXX,8,48,F,2,200309,1,"$75,492",1.1
HE36,24,H,13,14,H,0110,1,GS-14,I,XXXX,8,10,F,1,200309,1,"$97,925",28.8
HE36,24,E,21,13,B,0110,1,GS-13,H,XXXX,8,20,F,2,200309,1,"$80,565",2.2
HE36,24,G,04,,D,0110,1,ES-03,N,XXXX,2,50,F,1,200309,1,"$142,500",5.5
HE36,24,E,17,13,E,0110,1,GS-13,H,XXXX,8,10,F,1,200309,1,"$80,565",13.3
HE36,24,I,17,14,G,0110,1,GS-14,J,XXXX,2,10,F,1,200309,1,"$103,366",24.7
HE36,11,I,17,15,H,0110,1,GS-15,K,XXXX,2,10,F,1,200309,1,"$111,985",26.2
HE36,11,D,15,13,C,0110,1,GS-13,H,XXXX,8,10,F,1,200309,1,"$82,867",4.2
HE36,24,D,16,13,B,0110,1,GS-13,G,XXXX,8,15,F,1,200309,1,"$75,961",2.7
HE36,24,G,04,,D,0110,1,AD-00,N,XXXX,8,**,F,2,200309,1,"$146,450",7.4
HE36,11,F,17,13,E,0110,1,GS-13,H,XXXX,8,10,F,1,200309,1,"$80,565",12.4
HE36,11,F,17,13,E,0110,1,GS-13,G,XXXX,8,10,F,1,200309,1,"$73,659",12.7
HE36,24,F,21,14,E,0110,1,GS-14,H,XXXX,8,10,F,1,200309,1,"$87,043",11.3
HE36,24,H,13,13,D,0110,1,GS-13,G,XXXX,8,15,P,2,200309,1,"$71,357",5.4
HE36,24,D,21,,B,0110,1,AD-00,G,XXXX,8,48,F,2,200309,1,"$75,492",1.1
HE36,11,H,21,14,D,0110,1,GS-14,I,XXXX,8,10,F,1,200309,1,"$92,484",8.3
HE36,24,G,21,13,F,0110,1,GS-13,H,XXXX,8,10,F,1,200309,1,"$82,867",16.1
HE36,24,B,04,,A,0110,1,AD-00,E,XXXX,8,48,F,2,200309,1,"$50,000",0.1
HE36,24,E,14,13,C,0110,1,GS-13,H,XXXX,8,15,F,1,200309,1,"$80,565",4.4
HE36,11,I,04,07,J,0119,3,GS-07,D,XXXX,8,10,F,1,200309,1,"$41,467",35.8
HE38,24,I,21,14,H,0110,1,GS-14,J,XXXX,8,10,F,1,200309,1,"$106,086",29.2
HE38,24,I,21,15,F,0110,1,GS-15,K,XXXX,8,10,F,1,200309,1,"$115,184",16.1
HE38,24,G,21,,C,0110,1,AD-00,I,XXXX,8,38,F,1,200309,1,"$97,547",4.0
HE38,24,C,21,13,B,0110,1,GS-13,G,XXXX,8,15,F,1,200309,1,"$73,659",2.3
HE38,24,I,21,,C,0110,1,AD-00,Q,XXXX,2,48,F,2,200309,1,"$172,600",4.3
HE38,24,I,21,14,G,0110,1,GS-14,J,XXXX,8,10,F,1,200309,1,"$106,086",23.3
HE38,24,H,21,14,E,0110,1,GS-14,I,XXXX,8,10,F,1,200309,1,"$92,484",14.8
HE38,24,I,21,,F,0110,1,AD-00,N,XXXX,2,48,F,2,200309,1,"$144,127",15.2
HE38,24,J,22,,A,0110,1,EI-00,Z,XXXX,8,48,I,2,200309,1,,0.8
HE39,54,I,21,13,G,0110,1,GS-13,H,XXXX,8,10,F,1,200309,1,"$85,051",20.9
HE39,13,G,21,14,D,0110,1,GS-14,H,XXXX,8,15,F,1,200309,1,"$88,259",6.1
HE39,13,H,21,13,E,0110,1,GS-13,H,XXXX,8,10,F,1,200309,1,"$83,742",13.8
HE39,13,G,21,,B,0110,1,AD-00,F,XXXX,8,48,F,2,200309,1,"$67,897",1.1
HE39,13,F,21,14,D,0110,1,GS-14,I,XXXX,8,10,F,1,200309,1,"$96,283",6.6
HE39,13,D,21,13,C,0110,1,GS-13,G,XXXX,8,10,F,1,200309,1,"$74,687",4.3
HE39,13,I,22,13,C,0110,1,GS-13,F,XXXX,8,15,F,1,200309,1,"$67,897",3.2
HE39,13,E,21,,B,0110,1,AD-00,F,XXXX,8,48,F,2,200309,1,"$66,613",2.0
HE39,13,D,21,13,B,0110,1,GS-13,F,XXXX,8,15,F,1,200309,1,"$67,897",2.0
HE39,13,F,21,,B,0110,1,AD-00,F,XXXX,8,48,F,2,200309,1,"$67,897",2.0
HE39,13,F,22,14,C,0110,1,GS-14,H,XXXX,8,15,F,1,200309,1,"$80,234",4.7
HE39,13,E,21,13,D,0110,1,GS-13,H,XXXX,8,10,F,1,200309,1,"$81,478",5.2
HE39,13,D,21,,C,0110,1,AD-00,G,XXXX,8,48,F,2,200309,1,"$70,160",3.2
HE39,13,D,21,,A,0110,1,AD-00,E,XXXX,8,48,F,2,200309,1,"$58,409",0.7
HE39,13,E,21,13,C,0110,1,GS-13,G,XXXX,8,10,F,1,200309,1,"$76,951",4.3
HE39,13,F,22,,B,0110,1,AD-00,F,XXXX,8,48,F,2,200309,1,"$67,897",2.0
HE39,13,E,21,,A,0110,1,AD-00,E,XXXX,8,48,F,2,200309,1,"$59,000",0.0
HE39,13,F,21,,B,0110,1,AD-00,F,XXXX,8,48,F,2,200309,1,"$60,903",1.0
HE39,13,G,21,,A,0110,1,AD-00,E,XXXX,8,48,F,2,200309,1,"$59,000",0.0
HE39,13,G,22,14,D,0110,1,GS-14,H,XXXX,8,10,F,1,200309,1,"$80,234",5.3
HE39,39,G,22,12,C,0110,1,GS-12,F,XXXX,8,15,F,1,200309,1,"$62,326",4.8
HE39,13,D,21,,A,0110,1,AD-00,E,XXXX,8,48,F,2,200309,1,"$59,000",0.0
HE39,13,F,21,,C,0110,1,AD-00,F,XXXX,8,48,F,2,200309,1,"$60,903",3.3
HE39,13,F,21,14,C,0110,1,GS-14,H,XXXX,8,10,F,1,200309,1,"$85,584",4.5
HE39,13,F,22,13,B,0110,1,GS-13,G,XXXX,8,15,F,1,200309,1,"$70,160",1.5
HE39,13,G,21,13,C,0110,1,GS-13,G,XXXX,8,15,F,1,200309,1,"$72,424",4.2
HE39,13,F,21,13,D,0110,1,GS-13,H,XXXX,8,10,F,1,200309,1,"$83,742",7.3
HE39,13,G,21,13,C,0110,1,GS-13,G,XXXX,8,10,F,1,200309,1,"$79,215",4.3
HE39,08,D,22,,B,0110,1,AD-00,F,XXXX,8,48,F,2,200309,1,"$60,227",2.0
HE39,13,G,21,,B,0110,1,AD-00,F,XXXX,8,48,F,2,200309,1,"$60,903",1.0
HE39,13,G,21,,B,0110,1,AD-00,F,XXXX,8,48,F,2,200309,1,"$60,903",1.0
HE39,13,H,22,14,C,0110,1,GS-14,H,XXXX,2,10,F,1,200309,1,"$85,584",4.7
HE39,24,D,18,,B,0110,1,AD-00,D,XXXX,8,48,F,2,200309,1,"$48,451",1.0
HE39,13,E,17,13,C,0110,1,GS-13,G,XXXX,8,15,F,1,200309,1,"$74,687",3.0
HE39,13,E,21,,C,0110,1,AD-00,G,XXXX,8,48,F,2,200309,1,"$72,424",3.2
HE39,13,E,18,14,E,0110,1,GS-14,H,XXXX,8,10,F,1,200309,1,"$85,584",13.2
HE39,13,D,21,,A,0110,1,AD-00,E,XXXX,8,48,F,2,200309,1,"$59,000",0.0
HE70,11,E,17,14,D,0110,1,GS-14,H,XXXX,8,10,P,2,200309,1,"$87,043",5.6
HE70,24,K,17,13,H,0110,1,GS-13,H,XXXX,8,10,F,1,200309,1,"$89,774",29.2
HE70,24,F,21,13,C,0110,1,GS-13,G,XXXX,8,10,F,1,200309,1,"$75,961",3.8
HE70,24,H,21,15,H,0110,1,GS-15,K,XXXX,8,10,F,1,200309,1,"$118,384",26.2
HE70,24,J,21,15,E,0110,1,GS-15,K,XXXX,2,10,F,1,200309,1,"$115,184",13.2
HE70,24,F,17,14,E,0110,1,GS-14,J,XXXX,8,10,F,1,200309,1,"$103,366",12.0
HE70,24,D,17,13,D,0110,1,GS-13,F,XXXX,8,10,F,1,200309,1,"$69,054",9.2
HE70,24,K,13,13,H,0110,1,GS-13,H,XXXX,8,10,F,1,200309,1,"$89,774",25.9
HE70,24,H,14,15,I,0110,1,GS-15,L,XXXX,2,10,F,1,200309,1,"$121,583",30.8
HE70,24,I,14,13,I,0110,1,GS-13,H,XXXX,8,10,F,1,200309,1,"$89,774",30.3
HE70,24,H,17,14,H,0110,1,GS-14,J,XXXX,8,10,F,1,200309,1,"$106,086",29.3
HE70,24,D,13,15,E,0110,1,GS-15,I,XXXX,2,10,F,1,200309,1,"$99,186",11.3
HE70,24,D,13,13,E,0110,1,GS-13,G,XXXX,8,10,P,2,200309,1,"$73,659",12.3
HE70,24,D,13,13,D,0110,1,GS-13,G,XXXX,8,10,F,1,200309,1,"$75,961",9.2
HE70,24,D,13,13,D,0110,1,GS-13,F,XXXX,8,10,F,1,200309,1,"$69,054",8.0
HE70,24,C,13,11,C,0110,1,GS-11,E,XXXX,8,10,F,1,200309,1,"$59,760",4.3
HE70,24,D,17,12,D,0110,1,GS-12,E,XXXX,8,10,F,1,200309,1,"$58,070",5.3
HE70,24,D,13,13,E,0110,1,GS-13,G,XXXX,8,10,F,1,200309,1,"$73,659",12.1
HE70,11,C,17,13,A,0110,1,GS-13,F,XXXX,8,15,F,1,200309,1,"$69,054",0.6
HE70,24,E,13,13,D,0110,1,GS-13,G,XXXX,8,10,F,1,200309,1,"$75,961",9.4
HE70,24,G,14,14,G,0110,1,GS-14,I,XXXX,8,10,F,1,200309,1,"$95,204",22.0
HE70,24,H,17,15,H,0110,1,GM-15,L,XXXX,2,10,F,1,200309,1,"$124,783",29.0
HE70,24,J,21,15,H,0110,1,GS-15,L,XXXX,8,10,F,1,200309,1,"$124,783",25.5
HE70,24,J,21,15,I,0110,1,GM-15,L,XXXX,2,10,F,1,200309,1,"$124,783",31.9
HE70,24,E,17,13,E,0110,1,GS-13,G,XXXX,8,10,F,1,200309,1,"$75,961",14.3
HE70,24,J,21,14,H,0110,1,GS-14,I,XXXX,6,10,F,1,200309,1,"$95,204",26.3
HE70,24,F,14,15,F,0110,1,GS-15,K,XXXX,8,10,F,1,200309,1,"$111,985",17.2
HSAC,51,C,17,13,D,0110,1,GS-13,G,XXXX,8,10,F,1,200309,1,"$71,357",5.7
HSAC,11,G,17,13,C,0110,1,GS-13,G,XXXX,8,10,F,1,200309,1,"$73,659",3.6
HSAC,11,E,21,14,B,0110,1,GS-14,H,XXXX,8,15,F,1,200309,1,"$84,323",1.7
HSAC,11,E,17,15,E,0110,1,GS-15,J,XXXX,2,10,F,1,200309,1,"$102,386",11.7
HSAC,11,E,17,13,A,0110,1,GS-13,F,XXXX,8,15,F,1,200309,1,"$69,054",0.0
HSAC,11,E,17,11,C,0110,1,GS-11,E,XXXX,8,15,F,1,200309,1,"$50,067",4.1
HSAC,11,C,13,14,B,0110,1,GS-14,H,XXXX,8,15,F,1,200309,1,"$84,323",2.8
HSAE,11,G,21,14,D,0110,1,GS-14,H,XXXX,8,10,F,1,200309,1,"$84,323",5.5
HSBC,51,D,17,,C,0110,1,SV-HH,E,XXXX,8,38,F,1,200309,1,"$51,308",3.8
HSBC,51,G,14,,G,0110,1,SV-II,I,XXXX,8,38,F,1,200309,1,"$94,589",24.8
HSBC,51,H,17,,J,0110,1,SV-JJ,H,XXXX,8,38,F,1,200309,1,"$86,416",35.0
HSCB,11,K,17,13,H,0110,1,GS-13,H,XXXX,8,10,F,1,200309,1,"$89,774",26.7
HU01,25,I,13,14,I,0110,1,GS-14,I,XXXX,2,10,F,1,200309,1,"$94,338",30.5
HU02,36,H,13,12,H,0110,1,GS-12,G,XXXX,8,10,F,1,200309,1,"$73,403",28.6
HU02,36,H,13,13,H,0110,1,GS-13,H,XXXX,8,10,F,1,200309,1,"$85,051",29.8
HU02,34,J,17,13,J,0110,1,GS-13,I,XXXX,8,10,F,1,200309,1,"$93,031",38.7
HU02,36,D,11,11,C,0110,1,GS-11,E,XXXX,8,15,F,1,200309,1,"$53,557",3.6
HU03,42,I,14,14,I,0110,1,GS-14,I,XXXX,8,10,F,1,200309,1,"$95,787",31.9
HU03,42,C,20,11,B,0110,1,GS-11,D,XXXX,8,15,F,1,200309,1,"$48,748",1.2
HU03,42,E,13,12,F,0110,1,GS-12,G,XXXX,8,10,F,1,200309,1,"$70,111",15.3
HU04,RQ,I,15,13,I,0110,1,GS-13,G,XXXX,8,10,F,1,200309,1,"$79,629",31.0
HU04,12,H,13,13,I,0110,1,GS-13,G,XXXX,8,10,F,1,200309,1,"$78,336",33.3
HU04,13,D,17,11,B,0110,1,GS-11,D,XXXX,8,15,F,1,200309,1,"$47,639",1.2
HU04,45,I,17,13,G,0110,1,GS-13,H,XXXX,8,10,F,1,200309,1,"$85,051",24.7
HU04,12,J,17,14,J,0110,1,GS-14,I,XXXX,2,10,F,1,200309,1,"$95,215",37.5
HU04,13,I,14,14,J,0110,1,GM-14,J,XXXX,2,10,F,1,200309,1,"$104,308",36.4
HU04,13,H,17,13,H,0110,1,GS-13,H,XXXX,8,10,F,1,200309,1,"$88,269",26.5
HU05,39,H,14,14,H,0110,1,GS-14,I,XXXX,2,10,F,1,200309,1,"$91,696",25.1
HU05,17,I,17,14,J,0110,1,GM-14,J,XXXX,2,10,F,1,200309,1,"$109,295",36.0
HU05,39,E,17,12,E,0110,1,GS-12,G,XXXX,8,10,F,1,200309,1,"$71,010",12.7
HU05,27,H,14,13,H,0110,1,GS-13,H,XXXX,8,10,F,1,200309,1,"$80,637",28.1
HU05,17,F,14,12,E,0110,1,GS-12,F,XXXX,8,10,F,1,200309,1,"$67,804",14.0
HU05,39,E,13,12,E,0110,1,GS-12,G,XXXX,8,10,F,1,200309,1,"$71,010",12.6
HU05,27,K,17,13,J,0110,1,GM-13,H,XXXX,2,10,F,1,200309,1,"$89,853",43.8
HU06,22,H,18,13,F,0110,1,GS-13,G,XXXX,8,10,F,1,200309,1,"$78,336",15.7
HU06,48,I,13,13,E,0110,1,GS-13,H,XXXX,8,10,F,1,200309,1,"$80,108",14.0
HU06,48,J,14,13,J,0110,1,GS-13,H,XXXX,8,10,F,1,200309,1,"$82,812",36.5
HU06,48,I,04,14,E,0110,1,GS-14,I,XXXX,2,10,F,1,200309,1,"$91,959",14.3
HU07,31,I,17,13,I,0110,1,GS-13,H,XXXX,8,10,F,1,200309,1,"$87,289",33.3
HU07,20,I,21,14,F,0110,1,GS-14,H,XXXX,2,10,F,1,200309,1,"$87,789",17.7
HU08,08,G,04,13,H,0110,1,GS-13,H,XXXX,8,10,F,1,200309,1,"$84,359",25.2
HU08,08,I,17,13,G,0110,1,GS-13,H,XXXX,8,10,F,1,200309,1,"$86,703",22.4
HU08,08,I,14,14,I,0110,1,GS-14,J,XXXX,2,10,F,1,200309,1,"$107,996",33.3
HU09,06,H,14,14,I,0110,1,GM-14,K,XXXX,2,10,F,1,200309,1,"$113,934",30.7
HU09,06,H,18,13,H,0110,1,GS-13,I,XXXX,8,10,F,1,200309,1,"$93,942",27.1
HU09,06,E,13,12,E,0110,1,GS-12,G,XXXX,8,10,F,1,200309,1,"$74,840",12.5
HU09,06,I,18,13,I,0110,1,GS-13,I,XXXX,8,10,F,1,200309,1,"$93,731",34.3
HU10,53,E,12,14,E,0110,1,GS-14,H,XXXX,2,10,F,1,200309,1,"$87,329",12.3
HU10,41,I,17,13,F,0110,1,GS-13,H,XXXX,8,10,F,1,200309,1,"$89,957",17.7
HUMM,11,H,20,13,C,0110,1,GS-13,G,XXXX,8,10,F,1,200309,1,"$78,263",4.6
HUMM,11,I,17,14,I,0110,1,GS-14,J,XXXX,8,10,F,1,200309,1,"$106,086",32.0
HUMM,11,F,21,15,E,0110,1,GS-15,L,XXXX,8,10,F,1,200309,1,"$124,783",11.3
HUMM,11,E,21,14,D,0110,1,GS-14,H,XXXX,8,10,F,1,200309,1,"$89,764",9.1
HUPP,11,H,13,13,C,0110,1,GS-13,G,XXXX,8,10,F,1,200309,1,"$75,961",4.7
HURR,11,D,22,14,C,0110,1,GS-14,H,XXXX,8,10,F,1,200309,1,"$81,602",3.6
HURR,11,J,21,14,H,0110,1,GS-14,J,XXXX,8,10,F,1,200309,1,"$106,086",26.3
HURR,11,J,17,14,H,0110,1,GM-14,J,XXXX,5,10,F,1,200309,1,"$106,086",25.3
HURR,11,I,18,15,I,0110,1,GS-15,L,XXXX,2,10,F,1,200309,1,"$124,783",33.4
HURR,11,G,21,15,F,0110,1,GS-15,I,XXXX,2,10,F,1,200309,1,"$99,186",19.9
HURR,11,I,21,14,E,0110,1,GS-14,I,XXXX,8,10,F,1,200309,1,"$97,925",12.5
HURR,11,E,21,14,C,0110,1,GS-14,H,XXXX,8,10,F,1,200309,1,"$81,602",3.5
HURR,11,G,17,14,D,0110,1,GS-14,H,XXXX,8,10,F,1,200309,1,"$89,764",5.8
HURR,11,G,21,14,E,0110,1,GS-14,J,XXXX,8,10,F,1,200309,1,"$100,645",14.9
HURR,11,F,17,14,F,0110,1,GS-14,I,XXXX,8,10,F,1,200309,1,"$95,204",16.0
HURR,11,G,17,14,E,0110,1,GS-14,I,XXXX,8,10,F,1,200309,1,"$95,204",12.7
HURR,11,I,15,15,F,0110,1,GS-15,K,XXXX,2,10,F,1,200309,1,"$111,985",17.4
HURR,11,I,18,,I,0110,1,ES-05,N,XXXX,2,50,F,1,200309,1,"$142,500",31.3
HURR,11,G,17,15,H,0110,1,GS-15,K,XXXX,2,10,F,1,200309,1,"$111,985",25.0
HURR,11,F,21,14,E,0110,1,GS-14,J,XXXX,8,10,F,1,200309,1,"$100,645",12.3
HURR,11,J,21,15,H,0110,1,GS-15,L,XXXX,2,10,F,1,200309,1,"$124,783",28.0
HURR,11,G,21,14,E,0110,1,GS-14,I,XXXX,8,10,F,1,200309,1,"$95,204",10.9
HURR,11,J,04,15,F,0110,1,GS-15,L,XXXX,2,10,F,1,200309,1,"$124,783",18.0
HURR,11,E,21,15,E,0110,1,GS-15,J,XXXX,2,10,F,1,200309,1,"$105,586",12.3
HURR,11,I,13,14,I,0110,1,GM-14,J,XXXX,2,10,F,1,200309,1,"$106,086",31.5
HURR,11,H,04,15,G,0110,1,GS-15,L,XXXX,2,10,F,1,200309,1,"$121,583",23.6
HURR,11,G,17,13,F,0110,1,GS-13,H,XXXX,8,10,F,1,200309,1,"$87,472",17.9
HUTT,11,F,21,15,C,0110,1,GS-15,K,XXXX,8,10,F,1,200309,1,"$111,985",4.0
IN01,11,E,21,14,C,0110,1,GS-14,H,XXXX,8,10,F,1,200309,1,"$84,323",4.3
IN01,11,K,21,15,I,0110,1,GS-15,L,XXXX,8,10,F,1,200309,1,"$124,783",34.5
IN01,11,K,17,15,J,0110,1,GS-15,L,XXXX,8,10,F,1,200309,1,"$124,783",41.3
IN01,11,I,17,15,G,0110,1,GS-15,L,XXXX,8,10,F,1,200309,1,"$124,783",22.2
IN01,11,G,17,15,F,0110,1,GS-15,J,XXXX,8,10,F,1,200309,1,"$102,386",18.8
IN01,11,J,17,,I,0110,1,ES-04,N,XXXX,2,50,F,1,200309,1,"$142,500",33.1
IN05,30,G,17,13,E,0110,1,GS-13,G,XXXX,8,10,F,1,200309,1,"$76,097",13.6
IN05,11,H,17,14,G,0110,1,GS-14,J,XXXX,8,10,F,1,200309,1,"$106,086",24.9
IN05,08,I,17,12,H,0110,1,GS-12,G,XXXX,8,10,F,1,200309,1,"$76,851",27.0
IN05,51,K,17,13,I,0110,1,GS-13,H,XXXX,8,10,F,1,200309,1,"$89,774",33.0
IN05,08,I,18,12,I,0110,1,GS-12,G,XXXX,8,10,F,1,200309,1,"$76,851",31.9
IN05,30,H,13,12,G,0110,1,GS-12,G,XXXX,8,10,F,1,200309,1,"$73,403",23.3
IN05,32,K,14,12,J,0110,1,GS-12,G,XXXX,8,10,F,1,200309,1,"$73,403",35.7
IN05,41,E,13,12,F,0110,1,GS-12,F,XXXX,8,10,F,1,200309,1,"$69,827",16.3
IN05,02,I,17,13,H,0110,1,GS-13,F,XXXX,8,10,F,1,200309,1,"$69,419",27.8
IN05,32,H,17,14,H,0110,1,GS-14,J,XXXX,8,10,F,1,200309,1,"$100,505",25.6
IN05,56,D,17,11,D,0110,1,GS-11,D,XXXX,8,10,F,1,200309,1,"$48,681",5.2
IN05,02,G,17,13,F,0110,1,GS-13,F,XXXX,8,10,F,1,200309,1,"$63,293",16.3
IN05,56,I,17,13,H,0110,1,GS-13,H,XXXX,8,10,F,1,200309,1,"$87,289",27.3
IN05,41,I,17,14,H,0110,1,GM-14,J,XXXX,2,10,F,1,200309,1,"$106,303",29.2
IN05,16,I,18,12,I,0110,1,GS-12,G,XXXX,8,10,F,1,200309,1,"$73,403",30.5
IN05,32,H,17,13,H,0110,1,GS-13,H,XXXX,8,10,F,1,200309,1,"$85,051",28.0
IN07,11,I,18,14,I,0110,1,GS-14,J,XXXX,5,10,F,1,200309,1,"$103,366",30.9
IN07,08,G,17,13,F,0110,1,GS-13,G,XXXX,8,10,F,1,200309,1,"$77,329",16.5
IN07,32,F,17,12,F,0110,1,GS-12,F,XXXX,8,10,F,1,200309,1,"$65,874",16.3
IN07,08,D,17,12,D,0110,1,GS-12,F,XXXX,8,10,F,1,200309,1,"$61,086",5.8
IN07,08,G,17,13,G,0110,1,GS-13,G,XXXX,8,10,F,1,200309,1,"$77,329",22.9
IN07,08,G,21,13,F,0110,1,GS-13,G,XXXX,8,10,F,1,200309,1,"$79,672",15.1
IN07,06,H,17,12,G,0110,1,GS-12,G,XXXX,8,10,F,1,200309,1,"$75,860",24.5
IN07,30,H,17,12,H,0110,1,GS-12,F,XXXX,8,10,F,1,200309,1,"$69,638",27.8
IN07,08,H,17,12,F,0110,1,GS-12,G,XXXX,8,10,F,1,200309,1,"$70,939",18.5
IN07,06,F,17,12,D,0110,1,GS-12,E,XXXX,8,10,F,1,200309,1,"$58,353",5.0
IN07,04,H,13,12,H,0110,1,GS-12,G,XXXX,8,10,F,1,200309,1,"$75,095",27.9
IN07,49,H,17,13,G,0110,1,GS-13,H,XXXX,8,10,F,1,200309,1,"$80,574",21.8
IN07,08,H,17,14,H,0110,1,GS-14,J,XXXX,2,10,F,1,200309,1,"$105,227",27.4
IN07,08,H,21,12,D,0110,1,GS-12,F,XXXX,8,10,F,1,200309,1,"$66,998",9.6
IN07,16,D,17,11,C,0110,1,GS-11,D,XXXX,8,10,F,1,200309,1,"$47,110",4.6
IN07,08,H,17,12,E,0110,1,GS-12,F,XXXX,8,10,F,1,200309,1,"$68,969",14.9
IN07,32,G,17,13,G,0110,1,GS-13,H,XXXX,2,10,F,1,200309,1,"$87,289",23.7
IN07,38,H,13,13,I,0110,1,GS-13,H,XXXX,8,10,F,1,200309,1,"$87,289",33.2
IN07,16,I,18,12,I,0110,1,GS-12,G,XXXX,8,10,F,1,200309,1,"$73,403",34.8
IN07,30,J,21,13,H,0110,1,GS-13,H,XXXX,8,10,F,1,200309,1,"$87,289",25.2
IN07,06,J,14,12,J,0110,1,GS-12,G,XXXX,8,10,F,1,200309,1,"$75,860",38.0
IN07,08,G,17,13,F,0110,1,GS-13,H,XXXX,8,10,F,1,200309,1,"$84,359",18.1
IN07,06,E,13,12,F,0110,1,GS-12,F,XXXX,8,10,F,1,200309,1,"$64,189",15.0
IN07,08,G,21,12,D,0110,1,GS-12,F,XXXX,8,10,F,1,200309,1,"$66,998",8.9
IN07,08,F,17,13,F,0110,1,GS-13,H,XXXX,8,10,F,1,200309,1,"$82,016",17.8
IN07,32,K,21,13,F,0110,1,GS-13,H,XXXX,8,10,F,1,200309,1,"$85,051",18.0
IN07,49,B,13,07,B,0110,1,GS-07,C,XXXX,8,15,F,1,200309,1,"$31,830",2.3
IN07,08,E,17,12,E,0110,1,GS-12,F,XXXX,8,10,F,1,200309,1,"$66,998",11.1
IN07,06,E,14,12,F,0110,1,GS-12,G,XXXX,8,10,F,1,200309,1,"$70,025",15.9
IN07,08,H,17,13,G,0110,1,GS-13,H,XXXX,8,10,F,1,200309,1,"$84,359",20.9
IN07,06,I,13,11,F,0110,1,GS-11,E,XXXX,8,10,F,1,200309,1,"$51,934",17.1
IN07,06,J,17,12,H,0110,1,GS-12,G,XXXX,8,10,F,1,200309,1,"$75,860",26.1
IN07,16,G,13,12,G,0110,1,GS-12,F,XXXX,8,10,F,1,200309,1,"$69,638",24.8
IN07,49,D,13,12,B,0110,1,GS-12,E,XXXX,8,15,F,1,200309,1,"$56,463",2.3
IN08,51,H,13,14,I,0110,1,GS-14,J,XXXX,8,10,F,1,200309,1,"$103,366",31.4
IN08,06,I,14,15,I,0110,1,GS-15,M,XXXX,8,10,F,1,200309,1,"$134,000",30.7
IN08,51,D,17,12,D,0110,1,GS-12,F,XXXX,8,10,F,1,200309,1,"$65,813",7.2
IN08,51,I,21,15,I,0110,1,GS-15,L,XXXX,2,10,F,1,200309,1,"$124,783",30.2
IN08,51,I,21,15,I,0110,1,GS-15,L,XXXX,8,10,F,1,200309,1,"$124,783",31.0
IN08,55,F,17,12,D,0110,1,GS-12,G,XXXX,8,10,F,1,200309,1,"$73,403",5.8
IN08,51,G,21,13,E,0110,1,GS-13,H,XXXX,8,10,F,1,200309,1,"$85,169",12.7
IN08,08,J,21,13,F,0110,1,GS-13,G,XXXX,8,10,F,1,200309,1,"$78,336",16.8
IN08,51,K,17,13,G,0110,1,GS-13,H,XXXX,8,10,F,1,200309,1,"$89,774",23.3
IN08,08,D,15,12,D,0110,1,GS-12,E,XXXX,8,10,F,1,200309,1,"$56,463",6.7
IN08,08,H,15,13,D,0110,1,GS-13,G,XXXX,8,20,I,2,200309,1,"$70,298",5.9
IN08,08,J,18,13,J,0110,1,GS-13,H,XXXX,8,10,F,1,200309,1,"$87,289",35.0
IN08,51,G,17,15,G,0110,1,GS-15,L,XXXX,8,10,F,1,200309,1,"$124,783",23.7
IN10,08,G,21,14,E,0110,1,GS-14,H,XXXX,8,10,F,1,200309,1,"$81,989",14.9
IN10,08,B,12,07,A,0110,1,GS-07,C,XXXX,8,15,F,1,200309,1,"$31,830",0.9
IN15,51,I,21,14,I,0110,1,GS-14,J,XXXX,2,10,F,1,200309,1,"$106,086",30.8
IN15,51,D,13,13,C,0110,1,GS-13,G,XXXX,8,10,F,1,200309,1,"$71,357",4.8
IN15,51,E,17,13,C,0110,1,GS-13,H,XXXX,8,10,F,1,200309,1,"$80,565",3.5
IN15,51,J,21,14,I,0110,1,GS-14,J,XXXX,8,10,F,1,200309,1,"$106,086",31.0
IN15,51,G,17,13,F,0110,1,GS-13,H,XXXX,8,10,F,1,200309,1,"$89,774",18.0
IN15,51,C,17,13,B,0110,1,GS-13,F,XXXX,8,15,F,1,200309,1,"$69,054",1.5
IN15,51,H,21,14,E,0110,1,GS-14,H,XXXX,8,10,F,1,200309,1,"$89,764",14.9
IN15,51,J,13,14,J,0110,1,GM-14,J,XXXX,2,10,F,1,200309,1,"$106,086",39.3
IN22,11,I,21,12,F,0110,1,GS-12,F,XXXX,8,10,F,1,200309,1,"$65,813",18.2
IN22,11,H,17,14,H,0110,1,GS-14,J,XXXX,8,10,F,1,200309,1,"$103,366",25.3
IN23,51,G,17,14,H,0110,1,GM-14,J,XXXX,5,10,F,1,200309,1,"$100,645",25.8
IN23,51,J,21,15,I,0110,1,GS-15,L,XXXX,2,10,F,1,200309,1,"$124,783",31.3
IN23,51,H,17,14,H,0110,1,GM-14,J,XXXX,5,10,F,1,200309,1,"$106,086",26.5
IN23,51,D,17,12,B,0110,1,GS-12,E,XXXX,8,15,P,2,200309,1,"$58,070",2.9
IN23,22,E,18,12,D,0110,1,GS-12,G,XXXX,8,10,F,1,200309,1,"$73,403",6.0
IN23,51,H,21,14,G,0110,1,GS-14,I,XXXX,8,10,F,1,200309,1,"$92,484",23.2
IN23,08,G,13,12,H,0110,1,GS-12,G,XXXX,8,10,F,1,200309,1,"$76,851",25.3
IN23,22,F,17,13,D,0110,1,GS-13,F,XXXX,8,10,F,1,200309,1,"$69,382",8.1
IN23,51,I,21,14,G,0110,1,GS-14,J,XXXX,8,10,F,1,200309,1,"$106,086",22.3
IN23,22,G,18,13,G,0110,1,GS-13,H,XXXX,8,10,F,1,200309,1,"$85,051",22.1
IN23,11,J,21,14,I,0110,1,GM-14,J,XXXX,5,10,F,1,200309,1,"$106,086",31.9
IN23,08,D,13,13,E,0110,1,GS-13,G,XXXX,8,10,F,1,200309,1,"$77,329",10.5
IN23,51,G,21,13,D,0110,1,GS-13,G,XXXX,8,10,F,1,200309,1,"$75,961",6.1
MC00,11,F,17,13,F,0110,1,GS-13,H,XXXX,8,10,F,1,200309,1,"$85,169",18.0
MC00,11,C,13,12,C,0110,1,GS-12,E,XXXX,8,10,F,1,200309,1,"$58,070",4.2
MC00,11,E,13,14,G,0110,1,GS-14,I,XXXX,2,10,F,1,200309,1,"$95,204",20.1
MC00,11,F,13,13,F,0110,1,GS-13,H,XXXX,8,10,F,1,200309,1,"$82,867",17.0
MC00,11,J,17,13,E,0110,1,GS-13,H,XXXX,8,10,F,1,200309,1,"$82,867",14.1
NF00,51,G,17,15,G,0110,1,GS-15,K,XXXX,2,10,F,1,200309,1,"$115,184",21.3
NF00,51,G,21,14,F,0110,1,GS-14,J,XXXX,8,10,F,1,200309,1,"$100,645",15.6
NF00,51,H,17,,G,0110,1,AD-00,J,XXXX,8,38,F,1,200309,1,"$105,525",24.8
NF00,51,G,13,14,G,0110,1,GS-14,J,XXXX,8,10,F,1,200309,1,"$106,086",24.3
NF00,51,K,18,,H,0110,1,AD-00,J,XXXX,8,38,F,1,200309,1,"$108,785",29.3
NF00,51,I,21,,G,0110,1,AD-00,L,XXXX,8,38,F,1,200309,1,"$127,168",24.9
NF00,51,J,21,,I,0110,1,AD-00,L,XXXX,4,38,F,1,200309,1,"$127,168",31.8
NF00,51,H,13,14,H,0110,1,GS-14,J,XXXX,8,10,F,1,200309,1,"$100,645",27.8
NF00,51,G,17,,F,0110,1,AD-00,L,XXXX,2,38,F,1,200309,1,"$127,168",16.2
NF00,51,F,21,,A,0110,1,AD-00,L,XXXX,8,48,F,2,200309,1,"$127,168",0.2
NF00,51,G,17,14,H,0110,1,GS-14,J,XXXX,8,10,F,1,200309,1,"$100,645",28.8
NF00,51,C,17,13,B,0110,1,GS-13,G,XXXX,8,15,F,1,200309,1,"$75,961",1.5
NF00,51,E,17,13,E,0110,1,GS-13,G,XXXX,8,10,F,1,200309,1,"$78,263",11.8
NF00,51,E,18,13,D,0110,1,GS-13,G,XXXX,8,10,F,1,200309,1,"$73,659",8.3
NU00,24,I,21,15,H,0110,1,GG-15,L,XXXX,8,38,F,1,200309,1,"$124,783",29.3
NU00,24,I,17,14,G,0110,1,GG-14,J,XXXX,8,38,F,1,200309,1,"$106,086",23.8
NV11,15,H,21,15,G,0110,1,GS-15,I,XXXX,5,10,F,1,200309,1,"$99,330",23.3
NV19,12,I,22,13,I,0110,1,GS-13,H,XXXX,8,10,F,1,200309,1,"$87,313",30.0
NV19,12,F,13,12,F,0110,1,GS-12,F,XXXX,8,10,F,1,200309,1,"$67,775",19.0
NV22,47,E,21,14,D,0110,1,GS-14,H,XXXX,8,10,F,1,200309,1,"$87,279",6.0
NV22,47,D,21,12,C,0110,1,GS-12,F,XXXX,8,15,F,1,200309,1,"$65,874",4.0
NV22,51,H,17,15,G,0110,1,GM-15,L,XXXX,2,10,F,1,200309,1,"$123,388",22.2
NV24,24,I,21,,G,0110,1,NT-05,I,XXXX,2,10,F,1,200309,1,"$90,264",23.0
NV41,51,C,13,11,B,0110,1,GS-11,D,XXXX,8,15,F,1,200309,1,"$48,451",2.7
NV41,51,C,13,11,B,0110,1,GS-11,E,XXXX,8,15,F,1,200309,1,"$54,913",1.1
NV41,51,B,13,09,B,0110,1,GS-09,D,XXXX,8,15,P,2,200309,1,"$45,383",1.3
NV41,51,C,13,12,C,0110,1,GS-12,E,XXXX,8,15,F,1,200309,1,"$58,070",3.0
NV41,51,E,21,13,D,0110,1,GS-13,G,XXXX,5,10,F,1,200309,1,"$75,961",5.9
NV41,51,E,17,15,E,0110,1,GS-15,J,XXXX,2,10,F,1,200309,1,"$105,586",11.7
NV62,06,I,17,11,G,0110,1,GS-11,F,XXXX,8,10,P,2,200309,1,"$67,651",24.7
RR00,17,F,13,12,G,0110,1,GS-12,G,XXXX,8,10,F,1,200309,1,"$73,787",20.3
RR00,17,F,13,12,F,0110,1,GS-12,F,XXXX,8,10,F,1,200309,1,"$69,798",18.2
RR00,17,E,13,12,E,0110,1,GS-12,F,XXXX,8,10,F,1,200309,1,"$67,804",12.2
SB00,11,J,04,14,J,0110,1,GS-14,J,XXXX,8,10,F,1,200309,1,"$106,086",35.2
SB00,11,H,17,14,I,0110,1,GS-14,J,XXXX,8,10,F,1,200309,1,"$106,086",30.2
SB00,11,D,,,D,0110,1,AD-00,I,XXXX,8,48,F,2,200309,1,"$95,204",9.2
SB00,11,D,,,C,0110,1,AD-00,E,XXXX,8,48,F,2,200309,1,"$53,298",4.8
SB00,11,D,,,A,0110,1,AD-00,G,XXXX,8,48,F,2,200309,1,"$71,357",0.3
SB00,11,H,,,C,0110,1,AD-00,H,XXXX,8,48,F,2,200309,1,"$89,774",3.0
SB00,11,K,21,14,H,0110,1,GS-14,J,XXXX,8,10,F,1,200309,1,"$106,086",26.3
SB00,11,H,18,15,H,0110,1,GM-15,L,XXXX,2,10,F,1,200309,1,"$124,783",29.0
SB00,11,F,,,B,0110,1,AD-00,H,XXXX,8,48,F,2,200309,1,"$89,774",2.2
SE00,11,K,18,,I,0110,1,SK-14,K,XXXX,8,10,F,1,200309,1,"$110,746",33.8
SE00,11,H,13,,H,0110,1,SK-14,K,XXXX,8,10,F,1,200309,1,"$119,118",28.7
SE00,11,E,21,,D,0110,1,SK-14,J,XXXX,8,15,F,1,200309,1,"$107,564",9.2
SE00,11,I,17,,D,0110,1,EX-04,M,XXXX,8,46,F,2,200309,1,"$134,000",9.9
SE00,11,F,21,,C,0110,1,SK-17,N,XXXX,2,10,F,1,200309,1,"$144,194",3.2
SE00,11,E,17,,E,0110,1,SK-14,K,XXXX,8,10,F,1,200309,1,"$110,746",10.9
SE00,11,E,21,,D,0110,1,SK-16,L,XXXX,8,10,F,1,200309,1,"$128,327",6.8
SE00,11,D,15,,B,0110,1,SK-13,G,XXXX,8,40,F,2,200309,1,"$74,190",2.7
SE00,11,G,17,,F,0110,1,SK-14,K,XXXX,8,10,F,1,200309,1,"$110,746",19.8
SE00,11,D,18,,C,0110,1,SK-14,K,XXXX,8,10,F,1,200309,1,"$110,746",3.1
SE00,11,H,14,,I,0110,1,SK-14,J,XXXX,8,10,F,1,200309,1,"$101,472",32.3
SE00,11,H,17,,H,0110,1,SK-14,K,XXXX,8,10,F,1,200309,1,"$119,118",29.4
SE00,11,G,15,,B,0110,1,SK-16,M,XXXX,8,15,F,1,200309,1,"$136,031",2.3
SE00,11,F,21,,E,0110,1,SK-14,K,XXXX,8,10,F,1,200309,1,"$110,746",13.0
SE00,11,I,21,,G,0110,1,SK-14,K,XXXX,8,10,F,1,200309,1,"$119,118",24.6
SE00,11,D,21,,D,0110,1,SK-14,L,XXXX,8,10,F,1,200309,1,"$128,123",6.3
SE00,11,D,21,,A,0110,1,SK-14,L,XXXX,8,15,F,1,200309,1,"$124,442",0.3
SE00,11,D,18,,C,0110,1,SK-14,K,XXXX,8,10,F,1,200309,1,"$110,746",3.0
SE00,11,J,21,,D,0110,1,SK-16,O,XXXX,8,10,F,1,200309,1,"$150,644",5.7
SE00,11,G,17,,G,0110,1,SK-14,K,XXXX,8,10,F,1,200309,1,"$119,118",24.0
SK00,24,H,18,14,G,0110,1,GS-14,I,XXXX,8,10,F,1,200309,1,"$97,925",21.3
SK00,24,H,17,15,H,0110,1,GS-15,K,XXXX,8,10,F,1,200309,1,"$111,985",28.9
SK00,24,H,17,14,H,0110,1,GS-14,J,XXXX,8,10,F,1,200309,1,"$106,086",27.4
SK00,24,G,17,13,G,0110,1,GS-13,H,XXXX,8,10,F,1,200309,1,"$80,565",24.5
SK00,24,G,18,14,F,0110,1,GS-14,H,XXXX,8,10,F,1,200309,1,"$89,764",16.1
SK00,24,H,17,14,H,0110,1,GS-14,J,XXXX,8,10,F,1,200309,1,"$106,086",27.9
SK00,24,H,14,14,J,0110,1,GS-14,J,XXXX,8,10,F,1,200309,1,"$103,366",35.1
SK00,24,H,21,15,G,0110,1,GS-15,K,XXXX,2,10,F,1,200309,1,"$115,184",24.9
ST00,GR,H,17,,H,0110,1,FO-01,K,XXXX,2,38,F,1,200309,1,"$110,682",25.7
ST00,AS,H,17,,H,0110,1,FE-MC,M,XXXX,2,38,F,1,200309,1,"$133,800",26.1
ST00,NG,E,17,,C,0110,1,FP-04,F,XXXX,8,38,F,1,200309,1,"$66,519",3.1
ST00,11,I,20,,F,0110,1,FO-02,I,XXXX,8,38,F,1,200309,1,"$98,526",17.8
ST00,QA,D,17,,D,0110,1,FO-03,E,XXXX,8,38,F,1,200309,1,"$57,578",6.0
ST00,BE,G,17,,D,0110,1,FO-02,F,XXXX,8,38,F,1,200309,1,"$68,988",9.3
ST00,NI,I,17,,I,0110,1,FO-01,K,XXXX,2,38,F,1,200309,1,"$110,682",31.4
ST00,UK,D,13,,C,0110,1,FO-04,E,XXXX,8,38,F,1,200309,1,"$52,510",4.0
ST00,TH,G,21,,F,0110,1,FO-01,K,XXXX,2,38,F,1,200309,1,"$110,682",18.7
ST00,SF,G,15,,G,0110,1,FO-02,I,XXXX,8,38,F,1,200309,1,"$92,714",20.8
ST00,11,G,13,,D,0110,1,FO-03,F,XXXX,8,38,F,1,200309,1,"$68,867",6.1
ST00,SA,G,17,,G,0110,1,FO-02,H,XXXX,8,38,F,1,200309,1,"$84,847",21.1
ST00,11,C,17,13,C,0110,1,GS-13,F,XXXX,8,10,F,1,200309,1,"$69,054",3.0
ST00,IS,D,17,,C,0110,1,FP-04,D,XXXX,8,38,F,1,200309,1,"$46,655",4.3
ST00,BE,H,17,,F,0110,1,FO-02,F,XXXX,8,38,F,1,200309,1,"$68,988",17.5
ST00,BM,D,17,,D,0110,1,FO-03,E,XXXX,8,38,F,1,200309,1,"$57,578",5.3
ST00,11,F,17,,F,0110,1,FO-02,H,XXXX,2,38,F,1,200309,1,"$84,989",17.4
ST00,KS,F,13,,E,0110,1,FO-01,J,XXXX,2,38,F,1,200309,1,"$104,711",13.7
ST00,PK,B,13,,B,0110,1,FP-05,D,XXXX,8,38,F,1,200309,1,"$45,140",1.3
ST00,NU,G,17,,F,0110,1,FO-02,I,XXXX,8,38,F,1,200309,1,"$98,360",19.2
ST00,11,E,13,,E,0110,1,FO-02,H,XXXX,8,38,F,1,200309,1,"$82,513",12.1
ST00,MO,E,17,,E,0110,1,FO-02,G,XXXX,2,38,F,1,200309,1,"$79,976",13.8
ST00,SF,C,13,,C,0110,1,FP-04,D,XXXX,8,38,F,1,200309,1,"$48,055",4.3
ST00,LH,F,21,,D,0110,1,FP-04,F,XXXX,8,38,F,1,200309,1,"$66,519",6.6
ST00,CB,E,17,,D,0110,1,FO-04,E,XXXX,8,38,F,1,200309,1,"$59,101",9.2
ST00,CH,H,21,,F,0110,1,FO-01,K,XXXX,2,38,F,1,200309,1,"$110,682",19.1
ST00,VM,D,13,,D,0110,1,FO-03,F,XXXX,8,38,F,1,200309,1,"$62,917",9.7
ST00,11,G,17,,F,0110,1,FO-02,J,XXXX,8,38,F,1,200309,1,"$107,662",18.4
ST00,11,C,13,,D,0110,1,FO-03,F,XXXX,8,38,F,1,200309,1,"$63,023",5.3
ST00,11,H,13,,F,0110,1,FO-01,I,XXXX,8,38,F,1,200309,1,"$95,987",18.9
ST00,ID,F,17,,G,0110,1,FO-03,G,XXXX,8,38,F,1,200309,1,"$72,938",20.3
ST00,11,I,17,,G,0110,1,FE-MC,N,XXXX,2,38,F,1,200309,1,"$142,500",23.0
ST00,PP,G,17,,E,0110,1,FO-03,F,XXXX,8,38,F,1,200309,1,"$64,805",10.9
ST00,NO,C,13,,C,0110,1,FP-04,D,XXXX,8,38,F,1,200309,1,"$45,296",3.3
ST00,11,H,17,,F,0110,1,FO-01,L,XXXX,2,38,F,1,200309,1,"$124,783",19.3
ST00,11,E,13,,D,0110,1,FO-03,F,XXXX,8,38,F,1,200309,1,"$68,867",8.5
ST00,11,I,17,,H,0110,1,FO-02,J,XXXX,8,38,F,1,200309,1,"$104,526",28.9
ST00,JA,E,04,,C,0110,1,FP-04,D,XXXX,8,38,F,1,200309,1,"$46,655",4.7
ST00,KS,D,04,,B,0110,1,FP-04,D,XXXX,8,38,F,1,200309,1,"$45,296",2.4
ST00,GT,C,13,,D,0110,1,FO-03,E,XXXX,8,38,F,1,200309,1,"$55,901",5.7
ST00,IT,F,17,,E,0110,1,FO-02,G,XXXX,8,38,F,1,200309,1,"$79,976",13.3
ST00,11,F,17,,G,0110,1,FO-01,L,XXXX,2,38,F,1,200309,1,"$121,593",20.3
ST00,SW,G,17,,G,0110,1,FO-01,K,XXXX,2,38,F,1,200309,1,"$110,682",20.7
ST00,CG,D,04,,C,0110,1,FP-04,D,XXXX,8,38,F,1,200309,1,"$45,296",4.7
ST00,HO,G,17,,F,0110,1,FO-01,J,XXXX,2,38,F,1,200309,1,"$104,711",16.3
ST00,HK,F,17,,E,0110,1,FO-03,G,XXXX,8,38,F,1,200309,1,"$72,938",12.7
ST00,11,D,17,,D,0110,1,FO-03,G,XXXX,8,38,F,1,200309,1,"$70,933",7.2
ST00,ID,C,17,,B,0110,1,FP-04,D,XXXX,8,38,F,1,200309,1,"$45,296",2.0
ST00,IS,D,13,,E,0110,1,FO-02,F,XXXX,8,38,F,1,200309,1,"$68,988",11.7
ST00,11,E,13,,E,0110,1,FO-02,I,XXXX,8,38,F,1,200309,1,"$95,657",12.9
ST00,MP,G,15,,A,0110,1,FP-04,F,XXXX,8,38,F,1,200309,1,"$66,519",0.5
ST00,11,H,17,,F,0110,1,FO-02,J,XXXX,8,38,F,1,200309,1,"$101,482",17.9
ST00,11,E,13,,E,0110,1,FO-02,I,XXXX,8,38,F,1,200309,1,"$90,165",13.3
ST00,SP,F,13,,G,0110,1,FO-01,K,XXXX,2,38,F,1,200309,1,"$110,682",22.5
ST00,TO,C,13,,B,0110,1,FP-05,D,XXXX,8,38,F,1,200309,1,"$42,549",2.4
ST00,PK,G,17,,E,0110,1,FO-02,I,XXXX,2,38,F,1,200309,1,"$90,014",13.7
ST00,UP,E,17,,D,0110,1,FO-04,F,XXXX,8,38,F,1,200309,1,"$62,700",9.9
ST00,BL,C,13,,C,0110,1,FP-04,D,XXXX,8,38,F,1,200309,1,"$45,296",3.5
ST00,SY,F,13,,G,0110,1,FO-03,G,XXXX,8,38,F,1,200309,1,"$77,380",20.9
ST00,11,G,17,,F,0110,1,FO-02,I,XXXX,8,38,F,1,200309,1,"$98,526",18.8
ST00,NO,C,13,,D,0110,1,FO-04,D,XXXX,8,38,F,1,200309,1,"$49,496",5.2
ST00,UP,H,17,,F,0110,1,FO-02,I,XXXX,8,38,F,1,200309,1,"$90,014",17.6
ST00,FI,D,17,,C,0110,1,FO-04,E,XXXX,8,38,F,1,200309,1,"$54,086",4.0
ST00,11,E,13,,E,0110,1,FO-02,H,XXXX,8,38,F,1,200309,1,"$80,111",11.5
ST00,CA,G,13,,G,0110,1,FO-01,J,XXXX,2,38,F,1,200309,1,"$107,853",23.4
ST00,CA,F,13,,F,0110,1,FO-02,G,XXXX,8,38,F,1,200309,1,"$79,976",16.4
ST00,IS,H,17,,F,0110,1,FO-01,J,XXXX,2,38,F,1,200309,1,"$101,662",18.5
ST00,11,D,21,14,B,0110,1,GG-14,J,XXXX,8,48,F,2,200309,1,"$106,086",1.0
ST00,11,K,21,15,I,0110,1,GS-15,L,XXXX,8,10,F,1,200309,1,"$124,783",33.0
ST00,JO,G,13,,E,0110,1,FO-03,G,XXXX,8,38,F,1,200309,1,"$75,126",11.7
ST00,TU,E,13,,E,0110,1,FO-02,I,XXXX,8,38,F,1,200309,1,"$90,014",13.2
ST00,GM,G,17,,H,0110,1,FE-MC,M,XXXX,2,38,F,1,200309,1,"$133,800",25.1
ST00,GT,G,13,,H,0110,1,FP-04,F,XXXX,8,38,F,1,200309,1,"$60,874",27.9
ST00,SG,F,17,,E,0110,1,FO-03,G,XXXX,8,38,F,1,200309,1,"$72,938",13.5
ST00,AJ,D,13,,B,0110,1,FP-05,D,XXXX,8,38,F,1,200309,1,"$41,310",2.2
ST00,SP,E,15,,E,0110,1,FP-03,F,XXXX,8,38,F,1,200309,1,"$64,805",10.7
ST00,11,F,13,,F,0110,1,FO-01,J,XXXX,4,38,F,1,200309,1,"$108,034",15.8
ST00,CH,G,13,,G,0110,1,FO-01,J,XXXX,2,38,F,1,200309,1,"$104,711",23.0
ST00,FR,C,17,,C,0110,1,FP-04,D,XXXX,8,38,F,1,200309,1,"$49,496",3.0
ST00,11,F,13,,E,0110,1,FO-03,H,XXXX,8,38,F,1,200309,1,"$82,230",14.6
ST00,BK,F,08,,E,0110,1,FP-04,E,XXXX,8,48,F,2,200309,1,"$50,981",13.8
ST00,11,G,17,,F,0110,1,FO-01,K,XXXX,2,38,F,1,200309,1,"$111,276",17.7
ST00,CH,C,04,,D,0110,1,FP-04,D,XXXX,8,38,F,1,200309,1,"$45,296",6.2
ST00,UK,F,17,,F,0110,1,FO-01,H,XXXX,8,38,F,1,200309,1,"$87,694",15.3
ST00,11,G,15,,H,0110,1,FO-01,L,XXXX,2,38,F,1,200309,1,"$124,783",27.3
ST00,11,H,17,14,F,0110,1,GS-14,H,XXXX,8,10,F,1,200309,1,"$89,764",18.1
ST00,11,H,17,,G,0110,1,FO-01,L,XXXX,2,38,F,1,200309,1,"$124,783",20.9
ST00,BE,G,21,,F,0110,1,FO-01,I,XXXX,8,38,F,1,200309,1,"$93,035",16.3
ST00,UK,G,13,,G,0110,1,FO-02,I,XXXX,8,38,F,1,200309,1,"$92,714",21.5
ST00,CE,F,13,,F,0110,1,FO-03,F,XXXX,8,38,F,1,200309,1,"$66,749",15.8
ST00,11,F,17,,E,0110,1,FO-03,G,XXXX,8,38,F,1,200309,1,"$79,836",12.5
ST00,36,G,17,,G,0110,1,FO-01,L,XXXX,2,38,F,1,200309,1,"$122,334",21.5
ST00,11,G,17,,G,0110,1,FO-01,L,XXXX,2,38,F,1,200309,1,"$124,783",22.7
ST00,11,G,13,,G,0110,1,FO-01,K,XXXX,8,38,F,1,200309,1,"$111,276",20.6
ST00,11,F,17,,F,0110,1,FO-02,I,XXXX,8,38,F,1,200309,1,"$92,870",16.0
ST00,TU,I,15,,B,0110,1,FP-04,F,XXXX,8,38,F,1,200309,1,"$66,519",1.0
ST00,EG,G,17,,G,0110,1,FO-02,I,XXXX,8,38,F,1,200309,1,"$90,014",20.8
ST00,DR,C,17,,B,0110,1,FP-04,D,XXXX,8,38,F,1,200309,1,"$48,055",1.7
ST00,JO,G,17,,F,0110,1,FO-01,I,XXXX,8,38,F,1,200309,1,"$98,701",16.4
ST00,11,G,21,,F,0110,1,FO-02,I,XXXX,8,38,F,1,200309,1,"$92,870",19.9
ST00,CH,D,17,,E,0110,1,FO-03,F,XXXX,8,38,F,1,200309,1,"$66,749",11.8
ST00,CH,C,17,,C,0110,1,FO-03,E,XXXX,8,38,F,1,200309,1,"$55,901",4.6
ST00,RS,G,17,,G,0110,1,FP-02,I,XXXX,2,48,F,2,200309,1,"$92,714",20.7
ST00,11,I,17,,H,0110,1,FO-01,L,XXXX,8,38,F,1,200309,1,"$124,783",27.3
ST00,MY,F,17,,F,0110,1,FO-02,G,XXXX,8,38,F,1,200309,1,"$75,385",16.3
ST00,BK,D,17,,D,0110,1,FO-03,E,XXXX,8,38,F,1,200309,1,"$57,578",7.6
ST00,11,E,17,,F,0110,1,FO-03,G,XXXX,8,38,F,1,200309,1,"$77,510",17.3
ST00,FR,H,17,,G,0110,1,FO-01,K,XXXX,2,38,F,1,200309,1,"$110,682",23.5
ST00,AS,G,17,,D,0110,1,FO-02,F,XXXX,8,38,F,1,200309,1,"$68,988",8.7
ST00,IS,D,15,,B,0110,1,FP-05,E,XXXX,8,38,F,1,200309,1,"$53,900",1.3
ST00,SP,E,14,,E,0110,1,FO-02,G,XXXX,8,38,F,1,200309,1,"$75,385",11.9
ST00,HK,D,17,,D,0110,1,FO-04,F,XXXX,8,38,F,1,200309,1,"$66,519",9.5
ST00,MX,F,17,,F,0110,1,FO-02,H,XXXX,8,38,F,1,200309,1,"$84,847",18.1
ST00,IN,I,17,,H,0110,1,FO-02,I,XXXX,2,38,F,1,200309,1,"$95,496",25.8
ST00,11,G,17,13,H,0110,1,GS-13,H,XXXX,8,10,F,1,200309,1,"$89,774",25.5
ST00,SA,C,17,,B,0110,1,FP-05,D,XXXX,8,38,F,1,200309,1,"$42,549",1.2
ST00,KS,H,13,,F,0110,1,FO-02,J,XXXX,2,38,F,1,200309,1,"$101,311",17.7
ST00,AE,D,15,,C,0110,1,FP-04,E,XXXX,8,38,F,1,200309,1,"$55,708",3.3
ST00,11,D,13,,D,0110,1,FO-03,F,XXXX,8,38,F,1,200309,1,"$66,860",6.5
ST00,11,G,13,,E,0110,1,FO-02,J,XXXX,8,38,F,1,200309,1,"$107,662",14.0
ST00,PL,E,17,,E,0110,1,FO-02,H,XXXX,8,38,F,1,200309,1,"$87,392",14.2
ST00,RP,D,17,,C,0110,1,FP-04,E,XXXX,8,38,F,1,200309,1,"$50,981",3.7
ST00,11,G,17,,G,0110,1,FO-02,J,XXXX,8,38,F,1,200309,1,"$107,662",24.2
ST00,11,H,17,,G,0110,1,ES-04,N,XXXX,2,50,F,1,200309,1,"$142,500",23.3
ST00,11,H,21,14,E,0110,1,GG-14,J,XXXX,8,48,F,2,200309,1,"$106,086",14.2
ST00,CH,E,17,,E,0110,1,FO-03,G,XXXX,8,38,F,1,200309,1,"$72,938",13.9
ST00,CD,D,17,,B,0110,1,FP-04,E,XXXX,8,38,F,1,200309,1,"$57,380",1.5
ST00,JA,C,13,,D,0110,1,FP-04,D,XXXX,8,38,F,1,200309,1,"$48,055",9.3
ST00,11,G,17,,H,0110,1,FO-01,L,XXXX,8,38,F,1,200309,1,"$124,783",25.9
ST00,11,F,17,,E,0110,1,FO-02,H,XXXX,8,38,F,1,200309,1,"$84,989",11.7
ST00,AF,E,17,,D,0110,1,FO-03,F,XXXX,8,38,F,1,200309,1,"$62,917",6.7
ST00,NI,G,17,,G,0110,1,FO-02,I,XXXX,2,38,F,1,200309,1,"$92,714",22.8
ST00,CH,F,17,,F,0110,1,FO-02,G,XXXX,8,38,F,1,200309,1,"$75,385",19.2
ST00,11,G,17,,G,0110,1,FO-02,I,XXXX,8,38,F,1,200309,1,"$90,165",20.6
ST00,BR,H,09,,G,0110,1,FO-01,J,XXXX,2,38,F,1,200309,1,"$107,853",22.6
ST00,11,G,13,,G,0110,1,FO-01,L,XXXX,2,38,F,1,200309,1,"$124,783",24.5
ST00,CA,I,17,,I,0110,1,FE-MC,M,XXXX,2,38,F,1,200309,1,"$134,000",33.5
ST00,SZ,H,17,,E,0110,1,FO-02,H,XXXX,8,38,F,1,200309,1,"$87,392",13.3
ST00,11,D,17,,D,0110,1,FO-03,F,XXXX,8,38,F,1,200309,1,"$68,867",6.0
ST00,DA,F,17,,F,0110,1,FO-02,H,XXXX,8,38,F,1,200309,1,"$87,392",18.2
ST00,BE,G,17,,G,0110,1,FO-01,J,XXXX,2,38,F,1,200309,1,"$101,662",20.5
ST00,VE,G,15,,F,0110,1,FO-01,I,XXXX,2,38,F,1,200309,1,"$98,701",19.1
ST00,RW,D,13,,D,0110,1,FP-04,E,XXXX,8,48,F,2,200309,1,"$55,708",6.2
ST00,UK,I,17,,I,0110,1,FE-MC,M,XXXX,2,38,F,1,200309,1,"$134,000",32.3
ST00,CB,E,17,,E,0110,1,FO-02,F,XXXX,8,38,F,1,200309,1,"$68,988",11.3
ST00,11,E,13,,F,0110,1,FO-02,H,XXXX,8,38,F,1,200309,1,"$84,989",15.3
ST00,CO,E,04,,D,0110,1,FO-04,E,XXXX,8,38,F,1,200309,1,"$57,380",6.8
ST00,MU,C,17,,C,0110,1,FP-04,D,XXXX,8,38,F,1,200309,1,"$48,055",3.7
ST00,CH,F,17,,F,0110,1,FO-03,F,XXXX,8,38,F,1,200309,1,"$61,085",15.5
ST00,PE,D,15,,C,0110,1,FP-04,D,XXXX,8,38,F,1,200309,1,"$49,496",4.3
ST00,11,D,17,,C,0110,1,FP-04,E,XXXX,8,38,F,1,200309,1,"$55,802",4.6
ST00,FR,G,17,,H,0110,1,FE-MC,M,XXXX,2,38,F,1,200309,1,"$133,800",25.6
ST00,11,E,17,,E,0110,1,FO-02,I,XXXX,8,38,F,1,200309,1,"$90,165",12.1
ST00,SN,F,13,,F,0110,1,FO-02,H,XXXX,8,38,F,1,200309,1,"$87,392",18.6
ST00,ID,E,17,,B,0110,1,FP-05,D,XXXX,8,38,F,1,200309,1,"$41,310",2.2
ST00,EG,F,04,,F,0110,1,FO-02,G,XXXX,8,38,F,1,200309,1,"$77,647",19.8
ST00,IS,F,17,,E,0110,1,FO-02,G,XXXX,8,38,F,1,200309,1,"$77,647",14.3
ST00,BR,D,13,,E,0110,1,FO-02,G,XXXX,8,38,F,1,200309,1,"$73,189",11.3
ST00,11,E,17,,D,0110,1,FO-03,F,XXXX,8,38,F,1,200309,1,"$66,860",8.9
ST00,11,D,17,,D,0110,1,FO-03,F,XXXX,8,38,F,1,200309,1,"$66,860",8.3
ST00,MX,F,17,,F,0110,1,FO-02,I,XXXX,2,38,F,1,200309,1,"$90,014",16.1
ST00,JA,G,17,,G,0110,1,FO-02,I,XXXX,8,38,F,1,200309,1,"$98,360",20.8
ST00,HO,D,04,,C,0110,1,FP-04,D,XXXX,8,38,F,1,200309,1,"$48,055",3.7
ST00,KU,D,21,,B,0110,1,FP-04,E,XXXX,8,38,F,1,200309,1,"$59,101",2.5
ST00,CA,D,04,,D,0110,1,FP-04,E,XXXX,8,38,F,1,200309,1,"$52,510",6.3
ST00,11,G,17,13,G,0110,1,GM-13,H,XXXX,5,10,F,1,200309,1,"$87,483",24.1
ST00,MO,D,13,,B,0110,1,FP-05,D,XXXX,8,38,F,1,200309,1,"$46,494",1.3
ST00,11,F,17,,F,0110,1,FO-02,H,XXXX,8,38,F,1,200309,1,"$87,539",15.3
ST00,KS,B,13,,B,0110,1,FP-05,D,XXXX,8,38,F,1,200309,1,"$41,310",1.7
ST00,11,H,17,,G,0110,1,FO-01,L,XXXX,2,38,F,1,200309,1,"$124,783",24.3
ST00,PE,F,17,,F,0110,1,FO-02,I,XXXX,2,38,F,1,200309,1,"$95,496",18.3
ST00,MX,H,17,,H,0110,1,FE-MC,M,XXXX,2,38,F,1,200309,1,"$134,000",28.2
ST00,MO,H,17,,F,0110,1,FO-03,G,XXXX,8,38,F,1,200309,1,"$70,814",19.4
ST00,11,F,13,,E,0110,1,FO-03,H,XXXX,8,38,F,1,200309,1,"$82,230",12.5
ST00,YI,E,13,,E,0110,1,FO-03,F,XXXX,8,38,F,1,200309,1,"$66,749",11.7
ST00,11,D,13,,C,0110,1,FP-04,E,XXXX,8,38,F,1,200309,1,"$54,177",3.7
ST00,11,H,17,,G,0110,1,FO-02,J,XXXX,8,38,F,1,200309,1,"$107,662",20.7
ST00,BB,C,17,,B,0110,1,FP-04,D,XXXX,8,38,F,1,200309,1,"$46,655",1.5
ST00,AL,F,15,,C,0110,1,FP-04,E,XXXX,8,38,F,1,200309,1,"$52,510",4.4
ST00,ID,H,15,,H,0110,1,FO-01,K,XXXX,2,38,F,1,200309,1,"$110,682",25.3
ST00,ES,F,17,,E,0110,1,FO-02,I,XXXX,2,38,F,1,200309,1,"$92,714",13.5
ST00,FR,D,04,,C,0110,1,FO-03,E,XXXX,8,38,F,1,200309,1,"$57,578",4.4
ST00,MX,D,13,,C,0110,1,FP-03,E,XXXX,8,48,F,2,200309,1,"$59,305",3.8
ST00,GM,G,17,,F,0110,1,FO-02,I,XXXX,8,38,F,1,200309,1,"$98,360",18.8
ST00,BE,D,04,,C,0110,1,FP-04,D,XXXX,8,38,F,1,200309,1,"$45,296",3.7
ST00,PA,G,17,,E,0110,1,FO-02,G,XXXX,8,38,F,1,200309,1,"$79,976",13.5
ST00,MX,F,17,,F,0110,1,FO-03,G,XXXX,8,38,F,1,200309,1,"$75,126",15.4
ST00,UK,H,17,,H,0110,1,FE-OC,L,XXXX,2,38,F,1,200309,1,"$122,000",26.0
ST00,VE,H,13,,I,0110,1,FO-02,I,XXXX,8,38,F,1,200309,1,"$90,014",30.4
ST00,IN,E,13,,E,0110,1,FP-04,E,XXXX,8,38,F,1,200309,1,"$54,086",14.8
ST00,CY,G,15,,D,0110,1,FO-02,G,XXXX,8,38,F,1,200309,1,"$71,058",9.9
ST00,YM,D,17,,B,0110,1,FP-05,D,XXXX,8,38,F,1,200309,1,"$43,825",2.7
ST00,CG,E,13,,F,0110,1,FO-03,F,XXXX,8,38,F,1,200309,1,"$62,917",15.1
ST00,11,J,21,,G,0110,1,FO-01,L,XXXX,8,38,F,1,200309,1,"$121,593",23.5
ST00,ID,F,04,,B,0110,1,FP-04,D,XXXX,8,38,F,1,200309,1,"$48,055",2.2
ST00,AE,F,17,,E,0110,1,FO-02,G,XXXX,8,38,F,1,200309,1,"$75,385",14.0
ST00,11,H,21,,H,0110,1,FO-02,I,XXXX,8,38,F,1,200309,1,"$98,526",26.8
ST00,SW,F,17,,E,0110,1,FO-03,F,XXXX,8,38,F,1,200309,1,"$64,805",11.7
ST00,SY,E,13,,E,0110,1,FP-04,E,XXXX,8,38,F,1,200309,1,"$52,510",11.4
ST00,AF,D,13,,D,0110,1,FO-03,E,XXXX,8,38,F,1,200309,1,"$57,578",6.7
ST00,FR,D,13,,D,0110,1,FO-03,F,XXXX,8,38,F,1,200309,1,"$61,085",8.7
ST00,11,J,13,15,J,0110,1,GS-15,K,XXXX,2,10,F,1,200309,1,"$111,985",37.8
ST00,CH,I,13,,G,0110,1,FO-04,F,XXXX,8,38,F,1,200309,1,"$66,519",24.4
ST00,11,H,17,,H,0110,1,FE-OC,M,XXXX,8,38,F,1,200309,1,"$137,543",26.7
ST00,TZ,E,04,,F,0110,1,FP-04,D,XXXX,8,38,F,1,200309,1,"$46,655",16.3
ST00,VM,C,13,,B,0110,1,FP-05,D,XXXX,8,38,F,1,200309,1,"$45,140",1.3
ST00,SF,H,04,,H,0110,1,FO-02,G,XXXX,8,38,F,1,200309,1,"$77,647",27.3
ST00,BR,E,04,,E,0110,1,FP-04,D,XXXX,8,38,F,1,200309,1,"$45,296",10.3
ST00,VM,G,17,,G,0110,1,FO-01,J,XXXX,2,38,F,1,200309,1,"$101,662",21.5
ST00,RS,G,17,,F,0110,1,FO-02,H,XXXX,8,38,F,1,200309,1,"$87,392",15.3
ST00,SN,G,17,,H,0110,1,FO-02,I,XXXX,8,38,F,1,200309,1,"$98,360",25.3
ST00,IV,I,17,,F,0110,1,FO-02,H,XXXX,8,38,F,1,200309,1,"$87,392",19.9
ST00,MX,C,17,,D,0110,1,FO-04,D,XXXX,8,38,F,1,200309,1,"$48,055",6.8
ST00,EG,D,17,,D,0110,1,FP-04,E,XXXX,8,38,F,1,200309,1,"$50,981",7.0
ST00,SF,I,17,,I,0110,1,FE-OC,L,XXXX,2,38,F,1,200309,1,"$127,500",33.3
ST00,GY,D,17,,B,0110,1,FP-04,D,XXXX,8,38,F,1,200309,1,"$48,055",2.0
ST00,HK,E,17,,D,0110,1,FO-03,F,XXXX,8,38,F,1,200309,1,"$66,749",9.9
ST00,HA,E,17,,E,0110,1,FO-03,F,XXXX,8,38,F,1,200309,1,"$66,749",11.1
ST00,CH,D,17,,C,0110,1,FP-04,D,XXXX,8,38,F,1,200309,1,"$46,655",4.0
ST00,11,H,17,,H,0110,1,FO-02,I,XXXX,8,38,F,1,200309,1,"$98,526",27.9
ST00,11,I,21,,H,0110,1,FO-02,J,XXXX,2,38,F,1,200309,1,"$107,662",28.7
ST00,NU,F,17,,F,0110,1,FO-01,I,XXXX,2,38,F,1,200309,1,"$95,826",18.3
ST00,JA,G,17,,E,0110,1,FO-02,G,XXXX,8,38,F,1,200309,1,"$77,647",12.9
ST00,CH,C,15,,B,0110,1,FP-05,D,XXXX,8,38,F,1,200309,1,"$45,140",1.3
ST00,11,I,16,,F,0110,1,FO-03,H,XXXX,8,38,F,1,200309,1,"$89,855",19.8
ST00,11,G,04,,G,0110,1,FO-03,I,XXXX,8,38,F,1,200309,1,"$92,552",20.8
ST00,KU,I,13,,F,0110,1,FO-02,H,XXXX,2,38,F,1,200309,1,"$82,375",18.9
ST00,KS,C,04,,C,0110,1,FP-04,D,XXXX,8,38,F,1,200309,1,"$46,655",3.8
ST00,11,G,17,,G,0110,1,FO-01,L,XXXX,8,38,F,1,200309,1,"$121,593",23.8
ST00,11,F,04,14,F,0110,1,GS-14,I,XXXX,8,10,F,1,200309,1,"$92,484",17.3
ST00,BK,E,13,,E,0110,1,FO-02,G,XXXX,2,38,F,1,200309,1,"$71,058",11.9
ST00,11,H,17,,H,0110,1,FO-01,L,XXXX,2,38,F,1,200309,1,"$124,783",28.2
ST00,11,I,17,,F,0110,1,FO-02,J,XXXX,8,38,F,1,200309,1,"$104,526",19.7
ST00,JA,D,04,,E,0110,1,FP-04,E,XXXX,8,38,F,1,200309,1,"$52,510",12.3
ST00,PK,F,15,,E,0110,1,FO-03,F,XXXX,8,38,F,1,200309,1,"$64,805",13.5
ST00,11,F,17,,F,0110,1,FO-02,J,XXXX,8,38,F,1,200309,1,"$107,662",19.7
ST00,SZ,G,17,,F,0110,1,FO-02,G,XXXX,8,38,F,1,200309,1,"$75,385",19.2
ST00,11,G,17,,C,0110,1,FO-04,E,XXXX,8,38,F,1,200309,1,"$55,802",4.7
ST00,UK,G,17,,F,0110,1,FO-02,G,XXXX,8,38,F,1,200309,1,"$77,647",16.3
ST00,JA,E,13,,E,0110,1,FO-02,G,XXXX,8,38,F,1,200309,1,"$75,385",13.5
ST00,11,F,13,,F,0110,1,FO-02,J,XXXX,8,38,F,1,200309,1,"$101,482",16.3
ST00,RO,I,15,,E,0110,1,FP-04,E,XXXX,8,38,F,1,200309,1,"$59,101",11.1
ST00,BK,D,04,,C,0110,1,FO-04,E,XXXX,8,38,F,1,200309,1,"$59,101",4.3
ST00,JM,E,04,,E,0110,1,FO-02,G,XXXX,2,38,F,1,200309,1,"$75,385",14.6
ST00,NL,D,17,,D,0110,1,FO-04,E,XXXX,8,38,F,1,200309,1,"$52,510",8.8
ST00,11,G,17,,G,0110,1,FO-02,J,XXXX,8,38,F,1,200309,1,"$104,526",22.0
ST00,CI,E,13,,F,0110,1,FO-02,G,XXXX,8,38,F,1,200309,1,"$79,976",16.3
ST00,RO,F,17,,E,0110,1,FO-02,G,XXXX,8,38,F,1,200309,1,"$77,647",12.5
ST00,BG,E,15,,D,0110,1,FO-03,E,XXXX,8,38,F,1,200309,1,"$59,305",7.2
ST00,BR,D,17,,D,0110,1,FO-03,E,XXXX,8,38,F,1,200309,1,"$57,578",5.7
ST00,TU,D,04,,D,0110,1,FP-04,D,XXXX,8,38,F,1,200309,1,"$46,655",7.8
ST00,FR,F,17,,F,0110,1,FO-01,I,XXXX,2,38,F,1,200309,1,"$90,325",16.0
ST00,IT,F,17,,F,0110,1,FO-03,G,XXXX,8,38,F,1,200309,1,"$75,126",17.7
ST00,11,J,04,,E,0110,1,FP-03,I,XXXX,8,38,F,1,200309,1,"$92,552",10.9
ST00,UP,E,17,,E,0110,1,FO-03,G,XXXX,8,38,F,1,200309,1,"$72,938",14.2
ST00,SP,F,15,,C,0110,1,FP-04,E,XXXX,8,38,F,1,200309,1,"$52,510",3.5
ST00,CH,I,20,,G,0110,1,FO-02,I,XXXX,8,38,F,1,200309,1,"$95,496",23.6
ST00,BR,G,17,,E,0110,1,FO-03,G,XXXX,8,38,F,1,200309,1,"$75,126",13.1
ST00,TU,F,17,,F,0110,1,FO-02,I,XXXX,8,38,F,1,200309,1,"$90,014",15.7
ST00,MZ,E,17,,E,0110,1,FO-02,G,XXXX,8,38,F,1,200309,1,"$71,058",11.7
ST00,11,I,21,14,A,0110,1,GS-14,J,XXXX,5,15,F,1,200309,1,"$106,086",0.9
ST00,TW,H,17,,H,0110,1,FO-03,G,XXXX,8,38,F,1,200309,1,"$77,380",26.6
ST00,RS,G,17,,G,0110,1,FE-OC,K,XXXX,2,38,F,1,200309,1,"$116,500",20.6
ST00,AR,E,04,,C,0110,1,FP-04,F,XXXX,8,38,F,1,200309,1,"$64,581",3.7
ST00,KS,H,13,,D,0110,1,FO-03,F,XXXX,8,38,F,1,200309,1,"$61,085",9.5
ST00,11,F,15,,E,0110,1,FO-02,H,XXXX,8,38,F,1,200309,1,"$87,539",12.7
ST00,JA,E,17,,E,0110,1,FO-02,G,XXXX,8,38,F,1,200309,1,"$73,189",11.7
ST00,JA,D,04,,C,0110,1,FP-04,D,XXXX,8,38,F,1,200309,1,"$45,296",4.3
ST00,MY,E,15,,C,0110,1,FP-04,E,XXXX,8,38,F,1,200309,1,"$55,708",4.4
ST00,11,I,21,15,F,0110,1,GG-15,L,XXXX,2,48,F,2,200309,1,"$124,783",18.2
ST00,RS,E,17,,E,0110,1,FO-03,F,XXXX,8,38,F,1,200309,1,"$61,085",12.6
ST00,11,I,17,,H,0110,1,FO-01,L,XXXX,2,38,F,1,200309,1,"$124,783",27.3
ST00,KE,F,13,,D,0110,1,FP-04,D,XXXX,8,38,F,1,200309,1,"$49,496",5.5
ST00,11,F,17,13,F,0110,1,GS-13,H,XXXX,8,10,F,1,200309,1,"$80,565",17.5
ST00,VM,F,13,,D,0110,1,FO-03,F,XXXX,8,38,F,1,200309,1,"$62,917",9.3
ST00,11,G,17,,G,0110,1,FO-01,L,XXXX,2,38,F,1,200309,1,"$121,593",21.0
ST00,NI,E,15,,D,0110,1,FO-03,E,XXXX,8,38,F,1,200309,1,"$59,305",9.2
ST00,PK,D,04,,C,0110,1,FP-04,D,XXXX,8,38,F,1,200309,1,"$48,055",3.5
ST00,CH,G,17,,E,0110,1,FO-03,G,XXXX,8,38,F,1,200309,1,"$77,380",14.5
ST00,11,G,17,,E,0110,1,FO-02,I,XXXX,8,38,F,1,200309,1,"$98,526",14.4
ST00,BH,I,13,,G,0110,1,FO-02,G,XXXX,8,38,F,1,200309,1,"$79,976",22.4
ST00,AU,F,13,,G,0110,1,FO-01,I,XXXX,8,38,F,1,200309,1,"$98,701",20.3
ST00,TH,D,17,,C,0110,1,FP-04,E,XXXX,8,38,F,1,200309,1,"$50,981",3.7
ST00,CH,E,13,,F,0110,1,FO-03,G,XXXX,8,38,F,1,200309,1,"$72,938",15.0
ST00,BG,F,17,,F,0110,1,FO-02,G,XXXX,8,38,F,1,200309,1,"$79,976",15.8
ST00,11,G,17,,F,0110,1,FO-02,I,XXXX,8,38,F,1,200309,1,"$90,165",19.1
ST00,JA,E,15,,D,0110,1,FO-03,E,XXXX,8,38,F,1,200309,1,"$59,305",7.8
ST00,JA,E,17,,D,0110,1,FO-03,F,XXXX,8,38,F,1,200309,1,"$62,917",8.7
ST00,AJ,F,17,,D,0110,1,FO-03,F,XXXX,8,38,F,1,200309,1,"$62,917",9.9
ST00,MI,D,21,,D,0110,1,FO-03,E,XXXX,8,38,F,1,200309,1,"$59,305",5.0
ST00,11,G,17,,F,0110,1,FO-02,I,XXXX,8,38,F,1,200309,1,"$98,526",18.1
ST00,AO,D,17,,D,0110,1,FP-04,E,XXXX,8,38,F,1,200309,1,"$59,101",6.3
ST00,CY,E,13,,E,0110,1,FP-04,E,XXXX,8,38,F,1,200309,1,"$54,086",13.3
ST00,11,F,17,,F,0110,1,FO-02,I,XXXX,8,38,F,1,200309,1,"$92,870",17.3
ST00,11,G,17,,G,0110,1,FO-01,K,XXXX,2,38,F,1,200309,1,"$118,051",20.3
ST00,IN,G,17,,E,0110,1,FO-02,H,XXXX,8,38,F,1,200309,1,"$82,375",12.5
ST00,TH,F,17,,F,0110,1,FO-02,I,XXXX,8,38,F,1,200309,1,"$90,014",18.0
ST00,11,H,17,,H,0110,1,FO-01,L,XXXX,8,38,F,1,200309,1,"$124,783",25.3
ST00,AS,G,17,,G,0110,1,FO-01,J,XXXX,2,38,F,1,200309,1,"$104,711",21.4
ST00,AS,E,13,,F,0110,1,FO-02,H,XXXX,8,38,F,1,200309,1,"$84,847",17.5
ST00,BU,H,21,,F,0110,1,FO-02,I,XXXX,8,38,F,1,200309,1,"$90,014",15.3
ST00,36,E,17,,D,0110,1,FO-04,F,XXXX,8,38,F,1,200309,1,"$67,037",7.9
ST00,VE,D,17,,C,0110,1,FO-04,D,XXXX,8,38,F,1,200309,1,"$49,496",4.0
ST00,PM,D,15,,C,0110,1,FP-04,D,XXXX,8,38,F,1,200309,1,"$49,496",4.7
ST00,11,E,13,,F,0110,1,FO-03,G,XXXX,8,38,F,1,200309,1,"$79,836",15.0
ST00,NL,H,17,,G,0110,1,FO-01,K,XXXX,2,38,F,1,200309,1,"$110,682",23.1
ST00,RS,E,17,,F,0110,1,FP-02,I,XXXX,8,48,F,2,200309,1,"$90,014",17.0
ST00,EC,G,17,,D,0110,1,FO-03,E,XXXX,8,38,F,1,200309,1,"$59,305",9.0
ST00,11,C,04,,C,0110,1,FP-04,E,XXXX,8,38,F,1,200309,1,"$54,177",4.1
ST00,MX,C,04,,C,0110,1,FP-04,D,XXXX,8,38,F,1,200309,1,"$46,655",3.7
ST00,11,I,17,,E,0110,1,FO-03,G,XXXX,8,38,F,1,200309,1,"$75,253",11.4
ST00,QA,C,17,,C,0110,1,FP-04,D,XXXX,8,38,F,1,200309,1,"$45,296",3.9
ST00,CE,E,17,,E,0110,1,FO-03,F,XXXX,8,38,F,1,200309,1,"$68,751",11.1
ST00,BY,H,21,,B,0110,1,FP-04,F,XXXX,8,38,F,1,200309,1,"$66,519",2.7
ST00,TD,G,17,,G,0110,1,FO-02,I,XXXX,8,38,F,1,200309,1,"$95,496",20.8
ST00,JA,I,17,,J,0110,1,FE-MC,M,XXXX,2,38,F,1,200309,1,"$134,000",35.1
ST00,ET,D,15,,B,0110,1,FP-05,D,XXXX,8,38,F,1,200309,1,"$40,106",2.7
ST00,NI,E,15,,B,0110,1,FP-04,F,XXXX,8,38,F,1,200309,1,"$66,519",1.5
ST00,11,H,17,,F,0110,1,FP-03,H,XXXX,8,38,F,1,200309,1,"$82,230",18.8
ST00,AR,D,15,,C,0110,1,FP-04,D,XXXX,8,38,F,1,200309,1,"$46,655",3.3
ST00,SF,G,17,,F,0110,1,FO-02,G,XXXX,8,38,F,1,200309,1,"$71,058",17.0
ST00,RP,F,04,,D,0110,1,FP-04,E,XXXX,8,38,F,1,200309,1,"$59,101",6.4
ST00,CH,G,04,,C,0110,1,FO-02,G,XXXX,8,38,F,1,200309,1,"$77,647",3.2
ST00,RP,J,17,,H,0110,1,FE-OC,L,XXXX,2,38,F,1,200309,1,"$127,500",28.7
ST00,11,I,21,,G,0110,1,FO-02,K,XXXX,8,38,F,1,200309,1,"$114,218",24.9
ST00,11,C,17,,D,0110,1,FP-04,E,XXXX,8,38,F,1,200309,1,"$57,476",6.7
ST00,CH,D,13,,E,0110,1,FO-03,F,XXXX,8,38,F,1,200309,1,"$66,749",11.5
ST00,JM,D,17,,B,0110,1,FP-04,E,XXXX,8,38,F,1,200309,1,"$50,981",1.7
ST00,DR,H,17,,H,0110,1,FO-01,K,XXXX,2,38,F,1,200309,1,"$110,682",29.1
ST00,ET,E,04,,D,0110,1,FP-04,D,XXXX,8,38,F,1,200309,1,"$46,655",8.5
ST00,GM,G,17,,D,0110,1,FO-02,F,XXXX,8,38,F,1,200309,1,"$68,988",9.7
ST00,BE,H,13,,G,0110,1,FO-01,J,XXXX,2,38,F,1,200309,1,"$101,662",20.0
ST00,IS,D,13,,E,0110,1,FO-02,G,XXXX,8,38,F,1,200309,1,"$77,647",11.1
ST00,PL,E,17,,D,0110,1,FO-03,F,XXXX,8,38,F,1,200309,1,"$68,751",9.9
ST00,11,E,17,14,B,0110,1,GS-14,I,XXXX,5,15,F,1,200309,1,"$92,484",1.1
ST00,SN,F,13,,F,0110,1,FO-01,J,XXXX,2,38,F,1,200309,1,"$101,662",17.1
ST00,TH,F,04,,C,0110,1,FO-03,F,XXXX,8,38,F,1,200309,1,"$66,749",4.4
ST00,MY,D,15,,D,0110,1,FO-03,E,XXXX,8,38,F,1,200309,1,"$59,305",6.0
ST00,TD,D,15,,B,0110,1,FP-04,E,XXXX,8,38,F,1,200309,1,"$50,981",1.5
ST00,AU,G,17,,F,0110,1,FO-02,I,XXXX,8,38,F,1,200309,1,"$92,714",19.7
ST00,11,D,13,,C,0110,1,FP-04,E,XXXX,8,38,F,1,200309,1,"$57,476",4.3
ST00,11,C,17,,D,0110,1,FP-04,E,XXXX,8,38,F,1,200309,1,"$59,200",6.0
ST00,11,G,17,,G,0110,1,FO-01,K,XXXX,8,38,F,1,200309,1,"$114,614",22.6
ST00,ZA,E,17,,F,0110,1,FO-04,E,XXXX,8,38,F,1,200309,1,"$52,510",17.8
ST00,JM,D,13,,C,0110,1,FP-04,D,XXXX,8,38,F,1,200309,1,"$48,055",4.9
ST00,NI,B,13,,A,0110,1,FP-06,C,XXXX,8,38,F,1,200309,1,"$36,929",0.7
ST00,SA,D,13,,B,0110,1,FP-05,D,XXXX,8,38,F,1,200309,1,"$45,140",1.3
ST00,GM,C,17,,C,0110,1,FP-04,D,XXXX,8,38,F,1,200309,1,"$46,655",3.2
ST00,IT,E,17,,C,0110,1,FO-03,E,XXXX,8,38,F,1,200309,1,"$59,305",4.4
ST00,11,I,17,14,I,0110,1,GM-14,J,XXXX,5,10,F,1,200309,1,"$106,086",33.9
ST00,11,H,17,,H,0110,1,FE-MC,N,XXXX,2,38,F,1,200309,1,"$142,500",28.0
ST00,BR,F,17,,F,0110,1,FO-02,G,XXXX,8,38,F,1,200309,1,"$73,189",18.0
ST00,SZ,E,17,,F,0110,1,FO-01,I,XXXX,8,38,F,1,200309,1,"$90,325",15.7
ST00,CS,F,17,,E,0110,1,FO-02,I,XXXX,8,38,F,1,200309,1,"$90,014",12.9
ST00,JO,C,13,,C,0110,1,FP-04,D,XXXX,8,38,F,1,200309,1,"$45,296",3.2
ST00,SZ,F,17,,E,0110,1,FO-02,F,XXXX,8,38,F,1,200309,1,"$68,988",12.7
ST00,RS,C,13,,C,0110,1,FP-04,D,XXXX,8,38,F,1,200309,1,"$45,296",3.3
ST00,CA,H,17,,F,0110,1,FO-02,H,XXXX,8,38,F,1,200309,1,"$87,392",18.2
ST00,RS,H,17,,G,0110,1,FO-01,J,XXXX,2,38,F,1,200309,1,"$107,853",24.0
ST00,11,C,13,,C,0110,1,FP-04,E,XXXX,8,38,F,1,200309,1,"$55,802",4.3
ST00,BE,F,17,,E,0110,1,FO-02,G,XXXX,8,38,F,1,200309,1,"$73,189",12.1
ST00,CO,C,13,,D,0110,1,FP-04,D,XXXX,8,38,F,1,200309,1,"$46,655",5.7
ST00,CO,C,17,,B,0110,1,FP-04,D,XXXX,8,38,F,1,200309,1,"$46,655",2.0
ST00,GM,G,17,,F,0110,1,FO-02,I,XXXX,8,38,F,1,200309,1,"$92,714",17.8
ST00,IN,G,17,,F,0110,1,FO-01,K,XXXX,2,38,F,1,200309,1,"$110,682",19.7
ST00,BE,D,13,,D,0110,1,FP-04,E,XXXX,8,38,F,1,200309,1,"$50,981",7.3
ST00,AL,D,04,,C,0110,1,FO-03,E,XXXX,8,38,F,1,200309,1,"$55,901",4.4
ST00,CH,F,17,,F,0110,1,FO-02,G,XXXX,8,38,F,1,200309,1,"$79,976",15.3
ST00,11,G,13,,F,0110,1,FO-02,J,XXXX,8,38,S,2,200309,1,"$107,662",18.1
ST00,GM,G,17,,F,0110,1,FO-02,I,XXXX,8,38,F,1,200309,1,"$90,014",16.4
ST00,11,E,17,,E,0110,1,FO-02,I,XXXX,8,38,F,1,200309,1,"$95,657",14.5
ST00,11,H,17,,G,0110,1,FE-OC,M,XXXX,2,38,F,1,200309,1,"$137,543",21.0
ST00,TS,C,17,,A,0110,1,FP-05,D,XXXX,8,38,F,1,200309,1,"$43,825",0.8
ST00,IC,F,17,,F,0110,1,FO-03,G,XXXX,8,38,F,1,200309,1,"$72,938",15.9
ST00,ES,E,17,,C,0110,1,FP-04,D,XXXX,8,38,F,1,200309,1,"$49,496",3.2
ST00,IN,G,17,,G,0110,1,FO-02,G,XXXX,8,38,F,1,200309,1,"$77,647",21.9
ST00,11,E,17,,E,0110,1,FO-02,H,XXXX,8,38,F,1,200309,1,"$84,989",11.5
ST00,11,H,13,,I,0110,1,FO-01,L,XXXX,8,38,F,1,200309,1,"$124,783",31.1
ST00,JA,H,17,,G,0110,1,FO-01,J,XXXX,2,38,F,1,200309,1,"$104,711",22.2
ST00,CA,G,15,,F,0110,1,FO-02,J,XXXX,2,38,F,1,200309,1,"$101,311",15.8
ST00,SN,F,13,,E,0110,1,FO-01,H,XXXX,8,38,F,1,200309,1,"$85,140",14.8
ST00,PE,D,04,,D,0110,1,FP-04,D,XXXX,8,38,F,1,200309,1,"$49,496",7.7
ST00,LE,C,13,,D,0110,1,FO-04,E,XXXX,8,38,F,1,200309,1,"$50,981",6.1
ST00,11,F,13,,E,0110,1,FO-02,H,XXXX,8,38,F,1,200309,1,"$82,513",11.9
ST00,11,G,14,,E,0110,1,FO-03,G,XXXX,8,38,F,1,200309,1,"$79,836",11.7
ST00,AR,D,17,,D,0110,1,FO-03,F,XXXX,8,38,F,1,200309,1,"$62,917",9.5
ST00,KE,F,17,,F,0110,1,FO-01,I,XXXX,2,38,F,1,200309,1,"$98,701",17.0
ST00,11,I,13,14,I,0110,1,GM-14,J,XXXX,5,10,F,1,200309,1,"$106,086",30.2
ST00,RS,C,15,,B,0110,1,FP-04,D,XXXX,8,38,F,1,200309,1,"$46,655",2.2
ST00,HU,D,17,,C,0110,1,FP-04,D,XXXX,8,38,F,1,200309,1,"$48,055",3.9
ST00,EI,H,15,,F,0110,1,FO-02,I,XXXX,8,38,F,1,200309,1,"$92,714",18.2
ST00,11,G,20,,E,0110,1,FO-02,J,XXXX,8,38,F,1,200309,1,"$101,482",11.7
ST00,BE,F,13,,E,0110,1,FP-01,I,XXXX,2,48,F,2,200309,1,"$93,035",13.0
ST00,PM,C,13,,D,0110,1,FO-03,E,XXXX,8,38,F,1,200309,1,"$55,901",5.2
ST00,11,C,09,,D,0110,1,FO-04,E,XXXX,8,38,F,1,200309,1,"$55,802",5.0
ST00,MY,F,17,,F,0110,1,FO-02,H,XXXX,2,38,F,1,200309,1,"$84,847",16.8
ST00,11,F,17,,F,0110,1,FO-02,I,XXXX,8,38,F,1,200309,1,"$95,657",15.4
ST00,11,G,17,,F,0110,1,FO-02,H,XXXX,8,38,F,1,200309,1,"$87,539",16.3
ST00,VM,C,17,,D,0110,1,FO-03,E,XXXX,8,38,F,1,200309,1,"$55,901",5.2
ST00,IS,E,17,,D,0110,1,FO-03,E,XXXX,8,38,F,1,200309,1,"$57,578",5.3
ST00,SA,E,17,,B,0110,1,FP-04,F,XXXX,8,38,F,1,200309,1,"$66,519",1.3
ST00,FR,F,17,,E,0110,1,FO-02,G,XXXX,8,38,F,1,200309,1,"$73,189",12.3
ST00,MG,E,17,,D,0110,1,FP-04,F,XXXX,8,38,F,1,200309,1,"$64,581",7.0
ST00,MY,D,17,,B,0110,1,FP-05,D,XXXX,8,38,F,1,200309,1,"$47,889",2.2
ST00,GM,H,17,,F,0110,1,FO-02,G,XXXX,8,38,F,1,200309,1,"$79,976",15.7
ST00,11,E,13,,E,0110,1,FO-02,H,XXXX,8,38,F,1,200309,1,"$82,513",12.5
ST00,BR,G,17,,B,0110,1,FP-04,F,XXXX,8,38,F,1,200309,1,"$66,519",2.0
ST00,TZ,E,13,,D,0110,1,FP-04,E,XXXX,8,38,F,1,200309,1,"$57,380",9.1
ST00,TH,E,17,,D,0110,1,FP-04,D,XXXX,8,38,F,1,200309,1,"$46,655",6.5
ST00,11,D,17,,D,0110,1,FO-03,F,XXXX,8,38,F,1,200309,1,"$68,867",7.8
ST00,BK,I,17,,G,0110,1,FO-01,K,XXXX,2,38,F,1,200309,1,"$110,682",23.8
ST00,MX,I,17,,D,0110,1,FO-03,E,XXXX,8,38,F,1,200309,1,"$59,305",6.0
ST00,PL,C,17,,B,0110,1,FP-04,D,XXXX,8,38,F,1,200309,1,"$48,055",1.7
ST00,11,E,13,,E,0110,1,FO-02,I,XXXX,8,38,F,1,200309,1,"$92,870",14.9
ST00,11,D,13,,D,0110,1,FO-03,G,XXXX,8,38,F,1,200309,1,"$70,933",9.4
ST00,11,D,21,12,A,0110,1,GS-12,E,XXXX,8,40,F,2,200309,1,"$58,070",0.9
ST00,IT,E,13,,F,0110,1,FO-02,G,XXXX,8,38,F,1,200309,1,"$71,058",15.3
ST00,TZ,E,15,,D,0110,1,FP-04,D,XXXX,8,38,F,1,200309,1,"$48,055",6.7
ST00,11,H,17,,F,0110,1,FO-02,K,XXXX,2,38,F,1,200309,1,"$114,218",19.3
ST00,CH,I,13,,F,0110,1,FO-03,F,XXXX,8,38,F,1,200309,1,"$66,749",15.3
ST00,SF,E,13,,A,0110,1,FP-04,E,XXXX,8,38,F,1,200309,1,"$55,708",0.5
ST00,EC,F,13,,F,0110,1,FO-01,I,XXXX,2,38,F,1,200309,1,"$98,701",16.4
ST00,JA,F,17,,E,0110,1,FO-03,G,XXXX,8,38,F,1,200309,1,"$75,126",14.1
ST00,11,E,17,,E,0110,1,FO-03,G,XXXX,8,38,F,1,200309,1,"$70,933",14.7
ST00,CH,G,21,,F,0110,1,FO-02,I,XXXX,8,38,F,1,200309,1,"$92,714",18.4
ST00,IS,G,17,,C,0110,1,FP-04,E,XXXX,8,38,F,1,200309,1,"$59,101",3.7
ST00,PK,G,17,,E,0110,1,FO-02,G,XXXX,8,38,F,1,200309,1,"$75,385",12.1
ST00,AR,E,17,,B,0110,1,FP-01,I,XXXX,8,48,F,2,200309,1,"$93,035",1.7
ST00,11,G,17,,G,0110,1,FO-02,J,XXXX,8,38,F,1,200309,1,"$104,526",23.5
ST00,11,G,17,14,E,0110,1,GS-14,I,XXXX,8,10,F,1,200309,1,"$97,925",14.5
ST00,UP,F,13,,F,0110,1,FO-02,I,XXXX,2,38,F,1,200309,1,"$90,014",18.4
ST00,DR,F,17,,E,0110,1,FO-02,F,XXXX,8,38,F,1,200309,1,"$68,988",12.3
ST00,AM,C,15,,A,0110,1,FP-05,D,XXXX,8,38,F,1,200309,1,"$41,310",0.8
ST00,YM,D,17,,C,0110,1,FP-05,E,XXXX,8,38,F,1,200309,1,"$53,900",3.9
ST00,IN,C,17,,B,0110,1,FP-05,D,XXXX,8,38,F,1,200309,1,"$45,140",1.3
ST00,HK,D,13,,E,0110,1,FO-03,F,XXXX,8,38,F,1,200309,1,"$66,749",12.5
ST00,SZ,F,13,,E,0110,1,FO-02,G,XXXX,8,38,F,1,200309,1,"$79,976",14.5
ST00,JA,E,15,,B,0110,1,FP-04,E,XXXX,8,38,F,1,200309,1,"$57,380",2.0
ST00,GM,I,17,,G,0110,1,FO-01,K,XXXX,2,38,F,1,200309,1,"$110,682",23.0
ST00,FI,I,13,,G,0110,1,FO-02,I,XXXX,8,38,F,1,200309,1,"$90,014",21.3
ST00,11,D,17,,E,0110,1,FO-03,G,XXXX,8,38,F,1,200309,1,"$75,253",11.3
ST00,11,F,17,,E,0110,1,FO-02,I,XXXX,8,38,S,2,200309,1,"$92,870",13.8
ST00,EG,I,17,,H,0110,1,FO-02,I,XXXX,8,38,F,1,200309,1,"$90,014",25.9
ST00,11,F,17,,G,0110,1,FO-02,J,XXXX,2,38,F,1,200309,1,"$104,526",20.7
ST00,11,G,04,15,E,0110,1,GS-15,J,XXXX,8,10,F,1,200309,1,"$108,785",10.8
ST00,11,F,17,,E,0110,1,FO-02,H,XXXX,8,38,F,1,200309,1,"$82,513",12.3
ST00,SP,D,17,,C,0110,1,FP-04,D,XXXX,8,38,F,1,200309,1,"$46,655",3.2
ST00,BR,D,17,,C,0110,1,FP-04,E,XXXX,8,38,F,1,200309,1,"$57,380",4.0
ST00,HR,F,17,,E,0110,1,FO-03,G,XXXX,8,38,F,1,200309,1,"$72,938",13.7
ST00,HU,B,13,,A,0110,1,FP-06,C,XXXX,8,38,F,1,200309,1,"$36,929",0.8
ST00,PE,E,17,,D,0110,1,FO-03,F,XXXX,8,38,F,1,200309,1,"$66,749",8.9
ST00,UY,F,17,,F,0110,1,FO-02,G,XXXX,8,38,F,1,200309,1,"$79,976",16.0
ST00,FR,F,17,,F,0110,1,FO-02,H,XXXX,8,38,F,1,200309,1,"$84,847",17.2
ST00,MX,D,17,,D,0110,1,FO-03,E,XXXX,8,38,F,1,200309,1,"$59,305",9.3
ST00,EC,F,17,,F,0110,1,FO-01,J,XXXX,2,38,F,1,200309,1,"$101,662",18.1
ST00,AR,H,17,,H,0110,1,FE-OC,L,XXXX,2,38,F,1,200309,1,"$122,000",25.1
ST00,JA,D,17,,D,0110,1,FO-03,F,XXXX,8,38,F,1,200309,1,"$68,751",6.8
ST00,IN,F,04,,D,0110,1,FP-04,D,XXXX,8,38,F,1,200309,1,"$46,655",7.4
ST00,ID,F,04,,F,0110,1,FO-03,E,XXXX,8,38,F,1,200309,1,"$57,578",19.8
ST00,SY,C,13,,C,0110,1,FP-04,D,XXXX,8,38,F,1,200309,1,"$46,655",4.3
ST00,HU,G,17,,F,0110,1,FO-01,J,XXXX,2,38,F,1,200309,1,"$101,662",19.4
ST00,FR,F,13,,E,0110,1,FO-02,G,XXXX,8,38,F,1,200309,1,"$73,189",13.1
ST00,CG,G,17,,B,0110,1,FP-04,F,XXXX,8,38,F,1,200309,1,"$64,581",1.5
ST00,ID,C,04,,C,0110,1,FP-04,E,XXXX,8,38,F,1,200309,1,"$55,708",4.3
ST00,JO,D,17,,D,0110,1,FO-03,F,XXXX,8,38,F,1,200309,1,"$61,085",8.3
ST00,11,E,17,,E,0110,1,FO-02,H,XXXX,8,38,F,1,200309,1,"$84,989",12.1
ST00,TS,D,13,,D,0110,1,FO-04,D,XXXX,8,38,F,1,200309,1,"$48,055",5.0
ST00,CH,D,04,,C,0110,1,FO-04,D,XXXX,8,38,F,1,200309,1,"$45,296",4.9
ST00,SA,D,04,,E,0110,1,FP-04,D,XXXX,8,38,F,1,200309,1,"$49,496",10.3
ST00,11,H,15,,G,0110,1,FO-02,I,XXXX,8,38,F,1,200309,1,"$98,526",23.1
ST00,BE,E,13,,E,0110,1,FP-02,G,XXXX,8,38,F,1,200309,1,"$71,058",11.1
ST00,RP,F,13,,A,0110,1,FP-04,F,XXXX,8,38,F,1,200309,1,"$66,519",0.3
ST00,11,E,17,,D,0110,1,FO-03,F,XXXX,8,38,F,1,200309,1,"$66,860",7.8
ST00,AF,E,04,,D,0110,1,FP-04,D,XXXX,8,38,F,1,200309,1,"$48,055",6.7
ST00,CG,C,17,,A,0110,1,FP-05,D,XXXX,8,38,F,1,200309,1,"$41,310",0.6
ST00,FR,F,17,,F,0110,1,FO-02,H,XXXX,8,38,F,1,200309,1,"$82,375",18.1
ST00,AO,D,04,,C,0110,1,FP-04,D,XXXX,8,38,F,1,200309,1,"$48,055",3.7
ST00,LU,D,17,,D,0110,1,FP-04,F,XXXX,8,38,F,1,200309,1,"$66,519",6.5
ST00,CB,E,17,,B,0110,1,FP-05,D,XXXX,8,38,F,1,200309,1,"$47,889",1.3
ST00,GV,C,13,,B,0110,1,FP-05,E,XXXX,8,38,F,1,200309,1,"$52,330",2.6
ST00,11,D,04,13,C,0110,1,GS-13,F,XXXX,8,15,F,1,200309,1,"$69,054",4.7
ST00,IT,D,13,,D,0110,1,FO-03,E,XXXX,8,38,F,1,200309,1,"$55,901",5.0
ST00,ZA,G,17,,E,0110,1,FO-02,H,XXXX,8,38,F,1,200309,1,"$84,847",13.2
ST00,11,G,17,,E,0110,1,FO-02,H,XXXX,8,38,F,1,200309,1,"$80,111",13.0
ST00,11,F,17,,F,0110,1,FO-02,I,XXXX,8,38,F,1,200309,1,"$98,526",15.0
ST00,MX,D,17,,C,0110,1,FP-04,D,XXXX,8,38,F,1,200309,1,"$49,496",4.2
ST00,LO,G,17,,D,0110,1,FO-03,E,XXXX,8,38,F,1,200309,1,"$59,305",8.3
ST00,WA,D,17,,D,0110,1,FO-03,E,XXXX,8,38,F,1,200309,1,"$57,578",5.5
ST00,11,D,17,,B,0110,1,FP-04,G,XXXX,8,38,F,1,200309,1,"$70,688",2.3
ST00,ZI,F,21,,D,0110,1,FO-03,F,XXXX,8,38,F,1,200309,1,"$64,805",9.0
ST00,11,G,13,,G,0110,1,FO-01,L,XXXX,2,38,F,1,200309,1,"$124,783",20.4
ST00,11,D,17,12,D,0110,1,GS-12,F,XXXX,8,10,F,1,200309,1,"$67,749",6.9
ST00,IT,H,17,,G,0110,1,FE-MC,M,XXXX,2,38,F,1,200309,1,"$133,800",22.9
ST00,11,H,21,15,H,0110,1,GM-15,L,XXXX,2,10,F,1,200309,1,"$124,783",26.1
ST00,11,G,17,14,F,0110,1,GS-14,J,XXXX,8,10,F,1,200309,1,"$100,645",18.6
ST00,UG,E,15,,C,0110,1,FP-04,E,XXXX,8,38,F,1,200309,1,"$57,380",3.3
ST00,BE,G,17,,G,0110,1,FE-OC,L,XXXX,2,38,F,1,200309,1,"$127,500",20.7
ST00,BR,D,04,,D,0110,1,FP-04,D,XXXX,8,38,F,1,200309,1,"$45,296",6.6
ST00,SY,D,13,,D,0110,1,FP-04,D,XXXX,8,38,F,1,200309,1,"$48,055",5.0
ST00,JA,G,13,,G,0110,1,FE-OC,L,XXXX,2,38,F,1,200309,1,"$127,500",22.7
ST00,MO,D,13,,D,0110,1,FO-03,F,XXXX,8,38,F,1,200309,1,"$61,085",7.8
ST00,11,D,17,,D,0110,1,FO-03,F,XXXX,8,38,F,1,200309,1,"$66,860",8.7
ST00,PL,G,17,,G,0110,1,FO-01,J,XXXX,2,38,F,1,200309,1,"$107,853",21.1
ST00,GT,G,17,,G,0110,1,FO-01,K,XXXX,2,38,F,1,200309,1,"$110,682",24.0
ST00,11,G,17,,F,0110,1,FO-02,J,XXXX,8,38,F,1,200309,1,"$104,526",19.0
ST00,NL,F,17,,F,0110,1,FO-02,G,XXXX,8,38,F,1,200309,1,"$79,976",18.3
ST00,11,E,15,,E,0110,1,FP-04,G,XXXX,8,38,F,1,200309,1,"$74,994",10.7
ST00,BR,H,17,,G,0110,1,FO-01,K,XXXX,2,38,F,1,200309,1,"$110,682",21.7
ST00,TU,F,17,,F,0110,1,FE-OC,L,XXXX,2,38,F,1,200309,1,"$122,000",18.8
ST00,11,F,17,,D,0110,1,FO-02,G,XXXX,8,38,F,1,200309,1,"$77,777",8.5
ST00,11,E,13,,D,0110,1,FO-03,F,XXXX,8,38,F,1,200309,1,"$68,867",7.0
ST00,EG,G,17,,E,0110,1,FO-02,I,XXXX,8,38,F,1,200309,1,"$90,014",14.6
ST00,NZ,G,17,,E,0110,1,FO-02,G,XXXX,8,38,F,1,200309,1,"$75,385",11.4
ST00,11,J,17,14,H,0110,1,GS-14,J,XXXX,8,20,I,2,200309,1,"$106,086",25.7
ST00,NI,C,13,,C,0110,1,FP-05,C,XXXX,8,38,F,1,200309,1,"$38,938",4.4
ST00,FR,E,17,,E,0110,1,FO-02,G,XXXX,8,38,F,1,200309,1,"$73,189",12.7
ST00,TW,E,17,,E,0110,1,FP-04,D,XXXX,8,38,F,1,200309,1,"$49,496",12.8
ST00,11,C,17,12,C,0110,1,GS-12,E,XXXX,8,15,F,1,200309,1,"$58,070",3.0
ST00,11,K,04,15,J,0110,1,GS-15,L,XXXX,8,10,F,1,200309,1,"$124,783",41.2
ST00,SA,I,17,,I,0110,1,FE-OC,L,XXXX,2,38,F,1,200309,1,"$127,500",34.1
ST00,11,I,13,,G,0110,1,FO-01,K,XXXX,8,38,F,1,200309,1,"$114,614",24.5
ST00,GR,H,13,,G,0110,1,FO-01,I,XXXX,8,38,F,1,200309,1,"$90,325",21.8
ST00,RS,F,13,,E,0110,1,FO-03,F,XXXX,8,38,F,1,200309,1,"$66,749",11.5
ST00,UY,D,04,,D,0110,1,FP-04,D,XXXX,8,38,F,1,200309,1,"$45,296",7.8
ST00,ET,E,17,,B,0110,1,FP-04,E,XXXX,8,38,F,1,200309,1,"$57,380",1.3
ST00,ES,H,04,,F,0110,1,FP-03,G,XXXX,8,48,F,2,200309,1,"$77,380",19.0
ST00,CI,F,17,,F,0110,1,FO-01,I,XXXX,2,38,F,1,200309,1,"$98,701",18.5
ST00,11,H,17,14,H,0110,1,GM-14,J,XXXX,5,10,F,1,200309,1,"$106,086",25.3
ST00,SY,E,13,,C,0110,1,FO-04,D,XXXX,8,38,F,1,200309,1,"$46,655",4.0
ST00,11,G,17,13,F,0110,1,GM-13,H,XXXX,5,10,F,1,200309,1,"$87,472",18.5
ST00,FR,G,17,,F,0110,1,FO-02,I,XXXX,8,38,F,1,200309,1,"$92,714",15.8
ST00,IN,E,17,,D,0110,1,FP-04,D,XXXX,8,38,F,1,200309,1,"$49,496",6.3
ST00,GH,E,13,,E,0110,1,FP-03,F,XXXX,8,38,F,1,200309,1,"$62,917",13.3
ST00,NI,H,04,,G,0110,1,FP-04,E,XXXX,8,38,F,1,200309,1,"$59,101",23.3
ST00,11,F,13,,E,0110,1,FO-03,H,XXXX,8,38,F,1,200309,1,"$82,230",14.3
ST00,ZI,F,04,,G,0110,1,FP-04,D,XXXX,8,38,F,1,200309,1,"$45,296",21.3
ST00,GH,D,17,,B,0110,1,FP-05,D,XXXX,8,38,F,1,200309,1,"$47,889",1.3
ST00,NU,G,13,,F,0110,1,FP-02,I,XXXX,8,48,F,2,200309,1,"$92,714",19.3
ST00,11,D,17,,C,0110,1,FO-04,E,XXXX,8,38,F,1,200309,1,"$55,802",4.0
ST00,PL,G,21,,D,0110,1,FP-04,F,XXXX,8,38,F,1,200309,1,"$66,519",7.4
ST00,RP,E,04,,D,0110,1,FP-04,D,XXXX,8,38,F,1,200309,1,"$46,655",7.1
ST00,11,E,17,,C,0110,1,FP-04,E,XXXX,8,38,F,1,200309,1,"$54,177",4.3
ST00,FR,D,17,,C,0110,1,FP-04,D,XXXX,8,38,F,1,200309,1,"$45,296",4.8
ST00,PM,C,04,,D,0110,1,FP-04,D,XXXX,8,38,F,1,200309,1,"$45,296",5.5
ST00,TS,D,17,,A,0110,1,FP-05,D,XXXX,8,38,F,1,200309,1,"$47,889",0.3
ST00,11,D,13,,D,0110,1,FO-03,F,XXXX,8,38,F,1,200309,1,"$66,860",7.0
ST00,AE,D,04,,C,0110,1,FP-04,D,XXXX,8,38,F,1,200309,1,"$45,296",4.9
SZ00,11,G,21,15,E,0110,1,GS-15,L,XXXX,2,10,F,1,200309,1,"$124,783",12.8
SZ00,11,I,21,14,F,0110,1,GS-14,J,XXXX,8,10,F,1,200309,1,"$106,086",19.2
SZ00,11,F,21,12,C,0110,1,GS-12,G,XXXX,8,10,F,1,200309,1,"$75,492",4.1
SZ00,24,F,21,14,E,0110,1,GS-14,I,XXXX,8,10,F,1,200309,1,"$95,204",13.0
SZ00,11,G,21,14,F,0110,1,GS-14,J,XXXX,8,10,P,2,200309,1,"$106,086",15.5
SZ00,24,E,21,14,C,0110,1,GS-14,H,XXXX,8,10,F,1,200309,1,"$84,323",3.9
SZ00,24,H,18,15,H,0110,1,GS-15,L,XXXX,8,10,F,1,200309,1,"$124,783",25.3
SZ00,11,E,21,14,C,0110,1,GS-14,I,XXXX,8,10,F,1,200309,1,"$95,204",4.1
SZ00,11,I,21,15,F,0110,1,GS-15,L,XXXX,8,10,F,1,200309,1,"$124,783",15.3
SZ00,11,D,17,13,D,0110,1,GS-13,F,XXXX,8,10,F,1,200309,1,"$69,054",5.9
SZ00,11,C,17,07,A,0110,1,GS-07,C,XXXX,8,15,F,1,200309,1,"$32,736",0.3
SZ00,24,B,13,07,D,0110,1,GS-07,C,XXXX,8,15,F,1,200309,1,"$32,736",5.3
SZ00,24,D,21,13,D,0110,1,GS-13,G,XXXX,8,10,F,1,200309,1,"$78,263",7.0
SZ00,24,C,17,13,D,0110,1,GS-13,G,XXXX,8,10,F,1,200309,1,"$71,357",5.0
SZ00,24,I,17,15,H,0110,1,GS-15,J,XXXX,7,10,F,1,200309,1,"$108,785",27.3
SZ00,11,K,21,15,J,0110,1,GS-15,L,XXXX,8,10,F,1,200309,1,"$124,783",38.8
SZ00,24,G,09,13,G,0110,1,GS-13,H,XXXX,8,10,F,1,200309,1,"$89,774",23.8
SZ00,11,D,21,13,C,0110,1,GS-13,G,XXXX,8,10,F,1,200309,1,"$75,961",3.1
SZ00,11,E,21,14,E,0110,1,GS-14,I,XXXX,8,10,F,1,200309,1,"$95,204",11.2
SZ00,11,G,21,13,E,0110,1,GS-13,H,XXXX,8,10,F,1,200309,1,"$82,867",10.1
SZ00,11,D,21,14,D,0110,1,GS-14,H,XXXX,8,10,F,1,200309,1,"$89,764",6.2
SZ00,24,D,21,13,C,0110,1,GS-13,F,XXXX,8,15,F,1,200309,1,"$69,054",3.5
SZ00,11,E,18,13,D,0110,1,GS-13,G,XXXX,8,10,F,1,200309,1,"$75,961",5.1
SZ00,11,E,21,13,E,0110,1,GS-13,G,XXXX,8,10,F,1,200309,1,"$75,961",10.9
SZ00,11,D,21,13,C,0110,1,GS-13,G,XXXX,8,10,F,1,200309,1,"$75,961",3.0
SZ00,11,F,21,13,D,0110,1,GS-13,H,XXXX,8,10,F,1,200309,1,"$82,867",6.1
SZ00,24,J,21,14,I,0110,1,GS-14,J,XXXX,8,10,F,1,200309,1,"$106,086",31.2
SZ00,11,E,21,14,C,0110,1,GS-14,I,XXXX,8,10,F,1,200309,1,"$92,484",3.8
SZ00,24,D,13,13,D,0110,1,GS-13,G,XXXX,8,10,F,1,200309,1,"$75,961",9.9
SZ00,11,F,21,13,C,0110,1,GS-13,G,XXXX,8,10,F,1,200309,1,"$75,961",4.2
SZ00,11,E,21,13,C,0110,1,GS-13,G,XXXX,8,10,F,1,200309,1,"$75,961",4.3
SZ00,11,I,21,15,I,0110,1,GS-15,L,XXXX,8,10,F,1,200309,1,"$124,783",32.3
SZ00,11,C,21,12,A,0110,1,GS-12,F,XXXX,8,15,F,1,200309,1,"$69,685",0.2
SZ00,11,H,13,15,H,0110,1,GS-15,K,XXXX,8,10,F,1,200309,1,"$118,384",26.6
SZ00,11,G,21,14,C,0110,1,GS-14,I,XXXX,8,10,F,1,200309,1,"$97,925",4.8
SZ00,11,G,21,14,D,0110,1,GS-14,I,XXXX,8,10,F,1,200309,1,"$97,925",5.1
SZ00,24,D,18,13,D,0110,1,GS-13,G,XXXX,8,10,F,1,200309,1,"$71,357",5.2
TC00,11,G,21,,F,0110,1,ES-04,N,XXXX,2,50,F,1,200309,1,"$142,500",19.0
TC00,11,E,17,13,F,0110,1,GS-13,H,XXXX,8,10,F,1,200309,1,"$85,169",15.5
TC00,11,J,17,14,J,0110,1,GS-14,J,XXXX,8,10,F,1,200309,1,"$106,086",36.9
TC00,11,G,21,14,C,0110,1,GS-14,J,XXXX,8,10,F,1,200309,1,"$106,086",3.2
TC00,11,F,13,15,F,0110,1,GS-15,K,XXXX,2,10,F,1,200309,1,"$118,384",17.6
TC00,11,E,21,13,B,0110,1,GS-13,G,XXXX,8,15,F,1,200309,1,"$73,659",2.3
TC00,11,K,17,13,J,0110,1,GS-13,H,XXXX,8,10,F,1,200309,1,"$89,774",36.9
TC00,11,E,21,14,D,0110,1,GS-14,I,XXXX,8,10,F,1,200309,1,"$92,484",9.0
TC00,11,K,21,12,H,0110,1,GS-12,G,XXXX,8,10,F,1,200309,1,"$75,492",29.4
TC00,11,H,21,15,B,0110,1,GS-15,L,XXXX,8,40,I,2,200309,1,"$124,783",1.3
TC00,11,G,17,13,G,0110,1,GS-13,H,XXXX,8,10,F,1,200309,1,"$85,169",23.4
TC00,11,E,21,13,C,0110,1,GS-13,H,XXXX,8,10,F,1,200309,1,"$82,867",4.8
TC00,11,D,18,13,C,0110,1,GS-13,G,XXXX,8,10,F,1,200309,1,"$73,659",4.6
TC00,11,E,17,13,E,0110,1,GS-13,H,XXXX,8,15,P,2,200309,1,"$87,472",11.9
TC00,11,I,17,14,H,0110,1,GS-14,I,XXXX,8,10,F,1,200309,1,"$97,925",27.7
TC00,11,H,21,14,F,0110,1,GS-14,J,XXXX,8,10,F,1,200309,1,"$106,086",18.3
TC00,11,I,21,15,E,0110,1,GS-15,L,XXXX,2,10,F,1,200309,1,"$124,783",13.1
TC00,11,E,17,13,E,0110,1,GS-13,G,XXXX,8,10,F,1,200309,1,"$75,961",12.5
TC00,11,H,18,13,G,0110,1,GS-13,H,XXXX,8,10,F,1,200309,1,"$85,169",20.9
TC00,11,J,21,15,F,0110,1,GS-15,L,XXXX,8,10,F,1,200309,1,"$121,583",17.4
TC00,11,G,17,13,G,0110,1,GS-13,H,XXXX,8,10,F,1,200309,1,"$87,472",23.2
TC00,11,E,21,14,B,0110,1,GS-14,H,XXXX,8,15,F,1,200309,1,"$87,043",2.9
TC00,11,D,18,13,C,0110,1,GS-13,G,XXXX,8,10,F,1,200309,1,"$73,659",4.3
TC00,11,F,21,14,D,0110,1,GS-14,J,XXXX,8,10,F,1,200309,1,"$103,366",9.3
TC00,11,G,17,14,G,0110,1,GS-14,I,XXXX,8,10,F,1,200309,1,"$97,925",20.3
TC00,11,D,21,13,C,0110,1,GS-13,H,XXXX,8,10,F,1,200309,1,"$82,867",4.4
TC00,11,G,18,13,D,0110,1,GS-13,G,XXXX,8,10,F,1,200309,1,"$75,961",5.3
TC00,11,H,21,14,G,0110,1,GS-14,J,XXXX,8,10,F,1,200309,1,"$106,086",23.6
TC00,11,G,18,15,F,0110,1,GS-15,L,XXXX,2,10,F,1,200309,1,"$121,583",18.1
TC00,11,I,21,15,I,0110,1,GS-15,L,XXXX,8,10,F,1,200309,1,"$124,783",32.0
TC00,11,D,21,14,C,0110,1,GS-14,I,XXXX,8,10,F,1,200309,1,"$92,484",4.3
TC00,11,J,17,14,I,0110,1,GS-14,J,XXXX,8,10,F,1,200309,1,"$106,086",31.9
TC00,11,G,21,14,D,0110,1,GS-14,I,XXXX,8,10,F,1,200309,1,"$92,484",7.2
TC00,11,D,18,13,C,0110,1,GS-13,G,XXXX,8,15,F,1,200309,1,"$71,357",4.0
TC00,11,E,21,14,B,0110,1,GS-14,J,XXXX,8,15,F,1,200309,1,"$106,086",2.4
TC00,11,D,17,12,D,0110,1,GS-12,F,XXXX,8,15,F,1,200309,1,"$60,006",8.0
TC00,11,G,21,13,D,0110,1,GS-13,G,XXXX,8,10,F,1,200309,1,"$75,961",8.1
TC00,11,D,17,07,B,0119,3,GS-07,C,XXXX,8,20,F,2,200309,1,"$32,736",1.6
TC00,11,G,04,07,H,0119,3,GS-07,D,XXXX,8,10,F,1,200309,1,"$42,558",26.9
TC00,11,H,17,13,I,0110,1,GS-13,H,XXXX,8,10,F,1,200309,1,"$89,774",32.1
TC00,11,G,17,14,G,0110,1,GS-14,I,XXXX,8,10,F,1,200309,1,"$95,204",23.0
TC00,11,F,08,07,G,0119,3,GS-07,D,XXXX,8,10,F,1,200309,1,"$43,305",21.3
TD01,11,J,14,13,I,0110,1,GS-13,H,XXXX,8,10,F,1,200309,1,"$89,774",34.0
TD01,11,I,13,14,H,0110,1,GM-14,J,XXXX,5,10,F,1,200309,1,"$106,086",29.1
TD01,11,H,17,14,F,0110,1,GS-14,J,XXXX,8,10,F,1,200309,1,"$106,086",18.3
TD01,11,H,14,14,H,0110,1,GM-14,J,XXXX,5,10,F,1,200309,1,"$103,772",27.9
TD01,11,I,18,15,J,0110,1,GM-15,L,XXXX,2,10,F,1,200309,1,"$124,783",37.2
TD01,11,H,13,15,H,0110,1,GM-15,L,XXXX,2,10,F,1,200309,1,"$124,783",29.0
TD01,11,I,18,14,D,0110,1,GS-14,H,XXXX,8,10,F,1,200309,1,"$89,764",5.9
TD01,11,D,05,14,D,0110,1,GS-14,H,XXXX,8,30,P,2,200309,1,"$87,043",7.8
TD01,11,I,13,15,I,0110,1,GS-15,L,XXXX,8,10,F,1,200309,1,"$124,783",34.3
TD01,11,G,13,14,G,0110,1,GM-14,J,XXXX,5,10,F,1,200309,1,"$102,000",24.9
TD01,11,H,17,15,I,0110,1,GS-15,L,XXXX,8,10,F,1,200309,1,"$124,783",30.5
TD03,11,D,18,13,B,0110,1,FG-13,G,XXXX,8,38,F,1,200309,1,"$71,357",2.0
TD03,11,H,09,14,D,0110,1,FG-14,H,XXXX,8,38,F,1,200309,1,"$87,043",7.5
TD03,11,K,17,13,D,0110,1,FG-13,H,XXXX,8,38,F,1,200309,1,"$85,169",6.0
TD03,11,G,15,14,G,0110,1,FG-14,J,XXXX,8,38,F,1,200309,1,"$103,366",22.3
TD03,11,H,17,13,B,0110,1,FG-13,G,XXXX,8,38,F,1,200309,1,"$73,659",2.1
TD03,11,J,04,13,D,0110,1,FG-13,G,XXXX,8,38,F,1,200309,1,"$78,263",5.4
TD03,11,I,14,,I,0110,1,FV-KK,L,XXXX,2,38,F,1,200309,1,"$127,189",32.7
TD03,11,J,17,14,J,0110,1,FG-14,J,XXXX,8,38,F,1,200309,1,"$106,086",36.0
TD03,11,D,13,09,B,0110,1,FG-09,E,XXXX,8,38,F,1,200309,1,"$50,723",1.3
TD03,11,H,17,14,F,0110,1,FG-14,J,XXXX,8,38,F,1,200309,1,"$100,645",15.2
TD03,11,G,17,13,B,0110,1,FG-13,G,XXXX,8,38,F,1,200309,1,"$75,961",2.5
TD03,11,E,18,,B,0110,1,FV-GG,D,XXXX,8,38,F,1,200309,1,"$49,718",1.0
TD03,11,E,18,13,E,0110,1,FG-13,H,XXXX,8,38,F,1,200309,1,"$85,169",14.8
TD03,11,H,17,14,D,0110,1,FG-14,H,XXXX,8,38,F,1,200309,1,"$84,323",5.5
TD03,11,F,13,13,D,0110,1,FG-13,F,XXXX,8,38,F,1,200309,1,"$69,054",8.8
TD03,11,J,17,,I,0110,1,FV-KK,L,XXXX,2,38,F,1,200309,1,"$128,874",30.8
TD03,11,E,04,,C,0110,1,FV-KK,J,XXXX,8,38,F,1,200309,1,"$108,706",3.9
TD03,11,J,17,14,D,0110,1,FG-14,H,XXXX,8,38,F,1,200309,1,"$89,764",6.7
TD03,11,H,17,14,H,0110,1,FG-14,J,XXXX,8,38,F,1,200309,1,"$106,086",25.9
TD03,11,D,17,,D,0110,1,FV-JJ,I,XXXX,8,38,F,1,200309,1,"$99,702",5.1
TD03,11,H,14,,I,0110,1,FV-KK,K,XXXX,8,38,F,1,200309,1,"$115,478",32.3
TD03,11,C,17,13,B,0110,1,FG-13,G,XXXX,8,38,F,1,200309,1,"$73,659",2.1
TD03,11,K,14,,J,0110,1,FV-KK,M,XXXX,2,38,F,1,200309,1,"$130,678",41.6
TD03,11,H,14,14,F,0110,1,FG-14,J,XXXX,8,38,F,1,200309,1,"$106,086",18.2
TD03,11,F,12,14,D,0110,1,FG-14,I,XXXX,8,38,F,1,200309,1,"$97,925",7.0
TD03,11,I,21,14,H,0110,1,FG-14,J,XXXX,8,38,F,1,200309,1,"$106,086",27.4
TD03,11,I,21,15,I,0110,1,FG-15,L,XXXX,8,38,F,1,200309,1,"$124,783",30.5
TD03,11,I,04,,D,0110,1,FV-KK,J,XXXX,2,38,F,1,200309,1,"$106,226",8.2
TD03,11,F,17,14,B,0110,1,FG-14,H,XXXX,8,38,F,1,200309,1,"$87,043",2.9
TD03,11,E,20,13,D,0110,1,FG-13,F,XXXX,8,38,F,1,200309,1,"$69,054",6.2
TD03,11,I,12,,H,0110,1,FV-KK,L,XXXX,2,38,F,1,200309,1,"$122,802",27.7
TD03,11,C,14,13,D,0110,1,FG-13,G,XXXX,8,38,F,1,200309,1,"$71,357",7.7
TD03,11,H,21,13,F,0110,1,FG-13,H,XXXX,8,38,F,1,200309,1,"$89,774",15.2
TD03,11,I,17,,B,0110,1,FV-KK,L,XXXX,8,38,F,1,200309,1,"$125,038",1.3
TD04,11,J,21,15,E,0110,1,GS-15,K,XXXX,5,10,F,1,200309,1,"$111,985",13.2
TD04,11,G,17,14,F,0110,1,GS-14,J,XXXX,5,10,F,1,200309,1,"$106,086",18.3
TD04,11,F,21,13,D,0110,1,GS-13,G,XXXX,8,10,P,2,200309,1,"$78,263",7.6
TD04,11,E,21,14,C,0110,1,GS-14,H,XXXX,5,15,F,1,200309,1,"$87,043",4.3
TD05,11,I,15,15,I,0110,1,GS-15,L,XXXX,8,10,F,1,200309,1,"$124,783",33.2
TD05,11,I,18,14,H,0110,1,GS-14,J,XXXX,8,10,F,1,200309,1,"$106,086",28.1
TD05,11,G,16,14,H,0110,1,GS-14,J,XXXX,8,10,F,1,200309,1,"$100,645",26.7
TD05,11,J,15,15,I,0110,1,GS-15,L,XXXX,8,10,F,1,200309,1,"$124,783",31.1
TD05,11,J,17,13,B,0110,1,GS-13,F,XXXX,8,15,F,1,200309,1,"$69,054",2.2
TD05,11,H,13,15,H,0110,1,GS-15,L,XXXX,2,10,F,1,200309,1,"$121,583",27.4
TD05,11,I,18,15,H,0110,1,GS-15,L,XXXX,8,10,F,1,200309,1,"$124,783",27.8
TD05,11,H,17,14,F,0110,1,GS-14,I,XXXX,8,10,F,1,200309,1,"$97,925",15.2
TD05,11,E,17,14,E,0110,1,GS-14,I,XXXX,8,10,F,1,200309,1,"$97,925",12.6
TD05,11,D,14,13,E,0110,1,GS-13,F,XXXX,8,10,F,1,200309,1,"$69,054",10.6
TD05,11,K,14,15,I,0110,1,GS-15,L,XXXX,8,10,F,1,200309,1,"$124,783",33.8
TD05,11,E,13,14,D,0110,1,GS-14,H,XXXX,8,10,F,1,200309,1,"$81,602",7.0
TD09,11,F,17,12,D,0110,1,GS-12,F,XXXX,8,10,F,1,200309,1,"$63,877",6.3
TD09,11,H,13,14,H,0110,1,GM-14,J,XXXX,5,10,F,1,200309,1,"$104,733",27.4
TD09,11,H,17,14,E,0110,1,GS-14,H,XXXX,8,15,F,1,200309,1,"$89,764",11.4
TD09,11,I,17,15,G,0110,1,GS-15,L,XXXX,8,10,F,1,200309,1,"$124,783",23.4
TD10,11,I,21,13,E,0110,1,GS-13,G,XXXX,8,10,F,1,200309,1,"$78,263",11.7
TD11,25,G,18,14,G,0110,1,GS-14,I,XXXX,8,10,F,1,200309,1,"$99,888",22.8
TD11,25,K,21,14,H,0110,1,GS-14,J,XXXX,8,10,F,1,200309,1,"$105,438",25.3
TD11,11,G,16,13,C,0110,1,GS-13,G,XXXX,8,10,F,1,200309,1,"$78,263",3.0
TD11,25,E,22,13,B,0110,1,GS-13,H,XXXX,8,15,F,1,200309,1,"$82,180",2.3
TD11,11,G,17,14,G,0110,1,GM-14,J,XXXX,5,10,F,1,200309,1,"$104,731",23.5
TD11,25,D,17,13,D,0110,1,GS-13,H,XXXX,8,10,F,1,200309,1,"$82,180",6.7
TD11,25,E,17,14,D,0110,1,GS-14,H,XXXX,8,10,F,1,200309,1,"$86,013",7.8
TD11,25,C,17,07,A,0110,1,GS-07,C,XXXX,8,15,F,1,200309,1,"$37,845",0.1
TD11,25,I,22,14,E,0110,1,GS-14,I,XXXX,8,10,F,1,200309,1,"$94,338",12.3
TD11,25,H,18,14,H,0110,1,GS-14,I,XXXX,8,10,F,1,200309,1,"$99,888",25.4
TD11,25,B,17,07,A,0110,1,GS-07,D,XXXX,8,15,F,1,200309,1,"$42,298",0.2
TD11,25,H,21,15,G,0110,1,GM-15,L,XXXX,5,10,F,1,200309,1,"$124,021",20.7
TD11,11,C,13,11,B,0110,1,GS-11,E,XXXX,8,15,F,1,200309,1,"$56,529",1.2
TD12,11,G,17,13,A,0110,1,GS-13,H,XXXX,8,15,F,1,200309,1,"$85,169",0.5
TD13,11,C,17,09,A,0110,1,GS-09,D,XXXX,8,15,F,1,200309,1,"$40,044",0.4
TD13,11,H,17,15,H,0110,1,GS-15,K,XXXX,2,10,F,1,200309,1,"$115,184",29.3
TD13,11,B,13,07,B,0110,1,GS-07,C,XXXX,8,15,F,1,200309,1,"$33,828",2.1
TD13,11,B,11,07,B,0110,1,GS-07,C,XXXX,8,42,P,2,200309,1,"$32,736",2.3
TD13,11,H,14,13,H,0110,1,GS-13,H,XXXX,8,10,F,1,200309,1,"$87,472",29.1
TD13,11,F,04,14,D,0110,1,GS-14,H,XXXX,8,10,F,1,200309,1,"$89,764",9.5
TD13,11,G,13,14,G,0110,1,GS-14,I,XXXX,8,10,F,1,200309,1,"$92,484",20.7
TD15,11,I,21,14,J,0110,1,GM-14,J,XXXX,5,10,F,1,200309,1,"$106,086",38.1
TD15,11,H,04,14,B,0110,1,GS-14,J,XXXX,8,15,F,1,200309,1,"$106,086",2.1
TD15,11,I,20,15,I,0110,1,GM-15,L,XXXX,2,10,F,1,200309,1,"$124,783",31.0
TD15,11,H,13,14,D,0110,1,GS-14,H,XXXX,8,10,F,1,200309,1,"$89,764",9.3
TD15,11,F,04,14,D,0110,1,GS-14,H,XXXX,8,10,F,1,200309,1,"$87,043",6.1
TD15,11,D,04,13,D,0110,1,GS-13,G,XXXX,8,10,P,2,200309,1,"$73,659",5.3
TD15,11,J,17,14,I,0110,1,GM-14,J,XXXX,5,10,F,1,200309,1,"$106,086",33.1
TD15,11,I,14,14,I,0110,1,GM-14,J,XXXX,5,10,F,1,200309,1,"$106,086",32.8
TD16,11,F,17,13,B,0110,1,GS-13,G,XXXX,8,15,F,1,200309,1,"$71,357",1.1
TD16,11,G,04,15,E,0110,1,GS-15,K,XXXX,8,38,F,1,200309,1,"$111,985",12.3
TD16,11,G,21,15,D,0110,1,GS-15,J,XXXX,8,10,F,1,200309,1,"$105,586",5.2
TD16,11,H,22,,G,0110,1,SL-00,M,XXXX,2,10,F,1,200309,1,"$139,132",23.8
TD16,11,I,04,14,D,0110,1,GS-14,H,XXXX,8,10,F,1,200309,1,"$81,602",7.1
TD17,11,F,17,14,F,0110,1,GS-14,I,XXXX,5,10,F,1,200309,1,"$92,484",15.8
TD17,11,E,17,14,E,0110,1,GS-14,H,XXXX,5,10,F,1,200309,1,"$89,764",10.8
TN00,11,H,17,15,G,0110,1,GS-15,K,XXXX,8,10,P,2,200309,1,"$115,184",23.1
TN00,11,E,17,14,E,0110,1,GS-14,H,XXXX,8,10,F,1,200309,1,"$81,602",11.3
TN00,11,I,19,,H,0110,1,ES-04,N,XXXX,2,50,F,1,200309,1,"$142,500",25.7
TN00,SZ,H,17,,H,0110,1,ES-03,L,XXXX,2,50,F,1,200309,1,"$127,500",27.8
TN00,11,G,17,,G,0110,1,ES-04,N,XXXX,2,50,F,1,200309,1,"$142,500",24.8
TN00,11,K,21,14,G,0110,1,GS-14,J,XXXX,8,10,F,1,200309,1,"$103,366",20.3
TN00,11,H,17,15,H,0110,1,GS-15,L,XXXX,2,10,F,1,200309,1,"$124,783",28.2
TN00,11,G,17,15,G,0110,1,GS-15,J,XXXX,8,10,F,1,200309,1,"$108,785",22.1
TN00,SZ,H,13,14,H,0110,1,GS-14,H,XXXX,8,38,F,1,200309,1,"$89,272",25.6
TN00,11,J,21,,I,0110,1,ES-06,N,XXXX,2,50,F,1,200309,1,"$142,500",33.3
TN00,11,F,13,15,F,0110,1,GS-15,K,XXXX,8,10,F,1,200309,1,"$118,384",18.0
TN00,11,H,17,15,H,0110,1,GS-15,K,XXXX,8,10,F,1,200309,1,"$115,184",29.6
TN00,11,H,04,10,J,0119,3,GS-10,E,XXXX,8,10,F,1,200309,1,"$57,329",36.0
TN00,11,F,15,15,F,0110,1,GS-15,K,XXXX,8,10,F,1,200309,1,"$111,985",17.8
TN00,11,G,17,15,G,0110,1,GS-15,K,XXXX,8,10,F,1,200309,1,"$118,384",22.3
TN00,11,F,17,15,F,0110,1,GS-15,K,XXXX,8,10,F,1,200309,1,"$111,985",16.4
TN00,11,I,19,15,I,0110,1,GS-15,L,XXXX,4,10,F,1,200309,1,"$124,783",31.8
TN00,11,G,13,,G,0110,1,ES-04,N,XXXX,2,50,F,1,200309,1,"$142,500",22.8
TN00,11,H,17,15,I,0110,1,GS-15,K,XXXX,8,10,F,1,200309,1,"$118,384",31.2
TR35,11,G,21,,E,0110,1,TG-22,M,XXXX,8,10,F,1,200309,1,"$130,208",11.1
TR35,11,H,21,,F,0110,1,TG-22,K,XXXX,8,10,F,1,200309,1,"$116,700",16.3
TR35,11,G,18,,E,0110,1,TG-20,J,XXXX,8,10,F,1,200309,1,"$106,339",14.5
TR35,11,F,21,,C,0110,1,TG-22,L,XXXX,8,10,F,1,200309,1,"$126,713",4.2
TR91,11,K,21,15,H,0110,1,GS-15,L,XXXX,2,10,F,1,200309,1,"$124,783",28.7
TR91,11,D,17,14,D,0110,1,GS-14,H,XXXX,8,10,F,1,200309,1,"$87,043",5.9
TR91,11,I,17,,I,0110,1,ES-02,M,XXXX,2,50,F,1,200309,1,"$137,543",31.9
TR91,11,J,21,15,E,0110,1,GS-15,J,XXXX,8,10,F,1,200309,1,"$108,785",13.3
TR91,11,C,17,13,B,0110,1,GS-13,F,XXXX,8,40,F,2,200309,1,"$69,054",2.1
TR91,11,K,21,15,J,0110,1,GS-15,L,XXXX,8,10,F,1,200309,1,"$124,783",35.9
TR91,11,G,21,15,F,0110,1,GS-15,K,XXXX,8,10,F,1,200309,1,"$118,384",15.9
TR91,11,H,17,,D,0110,1,ES-01,M,XXXX,2,50,F,1,200309,1,"$131,342",5.1
TR91,11,D,17,14,D,0110,1,GS-14,H,XXXX,8,10,F,1,200309,1,"$84,323",5.8
TR91,11,F,17,13,E,0110,1,GS-13,H,XXXX,8,10,F,1,200309,1,"$80,565",11.8
TR91,11,D,17,13,B,0110,1,GS-13,G,XXXX,8,40,F,2,200309,1,"$71,357",2.2
TR91,11,D,11,13,D,0110,1,GS-13,G,XXXX,8,10,F,1,200309,1,"$71,357",5.3
TR91,11,C,17,13,B,0110,1,GS-13,G,XXXX,8,15,F,1,200309,1,"$71,357",1.1
TR91,11,E,17,15,D,0110,1,GS-15,I,XXXX,2,10,F,1,200309,1,"$95,987",8.0
TR91,11,F,17,14,C,0110,1,GS-14,H,XXXX,8,15,F,1,200309,1,"$81,602",4.1
TR91,11,G,21,,G,0110,1,ES-03,N,XXXX,2,50,F,1,200309,1,"$142,500",20.0
TR91,11,D,13,12,B,0110,1,GS-12,E,XXXX,8,15,F,1,200309,1,"$58,070",1.3
TR91,11,J,21,15,I,0110,1,GM-15,L,XXXX,5,10,F,1,200309,1,"$124,783",32.5
TR91,11,D,04,12,A,0110,1,GS-12,E,XXXX,8,40,F,2,200309,1,"$58,070",0.3
TR91,11,F,17,14,D,0110,1,GS-14,I,XXXX,8,15,P,2,200309,1,"$92,484",7.1
TR91,11,D,21,14,C,0110,1,GS-14,H,XXXX,8,40,F,2,200309,1,"$89,764",3.3
TR91,11,C,13,13,C,0110,1,GS-13,G,XXXX,8,15,F,1,200309,1,"$71,357",3.0
TR91,11,D,21,15,D,0110,1,GS-15,I,XXXX,8,10,F,1,200309,1,"$99,186",5.0
TR91,IT,E,17,15,D,0110,1,GS-15,I,XXXX,8,10,F,1,200309,1,"$93,654",8.2
TR91,11,E,17,15,D,0110,1,GS-15,K,XXXX,8,10,F,1,200309,1,"$111,985",6.1
TR91,11,D,13,12,A,0110,1,GS-12,E,XXXX,8,15,F,1,200309,1,"$58,070",0.5
TR91,11,E,21,13,A,0110,1,GS-13,H,XXXX,8,40,F,2,200309,1,"$89,774",0.1
TR91,11,F,13,15,D,0110,1,GS-15,I,XXXX,8,10,F,1,200309,1,"$99,186",9.7
TR91,11,I,17,14,I,0110,1,GS-14,J,XXXX,8,10,F,1,200309,1,"$103,366",34.3
TR91,11,I,21,,H,0110,1,SL-00,N,XXXX,8,10,F,1,200309,1,"$142,500",25.9
TR91,11,I,17,15,I,0110,1,GS-15,L,XXXX,8,10,F,1,200309,1,"$124,783",32.3
TR91,11,I,21,,I,0110,1,ES-04,N,XXXX,2,50,F,1,200309,1,"$142,500",30.3
TR91,11,G,17,15,G,0110,1,GS-15,J,XXXX,8,10,F,1,200309,1,"$108,785",20.1
TR91,11,I,21,15,H,0110,1,GS-15,L,XXXX,8,10,F,1,200309,1,"$124,783",28.7
TR91,11,C,17,13,B,0110,1,GS-13,G,XXXX,8,15,F,1,200309,1,"$78,263",1.1
TR91,11,D,17,13,C,0110,1,GS-13,F,XXXX,8,40,F,2,200309,1,"$69,054",4.3
TR91,11,H,17,,E,0110,1,ES-04,N,XXXX,2,50,F,1,200309,1,"$142,500",14.9
TR91,11,H,17,15,H,0110,1,GS-15,K,XXXX,8,10,F,1,200309,1,"$118,384",26.7
TR91,11,C,04,11,A,0110,1,GS-11,D,XXXX,8,15,F,1,200309,1,"$48,451",0.2
TR91,11,I,14,15,I,0110,1,GS-15,K,XXXX,8,10,F,1,200309,1,"$118,384",34.2
TR91,11,F,14,14,F,0110,1,GS-14,H,XXXX,8,10,F,1,200309,1,"$89,764",15.1
TR91,11,F,21,15,E,0110,1,GS-15,L,XXXX,8,10,F,1,200309,1,"$124,783",10.3
TR91,11,J,18,15,H,0110,1,GS-15,L,XXXX,2,10,F,1,200309,1,"$124,783",29.6
TR91,11,G,17,,D,0110,1,ES-01,M,XXXX,2,50,F,1,200309,1,"$131,342",9.3
TR91,11,D,17,14,D,0110,1,GS-14,H,XXXX,8,10,F,1,200309,1,"$81,602",6.8
TR91,11,F,21,12,B,0110,1,GS-12,G,XXXX,8,15,F,1,200309,1,"$75,492",1.3
TR91,11,F,21,14,C,0110,1,GS-14,H,XXXX,8,10,F,1,200309,1,"$89,764",3.1
TR91,11,D,17,15,D,0110,1,GS-15,J,XXXX,8,10,F,1,200309,1,"$105,586",9.3
TR91,11,F,17,15,F,0110,1,GS-15,J,XXXX,8,10,F,1,200309,1,"$108,785",17.0
TR91,11,E,21,15,D,0110,1,GS-15,K,XXXX,8,15,F,1,200309,1,"$115,184",7.0
TR91,11,H,21,14,F,0110,1,GS-14,H,XXXX,8,10,F,1,200309,1,"$87,043",15.3
TR91,11,H,21,13,F,0110,1,GS-13,H,XXXX,8,10,F,1,200309,1,"$82,867",18.2
TR91,11,E,21,15,D,0110,1,GS-15,I,XXXX,8,10,F,1,200309,1,"$99,186",5.0
TR91,JA,G,17,15,E,0110,1,GS-15,I,XXXX,2,10,F,1,200309,1,"$96,492",13.8
TR91,11,G,21,13,F,0110,1,GS-13,H,XXXX,8,10,F,1,200309,1,"$85,169",16.8
TR91,11,C,17,11,A,0110,1,GS-11,F,XXXX,8,15,F,1,200309,1,"$62,991",0.9
TR91,11,D,17,14,D,0110,1,GS-14,H,XXXX,8,10,F,1,200309,1,"$81,602",6.6
TR91,11,J,17,14,J,0110,1,GM-14,J,XXXX,4,10,F,1,200309,1,"$106,086",38.3
TR91,11,D,21,15,C,0110,1,GS-15,I,XXXX,8,10,F,1,200309,1,"$99,186",3.1
TR91,11,H,18,15,H,0110,1,GS-15,L,XXXX,8,10,F,1,200309,1,"$124,783",25.2
TR91,11,F,17,13,E,0110,1,GS-13,H,XXXX,8,10,F,1,200309,1,"$82,867",14.2
TR91,11,F,04,15,A,0110,1,GS-15,L,XXXX,2,40,F,2,200309,1,"$124,783",0.1
TR91,11,H,21,,G,0110,1,ES-03,N,XXXX,2,50,F,1,200309,1,"$142,500",22.7
TR91,11,F,21,15,D,0110,1,GS-15,J,XXXX,8,10,F,1,200309,1,"$105,586",8.4
TR91,11,D,13,13,C,0110,1,GS-13,G,XXXX,8,40,F,2,200309,1,"$73,659",3.0
TR91,11,F,17,14,F,0110,1,GS-14,I,XXXX,8,10,F,1,200309,1,"$95,204",16.5
TR91,11,J,17,,J,0110,1,ES-01,M,XXXX,2,50,F,1,200309,1,"$131,342",38.3
TR91,11,H,18,15,H,0110,1,GS-15,L,XXXX,2,10,F,1,200309,1,"$124,783",25.5
TR91,11,G,21,15,E,0110,1,GS-15,K,XXXX,8,10,F,1,200309,1,"$115,184",10.4
TR91,11,H,14,,H,0110,1,ES-02,M,XXXX,2,50,F,1,200309,1,"$137,543",28.6
TR91,11,J,21,14,F,0110,1,GS-14,I,XXXX,8,10,F,1,200309,1,"$95,204",15.8
TR91,11,F,17,13,E,0110,1,GS-13,H,XXXX,8,10,F,1,200309,1,"$82,867",12.4
TR91,11,J,18,13,J,0110,1,GS-13,H,XXXX,8,10,F,1,200309,1,"$89,774",39.4
TR91,11,C,04,11,A,0110,1,GS-11,D,XXXX,8,15,F,1,200309,1,"$48,451",0.3
TR91,11,E,17,14,E,0110,1,GS-14,I,XXXX,8,10,F,1,200309,1,"$92,484",11.9
TR91,11,B,13,11,B,0110,1,GS-11,D,XXXX,8,15,F,1,200309,1,"$48,451",2.3
TR91,11,F,13,14,F,0110,1,GS-14,H,XXXX,8,10,F,1,200309,1,"$81,602",15.4
TR91,11,I,17,,I,0110,1,SL-00,N,XXXX,8,10,F,1,200309,1,"$142,500",30.3
TR91,11,H,17,15,H,0110,1,GS-15,L,XXXX,2,10,F,1,200309,1,"$124,783",28.0
TR91,11,G,17,14,G,0110,1,GS-14,J,XXXX,8,10,F,1,200309,1,"$103,366",20.3
TR91,11,G,13,14,G,0110,1,GS-14,J,XXXX,8,10,F,1,200309,1,"$103,366",24.3
TR91,11,G,21,15,G,0110,1,GS-15,L,XXXX,2,10,F,1,200309,1,"$124,783",22.8
TR91,11,F,13,15,E,0110,1,GS-15,J,XXXX,8,10,F,1,200309,1,"$102,386",14.9
TR91,11,E,21,15,E,0110,1,GS-15,J,XXXX,8,10,F,1,200309,1,"$105,586",12.0
TR91,11,H,17,,H,0110,1,ES-02,M,XXXX,2,50,F,1,200309,1,"$137,543",27.6
TR91,11,E,17,15,D,0110,1,GS-15,J,XXXX,8,10,F,1,200309,1,"$102,386",9.6
TR91,11,D,17,11,B,0110,1,GS-11,D,XXXX,8,40,F,2,200309,1,"$48,451",1.0
TR91,11,F,17,,E,0110,1,ES-02,M,XXXX,2,50,F,1,200309,1,"$137,543",13.9
TR91,11,G,13,14,C,0110,1,GS-14,I,XXXX,8,40,F,2,200309,1,"$95,204",3.5
TR91,11,B,13,11,B,0110,1,GS-11,D,XXXX,8,15,F,1,200309,1,"$48,451",2.5
TR91,11,I,21,15,B,0110,1,GS-15,K,XXXX,8,15,F,1,200309,1,"$111,985",2.3
TR91,11,F,17,15,E,0110,1,GS-15,I,XXXX,8,10,F,1,200309,1,"$99,186",12.4
TR91,11,F,13,13,E,0110,1,GS-13,G,XXXX,8,10,F,1,200309,1,"$73,659",11.7
TR91,11,I,14,14,J,0110,1,GS-14,J,XXXX,8,10,F,1,200309,1,"$106,086",35.9
TR91,11,E,17,15,E,0110,1,GS-15,J,XXXX,2,10,F,1,200309,1,"$108,785",11.2
TR91,11,J,17,15,H,0110,1,GS-15,L,XXXX,8,10,F,1,200309,1,"$121,583",25.4
TR91,11,E,21,15,D,0110,1,GS-15,J,XXXX,8,10,F,1,200309,1,"$102,386",6.0
TR91,11,G,13,15,E,0110,1,GS-15,J,XXXX,2,10,F,1,200309,1,"$105,586",11.3
TR91,11,C,17,12,B,0110,1,GS-12,E,XXXX,8,15,F,1,200309,1,"$58,070",2.0
TR91,11,G,13,15,H,0110,1,GS-15,K,XXXX,8,10,F,1,200309,1,"$115,184",26.8
TR91,11,E,17,14,C,0110,1,GS-14,I,XXXX,8,15,F,1,200309,1,"$97,925",3.8
TR91,11,G,14,15,H,0110,1,GS-15,K,XXXX,8,10,F,1,200309,1,"$111,985",26.3
TR91,11,D,04,13,A,0110,1,GS-13,G,XXXX,8,15,F,1,200309,1,"$73,659",0.3
TR91,11,H,21,15,E,0110,1,GS-15,K,XXXX,8,10,F,1,200309,1,"$115,184",13.6
TR91,11,F,21,,F,0110,1,ES-03,N,XXXX,2,50,F,1,200309,1,"$142,500",17.3
TR91,11,J,21,14,H,0110,1,GS-14,J,XXXX,8,10,F,1,200309,1,"$106,086",28.0
TR91,11,E,13,15,D,0110,1,GS-15,I,XXXX,2,10,F,1,200309,1,"$99,186",8.6
TR91,11,G,14,15,G,0110,1,GS-15,K,XXXX,2,10,F,1,200309,1,"$111,985",20.3
TR91,11,H,18,,G,0110,1,ES-01,M,XXXX,2,50,F,1,200309,1,"$131,342",23.2
TR91,11,J,21,15,G,0110,1,GS-15,L,XXXX,8,10,F,1,200309,1,"$124,783",21.2
TR91,11,G,21,15,G,0110,1,GS-15,L,XXXX,8,10,F,1,200309,1,"$121,583",22.8
TR91,11,E,18,15,D,0110,1,GS-15,J,XXXX,8,15,F,1,200309,1,"$108,785",6.4
TR91,11,C,04,11,A,0110,1,GS-11,D,XXXX,8,15,F,1,200309,1,"$48,451",0.1
TR91,11,E,17,15,D,0110,1,GS-15,I,XXXX,8,10,F,1,200309,1,"$99,186",9.2
TR91,IV,H,18,15,E,0110,1,GS-15,I,XXXX,8,10,F,1,200309,1,"$93,654",12.4
TR91,11,E,21,15,D,0110,1,GS-15,I,XXXX,8,10,F,1,200309,1,"$99,186",6.8
TR91,11,D,04,12,A,0110,1,GS-12,G,XXXX,8,40,F,2,200309,1,"$75,492",0.1
TR91,JA,D,17,14,D,0110,1,GS-14,G,XXXX,8,10,F,1,200309,1,"$72,381",5.3
TR91,11,G,17,,H,0110,1,ES-03,N,XXXX,2,50,F,1,200309,1,"$142,500",25.3
TR91,11,G,17,15,F,0110,1,GS-15,K,XXXX,8,10,F,1,200309,1,"$111,985",18.5
TR91,11,G,13,15,H,0110,1,GM-15,K,XXXX,2,10,F,1,200309,1,"$118,384",27.2
TR91,11,D,17,11,A,0110,1,GS-11,D,XXXX,8,15,F,1,200309,1,"$48,451",0.5
TR91,11,F,21,15,E,0110,1,GS-15,J,XXXX,8,10,F,1,200309,1,"$102,386",12.1
TR91,11,I,21,15,G,0110,1,GS-15,L,XXXX,8,10,P,2,200309,1,"$124,783",23.5
TR91,11,I,21,,H,0110,1,ES-04,N,XXXX,2,50,F,1,200309,1,"$142,500",29.1
TR91,11,C,17,12,B,0110,1,GS-12,E,XXXX,8,15,F,1,200309,1,"$58,070",2.9
TR91,11,D,17,15,D,0110,1,GS-15,I,XXXX,8,10,F,1,200309,1,"$95,987",6.5
TR91,11,D,17,12,B,0110,1,GS-12,G,XXXX,8,15,F,1,200309,1,"$75,492",1.5
TR91,11,B,13,07,A,0110,1,GS-07,C,XXXX,8,40,F,2,200309,1,"$34,919",0.0
TR91,11,C,04,11,A,0110,1,GS-11,E,XXXX,8,15,F,1,200309,1,"$51,682",0.1
TR91,11,F,17,15,F,0110,1,GS-15,K,XXXX,8,10,F,1,200309,1,"$115,184",19.3
TR91,11,D,16,15,D,0110,1,GS-15,I,XXXX,8,15,F,1,200309,1,"$95,987",6.4
TR91,11,D,17,14,C,0110,1,GS-14,I,XXXX,8,48,F,2,200309,1,"$95,204",3.8
TR91,11,G,21,15,G,0110,1,GS-15,L,XXXX,8,10,F,1,200309,1,"$124,783",21.3
TR91,11,G,17,15,G,0110,1,GS-15,L,XXXX,8,10,F,1,200309,1,"$121,583",21.3
TR91,11,G,21,,E,0110,1,ES-02,M,XXXX,2,55,F,1,200309,1,"$137,543",12.5
TR91,11,C,17,13,C,0110,1,GS-13,G,XXXX,8,10,F,1,200309,1,"$71,357",3.1
TR91,11,D,17,13,C,0110,1,GS-13,G,XXXX,8,15,F,1,200309,1,"$71,357",4.3
TR91,11,I,17,14,I,0110,1,GS-14,J,XXXX,8,10,F,1,200309,1,"$106,086",31.1
TR91,11,H,17,13,F,0110,1,GS-13,H,XXXX,8,10,F,1,200309,1,"$85,169",19.5
TR91,11,D,17,14,B,0110,1,GS-14,J,XXXX,8,40,F,2,200309,1,"$106,086",1.0
TR91,11,G,21,15,G,0110,1,GS-15,L,XXXX,8,10,F,1,200309,1,"$124,783",22.8
TR91,11,F,18,15,F,0110,1,GS-15,J,XXXX,8,10,F,1,200309,1,"$108,785",16.3
TR91,11,E,21,15,C,0110,1,GS-15,I,XXXX,8,10,F,1,200309,1,"$95,987",4.1
TR91,11,E,17,12,C,0110,1,GS-12,E,XXXX,8,10,F,1,200309,1,"$58,070",4.0
TR91,11,B,13,09,A,0110,1,GS-09,D,XXXX,8,40,F,2,200309,1,"$40,044",0.3
TR91,11,D,17,14,D,0110,1,GS-14,H,XXXX,8,15,F,1,200309,1,"$81,602",7.0
TR91,11,I,21,15,F,0110,1,GS-15,L,XXXX,8,10,F,1,200309,1,"$124,783",17.3
TR91,11,G,21,15,D,0110,1,GS-15,J,XXXX,2,10,F,1,200309,1,"$108,785",9.1
TR91,11,H,17,14,H,0110,1,GS-14,J,XXXX,8,10,F,1,200309,1,"$100,645",26.0
TR91,11,F,12,15,F,0110,1,GS-15,J,XXXX,8,10,F,1,200309,1,"$108,785",17.3
TR91,11,E,13,12,A,0110,1,GS-12,F,XXXX,8,40,F,2,200309,1,"$63,877",0.3
TR91,11,F,13,13,B,0110,1,GS-13,H,XXXX,8,15,F,1,200309,1,"$85,169",1.0
TR91,11,C,17,11,B,0110,1,GS-11,D,XXXX,8,30,F,1,200309,1,"$48,451",1.2
TR91,11,D,17,14,D,0110,1,GS-14,H,XXXX,2,10,F,1,200309,1,"$89,764",8.6
TR91,11,H,21,14,E,0110,1,GS-14,H,XXXX,8,10,F,1,200309,1,"$81,602",14.6
TR91,11,J,18,,I,0110,1,ES-04,N,XXXX,2,50,F,1,200309,1,"$142,500",34.8
TR91,11,G,18,,G,0110,1,ES-03,N,XXXX,2,50,F,1,200309,1,"$142,500",21.1
TR91,11,H,21,14,F,0110,1,GS-14,J,XXXX,8,10,F,1,200309,1,"$103,366",15.5
TR91,11,G,17,15,G,0110,1,GS-15,J,XXXX,8,10,F,1,200309,1,"$108,785",20.3
TR91,11,F,16,,F,0110,1,ES-01,M,XXXX,2,50,F,1,200309,1,"$131,342",15.2
TR91,11,E,13,15,E,0110,1,GS-15,J,XXXX,8,10,F,1,200309,1,"$108,785",14.3
TR91,11,C,21,13,B,0110,1,GS-13,H,XXXX,8,15,F,1,200309,1,"$80,565",1.2
TR91,11,D,17,15,C,0110,1,GS-15,I,XXXX,8,10,F,1,200309,1,"$95,987",4.1
TR91,27,G,17,14,F,0110,1,GS-14,I,XXXX,8,10,P,2,200309,1,"$98,012",18.0
TR91,11,E,17,15,D,0110,1,GS-15,J,XXXX,2,10,F,1,200309,1,"$105,586",9.7
TR91,11,C,17,,C,0110,1,ES-01,M,XXXX,2,50,F,1,200309,1,"$131,342",4.0
TR91,11,G,21,15,E,0110,1,GS-15,L,XXXX,8,10,F,1,200309,1,"$124,783",10.3
TR91,11,I,17,15,F,0110,1,GS-15,L,XXXX,2,10,F,1,200309,1,"$124,783",16.0
TR91,11,D,21,14,C,0110,1,GS-14,H,XXXX,8,10,F,1,200309,1,"$84,323",4.0
TR91,11,I,17,15,I,0110,1,GM-15,L,XXXX,2,10,F,1,200309,1,"$124,783",33.3
TR91,11,G,17,13,E,0110,1,GS-13,H,XXXX,8,10,P,2,200309,1,"$89,774",11.0
TR91,11,F,18,15,D,0110,1,GS-15,K,XXXX,8,10,F,1,200309,1,"$111,985",7.7
TR91,11,D,17,14,D,0110,1,GS-14,H,XXXX,8,10,F,1,200309,1,"$81,602",5.9
TR91,11,G,21,14,F,0110,1,GS-14,J,XXXX,8,10,F,1,200309,1,"$103,366",18.3
TR91,11,C,13,11,A,0110,1,GS-11,D,XXXX,8,15,F,1,200309,1,"$48,451",0.2
TR91,11,D,21,13,C,0110,1,GS-13,G,XXXX,8,15,F,1,200309,1,"$71,357",3.0
TR91,11,G,21,15,F,0110,1,GS-15,L,XXXX,8,10,F,1,200309,1,"$124,783",18.0
TR91,11,E,21,15,F,0110,1,GS-15,J,XXXX,8,10,F,1,200309,1,"$108,785",16.8
TR91,11,E,17,15,E,0110,1,GS-15,I,XXXX,8,10,F,1,200309,1,"$99,186",12.3
TR91,11,J,14,15,H,0110,1,GS-15,L,XXXX,8,10,F,1,200309,1,"$124,783",29.0
TR91,11,F,21,13,B,0110,1,GS-13,H,XXXX,8,40,F,2,200309,1,"$80,565",2.0
TR91,11,D,13,11,B,0110,1,GS-11,D,XXXX,8,30,F,1,200309,1,"$48,451",1.1
TR91,TS,D,01,13,C,0110,1,GS-13,F,XXXX,8,30,F,1,200309,1,"$61,251",4.9
TR91,11,E,17,14,E,0110,1,GS-14,I,XXXX,8,10,P,2,200309,1,"$95,204",12.0
TR91,11,D,17,13,C,0110,1,GS-13,G,XXXX,8,10,F,1,200309,1,"$71,357",4.1
TR91,11,D,17,13,C,0110,1,GS-13,G,XXXX,8,10,F,1,200309,1,"$75,961",4.0
TR91,11,D,21,14,C,0110,1,GS-14,H,XXXX,8,15,F,1,200309,1,"$81,602",3.6
TR91,11,I,21,15,I,0110,1,GS-15,L,XXXX,8,10,F,1,200309,1,"$124,783",31.8
TR91,11,G,18,15,G,0110,1,GS-15,J,XXXX,8,10,F,1,200309,1,"$105,586",20.1
TR91,11,E,21,15,D,0110,1,GS-15,J,XXXX,8,10,F,1,200309,1,"$102,386",7.1
TR91,11,E,17,14,B,0110,1,GS-14,H,XXXX,8,15,F,1,200309,1,"$89,764",2.2
TR91,11,H,19,15,G,0110,1,GS-15,L,XXXX,8,10,F,1,200309,1,"$124,783",23.3
TR91,11,K,21,15,H,0110,1,GS-15,L,XXXX,8,10,F,1,200309,1,"$124,783",28.3
TR91,IZ,E,21,14,D,0110,1,GS-14,H,XXXX,8,15,F,1,200309,1,"$84,446",8.6
TR91,11,H,17,,H,0110,1,ES-03,N,XXXX,2,50,F,1,200309,1,"$142,500",26.1
TR91,11,J,17,14,I,0110,1,GS-14,J,XXXX,8,10,F,1,200309,1,"$106,086",34.8
TR91,11,H,18,15,F,0110,1,GS-15,K,XXXX,8,10,F,1,200309,1,"$118,384",18.0
TR91,11,C,17,12,C,0110,1,GS-12,E,XXXX,8,10,F,1,200309,1,"$58,070",3.0
TR91,11,H,17,15,H,0110,1,GS-15,K,XXXX,8,10,F,1,200309,1,"$118,384",26.2
TR91,11,I,17,15,I,0110,1,GS-15,L,XXXX,2,10,F,1,200309,1,"$124,783",32.6
TR91,11,E,17,,E,0110,1,ES-01,M,XXXX,2,50,F,1,200309,1,"$131,342",14.1
TR91,11,F,17,15,F,0110,1,GS-15,K,XXXX,8,10,F,1,200309,1,"$115,184",19.8
TR91,11,E,21,14,C,0110,1,GS-14,H,XXXX,8,15,F,1,200309,1,"$87,043",4.2
TR91,11,G,21,15,F,0110,1,GS-15,K,XXXX,8,10,F,1,200309,1,"$118,384",18.0
TR91,11,C,17,13,C,0110,1,GS-13,G,XXXX,8,10,F,1,200309,1,"$71,357",3.3
TR91,11,D,21,13,A,0110,1,GS-13,H,XXXX,8,40,F,2,200309,1,"$89,774",0.1
TR91,11,G,17,15,E,0110,1,GS-15,K,XXXX,8,10,F,1,200309,1,"$111,985",13.8
TR91,11,E,13,11,F,0110,1,GS-11,E,XXXX,8,10,F,1,200309,1,"$59,760",15.2
TR91,11,F,21,15,F,0110,1,GS-15,K,XXXX,8,10,F,1,200309,1,"$118,384",18.1
TR91,11,I,21,,H,0110,1,ES-04,N,XXXX,2,50,F,1,200309,1,"$142,500",26.1
TR91,11,E,21,15,D,0110,1,GS-15,I,XXXX,8,10,F,1,200309,1,"$99,186",7.1
TR91,11,D,04,13,B,0110,1,GS-13,G,XXXX,8,15,F,1,200309,1,"$71,357",2.8
TR91,11,C,17,11,B,0110,1,GS-11,D,XXXX,8,40,F,2,200309,1,"$48,451",1.0
TR91,11,D,17,13,C,0110,1,GS-13,G,XXXX,8,10,F,1,200309,1,"$73,659",4.0
TR91,11,D,21,15,B,0110,1,GS-15,I,XXXX,8,15,F,1,200309,1,"$95,987",2.1
TR91,11,D,04,13,A,0110,1,GS-13,F,XXXX,8,40,F,2,200309,1,"$69,054",0.3
TR91,11,C,17,13,C,0110,1,GS-13,G,XXXX,8,10,F,1,200309,1,"$75,961",3.2
TR93,23,C,17,12,D,0110,1,GS-12,F,XXXX,8,10,F,1,200309,1,"$60,227",5.2
TR93,25,G,04,14,E,0110,1,GS-14,J,XXXX,8,10,F,1,200309,1,"$108,213",10.7
TR93,06,I,17,14,F,0110,1,GS-14,I,XXXX,7,10,F,1,200309,1,"$96,561",18.1
TR93,25,F,13,13,F,0110,1,GS-13,G,XXXX,8,10,F,1,200309,1,"$77,484",15.3
TR93,09,E,17,13,E,0110,1,GS-13,G,XXXX,8,10,F,1,200309,1,"$77,861",12.3
TR93,06,G,21,14,F,0110,1,GS-14,J,XXXX,2,10,F,1,200309,1,"$105,169",15.3
TR93,11,E,13,13,E,0110,1,GS-13,H,XXXX,8,10,F,1,200309,1,"$85,169",13.2
TR93,48,E,21,13,C,0110,1,GS-13,G,XXXX,8,10,F,1,200309,1,"$75,530",4.0
TR93,36,I,17,13,D,0110,1,GS-13,H,XXXX,8,10,F,1,200309,1,"$85,874",9.0
TR93,36,G,17,13,H,0110,1,GS-13,I,XXXX,8,10,F,1,200309,1,"$93,031",26.4
TR93,48,H,17,13,D,0110,1,GS-13,H,XXXX,8,10,F,1,200309,1,"$80,108",8.8
TR93,36,J,21,14,F,0110,1,GS-14,I,XXXX,7,10,F,1,200309,1,"$98,658",15.8
TR93,11,J,13,14,H,0110,1,GM-14,J,XXXX,2,10,F,1,200309,1,"$106,086",26.8
TR93,36,D,17,09,D,0110,1,GS-09,E,XXXX,8,10,F,1,200309,1,"$53,946",9.0
TR93,34,E,17,13,D,0110,1,GS-13,G,XXXX,8,10,F,1,200309,1,"$78,717",5.2
TR93,06,F,13,13,F,0110,1,GS-13,I,XXXX,8,10,F,1,200309,1,"$91,328",16.4
TR93,11,H,21,13,G,0110,1,GS-13,H,XXXX,8,10,F,1,200309,1,"$89,774",24.9
TR93,11,G,21,12,F,0110,1,GS-12,G,XXXX,8,10,F,1,200309,1,"$73,556",19.9
TR93,11,J,14,14,I,0110,1,GS-14,J,XXXX,8,10,F,1,200309,1,"$106,086",33.3
TR93,11,J,21,14,E,0110,1,GS-14,I,XXXX,8,10,F,1,200309,1,"$92,484",11.8
TR93,11,H,21,13,E,0110,1,GS-13,H,XXXX,8,10,F,1,200309,1,"$82,867",11.8
TR93,11,G,17,14,F,0110,1,GS-14,I,XXXX,8,10,F,1,200309,1,"$97,925",18.1
TR93,36,E,17,14,D,0110,1,GS-14,H,XXXX,8,10,F,1,200309,1,"$84,634",8.7
TR93,36,H,18,14,G,0110,1,GS-14,J,XXXX,2,10,F,1,200309,1,"$101,477",24.3
TR93,36,H,21,13,E,0110,1,GS-13,H,XXXX,8,10,F,1,200309,1,"$88,259",12.9
TR93,11,H,17,14,G,0110,1,GS-14,J,XXXX,8,10,F,1,200309,1,"$100,645",20.8
TR93,36,J,19,14,E,0110,1,GS-14,I,XXXX,7,10,F,1,200309,1,"$98,658",12.1
TR93,17,G,04,13,D,0110,1,GS-13,G,XXXX,8,15,F,1,200309,1,"$78,258",7.1
TR93,36,K,17,13,E,0110,1,GS-13,H,XXXX,8,10,F,1,200309,1,"$85,874",12.7
TR93,36,D,21,13,A,0110,1,GS-13,G,XXXX,8,15,F,1,200309,1,"$71,560",0.7
TR93,11,D,17,13,D,0110,1,GS-13,G,XXXX,8,10,F,1,200309,1,"$75,961",8.3
TR93,06,J,07,13,D,0110,1,GS-13,H,XXXX,8,10,F,1,200309,1,"$86,520",7.8
TR93,36,F,17,14,E,0110,1,GS-14,I,XXXX,7,10,F,1,200309,1,"$93,020",14.7
TR93,11,E,17,14,E,0110,1,GS-14,H,XXXX,8,10,F,1,200309,1,"$87,043",11.4
TR93,06,I,04,13,E,0110,1,GS-13,H,XXXX,8,10,F,1,200309,1,"$88,924",12.6
TR93,27,H,17,13,D,0110,1,GS-13,G,XXXX,8,10,F,1,200309,1,"$76,028",8.1
TR93,11,J,04,13,F,0110,1,GS-13,H,XXXX,8,10,F,1,200309,1,"$89,774",17.0
TR93,11,H,13,07,F,0110,1,GS-07,C,XXXX,8,15,F,1,200309,1,"$36,010",16.3
TR93,11,C,13,13,D,0110,1,GS-13,G,XXXX,8,10,F,1,200309,1,"$71,357",6.0
TR93,11,G,21,13,B,0110,1,GS-13,F,XXXX,8,15,F,1,200309,1,"$69,054",1.2
TR93,36,I,21,13,F,0110,1,GS-13,H,XXXX,8,10,F,1,200309,1,"$85,874",15.4
TR93,36,F,04,13,A,0110,1,GS-13,G,XXXX,8,15,F,1,200309,1,"$71,560",0.6
TR93,34,G,17,13,D,0110,1,GS-13,I,XXXX,8,10,F,1,200309,1,"$93,031",9.0
TR93,11,J,13,14,J,0110,1,GS-14,I,XXXX,7,10,F,1,200309,1,"$95,204",37.2
TR93,48,I,17,14,D,0110,1,GS-14,I,XXXX,7,10,F,1,200309,1,"$90,149",5.5
TR93,11,G,04,15,B,0110,1,GS-15,J,XXXX,8,15,F,1,200309,1,"$102,386",2.3
TR93,11,D,13,13,E,0110,1,GS-13,H,XXXX,8,10,P,2,200309,1,"$82,867",12.1
TR93,11,E,17,14,E,0110,1,GS-14,I,XXXX,8,10,F,1,200309,1,"$92,484",14.7
TR93,11,C,13,13,D,0110,1,GS-13,F,XXXX,8,10,F,1,200309,1,"$69,054",6.1
TR93,11,B,13,11,B,0110,1,GS-11,D,XXXX,8,15,F,1,200309,1,"$48,451",2.2
TR93,48,I,17,13,F,0110,1,GS-13,I,XXXX,8,10,F,1,200309,1,"$91,054",16.8
TR93,06,D,17,13,A,0110,1,GS-13,G,XXXX,8,15,F,1,200309,1,"$74,163",0.6
TR93,11,I,17,11,I,0110,1,GS-11,F,XXXX,8,10,F,1,200309,1,"$62,991",30.0
TR93,11,E,13,13,E,0110,1,GS-13,H,XXXX,8,10,P,2,200309,1,"$85,169",14.3
TR93,06,G,21,13,B,0110,1,GS-13,G,XXXX,8,15,F,1,200309,1,"$79,309",2.4
TR93,36,J,21,13,G,0110,1,GS-13,I,XXXX,8,10,F,1,200309,1,"$93,031",20.0
TR93,24,D,04,13,D,0110,1,GS-13,F,XXXX,8,15,F,1,200309,1,"$69,054",8.2
TR93,42,H,13,13,H,0110,1,GS-13,H,XXXX,8,10,F,1,200309,1,"$88,006",26.4
TR93,17,G,21,14,F,0110,1,GS-14,I,XXXX,7,10,F,1,200309,1,"$98,084",19.0
TR93,11,B,04,09,B,0110,1,GS-09,D,XXXX,8,15,F,1,200309,1,"$40,044",1.6
TR93,06,F,04,14,D,0110,1,GS-14,I,XXXX,7,10,F,1,200309,1,"$90,561",5.3
TR93,11,C,13,12,C,0110,1,GS-12,F,XXXX,8,10,F,1,200309,1,"$60,006",4.5
TR93,11,C,04,13,D,0110,1,GS-13,G,XXXX,8,10,F,1,200309,1,"$71,357",5.1
TR93,06,F,17,13,C,0110,1,GS-13,G,XXXX,8,15,F,1,200309,1,"$74,163",3.8
TR93,11,C,13,13,D,0110,1,GS-13,G,XXXX,8,10,F,1,200309,1,"$71,357",6.0
TR93,11,F,13,14,F,0110,1,GS-14,J,XXXX,8,10,F,1,200309,1,"$100,645",15.8
TR93,11,D,13,13,D,0110,1,GS-13,G,XXXX,8,10,F,1,200309,1,"$78,263",8.3
TR93,11,D,13,14,E,0110,1,GS-14,I,XXXX,8,10,F,1,200309,1,"$92,484",12.3
TR93,11,D,04,09,B,0110,1,GS-09,D,XXXX,8,15,F,1,200309,1,"$40,044",1.2
TR93,11,D,13,13,E,0110,1,GS-13,H,XXXX,8,10,F,1,200309,1,"$87,472",12.2
TR93,06,I,13,14,G,0110,1,GS-14,I,XXXX,7,10,F,1,200309,1,"$93,482",20.2
TR93,11,C,13,12,C,0110,1,GS-12,E,XXXX,8,10,F,1,200309,1,"$58,070",3.2
TR93,11,D,17,13,D,0110,1,GS-13,H,XXXX,8,10,F,1,200309,1,"$82,867",9.1
TR93,11,C,13,12,D,0110,1,GS-12,F,XXXX,8,10,F,1,200309,1,"$63,877",5.3
TR93,06,G,17,13,F,0110,1,GS-13,H,XXXX,8,10,F,1,200309,1,"$88,997",17.6
TR93,11,C,13,12,D,0110,1,GS-12,F,XXXX,8,10,F,1,200309,1,"$61,942",5.3
TR93,11,B,13,11,B,0110,1,GS-11,D,XXXX,8,15,F,1,200309,1,"$48,451",2.2
TR93,11,C,13,13,D,0110,1,GS-13,G,XXXX,8,10,F,1,200309,1,"$71,357",6.0
TR93,11,C,13,12,C,0110,1,GS-12,F,XXXX,8,10,F,1,200309,1,"$60,006",4.3
TR93,11,C,04,12,D,0110,1,GS-12,F,XXXX,8,10,F,1,200309,1,"$61,942",5.3
TR93,11,H,04,13,F,0110,1,GS-13,H,XXXX,8,10,F,1,200309,1,"$82,867",17.6
TR93,11,D,13,13,D,0110,1,GS-13,G,XXXX,8,10,F,1,200309,1,"$78,263",9.5
TR93,11,E,13,13,F,0110,1,GS-13,H,XXXX,8,10,F,1,200309,1,"$82,867",15.0
TR93,51,E,13,13,F,0110,1,GS-13,H,XXXX,8,10,F,1,200309,1,"$87,289",17.8
TR93,11,E,13,13,E,0110,1,GS-13,H,XXXX,8,10,P,2,200309,1,"$82,867",14.1
TR93,11,B,13,09,B,0110,1,GS-09,D,XXXX,8,15,F,1,200309,1,"$40,044",1.2
TR93,11,C,13,12,D,0110,1,GS-12,F,XXXX,8,10,F,1,200309,1,"$61,942",5.3
TR93,11,C,13,13,D,0110,1,GS-13,G,XXXX,8,10,F,1,200309,1,"$71,357",6.0
TR93,11,B,04,12,C,0110,1,GS-12,E,XXXX,8,10,F,1,200309,1,"$58,070",3.1
TR93,11,B,13,11,B,0110,1,GS-11,D,XXXX,8,15,F,1,200309,1,"$48,451",2.1
TR93,11,F,17,14,F,0110,1,GS-14,I,XXXX,8,10,F,1,200309,1,"$97,925",16.3
TR93,11,D,17,14,E,0110,1,GS-14,H,XXXX,8,10,F,1,200309,1,"$87,043",11.3
TR93,11,D,04,13,D,0110,1,GS-13,G,XXXX,8,10,F,1,200309,1,"$71,357",5.4
TR93,27,C,04,09,A,0110,1,GS-09,D,XXXX,8,15,F,1,200309,1,"$40,080",0.8
TR93,13,K,21,13,F,0110,1,GS-13,H,XXXX,8,10,F,1,200309,1,"$88,269",18.5
TR93,11,F,17,14,F,0110,1,GS-14,H,XXXX,8,10,F,1,200309,1,"$89,764",17.3
TR93,13,E,13,14,E,0110,1,GS-14,I,XXXX,2,10,F,1,200309,1,"$90,934",13.3
TR93,11,C,13,12,C,0110,1,GS-12,F,XXXX,8,10,F,1,200309,1,"$60,006",4.3
TR93,25,I,21,13,G,0110,1,GS-13,H,XXXX,8,10,F,1,200309,1,"$89,225",21.7
TR93,13,I,12,14,H,0110,1,GS-14,I,XXXX,7,10,F,1,200309,1,"$93,608",26.9
TR93,13,F,17,14,D,0110,1,GS-14,H,XXXX,7,10,F,1,200309,1,"$88,259",8.5
TR93,36,H,14,14,I,0110,1,GS-14,J,XXXX,2,10,F,1,200309,1,"$109,935",30.9
TR93,06,J,17,13,G,0110,1,GS-13,I,XXXX,8,10,F,1,200309,1,"$93,942",22.8
TR93,26,F,17,14,E,0110,1,GS-14,I,XXXX,7,10,F,1,200309,1,"$98,185",14.5
TR93,11,H,21,14,F,0110,1,GS-14,J,XXXX,8,10,F,1,200309,1,"$103,366",15.1
TR93,11,C,04,12,B,0110,1,GS-12,E,XXXX,8,15,F,1,200309,1,"$58,070",2.8
TR93,42,I,17,13,G,0110,1,GS-13,I,XXXX,8,10,F,1,200309,1,"$90,323",22.4
TR93,11,C,17,12,B,0110,1,GS-12,E,XXXX,8,15,F,1,200309,1,"$58,070",2.4
TR93,11,C,13,12,D,0110,1,GS-12,F,XXXX,8,10,F,1,200309,1,"$61,942",5.3
TR93,06,J,17,14,D,0110,1,GS-14,I,XXXX,7,10,F,1,200309,1,"$93,721",9.0
TR93,11,E,13,14,F,0110,1,GS-14,H,XXXX,8,10,F,1,200309,1,"$89,764",15.2
TR93,11,C,17,13,D,0110,1,GS-13,G,XXXX,8,10,F,1,200309,1,"$71,357",5.3
TR93,13,G,22,13,B,0110,1,GS-13,G,XXXX,8,15,F,1,200309,1,"$72,424",2.3
TR93,13,F,17,14,F,0110,1,GS-14,H,XXXX,8,10,F,1,200309,1,"$88,259",15.0
TR93,29,B,13,09,B,0110,1,GS-09,C,XXXX,8,15,F,1,200309,1,"$39,067",1.9
TR93,17,H,17,14,H,0110,1,GS-14,I,XXXX,7,10,F,1,200309,1,"$98,084",25.7
TR93,11,B,13,09,B,0110,1,GS-09,D,XXXX,8,15,F,1,200309,1,"$40,044",1.8
TR93,04,E,13,13,E,0110,1,GS-13,G,XXXX,8,10,F,1,200309,1,"$76,097",12.0
TR93,11,H,13,14,F,0110,1,GS-14,H,XXXX,8,10,F,1,200309,1,"$89,764",18.7
TR93,11,B,04,09,B,0110,1,GS-09,D,XXXX,8,15,F,1,200309,1,"$40,044",1.6
TR93,11,F,17,,E,0110,1,IR-SM,I,XXXX,2,10,F,1,200309,1,"$94,013",13.3
TR93,11,G,17,14,F,0110,1,GS-14,I,XXXX,8,10,F,1,200309,1,"$95,204",16.8
TR93,26,F,17,13,E,0110,1,GS-13,I,XXXX,8,10,F,1,200309,1,"$92,585",12.1
TR93,13,D,17,13,B,0110,1,GS-13,G,XXXX,8,15,F,1,200309,1,"$79,215",2.3
TR93,26,G,18,13,E,0110,1,GS-13,G,XXXX,8,10,F,1,200309,1,"$75,965",12.0
TR93,17,I,17,13,G,0110,1,GS-13,I,XXXX,8,10,F,1,200309,1,"$90,117",22.8
TR93,25,J,17,13,E,0110,1,GS-13,H,XXXX,8,10,F,1,200309,1,"$89,225",12.7
TR93,11,J,14,14,I,0110,1,GS-14,I,XXXX,8,10,F,1,200309,1,"$97,925",31.0
TR93,11,D,04,13,B,0110,1,GS-13,G,XXXX,8,15,F,1,200309,1,"$75,961",1.9
TR93,55,G,21,13,C,0110,1,GS-13,G,XXXX,8,10,F,1,200309,1,"$72,653",4.3
TR93,11,E,13,12,D,0110,1,GS-12,F,XXXX,8,10,F,1,200309,1,"$61,942",5.3
TR93,48,K,21,13,E,0110,1,GS-13,H,XXXX,8,10,F,1,200309,1,"$80,108",10.7
TR93,22,I,17,12,I,0110,1,GS-12,F,XXXX,8,10,F,1,200309,1,"$69,638",32.6
TR93,17,J,17,14,F,0110,1,GS-14,I,XXXX,7,10,F,1,200309,1,"$98,084",19.4
TR93,40,F,04,12,E,0110,1,GS-12,F,XXXX,8,10,F,1,200309,1,"$65,874",12.2
TR93,37,I,13,13,F,0110,1,GS-13,H,XXXX,8,10,F,1,200309,1,"$85,051",16.9
TR93,11,G,21,14,D,0110,1,GS-14,H,XXXX,8,10,F,1,200309,1,"$89,764",5.0
TR93,48,I,21,13,D,0110,1,GS-13,H,XXXX,8,15,F,1,200309,1,"$83,671",7.0
TR93,48,I,17,14,E,0110,1,GS-14,H,XXXX,7,10,F,1,200309,1,"$87,279",11.5
TR93,48,G,17,13,F,0110,1,GS-13,G,XXXX,8,15,F,1,200309,1,"$73,826",15.7
TR93,48,J,17,13,E,0110,1,GS-13,H,XXXX,8,10,F,1,200309,1,"$88,593",11.8
TR93,27,D,17,13,D,0110,1,GS-13,G,XXXX,8,10,F,1,200309,1,"$76,028",5.7
TR93,47,G,13,13,F,0110,1,GS-13,G,XXXX,8,10,F,1,200309,1,"$76,097",18.5
TR93,11,I,17,15,G,0110,1,GS-15,K,XXXX,8,10,F,1,200309,1,"$118,384",20.3
TR93,13,E,17,13,E,0110,1,GS-13,H,XXXX,8,10,F,1,200309,1,"$81,478",11.2
TR93,29,C,13,12,C,0110,1,GS-12,E,XXXX,8,10,F,1,200309,1,"$58,542",4.1
TR93,27,E,13,13,D,0110,1,GS-13,H,XXXX,8,10,F,1,200309,1,"$80,637",8.3
TR93,11,C,04,09,B,0110,1,GS-09,D,XXXX,8,15,F,1,200309,1,"$40,044",2.4
TR93,11,F,17,13,D,0110,1,GS-13,G,XXXX,8,10,F,1,200309,1,"$73,659",8.4
TR93,11,G,17,14,F,0110,1,GS-14,I,XXXX,8,10,F,1,200309,1,"$97,925",19.4
TR93,11,I,13,14,I,0110,1,GS-14,J,XXXX,8,10,F,1,200309,1,"$106,086",33.7
TR93,17,I,04,14,G,0110,1,GS-14,I,XXXX,2,10,F,1,200309,1,"$92,479",22.6
TR93,13,I,21,13,E,0110,1,GS-13,H,XXXX,8,10,F,1,200309,1,"$81,478",13.9
TR93,06,I,04,14,E,0110,1,GS-14,J,XXXX,2,10,F,1,200309,1,"$102,242",12.4
TR93,17,J,14,13,F,0110,1,GS-13,I,XXXX,8,10,F,1,200309,1,"$90,117",16.7
TR93,06,E,17,13,D,0110,1,GS-13,H,XXXX,8,10,F,1,200309,1,"$81,580",5.3
TR93,11,B,13,09,B,0110,1,GS-09,D,XXXX,8,15,F,1,200309,1,"$40,044",1.2
TR93,53,I,21,13,E,0110,1,GS-13,H,XXXX,8,10,F,1,200309,1,"$83,139",10.0
TR93,48,H,17,14,F,0110,1,GS-14,H,XXXX,7,10,F,1,200309,1,"$89,254",15.7
TR93,06,F,17,13,E,0110,1,GS-13,H,XXXX,8,10,F,1,200309,1,"$88,997",12.6
TR93,06,H,13,13,F,0110,1,GS-13,H,XXXX,8,10,F,1,200309,1,"$88,997",16.3
TR93,06,H,07,14,D,0110,1,GS-14,I,XXXX,7,10,F,1,200309,1,"$93,721",7.8
TR93,06,H,13,13,G,0110,1,GS-13,H,XXXX,8,10,F,1,200309,1,"$84,053",21.2
TR93,06,G,17,13,D,0110,1,GS-13,H,XXXX,8,10,F,1,200309,1,"$86,520",9.0
TR93,06,J,07,13,E,0110,1,GS-13,H,XXXX,8,10,F,1,200309,1,"$84,117",12.6
TR93,06,E,13,13,D,0110,1,GS-13,H,XXXX,8,10,F,1,200309,1,"$86,525",9.0
TR93,06,H,04,13,E,0110,1,GS-13,H,XXXX,8,10,F,1,200309,1,"$84,117",12.2
TR93,11,E,17,13,D,0110,1,GS-13,G,XXXX,8,10,F,1,200309,1,"$78,263",8.3
TR93,11,H,21,13,E,0110,1,GS-13,H,XXXX,8,10,F,1,200309,1,"$82,867",11.8
TR93,11,G,04,13,H,0110,1,GS-13,H,XXXX,8,10,F,1,200309,1,"$82,867",29.5
TR93,11,E,13,13,F,0110,1,GS-13,G,XXXX,8,10,F,1,200309,1,"$71,357",16.6
TR93,17,J,21,13,G,0110,1,GS-13,H,XXXX,8,10,F,1,200309,1,"$87,746",24.9
TR93,06,D,04,13,B,0110,1,GS-13,G,XXXX,8,15,F,1,200309,1,"$76,635",2.2
TR93,11,C,13,12,C,0110,1,GS-12,F,XXXX,8,10,F,1,200309,1,"$60,006",4.1
TR93,11,B,04,11,B,0110,1,GS-11,D,XXXX,8,15,F,1,200309,1,"$48,451",2.2
TR95,11,G,17,14,E,0110,1,GS-14,H,XXXX,8,10,F,1,200309,1,"$87,043",12.3
TRAD,11,B,17,09,A,0110,1,GS-09,D,XXXX,8,30,F,1,200309,1,"$40,044",0.2
TRAD,11,H,22,14,D,0110,1,GS-14,I,XXXX,8,10,F,1,200309,1,"$97,925",6.0
TRAF,51,I,17,15,I,0110,1,GS-15,L,XXXX,8,10,F,1,200309,1,"$124,783",33.0
TRAI,11,B,11,09,C,0110,1,GS-09,D,XXXX,8,15,F,1,200309,1,"$40,044",3.3
TRAJ,11,G,17,,E,0110,1,NB-07,M,XXXX,2,10,F,1,200309,1,"$139,685",10.1
TRAJ,11,H,21,,E,0110,1,NB-06,L,XXXX,8,10,F,1,200309,1,"$120,349",14.0
TRAJ,11,F,21,,E,0110,1,NB-06,K,XXXX,8,10,F,1,200309,1,"$113,871",12.3
TRAJ,11,G,21,,E,0110,1,NB-08,R,XXXX,2,10,F,1,200309,1,"$182,608",14.6
TRAJ,36,H,17,,E,0110,1,NB-06,K,XXXX,8,10,F,1,200309,1,"$111,444",11.8
TRAJ,11,H,15,,E,0110,1,NB-07,N,XXXX,8,10,F,1,200309,1,"$149,486",12.1
TRAJ,11,I,21,,B,0110,1,NB-06,J,XXXX,8,15,F,1,200309,1,"$108,803",2.6
TRAJ,11,D,21,,B,0110,1,NB-05,H,XXXX,8,40,F,2,200309,1,"$89,127",1.8
TRAJ,11,F,21,,E,0110,1,NB-06,L,XXXX,8,10,F,1,200309,1,"$123,783",11.0
TRAJ,11,H,21,,E,0110,1,NB-06,J,XXXX,8,10,F,1,200309,1,"$103,015",12.0
TRAJ,11,G,21,,G,0110,1,NB-07,M,XXXX,8,10,F,1,200309,1,"$132,941",20.3
TRAJ,11,I,21,,D,0110,1,NB-06,K,XXXX,8,10,P,2,200309,1,"$116,255",8.2
TRAJ,11,F,14,,D,0110,1,NB-07,M,XXXX,2,10,F,1,200309,1,"$136,473",8.5
TRAJ,11,I,18,,G,0110,1,NB-07,M,XXXX,2,10,F,1,200309,1,"$137,194",24.2
TRAJ,11,G,21,,E,0110,1,NB-06,L,XXXX,8,10,F,1,200309,1,"$120,861",11.0
TRAJ,11,G,17,,G,0110,1,NB-07,P,XXXX,2,10,F,1,200309,1,"$169,043",23.0
TRAJ,11,F,21,,F,0110,1,NB-07,N,XXXX,8,10,F,1,200309,1,"$141,478",15.3
TRAJ,11,F,21,,E,0110,1,NB-05,H,XXXX,8,10,F,1,200309,1,"$84,440",13.3
TRAJ,11,G,13,,E,0110,1,NB-06,J,XXXX,8,10,F,1,200309,1,"$107,931",12.4
TRAJ,11,G,21,,G,0110,1,NB-06,J,XXXX,8,10,F,1,200309,1,"$103,797",20.2
TRAJ,11,I,07,,G,0110,1,NB-05,G,XXXX,8,10,F,1,200309,1,"$78,523",24.9
TRAJ,11,E,17,,E,0110,1,NB-06,J,XXXX,8,10,F,1,200309,1,"$109,444",10.6
TRAJ,11,H,21,,A,0110,1,NB-07,P,XXXX,8,48,I,2,200309,1,"$166,794",0.6
TRAJ,11,I,21,,E,0110,1,NB-07,M,XXXX,8,10,F,1,200309,1,"$137,306",12.4
TRAJ,11,F,21,,B,0110,1,NB-06,K,XXXX,8,15,F,1,200309,1,"$113,885",1.5
TRAJ,11,G,17,,F,0110,1,NB-07,M,XXXX,2,10,F,1,200309,1,"$133,316",15.8
TRAJ,11,E,21,,C,0110,1,NB-06,I,XXXX,8,15,F,1,200309,1,"$99,890",4.2
TRAJ,11,K,13,,E,0110,1,NB-06,K,XXXX,8,10,F,1,200309,1,"$111,486",12.9
TRAJ,11,G,21,,F,0110,1,NB-08,R,XXXX,2,10,F,1,200309,1,"$188,884",16.3
TRAJ,11,H,21,,E,0110,1,NB-06,M,XXXX,8,10,F,1,200309,1,"$132,892",13.0
TRAJ,11,E,13,,B,0110,1,NB-05,G,XXXX,8,15,F,1,200309,1,"$70,394",2.0
TRAJ,11,H,21,,E,0110,1,NB-06,L,XXXX,8,10,F,1,200309,1,"$129,753",12.3
TRAJ,11,G,17,,E,0110,1,NB-07,O,XXXX,8,10,F,1,200309,1,"$155,965",12.3
TRAJ,11,E,21,,A,0110,1,NB-06,L,XXXX,8,40,F,2,200309,1,"$120,173",0.6
TRAJ,11,I,21,,F,0110,1,NB-07,N,XXXX,2,10,F,1,200309,1,"$140,586",16.5
TRAJ,11,G,21,,D,0110,1,NB-06,L,XXXX,8,10,F,1,200309,1,"$120,049",6.2
TRAJ,11,I,18,,E,0110,1,NB-06,K,XXXX,8,10,F,1,200309,1,"$117,113",12.5
TRAJ,11,H,17,,G,0110,1,NB-06,K,XXXX,8,10,F,1,200309,1,"$115,747",23.5
TRAJ,11,E,21,,B,0110,1,NB-06,I,XXXX,8,40,F,2,200309,1,"$91,325",1.7
TRAJ,11,F,17,,C,0110,1,NB-06,J,XXXX,8,15,F,1,200309,1,"$102,970",3.7
TRAJ,11,G,14,,G,0110,1,NB-05,H,XXXX,8,10,F,1,200309,1,"$83,130",21.5
TRAJ,11,F,18,,E,0110,1,NB-06,K,XXXX,8,10,P,2,200309,1,"$111,316",13.8
TRAJ,11,D,21,,A,0110,1,NB-05,G,XXXX,8,40,F,2,200309,1,"$78,099",0.1
TRAJ,11,D,21,,B,0110,1,NB-05,I,XXXX,8,40,F,2,200309,1,"$96,122",2.4
VAHB,11,H,18,14,F,0110,1,GM-14,J,XXXX,5,10,F,1,200309,1,"$100,645",19.6
VATA,25,G,21,15,H,0110,1,GM-15,L,XXXX,2,10,F,1,200309,1,"$127,284",26.8
VATA,48,D,17,12,D,0110,1,GS-12,G,XXXX,8,20,F,2,200309,1,"$70,361",5.0
VATA,25,G,21,14,E,0110,1,GS-14,J,XXXX,8,10,F,1,200309,1,"$102,663",12.2
VATA,25,H,21,13,E,0110,1,GS-13,H,XXXX,8,10,P,2,200309,1,"$86,877",14.3
VATA,25,H,21,14,E,0110,1,GS-14,I,XXXX,8,10,P,2,200309,1,"$99,888",13.9
VATA,09,E,21,13,D,0110,1,GS-13,G,XXXX,8,32,F,1,200309,1,"$78,717",5.5
VATA,37,G,13,12,E,0110,1,GS-12,F,XXXX,8,42,F,2,200309,1,"$62,110",10.2
VATA,12,D,21,13,B,0110,1,GS-13,F,XXXX,8,20,F,2,200309,1,"$69,382",1.9
VATA,25,I,21,13,D,0110,1,GS-13,G,XXXX,8,20,F,2,200309,1,"$77,484",8.7
VATA,25,I,21,14,D,0110,1,GS-14,I,XXXX,8,42,F,2,200309,1,"$99,888",7.7
VATA,25,F,21,13,B,0110,1,GS-13,H,XXXX,8,20,F,2,200309,1,"$82,180",1.6
VATA,48,D,22,13,A,0110,1,GS-13,G,XXXX,8,32,F,1,200309,1,"$73,826",0.3
