AGYSUB,SEP,EFDATE,AGELVL,EDLVL,GSEGRD,LOSLVL,LOC,OCC,PATCO,PPGRD,SALLVL,STEMOCC,TOA,WORKSCH,WORKSTAT,COUNT,SALARY,LOS
AF3Q,SA,201910,E,17,13,E,51,0110,1,GS-13,J,0110,15,F,1,1,105782,14.2
AF3Q,SA,202309,F,21,,B,51,0110,1,DR-02,K,0110,15,F,1,1,117725,02.8
AF3Q,SC,202207,C,13,,C,51,0110,1,DR-01,I,0110,10,F,1,1,094687,04.0
AG02,SD,202207,K,21,14,F,08,0110,1,GS-14,N,0110,10,F,1,1,147529,18.3
AG02,SD,202003,K,17,14,G,11,0110,1,GS-14,O,0110,10,F,1,1,157709,20.3
AG02,SD,202010,J,17,15,G,37,0110,1,GS-15,P,0110,10,F,1,1,165654,24.8
AG02,SD,202306,J,17,13,F,11,0110,1,GS-13,N,0110,10,F,1,1,141884,19.5
AG02,SD,202112,J,14,12,J,11,0110,1,GS-12,K,0110,10,F,1,1,113362,35.0
AG02,SC,202111,E,17,13,E,42,0110,1,GS-13,J,0110,10,P,2,1,101358,11.5
AG02,SA,202109,D,17,12,B,11,0110,1,GS-12,H,0110,15,F,1,1,087198,01.3
AG02,SC,202110,I,21,15,E,11,0110,1,GS-15,Q,0110,10,F,1,1,172500,12.0
AG02,SA,202205,H,21,13,D,11,0110,1,GS-13,K,0110,10,F,1,1,113944,06.5
AG02,SA,202301,D,17,12,B,11,0110,1,GS-12,I,0110,15,F,1,1,097339,02.7
AG02,SC,202112,G,17,12,B,11,0110,1,GS-12,K,0110,15,F,1,1,113362,01.2
AG02,SF,202207,D,04,13,E,11,0110,1,GS-13,K,0110,10,F,1,1,117505,11.8
AG07,SD,202001,K,21,,J,11,0110,1,SL-00,S,0110,10,F,1,1,192300,38.9
AG08,SC,202106,E,17,13,D,29,0110,1,GS-13,J,0110,10,F,1,1,105492,06.1
AG10,SB,201911,F,22,14,C,11,0110,1,GS-14,L,0110,42,F,2,1,128911,04.2
AG10,SD,202306,J,17,13,H,11,0110,1,GS-13,N,0110,10,F,1,1,145617,25.0
AG10,SD,202303,K,17,14,J,11,0110,1,GS-14,Q,0110,10,F,1,1,172075,38.3
AG10,SC,202207,I,13,14,G,11,0110,1,GS-14,O,0110,10,F,1,1,155687,23.6
AG10,SD,201911,K,17,13,H,11,0110,1,GS-13,L,0110,10,F,1,1,128920,27.9
AG10,SD,202209,K,17,14,I,11,0110,1,GS-14,P,0110,10,F,1,1,164102,34.3
AG10,SD,202103,I,13,14,I,11,0110,1,GS-14,O,0110,10,S,2,1,159286,32.8
AG10,SD,202202,J,18,14,I,11,0110,1,GS-14,P,0110,10,F,1,1,164102,33.4
AG10,SD,202110,K,17,13,H,11,0110,1,GS-13,M,0110,10,F,1,1,134798,27.1
AG10,SA,202002,I,17,15,E,11,0110,1,GS-15,Q,0110,42,F,2,1,170800,10.8
AG10,SA,202008,D,04,12,D,11,0110,1,GS-12,I,0110,10,F,1,1,094970,05.4
AG10,SA,202005,F,17,14,D,11,0110,1,GS-14,N,0110,42,F,2,1,141534,06.3
AG10,SC,202208,D,14,12,D,11,0110,1,GS-12,I,0110,10,F,1,1,092829,05.3
AG10,SC,202210,B,04,04,C,11,0119,3,GS-04,C,XXXX,40,G,2,1,036542,03.0
AG10,SB,202001,C,17,09,A,11,0110,1,GS-09,E,0110,35,F,1,1,057510,00.3
AG10,SJ,202112,B,13,04,A,11,0119,3,GS-04,C,XXXX,48,P,2,1,035470,00.4
AG10,SC,202206,F,13,04,A,11,0119,3,GS-04,C,XXXX,48,P,2,1,036542,00.9
AG10,SJ,202112,A,17,04,A,11,0119,3,GS-04,C,XXXX,48,P,2,1,035470,00.4
AG10,SC,202201,B,13,04,A,11,0119,3,GS-04,C,XXXX,48,P,2,1,035470,00.4
AG10,SJ,202111,A,17,05,A,11,0119,3,GS-05,C,XXXX,48,P,2,1,039684,00.3
AG10,SA,202308,C,10,11,B,11,0110,1,GS-11,G,0110,15,F,1,1,078592,01.6
AG10,SA,202303,C,04,09,A,11,0110,1,GS-09,F,0110,15,F,1,1,064957,00.7
AG11,SD,202201,K,14,13,J,11,0110,1,GS-13,M,0110,10,F,1,1,138868,41.5
AG11,SD,201912,J,17,15,I,02,0110,1,GS-15,P,0110,10,F,1,1,160288,33.6
AG11,SD,202006,J,14,15,I,**,0110,1,GS-15,N,0110,10,F,1,1,144954,33.6
AG11,SD,202203,K,21,15,J,54,0110,1,GS-15,O,0110,10,F,1,1,153041,41.1
AG11,SA,201911,F,21,13,E,11,0110,1,GS-13,K,0110,10,F,1,1,119004,12.3
AG11,SC,202110,C,13,09,C,08,0110,1,GS-09,F,0110,10,F,1,1,064443,04.9
AG16,SD,202101,J,17,14,I,24,0110,1,GS-14,O,0110,10,F,1,1,159286,31.1
AG16,SD,202112,I,13,12,J,38,0110,1,GS-12,J,0110,10,F,1,1,100739,37.5
AG16,SD,202301,I,17,12,F,56,0110,1,GS-12,J,0110,10,F,1,1,107680,18.6
AG16,SD,202012,I,17,14,I,41,0110,1,GS-14,N,0110,10,F,1,1,145727,32.8
AG16,SD,201912,I,10,14,I,05,0110,1,GS-14,L,0110,10,F,1,1,125788,30.0
AG16,SD,202001,J,17,12,J,51,0110,1,GS-12,J,0110,10,F,1,1,100088,38.8
AG16,SC,202305,B,11,07,A,37,0110,1,GS-07,D,0110,15,F,1,1,048648,00.9
AG16,SC,202207,D,13,07,A,04,0110,1,GS-07,D,0110,15,F,1,1,046527,00.8
AG18,SJ,202012,K,21,15,I,11,0110,1,GS-15,Q,0110,20,P,2,1,170800,32.4
AG18,SD,201912,K,21,15,I,11,0110,1,GS-15,P,0110,10,F,1,1,166500,31.4
AG18,SD,201912,K,20,13,I,11,0110,1,GM-13,L,0110,10,F,1,1,128920,32.3
AG18,SJ,202012,K,17,13,J,11,0110,1,GS-13,M,0110,20,P,2,1,133465,36.1
AG18,SJ,202012,K,21,15,J,11,0110,1,GS-15,Q,0110,20,P,2,1,170800,39.2
AG18,SC,202010,K,21,15,J,11,0110,1,GS-15,Q,0110,20,P,2,1,170800,39.0
AG18,SJ,202012,J,13,14,J,11,0110,1,GS-14,O,0110,20,P,2,1,153665,40.0
AG18,SE,201912,H,17,13,I,11,0110,1,GS-13,L,0110,10,F,1,1,128920,30.2
AG18,SJ,202012,K,17,15,J,53,0110,1,GS-15,O,0110,20,P,2,1,156403,40.3
AG18,SJ,202110,K,21,15,I,11,0110,1,GS-15,Q,0110,20,P,2,1,172500,32.3
AG18,SJ,202107,K,21,15,I,11,0110,1,GS-15,Q,0110,20,P,2,1,172500,31.3
AG18,SJ,202110,K,17,15,I,11,0110,1,GS-15,Q,0110,20,P,2,1,172500,33.3
AG18,SJ,202012,K,21,13,J,11,0110,1,GS-13,M,0110,20,P,2,1,133465,41.3
AG18,SJ,202012,K,17,15,J,11,0110,1,GS-15,Q,0110,20,P,2,1,170800,37.8
AG18,SD,202101,K,17,14,J,11,0110,1,GS-14,O,0110,10,F,1,1,159286,38.3
AG18,SD,202102,J,17,14,J,11,0110,1,GS-14,O,0110,10,F,1,1,159286,35.9
AG18,SD,201912,K,21,15,J,11,0110,1,GS-15,P,0110,10,F,1,1,165417,47.9
AG18,SC,202012,K,21,15,J,11,0110,1,GS-15,Q,0110,20,P,2,1,170800,48.9
AG18,SJ,202202,J,21,14,H,11,0110,1,GS-14,P,0110,20,F,2,1,164102,29.1
AG18,SD,201912,J,21,14,H,11,0110,1,GS-14,O,0110,10,F,1,1,152352,27.2
AG18,SA,201910,G,18,15,F,11,0110,1,GS-15,P,0110,10,F,1,1,165417,17.4
AG18,SG,202009,I,21,15,G,11,0110,1,GS-15,P,0110,10,F,1,1,166487,21.5
AG18,SJ,202209,J,21,15,H,06,0110,1,GS-15,Q,0110,20,P,2,1,176300,26.8
AG18,SD,202006,J,21,,G,11,0110,1,ES-**,S,0110,50,F,1,1,197300,24.9
AG18,SC,202007,H,22,15,F,11,0110,1,GS-15,Q,0110,10,F,1,1,170800,17.9
AG18,SD,201912,J,21,,F,29,0110,1,ES-**,S,0110,50,F,1,1,192300,19.8
AG18,SK,202212,K,18,14,J,51,0110,1,GS-14,P,0110,10,F,1,1,164102,40.2
AG18,SD,202012,K,21,14,I,11,0110,1,GS-14,O,0110,10,F,1,1,157709,34.6
AG18,SD,202212,K,21,15,J,51,0110,1,GS-15,Q,0110,10,F,1,1,176300,38.5
AG18,SD,201912,K,21,13,E,11,0110,1,GS-13,L,0110,10,F,1,1,122310,11.4
AG18,SJ,202101,K,21,13,E,11,0110,1,GS-13,L,0110,20,P,2,1,127885,12.5
AG18,SJ,202012,J,21,14,I,11,0110,1,GS-14,O,0110,20,P,2,1,157709,30.8
AG18,SJ,202012,K,21,15,I,11,0110,1,GS-15,Q,0110,20,P,2,1,170800,32.3
AG18,SA,201911,E,09,15,E,11,0110,1,GS-15,O,0110,10,F,1,1,151633,10.3
AG18,SJ,202109,K,17,14,I,11,0110,1,GS-14,O,0110,20,P,2,1,159286,32.3
AG18,SD,202001,K,17,14,I,11,0110,1,GS-14,O,0110,10,F,1,1,157709,30.7
AG18,SA,201910,I,21,14,E,11,0110,1,GS-14,N,0110,10,F,1,1,140632,10.1
AG18,SA,201910,D,21,12,A,29,0110,1,GS-12,H,0110,15,F,1,1,085223,00.3
AG18,SA,202108,E,13,13,E,41,0110,1,GS-13,J,0110,10,F,1,1,108167,13.0
AG18,SC,201911,F,21,13,D,11,0110,1,GS-13,K,0110,10,F,1,1,112393,09.2
AG18,SC,202303,D,21,12,B,24,0110,1,GS-12,J,0110,15,F,1,1,106759,01.4
AG18,SA,201910,E,21,13,D,11,0110,1,GS-13,J,0110,10,F,1,1,105782,05.1
AG18,SC,202209,J,21,15,E,11,0110,1,GS-15,Q,0110,10,F,1,1,176300,11.0
AG18,SA,201911,E,17,13,D,29,0110,1,GS-13,I,0110,10,F,1,1,095378,07.0
AG18,SA,202002,D,17,12,D,11,0110,1,GS-12,H,0110,10,F,1,1,086335,05.6
AG18,SC,202108,D,21,12,B,29,0110,1,GS-12,H,0110,15,F,1,1,088715,01.4
AG18,SC,201910,D,18,12,B,11,0110,1,GS-12,H,0110,15,F,1,1,086179,02.3
AG18,SA,201911,D,21,12,C,11,0110,1,GS-12,J,0110,10,F,1,1,108422,03.3
AG18,SC,202005,B,07,03,B,11,0119,3,GS-03,C,XXXX,40,F,2,1,031284,02.3
AG18,SC,202107,B,17,11,B,29,0110,1,GS-11,F,0110,15,F,1,1,065307,02.3
AG18,SA,202003,H,17,13,E,11,0110,1,GS-13,L,0110,10,F,1,1,126620,13.8
AG18,SA,202104,E,17,12,C,11,0110,1,GS-12,H,0110,10,F,1,1,087198,03.3
AG18,SC,202103,D,14,12,C,11,0110,1,GS-12,H,0110,10,F,1,1,087198,04.1
AG18,SJ,202206,B,08,04,B,11,0119,3,GS-04,C,XXXX,30,F,1,1,036542,02.9
AG18,SA,202107,E,17,09,D,29,0110,1,GS-09,E,0110,15,F,1,1,055776,05.7
AG18,SA,202210,C,17,12,B,11,0110,1,GS-12,H,0110,15,F,1,1,089834,02.9
AG18,SA,202206,E,17,12,B,11,0110,1,GS-12,H,0110,15,F,1,1,089834,02.6
AG18,SC,202209,D,21,13,B,11,0110,1,GS-13,K,0110,15,F,1,1,117505,02.3
AG18,SC,202112,C,17,11,B,29,0110,1,GS-11,F,0110,15,F,1,1,065307,01.5
AG18,SC,202309,C,17,12,C,29,0110,1,GS-12,H,0110,10,F,1,1,084025,03.0
AG18,SC,202108,C,01,12,A,29,0110,1,GS-12,G,0110,15,F,1,1,078277,00.5
AG18,SC,202208,F,21,13,D,06,0110,1,GS-13,M,0110,15,F,1,1,138171,06.4
AG18,SC,202210,C,17,09,B,29,0110,1,GS-09,E,0110,15,F,1,1,057266,01.0
AG18,SC,202211,C,13,12,B,06,0110,1,GS-12,I,0110,15,F,1,1,094297,01.0
AG34,SD,202305,J,21,14,I,08,0110,1,GS-14,P,0110,10,F,1,1,167608,32.1
AG34,SD,202105,J,18,14,I,24,0110,1,GS-14,O,0110,10,F,1,1,159286,33.2
AG34,SD,202012,K,21,14,H,24,0110,1,GS-14,O,0110,10,F,1,1,157709,29.1
AG34,SD,202001,K,17,13,J,08,0110,1,GS-13,M,0110,10,F,1,1,130039,35.3
AG34,SC,202103,F,17,13,E,08,0110,1,GS-13,K,0110,10,F,1,1,111131,10.7
AG34,SC,202108,E,07,11,D,08,0110,1,GS-11,G,0110,20,F,2,1,073246,08.2
AG34,SA,202002,E,21,13,C,24,0110,1,GS-13,J,0110,10,F,1,1,109508,04.8
AG34,SC,202206,C,11,09,D,24,0110,1,GS-09,F,0110,10,F,1,1,064012,05.0
AG34,SA,202209,D,17,13,C,11,0110,1,GS-13,L,0110,10,F,1,1,121065,03.8
AG38,SD,202305,K,21,15,J,11,0110,1,GS-15,R,0110,10,F,1,1,183500,36.0
AG38,SD,202111,K,21,15,I,11,0110,1,GS-15,Q,0110,10,F,1,1,172500,32.2
AG38,SD,202001,K,14,15,J,11,0110,1,GM-15,P,0110,10,F,1,1,166500,43.9
AG38,SD,201912,J,17,,H,11,0110,1,ES-**,S,0110,50,F,1,1,192300,27.6
AG38,SA,202101,D,21,15,D,11,0110,1,GS-15,O,0110,10,F,1,1,153737,06.6
AG38,SC,202201,E,21,14,D,11,0110,1,GS-14,M,0110,10,F,1,1,134649,06.9
AG38,SC,202309,F,17,14,D,11,0110,1,GS-14,N,0110,15,F,1,1,145604,07.6
AG38,SC,202204,D,21,14,D,11,0110,1,GS-14,M,0110,10,F,1,1,130441,05.7
AG38,SC,202201,D,17,15,D,11,0110,1,GS-15,N,0110,15,F,1,1,148932,06.7
AG99,SK,202102,K,17,14,J,11,0110,1,GS-14,O,0110,10,F,1,1,159286,36.8
AG99,SD,202201,K,17,15,J,11,0110,1,GM-15,Q,0110,10,F,1,1,172500,40.2
AG99,SD,202002,K,14,13,J,11,0110,1,GS-13,M,0110,10,F,1,1,133465,43.8
AG99,SD,202008,I,13,15,J,05,0110,1,GS-15,P,0110,10,F,1,1,164858,38.9
AG99,SD,202212,K,21,15,J,11,0110,1,GS-15,Q,0110,10,F,1,1,176300,36.8
AG99,SD,202207,K,17,15,J,51,0110,1,GS-15,Q,0110,10,F,1,1,176300,41.6
AG99,SD,202003,K,21,14,I,11,0110,1,GS-14,O,0110,10,F,1,1,157709,31.0
AG99,SC,202302,F,13,13,F,24,0110,1,GS-13,K,0110,10,F,1,1,115749,15.9
AG99,SA,202105,B,17,12,B,11,0110,1,GS-12,H,0110,15,F,1,1,087198,02.8
AG99,SC,202212,E,13,13,C,29,0110,1,GS-13,J,0110,10,F,1,1,105123,04.3
AG99,SC,202212,F,21,11,B,02,0110,1,GS-11,G,0110,15,F,1,1,074317,02.9
AG99,SA,201911,E,17,14,D,11,0110,1,GS-14,L,0110,10,F,1,1,128911,09.9
AGCR,SA,202104,D,09,11,E,11,0110,1,GS-11,H,0110,10,F,1,1,087304,12.8
AM**,SD,202007,K,18,14,J,11,0110,1,GS-14,O,0110,10,F,1,1,157709,36.3
AM**,SD,202009,K,04,,F,11,0110,1,FP-01,Q,0110,48,F,2,1,170800,19.3
AM00,SD,202308,K,21,,J,11,0110,1,FP-01,R,0110,48,F,2,1,183500,40.9
AM00,SD,202210,K,21,15,F,11,0110,1,GS-15,Q,0110,10,F,1,1,176300,17.8
AM00,SD,202106,K,17,15,H,11,0110,1,GS-15,Q,0110,10,F,1,1,172500,28.8
AM00,SD,202212,J,17,,E,11,0110,1,FP-02,Q,0110,48,F,2,1,171543,12.2
AM00,SC,202204,E,17,,E,11,0110,1,FO-03,K,0110,38,F,1,1,113021,11.0
AM00,SG,202302,K,21,,E,DR,0110,1,FO-02,O,0110,38,F,1,1,155693,10.8
AM00,SJ,202302,G,17,,D,11,0110,1,FP-01,R,0110,48,F,2,1,183500,08.9
AM00,SA,202202,D,17,14,D,11,0110,1,GS-14,M,0110,10,F,1,1,138856,07.5
AM00,SC,202207,F,17,,D,11,0110,1,FP-02,O,0110,48,F,2,1,152414,07.8
AM00,SA,202109,D,17,13,B,11,0110,1,GS-13,J,0110,15,F,1,1,103690,02.8
AM00,SC,202309,D,17,13,C,11,0110,1,GS-13,K,0110,10,F,1,1,112015,03.0
ARCE,SD,202105,J,13,13,J,15,0110,1,GS-13,L,0110,10,F,1,1,123516,39.7
ARCE,SD,202112,K,21,14,H,11,0110,1,GS-14,M,0110,10,F,1,1,134782,29.2
ARCE,SE,202207,H,13,14,I,41,0110,1,GS-14,O,0110,10,F,1,1,151154,32.6
ARCE,SD,202104,I,13,13,I,36,0110,1,GS-13,M,0110,10,F,1,1,134864,30.1
ARCE,SA,202102,J,17,12,G,41,0110,1,GS-12,I,0110,10,F,1,1,096479,23.9
ARCE,SD,202201,I,13,13,I,27,0110,1,GS-13,L,0110,10,F,1,1,125697,32.5
ARCE,SC,202110,J,04,12,J,53,0110,1,GS-12,J,0110,10,F,1,1,100739,35.2
ARCE,SD,201912,I,13,14,I,28,0110,1,GS-14,L,0110,10,F,1,1,129282,34.8
ARCE,SD,202001,J,17,12,I,47,0110,1,GS-12,I,0110,10,F,1,1,097691,31.0
ARCE,SD,202012,J,13,13,J,29,0110,1,GS-13,K,0110,10,F,1,1,116738,37.3
ARCE,SG,202205,I,17,13,H,13,0110,1,GS-13,L,0110,10,F,1,1,122683,28.1
ARCE,SF,202202,G,18,14,G,05,0110,1,GS-14,M,0110,10,F,1,1,130107,20.9
ARCE,SD,202212,K,14,12,J,27,0110,1,GS-12,K,0110,10,F,1,1,111425,43.9
ARCE,SJ,202211,K,17,12,J,06,0110,1,GS-12,K,0110,20,I,2,1,113032,42.3
ARCE,SD,202205,I,17,15,I,11,0110,1,GS-15,Q,0110,10,F,1,1,176300,34.8
ARCE,SC,202103,F,17,13,F,31,0110,1,GS-13,K,0110,10,P,2,1,114016,18.8
ARCE,SD,202110,I,17,12,H,48,0110,1,GS-12,K,0110,10,F,1,1,115830,29.0
ARCE,SD,202306,J,17,14,G,06,0110,1,GS-14,R,0110,10,F,1,1,183500,23.5
ARCE,SJ,202008,J,04,14,H,39,0110,1,GS-14,M,0110,20,I,2,1,138235,29.2
ARCE,SD,201912,J,13,12,I,47,0110,1,GS-12,I,0110,10,F,1,1,096978,32.4
ARCE,SC,202104,F,13,12,E,51,0110,1,GS-12,J,0110,10,P,2,1,101225,12.0
ARCE,SC,201910,E,17,12,F,22,0110,1,GS-12,H,0110,10,F,1,1,087030,15.8
ARCE,SD,202006,K,21,15,J,51,0110,1,GS-15,Q,0110,10,F,1,1,170925,35.3
ARCE,SC,202304,D,13,11,D,12,0110,1,GS-11,G,0110,10,F,1,1,078319,09.8
ARCE,SA,202208,H,21,15,E,51,0110,1,GS-15,Q,0110,10,F,1,1,176300,12.6
ARCE,SA,202101,J,21,12,C,31,0110,1,GS-12,H,0110,10,F,1,1,080334,03.2
ARCE,SC,202105,E,17,13,D,41,0110,1,GS-13,K,0110,10,F,1,1,111445,09.8
ARCE,SC,202007,E,13,11,D,53,0110,1,GS-11,F,0110,10,F,1,1,066143,08.5
ARCE,SC,202206,F,17,12,D,15,0110,1,GS-12,H,0110,10,F,1,1,084974,09.8
ARCE,SA,202004,D,17,12,D,36,0110,1,GS-12,H,0110,10,F,1,1,087488,05.2
ARCE,SC,202205,C,13,11,D,25,0110,1,GS-11,G,0110,20,P,2,1,079070,06.0
ARCE,SC,202002,C,13,11,C,25,0110,1,GS-11,G,0110,10,F,1,1,073650,04.6
ARCE,SC,202209,D,17,13,D,47,0110,1,GS-13,I,0110,10,F,1,1,094373,06.8
ARCE,SC,202005,I,17,11,C,36,0110,1,GS-11,F,0110,10,F,1,1,068567,03.7
ARCE,SC,202105,D,17,12,C,25,0110,1,GS-12,H,0110,10,P,2,1,089159,03.8
ARCE,SA,202201,E,17,11,E,06,0110,1,GS-11,G,0110,10,F,1,1,079792,10.6
ARCE,SC,201910,I,13,12,A,53,0110,1,GS-12,J,0110,15,F,1,1,102962,00.8
ARCE,SC,202102,H,04,13,B,08,0110,1,GS-13,L,0110,20,F,2,1,124601,01.8
ARCE,SC,202203,C,21,12,B,12,0110,1,GS-12,G,0110,15,F,1,1,079363,02.6
ARCE,SC,202204,B,17,11,B,51,0110,1,GS-11,F,0110,15,F,1,1,066773,02.1
ARCE,SC,202302,C,13,11,B,29,0110,1,GS-11,G,0110,15,F,1,1,070103,02.8
ARCE,SC,202208,C,13,12,B,17,0110,1,GS-12,H,0110,15,F,1,1,088229,01.9
ARCE,SC,202108,B,13,07,A,01,0110,1,GS-07,D,0110,15,F,1,1,043683,00.3
ARCE,SC,202210,C,13,09,B,02,0110,1,GS-09,F,0110,15,P,2,1,061424,01.3
ARCE,SC,202212,B,11,04,A,45,0119,3,GS-04,C,XXXX,20,F,2,1,032283,00.3
ARCE,SD,202109,K,17,13,J,36,0110,1,GS-13,K,0110,10,P,2,1,114625,40.8
ARCH,SC,202201,C,13,07,A,01,0110,1,GS-07,D,0110,15,F,1,1,044740,00.6
ARSA,SD,202012,I,13,15,I,11,0110,1,GS-15,Q,0110,10,F,1,1,170800,30.1
BG00,SA,202201,G,13,14,E,11,0110,1,GS-14,N,0110,10,F,1,1,143064,14.4
BG00,SC,202111,E,13,12,E,11,0110,1,GS-12,I,0110,10,F,1,1,095920,14.9
BG00,SA,201910,H,21,14,F,11,0110,1,GS-14,L,0110,15,F,1,1,128911,17.1
BG00,SA,202104,F,21,14,A,11,0110,1,GS-14,O,0110,15,F,1,1,159286,00.7
BG00,SC,202203,F,17,14,A,27,0110,1,GS-14,O,0110,15,F,1,1,156566,00.3
BO00,SD,202012,K,21,15,I,11,0110,1,GS-15,Q,0110,10,F,1,1,170800,32.0
BO00,SA,202303,K,21,15,H,11,0110,1,GS-15,R,0110,10,F,1,1,183500,26.2
BO00,SC,202106,D,21,15,C,11,0110,1,GS-15,O,0110,10,F,1,1,158541,03.3
CE00,SA,202206,E,21,,B,11,0110,1,AD-00,M,0110,48,F,2,1,133452,01.2
CE00,SJ,202105,E,21,,D,11,0110,1,AD-00,N,0110,48,F,2,1,143000,06.8
CE00,SC,202012,D,17,,B,11,0110,1,AD-00,F,0110,48,F,2,1,068742,01.5
CE00,SC,202101,E,21,,C,11,0110,1,AD-00,P,0110,48,F,2,1,160000,03.4
CE00,SC,202107,C,17,,C,11,0110,1,AD-00,I,0110,48,F,2,1,091000,03.5
CE00,SA,202001,C,13,,B,11,0110,1,AD-00,F,0110,48,F,2,1,065000,01.8
CE00,SA,202105,D,17,,B,11,0110,1,AD-00,G,0110,48,F,2,1,076000,02.9
CE00,SJ,202105,D,21,,B,11,0110,1,AD-00,K,0110,48,F,2,1,112000,02.8
CE00,SC,202005,B,13,,B,11,0110,1,AD-00,E,0110,48,F,2,1,053865,01.6
CE00,SC,202010,B,13,,B,11,0110,1,AD-00,E,0110,48,F,2,1,055000,01.3
CE00,SC,202009,B,13,,B,11,0110,1,AD-00,E,0110,48,F,2,1,055000,01.2
CE00,SC,202104,C,17,,B,11,0110,1,AD-00,E,0110,48,F,2,1,059000,01.7
CE00,SC,202012,B,17,,B,11,0110,1,AD-00,F,0110,48,F,2,1,060000,01.4
CE00,SC,202004,C,13,,A,11,0110,1,AD-00,E,0110,48,F,2,1,053865,00.3
CE00,SC,202106,C,17,,B,11,0110,1,AD-00,F,0110,48,F,2,1,068000,01.3
CE00,SC,202104,G,21,,B,11,0110,1,AD-00,M,0110,48,F,2,1,139000,01.0
CE00,SC,202205,C,18,,A,11,0110,1,AD-00,E,0110,48,F,2,1,059276,00.9
CE00,SJ,202309,D,17,,B,11,0110,1,AD-00,F,0110,48,F,2,1,062157,02.2
CE00,SC,202207,D,17,,B,11,0110,1,AD-00,E,0110,48,F,2,1,059276,01.0
CE00,SC,202207,C,13,,A,11,0110,1,AD-00,E,0110,48,F,2,1,059276,00.9
CE00,SC,202205,C,13,,A,11,0110,1,AD-00,E,0110,48,F,2,1,059276,00.8
CE00,SC,202207,C,13,,A,11,0110,1,AD-00,E,0110,48,F,2,1,059276,00.9
CE00,SC,202207,D,17,,A,11,0110,1,AD-00,E,0110,48,F,2,1,059276,00.8
CE00,SC,202305,D,17,,A,11,0110,1,AD-00,F,0110,48,F,2,1,060819,00.8
CE00,SC,202308,C,18,,B,11,0110,1,AD-00,F,0110,48,F,2,1,060819,01.0
CE00,SC,202307,D,18,,B,11,0110,1,AD-00,F,0110,48,F,2,1,060819,01.0
CE00,SC,202308,D,17,,A,11,0110,1,AD-00,F,0110,48,F,2,1,060819,00.9
CM52,SC,202101,B,13,11,B,11,0110,1,GS-11,G,0110,40,F,2,1,075176,02.3
CM52,SC,202109,D,17,11,B,11,0110,1,GS-11,I,0110,40,F,2,1,094581,01.2
CM53,SD,202201,I,13,,I,24,0110,1,ZP-04,P,0110,10,F,1,1,164102,30.6
CM53,SD,202102,K,17,,I,24,0110,1,ES-**,S,0110,50,F,1,1,199300,32.3
CM53,SA,202205,E,21,,D,24,0110,1,ZP-03,K,0110,10,F,1,1,116788,05.8
CM53,SD,202211,I,13,,I,47,0110,1,ZP-04,N,0110,10,P,2,1,144976,32.2
CM53,SC,202102,E,18,,E,24,0110,1,ZP-04,O,0110,10,F,1,1,152915,13.5
CM53,SD,202212,I,14,,J,24,0110,1,ZP-04,Q,0110,10,F,1,1,174096,36.0
CM53,SA,201912,F,13,,F,24,0110,1,ZP-03,J,0110,10,F,1,1,108422,17.7
CM53,SA,202009,F,13,,F,24,0110,1,ZP-05,Q,0110,10,F,1,1,170800,17.1
CM53,SA,202003,H,13,,H,24,0110,1,ES-**,S,0110,50,F,1,1,197300,26.3
CM53,SC,202006,I,13,,I,24,0110,1,ZP-03,K,0110,10,F,1,1,112240,32.8
CM53,SC,202009,E,13,,F,24,0110,1,ES-**,R,0110,50,F,1,1,181348,16.2
CM53,SD,202108,K,21,,F,24,0110,1,ZP-05,Q,0110,10,F,1,1,172500,17.2
CM53,SC,202211,F,13,,G,24,0110,1,ES-**,T,0110,50,F,1,1,203700,21.4
CM53,SK,202104,I,17,,I,24,0110,1,ZP-05,Q,0110,10,F,1,1,172500,34.5
CM53,SA,202004,E,17,,E,24,0110,1,ZP-04,N,0110,10,F,1,1,148858,11.7
CM53,SC,202207,F,13,,G,24,0110,1,ZP-04,P,0110,10,F,1,1,164102,21.1
CM53,SD,202112,J,18,,J,24,0110,1,ZP-04,P,0110,10,F,1,1,168987,38.0
CM53,SC,202107,H,21,,E,24,0110,1,ZP-04,O,0110,10,F,1,1,158736,12.8
CM53,SD,201912,I,17,,J,24,0110,1,ZP-05,P,0110,10,F,1,1,166500,35.1
CM53,SC,202202,E,13,,E,24,0110,1,ZP-04,N,0110,10,P,2,1,146397,14.4
CM53,SD,202003,J,17,,H,24,0110,1,ZP-04,O,0110,10,F,1,1,157709,29.6
CM53,SA,202303,I,13,,I,24,0110,1,ZP-04,Q,0110,10,F,1,1,172075,34.6
CM53,SD,202304,K,21,,H,24,0110,1,ES-**,T,0110,50,F,1,1,212100,29.0
CM53,SD,202009,K,22,,G,24,0110,1,ZP-04,O,0110,10,F,1,1,157709,22.0
CM53,SA,202203,F,17,,F,24,0110,1,ZP-03,K,0110,10,F,1,1,116788,16.3
CM53,SD,202309,I,17,,I,24,0110,1,ZP-04,Q,0110,10,F,1,1,172075,33.0
CM53,SD,202212,K,17,,J,24,0110,1,ZP-05,Q,0110,10,F,1,1,176300,35.8
CM53,SA,202203,G,04,,D,24,0110,1,ZP-03,J,0110,10,F,1,1,106800,06.5
CM53,SD,202001,K,19,,J,24,0110,1,ZP-04,L,0110,10,F,1,1,122057,40.8
CM53,SD,202001,J,04,,J,24,0110,1,ZP-05,N,0110,10,F,1,1,147954,39.4
CM53,SD,202012,I,17,,J,24,0110,1,ZP-05,Q,0110,10,F,1,1,170800,38.3
CM53,SA,202106,F,13,,F,24,0110,1,ZP-03,K,0110,10,F,1,1,113362,17.2
CM53,SD,202309,J,18,,I,24,0110,1,ZP-03,L,0110,10,F,1,1,122459,31.3
CM53,SC,202201,F,04,,F,24,0110,1,ZP-05,Q,0110,10,F,1,1,176300,17.8
CM53,SC,202207,H,21,,F,24,0110,1,ZP-05,Q,0110,10,F,1,1,176300,15.2
CM53,SA,202209,E,17,,E,24,0110,1,ZP-04,K,0110,10,F,1,1,116099,13.1
CM53,SC,202109,E,13,,D,24,0110,1,ZP-04,L,0110,10,F,1,1,129886,09.5
CM53,SC,202207,D,08,,E,24,0110,1,ZP-04,N,0110,10,F,1,1,140362,12.8
CM53,SJ,202008,D,13,,D,13,0110,1,ZP-04,I,0110,40,F,2,1,096117,07.7
CM53,SJ,202108,D,13,,D,13,0110,1,ZP-04,I,0110,40,F,2,1,097078,08.7
CM53,SA,202109,F,17,,E,24,0110,1,ZP-04,M,0110,10,F,1,1,131946,11.1
CM53,SA,202210,D,17,,D,06,0110,1,ZP-03,J,0110,10,F,1,1,107913,06.2
CM53,SA,201911,C,13,,D,24,0110,1,ZP-03,I,0110,10,F,1,1,092736,05.8
CM53,SA,202201,D,13,,D,24,0110,1,ZP-04,K,0110,10,F,1,1,116260,06.9
CM53,SA,202108,F,21,,D,24,0110,1,ZP-03,K,0110,10,F,1,1,113362,05.2
CM53,SA,202308,D,13,,D,24,0110,1,ZP-03,H,0110,10,F,1,1,083974,08.5
CM53,SA,202111,E,17,,D,24,0110,1,ZP-03,J,0110,10,F,1,1,101939,06.3
CM53,SA,202009,C,13,,C,24,0110,1,ZP-03,G,0110,10,F,1,1,079551,04.3
CM53,SA,202009,D,17,,D,24,0110,1,ZP-03,G,0110,10,F,1,1,072030,05.1
CM53,SC,202008,D,17,,D,24,0110,1,ZP-04,M,0110,10,F,1,1,133195,05.0
CM53,SC,202005,D,14,,C,24,0110,1,ZP-03,G,0110,10,F,1,1,079597,03.8
CM53,SA,202005,D,13,,C,24,0110,1,ZP-03,I,0110,10,F,1,1,095579,04.3
CM53,SA,202305,G,21,,D,24,0110,1,ZP-04,Q,0110,10,F,1,1,172075,07.0
CM53,SC,202208,C,13,,D,24,0110,1,ZP-03,K,0110,10,F,1,1,116788,06.3
CM53,SA,202008,C,13,,C,24,0110,1,ZP-03,H,0110,10,F,1,1,089341,04.3
CM53,SC,202306,D,17,,D,24,0110,1,ZP-03,J,0110,10,F,1,1,106233,07.1
CM53,SA,202106,C,17,,D,24,0110,1,ZP-03,I,0110,10,F,1,1,099586,05.0
CM53,SC,202206,D,17,,D,24,0110,1,ZP-03,J,0110,10,F,1,1,107582,06.0
CM53,SK,202107,C,13,,C,24,0110,1,ZP-02,G,0110,10,F,1,1,073336,04.1
CM53,SC,202008,F,18,,C,24,0110,1,ZP-03,J,0110,10,F,1,1,109395,04.2
CM53,SC,201910,C,13,,C,24,0110,1,ZP-03,G,0110,10,F,1,1,072935,03.3
CM53,SC,202206,E,17,,D,24,0110,1,ZP-03,J,0110,10,F,1,1,104639,06.0
CM53,SA,202106,C,17,,C,24,0110,1,ZP-03,I,0110,10,F,1,1,097644,04.9
CM53,SC,202204,D,17,,D,53,0110,1,ZP-03,J,0110,10,F,1,1,103247,05.7
CM53,SC,201910,C,17,,B,24,0110,1,ZP-02,G,0110,15,F,1,1,071589,01.9
CM53,SC,202004,C,13,,C,24,0110,1,ZP-03,H,0110,10,F,1,1,086927,03.4
CM53,SA,202009,C,04,,B,24,0110,1,ZP-03,H,0110,15,F,1,1,082816,02.8
CM53,SC,202304,C,04,,D,24,0110,1,ZP-03,J,0110,10,F,1,1,107322,05.1
CM53,SC,201911,E,04,,B,24,0110,1,ZP-02,G,0110,15,F,1,1,077386,01.4
CM53,SC,202111,C,13,,C,24,0110,1,ZP-03,I,0110,10,F,1,1,096000,03.4
CM53,SC,202202,D,17,,D,24,0110,1,ZP-03,H,0110,10,F,1,1,085618,05.3
CM53,SC,202110,F,21,,C,24,0110,1,ZP-04,M,0110,10,F,1,1,132682,03.0
CM53,SC,202203,D,17,,C,24,0110,1,ZP-04,J,0110,10,F,1,1,106824,03.3
CM53,SC,202101,E,17,,B,24,0110,1,ZP-03,J,0110,15,F,1,1,101505,02.1
CM53,SC,202106,D,04,,B,24,0110,1,ZP-04,L,0110,15,F,1,1,122720,01.8
CM53,SC,201910,D,04,,A,24,0110,1,ZP-02,F,0110,15,F,1,1,064000,00.1
CM53,SA,202207,C,17,,B,24,0110,1,ZP-02,G,0110,15,F,1,1,076421,02.7
CM53,SJ,202105,F,21,,B,37,0110,1,ZP-04,N,0110,40,F,2,1,147091,01.0
CM53,SJ,202110,C,17,,A,24,0110,1,ZP-02,G,0110,35,F,1,1,077770,00.9
CM53,SC,202202,B,17,,A,24,0110,1,ZP-02,G,0110,35,F,1,1,072116,00.7
CM53,SC,202204,D,21,,C,24,0110,1,ZP-04,M,0110,20,F,2,1,135990,04.8
CM53,SC,202306,B,17,,B,24,0110,1,ZP-02,G,0110,15,F,1,1,077340,01.5
CM53,SC,202309,F,17,,B,24,0110,1,ZP-03,J,0110,15,F,1,1,103000,01.1
CM53,SC,202307,B,13,,A,24,0110,1,ZP-02,G,0110,15,F,1,1,074555,00.6
CM53,SC,202308,C,17,,A,24,0110,1,ZP-03,I,0110,40,F,2,1,098000,00.2
CM53,SA,202308,F,04,,A,24,0110,1,ZP-04,N,0110,15,F,1,1,145000,00.2
CM53,SC,202206,E,13,,D,24,0110,1,ZP-03,I,0110,10,F,1,1,097028,05.8
CM53,SA,202204,D,14,,D,24,0110,1,ZP-03,H,0110,10,F,1,1,087574,05.7
CM53,SA,202109,D,13,,D,24,0110,1,ZP-03,H,0110,10,F,1,1,085891,05.1
CM54,SD,202210,J,21,,G,24,0110,1,ZP-05,Q,0110,10,F,1,1,176300,23.6
CM54,SC,202208,H,21,,F,53,0110,1,ZP-04,P,0110,10,F,1,1,160047,18.1
CM54,SA,202107,H,17,,F,53,0110,1,ZP-04,P,0110,10,F,1,1,160708,16.8
CM54,SD,202306,I,13,,J,24,0110,1,ZP-04,Q,0110,10,P,2,1,172075,35.7
CM54,SD,202210,K,17,,F,24,0110,1,ZP-05,Q,0110,10,F,1,1,176300,15.5
CM54,SD,202002,K,21,13,F,12,0110,1,GS-13,K,0110,10,F,1,1,118603,16.6
CM54,SA,202308,F,21,,E,53,0110,1,ZP-04,O,0110,10,F,1,1,157799,10.8
CM54,SC,202203,D,18,,C,53,0110,1,ZP-03,J,0110,10,F,1,1,107900,04.8
CM54,SA,202204,E,21,,C,24,0110,1,ZP-04,L,0110,10,F,1,1,129124,04.1
CM54,SC,202303,F,04,,C,24,0110,1,ZP-04,L,0110,10,F,1,1,124472,03.8
CM54,SC,202203,E,21,,B,15,0110,1,ZP-03,I,0110,15,F,1,1,095679,02.1
CM55,SD,201912,J,21,15,I,11,0110,1,GS-15,P,0110,10,F,1,1,166500,32.4
CM55,SD,202201,K,13,13,J,11,0110,1,GS-13,M,0110,10,F,1,1,134798,46.3
CM55,SK,202010,K,17,13,J,11,0110,1,GM-13,M,0110,10,F,1,1,133465,48.8
CM55,SD,202212,J,17,13,F,11,0110,1,GS-13,M,0110,10,F,1,1,138868,17.1
CM55,SC,201911,D,17,13,D,42,0110,1,GS-13,I,0110,10,F,1,1,097226,09.2
CM55,SA,202008,C,17,13,C,11,0110,1,GS-13,J,0110,10,F,1,1,102663,04.1
CM55,SC,202105,D,17,12,C,11,0110,1,GS-12,H,0110,15,F,1,1,087198,03.4
CM55,SA,202308,C,17,12,C,11,0110,1,GS-12,I,0110,10,F,1,1,097339,04.9
CM55,SC,202112,C,17,12,B,11,0110,1,GS-12,H,0110,15,F,1,1,087198,02.8
CM55,SC,202011,C,13,09,A,11,0110,1,GS-09,E,0110,15,F,1,1,059534,00.7
CM55,SA,202308,C,14,12,C,11,0110,1,GS-12,I,0110,10,F,1,1,094199,03.3
CM55,SA,202308,E,04,13,C,11,0110,1,GS-13,L,0110,10,F,1,1,123216,03.3
CM55,SC,202302,D,04,12,B,11,0110,1,GS-12,I,0110,15,F,1,1,094199,02.2
CM55,SA,202207,D,21,13,B,11,0110,1,GS-13,K,0110,15,F,1,1,110384,01.1
CM56,SC,202108,B,17,09,A,51,0110,1,GS-09,F,0110,35,F,1,1,060129,00.3
CM57,SD,202102,K,21,,G,24,0110,1,ZP-04,O,0110,10,F,1,1,159286,23.2
CM57,SG,202112,J,17,,G,24,0110,1,ZP-05,Q,0110,10,R,2,1,172500,23.1
CM57,SC,201910,D,14,,B,24,0110,1,ZP-02,E,0110,15,F,1,1,052984,01.5
CM63,SC,202304,G,21,15,C,24,0110,1,GS-15,R,0110,40,I,2,1,183500,04.4
CM63,SD,202207,I,21,15,I,24,0110,1,GS-15,Q,0110,10,F,1,1,176300,31.8
CM63,SC,202102,H,21,15,E,24,0110,1,GS-15,Q,0110,10,F,1,1,172500,14.9
CM63,SA,202111,I,18,13,F,25,0110,1,GS-13,M,0110,10,F,1,1,133382,18.3
CM63,SD,202208,J,04,15,H,24,0110,1,GS-15,Q,0110,10,P,2,1,176300,25.0
CM63,SA,202001,I,21,14,F,24,0110,1,GS-14,N,0110,10,F,1,1,149621,16.2
CM63,SD,202203,I,17,14,I,24,0110,1,GS-14,P,0110,10,F,1,1,164102,30.0
CM63,SD,202205,K,21,15,E,24,0110,1,GS-15,Q,0110,10,F,1,1,173232,13.7
CM63,SC,202201,F,17,12,D,24,0110,1,GS-12,J,0110,10,F,1,1,107803,09.4
CM63,SA,202203,E,21,13,C,24,0110,1,GS-13,L,0110,10,F,1,1,128187,04.5
CM63,SA,202005,G,21,13,C,24,0110,1,GG-13,K,0110,10,F,1,1,112930,03.8
CM63,SA,202306,E,17,13,D,24,0110,1,GS-13,L,0110,10,F,1,1,126949,06.8
CM63,SJ,202308,D,04,11,D,24,0110,1,GG-11,G,0110,40,P,2,1,078592,06.0
CM63,SJ,202102,J,21,15,B,24,0110,1,GS-15,N,0110,40,I,2,1,144128,02.9
CM63,SC,202202,C,21,11,C,24,0110,1,GG-11,G,0110,40,P,2,1,079945,03.4
CM63,SA,202007,F,04,13,B,24,0110,1,GS-13,K,0110,15,F,1,1,119775,01.8
CM63,SJ,202209,E,21,11,B,24,0110,1,GG-11,G,0110,40,P,2,1,074950,02.9
CM63,SJ,202011,H,04,15,B,36,0110,1,GG-15,P,0110,40,I,2,1,164858,01.9
CM63,SC,202208,E,21,13,B,24,0110,1,GS-13,L,0110,15,F,1,1,124626,02.3
CM63,SC,202308,E,17,13,B,24,0110,1,GS-13,K,0110,15,F,1,1,112015,02.9
CM63,SC,202110,H,21,15,A,24,0110,1,GS-15,N,0110,40,I,2,1,144128,00.3
CM63,SC,202307,B,13,09,B,24,0110,1,GS-09,F,0110,40,F,2,1,064957,01.9
CM63,SA,202308,D,17,11,B,24,0110,1,GS-11,G,0110,40,P,2,1,078592,01.4
CT00,SC,202207,G,17,,E,11,0110,1,CT-14,U,0110,10,F,1,1,227839,14.3
CT00,SD,202107,I,17,,J,11,0110,1,CT-15,V,0110,10,F,1,1,255800,35.2
CT00,SD,202212,J,17,,I,11,0110,1,CT-14,U,0110,10,F,1,1,227839,31.0
CT00,SD,202303,K,13,,E,11,0110,1,CT-14,S,0110,10,F,1,1,192931,11.4
CT00,SD,202012,J,21,,G,11,0110,1,CT-14,T,0110,10,F,1,1,216871,21.0
CT00,SC,202007,I,21,,B,11,0110,1,CT-18,U,0110,44,F,2,1,234383,02.8
DD48,SA,202109,F,21,12,C,51,0110,1,GS-12,I,0110,10,F,1,1,095920,04.2
DD63,SK,202203,J,21,13,B,42,0110,1,GS-13,J,0110,15,F,1,1,109977,02.5
DD69,SD,202107,J,04,,G,11,0110,1,AD-04,Q,0110,48,F,2,1,172500,22.0
DD69,SD,202101,J,21,,E,11,0110,1,AD-04,Q,0110,48,F,2,1,170800,14.4
DD69,SD,202107,I,21,,G,11,0110,1,AD-03,P,0110,48,F,2,1,161653,23.1
DJ01,SD,202112,I,16,15,I,11,0110,1,GS-15,Q,0110,10,F,1,1,172500,30.5
DJ01,SD,202112,J,21,15,I,11,0110,1,GS-15,Q,0110,10,F,1,1,172500,31.3
DJ01,SK,201912,I,17,15,G,11,0110,1,GS-15,P,0110,10,F,1,1,166500,24.4
DJ01,SK,202203,I,21,15,G,11,0110,1,GS-15,Q,0110,10,F,1,1,176300,22.4
DJ01,SD,202204,K,21,,J,11,0110,1,ES-**,T,0110,50,F,1,1,203700,47.3
DJ01,SD,202004,K,21,15,I,11,0110,1,GS-15,Q,0110,10,F,1,1,170800,30.3
DJ01,SK,202303,K,21,15,J,11,0110,1,GS-15,R,0110,10,F,1,1,183500,40.3
DJ01,SC,202207,G,14,,F,11,0110,1,ES-**,S,0110,50,F,1,1,192692,19.9
DJ01,SD,202207,K,21,15,J,11,0110,1,GS-15,Q,0110,10,P,2,1,176300,39.2
DJ01,SA,202207,H,21,14,D,11,0110,1,GS-14,N,0110,10,F,1,1,143064,08.1
DJ01,SC,202303,F,21,15,E,11,0110,1,GS-15,R,0110,10,F,1,1,181648,10.5
DJ01,SC,202001,E,21,14,D,11,0110,1,GS-14,M,0110,10,F,1,1,133447,05.5
DJ01,SC,202102,D,21,15,D,11,0110,1,GS-15,O,0110,10,F,1,1,153737,05.3
DLAA,SA,202304,D,04,,B,11,0110,1,SL-00,P,0110,44,F,2,1,163333,02.2
DLAA,SC,202201,E,04,,B,11,0110,1,SL-00,P,0110,44,F,2,1,161730,01.0
DLBL,SD,202206,I,17,15,I,11,0110,1,GS-15,Q,0110,10,F,1,1,176300,30.5
DLBL,SJ,201911,K,17,15,J,11,0110,1,GS-15,P,0110,20,P,2,1,166500,48.4
DLBL,SC,202112,D,13,12,B,11,0110,1,GS-12,I,0110,15,F,1,1,090106,01.5
DLEH,SA,202108,E,21,13,D,11,0110,1,GS-13,K,0110,10,F,1,1,114059,05.0
DLEH,SC,202111,F,17,14,C,11,0110,1,GS-14,M,0110,10,F,1,1,134782,03.3
DLET,SA,202001,E,17,12,D,11,0110,1,GS-12,H,0110,10,F,1,1,086179,05.5
DLLS,SD,201912,K,04,12,J,11,0110,1,GS-12,J,0110,10,F,1,1,108422,48.9
DLLS,SD,201912,I,13,13,I,13,0110,1,GS-13,K,0110,10,F,1,1,118155,34.8
DLLS,SD,202001,K,13,07,G,06,0119,3,GS-07,F,XXXX,10,P,2,1,066823,20.4
DLLS,SA,202201,F,21,14,F,11,0110,1,GS-14,O,0110,10,F,1,1,155687,15.5
DLLS,SJ,202209,K,13,13,J,25,0110,1,GS-13,M,0110,20,I,2,1,137348,43.8
DLLS,SD,201910,K,07,12,J,11,0110,1,GS-12,J,0110,10,F,1,1,108422,57.3
DLLS,SD,202306,K,04,07,E,34,0119,3,GS-07,F,XXXX,10,P,2,1,065490,13.0
DLLS,SC,201910,I,04,05,A,41,0119,3,GS-05,D,XXXX,15,P,2,1,046977,00.6
DLLS,SA,202209,F,11,07,E,32,0119,3,GS-07,E,XXXX,10,P,2,1,053116,10.2
DLLS,SF,202210,G,04,12,D,11,0110,1,GS-12,I,0110,10,F,1,1,098818,07.8
DLLS,SA,201911,C,13,12,C,11,0110,1,GS-12,H,0110,10,F,1,1,083398,03.4
DLLS,SC,202109,E,04,07,D,17,0119,3,GS-07,D,XXXX,10,P,2,1,048445,05.2
DLLS,SC,202104,F,13,07,A,25,0110,1,GS-07,D,0110,15,F,1,1,048641,00.1
DLLS,SA,202309,F,17,12,F,24,0110,1,GS-12,J,0110,10,F,1,1,106759,15.4
DLLS,SC,202006,H,17,05,E,49,0119,3,GS-05,D,XXXX,10,P,2,1,045393,14.5
DLLS,SD,201910,J,15,07,G,29,0119,3,GS-07,E,XXXX,10,P,2,1,055110,23.7
DLLS,SD,202104,K,21,12,I,11,0110,1,GS-12,K,0110,10,F,1,1,113362,34.3
DLLS,SA,202204,F,13,13,G,11,0110,1,GS-13,M,0110,10,F,1,1,135308,21.8
DLLS,SD,202105,I,13,14,I,11,0110,1,GS-14,O,0110,10,F,1,1,155202,31.3
DLLS,SD,202106,J,13,13,I,17,0110,1,GS-13,M,0110,10,F,1,1,132845,34.8
DLLS,SD,202012,K,13,,I,11,0110,1,ES-**,S,0110,50,F,1,1,196338,34.8
DLLS,SD,202006,I,13,13,I,11,0110,1,GS-13,M,0110,10,F,1,1,133465,31.1
DLLS,SD,202212,I,17,12,I,48,0110,1,GS-12,K,0110,10,F,1,1,111594,30.6
DLLS,SA,202105,F,13,14,F,11,0110,1,GS-14,N,0110,10,F,1,1,142950,16.3
DLLS,SD,202305,I,13,12,H,48,0110,1,GS-12,K,0110,10,F,1,1,116803,25.3
DLLS,SD,202205,K,12,07,H,06,0119,3,GS-07,F,XXXX,10,P,2,1,066872,25.7
DLLS,SD,202011,K,18,13,I,36,0110,1,GS-13,M,0110,10,F,1,1,137045,33.4
DLLS,SD,202008,K,13,07,G,39,0119,3,GS-07,E,XXXX,10,P,2,1,058583,23.2
DLLS,SD,202010,J,13,15,J,42,0110,1,GS-15,Q,0110,10,F,1,1,170800,36.8
DLLS,SD,202012,K,13,15,I,11,0110,1,GS-15,Q,0110,10,F,1,1,170800,33.5
DLLS,SD,202104,J,13,13,J,11,0110,1,GS-13,M,0110,10,F,1,1,134798,37.1
DLLS,SD,202009,K,13,13,I,36,0110,1,GS-13,M,0110,10,F,1,1,137045,30.0
DLLS,SD,202012,K,13,13,I,12,0110,1,GS-13,J,0110,10,F,1,1,109479,30.8
DLLS,SD,202010,K,13,07,E,17,0119,3,GS-07,E,XXXX,10,P,2,1,053339,14.3
DLLS,SA,202008,H,13,13,I,11,0110,1,GS-13,M,0110,10,F,1,1,133465,31.0
DLLS,SD,202105,I,13,14,I,11,0110,1,GS-14,O,0110,10,P,2,1,159286,33.7
DLLS,SD,202207,K,21,14,I,36,0110,1,GS-14,P,0110,10,F,1,1,164186,33.9
DLLS,SD,202212,J,17,12,F,08,0110,1,GS-12,J,0110,10,F,1,1,104992,17.6
DLLS,SD,202201,K,04,07,J,11,0119,3,GS-07,F,XXXX,10,F,1,1,063906,41.3
DLLS,SD,201910,I,04,06,J,11,0119,3,GS-06,E,XXXX,10,F,1,1,055006,41.9
DLLS,SD,202009,K,17,12,G,41,0110,1,GS-12,J,0110,10,F,1,1,106442,24.2
DLLS,SD,202302,K,17,12,I,24,0110,1,GS-12,L,0110,10,F,1,1,122459,34.7
DLLS,SD,202108,K,04,07,H,06,0119,3,GS-07,F,XXXX,10,P,2,1,064852,29.8
DLLS,SD,202306,J,17,,G,11,0110,1,ES-**,T,0110,50,F,1,1,212100,20.3
DLLS,SD,202102,K,14,12,J,34,0110,1,GS-12,K,0110,10,F,1,1,116403,45.7
DLLS,SD,201912,J,13,12,G,27,0110,1,GS-12,H,0110,10,F,1,1,082634,22.2
DLLS,SD,202001,K,17,07,F,13,0119,3,GS-07,E,XXXX,10,P,2,1,057714,19.2
DLLS,SF,202308,H,08,12,I,06,0110,1,GS-12,M,0110,10,F,1,1,133236,30.5
DLLS,SK,202012,J,04,06,H,11,0119,3,GS-06,E,XXXX,10,F,1,1,056939,29.4
DLLS,SD,202212,K,14,15,J,13,0110,1,GS-15,Q,0110,10,F,1,1,176300,57.5
DLLS,SD,202101,I,17,12,I,11,0110,1,GS-12,K,0110,10,F,1,1,113362,34.0
DLLS,SA,202206,F,13,13,G,**,0110,1,GS-13,M,0110,10,F,1,1,131747,21.9
DLLS,SD,201912,K,13,07,F,12,0119,3,GS-07,E,XXXX,10,P,2,1,051866,19.1
DLLS,SA,202309,G,13,13,G,26,0110,1,GS-13,M,0110,10,F,1,1,133854,23.2
DLLS,SD,201912,I,13,12,I,34,0110,1,GS-12,K,0110,10,F,1,1,111558,31.1
DLLS,SD,202207,K,13,12,J,06,0110,1,GS-12,L,0110,10,F,1,1,126742,42.6
DLLS,SD,202012,J,14,12,J,06,0110,1,GS-12,L,0110,10,F,1,1,121668,40.1
DLLS,SD,202306,J,13,13,J,55,0110,1,GS-13,L,0110,10,F,1,1,123510,39.7
DLLS,SC,202306,G,17,05,A,48,0119,3,GS-05,E,XXXX,15,P,2,1,056569,00.0
DLLS,SD,202212,K,13,07,G,25,0119,3,GS-07,F,XXXX,10,P,2,1,065110,23.8
DLLS,SD,202112,J,17,13,J,11,0110,1,GS-13,M,0110,10,F,1,1,134798,39.2
DLLS,SD,202007,I,13,12,I,11,0110,1,GS-12,K,0110,10,F,1,1,112240,34.8
DLLS,SA,202008,G,09,13,G,11,0110,1,GS-13,M,0110,10,F,1,1,130043,20.8
DLLS,SD,202203,J,17,15,H,11,0110,1,GS-15,Q,0110,10,F,1,1,176300,26.9
DLLS,SD,202001,K,13,12,J,11,0110,1,GS-12,J,0110,10,F,1,1,108422,43.3
DLLS,SD,202112,J,13,14,J,11,0110,1,GS-14,O,0110,10,F,1,1,159286,37.3
DLLS,SD,202007,I,13,12,I,48,0110,1,GS-12,J,0110,10,F,1,1,107509,30.0
DLLS,SD,202111,I,13,06,E,27,0119,3,GS-06,E,XXXX,10,P,2,1,054941,10.7
DLLS,SD,202206,I,13,12,I,17,0110,1,GS-12,K,0110,10,F,1,1,114702,33.3
DLLS,SD,202304,I,17,07,I,29,0119,3,GS-07,F,XXXX,10,P,2,1,062058,32.9
DLLS,SA,202012,F,17,13,F,11,0110,1,GS-13,M,0110,10,F,1,1,133465,19.0
DLLS,SG,201911,H,13,07,H,29,0119,3,GS-07,E,XXXX,10,P,2,1,055110,27.1
DLLS,SG,201911,K,17,07,H,29,0119,3,GS-07,E,XXXX,10,P,2,1,055110,26.1
DLLS,SD,202202,K,04,12,J,11,0110,1,GS-12,I,0110,10,F,1,1,098818,40.6
DLLS,SD,202207,J,13,15,J,11,0110,1,GS-15,Q,0110,10,F,1,1,176300,38.2
DLLS,SF,202111,G,17,07,E,26,0119,3,GS-07,E,XXXX,10,P,2,1,057561,13.3
DLLS,SD,202302,J,13,13,I,24,0110,1,GS-13,N,0110,10,F,1,1,145617,34.7
DLLS,SA,202101,E,04,06,D,28,0119,3,GS-06,E,XXXX,10,P,2,1,051103,07.7
DLLS,SD,202009,K,17,12,I,11,0110,1,GS-12,K,0110,10,F,1,1,112240,30.9
DLLS,SD,202112,K,17,07,F,25,0119,3,GS-07,E,XXXX,10,P,2,1,056749,17.7
DLLS,SD,202012,I,17,13,I,11,0110,1,GS-13,M,0110,10,F,1,1,133465,34.1
DLLS,SD,202010,K,13,07,F,48,0119,3,GS-07,E,XXXX,10,P,2,1,050457,17.6
DLLS,SK,202309,J,13,14,J,24,0110,1,GS-14,Q,0110,10,F,1,1,172075,40.3
DLLS,SD,202206,I,13,12,I,13,0110,1,GS-12,J,0110,10,F,1,1,108886,31.0
DLLS,SD,202109,K,07,07,H,40,0119,3,GS-07,E,XXXX,10,P,2,1,056790,26.8
DLLS,SD,202012,J,13,12,I,42,0110,1,GS-12,J,0110,10,F,1,1,108421,34.2
DLLS,SD,202003,I,17,12,I,11,0110,1,GS-12,K,0110,10,F,1,1,112240,31.5
DLLS,SA,202003,E,17,13,E,11,0110,1,GS-13,L,0110,10,F,1,1,123198,13.5
DLLS,SD,202201,K,04,07,J,11,0119,3,GS-07,F,XXXX,10,F,1,1,063906,43.0
DLLS,SD,202112,J,17,12,F,11,0110,1,GS-12,K,0110,10,F,1,1,110455,18.8
DLLS,SD,201912,I,13,14,J,11,0110,1,GS-14,N,0110,10,F,1,1,144538,39.4
DLLS,SD,202001,J,17,15,J,25,0110,1,GS-15,Q,0110,10,F,1,1,170800,41.3
DLLS,SD,202003,K,13,,J,48,0110,1,ES-**,R,0110,50,F,1,1,189280,43.7
DLLS,SA,202307,G,21,14,F,11,0110,1,GS-14,O,0110,10,F,1,1,158840,17.0
DLLS,SD,202112,I,17,13,I,48,0110,1,GS-13,L,0110,10,F,1,1,129116,33.6
DLLS,SD,202112,J,13,13,H,11,0110,1,GS-13,M,0110,10,F,1,1,131341,28.0
DLLS,SD,202106,J,17,12,I,11,0110,1,GS-12,K,0110,10,F,1,1,113362,30.5
DLLS,SD,202206,J,17,,H,11,0110,1,ES-**,T,0110,50,F,1,1,203700,25.6
DLLS,SD,202209,J,13,12,J,48,0110,1,GS-12,K,0110,10,F,1,1,111594,41.0
DLLS,SD,202006,K,13,,J,17,0110,1,ES-**,S,0110,50,F,1,1,196338,46.6
DLLS,SD,202201,J,13,15,J,11,0110,1,GS-15,Q,0110,10,F,1,1,172500,39.1
DLLS,SC,202008,G,04,05,A,48,0119,3,GS-05,D,XXXX,15,P,2,1,043909,00.4
DLLS,SD,202212,K,13,12,J,34,0110,1,GS-12,K,0110,10,F,1,1,119922,38.7
DLLS,SK,201911,F,13,13,G,31,0110,1,GS-13,K,0110,10,F,1,1,115512,21.1
DLLS,SD,202309,K,13,07,G,39,0119,3,GS-07,F,XXXX,10,P,2,1,061569,21.3
DLLS,SC,202007,G,13,12,F,48,0110,1,GS-12,J,0110,10,F,1,1,108801,19.6
DLLS,SA,202002,G,13,13,H,29,0110,1,GS-13,K,0110,10,F,1,1,116738,27.7
DLLS,SD,202308,K,07,07,J,49,0119,3,GS-07,F,XXXX,10,P,2,1,060703,35.6
DLLS,SD,202207,J,17,12,I,51,0110,1,GS-12,K,0110,10,F,1,1,116788,33.8
DLLS,SD,202105,I,17,12,I,06,0110,1,GS-12,K,0110,10,F,1,1,115039,30.0
DLLS,SD,202105,I,13,14,I,11,0110,1,GS-14,O,0110,10,F,1,1,159286,30.3
DLLS,SD,202212,I,13,13,I,24,0110,1,GS-13,M,0110,10,F,1,1,138868,32.4
DLLS,SA,202110,H,04,06,E,08,0119,3,GS-06,E,XXXX,10,P,2,1,056030,13.7
DLLS,SA,202006,D,04,13,E,11,0110,1,GS-13,K,0110,10,F,1,1,116353,12.0
DLLS,SD,202207,J,13,12,H,13,0110,1,GS-12,J,0110,10,F,1,1,108886,26.3
DLLS,SD,202106,K,13,07,F,36,0119,3,GS-07,F,XXXX,10,P,2,1,060572,15.6
DLLS,SD,202104,J,13,14,J,42,0110,1,GS-14,O,0110,10,F,1,1,153866,41.8
DLLS,SD,202012,J,14,12,H,36,0110,1,GS-12,K,0110,10,F,1,1,115251,25.8
DLLS,SD,202012,J,13,12,G,48,0110,1,GS-12,J,0110,10,F,1,1,107509,23.3
DLLS,SD,202002,K,17,,J,11,0110,1,ES-**,S,0110,50,F,1,1,196338,41.5
DLLS,SD,202212,I,13,12,J,42,0110,1,GS-12,K,0110,10,F,1,1,112721,38.3
DLLS,SD,202012,J,13,12,J,17,0110,1,GS-12,K,0110,10,F,1,1,110614,36.2
DLLS,SD,202101,K,13,12,J,11,0110,1,GS-12,K,0110,10,F,1,1,112240,44.5
DLLS,SD,202212,J,13,14,J,13,0110,1,GS-14,O,0110,10,F,1,1,152998,42.6
DLLS,SJ,201910,H,04,05,C,55,0119,3,GS-05,C,XXXX,20,P,2,1,038474,03.5
DLLS,SC,202107,G,13,12,F,17,0110,1,GS-12,J,0110,10,F,1,1,105990,15.8
DLLS,SA,202110,E,13,13,F,25,0110,1,GS-13,L,0110,10,F,1,1,123122,15.3
DLLS,SD,202007,K,18,14,G,11,0110,1,GS-14,N,0110,10,F,1,1,141534,23.9
DLLS,SD,202307,J,15,12,J,27,0110,1,GS-12,K,0110,10,F,1,1,116821,37.8
DLLS,SD,202108,I,13,12,I,29,0110,1,GS-12,J,0110,10,F,1,1,101764,30.0
DLLS,SG,201910,H,13,07,H,29,0119,3,GS-07,E,XXXX,10,P,2,1,053904,28.4
DLLS,SC,202111,F,17,13,E,06,0110,1,GS-13,K,0110,10,F,1,1,119254,13.9
DLLS,SK,202105,J,13,13,J,48,0110,1,GS-13,L,0110,10,F,1,1,129116,40.8
DLLS,SD,202112,K,13,14,J,06,0110,1,GS-14,Q,0110,10,F,1,1,172500,42.1
DLLS,SA,202205,G,13,13,G,11,0110,1,GS-13,M,0110,10,F,1,1,135308,21.9
DLLS,SD,202112,I,13,12,G,48,0110,1,GS-12,J,0110,10,F,1,1,105799,24.8
DLLS,SD,202012,I,13,12,I,11,0110,1,GS-12,K,0110,10,F,1,1,112240,34.4
DLLS,SD,202209,K,17,13,J,51,0110,1,GS-13,M,0110,10,F,1,1,138868,37.1
DLLS,SA,201910,G,04,05,F,48,0119,3,GS-05,E,XXXX,10,P,2,1,050567,17.0
DLLS,SD,202212,J,17,14,H,37,0110,1,GS-14,N,0110,10,F,1,1,144976,29.4
DLLS,SD,202212,J,13,13,J,24,0110,1,GS-13,L,0110,10,F,1,1,128187,41.6
DLLS,SK,202105,I,17,12,H,11,0110,1,GS-12,K,0110,10,F,1,1,113362,26.8
DLLS,SD,202212,K,09,07,G,42,0119,3,GS-07,F,XXXX,10,P,2,1,060010,21.7
DLLS,SD,202211,J,13,14,J,24,0110,1,GS-14,P,0110,10,F,1,1,164102,36.4
DLLS,SA,202112,J,13,13,I,11,0110,1,GS-13,M,0110,10,F,1,1,134798,34.3
DLLS,SD,202202,J,13,13,J,11,0110,1,GS-13,M,0110,10,F,1,1,138868,38.5
DLLS,SD,202010,K,17,12,E,11,0110,1,GS-12,J,0110,10,F,1,1,103605,13.8
DLLS,SD,202304,K,13,14,I,**,0110,1,GS-14,Q,0110,10,F,1,1,172075,34.8
DLLS,SD,202308,I,13,12,I,06,0110,1,GS-12,L,0110,10,F,1,1,124677,32.3
DLLS,SD,202109,J,13,13,J,37,0110,1,GS-13,L,0110,10,F,1,1,121326,37.2
DLLS,SD,202305,J,17,13,J,17,0110,1,GS-13,N,0110,10,F,1,1,142650,36.2
DLLS,SD,202212,K,13,12,F,24,0110,1,GS-12,K,0110,10,F,1,1,110798,16.7
DLLS,SD,202001,I,13,12,F,06,0110,1,GS-12,I,0110,10,F,1,1,096375,16.8
DLLS,SD,202009,I,13,12,J,36,0110,1,GS-12,K,0110,10,F,1,1,115251,35.2
DLLS,SC,202201,I,17,12,G,11,0110,1,GS-12,K,0110,10,F,1,1,116788,24.8
DLLS,SD,202112,J,17,13,J,29,0110,1,GS-13,L,0110,10,F,1,1,121006,36.3
DLLS,SD,202003,J,17,14,I,11,0110,1,GS-14,O,0110,10,F,1,1,157709,32.8
DLLS,SC,202111,F,13,12,F,11,0110,1,GS-12,J,0110,10,F,1,1,104641,18.4
DLLS,SD,202308,K,21,07,G,36,0119,3,GS-07,G,XXXX,10,P,2,1,070948,21.2
DLLS,SD,202212,J,13,15,J,11,0110,1,GS-15,Q,0110,10,F,1,1,176300,38.3
DLLS,SD,201912,I,13,07,G,06,0119,3,GS-07,F,XXXX,10,P,2,1,066335,23.7
DLLS,SD,202112,I,13,12,I,13,0110,1,GS-12,J,0110,10,F,1,1,106134,30.7
DLLS,SD,202112,J,13,14,I,48,0110,1,GS-14,N,0110,10,F,1,1,144748,34.8
DLLS,SD,202101,J,13,12,H,06,0110,1,GS-12,K,0110,10,F,1,1,115039,28.6
DLLS,SD,202001,K,17,14,J,11,0110,1,GS-14,O,0110,10,F,1,1,152352,42.0
DLLS,SC,202006,E,04,14,E,11,0110,1,GS-14,M,0110,10,F,1,1,133447,14.3
DLLS,SD,202303,K,13,12,G,55,0110,1,GS-12,J,0110,10,F,1,1,109638,24.0
DLLS,SD,202012,J,13,13,J,42,0110,1,GS-13,L,0110,10,F,1,1,128924,39.2
DLLS,SC,202003,E,13,07,E,06,0119,3,GS-07,E,XXXX,10,P,2,1,059265,12.9
DLLS,SD,202012,J,04,07,G,48,0119,3,GS-07,E,XXXX,10,P,2,1,056619,22.7
DLLS,SC,202105,E,13,05,F,39,0119,3,GS-05,D,XXXX,10,P,2,1,047456,15.6
DLLS,SD,202112,J,13,07,H,45,0119,3,GS-07,E,XXXX,10,P,2,1,053877,25.6
DLLS,SA,202201,E,17,07,F,04,0119,3,GS-07,E,XXXX,10,P,2,1,056790,15.4
DLLS,SD,202308,K,17,12,J,06,0110,1,GS-12,L,0110,10,F,1,1,124677,38.1
DLLS,SD,202103,K,17,,F,06,0110,1,ES-**,S,0110,50,F,1,1,199300,16.7
DLLS,SD,202002,J,17,12,J,06,0110,1,GS-12,L,0110,10,F,1,1,121668,36.1
DLLS,SA,202208,F,21,13,E,26,0110,1,GS-13,L,0110,10,F,1,1,121149,13.8
DLLS,SD,202012,J,13,12,I,06,0110,1,GS-12,J,0110,10,F,1,1,105138,31.2
DLLS,SD,202302,I,13,13,I,11,0110,1,GS-13,N,0110,10,F,1,1,145617,34.0
DLLS,SD,202212,I,13,13,I,06,0110,1,GS-13,O,0110,10,F,1,1,150703,30.8
DLLS,SC,202002,F,13,12,G,39,0110,1,GS-12,J,0110,10,F,1,1,101039,20.3
DLLS,SC,202104,F,13,12,F,48,0110,1,GS-12,J,0110,10,F,1,1,106919,15.2
DLLS,SC,202009,J,04,06,D,42,0119,3,GS-06,D,XXXX,10,P,2,1,046539,08.2
DLLS,SD,202008,J,21,13,G,11,0110,1,GS-13,M,0110,10,F,1,1,133465,24.0
DLLS,SD,202101,J,13,12,J,37,0110,1,GS-12,J,0110,10,F,1,1,103647,40.9
DLLS,SD,202008,I,21,13,G,11,0110,1,GS-13,M,0110,10,F,1,1,133465,23.1
DLLS,SD,202112,I,13,14,I,11,0110,1,GS-14,O,0110,10,F,1,1,151118,30.5
DLLS,SD,202112,J,17,12,E,13,0110,1,GS-12,I,0110,10,F,1,1,097969,14.2
DLLS,SD,202007,J,14,13,I,11,0110,1,GS-13,M,0110,10,F,1,1,133465,30.3
DLLS,SC,202010,E,13,13,E,11,0110,1,GS-13,L,0110,10,F,1,1,123198,14.1
DLLS,SD,202001,J,13,14,J,25,0110,1,GS-14,O,0110,10,F,1,1,151115,41.2
DLLS,SD,202212,K,04,07,J,24,0119,3,GS-07,F,XXXX,10,F,1,1,065831,39.8
DLLS,SD,202210,K,04,07,J,11,0119,3,GS-07,F,XXXX,10,F,1,1,065831,44.8
DLLS,SD,202003,K,04,06,G,36,0119,3,GS-06,E,XXXX,10,P,2,1,056967,20.2
DLLS,SD,202207,K,21,13,H,24,0110,1,GS-13,M,0110,10,F,1,1,138868,26.9
DLLS,SD,202209,J,17,12,E,48,0110,1,GS-12,K,0110,10,F,1,1,115895,14.8
DLLS,SD,202104,K,13,13,G,11,0110,1,GS-13,M,0110,10,F,1,1,131341,24.6
DLLS,SD,202206,K,13,12,J,17,0110,1,GS-12,K,0110,10,F,1,1,111760,38.6
DLLS,SD,202006,J,17,12,H,11,0110,1,GS-12,J,0110,10,F,1,1,109362,26.0
DLLS,SD,202109,K,13,14,J,11,0110,1,GS-14,O,0110,10,F,1,1,155202,40.8
DLLS,SD,202010,I,13,07,E,45,0119,3,GS-07,D,XXXX,10,P,2,1,049016,13.3
DLLS,SC,202009,E,13,13,E,25,0110,1,GS-13,L,0110,10,F,1,1,121904,14.1
DLLS,SD,202002,J,13,13,I,11,0110,1,GS-13,M,0110,10,F,1,1,133465,34.7
DLLS,SC,202008,G,13,05,A,37,0119,3,GS-05,D,XXXX,15,P,2,1,045977,00.4
DLLS,SA,202001,D,13,12,E,11,0110,1,GS-12,I,0110,10,F,1,1,097300,10.2
DLLS,SC,202207,H,04,05,E,36,0119,3,GS-05,D,XXXX,10,P,2,1,048804,13.3
DLLS,SC,202306,I,13,05,D,13,0119,3,GS-05,E,XXXX,10,P,2,1,051752,09.9
DLLS,SD,202006,I,17,15,I,11,0110,1,GS-15,Q,0110,10,F,1,1,170800,31.6
DLLS,SK,202112,F,13,12,E,11,0110,1,GS-12,J,0110,10,F,1,1,101734,12.8
DLLS,SD,201911,K,13,07,E,01,0119,3,GS-07,D,XXXX,10,P,2,1,049063,10.8
DLLS,SC,202111,H,13,06,F,06,0119,3,GS-06,F,XXXX,10,P,2,1,062337,17.0
DLLS,SA,202304,G,21,13,F,06,0110,1,GS-13,M,0110,10,F,1,1,133050,15.0
DLLS,SC,202203,E,17,12,E,06,0110,1,GS-12,K,0110,10,F,1,1,110491,12.9
DLLS,SD,202105,J,17,12,F,17,0110,1,GS-12,J,0110,10,F,1,1,103125,16.8
DLLS,SC,202106,E,13,05,D,11,0119,3,GS-05,C,XXXX,10,P,2,1,039684,09.0
DLLS,SC,202101,D,13,12,E,11,0110,1,GS-12,J,0110,10,F,1,1,100727,11.4
DLLS,SC,202204,E,13,13,E,36,0110,1,GS-13,K,0110,10,F,1,1,117002,12.8
DLLS,SA,202210,I,10,07,E,24,0119,3,GS-07,F,XXXX,10,P,2,1,064143,12.4
DLLS,SC,202109,H,04,05,C,37,0119,3,GS-05,C,XXXX,10,P,2,1,037616,03.3
DLLS,SA,202303,H,07,07,E,48,0119,3,GS-07,F,XXXX,10,P,2,1,061084,14.3
DLLS,SC,202303,E,13,12,D,37,0110,1,GS-12,I,0110,10,F,1,1,095591,09.2
DLLS,SC,202212,I,04,06,B,40,0119,3,GS-06,D,XXXX,15,P,2,1,040262,02.7
DLLS,SA,202003,D,13,14,E,11,0110,1,GS-14,M,0110,10,F,1,1,133447,10.5
DLLS,SD,201911,J,04,12,E,12,0110,1,GS-12,H,0110,10,F,1,1,087030,10.3
DLLS,SD,202111,K,17,07,E,26,0119,3,GS-07,D,XXXX,10,P,2,1,048052,14.8
DLLS,SC,202211,G,04,05,A,48,0119,3,GS-05,D,XXXX,15,P,2,1,043027,00.2
DLLS,SD,202211,I,13,07,E,46,0119,3,GS-07,E,XXXX,10,P,2,1,053686,13.3
DLLS,SC,202112,J,04,05,A,53,0119,3,GS-05,E,XXXX,15,P,2,1,050224,00.2
DLLS,SA,202211,F,13,13,E,13,0110,1,GS-13,J,0110,10,F,1,1,109554,13.1
DLLS,SD,202301,K,09,07,E,12,0119,3,GS-07,E,XXXX,10,P,2,1,056034,13.3
DLLS,SD,202002,K,13,12,E,06,0110,1,GS-12,I,0110,10,F,1,1,099296,10.3
DLLS,SC,202303,F,17,12,E,**,0110,1,GS-12,K,0110,10,F,1,1,113039,13.3
DLLS,SC,202007,E,13,11,E,48,0110,1,GS-11,G,0110,10,F,1,1,076051,10.6
DLLS,SC,202104,J,17,09,E,41,0110,1,GS-09,E,0110,10,F,1,1,057023,10.2
DLLS,SC,202010,G,07,07,E,45,0119,3,GS-07,E,XXXX,10,P,2,1,050457,10.8
DLLS,SA,202003,D,13,12,E,11,0110,1,GS-12,J,0110,10,F,1,1,100727,10.2
DLLS,SA,202305,K,09,07,E,48,0119,3,GS-07,F,XXXX,10,P,2,1,060781,13.3
DLLS,SA,202105,I,17,13,G,48,0110,1,GS-13,J,0110,10,F,1,1,109251,22.7
DLLS,SD,202007,K,15,07,E,48,0119,3,GS-07,E,XXXX,10,P,2,1,056358,14.3
DLLS,SA,202304,E,13,12,E,10,0110,1,GS-12,J,0110,10,F,1,1,109072,12.6
DLLS,SA,202003,D,17,12,D,11,0110,1,GS-12,J,0110,10,F,1,1,100727,09.5
DLLS,SC,202005,G,10,07,D,28,0119,3,GS-07,D,XXXX,10,P,2,1,049016,09.6
DLLS,SC,202308,E,17,06,E,36,0119,3,GS-06,E,XXXX,10,P,2,1,058933,12.8
DLLS,SC,202205,D,13,07,D,48,0119,3,GS-07,E,XXXX,15,F,1,1,051616,05.7
DLLS,SD,202104,K,10,07,E,01,0119,3,GS-07,E,XXXX,10,P,2,1,050965,10.1
DLLS,SC,202003,D,13,05,A,47,0119,3,GS-05,D,XXXX,15,P,2,1,044229,00.5
DLLS,SA,202209,E,04,06,D,11,0119,3,GS-06,E,XXXX,10,P,2,1,056208,09.4
DLLS,SC,202011,E,13,12,D,11,0110,1,GS-12,I,0110,10,F,1,1,094970,07.9
DLLS,SA,202010,E,17,13,D,11,0110,1,GS-13,K,0110,10,F,1,1,112930,08.9
DLLS,SC,202011,E,17,13,D,11,0110,1,GS-13,K,0110,10,F,1,1,112930,07.5
DLLS,SD,202004,K,04,07,D,48,0119,3,GS-07,D,XXXX,10,P,2,1,049016,08.3
DLLS,SD,202202,I,12,07,E,25,0119,3,GS-07,E,XXXX,10,P,2,1,056765,10.0
DLLS,SA,202003,F,17,12,D,11,0110,1,GS-12,I,0110,10,F,1,1,097848,07.8
DLLS,SD,202112,K,13,07,E,13,0119,3,GS-07,E,XXXX,10,P,2,1,052160,13.3
DLLS,SC,202205,E,13,13,D,36,0110,1,GS-13,L,0110,10,F,1,1,124315,09.7
DLLS,SD,202106,J,13,07,D,13,0119,3,GS-07,E,XXXX,10,P,2,1,050626,08.5
DLLS,SA,202103,G,21,,D,11,0110,1,ES-**,S,0110,50,F,1,1,199300,08.4
DLLS,SC,202011,F,13,05,C,06,0119,3,GS-05,E,XXXX,15,P,2,1,051837,04.1
DLLS,SC,202309,G,17,12,D,12,0110,1,GS-12,I,0110,10,F,1,1,093875,09.7
DLLS,SA,202111,D,04,12,D,48,0110,1,GS-12,I,0110,10,F,1,1,091877,08.8
DLLS,SD,202304,K,13,07,E,06,0119,3,GS-07,F,XXXX,10,P,2,1,063077,10.1
DLLS,SA,202103,D,13,13,D,11,0110,1,GS-13,K,0110,10,F,1,1,114059,08.0
DLLS,SD,201912,K,04,07,D,39,0119,3,GS-07,D,XXXX,10,P,2,1,043704,05.7
DLLS,SA,202003,D,13,12,D,11,0110,1,GS-12,H,0110,10,F,1,1,089213,05.4
DLLS,SD,202207,J,04,07,D,53,0119,3,GS-07,D,XXXX,10,P,2,1,049213,07.1
DLLS,SC,201911,G,16,07,D,05,0119,3,GS-07,E,XXXX,10,P,2,1,051866,06.1
DLLS,SC,202002,D,17,12,D,06,0110,1,GS-12,J,0110,10,F,1,1,102947,06.0
DLLS,SC,202204,D,13,12,D,17,0110,1,GS-12,I,0110,10,F,1,1,099994,08.2
DLLS,SA,202307,G,10,07,G,27,0119,3,GS-07,F,XXXX,10,P,2,1,065857,23.2
DLLS,SD,202004,K,04,07,D,12,0119,3,GS-07,D,XXXX,10,P,2,1,047574,09.9
DLLS,SA,202309,D,04,13,D,24,0110,1,GS-13,K,0110,10,F,1,1,119482,06.7
DLLS,SC,202108,D,17,11,B,06,0110,1,GS-11,G,0110,15,F,1,1,073827,02.0
DLLS,SD,202010,J,17,07,D,16,0119,3,GS-07,D,XXXX,10,P,2,1,047574,06.4
DLLS,SA,202211,D,17,12,B,24,0110,1,GS-12,H,0110,15,F,1,1,089834,02.4
DLLS,SD,202110,K,13,07,D,39,0119,3,GS-07,D,XXXX,10,P,2,1,049958,07.3
DLLS,SA,202105,D,04,13,D,11,0110,1,GS-13,J,0110,10,F,1,1,107146,06.8
DLLS,SD,202010,J,17,07,D,12,0119,3,GS-07,E,XXXX,10,P,2,1,050676,06.2
DLLS,SK,201910,H,04,06,C,48,0119,3,GS-06,D,XXXX,15,P,2,1,040367,04.9
DLLS,SA,202202,D,17,13,D,11,0110,1,GS-13,K,0110,10,F,1,1,117505,07.5
DLLS,SA,202108,C,13,13,D,11,0110,1,GS-13,K,0110,10,F,1,1,110603,06.9
DLLS,SA,202203,D,17,12,D,11,0110,1,GS-12,J,0110,10,F,1,1,101813,07.6
DLLS,SC,202002,D,17,12,D,11,0110,1,GS-12,I,0110,10,F,1,1,094970,05.4
DLLS,SA,202109,D,04,12,D,27,0110,1,GS-12,I,0110,10,F,1,1,091641,07.0
DLLS,SD,202005,K,13,07,D,06,0119,3,GS-07,E,XXXX,10,P,2,1,054328,05.6
DLLS,SC,202204,D,13,12,D,42,0110,1,GS-12,I,0110,10,F,1,1,095378,07.6
DLLS,SC,202206,E,17,13,D,11,0110,1,GS-13,K,0110,10,F,1,1,117505,07.7
DLLS,SA,202304,J,21,07,F,12,0119,3,GS-07,F,XXXX,10,P,2,1,060703,17.7
DLLS,SC,202103,F,04,05,B,06,0119,3,GS-05,D,XXXX,15,P,2,1,043416,01.8
DLLS,SC,202202,J,04,05,C,11,0119,3,GS-05,D,XXXX,10,P,2,1,047697,03.5
DLLS,SA,202104,D,13,12,D,13,0110,1,GS-12,H,0110,10,F,1,1,084360,06.5
DLLS,SC,202004,D,13,11,D,36,0110,1,GS-11,G,0110,10,F,1,1,078893,05.5
DLLS,SC,202205,E,13,12,D,37,0110,1,GS-12,H,0110,15,F,1,1,088698,07.5
DLLS,SA,202006,E,04,13,D,11,0110,1,GS-13,J,0110,10,F,1,1,106085,09.9
DLLS,SC,202105,E,13,07,D,06,0119,3,GS-07,E,XXXX,10,P,2,1,058616,06.5
DLLS,SD,202012,K,17,,D,11,0110,1,ES-**,S,0110,50,F,1,1,193607,06.1
DLLS,SC,202007,E,04,07,D,39,0119,3,GS-07,D,XXXX,10,P,2,1,044966,05.5
DLLS,SA,202005,E,04,05,B,48,0119,3,GS-05,D,XXXX,15,P,2,1,045714,01.7
DLLS,SC,202108,F,04,05,D,53,0119,3,GS-05,C,XXXX,10,P,2,1,039920,06.6
DLLS,SF,202301,D,13,12,D,31,0110,1,GS-12,I,0110,10,F,1,1,091911,07.5
DLLS,SC,202309,E,04,13,D,06,0110,1,GS-13,L,0110,10,F,1,1,125448,08.6
DLLS,SA,201910,C,17,11,C,11,0110,1,GS-11,G,0110,10,F,1,1,076541,04.7
DLLS,SA,202006,E,13,07,C,25,0110,1,GS-07,E,0110,10,F,1,1,059393,04.0
DLLS,SA,202209,D,13,13,D,41,0110,1,GS-13,J,0110,10,F,1,1,103810,07.5
DLLS,SC,202202,F,10,06,D,06,0119,3,GS-06,D,XXXX,10,P,2,1,049381,06.8
DLLS,SC,202107,E,04,12,D,29,0110,1,GS-12,H,0110,10,F,1,1,086106,06.3
DLLS,SC,202010,C,13,12,D,11,0110,1,GS-12,H,0110,10,F,1,1,086335,05.3
DLLS,SA,202110,C,13,13,D,11,0110,1,GS-13,K,0110,10,F,1,1,110603,06.3
DLLS,SC,202203,E,17,12,D,17,0110,1,GS-12,I,0110,10,F,1,1,091170,06.8
DLLS,SD,202112,K,04,07,E,48,0119,3,GS-07,D,XXXX,10,P,2,1,048052,10.4
DLLS,SA,202002,C,13,12,C,11,0110,1,GS-12,H,0110,10,F,1,1,089213,04.6
DLLS,SC,202209,I,13,05,A,25,0119,3,GS-05,D,XXXX,10,P,2,1,047175,00.1
DLLS,SA,202108,C,13,12,D,29,0110,1,GS-12,H,0110,10,F,1,1,080886,05.2
DLLS,SC,201911,D,13,05,B,36,0119,3,GS-05,C,XXXX,15,P,2,1,039053,01.2
DLLS,SA,201910,G,13,07,E,53,0119,3,GS-07,E,XXXX,10,P,2,1,054989,13.3
DLLS,SC,202203,D,17,11,B,11,0110,1,GS-11,G,0110,15,F,1,1,074950,01.1
DLLS,SC,201910,C,13,12,C,11,0110,1,GS-12,H,0110,10,F,1,1,086179,04.1
DLLS,SA,202107,C,13,12,D,11,0110,1,GS-12,I,0110,10,F,1,1,093013,05.8
DLLS,SC,202108,C,13,12,D,25,0110,1,GS-12,I,0110,10,F,1,1,092036,05.8
DLLS,SA,202306,E,04,12,D,29,0110,1,GS-12,I,0110,10,F,1,1,092427,07.7
DLLS,SC,202111,F,04,12,D,06,0110,1,GS-12,J,0110,10,F,1,1,100826,06.0
DLLS,SC,202110,D,13,12,D,11,0110,1,GS-12,I,0110,10,F,1,1,095920,05.9
DLLS,SA,202203,D,17,09,D,48,0110,1,GS-09,G,0110,10,F,1,1,076950,08.3
DLLS,SC,202010,F,13,07,D,13,0119,3,GS-07,D,XXXX,10,P,2,1,046133,05.0
DLLS,SC,202010,I,17,07,D,13,0119,3,GS-07,D,XXXX,10,P,2,1,046133,05.3
DLLS,SA,202209,C,13,12,D,11,0110,1,GS-12,I,0110,10,F,1,1,098818,06.8
DLLS,SA,202007,C,13,12,C,06,0110,1,GS-12,I,0110,10,F,1,1,090533,04.7
DLLS,SD,202203,K,13,06,D,25,0119,3,GS-06,E,XXXX,10,P,2,1,051085,06.2
DLLS,SC,202206,C,13,13,D,25,0110,1,GS-13,J,0110,10,F,1,1,109175,06.3
DLLS,SC,202010,J,13,06,C,45,0119,3,GS-06,D,XXXX,10,P,2,1,040218,04.7
DLLS,SA,202307,E,17,12,D,29,0110,1,GS-12,I,0110,10,F,1,1,092427,07.3
DLLS,SC,202111,D,04,06,C,47,0119,3,GS-06,D,XXXX,15,P,2,1,040621,04.3
DLLS,SA,201912,C,04,12,C,51,0110,1,GS-12,G,0110,10,F,1,1,076988,03.7
DLLS,SC,202307,D,13,12,D,11,0110,1,GS-12,J,0110,10,F,1,1,103619,07.2
DLLS,SC,202007,C,04,11,C,29,0110,1,GS-11,F,0110,10,F,1,1,069277,04.2
DLLS,SA,202111,D,17,12,D,11,0110,1,GS-12,I,0110,10,F,1,1,095920,05.5
DLLS,SA,202308,E,04,05,D,42,0119,3,GS-05,E,XXXX,15,P,2,1,053780,05.4
DLLS,SA,202109,D,13,12,D,11,0110,1,GS-12,I,0110,10,F,1,1,093013,05.3
DLLS,SC,202111,E,17,05,A,17,0119,3,GS-05,E,XXXX,15,P,2,1,050844,00.2
DLLS,SC,202109,D,13,13,D,11,0110,1,GS-13,J,0110,10,F,1,1,103690,05.3
DLLS,SA,202201,C,13,11,B,11,0110,1,GS-11,G,0110,15,F,1,1,074950,02.3
DLLS,SC,202001,J,04,07,C,55,0119,3,GS-07,D,XXXX,10,P,2,1,045119,03.7
DLLS,SC,202006,C,13,12,C,29,0110,1,GS-12,G,0110,10,F,1,1,077845,03.4
DLLS,SA,202103,C,13,12,C,11,0110,1,GS-12,I,0110,10,F,1,1,090106,04.8
DLLS,SC,201911,D,17,05,B,36,0119,3,GS-05,C,XXXX,15,P,2,1,039053,02.1
DLLS,SA,202109,C,13,12,D,11,0110,1,GS-12,I,0110,10,F,1,1,093013,05.2
DLLS,SA,202305,C,13,12,C,48,0110,1,GS-12,I,0110,10,F,1,1,092843,04.2
DLLS,SA,202006,C,17,12,C,11,0110,1,GS-12,H,0110,10,F,1,1,089213,03.8
DLLS,SC,202305,C,17,12,C,11,0110,1,GS-12,I,0110,10,F,1,1,094199,03.8
DLLS,SD,202209,K,04,06,D,34,0119,3,GS-06,E,XXXX,10,P,2,1,051477,05.8
DLLS,SC,202111,H,04,06,C,36,0119,3,GS-06,D,XXXX,10,P,2,1,049965,04.8
DLLS,SC,202209,D,04,05,A,39,0119,3,GS-05,D,XXXX,15,P,2,1,044733,00.6
DLLS,SA,202204,C,13,12,D,25,0110,1,GS-12,I,0110,10,F,1,1,094774,05.2
DLLS,SA,202004,C,04,12,C,11,0110,1,GS-12,H,0110,10,F,1,1,086335,03.3
DLLS,SA,201910,E,17,05,B,17,0119,3,GS-05,D,XXXX,15,P,2,1,046349,01.5
DLLS,SC,202110,C,04,12,C,17,0110,1,GS-12,H,0110,10,F,1,1,088800,04.7
DLLS,SA,202007,D,17,12,C,11,0110,1,GS-12,H,0110,10,F,1,1,089213,03.4
DLLS,SA,202308,H,04,07,D,36,0119,3,GS-07,E,XXXX,10,P,2,1,053503,06.6
DLLS,SC,202105,E,21,05,C,36,0119,3,GS-05,D,XXXX,15,P,2,1,043466,04.0
DLLS,SC,202205,C,13,12,D,11,0110,1,GS-12,I,0110,10,F,1,1,095824,05.3
DLLS,SA,202101,H,04,06,C,48,0119,3,GS-06,D,XXXX,10,P,2,1,045197,04.0
DLLS,SC,202301,F,04,07,D,22,0119,3,GS-07,D,XXXX,10,P,2,1,044740,05.9
DLLS,SC,202106,C,13,12,C,11,0110,1,GS-12,H,0110,15,F,1,1,087198,03.8
DLLS,SC,202208,E,04,07,D,42,0110,1,GS-07,D,0110,10,F,1,1,048880,05.6
DLLS,SC,201910,E,04,05,B,48,0119,3,GS-05,C,XXXX,15,P,2,1,038885,02.8
DLLS,SA,202209,D,17,12,D,11,0110,1,GS-12,I,0110,10,F,1,1,095824,05.4
DLLS,SC,202009,D,04,05,A,36,0119,3,GS-05,D,XXXX,15,P,2,1,040345,00.3
DLLS,SA,202210,B,13,07,B,17,0110,1,GS-07,F,0110,15,F,1,1,061340,02.0
DLLS,SA,202010,J,04,05,D,13,0119,3,GS-05,D,XXXX,15,P,2,1,046598,07.3
DLLS,SC,202012,G,13,06,B,04,0119,3,GS-06,D,XXXX,15,P,2,1,044353,02.7
DLLS,SC,202005,D,04,05,A,36,0119,3,GS-05,D,XXXX,15,P,2,1,040345,00.0
DLLS,SC,202001,D,04,06,B,05,0119,3,GS-06,C,XXXX,38,P,2,1,037843,01.6
DLLS,SC,201910,C,04,05,A,11,0119,3,GS-05,C,XXXX,15,P,2,1,037955,00.3
DLLS,SC,202103,D,04,05,D,37,0119,3,GS-05,C,XXXX,15,P,2,1,038792,07.8
DLLS,SC,202001,J,13,05,B,48,0119,3,GS-05,D,XXXX,15,P,2,1,041485,01.5
DLLS,SA,202208,C,17,12,C,11,0110,1,GS-12,H,0110,10,F,1,1,089834,03.1
DLLS,SJ,202110,I,17,07,C,16,0119,3,GS-07,D,XXXX,20,P,2,1,043683,03.3
DLLS,SC,202207,H,04,05,B,48,0119,3,GS-05,C,XXXX,15,P,2,1,038526,01.3
DLLS,SA,202109,E,13,06,C,36,0119,3,GS-06,D,XXXX,10,P,2,1,046937,03.2
DLLS,SC,202010,H,13,05,B,48,0119,3,GS-05,C,XXXX,15,P,2,1,037244,02.3
DLLS,SA,202209,G,04,06,C,48,0119,3,GS-06,E,XXXX,10,P,2,1,053708,03.1
DLLS,SA,202006,D,13,06,B,11,0119,3,GS-06,D,XXXX,15,P,2,1,043798,01.8
DLLS,SC,202105,J,04,06,B,42,0119,3,GS-06,D,XXXX,15,P,2,1,044156,02.8
DLLS,SD,202110,I,04,06,E,39,0119,3,GS-06,E,XXXX,10,P,2,1,052526,13.1
DLLS,SC,202001,F,10,05,B,28,0119,3,GS-05,C,XXXX,15,P,2,1,036080,01.4
DLLS,SC,202304,E,04,05,C,06,0119,3,GS-05,E,XXXX,15,P,2,1,055534,03.0
DLLS,SA,202309,F,13,12,E,41,0110,1,GS-12,I,0110,10,F,1,1,091822,14.8
DLLS,SC,202302,I,04,07,C,06,0119,3,GS-07,D,XXXX,10,P,2,1,046696,04.4
DLLS,SA,202008,C,17,11,B,11,0110,1,GS-11,G,0110,15,F,1,1,072030,01.9
DLLS,SC,202211,C,13,12,C,11,0110,1,GS-12,I,0110,10,F,1,1,092829,04.2
DLLS,SC,202204,C,13,12,C,11,0110,1,GS-12,H,0110,10,F,1,1,089834,03.6
DLLS,SA,202303,E,04,05,B,12,0119,3,GS-05,D,XXXX,15,P,2,1,047752,02.8
DLLS,SC,202303,D,17,13,C,11,0110,1,GS-13,K,0110,10,F,1,1,112015,04.4
DLLS,SC,202207,C,09,06,C,34,0119,3,GS-06,D,XXXX,10,P,2,1,049917,03.8
DLLS,SC,202110,K,09,05,C,34,0119,3,GS-05,D,XXXX,10,P,2,1,044824,03.0
DLLS,SC,202108,D,17,12,B,11,0110,1,GS-12,H,0110,15,F,1,1,087198,02.8
DLLS,SA,202202,I,04,06,C,47,0119,3,GS-06,D,XXXX,10,P,2,1,041604,03.3
DLLS,SA,202108,I,04,05,B,06,0119,3,GS-05,E,XXXX,15,P,2,1,052355,02.0
DLLS,SA,202006,B,13,11,B,11,0110,1,GS-11,G,0110,15,F,1,1,072030,01.7
DLLS,SC,201912,E,13,05,A,29,0119,3,GS-05,C,XXXX,15,P,2,1,034354,00.3
DLLS,SA,202106,C,17,12,B,11,0110,1,GS-12,H,0110,15,F,1,1,087198,02.7
DLLS,SC,202103,F,10,05,A,26,0119,3,GS-05,C,XXXX,15,P,2,1,038723,00.3
DLLS,SA,202112,H,04,07,C,46,0119,3,GS-07,D,XXXX,10,P,2,1,043683,03.1
DLLS,SA,202006,D,04,06,B,40,0119,3,GS-06,C,XXXX,15,P,2,1,038921,01.6
DLLS,SA,202307,D,04,12,C,24,0110,1,GS-12,J,0110,10,F,1,1,100479,04.7
DLLS,SA,202105,C,13,12,B,11,0110,1,GS-12,H,0110,15,F,1,1,087198,02.4
DLLS,SC,202003,H,13,05,D,06,0119,3,GS-05,E,XXXX,15,P,2,1,055372,07.1
DLLS,SC,202104,F,04,06,B,55,0119,3,GS-06,C,XXXX,15,P,2,1,039311,02.3
DLLS,SA,202307,C,13,12,C,24,0110,1,GS-12,I,0110,10,F,1,1,097339,04.6
DLLS,SC,201910,D,17,05,A,28,0119,3,GS-05,C,XXXX,15,P,2,1,033949,00.8
DLLS,SC,202110,J,04,05,B,12,0119,3,GS-05,C,XXXX,15,P,2,1,036441,01.2
DLLS,SC,202206,F,04,07,C,06,0119,3,GS-07,E,XXXX,10,P,2,1,050389,03.3
DLLS,SC,202212,D,17,12,C,48,0110,1,GS-12,H,0110,10,F,1,1,085838,03.8
DLLS,SC,202007,K,04,05,B,20,0119,3,GS-05,C,XXXX,15,P,2,1,036080,01.3
DLLS,SC,202101,J,04,05,B,06,0119,3,GS-05,C,XXXX,15,P,2,1,036441,01.8
DLLS,SC,202001,I,17,05,A,25,0119,3,GS-05,C,XXXX,15,P,2,1,038993,00.8
DLLS,SA,202112,F,17,06,B,49,0119,3,GS-06,D,XXXX,15,P,2,1,040621,02.7
DLLS,SC,201911,J,04,05,A,55,0119,3,GS-05,C,XXXX,15,P,2,1,035390,00.6
DLLS,SC,202108,F,04,06,B,18,0119,3,GS-06,D,XXXX,15,P,2,1,040621,02.3
DLLS,SC,202001,E,04,05,A,53,0119,3,GS-05,C,XXXX,15,P,2,1,038250,00.7
DLLS,SC,202105,C,17,11,B,06,0110,1,GS-11,H,0110,15,F,1,1,081491,02.0
DLLS,SA,202208,C,13,07,C,26,0119,3,GS-07,D,XXXX,10,P,2,1,049230,03.3
DLLS,SK,202004,K,04,05,A,27,0119,3,GS-05,C,XXXX,15,P,2,1,037539,00.9
DLLS,SC,202303,E,10,06,C,48,0119,3,GS-06,D,XXXX,10,P,2,1,044822,03.8
DLLS,SC,202207,C,17,09,A,24,0110,1,GS-09,F,0110,15,F,1,1,061947,00.8
DLLS,SC,202006,G,17,05,B,11,0119,3,GS-05,D,XXXX,15,P,2,1,040601,01.0
DLLS,SA,202107,D,17,12,B,11,0110,1,GS-12,I,0110,15,F,1,1,093013,02.2
DLLS,SC,202107,C,13,12,B,11,0110,1,GS-12,I,0110,15,F,1,1,090106,02.1
DLLS,SA,202302,C,04,11,B,12,0110,1,GS-11,G,0110,15,F,1,1,073639,01.8
DLLS,SC,202003,H,04,05,A,11,0119,3,GS-05,C,XXXX,15,P,2,1,039291,00.8
DLLS,SA,202301,J,04,05,B,42,0119,3,GS-05,E,XXXX,15,P,2,1,053780,02.9
DLLS,SC,202005,D,13,05,A,41,0119,3,GS-05,C,XXXX,15,P,2,1,037262,00.8
DLLS,SC,202301,C,13,12,C,11,0110,1,GS-12,I,0110,10,F,1,1,094199,03.4
DLLS,SC,202107,H,04,06,B,24,0119,3,GS-06,D,XXXX,15,P,2,1,044237,01.9
DLLS,SC,202102,D,13,07,B,06,0110,1,GS-07,E,0110,15,F,1,1,051547,01.4
DLLS,SC,202001,J,17,05,A,49,0119,3,GS-05,C,XXXX,15,P,2,1,034916,00.4
DLLS,SA,202207,F,10,06,B,48,0119,3,GS-06,D,XXXX,15,P,2,1,041604,02.9
DLLS,SC,202110,E,04,12,B,11,0110,1,GS-12,I,0110,15,F,1,1,095920,02.1
DLLS,SC,202302,C,13,12,C,11,0110,1,GS-12,I,0110,10,F,1,1,094199,03.5
DLLS,SC,202309,C,13,12,C,42,0110,1,GS-12,I,0110,10,F,1,1,093923,04.0
DLLS,SA,202303,F,04,12,C,11,0110,1,GS-12,J,0110,10,F,1,1,109899,03.5
DLLS,SC,201911,B,13,07,A,36,0110,1,GS-07,D,0110,15,F,1,1,048375,00.2
DLLS,SA,202207,C,13,09,B,06,0110,1,GS-09,G,0110,15,F,1,1,071317,02.8
DLLS,SC,202007,B,13,07,A,25,0110,1,GS-07,D,0110,15,F,1,1,048159,00.8
DLLS,SC,201911,K,04,05,A,39,0119,3,GS-05,C,XXXX,15,P,2,1,035064,00.1
DLLS,SA,202107,J,04,05,B,40,0119,3,GS-05,D,XXXX,10,P,2,1,044671,01.7
DLLS,SC,202111,D,10,06,B,04,0119,3,GS-06,D,XXXX,15,P,2,1,040724,01.9
DLLS,SC,202107,B,04,09,B,06,0110,1,GS-09,F,0110,15,F,1,1,061019,01.7
DLLS,SC,202207,D,13,06,B,32,0119,3,GS-06,D,XXXX,15,P,2,1,042338,02.6
DLLS,SC,202107,J,04,05,B,40,0119,3,GS-05,C,XXXX,15,P,2,1,036441,01.6
DLLS,SC,202204,C,13,11,B,36,0110,1,GS-11,G,0110,15,F,1,1,076961,02.3
DLLS,SC,202003,I,04,05,A,45,0119,3,GS-05,C,XXXX,15,P,2,1,034916,00.2
DLLS,SC,202302,I,04,05,C,37,0119,3,GS-05,D,XXXX,10,P,2,1,040210,03.1
DLLS,SC,202309,K,04,05,E,13,0119,3,GS-05,E,XXXX,15,P,2,1,051752,11.8
DLLS,SC,202205,C,13,11,B,06,0110,1,GS-11,H,0110,15,F,1,1,081338,02.3
DLLS,SC,202205,F,04,06,B,37,0119,3,GS-06,D,XXXX,15,P,2,1,040262,02.2
DLLS,SC,202104,F,04,05,A,42,0119,3,GS-05,C,XXXX,15,P,2,1,038334,00.3
DLLS,SC,202207,D,13,06,B,42,0119,3,GS-06,D,XXXX,15,P,2,1,043987,02.3
DLLS,SC,202207,C,04,12,B,37,0110,1,GS-12,H,0110,15,F,1,1,082601,02.3
DLLS,SC,202008,F,04,05,A,39,0119,3,GS-05,C,XXXX,15,P,2,1,036142,00.3
DLLS,SC,202103,C,13,07,B,06,0110,1,GS-07,E,0110,15,F,1,1,055063,01.0
DLLS,SC,202307,C,04,12,C,34,0110,1,GS-12,I,0110,10,F,1,1,096808,03.3
DLLS,SC,202307,B,13,09,B,22,0110,1,GS-09,E,0110,15,F,1,1,057118,01.0
DLLS,SC,202108,H,04,05,B,05,0119,3,GS-05,C,XXXX,15,P,2,1,036441,01.3
DLLS,SA,202110,C,04,11,B,11,0110,1,GS-11,G,0110,15,F,1,1,072750,01.5
DLLS,SC,202111,C,13,09,B,11,0110,1,GS-09,F,0110,15,F,1,1,060129,01.6
DLLS,SC,202102,C,04,05,A,42,0119,3,GS-05,C,XXXX,15,P,2,1,038334,00.3
DLLS,SC,202004,K,04,05,A,01,0119,3,GS-05,C,XXXX,15,P,2,1,034916,00.0
DLLS,SC,202209,B,12,09,B,11,0110,1,GS-09,F,0110,15,F,1,1,061947,01.6
DLLS,SC,202203,H,04,06,B,31,0119,3,GS-06,D,XXXX,15,P,2,1,040262,01.8
DLLS,SA,202306,D,13,11,B,24,0110,1,GS-11,G,0110,15,F,1,1,078592,02.9
DLLS,SC,202006,K,04,05,A,53,0119,3,GS-05,C,XXXX,15,P,2,1,034916,00.0
DLLS,SC,202207,B,17,11,B,55,0110,1,GS-11,G,0110,15,F,1,1,076043,01.8
DLLS,SA,202306,E,13,09,B,26,0110,1,GS-09,F,0110,15,F,1,1,065035,02.8
DLLS,SC,202207,C,17,12,B,24,0110,1,GS-12,H,0110,15,F,1,1,089834,02.0
DLLS,SC,202103,J,04,05,A,31,0119,3,GS-05,C,XXXX,15,P,2,1,035381,00.8
DLLS,SC,202203,B,13,09,B,11,0110,1,GS-09,F,0110,15,F,1,1,061947,01.7
DLLS,SA,202106,C,04,09,A,11,0110,1,GS-09,F,0110,15,F,1,1,060129,00.9
DLLS,SC,202307,C,13,12,C,11,0110,1,GS-12,I,0110,10,F,1,1,094199,03.0
DLLS,SC,202202,B,13,09,B,11,0110,1,GS-09,F,0110,15,F,1,1,061947,01.7
DLLS,SC,202107,B,13,09,B,11,0110,1,GS-09,F,0110,15,F,1,1,060129,01.0
DLLS,SC,202107,B,13,07,A,11,0110,1,GS-07,D,0110,15,F,1,1,049157,00.9
DLLS,SC,202307,C,13,12,C,11,0110,1,GS-12,I,0110,10,F,1,1,094199,03.0
DLLS,SC,202102,J,04,05,A,41,0119,3,GS-05,C,XXXX,15,P,2,1,037634,00.5
DLLS,SC,202107,B,13,09,B,11,0110,1,GS-09,F,0110,15,F,1,1,060129,01.0
DLLS,SC,202306,G,04,07,B,41,0119,3,GS-07,E,XXXX,15,P,2,1,050094,02.8
DLLS,SC,202110,G,04,05,B,12,0119,3,GS-05,C,XXXX,15,P,2,1,036441,01.2
DLLS,SA,202207,D,17,11,B,11,0110,1,GS-11,G,0110,15,F,1,1,074950,01.9
DLLS,SC,202106,I,04,05,A,06,0119,3,GS-05,D,XXXX,15,P,2,1,043018,00.8
DLLS,SA,202301,D,17,12,B,13,0110,1,GS-12,H,0110,15,F,1,1,087466,02.1
DLLS,SC,202207,G,13,06,B,45,0119,3,GS-06,D,XXXX,15,P,2,1,040262,01.8
DLLS,SC,202202,C,13,05,B,47,0119,3,GS-05,C,XXXX,15,P,2,1,037322,01.3
DLLS,SC,202201,I,13,05,B,13,0119,3,GS-05,C,XXXX,15,P,2,1,039388,01.5
DLLS,SC,202303,I,04,06,B,11,0119,3,GS-06,D,XXXX,15,P,2,1,047789,02.4
DLLS,SC,202010,H,04,05,A,48,0119,3,GS-05,C,XXXX,15,P,2,1,035163,00.1
DLLS,SC,202108,J,04,05,A,34,0119,3,GS-05,D,XXXX,15,P,2,1,040749,00.8
DLLS,SC,202107,K,04,05,A,21,0119,3,GS-05,C,XXXX,15,P,2,1,036664,00.8
DLLS,SC,202303,K,04,05,B,34,0119,3,GS-05,D,XXXX,15,P,2,1,046996,02.4
DLLS,SC,202106,C,13,07,A,11,0110,1,GS-07,D,0110,15,F,1,1,049157,00.7
DLLS,SC,202209,E,04,05,B,06,0119,3,GS-05,E,XXXX,15,P,2,1,057677,01.8
DLLS,SC,202106,D,13,07,A,41,0110,1,GS-07,D,0110,15,F,1,1,046618,00.7
DLLS,SC,202011,B,13,07,A,11,0110,1,GS-07,D,0110,15,F,1,1,048670,00.1
DLLS,SC,202010,H,04,05,A,49,0119,3,GS-05,C,XXXX,15,P,2,1,034916,00.0
DLLS,SC,202201,C,13,09,B,11,0110,1,GS-09,F,0110,15,F,1,1,061947,01.2
DLLS,SA,202309,D,17,11,B,51,0110,1,GS-11,G,0110,15,F,1,1,078592,01.4
DLLS,SC,202105,B,13,07,A,29,0110,1,GS-07,D,0110,15,F,1,1,044323,00.4
DLLS,SC,202209,G,04,06,B,20,0119,3,GS-06,D,XXXX,15,P,2,1,040262,01.8
DLLS,SC,202012,I,13,05,A,42,0119,3,GS-05,C,XXXX,15,P,2,1,037954,00.0
DLLS,SC,202109,G,04,05,A,13,0119,3,GS-05,C,XXXX,15,P,2,1,037154,00.8
DLLS,SC,202305,C,04,06,B,06,0119,3,GS-06,E,XXXX,15,P,2,1,050276,02.4
DLLS,SC,202209,I,04,05,B,06,0119,3,GS-05,D,XXXX,15,P,2,1,042914,01.8
DLLS,SC,202212,B,13,09,B,18,0110,1,GS-09,E,0110,15,F,1,1,055226,01.3
DLLS,SC,202204,D,04,05,B,13,0119,3,GS-05,C,XXXX,15,P,2,1,039388,01.3
DLLS,SC,202106,C,13,05,A,39,0119,3,GS-05,C,XXXX,15,P,2,1,036746,00.4
DLLS,SC,202207,C,13,09,B,06,0110,1,GS-09,F,0110,15,F,1,1,062926,01.4
DLLS,SC,202112,B,17,09,A,11,0110,1,GS-09,F,0110,15,F,1,1,060129,00.9
DLLS,SC,202105,F,17,05,A,37,0119,3,GS-05,C,XXXX,15,P,2,1,035718,00.3
DLLS,SC,202304,C,17,12,B,11,0110,1,GS-12,I,0110,15,F,1,1,094199,02.2
DLLS,SC,202103,K,04,05,A,06,0119,3,GS-05,D,XXXX,15,P,2,1,040271,00.0
DLLS,SC,202112,C,17,09,A,11,0110,1,GS-09,F,0110,15,F,1,1,060129,00.8
DLLS,SC,202303,F,10,05,B,12,0119,3,GS-05,D,XXXX,15,P,2,1,042847,02.0
DLLS,SC,202103,D,04,05,A,41,0119,3,GS-05,D,XXXX,15,P,2,1,042653,00.0
DLLS,SA,202208,B,17,11,B,11,0110,1,GS-11,G,0110,15,F,1,1,074950,01.4
DLLS,SA,202201,E,04,05,A,48,0119,3,GS-05,C,XXXX,15,P,2,1,035514,00.7
DLLS,SC,202205,C,13,09,B,48,0110,1,GS-09,F,0110,15,F,1,1,063091,01.1
DLLS,SC,202107,G,13,05,A,55,0119,3,GS-05,C,XXXX,15,P,2,1,036789,00.1
DLLS,SC,202205,K,04,05,A,41,0119,3,GS-05,C,XXXX,15,P,2,1,038649,00.9
DLLS,SC,202111,B,13,07,A,41,0110,1,GS-07,D,0110,15,F,1,1,046618,00.4
DLLS,SC,202106,H,04,05,A,53,0119,3,GS-05,C,XXXX,15,P,2,1,038632,00.0
DLLS,SC,202209,C,17,09,B,42,0110,1,GS-09,E,0110,15,F,1,1,059790,01.2
DLLS,SC,202202,B,13,07,A,42,0110,1,GS-07,D,0110,15,F,1,1,048880,00.7
DLLS,SC,202112,D,17,05,A,36,0119,3,GS-05,D,XXXX,15,P,2,1,040749,00.3
DLLS,SC,202308,E,17,09,B,41,0110,1,GS-09,F,0110,15,F,1,1,065360,02.0
DLLS,SC,202109,D,13,07,A,29,0110,1,GS-07,D,0110,15,F,1,1,044323,00.1
DLLS,SA,202304,C,17,11,B,17,0110,1,GS-11,G,0110,15,F,1,1,076990,01.6
DLLS,SC,202305,H,04,06,B,06,0119,3,GS-06,E,XXXX,15,P,2,1,051995,01.7
DLLS,SC,202211,C,17,11,B,13,0110,1,GS-11,F,0110,15,F,1,1,069878,01.2
DLLS,SC,202109,J,04,05,A,36,0119,3,GS-05,D,XXXX,15,P,2,1,040749,00.0
DLLS,SC,202203,F,13,07,A,06,0110,1,GS-07,E,0110,15,F,1,1,051444,00.5
DLLS,SC,202208,H,04,05,A,17,0119,3,GS-05,D,XXXX,15,P,2,1,040153,00.8
DLLS,SC,202202,F,04,05,A,17,0119,3,GS-05,D,XXXX,15,P,2,1,040153,00.4
DLLS,SC,202307,E,04,06,B,21,0119,3,GS-06,D,XXXX,15,P,2,1,042022,01.8
DLLS,SC,202303,J,13,05,B,42,0119,3,GS-05,D,XXXX,15,P,2,1,042745,01.4
DLLS,SA,202205,D,17,09,A,06,0110,1,GS-09,F,0110,35,F,1,1,067226,00.6
DLLS,SA,202304,C,04,05,B,31,0119,3,GS-05,D,XXXX,15,P,2,1,043098,01.5
DLLS,SC,202209,C,13,09,A,13,0110,1,GS-09,E,0110,35,F,1,1,057755,00.8
DLLS,SC,202111,G,04,05,A,48,0119,3,GS-05,D,XXXX,15,P,2,1,040548,00.1
DLLS,SC,202201,I,04,05,A,24,0119,3,GS-05,D,XXXX,15,P,2,1,040883,00.1
DLLS,SC,202303,H,04,05,B,24,0119,3,GS-05,D,XXXX,15,P,2,1,044299,01.3
DLLS,SA,202301,F,17,07,A,42,0110,1,GS-07,F,0110,35,F,1,1,063196,00.4
DLLS,SC,202112,I,04,05,A,37,0119,3,GS-05,C,XXXX,15,P,2,1,035718,00.0
DLLS,SC,202208,K,04,05,A,06,0119,3,GS-05,D,XXXX,15,P,2,1,041530,00.2
DLLS,SC,202201,K,04,05,A,42,0119,3,GS-05,C,XXXX,15,P,2,1,039460,00.1
DLLS,SC,202306,E,17,05,B,42,0119,3,GS-05,D,XXXX,15,P,2,1,042745,01.5
DLLS,SC,202201,H,04,05,A,37,0119,3,GS-05,C,XXXX,15,P,2,1,036118,00.0
DLLS,SC,202209,I,04,05,A,04,0119,3,GS-05,C,XXXX,15,P,2,1,037561,00.6
DLLS,SC,202204,K,17,05,A,37,0119,3,GS-05,C,XXXX,15,P,2,1,036118,00.1
DLLS,SC,202203,K,04,05,A,12,0119,3,GS-05,C,XXXX,15,P,2,1,036118,00.0
DLLS,SC,202204,C,04,05,A,36,0119,3,GS-05,D,XXXX,15,P,2,1,041981,00.1
DLLS,SC,202206,E,13,07,D,48,0110,1,GS-07,D,0110,15,F,1,1,045199,08.2
DLLS,SC,202208,C,17,09,A,06,0110,1,GS-09,F,0110,15,F,1,1,062926,00.3
DLLS,SC,202306,D,13,12,B,51,0110,1,GS-12,I,0110,15,F,1,1,094199,01.1
DLLS,SC,202305,K,04,05,A,37,0119,3,GS-05,C,XXXX,15,P,2,1,037696,00.9
DLLS,SC,202308,B,13,09,B,42,0110,1,GS-09,E,0110,15,F,1,1,059015,01.1
DLLS,SC,202207,H,04,05,A,53,0119,3,GS-05,C,XXXX,15,P,2,1,039873,00.0
DLLS,SK,202304,I,13,07,A,36,0110,1,GS-07,D,0110,35,F,1,1,048640,00.7
DLLS,SC,202211,B,13,07,A,11,0110,1,GS-07,E,0110,35,F,1,1,050643,00.3
DLLS,SC,202302,E,04,05,A,06,0119,3,GS-05,D,XXXX,15,P,2,1,041514,00.8
DLLS,SC,202208,H,04,05,A,05,0119,3,GS-05,C,XXXX,15,P,2,1,036118,00.0
DLLS,SC,202306,F,04,05,A,04,0119,3,GS-05,C,XXXX,15,P,2,1,037696,00.8
DLLS,SC,202209,C,13,07,A,06,0110,1,GS-07,E,0110,15,F,1,1,054959,00.1
DLLS,SC,202212,D,17,09,A,06,0110,1,GS-09,F,0110,15,F,1,1,062926,00.3
DLLS,SC,202304,F,04,05,A,42,0119,3,GS-05,C,XXXX,15,P,2,1,038948,00.6
DLLS,SC,202307,B,04,05,A,34,0119,3,GS-05,D,XXXX,15,P,2,1,044057,00.9
DLLS,SC,202306,B,13,07,A,06,0110,1,GS-07,E,0110,35,F,1,1,057778,00.8
DLLS,SC,202210,F,04,05,A,34,0119,3,GS-05,D,XXXX,15,P,2,1,041981,00.1
DLLS,SC,202304,B,13,07,A,48,0110,1,GS-07,E,0110,35,F,1,1,050652,00.6
DLLS,SJ,202309,B,13,07,A,36,0110,1,GS-07,E,0110,35,F,1,1,054576,00.9
DLLS,SC,202309,B,13,07,A,13,0110,1,GS-07,D,0110,35,F,1,1,049309,00.9
DLLS,SC,202211,B,17,09,A,06,0110,1,GS-09,F,0110,35,F,1,1,067226,00.0
DLLS,SC,202304,C,13,05,A,06,0119,3,GS-05,D,XXXX,15,P,2,1,046643,00.2
DLLS,SA,202302,H,04,05,B,47,0119,3,GS-05,D,XXXX,15,P,2,1,047752,02.0
DLLS,SC,202307,H,04,05,A,34,0119,3,GS-05,D,XXXX,15,P,2,1,044057,00.4
DLLS,SC,202306,C,13,07,A,29,0110,1,GS-07,D,0110,15,F,1,1,047369,00.3
DLLS,SC,202309,I,17,05,A,06,0119,3,GS-05,D,XXXX,15,P,2,1,043646,00.0
DLLS,SD,202208,K,04,12,J,11,0110,1,GS-12,K,0110,10,F,1,1,116788,48.0
DLLS,SC,202210,J,13,06,C,34,0119,3,GS-06,D,XXXX,10,P,2,1,049917,03.7
DLLS,SD,202102,J,17,05,E,02,0119,3,GS-05,E,XXXX,15,P,2,1,051272,10.1
DLLS,SA,202210,J,21,07,F,48,0119,3,GS-07,F,XXXX,10,P,2,1,067047,19.6
DLMS,SD,202105,K,14,15,I,51,0110,1,GS-15,Q,0110,10,F,1,1,172500,32.7
DLMS,SA,202111,H,21,14,E,51,0110,1,GS-14,M,0110,10,F,1,1,134782,10.0
DLMS,SC,202207,K,04,12,B,51,0110,1,GS-12,I,0110,15,F,1,1,092829,01.8
DLMS,SA,202304,C,04,11,A,51,0110,1,GS-11,G,0110,15,F,1,1,078592,00.3
DLMS,SC,202208,F,17,14,D,51,0110,1,GS-14,L,0110,10,F,1,1,126233,08.0
DLOF,SC,202105,G,21,14,E,17,0110,1,GS-14,N,0110,10,F,1,1,140879,11.4
DLOF,SC,202208,F,17,14,D,36,0110,1,GS-14,O,0110,10,F,1,1,155545,06.3
DLPE,SD,202212,K,17,15,J,11,0110,1,GS-15,Q,0110,10,F,1,1,176300,47.2
DLPE,SD,202101,J,17,,H,11,0110,1,SL-00,Q,0110,44,F,2,1,170800,26.5
DLPW,SC,202201,F,13,13,E,11,0110,1,GS-13,L,0110,10,F,1,1,124626,14.8
DLPW,SA,202106,G,21,13,D,11,0110,1,GS-13,L,0110,10,F,1,1,127885,07.1
DLPW,SA,202012,F,17,13,D,11,0110,1,GS-13,K,0110,10,F,1,1,116353,07.5
DLPW,SA,202206,H,21,14,D,11,0110,1,GS-14,N,0110,10,F,1,1,143064,07.9
DLPW,SA,202005,F,17,12,C,11,0110,1,GS-12,H,0110,10,F,1,1,089213,03.6
DLPW,SA,202212,F,17,13,C,11,0110,1,GS-13,L,0110,10,F,1,1,128187,03.3
DLSH,SD,202212,K,17,15,G,11,0110,1,GS-15,Q,0110,10,F,1,1,176300,24.5
DLSH,SD,202102,K,19,15,H,11,0110,1,GS-15,Q,0110,10,F,1,1,172500,29.8
DLSH,SA,202208,F,17,14,E,48,0110,1,GS-14,L,0110,10,F,1,1,124639,10.4
DLSH,SA,202001,C,13,13,C,11,0110,1,GS-13,J,0110,10,F,1,1,102663,04.3
DN00,SD,202104,K,17,14,J,11,0110,1,GS-14,O,0110,10,F,1,1,159286,42.1
DN00,SC,202109,I,17,15,D,11,0110,1,GS-15,Q,0110,10,F,1,1,172500,05.2
DN00,SD,202007,I,17,13,I,11,0110,1,GS-13,M,0110,10,F,1,1,133465,32.4
DN00,SC,202101,F,17,15,E,11,0110,1,GS-15,N,0110,10,F,1,1,147458,11.8
DN00,SK,202202,K,13,14,H,11,0110,1,GS-14,P,0110,10,F,1,1,164102,29.2
DN00,SC,202103,G,17,14,G,11,0110,1,GS-14,O,0110,10,F,1,1,155202,20.3
DN00,SD,202203,K,17,14,G,11,0110,1,GS-14,Z,0110,10,F,1,1,,20.1
DN00,SD,202208,J,17,13,J,11,0110,1,GS-13,M,0110,10,F,1,1,138868,36.6
DN00,SD,202112,K,17,14,I,11,0110,1,GS-14,O,0110,10,F,1,1,159286,34.1
DN00,SC,202101,H,21,15,G,42,0110,1,GS-15,Q,0110,10,F,1,1,171456,22.0
DN00,SD,202003,J,17,13,J,53,0110,1,GS-13,K,0110,10,F,1,1,118603,39.5
DN00,SC,202108,G,17,14,E,11,0110,1,GS-14,N,0110,10,F,1,1,147034,12.6
DN00,SC,202205,E,21,13,B,11,0110,1,GS-13,K,0110,15,F,1,1,113944,02.8
DN00,SK,202012,J,17,14,E,42,0110,1,GS-14,M,0110,10,F,1,1,133216,11.1
DN00,SD,202212,K,13,15,E,11,0110,1,GS-15,Q,0110,10,F,1,1,176300,12.6
DN00,SC,202309,F,17,14,E,11,0110,1,GS-14,N,0110,10,F,1,1,145604,12.6
DN00,SC,202101,E,17,14,E,11,0110,1,GS-14,M,0110,10,F,1,1,138866,10.4
DN00,SC,202309,F,17,13,D,41,0110,1,GS-13,K,0110,15,F,1,1,116231,05.8
DN00,SC,202208,F,13,13,D,51,0110,1,GS-13,L,0110,10,F,1,1,124626,06.8
DN00,SC,202005,E,21,15,D,11,0110,1,GS-15,O,0110,10,F,1,1,156973,05.9
DN00,SC,202207,D,17,13,D,47,0110,1,GS-13,J,0110,10,F,1,1,103810,08.0
DN00,SA,202209,G,17,14,D,11,0110,1,GS-14,M,0110,10,F,1,1,130441,07.3
DN00,SD,202206,K,21,13,D,41,0110,1,GS-13,L,0110,10,F,1,1,127911,06.3
DN00,SA,202212,D,04,13,C,51,0110,1,GS-13,K,0110,15,F,1,1,110384,03.5
DN00,SC,202007,C,12,12,C,41,0110,1,GS-12,H,0110,10,F,1,1,081875,04.1
DN00,SC,202009,C,17,12,C,53,0110,1,GS-12,H,0110,10,F,1,1,089649,04.1
DN00,SC,202102,D,17,13,C,11,0110,1,GS-13,J,0110,10,F,1,1,107146,04.3
DN00,SA,202002,C,13,12,C,11,0110,1,GS-12,H,0110,10,F,1,1,089213,03.1
DN00,SC,202305,D,17,12,C,41,0110,1,GS-12,I,0110,10,F,1,1,097746,04.1
DN00,SC,202201,E,13,13,B,41,0110,1,GS-13,J,0110,15,F,1,1,108167,02.4
DN00,SC,202101,C,04,13,B,11,0110,1,GS-13,J,0110,15,F,1,1,103690,01.4
DN00,SA,202107,F,21,13,B,11,0110,1,GS-13,J,0110,15,F,1,1,107146,01.9
DN00,SC,202205,J,21,,B,11,0110,1,EJ-05,Q,0110,48,F,2,1,177713,01.0
DN00,SC,202110,C,17,11,A,11,0110,1,GS-11,G,0110,15,F,1,1,072750,00.2
DN00,SC,202111,E,04,13,A,35,0110,1,GS-13,I,0110,15,F,1,1,092723,00.2
DN00,SA,202302,D,21,12,B,11,0110,1,GS-12,I,0110,15,F,1,1,094199,01.3
DN00,SC,202205,C,17,11,A,06,0110,1,GS-11,H,0110,15,F,1,1,084515,00.3
DN00,SC,202308,E,17,13,B,41,0110,1,GS-13,K,0110,15,F,1,1,116231,01.5
DNFE,SA,202104,F,17,11,A,11,0110,1,GS-11,I,0110,15,F,1,1,094581,00.1
DNFE,SA,202201,H,21,15,F,11,0110,1,GS-15,Q,0110,10,F,1,1,176300,18.3
DNFE,SD,202212,K,21,15,G,11,0110,1,GS-15,Q,0110,10,F,1,1,176300,20.8
DNFE,SD,202007,K,18,15,J,11,0110,1,GS-15,Q,0110,10,F,1,1,170800,42.8
DNFE,SD,202203,K,13,14,J,11,0110,1,GS-14,P,0110,10,F,1,1,164102,41.5
DNFE,SD,201912,K,17,14,H,11,0110,1,GS-14,O,0110,10,F,1,1,152352,25.7
DNFE,SA,202212,I,21,15,E,11,0110,1,GS-15,Q,0110,10,F,1,1,176300,12.3
DNFE,SA,202307,E,17,13,E,11,0110,1,GS-13,L,0110,10,F,1,1,126949,12.8
DNFE,SC,202205,D,17,13,D,11,0110,1,GS-13,K,0110,10,F,1,1,117505,07.2
DNFE,SC,202106,C,17,14,D,11,0110,1,GS-14,L,0110,15,F,1,1,122530,05.7
DNFE,SC,202202,D,17,14,D,11,0110,1,GS-14,M,0110,10,F,1,1,130441,06.0
DNFE,SC,202204,C,14,13,D,11,0110,1,GS-13,K,0110,10,F,1,1,110384,05.9
DNFE,SC,202001,D,14,13,C,11,0110,1,GS-13,J,0110,15,F,1,1,106085,03.0
DNFE,SA,202002,F,21,12,C,11,0110,1,GS-12,I,0110,10,F,1,1,094970,03.3
DNFE,SA,202305,G,17,13,C,11,0110,1,GS-13,L,0110,10,F,1,1,123216,04.0
DNFE,SC,202202,C,17,13,C,11,0110,1,GS-13,K,0110,10,F,1,1,110384,04.3
DNFE,SC,202306,C,17,13,C,11,0110,1,GS-13,K,0110,15,F,1,1,112015,03.0
DNFE,SA,202107,E,17,13,C,11,0110,1,GS-13,J,0110,10,F,1,1,103690,03.7
DNFE,SC,202208,D,17,13,C,11,0110,1,GS-13,K,0110,10,F,1,1,117505,04.6
DNFE,SC,202210,C,13,13,C,11,0110,1,GS-13,K,0110,10,F,1,1,113944,04.1
DNFE,SC,202204,B,13,09,B,11,0110,1,GS-09,F,0110,15,F,1,1,061947,01.6
DNFE,SC,202102,D,21,13,B,11,0110,1,GS-13,K,0110,15,F,1,1,114059,01.5
DNFE,SC,202209,J,21,13,B,11,0110,1,GS-13,K,0110,15,F,1,1,113944,02.2
DNFE,SC,202207,C,13,11,A,11,0110,1,GS-11,H,0110,15,F,1,1,084941,00.6
DNFE,SC,202209,D,17,11,A,11,0110,1,GS-11,G,0110,15,F,1,1,074950,00.8
EB00,SD,202001,J,17,15,J,11,0110,1,GS-15,P,0110,10,F,1,1,166500,35.0
EB00,SC,202002,C,13,12,B,11,0110,1,GS-12,H,0110,15,F,1,1,089213,02.3
EB00,SC,202105,G,17,13,C,11,0110,1,GS-13,K,0110,10,F,1,1,110603,03.4
EB00,SA,202201,C,17,13,C,11,0110,1,GS-13,K,0110,10,F,1,1,110603,03.2
EB00,SC,202105,K,17,12,A,11,0110,1,GS-12,H,0110,15,F,1,1,087198,00.8
EDER,SD,202011,J,21,13,I,11,0110,1,GS-13,M,0110,10,F,1,1,133465,33.6
EE00,SD,202203,J,21,14,E,06,0110,1,GS-14,P,0110,10,F,1,1,164389,11.6
EE00,SC,202110,D,21,14,C,11,0110,1,GS-14,L,0110,15,F,1,1,122530,03.3
EE00,SA,202209,D,21,14,C,11,0110,1,GS-14,L,0110,10,F,1,1,126233,03.3
EE00,SA,202305,D,21,13,A,11,0110,1,GS-13,K,0110,15,F,1,1,112015,00.8
EP00,SD,202302,K,13,14,J,11,0110,1,GS-14,Q,0110,10,P,2,1,172075,44.3
EP00,SJ,202011,K,21,,D,51,0110,1,EF-00,K,0110,48,I,2,1,110256,08.9
EP00,SC,202001,C,17,13,C,51,0110,1,GS-13,J,0110,10,F,1,1,106085,04.4
EP00,SJ,202106,I,21,,D,42,0110,1,EF-00,K,0110,48,I,2,1,110256,05.9
EP00,SD,202207,K,21,14,I,11,0110,1,GS-14,P,0110,10,F,1,1,164102,30.1
EP00,SJ,202010,J,21,,B,19,0110,1,ED-00,K,0110,48,I,2,1,110256,02.9
EP00,SJ,202104,H,21,,D,25,0110,1,EF-00,K,0110,48,I,2,1,110256,05.9
EP00,SJ,202102,J,21,,E,36,0110,1,ED-00,Z,0110,48,I,2,1,,11.9
EP00,SJ,202302,I,21,,B,11,0110,1,EF-00,K,0110,48,I,2,1,110256,02.9
EP00,SJ,202011,H,21,,D,24,0110,1,EF-00,K,0110,48,I,2,1,110256,08.9
EP00,SJ,202302,K,,,B,24,0110,1,EF-00,K,0110,48,I,2,1,110256,02.9
EP00,SF,202004,J,21,13,F,11,0110,1,GS-13,M,0110,10,F,1,1,130043,17.6
EP00,SJ,202002,I,21,,E,17,0110,1,EF-00,K,0110,48,I,2,1,110256,11.9
EP00,SJ,202112,K,21,,E,18,0110,1,EF-00,K,0110,48,I,2,1,110256,14.9
EP00,SD,202112,K,21,15,J,11,0110,1,GS-15,Q,0110,10,F,1,1,172500,36.7
EP00,SJ,202107,I,21,,D,11,0110,1,EF-00,K,0110,48,I,2,1,110256,05.9
EP00,SJ,202006,H,21,,F,42,0110,1,EF-00,K,0110,48,I,2,1,110256,15.9
EP00,SJ,202107,K,18,,D,08,0110,1,EF-00,K,0110,48,I,2,1,110256,05.9
EP00,SD,202212,K,22,14,E,44,0110,1,GS-14,N,0110,10,P,2,1,141498,10.9
EP00,SJ,202305,K,21,,D,18,0110,1,ED-00,K,0110,48,I,2,1,110256,05.1
EP00,SC,202207,G,21,14,E,11,0110,1,GS-14,N,0110,10,P,2,1,143064,12.8
EP00,SJ,202003,J,21,,D,51,0110,1,ED-00,K,0110,48,I,2,1,110256,08.9
EP00,SC,202001,C,13,12,C,11,0110,1,GS-12,H,0110,10,F,1,1,086335,03.0
EP00,SC,202103,G,21,13,D,11,0110,1,GS-13,L,0110,10,F,1,1,124428,09.5
EP00,SJ,202011,K,21,,D,37,0110,1,EF-00,K,0110,48,I,2,1,110256,08.9
EP00,SD,202001,K,21,13,E,11,0110,1,GS-13,K,0110,10,F,1,1,119775,12.1
EP00,SA,202206,E,13,13,D,11,0110,1,GS-13,L,0110,10,F,1,1,121065,09.3
EP00,SJ,202003,J,21,,D,42,0110,1,EH-00,K,0110,48,I,2,1,110256,05.9
EP00,SJ,202004,I,21,,D,44,0110,1,EH-00,K,0110,48,I,2,1,110256,05.9
EP00,SJ,202007,H,21,,D,26,0110,1,EH-00,L,0110,48,I,2,1,123759,05.9
EP00,SA,202302,E,17,13,D,11,0110,1,GS-13,L,0110,10,F,1,1,126949,08.4
EP00,SA,202104,D,17,12,D,37,0110,1,GS-12,I,0110,10,F,1,1,091260,06.2
EP00,SJ,202107,H,21,,D,23,0110,1,EF-00,K,0110,48,I,2,1,110256,05.9
EP00,SJ,202106,K,21,,D,24,0110,1,EF-00,K,0110,48,I,2,1,110256,05.9
EP00,SA,202209,I,21,13,D,11,0110,1,GS-13,K,0110,10,F,1,1,117505,06.0
EP00,SC,202210,D,17,13,D,11,0110,1,GS-13,K,0110,10,F,1,1,113944,05.8
EP00,SJ,202302,K,21,,B,24,0110,1,EF-00,K,0110,48,I,2,1,110256,02.9
EP00,SJ,202202,K,21,,C,22,0110,1,EF-00,K,0110,48,I,2,1,110256,04.3
EP00,SJ,202105,K,21,,B,11,0110,1,ED-00,Z,0110,48,I,2,1,,02.9
EP00,SA,202107,C,17,09,A,51,0110,1,GS-09,F,0110,35,F,1,1,060129,00.8
EP00,SA,202201,D,21,13,B,11,0110,1,GS-13,J,0110,15,F,1,1,106823,02.3
EP00,SJ,202207,J,21,,B,11,0110,1,EF-00,K,0110,48,I,2,1,110256,02.9
EP00,SJ,202302,E,21,,B,51,0110,1,EF-00,K,0110,48,I,2,1,110256,02.9
EP00,SJ,202302,F,21,,B,11,0110,1,EF-00,K,0110,48,I,2,1,110256,02.9
EP00,SJ,202302,F,17,,B,18,0110,1,ED-00,K,0110,48,I,2,1,110256,02.9
EP00,SJ,202302,I,21,,B,42,0110,1,EF-00,K,0110,48,I,2,1,110256,02.9
EP00,SJ,202302,K,21,,B,17,0110,1,EF-00,K,0110,48,I,2,1,110256,02.9
EP00,SJ,202303,H,21,,B,13,0110,1,EF-00,K,0110,48,I,2,1,110256,02.9
EP00,SJ,202304,H,21,,B,13,0110,1,EF-00,K,0110,48,I,2,1,110256,02.9
EP00,SJ,201911,H,21,,B,08,0110,1,EF-00,K,0110,48,I,2,1,110256,02.9
EP00,SC,202303,E,21,11,A,11,0110,1,GS-11,G,0110,15,F,1,1,078592,00.4
EP00,SA,202201,F,17,13,D,11,0110,1,GS-13,K,0110,10,F,1,1,113944,07.4
FC00,SD,202012,K,21,15,I,11,0110,1,GS-15,Q,0110,10,F,1,1,170800,33.2
FC00,SD,202212,K,21,15,I,11,0110,1,GS-15,Q,0110,10,F,1,1,176300,34.4
FC00,SE,201912,H,21,14,G,11,0110,1,GS-14,N,0110,10,F,1,1,144538,20.9
FC00,SD,202107,K,21,15,I,11,0110,1,GS-15,Q,0110,10,F,1,1,172500,34.8
FC00,SE,201912,I,18,15,H,11,0110,1,GS-15,P,0110,10,F,1,1,166500,26.5
FC00,SD,202209,K,17,15,J,11,0110,1,GS-15,Q,0110,10,F,1,1,176300,50.0
FC00,SD,202212,K,21,15,J,11,0110,1,GS-15,Q,0110,10,F,1,1,176300,43.4
FC00,SD,202212,K,21,15,J,11,0110,1,GS-15,Q,0110,10,F,1,1,176300,40.8
FC00,SD,202012,K,21,,J,11,0110,1,SL-00,Q,0110,10,F,1,1,176688,40.8
FC00,SD,202212,K,21,15,I,11,0110,1,GS-15,Q,0110,10,F,1,1,176300,34.4
FC00,SK,202104,K,17,15,J,11,0110,1,GS-15,Q,0110,10,F,1,1,172500,42.4
FC00,SA,202101,H,04,15,D,11,0110,1,GS-15,Q,0110,10,F,1,1,172500,09.4
FC00,SA,202004,F,14,15,D,11,0110,1,GS-15,N,0110,10,F,1,1,147458,05.7
FC00,SC,202111,C,17,07,B,11,0119,3,GS-07,E,XXXX,15,F,1,1,054074,01.2
FC00,SC,202306,C,17,11,B,11,0110,1,GS-11,G,0110,15,F,1,1,078592,02.7
FC00,SC,202205,C,17,09,B,11,0110,1,GS-09,F,0110,15,F,1,1,061947,01.7
FD00,SD,202208,J,14,15,J,11,0110,1,CG-15,V,0110,10,F,1,1,243500,38.2
FD00,SD,202001,J,21,15,I,11,0110,1,CG-15,V,0110,10,F,1,1,243500,33.1
FD00,SK,202011,I,17,,J,11,0110,1,CX-00,W,0110,10,F,1,1,273400,35.6
FD00,SD,202008,J,21,14,I,11,0110,1,CG-14,T,0110,10,F,1,1,213261,32.1
FD00,SC,202109,H,17,14,E,29,0110,1,CG-14,M,0110,10,F,1,1,138489,11.1
FD00,SA,202001,E,21,14,D,11,0110,1,CG-14,S,0110,10,F,1,1,192104,07.3
FD00,SC,202308,E,21,14,E,11,0110,1,CG-14,T,0110,10,F,1,1,208501,10.1
FD00,SA,202008,F,13,15,D,11,0110,1,CG-15,U,0110,10,F,1,1,222384,06.9
FD00,SC,202112,C,17,12,D,36,0110,1,CG-12,J,0110,10,F,1,1,101808,05.8
FD00,SC,202012,H,17,14,D,25,0110,1,CG-14,Q,0110,10,F,1,1,171908,06.4
FD00,SC,201910,C,17,09,B,11,0110,1,CG-09,F,0110,40,F,2,1,064300,02.6
FD00,SC,202007,C,17,09,C,11,0110,1,CG-09,F,0110,40,F,2,1,066150,03.3
FD00,SA,202108,C,13,09,C,11,0110,1,CG-09,F,0110,40,F,2,1,067407,03.3
FD00,SA,202008,C,13,09,C,11,0110,1,CG-09,F,0110,40,F,2,1,067027,03.1
FD00,SC,202107,C,13,07,B,11,0110,1,CG-07,E,0110,40,F,2,1,053904,01.6
FD00,SJ,202101,B,11,09,B,11,0110,1,CG-09,F,0110,40,F,2,1,066501,02.0
FD00,SA,202201,C,13,09,B,11,0110,1,CG-09,G,0110,40,F,2,1,075479,02.9
FD00,SA,202109,C,13,07,A,11,0110,1,CG-07,E,0110,40,F,2,1,053904,00.8
FD00,SA,202007,D,17,11,B,11,0110,1,CG-11,H,0110,15,F,1,1,082046,02.2
FD00,SC,202112,C,13,09,C,13,0110,1,CG-09,F,0110,40,F,2,1,060902,03.4
FD00,SC,202108,C,13,09,C,06,0110,1,CG-09,G,0110,40,F,2,1,076947,03.1
FD00,SA,202206,D,17,14,C,11,0110,1,CG-14,S,0110,10,F,1,1,197250,03.8
FD00,SJ,202304,D,13,09,C,11,0110,1,CG-09,G,0110,40,F,2,1,072688,04.4
FD00,SC,202201,B,13,09,B,17,0110,1,CG-09,F,0110,40,F,2,1,064133,02.4
FD00,SC,202107,B,13,09,B,11,0110,1,CG-09,F,0110,40,F,2,1,066501,01.8
FD00,SC,202210,B,13,09,B,11,0110,1,CG-09,F,0110,40,F,2,1,067743,01.5
FD00,SC,202112,B,13,09,B,11,0110,1,CG-09,F,0110,40,F,2,1,065656,01.3
FD00,SC,202209,C,13,09,B,11,0110,1,CG-09,F,0110,40,F,2,1,067743,01.9
FD00,SC,202211,B,13,09,B,11,0110,1,CG-09,F,0110,40,F,2,1,067743,02.1
FD00,SC,202201,B,13,07,A,11,0110,1,CG-07,E,0110,40,F,2,1,055671,00.9
FD00,SJ,202302,C,13,09,B,29,0110,1,CG-09,F,0110,40,F,2,1,062684,01.9
FD00,SA,202308,C,13,09,B,13,0110,1,CG-09,F,0110,15,F,1,1,064836,01.3
FD00,SC,202306,D,21,13,B,11,0110,1,CG-13,R,0110,15,F,1,1,184145,01.8
FL00,SA,202204,E,17,,E,51,0110,1,VH-40,Q,0110,10,F,1,1,,11.5
FL00,SD,202203,J,17,,J,51,0110,1,VH-40,T,0110,10,F,1,1,,35.3
FRFT,SC,202009,J,21,,I,11,0110,1,CN-71,U,0110,10,F,1,1,234673,31.2
FRFT,SD,202207,J,22,,G,11,0110,1,CN-71,U,0110,10,F,1,1,237658,23.5
FRFT,SC,202210,E,21,,C,11,0110,1,CN-60,Q,0110,10,F,1,1,174018,04.1
FRFT,SC,202001,C,13,,D,11,0110,1,CN-51,H,0110,40,P,2,1,086846,06.0
FRFT,SJ,202101,C,13,,C,11,0110,1,CN-51,H,0110,40,F,2,1,086314,04.0
FRFT,SA,202111,C,13,,C,11,0110,1,CN-52,I,0110,15,F,1,1,096448,04.3
FRFT,SC,202007,B,13,,C,11,0110,1,CN-51,H,0110,40,F,2,1,080881,03.1
FRFT,SC,202007,C,13,,B,11,0110,1,CN-51,H,0110,40,F,2,1,080881,02.6
FRFT,SA,202309,C,13,,C,11,0110,1,CN-53,M,0110,15,F,1,1,139042,04.3
FRFT,SJ,202305,C,04,,C,11,0110,1,CN-51,H,0110,40,F,2,1,089904,04.0
FRFT,SC,202107,B,13,,B,11,0110,1,CN-40,G,0110,40,F,2,1,076840,02.0
FRFT,SA,202206,C,13,,C,11,0110,1,CN-52,J,0110,15,F,1,1,100611,04.9
FRFT,SC,202103,B,12,,B,11,0110,1,CN-40,G,0110,40,F,2,1,076840,01.8
FRFT,SJ,202201,B,13,,B,11,0110,1,CN-51,H,0110,40,F,2,1,088328,02.5
FRFT,SC,202208,C,17,,D,11,0110,1,CN-51,H,0110,40,F,2,1,085781,05.0
FRFT,SC,202201,B,13,,B,11,0110,1,CN-40,G,0110,40,F,2,1,075610,01.4
FRFT,SC,202305,B,13,,B,11,0110,1,CN-40,G,0110,40,F,2,1,078485,01.8
FRFT,SC,202212,C,17,,C,11,0110,1,CN-52,I,0110,15,F,1,1,099849,04.4
FRFT,SC,202303,H,21,,F,11,0110,1,CN-60,T,0110,15,F,1,1,203462,18.6
FT00,SD,202111,K,21,15,J,11,0110,1,GM-15,Q,0110,10,F,1,1,172500,42.4
FT00,SD,202112,J,21,15,G,11,0110,1,GS-15,Q,0110,10,F,1,1,172500,23.8
FT00,SC,202112,G,21,15,E,11,0110,1,GS-15,Q,0110,10,F,1,1,172500,14.4
FT00,SA,202012,J,21,,I,11,0110,1,ES-**,S,0110,50,F,1,1,191200,34.8
FT00,SD,202012,K,21,15,J,11,0110,1,GM-15,Q,0110,10,F,1,1,170800,48.3
FT00,SD,202009,K,21,,J,11,0110,1,ES-**,S,0110,50,F,1,1,192300,40.1
FT00,SD,202303,K,21,,J,11,0110,1,ES-**,T,0110,50,F,1,1,206743,40.2
FT00,SC,202202,H,21,15,G,11,0110,1,GS-15,Q,0110,10,F,1,1,176300,21.4
FT00,SA,202209,G,21,15,F,11,0110,1,GS-15,Q,0110,10,F,1,1,176300,16.9
FT00,SC,202105,H,21,,E,11,0110,1,ES-**,S,0110,50,F,1,1,190500,12.8
FT00,SJ,202002,H,04,15,G,11,0110,1,GS-15,Q,0110,48,I,2,1,170800,21.3
FT00,SC,202202,G,21,,A,11,0110,1,ES-**,R,0110,55,F,1,1,183100,00.8
FT00,SC,202110,F,21,15,D,11,0110,1,GS-15,Q,0110,10,F,1,1,172500,07.4
FT00,SC,202109,F,21,15,E,11,0110,1,GS-15,Q,0110,10,F,1,1,172500,13.0
FT00,SD,202102,K,21,15,G,11,0110,1,GS-15,Q,0110,10,F,1,1,172500,23.8
FT00,SC,202109,D,13,13,D,11,0110,1,GS-13,M,0110,10,F,1,1,134798,05.1
FT00,SD,202012,J,21,15,F,11,0110,1,GS-15,Q,0110,10,F,1,1,170800,17.1
FT00,SA,202204,E,21,15,D,11,0110,1,GS-15,Q,0110,10,F,1,1,176300,09.7
FT00,SC,202004,F,21,15,C,11,0110,1,GS-15,Q,0110,10,F,1,1,170800,04.9
FT00,SC,202301,E,21,15,D,11,0110,1,GS-15,R,0110,10,F,1,1,183500,07.4
FT00,SC,202108,H,21,15,F,11,0110,1,GS-15,Q,0110,10,F,1,1,172500,17.6
FT00,SA,202210,E,21,15,D,11,0110,1,GS-15,Q,0110,10,F,1,1,176300,05.1
FT00,SC,202006,H,21,15,B,11,0110,1,GS-15,O,0110,44,F,2,1,152215,02.0
FT00,SJ,202201,E,21,,C,11,0110,1,EF-00,N,0110,48,F,2,1,144128,03.0
GB00,SC,202111,D,13,14,D,11,0110,1,GS-14,M,0110,10,F,1,1,134782,07.8
GB00,SA,202011,C,17,11,B,11,0110,1,GS-11,G,0110,35,F,1,1,072030,01.1
GB00,SA,202104,D,17,13,A,11,0110,1,GS-13,J,0110,40,F,2,1,103690,00.4
HE10,SJ,202109,K,21,,D,11,0110,1,EI-00,E,0110,48,I,2,1,052175,09.8
HE10,SA,202009,F,17,13,D,11,0110,1,GS-13,K,0110,10,F,1,1,112930,08.1
HE10,SA,202002,D,21,13,D,11,0110,1,GS-13,K,0110,10,F,1,1,116353,06.6
HE10,SC,202109,D,17,13,D,11,0110,1,GS-13,K,0110,10,F,1,1,114059,05.3
HE10,SC,202205,G,21,13,D,11,0110,1,GS-13,J,0110,48,F,2,1,106823,05.8
HE10,SA,202203,C,13,11,B,11,0110,1,GS-11,G,0110,35,F,1,1,074950,01.6
HE13,SC,201910,G,21,,E,11,0110,1,SL-00,R,0110,10,F,1,1,183826,10.9
HE33,SD,202208,K,22,14,J,24,0110,1,GS-14,P,0110,10,P,2,1,164102,43.0
HE33,SD,201910,I,21,15,I,24,0110,1,GS-15,P,0110,10,F,1,1,166500,30.0
HE33,SD,202008,J,21,14,H,24,0110,1,GS-14,O,0110,10,F,1,1,157709,29.3
HE33,SC,202208,E,21,,C,24,0110,1,RG-00,N,0110,48,F,2,1,143064,03.3
HE33,SJ,202010,D,17,,A,24,0110,1,RG-00,E,0110,48,F,2,1,059534,00.2
HE34,SA,202107,E,17,14,C,24,0110,1,GS-14,M,0110,10,F,1,1,138866,04.6
HE34,SC,202101,F,22,,B,24,0110,1,RG-00,J,0110,48,F,2,1,109508,02.5
HE34,SC,202208,H,17,13,C,27,0110,1,GS-13,J,0110,15,F,1,1,101918,03.4
HE36,SJ,202211,I,04,,F,24,0110,1,EI-00,N,0110,48,I,2,1,146757,18.3
HE36,SD,202101,K,17,15,G,24,0110,1,GS-15,P,0110,10,F,1,1,168150,22.8
HE36,SD,202006,I,17,14,I,24,0110,1,GS-14,N,0110,10,F,1,1,149621,30.1
HE36,SJ,202201,K,22,,D,24,0110,1,EI-00,N,0110,48,I,2,1,146757,07.8
HE36,SA,202008,E,17,,C,24,0110,1,RG-00,K,0110,48,F,2,1,112240,04.8
HE36,SJ,202110,K,22,,D,24,0110,1,EI-00,N,0110,48,I,2,1,143606,05.0
HE36,SC,202203,C,17,,B,24,0110,1,AD-00,H,0110,15,F,1,1,089831,01.3
HE38,SD,201912,K,21,15,I,24,0110,1,GS-15,P,0110,10,F,1,1,166500,32.3
HE38,SD,201912,K,21,14,I,24,0110,1,GS-14,O,0110,10,F,1,1,152352,31.0
HE38,SJ,202010,I,15,,C,24,0110,1,EI-00,E,0110,48,I,2,1,052175,04.1
HE38,SJ,202006,K,17,,C,24,0110,1,EI-00,E,0110,48,I,2,1,052175,03.7
HE38,SJ,202304,J,21,,C,24,0110,1,EI-00,E,0110,48,I,2,1,052175,03.3
HE39,SA,202103,I,21,14,G,13,0110,1,GS-14,N,0110,10,F,1,1,149129,24.8
HE39,SD,202207,K,22,14,G,13,0110,1,GS-14,O,0110,10,F,1,1,152998,23.5
HE39,SD,202205,J,21,14,G,13,0110,1,GS-14,O,0110,10,F,1,1,152998,23.2
HE39,SJ,202008,E,21,,B,13,0110,1,AD-00,H,0110,48,F,2,1,086219,02.9
HE39,SC,202210,E,21,,A,13,0110,1,RG-00,I,0110,48,F,2,1,099595,00.8
HE39,SJ,202208,E,21,,C,13,0110,1,AD-00,I,0110,48,F,2,1,092132,03.2
HE39,SC,202206,D,21,,B,13,0110,1,AD-00,I,0110,48,F,2,1,094924,02.8
HE39,SJ,202108,C,21,,A,13,0110,1,AD-00,H,0110,48,F,2,1,087082,00.9
HE39,SJ,202204,D,21,,B,08,0110,1,AD-00,I,0110,48,F,2,1,096242,01.7
HE39,SC,202207,H,21,,B,13,0110,1,AD-00,I,0110,48,F,2,1,092132,01.5
HE39,SC,202306,D,21,,B,13,0110,1,AD-00,I,0110,48,F,2,1,096213,01.8
HE39,SC,202304,D,04,,B,13,0110,1,AD-00,I,0110,48,F,2,1,096213,01.7
HE39,SC,202304,D,21,,B,51,0110,1,AD-00,I,0110,48,F,2,1,092053,01.5
HE70,SD,202212,K,21,15,J,24,0110,1,GS-15,Q,0110,10,F,1,1,176300,43.9
HE70,SD,202203,K,21,15,H,24,0110,1,GS-15,Q,0110,10,F,1,1,176300,28.0
HE70,SD,202006,J,13,14,J,24,0110,1,GS-14,O,0110,10,F,1,1,157709,41.3
HE70,SA,202009,F,21,13,E,24,0110,1,GS-13,K,0110,10,F,1,1,112930,11.4
HE70,SC,202006,G,13,13,D,24,0110,1,GS-13,K,0110,10,F,1,1,119775,09.6
HE70,SC,202005,I,01,13,A,24,0110,1,GS-13,J,0110,15,F,1,1,102663,00.7
HE70,SC,202209,C,17,11,A,24,0110,1,GS-11,G,0110,15,F,1,1,074950,00.3
HE70,SC,202308,F,21,13,A,06,0110,1,GS-13,M,0110,15,F,1,1,133050,00.7
HFHA,SD,202104,K,21,,G,11,0110,1,EL-14,T,0110,10,F,1,1,202897,20.7
HFHA,SD,202004,K,21,,G,11,0110,1,EL-15,T,0110,10,F,1,1,211647,22.7
HFHA,SA,202204,H,21,,F,11,0110,1,EL-14,T,0110,10,F,1,1,207270,19.7
HFHA,SD,202102,K,21,,J,11,0110,1,EL-15,U,0110,10,F,1,1,224943,43.8
HFHA,SD,202208,I,21,,E,11,0110,1,EL-14,T,0110,10,F,1,1,204173,12.0
HFHA,SC,202202,E,21,,A,11,0110,1,LL-01,Z,0110,15,F,1,1,,00.4
HFHA,SA,202302,F,21,,E,11,0110,1,EL-14,R,0110,10,F,1,1,189923,10.2
HFHA,SC,202205,C,13,,C,11,0110,1,EL-09,G,0110,10,F,1,1,071921,03.7
HFHA,SC,202111,B,13,,B,11,0110,1,EL-07,E,0110,20,F,2,1,057000,01.2
HFHA,SJ,202306,D,13,,C,11,0110,1,EL-09,G,0110,20,F,2,1,071645,03.1
HFHA,SC,202205,C,21,,A,11,0110,1,EL-12,O,0110,15,F,1,1,155250,00.8
HFHA,SJ,202106,K,17,,G,11,0110,1,EL-15,T,0110,20,F,2,1,213500,24.2
HSAA,SA,202306,F,17,15,E,11,0110,1,GS-15,Q,0110,10,F,1,1,176458,10.1
HSAB,SD,202206,K,21,14,J,11,0110,1,GS-14,O,0110,10,F,1,1,159894,36.3
HSAB,SC,202004,E,15,15,E,11,0110,1,GS-15,O,0110,10,F,1,1,156973,11.1
HSAB,SA,202109,H,04,14,F,11,0110,1,GS-14,N,0110,10,F,1,1,147034,18.4
HSAB,SA,202102,F,13,14,E,11,0110,1,GS-14,M,0110,10,F,1,1,134782,10.6
HSAB,SA,202007,I,17,14,D,11,0110,1,GS-14,O,0110,10,F,1,1,157709,09.1
HSAB,SA,202001,I,21,15,D,11,0110,1,GS-15,N,0110,10,F,1,1,142701,06.8
HSAB,SA,202012,C,04,12,B,24,0110,1,GS-12,H,0110,15,F,1,1,089213,01.2
HSAC,SD,202001,K,21,14,E,11,0110,1,GS-14,O,0110,10,F,1,1,157709,11.6
HSAC,SC,202105,H,21,14,H,11,0110,1,GS-14,N,0110,10,F,1,1,147034,28.0
HSAC,SA,202010,E,17,13,D,11,0110,1,GS-13,J,0110,10,F,1,1,106085,05.0
HSAC,SA,202210,E,17,14,D,11,0110,1,GS-14,M,0110,10,F,1,1,138856,06.5
HSAC,SC,202202,E,17,13,C,11,0110,1,GS-13,J,0110,15,F,1,1,106823,03.7
HSAC,SA,202108,F,21,13,C,11,0110,1,GS-13,K,0110,10,F,1,1,110603,03.0
HSBB,SA,202201,J,22,15,I,11,0110,1,GS-15,Q,0110,15,F,1,1,176300,30.0
HSBC,SA,202108,E,17,,D,51,0110,1,SV-I,J,0110,38,F,1,1,109648,09.1
HSBC,SA,202109,E,17,,D,51,0110,1,SV-K,P,0110,38,F,1,1,162361,07.9
HSBC,SC,202206,C,17,,C,51,0110,1,SV-H,J,0110,38,F,1,1,100000,03.9
HSBC,SC,202109,E,17,,C,51,0110,1,SV-H,G,0110,38,F,1,1,070840,03.2
HSBC,SA,202201,G,18,,C,51,0110,1,SV-J,O,0110,38,F,1,1,156979,03.3
HSBD,SA,202206,D,13,14,E,11,0110,1,GS-14,N,0110,10,F,1,1,143064,11.3
HSBD,SC,202307,D,17,13,D,US,0110,1,GS-13,K,0110,10,F,1,1,118184,06.0
HSCA,SD,202008,I,21,15,G,51,0110,1,GS-15,Q,0110,10,F,1,1,170800,22.8
HSCB,SA,201911,D,17,13,D,11,0110,1,GS-13,J,0110,10,F,1,1,105782,08.5
HSCB,SA,202201,E,04,14,E,11,0110,1,GS-14,M,0110,15,F,1,1,138856,10.2
HSCB,SA,202209,G,17,13,E,11,0110,1,GS-13,K,0110,10,F,1,1,113944,10.4
HSCB,SA,202001,I,17,13,C,11,0110,1,GS-13,K,0110,15,F,1,1,112930,04.9
HU03,SC,202209,F,17,12,D,42,0110,1,GS-12,I,0110,10,F,1,1,095378,06.0
HU03,SC,202211,E,17,11,C,42,0110,1,GS-11,G,0110,10,F,1,1,074751,03.2
HU04,SC,202210,D,17,12,C,13,0110,1,GS-12,H,0110,10,F,1,1,086547,03.5
HU06,SC,202110,C,17,11,B,48,0110,1,GS-11,F,0110,15,F,1,1,069684,01.2
HU08,SA,202012,H,17,11,F,08,0110,1,GS-11,G,0110,10,F,1,1,074859,15.3
HU08,SC,202309,C,17,12,B,08,0110,1,GS-12,I,0110,15,F,1,1,091753,02.1
HU09,SC,202309,G,17,13,F,06,0110,1,GS-13,M,0110,10,F,1,1,136851,15.2
HU10,SD,202005,K,17,14,I,53,0110,1,GS-14,N,0110,10,F,1,1,145654,34.3
HUEE,SA,202004,H,21,15,F,11,0110,1,GS-15,Q,0110,10,F,1,1,170800,19.6
HURR,SD,202105,K,21,14,I,11,0110,1,GS-14,O,0110,10,F,1,1,159286,30.2
HURR,SD,202105,K,17,14,G,11,0110,1,GS-14,O,0110,10,F,1,1,159286,23.5
HURR,SG,202201,K,21,15,J,11,0110,1,GS-15,Q,0110,10,R,2,1,176300,41.8
HURR,SC,201910,H,13,,H,11,0110,1,ES-**,S,0110,50,F,1,1,192300,29.2
HURR,SD,202010,K,21,15,H,11,0110,1,GS-15,Q,0110,10,F,1,1,170800,28.0
HURR,SA,202009,F,04,15,F,11,0110,1,GS-15,Q,0110,10,F,1,1,170800,16.1
HURR,SC,202111,C,13,11,B,48,0110,1,GS-11,F,0110,15,F,1,1,069684,02.1
HURR,SC,202204,F,21,13,A,11,0110,1,GS-13,J,0110,15,F,1,1,106823,00.4
HUTT,SA,202003,E,13,14,D,11,0110,1,GS-14,L,0110,10,F,1,1,129404,09.8
HUTT,SC,202208,H,17,14,D,11,0110,1,GS-14,N,0110,10,F,1,1,147272,08.1
HUTT,SA,202211,F,21,14,D,11,0110,1,GS-14,M,0110,10,F,1,1,134649,06.8
IN01,SD,202112,K,17,15,J,11,0110,1,GS-15,Q,0110,10,F,1,1,172500,36.8
IN01,SC,202210,K,17,15,J,11,0110,1,GS-15,Q,0110,20,I,2,1,176300,37.6
IN01,SA,202101,J,22,15,H,51,0110,1,GS-15,Q,0110,10,F,1,1,172500,29.0
IN07,SJ,202109,J,17,14,J,08,0110,1,GS-14,O,0110,20,P,2,1,155196,35.8
IN07,SD,202308,I,17,14,I,08,0110,1,GS-14,O,0110,10,F,1,1,150418,31.0
IN07,SD,202007,J,17,14,I,08,0110,1,GS-14,N,0110,10,F,1,1,145780,34.7
IN07,SD,202301,I,13,11,I,08,0110,1,GS-11,I,0110,10,F,1,1,099513,33.5
IN07,SA,202002,F,17,12,E,08,0110,1,GS-12,I,0110,10,F,1,1,098141,10.5
IN07,SC,202209,E,17,13,E,08,0110,1,GS-13,K,0110,10,F,1,1,110973,10.7
IN07,SC,202002,C,13,05,B,06,0110,1,GS-05,C,0110,15,F,1,1,038054,02.7
IN07,SC,202209,E,13,12,E,06,0110,1,GS-12,H,0110,10,F,1,1,086945,11.3
IN07,SC,202104,D,17,11,A,49,0110,1,GS-11,F,0110,15,F,1,1,064649,00.0
IN08,SD,202206,I,17,13,I,51,0110,1,GS-13,M,0110,10,F,1,1,131747,30.8
IN08,SD,202106,K,17,15,J,51,0110,1,GS-15,Q,0110,10,F,1,1,172500,41.3
IN08,SD,202001,K,21,15,J,42,0110,1,GS-15,P,0110,10,F,1,1,161644,47.3
IN08,SD,202304,K,21,14,E,51,0110,1,GS-14,Q,0110,10,F,1,1,172075,12.4
IN08,SA,202204,F,17,13,E,08,0110,1,GS-13,K,0110,10,F,1,1,114441,11.2
IN08,SC,202112,C,21,11,D,39,0110,1,GS-11,G,0110,10,F,1,1,071381,05.4
IN08,SC,202204,F,21,13,D,51,0110,1,GS-13,J,0110,10,F,1,1,106823,06.7
IN08,SA,202304,I,21,12,B,51,0110,1,GS-12,J,0110,20,F,2,1,100479,02.7
IN08,SC,202207,G,21,11,B,51,0110,1,GS-11,I,0110,20,F,2,1,097430,01.8
IN08,SC,202301,D,14,12,B,51,0110,1,GS-12,I,0110,20,F,2,1,097339,01.3
IN15,SD,202007,K,13,14,J,51,0110,1,GM-14,O,0110,10,F,1,1,157709,56.1
IN27,SA,202303,F,17,13,F,06,0110,1,GS-13,N,0110,10,F,1,1,148255,15.3
IN27,SA,202009,D,13,13,D,22,0110,1,GS-13,I,0110,10,F,1,1,091231,08.4
IN27,SC,202207,G,17,11,A,48,0110,1,GS-11,G,0110,10,F,1,1,078878,00.0
MC00,SD,202209,K,17,14,J,11,0110,1,GS-14,P,0110,10,F,1,1,164102,40.8
MC00,SJ,201912,K,21,15,A,11,0110,1,GS-15,P,0110,20,P,2,1,166500,00.6
MC00,SD,202309,J,13,14,J,11,0110,1,GS-14,P,0110,10,F,1,1,163252,37.0
MC00,SE,202001,I,21,15,H,11,0110,1,GS-15,Q,0110,10,F,1,1,170800,27.7
MC00,SA,202003,E,17,13,D,11,0110,1,GS-13,K,0110,10,F,1,1,112930,08.5
MC00,SA,202007,E,21,12,D,11,0110,1,GS-12,J,0110,10,F,1,1,103605,05.0
MC00,SC,202110,F,17,13,B,11,0110,1,GS-13,L,0110,15,F,1,1,120972,01.8
MC00,SC,202105,J,21,15,A,11,0110,1,GS-15,Q,0110,15,F,1,1,172500,00.7
MI00,SC,202102,H,21,,D,11,0110,1,MC-3A,P,0110,10,F,1,1,164576,07.7
MI00,SC,202001,E,21,,C,11,0110,1,MC-3B,M,0110,10,F,1,1,135911,03.5
MI00,SC,202109,E,21,,C,11,0110,1,MC-3A,N,0110,10,F,1,1,147844,04.6
NF00,SD,202210,K,18,14,G,51,0110,1,GS-14,P,0110,10,F,1,1,164102,23.5
NU00,SD,202301,K,18,14,I,24,0110,1,GG-14,Q,0110,38,F,1,1,172075,31.3
NU00,SA,202009,F,17,14,F,24,0110,1,GG-14,M,0110,38,F,1,1,137491,19.3
NU00,SD,202303,K,17,15,E,24,0110,1,GG-15,R,0110,38,F,1,1,183500,14.5
NV22,SA,202207,G,21,14,D,51,0110,1,GS-14,M,0110,10,F,1,1,134649,06.0
OM00,SC,202201,C,17,14,A,11,0110,1,GS-14,L,0110,15,F,1,1,126233,00.5
RR00,SD,202307,J,13,13,J,17,0110,1,GS-13,N,0110,10,F,1,1,142650,40.2
SB00,SD,202004,J,17,15,E,11,0110,1,GS-15,Q,0110,10,F,1,1,170800,11.9
SB00,SA,202110,F,13,14,F,11,0110,1,GS-14,M,0110,10,F,1,1,134782,15.2
SB00,SA,202303,G,21,,E,11,0110,1,AD-00,Q,0110,48,F,2,1,176458,10.5
SB00,SA,202006,E,17,14,D,11,0110,1,GS-14,L,0110,10,F,1,1,121316,09.3
SB00,SC,202006,D,17,,B,11,0110,1,AD-00,K,0110,48,F,2,1,112930,01.7
SB00,SC,202205,D,17,,D,11,0110,1,AD-00,J,0110,48,F,2,1,104808,07.3
SB00,SC,202211,D,04,,B,11,0110,1,AD-00,K,0110,48,F,2,1,113944,01.4
SB00,SC,202304,C,13,,B,11,0119,3,AD-00,H,XXXX,48,F,2,1,081211,01.0
SE00,SA,202011,G,21,,D,11,0110,1,SK-14,T,0110,10,F,1,1,218671,05.3
SE00,SC,202102,G,21,,E,11,0110,1,SK-16,V,0110,10,F,1,1,250334,11.5
SE00,SC,202003,E,13,,D,17,0110,1,SK-17,V,0110,10,F,1,1,246900,07.6
SE00,SL,202011,E,21,,D,11,0110,1,SO-02,W,0110,10,F,1,1,265210,08.3
SE00,SC,202110,F,17,,D,11,0110,1,SK-14,U,0110,10,F,1,1,220858,07.3
SE00,SC,202201,F,21,,D,11,0110,1,SK-14,U,0110,10,F,1,1,220858,07.3
SE00,SD,202108,J,21,,D,17,0110,1,SK-14,T,0110,10,P,2,1,217659,06.8
SE00,SC,202007,G,21,,D,11,0110,1,SK-14,T,0110,10,F,1,1,218671,05.5
SE00,SC,202012,D,17,,D,11,0110,1,SK-13,N,0110,10,F,1,1,149705,05.6
SE00,SC,201910,E,21,,C,36,0110,1,SK-14,T,0110,10,F,1,1,218623,04.1
SE00,SJ,201912,E,21,,C,11,0110,1,SK-14,T,0110,40,F,2,1,212478,03.9
SE00,SC,202301,C,17,,B,11,0110,1,SK-13,K,0110,15,F,1,1,117705,01.4
SE00,SC,202003,D,21,,C,11,0110,1,SK-14,R,0110,40,F,2,1,186666,03.7
SE00,SA,202307,F,18,,D,53,0110,1,SK-14,N,0110,10,F,1,1,144896,06.5
SE00,SC,202007,E,17,,C,11,0110,1,SK-14,R,0110,15,F,1,1,183960,03.0
SE00,SJ,202108,E,21,,C,11,0110,1,SK-14,T,0110,40,F,2,1,218666,03.9
SE00,SA,202107,E,17,,C,11,0110,1,SK-14,R,0110,40,F,2,1,183850,03.0
SE00,SC,202107,D,21,,B,11,0110,1,SK-14,Q,0110,40,F,2,1,179240,02.0
SE00,SC,202009,G,21,,A,11,0110,1,SK-14,R,0110,40,I,2,1,184000,00.3
SE00,SC,202306,D,21,,B,11,0110,1,SK-14,S,0110,40,F,2,1,195070,02.9
SE00,SC,202308,E,17,,C,11,0110,1,SK-14,S,0110,15,F,1,1,195070,03.0
SE00,SC,202302,F,17,,B,11,0110,1,SK-14,S,0110,40,F,2,1,194476,02.2
SE00,SC,202108,G,21,,A,17,0110,1,SK-14,Q,0110,40,F,2,1,170444,00.4
SE00,SC,202204,G,21,,A,18,0110,1,ED-00,P,0110,48,I,2,1,163495,00.8
SE00,SC,202207,D,18,,A,11,0110,1,SK-14,Q,0110,40,F,2,1,172281,00.9
SE00,SC,202207,C,17,,A,42,0110,1,SK-14,P,0110,40,F,2,1,166282,00.7
SE00,SC,202206,D,13,,A,42,0110,1,SK-14,P,0110,40,F,2,1,166282,00.7
SE00,SA,202302,F,21,,D,11,0110,1,SK-14,T,0110,10,F,1,1,211110,08.4
SK00,SD,202109,J,18,15,I,39,0110,1,GS-15,P,0110,10,F,1,1,163508,34.1
SK00,SD,202207,K,17,14,J,24,0110,1,GS-14,P,0110,10,F,1,1,164102,46.8
SK00,SD,202105,K,21,,J,24,0110,1,ES-**,R,0110,50,F,1,1,184245,42.6
SK00,SA,202001,H,21,13,E,24,0110,1,GS-13,L,0110,10,F,1,1,123198,11.7
SK00,SA,202112,F,21,13,A,24,0110,1,GS-13,L,0110,15,F,1,1,120972,00.0
ST00,SD,202006,K,21,14,I,11,0110,1,GG-14,O,0110,48,F,2,1,157709,30.9
ST00,SD,202212,K,17,15,J,11,0110,1,GS-15,Q,0110,10,F,1,1,176300,37.3
ST00,SD,201911,K,21,,J,11,0110,1,ES-**,S,0110,50,F,1,1,190179,42.2
ST00,SA,202004,E,17,14,E,11,0110,1,GS-14,M,0110,10,F,1,1,137491,12.2
ST00,SJ,202006,K,17,14,I,11,0110,1,GS-14,O,0110,20,I,2,1,157709,30.9
ST00,SA,202301,F,17,15,A,11,0110,1,GS-15,P,0110,15,F,1,1,166079,00.9
ST00,SC,201911,F,17,13,C,11,0110,1,GS-13,J,0110,10,F,1,1,109088,03.2
ST00,SC,202101,D,17,15,B,11,0110,1,GS-15,O,0110,44,F,2,1,158541,01.3
ST00,SC,202307,C,13,09,B,11,0110,1,GS-09,F,0110,15,F,1,1,069287,02.0
SZ00,SD,202004,K,21,15,J,31,0110,1,GS-15,P,0110,10,F,1,1,164858,48.8
SZ00,SA,202002,H,17,13,F,11,0110,1,GS-13,L,0110,10,F,1,1,126620,15.4
SZ00,SD,202008,K,21,14,H,24,0110,1,GS-14,O,0110,10,F,1,1,157709,26.5
SZ00,SE,202112,H,21,13,H,24,0110,1,GS-13,M,0110,10,F,1,1,134798,25.3
SZ00,SA,202308,G,17,14,G,11,0110,1,GS-14,Q,0110,10,F,1,1,172075,20.2
SZ00,SA,202002,G,17,14,G,11,0110,1,GS-14,O,0110,10,F,1,1,157709,22.3
SZ00,SD,202012,K,21,14,F,11,0110,1,GS-14,O,0110,10,F,1,1,153665,17.3
SZ00,SA,202007,E,21,13,C,11,0110,1,GS-13,J,0110,15,F,1,1,109508,04.8
SZ00,SC,202305,E,21,14,D,48,0110,1,GS-14,L,0110,10,F,1,1,127242,07.5
SZ00,SC,202302,F,21,13,C,11,0110,1,GS-13,K,0110,10,F,1,1,115749,04.3
SZ00,SA,201911,D,17,12,A,11,0110,1,GS-12,H,0110,15,F,1,1,083398,00.2
SZ00,SC,202011,C,17,12,B,11,0110,1,GS-12,I,0110,15,F,1,1,094970,01.1
TC00,SA,202309,G,17,14,G,11,0110,1,GS-14,P,0110,10,F,1,1,163252,21.9
TC00,SD,202205,K,21,14,F,11,0110,1,GS-14,O,0110,10,F,1,1,151479,17.0
TC00,SD,202108,K,20,15,J,11,0110,1,GS-15,Q,0110,10,F,1,1,172500,36.2
TC00,SA,202008,G,17,15,E,11,0110,1,GS-15,Q,0110,10,F,1,1,170800,14.9
TC00,SD,202309,K,17,15,J,11,0110,1,GS-15,R,0110,10,F,1,1,183500,39.8
TC00,SD,202107,K,21,15,H,11,0110,1,GS-15,Q,0110,10,F,1,1,172500,25.0
TC00,SC,202301,F,17,14,E,11,0110,1,GS-14,O,0110,10,F,1,1,150016,14.1
TC00,SA,202212,F,17,13,E,11,0110,1,GS-13,K,0110,10,F,1,1,117505,13.3
TC00,SA,202309,F,17,14,E,11,0110,1,GS-14,N,0110,10,F,1,1,145604,13.1
TC00,SC,202104,E,18,11,C,11,0110,1,GS-11,G,0110,20,F,2,1,075176,03.3
TC00,SA,202207,E,17,12,D,11,0110,1,GS-12,I,0110,10,F,1,1,098818,07.9
TC00,SA,202006,F,17,13,E,11,0110,1,GS-13,K,0110,10,F,1,1,112930,12.0
TC00,SA,202006,D,17,11,D,11,0110,1,GS-11,G,0110,20,F,2,1,076832,05.6
TC00,SC,202004,E,21,15,C,11,0110,1,GS-15,N,0110,10,F,1,1,142701,04.9
TC00,SC,202008,D,21,14,D,11,0110,1,GS-14,M,0110,10,F,1,1,133447,05.2
TC00,SA,202305,D,17,13,D,11,0110,1,GS-13,K,0110,10,F,1,1,119482,08.6
TC00,SC,202207,C,17,11,C,11,0110,1,GS-11,H,0110,15,F,1,1,087439,03.2
TC00,SA,202204,G,21,13,B,11,0110,1,GS-13,K,0110,15,F,1,1,113944,02.7
TC00,SC,202111,B,13,09,A,11,0110,1,GS-09,F,0110,20,F,2,1,060129,00.6
TC00,SA,202306,C,17,11,B,11,0110,1,GS-11,G,0110,15,F,1,1,078592,02.6
TD01,SC,202204,I,18,14,E,11,0110,1,GS-14,O,0110,10,F,1,1,151479,12.6
TD01,SC,201910,D,13,14,E,25,0110,1,GS-14,L,0110,10,F,1,1,120115,13.5
TD01,SA,202101,D,17,13,D,25,0110,1,GS-13,J,0110,10,F,1,1,109441,07.5
TD01,SC,202005,C,17,11,A,25,0110,1,GS-11,G,0110,15,F,1,1,071274,00.7
TD01,SA,202108,F,17,13,D,11,0110,1,GS-13,K,0110,10,F,1,1,114059,06.6
TD01,SC,202006,D,13,09,C,25,0110,1,GS-09,F,0110,10,P,2,1,062837,04.0
TD01,SA,202301,E,22,12,D,33,0110,1,GS-12,J,0110,10,F,1,1,108705,06.1
TD01,SC,202106,B,13,09,C,25,0110,1,GS-09,F,0110,20,P,2,1,061481,04.1
TD01,SC,202201,C,13,11,C,25,0110,1,GS-11,G,0110,10,F,1,1,074129,03.5
TD01,SC,202108,C,13,09,C,25,0110,1,GS-09,F,0110,10,F,1,1,063464,03.0
TD01,SC,202112,B,13,07,A,25,0110,1,GS-07,D,0110,15,F,1,1,048641,00.4
TD03,SD,201912,K,04,,G,11,0110,1,FV-I,M,0110,38,F,1,1,130758,21.7
TD03,SD,202206,K,17,,G,11,0110,1,FV-J,Q,0110,38,F,1,1,173922,21.3
TD03,SD,202101,K,09,,G,11,0110,1,FV-J,P,0110,38,F,1,1,168820,24.8
TD03,SD,202209,K,17,,G,11,0110,1,FV-J,Q,0110,38,F,1,1,173922,24.5
TD03,SA,202304,E,17,,E,11,0110,1,FV-J,N,0110,38,F,1,1,145906,14.8
TD03,SA,202211,H,17,,G,11,0110,1,FV-K,T,0110,38,F,1,1,203202,21.3
TD03,SA,202303,F,20,,E,11,0110,1,FV-K,T,0110,38,F,1,1,209392,13.6
TD03,SJ,202207,E,09,,B,11,0110,1,FV-I,L,0110,48,P,2,1,126296,01.9
TD04,SD,202007,K,21,14,E,11,0110,1,GS-14,O,0110,10,F,1,1,157709,10.8
TD04,SA,202201,G,21,14,D,11,0110,1,GS-14,N,0110,10,F,1,1,147034,06.5
TD05,SD,202112,K,17,14,G,11,0110,1,GS-14,O,0110,10,F,1,1,159286,20.4
TD05,SC,202304,F,17,15,E,51,0110,1,GS-15,R,0110,10,F,1,1,183500,13.6
TD05,SC,202012,E,17,13,D,11,0110,1,GS-13,J,0110,10,F,1,1,109508,08.3
TD05,SA,202208,E,18,14,D,11,0110,1,GS-14,N,0110,10,F,1,1,143064,07.3
TD10,SA,202212,E,21,14,D,51,0110,1,GS-14,M,0110,10,F,1,1,134649,06.4
TD12,SC,202102,E,21,13,D,11,0110,1,GS-13,K,0110,10,F,1,1,110603,05.9
TD12,SC,202206,D,21,13,A,11,0110,1,GS-13,J,0110,15,F,1,1,106823,00.8
TD13,SD,202101,K,13,14,J,11,0110,1,GS-14,O,0110,10,F,1,1,157709,37.9
TD13,SD,202106,J,04,14,H,11,0110,1,GS-14,O,0110,10,F,1,1,159286,27.3
TD13,SC,202206,B,13,07,B,11,0110,1,GS-07,E,0110,35,F,1,1,052331,01.0
TD16,SC,202201,I,21,15,F,11,0110,1,GS-15,Q,0110,10,F,1,1,172500,16.9
TD16,SA,202305,J,21,14,E,11,0110,1,GS-14,O,0110,10,F,1,1,150016,13.1
TD16,SA,202302,F,17,14,D,11,0110,1,GS-14,O,0110,10,F,1,1,158840,07.5
TD16,SA,202003,E,22,13,C,11,0110,1,GS-13,J,0110,10,F,1,1,106085,04.1
TD17,SD,202001,J,17,14,E,11,0110,1,GS-14,O,0110,10,F,1,1,157709,12.3
TD17,SA,202110,E,17,14,D,11,0110,1,GS-14,L,0110,10,F,1,1,122530,06.0
TN00,SA,202209,F,17,14,E,11,0110,1,GS-14,M,0110,10,F,1,1,138856,13.0
TR91,SL,202009,D,17,14,D,11,0110,1,GS-14,L,0110,10,F,1,1,129404,07.4
TR91,SC,202208,F,17,,E,11,0110,1,ES-**,R,0110,50,F,1,1,182850,14.8
TR91,SC,202208,G,17,15,G,25,0110,1,GS-15,Q,0110,10,F,1,1,171335,21.8
TR91,SC,202001,D,17,,D,11,0110,1,OR-51,I,0110,10,F,1,1,095628,09.5
TR91,SL,202002,H,17,15,G,11,0110,1,GS-15,Q,0110,10,F,1,1,170800,24.4
TR91,SC,202210,G,15,15,F,11,0110,1,GS-15,Q,0110,10,F,1,1,176300,15.1
TR91,SD,201912,K,17,15,H,11,0110,1,GS-15,P,0110,10,F,1,1,166500,29.3
TR91,SA,202009,I,21,15,G,11,0110,1,GS-15,Q,0110,10,F,1,1,170800,24.3
TR91,SC,202111,K,21,15,J,11,0110,1,GS-15,Q,0110,20,I,2,1,172500,35.6
TR91,SD,202006,K,21,15,I,11,0110,1,GS-15,Q,0110,10,F,1,1,170800,34.8
TR91,SD,201912,K,21,14,I,11,0110,1,GS-14,O,0110,10,F,1,1,152352,34.4
TR91,SC,202009,F,17,15,F,11,0110,1,GS-15,P,0110,10,F,1,1,161730,16.2
TR91,SD,201912,K,17,13,J,11,0110,1,GS-13,L,0110,10,F,1,1,128920,35.8
TR91,SD,202006,J,21,15,H,11,0110,1,GS-15,Q,0110,10,F,1,1,170800,27.0
TR91,SA,202103,F,13,15,E,11,0110,1,GS-15,P,0110,10,F,1,1,168150,14.6
TR91,SD,202306,K,18,15,I,11,0110,1,GS-15,R,0110,10,F,1,1,183500,32.2
TR91,SL,202308,F,13,15,F,11,0110,1,GS-15,Q,0110,10,F,1,1,176458,19.2
TR91,SC,202007,G,17,15,G,IN,0110,1,GS-15,N,0110,10,F,1,1,142180,23.3
TR91,SC,202109,I,04,,H,11,0110,1,OR-70,V,0110,10,F,1,1,249068,25.2
TR91,SC,202008,F,04,15,E,BE,0110,1,GS-15,N,0110,10,F,1,1,142180,14.8
TR91,SL,202211,H,17,15,G,11,0110,1,GS-15,Q,0110,10,F,1,1,176300,23.3
TR91,SL,201910,F,04,15,E,11,0110,1,GS-15,N,0110,10,F,1,1,142443,12.3
TR91,SA,202006,E,17,14,E,11,0110,1,GS-14,M,0110,10,F,1,1,137491,11.8
TR91,SL,202104,G,17,15,F,11,0110,1,GS-15,P,0110,10,F,1,1,168150,15.7
TR91,SD,202105,K,21,15,G,11,0110,1,GS-15,Q,0110,10,F,1,1,172500,23.7
TR91,SD,202306,J,17,15,J,11,0110,1,GS-15,R,0110,10,F,1,1,183500,36.9
TR91,SD,202303,K,17,,J,11,0110,1,ES-**,T,0110,50,F,1,1,203286,35.3
TR91,SL,202203,H,17,,H,11,0110,1,ES-**,R,0110,50,F,1,1,188290,28.3
TR91,SD,202208,K,21,15,H,11,0110,1,GS-15,Q,0110,10,F,1,1,176300,27.0
TR91,SL,202004,E,17,14,E,11,0110,1,GS-14,L,0110,10,F,1,1,129404,10.9
TR91,SD,202304,K,21,,H,11,0110,1,ES-**,T,0110,50,F,1,1,203700,25.4
TR91,SG,202101,H,21,,H,11,0110,1,EX-03,O,0110,46,F,2,1,158500,25.2
TR91,SL,202307,G,17,14,E,11,0110,1,GS-14,Q,0110,10,F,1,1,172075,14.4
TR91,SD,202101,J,22,,E,11,0110,1,SL-00,R,0110,10,F,1,1,181500,12.0
TR91,SC,202306,F,17,15,F,11,0110,1,GS-15,Q,0110,10,F,1,1,176458,18.6
TR91,SD,202004,I,21,,I,11,0110,1,ES-**,S,0110,50,F,1,1,192300,30.7
TR91,SL,202002,E,17,14,D,11,0110,1,GS-14,M,0110,10,F,1,1,133447,09.5
TR91,SL,202208,E,04,15,E,11,0110,1,GS-15,P,0110,10,F,1,1,168282,14.0
TR91,SA,202304,E,04,14,E,11,0110,1,GS-14,M,0110,15,F,1,1,136780,14.7
TR91,SC,202208,G,15,,F,11,0110,1,ES-**,R,0110,50,F,1,1,182850,18.4
TR91,SC,202108,E,13,14,E,11,0110,1,GS-14,M,0110,10,F,1,1,138866,10.8
TR91,SA,202307,H,21,15,E,11,0110,1,GS-15,R,0110,10,F,1,1,183500,12.4
TR91,SA,202109,D,13,,E,36,0110,1,OR-53,P,0110,10,F,1,1,166022,10.0
TR91,SC,202304,E,17,15,E,11,0110,1,GS-15,R,0110,10,F,1,1,181648,12.4
TR91,SC,202112,D,04,14,D,11,0110,1,GS-14,M,0110,38,F,1,1,134782,09.4
TR91,SA,202008,E,04,,D,11,0110,1,OR-51,N,0110,10,F,1,1,146337,07.9
TR91,SC,202107,D,17,15,D,11,0110,1,GS-15,N,0110,10,F,1,1,144128,08.8
TR91,SA,202003,E,17,,D,11,0110,1,OR-60,R,0110,10,F,1,1,184896,07.3
TR91,SC,202004,E,17,13,D,11,0110,1,GS-13,K,0110,10,F,1,1,112930,07.3
TR91,SL,202203,H,17,15,D,11,0110,1,GS-15,Q,0110,10,F,1,1,176300,09.1
TR91,SC,202010,E,17,15,D,11,0110,1,GS-15,P,0110,10,F,1,1,161730,07.6
TR91,SL,202207,E,17,15,D,11,0110,1,GS-15,O,0110,10,F,1,1,158383,09.3
TR91,SC,202011,E,21,14,D,11,0110,1,GS-14,O,0110,10,F,1,1,157709,07.5
TR91,SL,202012,D,17,14,D,11,0110,1,GS-14,L,0110,10,F,1,1,129404,08.3
TR91,SC,202205,E,17,15,D,11,0110,1,GS-15,P,0110,10,F,1,1,163333,08.4
TR91,SC,202004,E,17,13,D,11,0110,1,GS-13,J,0110,10,F,1,1,109508,05.7
TR91,SL,202208,E,17,15,D,11,0110,1,GS-15,O,0110,10,F,1,1,153434,08.3
TR91,SA,202004,E,21,,D,11,0110,1,OR-60,R,0110,10,F,1,1,185688,05.4
TR91,SA,202008,D,17,14,B,11,0110,1,GS-14,L,0110,15,F,1,1,121316,02.9
TR91,SL,202103,E,17,14,D,11,0110,1,GS-14,L,0110,10,F,1,1,126614,06.3
TR91,SC,202101,F,21,,D,11,0110,1,ES-**,N,0110,55,F,1,1,148400,06.2
TR91,SL,202110,E,17,14,D,11,0110,1,GS-14,M,0110,10,F,1,1,138866,06.9
TR91,SC,202306,D,13,13,B,11,0110,1,GS-13,M,0110,40,F,2,1,138150,01.9
TR91,SL,202309,E,17,14,D,11,0110,1,GS-14,O,0110,10,F,1,1,150016,07.7
TR91,SL,202309,C,13,14,D,11,0110,1,GS-14,M,0110,10,F,1,1,136780,07.1
TR91,SC,202011,D,21,15,C,11,0110,1,GS-15,O,0110,10,F,1,1,152215,04.2
TR91,SA,202105,D,08,14,C,11,0110,1,GS-14,L,0110,10,F,1,1,122530,04.4
TR91,SL,202209,F,04,14,D,11,0110,1,GS-14,M,0110,10,F,1,1,130441,05.4
TR91,SC,202205,H,21,,B,11,0110,1,ES-**,P,0110,55,F,1,1,165751,01.3
TR91,SC,202307,D,17,14,D,27,0110,1,GS-14,M,0110,10,F,1,1,134691,05.0
TR91,SA,202305,D,17,14,C,11,0110,1,GS-14,N,0110,10,F,1,1,141192,04.7
TR91,SC,202001,B,13,11,B,11,0110,1,GS-11,F,0110,40,F,2,1,069581,01.3
TR91,SA,202302,E,17,13,C,11,0110,1,GS-13,K,0110,10,F,1,1,119482,04.3
TR91,SA,202207,D,17,13,C,11,0110,1,GS-13,K,0110,10,F,1,1,110384,03.6
TR91,SL,202301,D,17,14,C,11,0110,1,GS-14,N,0110,10,F,1,1,145604,03.9
TR91,SC,202212,E,17,13,C,11,0110,1,GS-13,M,0110,10,F,1,1,138868,03.7
TR91,SA,202303,D,21,,C,11,0110,1,OR-60,T,0110,10,F,1,1,205526,03.8
TR91,SA,202210,D,21,,C,11,0110,1,OR-60,R,0110,10,F,1,1,185775,03.2
TR91,SC,202106,B,13,09,B,11,0110,1,GS-09,F,0110,40,F,2,1,060129,01.8
TR91,SC,202208,E,17,14,B,11,0110,1,GS-14,P,0110,15,F,1,1,164102,02.8
TR91,SC,202208,C,17,13,B,11,0110,1,GS-13,K,0110,15,F,1,1,110384,02.8
TR91,SC,202110,C,04,14,B,11,0110,1,GS-14,M,0110,15,F,1,1,134782,01.9
TR91,SC,202208,D,17,14,B,11,0110,1,GS-14,M,0110,15,F,1,1,130441,02.7
TR91,SC,202101,F,04,,A,11,0110,1,ES-**,O,0110,55,F,1,1,150000,00.9
TR91,SC,202208,D,04,13,B,11,0110,1,GS-13,K,0110,15,F,1,1,110384,02.3
TR91,SC,202112,D,04,13,B,11,0110,1,GS-13,J,0110,15,F,1,1,103690,01.4
TR91,SA,202208,D,21,,B,11,0110,1,OR-53,P,0110,15,F,1,1,163757,01.9
TR91,SC,202306,C,13,11,B,11,0110,1,GS-11,G,0110,40,F,2,1,078592,02.7
TR91,SL,202308,E,04,13,B,11,0110,1,GS-13,L,0110,15,F,1,1,123216,02.3
TR91,SA,202104,F,17,13,A,11,0110,1,GS-13,M,0110,15,F,1,1,134798,00.3
TR91,SC,202210,H,21,,B,11,0110,1,ES-**,P,0110,55,F,1,1,165751,01.6
TR91,SC,202109,D,17,11,A,11,0110,1,GS-11,G,0110,15,F,1,1,072750,00.3
TR91,SJ,202207,C,13,09,B,11,0110,1,GS-09,F,0110,40,F,2,1,061947,01.0
TR91,SC,202308,C,13,,B,11,0110,1,OR-51,J,0110,40,F,2,1,104386,01.8
TR91,SC,202208,F,21,15,A,11,0110,1,GS-15,Q,0110,15,F,1,1,176300,00.6
TR91,SC,202306,E,21,,B,11,0110,1,OR-60,T,0110,15,F,1,1,207906,01.1
TR91,SC,202308,D,13,,B,42,0110,1,OR-53,O,0110,15,F,1,1,156083,01.1
TR91,SC,202306,D,13,13,A,11,0110,1,GS-13,N,0110,40,F,2,1,145617,00.7
TR91,SC,202010,E,17,,E,11,0110,1,OR-60,R,0110,10,F,1,1,184851,14.4
TR93,SC,202112,G,17,13,G,11,0110,1,GS-13,L,0110,10,F,1,1,120972,20.1
TR93,SD,202112,J,17,13,G,36,0110,1,GS-13,M,0110,10,F,1,1,138413,22.3
TR93,SD,201912,K,04,14,G,06,0110,1,GS-14,P,0110,10,F,1,1,161106,23.7
TR93,SD,201910,K,21,14,H,06,0110,1,GS-14,N,0110,10,F,1,1,146941,28.7
TR93,SD,202012,I,17,14,I,11,0110,1,GS-14,O,0110,10,F,1,1,157709,34.6
TR93,SD,202107,K,21,14,F,48,0110,1,GS-14,N,0110,10,F,1,1,140836,16.2
TR93,SD,202008,K,21,14,H,11,0110,1,GS-14,O,0110,10,F,1,1,157709,28.7
TR93,SD,201912,K,17,,H,06,0110,1,IR-FM,O,0110,10,F,1,1,154885,25.3
TR93,SD,201912,J,18,13,H,26,0110,1,GS-13,L,0110,10,F,1,1,126418,28.3
TR93,SD,202106,K,21,14,G,17,0110,1,GS-14,O,0110,10,F,1,1,156979,20.7
TR93,SD,202210,K,17,,I,11,0110,1,IR-SM,Q,0110,10,F,1,1,176300,33.3
TR93,SD,202209,I,17,15,I,11,0110,1,GS-15,Q,0110,10,F,1,1,176300,30.0
TR93,SD,202206,I,17,15,I,11,0110,1,GS-15,Q,0110,10,F,1,1,176300,30.2
TR93,SD,202204,I,21,14,F,06,0110,1,GS-14,P,0110,10,F,1,1,164389,15.6
TR93,SC,202207,F,17,13,F,48,0110,1,GS-13,K,0110,10,F,1,1,118996,16.0
TR93,SC,202112,E,17,14,F,12,0110,1,GS-14,M,0110,10,F,1,1,139180,16.3
TR93,SD,202307,J,17,,J,51,0110,1,IR-SM,R,0110,10,F,1,1,183500,36.2
TR93,SD,202112,J,17,14,I,54,0110,1,GS-14,O,0110,10,F,1,1,159286,30.6
TR93,SD,202001,J,17,13,J,36,0110,1,GS-13,M,0110,10,F,1,1,132649,42.7
TR93,SD,201910,J,17,14,H,26,0110,1,GS-14,N,0110,10,F,1,1,141733,28.2
TR93,SD,202107,J,17,13,E,48,0110,1,GS-13,M,0110,10,F,1,1,137732,13.8
TR93,SD,202012,J,17,,G,06,0110,1,IR-FM,Q,0110,10,F,1,1,170800,22.5
TR93,SC,202003,D,17,13,D,17,0110,1,GS-13,J,0110,15,F,1,1,104549,09.2
TR93,SD,202202,K,21,14,E,40,0110,1,GS-14,M,0110,10,F,1,1,130107,12.7
TR93,SA,202008,E,17,,E,11,0110,1,IR-FM,M,0110,10,F,1,1,133000,10.9
TR93,SC,202303,F,17,13,E,55,0110,1,GS-13,L,0110,10,F,1,1,124666,13.6
TR93,SA,202306,E,04,13,E,06,0110,1,GS-13,M,0110,10,F,1,1,138122,12.1
TR93,SD,202107,K,18,14,E,42,0110,1,GS-14,O,0110,10,F,1,1,153866,11.3
TR93,SD,202209,K,21,14,F,06,0110,1,GS-14,P,0110,10,F,1,1,168956,19.3
TR93,SC,202304,H,13,13,E,06,0110,1,GS-13,N,0110,10,F,1,1,146246,10.7
TR93,SD,202112,J,17,13,E,42,0110,1,GS-13,L,0110,10,F,1,1,120194,12.0
TR93,SA,202101,D,13,13,D,11,0110,1,GS-13,K,0110,10,F,1,1,110603,08.1
TR93,SC,202201,E,04,12,C,11,0110,1,GS-12,I,0110,15,F,1,1,092829,04.9
TR93,SC,202301,D,04,11,D,48,0110,1,GS-11,G,0110,10,F,1,1,070827,07.3
TR93,SC,202110,D,17,13,D,11,0110,1,GS-13,K,0110,10,F,1,1,110603,07.0
TR93,SA,202008,C,17,13,D,11,0110,1,GS-13,J,0110,10,F,1,1,106085,05.4
TR93,SA,202006,D,04,11,C,11,0110,1,GS-11,G,0110,15,F,1,1,072030,03.3
TR93,SC,202007,D,13,13,C,11,0110,1,GS-13,J,0110,10,F,1,1,109508,03.9
TR93,SC,202109,E,04,14,D,11,0110,1,GS-14,L,0110,10,F,1,1,122530,05.0
TR93,SC,202301,D,17,11,B,11,0110,1,GS-11,G,0110,15,F,1,1,078592,01.8
TR93,SD,202201,K,17,14,H,06,0110,1,GS-14,P,0110,10,F,1,1,162423,27.3
TR93,SC,202002,F,04,13,A,11,0110,1,GS-13,J,0110,15,F,1,1,102663,00.9
TR93,SC,202206,D,04,12,B,11,0110,1,GS-12,I,0110,15,F,1,1,092829,02.6
TR93,SA,202304,H,04,14,C,25,0110,1,GS-14,M,0110,10,F,1,1,135293,03.4
TR93,SC,202104,D,04,13,B,25,0110,1,GS-13,J,0110,15,F,1,1,106021,01.4
TR93,SA,202306,J,04,13,A,11,0110,1,GS-13,K,0110,15,F,1,1,112015,00.8
TR93,SJ,202108,C,17,07,B,13,0110,1,GS-07,D,0110,35,F,1,1,046023,01.3
TR93,SC,202108,G,04,13,B,42,0110,1,GS-13,J,0110,15,F,1,1,103500,01.1
TR93,SC,202106,E,04,13,A,06,0110,1,GS-13,M,0110,15,F,1,1,136791,00.8
TR93,SC,202212,B,17,09,A,49,0110,1,GS-09,E,0110,35,F,1,1,054727,00.1
TR93,SA,202107,E,04,13,A,11,0110,1,GS-13,J,0110,15,F,1,1,103690,00.8
TR93,SA,202307,D,13,07,A,11,0110,1,GS-07,E,0110,20,F,2,1,053105,00.2
TRAJ,SD,202011,K,21,,F,11,0110,1,NB-06,T,0110,10,P,2,1,216416,17.3
TRAJ,SD,202008,K,21,,H,11,0110,1,NB-07,W,0110,10,F,1,1,270300,29.9
TRAJ,SD,202006,J,21,,G,11,0110,1,NB-09,Z,0110,10,F,1,1,,21.1
TRAJ,SA,202007,G,21,,E,11,0110,1,NB-06,S,0110,10,F,1,1,198839,13.3
TRAJ,SD,202008,J,17,,H,06,0110,1,NB-06,V,0110,10,F,1,1,244026,28.8
TRAJ,SD,202007,J,17,,I,11,0110,1,NB-07,W,0110,10,F,1,1,270300,32.6
TRAJ,SL,202108,F,17,,E,11,0110,1,NB-07,W,0110,10,F,1,1,267901,13.9
TRAJ,SA,202010,G,17,,F,11,0110,1,NB-04,I,0110,10,F,1,1,091680,15.0
TRAJ,SC,202210,J,13,,E,11,0110,1,NB-06,U,0110,10,F,1,1,223363,12.3
TRAJ,SC,201912,E,21,,C,11,0110,1,NB-06,Q,0110,10,I,2,1,171640,04.2
TRAJ,SC,202303,E,17,,D,11,0110,1,NB-06,U,0110,10,F,1,1,236277,07.7
TRAJ,SA,202212,E,13,,D,11,0110,1,NB-06,R,0110,10,F,1,1,189626,05.4
TRAJ,SA,202109,D,21,,C,11,0110,1,NB-05,P,0110,10,F,1,1,167609,03.0
TRAJ,SC,202103,J,04,,A,11,0110,1,NB-09,Z,0110,15,F,1,1,,00.6
TRAJ,SA,202208,D,21,,B,11,0110,1,NB-05,Q,0110,15,F,1,1,170847,01.2
TRFD,SA,201910,D,04,14,E,11,0110,1,GS-14,M,0110,10,F,1,1,136725,11.0
TW00,SD,202306,J,17,,G,11,0110,1,ES-**,T,0110,50,F,1,1,212100,23.6
TW00,SA,202208,E,17,14,E,11,0110,1,GS-14,N,0110,10,F,1,1,147272,12.8
TW00,SC,202208,D,17,14,A,11,0110,1,GS-14,O,0110,15,F,1,1,151479,00.3
VAAA,SC,202012,C,17,13,A,11,0110,1,GS-13,J,0110,15,F,1,1,102663,00.9
VATA,SD,202001,K,21,15,E,44,0110,1,GS-15,P,0110,10,F,1,1,166500,10.9
